#VRML V2.0 utf8

Shape {
  appearance Appearance {
    material Material {
      diffuseColor 0.8510 0.8510 0.8510
      specularColor 0.4235 0.4235 0.4235
      ambientIntensity 0.2
      transparency 0.0000
      shininess 0.5
    }
  }
  geometry IndexedFaceSet {
    ccw TRUE
    solid FALSE
    coord DEF co Coordinate {
      point [
        1.399606 1.261811 0.118110,
        1.399606 0.849293 0.118110,
        1.281496 1.261811 0.118110,
        1.281496 0.849293 0.118110,
        1.190665 -0.314961 1.901295,
        1.198819 -0.314961 1.895038,
        1.179134 -0.314961 0.669291,
        -1.180475 -0.314961 0.679481,
        1.179134 -0.314961 0.236220,
        -1.179134 -0.314961 0.669291,
        -1.179134 -0.314961 0.236220,
        -1.184409 -0.314961 1.909449,
        -1.180475 -0.314961 1.918944,
        1.198819 -0.314961 0.703387,
        1.190665 -0.314961 0.697130,
        -1.184409 -0.314961 0.688976,
        -1.190665 -0.314961 0.697130,
        -1.198819 -0.314961 1.895038,
        -1.198819 -0.314961 0.703387,
        -1.208314 -0.314961 0.707320,
        -1.190665 -0.314961 1.901295,
        -1.179134 -0.314961 1.929134,
        -1.179134 -0.314961 2.755906,
        1.179134 -0.314961 2.755906,
        1.208314 -0.314961 0.707320,
        1.184409 -0.314961 0.688976,
        1.180475 -0.314961 0.679481,
        1.179134 -0.314961 1.929134,
        1.180475 -0.314961 1.918944,
        1.184409 -0.314961 1.909449,
        -1.242126 -0.314961 0.708661,
        -1.242126 -0.314961 1.889764,
        -1.218504 -0.314961 0.708661,
        -1.218504 -0.314961 1.889764,
        -1.208314 -0.314961 1.891106,
        1.218504 -0.314961 1.889764,
        1.242126 -0.314961 1.889764,
        1.242126 -0.314961 0.708661,
        1.208314 -0.314961 1.891106,
        1.218504 -0.314961 0.708661,
        -1.281496 1.261811 0.118110,
        -1.281496 0.849293 0.118110,
        -1.399606 1.261811 0.118110,
        -1.399606 0.849293 0.118110,
        -1.179134 -0.433071 2.755906,
        1.179134 -0.433071 2.755906,
        -1.179134 -0.433071 1.929134,
        -0.435415 0.937008 1.889764,
        -0.435415 1.055118 1.889764,
        -1.242126 0.937008 1.889764,
        -1.281496 1.055118 1.889764,
        -1.252316 0.935666 1.889764,
        -1.312065 1.051094 1.889764,
        -1.261811 0.931733 1.889764,
        -1.340551 1.039294 1.889764,
        -1.269965 0.925477 1.889764,
        -1.365013 1.020524 1.889764,
        -1.276222 0.917323 1.889764,
        -1.281496 -0.433071 1.889764,
        -1.218504 -0.433071 1.889764,
        -1.399606 0.937008 1.889764,
        -1.280155 0.907828 1.889764,
        -1.395582 0.967577 1.889764,
        -1.383783 0.996063 1.889764,
        -1.252316 -0.313619 1.889764,
        -1.312065 -0.429046 1.889764,
        -1.261811 -0.309686 1.889764,
        -1.340551 -0.417247 1.889764,
        -1.365013 -0.398477 1.889764,
        -1.269965 -0.303430 1.889764,
        -1.383783 -0.374016 1.889764,
        -1.276222 -0.295276 1.889764,
        -1.395582 -0.345530 1.889764,
        -1.280155 -0.285780 1.889764,
        -1.399606 -0.314961 1.889764,
        -1.281496 -0.275591 1.889764,
        -1.281496 0.897638 1.889764,
        -1.399606 1.804279 0.083517,
        -1.399606 1.785509 0.059055,
        -1.399606 1.375897 0.030569,
        -1.399606 0.996063 1.059131,
        -1.399606 1.024549 1.047331,
        -1.399606 0.158353 0.621120,
        -1.399606 0.937008 1.574803,
        -1.399606 0.127783 0.674068,
        -1.399606 1.769685 -0.000000,
        -1.399606 1.769685 -0.196850,
        -1.399606 1.379921 -0.196850,
        -1.399606 0.162377 0.590551,
        -1.399606 0.765777 0.083517,
        -1.399606 0.790238 0.102287,
        -1.399606 0.818724 0.114086,
        -1.399606 2.173228 0.236220,
        -1.399606 1.857226 0.114086,
        -1.399606 1.828740 0.102287,
        -1.399606 1.773709 0.030569,
        -1.399606 1.379921 -0.000000,
        -1.399606 2.173228 0.700992,
        -1.399606 1.364098 0.059055,
        -1.399606 2.169204 0.731561,
        -1.399606 1.345328 0.083517,
        -1.399606 2.157404 0.760047,
        -1.399606 0.103322 0.692838,
        -1.399606 0.074836 0.704637,
        -1.399606 0.044267 0.708661,
        -1.399606 -0.314961 0.708661,
        -1.399606 1.861482 1.039283,
        -1.399606 1.889968 1.027483,
        -1.399606 1.320866 0.102287,
        -1.399606 1.914430 1.008713,
        -1.399606 2.138635 0.784508,
        -1.399606 0.937008 1.161417,
        -1.399606 0.941032 1.130848,
        -1.399606 0.146554 0.649606,
        -1.399606 0.952831 1.102362,
        -1.399606 0.971602 1.077901,
        -1.399606 2.114173 0.133934,
        -1.399606 2.169204 0.205651,
        -1.399606 2.138635 0.152704,
        -1.399606 2.157404 0.177165,
        -1.399606 2.085687 0.122135,
        -1.399606 2.055118 0.118110,
        -1.399606 1.887795 0.118110,
        -1.399606 0.142472 0.473780,
        -1.399606 0.716854 0.034594,
        -1.399606 1.830913 1.043307,
        -1.399606 1.292380 0.114086,
        -1.399606 1.055118 1.043307,
        -1.399606 0.153387 0.494200,
        -1.399606 0.160108 0.516356,
        -1.399606 0.162377 0.539398,
        -1.399606 0.633337 -0.000000,
        -1.399606 -0.158821 0.120354,
        -1.399606 -0.156552 0.143396,
        -1.399606 0.692393 0.015824,
        -1.399606 0.663907 0.004024,
        -1.399606 0.127783 0.455882,
        -1.399606 -0.124227 0.203871,
        -1.399606 -0.158821 0.118110,
        -1.399606 -0.040711 -0.000000,
        -1.399606 -0.071280 0.004024,
        -1.399606 -0.149830 0.165553,
        -1.399606 -0.138916 0.185973,
        -1.399606 -0.142997 0.059055,
        -1.399606 -0.154796 0.087541,
        -1.399606 -0.124227 0.034594,
        -1.399606 -0.099766 0.015824,
        -1.281496 0.044267 0.708661,
        -1.281496 -0.275591 0.708661,
        -1.280155 -0.285780 0.708661,
        -1.395582 -0.345530 0.708661,
        -1.276222 -0.295276 0.708661,
        -1.218504 -0.433071 0.708661,
        -1.281496 -0.433071 0.708661,
        -1.252316 -0.313619 0.708661,
        -1.312065 -0.429046 0.708661,
        -1.261811 -0.309686 0.708661,
        -1.340551 -0.417247 0.708661,
        -1.269965 -0.303430 0.708661,
        -1.365013 -0.398477 0.708661,
        -1.383783 -0.374016 0.708661,
        -1.179134 -0.433071 0.669291,
        -1.179134 -0.433071 0.236220,
        1.179134 -0.433071 0.236220,
        1.179134 -0.433071 0.669291,
        1.281496 -0.433071 0.708661,
        1.218504 -0.433071 0.708661,
        1.281496 0.044267 0.708661,
        1.399606 0.044267 0.708661,
        1.281496 -0.275591 0.708661,
        1.399606 -0.314961 0.708661,
        1.280155 -0.285780 0.708661,
        1.395582 -0.345530 0.708661,
        1.276222 -0.295276 0.708661,
        1.383783 -0.374016 0.708661,
        1.269965 -0.303430 0.708661,
        1.365013 -0.398477 0.708661,
        1.261811 -0.309686 0.708661,
        1.252316 -0.313619 0.708661,
        1.312065 -0.429046 0.708661,
        1.340551 -0.417247 0.708661,
        1.399606 1.345328 0.083517,
        1.399606 1.364098 0.059055,
        1.399606 1.804279 0.083517,
        1.399606 1.375897 0.030569,
        1.399606 1.785509 0.059055,
        1.399606 1.024549 1.047331,
        1.399606 1.055118 1.043307,
        1.399606 1.828740 0.102287,
        1.399606 1.830913 1.043307,
        1.399606 1.857226 0.114086,
        1.399606 1.887795 0.118110,
        1.399606 -0.314961 1.889764,
        1.399606 0.818724 0.114086,
        1.399606 1.292380 0.114086,
        1.399606 1.320866 0.102287,
        1.399606 2.169204 0.731561,
        1.399606 2.157404 0.760047,
        1.399606 2.138635 0.784508,
        1.399606 0.996063 1.059131,
        1.399606 0.971602 1.077901,
        1.399606 0.952831 1.102362,
        1.399606 0.941032 1.130848,
        1.399606 0.937008 1.161417,
        1.399606 0.937008 1.574803,
        1.399606 0.937008 1.889764,
        1.399606 -0.040711 -0.000000,
        1.399606 0.633337 -0.000000,
        1.399606 -0.158821 0.118110,
        1.399606 1.379921 -0.196850,
        1.399606 1.769685 -0.196850,
        1.399606 1.379921 -0.000000,
        1.399606 1.769685 -0.000000,
        1.399606 1.773709 0.030569,
        1.399606 1.914430 1.008713,
        1.399606 2.055118 0.118110,
        1.399606 1.889968 1.027483,
        1.399606 1.861482 1.039283,
        1.399606 0.074836 0.704637,
        1.399606 0.103322 0.692838,
        1.399606 0.127783 0.674068,
        1.399606 0.146554 0.649606,
        1.399606 0.158353 0.621120,
        1.399606 0.790238 0.102287,
        1.399606 0.162377 0.590551,
        1.399606 0.162377 0.539398,
        1.399606 0.692393 0.015824,
        1.399606 0.716854 0.034594,
        1.399606 0.142472 0.473780,
        1.399606 0.765777 0.083517,
        1.399606 0.153387 0.494200,
        1.399606 0.160108 0.516356,
        1.399606 2.085687 0.122135,
        1.399606 2.169204 0.205651,
        1.399606 2.173228 0.236220,
        1.399606 2.173228 0.700992,
        1.399606 2.114173 0.133934,
        1.399606 2.138635 0.152704,
        1.399606 2.157404 0.177165,
        1.399606 0.127783 0.455882,
        1.399606 0.663907 0.004024,
        1.399606 -0.124227 0.203871,
        1.399606 -0.138916 0.185973,
        1.399606 -0.149830 0.165553,
        1.399606 -0.156552 0.143396,
        1.399606 -0.158821 0.120354,
        1.399606 -0.124227 0.034594,
        1.399606 -0.142997 0.059055,
        1.399606 -0.154796 0.087541,
        1.399606 -0.099766 0.015824,
        1.399606 -0.071280 0.004024,
        1.281496 1.055118 1.889764,
        0.435415 1.055118 1.889764,
        0.435415 0.937008 1.889764,
        1.242126 0.937008 1.889764,
        1.252316 0.935666 1.889764,
        1.312065 1.051094 1.889764,
        1.261811 0.931733 1.889764,
        1.340551 1.039294 1.889764,
        1.365013 1.020524 1.889764,
        1.269965 0.925477 1.889764,
        1.383783 0.996063 1.889764,
        1.276222 0.917323 1.889764,
        1.395582 0.967577 1.889764,
        1.280155 0.907828 1.889764,
        1.281496 0.897638 1.889764,
        1.281496 -0.275591 1.889764,
        1.280155 -0.285780 1.889764,
        1.395582 -0.345530 1.889764,
        1.276222 -0.295276 1.889764,
        1.218504 -0.433071 1.889764,
        1.281496 -0.433071 1.889764,
        1.252316 -0.313619 1.889764,
        1.312065 -0.429046 1.889764,
        1.261811 -0.309686 1.889764,
        1.340551 -0.417247 1.889764,
        1.269965 -0.303430 1.889764,
        1.365013 -0.398477 1.889764,
        1.383783 -0.374016 1.889764,
        1.179134 -0.433071 1.929134,
        1.184409 -0.433071 1.909449,
        1.180475 -0.433071 1.918944,
        -1.184409 -0.433071 0.688976,
        -1.180475 -0.433071 0.679481,
        -1.198819 -0.433071 1.895038,
        -1.190665 -0.433071 1.901295,
        1.180475 -0.433071 0.679481,
        1.184409 -0.433071 0.688976,
        1.198819 -0.433071 1.895038,
        1.190665 -0.433071 0.697130,
        1.198819 -0.433071 0.703387,
        1.208314 -0.433071 0.707320,
        1.190665 -0.433071 1.901295,
        -1.208314 -0.433071 0.707320,
        -1.198819 -0.433071 0.703387,
        -1.190665 -0.433071 0.697130,
        -1.180475 -0.433071 1.918944,
        -1.184409 -0.433071 1.909449,
        1.208314 -0.433071 1.891106,
        -1.208314 -0.433071 1.891106,
        -1.281496 0.162377 0.590551,
        -1.281496 0.162377 0.539398,
        -1.281496 0.127783 0.455882,
        -1.281496 -0.124227 0.203871,
        -1.281496 -0.158821 0.120354,
        -1.281496 -0.158821 0.118110,
        -1.281496 -0.040711 -0.000000,
        -1.281496 0.633337 -0.000000,
        -1.281496 0.716854 0.034594,
        -1.281496 0.765777 0.083517,
        -1.281496 1.887795 0.118110,
        -1.281496 2.055118 0.118110,
        -1.281496 2.173228 0.236220,
        -1.281496 2.173228 0.700992,
        -1.281496 2.138635 0.784508,
        -1.281496 1.914430 1.008713,
        -1.281496 1.055118 1.043307,
        -1.281496 1.830913 1.043307,
        -1.281496 0.937008 1.161417,
        -1.281496 0.937008 1.574803,
        -1.269965 0.925477 1.574803,
        -1.261811 0.931733 1.574803,
        -1.252316 0.935666 1.574803,
        -1.276222 0.917323 1.574803,
        -1.280155 0.907828 1.574803,
        -1.281496 0.897638 1.574803,
        -1.395582 0.967577 1.574803,
        -1.242126 0.937008 1.574803,
        -0.435415 1.055118 1.574803,
        -0.435415 0.937008 1.574803,
        -1.383783 0.996063 1.574803,
        -1.365013 1.020524 1.574803,
        -1.340551 1.039294 1.574803,
        -1.312065 1.051094 1.574803,
        -1.281496 1.055118 1.574803,
        -0.397387 1.055118 1.603983,
        -0.401320 1.055118 1.594488,
        -0.401320 1.055118 1.870079,
        -0.425225 1.055118 1.888422,
        -0.407576 1.055118 1.878232,
        -0.415730 1.055118 1.884489,
        -0.397387 1.055118 1.860583,
        -0.396045 1.055118 1.850394,
        -0.396045 1.055118 1.614173,
        -0.407576 1.055118 1.586334,
        -0.415730 1.055118 1.580078,
        -0.425225 1.055118 1.576144,
        -1.281496 1.024549 1.047331,
        -1.281496 0.790238 0.102287,
        -1.281496 0.941032 1.130848,
        -1.281496 0.074836 0.704637,
        -1.281496 1.785509 0.059055,
        -1.281496 1.804279 0.083517,
        -1.281496 1.375897 0.030569,
        -1.281496 1.828740 0.102287,
        -1.281496 1.857226 0.114086,
        -1.281496 2.169204 0.205651,
        -1.281496 1.364098 0.059055,
        -1.281496 1.345328 0.083517,
        -1.281496 2.169204 0.731561,
        -1.281496 0.103322 0.692838,
        -1.281496 0.127783 0.674068,
        -1.281496 0.952831 1.102362,
        -1.281496 0.146554 0.649606,
        -1.281496 0.971602 1.077901,
        -1.281496 0.158353 0.621120,
        -1.281496 0.996063 1.059131,
        -1.281496 0.692393 0.015824,
        -1.281496 0.142472 0.473780,
        -1.281496 0.153387 0.494200,
        -1.281496 1.379921 -0.196850,
        -1.281496 1.769685 -0.196850,
        -1.281496 1.379921 -0.000000,
        -1.281496 1.769685 -0.000000,
        -1.281496 1.773709 0.030569,
        -1.281496 2.157404 0.760047,
        -1.281496 1.320866 0.102287,
        -1.281496 0.818724 0.114086,
        -1.281496 1.292380 0.114086,
        -1.281496 1.861482 1.039283,
        -1.281496 1.889968 1.027483,
        -1.281496 2.085687 0.122135,
        -1.281496 2.114173 0.133934,
        -1.281496 2.157404 0.177165,
        -1.281496 2.138635 0.152704,
        -1.281496 0.160108 0.516356,
        -1.281496 -0.138916 0.185973,
        -1.281496 0.663907 0.004024,
        -1.281496 -0.149830 0.165553,
        -1.281496 -0.156552 0.143396,
        -1.281496 -0.142997 0.059055,
        -1.281496 -0.124227 0.034594,
        -1.281496 -0.099766 0.015824,
        -1.281496 -0.154796 0.087541,
        -1.281496 -0.071280 0.004024,
        -1.399606 1.498031 -1.377953,
        -1.399606 1.651575 -1.377953,
        -1.281496 1.498031 -1.377953,
        -1.281496 1.651575 -1.377953,
        -1.349894 1.379921 -0.412456,
        -1.349894 1.769685 -0.412456,
        -1.312434 1.769685 -0.345797,
        -1.312434 1.379921 -0.345797,
        -1.289312 1.769685 -0.272913,
        -1.289312 1.379921 -0.272913,
        -1.446405 1.379921 -0.344370,
        -1.420774 1.379921 -0.298761,
        -1.404954 1.379921 -0.248894,
        -1.404954 1.769685 -0.248894,
        -1.420774 1.769685 -0.298761,
        -1.446405 1.769685 -0.344370,
        -1.540719 1.769685 -0.682946,
        -1.540719 1.379921 -0.682946,
        -1.637229 1.379921 -0.614860,
        -1.637229 1.769685 -0.614860,
        -1.549828 1.769685 -0.699963,
        -1.549828 1.379921 -0.699963,
        -1.554524 1.769685 -0.718685,
        -1.554524 1.379921 -0.718685,
        -1.554524 1.769685 -0.737988,
        -1.554524 1.379921 -0.737988,
        -1.549828 1.769685 -0.756710,
        -1.549828 1.379921 -0.756710,
        -1.540719 1.769685 -0.773727,
        -1.540719 1.379921 -0.773727,
        -1.660004 1.379921 -0.657403,
        -1.671744 1.379921 -0.704209,
        -1.671744 1.379921 -0.752465,
        -1.660004 1.379921 -0.799270,
        -1.637229 1.379921 -0.841813,
        -1.637229 1.769685 -0.841813,
        -1.660004 1.769685 -0.799270,
        -1.671744 1.769685 -0.752465,
        -1.671744 1.769685 -0.704209,
        -1.660004 1.769685 -0.657403,
        -1.349894 1.769685 -1.044217,
        -1.349894 1.379921 -1.044217,
        -1.446405 1.379921 -1.112304,
        -1.446405 1.769685 -1.112304,
        -1.281496 1.379921 -1.259823,
        -1.281496 1.769685 -1.259823,
        -1.289312 1.769685 -1.183760,
        -1.289312 1.379921 -1.183760,
        -1.312434 1.769685 -1.110876,
        -1.312434 1.379921 -1.110876,
        -1.399606 1.379921 -1.259823,
        -1.404954 1.379921 -1.207780,
        -1.420774 1.379921 -1.157912,
        -1.420774 1.769685 -1.157912,
        -1.404954 1.769685 -1.207780,
        -1.399606 1.769685 -1.259823,
        -1.281496 1.379921 -1.259843,
        -1.281496 1.769685 -1.259843,
        -1.281496 1.765661 -1.290412,
        -1.281496 1.414515 -1.343359,
        -1.281496 1.395745 -1.318898,
        -1.281496 1.383946 -1.290412,
        -1.281496 1.438976 -1.362129,
        -1.281496 1.467462 -1.373928,
        -1.281496 1.682144 -1.373928,
        -1.281496 1.710630 -1.362129,
        -1.281496 1.753861 -1.318898,
        -1.281496 1.735091 -1.343359,
        -1.399606 1.379921 -1.259843,
        -1.399606 1.682144 -1.373928,
        -1.399606 1.765661 -1.290412,
        -1.399606 1.769685 -1.259843,
        -1.399606 1.467462 -1.373928,
        -1.399606 1.438976 -1.362129,
        -1.399606 1.414515 -1.343359,
        -1.399606 1.395745 -1.318898,
        -1.399606 1.383946 -1.290412,
        -1.399606 1.710630 -1.362129,
        -1.399606 1.753861 -1.318898,
        -1.399606 1.735091 -1.343359,
        -0.396045 0.937008 1.850394,
        -0.396045 0.937008 1.614173,
        -0.425225 0.937008 1.576144,
        -0.415730 0.937008 1.580078,
        -0.407576 0.937008 1.586334,
        -0.401320 0.937008 1.594488,
        -0.397387 0.937008 1.603983,
        -0.425225 0.937008 1.888422,
        -0.397387 0.937008 1.860583,
        -0.401320 0.937008 1.870079,
        -0.407576 0.937008 1.878232,
        -0.415730 0.937008 1.884489,
        1.281496 1.055118 1.574803,
        0.396045 1.055118 1.614173,
        0.396045 1.055118 1.850394,
        0.435415 1.055118 1.574803,
        0.425225 1.055118 1.576144,
        0.397387 1.055118 1.603983,
        0.407576 1.055118 1.878232,
        0.401320 1.055118 1.870079,
        0.397387 1.055118 1.860583,
        0.415730 1.055118 1.884489,
        0.425225 1.055118 1.888422,
        0.415730 1.055118 1.580078,
        0.407576 1.055118 1.586334,
        0.401320 1.055118 1.594488,
        1.242126 0.937008 1.574803,
        0.435415 0.937008 1.574803,
        1.281496 0.937008 1.574803,
        1.395582 0.967577 1.574803,
        1.383783 0.996063 1.574803,
        1.281496 0.897638 1.574803,
        1.280155 0.907828 1.574803,
        1.276222 0.917323 1.574803,
        1.269965 0.925477 1.574803,
        1.312065 1.051094 1.574803,
        1.340551 1.039294 1.574803,
        1.365013 1.020524 1.574803,
        1.261811 0.931733 1.574803,
        1.252316 0.935666 1.574803,
        1.281496 0.937008 1.161417,
        1.281496 1.055118 1.043307,
        1.281496 1.830913 1.043307,
        1.281496 2.138635 0.784508,
        1.281496 1.914430 1.008713,
        1.281496 2.173228 0.236220,
        1.281496 2.173228 0.700992,
        1.281496 1.887795 0.118110,
        1.281496 2.055118 0.118110,
        1.281496 0.716854 0.034594,
        1.281496 0.765777 0.083517,
        1.281496 -0.040711 -0.000000,
        1.281496 0.633337 -0.000000,
        1.281496 -0.158821 0.120354,
        1.281496 -0.158821 0.118110,
        1.281496 0.127783 0.455882,
        1.281496 -0.124227 0.203871,
        1.281496 0.162377 0.590551,
        1.281496 0.162377 0.539398,
        1.281496 1.375897 0.030569,
        1.281496 1.804279 0.083517,
        1.281496 1.785509 0.059055,
        1.281496 0.996063 1.059131,
        1.281496 1.024549 1.047331,
        1.281496 0.158353 0.621120,
        1.281496 1.857226 0.114086,
        1.281496 1.828740 0.102287,
        1.281496 0.127783 0.674068,
        1.281496 0.103322 0.692838,
        1.281496 0.074836 0.704637,
        1.281496 1.769685 -0.000000,
        1.281496 1.769685 -0.196850,
        1.281496 1.379921 -0.196850,
        1.281496 1.364098 0.059055,
        1.281496 2.169204 0.731561,
        1.281496 1.345328 0.083517,
        1.281496 2.157404 0.760047,
        1.281496 1.861482 1.039283,
        1.281496 1.889968 1.027483,
        1.281496 1.320866 0.102287,
        1.281496 0.790238 0.102287,
        1.281496 0.818724 0.114086,
        1.281496 1.773709 0.030569,
        1.281496 1.379921 -0.000000,
        1.281496 2.138635 0.152704,
        1.281496 2.114173 0.133934,
        1.281496 2.157404 0.177165,
        1.281496 2.169204 0.205651,
        1.281496 2.085687 0.122135,
        1.281496 0.941032 1.130848,
        1.281496 0.146554 0.649606,
        1.281496 0.952831 1.102362,
        1.281496 0.971602 1.077901,
        1.281496 0.142472 0.473780,
        1.281496 0.153387 0.494200,
        1.281496 0.160108 0.516356,
        1.281496 1.292380 0.114086,
        1.281496 -0.071280 0.004024,
        1.281496 -0.156552 0.143396,
        1.281496 0.663907 0.004024,
        1.281496 0.692393 0.015824,
        1.281496 -0.149830 0.165553,
        1.281496 -0.138916 0.185973,
        1.281496 -0.099766 0.015824,
        1.281496 -0.124227 0.034594,
        1.281496 -0.154796 0.087541,
        1.281496 -0.142997 0.059055,
        1.281496 1.498031 -1.377953,
        1.281496 1.651575 -1.377953,
        1.399606 1.498031 -1.377953,
        1.399606 1.651575 -1.377953,
        1.404954 1.769685 -0.248894,
        1.404954 1.379921 -0.248894,
        1.420774 1.769685 -0.298761,
        1.420774 1.379921 -0.298761,
        1.446405 1.769685 -0.344370,
        1.446405 1.379921 -0.344370,
        1.289312 1.379921 -0.272913,
        1.312434 1.379921 -0.345797,
        1.349894 1.379921 -0.412456,
        1.349894 1.769685 -0.412456,
        1.312434 1.769685 -0.345797,
        1.289312 1.769685 -0.272913,
        1.637229 1.769685 -0.614860,
        1.637229 1.379921 -0.614860,
        1.540719 1.379921 -0.682946,
        1.540719 1.769685 -0.682946,
        1.637229 1.379921 -0.841813,
        1.637229 1.769685 -0.841813,
        1.660004 1.769685 -0.799270,
        1.660004 1.379921 -0.799270,
        1.671744 1.769685 -0.752465,
        1.671744 1.379921 -0.752465,
        1.671744 1.769685 -0.704209,
        1.671744 1.379921 -0.704209,
        1.660004 1.769685 -0.657403,
        1.660004 1.379921 -0.657403,
        1.540719 1.379921 -0.773727,
        1.549828 1.379921 -0.756710,
        1.554524 1.379921 -0.737988,
        1.554524 1.379921 -0.718685,
        1.549828 1.379921 -0.699963,
        1.549828 1.769685 -0.699963,
        1.554524 1.769685 -0.718685,
        1.554524 1.769685 -0.737988,
        1.549828 1.769685 -0.756710,
        1.540719 1.769685 -0.773727,
        1.446405 1.769685 -1.112304,
        1.446405 1.379921 -1.112304,
        1.349894 1.379921 -1.044217,
        1.349894 1.769685 -1.044217,
        1.420774 1.769685 -1.157912,
        1.420774 1.379921 -1.157912,
        1.404954 1.769685 -1.207780,
        1.404954 1.379921 -1.207780,
        1.399606 1.769685 -1.259823,
        1.399606 1.379921 -1.259823,
        1.312434 1.379921 -1.110876,
        1.289312 1.379921 -1.183760,
        1.281496 1.379921 -1.259823,
        1.281496 1.769685 -1.259823,
        1.289312 1.769685 -1.183760,
        1.312434 1.769685 -1.110876,
        1.399606 1.379921 -1.259843,
        1.399606 1.769685 -1.259843,
        1.399606 1.765661 -1.290412,
        1.399606 1.414515 -1.343359,
        1.399606 1.395745 -1.318898,
        1.399606 1.383946 -1.290412,
        1.399606 1.438976 -1.362129,
        1.399606 1.467462 -1.373928,
        1.399606 1.682144 -1.373928,
        1.399606 1.710630 -1.362129,
        1.399606 1.753861 -1.318898,
        1.399606 1.735091 -1.343359,
        1.281496 1.379921 -1.259843,
        1.281496 1.682144 -1.373928,
        1.281496 1.765661 -1.290412,
        1.281496 1.769685 -1.259843,
        1.281496 1.467462 -1.373928,
        1.281496 1.438976 -1.362129,
        1.281496 1.414515 -1.343359,
        1.281496 1.395745 -1.318898,
        1.281496 1.383946 -1.290412,
        1.281496 1.710630 -1.362129,
        1.281496 1.753861 -1.318898,
        1.281496 1.735091 -1.343359,
        0.396045 0.937008 1.614173,
        0.396045 0.937008 1.850394,
        0.397387 0.937008 1.603983,
        0.425225 0.937008 1.576144,
        0.401320 0.937008 1.594488,
        0.407576 0.937008 1.586334,
        0.415730 0.937008 1.580078,
        0.401320 0.937008 1.870079,
        0.425225 0.937008 1.888422,
        0.407576 0.937008 1.878232,
        0.415730 0.937008 1.884489,
        0.397387 0.937008 1.860583,
      ]
    }
    coordIndex [
      0, 1, 2, -1,
      2, 1, 3, -1,
      4, 5, 6, -1,
      7, 8, 9, -1,
      9, 8, 10, -1,
      11, 12, 6, -1,
      13, 14, 5, -1,
      15, 16, 17, -1,
      17, 16, 18, -1,
      17, 18, 19, -1,
      7, 15, 8, -1,
      8, 15, 17, -1,
      8, 17, 6, -1,
      6, 17, 20, -1,
      6, 20, 11, -1,
      21, 22, 23, -1,
      13, 5, 24, -1,
      14, 25, 5, -1,
      5, 25, 26, -1,
      5, 26, 6, -1,
      21, 23, 12, -1,
      23, 27, 12, -1,
      12, 27, 28, -1,
      12, 28, 6, -1,
      6, 28, 29, -1,
      6, 29, 4, -1,
      30, 31, 32, -1,
      32, 31, 33, -1,
      32, 33, 19, -1,
      19, 33, 34, -1,
      19, 34, 17, -1,
      35, 36, 37, -1,
      5, 38, 24, -1,
      24, 38, 35, -1,
      24, 35, 39, -1,
      39, 35, 37, -1,
      40, 41, 42, -1,
      42, 41, 43, -1,
      44, 45, 22, -1,
      22, 45, 23, -1,
      46, 44, 21, -1,
      21, 44, 22, -1,
      47, 48, 49, -1,
      49, 48, 50, -1,
      49, 50, 51, -1,
      51, 50, 52, -1,
      51, 52, 53, -1,
      53, 52, 54, -1,
      53, 54, 55, -1,
      55, 54, 56, -1,
      55, 56, 57, -1,
      58, 59, 33, -1,
      60, 61, 62, -1,
      62, 61, 57, -1,
      62, 57, 63, -1,
      63, 57, 56, -1,
      33, 31, 58, -1,
      58, 31, 64, -1,
      58, 64, 65, -1,
      65, 64, 66, -1,
      65, 66, 67, -1,
      67, 66, 68, -1,
      68, 66, 69, -1,
      68, 69, 70, -1,
      70, 69, 71, -1,
      70, 71, 72, -1,
      72, 71, 73, -1,
      72, 73, 74, -1,
      74, 73, 75, -1,
      74, 75, 60, -1,
      60, 75, 76, -1,
      60, 76, 61, -1,
      77, 78, 79, -1,
      80, 81, 82, -1,
      60, 83, 84, -1,
      85, 86, 87, -1,
      82, 81, 88, -1,
      89, 81, 90, -1,
      90, 81, 91, -1,
      92, 93, 79, -1,
      79, 93, 94, -1,
      79, 94, 77, -1,
      78, 95, 79, -1,
      79, 95, 85, -1,
      79, 85, 96, -1,
      96, 85, 87, -1,
      92, 79, 97, -1,
      97, 79, 98, -1,
      97, 98, 99, -1,
      99, 98, 100, -1,
      99, 100, 101, -1,
      84, 102, 60, -1,
      60, 102, 103, -1,
      60, 103, 74, -1,
      74, 103, 104, -1,
      74, 104, 105, -1,
      106, 107, 108, -1,
      108, 107, 109, -1,
      108, 109, 100, -1,
      100, 109, 110, -1,
      100, 110, 101, -1,
      83, 111, 84, -1,
      84, 111, 112, -1,
      84, 112, 113, -1,
      113, 112, 114, -1,
      113, 114, 82, -1,
      82, 114, 115, -1,
      82, 115, 80, -1,
      116, 117, 118, -1,
      118, 117, 119, -1,
      116, 120, 117, -1,
      117, 120, 121, -1,
      117, 121, 92, -1,
      92, 121, 122, -1,
      92, 122, 93, -1,
      123, 89, 124, -1,
      106, 108, 125, -1,
      125, 108, 126, -1,
      125, 126, 127, -1,
      127, 126, 42, -1,
      127, 42, 81, -1,
      81, 42, 43, -1,
      81, 43, 91, -1,
      123, 128, 89, -1,
      89, 128, 129, -1,
      89, 129, 81, -1,
      81, 129, 130, -1,
      81, 130, 88, -1,
      131, 132, 133, -1,
      124, 134, 123, -1,
      123, 134, 135, -1,
      123, 135, 136, -1,
      136, 135, 131, -1,
      136, 131, 137, -1,
      132, 131, 138, -1,
      138, 131, 139, -1,
      138, 139, 140, -1,
      133, 141, 131, -1,
      131, 141, 142, -1,
      131, 142, 137, -1,
      143, 144, 145, -1,
      145, 144, 138, -1,
      145, 138, 146, -1,
      146, 138, 140, -1,
      105, 104, 147, -1,
      147, 148, 105, -1,
      105, 148, 149, -1,
      105, 149, 150, -1,
      150, 149, 151, -1,
      32, 152, 30, -1,
      30, 152, 153, -1,
      30, 153, 154, -1,
      154, 153, 155, -1,
      154, 155, 156, -1,
      156, 155, 157, -1,
      156, 157, 158, -1,
      158, 157, 159, -1,
      158, 159, 151, -1,
      151, 159, 160, -1,
      151, 160, 150, -1,
      9, 10, 161, -1,
      161, 10, 162, -1,
      163, 162, 8, -1,
      8, 162, 10, -1,
      164, 163, 6, -1,
      6, 163, 8, -1,
      165, 166, 39, -1,
      167, 168, 169, -1,
      169, 168, 170, -1,
      169, 170, 171, -1,
      171, 170, 172, -1,
      171, 172, 173, -1,
      173, 172, 174, -1,
      173, 174, 175, -1,
      175, 174, 176, -1,
      175, 176, 177, -1,
      39, 37, 165, -1,
      165, 37, 178, -1,
      165, 178, 179, -1,
      179, 178, 177, -1,
      179, 177, 180, -1,
      180, 177, 176, -1,
      181, 182, 183, -1,
      183, 182, 184, -1,
      183, 184, 185, -1,
      186, 183, 187, -1,
      187, 183, 188, -1,
      187, 188, 189, -1,
      189, 188, 190, -1,
      189, 190, 191, -1,
      192, 193, 1, -1,
      1, 0, 192, -1,
      192, 0, 194, -1,
      192, 194, 183, -1,
      183, 194, 195, -1,
      183, 195, 181, -1,
      196, 197, 198, -1,
      186, 199, 183, -1,
      183, 199, 200, -1,
      183, 200, 192, -1,
      192, 200, 201, -1,
      192, 201, 202, -1,
      202, 203, 192, -1,
      192, 203, 204, -1,
      192, 204, 205, -1,
      206, 207, 208, -1,
      209, 210, 211, -1,
      211, 210, 212, -1,
      211, 212, 184, -1,
      184, 212, 213, -1,
      184, 213, 185, -1,
      214, 191, 198, -1,
      198, 191, 215, -1,
      214, 216, 191, -1,
      191, 216, 217, -1,
      191, 217, 189, -1,
      170, 168, 192, -1,
      192, 168, 218, -1,
      192, 218, 219, -1,
      219, 220, 192, -1,
      192, 220, 221, -1,
      192, 221, 193, -1,
      193, 221, 222, -1,
      193, 222, 223, -1,
      223, 222, 224, -1,
      223, 224, 225, -1,
      226, 227, 228, -1,
      228, 227, 229, -1,
      228, 229, 230, -1,
      230, 229, 223, -1,
      230, 223, 231, -1,
      231, 223, 225, -1,
      232, 233, 215, -1,
      215, 233, 234, -1,
      215, 234, 198, -1,
      198, 234, 235, -1,
      198, 235, 196, -1,
      232, 236, 233, -1,
      233, 236, 237, -1,
      233, 237, 238, -1,
      239, 207, 228, -1,
      228, 207, 240, -1,
      228, 240, 226, -1,
      239, 241, 207, -1,
      207, 241, 242, -1,
      207, 242, 243, -1,
      243, 244, 207, -1,
      207, 244, 245, -1,
      207, 245, 208, -1,
      246, 208, 247, -1,
      247, 208, 248, -1,
      246, 249, 208, -1,
      208, 249, 250, -1,
      208, 250, 206, -1,
      251, 252, 253, -1,
      253, 254, 251, -1,
      251, 254, 255, -1,
      251, 255, 256, -1,
      256, 255, 257, -1,
      256, 257, 258, -1,
      258, 257, 259, -1,
      259, 257, 260, -1,
      259, 260, 261, -1,
      261, 260, 262, -1,
      261, 262, 263, -1,
      263, 262, 264, -1,
      263, 264, 205, -1,
      205, 264, 265, -1,
      205, 265, 192, -1,
      265, 266, 192, -1,
      192, 266, 267, -1,
      192, 267, 268, -1,
      268, 267, 269, -1,
      35, 270, 36, -1,
      36, 270, 271, -1,
      36, 271, 272, -1,
      272, 271, 273, -1,
      272, 273, 274, -1,
      274, 273, 275, -1,
      274, 275, 276, -1,
      276, 275, 277, -1,
      276, 277, 269, -1,
      269, 277, 278, -1,
      269, 278, 268, -1,
      27, 23, 279, -1,
      279, 23, 45, -1,
      162, 163, 164, -1,
      280, 281, 161, -1,
      282, 283, 284, -1,
      284, 283, 161, -1,
      284, 161, 285, -1,
      286, 287, 288, -1,
      287, 289, 288, -1,
      288, 289, 290, -1,
      288, 290, 291, -1,
      164, 286, 162, -1,
      162, 286, 288, -1,
      162, 288, 161, -1,
      161, 288, 292, -1,
      161, 292, 280, -1,
      293, 294, 284, -1,
      284, 294, 295, -1,
      284, 295, 282, -1,
      279, 45, 44, -1,
      279, 44, 281, -1,
      44, 46, 281, -1,
      281, 46, 296, -1,
      281, 296, 161, -1,
      161, 296, 297, -1,
      161, 297, 285, -1,
      165, 271, 166, -1,
      166, 271, 270, -1,
      166, 270, 291, -1,
      291, 270, 298, -1,
      291, 298, 288, -1,
      59, 58, 153, -1,
      284, 299, 293, -1,
      293, 299, 59, -1,
      293, 59, 152, -1,
      152, 59, 153, -1,
      88, 130, 300, -1,
      300, 130, 301, -1,
      136, 137, 302, -1,
      302, 137, 303, -1,
      132, 138, 304, -1,
      304, 138, 305, -1,
      139, 131, 306, -1,
      306, 131, 307, -1,
      124, 89, 308, -1,
      308, 89, 309, -1,
      122, 121, 310, -1,
      310, 121, 311, -1,
      92, 97, 312, -1,
      312, 97, 313, -1,
      110, 109, 314, -1,
      314, 109, 315, -1,
      316, 317, 127, -1,
      127, 317, 125, -1,
      111, 83, 318, -1,
      318, 83, 319, -1,
      320, 319, 321, -1,
      321, 319, 322, -1,
      320, 323, 319, -1,
      319, 323, 324, -1,
      319, 324, 325, -1,
      319, 83, 326, -1,
      322, 319, 327, -1,
      327, 319, 328, -1,
      327, 328, 329, -1,
      326, 330, 319, -1,
      319, 330, 331, -1,
      319, 331, 332, -1,
      332, 333, 319, -1,
      319, 333, 334, -1,
      319, 334, 328, -1,
      334, 50, 328, -1,
      328, 50, 48, -1,
      335, 336, 328, -1,
      337, 338, 339, -1,
      339, 338, 340, -1,
      337, 341, 338, -1,
      338, 341, 342, -1,
      338, 342, 48, -1,
      48, 342, 328, -1,
      328, 342, 343, -1,
      328, 343, 335, -1,
      336, 344, 328, -1,
      328, 344, 345, -1,
      328, 345, 346, -1,
      148, 147, 75, -1,
      75, 147, 325, -1,
      75, 325, 76, -1,
      347, 309, 348, -1,
      319, 325, 318, -1,
      318, 325, 147, -1,
      318, 147, 349, -1,
      349, 147, 350, -1,
      351, 352, 353, -1,
      353, 352, 354, -1,
      355, 310, 312, -1,
      312, 310, 311, -1,
      312, 311, 356, -1,
      354, 355, 353, -1,
      353, 355, 312, -1,
      353, 312, 357, -1,
      357, 312, 313, -1,
      357, 313, 358, -1,
      358, 313, 359, -1,
      350, 360, 349, -1,
      349, 360, 361, -1,
      349, 361, 362, -1,
      362, 361, 363, -1,
      362, 363, 364, -1,
      364, 363, 365, -1,
      364, 365, 366, -1,
      366, 365, 347, -1,
      367, 308, 368, -1,
      368, 308, 309, -1,
      368, 309, 369, -1,
      370, 371, 372, -1,
      372, 371, 373, -1,
      372, 373, 353, -1,
      353, 373, 374, -1,
      353, 374, 351, -1,
      359, 375, 358, -1,
      358, 375, 314, -1,
      358, 314, 376, -1,
      376, 314, 315, -1,
      348, 377, 347, -1,
      347, 377, 41, -1,
      347, 41, 316, -1,
      316, 41, 40, -1,
      316, 40, 317, -1,
      317, 40, 378, -1,
      317, 378, 379, -1,
      379, 378, 376, -1,
      379, 376, 380, -1,
      380, 376, 315, -1,
      311, 381, 356, -1,
      356, 381, 382, -1,
      356, 382, 383, -1,
      383, 382, 384, -1,
      365, 300, 347, -1,
      347, 300, 301, -1,
      347, 301, 309, -1,
      309, 301, 385, -1,
      309, 385, 369, -1,
      302, 303, 307, -1,
      307, 303, 386, -1,
      307, 304, 306, -1,
      306, 304, 305, -1,
      302, 307, 368, -1,
      368, 307, 387, -1,
      368, 387, 367, -1,
      386, 388, 307, -1,
      307, 388, 389, -1,
      307, 389, 304, -1,
      390, 391, 392, -1,
      305, 393, 306, -1,
      306, 393, 390, -1,
      306, 390, 394, -1,
      394, 390, 392, -1,
      395, 396, 397, -1,
      397, 396, 398, -1,
      96, 87, 372, -1,
      372, 87, 370, -1,
      373, 371, 85, -1,
      85, 371, 86, -1,
      399, 400, 401, -1,
      399, 401, 402, -1,
      402, 401, 403, -1,
      402, 403, 404, -1,
      404, 403, 371, -1,
      404, 371, 370, -1,
      405, 399, 406, -1,
      406, 399, 402, -1,
      406, 402, 407, -1,
      407, 402, 404, -1,
      407, 404, 87, -1,
      87, 404, 370, -1,
      87, 86, 407, -1,
      407, 86, 408, -1,
      407, 408, 406, -1,
      406, 408, 409, -1,
      406, 409, 405, -1,
      405, 409, 410, -1,
      86, 371, 408, -1,
      408, 371, 403, -1,
      408, 403, 409, -1,
      409, 403, 401, -1,
      409, 401, 410, -1,
      410, 401, 400, -1,
      411, 400, 412, -1,
      412, 400, 399, -1,
      412, 399, 413, -1,
      413, 399, 405, -1,
      413, 405, 414, -1,
      414, 405, 410, -1,
      410, 400, 414, -1,
      414, 400, 411, -1,
      411, 412, 415, -1,
      415, 412, 416, -1,
      415, 416, 417, -1,
      417, 416, 418, -1,
      417, 418, 419, -1,
      419, 418, 420, -1,
      419, 420, 421, -1,
      421, 420, 422, -1,
      421, 422, 423, -1,
      423, 422, 424, -1,
      412, 413, 416, -1,
      416, 413, 425, -1,
      416, 425, 418, -1,
      418, 425, 426, -1,
      418, 426, 420, -1,
      420, 426, 427, -1,
      420, 427, 422, -1,
      422, 427, 428, -1,
      422, 428, 424, -1,
      424, 428, 429, -1,
      430, 429, 428, -1,
      430, 428, 431, -1,
      431, 428, 427, -1,
      431, 427, 432, -1,
      432, 427, 426, -1,
      432, 426, 433, -1,
      433, 426, 425, -1,
      433, 425, 434, -1,
      434, 425, 413, -1,
      434, 413, 414, -1,
      423, 430, 421, -1,
      421, 430, 431, -1,
      421, 431, 419, -1,
      419, 431, 432, -1,
      419, 432, 417, -1,
      417, 432, 433, -1,
      417, 433, 415, -1,
      415, 433, 434, -1,
      415, 434, 411, -1,
      411, 434, 414, -1,
      435, 423, 436, -1,
      436, 423, 424, -1,
      436, 424, 437, -1,
      437, 424, 429, -1,
      437, 429, 438, -1,
      438, 429, 430, -1,
      430, 423, 438, -1,
      438, 423, 435, -1,
      439, 440, 441, -1,
      439, 441, 442, -1,
      442, 441, 443, -1,
      442, 443, 444, -1,
      444, 443, 435, -1,
      444, 435, 436, -1,
      445, 439, 446, -1,
      446, 439, 442, -1,
      446, 442, 447, -1,
      447, 442, 444, -1,
      447, 444, 437, -1,
      437, 444, 436, -1,
      437, 438, 447, -1,
      447, 438, 448, -1,
      447, 448, 446, -1,
      446, 448, 449, -1,
      446, 449, 445, -1,
      445, 449, 450, -1,
      438, 435, 448, -1,
      448, 435, 443, -1,
      448, 443, 449, -1,
      449, 443, 441, -1,
      449, 441, 450, -1,
      450, 441, 440, -1,
      440, 439, 451, -1,
      451, 397, 440, -1,
      440, 397, 398, -1,
      440, 398, 452, -1,
      452, 398, 453, -1,
      454, 451, 455, -1,
      455, 451, 456, -1,
      454, 457, 451, -1,
      451, 457, 458, -1,
      451, 458, 397, -1,
      398, 459, 453, -1,
      453, 459, 460, -1,
      453, 460, 461, -1,
      461, 460, 462, -1,
      451, 439, 463, -1,
      463, 439, 445, -1,
      463, 445, 450, -1,
      464, 396, 465, -1,
      463, 450, 396, -1,
      396, 450, 466, -1,
      396, 466, 465, -1,
      396, 395, 463, -1,
      463, 395, 467, -1,
      463, 467, 468, -1,
      468, 469, 463, -1,
      463, 469, 470, -1,
      463, 470, 471, -1,
      464, 465, 472, -1,
      472, 465, 473, -1,
      472, 473, 474, -1,
      466, 450, 452, -1,
      452, 450, 440, -1,
      475, 476, 342, -1,
      342, 476, 343, -1,
      49, 327, 47, -1,
      47, 327, 329, -1,
      477, 478, 329, -1,
      329, 478, 479, -1,
      329, 479, 480, -1,
      480, 481, 329, -1,
      329, 481, 476, -1,
      329, 476, 47, -1,
      47, 476, 475, -1,
      47, 475, 482, -1,
      482, 475, 483, -1,
      483, 484, 482, -1,
      482, 484, 485, -1,
      482, 485, 486, -1,
      111, 318, 112, -1,
      112, 318, 349, -1,
      112, 349, 114, -1,
      114, 349, 362, -1,
      114, 362, 115, -1,
      115, 362, 364, -1,
      115, 364, 80, -1,
      80, 364, 366, -1,
      80, 366, 81, -1,
      81, 366, 347, -1,
      81, 347, 127, -1,
      127, 347, 316, -1,
      147, 104, 350, -1,
      350, 104, 103, -1,
      350, 103, 360, -1,
      360, 103, 102, -1,
      360, 102, 361, -1,
      361, 102, 84, -1,
      361, 84, 363, -1,
      363, 84, 113, -1,
      363, 113, 365, -1,
      365, 113, 82, -1,
      365, 82, 300, -1,
      300, 82, 88, -1,
      136, 302, 123, -1,
      123, 302, 368, -1,
      123, 368, 128, -1,
      128, 368, 369, -1,
      128, 369, 129, -1,
      129, 369, 385, -1,
      129, 385, 130, -1,
      130, 385, 301, -1,
      303, 137, 142, -1,
      303, 142, 386, -1,
      386, 142, 141, -1,
      386, 141, 388, -1,
      388, 141, 133, -1,
      388, 133, 389, -1,
      389, 133, 132, -1,
      389, 132, 304, -1,
      305, 138, 144, -1,
      305, 144, 393, -1,
      393, 144, 143, -1,
      393, 143, 390, -1,
      390, 143, 145, -1,
      390, 145, 391, -1,
      391, 145, 146, -1,
      391, 146, 392, -1,
      392, 146, 140, -1,
      392, 140, 394, -1,
      394, 140, 139, -1,
      394, 139, 306, -1,
      307, 131, 135, -1,
      307, 135, 387, -1,
      387, 135, 134, -1,
      387, 134, 367, -1,
      367, 134, 124, -1,
      367, 124, 308, -1,
      96, 372, 79, -1,
      79, 372, 353, -1,
      79, 353, 98, -1,
      98, 353, 357, -1,
      98, 357, 100, -1,
      100, 357, 358, -1,
      100, 358, 108, -1,
      108, 358, 376, -1,
      108, 376, 126, -1,
      126, 376, 378, -1,
      126, 378, 42, -1,
      42, 378, 40, -1,
      43, 41, 91, -1,
      91, 41, 377, -1,
      91, 377, 90, -1,
      90, 377, 348, -1,
      90, 348, 89, -1,
      89, 348, 309, -1,
      395, 397, 458, -1,
      395, 458, 467, -1,
      467, 458, 457, -1,
      467, 457, 468, -1,
      468, 457, 454, -1,
      468, 454, 469, -1,
      469, 454, 455, -1,
      469, 455, 470, -1,
      470, 455, 456, -1,
      470, 456, 471, -1,
      471, 456, 451, -1,
      471, 451, 463, -1,
      398, 396, 464, -1,
      398, 464, 459, -1,
      459, 464, 472, -1,
      459, 472, 460, -1,
      460, 472, 474, -1,
      460, 474, 462, -1,
      462, 474, 473, -1,
      462, 473, 461, -1,
      461, 473, 465, -1,
      461, 465, 453, -1,
      453, 465, 466, -1,
      453, 466, 452, -1,
      373, 85, 374, -1,
      374, 85, 95, -1,
      374, 95, 351, -1,
      351, 95, 78, -1,
      351, 78, 352, -1,
      352, 78, 77, -1,
      352, 77, 354, -1,
      354, 77, 94, -1,
      354, 94, 355, -1,
      355, 94, 93, -1,
      355, 93, 310, -1,
      310, 93, 122, -1,
      311, 121, 120, -1,
      311, 120, 381, -1,
      381, 120, 116, -1,
      381, 116, 382, -1,
      382, 116, 118, -1,
      382, 118, 384, -1,
      384, 118, 119, -1,
      384, 119, 383, -1,
      383, 119, 117, -1,
      383, 117, 356, -1,
      356, 117, 92, -1,
      356, 92, 312, -1,
      313, 97, 99, -1,
      313, 99, 359, -1,
      359, 99, 101, -1,
      359, 101, 375, -1,
      375, 101, 110, -1,
      375, 110, 314, -1,
      315, 109, 107, -1,
      315, 107, 380, -1,
      380, 107, 106, -1,
      380, 106, 379, -1,
      379, 106, 125, -1,
      379, 125, 317, -1,
      487, 488, 251, -1,
      251, 488, 489, -1,
      251, 489, 252, -1,
      487, 490, 488, -1,
      488, 490, 491, -1,
      488, 491, 492, -1,
      493, 489, 494, -1,
      494, 489, 495, -1,
      493, 496, 489, -1,
      489, 496, 497, -1,
      489, 497, 252, -1,
      498, 499, 491, -1,
      491, 499, 500, -1,
      491, 500, 492, -1,
      501, 502, 490, -1,
      204, 503, 504, -1,
      504, 503, 505, -1,
      506, 507, 503, -1,
      503, 507, 508, -1,
      503, 508, 509, -1,
      510, 511, 503, -1,
      503, 511, 512, -1,
      503, 512, 505, -1,
      509, 513, 503, -1,
      503, 513, 514, -1,
      503, 514, 501, -1,
      501, 490, 503, -1,
      503, 490, 487, -1,
      503, 487, 510, -1,
      515, 503, 203, -1,
      203, 503, 204, -1,
      187, 189, 516, -1,
      516, 189, 517, -1,
      518, 519, 198, -1,
      198, 519, 214, -1,
      520, 521, 234, -1,
      234, 521, 235, -1,
      522, 523, 191, -1,
      191, 523, 215, -1,
      524, 525, 227, -1,
      227, 525, 229, -1,
      526, 527, 206, -1,
      206, 527, 207, -1,
      528, 529, 245, -1,
      245, 529, 208, -1,
      530, 531, 239, -1,
      239, 531, 241, -1,
      532, 533, 224, -1,
      224, 533, 225, -1,
      266, 265, 506, -1,
      266, 506, 169, -1,
      534, 535, 536, -1,
      537, 538, 539, -1,
      520, 540, 534, -1,
      534, 540, 541, -1,
      534, 541, 535, -1,
      539, 538, 532, -1,
      503, 542, 506, -1,
      506, 542, 543, -1,
      543, 544, 506, -1,
      506, 544, 167, -1,
      506, 167, 169, -1,
      545, 546, 547, -1,
      520, 534, 521, -1,
      521, 534, 548, -1,
      521, 548, 549, -1,
      549, 548, 550, -1,
      549, 550, 551, -1,
      552, 553, 554, -1,
      554, 553, 519, -1,
      554, 519, 550, -1,
      550, 519, 518, -1,
      550, 518, 551, -1,
      525, 538, 555, -1,
      555, 538, 556, -1,
      536, 557, 534, -1,
      534, 557, 545, -1,
      534, 545, 558, -1,
      558, 545, 547, -1,
      559, 560, 561, -1,
      561, 560, 562, -1,
      560, 563, 562, -1,
      562, 563, 523, -1,
      562, 523, 520, -1,
      520, 523, 522, -1,
      520, 522, 540, -1,
      503, 515, 542, -1,
      542, 515, 564, -1,
      542, 564, 565, -1,
      565, 564, 566, -1,
      565, 566, 539, -1,
      539, 566, 567, -1,
      539, 567, 537, -1,
      568, 525, 524, -1,
      568, 569, 525, -1,
      525, 569, 570, -1,
      525, 570, 538, -1,
      538, 570, 533, -1,
      538, 533, 532, -1,
      552, 554, 517, -1,
      517, 554, 571, -1,
      517, 571, 516, -1,
      516, 571, 2, -1,
      516, 2, 538, -1,
      538, 2, 3, -1,
      538, 3, 556, -1,
      572, 529, 526, -1,
      526, 529, 528, -1,
      526, 528, 573, -1,
      526, 531, 527, -1,
      527, 531, 530, -1,
      527, 530, 574, -1,
      574, 530, 568, -1,
      574, 568, 575, -1,
      575, 568, 524, -1,
      573, 576, 526, -1,
      526, 576, 577, -1,
      526, 577, 531, -1,
      572, 578, 529, -1,
      529, 578, 579, -1,
      529, 579, 580, -1,
      580, 579, 581, -1,
      582, 583, 584, -1,
      584, 583, 585, -1,
      558, 547, 211, -1,
      211, 547, 209, -1,
      212, 210, 545, -1,
      545, 210, 546, -1,
      210, 209, 586, -1,
      586, 209, 587, -1,
      586, 587, 588, -1,
      588, 587, 589, -1,
      588, 589, 590, -1,
      590, 589, 591, -1,
      209, 547, 587, -1,
      587, 547, 592, -1,
      587, 592, 589, -1,
      589, 592, 593, -1,
      589, 593, 591, -1,
      591, 593, 594, -1,
      595, 594, 593, -1,
      595, 593, 596, -1,
      596, 593, 592, -1,
      596, 592, 597, -1,
      597, 592, 547, -1,
      597, 547, 546, -1,
      590, 595, 588, -1,
      588, 595, 596, -1,
      588, 596, 586, -1,
      586, 596, 597, -1,
      586, 597, 210, -1,
      210, 597, 546, -1,
      598, 590, 599, -1,
      599, 590, 591, -1,
      599, 591, 600, -1,
      600, 591, 594, -1,
      600, 594, 601, -1,
      601, 594, 595, -1,
      595, 590, 601, -1,
      601, 590, 598, -1,
      602, 603, 604, -1,
      602, 604, 605, -1,
      605, 604, 606, -1,
      605, 606, 607, -1,
      607, 606, 608, -1,
      607, 608, 609, -1,
      609, 608, 610, -1,
      609, 610, 611, -1,
      611, 610, 598, -1,
      611, 598, 599, -1,
      612, 602, 613, -1,
      613, 602, 605, -1,
      613, 605, 614, -1,
      614, 605, 607, -1,
      614, 607, 615, -1,
      615, 607, 609, -1,
      615, 609, 616, -1,
      616, 609, 611, -1,
      616, 611, 600, -1,
      600, 611, 599, -1,
      600, 601, 616, -1,
      616, 601, 617, -1,
      616, 617, 615, -1,
      615, 617, 618, -1,
      615, 618, 614, -1,
      614, 618, 619, -1,
      614, 619, 613, -1,
      613, 619, 620, -1,
      613, 620, 612, -1,
      612, 620, 621, -1,
      601, 598, 617, -1,
      617, 598, 610, -1,
      617, 610, 618, -1,
      618, 610, 608, -1,
      618, 608, 619, -1,
      619, 608, 606, -1,
      619, 606, 620, -1,
      620, 606, 604, -1,
      620, 604, 621, -1,
      621, 604, 603, -1,
      622, 603, 623, -1,
      623, 603, 602, -1,
      623, 602, 624, -1,
      624, 602, 612, -1,
      624, 612, 625, -1,
      625, 612, 621, -1,
      621, 603, 625, -1,
      625, 603, 622, -1,
      622, 623, 626, -1,
      626, 623, 627, -1,
      626, 627, 628, -1,
      628, 627, 629, -1,
      628, 629, 630, -1,
      630, 629, 631, -1,
      623, 624, 627, -1,
      627, 624, 632, -1,
      627, 632, 629, -1,
      629, 632, 633, -1,
      629, 633, 631, -1,
      631, 633, 634, -1,
      635, 634, 633, -1,
      635, 633, 636, -1,
      636, 633, 632, -1,
      636, 632, 637, -1,
      637, 632, 624, -1,
      637, 624, 625, -1,
      630, 635, 628, -1,
      628, 635, 636, -1,
      628, 636, 626, -1,
      626, 636, 637, -1,
      626, 637, 622, -1,
      622, 637, 625, -1,
      630, 631, 638, -1,
      638, 584, 630, -1,
      630, 584, 585, -1,
      630, 585, 639, -1,
      639, 585, 640, -1,
      641, 638, 642, -1,
      642, 638, 643, -1,
      641, 644, 638, -1,
      638, 644, 645, -1,
      638, 645, 584, -1,
      585, 646, 640, -1,
      640, 646, 647, -1,
      640, 647, 648, -1,
      648, 647, 649, -1,
      638, 631, 650, -1,
      650, 631, 634, -1,
      650, 634, 635, -1,
      651, 583, 652, -1,
      650, 635, 583, -1,
      583, 635, 653, -1,
      583, 653, 652, -1,
      583, 582, 650, -1,
      650, 582, 654, -1,
      650, 654, 655, -1,
      655, 656, 650, -1,
      650, 656, 657, -1,
      650, 657, 658, -1,
      651, 652, 659, -1,
      659, 652, 660, -1,
      659, 660, 661, -1,
      653, 635, 639, -1,
      639, 635, 630, -1,
      662, 663, 488, -1,
      488, 663, 489, -1,
      662, 501, 663, -1,
      663, 501, 254, -1,
      664, 665, 662, -1,
      662, 665, 502, -1,
      662, 502, 501, -1,
      664, 666, 665, -1,
      665, 666, 667, -1,
      665, 667, 668, -1,
      669, 670, 671, -1,
      671, 670, 672, -1,
      254, 253, 663, -1,
      663, 253, 670, -1,
      663, 670, 673, -1,
      673, 670, 669, -1,
      187, 516, 186, -1,
      186, 516, 538, -1,
      186, 538, 199, -1,
      199, 538, 537, -1,
      199, 537, 200, -1,
      200, 537, 567, -1,
      200, 567, 201, -1,
      201, 567, 566, -1,
      201, 566, 202, -1,
      202, 566, 564, -1,
      202, 564, 203, -1,
      203, 564, 515, -1,
      168, 167, 218, -1,
      218, 167, 544, -1,
      218, 544, 219, -1,
      219, 544, 543, -1,
      219, 543, 220, -1,
      220, 543, 542, -1,
      220, 542, 221, -1,
      221, 542, 565, -1,
      221, 565, 222, -1,
      222, 565, 539, -1,
      222, 539, 224, -1,
      224, 539, 532, -1,
      225, 533, 231, -1,
      231, 533, 570, -1,
      231, 570, 230, -1,
      230, 570, 569, -1,
      230, 569, 228, -1,
      228, 569, 568, -1,
      228, 568, 239, -1,
      239, 568, 530, -1,
      528, 245, 244, -1,
      528, 244, 573, -1,
      573, 244, 243, -1,
      573, 243, 576, -1,
      576, 243, 242, -1,
      576, 242, 577, -1,
      577, 242, 241, -1,
      577, 241, 531, -1,
      526, 206, 250, -1,
      526, 250, 572, -1,
      572, 250, 249, -1,
      572, 249, 578, -1,
      578, 249, 246, -1,
      578, 246, 579, -1,
      579, 246, 247, -1,
      579, 247, 581, -1,
      581, 247, 248, -1,
      581, 248, 580, -1,
      580, 248, 208, -1,
      580, 208, 529, -1,
      524, 227, 226, -1,
      524, 226, 575, -1,
      575, 226, 240, -1,
      575, 240, 574, -1,
      574, 240, 207, -1,
      574, 207, 527, -1,
      0, 2, 194, -1,
      194, 2, 571, -1,
      194, 571, 195, -1,
      195, 571, 554, -1,
      195, 554, 181, -1,
      181, 554, 550, -1,
      181, 550, 182, -1,
      182, 550, 548, -1,
      182, 548, 184, -1,
      184, 548, 534, -1,
      184, 534, 211, -1,
      211, 534, 558, -1,
      229, 525, 223, -1,
      223, 525, 555, -1,
      223, 555, 193, -1,
      193, 555, 556, -1,
      193, 556, 1, -1,
      1, 556, 3, -1,
      582, 584, 645, -1,
      582, 645, 654, -1,
      654, 645, 644, -1,
      654, 644, 655, -1,
      655, 644, 641, -1,
      655, 641, 656, -1,
      656, 641, 642, -1,
      656, 642, 657, -1,
      657, 642, 643, -1,
      657, 643, 658, -1,
      658, 643, 638, -1,
      658, 638, 650, -1,
      585, 583, 651, -1,
      585, 651, 646, -1,
      646, 651, 659, -1,
      646, 659, 647, -1,
      647, 659, 661, -1,
      647, 661, 649, -1,
      649, 661, 660, -1,
      649, 660, 648, -1,
      648, 660, 652, -1,
      648, 652, 640, -1,
      640, 652, 653, -1,
      640, 653, 639, -1,
      522, 191, 540, -1,
      540, 191, 190, -1,
      540, 190, 541, -1,
      541, 190, 188, -1,
      541, 188, 535, -1,
      535, 188, 183, -1,
      535, 183, 536, -1,
      536, 183, 185, -1,
      536, 185, 557, -1,
      557, 185, 213, -1,
      557, 213, 545, -1,
      545, 213, 212, -1,
      520, 234, 233, -1,
      520, 233, 562, -1,
      562, 233, 238, -1,
      562, 238, 561, -1,
      561, 238, 237, -1,
      561, 237, 559, -1,
      559, 237, 236, -1,
      559, 236, 560, -1,
      560, 236, 232, -1,
      560, 232, 563, -1,
      563, 232, 215, -1,
      563, 215, 523, -1,
      518, 198, 197, -1,
      518, 197, 551, -1,
      551, 197, 196, -1,
      551, 196, 549, -1,
      549, 196, 235, -1,
      549, 235, 521, -1,
      517, 189, 217, -1,
      517, 217, 552, -1,
      552, 217, 216, -1,
      552, 216, 553, -1,
      553, 216, 214, -1,
      553, 214, 519, -1,
      83, 60, 62, -1,
      83, 62, 326, -1,
      326, 62, 63, -1,
      326, 63, 330, -1,
      330, 63, 56, -1,
      330, 56, 331, -1,
      331, 56, 54, -1,
      331, 54, 332, -1,
      332, 54, 52, -1,
      332, 52, 333, -1,
      333, 52, 50, -1,
      333, 50, 334, -1,
      205, 204, 504, -1,
      205, 504, 263, -1,
      263, 504, 505, -1,
      263, 505, 261, -1,
      261, 505, 512, -1,
      261, 512, 259, -1,
      259, 512, 511, -1,
      259, 511, 258, -1,
      258, 511, 510, -1,
      258, 510, 256, -1,
      256, 510, 487, -1,
      256, 487, 251, -1,
      170, 192, 268, -1,
      170, 268, 172, -1,
      172, 268, 278, -1,
      172, 278, 174, -1,
      174, 278, 277, -1,
      174, 277, 176, -1,
      176, 277, 275, -1,
      176, 275, 180, -1,
      180, 275, 273, -1,
      180, 273, 179, -1,
      179, 273, 271, -1,
      179, 271, 165, -1,
      74, 105, 150, -1,
      74, 150, 72, -1,
      72, 150, 160, -1,
      72, 160, 70, -1,
      70, 160, 159, -1,
      70, 159, 68, -1,
      68, 159, 157, -1,
      68, 157, 67, -1,
      67, 157, 155, -1,
      67, 155, 65, -1,
      65, 155, 153, -1,
      65, 153, 58, -1,
      48, 47, 482, -1,
      48, 482, 338, -1,
      338, 482, 486, -1,
      338, 486, 340, -1,
      340, 486, 485, -1,
      340, 485, 339, -1,
      339, 485, 484, -1,
      339, 484, 337, -1,
      337, 484, 483, -1,
      337, 483, 341, -1,
      341, 483, 475, -1,
      341, 475, 342, -1,
      329, 328, 346, -1,
      329, 346, 477, -1,
      477, 346, 345, -1,
      477, 345, 478, -1,
      478, 345, 344, -1,
      478, 344, 479, -1,
      479, 344, 336, -1,
      479, 336, 480, -1,
      480, 336, 335, -1,
      480, 335, 481, -1,
      481, 335, 343, -1,
      481, 343, 476, -1,
      662, 488, 492, -1,
      662, 492, 664, -1,
      664, 492, 500, -1,
      664, 500, 666, -1,
      666, 500, 499, -1,
      666, 499, 667, -1,
      667, 499, 498, -1,
      667, 498, 668, -1,
      668, 498, 491, -1,
      668, 491, 665, -1,
      665, 491, 490, -1,
      665, 490, 502, -1,
      253, 252, 497, -1,
      253, 497, 670, -1,
      670, 497, 496, -1,
      670, 496, 672, -1,
      672, 496, 493, -1,
      672, 493, 671, -1,
      671, 493, 494, -1,
      671, 494, 669, -1,
      669, 494, 495, -1,
      669, 495, 673, -1,
      673, 495, 489, -1,
      673, 489, 663, -1,
      327, 49, 322, -1,
      322, 49, 51, -1,
      322, 51, 321, -1,
      321, 51, 53, -1,
      321, 53, 320, -1,
      320, 53, 55, -1,
      320, 55, 323, -1,
      323, 55, 57, -1,
      323, 57, 324, -1,
      324, 57, 61, -1,
      324, 61, 325, -1,
      325, 61, 76, -1,
      506, 265, 507, -1,
      507, 265, 264, -1,
      507, 264, 508, -1,
      508, 264, 262, -1,
      508, 262, 509, -1,
      509, 262, 260, -1,
      509, 260, 513, -1,
      513, 260, 257, -1,
      513, 257, 514, -1,
      514, 257, 255, -1,
      514, 255, 501, -1,
      501, 255, 254, -1,
      27, 279, 28, -1,
      28, 279, 281, -1,
      28, 281, 29, -1,
      29, 281, 280, -1,
      29, 280, 4, -1,
      4, 280, 292, -1,
      4, 292, 5, -1,
      5, 292, 288, -1,
      5, 288, 38, -1,
      38, 288, 298, -1,
      38, 298, 35, -1,
      35, 298, 270, -1,
      39, 166, 24, -1,
      24, 166, 291, -1,
      24, 291, 13, -1,
      13, 291, 290, -1,
      13, 290, 14, -1,
      14, 290, 289, -1,
      14, 289, 25, -1,
      25, 289, 287, -1,
      25, 287, 26, -1,
      26, 287, 286, -1,
      26, 286, 6, -1,
      6, 286, 164, -1,
      9, 161, 7, -1,
      7, 161, 283, -1,
      7, 283, 15, -1,
      15, 283, 282, -1,
      15, 282, 16, -1,
      16, 282, 295, -1,
      16, 295, 18, -1,
      18, 295, 294, -1,
      18, 294, 19, -1,
      19, 294, 293, -1,
      19, 293, 32, -1,
      32, 293, 152, -1,
      33, 59, 34, -1,
      34, 59, 299, -1,
      34, 299, 17, -1,
      17, 299, 284, -1,
      17, 284, 20, -1,
      20, 284, 285, -1,
      20, 285, 11, -1,
      11, 285, 297, -1,
      11, 297, 12, -1,
      12, 297, 296, -1,
      12, 296, 21, -1,
      21, 296, 46, -1,
      37, 36, 178, -1,
      178, 36, 272, -1,
      178, 272, 177, -1,
      177, 272, 274, -1,
      177, 274, 175, -1,
      175, 274, 276, -1,
      175, 276, 173, -1,
      173, 276, 269, -1,
      173, 269, 171, -1,
      171, 269, 267, -1,
      171, 267, 169, -1,
      169, 267, 266, -1,
      148, 75, 149, -1,
      149, 75, 73, -1,
      149, 73, 151, -1,
      151, 73, 71, -1,
      151, 71, 158, -1,
      158, 71, 69, -1,
      158, 69, 156, -1,
      156, 69, 66, -1,
      156, 66, 154, -1,
      154, 66, 64, -1,
      154, 64, 30, -1,
      30, 64, 31, -1,
    ]
  }
}

Shape {
  appearance Appearance {
    material Material {
      diffuseColor 0.2235 0.2235 0.2235
      specularColor 0.1137 0.1137 0.1137
      ambientIntensity 0.2
      transparency 0.0000
      shininess 0.5
    }
  }
  geometry IndexedFaceSet {
    ccw TRUE
    solid FALSE
    coord DEF co Coordinate {
      point [
        1.179134 -0.314961 0.236220,
        -1.179134 -0.314961 0.236220,
        -1.179134 -0.314961 2.755906,
        1.179134 -0.314961 2.755906,
        -1.101378 -0.314961 0.236220,
        -1.179134 0.071924 0.236220,
        0.579268 -0.314961 0.236220,
        0.579268 0.071924 0.236220,
        -0.103226 0.071924 0.236220,
        -0.122431 0.238166 0.236220,
        -0.103226 0.271175 0.236220,
        -0.122431 0.259772 0.236220,
        -0.143415 0.268387 0.236220,
        0.040811 -0.314961 0.236220,
        -0.103226 -0.314961 0.236220,
        -0.151361 0.071924 0.236220,
        -0.145191 0.072350 0.236220,
        -0.168531 0.092329 0.236220,
        -0.125959 0.240120 0.236220,
        -0.144604 0.095437 0.236220,
        -0.122431 0.104932 0.236220,
        -0.122431 0.078525 0.236220,
        -0.187913 0.094500 0.236220,
        -0.202570 0.099798 0.236220,
        -0.216517 0.109148 0.236220,
        -0.228350 0.122337 0.236220,
        -0.236383 0.137562 0.236220,
        -0.241591 0.158875 0.236220,
        -0.242462 0.173650 0.236220,
        -0.240472 0.194944 0.236220,
        -0.235128 0.211876 0.236220,
        -0.172957 0.250769 0.236220,
        -0.217791 0.235206 0.236220,
        -0.191224 0.248732 0.236220,
        -0.205703 0.243411 0.236220,
        -0.226944 0.225549 0.236220,
        -0.146827 0.247869 0.236220,
        -0.277271 -0.314961 0.236220,
        -0.182657 0.071924 0.236220,
        -0.168756 0.070723 0.236220,
        -0.235914 0.253059 0.236220,
        -0.250322 0.237879 0.236220,
        -0.277271 0.271175 0.236220,
        -0.258465 0.124889 0.236220,
        -0.246717 0.106250 0.236220,
        -0.277271 0.071924 0.236220,
        -0.266041 0.147314 0.236220,
        -0.188172 0.271175 0.236220,
        -0.200817 0.269864 0.236220,
        -0.219931 0.263311 0.236220,
        -0.229538 0.089730 0.236220,
        -0.211138 0.079004 0.236220,
        -0.189543 0.072518 0.236220,
        -0.260833 0.219354 0.236220,
        -0.266934 0.198232 0.236220,
        -0.268869 0.175263 0.236220,
        -0.163306 0.271175 0.236220,
        -0.171213 0.272283 0.236220,
        -0.103226 0.401935 0.236220,
        -0.176595 0.272375 0.236220,
        -0.277271 0.401935 0.236220,
        -1.101378 0.071924 0.236220,
        -0.567265 -0.314961 0.236220,
        -0.567265 0.071924 0.236220,
        1.179134 0.071924 0.236220,
        0.579268 0.271175 0.236220,
        1.179134 0.271175 0.236220,
        0.261667 0.269974 0.236220,
        0.232859 0.269974 0.236220,
        0.225658 0.271175 0.236220,
        0.381698 0.269974 0.236220,
        0.361780 0.214760 0.236220,
        0.280459 0.214760 0.236220,
        0.225658 0.071924 0.236220,
        0.307279 0.073124 0.236220,
        0.333685 0.073124 0.236220,
        0.410505 0.269974 0.236220,
        0.115567 0.073124 0.236220,
        0.144006 0.076164 0.236220,
        0.167050 0.084250 0.236220,
        0.186550 0.096940 0.236220,
        0.225658 -0.314961 0.236220,
        0.040811 0.071924 0.236220,
        0.208655 0.215929 0.236220,
        0.197611 0.233292 0.236220,
        0.181522 0.248846 0.236220,
        0.161143 0.260846 0.236220,
        0.138483 0.267740 0.236220,
        0.113542 0.269974 0.236220,
        0.040811 0.271175 0.236220,
        0.060015 0.269974 0.236220,
        0.060015 0.073124 0.236220,
        0.194194 0.104027 0.236220,
        0.205998 0.119443 0.236220,
        0.214287 0.138549 0.236220,
        0.218080 0.159345 0.236220,
        0.218456 0.169074 0.236220,
        0.215699 0.195415 0.236220,
        0.016804 0.073124 0.236220,
        0.016804 0.094730 0.236220,
        0.021606 0.248369 0.236220,
        0.021606 0.269974 0.236220,
        -0.084022 0.269974 0.236220,
        -0.084022 0.073124 0.236220,
        -0.057615 0.181152 0.236220,
        -0.057615 0.248369 0.236220,
        0.012003 0.181152 0.236220,
        0.012003 0.159546 0.236220,
        -0.057615 0.159546 0.236220,
        -0.057615 0.094730 0.236220,
        -0.285673 0.248369 0.236220,
        -0.360092 0.248369 0.236220,
        -0.360092 0.073124 0.236220,
        -0.386499 0.073124 0.236220,
        -0.386499 0.269974 0.236220,
        -1.101378 0.271175 0.236220,
        -0.567265 0.271175 0.236220,
        -0.285673 0.269974 0.236220,
        0.040811 0.401935 0.236220,
        0.225658 0.401935 0.236220,
        0.579268 0.401935 0.236220,
        1.179134 0.401935 0.236220,
        -1.101378 0.401935 0.236220,
        -0.567265 0.401935 0.236220,
        0.748031 0.649606 0.236220,
        0.748031 0.531496 0.236220,
        1.023622 0.531496 0.236220,
        1.179134 1.055118 0.236220,
        1.023622 0.649606 0.236220,
        0.579268 1.055118 0.236220,
        -0.567265 1.055118 0.236220,
        -0.277271 1.055118 0.236220,
        -0.103226 1.055118 0.236220,
        0.040811 1.055118 0.236220,
        0.225658 1.055118 0.236220,
        -1.023622 0.649606 0.236220,
        -1.101378 1.055118 0.236220,
        -0.748031 0.649606 0.236220,
        -0.748031 0.531496 0.236220,
        -1.023622 0.531496 0.236220,
        -1.179134 0.271175 0.236220,
        -1.179134 0.401935 0.236220,
        -1.179134 1.055118 0.236220,
        1.179134 1.055118 1.003937,
        -1.179134 1.055118 1.003937,
        1.179134 0.877953 1.988189,
        1.179134 1.055118 1.988189,
        1.179134 1.055118 2.755906,
        1.179134 0.877953 1.003937,
        -1.179134 1.055118 1.988189,
        -1.179134 1.055118 2.755906,
        -1.179134 0.877953 1.988189,
        -1.179134 0.877953 1.003937,
        1.177122 0.893237 1.003937,
        -1.177122 0.893237 1.003937,
        1.171222 0.907480 1.003937,
        -1.171222 0.907480 1.003937,
        -1.161837 0.919711 1.003937,
        -1.149606 0.929096 1.003937,
        1.135363 0.934996 1.003937,
        1.149606 0.929096 1.003937,
        1.161837 0.919711 1.003937,
        -1.135363 0.934996 1.003937,
        -1.120079 0.937008 1.003937,
        1.120079 0.937008 1.003937,
        -1.177122 0.893237 1.988189,
        -1.171222 0.907480 1.988189,
        1.177122 0.893237 1.988189,
        -1.135363 0.934996 1.988189,
        -1.149606 0.929096 1.988189,
        -1.161837 0.919711 1.988189,
        1.171222 0.907480 1.988189,
        1.161837 0.919711 1.988189,
        1.149606 0.929096 1.988189,
        1.135363 0.934996 1.988189,
        1.120079 0.937008 1.988189,
        -1.120079 0.937008 1.988189,
      ]
    }
    coordIndex [
      4, 1, 5, -1,
      0, 6, 7, -1,
      8, 9, 10, -1,
      10, 9, 11, -1,
      10, 11, 12, -1,
      13, 14, 8, -1,
      8, 14, 15, -1,
      8, 15, 16, -1,
      17, 18, 19, -1,
      19, 18, 9, -1,
      19, 9, 20, -1,
      20, 9, 8, -1,
      20, 8, 21, -1,
      21, 8, 16, -1,
      17, 22, 18, -1,
      18, 22, 23, -1,
      18, 23, 24, -1,
      24, 25, 18, -1,
      18, 25, 26, -1,
      18, 26, 27, -1,
      27, 28, 18, -1,
      18, 28, 29, -1,
      18, 29, 30, -1,
      31, 32, 33, -1,
      33, 32, 34, -1,
      30, 35, 18, -1,
      18, 35, 32, -1,
      18, 32, 36, -1,
      36, 32, 31, -1,
      37, 38, 14, -1,
      14, 38, 39, -1,
      14, 39, 15, -1,
      40, 41, 42, -1,
      43, 44, 45, -1,
      43, 45, 46, -1,
      47, 48, 42, -1,
      42, 48, 49, -1,
      42, 49, 40, -1,
      44, 50, 45, -1,
      45, 50, 51, -1,
      45, 51, 52, -1,
      41, 53, 42, -1,
      42, 53, 54, -1,
      42, 54, 55, -1,
      56, 57, 58, -1,
      58, 57, 59, -1,
      58, 59, 60, -1,
      4, 61, 62, -1,
      62, 61, 63, -1,
      62, 63, 37, -1,
      37, 63, 45, -1,
      37, 45, 38, -1,
      38, 45, 52, -1,
      0, 7, 64, -1,
      64, 7, 65, -1,
      64, 65, 66, -1,
      67, 68, 69, -1,
      70, 71, 72, -1,
      69, 68, 73, -1,
      73, 68, 74, -1,
      73, 74, 75, -1,
      72, 67, 70, -1,
      70, 67, 69, -1,
      70, 69, 76, -1,
      76, 69, 65, -1,
      76, 65, 75, -1,
      75, 65, 7, -1,
      75, 7, 73, -1,
      73, 7, 6, -1,
      77, 78, 73, -1,
      73, 78, 79, -1,
      73, 79, 80, -1,
      6, 81, 73, -1,
      73, 81, 82, -1,
      73, 82, 77, -1,
      83, 84, 69, -1,
      69, 84, 85, -1,
      69, 85, 86, -1,
      86, 87, 69, -1,
      69, 87, 88, -1,
      69, 88, 89, -1,
      89, 88, 90, -1,
      89, 90, 82, -1,
      82, 90, 91, -1,
      82, 91, 77, -1,
      80, 92, 73, -1,
      73, 92, 93, -1,
      73, 93, 94, -1,
      94, 95, 73, -1,
      73, 95, 96, -1,
      73, 96, 69, -1,
      69, 96, 97, -1,
      69, 97, 83, -1,
      81, 13, 82, -1,
      82, 13, 8, -1,
      82, 8, 98, -1,
      98, 99, 82, -1,
      82, 99, 100, -1,
      82, 100, 89, -1,
      89, 100, 101, -1,
      89, 101, 10, -1,
      10, 101, 102, -1,
      10, 102, 8, -1,
      8, 102, 103, -1,
      8, 103, 98, -1,
      104, 105, 106, -1,
      106, 105, 100, -1,
      106, 100, 107, -1,
      107, 100, 99, -1,
      107, 99, 108, -1,
      108, 99, 109, -1,
      110, 42, 45, -1,
      45, 42, 55, -1,
      45, 55, 46, -1,
      111, 110, 112, -1,
      112, 110, 45, -1,
      112, 45, 113, -1,
      113, 45, 63, -1,
      113, 63, 114, -1,
      61, 115, 63, -1,
      63, 115, 116, -1,
      63, 116, 114, -1,
      114, 116, 42, -1,
      114, 42, 117, -1,
      117, 42, 110, -1,
      12, 56, 10, -1,
      10, 56, 58, -1,
      10, 58, 89, -1,
      89, 58, 118, -1,
      89, 118, 69, -1,
      69, 118, 119, -1,
      69, 119, 65, -1,
      65, 119, 120, -1,
      65, 120, 66, -1,
      66, 120, 121, -1,
      115, 122, 116, -1,
      116, 122, 123, -1,
      116, 123, 42, -1,
      42, 123, 60, -1,
      42, 60, 47, -1,
      47, 60, 59, -1,
      124, 125, 120, -1,
      120, 125, 121, -1,
      121, 125, 126, -1,
      121, 126, 127, -1,
      127, 126, 128, -1,
      127, 128, 129, -1,
      123, 130, 60, -1,
      60, 130, 131, -1,
      60, 131, 58, -1,
      58, 131, 132, -1,
      58, 132, 118, -1,
      118, 132, 133, -1,
      118, 133, 119, -1,
      119, 133, 134, -1,
      119, 134, 120, -1,
      120, 134, 129, -1,
      120, 129, 124, -1,
      124, 129, 128, -1,
      135, 136, 137, -1,
      137, 136, 130, -1,
      137, 130, 138, -1,
      138, 130, 123, -1,
      138, 123, 139, -1,
      139, 123, 122, -1,
      139, 122, 135, -1,
      135, 122, 136, -1,
      4, 5, 61, -1,
      61, 5, 140, -1,
      61, 140, 115, -1,
      115, 140, 141, -1,
      115, 141, 122, -1,
      122, 141, 142, -1,
      122, 142, 136, -1,
      143, 127, 129, -1,
      129, 134, 143, -1,
      143, 134, 133, -1,
      143, 133, 144, -1,
      144, 133, 132, -1,
      144, 132, 131, -1,
      131, 130, 144, -1,
      144, 130, 136, -1,
      144, 136, 142, -1,
      145, 146, 147, -1,
      3, 0, 64, -1,
      127, 143, 121, -1,
      121, 143, 148, -1,
      147, 3, 145, -1,
      145, 3, 64, -1,
      145, 64, 148, -1,
      148, 64, 66, -1,
      148, 66, 121, -1,
      149, 150, 146, -1,
      146, 150, 147, -1,
      150, 149, 2, -1,
      2, 149, 151, -1,
      2, 151, 152, -1,
      144, 142, 152, -1,
      152, 142, 141, -1,
      1, 2, 5, -1,
      5, 2, 152, -1,
      5, 152, 140, -1,
      140, 152, 141, -1,
      1, 4, 2, -1,
      2, 4, 62, -1,
      62, 37, 2, -1,
      2, 37, 14, -1,
      2, 14, 3, -1,
      3, 14, 13, -1,
      13, 81, 3, -1,
      3, 81, 6, -1,
      3, 6, 0, -1,
      150, 2, 147, -1,
      147, 2, 3, -1,
      153, 148, 143, -1,
      144, 152, 154, -1,
      153, 143, 155, -1,
      154, 156, 144, -1,
      144, 156, 157, -1,
      144, 157, 158, -1,
      159, 160, 143, -1,
      143, 160, 161, -1,
      143, 161, 155, -1,
      158, 162, 144, -1,
      144, 162, 163, -1,
      144, 163, 143, -1,
      143, 163, 164, -1,
      143, 164, 159, -1,
      165, 151, 149, -1,
      165, 149, 166, -1,
      146, 145, 167, -1,
      168, 169, 149, -1,
      149, 169, 170, -1,
      149, 170, 166, -1,
      167, 171, 146, -1,
      146, 171, 172, -1,
      146, 172, 173, -1,
      173, 174, 146, -1,
      146, 174, 175, -1,
      146, 175, 149, -1,
      149, 175, 176, -1,
      149, 176, 168, -1,
      164, 163, 175, -1,
      175, 163, 176, -1,
      145, 148, 153, -1,
      145, 153, 167, -1,
      167, 153, 155, -1,
      167, 155, 171, -1,
      171, 155, 161, -1,
      171, 161, 172, -1,
      172, 161, 160, -1,
      172, 160, 173, -1,
      173, 160, 159, -1,
      173, 159, 174, -1,
      174, 159, 164, -1,
      174, 164, 175, -1,
      152, 151, 165, -1,
      152, 165, 154, -1,
      154, 165, 166, -1,
      154, 166, 156, -1,
      156, 166, 170, -1,
      156, 170, 157, -1,
      157, 170, 169, -1,
      157, 169, 158, -1,
      158, 169, 168, -1,
      158, 168, 162, -1,
      162, 168, 176, -1,
      162, 176, 163, -1,
    ]
  }
}

Shape {
  appearance Appearance {
    material Material {
      diffuseColor 0.8510 0.8510 0.8510
      specularColor 0.4235 0.4235 0.4235
      ambientIntensity 0.2
      transparency 0.0000
      shininess 0.5
    }
  }
  geometry IndexedFaceSet {
    ccw TRUE
    solid FALSE
    coord DEF co Coordinate {
      point [
        0.748031 0.649606 0.236220,
        0.748031 0.531496 0.236220,
        1.023622 0.531496 0.236220,
        1.023622 0.649606 0.236220,
        -1.023622 0.649606 0.236220,
        -0.748031 0.649606 0.236220,
        -0.748031 0.531496 0.236220,
        -1.023622 0.531496 0.236220,
        -0.748031 0.649606 -1.240157,
        -0.748031 0.531496 -1.240157,
        -1.023622 0.531496 -1.240157,
        -0.752727 0.531496 -1.275822,
        -0.766493 0.531496 -1.309055,
        -1.018927 0.531496 -1.275822,
        -1.005161 0.531496 -1.309055,
        -0.983263 0.531496 -1.337593,
        -0.954724 0.531496 -1.359492,
        -0.921491 0.531496 -1.373257,
        -0.885827 0.531496 -1.377953,
        -0.850163 0.531496 -1.373257,
        -0.788391 0.531496 -1.337593,
        -0.816929 0.531496 -1.359492,
        -1.023622 0.649606 -1.240157,
        -0.752727 0.649606 -1.275822,
        -0.766493 0.649606 -1.309055,
        -1.018927 0.649606 -1.275822,
        -0.816929 0.649606 -1.359492,
        -0.850163 0.649606 -1.373257,
        -1.005161 0.649606 -1.309055,
        -0.788391 0.649606 -1.337593,
        -0.885827 0.649606 -1.377953,
        -0.921491 0.649606 -1.373257,
        -0.983263 0.649606 -1.337593,
        -0.954724 0.649606 -1.359492,
        0.748031 0.649606 -1.240157,
        1.023622 0.649606 -1.240157,
        0.752727 0.649606 -1.275822,
        0.766493 0.649606 -1.309055,
        1.018927 0.649606 -1.275822,
        1.005161 0.649606 -1.309055,
        0.983263 0.649606 -1.337593,
        0.954724 0.649606 -1.359492,
        0.921491 0.649606 -1.373257,
        0.885827 0.649606 -1.377953,
        0.850163 0.649606 -1.373257,
        0.788391 0.649606 -1.337593,
        0.816929 0.649606 -1.359492,
        1.023622 0.531496 -1.240157,
        0.748031 0.531496 -1.240157,
        0.752727 0.531496 -1.275822,
        0.766493 0.531496 -1.309055,
        1.018927 0.531496 -1.275822,
        0.816929 0.531496 -1.359492,
        0.850163 0.531496 -1.373257,
        1.005161 0.531496 -1.309055,
        0.788391 0.531496 -1.337593,
        0.885827 0.531496 -1.377953,
        0.921491 0.531496 -1.373257,
        0.983263 0.531496 -1.337593,
        0.954724 0.531496 -1.359492,
      ]
    }
    coordIndex [
      8, 5, 9, -1,
      9, 5, 6, -1,
      6, 7, 9, -1,
      9, 7, 10, -1,
      9, 10, 11, -1,
      11, 10, 12, -1,
      12, 10, 13, -1,
      12, 13, 14, -1,
      14, 15, 12, -1,
      12, 15, 16, -1,
      12, 16, 17, -1,
      17, 18, 12, -1,
      12, 18, 19, -1,
      12, 19, 20, -1,
      20, 19, 21, -1,
      10, 7, 22, -1,
      22, 7, 4, -1,
      4, 5, 22, -1,
      22, 5, 8, -1,
      8, 23, 22, -1,
      22, 23, 24, -1,
      22, 24, 25, -1,
      26, 27, 28, -1,
      25, 24, 28, -1,
      28, 24, 29, -1,
      28, 29, 26, -1,
      27, 30, 28, -1,
      28, 30, 31, -1,
      28, 31, 32, -1,
      32, 31, 33, -1,
      0, 3, 34, -1,
      34, 3, 35, -1,
      34, 35, 36, -1,
      36, 35, 37, -1,
      37, 35, 38, -1,
      37, 38, 39, -1,
      39, 40, 37, -1,
      37, 40, 41, -1,
      37, 41, 42, -1,
      42, 43, 37, -1,
      37, 43, 44, -1,
      37, 44, 45, -1,
      45, 44, 46, -1,
      35, 3, 47, -1,
      47, 3, 2, -1,
      2, 1, 47, -1,
      47, 1, 48, -1,
      48, 49, 47, -1,
      47, 49, 50, -1,
      47, 50, 51, -1,
      52, 53, 54, -1,
      51, 50, 54, -1,
      54, 50, 55, -1,
      54, 55, 52, -1,
      53, 56, 54, -1,
      54, 56, 57, -1,
      54, 57, 58, -1,
      58, 57, 59, -1,
      48, 1, 34, -1,
      34, 1, 0, -1,
      48, 34, 36, -1,
      48, 36, 49, -1,
      49, 36, 37, -1,
      49, 37, 50, -1,
      50, 37, 45, -1,
      50, 45, 55, -1,
      55, 45, 46, -1,
      55, 46, 52, -1,
      52, 46, 44, -1,
      52, 44, 53, -1,
      53, 44, 43, -1,
      53, 43, 56, -1,
      35, 47, 51, -1,
      35, 51, 38, -1,
      38, 51, 54, -1,
      38, 54, 39, -1,
      39, 54, 58, -1,
      39, 58, 40, -1,
      40, 58, 59, -1,
      40, 59, 41, -1,
      41, 59, 57, -1,
      41, 57, 42, -1,
      42, 57, 56, -1,
      42, 56, 43, -1,
      10, 22, 25, -1,
      10, 25, 13, -1,
      13, 25, 28, -1,
      13, 28, 14, -1,
      14, 28, 32, -1,
      14, 32, 15, -1,
      15, 32, 33, -1,
      15, 33, 16, -1,
      16, 33, 31, -1,
      16, 31, 17, -1,
      17, 31, 30, -1,
      17, 30, 18, -1,
      8, 9, 11, -1,
      8, 11, 23, -1,
      23, 11, 12, -1,
      23, 12, 24, -1,
      24, 12, 20, -1,
      24, 20, 29, -1,
      29, 20, 21, -1,
      29, 21, 26, -1,
      26, 21, 19, -1,
      26, 19, 27, -1,
      27, 19, 18, -1,
      27, 18, 30, -1,
    ]
  }
}

Shape {
  appearance Appearance {
    material Material {
      diffuseColor 1.0000 1.0000 1.0000
      specularColor 0.8784 0.8784 0.8784
      ambientIntensity 0.2
      transparency 0.0000
      shininess 0.5
    }
  }
  geometry IndexedFaceSet {
    ccw TRUE
    solid FALSE
    coord DEF co Coordinate {
      point [
        -0.285673 0.248369 0.236220,
        -0.360092 0.248369 0.236220,
        -0.360092 0.073124 0.236220,
        -0.386499 0.073124 0.236220,
        -0.386499 0.269974 0.236220,
        -0.285673 0.269974 0.236220,
        -0.285673 0.248369 0.240157,
        -0.285673 0.269974 0.240157,
        -0.386499 0.269974 0.240157,
        -0.386499 0.073124 0.240157,
        -0.360092 0.073124 0.240157,
        -0.360092 0.248369 0.240157,
      ]
    }
    coordIndex [
      6, 7, 0, -1,
      0, 7, 5, -1,
      7, 8, 5, -1,
      5, 8, 4, -1,
      8, 9, 4, -1,
      4, 9, 3, -1,
      9, 10, 3, -1,
      3, 10, 2, -1,
      10, 11, 2, -1,
      2, 11, 1, -1,
    ]
  }
}

Shape {
  appearance Appearance {
    material Material {
      diffuseColor 0.8510 0.8510 0.8510
      specularColor 0.4235 0.4235 0.4235
      ambientIntensity 0.2
      transparency 0.0000
      shininess 0.5
    }
  }
  geometry IndexedFaceSet {
    ccw TRUE
    solid FALSE
    coord DEF co Coordinate {
      point [
        -0.285673 0.248369 0.236220,
        -0.360092 0.248369 0.236220,
        -0.285673 0.248369 0.240157,
        -0.360092 0.248369 0.240157,
      ]
    }
    coordIndex [
      3, 2, 1, -1,
      1, 2, 0, -1,
    ]
  }
}

Shape {
  appearance Appearance {
    material Material {
      diffuseColor 1.0000 1.0000 1.0000
      specularColor 0.8784 0.8784 0.8784
      ambientIntensity 0.2
      transparency 0.0000
      shininess 0.5
    }
  }
  geometry IndexedFaceSet {
    ccw TRUE
    solid FALSE
    coord DEF co Coordinate {
      point [
        -0.122431 0.238166 0.236220,
        -0.122431 0.259772 0.236220,
        -0.143415 0.268387 0.236220,
        -0.151361 0.071924 0.236220,
        -0.145191 0.072350 0.236220,
        -0.122431 0.078525 0.236220,
        -0.182657 0.071924 0.236220,
        -0.168756 0.070723 0.236220,
        -0.235914 0.253059 0.236220,
        -0.250322 0.237879 0.236220,
        -0.258465 0.124889 0.236220,
        -0.246717 0.106250 0.236220,
        -0.266041 0.147314 0.236220,
        -0.188172 0.271175 0.236220,
        -0.200817 0.269864 0.236220,
        -0.219931 0.263311 0.236220,
        -0.229538 0.089730 0.236220,
        -0.211138 0.079004 0.236220,
        -0.189543 0.072518 0.236220,
        -0.260833 0.219354 0.236220,
        -0.266934 0.198232 0.236220,
        -0.268869 0.175263 0.236220,
        -0.163306 0.271175 0.236220,
        -0.171213 0.272283 0.236220,
        -0.176595 0.272375 0.236220,
        -0.285673 0.248369 0.240157,
        -0.285673 0.269974 0.240157,
        -0.386499 0.269974 0.240157,
        -0.386499 0.073124 0.240157,
        -0.360092 0.073124 0.240157,
        -0.360092 0.248369 0.240157,
        -0.122431 0.238166 0.240157,
        -0.122431 0.259772 0.240157,
        -0.143415 0.268387 0.240157,
        -0.176595 0.272375 0.240157,
        -0.171213 0.272283 0.240157,
        -0.268869 0.175263 0.240157,
        -0.266934 0.198232 0.240157,
        -0.260833 0.219354 0.240157,
        -0.250322 0.237879 0.240157,
        -0.235914 0.253059 0.240157,
        -0.219931 0.263311 0.240157,
        -0.200817 0.269864 0.240157,
        -0.168756 0.070723 0.240157,
        -0.189543 0.072518 0.240157,
        -0.211138 0.079004 0.240157,
        -0.229538 0.089730 0.240157,
        -0.246717 0.106250 0.240157,
        -0.258465 0.124889 0.240157,
        -0.266041 0.147314 0.240157,
        -0.145191 0.072350 0.240157,
        -0.122431 0.078525 0.240157,
      ]
    }
    coordIndex [
      29, 28, 30, -1,
      30, 28, 27, -1,
      30, 27, 25, -1,
      25, 27, 26, -1,
      31, 32, 0, -1,
      0, 32, 1, -1,
      1, 32, 33, -1,
      34, 24, 23, -1,
      34, 23, 35, -1,
      35, 23, 22, -1,
      35, 22, 33, -1,
      33, 22, 2, -1,
      33, 2, 1, -1,
      36, 21, 20, -1,
      36, 20, 37, -1,
      37, 20, 19, -1,
      37, 19, 38, -1,
      38, 19, 9, -1,
      38, 9, 39, -1,
      39, 9, 8, -1,
      39, 8, 40, -1,
      40, 8, 15, -1,
      40, 15, 41, -1,
      41, 15, 14, -1,
      41, 14, 42, -1,
      42, 14, 34, -1,
      34, 14, 13, -1,
      34, 13, 24, -1,
      43, 7, 44, -1,
      44, 7, 6, -1,
      6, 18, 44, -1,
      44, 18, 17, -1,
      44, 17, 45, -1,
      45, 17, 16, -1,
      45, 16, 46, -1,
      46, 16, 11, -1,
      46, 11, 47, -1,
      47, 11, 10, -1,
      47, 10, 48, -1,
      48, 10, 12, -1,
      48, 12, 49, -1,
      49, 12, 21, -1,
      49, 21, 36, -1,
      7, 43, 3, -1,
      3, 43, 50, -1,
      3, 50, 4, -1,
      4, 50, 51, -1,
      4, 51, 5, -1,
    ]
  }
}

Shape {
  appearance Appearance {
    material Material {
      diffuseColor 0.8510 0.8510 0.8510
      specularColor 0.4235 0.4235 0.4235
      ambientIntensity 0.2
      transparency 0.0000
      shininess 0.5
    }
  }
  geometry IndexedFaceSet {
    ccw TRUE
    solid FALSE
    coord DEF co Coordinate {
      point [
        -0.122431 0.104932 0.236220,
        -0.122431 0.078525 0.236220,
        -0.122431 0.078525 0.240157,
        -0.122431 0.104932 0.240157,
      ]
    }
    coordIndex [
      2, 3, 1, -1,
      1, 3, 0, -1,
    ]
  }
}

Shape {
  appearance Appearance {
    material Material {
      diffuseColor 1.0000 1.0000 1.0000
      specularColor 0.8784 0.8784 0.8784
      ambientIntensity 0.2
      transparency 0.0000
      shininess 0.5
    }
  }
  geometry IndexedFaceSet {
    ccw TRUE
    solid FALSE
    coord DEF co Coordinate {
      point [
        -0.168531 0.092329 0.236220,
        -0.144604 0.095437 0.236220,
        -0.122431 0.104932 0.236220,
        -0.187913 0.094500 0.236220,
        -0.202570 0.099798 0.236220,
        -0.216517 0.109148 0.236220,
        -0.228350 0.122337 0.236220,
        -0.236383 0.137562 0.236220,
        -0.241591 0.158875 0.236220,
        -0.242462 0.173650 0.236220,
        -0.240472 0.194944 0.236220,
        -0.235128 0.211876 0.236220,
        -0.172957 0.250769 0.236220,
        -0.217791 0.235206 0.236220,
        -0.191224 0.248732 0.236220,
        -0.205703 0.243411 0.236220,
        -0.226944 0.225549 0.236220,
        -0.122431 0.104932 0.240157,
        -0.168531 0.092329 0.240157,
        -0.144604 0.095437 0.240157,
        -0.242462 0.173650 0.240157,
        -0.241591 0.158875 0.240157,
        -0.236383 0.137562 0.240157,
        -0.228350 0.122337 0.240157,
        -0.216517 0.109148 0.240157,
        -0.202570 0.099798 0.240157,
        -0.187913 0.094500 0.240157,
        -0.172957 0.250769 0.240157,
        -0.191224 0.248732 0.240157,
        -0.205703 0.243411 0.240157,
        -0.217791 0.235206 0.240157,
        -0.226944 0.225549 0.240157,
        -0.235128 0.211876 0.240157,
        -0.240472 0.194944 0.240157,
      ]
    }
    coordIndex [
      18, 0, 1, -1,
      18, 1, 19, -1,
      19, 1, 2, -1,
      19, 2, 17, -1,
      20, 9, 8, -1,
      20, 8, 21, -1,
      21, 8, 7, -1,
      21, 7, 22, -1,
      22, 7, 6, -1,
      22, 6, 23, -1,
      23, 6, 5, -1,
      23, 5, 24, -1,
      24, 5, 4, -1,
      24, 4, 25, -1,
      25, 4, 3, -1,
      25, 3, 26, -1,
      26, 3, 0, -1,
      26, 0, 18, -1,
      27, 12, 14, -1,
      27, 14, 28, -1,
      28, 14, 15, -1,
      28, 15, 29, -1,
      29, 15, 13, -1,
      29, 13, 30, -1,
      30, 13, 16, -1,
      30, 16, 31, -1,
      31, 16, 11, -1,
      31, 11, 32, -1,
      32, 11, 10, -1,
      32, 10, 33, -1,
      33, 10, 9, -1,
      33, 9, 20, -1,
    ]
  }
}

Shape {
  appearance Appearance {
    material Material {
      diffuseColor 0.8510 0.8510 0.8510
      specularColor 0.4235 0.4235 0.4235
      ambientIntensity 0.2
      transparency 0.0000
      shininess 0.5
    }
  }
  geometry IndexedFaceSet {
    ccw TRUE
    solid FALSE
    coord DEF co Coordinate {
      point [
        -0.122431 0.238166 0.236220,
        -0.125959 0.240120 0.236220,
        -0.172957 0.250769 0.236220,
        -0.146827 0.247869 0.236220,
        -0.122431 0.238166 0.240157,
        -0.172957 0.250769 0.240157,
        -0.125959 0.240120 0.240157,
        -0.146827 0.247869 0.240157,
      ]
    }
    coordIndex [
      4, 0, 1, -1,
      4, 1, 6, -1,
      6, 1, 3, -1,
      6, 3, 7, -1,
      7, 3, 2, -1,
      7, 2, 5, -1,
    ]
  }
}

Shape {
  appearance Appearance {
    material Material {
      diffuseColor 1.0000 1.0000 1.0000
      specularColor 0.8784 0.8784 0.8784
      ambientIntensity 0.2
      transparency 0.0000
      shininess 0.5
    }
  }
  geometry IndexedFaceSet {
    ccw TRUE
    solid FALSE
    coord DEF co Coordinate {
      point [
        0.016804 0.073124 0.236220,
        0.016804 0.094730 0.236220,
        0.021606 0.248369 0.236220,
        0.021606 0.269974 0.236220,
        -0.084022 0.269974 0.236220,
        -0.084022 0.073124 0.236220,
        -0.057615 0.181152 0.236220,
        -0.057615 0.248369 0.236220,
        0.012003 0.181152 0.236220,
        0.012003 0.159546 0.236220,
        -0.057615 0.159546 0.236220,
        -0.057615 0.094730 0.236220,
        -0.122431 0.238166 0.240157,
        -0.122431 0.259772 0.240157,
        -0.143415 0.268387 0.240157,
        -0.176595 0.272375 0.240157,
        -0.171213 0.272283 0.240157,
        -0.268869 0.175263 0.240157,
        -0.266934 0.198232 0.240157,
        -0.260833 0.219354 0.240157,
        -0.250322 0.237879 0.240157,
        -0.235914 0.253059 0.240157,
        -0.219931 0.263311 0.240157,
        -0.200817 0.269864 0.240157,
        -0.168756 0.070723 0.240157,
        -0.189543 0.072518 0.240157,
        -0.211138 0.079004 0.240157,
        -0.229538 0.089730 0.240157,
        -0.246717 0.106250 0.240157,
        -0.258465 0.124889 0.240157,
        -0.266041 0.147314 0.240157,
        -0.145191 0.072350 0.240157,
        -0.122431 0.078525 0.240157,
        -0.122431 0.104932 0.240157,
        -0.168531 0.092329 0.240157,
        -0.144604 0.095437 0.240157,
        -0.242462 0.173650 0.240157,
        -0.241591 0.158875 0.240157,
        -0.236383 0.137562 0.240157,
        -0.228350 0.122337 0.240157,
        -0.216517 0.109148 0.240157,
        -0.202570 0.099798 0.240157,
        -0.187913 0.094500 0.240157,
        -0.172957 0.250769 0.240157,
        -0.191224 0.248732 0.240157,
        -0.205703 0.243411 0.240157,
        -0.217791 0.235206 0.240157,
        -0.226944 0.225549 0.240157,
        -0.235128 0.211876 0.240157,
        -0.240472 0.194944 0.240157,
        -0.125959 0.240120 0.240157,
        -0.146827 0.247869 0.240157,
        0.021606 0.248369 0.240157,
        0.021606 0.269974 0.240157,
        -0.084022 0.269974 0.240157,
        -0.084022 0.073124 0.240157,
        0.016804 0.073124 0.240157,
        0.016804 0.094730 0.240157,
        -0.057615 0.094730 0.240157,
        -0.057615 0.159546 0.240157,
        0.012003 0.159546 0.240157,
        0.012003 0.181152 0.240157,
        -0.057615 0.181152 0.240157,
        -0.057615 0.248369 0.240157,
      ]
    }
    coordIndex [
      44, 15, 43, -1,
      43, 15, 16, -1,
      43, 16, 51, -1,
      51, 16, 14, -1,
      51, 14, 50, -1,
      50, 14, 13, -1,
      50, 13, 12, -1,
      33, 32, 35, -1,
      35, 32, 31, -1,
      35, 31, 34, -1,
      34, 31, 24, -1,
      34, 24, 42, -1,
      42, 24, 25, -1,
      42, 25, 41, -1,
      41, 25, 26, -1,
      41, 26, 40, -1,
      40, 26, 27, -1,
      40, 27, 39, -1,
      39, 27, 28, -1,
      39, 28, 38, -1,
      38, 28, 29, -1,
      38, 29, 37, -1,
      37, 29, 30, -1,
      37, 30, 36, -1,
      36, 30, 17, -1,
      36, 17, 49, -1,
      49, 17, 18, -1,
      49, 18, 48, -1,
      48, 18, 19, -1,
      48, 19, 47, -1,
      47, 19, 20, -1,
      47, 20, 46, -1,
      46, 20, 21, -1,
      46, 21, 45, -1,
      45, 21, 22, -1,
      45, 22, 44, -1,
      44, 22, 23, -1,
      44, 23, 15, -1,
      52, 53, 2, -1,
      2, 53, 3, -1,
      53, 54, 3, -1,
      3, 54, 4, -1,
      54, 55, 4, -1,
      4, 55, 5, -1,
      55, 56, 5, -1,
      5, 56, 0, -1,
      56, 57, 0, -1,
      0, 57, 1, -1,
      57, 58, 1, -1,
      1, 58, 11, -1,
      58, 59, 11, -1,
      11, 59, 10, -1,
      59, 60, 10, -1,
      10, 60, 9, -1,
      60, 61, 9, -1,
      9, 61, 8, -1,
      61, 62, 8, -1,
      8, 62, 6, -1,
      62, 63, 6, -1,
      6, 63, 7, -1,
      63, 52, 7, -1,
      7, 52, 2, -1,
      54, 53, 52, -1,
      52, 63, 54, -1,
      54, 63, 62, -1,
      54, 62, 55, -1,
      57, 56, 58, -1,
      58, 56, 55, -1,
      58, 55, 59, -1,
      59, 55, 62, -1,
      59, 62, 60, -1,
      60, 62, 61, -1,
    ]
  }
}

Shape {
  appearance Appearance {
    material Material {
      diffuseColor 0.8510 0.8510 0.8510
      specularColor 0.4235 0.4235 0.4235
      ambientIntensity 0.2
      transparency 0.0000
      shininess 0.5
    }
  }
  geometry IndexedFaceSet {
    ccw TRUE
    solid FALSE
    coord DEF co Coordinate {
      point [
        0.113542 0.269974 0.236220,
        0.060015 0.269974 0.236220,
        0.113542 0.269974 0.240157,
        0.060015 0.269974 0.240157,
      ]
    }
    coordIndex [
      2, 3, 0, -1,
      0, 3, 1, -1,
    ]
  }
}

Shape {
  appearance Appearance {
    material Material {
      diffuseColor 1.0000 1.0000 1.0000
      specularColor 0.8784 0.8784 0.8784
      ambientIntensity 0.2
      transparency 0.0000
      shininess 0.5
    }
  }
  geometry IndexedFaceSet {
    ccw TRUE
    solid FALSE
    coord DEF co Coordinate {
      point [
        0.115567 0.073124 0.236220,
        0.144006 0.076164 0.236220,
        0.167050 0.084250 0.236220,
        0.186550 0.096940 0.236220,
        0.060015 0.269974 0.236220,
        0.060015 0.073124 0.236220,
        0.194194 0.104027 0.236220,
        0.205998 0.119443 0.236220,
        0.214287 0.138549 0.236220,
        0.218080 0.159345 0.236220,
        0.218456 0.169074 0.236220,
        0.060015 0.269974 0.240157,
        0.060015 0.073124 0.240157,
        0.115567 0.073124 0.240157,
        0.218456 0.169074 0.240157,
        0.218080 0.159345 0.240157,
        0.214287 0.138549 0.240157,
        0.205998 0.119443 0.240157,
        0.194194 0.104027 0.240157,
        0.186550 0.096940 0.240157,
        0.167050 0.084250 0.240157,
        0.144006 0.076164 0.240157,
      ]
    }
    coordIndex [
      11, 12, 4, -1,
      4, 12, 5, -1,
      12, 13, 5, -1,
      5, 13, 0, -1,
      14, 10, 9, -1,
      14, 9, 15, -1,
      15, 9, 8, -1,
      15, 8, 16, -1,
      16, 8, 7, -1,
      16, 7, 17, -1,
      17, 7, 6, -1,
      17, 6, 18, -1,
      18, 6, 3, -1,
      18, 3, 19, -1,
      19, 3, 2, -1,
      19, 2, 20, -1,
      20, 2, 1, -1,
      20, 1, 21, -1,
      21, 1, 0, -1,
      21, 0, 13, -1,
    ]
  }
}

Shape {
  appearance Appearance {
    material Material {
      diffuseColor 0.8510 0.8510 0.8510
      specularColor 0.4235 0.4235 0.4235
      ambientIntensity 0.2
      transparency 0.0000
      shininess 0.5
    }
  }
  geometry IndexedFaceSet {
    ccw TRUE
    solid FALSE
    coord DEF co Coordinate {
      point [
        0.208655 0.215929 0.236220,
        0.197611 0.233292 0.236220,
        0.181522 0.248846 0.236220,
        0.161143 0.260846 0.236220,
        0.138483 0.267740 0.236220,
        0.113542 0.269974 0.236220,
        0.218456 0.169074 0.236220,
        0.215699 0.195415 0.236220,
        0.113542 0.269974 0.240157,
        0.218456 0.169074 0.240157,
        0.138483 0.267740 0.240157,
        0.161143 0.260846 0.240157,
        0.181522 0.248846 0.240157,
        0.197611 0.233292 0.240157,
        0.208655 0.215929 0.240157,
        0.215699 0.195415 0.240157,
      ]
    }
    coordIndex [
      8, 5, 4, -1,
      8, 4, 10, -1,
      10, 4, 3, -1,
      10, 3, 11, -1,
      11, 3, 2, -1,
      11, 2, 12, -1,
      12, 2, 1, -1,
      12, 1, 13, -1,
      13, 1, 0, -1,
      13, 0, 14, -1,
      14, 0, 7, -1,
      14, 7, 15, -1,
      15, 7, 6, -1,
      15, 6, 9, -1,
    ]
  }
}

Shape {
  appearance Appearance {
    material Material {
      diffuseColor 1.0000 1.0000 1.0000
      specularColor 0.8784 0.8784 0.8784
      ambientIntensity 0.2
      transparency 0.0000
      shininess 0.5
    }
  }
  geometry IndexedFaceSet {
    ccw TRUE
    solid FALSE
    coord DEF co Coordinate {
      point [
        0.261667 0.269974 0.236220,
        0.232859 0.269974 0.236220,
        0.381698 0.269974 0.236220,
        0.361780 0.214760 0.236220,
        0.280459 0.214760 0.236220,
        0.307279 0.073124 0.236220,
        0.333685 0.073124 0.236220,
        0.410505 0.269974 0.236220,
        0.113542 0.269974 0.240157,
        0.060015 0.269974 0.240157,
        0.060015 0.073124 0.240157,
        0.115567 0.073124 0.240157,
        0.218456 0.169074 0.240157,
        0.218080 0.159345 0.240157,
        0.214287 0.138549 0.240157,
        0.205998 0.119443 0.240157,
        0.194194 0.104027 0.240157,
        0.186550 0.096940 0.240157,
        0.167050 0.084250 0.240157,
        0.144006 0.076164 0.240157,
        0.138483 0.267740 0.240157,
        0.161143 0.260846 0.240157,
        0.181522 0.248846 0.240157,
        0.197611 0.233292 0.240157,
        0.208655 0.215929 0.240157,
        0.215699 0.195415 0.240157,
        0.192049 0.169636 0.240157,
        0.190377 0.150043 0.240157,
        0.185774 0.134490 0.240157,
        0.179035 0.122404 0.240157,
        0.169484 0.112234 0.240157,
        0.155144 0.102962 0.240157,
        0.138888 0.097237 0.240157,
        0.115455 0.094730 0.240157,
        0.086422 0.094730 0.240157,
        0.086422 0.248369 0.240157,
        0.114367 0.248369 0.240157,
        0.135163 0.246431 0.240157,
        0.151726 0.241269 0.240157,
        0.165033 0.233363 0.240157,
        0.176156 0.222411 0.240157,
        0.184400 0.208969 0.240157,
        0.189620 0.193315 0.240157,
        0.115455 0.094730 0.236220,
        0.086422 0.094730 0.236220,
        0.138888 0.097237 0.236220,
        0.155144 0.102962 0.236220,
        0.169484 0.112234 0.236220,
        0.179035 0.122404 0.236220,
        0.185774 0.134490 0.236220,
        0.190377 0.150043 0.236220,
        0.192049 0.169636 0.236220,
        0.189620 0.193315 0.236220,
        0.184400 0.208969 0.236220,
        0.176156 0.222411 0.236220,
        0.165033 0.233363 0.236220,
        0.151726 0.241269 0.236220,
        0.135163 0.246431 0.236220,
        0.114367 0.248369 0.236220,
        0.086422 0.248369 0.236220,
        0.333685 0.073124 0.240157,
        0.410505 0.269974 0.240157,
        0.381698 0.269974 0.240157,
        0.361780 0.214760 0.240157,
        0.280459 0.214760 0.240157,
        0.261667 0.269974 0.240157,
        0.232859 0.269974 0.240157,
        0.307279 0.073124 0.240157,
        0.287098 0.193155 0.240157,
        0.352928 0.193155 0.240157,
        0.316469 0.110934 0.240157,
        0.318330 0.104099 0.240157,
        0.319619 0.097130 0.240157,
        0.320257 0.097130 0.240157,
        0.321541 0.104085 0.240157,
        0.323295 0.110934 0.240157,
        0.287098 0.193155 0.236220,
        0.352928 0.193155 0.236220,
        0.316469 0.110934 0.236220,
        0.318330 0.104099 0.236220,
        0.319619 0.097130 0.236220,
        0.320257 0.097130 0.236220,
        0.321541 0.104085 0.236220,
        0.323295 0.110934 0.236220,
      ]
    }
    coordIndex [
      25, 12, 26, -1,
      26, 12, 13, -1,
      26, 13, 27, -1,
      27, 13, 14, -1,
      27, 14, 28, -1,
      28, 14, 15, -1,
      28, 15, 29, -1,
      29, 15, 16, -1,
      29, 16, 30, -1,
      30, 16, 17, -1,
      30, 17, 31, -1,
      31, 17, 18, -1,
      31, 18, 32, -1,
      32, 18, 19, -1,
      32, 19, 33, -1,
      33, 19, 11, -1,
      33, 11, 34, -1,
      34, 11, 10, -1,
      34, 10, 35, -1,
      35, 10, 9, -1,
      35, 9, 36, -1,
      36, 9, 8, -1,
      36, 8, 37, -1,
      37, 8, 20, -1,
      37, 20, 38, -1,
      38, 20, 21, -1,
      38, 21, 39, -1,
      39, 21, 22, -1,
      39, 22, 40, -1,
      40, 22, 23, -1,
      40, 23, 41, -1,
      41, 23, 24, -1,
      41, 24, 42, -1,
      42, 24, 25, -1,
      42, 25, 26, -1,
      33, 34, 43, -1,
      43, 34, 44, -1,
      33, 43, 45, -1,
      33, 45, 32, -1,
      32, 45, 46, -1,
      32, 46, 31, -1,
      31, 46, 47, -1,
      31, 47, 30, -1,
      30, 47, 48, -1,
      30, 48, 29, -1,
      29, 48, 49, -1,
      29, 49, 28, -1,
      28, 49, 50, -1,
      28, 50, 27, -1,
      27, 50, 51, -1,
      27, 51, 26, -1,
      26, 51, 52, -1,
      26, 52, 42, -1,
      42, 52, 53, -1,
      42, 53, 41, -1,
      41, 53, 54, -1,
      41, 54, 40, -1,
      40, 54, 55, -1,
      40, 55, 39, -1,
      39, 55, 56, -1,
      39, 56, 38, -1,
      38, 56, 57, -1,
      38, 57, 37, -1,
      37, 57, 58, -1,
      37, 58, 36, -1,
      35, 36, 59, -1,
      59, 36, 58, -1,
      34, 35, 44, -1,
      44, 35, 59, -1,
      60, 61, 6, -1,
      6, 61, 7, -1,
      61, 62, 7, -1,
      7, 62, 2, -1,
      62, 63, 2, -1,
      2, 63, 3, -1,
      63, 64, 3, -1,
      3, 64, 4, -1,
      64, 65, 4, -1,
      4, 65, 0, -1,
      65, 66, 0, -1,
      0, 66, 1, -1,
      66, 67, 1, -1,
      1, 67, 5, -1,
      67, 60, 5, -1,
      5, 60, 6, -1,
      68, 64, 69, -1,
      69, 64, 63, -1,
      70, 67, 68, -1,
      68, 67, 66, -1,
      68, 66, 64, -1,
      64, 66, 65, -1,
      70, 71, 67, -1,
      67, 71, 72, -1,
      67, 72, 60, -1,
      60, 72, 73, -1,
      60, 73, 74, -1,
      74, 75, 60, -1,
      60, 75, 69, -1,
      60, 69, 61, -1,
      61, 69, 63, -1,
      61, 63, 62, -1,
      68, 69, 76, -1,
      76, 69, 77, -1,
      70, 68, 78, -1,
      78, 68, 76, -1,
      70, 78, 79, -1,
      70, 79, 71, -1,
      71, 79, 80, -1,
      71, 80, 72, -1,
      73, 72, 81, -1,
      81, 72, 80, -1,
      73, 81, 82, -1,
      73, 82, 74, -1,
      74, 82, 83, -1,
      74, 83, 75, -1,
      69, 75, 77, -1,
      77, 75, 83, -1,
    ]
  }
}

Shape {
  appearance Appearance {
    material Material {
      diffuseColor 0.2235 0.2235 0.2235
      specularColor 0.1137 0.1137 0.1137
      ambientIntensity 0.2
      transparency 0.0000
      shininess 0.5
    }
  }
  geometry IndexedFaceSet {
    ccw TRUE
    solid FALSE
    coord DEF co Coordinate {
      point [
        0.115455 0.094730 0.236220,
        0.086422 0.094730 0.236220,
        0.138888 0.097237 0.236220,
        0.155144 0.102962 0.236220,
        0.169484 0.112234 0.236220,
        0.179035 0.122404 0.236220,
        0.185774 0.134490 0.236220,
        0.190377 0.150043 0.236220,
        0.192049 0.169636 0.236220,
        0.189620 0.193315 0.236220,
        0.184400 0.208969 0.236220,
        0.176156 0.222411 0.236220,
        0.165033 0.233363 0.236220,
        0.151726 0.241269 0.236220,
        0.135163 0.246431 0.236220,
        0.114367 0.248369 0.236220,
        0.086422 0.248369 0.236220,
        0.287098 0.193155 0.236220,
        0.352928 0.193155 0.236220,
        0.316469 0.110934 0.236220,
        0.318330 0.104099 0.236220,
        0.319619 0.097130 0.236220,
        0.320257 0.097130 0.236220,
        0.321541 0.104085 0.236220,
        0.323295 0.110934 0.236220,
      ]
    }
    coordIndex [
      1, 16, 0, -1,
      0, 16, 15, -1,
      9, 8, 0, -1,
      8, 7, 0, -1,
      0, 7, 6, -1,
      0, 6, 2, -1,
      15, 14, 0, -1,
      0, 14, 13, -1,
      0, 13, 12, -1,
      5, 4, 6, -1,
      6, 4, 3, -1,
      6, 3, 2, -1,
      12, 11, 0, -1,
      0, 11, 10, -1,
      0, 10, 9, -1,
      17, 18, 19, -1,
      19, 18, 24, -1,
      19, 24, 20, -1,
      20, 24, 23, -1,
      20, 23, 21, -1,
      21, 23, 22, -1,
    ]
  }
}

Shape {
  appearance Appearance {
    material Material {
      diffuseColor 0.0000 0.5686 1.0000
      specularColor 0.0000 0.2863 0.5020
      ambientIntensity 0.2
      transparency 0.0000
      shininess 0.5
    }
  }
  geometry IndexedFaceSet {
    ccw TRUE
    solid FALSE
    coord DEF co Coordinate {
      point [
        -0.239679 -1.598610 0.830284,
        -0.245384 -1.598610 0.832846,
        -0.260766 -0.433071 0.794879,
        -0.645391 -1.598610 1.332098,
        -0.645683 -1.598610 1.334582,
        -0.685975 -0.433071 1.328073,
        -0.639672 -1.598610 1.575988,
        -0.637438 -1.598610 1.584456,
        -0.677460 -0.433071 1.593602,
        0.030663 -1.598610 2.092438,
        0.041873 -1.598610 2.091383,
        0.044521 -0.433071 2.132431,
        0.423104 -1.598610 1.937910,
        0.424019 -1.598610 1.937057,
        0.450442 -0.433071 1.968091,
        0.576483 -1.598610 1.748200,
        0.579717 -1.598610 1.741427,
        0.616082 -0.433071 1.760386,
        0.399253 -1.598610 0.920759,
        0.391047 -1.598610 0.915030,
        0.415616 -0.433071 0.882089,
        0.176260 -0.433071 0.766821,
        0.165806 -1.598610 0.806736,
        0.088859 -0.433071 0.749800,
        0.121978 -1.598610 0.796269,
        0.260766 -0.433071 0.794879,
        0.245384 -1.598610 0.832846,
        0.239679 -1.598610 0.830284,
        0.181627 -1.598610 0.810515,
        0.295624 -1.598610 0.855403,
        0.340991 -0.433071 0.833513,
        0.320665 -1.598610 0.869600,
        0.348972 -1.598610 0.885650,
        0.446025 -1.598610 0.960423,
        0.483417 -0.433071 0.939808,
        0.454768 -1.598610 0.969373,
        0.488878 -1.598610 1.004292,
        0.543281 -0.433071 1.005725,
        0.510911 -1.598610 1.031544,
        0.594223 -0.433071 1.078755,
        0.559280 -1.598610 1.099946,
        0.527434 -1.598610 1.051981,
        0.635409 -0.433071 1.157700,
        0.590343 -1.598610 1.157114,
        0.561356 -1.598610 1.103072,
        0.666161 -0.433071 1.241263,
        0.614144 -1.598610 1.213633,
        0.597628 -1.598610 1.174412,
        0.645391 -1.598610 1.332098,
        0.632546 -1.598610 1.272132,
        0.626538 -1.598610 1.253034,
        0.645683 -1.598610 1.334582,
        0.685975 -0.433071 1.328073,
        0.652563 -1.598610 1.393003,
        0.694525 -0.433071 1.416704,
        0.653150 -1.598610 1.418025,
        0.677460 -0.433071 1.593602,
        0.637438 -1.598610 1.584456,
        0.639672 -1.598610 1.575988,
        0.691671 -0.433071 1.505701,
        0.649691 -1.598610 1.515486,
        0.650658 -1.598610 1.501757,
        0.654000 -1.598610 1.454312,
        0.624031 -1.598610 1.635286,
        0.652125 -0.433071 1.678964,
        0.613253 -1.598610 1.664660,
        0.602906 -1.598610 1.692858,
        0.544994 -1.598610 1.800824,
        0.569923 -0.433071 1.836530,
        0.536112 -1.598610 1.812929,
        0.508715 -1.598610 1.850268,
        0.514406 -0.433071 1.906146,
        0.483765 -1.598610 1.878329,
        0.467966 -1.598610 1.896098,
        0.374524 -1.598610 1.975338,
        0.379082 -0.433071 2.021348,
        0.356531 -1.598610 1.986686,
        0.210884 -1.598610 2.058233,
        0.267946 -1.598610 2.035765,
        0.301498 -0.433071 2.065043,
        0.283573 -1.598610 2.027849,
        0.322653 -1.598610 2.008052,
        0.206078 -1.598610 2.059623,
        0.218963 -0.433071 2.098458,
        0.151970 -1.598610 2.075260,
        0.132833 -0.433071 2.121044,
        0.124920 -1.598610 2.080394,
        0.091719 -1.598610 2.086695,
        -0.044521 -0.433071 2.132431,
        -0.041873 -1.598610 2.091383,
        -0.030663 -1.598610 2.092438,
        -0.000000 -1.598610 2.093157,
        -0.091719 -1.598610 2.086695,
        -0.132833 -0.433071 2.121044,
        -0.124920 -1.598610 2.080394,
        -0.218963 -0.433071 2.098458,
        -0.206078 -1.598610 2.059623,
        -0.151970 -1.598610 2.075260,
        -0.301498 -0.433071 2.065043,
        -0.267946 -1.598610 2.035765,
        -0.210884 -1.598610 2.058233,
        -0.379082 -0.433071 2.021348,
        -0.322653 -1.598610 2.008052,
        -0.283573 -1.598610 2.027849,
        -0.423104 -1.598610 1.937910,
        -0.374524 -1.598610 1.975338,
        -0.356531 -1.598610 1.986686,
        -0.424019 -1.598610 1.937057,
        -0.450442 -0.433071 1.968091,
        -0.467966 -1.598610 1.896098,
        -0.514406 -0.433071 1.906146,
        -0.483765 -1.598610 1.878329,
        -0.616082 -0.433071 1.760386,
        -0.579717 -1.598610 1.741427,
        -0.576483 -1.598610 1.748200,
        -0.569923 -0.433071 1.836530,
        -0.544994 -1.598610 1.800824,
        -0.536112 -1.598610 1.812929,
        -0.508715 -1.598610 1.850268,
        -0.602906 -1.598610 1.692858,
        -0.652125 -0.433071 1.678964,
        -0.613253 -1.598610 1.664660,
        -0.624031 -1.598610 1.635286,
        -0.649691 -1.598610 1.515486,
        -0.691671 -0.433071 1.505701,
        -0.650658 -1.598610 1.501757,
        -0.654000 -1.598610 1.454312,
        -0.694525 -0.433071 1.416704,
        -0.653150 -1.598610 1.418025,
        -0.652563 -1.598610 1.393003,
        -0.632546 -1.598610 1.272132,
        -0.666161 -0.433071 1.241263,
        -0.626538 -1.598610 1.253034,
        -0.561356 -1.598610 1.103072,
        -0.590343 -1.598610 1.157114,
        -0.635409 -0.433071 1.157700,
        -0.597628 -1.598610 1.174412,
        -0.614144 -1.598610 1.213633,
        -0.559280 -1.598610 1.099946,
        -0.594223 -0.433071 1.078755,
        -0.527434 -1.598610 1.051981,
        -0.543281 -0.433071 1.005725,
        -0.510911 -1.598610 1.031544,
        -0.415616 -0.433071 0.882089,
        -0.391047 -1.598610 0.915030,
        -0.399253 -1.598610 0.920759,
        -0.483417 -0.433071 0.939808,
        -0.446025 -1.598610 0.960423,
        -0.454768 -1.598610 0.969373,
        -0.488878 -1.598610 1.004292,
        -0.348972 -1.598610 0.885650,
        -0.340991 -0.433071 0.833513,
        -0.320665 -1.598610 0.869600,
        -0.295624 -1.598610 0.855403,
        -0.181627 -1.598610 0.810515,
        -0.176260 -0.433071 0.766821,
        -0.165806 -1.598610 0.806736,
        -0.121978 -1.598610 0.796269,
        -0.088859 -0.433071 0.749800,
        -0.083561 -1.598610 0.790829,
        0.083561 -1.598610 0.790829,
        0.061258 -1.598610 0.787670,
        0.000000 -0.433071 0.744094,
        0.000000 -1.598610 0.784796,
        -0.061258 -1.598610 0.787670,
        -0.000000 -1.712598 0.902834,
        0.050205 -1.712598 0.905190,
        0.000000 -1.712598 1.438976,
        -0.148854 -1.712598 0.923913,
        -0.099969 -1.712598 0.912237,
        -0.050205 -1.712598 0.905190,
        -0.286005 -1.712598 0.985490,
        -0.242283 -1.712598 0.960701,
        -0.196432 -1.712598 0.940115,
        -0.400666 -1.712598 1.082725,
        -0.365546 -1.712598 1.046772,
        -0.327213 -1.712598 1.014265,
        -0.483824 -1.712598 1.207972,
        -0.460066 -1.712598 1.163681,
        -0.432266 -1.712598 1.121809,
        -0.528938 -1.712598 1.351383,
        -0.518412 -1.712598 1.302237,
        -0.503330 -1.712598 1.254293,
        -0.532463 -1.712598 1.501681,
        -0.535995 -1.712598 1.451545,
        -0.534817 -1.712598 1.401298,
        -0.494120 -1.712598 1.647049,
        -0.511433 -1.712598 1.599865,
        -0.524251 -1.712598 1.551266,
        -0.416924 -1.712598 1.776056,
        -0.446657 -1.712598 1.735533,
        -0.472464 -1.712598 1.692404,
        -0.306946 -1.712598 1.878559,
        -0.346761 -1.712598 1.847884,
        -0.383528 -1.712598 1.813616,
        -0.172833 -1.712598 1.946497,
        -0.219599 -1.712598 1.928082,
        -0.264434 -1.712598 1.905370,
        -0.025130 -1.712598 1.974529,
        -0.075170 -1.712598 1.969823,
        -0.124549 -1.712598 1.960451,
        0.124549 -1.712598 1.960451,
        0.075170 -1.712598 1.969823,
        0.025130 -1.712598 1.974529,
        0.264434 -1.712598 1.905370,
        0.219599 -1.712598 1.928082,
        0.172833 -1.712598 1.946497,
        0.383528 -1.712598 1.813616,
        0.346761 -1.712598 1.847884,
        0.306946 -1.712598 1.878559,
        0.472464 -1.712598 1.692404,
        0.446657 -1.712598 1.735533,
        0.416924 -1.712598 1.776056,
        0.524251 -1.712598 1.551266,
        0.511433 -1.712598 1.599865,
        0.494120 -1.712598 1.647049,
        0.534817 -1.712598 1.401298,
        0.535995 -1.712598 1.451545,
        0.532463 -1.712598 1.501681,
        0.503330 -1.712598 1.254293,
        0.518412 -1.712598 1.302237,
        0.528938 -1.712598 1.351383,
        0.432266 -1.712598 1.121809,
        0.460066 -1.712598 1.163681,
        0.483824 -1.712598 1.207972,
        0.327213 -1.712598 1.014265,
        0.365546 -1.712598 1.046772,
        0.400666 -1.712598 1.082725,
        0.196432 -1.712598 0.940115,
        0.242283 -1.712598 0.960701,
        0.286005 -1.712598 0.985490,
        0.099969 -1.712598 0.912237,
        0.148854 -1.712598 0.923913,
        0.000000 -0.433071 1.438976,
        0.121283 -1.624203 0.799930,
        0.293940 -1.624203 0.858728,
        0.346984 -1.624203 0.888802,
        0.396978 -1.624203 0.923712,
        0.486093 -1.624203 1.006769,
        0.558157 -1.624203 1.104985,
        0.610644 -1.624203 1.214917,
        0.648845 -1.624203 1.393265,
        0.650274 -1.624203 1.454225,
        0.645989 -1.624203 1.515050,
        0.620476 -1.624203 1.634167,
        0.573199 -1.624203 1.746438,
        0.505817 -1.624203 1.847925,
        0.420694 -1.624203 1.935067,
        0.320815 -1.624203 2.004810,
        0.151104 -1.624203 2.071635,
        0.091197 -1.624203 2.083005,
        0.030488 -1.624203 2.088715,
        -0.030488 -1.624203 2.088715,
        -0.091197 -1.624203 2.083005,
        -0.209683 -1.624203 2.054706,
        -0.320815 -1.624203 2.004810,
        -0.465300 -1.624203 1.893493,
        -0.505817 -1.624203 1.847925,
        -0.541889 -1.624203 1.798762,
        -0.599471 -1.624203 1.691412,
        -0.620476 -1.624203 1.634167,
        -0.636027 -1.624203 1.575207,
        -0.650274 -1.624203 1.454225,
        -0.641713 -1.624203 1.332707,
        -0.610644 -1.624203 1.214917,
        -0.524429 -1.624203 1.054186,
        -0.486093 -1.624203 1.006769,
        -0.443484 -1.624203 0.963149,
        -0.346984 -1.624203 0.888802,
        -0.238313 -1.624203 0.833752,
        -0.121283 -1.624203 0.799930,
        -0.052613 -1.709767 0.879596,
        -0.104763 -1.709767 0.886980,
        -0.054904 -1.701407 0.855228,
        -0.109326 -1.701407 0.862935,
        -0.056971 -1.687922 0.833257,
        -0.113441 -1.687922 0.841253,
        -0.058713 -1.669956 0.814734,
        -0.116910 -1.669956 0.822975,
        -0.060047 -1.648371 0.800549,
        -0.119567 -1.648371 0.808977,
        -0.060909 -1.624203 0.791381,
        -0.253900 -1.709767 0.937768,
        -0.299718 -1.709767 0.963746,
        -0.264960 -1.701407 0.915935,
        -0.312774 -1.701407 0.943044,
        -0.274933 -1.687922 0.896248,
        -0.324547 -1.687922 0.924378,
        -0.283340 -1.669956 0.879652,
        -0.334471 -1.669956 0.908642,
        -0.289779 -1.648371 0.866942,
        -0.342072 -1.648371 0.896591,
        -0.293940 -1.624203 0.858728,
        -0.507022 -1.709767 1.196896,
        -0.527463 -1.709767 1.245438,
        -0.529109 -1.701407 1.186350,
        -0.550441 -1.701407 1.237007,
        -0.549024 -1.687922 1.176842,
        -0.571158 -1.687922 1.229405,
        -0.565813 -1.669956 1.168826,
        -0.588624 -1.669956 1.222996,
        -0.578670 -1.648371 1.162687,
        -0.602000 -1.648371 1.218089,
        -0.586980 -1.624203 1.158720,
        -0.560460 -1.709767 1.399492,
        -0.561695 -1.709767 1.452148,
        -0.584875 -1.701407 1.397772,
        -0.586163 -1.701407 1.452721,
        -0.606889 -1.687922 1.396221,
        -0.608226 -1.687922 1.453239,
        -0.625447 -1.669956 1.394913,
        -0.626825 -1.669956 1.453675,
        -0.639659 -1.648371 1.393912,
        -0.641069 -1.648371 1.454009,
        -0.648845 -1.624203 1.393265,
        -0.321664 -1.709767 1.899636,
        -0.277114 -1.709767 1.927733,
        -0.335676 -1.701407 1.919703,
        -0.289185 -1.701407 1.949024,
        -0.348311 -1.687922 1.937797,
        -0.300070 -1.687922 1.968221,
        -0.358961 -1.669956 1.953050,
        -0.309246 -1.669956 1.984406,
        -0.367119 -1.648371 1.964732,
        -0.316273 -1.648371 1.996800,
        -0.372391 -1.624203 1.972282,
        -0.130520 -1.709767 1.985456,
        -0.078774 -1.709767 1.995276,
        -0.136206 -1.701407 2.009261,
        -0.082206 -1.701407 2.019509,
        -0.141333 -1.687922 2.030725,
        -0.085300 -1.687922 2.041360,
        -0.145655 -1.669956 2.048821,
        -0.087908 -1.669956 2.059781,
        -0.148965 -1.648371 2.062679,
        -0.089906 -1.648371 2.073887,
        -0.151104 -1.624203 2.071635,
        0.230128 -1.709767 1.951535,
        0.277114 -1.709767 1.927733,
        0.240153 -1.701407 1.973862,
        0.289185 -1.701407 1.949024,
        0.249192 -1.687922 1.993995,
        0.300070 -1.687922 1.968221,
        0.256812 -1.669956 2.010967,
        0.309246 -1.669956 1.984406,
        0.262648 -1.648371 2.023965,
        0.316273 -1.648371 1.996800,
        0.266419 -1.624203 2.032365,
        0.401917 -1.709767 1.831580,
        0.436915 -1.709767 1.792219,
        0.419425 -1.701407 1.848682,
        0.455948 -1.701407 1.807606,
        0.435212 -1.687922 1.864103,
        0.473109 -1.687922 1.821481,
        0.448520 -1.669956 1.877103,
        0.487576 -1.669956 1.833178,
        0.458713 -1.648371 1.887059,
        0.498656 -1.648371 1.842135,
        0.465300 -1.624203 1.893493,
        0.517812 -1.709767 1.657026,
        0.535956 -1.709767 1.607579,
        0.540369 -1.701407 1.666524,
        0.559302 -1.701407 1.614923,
        0.560707 -1.687922 1.675089,
        0.580354 -1.687922 1.621546,
        0.577854 -1.669956 1.682309,
        0.598100 -1.669956 1.627128,
        0.590985 -1.648371 1.687838,
        0.611692 -1.648371 1.631404,
        0.599471 -1.624203 1.691412,
        0.543269 -1.709767 1.295681,
        0.527463 -1.709767 1.245438,
        0.566935 -1.701407 1.289439,
        0.550441 -1.701407 1.237007,
        0.588273 -1.687922 1.283810,
        0.571158 -1.687922 1.229405,
        0.606262 -1.669956 1.279065,
        0.588624 -1.669956 1.222996,
        0.620039 -1.648371 1.275431,
        0.602000 -1.648371 1.218089,
        0.628943 -1.624203 1.273083,
        0.452993 -1.709767 1.106602,
        0.419878 -1.709767 1.065643,
        0.472725 -1.701407 1.092123,
        0.438168 -1.701407 1.049380,
        0.490518 -1.687922 1.079068,
        0.454660 -1.687922 1.034717,
        0.505518 -1.669956 1.068062,
        0.468563 -1.669956 1.022355,
        0.517005 -1.648371 1.059633,
        0.479211 -1.648371 1.012887,
        0.524429 -1.624203 1.054186,
        0.155992 -1.709767 0.899216,
        0.104763 -1.709767 0.886980,
        0.162787 -1.701407 0.875703,
        0.109326 -1.701407 0.862935,
        0.168914 -1.687922 0.854502,
        0.113441 -1.687922 0.841253,
        0.174080 -1.669956 0.836630,
        0.116910 -1.669956 0.822975,
        0.178035 -1.648371 0.822942,
        0.119567 -1.648371 0.808977,
        0.180592 -1.624203 0.814096,
        0.000000 -1.709767 0.877127,
        0.000000 -1.701407 0.852652,
        0.000000 -1.687922 0.830583,
        0.000000 -1.669956 0.811979,
        0.000000 -1.648371 0.797731,
        0.000000 -1.624203 0.788523,
        -0.180592 -1.624203 0.814096,
        -0.178035 -1.648371 0.822942,
        -0.174080 -1.669956 0.836630,
        -0.168914 -1.687922 0.854502,
        -0.162787 -1.701407 0.875703,
        -0.155992 -1.709767 0.899216,
        -0.205850 -1.709767 0.916195,
        -0.214818 -1.701407 0.893422,
        -0.222903 -1.687922 0.872888,
        -0.229719 -1.669956 0.855577,
        -0.234939 -1.648371 0.842320,
        -0.396978 -1.624203 0.923712,
        -0.391358 -1.648371 0.931006,
        -0.382663 -1.669956 0.942293,
        -0.371309 -1.687922 0.957030,
        -0.357840 -1.701407 0.974512,
        -0.342902 -1.709767 0.993900,
        -0.383073 -1.709767 1.027966,
        -0.399761 -1.701407 1.010062,
        -0.414807 -1.687922 0.993918,
        -0.427492 -1.669956 0.980308,
        -0.437206 -1.648371 0.969885,
        -0.479211 -1.648371 1.012887,
        -0.468563 -1.669956 1.022355,
        -0.454660 -1.687922 1.034717,
        -0.438168 -1.701407 1.049380,
        -0.419878 -1.709767 1.065643,
        -0.517005 -1.648371 1.059633,
        -0.505518 -1.669956 1.068062,
        -0.490518 -1.687922 1.079068,
        -0.472725 -1.701407 1.092123,
        -0.452993 -1.709767 1.106602,
        -0.558157 -1.624203 1.104985,
        -0.550256 -1.648371 1.109713,
        -0.538030 -1.669956 1.117030,
        -0.522065 -1.687922 1.126582,
        -0.503128 -1.701407 1.137914,
        -0.482126 -1.709767 1.150481,
        -0.628943 -1.624203 1.273083,
        -0.620039 -1.648371 1.275431,
        -0.606262 -1.669956 1.279065,
        -0.588273 -1.687922 1.283810,
        -0.566935 -1.701407 1.289439,
        -0.543269 -1.709767 1.295681,
        -0.554300 -1.709767 1.347183,
        -0.578446 -1.701407 1.343184,
        -0.600219 -1.687922 1.339579,
        -0.618573 -1.669956 1.336539,
        -0.632629 -1.648371 1.334211,
        -0.645989 -1.624203 1.515050,
        -0.636844 -1.648371 1.513973,
        -0.622694 -1.669956 1.512307,
        -0.604218 -1.687922 1.510131,
        -0.582300 -1.701407 1.507550,
        -0.557994 -1.709767 1.504688,
        -0.549389 -1.709767 1.556650,
        -0.573320 -1.701407 1.561776,
        -0.594900 -1.687922 1.566398,
        -0.613091 -1.669956 1.570295,
        -0.627023 -1.648371 1.573279,
        -0.611692 -1.648371 1.631404,
        -0.598100 -1.669956 1.627128,
        -0.580354 -1.687922 1.621546,
        -0.559302 -1.701407 1.614923,
        -0.535956 -1.709767 1.607579,
        -0.590985 -1.648371 1.687838,
        -0.577854 -1.669956 1.682309,
        -0.560707 -1.687922 1.675089,
        -0.540369 -1.701407 1.666524,
        -0.517812 -1.709767 1.657026,
        -0.573199 -1.624203 1.746438,
        -0.565084 -1.648371 1.742086,
        -0.552528 -1.669956 1.735351,
        -0.536134 -1.687922 1.726557,
        -0.516686 -1.701407 1.716125,
        -0.495119 -1.709767 1.704556,
        -0.468074 -1.709767 1.749753,
        -0.488463 -1.701407 1.763291,
        -0.506849 -1.687922 1.775498,
        -0.522348 -1.669956 1.785788,
        -0.534217 -1.648371 1.793669,
        -0.498656 -1.648371 1.842135,
        -0.487576 -1.669956 1.833178,
        -0.473109 -1.687922 1.821481,
        -0.455948 -1.701407 1.807606,
        -0.436915 -1.709767 1.792219,
        -0.458713 -1.648371 1.887059,
        -0.448520 -1.669956 1.877103,
        -0.435212 -1.687922 1.864103,
        -0.419425 -1.701407 1.848682,
        -0.401917 -1.709767 1.831580,
        -0.420694 -1.624203 1.935067,
        -0.414738 -1.648371 1.928044,
        -0.405523 -1.669956 1.917178,
        -0.393490 -1.687922 1.902989,
        -0.379217 -1.701407 1.886157,
        -0.363387 -1.709767 1.867491,
        -0.266419 -1.624203 2.032365,
        -0.262648 -1.648371 2.023965,
        -0.256812 -1.669956 2.010967,
        -0.249192 -1.687922 1.993995,
        -0.240153 -1.701407 1.973862,
        -0.230128 -1.709767 1.951535,
        -0.181120 -1.709767 1.970832,
        -0.189010 -1.701407 1.994000,
        -0.196124 -1.687922 2.014891,
        -0.202122 -1.669956 2.032502,
        -0.206715 -1.648371 2.045989,
        -0.030057 -1.648371 2.079517,
        -0.029389 -1.669956 2.065284,
        -0.028517 -1.687922 2.046701,
        -0.027482 -1.701407 2.024656,
        -0.026335 -1.709767 2.000209,
        0.030057 -1.648371 2.079517,
        0.029389 -1.669956 2.065284,
        0.028517 -1.687922 2.046701,
        0.027482 -1.701407 2.024656,
        0.026335 -1.709767 2.000209,
        0.089906 -1.648371 2.073887,
        0.087908 -1.669956 2.059781,
        0.085300 -1.687922 2.041360,
        0.082206 -1.701407 2.019509,
        0.078774 -1.709767 1.995276,
        0.148965 -1.648371 2.062679,
        0.145655 -1.669956 2.048821,
        0.141333 -1.687922 2.030725,
        0.136206 -1.701407 2.009261,
        0.130520 -1.709767 1.985456,
        0.209683 -1.624203 2.054706,
        0.206715 -1.648371 2.045989,
        0.202122 -1.669956 2.032502,
        0.196124 -1.687922 2.014891,
        0.189010 -1.701407 1.994000,
        0.181120 -1.709767 1.970832,
        0.372391 -1.624203 1.972282,
        0.367119 -1.648371 1.964732,
        0.358961 -1.669956 1.953050,
        0.348311 -1.687922 1.937797,
        0.335676 -1.701407 1.919703,
        0.321664 -1.709767 1.899636,
        0.363387 -1.709767 1.867491,
        0.379217 -1.701407 1.886157,
        0.393490 -1.687922 1.902989,
        0.405523 -1.669956 1.917178,
        0.414738 -1.648371 1.928044,
        0.541889 -1.624203 1.798762,
        0.534217 -1.648371 1.793669,
        0.522348 -1.669956 1.785788,
        0.506849 -1.687922 1.775498,
        0.488463 -1.701407 1.763291,
        0.468074 -1.709767 1.749753,
        0.495119 -1.709767 1.704556,
        0.516686 -1.701407 1.716125,
        0.536134 -1.687922 1.726557,
        0.552528 -1.669956 1.735351,
        0.565084 -1.648371 1.742086,
        0.636027 -1.624203 1.575207,
        0.627023 -1.648371 1.573279,
        0.613091 -1.669956 1.570295,
        0.594900 -1.687922 1.566398,
        0.573320 -1.701407 1.561776,
        0.549389 -1.709767 1.556650,
        0.557994 -1.709767 1.504688,
        0.582300 -1.701407 1.507550,
        0.604218 -1.687922 1.510131,
        0.622694 -1.669956 1.512307,
        0.636844 -1.648371 1.513973,
        0.641069 -1.648371 1.454009,
        0.626825 -1.669956 1.453675,
        0.608226 -1.687922 1.453239,
        0.586163 -1.701407 1.452721,
        0.561695 -1.709767 1.452148,
        0.639659 -1.648371 1.393912,
        0.625447 -1.669956 1.394913,
        0.606889 -1.687922 1.396221,
        0.584875 -1.701407 1.397772,
        0.560460 -1.709767 1.399492,
        0.641713 -1.624203 1.332707,
        0.632629 -1.648371 1.334211,
        0.618573 -1.669956 1.336539,
        0.600219 -1.687922 1.339579,
        0.578446 -1.701407 1.343184,
        0.554300 -1.709767 1.347183,
        0.586980 -1.624203 1.158720,
        0.578670 -1.648371 1.162687,
        0.565813 -1.669956 1.168826,
        0.549024 -1.687922 1.176842,
        0.529109 -1.701407 1.186350,
        0.507022 -1.709767 1.196896,
        0.482126 -1.709767 1.150481,
        0.503128 -1.701407 1.137914,
        0.522065 -1.687922 1.126582,
        0.538030 -1.669956 1.117030,
        0.550256 -1.648371 1.109713,
        0.443484 -1.624203 0.963149,
        0.437206 -1.648371 0.969885,
        0.427492 -1.669956 0.980308,
        0.414807 -1.687922 0.993918,
        0.399761 -1.701407 1.010062,
        0.383073 -1.709767 1.027966,
        0.342902 -1.709767 0.993900,
        0.357840 -1.701407 0.974512,
        0.371309 -1.687922 0.957030,
        0.382663 -1.669956 0.942293,
        0.391358 -1.648371 0.931006,
        0.342072 -1.648371 0.896591,
        0.334471 -1.669956 0.908642,
        0.324547 -1.687922 0.924378,
        0.312774 -1.701407 0.943044,
        0.299718 -1.709767 0.963746,
        0.289779 -1.648371 0.866942,
        0.283340 -1.669956 0.879652,
        0.274933 -1.687922 0.896248,
        0.264960 -1.701407 0.915935,
        0.253900 -1.709767 0.937768,
        0.238313 -1.624203 0.833752,
        0.234939 -1.648371 0.842320,
        0.229719 -1.669956 0.855577,
        0.222903 -1.687922 0.872888,
        0.214818 -1.701407 0.893422,
        0.205850 -1.709767 0.916195,
        0.060909 -1.624203 0.791381,
        0.060047 -1.648371 0.800549,
        0.058713 -1.669956 0.814734,
        0.056971 -1.687922 0.833257,
        0.054904 -1.701407 0.855228,
        0.052613 -1.709767 0.879596,
      ]
    }
    coordIndex [
      0, 1, 2, -1,
      3, 4, 5, -1,
      6, 7, 8, -1,
      9, 10, 11, -1,
      12, 13, 14, -1,
      15, 16, 17, -1,
      18, 19, 20, -1,
      21, 22, 23, -1,
      23, 22, 24, -1,
      25, 26, 27, -1,
      25, 27, 21, -1,
      21, 27, 28, -1,
      21, 28, 22, -1,
      26, 25, 29, -1,
      29, 25, 30, -1,
      29, 30, 31, -1,
      20, 19, 30, -1,
      30, 19, 32, -1,
      30, 32, 31, -1,
      18, 20, 33, -1,
      33, 20, 34, -1,
      33, 34, 35, -1,
      35, 34, 36, -1,
      36, 34, 37, -1,
      36, 37, 38, -1,
      39, 40, 37, -1,
      37, 40, 41, -1,
      37, 41, 38, -1,
      42, 43, 39, -1,
      39, 43, 44, -1,
      39, 44, 40, -1,
      45, 46, 42, -1,
      42, 46, 47, -1,
      42, 47, 43, -1,
      48, 49, 45, -1,
      45, 49, 50, -1,
      45, 50, 46, -1,
      48, 45, 51, -1,
      51, 45, 52, -1,
      51, 52, 53, -1,
      53, 52, 54, -1,
      53, 54, 55, -1,
      56, 57, 58, -1,
      56, 58, 59, -1,
      58, 60, 59, -1,
      59, 60, 61, -1,
      59, 61, 54, -1,
      54, 61, 62, -1,
      54, 62, 55, -1,
      57, 56, 63, -1,
      63, 56, 64, -1,
      63, 64, 65, -1,
      17, 16, 64, -1,
      64, 16, 66, -1,
      64, 66, 65, -1,
      15, 17, 67, -1,
      67, 17, 68, -1,
      67, 68, 69, -1,
      69, 68, 70, -1,
      70, 68, 71, -1,
      70, 71, 72, -1,
      14, 13, 71, -1,
      71, 13, 73, -1,
      71, 73, 72, -1,
      12, 14, 74, -1,
      74, 14, 75, -1,
      74, 75, 76, -1,
      77, 78, 79, -1,
      79, 78, 80, -1,
      79, 80, 75, -1,
      75, 80, 81, -1,
      75, 81, 76, -1,
      77, 79, 82, -1,
      82, 79, 83, -1,
      82, 83, 84, -1,
      84, 83, 85, -1,
      84, 85, 86, -1,
      11, 10, 85, -1,
      85, 10, 87, -1,
      85, 87, 86, -1,
      88, 89, 90, -1,
      88, 90, 11, -1,
      11, 90, 91, -1,
      11, 91, 9, -1,
      89, 88, 92, -1,
      92, 88, 93, -1,
      92, 93, 94, -1,
      95, 96, 93, -1,
      93, 96, 97, -1,
      93, 97, 94, -1,
      98, 99, 95, -1,
      95, 99, 100, -1,
      95, 100, 96, -1,
      101, 102, 98, -1,
      98, 102, 103, -1,
      98, 103, 99, -1,
      104, 105, 101, -1,
      101, 105, 106, -1,
      101, 106, 102, -1,
      104, 101, 107, -1,
      107, 101, 108, -1,
      107, 108, 109, -1,
      109, 108, 110, -1,
      109, 110, 111, -1,
      112, 113, 114, -1,
      112, 114, 115, -1,
      114, 116, 115, -1,
      115, 116, 117, -1,
      115, 117, 110, -1,
      110, 117, 118, -1,
      110, 118, 111, -1,
      113, 112, 119, -1,
      119, 112, 120, -1,
      119, 120, 121, -1,
      8, 7, 120, -1,
      120, 7, 122, -1,
      120, 122, 121, -1,
      6, 8, 123, -1,
      123, 8, 124, -1,
      123, 124, 125, -1,
      125, 124, 126, -1,
      126, 124, 127, -1,
      126, 127, 128, -1,
      5, 4, 127, -1,
      127, 4, 129, -1,
      127, 129, 128, -1,
      3, 5, 130, -1,
      130, 5, 131, -1,
      130, 131, 132, -1,
      133, 134, 135, -1,
      135, 134, 136, -1,
      135, 136, 131, -1,
      131, 136, 137, -1,
      131, 137, 132, -1,
      133, 135, 138, -1,
      138, 135, 139, -1,
      138, 139, 140, -1,
      140, 139, 141, -1,
      140, 141, 142, -1,
      143, 144, 145, -1,
      143, 145, 146, -1,
      145, 147, 146, -1,
      146, 147, 148, -1,
      146, 148, 141, -1,
      141, 148, 149, -1,
      141, 149, 142, -1,
      144, 143, 150, -1,
      150, 143, 151, -1,
      150, 151, 152, -1,
      2, 1, 151, -1,
      151, 1, 153, -1,
      151, 153, 152, -1,
      0, 2, 154, -1,
      154, 2, 155, -1,
      154, 155, 156, -1,
      156, 155, 157, -1,
      157, 155, 158, -1,
      157, 158, 159, -1,
      24, 160, 23, -1,
      23, 160, 161, -1,
      23, 161, 162, -1,
      162, 161, 163, -1,
      162, 163, 158, -1,
      158, 163, 164, -1,
      158, 164, 159, -1,
      165, 166, 167, -1,
      168, 169, 167, -1,
      167, 169, 170, -1,
      167, 170, 165, -1,
      171, 172, 167, -1,
      167, 172, 173, -1,
      167, 173, 168, -1,
      174, 175, 167, -1,
      167, 175, 176, -1,
      167, 176, 171, -1,
      177, 178, 167, -1,
      167, 178, 179, -1,
      167, 179, 174, -1,
      180, 181, 167, -1,
      167, 181, 182, -1,
      167, 182, 177, -1,
      183, 184, 167, -1,
      167, 184, 185, -1,
      167, 185, 180, -1,
      186, 187, 167, -1,
      167, 187, 188, -1,
      167, 188, 183, -1,
      189, 190, 167, -1,
      167, 190, 191, -1,
      167, 191, 186, -1,
      192, 193, 167, -1,
      167, 193, 194, -1,
      167, 194, 189, -1,
      195, 196, 167, -1,
      167, 196, 197, -1,
      167, 197, 192, -1,
      198, 199, 167, -1,
      167, 199, 200, -1,
      167, 200, 195, -1,
      201, 202, 167, -1,
      167, 202, 203, -1,
      167, 203, 198, -1,
      204, 205, 167, -1,
      167, 205, 206, -1,
      167, 206, 201, -1,
      207, 208, 167, -1,
      167, 208, 209, -1,
      167, 209, 204, -1,
      210, 211, 167, -1,
      167, 211, 212, -1,
      167, 212, 207, -1,
      213, 214, 167, -1,
      167, 214, 215, -1,
      167, 215, 210, -1,
      216, 217, 167, -1,
      167, 217, 218, -1,
      167, 218, 213, -1,
      219, 220, 167, -1,
      167, 220, 221, -1,
      167, 221, 216, -1,
      222, 223, 167, -1,
      167, 223, 224, -1,
      167, 224, 219, -1,
      225, 226, 167, -1,
      167, 226, 227, -1,
      167, 227, 222, -1,
      228, 229, 167, -1,
      167, 229, 230, -1,
      167, 230, 225, -1,
      166, 231, 167, -1,
      167, 231, 232, -1,
      167, 232, 228, -1,
      162, 158, 233, -1,
      25, 21, 233, -1,
      233, 21, 23, -1,
      233, 23, 162, -1,
      34, 20, 233, -1,
      233, 20, 30, -1,
      233, 30, 25, -1,
      42, 39, 233, -1,
      233, 39, 37, -1,
      233, 37, 34, -1,
      54, 52, 233, -1,
      233, 52, 45, -1,
      233, 45, 42, -1,
      64, 56, 233, -1,
      233, 56, 59, -1,
      233, 59, 54, -1,
      71, 68, 233, -1,
      233, 68, 17, -1,
      233, 17, 64, -1,
      79, 75, 233, -1,
      233, 75, 14, -1,
      233, 14, 71, -1,
      11, 85, 233, -1,
      233, 85, 83, -1,
      233, 83, 79, -1,
      95, 93, 233, -1,
      233, 93, 88, -1,
      233, 88, 11, -1,
      108, 101, 233, -1,
      233, 101, 98, -1,
      233, 98, 95, -1,
      112, 115, 233, -1,
      233, 115, 110, -1,
      233, 110, 108, -1,
      124, 8, 233, -1,
      233, 8, 120, -1,
      233, 120, 112, -1,
      131, 5, 233, -1,
      233, 5, 127, -1,
      233, 127, 124, -1,
      141, 139, 233, -1,
      233, 139, 135, -1,
      233, 135, 131, -1,
      151, 143, 233, -1,
      233, 143, 146, -1,
      233, 146, 141, -1,
      158, 155, 233, -1,
      233, 155, 2, -1,
      233, 2, 151, -1,
      160, 24, 234, -1,
      26, 29, 235, -1,
      31, 32, 236, -1,
      19, 18, 237, -1,
      35, 36, 238, -1,
      40, 44, 239, -1,
      47, 46, 240, -1,
      51, 53, 241, -1,
      55, 62, 242, -1,
      61, 60, 243, -1,
      57, 63, 244, -1,
      16, 15, 245, -1,
      69, 70, 246, -1,
      13, 12, 247, -1,
      76, 81, 248, -1,
      82, 84, 249, -1,
      86, 87, 250, -1,
      10, 9, 251, -1,
      91, 90, 252, -1,
      89, 92, 253, -1,
      96, 100, 254, -1,
      103, 102, 255, -1,
      107, 109, 256, -1,
      111, 118, 257, -1,
      117, 116, 258, -1,
      113, 119, 259, -1,
      121, 122, 260, -1,
      7, 6, 261, -1,
      125, 126, 262, -1,
      4, 3, 263, -1,
      132, 137, 264, -1,
      138, 140, 265, -1,
      142, 149, 266, -1,
      148, 147, 267, -1,
      144, 150, 268, -1,
      1, 0, 269, -1,
      156, 157, 270, -1,
      170, 169, 271, -1,
      271, 169, 272, -1,
      271, 272, 273, -1,
      273, 272, 274, -1,
      273, 274, 275, -1,
      275, 274, 276, -1,
      275, 276, 277, -1,
      277, 276, 278, -1,
      277, 278, 279, -1,
      279, 278, 280, -1,
      279, 280, 281, -1,
      281, 280, 270, -1,
      172, 171, 282, -1,
      282, 171, 283, -1,
      282, 283, 284, -1,
      284, 283, 285, -1,
      284, 285, 286, -1,
      286, 285, 287, -1,
      286, 287, 288, -1,
      288, 287, 289, -1,
      288, 289, 290, -1,
      290, 289, 291, -1,
      290, 291, 292, -1,
      292, 291, 268, -1,
      177, 182, 293, -1,
      293, 182, 294, -1,
      293, 294, 295, -1,
      295, 294, 296, -1,
      295, 296, 297, -1,
      297, 296, 298, -1,
      297, 298, 299, -1,
      299, 298, 300, -1,
      299, 300, 301, -1,
      301, 300, 302, -1,
      301, 302, 303, -1,
      303, 302, 264, -1,
      185, 184, 304, -1,
      304, 184, 305, -1,
      304, 305, 306, -1,
      306, 305, 307, -1,
      306, 307, 308, -1,
      308, 307, 309, -1,
      308, 309, 310, -1,
      310, 309, 311, -1,
      310, 311, 312, -1,
      312, 311, 313, -1,
      312, 313, 314, -1,
      314, 313, 262, -1,
      192, 197, 315, -1,
      315, 197, 316, -1,
      315, 316, 317, -1,
      317, 316, 318, -1,
      317, 318, 319, -1,
      319, 318, 320, -1,
      319, 320, 321, -1,
      321, 320, 322, -1,
      321, 322, 323, -1,
      323, 322, 324, -1,
      323, 324, 325, -1,
      325, 324, 255, -1,
      200, 199, 326, -1,
      326, 199, 327, -1,
      326, 327, 328, -1,
      328, 327, 329, -1,
      328, 329, 330, -1,
      330, 329, 331, -1,
      330, 331, 332, -1,
      332, 331, 333, -1,
      332, 333, 334, -1,
      334, 333, 335, -1,
      334, 335, 336, -1,
      336, 335, 253, -1,
      205, 204, 337, -1,
      337, 204, 338, -1,
      337, 338, 339, -1,
      339, 338, 340, -1,
      339, 340, 341, -1,
      341, 340, 342, -1,
      341, 342, 343, -1,
      343, 342, 344, -1,
      343, 344, 345, -1,
      345, 344, 346, -1,
      345, 346, 347, -1,
      347, 346, 248, -1,
      207, 212, 348, -1,
      348, 212, 349, -1,
      348, 349, 350, -1,
      350, 349, 351, -1,
      350, 351, 352, -1,
      352, 351, 353, -1,
      352, 353, 354, -1,
      354, 353, 355, -1,
      354, 355, 356, -1,
      356, 355, 357, -1,
      356, 357, 358, -1,
      358, 357, 246, -1,
      215, 214, 359, -1,
      359, 214, 360, -1,
      359, 360, 361, -1,
      361, 360, 362, -1,
      361, 362, 363, -1,
      363, 362, 364, -1,
      363, 364, 365, -1,
      365, 364, 366, -1,
      365, 366, 367, -1,
      367, 366, 368, -1,
      367, 368, 369, -1,
      369, 368, 244, -1,
      220, 219, 370, -1,
      370, 219, 371, -1,
      370, 371, 372, -1,
      372, 371, 373, -1,
      372, 373, 374, -1,
      374, 373, 375, -1,
      374, 375, 376, -1,
      376, 375, 377, -1,
      376, 377, 378, -1,
      378, 377, 379, -1,
      378, 379, 380, -1,
      380, 379, 240, -1,
      222, 227, 381, -1,
      381, 227, 382, -1,
      381, 382, 383, -1,
      383, 382, 384, -1,
      383, 384, 385, -1,
      385, 384, 386, -1,
      385, 386, 387, -1,
      387, 386, 388, -1,
      387, 388, 389, -1,
      389, 388, 390, -1,
      389, 390, 391, -1,
      391, 390, 238, -1,
      232, 231, 392, -1,
      392, 231, 393, -1,
      392, 393, 394, -1,
      394, 393, 395, -1,
      394, 395, 396, -1,
      396, 395, 397, -1,
      396, 397, 398, -1,
      398, 397, 399, -1,
      398, 399, 400, -1,
      400, 399, 401, -1,
      400, 401, 402, -1,
      402, 401, 234, -1,
      165, 170, 403, -1,
      403, 170, 271, -1,
      403, 271, 404, -1,
      404, 271, 273, -1,
      404, 273, 405, -1,
      405, 273, 275, -1,
      405, 275, 406, -1,
      406, 275, 277, -1,
      406, 277, 407, -1,
      407, 277, 279, -1,
      407, 279, 408, -1,
      408, 279, 281, -1,
      408, 281, 163, -1,
      163, 281, 164, -1,
      270, 157, 281, -1,
      281, 157, 159, -1,
      281, 159, 164, -1,
      154, 156, 409, -1,
      409, 156, 270, -1,
      409, 270, 410, -1,
      410, 270, 280, -1,
      410, 280, 411, -1,
      411, 280, 278, -1,
      411, 278, 412, -1,
      412, 278, 276, -1,
      412, 276, 413, -1,
      413, 276, 274, -1,
      413, 274, 414, -1,
      414, 274, 272, -1,
      414, 272, 168, -1,
      168, 272, 169, -1,
      168, 173, 414, -1,
      414, 173, 415, -1,
      414, 415, 413, -1,
      413, 415, 416, -1,
      413, 416, 412, -1,
      412, 416, 417, -1,
      412, 417, 411, -1,
      411, 417, 418, -1,
      411, 418, 410, -1,
      410, 418, 419, -1,
      410, 419, 409, -1,
      409, 419, 269, -1,
      409, 269, 154, -1,
      154, 269, 0, -1,
      153, 1, 292, -1,
      292, 1, 269, -1,
      292, 269, 290, -1,
      290, 269, 419, -1,
      290, 419, 288, -1,
      288, 419, 418, -1,
      288, 418, 286, -1,
      286, 418, 417, -1,
      286, 417, 284, -1,
      284, 417, 416, -1,
      284, 416, 282, -1,
      282, 416, 415, -1,
      282, 415, 172, -1,
      172, 415, 173, -1,
      268, 150, 292, -1,
      292, 150, 152, -1,
      292, 152, 153, -1,
      145, 144, 420, -1,
      420, 144, 268, -1,
      420, 268, 421, -1,
      421, 268, 291, -1,
      421, 291, 422, -1,
      422, 291, 289, -1,
      422, 289, 423, -1,
      423, 289, 287, -1,
      423, 287, 424, -1,
      424, 287, 285, -1,
      424, 285, 425, -1,
      425, 285, 283, -1,
      425, 283, 176, -1,
      176, 283, 171, -1,
      176, 175, 425, -1,
      425, 175, 426, -1,
      425, 426, 424, -1,
      424, 426, 427, -1,
      424, 427, 423, -1,
      423, 427, 428, -1,
      423, 428, 422, -1,
      422, 428, 429, -1,
      422, 429, 421, -1,
      421, 429, 430, -1,
      421, 430, 420, -1,
      420, 430, 267, -1,
      420, 267, 145, -1,
      145, 267, 147, -1,
      149, 148, 266, -1,
      266, 148, 267, -1,
      266, 267, 431, -1,
      431, 267, 430, -1,
      431, 430, 432, -1,
      432, 430, 429, -1,
      432, 429, 433, -1,
      433, 429, 428, -1,
      433, 428, 434, -1,
      434, 428, 427, -1,
      434, 427, 435, -1,
      435, 427, 426, -1,
      435, 426, 174, -1,
      174, 426, 175, -1,
      140, 142, 265, -1,
      265, 142, 266, -1,
      265, 266, 436, -1,
      436, 266, 431, -1,
      436, 431, 437, -1,
      437, 431, 432, -1,
      437, 432, 438, -1,
      438, 432, 433, -1,
      438, 433, 439, -1,
      439, 433, 434, -1,
      439, 434, 440, -1,
      440, 434, 435, -1,
      440, 435, 179, -1,
      179, 435, 174, -1,
      133, 138, 441, -1,
      441, 138, 265, -1,
      441, 265, 442, -1,
      442, 265, 436, -1,
      442, 436, 443, -1,
      443, 436, 437, -1,
      443, 437, 444, -1,
      444, 437, 438, -1,
      444, 438, 445, -1,
      445, 438, 439, -1,
      445, 439, 446, -1,
      446, 439, 440, -1,
      446, 440, 178, -1,
      178, 440, 179, -1,
      178, 177, 446, -1,
      446, 177, 293, -1,
      446, 293, 445, -1,
      445, 293, 295, -1,
      445, 295, 444, -1,
      444, 295, 297, -1,
      444, 297, 443, -1,
      443, 297, 299, -1,
      443, 299, 442, -1,
      442, 299, 301, -1,
      442, 301, 441, -1,
      441, 301, 303, -1,
      441, 303, 133, -1,
      133, 303, 134, -1,
      264, 137, 303, -1,
      303, 137, 136, -1,
      303, 136, 134, -1,
      130, 132, 447, -1,
      447, 132, 264, -1,
      447, 264, 448, -1,
      448, 264, 302, -1,
      448, 302, 449, -1,
      449, 302, 300, -1,
      449, 300, 450, -1,
      450, 300, 298, -1,
      450, 298, 451, -1,
      451, 298, 296, -1,
      451, 296, 452, -1,
      452, 296, 294, -1,
      452, 294, 181, -1,
      181, 294, 182, -1,
      181, 180, 452, -1,
      452, 180, 453, -1,
      452, 453, 451, -1,
      451, 453, 454, -1,
      451, 454, 450, -1,
      450, 454, 455, -1,
      450, 455, 449, -1,
      449, 455, 456, -1,
      449, 456, 448, -1,
      448, 456, 457, -1,
      448, 457, 447, -1,
      447, 457, 263, -1,
      447, 263, 130, -1,
      130, 263, 3, -1,
      129, 4, 314, -1,
      314, 4, 263, -1,
      314, 263, 312, -1,
      312, 263, 457, -1,
      312, 457, 310, -1,
      310, 457, 456, -1,
      310, 456, 308, -1,
      308, 456, 455, -1,
      308, 455, 306, -1,
      306, 455, 454, -1,
      306, 454, 304, -1,
      304, 454, 453, -1,
      304, 453, 185, -1,
      185, 453, 180, -1,
      262, 126, 314, -1,
      314, 126, 128, -1,
      314, 128, 129, -1,
      123, 125, 458, -1,
      458, 125, 262, -1,
      458, 262, 459, -1,
      459, 262, 313, -1,
      459, 313, 460, -1,
      460, 313, 311, -1,
      460, 311, 461, -1,
      461, 311, 309, -1,
      461, 309, 462, -1,
      462, 309, 307, -1,
      462, 307, 463, -1,
      463, 307, 305, -1,
      463, 305, 183, -1,
      183, 305, 184, -1,
      183, 188, 463, -1,
      463, 188, 464, -1,
      463, 464, 462, -1,
      462, 464, 465, -1,
      462, 465, 461, -1,
      461, 465, 466, -1,
      461, 466, 460, -1,
      460, 466, 467, -1,
      460, 467, 459, -1,
      459, 467, 468, -1,
      459, 468, 458, -1,
      458, 468, 261, -1,
      458, 261, 123, -1,
      123, 261, 6, -1,
      122, 7, 260, -1,
      260, 7, 261, -1,
      260, 261, 469, -1,
      469, 261, 468, -1,
      469, 468, 470, -1,
      470, 468, 467, -1,
      470, 467, 471, -1,
      471, 467, 466, -1,
      471, 466, 472, -1,
      472, 466, 465, -1,
      472, 465, 473, -1,
      473, 465, 464, -1,
      473, 464, 187, -1,
      187, 464, 188, -1,
      119, 121, 259, -1,
      259, 121, 260, -1,
      259, 260, 474, -1,
      474, 260, 469, -1,
      474, 469, 475, -1,
      475, 469, 470, -1,
      475, 470, 476, -1,
      476, 470, 471, -1,
      476, 471, 477, -1,
      477, 471, 472, -1,
      477, 472, 478, -1,
      478, 472, 473, -1,
      478, 473, 186, -1,
      186, 473, 187, -1,
      114, 113, 479, -1,
      479, 113, 259, -1,
      479, 259, 480, -1,
      480, 259, 474, -1,
      480, 474, 481, -1,
      481, 474, 475, -1,
      481, 475, 482, -1,
      482, 475, 476, -1,
      482, 476, 483, -1,
      483, 476, 477, -1,
      483, 477, 484, -1,
      484, 477, 478, -1,
      484, 478, 191, -1,
      191, 478, 186, -1,
      191, 190, 484, -1,
      484, 190, 485, -1,
      484, 485, 483, -1,
      483, 485, 486, -1,
      483, 486, 482, -1,
      482, 486, 487, -1,
      482, 487, 481, -1,
      481, 487, 488, -1,
      481, 488, 480, -1,
      480, 488, 489, -1,
      480, 489, 479, -1,
      479, 489, 258, -1,
      479, 258, 114, -1,
      114, 258, 116, -1,
      118, 117, 257, -1,
      257, 117, 258, -1,
      257, 258, 490, -1,
      490, 258, 489, -1,
      490, 489, 491, -1,
      491, 489, 488, -1,
      491, 488, 492, -1,
      492, 488, 487, -1,
      492, 487, 493, -1,
      493, 487, 486, -1,
      493, 486, 494, -1,
      494, 486, 485, -1,
      494, 485, 189, -1,
      189, 485, 190, -1,
      109, 111, 256, -1,
      256, 111, 257, -1,
      256, 257, 495, -1,
      495, 257, 490, -1,
      495, 490, 496, -1,
      496, 490, 491, -1,
      496, 491, 497, -1,
      497, 491, 492, -1,
      497, 492, 498, -1,
      498, 492, 493, -1,
      498, 493, 499, -1,
      499, 493, 494, -1,
      499, 494, 194, -1,
      194, 494, 189, -1,
      104, 107, 500, -1,
      500, 107, 256, -1,
      500, 256, 501, -1,
      501, 256, 495, -1,
      501, 495, 502, -1,
      502, 495, 496, -1,
      502, 496, 503, -1,
      503, 496, 497, -1,
      503, 497, 504, -1,
      504, 497, 498, -1,
      504, 498, 505, -1,
      505, 498, 499, -1,
      505, 499, 193, -1,
      193, 499, 194, -1,
      193, 192, 505, -1,
      505, 192, 315, -1,
      505, 315, 504, -1,
      504, 315, 317, -1,
      504, 317, 503, -1,
      503, 317, 319, -1,
      503, 319, 502, -1,
      502, 319, 321, -1,
      502, 321, 501, -1,
      501, 321, 323, -1,
      501, 323, 500, -1,
      500, 323, 325, -1,
      500, 325, 104, -1,
      104, 325, 105, -1,
      255, 102, 325, -1,
      325, 102, 106, -1,
      325, 106, 105, -1,
      99, 103, 506, -1,
      506, 103, 255, -1,
      506, 255, 507, -1,
      507, 255, 324, -1,
      507, 324, 508, -1,
      508, 324, 322, -1,
      508, 322, 509, -1,
      509, 322, 320, -1,
      509, 320, 510, -1,
      510, 320, 318, -1,
      510, 318, 511, -1,
      511, 318, 316, -1,
      511, 316, 196, -1,
      196, 316, 197, -1,
      196, 195, 511, -1,
      511, 195, 512, -1,
      511, 512, 510, -1,
      510, 512, 513, -1,
      510, 513, 509, -1,
      509, 513, 514, -1,
      509, 514, 508, -1,
      508, 514, 515, -1,
      508, 515, 507, -1,
      507, 515, 516, -1,
      507, 516, 506, -1,
      506, 516, 254, -1,
      506, 254, 99, -1,
      99, 254, 100, -1,
      97, 96, 336, -1,
      336, 96, 254, -1,
      336, 254, 334, -1,
      334, 254, 516, -1,
      334, 516, 332, -1,
      332, 516, 515, -1,
      332, 515, 330, -1,
      330, 515, 514, -1,
      330, 514, 328, -1,
      328, 514, 513, -1,
      328, 513, 326, -1,
      326, 513, 512, -1,
      326, 512, 200, -1,
      200, 512, 195, -1,
      253, 92, 336, -1,
      336, 92, 94, -1,
      336, 94, 97, -1,
      90, 89, 252, -1,
      252, 89, 253, -1,
      252, 253, 517, -1,
      517, 253, 335, -1,
      517, 335, 518, -1,
      518, 335, 333, -1,
      518, 333, 519, -1,
      519, 333, 331, -1,
      519, 331, 520, -1,
      520, 331, 329, -1,
      520, 329, 521, -1,
      521, 329, 327, -1,
      521, 327, 198, -1,
      198, 327, 199, -1,
      9, 91, 251, -1,
      251, 91, 252, -1,
      251, 252, 522, -1,
      522, 252, 517, -1,
      522, 517, 523, -1,
      523, 517, 518, -1,
      523, 518, 524, -1,
      524, 518, 519, -1,
      524, 519, 525, -1,
      525, 519, 520, -1,
      525, 520, 526, -1,
      526, 520, 521, -1,
      526, 521, 203, -1,
      203, 521, 198, -1,
      87, 10, 250, -1,
      250, 10, 251, -1,
      250, 251, 527, -1,
      527, 251, 522, -1,
      527, 522, 528, -1,
      528, 522, 523, -1,
      528, 523, 529, -1,
      529, 523, 524, -1,
      529, 524, 530, -1,
      530, 524, 525, -1,
      530, 525, 531, -1,
      531, 525, 526, -1,
      531, 526, 202, -1,
      202, 526, 203, -1,
      84, 86, 249, -1,
      249, 86, 250, -1,
      249, 250, 532, -1,
      532, 250, 527, -1,
      532, 527, 533, -1,
      533, 527, 528, -1,
      533, 528, 534, -1,
      534, 528, 529, -1,
      534, 529, 535, -1,
      535, 529, 530, -1,
      535, 530, 536, -1,
      536, 530, 531, -1,
      536, 531, 201, -1,
      201, 531, 202, -1,
      77, 82, 537, -1,
      537, 82, 249, -1,
      537, 249, 538, -1,
      538, 249, 532, -1,
      538, 532, 539, -1,
      539, 532, 533, -1,
      539, 533, 540, -1,
      540, 533, 534, -1,
      540, 534, 541, -1,
      541, 534, 535, -1,
      541, 535, 542, -1,
      542, 535, 536, -1,
      542, 536, 206, -1,
      206, 536, 201, -1,
      206, 205, 542, -1,
      542, 205, 337, -1,
      542, 337, 541, -1,
      541, 337, 339, -1,
      541, 339, 540, -1,
      540, 339, 341, -1,
      540, 341, 539, -1,
      539, 341, 343, -1,
      539, 343, 538, -1,
      538, 343, 345, -1,
      538, 345, 537, -1,
      537, 345, 347, -1,
      537, 347, 77, -1,
      77, 347, 78, -1,
      248, 81, 347, -1,
      347, 81, 80, -1,
      347, 80, 78, -1,
      74, 76, 543, -1,
      543, 76, 248, -1,
      543, 248, 544, -1,
      544, 248, 346, -1,
      544, 346, 545, -1,
      545, 346, 344, -1,
      545, 344, 546, -1,
      546, 344, 342, -1,
      546, 342, 547, -1,
      547, 342, 340, -1,
      547, 340, 548, -1,
      548, 340, 338, -1,
      548, 338, 209, -1,
      209, 338, 204, -1,
      209, 208, 548, -1,
      548, 208, 549, -1,
      548, 549, 547, -1,
      547, 549, 550, -1,
      547, 550, 546, -1,
      546, 550, 551, -1,
      546, 551, 545, -1,
      545, 551, 552, -1,
      545, 552, 544, -1,
      544, 552, 553, -1,
      544, 553, 543, -1,
      543, 553, 247, -1,
      543, 247, 74, -1,
      74, 247, 12, -1,
      73, 13, 358, -1,
      358, 13, 247, -1,
      358, 247, 356, -1,
      356, 247, 553, -1,
      356, 553, 354, -1,
      354, 553, 552, -1,
      354, 552, 352, -1,
      352, 552, 551, -1,
      352, 551, 350, -1,
      350, 551, 550, -1,
      350, 550, 348, -1,
      348, 550, 549, -1,
      348, 549, 207, -1,
      207, 549, 208, -1,
      246, 70, 358, -1,
      358, 70, 72, -1,
      358, 72, 73, -1,
      67, 69, 554, -1,
      554, 69, 246, -1,
      554, 246, 555, -1,
      555, 246, 357, -1,
      555, 357, 556, -1,
      556, 357, 355, -1,
      556, 355, 557, -1,
      557, 355, 353, -1,
      557, 353, 558, -1,
      558, 353, 351, -1,
      558, 351, 559, -1,
      559, 351, 349, -1,
      559, 349, 211, -1,
      211, 349, 212, -1,
      211, 210, 559, -1,
      559, 210, 560, -1,
      559, 560, 558, -1,
      558, 560, 561, -1,
      558, 561, 557, -1,
      557, 561, 562, -1,
      557, 562, 556, -1,
      556, 562, 563, -1,
      556, 563, 555, -1,
      555, 563, 564, -1,
      555, 564, 554, -1,
      554, 564, 245, -1,
      554, 245, 67, -1,
      67, 245, 15, -1,
      66, 16, 369, -1,
      369, 16, 245, -1,
      369, 245, 367, -1,
      367, 245, 564, -1,
      367, 564, 365, -1,
      365, 564, 563, -1,
      365, 563, 363, -1,
      363, 563, 562, -1,
      363, 562, 361, -1,
      361, 562, 561, -1,
      361, 561, 359, -1,
      359, 561, 560, -1,
      359, 560, 215, -1,
      215, 560, 210, -1,
      244, 63, 369, -1,
      369, 63, 65, -1,
      369, 65, 66, -1,
      58, 57, 565, -1,
      565, 57, 244, -1,
      565, 244, 566, -1,
      566, 244, 368, -1,
      566, 368, 567, -1,
      567, 368, 366, -1,
      567, 366, 568, -1,
      568, 366, 364, -1,
      568, 364, 569, -1,
      569, 364, 362, -1,
      569, 362, 570, -1,
      570, 362, 360, -1,
      570, 360, 213, -1,
      213, 360, 214, -1,
      213, 218, 570, -1,
      570, 218, 571, -1,
      570, 571, 569, -1,
      569, 571, 572, -1,
      569, 572, 568, -1,
      568, 572, 573, -1,
      568, 573, 567, -1,
      567, 573, 574, -1,
      567, 574, 566, -1,
      566, 574, 575, -1,
      566, 575, 565, -1,
      565, 575, 243, -1,
      565, 243, 58, -1,
      58, 243, 60, -1,
      62, 61, 242, -1,
      242, 61, 243, -1,
      242, 243, 576, -1,
      576, 243, 575, -1,
      576, 575, 577, -1,
      577, 575, 574, -1,
      577, 574, 578, -1,
      578, 574, 573, -1,
      578, 573, 579, -1,
      579, 573, 572, -1,
      579, 572, 580, -1,
      580, 572, 571, -1,
      580, 571, 217, -1,
      217, 571, 218, -1,
      53, 55, 241, -1,
      241, 55, 242, -1,
      241, 242, 581, -1,
      581, 242, 576, -1,
      581, 576, 582, -1,
      582, 576, 577, -1,
      582, 577, 583, -1,
      583, 577, 578, -1,
      583, 578, 584, -1,
      584, 578, 579, -1,
      584, 579, 585, -1,
      585, 579, 580, -1,
      585, 580, 216, -1,
      216, 580, 217, -1,
      48, 51, 586, -1,
      586, 51, 241, -1,
      586, 241, 587, -1,
      587, 241, 581, -1,
      587, 581, 588, -1,
      588, 581, 582, -1,
      588, 582, 589, -1,
      589, 582, 583, -1,
      589, 583, 590, -1,
      590, 583, 584, -1,
      590, 584, 591, -1,
      591, 584, 585, -1,
      591, 585, 221, -1,
      221, 585, 216, -1,
      221, 220, 591, -1,
      591, 220, 370, -1,
      591, 370, 590, -1,
      590, 370, 372, -1,
      590, 372, 589, -1,
      589, 372, 374, -1,
      589, 374, 588, -1,
      588, 374, 376, -1,
      588, 376, 587, -1,
      587, 376, 378, -1,
      587, 378, 586, -1,
      586, 378, 380, -1,
      586, 380, 48, -1,
      48, 380, 49, -1,
      240, 46, 380, -1,
      380, 46, 50, -1,
      380, 50, 49, -1,
      43, 47, 592, -1,
      592, 47, 240, -1,
      592, 240, 593, -1,
      593, 240, 379, -1,
      593, 379, 594, -1,
      594, 379, 377, -1,
      594, 377, 595, -1,
      595, 377, 375, -1,
      595, 375, 596, -1,
      596, 375, 373, -1,
      596, 373, 597, -1,
      597, 373, 371, -1,
      597, 371, 224, -1,
      224, 371, 219, -1,
      224, 223, 597, -1,
      597, 223, 598, -1,
      597, 598, 596, -1,
      596, 598, 599, -1,
      596, 599, 595, -1,
      595, 599, 600, -1,
      595, 600, 594, -1,
      594, 600, 601, -1,
      594, 601, 593, -1,
      593, 601, 602, -1,
      593, 602, 592, -1,
      592, 602, 239, -1,
      592, 239, 43, -1,
      43, 239, 44, -1,
      41, 40, 391, -1,
      391, 40, 239, -1,
      391, 239, 389, -1,
      389, 239, 602, -1,
      389, 602, 387, -1,
      387, 602, 601, -1,
      387, 601, 385, -1,
      385, 601, 600, -1,
      385, 600, 383, -1,
      383, 600, 599, -1,
      383, 599, 381, -1,
      381, 599, 598, -1,
      381, 598, 222, -1,
      222, 598, 223, -1,
      238, 36, 391, -1,
      391, 36, 38, -1,
      391, 38, 41, -1,
      33, 35, 603, -1,
      603, 35, 238, -1,
      603, 238, 604, -1,
      604, 238, 390, -1,
      604, 390, 605, -1,
      605, 390, 388, -1,
      605, 388, 606, -1,
      606, 388, 386, -1,
      606, 386, 607, -1,
      607, 386, 384, -1,
      607, 384, 608, -1,
      608, 384, 382, -1,
      608, 382, 226, -1,
      226, 382, 227, -1,
      226, 225, 608, -1,
      608, 225, 609, -1,
      608, 609, 607, -1,
      607, 609, 610, -1,
      607, 610, 606, -1,
      606, 610, 611, -1,
      606, 611, 605, -1,
      605, 611, 612, -1,
      605, 612, 604, -1,
      604, 612, 613, -1,
      604, 613, 603, -1,
      603, 613, 237, -1,
      603, 237, 33, -1,
      33, 237, 18, -1,
      32, 19, 236, -1,
      236, 19, 237, -1,
      236, 237, 614, -1,
      614, 237, 613, -1,
      614, 613, 615, -1,
      615, 613, 612, -1,
      615, 612, 616, -1,
      616, 612, 611, -1,
      616, 611, 617, -1,
      617, 611, 610, -1,
      617, 610, 618, -1,
      618, 610, 609, -1,
      618, 609, 230, -1,
      230, 609, 225, -1,
      29, 31, 235, -1,
      235, 31, 236, -1,
      235, 236, 619, -1,
      619, 236, 614, -1,
      619, 614, 620, -1,
      620, 614, 615, -1,
      620, 615, 621, -1,
      621, 615, 616, -1,
      621, 616, 622, -1,
      622, 616, 617, -1,
      622, 617, 623, -1,
      623, 617, 618, -1,
      623, 618, 229, -1,
      229, 618, 230, -1,
      27, 26, 624, -1,
      624, 26, 235, -1,
      624, 235, 625, -1,
      625, 235, 619, -1,
      625, 619, 626, -1,
      626, 619, 620, -1,
      626, 620, 627, -1,
      627, 620, 621, -1,
      627, 621, 628, -1,
      628, 621, 622, -1,
      628, 622, 629, -1,
      629, 622, 623, -1,
      629, 623, 228, -1,
      228, 623, 229, -1,
      228, 232, 629, -1,
      629, 232, 392, -1,
      629, 392, 628, -1,
      628, 392, 394, -1,
      628, 394, 627, -1,
      627, 394, 396, -1,
      627, 396, 626, -1,
      626, 396, 398, -1,
      626, 398, 625, -1,
      625, 398, 400, -1,
      625, 400, 624, -1,
      624, 400, 402, -1,
      624, 402, 27, -1,
      27, 402, 28, -1,
      234, 24, 402, -1,
      402, 24, 22, -1,
      402, 22, 28, -1,
      161, 160, 630, -1,
      630, 160, 234, -1,
      630, 234, 631, -1,
      631, 234, 401, -1,
      631, 401, 632, -1,
      632, 401, 399, -1,
      632, 399, 633, -1,
      633, 399, 397, -1,
      633, 397, 634, -1,
      634, 397, 395, -1,
      634, 395, 635, -1,
      635, 395, 393, -1,
      635, 393, 166, -1,
      166, 393, 231, -1,
      166, 165, 635, -1,
      635, 165, 403, -1,
      635, 403, 634, -1,
      634, 403, 404, -1,
      634, 404, 633, -1,
      633, 404, 405, -1,
      633, 405, 632, -1,
      632, 405, 406, -1,
      632, 406, 631, -1,
      631, 406, 407, -1,
      631, 407, 630, -1,
      630, 407, 408, -1,
      630, 408, 161, -1,
      161, 408, 163, -1,
    ]
  }
}
