#VRML V2.0 utf8

Shape {
  appearance Appearance {
    material Material {
      diffuseColor 0.2235 0.2235 0.2235
      specularColor 0.1137 0.1137 0.1137
      ambientIntensity 0.2
      transparency 0.0000
      shininess 0.5
    }
  }
  geometry IndexedFaceSet {
    ccw TRUE
    solid FALSE
    coord DEF co Coordinate {
      point [
        -1.581513 -0.753797 0.039370,
        -1.655564 -0.554542 0.039370,
        -1.466535 -0.554542 0.039370,
        0.208615 1.739504 0.039370,
        0.490164 1.679990 0.039370,
        0.490164 0.451315 0.039370,
        1.701846 -0.399165 0.039370,
        1.652558 -0.554542 0.039370,
        0.490164 -0.554542 0.039370,
        0.513169 -1.675127 0.039370,
        0.490164 -1.679990 0.039370,
        1.620746 -0.654824 0.039370,
        0.801523 -1.557869 0.039370,
        1.064574 -1.391430 0.039370,
        1.294017 -1.181065 0.039370,
        1.624397 -0.656299 0.039370,
        1.482609 -0.933415 0.039370,
        0.490164 -0.220857 0.039370,
        0.490164 -0.182447 0.039370,
        0.914723 -0.182447 0.039370,
        0.933304 -0.190143 0.039370,
        0.984252 -0.196850 0.039370,
        1.729450 -0.220857 0.039370,
        1.035201 -0.190143 0.039370,
        1.735396 -0.182447 0.039370,
        1.053781 -0.182447 0.039370,
        1.082677 -0.170478 0.039370,
        1.123446 -0.139194 0.039370,
        1.154730 -0.098425 0.039370,
        1.174395 -0.050949 0.039370,
        1.742880 -0.134107 0.039370,
        1.181102 0.000000 0.039370,
        1.742880 0.081621 0.039370,
        1.082677 0.170478 0.039370,
        1.035201 0.190143 0.039370,
        1.714585 0.316881 0.039370,
        1.174395 0.050949 0.039370,
        1.161690 0.081621 0.039370,
        1.742880 0.134107 0.039370,
        1.154730 0.098425 0.039370,
        1.123446 0.139194 0.039370,
        0.984252 0.196850 0.039370,
        0.933304 0.190143 0.039370,
        0.490164 0.316881 0.039370,
        0.885827 0.170478 0.039370,
        0.806814 0.081621 0.039370,
        0.490164 0.081621 0.039370,
        0.813774 0.098425 0.039370,
        0.845058 0.139194 0.039370,
        1.701846 0.399165 0.039370,
        0.801523 1.557869 0.039370,
        1.064574 1.391430 0.039370,
        1.294017 1.181065 0.039370,
        1.620746 0.654824 0.039370,
        1.685304 0.451315 0.039370,
        1.624397 0.656299 0.039370,
        1.482609 0.933415 0.039370,
        0.513169 1.675127 0.039370,
        -0.205576 0.821010 0.039370,
        -0.205576 0.763395 0.039370,
        -0.207977 0.451315 0.039370,
        0.190525 0.451315 0.039370,
        0.190525 1.740054 0.039370,
        0.188124 0.667371 0.039370,
        -0.102524 1.748966 0.039370,
        -0.207977 1.733297 0.039370,
        -0.095148 0.723560 0.039370,
        -0.095148 0.560919 0.039370,
        -0.205576 0.523334 0.039370,
        -0.205576 0.465719 0.039370,
        0.188124 0.614557 0.039370,
        -0.410428 1.703216 0.039370,
        -0.498889 0.451315 0.039370,
        -1.219855 1.257517 0.039370,
        -0.978052 1.453550 0.039370,
        -0.705374 1.603696 0.039370,
        -0.498889 1.673367 0.039370,
        -1.466535 0.451315 0.039370,
        -1.691876 0.451315 0.039370,
        -1.689952 0.462012 0.039370,
        -1.581513 0.753797 0.039370,
        -1.466535 0.948364 0.039370,
        -1.423148 1.021785 0.039370,
        -1.716048 0.316881 0.039370,
        -1.466535 0.316881 0.039370,
        -1.745041 0.155642 0.039370,
        -1.466535 0.081621 0.039370,
        -1.466535 -0.182447 0.039370,
        -1.745041 -0.155642 0.039370,
        -1.745041 0.081621 0.039370,
        -1.689952 -0.462012 0.039370,
        -1.733315 -0.220857 0.039370,
        -1.466535 -0.220857 0.039370,
        -1.740222 -0.182447 0.039370,
        -0.705374 -1.603696 0.039370,
        -0.978052 -1.453550 0.039370,
        -0.498889 -0.554542 0.039370,
        -1.219855 -1.257517 0.039370,
        -1.423148 -1.021785 0.039370,
        -1.466535 -0.948364 0.039370,
        -0.162365 -0.571346 0.039370,
        -0.205576 -0.571346 0.039370,
        -0.207977 -0.554542 0.039370,
        -0.205576 -0.772998 0.039370,
        0.188124 -0.772998 0.039370,
        0.188124 -0.720184 0.039370,
        0.190525 -0.554542 0.039370,
        0.190525 -1.740054 0.039370,
        -0.102524 -1.748966 0.039370,
        -0.207977 -1.733297 0.039370,
        -0.410428 -1.703216 0.039370,
        -0.498889 -1.673367 0.039370,
        0.208615 -1.739504 0.039370,
        -0.498889 -0.182447 0.039370,
        -0.885827 -0.170478 0.039370,
        -0.845058 -0.139194 0.039370,
        -0.813774 -0.098425 0.039370,
        -0.794109 -0.050949 0.039370,
        -0.498889 0.081621 0.039370,
        -0.787402 0.000000 0.039370,
        -1.053781 -0.182447 0.039370,
        -1.035201 -0.190143 0.039370,
        -0.984252 -0.196850 0.039370,
        -0.498889 -0.220857 0.039370,
        -0.933304 -0.190143 0.039370,
        -0.914723 -0.182447 0.039370,
        -1.174395 0.050949 0.039370,
        -1.181102 -0.000000 0.039370,
        -1.154730 -0.098425 0.039370,
        -1.123446 -0.139194 0.039370,
        -1.082677 -0.170478 0.039370,
        -1.174395 -0.050949 0.039370,
        -0.794109 0.050949 0.039370,
        -0.806814 0.081621 0.039370,
        -0.498889 0.316881 0.039370,
        -0.813774 0.098425 0.039370,
        -0.845058 0.139194 0.039370,
        -0.885827 0.170478 0.039370,
        -1.082677 0.170478 0.039370,
        -1.123446 0.139194 0.039370,
        -1.154730 0.098425 0.039370,
        -1.161690 0.081621 0.039370,
        -0.933304 0.190143 0.039370,
        -0.984252 0.196850 0.039370,
        -1.035201 0.190143 0.039370,
        0.813774 -0.098425 0.039370,
        0.845058 -0.139194 0.039370,
        0.885827 -0.170478 0.039370,
        0.794109 0.050949 0.039370,
        0.787402 -0.000000 0.039370,
        0.794109 -0.050949 0.039370,
        -0.207977 0.316881 0.039370,
        -0.201107 0.276966 0.039370,
        -0.205576 0.227083 0.039370,
        0.188124 0.231134 0.039370,
        0.190525 0.316881 0.039370,
        0.190525 0.081621 0.039370,
        -0.207977 0.081621 0.039370,
        -0.205576 0.120031 0.039370,
        0.188124 0.120031 0.039370,
        0.182044 0.288016 0.039370,
        0.171907 0.316881 0.039370,
        0.165868 0.334079 0.039370,
        0.137151 0.376929 0.039370,
        -0.163320 0.363044 0.039370,
        -0.187321 0.322287 0.039370,
        -0.188965 0.316881 0.039370,
        -0.097486 0.417309 0.039370,
        -0.132211 0.395223 0.039370,
        0.136804 0.377323 0.039370,
        0.105870 0.405217 0.039370,
        0.071494 0.423631 0.039370,
        0.032400 0.434191 0.039370,
        -0.003775 0.436912 0.039370,
        -0.056457 0.431398 0.039370,
        -0.141960 -0.244863 0.039370,
        -0.185171 -0.244863 0.039370,
        -0.207977 -0.220857 0.039370,
        -0.202402 -0.286829 0.039370,
        -0.207977 -0.326611 0.039370,
        0.189674 -0.290381 0.039370,
        0.177322 -0.244863 0.039370,
        0.190525 -0.220857 0.039370,
        0.124508 -0.244863 0.039370,
        0.143498 -0.289209 0.039370,
        -0.145869 -0.251919 0.039370,
        0.149715 -0.337061 0.039370,
        0.145361 -0.375828 0.039370,
        0.134726 -0.405296 0.039370,
        0.116496 -0.432546 0.039370,
        0.090250 -0.456321 0.039370,
        -0.012927 -0.484924 0.039370,
        -0.055547 -0.480938 0.039370,
        -0.089411 -0.470242 0.039370,
        -0.163047 -0.382635 0.039370,
        -0.167167 -0.345913 0.039370,
        -0.152487 -0.411322 0.039370,
        -0.136201 -0.435484 0.039370,
        -0.116711 -0.453959 0.039370,
        -0.161366 -0.293653 0.039370,
        0.059852 -0.472552 0.039370,
        0.017705 -0.483046 0.039370,
        0.190525 -0.367519 0.039370,
        0.192926 -0.337511 0.039370,
        0.190525 -0.302721 0.039370,
        -0.192314 -0.439669 0.039370,
        -0.172270 -0.471185 0.039370,
        0.121764 -0.493456 0.039370,
        0.155901 -0.457691 0.039370,
        0.177246 -0.420241 0.039370,
        -0.205365 -0.401627 0.039370,
        0.189819 -0.376346 0.039370,
        -0.016153 -0.537738 0.039370,
        0.039830 -0.532062 0.039370,
        0.084530 -0.516923 0.039370,
        -0.142146 -0.500077 0.039370,
        -0.105298 -0.521258 0.039370,
        -0.063174 -0.533673 0.039370,
        -0.162365 -0.720184 0.039370,
        -0.210193 -0.342426 0.039370,
        -0.207977 -0.376390 0.039370,
        -0.210378 -0.353191 0.039370,
        -0.207977 -0.182447 0.039370,
        0.190525 -0.182447 0.039370,
        0.188124 0.033609 0.039370,
        0.144913 0.033609 0.039370,
        -0.162365 0.043211 0.039370,
        -0.205576 0.043211 0.039370,
        -0.205576 -0.168043 0.039370,
        0.188124 -0.168043 0.039370,
        -0.027931 -0.115230 0.039370,
        -0.162365 -0.115230 0.039370,
        -0.027931 0.024006 0.039370,
        0.015280 0.024006 0.039370,
        0.015280 -0.115230 0.039370,
        0.144913 -0.115230 0.039370,
      ]
    }
    coordIndex [
      0, 1, 2, -1,
      3, 4, 5, -1,
      6, 7, 8, -1,
      9, 10, 11, -1,
      12, 9, 13, -1,
      13, 9, 14, -1,
      11, 15, 9, -1,
      9, 15, 16, -1,
      9, 16, 14, -1,
      17, 18, 19, -1,
      19, 20, 17, -1,
      17, 20, 21, -1,
      17, 21, 22, -1,
      22, 21, 23, -1,
      22, 23, 24, -1,
      23, 25, 24, -1,
      24, 25, 26, -1,
      24, 26, 27, -1,
      27, 28, 24, -1,
      24, 28, 29, -1,
      24, 29, 30, -1,
      30, 29, 31, -1,
      30, 31, 32, -1,
      33, 34, 35, -1,
      31, 36, 32, -1,
      32, 36, 37, -1,
      32, 37, 38, -1,
      38, 37, 39, -1,
      38, 39, 35, -1,
      35, 39, 40, -1,
      35, 40, 33, -1,
      41, 42, 43, -1,
      43, 42, 44, -1,
      45, 46, 47, -1,
      47, 46, 43, -1,
      47, 43, 48, -1,
      48, 43, 44, -1,
      34, 41, 35, -1,
      35, 41, 43, -1,
      35, 43, 49, -1,
      49, 43, 5, -1,
      50, 51, 52, -1,
      4, 53, 5, -1,
      5, 53, 54, -1,
      5, 54, 49, -1,
      55, 53, 56, -1,
      56, 53, 4, -1,
      56, 4, 52, -1,
      52, 4, 57, -1,
      52, 57, 50, -1,
      58, 59, 60, -1,
      3, 61, 62, -1,
      62, 61, 63, -1,
      62, 63, 64, -1,
      64, 63, 65, -1,
      66, 67, 59, -1,
      59, 67, 68, -1,
      59, 68, 60, -1,
      60, 68, 69, -1,
      60, 69, 61, -1,
      61, 69, 70, -1,
      61, 70, 63, -1,
      63, 58, 65, -1,
      65, 58, 60, -1,
      65, 60, 71, -1,
      71, 60, 72, -1,
      72, 73, 74, -1,
      74, 75, 72, -1,
      72, 75, 76, -1,
      72, 76, 71, -1,
      77, 78, 79, -1,
      79, 80, 77, -1,
      77, 80, 81, -1,
      77, 81, 72, -1,
      72, 81, 82, -1,
      72, 82, 73, -1,
      83, 84, 85, -1,
      85, 84, 86, -1,
      87, 88, 86, -1,
      86, 88, 89, -1,
      86, 89, 85, -1,
      90, 91, 92, -1,
      92, 91, 93, -1,
      94, 95, 96, -1,
      95, 97, 96, -1,
      96, 97, 98, -1,
      96, 98, 2, -1,
      2, 98, 99, -1,
      2, 99, 0, -1,
      100, 101, 102, -1,
      102, 101, 103, -1,
      104, 105, 106, -1,
      107, 108, 103, -1,
      103, 108, 109, -1,
      103, 109, 102, -1,
      102, 109, 110, -1,
      102, 110, 96, -1,
      96, 110, 111, -1,
      96, 111, 94, -1,
      103, 104, 107, -1,
      107, 104, 106, -1,
      107, 106, 112, -1,
      112, 106, 8, -1,
      112, 8, 10, -1,
      10, 8, 7, -1,
      10, 7, 11, -1,
      113, 114, 115, -1,
      115, 116, 113, -1,
      113, 116, 117, -1,
      113, 117, 118, -1,
      118, 117, 119, -1,
      120, 92, 87, -1,
      87, 92, 93, -1,
      87, 93, 88, -1,
      120, 121, 92, -1,
      92, 121, 122, -1,
      92, 122, 123, -1,
      123, 122, 124, -1,
      123, 124, 113, -1,
      113, 124, 125, -1,
      113, 125, 114, -1,
      126, 127, 86, -1,
      128, 129, 87, -1,
      87, 129, 130, -1,
      87, 130, 120, -1,
      86, 127, 87, -1,
      87, 127, 131, -1,
      87, 131, 128, -1,
      119, 132, 118, -1,
      118, 132, 133, -1,
      118, 133, 134, -1,
      133, 135, 134, -1,
      134, 135, 136, -1,
      134, 136, 137, -1,
      138, 139, 84, -1,
      84, 139, 140, -1,
      84, 140, 86, -1,
      86, 140, 141, -1,
      86, 141, 126, -1,
      137, 142, 134, -1,
      134, 142, 143, -1,
      134, 143, 84, -1,
      84, 143, 144, -1,
      84, 144, 138, -1,
      145, 146, 18, -1,
      18, 146, 147, -1,
      18, 147, 19, -1,
      45, 148, 46, -1,
      46, 148, 149, -1,
      46, 149, 18, -1,
      18, 149, 150, -1,
      18, 150, 145, -1,
      151, 152, 153, -1,
      154, 155, 156, -1,
      151, 153, 157, -1,
      157, 153, 158, -1,
      157, 158, 156, -1,
      156, 158, 159, -1,
      156, 159, 154, -1,
      154, 160, 155, -1,
      155, 160, 161, -1,
      155, 161, 61, -1,
      61, 161, 162, -1,
      61, 162, 163, -1,
      164, 165, 151, -1,
      151, 165, 166, -1,
      151, 166, 152, -1,
      167, 168, 60, -1,
      163, 169, 61, -1,
      61, 169, 170, -1,
      61, 170, 171, -1,
      171, 172, 61, -1,
      61, 172, 173, -1,
      61, 173, 60, -1,
      60, 173, 174, -1,
      60, 174, 167, -1,
      175, 176, 177, -1,
      177, 176, 178, -1,
      177, 178, 179, -1,
      180, 181, 182, -1,
      182, 181, 183, -1,
      182, 183, 175, -1,
      175, 183, 184, -1,
      175, 184, 185, -1,
      185, 184, 186, -1,
      185, 186, 187, -1,
      187, 188, 185, -1,
      185, 188, 189, -1,
      185, 189, 190, -1,
      191, 192, 185, -1,
      185, 192, 193, -1,
      194, 195, 196, -1,
      196, 195, 197, -1,
      193, 198, 185, -1,
      185, 198, 197, -1,
      185, 197, 199, -1,
      199, 197, 195, -1,
      190, 200, 185, -1,
      185, 200, 201, -1,
      185, 201, 191, -1,
      202, 203, 17, -1,
      17, 203, 204, -1,
      205, 206, 102, -1,
      207, 208, 106, -1,
      106, 208, 209, -1,
      205, 102, 210, -1,
      22, 6, 17, -1,
      17, 6, 8, -1,
      17, 8, 202, -1,
      202, 8, 106, -1,
      202, 106, 211, -1,
      211, 106, 209, -1,
      212, 213, 106, -1,
      106, 213, 214, -1,
      106, 214, 207, -1,
      206, 215, 102, -1,
      102, 215, 216, -1,
      102, 216, 217, -1,
      217, 212, 102, -1,
      102, 212, 106, -1,
      102, 106, 100, -1,
      100, 106, 105, -1,
      100, 105, 218, -1,
      179, 219, 123, -1,
      210, 102, 220, -1,
      220, 102, 96, -1,
      220, 96, 221, -1,
      1, 90, 2, -1,
      2, 90, 92, -1,
      2, 92, 96, -1,
      96, 92, 123, -1,
      96, 123, 221, -1,
      221, 123, 219, -1,
      175, 177, 182, -1,
      182, 177, 222, -1,
      182, 222, 223, -1,
      224, 156, 223, -1,
      224, 225, 156, -1,
      156, 225, 226, -1,
      156, 226, 157, -1,
      157, 226, 227, -1,
      157, 227, 222, -1,
      222, 227, 228, -1,
      222, 228, 223, -1,
      223, 228, 229, -1,
      223, 229, 224, -1,
      230, 231, 232, -1,
      232, 231, 226, -1,
      232, 226, 233, -1,
      233, 226, 225, -1,
      233, 225, 234, -1,
      234, 225, 235, -1,
      179, 123, 177, -1,
      177, 123, 113, -1,
      177, 113, 222, -1,
      222, 113, 118, -1,
      222, 118, 157, -1,
      157, 118, 134, -1,
      157, 134, 151, -1,
      3, 5, 61, -1,
      61, 5, 43, -1,
      61, 43, 155, -1,
      155, 43, 46, -1,
      155, 46, 156, -1,
      156, 46, 18, -1,
      156, 18, 223, -1,
      223, 18, 17, -1,
      223, 17, 182, -1,
      182, 17, 204, -1,
      182, 204, 180, -1,
      83, 78, 84, -1,
      84, 78, 77, -1,
      84, 77, 134, -1,
      134, 77, 72, -1,
      134, 72, 151, -1,
      151, 72, 60, -1,
      151, 60, 164, -1,
      164, 60, 168, -1,
    ]
  }
}

Shape {
  appearance Appearance {
    material Material {
      diffuseColor 1.0000 1.0000 1.0000
      specularColor 0.5020 0.5020 0.5020
      ambientIntensity 0.2
      transparency 0.0000
      shininess 0.5
    }
  }
  geometry IndexedFaceSet {
    ccw TRUE
    solid FALSE
    coord DEF co Coordinate {
      point [
        -0.011365 0.019685 7.834646,
        0.858881 1.526996 7.834646,
        0.801523 1.557869 7.834646,
        0.513169 1.675127 7.834646,
        0.208615 1.739504 7.834646,
        -0.102524 1.748966 7.834646,
        -0.410428 1.703216 7.834646,
        -0.705374 1.603696 7.834646,
        -0.978052 1.453550 7.834646,
        -1.219855 1.257517 7.834646,
        -1.423148 1.021785 7.834646,
        -1.581513 0.753797 7.834646,
        -1.689952 0.462012 7.834646,
        -1.745041 0.155642 7.834646,
        -1.751858 0.019685 7.834646,
        1.620746 -0.654824 7.834646,
        0.892977 -1.507311 7.834646,
        1.064574 -1.391430 7.834646,
        1.294017 1.181065 7.834646,
        1.620746 0.654824 7.834646,
        1.482609 0.933415 7.834646,
        1.624397 0.656299 7.834646,
        1.294017 -1.181065 7.834646,
        1.482609 -0.933415 7.834646,
        1.624397 -0.656299 7.834646,
        1.064574 1.391430 7.834646,
        0.892977 1.507311 7.834646,
        1.701846 0.399165 7.834646,
        0.022730 0.000000 7.834646,
        1.742880 0.134107 7.834646,
        1.742880 -0.134107 7.834646,
        1.701846 -0.399165 7.834646,
        0.801523 -1.557869 7.834646,
        0.858881 -1.526996 7.834646,
        -0.011365 -0.019685 7.834646,
        -1.219855 -1.257517 7.834646,
        -0.978052 -1.453550 7.834646,
        -1.751858 -0.019685 7.834646,
        -1.745041 -0.155642 7.834646,
        -1.689952 -0.462012 7.834646,
        -0.705374 -1.603696 7.834646,
        -0.410428 -1.703216 7.834646,
        -0.102524 -1.748966 7.834646,
        -1.581513 -0.753797 7.834646,
        -1.423148 -1.021785 7.834646,
        0.208615 -1.739504 7.834646,
        0.513169 -1.675127 7.834646,
      ]
    }
    coordIndex [
      0, 1, 2, -1,
      2, 3, 0, -1,
      0, 3, 4, -1,
      0, 4, 5, -1,
      5, 6, 0, -1,
      0, 6, 7, -1,
      0, 7, 8, -1,
      8, 9, 0, -1,
      0, 9, 10, -1,
      0, 10, 11, -1,
      11, 12, 0, -1,
      0, 12, 13, -1,
      0, 13, 14, -1,
      15, 16, 17, -1,
      18, 19, 20, -1,
      20, 19, 21, -1,
      17, 22, 15, -1,
      15, 22, 23, -1,
      15, 23, 24, -1,
      18, 25, 19, -1,
      19, 25, 26, -1,
      19, 26, 27, -1,
      27, 26, 28, -1,
      27, 28, 29, -1,
      29, 28, 30, -1,
      16, 15, 28, -1,
      28, 15, 31, -1,
      28, 31, 30, -1,
      32, 33, 34, -1,
      35, 36, 34, -1,
      37, 38, 34, -1,
      34, 38, 39, -1,
      36, 40, 34, -1,
      34, 40, 41, -1,
      34, 41, 42, -1,
      39, 43, 34, -1,
      34, 43, 44, -1,
      34, 44, 35, -1,
      42, 45, 34, -1,
      34, 45, 46, -1,
      34, 46, 32, -1,
    ]
  }
}

Shape {
  appearance Appearance {
    material Material {
      diffuseColor 0.2235 0.2235 0.2235
      specularColor 0.1137 0.1137 0.1137
      ambientIntensity 0.2
      transparency 0.0000
      shininess 0.5
    }
  }
  geometry IndexedFaceSet {
    ccw TRUE
    solid FALSE
    coord DEF co Coordinate {
      point [
        2.285107 -0.923243 5.384522,
        2.285107 -0.923243 5.288745,
        2.384259 -0.624017 5.081534,
        2.384259 -0.624017 5.177311,
        2.444408 -0.314581 4.867254,
        2.444408 -0.314581 4.963031,
        2.464563 -0.004180 4.748081,
        2.464563 -0.004312 4.652396,
        2.464300 -0.000015 4.750948,
        2.464292 -0.000015 4.655354,
        2.444408 0.314581 4.871918,
        2.444408 0.314581 4.967511,
        2.384259 0.624017 5.084928,
        2.384259 0.624017 5.180522,
        2.285107 0.923243 5.290911,
        2.285107 0.923243 5.386504,
      ]
    }
    coordIndex [
      0, 1, 2, -1,
      0, 2, 3, -1,
      3, 2, 4, -1,
      3, 4, 5, -1,
      5, 4, 6, -1,
      6, 4, 7, -1,
      6, 7, 8, -1,
      7, 9, 8, -1,
      8, 9, 10, -1,
      8, 10, 11, -1,
      11, 10, 12, -1,
      11, 12, 13, -1,
      13, 12, 14, -1,
      13, 14, 15, -1,
    ]
  }
}

Shape {
  appearance Appearance {
    material Material {
      diffuseColor 0.7373 0.8627 0.9216
      specularColor 0.3686 0.4314 0.4588
      ambientIntensity 0.2
      transparency 0.0000
      shininess 0.5
    }
  }
  geometry IndexedFaceSet {
    ccw TRUE
    solid FALSE
    coord DEF co Coordinate {
      point [
        2.285107 -0.923243 5.288745,
        2.384259 -0.624017 5.081534,
        2.444408 -0.314581 4.867254,
        2.464563 -0.004312 4.652396,
        2.464292 -0.000015 4.655354,
        2.444408 0.314581 4.871918,
        2.384259 0.624017 5.084928,
        2.285107 0.923243 5.290911,
        2.285107 -0.923243 1.424423,
        2.363076 -0.699975 1.424423,
        2.459531 -0.157480 2.630568,
        2.459722 -0.154456 2.661282,
        2.460184 -0.146909 2.687294,
        2.460769 -0.136777 2.708620,
        2.461376 -0.125369 2.725870,
        2.462524 -0.100319 2.751960,
        2.461089 -0.130885 2.100117,
        2.441911 -0.314219 1.424423,
        2.462052 -0.111315 2.076295,
        2.463013 -0.087491 2.056750,
        2.460270 -0.145469 2.127368,
        2.459724 -0.154420 2.156796,
        2.459531 -0.157480 2.187691,
        2.381809 -0.623417 1.424423,
        2.419286 -0.470261 1.424423,
        2.463335 -0.077915 2.767422,
        2.464237 -0.040344 2.782793,
        2.464567 0.000000 2.788048,
        2.464374 0.030790 2.785009,
        2.463831 0.060223 2.776078,
        2.463013 0.087491 2.761508,
        2.462052 0.111315 2.741964,
        2.461089 0.130885 2.718142,
        2.460270 0.145469 2.690891,
        2.459724 0.154420 2.661462,
        2.459722 0.154456 2.156976,
        2.441911 0.314219 1.424423,
        2.459531 0.157480 2.187691,
        2.459531 0.157480 2.630568,
        2.460184 0.146909 2.130965,
        2.460769 0.136777 2.109639,
        2.461376 0.125369 2.092388,
        2.462524 0.100319 2.066298,
        2.463335 0.077915 2.050836,
        2.453220 0.236218 1.424423,
        2.464237 0.040344 2.035466,
        2.464567 0.000000 1.424423,
        2.464567 0.000000 2.030211,
        2.453220 -0.236218 1.424423,
        2.464374 -0.030790 2.033250,
        2.463831 -0.060223 2.042181,
        2.419286 0.470261 1.424423,
        2.285107 0.923243 1.424423,
        2.363076 0.699975 1.424423,
        2.381809 0.623417 1.424423,
      ]
    }
    coordIndex [
      0, 8, 1, -1,
      1, 8, 9, -1,
      2, 10, 3, -1,
      3, 10, 11, -1,
      3, 11, 12, -1,
      12, 13, 3, -1,
      3, 13, 14, -1,
      3, 14, 15, -1,
      16, 17, 18, -1,
      18, 17, 19, -1,
      16, 20, 17, -1,
      17, 20, 21, -1,
      17, 21, 22, -1,
      9, 23, 1, -1,
      1, 23, 24, -1,
      1, 24, 2, -1,
      2, 24, 17, -1,
      2, 17, 10, -1,
      10, 17, 22, -1,
      15, 25, 3, -1,
      3, 25, 26, -1,
      3, 26, 4, -1,
      4, 26, 27, -1,
      4, 27, 5, -1,
      5, 27, 28, -1,
      28, 29, 5, -1,
      5, 29, 30, -1,
      5, 30, 31, -1,
      31, 32, 5, -1,
      5, 32, 33, -1,
      5, 33, 34, -1,
      35, 36, 37, -1,
      37, 36, 38, -1,
      35, 39, 36, -1,
      36, 39, 40, -1,
      36, 40, 41, -1,
      41, 42, 36, -1,
      36, 42, 43, -1,
      36, 43, 44, -1,
      44, 43, 45, -1,
      44, 45, 46, -1,
      46, 45, 47, -1,
      46, 47, 48, -1,
      48, 47, 49, -1,
      48, 49, 17, -1,
      17, 49, 50, -1,
      17, 50, 19, -1,
      34, 38, 5, -1,
      5, 38, 36, -1,
      5, 36, 6, -1,
      6, 36, 51, -1,
      52, 7, 53, -1,
      53, 7, 6, -1,
      53, 6, 54, -1,
      54, 6, 51, -1,
    ]
  }
}

Shape {
  appearance Appearance {
    material Material {
      diffuseColor 0.2235 0.2235 0.2235
      specularColor 0.1137 0.1137 0.1137
      ambientIntensity 0.2
      transparency 0.0000
      shininess 0.5
    }
  }
  geometry IndexedFaceSet {
    ccw TRUE
    solid FALSE
    coord DEF co Coordinate {
      point [
        -1.581513 -0.753797 0.039370,
        -1.655564 -0.554542 0.039370,
        0.208615 1.739504 0.039370,
        0.490164 1.679990 0.039370,
        0.513169 -1.675127 0.039370,
        0.490164 -1.679990 0.039370,
        0.801523 -1.557869 0.039370,
        1.064574 -1.391430 0.039370,
        1.294017 -1.181065 0.039370,
        1.624397 -0.656299 0.039370,
        1.482609 -0.933415 0.039370,
        0.801523 1.557869 0.039370,
        1.064574 1.391430 0.039370,
        1.294017 1.181065 0.039370,
        1.624397 0.656299 0.039370,
        1.482609 0.933415 0.039370,
        0.513169 1.675127 0.039370,
        0.190525 1.740054 0.039370,
        -0.102524 1.748966 0.039370,
        -0.207977 1.733297 0.039370,
        -0.410428 1.703216 0.039370,
        -1.219855 1.257517 0.039370,
        -0.978052 1.453550 0.039370,
        -0.705374 1.603696 0.039370,
        -0.498889 1.673367 0.039370,
        -1.691876 0.451315 0.039370,
        -1.689952 0.462012 0.039370,
        -1.581513 0.753797 0.039370,
        -1.466535 0.948364 0.039370,
        -1.423148 1.021785 0.039370,
        -1.716048 0.316881 0.039370,
        -1.745041 0.155642 0.039370,
        -1.745041 -0.155642 0.039370,
        -1.745041 0.081621 0.039370,
        -1.689952 -0.462012 0.039370,
        -1.733315 -0.220857 0.039370,
        -1.740222 -0.182447 0.039370,
        -0.705374 -1.603696 0.039370,
        -0.978052 -1.453550 0.039370,
        -1.219855 -1.257517 0.039370,
        -1.423148 -1.021785 0.039370,
        -1.466535 -0.948364 0.039370,
        0.190525 -1.740054 0.039370,
        -0.102524 -1.748966 0.039370,
        -0.207977 -1.733297 0.039370,
        -0.410428 -1.703216 0.039370,
        -0.498889 -1.673367 0.039370,
        0.208615 -1.739504 0.039370,
        0.858881 1.526996 7.834646,
        0.801523 1.557869 7.834646,
        0.513169 1.675127 7.834646,
        0.208615 1.739504 7.834646,
        -0.102524 1.748966 7.834646,
        -0.410428 1.703216 7.834646,
        -0.705374 1.603696 7.834646,
        -0.978052 1.453550 7.834646,
        -1.219855 1.257517 7.834646,
        -1.423148 1.021785 7.834646,
        -1.581513 0.753797 7.834646,
        -1.689952 0.462012 7.834646,
        -1.745041 0.155642 7.834646,
        -1.751858 0.019685 7.834646,
        0.892977 -1.507311 7.834646,
        1.064574 -1.391430 7.834646,
        1.294017 1.181065 7.834646,
        1.482609 0.933415 7.834646,
        1.624397 0.656299 7.834646,
        1.294017 -1.181065 7.834646,
        1.482609 -0.933415 7.834646,
        1.624397 -0.656299 7.834646,
        1.064574 1.391430 7.834646,
        0.892977 1.507311 7.834646,
        0.801523 -1.557869 7.834646,
        0.858881 -1.526996 7.834646,
        -1.219855 -1.257517 7.834646,
        -0.978052 -1.453550 7.834646,
        -1.751858 -0.019685 7.834646,
        -1.745041 -0.155642 7.834646,
        -1.689952 -0.462012 7.834646,
        -0.705374 -1.603696 7.834646,
        -0.410428 -1.703216 7.834646,
        -0.102524 -1.748966 7.834646,
        -1.581513 -0.753797 7.834646,
        -1.423148 -1.021785 7.834646,
        0.208615 -1.739504 7.834646,
        0.513169 -1.675127 7.834646,
        2.459531 -0.157480 2.630568,
        2.459722 -0.154456 2.661282,
        2.460184 -0.146909 2.687294,
        2.460769 -0.136777 2.708620,
        2.461376 -0.125369 2.725870,
        2.462524 -0.100319 2.751960,
        2.461089 -0.130885 2.100117,
        2.462052 -0.111315 2.076295,
        2.463013 -0.087491 2.056750,
        2.460270 -0.145469 2.127368,
        2.459724 -0.154420 2.156796,
        2.459531 -0.157480 2.187691,
        2.463335 -0.077915 2.767422,
        2.464237 -0.040344 2.782793,
        2.464567 0.000000 2.788048,
        2.464374 0.030790 2.785009,
        2.463831 0.060223 2.776078,
        2.463013 0.087491 2.761508,
        2.462052 0.111315 2.741964,
        2.461089 0.130885 2.718142,
        2.460270 0.145469 2.690891,
        2.459724 0.154420 2.661462,
        2.459722 0.154456 2.156976,
        2.459531 0.157480 2.187691,
        2.459531 0.157480 2.630568,
        2.460184 0.146909 2.130965,
        2.460769 0.136777 2.109639,
        2.461376 0.125369 2.092388,
        2.462524 0.100319 2.066298,
        2.463335 0.077915 2.050836,
        2.464237 0.040344 2.035466,
        2.464567 0.000000 2.030211,
        2.464374 -0.030790 2.033250,
        2.463831 -0.060223 2.042181,
        2.464567 0.000000 2.630568,
        2.463307 0.078780 2.108951,
        2.463307 -0.078780 2.108951,
        2.463335 0.077915 6.167436,
        2.462524 0.100319 6.182899,
        2.464567 0.000000 6.304291,
        2.464237 0.040344 6.152066,
        2.461376 0.125369 6.208988,
        2.460769 0.136777 6.226239,
        2.460184 0.146909 6.247565,
        2.460270 -0.145469 6.243968,
        2.461089 -0.130885 6.216717,
        2.462052 -0.111315 6.192896,
        2.463013 -0.087491 6.173350,
        2.463831 -0.060223 6.158780,
        2.464374 -0.030790 6.149850,
        2.464567 0.000000 6.146811,
        2.461376 -0.125369 6.842470,
        2.460769 -0.136777 6.825220,
        2.463307 -0.078780 6.825908,
        2.460184 -0.146909 6.803894,
        2.459722 -0.154456 6.777883,
        2.464237 -0.040344 6.899393,
        2.463335 -0.077915 6.884023,
        2.462524 -0.100319 6.868561,
        2.459531 -0.157480 6.747168,
        2.459531 -0.157480 6.304291,
        2.459724 -0.154420 6.273396,
        2.459722 0.154456 6.273577,
        2.459531 0.157480 6.304291,
        2.459531 0.157480 6.747168,
        2.463013 0.087491 6.878109,
        2.463831 0.060223 6.892678,
        2.463307 0.078780 6.825908,
        2.464374 0.030790 6.901609,
        2.464567 0.000000 6.904648,
        2.459724 0.154420 6.778062,
        2.460270 0.145469 6.807491,
        2.461089 0.130885 6.834742,
        2.462052 0.111315 6.858564,
        2.116411 -1.248640 0.236220,
        2.036253 -1.381439 0.236220,
        2.029592 -1.376920 0.175082,
        1.656995 -1.815913 0.236220,
        1.501865 -1.949128 0.236220,
        1.496952 -1.942753 0.175082,
        1.051326 -2.224326 0.236220,
        0.816702 -2.321141 0.236220,
        0.814031 -2.313548 0.175082,
        0.708467 -2.352886 0.236220,
        0.566389 -2.394557 0.236220,
        0.564536 -2.386724 0.175082,
        -0.013844 -2.458045 0.236220,
        -0.211167 -2.451552 0.236220,
        -0.210476 -2.443533 0.175082,
        -0.735807 -2.347299 0.236220,
        -0.967523 -2.262432 0.236220,
        -0.964358 -2.255031 0.175082,
        -1.075065 -2.209533 0.236220,
        -1.201595 -2.147293 0.236220,
        -1.197665 -2.140269 0.175082,
        -1.392374 -2.026831 0.236220,
        -1.422163 -2.008022 0.236220,
        -1.417511 -2.001453 0.175082,
        -1.677084 -1.796850 0.236220,
        -1.813050 -1.663595 0.236220,
        -1.807120 -1.658153 0.175082,
        -2.132370 -1.225819 0.236220,
        -2.242490 -1.012886 0.236220,
        -2.235155 -1.009572 0.175082,
        -2.288524 -0.894627 0.236220,
        -2.337117 -0.769796 0.236220,
        -2.329472 -0.767278 0.175082,
        -2.398091 -0.545252 0.236220,
        -2.405477 -0.518055 0.236220,
        -2.397608 -0.516360 0.175082,
        -2.450913 -0.183069 0.236220,
        -2.460630 -0.000000 0.236220,
        -2.452581 -0.000000 0.175082,
        -2.398091 0.545252 0.236220,
        -2.337117 0.769796 0.236220,
        -2.329472 0.767278 0.175082,
        -2.132370 1.225819 0.236220,
        -2.122661 1.244592 0.236220,
        -2.115718 1.240521 0.175082,
        -1.925174 1.527578 0.236220,
        -1.813050 1.663595 0.236220,
        -1.807120 1.658153 0.175082,
        -1.392374 2.026831 0.236220,
        -1.201595 2.147293 0.236220,
        -1.197665 2.140269 0.175082,
        -0.735807 2.347299 0.236220,
        -0.722577 2.352144 0.236220,
        -0.720213 2.344450 0.175082,
        -0.378757 2.428113 0.236220,
        -0.211167 2.451552 0.236220,
        -0.210476 2.443533 0.175082,
        0.351311 2.433524 0.236220,
        0.566389 2.394557 0.236220,
        0.564536 2.386724 0.175082,
        1.051326 2.224326 0.236220,
        1.057837 2.221639 0.236220,
        1.054377 2.214372 0.175082,
        1.368341 2.041161 0.236220,
        1.501865 1.949128 0.236220,
        1.496952 1.942753 0.175082,
        1.908385 1.549946 0.236220,
        2.036253 1.381439 0.236220,
        2.029592 1.376920 0.175082,
        1.962633 1.046933 -0.000000,
        1.840772 1.248821 -0.000000,
        2.016577 1.075708 0.008049,
        1.891366 1.283145 0.008049,
        2.066844 1.102522 0.031648,
        1.938513 1.315130 0.031648,
        2.110009 1.125548 0.069187,
        1.978998 1.342596 0.069187,
        2.143131 1.143217 0.118110,
        2.010063 1.363672 0.118110,
        2.163952 1.154323 0.175082,
        1.536589 1.608381 -0.000000,
        1.357686 1.762012 -0.000000,
        1.578823 1.652588 0.008049,
        1.395002 1.810441 0.008049,
        1.618178 1.693782 0.031648,
        1.429775 1.855570 0.031648,
        1.651973 1.729156 0.069187,
        1.459636 1.894323 0.069187,
        1.677906 1.756300 0.118110,
        1.482548 1.924060 0.118110,
        1.694207 1.773363 0.175082,
        0.738299 2.098312 -0.000000,
        0.512015 2.164680 -0.000000,
        0.758591 2.155984 0.008049,
        0.526088 2.224176 0.008049,
        0.777501 2.209726 0.031648,
        0.539202 2.279618 0.031648,
        0.793739 2.255876 0.069187,
        0.550463 2.327228 0.069187,
        0.806198 2.291288 0.118110,
        0.559104 2.363759 0.118110,
        0.814031 2.313548 0.175082,
        0.044793 2.223958 -0.000000,
        -0.190895 2.216203 0.000000,
        0.046024 2.285084 0.008049,
        -0.196142 2.277116 0.008049,
        0.047171 2.342044 0.031648,
        -0.201031 2.333878 0.031648,
        0.048157 2.390957 0.069187,
        -0.205229 2.382620 0.069187,
        0.048913 2.428490 0.118110,
        -0.208451 2.420021 0.118110,
        0.049388 2.452083 0.175082,
        -0.874641 2.045239 0.000000,
        -1.086242 1.941153 0.000000,
        -0.898681 2.101452 0.008049,
        -1.116098 1.994506 0.008049,
        -0.921082 2.153835 0.031648,
        -1.143919 2.044223 0.031648,
        -0.940319 2.198818 0.069187,
        -1.167809 2.086916 0.069187,
        -0.955079 2.233333 0.118110,
        -1.186141 2.119676 0.118110,
        -0.964358 2.255031 0.175082,
        -1.470580 1.668949 0.000000,
        -1.638998 1.503890 0.000000,
        -1.511000 1.714820 0.008049,
        -1.684046 1.545224 0.008049,
        -1.548664 1.757566 0.031648,
        -1.726024 1.583743 0.031648,
        -1.581007 1.794272 0.069187,
        -1.762072 1.616819 0.069187,
        -1.605826 1.822438 0.118110,
        -1.789731 1.642198 0.118110,
        -1.621427 1.840144 0.175082,
        -2.027211 0.915648 0.000000,
        -2.112754 0.695895 0.000000,
        -2.082930 0.940815 0.008049,
        -2.170823 0.715022 0.008049,
        -2.134851 0.964267 0.031648,
        -2.224935 0.732846 0.031648,
        -2.179437 0.984406 0.069187,
        -2.271402 0.748151 0.069187,
        -2.213648 0.999858 0.118110,
        -2.307057 0.759895 0.118110,
        -2.235155 1.009572 0.175082,
        -2.211910 0.235484 0.000000,
        -2.224409 -0.000000 0.000000,
        -2.272704 0.241956 0.008049,
        -2.285548 -0.000000 0.008049,
        -2.329356 0.247987 0.031648,
        -2.342520 -0.000000 0.031648,
        -2.378004 0.253167 0.069187,
        -2.391443 -0.000000 0.069187,
        -2.415333 0.257141 0.118110,
        -2.428982 -0.000000 0.118110,
        -2.438799 0.259639 0.175082,
        -1.788994 -1.321929 0.000000,
        -1.638998 -1.503890 0.000000,
        -1.838166 -1.358262 0.008049,
        -1.684046 -1.545224 0.008049,
        -1.883985 -1.392120 0.031648,
        -1.726024 -1.583743 0.031648,
        -1.923332 -1.421194 0.069187,
        -1.762072 -1.616819 0.069187,
        -1.953524 -1.443503 0.118110,
        -1.789731 -1.642198 0.118110,
        -1.972503 -1.457527 0.175082,
        -0.424437 -2.183541 0.000000,
        -0.190895 -2.216203 0.000000,
        -0.436103 -2.243556 0.008049,
        -0.196142 -2.277116 0.008049,
        -0.446974 -2.299481 0.031648,
        -0.201031 -2.333878 0.031648,
        -0.456309 -2.347505 0.069187,
        -0.205229 -2.382620 0.069187,
        -0.463472 -2.384355 0.118110,
        -0.208451 -2.420021 0.118110,
        -0.467974 -2.407520 0.175082,
        0.279978 -2.206719 -0.000000,
        0.512015 -2.164680 -0.000000,
        0.287673 -2.267371 0.008049,
        0.526088 -2.224176 0.008049,
        0.294844 -2.323890 0.031648,
        0.539202 -2.279618 0.031648,
        0.301001 -2.372424 0.069187,
        0.550463 -2.327228 0.069187,
        0.305726 -2.409665 0.118110,
        0.559104 -2.363759 0.118110,
        0.308696 -2.433076 0.175082,
        1.163524 -1.895840 -0.000000,
        1.357686 -1.762012 -0.000000,
        1.195503 -1.947948 0.008049,
        1.395002 -1.810441 0.008049,
        1.225304 -1.996504 0.031648,
        1.429775 -1.855570 0.031648,
        1.250894 -2.038201 0.069187,
        1.459636 -1.894323 0.069187,
        1.270530 -2.070195 0.118110,
        1.482548 -1.924060 0.118110,
        1.282874 -2.090308 0.175082,
        1.698224 -1.436674 -0.000000,
        1.840772 -1.248821 -0.000000,
        1.744900 -1.476162 0.008049,
        1.891366 -1.283145 0.008049,
        1.788395 -1.512958 0.031648,
        1.938513 -1.315130 0.031648,
        1.825745 -1.544556 0.069187,
        1.978998 -1.342596 0.069187,
        1.854405 -1.568802 0.118110,
        2.010063 -1.363672 0.118110,
        1.872421 -1.584043 0.175082,
        2.062437 0.833278 -0.000000,
        2.119123 0.856181 0.008049,
        2.171946 0.877523 0.031648,
        2.217307 0.895850 0.069187,
        2.252113 0.909913 0.118110,
        2.273993 0.918753 0.175082,
        2.281456 0.921768 0.236220,
        2.171054 1.158111 0.236220,
        2.116411 1.248640 0.236220,
        1.878566 1.589242 0.236220,
        1.872421 1.584043 0.175082,
        1.854405 1.568802 0.118110,
        1.825745 1.544556 0.069187,
        1.788395 1.512958 0.031648,
        1.744900 1.476162 0.008049,
        1.698224 1.436674 -0.000000,
        1.699767 1.779183 0.236220,
        1.656995 1.815913 0.236220,
        1.287083 2.097168 0.236220,
        1.282874 2.090308 0.175082,
        1.270530 2.070195 0.118110,
        1.250894 2.038201 0.069187,
        1.225304 1.996504 0.031648,
        1.195503 1.947948 0.008049,
        1.163524 1.895840 -0.000000,
        0.956285 2.008361 -0.000000,
        0.982569 2.063562 0.008049,
        1.007061 2.115000 0.031648,
        1.028093 2.159171 0.069187,
        1.044232 2.193065 0.118110,
        0.816702 2.321141 0.236220,
        0.708467 2.352886 0.236220,
        0.309710 2.441061 0.236220,
        0.308696 2.433076 0.175082,
        0.305726 2.409665 0.118110,
        0.301001 2.372424 0.069187,
        0.294844 2.323890 0.031648,
        0.287673 2.267371 0.008049,
        0.279978 2.206719 -0.000000,
        0.049550 2.460131 0.236220,
        -0.013844 2.458045 0.236220,
        -0.469510 2.415421 0.236220,
        -0.467974 2.407520 0.175082,
        -0.463472 2.384355 0.118110,
        -0.456309 2.347505 0.069187,
        -0.446974 2.299481 0.031648,
        -0.436103 2.243556 0.008049,
        -0.424437 2.183541 0.000000,
        -0.653210 2.126338 0.000000,
        -0.671163 2.184781 0.008049,
        -0.687893 2.239241 0.031648,
        -0.702260 2.286007 0.069187,
        -0.713283 2.321892 0.118110,
        -0.967523 2.262432 0.236220,
        -1.075065 2.209533 0.236220,
        -1.422163 2.008022 0.236220,
        -1.417511 2.001453 0.175082,
        -1.403872 1.982195 0.118110,
        -1.382175 1.951561 0.069187,
        -1.353900 1.911637 0.031648,
        -1.320972 1.865144 0.008049,
        -1.285636 1.815252 0.000000,
        -1.626748 1.846183 0.236220,
        -1.677084 1.796850 0.236220,
        -1.978976 1.462311 0.236220,
        -1.972503 1.457527 0.175082,
        -1.953524 1.443503 0.118110,
        -1.923332 1.421194 0.069187,
        -1.883985 1.392120 0.031648,
        -1.838166 1.358262 0.008049,
        -1.788994 1.321929 0.000000,
        -1.918886 1.125111 0.000000,
        -1.971627 1.156035 0.008049,
        -2.020774 1.184852 0.031648,
        -2.062977 1.209597 0.069187,
        -2.095361 1.228585 0.118110,
        -2.242490 1.012886 0.236220,
        -2.288524 0.894627 0.236220,
        -2.405477 0.518055 0.236220,
        -2.397608 0.516360 0.175082,
        -2.374539 0.511392 0.118110,
        -2.337840 0.503488 0.069187,
        -2.290014 0.493188 0.031648,
        -2.234319 0.481193 0.008049,
        -2.174551 0.468321 0.000000,
        -2.446803 0.260491 0.236220,
        -2.450913 0.183069 0.236220,
        -2.446803 -0.260491 0.236220,
        -2.438799 -0.259639 0.175082,
        -2.415333 -0.257141 0.118110,
        -2.378004 -0.253167 0.069187,
        -2.329356 -0.247987 0.031648,
        -2.272704 -0.241956 0.008049,
        -2.211910 -0.235484 0.000000,
        -2.174551 -0.468321 0.000000,
        -2.234319 -0.481193 0.008049,
        -2.290014 -0.493188 0.031648,
        -2.337840 -0.503488 0.069187,
        -2.374539 -0.511392 0.118110,
        -2.307057 -0.759895 0.118110,
        -2.271402 -0.748151 0.069187,
        -2.224935 -0.732846 0.031648,
        -2.170823 -0.715022 0.008049,
        -2.112754 -0.695895 0.000000,
        -2.213648 -0.999858 0.118110,
        -2.179437 -0.984406 0.069187,
        -2.134851 -0.964267 0.031648,
        -2.082930 -0.940815 0.008049,
        -2.027211 -0.915648 0.000000,
        -2.122661 -1.244592 0.236220,
        -2.115718 -1.240521 0.175082,
        -2.095361 -1.228585 0.118110,
        -2.062977 -1.209597 0.069187,
        -2.020774 -1.184852 0.031648,
        -1.971627 -1.156035 0.008049,
        -1.918886 -1.125111 0.000000,
        -1.978976 -1.462311 0.236220,
        -1.925174 -1.527578 0.236220,
        -1.626748 -1.846183 0.236220,
        -1.621427 -1.840144 0.175082,
        -1.605826 -1.822438 0.118110,
        -1.581007 -1.794272 0.069187,
        -1.548664 -1.757566 0.031648,
        -1.511000 -1.714820 0.008049,
        -1.470580 -1.668949 0.000000,
        -1.285636 -1.815252 0.000000,
        -1.320972 -1.865144 0.008049,
        -1.353900 -1.911637 0.031648,
        -1.382175 -1.951561 0.069187,
        -1.403872 -1.982195 0.118110,
        -1.186141 -2.119676 0.118110,
        -1.167809 -2.086916 0.069187,
        -1.143919 -2.044223 0.031648,
        -1.116098 -1.994506 0.008049,
        -1.086242 -1.941153 0.000000,
        -0.955079 -2.233333 0.118110,
        -0.940319 -2.198818 0.069187,
        -0.921082 -2.153835 0.031648,
        -0.898681 -2.101452 0.008049,
        -0.874641 -2.045239 0.000000,
        -0.722577 -2.352144 0.236220,
        -0.720213 -2.344450 0.175082,
        -0.713283 -2.321892 0.118110,
        -0.702260 -2.286007 0.069187,
        -0.687893 -2.239241 0.031648,
        -0.671163 -2.184781 0.008049,
        -0.653210 -2.126338 0.000000,
        -0.469510 -2.415421 0.236220,
        -0.378757 -2.428113 0.236220,
        0.049550 -2.460131 0.236220,
        0.049388 -2.452083 0.175082,
        0.048913 -2.428490 0.118110,
        0.048157 -2.390957 0.069187,
        0.047171 -2.342044 0.031648,
        0.046024 -2.285084 0.008049,
        0.044793 -2.223958 -0.000000,
        0.309710 -2.441061 0.236220,
        0.351311 -2.433524 0.236220,
        0.806198 -2.291288 0.118110,
        0.793739 -2.255876 0.069187,
        0.777501 -2.209726 0.031648,
        0.758591 -2.155984 0.008049,
        0.738299 -2.098312 -0.000000,
        1.057837 -2.221639 0.236220,
        1.054377 -2.214372 0.175082,
        1.044232 -2.193065 0.118110,
        1.028093 -2.159171 0.069187,
        1.007061 -2.115000 0.031648,
        0.982569 -2.063562 0.008049,
        0.956285 -2.008361 -0.000000,
        1.287083 -2.097168 0.236220,
        1.368341 -2.041161 0.236220,
        1.699767 -1.779183 0.236220,
        1.694207 -1.773363 0.175082,
        1.677906 -1.756300 0.118110,
        1.651973 -1.729156 0.069187,
        1.618178 -1.693782 0.031648,
        1.578823 -1.652588 0.008049,
        1.536589 -1.608381 -0.000000,
        1.878566 -1.589242 0.236220,
        1.908385 -1.549946 0.236220,
        2.171054 -1.158111 0.236220,
        2.163952 -1.154323 0.175082,
        2.143131 -1.143217 0.118110,
        2.110009 -1.125548 0.069187,
        2.066844 -1.102522 0.031648,
        2.016577 -1.075708 0.008049,
        1.962633 -1.046933 -0.000000,
        2.062437 -0.833278 -0.000000,
        2.119123 -0.856181 0.008049,
        2.171946 -0.877523 0.031648,
        2.217307 -0.895850 0.069187,
        2.252113 -0.909913 0.118110,
        2.273993 -0.918753 0.175082,
        2.281456 -0.921768 0.236220,
        2.281456 0.921768 0.544081,
        2.171054 1.158111 0.544081,
        2.116411 1.248640 0.544081,
        2.036253 1.381439 0.544081,
        1.908385 1.549946 0.544081,
        1.878566 1.589242 0.544081,
        1.699767 1.779183 0.544081,
        1.656995 1.815913 0.544081,
        1.501865 1.949128 0.544081,
        1.368341 2.041161 0.544081,
        1.287083 2.097168 0.544081,
        1.057837 2.221639 0.544081,
        1.051326 2.224326 0.544081,
        0.816702 2.321141 0.544081,
        0.708467 2.352886 0.544081,
        0.566389 2.394557 0.544081,
        0.351311 2.433524 0.544081,
        0.309710 2.441061 0.544081,
        0.049550 2.460131 0.544081,
        -0.013844 2.458045 0.544081,
        -0.211167 2.451552 0.544081,
        -0.378757 2.428113 0.544081,
        -0.469510 2.415421 0.544081,
        -0.722577 2.352144 0.544081,
        -0.735807 2.347299 0.544081,
        -0.967523 2.262432 0.544081,
        -1.075065 2.209533 0.544081,
        -1.201595 2.147293 0.544081,
        -1.392374 2.026831 0.544081,
        -1.422163 2.008022 0.544081,
        -1.626748 1.846183 0.544081,
        -1.677084 1.796850 0.544081,
        -1.813050 1.663595 0.544081,
        -1.925174 1.527578 0.544081,
        -1.978976 1.462311 0.544081,
        -2.122661 1.244592 0.544081,
        -2.132370 1.225819 0.544081,
        -2.242490 1.012886 0.544081,
        -2.288524 0.894627 0.544081,
        -2.337117 0.769796 0.544081,
        -2.398091 0.545252 0.544081,
        -2.405477 0.518055 0.544081,
        -2.446803 0.260491 0.544081,
        -2.450913 0.183069 0.544081,
        -2.460630 -0.000000 0.544081,
        -2.450913 -0.183069 0.544081,
        -2.446803 -0.260491 0.544081,
        -2.405477 -0.518055 0.544081,
        -2.398091 -0.545252 0.544081,
        -2.337117 -0.769796 0.544081,
        -2.288524 -0.894627 0.544081,
        -2.242490 -1.012886 0.544081,
        -2.132370 -1.225819 0.544081,
        -2.122661 -1.244592 0.544081,
        -1.978976 -1.462311 0.544081,
        -1.925174 -1.527578 0.544081,
        -1.813050 -1.663595 0.544081,
        -1.677084 -1.796850 0.544081,
        -1.626748 -1.846183 0.544081,
        -1.422163 -2.008022 0.544081,
        -1.392374 -2.026831 0.544081,
        -1.201595 -2.147293 0.544081,
        -1.075065 -2.209533 0.544081,
        -0.967523 -2.262432 0.544081,
        -0.735807 -2.347299 0.544081,
        -0.722577 -2.352144 0.544081,
        -0.469510 -2.415421 0.544081,
        -0.378757 -2.428113 0.544081,
        -0.211167 -2.451552 0.544081,
        -0.013844 -2.458045 0.544081,
        0.049550 -2.460131 0.544081,
        0.309710 -2.441061 0.544081,
        0.351311 -2.433524 0.544081,
        0.566389 -2.394557 0.544081,
        0.708467 -2.352886 0.544081,
        0.816702 -2.321141 0.544081,
        1.051326 -2.224326 0.544081,
        1.057837 -2.221639 0.544081,
        1.287083 -2.097168 0.544081,
        1.368341 -2.041161 0.544081,
        1.501865 -1.949128 0.544081,
        1.656995 -1.815913 0.544081,
        1.699767 -1.779183 0.544081,
        1.878566 -1.589242 0.544081,
        1.908385 -1.549946 0.544081,
        2.036253 -1.381439 0.544081,
        2.116411 -1.248640 0.544081,
        2.171054 -1.158111 0.544081,
        2.281456 -0.921768 0.544081,
        2.099245 -1.125420 0.720150,
        1.970653 -1.336966 0.720150,
        1.998633 -1.355918 0.683402,
        1.965513 -1.345420 0.720150,
        1.817852 -1.537925 0.720150,
        1.843860 -1.559881 0.683402,
        1.808819 -1.549701 0.720150,
        1.644660 -1.721566 0.720150,
        1.668364 -1.746313 0.683402,
        1.630991 -1.735876 0.720150,
        1.453026 -1.885831 0.720150,
        1.474119 -1.913119 0.683402,
        1.434108 -1.901771 0.720150,
        1.245104 -2.028880 0.720150,
        1.263305 -2.058424 0.683402,
        1.220470 -2.045447 0.720150,
        1.023232 -2.149111 0.720150,
        1.038294 -2.180595 0.683402,
        0.992572 -2.165225 0.720150,
        0.789903 -2.245179 0.720150,
        0.801614 -2.278259 0.683402,
        0.753079 -2.259706 0.720150,
        0.547737 -2.316009 0.720150,
        0.555925 -2.350319 0.683402,
        0.504786 -2.327786 0.720150,
        0.299456 -2.360812 0.720150,
        0.303988 -2.395963 0.683402,
        0.250596 -2.368670 0.720150,
        0.047845 -2.379087 0.720150,
        0.048634 -2.414681 0.683402,
        -0.006521 -2.381881 0.720150,
        -0.204269 -2.370635 0.720150,
        -0.207266 -2.406261 0.683402,
        -0.263563 -2.367263 0.720150,
        -0.454057 -2.335552 0.720150,
        -0.460836 -2.370797 0.683402,
        -0.517525 -2.324987 0.720150,
        -0.698716 -2.274238 0.720150,
        -0.709228 -2.308689 0.683402,
        -0.765441 -2.255549 0.720150,
        -0.935499 -2.187381 0.720150,
        -0.949648 -2.220634 0.683402,
        -1.004413 -2.159757 0.720150,
        -1.161750 -2.075962 0.720150,
        -1.179396 -2.107622 0.683402,
        -1.231652 -2.038733 0.720150,
        -1.374930 -1.941232 0.720150,
        -1.395889 -1.970924 0.683402,
        -1.444500 -1.893890 0.720150,
        -1.572648 -1.784706 0.720150,
        -1.596694 -1.812075 0.683402,
        -1.640471 -1.726920 0.720150,
        -1.752686 -1.608143 0.720150,
        -1.779555 -1.632861 0.683402,
        -1.817277 -1.539774 0.720150,
        -1.913023 -1.413525 0.720150,
        -1.942415 -1.435295 0.683402,
        -1.972851 -1.334638 0.720150,
        -2.051862 -1.203039 0.720150,
        -2.083446 -1.221598 0.683402,
        -2.105376 -1.113909 0.720150,
        -2.167645 -0.979048 0.720150,
        -2.201061 -0.994173 0.683402,
        -2.213302 -0.880166 0.720150,
        -2.259073 -0.744068 0.720150,
        -2.293939 -0.755574 0.683402,
        -2.295370 -0.636140 0.720150,
        -2.325122 -0.500734 0.720150,
        -2.361036 -0.508483 0.683402,
        -2.350621 -0.384681 0.720150,
        -2.365050 -0.251780 0.720150,
        -2.401599 -0.255679 0.683402,
        -2.295370 0.636140 0.720150,
        -2.259073 0.744068 0.720150,
        -2.293939 0.755574 0.683402,
        -2.213302 0.880166 0.720150,
        -2.167645 0.979048 0.720150,
        -2.201061 0.994173 0.683402,
        -2.105376 1.113909 0.720150,
        -2.051862 1.203039 0.720150,
        -2.083446 1.221598 0.683402,
        -1.972851 1.334638 0.720150,
        -1.913023 1.413525 0.720150,
        -1.942415 1.435295 0.683402,
        -1.817277 1.539774 0.720150,
        -1.752686 1.608143 0.720150,
        -1.779555 1.632861 0.683402,
        -1.640471 1.726920 0.720150,
        -1.572648 1.784706 0.720150,
        -1.596694 1.812075 0.683402,
        -1.444500 1.893890 0.720150,
        -1.374930 1.941232 0.720150,
        -1.395889 1.970924 0.683402,
        -1.231652 2.038733 0.720150,
        -1.161750 2.075962 0.720150,
        -1.179396 2.107622 0.683402,
        -1.004413 2.159757 0.720150,
        -0.935499 2.187381 0.720150,
        -0.949648 2.220634 0.683402,
        -0.765441 2.255549 0.720150,
        -0.698716 2.274238 0.720150,
        -0.709228 2.308689 0.683402,
        -0.517525 2.324987 0.720150,
        -0.454057 2.335552 0.720150,
        -0.460836 2.370797 0.683402,
        -0.263563 2.367263 0.720150,
        -0.204269 2.370635 0.720150,
        -0.207266 2.406261 0.683402,
        -0.006521 2.381881 0.720150,
        0.047845 2.379087 0.720150,
        0.048634 2.414681 0.683402,
        0.250596 2.368670 0.720150,
        0.299456 2.360812 0.720150,
        0.303988 2.395963 0.683402,
        0.504786 2.327786 0.720150,
        0.547737 2.316009 0.720150,
        0.555925 2.350319 0.683402,
        0.753079 2.259706 0.720150,
        0.789903 2.245179 0.720150,
        0.801614 2.278259 0.683402,
        0.992572 2.165225 0.720150,
        1.023232 2.149111 0.720150,
        1.038294 2.180595 0.683402,
        1.220470 2.045447 0.720150,
        1.245104 2.028880 0.720150,
        1.263305 2.058424 0.683402,
        1.434108 1.901771 0.720150,
        1.453026 1.885831 0.720150,
        1.474119 1.913119 0.683402,
        1.630991 1.735876 0.720150,
        1.644660 1.721566 0.720150,
        1.668364 1.746313 0.683402,
        1.808819 1.549701 0.720150,
        1.817852 1.537925 0.720150,
        1.843860 1.559881 0.683402,
        1.965513 1.345420 0.720150,
        1.970653 1.336966 0.720150,
        1.998633 1.355918 0.683402,
        2.099245 1.125420 0.720150,
        2.101343 1.120941 0.720150,
        2.130945 1.136716 0.683402,
        2.019220 1.369884 0.640518,
        2.031947 1.378519 0.593385,
        1.874594 1.585881 0.593385,
        2.166464 -1.155663 0.593385,
        1.696173 -1.775421 0.593385,
        1.055601 -2.216942 0.593385,
        0.814976 -2.316233 0.593385,
        0.049445 -2.454929 0.593385,
        -0.721049 -2.347171 0.593385,
        -0.965477 -2.257648 0.593385,
        -1.623308 -1.842279 0.593385,
        -2.118173 -1.241960 0.593385,
        -2.237749 -1.010744 0.593385,
        -2.441629 -0.259940 0.593385,
        -2.400391 0.516959 0.593385,
        -1.809217 1.660078 0.593385,
        -1.199055 2.142753 0.593385,
        -0.210720 2.446369 0.593385,
        0.565191 2.389494 0.593385,
        1.498689 1.945007 0.593385,
        1.696173 1.775421 0.593385,
        1.284362 2.092734 0.593385,
        1.055601 2.216942 0.593385,
        0.814976 2.316233 0.593385,
        0.309055 2.435900 0.593385,
        0.049445 2.454929 0.593385,
        -0.468518 2.410314 0.593385,
        -0.721049 2.347171 0.593385,
        -0.965477 2.257648 0.593385,
        -1.419156 2.003776 0.593385,
        -1.623308 1.842279 0.593385,
        -1.974792 1.459219 0.593385,
        -2.118173 1.241960 0.593385,
        -2.237749 1.010744 0.593385,
        -2.332175 0.768168 0.593385,
        2.166464 1.155663 0.593385,
        2.152895 1.148425 0.640518,
        -2.426337 0.258312 0.640518,
        -2.401599 0.255679 0.683402,
        -2.361036 0.508483 0.683402,
        2.276633 0.919819 0.593385,
        2.262373 0.914058 0.640518,
        2.239307 0.904739 0.683402,
        2.208450 0.892272 0.720150,
        1.862853 1.575948 0.640518,
        1.685550 1.764301 0.640518,
        1.489303 1.932825 0.640518,
        1.276318 2.079627 0.640518,
        1.048989 2.203056 0.640518,
        0.809871 2.301726 0.640518,
        0.561651 2.374528 0.640518,
        0.307119 2.420643 0.640518,
        0.049135 2.439554 0.640518,
        -0.209400 2.431046 0.640518,
        -0.465583 2.395218 0.640518,
        -0.716533 2.332470 0.640518,
        -0.959430 2.243508 0.640518,
        -1.191545 2.129332 0.640518,
        -1.410268 1.991226 0.640518,
        -1.613141 1.830741 0.640518,
        -1.797885 1.649680 0.640518,
        -1.962423 1.450080 0.640518,
        -2.104906 1.234181 0.640518,
        -2.223733 1.004413 0.640518,
        -2.317568 0.763357 0.640518,
        -2.441629 0.259940 0.593385,
        -2.385356 0.513721 0.640518,
        -2.325122 0.500734 0.720150,
        -2.378409 -0.128728 0.720150,
        -2.378409 -0.000000 0.720150,
        -2.415170 -0.000000 0.683402,
        -2.440048 -0.000000 0.640518,
        -2.455427 -0.000000 0.593385,
        -2.378409 0.128728 0.720150,
        -2.365050 0.251780 0.720150,
        -2.350621 0.384681 0.720150,
        -2.426337 -0.258312 0.640518,
        -2.385356 -0.513721 0.640518,
        -2.400391 -0.516959 0.593385,
        -2.317568 -0.763357 0.640518,
        -2.332175 -0.768168 0.593385,
        -2.223733 -1.004413 0.640518,
        -2.104906 -1.234181 0.640518,
        -1.962423 -1.450080 0.640518,
        -1.974792 -1.459219 0.593385,
        -1.797885 -1.649680 0.640518,
        -1.809217 -1.660078 0.593385,
        -1.613141 -1.830741 0.640518,
        -1.410268 -1.991226 0.640518,
        -1.419156 -2.003776 0.593385,
        -1.191545 -2.129332 0.640518,
        -1.199055 -2.142753 0.593385,
        -0.959430 -2.243508 0.640518,
        -0.716533 -2.332470 0.640518,
        -0.465583 -2.395218 0.640518,
        -0.468518 -2.410314 0.593385,
        -0.209400 -2.431046 0.640518,
        -0.210720 -2.446369 0.593385,
        0.049135 -2.439554 0.640518,
        0.307119 -2.420643 0.640518,
        0.309055 -2.435900 0.593385,
        0.561651 -2.374528 0.640518,
        0.565191 -2.389494 0.593385,
        0.809871 -2.301726 0.640518,
        1.048989 -2.203056 0.640518,
        1.276318 -2.079627 0.640518,
        1.284362 -2.092734 0.593385,
        1.489303 -1.932825 0.640518,
        1.498689 -1.945007 0.593385,
        1.685550 -1.764301 0.640518,
        1.862853 -1.575948 0.640518,
        1.874594 -1.585881 0.593385,
        2.019220 -1.369884 0.640518,
        2.031947 -1.378519 0.593385,
        2.101343 -1.120941 0.720150,
        2.130945 -1.136716 0.683402,
        2.152895 -1.148425 0.640518,
        2.276633 -0.919819 0.593385,
        2.262373 -0.914058 0.640518,
        2.239307 -0.904739 0.683402,
        2.208450 -0.892272 0.720150,
        2.101581 -1.121052 1.248354,
        2.099024 -1.125287 1.248354,
        2.049830 -1.098928 1.184545,
        1.971093 -1.337233 1.248354,
        1.965112 -1.345115 1.248354,
        1.919246 -1.313750 1.184545,
        1.818452 -1.538386 1.248354,
        1.808279 -1.549193 1.248354,
        1.766240 -1.513222 1.184545,
        1.645374 -1.722249 1.248354,
        1.630361 -1.735142 1.248354,
        1.592598 -1.695015 1.184545,
        1.453805 -1.886756 1.248354,
        1.433436 -1.900796 1.248354,
        1.400350 -1.857004 1.184545,
        1.245897 -2.030059 1.248354,
        1.219806 -2.044225 1.248354,
        1.191741 -1.997298 1.184545,
        1.023987 -2.150546 1.248354,
        0.991968 -2.163759 1.248354,
        0.969208 -2.114257 1.184545,
        0.790568 -2.246865 1.248354,
        0.752580 -2.258006 1.248354,
        0.735352 -2.206514 1.184545,
        0.548264 -2.317931 1.248354,
        0.504439 -2.325871 1.248354,
        0.492904 -2.272991 1.184545,
        0.299799 -2.362947 1.248354,
        0.250442 -2.366565 1.248354,
        0.244698 -2.312913 1.184545,
        -0.699455 -2.276876 1.248354,
        -0.764523 -2.253044 1.248354,
        -0.747422 -2.202454 1.184545,
        -0.936562 -2.190034 1.248354,
        -1.003186 -2.157262 1.248354,
        -0.980770 -2.108918 1.184545,
        -1.163144 -2.078580 1.248354,
        -1.230112 -2.036295 1.248354,
        -1.202659 -1.990743 1.184545,
        -1.376654 -1.943765 1.248354,
        -1.442653 -1.891556 1.248354,
        -1.410497 -1.849309 1.184545,
        -1.574692 -1.787105 1.248354,
        -1.638330 -1.724735 1.248354,
        -1.601856 -1.686269 1.184545,
        -1.755033 -1.610360 1.248354,
        -1.814861 -1.537782 1.248354,
        -1.774499 -1.503528 1.184545,
        -1.915649 -1.415517 1.248354,
        -1.970186 -1.332879 1.248354,
        -1.926411 -1.303221 1.184545,
        -2.054736 -1.204765 1.248354,
        -2.102494 -1.112419 1.248354,
        -2.055816 -1.087688 1.184545,
        -2.170731 -0.980473 1.248354,
        -2.210241 -0.878974 1.248354,
        -2.161202 -0.859447 1.184545,
        -2.262329 -0.745162 1.248354,
        -2.292170 -0.635270 1.248354,
        -2.241339 -0.621165 1.184545,
        -2.328502 -0.501477 1.248354,
        -2.347326 -0.384152 1.248354,
        -2.295289 -0.375626 1.184545,
        1.400350 -1.857004 0.783959,
        1.592598 -1.695015 0.783959,
        1.565708 -1.666395 0.859279,
        1.191741 -1.997298 0.783959,
        0.969208 -2.114257 0.783959,
        0.735352 -2.206514 0.783959,
        0.492904 -2.272991 0.783959,
        0.244698 -2.312913 0.783959,
        -0.006368 -2.325813 0.783959,
        -0.257358 -2.311539 0.783959,
        -0.505343 -2.270259 0.783959,
        -0.747422 -2.202454 0.783959,
        -0.980770 -2.108918 0.783959,
        -1.202659 -1.990743 0.783959,
        -1.410497 -1.849309 0.783959,
        -2.322422 0.125698 0.783959,
        -2.295289 0.375626 0.783959,
        -2.241339 0.621165 0.783959,
        -2.161202 0.859447 0.783959,
        -2.055816 1.087688 0.783959,
        -1.926411 1.303221 0.783959,
        -1.774499 1.503528 0.783959,
        -1.601856 1.686269 0.783959,
        -1.410497 1.849309 0.783959,
        -1.202659 1.990743 0.783959,
        -0.980770 2.108918 0.783959,
        -0.747422 2.202454 0.783959,
        -0.505343 2.270259 0.783959,
        -0.257358 2.311539 0.783959,
        -0.006368 2.325813 0.783959,
        0.244698 2.312913 0.783959,
        2.156464 0.871268 0.783959,
        2.049830 1.098928 0.783959,
        1.919246 1.313750 0.783959,
        1.766240 1.513222 0.783959,
        1.592598 1.695015 0.783959,
        1.400350 1.857004 0.783959,
        1.191741 1.997298 0.783959,
        0.969208 2.114257 0.783959,
        0.735352 2.206514 0.783959,
        0.492904 2.272991 0.783959,
        -2.322422 -0.125698 0.783959,
        -2.295289 -0.375626 0.783959,
        -2.241339 -0.621165 0.783959,
        -2.161202 -0.859447 0.783959,
        -2.055816 -1.087688 0.783959,
        -1.926411 -1.303221 0.783959,
        -1.774499 -1.503528 0.783959,
        -1.601856 -1.686269 0.783959,
        1.766240 -1.513222 0.783959,
        1.919246 -1.313750 0.783959,
        2.049830 -1.098928 0.783959,
        1.721065 -1.474519 0.941781,
        1.736418 -1.487672 0.859279,
        1.870158 -1.280148 1.026723,
        1.870158 -1.280148 0.941781,
        1.886841 -1.291567 0.859279,
        2.015219 -1.080373 1.109226,
        1.997402 -1.070821 1.026723,
        1.997402 -1.070821 0.941781,
        2.015219 -1.080373 0.859279,
        2.156464 -0.871268 1.184545,
        2.120052 -0.856557 1.109226,
        2.101309 -0.848984 1.026723,
        2.101309 -0.848984 0.941781,
        2.120052 -0.856557 0.859279,
        2.156464 -0.871268 0.783959,
        -0.257358 -2.311539 1.184545,
        -0.505343 -2.270259 1.184545,
        -0.496810 -2.231926 1.109226,
        2.049830 1.098928 1.184545,
        2.099024 1.125287 1.248354,
        2.101581 1.121052 1.248354,
        2.015219 1.080373 0.859279,
        2.120052 0.856557 0.859279,
        1.997402 1.070821 0.941781,
        2.101309 0.848984 0.941781,
        1.997402 1.070821 1.026723,
        2.101309 0.848984 1.026723,
        2.015219 1.080373 1.109226,
        2.120052 0.856557 1.109226,
        2.156464 0.871268 1.184545,
        2.208450 0.892272 1.248354,
        1.919246 1.313750 1.184545,
        1.965112 1.345115 1.248354,
        1.971093 1.337233 1.248354,
        1.886841 1.291567 0.859279,
        1.870158 1.280148 0.941781,
        1.870158 1.280148 1.026723,
        1.886841 1.291567 1.109226,
        1.766240 1.513222 1.184545,
        1.808279 1.549193 1.248354,
        1.818452 1.538386 1.248354,
        1.736418 1.487672 0.859279,
        1.721065 1.474519 0.941781,
        1.721065 1.474519 1.026723,
        1.736418 1.487672 1.109226,
        1.592598 1.695015 1.184545,
        1.630361 1.735142 1.248354,
        1.645374 1.722249 1.248354,
        1.565708 1.666395 0.859279,
        1.551865 1.651662 0.941781,
        1.551865 1.651662 1.026723,
        1.565708 1.666395 1.109226,
        1.400350 1.857004 1.184545,
        1.433436 1.900796 1.248354,
        1.453805 1.886756 1.248354,
        1.376705 1.825649 0.859279,
        1.364533 1.809508 0.941781,
        1.364533 1.809508 1.026723,
        1.376705 1.825649 1.109226,
        1.191741 1.997298 1.184545,
        1.219806 2.044225 1.248354,
        1.245897 2.030059 1.248354,
        1.171618 1.963574 0.859279,
        1.161259 1.946213 0.941781,
        1.161259 1.946213 1.026723,
        1.171618 1.963574 1.109226,
        0.969208 2.114257 1.184545,
        0.991968 2.163759 1.248354,
        1.023987 2.150546 1.248354,
        0.952843 2.078558 0.859279,
        0.944419 2.060181 0.941781,
        0.944419 2.060181 1.026723,
        0.952843 2.078558 1.109226,
        0.735352 2.206514 1.184545,
        0.752580 2.258006 1.248354,
        0.790568 2.246865 1.248354,
        0.722935 2.169257 0.859279,
        0.716544 2.150078 0.941781,
        0.716544 2.150078 1.026723,
        0.722935 2.169257 1.109226,
        0.492904 2.272991 1.184545,
        0.504439 2.325871 1.248354,
        0.548264 2.317931 1.248354,
        0.484581 2.234613 0.859279,
        0.480297 2.214856 0.941781,
        0.480297 2.214856 1.026723,
        0.484581 2.234613 1.109226,
        0.244698 2.312913 1.184545,
        0.250442 2.366565 1.248354,
        0.299799 2.362947 1.248354,
        0.240566 2.273860 0.859279,
        0.238439 2.253756 0.941781,
        0.238439 2.253756 1.026723,
        0.240566 2.273860 1.109226,
        -0.006368 2.325813 1.184545,
        -0.006446 2.379617 1.248354,
        0.047964 2.381407 1.248354,
        -0.006260 2.286542 0.859279,
        -0.006205 2.266326 0.941781,
        -0.006205 2.266326 1.026723,
        -0.006260 2.286542 1.109226,
        -0.257358 2.311539 1.184545,
        -0.263229 2.364876 1.248354,
        -0.204409 2.373102 1.248354,
        -0.253013 2.272509 0.859279,
        -0.250776 2.252417 0.941781,
        -0.250776 2.252417 1.026723,
        -0.253013 2.272509 1.109226,
        -0.505343 2.270259 1.184545,
        -0.516907 2.322520 1.248354,
        -0.454486 2.338128 1.248354,
        -0.496810 2.231926 0.859279,
        -0.492417 2.212193 0.941781,
        -0.492417 2.212193 1.026723,
        -0.496810 2.231926 1.109226,
        -0.747422 2.202454 1.184545,
        -0.764523 2.253044 1.248354,
        -0.699455 2.276876 1.248354,
        -0.734802 2.165266 0.859279,
        -0.728306 2.146122 0.941781,
        -0.728306 2.146122 1.026723,
        -0.734802 2.165266 1.109226,
        -0.980770 2.108918 1.184545,
        -1.003186 2.157262 1.248354,
        -0.936562 2.190034 1.248354,
        -0.964210 2.073309 0.859279,
        -0.955685 2.054979 0.941781,
        -0.955685 2.054979 1.026723,
        -0.964210 2.073309 1.109226,
        -1.202659 1.990743 1.184545,
        -1.230112 2.036295 1.248354,
        -1.163144 2.078580 1.248354,
        -1.182352 1.957130 0.859279,
        -1.171899 1.939826 0.941781,
        -1.171899 1.939826 1.026723,
        -1.182352 1.957130 1.109226,
        -1.410497 1.849309 1.184545,
        -1.442653 1.891556 1.248354,
        -1.376654 1.943765 1.248354,
        -1.386681 1.818084 0.859279,
        -1.374421 1.802009 0.941781,
        -1.374421 1.802009 1.026723,
        -1.386681 1.818084 1.109226,
        -1.601856 1.686269 1.184545,
        -1.638330 1.724735 1.248354,
        -1.574692 1.787105 1.248354,
        -1.574809 1.657797 0.859279,
        -1.560885 1.643139 0.941781,
        -1.560885 1.643139 1.026723,
        -1.574809 1.657797 1.109226,
        -1.774499 1.503528 1.184545,
        -1.814861 1.537782 1.248354,
        -1.755033 1.610360 1.248354,
        -1.744537 1.478141 0.859279,
        -1.729113 1.465072 0.941781,
        -1.729113 1.465072 1.026723,
        -1.744537 1.478141 1.109226,
        -1.926411 1.303221 1.184545,
        -1.970186 1.332879 1.248354,
        -1.915649 1.415517 1.248354,
        -1.893884 1.281217 0.859279,
        -1.877139 1.269889 0.941781,
        -1.877139 1.269889 1.026723,
        -1.893884 1.281217 1.109226,
        -2.055816 1.087688 1.184545,
        -2.102494 1.112419 1.248354,
        -2.054736 1.204765 1.248354,
        -2.021104 1.069322 0.859279,
        -2.003235 1.059869 0.941781,
        -2.003235 1.059869 1.026723,
        -2.021104 1.069322 1.109226,
        -2.161202 0.859447 1.184545,
        -2.210241 0.878974 1.248354,
        -2.170731 0.980473 1.248354,
        -2.124711 0.844936 0.859279,
        -2.105926 0.837465 0.941781,
        -2.105926 0.837465 1.026723,
        -2.124711 0.844936 1.109226,
        -2.241339 0.621165 1.184545,
        -2.292170 0.635270 1.248354,
        -2.262329 0.745162 1.248354,
        -2.203494 0.610677 0.859279,
        -2.184012 0.605278 0.941781,
        -2.184012 0.605278 1.026723,
        -2.203494 0.610677 1.109226,
        -2.295289 0.375626 1.184545,
        -2.347326 0.384152 1.248354,
        -2.328502 0.501477 1.248354,
        -2.256533 0.369283 0.859279,
        -2.236582 0.366019 0.941781,
        -2.236582 0.366019 1.026723,
        -2.256533 0.369283 1.109226,
        -2.322422 0.125698 1.184545,
        -2.375066 0.128551 1.248354,
        -2.368505 0.252156 1.248354,
        -2.283209 0.123576 0.859279,
        -2.263022 0.122483 0.941781,
        -2.263022 0.122483 1.026723,
        -2.283209 0.123576 1.109226,
        -2.368505 -0.252156 1.248354,
        -2.375066 -0.128551 1.248354,
        -2.322422 -0.125698 1.184545,
        -2.381890 -0.000000 1.248354,
        -2.283209 -0.123576 0.859279,
        -2.263022 -0.122483 0.941781,
        -2.263022 -0.122483 1.026723,
        -2.283209 -0.123576 1.109226,
        -2.256533 -0.369283 0.859279,
        -2.236582 -0.366019 0.941781,
        -2.236582 -0.366019 1.026723,
        -2.256533 -0.369283 1.109226,
        -2.203494 -0.610677 0.859279,
        -2.184012 -0.605278 0.941781,
        -2.184012 -0.605278 1.026723,
        -2.203494 -0.610677 1.109226,
        -2.124711 -0.844936 0.859279,
        -2.105926 -0.837465 0.941781,
        -2.105926 -0.837465 1.026723,
        -2.124711 -0.844936 1.109226,
        -2.021104 -1.069322 0.859279,
        -2.003235 -1.059869 0.941781,
        -2.003235 -1.059869 1.026723,
        -2.021104 -1.069322 1.109226,
        -1.893884 -1.281217 0.859279,
        -1.877139 -1.269889 0.941781,
        -1.877139 -1.269889 1.026723,
        -1.893884 -1.281217 1.109226,
        -1.744537 -1.478141 0.859279,
        -1.729113 -1.465072 0.941781,
        -1.729113 -1.465072 1.026723,
        -1.744537 -1.478141 1.109226,
        -1.574809 -1.657797 0.859279,
        -1.560885 -1.643139 0.941781,
        -1.560885 -1.643139 1.026723,
        -1.574809 -1.657797 1.109226,
        -1.386681 -1.818084 0.859279,
        -1.374421 -1.802009 0.941781,
        -1.374421 -1.802009 1.026723,
        -1.386681 -1.818084 1.109226,
        -1.182352 -1.957130 0.859279,
        -1.171899 -1.939826 0.941781,
        -1.171899 -1.939826 1.026723,
        -1.182352 -1.957130 1.109226,
        -0.955685 -2.054979 0.941781,
        -0.955685 -2.054979 1.026723,
        -0.964210 -2.073309 1.109226,
        -0.728306 -2.146122 1.026723,
        -0.734802 -2.165266 1.109226,
        -0.516907 -2.322520 1.248354,
        0.047964 -2.381407 1.248354,
        -0.006446 -2.379617 1.248354,
        -0.006368 -2.325813 1.184545,
        -0.253013 -2.272509 1.109226,
        -0.492417 -2.212193 1.026723,
        -0.728306 -2.146122 0.941781,
        -0.964210 -2.073309 0.859279,
        -0.204409 -2.373102 1.248354,
        -0.263229 -2.364876 1.248354,
        -0.454486 -2.338128 1.248354,
        -0.006260 -2.286542 1.109226,
        -0.250776 -2.252417 1.026723,
        -0.492417 -2.212193 0.941781,
        -0.734802 -2.165266 0.859279,
        0.240566 -2.273860 1.109226,
        -0.006205 -2.266326 1.026723,
        -0.250776 -2.252417 0.941781,
        -0.496810 -2.231926 0.859279,
        0.484581 -2.234613 1.109226,
        0.238439 -2.253756 1.026723,
        -0.006205 -2.266326 0.941781,
        -0.253013 -2.272509 0.859279,
        0.722935 -2.169257 1.109226,
        0.480297 -2.214856 1.026723,
        0.238439 -2.253756 0.941781,
        -0.006260 -2.286542 0.859279,
        0.952843 -2.078558 1.109226,
        0.716544 -2.150078 1.026723,
        0.480297 -2.214856 0.941781,
        0.240566 -2.273860 0.859279,
        1.171618 -1.963574 1.109226,
        0.944419 -2.060181 1.026723,
        0.716544 -2.150078 0.941781,
        0.484581 -2.234613 0.859279,
        1.376705 -1.825649 1.109226,
        1.161259 -1.946213 1.026723,
        0.944419 -2.060181 0.941781,
        0.722935 -2.169257 0.859279,
        1.565708 -1.666395 1.109226,
        1.364533 -1.809508 1.026723,
        1.161259 -1.946213 0.941781,
        0.952843 -2.078558 0.859279,
        1.736418 -1.487672 1.109226,
        1.551865 -1.651662 1.026723,
        1.364533 -1.809508 0.941781,
        1.171618 -1.963574 0.859279,
        1.886841 -1.291567 1.109226,
        1.721065 -1.474519 1.026723,
        1.551865 -1.651662 0.941781,
        1.376705 -1.825649 0.859279,
        2.208450 -0.892272 1.248354,
        2.116411 -1.248640 1.424423,
        2.036253 -1.381439 1.424423,
        2.031947 -1.378519 1.375119,
        1.656995 -1.815913 1.424423,
        1.501865 -1.949128 1.424423,
        1.498689 -1.945007 1.375119,
        1.051326 -2.224326 1.424423,
        0.816702 -2.321141 1.424423,
        0.814976 -2.316233 1.375119,
        0.708467 -2.352886 1.424423,
        0.566389 -2.394557 1.424423,
        0.565191 -2.389494 1.375119,
        -0.013844 -2.458045 1.424423,
        -0.211167 -2.451552 1.424423,
        -0.210720 -2.446369 1.375119,
        -0.735807 -2.347299 1.424423,
        -0.967523 -2.262432 1.424423,
        -0.965477 -2.257648 1.375119,
        -1.075065 -2.209533 1.424423,
        -1.201595 -2.147293 1.424423,
        -1.199055 -2.142753 1.375119,
        -1.677084 -1.796850 1.424423,
        -1.813050 -1.663595 1.424423,
        -1.809217 -1.660078 1.375119,
        -2.132370 -1.225819 1.424423,
        -2.242490 -1.012886 1.424423,
        -2.237749 -1.010744 1.375119,
        -2.288524 -0.894627 1.424423,
        -2.337117 -0.769796 1.424423,
        -2.332175 -0.768168 1.375119,
        -2.398091 0.545252 1.424423,
        -2.337117 0.769796 1.424423,
        -2.332175 0.768168 1.375119,
        -1.392374 2.026831 1.424423,
        -1.201595 2.147293 1.424423,
        -1.199055 2.142753 1.375119,
        0.351311 2.433524 1.424423,
        0.566389 2.394557 1.424423,
        0.565191 2.389494 1.375119,
        1.908385 1.549946 1.424423,
        2.036253 1.381439 1.424423,
        2.031947 1.378519 1.375119,
        2.130945 -1.136716 1.285102,
        1.998633 -1.355918 1.285102,
        1.843860 -1.559881 1.285102,
        1.668364 -1.746313 1.285102,
        1.474119 -1.913119 1.285102,
        1.263305 -2.058424 1.285102,
        -2.401599 0.255679 1.285102,
        -2.361036 0.508483 1.285102,
        -2.293939 0.755574 1.285102,
        -2.201061 0.994173 1.285102,
        -2.083446 1.221598 1.285102,
        -1.942415 1.435295 1.285102,
        -1.779555 1.632861 1.285102,
        -1.596694 1.812075 1.285102,
        -1.395889 1.970924 1.285102,
        -1.179396 2.107622 1.285102,
        -0.949648 2.220634 1.285102,
        -0.709228 2.308689 1.285102,
        -0.460836 2.370797 1.285102,
        -0.207266 2.406261 1.285102,
        0.048634 2.414681 1.285102,
        0.303988 2.395963 1.285102,
        0.555925 2.350319 1.285102,
        0.801614 2.278259 1.285102,
        1.038294 2.180595 1.285102,
        1.263305 2.058424 1.285102,
        1.474119 1.913119 1.285102,
        1.668364 1.746313 1.285102,
        1.843860 1.559881 1.285102,
        1.998633 1.355918 1.285102,
        -2.401599 -0.255679 1.285102,
        -2.361036 -0.508483 1.285102,
        -2.293939 -0.755574 1.285102,
        -2.201061 -0.994173 1.285102,
        -2.083446 -1.221598 1.285102,
        -1.942415 -1.435295 1.285102,
        -1.779555 -1.632861 1.285102,
        -1.596694 -1.812075 1.285102,
        -1.395889 -1.970924 1.285102,
        -1.179396 -2.107622 1.285102,
        -0.949648 -2.220634 1.285102,
        -0.709228 -2.308689 1.285102,
        -0.460836 -2.370797 1.285102,
        -0.207266 -2.406261 1.285102,
        0.048634 -2.414681 1.285102,
        0.303988 -2.395963 1.285102,
        0.555925 -2.350319 1.285102,
        0.801614 -2.278259 1.285102,
        1.038294 -2.180595 1.285102,
        2.130945 1.136716 1.285102,
        2.152895 1.148425 1.327986,
        2.019220 1.369884 1.327986,
        2.166464 1.155663 1.375119,
        1.685550 1.764301 1.327986,
        1.489303 1.932825 1.327986,
        1.696173 1.775421 1.375119,
        1.498689 1.945007 1.375119,
        1.276318 2.079627 1.327986,
        1.284362 2.092734 1.375119,
        1.048989 2.203056 1.327986,
        1.055601 2.216942 1.375119,
        0.809871 2.301726 1.327986,
        0.561651 2.374528 1.327986,
        0.814976 2.316233 1.375119,
        0.049135 2.439554 1.327986,
        -0.209400 2.431046 1.327986,
        0.049445 2.454929 1.375119,
        -0.210720 2.446369 1.375119,
        -0.465583 2.395218 1.327986,
        -0.468518 2.410314 1.375119,
        -0.716533 2.332470 1.327986,
        -0.721049 2.347171 1.375119,
        -0.959430 2.243508 1.327986,
        -1.191545 2.129332 1.327986,
        -0.965477 2.257648 1.375119,
        -1.613141 1.830741 1.327986,
        -1.797885 1.649680 1.327986,
        -1.623308 1.842279 1.375119,
        -1.809217 1.660078 1.375119,
        -1.962423 1.450080 1.327986,
        -1.974792 1.459219 1.375119,
        -2.104906 1.234181 1.327986,
        -2.118173 1.241960 1.375119,
        -2.223733 1.004413 1.327986,
        -2.317568 0.763357 1.327986,
        -2.237749 1.010744 1.375119,
        -2.415170 -0.000000 1.285102,
        -2.426337 0.258312 1.327986,
        -2.440048 -0.000000 1.327986,
        -2.441629 0.259940 1.375119,
        -2.455427 -0.000000 1.375119,
        -2.426337 -0.258312 1.327986,
        -2.441629 -0.259940 1.375119,
        -2.385356 -0.513721 1.327986,
        -2.400391 -0.516959 1.375119,
        -1.962423 -1.450080 1.327986,
        -1.797885 -1.649680 1.327986,
        -1.974792 -1.459219 1.375119,
        -1.410268 -1.991226 1.327986,
        -1.191545 -2.129332 1.327986,
        -1.419156 -2.003776 1.375119,
        -0.465583 -2.395218 1.327986,
        -0.209400 -2.431046 1.327986,
        -0.468518 -2.410314 1.375119,
        0.307119 -2.420643 1.327986,
        0.561651 -2.374528 1.327986,
        0.309055 -2.435900 1.375119,
        1.276318 -2.079627 1.327986,
        1.489303 -1.932825 1.327986,
        1.284362 -2.092734 1.375119,
        1.862853 -1.575948 1.327986,
        2.019220 -1.369884 1.327986,
        1.874594 -1.585881 1.375119,
        2.239307 0.904739 1.285102,
        2.262373 0.914058 1.327986,
        2.276633 0.919819 1.375119,
        2.281456 0.921768 1.424423,
        2.171054 1.158111 1.424423,
        2.116411 1.248640 1.424423,
        1.878566 1.589242 1.424423,
        1.874594 1.585881 1.375119,
        1.862853 1.575948 1.327986,
        1.699767 1.779183 1.424423,
        1.051326 2.224326 1.424423,
        1.057837 2.221639 1.424423,
        1.287083 2.097168 1.424423,
        1.368341 2.041161 1.424423,
        1.501865 1.949128 1.424423,
        1.656995 1.815913 1.424423,
        0.816702 2.321141 1.424423,
        0.708467 2.352886 1.424423,
        0.309710 2.441061 1.424423,
        0.309055 2.435900 1.375119,
        0.307119 2.420643 1.327986,
        0.049550 2.460131 1.424423,
        -0.735807 2.347299 1.424423,
        -0.722577 2.352144 1.424423,
        -0.469510 2.415421 1.424423,
        -0.378757 2.428113 1.424423,
        -0.211167 2.451552 1.424423,
        -0.013844 2.458045 1.424423,
        -0.967523 2.262432 1.424423,
        -1.075065 2.209533 1.424423,
        -1.422163 2.008022 1.424423,
        -1.419156 2.003776 1.375119,
        -1.410268 1.991226 1.327986,
        -1.626748 1.846183 1.424423,
        -2.132370 1.225819 1.424423,
        -2.122661 1.244592 1.424423,
        -1.978976 1.462311 1.424423,
        -1.925174 1.527578 1.424423,
        -1.813050 1.663595 1.424423,
        -1.677084 1.796850 1.424423,
        -2.242490 1.012886 1.424423,
        -2.288524 0.894627 1.424423,
        -2.405477 0.518055 1.424423,
        -2.400391 0.516959 1.375119,
        -2.385356 0.513721 1.327986,
        -2.446803 0.260491 1.424423,
        -2.398091 -0.545252 1.424423,
        -2.405477 -0.518055 1.424423,
        -2.446803 -0.260491 1.424423,
        -2.450913 -0.183069 1.424423,
        -2.460630 -0.000000 1.424423,
        -2.450913 0.183069 1.424423,
        -2.317568 -0.763357 1.327986,
        -2.223733 -1.004413 1.327986,
        -2.122661 -1.244592 1.424423,
        -2.118173 -1.241960 1.375119,
        -2.104906 -1.234181 1.327986,
        -1.978976 -1.462311 1.424423,
        -1.925174 -1.527578 1.424423,
        -1.626748 -1.846183 1.424423,
        -1.623308 -1.842279 1.375119,
        -1.613141 -1.830741 1.327986,
        -1.422163 -2.008022 1.424423,
        -1.392374 -2.026831 1.424423,
        -0.959430 -2.243508 1.327986,
        -0.722577 -2.352144 1.424423,
        -0.721049 -2.347171 1.375119,
        -0.716533 -2.332470 1.327986,
        -0.469510 -2.415421 1.424423,
        -0.378757 -2.428113 1.424423,
        0.049550 -2.460131 1.424423,
        0.049445 -2.454929 1.375119,
        0.049135 -2.439554 1.327986,
        0.309710 -2.441061 1.424423,
        0.351311 -2.433524 1.424423,
        0.809871 -2.301726 1.327986,
        1.057837 -2.221639 1.424423,
        1.055601 -2.216942 1.375119,
        1.048989 -2.203056 1.327986,
        1.287083 -2.097168 1.424423,
        1.368341 -2.041161 1.424423,
        1.699767 -1.779183 1.424423,
        1.696173 -1.775421 1.375119,
        1.685550 -1.764301 1.327986,
        1.878566 -1.589242 1.424423,
        1.908385 -1.549946 1.424423,
        2.171054 -1.158111 1.424423,
        2.166464 -1.155663 1.375119,
        2.152895 -1.148425 1.327986,
        2.239307 -0.904739 1.285102,
        2.262373 -0.914058 1.327986,
        2.276633 -0.919819 1.375119,
        2.281456 -0.921768 1.424423,
        2.281456 -0.921768 7.637796,
        2.171054 -1.158111 7.637796,
        2.116411 -1.248640 7.637796,
        2.036253 -1.381439 7.637796,
        1.908385 -1.549946 7.637796,
        1.878566 -1.589242 7.637796,
        1.699767 -1.779183 7.637796,
        1.656995 -1.815913 7.637796,
        1.501865 -1.949128 7.637796,
        1.368341 -2.041161 7.637796,
        1.287083 -2.097168 7.637796,
        1.057837 -2.221639 7.637796,
        1.051326 -2.224326 7.637796,
        0.816702 -2.321141 7.637796,
        0.708467 -2.352886 7.637796,
        0.566389 -2.394557 7.637796,
        0.351311 -2.433524 7.637796,
        0.309710 -2.441061 7.637796,
        0.049550 -2.460131 7.637796,
        -0.013844 -2.458045 7.637796,
        -0.211167 -2.451552 7.637796,
        -0.378757 -2.428113 7.637796,
        -0.469510 -2.415421 7.637796,
        -0.722577 -2.352144 7.637796,
        -0.735807 -2.347299 7.637796,
        -0.967523 -2.262432 7.637796,
        -1.075065 -2.209533 7.637796,
        -1.201595 -2.147293 7.637796,
        -1.392374 -2.026831 7.637796,
        -1.422163 -2.008022 7.637796,
        -1.626748 -1.846183 7.637796,
        -1.677084 -1.796850 7.637796,
        -1.813050 -1.663595 7.637796,
        -1.925174 -1.527578 7.637796,
        -1.978976 -1.462311 7.637796,
        -2.122661 -1.244592 7.637796,
        -2.132370 -1.225819 7.637796,
        -2.242490 -1.012886 7.637796,
        -2.288524 -0.894627 7.637796,
        -2.337117 -0.769796 7.637796,
        -2.398091 -0.545252 7.637796,
        -2.405477 -0.518055 7.637796,
        -2.446803 -0.260491 7.637796,
        -2.450913 -0.183069 7.637796,
        -2.460630 -0.000000 7.637796,
        -2.450913 0.183069 7.637796,
        -2.446803 0.260491 7.637796,
        -2.405477 0.518055 7.637796,
        -2.398091 0.545252 7.637796,
        -2.337117 0.769796 7.637796,
        -2.288524 0.894627 7.637796,
        -2.242490 1.012886 7.637796,
        -2.132370 1.225819 7.637796,
        -2.122661 1.244592 7.637796,
        -1.978976 1.462311 7.637796,
        -1.925174 1.527578 7.637796,
        -1.813050 1.663595 7.637796,
        -1.677084 1.796850 7.637796,
        -1.626748 1.846183 7.637796,
        -1.422163 2.008022 7.637796,
        -1.392374 2.026831 7.637796,
        -1.201595 2.147293 7.637796,
        -1.075065 2.209533 7.637796,
        -0.967523 2.262432 7.637796,
        -0.735807 2.347299 7.637796,
        -0.722577 2.352144 7.637796,
        -0.469510 2.415421 7.637796,
        -0.378757 2.428113 7.637796,
        -0.211167 2.451552 7.637796,
        -0.013844 2.458045 7.637796,
        0.049550 2.460131 7.637796,
        0.309710 2.441061 7.637796,
        0.351311 2.433524 7.637796,
        0.566389 2.394557 7.637796,
        0.708467 2.352886 7.637796,
        0.816702 2.321141 7.637796,
        1.051326 2.224326 7.637796,
        1.057837 2.221639 7.637796,
        1.287083 2.097168 7.637796,
        1.368341 2.041161 7.637796,
        1.501865 1.949128 7.637796,
        1.656995 1.815913 7.637796,
        1.699767 1.779183 7.637796,
        1.878566 1.589242 7.637796,
        1.908385 1.549946 7.637796,
        2.036253 1.381439 7.637796,
        2.116411 1.248640 7.637796,
        2.171054 1.158111 7.637796,
        2.281456 0.921768 7.637796,
        2.062437 0.833278 7.874016,
        2.119123 0.856181 7.865967,
        2.016577 1.075708 7.865967,
        2.171946 0.877523 7.842368,
        2.066844 1.102522 7.842368,
        2.217307 0.895850 7.804829,
        2.110009 1.125548 7.804829,
        2.252113 0.909913 7.755906,
        2.143131 1.143217 7.755906,
        2.273993 0.918753 7.698933,
        2.163952 1.154323 7.698933,
        1.872421 1.584043 7.698933,
        2.029592 1.376920 7.698933,
        1.694207 1.773363 7.698933,
        1.496952 1.942753 7.698933,
        1.282874 2.090308 7.698933,
        1.054377 2.214372 7.698933,
        0.814031 2.313548 7.698933,
        0.564536 2.386724 7.698933,
        0.308696 2.433076 7.698933,
        0.049388 2.452083 7.698933,
        -0.210476 2.443533 7.698933,
        -0.467974 2.407520 7.698933,
        -0.720213 2.344450 7.698933,
        -0.964358 2.255031 7.698933,
        -1.197665 2.140269 7.698933,
        -1.417511 2.001453 7.698933,
        -1.621427 1.840144 7.698933,
        -1.807120 1.658153 7.698933,
        -1.972503 1.457527 7.698933,
        -2.115718 1.240521 7.698933,
        -2.235155 1.009572 7.698933,
        -2.329472 0.767278 7.698933,
        -2.397608 0.516360 7.698933,
        -2.438799 0.259639 7.698933,
        -2.452581 -0.000000 7.698933,
        -2.438799 -0.259639 7.698933,
        -2.397608 -0.516360 7.698933,
        -2.329472 -0.767278 7.698933,
        -2.235155 -1.009572 7.698933,
        -2.115718 -1.240521 7.698933,
        -1.972503 -1.457527 7.698933,
        -1.807120 -1.658153 7.698933,
        -1.621427 -1.840144 7.698933,
        -1.417511 -2.001453 7.698933,
        -1.197665 -2.140269 7.698933,
        -0.964358 -2.255031 7.698933,
        -0.720213 -2.344450 7.698933,
        -0.467974 -2.407520 7.698933,
        -0.210476 -2.443533 7.698933,
        0.049388 -2.452083 7.698933,
        0.308696 -2.433076 7.698933,
        0.564536 -2.386724 7.698933,
        0.814031 -2.313548 7.698933,
        1.054377 -2.214372 7.698933,
        1.282874 -2.090308 7.698933,
        1.496952 -1.942753 7.698933,
        1.694207 -1.773363 7.698933,
        1.872421 -1.584043 7.698933,
        2.029592 -1.376920 7.698933,
        2.163952 -1.154323 7.698933,
        2.273993 -0.918753 7.698933,
        2.010063 1.363672 7.755906,
        1.854405 1.568802 7.755906,
        1.677906 1.756300 7.755906,
        1.482548 1.924060 7.755906,
        1.270530 2.070195 7.755906,
        1.044232 2.193065 7.755906,
        0.806198 2.291288 7.755906,
        0.559104 2.363759 7.755906,
        0.305726 2.409665 7.755906,
        0.048913 2.428490 7.755906,
        -0.208451 2.420021 7.755906,
        -0.463472 2.384355 7.755906,
        -0.713283 2.321892 7.755906,
        -0.955079 2.233333 7.755906,
        -1.186141 2.119676 7.755906,
        -1.403872 1.982195 7.755906,
        -1.605826 1.822438 7.755906,
        -1.789731 1.642198 7.755906,
        -1.953524 1.443503 7.755906,
        -2.095361 1.228585 7.755906,
        -2.213648 0.999858 7.755906,
        -2.307057 0.759895 7.755906,
        -2.374539 0.511392 7.755906,
        -2.415333 0.257141 7.755906,
        -2.428982 -0.000000 7.755906,
        -2.415333 -0.257141 7.755906,
        -2.374539 -0.511392 7.755906,
        -2.307057 -0.759895 7.755906,
        -2.213648 -0.999858 7.755906,
        -2.095361 -1.228585 7.755906,
        -1.953524 -1.443503 7.755906,
        -1.789731 -1.642198 7.755906,
        -1.605826 -1.822438 7.755906,
        -1.403872 -1.982195 7.755906,
        -1.186141 -2.119676 7.755906,
        -0.955079 -2.233333 7.755906,
        -0.713283 -2.321892 7.755906,
        -0.463472 -2.384355 7.755906,
        -0.208451 -2.420021 7.755906,
        0.048913 -2.428490 7.755906,
        0.305726 -2.409665 7.755906,
        0.559104 -2.363759 7.755906,
        0.806198 -2.291288 7.755906,
        1.044232 -2.193065 7.755906,
        1.270530 -2.070195 7.755906,
        1.482548 -1.924060 7.755906,
        1.677906 -1.756300 7.755906,
        1.854405 -1.568802 7.755906,
        2.010063 -1.363672 7.755906,
        2.143131 -1.143217 7.755906,
        2.252113 -0.909913 7.755906,
        1.978998 1.342596 7.804829,
        1.825745 1.544556 7.804829,
        1.651973 1.729156 7.804829,
        1.459636 1.894323 7.804829,
        1.250894 2.038201 7.804829,
        1.028093 2.159171 7.804829,
        0.793739 2.255876 7.804829,
        0.550463 2.327228 7.804829,
        0.301001 2.372424 7.804829,
        0.048157 2.390957 7.804829,
        -0.205229 2.382620 7.804829,
        -0.456309 2.347505 7.804829,
        -0.702260 2.286007 7.804829,
        -0.940319 2.198818 7.804829,
        -1.167809 2.086916 7.804829,
        -1.382175 1.951561 7.804829,
        -1.581007 1.794272 7.804829,
        -1.762072 1.616819 7.804829,
        -1.923332 1.421194 7.804829,
        -2.062977 1.209597 7.804829,
        -2.179437 0.984406 7.804829,
        -2.271402 0.748151 7.804829,
        -2.337840 0.503488 7.804829,
        -2.378004 0.253167 7.804829,
        -2.391443 -0.000000 7.804829,
        -2.378004 -0.253167 7.804829,
        -2.337840 -0.503488 7.804829,
        -2.271402 -0.748151 7.804829,
        -2.179437 -0.984406 7.804829,
        -2.062977 -1.209597 7.804829,
        -1.923332 -1.421194 7.804829,
        -1.762072 -1.616819 7.804829,
        -1.581007 -1.794272 7.804829,
        -1.382175 -1.951561 7.804829,
        -1.167809 -2.086916 7.804829,
        -0.940319 -2.198818 7.804829,
        -0.702260 -2.286007 7.804829,
        -0.456309 -2.347505 7.804829,
        -0.205229 -2.382620 7.804829,
        0.048157 -2.390957 7.804829,
        0.301001 -2.372424 7.804829,
        0.550463 -2.327228 7.804829,
        0.793739 -2.255876 7.804829,
        1.028093 -2.159171 7.804829,
        1.250894 -2.038201 7.804829,
        1.459636 -1.894323 7.804829,
        1.651973 -1.729156 7.804829,
        1.825745 -1.544556 7.804829,
        1.978998 -1.342596 7.804829,
        2.110009 -1.125548 7.804829,
        2.217307 -0.895850 7.804829,
        1.938513 1.315130 7.842368,
        1.788395 1.512958 7.842368,
        1.618178 1.693782 7.842368,
        1.429775 1.855570 7.842368,
        1.225304 1.996504 7.842368,
        1.007061 2.115000 7.842368,
        0.777501 2.209726 7.842368,
        0.539202 2.279618 7.842368,
        0.294844 2.323890 7.842368,
        0.047171 2.342044 7.842368,
        -0.201031 2.333878 7.842368,
        -0.446974 2.299481 7.842368,
        -0.687893 2.239241 7.842368,
        -0.921082 2.153835 7.842368,
        -1.143919 2.044223 7.842368,
        -1.353900 1.911637 7.842368,
        -1.548664 1.757566 7.842368,
        -1.726024 1.583743 7.842368,
        -1.883985 1.392120 7.842368,
        -2.020774 1.184852 7.842368,
        -2.134851 0.964267 7.842368,
        -2.224935 0.732846 7.842368,
        -2.290014 0.493188 7.842368,
        -2.329356 0.247987 7.842368,
        -2.342520 -0.000000 7.842368,
        -2.329356 -0.247987 7.842368,
        -2.290014 -0.493188 7.842368,
        -2.224935 -0.732846 7.842368,
        -2.134851 -0.964267 7.842368,
        -2.020774 -1.184852 7.842368,
        -1.883985 -1.392120 7.842368,
        -1.726024 -1.583743 7.842368,
        -1.548664 -1.757566 7.842368,
        -1.353900 -1.911637 7.842368,
        -1.143919 -2.044223 7.842368,
        -0.921082 -2.153835 7.842368,
        -0.687893 -2.239241 7.842368,
        -0.446974 -2.299481 7.842368,
        -0.201031 -2.333878 7.842368,
        0.047171 -2.342044 7.842368,
        0.294844 -2.323890 7.842368,
        0.539202 -2.279618 7.842368,
        0.777501 -2.209726 7.842368,
        1.007061 -2.115000 7.842368,
        1.225304 -1.996504 7.842368,
        1.429775 -1.855570 7.842368,
        1.618178 -1.693782 7.842368,
        1.788395 -1.512958 7.842368,
        1.938513 -1.315130 7.842368,
        2.066844 -1.102522 7.842368,
        2.171946 -0.877523 7.842368,
        1.891366 1.283145 7.865967,
        1.744900 1.476162 7.865967,
        1.578823 1.652588 7.865967,
        1.395002 1.810441 7.865967,
        1.195503 1.947948 7.865967,
        0.982569 2.063562 7.865967,
        0.758591 2.155984 7.865967,
        0.526088 2.224176 7.865967,
        0.287673 2.267371 7.865967,
        0.046024 2.285084 7.865967,
        -0.196142 2.277116 7.865967,
        -0.436103 2.243556 7.865967,
        -0.671163 2.184781 7.865967,
        -0.898681 2.101452 7.865967,
        -1.116098 1.994506 7.865967,
        -1.320972 1.865144 7.865967,
        -1.511000 1.714820 7.865967,
        -1.684046 1.545224 7.865967,
        -1.838166 1.358262 7.865967,
        -1.971627 1.156035 7.865967,
        -2.082930 0.940815 7.865967,
        -2.170823 0.715022 7.865967,
        -2.234319 0.481193 7.865967,
        -2.272704 0.241956 7.865967,
        -2.285548 -0.000000 7.865967,
        -2.272704 -0.241956 7.865967,
        -2.234319 -0.481193 7.865967,
        -2.170823 -0.715022 7.865967,
        -2.082930 -0.940815 7.865967,
        -1.971627 -1.156035 7.865967,
        -1.838166 -1.358262 7.865967,
        -1.684046 -1.545224 7.865967,
        -1.511000 -1.714820 7.865967,
        -1.320972 -1.865144 7.865967,
        -1.116098 -1.994506 7.865967,
        -0.898681 -2.101452 7.865967,
        -0.671163 -2.184781 7.865967,
        -0.436103 -2.243556 7.865967,
        -0.196142 -2.277116 7.865967,
        0.046024 -2.285084 7.865967,
        0.287673 -2.267371 7.865967,
        0.526088 -2.224176 7.865967,
        0.758591 -2.155984 7.865967,
        0.982569 -2.063562 7.865967,
        1.195503 -1.947948 7.865967,
        1.395002 -1.810441 7.865967,
        1.578823 -1.652588 7.865967,
        1.744900 -1.476162 7.865967,
        1.891366 -1.283145 7.865967,
        2.016577 -1.075708 7.865967,
        2.119123 -0.856181 7.865967,
        1.962633 1.046933 7.874016,
        1.840772 1.248821 7.874016,
        1.698224 1.436674 7.874016,
        1.536589 1.608381 7.874016,
        1.357686 1.762012 7.874016,
        1.163524 1.895840 7.874016,
        0.956285 2.008361 7.874016,
        0.738299 2.098312 7.874016,
        0.512015 2.164680 7.874016,
        0.279978 2.206719 7.874016,
        0.044793 2.223958 7.874016,
        -0.190895 2.216203 7.874016,
        -0.424437 2.183541 7.874016,
        -0.653210 2.126338 7.874016,
        -0.874641 2.045239 7.874016,
        -1.086242 1.941153 7.874016,
        -1.285636 1.815252 7.874016,
        -1.470580 1.668949 7.874016,
        -1.638998 1.503890 7.874016,
        -1.788994 1.321929 7.874016,
        -1.918886 1.125111 7.874016,
        -2.027211 0.915648 7.874016,
        -2.112754 0.695895 7.874016,
        -2.174551 0.468321 7.874016,
        -2.211910 0.235484 7.874016,
        -2.224409 -0.000000 7.874016,
        -2.211910 -0.235484 7.874016,
        -2.174551 -0.468321 7.874016,
        -2.112754 -0.695895 7.874016,
        -2.027211 -0.915648 7.874016,
        -1.918886 -1.125111 7.874016,
        -1.788994 -1.321929 7.874016,
        -1.638998 -1.503890 7.874016,
        -1.470580 -1.668949 7.874016,
        -1.285636 -1.815252 7.874016,
        -1.086242 -1.941153 7.874016,
        -0.874641 -2.045239 7.874016,
        -0.653210 -2.126338 7.874016,
        -0.424437 -2.183541 7.874016,
        -0.190895 -2.216203 7.874016,
        0.044793 -2.223958 7.874016,
        0.279978 -2.206719 7.874016,
        0.512015 -2.164680 7.874016,
        0.738299 -2.098312 7.874016,
        0.956285 -2.008361 7.874016,
        1.163524 -1.895840 7.874016,
        1.357686 -1.762012 7.874016,
        1.536589 -1.608381 7.874016,
        1.698224 -1.436674 7.874016,
        1.840772 -1.248821 7.874016,
        1.962633 -1.046933 7.874016,
        2.062437 -0.833278 7.874016,
        -1.423148 -1.021785 7.874016,
        -1.219855 -1.257517 7.874016,
        -0.978052 -1.453550 7.874016,
        -1.581513 -0.753797 7.874016,
        -1.745041 -0.155642 7.874016,
        -1.745041 0.155642 7.874016,
        -1.689952 0.462012 7.874016,
        0.208615 -1.739504 7.874016,
        0.513169 -1.675127 7.874016,
        0.801523 -1.557869 7.874016,
        -1.689952 -0.462012 7.874016,
        -1.423148 1.021785 7.874016,
        -1.581513 0.753797 7.874016,
        0.208615 1.739504 7.874016,
        -0.102524 1.748966 7.874016,
        -0.410428 1.703216 7.874016,
        0.513169 1.675127 7.874016,
        0.801523 1.557869 7.874016,
        1.624397 -0.656299 7.874016,
        1.482609 -0.933415 7.874016,
        1.064574 -1.391430 7.874016,
        1.294017 -1.181065 7.874016,
        -0.102524 -1.748966 7.874016,
        -0.705374 -1.603696 7.874016,
        -0.410428 -1.703216 7.874016,
        -1.219855 1.257517 7.874016,
        -0.705374 1.603696 7.874016,
        -0.978052 1.453550 7.874016,
        1.064574 1.391430 7.874016,
        1.294017 1.181065 7.874016,
        1.482609 0.933415 7.874016,
        1.624397 0.656299 7.874016,
        1.624397 -0.656299 0.000000,
        1.482609 -0.933415 0.000000,
        1.294017 -1.181065 0.000000,
        1.064574 -1.391430 0.000000,
        0.801523 -1.557869 0.000000,
        0.513169 -1.675127 0.000000,
        0.208615 -1.739504 0.000000,
        -0.102524 -1.748966 0.000000,
        -0.410428 -1.703216 0.000000,
        -1.423148 -1.021785 0.000000,
        -1.219855 -1.257517 0.000000,
        -0.978052 -1.453550 0.000000,
        -0.705374 -1.603696 0.000000,
        -1.689952 -0.462012 0.000000,
        -1.581513 -0.753797 0.000000,
        -1.745041 -0.155642 0.000000,
        -1.745041 0.155642 0.000000,
        -1.689952 0.462012 0.000000,
        -1.423148 1.021785 0.000000,
        -1.581513 0.753797 0.000000,
        -0.410428 1.703216 0.000000,
        -0.705374 1.603696 0.000000,
        -0.978052 1.453550 0.000000,
        -1.219855 1.257517 0.000000,
        -0.102524 1.748966 0.000000,
        0.208615 1.739504 0.000000,
        0.513169 1.675127 0.000000,
        1.624397 0.656299 0.000000,
        1.482609 0.933415 0.000000,
        1.294017 1.181065 0.000000,
        1.064574 1.391430 0.000000,
        0.801523 1.557869 0.000000,
      ]
    }
    coordIndex [
      98, 91, 120, -1,
      98, 120, 99, -1,
      91, 90, 120, -1,
      120, 90, 89, -1,
      120, 89, 88, -1,
      120, 106, 105, -1,
      105, 104, 120, -1,
      120, 104, 103, -1,
      120, 103, 102, -1,
      102, 101, 120, -1,
      120, 101, 100, -1,
      120, 100, 99, -1,
      113, 112, 121, -1,
      121, 112, 111, -1,
      121, 111, 108, -1,
      116, 115, 121, -1,
      121, 115, 114, -1,
      121, 114, 113, -1,
      108, 109, 121, -1,
      121, 109, 110, -1,
      121, 110, 120, -1,
      120, 110, 107, -1,
      120, 107, 106, -1,
      88, 87, 120, -1,
      120, 87, 86, -1,
      120, 86, 97, -1,
      94, 119, 122, -1,
      122, 119, 118, -1,
      122, 118, 117, -1,
      96, 95, 122, -1,
      116, 121, 117, -1,
      117, 121, 120, -1,
      117, 120, 122, -1,
      122, 120, 97, -1,
      122, 97, 96, -1,
      95, 92, 122, -1,
      122, 92, 93, -1,
      122, 93, 94, -1,
      123, 124, 125, -1,
      123, 125, 126, -1,
      124, 127, 125, -1,
      125, 127, 128, -1,
      125, 128, 129, -1,
      125, 130, 131, -1,
      131, 132, 125, -1,
      125, 132, 133, -1,
      125, 133, 134, -1,
      134, 135, 125, -1,
      125, 135, 136, -1,
      125, 136, 126, -1,
      137, 138, 139, -1,
      139, 138, 140, -1,
      139, 140, 141, -1,
      142, 143, 139, -1,
      139, 143, 144, -1,
      139, 144, 137, -1,
      141, 145, 139, -1,
      139, 145, 146, -1,
      139, 146, 125, -1,
      125, 146, 147, -1,
      125, 147, 130, -1,
      129, 148, 125, -1,
      125, 148, 149, -1,
      125, 149, 150, -1,
      151, 152, 153, -1,
      153, 152, 154, -1,
      153, 154, 155, -1,
      156, 157, 153, -1,
      142, 139, 155, -1,
      155, 139, 125, -1,
      155, 125, 153, -1,
      153, 125, 150, -1,
      153, 150, 156, -1,
      157, 158, 153, -1,
      153, 158, 159, -1,
      153, 159, 151, -1,
      160, 161, 162, -1,
      163, 164, 165, -1,
      166, 167, 168, -1,
      169, 170, 171, -1,
      172, 173, 174, -1,
      175, 176, 177, -1,
      178, 179, 180, -1,
      181, 182, 183, -1,
      184, 185, 186, -1,
      187, 188, 189, -1,
      190, 191, 192, -1,
      193, 194, 195, -1,
      196, 197, 198, -1,
      199, 200, 201, -1,
      202, 203, 204, -1,
      205, 206, 207, -1,
      208, 209, 210, -1,
      211, 212, 213, -1,
      214, 215, 216, -1,
      217, 218, 219, -1,
      220, 221, 222, -1,
      223, 224, 225, -1,
      226, 227, 228, -1,
      229, 230, 231, -1,
      231, 230, 232, -1,
      231, 232, 233, -1,
      233, 232, 234, -1,
      233, 234, 235, -1,
      235, 234, 236, -1,
      235, 236, 237, -1,
      237, 236, 238, -1,
      237, 238, 239, -1,
      239, 238, 228, -1,
      240, 241, 242, -1,
      242, 241, 243, -1,
      242, 243, 244, -1,
      244, 243, 245, -1,
      244, 245, 246, -1,
      246, 245, 247, -1,
      246, 247, 248, -1,
      248, 247, 249, -1,
      248, 249, 250, -1,
      250, 249, 225, -1,
      251, 252, 253, -1,
      253, 252, 254, -1,
      253, 254, 255, -1,
      255, 254, 256, -1,
      255, 256, 257, -1,
      257, 256, 258, -1,
      257, 258, 259, -1,
      259, 258, 260, -1,
      259, 260, 261, -1,
      261, 260, 219, -1,
      262, 263, 264, -1,
      264, 263, 265, -1,
      264, 265, 266, -1,
      266, 265, 267, -1,
      266, 267, 268, -1,
      268, 267, 269, -1,
      268, 269, 270, -1,
      270, 269, 271, -1,
      270, 271, 272, -1,
      272, 271, 216, -1,
      273, 274, 275, -1,
      275, 274, 276, -1,
      275, 276, 277, -1,
      277, 276, 278, -1,
      277, 278, 279, -1,
      279, 278, 280, -1,
      279, 280, 281, -1,
      281, 280, 282, -1,
      281, 282, 283, -1,
      283, 282, 210, -1,
      284, 285, 286, -1,
      286, 285, 287, -1,
      286, 287, 288, -1,
      288, 287, 289, -1,
      288, 289, 290, -1,
      290, 289, 291, -1,
      290, 291, 292, -1,
      292, 291, 293, -1,
      292, 293, 294, -1,
      294, 293, 207, -1,
      295, 296, 297, -1,
      297, 296, 298, -1,
      297, 298, 299, -1,
      299, 298, 300, -1,
      299, 300, 301, -1,
      301, 300, 302, -1,
      301, 302, 303, -1,
      303, 302, 304, -1,
      303, 304, 305, -1,
      305, 304, 201, -1,
      306, 307, 308, -1,
      308, 307, 309, -1,
      308, 309, 310, -1,
      310, 309, 311, -1,
      310, 311, 312, -1,
      312, 311, 313, -1,
      312, 313, 314, -1,
      314, 313, 315, -1,
      314, 315, 316, -1,
      316, 315, 198, -1,
      317, 318, 319, -1,
      319, 318, 320, -1,
      319, 320, 321, -1,
      321, 320, 322, -1,
      321, 322, 323, -1,
      323, 322, 324, -1,
      323, 324, 325, -1,
      325, 324, 326, -1,
      325, 326, 327, -1,
      327, 326, 186, -1,
      328, 329, 330, -1,
      330, 329, 331, -1,
      330, 331, 332, -1,
      332, 331, 333, -1,
      332, 333, 334, -1,
      334, 333, 335, -1,
      334, 335, 336, -1,
      336, 335, 337, -1,
      336, 337, 338, -1,
      338, 337, 174, -1,
      339, 340, 341, -1,
      341, 340, 342, -1,
      341, 342, 343, -1,
      343, 342, 344, -1,
      343, 344, 345, -1,
      345, 344, 346, -1,
      345, 346, 347, -1,
      347, 346, 348, -1,
      347, 348, 349, -1,
      349, 348, 171, -1,
      350, 351, 352, -1,
      352, 351, 353, -1,
      352, 353, 354, -1,
      354, 353, 355, -1,
      354, 355, 356, -1,
      356, 355, 357, -1,
      356, 357, 358, -1,
      358, 357, 359, -1,
      358, 359, 360, -1,
      360, 359, 165, -1,
      361, 362, 363, -1,
      363, 362, 364, -1,
      363, 364, 365, -1,
      365, 364, 366, -1,
      365, 366, 367, -1,
      367, 366, 368, -1,
      367, 368, 369, -1,
      369, 368, 370, -1,
      369, 370, 371, -1,
      371, 370, 162, -1,
      372, 229, 373, -1,
      373, 229, 231, -1,
      373, 231, 374, -1,
      374, 231, 233, -1,
      374, 233, 375, -1,
      375, 233, 235, -1,
      375, 235, 376, -1,
      376, 235, 237, -1,
      376, 237, 377, -1,
      377, 237, 239, -1,
      377, 239, 378, -1,
      378, 239, 379, -1,
      228, 227, 239, -1,
      239, 227, 380, -1,
      239, 380, 379, -1,
      381, 226, 382, -1,
      382, 226, 228, -1,
      382, 228, 383, -1,
      383, 228, 238, -1,
      383, 238, 384, -1,
      384, 238, 236, -1,
      384, 236, 385, -1,
      385, 236, 234, -1,
      385, 234, 386, -1,
      386, 234, 232, -1,
      386, 232, 387, -1,
      387, 232, 230, -1,
      387, 240, 386, -1,
      386, 240, 242, -1,
      386, 242, 385, -1,
      385, 242, 244, -1,
      385, 244, 384, -1,
      384, 244, 246, -1,
      384, 246, 383, -1,
      383, 246, 248, -1,
      383, 248, 382, -1,
      382, 248, 250, -1,
      382, 250, 381, -1,
      381, 250, 388, -1,
      225, 224, 250, -1,
      250, 224, 389, -1,
      250, 389, 388, -1,
      390, 223, 391, -1,
      391, 223, 225, -1,
      391, 225, 392, -1,
      392, 225, 249, -1,
      392, 249, 393, -1,
      393, 249, 247, -1,
      393, 247, 394, -1,
      394, 247, 245, -1,
      394, 245, 395, -1,
      395, 245, 243, -1,
      395, 243, 396, -1,
      396, 243, 241, -1,
      396, 397, 395, -1,
      395, 397, 398, -1,
      395, 398, 394, -1,
      394, 398, 399, -1,
      394, 399, 393, -1,
      393, 399, 400, -1,
      393, 400, 392, -1,
      392, 400, 401, -1,
      392, 401, 391, -1,
      391, 401, 222, -1,
      391, 222, 390, -1,
      390, 222, 221, -1,
      402, 220, 261, -1,
      261, 220, 222, -1,
      261, 222, 259, -1,
      259, 222, 401, -1,
      259, 401, 257, -1,
      257, 401, 400, -1,
      257, 400, 255, -1,
      255, 400, 399, -1,
      255, 399, 253, -1,
      253, 399, 398, -1,
      253, 398, 251, -1,
      251, 398, 397, -1,
      219, 218, 261, -1,
      261, 218, 403, -1,
      261, 403, 402, -1,
      404, 217, 405, -1,
      405, 217, 219, -1,
      405, 219, 406, -1,
      406, 219, 260, -1,
      406, 260, 407, -1,
      407, 260, 258, -1,
      407, 258, 408, -1,
      408, 258, 256, -1,
      408, 256, 409, -1,
      409, 256, 254, -1,
      409, 254, 410, -1,
      410, 254, 252, -1,
      410, 262, 409, -1,
      409, 262, 264, -1,
      409, 264, 408, -1,
      408, 264, 266, -1,
      408, 266, 407, -1,
      407, 266, 268, -1,
      407, 268, 406, -1,
      406, 268, 270, -1,
      406, 270, 405, -1,
      405, 270, 272, -1,
      405, 272, 404, -1,
      404, 272, 411, -1,
      216, 215, 272, -1,
      272, 215, 412, -1,
      272, 412, 411, -1,
      413, 214, 414, -1,
      414, 214, 216, -1,
      414, 216, 415, -1,
      415, 216, 271, -1,
      415, 271, 416, -1,
      416, 271, 269, -1,
      416, 269, 417, -1,
      417, 269, 267, -1,
      417, 267, 418, -1,
      418, 267, 265, -1,
      418, 265, 419, -1,
      419, 265, 263, -1,
      419, 420, 418, -1,
      418, 420, 421, -1,
      418, 421, 417, -1,
      417, 421, 422, -1,
      417, 422, 416, -1,
      416, 422, 423, -1,
      416, 423, 415, -1,
      415, 423, 424, -1,
      415, 424, 414, -1,
      414, 424, 213, -1,
      414, 213, 413, -1,
      413, 213, 212, -1,
      425, 211, 283, -1,
      283, 211, 213, -1,
      283, 213, 281, -1,
      281, 213, 424, -1,
      281, 424, 279, -1,
      279, 424, 423, -1,
      279, 423, 277, -1,
      277, 423, 422, -1,
      277, 422, 275, -1,
      275, 422, 421, -1,
      275, 421, 273, -1,
      273, 421, 420, -1,
      210, 209, 283, -1,
      283, 209, 426, -1,
      283, 426, 425, -1,
      427, 208, 428, -1,
      428, 208, 210, -1,
      428, 210, 429, -1,
      429, 210, 282, -1,
      429, 282, 430, -1,
      430, 282, 280, -1,
      430, 280, 431, -1,
      431, 280, 278, -1,
      431, 278, 432, -1,
      432, 278, 276, -1,
      432, 276, 433, -1,
      433, 276, 274, -1,
      433, 284, 432, -1,
      432, 284, 286, -1,
      432, 286, 431, -1,
      431, 286, 288, -1,
      431, 288, 430, -1,
      430, 288, 290, -1,
      430, 290, 429, -1,
      429, 290, 292, -1,
      429, 292, 428, -1,
      428, 292, 294, -1,
      428, 294, 427, -1,
      427, 294, 434, -1,
      207, 206, 294, -1,
      294, 206, 435, -1,
      294, 435, 434, -1,
      436, 205, 437, -1,
      437, 205, 207, -1,
      437, 207, 438, -1,
      438, 207, 293, -1,
      438, 293, 439, -1,
      439, 293, 291, -1,
      439, 291, 440, -1,
      440, 291, 289, -1,
      440, 289, 441, -1,
      441, 289, 287, -1,
      441, 287, 442, -1,
      442, 287, 285, -1,
      442, 443, 441, -1,
      441, 443, 444, -1,
      441, 444, 440, -1,
      440, 444, 445, -1,
      440, 445, 439, -1,
      439, 445, 446, -1,
      439, 446, 438, -1,
      438, 446, 447, -1,
      438, 447, 437, -1,
      437, 447, 204, -1,
      437, 204, 436, -1,
      436, 204, 203, -1,
      448, 202, 305, -1,
      305, 202, 204, -1,
      305, 204, 303, -1,
      303, 204, 447, -1,
      303, 447, 301, -1,
      301, 447, 446, -1,
      301, 446, 299, -1,
      299, 446, 445, -1,
      299, 445, 297, -1,
      297, 445, 444, -1,
      297, 444, 295, -1,
      295, 444, 443, -1,
      201, 200, 305, -1,
      305, 200, 449, -1,
      305, 449, 448, -1,
      450, 199, 451, -1,
      451, 199, 201, -1,
      451, 201, 452, -1,
      452, 201, 304, -1,
      452, 304, 453, -1,
      453, 304, 302, -1,
      453, 302, 454, -1,
      454, 302, 300, -1,
      454, 300, 455, -1,
      455, 300, 298, -1,
      455, 298, 456, -1,
      456, 298, 296, -1,
      456, 306, 455, -1,
      455, 306, 308, -1,
      455, 308, 454, -1,
      454, 308, 310, -1,
      454, 310, 453, -1,
      453, 310, 312, -1,
      453, 312, 452, -1,
      452, 312, 314, -1,
      452, 314, 451, -1,
      451, 314, 316, -1,
      451, 316, 450, -1,
      450, 316, 457, -1,
      198, 197, 316, -1,
      316, 197, 458, -1,
      316, 458, 457, -1,
      459, 196, 460, -1,
      460, 196, 198, -1,
      460, 198, 461, -1,
      461, 198, 315, -1,
      461, 315, 462, -1,
      462, 315, 313, -1,
      462, 313, 463, -1,
      463, 313, 311, -1,
      463, 311, 464, -1,
      464, 311, 309, -1,
      464, 309, 465, -1,
      465, 309, 307, -1,
      465, 466, 464, -1,
      464, 466, 467, -1,
      464, 467, 463, -1,
      463, 467, 468, -1,
      463, 468, 462, -1,
      462, 468, 469, -1,
      462, 469, 461, -1,
      461, 469, 470, -1,
      461, 470, 460, -1,
      460, 470, 195, -1,
      460, 195, 459, -1,
      459, 195, 194, -1,
      191, 193, 192, -1,
      192, 193, 195, -1,
      192, 195, 471, -1,
      471, 195, 470, -1,
      471, 470, 472, -1,
      472, 470, 469, -1,
      472, 469, 473, -1,
      473, 469, 468, -1,
      473, 468, 474, -1,
      474, 468, 467, -1,
      474, 467, 475, -1,
      475, 467, 466, -1,
      188, 190, 189, -1,
      189, 190, 192, -1,
      189, 192, 476, -1,
      476, 192, 471, -1,
      476, 471, 477, -1,
      477, 471, 472, -1,
      477, 472, 478, -1,
      478, 472, 473, -1,
      478, 473, 479, -1,
      479, 473, 474, -1,
      479, 474, 480, -1,
      480, 474, 475, -1,
      481, 187, 482, -1,
      482, 187, 189, -1,
      482, 189, 483, -1,
      483, 189, 476, -1,
      483, 476, 484, -1,
      484, 476, 477, -1,
      484, 477, 485, -1,
      485, 477, 478, -1,
      485, 478, 486, -1,
      486, 478, 479, -1,
      486, 479, 487, -1,
      487, 479, 480, -1,
      487, 317, 486, -1,
      486, 317, 319, -1,
      486, 319, 485, -1,
      485, 319, 321, -1,
      485, 321, 484, -1,
      484, 321, 323, -1,
      484, 323, 483, -1,
      483, 323, 325, -1,
      483, 325, 482, -1,
      482, 325, 327, -1,
      482, 327, 481, -1,
      481, 327, 488, -1,
      186, 185, 327, -1,
      327, 185, 489, -1,
      327, 489, 488, -1,
      490, 184, 491, -1,
      491, 184, 186, -1,
      491, 186, 492, -1,
      492, 186, 326, -1,
      492, 326, 493, -1,
      493, 326, 324, -1,
      493, 324, 494, -1,
      494, 324, 322, -1,
      494, 322, 495, -1,
      495, 322, 320, -1,
      495, 320, 496, -1,
      496, 320, 318, -1,
      496, 497, 495, -1,
      495, 497, 498, -1,
      495, 498, 494, -1,
      494, 498, 499, -1,
      494, 499, 493, -1,
      493, 499, 500, -1,
      493, 500, 492, -1,
      492, 500, 501, -1,
      492, 501, 491, -1,
      491, 501, 183, -1,
      491, 183, 490, -1,
      490, 183, 182, -1,
      179, 181, 180, -1,
      180, 181, 183, -1,
      180, 183, 502, -1,
      502, 183, 501, -1,
      502, 501, 503, -1,
      503, 501, 500, -1,
      503, 500, 504, -1,
      504, 500, 499, -1,
      504, 499, 505, -1,
      505, 499, 498, -1,
      505, 498, 506, -1,
      506, 498, 497, -1,
      176, 178, 177, -1,
      177, 178, 180, -1,
      177, 180, 507, -1,
      507, 180, 502, -1,
      507, 502, 508, -1,
      508, 502, 503, -1,
      508, 503, 509, -1,
      509, 503, 504, -1,
      509, 504, 510, -1,
      510, 504, 505, -1,
      510, 505, 511, -1,
      511, 505, 506, -1,
      512, 175, 513, -1,
      513, 175, 177, -1,
      513, 177, 514, -1,
      514, 177, 507, -1,
      514, 507, 515, -1,
      515, 507, 508, -1,
      515, 508, 516, -1,
      516, 508, 509, -1,
      516, 509, 517, -1,
      517, 509, 510, -1,
      517, 510, 518, -1,
      518, 510, 511, -1,
      518, 328, 517, -1,
      517, 328, 330, -1,
      517, 330, 516, -1,
      516, 330, 332, -1,
      516, 332, 515, -1,
      515, 332, 334, -1,
      515, 334, 514, -1,
      514, 334, 336, -1,
      514, 336, 513, -1,
      513, 336, 338, -1,
      513, 338, 512, -1,
      512, 338, 519, -1,
      174, 173, 338, -1,
      338, 173, 520, -1,
      338, 520, 519, -1,
      521, 172, 522, -1,
      522, 172, 174, -1,
      522, 174, 523, -1,
      523, 174, 337, -1,
      523, 337, 524, -1,
      524, 337, 335, -1,
      524, 335, 525, -1,
      525, 335, 333, -1,
      525, 333, 526, -1,
      526, 333, 331, -1,
      526, 331, 527, -1,
      527, 331, 329, -1,
      527, 339, 526, -1,
      526, 339, 341, -1,
      526, 341, 525, -1,
      525, 341, 343, -1,
      525, 343, 524, -1,
      524, 343, 345, -1,
      524, 345, 523, -1,
      523, 345, 347, -1,
      523, 347, 522, -1,
      522, 347, 349, -1,
      522, 349, 521, -1,
      521, 349, 528, -1,
      171, 170, 349, -1,
      349, 170, 529, -1,
      349, 529, 528, -1,
      167, 169, 168, -1,
      168, 169, 171, -1,
      168, 171, 530, -1,
      530, 171, 348, -1,
      530, 348, 531, -1,
      531, 348, 346, -1,
      531, 346, 532, -1,
      532, 346, 344, -1,
      532, 344, 533, -1,
      533, 344, 342, -1,
      533, 342, 534, -1,
      534, 342, 340, -1,
      535, 166, 536, -1,
      536, 166, 168, -1,
      536, 168, 537, -1,
      537, 168, 530, -1,
      537, 530, 538, -1,
      538, 530, 531, -1,
      538, 531, 539, -1,
      539, 531, 532, -1,
      539, 532, 540, -1,
      540, 532, 533, -1,
      540, 533, 541, -1,
      541, 533, 534, -1,
      541, 350, 540, -1,
      540, 350, 352, -1,
      540, 352, 539, -1,
      539, 352, 354, -1,
      539, 354, 538, -1,
      538, 354, 356, -1,
      538, 356, 537, -1,
      537, 356, 358, -1,
      537, 358, 536, -1,
      536, 358, 360, -1,
      536, 360, 535, -1,
      535, 360, 542, -1,
      165, 164, 360, -1,
      360, 164, 543, -1,
      360, 543, 542, -1,
      544, 163, 545, -1,
      545, 163, 165, -1,
      545, 165, 546, -1,
      546, 165, 359, -1,
      546, 359, 547, -1,
      547, 359, 357, -1,
      547, 357, 548, -1,
      548, 357, 355, -1,
      548, 355, 549, -1,
      549, 355, 353, -1,
      549, 353, 550, -1,
      550, 353, 351, -1,
      550, 361, 549, -1,
      549, 361, 363, -1,
      549, 363, 548, -1,
      548, 363, 365, -1,
      548, 365, 547, -1,
      547, 365, 367, -1,
      547, 367, 546, -1,
      546, 367, 369, -1,
      546, 369, 545, -1,
      545, 369, 371, -1,
      545, 371, 544, -1,
      544, 371, 551, -1,
      162, 161, 371, -1,
      371, 161, 552, -1,
      371, 552, 551, -1,
      553, 160, 554, -1,
      554, 160, 162, -1,
      554, 162, 555, -1,
      555, 162, 370, -1,
      555, 370, 556, -1,
      556, 370, 368, -1,
      556, 368, 557, -1,
      557, 368, 366, -1,
      557, 366, 558, -1,
      558, 366, 364, -1,
      558, 364, 559, -1,
      559, 364, 362, -1,
      559, 560, 558, -1,
      558, 560, 561, -1,
      558, 561, 557, -1,
      557, 561, 562, -1,
      557, 562, 556, -1,
      556, 562, 563, -1,
      556, 563, 555, -1,
      555, 563, 564, -1,
      555, 564, 554, -1,
      554, 564, 565, -1,
      554, 565, 553, -1,
      553, 565, 566, -1,
      567, 378, 568, -1,
      568, 378, 379, -1,
      568, 379, 569, -1,
      569, 379, 380, -1,
      569, 380, 570, -1,
      570, 380, 227, -1,
      570, 227, 571, -1,
      571, 227, 226, -1,
      571, 226, 572, -1,
      572, 226, 381, -1,
      572, 381, 573, -1,
      573, 381, 388, -1,
      573, 388, 574, -1,
      574, 388, 389, -1,
      574, 389, 575, -1,
      575, 389, 224, -1,
      575, 224, 576, -1,
      576, 224, 223, -1,
      576, 223, 577, -1,
      577, 223, 390, -1,
      577, 390, 578, -1,
      578, 390, 221, -1,
      578, 221, 579, -1,
      579, 221, 220, -1,
      579, 220, 580, -1,
      580, 220, 402, -1,
      580, 402, 581, -1,
      581, 402, 403, -1,
      581, 403, 582, -1,
      582, 403, 218, -1,
      582, 218, 583, -1,
      583, 218, 217, -1,
      583, 217, 584, -1,
      584, 217, 404, -1,
      584, 404, 585, -1,
      585, 404, 411, -1,
      585, 411, 586, -1,
      586, 411, 412, -1,
      586, 412, 587, -1,
      587, 412, 215, -1,
      587, 215, 588, -1,
      588, 215, 214, -1,
      588, 214, 589, -1,
      589, 214, 413, -1,
      589, 413, 590, -1,
      590, 413, 212, -1,
      590, 212, 591, -1,
      591, 212, 211, -1,
      591, 211, 592, -1,
      592, 211, 425, -1,
      592, 425, 593, -1,
      593, 425, 426, -1,
      593, 426, 594, -1,
      594, 426, 209, -1,
      594, 209, 595, -1,
      595, 209, 208, -1,
      595, 208, 596, -1,
      596, 208, 427, -1,
      596, 427, 597, -1,
      597, 427, 434, -1,
      597, 434, 598, -1,
      598, 434, 435, -1,
      598, 435, 599, -1,
      599, 435, 206, -1,
      599, 206, 600, -1,
      600, 206, 205, -1,
      600, 205, 601, -1,
      601, 205, 436, -1,
      601, 436, 602, -1,
      602, 436, 203, -1,
      602, 203, 603, -1,
      603, 203, 202, -1,
      603, 202, 604, -1,
      604, 202, 448, -1,
      604, 448, 605, -1,
      605, 448, 449, -1,
      605, 449, 606, -1,
      606, 449, 200, -1,
      606, 200, 607, -1,
      607, 200, 199, -1,
      607, 199, 608, -1,
      608, 199, 450, -1,
      608, 450, 609, -1,
      609, 450, 457, -1,
      609, 457, 610, -1,
      610, 457, 458, -1,
      610, 458, 611, -1,
      611, 458, 197, -1,
      611, 197, 612, -1,
      612, 197, 196, -1,
      612, 196, 613, -1,
      613, 196, 459, -1,
      613, 459, 614, -1,
      614, 459, 194, -1,
      614, 194, 615, -1,
      615, 194, 193, -1,
      615, 193, 616, -1,
      616, 193, 191, -1,
      616, 191, 617, -1,
      617, 191, 190, -1,
      617, 190, 618, -1,
      618, 190, 188, -1,
      618, 188, 619, -1,
      619, 188, 187, -1,
      619, 187, 620, -1,
      620, 187, 481, -1,
      620, 481, 621, -1,
      621, 481, 488, -1,
      621, 488, 622, -1,
      622, 488, 489, -1,
      622, 489, 623, -1,
      623, 489, 185, -1,
      623, 185, 624, -1,
      624, 185, 184, -1,
      624, 184, 625, -1,
      625, 184, 490, -1,
      625, 490, 626, -1,
      626, 490, 182, -1,
      626, 182, 627, -1,
      627, 182, 181, -1,
      627, 181, 628, -1,
      628, 181, 179, -1,
      628, 179, 629, -1,
      629, 179, 178, -1,
      629, 178, 630, -1,
      630, 178, 176, -1,
      630, 176, 631, -1,
      631, 176, 175, -1,
      631, 175, 632, -1,
      632, 175, 512, -1,
      632, 512, 633, -1,
      633, 512, 519, -1,
      633, 519, 634, -1,
      634, 519, 520, -1,
      634, 520, 635, -1,
      635, 520, 173, -1,
      635, 173, 636, -1,
      636, 173, 172, -1,
      636, 172, 637, -1,
      637, 172, 521, -1,
      637, 521, 638, -1,
      638, 521, 528, -1,
      638, 528, 639, -1,
      639, 528, 529, -1,
      639, 529, 640, -1,
      640, 529, 170, -1,
      640, 170, 641, -1,
      641, 170, 169, -1,
      641, 169, 642, -1,
      642, 169, 167, -1,
      642, 167, 643, -1,
      643, 167, 166, -1,
      643, 166, 644, -1,
      644, 166, 535, -1,
      644, 535, 645, -1,
      645, 535, 542, -1,
      645, 542, 646, -1,
      646, 542, 543, -1,
      646, 543, 647, -1,
      647, 543, 164, -1,
      647, 164, 648, -1,
      648, 164, 163, -1,
      648, 163, 649, -1,
      649, 163, 544, -1,
      649, 544, 650, -1,
      650, 544, 551, -1,
      650, 551, 651, -1,
      651, 551, 552, -1,
      651, 552, 652, -1,
      652, 552, 161, -1,
      652, 161, 653, -1,
      653, 161, 160, -1,
      653, 160, 654, -1,
      654, 160, 553, -1,
      654, 553, 655, -1,
      655, 553, 566, -1,
      656, 657, 658, -1,
      659, 660, 661, -1,
      662, 663, 664, -1,
      665, 666, 667, -1,
      668, 669, 670, -1,
      671, 672, 673, -1,
      674, 675, 676, -1,
      677, 678, 679, -1,
      680, 681, 682, -1,
      683, 684, 685, -1,
      686, 687, 688, -1,
      689, 690, 691, -1,
      692, 693, 694, -1,
      695, 696, 697, -1,
      698, 699, 700, -1,
      701, 702, 703, -1,
      704, 705, 706, -1,
      707, 708, 709, -1,
      710, 711, 712, -1,
      713, 714, 715, -1,
      716, 717, 718, -1,
      719, 720, 721, -1,
      722, 723, 724, -1,
      725, 726, 727, -1,
      728, 729, 730, -1,
      731, 732, 733, -1,
      734, 735, 736, -1,
      737, 738, 739, -1,
      740, 741, 742, -1,
      743, 744, 745, -1,
      746, 747, 748, -1,
      749, 750, 751, -1,
      752, 753, 754, -1,
      755, 756, 757, -1,
      758, 759, 760, -1,
      761, 762, 763, -1,
      764, 765, 766, -1,
      767, 768, 769, -1,
      770, 771, 772, -1,
      773, 774, 775, -1,
      776, 777, 778, -1,
      779, 780, 781, -1,
      782, 783, 784, -1,
      785, 786, 787, -1,
      788, 789, 790, -1,
      791, 792, 793, -1,
      794, 795, 796, -1,
      797, 798, 799, -1,
      653, 654, 800, -1,
      648, 649, 801, -1,
      643, 644, 802, -1,
      641, 642, 803, -1,
      636, 637, 804, -1,
      631, 632, 805, -1,
      629, 630, 806, -1,
      624, 625, 807, -1,
      619, 620, 808, -1,
      617, 618, 809, -1,
      612, 613, 810, -1,
      811, 608, 609, -1,
      608, 811, 607, -1,
      598, 599, 812, -1,
      593, 594, 813, -1,
      586, 587, 814, -1,
      581, 582, 815, -1,
      574, 575, 816, -1,
      799, 572, 573, -1,
      569, 570, 798, -1,
      798, 570, 799, -1,
      799, 570, 571, -1,
      799, 571, 572, -1,
      817, 573, 574, -1,
      575, 576, 818, -1,
      818, 576, 577, -1,
      818, 577, 578, -1,
      819, 578, 579, -1,
      579, 580, 820, -1,
      820, 580, 581, -1,
      582, 583, 821, -1,
      821, 583, 584, -1,
      821, 584, 585, -1,
      822, 585, 586, -1,
      587, 588, 823, -1,
      823, 588, 589, -1,
      823, 589, 590, -1,
      824, 590, 591, -1,
      591, 592, 825, -1,
      825, 592, 593, -1,
      594, 595, 826, -1,
      826, 595, 596, -1,
      826, 596, 597, -1,
      827, 597, 598, -1,
      599, 600, 828, -1,
      828, 600, 601, -1,
      828, 601, 602, -1,
      829, 602, 603, -1,
      603, 604, 830, -1,
      830, 604, 605, -1,
      605, 606, 831, -1,
      831, 606, 607, -1,
      612, 810, 611, -1,
      617, 809, 616, -1,
      624, 807, 623, -1,
      629, 806, 628, -1,
      636, 804, 635, -1,
      641, 803, 640, -1,
      648, 801, 647, -1,
      653, 800, 652, -1,
      568, 569, 832, -1,
      832, 569, 798, -1,
      832, 798, 833, -1,
      833, 798, 797, -1,
      833, 797, 796, -1,
      834, 835, 836, -1,
      567, 568, 837, -1,
      837, 568, 832, -1,
      837, 832, 838, -1,
      838, 832, 833, -1,
      838, 833, 839, -1,
      839, 833, 796, -1,
      839, 796, 840, -1,
      840, 796, 795, -1,
      573, 817, 799, -1,
      799, 817, 841, -1,
      799, 841, 797, -1,
      797, 841, 793, -1,
      797, 793, 796, -1,
      796, 793, 792, -1,
      796, 792, 794, -1,
      574, 816, 817, -1,
      817, 816, 842, -1,
      817, 842, 841, -1,
      841, 842, 790, -1,
      841, 790, 793, -1,
      793, 790, 789, -1,
      793, 789, 791, -1,
      575, 818, 816, -1,
      816, 818, 843, -1,
      816, 843, 842, -1,
      842, 843, 787, -1,
      842, 787, 790, -1,
      790, 787, 786, -1,
      790, 786, 788, -1,
      578, 819, 818, -1,
      818, 819, 844, -1,
      818, 844, 843, -1,
      843, 844, 784, -1,
      843, 784, 787, -1,
      787, 784, 783, -1,
      787, 783, 785, -1,
      579, 820, 819, -1,
      819, 820, 845, -1,
      819, 845, 844, -1,
      844, 845, 781, -1,
      844, 781, 784, -1,
      784, 781, 780, -1,
      784, 780, 782, -1,
      581, 815, 820, -1,
      820, 815, 846, -1,
      820, 846, 845, -1,
      845, 846, 778, -1,
      845, 778, 781, -1,
      781, 778, 777, -1,
      781, 777, 779, -1,
      582, 821, 815, -1,
      815, 821, 847, -1,
      815, 847, 846, -1,
      846, 847, 775, -1,
      846, 775, 778, -1,
      778, 775, 774, -1,
      778, 774, 776, -1,
      585, 822, 821, -1,
      821, 822, 848, -1,
      821, 848, 847, -1,
      847, 848, 772, -1,
      847, 772, 775, -1,
      775, 772, 771, -1,
      775, 771, 773, -1,
      586, 814, 822, -1,
      822, 814, 849, -1,
      822, 849, 848, -1,
      848, 849, 769, -1,
      848, 769, 772, -1,
      772, 769, 768, -1,
      772, 768, 770, -1,
      587, 823, 814, -1,
      814, 823, 850, -1,
      814, 850, 849, -1,
      849, 850, 766, -1,
      849, 766, 769, -1,
      769, 766, 765, -1,
      769, 765, 767, -1,
      590, 824, 823, -1,
      823, 824, 851, -1,
      823, 851, 850, -1,
      850, 851, 763, -1,
      850, 763, 766, -1,
      766, 763, 762, -1,
      766, 762, 764, -1,
      591, 825, 824, -1,
      824, 825, 852, -1,
      824, 852, 851, -1,
      851, 852, 760, -1,
      851, 760, 763, -1,
      763, 760, 759, -1,
      763, 759, 761, -1,
      593, 813, 825, -1,
      825, 813, 853, -1,
      825, 853, 852, -1,
      852, 853, 757, -1,
      852, 757, 760, -1,
      760, 757, 756, -1,
      760, 756, 758, -1,
      594, 826, 813, -1,
      813, 826, 854, -1,
      813, 854, 853, -1,
      853, 854, 754, -1,
      853, 754, 757, -1,
      757, 754, 753, -1,
      757, 753, 755, -1,
      597, 827, 826, -1,
      826, 827, 855, -1,
      826, 855, 854, -1,
      854, 855, 751, -1,
      854, 751, 754, -1,
      754, 751, 750, -1,
      754, 750, 752, -1,
      598, 812, 827, -1,
      827, 812, 856, -1,
      827, 856, 855, -1,
      855, 856, 748, -1,
      855, 748, 751, -1,
      751, 748, 747, -1,
      751, 747, 749, -1,
      599, 828, 812, -1,
      812, 828, 857, -1,
      812, 857, 856, -1,
      856, 857, 745, -1,
      856, 745, 748, -1,
      748, 745, 744, -1,
      748, 744, 746, -1,
      602, 829, 828, -1,
      828, 829, 858, -1,
      828, 858, 857, -1,
      857, 858, 742, -1,
      857, 742, 745, -1,
      745, 742, 741, -1,
      745, 741, 743, -1,
      603, 830, 829, -1,
      829, 830, 859, -1,
      829, 859, 858, -1,
      858, 859, 739, -1,
      858, 739, 742, -1,
      742, 739, 738, -1,
      742, 738, 740, -1,
      605, 831, 830, -1,
      830, 831, 860, -1,
      830, 860, 859, -1,
      859, 860, 736, -1,
      859, 736, 739, -1,
      739, 736, 735, -1,
      739, 735, 737, -1,
      607, 811, 831, -1,
      831, 811, 861, -1,
      831, 861, 860, -1,
      860, 861, 733, -1,
      860, 733, 736, -1,
      736, 733, 732, -1,
      736, 732, 734, -1,
      609, 862, 811, -1,
      811, 862, 863, -1,
      811, 863, 861, -1,
      861, 863, 730, -1,
      861, 730, 733, -1,
      733, 730, 729, -1,
      733, 729, 731, -1,
      862, 834, 863, -1,
      863, 834, 836, -1,
      863, 836, 730, -1,
      730, 836, 864, -1,
      730, 864, 728, -1,
      865, 866, 867, -1,
      867, 866, 835, -1,
      867, 835, 868, -1,
      868, 835, 834, -1,
      868, 834, 869, -1,
      869, 834, 862, -1,
      869, 862, 610, -1,
      610, 862, 609, -1,
      866, 870, 835, -1,
      835, 870, 871, -1,
      835, 871, 836, -1,
      836, 871, 872, -1,
      836, 872, 864, -1,
      726, 865, 727, -1,
      727, 865, 867, -1,
      727, 867, 873, -1,
      873, 867, 868, -1,
      873, 868, 810, -1,
      810, 868, 869, -1,
      810, 869, 611, -1,
      611, 869, 610, -1,
      723, 725, 724, -1,
      724, 725, 727, -1,
      724, 727, 874, -1,
      874, 727, 873, -1,
      874, 873, 875, -1,
      875, 873, 810, -1,
      875, 810, 614, -1,
      614, 810, 613, -1,
      720, 722, 721, -1,
      721, 722, 724, -1,
      721, 724, 876, -1,
      876, 724, 874, -1,
      876, 874, 877, -1,
      877, 874, 875, -1,
      877, 875, 615, -1,
      615, 875, 614, -1,
      717, 719, 718, -1,
      718, 719, 721, -1,
      718, 721, 878, -1,
      878, 721, 876, -1,
      878, 876, 809, -1,
      809, 876, 877, -1,
      809, 877, 616, -1,
      616, 877, 615, -1,
      714, 716, 715, -1,
      715, 716, 718, -1,
      715, 718, 879, -1,
      879, 718, 878, -1,
      879, 878, 808, -1,
      808, 878, 809, -1,
      808, 809, 619, -1,
      619, 809, 618, -1,
      711, 713, 712, -1,
      712, 713, 715, -1,
      712, 715, 880, -1,
      880, 715, 879, -1,
      880, 879, 881, -1,
      881, 879, 808, -1,
      881, 808, 621, -1,
      621, 808, 620, -1,
      708, 710, 709, -1,
      709, 710, 712, -1,
      709, 712, 882, -1,
      882, 712, 880, -1,
      882, 880, 883, -1,
      883, 880, 881, -1,
      883, 881, 622, -1,
      622, 881, 621, -1,
      705, 707, 706, -1,
      706, 707, 709, -1,
      706, 709, 884, -1,
      884, 709, 882, -1,
      884, 882, 807, -1,
      807, 882, 883, -1,
      807, 883, 623, -1,
      623, 883, 622, -1,
      702, 704, 703, -1,
      703, 704, 706, -1,
      703, 706, 885, -1,
      885, 706, 884, -1,
      885, 884, 886, -1,
      886, 884, 807, -1,
      886, 807, 626, -1,
      626, 807, 625, -1,
      699, 701, 700, -1,
      700, 701, 703, -1,
      700, 703, 887, -1,
      887, 703, 885, -1,
      887, 885, 888, -1,
      888, 885, 886, -1,
      888, 886, 627, -1,
      627, 886, 626, -1,
      696, 698, 697, -1,
      697, 698, 700, -1,
      697, 700, 889, -1,
      889, 700, 887, -1,
      889, 887, 806, -1,
      806, 887, 888, -1,
      806, 888, 628, -1,
      628, 888, 627, -1,
      693, 695, 694, -1,
      694, 695, 697, -1,
      694, 697, 890, -1,
      890, 697, 889, -1,
      890, 889, 805, -1,
      805, 889, 806, -1,
      805, 806, 631, -1,
      631, 806, 630, -1,
      690, 692, 691, -1,
      691, 692, 694, -1,
      691, 694, 891, -1,
      891, 694, 890, -1,
      891, 890, 892, -1,
      892, 890, 805, -1,
      892, 805, 633, -1,
      633, 805, 632, -1,
      687, 689, 688, -1,
      688, 689, 691, -1,
      688, 691, 893, -1,
      893, 691, 891, -1,
      893, 891, 894, -1,
      894, 891, 892, -1,
      894, 892, 634, -1,
      634, 892, 633, -1,
      684, 686, 685, -1,
      685, 686, 688, -1,
      685, 688, 895, -1,
      895, 688, 893, -1,
      895, 893, 804, -1,
      804, 893, 894, -1,
      804, 894, 635, -1,
      635, 894, 634, -1,
      681, 683, 682, -1,
      682, 683, 685, -1,
      682, 685, 896, -1,
      896, 685, 895, -1,
      896, 895, 897, -1,
      897, 895, 804, -1,
      897, 804, 638, -1,
      638, 804, 637, -1,
      678, 680, 679, -1,
      679, 680, 682, -1,
      679, 682, 898, -1,
      898, 682, 896, -1,
      898, 896, 899, -1,
      899, 896, 897, -1,
      899, 897, 639, -1,
      639, 897, 638, -1,
      675, 677, 676, -1,
      676, 677, 679, -1,
      676, 679, 900, -1,
      900, 679, 898, -1,
      900, 898, 803, -1,
      803, 898, 899, -1,
      803, 899, 640, -1,
      640, 899, 639, -1,
      672, 674, 673, -1,
      673, 674, 676, -1,
      673, 676, 901, -1,
      901, 676, 900, -1,
      901, 900, 802, -1,
      802, 900, 803, -1,
      802, 803, 643, -1,
      643, 803, 642, -1,
      669, 671, 670, -1,
      670, 671, 673, -1,
      670, 673, 902, -1,
      902, 673, 901, -1,
      902, 901, 903, -1,
      903, 901, 802, -1,
      903, 802, 645, -1,
      645, 802, 644, -1,
      666, 668, 667, -1,
      667, 668, 670, -1,
      667, 670, 904, -1,
      904, 670, 902, -1,
      904, 902, 905, -1,
      905, 902, 903, -1,
      905, 903, 646, -1,
      646, 903, 645, -1,
      663, 665, 664, -1,
      664, 665, 667, -1,
      664, 667, 906, -1,
      906, 667, 904, -1,
      906, 904, 801, -1,
      801, 904, 905, -1,
      801, 905, 647, -1,
      647, 905, 646, -1,
      660, 662, 661, -1,
      661, 662, 664, -1,
      661, 664, 907, -1,
      907, 664, 906, -1,
      907, 906, 908, -1,
      908, 906, 801, -1,
      908, 801, 650, -1,
      650, 801, 649, -1,
      657, 659, 658, -1,
      658, 659, 661, -1,
      658, 661, 909, -1,
      909, 661, 907, -1,
      909, 907, 910, -1,
      910, 907, 908, -1,
      910, 908, 651, -1,
      651, 908, 650, -1,
      911, 656, 912, -1,
      912, 656, 658, -1,
      912, 658, 913, -1,
      913, 658, 909, -1,
      913, 909, 800, -1,
      800, 909, 910, -1,
      800, 910, 652, -1,
      652, 910, 651, -1,
      654, 655, 800, -1,
      800, 655, 914, -1,
      800, 914, 913, -1,
      913, 914, 915, -1,
      913, 915, 912, -1,
      912, 915, 916, -1,
      912, 916, 911, -1,
      911, 916, 917, -1,
      918, 919, 920, -1,
      921, 922, 923, -1,
      924, 925, 926, -1,
      927, 928, 929, -1,
      930, 931, 932, -1,
      933, 934, 935, -1,
      936, 937, 938, -1,
      939, 940, 941, -1,
      942, 943, 944, -1,
      945, 946, 947, -1,
      948, 949, 950, -1,
      951, 952, 953, -1,
      954, 955, 956, -1,
      957, 958, 959, -1,
      960, 961, 962, -1,
      963, 964, 965, -1,
      966, 967, 968, -1,
      969, 970, 971, -1,
      972, 973, 974, -1,
      975, 976, 977, -1,
      978, 979, 980, -1,
      981, 982, 983, -1,
      672, 671, 984, -1,
      675, 674, 985, -1,
      678, 677, 986, -1,
      681, 680, 987, -1,
      684, 683, 988, -1,
      687, 686, 989, -1,
      690, 689, 990, -1,
      693, 692, 991, -1,
      696, 695, 992, -1,
      699, 698, 993, -1,
      702, 701, 994, -1,
      705, 704, 995, -1,
      871, 870, 996, -1,
      864, 872, 997, -1,
      729, 728, 998, -1,
      732, 731, 999, -1,
      735, 734, 1000, -1,
      738, 737, 1001, -1,
      741, 740, 1002, -1,
      744, 743, 1003, -1,
      747, 746, 1004, -1,
      750, 749, 1005, -1,
      753, 752, 1006, -1,
      756, 755, 1007, -1,
      759, 758, 1008, -1,
      762, 761, 1009, -1,
      765, 764, 1010, -1,
      768, 767, 1011, -1,
      1012, 840, 795, -1,
      795, 794, 1013, -1,
      1013, 794, 792, -1,
      792, 791, 1014, -1,
      1014, 791, 789, -1,
      789, 788, 1015, -1,
      1015, 788, 786, -1,
      786, 785, 1016, -1,
      1016, 785, 783, -1,
      783, 782, 1017, -1,
      1017, 782, 780, -1,
      780, 779, 1018, -1,
      1018, 779, 777, -1,
      777, 776, 1019, -1,
      1019, 776, 774, -1,
      774, 773, 1020, -1,
      1020, 773, 771, -1,
      771, 770, 1021, -1,
      1021, 770, 768, -1,
      765, 1010, 767, -1,
      762, 1009, 764, -1,
      759, 1008, 761, -1,
      756, 1007, 758, -1,
      753, 1006, 755, -1,
      750, 1005, 752, -1,
      747, 1004, 749, -1,
      744, 1003, 746, -1,
      741, 1002, 743, -1,
      738, 1001, 740, -1,
      735, 1000, 737, -1,
      732, 999, 734, -1,
      729, 998, 731, -1,
      864, 997, 728, -1,
      871, 996, 872, -1,
      870, 866, 1022, -1,
      1022, 866, 865, -1,
      1022, 865, 726, -1,
      726, 725, 1023, -1,
      1023, 725, 723, -1,
      723, 722, 1024, -1,
      1024, 722, 720, -1,
      720, 719, 1025, -1,
      1025, 719, 717, -1,
      717, 716, 1026, -1,
      1026, 716, 714, -1,
      714, 713, 1027, -1,
      1027, 713, 711, -1,
      711, 710, 1028, -1,
      1028, 710, 708, -1,
      708, 707, 1029, -1,
      1029, 707, 705, -1,
      669, 668, 981, -1,
      981, 668, 666, -1,
      981, 666, 982, -1,
      982, 666, 665, -1,
      982, 665, 663, -1,
      1030, 662, 660, -1,
      1031, 659, 657, -1,
      1032, 656, 911, -1,
      1033, 983, 1034, -1,
      1034, 983, 982, -1,
      1034, 982, 1030, -1,
      1030, 982, 663, -1,
      1030, 663, 662, -1,
      1035, 1033, 1036, -1,
      1036, 1033, 1034, -1,
      1036, 1034, 1037, -1,
      1037, 1034, 1030, -1,
      1037, 1030, 1031, -1,
      1031, 1030, 660, -1,
      1031, 660, 659, -1,
      1038, 1035, 1039, -1,
      1039, 1035, 1036, -1,
      1039, 1036, 1040, -1,
      1040, 1036, 1037, -1,
      1040, 1037, 1041, -1,
      1041, 1037, 1031, -1,
      1041, 1031, 1032, -1,
      1032, 1031, 657, -1,
      1032, 657, 656, -1,
      1042, 1038, 1043, -1,
      1043, 1038, 1039, -1,
      1043, 1039, 1044, -1,
      1044, 1039, 1040, -1,
      1044, 1040, 1045, -1,
      1045, 1040, 1041, -1,
      1045, 1041, 1046, -1,
      1046, 1041, 1032, -1,
      1046, 1032, 1047, -1,
      1047, 1032, 911, -1,
      1047, 911, 917, -1,
      1048, 1049, 1050, -1,
      1051, 1052, 1053, -1,
      795, 1013, 1012, -1,
      1012, 1013, 1054, -1,
      1012, 1054, 1055, -1,
      1055, 1054, 1056, -1,
      1055, 1056, 1057, -1,
      1057, 1056, 1058, -1,
      1057, 1058, 1059, -1,
      1059, 1058, 1060, -1,
      1059, 1060, 1061, -1,
      1061, 1060, 1051, -1,
      1061, 1051, 1062, -1,
      1062, 1051, 1053, -1,
      1062, 1053, 1063, -1,
      1064, 1065, 1066, -1,
      792, 1014, 1013, -1,
      1013, 1014, 1067, -1,
      1013, 1067, 1054, -1,
      1054, 1067, 1068, -1,
      1054, 1068, 1056, -1,
      1056, 1068, 1069, -1,
      1056, 1069, 1058, -1,
      1058, 1069, 1070, -1,
      1058, 1070, 1060, -1,
      1060, 1070, 1064, -1,
      1060, 1064, 1051, -1,
      1051, 1064, 1066, -1,
      1051, 1066, 1052, -1,
      1071, 1072, 1073, -1,
      789, 1015, 1014, -1,
      1014, 1015, 1074, -1,
      1014, 1074, 1067, -1,
      1067, 1074, 1075, -1,
      1067, 1075, 1068, -1,
      1068, 1075, 1076, -1,
      1068, 1076, 1069, -1,
      1069, 1076, 1077, -1,
      1069, 1077, 1070, -1,
      1070, 1077, 1071, -1,
      1070, 1071, 1064, -1,
      1064, 1071, 1073, -1,
      1064, 1073, 1065, -1,
      1078, 1079, 1080, -1,
      786, 1016, 1015, -1,
      1015, 1016, 1081, -1,
      1015, 1081, 1074, -1,
      1074, 1081, 1082, -1,
      1074, 1082, 1075, -1,
      1075, 1082, 1083, -1,
      1075, 1083, 1076, -1,
      1076, 1083, 1084, -1,
      1076, 1084, 1077, -1,
      1077, 1084, 1078, -1,
      1077, 1078, 1071, -1,
      1071, 1078, 1080, -1,
      1071, 1080, 1072, -1,
      1085, 1086, 1087, -1,
      783, 1017, 1016, -1,
      1016, 1017, 1088, -1,
      1016, 1088, 1081, -1,
      1081, 1088, 1089, -1,
      1081, 1089, 1082, -1,
      1082, 1089, 1090, -1,
      1082, 1090, 1083, -1,
      1083, 1090, 1091, -1,
      1083, 1091, 1084, -1,
      1084, 1091, 1085, -1,
      1084, 1085, 1078, -1,
      1078, 1085, 1087, -1,
      1078, 1087, 1079, -1,
      1092, 1093, 1094, -1,
      780, 1018, 1017, -1,
      1017, 1018, 1095, -1,
      1017, 1095, 1088, -1,
      1088, 1095, 1096, -1,
      1088, 1096, 1089, -1,
      1089, 1096, 1097, -1,
      1089, 1097, 1090, -1,
      1090, 1097, 1098, -1,
      1090, 1098, 1091, -1,
      1091, 1098, 1092, -1,
      1091, 1092, 1085, -1,
      1085, 1092, 1094, -1,
      1085, 1094, 1086, -1,
      1099, 1100, 1101, -1,
      777, 1019, 1018, -1,
      1018, 1019, 1102, -1,
      1018, 1102, 1095, -1,
      1095, 1102, 1103, -1,
      1095, 1103, 1096, -1,
      1096, 1103, 1104, -1,
      1096, 1104, 1097, -1,
      1097, 1104, 1105, -1,
      1097, 1105, 1098, -1,
      1098, 1105, 1099, -1,
      1098, 1099, 1092, -1,
      1092, 1099, 1101, -1,
      1092, 1101, 1093, -1,
      1106, 1107, 1108, -1,
      774, 1020, 1019, -1,
      1019, 1020, 1109, -1,
      1019, 1109, 1102, -1,
      1102, 1109, 1110, -1,
      1102, 1110, 1103, -1,
      1103, 1110, 1111, -1,
      1103, 1111, 1104, -1,
      1104, 1111, 1112, -1,
      1104, 1112, 1105, -1,
      1105, 1112, 1106, -1,
      1105, 1106, 1099, -1,
      1099, 1106, 1108, -1,
      1099, 1108, 1100, -1,
      1113, 1114, 1115, -1,
      771, 1021, 1020, -1,
      1020, 1021, 1116, -1,
      1020, 1116, 1109, -1,
      1109, 1116, 1117, -1,
      1109, 1117, 1110, -1,
      1110, 1117, 1118, -1,
      1110, 1118, 1111, -1,
      1111, 1118, 1119, -1,
      1111, 1119, 1112, -1,
      1112, 1119, 1113, -1,
      1112, 1113, 1106, -1,
      1106, 1113, 1115, -1,
      1106, 1115, 1107, -1,
      1120, 1121, 1122, -1,
      768, 1011, 1021, -1,
      1021, 1011, 1123, -1,
      1021, 1123, 1116, -1,
      1116, 1123, 1124, -1,
      1116, 1124, 1117, -1,
      1117, 1124, 1125, -1,
      1117, 1125, 1118, -1,
      1118, 1125, 1126, -1,
      1118, 1126, 1119, -1,
      1119, 1126, 1120, -1,
      1119, 1120, 1113, -1,
      1113, 1120, 1122, -1,
      1113, 1122, 1114, -1,
      1127, 1128, 1129, -1,
      767, 1010, 1011, -1,
      1011, 1010, 1130, -1,
      1011, 1130, 1123, -1,
      1123, 1130, 1131, -1,
      1123, 1131, 1124, -1,
      1124, 1131, 1132, -1,
      1124, 1132, 1125, -1,
      1125, 1132, 1133, -1,
      1125, 1133, 1126, -1,
      1126, 1133, 1127, -1,
      1126, 1127, 1120, -1,
      1120, 1127, 1129, -1,
      1120, 1129, 1121, -1,
      1134, 1135, 1136, -1,
      764, 1009, 1010, -1,
      1010, 1009, 1137, -1,
      1010, 1137, 1130, -1,
      1130, 1137, 1138, -1,
      1130, 1138, 1131, -1,
      1131, 1138, 1139, -1,
      1131, 1139, 1132, -1,
      1132, 1139, 1140, -1,
      1132, 1140, 1133, -1,
      1133, 1140, 1134, -1,
      1133, 1134, 1127, -1,
      1127, 1134, 1136, -1,
      1127, 1136, 1128, -1,
      1141, 1142, 1143, -1,
      761, 1008, 1009, -1,
      1009, 1008, 1144, -1,
      1009, 1144, 1137, -1,
      1137, 1144, 1145, -1,
      1137, 1145, 1138, -1,
      1138, 1145, 1146, -1,
      1138, 1146, 1139, -1,
      1139, 1146, 1147, -1,
      1139, 1147, 1140, -1,
      1140, 1147, 1141, -1,
      1140, 1141, 1134, -1,
      1134, 1141, 1143, -1,
      1134, 1143, 1135, -1,
      1148, 1149, 1150, -1,
      758, 1007, 1008, -1,
      1008, 1007, 1151, -1,
      1008, 1151, 1144, -1,
      1144, 1151, 1152, -1,
      1144, 1152, 1145, -1,
      1145, 1152, 1153, -1,
      1145, 1153, 1146, -1,
      1146, 1153, 1154, -1,
      1146, 1154, 1147, -1,
      1147, 1154, 1148, -1,
      1147, 1148, 1141, -1,
      1141, 1148, 1150, -1,
      1141, 1150, 1142, -1,
      1155, 1156, 1157, -1,
      755, 1006, 1007, -1,
      1007, 1006, 1158, -1,
      1007, 1158, 1151, -1,
      1151, 1158, 1159, -1,
      1151, 1159, 1152, -1,
      1152, 1159, 1160, -1,
      1152, 1160, 1153, -1,
      1153, 1160, 1161, -1,
      1153, 1161, 1154, -1,
      1154, 1161, 1155, -1,
      1154, 1155, 1148, -1,
      1148, 1155, 1157, -1,
      1148, 1157, 1149, -1,
      1162, 1163, 1164, -1,
      752, 1005, 1006, -1,
      1006, 1005, 1165, -1,
      1006, 1165, 1158, -1,
      1158, 1165, 1166, -1,
      1158, 1166, 1159, -1,
      1159, 1166, 1167, -1,
      1159, 1167, 1160, -1,
      1160, 1167, 1168, -1,
      1160, 1168, 1161, -1,
      1161, 1168, 1162, -1,
      1161, 1162, 1155, -1,
      1155, 1162, 1164, -1,
      1155, 1164, 1156, -1,
      1169, 1170, 1171, -1,
      749, 1004, 1005, -1,
      1005, 1004, 1172, -1,
      1005, 1172, 1165, -1,
      1165, 1172, 1173, -1,
      1165, 1173, 1166, -1,
      1166, 1173, 1174, -1,
      1166, 1174, 1167, -1,
      1167, 1174, 1175, -1,
      1167, 1175, 1168, -1,
      1168, 1175, 1169, -1,
      1168, 1169, 1162, -1,
      1162, 1169, 1171, -1,
      1162, 1171, 1163, -1,
      1176, 1177, 1178, -1,
      746, 1003, 1004, -1,
      1004, 1003, 1179, -1,
      1004, 1179, 1172, -1,
      1172, 1179, 1180, -1,
      1172, 1180, 1173, -1,
      1173, 1180, 1181, -1,
      1173, 1181, 1174, -1,
      1174, 1181, 1182, -1,
      1174, 1182, 1175, -1,
      1175, 1182, 1176, -1,
      1175, 1176, 1169, -1,
      1169, 1176, 1178, -1,
      1169, 1178, 1170, -1,
      1183, 1184, 1185, -1,
      743, 1002, 1003, -1,
      1003, 1002, 1186, -1,
      1003, 1186, 1179, -1,
      1179, 1186, 1187, -1,
      1179, 1187, 1180, -1,
      1180, 1187, 1188, -1,
      1180, 1188, 1181, -1,
      1181, 1188, 1189, -1,
      1181, 1189, 1182, -1,
      1182, 1189, 1183, -1,
      1182, 1183, 1176, -1,
      1176, 1183, 1185, -1,
      1176, 1185, 1177, -1,
      1190, 1191, 1192, -1,
      740, 1001, 1002, -1,
      1002, 1001, 1193, -1,
      1002, 1193, 1186, -1,
      1186, 1193, 1194, -1,
      1186, 1194, 1187, -1,
      1187, 1194, 1195, -1,
      1187, 1195, 1188, -1,
      1188, 1195, 1196, -1,
      1188, 1196, 1189, -1,
      1189, 1196, 1190, -1,
      1189, 1190, 1183, -1,
      1183, 1190, 1192, -1,
      1183, 1192, 1184, -1,
      1197, 1198, 1199, -1,
      737, 1000, 1001, -1,
      1001, 1000, 1200, -1,
      1001, 1200, 1193, -1,
      1193, 1200, 1201, -1,
      1193, 1201, 1194, -1,
      1194, 1201, 1202, -1,
      1194, 1202, 1195, -1,
      1195, 1202, 1203, -1,
      1195, 1203, 1196, -1,
      1196, 1203, 1197, -1,
      1196, 1197, 1190, -1,
      1190, 1197, 1199, -1,
      1190, 1199, 1191, -1,
      1204, 1205, 1206, -1,
      734, 999, 1000, -1,
      1000, 999, 1207, -1,
      1000, 1207, 1200, -1,
      1200, 1207, 1208, -1,
      1200, 1208, 1201, -1,
      1201, 1208, 1209, -1,
      1201, 1209, 1202, -1,
      1202, 1209, 1210, -1,
      1202, 1210, 1203, -1,
      1203, 1210, 1204, -1,
      1203, 1204, 1197, -1,
      1197, 1204, 1206, -1,
      1197, 1206, 1198, -1,
      1211, 1212, 1213, -1,
      731, 998, 999, -1,
      999, 998, 1214, -1,
      999, 1214, 1207, -1,
      1207, 1214, 1215, -1,
      1207, 1215, 1208, -1,
      1208, 1215, 1216, -1,
      1208, 1216, 1209, -1,
      1209, 1216, 1217, -1,
      1209, 1217, 1210, -1,
      1210, 1217, 1211, -1,
      1210, 1211, 1204, -1,
      1204, 1211, 1213, -1,
      1204, 1213, 1205, -1,
      1218, 1219, 1220, -1,
      728, 997, 998, -1,
      998, 997, 1221, -1,
      998, 1221, 1214, -1,
      1214, 1221, 1222, -1,
      1214, 1222, 1215, -1,
      1215, 1222, 1223, -1,
      1215, 1223, 1216, -1,
      1216, 1223, 1224, -1,
      1216, 1224, 1217, -1,
      1217, 1224, 1218, -1,
      1217, 1218, 1211, -1,
      1211, 1218, 1220, -1,
      1211, 1220, 1212, -1,
      1225, 1226, 1227, -1,
      872, 996, 997, -1,
      997, 996, 1228, -1,
      997, 1228, 1221, -1,
      1221, 1228, 1229, -1,
      1221, 1229, 1222, -1,
      1222, 1229, 1230, -1,
      1222, 1230, 1223, -1,
      1223, 1230, 1231, -1,
      1223, 1231, 1224, -1,
      1224, 1231, 1225, -1,
      1224, 1225, 1218, -1,
      1218, 1225, 1227, -1,
      1218, 1227, 1219, -1,
      1232, 1233, 1234, -1,
      1234, 1233, 1235, -1,
      870, 1022, 996, -1,
      996, 1022, 1236, -1,
      996, 1236, 1228, -1,
      1228, 1236, 1237, -1,
      1228, 1237, 1229, -1,
      1229, 1237, 1238, -1,
      1229, 1238, 1230, -1,
      1230, 1238, 1239, -1,
      1230, 1239, 1231, -1,
      1231, 1239, 1234, -1,
      1231, 1234, 1225, -1,
      1225, 1234, 1235, -1,
      1225, 1235, 1226, -1,
      726, 1023, 1022, -1,
      1022, 1023, 1240, -1,
      1022, 1240, 1236, -1,
      1236, 1240, 1241, -1,
      1236, 1241, 1237, -1,
      1237, 1241, 1242, -1,
      1237, 1242, 1238, -1,
      1238, 1242, 1243, -1,
      1238, 1243, 1239, -1,
      1239, 1243, 980, -1,
      1239, 980, 1234, -1,
      1234, 980, 979, -1,
      1234, 979, 1232, -1,
      723, 1024, 1023, -1,
      1023, 1024, 1244, -1,
      1023, 1244, 1240, -1,
      1240, 1244, 1245, -1,
      1240, 1245, 1241, -1,
      1241, 1245, 1246, -1,
      1241, 1246, 1242, -1,
      1242, 1246, 1247, -1,
      1242, 1247, 1243, -1,
      1243, 1247, 977, -1,
      1243, 977, 980, -1,
      980, 977, 976, -1,
      980, 976, 978, -1,
      720, 1025, 1024, -1,
      1024, 1025, 1248, -1,
      1024, 1248, 1244, -1,
      1244, 1248, 1249, -1,
      1244, 1249, 1245, -1,
      1245, 1249, 1250, -1,
      1245, 1250, 1246, -1,
      1246, 1250, 1251, -1,
      1246, 1251, 1247, -1,
      1247, 1251, 974, -1,
      1247, 974, 977, -1,
      977, 974, 973, -1,
      977, 973, 975, -1,
      717, 1026, 1025, -1,
      1025, 1026, 1252, -1,
      1025, 1252, 1248, -1,
      1248, 1252, 1253, -1,
      1248, 1253, 1249, -1,
      1249, 1253, 1254, -1,
      1249, 1254, 1250, -1,
      1250, 1254, 1255, -1,
      1250, 1255, 1251, -1,
      1251, 1255, 971, -1,
      1251, 971, 974, -1,
      974, 971, 970, -1,
      974, 970, 972, -1,
      714, 1027, 1026, -1,
      1026, 1027, 1256, -1,
      1026, 1256, 1252, -1,
      1252, 1256, 1257, -1,
      1252, 1257, 1253, -1,
      1253, 1257, 1258, -1,
      1253, 1258, 1254, -1,
      1254, 1258, 1259, -1,
      1254, 1259, 1255, -1,
      1255, 1259, 968, -1,
      1255, 968, 971, -1,
      971, 968, 967, -1,
      971, 967, 969, -1,
      711, 1028, 1027, -1,
      1027, 1028, 1260, -1,
      1027, 1260, 1256, -1,
      1256, 1260, 1261, -1,
      1256, 1261, 1257, -1,
      1257, 1261, 1262, -1,
      1257, 1262, 1258, -1,
      1258, 1262, 1263, -1,
      1258, 1263, 1259, -1,
      1259, 1263, 965, -1,
      1259, 965, 968, -1,
      968, 965, 964, -1,
      968, 964, 966, -1,
      708, 1029, 1028, -1,
      1028, 1029, 1264, -1,
      1028, 1264, 1260, -1,
      1260, 1264, 1265, -1,
      1260, 1265, 1261, -1,
      1261, 1265, 1266, -1,
      1261, 1266, 1262, -1,
      1262, 1266, 1267, -1,
      1262, 1267, 1263, -1,
      1263, 1267, 962, -1,
      1263, 962, 965, -1,
      965, 962, 961, -1,
      965, 961, 963, -1,
      705, 995, 1029, -1,
      1029, 995, 1268, -1,
      1029, 1268, 1264, -1,
      1264, 1268, 1269, -1,
      1264, 1269, 1265, -1,
      1265, 1269, 1270, -1,
      1265, 1270, 1266, -1,
      1266, 1270, 1271, -1,
      1266, 1271, 1267, -1,
      1267, 1271, 959, -1,
      1267, 959, 962, -1,
      962, 959, 958, -1,
      962, 958, 960, -1,
      995, 1272, 1268, -1,
      1268, 1272, 1273, -1,
      1268, 1273, 1269, -1,
      1269, 1273, 1274, -1,
      1269, 1274, 1270, -1,
      1270, 1274, 1275, -1,
      1270, 1275, 1271, -1,
      1271, 1275, 956, -1,
      1271, 956, 959, -1,
      959, 956, 955, -1,
      959, 955, 957, -1,
      1272, 1276, 1273, -1,
      1273, 1276, 1277, -1,
      1273, 1277, 1274, -1,
      1274, 1277, 1278, -1,
      1274, 1278, 1275, -1,
      1275, 1278, 953, -1,
      1275, 953, 956, -1,
      956, 953, 952, -1,
      956, 952, 954, -1,
      1276, 1279, 1277, -1,
      1277, 1279, 1280, -1,
      1277, 1280, 1278, -1,
      1278, 1280, 950, -1,
      1278, 950, 953, -1,
      953, 950, 949, -1,
      953, 949, 951, -1,
      1279, 1050, 1280, -1,
      1280, 1050, 1049, -1,
      1280, 1049, 950, -1,
      950, 1049, 1281, -1,
      950, 1281, 948, -1,
      1282, 1283, 1284, -1,
      1284, 1283, 1048, -1,
      1284, 1048, 1285, -1,
      1285, 1048, 1050, -1,
      1285, 1050, 1286, -1,
      1286, 1050, 1279, -1,
      1286, 1279, 1287, -1,
      1287, 1279, 1276, -1,
      1287, 1276, 1288, -1,
      1288, 1276, 1272, -1,
      1288, 1272, 994, -1,
      994, 1272, 995, -1,
      994, 995, 702, -1,
      702, 995, 704, -1,
      1283, 1289, 1048, -1,
      1048, 1289, 1290, -1,
      1048, 1290, 1049, -1,
      1049, 1290, 1291, -1,
      1049, 1291, 1281, -1,
      946, 1282, 947, -1,
      947, 1282, 1284, -1,
      947, 1284, 1292, -1,
      1292, 1284, 1285, -1,
      1292, 1285, 1293, -1,
      1293, 1285, 1286, -1,
      1293, 1286, 1294, -1,
      1294, 1286, 1287, -1,
      1294, 1287, 1295, -1,
      1295, 1287, 1288, -1,
      1295, 1288, 993, -1,
      993, 1288, 994, -1,
      993, 994, 699, -1,
      699, 994, 701, -1,
      943, 945, 944, -1,
      944, 945, 947, -1,
      944, 947, 1296, -1,
      1296, 947, 1292, -1,
      1296, 1292, 1297, -1,
      1297, 1292, 1293, -1,
      1297, 1293, 1298, -1,
      1298, 1293, 1294, -1,
      1298, 1294, 1299, -1,
      1299, 1294, 1295, -1,
      1299, 1295, 992, -1,
      992, 1295, 993, -1,
      992, 993, 696, -1,
      696, 993, 698, -1,
      940, 942, 941, -1,
      941, 942, 944, -1,
      941, 944, 1300, -1,
      1300, 944, 1296, -1,
      1300, 1296, 1301, -1,
      1301, 1296, 1297, -1,
      1301, 1297, 1302, -1,
      1302, 1297, 1298, -1,
      1302, 1298, 1303, -1,
      1303, 1298, 1299, -1,
      1303, 1299, 991, -1,
      991, 1299, 992, -1,
      991, 992, 693, -1,
      693, 992, 695, -1,
      937, 939, 938, -1,
      938, 939, 941, -1,
      938, 941, 1304, -1,
      1304, 941, 1300, -1,
      1304, 1300, 1305, -1,
      1305, 1300, 1301, -1,
      1305, 1301, 1306, -1,
      1306, 1301, 1302, -1,
      1306, 1302, 1307, -1,
      1307, 1302, 1303, -1,
      1307, 1303, 990, -1,
      990, 1303, 991, -1,
      990, 991, 690, -1,
      690, 991, 692, -1,
      934, 936, 935, -1,
      935, 936, 938, -1,
      935, 938, 1308, -1,
      1308, 938, 1304, -1,
      1308, 1304, 1309, -1,
      1309, 1304, 1305, -1,
      1309, 1305, 1310, -1,
      1310, 1305, 1306, -1,
      1310, 1306, 1311, -1,
      1311, 1306, 1307, -1,
      1311, 1307, 989, -1,
      989, 1307, 990, -1,
      989, 990, 687, -1,
      687, 990, 689, -1,
      931, 933, 932, -1,
      932, 933, 935, -1,
      932, 935, 1312, -1,
      1312, 935, 1308, -1,
      1312, 1308, 1313, -1,
      1313, 1308, 1309, -1,
      1313, 1309, 1314, -1,
      1314, 1309, 1310, -1,
      1314, 1310, 1315, -1,
      1315, 1310, 1311, -1,
      1315, 1311, 988, -1,
      988, 1311, 989, -1,
      988, 989, 684, -1,
      684, 989, 686, -1,
      928, 930, 929, -1,
      929, 930, 932, -1,
      929, 932, 1316, -1,
      1316, 932, 1312, -1,
      1316, 1312, 1317, -1,
      1317, 1312, 1313, -1,
      1317, 1313, 1318, -1,
      1318, 1313, 1314, -1,
      1318, 1314, 1319, -1,
      1319, 1314, 1315, -1,
      1319, 1315, 987, -1,
      987, 1315, 988, -1,
      987, 988, 681, -1,
      681, 988, 683, -1,
      925, 927, 926, -1,
      926, 927, 929, -1,
      926, 929, 1320, -1,
      1320, 929, 1316, -1,
      1320, 1316, 1321, -1,
      1321, 1316, 1317, -1,
      1321, 1317, 1322, -1,
      1322, 1317, 1318, -1,
      1322, 1318, 1323, -1,
      1323, 1318, 1319, -1,
      1323, 1319, 986, -1,
      986, 1319, 987, -1,
      986, 987, 678, -1,
      678, 987, 680, -1,
      922, 924, 923, -1,
      923, 924, 926, -1,
      923, 926, 1324, -1,
      1324, 926, 1320, -1,
      1324, 1320, 1325, -1,
      1325, 1320, 1321, -1,
      1325, 1321, 1326, -1,
      1326, 1321, 1322, -1,
      1326, 1322, 1327, -1,
      1327, 1322, 1323, -1,
      1327, 1323, 985, -1,
      985, 1323, 986, -1,
      985, 986, 675, -1,
      675, 986, 677, -1,
      919, 921, 920, -1,
      920, 921, 923, -1,
      920, 923, 1328, -1,
      1328, 923, 1324, -1,
      1328, 1324, 1329, -1,
      1329, 1324, 1325, -1,
      1329, 1325, 1330, -1,
      1330, 1325, 1326, -1,
      1330, 1326, 1331, -1,
      1331, 1326, 1327, -1,
      1331, 1327, 984, -1,
      984, 1327, 985, -1,
      984, 985, 672, -1,
      672, 985, 674, -1,
      1332, 918, 1042, -1,
      1042, 918, 920, -1,
      1042, 920, 1038, -1,
      1038, 920, 1328, -1,
      1038, 1328, 1035, -1,
      1035, 1328, 1329, -1,
      1035, 1329, 1033, -1,
      1033, 1329, 1330, -1,
      1033, 1330, 983, -1,
      983, 1330, 1331, -1,
      983, 1331, 981, -1,
      981, 1331, 984, -1,
      981, 984, 669, -1,
      669, 984, 671, -1,
      1333, 1334, 1335, -1,
      1336, 1337, 1338, -1,
      1339, 1340, 1341, -1,
      1342, 1343, 1344, -1,
      1345, 1346, 1347, -1,
      1348, 1349, 1350, -1,
      1351, 1352, 1353, -1,
      1354, 1355, 1356, -1,
      1357, 1358, 1359, -1,
      1360, 1361, 1362, -1,
      1363, 1364, 1365, -1,
      1366, 1367, 1368, -1,
      1369, 1370, 1371, -1,
      1372, 1373, 1374, -1,
      919, 918, 1375, -1,
      922, 921, 1376, -1,
      925, 924, 1377, -1,
      928, 927, 1378, -1,
      931, 930, 1379, -1,
      934, 933, 1380, -1,
      1219, 1227, 1381, -1,
      1212, 1220, 1382, -1,
      1205, 1213, 1383, -1,
      1198, 1206, 1384, -1,
      1191, 1199, 1385, -1,
      1184, 1192, 1386, -1,
      1177, 1185, 1387, -1,
      1170, 1178, 1388, -1,
      1163, 1171, 1389, -1,
      1156, 1164, 1390, -1,
      1149, 1157, 1391, -1,
      1142, 1150, 1392, -1,
      1135, 1143, 1393, -1,
      1128, 1136, 1394, -1,
      1121, 1129, 1395, -1,
      1114, 1122, 1396, -1,
      1107, 1115, 1397, -1,
      1100, 1108, 1398, -1,
      1093, 1101, 1399, -1,
      1086, 1094, 1400, -1,
      1079, 1087, 1401, -1,
      1072, 1080, 1402, -1,
      1065, 1073, 1403, -1,
      1052, 1066, 1404, -1,
      1235, 1233, 1405, -1,
      1232, 979, 1406, -1,
      978, 976, 1407, -1,
      975, 973, 1408, -1,
      972, 970, 1409, -1,
      969, 967, 1410, -1,
      966, 964, 1411, -1,
      963, 961, 1412, -1,
      960, 958, 1413, -1,
      957, 955, 1414, -1,
      954, 952, 1415, -1,
      951, 949, 1416, -1,
      948, 1281, 1417, -1,
      1291, 1290, 1418, -1,
      1289, 1283, 1419, -1,
      1282, 946, 1420, -1,
      945, 943, 1421, -1,
      942, 940, 1422, -1,
      939, 937, 1423, -1,
      934, 1380, 936, -1,
      1053, 1052, 1424, -1,
      1424, 1052, 1404, -1,
      1424, 1404, 1425, -1,
      1425, 1404, 1426, -1,
      1425, 1426, 1427, -1,
      1427, 1426, 1374, -1,
      1080, 1079, 1402, -1,
      1402, 1079, 1401, -1,
      1402, 1401, 1428, -1,
      1428, 1401, 1429, -1,
      1428, 1429, 1430, -1,
      1430, 1429, 1431, -1,
      1087, 1086, 1401, -1,
      1401, 1086, 1400, -1,
      1401, 1400, 1429, -1,
      1429, 1400, 1432, -1,
      1429, 1432, 1431, -1,
      1431, 1432, 1433, -1,
      1094, 1093, 1400, -1,
      1400, 1093, 1399, -1,
      1400, 1399, 1432, -1,
      1432, 1399, 1434, -1,
      1432, 1434, 1433, -1,
      1433, 1434, 1435, -1,
      1108, 1107, 1398, -1,
      1398, 1107, 1397, -1,
      1398, 1397, 1436, -1,
      1436, 1397, 1437, -1,
      1436, 1437, 1438, -1,
      1438, 1437, 1371, -1,
      1129, 1128, 1395, -1,
      1395, 1128, 1394, -1,
      1395, 1394, 1439, -1,
      1439, 1394, 1440, -1,
      1439, 1440, 1441, -1,
      1441, 1440, 1442, -1,
      1136, 1135, 1394, -1,
      1394, 1135, 1393, -1,
      1394, 1393, 1440, -1,
      1440, 1393, 1443, -1,
      1440, 1443, 1442, -1,
      1442, 1443, 1444, -1,
      1143, 1142, 1393, -1,
      1393, 1142, 1392, -1,
      1393, 1392, 1443, -1,
      1443, 1392, 1445, -1,
      1443, 1445, 1444, -1,
      1444, 1445, 1446, -1,
      1157, 1156, 1391, -1,
      1391, 1156, 1390, -1,
      1391, 1390, 1447, -1,
      1447, 1390, 1448, -1,
      1447, 1448, 1449, -1,
      1449, 1448, 1368, -1,
      1178, 1177, 1388, -1,
      1388, 1177, 1387, -1,
      1388, 1387, 1450, -1,
      1450, 1387, 1451, -1,
      1450, 1451, 1452, -1,
      1452, 1451, 1453, -1,
      1185, 1184, 1387, -1,
      1387, 1184, 1386, -1,
      1387, 1386, 1451, -1,
      1451, 1386, 1454, -1,
      1451, 1454, 1453, -1,
      1453, 1454, 1455, -1,
      1192, 1191, 1386, -1,
      1386, 1191, 1385, -1,
      1386, 1385, 1454, -1,
      1454, 1385, 1456, -1,
      1454, 1456, 1455, -1,
      1455, 1456, 1457, -1,
      1206, 1205, 1384, -1,
      1384, 1205, 1383, -1,
      1384, 1383, 1458, -1,
      1458, 1383, 1459, -1,
      1458, 1459, 1460, -1,
      1460, 1459, 1365, -1,
      1227, 1226, 1381, -1,
      1381, 1226, 1461, -1,
      1381, 1461, 1462, -1,
      1462, 1461, 1463, -1,
      1462, 1463, 1464, -1,
      1464, 1463, 1465, -1,
      1226, 1235, 1461, -1,
      1461, 1235, 1405, -1,
      1461, 1405, 1463, -1,
      1463, 1405, 1466, -1,
      1463, 1466, 1465, -1,
      1465, 1466, 1467, -1,
      1233, 1232, 1405, -1,
      1405, 1232, 1406, -1,
      1405, 1406, 1466, -1,
      1466, 1406, 1468, -1,
      1466, 1468, 1467, -1,
      1467, 1468, 1469, -1,
      967, 966, 1410, -1,
      1410, 966, 1411, -1,
      1410, 1411, 1470, -1,
      1470, 1411, 1471, -1,
      1470, 1471, 1472, -1,
      1472, 1471, 1356, -1,
      958, 957, 1413, -1,
      1413, 957, 1414, -1,
      1413, 1414, 1473, -1,
      1473, 1414, 1474, -1,
      1473, 1474, 1475, -1,
      1475, 1474, 1353, -1,
      1281, 1291, 1417, -1,
      1417, 1291, 1418, -1,
      1417, 1418, 1476, -1,
      1476, 1418, 1477, -1,
      1476, 1477, 1478, -1,
      1478, 1477, 1347, -1,
      946, 945, 1420, -1,
      1420, 945, 1421, -1,
      1420, 1421, 1479, -1,
      1479, 1421, 1480, -1,
      1479, 1480, 1481, -1,
      1481, 1480, 1344, -1,
      933, 931, 1380, -1,
      1380, 931, 1379, -1,
      1380, 1379, 1482, -1,
      1482, 1379, 1483, -1,
      1482, 1483, 1484, -1,
      1484, 1483, 1338, -1,
      924, 922, 1377, -1,
      1377, 922, 1376, -1,
      1377, 1376, 1485, -1,
      1485, 1376, 1486, -1,
      1485, 1486, 1487, -1,
      1487, 1486, 1335, -1,
      1063, 1053, 1488, -1,
      1488, 1053, 1424, -1,
      1488, 1424, 1489, -1,
      1489, 1424, 1425, -1,
      1489, 1425, 1490, -1,
      1490, 1425, 1427, -1,
      1490, 1427, 1491, -1,
      1491, 1427, 1492, -1,
      1374, 1373, 1427, -1,
      1427, 1373, 1493, -1,
      1427, 1493, 1492, -1,
      1494, 1372, 1495, -1,
      1495, 1372, 1374, -1,
      1495, 1374, 1496, -1,
      1496, 1374, 1426, -1,
      1496, 1426, 1403, -1,
      1403, 1426, 1404, -1,
      1403, 1404, 1065, -1,
      1065, 1404, 1066, -1,
      1073, 1072, 1403, -1,
      1403, 1072, 1402, -1,
      1403, 1402, 1496, -1,
      1496, 1402, 1428, -1,
      1496, 1428, 1495, -1,
      1495, 1428, 1430, -1,
      1495, 1430, 1494, -1,
      1494, 1430, 1497, -1,
      1498, 1499, 1435, -1,
      1435, 1499, 1500, -1,
      1435, 1500, 1433, -1,
      1433, 1500, 1501, -1,
      1433, 1501, 1431, -1,
      1431, 1501, 1502, -1,
      1431, 1502, 1430, -1,
      1430, 1502, 1503, -1,
      1430, 1503, 1497, -1,
      1504, 1498, 1438, -1,
      1438, 1498, 1435, -1,
      1438, 1435, 1436, -1,
      1436, 1435, 1434, -1,
      1436, 1434, 1398, -1,
      1398, 1434, 1399, -1,
      1398, 1399, 1100, -1,
      1100, 1399, 1101, -1,
      1371, 1370, 1438, -1,
      1438, 1370, 1505, -1,
      1438, 1505, 1504, -1,
      1506, 1369, 1507, -1,
      1507, 1369, 1371, -1,
      1507, 1371, 1508, -1,
      1508, 1371, 1437, -1,
      1508, 1437, 1396, -1,
      1396, 1437, 1397, -1,
      1396, 1397, 1114, -1,
      1114, 1397, 1115, -1,
      1122, 1121, 1396, -1,
      1396, 1121, 1395, -1,
      1396, 1395, 1508, -1,
      1508, 1395, 1439, -1,
      1508, 1439, 1507, -1,
      1507, 1439, 1441, -1,
      1507, 1441, 1506, -1,
      1506, 1441, 1509, -1,
      1510, 1511, 1446, -1,
      1446, 1511, 1512, -1,
      1446, 1512, 1444, -1,
      1444, 1512, 1513, -1,
      1444, 1513, 1442, -1,
      1442, 1513, 1514, -1,
      1442, 1514, 1441, -1,
      1441, 1514, 1515, -1,
      1441, 1515, 1509, -1,
      1516, 1510, 1449, -1,
      1449, 1510, 1446, -1,
      1449, 1446, 1447, -1,
      1447, 1446, 1445, -1,
      1447, 1445, 1391, -1,
      1391, 1445, 1392, -1,
      1391, 1392, 1149, -1,
      1149, 1392, 1150, -1,
      1368, 1367, 1449, -1,
      1449, 1367, 1517, -1,
      1449, 1517, 1516, -1,
      1518, 1366, 1519, -1,
      1519, 1366, 1368, -1,
      1519, 1368, 1520, -1,
      1520, 1368, 1448, -1,
      1520, 1448, 1389, -1,
      1389, 1448, 1390, -1,
      1389, 1390, 1163, -1,
      1163, 1390, 1164, -1,
      1171, 1170, 1389, -1,
      1389, 1170, 1388, -1,
      1389, 1388, 1520, -1,
      1520, 1388, 1450, -1,
      1520, 1450, 1519, -1,
      1519, 1450, 1452, -1,
      1519, 1452, 1518, -1,
      1518, 1452, 1521, -1,
      1522, 1523, 1457, -1,
      1457, 1523, 1524, -1,
      1457, 1524, 1455, -1,
      1455, 1524, 1525, -1,
      1455, 1525, 1453, -1,
      1453, 1525, 1526, -1,
      1453, 1526, 1452, -1,
      1452, 1526, 1527, -1,
      1452, 1527, 1521, -1,
      1528, 1522, 1460, -1,
      1460, 1522, 1457, -1,
      1460, 1457, 1458, -1,
      1458, 1457, 1456, -1,
      1458, 1456, 1384, -1,
      1384, 1456, 1385, -1,
      1384, 1385, 1198, -1,
      1198, 1385, 1199, -1,
      1365, 1364, 1460, -1,
      1460, 1364, 1529, -1,
      1460, 1529, 1528, -1,
      1530, 1363, 1531, -1,
      1531, 1363, 1365, -1,
      1531, 1365, 1532, -1,
      1532, 1365, 1459, -1,
      1532, 1459, 1382, -1,
      1382, 1459, 1383, -1,
      1382, 1383, 1212, -1,
      1212, 1383, 1213, -1,
      1220, 1219, 1382, -1,
      1382, 1219, 1381, -1,
      1382, 1381, 1532, -1,
      1532, 1381, 1462, -1,
      1532, 1462, 1531, -1,
      1531, 1462, 1464, -1,
      1531, 1464, 1530, -1,
      1530, 1464, 1533, -1,
      1534, 1535, 1469, -1,
      1469, 1535, 1536, -1,
      1469, 1536, 1467, -1,
      1467, 1536, 1537, -1,
      1467, 1537, 1465, -1,
      1465, 1537, 1538, -1,
      1465, 1538, 1464, -1,
      1464, 1538, 1539, -1,
      1464, 1539, 1533, -1,
      1361, 1534, 1362, -1,
      1362, 1534, 1469, -1,
      1362, 1469, 1540, -1,
      1540, 1469, 1468, -1,
      1540, 1468, 1407, -1,
      1407, 1468, 1406, -1,
      1407, 1406, 978, -1,
      978, 1406, 979, -1,
      1358, 1360, 1359, -1,
      1359, 1360, 1362, -1,
      1359, 1362, 1541, -1,
      1541, 1362, 1540, -1,
      1541, 1540, 1408, -1,
      1408, 1540, 1407, -1,
      1408, 1407, 975, -1,
      975, 1407, 976, -1,
      1542, 1357, 1543, -1,
      1543, 1357, 1359, -1,
      1543, 1359, 1544, -1,
      1544, 1359, 1541, -1,
      1544, 1541, 1409, -1,
      1409, 1541, 1408, -1,
      1409, 1408, 972, -1,
      972, 1408, 973, -1,
      970, 969, 1409, -1,
      1409, 969, 1410, -1,
      1409, 1410, 1544, -1,
      1544, 1410, 1470, -1,
      1544, 1470, 1543, -1,
      1543, 1470, 1472, -1,
      1543, 1472, 1542, -1,
      1542, 1472, 1545, -1,
      1356, 1355, 1472, -1,
      1472, 1355, 1546, -1,
      1472, 1546, 1545, -1,
      1547, 1354, 1548, -1,
      1548, 1354, 1356, -1,
      1548, 1356, 1549, -1,
      1549, 1356, 1471, -1,
      1549, 1471, 1412, -1,
      1412, 1471, 1411, -1,
      1412, 1411, 963, -1,
      963, 1411, 964, -1,
      961, 960, 1412, -1,
      1412, 960, 1413, -1,
      1412, 1413, 1549, -1,
      1549, 1413, 1473, -1,
      1549, 1473, 1548, -1,
      1548, 1473, 1475, -1,
      1548, 1475, 1547, -1,
      1547, 1475, 1550, -1,
      1353, 1352, 1475, -1,
      1475, 1352, 1551, -1,
      1475, 1551, 1550, -1,
      1349, 1351, 1350, -1,
      1350, 1351, 1353, -1,
      1350, 1353, 1552, -1,
      1552, 1353, 1474, -1,
      1552, 1474, 1415, -1,
      1415, 1474, 1414, -1,
      1415, 1414, 954, -1,
      954, 1414, 955, -1,
      1553, 1348, 1554, -1,
      1554, 1348, 1350, -1,
      1554, 1350, 1555, -1,
      1555, 1350, 1552, -1,
      1555, 1552, 1416, -1,
      1416, 1552, 1415, -1,
      1416, 1415, 951, -1,
      951, 1415, 952, -1,
      949, 948, 1416, -1,
      1416, 948, 1417, -1,
      1416, 1417, 1555, -1,
      1555, 1417, 1476, -1,
      1555, 1476, 1554, -1,
      1554, 1476, 1478, -1,
      1554, 1478, 1553, -1,
      1553, 1478, 1556, -1,
      1347, 1346, 1478, -1,
      1478, 1346, 1557, -1,
      1478, 1557, 1556, -1,
      1558, 1345, 1559, -1,
      1559, 1345, 1347, -1,
      1559, 1347, 1560, -1,
      1560, 1347, 1477, -1,
      1560, 1477, 1419, -1,
      1419, 1477, 1418, -1,
      1419, 1418, 1289, -1,
      1289, 1418, 1290, -1,
      1283, 1282, 1419, -1,
      1419, 1282, 1420, -1,
      1419, 1420, 1560, -1,
      1560, 1420, 1479, -1,
      1560, 1479, 1559, -1,
      1559, 1479, 1481, -1,
      1559, 1481, 1558, -1,
      1558, 1481, 1561, -1,
      1344, 1343, 1481, -1,
      1481, 1343, 1562, -1,
      1481, 1562, 1561, -1,
      1340, 1342, 1341, -1,
      1341, 1342, 1344, -1,
      1341, 1344, 1563, -1,
      1563, 1344, 1480, -1,
      1563, 1480, 1422, -1,
      1422, 1480, 1421, -1,
      1422, 1421, 942, -1,
      942, 1421, 943, -1,
      1564, 1339, 1565, -1,
      1565, 1339, 1341, -1,
      1565, 1341, 1566, -1,
      1566, 1341, 1563, -1,
      1566, 1563, 1423, -1,
      1423, 1563, 1422, -1,
      1423, 1422, 939, -1,
      939, 1422, 940, -1,
      937, 936, 1423, -1,
      1423, 936, 1380, -1,
      1423, 1380, 1566, -1,
      1566, 1380, 1482, -1,
      1566, 1482, 1565, -1,
      1565, 1482, 1484, -1,
      1565, 1484, 1564, -1,
      1564, 1484, 1567, -1,
      1338, 1337, 1484, -1,
      1484, 1337, 1568, -1,
      1484, 1568, 1567, -1,
      1569, 1336, 1570, -1,
      1570, 1336, 1338, -1,
      1570, 1338, 1571, -1,
      1571, 1338, 1483, -1,
      1571, 1483, 1378, -1,
      1378, 1483, 1379, -1,
      1378, 1379, 928, -1,
      928, 1379, 930, -1,
      927, 925, 1378, -1,
      1378, 925, 1377, -1,
      1378, 1377, 1571, -1,
      1571, 1377, 1485, -1,
      1571, 1485, 1570, -1,
      1570, 1485, 1487, -1,
      1570, 1487, 1569, -1,
      1569, 1487, 1572, -1,
      1335, 1334, 1487, -1,
      1487, 1334, 1573, -1,
      1487, 1573, 1572, -1,
      1574, 1333, 1575, -1,
      1575, 1333, 1335, -1,
      1575, 1335, 1576, -1,
      1576, 1335, 1486, -1,
      1576, 1486, 1375, -1,
      1375, 1486, 1376, -1,
      1375, 1376, 919, -1,
      919, 1376, 921, -1,
      918, 1332, 1375, -1,
      1375, 1332, 1577, -1,
      1375, 1577, 1576, -1,
      1576, 1577, 1578, -1,
      1576, 1578, 1575, -1,
      1575, 1578, 1579, -1,
      1575, 1579, 1574, -1,
      1574, 1579, 1580, -1,
      1580, 1581, 1574, -1,
      1574, 1581, 1582, -1,
      1574, 1582, 1333, -1,
      1333, 1582, 1583, -1,
      1333, 1583, 1334, -1,
      1334, 1583, 1584, -1,
      1334, 1584, 1573, -1,
      1573, 1584, 1585, -1,
      1573, 1585, 1572, -1,
      1572, 1585, 1586, -1,
      1572, 1586, 1569, -1,
      1569, 1586, 1587, -1,
      1569, 1587, 1336, -1,
      1336, 1587, 1588, -1,
      1336, 1588, 1337, -1,
      1337, 1588, 1589, -1,
      1337, 1589, 1568, -1,
      1568, 1589, 1590, -1,
      1568, 1590, 1567, -1,
      1567, 1590, 1591, -1,
      1567, 1591, 1564, -1,
      1564, 1591, 1592, -1,
      1564, 1592, 1339, -1,
      1339, 1592, 1593, -1,
      1339, 1593, 1340, -1,
      1340, 1593, 1594, -1,
      1340, 1594, 1342, -1,
      1342, 1594, 1595, -1,
      1342, 1595, 1343, -1,
      1343, 1595, 1596, -1,
      1343, 1596, 1562, -1,
      1562, 1596, 1597, -1,
      1562, 1597, 1561, -1,
      1561, 1597, 1598, -1,
      1561, 1598, 1558, -1,
      1558, 1598, 1599, -1,
      1558, 1599, 1345, -1,
      1345, 1599, 1600, -1,
      1345, 1600, 1346, -1,
      1346, 1600, 1601, -1,
      1346, 1601, 1557, -1,
      1557, 1601, 1602, -1,
      1557, 1602, 1556, -1,
      1556, 1602, 1603, -1,
      1556, 1603, 1553, -1,
      1553, 1603, 1604, -1,
      1553, 1604, 1348, -1,
      1348, 1604, 1605, -1,
      1348, 1605, 1349, -1,
      1349, 1605, 1606, -1,
      1349, 1606, 1351, -1,
      1351, 1606, 1607, -1,
      1351, 1607, 1352, -1,
      1352, 1607, 1608, -1,
      1352, 1608, 1551, -1,
      1551, 1608, 1609, -1,
      1551, 1609, 1550, -1,
      1550, 1609, 1610, -1,
      1550, 1610, 1547, -1,
      1547, 1610, 1611, -1,
      1547, 1611, 1354, -1,
      1354, 1611, 1612, -1,
      1354, 1612, 1355, -1,
      1355, 1612, 1613, -1,
      1355, 1613, 1546, -1,
      1546, 1613, 1614, -1,
      1546, 1614, 1545, -1,
      1545, 1614, 1615, -1,
      1545, 1615, 1542, -1,
      1542, 1615, 1616, -1,
      1542, 1616, 1357, -1,
      1357, 1616, 1617, -1,
      1357, 1617, 1358, -1,
      1358, 1617, 1618, -1,
      1358, 1618, 1360, -1,
      1360, 1618, 1619, -1,
      1360, 1619, 1361, -1,
      1361, 1619, 1620, -1,
      1361, 1620, 1534, -1,
      1534, 1620, 1621, -1,
      1534, 1621, 1535, -1,
      1535, 1621, 1622, -1,
      1535, 1622, 1536, -1,
      1536, 1622, 1623, -1,
      1536, 1623, 1537, -1,
      1537, 1623, 1624, -1,
      1537, 1624, 1538, -1,
      1538, 1624, 1625, -1,
      1538, 1625, 1539, -1,
      1539, 1625, 1626, -1,
      1539, 1626, 1533, -1,
      1533, 1626, 1627, -1,
      1533, 1627, 1530, -1,
      1530, 1627, 1628, -1,
      1530, 1628, 1363, -1,
      1363, 1628, 1629, -1,
      1363, 1629, 1364, -1,
      1364, 1629, 1630, -1,
      1364, 1630, 1529, -1,
      1529, 1630, 1631, -1,
      1529, 1631, 1528, -1,
      1528, 1631, 1632, -1,
      1528, 1632, 1522, -1,
      1522, 1632, 1633, -1,
      1522, 1633, 1523, -1,
      1523, 1633, 1634, -1,
      1523, 1634, 1524, -1,
      1524, 1634, 1635, -1,
      1524, 1635, 1525, -1,
      1525, 1635, 1636, -1,
      1525, 1636, 1526, -1,
      1526, 1636, 1637, -1,
      1526, 1637, 1527, -1,
      1527, 1637, 1638, -1,
      1527, 1638, 1521, -1,
      1521, 1638, 1639, -1,
      1521, 1639, 1518, -1,
      1518, 1639, 1640, -1,
      1518, 1640, 1366, -1,
      1366, 1640, 1641, -1,
      1366, 1641, 1367, -1,
      1367, 1641, 1642, -1,
      1367, 1642, 1517, -1,
      1517, 1642, 1643, -1,
      1517, 1643, 1516, -1,
      1516, 1643, 1644, -1,
      1516, 1644, 1510, -1,
      1510, 1644, 1645, -1,
      1510, 1645, 1511, -1,
      1511, 1645, 1646, -1,
      1511, 1646, 1512, -1,
      1512, 1646, 1647, -1,
      1512, 1647, 1513, -1,
      1513, 1647, 1648, -1,
      1513, 1648, 1514, -1,
      1514, 1648, 1649, -1,
      1514, 1649, 1515, -1,
      1515, 1649, 1650, -1,
      1515, 1650, 1509, -1,
      1509, 1650, 1651, -1,
      1509, 1651, 1506, -1,
      1506, 1651, 1652, -1,
      1506, 1652, 1369, -1,
      1369, 1652, 1653, -1,
      1369, 1653, 1370, -1,
      1370, 1653, 1654, -1,
      1370, 1654, 1505, -1,
      1505, 1654, 1655, -1,
      1505, 1655, 1504, -1,
      1504, 1655, 1656, -1,
      1504, 1656, 1498, -1,
      1498, 1656, 1657, -1,
      1498, 1657, 1499, -1,
      1499, 1657, 1658, -1,
      1499, 1658, 1500, -1,
      1500, 1658, 1659, -1,
      1500, 1659, 1501, -1,
      1501, 1659, 1660, -1,
      1501, 1660, 1502, -1,
      1502, 1660, 1661, -1,
      1502, 1661, 1503, -1,
      1503, 1661, 1662, -1,
      1503, 1662, 1497, -1,
      1497, 1662, 1663, -1,
      1497, 1663, 1494, -1,
      1494, 1663, 1664, -1,
      1494, 1664, 1372, -1,
      1372, 1664, 1665, -1,
      1372, 1665, 1373, -1,
      1373, 1665, 1666, -1,
      1373, 1666, 1493, -1,
      1493, 1666, 1667, -1,
      1493, 1667, 1492, -1,
      1492, 1667, 1668, -1,
      1492, 1668, 1491, -1,
      1491, 1668, 1669, -1,
      1670, 1671, 1672, -1,
      1671, 1673, 1674, -1,
      1673, 1675, 1676, -1,
      1675, 1677, 1678, -1,
      1677, 1679, 1680, -1,
      1665, 1681, 1666, -1,
      1666, 1681, 1682, -1,
      1666, 1682, 1667, -1,
      1667, 1682, 1680, -1,
      1667, 1680, 1668, -1,
      1668, 1680, 1679, -1,
      1668, 1679, 1669, -1,
      1665, 1664, 1681, -1,
      1681, 1664, 1663, -1,
      1681, 1663, 1683, -1,
      1683, 1663, 1662, -1,
      1683, 1662, 1684, -1,
      1684, 1662, 1661, -1,
      1684, 1661, 1685, -1,
      1685, 1661, 1660, -1,
      1660, 1659, 1685, -1,
      1685, 1659, 1658, -1,
      1685, 1658, 1686, -1,
      1686, 1658, 1657, -1,
      1686, 1657, 1687, -1,
      1657, 1656, 1687, -1,
      1687, 1656, 1655, -1,
      1687, 1655, 1688, -1,
      1688, 1655, 1654, -1,
      1688, 1654, 1689, -1,
      1689, 1654, 1653, -1,
      1653, 1652, 1689, -1,
      1689, 1652, 1651, -1,
      1689, 1651, 1690, -1,
      1690, 1651, 1650, -1,
      1690, 1650, 1691, -1,
      1691, 1650, 1649, -1,
      1691, 1649, 1692, -1,
      1692, 1649, 1648, -1,
      1648, 1647, 1692, -1,
      1692, 1647, 1646, -1,
      1692, 1646, 1693, -1,
      1693, 1646, 1645, -1,
      1693, 1645, 1694, -1,
      1645, 1644, 1694, -1,
      1694, 1644, 1643, -1,
      1694, 1643, 1695, -1,
      1643, 1642, 1695, -1,
      1695, 1642, 1641, -1,
      1695, 1641, 1696, -1,
      1641, 1640, 1696, -1,
      1696, 1640, 1639, -1,
      1696, 1639, 1697, -1,
      1697, 1639, 1638, -1,
      1697, 1638, 1698, -1,
      1698, 1638, 1637, -1,
      1698, 1637, 1699, -1,
      1699, 1637, 1636, -1,
      1636, 1635, 1699, -1,
      1699, 1635, 1634, -1,
      1699, 1634, 1700, -1,
      1700, 1634, 1633, -1,
      1700, 1633, 1701, -1,
      1633, 1632, 1701, -1,
      1701, 1632, 1631, -1,
      1701, 1631, 1702, -1,
      1631, 1630, 1702, -1,
      1702, 1630, 1629, -1,
      1702, 1629, 1703, -1,
      1629, 1628, 1703, -1,
      1703, 1628, 1627, -1,
      1703, 1627, 1704, -1,
      1704, 1627, 1626, -1,
      1704, 1626, 1705, -1,
      1705, 1626, 1625, -1,
      1705, 1625, 1706, -1,
      1706, 1625, 1624, -1,
      1624, 1623, 1706, -1,
      1706, 1623, 1622, -1,
      1706, 1622, 1707, -1,
      1707, 1622, 1621, -1,
      1707, 1621, 1708, -1,
      1708, 1621, 1620, -1,
      1708, 1620, 1709, -1,
      1709, 1620, 1619, -1,
      1619, 1618, 1709, -1,
      1709, 1618, 1617, -1,
      1709, 1617, 1710, -1,
      1617, 1616, 1710, -1,
      1710, 1616, 1615, -1,
      1710, 1615, 1711, -1,
      1711, 1615, 1614, -1,
      1711, 1614, 1712, -1,
      1712, 1614, 1613, -1,
      1712, 1613, 1713, -1,
      1713, 1613, 1612, -1,
      1612, 1611, 1713, -1,
      1713, 1611, 1610, -1,
      1713, 1610, 1714, -1,
      1714, 1610, 1609, -1,
      1714, 1609, 1715, -1,
      1715, 1609, 1608, -1,
      1715, 1608, 1716, -1,
      1716, 1608, 1607, -1,
      1607, 1606, 1716, -1,
      1716, 1606, 1605, -1,
      1716, 1605, 1717, -1,
      1605, 1604, 1717, -1,
      1717, 1604, 1603, -1,
      1717, 1603, 1718, -1,
      1718, 1603, 1602, -1,
      1718, 1602, 1719, -1,
      1719, 1602, 1601, -1,
      1719, 1601, 1720, -1,
      1720, 1601, 1600, -1,
      1600, 1599, 1720, -1,
      1720, 1599, 1598, -1,
      1720, 1598, 1721, -1,
      1721, 1598, 1597, -1,
      1721, 1597, 1722, -1,
      1722, 1597, 1596, -1,
      1722, 1596, 1723, -1,
      1723, 1596, 1595, -1,
      1595, 1594, 1723, -1,
      1723, 1594, 1593, -1,
      1723, 1593, 1724, -1,
      1593, 1592, 1724, -1,
      1724, 1592, 1591, -1,
      1724, 1591, 1725, -1,
      1725, 1591, 1590, -1,
      1725, 1590, 1726, -1,
      1726, 1590, 1589, -1,
      1726, 1589, 1727, -1,
      1727, 1589, 1588, -1,
      1588, 1587, 1727, -1,
      1727, 1587, 1586, -1,
      1727, 1586, 1728, -1,
      1728, 1586, 1585, -1,
      1728, 1585, 1729, -1,
      1729, 1585, 1584, -1,
      1729, 1584, 1730, -1,
      1730, 1584, 1583, -1,
      1583, 1582, 1730, -1,
      1730, 1582, 1581, -1,
      1730, 1581, 1731, -1,
      1677, 1680, 1678, -1,
      1678, 1680, 1682, -1,
      1678, 1682, 1732, -1,
      1732, 1682, 1681, -1,
      1732, 1681, 1733, -1,
      1733, 1681, 1683, -1,
      1733, 1683, 1734, -1,
      1734, 1683, 1684, -1,
      1734, 1684, 1735, -1,
      1735, 1684, 1685, -1,
      1735, 1685, 1736, -1,
      1736, 1685, 1686, -1,
      1736, 1686, 1737, -1,
      1737, 1686, 1687, -1,
      1737, 1687, 1738, -1,
      1738, 1687, 1688, -1,
      1738, 1688, 1739, -1,
      1739, 1688, 1689, -1,
      1739, 1689, 1740, -1,
      1740, 1689, 1690, -1,
      1740, 1690, 1741, -1,
      1741, 1690, 1691, -1,
      1741, 1691, 1742, -1,
      1742, 1691, 1692, -1,
      1742, 1692, 1743, -1,
      1743, 1692, 1693, -1,
      1743, 1693, 1744, -1,
      1744, 1693, 1694, -1,
      1744, 1694, 1745, -1,
      1745, 1694, 1695, -1,
      1745, 1695, 1746, -1,
      1746, 1695, 1696, -1,
      1746, 1696, 1747, -1,
      1747, 1696, 1697, -1,
      1747, 1697, 1748, -1,
      1748, 1697, 1698, -1,
      1748, 1698, 1749, -1,
      1749, 1698, 1699, -1,
      1749, 1699, 1750, -1,
      1750, 1699, 1700, -1,
      1750, 1700, 1751, -1,
      1751, 1700, 1701, -1,
      1751, 1701, 1752, -1,
      1752, 1701, 1702, -1,
      1752, 1702, 1753, -1,
      1753, 1702, 1703, -1,
      1753, 1703, 1754, -1,
      1754, 1703, 1704, -1,
      1754, 1704, 1755, -1,
      1755, 1704, 1705, -1,
      1755, 1705, 1756, -1,
      1756, 1705, 1706, -1,
      1756, 1706, 1757, -1,
      1757, 1706, 1707, -1,
      1757, 1707, 1758, -1,
      1758, 1707, 1708, -1,
      1758, 1708, 1759, -1,
      1759, 1708, 1709, -1,
      1759, 1709, 1760, -1,
      1760, 1709, 1710, -1,
      1760, 1710, 1761, -1,
      1761, 1710, 1711, -1,
      1761, 1711, 1762, -1,
      1762, 1711, 1712, -1,
      1762, 1712, 1763, -1,
      1763, 1712, 1713, -1,
      1763, 1713, 1764, -1,
      1764, 1713, 1714, -1,
      1764, 1714, 1765, -1,
      1765, 1714, 1715, -1,
      1765, 1715, 1766, -1,
      1766, 1715, 1716, -1,
      1766, 1716, 1767, -1,
      1767, 1716, 1717, -1,
      1767, 1717, 1768, -1,
      1768, 1717, 1718, -1,
      1768, 1718, 1769, -1,
      1769, 1718, 1719, -1,
      1769, 1719, 1770, -1,
      1770, 1719, 1720, -1,
      1770, 1720, 1771, -1,
      1771, 1720, 1721, -1,
      1771, 1721, 1772, -1,
      1772, 1721, 1722, -1,
      1772, 1722, 1773, -1,
      1773, 1722, 1723, -1,
      1773, 1723, 1774, -1,
      1774, 1723, 1724, -1,
      1774, 1724, 1775, -1,
      1775, 1724, 1725, -1,
      1775, 1725, 1776, -1,
      1776, 1725, 1726, -1,
      1776, 1726, 1777, -1,
      1777, 1726, 1727, -1,
      1777, 1727, 1778, -1,
      1778, 1727, 1728, -1,
      1778, 1728, 1779, -1,
      1779, 1728, 1729, -1,
      1779, 1729, 1780, -1,
      1780, 1729, 1730, -1,
      1780, 1730, 1781, -1,
      1781, 1730, 1731, -1,
      1781, 1731, 1782, -1,
      1675, 1678, 1676, -1,
      1676, 1678, 1732, -1,
      1676, 1732, 1783, -1,
      1783, 1732, 1733, -1,
      1783, 1733, 1784, -1,
      1784, 1733, 1734, -1,
      1784, 1734, 1785, -1,
      1785, 1734, 1735, -1,
      1785, 1735, 1786, -1,
      1786, 1735, 1736, -1,
      1786, 1736, 1787, -1,
      1787, 1736, 1737, -1,
      1787, 1737, 1788, -1,
      1788, 1737, 1738, -1,
      1788, 1738, 1789, -1,
      1789, 1738, 1739, -1,
      1789, 1739, 1790, -1,
      1790, 1739, 1740, -1,
      1790, 1740, 1791, -1,
      1791, 1740, 1741, -1,
      1791, 1741, 1792, -1,
      1792, 1741, 1742, -1,
      1792, 1742, 1793, -1,
      1793, 1742, 1743, -1,
      1793, 1743, 1794, -1,
      1794, 1743, 1744, -1,
      1794, 1744, 1795, -1,
      1795, 1744, 1745, -1,
      1795, 1745, 1796, -1,
      1796, 1745, 1746, -1,
      1796, 1746, 1797, -1,
      1797, 1746, 1747, -1,
      1797, 1747, 1798, -1,
      1798, 1747, 1748, -1,
      1798, 1748, 1799, -1,
      1799, 1748, 1749, -1,
      1799, 1749, 1800, -1,
      1800, 1749, 1750, -1,
      1800, 1750, 1801, -1,
      1801, 1750, 1751, -1,
      1801, 1751, 1802, -1,
      1802, 1751, 1752, -1,
      1802, 1752, 1803, -1,
      1803, 1752, 1753, -1,
      1803, 1753, 1804, -1,
      1804, 1753, 1754, -1,
      1804, 1754, 1805, -1,
      1805, 1754, 1755, -1,
      1805, 1755, 1806, -1,
      1806, 1755, 1756, -1,
      1806, 1756, 1807, -1,
      1807, 1756, 1757, -1,
      1807, 1757, 1808, -1,
      1808, 1757, 1758, -1,
      1808, 1758, 1809, -1,
      1809, 1758, 1759, -1,
      1809, 1759, 1810, -1,
      1810, 1759, 1760, -1,
      1810, 1760, 1811, -1,
      1811, 1760, 1761, -1,
      1811, 1761, 1812, -1,
      1812, 1761, 1762, -1,
      1812, 1762, 1813, -1,
      1813, 1762, 1763, -1,
      1813, 1763, 1814, -1,
      1814, 1763, 1764, -1,
      1814, 1764, 1815, -1,
      1815, 1764, 1765, -1,
      1815, 1765, 1816, -1,
      1816, 1765, 1766, -1,
      1816, 1766, 1817, -1,
      1817, 1766, 1767, -1,
      1817, 1767, 1818, -1,
      1818, 1767, 1768, -1,
      1818, 1768, 1819, -1,
      1819, 1768, 1769, -1,
      1819, 1769, 1820, -1,
      1820, 1769, 1770, -1,
      1820, 1770, 1821, -1,
      1821, 1770, 1771, -1,
      1821, 1771, 1822, -1,
      1822, 1771, 1772, -1,
      1822, 1772, 1823, -1,
      1823, 1772, 1773, -1,
      1823, 1773, 1824, -1,
      1824, 1773, 1774, -1,
      1824, 1774, 1825, -1,
      1825, 1774, 1775, -1,
      1825, 1775, 1826, -1,
      1826, 1775, 1776, -1,
      1826, 1776, 1827, -1,
      1827, 1776, 1777, -1,
      1827, 1777, 1828, -1,
      1828, 1777, 1778, -1,
      1828, 1778, 1829, -1,
      1829, 1778, 1779, -1,
      1829, 1779, 1830, -1,
      1830, 1779, 1780, -1,
      1830, 1780, 1831, -1,
      1831, 1780, 1781, -1,
      1831, 1781, 1832, -1,
      1832, 1781, 1782, -1,
      1832, 1782, 1833, -1,
      1673, 1676, 1674, -1,
      1674, 1676, 1783, -1,
      1674, 1783, 1834, -1,
      1834, 1783, 1784, -1,
      1834, 1784, 1835, -1,
      1835, 1784, 1785, -1,
      1835, 1785, 1836, -1,
      1836, 1785, 1786, -1,
      1836, 1786, 1837, -1,
      1837, 1786, 1787, -1,
      1837, 1787, 1838, -1,
      1838, 1787, 1788, -1,
      1838, 1788, 1839, -1,
      1839, 1788, 1789, -1,
      1839, 1789, 1840, -1,
      1840, 1789, 1790, -1,
      1840, 1790, 1841, -1,
      1841, 1790, 1791, -1,
      1841, 1791, 1842, -1,
      1842, 1791, 1792, -1,
      1842, 1792, 1843, -1,
      1843, 1792, 1793, -1,
      1843, 1793, 1844, -1,
      1844, 1793, 1794, -1,
      1844, 1794, 1845, -1,
      1845, 1794, 1795, -1,
      1845, 1795, 1846, -1,
      1846, 1795, 1796, -1,
      1846, 1796, 1847, -1,
      1847, 1796, 1797, -1,
      1847, 1797, 1848, -1,
      1848, 1797, 1798, -1,
      1848, 1798, 1849, -1,
      1849, 1798, 1799, -1,
      1849, 1799, 1850, -1,
      1850, 1799, 1800, -1,
      1850, 1800, 1851, -1,
      1851, 1800, 1801, -1,
      1851, 1801, 1852, -1,
      1852, 1801, 1802, -1,
      1852, 1802, 1853, -1,
      1853, 1802, 1803, -1,
      1853, 1803, 1854, -1,
      1854, 1803, 1804, -1,
      1854, 1804, 1855, -1,
      1855, 1804, 1805, -1,
      1855, 1805, 1856, -1,
      1856, 1805, 1806, -1,
      1856, 1806, 1857, -1,
      1857, 1806, 1807, -1,
      1857, 1807, 1858, -1,
      1858, 1807, 1808, -1,
      1858, 1808, 1859, -1,
      1859, 1808, 1809, -1,
      1859, 1809, 1860, -1,
      1860, 1809, 1810, -1,
      1860, 1810, 1861, -1,
      1861, 1810, 1811, -1,
      1861, 1811, 1862, -1,
      1862, 1811, 1812, -1,
      1862, 1812, 1863, -1,
      1863, 1812, 1813, -1,
      1863, 1813, 1864, -1,
      1864, 1813, 1814, -1,
      1864, 1814, 1865, -1,
      1865, 1814, 1815, -1,
      1865, 1815, 1866, -1,
      1866, 1815, 1816, -1,
      1866, 1816, 1867, -1,
      1867, 1816, 1817, -1,
      1867, 1817, 1868, -1,
      1868, 1817, 1818, -1,
      1868, 1818, 1869, -1,
      1869, 1818, 1819, -1,
      1869, 1819, 1870, -1,
      1870, 1819, 1820, -1,
      1870, 1820, 1871, -1,
      1871, 1820, 1821, -1,
      1871, 1821, 1872, -1,
      1872, 1821, 1822, -1,
      1872, 1822, 1873, -1,
      1873, 1822, 1823, -1,
      1873, 1823, 1874, -1,
      1874, 1823, 1824, -1,
      1874, 1824, 1875, -1,
      1875, 1824, 1825, -1,
      1875, 1825, 1876, -1,
      1876, 1825, 1826, -1,
      1876, 1826, 1877, -1,
      1877, 1826, 1827, -1,
      1877, 1827, 1878, -1,
      1878, 1827, 1828, -1,
      1878, 1828, 1879, -1,
      1879, 1828, 1829, -1,
      1879, 1829, 1880, -1,
      1880, 1829, 1830, -1,
      1880, 1830, 1881, -1,
      1881, 1830, 1831, -1,
      1881, 1831, 1882, -1,
      1882, 1831, 1832, -1,
      1882, 1832, 1883, -1,
      1883, 1832, 1833, -1,
      1883, 1833, 1884, -1,
      1671, 1674, 1672, -1,
      1672, 1674, 1834, -1,
      1672, 1834, 1885, -1,
      1885, 1834, 1835, -1,
      1885, 1835, 1886, -1,
      1886, 1835, 1836, -1,
      1886, 1836, 1887, -1,
      1887, 1836, 1837, -1,
      1887, 1837, 1888, -1,
      1888, 1837, 1838, -1,
      1888, 1838, 1889, -1,
      1889, 1838, 1839, -1,
      1889, 1839, 1890, -1,
      1890, 1839, 1840, -1,
      1890, 1840, 1891, -1,
      1891, 1840, 1841, -1,
      1891, 1841, 1892, -1,
      1892, 1841, 1842, -1,
      1892, 1842, 1893, -1,
      1893, 1842, 1843, -1,
      1893, 1843, 1894, -1,
      1894, 1843, 1844, -1,
      1894, 1844, 1895, -1,
      1895, 1844, 1845, -1,
      1895, 1845, 1896, -1,
      1896, 1845, 1846, -1,
      1896, 1846, 1897, -1,
      1897, 1846, 1847, -1,
      1897, 1847, 1898, -1,
      1898, 1847, 1848, -1,
      1898, 1848, 1899, -1,
      1899, 1848, 1849, -1,
      1899, 1849, 1900, -1,
      1900, 1849, 1850, -1,
      1900, 1850, 1901, -1,
      1901, 1850, 1851, -1,
      1901, 1851, 1902, -1,
      1902, 1851, 1852, -1,
      1902, 1852, 1903, -1,
      1903, 1852, 1853, -1,
      1903, 1853, 1904, -1,
      1904, 1853, 1854, -1,
      1904, 1854, 1905, -1,
      1905, 1854, 1855, -1,
      1905, 1855, 1906, -1,
      1906, 1855, 1856, -1,
      1906, 1856, 1907, -1,
      1907, 1856, 1857, -1,
      1907, 1857, 1908, -1,
      1908, 1857, 1858, -1,
      1908, 1858, 1909, -1,
      1909, 1858, 1859, -1,
      1909, 1859, 1910, -1,
      1910, 1859, 1860, -1,
      1910, 1860, 1911, -1,
      1911, 1860, 1861, -1,
      1911, 1861, 1912, -1,
      1912, 1861, 1862, -1,
      1912, 1862, 1913, -1,
      1913, 1862, 1863, -1,
      1913, 1863, 1914, -1,
      1914, 1863, 1864, -1,
      1914, 1864, 1915, -1,
      1915, 1864, 1865, -1,
      1915, 1865, 1916, -1,
      1916, 1865, 1866, -1,
      1916, 1866, 1917, -1,
      1917, 1866, 1867, -1,
      1917, 1867, 1918, -1,
      1918, 1867, 1868, -1,
      1918, 1868, 1919, -1,
      1919, 1868, 1869, -1,
      1919, 1869, 1920, -1,
      1920, 1869, 1870, -1,
      1920, 1870, 1921, -1,
      1921, 1870, 1871, -1,
      1921, 1871, 1922, -1,
      1922, 1871, 1872, -1,
      1922, 1872, 1923, -1,
      1923, 1872, 1873, -1,
      1923, 1873, 1924, -1,
      1924, 1873, 1874, -1,
      1924, 1874, 1925, -1,
      1925, 1874, 1875, -1,
      1925, 1875, 1926, -1,
      1926, 1875, 1876, -1,
      1926, 1876, 1927, -1,
      1927, 1876, 1877, -1,
      1927, 1877, 1928, -1,
      1928, 1877, 1878, -1,
      1928, 1878, 1929, -1,
      1929, 1878, 1879, -1,
      1929, 1879, 1930, -1,
      1930, 1879, 1880, -1,
      1930, 1880, 1931, -1,
      1931, 1880, 1881, -1,
      1931, 1881, 1932, -1,
      1932, 1881, 1882, -1,
      1932, 1882, 1933, -1,
      1933, 1882, 1883, -1,
      1933, 1883, 1934, -1,
      1934, 1883, 1884, -1,
      1934, 1884, 1935, -1,
      1670, 1672, 1936, -1,
      1936, 1672, 1885, -1,
      1936, 1885, 1937, -1,
      1937, 1885, 1886, -1,
      1937, 1886, 1938, -1,
      1938, 1886, 1887, -1,
      1938, 1887, 1939, -1,
      1939, 1887, 1888, -1,
      1939, 1888, 1940, -1,
      1940, 1888, 1889, -1,
      1940, 1889, 1941, -1,
      1941, 1889, 1890, -1,
      1941, 1890, 1942, -1,
      1942, 1890, 1891, -1,
      1942, 1891, 1943, -1,
      1943, 1891, 1892, -1,
      1943, 1892, 1944, -1,
      1944, 1892, 1893, -1,
      1944, 1893, 1945, -1,
      1945, 1893, 1894, -1,
      1945, 1894, 1946, -1,
      1946, 1894, 1895, -1,
      1946, 1895, 1947, -1,
      1947, 1895, 1896, -1,
      1947, 1896, 1948, -1,
      1948, 1896, 1897, -1,
      1948, 1897, 1949, -1,
      1949, 1897, 1898, -1,
      1949, 1898, 1950, -1,
      1950, 1898, 1899, -1,
      1950, 1899, 1951, -1,
      1951, 1899, 1900, -1,
      1951, 1900, 1952, -1,
      1952, 1900, 1901, -1,
      1952, 1901, 1953, -1,
      1953, 1901, 1902, -1,
      1953, 1902, 1954, -1,
      1954, 1902, 1903, -1,
      1954, 1903, 1955, -1,
      1955, 1903, 1904, -1,
      1955, 1904, 1956, -1,
      1956, 1904, 1905, -1,
      1956, 1905, 1957, -1,
      1957, 1905, 1906, -1,
      1957, 1906, 1958, -1,
      1958, 1906, 1907, -1,
      1958, 1907, 1959, -1,
      1959, 1907, 1908, -1,
      1959, 1908, 1960, -1,
      1960, 1908, 1909, -1,
      1960, 1909, 1961, -1,
      1961, 1909, 1910, -1,
      1961, 1910, 1962, -1,
      1962, 1910, 1911, -1,
      1962, 1911, 1963, -1,
      1963, 1911, 1912, -1,
      1963, 1912, 1964, -1,
      1964, 1912, 1913, -1,
      1964, 1913, 1965, -1,
      1965, 1913, 1914, -1,
      1965, 1914, 1966, -1,
      1966, 1914, 1915, -1,
      1966, 1915, 1967, -1,
      1967, 1915, 1916, -1,
      1967, 1916, 1968, -1,
      1968, 1916, 1917, -1,
      1968, 1917, 1969, -1,
      1969, 1917, 1918, -1,
      1969, 1918, 1970, -1,
      1970, 1918, 1919, -1,
      1970, 1919, 1971, -1,
      1971, 1919, 1920, -1,
      1971, 1920, 1972, -1,
      1972, 1920, 1921, -1,
      1972, 1921, 1973, -1,
      1973, 1921, 1922, -1,
      1973, 1922, 1974, -1,
      1974, 1922, 1923, -1,
      1974, 1923, 1975, -1,
      1975, 1923, 1924, -1,
      1975, 1924, 1976, -1,
      1976, 1924, 1925, -1,
      1976, 1925, 1977, -1,
      1977, 1925, 1926, -1,
      1977, 1926, 1978, -1,
      1978, 1926, 1927, -1,
      1978, 1927, 1979, -1,
      1979, 1927, 1928, -1,
      1979, 1928, 1980, -1,
      1980, 1928, 1929, -1,
      1980, 1929, 1981, -1,
      1981, 1929, 1930, -1,
      1981, 1930, 1982, -1,
      1982, 1930, 1931, -1,
      1982, 1931, 1983, -1,
      1983, 1931, 1932, -1,
      1983, 1932, 1984, -1,
      1984, 1932, 1933, -1,
      1984, 1933, 1985, -1,
      1985, 1933, 1934, -1,
      1985, 1934, 1986, -1,
      1986, 1934, 1935, -1,
      1986, 1935, 1987, -1,
      1988, 1968, 1989, -1,
      1989, 1968, 1969, -1,
      1989, 1969, 1990, -1,
      1991, 1966, 1988, -1,
      1988, 1966, 1967, -1,
      1988, 1967, 1968, -1,
      1961, 1992, 1993, -1,
      1994, 1959, 1993, -1,
      1993, 1959, 1960, -1,
      1993, 1960, 1961, -1,
      1995, 1978, 1996, -1,
      1996, 1978, 1979, -1,
      1996, 1979, 1997, -1,
      1961, 1962, 1992, -1,
      1992, 1962, 1963, -1,
      1992, 1963, 1998, -1,
      1998, 1963, 1964, -1,
      1998, 1964, 1991, -1,
      1991, 1964, 1965, -1,
      1991, 1965, 1966, -1,
      1999, 1956, 2000, -1,
      2000, 1956, 1957, -1,
      2000, 1957, 1994, -1,
      1994, 1957, 1958, -1,
      1994, 1958, 1959, -1,
      2001, 1946, 2002, -1,
      2002, 1946, 1947, -1,
      2002, 1947, 2003, -1,
      2004, 2005, 1942, -1,
      1987, 2006, 1986, -1,
      1986, 2006, 2007, -1,
      2008, 1983, 2009, -1,
      2009, 1983, 1984, -1,
      2009, 1984, 2007, -1,
      2007, 1984, 1985, -1,
      2007, 1985, 1986, -1,
      2010, 1976, 1995, -1,
      1995, 1976, 1977, -1,
      1995, 1977, 1978, -1,
      2011, 1973, 2012, -1,
      2012, 1973, 1974, -1,
      2012, 1974, 2010, -1,
      2010, 1974, 1975, -1,
      2010, 1975, 1976, -1,
      1969, 1970, 1990, -1,
      1990, 1970, 1971, -1,
      1990, 1971, 2011, -1,
      2011, 1971, 1972, -1,
      2011, 1972, 1973, -1,
      2013, 1954, 1999, -1,
      1999, 1954, 1955, -1,
      1999, 1955, 1956, -1,
      2014, 1951, 2015, -1,
      2015, 1951, 1952, -1,
      2015, 1952, 2013, -1,
      2013, 1952, 1953, -1,
      2013, 1953, 1954, -1,
      1947, 1948, 2003, -1,
      2003, 1948, 1949, -1,
      2003, 1949, 2014, -1,
      2014, 1949, 1950, -1,
      2014, 1950, 1951, -1,
      1979, 1980, 1997, -1,
      1997, 1980, 1981, -1,
      1997, 1981, 2008, -1,
      2008, 1981, 1982, -1,
      2008, 1982, 1983, -1,
      1942, 2005, 1941, -1,
      1941, 2005, 2016, -1,
      1941, 2016, 1940, -1,
      1942, 1943, 2004, -1,
      2004, 1943, 1944, -1,
      2004, 1944, 2001, -1,
      2001, 1944, 1945, -1,
      2001, 1945, 1946, -1,
      1940, 2016, 1939, -1,
      1939, 2016, 2017, -1,
      1939, 2017, 1938, -1,
      1938, 2017, 1937, -1,
      1937, 2017, 2018, -1,
      1937, 2018, 1936, -1,
      1936, 2018, 2019, -1,
      1936, 2019, 1670, -1,
      2006, 69, 2007, -1,
      2007, 69, 68, -1,
      2007, 68, 2009, -1,
      2009, 68, 67, -1,
      2009, 67, 2008, -1,
      2008, 67, 63, -1,
      2008, 63, 1997, -1,
      1997, 63, 62, -1,
      62, 73, 1997, -1,
      1997, 73, 72, -1,
      1997, 72, 1996, -1,
      1996, 72, 85, -1,
      1996, 85, 1995, -1,
      1995, 85, 84, -1,
      1995, 84, 2010, -1,
      2010, 84, 81, -1,
      2010, 81, 2012, -1,
      2012, 81, 80, -1,
      2012, 80, 2011, -1,
      2011, 80, 79, -1,
      2011, 79, 1990, -1,
      1990, 79, 75, -1,
      1990, 75, 1989, -1,
      1989, 75, 74, -1,
      1989, 74, 1988, -1,
      1988, 74, 83, -1,
      1988, 83, 1991, -1,
      1991, 83, 82, -1,
      1991, 82, 1998, -1,
      1998, 82, 78, -1,
      1998, 78, 1992, -1,
      78, 77, 1992, -1,
      1992, 77, 76, -1,
      1992, 76, 1993, -1,
      76, 61, 1993, -1,
      1993, 61, 60, -1,
      1993, 60, 1994, -1,
      1994, 60, 59, -1,
      1994, 59, 2000, -1,
      2000, 59, 58, -1,
      2000, 58, 1999, -1,
      1999, 58, 57, -1,
      1999, 57, 2013, -1,
      2013, 57, 56, -1,
      2013, 56, 2015, -1,
      2015, 56, 55, -1,
      2015, 55, 2014, -1,
      2014, 55, 54, -1,
      2014, 54, 2003, -1,
      2003, 54, 53, -1,
      2003, 53, 2002, -1,
      2002, 53, 52, -1,
      2002, 52, 2001, -1,
      2001, 52, 51, -1,
      2001, 51, 2004, -1,
      2004, 51, 50, -1,
      2004, 50, 2005, -1,
      2005, 50, 49, -1,
      49, 48, 2005, -1,
      2005, 48, 71, -1,
      2005, 71, 2016, -1,
      2016, 71, 70, -1,
      2016, 70, 2017, -1,
      2017, 70, 64, -1,
      2017, 64, 2018, -1,
      2018, 64, 65, -1,
      2018, 65, 2019, -1,
      2019, 65, 66, -1,
      9, 2020, 10, -1,
      10, 2020, 2021, -1,
      10, 2021, 8, -1,
      8, 2021, 2022, -1,
      8, 2022, 7, -1,
      7, 2022, 2023, -1,
      7, 2023, 6, -1,
      6, 2023, 2024, -1,
      6, 2024, 4, -1,
      4, 2024, 2025, -1,
      4, 2025, 5, -1,
      5, 2025, 47, -1,
      47, 2025, 2026, -1,
      47, 2026, 42, -1,
      42, 2026, 2027, -1,
      42, 2027, 43, -1,
      2028, 45, 2027, -1,
      2027, 45, 44, -1,
      2027, 44, 43, -1,
      2029, 40, 2030, -1,
      2030, 40, 39, -1,
      2030, 39, 2031, -1,
      2031, 39, 38, -1,
      2031, 38, 2032, -1,
      2032, 38, 37, -1,
      2032, 37, 2028, -1,
      2028, 37, 46, -1,
      2028, 46, 45, -1,
      2033, 1, 2034, -1,
      2034, 1, 0, -1,
      2034, 0, 2029, -1,
      2029, 0, 41, -1,
      2029, 41, 40, -1,
      32, 36, 2035, -1,
      2035, 36, 35, -1,
      2035, 35, 2033, -1,
      2033, 35, 34, -1,
      2033, 34, 1, -1,
      32, 2035, 33, -1,
      33, 2035, 2036, -1,
      33, 2036, 31, -1,
      31, 2036, 30, -1,
      30, 2036, 2037, -1,
      30, 2037, 25, -1,
      2038, 28, 2039, -1,
      2039, 28, 27, -1,
      2039, 27, 2037, -1,
      2037, 27, 26, -1,
      2037, 26, 25, -1,
      2040, 24, 2041, -1,
      2041, 24, 23, -1,
      2041, 23, 2042, -1,
      2042, 23, 22, -1,
      2042, 22, 2043, -1,
      2043, 22, 21, -1,
      2043, 21, 2038, -1,
      2038, 21, 29, -1,
      2038, 29, 28, -1,
      2044, 19, 2040, -1,
      2040, 19, 20, -1,
      2040, 20, 24, -1,
      2045, 17, 2044, -1,
      2044, 17, 18, -1,
      2044, 18, 19, -1,
      2046, 3, 2045, -1,
      2045, 3, 2, -1,
      2045, 2, 17, -1,
      2047, 14, 2048, -1,
      2048, 14, 15, -1,
      2048, 15, 2049, -1,
      2049, 15, 13, -1,
      2049, 13, 2050, -1,
      2050, 13, 12, -1,
      2050, 12, 2051, -1,
      2051, 12, 11, -1,
      2051, 11, 2046, -1,
      2046, 11, 16, -1,
      2046, 16, 3, -1,
      2029, 487, 2034, -1,
      2034, 487, 480, -1,
      2034, 480, 2033, -1,
      2036, 456, 2037, -1,
      2037, 456, 296, -1,
      2037, 296, 2039, -1,
      2030, 318, 2029, -1,
      2029, 318, 317, -1,
      2029, 317, 487, -1,
      2026, 527, 2027, -1,
      2027, 527, 329, -1,
      2027, 329, 2028, -1,
      2022, 2021, 362, -1,
      2045, 252, 2046, -1,
      2046, 252, 251, -1,
      2046, 251, 2051, -1,
      296, 295, 2039, -1,
      2039, 295, 443, -1,
      2039, 443, 2038, -1,
      362, 2021, 559, -1,
      559, 2021, 2020, -1,
      559, 2020, 560, -1,
      372, 2047, 229, -1,
      229, 2047, 2048, -1,
      2050, 240, 2049, -1,
      2049, 240, 387, -1,
      2049, 387, 2048, -1,
      2048, 387, 230, -1,
      2048, 230, 229, -1,
      251, 397, 2051, -1,
      2051, 397, 396, -1,
      2051, 396, 2050, -1,
      2050, 396, 241, -1,
      2050, 241, 240, -1,
      2044, 262, 2045, -1,
      2045, 262, 410, -1,
      2045, 410, 252, -1,
      443, 442, 2038, -1,
      2038, 442, 285, -1,
      2038, 285, 2043, -1,
      2043, 285, 284, -1,
      2043, 284, 2042, -1,
      2035, 307, 2036, -1,
      2036, 307, 306, -1,
      2036, 306, 456, -1,
      2032, 506, 2031, -1,
      2031, 506, 497, -1,
      2031, 497, 2030, -1,
      2030, 497, 496, -1,
      2030, 496, 318, -1,
      2025, 340, 2026, -1,
      2026, 340, 339, -1,
      2026, 339, 527, -1,
      2023, 350, 2024, -1,
      2024, 350, 541, -1,
      2024, 541, 2025, -1,
      2025, 541, 534, -1,
      2025, 534, 340, -1,
      2041, 420, 2040, -1,
      2040, 420, 419, -1,
      2040, 419, 2044, -1,
      2044, 419, 263, -1,
      2044, 263, 262, -1,
      284, 433, 2042, -1,
      2042, 433, 274, -1,
      2042, 274, 2041, -1,
      2041, 274, 273, -1,
      2041, 273, 420, -1,
      480, 475, 2033, -1,
      2033, 475, 466, -1,
      2033, 466, 2035, -1,
      2035, 466, 465, -1,
      2035, 465, 307, -1,
      329, 328, 2028, -1,
      2028, 328, 518, -1,
      2028, 518, 2032, -1,
      2032, 518, 511, -1,
      2032, 511, 506, -1,
      362, 361, 2022, -1,
      2022, 361, 550, -1,
      2022, 550, 2023, -1,
      2023, 550, 351, -1,
      2023, 351, 350, -1,
    ]
  }
}

Shape {
  appearance Appearance {
    material Material {
      diffuseColor 0.7373 0.8627 0.9216
      specularColor 0.3686 0.4314 0.4588
      ambientIntensity 0.2
      transparency 0.0000
      shininess 0.5
    }
  }
  geometry IndexedFaceSet {
    ccw TRUE
    solid FALSE
    coord DEF co Coordinate {
      point [
        1.701846 -0.399165 0.039370,
        1.652558 -0.554542 0.039370,
        1.620746 -0.654824 0.039370,
        1.624397 -0.656299 0.039370,
        1.729450 -0.220857 0.039370,
        1.735396 -0.182447 0.039370,
        1.742880 -0.134107 0.039370,
        1.742880 0.081621 0.039370,
        1.714585 0.316881 0.039370,
        1.742880 0.134107 0.039370,
        1.701846 0.399165 0.039370,
        1.620746 0.654824 0.039370,
        1.685304 0.451315 0.039370,
        1.624397 0.656299 0.039370,
        1.620746 -0.654824 7.834646,
        1.620746 0.654824 7.834646,
        1.624397 0.656299 7.834646,
        1.624397 -0.656299 7.834646,
        1.701846 0.399165 7.834646,
        1.742880 0.134107 7.834646,
        1.742880 -0.134107 7.834646,
        1.701846 -0.399165 7.834646,
        2.285107 -0.923243 5.384522,
        2.285107 -0.923243 5.288745,
        2.384259 -0.624017 5.177311,
        2.444408 -0.314581 4.963031,
        2.464563 -0.004180 4.748081,
        2.464300 -0.000015 4.750948,
        2.444408 0.314581 4.967511,
        2.384259 0.624017 5.180522,
        2.285107 0.923243 5.290911,
        2.285107 0.923243 5.386504,
        2.285107 -0.923243 1.424423,
        2.363076 -0.699975 1.424423,
        2.441911 -0.314219 1.424423,
        2.381809 -0.623417 1.424423,
        2.419286 -0.470261 1.424423,
        2.441911 0.314219 1.424423,
        2.453220 0.236218 1.424423,
        2.464567 0.000000 1.424423,
        2.453220 -0.236218 1.424423,
        2.419286 0.470261 1.424423,
        2.285107 0.923243 1.424423,
        2.363076 0.699975 1.424423,
        2.381809 0.623417 1.424423,
        2.463335 0.077915 6.167436,
        2.462524 0.100319 6.182899,
        2.464237 0.040344 6.152066,
        2.461376 0.125369 6.208988,
        2.460769 0.136777 6.226239,
        2.460184 0.146909 6.247565,
        2.460270 -0.145469 6.243968,
        2.461089 -0.130885 6.216717,
        2.462052 -0.111315 6.192896,
        2.463013 -0.087491 6.173350,
        2.463831 -0.060223 6.158780,
        2.464374 -0.030790 6.149850,
        2.464567 0.000000 6.146811,
        2.461376 -0.125369 6.842470,
        2.460769 -0.136777 6.825220,
        2.460184 -0.146909 6.803894,
        2.459722 -0.154456 6.777883,
        2.464237 -0.040344 6.899393,
        2.463335 -0.077915 6.884023,
        2.462524 -0.100319 6.868561,
        2.459531 -0.157480 6.747168,
        2.459531 -0.157480 6.304291,
        2.459724 -0.154420 6.273396,
        2.459722 0.154456 6.273577,
        2.459531 0.157480 6.304291,
        2.459531 0.157480 6.747168,
        2.463013 0.087491 6.878109,
        2.463831 0.060223 6.892678,
        2.464374 0.030790 6.901609,
        2.464567 0.000000 6.904648,
        2.459724 0.154420 6.778062,
        2.460270 0.145469 6.807491,
        2.461089 0.130885 6.834742,
        2.462052 0.111315 6.858564,
        2.062437 0.833278 -0.000000,
        2.119123 0.856181 0.008049,
        2.171946 0.877523 0.031648,
        2.217307 0.895850 0.069187,
        2.252113 0.909913 0.118110,
        2.273993 0.918753 0.175082,
        2.281456 0.921768 0.236220,
        2.062437 -0.833278 -0.000000,
        2.119123 -0.856181 0.008049,
        2.171946 -0.877523 0.031648,
        2.217307 -0.895850 0.069187,
        2.252113 -0.909913 0.118110,
        2.273993 -0.918753 0.175082,
        2.281456 -0.921768 0.236220,
        2.281456 0.921768 0.544081,
        2.281456 -0.921768 0.544081,
        2.276633 0.919819 0.593385,
        2.262373 0.914058 0.640518,
        2.239307 0.904739 0.683402,
        2.208450 0.892272 0.720150,
        2.276633 -0.919819 0.593385,
        2.262373 -0.914058 0.640518,
        2.239307 -0.904739 0.683402,
        2.208450 -0.892272 0.720150,
        2.156464 0.871268 0.783959,
        2.156464 -0.871268 1.184545,
        2.120052 -0.856557 1.109226,
        2.101309 -0.848984 1.026723,
        2.101309 -0.848984 0.941781,
        2.120052 -0.856557 0.859279,
        2.156464 -0.871268 0.783959,
        2.120052 0.856557 0.859279,
        2.101309 0.848984 0.941781,
        2.101309 0.848984 1.026723,
        2.120052 0.856557 1.109226,
        2.156464 0.871268 1.184545,
        2.208450 0.892272 1.248354,
        2.208450 -0.892272 1.248354,
        2.239307 0.904739 1.285102,
        2.262373 0.914058 1.327986,
        2.276633 0.919819 1.375119,
        2.281456 0.921768 1.424423,
        2.239307 -0.904739 1.285102,
        2.262373 -0.914058 1.327986,
        2.276633 -0.919819 1.375119,
        2.281456 -0.921768 1.424423,
        2.281456 -0.921768 7.637796,
        2.281456 0.921768 7.637796,
        2.062437 0.833278 7.874016,
        2.119123 0.856181 7.865967,
        2.171946 0.877523 7.842368,
        2.217307 0.895850 7.804829,
        2.252113 0.909913 7.755906,
        2.273993 0.918753 7.698933,
        2.273993 -0.918753 7.698933,
        2.252113 -0.909913 7.755906,
        2.217307 -0.895850 7.804829,
        2.171946 -0.877523 7.842368,
        2.119123 -0.856181 7.865967,
        2.062437 -0.833278 7.874016,
        1.624397 -0.656299 7.874016,
        1.624397 0.656299 7.874016,
        1.624397 -0.656299 0.000000,
        1.624397 0.656299 0.000000,
        1.620746 0.654824 7.877953,
        1.701846 0.399165 7.877953,
        1.742880 0.134107 7.877953,
        1.742880 -0.134107 7.877953,
        1.701846 -0.399165 7.877953,
        1.620746 -0.654824 7.877953,
        1.620746 0.654824 -0.003937,
        1.701846 0.399165 -0.003937,
        1.742880 0.134107 -0.003937,
        1.742880 -0.134107 -0.003937,
        1.701846 -0.399165 -0.003937,
        1.620746 -0.654824 -0.003937,
        2.062437 0.833278 7.877953,
        2.120068 0.856563 7.869769,
        2.173772 0.878261 7.845777,
        2.219888 0.896893 7.807612,
        2.255274 0.911190 7.757874,
        2.277519 0.920178 7.699953,
        2.285107 0.923243 7.637796,
        2.062437 0.833278 -0.003937,
        2.120068 0.856563 0.004246,
        2.173772 0.878261 0.028238,
        2.219888 0.896893 0.066404,
        2.255274 0.911190 0.116142,
        2.277519 0.920178 0.174063,
        2.285107 0.923243 0.236220,
        2.285107 0.923243 0.544081,
        2.280202 0.921261 0.594207,
        2.265706 0.915404 0.642125,
        2.242255 0.905930 0.685724,
        2.210883 0.893255 0.723084,
        2.159475 0.872485 0.786184,
        2.123469 0.857937 0.860667,
        2.104932 0.850448 0.942252,
        2.104932 0.850448 1.026252,
        2.123469 0.857937 1.107837,
        2.159475 0.872485 1.182320,
        2.210883 0.893255 1.245420,
        2.242255 0.905930 1.282780,
        2.265706 0.915404 1.326379,
        2.280202 0.921261 1.374297,
        2.280202 -0.921261 1.374297,
        2.265706 -0.915404 1.326379,
        2.242255 -0.905930 1.282780,
        2.210883 -0.893255 1.245420,
        2.159475 -0.872485 1.182320,
        2.123469 -0.857937 1.107837,
        2.104932 -0.850448 1.026252,
        2.104932 -0.850448 0.942252,
        2.123469 -0.857937 0.860667,
        2.159475 -0.872485 0.786184,
        2.210883 -0.893255 0.723084,
        2.242255 -0.905930 0.685724,
        2.265706 -0.915404 0.642125,
        2.280202 -0.921261 0.594207,
        2.285107 -0.923243 0.544081,
        2.285107 -0.923243 0.236220,
        2.277519 -0.920178 0.174063,
        2.255274 -0.911190 0.116142,
        2.219888 -0.896893 0.066404,
        2.173772 -0.878261 0.028238,
        2.120068 -0.856563 0.004246,
        2.062437 -0.833278 -0.003937,
        2.062437 -0.833278 7.877953,
        2.120068 -0.856563 7.869769,
        2.173772 -0.878261 7.845777,
        2.219888 -0.896893 7.807612,
        2.255274 -0.911190 7.757874,
        2.277519 -0.920178 7.699953,
        2.285107 -0.923243 7.637796,
        2.381809 0.623417 0.236220,
        2.419286 0.470261 0.236220,
        2.411253 0.468700 0.174063,
        2.441911 -0.314219 0.236220,
        2.419286 -0.470261 0.236220,
        2.411253 -0.468700 0.174063,
        2.132808 -0.631767 -0.003937,
        2.183541 -0.424437 -0.003937,
        2.192406 -0.649420 0.004246,
        2.244556 -0.436298 0.004246,
        2.247942 -0.665870 0.028238,
        2.301413 -0.447350 0.028238,
        2.295631 -0.679997 0.066404,
        2.350238 -0.456840 0.066404,
        2.332225 -0.690837 0.116142,
        2.387702 -0.464122 0.116142,
        2.355229 -0.697651 0.174063,
        2.214169 0.213200 -0.003937,
        2.183541 0.424437 -0.003937,
        2.276040 0.219158 0.004246,
        2.244556 0.436298 0.004246,
        2.333694 0.224709 0.028238,
        2.301413 0.447350 0.028238,
        2.383204 0.229476 0.066404,
        2.350238 0.456840 0.066404,
        2.421194 0.233134 0.116142,
        2.387702 0.464122 0.116142,
        2.445075 0.235434 0.174063,
        2.363076 -0.699975 0.236220,
        2.381809 -0.623417 0.236220,
        2.453220 -0.236218 0.236220,
        2.445075 -0.235434 0.174063,
        2.421194 -0.233134 0.116142,
        2.383204 -0.229476 0.066404,
        2.333694 -0.224709 0.028238,
        2.276040 -0.219158 0.004246,
        2.214169 -0.213200 -0.003937,
        2.224409 0.000000 -0.003937,
        2.286567 0.000000 0.004246,
        2.344488 0.000000 0.028238,
        2.394226 -0.000000 0.066404,
        2.432392 0.000000 0.116142,
        2.456384 0.000000 0.174063,
        2.464567 0.000000 0.236220,
        2.453220 0.236218 0.236220,
        2.441911 0.314219 0.236220,
        2.363076 0.699975 0.236220,
        2.355229 0.697651 0.174063,
        2.332225 0.690837 0.116142,
        2.295631 0.679997 0.066404,
        2.247942 0.665870 0.028238,
        2.192406 0.649420 0.004246,
        2.132808 0.631767 -0.003937,
        2.132808 0.631767 7.877953,
        2.183541 0.424437 7.877953,
        2.214169 0.213200 7.877953,
        2.224409 -0.000000 7.877953,
        2.214169 -0.213200 7.877953,
        2.183541 -0.424437 7.877953,
        2.132808 -0.631767 7.877953,
        2.192406 -0.649420 7.869769,
        2.247942 -0.665870 7.845777,
        2.295631 -0.679997 7.807612,
        2.332225 -0.690837 7.757874,
        2.355229 -0.697651 7.699953,
        2.441911 -0.314219 7.637796,
        2.445075 -0.235434 7.699953,
        2.419286 -0.470261 7.637796,
        2.411253 -0.468700 7.699953,
        2.381809 -0.623417 7.637796,
        2.363076 -0.699975 7.637796,
        2.453220 -0.236218 7.637796,
        2.464567 0.000000 7.637796,
        2.456384 0.000000 7.699953,
        2.453220 0.236218 7.637796,
        2.445075 0.235434 7.699953,
        2.441911 0.314219 7.637796,
        2.411253 0.468700 7.699953,
        2.419286 0.470261 7.637796,
        2.355229 0.697651 7.699953,
        2.381809 0.623417 7.637796,
        2.363076 0.699975 7.637796,
        2.387702 -0.464122 7.757874,
        2.421194 -0.233134 7.757874,
        2.432392 -0.000000 7.757874,
        2.421194 0.233134 7.757874,
        2.387702 0.464122 7.757874,
        2.332225 0.690837 7.757874,
        2.350238 -0.456840 7.807612,
        2.383204 -0.229476 7.807612,
        2.394226 0.000000 7.807612,
        2.383204 0.229476 7.807612,
        2.350238 0.456840 7.807612,
        2.295631 0.679997 7.807612,
        2.301413 -0.447350 7.845777,
        2.333694 -0.224709 7.845777,
        2.344488 0.000000 7.845777,
        2.333694 0.224709 7.845777,
        2.301413 0.447350 7.845777,
        2.247942 0.665870 7.845777,
        2.244556 -0.436298 7.869769,
        2.276040 -0.219158 7.869769,
        2.286567 0.000000 7.869769,
        2.276040 0.219158 7.869769,
        2.244556 0.436298 7.869769,
        2.192406 0.649420 7.869769,
        2.414094 0.469252 1.374297,
        2.358004 -0.698472 1.374297,
        2.343013 -0.694032 1.326379,
        2.398746 -0.466269 1.326379,
        2.318761 -0.686848 1.282780,
        2.373918 -0.461443 1.282780,
        2.286319 -0.677239 1.245420,
        2.340704 -0.454987 1.245420,
        2.373537 -0.228546 1.245420,
        2.407216 -0.231789 1.282780,
        2.384515 0.000000 1.245420,
        2.418350 0.000000 1.282780,
        2.373537 0.228546 1.245420,
        2.407216 0.231789 1.282780,
        2.340704 0.454987 1.245420,
        2.373918 0.461443 1.282780,
        2.432392 -0.234213 1.326379,
        2.443642 0.000000 1.326379,
        2.432392 0.234213 1.326379,
        2.398746 0.466269 1.326379,
        2.414094 -0.469252 1.374297,
        2.447956 -0.235711 1.374297,
        2.459278 0.000000 1.374297,
        2.447956 0.235711 1.374297,
        2.358004 0.698472 1.374297,
        2.343013 0.694032 1.326379,
        2.318761 0.686848 1.282780,
        2.286319 0.677239 1.245420,
        2.286319 0.677239 0.723084,
        2.233157 0.661491 0.786184,
        2.340704 0.454987 0.723084,
        2.286278 0.444407 0.786184,
        2.373537 0.228546 0.723084,
        2.318346 0.223231 0.786184,
        2.384515 0.000000 0.723084,
        2.329069 0.000000 0.786184,
        2.373537 -0.228546 0.723084,
        2.318346 -0.223231 0.786184,
        2.340704 -0.454987 0.723084,
        2.286278 -0.444407 0.786184,
        2.286319 -0.677239 0.723084,
        2.233157 -0.661491 0.786184,
        2.195922 0.650462 0.860667,
        2.248156 0.436997 0.860667,
        2.279691 0.219509 0.860667,
        2.290234 -0.000000 0.860667,
        2.279691 -0.219509 0.860667,
        2.248156 -0.436997 0.860667,
        2.195922 -0.650462 0.860667,
        2.176754 0.644784 0.942252,
        2.228532 0.433183 0.942252,
        2.259791 0.217593 0.942252,
        2.270243 0.000000 0.942252,
        2.259791 -0.217593 0.942252,
        2.228532 -0.433183 0.942252,
        2.176754 -0.644784 0.942252,
        2.176754 0.644784 1.026252,
        2.228532 0.433183 1.026252,
        2.259791 0.217593 1.026252,
        2.270243 0.000000 1.026252,
        2.259791 -0.217593 1.026252,
        2.228532 -0.433183 1.026252,
        2.176754 -0.644784 1.026252,
        2.195922 0.650462 1.107837,
        2.248156 0.436997 1.107837,
        2.279691 0.219509 1.107837,
        2.290234 0.000000 1.107837,
        2.279691 -0.219509 1.107837,
        2.248156 -0.436997 1.107837,
        2.195922 -0.650462 1.107837,
        2.233157 0.661491 1.182320,
        2.286278 0.444407 1.182320,
        2.318346 0.223231 1.182320,
        2.329069 0.000000 1.182320,
        2.318346 -0.223231 1.182320,
        2.286278 -0.444407 1.182320,
        2.233157 -0.661491 1.182320,
        2.318761 -0.686848 0.685724,
        2.343013 -0.694032 0.642125,
        2.358004 -0.698472 0.594207,
        2.441911 -0.314219 0.544081,
        2.447956 -0.235711 0.594207,
        2.419286 -0.470261 0.544081,
        2.414094 -0.469252 0.594207,
        2.381809 -0.623417 0.544081,
        2.363076 -0.699975 0.544081,
        2.453220 -0.236218 0.544081,
        2.464567 -0.000000 0.544081,
        2.459278 -0.000000 0.594207,
        2.453220 0.236218 0.544081,
        2.447956 0.235711 0.594207,
        2.441911 0.314219 0.544081,
        2.414094 0.469252 0.594207,
        2.419286 0.470261 0.544081,
        2.358004 0.698472 0.594207,
        2.381809 0.623417 0.544081,
        2.363076 0.699975 0.544081,
        2.398746 -0.466269 0.642125,
        2.432392 -0.234213 0.642125,
        2.443642 -0.000000 0.642125,
        2.432392 0.234213 0.642125,
        2.398746 0.466269 0.642125,
        2.343013 0.694032 0.642125,
        2.373918 -0.461443 0.685724,
        2.407216 -0.231789 0.685724,
        2.418350 -0.000000 0.685724,
        2.407216 0.231789 0.685724,
        2.373918 0.461443 0.685724,
        2.318761 0.686848 0.685724,
      ]
    }
    coordIndex [
      143, 15, 144, -1,
      144, 15, 18, -1,
      144, 18, 145, -1,
      145, 18, 19, -1,
      145, 19, 146, -1,
      146, 19, 20, -1,
      146, 20, 147, -1,
      147, 20, 21, -1,
      147, 21, 148, -1,
      148, 21, 14, -1,
      11, 149, 12, -1,
      12, 149, 150, -1,
      12, 150, 10, -1,
      151, 9, 150, -1,
      150, 9, 8, -1,
      150, 8, 10, -1,
      4, 5, 152, -1,
      152, 5, 6, -1,
      152, 6, 151, -1,
      151, 6, 7, -1,
      151, 7, 9, -1,
      4, 152, 0, -1,
      0, 152, 153, -1,
      0, 153, 1, -1,
      1, 153, 154, -1,
      1, 154, 2, -1,
      16, 15, 140, -1,
      140, 15, 143, -1,
      140, 143, 127, -1,
      127, 143, 155, -1,
      127, 155, 128, -1,
      128, 155, 156, -1,
      128, 156, 129, -1,
      129, 156, 157, -1,
      129, 157, 130, -1,
      130, 157, 158, -1,
      130, 158, 131, -1,
      131, 158, 159, -1,
      131, 159, 132, -1,
      132, 159, 160, -1,
      132, 160, 126, -1,
      126, 160, 161, -1,
      11, 13, 149, -1,
      149, 13, 142, -1,
      149, 142, 162, -1,
      162, 142, 79, -1,
      162, 79, 163, -1,
      163, 79, 80, -1,
      163, 80, 164, -1,
      164, 80, 81, -1,
      164, 81, 165, -1,
      165, 81, 82, -1,
      165, 82, 166, -1,
      166, 82, 83, -1,
      166, 83, 167, -1,
      167, 83, 84, -1,
      167, 84, 168, -1,
      168, 84, 85, -1,
      168, 85, 169, -1,
      169, 85, 93, -1,
      169, 93, 170, -1,
      170, 93, 95, -1,
      170, 95, 171, -1,
      171, 95, 96, -1,
      171, 96, 172, -1,
      172, 96, 97, -1,
      172, 97, 173, -1,
      173, 97, 98, -1,
      173, 98, 174, -1,
      174, 98, 103, -1,
      174, 103, 175, -1,
      175, 103, 110, -1,
      175, 110, 176, -1,
      176, 110, 111, -1,
      176, 111, 177, -1,
      177, 111, 112, -1,
      177, 112, 178, -1,
      178, 112, 113, -1,
      178, 113, 179, -1,
      179, 113, 114, -1,
      179, 114, 180, -1,
      180, 114, 115, -1,
      180, 115, 181, -1,
      181, 115, 117, -1,
      181, 117, 182, -1,
      182, 117, 118, -1,
      182, 118, 183, -1,
      183, 118, 119, -1,
      183, 119, 42, -1,
      42, 119, 120, -1,
      42, 120, 30, -1,
      30, 120, 126, -1,
      30, 126, 31, -1,
      31, 126, 161, -1,
      32, 124, 184, -1,
      184, 124, 123, -1,
      184, 123, 185, -1,
      185, 123, 122, -1,
      185, 122, 186, -1,
      186, 122, 121, -1,
      186, 121, 187, -1,
      187, 121, 116, -1,
      187, 116, 188, -1,
      188, 116, 104, -1,
      188, 104, 189, -1,
      189, 104, 105, -1,
      189, 105, 190, -1,
      190, 105, 106, -1,
      190, 106, 191, -1,
      191, 106, 107, -1,
      191, 107, 192, -1,
      192, 107, 108, -1,
      192, 108, 193, -1,
      193, 108, 109, -1,
      193, 109, 194, -1,
      194, 109, 102, -1,
      194, 102, 195, -1,
      195, 102, 101, -1,
      195, 101, 196, -1,
      196, 101, 100, -1,
      196, 100, 197, -1,
      197, 100, 99, -1,
      197, 99, 198, -1,
      198, 99, 94, -1,
      198, 94, 199, -1,
      199, 94, 92, -1,
      199, 92, 200, -1,
      200, 92, 91, -1,
      200, 91, 201, -1,
      201, 91, 90, -1,
      201, 90, 202, -1,
      202, 90, 89, -1,
      202, 89, 203, -1,
      203, 89, 88, -1,
      203, 88, 204, -1,
      204, 88, 87, -1,
      204, 87, 205, -1,
      205, 87, 86, -1,
      205, 86, 154, -1,
      154, 86, 141, -1,
      154, 141, 2, -1,
      2, 141, 3, -1,
      14, 17, 148, -1,
      148, 17, 139, -1,
      148, 139, 206, -1,
      206, 139, 138, -1,
      206, 138, 207, -1,
      207, 138, 137, -1,
      207, 137, 208, -1,
      208, 137, 136, -1,
      208, 136, 209, -1,
      209, 136, 135, -1,
      209, 135, 210, -1,
      210, 135, 134, -1,
      210, 134, 211, -1,
      211, 134, 133, -1,
      211, 133, 212, -1,
      212, 133, 125, -1,
      212, 125, 22, -1,
      22, 125, 124, -1,
      22, 124, 23, -1,
      23, 124, 32, -1,
      213, 214, 215, -1,
      216, 217, 218, -1,
      219, 220, 221, -1,
      221, 220, 222, -1,
      221, 222, 223, -1,
      223, 222, 224, -1,
      223, 224, 225, -1,
      225, 224, 226, -1,
      225, 226, 227, -1,
      227, 226, 228, -1,
      227, 228, 229, -1,
      229, 228, 218, -1,
      230, 231, 232, -1,
      232, 231, 233, -1,
      232, 233, 234, -1,
      234, 233, 235, -1,
      234, 235, 236, -1,
      236, 235, 237, -1,
      236, 237, 238, -1,
      238, 237, 239, -1,
      238, 239, 240, -1,
      240, 239, 215, -1,
      205, 219, 204, -1,
      204, 219, 221, -1,
      204, 221, 203, -1,
      203, 221, 223, -1,
      203, 223, 202, -1,
      202, 223, 225, -1,
      202, 225, 201, -1,
      201, 225, 227, -1,
      201, 227, 200, -1,
      200, 227, 229, -1,
      200, 229, 199, -1,
      199, 229, 241, -1,
      218, 217, 229, -1,
      229, 217, 242, -1,
      229, 242, 241, -1,
      243, 216, 244, -1,
      244, 216, 218, -1,
      244, 218, 245, -1,
      245, 218, 228, -1,
      245, 228, 246, -1,
      246, 228, 226, -1,
      246, 226, 247, -1,
      247, 226, 224, -1,
      247, 224, 248, -1,
      248, 224, 222, -1,
      248, 222, 249, -1,
      249, 222, 220, -1,
      249, 250, 248, -1,
      248, 250, 251, -1,
      248, 251, 247, -1,
      247, 251, 252, -1,
      247, 252, 246, -1,
      246, 252, 253, -1,
      246, 253, 245, -1,
      245, 253, 254, -1,
      245, 254, 244, -1,
      244, 254, 255, -1,
      244, 255, 243, -1,
      243, 255, 256, -1,
      250, 230, 251, -1,
      251, 230, 232, -1,
      251, 232, 252, -1,
      252, 232, 234, -1,
      252, 234, 253, -1,
      253, 234, 236, -1,
      253, 236, 254, -1,
      254, 236, 238, -1,
      254, 238, 255, -1,
      255, 238, 240, -1,
      255, 240, 256, -1,
      256, 240, 257, -1,
      215, 214, 240, -1,
      240, 214, 258, -1,
      240, 258, 257, -1,
      259, 213, 260, -1,
      260, 213, 215, -1,
      260, 215, 261, -1,
      261, 215, 239, -1,
      261, 239, 262, -1,
      262, 239, 237, -1,
      262, 237, 263, -1,
      263, 237, 235, -1,
      263, 235, 264, -1,
      264, 235, 233, -1,
      264, 233, 265, -1,
      265, 233, 231, -1,
      265, 162, 264, -1,
      264, 162, 163, -1,
      264, 163, 263, -1,
      263, 163, 164, -1,
      263, 164, 262, -1,
      262, 164, 165, -1,
      262, 165, 261, -1,
      261, 165, 166, -1,
      261, 166, 260, -1,
      260, 166, 167, -1,
      260, 167, 259, -1,
      259, 167, 168, -1,
      151, 150, 231, -1,
      205, 154, 219, -1,
      219, 154, 153, -1,
      231, 150, 265, -1,
      265, 150, 149, -1,
      265, 149, 162, -1,
      231, 230, 151, -1,
      151, 230, 250, -1,
      151, 250, 152, -1,
      152, 250, 249, -1,
      152, 249, 153, -1,
      153, 249, 220, -1,
      153, 220, 219, -1,
      155, 143, 266, -1,
      266, 143, 144, -1,
      266, 144, 267, -1,
      267, 144, 268, -1,
      268, 144, 145, -1,
      268, 145, 269, -1,
      269, 145, 146, -1,
      269, 146, 270, -1,
      270, 146, 271, -1,
      271, 146, 147, -1,
      271, 147, 272, -1,
      272, 147, 148, -1,
      272, 148, 206, -1,
      206, 207, 273, -1,
      207, 208, 274, -1,
      208, 209, 275, -1,
      209, 210, 276, -1,
      210, 211, 277, -1,
      278, 279, 280, -1,
      280, 279, 281, -1,
      280, 281, 282, -1,
      282, 281, 277, -1,
      282, 277, 283, -1,
      283, 277, 211, -1,
      283, 211, 212, -1,
      278, 284, 279, -1,
      279, 284, 285, -1,
      279, 285, 286, -1,
      286, 285, 287, -1,
      286, 287, 288, -1,
      288, 287, 289, -1,
      288, 289, 290, -1,
      290, 289, 291, -1,
      290, 291, 292, -1,
      292, 291, 293, -1,
      293, 294, 292, -1,
      292, 294, 161, -1,
      292, 161, 160, -1,
      210, 277, 276, -1,
      276, 277, 281, -1,
      276, 281, 295, -1,
      295, 281, 279, -1,
      295, 279, 296, -1,
      296, 279, 286, -1,
      296, 286, 297, -1,
      297, 286, 288, -1,
      297, 288, 298, -1,
      298, 288, 290, -1,
      298, 290, 299, -1,
      299, 290, 292, -1,
      299, 292, 300, -1,
      300, 292, 160, -1,
      300, 160, 159, -1,
      209, 276, 275, -1,
      275, 276, 295, -1,
      275, 295, 301, -1,
      301, 295, 296, -1,
      301, 296, 302, -1,
      302, 296, 297, -1,
      302, 297, 303, -1,
      303, 297, 298, -1,
      303, 298, 304, -1,
      304, 298, 299, -1,
      304, 299, 305, -1,
      305, 299, 300, -1,
      305, 300, 306, -1,
      306, 300, 159, -1,
      306, 159, 158, -1,
      208, 275, 274, -1,
      274, 275, 301, -1,
      274, 301, 307, -1,
      307, 301, 302, -1,
      307, 302, 308, -1,
      308, 302, 303, -1,
      308, 303, 309, -1,
      309, 303, 304, -1,
      309, 304, 310, -1,
      310, 304, 305, -1,
      310, 305, 311, -1,
      311, 305, 306, -1,
      311, 306, 312, -1,
      312, 306, 158, -1,
      312, 158, 157, -1,
      207, 274, 273, -1,
      273, 274, 307, -1,
      273, 307, 313, -1,
      313, 307, 308, -1,
      313, 308, 314, -1,
      314, 308, 309, -1,
      314, 309, 315, -1,
      315, 309, 310, -1,
      315, 310, 316, -1,
      316, 310, 311, -1,
      316, 311, 317, -1,
      317, 311, 312, -1,
      317, 312, 318, -1,
      318, 312, 157, -1,
      318, 157, 156, -1,
      206, 273, 272, -1,
      272, 273, 313, -1,
      272, 313, 271, -1,
      271, 313, 314, -1,
      271, 314, 270, -1,
      270, 314, 315, -1,
      270, 315, 269, -1,
      269, 315, 316, -1,
      269, 316, 268, -1,
      268, 316, 317, -1,
      268, 317, 267, -1,
      267, 317, 318, -1,
      267, 318, 266, -1,
      266, 318, 156, -1,
      266, 156, 155, -1,
      29, 31, 161, -1,
      161, 294, 29, -1,
      29, 294, 293, -1,
      29, 293, 28, -1,
      28, 293, 291, -1,
      28, 291, 289, -1,
      289, 71, 78, -1,
      78, 77, 289, -1,
      289, 77, 76, -1,
      289, 76, 75, -1,
      75, 70, 289, -1,
      289, 70, 69, -1,
      289, 69, 28, -1,
      28, 69, 68, -1,
      28, 68, 50, -1,
      50, 49, 28, -1,
      28, 49, 48, -1,
      28, 48, 46, -1,
      46, 45, 28, -1,
      28, 45, 47, -1,
      28, 47, 27, -1,
      25, 26, 27, -1,
      47, 57, 27, -1,
      27, 57, 56, -1,
      27, 56, 25, -1,
      25, 56, 55, -1,
      55, 54, 25, -1,
      25, 54, 53, -1,
      25, 53, 52, -1,
      65, 61, 278, -1,
      52, 51, 25, -1,
      25, 51, 67, -1,
      25, 67, 66, -1,
      65, 278, 66, -1,
      61, 60, 278, -1,
      278, 60, 59, -1,
      278, 59, 58, -1,
      58, 64, 278, -1,
      278, 64, 63, -1,
      278, 63, 284, -1,
      284, 63, 62, -1,
      284, 62, 285, -1,
      285, 62, 74, -1,
      285, 74, 287, -1,
      287, 74, 73, -1,
      287, 73, 289, -1,
      289, 73, 72, -1,
      289, 72, 71, -1,
      66, 278, 25, -1,
      25, 278, 280, -1,
      25, 280, 24, -1,
      212, 22, 283, -1,
      283, 22, 24, -1,
      283, 24, 282, -1,
      282, 24, 280, -1,
      44, 41, 319, -1,
      35, 33, 320, -1,
      320, 321, 322, -1,
      321, 323, 324, -1,
      323, 325, 326, -1,
      323, 326, 324, -1,
      324, 326, 327, -1,
      324, 327, 328, -1,
      328, 327, 329, -1,
      328, 329, 330, -1,
      330, 329, 331, -1,
      330, 331, 332, -1,
      332, 331, 333, -1,
      332, 333, 334, -1,
      321, 324, 322, -1,
      322, 324, 328, -1,
      322, 328, 335, -1,
      335, 328, 330, -1,
      335, 330, 336, -1,
      336, 330, 332, -1,
      336, 332, 337, -1,
      337, 332, 334, -1,
      337, 334, 338, -1,
      320, 322, 339, -1,
      339, 322, 335, -1,
      339, 335, 340, -1,
      340, 335, 336, -1,
      340, 336, 341, -1,
      341, 336, 337, -1,
      341, 337, 342, -1,
      342, 337, 338, -1,
      342, 338, 319, -1,
      187, 325, 186, -1,
      186, 325, 323, -1,
      186, 323, 185, -1,
      185, 323, 321, -1,
      185, 321, 184, -1,
      184, 321, 320, -1,
      184, 320, 32, -1,
      32, 320, 33, -1,
      35, 320, 36, -1,
      36, 320, 339, -1,
      36, 339, 34, -1,
      34, 339, 340, -1,
      34, 340, 40, -1,
      40, 340, 341, -1,
      40, 341, 39, -1,
      39, 341, 342, -1,
      39, 342, 38, -1,
      319, 41, 342, -1,
      342, 41, 37, -1,
      342, 37, 38, -1,
      43, 44, 343, -1,
      343, 44, 319, -1,
      343, 319, 344, -1,
      344, 319, 338, -1,
      344, 338, 345, -1,
      345, 338, 334, -1,
      345, 334, 346, -1,
      346, 334, 333, -1,
      346, 180, 345, -1,
      345, 180, 181, -1,
      345, 181, 344, -1,
      344, 181, 182, -1,
      344, 182, 343, -1,
      343, 182, 183, -1,
      343, 183, 43, -1,
      43, 183, 42, -1,
      173, 174, 347, -1,
      347, 174, 348, -1,
      347, 348, 349, -1,
      349, 348, 350, -1,
      349, 350, 351, -1,
      351, 350, 352, -1,
      351, 352, 353, -1,
      353, 352, 354, -1,
      353, 354, 355, -1,
      355, 354, 356, -1,
      355, 356, 357, -1,
      357, 356, 358, -1,
      357, 358, 359, -1,
      359, 358, 360, -1,
      359, 360, 194, -1,
      194, 360, 193, -1,
      174, 175, 348, -1,
      348, 175, 361, -1,
      348, 361, 350, -1,
      350, 361, 362, -1,
      350, 362, 352, -1,
      352, 362, 363, -1,
      352, 363, 354, -1,
      354, 363, 364, -1,
      354, 364, 356, -1,
      356, 364, 365, -1,
      356, 365, 358, -1,
      358, 365, 366, -1,
      358, 366, 360, -1,
      360, 366, 367, -1,
      360, 367, 193, -1,
      193, 367, 192, -1,
      175, 176, 361, -1,
      361, 176, 368, -1,
      361, 368, 362, -1,
      362, 368, 369, -1,
      362, 369, 363, -1,
      363, 369, 370, -1,
      363, 370, 364, -1,
      364, 370, 371, -1,
      364, 371, 365, -1,
      365, 371, 372, -1,
      365, 372, 366, -1,
      366, 372, 373, -1,
      366, 373, 367, -1,
      367, 373, 374, -1,
      367, 374, 192, -1,
      192, 374, 191, -1,
      176, 177, 368, -1,
      368, 177, 375, -1,
      368, 375, 369, -1,
      369, 375, 376, -1,
      369, 376, 370, -1,
      370, 376, 377, -1,
      370, 377, 371, -1,
      371, 377, 378, -1,
      371, 378, 372, -1,
      372, 378, 379, -1,
      372, 379, 373, -1,
      373, 379, 380, -1,
      373, 380, 374, -1,
      374, 380, 381, -1,
      374, 381, 191, -1,
      191, 381, 190, -1,
      177, 178, 375, -1,
      375, 178, 382, -1,
      375, 382, 376, -1,
      376, 382, 383, -1,
      376, 383, 377, -1,
      377, 383, 384, -1,
      377, 384, 378, -1,
      378, 384, 385, -1,
      378, 385, 379, -1,
      379, 385, 386, -1,
      379, 386, 380, -1,
      380, 386, 387, -1,
      380, 387, 381, -1,
      381, 387, 388, -1,
      381, 388, 190, -1,
      190, 388, 189, -1,
      178, 179, 382, -1,
      382, 179, 389, -1,
      382, 389, 383, -1,
      383, 389, 390, -1,
      383, 390, 384, -1,
      384, 390, 391, -1,
      384, 391, 385, -1,
      385, 391, 392, -1,
      385, 392, 386, -1,
      386, 392, 393, -1,
      386, 393, 387, -1,
      387, 393, 394, -1,
      387, 394, 388, -1,
      388, 394, 395, -1,
      388, 395, 189, -1,
      189, 395, 188, -1,
      179, 180, 389, -1,
      389, 180, 346, -1,
      389, 346, 390, -1,
      390, 346, 333, -1,
      390, 333, 391, -1,
      391, 333, 331, -1,
      391, 331, 392, -1,
      392, 331, 329, -1,
      392, 329, 393, -1,
      393, 329, 327, -1,
      393, 327, 394, -1,
      394, 327, 326, -1,
      394, 326, 395, -1,
      395, 326, 325, -1,
      395, 325, 188, -1,
      188, 325, 187, -1,
      194, 195, 396, -1,
      195, 196, 397, -1,
      196, 197, 398, -1,
      399, 400, 401, -1,
      401, 400, 402, -1,
      401, 402, 403, -1,
      403, 402, 398, -1,
      403, 398, 404, -1,
      404, 398, 197, -1,
      404, 197, 198, -1,
      399, 405, 400, -1,
      400, 405, 406, -1,
      400, 406, 407, -1,
      407, 406, 408, -1,
      407, 408, 409, -1,
      409, 408, 410, -1,
      409, 410, 411, -1,
      411, 410, 412, -1,
      411, 412, 413, -1,
      413, 412, 414, -1,
      414, 415, 413, -1,
      413, 415, 169, -1,
      413, 169, 170, -1,
      196, 398, 397, -1,
      397, 398, 402, -1,
      397, 402, 416, -1,
      416, 402, 400, -1,
      416, 400, 417, -1,
      417, 400, 407, -1,
      417, 407, 418, -1,
      418, 407, 409, -1,
      418, 409, 419, -1,
      419, 409, 411, -1,
      419, 411, 420, -1,
      420, 411, 413, -1,
      420, 413, 421, -1,
      421, 413, 170, -1,
      421, 170, 171, -1,
      195, 397, 396, -1,
      396, 397, 416, -1,
      396, 416, 422, -1,
      422, 416, 417, -1,
      422, 417, 423, -1,
      423, 417, 418, -1,
      423, 418, 424, -1,
      424, 418, 419, -1,
      424, 419, 425, -1,
      425, 419, 420, -1,
      425, 420, 426, -1,
      426, 420, 421, -1,
      426, 421, 427, -1,
      427, 421, 171, -1,
      427, 171, 172, -1,
      194, 396, 359, -1,
      359, 396, 422, -1,
      359, 422, 357, -1,
      357, 422, 423, -1,
      357, 423, 355, -1,
      355, 423, 424, -1,
      355, 424, 353, -1,
      353, 424, 425, -1,
      353, 425, 351, -1,
      351, 425, 426, -1,
      351, 426, 349, -1,
      349, 426, 427, -1,
      349, 427, 347, -1,
      347, 427, 172, -1,
      347, 172, 173, -1,
      198, 199, 404, -1,
      404, 199, 241, -1,
      404, 241, 403, -1,
      403, 241, 242, -1,
      403, 242, 401, -1,
      401, 242, 217, -1,
      401, 217, 399, -1,
      399, 217, 216, -1,
      399, 216, 405, -1,
      405, 216, 243, -1,
      405, 243, 406, -1,
      406, 243, 256, -1,
      406, 256, 408, -1,
      408, 256, 257, -1,
      408, 257, 410, -1,
      410, 257, 258, -1,
      410, 258, 412, -1,
      412, 258, 214, -1,
      412, 214, 414, -1,
      414, 214, 213, -1,
      414, 213, 415, -1,
      415, 213, 259, -1,
      415, 259, 169, -1,
      169, 259, 168, -1,
    ]
  }
}

Shape {
  appearance Appearance {
    material Material {
      diffuseColor 0.7922 0.8196 0.9333
      specularColor 0.3961 0.4118 0.4667
      ambientIntensity 0.2
      transparency 0.0000
      shininess 0.5
    }
  }
  geometry IndexedFaceSet {
    ccw TRUE
    solid FALSE
    coord DEF co Coordinate {
      point [
        -0.011365 0.019685 7.834646,
        0.858881 1.526996 7.834646,
        -1.751858 0.019685 7.834646,
        0.892977 -1.507311 7.834646,
        0.892977 1.507311 7.834646,
        0.022730 0.000000 7.834646,
        0.858881 -1.526996 7.834646,
        -0.011365 -0.019685 7.834646,
        -1.751858 -0.019685 7.834646,
        1.146256 -2.024743 7.834646,
        1.180351 -2.005058 7.834646,
        1.149989 -2.028100 7.834646,
        1.154441 -2.030424 7.834646,
        1.181178 -2.014987 7.834646,
        1.179724 -2.019793 7.834646,
        1.181391 -2.009970 7.834646,
        1.177122 -2.024087 7.834646,
        1.173534 -2.027600 7.834646,
        1.169186 -2.030110 7.834646,
        1.164350 -2.031461 7.834646,
        1.159330 -2.031568 7.834646,
        -2.327215 0.016622 7.834646,
        -2.322835 0.019685 7.834646,
        -2.322835 -0.019685 7.834646,
        -2.327215 -0.016622 7.834646,
        -2.330742 -0.012605 7.834646,
        -2.333211 -0.007865 7.834646,
        -2.334483 -0.002673 7.834646,
        -2.334483 0.002673 7.834646,
        -2.333211 0.007865 7.834646,
        -2.330742 0.012605 7.834646,
        1.178465 2.001791 7.834646,
        1.177615 2.007629 7.834646,
        1.175304 2.013057 7.834646,
        1.171685 2.017716 7.834646,
        1.144370 2.021476 7.834646,
        1.149850 2.023659 7.834646,
        1.155707 2.024371 7.834646,
        1.161551 2.023567 7.834646,
        1.166997 2.021298 7.834646,
        -2.322835 0.019685 7.795275,
        -2.327215 0.016622 7.795275,
        -2.330742 0.012605 7.795275,
        -2.333211 0.007865 7.795275,
        -2.334483 0.002673 7.795275,
        -2.334483 -0.002673 7.795275,
        -2.333211 -0.007865 7.795275,
        -2.330742 -0.012605 7.795275,
        -2.327215 -0.016622 7.795275,
        -2.322835 -0.019685 7.795275,
        -0.011365 0.019685 7.795275,
        1.144370 2.021476 7.795275,
        1.178465 2.001791 7.795275,
        1.177615 2.007629 7.795275,
        1.175304 2.013057 7.795275,
        1.171685 2.017716 7.795275,
        1.166997 2.021298 7.795275,
        1.161551 2.023567 7.795275,
        1.155707 2.024371 7.795275,
        1.149850 2.023659 7.795275,
        0.022730 0.000000 7.795275,
        1.180351 -2.005058 7.795275,
        1.146256 -2.024743 7.795275,
        1.149989 -2.028100 7.795275,
        1.154441 -2.030424 7.795275,
        1.159330 -2.031568 7.795275,
        1.164350 -2.031461 7.795275,
        1.169186 -2.030110 7.795275,
        1.173534 -2.027600 7.795275,
        1.177122 -2.024087 7.795275,
        1.179724 -2.019793 7.795275,
        1.181178 -2.014987 7.795275,
        1.181391 -2.009970 7.795275,
        -0.011365 -0.019685 7.795275,
      ]
    }
    coordIndex [
      6, 3, 9, -1,
      9, 3, 10, -1,
      9, 10, 11, -1,
      11, 10, 12, -1,
      13, 14, 15, -1,
      15, 14, 16, -1,
      15, 16, 17, -1,
      17, 18, 15, -1,
      15, 18, 19, -1,
      15, 19, 10, -1,
      10, 19, 20, -1,
      10, 20, 12, -1,
      21, 22, 2, -1,
      8, 23, 2, -1,
      2, 23, 24, -1,
      2, 24, 25, -1,
      25, 26, 2, -1,
      2, 26, 27, -1,
      2, 27, 28, -1,
      28, 29, 2, -1,
      2, 29, 30, -1,
      2, 30, 21, -1,
      31, 4, 32, -1,
      32, 4, 1, -1,
      32, 1, 33, -1,
      33, 1, 34, -1,
      35, 36, 1, -1,
      1, 36, 37, -1,
      37, 38, 1, -1,
      1, 38, 39, -1,
      1, 39, 34, -1,
      40, 22, 41, -1,
      41, 22, 21, -1,
      41, 21, 42, -1,
      42, 21, 30, -1,
      42, 30, 43, -1,
      43, 30, 29, -1,
      43, 29, 44, -1,
      44, 29, 28, -1,
      44, 28, 45, -1,
      45, 28, 27, -1,
      45, 27, 46, -1,
      46, 27, 26, -1,
      46, 26, 47, -1,
      47, 26, 25, -1,
      47, 25, 48, -1,
      48, 25, 24, -1,
      48, 24, 49, -1,
      49, 24, 23, -1,
      22, 40, 2, -1,
      2, 40, 50, -1,
      2, 50, 0, -1,
      0, 50, 1, -1,
      1, 50, 51, -1,
      1, 51, 35, -1,
      52, 31, 53, -1,
      53, 31, 32, -1,
      53, 32, 54, -1,
      54, 32, 33, -1,
      54, 33, 55, -1,
      55, 33, 34, -1,
      55, 34, 56, -1,
      56, 34, 39, -1,
      56, 39, 57, -1,
      57, 39, 38, -1,
      57, 38, 58, -1,
      58, 38, 37, -1,
      58, 37, 59, -1,
      59, 37, 36, -1,
      59, 36, 51, -1,
      51, 36, 35, -1,
      31, 52, 4, -1,
      4, 52, 60, -1,
      4, 60, 5, -1,
      5, 60, 3, -1,
      3, 60, 61, -1,
      3, 61, 10, -1,
      62, 9, 63, -1,
      63, 9, 11, -1,
      63, 11, 64, -1,
      64, 11, 12, -1,
      64, 12, 65, -1,
      65, 12, 20, -1,
      65, 20, 66, -1,
      66, 20, 19, -1,
      66, 19, 67, -1,
      67, 19, 18, -1,
      67, 18, 68, -1,
      68, 18, 17, -1,
      68, 17, 69, -1,
      69, 17, 16, -1,
      69, 16, 70, -1,
      70, 16, 14, -1,
      70, 14, 71, -1,
      71, 14, 13, -1,
      71, 13, 72, -1,
      72, 13, 15, -1,
      72, 15, 61, -1,
      61, 15, 10, -1,
      9, 62, 6, -1,
      6, 62, 73, -1,
      6, 73, 7, -1,
      7, 73, 8, -1,
      8, 73, 49, -1,
      8, 49, 23, -1,
      59, 51, 50, -1,
      72, 61, 60, -1,
      63, 64, 60, -1,
      56, 57, 73, -1,
      73, 57, 58, -1,
      73, 58, 59, -1,
      59, 50, 73, -1,
      73, 50, 48, -1,
      73, 48, 49, -1,
      52, 53, 73, -1,
      53, 54, 73, -1,
      73, 54, 55, -1,
      73, 55, 56, -1,
      40, 41, 50, -1,
      50, 41, 42, -1,
      45, 46, 50, -1,
      50, 46, 47, -1,
      50, 47, 48, -1,
      52, 73, 60, -1,
      60, 73, 62, -1,
      60, 62, 63, -1,
      68, 69, 72, -1,
      72, 69, 70, -1,
      72, 70, 71, -1,
      42, 43, 50, -1,
      50, 43, 44, -1,
      50, 44, 45, -1,
      64, 65, 60, -1,
      60, 65, 66, -1,
      60, 66, 72, -1,
      72, 66, 67, -1,
      72, 67, 68, -1,
    ]
  }
}

Shape {
  appearance Appearance {
    material Material {
      diffuseColor 0.8510 0.8510 0.8510
      specularColor 0.4235 0.4235 0.4235
      ambientIntensity 0.2
      transparency 0.0000
      shininess 0.5
    }
  }
  geometry IndexedFaceSet {
    ccw TRUE
    solid FALSE
    coord DEF co Coordinate {
      point [
        0.914723 -0.182447 0.039370,
        0.933304 -0.190143 0.039370,
        0.984252 -0.196850 0.039370,
        1.035201 -0.190143 0.039370,
        1.053781 -0.182447 0.039370,
        1.082677 -0.170478 0.039370,
        1.123446 -0.139194 0.039370,
        1.154730 -0.098425 0.039370,
        1.174395 -0.050949 0.039370,
        1.181102 0.000000 0.039370,
        1.082677 0.170478 0.039370,
        1.035201 0.190143 0.039370,
        1.174395 0.050949 0.039370,
        1.161690 0.081621 0.039370,
        1.154730 0.098425 0.039370,
        1.123446 0.139194 0.039370,
        0.984252 0.196850 0.039370,
        0.933304 0.190143 0.039370,
        0.885827 0.170478 0.039370,
        0.806814 0.081621 0.039370,
        0.813774 0.098425 0.039370,
        0.845058 0.139194 0.039370,
        -0.205576 0.821010 0.039370,
        -0.205576 0.763395 0.039370,
        0.188124 0.667371 0.039370,
        -0.095148 0.723560 0.039370,
        -0.095148 0.560919 0.039370,
        -0.205576 0.523334 0.039370,
        -0.205576 0.465719 0.039370,
        0.188124 0.614557 0.039370,
        -0.162365 -0.571346 0.039370,
        -0.205576 -0.571346 0.039370,
        -0.205576 -0.772998 0.039370,
        0.188124 -0.772998 0.039370,
        0.188124 -0.720184 0.039370,
        -0.885827 -0.170478 0.039370,
        -0.845058 -0.139194 0.039370,
        -0.813774 -0.098425 0.039370,
        -0.794109 -0.050949 0.039370,
        -0.787402 0.000000 0.039370,
        -1.053781 -0.182447 0.039370,
        -1.035201 -0.190143 0.039370,
        -0.984252 -0.196850 0.039370,
        -0.933304 -0.190143 0.039370,
        -0.914723 -0.182447 0.039370,
        -1.174395 0.050949 0.039370,
        -1.181102 -0.000000 0.039370,
        -1.154730 -0.098425 0.039370,
        -1.123446 -0.139194 0.039370,
        -1.082677 -0.170478 0.039370,
        -1.174395 -0.050949 0.039370,
        -0.794109 0.050949 0.039370,
        -0.806814 0.081621 0.039370,
        -0.813774 0.098425 0.039370,
        -0.845058 0.139194 0.039370,
        -0.885827 0.170478 0.039370,
        -1.082677 0.170478 0.039370,
        -1.123446 0.139194 0.039370,
        -1.154730 0.098425 0.039370,
        -1.161690 0.081621 0.039370,
        -0.933304 0.190143 0.039370,
        -0.984252 0.196850 0.039370,
        -1.035201 0.190143 0.039370,
        0.813774 -0.098425 0.039370,
        0.845058 -0.139194 0.039370,
        0.885827 -0.170478 0.039370,
        0.794109 0.050949 0.039370,
        0.787402 -0.000000 0.039370,
        0.794109 -0.050949 0.039370,
        -0.201107 0.276966 0.039370,
        -0.205576 0.227083 0.039370,
        0.188124 0.231134 0.039370,
        -0.205576 0.120031 0.039370,
        0.188124 0.120031 0.039370,
        0.182044 0.288016 0.039370,
        0.171907 0.316881 0.039370,
        0.165868 0.334079 0.039370,
        0.137151 0.376929 0.039370,
        -0.163320 0.363044 0.039370,
        -0.187321 0.322287 0.039370,
        -0.188965 0.316881 0.039370,
        -0.097486 0.417309 0.039370,
        -0.132211 0.395223 0.039370,
        0.136804 0.377323 0.039370,
        0.105870 0.405217 0.039370,
        0.071494 0.423631 0.039370,
        0.032400 0.434191 0.039370,
        -0.003775 0.436912 0.039370,
        -0.056457 0.431398 0.039370,
        -0.141960 -0.244863 0.039370,
        -0.185171 -0.244863 0.039370,
        -0.202402 -0.286829 0.039370,
        -0.207977 -0.326611 0.039370,
        0.189674 -0.290381 0.039370,
        0.177322 -0.244863 0.039370,
        0.124508 -0.244863 0.039370,
        0.143498 -0.289209 0.039370,
        -0.145869 -0.251919 0.039370,
        0.149715 -0.337061 0.039370,
        0.145361 -0.375828 0.039370,
        0.134726 -0.405296 0.039370,
        0.116496 -0.432546 0.039370,
        0.090250 -0.456321 0.039370,
        -0.012927 -0.484924 0.039370,
        -0.055547 -0.480938 0.039370,
        -0.089411 -0.470242 0.039370,
        -0.163047 -0.382635 0.039370,
        -0.167167 -0.345913 0.039370,
        -0.152487 -0.411322 0.039370,
        -0.136201 -0.435484 0.039370,
        -0.116711 -0.453959 0.039370,
        -0.161366 -0.293653 0.039370,
        0.059852 -0.472552 0.039370,
        0.017705 -0.483046 0.039370,
        0.190525 -0.367519 0.039370,
        0.192926 -0.337511 0.039370,
        0.190525 -0.302721 0.039370,
        -0.192314 -0.439669 0.039370,
        -0.172270 -0.471185 0.039370,
        0.121764 -0.493456 0.039370,
        0.155901 -0.457691 0.039370,
        0.177246 -0.420241 0.039370,
        -0.205365 -0.401627 0.039370,
        0.189819 -0.376346 0.039370,
        -0.016153 -0.537738 0.039370,
        0.039830 -0.532062 0.039370,
        0.084530 -0.516923 0.039370,
        -0.142146 -0.500077 0.039370,
        -0.105298 -0.521258 0.039370,
        -0.063174 -0.533673 0.039370,
        -0.162365 -0.720184 0.039370,
        -0.210193 -0.342426 0.039370,
        -0.207977 -0.376390 0.039370,
        -0.210378 -0.353191 0.039370,
        0.188124 0.033609 0.039370,
        0.144913 0.033609 0.039370,
        -0.162365 0.043211 0.039370,
        -0.205576 0.043211 0.039370,
        -0.205576 -0.168043 0.039370,
        0.188124 -0.168043 0.039370,
        -0.027931 -0.115230 0.039370,
        -0.162365 -0.115230 0.039370,
        -0.027931 0.024006 0.039370,
        0.015280 0.024006 0.039370,
        0.015280 -0.115230 0.039370,
        0.144913 -0.115230 0.039370,
        -0.933304 -0.190143 -1.377953,
        -0.984252 -0.196850 -1.377953,
        -1.035201 -0.190143 -1.377953,
        -1.082677 -0.170478 -1.377953,
        -0.794109 0.050949 -1.377953,
        -0.787402 0.000000 -1.377953,
        -0.794109 -0.050949 -1.377953,
        -0.813774 -0.098425 -1.377953,
        -0.845058 -0.139194 -1.377953,
        -0.885827 -0.170478 -1.377953,
        -1.154730 0.098425 -1.377953,
        -1.123446 0.139194 -1.377953,
        -1.082677 0.170478 -1.377953,
        -1.035201 0.190143 -1.377953,
        -0.984252 0.196850 -1.377953,
        -0.933304 0.190143 -1.377953,
        -0.885827 0.170478 -1.377953,
        -0.845058 0.139194 -1.377953,
        -0.813774 0.098425 -1.377953,
        -1.123446 -0.139194 -1.377953,
        -1.154730 -0.098425 -1.377953,
        -1.174395 -0.050949 -1.377953,
        -1.181102 0.000000 -1.377953,
        -1.174395 0.050949 -1.377953,
        -0.984252 0.000000 -1.377953,
        1.035201 -0.190143 -1.377953,
        0.984252 -0.196850 -1.377953,
        0.933304 -0.190143 -1.377953,
        0.885827 -0.170478 -1.377953,
        1.174395 0.050949 -1.377953,
        1.181102 0.000000 -1.377953,
        1.174395 -0.050949 -1.377953,
        1.154730 -0.098425 -1.377953,
        1.123446 -0.139194 -1.377953,
        1.082677 -0.170478 -1.377953,
        0.813774 0.098425 -1.377953,
        0.845058 0.139194 -1.377953,
        0.885827 0.170478 -1.377953,
        0.933304 0.190143 -1.377953,
        0.984252 0.196850 -1.377953,
        1.035201 0.190143 -1.377953,
        1.082677 0.170478 -1.377953,
        1.123446 0.139194 -1.377953,
        1.154730 0.098425 -1.377953,
        0.845058 -0.139194 -1.377953,
        0.813774 -0.098425 -1.377953,
        0.794109 -0.050949 -1.377953,
        0.787402 0.000000 -1.377953,
        0.794109 0.050949 -1.377953,
        0.984252 0.000000 -1.377953,
        0.188124 0.667371 0.043307,
        -0.205576 0.821010 0.043307,
        -0.205576 0.763395 0.043307,
        -0.095148 0.723560 0.043307,
        -0.095148 0.560919 0.043307,
        -0.205576 0.523334 0.043307,
        -0.205576 0.465719 0.043307,
        0.188124 0.614557 0.043307,
        -0.051937 0.574197 0.043307,
        -0.051937 0.705856 0.043307,
        0.112505 0.632937 0.043307,
        0.126175 0.636661 0.043307,
        0.140112 0.639239 0.043307,
        0.140112 0.640514 0.043307,
        0.126202 0.643083 0.043307,
        0.112505 0.646591 0.043307,
        -0.051937 0.574197 0.039370,
        -0.051937 0.705856 0.039370,
        0.112505 0.632937 0.039370,
        0.126175 0.636661 0.039370,
        0.140112 0.639239 0.039370,
        0.140112 0.640514 0.039370,
        0.126202 0.643083 0.039370,
        0.112505 0.646591 0.039370,
        -0.205576 0.227083 0.043307,
        -0.205576 0.120031 0.043307,
        0.188124 0.120031 0.043307,
        0.188124 0.231134 0.043307,
        0.182044 0.288016 0.043307,
        -0.003775 0.436912 0.043307,
        0.032400 0.434191 0.043307,
        0.071494 0.423631 0.043307,
        0.105870 0.405217 0.043307,
        0.136804 0.377323 0.043307,
        0.137151 0.376929 0.043307,
        0.165868 0.334079 0.043307,
        -0.187321 0.322287 0.043307,
        -0.201107 0.276966 0.043307,
        -0.163320 0.363044 0.043307,
        -0.132211 0.395223 0.043307,
        -0.097486 0.417309 0.043307,
        -0.056457 0.431398 0.043307,
        0.089741 0.357943 0.043307,
        0.110045 0.338800 0.043307,
        0.128556 0.310065 0.043307,
        0.139960 0.277509 0.043307,
        0.144913 0.230909 0.043307,
        0.144913 0.172844 0.043307,
        -0.162365 0.172844 0.043307,
        -0.162365 0.228733 0.043307,
        -0.158476 0.270393 0.043307,
        -0.148165 0.303451 0.043307,
        -0.132090 0.330402 0.043307,
        -0.110074 0.352667 0.043307,
        -0.083316 0.368912 0.043307,
        -0.051972 0.379303 0.043307,
        -0.004900 0.384098 0.043307,
        0.034291 0.380752 0.043307,
        0.065453 0.371544 0.043307,
        0.144913 0.230909 0.039370,
        0.144913 0.172844 0.039370,
        0.139960 0.277509 0.039370,
        0.128556 0.310065 0.039370,
        0.110045 0.338800 0.039370,
        0.089741 0.357943 0.039370,
        0.065453 0.371544 0.039370,
        0.034291 0.380752 0.039370,
        -0.004900 0.384098 0.039370,
        -0.051972 0.379303 0.039370,
        -0.083316 0.368912 0.039370,
        -0.110074 0.352667 0.039370,
        -0.132090 0.330402 0.039370,
        -0.148165 0.303451 0.039370,
        -0.158476 0.270393 0.039370,
        -0.162365 0.228733 0.039370,
        -0.162365 0.172844 0.039370,
        -0.162365 0.043211 0.043307,
        -0.205576 0.043211 0.043307,
        -0.205576 -0.168043 0.043307,
        0.188124 -0.168043 0.043307,
        0.188124 0.033609 0.043307,
        0.144913 0.033609 0.043307,
        0.144913 -0.115230 0.043307,
        0.015280 -0.115230 0.043307,
        0.015280 0.024006 0.043307,
        -0.027931 0.024006 0.043307,
        -0.027931 -0.115230 0.043307,
        -0.162365 -0.115230 0.043307,
        -0.141960 -0.244863 0.043307,
        -0.185171 -0.244863 0.043307,
        -0.202402 -0.286829 0.043307,
        -0.210378 -0.353191 0.043307,
        -0.210193 -0.342426 0.043307,
        -0.205365 -0.401627 0.043307,
        -0.192314 -0.439669 0.043307,
        -0.172270 -0.471185 0.043307,
        -0.142146 -0.500077 0.043307,
        -0.105298 -0.521258 0.043307,
        -0.063174 -0.533673 0.043307,
        -0.016153 -0.537738 0.043307,
        0.192926 -0.337511 0.043307,
        0.189819 -0.376346 0.043307,
        0.177246 -0.420241 0.043307,
        0.155901 -0.457691 0.043307,
        0.121764 -0.493456 0.043307,
        0.084530 -0.516923 0.043307,
        0.039830 -0.532062 0.043307,
        0.189674 -0.290381 0.043307,
        0.177322 -0.244863 0.043307,
        0.124508 -0.244863 0.043307,
        0.149715 -0.337061 0.043307,
        0.143498 -0.289209 0.043307,
        -0.012927 -0.484924 0.043307,
        0.017705 -0.483046 0.043307,
        0.059852 -0.472552 0.043307,
        0.090250 -0.456321 0.043307,
        0.116496 -0.432546 0.043307,
        0.134726 -0.405296 0.043307,
        0.145361 -0.375828 0.043307,
        -0.167167 -0.345913 0.043307,
        -0.163047 -0.382635 0.043307,
        -0.152487 -0.411322 0.043307,
        -0.136201 -0.435484 0.043307,
        -0.116711 -0.453959 0.043307,
        -0.089411 -0.470242 0.043307,
        -0.055547 -0.480938 0.043307,
        -0.145869 -0.251919 0.043307,
        -0.161366 -0.293653 0.043307,
        -0.162365 -0.571346 0.043307,
        -0.205576 -0.571346 0.043307,
        -0.205576 -0.772998 0.043307,
        0.188124 -0.772998 0.043307,
        0.188124 -0.720184 0.043307,
        -0.162365 -0.720184 0.043307,
      ]
    }
    coordIndex [
      146, 42, 147, -1,
      147, 42, 41, -1,
      147, 41, 148, -1,
      148, 41, 40, -1,
      148, 40, 149, -1,
      150, 39, 151, -1,
      151, 39, 38, -1,
      151, 38, 152, -1,
      152, 38, 37, -1,
      152, 37, 153, -1,
      153, 37, 36, -1,
      153, 36, 154, -1,
      154, 36, 35, -1,
      154, 35, 155, -1,
      155, 35, 44, -1,
      155, 44, 146, -1,
      146, 44, 43, -1,
      146, 43, 42, -1,
      156, 57, 157, -1,
      157, 57, 56, -1,
      157, 56, 158, -1,
      158, 56, 62, -1,
      158, 62, 159, -1,
      159, 62, 61, -1,
      159, 61, 160, -1,
      160, 61, 60, -1,
      160, 60, 161, -1,
      161, 60, 55, -1,
      161, 55, 162, -1,
      162, 55, 54, -1,
      162, 54, 163, -1,
      163, 54, 53, -1,
      163, 53, 164, -1,
      164, 53, 52, -1,
      164, 52, 150, -1,
      150, 52, 51, -1,
      150, 51, 39, -1,
      40, 49, 149, -1,
      149, 49, 48, -1,
      149, 48, 165, -1,
      165, 48, 47, -1,
      165, 47, 166, -1,
      166, 47, 50, -1,
      166, 50, 167, -1,
      167, 50, 46, -1,
      167, 46, 168, -1,
      168, 46, 45, -1,
      168, 45, 169, -1,
      169, 45, 59, -1,
      169, 59, 156, -1,
      156, 59, 58, -1,
      156, 58, 57, -1,
      164, 150, 170, -1,
      170, 150, 151, -1,
      170, 151, 152, -1,
      161, 162, 170, -1,
      170, 162, 163, -1,
      170, 163, 164, -1,
      158, 159, 170, -1,
      170, 159, 160, -1,
      170, 160, 161, -1,
      169, 156, 170, -1,
      170, 156, 157, -1,
      170, 157, 158, -1,
      166, 167, 170, -1,
      170, 167, 168, -1,
      170, 168, 169, -1,
      148, 149, 170, -1,
      170, 149, 165, -1,
      170, 165, 166, -1,
      155, 146, 170, -1,
      170, 146, 147, -1,
      170, 147, 148, -1,
      152, 153, 170, -1,
      170, 153, 154, -1,
      170, 154, 155, -1,
      171, 2, 172, -1,
      172, 2, 1, -1,
      172, 1, 173, -1,
      173, 1, 0, -1,
      173, 0, 174, -1,
      175, 9, 176, -1,
      176, 9, 8, -1,
      176, 8, 177, -1,
      177, 8, 7, -1,
      177, 7, 178, -1,
      178, 7, 6, -1,
      178, 6, 179, -1,
      179, 6, 5, -1,
      179, 5, 180, -1,
      180, 5, 4, -1,
      180, 4, 171, -1,
      171, 4, 3, -1,
      171, 3, 2, -1,
      181, 21, 182, -1,
      182, 21, 18, -1,
      182, 18, 183, -1,
      183, 18, 17, -1,
      183, 17, 184, -1,
      184, 17, 16, -1,
      184, 16, 185, -1,
      185, 16, 11, -1,
      185, 11, 186, -1,
      186, 11, 10, -1,
      186, 10, 187, -1,
      187, 10, 15, -1,
      187, 15, 188, -1,
      188, 15, 14, -1,
      188, 14, 189, -1,
      189, 14, 13, -1,
      189, 13, 175, -1,
      175, 13, 12, -1,
      175, 12, 9, -1,
      0, 65, 174, -1,
      174, 65, 64, -1,
      174, 64, 190, -1,
      190, 64, 63, -1,
      190, 63, 191, -1,
      191, 63, 68, -1,
      191, 68, 192, -1,
      192, 68, 67, -1,
      192, 67, 193, -1,
      193, 67, 66, -1,
      193, 66, 194, -1,
      194, 66, 19, -1,
      194, 19, 181, -1,
      181, 19, 20, -1,
      181, 20, 21, -1,
      189, 175, 195, -1,
      195, 175, 176, -1,
      195, 176, 177, -1,
      186, 187, 195, -1,
      195, 187, 188, -1,
      195, 188, 189, -1,
      183, 184, 195, -1,
      195, 184, 185, -1,
      195, 185, 186, -1,
      194, 181, 195, -1,
      195, 181, 182, -1,
      195, 182, 183, -1,
      191, 192, 195, -1,
      195, 192, 193, -1,
      195, 193, 194, -1,
      173, 174, 195, -1,
      195, 174, 190, -1,
      195, 190, 191, -1,
      180, 171, 195, -1,
      195, 171, 172, -1,
      195, 172, 173, -1,
      177, 178, 195, -1,
      195, 178, 179, -1,
      195, 179, 180, -1,
      196, 197, 24, -1,
      24, 197, 22, -1,
      197, 198, 22, -1,
      22, 198, 23, -1,
      198, 199, 23, -1,
      23, 199, 25, -1,
      199, 200, 25, -1,
      25, 200, 26, -1,
      200, 201, 26, -1,
      26, 201, 27, -1,
      201, 202, 27, -1,
      27, 202, 28, -1,
      202, 203, 28, -1,
      28, 203, 29, -1,
      203, 196, 29, -1,
      29, 196, 24, -1,
      204, 200, 205, -1,
      205, 200, 199, -1,
      206, 203, 204, -1,
      204, 203, 202, -1,
      204, 202, 200, -1,
      200, 202, 201, -1,
      206, 207, 203, -1,
      203, 207, 208, -1,
      203, 208, 196, -1,
      196, 208, 209, -1,
      196, 209, 210, -1,
      210, 211, 196, -1,
      196, 211, 205, -1,
      196, 205, 197, -1,
      197, 205, 199, -1,
      197, 199, 198, -1,
      204, 205, 212, -1,
      212, 205, 213, -1,
      206, 204, 214, -1,
      214, 204, 212, -1,
      206, 214, 215, -1,
      206, 215, 207, -1,
      207, 215, 216, -1,
      207, 216, 208, -1,
      209, 208, 217, -1,
      217, 208, 216, -1,
      209, 217, 218, -1,
      209, 218, 210, -1,
      210, 218, 219, -1,
      210, 219, 211, -1,
      205, 211, 213, -1,
      213, 211, 219, -1,
      220, 221, 70, -1,
      70, 221, 72, -1,
      221, 222, 72, -1,
      72, 222, 73, -1,
      222, 223, 73, -1,
      73, 223, 71, -1,
      71, 223, 224, -1,
      225, 87, 86, -1,
      225, 86, 226, -1,
      226, 86, 85, -1,
      226, 85, 227, -1,
      227, 85, 84, -1,
      227, 84, 228, -1,
      228, 84, 83, -1,
      228, 83, 229, -1,
      229, 83, 77, -1,
      229, 77, 230, -1,
      230, 77, 76, -1,
      230, 76, 231, -1,
      231, 76, 75, -1,
      231, 75, 224, -1,
      224, 75, 74, -1,
      224, 74, 71, -1,
      220, 70, 69, -1,
      80, 232, 69, -1,
      69, 232, 233, -1,
      69, 233, 220, -1,
      80, 79, 232, -1,
      232, 79, 78, -1,
      232, 78, 234, -1,
      234, 78, 82, -1,
      234, 82, 235, -1,
      235, 82, 81, -1,
      235, 81, 236, -1,
      236, 81, 88, -1,
      236, 88, 237, -1,
      237, 88, 87, -1,
      237, 87, 225, -1,
      227, 228, 238, -1,
      238, 228, 229, -1,
      238, 229, 239, -1,
      239, 229, 230, -1,
      239, 230, 240, -1,
      240, 230, 231, -1,
      240, 231, 241, -1,
      241, 231, 224, -1,
      241, 224, 242, -1,
      242, 224, 223, -1,
      242, 223, 243, -1,
      243, 223, 222, -1,
      243, 222, 244, -1,
      244, 222, 221, -1,
      244, 221, 245, -1,
      245, 221, 220, -1,
      245, 220, 246, -1,
      246, 220, 233, -1,
      246, 233, 247, -1,
      247, 233, 232, -1,
      247, 232, 248, -1,
      248, 232, 234, -1,
      248, 234, 249, -1,
      249, 234, 235, -1,
      249, 235, 250, -1,
      250, 235, 236, -1,
      250, 236, 251, -1,
      251, 236, 237, -1,
      251, 237, 252, -1,
      252, 237, 225, -1,
      252, 225, 253, -1,
      253, 225, 226, -1,
      253, 226, 254, -1,
      254, 226, 227, -1,
      254, 227, 238, -1,
      242, 243, 255, -1,
      255, 243, 256, -1,
      242, 255, 257, -1,
      242, 257, 241, -1,
      241, 257, 258, -1,
      241, 258, 240, -1,
      240, 258, 259, -1,
      240, 259, 239, -1,
      239, 259, 260, -1,
      239, 260, 238, -1,
      238, 260, 261, -1,
      238, 261, 254, -1,
      254, 261, 262, -1,
      254, 262, 253, -1,
      253, 262, 263, -1,
      253, 263, 252, -1,
      252, 263, 264, -1,
      252, 264, 251, -1,
      251, 264, 265, -1,
      251, 265, 250, -1,
      250, 265, 266, -1,
      250, 266, 249, -1,
      249, 266, 267, -1,
      249, 267, 248, -1,
      248, 267, 268, -1,
      248, 268, 247, -1,
      247, 268, 269, -1,
      247, 269, 246, -1,
      246, 269, 270, -1,
      246, 270, 245, -1,
      244, 245, 271, -1,
      271, 245, 270, -1,
      243, 244, 256, -1,
      256, 244, 271, -1,
      272, 273, 136, -1,
      136, 273, 137, -1,
      273, 274, 137, -1,
      137, 274, 138, -1,
      274, 275, 138, -1,
      138, 275, 139, -1,
      275, 276, 139, -1,
      139, 276, 134, -1,
      276, 277, 134, -1,
      134, 277, 135, -1,
      277, 278, 135, -1,
      135, 278, 145, -1,
      278, 279, 145, -1,
      145, 279, 144, -1,
      279, 280, 144, -1,
      144, 280, 143, -1,
      280, 281, 143, -1,
      143, 281, 142, -1,
      281, 282, 142, -1,
      142, 282, 140, -1,
      282, 283, 140, -1,
      140, 283, 141, -1,
      283, 272, 141, -1,
      141, 272, 136, -1,
      274, 273, 272, -1,
      272, 283, 274, -1,
      274, 283, 282, -1,
      274, 282, 275, -1,
      277, 276, 278, -1,
      278, 276, 275, -1,
      278, 275, 279, -1,
      279, 275, 282, -1,
      279, 282, 280, -1,
      280, 282, 281, -1,
      284, 285, 89, -1,
      89, 285, 90, -1,
      90, 285, 286, -1,
      287, 133, 131, -1,
      287, 131, 288, -1,
      288, 131, 92, -1,
      288, 92, 286, -1,
      286, 92, 91, -1,
      286, 91, 90, -1,
      133, 287, 132, -1,
      132, 287, 289, -1,
      132, 289, 122, -1,
      122, 289, 290, -1,
      122, 290, 117, -1,
      117, 290, 291, -1,
      117, 291, 118, -1,
      118, 291, 292, -1,
      118, 292, 127, -1,
      127, 292, 293, -1,
      127, 293, 128, -1,
      128, 293, 294, -1,
      128, 294, 129, -1,
      129, 294, 295, -1,
      129, 295, 124, -1,
      296, 115, 297, -1,
      297, 115, 114, -1,
      114, 123, 297, -1,
      297, 123, 121, -1,
      297, 121, 298, -1,
      298, 121, 120, -1,
      298, 120, 299, -1,
      299, 120, 119, -1,
      299, 119, 300, -1,
      300, 119, 126, -1,
      300, 126, 301, -1,
      301, 126, 125, -1,
      301, 125, 302, -1,
      302, 125, 124, -1,
      302, 124, 295, -1,
      115, 296, 116, -1,
      116, 296, 303, -1,
      116, 303, 93, -1,
      93, 303, 304, -1,
      93, 304, 94, -1,
      304, 305, 94, -1,
      94, 305, 95, -1,
      306, 98, 96, -1,
      306, 96, 307, -1,
      307, 96, 95, -1,
      307, 95, 305, -1,
      308, 103, 113, -1,
      308, 113, 309, -1,
      309, 113, 112, -1,
      309, 112, 310, -1,
      310, 112, 102, -1,
      310, 102, 311, -1,
      311, 102, 101, -1,
      311, 101, 312, -1,
      312, 101, 100, -1,
      312, 100, 313, -1,
      313, 100, 99, -1,
      313, 99, 314, -1,
      314, 99, 98, -1,
      314, 98, 306, -1,
      315, 107, 106, -1,
      315, 106, 316, -1,
      316, 106, 108, -1,
      316, 108, 317, -1,
      317, 108, 109, -1,
      317, 109, 318, -1,
      318, 109, 110, -1,
      318, 110, 319, -1,
      319, 110, 105, -1,
      319, 105, 320, -1,
      320, 105, 104, -1,
      320, 104, 321, -1,
      321, 104, 103, -1,
      321, 103, 308, -1,
      284, 89, 97, -1,
      284, 97, 322, -1,
      322, 97, 111, -1,
      322, 111, 323, -1,
      323, 111, 107, -1,
      323, 107, 315, -1,
      316, 287, 315, -1,
      315, 287, 288, -1,
      315, 288, 323, -1,
      323, 288, 286, -1,
      323, 286, 322, -1,
      322, 286, 285, -1,
      322, 285, 284, -1,
      305, 304, 307, -1,
      307, 304, 303, -1,
      307, 303, 306, -1,
      306, 303, 296, -1,
      306, 296, 314, -1,
      314, 296, 297, -1,
      314, 297, 313, -1,
      313, 297, 298, -1,
      313, 298, 312, -1,
      312, 298, 299, -1,
      312, 299, 311, -1,
      311, 299, 300, -1,
      311, 300, 310, -1,
      310, 300, 301, -1,
      310, 301, 309, -1,
      309, 301, 302, -1,
      309, 302, 308, -1,
      308, 302, 295, -1,
      308, 295, 321, -1,
      321, 295, 294, -1,
      321, 294, 320, -1,
      320, 294, 293, -1,
      320, 293, 319, -1,
      319, 293, 292, -1,
      319, 292, 318, -1,
      318, 292, 291, -1,
      318, 291, 317, -1,
      317, 291, 290, -1,
      317, 290, 316, -1,
      316, 290, 289, -1,
      316, 289, 287, -1,
      324, 325, 30, -1,
      30, 325, 31, -1,
      325, 326, 31, -1,
      31, 326, 32, -1,
      326, 327, 32, -1,
      32, 327, 33, -1,
      327, 328, 33, -1,
      33, 328, 34, -1,
      328, 329, 34, -1,
      34, 329, 130, -1,
      329, 324, 130, -1,
      130, 324, 30, -1,
      328, 327, 329, -1,
      329, 327, 326, -1,
      329, 326, 324, -1,
      324, 326, 325, -1,
    ]
  }
}

Shape {
  appearance Appearance {
    material Material {
      diffuseColor 0.2235 0.2235 0.2235
      specularColor 0.1137 0.1137 0.1137
      ambientIntensity 0.2
      transparency 0.0000
      shininess 0.5
    }
  }
  geometry IndexedFaceSet {
    ccw TRUE
    solid FALSE
    coord DEF co Coordinate {
      point [
        -0.051937 0.574197 0.039370,
        -0.051937 0.705856 0.039370,
        0.112505 0.632937 0.039370,
        0.126175 0.636661 0.039370,
        0.140112 0.639239 0.039370,
        0.140112 0.640514 0.039370,
        0.126202 0.643083 0.039370,
        0.112505 0.646591 0.039370,
        0.144913 0.230909 0.039370,
        0.144913 0.172844 0.039370,
        0.139960 0.277509 0.039370,
        0.128556 0.310065 0.039370,
        0.110045 0.338800 0.039370,
        0.089741 0.357943 0.039370,
        0.065453 0.371544 0.039370,
        0.034291 0.380752 0.039370,
        -0.004900 0.384098 0.039370,
        -0.051972 0.379303 0.039370,
        -0.083316 0.368912 0.039370,
        -0.110074 0.352667 0.039370,
        -0.132090 0.330402 0.039370,
        -0.148165 0.303451 0.039370,
        -0.158476 0.270393 0.039370,
        -0.162365 0.228733 0.039370,
        -0.162365 0.172844 0.039370,
      ]
    }
    coordIndex [
      0, 1, 2, -1,
      2, 1, 7, -1,
      2, 7, 3, -1,
      3, 7, 6, -1,
      3, 6, 4, -1,
      4, 6, 5, -1,
      9, 24, 8, -1,
      8, 24, 23, -1,
      17, 16, 8, -1,
      16, 15, 8, -1,
      8, 15, 14, -1,
      8, 14, 10, -1,
      23, 22, 8, -1,
      8, 22, 21, -1,
      8, 21, 20, -1,
      13, 12, 14, -1,
      14, 12, 11, -1,
      14, 11, 10, -1,
      20, 19, 8, -1,
      8, 19, 18, -1,
      8, 18, 17, -1,
    ]
  }
}
