#VRML V2.0 utf8

Shape {
  appearance Appearance {
    material Material {
      diffuseColor 0.6784 0.6784 0.6784
      specularColor 0.0000 0.0000 0.0000
      ambientIntensity 0.2
      transparency 1.0000
      shininess 0.5
    }
  }
  geometry IndexedFaceSet {
    ccw TRUE
    solid FALSE
    coord DEF co Coordinate {
      point [
        -0.235303 -0.202919 -0.007874,
        -0.243939 -0.220560 -0.007874,
        -0.243939 -0.220560 0.000000,
        -0.235303 -0.202919 0.000000,
      ]
    }
    coordIndex [
      0, 1, 2, -1,
      0, 2, 3, -1,
    ]
  }
}

Shape {
  appearance Appearance {
    material Material {
      diffuseColor 0.0824 0.0824 0.0824
      specularColor 0.0000 0.0000 0.0000
      ambientIntensity 0.2
      transparency 1.0000
      shininess 0.5
    }
  }
  geometry IndexedFaceSet {
    ccw TRUE
    solid FALSE
    coord DEF co Coordinate {
      point [
        -0.243939 -0.220560 0.000000,
        -0.235303 -0.202919 0.000000,
        -0.412358 -0.379331 0.000000,
        -1.141732 -0.600394 0.000000,
        -0.438268 -0.379331 0.000000,
        -1.141732 0.403543 0.000000,
        -1.023622 0.088583 0.000000,
        -1.023622 0.206693 0.000000,
        -0.748031 0.088583 0.000000,
        -0.438268 -0.172047 0.000000,
        -0.235303 -0.348459 0.000000,
        -0.218029 -0.366100 0.000000,
        -0.200756 -0.374920 0.000000,
        -0.243939 -0.330818 0.000000,
        -0.179163 -0.379331 0.000000,
        -0.248258 -0.308766 0.000000,
        -0.412358 -0.198509 0.000000,
        -0.218029 -0.326407 0.000000,
        -0.196437 -0.348459 0.000000,
        -0.209392 -0.339638 0.000000,
        -0.179163 -0.352869 0.000000,
        -0.222348 -0.308766 0.000000,
        -0.140298 -0.379331 0.000000,
        -0.282805 -0.198509 0.000000,
        -0.248258 -0.242612 0.000000,
        -0.282805 -0.172047 0.000000,
        -0.105750 -0.326407 0.000000,
        -0.222348 -0.242612 0.000000,
        -0.140298 -0.352869 0.000000,
        -0.123024 -0.348459 0.000000,
        -0.110069 -0.339638 0.000000,
        -0.045293 -0.379331 0.000000,
        -0.101432 -0.366100 0.000000,
        -0.084158 -0.348459 0.000000,
        -0.118706 -0.374920 0.000000,
        -0.218029 -0.185278 0.000000,
        -0.196437 -0.202919 0.000000,
        -0.218029 -0.224971 0.000000,
        -0.209392 -0.211740 0.000000,
        -0.179163 -0.198509 0.000000,
        -0.200756 -0.176457 0.000000,
        -0.179163 -0.172047 0.000000,
        -0.105750 -0.224971 0.000000,
        -0.140298 -0.198509 0.000000,
        -0.123024 -0.202919 0.000000,
        -0.110069 -0.211740 0.000000,
        -0.079840 -0.224971 0.000000,
        -0.079840 -0.326407 0.000000,
        -0.669291 0.403543 0.000000,
        -0.748031 0.206693 0.000000,
        0.144717 -0.379331 0.000000,
        0.110170 -0.379331 0.000000,
        0.110170 -0.352869 0.000000,
        -0.045293 -0.172047 0.000000,
        -0.118706 -0.176457 0.000000,
        -0.140298 -0.172047 0.000000,
        -0.101432 -0.185278 0.000000,
        -0.084158 -0.202919 0.000000,
        0.092896 -0.295535 0.000000,
        -0.019382 -0.352869 0.000000,
        -0.019382 -0.295535 0.000000,
        0.092896 -0.269074 0.000000,
        -0.019382 -0.269074 0.000000,
        -0.019382 -0.198509 0.000000,
        0.110170 -0.198509 0.000000,
        -0.433071 0.403543 0.000000,
        -0.669291 0.600394 0.000000,
        0.144717 -0.172047 0.000000,
        0.110170 -0.172047 0.000000,
        0.421094 -0.379331 0.000000,
        0.313135 -0.330818 0.000000,
        0.317453 -0.308766 0.000000,
        0.304498 -0.348459 0.000000,
        0.287224 -0.366100 0.000000,
        0.269951 -0.374920 0.000000,
        0.248359 -0.379331 0.000000,
        -0.433071 0.600394 0.000000,
        0.352000 -0.172047 0.000000,
        0.269951 -0.176457 0.000000,
        0.248359 -0.172047 0.000000,
        0.287224 -0.185278 0.000000,
        0.304498 -0.202919 0.000000,
        0.313135 -0.220560 0.000000,
        0.481551 -0.224971 0.000000,
        0.395185 -0.224971 0.000000,
        0.377911 -0.172047 0.000000,
        0.498827 -0.172047 0.000000,
        1.141732 -0.600394 0.000000,
        0.455642 -0.379331 0.000000,
        0.524736 -0.172047 0.000000,
        0.433071 0.403543 0.000000,
        0.748031 0.088583 0.000000,
        0.748031 0.206693 0.000000,
        0.669291 0.403543 0.000000,
        1.023622 0.088583 0.000000,
        1.023622 0.206693 0.000000,
        0.669291 0.600394 0.000000,
        0.433071 0.600394 0.000000,
        1.141732 0.403543 0.000000,
        0.317453 -0.242612 0.000000,
        0.287224 -0.326407 0.000000,
        0.265632 -0.348459 0.000000,
        0.248359 -0.352869 0.000000,
        0.278587 -0.339638 0.000000,
        0.291543 -0.308766 0.000000,
        0.248359 -0.198509 0.000000,
        0.170628 -0.352869 0.000000,
        0.291543 -0.242612 0.000000,
        0.170628 -0.198509 0.000000,
        0.287224 -0.224971 0.000000,
        0.265632 -0.202919 0.000000,
        0.278587 -0.211740 0.000000,
        0.477232 -0.242612 0.000000,
        0.438370 -0.361689 0.000000,
        0.399504 -0.242612 0.000000,
        -1.209925 0.403543 0.039370,
        -1.217791 0.403543 0.058361,
        -1.220472 0.403543 0.078740,
        -1.162110 0.403543 0.002683,
        -1.181102 0.403543 0.010549,
        -1.197409 0.403543 0.023062,
        -1.220472 0.403543 0.371530,
        -0.669291 0.403543 0.371530,
        0.669291 0.403543 0.371530,
        1.220472 0.403543 0.371530,
        1.220472 0.403543 0.078740,
        1.197409 0.403543 0.023062,
        1.162110 0.403543 0.002683,
        1.181102 0.403543 0.010549,
        1.217791 0.403543 0.058361,
        1.209925 0.403543 0.039370,
        -1.141732 0.403543 2.362205,
        -1.181102 0.403543 2.351657,
        -1.162110 0.403543 2.359524,
        -1.197409 0.403543 2.339142,
        -1.220472 0.403543 2.283465,
        -1.209925 0.403543 2.322835,
        -1.217791 0.403543 2.303843,
        -1.220472 0.403543 1.990673,
        -0.669291 0.403543 1.990673,
        -0.669291 0.403543 2.362205,
        1.141732 0.403543 2.362205,
        0.669291 0.403543 1.990673,
        0.669291 0.403543 2.362205,
        1.181102 0.403543 2.351657,
        1.162110 0.403543 2.359524,
        1.217791 0.403543 2.303843,
        1.197409 0.403543 2.339142,
        1.209925 0.403543 2.322835,
        1.220472 0.403543 2.283465,
        1.220472 0.403543 1.990673,
        -0.669291 0.403543 0.590551,
        -1.220472 0.403543 1.771654,
        -0.669291 0.403543 1.771654,
        -1.220472 0.403543 0.590551,
        1.220472 0.403543 0.590551,
        0.669291 0.403543 0.590551,
        0.669291 0.403543 1.771654,
        1.220472 0.403543 1.771654,
        -0.669291 0.600394 0.371530,
        -0.669291 0.600394 0.590551,
        -1.220472 0.600394 0.590551,
        -1.220472 0.600394 0.371530,
        -0.433071 0.600394 2.362205,
        -0.669291 0.600394 1.771654,
        -0.669291 0.600394 1.990673,
        -0.669291 0.600394 2.362205,
        -1.220472 0.600394 1.990673,
        -1.220472 0.600394 1.771654,
        0.669291 0.600394 0.371530,
        0.669291 0.600394 0.590551,
        1.220472 0.600394 0.590551,
        1.220472 0.600394 0.371530,
        0.669291 0.600394 1.990673,
        1.220472 0.600394 1.990673,
        1.220472 0.600394 1.771654,
        0.669291 0.600394 1.771654,
        0.433071 0.600394 2.362205,
        0.669291 0.600394 2.362205,
        -1.220472 -0.600394 0.078740,
        -1.220472 -0.600394 2.283465,
        -1.141732 -0.600394 2.362205,
        -0.433071 0.403543 2.362205,
        0.433071 0.403543 2.362205,
        1.141732 -0.600394 2.362205,
        -0.359364 0.403543 0.585697,
        -0.359364 0.403543 0.196912,
        0.359364 0.403543 0.196912,
        0.359364 0.403543 0.585697,
        0.359364 0.403543 0.986709,
        -0.359364 0.403543 0.986709,
        -0.359364 0.403543 2.165291,
        -0.359364 0.403543 1.776508,
        0.359364 0.403543 1.776508,
        0.359364 0.403543 1.375496,
        -0.359364 0.403543 1.375496,
        0.359364 0.403543 2.165291,
        -0.359364 0.285433 0.986709,
        -0.359364 0.285433 1.375496,
        0.359364 0.285433 0.986709,
        0.359364 0.285433 1.375496,
        0.359364 0.285433 0.196912,
        -0.359364 0.285433 0.585697,
        0.359364 0.285433 0.585697,
        -0.359364 0.285433 0.196912,
        0.359364 0.285433 1.776508,
        -0.359364 0.285433 1.776508,
        -0.359364 0.285433 2.165291,
        0.359364 0.285433 2.165291,
        1.220472 -0.600394 0.078740,
        1.220472 -0.600394 2.283465,
        1.162110 -0.600394 0.002683,
        1.181102 -0.600394 0.010549,
        1.197409 -0.600394 0.023062,
        1.209925 -0.600394 0.039370,
        1.217791 -0.600394 0.058361,
        -1.217791 -0.600394 0.058361,
        -1.209925 -0.600394 0.039370,
        -1.197409 -0.600394 0.023062,
        -1.181102 -0.600394 0.010549,
        -1.162110 -0.600394 0.002683,
        -0.471504 -0.600394 0.763386,
        -0.357836 -0.600394 0.662689,
        -0.557768 -0.600394 0.888362,
        -0.223373 -0.600394 0.592114,
        -0.611618 -0.600394 1.030350,
        -0.075929 -0.600394 0.555776,
        -0.629921 -0.600394 1.181102,
        -0.611618 -0.600394 1.331854,
        -0.557768 -0.600394 1.473843,
        -0.471504 -0.600394 1.598819,
        -1.197409 -0.600394 2.339142,
        -1.209925 -0.600394 2.322835,
        -1.217791 -0.600394 2.303843,
        0.075929 -0.600394 0.555776,
        0.223373 -0.600394 0.592114,
        0.357836 -0.600394 0.662689,
        -1.162110 -0.600394 2.359524,
        -1.181102 -0.600394 2.351657,
        0.471504 -0.600394 0.763386,
        -0.357836 -0.600394 1.699516,
        0.557768 -0.600394 0.888362,
        -0.223373 -0.600394 1.770091,
        0.611618 -0.600394 1.030350,
        -0.075929 -0.600394 1.806429,
        0.629921 -0.600394 1.181102,
        0.075929 -0.600394 1.806429,
        0.611618 -0.600394 1.331854,
        0.557768 -0.600394 1.473843,
        0.471504 -0.600394 1.598819,
        0.357836 -0.600394 1.699516,
        0.223373 -0.600394 1.770091,
        1.209925 -0.600394 2.322835,
        1.217791 -0.600394 2.303843,
        1.181102 -0.600394 2.351657,
        1.162110 -0.600394 2.359524,
        1.197409 -0.600394 2.339142,
        0.611618 -2.076772 1.331854,
        0.629921 -2.076772 1.181102,
        0.557768 -2.076772 1.473843,
        0.471504 -2.076772 1.598819,
        0.357836 -2.076772 1.699516,
        0.223373 -2.076772 1.770091,
        0.075929 -2.076772 1.806429,
        -0.075929 -2.076772 1.806429,
        -0.223373 -2.076772 1.770091,
        -0.357836 -2.076772 1.699516,
        -0.471504 -2.076772 1.598819,
        -0.557768 -2.076772 1.473843,
        -0.611618 -2.076772 1.331854,
        -0.629921 -2.076772 1.181102,
        -0.551181 -2.155512 1.181102,
        -0.535165 -2.155512 1.313008,
        -0.571559 -2.152831 1.181102,
        0.609012 -2.097150 1.331209,
        0.627240 -2.097150 1.181102,
        0.601374 -2.116142 1.329327,
        0.619374 -2.116142 1.181102,
        0.589224 -2.132449 1.326335,
        0.606858 -2.132449 1.181102,
        0.573390 -2.144965 1.322429,
        0.590551 -2.144965 1.181102,
        0.554953 -2.152831 1.317886,
        0.551181 -2.155512 1.181102,
        0.571559 -2.152831 1.181102,
        0.535165 -2.155512 1.313008,
        0.555394 -2.097150 1.472594,
        0.548425 -2.116142 1.468937,
        0.537346 -2.132449 1.463122,
        0.522906 -2.144965 1.455543,
        0.506091 -2.152831 1.446720,
        0.488047 -2.155512 1.437248,
        0.469496 -2.097150 1.597039,
        0.463606 -2.116142 1.591823,
        0.454240 -2.132449 1.583524,
        0.442035 -2.144965 1.572709,
        0.427819 -2.152831 1.560118,
        0.412567 -2.155512 1.546602,
        0.356312 -2.097150 1.697311,
        0.351843 -2.116142 1.690835,
        0.344735 -2.132449 1.680535,
        0.335471 -2.144965 1.667118,
        0.324683 -2.152831 1.651488,
        0.313107 -2.155512 1.634717,
        0.222422 -2.097150 1.767579,
        0.219632 -2.116142 1.760224,
        0.215195 -2.132449 1.748524,
        0.209412 -2.144965 1.733276,
        0.202678 -2.152831 1.715520,
        0.195452 -2.155512 1.696465,
        0.075605 -2.097150 1.803768,
        0.074657 -2.116142 1.795957,
        0.073149 -2.132449 1.783535,
        0.071183 -2.144965 1.767346,
        0.068894 -2.152831 1.748496,
        0.066437 -2.155512 1.728264,
        -0.075605 -2.097150 1.803768,
        -0.074657 -2.116142 1.795957,
        -0.073149 -2.132449 1.783535,
        -0.071183 -2.144965 1.767346,
        -0.068894 -2.152831 1.748496,
        -0.066437 -2.155512 1.728264,
        -0.222422 -2.097150 1.767579,
        -0.219632 -2.116142 1.760224,
        -0.215195 -2.132449 1.748524,
        -0.209412 -2.144965 1.733276,
        -0.202678 -2.152831 1.715520,
        -0.195452 -2.155512 1.696465,
        -0.356312 -2.097150 1.697311,
        -0.351843 -2.116142 1.690835,
        -0.344735 -2.132449 1.680535,
        -0.335471 -2.144965 1.667118,
        -0.324683 -2.152831 1.651488,
        -0.313107 -2.155512 1.634717,
        -0.412567 -2.155512 1.546602,
        -0.469496 -2.097150 1.597039,
        -0.463606 -2.116142 1.591823,
        -0.454240 -2.132449 1.583524,
        -0.442035 -2.144965 1.572709,
        -0.427819 -2.152831 1.560118,
        -0.555394 -2.097150 1.472594,
        -0.548425 -2.116142 1.468937,
        -0.537346 -2.132449 1.463122,
        -0.522906 -2.144965 1.455543,
        -0.506091 -2.152831 1.446720,
        -0.488047 -2.155512 1.437248,
        -0.609012 -2.097150 1.331209,
        -0.627240 -2.097150 1.181102,
        -0.601374 -2.116142 1.329327,
        -0.619374 -2.116142 1.181102,
        -0.606858 -2.132449 1.181102,
        -0.589224 -2.132449 1.326335,
        -0.573390 -2.144965 1.322429,
        -0.590551 -2.144965 1.181102,
        -0.554953 -2.152831 1.317886,
        -0.535165 -2.155512 1.049197,
        -0.488047 -2.155512 0.924957,
        -0.412567 -2.155512 0.815602,
        0.313107 -2.155512 0.727488,
        -0.313107 -2.155512 0.727488,
        -0.195452 -2.155512 0.665740,
        -0.066437 -2.155512 0.633941,
        0.066437 -2.155512 0.633941,
        0.195452 -2.155512 0.665740,
        0.535165 -2.155512 1.049197,
        0.412567 -2.155512 0.815602,
        0.488047 -2.155512 0.924957,
        -0.609012 -2.097150 1.030996,
        -0.611618 -2.076772 1.030350,
        -0.601374 -2.116142 1.032878,
        -0.589224 -2.132449 1.035870,
        -0.573390 -2.144965 1.039776,
        -0.554953 -2.152831 1.044319,
        -0.555394 -2.097150 0.889610,
        -0.557768 -2.076772 0.888362,
        -0.548425 -2.116142 0.893268,
        -0.537346 -2.132449 0.899083,
        -0.522906 -2.144965 0.906661,
        -0.506091 -2.152831 0.915484,
        -0.469496 -2.097150 0.765165,
        -0.471504 -2.076772 0.763386,
        -0.463606 -2.116142 0.770382,
        -0.454240 -2.132449 0.778681,
        -0.442035 -2.144965 0.789496,
        -0.427819 -2.152831 0.802087,
        -0.356312 -2.097150 0.664894,
        -0.357836 -2.076772 0.662689,
        -0.351843 -2.116142 0.671370,
        -0.344735 -2.132449 0.681669,
        -0.335471 -2.144965 0.695087,
        -0.324683 -2.152831 0.710717,
        -0.222422 -2.097150 0.594626,
        -0.223373 -2.076772 0.592114,
        -0.219632 -2.116142 0.601980,
        -0.215195 -2.132449 0.613681,
        -0.209412 -2.144965 0.628929,
        -0.202678 -2.152831 0.646685,
        -0.075605 -2.097150 0.558437,
        -0.075929 -2.076772 0.555776,
        -0.074657 -2.116142 0.566248,
        -0.073149 -2.132449 0.578669,
        -0.071183 -2.144965 0.594858,
        -0.068894 -2.152831 0.613709,
        0.075605 -2.097150 0.558437,
        0.075929 -2.076772 0.555776,
        0.074657 -2.116142 0.566248,
        0.073149 -2.132449 0.578669,
        0.071183 -2.144965 0.594858,
        0.068894 -2.152831 0.613709,
        0.222422 -2.097150 0.594626,
        0.223373 -2.076772 0.592114,
        0.219632 -2.116142 0.601980,
        0.215195 -2.132449 0.613681,
        0.209412 -2.144965 0.628929,
        0.202678 -2.152831 0.646685,
        0.356312 -2.097150 0.664894,
        0.357836 -2.076772 0.662689,
        0.471504 -2.076772 0.763386,
        0.351843 -2.116142 0.671370,
        0.344735 -2.132449 0.681669,
        0.335471 -2.144965 0.695087,
        0.324683 -2.152831 0.710717,
        0.469496 -2.097150 0.765165,
        0.463606 -2.116142 0.770382,
        0.454240 -2.132449 0.778681,
        0.442035 -2.144965 0.789496,
        0.427819 -2.152831 0.802087,
        0.555394 -2.097150 0.889610,
        0.557768 -2.076772 0.888362,
        0.548425 -2.116142 0.893268,
        0.537346 -2.132449 0.899083,
        0.522906 -2.144965 0.906661,
        0.506091 -2.152831 0.915484,
        0.609012 -2.097150 1.030996,
        0.611618 -2.076772 1.030350,
        0.601374 -2.116142 1.032878,
        0.589224 -2.132449 1.035870,
        0.573390 -2.144965 1.039776,
        0.554953 -2.152831 1.044319,
      ]
    }
    coordIndex [
      2, 3, 4, -1,
      5, 6, 3, -1,
      5, 7, 6, -1,
      8, 3, 6, -1,
      8, 4, 3, -1,
      9, 4, 8, -1,
      10, 11, 2, -1,
      12, 2, 11, -1,
      13, 10, 2, -1,
      14, 3, 2, -1,
      14, 2, 12, -1,
      15, 2, 16, -1,
      15, 13, 2, -1,
      17, 18, 19, -1,
      20, 18, 17, -1,
      21, 20, 17, -1,
      22, 3, 14, -1,
      23, 15, 16, -1,
      23, 24, 15, -1,
      0, 24, 23, -1,
      1, 23, 25, -1,
      1, 0, 23, -1,
      26, 20, 21, -1,
      26, 21, 27, -1,
      26, 28, 20, -1,
      26, 29, 28, -1,
      26, 30, 29, -1,
      31, 3, 22, -1,
      31, 32, 33, -1,
      31, 34, 32, -1,
      31, 22, 34, -1,
      35, 1, 25, -1,
      36, 37, 38, -1,
      39, 27, 37, -1,
      39, 37, 36, -1,
      40, 35, 25, -1,
      41, 40, 25, -1,
      42, 39, 43, -1,
      42, 26, 27, -1,
      42, 27, 39, -1,
      44, 42, 43, -1,
      45, 42, 44, -1,
      46, 47, 26, -1,
      46, 26, 42, -1,
      48, 49, 7, -1,
      48, 7, 5, -1,
      50, 51, 52, -1,
      53, 54, 55, -1,
      53, 56, 54, -1,
      53, 57, 56, -1,
      58, 50, 52, -1,
      58, 59, 60, -1,
      58, 52, 59, -1,
      61, 62, 63, -1,
      64, 61, 63, -1,
      65, 49, 48, -1,
      65, 48, 66, -1,
      65, 8, 49, -1,
      65, 53, 55, -1,
      65, 25, 9, -1,
      65, 9, 8, -1,
      65, 55, 41, -1,
      65, 41, 25, -1,
      67, 61, 64, -1,
      67, 64, 68, -1,
      69, 70, 71, -1,
      69, 72, 70, -1,
      69, 73, 72, -1,
      69, 74, 73, -1,
      69, 75, 74, -1,
      76, 65, 66, -1,
      77, 78, 79, -1,
      77, 80, 78, -1,
      77, 81, 80, -1,
      77, 82, 81, -1,
      83, 84, 85, -1,
      86, 83, 85, -1,
      87, 75, 69, -1,
      87, 51, 50, -1,
      87, 3, 31, -1,
      87, 31, 51, -1,
      87, 50, 75, -1,
      87, 69, 88, -1,
      87, 88, 89, -1,
      90, 77, 79, -1,
      90, 53, 65, -1,
      90, 67, 68, -1,
      90, 68, 53, -1,
      90, 79, 67, -1,
      90, 86, 85, -1,
      90, 85, 77, -1,
      91, 86, 90, -1,
      91, 89, 86, -1,
      92, 91, 90, -1,
      93, 92, 90, -1,
      94, 87, 89, -1,
      94, 89, 91, -1,
      95, 92, 93, -1,
      96, 90, 97, -1,
      96, 93, 90, -1,
      98, 95, 93, -1,
      98, 94, 95, -1,
      98, 87, 94, -1,
      31, 47, 53, -1,
      47, 46, 53, -1,
      46, 57, 53, -1,
      31, 33, 47, -1,
      50, 61, 67, -1,
      50, 58, 61, -1,
      69, 82, 77, -1,
      69, 99, 82, -1,
      69, 71, 99, -1,
      100, 101, 102, -1,
      100, 103, 101, -1,
      104, 100, 102, -1,
      105, 102, 106, -1,
      105, 107, 104, -1,
      105, 106, 108, -1,
      105, 104, 102, -1,
      109, 107, 105, -1,
      110, 109, 105, -1,
      111, 109, 110, -1,
      112, 113, 114, -1,
      115, 116, 117, -1,
      118, 119, 120, -1,
      118, 120, 115, -1,
      5, 117, 121, -1,
      5, 115, 117, -1,
      5, 118, 115, -1,
      122, 5, 121, -1,
      48, 5, 122, -1,
      98, 93, 123, -1,
      98, 123, 124, -1,
      98, 124, 125, -1,
      126, 127, 98, -1,
      126, 128, 127, -1,
      126, 129, 130, -1,
      126, 125, 129, -1,
      126, 98, 125, -1,
      131, 132, 133, -1,
      131, 134, 132, -1,
      135, 136, 134, -1,
      135, 137, 136, -1,
      135, 134, 131, -1,
      138, 135, 131, -1,
      139, 131, 140, -1,
      139, 138, 131, -1,
      141, 142, 143, -1,
      144, 141, 145, -1,
      146, 144, 147, -1,
      146, 147, 148, -1,
      149, 141, 144, -1,
      149, 144, 146, -1,
      150, 142, 141, -1,
      150, 141, 149, -1,
      151, 152, 153, -1,
      151, 154, 152, -1,
      155, 156, 157, -1,
      155, 157, 158, -1,
      66, 122, 159, -1,
      66, 48, 122, -1,
      159, 76, 66, -1,
      160, 76, 159, -1,
      161, 159, 162, -1,
      161, 160, 159, -1,
      163, 164, 165, -1,
      166, 163, 165, -1,
      167, 164, 168, -1,
      167, 165, 164, -1,
      163, 76, 160, -1,
      163, 160, 164, -1,
      169, 96, 97, -1,
      170, 171, 172, -1,
      170, 172, 169, -1,
      170, 169, 97, -1,
      173, 174, 175, -1,
      173, 175, 176, -1,
      177, 178, 173, -1,
      177, 173, 176, -1,
      97, 177, 176, -1,
      97, 176, 170, -1,
      161, 151, 160, -1,
      161, 154, 151, -1,
      154, 161, 162, -1,
      154, 162, 121, -1,
      179, 121, 117, -1,
      179, 154, 121, -1,
      138, 167, 168, -1,
      138, 168, 152, -1,
      180, 135, 138, -1,
      180, 152, 154, -1,
      180, 154, 179, -1,
      180, 138, 152, -1,
      159, 121, 162, -1,
      159, 122, 121, -1,
      164, 152, 168, -1,
      164, 153, 152, -1,
      160, 153, 164, -1,
      160, 151, 153, -1,
      167, 139, 165, -1,
      167, 138, 139, -1,
      165, 140, 166, -1,
      165, 139, 140, -1,
      140, 131, 181, -1,
      182, 166, 140, -1,
      182, 140, 181, -1,
      163, 166, 182, -1,
      183, 181, 184, -1,
      183, 182, 181, -1,
      143, 183, 184, -1,
      178, 177, 183, -1,
      178, 183, 143, -1,
      141, 143, 184, -1,
      182, 65, 76, -1,
      182, 76, 163, -1,
      185, 186, 65, -1,
      187, 90, 65, -1,
      187, 65, 186, -1,
      188, 90, 187, -1,
      189, 188, 185, -1,
      189, 185, 190, -1,
      182, 191, 192, -1,
      193, 194, 195, -1,
      193, 195, 192, -1,
      183, 196, 191, -1,
      183, 193, 196, -1,
      183, 191, 182, -1,
      90, 193, 183, -1,
      90, 194, 193, -1,
      90, 189, 194, -1,
      90, 188, 189, -1,
      182, 185, 65, -1,
      182, 190, 185, -1,
      182, 195, 190, -1,
      182, 192, 195, -1,
      177, 97, 90, -1,
      177, 90, 183, -1,
      195, 197, 190, -1,
      195, 198, 197, -1,
      190, 199, 189, -1,
      190, 197, 199, -1,
      189, 200, 194, -1,
      189, 199, 200, -1,
      194, 198, 195, -1,
      194, 200, 198, -1,
      199, 198, 200, -1,
      199, 197, 198, -1,
      201, 202, 203, -1,
      201, 204, 202, -1,
      205, 206, 207, -1,
      205, 207, 208, -1,
      185, 204, 186, -1,
      185, 202, 204, -1,
      186, 201, 187, -1,
      186, 204, 201, -1,
      187, 203, 188, -1,
      187, 201, 203, -1,
      188, 202, 185, -1,
      188, 203, 202, -1,
      196, 207, 191, -1,
      196, 208, 207, -1,
      191, 206, 192, -1,
      191, 207, 206, -1,
      192, 205, 193, -1,
      192, 206, 205, -1,
      193, 208, 196, -1,
      193, 205, 208, -1,
      178, 142, 173, -1,
      178, 143, 142, -1,
      173, 150, 174, -1,
      173, 142, 150, -1,
      124, 209, 125, -1,
      155, 209, 124, -1,
      171, 124, 172, -1,
      171, 155, 124, -1,
      158, 210, 209, -1,
      158, 209, 155, -1,
      150, 158, 175, -1,
      150, 210, 158, -1,
      174, 150, 175, -1,
      149, 210, 150, -1,
      87, 98, 127, -1,
      211, 87, 127, -1,
      212, 127, 128, -1,
      212, 211, 127, -1,
      213, 128, 126, -1,
      213, 212, 128, -1,
      214, 126, 130, -1,
      214, 213, 126, -1,
      215, 130, 129, -1,
      215, 214, 130, -1,
      209, 129, 125, -1,
      209, 215, 129, -1,
      3, 179, 216, -1,
      3, 216, 217, -1,
      3, 217, 218, -1,
      3, 218, 219, -1,
      3, 219, 220, -1,
      221, 179, 3, -1,
      222, 221, 3, -1,
      223, 179, 221, -1,
      224, 222, 3, -1,
      225, 179, 223, -1,
      226, 224, 3, -1,
      227, 179, 225, -1,
      180, 228, 229, -1,
      180, 227, 228, -1,
      180, 179, 227, -1,
      230, 180, 229, -1,
      231, 232, 233, -1,
      231, 233, 180, -1,
      87, 234, 226, -1,
      87, 235, 234, -1,
      87, 236, 235, -1,
      87, 226, 3, -1,
      181, 180, 230, -1,
      181, 237, 238, -1,
      181, 238, 231, -1,
      181, 231, 180, -1,
      213, 211, 212, -1,
      239, 236, 87, -1,
      214, 87, 211, -1,
      214, 211, 213, -1,
      209, 214, 215, -1,
      209, 87, 214, -1,
      209, 239, 87, -1,
      240, 181, 230, -1,
      241, 239, 209, -1,
      242, 181, 240, -1,
      243, 241, 209, -1,
      244, 181, 242, -1,
      245, 243, 209, -1,
      246, 181, 244, -1,
      210, 245, 209, -1,
      210, 247, 245, -1,
      210, 248, 247, -1,
      210, 249, 248, -1,
      184, 249, 210, -1,
      184, 181, 246, -1,
      184, 250, 249, -1,
      184, 251, 250, -1,
      184, 246, 251, -1,
      252, 210, 253, -1,
      254, 255, 184, -1,
      256, 210, 252, -1,
      256, 184, 210, -1,
      256, 254, 184, -1,
      181, 131, 133, -1,
      237, 181, 133, -1,
      238, 133, 132, -1,
      238, 237, 133, -1,
      231, 132, 134, -1,
      231, 238, 132, -1,
      232, 134, 136, -1,
      232, 231, 134, -1,
      233, 136, 137, -1,
      233, 232, 136, -1,
      180, 137, 135, -1,
      180, 233, 137, -1,
      145, 141, 184, -1,
      145, 184, 255, -1,
      144, 255, 254, -1,
      144, 145, 255, -1,
      147, 254, 256, -1,
      147, 144, 254, -1,
      148, 256, 252, -1,
      148, 147, 256, -1,
      146, 252, 253, -1,
      146, 148, 252, -1,
      149, 253, 210, -1,
      149, 146, 253, -1,
      118, 5, 3, -1,
      118, 3, 220, -1,
      119, 220, 219, -1,
      119, 118, 220, -1,
      120, 219, 218, -1,
      120, 119, 219, -1,
      115, 218, 217, -1,
      115, 120, 218, -1,
      116, 217, 216, -1,
      116, 115, 217, -1,
      117, 216, 179, -1,
      117, 116, 216, -1,
      257, 258, 245, -1,
      257, 245, 247, -1,
      259, 247, 248, -1,
      259, 257, 247, -1,
      260, 248, 249, -1,
      260, 259, 248, -1,
      261, 249, 250, -1,
      261, 250, 251, -1,
      261, 260, 249, -1,
      262, 261, 251, -1,
      263, 251, 246, -1,
      263, 246, 244, -1,
      263, 262, 251, -1,
      264, 263, 244, -1,
      265, 244, 242, -1,
      265, 264, 244, -1,
      266, 242, 240, -1,
      266, 265, 242, -1,
      267, 240, 230, -1,
      267, 266, 240, -1,
      268, 230, 229, -1,
      268, 267, 230, -1,
      269, 229, 228, -1,
      269, 268, 229, -1,
      270, 228, 227, -1,
      270, 269, 228, -1,
      271, 272, 273, -1,
      274, 275, 258, -1,
      274, 258, 257, -1,
      276, 277, 275, -1,
      276, 275, 274, -1,
      278, 279, 277, -1,
      278, 277, 276, -1,
      280, 281, 279, -1,
      280, 279, 278, -1,
      282, 283, 284, -1,
      282, 284, 281, -1,
      282, 285, 283, -1,
      282, 281, 280, -1,
      286, 257, 259, -1,
      286, 274, 257, -1,
      287, 274, 286, -1,
      287, 276, 274, -1,
      288, 278, 276, -1,
      288, 276, 287, -1,
      289, 280, 278, -1,
      289, 278, 288, -1,
      290, 285, 282, -1,
      290, 282, 280, -1,
      290, 291, 285, -1,
      290, 280, 289, -1,
      292, 259, 260, -1,
      292, 286, 259, -1,
      293, 286, 292, -1,
      293, 287, 286, -1,
      294, 287, 293, -1,
      294, 288, 287, -1,
      295, 288, 294, -1,
      295, 289, 288, -1,
      296, 297, 291, -1,
      296, 291, 290, -1,
      296, 290, 289, -1,
      296, 289, 295, -1,
      298, 260, 261, -1,
      298, 292, 260, -1,
      299, 292, 298, -1,
      299, 293, 292, -1,
      300, 293, 299, -1,
      300, 294, 293, -1,
      301, 294, 300, -1,
      301, 295, 294, -1,
      302, 303, 297, -1,
      302, 295, 301, -1,
      302, 296, 295, -1,
      302, 297, 296, -1,
      304, 261, 262, -1,
      304, 298, 261, -1,
      305, 299, 298, -1,
      305, 298, 304, -1,
      306, 299, 305, -1,
      306, 300, 299, -1,
      307, 301, 300, -1,
      307, 300, 306, -1,
      308, 303, 302, -1,
      308, 309, 303, -1,
      308, 302, 301, -1,
      308, 301, 307, -1,
      310, 262, 263, -1,
      310, 304, 262, -1,
      310, 305, 304, -1,
      311, 305, 310, -1,
      312, 306, 305, -1,
      312, 305, 311, -1,
      313, 306, 312, -1,
      313, 307, 306, -1,
      314, 309, 308, -1,
      314, 315, 309, -1,
      314, 308, 307, -1,
      314, 307, 313, -1,
      316, 263, 264, -1,
      316, 264, 265, -1,
      316, 310, 263, -1,
      317, 310, 316, -1,
      317, 311, 310, -1,
      318, 312, 311, -1,
      318, 311, 317, -1,
      319, 313, 312, -1,
      319, 312, 318, -1,
      320, 321, 315, -1,
      320, 315, 314, -1,
      320, 314, 313, -1,
      320, 313, 319, -1,
      322, 265, 266, -1,
      322, 316, 265, -1,
      322, 317, 316, -1,
      323, 317, 322, -1,
      324, 318, 317, -1,
      324, 317, 323, -1,
      325, 319, 318, -1,
      325, 320, 319, -1,
      325, 318, 324, -1,
      326, 327, 321, -1,
      326, 321, 320, -1,
      326, 320, 325, -1,
      328, 322, 266, -1,
      329, 323, 322, -1,
      329, 322, 328, -1,
      330, 324, 323, -1,
      330, 323, 329, -1,
      331, 325, 324, -1,
      331, 324, 330, -1,
      332, 333, 327, -1,
      332, 334, 333, -1,
      332, 325, 331, -1,
      332, 327, 326, -1,
      332, 326, 325, -1,
      335, 266, 267, -1,
      335, 328, 266, -1,
      335, 329, 328, -1,
      336, 329, 335, -1,
      337, 329, 336, -1,
      337, 330, 329, -1,
      338, 331, 330, -1,
      338, 330, 337, -1,
      339, 332, 331, -1,
      339, 331, 338, -1,
      339, 334, 332, -1,
      340, 267, 268, -1,
      340, 268, 269, -1,
      340, 335, 267, -1,
      341, 336, 335, -1,
      341, 335, 340, -1,
      342, 337, 336, -1,
      342, 336, 341, -1,
      343, 338, 337, -1,
      343, 337, 342, -1,
      344, 339, 338, -1,
      344, 334, 339, -1,
      344, 345, 334, -1,
      344, 272, 345, -1,
      344, 338, 343, -1,
      346, 269, 270, -1,
      346, 340, 269, -1,
      346, 270, 347, -1,
      348, 346, 347, -1,
      348, 340, 346, -1,
      348, 349, 350, -1,
      348, 347, 349, -1,
      348, 341, 340, -1,
      348, 342, 341, -1,
      351, 348, 350, -1,
      351, 342, 348, -1,
      352, 353, 273, -1,
      352, 350, 353, -1,
      352, 343, 342, -1,
      352, 344, 343, -1,
      352, 351, 350, -1,
      352, 342, 351, -1,
      354, 273, 272, -1,
      354, 272, 344, -1,
      354, 352, 273, -1,
      354, 344, 352, -1,
      355, 356, 357, -1,
      358, 357, 359, -1,
      358, 359, 360, -1,
      358, 360, 361, -1,
      358, 361, 362, -1,
      358, 362, 363, -1,
      333, 334, 345, -1,
      364, 358, 365, -1,
      364, 365, 366, -1,
      364, 357, 358, -1,
      315, 321, 327, -1,
      303, 309, 315, -1,
      303, 327, 333, -1,
      303, 315, 327, -1,
      297, 283, 285, -1,
      297, 285, 291, -1,
      297, 345, 272, -1,
      297, 272, 271, -1,
      297, 271, 355, -1,
      297, 364, 283, -1,
      297, 355, 357, -1,
      297, 333, 345, -1,
      297, 357, 364, -1,
      297, 303, 333, -1,
      283, 364, 284, -1,
      367, 347, 270, -1,
      367, 270, 368, -1,
      369, 349, 347, -1,
      369, 347, 367, -1,
      370, 350, 349, -1,
      370, 349, 369, -1,
      371, 353, 350, -1,
      371, 350, 370, -1,
      372, 271, 273, -1,
      372, 273, 353, -1,
      372, 355, 271, -1,
      372, 353, 371, -1,
      373, 368, 374, -1,
      373, 367, 368, -1,
      375, 367, 373, -1,
      375, 369, 367, -1,
      376, 370, 369, -1,
      376, 369, 375, -1,
      377, 371, 370, -1,
      377, 370, 376, -1,
      378, 355, 372, -1,
      378, 372, 371, -1,
      378, 356, 355, -1,
      378, 371, 377, -1,
      379, 374, 380, -1,
      379, 373, 374, -1,
      381, 373, 379, -1,
      381, 375, 373, -1,
      382, 375, 381, -1,
      382, 376, 375, -1,
      383, 376, 382, -1,
      383, 377, 376, -1,
      384, 357, 356, -1,
      384, 377, 383, -1,
      384, 356, 378, -1,
      384, 378, 377, -1,
      385, 380, 386, -1,
      385, 379, 380, -1,
      387, 379, 385, -1,
      387, 381, 379, -1,
      388, 381, 387, -1,
      388, 382, 381, -1,
      389, 382, 388, -1,
      389, 383, 382, -1,
      390, 384, 383, -1,
      390, 383, 389, -1,
      390, 359, 357, -1,
      390, 357, 384, -1,
      391, 386, 392, -1,
      391, 385, 386, -1,
      393, 387, 385, -1,
      393, 385, 391, -1,
      394, 387, 393, -1,
      394, 388, 387, -1,
      395, 388, 394, -1,
      395, 389, 388, -1,
      396, 360, 359, -1,
      396, 359, 390, -1,
      396, 389, 395, -1,
      396, 390, 389, -1,
      397, 392, 398, -1,
      397, 391, 392, -1,
      399, 393, 391, -1,
      399, 391, 397, -1,
      400, 395, 394, -1,
      400, 394, 393, -1,
      400, 393, 399, -1,
      401, 395, 400, -1,
      402, 361, 360, -1,
      402, 360, 396, -1,
      402, 396, 395, -1,
      402, 395, 401, -1,
      403, 398, 404, -1,
      403, 397, 398, -1,
      405, 399, 397, -1,
      405, 397, 403, -1,
      406, 399, 405, -1,
      406, 400, 399, -1,
      407, 401, 400, -1,
      407, 400, 406, -1,
      408, 362, 361, -1,
      408, 361, 402, -1,
      408, 402, 401, -1,
      408, 401, 407, -1,
      409, 404, 410, -1,
      409, 403, 404, -1,
      411, 403, 409, -1,
      411, 405, 403, -1,
      412, 406, 405, -1,
      412, 405, 411, -1,
      413, 407, 406, -1,
      413, 406, 412, -1,
      414, 363, 362, -1,
      414, 362, 408, -1,
      414, 408, 407, -1,
      414, 407, 413, -1,
      415, 410, 416, -1,
      415, 416, 417, -1,
      415, 409, 410, -1,
      415, 411, 409, -1,
      418, 412, 411, -1,
      418, 411, 415, -1,
      419, 412, 418, -1,
      420, 413, 412, -1,
      420, 412, 419, -1,
      421, 413, 420, -1,
      421, 358, 363, -1,
      421, 363, 414, -1,
      421, 414, 413, -1,
      422, 415, 417, -1,
      423, 415, 422, -1,
      423, 418, 415, -1,
      424, 418, 423, -1,
      424, 419, 418, -1,
      425, 420, 419, -1,
      425, 419, 424, -1,
      426, 420, 425, -1,
      426, 365, 358, -1,
      426, 358, 421, -1,
      426, 421, 420, -1,
      427, 417, 428, -1,
      427, 422, 417, -1,
      429, 423, 422, -1,
      429, 422, 427, -1,
      430, 423, 429, -1,
      430, 424, 423, -1,
      431, 424, 430, -1,
      431, 425, 424, -1,
      432, 426, 425, -1,
      432, 365, 426, -1,
      432, 425, 431, -1,
      432, 366, 365, -1,
      432, 364, 366, -1,
      433, 428, 434, -1,
      433, 434, 258, -1,
      433, 258, 275, -1,
      433, 427, 428, -1,
      435, 433, 275, -1,
      435, 277, 279, -1,
      435, 275, 277, -1,
      435, 430, 429, -1,
      435, 427, 433, -1,
      435, 429, 427, -1,
      436, 430, 435, -1,
      436, 435, 279, -1,
      437, 279, 281, -1,
      437, 431, 430, -1,
      437, 430, 436, -1,
      437, 436, 279, -1,
      438, 431, 437, -1,
      438, 284, 364, -1,
      438, 281, 284, -1,
      438, 437, 281, -1,
      438, 432, 431, -1,
      438, 364, 432, -1,
      368, 270, 227, -1,
      368, 227, 225, -1,
      374, 225, 223, -1,
      374, 368, 225, -1,
      380, 223, 221, -1,
      380, 374, 223, -1,
      386, 221, 222, -1,
      386, 222, 224, -1,
      386, 380, 221, -1,
      392, 386, 224, -1,
      398, 224, 226, -1,
      398, 392, 224, -1,
      404, 226, 234, -1,
      404, 398, 226, -1,
      410, 234, 235, -1,
      410, 235, 236, -1,
      410, 404, 234, -1,
      416, 410, 236, -1,
      417, 236, 239, -1,
      417, 416, 236, -1,
      428, 239, 241, -1,
      428, 417, 239, -1,
      434, 241, 243, -1,
      434, 428, 241, -1,
      258, 243, 245, -1,
      258, 434, 243, -1,
      175, 157, 176, -1,
      175, 158, 157, -1,
      176, 156, 170, -1,
      176, 157, 156, -1,
      170, 155, 171, -1,
      170, 156, 155, -1,
      172, 123, 169, -1,
      172, 124, 123, -1,
      169, 93, 96, -1,
      169, 123, 93, -1,
    ]
  }
}

Shape {
  appearance Appearance {
    material Material {
      diffuseColor 0.6784 0.6784 0.6784
      specularColor 0.0000 0.0000 0.0000
      ambientIntensity 0.2
      transparency 1.0000
      shininess 0.5
    }
  }
  geometry IndexedFaceSet {
    ccw TRUE
    solid FALSE
    coord DEF co Coordinate {
      point [
        -0.235303 -0.202919 -0.007874,
        -0.243939 -0.220560 -0.007874,
        -0.243939 -0.220560 0.000000,
        -0.235303 -0.202919 0.000000,
        -0.412358 -0.379331 0.000000,
        -0.438268 -0.379331 0.000000,
        -1.023622 0.088583 0.000000,
        -1.023622 0.206693 0.000000,
        -0.748031 0.088583 0.000000,
        -0.438268 -0.172047 0.000000,
        -0.235303 -0.348459 0.000000,
        -0.218029 -0.366100 0.000000,
        -0.200756 -0.374920 0.000000,
        -0.243939 -0.330818 0.000000,
        -0.179163 -0.379331 0.000000,
        -0.248258 -0.308766 0.000000,
        -0.412358 -0.198509 0.000000,
        -0.218029 -0.326407 0.000000,
        -0.196437 -0.348459 0.000000,
        -0.209392 -0.339638 0.000000,
        -0.179163 -0.352869 0.000000,
        -0.222348 -0.308766 0.000000,
        -0.140298 -0.379331 0.000000,
        -0.282805 -0.198509 0.000000,
        -0.248258 -0.242612 0.000000,
        -0.282805 -0.172047 0.000000,
        -0.105750 -0.326407 0.000000,
        -0.222348 -0.242612 0.000000,
        -0.140298 -0.352869 0.000000,
        -0.123024 -0.348459 0.000000,
        -0.110069 -0.339638 0.000000,
        -0.045293 -0.379331 0.000000,
        -0.101432 -0.366100 0.000000,
        -0.084158 -0.348459 0.000000,
        -0.118706 -0.374920 0.000000,
        -0.218029 -0.185278 0.000000,
        -0.196437 -0.202919 0.000000,
        -0.218029 -0.224971 0.000000,
        -0.209392 -0.211740 0.000000,
        -0.179163 -0.198509 0.000000,
        -0.200756 -0.176457 0.000000,
        -0.179163 -0.172047 0.000000,
        -0.105750 -0.224971 0.000000,
        -0.140298 -0.198509 0.000000,
        -0.123024 -0.202919 0.000000,
        -0.110069 -0.211740 0.000000,
        -0.079840 -0.224971 0.000000,
        -0.079840 -0.326407 0.000000,
        -0.748031 0.206693 0.000000,
        0.144717 -0.379331 0.000000,
        0.110170 -0.379331 0.000000,
        0.110170 -0.352869 0.000000,
        -0.045293 -0.172047 0.000000,
        -0.118706 -0.176457 0.000000,
        -0.140298 -0.172047 0.000000,
        -0.101432 -0.185278 0.000000,
        -0.084158 -0.202919 0.000000,
        0.092896 -0.295535 0.000000,
        -0.019382 -0.352869 0.000000,
        -0.019382 -0.295535 0.000000,
        0.092896 -0.269074 0.000000,
        -0.019382 -0.269074 0.000000,
        -0.019382 -0.198509 0.000000,
        0.110170 -0.198509 0.000000,
        0.144717 -0.172047 0.000000,
        0.110170 -0.172047 0.000000,
        0.421094 -0.379331 0.000000,
        0.313135 -0.330818 0.000000,
        0.317453 -0.308766 0.000000,
        0.304498 -0.348459 0.000000,
        0.287224 -0.366100 0.000000,
        0.269951 -0.374920 0.000000,
        0.248359 -0.379331 0.000000,
        0.352000 -0.172047 0.000000,
        0.269951 -0.176457 0.000000,
        0.248359 -0.172047 0.000000,
        0.287224 -0.185278 0.000000,
        0.304498 -0.202919 0.000000,
        0.313135 -0.220560 0.000000,
        0.481551 -0.224971 0.000000,
        0.395185 -0.224971 0.000000,
        0.377911 -0.172047 0.000000,
        0.498827 -0.172047 0.000000,
        0.455642 -0.379331 0.000000,
        0.524736 -0.172047 0.000000,
        0.748031 0.088583 0.000000,
        0.748031 0.206693 0.000000,
        1.023622 0.088583 0.000000,
        1.023622 0.206693 0.000000,
        0.317453 -0.242612 0.000000,
        0.287224 -0.326407 0.000000,
        0.265632 -0.348459 0.000000,
        0.248359 -0.352869 0.000000,
        0.278587 -0.339638 0.000000,
        0.291543 -0.308766 0.000000,
        0.248359 -0.198509 0.000000,
        0.170628 -0.352869 0.000000,
        0.291543 -0.242612 0.000000,
        0.170628 -0.198509 0.000000,
        0.287224 -0.224971 0.000000,
        0.265632 -0.202919 0.000000,
        0.278587 -0.211740 0.000000,
        0.477232 -0.242612 0.000000,
        0.438370 -0.361689 0.000000,
        0.399504 -0.242612 0.000000,
        -0.748031 0.206693 -1.658067,
        -0.954724 0.206693 -1.850394,
        -1.023622 0.206693 -1.658067,
        -0.816929 0.206693 -1.850394,
        1.023622 0.206693 -1.658067,
        0.816929 0.206693 -1.850394,
        0.748031 0.206693 -1.658067,
        0.954724 0.206693 -1.850394,
        -1.023622 0.088583 -1.658067,
        -0.748031 0.088583 -1.658067,
        -0.954724 0.088583 -1.850394,
        -0.816929 0.088583 -1.850394,
        1.023622 0.088583 -1.658067,
        0.748031 0.088583 -1.658067,
        0.816929 0.088583 -1.850394,
        0.954724 0.088583 -1.850394,
        -0.438268 -0.172047 -0.007874,
        -0.438268 -0.379331 -0.007874,
        -0.412358 -0.379331 -0.007874,
        -0.412358 -0.198509 -0.007874,
        -0.282805 -0.198509 -0.007874,
        -0.282805 -0.172047 -0.007874,
        -0.209392 -0.211740 -0.007874,
        -0.218029 -0.185278 -0.007874,
        -0.196437 -0.202919 -0.007874,
        -0.200756 -0.176457 -0.007874,
        -0.218029 -0.224971 -0.007874,
        -0.179163 -0.198509 -0.007874,
        -0.179163 -0.172047 -0.007874,
        -0.222348 -0.242612 -0.007874,
        -0.248258 -0.242612 -0.007874,
        -0.140298 -0.198509 -0.007874,
        -0.140298 -0.172047 -0.007874,
        -0.118706 -0.176457 -0.007874,
        -0.123024 -0.202919 -0.007874,
        -0.101432 -0.185278 -0.007874,
        -0.222348 -0.308766 -0.007874,
        -0.248258 -0.308766 -0.007874,
        -0.243939 -0.330818 -0.007874,
        -0.110069 -0.211740 -0.007874,
        -0.218029 -0.326407 -0.007874,
        -0.235303 -0.348459 -0.007874,
        -0.084158 -0.202919 -0.007874,
        -0.105750 -0.224971 -0.007874,
        -0.209392 -0.339638 -0.007874,
        -0.079840 -0.224971 -0.007874,
        -0.218029 -0.366100 -0.007874,
        -0.196437 -0.348459 -0.007874,
        -0.200756 -0.374920 -0.007874,
        -0.179163 -0.352869 -0.007874,
        -0.179163 -0.379331 -0.007874,
        -0.140298 -0.379331 -0.007874,
        -0.140298 -0.352869 -0.007874,
        -0.118706 -0.374920 -0.007874,
        -0.123024 -0.348459 -0.007874,
        -0.084158 -0.348459 -0.007874,
        -0.110069 -0.339638 -0.007874,
        -0.105750 -0.326407 -0.007874,
        -0.079840 -0.326407 -0.007874,
        -0.101432 -0.366100 -0.007874,
        -0.019382 -0.269074 -0.007874,
        -0.045293 -0.172047 -0.007874,
        -0.019382 -0.198509 -0.007874,
        0.110170 -0.172047 -0.007874,
        0.110170 -0.198509 -0.007874,
        -0.045293 -0.379331 -0.007874,
        -0.019382 -0.295535 -0.007874,
        -0.019382 -0.352869 -0.007874,
        0.092896 -0.295535 -0.007874,
        0.092896 -0.269074 -0.007874,
        0.110170 -0.379331 -0.007874,
        0.110170 -0.352869 -0.007874,
        0.248359 -0.172047 -0.007874,
        0.170628 -0.198509 -0.007874,
        0.144717 -0.172047 -0.007874,
        0.248359 -0.198509 -0.007874,
        0.269951 -0.176457 -0.007874,
        0.265632 -0.202919 -0.007874,
        0.287224 -0.185278 -0.007874,
        0.278587 -0.211740 -0.007874,
        0.304498 -0.202919 -0.007874,
        0.287224 -0.224971 -0.007874,
        0.144717 -0.379331 -0.007874,
        0.170628 -0.352869 -0.007874,
        0.313135 -0.220560 -0.007874,
        0.291543 -0.242612 -0.007874,
        0.317453 -0.242612 -0.007874,
        0.317453 -0.308766 -0.007874,
        0.291543 -0.308766 -0.007874,
        0.248359 -0.379331 -0.007874,
        0.248359 -0.352869 -0.007874,
        0.313135 -0.330818 -0.007874,
        0.287224 -0.326407 -0.007874,
        0.269951 -0.374920 -0.007874,
        0.265632 -0.348459 -0.007874,
        0.304498 -0.348459 -0.007874,
        0.278587 -0.339638 -0.007874,
        0.287224 -0.366100 -0.007874,
        0.395185 -0.224971 -0.007874,
        0.352000 -0.172047 -0.007874,
        0.377911 -0.172047 -0.007874,
        0.399504 -0.242612 -0.007874,
        0.481551 -0.224971 -0.007874,
        0.498827 -0.172047 -0.007874,
        0.524736 -0.172047 -0.007874,
        0.477232 -0.242612 -0.007874,
        0.421094 -0.379331 -0.007874,
        0.438370 -0.361689 -0.007874,
        0.455642 -0.379331 -0.007874,
        -1.279528 0.282205 -0.386850,
        -1.279528 -0.403543 -0.393701,
        -1.279528 0.282205 -0.393701,
        -1.279528 0.285713 -0.355715,
        -1.279528 0.009843 0.009843,
        -1.279528 -0.403543 -0.196850,
        -1.279528 0.296061 -0.326141,
        -1.279528 0.312731 -0.299611,
        -1.279528 0.334887 -0.277456,
        -1.279528 0.361417 -0.260786,
        -1.279528 0.390991 -0.250437,
        -1.279528 0.422126 -0.246929,
        -1.279528 0.009843 0.324803,
        -1.279528 -0.620079 1.505906,
        -1.279528 -0.620079 0.324803,
        -1.279528 1.328740 -0.261014,
        -1.279528 0.935039 -0.246929,
        -1.279528 0.935039 -0.646311,
        -1.279528 1.328740 -0.646311,
        -1.279528 0.390677 0.926445,
        -1.279528 0.416638 0.897142,
        -1.279528 0.448858 0.874902,
        -1.279528 0.372483 0.961114,
        -1.279528 0.485465 0.861020,
        -1.279528 0.363113 0.999126,
        -1.279528 0.524331 0.856299,
        -1.279528 0.363113 1.038276,
        -1.279528 1.801181 -0.393701,
        -1.279528 1.377150 -0.299857,
        -1.279528 1.393713 -0.326330,
        -1.279528 1.403996 -0.355817,
        -1.279528 1.407480 -0.386850,
        -1.279528 1.407480 -0.393701,
        -1.279528 0.372483 1.076287,
        -1.279528 0.403543 1.181102,
        -1.279528 0.390677 1.110957,
        -1.279528 0.416638 1.140260,
        -1.279528 0.448858 1.162500,
        -1.279528 0.485465 1.176382,
        -1.279528 0.403543 1.505906,
        -1.279528 1.801181 0.383858,
        -1.279528 1.355126 -0.277717,
        -1.279528 1.328740 0.856299,
        -1.279528 0.524331 1.181102,
        -1.279528 1.328740 -1.503937,
        -1.279528 1.328740 -1.692913,
        -1.437008 1.328740 -1.692913,
        -1.437008 1.328740 -1.503937,
        -1.286244 1.328740 -1.431953,
        -1.441008 1.328740 -1.461087,
        -1.306161 1.328740 -1.362457,
        -1.452862 1.328740 -1.419720,
        -1.472169 1.328740 -1.381260,
        -1.338594 1.328740 -1.297843,
        -1.585083 1.328740 -1.200453,
        -1.451508 1.328740 -1.117035,
        -1.604846 1.328740 -1.159709,
        -1.458764 1.328740 -1.098898,
        -1.615535 1.328740 -1.115701,
        -1.616669 1.328740 -1.070429,
        -1.459256 1.328740 -1.079366,
        -1.608197 1.328740 -1.025945,
        -1.452917 1.328740 -1.060882,
        -1.590496 1.328740 -0.984260,
        -1.329764 1.328740 -0.839756,
        -1.467346 1.328740 -0.763134,
        -1.302122 1.328740 -0.778437,
        -1.450654 1.328740 -0.726102,
        -1.285217 1.328740 -0.713335,
        -1.440445 1.328740 -0.686787,
        -1.437008 1.328740 -0.646311,
        -1.437008 1.328740 -0.261014,
        -1.437008 1.326059 -1.713291,
        -1.279528 1.326059 -1.713291,
        -1.437008 1.318193 -1.732283,
        -1.279528 1.318193 -1.732283,
        -1.437008 1.305677 -1.748591,
        -1.279528 1.305677 -1.748591,
        -1.437008 1.289370 -1.761106,
        -1.279528 1.289370 -1.761106,
        -1.437008 1.270378 -1.768972,
        -1.279528 1.270378 -1.768972,
        -1.437008 1.250000 -1.771654,
        -1.279528 1.250000 -1.771654,
        -1.437008 0.974409 -1.761106,
        -1.437008 1.013780 -1.771654,
        -1.437008 0.993402 -1.768972,
        -1.437008 0.937720 -1.713291,
        -1.437008 0.958102 -1.748591,
        -1.437008 0.945587 -1.732283,
        -1.437008 0.935039 -1.692913,
        -1.437008 0.935039 -1.503937,
        -1.279528 0.937720 -1.713291,
        -1.279528 0.935039 -1.692913,
        -1.279528 0.945587 -1.732283,
        -1.279528 0.958102 -1.748591,
        -1.279528 0.974409 -1.761106,
        -1.279528 0.993402 -1.768972,
        -1.279528 1.013780 -1.771654,
        -1.279528 0.935039 -1.503937,
        -1.286244 0.935039 -1.431953,
        -1.441008 0.935039 -1.461087,
        -1.306161 0.935039 -1.362457,
        -1.452862 0.935039 -1.419720,
        -1.472169 0.935039 -1.381260,
        -1.338594 0.935039 -1.297843,
        -1.585083 0.935039 -1.200453,
        -1.451508 0.935039 -1.117035,
        -1.604846 0.935039 -1.159709,
        -1.458764 0.935039 -1.098898,
        -1.615535 0.935039 -1.115701,
        -1.616669 0.935039 -1.070429,
        -1.459256 0.935039 -1.079366,
        -1.608197 0.935039 -1.025945,
        -1.452917 0.935039 -1.060882,
        -1.590496 0.935039 -0.984260,
        -1.329764 0.935039 -0.839756,
        -1.467346 0.935039 -0.763134,
        -1.302122 0.935039 -0.778437,
        -1.450654 0.935039 -0.726102,
        -1.285217 0.935039 -0.713335,
        -1.440445 0.935039 -0.686787,
        -1.437008 0.935039 -0.646311,
        -1.437008 0.935039 -0.246929,
        -1.437008 0.282205 -0.386850,
        -1.437008 0.282205 -0.393701,
        -1.437008 -0.403543 -0.393701,
        -1.437008 0.285713 -0.355715,
        -1.437008 0.009843 0.009843,
        -1.437008 -0.403543 -0.196850,
        -1.437008 0.296061 -0.326141,
        -1.437008 0.312731 -0.299611,
        -1.437008 0.334887 -0.277456,
        -1.437008 0.361417 -0.260786,
        -1.437008 0.390991 -0.250437,
        -1.437008 0.422126 -0.246929,
        -1.437008 0.009843 0.324803,
        -1.437008 -0.620079 1.505906,
        -1.437008 -0.620079 0.324803,
        -1.437008 0.391146 0.925768,
        -1.437008 0.417102 0.896732,
        -1.437008 0.449224 0.874709,
        -1.437008 0.372851 0.960150,
        -1.437008 0.485665 0.860969,
        -1.437008 0.363267 0.997898,
        -1.437008 0.524331 0.856299,
        -1.437008 0.362946 1.036843,
        -1.437008 1.801181 -0.393701,
        -1.437008 1.393713 -0.326330,
        -1.437008 1.377150 -0.299857,
        -1.437008 1.403996 -0.355817,
        -1.437008 1.407480 -0.386850,
        -1.437008 1.407480 -0.393701,
        -1.437008 0.371906 1.074744,
        -1.437008 0.389633 1.109425,
        -1.437008 0.521654 1.505906,
        -1.437008 0.521654 1.181079,
        -1.437008 0.483071 1.175772,
        -1.437008 0.446862 1.161433,
        -1.437008 0.415106 1.138886,
        -1.437008 1.801181 0.383858,
        -1.437008 1.355126 -0.277717,
        -1.437008 1.328740 0.856299,
        -1.433059 -0.655122 1.505906,
        -1.433059 -0.655122 0.324803,
        -1.421413 -0.688406 1.505906,
        -1.421413 -0.688406 0.324803,
        -1.402650 -0.718268 1.505906,
        -1.402650 -0.718268 0.324803,
        -1.377717 -0.743201 0.324803,
        -1.377717 -0.743201 1.505906,
        -1.347854 -0.761965 1.505906,
        -1.347854 -0.761965 0.324803,
        -1.314571 -0.773610 0.324803,
        -1.314571 -0.773610 1.505906,
        -1.279528 -0.777559 1.505906,
        -1.279528 -0.777559 0.324803,
        -1.240157 0.442913 1.505906,
        -0.786913 0.600394 1.505906,
        -1.358268 0.600394 1.505906,
        -0.786913 0.442913 1.505906,
        -1.259843 0.437638 1.505906,
        -1.413945 0.577331 1.505906,
        -1.378646 0.597713 1.505906,
        -1.397638 0.589846 1.505906,
        -1.426461 0.561024 1.505906,
        -1.434327 0.542031 1.505906,
        -1.274252 0.423228 1.505906,
        -1.220472 -0.620079 1.505906,
        -1.220472 -0.777559 1.505906,
        -1.436961 0.524331 1.181102,
        -1.433717 0.544181 1.181102,
        -1.425547 0.562559 1.181102,
        -1.412992 0.578272 1.181102,
        -1.396862 0.590287 1.181102,
        -1.378217 0.597827 1.181102,
        -1.358268 0.600394 1.181102,
        -1.240157 0.442913 1.181102,
        -0.786913 0.600394 1.181102,
        -0.786913 0.442913 1.181102,
        -1.259843 0.437638 1.181102,
        -1.274252 0.423228 1.181102,
        -0.752819 0.600394 1.200787,
        -0.747543 0.600394 1.220472,
        -0.747543 0.442913 1.220472,
        -0.752819 0.442913 1.200787,
        -0.767228 0.600394 1.186378,
        -0.767228 0.442913 1.186378,
        -0.767228 0.600394 1.500630,
        -0.752819 0.600394 1.486220,
        -0.747543 0.600394 1.466535,
        -0.767228 0.442913 1.500630,
        -0.752819 0.442913 1.486220,
        -0.747543 0.442913 1.466535,
        -0.369019 -0.620079 0.646488,
        -1.220472 -0.620079 -0.196850,
        -1.220472 -0.620079 0.324803,
        -0.486236 -0.620079 0.750335,
        -0.575197 -0.620079 0.879217,
        -0.230354 -0.620079 0.573709,
        -0.630728 -0.620079 1.025642,
        -0.078302 -0.620079 0.536232,
        -0.649606 -0.620079 1.181102,
        -0.630728 -0.620079 1.336563,
        -0.575197 -0.620079 1.482988,
        1.220472 -0.620079 -0.196850,
        0.230354 -0.620079 0.573709,
        0.369019 -0.620079 0.646488,
        0.078302 -0.620079 0.536232,
        -0.486236 -0.620079 1.611870,
        -1.220472 -0.620079 2.362205,
        -0.369019 -0.620079 1.715717,
        1.220472 -0.620079 0.324803,
        0.486236 -0.620079 0.750335,
        0.575197 -0.620079 0.879217,
        -0.230354 -0.620079 1.788496,
        0.630728 -0.620079 1.025642,
        -0.078302 -0.620079 1.825972,
        1.220472 -0.620079 1.505906,
        1.279528 -0.620079 0.324803,
        0.649606 -0.620079 1.181102,
        0.575197 -0.620079 1.482988,
        0.486236 -0.620079 1.611870,
        0.630728 -0.620079 1.336563,
        1.279528 -0.620079 1.505906,
        1.220472 -0.620079 2.362205,
        0.230354 -0.620079 1.788496,
        0.078302 -0.620079 1.825972,
        0.369019 -0.620079 1.715717,
        -0.630728 -0.777559 1.025642,
        -0.649606 -0.777559 1.181102,
        -0.575197 -0.777559 0.879217,
        -0.486236 -0.777559 0.750335,
        -0.369019 -0.777559 0.646488,
        -0.230354 -0.777559 0.573709,
        -0.078302 -0.777559 0.536232,
        0.078302 -0.777559 0.536232,
        0.230354 -0.777559 0.573709,
        0.369019 -0.777559 0.646488,
        0.486236 -0.777559 0.750335,
        0.575197 -0.777559 0.879217,
        0.630728 -0.777559 1.025642,
        0.649606 -0.777559 1.181102,
        0.630728 -0.777559 1.336563,
        0.575197 -0.777559 1.482988,
        0.486236 -0.777559 1.611870,
        0.369019 -0.777559 1.715717,
        0.230354 -0.777559 1.788496,
        0.078302 -0.777559 1.825972,
        -0.078302 -0.777559 1.825972,
        -0.230354 -0.777559 1.788496,
        -0.369019 -0.777559 1.715717,
        -0.486236 -0.777559 1.611870,
        -0.575197 -0.777559 1.482988,
        -0.630728 -0.777559 1.336563,
        -0.977965 -0.777559 0.152956,
        -1.013488 -0.777559 0.184425,
        -1.220472 -0.777559 -0.196850,
        -1.040445 -0.777559 0.223480,
        -1.220472 -0.777559 0.324803,
        -0.935945 -0.777559 0.130902,
        -1.057272 -0.777559 0.267851,
        -0.889870 -0.777559 0.119546,
        -1.062992 -0.777559 0.314961,
        -0.842413 -0.777559 0.119546,
        -1.057272 -0.777559 0.362070,
        -0.796339 -0.777559 0.130902,
        -1.040445 -0.777559 0.406441,
        -1.013488 -0.777559 0.445496,
        -0.977965 -0.777559 0.476965,
        -0.754319 -0.777559 0.476965,
        -0.718795 -0.777559 0.445496,
        -0.796339 -0.777559 0.499020,
        -0.691839 -0.777559 0.406441,
        -0.675012 -0.777559 0.362070,
        -0.935945 -0.777559 0.499020,
        -0.842413 -0.777559 0.510374,
        -0.889870 -0.777559 0.510374,
        -0.669291 -0.777559 0.314961,
        -0.675012 -0.777559 0.267851,
        -0.691839 -0.777559 0.223480,
        -0.718795 -0.777559 0.184425,
        0.718795 -0.777559 0.184425,
        0.754319 -0.777559 0.152956,
        -0.754319 -0.777559 0.152956,
        -0.977965 -0.777559 1.885240,
        -1.013488 -0.777559 1.916709,
        0.691839 -0.777559 0.223480,
        0.796339 -0.777559 0.130902,
        -0.935945 -0.777559 1.863185,
        0.675012 -0.777559 0.267851,
        -0.889870 -0.777559 1.851831,
        0.669291 -0.777559 0.314961,
        -0.842413 -0.777559 1.851831,
        1.220472 -0.777559 -0.196850,
        0.842413 -0.777559 0.119546,
        0.889870 -0.777559 0.119546,
        0.675012 -0.777559 0.362070,
        0.935945 -0.777559 0.130902,
        -0.796339 -0.777559 1.863185,
        0.691839 -0.777559 0.406441,
        0.977965 -0.777559 0.152956,
        -0.754319 -0.777559 1.885240,
        -1.220472 -0.777559 2.362205,
        -1.057272 -0.777559 2.094354,
        -1.040445 -0.777559 2.138724,
        -1.062992 -0.777559 2.047244,
        0.718795 -0.777559 0.445496,
        -1.013488 -0.777559 2.177780,
        1.013488 -0.777559 0.184425,
        -0.718795 -0.777559 1.916709,
        -0.977965 -0.777559 2.209248,
        0.754319 -0.777559 0.476965,
        1.040445 -0.777559 0.223480,
        0.796339 -0.777559 0.499020,
        -0.935945 -0.777559 2.231303,
        -0.691839 -0.777559 1.955764,
        -0.675012 -0.777559 2.000134,
        -0.889870 -0.777559 2.242657,
        -0.842413 -0.777559 2.242657,
        0.842413 -0.777559 0.510374,
        0.889870 -0.777559 0.510374,
        1.220472 -0.777559 0.324803,
        1.057272 -0.777559 0.267851,
        1.062992 -0.777559 0.314961,
        1.057272 -0.777559 0.362070,
        1.040445 -0.777559 0.406441,
        1.013488 -0.777559 0.445496,
        -0.669291 -0.777559 2.047244,
        -0.675012 -0.777559 2.094354,
        1.279528 -0.777559 0.324803,
        0.977965 -0.777559 0.476965,
        0.935945 -0.777559 0.499020,
        -0.691839 -0.777559 2.138724,
        -0.718795 -0.777559 2.177780,
        0.718795 -0.777559 1.916709,
        0.754319 -0.777559 1.885240,
        0.691839 -0.777559 1.955764,
        0.796339 -0.777559 1.863185,
        0.675012 -0.777559 2.000134,
        0.842413 -0.777559 1.851831,
        0.669291 -0.777559 2.047244,
        1.220472 -0.777559 1.505906,
        0.889870 -0.777559 1.851831,
        0.675012 -0.777559 2.094354,
        1.279528 -0.777559 1.505906,
        0.935945 -0.777559 1.863185,
        0.691839 -0.777559 2.138724,
        0.977965 -0.777559 1.885240,
        0.718795 -0.777559 2.177780,
        1.013488 -0.777559 1.916709,
        0.754319 -0.777559 2.209248,
        -0.754319 -0.777559 2.209248,
        1.220472 -0.777559 2.362205,
        1.057272 -0.777559 2.094354,
        1.062992 -0.777559 2.047244,
        1.040445 -0.777559 2.138724,
        1.013488 -0.777559 2.177780,
        0.977965 -0.777559 2.209248,
        0.935945 -0.777559 2.231303,
        0.889870 -0.777559 2.242657,
        0.842413 -0.777559 2.242657,
        1.057272 -0.777559 2.000134,
        1.040445 -0.777559 1.955764,
        -0.796339 -0.777559 2.231303,
        0.796339 -0.777559 2.231303,
        -1.057272 -0.777559 2.000134,
        -1.040445 -0.777559 1.955764,
      ]
    }
    coordIndex [
      105, 106, 107, -1,
      105, 108, 106, -1,
      48, 107, 7, -1,
      48, 105, 107, -1,
      109, 110, 111, -1,
      109, 112, 110, -1,
      88, 111, 86, -1,
      88, 109, 111, -1,
      113, 7, 107, -1,
      113, 6, 7, -1,
      114, 113, 115, -1,
      114, 115, 116, -1,
      8, 6, 113, -1,
      8, 113, 114, -1,
      117, 118, 119, -1,
      117, 119, 120, -1,
      87, 85, 118, -1,
      87, 118, 117, -1,
      8, 114, 105, -1,
      8, 105, 48, -1,
      114, 116, 108, -1,
      114, 108, 105, -1,
      116, 115, 106, -1,
      116, 106, 108, -1,
      115, 113, 107, -1,
      115, 107, 106, -1,
      87, 117, 109, -1,
      87, 109, 88, -1,
      117, 120, 112, -1,
      117, 112, 109, -1,
      120, 119, 110, -1,
      120, 110, 112, -1,
      119, 118, 111, -1,
      119, 111, 110, -1,
      118, 86, 111, -1,
      118, 85, 86, -1,
      121, 122, 5, -1,
      121, 5, 9, -1,
      122, 123, 4, -1,
      122, 4, 5, -1,
      123, 124, 16, -1,
      123, 16, 4, -1,
      124, 125, 23, -1,
      124, 23, 16, -1,
      125, 126, 25, -1,
      125, 25, 23, -1,
      126, 121, 9, -1,
      126, 9, 25, -1,
      126, 124, 121, -1,
      125, 124, 126, -1,
      122, 121, 124, -1,
      123, 122, 124, -1,
      127, 0, 128, -1,
      129, 128, 130, -1,
      129, 127, 128, -1,
      131, 1, 0, -1,
      131, 0, 127, -1,
      132, 130, 133, -1,
      132, 129, 130, -1,
      134, 135, 1, -1,
      134, 1, 131, -1,
      136, 133, 137, -1,
      136, 137, 138, -1,
      136, 132, 133, -1,
      139, 136, 138, -1,
      140, 139, 138, -1,
      141, 142, 135, -1,
      141, 135, 134, -1,
      143, 142, 141, -1,
      144, 139, 140, -1,
      145, 143, 141, -1,
      146, 143, 145, -1,
      147, 144, 140, -1,
      148, 144, 147, -1,
      149, 146, 145, -1,
      150, 148, 147, -1,
      151, 146, 149, -1,
      152, 151, 149, -1,
      153, 152, 154, -1,
      153, 151, 152, -1,
      155, 153, 154, -1,
      156, 155, 154, -1,
      156, 154, 157, -1,
      158, 156, 157, -1,
      158, 157, 159, -1,
      160, 161, 162, -1,
      160, 162, 163, -1,
      164, 161, 160, -1,
      164, 159, 161, -1,
      164, 158, 159, -1,
      165, 166, 167, -1,
      168, 167, 166, -1,
      169, 167, 168, -1,
      170, 171, 172, -1,
      170, 166, 165, -1,
      170, 165, 171, -1,
      173, 165, 174, -1,
      173, 171, 165, -1,
      175, 172, 176, -1,
      175, 170, 172, -1,
      177, 178, 179, -1,
      180, 177, 181, -1,
      180, 178, 177, -1,
      182, 180, 181, -1,
      183, 182, 181, -1,
      184, 182, 183, -1,
      185, 184, 183, -1,
      186, 184, 185, -1,
      187, 178, 188, -1,
      187, 179, 178, -1,
      189, 186, 185, -1,
      190, 186, 189, -1,
      191, 190, 189, -1,
      192, 193, 190, -1,
      192, 190, 191, -1,
      194, 188, 195, -1,
      194, 187, 188, -1,
      196, 197, 193, -1,
      196, 193, 192, -1,
      198, 195, 199, -1,
      198, 194, 195, -1,
      200, 201, 197, -1,
      200, 197, 196, -1,
      202, 199, 201, -1,
      202, 198, 199, -1,
      202, 201, 200, -1,
      203, 204, 205, -1,
      206, 204, 203, -1,
      207, 208, 209, -1,
      210, 203, 207, -1,
      210, 206, 203, -1,
      210, 207, 209, -1,
      211, 206, 212, -1,
      211, 204, 206, -1,
      213, 212, 210, -1,
      213, 211, 212, -1,
      213, 210, 209, -1,
      148, 150, 46, -1,
      148, 46, 42, -1,
      150, 147, 56, -1,
      150, 56, 46, -1,
      147, 140, 55, -1,
      147, 55, 56, -1,
      140, 138, 53, -1,
      140, 53, 55, -1,
      138, 137, 54, -1,
      138, 54, 53, -1,
      137, 133, 41, -1,
      137, 41, 54, -1,
      133, 130, 40, -1,
      133, 40, 41, -1,
      130, 128, 35, -1,
      130, 35, 40, -1,
      128, 0, 3, -1,
      128, 3, 35, -1,
      144, 148, 42, -1,
      144, 42, 45, -1,
      139, 144, 45, -1,
      139, 45, 44, -1,
      136, 139, 44, -1,
      136, 44, 43, -1,
      132, 136, 43, -1,
      132, 43, 39, -1,
      129, 132, 39, -1,
      129, 39, 36, -1,
      127, 129, 36, -1,
      127, 36, 38, -1,
      131, 127, 38, -1,
      131, 38, 37, -1,
      134, 131, 37, -1,
      134, 37, 27, -1,
      141, 134, 27, -1,
      141, 27, 21, -1,
      145, 141, 21, -1,
      145, 21, 17, -1,
      149, 145, 17, -1,
      149, 17, 19, -1,
      152, 149, 19, -1,
      152, 19, 18, -1,
      154, 152, 18, -1,
      154, 18, 20, -1,
      157, 154, 20, -1,
      157, 20, 28, -1,
      159, 157, 28, -1,
      159, 28, 29, -1,
      161, 159, 29, -1,
      161, 29, 30, -1,
      162, 161, 30, -1,
      162, 30, 26, -1,
      163, 162, 26, -1,
      163, 26, 47, -1,
      160, 163, 47, -1,
      160, 47, 33, -1,
      164, 160, 33, -1,
      164, 33, 32, -1,
      158, 164, 32, -1,
      158, 32, 34, -1,
      156, 158, 34, -1,
      156, 34, 22, -1,
      155, 156, 22, -1,
      155, 22, 14, -1,
      153, 155, 14, -1,
      153, 14, 12, -1,
      151, 153, 12, -1,
      151, 12, 11, -1,
      146, 151, 11, -1,
      146, 11, 10, -1,
      143, 146, 10, -1,
      143, 10, 13, -1,
      142, 143, 13, -1,
      142, 13, 15, -1,
      135, 142, 15, -1,
      135, 15, 24, -1,
      1, 135, 24, -1,
      1, 24, 2, -1,
      167, 169, 63, -1,
      167, 63, 62, -1,
      169, 168, 65, -1,
      169, 65, 63, -1,
      168, 166, 52, -1,
      168, 52, 65, -1,
      166, 170, 31, -1,
      166, 31, 52, -1,
      170, 175, 50, -1,
      170, 50, 31, -1,
      175, 176, 51, -1,
      175, 51, 50, -1,
      176, 172, 58, -1,
      176, 58, 51, -1,
      172, 171, 59, -1,
      172, 59, 58, -1,
      171, 173, 57, -1,
      171, 57, 59, -1,
      173, 174, 60, -1,
      173, 60, 57, -1,
      174, 165, 61, -1,
      174, 61, 60, -1,
      165, 167, 62, -1,
      165, 62, 61, -1,
      187, 194, 72, -1,
      187, 72, 49, -1,
      194, 198, 71, -1,
      194, 71, 72, -1,
      198, 202, 70, -1,
      198, 70, 71, -1,
      202, 200, 69, -1,
      202, 69, 70, -1,
      200, 196, 67, -1,
      200, 67, 69, -1,
      196, 192, 68, -1,
      196, 68, 67, -1,
      192, 191, 89, -1,
      192, 89, 68, -1,
      191, 189, 78, -1,
      191, 78, 89, -1,
      189, 185, 77, -1,
      189, 77, 78, -1,
      185, 183, 76, -1,
      185, 76, 77, -1,
      183, 181, 74, -1,
      183, 74, 76, -1,
      181, 177, 75, -1,
      181, 75, 74, -1,
      177, 179, 64, -1,
      177, 64, 75, -1,
      179, 187, 49, -1,
      179, 49, 64, -1,
      195, 188, 96, -1,
      195, 96, 92, -1,
      188, 178, 98, -1,
      188, 98, 96, -1,
      178, 180, 95, -1,
      178, 95, 98, -1,
      180, 182, 100, -1,
      180, 100, 95, -1,
      182, 184, 101, -1,
      182, 101, 100, -1,
      184, 186, 99, -1,
      184, 99, 101, -1,
      186, 190, 97, -1,
      186, 97, 99, -1,
      190, 193, 94, -1,
      190, 94, 97, -1,
      193, 197, 90, -1,
      193, 90, 94, -1,
      197, 201, 93, -1,
      197, 93, 90, -1,
      201, 199, 91, -1,
      201, 91, 93, -1,
      199, 195, 92, -1,
      199, 92, 91, -1,
      211, 213, 83, -1,
      211, 83, 66, -1,
      213, 209, 84, -1,
      213, 84, 83, -1,
      209, 208, 82, -1,
      209, 82, 84, -1,
      208, 207, 79, -1,
      208, 79, 82, -1,
      207, 203, 80, -1,
      207, 80, 79, -1,
      203, 205, 81, -1,
      203, 81, 80, -1,
      205, 204, 73, -1,
      205, 73, 81, -1,
      204, 211, 66, -1,
      204, 66, 73, -1,
      210, 212, 103, -1,
      210, 103, 102, -1,
      212, 206, 104, -1,
      212, 104, 103, -1,
      206, 210, 102, -1,
      206, 102, 104, -1,
      214, 215, 216, -1,
      217, 215, 214, -1,
      218, 219, 215, -1,
      218, 217, 220, -1,
      218, 220, 221, -1,
      218, 215, 217, -1,
      222, 218, 221, -1,
      223, 218, 222, -1,
      224, 218, 223, -1,
      225, 218, 224, -1,
      226, 218, 225, -1,
      227, 228, 226, -1,
      229, 230, 231, -1,
      229, 231, 232, -1,
      233, 226, 234, -1,
      235, 234, 226, -1,
      236, 226, 233, -1,
      237, 235, 226, -1,
      238, 227, 226, -1,
      238, 226, 236, -1,
      239, 225, 230, -1,
      239, 226, 225, -1,
      239, 237, 226, -1,
      240, 227, 238, -1,
      241, 242, 243, -1,
      241, 243, 244, -1,
      241, 244, 245, -1,
      241, 245, 246, -1,
      247, 227, 240, -1,
      248, 227, 247, -1,
      248, 247, 249, -1,
      248, 249, 250, -1,
      251, 248, 250, -1,
      252, 248, 251, -1,
      253, 227, 248, -1,
      254, 229, 255, -1,
      254, 255, 242, -1,
      254, 242, 241, -1,
      256, 239, 230, -1,
      256, 229, 254, -1,
      256, 230, 229, -1,
      257, 248, 252, -1,
      258, 259, 260, -1,
      261, 262, 258, -1,
      261, 258, 260, -1,
      263, 264, 262, -1,
      263, 262, 261, -1,
      265, 264, 263, -1,
      266, 267, 264, -1,
      266, 264, 265, -1,
      268, 269, 267, -1,
      268, 267, 266, -1,
      270, 271, 269, -1,
      270, 269, 268, -1,
      272, 271, 270, -1,
      273, 274, 271, -1,
      273, 271, 272, -1,
      275, 276, 274, -1,
      275, 274, 273, -1,
      277, 278, 276, -1,
      277, 276, 275, -1,
      279, 280, 278, -1,
      279, 278, 277, -1,
      281, 282, 280, -1,
      281, 280, 279, -1,
      283, 232, 282, -1,
      283, 282, 281, -1,
      284, 232, 283, -1,
      285, 229, 232, -1,
      285, 232, 284, -1,
      286, 260, 259, -1,
      286, 259, 287, -1,
      288, 287, 289, -1,
      288, 286, 287, -1,
      290, 289, 291, -1,
      290, 288, 289, -1,
      292, 291, 293, -1,
      292, 290, 291, -1,
      294, 293, 295, -1,
      294, 292, 293, -1,
      296, 295, 297, -1,
      296, 294, 295, -1,
      296, 260, 286, -1,
      296, 286, 288, -1,
      296, 288, 290, -1,
      296, 290, 292, -1,
      296, 292, 294, -1,
      261, 260, 296, -1,
      298, 299, 300, -1,
      301, 298, 302, -1,
      301, 302, 303, -1,
      304, 299, 298, -1,
      304, 298, 301, -1,
      305, 296, 299, -1,
      305, 261, 296, -1,
      305, 299, 304, -1,
      306, 307, 304, -1,
      306, 304, 301, -1,
      308, 301, 303, -1,
      308, 306, 301, -1,
      309, 303, 302, -1,
      309, 308, 303, -1,
      310, 302, 298, -1,
      310, 309, 302, -1,
      311, 298, 300, -1,
      311, 310, 298, -1,
      312, 300, 299, -1,
      312, 311, 300, -1,
      297, 259, 258, -1,
      297, 295, 293, -1,
      297, 293, 291, -1,
      297, 291, 289, -1,
      297, 289, 287, -1,
      297, 287, 259, -1,
      312, 313, 307, -1,
      312, 258, 313, -1,
      312, 297, 258, -1,
      310, 311, 312, -1,
      308, 307, 306, -1,
      309, 312, 307, -1,
      309, 310, 312, -1,
      309, 307, 308, -1,
      313, 304, 307, -1,
      305, 313, 314, -1,
      305, 304, 313, -1,
      315, 314, 316, -1,
      315, 305, 314, -1,
      317, 315, 316, -1,
      318, 316, 319, -1,
      318, 317, 316, -1,
      320, 319, 321, -1,
      320, 318, 319, -1,
      322, 321, 323, -1,
      322, 320, 321, -1,
      324, 322, 323, -1,
      325, 323, 326, -1,
      325, 324, 323, -1,
      327, 326, 328, -1,
      327, 325, 326, -1,
      329, 328, 330, -1,
      329, 327, 328, -1,
      331, 330, 332, -1,
      331, 329, 330, -1,
      333, 332, 334, -1,
      333, 331, 332, -1,
      335, 334, 231, -1,
      335, 333, 334, -1,
      336, 335, 231, -1,
      337, 231, 230, -1,
      337, 336, 231, -1,
      265, 318, 266, -1,
      265, 317, 318, -1,
      263, 315, 317, -1,
      263, 317, 265, -1,
      261, 305, 315, -1,
      261, 315, 263, -1,
      320, 268, 266, -1,
      320, 266, 318, -1,
      270, 268, 320, -1,
      270, 320, 322, -1,
      272, 322, 324, -1,
      272, 270, 322, -1,
      273, 324, 325, -1,
      273, 272, 324, -1,
      275, 325, 327, -1,
      275, 273, 325, -1,
      277, 327, 329, -1,
      277, 275, 327, -1,
      331, 279, 277, -1,
      331, 277, 329, -1,
      283, 336, 284, -1,
      283, 335, 336, -1,
      281, 333, 335, -1,
      281, 335, 283, -1,
      279, 331, 333, -1,
      279, 333, 281, -1,
      338, 339, 340, -1,
      341, 338, 340, -1,
      342, 340, 343, -1,
      342, 344, 341, -1,
      342, 345, 344, -1,
      342, 341, 340, -1,
      346, 345, 342, -1,
      347, 346, 342, -1,
      348, 347, 342, -1,
      349, 348, 342, -1,
      350, 349, 342, -1,
      351, 350, 352, -1,
      285, 336, 337, -1,
      285, 284, 336, -1,
      353, 354, 350, -1,
      355, 350, 354, -1,
      356, 353, 350, -1,
      357, 350, 355, -1,
      358, 356, 350, -1,
      358, 350, 351, -1,
      359, 337, 349, -1,
      359, 349, 350, -1,
      359, 350, 357, -1,
      360, 358, 351, -1,
      361, 362, 363, -1,
      361, 364, 362, -1,
      361, 365, 364, -1,
      361, 366, 365, -1,
      367, 360, 351, -1,
      368, 367, 351, -1,
      369, 368, 351, -1,
      369, 370, 371, -1,
      369, 371, 372, -1,
      369, 372, 373, -1,
      369, 373, 368, -1,
      374, 375, 285, -1,
      374, 363, 375, -1,
      374, 361, 363, -1,
      376, 337, 359, -1,
      376, 285, 337, -1,
      376, 374, 285, -1,
      377, 351, 352, -1,
      377, 352, 378, -1,
      379, 378, 380, -1,
      379, 377, 378, -1,
      381, 382, 383, -1,
      381, 380, 382, -1,
      381, 379, 380, -1,
      384, 381, 383, -1,
      385, 386, 387, -1,
      385, 383, 386, -1,
      385, 384, 383, -1,
      388, 385, 387, -1,
      389, 387, 390, -1,
      389, 388, 387, -1,
      391, 392, 393, -1,
      391, 394, 392, -1,
      395, 391, 393, -1,
      396, 393, 397, -1,
      396, 397, 398, -1,
      369, 396, 399, -1,
      369, 399, 400, -1,
      369, 253, 401, -1,
      369, 401, 395, -1,
      369, 393, 396, -1,
      369, 395, 393, -1,
      351, 227, 253, -1,
      351, 253, 369, -1,
      389, 402, 227, -1,
      389, 403, 402, -1,
      377, 227, 351, -1,
      388, 389, 227, -1,
      379, 227, 377, -1,
      385, 388, 227, -1,
      381, 227, 379, -1,
      384, 385, 227, -1,
      384, 227, 381, -1,
      404, 369, 400, -1,
      404, 370, 369, -1,
      405, 400, 399, -1,
      405, 404, 400, -1,
      406, 399, 396, -1,
      406, 405, 399, -1,
      407, 396, 398, -1,
      407, 406, 396, -1,
      408, 398, 397, -1,
      408, 407, 398, -1,
      409, 397, 393, -1,
      409, 408, 397, -1,
      410, 409, 393, -1,
      357, 239, 359, -1,
      357, 237, 239, -1,
      355, 235, 237, -1,
      355, 237, 357, -1,
      354, 234, 235, -1,
      354, 235, 355, -1,
      353, 233, 234, -1,
      353, 234, 354, -1,
      356, 236, 233, -1,
      356, 233, 353, -1,
      358, 238, 236, -1,
      358, 236, 356, -1,
      360, 240, 238, -1,
      360, 238, 358, -1,
      367, 247, 240, -1,
      367, 240, 360, -1,
      368, 249, 247, -1,
      368, 247, 367, -1,
      373, 250, 249, -1,
      373, 249, 368, -1,
      372, 251, 250, -1,
      372, 250, 373, -1,
      371, 252, 251, -1,
      371, 251, 372, -1,
      370, 257, 252, -1,
      370, 252, 371, -1,
      404, 257, 370, -1,
      359, 256, 376, -1,
      359, 239, 256, -1,
      374, 376, 256, -1,
      374, 256, 254, -1,
      374, 241, 361, -1,
      374, 254, 241, -1,
      361, 246, 366, -1,
      361, 241, 246, -1,
      366, 245, 365, -1,
      366, 246, 245, -1,
      244, 365, 245, -1,
      244, 364, 365, -1,
      243, 362, 364, -1,
      243, 364, 244, -1,
      242, 363, 362, -1,
      242, 362, 243, -1,
      255, 375, 363, -1,
      255, 363, 242, -1,
      229, 285, 375, -1,
      229, 375, 255, -1,
      411, 412, 413, -1,
      257, 411, 414, -1,
      257, 414, 415, -1,
      257, 412, 411, -1,
      410, 412, 257, -1,
      404, 410, 257, -1,
      409, 410, 404, -1,
      408, 409, 404, -1,
      406, 404, 405, -1,
      407, 408, 404, -1,
      407, 404, 406, -1,
      257, 415, 248, -1,
      416, 417, 418, -1,
      416, 418, 419, -1,
      420, 419, 421, -1,
      420, 416, 419, -1,
      412, 421, 413, -1,
      412, 420, 421, -1,
      412, 417, 416, -1,
      412, 416, 420, -1,
      392, 422, 423, -1,
      392, 423, 424, -1,
      392, 424, 417, -1,
      392, 417, 412, -1,
      393, 412, 410, -1,
      393, 392, 412, -1,
      422, 392, 394, -1,
      422, 394, 425, -1,
      423, 425, 426, -1,
      423, 422, 425, -1,
      424, 426, 427, -1,
      424, 423, 426, -1,
      424, 418, 417, -1,
      424, 427, 418, -1,
      418, 413, 421, -1,
      418, 421, 419, -1,
      394, 391, 411, -1,
      394, 411, 413, -1,
      427, 413, 418, -1,
      427, 394, 413, -1,
      425, 427, 426, -1,
      425, 394, 427, -1,
      415, 253, 248, -1,
      415, 401, 253, -1,
      414, 395, 401, -1,
      414, 401, 415, -1,
      411, 391, 395, -1,
      411, 395, 414, -1,
      428, 429, 430, -1,
      428, 430, 431, -1,
      402, 228, 227, -1,
      402, 430, 228, -1,
      432, 431, 430, -1,
      433, 429, 428, -1,
      434, 430, 402, -1,
      434, 432, 430, -1,
      435, 429, 433, -1,
      436, 434, 402, -1,
      437, 436, 402, -1,
      438, 437, 402, -1,
      439, 440, 441, -1,
      439, 442, 440, -1,
      439, 435, 442, -1,
      439, 429, 435, -1,
      443, 438, 402, -1,
      444, 443, 402, -1,
      445, 443, 444, -1,
      446, 447, 448, -1,
      446, 441, 447, -1,
      446, 439, 441, -1,
      449, 445, 444, -1,
      450, 446, 448, -1,
      451, 449, 444, -1,
      452, 453, 446, -1,
      452, 450, 454, -1,
      452, 455, 456, -1,
      452, 457, 455, -1,
      452, 454, 457, -1,
      452, 446, 450, -1,
      458, 453, 452, -1,
      459, 460, 461, -1,
      459, 462, 460, -1,
      459, 456, 462, -1,
      459, 452, 456, -1,
      459, 451, 444, -1,
      459, 461, 451, -1,
      463, 434, 436, -1,
      463, 436, 464, -1,
      465, 432, 434, -1,
      465, 434, 463, -1,
      466, 431, 432, -1,
      466, 432, 465, -1,
      467, 428, 431, -1,
      467, 431, 466, -1,
      468, 433, 428, -1,
      468, 428, 467, -1,
      469, 435, 433, -1,
      469, 433, 468, -1,
      470, 442, 435, -1,
      470, 435, 469, -1,
      471, 440, 442, -1,
      471, 442, 470, -1,
      472, 441, 440, -1,
      472, 440, 471, -1,
      473, 447, 441, -1,
      473, 441, 472, -1,
      474, 448, 447, -1,
      474, 447, 473, -1,
      475, 450, 448, -1,
      475, 448, 474, -1,
      476, 454, 450, -1,
      476, 450, 475, -1,
      477, 457, 454, -1,
      477, 454, 476, -1,
      478, 455, 457, -1,
      478, 457, 477, -1,
      479, 456, 455, -1,
      479, 455, 478, -1,
      480, 462, 456, -1,
      480, 456, 479, -1,
      481, 460, 462, -1,
      481, 462, 480, -1,
      482, 461, 460, -1,
      482, 460, 481, -1,
      483, 451, 461, -1,
      483, 461, 482, -1,
      484, 449, 451, -1,
      484, 451, 483, -1,
      485, 445, 449, -1,
      485, 449, 484, -1,
      486, 443, 445, -1,
      486, 445, 485, -1,
      487, 438, 443, -1,
      487, 443, 486, -1,
      488, 437, 438, -1,
      488, 438, 487, -1,
      464, 436, 437, -1,
      464, 437, 488, -1,
      489, 490, 491, -1,
      492, 493, 491, -1,
      492, 491, 490, -1,
      494, 489, 491, -1,
      495, 493, 492, -1,
      496, 494, 491, -1,
      497, 493, 495, -1,
      498, 496, 491, -1,
      499, 493, 497, -1,
      500, 498, 491, -1,
      501, 493, 499, -1,
      502, 390, 493, -1,
      502, 493, 501, -1,
      503, 390, 502, -1,
      389, 390, 503, -1,
      466, 504, 505, -1,
      466, 506, 504, -1,
      467, 507, 508, -1,
      467, 505, 507, -1,
      467, 466, 505, -1,
      403, 389, 503, -1,
      403, 503, 509, -1,
      465, 506, 466, -1,
      465, 510, 506, -1,
      465, 511, 510, -1,
      468, 512, 513, -1,
      468, 508, 512, -1,
      468, 467, 508, -1,
      463, 403, 509, -1,
      463, 511, 465, -1,
      463, 509, 511, -1,
      469, 514, 515, -1,
      469, 513, 514, -1,
      469, 468, 513, -1,
      464, 403, 463, -1,
      470, 469, 515, -1,
      488, 403, 464, -1,
      516, 470, 515, -1,
      517, 516, 515, -1,
      517, 515, 518, -1,
      519, 520, 403, -1,
      487, 403, 488, -1,
      521, 470, 516, -1,
      522, 517, 518, -1,
      522, 518, 500, -1,
      523, 519, 403, -1,
      524, 471, 470, -1,
      524, 470, 521, -1,
      525, 403, 487, -1,
      525, 523, 403, -1,
      526, 471, 524, -1,
      527, 525, 487, -1,
      528, 522, 500, -1,
      528, 500, 491, -1,
      528, 529, 522, -1,
      528, 530, 529, -1,
      531, 472, 471, -1,
      531, 471, 526, -1,
      532, 530, 528, -1,
      533, 527, 487, -1,
      534, 472, 531, -1,
      486, 533, 487, -1,
      535, 532, 528, -1,
      536, 533, 486, -1,
      537, 538, 539, -1,
      537, 540, 538, -1,
      541, 472, 534, -1,
      542, 537, 539, -1,
      543, 535, 528, -1,
      544, 536, 486, -1,
      545, 537, 542, -1,
      473, 541, 546, -1,
      473, 472, 541, -1,
      547, 543, 528, -1,
      548, 473, 546, -1,
      549, 537, 545, -1,
      485, 550, 544, -1,
      485, 551, 550, -1,
      485, 544, 486, -1,
      552, 537, 549, -1,
      553, 537, 552, -1,
      474, 473, 548, -1,
      474, 554, 555, -1,
      474, 548, 554, -1,
      556, 557, 547, -1,
      556, 558, 557, -1,
      556, 559, 558, -1,
      556, 560, 559, -1,
      556, 561, 560, -1,
      556, 547, 528, -1,
      484, 551, 485, -1,
      484, 562, 551, -1,
      484, 563, 562, -1,
      564, 565, 561, -1,
      564, 561, 556, -1,
      475, 474, 555, -1,
      475, 555, 566, -1,
      483, 563, 484, -1,
      483, 567, 563, -1,
      483, 568, 567, -1,
      569, 480, 479, -1,
      570, 569, 479, -1,
      571, 480, 569, -1,
      572, 479, 478, -1,
      572, 570, 479, -1,
      573, 480, 571, -1,
      573, 481, 480, -1,
      574, 572, 478, -1,
      575, 481, 573, -1,
      576, 475, 566, -1,
      576, 566, 565, -1,
      576, 478, 477, -1,
      576, 477, 476, -1,
      576, 476, 475, -1,
      577, 574, 478, -1,
      577, 478, 576, -1,
      578, 482, 481, -1,
      578, 481, 575, -1,
      579, 565, 564, -1,
      579, 576, 565, -1,
      580, 577, 576, -1,
      581, 482, 578, -1,
      582, 580, 576, -1,
      583, 483, 482, -1,
      583, 568, 483, -1,
      583, 482, 581, -1,
      584, 582, 576, -1,
      585, 586, 568, -1,
      585, 568, 583, -1,
      587, 588, 589, -1,
      587, 590, 588, -1,
      587, 591, 590, -1,
      587, 592, 591, -1,
      587, 593, 592, -1,
      587, 594, 593, -1,
      587, 595, 594, -1,
      576, 587, 589, -1,
      576, 589, 596, -1,
      576, 596, 597, -1,
      576, 597, 584, -1,
      587, 537, 553, -1,
      587, 553, 598, -1,
      587, 598, 586, -1,
      587, 586, 595, -1,
      595, 586, 599, -1,
      599, 586, 585, -1,
      537, 403, 540, -1,
      540, 403, 600, -1,
      600, 403, 601, -1,
      601, 403, 520, -1,
    ]
  }
}

Shape {
  appearance Appearance {
    material Material {
      diffuseColor 0.0824 0.0824 0.0824
      specularColor 0.0000 0.0000 0.0000
      ambientIntensity 0.2
      transparency 1.0000
      shininess 0.5
    }
  }
  geometry IndexedFaceSet {
    ccw TRUE
    solid FALSE
    coord DEF co Coordinate {
      point [
        -0.977965 -0.777559 0.152956,
        -1.013488 -0.777559 0.184425,
        -1.040445 -0.777559 0.223480,
        -0.935945 -0.777559 0.130902,
        -1.057272 -0.777559 0.267851,
        -0.889870 -0.777559 0.119546,
        -1.062992 -0.777559 0.314961,
        -0.842413 -0.777559 0.119546,
        -1.057272 -0.777559 0.362070,
        -0.796339 -0.777559 0.130902,
        -1.040445 -0.777559 0.406441,
        -1.013488 -0.777559 0.445496,
        -0.977965 -0.777559 0.476965,
        -0.754319 -0.777559 0.476965,
        -0.718795 -0.777559 0.445496,
        -0.796339 -0.777559 0.499020,
        -0.691839 -0.777559 0.406441,
        -0.675012 -0.777559 0.362070,
        -0.935945 -0.777559 0.499020,
        -0.842413 -0.777559 0.510374,
        -0.889870 -0.777559 0.510374,
        -0.669291 -0.777559 0.314961,
        -0.675012 -0.777559 0.267851,
        -0.691839 -0.777559 0.223480,
        -0.718795 -0.777559 0.184425,
        0.718795 -0.777559 0.184425,
        0.754319 -0.777559 0.152956,
        -0.754319 -0.777559 0.152956,
        -0.977965 -0.777559 1.885240,
        -1.013488 -0.777559 1.916709,
        0.691839 -0.777559 0.223480,
        0.796339 -0.777559 0.130902,
        -0.935945 -0.777559 1.863185,
        0.675012 -0.777559 0.267851,
        -0.889870 -0.777559 1.851831,
        0.669291 -0.777559 0.314961,
        -0.842413 -0.777559 1.851831,
        0.842413 -0.777559 0.119546,
        0.889870 -0.777559 0.119546,
        0.675012 -0.777559 0.362070,
        0.935945 -0.777559 0.130902,
        -0.796339 -0.777559 1.863185,
        0.691839 -0.777559 0.406441,
        0.977965 -0.777559 0.152956,
        -0.754319 -0.777559 1.885240,
        -1.057272 -0.777559 2.094354,
        -1.040445 -0.777559 2.138724,
        -1.062992 -0.777559 2.047244,
        0.718795 -0.777559 0.445496,
        -1.013488 -0.777559 2.177780,
        1.013488 -0.777559 0.184425,
        -0.718795 -0.777559 1.916709,
        -0.977965 -0.777559 2.209248,
        0.754319 -0.777559 0.476965,
        1.040445 -0.777559 0.223480,
        0.796339 -0.777559 0.499020,
        -0.935945 -0.777559 2.231303,
        -0.691839 -0.777559 1.955764,
        -0.675012 -0.777559 2.000134,
        -0.889870 -0.777559 2.242657,
        -0.842413 -0.777559 2.242657,
        0.842413 -0.777559 0.510374,
        0.889870 -0.777559 0.510374,
        1.057272 -0.777559 0.267851,
        1.062992 -0.777559 0.314961,
        1.057272 -0.777559 0.362070,
        1.040445 -0.777559 0.406441,
        1.013488 -0.777559 0.445496,
        -0.669291 -0.777559 2.047244,
        -0.675012 -0.777559 2.094354,
        0.977965 -0.777559 0.476965,
        0.935945 -0.777559 0.499020,
        -0.691839 -0.777559 2.138724,
        -0.718795 -0.777559 2.177780,
        0.718795 -0.777559 1.916709,
        0.754319 -0.777559 1.885240,
        0.691839 -0.777559 1.955764,
        0.796339 -0.777559 1.863185,
        0.675012 -0.777559 2.000134,
        0.842413 -0.777559 1.851831,
        0.669291 -0.777559 2.047244,
        0.889870 -0.777559 1.851831,
        0.675012 -0.777559 2.094354,
        0.935945 -0.777559 1.863185,
        0.691839 -0.777559 2.138724,
        0.977965 -0.777559 1.885240,
        0.718795 -0.777559 2.177780,
        1.013488 -0.777559 1.916709,
        0.754319 -0.777559 2.209248,
        -0.754319 -0.777559 2.209248,
        1.057272 -0.777559 2.094354,
        1.062992 -0.777559 2.047244,
        1.040445 -0.777559 2.138724,
        1.013488 -0.777559 2.177780,
        0.977965 -0.777559 2.209248,
        0.935945 -0.777559 2.231303,
        0.889870 -0.777559 2.242657,
        0.842413 -0.777559 2.242657,
        1.057272 -0.777559 2.000134,
        1.040445 -0.777559 1.955764,
        -0.796339 -0.777559 2.231303,
        0.796339 -0.777559 2.231303,
        -1.057272 -0.777559 2.000134,
        -1.040445 -0.777559 1.955764,
        -0.675012 -0.816929 2.094354,
        -0.669291 -0.816929 2.047244,
        -0.691839 -0.816929 2.138724,
        -0.718795 -0.816929 2.177780,
        -0.754319 -0.816929 2.209248,
        -0.796339 -0.816929 2.231303,
        -0.842413 -0.816929 2.242657,
        -0.889870 -0.816929 2.242657,
        -0.935945 -0.816929 2.231303,
        -0.977965 -0.816929 2.209248,
        -1.013488 -0.816929 2.177780,
        -1.040445 -0.816929 2.138724,
        -1.057272 -0.816929 2.094354,
        -1.062992 -0.816929 2.047244,
        -0.672252 -0.843213 2.047244,
        -0.790083 -0.935039 2.067622,
        -0.787402 -0.935039 2.047244,
        -0.761118 -0.932079 2.047244,
        -0.736154 -0.923343 2.047244,
        -1.060031 -0.843213 2.047244,
        -0.971165 -0.932079 2.047244,
        -0.942201 -0.935039 2.067622,
        -0.996130 -0.923343 2.047244,
        -0.944882 -0.935039 2.047244,
        -0.691366 -0.866283 2.111008,
        -0.713760 -0.909272 2.047244,
        -0.695059 -0.890571 2.047244,
        -0.680988 -0.868177 2.047244,
        -0.734465 -0.900445 2.142051,
        -0.797949 -0.935039 2.086614,
        -0.810465 -0.935039 2.102921,
        -0.747996 -0.900445 2.158461,
        -0.762299 -0.900445 2.171921,
        -0.826772 -0.935039 2.115437,
        -0.779437 -0.900445 2.184390,
        -0.796681 -0.900445 2.193882,
        -0.845764 -0.935039 2.123303,
        -0.816362 -0.900445 2.201677,
        -0.835429 -0.900445 2.206567,
        -0.866142 -0.935039 2.125984,
        -0.856476 -0.900445 2.209213,
        -0.875807 -0.900445 2.209213,
        -0.896854 -0.900445 2.206567,
        -0.886520 -0.935039 2.123303,
        -0.915921 -0.900445 2.201677,
        -0.935602 -0.900445 2.193882,
        -0.905512 -0.935039 2.115437,
        -0.952846 -0.900445 2.184390,
        -0.969984 -0.900445 2.171921,
        -0.921819 -0.935039 2.102921,
        -0.984287 -0.900445 2.158461,
        -1.040917 -0.866283 2.111008,
        -1.037224 -0.890571 2.047244,
        -1.018524 -0.909272 2.047244,
        -1.051295 -0.868177 2.047244,
        -0.997819 -0.900445 2.142051,
        -0.934335 -0.935039 2.086614,
        -0.942201 -0.935039 2.026866,
        -0.934335 -0.935039 2.007874,
        -0.826772 -0.935039 1.979051,
        -0.866142 -0.935039 1.968504,
        -0.845764 -0.935039 1.971185,
        -0.921819 -0.935039 1.991567,
        -0.905512 -0.935039 1.979051,
        -0.886520 -0.935039 1.971185,
        -0.797949 -0.935039 2.007874,
        -0.790083 -0.935039 2.026866,
        -0.810465 -0.935039 1.991567,
        0.797949 -0.935039 2.086614,
        0.790083 -0.935039 2.067622,
        0.787402 -0.935039 2.047244,
        0.790083 -0.935039 2.026866,
        0.797949 -0.935039 2.007874,
        0.905512 -0.935039 1.979051,
        0.866142 -0.935039 1.968504,
        0.886520 -0.935039 1.971185,
        0.826772 -0.935039 2.115437,
        0.810465 -0.935039 2.102921,
        0.810465 -0.935039 1.991567,
        0.826772 -0.935039 1.979051,
        0.845764 -0.935039 1.971185,
        0.866142 -0.935039 2.125984,
        0.845764 -0.935039 2.123303,
        0.886520 -0.935039 2.123303,
        0.934335 -0.935039 2.086614,
        0.944882 -0.935039 2.047244,
        0.942201 -0.935039 2.067622,
        0.934335 -0.935039 2.007874,
        0.942201 -0.935039 2.026866,
        0.921819 -0.935039 2.102921,
        0.905512 -0.935039 2.115437,
        0.921819 -0.935039 1.991567,
        -0.934335 -0.935039 0.354331,
        -0.944882 -0.935039 0.314961,
        -0.942201 -0.935039 0.294581,
        -0.934335 -0.935039 0.275591,
        -0.942201 -0.935039 0.335340,
        -0.787402 -0.935039 0.314961,
        -0.797949 -0.935039 0.275591,
        -0.790083 -0.935039 0.294581,
        -0.797949 -0.935039 0.354331,
        -0.921819 -0.935039 0.259283,
        -0.905512 -0.935039 0.246770,
        -0.886520 -0.935039 0.238904,
        -0.866142 -0.935039 0.236220,
        -0.845764 -0.935039 0.238904,
        -0.826772 -0.935039 0.246770,
        -0.810465 -0.935039 0.259283,
        -0.790083 -0.935039 0.335340,
        -0.810465 -0.935039 0.370638,
        -0.826772 -0.935039 0.383152,
        -0.845764 -0.935039 0.391018,
        -0.866142 -0.935039 0.393701,
        -0.886520 -0.935039 0.391018,
        -0.905512 -0.935039 0.383152,
        -0.921819 -0.935039 0.370638,
        0.797949 -0.935039 0.354331,
        0.790083 -0.935039 0.335340,
        0.787402 -0.935039 0.314961,
        0.790083 -0.935039 0.294581,
        0.797949 -0.935039 0.275591,
        0.944882 -0.935039 0.314961,
        0.934335 -0.935039 0.275591,
        0.942201 -0.935039 0.294581,
        0.934335 -0.935039 0.354331,
        0.942201 -0.935039 0.335340,
        0.810465 -0.935039 0.259283,
        0.826772 -0.935039 0.246770,
        0.845764 -0.935039 0.238904,
        0.866142 -0.935039 0.236220,
        0.886520 -0.935039 0.238904,
        0.905512 -0.935039 0.246770,
        0.921819 -0.935039 0.259283,
        0.921819 -0.935039 0.370638,
        0.905512 -0.935039 0.383152,
        0.886520 -0.935039 0.391018,
        0.866142 -0.935039 0.393701,
        0.845764 -0.935039 0.391018,
        0.826772 -0.935039 0.383152,
        0.810465 -0.935039 0.370638,
        -1.057272 -0.816929 2.000134,
        -0.675012 -0.816929 2.000134,
        -1.040917 -0.866283 1.983480,
        -1.040445 -0.816929 1.955764,
        -1.013488 -0.816929 1.916709,
        -0.997819 -0.900445 1.952437,
        -0.984287 -0.900445 1.936028,
        -0.969984 -0.900445 1.922567,
        -0.977965 -0.816929 1.885240,
        -0.952846 -0.900445 1.910098,
        -0.935602 -0.900445 1.900606,
        -0.935945 -0.816929 1.863185,
        -0.915921 -0.900445 1.892811,
        -0.896854 -0.900445 1.887921,
        -0.889870 -0.816929 1.851831,
        -0.875807 -0.900445 1.885276,
        -0.856476 -0.900445 1.885276,
        -0.842413 -0.816929 1.851831,
        -0.835429 -0.900445 1.887921,
        -0.796339 -0.816929 1.863185,
        -0.816362 -0.900445 1.892811,
        -0.796681 -0.900445 1.900606,
        -0.754319 -0.816929 1.885240,
        -0.779437 -0.900445 1.910098,
        -0.762299 -0.900445 1.922567,
        -0.718795 -0.816929 1.916709,
        -0.747996 -0.900445 1.936028,
        -0.691366 -0.866283 1.983480,
        -0.691839 -0.816929 1.955764,
        -0.734465 -0.900445 1.952437,
        0.675012 -0.816929 2.000134,
        0.672252 -0.843213 2.047244,
        0.669291 -0.816929 2.047244,
        0.761118 -0.932079 2.047244,
        0.736154 -0.923343 2.047244,
        1.060031 -0.843213 2.047244,
        1.057272 -0.816929 2.000134,
        1.062992 -0.816929 2.047244,
        0.971165 -0.932079 2.047244,
        0.996130 -0.923343 2.047244,
        0.691366 -0.866283 1.983480,
        0.713760 -0.909272 2.047244,
        0.695059 -0.890571 2.047244,
        0.680988 -0.868177 2.047244,
        0.691839 -0.816929 1.955764,
        0.718795 -0.816929 1.916709,
        0.734465 -0.900445 1.952437,
        0.747996 -0.900445 1.936028,
        0.762299 -0.900445 1.922567,
        0.754319 -0.816929 1.885240,
        0.779437 -0.900445 1.910098,
        0.796681 -0.900445 1.900606,
        0.796339 -0.816929 1.863185,
        0.816362 -0.900445 1.892811,
        0.835429 -0.900445 1.887921,
        0.842413 -0.816929 1.851831,
        0.856476 -0.900445 1.885276,
        0.875807 -0.900445 1.885276,
        0.889870 -0.816929 1.851831,
        0.896854 -0.900445 1.887921,
        0.935945 -0.816929 1.863185,
        0.915921 -0.900445 1.892811,
        0.935602 -0.900445 1.900606,
        0.977965 -0.816929 1.885240,
        0.952846 -0.900445 1.910098,
        0.969984 -0.900445 1.922567,
        1.013488 -0.816929 1.916709,
        0.984287 -0.900445 1.936028,
        1.040917 -0.866283 1.983480,
        1.040445 -0.816929 1.955764,
        1.037224 -0.890571 2.047244,
        1.018524 -0.909272 2.047244,
        1.051295 -0.868177 2.047244,
        0.997819 -0.900445 1.952437,
        1.057272 -0.816929 2.094354,
        0.675012 -0.816929 2.094354,
        1.040917 -0.866283 2.111008,
        1.040445 -0.816929 2.138724,
        1.013488 -0.816929 2.177780,
        0.997819 -0.900445 2.142051,
        0.984287 -0.900445 2.158461,
        0.969984 -0.900445 2.171921,
        0.977965 -0.816929 2.209248,
        0.952846 -0.900445 2.184390,
        0.935602 -0.900445 2.193882,
        0.935945 -0.816929 2.231303,
        0.915921 -0.900445 2.201677,
        0.896854 -0.900445 2.206567,
        0.889870 -0.816929 2.242657,
        0.875807 -0.900445 2.209213,
        0.856476 -0.900445 2.209213,
        0.842413 -0.816929 2.242657,
        0.835429 -0.900445 2.206567,
        0.796339 -0.816929 2.231303,
        0.816362 -0.900445 2.201677,
        0.796681 -0.900445 2.193882,
        0.754319 -0.816929 2.209248,
        0.779437 -0.900445 2.184390,
        0.762299 -0.900445 2.171921,
        0.718795 -0.816929 2.177780,
        0.747996 -0.900445 2.158461,
        0.691366 -0.866283 2.111008,
        0.691839 -0.816929 2.138724,
        0.734465 -0.900445 2.142051,
        -0.675012 -0.816929 0.362070,
        -0.672252 -0.843213 0.314961,
        -0.669291 -0.816929 0.314961,
        -0.761118 -0.932079 0.314961,
        -0.736154 -0.923343 0.314961,
        -1.060031 -0.843213 0.314961,
        -1.057272 -0.816929 0.362070,
        -1.062992 -0.816929 0.314961,
        -0.971165 -0.932079 0.314961,
        -0.996130 -0.923343 0.314961,
        -0.691366 -0.866283 0.378726,
        -0.713760 -0.909272 0.314961,
        -0.695059 -0.890571 0.314961,
        -0.680988 -0.868177 0.314961,
        -0.691839 -0.816929 0.406441,
        -0.718795 -0.816929 0.445496,
        -0.734465 -0.900445 0.409768,
        -0.747996 -0.900445 0.426177,
        -0.762299 -0.900445 0.439638,
        -0.754319 -0.816929 0.476965,
        -0.779437 -0.900445 0.452106,
        -0.796681 -0.900445 0.461598,
        -0.796339 -0.816929 0.499020,
        -0.816362 -0.900445 0.469394,
        -0.835429 -0.900445 0.474283,
        -0.842413 -0.816929 0.510374,
        -0.856476 -0.900445 0.476929,
        -0.875807 -0.900445 0.476929,
        -0.889870 -0.816929 0.510374,
        -0.896854 -0.900445 0.474283,
        -0.935945 -0.816929 0.499020,
        -0.915921 -0.900445 0.469394,
        -0.935602 -0.900445 0.461598,
        -0.977965 -0.816929 0.476965,
        -0.952846 -0.900445 0.452106,
        -0.969984 -0.900445 0.439638,
        -1.013488 -0.816929 0.445496,
        -0.984287 -0.900445 0.426177,
        -1.040917 -0.866283 0.378726,
        -1.040445 -0.816929 0.406441,
        -1.037224 -0.890571 0.314961,
        -1.018524 -0.909272 0.314961,
        -1.051295 -0.868177 0.314961,
        -0.997819 -0.900445 0.409768,
        -1.057272 -0.816929 0.267851,
        -0.675012 -0.816929 0.267851,
        -1.040917 -0.866283 0.251195,
        -1.040445 -0.816929 0.223480,
        -1.013488 -0.816929 0.184425,
        -0.997819 -0.900445 0.220155,
        -0.984287 -0.900445 0.203745,
        -0.969984 -0.900445 0.190285,
        -0.977965 -0.816929 0.152956,
        -0.952846 -0.900445 0.177813,
        -0.935602 -0.900445 0.168324,
        -0.935945 -0.816929 0.130902,
        -0.915921 -0.900445 0.160528,
        -0.896854 -0.900445 0.155637,
        -0.889870 -0.816929 0.119546,
        -0.875807 -0.900445 0.152992,
        -0.856476 -0.900445 0.152992,
        -0.842413 -0.816929 0.119546,
        -0.835429 -0.900445 0.155637,
        -0.796339 -0.816929 0.130902,
        -0.816362 -0.900445 0.160528,
        -0.796681 -0.900445 0.168324,
        -0.754319 -0.816929 0.152956,
        -0.779437 -0.900445 0.177813,
        -0.762299 -0.900445 0.190285,
        -0.718795 -0.816929 0.184425,
        -0.747996 -0.900445 0.203745,
        -0.691366 -0.866283 0.251195,
        -0.691839 -0.816929 0.223480,
        -0.734465 -0.900445 0.220155,
        0.675012 -0.816929 0.267851,
        0.672252 -0.843213 0.314961,
        0.669291 -0.816929 0.314961,
        0.761118 -0.932079 0.314961,
        0.736154 -0.923343 0.314961,
        1.060031 -0.843213 0.314961,
        1.057272 -0.816929 0.267851,
        1.062992 -0.816929 0.314961,
        0.971165 -0.932079 0.314961,
        0.996130 -0.923343 0.314961,
        0.691366 -0.866283 0.251195,
        0.713760 -0.909272 0.314961,
        0.695059 -0.890571 0.314961,
        0.680988 -0.868177 0.314961,
        0.691839 -0.816929 0.223480,
        0.718795 -0.816929 0.184425,
        0.734465 -0.900445 0.220155,
        0.747996 -0.900445 0.203745,
        0.762299 -0.900445 0.190285,
        0.754319 -0.816929 0.152956,
        0.779437 -0.900445 0.177813,
        0.796681 -0.900445 0.168324,
        0.796339 -0.816929 0.130902,
        0.816362 -0.900445 0.160528,
        0.835429 -0.900445 0.155637,
        0.842413 -0.816929 0.119546,
        0.856476 -0.900445 0.152992,
        0.875807 -0.900445 0.152992,
        0.889870 -0.816929 0.119546,
        0.896854 -0.900445 0.155637,
        0.935945 -0.816929 0.130902,
        0.915921 -0.900445 0.160528,
        0.935602 -0.900445 0.168324,
        0.977965 -0.816929 0.152956,
        0.952846 -0.900445 0.177813,
        0.969984 -0.900445 0.190285,
        1.013488 -0.816929 0.184425,
        0.984287 -0.900445 0.203745,
        1.040917 -0.866283 0.251195,
        1.040445 -0.816929 0.223480,
        1.037224 -0.890571 0.314961,
        1.018524 -0.909272 0.314961,
        1.051295 -0.868177 0.314961,
        0.997819 -0.900445 0.220155,
        1.057272 -0.816929 0.362070,
        0.675012 -0.816929 0.362070,
        1.040917 -0.866283 0.378726,
        1.040445 -0.816929 0.406441,
        1.013488 -0.816929 0.445496,
        0.997819 -0.900445 0.409768,
        0.984287 -0.900445 0.426177,
        0.969984 -0.900445 0.439638,
        0.977965 -0.816929 0.476965,
        0.952846 -0.900445 0.452106,
        0.935602 -0.900445 0.461598,
        0.935945 -0.816929 0.499020,
        0.915921 -0.900445 0.469394,
        0.896854 -0.900445 0.474283,
        0.889870 -0.816929 0.510374,
        0.875807 -0.900445 0.476929,
        0.856476 -0.900445 0.476929,
        0.842413 -0.816929 0.510374,
        0.835429 -0.900445 0.474283,
        0.796339 -0.816929 0.499020,
        0.816362 -0.900445 0.469394,
        0.796681 -0.900445 0.461598,
        0.754319 -0.816929 0.476965,
        0.779437 -0.900445 0.452106,
        0.762299 -0.900445 0.439638,
        0.718795 -0.816929 0.445496,
        0.747996 -0.900445 0.426177,
        0.691366 -0.866283 0.378726,
        0.691839 -0.816929 0.406441,
        0.734465 -0.900445 0.409768,
      ]
    }
    coordIndex [
      104, 105, 68, -1,
      104, 68, 69, -1,
      106, 69, 72, -1,
      106, 104, 69, -1,
      107, 72, 73, -1,
      107, 106, 72, -1,
      108, 73, 89, -1,
      108, 107, 73, -1,
      109, 89, 100, -1,
      109, 108, 89, -1,
      110, 100, 60, -1,
      110, 109, 100, -1,
      111, 60, 59, -1,
      111, 110, 60, -1,
      112, 59, 56, -1,
      112, 111, 59, -1,
      113, 56, 52, -1,
      113, 112, 56, -1,
      114, 52, 49, -1,
      114, 113, 52, -1,
      115, 49, 46, -1,
      115, 114, 49, -1,
      116, 46, 45, -1,
      116, 115, 46, -1,
      117, 45, 47, -1,
      117, 116, 45, -1,
      104, 118, 105, -1,
      119, 120, 121, -1,
      119, 121, 122, -1,
      123, 116, 117, -1,
      124, 125, 126, -1,
      127, 125, 124, -1,
      128, 129, 130, -1,
      128, 130, 131, -1,
      128, 131, 118, -1,
      128, 104, 106, -1,
      128, 106, 107, -1,
      128, 118, 104, -1,
      132, 122, 129, -1,
      132, 133, 119, -1,
      132, 134, 133, -1,
      132, 128, 107, -1,
      132, 129, 128, -1,
      132, 119, 122, -1,
      135, 134, 132, -1,
      135, 132, 107, -1,
      136, 107, 108, -1,
      136, 137, 134, -1,
      136, 134, 135, -1,
      136, 135, 107, -1,
      138, 136, 108, -1,
      138, 137, 136, -1,
      139, 108, 109, -1,
      139, 140, 137, -1,
      139, 138, 108, -1,
      139, 137, 138, -1,
      141, 140, 139, -1,
      141, 139, 109, -1,
      142, 140, 141, -1,
      142, 109, 110, -1,
      142, 143, 140, -1,
      142, 141, 109, -1,
      144, 142, 110, -1,
      144, 143, 142, -1,
      145, 110, 111, -1,
      145, 144, 110, -1,
      145, 143, 144, -1,
      146, 111, 112, -1,
      146, 147, 143, -1,
      146, 145, 111, -1,
      146, 143, 145, -1,
      148, 146, 112, -1,
      148, 147, 146, -1,
      149, 148, 112, -1,
      149, 147, 148, -1,
      149, 112, 113, -1,
      149, 150, 147, -1,
      151, 149, 113, -1,
      151, 150, 149, -1,
      152, 150, 151, -1,
      152, 113, 114, -1,
      152, 153, 150, -1,
      152, 151, 113, -1,
      154, 153, 152, -1,
      154, 152, 114, -1,
      155, 114, 115, -1,
      155, 115, 116, -1,
      155, 156, 157, -1,
      155, 158, 156, -1,
      155, 123, 158, -1,
      155, 116, 123, -1,
      159, 155, 157, -1,
      159, 154, 114, -1,
      159, 126, 125, -1,
      159, 114, 155, -1,
      159, 157, 126, -1,
      159, 160, 153, -1,
      159, 125, 160, -1,
      159, 153, 154, -1,
      160, 125, 127, -1,
      160, 127, 161, -1,
      160, 161, 162, -1,
      163, 164, 165, -1,
      150, 153, 160, -1,
      150, 162, 166, -1,
      150, 166, 167, -1,
      150, 167, 168, -1,
      150, 160, 162, -1,
      143, 147, 150, -1,
      140, 168, 164, -1,
      140, 150, 168, -1,
      140, 164, 163, -1,
      140, 143, 150, -1,
      133, 120, 119, -1,
      133, 169, 170, -1,
      133, 170, 120, -1,
      134, 137, 140, -1,
      134, 163, 171, -1,
      134, 171, 169, -1,
      134, 140, 163, -1,
      134, 169, 133, -1,
      172, 173, 174, -1,
      172, 174, 175, -1,
      172, 175, 176, -1,
      177, 178, 179, -1,
      180, 181, 172, -1,
      180, 176, 182, -1,
      180, 182, 183, -1,
      180, 183, 184, -1,
      180, 172, 176, -1,
      185, 186, 180, -1,
      187, 184, 178, -1,
      187, 180, 184, -1,
      187, 178, 177, -1,
      187, 185, 180, -1,
      188, 189, 190, -1,
      188, 191, 192, -1,
      188, 192, 189, -1,
      193, 194, 187, -1,
      193, 177, 195, -1,
      193, 195, 191, -1,
      193, 187, 177, -1,
      193, 191, 188, -1,
      196, 197, 198, -1,
      196, 198, 199, -1,
      196, 200, 197, -1,
      201, 202, 203, -1,
      204, 199, 205, -1,
      204, 205, 206, -1,
      204, 206, 207, -1,
      204, 207, 208, -1,
      204, 208, 209, -1,
      204, 209, 210, -1,
      204, 210, 211, -1,
      204, 211, 202, -1,
      204, 201, 212, -1,
      204, 202, 201, -1,
      213, 214, 215, -1,
      213, 215, 216, -1,
      213, 216, 217, -1,
      213, 217, 218, -1,
      213, 218, 219, -1,
      213, 219, 196, -1,
      213, 196, 199, -1,
      213, 199, 204, -1,
      220, 221, 222, -1,
      220, 222, 223, -1,
      220, 223, 224, -1,
      225, 226, 227, -1,
      228, 225, 229, -1,
      228, 224, 230, -1,
      228, 230, 231, -1,
      228, 231, 232, -1,
      228, 232, 233, -1,
      228, 233, 234, -1,
      228, 234, 235, -1,
      228, 235, 236, -1,
      228, 236, 226, -1,
      228, 226, 225, -1,
      237, 238, 239, -1,
      237, 239, 240, -1,
      237, 240, 241, -1,
      237, 241, 242, -1,
      237, 242, 243, -1,
      237, 243, 220, -1,
      237, 220, 224, -1,
      237, 224, 228, -1,
      244, 123, 117, -1,
      161, 127, 124, -1,
      161, 124, 126, -1,
      118, 245, 105, -1,
      121, 170, 122, -1,
      120, 170, 121, -1,
      246, 157, 156, -1,
      246, 156, 158, -1,
      246, 158, 123, -1,
      246, 244, 247, -1,
      246, 247, 248, -1,
      246, 123, 244, -1,
      249, 126, 157, -1,
      249, 162, 161, -1,
      249, 166, 162, -1,
      249, 246, 248, -1,
      249, 157, 246, -1,
      249, 161, 126, -1,
      250, 166, 249, -1,
      250, 249, 248, -1,
      251, 248, 252, -1,
      251, 167, 166, -1,
      251, 166, 250, -1,
      251, 250, 248, -1,
      253, 251, 252, -1,
      253, 167, 251, -1,
      254, 252, 255, -1,
      254, 168, 167, -1,
      254, 253, 252, -1,
      254, 167, 253, -1,
      256, 168, 254, -1,
      256, 254, 255, -1,
      257, 168, 256, -1,
      257, 255, 258, -1,
      257, 164, 168, -1,
      257, 256, 255, -1,
      259, 257, 258, -1,
      259, 164, 257, -1,
      260, 258, 261, -1,
      260, 259, 258, -1,
      260, 164, 259, -1,
      262, 261, 263, -1,
      262, 165, 164, -1,
      262, 260, 261, -1,
      262, 164, 260, -1,
      264, 262, 263, -1,
      264, 165, 262, -1,
      265, 264, 263, -1,
      265, 165, 264, -1,
      265, 263, 266, -1,
      265, 163, 165, -1,
      267, 265, 266, -1,
      267, 163, 265, -1,
      268, 163, 267, -1,
      268, 266, 269, -1,
      268, 171, 163, -1,
      268, 267, 266, -1,
      270, 171, 268, -1,
      270, 268, 269, -1,
      271, 269, 272, -1,
      271, 272, 245, -1,
      271, 130, 129, -1,
      271, 131, 130, -1,
      271, 118, 131, -1,
      271, 245, 118, -1,
      273, 271, 129, -1,
      273, 270, 269, -1,
      273, 122, 170, -1,
      273, 269, 271, -1,
      273, 129, 122, -1,
      273, 169, 171, -1,
      273, 170, 169, -1,
      273, 171, 270, -1,
      244, 117, 47, -1,
      244, 47, 102, -1,
      247, 102, 103, -1,
      247, 244, 102, -1,
      248, 103, 29, -1,
      248, 247, 103, -1,
      252, 29, 28, -1,
      252, 248, 29, -1,
      255, 28, 32, -1,
      255, 252, 28, -1,
      258, 32, 34, -1,
      258, 255, 32, -1,
      261, 34, 36, -1,
      261, 258, 34, -1,
      263, 36, 41, -1,
      263, 261, 36, -1,
      266, 41, 44, -1,
      266, 263, 41, -1,
      269, 44, 51, -1,
      269, 266, 44, -1,
      272, 51, 57, -1,
      272, 269, 51, -1,
      245, 57, 58, -1,
      245, 272, 57, -1,
      105, 58, 68, -1,
      105, 245, 58, -1,
      274, 275, 276, -1,
      175, 174, 277, -1,
      175, 277, 278, -1,
      279, 280, 281, -1,
      282, 192, 283, -1,
      189, 192, 282, -1,
      284, 285, 286, -1,
      284, 286, 287, -1,
      284, 287, 275, -1,
      284, 274, 288, -1,
      284, 288, 289, -1,
      284, 275, 274, -1,
      290, 278, 285, -1,
      290, 176, 175, -1,
      290, 182, 176, -1,
      290, 284, 289, -1,
      290, 285, 284, -1,
      290, 175, 278, -1,
      291, 182, 290, -1,
      291, 290, 289, -1,
      292, 289, 293, -1,
      292, 183, 182, -1,
      292, 182, 291, -1,
      292, 291, 289, -1,
      294, 292, 293, -1,
      294, 183, 292, -1,
      295, 293, 296, -1,
      295, 184, 183, -1,
      295, 294, 293, -1,
      295, 183, 294, -1,
      297, 184, 295, -1,
      297, 295, 296, -1,
      298, 184, 297, -1,
      298, 296, 299, -1,
      298, 178, 184, -1,
      298, 297, 296, -1,
      300, 298, 299, -1,
      300, 178, 298, -1,
      301, 299, 302, -1,
      301, 300, 299, -1,
      301, 178, 300, -1,
      303, 302, 304, -1,
      303, 179, 178, -1,
      303, 301, 302, -1,
      303, 178, 301, -1,
      305, 303, 304, -1,
      305, 179, 303, -1,
      306, 305, 304, -1,
      306, 179, 305, -1,
      306, 304, 307, -1,
      306, 177, 179, -1,
      308, 306, 307, -1,
      308, 177, 306, -1,
      309, 177, 308, -1,
      309, 307, 310, -1,
      309, 195, 177, -1,
      309, 308, 307, -1,
      311, 195, 309, -1,
      311, 309, 310, -1,
      312, 310, 313, -1,
      312, 313, 280, -1,
      312, 314, 315, -1,
      312, 316, 314, -1,
      312, 279, 316, -1,
      312, 280, 279, -1,
      317, 312, 315, -1,
      317, 311, 310, -1,
      317, 283, 192, -1,
      317, 310, 312, -1,
      317, 315, 283, -1,
      317, 191, 195, -1,
      317, 192, 191, -1,
      317, 195, 311, -1,
      318, 279, 281, -1,
      190, 189, 282, -1,
      190, 282, 283, -1,
      275, 319, 276, -1,
      277, 173, 278, -1,
      174, 173, 277, -1,
      320, 315, 314, -1,
      320, 314, 316, -1,
      320, 316, 279, -1,
      320, 318, 321, -1,
      320, 321, 322, -1,
      320, 279, 318, -1,
      323, 283, 315, -1,
      323, 188, 190, -1,
      323, 193, 188, -1,
      323, 320, 322, -1,
      323, 315, 320, -1,
      323, 190, 283, -1,
      324, 193, 323, -1,
      324, 323, 322, -1,
      325, 322, 326, -1,
      325, 194, 193, -1,
      325, 193, 324, -1,
      325, 324, 322, -1,
      327, 325, 326, -1,
      327, 194, 325, -1,
      328, 326, 329, -1,
      328, 187, 194, -1,
      328, 327, 326, -1,
      328, 194, 327, -1,
      330, 187, 328, -1,
      330, 328, 329, -1,
      331, 187, 330, -1,
      331, 329, 332, -1,
      331, 185, 187, -1,
      331, 330, 329, -1,
      333, 331, 332, -1,
      333, 185, 331, -1,
      334, 332, 335, -1,
      334, 333, 332, -1,
      334, 185, 333, -1,
      336, 335, 337, -1,
      336, 186, 185, -1,
      336, 334, 335, -1,
      336, 185, 334, -1,
      338, 336, 337, -1,
      338, 186, 336, -1,
      339, 338, 337, -1,
      339, 186, 338, -1,
      339, 337, 340, -1,
      339, 180, 186, -1,
      341, 339, 340, -1,
      341, 180, 339, -1,
      342, 180, 341, -1,
      342, 340, 343, -1,
      342, 181, 180, -1,
      342, 341, 340, -1,
      344, 181, 342, -1,
      344, 342, 343, -1,
      345, 343, 346, -1,
      345, 346, 319, -1,
      345, 286, 285, -1,
      345, 287, 286, -1,
      345, 275, 287, -1,
      345, 319, 275, -1,
      347, 345, 285, -1,
      347, 344, 343, -1,
      347, 278, 173, -1,
      347, 343, 345, -1,
      347, 285, 278, -1,
      347, 172, 181, -1,
      347, 173, 172, -1,
      347, 181, 344, -1,
      318, 281, 91, -1,
      318, 91, 90, -1,
      321, 90, 92, -1,
      321, 318, 90, -1,
      322, 92, 93, -1,
      322, 321, 92, -1,
      326, 93, 94, -1,
      326, 322, 93, -1,
      329, 94, 95, -1,
      329, 326, 94, -1,
      332, 95, 96, -1,
      332, 329, 95, -1,
      335, 96, 97, -1,
      335, 332, 96, -1,
      337, 97, 101, -1,
      337, 335, 97, -1,
      340, 101, 88, -1,
      340, 337, 101, -1,
      343, 88, 86, -1,
      343, 340, 88, -1,
      346, 86, 84, -1,
      346, 343, 86, -1,
      319, 84, 82, -1,
      319, 346, 84, -1,
      276, 82, 80, -1,
      276, 319, 82, -1,
      274, 276, 80, -1,
      274, 80, 78, -1,
      288, 78, 76, -1,
      288, 274, 78, -1,
      289, 76, 74, -1,
      289, 288, 76, -1,
      293, 74, 75, -1,
      293, 289, 74, -1,
      296, 75, 77, -1,
      296, 293, 75, -1,
      299, 77, 79, -1,
      299, 296, 77, -1,
      302, 79, 81, -1,
      302, 299, 79, -1,
      304, 81, 83, -1,
      304, 302, 81, -1,
      307, 83, 85, -1,
      307, 304, 83, -1,
      310, 85, 87, -1,
      310, 307, 85, -1,
      313, 87, 99, -1,
      313, 310, 87, -1,
      280, 99, 98, -1,
      280, 313, 99, -1,
      281, 98, 91, -1,
      281, 280, 98, -1,
      348, 349, 350, -1,
      212, 201, 351, -1,
      212, 351, 352, -1,
      353, 354, 355, -1,
      356, 200, 357, -1,
      197, 200, 356, -1,
      358, 359, 360, -1,
      358, 360, 361, -1,
      358, 361, 349, -1,
      358, 348, 362, -1,
      358, 362, 363, -1,
      358, 349, 348, -1,
      364, 352, 359, -1,
      364, 204, 212, -1,
      364, 213, 204, -1,
      364, 358, 363, -1,
      364, 359, 358, -1,
      364, 212, 352, -1,
      365, 213, 364, -1,
      365, 364, 363, -1,
      366, 363, 367, -1,
      366, 214, 213, -1,
      366, 213, 365, -1,
      366, 365, 363, -1,
      368, 366, 367, -1,
      368, 214, 366, -1,
      369, 367, 370, -1,
      369, 215, 214, -1,
      369, 368, 367, -1,
      369, 214, 368, -1,
      371, 215, 369, -1,
      371, 369, 370, -1,
      372, 215, 371, -1,
      372, 370, 373, -1,
      372, 216, 215, -1,
      372, 371, 370, -1,
      374, 372, 373, -1,
      374, 216, 372, -1,
      375, 373, 376, -1,
      375, 374, 373, -1,
      375, 216, 374, -1,
      377, 376, 378, -1,
      377, 217, 216, -1,
      377, 375, 376, -1,
      377, 216, 375, -1,
      379, 377, 378, -1,
      379, 217, 377, -1,
      380, 379, 378, -1,
      380, 217, 379, -1,
      380, 378, 381, -1,
      380, 218, 217, -1,
      382, 380, 381, -1,
      382, 218, 380, -1,
      383, 218, 382, -1,
      383, 381, 384, -1,
      383, 219, 218, -1,
      383, 382, 381, -1,
      385, 219, 383, -1,
      385, 383, 384, -1,
      386, 384, 387, -1,
      386, 387, 354, -1,
      386, 388, 389, -1,
      386, 390, 388, -1,
      386, 353, 390, -1,
      386, 354, 353, -1,
      391, 386, 389, -1,
      391, 385, 384, -1,
      391, 357, 200, -1,
      391, 384, 386, -1,
      391, 389, 357, -1,
      391, 196, 219, -1,
      391, 200, 196, -1,
      391, 219, 385, -1,
      392, 353, 355, -1,
      198, 197, 356, -1,
      198, 356, 357, -1,
      349, 393, 350, -1,
      351, 203, 352, -1,
      201, 203, 351, -1,
      394, 389, 388, -1,
      394, 388, 390, -1,
      394, 390, 353, -1,
      394, 392, 395, -1,
      394, 395, 396, -1,
      394, 353, 392, -1,
      397, 357, 389, -1,
      397, 199, 198, -1,
      397, 205, 199, -1,
      397, 394, 396, -1,
      397, 389, 394, -1,
      397, 198, 357, -1,
      398, 205, 397, -1,
      398, 397, 396, -1,
      399, 396, 400, -1,
      399, 206, 205, -1,
      399, 205, 398, -1,
      399, 398, 396, -1,
      401, 399, 400, -1,
      401, 206, 399, -1,
      402, 400, 403, -1,
      402, 207, 206, -1,
      402, 401, 400, -1,
      402, 206, 401, -1,
      404, 207, 402, -1,
      404, 402, 403, -1,
      405, 207, 404, -1,
      405, 403, 406, -1,
      405, 208, 207, -1,
      405, 404, 403, -1,
      407, 405, 406, -1,
      407, 208, 405, -1,
      408, 406, 409, -1,
      408, 407, 406, -1,
      408, 208, 407, -1,
      410, 409, 411, -1,
      410, 209, 208, -1,
      410, 408, 409, -1,
      410, 208, 408, -1,
      412, 410, 411, -1,
      412, 209, 410, -1,
      413, 412, 411, -1,
      413, 209, 412, -1,
      413, 411, 414, -1,
      413, 210, 209, -1,
      415, 413, 414, -1,
      415, 210, 413, -1,
      416, 210, 415, -1,
      416, 414, 417, -1,
      416, 211, 210, -1,
      416, 415, 414, -1,
      418, 211, 416, -1,
      418, 416, 417, -1,
      419, 417, 420, -1,
      419, 420, 393, -1,
      419, 360, 359, -1,
      419, 361, 360, -1,
      419, 349, 361, -1,
      419, 393, 349, -1,
      421, 419, 359, -1,
      421, 418, 417, -1,
      421, 352, 203, -1,
      421, 417, 419, -1,
      421, 359, 352, -1,
      421, 202, 211, -1,
      421, 203, 202, -1,
      421, 211, 418, -1,
      392, 355, 6, -1,
      392, 6, 4, -1,
      395, 4, 2, -1,
      395, 392, 4, -1,
      396, 2, 1, -1,
      396, 395, 2, -1,
      400, 1, 0, -1,
      400, 396, 1, -1,
      403, 0, 3, -1,
      403, 400, 0, -1,
      406, 3, 5, -1,
      406, 403, 3, -1,
      409, 5, 7, -1,
      409, 406, 5, -1,
      411, 7, 9, -1,
      411, 409, 7, -1,
      414, 9, 27, -1,
      414, 411, 9, -1,
      417, 27, 24, -1,
      417, 414, 27, -1,
      420, 24, 23, -1,
      420, 417, 24, -1,
      393, 23, 22, -1,
      393, 420, 23, -1,
      350, 22, 21, -1,
      350, 393, 22, -1,
      348, 350, 21, -1,
      348, 21, 17, -1,
      362, 17, 16, -1,
      362, 348, 17, -1,
      363, 16, 14, -1,
      363, 362, 16, -1,
      367, 14, 13, -1,
      367, 363, 14, -1,
      370, 13, 15, -1,
      370, 367, 13, -1,
      373, 15, 19, -1,
      373, 370, 15, -1,
      376, 19, 20, -1,
      376, 373, 19, -1,
      378, 20, 18, -1,
      378, 376, 20, -1,
      381, 18, 12, -1,
      381, 378, 18, -1,
      384, 12, 11, -1,
      384, 381, 12, -1,
      387, 11, 10, -1,
      387, 384, 11, -1,
      354, 10, 8, -1,
      354, 387, 10, -1,
      355, 8, 6, -1,
      355, 354, 8, -1,
      422, 423, 424, -1,
      223, 222, 425, -1,
      223, 425, 426, -1,
      427, 428, 429, -1,
      430, 227, 431, -1,
      225, 227, 430, -1,
      432, 433, 434, -1,
      432, 434, 435, -1,
      432, 435, 423, -1,
      432, 422, 436, -1,
      432, 436, 437, -1,
      432, 423, 422, -1,
      438, 426, 433, -1,
      438, 224, 223, -1,
      438, 230, 224, -1,
      438, 432, 437, -1,
      438, 433, 432, -1,
      438, 223, 426, -1,
      439, 230, 438, -1,
      439, 438, 437, -1,
      440, 437, 441, -1,
      440, 231, 230, -1,
      440, 230, 439, -1,
      440, 439, 437, -1,
      442, 440, 441, -1,
      442, 231, 440, -1,
      443, 441, 444, -1,
      443, 232, 231, -1,
      443, 442, 441, -1,
      443, 231, 442, -1,
      445, 232, 443, -1,
      445, 443, 444, -1,
      446, 232, 445, -1,
      446, 444, 447, -1,
      446, 233, 232, -1,
      446, 445, 444, -1,
      448, 446, 447, -1,
      448, 233, 446, -1,
      449, 447, 450, -1,
      449, 448, 447, -1,
      449, 233, 448, -1,
      451, 450, 452, -1,
      451, 234, 233, -1,
      451, 449, 450, -1,
      451, 233, 449, -1,
      453, 451, 452, -1,
      453, 234, 451, -1,
      454, 453, 452, -1,
      454, 234, 453, -1,
      454, 452, 455, -1,
      454, 235, 234, -1,
      456, 454, 455, -1,
      456, 235, 454, -1,
      457, 235, 456, -1,
      457, 455, 458, -1,
      457, 236, 235, -1,
      457, 456, 455, -1,
      459, 236, 457, -1,
      459, 457, 458, -1,
      460, 458, 461, -1,
      460, 461, 428, -1,
      460, 462, 463, -1,
      460, 464, 462, -1,
      460, 427, 464, -1,
      460, 428, 427, -1,
      465, 460, 463, -1,
      465, 459, 458, -1,
      465, 431, 227, -1,
      465, 458, 460, -1,
      465, 463, 431, -1,
      465, 226, 236, -1,
      465, 227, 226, -1,
      465, 236, 459, -1,
      466, 427, 429, -1,
      229, 225, 430, -1,
      229, 430, 431, -1,
      423, 467, 424, -1,
      425, 221, 426, -1,
      222, 221, 425, -1,
      468, 463, 462, -1,
      468, 462, 464, -1,
      468, 464, 427, -1,
      468, 466, 469, -1,
      468, 469, 470, -1,
      468, 427, 466, -1,
      471, 431, 463, -1,
      471, 228, 229, -1,
      471, 237, 228, -1,
      471, 468, 470, -1,
      471, 463, 468, -1,
      471, 229, 431, -1,
      472, 237, 471, -1,
      472, 471, 470, -1,
      473, 470, 474, -1,
      473, 238, 237, -1,
      473, 237, 472, -1,
      473, 472, 470, -1,
      475, 473, 474, -1,
      475, 238, 473, -1,
      476, 474, 477, -1,
      476, 239, 238, -1,
      476, 475, 474, -1,
      476, 238, 475, -1,
      478, 239, 476, -1,
      478, 476, 477, -1,
      479, 239, 478, -1,
      479, 477, 480, -1,
      479, 240, 239, -1,
      479, 478, 477, -1,
      481, 479, 480, -1,
      481, 240, 479, -1,
      482, 480, 483, -1,
      482, 481, 480, -1,
      482, 240, 481, -1,
      484, 483, 485, -1,
      484, 241, 240, -1,
      484, 482, 483, -1,
      484, 240, 482, -1,
      486, 484, 485, -1,
      486, 241, 484, -1,
      487, 486, 485, -1,
      487, 241, 486, -1,
      487, 485, 488, -1,
      487, 242, 241, -1,
      489, 487, 488, -1,
      489, 242, 487, -1,
      490, 242, 489, -1,
      490, 488, 491, -1,
      490, 243, 242, -1,
      490, 489, 488, -1,
      492, 243, 490, -1,
      492, 490, 491, -1,
      493, 491, 494, -1,
      493, 494, 467, -1,
      493, 434, 433, -1,
      493, 435, 434, -1,
      493, 423, 435, -1,
      493, 467, 423, -1,
      495, 493, 433, -1,
      495, 492, 491, -1,
      495, 426, 221, -1,
      495, 491, 493, -1,
      495, 433, 426, -1,
      495, 220, 243, -1,
      495, 221, 220, -1,
      495, 243, 492, -1,
      466, 429, 64, -1,
      466, 64, 65, -1,
      469, 65, 66, -1,
      469, 466, 65, -1,
      470, 66, 67, -1,
      470, 469, 66, -1,
      474, 67, 70, -1,
      474, 470, 67, -1,
      477, 70, 71, -1,
      477, 474, 70, -1,
      480, 71, 62, -1,
      480, 477, 71, -1,
      483, 62, 61, -1,
      483, 480, 62, -1,
      485, 61, 55, -1,
      485, 483, 61, -1,
      488, 55, 53, -1,
      488, 485, 55, -1,
      491, 53, 48, -1,
      491, 488, 53, -1,
      494, 48, 42, -1,
      494, 491, 48, -1,
      467, 42, 39, -1,
      467, 494, 42, -1,
      424, 39, 35, -1,
      424, 467, 39, -1,
      422, 424, 35, -1,
      422, 35, 33, -1,
      436, 33, 30, -1,
      436, 422, 33, -1,
      437, 30, 25, -1,
      437, 436, 30, -1,
      441, 25, 26, -1,
      441, 437, 25, -1,
      444, 26, 31, -1,
      444, 441, 26, -1,
      447, 31, 37, -1,
      447, 444, 31, -1,
      450, 37, 38, -1,
      450, 447, 37, -1,
      452, 38, 40, -1,
      452, 450, 38, -1,
      455, 40, 43, -1,
      455, 452, 40, -1,
      458, 43, 50, -1,
      458, 455, 43, -1,
      461, 50, 54, -1,
      461, 458, 50, -1,
      428, 54, 63, -1,
      428, 461, 54, -1,
      429, 63, 64, -1,
      429, 428, 63, -1,
    ]
  }
}

Shape {
  appearance Appearance {
    material Material {
      diffuseColor 0.6784 0.6784 0.6784
      specularColor 0.0000 0.0000 0.0000
      ambientIntensity 0.2
      transparency 1.0000
      shininess 0.5
    }
  }
  geometry IndexedFaceSet {
    ccw TRUE
    solid FALSE
    coord DEF co Coordinate {
      point [
        -1.279528 0.282205 -0.386850,
        -1.279528 -0.403543 -0.393701,
        -1.279528 0.282205 -0.393701,
        -1.279528 0.285713 -0.355715,
        -1.279528 0.009843 0.009843,
        -1.279528 -0.403543 -0.196850,
        -1.279528 0.296061 -0.326141,
        -1.279528 0.312731 -0.299611,
        -1.279528 0.334887 -0.277456,
        -1.279528 0.361417 -0.260786,
        -1.279528 0.390991 -0.250437,
        -1.279528 0.422126 -0.246929,
        -1.279528 0.009843 0.324803,
        -1.279528 -0.620079 0.324803,
        -1.279528 0.935039 -0.246929,
        -1.279528 0.935039 -0.646311,
        -1.279528 1.328740 -0.646311,
        -1.279528 1.328740 -1.503937,
        -1.286244 1.328740 -1.431953,
        -1.306161 1.328740 -1.362457,
        -1.338594 1.328740 -1.297843,
        -1.451508 1.328740 -1.117035,
        -1.458764 1.328740 -1.098898,
        -1.459256 1.328740 -1.079366,
        -1.452917 1.328740 -1.060882,
        -1.329764 1.328740 -0.839756,
        -1.302122 1.328740 -0.778437,
        -1.285217 1.328740 -0.713335,
        -1.437008 1.250000 -1.771654,
        -1.279528 1.250000 -1.771654,
        -1.437008 1.013780 -1.771654,
        -1.279528 1.013780 -1.771654,
        -1.279528 0.935039 -1.503937,
        -1.286244 0.935039 -1.431953,
        -1.306161 0.935039 -1.362457,
        -1.338594 0.935039 -1.297843,
        -1.451508 0.935039 -1.117035,
        -1.458764 0.935039 -1.098898,
        -1.459256 0.935039 -1.079366,
        -1.452917 0.935039 -1.060882,
        -1.329764 0.935039 -0.839756,
        -1.302122 0.935039 -0.778437,
        -1.285217 0.935039 -0.713335,
        -1.437008 0.935039 -0.246929,
        -1.437008 0.282205 -0.386850,
        -1.437008 0.282205 -0.393701,
        -1.437008 -0.403543 -0.393701,
        -1.437008 0.285713 -0.355715,
        -1.437008 0.009843 0.009843,
        -1.437008 -0.403543 -0.196850,
        -1.437008 0.296061 -0.326141,
        -1.437008 0.312731 -0.299611,
        -1.437008 0.334887 -0.277456,
        -1.437008 0.361417 -0.260786,
        -1.437008 0.390991 -0.250437,
        -1.437008 0.422126 -0.246929,
        -1.437008 0.009843 0.324803,
        -1.437008 -0.620079 0.324803,
        -1.433059 -0.655122 0.324803,
        -1.421413 -0.688406 0.324803,
        -1.402650 -0.718268 0.324803,
        -1.377717 -0.743201 0.324803,
        -1.347854 -0.761965 0.324803,
        -1.314571 -0.773610 0.324803,
        -1.279528 -0.777559 0.324803,
        -1.220472 -0.620079 1.505906,
        -1.220472 -0.777559 1.505906,
        -1.220472 -0.620079 -0.196850,
        -1.220472 -0.620079 0.324803,
        1.220472 -0.620079 -0.196850,
        -1.220472 -0.620079 2.362205,
        1.220472 -0.620079 0.324803,
        1.220472 -0.620079 1.505906,
        1.279528 -0.620079 0.324803,
        1.279528 -0.620079 1.505906,
        1.220472 -0.620079 2.362205,
        -1.220472 -0.777559 -0.196850,
        -1.220472 -0.777559 0.324803,
        1.220472 -0.777559 -0.196850,
        -1.220472 -0.777559 2.362205,
        1.220472 -0.777559 0.324803,
        1.279528 -0.777559 0.324803,
        1.220472 -0.777559 1.505906,
        1.279528 -0.777559 1.505906,
        1.220472 -0.777559 2.362205,
        1.433059 -0.655122 0.324803,
        1.437008 -0.620079 0.324803,
        1.437008 -0.620079 1.505906,
        1.433059 -0.655122 1.505906,
        1.421413 -0.688406 0.324803,
        1.421413 -0.688406 1.505906,
        1.402650 -0.718268 0.324803,
        1.402650 -0.718268 1.505906,
        1.377717 -0.743201 1.505906,
        1.377717 -0.743201 0.324803,
        1.347854 -0.761965 0.324803,
        1.347854 -0.761965 1.505906,
        1.314571 -0.773610 1.505906,
        1.314571 -0.773610 0.324803,
        1.437008 0.009843 0.324803,
        1.279528 0.009843 0.324803,
        1.437008 0.282205 -0.386850,
        1.437008 -0.403543 -0.393701,
        1.437008 0.282205 -0.393701,
        1.437008 0.285713 -0.355715,
        1.437008 0.009843 0.009843,
        1.437008 -0.403543 -0.196850,
        1.437008 0.296061 -0.326141,
        1.437008 0.312731 -0.299611,
        1.437008 0.334887 -0.277456,
        1.437008 0.361417 -0.260786,
        1.437008 0.390991 -0.250437,
        1.437008 0.422126 -0.246929,
        1.437008 1.328740 -0.261014,
        1.437008 0.935039 -0.246929,
        1.437008 0.935039 -0.646311,
        1.437008 1.328740 -0.646311,
        1.437008 0.391146 0.925768,
        1.437008 0.417102 0.896732,
        1.437008 0.449224 0.874709,
        1.437008 0.372851 0.960150,
        1.437008 0.485665 0.860969,
        1.437008 0.363267 0.997898,
        1.437008 0.524331 0.856299,
        1.437008 0.362946 1.036843,
        1.437008 1.801181 -0.393701,
        1.437008 1.377150 -0.299857,
        1.437008 1.393713 -0.326330,
        1.437008 1.403996 -0.355817,
        1.437008 1.407480 -0.386850,
        1.437008 1.407480 -0.393701,
        1.437008 0.371906 1.074744,
        1.437008 0.389633 1.109425,
        1.437008 0.521654 1.505906,
        1.437008 0.415106 1.138886,
        1.437008 0.446862 1.161433,
        1.437008 0.483071 1.175772,
        1.437008 0.521654 1.181079,
        1.437008 1.801181 0.383858,
        1.437008 1.355126 -0.277717,
        1.437008 1.328740 0.856299,
        1.240157 0.442913 1.505906,
        1.358268 0.600394 1.505906,
        0.786913 0.600394 1.505906,
        0.786913 0.442913 1.505906,
        1.397638 0.589846 1.505906,
        1.378646 0.597713 1.505906,
        1.259843 0.437638 1.505906,
        1.413945 0.577331 1.505906,
        1.274252 0.423228 1.505906,
        1.434327 0.542031 1.505906,
        1.426461 0.561024 1.505906,
        1.279528 0.403543 1.505906,
        1.279528 0.282205 -0.386850,
        1.279528 0.282205 -0.393701,
        1.279528 -0.403543 -0.393701,
        1.279528 0.285713 -0.355715,
        1.279528 0.009843 0.009843,
        1.279528 -0.403543 -0.196850,
        1.279528 0.296061 -0.326141,
        1.279528 0.312731 -0.299611,
        1.279528 0.334887 -0.277456,
        1.279528 0.361417 -0.260786,
        1.279528 0.390991 -0.250437,
        1.279528 0.422126 -0.246929,
        1.279528 1.328740 -0.261014,
        1.279528 0.935039 -0.646311,
        1.279528 0.935039 -0.246929,
        1.279528 1.328740 -0.646311,
        1.279528 0.390677 0.926445,
        1.279528 0.416638 0.897142,
        1.279528 0.448858 0.874902,
        1.279528 0.372483 0.961114,
        1.279528 0.485465 0.861020,
        1.279528 0.363113 0.999126,
        1.279528 0.524331 0.856299,
        1.279528 0.363113 1.038276,
        1.279528 1.801181 -0.393701,
        1.279528 1.393713 -0.326330,
        1.279528 1.377150 -0.299857,
        1.279528 1.403996 -0.355817,
        1.279528 1.407480 -0.386850,
        1.279528 1.407480 -0.393701,
        1.279528 0.372483 1.076287,
        1.279528 0.403543 1.181102,
        1.279528 0.416638 1.140260,
        1.279528 0.390677 1.110957,
        1.279528 0.448858 1.162500,
        1.279528 0.485465 1.176382,
        1.279528 1.801181 0.383858,
        1.279528 1.355126 -0.277717,
        1.279528 1.328740 0.856299,
        1.279528 0.524331 1.181102,
        1.279528 0.935039 -1.503937,
        1.279528 0.935039 -1.692913,
        1.437008 0.935039 -1.692913,
        1.437008 0.935039 -1.503937,
        1.286244 0.935039 -1.431953,
        1.441008 0.935039 -1.461087,
        1.306161 0.935039 -1.362457,
        1.452862 0.935039 -1.419720,
        1.472169 0.935039 -1.381260,
        1.338594 0.935039 -1.297843,
        1.585083 0.935039 -1.200453,
        1.451508 0.935039 -1.117035,
        1.604846 0.935039 -1.159709,
        1.458764 0.935039 -1.098898,
        1.615535 0.935039 -1.115701,
        1.616669 0.935039 -1.070429,
        1.459256 0.935039 -1.079366,
        1.608197 0.935039 -1.025945,
        1.452917 0.935039 -1.060882,
        1.590496 0.935039 -0.984260,
        1.329764 0.935039 -0.839756,
        1.467346 0.935039 -0.763134,
        1.302122 0.935039 -0.778437,
        1.450654 0.935039 -0.726102,
        1.285217 0.935039 -0.713335,
        1.440445 0.935039 -0.686787,
        1.437008 0.937720 -1.713291,
        1.279528 0.937720 -1.713291,
        1.437008 0.945587 -1.732283,
        1.279528 0.945587 -1.732283,
        1.437008 0.958102 -1.748591,
        1.279528 0.958102 -1.748591,
        1.437008 0.974409 -1.761106,
        1.279528 0.974409 -1.761106,
        1.437008 0.993402 -1.768972,
        1.279528 0.993402 -1.768972,
        1.437008 1.013780 -1.771654,
        1.279528 1.013780 -1.771654,
        1.437008 1.250000 -1.771654,
        1.437008 1.270378 -1.768972,
        1.437008 1.289370 -1.761106,
        1.437008 1.305677 -1.748591,
        1.437008 1.318193 -1.732283,
        1.437008 1.326059 -1.713291,
        1.437008 1.328740 -1.692913,
        1.437008 1.328740 -1.503937,
        1.452862 1.328740 -1.419720,
        1.472169 1.328740 -1.381260,
        1.441008 1.328740 -1.461087,
        1.279528 1.328740 -1.503937,
        1.279528 1.328740 -1.692913,
        1.286244 1.328740 -1.431953,
        1.306161 1.328740 -1.362457,
        1.338594 1.328740 -1.297843,
        1.585083 1.328740 -1.200453,
        1.451508 1.328740 -1.117035,
        1.604846 1.328740 -1.159709,
        1.458764 1.328740 -1.098898,
        1.615535 1.328740 -1.115701,
        1.616669 1.328740 -1.070429,
        1.459256 1.328740 -1.079366,
        1.608197 1.328740 -1.025945,
        1.452917 1.328740 -1.060882,
        1.590496 1.328740 -0.984260,
        1.329764 1.328740 -0.839756,
        1.467346 1.328740 -0.763134,
        1.302122 1.328740 -0.778437,
        1.450654 1.328740 -0.726102,
        1.285217 1.328740 -0.713335,
        1.440445 1.328740 -0.686787,
        1.279528 1.326059 -1.713291,
        1.279528 1.318193 -1.732283,
        1.279528 1.305677 -1.748591,
        1.279528 1.289370 -1.761106,
        1.279528 1.270378 -1.768972,
        1.279528 1.250000 -1.771654,
        1.436961 0.524331 1.181102,
        1.433717 0.544181 1.181102,
        1.425547 0.562559 1.181102,
        1.412992 0.578272 1.181102,
        1.396862 0.590287 1.181102,
        1.378217 0.597827 1.181102,
        1.358268 0.600394 1.181102,
        0.786913 0.600394 1.181102,
        0.767228 0.600394 1.186378,
        0.752819 0.600394 1.200787,
        0.747543 0.600394 1.220472,
        0.747543 0.600394 1.466535,
        0.752819 0.600394 1.486220,
        0.767228 0.600394 1.500630,
        0.767228 0.442913 1.500630,
        0.752819 0.442913 1.486220,
        0.747543 0.442913 1.466535,
        0.747543 0.442913 1.220472,
        0.752819 0.442913 1.200787,
        0.767228 0.442913 1.186378,
        0.786913 0.442913 1.181102,
        1.240157 0.442913 1.181102,
        1.274252 0.423228 1.181102,
        1.259843 0.437638 1.181102,
      ]
    }
    coordIndex [
      85, 86, 87, -1,
      85, 87, 88, -1,
      89, 88, 90, -1,
      89, 85, 88, -1,
      91, 92, 93, -1,
      91, 90, 92, -1,
      91, 89, 90, -1,
      94, 91, 93, -1,
      95, 96, 97, -1,
      95, 93, 96, -1,
      95, 94, 93, -1,
      98, 95, 97, -1,
      81, 97, 83, -1,
      81, 98, 97, -1,
      73, 81, 80, -1,
      73, 80, 71, -1,
      73, 94, 95, -1,
      73, 95, 98, -1,
      73, 98, 81, -1,
      91, 94, 73, -1,
      89, 91, 73, -1,
      85, 89, 73, -1,
      86, 85, 73, -1,
      99, 73, 100, -1,
      99, 86, 73, -1,
      101, 102, 103, -1,
      104, 102, 101, -1,
      105, 106, 102, -1,
      105, 104, 107, -1,
      105, 107, 108, -1,
      105, 102, 104, -1,
      109, 105, 108, -1,
      110, 105, 109, -1,
      111, 105, 110, -1,
      112, 105, 111, -1,
      99, 105, 112, -1,
      87, 86, 99, -1,
      113, 114, 115, -1,
      113, 115, 116, -1,
      117, 99, 118, -1,
      119, 118, 99, -1,
      120, 99, 117, -1,
      121, 119, 99, -1,
      122, 99, 120, -1,
      122, 87, 99, -1,
      123, 112, 114, -1,
      123, 99, 112, -1,
      123, 121, 99, -1,
      124, 87, 122, -1,
      125, 126, 127, -1,
      125, 127, 128, -1,
      125, 128, 129, -1,
      125, 129, 130, -1,
      131, 87, 124, -1,
      132, 87, 131, -1,
      133, 87, 132, -1,
      133, 132, 134, -1,
      133, 134, 135, -1,
      133, 135, 136, -1,
      133, 136, 137, -1,
      138, 113, 139, -1,
      138, 139, 126, -1,
      138, 126, 125, -1,
      140, 113, 138, -1,
      140, 114, 113, -1,
      140, 123, 114, -1,
      141, 142, 143, -1,
      141, 143, 144, -1,
      145, 146, 142, -1,
      147, 142, 141, -1,
      148, 145, 142, -1,
      149, 142, 147, -1,
      133, 150, 151, -1,
      133, 151, 148, -1,
      133, 149, 152, -1,
      133, 148, 142, -1,
      133, 142, 149, -1,
      83, 74, 72, -1,
      83, 72, 82, -1,
      87, 152, 74, -1,
      87, 133, 152, -1,
      97, 74, 83, -1,
      88, 87, 74, -1,
      96, 74, 97, -1,
      90, 88, 74, -1,
      93, 74, 96, -1,
      92, 90, 74, -1,
      92, 74, 93, -1,
      80, 78, 69, -1,
      80, 69, 71, -1,
      84, 72, 75, -1,
      84, 82, 72, -1,
      78, 76, 67, -1,
      78, 67, 69, -1,
      76, 68, 67, -1,
      76, 77, 68, -1,
      66, 79, 70, -1,
      66, 70, 65, -1,
      13, 64, 63, -1,
      13, 63, 62, -1,
      13, 62, 61, -1,
      13, 77, 64, -1,
      13, 68, 77, -1,
      60, 13, 61, -1,
      59, 13, 60, -1,
      58, 13, 59, -1,
      57, 13, 58, -1,
      56, 12, 13, -1,
      56, 13, 57, -1,
      48, 12, 56, -1,
      48, 4, 12, -1,
      49, 4, 48, -1,
      49, 5, 4, -1,
      46, 5, 49, -1,
      46, 1, 5, -1,
      45, 1, 46, -1,
      45, 2, 1, -1,
      44, 2, 45, -1,
      44, 0, 2, -1,
      10, 54, 55, -1,
      10, 55, 11, -1,
      9, 53, 54, -1,
      9, 54, 10, -1,
      8, 52, 53, -1,
      8, 53, 9, -1,
      7, 51, 52, -1,
      7, 52, 8, -1,
      6, 50, 51, -1,
      6, 51, 7, -1,
      3, 47, 50, -1,
      3, 50, 6, -1,
      0, 44, 47, -1,
      0, 47, 3, -1,
      43, 11, 55, -1,
      43, 14, 11, -1,
      79, 84, 75, -1,
      79, 75, 70, -1,
      153, 154, 155, -1,
      156, 153, 155, -1,
      157, 155, 158, -1,
      157, 159, 156, -1,
      157, 160, 159, -1,
      157, 156, 155, -1,
      161, 160, 157, -1,
      162, 161, 157, -1,
      163, 162, 157, -1,
      164, 163, 157, -1,
      100, 164, 157, -1,
      74, 100, 73, -1,
      165, 166, 167, -1,
      165, 168, 166, -1,
      169, 170, 100, -1,
      171, 100, 170, -1,
      172, 169, 100, -1,
      173, 100, 171, -1,
      174, 100, 74, -1,
      174, 172, 100, -1,
      175, 100, 173, -1,
      175, 167, 164, -1,
      175, 164, 100, -1,
      176, 174, 74, -1,
      177, 178, 179, -1,
      177, 180, 178, -1,
      177, 181, 180, -1,
      177, 182, 181, -1,
      183, 176, 74, -1,
      184, 185, 186, -1,
      184, 186, 183, -1,
      184, 183, 74, -1,
      187, 185, 184, -1,
      188, 187, 184, -1,
      152, 184, 74, -1,
      189, 190, 165, -1,
      189, 179, 190, -1,
      189, 177, 179, -1,
      191, 167, 175, -1,
      191, 165, 167, -1,
      191, 189, 165, -1,
      192, 188, 184, -1,
      193, 194, 195, -1,
      196, 197, 193, -1,
      196, 193, 195, -1,
      198, 199, 197, -1,
      198, 197, 196, -1,
      200, 199, 198, -1,
      201, 202, 199, -1,
      201, 199, 200, -1,
      203, 204, 202, -1,
      203, 202, 201, -1,
      205, 206, 204, -1,
      205, 204, 203, -1,
      207, 206, 205, -1,
      208, 209, 206, -1,
      208, 206, 207, -1,
      210, 211, 209, -1,
      210, 209, 208, -1,
      212, 213, 211, -1,
      212, 211, 210, -1,
      214, 215, 213, -1,
      214, 213, 212, -1,
      216, 217, 215, -1,
      216, 215, 214, -1,
      218, 166, 217, -1,
      218, 217, 216, -1,
      115, 166, 218, -1,
      114, 167, 166, -1,
      114, 166, 115, -1,
      219, 195, 194, -1,
      219, 194, 220, -1,
      221, 220, 222, -1,
      221, 219, 220, -1,
      223, 222, 224, -1,
      223, 221, 222, -1,
      225, 224, 226, -1,
      225, 223, 224, -1,
      227, 226, 228, -1,
      227, 225, 226, -1,
      229, 228, 230, -1,
      229, 227, 228, -1,
      231, 232, 233, -1,
      231, 233, 234, -1,
      231, 234, 235, -1,
      231, 235, 236, -1,
      231, 236, 237, -1,
      238, 231, 237, -1,
      225, 227, 229, -1,
      219, 221, 223, -1,
      219, 223, 225, -1,
      195, 225, 229, -1,
      195, 219, 225, -1,
      196, 229, 231, -1,
      196, 231, 238, -1,
      196, 195, 229, -1,
      200, 239, 240, -1,
      200, 240, 201, -1,
      198, 241, 239, -1,
      198, 239, 200, -1,
      196, 238, 241, -1,
      196, 241, 198, -1,
      242, 237, 243, -1,
      238, 242, 244, -1,
      238, 237, 242, -1,
      241, 244, 245, -1,
      241, 238, 244, -1,
      239, 241, 245, -1,
      240, 245, 246, -1,
      240, 239, 245, -1,
      247, 246, 248, -1,
      247, 240, 246, -1,
      249, 248, 250, -1,
      249, 247, 248, -1,
      251, 249, 250, -1,
      252, 250, 253, -1,
      252, 251, 250, -1,
      254, 253, 255, -1,
      254, 252, 253, -1,
      256, 255, 257, -1,
      256, 254, 255, -1,
      258, 257, 259, -1,
      258, 256, 257, -1,
      260, 259, 261, -1,
      260, 258, 259, -1,
      262, 261, 168, -1,
      262, 260, 261, -1,
      116, 262, 168, -1,
      113, 168, 165, -1,
      113, 116, 168, -1,
      263, 243, 237, -1,
      263, 237, 236, -1,
      264, 236, 235, -1,
      264, 263, 236, -1,
      265, 235, 234, -1,
      265, 264, 235, -1,
      266, 234, 233, -1,
      266, 265, 234, -1,
      267, 233, 232, -1,
      267, 266, 233, -1,
      268, 232, 231, -1,
      268, 267, 232, -1,
      268, 242, 243, -1,
      268, 243, 263, -1,
      268, 263, 264, -1,
      268, 264, 265, -1,
      268, 265, 266, -1,
      268, 266, 267, -1,
      230, 194, 193, -1,
      230, 193, 242, -1,
      230, 242, 268, -1,
      224, 230, 228, -1,
      224, 228, 226, -1,
      224, 222, 220, -1,
      224, 220, 194, -1,
      224, 194, 230, -1,
      229, 230, 268, -1,
      229, 268, 231, -1,
      199, 202, 246, -1,
      199, 246, 245, -1,
      197, 245, 244, -1,
      197, 199, 245, -1,
      193, 244, 242, -1,
      193, 197, 244, -1,
      202, 204, 248, -1,
      202, 248, 246, -1,
      206, 250, 248, -1,
      206, 248, 204, -1,
      209, 253, 250, -1,
      209, 250, 206, -1,
      211, 255, 253, -1,
      211, 253, 209, -1,
      211, 213, 257, -1,
      211, 257, 255, -1,
      217, 166, 168, -1,
      217, 168, 261, -1,
      215, 261, 259, -1,
      215, 217, 261, -1,
      213, 259, 257, -1,
      213, 215, 259, -1,
      203, 201, 240, -1,
      203, 240, 247, -1,
      203, 247, 249, -1,
      205, 203, 249, -1,
      207, 249, 251, -1,
      207, 205, 249, -1,
      208, 251, 252, -1,
      208, 207, 251, -1,
      210, 252, 254, -1,
      210, 208, 252, -1,
      212, 254, 256, -1,
      212, 210, 254, -1,
      214, 212, 256, -1,
      214, 256, 258, -1,
      218, 262, 116, -1,
      218, 116, 115, -1,
      216, 260, 262, -1,
      216, 262, 218, -1,
      214, 258, 260, -1,
      214, 260, 216, -1,
      128, 181, 129, -1,
      128, 180, 181, -1,
      127, 178, 180, -1,
      127, 180, 128, -1,
      126, 179, 178, -1,
      126, 178, 127, -1,
      139, 190, 179, -1,
      139, 179, 126, -1,
      113, 165, 190, -1,
      113, 190, 139, -1,
      130, 129, 181, -1,
      130, 181, 182, -1,
      125, 130, 182, -1,
      125, 182, 177, -1,
      138, 125, 177, -1,
      138, 177, 189, -1,
      189, 191, 140, -1,
      189, 140, 138, -1,
      123, 140, 191, -1,
      123, 191, 175, -1,
      175, 121, 123, -1,
      173, 119, 121, -1,
      173, 121, 175, -1,
      171, 118, 119, -1,
      171, 119, 173, -1,
      170, 117, 118, -1,
      170, 118, 171, -1,
      169, 120, 117, -1,
      169, 117, 170, -1,
      172, 122, 120, -1,
      172, 120, 169, -1,
      174, 124, 122, -1,
      174, 122, 172, -1,
      176, 131, 124, -1,
      176, 124, 174, -1,
      183, 132, 131, -1,
      183, 131, 176, -1,
      186, 134, 132, -1,
      186, 132, 183, -1,
      185, 135, 134, -1,
      185, 134, 186, -1,
      187, 136, 135, -1,
      187, 135, 185, -1,
      188, 137, 136, -1,
      188, 136, 187, -1,
      192, 269, 137, -1,
      192, 137, 188, -1,
      133, 137, 269, -1,
      150, 269, 270, -1,
      150, 133, 269, -1,
      151, 270, 271, -1,
      151, 150, 270, -1,
      148, 271, 272, -1,
      148, 151, 271, -1,
      145, 272, 273, -1,
      145, 148, 272, -1,
      146, 273, 274, -1,
      146, 145, 273, -1,
      142, 274, 275, -1,
      142, 146, 274, -1,
      276, 277, 278, -1,
      276, 278, 279, -1,
      143, 279, 280, -1,
      143, 280, 281, -1,
      143, 281, 282, -1,
      143, 276, 279, -1,
      142, 275, 276, -1,
      142, 276, 143, -1,
      283, 144, 143, -1,
      283, 143, 282, -1,
      284, 282, 281, -1,
      284, 283, 282, -1,
      285, 281, 280, -1,
      285, 284, 281, -1,
      286, 287, 288, -1,
      286, 288, 289, -1,
      144, 290, 141, -1,
      144, 289, 290, -1,
      285, 286, 289, -1,
      285, 289, 144, -1,
      284, 144, 283, -1,
      284, 285, 144, -1,
      149, 184, 152, -1,
      149, 291, 184, -1,
      147, 292, 291, -1,
      147, 290, 292, -1,
      147, 291, 149, -1,
      141, 290, 147, -1,
      290, 289, 276, -1,
      192, 291, 292, -1,
      192, 292, 290, -1,
      192, 290, 276, -1,
      275, 192, 276, -1,
      269, 192, 275, -1,
      274, 269, 275, -1,
      273, 269, 274, -1,
      271, 270, 269, -1,
      272, 269, 273, -1,
      272, 271, 269, -1,
      192, 184, 291, -1,
      287, 286, 279, -1,
      287, 279, 278, -1,
      288, 278, 277, -1,
      288, 287, 278, -1,
      289, 277, 276, -1,
      289, 288, 277, -1,
      280, 279, 286, -1,
      280, 286, 285, -1,
      114, 112, 164, -1,
      114, 164, 167, -1,
      111, 164, 112, -1,
      111, 163, 164, -1,
      110, 162, 163, -1,
      110, 163, 111, -1,
      109, 161, 162, -1,
      109, 162, 110, -1,
      108, 160, 161, -1,
      108, 161, 109, -1,
      107, 159, 160, -1,
      107, 160, 108, -1,
      104, 156, 159, -1,
      104, 159, 107, -1,
      101, 153, 156, -1,
      101, 156, 104, -1,
      101, 103, 154, -1,
      101, 154, 153, -1,
      103, 102, 155, -1,
      103, 155, 154, -1,
      102, 106, 158, -1,
      102, 158, 155, -1,
      106, 105, 157, -1,
      106, 157, 158, -1,
      105, 99, 100, -1,
      105, 100, 157, -1,
      27, 16, 15, -1,
      27, 15, 42, -1,
      26, 42, 41, -1,
      26, 27, 42, -1,
      25, 41, 40, -1,
      25, 26, 41, -1,
      39, 24, 25, -1,
      39, 25, 40, -1,
      22, 36, 21, -1,
      22, 37, 36, -1,
      23, 38, 37, -1,
      23, 37, 22, -1,
      24, 39, 38, -1,
      24, 38, 23, -1,
      35, 20, 21, -1,
      35, 21, 36, -1,
      19, 20, 35, -1,
      19, 35, 34, -1,
      18, 34, 33, -1,
      18, 19, 34, -1,
      17, 33, 32, -1,
      17, 18, 33, -1,
      30, 29, 31, -1,
      30, 28, 29, -1,
    ]
  }
}
