ISO-10303-21;
HEADER;
FILE_DESCRIPTION((''),'2;1');
FILE_NAME('187','2021-09-13T17:38:19',('AB'),(''),
'CREO PARAMETRIC BY PTC INC, 2016510','CREO PARAMETRIC BY PTC INC, 2016510','');
FILE_SCHEMA(('CONFIG_CONTROL_DESIGN','GEOMETRIC_VALIDATION_PROPERTIES_MIM'));
ENDSEC;
DATA;
#31=DIRECTION('',(0.E0,0.E0,-1.E0));
#32=VECTOR('',#31,2.E-2);
#33=CARTESIAN_POINT('',(-6.1960625E-1,-5.602234052569E-1,0.E0));
#34=LINE('',#33,#32);
#35=DIRECTION('',(1.E0,0.E0,0.E0));
#36=VECTOR('',#35,1.2E0);
#37=CARTESIAN_POINT('',(-2.9E0,1.025E0,0.E0));
#38=LINE('',#37,#36);
#39=DIRECTION('',(0.E0,1.E0,0.E0));
#40=VECTOR('',#39,2.55E0);
#41=CARTESIAN_POINT('',(-2.9E0,-1.525E0,0.E0));
#42=LINE('',#41,#40);
#43=DIRECTION('',(1.E0,0.E0,0.E0));
#44=VECTOR('',#43,5.8E0);
#45=CARTESIAN_POINT('',(-2.9E0,-1.525E0,0.E0));
#46=LINE('',#45,#44);
#47=DIRECTION('',(0.E0,-1.E0,0.E0));
#48=VECTOR('',#47,2.55E0);
#49=CARTESIAN_POINT('',(2.9E0,1.025E0,0.E0));
#50=LINE('',#49,#48);
#51=DIRECTION('',(1.E0,0.E0,0.E0));
#52=VECTOR('',#51,1.2E0);
#53=CARTESIAN_POINT('',(1.7E0,1.025E0,0.E0));
#54=LINE('',#53,#52);
#55=DIRECTION('',(0.E0,-1.E0,0.E0));
#56=VECTOR('',#55,5.E-1);
#57=CARTESIAN_POINT('',(1.7E0,1.525E0,0.E0));
#58=LINE('',#57,#56);
#59=DIRECTION('',(-1.E0,0.E0,0.E0));
#60=VECTOR('',#59,6.E-1);
#61=CARTESIAN_POINT('',(1.7E0,1.525E0,0.E0));
#62=LINE('',#61,#60);
#63=DIRECTION('',(0.E0,-1.E0,0.E0));
#64=VECTOR('',#63,5.E-1);
#65=CARTESIAN_POINT('',(1.1E0,1.525E0,0.E0));
#66=LINE('',#65,#64);
#67=DIRECTION('',(1.E0,0.E0,0.E0));
#68=VECTOR('',#67,2.2E0);
#69=CARTESIAN_POINT('',(-1.1E0,1.025E0,0.E0));
#70=LINE('',#69,#68);
#71=DIRECTION('',(0.E0,-1.E0,0.E0));
#72=VECTOR('',#71,5.E-1);
#73=CARTESIAN_POINT('',(-1.1E0,1.525E0,0.E0));
#74=LINE('',#73,#72);
#75=DIRECTION('',(-1.E0,0.E0,0.E0));
#76=VECTOR('',#75,6.E-1);
#77=CARTESIAN_POINT('',(-1.1E0,1.525E0,0.E0));
#78=LINE('',#77,#76);
#79=DIRECTION('',(0.E0,-1.E0,0.E0));
#80=VECTOR('',#79,5.E-1);
#81=CARTESIAN_POINT('',(-1.7E0,1.525E0,0.E0));
#82=LINE('',#81,#80);
#83=DIRECTION('',(1.E0,0.E0,0.E0));
#84=VECTOR('',#83,7.E-1);
#85=CARTESIAN_POINT('',(-2.6E0,5.25E-1,0.E0));
#86=LINE('',#85,#84);
#87=DIRECTION('',(0.E0,-1.E0,0.E0));
#88=VECTOR('',#87,3.E-1);
#89=CARTESIAN_POINT('',(-1.9E0,5.25E-1,0.E0));
#90=LINE('',#89,#88);
#91=DIRECTION('',(1.E0,0.E0,0.E0));
#92=VECTOR('',#91,7.E-1);
#93=CARTESIAN_POINT('',(-2.6E0,2.25E-1,0.E0));
#94=LINE('',#93,#92);
#95=DIRECTION('',(0.E0,-1.E0,0.E0));
#96=VECTOR('',#95,3.E-1);
#97=CARTESIAN_POINT('',(-2.6E0,5.25E-1,0.E0));
#98=LINE('',#97,#96);
#99=DIRECTION('',(1.E0,0.E0,0.E0));
#100=VECTOR('',#99,7.E-1);
#101=CARTESIAN_POINT('',(1.9E0,5.25E-1,0.E0));
#102=LINE('',#101,#100);
#103=DIRECTION('',(0.E0,-1.E0,0.E0));
#104=VECTOR('',#103,3.E-1);
#105=CARTESIAN_POINT('',(2.6E0,5.25E-1,0.E0));
#106=LINE('',#105,#104);
#107=DIRECTION('',(1.E0,0.E0,0.E0));
#108=VECTOR('',#107,7.E-1);
#109=CARTESIAN_POINT('',(1.9E0,2.25E-1,0.E0));
#110=LINE('',#109,#108);
#111=DIRECTION('',(0.E0,-1.E0,0.E0));
#112=VECTOR('',#111,3.E-1);
#113=CARTESIAN_POINT('',(1.9E0,5.25E-1,0.E0));
#114=LINE('',#113,#112);
#115=DIRECTION('',(0.E0,1.E0,0.E0));
#116=VECTOR('',#115,5.265E-1);
#117=CARTESIAN_POINT('',(-1.1132E0,-9.635E-1,0.E0));
#118=LINE('',#117,#116);
#119=DIRECTION('',(1.E0,0.E0,0.E0));
#120=VECTOR('',#119,3.94875E-1);
#121=CARTESIAN_POINT('',(-1.1132E0,-4.37E-1,0.E0));
#122=LINE('',#121,#120);
#123=DIRECTION('',(0.E0,-1.E0,0.E0));
#124=VECTOR('',#123,6.721276579052E-2);
#125=CARTESIAN_POINT('',(-7.18325E-1,-4.37E-1,0.E0));
#126=LINE('',#125,#124);
#127=DIRECTION('',(-1.E0,0.E0,0.E0));
#128=VECTOR('',#127,3.290625E-1);
#129=CARTESIAN_POINT('',(-7.18325E-1,-5.042127657905E-1,0.E0));
#130=LINE('',#129,#128);
#131=DIRECTION('',(0.E0,-1.E0,0.E0));
#132=VECTOR('',#131,4.592872342095E-1);
#133=CARTESIAN_POINT('',(-1.0473875E0,-5.042127657905E-1,0.E0));
#134=LINE('',#133,#132);
#135=DIRECTION('',(-1.E0,0.E0,0.E0));
#136=VECTOR('',#135,6.58125E-2);
#137=CARTESIAN_POINT('',(-1.0473875E0,-9.635E-1,0.E0));
#138=LINE('',#137,#136);
#139=DIRECTION('',(-1.E0,0.E0,0.E0));
#140=VECTOR('',#139,6.58125E-2);
#141=CARTESIAN_POINT('',(-2.027937709212E-1,-5.714255315810E-1,0.E0));
#142=LINE('',#141,#140);
#143=DIRECTION('',(-3.102789952956E-1,9.506455412394E-1,0.E0));
#144=VECTOR('',#143,3.535111407425E-2);
#145=CARTESIAN_POINT('',(-2.686062709212E-1,-5.714255315810E-1,0.E0));
#146=LINE('',#145,#144);
#147=DIRECTION('',(-8.265991871191E-1,5.627910658976E-1,0.E0));
#148=VECTOR('',#147,3.980919714510E-2);
#149=CARTESIAN_POINT('',(-2.795749790788E-1,-5.378191526085E-1,0.E0));
#150=LINE('',#149,#148);
#151=DIRECTION('',(-9.689177459678E-1,2.473831068378E-1,0.E0));
#152=VECTOR('',#151,4.528250318855E-2);
#153=CARTESIAN_POINT('',(-3.124812290788E-1,-5.154148921147E-1,0.E0));
#154=LINE('',#153,#152);
#155=DIRECTION('',(-1.E0,0.E0,0.E0));
#156=VECTOR('',#155,9.871875E-2);
#157=CARTESIAN_POINT('',(-3.5635625E-1,-5.042127657905E-1,0.E0));
#158=LINE('',#157,#156);
#159=DIRECTION('',(-9.689177459678E-1,-2.473831068378E-1,0.E0));
#160=VECTOR('',#159,4.528250318855E-2);
#161=CARTESIAN_POINT('',(-4.55075E-1,-5.042127657905E-1,0.E0));
#162=LINE('',#161,#160);
#163=DIRECTION('',(-8.265991871191E-1,-5.627910658976E-1,0.E0));
#164=VECTOR('',#163,3.980919714510E-2);
#165=CARTESIAN_POINT('',(-4.989500209212E-1,-5.154148921147E-1,0.E0));
#166=LINE('',#165,#164);
#167=DIRECTION('',(-5.466221810895E-1,-8.373793591563E-1,0.E0));
#168=VECTOR('',#167,4.013280074922E-2);
#169=CARTESIAN_POINT('',(-5.318562709212E-1,-5.378191526085E-1,0.E0));
#170=LINE('',#169,#168);
#171=DIRECTION('',(-2.377717803411E-1,-9.713210491251E-1,0.E0));
#172=VECTOR('',#171,4.613150856462E-2);
#173=CARTESIAN_POINT('',(-5.5379375E-1,-5.714255315810E-1,0.E0));
#174=LINE('',#173,#172);
#175=DIRECTION('',(0.E0,-1.E0,0.E0));
#176=VECTOR('',#175,1.680319105536E-1);
#177=CARTESIAN_POINT('',(-5.647625209212E-1,-6.162340368778E-1,0.E0));
#178=LINE('',#177,#176);
#179=DIRECTION('',(2.377717803411E-1,-9.713210491251E-1,0.E0));
#180=VECTOR('',#179,4.613150856462E-2);
#181=CARTESIAN_POINT('',(-5.647625209212E-1,-7.842659474313E-1,0.E0));
#182=LINE('',#181,#180);
#183=DIRECTION('',(5.466218231676E-1,-8.373795927994E-1,0.E0));
#184=VECTOR('',#183,4.013282702774E-2);
#185=CARTESIAN_POINT('',(-5.5379375E-1,-8.290744527280E-1,0.E0));
#186=LINE('',#185,#184);
#187=DIRECTION('',(8.265992787996E-1,-5.627909312417E-1,0.E0));
#188=VECTOR('',#187,3.980919272974E-2);
#189=CARTESIAN_POINT('',(-5.318562709212E-1,-8.626808630824E-1,0.E0));
#190=LINE('',#189,#188);
#191=DIRECTION('',(9.689177459678E-1,-2.473831068378E-1,0.E0));
#192=VECTOR('',#191,4.528250318855E-2);
#193=CARTESIAN_POINT('',(-4.989500209212E-1,-8.850851157308E-1,0.E0));
#194=LINE('',#193,#192);
#195=DIRECTION('',(1.E0,0.E0,0.E0));
#196=VECTOR('',#195,9.871875E-2);
#197=CARTESIAN_POINT('',(-4.55075E-1,-8.962872420549E-1,0.E0));
#198=LINE('',#197,#196);
#199=DIRECTION('',(9.689177459678E-1,2.473831068378E-1,0.E0));
#200=VECTOR('',#199,4.528250318855E-2);
#201=CARTESIAN_POINT('',(-3.5635625E-1,-8.962872420549E-1,0.E0));
#202=LINE('',#201,#200);
#203=DIRECTION('',(8.265992787996E-1,5.627909312417E-1,0.E0));
#204=VECTOR('',#203,3.980919272974E-2);
#205=CARTESIAN_POINT('',(-3.124812290788E-1,-8.850851157308E-1,0.E0));
#206=LINE('',#205,#204);
#207=DIRECTION('',(3.102787334496E-1,9.506456267027E-1,0.E0));
#208=VECTOR('',#207,3.535114390726E-2);
#209=CARTESIAN_POINT('',(-2.795749790788E-1,-8.626808630824E-1,0.E0));
#210=LINE('',#209,#208);
#211=DIRECTION('',(1.E0,0.E0,0.E0));
#212=VECTOR('',#211,6.58125E-2);
#213=CARTESIAN_POINT('',(-2.686062709212E-1,-8.290744527280E-1,0.E0));
#214=LINE('',#213,#212);
#215=DIRECTION('',(-1.921820436730E-1,-9.813592930674E-1,0.E0));
#216=VECTOR('',#215,5.707457339876E-2);
#217=CARTESIAN_POINT('',(-2.027937709212E-1,-8.290744527280E-1,0.E0));
#218=LINE('',#217,#216);
#219=DIRECTION('',(-6.996250055017E-1,-7.145102180353E-1,0.E0));
#220=VECTOR('',#219,6.271219664279E-2);
#221=CARTESIAN_POINT('',(-2.137624790788E-1,-8.850851157308E-1,0.E0));
#222=LINE('',#221,#220);
#223=DIRECTION('',(-8.906053746977E-1,-4.547769415434E-1,0.E0));
#224=VECTOR('',#223,4.926426694441E-2);
#225=CARTESIAN_POINT('',(-2.576375E-1,-9.298936210275E-1,0.E0));
#226=LINE('',#225,#224);
#227=DIRECTION('',(-9.797706943097E-1,-2.001234283435E-1,0.E0));
#228=VECTOR('',#227,5.597608644277E-2);
#229=CARTESIAN_POINT('',(-3.015125209212E-1,-9.522978736758E-1,0.E0));
#230=LINE('',#229,#228);
#231=DIRECTION('',(-1.E0,0.E0,0.E0));
#232=VECTOR('',#231,9.871875E-2);
#233=CARTESIAN_POINT('',(-3.5635625E-1,-9.635E-1,0.E0));
#234=LINE('',#233,#232);
#235=DIRECTION('',(-9.797706943097E-1,2.001234283435E-1,0.E0));
#236=VECTOR('',#235,5.597608644277E-2);
#237=CARTESIAN_POINT('',(-4.55075E-1,-9.635E-1,0.E0));
#238=LINE('',#237,#236);
#239=DIRECTION('',(-8.906053746977E-1,4.547769415434E-1,0.E0));
#240=VECTOR('',#239,4.926426694441E-2);
#241=CARTESIAN_POINT('',(-5.099187290788E-1,-9.522978736758E-1,0.E0));
#242=LINE('',#241,#240);
#243=DIRECTION('',(-6.996247500295E-1,7.145104681851E-1,0.E0));
#244=VECTOR('',#243,6.271217468727E-2);
#245=CARTESIAN_POINT('',(-5.5379375E-1,-9.298936210275E-1,0.E0));
#246=LINE('',#245,#244);
#247=DIRECTION('',(-4.397136649566E-1,8.981380143666E-1,0.E0));
#248=VECTOR('',#247,4.989044509858E-2);
#249=CARTESIAN_POINT('',(-5.976687395394E-1,-8.850851157308E-1,0.E0));
#250=LINE('',#249,#248);
#251=DIRECTION('',(-1.921825732045E-1,9.813591893677E-1,0.E0));
#252=VECTOR('',#251,5.707457942980E-2);
#253=CARTESIAN_POINT('',(-6.1960625E-1,-8.402766104341E-1,0.E0));
#254=LINE('',#253,#252);
#255=DIRECTION('',(0.E0,1.E0,0.E0));
#256=VECTOR('',#255,1.680319105536E-1);
#257=CARTESIAN_POINT('',(-6.305749895394E-1,-7.842659474313E-1,0.E0));
#258=LINE('',#257,#256);
#259=DIRECTION('',(1.921826769044E-1,9.813591690599E-1,0.E0));
#260=VECTOR('',#259,5.707454863293E-2);
#261=CARTESIAN_POINT('',(-6.305749895394E-1,-6.162340368778E-1,0.E0));
#262=LINE('',#261,#260);
#263=DIRECTION('',(4.397136028534E-1,8.981380447713E-1,0.E0));
#264=VECTOR('',#263,4.989045214489E-2);
#265=CARTESIAN_POINT('',(-6.1960625E-1,-5.602234052569E-1,0.E0));
#266=LINE('',#265,#264);
#267=DIRECTION('',(6.996247187608E-1,7.145104988025E-1,0.E0));
#268=VECTOR('',#267,6.271217749010E-2);
#269=CARTESIAN_POINT('',(-5.976687395394E-1,-5.154148921147E-1,0.E0));
#270=LINE('',#269,#268);
#271=DIRECTION('',(8.906053505096E-1,4.547769889117E-1,0.E0));
#272=VECTOR('',#271,4.926426828238E-2);
#273=CARTESIAN_POINT('',(-5.5379375E-1,-4.706063828953E-1,0.E0));
#274=LINE('',#273,#272);
#275=DIRECTION('',(9.797706908745E-1,2.001234451615E-1,0.E0));
#276=VECTOR('',#275,5.597608663903E-2);
#277=CARTESIAN_POINT('',(-5.099187290788E-1,-4.482021273049E-1,0.E0));
#278=LINE('',#277,#276);
#279=DIRECTION('',(1.E0,0.E0,0.E0));
#280=VECTOR('',#279,9.871875E-2);
#281=CARTESIAN_POINT('',(-4.55075E-1,-4.37E-1,0.E0));
#282=LINE('',#281,#280);
#283=DIRECTION('',(9.797706908745E-1,-2.001234451615E-1,0.E0));
#284=VECTOR('',#283,5.597608663903E-2);
#285=CARTESIAN_POINT('',(-3.5635625E-1,-4.37E-1,0.E0));
#286=LINE('',#285,#284);
#287=DIRECTION('',(8.906053505096E-1,-4.547769889117E-1,0.E0));
#288=VECTOR('',#287,4.926426828238E-2);
#289=CARTESIAN_POINT('',(-3.015125209212E-1,-4.482021273049E-1,0.E0));
#290=LINE('',#289,#288);
#291=DIRECTION('',(6.996249742329E-1,-7.145102486526E-1,0.E0));
#292=VECTOR('',#291,6.271219944562E-2);
#293=CARTESIAN_POINT('',(-2.576375E-1,-4.706063828953E-1,0.E0));
#294=LINE('',#293,#292);
#295=DIRECTION('',(1.921821214477E-1,-9.813592778365E-1,0.E0));
#296=VECTOR('',#295,5.707455030111E-2);
#297=CARTESIAN_POINT('',(-2.137624790788E-1,-5.154148921147E-1,0.E0));
#298=LINE('',#297,#296);
#299=DIRECTION('',(-1.E0,0.E0,0.E0));
#300=VECTOR('',#299,3.290625E-1);
#301=CARTESIAN_POINT('',(2.798312081575E-1,-5.042127657905E-1,0.E0));
#302=LINE('',#301,#300);
#303=DIRECTION('',(0.E0,-1.E0,0.E0));
#304=VECTOR('',#303,1.792340447232E-1);
#305=CARTESIAN_POINT('',(-4.923129184246E-2,-5.042127657905E-1,0.E0));
#306=LINE('',#305,#304);
#307=DIRECTION('',(1.E0,0.E0,0.E0));
#308=VECTOR('',#307,2.851875418425E-1);
#309=CARTESIAN_POINT('',(-4.923129184246E-2,-6.834468105137E-1,0.E0));
#310=LINE('',#309,#308);
#311=DIRECTION('',(0.E0,-1.E0,0.E0));
#312=VECTOR('',#311,6.721275794506E-2);
#313=CARTESIAN_POINT('',(2.3595625E-1,-6.834468105137E-1,0.E0));
#314=LINE('',#313,#312);
#315=DIRECTION('',(-1.E0,0.E0,0.E0));
#316=VECTOR('',#315,2.851875418425E-1);
#317=CARTESIAN_POINT('',(2.3595625E-1,-7.506595684588E-1,0.E0));
#318=LINE('',#317,#316);
#319=DIRECTION('',(0.E0,-1.E0,0.E0));
#320=VECTOR('',#319,1.456276735961E-1);
#321=CARTESIAN_POINT('',(-4.923129184246E-2,-7.506595684588E-1,0.E0));
#322=LINE('',#321,#320);
#323=DIRECTION('',(1.E0,0.E0,0.E0));
#324=VECTOR('',#323,3.290625E-1);
#325=CARTESIAN_POINT('',(-4.923129184246E-2,-8.962872420549E-1,0.E0));
#326=LINE('',#325,#324);
#327=DIRECTION('',(0.E0,-1.E0,0.E0));
#328=VECTOR('',#327,6.721275794506E-2);
#329=CARTESIAN_POINT('',(2.798312081575E-1,-8.962872420549E-1,0.E0));
#330=LINE('',#329,#328);
#331=DIRECTION('',(-1.E0,0.E0,0.E0));
#332=VECTOR('',#331,3.948749372363E-1);
#333=CARTESIAN_POINT('',(2.798312081575E-1,-9.635E-1,0.E0));
#334=LINE('',#333,#332);
#335=DIRECTION('',(0.E0,1.E0,0.E0));
#336=VECTOR('',#335,5.265E-1);
#337=CARTESIAN_POINT('',(-1.150437290788E-1,-9.635E-1,0.E0));
#338=LINE('',#337,#336);
#339=DIRECTION('',(1.E0,0.E0,0.E0));
#340=VECTOR('',#339,3.948749372363E-1);
#341=CARTESIAN_POINT('',(-1.150437290788E-1,-4.37E-1,0.E0));
#342=LINE('',#341,#340);
#343=DIRECTION('',(0.E0,-1.E0,0.E0));
#344=VECTOR('',#343,6.721276579052E-2);
#345=CARTESIAN_POINT('',(2.798312081575E-1,-4.37E-1,0.E0));
#346=LINE('',#345,#344);
#347=DIRECTION('',(-1.E0,0.E0,0.E0));
#348=VECTOR('',#347,2.6325E-1);
#349=CARTESIAN_POINT('',(6.3083125E-1,-9.635E-1,0.E0));
#350=LINE('',#349,#348);
#351=DIRECTION('',(0.E0,1.E0,0.E0));
#352=VECTOR('',#351,5.265E-1);
#353=CARTESIAN_POINT('',(3.6758125E-1,-9.635E-1,0.E0));
#354=LINE('',#353,#352);
#355=DIRECTION('',(1.E0,0.E0,0.E0));
#356=VECTOR('',#355,2.6325E-1);
#357=CARTESIAN_POINT('',(3.6758125E-1,-4.37E-1,0.E0));
#358=LINE('',#357,#356);
#359=DIRECTION('',(9.797707357802E-1,-2.001232253108E-1,0.E0));
#360=VECTOR('',#359,5.597614813305E-2);
#361=CARTESIAN_POINT('',(6.3083125E-1,-4.37E-1,0.E0));
#362=LINE('',#361,#360);
#363=DIRECTION('',(8.906050870136E-1,-4.547775049247E-1,0.E0));
#364=VECTOR('',#363,4.926421238471E-2);
#365=CARTESIAN_POINT('',(6.856750418425E-1,-4.482021273049E-1,0.E0));
#366=LINE('',#365,#364);
#367=DIRECTION('',(6.996244632883E-1,-7.145107489524E-1,0.E0));
#368=VECTOR('',#367,6.271215553459E-2);
#369=CARTESIAN_POINT('',(7.2955E-1,-4.706063828953E-1,0.E0));
#370=LINE('',#369,#368);
#371=DIRECTION('',(4.397141102494E-1,-8.981377963584E-1,0.E0));
#372=VECTOR('',#371,4.989046594392E-2);
#373=CARTESIAN_POINT('',(7.734249581575E-1,-5.154148921147E-1,0.E0));
#374=LINE('',#373,#372);
#375=DIRECTION('',(1.921821473726E-1,-9.813592727596E-1,0.E0));
#376=VECTOR('',#375,5.707454260190E-2);
#377=CARTESIAN_POINT('',(7.953625E-1,-5.602234052569E-1,0.E0));
#378=LINE('',#377,#376);
#379=DIRECTION('',(0.E0,-1.E0,0.E0));
#380=VECTOR('',#379,1.680319105536E-1);
#381=CARTESIAN_POINT('',(8.063312081575E-1,-6.162340368778E-1,0.E0));
#382=LINE('',#381,#380);
#383=DIRECTION('',(-1.921820436730E-1,-9.813592930674E-1,0.E0));
#384=VECTOR('',#383,5.707457339876E-2);
#385=CARTESIAN_POINT('',(8.063312081575E-1,-7.842659474313E-1,0.E0));
#386=LINE('',#385,#384);
#387=DIRECTION('',(-4.397141723527E-1,-8.981377659536E-1,0.E0));
#388=VECTOR('',#387,4.989045889762E-2);
#389=CARTESIAN_POINT('',(7.953625E-1,-8.402766104341E-1,0.E0));
#390=LINE('',#389,#388);
#391=DIRECTION('',(-6.996244945571E-1,-7.145107183351E-1,0.E0));
#392=VECTOR('',#391,6.271215273175E-2);
#393=CARTESIAN_POINT('',(7.734249581575E-1,-8.850851157308E-1,0.E0));
#394=LINE('',#393,#392);
#395=DIRECTION('',(-8.906051112017E-1,-4.547774575564E-1,0.E0));
#396=VECTOR('',#395,4.926421104673E-2);
#397=CARTESIAN_POINT('',(7.2955E-1,-9.298936210275E-1,0.E0));
#398=LINE('',#397,#396);
#399=DIRECTION('',(-9.797707392153E-1,-2.001232084928E-1,0.E0));
#400=VECTOR('',#399,5.597614793680E-2);
#401=CARTESIAN_POINT('',(6.856750418425E-1,-9.522978736758E-1,0.E0));
#402=LINE('',#401,#400);
#403=DIRECTION('',(1.E0,0.E0,0.E0));
#404=VECTOR('',#403,1.974375E-1);
#405=CARTESIAN_POINT('',(4.3339375E-1,-8.962872420549E-1,0.E0));
#406=LINE('',#405,#404);
#407=DIRECTION('',(9.689176611437E-1,2.473834390653E-1,0.E0));
#408=VECTOR('',#407,4.528244237570E-2);
#409=CARTESIAN_POINT('',(6.3083125E-1,-8.962872420549E-1,0.E0));
#410=LINE('',#409,#408);
#411=DIRECTION('',(8.265992787996E-1,5.627909312417E-1,0.E0));
#412=VECTOR('',#411,3.980919272974E-2);
#413=CARTESIAN_POINT('',(6.747062081575E-1,-8.850851157308E-1,0.E0));
#414=LINE('',#413,#412);
#415=DIRECTION('',(5.466229197794E-1,8.373788769559E-1,0.E0));
#416=VECTOR('',#415,4.013286133577E-2);
#417=CARTESIAN_POINT('',(7.076124581575E-1,-8.626808630824E-1,0.E0));
#418=LINE('',#417,#416);
#419=DIRECTION('',(2.377704967207E-1,9.713213633444E-1,0.E0));
#420=VECTOR('',#419,4.613149364122E-2);
#421=CARTESIAN_POINT('',(7.2955E-1,-8.290744527280E-1,0.E0));
#422=LINE('',#421,#420);
#423=DIRECTION('',(0.E0,1.E0,0.E0));
#424=VECTOR('',#423,1.680319105536E-1);
#425=CARTESIAN_POINT('',(7.405187081575E-1,-7.842659474313E-1,0.E0));
#426=LINE('',#425,#424);
#427=DIRECTION('',(-2.377704967207E-1,9.713213633444E-1,0.E0));
#428=VECTOR('',#427,4.613149364122E-2);
#429=CARTESIAN_POINT('',(7.405187081575E-1,-6.162340368778E-1,0.E0));
#430=LINE('',#429,#428);
#431=DIRECTION('',(-5.466232777014E-1,8.373786433120E-1,0.E0));
#432=VECTOR('',#431,4.013283505728E-2);
#433=CARTESIAN_POINT('',(7.2955E-1,-5.714255315810E-1,0.E0));
#434=LINE('',#433,#432);
#435=DIRECTION('',(-8.265991871191E-1,5.627910658975E-1,0.E0));
#436=VECTOR('',#435,3.980919714510E-2);
#437=CARTESIAN_POINT('',(7.076124581575E-1,-5.378191526085E-1,0.E0));
#438=LINE('',#437,#436);
#439=DIRECTION('',(-9.689176611437E-1,2.473834390653E-1,0.E0));
#440=VECTOR('',#439,4.528244237570E-2);
#441=CARTESIAN_POINT('',(6.747062081575E-1,-5.154148921147E-1,0.E0));
#442=LINE('',#441,#440);
#443=DIRECTION('',(-1.E0,0.E0,0.E0));
#444=VECTOR('',#443,1.974375E-1);
#445=CARTESIAN_POINT('',(6.3083125E-1,-5.042127657905E-1,0.E0));
#446=LINE('',#445,#444);
#447=DIRECTION('',(0.E0,-1.E0,0.E0));
#448=VECTOR('',#447,3.920744762644E-1);
#449=CARTESIAN_POINT('',(4.3339375E-1,-5.042127657905E-1,0.E0));
#450=LINE('',#449,#448);
#451=DIRECTION('',(-1.E0,0.E0,0.E0));
#452=VECTOR('',#451,8.774991631508E-2);
#453=CARTESIAN_POINT('',(1.15733125E0,-9.635E-1,0.E0));
#454=LINE('',#453,#452);
#455=DIRECTION('',(-3.162279017271E-1,9.486832528138E-1,0.E0));
#456=VECTOR('',#455,5.549797558231E-1);
#457=CARTESIAN_POINT('',(1.069581333685E0,-9.635E-1,0.E0));
#458=LINE('',#457,#456);
#459=DIRECTION('',(1.E0,0.E0,0.E0));
#460=VECTOR('',#459,6.58125E-2);
#461=CARTESIAN_POINT('',(8.9408125E-1,-4.37E-1,0.E0));
#462=LINE('',#461,#460);
#463=DIRECTION('',(3.102805670740E-1,-9.506450282288E-1,0.E0));
#464=VECTOR('',#463,1.414045491107E-1);
#465=CARTESIAN_POINT('',(9.5989375E-1,-4.37E-1,0.E0));
#466=LINE('',#465,#464);
#467=DIRECTION('',(1.E0,0.E0,0.E0));
#468=VECTOR('',#467,2.193749163151E-1);
#469=CARTESIAN_POINT('',(1.003768833685E0,-5.714255315810E-1,0.E0));
#470=LINE('',#469,#468);
#471=DIRECTION('',(3.102805670740E-1,9.506450282288E-1,0.E0));
#472=VECTOR('',#471,1.414045491107E-1);
#473=CARTESIAN_POINT('',(1.22314375E0,-5.714255315810E-1,0.E0));
#474=LINE('',#473,#472);
#475=DIRECTION('',(1.E0,0.E0,0.E0));
#476=VECTOR('',#475,6.58125E-2);
#477=CARTESIAN_POINT('',(1.267018833685E0,-4.37E-1,0.E0));
#478=LINE('',#477,#476);
#479=DIRECTION('',(-3.162279017271E-1,-9.486832528138E-1,0.E0));
#480=VECTOR('',#479,5.549797558231E-1);
#481=CARTESIAN_POINT('',(1.332831333685E0,-4.37E-1,0.E0));
#482=LINE('',#481,#480);
#483=DIRECTION('',(3.102800213276E-1,9.506452063546E-1,0.E0));
#484=VECTOR('',#483,3.181601882635E-1);
#485=CARTESIAN_POINT('',(1.113456166315E0,-9.186914947033E-1,0.E0));
#486=LINE('',#485,#484);
#487=DIRECTION('',(-1.E0,0.E0,0.E0));
#488=VECTOR('',#487,1.974375E-1);
#489=CARTESIAN_POINT('',(1.212174916315E0,-6.162340368778E-1,0.E0));
#490=LINE('',#489,#488);
#491=DIRECTION('',(3.102800213276E-1,-9.506452063546E-1,0.E0));
#492=VECTOR('',#491,3.181601882635E-1);
#493=CARTESIAN_POINT('',(1.014737416315E0,-6.162340368778E-1,0.E0));
#494=LINE('',#493,#492);
#495=DIRECTION('',(0.E0,0.E0,-1.E0));
#496=VECTOR('',#495,9.436874325286E-1);
#497=CARTESIAN_POINT('',(-1.7E0,1.025E0,9.436874325286E-1));
#498=LINE('',#497,#496);
#499=DIRECTION('',(1.E0,0.E0,0.E0));
#500=VECTOR('',#499,1.4E0);
#501=CARTESIAN_POINT('',(-3.1E0,1.025E0,9.436874325286E-1));
#502=LINE('',#501,#500);
#503=DIRECTION('',(1.E0,0.E0,0.E0));
#504=VECTOR('',#503,1.4E0);
#505=CARTESIAN_POINT('',(1.7E0,1.025E0,9.436874325286E-1));
#506=LINE('',#505,#504);
#507=DIRECTION('',(0.E0,0.E0,1.E0));
#508=VECTOR('',#507,9.436874325286E-1);
#509=CARTESIAN_POINT('',(1.7E0,1.025E0,0.E0));
#510=LINE('',#509,#508);
#511=DIRECTION('',(-1.E0,0.E0,0.E0));
#512=VECTOR('',#511,1.4E0);
#513=CARTESIAN_POINT('',(-1.7E0,1.025E0,5.056312567471E0));
#514=LINE('',#513,#512);
#515=DIRECTION('',(0.E0,0.E0,-1.E0));
#516=VECTOR('',#515,9.436874325286E-1);
#517=CARTESIAN_POINT('',(-1.7E0,1.025E0,6.E0));
#518=LINE('',#517,#516);
#519=DIRECTION('',(0.E0,0.E0,1.E0));
#520=VECTOR('',#519,9.436874325286E-1);
#521=CARTESIAN_POINT('',(1.7E0,1.025E0,5.056312567471E0));
#522=LINE('',#521,#520);
#523=DIRECTION('',(-1.E0,0.E0,0.E0));
#524=VECTOR('',#523,1.4E0);
#525=CARTESIAN_POINT('',(3.1E0,1.025E0,5.056312567471E0));
#526=LINE('',#525,#524);
#527=DIRECTION('',(-1.E0,0.E0,0.E0));
#528=VECTOR('',#527,1.4E0);
#529=CARTESIAN_POINT('',(-1.7E0,1.025E0,1.5E0));
#530=LINE('',#529,#528);
#531=DIRECTION('',(0.E0,0.E0,-1.E0));
#532=VECTOR('',#531,3.E0);
#533=CARTESIAN_POINT('',(-1.7E0,1.025E0,4.5E0));
#534=LINE('',#533,#532);
#535=DIRECTION('',(1.E0,0.E0,0.E0));
#536=VECTOR('',#535,1.4E0);
#537=CARTESIAN_POINT('',(-3.1E0,1.025E0,4.5E0));
#538=LINE('',#537,#536);
#539=DIRECTION('',(1.E0,0.E0,0.E0));
#540=VECTOR('',#539,1.4E0);
#541=CARTESIAN_POINT('',(1.7E0,1.025E0,4.5E0));
#542=LINE('',#541,#540);
#543=DIRECTION('',(0.E0,0.E0,1.E0));
#544=VECTOR('',#543,3.E0);
#545=CARTESIAN_POINT('',(1.7E0,1.025E0,1.5E0));
#546=LINE('',#545,#544);
#547=DIRECTION('',(-1.E0,0.E0,0.E0));
#548=VECTOR('',#547,1.4E0);
#549=CARTESIAN_POINT('',(3.1E0,1.025E0,1.5E0));
#550=LINE('',#549,#548);
#551=DIRECTION('',(0.E0,-1.E0,0.E0));
#552=VECTOR('',#551,5.E-1);
#553=CARTESIAN_POINT('',(-1.7E0,1.525E0,9.436874325286E-1));
#554=LINE('',#553,#552);
#555=DIRECTION('',(1.E0,0.E0,0.E0));
#556=VECTOR('',#555,1.4E0);
#557=CARTESIAN_POINT('',(-3.1E0,1.525E0,1.5E0));
#558=LINE('',#557,#556);
#559=DIRECTION('',(1.E0,0.E0,0.E0));
#560=VECTOR('',#559,1.4E0);
#561=CARTESIAN_POINT('',(-3.1E0,1.525E0,9.436874325286E-1));
#562=LINE('',#561,#560);
#563=DIRECTION('',(0.E0,0.E0,1.E0));
#564=VECTOR('',#563,9.436874325286E-1);
#565=CARTESIAN_POINT('',(-1.7E0,1.525E0,0.E0));
#566=LINE('',#565,#564);
#567=DIRECTION('',(0.E0,0.E0,1.E0));
#568=VECTOR('',#567,6.E0);
#569=CARTESIAN_POINT('',(-1.1E0,1.525E0,0.E0));
#570=LINE('',#569,#568);
#571=DIRECTION('',(0.E0,0.E0,-1.E0));
#572=VECTOR('',#571,9.436874325286E-1);
#573=CARTESIAN_POINT('',(-1.7E0,1.525E0,6.E0));
#574=LINE('',#573,#572);
#575=DIRECTION('',(1.E0,0.E0,0.E0));
#576=VECTOR('',#575,1.4E0);
#577=CARTESIAN_POINT('',(-3.1E0,1.525E0,5.056312567471E0));
#578=LINE('',#577,#576);
#579=DIRECTION('',(1.E0,0.E0,0.E0));
#580=VECTOR('',#579,1.4E0);
#581=CARTESIAN_POINT('',(-3.1E0,1.525E0,4.5E0));
#582=LINE('',#581,#580);
#583=DIRECTION('',(0.E0,0.E0,-1.E0));
#584=VECTOR('',#583,3.E0);
#585=CARTESIAN_POINT('',(-1.7E0,1.525E0,4.5E0));
#586=LINE('',#585,#584);
#587=DIRECTION('',(0.E0,0.E0,1.E0));
#588=VECTOR('',#587,3.E0);
#589=CARTESIAN_POINT('',(1.7E0,1.525E0,1.5E0));
#590=LINE('',#589,#588);
#591=DIRECTION('',(-1.E0,0.E0,0.E0));
#592=VECTOR('',#591,1.4E0);
#593=CARTESIAN_POINT('',(3.1E0,1.525E0,4.5E0));
#594=LINE('',#593,#592);
#595=DIRECTION('',(0.E0,0.E0,1.E0));
#596=VECTOR('',#595,5.563125674714E-1);
#597=CARTESIAN_POINT('',(3.1E0,1.525E0,4.5E0));
#598=LINE('',#597,#596);
#599=DIRECTION('',(-1.E0,0.E0,0.E0));
#600=VECTOR('',#599,1.4E0);
#601=CARTESIAN_POINT('',(3.1E0,1.525E0,5.056312567471E0));
#602=LINE('',#601,#600);
#603=DIRECTION('',(0.E0,0.E0,-1.E0));
#604=VECTOR('',#603,9.436874325286E-1);
#605=CARTESIAN_POINT('',(1.7E0,1.525E0,6.E0));
#606=LINE('',#605,#604);
#607=DIRECTION('',(0.E0,0.E0,1.E0));
#608=VECTOR('',#607,6.E0);
#609=CARTESIAN_POINT('',(1.1E0,1.525E0,0.E0));
#610=LINE('',#609,#608);
#611=DIRECTION('',(0.E0,0.E0,1.E0));
#612=VECTOR('',#611,9.436874325286E-1);
#613=CARTESIAN_POINT('',(1.7E0,1.525E0,0.E0));
#614=LINE('',#613,#612);
#615=DIRECTION('',(-1.E0,0.E0,0.E0));
#616=VECTOR('',#615,1.4E0);
#617=CARTESIAN_POINT('',(3.1E0,1.525E0,9.436874325286E-1));
#618=LINE('',#617,#616);
#619=DIRECTION('',(0.E0,0.E0,1.E0));
#620=VECTOR('',#619,5.563125674714E-1);
#621=CARTESIAN_POINT('',(3.1E0,1.525E0,9.436874325286E-1));
#622=LINE('',#621,#620);
#623=DIRECTION('',(-1.E0,0.E0,0.E0));
#624=VECTOR('',#623,1.4E0);
#625=CARTESIAN_POINT('',(3.1E0,1.525E0,1.5E0));
#626=LINE('',#625,#624);
#627=DIRECTION('',(0.E0,-1.E0,0.E0));
#628=VECTOR('',#627,5.E-1);
#629=CARTESIAN_POINT('',(-1.7E0,1.525E0,1.5E0));
#630=LINE('',#629,#628);
#631=DIRECTION('',(0.E0,0.E0,1.E0));
#632=VECTOR('',#631,7.436874325286E-1);
#633=CARTESIAN_POINT('',(-3.1E0,1.025E0,2.E-1));
#634=LINE('',#633,#632);
#635=DIRECTION('',(0.E0,-1.E0,0.E0));
#636=VECTOR('',#635,5.E-1);
#637=CARTESIAN_POINT('',(-3.1E0,1.525E0,9.436874325286E-1));
#638=LINE('',#637,#636);
#639=DIRECTION('',(0.E0,0.E0,1.E0));
#640=VECTOR('',#639,5.563125674714E-1);
#641=CARTESIAN_POINT('',(-3.1E0,1.525E0,9.436874325286E-1));
#642=LINE('',#641,#640);
#643=DIRECTION('',(0.E0,-1.E0,0.E0));
#644=VECTOR('',#643,5.E-1);
#645=CARTESIAN_POINT('',(-3.1E0,1.525E0,1.5E0));
#646=LINE('',#645,#644);
#647=DIRECTION('',(0.E0,0.E0,1.E0));
#648=VECTOR('',#647,3.E0);
#649=CARTESIAN_POINT('',(-3.1E0,1.025E0,1.5E0));
#650=LINE('',#649,#648);
#651=DIRECTION('',(0.E0,-1.E0,0.E0));
#652=VECTOR('',#651,5.E-1);
#653=CARTESIAN_POINT('',(-3.1E0,1.525E0,4.5E0));
#654=LINE('',#653,#652);
#655=DIRECTION('',(0.E0,0.E0,1.E0));
#656=VECTOR('',#655,5.563125674714E-1);
#657=CARTESIAN_POINT('',(-3.1E0,1.525E0,4.5E0));
#658=LINE('',#657,#656);
#659=DIRECTION('',(0.E0,-1.E0,0.E0));
#660=VECTOR('',#659,5.E-1);
#661=CARTESIAN_POINT('',(-3.1E0,1.525E0,5.056312567471E0));
#662=LINE('',#661,#660);
#663=DIRECTION('',(0.E0,0.E0,1.E0));
#664=VECTOR('',#663,7.436874325286E-1);
#665=CARTESIAN_POINT('',(-3.1E0,1.025E0,5.056312567471E0));
#666=LINE('',#665,#664);
#667=DIRECTION('',(0.E0,-1.E0,0.E0));
#668=VECTOR('',#667,2.55E0);
#669=CARTESIAN_POINT('',(-3.1E0,1.025E0,5.8E0));
#670=LINE('',#669,#668);
#671=DIRECTION('',(0.E0,1.E0,0.E0));
#672=VECTOR('',#671,2.55E0);
#673=CARTESIAN_POINT('',(-3.1E0,-1.525E0,2.E-1));
#674=LINE('',#673,#672);
#675=DIRECTION('',(0.E0,-1.E0,0.E0));
#676=VECTOR('',#675,5.E-1);
#677=CARTESIAN_POINT('',(-1.7E0,1.525E0,4.5E0));
#678=LINE('',#677,#676);
#679=DIRECTION('',(0.E0,-1.E0,0.E0));
#680=VECTOR('',#679,5.E-1);
#681=CARTESIAN_POINT('',(-1.7E0,1.525E0,5.056312567471E0));
#682=LINE('',#681,#680);
#683=DIRECTION('',(1.E0,0.E0,0.E0));
#684=VECTOR('',#683,1.2E0);
#685=CARTESIAN_POINT('',(-2.9E0,1.025E0,6.E0));
#686=LINE('',#685,#684);
#687=DIRECTION('',(0.E0,-1.E0,0.E0));
#688=VECTOR('',#687,5.E-1);
#689=CARTESIAN_POINT('',(-1.7E0,1.525E0,6.E0));
#690=LINE('',#689,#688);
#691=DIRECTION('',(-1.E0,0.E0,0.E0));
#692=VECTOR('',#691,6.E-1);
#693=CARTESIAN_POINT('',(-1.1E0,1.525E0,6.E0));
#694=LINE('',#693,#692);
#695=DIRECTION('',(0.E0,-1.E0,0.E0));
#696=VECTOR('',#695,5.E-1);
#697=CARTESIAN_POINT('',(-1.1E0,1.525E0,6.E0));
#698=LINE('',#697,#696);
#699=DIRECTION('',(1.E0,0.E0,0.E0));
#700=VECTOR('',#699,2.2E0);
#701=CARTESIAN_POINT('',(-1.1E0,1.025E0,6.E0));
#702=LINE('',#701,#700);
#703=DIRECTION('',(0.E0,-1.E0,0.E0));
#704=VECTOR('',#703,5.E-1);
#705=CARTESIAN_POINT('',(1.1E0,1.525E0,6.E0));
#706=LINE('',#705,#704);
#707=DIRECTION('',(-1.E0,0.E0,0.E0));
#708=VECTOR('',#707,6.E-1);
#709=CARTESIAN_POINT('',(1.7E0,1.525E0,6.E0));
#710=LINE('',#709,#708);
#711=DIRECTION('',(0.E0,-1.E0,0.E0));
#712=VECTOR('',#711,5.E-1);
#713=CARTESIAN_POINT('',(1.7E0,1.525E0,6.E0));
#714=LINE('',#713,#712);
#715=DIRECTION('',(1.E0,0.E0,0.E0));
#716=VECTOR('',#715,1.2E0);
#717=CARTESIAN_POINT('',(1.7E0,1.025E0,6.E0));
#718=LINE('',#717,#716);
#719=DIRECTION('',(0.E0,1.E0,0.E0));
#720=VECTOR('',#719,2.55E0);
#721=CARTESIAN_POINT('',(2.9E0,-1.525E0,6.E0));
#722=LINE('',#721,#720);
#723=DIRECTION('',(1.E0,0.E0,0.E0));
#724=VECTOR('',#723,5.8E0);
#725=CARTESIAN_POINT('',(-2.9E0,-1.525E0,6.E0));
#726=LINE('',#725,#724);
#727=DIRECTION('',(0.E0,-1.E0,0.E0));
#728=VECTOR('',#727,2.55E0);
#729=CARTESIAN_POINT('',(-2.9E0,1.025E0,6.E0));
#730=LINE('',#729,#728);
#731=DIRECTION('',(0.E0,0.E0,-1.E0));
#732=VECTOR('',#731,6.E0);
#733=CARTESIAN_POINT('',(-1.1E0,1.025E0,6.E0));
#734=LINE('',#733,#732);
#735=DIRECTION('',(0.E0,0.E0,1.E0));
#736=VECTOR('',#735,9.875171834372E-1);
#737=CARTESIAN_POINT('',(-9.127836851222E-1,1.025E0,2.506241408281E0));
#738=LINE('',#737,#736);
#739=DIRECTION('',(1.E0,0.E0,0.E0));
#740=VECTOR('',#739,1.825567370244E0);
#741=CARTESIAN_POINT('',(-9.127836851222E-1,1.025E0,3.493758591719E0));
#742=LINE('',#741,#740);
#743=DIRECTION('',(0.E0,0.E0,-1.E0));
#744=VECTOR('',#743,9.875171834372E-1);
#745=CARTESIAN_POINT('',(9.127836851222E-1,1.025E0,3.493758591719E0));
#746=LINE('',#745,#744);
#747=DIRECTION('',(-1.E0,0.E0,0.E0));
#748=VECTOR('',#747,1.825567370244E0);
#749=CARTESIAN_POINT('',(9.127836851222E-1,1.025E0,2.506241408281E0));
#750=LINE('',#749,#748);
#751=DIRECTION('',(0.E0,0.E0,1.E0));
#752=VECTOR('',#751,9.875171834372E-1);
#753=CARTESIAN_POINT('',(-9.127836851222E-1,1.025E0,5.001568710277E-1));
#754=LINE('',#753,#752);
#755=DIRECTION('',(1.E0,0.E0,0.E0));
#756=VECTOR('',#755,1.825567370244E0);
#757=CARTESIAN_POINT('',(-9.127836851222E-1,1.025E0,1.487674054465E0));
#758=LINE('',#757,#756);
#759=DIRECTION('',(0.E0,0.E0,-1.E0));
#760=VECTOR('',#759,9.875171834372E-1);
#761=CARTESIAN_POINT('',(9.127836851222E-1,1.025E0,1.487674054465E0));
#762=LINE('',#761,#760);
#763=DIRECTION('',(-1.E0,0.E0,0.E0));
#764=VECTOR('',#763,1.825567370244E0);
#765=CARTESIAN_POINT('',(9.127836851222E-1,1.025E0,5.001568710277E-1));
#766=LINE('',#765,#764);
#767=DIRECTION('',(1.E0,0.E0,0.E0));
#768=VECTOR('',#767,1.825567370244E0);
#769=CARTESIAN_POINT('',(-9.127836851222E-1,1.025E0,5.499843128972E0));
#770=LINE('',#769,#768);
#771=DIRECTION('',(0.E0,0.E0,-1.E0));
#772=VECTOR('',#771,9.875171834372E-1);
#773=CARTESIAN_POINT('',(9.127836851222E-1,1.025E0,5.499843128972E0));
#774=LINE('',#773,#772);
#775=DIRECTION('',(-1.E0,0.E0,0.E0));
#776=VECTOR('',#775,1.825567370244E0);
#777=CARTESIAN_POINT('',(9.127836851222E-1,1.025E0,4.512325945535E0));
#778=LINE('',#777,#776);
#779=DIRECTION('',(0.E0,0.E0,1.E0));
#780=VECTOR('',#779,9.875171834372E-1);
#781=CARTESIAN_POINT('',(-9.127836851222E-1,1.025E0,4.512325945535E0));
#782=LINE('',#781,#780);
#783=DIRECTION('',(0.E0,0.E0,-1.E0));
#784=VECTOR('',#783,6.E0);
#785=CARTESIAN_POINT('',(1.1E0,1.025E0,6.E0));
#786=LINE('',#785,#784);
#787=DIRECTION('',(0.E0,-1.E0,0.E0));
#788=VECTOR('',#787,3.E-1);
#789=CARTESIAN_POINT('',(-9.127836851222E-1,1.025E0,2.506241408281E0));
#790=LINE('',#789,#788);
#791=DIRECTION('',(0.E0,-1.E0,0.E0));
#792=VECTOR('',#791,3.E-1);
#793=CARTESIAN_POINT('',(9.127836851222E-1,1.025E0,2.506241408281E0));
#794=LINE('',#793,#792);
#795=DIRECTION('',(0.E0,-1.E0,0.E0));
#796=VECTOR('',#795,3.E-1);
#797=CARTESIAN_POINT('',(9.127836851222E-1,1.025E0,3.493758591719E0));
#798=LINE('',#797,#796);
#799=DIRECTION('',(0.E0,-1.E0,0.E0));
#800=VECTOR('',#799,3.E-1);
#801=CARTESIAN_POINT('',(-9.127836851222E-1,1.025E0,3.493758591719E0));
#802=LINE('',#801,#800);
#803=DIRECTION('',(0.E0,0.E0,1.E0));
#804=VECTOR('',#803,9.875171834372E-1);
#805=CARTESIAN_POINT('',(-9.127836851222E-1,7.25E-1,2.506241408281E0));
#806=LINE('',#805,#804);
#807=DIRECTION('',(-1.E0,0.E0,0.E0));
#808=VECTOR('',#807,1.825567370244E0);
#809=CARTESIAN_POINT('',(9.127836851222E-1,7.25E-1,2.506241408281E0));
#810=LINE('',#809,#808);
#811=DIRECTION('',(0.E0,0.E0,-1.E0));
#812=VECTOR('',#811,9.875171834372E-1);
#813=CARTESIAN_POINT('',(9.127836851222E-1,7.25E-1,3.493758591719E0));
#814=LINE('',#813,#812);
#815=DIRECTION('',(1.E0,0.E0,0.E0));
#816=VECTOR('',#815,1.825567370244E0);
#817=CARTESIAN_POINT('',(-9.127836851222E-1,7.25E-1,3.493758591719E0));
#818=LINE('',#817,#816);
#819=DIRECTION('',(0.E0,0.E0,1.E0));
#820=VECTOR('',#819,9.875171834372E-1);
#821=CARTESIAN_POINT('',(-9.127836851222E-1,7.25E-1,5.001568710277E-1));
#822=LINE('',#821,#820);
#823=DIRECTION('',(-1.E0,0.E0,0.E0));
#824=VECTOR('',#823,1.825567370244E0);
#825=CARTESIAN_POINT('',(9.127836851222E-1,7.25E-1,5.001568710277E-1));
#826=LINE('',#825,#824);
#827=DIRECTION('',(0.E0,0.E0,-1.E0));
#828=VECTOR('',#827,9.875171834372E-1);
#829=CARTESIAN_POINT('',(9.127836851222E-1,7.25E-1,1.487674054465E0));
#830=LINE('',#829,#828);
#831=DIRECTION('',(1.E0,0.E0,0.E0));
#832=VECTOR('',#831,1.825567370244E0);
#833=CARTESIAN_POINT('',(-9.127836851222E-1,7.25E-1,1.487674054465E0));
#834=LINE('',#833,#832);
#835=DIRECTION('',(1.E0,0.E0,0.E0));
#836=VECTOR('',#835,1.825567370244E0);
#837=CARTESIAN_POINT('',(-9.127836851222E-1,7.25E-1,5.499843128972E0));
#838=LINE('',#837,#836);
#839=DIRECTION('',(0.E0,0.E0,1.E0));
#840=VECTOR('',#839,9.875171834372E-1);
#841=CARTESIAN_POINT('',(-9.127836851222E-1,7.25E-1,4.512325945535E0));
#842=LINE('',#841,#840);
#843=DIRECTION('',(-1.E0,0.E0,0.E0));
#844=VECTOR('',#843,1.825567370244E0);
#845=CARTESIAN_POINT('',(9.127836851222E-1,7.25E-1,4.512325945535E0));
#846=LINE('',#845,#844);
#847=DIRECTION('',(0.E0,0.E0,-1.E0));
#848=VECTOR('',#847,9.875171834372E-1);
#849=CARTESIAN_POINT('',(9.127836851222E-1,7.25E-1,5.499843128972E0));
#850=LINE('',#849,#848);
#851=DIRECTION('',(0.E0,-1.E0,0.E0));
#852=VECTOR('',#851,3.E-1);
#853=CARTESIAN_POINT('',(-9.127836851222E-1,1.025E0,5.001568710277E-1));
#854=LINE('',#853,#852);
#855=DIRECTION('',(0.E0,-1.E0,0.E0));
#856=VECTOR('',#855,3.E-1);
#857=CARTESIAN_POINT('',(9.127836851222E-1,1.025E0,5.001568710277E-1));
#858=LINE('',#857,#856);
#859=DIRECTION('',(0.E0,-1.E0,0.E0));
#860=VECTOR('',#859,3.E-1);
#861=CARTESIAN_POINT('',(9.127836851222E-1,1.025E0,1.487674054465E0));
#862=LINE('',#861,#860);
#863=DIRECTION('',(0.E0,-1.E0,0.E0));
#864=VECTOR('',#863,3.E-1);
#865=CARTESIAN_POINT('',(-9.127836851222E-1,1.025E0,1.487674054465E0));
#866=LINE('',#865,#864);
#867=DIRECTION('',(0.E0,-1.E0,0.E0));
#868=VECTOR('',#867,3.E-1);
#869=CARTESIAN_POINT('',(-9.127836851222E-1,1.025E0,5.499843128972E0));
#870=LINE('',#869,#868);
#871=DIRECTION('',(0.E0,-1.E0,0.E0));
#872=VECTOR('',#871,3.E-1);
#873=CARTESIAN_POINT('',(-9.127836851222E-1,1.025E0,4.512325945535E0));
#874=LINE('',#873,#872);
#875=DIRECTION('',(0.E0,-1.E0,0.E0));
#876=VECTOR('',#875,3.E-1);
#877=CARTESIAN_POINT('',(9.127836851222E-1,1.025E0,4.512325945535E0));
#878=LINE('',#877,#876);
#879=DIRECTION('',(0.E0,-1.E0,0.E0));
#880=VECTOR('',#879,3.E-1);
#881=CARTESIAN_POINT('',(9.127836851222E-1,1.025E0,5.499843128972E0));
#882=LINE('',#881,#880);
#883=DIRECTION('',(0.E0,-1.E0,0.E0));
#884=VECTOR('',#883,5.E-1);
#885=CARTESIAN_POINT('',(1.7E0,1.525E0,5.056312567471E0));
#886=LINE('',#885,#884);
#887=DIRECTION('',(0.E0,0.E0,1.E0));
#888=VECTOR('',#887,7.436874325286E-1);
#889=CARTESIAN_POINT('',(3.1E0,1.025E0,2.E-1));
#890=LINE('',#889,#888);
#891=DIRECTION('',(0.E0,-1.E0,0.E0));
#892=VECTOR('',#891,2.55E0);
#893=CARTESIAN_POINT('',(3.1E0,1.025E0,2.E-1));
#894=LINE('',#893,#892);
#895=DIRECTION('',(0.E0,0.E0,1.E0));
#896=VECTOR('',#895,5.6E0);
#897=CARTESIAN_POINT('',(3.1E0,-1.525E0,2.E-1));
#898=LINE('',#897,#896);
#899=DIRECTION('',(0.E0,1.E0,0.E0));
#900=VECTOR('',#899,2.55E0);
#901=CARTESIAN_POINT('',(3.1E0,-1.525E0,5.8E0));
#902=LINE('',#901,#900);
#903=DIRECTION('',(0.E0,0.E0,1.E0));
#904=VECTOR('',#903,7.436874325286E-1);
#905=CARTESIAN_POINT('',(3.1E0,1.025E0,5.056312567471E0));
#906=LINE('',#905,#904);
#907=DIRECTION('',(0.E0,-1.E0,0.E0));
#908=VECTOR('',#907,5.E-1);
#909=CARTESIAN_POINT('',(3.1E0,1.525E0,5.056312567471E0));
#910=LINE('',#909,#908);
#911=DIRECTION('',(0.E0,-1.E0,0.E0));
#912=VECTOR('',#911,5.E-1);
#913=CARTESIAN_POINT('',(3.1E0,1.525E0,4.5E0));
#914=LINE('',#913,#912);
#915=DIRECTION('',(0.E0,0.E0,1.E0));
#916=VECTOR('',#915,3.E0);
#917=CARTESIAN_POINT('',(3.1E0,1.025E0,1.5E0));
#918=LINE('',#917,#916);
#919=DIRECTION('',(0.E0,-1.E0,0.E0));
#920=VECTOR('',#919,5.E-1);
#921=CARTESIAN_POINT('',(3.1E0,1.525E0,1.5E0));
#922=LINE('',#921,#920);
#923=DIRECTION('',(0.E0,-1.E0,0.E0));
#924=VECTOR('',#923,5.E-1);
#925=CARTESIAN_POINT('',(3.1E0,1.525E0,9.436874325286E-1));
#926=LINE('',#925,#924);
#927=CARTESIAN_POINT('',(2.9E0,1.025E0,2.E-1));
#928=DIRECTION('',(0.E0,-1.E0,0.E0));
#929=DIRECTION('',(0.E0,0.E0,-1.E0));
#930=AXIS2_PLACEMENT_3D('',#927,#928,#929);
#932=CARTESIAN_POINT('',(-2.9E0,-1.525E0,5.8E0));
#933=DIRECTION('',(0.E0,-1.E0,0.E0));
#934=DIRECTION('',(0.E0,0.E0,1.E0));
#935=AXIS2_PLACEMENT_3D('',#932,#933,#934);
#937=CARTESIAN_POINT('',(2.9E0,-1.525E0,5.8E0));
#938=DIRECTION('',(0.E0,-1.E0,0.E0));
#939=DIRECTION('',(1.E0,0.E0,0.E0));
#940=AXIS2_PLACEMENT_3D('',#937,#938,#939);
#942=CARTESIAN_POINT('',(2.9E0,-1.525E0,2.E-1));
#943=DIRECTION('',(0.E0,-1.E0,0.E0));
#944=DIRECTION('',(0.E0,0.E0,-1.E0));
#945=AXIS2_PLACEMENT_3D('',#942,#943,#944);
#947=CARTESIAN_POINT('',(-2.9E0,-1.525E0,2.E-1));
#948=DIRECTION('',(0.E0,-1.E0,0.E0));
#949=DIRECTION('',(-1.E0,0.E0,0.E0));
#950=AXIS2_PLACEMENT_3D('',#947,#948,#949);
#952=DIRECTION('',(0.E0,0.E0,1.E0));
#953=VECTOR('',#952,5.6E0);
#954=CARTESIAN_POINT('',(-3.1E0,-1.525E0,2.E-1));
#955=LINE('',#954,#953);
#956=CARTESIAN_POINT('',(0.E0,-1.525E0,3.E0));
#957=DIRECTION('',(0.E0,-1.E0,0.E0));
#958=DIRECTION('',(1.E0,0.E0,0.E0));
#959=AXIS2_PLACEMENT_3D('',#956,#957,#958);
#961=CARTESIAN_POINT('',(0.E0,-1.525E0,3.E0));
#962=DIRECTION('',(0.E0,-1.E0,0.E0));
#963=DIRECTION('',(-1.E0,0.E0,0.E0));
#964=AXIS2_PLACEMENT_3D('',#961,#962,#963);
#966=CARTESIAN_POINT('',(-2.9E0,1.025E0,5.8E0));
#967=DIRECTION('',(0.E0,-1.E0,0.E0));
#968=DIRECTION('',(0.E0,0.E0,1.E0));
#969=AXIS2_PLACEMENT_3D('',#966,#967,#968);
#971=CARTESIAN_POINT('',(2.9E0,1.025E0,5.8E0));
#972=DIRECTION('',(0.E0,1.E0,0.E0));
#973=DIRECTION('',(0.E0,0.E0,1.E0));
#974=AXIS2_PLACEMENT_3D('',#971,#972,#973);
#976=CARTESIAN_POINT('',(-2.9E0,1.025E0,2.E-1));
#977=DIRECTION('',(0.E0,1.E0,0.E0));
#978=DIRECTION('',(0.E0,0.E0,-1.E0));
#979=AXIS2_PLACEMENT_3D('',#976,#977,#978);
#981=CARTESIAN_POINT('',(0.E0,-5.275E0,3.E0));
#982=DIRECTION('',(0.E0,-1.E0,0.E0));
#983=DIRECTION('',(1.E0,0.E0,0.E0));
#984=AXIS2_PLACEMENT_3D('',#981,#982,#983);
#986=DIRECTION('',(0.E0,-1.E0,2.340054076437E-13));
#987=VECTOR('',#986,3.75E0);
#988=CARTESIAN_POINT('',(1.6E0,-1.525E0,3.E0));
#989=LINE('',#988,#987);
#990=CARTESIAN_POINT('',(1.4E0,-5.275E0,3.E0));
#991=DIRECTION('',(0.E0,0.E0,1.E0));
#992=DIRECTION('',(0.E0,-1.E0,0.E0));
#993=AXIS2_PLACEMENT_3D('',#990,#991,#992);
#995=CARTESIAN_POINT('',(0.E0,-5.475E0,3.E0));
#996=DIRECTION('',(0.E0,-1.E0,0.E0));
#997=DIRECTION('',(-1.E0,0.E0,0.E0));
#998=AXIS2_PLACEMENT_3D('',#995,#996,#997);
#1000=CARTESIAN_POINT('',(0.E0,-5.475E0,3.E0));
#1001=DIRECTION('',(0.E0,-1.E0,0.E0));
#1002=DIRECTION('',(1.E0,0.E0,0.E0));
#1003=AXIS2_PLACEMENT_3D('',#1000,#1001,#1002);
#1005=CARTESIAN_POINT('',(-1.4E0,-5.275E0,3.E0));
#1006=DIRECTION('',(0.E0,0.E0,-1.E0));
#1007=DIRECTION('',(0.E0,-1.E0,0.E0));
#1008=AXIS2_PLACEMENT_3D('',#1005,#1006,#1007);
#1010=CARTESIAN_POINT('',(0.E0,-5.275E0,3.E0));
#1011=DIRECTION('',(0.E0,-1.E0,0.E0));
#1012=DIRECTION('',(-1.E0,0.E0,0.E0));
#1013=AXIS2_PLACEMENT_3D('',#1010,#1011,#1012);
#1015=DIRECTION('',(0.E0,-1.E0,-2.340054076437E-13));
#1016=VECTOR('',#1015,3.75E0);
#1017=CARTESIAN_POINT('',(-1.6E0,-1.525E0,3.E0));
#1018=LINE('',#1017,#1016);
#1019=DIRECTION('',(0.E0,-1.E0,0.E0));
#1020=VECTOR('',#1019,5.E-1);
#1021=CARTESIAN_POINT('',(1.7E0,1.525E0,4.5E0));
#1022=LINE('',#1021,#1020);
#1023=DIRECTION('',(0.E0,-1.E0,0.E0));
#1024=VECTOR('',#1023,5.E-1);
#1025=CARTESIAN_POINT('',(1.7E0,1.525E0,1.5E0));
#1026=LINE('',#1025,#1024);
#1027=DIRECTION('',(0.E0,-1.E0,0.E0));
#1028=VECTOR('',#1027,5.E-1);
#1029=CARTESIAN_POINT('',(1.7E0,1.525E0,9.436874325286E-1));
#1030=LINE('',#1029,#1028);
#1031=DIRECTION('',(0.E0,0.E0,-1.E0));
#1032=VECTOR('',#1031,4.211493422733E0);
#1033=CARTESIAN_POINT('',(-2.6E0,5.25E-1,0.E0));
#1034=LINE('',#1033,#1032);
#1035=DIRECTION('',(3.372478296080E-1,0.E0,-9.414159024707E-1));
#1036=VECTOR('',#1035,5.189062304817E-1);
#1037=CARTESIAN_POINT('',(-2.6E0,5.25E-1,-4.211493422733E0));
#1038=LINE('',#1037,#1036);
#1039=DIRECTION('',(1.E0,0.E0,0.E0));
#1040=VECTOR('',#1039,3.5E-1);
#1041=CARTESIAN_POINT('',(-2.425E0,5.25E-1,-4.7E0));
#1042=LINE('',#1041,#1040);
#1043=DIRECTION('',(3.372478296080E-1,0.E0,9.414159024707E-1));
#1044=VECTOR('',#1043,5.189062304817E-1);
#1045=CARTESIAN_POINT('',(-2.075E0,5.25E-1,-4.7E0));
#1046=LINE('',#1045,#1044);
#1047=DIRECTION('',(0.E0,0.E0,1.E0));
#1048=VECTOR('',#1047,4.211493422733E0);
#1049=CARTESIAN_POINT('',(-1.9E0,5.25E-1,-4.211493422733E0));
#1050=LINE('',#1049,#1048);
#1051=DIRECTION('',(0.E0,0.E0,-1.E0));
#1052=VECTOR('',#1051,4.211493422733E0);
#1053=CARTESIAN_POINT('',(1.9E0,5.25E-1,0.E0));
#1054=LINE('',#1053,#1052);
#1055=DIRECTION('',(3.372478296080E-1,0.E0,-9.414159024707E-1));
#1056=VECTOR('',#1055,5.189062304817E-1);
#1057=CARTESIAN_POINT('',(1.9E0,5.25E-1,-4.211493422733E0));
#1058=LINE('',#1057,#1056);
#1059=DIRECTION('',(1.E0,0.E0,0.E0));
#1060=VECTOR('',#1059,3.5E-1);
#1061=CARTESIAN_POINT('',(2.075E0,5.25E-1,-4.7E0));
#1062=LINE('',#1061,#1060);
#1063=DIRECTION('',(3.372478296080E-1,0.E0,9.414159024707E-1));
#1064=VECTOR('',#1063,5.189062304817E-1);
#1065=CARTESIAN_POINT('',(2.425E0,5.25E-1,-4.7E0));
#1066=LINE('',#1065,#1064);
#1067=DIRECTION('',(0.E0,0.E0,1.E0));
#1068=VECTOR('',#1067,4.211493422733E0);
#1069=CARTESIAN_POINT('',(2.6E0,5.25E-1,-4.211493422733E0));
#1070=LINE('',#1069,#1068);
#1071=DIRECTION('',(0.E0,0.E0,1.E0));
#1072=VECTOR('',#1071,4.211493422733E0);
#1073=CARTESIAN_POINT('',(-1.9E0,2.25E-1,-4.211493422733E0));
#1074=LINE('',#1073,#1072);
#1075=DIRECTION('',(3.372478296080E-1,0.E0,9.414159024707E-1));
#1076=VECTOR('',#1075,5.189062304817E-1);
#1077=CARTESIAN_POINT('',(-2.075E0,2.25E-1,-4.7E0));
#1078=LINE('',#1077,#1076);
#1079=DIRECTION('',(1.E0,0.E0,0.E0));
#1080=VECTOR('',#1079,3.5E-1);
#1081=CARTESIAN_POINT('',(-2.425E0,2.25E-1,-4.7E0));
#1082=LINE('',#1081,#1080);
#1083=DIRECTION('',(3.372478296080E-1,0.E0,-9.414159024707E-1));
#1084=VECTOR('',#1083,5.189062304817E-1);
#1085=CARTESIAN_POINT('',(-2.6E0,2.25E-1,-4.211493422733E0));
#1086=LINE('',#1085,#1084);
#1087=DIRECTION('',(0.E0,0.E0,-1.E0));
#1088=VECTOR('',#1087,4.211493422733E0);
#1089=CARTESIAN_POINT('',(-2.6E0,2.25E-1,0.E0));
#1090=LINE('',#1089,#1088);
#1091=DIRECTION('',(0.E0,0.E0,1.E0));
#1092=VECTOR('',#1091,4.211493422733E0);
#1093=CARTESIAN_POINT('',(2.6E0,2.25E-1,-4.211493422733E0));
#1094=LINE('',#1093,#1092);
#1095=DIRECTION('',(3.372478296080E-1,0.E0,9.414159024707E-1));
#1096=VECTOR('',#1095,5.189062304817E-1);
#1097=CARTESIAN_POINT('',(2.425E0,2.25E-1,-4.7E0));
#1098=LINE('',#1097,#1096);
#1099=DIRECTION('',(1.E0,0.E0,0.E0));
#1100=VECTOR('',#1099,3.5E-1);
#1101=CARTESIAN_POINT('',(2.075E0,2.25E-1,-4.7E0));
#1102=LINE('',#1101,#1100);
#1103=DIRECTION('',(3.372478296080E-1,0.E0,-9.414159024707E-1));
#1104=VECTOR('',#1103,5.189062304817E-1);
#1105=CARTESIAN_POINT('',(1.9E0,2.25E-1,-4.211493422733E0));
#1106=LINE('',#1105,#1104);
#1107=DIRECTION('',(0.E0,0.E0,-1.E0));
#1108=VECTOR('',#1107,4.211493422733E0);
#1109=CARTESIAN_POINT('',(1.9E0,2.25E-1,0.E0));
#1110=LINE('',#1109,#1108);
#1111=DIRECTION('',(0.E0,-1.E0,0.E0));
#1112=VECTOR('',#1111,3.E-1);
#1113=CARTESIAN_POINT('',(-1.9E0,5.25E-1,-4.211493422733E0));
#1114=LINE('',#1113,#1112);
#1115=DIRECTION('',(0.E0,-1.E0,0.E0));
#1116=VECTOR('',#1115,3.E-1);
#1117=CARTESIAN_POINT('',(-2.075E0,5.25E-1,-4.7E0));
#1118=LINE('',#1117,#1116);
#1119=DIRECTION('',(0.E0,-1.E0,0.E0));
#1120=VECTOR('',#1119,3.E-1);
#1121=CARTESIAN_POINT('',(-2.425E0,5.25E-1,-4.7E0));
#1122=LINE('',#1121,#1120);
#1123=DIRECTION('',(0.E0,-1.E0,0.E0));
#1124=VECTOR('',#1123,3.E-1);
#1125=CARTESIAN_POINT('',(-2.6E0,5.25E-1,-4.211493422733E0));
#1126=LINE('',#1125,#1124);
#1127=DIRECTION('',(0.E0,-1.E0,0.E0));
#1128=VECTOR('',#1127,3.E-1);
#1129=CARTESIAN_POINT('',(2.6E0,5.25E-1,-4.211493422733E0));
#1130=LINE('',#1129,#1128);
#1131=DIRECTION('',(0.E0,-1.E0,0.E0));
#1132=VECTOR('',#1131,3.E-1);
#1133=CARTESIAN_POINT('',(2.425E0,5.25E-1,-4.7E0));
#1134=LINE('',#1133,#1132);
#1135=DIRECTION('',(0.E0,-1.E0,0.E0));
#1136=VECTOR('',#1135,3.E-1);
#1137=CARTESIAN_POINT('',(2.075E0,5.25E-1,-4.7E0));
#1138=LINE('',#1137,#1136);
#1139=DIRECTION('',(0.E0,-1.E0,0.E0));
#1140=VECTOR('',#1139,3.E-1);
#1141=CARTESIAN_POINT('',(1.9E0,5.25E-1,-4.211493422733E0));
#1142=LINE('',#1141,#1140);
#1143=DIRECTION('',(0.E0,0.E0,-1.E0));
#1144=VECTOR('',#1143,2.E-2);
#1145=CARTESIAN_POINT('',(-1.1132E0,-9.635E-1,0.E0));
#1146=LINE('',#1145,#1144);
#1147=DIRECTION('',(0.E0,0.E0,-1.E0));
#1148=VECTOR('',#1147,2.E-2);
#1149=CARTESIAN_POINT('',(-1.0473875E0,-9.635E-1,0.E0));
#1150=LINE('',#1149,#1148);
#1151=DIRECTION('',(0.E0,0.E0,-1.E0));
#1152=VECTOR('',#1151,2.E-2);
#1153=CARTESIAN_POINT('',(-1.0473875E0,-5.042127657905E-1,0.E0));
#1154=LINE('',#1153,#1152);
#1155=DIRECTION('',(0.E0,0.E0,-1.E0));
#1156=VECTOR('',#1155,2.E-2);
#1157=CARTESIAN_POINT('',(-7.18325E-1,-5.042127657905E-1,0.E0));
#1158=LINE('',#1157,#1156);
#1159=DIRECTION('',(0.E0,0.E0,-1.E0));
#1160=VECTOR('',#1159,2.E-2);
#1161=CARTESIAN_POINT('',(-7.18325E-1,-4.37E-1,0.E0));
#1162=LINE('',#1161,#1160);
#1163=DIRECTION('',(0.E0,0.E0,-1.E0));
#1164=VECTOR('',#1163,2.E-2);
#1165=CARTESIAN_POINT('',(-1.1132E0,-4.37E-1,0.E0));
#1166=LINE('',#1165,#1164);
#1167=DIRECTION('',(0.E0,1.E0,0.E0));
#1168=VECTOR('',#1167,5.265E-1);
#1169=CARTESIAN_POINT('',(-1.1132E0,-9.635E-1,-2.E-2));
#1170=LINE('',#1169,#1168);
#1171=DIRECTION('',(-1.E0,0.E0,0.E0));
#1172=VECTOR('',#1171,6.58125E-2);
#1173=CARTESIAN_POINT('',(-1.0473875E0,-9.635E-1,-2.E-2));
#1174=LINE('',#1173,#1172);
#1175=DIRECTION('',(0.E0,-1.E0,0.E0));
#1176=VECTOR('',#1175,4.592872342095E-1);
#1177=CARTESIAN_POINT('',(-1.0473875E0,-5.042127657905E-1,-2.E-2));
#1178=LINE('',#1177,#1176);
#1179=DIRECTION('',(-1.E0,0.E0,0.E0));
#1180=VECTOR('',#1179,3.290625E-1);
#1181=CARTESIAN_POINT('',(-7.18325E-1,-5.042127657905E-1,-2.E-2));
#1182=LINE('',#1181,#1180);
#1183=DIRECTION('',(0.E0,-1.E0,0.E0));
#1184=VECTOR('',#1183,6.721276579052E-2);
#1185=CARTESIAN_POINT('',(-7.18325E-1,-4.37E-1,-2.E-2));
#1186=LINE('',#1185,#1184);
#1187=DIRECTION('',(1.E0,0.E0,0.E0));
#1188=VECTOR('',#1187,3.94875E-1);
#1189=CARTESIAN_POINT('',(-1.1132E0,-4.37E-1,-2.E-2));
#1190=LINE('',#1189,#1188);
#1191=DIRECTION('',(-1.E0,0.E0,0.E0));
#1192=VECTOR('',#1191,6.58125E-2);
#1193=CARTESIAN_POINT('',(-2.027937709212E-1,-5.714255315810E-1,-2.E-2));
#1194=LINE('',#1193,#1192);
#1195=DIRECTION('',(1.921821214477E-1,-9.813592778365E-1,0.E0));
#1196=VECTOR('',#1195,5.707455030111E-2);
#1197=CARTESIAN_POINT('',(-2.137624790788E-1,-5.154148921147E-1,-2.E-2));
#1198=LINE('',#1197,#1196);
#1199=DIRECTION('',(6.996249742329E-1,-7.145102486526E-1,0.E0));
#1200=VECTOR('',#1199,6.271219944562E-2);
#1201=CARTESIAN_POINT('',(-2.576375E-1,-4.706063828953E-1,-2.E-2));
#1202=LINE('',#1201,#1200);
#1203=DIRECTION('',(8.906053505096E-1,-4.547769889117E-1,0.E0));
#1204=VECTOR('',#1203,4.926426828238E-2);
#1205=CARTESIAN_POINT('',(-3.015125209212E-1,-4.482021273049E-1,-2.E-2));
#1206=LINE('',#1205,#1204);
#1207=DIRECTION('',(9.797706908745E-1,-2.001234451615E-1,0.E0));
#1208=VECTOR('',#1207,5.597608663903E-2);
#1209=CARTESIAN_POINT('',(-3.5635625E-1,-4.37E-1,-2.E-2));
#1210=LINE('',#1209,#1208);
#1211=DIRECTION('',(1.E0,0.E0,0.E0));
#1212=VECTOR('',#1211,9.871875E-2);
#1213=CARTESIAN_POINT('',(-4.55075E-1,-4.37E-1,-2.E-2));
#1214=LINE('',#1213,#1212);
#1215=DIRECTION('',(9.797706908745E-1,2.001234451615E-1,0.E0));
#1216=VECTOR('',#1215,5.597608663903E-2);
#1217=CARTESIAN_POINT('',(-5.099187290788E-1,-4.482021273049E-1,-2.E-2));
#1218=LINE('',#1217,#1216);
#1219=DIRECTION('',(8.906053505096E-1,4.547769889117E-1,0.E0));
#1220=VECTOR('',#1219,4.926426828238E-2);
#1221=CARTESIAN_POINT('',(-5.5379375E-1,-4.706063828953E-1,-2.E-2));
#1222=LINE('',#1221,#1220);
#1223=DIRECTION('',(6.996247187608E-1,7.145104988025E-1,0.E0));
#1224=VECTOR('',#1223,6.271217749010E-2);
#1225=CARTESIAN_POINT('',(-5.976687395394E-1,-5.154148921147E-1,-2.E-2));
#1226=LINE('',#1225,#1224);
#1227=DIRECTION('',(4.397136028534E-1,8.981380447713E-1,0.E0));
#1228=VECTOR('',#1227,4.989045214489E-2);
#1229=CARTESIAN_POINT('',(-6.1960625E-1,-5.602234052569E-1,-2.E-2));
#1230=LINE('',#1229,#1228);
#1231=DIRECTION('',(1.921826769044E-1,9.813591690599E-1,0.E0));
#1232=VECTOR('',#1231,5.707454863293E-2);
#1233=CARTESIAN_POINT('',(-6.305749895394E-1,-6.162340368778E-1,-2.E-2));
#1234=LINE('',#1233,#1232);
#1235=DIRECTION('',(0.E0,1.E0,0.E0));
#1236=VECTOR('',#1235,1.680319105536E-1);
#1237=CARTESIAN_POINT('',(-6.305749895394E-1,-7.842659474313E-1,-2.E-2));
#1238=LINE('',#1237,#1236);
#1239=DIRECTION('',(-1.921825732045E-1,9.813591893677E-1,0.E0));
#1240=VECTOR('',#1239,5.707457942980E-2);
#1241=CARTESIAN_POINT('',(-6.1960625E-1,-8.402766104341E-1,-2.E-2));
#1242=LINE('',#1241,#1240);
#1243=DIRECTION('',(-4.397136649566E-1,8.981380143666E-1,0.E0));
#1244=VECTOR('',#1243,4.989044509858E-2);
#1245=CARTESIAN_POINT('',(-5.976687395394E-1,-8.850851157308E-1,-2.E-2));
#1246=LINE('',#1245,#1244);
#1247=DIRECTION('',(-6.996247500295E-1,7.145104681851E-1,0.E0));
#1248=VECTOR('',#1247,6.271217468727E-2);
#1249=CARTESIAN_POINT('',(-5.5379375E-1,-9.298936210275E-1,-2.E-2));
#1250=LINE('',#1249,#1248);
#1251=DIRECTION('',(-8.906053746977E-1,4.547769415434E-1,0.E0));
#1252=VECTOR('',#1251,4.926426694441E-2);
#1253=CARTESIAN_POINT('',(-5.099187290788E-1,-9.522978736758E-1,-2.E-2));
#1254=LINE('',#1253,#1252);
#1255=DIRECTION('',(-9.797706943097E-1,2.001234283435E-1,0.E0));
#1256=VECTOR('',#1255,5.597608644277E-2);
#1257=CARTESIAN_POINT('',(-4.55075E-1,-9.635E-1,-2.E-2));
#1258=LINE('',#1257,#1256);
#1259=DIRECTION('',(-1.E0,0.E0,0.E0));
#1260=VECTOR('',#1259,9.871875E-2);
#1261=CARTESIAN_POINT('',(-3.5635625E-1,-9.635E-1,-2.E-2));
#1262=LINE('',#1261,#1260);
#1263=DIRECTION('',(-9.797706943097E-1,-2.001234283435E-1,0.E0));
#1264=VECTOR('',#1263,5.597608644277E-2);
#1265=CARTESIAN_POINT('',(-3.015125209212E-1,-9.522978736758E-1,-2.E-2));
#1266=LINE('',#1265,#1264);
#1267=DIRECTION('',(-8.906053746977E-1,-4.547769415434E-1,0.E0));
#1268=VECTOR('',#1267,4.926426694441E-2);
#1269=CARTESIAN_POINT('',(-2.576375E-1,-9.298936210275E-1,-2.E-2));
#1270=LINE('',#1269,#1268);
#1271=DIRECTION('',(-6.996250055017E-1,-7.145102180353E-1,0.E0));
#1272=VECTOR('',#1271,6.271219664279E-2);
#1273=CARTESIAN_POINT('',(-2.137624790788E-1,-8.850851157308E-1,-2.E-2));
#1274=LINE('',#1273,#1272);
#1275=DIRECTION('',(-1.921820436730E-1,-9.813592930674E-1,0.E0));
#1276=VECTOR('',#1275,5.707457339876E-2);
#1277=CARTESIAN_POINT('',(-2.027937709212E-1,-8.290744527280E-1,-2.E-2));
#1278=LINE('',#1277,#1276);
#1279=DIRECTION('',(1.E0,0.E0,0.E0));
#1280=VECTOR('',#1279,6.58125E-2);
#1281=CARTESIAN_POINT('',(-2.686062709212E-1,-8.290744527280E-1,-2.E-2));
#1282=LINE('',#1281,#1280);
#1283=DIRECTION('',(3.102787334496E-1,9.506456267027E-1,0.E0));
#1284=VECTOR('',#1283,3.535114390726E-2);
#1285=CARTESIAN_POINT('',(-2.795749790788E-1,-8.626808630824E-1,-2.E-2));
#1286=LINE('',#1285,#1284);
#1287=DIRECTION('',(8.265992787996E-1,5.627909312417E-1,0.E0));
#1288=VECTOR('',#1287,3.980919272974E-2);
#1289=CARTESIAN_POINT('',(-3.124812290788E-1,-8.850851157308E-1,-2.E-2));
#1290=LINE('',#1289,#1288);
#1291=DIRECTION('',(9.689177459678E-1,2.473831068378E-1,0.E0));
#1292=VECTOR('',#1291,4.528250318855E-2);
#1293=CARTESIAN_POINT('',(-3.5635625E-1,-8.962872420549E-1,-2.E-2));
#1294=LINE('',#1293,#1292);
#1295=DIRECTION('',(1.E0,0.E0,0.E0));
#1296=VECTOR('',#1295,9.871875E-2);
#1297=CARTESIAN_POINT('',(-4.55075E-1,-8.962872420549E-1,-2.E-2));
#1298=LINE('',#1297,#1296);
#1299=DIRECTION('',(9.689177459678E-1,-2.473831068378E-1,0.E0));
#1300=VECTOR('',#1299,4.528250318855E-2);
#1301=CARTESIAN_POINT('',(-4.989500209212E-1,-8.850851157308E-1,-2.E-2));
#1302=LINE('',#1301,#1300);
#1303=DIRECTION('',(8.265992787996E-1,-5.627909312417E-1,0.E0));
#1304=VECTOR('',#1303,3.980919272974E-2);
#1305=CARTESIAN_POINT('',(-5.318562709212E-1,-8.626808630824E-1,-2.E-2));
#1306=LINE('',#1305,#1304);
#1307=DIRECTION('',(5.466218231676E-1,-8.373795927994E-1,0.E0));
#1308=VECTOR('',#1307,4.013282702774E-2);
#1309=CARTESIAN_POINT('',(-5.5379375E-1,-8.290744527280E-1,-2.E-2));
#1310=LINE('',#1309,#1308);
#1311=DIRECTION('',(2.377717803411E-1,-9.713210491251E-1,0.E0));
#1312=VECTOR('',#1311,4.613150856462E-2);
#1313=CARTESIAN_POINT('',(-5.647625209212E-1,-7.842659474313E-1,-2.E-2));
#1314=LINE('',#1313,#1312);
#1315=DIRECTION('',(0.E0,-1.E0,0.E0));
#1316=VECTOR('',#1315,1.680319105536E-1);
#1317=CARTESIAN_POINT('',(-5.647625209212E-1,-6.162340368778E-1,-2.E-2));
#1318=LINE('',#1317,#1316);
#1319=DIRECTION('',(-2.377717803411E-1,-9.713210491251E-1,0.E0));
#1320=VECTOR('',#1319,4.613150856462E-2);
#1321=CARTESIAN_POINT('',(-5.5379375E-1,-5.714255315810E-1,-2.E-2));
#1322=LINE('',#1321,#1320);
#1323=DIRECTION('',(-5.466221810895E-1,-8.373793591563E-1,0.E0));
#1324=VECTOR('',#1323,4.013280074922E-2);
#1325=CARTESIAN_POINT('',(-5.318562709212E-1,-5.378191526085E-1,-2.E-2));
#1326=LINE('',#1325,#1324);
#1327=DIRECTION('',(-8.265991871191E-1,-5.627910658976E-1,0.E0));
#1328=VECTOR('',#1327,3.980919714510E-2);
#1329=CARTESIAN_POINT('',(-4.989500209212E-1,-5.154148921147E-1,-2.E-2));
#1330=LINE('',#1329,#1328);
#1331=DIRECTION('',(-9.689177459678E-1,-2.473831068378E-1,0.E0));
#1332=VECTOR('',#1331,4.528250318855E-2);
#1333=CARTESIAN_POINT('',(-4.55075E-1,-5.042127657905E-1,-2.E-2));
#1334=LINE('',#1333,#1332);
#1335=DIRECTION('',(-1.E0,0.E0,0.E0));
#1336=VECTOR('',#1335,9.871875E-2);
#1337=CARTESIAN_POINT('',(-3.5635625E-1,-5.042127657905E-1,-2.E-2));
#1338=LINE('',#1337,#1336);
#1339=DIRECTION('',(-9.689177459678E-1,2.473831068378E-1,0.E0));
#1340=VECTOR('',#1339,4.528250318855E-2);
#1341=CARTESIAN_POINT('',(-3.124812290788E-1,-5.154148921147E-1,-2.E-2));
#1342=LINE('',#1341,#1340);
#1343=DIRECTION('',(-8.265991871191E-1,5.627910658976E-1,0.E0));
#1344=VECTOR('',#1343,3.980919714510E-2);
#1345=CARTESIAN_POINT('',(-2.795749790788E-1,-5.378191526085E-1,-2.E-2));
#1346=LINE('',#1345,#1344);
#1347=DIRECTION('',(-3.102789952956E-1,9.506455412394E-1,0.E0));
#1348=VECTOR('',#1347,3.535111407425E-2);
#1349=CARTESIAN_POINT('',(-2.686062709212E-1,-5.714255315810E-1,-2.E-2));
#1350=LINE('',#1349,#1348);
#1351=DIRECTION('',(-1.E0,0.E0,0.E0));
#1352=VECTOR('',#1351,3.290625E-1);
#1353=CARTESIAN_POINT('',(2.798312081575E-1,-5.042127657905E-1,-2.E-2));
#1354=LINE('',#1353,#1352);
#1355=DIRECTION('',(0.E0,-1.E0,0.E0));
#1356=VECTOR('',#1355,6.721276579052E-2);
#1357=CARTESIAN_POINT('',(2.798312081575E-1,-4.37E-1,-2.E-2));
#1358=LINE('',#1357,#1356);
#1359=DIRECTION('',(1.E0,0.E0,0.E0));
#1360=VECTOR('',#1359,3.948749372363E-1);
#1361=CARTESIAN_POINT('',(-1.150437290788E-1,-4.37E-1,-2.E-2));
#1362=LINE('',#1361,#1360);
#1363=DIRECTION('',(0.E0,1.E0,0.E0));
#1364=VECTOR('',#1363,5.265E-1);
#1365=CARTESIAN_POINT('',(-1.150437290788E-1,-9.635E-1,-2.E-2));
#1366=LINE('',#1365,#1364);
#1367=DIRECTION('',(-1.E0,0.E0,0.E0));
#1368=VECTOR('',#1367,3.948749372363E-1);
#1369=CARTESIAN_POINT('',(2.798312081575E-1,-9.635E-1,-2.E-2));
#1370=LINE('',#1369,#1368);
#1371=DIRECTION('',(0.E0,-1.E0,0.E0));
#1372=VECTOR('',#1371,6.721275794506E-2);
#1373=CARTESIAN_POINT('',(2.798312081575E-1,-8.962872420549E-1,-2.E-2));
#1374=LINE('',#1373,#1372);
#1375=DIRECTION('',(1.E0,0.E0,0.E0));
#1376=VECTOR('',#1375,3.290625E-1);
#1377=CARTESIAN_POINT('',(-4.923129184246E-2,-8.962872420549E-1,-2.E-2));
#1378=LINE('',#1377,#1376);
#1379=DIRECTION('',(0.E0,-1.E0,0.E0));
#1380=VECTOR('',#1379,1.456276735961E-1);
#1381=CARTESIAN_POINT('',(-4.923129184246E-2,-7.506595684588E-1,-2.E-2));
#1382=LINE('',#1381,#1380);
#1383=DIRECTION('',(-1.E0,0.E0,0.E0));
#1384=VECTOR('',#1383,2.851875418425E-1);
#1385=CARTESIAN_POINT('',(2.3595625E-1,-7.506595684588E-1,-2.E-2));
#1386=LINE('',#1385,#1384);
#1387=DIRECTION('',(0.E0,-1.E0,0.E0));
#1388=VECTOR('',#1387,6.721275794506E-2);
#1389=CARTESIAN_POINT('',(2.3595625E-1,-6.834468105137E-1,-2.E-2));
#1390=LINE('',#1389,#1388);
#1391=DIRECTION('',(1.E0,0.E0,0.E0));
#1392=VECTOR('',#1391,2.851875418425E-1);
#1393=CARTESIAN_POINT('',(-4.923129184246E-2,-6.834468105137E-1,-2.E-2));
#1394=LINE('',#1393,#1392);
#1395=DIRECTION('',(0.E0,-1.E0,0.E0));
#1396=VECTOR('',#1395,1.792340447232E-1);
#1397=CARTESIAN_POINT('',(-4.923129184246E-2,-5.042127657905E-1,-2.E-2));
#1398=LINE('',#1397,#1396);
#1399=DIRECTION('',(-1.E0,0.E0,0.E0));
#1400=VECTOR('',#1399,2.6325E-1);
#1401=CARTESIAN_POINT('',(6.3083125E-1,-9.635E-1,-2.E-2));
#1402=LINE('',#1401,#1400);
#1403=DIRECTION('',(-9.797707392153E-1,-2.001232084928E-1,0.E0));
#1404=VECTOR('',#1403,5.597614793680E-2);
#1405=CARTESIAN_POINT('',(6.856750418425E-1,-9.522978736758E-1,-2.E-2));
#1406=LINE('',#1405,#1404);
#1407=DIRECTION('',(-8.906051112017E-1,-4.547774575564E-1,0.E0));
#1408=VECTOR('',#1407,4.926421104673E-2);
#1409=CARTESIAN_POINT('',(7.2955E-1,-9.298936210275E-1,-2.E-2));
#1410=LINE('',#1409,#1408);
#1411=DIRECTION('',(-6.996244945571E-1,-7.145107183351E-1,0.E0));
#1412=VECTOR('',#1411,6.271215273175E-2);
#1413=CARTESIAN_POINT('',(7.734249581575E-1,-8.850851157308E-1,-2.E-2));
#1414=LINE('',#1413,#1412);
#1415=DIRECTION('',(-4.397141723527E-1,-8.981377659536E-1,0.E0));
#1416=VECTOR('',#1415,4.989045889762E-2);
#1417=CARTESIAN_POINT('',(7.953625E-1,-8.402766104341E-1,-2.E-2));
#1418=LINE('',#1417,#1416);
#1419=DIRECTION('',(-1.921820436730E-1,-9.813592930674E-1,0.E0));
#1420=VECTOR('',#1419,5.707457339876E-2);
#1421=CARTESIAN_POINT('',(8.063312081575E-1,-7.842659474313E-1,-2.E-2));
#1422=LINE('',#1421,#1420);
#1423=DIRECTION('',(0.E0,-1.E0,0.E0));
#1424=VECTOR('',#1423,1.680319105536E-1);
#1425=CARTESIAN_POINT('',(8.063312081575E-1,-6.162340368778E-1,-2.E-2));
#1426=LINE('',#1425,#1424);
#1427=DIRECTION('',(1.921821473726E-1,-9.813592727596E-1,0.E0));
#1428=VECTOR('',#1427,5.707454260190E-2);
#1429=CARTESIAN_POINT('',(7.953625E-1,-5.602234052569E-1,-2.E-2));
#1430=LINE('',#1429,#1428);
#1431=DIRECTION('',(4.397141102494E-1,-8.981377963584E-1,0.E0));
#1432=VECTOR('',#1431,4.989046594392E-2);
#1433=CARTESIAN_POINT('',(7.734249581575E-1,-5.154148921147E-1,-2.E-2));
#1434=LINE('',#1433,#1432);
#1435=DIRECTION('',(6.996244632883E-1,-7.145107489524E-1,0.E0));
#1436=VECTOR('',#1435,6.271215553459E-2);
#1437=CARTESIAN_POINT('',(7.2955E-1,-4.706063828953E-1,-2.E-2));
#1438=LINE('',#1437,#1436);
#1439=DIRECTION('',(8.906050870136E-1,-4.547775049247E-1,0.E0));
#1440=VECTOR('',#1439,4.926421238471E-2);
#1441=CARTESIAN_POINT('',(6.856750418425E-1,-4.482021273049E-1,-2.E-2));
#1442=LINE('',#1441,#1440);
#1443=DIRECTION('',(9.797707357802E-1,-2.001232253108E-1,0.E0));
#1444=VECTOR('',#1443,5.597614813305E-2);
#1445=CARTESIAN_POINT('',(6.3083125E-1,-4.37E-1,-2.E-2));
#1446=LINE('',#1445,#1444);
#1447=DIRECTION('',(1.E0,0.E0,0.E0));
#1448=VECTOR('',#1447,2.6325E-1);
#1449=CARTESIAN_POINT('',(3.6758125E-1,-4.37E-1,-2.E-2));
#1450=LINE('',#1449,#1448);
#1451=DIRECTION('',(0.E0,1.E0,0.E0));
#1452=VECTOR('',#1451,5.265E-1);
#1453=CARTESIAN_POINT('',(3.6758125E-1,-9.635E-1,-2.E-2));
#1454=LINE('',#1453,#1452);
#1455=DIRECTION('',(1.E0,0.E0,0.E0));
#1456=VECTOR('',#1455,1.974375E-1);
#1457=CARTESIAN_POINT('',(4.3339375E-1,-8.962872420549E-1,-2.E-2));
#1458=LINE('',#1457,#1456);
#1459=DIRECTION('',(0.E0,-1.E0,0.E0));
#1460=VECTOR('',#1459,3.920744762644E-1);
#1461=CARTESIAN_POINT('',(4.3339375E-1,-5.042127657905E-1,-2.E-2));
#1462=LINE('',#1461,#1460);
#1463=DIRECTION('',(-1.E0,0.E0,0.E0));
#1464=VECTOR('',#1463,1.974375E-1);
#1465=CARTESIAN_POINT('',(6.3083125E-1,-5.042127657905E-1,-2.E-2));
#1466=LINE('',#1465,#1464);
#1467=DIRECTION('',(-9.689176611437E-1,2.473834390653E-1,0.E0));
#1468=VECTOR('',#1467,4.528244237570E-2);
#1469=CARTESIAN_POINT('',(6.747062081575E-1,-5.154148921147E-1,-2.E-2));
#1470=LINE('',#1469,#1468);
#1471=DIRECTION('',(-8.265991871191E-1,5.627910658975E-1,0.E0));
#1472=VECTOR('',#1471,3.980919714510E-2);
#1473=CARTESIAN_POINT('',(7.076124581575E-1,-5.378191526085E-1,-2.E-2));
#1474=LINE('',#1473,#1472);
#1475=DIRECTION('',(-5.466232777014E-1,8.373786433120E-1,0.E0));
#1476=VECTOR('',#1475,4.013283505728E-2);
#1477=CARTESIAN_POINT('',(7.2955E-1,-5.714255315810E-1,-2.E-2));
#1478=LINE('',#1477,#1476);
#1479=DIRECTION('',(-2.377704967207E-1,9.713213633444E-1,0.E0));
#1480=VECTOR('',#1479,4.613149364122E-2);
#1481=CARTESIAN_POINT('',(7.405187081575E-1,-6.162340368778E-1,-2.E-2));
#1482=LINE('',#1481,#1480);
#1483=DIRECTION('',(0.E0,1.E0,0.E0));
#1484=VECTOR('',#1483,1.680319105536E-1);
#1485=CARTESIAN_POINT('',(7.405187081575E-1,-7.842659474313E-1,-2.E-2));
#1486=LINE('',#1485,#1484);
#1487=DIRECTION('',(2.377704967207E-1,9.713213633444E-1,0.E0));
#1488=VECTOR('',#1487,4.613149364122E-2);
#1489=CARTESIAN_POINT('',(7.2955E-1,-8.290744527280E-1,-2.E-2));
#1490=LINE('',#1489,#1488);
#1491=DIRECTION('',(5.466229197794E-1,8.373788769559E-1,0.E0));
#1492=VECTOR('',#1491,4.013286133577E-2);
#1493=CARTESIAN_POINT('',(7.076124581575E-1,-8.626808630824E-1,-2.E-2));
#1494=LINE('',#1493,#1492);
#1495=DIRECTION('',(8.265992787996E-1,5.627909312417E-1,0.E0));
#1496=VECTOR('',#1495,3.980919272974E-2);
#1497=CARTESIAN_POINT('',(6.747062081575E-1,-8.850851157308E-1,-2.E-2));
#1498=LINE('',#1497,#1496);
#1499=DIRECTION('',(9.689176611437E-1,2.473834390653E-1,0.E0));
#1500=VECTOR('',#1499,4.528244237570E-2);
#1501=CARTESIAN_POINT('',(6.3083125E-1,-8.962872420549E-1,-2.E-2));
#1502=LINE('',#1501,#1500);
#1503=DIRECTION('',(-1.E0,0.E0,0.E0));
#1504=VECTOR('',#1503,8.774991631508E-2);
#1505=CARTESIAN_POINT('',(1.15733125E0,-9.635E-1,-2.E-2));
#1506=LINE('',#1505,#1504);
#1507=DIRECTION('',(-3.162279017271E-1,-9.486832528138E-1,0.E0));
#1508=VECTOR('',#1507,5.549797558231E-1);
#1509=CARTESIAN_POINT('',(1.332831333685E0,-4.37E-1,-2.E-2));
#1510=LINE('',#1509,#1508);
#1511=DIRECTION('',(1.E0,0.E0,0.E0));
#1512=VECTOR('',#1511,6.58125E-2);
#1513=CARTESIAN_POINT('',(1.267018833685E0,-4.37E-1,-2.E-2));
#1514=LINE('',#1513,#1512);
#1515=DIRECTION('',(3.102805670740E-1,9.506450282288E-1,0.E0));
#1516=VECTOR('',#1515,1.414045491107E-1);
#1517=CARTESIAN_POINT('',(1.22314375E0,-5.714255315810E-1,-2.E-2));
#1518=LINE('',#1517,#1516);
#1519=DIRECTION('',(1.E0,0.E0,0.E0));
#1520=VECTOR('',#1519,2.193749163151E-1);
#1521=CARTESIAN_POINT('',(1.003768833685E0,-5.714255315810E-1,-2.E-2));
#1522=LINE('',#1521,#1520);
#1523=DIRECTION('',(3.102805670740E-1,-9.506450282288E-1,0.E0));
#1524=VECTOR('',#1523,1.414045491107E-1);
#1525=CARTESIAN_POINT('',(9.5989375E-1,-4.37E-1,-2.E-2));
#1526=LINE('',#1525,#1524);
#1527=DIRECTION('',(1.E0,0.E0,0.E0));
#1528=VECTOR('',#1527,6.58125E-2);
#1529=CARTESIAN_POINT('',(8.9408125E-1,-4.37E-1,-2.E-2));
#1530=LINE('',#1529,#1528);
#1531=DIRECTION('',(-3.162279017271E-1,9.486832528138E-1,0.E0));
#1532=VECTOR('',#1531,5.549797558231E-1);
#1533=CARTESIAN_POINT('',(1.069581333685E0,-9.635E-1,-2.E-2));
#1534=LINE('',#1533,#1532);
#1535=DIRECTION('',(3.102800213276E-1,9.506452063546E-1,0.E0));
#1536=VECTOR('',#1535,3.181601882635E-1);
#1537=CARTESIAN_POINT('',(1.113456166315E0,-9.186914947033E-1,-2.E-2));
#1538=LINE('',#1537,#1536);
#1539=DIRECTION('',(3.102800213276E-1,-9.506452063546E-1,0.E0));
#1540=VECTOR('',#1539,3.181601882635E-1);
#1541=CARTESIAN_POINT('',(1.014737416315E0,-6.162340368778E-1,-2.E-2));
#1542=LINE('',#1541,#1540);
#1543=DIRECTION('',(-1.E0,0.E0,0.E0));
#1544=VECTOR('',#1543,1.974375E-1);
#1545=CARTESIAN_POINT('',(1.212174916315E0,-6.162340368778E-1,-2.E-2));
#1546=LINE('',#1545,#1544);
#1547=DIRECTION('',(0.E0,0.E0,-1.E0));
#1548=VECTOR('',#1547,2.E-2);
#1549=CARTESIAN_POINT('',(-2.027937709212E-1,-5.714255315810E-1,0.E0));
#1550=LINE('',#1549,#1548);
#1551=DIRECTION('',(0.E0,0.E0,-1.E0));
#1552=VECTOR('',#1551,2.E-2);
#1553=CARTESIAN_POINT('',(-2.137624790788E-1,-5.154148921147E-1,0.E0));
#1554=LINE('',#1553,#1552);
#1555=DIRECTION('',(0.E0,0.E0,-1.E0));
#1556=VECTOR('',#1555,2.E-2);
#1557=CARTESIAN_POINT('',(-2.576375E-1,-4.706063828953E-1,0.E0));
#1558=LINE('',#1557,#1556);
#1559=DIRECTION('',(0.E0,0.E0,-1.E0));
#1560=VECTOR('',#1559,2.E-2);
#1561=CARTESIAN_POINT('',(-3.015125209212E-1,-4.482021273049E-1,0.E0));
#1562=LINE('',#1561,#1560);
#1563=DIRECTION('',(0.E0,0.E0,-1.E0));
#1564=VECTOR('',#1563,2.E-2);
#1565=CARTESIAN_POINT('',(-3.5635625E-1,-4.37E-1,0.E0));
#1566=LINE('',#1565,#1564);
#1567=DIRECTION('',(0.E0,0.E0,-1.E0));
#1568=VECTOR('',#1567,2.E-2);
#1569=CARTESIAN_POINT('',(-4.55075E-1,-4.37E-1,0.E0));
#1570=LINE('',#1569,#1568);
#1571=DIRECTION('',(0.E0,0.E0,-1.E0));
#1572=VECTOR('',#1571,2.E-2);
#1573=CARTESIAN_POINT('',(-5.099187290788E-1,-4.482021273049E-1,0.E0));
#1574=LINE('',#1573,#1572);
#1575=DIRECTION('',(0.E0,0.E0,-1.E0));
#1576=VECTOR('',#1575,2.E-2);
#1577=CARTESIAN_POINT('',(-5.5379375E-1,-4.706063828953E-1,0.E0));
#1578=LINE('',#1577,#1576);
#1579=DIRECTION('',(0.E0,0.E0,-1.E0));
#1580=VECTOR('',#1579,2.E-2);
#1581=CARTESIAN_POINT('',(-5.976687395394E-1,-5.154148921147E-1,0.E0));
#1582=LINE('',#1581,#1580);
#1583=DIRECTION('',(0.E0,0.E0,-1.E0));
#1584=VECTOR('',#1583,2.E-2);
#1585=CARTESIAN_POINT('',(-2.686062709212E-1,-5.714255315810E-1,0.E0));
#1586=LINE('',#1585,#1584);
#1587=DIRECTION('',(0.E0,0.E0,-1.E0));
#1588=VECTOR('',#1587,2.E-2);
#1589=CARTESIAN_POINT('',(-2.795749790788E-1,-5.378191526085E-1,0.E0));
#1590=LINE('',#1589,#1588);
#1591=DIRECTION('',(0.E0,0.E0,-1.E0));
#1592=VECTOR('',#1591,2.E-2);
#1593=CARTESIAN_POINT('',(-3.124812290788E-1,-5.154148921147E-1,0.E0));
#1594=LINE('',#1593,#1592);
#1595=DIRECTION('',(0.E0,0.E0,-1.E0));
#1596=VECTOR('',#1595,2.E-2);
#1597=CARTESIAN_POINT('',(-3.5635625E-1,-5.042127657905E-1,0.E0));
#1598=LINE('',#1597,#1596);
#1599=DIRECTION('',(0.E0,0.E0,-1.E0));
#1600=VECTOR('',#1599,2.E-2);
#1601=CARTESIAN_POINT('',(-4.55075E-1,-5.042127657905E-1,0.E0));
#1602=LINE('',#1601,#1600);
#1603=DIRECTION('',(0.E0,0.E0,-1.E0));
#1604=VECTOR('',#1603,2.E-2);
#1605=CARTESIAN_POINT('',(-4.989500209212E-1,-5.154148921147E-1,0.E0));
#1606=LINE('',#1605,#1604);
#1607=DIRECTION('',(0.E0,0.E0,-1.E0));
#1608=VECTOR('',#1607,2.E-2);
#1609=CARTESIAN_POINT('',(-5.318562709212E-1,-5.378191526085E-1,0.E0));
#1610=LINE('',#1609,#1608);
#1611=DIRECTION('',(0.E0,0.E0,-1.E0));
#1612=VECTOR('',#1611,2.E-2);
#1613=CARTESIAN_POINT('',(-5.5379375E-1,-5.714255315810E-1,0.E0));
#1614=LINE('',#1613,#1612);
#1615=DIRECTION('',(0.E0,0.E0,-1.E0));
#1616=VECTOR('',#1615,2.E-2);
#1617=CARTESIAN_POINT('',(-5.647625209212E-1,-6.162340368778E-1,0.E0));
#1618=LINE('',#1617,#1616);
#1619=DIRECTION('',(0.E0,0.E0,-1.E0));
#1620=VECTOR('',#1619,2.E-2);
#1621=CARTESIAN_POINT('',(-5.647625209212E-1,-7.842659474313E-1,0.E0));
#1622=LINE('',#1621,#1620);
#1623=DIRECTION('',(0.E0,0.E0,-1.E0));
#1624=VECTOR('',#1623,2.E-2);
#1625=CARTESIAN_POINT('',(-5.5379375E-1,-8.290744527280E-1,0.E0));
#1626=LINE('',#1625,#1624);
#1627=DIRECTION('',(0.E0,0.E0,-1.E0));
#1628=VECTOR('',#1627,2.E-2);
#1629=CARTESIAN_POINT('',(-5.318562709212E-1,-8.626808630824E-1,0.E0));
#1630=LINE('',#1629,#1628);
#1631=DIRECTION('',(0.E0,0.E0,-1.E0));
#1632=VECTOR('',#1631,2.E-2);
#1633=CARTESIAN_POINT('',(-4.989500209212E-1,-8.850851157308E-1,0.E0));
#1634=LINE('',#1633,#1632);
#1635=DIRECTION('',(0.E0,0.E0,-1.E0));
#1636=VECTOR('',#1635,2.E-2);
#1637=CARTESIAN_POINT('',(-4.55075E-1,-8.962872420549E-1,0.E0));
#1638=LINE('',#1637,#1636);
#1639=DIRECTION('',(0.E0,0.E0,-1.E0));
#1640=VECTOR('',#1639,2.E-2);
#1641=CARTESIAN_POINT('',(-3.5635625E-1,-8.962872420549E-1,0.E0));
#1642=LINE('',#1641,#1640);
#1643=DIRECTION('',(0.E0,0.E0,-1.E0));
#1644=VECTOR('',#1643,2.E-2);
#1645=CARTESIAN_POINT('',(-3.124812290788E-1,-8.850851157308E-1,0.E0));
#1646=LINE('',#1645,#1644);
#1647=DIRECTION('',(0.E0,0.E0,-1.E0));
#1648=VECTOR('',#1647,2.E-2);
#1649=CARTESIAN_POINT('',(-2.795749790788E-1,-8.626808630824E-1,0.E0));
#1650=LINE('',#1649,#1648);
#1651=DIRECTION('',(0.E0,0.E0,-1.E0));
#1652=VECTOR('',#1651,2.E-2);
#1653=CARTESIAN_POINT('',(-2.686062709212E-1,-8.290744527280E-1,0.E0));
#1654=LINE('',#1653,#1652);
#1655=DIRECTION('',(0.E0,0.E0,-1.E0));
#1656=VECTOR('',#1655,2.E-2);
#1657=CARTESIAN_POINT('',(-2.027937709212E-1,-8.290744527280E-1,0.E0));
#1658=LINE('',#1657,#1656);
#1659=DIRECTION('',(0.E0,0.E0,-1.E0));
#1660=VECTOR('',#1659,2.E-2);
#1661=CARTESIAN_POINT('',(-2.137624790788E-1,-8.850851157308E-1,0.E0));
#1662=LINE('',#1661,#1660);
#1663=DIRECTION('',(0.E0,0.E0,-1.E0));
#1664=VECTOR('',#1663,2.E-2);
#1665=CARTESIAN_POINT('',(-2.576375E-1,-9.298936210275E-1,0.E0));
#1666=LINE('',#1665,#1664);
#1667=DIRECTION('',(0.E0,0.E0,-1.E0));
#1668=VECTOR('',#1667,2.E-2);
#1669=CARTESIAN_POINT('',(-3.015125209212E-1,-9.522978736758E-1,0.E0));
#1670=LINE('',#1669,#1668);
#1671=DIRECTION('',(0.E0,0.E0,-1.E0));
#1672=VECTOR('',#1671,2.E-2);
#1673=CARTESIAN_POINT('',(-3.5635625E-1,-9.635E-1,0.E0));
#1674=LINE('',#1673,#1672);
#1675=DIRECTION('',(0.E0,0.E0,-1.E0));
#1676=VECTOR('',#1675,2.E-2);
#1677=CARTESIAN_POINT('',(-4.55075E-1,-9.635E-1,0.E0));
#1678=LINE('',#1677,#1676);
#1679=DIRECTION('',(0.E0,0.E0,-1.E0));
#1680=VECTOR('',#1679,2.E-2);
#1681=CARTESIAN_POINT('',(-5.099187290788E-1,-9.522978736758E-1,0.E0));
#1682=LINE('',#1681,#1680);
#1683=DIRECTION('',(0.E0,0.E0,-1.E0));
#1684=VECTOR('',#1683,2.E-2);
#1685=CARTESIAN_POINT('',(-5.5379375E-1,-9.298936210275E-1,0.E0));
#1686=LINE('',#1685,#1684);
#1687=DIRECTION('',(0.E0,1.665334536938E-14,-1.E0));
#1688=VECTOR('',#1687,2.E-2);
#1689=CARTESIAN_POINT('',(-5.976687395394E-1,-8.850851157308E-1,0.E0));
#1690=LINE('',#1689,#1688);
#1691=DIRECTION('',(0.E0,0.E0,-1.E0));
#1692=VECTOR('',#1691,2.E-2);
#1693=CARTESIAN_POINT('',(-6.1960625E-1,-8.402766104341E-1,0.E0));
#1694=LINE('',#1693,#1692);
#1695=DIRECTION('',(0.E0,0.E0,-1.E0));
#1696=VECTOR('',#1695,2.E-2);
#1697=CARTESIAN_POINT('',(-6.305749895394E-1,-7.842659474313E-1,0.E0));
#1698=LINE('',#1697,#1696);
#1699=DIRECTION('',(0.E0,0.E0,-1.E0));
#1700=VECTOR('',#1699,2.E-2);
#1701=CARTESIAN_POINT('',(-6.305749895394E-1,-6.162340368778E-1,0.E0));
#1702=LINE('',#1701,#1700);
#1703=DIRECTION('',(0.E0,0.E0,-1.E0));
#1704=VECTOR('',#1703,2.E-2);
#1705=CARTESIAN_POINT('',(2.798312081575E-1,-5.042127657905E-1,0.E0));
#1706=LINE('',#1705,#1704);
#1707=DIRECTION('',(0.E0,0.E0,-1.E0));
#1708=VECTOR('',#1707,2.E-2);
#1709=CARTESIAN_POINT('',(2.798312081575E-1,-4.37E-1,0.E0));
#1710=LINE('',#1709,#1708);
#1711=DIRECTION('',(0.E0,0.E0,-1.E0));
#1712=VECTOR('',#1711,2.E-2);
#1713=CARTESIAN_POINT('',(-1.150437290788E-1,-4.37E-1,0.E0));
#1714=LINE('',#1713,#1712);
#1715=DIRECTION('',(0.E0,0.E0,-1.E0));
#1716=VECTOR('',#1715,2.E-2);
#1717=CARTESIAN_POINT('',(-1.150437290788E-1,-9.635E-1,0.E0));
#1718=LINE('',#1717,#1716);
#1719=DIRECTION('',(0.E0,0.E0,-1.E0));
#1720=VECTOR('',#1719,2.E-2);
#1721=CARTESIAN_POINT('',(2.798312081575E-1,-9.635E-1,0.E0));
#1722=LINE('',#1721,#1720);
#1723=DIRECTION('',(0.E0,0.E0,-1.E0));
#1724=VECTOR('',#1723,2.E-2);
#1725=CARTESIAN_POINT('',(2.798312081575E-1,-8.962872420549E-1,0.E0));
#1726=LINE('',#1725,#1724);
#1727=DIRECTION('',(0.E0,0.E0,-1.E0));
#1728=VECTOR('',#1727,2.E-2);
#1729=CARTESIAN_POINT('',(-4.923129184246E-2,-8.962872420549E-1,0.E0));
#1730=LINE('',#1729,#1728);
#1731=DIRECTION('',(0.E0,0.E0,-1.E0));
#1732=VECTOR('',#1731,2.E-2);
#1733=CARTESIAN_POINT('',(-4.923129184246E-2,-7.506595684588E-1,0.E0));
#1734=LINE('',#1733,#1732);
#1735=DIRECTION('',(0.E0,0.E0,-1.E0));
#1736=VECTOR('',#1735,2.E-2);
#1737=CARTESIAN_POINT('',(2.3595625E-1,-7.506595684588E-1,0.E0));
#1738=LINE('',#1737,#1736);
#1739=DIRECTION('',(0.E0,0.E0,-1.E0));
#1740=VECTOR('',#1739,2.E-2);
#1741=CARTESIAN_POINT('',(2.3595625E-1,-6.834468105137E-1,0.E0));
#1742=LINE('',#1741,#1740);
#1743=DIRECTION('',(0.E0,0.E0,-1.E0));
#1744=VECTOR('',#1743,2.E-2);
#1745=CARTESIAN_POINT('',(-4.923129184246E-2,-6.834468105137E-1,0.E0));
#1746=LINE('',#1745,#1744);
#1747=DIRECTION('',(0.E0,0.E0,-1.E0));
#1748=VECTOR('',#1747,2.E-2);
#1749=CARTESIAN_POINT('',(-4.923129184246E-2,-5.042127657905E-1,0.E0));
#1750=LINE('',#1749,#1748);
#1751=DIRECTION('',(0.E0,0.E0,-1.E0));
#1752=VECTOR('',#1751,2.E-2);
#1753=CARTESIAN_POINT('',(6.3083125E-1,-9.635E-1,0.E0));
#1754=LINE('',#1753,#1752);
#1755=DIRECTION('',(0.E0,0.E0,-1.E0));
#1756=VECTOR('',#1755,2.E-2);
#1757=CARTESIAN_POINT('',(6.856750418425E-1,-9.522978736758E-1,0.E0));
#1758=LINE('',#1757,#1756);
#1759=DIRECTION('',(0.E0,0.E0,-1.E0));
#1760=VECTOR('',#1759,2.E-2);
#1761=CARTESIAN_POINT('',(7.2955E-1,-9.298936210275E-1,0.E0));
#1762=LINE('',#1761,#1760);
#1763=DIRECTION('',(0.E0,0.E0,-1.E0));
#1764=VECTOR('',#1763,2.E-2);
#1765=CARTESIAN_POINT('',(7.734249581575E-1,-8.850851157308E-1,0.E0));
#1766=LINE('',#1765,#1764);
#1767=DIRECTION('',(0.E0,0.E0,-1.E0));
#1768=VECTOR('',#1767,2.E-2);
#1769=CARTESIAN_POINT('',(7.953625E-1,-8.402766104341E-1,0.E0));
#1770=LINE('',#1769,#1768);
#1771=DIRECTION('',(0.E0,0.E0,-1.E0));
#1772=VECTOR('',#1771,2.E-2);
#1773=CARTESIAN_POINT('',(8.063312081575E-1,-7.842659474313E-1,0.E0));
#1774=LINE('',#1773,#1772);
#1775=DIRECTION('',(0.E0,0.E0,-1.E0));
#1776=VECTOR('',#1775,2.E-2);
#1777=CARTESIAN_POINT('',(8.063312081575E-1,-6.162340368778E-1,0.E0));
#1778=LINE('',#1777,#1776);
#1779=DIRECTION('',(0.E0,0.E0,-1.E0));
#1780=VECTOR('',#1779,2.E-2);
#1781=CARTESIAN_POINT('',(7.953625E-1,-5.602234052569E-1,0.E0));
#1782=LINE('',#1781,#1780);
#1783=DIRECTION('',(0.E0,0.E0,-1.E0));
#1784=VECTOR('',#1783,2.E-2);
#1785=CARTESIAN_POINT('',(7.734249581575E-1,-5.154148921147E-1,0.E0));
#1786=LINE('',#1785,#1784);
#1787=DIRECTION('',(0.E0,0.E0,-1.E0));
#1788=VECTOR('',#1787,2.E-2);
#1789=CARTESIAN_POINT('',(7.2955E-1,-4.706063828953E-1,0.E0));
#1790=LINE('',#1789,#1788);
#1791=DIRECTION('',(0.E0,0.E0,-1.E0));
#1792=VECTOR('',#1791,2.E-2);
#1793=CARTESIAN_POINT('',(6.856750418425E-1,-4.482021273049E-1,0.E0));
#1794=LINE('',#1793,#1792);
#1795=DIRECTION('',(0.E0,0.E0,-1.E0));
#1796=VECTOR('',#1795,2.E-2);
#1797=CARTESIAN_POINT('',(6.3083125E-1,-4.37E-1,0.E0));
#1798=LINE('',#1797,#1796);
#1799=DIRECTION('',(0.E0,0.E0,-1.E0));
#1800=VECTOR('',#1799,2.E-2);
#1801=CARTESIAN_POINT('',(3.6758125E-1,-4.37E-1,0.E0));
#1802=LINE('',#1801,#1800);
#1803=DIRECTION('',(0.E0,0.E0,-1.E0));
#1804=VECTOR('',#1803,2.E-2);
#1805=CARTESIAN_POINT('',(3.6758125E-1,-9.635E-1,0.E0));
#1806=LINE('',#1805,#1804);
#1807=DIRECTION('',(0.E0,0.E0,-1.E0));
#1808=VECTOR('',#1807,2.E-2);
#1809=CARTESIAN_POINT('',(4.3339375E-1,-8.962872420549E-1,0.E0));
#1810=LINE('',#1809,#1808);
#1811=DIRECTION('',(0.E0,0.E0,-1.E0));
#1812=VECTOR('',#1811,2.E-2);
#1813=CARTESIAN_POINT('',(4.3339375E-1,-5.042127657905E-1,0.E0));
#1814=LINE('',#1813,#1812);
#1815=DIRECTION('',(0.E0,0.E0,-1.E0));
#1816=VECTOR('',#1815,2.E-2);
#1817=CARTESIAN_POINT('',(6.3083125E-1,-5.042127657905E-1,0.E0));
#1818=LINE('',#1817,#1816);
#1819=DIRECTION('',(0.E0,0.E0,-1.E0));
#1820=VECTOR('',#1819,2.E-2);
#1821=CARTESIAN_POINT('',(6.747062081575E-1,-5.154148921147E-1,0.E0));
#1822=LINE('',#1821,#1820);
#1823=DIRECTION('',(0.E0,0.E0,-1.E0));
#1824=VECTOR('',#1823,2.E-2);
#1825=CARTESIAN_POINT('',(7.076124581575E-1,-5.378191526085E-1,0.E0));
#1826=LINE('',#1825,#1824);
#1827=DIRECTION('',(0.E0,0.E0,-1.E0));
#1828=VECTOR('',#1827,2.E-2);
#1829=CARTESIAN_POINT('',(7.2955E-1,-5.714255315810E-1,0.E0));
#1830=LINE('',#1829,#1828);
#1831=DIRECTION('',(0.E0,0.E0,-1.E0));
#1832=VECTOR('',#1831,2.E-2);
#1833=CARTESIAN_POINT('',(7.405187081575E-1,-6.162340368778E-1,0.E0));
#1834=LINE('',#1833,#1832);
#1835=DIRECTION('',(0.E0,0.E0,-1.E0));
#1836=VECTOR('',#1835,2.E-2);
#1837=CARTESIAN_POINT('',(7.405187081575E-1,-7.842659474313E-1,0.E0));
#1838=LINE('',#1837,#1836);
#1839=DIRECTION('',(0.E0,1.110223024625E-14,-1.E0));
#1840=VECTOR('',#1839,2.E-2);
#1841=CARTESIAN_POINT('',(7.2955E-1,-8.290744527280E-1,0.E0));
#1842=LINE('',#1841,#1840);
#1843=DIRECTION('',(0.E0,0.E0,-1.E0));
#1844=VECTOR('',#1843,2.E-2);
#1845=CARTESIAN_POINT('',(7.076124581575E-1,-8.626808630824E-1,0.E0));
#1846=LINE('',#1845,#1844);
#1847=DIRECTION('',(0.E0,0.E0,-1.E0));
#1848=VECTOR('',#1847,2.E-2);
#1849=CARTESIAN_POINT('',(6.747062081575E-1,-8.850851157308E-1,0.E0));
#1850=LINE('',#1849,#1848);
#1851=DIRECTION('',(0.E0,0.E0,-1.E0));
#1852=VECTOR('',#1851,2.E-2);
#1853=CARTESIAN_POINT('',(6.3083125E-1,-8.962872420549E-1,0.E0));
#1854=LINE('',#1853,#1852);
#1855=DIRECTION('',(0.E0,0.E0,-1.E0));
#1856=VECTOR('',#1855,2.E-2);
#1857=CARTESIAN_POINT('',(1.15733125E0,-9.635E-1,0.E0));
#1858=LINE('',#1857,#1856);
#1859=DIRECTION('',(0.E0,0.E0,-1.E0));
#1860=VECTOR('',#1859,2.E-2);
#1861=CARTESIAN_POINT('',(1.332831333685E0,-4.37E-1,0.E0));
#1862=LINE('',#1861,#1860);
#1863=DIRECTION('',(0.E0,0.E0,-1.E0));
#1864=VECTOR('',#1863,2.E-2);
#1865=CARTESIAN_POINT('',(1.267018833685E0,-4.37E-1,0.E0));
#1866=LINE('',#1865,#1864);
#1867=DIRECTION('',(0.E0,0.E0,-1.E0));
#1868=VECTOR('',#1867,2.E-2);
#1869=CARTESIAN_POINT('',(1.22314375E0,-5.714255315810E-1,0.E0));
#1870=LINE('',#1869,#1868);
#1871=DIRECTION('',(0.E0,0.E0,-1.E0));
#1872=VECTOR('',#1871,2.E-2);
#1873=CARTESIAN_POINT('',(1.003768833685E0,-5.714255315810E-1,0.E0));
#1874=LINE('',#1873,#1872);
#1875=DIRECTION('',(0.E0,0.E0,-1.E0));
#1876=VECTOR('',#1875,2.E-2);
#1877=CARTESIAN_POINT('',(9.5989375E-1,-4.37E-1,0.E0));
#1878=LINE('',#1877,#1876);
#1879=DIRECTION('',(0.E0,0.E0,-1.E0));
#1880=VECTOR('',#1879,2.E-2);
#1881=CARTESIAN_POINT('',(8.9408125E-1,-4.37E-1,0.E0));
#1882=LINE('',#1881,#1880);
#1883=DIRECTION('',(0.E0,0.E0,-1.E0));
#1884=VECTOR('',#1883,2.E-2);
#1885=CARTESIAN_POINT('',(1.069581333685E0,-9.635E-1,0.E0));
#1886=LINE('',#1885,#1884);
#1887=DIRECTION('',(0.E0,1.110223024625E-14,-1.E0));
#1888=VECTOR('',#1887,2.E-2);
#1889=CARTESIAN_POINT('',(1.113456166315E0,-9.186914947033E-1,0.E0));
#1890=LINE('',#1889,#1888);
#1891=DIRECTION('',(0.E0,0.E0,-1.E0));
#1892=VECTOR('',#1891,2.E-2);
#1893=CARTESIAN_POINT('',(1.014737416315E0,-6.162340368778E-1,0.E0));
#1894=LINE('',#1893,#1892);
#1895=DIRECTION('',(0.E0,-1.110223024625E-14,-1.E0));
#1896=VECTOR('',#1895,2.E-2);
#1897=CARTESIAN_POINT('',(1.212174916315E0,-6.162340368778E-1,0.E0));
#1898=LINE('',#1897,#1896);
#1899=CARTESIAN_POINT('',(-2.9E0,-1.525E0,6.E0));
#1900=CARTESIAN_POINT('',(-3.1E0,-1.525E0,5.8E0));
#1901=VERTEX_POINT('',#1899);
#1902=VERTEX_POINT('',#1900);
#1903=CARTESIAN_POINT('',(3.1E0,-1.525E0,5.8E0));
#1904=CARTESIAN_POINT('',(2.9E0,-1.525E0,6.E0));
#1905=VERTEX_POINT('',#1903);
#1906=VERTEX_POINT('',#1904);
#1907=CARTESIAN_POINT('',(2.9E0,-1.525E0,0.E0));
#1908=CARTESIAN_POINT('',(3.1E0,-1.525E0,2.E-1));
#1909=VERTEX_POINT('',#1907);
#1910=VERTEX_POINT('',#1908);
#1911=CARTESIAN_POINT('',(-3.1E0,-1.525E0,2.E-1));
#1912=CARTESIAN_POINT('',(-2.9E0,-1.525E0,0.E0));
#1913=VERTEX_POINT('',#1911);
#1914=VERTEX_POINT('',#1912);
#1915=CARTESIAN_POINT('',(-1.1E0,1.525E0,0.E0));
#1916=CARTESIAN_POINT('',(-1.1E0,1.025E0,0.E0));
#1917=VERTEX_POINT('',#1915);
#1918=VERTEX_POINT('',#1916);
#1919=CARTESIAN_POINT('',(1.1E0,1.025E0,0.E0));
#1920=VERTEX_POINT('',#1919);
#1921=CARTESIAN_POINT('',(1.1E0,1.525E0,0.E0));
#1922=VERTEX_POINT('',#1921);
#1923=CARTESIAN_POINT('',(-1.1E0,1.525E0,6.E0));
#1924=CARTESIAN_POINT('',(-1.1E0,1.025E0,6.E0));
#1925=VERTEX_POINT('',#1923);
#1926=VERTEX_POINT('',#1924);
#1927=CARTESIAN_POINT('',(1.1E0,1.025E0,6.E0));
#1928=VERTEX_POINT('',#1927);
#1929=CARTESIAN_POINT('',(1.1E0,1.525E0,6.E0));
#1930=VERTEX_POINT('',#1929);
#1931=CARTESIAN_POINT('',(-1.7E0,1.025E0,4.5E0));
#1932=CARTESIAN_POINT('',(-1.7E0,1.025E0,1.5E0));
#1933=VERTEX_POINT('',#1931);
#1934=VERTEX_POINT('',#1932);
#1935=CARTESIAN_POINT('',(1.7E0,1.025E0,1.5E0));
#1936=CARTESIAN_POINT('',(1.7E0,1.025E0,4.5E0));
#1937=VERTEX_POINT('',#1935);
#1938=VERTEX_POINT('',#1936);
#1939=CARTESIAN_POINT('',(-2.9E0,1.025E0,0.E0));
#1940=CARTESIAN_POINT('',(-1.7E0,1.025E0,0.E0));
#1941=VERTEX_POINT('',#1939);
#1942=VERTEX_POINT('',#1940);
#1943=CARTESIAN_POINT('',(1.7E0,1.025E0,0.E0));
#1944=CARTESIAN_POINT('',(2.9E0,1.025E0,0.E0));
#1945=VERTEX_POINT('',#1943);
#1946=VERTEX_POINT('',#1944);
#1947=CARTESIAN_POINT('',(-1.7E0,1.525E0,0.E0));
#1948=VERTEX_POINT('',#1947);
#1949=CARTESIAN_POINT('',(1.7E0,1.525E0,0.E0));
#1950=VERTEX_POINT('',#1949);
#1951=CARTESIAN_POINT('',(-2.9E0,1.025E0,6.E0));
#1952=CARTESIAN_POINT('',(-1.7E0,1.025E0,6.E0));
#1953=VERTEX_POINT('',#1951);
#1954=VERTEX_POINT('',#1952);
#1955=CARTESIAN_POINT('',(1.7E0,1.025E0,6.E0));
#1956=CARTESIAN_POINT('',(2.9E0,1.025E0,6.E0));
#1957=VERTEX_POINT('',#1955);
#1958=VERTEX_POINT('',#1956);
#1959=CARTESIAN_POINT('',(-1.7E0,1.525E0,6.E0));
#1960=VERTEX_POINT('',#1959);
#1961=CARTESIAN_POINT('',(1.7E0,1.525E0,6.E0));
#1962=VERTEX_POINT('',#1961);
#1963=CARTESIAN_POINT('',(-3.1E0,1.025E0,2.E-1));
#1964=CARTESIAN_POINT('',(-3.1E0,1.025E0,9.436874325286E-1));
#1965=VERTEX_POINT('',#1963);
#1966=VERTEX_POINT('',#1964);
#1967=CARTESIAN_POINT('',(-3.1E0,1.025E0,1.5E0));
#1968=CARTESIAN_POINT('',(-3.1E0,1.025E0,4.5E0));
#1969=VERTEX_POINT('',#1967);
#1970=VERTEX_POINT('',#1968);
#1971=CARTESIAN_POINT('',(-3.1E0,1.025E0,5.056312567471E0));
#1972=CARTESIAN_POINT('',(-3.1E0,1.025E0,5.8E0));
#1973=VERTEX_POINT('',#1971);
#1974=VERTEX_POINT('',#1972);
#1975=CARTESIAN_POINT('',(-3.1E0,1.525E0,1.5E0));
#1976=VERTEX_POINT('',#1975);
#1977=CARTESIAN_POINT('',(-3.1E0,1.525E0,4.5E0));
#1978=VERTEX_POINT('',#1977);
#1979=CARTESIAN_POINT('',(-3.1E0,1.525E0,9.436874325286E-1));
#1980=VERTEX_POINT('',#1979);
#1981=CARTESIAN_POINT('',(-3.1E0,1.525E0,5.056312567471E0));
#1982=VERTEX_POINT('',#1981);
#1983=CARTESIAN_POINT('',(3.1E0,1.025E0,2.E-1));
#1984=CARTESIAN_POINT('',(3.1E0,1.025E0,9.436874325286E-1));
#1985=VERTEX_POINT('',#1983);
#1986=VERTEX_POINT('',#1984);
#1987=CARTESIAN_POINT('',(3.1E0,1.025E0,1.5E0));
#1988=CARTESIAN_POINT('',(3.1E0,1.025E0,4.5E0));
#1989=VERTEX_POINT('',#1987);
#1990=VERTEX_POINT('',#1988);
#1991=CARTESIAN_POINT('',(3.1E0,1.025E0,5.056312567471E0));
#1992=CARTESIAN_POINT('',(3.1E0,1.025E0,5.8E0));
#1993=VERTEX_POINT('',#1991);
#1994=VERTEX_POINT('',#1992);
#1995=CARTESIAN_POINT('',(3.1E0,1.525E0,4.5E0));
#1996=VERTEX_POINT('',#1995);
#1997=CARTESIAN_POINT('',(3.1E0,1.525E0,1.5E0));
#1998=VERTEX_POINT('',#1997);
#1999=CARTESIAN_POINT('',(3.1E0,1.525E0,9.436874325286E-1));
#2000=VERTEX_POINT('',#1999);
#2001=CARTESIAN_POINT('',(3.1E0,1.525E0,5.056312567471E0));
#2002=VERTEX_POINT('',#2001);
#2003=CARTESIAN_POINT('',(-1.7E0,1.525E0,1.5E0));
#2004=VERTEX_POINT('',#2003);
#2005=CARTESIAN_POINT('',(-1.7E0,1.525E0,4.5E0));
#2006=VERTEX_POINT('',#2005);
#2007=CARTESIAN_POINT('',(-1.7E0,1.525E0,9.436874325286E-1));
#2008=VERTEX_POINT('',#2007);
#2009=CARTESIAN_POINT('',(-1.7E0,1.525E0,5.056312567471E0));
#2010=VERTEX_POINT('',#2009);
#2011=CARTESIAN_POINT('',(1.7E0,1.525E0,1.5E0));
#2012=CARTESIAN_POINT('',(1.7E0,1.525E0,4.5E0));
#2013=VERTEX_POINT('',#2011);
#2014=VERTEX_POINT('',#2012);
#2015=CARTESIAN_POINT('',(1.7E0,1.525E0,9.436874325286E-1));
#2016=VERTEX_POINT('',#2015);
#2017=CARTESIAN_POINT('',(1.7E0,1.525E0,5.056312567471E0));
#2018=VERTEX_POINT('',#2017);
#2019=CARTESIAN_POINT('',(-1.7E0,1.025E0,9.436874325286E-1));
#2020=VERTEX_POINT('',#2019);
#2021=CARTESIAN_POINT('',(-1.7E0,1.025E0,5.056312567471E0));
#2022=VERTEX_POINT('',#2021);
#2023=CARTESIAN_POINT('',(1.7E0,1.025E0,9.436874325286E-1));
#2024=VERTEX_POINT('',#2023);
#2025=CARTESIAN_POINT('',(1.7E0,1.025E0,5.056312567471E0));
#2026=VERTEX_POINT('',#2025);
#2027=CARTESIAN_POINT('',(-9.127836851222E-1,7.25E-1,2.506241408281E0));
#2028=CARTESIAN_POINT('',(-9.127836851222E-1,7.25E-1,3.493758591719E0));
#2029=VERTEX_POINT('',#2027);
#2030=VERTEX_POINT('',#2028);
#2031=CARTESIAN_POINT('',(9.127836851222E-1,7.25E-1,3.493758591719E0));
#2032=VERTEX_POINT('',#2031);
#2033=CARTESIAN_POINT('',(9.127836851222E-1,7.25E-1,2.506241408281E0));
#2034=VERTEX_POINT('',#2033);
#2035=CARTESIAN_POINT('',(-9.127836851222E-1,7.25E-1,5.001568710277E-1));
#2036=CARTESIAN_POINT('',(-9.127836851222E-1,7.25E-1,1.487674054465E0));
#2037=VERTEX_POINT('',#2035);
#2038=VERTEX_POINT('',#2036);
#2039=CARTESIAN_POINT('',(9.127836851222E-1,7.25E-1,1.487674054465E0));
#2040=VERTEX_POINT('',#2039);
#2041=CARTESIAN_POINT('',(9.127836851222E-1,7.25E-1,5.001568710277E-1));
#2042=VERTEX_POINT('',#2041);
#2043=CARTESIAN_POINT('',(-9.127836851222E-1,7.25E-1,5.499843128972E0));
#2044=CARTESIAN_POINT('',(9.127836851222E-1,7.25E-1,5.499843128972E0));
#2045=VERTEX_POINT('',#2043);
#2046=VERTEX_POINT('',#2044);
#2047=CARTESIAN_POINT('',(9.127836851222E-1,7.25E-1,4.512325945535E0));
#2048=VERTEX_POINT('',#2047);
#2049=CARTESIAN_POINT('',(-9.127836851222E-1,7.25E-1,4.512325945535E0));
#2050=VERTEX_POINT('',#2049);
#2051=CARTESIAN_POINT('',(-9.127836851222E-1,1.025E0,2.506241408281E0));
#2052=CARTESIAN_POINT('',(-9.127836851222E-1,1.025E0,3.493758591719E0));
#2053=VERTEX_POINT('',#2051);
#2054=VERTEX_POINT('',#2052);
#2055=CARTESIAN_POINT('',(9.127836851222E-1,1.025E0,3.493758591719E0));
#2056=VERTEX_POINT('',#2055);
#2057=CARTESIAN_POINT('',(9.127836851222E-1,1.025E0,2.506241408281E0));
#2058=VERTEX_POINT('',#2057);
#2059=CARTESIAN_POINT('',(-9.127836851222E-1,1.025E0,5.001568710277E-1));
#2060=CARTESIAN_POINT('',(-9.127836851222E-1,1.025E0,1.487674054465E0));
#2061=VERTEX_POINT('',#2059);
#2062=VERTEX_POINT('',#2060);
#2063=CARTESIAN_POINT('',(9.127836851222E-1,1.025E0,1.487674054465E0));
#2064=VERTEX_POINT('',#2063);
#2065=CARTESIAN_POINT('',(9.127836851222E-1,1.025E0,5.001568710277E-1));
#2066=VERTEX_POINT('',#2065);
#2067=CARTESIAN_POINT('',(-9.127836851222E-1,1.025E0,5.499843128972E0));
#2068=CARTESIAN_POINT('',(9.127836851222E-1,1.025E0,5.499843128972E0));
#2069=VERTEX_POINT('',#2067);
#2070=VERTEX_POINT('',#2068);
#2071=CARTESIAN_POINT('',(9.127836851222E-1,1.025E0,4.512325945535E0));
#2072=VERTEX_POINT('',#2071);
#2073=CARTESIAN_POINT('',(-9.127836851222E-1,1.025E0,4.512325945535E0));
#2074=VERTEX_POINT('',#2073);
#2075=CARTESIAN_POINT('',(1.6E0,-1.525E0,3.E0));
#2076=CARTESIAN_POINT('',(-1.6E0,-1.525E0,3.E0));
#2077=VERTEX_POINT('',#2075);
#2078=VERTEX_POINT('',#2076);
#2079=CARTESIAN_POINT('',(-1.4E0,-5.475E0,3.E0));
#2080=CARTESIAN_POINT('',(1.4E0,-5.475E0,3.E0));
#2081=VERTEX_POINT('',#2079);
#2082=VERTEX_POINT('',#2080);
#2083=CARTESIAN_POINT('',(-1.6E0,-5.275E0,3.E0));
#2084=CARTESIAN_POINT('',(1.6E0,-5.275E0,3.E0));
#2085=VERTEX_POINT('',#2083);
#2086=VERTEX_POINT('',#2084);
#2087=CARTESIAN_POINT('',(1.9E0,5.25E-1,-4.211493422733E0));
#2088=CARTESIAN_POINT('',(2.075E0,5.25E-1,-4.7E0));
#2089=VERTEX_POINT('',#2087);
#2090=VERTEX_POINT('',#2088);
#2091=CARTESIAN_POINT('',(2.425E0,5.25E-1,-4.7E0));
#2092=VERTEX_POINT('',#2091);
#2093=CARTESIAN_POINT('',(2.6E0,5.25E-1,-4.211493422733E0));
#2094=VERTEX_POINT('',#2093);
#2095=CARTESIAN_POINT('',(-2.6E0,5.25E-1,-4.211493422733E0));
#2096=CARTESIAN_POINT('',(-2.425E0,5.25E-1,-4.7E0));
#2097=VERTEX_POINT('',#2095);
#2098=VERTEX_POINT('',#2096);
#2099=CARTESIAN_POINT('',(-2.075E0,5.25E-1,-4.7E0));
#2100=VERTEX_POINT('',#2099);
#2101=CARTESIAN_POINT('',(-1.9E0,5.25E-1,-4.211493422733E0));
#2102=VERTEX_POINT('',#2101);
#2103=CARTESIAN_POINT('',(1.9E0,2.25E-1,-4.211493422733E0));
#2104=CARTESIAN_POINT('',(2.075E0,2.25E-1,-4.7E0));
#2105=VERTEX_POINT('',#2103);
#2106=VERTEX_POINT('',#2104);
#2107=CARTESIAN_POINT('',(2.425E0,2.25E-1,-4.7E0));
#2108=VERTEX_POINT('',#2107);
#2109=CARTESIAN_POINT('',(2.6E0,2.25E-1,-4.211493422733E0));
#2110=VERTEX_POINT('',#2109);
#2111=CARTESIAN_POINT('',(-2.6E0,2.25E-1,-4.211493422733E0));
#2112=CARTESIAN_POINT('',(-2.425E0,2.25E-1,-4.7E0));
#2113=VERTEX_POINT('',#2111);
#2114=VERTEX_POINT('',#2112);
#2115=CARTESIAN_POINT('',(-2.075E0,2.25E-1,-4.7E0));
#2116=VERTEX_POINT('',#2115);
#2117=CARTESIAN_POINT('',(-1.9E0,2.25E-1,-4.211493422733E0));
#2118=VERTEX_POINT('',#2117);
#2119=CARTESIAN_POINT('',(-2.6E0,5.25E-1,0.E0));
#2120=CARTESIAN_POINT('',(-1.9E0,5.25E-1,0.E0));
#2121=VERTEX_POINT('',#2119);
#2122=VERTEX_POINT('',#2120);
#2123=CARTESIAN_POINT('',(1.9E0,5.25E-1,0.E0));
#2124=CARTESIAN_POINT('',(2.6E0,5.25E-1,0.E0));
#2125=VERTEX_POINT('',#2123);
#2126=VERTEX_POINT('',#2124);
#2127=CARTESIAN_POINT('',(-2.6E0,2.25E-1,0.E0));
#2128=CARTESIAN_POINT('',(-1.9E0,2.25E-1,0.E0));
#2129=VERTEX_POINT('',#2127);
#2130=VERTEX_POINT('',#2128);
#2131=CARTESIAN_POINT('',(1.9E0,2.25E-1,0.E0));
#2132=CARTESIAN_POINT('',(2.6E0,2.25E-1,0.E0));
#2133=VERTEX_POINT('',#2131);
#2134=VERTEX_POINT('',#2132);
#2135=CARTESIAN_POINT('',(-1.1132E0,-9.635E-1,-2.E-2));
#2136=CARTESIAN_POINT('',(-1.1132E0,-4.37E-1,-2.E-2));
#2137=VERTEX_POINT('',#2135);
#2138=VERTEX_POINT('',#2136);
#2139=CARTESIAN_POINT('',(-7.18325E-1,-4.37E-1,-2.E-2));
#2140=VERTEX_POINT('',#2139);
#2141=CARTESIAN_POINT('',(-7.18325E-1,-5.042127657905E-1,-2.E-2));
#2142=VERTEX_POINT('',#2141);
#2143=CARTESIAN_POINT('',(-1.0473875E0,-5.042127657905E-1,-2.E-2));
#2144=VERTEX_POINT('',#2143);
#2145=CARTESIAN_POINT('',(-1.0473875E0,-9.635E-1,-2.E-2));
#2146=VERTEX_POINT('',#2145);
#2147=CARTESIAN_POINT('',(-2.027937709212E-1,-5.714255315810E-1,-2.E-2));
#2148=CARTESIAN_POINT('',(-2.686062709212E-1,-5.714255315810E-1,-2.E-2));
#2149=VERTEX_POINT('',#2147);
#2150=VERTEX_POINT('',#2148);
#2151=CARTESIAN_POINT('',(-2.795749790788E-1,-5.378191526085E-1,-2.E-2));
#2152=VERTEX_POINT('',#2151);
#2153=CARTESIAN_POINT('',(-3.124812290788E-1,-5.154148921147E-1,-2.E-2));
#2154=VERTEX_POINT('',#2153);
#2155=CARTESIAN_POINT('',(-3.5635625E-1,-5.042127657905E-1,-2.E-2));
#2156=VERTEX_POINT('',#2155);
#2157=CARTESIAN_POINT('',(-4.55075E-1,-5.042127657905E-1,-2.E-2));
#2158=VERTEX_POINT('',#2157);
#2159=CARTESIAN_POINT('',(-4.989500209212E-1,-5.154148921147E-1,-2.E-2));
#2160=VERTEX_POINT('',#2159);
#2161=CARTESIAN_POINT('',(-5.318562709212E-1,-5.378191526085E-1,-2.E-2));
#2162=VERTEX_POINT('',#2161);
#2163=CARTESIAN_POINT('',(-5.5379375E-1,-5.714255315810E-1,-2.E-2));
#2164=VERTEX_POINT('',#2163);
#2165=CARTESIAN_POINT('',(-5.647625209212E-1,-6.162340368778E-1,-2.E-2));
#2166=VERTEX_POINT('',#2165);
#2167=CARTESIAN_POINT('',(-5.647625209212E-1,-7.842659474313E-1,-2.E-2));
#2168=VERTEX_POINT('',#2167);
#2169=CARTESIAN_POINT('',(-5.5379375E-1,-8.290744527280E-1,-2.E-2));
#2170=VERTEX_POINT('',#2169);
#2171=CARTESIAN_POINT('',(-5.318562709212E-1,-8.626808630824E-1,-2.E-2));
#2172=VERTEX_POINT('',#2171);
#2173=CARTESIAN_POINT('',(-4.989500209212E-1,-8.850851157308E-1,-2.E-2));
#2174=VERTEX_POINT('',#2173);
#2175=CARTESIAN_POINT('',(-4.55075E-1,-8.962872420549E-1,-2.E-2));
#2176=VERTEX_POINT('',#2175);
#2177=CARTESIAN_POINT('',(-3.5635625E-1,-8.962872420549E-1,-2.E-2));
#2178=VERTEX_POINT('',#2177);
#2179=CARTESIAN_POINT('',(-3.124812290788E-1,-8.850851157308E-1,-2.E-2));
#2180=VERTEX_POINT('',#2179);
#2181=CARTESIAN_POINT('',(-2.795749790788E-1,-8.626808630824E-1,-2.E-2));
#2182=VERTEX_POINT('',#2181);
#2183=CARTESIAN_POINT('',(-2.686062709212E-1,-8.290744527280E-1,-2.E-2));
#2184=VERTEX_POINT('',#2183);
#2185=CARTESIAN_POINT('',(-2.027937709212E-1,-8.290744527280E-1,-2.E-2));
#2186=VERTEX_POINT('',#2185);
#2187=CARTESIAN_POINT('',(-2.137624790788E-1,-8.850851157308E-1,-2.E-2));
#2188=VERTEX_POINT('',#2187);
#2189=CARTESIAN_POINT('',(-2.576375E-1,-9.298936210275E-1,-2.E-2));
#2190=VERTEX_POINT('',#2189);
#2191=CARTESIAN_POINT('',(-3.015125209212E-1,-9.522978736758E-1,-2.E-2));
#2192=VERTEX_POINT('',#2191);
#2193=CARTESIAN_POINT('',(-3.5635625E-1,-9.635E-1,-2.E-2));
#2194=VERTEX_POINT('',#2193);
#2195=CARTESIAN_POINT('',(-4.55075E-1,-9.635E-1,-2.E-2));
#2196=VERTEX_POINT('',#2195);
#2197=CARTESIAN_POINT('',(-5.099187290788E-1,-9.522978736758E-1,-2.E-2));
#2198=VERTEX_POINT('',#2197);
#2199=CARTESIAN_POINT('',(-5.5379375E-1,-9.298936210275E-1,-2.E-2));
#2200=VERTEX_POINT('',#2199);
#2201=CARTESIAN_POINT('',(-5.976687395394E-1,-8.850851157308E-1,-2.E-2));
#2202=VERTEX_POINT('',#2201);
#2203=CARTESIAN_POINT('',(-6.1960625E-1,-8.402766104341E-1,-2.E-2));
#2204=VERTEX_POINT('',#2203);
#2205=CARTESIAN_POINT('',(-6.305749895394E-1,-7.842659474313E-1,-2.E-2));
#2206=VERTEX_POINT('',#2205);
#2207=CARTESIAN_POINT('',(-6.305749895394E-1,-6.162340368778E-1,-2.E-2));
#2208=VERTEX_POINT('',#2207);
#2209=CARTESIAN_POINT('',(-6.1960625E-1,-5.602234052569E-1,-2.E-2));
#2210=VERTEX_POINT('',#2209);
#2211=CARTESIAN_POINT('',(-5.976687395394E-1,-5.154148921147E-1,-2.E-2));
#2212=VERTEX_POINT('',#2211);
#2213=CARTESIAN_POINT('',(-5.5379375E-1,-4.706063828953E-1,-2.E-2));
#2214=VERTEX_POINT('',#2213);
#2215=CARTESIAN_POINT('',(-5.099187290788E-1,-4.482021273049E-1,-2.E-2));
#2216=VERTEX_POINT('',#2215);
#2217=CARTESIAN_POINT('',(-4.55075E-1,-4.37E-1,-2.E-2));
#2218=VERTEX_POINT('',#2217);
#2219=CARTESIAN_POINT('',(-3.5635625E-1,-4.37E-1,-2.E-2));
#2220=VERTEX_POINT('',#2219);
#2221=CARTESIAN_POINT('',(-3.015125209212E-1,-4.482021273049E-1,-2.E-2));
#2222=VERTEX_POINT('',#2221);
#2223=CARTESIAN_POINT('',(-2.576375E-1,-4.706063828953E-1,-2.E-2));
#2224=VERTEX_POINT('',#2223);
#2225=CARTESIAN_POINT('',(-2.137624790788E-1,-5.154148921147E-1,-2.E-2));
#2226=VERTEX_POINT('',#2225);
#2227=CARTESIAN_POINT('',(2.798312081575E-1,-5.042127657905E-1,-2.E-2));
#2228=CARTESIAN_POINT('',(-4.923129184246E-2,-5.042127657905E-1,-2.E-2));
#2229=VERTEX_POINT('',#2227);
#2230=VERTEX_POINT('',#2228);
#2231=CARTESIAN_POINT('',(-4.923129184246E-2,-6.834468105137E-1,-2.E-2));
#2232=VERTEX_POINT('',#2231);
#2233=CARTESIAN_POINT('',(2.3595625E-1,-6.834468105137E-1,-2.E-2));
#2234=VERTEX_POINT('',#2233);
#2235=CARTESIAN_POINT('',(2.3595625E-1,-7.506595684588E-1,-2.E-2));
#2236=VERTEX_POINT('',#2235);
#2237=CARTESIAN_POINT('',(-4.923129184246E-2,-7.506595684588E-1,-2.E-2));
#2238=VERTEX_POINT('',#2237);
#2239=CARTESIAN_POINT('',(-4.923129184246E-2,-8.962872420549E-1,-2.E-2));
#2240=VERTEX_POINT('',#2239);
#2241=CARTESIAN_POINT('',(2.798312081575E-1,-8.962872420549E-1,-2.E-2));
#2242=VERTEX_POINT('',#2241);
#2243=CARTESIAN_POINT('',(2.798312081575E-1,-9.635E-1,-2.E-2));
#2244=VERTEX_POINT('',#2243);
#2245=CARTESIAN_POINT('',(-1.150437290788E-1,-9.635E-1,-2.E-2));
#2246=VERTEX_POINT('',#2245);
#2247=CARTESIAN_POINT('',(-1.150437290788E-1,-4.37E-1,-2.E-2));
#2248=VERTEX_POINT('',#2247);
#2249=CARTESIAN_POINT('',(2.798312081575E-1,-4.37E-1,-2.E-2));
#2250=VERTEX_POINT('',#2249);
#2251=CARTESIAN_POINT('',(6.3083125E-1,-9.635E-1,-2.E-2));
#2252=CARTESIAN_POINT('',(3.6758125E-1,-9.635E-1,-2.E-2));
#2253=VERTEX_POINT('',#2251);
#2254=VERTEX_POINT('',#2252);
#2255=CARTESIAN_POINT('',(3.6758125E-1,-4.37E-1,-2.E-2));
#2256=VERTEX_POINT('',#2255);
#2257=CARTESIAN_POINT('',(6.3083125E-1,-4.37E-1,-2.E-2));
#2258=VERTEX_POINT('',#2257);
#2259=CARTESIAN_POINT('',(6.856750418425E-1,-4.482021273049E-1,-2.E-2));
#2260=VERTEX_POINT('',#2259);
#2261=CARTESIAN_POINT('',(7.2955E-1,-4.706063828953E-1,-2.E-2));
#2262=VERTEX_POINT('',#2261);
#2263=CARTESIAN_POINT('',(7.734249581575E-1,-5.154148921147E-1,-2.E-2));
#2264=VERTEX_POINT('',#2263);
#2265=CARTESIAN_POINT('',(7.953625E-1,-5.602234052569E-1,-2.E-2));
#2266=VERTEX_POINT('',#2265);
#2267=CARTESIAN_POINT('',(8.063312081575E-1,-6.162340368778E-1,-2.E-2));
#2268=VERTEX_POINT('',#2267);
#2269=CARTESIAN_POINT('',(8.063312081575E-1,-7.842659474313E-1,-2.E-2));
#2270=VERTEX_POINT('',#2269);
#2271=CARTESIAN_POINT('',(7.953625E-1,-8.402766104341E-1,-2.E-2));
#2272=VERTEX_POINT('',#2271);
#2273=CARTESIAN_POINT('',(7.734249581575E-1,-8.850851157308E-1,-2.E-2));
#2274=VERTEX_POINT('',#2273);
#2275=CARTESIAN_POINT('',(7.2955E-1,-9.298936210275E-1,-2.E-2));
#2276=VERTEX_POINT('',#2275);
#2277=CARTESIAN_POINT('',(6.856750418425E-1,-9.522978736758E-1,-2.E-2));
#2278=VERTEX_POINT('',#2277);
#2279=CARTESIAN_POINT('',(4.3339375E-1,-8.962872420549E-1,-2.E-2));
#2280=CARTESIAN_POINT('',(6.3083125E-1,-8.962872420549E-1,-2.E-2));
#2281=VERTEX_POINT('',#2279);
#2282=VERTEX_POINT('',#2280);
#2283=CARTESIAN_POINT('',(6.747062081575E-1,-8.850851157308E-1,-2.E-2));
#2284=VERTEX_POINT('',#2283);
#2285=CARTESIAN_POINT('',(7.076124581575E-1,-8.626808630824E-1,-2.E-2));
#2286=VERTEX_POINT('',#2285);
#2287=CARTESIAN_POINT('',(7.2955E-1,-8.290744527280E-1,-2.E-2));
#2288=VERTEX_POINT('',#2287);
#2289=CARTESIAN_POINT('',(7.405187081575E-1,-7.842659474313E-1,-2.E-2));
#2290=VERTEX_POINT('',#2289);
#2291=CARTESIAN_POINT('',(7.405187081575E-1,-6.162340368778E-1,-2.E-2));
#2292=VERTEX_POINT('',#2291);
#2293=CARTESIAN_POINT('',(7.2955E-1,-5.714255315810E-1,-2.E-2));
#2294=VERTEX_POINT('',#2293);
#2295=CARTESIAN_POINT('',(7.076124581575E-1,-5.378191526085E-1,-2.E-2));
#2296=VERTEX_POINT('',#2295);
#2297=CARTESIAN_POINT('',(6.747062081575E-1,-5.154148921147E-1,-2.E-2));
#2298=VERTEX_POINT('',#2297);
#2299=CARTESIAN_POINT('',(6.3083125E-1,-5.042127657905E-1,-2.E-2));
#2300=VERTEX_POINT('',#2299);
#2301=CARTESIAN_POINT('',(4.3339375E-1,-5.042127657905E-1,-2.E-2));
#2302=VERTEX_POINT('',#2301);
#2303=CARTESIAN_POINT('',(1.15733125E0,-9.635E-1,-2.E-2));
#2304=CARTESIAN_POINT('',(1.069581333685E0,-9.635E-1,-2.E-2));
#2305=VERTEX_POINT('',#2303);
#2306=VERTEX_POINT('',#2304);
#2307=CARTESIAN_POINT('',(8.9408125E-1,-4.37E-1,-2.E-2));
#2308=VERTEX_POINT('',#2307);
#2309=CARTESIAN_POINT('',(9.5989375E-1,-4.37E-1,-2.E-2));
#2310=VERTEX_POINT('',#2309);
#2311=CARTESIAN_POINT('',(1.003768833685E0,-5.714255315810E-1,-2.E-2));
#2312=VERTEX_POINT('',#2311);
#2313=CARTESIAN_POINT('',(1.22314375E0,-5.714255315810E-1,-2.E-2));
#2314=VERTEX_POINT('',#2313);
#2315=CARTESIAN_POINT('',(1.267018833685E0,-4.37E-1,-2.E-2));
#2316=VERTEX_POINT('',#2315);
#2317=CARTESIAN_POINT('',(1.332831333685E0,-4.37E-1,-2.E-2));
#2318=VERTEX_POINT('',#2317);
#2319=CARTESIAN_POINT('',(1.113456166315E0,-9.186914947033E-1,-2.E-2));
#2320=CARTESIAN_POINT('',(1.212174916315E0,-6.162340368778E-1,-2.E-2));
#2321=VERTEX_POINT('',#2319);
#2322=VERTEX_POINT('',#2320);
#2323=CARTESIAN_POINT('',(1.014737416315E0,-6.162340368778E-1,-2.E-2));
#2324=VERTEX_POINT('',#2323);
#2325=CARTESIAN_POINT('',(-1.1132E0,-9.635E-1,0.E0));
#2326=CARTESIAN_POINT('',(-1.1132E0,-4.37E-1,0.E0));
#2327=VERTEX_POINT('',#2325);
#2328=VERTEX_POINT('',#2326);
#2329=CARTESIAN_POINT('',(-7.18325E-1,-4.37E-1,0.E0));
#2330=VERTEX_POINT('',#2329);
#2331=CARTESIAN_POINT('',(-7.18325E-1,-5.042127657905E-1,0.E0));
#2332=VERTEX_POINT('',#2331);
#2333=CARTESIAN_POINT('',(-1.0473875E0,-5.042127657905E-1,0.E0));
#2334=VERTEX_POINT('',#2333);
#2335=CARTESIAN_POINT('',(-1.0473875E0,-9.635E-1,0.E0));
#2336=VERTEX_POINT('',#2335);
#2337=CARTESIAN_POINT('',(-2.027937709212E-1,-5.714255315810E-1,0.E0));
#2338=CARTESIAN_POINT('',(-2.686062709212E-1,-5.714255315810E-1,0.E0));
#2339=VERTEX_POINT('',#2337);
#2340=VERTEX_POINT('',#2338);
#2341=CARTESIAN_POINT('',(-2.795749790788E-1,-5.378191526085E-1,0.E0));
#2342=VERTEX_POINT('',#2341);
#2343=CARTESIAN_POINT('',(-3.124812290788E-1,-5.154148921147E-1,0.E0));
#2344=VERTEX_POINT('',#2343);
#2345=CARTESIAN_POINT('',(-3.5635625E-1,-5.042127657905E-1,0.E0));
#2346=VERTEX_POINT('',#2345);
#2347=CARTESIAN_POINT('',(-4.55075E-1,-5.042127657905E-1,0.E0));
#2348=VERTEX_POINT('',#2347);
#2349=CARTESIAN_POINT('',(-4.989500209212E-1,-5.154148921147E-1,0.E0));
#2350=VERTEX_POINT('',#2349);
#2351=CARTESIAN_POINT('',(-5.318562709212E-1,-5.378191526085E-1,0.E0));
#2352=VERTEX_POINT('',#2351);
#2353=CARTESIAN_POINT('',(-5.5379375E-1,-5.714255315810E-1,0.E0));
#2354=VERTEX_POINT('',#2353);
#2355=CARTESIAN_POINT('',(-5.647625209212E-1,-6.162340368778E-1,0.E0));
#2356=VERTEX_POINT('',#2355);
#2357=CARTESIAN_POINT('',(-5.647625209212E-1,-7.842659474313E-1,0.E0));
#2358=VERTEX_POINT('',#2357);
#2359=CARTESIAN_POINT('',(-5.5379375E-1,-8.290744527280E-1,0.E0));
#2360=VERTEX_POINT('',#2359);
#2361=CARTESIAN_POINT('',(-5.318562709212E-1,-8.626808630824E-1,0.E0));
#2362=VERTEX_POINT('',#2361);
#2363=CARTESIAN_POINT('',(-4.989500209212E-1,-8.850851157308E-1,0.E0));
#2364=VERTEX_POINT('',#2363);
#2365=CARTESIAN_POINT('',(-4.55075E-1,-8.962872420549E-1,0.E0));
#2366=VERTEX_POINT('',#2365);
#2367=CARTESIAN_POINT('',(-3.5635625E-1,-8.962872420549E-1,0.E0));
#2368=VERTEX_POINT('',#2367);
#2369=CARTESIAN_POINT('',(-3.124812290788E-1,-8.850851157308E-1,0.E0));
#2370=VERTEX_POINT('',#2369);
#2371=CARTESIAN_POINT('',(-2.795749790788E-1,-8.626808630824E-1,0.E0));
#2372=VERTEX_POINT('',#2371);
#2373=CARTESIAN_POINT('',(-2.686062709212E-1,-8.290744527280E-1,0.E0));
#2374=VERTEX_POINT('',#2373);
#2375=CARTESIAN_POINT('',(-2.027937709212E-1,-8.290744527280E-1,0.E0));
#2376=VERTEX_POINT('',#2375);
#2377=CARTESIAN_POINT('',(-2.137624790788E-1,-8.850851157308E-1,0.E0));
#2378=VERTEX_POINT('',#2377);
#2379=CARTESIAN_POINT('',(-2.576375E-1,-9.298936210275E-1,0.E0));
#2380=VERTEX_POINT('',#2379);
#2381=CARTESIAN_POINT('',(-3.015125209212E-1,-9.522978736758E-1,0.E0));
#2382=VERTEX_POINT('',#2381);
#2383=CARTESIAN_POINT('',(-3.5635625E-1,-9.635E-1,0.E0));
#2384=VERTEX_POINT('',#2383);
#2385=CARTESIAN_POINT('',(-4.55075E-1,-9.635E-1,0.E0));
#2386=VERTEX_POINT('',#2385);
#2387=CARTESIAN_POINT('',(-5.099187290788E-1,-9.522978736758E-1,0.E0));
#2388=VERTEX_POINT('',#2387);
#2389=CARTESIAN_POINT('',(-5.5379375E-1,-9.298936210275E-1,0.E0));
#2390=VERTEX_POINT('',#2389);
#2391=CARTESIAN_POINT('',(-5.976687395394E-1,-8.850851157308E-1,0.E0));
#2392=VERTEX_POINT('',#2391);
#2393=CARTESIAN_POINT('',(-6.1960625E-1,-8.402766104341E-1,0.E0));
#2394=VERTEX_POINT('',#2393);
#2395=CARTESIAN_POINT('',(-6.305749895394E-1,-7.842659474313E-1,0.E0));
#2396=VERTEX_POINT('',#2395);
#2397=CARTESIAN_POINT('',(-6.305749895394E-1,-6.162340368778E-1,0.E0));
#2398=VERTEX_POINT('',#2397);
#2399=CARTESIAN_POINT('',(-6.1960625E-1,-5.602234052569E-1,0.E0));
#2400=VERTEX_POINT('',#2399);
#2401=CARTESIAN_POINT('',(-5.976687395394E-1,-5.154148921147E-1,0.E0));
#2402=VERTEX_POINT('',#2401);
#2403=CARTESIAN_POINT('',(-5.5379375E-1,-4.706063828953E-1,0.E0));
#2404=VERTEX_POINT('',#2403);
#2405=CARTESIAN_POINT('',(-5.099187290788E-1,-4.482021273049E-1,0.E0));
#2406=VERTEX_POINT('',#2405);
#2407=CARTESIAN_POINT('',(-4.55075E-1,-4.37E-1,0.E0));
#2408=VERTEX_POINT('',#2407);
#2409=CARTESIAN_POINT('',(-3.5635625E-1,-4.37E-1,0.E0));
#2410=VERTEX_POINT('',#2409);
#2411=CARTESIAN_POINT('',(-3.015125209212E-1,-4.482021273049E-1,0.E0));
#2412=VERTEX_POINT('',#2411);
#2413=CARTESIAN_POINT('',(-2.576375E-1,-4.706063828953E-1,0.E0));
#2414=VERTEX_POINT('',#2413);
#2415=CARTESIAN_POINT('',(-2.137624790788E-1,-5.154148921147E-1,0.E0));
#2416=VERTEX_POINT('',#2415);
#2417=CARTESIAN_POINT('',(2.798312081575E-1,-5.042127657905E-1,0.E0));
#2418=CARTESIAN_POINT('',(-4.923129184246E-2,-5.042127657905E-1,0.E0));
#2419=VERTEX_POINT('',#2417);
#2420=VERTEX_POINT('',#2418);
#2421=CARTESIAN_POINT('',(-4.923129184246E-2,-6.834468105137E-1,0.E0));
#2422=VERTEX_POINT('',#2421);
#2423=CARTESIAN_POINT('',(2.3595625E-1,-6.834468105137E-1,0.E0));
#2424=VERTEX_POINT('',#2423);
#2425=CARTESIAN_POINT('',(2.3595625E-1,-7.506595684588E-1,0.E0));
#2426=VERTEX_POINT('',#2425);
#2427=CARTESIAN_POINT('',(-4.923129184246E-2,-7.506595684588E-1,0.E0));
#2428=VERTEX_POINT('',#2427);
#2429=CARTESIAN_POINT('',(-4.923129184246E-2,-8.962872420549E-1,0.E0));
#2430=VERTEX_POINT('',#2429);
#2431=CARTESIAN_POINT('',(2.798312081575E-1,-8.962872420549E-1,0.E0));
#2432=VERTEX_POINT('',#2431);
#2433=CARTESIAN_POINT('',(2.798312081575E-1,-9.635E-1,0.E0));
#2434=VERTEX_POINT('',#2433);
#2435=CARTESIAN_POINT('',(-1.150437290788E-1,-9.635E-1,0.E0));
#2436=VERTEX_POINT('',#2435);
#2437=CARTESIAN_POINT('',(-1.150437290788E-1,-4.37E-1,0.E0));
#2438=VERTEX_POINT('',#2437);
#2439=CARTESIAN_POINT('',(2.798312081575E-1,-4.37E-1,0.E0));
#2440=VERTEX_POINT('',#2439);
#2441=CARTESIAN_POINT('',(6.3083125E-1,-9.635E-1,0.E0));
#2442=CARTESIAN_POINT('',(3.6758125E-1,-9.635E-1,0.E0));
#2443=VERTEX_POINT('',#2441);
#2444=VERTEX_POINT('',#2442);
#2445=CARTESIAN_POINT('',(3.6758125E-1,-4.37E-1,0.E0));
#2446=VERTEX_POINT('',#2445);
#2447=CARTESIAN_POINT('',(6.3083125E-1,-4.37E-1,0.E0));
#2448=VERTEX_POINT('',#2447);
#2449=CARTESIAN_POINT('',(6.856750418425E-1,-4.482021273049E-1,0.E0));
#2450=VERTEX_POINT('',#2449);
#2451=CARTESIAN_POINT('',(7.2955E-1,-4.706063828953E-1,0.E0));
#2452=VERTEX_POINT('',#2451);
#2453=CARTESIAN_POINT('',(7.734249581575E-1,-5.154148921147E-1,0.E0));
#2454=VERTEX_POINT('',#2453);
#2455=CARTESIAN_POINT('',(7.953625E-1,-5.602234052569E-1,0.E0));
#2456=VERTEX_POINT('',#2455);
#2457=CARTESIAN_POINT('',(8.063312081575E-1,-6.162340368778E-1,0.E0));
#2458=VERTEX_POINT('',#2457);
#2459=CARTESIAN_POINT('',(8.063312081575E-1,-7.842659474313E-1,0.E0));
#2460=VERTEX_POINT('',#2459);
#2461=CARTESIAN_POINT('',(7.953625E-1,-8.402766104341E-1,0.E0));
#2462=VERTEX_POINT('',#2461);
#2463=CARTESIAN_POINT('',(7.734249581575E-1,-8.850851157308E-1,0.E0));
#2464=VERTEX_POINT('',#2463);
#2465=CARTESIAN_POINT('',(7.2955E-1,-9.298936210275E-1,0.E0));
#2466=VERTEX_POINT('',#2465);
#2467=CARTESIAN_POINT('',(6.856750418425E-1,-9.522978736758E-1,0.E0));
#2468=VERTEX_POINT('',#2467);
#2469=CARTESIAN_POINT('',(4.3339375E-1,-8.962872420549E-1,0.E0));
#2470=CARTESIAN_POINT('',(6.3083125E-1,-8.962872420549E-1,0.E0));
#2471=VERTEX_POINT('',#2469);
#2472=VERTEX_POINT('',#2470);
#2473=CARTESIAN_POINT('',(6.747062081575E-1,-8.850851157308E-1,0.E0));
#2474=VERTEX_POINT('',#2473);
#2475=CARTESIAN_POINT('',(7.076124581575E-1,-8.626808630824E-1,0.E0));
#2476=VERTEX_POINT('',#2475);
#2477=CARTESIAN_POINT('',(7.2955E-1,-8.290744527280E-1,0.E0));
#2478=VERTEX_POINT('',#2477);
#2479=CARTESIAN_POINT('',(7.405187081575E-1,-7.842659474313E-1,0.E0));
#2480=VERTEX_POINT('',#2479);
#2481=CARTESIAN_POINT('',(7.405187081575E-1,-6.162340368778E-1,0.E0));
#2482=VERTEX_POINT('',#2481);
#2483=CARTESIAN_POINT('',(7.2955E-1,-5.714255315810E-1,0.E0));
#2484=VERTEX_POINT('',#2483);
#2485=CARTESIAN_POINT('',(7.076124581575E-1,-5.378191526085E-1,0.E0));
#2486=VERTEX_POINT('',#2485);
#2487=CARTESIAN_POINT('',(6.747062081575E-1,-5.154148921147E-1,0.E0));
#2488=VERTEX_POINT('',#2487);
#2489=CARTESIAN_POINT('',(6.3083125E-1,-5.042127657905E-1,0.E0));
#2490=VERTEX_POINT('',#2489);
#2491=CARTESIAN_POINT('',(4.3339375E-1,-5.042127657905E-1,0.E0));
#2492=VERTEX_POINT('',#2491);
#2493=CARTESIAN_POINT('',(1.15733125E0,-9.635E-1,0.E0));
#2494=CARTESIAN_POINT('',(1.069581333685E0,-9.635E-1,0.E0));
#2495=VERTEX_POINT('',#2493);
#2496=VERTEX_POINT('',#2494);
#2497=CARTESIAN_POINT('',(8.9408125E-1,-4.37E-1,0.E0));
#2498=VERTEX_POINT('',#2497);
#2499=CARTESIAN_POINT('',(9.5989375E-1,-4.37E-1,0.E0));
#2500=VERTEX_POINT('',#2499);
#2501=CARTESIAN_POINT('',(1.003768833685E0,-5.714255315810E-1,0.E0));
#2502=VERTEX_POINT('',#2501);
#2503=CARTESIAN_POINT('',(1.22314375E0,-5.714255315810E-1,0.E0));
#2504=VERTEX_POINT('',#2503);
#2505=CARTESIAN_POINT('',(1.267018833685E0,-4.37E-1,0.E0));
#2506=VERTEX_POINT('',#2505);
#2507=CARTESIAN_POINT('',(1.332831333685E0,-4.37E-1,0.E0));
#2508=VERTEX_POINT('',#2507);
#2509=CARTESIAN_POINT('',(1.113456166315E0,-9.186914947033E-1,0.E0));
#2510=CARTESIAN_POINT('',(1.212174916315E0,-6.162340368778E-1,0.E0));
#2511=VERTEX_POINT('',#2509);
#2512=VERTEX_POINT('',#2510);
#2513=CARTESIAN_POINT('',(1.014737416315E0,-6.162340368778E-1,0.E0));
#2514=VERTEX_POINT('',#2513);
#2515=CARTESIAN_POINT('',(-6.1960625E-1,-5.602234052569E-1,0.E0));
#2516=DIRECTION('',(-8.981380447713E-1,4.397136028534E-1,0.E0));
#2517=DIRECTION('',(4.397136028534E-1,8.981380447713E-1,0.E0));
#2518=AXIS2_PLACEMENT_3D('',#2515,#2516,#2517);
#2519=PLANE('',#2518);
#2521=ORIENTED_EDGE('',*,*,#2520,.F.);
#2523=ORIENTED_EDGE('',*,*,#2522,.T.);
#2525=ORIENTED_EDGE('',*,*,#2524,.T.);
#2527=ORIENTED_EDGE('',*,*,#2526,.F.);
#2528=EDGE_LOOP('',(#2521,#2523,#2525,#2527));
#2529=FACE_OUTER_BOUND('',#2528,.F.);
#2530=ADVANCED_FACE('',(#2529),#2519,.T.);
#2531=FILL_AREA_STYLE_COLOUR('',#22);
#2532=FILL_AREA_STYLE('',(#2531));
#2533=SURFACE_STYLE_FILL_AREA(#2532);
#2534=SURFACE_SIDE_STYLE('',(#2533));
#2535=SURFACE_STYLE_USAGE(.POSITIVE.,#2534);
#2536=PRESENTATION_STYLE_ASSIGNMENT((#2535));
#2537=STYLED_ITEM('',(#2536),#2530);
#2538=CARTESIAN_POINT('',(0.E0,0.E0,0.E0));
#2539=DIRECTION('',(0.E0,0.E0,1.E0));
#2540=DIRECTION('',(1.E0,0.E0,0.E0));
#2541=AXIS2_PLACEMENT_3D('',#2538,#2539,#2540);
#2542=PLANE('',#2541);
#2544=ORIENTED_EDGE('',*,*,#2543,.F.);
#2546=ORIENTED_EDGE('',*,*,#2545,.F.);
#2548=ORIENTED_EDGE('',*,*,#2547,.T.);
#2550=ORIENTED_EDGE('',*,*,#2549,.F.);
#2552=ORIENTED_EDGE('',*,*,#2551,.F.);
#2554=ORIENTED_EDGE('',*,*,#2553,.F.);
#2556=ORIENTED_EDGE('',*,*,#2555,.T.);
#2558=ORIENTED_EDGE('',*,*,#2557,.T.);
#2560=ORIENTED_EDGE('',*,*,#2559,.F.);
#2562=ORIENTED_EDGE('',*,*,#2561,.F.);
#2564=ORIENTED_EDGE('',*,*,#2563,.T.);
#2566=ORIENTED_EDGE('',*,*,#2565,.T.);
#2567=EDGE_LOOP('',(#2544,#2546,#2548,#2550,#2552,#2554,#2556,#2558,#2560,#2562,
#2564,#2566));
#2568=FACE_OUTER_BOUND('',#2567,.F.);
#2570=ORIENTED_EDGE('',*,*,#2569,.T.);
#2572=ORIENTED_EDGE('',*,*,#2571,.T.);
#2574=ORIENTED_EDGE('',*,*,#2573,.F.);
#2576=ORIENTED_EDGE('',*,*,#2575,.F.);
#2577=EDGE_LOOP('',(#2570,#2572,#2574,#2576));
#2578=FACE_BOUND('',#2577,.F.);
#2580=ORIENTED_EDGE('',*,*,#2579,.T.);
#2582=ORIENTED_EDGE('',*,*,#2581,.T.);
#2584=ORIENTED_EDGE('',*,*,#2583,.F.);
#2586=ORIENTED_EDGE('',*,*,#2585,.F.);
#2587=EDGE_LOOP('',(#2580,#2582,#2584,#2586));
#2588=FACE_BOUND('',#2587,.F.);
#2590=ORIENTED_EDGE('',*,*,#2589,.T.);
#2592=ORIENTED_EDGE('',*,*,#2591,.T.);
#2594=ORIENTED_EDGE('',*,*,#2593,.T.);
#2596=ORIENTED_EDGE('',*,*,#2595,.T.);
#2598=ORIENTED_EDGE('',*,*,#2597,.T.);
#2600=ORIENTED_EDGE('',*,*,#2599,.T.);
#2601=EDGE_LOOP('',(#2590,#2592,#2594,#2596,#2598,#2600));
#2602=FACE_BOUND('',#2601,.F.);
#2604=ORIENTED_EDGE('',*,*,#2603,.T.);
#2606=ORIENTED_EDGE('',*,*,#2605,.T.);
#2608=ORIENTED_EDGE('',*,*,#2607,.T.);
#2610=ORIENTED_EDGE('',*,*,#2609,.T.);
#2612=ORIENTED_EDGE('',*,*,#2611,.T.);
#2614=ORIENTED_EDGE('',*,*,#2613,.T.);
#2616=ORIENTED_EDGE('',*,*,#2615,.T.);
#2618=ORIENTED_EDGE('',*,*,#2617,.T.);
#2620=ORIENTED_EDGE('',*,*,#2619,.T.);
#2622=ORIENTED_EDGE('',*,*,#2621,.T.);
#2624=ORIENTED_EDGE('',*,*,#2623,.T.);
#2626=ORIENTED_EDGE('',*,*,#2625,.T.);
#2628=ORIENTED_EDGE('',*,*,#2627,.T.);
#2630=ORIENTED_EDGE('',*,*,#2629,.T.);
#2632=ORIENTED_EDGE('',*,*,#2631,.T.);
#2634=ORIENTED_EDGE('',*,*,#2633,.T.);
#2636=ORIENTED_EDGE('',*,*,#2635,.T.);
#2638=ORIENTED_EDGE('',*,*,#2637,.T.);
#2640=ORIENTED_EDGE('',*,*,#2639,.T.);
#2642=ORIENTED_EDGE('',*,*,#2641,.T.);
#2644=ORIENTED_EDGE('',*,*,#2643,.T.);
#2646=ORIENTED_EDGE('',*,*,#2645,.T.);
#2648=ORIENTED_EDGE('',*,*,#2647,.T.);
#2650=ORIENTED_EDGE('',*,*,#2649,.T.);
#2652=ORIENTED_EDGE('',*,*,#2651,.T.);
#2654=ORIENTED_EDGE('',*,*,#2653,.T.);
#2656=ORIENTED_EDGE('',*,*,#2655,.T.);
#2658=ORIENTED_EDGE('',*,*,#2657,.T.);
#2660=ORIENTED_EDGE('',*,*,#2659,.T.);
#2662=ORIENTED_EDGE('',*,*,#2661,.T.);
#2664=ORIENTED_EDGE('',*,*,#2663,.T.);
#2665=ORIENTED_EDGE('',*,*,#2520,.T.);
#2667=ORIENTED_EDGE('',*,*,#2666,.T.);
#2669=ORIENTED_EDGE('',*,*,#2668,.T.);
#2671=ORIENTED_EDGE('',*,*,#2670,.T.);
#2673=ORIENTED_EDGE('',*,*,#2672,.T.);
#2675=ORIENTED_EDGE('',*,*,#2674,.T.);
#2677=ORIENTED_EDGE('',*,*,#2676,.T.);
#2679=ORIENTED_EDGE('',*,*,#2678,.T.);
#2681=ORIENTED_EDGE('',*,*,#2680,.T.);
#2682=EDGE_LOOP('',(#2604,#2606,#2608,#2610,#2612,#2614,#2616,#2618,#2620,#2622,
#2624,#2626,#2628,#2630,#2632,#2634,#2636,#2638,#2640,#2642,#2644,#2646,#2648,
#2650,#2652,#2654,#2656,#2658,#2660,#2662,#2664,#2665,#2667,#2669,#2671,#2673,
#2675,#2677,#2679,#2681));
#2683=FACE_BOUND('',#2682,.F.);
#2685=ORIENTED_EDGE('',*,*,#2684,.T.);
#2687=ORIENTED_EDGE('',*,*,#2686,.T.);
#2689=ORIENTED_EDGE('',*,*,#2688,.T.);
#2691=ORIENTED_EDGE('',*,*,#2690,.T.);
#2693=ORIENTED_EDGE('',*,*,#2692,.T.);
#2695=ORIENTED_EDGE('',*,*,#2694,.T.);
#2697=ORIENTED_EDGE('',*,*,#2696,.T.);
#2699=ORIENTED_EDGE('',*,*,#2698,.T.);
#2701=ORIENTED_EDGE('',*,*,#2700,.T.);
#2703=ORIENTED_EDGE('',*,*,#2702,.T.);
#2705=ORIENTED_EDGE('',*,*,#2704,.T.);
#2707=ORIENTED_EDGE('',*,*,#2706,.T.);
#2708=EDGE_LOOP('',(#2685,#2687,#2689,#2691,#2693,#2695,#2697,#2699,#2701,#2703,
#2705,#2707));
#2709=FACE_BOUND('',#2708,.F.);
#2711=ORIENTED_EDGE('',*,*,#2710,.T.);
#2713=ORIENTED_EDGE('',*,*,#2712,.T.);
#2715=ORIENTED_EDGE('',*,*,#2714,.T.);
#2717=ORIENTED_EDGE('',*,*,#2716,.T.);
#2719=ORIENTED_EDGE('',*,*,#2718,.T.);
#2721=ORIENTED_EDGE('',*,*,#2720,.T.);
#2723=ORIENTED_EDGE('',*,*,#2722,.T.);
#2725=ORIENTED_EDGE('',*,*,#2724,.T.);
#2727=ORIENTED_EDGE('',*,*,#2726,.T.);
#2729=ORIENTED_EDGE('',*,*,#2728,.T.);
#2731=ORIENTED_EDGE('',*,*,#2730,.T.);
#2733=ORIENTED_EDGE('',*,*,#2732,.T.);
#2735=ORIENTED_EDGE('',*,*,#2734,.T.);
#2737=ORIENTED_EDGE('',*,*,#2736,.T.);
#2738=EDGE_LOOP('',(#2711,#2713,#2715,#2717,#2719,#2721,#2723,#2725,#2727,#2729,
#2731,#2733,#2735,#2737));
#2739=FACE_BOUND('',#2738,.F.);
#2741=ORIENTED_EDGE('',*,*,#2740,.T.);
#2743=ORIENTED_EDGE('',*,*,#2742,.T.);
#2745=ORIENTED_EDGE('',*,*,#2744,.T.);
#2747=ORIENTED_EDGE('',*,*,#2746,.T.);
#2749=ORIENTED_EDGE('',*,*,#2748,.T.);
#2751=ORIENTED_EDGE('',*,*,#2750,.T.);
#2753=ORIENTED_EDGE('',*,*,#2752,.T.);
#2755=ORIENTED_EDGE('',*,*,#2754,.T.);
#2756=EDGE_LOOP('',(#2741,#2743,#2745,#2747,#2749,#2751,#2753,#2755));
#2757=FACE_BOUND('',#2756,.F.);
#2758=ADVANCED_FACE('',(#2568,#2578,#2588,#2602,#2683,#2709,#2739,#2757),#2542,
.F.);
#2759=FILL_AREA_STYLE_COLOUR('',#8);
#2760=FILL_AREA_STYLE('',(#2759));
#2761=SURFACE_STYLE_FILL_AREA(#2760);
#2762=SURFACE_SIDE_STYLE('',(#2761));
#2763=SURFACE_STYLE_USAGE(.POSITIVE.,#2762);
#2764=PRESENTATION_STYLE_ASSIGNMENT((#2763));
#2765=STYLED_ITEM('',(#2764),#2758);
#2766=CARTESIAN_POINT('',(0.E0,0.E0,0.E0));
#2767=DIRECTION('',(0.E0,0.E0,1.E0));
#2768=DIRECTION('',(1.E0,0.E0,0.E0));
#2769=AXIS2_PLACEMENT_3D('',#2766,#2767,#2768);
#2770=PLANE('',#2769);
#2772=ORIENTED_EDGE('',*,*,#2771,.T.);
#2774=ORIENTED_EDGE('',*,*,#2773,.T.);
#2776=ORIENTED_EDGE('',*,*,#2775,.T.);
#2778=ORIENTED_EDGE('',*,*,#2777,.T.);
#2780=ORIENTED_EDGE('',*,*,#2779,.T.);
#2782=ORIENTED_EDGE('',*,*,#2781,.T.);
#2784=ORIENTED_EDGE('',*,*,#2783,.T.);
#2786=ORIENTED_EDGE('',*,*,#2785,.T.);
#2788=ORIENTED_EDGE('',*,*,#2787,.T.);
#2790=ORIENTED_EDGE('',*,*,#2789,.T.);
#2792=ORIENTED_EDGE('',*,*,#2791,.T.);
#2794=ORIENTED_EDGE('',*,*,#2793,.T.);
#2795=EDGE_LOOP('',(#2772,#2774,#2776,#2778,#2780,#2782,#2784,#2786,#2788,#2790,
#2792,#2794));
#2796=FACE_OUTER_BOUND('',#2795,.F.);
#2797=ADVANCED_FACE('',(#2796),#2770,.F.);
#2798=FILL_AREA_STYLE_COLOUR('',#8);
#2799=FILL_AREA_STYLE('',(#2798));
#2800=SURFACE_STYLE_FILL_AREA(#2799);
#2801=SURFACE_SIDE_STYLE('',(#2800));
#2802=SURFACE_STYLE_USAGE(.POSITIVE.,#2801);
#2803=PRESENTATION_STYLE_ASSIGNMENT((#2802));
#2804=STYLED_ITEM('',(#2803),#2797);
#2805=CARTESIAN_POINT('',(0.E0,0.E0,0.E0));
#2806=DIRECTION('',(0.E0,0.E0,1.E0));
#2807=DIRECTION('',(1.E0,0.E0,0.E0));
#2808=AXIS2_PLACEMENT_3D('',#2805,#2806,#2807);
#2809=PLANE('',#2808);
#2811=ORIENTED_EDGE('',*,*,#2810,.T.);
#2813=ORIENTED_EDGE('',*,*,#2812,.T.);
#2815=ORIENTED_EDGE('',*,*,#2814,.T.);
#2816=EDGE_LOOP('',(#2811,#2813,#2815));
#2817=FACE_OUTER_BOUND('',#2816,.F.);
#2818=ADVANCED_FACE('',(#2817),#2809,.F.);
#2819=FILL_AREA_STYLE_COLOUR('',#8);
#2820=FILL_AREA_STYLE('',(#2819));
#2821=SURFACE_STYLE_FILL_AREA(#2820);
#2822=SURFACE_SIDE_STYLE('',(#2821));
#2823=SURFACE_STYLE_USAGE(.POSITIVE.,#2822);
#2824=PRESENTATION_STYLE_ASSIGNMENT((#2823));
#2825=STYLED_ITEM('',(#2824),#2818);
#2826=CARTESIAN_POINT('',(0.E0,1.025E0,0.E0));
#2827=DIRECTION('',(0.E0,1.E0,0.E0));
#2828=DIRECTION('',(1.E0,0.E0,0.E0));
#2829=AXIS2_PLACEMENT_3D('',#2826,#2827,#2828);
#2830=PLANE('',#2829);
#2831=ORIENTED_EDGE('',*,*,#2543,.T.);
#2833=ORIENTED_EDGE('',*,*,#2832,.F.);
#2835=ORIENTED_EDGE('',*,*,#2834,.F.);
#2837=ORIENTED_EDGE('',*,*,#2836,.F.);
#2839=ORIENTED_EDGE('',*,*,#2838,.F.);
#2840=EDGE_LOOP('',(#2831,#2833,#2835,#2837,#2839));
#2841=FACE_OUTER_BOUND('',#2840,.F.);
#2842=ADVANCED_FACE('',(#2841),#2830,.T.);
#2843=FILL_AREA_STYLE_COLOUR('',#8);
#2844=FILL_AREA_STYLE('',(#2843));
#2845=SURFACE_STYLE_FILL_AREA(#2844);
#2846=SURFACE_SIDE_STYLE('',(#2845));
#2847=SURFACE_STYLE_USAGE(.POSITIVE.,#2846);
#2848=PRESENTATION_STYLE_ASSIGNMENT((#2847));
#2849=STYLED_ITEM('',(#2848),#2842);
#2850=CARTESIAN_POINT('',(0.E0,1.025E0,0.E0));
#2851=DIRECTION('',(0.E0,1.E0,0.E0));
#2852=DIRECTION('',(1.E0,0.E0,0.E0));
#2853=AXIS2_PLACEMENT_3D('',#2850,#2851,#2852);
#2854=PLANE('',#2853);
#2855=ORIENTED_EDGE('',*,*,#2551,.T.);
#2857=ORIENTED_EDGE('',*,*,#2856,.T.);
#2859=ORIENTED_EDGE('',*,*,#2858,.T.);
#2861=ORIENTED_EDGE('',*,*,#2860,.F.);
#2863=ORIENTED_EDGE('',*,*,#2862,.F.);
#2864=EDGE_LOOP('',(#2855,#2857,#2859,#2861,#2863));
#2865=FACE_OUTER_BOUND('',#2864,.F.);
#2866=ADVANCED_FACE('',(#2865),#2854,.T.);
#2867=FILL_AREA_STYLE_COLOUR('',#8);
#2868=FILL_AREA_STYLE('',(#2867));
#2869=SURFACE_STYLE_FILL_AREA(#2868);
#2870=SURFACE_SIDE_STYLE('',(#2869));
#2871=SURFACE_STYLE_USAGE(.POSITIVE.,#2870);
#2872=PRESENTATION_STYLE_ASSIGNMENT((#2871));
#2873=STYLED_ITEM('',(#2872),#2866);
#2874=CARTESIAN_POINT('',(0.E0,1.025E0,0.E0));
#2875=DIRECTION('',(0.E0,1.E0,0.E0));
#2876=DIRECTION('',(1.E0,0.E0,0.E0));
#2877=AXIS2_PLACEMENT_3D('',#2874,#2875,#2876);
#2878=PLANE('',#2877);
#2880=ORIENTED_EDGE('',*,*,#2879,.F.);
#2882=ORIENTED_EDGE('',*,*,#2881,.T.);
#2884=ORIENTED_EDGE('',*,*,#2883,.F.);
#2886=ORIENTED_EDGE('',*,*,#2885,.F.);
#2888=ORIENTED_EDGE('',*,*,#2887,.F.);
#2889=EDGE_LOOP('',(#2880,#2882,#2884,#2886,#2888));
#2890=FACE_OUTER_BOUND('',#2889,.F.);
#2891=ADVANCED_FACE('',(#2890),#2878,.T.);
#2892=FILL_AREA_STYLE_COLOUR('',#8);
#2893=FILL_AREA_STYLE('',(#2892));
#2894=SURFACE_STYLE_FILL_AREA(#2893);
#2895=SURFACE_SIDE_STYLE('',(#2894));
#2896=SURFACE_STYLE_USAGE(.POSITIVE.,#2895);
#2897=PRESENTATION_STYLE_ASSIGNMENT((#2896));
#2898=STYLED_ITEM('',(#2897),#2891);
#2899=CARTESIAN_POINT('',(0.E0,1.025E0,0.E0));
#2900=DIRECTION('',(0.E0,1.E0,0.E0));
#2901=DIRECTION('',(1.E0,0.E0,0.E0));
#2902=AXIS2_PLACEMENT_3D('',#2899,#2900,#2901);
#2903=PLANE('',#2902);
#2905=ORIENTED_EDGE('',*,*,#2904,.F.);
#2907=ORIENTED_EDGE('',*,*,#2906,.F.);
#2909=ORIENTED_EDGE('',*,*,#2908,.F.);
#2911=ORIENTED_EDGE('',*,*,#2910,.T.);
#2913=ORIENTED_EDGE('',*,*,#2912,.F.);
#2914=EDGE_LOOP('',(#2905,#2907,#2909,#2911,#2913));
#2915=FACE_OUTER_BOUND('',#2914,.F.);
#2916=ADVANCED_FACE('',(#2915),#2903,.T.);
#2917=FILL_AREA_STYLE_COLOUR('',#8);
#2918=FILL_AREA_STYLE('',(#2917));
#2919=SURFACE_STYLE_FILL_AREA(#2918);
#2920=SURFACE_SIDE_STYLE('',(#2919));
#2921=SURFACE_STYLE_USAGE(.POSITIVE.,#2920);
#2922=PRESENTATION_STYLE_ASSIGNMENT((#2921));
#2923=STYLED_ITEM('',(#2922),#2916);
#2924=CARTESIAN_POINT('',(0.E0,1.025E0,0.E0));
#2925=DIRECTION('',(0.E0,1.E0,0.E0));
#2926=DIRECTION('',(1.E0,0.E0,0.E0));
#2927=AXIS2_PLACEMENT_3D('',#2924,#2925,#2926);
#2928=PLANE('',#2927);
#2930=ORIENTED_EDGE('',*,*,#2929,.F.);
#2932=ORIENTED_EDGE('',*,*,#2931,.F.);
#2934=ORIENTED_EDGE('',*,*,#2933,.F.);
#2936=ORIENTED_EDGE('',*,*,#2935,.F.);
#2937=EDGE_LOOP('',(#2930,#2932,#2934,#2936));
#2938=FACE_OUTER_BOUND('',#2937,.F.);
#2939=ADVANCED_FACE('',(#2938),#2928,.T.);
#2940=FILL_AREA_STYLE_COLOUR('',#8);
#2941=FILL_AREA_STYLE('',(#2940));
#2942=SURFACE_STYLE_FILL_AREA(#2941);
#2943=SURFACE_SIDE_STYLE('',(#2942));
#2944=SURFACE_STYLE_USAGE(.POSITIVE.,#2943);
#2945=PRESENTATION_STYLE_ASSIGNMENT((#2944));
#2946=STYLED_ITEM('',(#2945),#2939);
#2947=CARTESIAN_POINT('',(0.E0,1.025E0,0.E0));
#2948=DIRECTION('',(0.E0,1.E0,0.E0));
#2949=DIRECTION('',(1.E0,0.E0,0.E0));
#2950=AXIS2_PLACEMENT_3D('',#2947,#2948,#2949);
#2951=PLANE('',#2950);
#2953=ORIENTED_EDGE('',*,*,#2952,.T.);
#2955=ORIENTED_EDGE('',*,*,#2954,.F.);
#2957=ORIENTED_EDGE('',*,*,#2956,.F.);
#2959=ORIENTED_EDGE('',*,*,#2958,.F.);
#2960=EDGE_LOOP('',(#2953,#2955,#2957,#2959));
#2961=FACE_OUTER_BOUND('',#2960,.F.);
#2962=ADVANCED_FACE('',(#2961),#2951,.T.);
#2963=FILL_AREA_STYLE_COLOUR('',#8);
#2964=FILL_AREA_STYLE('',(#2963));
#2965=SURFACE_STYLE_FILL_AREA(#2964);
#2966=SURFACE_SIDE_STYLE('',(#2965));
#2967=SURFACE_STYLE_USAGE(.POSITIVE.,#2966);
#2968=PRESENTATION_STYLE_ASSIGNMENT((#2967));
#2969=STYLED_ITEM('',(#2968),#2962);
#2970=CARTESIAN_POINT('',(-1.7E0,1.525E0,9.436874325286E-1));
#2971=DIRECTION('',(1.E0,0.E0,0.E0));
#2972=DIRECTION('',(0.E0,0.E0,-1.E0));
#2973=AXIS2_PLACEMENT_3D('',#2970,#2971,#2972);
#2974=PLANE('',#2973);
#2975=ORIENTED_EDGE('',*,*,#2565,.F.);
#2977=ORIENTED_EDGE('',*,*,#2976,.T.);
#2979=ORIENTED_EDGE('',*,*,#2978,.T.);
#2980=ORIENTED_EDGE('',*,*,#2832,.T.);
#2981=EDGE_LOOP('',(#2975,#2977,#2979,#2980));
#2982=FACE_OUTER_BOUND('',#2981,.F.);
#2983=ADVANCED_FACE('',(#2982),#2974,.F.);
#2984=FILL_AREA_STYLE_COLOUR('',#8);
#2985=FILL_AREA_STYLE('',(#2984));
#2986=SURFACE_STYLE_FILL_AREA(#2985);
#2987=SURFACE_SIDE_STYLE('',(#2986));
#2988=SURFACE_STYLE_USAGE(.POSITIVE.,#2987);
#2989=PRESENTATION_STYLE_ASSIGNMENT((#2988));
#2990=STYLED_ITEM('',(#2989),#2983);
#2991=CARTESIAN_POINT('',(3.1E0,1.525E0,0.E0));
#2992=DIRECTION('',(0.E0,1.E0,0.E0));
#2993=DIRECTION('',(-1.E0,0.E0,0.E0));
#2994=AXIS2_PLACEMENT_3D('',#2991,#2992,#2993);
#2995=PLANE('',#2994);
#2997=ORIENTED_EDGE('',*,*,#2996,.F.);
#2999=ORIENTED_EDGE('',*,*,#2998,.F.);
#3001=ORIENTED_EDGE('',*,*,#3000,.T.);
#3002=ORIENTED_EDGE('',*,*,#2976,.F.);
#3003=ORIENTED_EDGE('',*,*,#2563,.F.);
#3005=ORIENTED_EDGE('',*,*,#3004,.T.);
#3007=ORIENTED_EDGE('',*,*,#3006,.T.);
#3009=ORIENTED_EDGE('',*,*,#3008,.T.);
#3011=ORIENTED_EDGE('',*,*,#3010,.F.);
#3013=ORIENTED_EDGE('',*,*,#3012,.F.);
#3015=ORIENTED_EDGE('',*,*,#3014,.T.);
#3017=ORIENTED_EDGE('',*,*,#3016,.T.);
#3018=EDGE_LOOP('',(#2997,#2999,#3001,#3002,#3003,#3005,#3007,#3009,#3011,#3013,
#3015,#3017));
#3019=FACE_OUTER_BOUND('',#3018,.F.);
#3020=ADVANCED_FACE('',(#3019),#2995,.T.);
#3021=FILL_AREA_STYLE_COLOUR('',#8);
#3022=FILL_AREA_STYLE('',(#3021));
#3023=SURFACE_STYLE_FILL_AREA(#3022);
#3024=SURFACE_SIDE_STYLE('',(#3023));
#3025=SURFACE_STYLE_USAGE(.POSITIVE.,#3024);
#3026=PRESENTATION_STYLE_ASSIGNMENT((#3025));
#3027=STYLED_ITEM('',(#3026),#3020);
#3028=CARTESIAN_POINT('',(3.1E0,1.525E0,0.E0));
#3029=DIRECTION('',(0.E0,1.E0,0.E0));
#3030=DIRECTION('',(-1.E0,0.E0,0.E0));
#3031=AXIS2_PLACEMENT_3D('',#3028,#3029,#3030);
#3032=PLANE('',#3031);
#3034=ORIENTED_EDGE('',*,*,#3033,.T.);
#3036=ORIENTED_EDGE('',*,*,#3035,.F.);
#3038=ORIENTED_EDGE('',*,*,#3037,.T.);
#3040=ORIENTED_EDGE('',*,*,#3039,.T.);
#3042=ORIENTED_EDGE('',*,*,#3041,.F.);
#3044=ORIENTED_EDGE('',*,*,#3043,.T.);
#3046=ORIENTED_EDGE('',*,*,#3045,.F.);
#3047=ORIENTED_EDGE('',*,*,#2555,.F.);
#3049=ORIENTED_EDGE('',*,*,#3048,.T.);
#3051=ORIENTED_EDGE('',*,*,#3050,.F.);
#3053=ORIENTED_EDGE('',*,*,#3052,.T.);
#3055=ORIENTED_EDGE('',*,*,#3054,.T.);
#3056=EDGE_LOOP('',(#3034,#3036,#3038,#3040,#3042,#3044,#3046,#3047,#3049,#3051,
#3053,#3055));
#3057=FACE_OUTER_BOUND('',#3056,.F.);
#3058=ADVANCED_FACE('',(#3057),#3032,.T.);
#3059=FILL_AREA_STYLE_COLOUR('',#8);
#3060=FILL_AREA_STYLE('',(#3059));
#3061=SURFACE_STYLE_FILL_AREA(#3060);
#3062=SURFACE_SIDE_STYLE('',(#3061));
#3063=SURFACE_STYLE_USAGE(.POSITIVE.,#3062);
#3064=PRESENTATION_STYLE_ASSIGNMENT((#3063));
#3065=STYLED_ITEM('',(#3064),#3058);
#3066=CARTESIAN_POINT('',(-1.7E0,1.525E0,1.5E0));
#3067=DIRECTION('',(0.E0,0.E0,-1.E0));
#3068=DIRECTION('',(-1.E0,0.E0,0.E0));
#3069=AXIS2_PLACEMENT_3D('',#3066,#3067,#3068);
#3070=PLANE('',#3069);
#3072=ORIENTED_EDGE('',*,*,#3071,.F.);
#3073=ORIENTED_EDGE('',*,*,#2996,.T.);
#3075=ORIENTED_EDGE('',*,*,#3074,.T.);
#3076=ORIENTED_EDGE('',*,*,#2931,.T.);
#3077=EDGE_LOOP('',(#3072,#3073,#3075,#3076));
#3078=FACE_OUTER_BOUND('',#3077,.F.);
#3079=ADVANCED_FACE('',(#3078),#3070,.F.);
#3080=FILL_AREA_STYLE_COLOUR('',#8);
#3081=FILL_AREA_STYLE('',(#3080));
#3082=SURFACE_STYLE_FILL_AREA(#3081);
#3083=SURFACE_SIDE_STYLE('',(#3082));
#3084=SURFACE_STYLE_USAGE(.POSITIVE.,#3083);
#3085=PRESENTATION_STYLE_ASSIGNMENT((#3084));
#3086=STYLED_ITEM('',(#3085),#3079);
#3087=CARTESIAN_POINT('',(-3.1E0,1.525E0,0.E0));
#3088=DIRECTION('',(-1.E0,0.E0,0.E0));
#3089=DIRECTION('',(0.E0,-1.E0,0.E0));
#3090=AXIS2_PLACEMENT_3D('',#3087,#3088,#3089);
#3091=PLANE('',#3090);
#3092=ORIENTED_EDGE('',*,*,#2836,.T.);
#3094=ORIENTED_EDGE('',*,*,#3093,.F.);
#3095=ORIENTED_EDGE('',*,*,#2998,.T.);
#3096=ORIENTED_EDGE('',*,*,#3071,.T.);
#3097=ORIENTED_EDGE('',*,*,#2929,.T.);
#3099=ORIENTED_EDGE('',*,*,#3098,.F.);
#3100=ORIENTED_EDGE('',*,*,#3012,.T.);
#3102=ORIENTED_EDGE('',*,*,#3101,.T.);
#3103=ORIENTED_EDGE('',*,*,#2883,.T.);
#3105=ORIENTED_EDGE('',*,*,#3104,.T.);
#3107=ORIENTED_EDGE('',*,*,#3106,.F.);
#3109=ORIENTED_EDGE('',*,*,#3108,.T.);
#3110=EDGE_LOOP('',(#3092,#3094,#3095,#3096,#3097,#3099,#3100,#3102,#3103,#3105,
#3107,#3109));
#3111=FACE_OUTER_BOUND('',#3110,.F.);
#3112=ADVANCED_FACE('',(#3111),#3091,.T.);
#3113=FILL_AREA_STYLE_COLOUR('',#8);
#3114=FILL_AREA_STYLE('',(#3113));
#3115=SURFACE_STYLE_FILL_AREA(#3114);
#3116=SURFACE_SIDE_STYLE('',(#3115));
#3117=SURFACE_STYLE_USAGE(.POSITIVE.,#3116);
#3118=PRESENTATION_STYLE_ASSIGNMENT((#3117));
#3119=STYLED_ITEM('',(#3118),#3112);
#3120=CARTESIAN_POINT('',(-3.1E0,1.525E0,9.436874325286E-1));
#3121=DIRECTION('',(0.E0,0.E0,1.E0));
#3122=DIRECTION('',(1.E0,0.E0,0.E0));
#3123=AXIS2_PLACEMENT_3D('',#3120,#3121,#3122);
#3124=PLANE('',#3123);
#3125=ORIENTED_EDGE('',*,*,#3093,.T.);
#3126=ORIENTED_EDGE('',*,*,#2834,.T.);
#3127=ORIENTED_EDGE('',*,*,#2978,.F.);
#3128=ORIENTED_EDGE('',*,*,#3000,.F.);
#3129=EDGE_LOOP('',(#3125,#3126,#3127,#3128));
#3130=FACE_OUTER_BOUND('',#3129,.F.);
#3131=ADVANCED_FACE('',(#3130),#3124,.F.);
#3132=FILL_AREA_STYLE_COLOUR('',#8);
#3133=FILL_AREA_STYLE('',(#3132));
#3134=SURFACE_STYLE_FILL_AREA(#3133);
#3135=SURFACE_SIDE_STYLE('',(#3134));
#3136=SURFACE_STYLE_USAGE(.POSITIVE.,#3135);
#3137=PRESENTATION_STYLE_ASSIGNMENT((#3136));
#3138=STYLED_ITEM('',(#3137),#3131);
#3139=CARTESIAN_POINT('',(-3.1E0,1.525E0,4.5E0));
#3140=DIRECTION('',(0.E0,0.E0,1.E0));
#3141=DIRECTION('',(1.E0,0.E0,0.E0));
#3142=AXIS2_PLACEMENT_3D('',#3139,#3140,#3141);
#3143=PLANE('',#3142);
#3144=ORIENTED_EDGE('',*,*,#3098,.T.);
#3145=ORIENTED_EDGE('',*,*,#2935,.T.);
#3147=ORIENTED_EDGE('',*,*,#3146,.F.);
#3148=ORIENTED_EDGE('',*,*,#3014,.F.);
#3149=EDGE_LOOP('',(#3144,#3145,#3147,#3148));
#3150=FACE_OUTER_BOUND('',#3149,.F.);
#3151=ADVANCED_FACE('',(#3150),#3143,.F.);
#3152=FILL_AREA_STYLE_COLOUR('',#8);
#3153=FILL_AREA_STYLE('',(#3152));
#3154=SURFACE_STYLE_FILL_AREA(#3153);
#3155=SURFACE_SIDE_STYLE('',(#3154));
#3156=SURFACE_STYLE_USAGE(.POSITIVE.,#3155);
#3157=PRESENTATION_STYLE_ASSIGNMENT((#3156));
#3158=STYLED_ITEM('',(#3157),#3151);
#3159=CARTESIAN_POINT('',(-1.7E0,1.525E0,4.5E0));
#3160=DIRECTION('',(1.E0,0.E0,0.E0));
#3161=DIRECTION('',(0.E0,0.E0,-1.E0));
#3162=AXIS2_PLACEMENT_3D('',#3159,#3160,#3161);
#3163=PLANE('',#3162);
#3164=ORIENTED_EDGE('',*,*,#3016,.F.);
#3165=ORIENTED_EDGE('',*,*,#3146,.T.);
#3166=ORIENTED_EDGE('',*,*,#2933,.T.);
#3167=ORIENTED_EDGE('',*,*,#3074,.F.);
#3168=EDGE_LOOP('',(#3164,#3165,#3166,#3167));
#3169=FACE_OUTER_BOUND('',#3168,.F.);
#3170=ADVANCED_FACE('',(#3169),#3163,.F.);
#3171=FILL_AREA_STYLE_COLOUR('',#8);
#3172=FILL_AREA_STYLE('',(#3171));
#3173=SURFACE_STYLE_FILL_AREA(#3172);
#3174=SURFACE_SIDE_STYLE('',(#3173));
#3175=SURFACE_STYLE_USAGE(.POSITIVE.,#3174);
#3176=PRESENTATION_STYLE_ASSIGNMENT((#3175));
#3177=STYLED_ITEM('',(#3176),#3170);
#3178=CARTESIAN_POINT('',(-1.7E0,1.525E0,5.056312567471E0));
#3179=DIRECTION('',(0.E0,0.E0,-1.E0));
#3180=DIRECTION('',(-1.E0,0.E0,0.E0));
#3181=AXIS2_PLACEMENT_3D('',#3178,#3179,#3180);
#3182=PLANE('',#3181);
#3183=ORIENTED_EDGE('',*,*,#3101,.F.);
#3184=ORIENTED_EDGE('',*,*,#3010,.T.);
#3186=ORIENTED_EDGE('',*,*,#3185,.T.);
#3187=ORIENTED_EDGE('',*,*,#2885,.T.);
#3188=EDGE_LOOP('',(#3183,#3184,#3186,#3187));
#3189=FACE_OUTER_BOUND('',#3188,.F.);
#3190=ADVANCED_FACE('',(#3189),#3182,.F.);
#3191=FILL_AREA_STYLE_COLOUR('',#8);
#3192=FILL_AREA_STYLE('',(#3191));
#3193=SURFACE_STYLE_FILL_AREA(#3192);
#3194=SURFACE_SIDE_STYLE('',(#3193));
#3195=SURFACE_STYLE_USAGE(.POSITIVE.,#3194);
#3196=PRESENTATION_STYLE_ASSIGNMENT((#3195));
#3197=STYLED_ITEM('',(#3196),#3190);
#3198=CARTESIAN_POINT('',(-1.7E0,1.525E0,6.E0));
#3199=DIRECTION('',(1.E0,0.E0,0.E0));
#3200=DIRECTION('',(0.E0,0.E0,-1.E0));
#3201=AXIS2_PLACEMENT_3D('',#3198,#3199,#3200);
#3202=PLANE('',#3201);
#3204=ORIENTED_EDGE('',*,*,#3203,.T.);
#3205=ORIENTED_EDGE('',*,*,#2887,.T.);
#3206=ORIENTED_EDGE('',*,*,#3185,.F.);
#3207=ORIENTED_EDGE('',*,*,#3008,.F.);
#3208=EDGE_LOOP('',(#3204,#3205,#3206,#3207));
#3209=FACE_OUTER_BOUND('',#3208,.F.);
#3210=ADVANCED_FACE('',(#3209),#3202,.F.);
#3211=FILL_AREA_STYLE_COLOUR('',#8);
#3212=FILL_AREA_STYLE('',(#3211));
#3213=SURFACE_STYLE_FILL_AREA(#3212);
#3214=SURFACE_SIDE_STYLE('',(#3213));
#3215=SURFACE_STYLE_USAGE(.POSITIVE.,#3214);
#3216=PRESENTATION_STYLE_ASSIGNMENT((#3215));
#3217=STYLED_ITEM('',(#3216),#3210);
#3218=CARTESIAN_POINT('',(0.E0,0.E0,6.E0));
#3219=DIRECTION('',(0.E0,0.E0,1.E0));
#3220=DIRECTION('',(1.E0,0.E0,0.E0));
#3221=AXIS2_PLACEMENT_3D('',#3218,#3219,#3220);
#3222=PLANE('',#3221);
#3223=ORIENTED_EDGE('',*,*,#2879,.T.);
#3224=ORIENTED_EDGE('',*,*,#3203,.F.);
#3225=ORIENTED_EDGE('',*,*,#3006,.F.);
#3227=ORIENTED_EDGE('',*,*,#3226,.T.);
#3229=ORIENTED_EDGE('',*,*,#3228,.T.);
#3231=ORIENTED_EDGE('',*,*,#3230,.F.);
#3232=ORIENTED_EDGE('',*,*,#3043,.F.);
#3234=ORIENTED_EDGE('',*,*,#3233,.T.);
#3235=ORIENTED_EDGE('',*,*,#2904,.T.);
#3237=ORIENTED_EDGE('',*,*,#3236,.F.);
#3239=ORIENTED_EDGE('',*,*,#3238,.F.);
#3241=ORIENTED_EDGE('',*,*,#3240,.F.);
#3242=EDGE_LOOP('',(#3223,#3224,#3225,#3227,#3229,#3231,#3232,#3234,#3235,#3237,
#3239,#3241));
#3243=FACE_OUTER_BOUND('',#3242,.F.);
#3244=ADVANCED_FACE('',(#3243),#3222,.T.);
#3245=FILL_AREA_STYLE_COLOUR('',#8);
#3246=FILL_AREA_STYLE('',(#3245));
#3247=SURFACE_STYLE_FILL_AREA(#3246);
#3248=SURFACE_SIDE_STYLE('',(#3247));
#3249=SURFACE_STYLE_USAGE(.POSITIVE.,#3248);
#3250=PRESENTATION_STYLE_ASSIGNMENT((#3249));
#3251=STYLED_ITEM('',(#3250),#3244);
#3252=CARTESIAN_POINT('',(-1.1E0,1.525E0,6.E0));
#3253=DIRECTION('',(-1.E0,0.E0,0.E0));
#3254=DIRECTION('',(0.E0,-1.E0,0.E0));
#3255=AXIS2_PLACEMENT_3D('',#3252,#3253,#3254);
#3256=PLANE('',#3255);
#3257=ORIENTED_EDGE('',*,*,#2561,.T.);
#3259=ORIENTED_EDGE('',*,*,#3258,.F.);
#3260=ORIENTED_EDGE('',*,*,#3226,.F.);
#3261=ORIENTED_EDGE('',*,*,#3004,.F.);
#3262=EDGE_LOOP('',(#3257,#3259,#3260,#3261));
#3263=FACE_OUTER_BOUND('',#3262,.F.);
#3264=ADVANCED_FACE('',(#3263),#3256,.F.);
#3265=FILL_AREA_STYLE_COLOUR('',#8);
#3266=FILL_AREA_STYLE('',(#3265));
#3267=SURFACE_STYLE_FILL_AREA(#3266);
#3268=SURFACE_SIDE_STYLE('',(#3267));
#3269=SURFACE_STYLE_USAGE(.POSITIVE.,#3268);
#3270=PRESENTATION_STYLE_ASSIGNMENT((#3269));
#3271=STYLED_ITEM('',(#3270),#3264);
#3272=CARTESIAN_POINT('',(-1.1E0,1.025E0,6.E0));
#3273=DIRECTION('',(0.E0,-1.E0,0.E0));
#3274=DIRECTION('',(1.E0,0.E0,0.E0));
#3275=AXIS2_PLACEMENT_3D('',#3272,#3273,#3274);
#3276=PLANE('',#3275);
#3277=ORIENTED_EDGE('',*,*,#2559,.T.);
#3279=ORIENTED_EDGE('',*,*,#3278,.F.);
#3280=ORIENTED_EDGE('',*,*,#3228,.F.);
#3281=ORIENTED_EDGE('',*,*,#3258,.T.);
#3282=EDGE_LOOP('',(#3277,#3279,#3280,#3281));
#3283=FACE_OUTER_BOUND('',#3282,.F.);
#3285=ORIENTED_EDGE('',*,*,#3284,.T.);
#3287=ORIENTED_EDGE('',*,*,#3286,.T.);
#3289=ORIENTED_EDGE('',*,*,#3288,.T.);
#3291=ORIENTED_EDGE('',*,*,#3290,.T.);
#3292=EDGE_LOOP('',(#3285,#3287,#3289,#3291));
#3293=FACE_BOUND('',#3292,.F.);
#3295=ORIENTED_EDGE('',*,*,#3294,.T.);
#3297=ORIENTED_EDGE('',*,*,#3296,.T.);
#3299=ORIENTED_EDGE('',*,*,#3298,.T.);
#3301=ORIENTED_EDGE('',*,*,#3300,.T.);
#3302=EDGE_LOOP('',(#3295,#3297,#3299,#3301));
#3303=FACE_BOUND('',#3302,.F.);
#3305=ORIENTED_EDGE('',*,*,#3304,.T.);
#3307=ORIENTED_EDGE('',*,*,#3306,.T.);
#3309=ORIENTED_EDGE('',*,*,#3308,.T.);
#3311=ORIENTED_EDGE('',*,*,#3310,.T.);
#3312=EDGE_LOOP('',(#3305,#3307,#3309,#3311));
#3313=FACE_BOUND('',#3312,.F.);
#3314=ADVANCED_FACE('',(#3283,#3293,#3303,#3313),#3276,.F.);
#3315=FILL_AREA_STYLE_COLOUR('',#8);
#3316=FILL_AREA_STYLE('',(#3315));
#3317=SURFACE_STYLE_FILL_AREA(#3316);
#3318=SURFACE_SIDE_STYLE('',(#3317));
#3319=SURFACE_STYLE_USAGE(.POSITIVE.,#3318);
#3320=PRESENTATION_STYLE_ASSIGNMENT((#3319));
#3321=STYLED_ITEM('',(#3320),#3314);
#3322=CARTESIAN_POINT('',(1.1E0,1.025E0,6.E0));
#3323=DIRECTION('',(1.E0,0.E0,0.E0));
#3324=DIRECTION('',(0.E0,1.E0,0.E0));
#3325=AXIS2_PLACEMENT_3D('',#3322,#3323,#3324);
#3326=PLANE('',#3325);
#3327=ORIENTED_EDGE('',*,*,#2557,.F.);
#3328=ORIENTED_EDGE('',*,*,#3045,.T.);
#3329=ORIENTED_EDGE('',*,*,#3230,.T.);
#3330=ORIENTED_EDGE('',*,*,#3278,.T.);
#3331=EDGE_LOOP('',(#3327,#3328,#3329,#3330));
#3332=FACE_OUTER_BOUND('',#3331,.F.);
#3333=ADVANCED_FACE('',(#3332),#3326,.F.);
#3334=FILL_AREA_STYLE_COLOUR('',#8);
#3335=FILL_AREA_STYLE('',(#3334));
#3336=SURFACE_STYLE_FILL_AREA(#3335);
#3337=SURFACE_SIDE_STYLE('',(#3336));
#3338=SURFACE_STYLE_USAGE(.POSITIVE.,#3337);
#3339=PRESENTATION_STYLE_ASSIGNMENT((#3338));
#3340=STYLED_ITEM('',(#3339),#3333);
#3341=CARTESIAN_POINT('',(-9.127836851222E-1,1.025E0,2.506241408281E0));
#3342=DIRECTION('',(-1.E0,0.E0,0.E0));
#3343=DIRECTION('',(0.E0,0.E0,1.E0));
#3344=AXIS2_PLACEMENT_3D('',#3341,#3342,#3343);
#3345=PLANE('',#3344);
#3346=ORIENTED_EDGE('',*,*,#3284,.F.);
#3348=ORIENTED_EDGE('',*,*,#3347,.T.);
#3350=ORIENTED_EDGE('',*,*,#3349,.T.);
#3352=ORIENTED_EDGE('',*,*,#3351,.F.);
#3353=EDGE_LOOP('',(#3346,#3348,#3350,#3352));
#3354=FACE_OUTER_BOUND('',#3353,.F.);
#3355=ADVANCED_FACE('',(#3354),#3345,.F.);
#3356=FILL_AREA_STYLE_COLOUR('',#8);
#3357=FILL_AREA_STYLE('',(#3356));
#3358=SURFACE_STYLE_FILL_AREA(#3357);
#3359=SURFACE_SIDE_STYLE('',(#3358));
#3360=SURFACE_STYLE_USAGE(.POSITIVE.,#3359);
#3361=PRESENTATION_STYLE_ASSIGNMENT((#3360));
#3362=STYLED_ITEM('',(#3361),#3355);
#3363=CARTESIAN_POINT('',(9.127836851222E-1,1.025E0,2.506241408281E0));
#3364=DIRECTION('',(0.E0,0.E0,-1.E0));
#3365=DIRECTION('',(-1.E0,0.E0,0.E0));
#3366=AXIS2_PLACEMENT_3D('',#3363,#3364,#3365);
#3367=PLANE('',#3366);
#3368=ORIENTED_EDGE('',*,*,#3290,.F.);
#3370=ORIENTED_EDGE('',*,*,#3369,.T.);
#3372=ORIENTED_EDGE('',*,*,#3371,.T.);
#3373=ORIENTED_EDGE('',*,*,#3347,.F.);
#3374=EDGE_LOOP('',(#3368,#3370,#3372,#3373));
#3375=FACE_OUTER_BOUND('',#3374,.F.);
#3376=ADVANCED_FACE('',(#3375),#3367,.F.);
#3377=FILL_AREA_STYLE_COLOUR('',#8);
#3378=FILL_AREA_STYLE('',(#3377));
#3379=SURFACE_STYLE_FILL_AREA(#3378);
#3380=SURFACE_SIDE_STYLE('',(#3379));
#3381=SURFACE_STYLE_USAGE(.POSITIVE.,#3380);
#3382=PRESENTATION_STYLE_ASSIGNMENT((#3381));
#3383=STYLED_ITEM('',(#3382),#3376);
#3384=CARTESIAN_POINT('',(9.127836851222E-1,1.025E0,3.493758591719E0));
#3385=DIRECTION('',(1.E0,0.E0,0.E0));
#3386=DIRECTION('',(0.E0,0.E0,-1.E0));
#3387=AXIS2_PLACEMENT_3D('',#3384,#3385,#3386);
#3388=PLANE('',#3387);
#3389=ORIENTED_EDGE('',*,*,#3288,.F.);
#3391=ORIENTED_EDGE('',*,*,#3390,.T.);
#3393=ORIENTED_EDGE('',*,*,#3392,.T.);
#3394=ORIENTED_EDGE('',*,*,#3369,.F.);
#3395=EDGE_LOOP('',(#3389,#3391,#3393,#3394));
#3396=FACE_OUTER_BOUND('',#3395,.F.);
#3397=ADVANCED_FACE('',(#3396),#3388,.F.);
#3398=FILL_AREA_STYLE_COLOUR('',#8);
#3399=FILL_AREA_STYLE('',(#3398));
#3400=SURFACE_STYLE_FILL_AREA(#3399);
#3401=SURFACE_SIDE_STYLE('',(#3400));
#3402=SURFACE_STYLE_USAGE(.POSITIVE.,#3401);
#3403=PRESENTATION_STYLE_ASSIGNMENT((#3402));
#3404=STYLED_ITEM('',(#3403),#3397);
#3405=CARTESIAN_POINT('',(-9.127836851222E-1,1.025E0,3.493758591719E0));
#3406=DIRECTION('',(0.E0,0.E0,1.E0));
#3407=DIRECTION('',(1.E0,0.E0,0.E0));
#3408=AXIS2_PLACEMENT_3D('',#3405,#3406,#3407);
#3409=PLANE('',#3408);
#3410=ORIENTED_EDGE('',*,*,#3286,.F.);
#3411=ORIENTED_EDGE('',*,*,#3351,.T.);
#3413=ORIENTED_EDGE('',*,*,#3412,.T.);
#3414=ORIENTED_EDGE('',*,*,#3390,.F.);
#3415=EDGE_LOOP('',(#3410,#3411,#3413,#3414));
#3416=FACE_OUTER_BOUND('',#3415,.F.);
#3417=ADVANCED_FACE('',(#3416),#3409,.F.);
#3418=FILL_AREA_STYLE_COLOUR('',#8);
#3419=FILL_AREA_STYLE('',(#3418));
#3420=SURFACE_STYLE_FILL_AREA(#3419);
#3421=SURFACE_SIDE_STYLE('',(#3420));
#3422=SURFACE_STYLE_USAGE(.POSITIVE.,#3421);
#3423=PRESENTATION_STYLE_ASSIGNMENT((#3422));
#3424=STYLED_ITEM('',(#3423),#3417);
#3425=CARTESIAN_POINT('',(0.E0,7.25E-1,6.E0));
#3426=DIRECTION('',(0.E0,1.E0,0.E0));
#3427=DIRECTION('',(1.E0,0.E0,0.E0));
#3428=AXIS2_PLACEMENT_3D('',#3425,#3426,#3427);
#3429=PLANE('',#3428);
#3430=ORIENTED_EDGE('',*,*,#3349,.F.);
#3431=ORIENTED_EDGE('',*,*,#3371,.F.);
#3432=ORIENTED_EDGE('',*,*,#3392,.F.);
#3433=ORIENTED_EDGE('',*,*,#3412,.F.);
#3434=EDGE_LOOP('',(#3430,#3431,#3432,#3433));
#3435=FACE_OUTER_BOUND('',#3434,.F.);
#3436=ADVANCED_FACE('',(#3435),#3429,.T.);
#3437=FILL_AREA_STYLE_COLOUR('',#8);
#3438=FILL_AREA_STYLE('',(#3437));
#3439=SURFACE_STYLE_FILL_AREA(#3438);
#3440=SURFACE_SIDE_STYLE('',(#3439));
#3441=SURFACE_STYLE_USAGE(.POSITIVE.,#3440);
#3442=PRESENTATION_STYLE_ASSIGNMENT((#3441));
#3443=STYLED_ITEM('',(#3442),#3436);
#3444=CARTESIAN_POINT('',(0.E0,7.25E-1,6.E0));
#3445=DIRECTION('',(0.E0,1.E0,0.E0));
#3446=DIRECTION('',(1.E0,0.E0,0.E0));
#3447=AXIS2_PLACEMENT_3D('',#3444,#3445,#3446);
#3448=PLANE('',#3447);
#3450=ORIENTED_EDGE('',*,*,#3449,.F.);
#3452=ORIENTED_EDGE('',*,*,#3451,.F.);
#3454=ORIENTED_EDGE('',*,*,#3453,.F.);
#3456=ORIENTED_EDGE('',*,*,#3455,.F.);
#3457=EDGE_LOOP('',(#3450,#3452,#3454,#3456));
#3458=FACE_OUTER_BOUND('',#3457,.F.);
#3459=ADVANCED_FACE('',(#3458),#3448,.T.);
#3460=FILL_AREA_STYLE_COLOUR('',#8);
#3461=FILL_AREA_STYLE('',(#3460));
#3462=SURFACE_STYLE_FILL_AREA(#3461);
#3463=SURFACE_SIDE_STYLE('',(#3462));
#3464=SURFACE_STYLE_USAGE(.POSITIVE.,#3463);
#3465=PRESENTATION_STYLE_ASSIGNMENT((#3464));
#3466=STYLED_ITEM('',(#3465),#3459);
#3467=CARTESIAN_POINT('',(0.E0,7.25E-1,6.E0));
#3468=DIRECTION('',(0.E0,1.E0,0.E0));
#3469=DIRECTION('',(1.E0,0.E0,0.E0));
#3470=AXIS2_PLACEMENT_3D('',#3467,#3468,#3469);
#3471=PLANE('',#3470);
#3473=ORIENTED_EDGE('',*,*,#3472,.F.);
#3475=ORIENTED_EDGE('',*,*,#3474,.F.);
#3477=ORIENTED_EDGE('',*,*,#3476,.F.);
#3479=ORIENTED_EDGE('',*,*,#3478,.F.);
#3480=EDGE_LOOP('',(#3473,#3475,#3477,#3479));
#3481=FACE_OUTER_BOUND('',#3480,.F.);
#3482=ADVANCED_FACE('',(#3481),#3471,.T.);
#3483=FILL_AREA_STYLE_COLOUR('',#8);
#3484=FILL_AREA_STYLE('',(#3483));
#3485=SURFACE_STYLE_FILL_AREA(#3484);
#3486=SURFACE_SIDE_STYLE('',(#3485));
#3487=SURFACE_STYLE_USAGE(.POSITIVE.,#3486);
#3488=PRESENTATION_STYLE_ASSIGNMENT((#3487));
#3489=STYLED_ITEM('',(#3488),#3482);
#3490=CARTESIAN_POINT('',(-9.127836851222E-1,1.025E0,5.001568710277E-1));
#3491=DIRECTION('',(-1.E0,0.E0,0.E0));
#3492=DIRECTION('',(0.E0,0.E0,1.E0));
#3493=AXIS2_PLACEMENT_3D('',#3490,#3491,#3492);
#3494=PLANE('',#3493);
#3495=ORIENTED_EDGE('',*,*,#3294,.F.);
#3497=ORIENTED_EDGE('',*,*,#3496,.T.);
#3498=ORIENTED_EDGE('',*,*,#3449,.T.);
#3500=ORIENTED_EDGE('',*,*,#3499,.F.);
#3501=EDGE_LOOP('',(#3495,#3497,#3498,#3500));
#3502=FACE_OUTER_BOUND('',#3501,.F.);
#3503=ADVANCED_FACE('',(#3502),#3494,.F.);
#3504=FILL_AREA_STYLE_COLOUR('',#8);
#3505=FILL_AREA_STYLE('',(#3504));
#3506=SURFACE_STYLE_FILL_AREA(#3505);
#3507=SURFACE_SIDE_STYLE('',(#3506));
#3508=SURFACE_STYLE_USAGE(.POSITIVE.,#3507);
#3509=PRESENTATION_STYLE_ASSIGNMENT((#3508));
#3510=STYLED_ITEM('',(#3509),#3503);
#3511=CARTESIAN_POINT('',(9.127836851222E-1,1.025E0,5.001568710277E-1));
#3512=DIRECTION('',(0.E0,0.E0,-1.E0));
#3513=DIRECTION('',(-1.E0,0.E0,0.E0));
#3514=AXIS2_PLACEMENT_3D('',#3511,#3512,#3513);
#3515=PLANE('',#3514);
#3516=ORIENTED_EDGE('',*,*,#3300,.F.);
#3518=ORIENTED_EDGE('',*,*,#3517,.T.);
#3519=ORIENTED_EDGE('',*,*,#3451,.T.);
#3520=ORIENTED_EDGE('',*,*,#3496,.F.);
#3521=EDGE_LOOP('',(#3516,#3518,#3519,#3520));
#3522=FACE_OUTER_BOUND('',#3521,.F.);
#3523=ADVANCED_FACE('',(#3522),#3515,.F.);
#3524=FILL_AREA_STYLE_COLOUR('',#8);
#3525=FILL_AREA_STYLE('',(#3524));
#3526=SURFACE_STYLE_FILL_AREA(#3525);
#3527=SURFACE_SIDE_STYLE('',(#3526));
#3528=SURFACE_STYLE_USAGE(.POSITIVE.,#3527);
#3529=PRESENTATION_STYLE_ASSIGNMENT((#3528));
#3530=STYLED_ITEM('',(#3529),#3523);
#3531=CARTESIAN_POINT('',(9.127836851222E-1,1.025E0,1.487674054465E0));
#3532=DIRECTION('',(1.E0,0.E0,0.E0));
#3533=DIRECTION('',(0.E0,0.E0,-1.E0));
#3534=AXIS2_PLACEMENT_3D('',#3531,#3532,#3533);
#3535=PLANE('',#3534);
#3536=ORIENTED_EDGE('',*,*,#3298,.F.);
#3538=ORIENTED_EDGE('',*,*,#3537,.T.);
#3539=ORIENTED_EDGE('',*,*,#3453,.T.);
#3540=ORIENTED_EDGE('',*,*,#3517,.F.);
#3541=EDGE_LOOP('',(#3536,#3538,#3539,#3540));
#3542=FACE_OUTER_BOUND('',#3541,.F.);
#3543=ADVANCED_FACE('',(#3542),#3535,.F.);
#3544=FILL_AREA_STYLE_COLOUR('',#8);
#3545=FILL_AREA_STYLE('',(#3544));
#3546=SURFACE_STYLE_FILL_AREA(#3545);
#3547=SURFACE_SIDE_STYLE('',(#3546));
#3548=SURFACE_STYLE_USAGE(.POSITIVE.,#3547);
#3549=PRESENTATION_STYLE_ASSIGNMENT((#3548));
#3550=STYLED_ITEM('',(#3549),#3543);
#3551=CARTESIAN_POINT('',(-9.127836851222E-1,1.025E0,1.487674054465E0));
#3552=DIRECTION('',(0.E0,0.E0,1.E0));
#3553=DIRECTION('',(1.E0,0.E0,0.E0));
#3554=AXIS2_PLACEMENT_3D('',#3551,#3552,#3553);
#3555=PLANE('',#3554);
#3556=ORIENTED_EDGE('',*,*,#3296,.F.);
#3557=ORIENTED_EDGE('',*,*,#3499,.T.);
#3558=ORIENTED_EDGE('',*,*,#3455,.T.);
#3559=ORIENTED_EDGE('',*,*,#3537,.F.);
#3560=EDGE_LOOP('',(#3556,#3557,#3558,#3559));
#3561=FACE_OUTER_BOUND('',#3560,.F.);
#3562=ADVANCED_FACE('',(#3561),#3555,.F.);
#3563=FILL_AREA_STYLE_COLOUR('',#8);
#3564=FILL_AREA_STYLE('',(#3563));
#3565=SURFACE_STYLE_FILL_AREA(#3564);
#3566=SURFACE_SIDE_STYLE('',(#3565));
#3567=SURFACE_STYLE_USAGE(.POSITIVE.,#3566);
#3568=PRESENTATION_STYLE_ASSIGNMENT((#3567));
#3569=STYLED_ITEM('',(#3568),#3562);
#3570=CARTESIAN_POINT('',(-9.127836851222E-1,1.025E0,5.499843128972E0));
#3571=DIRECTION('',(0.E0,0.E0,1.E0));
#3572=DIRECTION('',(1.E0,0.E0,0.E0));
#3573=AXIS2_PLACEMENT_3D('',#3570,#3571,#3572);
#3574=PLANE('',#3573);
#3575=ORIENTED_EDGE('',*,*,#3304,.F.);
#3577=ORIENTED_EDGE('',*,*,#3576,.T.);
#3578=ORIENTED_EDGE('',*,*,#3472,.T.);
#3580=ORIENTED_EDGE('',*,*,#3579,.F.);
#3581=EDGE_LOOP('',(#3575,#3577,#3578,#3580));
#3582=FACE_OUTER_BOUND('',#3581,.F.);
#3583=ADVANCED_FACE('',(#3582),#3574,.F.);
#3584=FILL_AREA_STYLE_COLOUR('',#8);
#3585=FILL_AREA_STYLE('',(#3584));
#3586=SURFACE_STYLE_FILL_AREA(#3585);
#3587=SURFACE_SIDE_STYLE('',(#3586));
#3588=SURFACE_STYLE_USAGE(.POSITIVE.,#3587);
#3589=PRESENTATION_STYLE_ASSIGNMENT((#3588));
#3590=STYLED_ITEM('',(#3589),#3583);
#3591=CARTESIAN_POINT('',(-9.127836851222E-1,1.025E0,4.512325945535E0));
#3592=DIRECTION('',(-1.E0,0.E0,0.E0));
#3593=DIRECTION('',(0.E0,0.E0,1.E0));
#3594=AXIS2_PLACEMENT_3D('',#3591,#3592,#3593);
#3595=PLANE('',#3594);
#3596=ORIENTED_EDGE('',*,*,#3310,.F.);
#3598=ORIENTED_EDGE('',*,*,#3597,.T.);
#3599=ORIENTED_EDGE('',*,*,#3474,.T.);
#3600=ORIENTED_EDGE('',*,*,#3576,.F.);
#3601=EDGE_LOOP('',(#3596,#3598,#3599,#3600));
#3602=FACE_OUTER_BOUND('',#3601,.F.);
#3603=ADVANCED_FACE('',(#3602),#3595,.F.);
#3604=FILL_AREA_STYLE_COLOUR('',#8);
#3605=FILL_AREA_STYLE('',(#3604));
#3606=SURFACE_STYLE_FILL_AREA(#3605);
#3607=SURFACE_SIDE_STYLE('',(#3606));
#3608=SURFACE_STYLE_USAGE(.POSITIVE.,#3607);
#3609=PRESENTATION_STYLE_ASSIGNMENT((#3608));
#3610=STYLED_ITEM('',(#3609),#3603);
#3611=CARTESIAN_POINT('',(9.127836851222E-1,1.025E0,4.512325945535E0));
#3612=DIRECTION('',(0.E0,0.E0,-1.E0));
#3613=DIRECTION('',(-1.E0,0.E0,0.E0));
#3614=AXIS2_PLACEMENT_3D('',#3611,#3612,#3613);
#3615=PLANE('',#3614);
#3616=ORIENTED_EDGE('',*,*,#3308,.F.);
#3618=ORIENTED_EDGE('',*,*,#3617,.T.);
#3619=ORIENTED_EDGE('',*,*,#3476,.T.);
#3620=ORIENTED_EDGE('',*,*,#3597,.F.);
#3621=EDGE_LOOP('',(#3616,#3618,#3619,#3620));
#3622=FACE_OUTER_BOUND('',#3621,.F.);
#3623=ADVANCED_FACE('',(#3622),#3615,.F.);
#3624=FILL_AREA_STYLE_COLOUR('',#8);
#3625=FILL_AREA_STYLE('',(#3624));
#3626=SURFACE_STYLE_FILL_AREA(#3625);
#3627=SURFACE_SIDE_STYLE('',(#3626));
#3628=SURFACE_STYLE_USAGE(.POSITIVE.,#3627);
#3629=PRESENTATION_STYLE_ASSIGNMENT((#3628));
#3630=STYLED_ITEM('',(#3629),#3623);
#3631=CARTESIAN_POINT('',(9.127836851222E-1,1.025E0,5.499843128972E0));
#3632=DIRECTION('',(1.E0,0.E0,0.E0));
#3633=DIRECTION('',(0.E0,0.E0,-1.E0));
#3634=AXIS2_PLACEMENT_3D('',#3631,#3632,#3633);
#3635=PLANE('',#3634);
#3636=ORIENTED_EDGE('',*,*,#3306,.F.);
#3637=ORIENTED_EDGE('',*,*,#3579,.T.);
#3638=ORIENTED_EDGE('',*,*,#3478,.T.);
#3639=ORIENTED_EDGE('',*,*,#3617,.F.);
#3640=EDGE_LOOP('',(#3636,#3637,#3638,#3639));
#3641=FACE_OUTER_BOUND('',#3640,.F.);
#3642=ADVANCED_FACE('',(#3641),#3635,.F.);
#3643=FILL_AREA_STYLE_COLOUR('',#8);
#3644=FILL_AREA_STYLE('',(#3643));
#3645=SURFACE_STYLE_FILL_AREA(#3644);
#3646=SURFACE_SIDE_STYLE('',(#3645));
#3647=SURFACE_STYLE_USAGE(.POSITIVE.,#3646);
#3648=PRESENTATION_STYLE_ASSIGNMENT((#3647));
#3649=STYLED_ITEM('',(#3648),#3642);
#3650=CARTESIAN_POINT('',(1.7E0,1.525E0,5.056312567471E0));
#3651=DIRECTION('',(-1.E0,0.E0,0.E0));
#3652=DIRECTION('',(0.E0,0.E0,1.E0));
#3653=AXIS2_PLACEMENT_3D('',#3650,#3651,#3652);
#3654=PLANE('',#3653);
#3655=ORIENTED_EDGE('',*,*,#3233,.F.);
#3656=ORIENTED_EDGE('',*,*,#3041,.T.);
#3658=ORIENTED_EDGE('',*,*,#3657,.T.);
#3659=ORIENTED_EDGE('',*,*,#2906,.T.);
#3660=EDGE_LOOP('',(#3655,#3656,#3658,#3659));
#3661=FACE_OUTER_BOUND('',#3660,.F.);
#3662=ADVANCED_FACE('',(#3661),#3654,.F.);
#3663=FILL_AREA_STYLE_COLOUR('',#8);
#3664=FILL_AREA_STYLE('',(#3663));
#3665=SURFACE_STYLE_FILL_AREA(#3664);
#3666=SURFACE_SIDE_STYLE('',(#3665));
#3667=SURFACE_STYLE_USAGE(.POSITIVE.,#3666);
#3668=PRESENTATION_STYLE_ASSIGNMENT((#3667));
#3669=STYLED_ITEM('',(#3668),#3662);
#3670=CARTESIAN_POINT('',(3.1E0,1.525E0,5.056312567471E0));
#3671=DIRECTION('',(0.E0,0.E0,-1.E0));
#3672=DIRECTION('',(-1.E0,0.E0,0.E0));
#3673=AXIS2_PLACEMENT_3D('',#3670,#3671,#3672);
#3674=PLANE('',#3673);
#3676=ORIENTED_EDGE('',*,*,#3675,.T.);
#3677=ORIENTED_EDGE('',*,*,#2908,.T.);
#3678=ORIENTED_EDGE('',*,*,#3657,.F.);
#3679=ORIENTED_EDGE('',*,*,#3039,.F.);
#3680=EDGE_LOOP('',(#3676,#3677,#3678,#3679));
#3681=FACE_OUTER_BOUND('',#3680,.F.);
#3682=ADVANCED_FACE('',(#3681),#3674,.F.);
#3683=FILL_AREA_STYLE_COLOUR('',#8);
#3684=FILL_AREA_STYLE('',(#3683));
#3685=SURFACE_STYLE_FILL_AREA(#3684);
#3686=SURFACE_SIDE_STYLE('',(#3685));
#3687=SURFACE_STYLE_USAGE(.POSITIVE.,#3686);
#3688=PRESENTATION_STYLE_ASSIGNMENT((#3687));
#3689=STYLED_ITEM('',(#3688),#3682);
#3690=CARTESIAN_POINT('',(3.1E0,-1.525E0,0.E0));
#3691=DIRECTION('',(1.E0,0.E0,0.E0));
#3692=DIRECTION('',(0.E0,1.E0,0.E0));
#3693=AXIS2_PLACEMENT_3D('',#3690,#3691,#3692);
#3694=PLANE('',#3693);
#3695=ORIENTED_EDGE('',*,*,#2858,.F.);
#3697=ORIENTED_EDGE('',*,*,#3696,.T.);
#3699=ORIENTED_EDGE('',*,*,#3698,.T.);
#3701=ORIENTED_EDGE('',*,*,#3700,.T.);
#3702=ORIENTED_EDGE('',*,*,#2910,.F.);
#3703=ORIENTED_EDGE('',*,*,#3675,.F.);
#3704=ORIENTED_EDGE('',*,*,#3037,.F.);
#3706=ORIENTED_EDGE('',*,*,#3705,.T.);
#3707=ORIENTED_EDGE('',*,*,#2952,.F.);
#3709=ORIENTED_EDGE('',*,*,#3708,.F.);
#3710=ORIENTED_EDGE('',*,*,#3052,.F.);
#3712=ORIENTED_EDGE('',*,*,#3711,.T.);
#3713=EDGE_LOOP('',(#3695,#3697,#3699,#3701,#3702,#3703,#3704,#3706,#3707,#3709,
#3710,#3712));
#3714=FACE_OUTER_BOUND('',#3713,.F.);
#3715=ADVANCED_FACE('',(#3714),#3694,.T.);
#3716=FILL_AREA_STYLE_COLOUR('',#8);
#3717=FILL_AREA_STYLE('',(#3716));
#3718=SURFACE_STYLE_FILL_AREA(#3717);
#3719=SURFACE_SIDE_STYLE('',(#3718));
#3720=SURFACE_STYLE_USAGE(.POSITIVE.,#3719);
#3721=PRESENTATION_STYLE_ASSIGNMENT((#3720));
#3722=STYLED_ITEM('',(#3721),#3715);
#3723=CARTESIAN_POINT('',(2.9E0,5.50098E0,2.E-1));
#3724=DIRECTION('',(0.E0,-1.E0,0.E0));
#3725=DIRECTION('',(0.E0,0.E0,-1.E0));
#3726=AXIS2_PLACEMENT_3D('',#3723,#3724,#3725);
#3727=CYLINDRICAL_SURFACE('',#3726,2.E-1);
#3728=ORIENTED_EDGE('',*,*,#2856,.F.);
#3729=ORIENTED_EDGE('',*,*,#2549,.T.);
#3731=ORIENTED_EDGE('',*,*,#3730,.T.);
#3732=ORIENTED_EDGE('',*,*,#3696,.F.);
#3733=EDGE_LOOP('',(#3728,#3729,#3731,#3732));
#3734=FACE_OUTER_BOUND('',#3733,.F.);
#3735=ADVANCED_FACE('',(#3734),#3727,.T.);
#3736=FILL_AREA_STYLE_COLOUR('',#8);
#3737=FILL_AREA_STYLE('',(#3736));
#3738=SURFACE_STYLE_FILL_AREA(#3737);
#3739=SURFACE_SIDE_STYLE('',(#3738));
#3740=SURFACE_STYLE_USAGE(.POSITIVE.,#3739);
#3741=PRESENTATION_STYLE_ASSIGNMENT((#3740));
#3742=STYLED_ITEM('',(#3741),#3735);
#3743=CARTESIAN_POINT('',(-3.1E0,-1.525E0,0.E0));
#3744=DIRECTION('',(0.E0,-1.E0,0.E0));
#3745=DIRECTION('',(1.E0,0.E0,0.E0));
#3746=AXIS2_PLACEMENT_3D('',#3743,#3744,#3745);
#3747=PLANE('',#3746);
#3749=ORIENTED_EDGE('',*,*,#3748,.F.);
#3750=ORIENTED_EDGE('',*,*,#3238,.T.);
#3752=ORIENTED_EDGE('',*,*,#3751,.F.);
#3753=ORIENTED_EDGE('',*,*,#3698,.F.);
#3754=ORIENTED_EDGE('',*,*,#3730,.F.);
#3755=ORIENTED_EDGE('',*,*,#2547,.F.);
#3757=ORIENTED_EDGE('',*,*,#3756,.F.);
#3758=ORIENTED_EDGE('',*,*,#3106,.T.);
#3759=EDGE_LOOP('',(#3749,#3750,#3752,#3753,#3754,#3755,#3757,#3758));
#3760=FACE_OUTER_BOUND('',#3759,.F.);
#3762=ORIENTED_EDGE('',*,*,#3761,.T.);
#3764=ORIENTED_EDGE('',*,*,#3763,.T.);
#3765=EDGE_LOOP('',(#3762,#3764));
#3766=FACE_BOUND('',#3765,.F.);
#3767=ADVANCED_FACE('',(#3760,#3766),#3747,.T.);
#3768=FILL_AREA_STYLE_COLOUR('',#8);
#3769=FILL_AREA_STYLE('',(#3768));
#3770=SURFACE_STYLE_FILL_AREA(#3769);
#3771=SURFACE_SIDE_STYLE('',(#3770));
#3772=SURFACE_STYLE_USAGE(.POSITIVE.,#3771);
#3773=PRESENTATION_STYLE_ASSIGNMENT((#3772));
#3774=STYLED_ITEM('',(#3773),#3767);
#3775=CARTESIAN_POINT('',(-2.9E0,5.50098E0,5.8E0));
#3776=DIRECTION('',(0.E0,-1.E0,0.E0));
#3777=DIRECTION('',(0.E0,0.E0,1.E0));
#3778=AXIS2_PLACEMENT_3D('',#3775,#3776,#3777);
#3779=CYLINDRICAL_SURFACE('',#3778,2.E-1);
#3780=ORIENTED_EDGE('',*,*,#2881,.F.);
#3781=ORIENTED_EDGE('',*,*,#3240,.T.);
#3782=ORIENTED_EDGE('',*,*,#3748,.T.);
#3783=ORIENTED_EDGE('',*,*,#3104,.F.);
#3784=EDGE_LOOP('',(#3780,#3781,#3782,#3783));
#3785=FACE_OUTER_BOUND('',#3784,.F.);
#3786=ADVANCED_FACE('',(#3785),#3779,.T.);
#3787=FILL_AREA_STYLE_COLOUR('',#8);
#3788=FILL_AREA_STYLE('',(#3787));
#3789=SURFACE_STYLE_FILL_AREA(#3788);
#3790=SURFACE_SIDE_STYLE('',(#3789));
#3791=SURFACE_STYLE_USAGE(.POSITIVE.,#3790);
#3792=PRESENTATION_STYLE_ASSIGNMENT((#3791));
#3793=STYLED_ITEM('',(#3792),#3786);
#3794=CARTESIAN_POINT('',(2.9E0,-5.50098E0,5.8E0));
#3795=DIRECTION('',(0.E0,1.E0,0.E0));
#3796=DIRECTION('',(0.E0,0.E0,1.E0));
#3797=AXIS2_PLACEMENT_3D('',#3794,#3795,#3796);
#3798=CYLINDRICAL_SURFACE('',#3797,2.E-1);
#3799=ORIENTED_EDGE('',*,*,#2912,.T.);
#3800=ORIENTED_EDGE('',*,*,#3700,.F.);
#3801=ORIENTED_EDGE('',*,*,#3751,.T.);
#3802=ORIENTED_EDGE('',*,*,#3236,.T.);
#3803=EDGE_LOOP('',(#3799,#3800,#3801,#3802));
#3804=FACE_OUTER_BOUND('',#3803,.F.);
#3805=ADVANCED_FACE('',(#3804),#3798,.T.);
#3806=FILL_AREA_STYLE_COLOUR('',#8);
#3807=FILL_AREA_STYLE('',(#3806));
#3808=SURFACE_STYLE_FILL_AREA(#3807);
#3809=SURFACE_SIDE_STYLE('',(#3808));
#3810=SURFACE_STYLE_USAGE(.POSITIVE.,#3809);
#3811=PRESENTATION_STYLE_ASSIGNMENT((#3810));
#3812=STYLED_ITEM('',(#3811),#3805);
#3813=CARTESIAN_POINT('',(-2.9E0,-5.50098E0,2.E-1));
#3814=DIRECTION('',(0.E0,1.E0,0.E0));
#3815=DIRECTION('',(0.E0,0.E0,-1.E0));
#3816=AXIS2_PLACEMENT_3D('',#3813,#3814,#3815);
#3817=CYLINDRICAL_SURFACE('',#3816,2.E-1);
#3818=ORIENTED_EDGE('',*,*,#2838,.T.);
#3819=ORIENTED_EDGE('',*,*,#3108,.F.);
#3820=ORIENTED_EDGE('',*,*,#3756,.T.);
#3821=ORIENTED_EDGE('',*,*,#2545,.T.);
#3822=EDGE_LOOP('',(#3818,#3819,#3820,#3821));
#3823=FACE_OUTER_BOUND('',#3822,.F.);
#3824=ADVANCED_FACE('',(#3823),#3817,.T.);
#3825=FILL_AREA_STYLE_COLOUR('',#8);
#3826=FILL_AREA_STYLE('',(#3825));
#3827=SURFACE_STYLE_FILL_AREA(#3826);
#3828=SURFACE_SIDE_STYLE('',(#3827));
#3829=SURFACE_STYLE_USAGE(.POSITIVE.,#3828);
#3830=PRESENTATION_STYLE_ASSIGNMENT((#3829));
#3831=STYLED_ITEM('',(#3830),#3824);
#3832=CARTESIAN_POINT('',(0.E0,-1.525E0,3.E0));
#3833=DIRECTION('',(0.E0,-1.E0,0.E0));
#3834=DIRECTION('',(1.E0,0.E0,0.E0));
#3835=AXIS2_PLACEMENT_3D('',#3832,#3833,#3834);
#3836=CYLINDRICAL_SURFACE('',#3835,1.6E0);
#3838=ORIENTED_EDGE('',*,*,#3837,.T.);
#3840=ORIENTED_EDGE('',*,*,#3839,.F.);
#3841=ORIENTED_EDGE('',*,*,#3761,.F.);
#3843=ORIENTED_EDGE('',*,*,#3842,.T.);
#3844=EDGE_LOOP('',(#3838,#3840,#3841,#3843));
#3845=FACE_OUTER_BOUND('',#3844,.F.);
#3846=ADVANCED_FACE('',(#3845),#3836,.T.);
#3847=FILL_AREA_STYLE_COLOUR('',#8);
#3848=FILL_AREA_STYLE('',(#3847));
#3849=SURFACE_STYLE_FILL_AREA(#3848);
#3850=SURFACE_SIDE_STYLE('',(#3849));
#3851=SURFACE_STYLE_USAGE(.POSITIVE.,#3850);
#3852=PRESENTATION_STYLE_ASSIGNMENT((#3851));
#3853=STYLED_ITEM('',(#3852),#3846);
#3854=CARTESIAN_POINT('',(0.E0,-5.275E0,3.E0));
#3855=DIRECTION('',(0.E0,-1.E0,0.E0));
#3856=DIRECTION('',(9.999429994543E-1,0.E0,-1.067697720855E-2));
#3857=AXIS2_PLACEMENT_3D('',#3854,#3855,#3856);
#3858=TOROIDAL_SURFACE('',#3857,1.4E0,2.E-1);
#3860=ORIENTED_EDGE('',*,*,#3859,.T.);
#3862=ORIENTED_EDGE('',*,*,#3861,.T.);
#3863=ORIENTED_EDGE('',*,*,#3837,.F.);
#3865=ORIENTED_EDGE('',*,*,#3864,.F.);
#3866=EDGE_LOOP('',(#3860,#3862,#3863,#3865));
#3867=FACE_OUTER_BOUND('',#3866,.F.);
#3868=ADVANCED_FACE('',(#3867),#3858,.T.);
#3869=FILL_AREA_STYLE_COLOUR('',#8);
#3870=FILL_AREA_STYLE('',(#3869));
#3871=SURFACE_STYLE_FILL_AREA(#3870);
#3872=SURFACE_SIDE_STYLE('',(#3871));
#3873=SURFACE_STYLE_USAGE(.POSITIVE.,#3872);
#3874=PRESENTATION_STYLE_ASSIGNMENT((#3873));
#3875=STYLED_ITEM('',(#3874),#3868);
#3876=CARTESIAN_POINT('',(0.E0,-5.475E0,0.E0));
#3877=DIRECTION('',(0.E0,-1.E0,0.E0));
#3878=DIRECTION('',(1.E0,0.E0,0.E0));
#3879=AXIS2_PLACEMENT_3D('',#3876,#3877,#3878);
#3880=PLANE('',#3879);
#3882=ORIENTED_EDGE('',*,*,#3881,.F.);
#3883=ORIENTED_EDGE('',*,*,#3859,.F.);
#3884=EDGE_LOOP('',(#3882,#3883));
#3885=FACE_OUTER_BOUND('',#3884,.F.);
#3886=ADVANCED_FACE('',(#3885),#3880,.T.);
#3887=FILL_AREA_STYLE_COLOUR('',#8);
#3888=FILL_AREA_STYLE('',(#3887));
#3889=SURFACE_STYLE_FILL_AREA(#3888);
#3890=SURFACE_SIDE_STYLE('',(#3889));
#3891=SURFACE_STYLE_USAGE(.POSITIVE.,#3890);
#3892=PRESENTATION_STYLE_ASSIGNMENT((#3891));
#3893=STYLED_ITEM('',(#3892),#3886);
#3894=CARTESIAN_POINT('',(0.E0,-5.275E0,3.E0));
#3895=DIRECTION('',(0.E0,-1.E0,0.E0));
#3896=DIRECTION('',(-9.999429994543E-1,0.E0,1.067697720856E-2));
#3897=AXIS2_PLACEMENT_3D('',#3894,#3895,#3896);
#3898=TOROIDAL_SURFACE('',#3897,1.4E0,2.E-1);
#3899=ORIENTED_EDGE('',*,*,#3881,.T.);
#3900=ORIENTED_EDGE('',*,*,#3864,.T.);
#3902=ORIENTED_EDGE('',*,*,#3901,.F.);
#3903=ORIENTED_EDGE('',*,*,#3861,.F.);
#3904=EDGE_LOOP('',(#3899,#3900,#3902,#3903));
#3905=FACE_OUTER_BOUND('',#3904,.F.);
#3906=ADVANCED_FACE('',(#3905),#3898,.T.);
#3907=FILL_AREA_STYLE_COLOUR('',#8);
#3908=FILL_AREA_STYLE('',(#3907));
#3909=SURFACE_STYLE_FILL_AREA(#3908);
#3910=SURFACE_SIDE_STYLE('',(#3909));
#3911=SURFACE_STYLE_USAGE(.POSITIVE.,#3910);
#3912=PRESENTATION_STYLE_ASSIGNMENT((#3911));
#3913=STYLED_ITEM('',(#3912),#3906);
#3914=CARTESIAN_POINT('',(0.E0,-1.525E0,3.E0));
#3915=DIRECTION('',(0.E0,-1.E0,0.E0));
#3916=DIRECTION('',(1.E0,0.E0,0.E0));
#3917=AXIS2_PLACEMENT_3D('',#3914,#3915,#3916);
#3918=CYLINDRICAL_SURFACE('',#3917,1.6E0);
#3919=ORIENTED_EDGE('',*,*,#3901,.T.);
#3920=ORIENTED_EDGE('',*,*,#3842,.F.);
#3921=ORIENTED_EDGE('',*,*,#3763,.F.);
#3922=ORIENTED_EDGE('',*,*,#3839,.T.);
#3923=EDGE_LOOP('',(#3919,#3920,#3921,#3922));
#3924=FACE_OUTER_BOUND('',#3923,.F.);
#3925=ADVANCED_FACE('',(#3924),#3918,.T.);
#3926=FILL_AREA_STYLE_COLOUR('',#8);
#3927=FILL_AREA_STYLE('',(#3926));
#3928=SURFACE_STYLE_FILL_AREA(#3927);
#3929=SURFACE_SIDE_STYLE('',(#3928));
#3930=SURFACE_STYLE_USAGE(.POSITIVE.,#3929);
#3931=PRESENTATION_STYLE_ASSIGNMENT((#3930));
#3932=STYLED_ITEM('',(#3931),#3925);
#3933=CARTESIAN_POINT('',(1.7E0,1.525E0,4.5E0));
#3934=DIRECTION('',(0.E0,0.E0,1.E0));
#3935=DIRECTION('',(1.E0,0.E0,0.E0));
#3936=AXIS2_PLACEMENT_3D('',#3933,#3934,#3935);
#3937=PLANE('',#3936);
#3938=ORIENTED_EDGE('',*,*,#3705,.F.);
#3939=ORIENTED_EDGE('',*,*,#3035,.T.);
#3941=ORIENTED_EDGE('',*,*,#3940,.T.);
#3942=ORIENTED_EDGE('',*,*,#2954,.T.);
#3943=EDGE_LOOP('',(#3938,#3939,#3941,#3942));
#3944=FACE_OUTER_BOUND('',#3943,.F.);
#3945=ADVANCED_FACE('',(#3944),#3937,.F.);
#3946=FILL_AREA_STYLE_COLOUR('',#8);
#3947=FILL_AREA_STYLE('',(#3946));
#3948=SURFACE_STYLE_FILL_AREA(#3947);
#3949=SURFACE_SIDE_STYLE('',(#3948));
#3950=SURFACE_STYLE_USAGE(.POSITIVE.,#3949);
#3951=PRESENTATION_STYLE_ASSIGNMENT((#3950));
#3952=STYLED_ITEM('',(#3951),#3945);
#3953=CARTESIAN_POINT('',(1.7E0,1.525E0,1.5E0));
#3954=DIRECTION('',(-1.E0,0.E0,0.E0));
#3955=DIRECTION('',(0.E0,0.E0,1.E0));
#3956=AXIS2_PLACEMENT_3D('',#3953,#3954,#3955);
#3957=PLANE('',#3956);
#3958=ORIENTED_EDGE('',*,*,#3033,.F.);
#3960=ORIENTED_EDGE('',*,*,#3959,.T.);
#3961=ORIENTED_EDGE('',*,*,#2956,.T.);
#3962=ORIENTED_EDGE('',*,*,#3940,.F.);
#3963=EDGE_LOOP('',(#3958,#3960,#3961,#3962));
#3964=FACE_OUTER_BOUND('',#3963,.F.);
#3965=ADVANCED_FACE('',(#3964),#3957,.F.);
#3966=FILL_AREA_STYLE_COLOUR('',#8);
#3967=FILL_AREA_STYLE('',(#3966));
#3968=SURFACE_STYLE_FILL_AREA(#3967);
#3969=SURFACE_SIDE_STYLE('',(#3968));
#3970=SURFACE_STYLE_USAGE(.POSITIVE.,#3969);
#3971=PRESENTATION_STYLE_ASSIGNMENT((#3970));
#3972=STYLED_ITEM('',(#3971),#3965);
#3973=CARTESIAN_POINT('',(3.1E0,1.525E0,1.5E0));
#3974=DIRECTION('',(0.E0,0.E0,-1.E0));
#3975=DIRECTION('',(-1.E0,0.E0,0.E0));
#3976=AXIS2_PLACEMENT_3D('',#3973,#3974,#3975);
#3977=PLANE('',#3976);
#3978=ORIENTED_EDGE('',*,*,#3708,.T.);
#3979=ORIENTED_EDGE('',*,*,#2958,.T.);
#3980=ORIENTED_EDGE('',*,*,#3959,.F.);
#3981=ORIENTED_EDGE('',*,*,#3054,.F.);
#3982=EDGE_LOOP('',(#3978,#3979,#3980,#3981));
#3983=FACE_OUTER_BOUND('',#3982,.F.);
#3984=ADVANCED_FACE('',(#3983),#3977,.F.);
#3985=FILL_AREA_STYLE_COLOUR('',#8);
#3986=FILL_AREA_STYLE('',(#3985));
#3987=SURFACE_STYLE_FILL_AREA(#3986);
#3988=SURFACE_SIDE_STYLE('',(#3987));
#3989=SURFACE_STYLE_USAGE(.POSITIVE.,#3988);
#3990=PRESENTATION_STYLE_ASSIGNMENT((#3989));
#3991=STYLED_ITEM('',(#3990),#3984);
#3992=CARTESIAN_POINT('',(1.7E0,1.525E0,9.436874325286E-1));
#3993=DIRECTION('',(0.E0,0.E0,1.E0));
#3994=DIRECTION('',(1.E0,0.E0,0.E0));
#3995=AXIS2_PLACEMENT_3D('',#3992,#3993,#3994);
#3996=PLANE('',#3995);
#3997=ORIENTED_EDGE('',*,*,#3711,.F.);
#3998=ORIENTED_EDGE('',*,*,#3050,.T.);
#4000=ORIENTED_EDGE('',*,*,#3999,.T.);
#4001=ORIENTED_EDGE('',*,*,#2860,.T.);
#4002=EDGE_LOOP('',(#3997,#3998,#4000,#4001));
#4003=FACE_OUTER_BOUND('',#4002,.F.);
#4004=ADVANCED_FACE('',(#4003),#3996,.F.);
#4005=FILL_AREA_STYLE_COLOUR('',#8);
#4006=FILL_AREA_STYLE('',(#4005));
#4007=SURFACE_STYLE_FILL_AREA(#4006);
#4008=SURFACE_SIDE_STYLE('',(#4007));
#4009=SURFACE_STYLE_USAGE(.POSITIVE.,#4008);
#4010=PRESENTATION_STYLE_ASSIGNMENT((#4009));
#4011=STYLED_ITEM('',(#4010),#4004);
#4012=CARTESIAN_POINT('',(1.7E0,1.525E0,0.E0));
#4013=DIRECTION('',(-1.E0,0.E0,0.E0));
#4014=DIRECTION('',(0.E0,0.E0,1.E0));
#4015=AXIS2_PLACEMENT_3D('',#4012,#4013,#4014);
#4016=PLANE('',#4015);
#4017=ORIENTED_EDGE('',*,*,#2553,.T.);
#4018=ORIENTED_EDGE('',*,*,#2862,.T.);
#4019=ORIENTED_EDGE('',*,*,#3999,.F.);
#4020=ORIENTED_EDGE('',*,*,#3048,.F.);
#4021=EDGE_LOOP('',(#4017,#4018,#4019,#4020));
#4022=FACE_OUTER_BOUND('',#4021,.F.);
#4023=ADVANCED_FACE('',(#4022),#4016,.F.);
#4024=FILL_AREA_STYLE_COLOUR('',#8);
#4025=FILL_AREA_STYLE('',(#4024));
#4026=SURFACE_STYLE_FILL_AREA(#4025);
#4027=SURFACE_SIDE_STYLE('',(#4026));
#4028=SURFACE_STYLE_USAGE(.POSITIVE.,#4027);
#4029=PRESENTATION_STYLE_ASSIGNMENT((#4028));
#4030=STYLED_ITEM('',(#4029),#4023);
#4031=CARTESIAN_POINT('',(0.E0,5.25E-1,0.E0));
#4032=DIRECTION('',(0.E0,-1.E0,0.E0));
#4033=DIRECTION('',(1.E0,0.E0,0.E0));
#4034=AXIS2_PLACEMENT_3D('',#4031,#4032,#4033);
#4035=PLANE('',#4034);
#4036=ORIENTED_EDGE('',*,*,#2569,.F.);
#4038=ORIENTED_EDGE('',*,*,#4037,.T.);
#4040=ORIENTED_EDGE('',*,*,#4039,.T.);
#4042=ORIENTED_EDGE('',*,*,#4041,.T.);
#4044=ORIENTED_EDGE('',*,*,#4043,.T.);
#4046=ORIENTED_EDGE('',*,*,#4045,.T.);
#4047=EDGE_LOOP('',(#4036,#4038,#4040,#4042,#4044,#4046));
#4048=FACE_OUTER_BOUND('',#4047,.F.);
#4049=ADVANCED_FACE('',(#4048),#4035,.F.);
#4050=FILL_AREA_STYLE_COLOUR('',#22);
#4051=FILL_AREA_STYLE('',(#4050));
#4052=SURFACE_STYLE_FILL_AREA(#4051);
#4053=SURFACE_SIDE_STYLE('',(#4052));
#4054=SURFACE_STYLE_USAGE(.POSITIVE.,#4053);
#4055=PRESENTATION_STYLE_ASSIGNMENT((#4054));
#4056=STYLED_ITEM('',(#4055),#4049);
#4057=CARTESIAN_POINT('',(0.E0,5.25E-1,0.E0));
#4058=DIRECTION('',(0.E0,-1.E0,0.E0));
#4059=DIRECTION('',(1.E0,0.E0,0.E0));
#4060=AXIS2_PLACEMENT_3D('',#4057,#4058,#4059);
#4061=PLANE('',#4060);
#4062=ORIENTED_EDGE('',*,*,#2579,.F.);
#4064=ORIENTED_EDGE('',*,*,#4063,.T.);
#4066=ORIENTED_EDGE('',*,*,#4065,.T.);
#4068=ORIENTED_EDGE('',*,*,#4067,.T.);
#4070=ORIENTED_EDGE('',*,*,#4069,.T.);
#4072=ORIENTED_EDGE('',*,*,#4071,.T.);
#4073=EDGE_LOOP('',(#4062,#4064,#4066,#4068,#4070,#4072));
#4074=FACE_OUTER_BOUND('',#4073,.F.);
#4075=ADVANCED_FACE('',(#4074),#4061,.F.);
#4076=FILL_AREA_STYLE_COLOUR('',#22);
#4077=FILL_AREA_STYLE('',(#4076));
#4078=SURFACE_STYLE_FILL_AREA(#4077);
#4079=SURFACE_SIDE_STYLE('',(#4078));
#4080=SURFACE_STYLE_USAGE(.POSITIVE.,#4079);
#4081=PRESENTATION_STYLE_ASSIGNMENT((#4080));
#4082=STYLED_ITEM('',(#4081),#4075);
#4083=CARTESIAN_POINT('',(-2.6E0,5.25E-1,0.E0));
#4084=DIRECTION('',(-1.E0,0.E0,0.E0));
#4085=DIRECTION('',(0.E0,0.E0,-1.E0));
#4086=AXIS2_PLACEMENT_3D('',#4083,#4084,#4085);
#4087=PLANE('',#4086);
#4088=ORIENTED_EDGE('',*,*,#2575,.T.);
#4090=ORIENTED_EDGE('',*,*,#4089,.T.);
#4092=ORIENTED_EDGE('',*,*,#4091,.F.);
#4093=ORIENTED_EDGE('',*,*,#4037,.F.);
#4094=EDGE_LOOP('',(#4088,#4090,#4092,#4093));
#4095=FACE_OUTER_BOUND('',#4094,.F.);
#4096=ADVANCED_FACE('',(#4095),#4087,.T.);
#4097=FILL_AREA_STYLE_COLOUR('',#22);
#4098=FILL_AREA_STYLE('',(#4097));
#4099=SURFACE_STYLE_FILL_AREA(#4098);
#4100=SURFACE_SIDE_STYLE('',(#4099));
#4101=SURFACE_STYLE_USAGE(.POSITIVE.,#4100);
#4102=PRESENTATION_STYLE_ASSIGNMENT((#4101));
#4103=STYLED_ITEM('',(#4102),#4096);
#4104=CARTESIAN_POINT('',(0.E0,2.25E-1,0.E0));
#4105=DIRECTION('',(0.E0,-1.E0,0.E0));
#4106=DIRECTION('',(1.E0,0.E0,0.E0));
#4107=AXIS2_PLACEMENT_3D('',#4104,#4105,#4106);
#4108=PLANE('',#4107);
#4109=ORIENTED_EDGE('',*,*,#2573,.T.);
#4111=ORIENTED_EDGE('',*,*,#4110,.F.);
#4113=ORIENTED_EDGE('',*,*,#4112,.F.);
#4115=ORIENTED_EDGE('',*,*,#4114,.F.);
#4117=ORIENTED_EDGE('',*,*,#4116,.F.);
#4118=ORIENTED_EDGE('',*,*,#4089,.F.);
#4119=EDGE_LOOP('',(#4109,#4111,#4113,#4115,#4117,#4118));
#4120=FACE_OUTER_BOUND('',#4119,.F.);
#4121=ADVANCED_FACE('',(#4120),#4108,.T.);
#4122=FILL_AREA_STYLE_COLOUR('',#22);
#4123=FILL_AREA_STYLE('',(#4122));
#4124=SURFACE_STYLE_FILL_AREA(#4123);
#4125=SURFACE_SIDE_STYLE('',(#4124));
#4126=SURFACE_STYLE_USAGE(.POSITIVE.,#4125);
#4127=PRESENTATION_STYLE_ASSIGNMENT((#4126));
#4128=STYLED_ITEM('',(#4127),#4121);
#4129=CARTESIAN_POINT('',(0.E0,2.25E-1,0.E0));
#4130=DIRECTION('',(0.E0,-1.E0,0.E0));
#4131=DIRECTION('',(1.E0,0.E0,0.E0));
#4132=AXIS2_PLACEMENT_3D('',#4129,#4130,#4131);
#4133=PLANE('',#4132);
#4134=ORIENTED_EDGE('',*,*,#2583,.T.);
#4136=ORIENTED_EDGE('',*,*,#4135,.F.);
#4138=ORIENTED_EDGE('',*,*,#4137,.F.);
#4140=ORIENTED_EDGE('',*,*,#4139,.F.);
#4142=ORIENTED_EDGE('',*,*,#4141,.F.);
#4144=ORIENTED_EDGE('',*,*,#4143,.F.);
#4145=EDGE_LOOP('',(#4134,#4136,#4138,#4140,#4142,#4144));
#4146=FACE_OUTER_BOUND('',#4145,.F.);
#4147=ADVANCED_FACE('',(#4146),#4133,.T.);
#4148=FILL_AREA_STYLE_COLOUR('',#22);
#4149=FILL_AREA_STYLE('',(#4148));
#4150=SURFACE_STYLE_FILL_AREA(#4149);
#4151=SURFACE_SIDE_STYLE('',(#4150));
#4152=SURFACE_STYLE_USAGE(.POSITIVE.,#4151);
#4153=PRESENTATION_STYLE_ASSIGNMENT((#4152));
#4154=STYLED_ITEM('',(#4153),#4147);
#4155=CARTESIAN_POINT('',(-1.9E0,5.25E-1,-4.211493422733E0));
#4156=DIRECTION('',(1.E0,0.E0,0.E0));
#4157=DIRECTION('',(0.E0,0.E0,1.E0));
#4158=AXIS2_PLACEMENT_3D('',#4155,#4156,#4157);
#4159=PLANE('',#4158);
#4160=ORIENTED_EDGE('',*,*,#2571,.F.);
#4161=ORIENTED_EDGE('',*,*,#4045,.F.);
#4163=ORIENTED_EDGE('',*,*,#4162,.T.);
#4164=ORIENTED_EDGE('',*,*,#4110,.T.);
#4165=EDGE_LOOP('',(#4160,#4161,#4163,#4164));
#4166=FACE_OUTER_BOUND('',#4165,.F.);
#4167=ADVANCED_FACE('',(#4166),#4159,.T.);
#4168=FILL_AREA_STYLE_COLOUR('',#22);
#4169=FILL_AREA_STYLE('',(#4168));
#4170=SURFACE_STYLE_FILL_AREA(#4169);
#4171=SURFACE_SIDE_STYLE('',(#4170));
#4172=SURFACE_STYLE_USAGE(.POSITIVE.,#4171);
#4173=PRESENTATION_STYLE_ASSIGNMENT((#4172));
#4174=STYLED_ITEM('',(#4173),#4167);
#4175=CARTESIAN_POINT('',(-2.075E0,5.25E-1,-4.7E0));
#4176=DIRECTION('',(9.414159024707E-1,0.E0,-3.372478296080E-1));
#4177=DIRECTION('',(3.372478296080E-1,0.E0,9.414159024707E-1));
#4178=AXIS2_PLACEMENT_3D('',#4175,#4176,#4177);
#4179=PLANE('',#4178);
#4180=ORIENTED_EDGE('',*,*,#4043,.F.);
#4182=ORIENTED_EDGE('',*,*,#4181,.T.);
#4183=ORIENTED_EDGE('',*,*,#4112,.T.);
#4184=ORIENTED_EDGE('',*,*,#4162,.F.);
#4185=EDGE_LOOP('',(#4180,#4182,#4183,#4184));
#4186=FACE_OUTER_BOUND('',#4185,.F.);
#4187=ADVANCED_FACE('',(#4186),#4179,.T.);
#4188=FILL_AREA_STYLE_COLOUR('',#22);
#4189=FILL_AREA_STYLE('',(#4188));
#4190=SURFACE_STYLE_FILL_AREA(#4189);
#4191=SURFACE_SIDE_STYLE('',(#4190));
#4192=SURFACE_STYLE_USAGE(.POSITIVE.,#4191);
#4193=PRESENTATION_STYLE_ASSIGNMENT((#4192));
#4194=STYLED_ITEM('',(#4193),#4187);
#4195=CARTESIAN_POINT('',(-2.425E0,5.25E-1,-4.7E0));
#4196=DIRECTION('',(0.E0,0.E0,-1.E0));
#4197=DIRECTION('',(1.E0,0.E0,0.E0));
#4198=AXIS2_PLACEMENT_3D('',#4195,#4196,#4197);
#4199=PLANE('',#4198);
#4200=ORIENTED_EDGE('',*,*,#4041,.F.);
#4202=ORIENTED_EDGE('',*,*,#4201,.T.);
#4203=ORIENTED_EDGE('',*,*,#4114,.T.);
#4204=ORIENTED_EDGE('',*,*,#4181,.F.);
#4205=EDGE_LOOP('',(#4200,#4202,#4203,#4204));
#4206=FACE_OUTER_BOUND('',#4205,.F.);
#4207=ADVANCED_FACE('',(#4206),#4199,.T.);
#4208=FILL_AREA_STYLE_COLOUR('',#22);
#4209=FILL_AREA_STYLE('',(#4208));
#4210=SURFACE_STYLE_FILL_AREA(#4209);
#4211=SURFACE_SIDE_STYLE('',(#4210));
#4212=SURFACE_STYLE_USAGE(.POSITIVE.,#4211);
#4213=PRESENTATION_STYLE_ASSIGNMENT((#4212));
#4214=STYLED_ITEM('',(#4213),#4207);
#4215=CARTESIAN_POINT('',(-2.6E0,5.25E-1,-4.211493422733E0));
#4216=DIRECTION('',(-9.414159024707E-1,0.E0,-3.372478296080E-1));
#4217=DIRECTION('',(3.372478296080E-1,0.E0,-9.414159024707E-1));
#4218=AXIS2_PLACEMENT_3D('',#4215,#4216,#4217);
#4219=PLANE('',#4218);
#4220=ORIENTED_EDGE('',*,*,#4039,.F.);
#4221=ORIENTED_EDGE('',*,*,#4091,.T.);
#4222=ORIENTED_EDGE('',*,*,#4116,.T.);
#4223=ORIENTED_EDGE('',*,*,#4201,.F.);
#4224=EDGE_LOOP('',(#4220,#4221,#4222,#4223));
#4225=FACE_OUTER_BOUND('',#4224,.F.);
#4226=ADVANCED_FACE('',(#4225),#4219,.T.);
#4227=FILL_AREA_STYLE_COLOUR('',#22);
#4228=FILL_AREA_STYLE('',(#4227));
#4229=SURFACE_STYLE_FILL_AREA(#4228);
#4230=SURFACE_SIDE_STYLE('',(#4229));
#4231=SURFACE_STYLE_USAGE(.POSITIVE.,#4230);
#4232=PRESENTATION_STYLE_ASSIGNMENT((#4231));
#4233=STYLED_ITEM('',(#4232),#4226);
#4234=CARTESIAN_POINT('',(2.6E0,5.25E-1,-4.211493422733E0));
#4235=DIRECTION('',(1.E0,0.E0,0.E0));
#4236=DIRECTION('',(0.E0,0.E0,1.E0));
#4237=AXIS2_PLACEMENT_3D('',#4234,#4235,#4236);
#4238=PLANE('',#4237);
#4239=ORIENTED_EDGE('',*,*,#2581,.F.);
#4240=ORIENTED_EDGE('',*,*,#4071,.F.);
#4242=ORIENTED_EDGE('',*,*,#4241,.T.);
#4243=ORIENTED_EDGE('',*,*,#4135,.T.);
#4244=EDGE_LOOP('',(#4239,#4240,#4242,#4243));
#4245=FACE_OUTER_BOUND('',#4244,.F.);
#4246=ADVANCED_FACE('',(#4245),#4238,.T.);
#4247=FILL_AREA_STYLE_COLOUR('',#22);
#4248=FILL_AREA_STYLE('',(#4247));
#4249=SURFACE_STYLE_FILL_AREA(#4248);
#4250=SURFACE_SIDE_STYLE('',(#4249));
#4251=SURFACE_STYLE_USAGE(.POSITIVE.,#4250);
#4252=PRESENTATION_STYLE_ASSIGNMENT((#4251));
#4253=STYLED_ITEM('',(#4252),#4246);
#4254=CARTESIAN_POINT('',(2.425E0,5.25E-1,-4.7E0));
#4255=DIRECTION('',(9.414159024707E-1,0.E0,-3.372478296080E-1));
#4256=DIRECTION('',(3.372478296080E-1,0.E0,9.414159024707E-1));
#4257=AXIS2_PLACEMENT_3D('',#4254,#4255,#4256);
#4258=PLANE('',#4257);
#4259=ORIENTED_EDGE('',*,*,#4069,.F.);
#4261=ORIENTED_EDGE('',*,*,#4260,.T.);
#4262=ORIENTED_EDGE('',*,*,#4137,.T.);
#4263=ORIENTED_EDGE('',*,*,#4241,.F.);
#4264=EDGE_LOOP('',(#4259,#4261,#4262,#4263));
#4265=FACE_OUTER_BOUND('',#4264,.F.);
#4266=ADVANCED_FACE('',(#4265),#4258,.T.);
#4267=FILL_AREA_STYLE_COLOUR('',#22);
#4268=FILL_AREA_STYLE('',(#4267));
#4269=SURFACE_STYLE_FILL_AREA(#4268);
#4270=SURFACE_SIDE_STYLE('',(#4269));
#4271=SURFACE_STYLE_USAGE(.POSITIVE.,#4270);
#4272=PRESENTATION_STYLE_ASSIGNMENT((#4271));
#4273=STYLED_ITEM('',(#4272),#4266);
#4274=CARTESIAN_POINT('',(2.075E0,5.25E-1,-4.7E0));
#4275=DIRECTION('',(0.E0,0.E0,-1.E0));
#4276=DIRECTION('',(1.E0,0.E0,0.E0));
#4277=AXIS2_PLACEMENT_3D('',#4274,#4275,#4276);
#4278=PLANE('',#4277);
#4279=ORIENTED_EDGE('',*,*,#4067,.F.);
#4281=ORIENTED_EDGE('',*,*,#4280,.T.);
#4282=ORIENTED_EDGE('',*,*,#4139,.T.);
#4283=ORIENTED_EDGE('',*,*,#4260,.F.);
#4284=EDGE_LOOP('',(#4279,#4281,#4282,#4283));
#4285=FACE_OUTER_BOUND('',#4284,.F.);
#4286=ADVANCED_FACE('',(#4285),#4278,.T.);
#4287=FILL_AREA_STYLE_COLOUR('',#22);
#4288=FILL_AREA_STYLE('',(#4287));
#4289=SURFACE_STYLE_FILL_AREA(#4288);
#4290=SURFACE_SIDE_STYLE('',(#4289));
#4291=SURFACE_STYLE_USAGE(.POSITIVE.,#4290);
#4292=PRESENTATION_STYLE_ASSIGNMENT((#4291));
#4293=STYLED_ITEM('',(#4292),#4286);
#4294=CARTESIAN_POINT('',(1.9E0,5.25E-1,-4.211493422733E0));
#4295=DIRECTION('',(-9.414159024707E-1,0.E0,-3.372478296080E-1));
#4296=DIRECTION('',(3.372478296080E-1,0.E0,-9.414159024707E-1));
#4297=AXIS2_PLACEMENT_3D('',#4294,#4295,#4296);
#4298=PLANE('',#4297);
#4299=ORIENTED_EDGE('',*,*,#4065,.F.);
#4301=ORIENTED_EDGE('',*,*,#4300,.T.);
#4302=ORIENTED_EDGE('',*,*,#4141,.T.);
#4303=ORIENTED_EDGE('',*,*,#4280,.F.);
#4304=EDGE_LOOP('',(#4299,#4301,#4302,#4303));
#4305=FACE_OUTER_BOUND('',#4304,.F.);
#4306=ADVANCED_FACE('',(#4305),#4298,.T.);
#4307=FILL_AREA_STYLE_COLOUR('',#22);
#4308=FILL_AREA_STYLE('',(#4307));
#4309=SURFACE_STYLE_FILL_AREA(#4308);
#4310=SURFACE_SIDE_STYLE('',(#4309));
#4311=SURFACE_STYLE_USAGE(.POSITIVE.,#4310);
#4312=PRESENTATION_STYLE_ASSIGNMENT((#4311));
#4313=STYLED_ITEM('',(#4312),#4306);
#4314=CARTESIAN_POINT('',(1.9E0,5.25E-1,0.E0));
#4315=DIRECTION('',(-1.E0,0.E0,0.E0));
#4316=DIRECTION('',(0.E0,0.E0,-1.E0));
#4317=AXIS2_PLACEMENT_3D('',#4314,#4315,#4316);
#4318=PLANE('',#4317);
#4319=ORIENTED_EDGE('',*,*,#2585,.T.);
#4320=ORIENTED_EDGE('',*,*,#4143,.T.);
#4321=ORIENTED_EDGE('',*,*,#4300,.F.);
#4322=ORIENTED_EDGE('',*,*,#4063,.F.);
#4323=EDGE_LOOP('',(#4319,#4320,#4321,#4322));
#4324=FACE_OUTER_BOUND('',#4323,.F.);
#4325=ADVANCED_FACE('',(#4324),#4318,.T.);
#4326=FILL_AREA_STYLE_COLOUR('',#22);
#4327=FILL_AREA_STYLE('',(#4326));
#4328=SURFACE_STYLE_FILL_AREA(#4327);
#4329=SURFACE_SIDE_STYLE('',(#4328));
#4330=SURFACE_STYLE_USAGE(.POSITIVE.,#4329);
#4331=PRESENTATION_STYLE_ASSIGNMENT((#4330));
#4332=STYLED_ITEM('',(#4331),#4325);
#4333=CARTESIAN_POINT('',(-1.1132E0,-9.635E-1,0.E0));
#4334=DIRECTION('',(-1.E0,0.E0,0.E0));
#4335=DIRECTION('',(0.E0,1.E0,0.E0));
#4336=AXIS2_PLACEMENT_3D('',#4333,#4334,#4335);
#4337=PLANE('',#4336);
#4338=ORIENTED_EDGE('',*,*,#2589,.F.);
#4340=ORIENTED_EDGE('',*,*,#4339,.T.);
#4342=ORIENTED_EDGE('',*,*,#4341,.T.);
#4344=ORIENTED_EDGE('',*,*,#4343,.F.);
#4345=EDGE_LOOP('',(#4338,#4340,#4342,#4344));
#4346=FACE_OUTER_BOUND('',#4345,.F.);
#4347=ADVANCED_FACE('',(#4346),#4337,.T.);
#4348=FILL_AREA_STYLE_COLOUR('',#22);
#4349=FILL_AREA_STYLE('',(#4348));
#4350=SURFACE_STYLE_FILL_AREA(#4349);
#4351=SURFACE_SIDE_STYLE('',(#4350));
#4352=SURFACE_STYLE_USAGE(.POSITIVE.,#4351);
#4353=PRESENTATION_STYLE_ASSIGNMENT((#4352));
#4354=STYLED_ITEM('',(#4353),#4347);
#4355=CARTESIAN_POINT('',(-1.0473875E0,-9.635E-1,0.E0));
#4356=DIRECTION('',(0.E0,-1.E0,0.E0));
#4357=DIRECTION('',(-1.E0,0.E0,0.E0));
#4358=AXIS2_PLACEMENT_3D('',#4355,#4356,#4357);
#4359=PLANE('',#4358);
#4360=ORIENTED_EDGE('',*,*,#2599,.F.);
#4362=ORIENTED_EDGE('',*,*,#4361,.T.);
#4364=ORIENTED_EDGE('',*,*,#4363,.T.);
#4365=ORIENTED_EDGE('',*,*,#4339,.F.);
#4366=EDGE_LOOP('',(#4360,#4362,#4364,#4365));
#4367=FACE_OUTER_BOUND('',#4366,.F.);
#4368=ADVANCED_FACE('',(#4367),#4359,.T.);
#4369=FILL_AREA_STYLE_COLOUR('',#22);
#4370=FILL_AREA_STYLE('',(#4369));
#4371=SURFACE_STYLE_FILL_AREA(#4370);
#4372=SURFACE_SIDE_STYLE('',(#4371));
#4373=SURFACE_STYLE_USAGE(.POSITIVE.,#4372);
#4374=PRESENTATION_STYLE_ASSIGNMENT((#4373));
#4375=STYLED_ITEM('',(#4374),#4368);
#4376=CARTESIAN_POINT('',(-1.0473875E0,-5.042127657905E-1,0.E0));
#4377=DIRECTION('',(1.E0,0.E0,0.E0));
#4378=DIRECTION('',(0.E0,-1.E0,0.E0));
#4379=AXIS2_PLACEMENT_3D('',#4376,#4377,#4378);
#4380=PLANE('',#4379);
#4381=ORIENTED_EDGE('',*,*,#2597,.F.);
#4383=ORIENTED_EDGE('',*,*,#4382,.T.);
#4385=ORIENTED_EDGE('',*,*,#4384,.T.);
#4386=ORIENTED_EDGE('',*,*,#4361,.F.);
#4387=EDGE_LOOP('',(#4381,#4383,#4385,#4386));
#4388=FACE_OUTER_BOUND('',#4387,.F.);
#4389=ADVANCED_FACE('',(#4388),#4380,.T.);
#4390=FILL_AREA_STYLE_COLOUR('',#22);
#4391=FILL_AREA_STYLE('',(#4390));
#4392=SURFACE_STYLE_FILL_AREA(#4391);
#4393=SURFACE_SIDE_STYLE('',(#4392));
#4394=SURFACE_STYLE_USAGE(.POSITIVE.,#4393);
#4395=PRESENTATION_STYLE_ASSIGNMENT((#4394));
#4396=STYLED_ITEM('',(#4395),#4389);
#4397=CARTESIAN_POINT('',(-7.18325E-1,-5.042127657905E-1,0.E0));
#4398=DIRECTION('',(0.E0,-1.E0,0.E0));
#4399=DIRECTION('',(-1.E0,0.E0,0.E0));
#4400=AXIS2_PLACEMENT_3D('',#4397,#4398,#4399);
#4401=PLANE('',#4400);
#4402=ORIENTED_EDGE('',*,*,#2595,.F.);
#4404=ORIENTED_EDGE('',*,*,#4403,.T.);
#4406=ORIENTED_EDGE('',*,*,#4405,.T.);
#4407=ORIENTED_EDGE('',*,*,#4382,.F.);
#4408=EDGE_LOOP('',(#4402,#4404,#4406,#4407));
#4409=FACE_OUTER_BOUND('',#4408,.F.);
#4410=ADVANCED_FACE('',(#4409),#4401,.T.);
#4411=FILL_AREA_STYLE_COLOUR('',#22);
#4412=FILL_AREA_STYLE('',(#4411));
#4413=SURFACE_STYLE_FILL_AREA(#4412);
#4414=SURFACE_SIDE_STYLE('',(#4413));
#4415=SURFACE_STYLE_USAGE(.POSITIVE.,#4414);
#4416=PRESENTATION_STYLE_ASSIGNMENT((#4415));
#4417=STYLED_ITEM('',(#4416),#4410);
#4418=CARTESIAN_POINT('',(-7.18325E-1,-4.37E-1,0.E0));
#4419=DIRECTION('',(1.E0,0.E0,0.E0));
#4420=DIRECTION('',(0.E0,-1.E0,0.E0));
#4421=AXIS2_PLACEMENT_3D('',#4418,#4419,#4420);
#4422=PLANE('',#4421);
#4423=ORIENTED_EDGE('',*,*,#2593,.F.);
#4425=ORIENTED_EDGE('',*,*,#4424,.T.);
#4427=ORIENTED_EDGE('',*,*,#4426,.T.);
#4428=ORIENTED_EDGE('',*,*,#4403,.F.);
#4429=EDGE_LOOP('',(#4423,#4425,#4427,#4428));
#4430=FACE_OUTER_BOUND('',#4429,.F.);
#4431=ADVANCED_FACE('',(#4430),#4422,.T.);
#4432=FILL_AREA_STYLE_COLOUR('',#22);
#4433=FILL_AREA_STYLE('',(#4432));
#4434=SURFACE_STYLE_FILL_AREA(#4433);
#4435=SURFACE_SIDE_STYLE('',(#4434));
#4436=SURFACE_STYLE_USAGE(.POSITIVE.,#4435);
#4437=PRESENTATION_STYLE_ASSIGNMENT((#4436));
#4438=STYLED_ITEM('',(#4437),#4431);
#4439=CARTESIAN_POINT('',(-1.1132E0,-4.37E-1,0.E0));
#4440=DIRECTION('',(0.E0,1.E0,0.E0));
#4441=DIRECTION('',(1.E0,0.E0,0.E0));
#4442=AXIS2_PLACEMENT_3D('',#4439,#4440,#4441);
#4443=PLANE('',#4442);
#4444=ORIENTED_EDGE('',*,*,#2591,.F.);
#4445=ORIENTED_EDGE('',*,*,#4343,.T.);
#4447=ORIENTED_EDGE('',*,*,#4446,.T.);
#4448=ORIENTED_EDGE('',*,*,#4424,.F.);
#4449=EDGE_LOOP('',(#4444,#4445,#4447,#4448));
#4450=FACE_OUTER_BOUND('',#4449,.F.);
#4451=ADVANCED_FACE('',(#4450),#4443,.T.);
#4452=FILL_AREA_STYLE_COLOUR('',#22);
#4453=FILL_AREA_STYLE('',(#4452));
#4454=SURFACE_STYLE_FILL_AREA(#4453);
#4455=SURFACE_SIDE_STYLE('',(#4454));
#4456=SURFACE_STYLE_USAGE(.POSITIVE.,#4455);
#4457=PRESENTATION_STYLE_ASSIGNMENT((#4456));
#4458=STYLED_ITEM('',(#4457),#4451);
#4459=CARTESIAN_POINT('',(0.E0,0.E0,-2.E-2));
#4460=DIRECTION('',(0.E0,0.E0,-1.E0));
#4461=DIRECTION('',(1.E0,0.E0,0.E0));
#4462=AXIS2_PLACEMENT_3D('',#4459,#4460,#4461);
#4463=PLANE('',#4462);
#4464=ORIENTED_EDGE('',*,*,#4341,.F.);
#4465=ORIENTED_EDGE('',*,*,#4363,.F.);
#4466=ORIENTED_EDGE('',*,*,#4384,.F.);
#4467=ORIENTED_EDGE('',*,*,#4405,.F.);
#4468=ORIENTED_EDGE('',*,*,#4426,.F.);
#4469=ORIENTED_EDGE('',*,*,#4446,.F.);
#4470=EDGE_LOOP('',(#4464,#4465,#4466,#4467,#4468,#4469));
#4471=FACE_OUTER_BOUND('',#4470,.F.);
#4472=ADVANCED_FACE('',(#4471),#4463,.T.);
#4473=FILL_AREA_STYLE_COLOUR('',#22);
#4474=FILL_AREA_STYLE('',(#4473));
#4475=SURFACE_STYLE_FILL_AREA(#4474);
#4476=SURFACE_SIDE_STYLE('',(#4475));
#4477=SURFACE_STYLE_USAGE(.POSITIVE.,#4476);
#4478=PRESENTATION_STYLE_ASSIGNMENT((#4477));
#4479=STYLED_ITEM('',(#4478),#4472);
#4480=CARTESIAN_POINT('',(0.E0,0.E0,-2.E-2));
#4481=DIRECTION('',(0.E0,0.E0,-1.E0));
#4482=DIRECTION('',(1.E0,0.E0,0.E0));
#4483=AXIS2_PLACEMENT_3D('',#4480,#4481,#4482);
#4484=PLANE('',#4483);
#4486=ORIENTED_EDGE('',*,*,#4485,.F.);
#4488=ORIENTED_EDGE('',*,*,#4487,.F.);
#4490=ORIENTED_EDGE('',*,*,#4489,.F.);
#4492=ORIENTED_EDGE('',*,*,#4491,.F.);
#4494=ORIENTED_EDGE('',*,*,#4493,.F.);
#4496=ORIENTED_EDGE('',*,*,#4495,.F.);
#4498=ORIENTED_EDGE('',*,*,#4497,.F.);
#4500=ORIENTED_EDGE('',*,*,#4499,.F.);
#4502=ORIENTED_EDGE('',*,*,#4501,.F.);
#4503=ORIENTED_EDGE('',*,*,#2524,.F.);
#4505=ORIENTED_EDGE('',*,*,#4504,.F.);
#4507=ORIENTED_EDGE('',*,*,#4506,.F.);
#4509=ORIENTED_EDGE('',*,*,#4508,.F.);
#4511=ORIENTED_EDGE('',*,*,#4510,.F.);
#4513=ORIENTED_EDGE('',*,*,#4512,.F.);
#4515=ORIENTED_EDGE('',*,*,#4514,.F.);
#4517=ORIENTED_EDGE('',*,*,#4516,.F.);
#4519=ORIENTED_EDGE('',*,*,#4518,.F.);
#4521=ORIENTED_EDGE('',*,*,#4520,.F.);
#4523=ORIENTED_EDGE('',*,*,#4522,.F.);
#4525=ORIENTED_EDGE('',*,*,#4524,.F.);
#4527=ORIENTED_EDGE('',*,*,#4526,.F.);
#4529=ORIENTED_EDGE('',*,*,#4528,.F.);
#4531=ORIENTED_EDGE('',*,*,#4530,.F.);
#4533=ORIENTED_EDGE('',*,*,#4532,.F.);
#4535=ORIENTED_EDGE('',*,*,#4534,.F.);
#4537=ORIENTED_EDGE('',*,*,#4536,.F.);
#4539=ORIENTED_EDGE('',*,*,#4538,.F.);
#4541=ORIENTED_EDGE('',*,*,#4540,.F.);
#4543=ORIENTED_EDGE('',*,*,#4542,.F.);
#4545=ORIENTED_EDGE('',*,*,#4544,.F.);
#4547=ORIENTED_EDGE('',*,*,#4546,.F.);
#4549=ORIENTED_EDGE('',*,*,#4548,.F.);
#4551=ORIENTED_EDGE('',*,*,#4550,.F.);
#4553=ORIENTED_EDGE('',*,*,#4552,.F.);
#4555=ORIENTED_EDGE('',*,*,#4554,.F.);
#4557=ORIENTED_EDGE('',*,*,#4556,.F.);
#4559=ORIENTED_EDGE('',*,*,#4558,.F.);
#4561=ORIENTED_EDGE('',*,*,#4560,.F.);
#4563=ORIENTED_EDGE('',*,*,#4562,.F.);
#4564=EDGE_LOOP('',(#4486,#4488,#4490,#4492,#4494,#4496,#4498,#4500,#4502,#4503,
#4505,#4507,#4509,#4511,#4513,#4515,#4517,#4519,#4521,#4523,#4525,#4527,#4529,
#4531,#4533,#4535,#4537,#4539,#4541,#4543,#4545,#4547,#4549,#4551,#4553,#4555,
#4557,#4559,#4561,#4563));
#4565=FACE_OUTER_BOUND('',#4564,.F.);
#4566=ADVANCED_FACE('',(#4565),#4484,.T.);
#4567=FILL_AREA_STYLE_COLOUR('',#22);
#4568=FILL_AREA_STYLE('',(#4567));
#4569=SURFACE_STYLE_FILL_AREA(#4568);
#4570=SURFACE_SIDE_STYLE('',(#4569));
#4571=SURFACE_STYLE_USAGE(.POSITIVE.,#4570);
#4572=PRESENTATION_STYLE_ASSIGNMENT((#4571));
#4573=STYLED_ITEM('',(#4572),#4566);
#4574=CARTESIAN_POINT('',(0.E0,0.E0,-2.E-2));
#4575=DIRECTION('',(0.E0,0.E0,-1.E0));
#4576=DIRECTION('',(1.E0,0.E0,0.E0));
#4577=AXIS2_PLACEMENT_3D('',#4574,#4575,#4576);
#4578=PLANE('',#4577);
#4580=ORIENTED_EDGE('',*,*,#4579,.F.);
#4582=ORIENTED_EDGE('',*,*,#4581,.F.);
#4584=ORIENTED_EDGE('',*,*,#4583,.F.);
#4586=ORIENTED_EDGE('',*,*,#4585,.F.);
#4588=ORIENTED_EDGE('',*,*,#4587,.F.);
#4590=ORIENTED_EDGE('',*,*,#4589,.F.);
#4592=ORIENTED_EDGE('',*,*,#4591,.F.);
#4594=ORIENTED_EDGE('',*,*,#4593,.F.);
#4596=ORIENTED_EDGE('',*,*,#4595,.F.);
#4598=ORIENTED_EDGE('',*,*,#4597,.F.);
#4600=ORIENTED_EDGE('',*,*,#4599,.F.);
#4602=ORIENTED_EDGE('',*,*,#4601,.F.);
#4603=EDGE_LOOP('',(#4580,#4582,#4584,#4586,#4588,#4590,#4592,#4594,#4596,#4598,
#4600,#4602));
#4604=FACE_OUTER_BOUND('',#4603,.F.);
#4605=ADVANCED_FACE('',(#4604),#4578,.T.);
#4606=FILL_AREA_STYLE_COLOUR('',#22);
#4607=FILL_AREA_STYLE('',(#4606));
#4608=SURFACE_STYLE_FILL_AREA(#4607);
#4609=SURFACE_SIDE_STYLE('',(#4608));
#4610=SURFACE_STYLE_USAGE(.POSITIVE.,#4609);
#4611=PRESENTATION_STYLE_ASSIGNMENT((#4610));
#4612=STYLED_ITEM('',(#4611),#4605);
#4613=CARTESIAN_POINT('',(0.E0,0.E0,-2.E-2));
#4614=DIRECTION('',(0.E0,0.E0,-1.E0));
#4615=DIRECTION('',(1.E0,0.E0,0.E0));
#4616=AXIS2_PLACEMENT_3D('',#4613,#4614,#4615);
#4617=PLANE('',#4616);
#4619=ORIENTED_EDGE('',*,*,#4618,.F.);
#4621=ORIENTED_EDGE('',*,*,#4620,.F.);
#4623=ORIENTED_EDGE('',*,*,#4622,.F.);
#4625=ORIENTED_EDGE('',*,*,#4624,.F.);
#4627=ORIENTED_EDGE('',*,*,#4626,.F.);
#4629=ORIENTED_EDGE('',*,*,#4628,.F.);
#4631=ORIENTED_EDGE('',*,*,#4630,.F.);
#4633=ORIENTED_EDGE('',*,*,#4632,.F.);
#4635=ORIENTED_EDGE('',*,*,#4634,.F.);
#4637=ORIENTED_EDGE('',*,*,#4636,.F.);
#4639=ORIENTED_EDGE('',*,*,#4638,.F.);
#4641=ORIENTED_EDGE('',*,*,#4640,.F.);
#4643=ORIENTED_EDGE('',*,*,#4642,.F.);
#4645=ORIENTED_EDGE('',*,*,#4644,.F.);
#4646=EDGE_LOOP('',(#4619,#4621,#4623,#4625,#4627,#4629,#4631,#4633,#4635,#4637,
#4639,#4641,#4643,#4645));
#4647=FACE_OUTER_BOUND('',#4646,.F.);
#4649=ORIENTED_EDGE('',*,*,#4648,.F.);
#4651=ORIENTED_EDGE('',*,*,#4650,.F.);
#4653=ORIENTED_EDGE('',*,*,#4652,.F.);
#4655=ORIENTED_EDGE('',*,*,#4654,.F.);
#4657=ORIENTED_EDGE('',*,*,#4656,.F.);
#4659=ORIENTED_EDGE('',*,*,#4658,.F.);
#4661=ORIENTED_EDGE('',*,*,#4660,.F.);
#4663=ORIENTED_EDGE('',*,*,#4662,.F.);
#4665=ORIENTED_EDGE('',*,*,#4664,.F.);
#4667=ORIENTED_EDGE('',*,*,#4666,.F.);
#4669=ORIENTED_EDGE('',*,*,#4668,.F.);
#4671=ORIENTED_EDGE('',*,*,#4670,.F.);
#4672=EDGE_LOOP('',(#4649,#4651,#4653,#4655,#4657,#4659,#4661,#4663,#4665,#4667,
#4669,#4671));
#4673=FACE_BOUND('',#4672,.F.);
#4674=ADVANCED_FACE('',(#4647,#4673),#4617,.T.);
#4675=FILL_AREA_STYLE_COLOUR('',#22);
#4676=FILL_AREA_STYLE('',(#4675));
#4677=SURFACE_STYLE_FILL_AREA(#4676);
#4678=SURFACE_SIDE_STYLE('',(#4677));
#4679=SURFACE_STYLE_USAGE(.POSITIVE.,#4678);
#4680=PRESENTATION_STYLE_ASSIGNMENT((#4679));
#4681=STYLED_ITEM('',(#4680),#4674);
#4682=CARTESIAN_POINT('',(0.E0,0.E0,-2.E-2));
#4683=DIRECTION('',(0.E0,0.E0,-1.E0));
#4684=DIRECTION('',(1.E0,0.E0,0.E0));
#4685=AXIS2_PLACEMENT_3D('',#4682,#4683,#4684);
#4686=PLANE('',#4685);
#4688=ORIENTED_EDGE('',*,*,#4687,.F.);
#4690=ORIENTED_EDGE('',*,*,#4689,.F.);
#4692=ORIENTED_EDGE('',*,*,#4691,.F.);
#4694=ORIENTED_EDGE('',*,*,#4693,.F.);
#4696=ORIENTED_EDGE('',*,*,#4695,.F.);
#4698=ORIENTED_EDGE('',*,*,#4697,.F.);
#4700=ORIENTED_EDGE('',*,*,#4699,.F.);
#4702=ORIENTED_EDGE('',*,*,#4701,.F.);
#4703=EDGE_LOOP('',(#4688,#4690,#4692,#4694,#4696,#4698,#4700,#4702));
#4704=FACE_OUTER_BOUND('',#4703,.F.);
#4706=ORIENTED_EDGE('',*,*,#4705,.F.);
#4708=ORIENTED_EDGE('',*,*,#4707,.F.);
#4710=ORIENTED_EDGE('',*,*,#4709,.F.);
#4711=EDGE_LOOP('',(#4706,#4708,#4710));
#4712=FACE_BOUND('',#4711,.F.);
#4713=ADVANCED_FACE('',(#4704,#4712),#4686,.T.);
#4714=FILL_AREA_STYLE_COLOUR('',#22);
#4715=FILL_AREA_STYLE('',(#4714));
#4716=SURFACE_STYLE_FILL_AREA(#4715);
#4717=SURFACE_SIDE_STYLE('',(#4716));
#4718=SURFACE_STYLE_USAGE(.POSITIVE.,#4717);
#4719=PRESENTATION_STYLE_ASSIGNMENT((#4718));
#4720=STYLED_ITEM('',(#4719),#4713);
#4721=CARTESIAN_POINT('',(-2.027937709212E-1,-5.714255315810E-1,0.E0));
#4722=DIRECTION('',(0.E0,-1.E0,0.E0));
#4723=DIRECTION('',(-1.E0,0.E0,0.E0));
#4724=AXIS2_PLACEMENT_3D('',#4721,#4722,#4723);
#4725=PLANE('',#4724);
#4726=ORIENTED_EDGE('',*,*,#2603,.F.);
#4728=ORIENTED_EDGE('',*,*,#4727,.T.);
#4729=ORIENTED_EDGE('',*,*,#4485,.T.);
#4731=ORIENTED_EDGE('',*,*,#4730,.F.);
#4732=EDGE_LOOP('',(#4726,#4728,#4729,#4731));
#4733=FACE_OUTER_BOUND('',#4732,.F.);
#4734=ADVANCED_FACE('',(#4733),#4725,.T.);
#4735=FILL_AREA_STYLE_COLOUR('',#22);
#4736=FILL_AREA_STYLE('',(#4735));
#4737=SURFACE_STYLE_FILL_AREA(#4736);
#4738=SURFACE_SIDE_STYLE('',(#4737));
#4739=SURFACE_STYLE_USAGE(.POSITIVE.,#4738);
#4740=PRESENTATION_STYLE_ASSIGNMENT((#4739));
#4741=STYLED_ITEM('',(#4740),#4734);
#4742=CARTESIAN_POINT('',(-2.137624790788E-1,-5.154148921147E-1,0.E0));
#4743=DIRECTION('',(9.813592778365E-1,1.921821214477E-1,0.E0));
#4744=DIRECTION('',(1.921821214477E-1,-9.813592778365E-1,0.E0));
#4745=AXIS2_PLACEMENT_3D('',#4742,#4743,#4744);
#4746=PLANE('',#4745);
#4747=ORIENTED_EDGE('',*,*,#2680,.F.);
#4749=ORIENTED_EDGE('',*,*,#4748,.T.);
#4750=ORIENTED_EDGE('',*,*,#4487,.T.);
#4751=ORIENTED_EDGE('',*,*,#4727,.F.);
#4752=EDGE_LOOP('',(#4747,#4749,#4750,#4751));
#4753=FACE_OUTER_BOUND('',#4752,.F.);
#4754=ADVANCED_FACE('',(#4753),#4746,.T.);
#4755=FILL_AREA_STYLE_COLOUR('',#22);
#4756=FILL_AREA_STYLE('',(#4755));
#4757=SURFACE_STYLE_FILL_AREA(#4756);
#4758=SURFACE_SIDE_STYLE('',(#4757));
#4759=SURFACE_STYLE_USAGE(.POSITIVE.,#4758);
#4760=PRESENTATION_STYLE_ASSIGNMENT((#4759));
#4761=STYLED_ITEM('',(#4760),#4754);
#4762=CARTESIAN_POINT('',(-2.576375E-1,-4.706063828953E-1,0.E0));
#4763=DIRECTION('',(7.145102486526E-1,6.996249742329E-1,0.E0));
#4764=DIRECTION('',(6.996249742329E-1,-7.145102486526E-1,0.E0));
#4765=AXIS2_PLACEMENT_3D('',#4762,#4763,#4764);
#4766=PLANE('',#4765);
#4767=ORIENTED_EDGE('',*,*,#2678,.F.);
#4769=ORIENTED_EDGE('',*,*,#4768,.T.);
#4770=ORIENTED_EDGE('',*,*,#4489,.T.);
#4771=ORIENTED_EDGE('',*,*,#4748,.F.);
#4772=EDGE_LOOP('',(#4767,#4769,#4770,#4771));
#4773=FACE_OUTER_BOUND('',#4772,.F.);
#4774=ADVANCED_FACE('',(#4773),#4766,.T.);
#4775=FILL_AREA_STYLE_COLOUR('',#22);
#4776=FILL_AREA_STYLE('',(#4775));
#4777=SURFACE_STYLE_FILL_AREA(#4776);
#4778=SURFACE_SIDE_STYLE('',(#4777));
#4779=SURFACE_STYLE_USAGE(.POSITIVE.,#4778);
#4780=PRESENTATION_STYLE_ASSIGNMENT((#4779));
#4781=STYLED_ITEM('',(#4780),#4774);
#4782=CARTESIAN_POINT('',(-3.015125209212E-1,-4.482021273049E-1,0.E0));
#4783=DIRECTION('',(4.547769889117E-1,8.906053505096E-1,0.E0));
#4784=DIRECTION('',(8.906053505096E-1,-4.547769889117E-1,0.E0));
#4785=AXIS2_PLACEMENT_3D('',#4782,#4783,#4784);
#4786=PLANE('',#4785);
#4787=ORIENTED_EDGE('',*,*,#2676,.F.);
#4789=ORIENTED_EDGE('',*,*,#4788,.T.);
#4790=ORIENTED_EDGE('',*,*,#4491,.T.);
#4791=ORIENTED_EDGE('',*,*,#4768,.F.);
#4792=EDGE_LOOP('',(#4787,#4789,#4790,#4791));
#4793=FACE_OUTER_BOUND('',#4792,.F.);
#4794=ADVANCED_FACE('',(#4793),#4786,.T.);
#4795=FILL_AREA_STYLE_COLOUR('',#22);
#4796=FILL_AREA_STYLE('',(#4795));
#4797=SURFACE_STYLE_FILL_AREA(#4796);
#4798=SURFACE_SIDE_STYLE('',(#4797));
#4799=SURFACE_STYLE_USAGE(.POSITIVE.,#4798);
#4800=PRESENTATION_STYLE_ASSIGNMENT((#4799));
#4801=STYLED_ITEM('',(#4800),#4794);
#4802=CARTESIAN_POINT('',(-3.5635625E-1,-4.37E-1,0.E0));
#4803=DIRECTION('',(2.001234451615E-1,9.797706908745E-1,0.E0));
#4804=DIRECTION('',(9.797706908745E-1,-2.001234451615E-1,0.E0));
#4805=AXIS2_PLACEMENT_3D('',#4802,#4803,#4804);
#4806=PLANE('',#4805);
#4807=ORIENTED_EDGE('',*,*,#2674,.F.);
#4809=ORIENTED_EDGE('',*,*,#4808,.T.);
#4810=ORIENTED_EDGE('',*,*,#4493,.T.);
#4811=ORIENTED_EDGE('',*,*,#4788,.F.);
#4812=EDGE_LOOP('',(#4807,#4809,#4810,#4811));
#4813=FACE_OUTER_BOUND('',#4812,.F.);
#4814=ADVANCED_FACE('',(#4813),#4806,.T.);
#4815=FILL_AREA_STYLE_COLOUR('',#22);
#4816=FILL_AREA_STYLE('',(#4815));
#4817=SURFACE_STYLE_FILL_AREA(#4816);
#4818=SURFACE_SIDE_STYLE('',(#4817));
#4819=SURFACE_STYLE_USAGE(.POSITIVE.,#4818);
#4820=PRESENTATION_STYLE_ASSIGNMENT((#4819));
#4821=STYLED_ITEM('',(#4820),#4814);
#4822=CARTESIAN_POINT('',(-4.55075E-1,-4.37E-1,0.E0));
#4823=DIRECTION('',(0.E0,1.E0,0.E0));
#4824=DIRECTION('',(1.E0,0.E0,0.E0));
#4825=AXIS2_PLACEMENT_3D('',#4822,#4823,#4824);
#4826=PLANE('',#4825);
#4827=ORIENTED_EDGE('',*,*,#2672,.F.);
#4829=ORIENTED_EDGE('',*,*,#4828,.T.);
#4830=ORIENTED_EDGE('',*,*,#4495,.T.);
#4831=ORIENTED_EDGE('',*,*,#4808,.F.);
#4832=EDGE_LOOP('',(#4827,#4829,#4830,#4831));
#4833=FACE_OUTER_BOUND('',#4832,.F.);
#4834=ADVANCED_FACE('',(#4833),#4826,.T.);
#4835=FILL_AREA_STYLE_COLOUR('',#22);
#4836=FILL_AREA_STYLE('',(#4835));
#4837=SURFACE_STYLE_FILL_AREA(#4836);
#4838=SURFACE_SIDE_STYLE('',(#4837));
#4839=SURFACE_STYLE_USAGE(.POSITIVE.,#4838);
#4840=PRESENTATION_STYLE_ASSIGNMENT((#4839));
#4841=STYLED_ITEM('',(#4840),#4834);
#4842=CARTESIAN_POINT('',(-5.099187290788E-1,-4.482021273049E-1,0.E0));
#4843=DIRECTION('',(-2.001234451615E-1,9.797706908745E-1,0.E0));
#4844=DIRECTION('',(9.797706908745E-1,2.001234451615E-1,0.E0));
#4845=AXIS2_PLACEMENT_3D('',#4842,#4843,#4844);
#4846=PLANE('',#4845);
#4847=ORIENTED_EDGE('',*,*,#2670,.F.);
#4849=ORIENTED_EDGE('',*,*,#4848,.T.);
#4850=ORIENTED_EDGE('',*,*,#4497,.T.);
#4851=ORIENTED_EDGE('',*,*,#4828,.F.);
#4852=EDGE_LOOP('',(#4847,#4849,#4850,#4851));
#4853=FACE_OUTER_BOUND('',#4852,.F.);
#4854=ADVANCED_FACE('',(#4853),#4846,.T.);
#4855=FILL_AREA_STYLE_COLOUR('',#22);
#4856=FILL_AREA_STYLE('',(#4855));
#4857=SURFACE_STYLE_FILL_AREA(#4856);
#4858=SURFACE_SIDE_STYLE('',(#4857));
#4859=SURFACE_STYLE_USAGE(.POSITIVE.,#4858);
#4860=PRESENTATION_STYLE_ASSIGNMENT((#4859));
#4861=STYLED_ITEM('',(#4860),#4854);
#4862=CARTESIAN_POINT('',(-5.5379375E-1,-4.706063828953E-1,0.E0));
#4863=DIRECTION('',(-4.547769889117E-1,8.906053505096E-1,0.E0));
#4864=DIRECTION('',(8.906053505096E-1,4.547769889117E-1,0.E0));
#4865=AXIS2_PLACEMENT_3D('',#4862,#4863,#4864);
#4866=PLANE('',#4865);
#4867=ORIENTED_EDGE('',*,*,#2668,.F.);
#4869=ORIENTED_EDGE('',*,*,#4868,.T.);
#4870=ORIENTED_EDGE('',*,*,#4499,.T.);
#4871=ORIENTED_EDGE('',*,*,#4848,.F.);
#4872=EDGE_LOOP('',(#4867,#4869,#4870,#4871));
#4873=FACE_OUTER_BOUND('',#4872,.F.);
#4874=ADVANCED_FACE('',(#4873),#4866,.T.);
#4875=FILL_AREA_STYLE_COLOUR('',#22);
#4876=FILL_AREA_STYLE('',(#4875));
#4877=SURFACE_STYLE_FILL_AREA(#4876);
#4878=SURFACE_SIDE_STYLE('',(#4877));
#4879=SURFACE_STYLE_USAGE(.POSITIVE.,#4878);
#4880=PRESENTATION_STYLE_ASSIGNMENT((#4879));
#4881=STYLED_ITEM('',(#4880),#4874);
#4882=CARTESIAN_POINT('',(-5.976687395394E-1,-5.154148921147E-1,0.E0));
#4883=DIRECTION('',(-7.145104988025E-1,6.996247187608E-1,0.E0));
#4884=DIRECTION('',(6.996247187608E-1,7.145104988025E-1,0.E0));
#4885=AXIS2_PLACEMENT_3D('',#4882,#4883,#4884);
#4886=PLANE('',#4885);
#4887=ORIENTED_EDGE('',*,*,#2666,.F.);
#4888=ORIENTED_EDGE('',*,*,#2526,.T.);
#4889=ORIENTED_EDGE('',*,*,#4501,.T.);
#4890=ORIENTED_EDGE('',*,*,#4868,.F.);
#4891=EDGE_LOOP('',(#4887,#4888,#4889,#4890));
#4892=FACE_OUTER_BOUND('',#4891,.F.);
#4893=ADVANCED_FACE('',(#4892),#4886,.T.);
#4894=FILL_AREA_STYLE_COLOUR('',#22);
#4895=FILL_AREA_STYLE('',(#4894));
#4896=SURFACE_STYLE_FILL_AREA(#4895);
#4897=SURFACE_SIDE_STYLE('',(#4896));
#4898=SURFACE_STYLE_USAGE(.POSITIVE.,#4897);
#4899=PRESENTATION_STYLE_ASSIGNMENT((#4898));
#4900=STYLED_ITEM('',(#4899),#4893);
#4901=CARTESIAN_POINT('',(-2.686062709212E-1,-5.714255315810E-1,0.E0));
#4902=DIRECTION('',(-9.506455412394E-1,-3.102789952956E-1,0.E0));
#4903=DIRECTION('',(-3.102789952956E-1,9.506455412394E-1,0.E0));
#4904=AXIS2_PLACEMENT_3D('',#4901,#4902,#4903);
#4905=PLANE('',#4904);
#4906=ORIENTED_EDGE('',*,*,#2605,.F.);
#4907=ORIENTED_EDGE('',*,*,#4730,.T.);
#4908=ORIENTED_EDGE('',*,*,#4562,.T.);
#4910=ORIENTED_EDGE('',*,*,#4909,.F.);
#4911=EDGE_LOOP('',(#4906,#4907,#4908,#4910));
#4912=FACE_OUTER_BOUND('',#4911,.F.);
#4913=ADVANCED_FACE('',(#4912),#4905,.T.);
#4914=FILL_AREA_STYLE_COLOUR('',#22);
#4915=FILL_AREA_STYLE('',(#4914));
#4916=SURFACE_STYLE_FILL_AREA(#4915);
#4917=SURFACE_SIDE_STYLE('',(#4916));
#4918=SURFACE_STYLE_USAGE(.POSITIVE.,#4917);
#4919=PRESENTATION_STYLE_ASSIGNMENT((#4918));
#4920=STYLED_ITEM('',(#4919),#4913);
#4921=CARTESIAN_POINT('',(-2.795749790788E-1,-5.378191526085E-1,0.E0));
#4922=DIRECTION('',(-5.627910658976E-1,-8.265991871191E-1,0.E0));
#4923=DIRECTION('',(-8.265991871191E-1,5.627910658976E-1,0.E0));
#4924=AXIS2_PLACEMENT_3D('',#4921,#4922,#4923);
#4925=PLANE('',#4924);
#4926=ORIENTED_EDGE('',*,*,#2607,.F.);
#4927=ORIENTED_EDGE('',*,*,#4909,.T.);
#4928=ORIENTED_EDGE('',*,*,#4560,.T.);
#4930=ORIENTED_EDGE('',*,*,#4929,.F.);
#4931=EDGE_LOOP('',(#4926,#4927,#4928,#4930));
#4932=FACE_OUTER_BOUND('',#4931,.F.);
#4933=ADVANCED_FACE('',(#4932),#4925,.T.);
#4934=FILL_AREA_STYLE_COLOUR('',#22);
#4935=FILL_AREA_STYLE('',(#4934));
#4936=SURFACE_STYLE_FILL_AREA(#4935);
#4937=SURFACE_SIDE_STYLE('',(#4936));
#4938=SURFACE_STYLE_USAGE(.POSITIVE.,#4937);
#4939=PRESENTATION_STYLE_ASSIGNMENT((#4938));
#4940=STYLED_ITEM('',(#4939),#4933);
#4941=CARTESIAN_POINT('',(-3.124812290788E-1,-5.154148921147E-1,0.E0));
#4942=DIRECTION('',(-2.473831068378E-1,-9.689177459678E-1,0.E0));
#4943=DIRECTION('',(-9.689177459678E-1,2.473831068378E-1,0.E0));
#4944=AXIS2_PLACEMENT_3D('',#4941,#4942,#4943);
#4945=PLANE('',#4944);
#4946=ORIENTED_EDGE('',*,*,#2609,.F.);
#4947=ORIENTED_EDGE('',*,*,#4929,.T.);
#4948=ORIENTED_EDGE('',*,*,#4558,.T.);
#4950=ORIENTED_EDGE('',*,*,#4949,.F.);
#4951=EDGE_LOOP('',(#4946,#4947,#4948,#4950));
#4952=FACE_OUTER_BOUND('',#4951,.F.);
#4953=ADVANCED_FACE('',(#4952),#4945,.T.);
#4954=FILL_AREA_STYLE_COLOUR('',#22);
#4955=FILL_AREA_STYLE('',(#4954));
#4956=SURFACE_STYLE_FILL_AREA(#4955);
#4957=SURFACE_SIDE_STYLE('',(#4956));
#4958=SURFACE_STYLE_USAGE(.POSITIVE.,#4957);
#4959=PRESENTATION_STYLE_ASSIGNMENT((#4958));
#4960=STYLED_ITEM('',(#4959),#4953);
#4961=CARTESIAN_POINT('',(-3.5635625E-1,-5.042127657905E-1,0.E0));
#4962=DIRECTION('',(0.E0,-1.E0,0.E0));
#4963=DIRECTION('',(-1.E0,0.E0,0.E0));
#4964=AXIS2_PLACEMENT_3D('',#4961,#4962,#4963);
#4965=PLANE('',#4964);
#4966=ORIENTED_EDGE('',*,*,#2611,.F.);
#4967=ORIENTED_EDGE('',*,*,#4949,.T.);
#4968=ORIENTED_EDGE('',*,*,#4556,.T.);
#4970=ORIENTED_EDGE('',*,*,#4969,.F.);
#4971=EDGE_LOOP('',(#4966,#4967,#4968,#4970));
#4972=FACE_OUTER_BOUND('',#4971,.F.);
#4973=ADVANCED_FACE('',(#4972),#4965,.T.);
#4974=FILL_AREA_STYLE_COLOUR('',#22);
#4975=FILL_AREA_STYLE('',(#4974));
#4976=SURFACE_STYLE_FILL_AREA(#4975);
#4977=SURFACE_SIDE_STYLE('',(#4976));
#4978=SURFACE_STYLE_USAGE(.POSITIVE.,#4977);
#4979=PRESENTATION_STYLE_ASSIGNMENT((#4978));
#4980=STYLED_ITEM('',(#4979),#4973);
#4981=CARTESIAN_POINT('',(-4.55075E-1,-5.042127657905E-1,0.E0));
#4982=DIRECTION('',(2.473831068378E-1,-9.689177459678E-1,0.E0));
#4983=DIRECTION('',(-9.689177459678E-1,-2.473831068378E-1,0.E0));
#4984=AXIS2_PLACEMENT_3D('',#4981,#4982,#4983);
#4985=PLANE('',#4984);
#4986=ORIENTED_EDGE('',*,*,#2613,.F.);
#4987=ORIENTED_EDGE('',*,*,#4969,.T.);
#4988=ORIENTED_EDGE('',*,*,#4554,.T.);
#4990=ORIENTED_EDGE('',*,*,#4989,.F.);
#4991=EDGE_LOOP('',(#4986,#4987,#4988,#4990));
#4992=FACE_OUTER_BOUND('',#4991,.F.);
#4993=ADVANCED_FACE('',(#4992),#4985,.T.);
#4994=FILL_AREA_STYLE_COLOUR('',#22);
#4995=FILL_AREA_STYLE('',(#4994));
#4996=SURFACE_STYLE_FILL_AREA(#4995);
#4997=SURFACE_SIDE_STYLE('',(#4996));
#4998=SURFACE_STYLE_USAGE(.POSITIVE.,#4997);
#4999=PRESENTATION_STYLE_ASSIGNMENT((#4998));
#5000=STYLED_ITEM('',(#4999),#4993);
#5001=CARTESIAN_POINT('',(-4.989500209212E-1,-5.154148921147E-1,0.E0));
#5002=DIRECTION('',(5.627910658976E-1,-8.265991871191E-1,0.E0));
#5003=DIRECTION('',(-8.265991871191E-1,-5.627910658976E-1,0.E0));
#5004=AXIS2_PLACEMENT_3D('',#5001,#5002,#5003);
#5005=PLANE('',#5004);
#5006=ORIENTED_EDGE('',*,*,#2615,.F.);
#5007=ORIENTED_EDGE('',*,*,#4989,.T.);
#5008=ORIENTED_EDGE('',*,*,#4552,.T.);
#5010=ORIENTED_EDGE('',*,*,#5009,.F.);
#5011=EDGE_LOOP('',(#5006,#5007,#5008,#5010));
#5012=FACE_OUTER_BOUND('',#5011,.F.);
#5013=ADVANCED_FACE('',(#5012),#5005,.T.);
#5014=FILL_AREA_STYLE_COLOUR('',#22);
#5015=FILL_AREA_STYLE('',(#5014));
#5016=SURFACE_STYLE_FILL_AREA(#5015);
#5017=SURFACE_SIDE_STYLE('',(#5016));
#5018=SURFACE_STYLE_USAGE(.POSITIVE.,#5017);
#5019=PRESENTATION_STYLE_ASSIGNMENT((#5018));
#5020=STYLED_ITEM('',(#5019),#5013);
#5021=CARTESIAN_POINT('',(-5.318562709212E-1,-5.378191526085E-1,0.E0));
#5022=DIRECTION('',(8.373793591563E-1,-5.466221810895E-1,0.E0));
#5023=DIRECTION('',(-5.466221810895E-1,-8.373793591563E-1,0.E0));
#5024=AXIS2_PLACEMENT_3D('',#5021,#5022,#5023);
#5025=PLANE('',#5024);
#5026=ORIENTED_EDGE('',*,*,#2617,.F.);
#5027=ORIENTED_EDGE('',*,*,#5009,.T.);
#5028=ORIENTED_EDGE('',*,*,#4550,.T.);
#5030=ORIENTED_EDGE('',*,*,#5029,.F.);
#5031=EDGE_LOOP('',(#5026,#5027,#5028,#5030));
#5032=FACE_OUTER_BOUND('',#5031,.F.);
#5033=ADVANCED_FACE('',(#5032),#5025,.T.);
#5034=FILL_AREA_STYLE_COLOUR('',#22);
#5035=FILL_AREA_STYLE('',(#5034));
#5036=SURFACE_STYLE_FILL_AREA(#5035);
#5037=SURFACE_SIDE_STYLE('',(#5036));
#5038=SURFACE_STYLE_USAGE(.POSITIVE.,#5037);
#5039=PRESENTATION_STYLE_ASSIGNMENT((#5038));
#5040=STYLED_ITEM('',(#5039),#5033);
#5041=CARTESIAN_POINT('',(-5.5379375E-1,-5.714255315810E-1,0.E0));
#5042=DIRECTION('',(9.713210491251E-1,-2.377717803411E-1,0.E0));
#5043=DIRECTION('',(-2.377717803411E-1,-9.713210491251E-1,0.E0));
#5044=AXIS2_PLACEMENT_3D('',#5041,#5042,#5043);
#5045=PLANE('',#5044);
#5046=ORIENTED_EDGE('',*,*,#2619,.F.);
#5047=ORIENTED_EDGE('',*,*,#5029,.T.);
#5048=ORIENTED_EDGE('',*,*,#4548,.T.);
#5050=ORIENTED_EDGE('',*,*,#5049,.F.);
#5051=EDGE_LOOP('',(#5046,#5047,#5048,#5050));
#5052=FACE_OUTER_BOUND('',#5051,.F.);
#5053=ADVANCED_FACE('',(#5052),#5045,.T.);
#5054=FILL_AREA_STYLE_COLOUR('',#22);
#5055=FILL_AREA_STYLE('',(#5054));
#5056=SURFACE_STYLE_FILL_AREA(#5055);
#5057=SURFACE_SIDE_STYLE('',(#5056));
#5058=SURFACE_STYLE_USAGE(.POSITIVE.,#5057);
#5059=PRESENTATION_STYLE_ASSIGNMENT((#5058));
#5060=STYLED_ITEM('',(#5059),#5053);
#5061=CARTESIAN_POINT('',(-5.647625209212E-1,-6.162340368778E-1,0.E0));
#5062=DIRECTION('',(1.E0,0.E0,0.E0));
#5063=DIRECTION('',(0.E0,-1.E0,0.E0));
#5064=AXIS2_PLACEMENT_3D('',#5061,#5062,#5063);
#5065=PLANE('',#5064);
#5066=ORIENTED_EDGE('',*,*,#2621,.F.);
#5067=ORIENTED_EDGE('',*,*,#5049,.T.);
#5068=ORIENTED_EDGE('',*,*,#4546,.T.);
#5070=ORIENTED_EDGE('',*,*,#5069,.F.);
#5071=EDGE_LOOP('',(#5066,#5067,#5068,#5070));
#5072=FACE_OUTER_BOUND('',#5071,.F.);
#5073=ADVANCED_FACE('',(#5072),#5065,.T.);
#5074=FILL_AREA_STYLE_COLOUR('',#22);
#5075=FILL_AREA_STYLE('',(#5074));
#5076=SURFACE_STYLE_FILL_AREA(#5075);
#5077=SURFACE_SIDE_STYLE('',(#5076));
#5078=SURFACE_STYLE_USAGE(.POSITIVE.,#5077);
#5079=PRESENTATION_STYLE_ASSIGNMENT((#5078));
#5080=STYLED_ITEM('',(#5079),#5073);
#5081=CARTESIAN_POINT('',(-5.647625209212E-1,-7.842659474313E-1,0.E0));
#5082=DIRECTION('',(9.713210491251E-1,2.377717803411E-1,0.E0));
#5083=DIRECTION('',(2.377717803411E-1,-9.713210491251E-1,0.E0));
#5084=AXIS2_PLACEMENT_3D('',#5081,#5082,#5083);
#5085=PLANE('',#5084);
#5086=ORIENTED_EDGE('',*,*,#2623,.F.);
#5087=ORIENTED_EDGE('',*,*,#5069,.T.);
#5088=ORIENTED_EDGE('',*,*,#4544,.T.);
#5090=ORIENTED_EDGE('',*,*,#5089,.F.);
#5091=EDGE_LOOP('',(#5086,#5087,#5088,#5090));
#5092=FACE_OUTER_BOUND('',#5091,.F.);
#5093=ADVANCED_FACE('',(#5092),#5085,.T.);
#5094=FILL_AREA_STYLE_COLOUR('',#22);
#5095=FILL_AREA_STYLE('',(#5094));
#5096=SURFACE_STYLE_FILL_AREA(#5095);
#5097=SURFACE_SIDE_STYLE('',(#5096));
#5098=SURFACE_STYLE_USAGE(.POSITIVE.,#5097);
#5099=PRESENTATION_STYLE_ASSIGNMENT((#5098));
#5100=STYLED_ITEM('',(#5099),#5093);
#5101=CARTESIAN_POINT('',(-5.5379375E-1,-8.290744527280E-1,0.E0));
#5102=DIRECTION('',(8.373795927994E-1,5.466218231676E-1,0.E0));
#5103=DIRECTION('',(5.466218231676E-1,-8.373795927994E-1,0.E0));
#5104=AXIS2_PLACEMENT_3D('',#5101,#5102,#5103);
#5105=PLANE('',#5104);
#5106=ORIENTED_EDGE('',*,*,#2625,.F.);
#5107=ORIENTED_EDGE('',*,*,#5089,.T.);
#5108=ORIENTED_EDGE('',*,*,#4542,.T.);
#5110=ORIENTED_EDGE('',*,*,#5109,.F.);
#5111=EDGE_LOOP('',(#5106,#5107,#5108,#5110));
#5112=FACE_OUTER_BOUND('',#5111,.F.);
#5113=ADVANCED_FACE('',(#5112),#5105,.T.);
#5114=FILL_AREA_STYLE_COLOUR('',#22);
#5115=FILL_AREA_STYLE('',(#5114));
#5116=SURFACE_STYLE_FILL_AREA(#5115);
#5117=SURFACE_SIDE_STYLE('',(#5116));
#5118=SURFACE_STYLE_USAGE(.POSITIVE.,#5117);
#5119=PRESENTATION_STYLE_ASSIGNMENT((#5118));
#5120=STYLED_ITEM('',(#5119),#5113);
#5121=CARTESIAN_POINT('',(-5.318562709212E-1,-8.626808630824E-1,0.E0));
#5122=DIRECTION('',(5.627909312417E-1,8.265992787996E-1,0.E0));
#5123=DIRECTION('',(8.265992787996E-1,-5.627909312417E-1,0.E0));
#5124=AXIS2_PLACEMENT_3D('',#5121,#5122,#5123);
#5125=PLANE('',#5124);
#5126=ORIENTED_EDGE('',*,*,#2627,.F.);
#5127=ORIENTED_EDGE('',*,*,#5109,.T.);
#5128=ORIENTED_EDGE('',*,*,#4540,.T.);
#5130=ORIENTED_EDGE('',*,*,#5129,.F.);
#5131=EDGE_LOOP('',(#5126,#5127,#5128,#5130));
#5132=FACE_OUTER_BOUND('',#5131,.F.);
#5133=ADVANCED_FACE('',(#5132),#5125,.T.);
#5134=FILL_AREA_STYLE_COLOUR('',#22);
#5135=FILL_AREA_STYLE('',(#5134));
#5136=SURFACE_STYLE_FILL_AREA(#5135);
#5137=SURFACE_SIDE_STYLE('',(#5136));
#5138=SURFACE_STYLE_USAGE(.POSITIVE.,#5137);
#5139=PRESENTATION_STYLE_ASSIGNMENT((#5138));
#5140=STYLED_ITEM('',(#5139),#5133);
#5141=CARTESIAN_POINT('',(-4.989500209212E-1,-8.850851157308E-1,0.E0));
#5142=DIRECTION('',(2.473831068378E-1,9.689177459678E-1,0.E0));
#5143=DIRECTION('',(9.689177459678E-1,-2.473831068378E-1,0.E0));
#5144=AXIS2_PLACEMENT_3D('',#5141,#5142,#5143);
#5145=PLANE('',#5144);
#5146=ORIENTED_EDGE('',*,*,#2629,.F.);
#5147=ORIENTED_EDGE('',*,*,#5129,.T.);
#5148=ORIENTED_EDGE('',*,*,#4538,.T.);
#5150=ORIENTED_EDGE('',*,*,#5149,.F.);
#5151=EDGE_LOOP('',(#5146,#5147,#5148,#5150));
#5152=FACE_OUTER_BOUND('',#5151,.F.);
#5153=ADVANCED_FACE('',(#5152),#5145,.T.);
#5154=FILL_AREA_STYLE_COLOUR('',#22);
#5155=FILL_AREA_STYLE('',(#5154));
#5156=SURFACE_STYLE_FILL_AREA(#5155);
#5157=SURFACE_SIDE_STYLE('',(#5156));
#5158=SURFACE_STYLE_USAGE(.POSITIVE.,#5157);
#5159=PRESENTATION_STYLE_ASSIGNMENT((#5158));
#5160=STYLED_ITEM('',(#5159),#5153);
#5161=CARTESIAN_POINT('',(-4.55075E-1,-8.962872420549E-1,0.E0));
#5162=DIRECTION('',(0.E0,1.E0,0.E0));
#5163=DIRECTION('',(1.E0,0.E0,0.E0));
#5164=AXIS2_PLACEMENT_3D('',#5161,#5162,#5163);
#5165=PLANE('',#5164);
#5166=ORIENTED_EDGE('',*,*,#2631,.F.);
#5167=ORIENTED_EDGE('',*,*,#5149,.T.);
#5168=ORIENTED_EDGE('',*,*,#4536,.T.);
#5170=ORIENTED_EDGE('',*,*,#5169,.F.);
#5171=EDGE_LOOP('',(#5166,#5167,#5168,#5170));
#5172=FACE_OUTER_BOUND('',#5171,.F.);
#5173=ADVANCED_FACE('',(#5172),#5165,.T.);
#5174=FILL_AREA_STYLE_COLOUR('',#22);
#5175=FILL_AREA_STYLE('',(#5174));
#5176=SURFACE_STYLE_FILL_AREA(#5175);
#5177=SURFACE_SIDE_STYLE('',(#5176));
#5178=SURFACE_STYLE_USAGE(.POSITIVE.,#5177);
#5179=PRESENTATION_STYLE_ASSIGNMENT((#5178));
#5180=STYLED_ITEM('',(#5179),#5173);
#5181=CARTESIAN_POINT('',(-3.5635625E-1,-8.962872420549E-1,0.E0));
#5182=DIRECTION('',(-2.473831068378E-1,9.689177459678E-1,0.E0));
#5183=DIRECTION('',(9.689177459678E-1,2.473831068378E-1,0.E0));
#5184=AXIS2_PLACEMENT_3D('',#5181,#5182,#5183);
#5185=PLANE('',#5184);
#5186=ORIENTED_EDGE('',*,*,#2633,.F.);
#5187=ORIENTED_EDGE('',*,*,#5169,.T.);
#5188=ORIENTED_EDGE('',*,*,#4534,.T.);
#5190=ORIENTED_EDGE('',*,*,#5189,.F.);
#5191=EDGE_LOOP('',(#5186,#5187,#5188,#5190));
#5192=FACE_OUTER_BOUND('',#5191,.F.);
#5193=ADVANCED_FACE('',(#5192),#5185,.T.);
#5194=FILL_AREA_STYLE_COLOUR('',#22);
#5195=FILL_AREA_STYLE('',(#5194));
#5196=SURFACE_STYLE_FILL_AREA(#5195);
#5197=SURFACE_SIDE_STYLE('',(#5196));
#5198=SURFACE_STYLE_USAGE(.POSITIVE.,#5197);
#5199=PRESENTATION_STYLE_ASSIGNMENT((#5198));
#5200=STYLED_ITEM('',(#5199),#5193);
#5201=CARTESIAN_POINT('',(-3.124812290788E-1,-8.850851157308E-1,0.E0));
#5202=DIRECTION('',(-5.627909312417E-1,8.265992787996E-1,0.E0));
#5203=DIRECTION('',(8.265992787996E-1,5.627909312417E-1,0.E0));
#5204=AXIS2_PLACEMENT_3D('',#5201,#5202,#5203);
#5205=PLANE('',#5204);
#5206=ORIENTED_EDGE('',*,*,#2635,.F.);
#5207=ORIENTED_EDGE('',*,*,#5189,.T.);
#5208=ORIENTED_EDGE('',*,*,#4532,.T.);
#5210=ORIENTED_EDGE('',*,*,#5209,.F.);
#5211=EDGE_LOOP('',(#5206,#5207,#5208,#5210));
#5212=FACE_OUTER_BOUND('',#5211,.F.);
#5213=ADVANCED_FACE('',(#5212),#5205,.T.);
#5214=FILL_AREA_STYLE_COLOUR('',#22);
#5215=FILL_AREA_STYLE('',(#5214));
#5216=SURFACE_STYLE_FILL_AREA(#5215);
#5217=SURFACE_SIDE_STYLE('',(#5216));
#5218=SURFACE_STYLE_USAGE(.POSITIVE.,#5217);
#5219=PRESENTATION_STYLE_ASSIGNMENT((#5218));
#5220=STYLED_ITEM('',(#5219),#5213);
#5221=CARTESIAN_POINT('',(-2.795749790788E-1,-8.626808630824E-1,0.E0));
#5222=DIRECTION('',(-9.506456267027E-1,3.102787334496E-1,0.E0));
#5223=DIRECTION('',(3.102787334496E-1,9.506456267027E-1,0.E0));
#5224=AXIS2_PLACEMENT_3D('',#5221,#5222,#5223);
#5225=PLANE('',#5224);
#5226=ORIENTED_EDGE('',*,*,#2637,.F.);
#5227=ORIENTED_EDGE('',*,*,#5209,.T.);
#5228=ORIENTED_EDGE('',*,*,#4530,.T.);
#5230=ORIENTED_EDGE('',*,*,#5229,.F.);
#5231=EDGE_LOOP('',(#5226,#5227,#5228,#5230));
#5232=FACE_OUTER_BOUND('',#5231,.F.);
#5233=ADVANCED_FACE('',(#5232),#5225,.T.);
#5234=FILL_AREA_STYLE_COLOUR('',#22);
#5235=FILL_AREA_STYLE('',(#5234));
#5236=SURFACE_STYLE_FILL_AREA(#5235);
#5237=SURFACE_SIDE_STYLE('',(#5236));
#5238=SURFACE_STYLE_USAGE(.POSITIVE.,#5237);
#5239=PRESENTATION_STYLE_ASSIGNMENT((#5238));
#5240=STYLED_ITEM('',(#5239),#5233);
#5241=CARTESIAN_POINT('',(-2.686062709212E-1,-8.290744527280E-1,0.E0));
#5242=DIRECTION('',(0.E0,1.E0,0.E0));
#5243=DIRECTION('',(1.E0,0.E0,0.E0));
#5244=AXIS2_PLACEMENT_3D('',#5241,#5242,#5243);
#5245=PLANE('',#5244);
#5246=ORIENTED_EDGE('',*,*,#2639,.F.);
#5247=ORIENTED_EDGE('',*,*,#5229,.T.);
#5248=ORIENTED_EDGE('',*,*,#4528,.T.);
#5250=ORIENTED_EDGE('',*,*,#5249,.F.);
#5251=EDGE_LOOP('',(#5246,#5247,#5248,#5250));
#5252=FACE_OUTER_BOUND('',#5251,.F.);
#5253=ADVANCED_FACE('',(#5252),#5245,.T.);
#5254=FILL_AREA_STYLE_COLOUR('',#22);
#5255=FILL_AREA_STYLE('',(#5254));
#5256=SURFACE_STYLE_FILL_AREA(#5255);
#5257=SURFACE_SIDE_STYLE('',(#5256));
#5258=SURFACE_STYLE_USAGE(.POSITIVE.,#5257);
#5259=PRESENTATION_STYLE_ASSIGNMENT((#5258));
#5260=STYLED_ITEM('',(#5259),#5253);
#5261=CARTESIAN_POINT('',(-2.027937709212E-1,-8.290744527280E-1,0.E0));
#5262=DIRECTION('',(9.813592930674E-1,-1.921820436730E-1,0.E0));
#5263=DIRECTION('',(-1.921820436730E-1,-9.813592930674E-1,0.E0));
#5264=AXIS2_PLACEMENT_3D('',#5261,#5262,#5263);
#5265=PLANE('',#5264);
#5266=ORIENTED_EDGE('',*,*,#2641,.F.);
#5267=ORIENTED_EDGE('',*,*,#5249,.T.);
#5268=ORIENTED_EDGE('',*,*,#4526,.T.);
#5270=ORIENTED_EDGE('',*,*,#5269,.F.);
#5271=EDGE_LOOP('',(#5266,#5267,#5268,#5270));
#5272=FACE_OUTER_BOUND('',#5271,.F.);
#5273=ADVANCED_FACE('',(#5272),#5265,.T.);
#5274=FILL_AREA_STYLE_COLOUR('',#22);
#5275=FILL_AREA_STYLE('',(#5274));
#5276=SURFACE_STYLE_FILL_AREA(#5275);
#5277=SURFACE_SIDE_STYLE('',(#5276));
#5278=SURFACE_STYLE_USAGE(.POSITIVE.,#5277);
#5279=PRESENTATION_STYLE_ASSIGNMENT((#5278));
#5280=STYLED_ITEM('',(#5279),#5273);
#5281=CARTESIAN_POINT('',(-2.137624790788E-1,-8.850851157308E-1,0.E0));
#5282=DIRECTION('',(7.145102180353E-1,-6.996250055017E-1,0.E0));
#5283=DIRECTION('',(-6.996250055017E-1,-7.145102180353E-1,0.E0));
#5284=AXIS2_PLACEMENT_3D('',#5281,#5282,#5283);
#5285=PLANE('',#5284);
#5286=ORIENTED_EDGE('',*,*,#2643,.F.);
#5287=ORIENTED_EDGE('',*,*,#5269,.T.);
#5288=ORIENTED_EDGE('',*,*,#4524,.T.);
#5290=ORIENTED_EDGE('',*,*,#5289,.F.);
#5291=EDGE_LOOP('',(#5286,#5287,#5288,#5290));
#5292=FACE_OUTER_BOUND('',#5291,.F.);
#5293=ADVANCED_FACE('',(#5292),#5285,.T.);
#5294=FILL_AREA_STYLE_COLOUR('',#22);
#5295=FILL_AREA_STYLE('',(#5294));
#5296=SURFACE_STYLE_FILL_AREA(#5295);
#5297=SURFACE_SIDE_STYLE('',(#5296));
#5298=SURFACE_STYLE_USAGE(.POSITIVE.,#5297);
#5299=PRESENTATION_STYLE_ASSIGNMENT((#5298));
#5300=STYLED_ITEM('',(#5299),#5293);
#5301=CARTESIAN_POINT('',(-2.576375E-1,-9.298936210275E-1,0.E0));
#5302=DIRECTION('',(4.547769415434E-1,-8.906053746977E-1,0.E0));
#5303=DIRECTION('',(-8.906053746977E-1,-4.547769415434E-1,0.E0));
#5304=AXIS2_PLACEMENT_3D('',#5301,#5302,#5303);
#5305=PLANE('',#5304);
#5306=ORIENTED_EDGE('',*,*,#2645,.F.);
#5307=ORIENTED_EDGE('',*,*,#5289,.T.);
#5308=ORIENTED_EDGE('',*,*,#4522,.T.);
#5310=ORIENTED_EDGE('',*,*,#5309,.F.);
#5311=EDGE_LOOP('',(#5306,#5307,#5308,#5310));
#5312=FACE_OUTER_BOUND('',#5311,.F.);
#5313=ADVANCED_FACE('',(#5312),#5305,.T.);
#5314=FILL_AREA_STYLE_COLOUR('',#22);
#5315=FILL_AREA_STYLE('',(#5314));
#5316=SURFACE_STYLE_FILL_AREA(#5315);
#5317=SURFACE_SIDE_STYLE('',(#5316));
#5318=SURFACE_STYLE_USAGE(.POSITIVE.,#5317);
#5319=PRESENTATION_STYLE_ASSIGNMENT((#5318));
#5320=STYLED_ITEM('',(#5319),#5313);
#5321=CARTESIAN_POINT('',(-3.015125209212E-1,-9.522978736758E-1,0.E0));
#5322=DIRECTION('',(2.001234283435E-1,-9.797706943097E-1,0.E0));
#5323=DIRECTION('',(-9.797706943097E-1,-2.001234283435E-1,0.E0));
#5324=AXIS2_PLACEMENT_3D('',#5321,#5322,#5323);
#5325=PLANE('',#5324);
#5326=ORIENTED_EDGE('',*,*,#2647,.F.);
#5327=ORIENTED_EDGE('',*,*,#5309,.T.);
#5328=ORIENTED_EDGE('',*,*,#4520,.T.);
#5330=ORIENTED_EDGE('',*,*,#5329,.F.);
#5331=EDGE_LOOP('',(#5326,#5327,#5328,#5330));
#5332=FACE_OUTER_BOUND('',#5331,.F.);
#5333=ADVANCED_FACE('',(#5332),#5325,.T.);
#5334=FILL_AREA_STYLE_COLOUR('',#22);
#5335=FILL_AREA_STYLE('',(#5334));
#5336=SURFACE_STYLE_FILL_AREA(#5335);
#5337=SURFACE_SIDE_STYLE('',(#5336));
#5338=SURFACE_STYLE_USAGE(.POSITIVE.,#5337);
#5339=PRESENTATION_STYLE_ASSIGNMENT((#5338));
#5340=STYLED_ITEM('',(#5339),#5333);
#5341=CARTESIAN_POINT('',(-3.5635625E-1,-9.635E-1,0.E0));
#5342=DIRECTION('',(0.E0,-1.E0,0.E0));
#5343=DIRECTION('',(-1.E0,0.E0,0.E0));
#5344=AXIS2_PLACEMENT_3D('',#5341,#5342,#5343);
#5345=PLANE('',#5344);
#5346=ORIENTED_EDGE('',*,*,#2649,.F.);
#5347=ORIENTED_EDGE('',*,*,#5329,.T.);
#5348=ORIENTED_EDGE('',*,*,#4518,.T.);
#5350=ORIENTED_EDGE('',*,*,#5349,.F.);
#5351=EDGE_LOOP('',(#5346,#5347,#5348,#5350));
#5352=FACE_OUTER_BOUND('',#5351,.F.);
#5353=ADVANCED_FACE('',(#5352),#5345,.T.);
#5354=FILL_AREA_STYLE_COLOUR('',#22);
#5355=FILL_AREA_STYLE('',(#5354));
#5356=SURFACE_STYLE_FILL_AREA(#5355);
#5357=SURFACE_SIDE_STYLE('',(#5356));
#5358=SURFACE_STYLE_USAGE(.POSITIVE.,#5357);
#5359=PRESENTATION_STYLE_ASSIGNMENT((#5358));
#5360=STYLED_ITEM('',(#5359),#5353);
#5361=CARTESIAN_POINT('',(-4.55075E-1,-9.635E-1,0.E0));
#5362=DIRECTION('',(-2.001234283435E-1,-9.797706943097E-1,0.E0));
#5363=DIRECTION('',(-9.797706943097E-1,2.001234283435E-1,0.E0));
#5364=AXIS2_PLACEMENT_3D('',#5361,#5362,#5363);
#5365=PLANE('',#5364);
#5366=ORIENTED_EDGE('',*,*,#2651,.F.);
#5367=ORIENTED_EDGE('',*,*,#5349,.T.);
#5368=ORIENTED_EDGE('',*,*,#4516,.T.);
#5370=ORIENTED_EDGE('',*,*,#5369,.F.);
#5371=EDGE_LOOP('',(#5366,#5367,#5368,#5370));
#5372=FACE_OUTER_BOUND('',#5371,.F.);
#5373=ADVANCED_FACE('',(#5372),#5365,.T.);
#5374=FILL_AREA_STYLE_COLOUR('',#22);
#5375=FILL_AREA_STYLE('',(#5374));
#5376=SURFACE_STYLE_FILL_AREA(#5375);
#5377=SURFACE_SIDE_STYLE('',(#5376));
#5378=SURFACE_STYLE_USAGE(.POSITIVE.,#5377);
#5379=PRESENTATION_STYLE_ASSIGNMENT((#5378));
#5380=STYLED_ITEM('',(#5379),#5373);
#5381=CARTESIAN_POINT('',(-5.099187290788E-1,-9.522978736758E-1,0.E0));
#5382=DIRECTION('',(-4.547769415434E-1,-8.906053746977E-1,0.E0));
#5383=DIRECTION('',(-8.906053746977E-1,4.547769415434E-1,0.E0));
#5384=AXIS2_PLACEMENT_3D('',#5381,#5382,#5383);
#5385=PLANE('',#5384);
#5386=ORIENTED_EDGE('',*,*,#2653,.F.);
#5387=ORIENTED_EDGE('',*,*,#5369,.T.);
#5388=ORIENTED_EDGE('',*,*,#4514,.T.);
#5390=ORIENTED_EDGE('',*,*,#5389,.F.);
#5391=EDGE_LOOP('',(#5386,#5387,#5388,#5390));
#5392=FACE_OUTER_BOUND('',#5391,.F.);
#5393=ADVANCED_FACE('',(#5392),#5385,.T.);
#5394=FILL_AREA_STYLE_COLOUR('',#22);
#5395=FILL_AREA_STYLE('',(#5394));
#5396=SURFACE_STYLE_FILL_AREA(#5395);
#5397=SURFACE_SIDE_STYLE('',(#5396));
#5398=SURFACE_STYLE_USAGE(.POSITIVE.,#5397);
#5399=PRESENTATION_STYLE_ASSIGNMENT((#5398));
#5400=STYLED_ITEM('',(#5399),#5393);
#5401=CARTESIAN_POINT('',(-5.5379375E-1,-9.298936210275E-1,0.E0));
#5402=DIRECTION('',(-7.145104681851E-1,-6.996247500295E-1,0.E0));
#5403=DIRECTION('',(-6.996247500295E-1,7.145104681851E-1,0.E0));
#5404=AXIS2_PLACEMENT_3D('',#5401,#5402,#5403);
#5405=PLANE('',#5404);
#5406=ORIENTED_EDGE('',*,*,#2655,.F.);
#5407=ORIENTED_EDGE('',*,*,#5389,.T.);
#5408=ORIENTED_EDGE('',*,*,#4512,.T.);
#5410=ORIENTED_EDGE('',*,*,#5409,.F.);
#5411=EDGE_LOOP('',(#5406,#5407,#5408,#5410));
#5412=FACE_OUTER_BOUND('',#5411,.F.);
#5413=ADVANCED_FACE('',(#5412),#5405,.T.);
#5414=FILL_AREA_STYLE_COLOUR('',#22);
#5415=FILL_AREA_STYLE('',(#5414));
#5416=SURFACE_STYLE_FILL_AREA(#5415);
#5417=SURFACE_SIDE_STYLE('',(#5416));
#5418=SURFACE_STYLE_USAGE(.POSITIVE.,#5417);
#5419=PRESENTATION_STYLE_ASSIGNMENT((#5418));
#5420=STYLED_ITEM('',(#5419),#5413);
#5421=CARTESIAN_POINT('',(-5.976687395394E-1,-8.850851157308E-1,0.E0));
#5422=DIRECTION('',(-8.981380143666E-1,-4.397136649566E-1,0.E0));
#5423=DIRECTION('',(-4.397136649566E-1,8.981380143666E-1,0.E0));
#5424=AXIS2_PLACEMENT_3D('',#5421,#5422,#5423);
#5425=PLANE('',#5424);
#5426=ORIENTED_EDGE('',*,*,#2657,.F.);
#5427=ORIENTED_EDGE('',*,*,#5409,.T.);
#5428=ORIENTED_EDGE('',*,*,#4510,.T.);
#5430=ORIENTED_EDGE('',*,*,#5429,.F.);
#5431=EDGE_LOOP('',(#5426,#5427,#5428,#5430));
#5432=FACE_OUTER_BOUND('',#5431,.F.);
#5433=ADVANCED_FACE('',(#5432),#5425,.T.);
#5434=FILL_AREA_STYLE_COLOUR('',#22);
#5435=FILL_AREA_STYLE('',(#5434));
#5436=SURFACE_STYLE_FILL_AREA(#5435);
#5437=SURFACE_SIDE_STYLE('',(#5436));
#5438=SURFACE_STYLE_USAGE(.POSITIVE.,#5437);
#5439=PRESENTATION_STYLE_ASSIGNMENT((#5438));
#5440=STYLED_ITEM('',(#5439),#5433);
#5441=CARTESIAN_POINT('',(-6.1960625E-1,-8.402766104341E-1,0.E0));
#5442=DIRECTION('',(-9.813591893677E-1,-1.921825732045E-1,0.E0));
#5443=DIRECTION('',(-1.921825732045E-1,9.813591893677E-1,0.E0));
#5444=AXIS2_PLACEMENT_3D('',#5441,#5442,#5443);
#5445=PLANE('',#5444);
#5446=ORIENTED_EDGE('',*,*,#2659,.F.);
#5447=ORIENTED_EDGE('',*,*,#5429,.T.);
#5448=ORIENTED_EDGE('',*,*,#4508,.T.);
#5450=ORIENTED_EDGE('',*,*,#5449,.F.);
#5451=EDGE_LOOP('',(#5446,#5447,#5448,#5450));
#5452=FACE_OUTER_BOUND('',#5451,.F.);
#5453=ADVANCED_FACE('',(#5452),#5445,.T.);
#5454=FILL_AREA_STYLE_COLOUR('',#22);
#5455=FILL_AREA_STYLE('',(#5454));
#5456=SURFACE_STYLE_FILL_AREA(#5455);
#5457=SURFACE_SIDE_STYLE('',(#5456));
#5458=SURFACE_STYLE_USAGE(.POSITIVE.,#5457);
#5459=PRESENTATION_STYLE_ASSIGNMENT((#5458));
#5460=STYLED_ITEM('',(#5459),#5453);
#5461=CARTESIAN_POINT('',(-6.305749895394E-1,-7.842659474313E-1,0.E0));
#5462=DIRECTION('',(-1.E0,0.E0,0.E0));
#5463=DIRECTION('',(0.E0,1.E0,0.E0));
#5464=AXIS2_PLACEMENT_3D('',#5461,#5462,#5463);
#5465=PLANE('',#5464);
#5466=ORIENTED_EDGE('',*,*,#2661,.F.);
#5467=ORIENTED_EDGE('',*,*,#5449,.T.);
#5468=ORIENTED_EDGE('',*,*,#4506,.T.);
#5470=ORIENTED_EDGE('',*,*,#5469,.F.);
#5471=EDGE_LOOP('',(#5466,#5467,#5468,#5470));
#5472=FACE_OUTER_BOUND('',#5471,.F.);
#5473=ADVANCED_FACE('',(#5472),#5465,.T.);
#5474=FILL_AREA_STYLE_COLOUR('',#22);
#5475=FILL_AREA_STYLE('',(#5474));
#5476=SURFACE_STYLE_FILL_AREA(#5475);
#5477=SURFACE_SIDE_STYLE('',(#5476));
#5478=SURFACE_STYLE_USAGE(.POSITIVE.,#5477);
#5479=PRESENTATION_STYLE_ASSIGNMENT((#5478));
#5480=STYLED_ITEM('',(#5479),#5473);
#5481=CARTESIAN_POINT('',(-6.305749895394E-1,-6.162340368778E-1,0.E0));
#5482=DIRECTION('',(-9.813591690599E-1,1.921826769043E-1,0.E0));
#5483=DIRECTION('',(1.921826769043E-1,9.813591690599E-1,0.E0));
#5484=AXIS2_PLACEMENT_3D('',#5481,#5482,#5483);
#5485=PLANE('',#5484);
#5486=ORIENTED_EDGE('',*,*,#2663,.F.);
#5487=ORIENTED_EDGE('',*,*,#5469,.T.);
#5488=ORIENTED_EDGE('',*,*,#4504,.T.);
#5489=ORIENTED_EDGE('',*,*,#2522,.F.);
#5490=EDGE_LOOP('',(#5486,#5487,#5488,#5489));
#5491=FACE_OUTER_BOUND('',#5490,.F.);
#5492=ADVANCED_FACE('',(#5491),#5485,.T.);
#5493=FILL_AREA_STYLE_COLOUR('',#22);
#5494=FILL_AREA_STYLE('',(#5493));
#5495=SURFACE_STYLE_FILL_AREA(#5494);
#5496=SURFACE_SIDE_STYLE('',(#5495));
#5497=SURFACE_STYLE_USAGE(.POSITIVE.,#5496);
#5498=PRESENTATION_STYLE_ASSIGNMENT((#5497));
#5499=STYLED_ITEM('',(#5498),#5492);
#5500=CARTESIAN_POINT('',(2.798312081575E-1,-5.042127657905E-1,0.E0));
#5501=DIRECTION('',(0.E0,-1.E0,0.E0));
#5502=DIRECTION('',(-1.E0,0.E0,0.E0));
#5503=AXIS2_PLACEMENT_3D('',#5500,#5501,#5502);
#5504=PLANE('',#5503);
#5505=ORIENTED_EDGE('',*,*,#2684,.F.);
#5507=ORIENTED_EDGE('',*,*,#5506,.T.);
#5508=ORIENTED_EDGE('',*,*,#4579,.T.);
#5510=ORIENTED_EDGE('',*,*,#5509,.F.);
#5511=EDGE_LOOP('',(#5505,#5507,#5508,#5510));
#5512=FACE_OUTER_BOUND('',#5511,.F.);
#5513=ADVANCED_FACE('',(#5512),#5504,.T.);
#5514=FILL_AREA_STYLE_COLOUR('',#22);
#5515=FILL_AREA_STYLE('',(#5514));
#5516=SURFACE_STYLE_FILL_AREA(#5515);
#5517=SURFACE_SIDE_STYLE('',(#5516));
#5518=SURFACE_STYLE_USAGE(.POSITIVE.,#5517);
#5519=PRESENTATION_STYLE_ASSIGNMENT((#5518));
#5520=STYLED_ITEM('',(#5519),#5513);
#5521=CARTESIAN_POINT('',(2.798312081575E-1,-4.37E-1,0.E0));
#5522=DIRECTION('',(1.E0,0.E0,0.E0));
#5523=DIRECTION('',(0.E0,-1.E0,0.E0));
#5524=AXIS2_PLACEMENT_3D('',#5521,#5522,#5523);
#5525=PLANE('',#5524);
#5526=ORIENTED_EDGE('',*,*,#2706,.F.);
#5528=ORIENTED_EDGE('',*,*,#5527,.T.);
#5529=ORIENTED_EDGE('',*,*,#4581,.T.);
#5530=ORIENTED_EDGE('',*,*,#5506,.F.);
#5531=EDGE_LOOP('',(#5526,#5528,#5529,#5530));
#5532=FACE_OUTER_BOUND('',#5531,.F.);
#5533=ADVANCED_FACE('',(#5532),#5525,.T.);
#5534=FILL_AREA_STYLE_COLOUR('',#22);
#5535=FILL_AREA_STYLE('',(#5534));
#5536=SURFACE_STYLE_FILL_AREA(#5535);
#5537=SURFACE_SIDE_STYLE('',(#5536));
#5538=SURFACE_STYLE_USAGE(.POSITIVE.,#5537);
#5539=PRESENTATION_STYLE_ASSIGNMENT((#5538));
#5540=STYLED_ITEM('',(#5539),#5533);
#5541=CARTESIAN_POINT('',(-1.150437290788E-1,-4.37E-1,0.E0));
#5542=DIRECTION('',(0.E0,1.E0,0.E0));
#5543=DIRECTION('',(1.E0,0.E0,0.E0));
#5544=AXIS2_PLACEMENT_3D('',#5541,#5542,#5543);
#5545=PLANE('',#5544);
#5546=ORIENTED_EDGE('',*,*,#2704,.F.);
#5548=ORIENTED_EDGE('',*,*,#5547,.T.);
#5549=ORIENTED_EDGE('',*,*,#4583,.T.);
#5550=ORIENTED_EDGE('',*,*,#5527,.F.);
#5551=EDGE_LOOP('',(#5546,#5548,#5549,#5550));
#5552=FACE_OUTER_BOUND('',#5551,.F.);
#5553=ADVANCED_FACE('',(#5552),#5545,.T.);
#5554=FILL_AREA_STYLE_COLOUR('',#22);
#5555=FILL_AREA_STYLE('',(#5554));
#5556=SURFACE_STYLE_FILL_AREA(#5555);
#5557=SURFACE_SIDE_STYLE('',(#5556));
#5558=SURFACE_STYLE_USAGE(.POSITIVE.,#5557);
#5559=PRESENTATION_STYLE_ASSIGNMENT((#5558));
#5560=STYLED_ITEM('',(#5559),#5553);
#5561=CARTESIAN_POINT('',(-1.150437290788E-1,-9.635E-1,0.E0));
#5562=DIRECTION('',(-1.E0,0.E0,0.E0));
#5563=DIRECTION('',(0.E0,1.E0,0.E0));
#5564=AXIS2_PLACEMENT_3D('',#5561,#5562,#5563);
#5565=PLANE('',#5564);
#5566=ORIENTED_EDGE('',*,*,#2702,.F.);
#5568=ORIENTED_EDGE('',*,*,#5567,.T.);
#5569=ORIENTED_EDGE('',*,*,#4585,.T.);
#5570=ORIENTED_EDGE('',*,*,#5547,.F.);
#5571=EDGE_LOOP('',(#5566,#5568,#5569,#5570));
#5572=FACE_OUTER_BOUND('',#5571,.F.);
#5573=ADVANCED_FACE('',(#5572),#5565,.T.);
#5574=FILL_AREA_STYLE_COLOUR('',#22);
#5575=FILL_AREA_STYLE('',(#5574));
#5576=SURFACE_STYLE_FILL_AREA(#5575);
#5577=SURFACE_SIDE_STYLE('',(#5576));
#5578=SURFACE_STYLE_USAGE(.POSITIVE.,#5577);
#5579=PRESENTATION_STYLE_ASSIGNMENT((#5578));
#5580=STYLED_ITEM('',(#5579),#5573);
#5581=CARTESIAN_POINT('',(2.798312081575E-1,-9.635E-1,0.E0));
#5582=DIRECTION('',(0.E0,-1.E0,0.E0));
#5583=DIRECTION('',(-1.E0,0.E0,0.E0));
#5584=AXIS2_PLACEMENT_3D('',#5581,#5582,#5583);
#5585=PLANE('',#5584);
#5586=ORIENTED_EDGE('',*,*,#2700,.F.);
#5588=ORIENTED_EDGE('',*,*,#5587,.T.);
#5589=ORIENTED_EDGE('',*,*,#4587,.T.);
#5590=ORIENTED_EDGE('',*,*,#5567,.F.);
#5591=EDGE_LOOP('',(#5586,#5588,#5589,#5590));
#5592=FACE_OUTER_BOUND('',#5591,.F.);
#5593=ADVANCED_FACE('',(#5592),#5585,.T.);
#5594=FILL_AREA_STYLE_COLOUR('',#22);
#5595=FILL_AREA_STYLE('',(#5594));
#5596=SURFACE_STYLE_FILL_AREA(#5595);
#5597=SURFACE_SIDE_STYLE('',(#5596));
#5598=SURFACE_STYLE_USAGE(.POSITIVE.,#5597);
#5599=PRESENTATION_STYLE_ASSIGNMENT((#5598));
#5600=STYLED_ITEM('',(#5599),#5593);
#5601=CARTESIAN_POINT('',(2.798312081575E-1,-8.962872420549E-1,0.E0));
#5602=DIRECTION('',(1.E0,0.E0,0.E0));
#5603=DIRECTION('',(0.E0,-1.E0,0.E0));
#5604=AXIS2_PLACEMENT_3D('',#5601,#5602,#5603);
#5605=PLANE('',#5604);
#5606=ORIENTED_EDGE('',*,*,#2698,.F.);
#5608=ORIENTED_EDGE('',*,*,#5607,.T.);
#5609=ORIENTED_EDGE('',*,*,#4589,.T.);
#5610=ORIENTED_EDGE('',*,*,#5587,.F.);
#5611=EDGE_LOOP('',(#5606,#5608,#5609,#5610));
#5612=FACE_OUTER_BOUND('',#5611,.F.);
#5613=ADVANCED_FACE('',(#5612),#5605,.T.);
#5614=FILL_AREA_STYLE_COLOUR('',#22);
#5615=FILL_AREA_STYLE('',(#5614));
#5616=SURFACE_STYLE_FILL_AREA(#5615);
#5617=SURFACE_SIDE_STYLE('',(#5616));
#5618=SURFACE_STYLE_USAGE(.POSITIVE.,#5617);
#5619=PRESENTATION_STYLE_ASSIGNMENT((#5618));
#5620=STYLED_ITEM('',(#5619),#5613);
#5621=CARTESIAN_POINT('',(-4.923129184246E-2,-8.962872420549E-1,0.E0));
#5622=DIRECTION('',(0.E0,1.E0,0.E0));
#5623=DIRECTION('',(1.E0,0.E0,0.E0));
#5624=AXIS2_PLACEMENT_3D('',#5621,#5622,#5623);
#5625=PLANE('',#5624);
#5626=ORIENTED_EDGE('',*,*,#2696,.F.);
#5628=ORIENTED_EDGE('',*,*,#5627,.T.);
#5629=ORIENTED_EDGE('',*,*,#4591,.T.);
#5630=ORIENTED_EDGE('',*,*,#5607,.F.);
#5631=EDGE_LOOP('',(#5626,#5628,#5629,#5630));
#5632=FACE_OUTER_BOUND('',#5631,.F.);
#5633=ADVANCED_FACE('',(#5632),#5625,.T.);
#5634=FILL_AREA_STYLE_COLOUR('',#22);
#5635=FILL_AREA_STYLE('',(#5634));
#5636=SURFACE_STYLE_FILL_AREA(#5635);
#5637=SURFACE_SIDE_STYLE('',(#5636));
#5638=SURFACE_STYLE_USAGE(.POSITIVE.,#5637);
#5639=PRESENTATION_STYLE_ASSIGNMENT((#5638));
#5640=STYLED_ITEM('',(#5639),#5633);
#5641=CARTESIAN_POINT('',(-4.923129184246E-2,-7.506595684588E-1,0.E0));
#5642=DIRECTION('',(1.E0,0.E0,0.E0));
#5643=DIRECTION('',(0.E0,-1.E0,0.E0));
#5644=AXIS2_PLACEMENT_3D('',#5641,#5642,#5643);
#5645=PLANE('',#5644);
#5646=ORIENTED_EDGE('',*,*,#2694,.F.);
#5648=ORIENTED_EDGE('',*,*,#5647,.T.);
#5649=ORIENTED_EDGE('',*,*,#4593,.T.);
#5650=ORIENTED_EDGE('',*,*,#5627,.F.);
#5651=EDGE_LOOP('',(#5646,#5648,#5649,#5650));
#5652=FACE_OUTER_BOUND('',#5651,.F.);
#5653=ADVANCED_FACE('',(#5652),#5645,.T.);
#5654=FILL_AREA_STYLE_COLOUR('',#22);
#5655=FILL_AREA_STYLE('',(#5654));
#5656=SURFACE_STYLE_FILL_AREA(#5655);
#5657=SURFACE_SIDE_STYLE('',(#5656));
#5658=SURFACE_STYLE_USAGE(.POSITIVE.,#5657);
#5659=PRESENTATION_STYLE_ASSIGNMENT((#5658));
#5660=STYLED_ITEM('',(#5659),#5653);
#5661=CARTESIAN_POINT('',(2.3595625E-1,-7.506595684588E-1,0.E0));
#5662=DIRECTION('',(0.E0,-1.E0,0.E0));
#5663=DIRECTION('',(-1.E0,0.E0,0.E0));
#5664=AXIS2_PLACEMENT_3D('',#5661,#5662,#5663);
#5665=PLANE('',#5664);
#5666=ORIENTED_EDGE('',*,*,#2692,.F.);
#5668=ORIENTED_EDGE('',*,*,#5667,.T.);
#5669=ORIENTED_EDGE('',*,*,#4595,.T.);
#5670=ORIENTED_EDGE('',*,*,#5647,.F.);
#5671=EDGE_LOOP('',(#5666,#5668,#5669,#5670));
#5672=FACE_OUTER_BOUND('',#5671,.F.);
#5673=ADVANCED_FACE('',(#5672),#5665,.T.);
#5674=FILL_AREA_STYLE_COLOUR('',#22);
#5675=FILL_AREA_STYLE('',(#5674));
#5676=SURFACE_STYLE_FILL_AREA(#5675);
#5677=SURFACE_SIDE_STYLE('',(#5676));
#5678=SURFACE_STYLE_USAGE(.POSITIVE.,#5677);
#5679=PRESENTATION_STYLE_ASSIGNMENT((#5678));
#5680=STYLED_ITEM('',(#5679),#5673);
#5681=CARTESIAN_POINT('',(2.3595625E-1,-6.834468105137E-1,0.E0));
#5682=DIRECTION('',(1.E0,0.E0,0.E0));
#5683=DIRECTION('',(0.E0,-1.E0,0.E0));
#5684=AXIS2_PLACEMENT_3D('',#5681,#5682,#5683);
#5685=PLANE('',#5684);
#5686=ORIENTED_EDGE('',*,*,#2690,.F.);
#5688=ORIENTED_EDGE('',*,*,#5687,.T.);
#5689=ORIENTED_EDGE('',*,*,#4597,.T.);
#5690=ORIENTED_EDGE('',*,*,#5667,.F.);
#5691=EDGE_LOOP('',(#5686,#5688,#5689,#5690));
#5692=FACE_OUTER_BOUND('',#5691,.F.);
#5693=ADVANCED_FACE('',(#5692),#5685,.T.);
#5694=FILL_AREA_STYLE_COLOUR('',#22);
#5695=FILL_AREA_STYLE('',(#5694));
#5696=SURFACE_STYLE_FILL_AREA(#5695);
#5697=SURFACE_SIDE_STYLE('',(#5696));
#5698=SURFACE_STYLE_USAGE(.POSITIVE.,#5697);
#5699=PRESENTATION_STYLE_ASSIGNMENT((#5698));
#5700=STYLED_ITEM('',(#5699),#5693);
#5701=CARTESIAN_POINT('',(-4.923129184246E-2,-6.834468105137E-1,0.E0));
#5702=DIRECTION('',(0.E0,1.E0,0.E0));
#5703=DIRECTION('',(1.E0,0.E0,0.E0));
#5704=AXIS2_PLACEMENT_3D('',#5701,#5702,#5703);
#5705=PLANE('',#5704);
#5706=ORIENTED_EDGE('',*,*,#2688,.F.);
#5708=ORIENTED_EDGE('',*,*,#5707,.T.);
#5709=ORIENTED_EDGE('',*,*,#4599,.T.);
#5710=ORIENTED_EDGE('',*,*,#5687,.F.);
#5711=EDGE_LOOP('',(#5706,#5708,#5709,#5710));
#5712=FACE_OUTER_BOUND('',#5711,.F.);
#5713=ADVANCED_FACE('',(#5712),#5705,.T.);
#5714=FILL_AREA_STYLE_COLOUR('',#22);
#5715=FILL_AREA_STYLE('',(#5714));
#5716=SURFACE_STYLE_FILL_AREA(#5715);
#5717=SURFACE_SIDE_STYLE('',(#5716));
#5718=SURFACE_STYLE_USAGE(.POSITIVE.,#5717);
#5719=PRESENTATION_STYLE_ASSIGNMENT((#5718));
#5720=STYLED_ITEM('',(#5719),#5713);
#5721=CARTESIAN_POINT('',(-4.923129184246E-2,-5.042127657905E-1,0.E0));
#5722=DIRECTION('',(1.E0,0.E0,0.E0));
#5723=DIRECTION('',(0.E0,-1.E0,0.E0));
#5724=AXIS2_PLACEMENT_3D('',#5721,#5722,#5723);
#5725=PLANE('',#5724);
#5726=ORIENTED_EDGE('',*,*,#2686,.F.);
#5727=ORIENTED_EDGE('',*,*,#5509,.T.);
#5728=ORIENTED_EDGE('',*,*,#4601,.T.);
#5729=ORIENTED_EDGE('',*,*,#5707,.F.);
#5730=EDGE_LOOP('',(#5726,#5727,#5728,#5729));
#5731=FACE_OUTER_BOUND('',#5730,.F.);
#5732=ADVANCED_FACE('',(#5731),#5725,.T.);
#5733=FILL_AREA_STYLE_COLOUR('',#22);
#5734=FILL_AREA_STYLE('',(#5733));
#5735=SURFACE_STYLE_FILL_AREA(#5734);
#5736=SURFACE_SIDE_STYLE('',(#5735));
#5737=SURFACE_STYLE_USAGE(.POSITIVE.,#5736);
#5738=PRESENTATION_STYLE_ASSIGNMENT((#5737));
#5739=STYLED_ITEM('',(#5738),#5732);
#5740=CARTESIAN_POINT('',(6.3083125E-1,-9.635E-1,0.E0));
#5741=DIRECTION('',(0.E0,-1.E0,0.E0));
#5742=DIRECTION('',(-1.E0,0.E0,0.E0));
#5743=AXIS2_PLACEMENT_3D('',#5740,#5741,#5742);
#5744=PLANE('',#5743);
#5745=ORIENTED_EDGE('',*,*,#2710,.F.);
#5747=ORIENTED_EDGE('',*,*,#5746,.T.);
#5748=ORIENTED_EDGE('',*,*,#4618,.T.);
#5750=ORIENTED_EDGE('',*,*,#5749,.F.);
#5751=EDGE_LOOP('',(#5745,#5747,#5748,#5750));
#5752=FACE_OUTER_BOUND('',#5751,.F.);
#5753=ADVANCED_FACE('',(#5752),#5744,.T.);
#5754=FILL_AREA_STYLE_COLOUR('',#22);
#5755=FILL_AREA_STYLE('',(#5754));
#5756=SURFACE_STYLE_FILL_AREA(#5755);
#5757=SURFACE_SIDE_STYLE('',(#5756));
#5758=SURFACE_STYLE_USAGE(.POSITIVE.,#5757);
#5759=PRESENTATION_STYLE_ASSIGNMENT((#5758));
#5760=STYLED_ITEM('',(#5759),#5753);
#5761=CARTESIAN_POINT('',(6.856750418425E-1,-9.522978736758E-1,0.E0));
#5762=DIRECTION('',(2.001232084928E-1,-9.797707392153E-1,0.E0));
#5763=DIRECTION('',(-9.797707392153E-1,-2.001232084928E-1,0.E0));
#5764=AXIS2_PLACEMENT_3D('',#5761,#5762,#5763);
#5765=PLANE('',#5764);
#5766=ORIENTED_EDGE('',*,*,#2736,.F.);
#5768=ORIENTED_EDGE('',*,*,#5767,.T.);
#5769=ORIENTED_EDGE('',*,*,#4620,.T.);
#5770=ORIENTED_EDGE('',*,*,#5746,.F.);
#5771=EDGE_LOOP('',(#5766,#5768,#5769,#5770));
#5772=FACE_OUTER_BOUND('',#5771,.F.);
#5773=ADVANCED_FACE('',(#5772),#5765,.T.);
#5774=FILL_AREA_STYLE_COLOUR('',#22);
#5775=FILL_AREA_STYLE('',(#5774));
#5776=SURFACE_STYLE_FILL_AREA(#5775);
#5777=SURFACE_SIDE_STYLE('',(#5776));
#5778=SURFACE_STYLE_USAGE(.POSITIVE.,#5777);
#5779=PRESENTATION_STYLE_ASSIGNMENT((#5778));
#5780=STYLED_ITEM('',(#5779),#5773);
#5781=CARTESIAN_POINT('',(7.2955E-1,-9.298936210275E-1,0.E0));
#5782=DIRECTION('',(4.547774575564E-1,-8.906051112017E-1,0.E0));
#5783=DIRECTION('',(-8.906051112017E-1,-4.547774575564E-1,0.E0));
#5784=AXIS2_PLACEMENT_3D('',#5781,#5782,#5783);
#5785=PLANE('',#5784);
#5786=ORIENTED_EDGE('',*,*,#2734,.F.);
#5788=ORIENTED_EDGE('',*,*,#5787,.T.);
#5789=ORIENTED_EDGE('',*,*,#4622,.T.);
#5790=ORIENTED_EDGE('',*,*,#5767,.F.);
#5791=EDGE_LOOP('',(#5786,#5788,#5789,#5790));
#5792=FACE_OUTER_BOUND('',#5791,.F.);
#5793=ADVANCED_FACE('',(#5792),#5785,.T.);
#5794=FILL_AREA_STYLE_COLOUR('',#22);
#5795=FILL_AREA_STYLE('',(#5794));
#5796=SURFACE_STYLE_FILL_AREA(#5795);
#5797=SURFACE_SIDE_STYLE('',(#5796));
#5798=SURFACE_STYLE_USAGE(.POSITIVE.,#5797);
#5799=PRESENTATION_STYLE_ASSIGNMENT((#5798));
#5800=STYLED_ITEM('',(#5799),#5793);
#5801=CARTESIAN_POINT('',(7.734249581575E-1,-8.850851157308E-1,0.E0));
#5802=DIRECTION('',(7.145107183351E-1,-6.996244945571E-1,0.E0));
#5803=DIRECTION('',(-6.996244945571E-1,-7.145107183351E-1,0.E0));
#5804=AXIS2_PLACEMENT_3D('',#5801,#5802,#5803);
#5805=PLANE('',#5804);
#5806=ORIENTED_EDGE('',*,*,#2732,.F.);
#5808=ORIENTED_EDGE('',*,*,#5807,.T.);
#5809=ORIENTED_EDGE('',*,*,#4624,.T.);
#5810=ORIENTED_EDGE('',*,*,#5787,.F.);
#5811=EDGE_LOOP('',(#5806,#5808,#5809,#5810));
#5812=FACE_OUTER_BOUND('',#5811,.F.);
#5813=ADVANCED_FACE('',(#5812),#5805,.T.);
#5814=FILL_AREA_STYLE_COLOUR('',#22);
#5815=FILL_AREA_STYLE('',(#5814));
#5816=SURFACE_STYLE_FILL_AREA(#5815);
#5817=SURFACE_SIDE_STYLE('',(#5816));
#5818=SURFACE_STYLE_USAGE(.POSITIVE.,#5817);
#5819=PRESENTATION_STYLE_ASSIGNMENT((#5818));
#5820=STYLED_ITEM('',(#5819),#5813);
#5821=CARTESIAN_POINT('',(7.953625E-1,-8.402766104341E-1,0.E0));
#5822=DIRECTION('',(8.981377659536E-1,-4.397141723527E-1,0.E0));
#5823=DIRECTION('',(-4.397141723527E-1,-8.981377659536E-1,0.E0));
#5824=AXIS2_PLACEMENT_3D('',#5821,#5822,#5823);
#5825=PLANE('',#5824);
#5826=ORIENTED_EDGE('',*,*,#2730,.F.);
#5828=ORIENTED_EDGE('',*,*,#5827,.T.);
#5829=ORIENTED_EDGE('',*,*,#4626,.T.);
#5830=ORIENTED_EDGE('',*,*,#5807,.F.);
#5831=EDGE_LOOP('',(#5826,#5828,#5829,#5830));
#5832=FACE_OUTER_BOUND('',#5831,.F.);
#5833=ADVANCED_FACE('',(#5832),#5825,.T.);
#5834=FILL_AREA_STYLE_COLOUR('',#22);
#5835=FILL_AREA_STYLE('',(#5834));
#5836=SURFACE_STYLE_FILL_AREA(#5835);
#5837=SURFACE_SIDE_STYLE('',(#5836));
#5838=SURFACE_STYLE_USAGE(.POSITIVE.,#5837);
#5839=PRESENTATION_STYLE_ASSIGNMENT((#5838));
#5840=STYLED_ITEM('',(#5839),#5833);
#5841=CARTESIAN_POINT('',(8.063312081575E-1,-7.842659474313E-1,0.E0));
#5842=DIRECTION('',(9.813592930674E-1,-1.921820436730E-1,0.E0));
#5843=DIRECTION('',(-1.921820436730E-1,-9.813592930674E-1,0.E0));
#5844=AXIS2_PLACEMENT_3D('',#5841,#5842,#5843);
#5845=PLANE('',#5844);
#5846=ORIENTED_EDGE('',*,*,#2728,.F.);
#5848=ORIENTED_EDGE('',*,*,#5847,.T.);
#5849=ORIENTED_EDGE('',*,*,#4628,.T.);
#5850=ORIENTED_EDGE('',*,*,#5827,.F.);
#5851=EDGE_LOOP('',(#5846,#5848,#5849,#5850));
#5852=FACE_OUTER_BOUND('',#5851,.F.);
#5853=ADVANCED_FACE('',(#5852),#5845,.T.);
#5854=FILL_AREA_STYLE_COLOUR('',#22);
#5855=FILL_AREA_STYLE('',(#5854));
#5856=SURFACE_STYLE_FILL_AREA(#5855);
#5857=SURFACE_SIDE_STYLE('',(#5856));
#5858=SURFACE_STYLE_USAGE(.POSITIVE.,#5857);
#5859=PRESENTATION_STYLE_ASSIGNMENT((#5858));
#5860=STYLED_ITEM('',(#5859),#5853);
#5861=CARTESIAN_POINT('',(8.063312081575E-1,-6.162340368778E-1,0.E0));
#5862=DIRECTION('',(1.E0,0.E0,0.E0));
#5863=DIRECTION('',(0.E0,-1.E0,0.E0));
#5864=AXIS2_PLACEMENT_3D('',#5861,#5862,#5863);
#5865=PLANE('',#5864);
#5866=ORIENTED_EDGE('',*,*,#2726,.F.);
#5868=ORIENTED_EDGE('',*,*,#5867,.T.);
#5869=ORIENTED_EDGE('',*,*,#4630,.T.);
#5870=ORIENTED_EDGE('',*,*,#5847,.F.);
#5871=EDGE_LOOP('',(#5866,#5868,#5869,#5870));
#5872=FACE_OUTER_BOUND('',#5871,.F.);
#5873=ADVANCED_FACE('',(#5872),#5865,.T.);
#5874=FILL_AREA_STYLE_COLOUR('',#22);
#5875=FILL_AREA_STYLE('',(#5874));
#5876=SURFACE_STYLE_FILL_AREA(#5875);
#5877=SURFACE_SIDE_STYLE('',(#5876));
#5878=SURFACE_STYLE_USAGE(.POSITIVE.,#5877);
#5879=PRESENTATION_STYLE_ASSIGNMENT((#5878));
#5880=STYLED_ITEM('',(#5879),#5873);
#5881=CARTESIAN_POINT('',(7.953625E-1,-5.602234052569E-1,0.E0));
#5882=DIRECTION('',(9.813592727596E-1,1.921821473726E-1,0.E0));
#5883=DIRECTION('',(1.921821473726E-1,-9.813592727596E-1,0.E0));
#5884=AXIS2_PLACEMENT_3D('',#5881,#5882,#5883);
#5885=PLANE('',#5884);
#5886=ORIENTED_EDGE('',*,*,#2724,.F.);
#5888=ORIENTED_EDGE('',*,*,#5887,.T.);
#5889=ORIENTED_EDGE('',*,*,#4632,.T.);
#5890=ORIENTED_EDGE('',*,*,#5867,.F.);
#5891=EDGE_LOOP('',(#5886,#5888,#5889,#5890));
#5892=FACE_OUTER_BOUND('',#5891,.F.);
#5893=ADVANCED_FACE('',(#5892),#5885,.T.);
#5894=FILL_AREA_STYLE_COLOUR('',#22);
#5895=FILL_AREA_STYLE('',(#5894));
#5896=SURFACE_STYLE_FILL_AREA(#5895);
#5897=SURFACE_SIDE_STYLE('',(#5896));
#5898=SURFACE_STYLE_USAGE(.POSITIVE.,#5897);
#5899=PRESENTATION_STYLE_ASSIGNMENT((#5898));
#5900=STYLED_ITEM('',(#5899),#5893);
#5901=CARTESIAN_POINT('',(7.734249581575E-1,-5.154148921147E-1,0.E0));
#5902=DIRECTION('',(8.981377963584E-1,4.397141102494E-1,0.E0));
#5903=DIRECTION('',(4.397141102494E-1,-8.981377963584E-1,0.E0));
#5904=AXIS2_PLACEMENT_3D('',#5901,#5902,#5903);
#5905=PLANE('',#5904);
#5906=ORIENTED_EDGE('',*,*,#2722,.F.);
#5908=ORIENTED_EDGE('',*,*,#5907,.T.);
#5909=ORIENTED_EDGE('',*,*,#4634,.T.);
#5910=ORIENTED_EDGE('',*,*,#5887,.F.);
#5911=EDGE_LOOP('',(#5906,#5908,#5909,#5910));
#5912=FACE_OUTER_BOUND('',#5911,.F.);
#5913=ADVANCED_FACE('',(#5912),#5905,.T.);
#5914=FILL_AREA_STYLE_COLOUR('',#22);
#5915=FILL_AREA_STYLE('',(#5914));
#5916=SURFACE_STYLE_FILL_AREA(#5915);
#5917=SURFACE_SIDE_STYLE('',(#5916));
#5918=SURFACE_STYLE_USAGE(.POSITIVE.,#5917);
#5919=PRESENTATION_STYLE_ASSIGNMENT((#5918));
#5920=STYLED_ITEM('',(#5919),#5913);
#5921=CARTESIAN_POINT('',(7.2955E-1,-4.706063828953E-1,0.E0));
#5922=DIRECTION('',(7.145107489524E-1,6.996244632883E-1,0.E0));
#5923=DIRECTION('',(6.996244632883E-1,-7.145107489524E-1,0.E0));
#5924=AXIS2_PLACEMENT_3D('',#5921,#5922,#5923);
#5925=PLANE('',#5924);
#5926=ORIENTED_EDGE('',*,*,#2720,.F.);
#5928=ORIENTED_EDGE('',*,*,#5927,.T.);
#5929=ORIENTED_EDGE('',*,*,#4636,.T.);
#5930=ORIENTED_EDGE('',*,*,#5907,.F.);
#5931=EDGE_LOOP('',(#5926,#5928,#5929,#5930));
#5932=FACE_OUTER_BOUND('',#5931,.F.);
#5933=ADVANCED_FACE('',(#5932),#5925,.T.);
#5934=FILL_AREA_STYLE_COLOUR('',#22);
#5935=FILL_AREA_STYLE('',(#5934));
#5936=SURFACE_STYLE_FILL_AREA(#5935);
#5937=SURFACE_SIDE_STYLE('',(#5936));
#5938=SURFACE_STYLE_USAGE(.POSITIVE.,#5937);
#5939=PRESENTATION_STYLE_ASSIGNMENT((#5938));
#5940=STYLED_ITEM('',(#5939),#5933);
#5941=CARTESIAN_POINT('',(6.856750418425E-1,-4.482021273049E-1,0.E0));
#5942=DIRECTION('',(4.547775049247E-1,8.906050870136E-1,0.E0));
#5943=DIRECTION('',(8.906050870136E-1,-4.547775049247E-1,0.E0));
#5944=AXIS2_PLACEMENT_3D('',#5941,#5942,#5943);
#5945=PLANE('',#5944);
#5946=ORIENTED_EDGE('',*,*,#2718,.F.);
#5948=ORIENTED_EDGE('',*,*,#5947,.T.);
#5949=ORIENTED_EDGE('',*,*,#4638,.T.);
#5950=ORIENTED_EDGE('',*,*,#5927,.F.);
#5951=EDGE_LOOP('',(#5946,#5948,#5949,#5950));
#5952=FACE_OUTER_BOUND('',#5951,.F.);
#5953=ADVANCED_FACE('',(#5952),#5945,.T.);
#5954=FILL_AREA_STYLE_COLOUR('',#22);
#5955=FILL_AREA_STYLE('',(#5954));
#5956=SURFACE_STYLE_FILL_AREA(#5955);
#5957=SURFACE_SIDE_STYLE('',(#5956));
#5958=SURFACE_STYLE_USAGE(.POSITIVE.,#5957);
#5959=PRESENTATION_STYLE_ASSIGNMENT((#5958));
#5960=STYLED_ITEM('',(#5959),#5953);
#5961=CARTESIAN_POINT('',(6.3083125E-1,-4.37E-1,0.E0));
#5962=DIRECTION('',(2.001232253108E-1,9.797707357802E-1,0.E0));
#5963=DIRECTION('',(9.797707357802E-1,-2.001232253108E-1,0.E0));
#5964=AXIS2_PLACEMENT_3D('',#5961,#5962,#5963);
#5965=PLANE('',#5964);
#5966=ORIENTED_EDGE('',*,*,#2716,.F.);
#5968=ORIENTED_EDGE('',*,*,#5967,.T.);
#5969=ORIENTED_EDGE('',*,*,#4640,.T.);
#5970=ORIENTED_EDGE('',*,*,#5947,.F.);
#5971=EDGE_LOOP('',(#5966,#5968,#5969,#5970));
#5972=FACE_OUTER_BOUND('',#5971,.F.);
#5973=ADVANCED_FACE('',(#5972),#5965,.T.);
#5974=FILL_AREA_STYLE_COLOUR('',#22);
#5975=FILL_AREA_STYLE('',(#5974));
#5976=SURFACE_STYLE_FILL_AREA(#5975);
#5977=SURFACE_SIDE_STYLE('',(#5976));
#5978=SURFACE_STYLE_USAGE(.POSITIVE.,#5977);
#5979=PRESENTATION_STYLE_ASSIGNMENT((#5978));
#5980=STYLED_ITEM('',(#5979),#5973);
#5981=CARTESIAN_POINT('',(3.6758125E-1,-4.37E-1,0.E0));
#5982=DIRECTION('',(0.E0,1.E0,0.E0));
#5983=DIRECTION('',(1.E0,0.E0,0.E0));
#5984=AXIS2_PLACEMENT_3D('',#5981,#5982,#5983);
#5985=PLANE('',#5984);
#5986=ORIENTED_EDGE('',*,*,#2714,.F.);
#5988=ORIENTED_EDGE('',*,*,#5987,.T.);
#5989=ORIENTED_EDGE('',*,*,#4642,.T.);
#5990=ORIENTED_EDGE('',*,*,#5967,.F.);
#5991=EDGE_LOOP('',(#5986,#5988,#5989,#5990));
#5992=FACE_OUTER_BOUND('',#5991,.F.);
#5993=ADVANCED_FACE('',(#5992),#5985,.T.);
#5994=FILL_AREA_STYLE_COLOUR('',#22);
#5995=FILL_AREA_STYLE('',(#5994));
#5996=SURFACE_STYLE_FILL_AREA(#5995);
#5997=SURFACE_SIDE_STYLE('',(#5996));
#5998=SURFACE_STYLE_USAGE(.POSITIVE.,#5997);
#5999=PRESENTATION_STYLE_ASSIGNMENT((#5998));
#6000=STYLED_ITEM('',(#5999),#5993);
#6001=CARTESIAN_POINT('',(3.6758125E-1,-9.635E-1,0.E0));
#6002=DIRECTION('',(-1.E0,0.E0,0.E0));
#6003=DIRECTION('',(0.E0,1.E0,0.E0));
#6004=AXIS2_PLACEMENT_3D('',#6001,#6002,#6003);
#6005=PLANE('',#6004);
#6006=ORIENTED_EDGE('',*,*,#2712,.F.);
#6007=ORIENTED_EDGE('',*,*,#5749,.T.);
#6008=ORIENTED_EDGE('',*,*,#4644,.T.);
#6009=ORIENTED_EDGE('',*,*,#5987,.F.);
#6010=EDGE_LOOP('',(#6006,#6007,#6008,#6009));
#6011=FACE_OUTER_BOUND('',#6010,.F.);
#6012=ADVANCED_FACE('',(#6011),#6005,.T.);
#6013=FILL_AREA_STYLE_COLOUR('',#22);
#6014=FILL_AREA_STYLE('',(#6013));
#6015=SURFACE_STYLE_FILL_AREA(#6014);
#6016=SURFACE_SIDE_STYLE('',(#6015));
#6017=SURFACE_STYLE_USAGE(.POSITIVE.,#6016);
#6018=PRESENTATION_STYLE_ASSIGNMENT((#6017));
#6019=STYLED_ITEM('',(#6018),#6012);
#6020=CARTESIAN_POINT('',(4.3339375E-1,-8.962872420549E-1,0.E0));
#6021=DIRECTION('',(0.E0,1.E0,0.E0));
#6022=DIRECTION('',(1.E0,0.E0,0.E0));
#6023=AXIS2_PLACEMENT_3D('',#6020,#6021,#6022);
#6024=PLANE('',#6023);
#6025=ORIENTED_EDGE('',*,*,#2771,.F.);
#6027=ORIENTED_EDGE('',*,*,#6026,.T.);
#6028=ORIENTED_EDGE('',*,*,#4648,.T.);
#6030=ORIENTED_EDGE('',*,*,#6029,.F.);
#6031=EDGE_LOOP('',(#6025,#6027,#6028,#6030));
#6032=FACE_OUTER_BOUND('',#6031,.F.);
#6033=ADVANCED_FACE('',(#6032),#6024,.T.);
#6034=FILL_AREA_STYLE_COLOUR('',#22);
#6035=FILL_AREA_STYLE('',(#6034));
#6036=SURFACE_STYLE_FILL_AREA(#6035);
#6037=SURFACE_SIDE_STYLE('',(#6036));
#6038=SURFACE_STYLE_USAGE(.POSITIVE.,#6037);
#6039=PRESENTATION_STYLE_ASSIGNMENT((#6038));
#6040=STYLED_ITEM('',(#6039),#6033);
#6041=CARTESIAN_POINT('',(4.3339375E-1,-5.042127657905E-1,0.E0));
#6042=DIRECTION('',(1.E0,0.E0,0.E0));
#6043=DIRECTION('',(0.E0,-1.E0,0.E0));
#6044=AXIS2_PLACEMENT_3D('',#6041,#6042,#6043);
#6045=PLANE('',#6044);
#6046=ORIENTED_EDGE('',*,*,#2793,.F.);
#6048=ORIENTED_EDGE('',*,*,#6047,.T.);
#6049=ORIENTED_EDGE('',*,*,#4650,.T.);
#6050=ORIENTED_EDGE('',*,*,#6026,.F.);
#6051=EDGE_LOOP('',(#6046,#6048,#6049,#6050));
#6052=FACE_OUTER_BOUND('',#6051,.F.);
#6053=ADVANCED_FACE('',(#6052),#6045,.T.);
#6054=FILL_AREA_STYLE_COLOUR('',#22);
#6055=FILL_AREA_STYLE('',(#6054));
#6056=SURFACE_STYLE_FILL_AREA(#6055);
#6057=SURFACE_SIDE_STYLE('',(#6056));
#6058=SURFACE_STYLE_USAGE(.POSITIVE.,#6057);
#6059=PRESENTATION_STYLE_ASSIGNMENT((#6058));
#6060=STYLED_ITEM('',(#6059),#6053);
#6061=CARTESIAN_POINT('',(6.3083125E-1,-5.042127657905E-1,0.E0));
#6062=DIRECTION('',(0.E0,-1.E0,0.E0));
#6063=DIRECTION('',(-1.E0,0.E0,0.E0));
#6064=AXIS2_PLACEMENT_3D('',#6061,#6062,#6063);
#6065=PLANE('',#6064);
#6066=ORIENTED_EDGE('',*,*,#2791,.F.);
#6068=ORIENTED_EDGE('',*,*,#6067,.T.);
#6069=ORIENTED_EDGE('',*,*,#4652,.T.);
#6070=ORIENTED_EDGE('',*,*,#6047,.F.);
#6071=EDGE_LOOP('',(#6066,#6068,#6069,#6070));
#6072=FACE_OUTER_BOUND('',#6071,.F.);
#6073=ADVANCED_FACE('',(#6072),#6065,.T.);
#6074=FILL_AREA_STYLE_COLOUR('',#22);
#6075=FILL_AREA_STYLE('',(#6074));
#6076=SURFACE_STYLE_FILL_AREA(#6075);
#6077=SURFACE_SIDE_STYLE('',(#6076));
#6078=SURFACE_STYLE_USAGE(.POSITIVE.,#6077);
#6079=PRESENTATION_STYLE_ASSIGNMENT((#6078));
#6080=STYLED_ITEM('',(#6079),#6073);
#6081=CARTESIAN_POINT('',(6.747062081575E-1,-5.154148921147E-1,0.E0));
#6082=DIRECTION('',(-2.473834390653E-1,-9.689176611437E-1,0.E0));
#6083=DIRECTION('',(-9.689176611437E-1,2.473834390653E-1,0.E0));
#6084=AXIS2_PLACEMENT_3D('',#6081,#6082,#6083);
#6085=PLANE('',#6084);
#6086=ORIENTED_EDGE('',*,*,#2789,.F.);
#6088=ORIENTED_EDGE('',*,*,#6087,.T.);
#6089=ORIENTED_EDGE('',*,*,#4654,.T.);
#6090=ORIENTED_EDGE('',*,*,#6067,.F.);
#6091=EDGE_LOOP('',(#6086,#6088,#6089,#6090));
#6092=FACE_OUTER_BOUND('',#6091,.F.);
#6093=ADVANCED_FACE('',(#6092),#6085,.T.);
#6094=FILL_AREA_STYLE_COLOUR('',#22);
#6095=FILL_AREA_STYLE('',(#6094));
#6096=SURFACE_STYLE_FILL_AREA(#6095);
#6097=SURFACE_SIDE_STYLE('',(#6096));
#6098=SURFACE_STYLE_USAGE(.POSITIVE.,#6097);
#6099=PRESENTATION_STYLE_ASSIGNMENT((#6098));
#6100=STYLED_ITEM('',(#6099),#6093);
#6101=CARTESIAN_POINT('',(7.076124581575E-1,-5.378191526085E-1,0.E0));
#6102=DIRECTION('',(-5.627910658975E-1,-8.265991871191E-1,0.E0));
#6103=DIRECTION('',(-8.265991871191E-1,5.627910658975E-1,0.E0));
#6104=AXIS2_PLACEMENT_3D('',#6101,#6102,#6103);
#6105=PLANE('',#6104);
#6106=ORIENTED_EDGE('',*,*,#2787,.F.);
#6108=ORIENTED_EDGE('',*,*,#6107,.T.);
#6109=ORIENTED_EDGE('',*,*,#4656,.T.);
#6110=ORIENTED_EDGE('',*,*,#6087,.F.);
#6111=EDGE_LOOP('',(#6106,#6108,#6109,#6110));
#6112=FACE_OUTER_BOUND('',#6111,.F.);
#6113=ADVANCED_FACE('',(#6112),#6105,.T.);
#6114=FILL_AREA_STYLE_COLOUR('',#22);
#6115=FILL_AREA_STYLE('',(#6114));
#6116=SURFACE_STYLE_FILL_AREA(#6115);
#6117=SURFACE_SIDE_STYLE('',(#6116));
#6118=SURFACE_STYLE_USAGE(.POSITIVE.,#6117);
#6119=PRESENTATION_STYLE_ASSIGNMENT((#6118));
#6120=STYLED_ITEM('',(#6119),#6113);
#6121=CARTESIAN_POINT('',(7.2955E-1,-5.714255315810E-1,0.E0));
#6122=DIRECTION('',(-8.373786433120E-1,-5.466232777014E-1,0.E0));
#6123=DIRECTION('',(-5.466232777014E-1,8.373786433120E-1,0.E0));
#6124=AXIS2_PLACEMENT_3D('',#6121,#6122,#6123);
#6125=PLANE('',#6124);
#6126=ORIENTED_EDGE('',*,*,#2785,.F.);
#6128=ORIENTED_EDGE('',*,*,#6127,.T.);
#6129=ORIENTED_EDGE('',*,*,#4658,.T.);
#6130=ORIENTED_EDGE('',*,*,#6107,.F.);
#6131=EDGE_LOOP('',(#6126,#6128,#6129,#6130));
#6132=FACE_OUTER_BOUND('',#6131,.F.);
#6133=ADVANCED_FACE('',(#6132),#6125,.T.);
#6134=FILL_AREA_STYLE_COLOUR('',#22);
#6135=FILL_AREA_STYLE('',(#6134));
#6136=SURFACE_STYLE_FILL_AREA(#6135);
#6137=SURFACE_SIDE_STYLE('',(#6136));
#6138=SURFACE_STYLE_USAGE(.POSITIVE.,#6137);
#6139=PRESENTATION_STYLE_ASSIGNMENT((#6138));
#6140=STYLED_ITEM('',(#6139),#6133);
#6141=CARTESIAN_POINT('',(7.405187081575E-1,-6.162340368778E-1,0.E0));
#6142=DIRECTION('',(-9.713213633444E-1,-2.377704967206E-1,0.E0));
#6143=DIRECTION('',(-2.377704967206E-1,9.713213633444E-1,0.E0));
#6144=AXIS2_PLACEMENT_3D('',#6141,#6142,#6143);
#6145=PLANE('',#6144);
#6146=ORIENTED_EDGE('',*,*,#2783,.F.);
#6148=ORIENTED_EDGE('',*,*,#6147,.T.);
#6149=ORIENTED_EDGE('',*,*,#4660,.T.);
#6150=ORIENTED_EDGE('',*,*,#6127,.F.);
#6151=EDGE_LOOP('',(#6146,#6148,#6149,#6150));
#6152=FACE_OUTER_BOUND('',#6151,.F.);
#6153=ADVANCED_FACE('',(#6152),#6145,.T.);
#6154=FILL_AREA_STYLE_COLOUR('',#22);
#6155=FILL_AREA_STYLE('',(#6154));
#6156=SURFACE_STYLE_FILL_AREA(#6155);
#6157=SURFACE_SIDE_STYLE('',(#6156));
#6158=SURFACE_STYLE_USAGE(.POSITIVE.,#6157);
#6159=PRESENTATION_STYLE_ASSIGNMENT((#6158));
#6160=STYLED_ITEM('',(#6159),#6153);
#6161=CARTESIAN_POINT('',(7.405187081575E-1,-7.842659474313E-1,0.E0));
#6162=DIRECTION('',(-1.E0,0.E0,0.E0));
#6163=DIRECTION('',(0.E0,1.E0,0.E0));
#6164=AXIS2_PLACEMENT_3D('',#6161,#6162,#6163);
#6165=PLANE('',#6164);
#6166=ORIENTED_EDGE('',*,*,#2781,.F.);
#6168=ORIENTED_EDGE('',*,*,#6167,.T.);
#6169=ORIENTED_EDGE('',*,*,#4662,.T.);
#6170=ORIENTED_EDGE('',*,*,#6147,.F.);
#6171=EDGE_LOOP('',(#6166,#6168,#6169,#6170));
#6172=FACE_OUTER_BOUND('',#6171,.F.);
#6173=ADVANCED_FACE('',(#6172),#6165,.T.);
#6174=FILL_AREA_STYLE_COLOUR('',#22);
#6175=FILL_AREA_STYLE('',(#6174));
#6176=SURFACE_STYLE_FILL_AREA(#6175);
#6177=SURFACE_SIDE_STYLE('',(#6176));
#6178=SURFACE_STYLE_USAGE(.POSITIVE.,#6177);
#6179=PRESENTATION_STYLE_ASSIGNMENT((#6178));
#6180=STYLED_ITEM('',(#6179),#6173);
#6181=CARTESIAN_POINT('',(7.2955E-1,-8.290744527280E-1,0.E0));
#6182=DIRECTION('',(-9.713213633444E-1,2.377704967206E-1,0.E0));
#6183=DIRECTION('',(2.377704967206E-1,9.713213633444E-1,0.E0));
#6184=AXIS2_PLACEMENT_3D('',#6181,#6182,#6183);
#6185=PLANE('',#6184);
#6186=ORIENTED_EDGE('',*,*,#2779,.F.);
#6188=ORIENTED_EDGE('',*,*,#6187,.T.);
#6189=ORIENTED_EDGE('',*,*,#4664,.T.);
#6190=ORIENTED_EDGE('',*,*,#6167,.F.);
#6191=EDGE_LOOP('',(#6186,#6188,#6189,#6190));
#6192=FACE_OUTER_BOUND('',#6191,.F.);
#6193=ADVANCED_FACE('',(#6192),#6185,.T.);
#6194=FILL_AREA_STYLE_COLOUR('',#22);
#6195=FILL_AREA_STYLE('',(#6194));
#6196=SURFACE_STYLE_FILL_AREA(#6195);
#6197=SURFACE_SIDE_STYLE('',(#6196));
#6198=SURFACE_STYLE_USAGE(.POSITIVE.,#6197);
#6199=PRESENTATION_STYLE_ASSIGNMENT((#6198));
#6200=STYLED_ITEM('',(#6199),#6193);
#6201=CARTESIAN_POINT('',(7.076124581575E-1,-8.626808630824E-1,0.E0));
#6202=DIRECTION('',(-8.373788769559E-1,5.466229197794E-1,0.E0));
#6203=DIRECTION('',(5.466229197794E-1,8.373788769559E-1,0.E0));
#6204=AXIS2_PLACEMENT_3D('',#6201,#6202,#6203);
#6205=PLANE('',#6204);
#6206=ORIENTED_EDGE('',*,*,#2777,.F.);
#6208=ORIENTED_EDGE('',*,*,#6207,.T.);
#6209=ORIENTED_EDGE('',*,*,#4666,.T.);
#6210=ORIENTED_EDGE('',*,*,#6187,.F.);
#6211=EDGE_LOOP('',(#6206,#6208,#6209,#6210));
#6212=FACE_OUTER_BOUND('',#6211,.F.);
#6213=ADVANCED_FACE('',(#6212),#6205,.T.);
#6214=FILL_AREA_STYLE_COLOUR('',#22);
#6215=FILL_AREA_STYLE('',(#6214));
#6216=SURFACE_STYLE_FILL_AREA(#6215);
#6217=SURFACE_SIDE_STYLE('',(#6216));
#6218=SURFACE_STYLE_USAGE(.POSITIVE.,#6217);
#6219=PRESENTATION_STYLE_ASSIGNMENT((#6218));
#6220=STYLED_ITEM('',(#6219),#6213);
#6221=CARTESIAN_POINT('',(6.747062081575E-1,-8.850851157308E-1,0.E0));
#6222=DIRECTION('',(-5.627909312417E-1,8.265992787996E-1,0.E0));
#6223=DIRECTION('',(8.265992787996E-1,5.627909312417E-1,0.E0));
#6224=AXIS2_PLACEMENT_3D('',#6221,#6222,#6223);
#6225=PLANE('',#6224);
#6226=ORIENTED_EDGE('',*,*,#2775,.F.);
#6228=ORIENTED_EDGE('',*,*,#6227,.T.);
#6229=ORIENTED_EDGE('',*,*,#4668,.T.);
#6230=ORIENTED_EDGE('',*,*,#6207,.F.);
#6231=EDGE_LOOP('',(#6226,#6228,#6229,#6230));
#6232=FACE_OUTER_BOUND('',#6231,.F.);
#6233=ADVANCED_FACE('',(#6232),#6225,.T.);
#6234=FILL_AREA_STYLE_COLOUR('',#22);
#6235=FILL_AREA_STYLE('',(#6234));
#6236=SURFACE_STYLE_FILL_AREA(#6235);
#6237=SURFACE_SIDE_STYLE('',(#6236));
#6238=SURFACE_STYLE_USAGE(.POSITIVE.,#6237);
#6239=PRESENTATION_STYLE_ASSIGNMENT((#6238));
#6240=STYLED_ITEM('',(#6239),#6233);
#6241=CARTESIAN_POINT('',(6.3083125E-1,-8.962872420549E-1,0.E0));
#6242=DIRECTION('',(-2.473834390653E-1,9.689176611437E-1,0.E0));
#6243=DIRECTION('',(9.689176611437E-1,2.473834390653E-1,0.E0));
#6244=AXIS2_PLACEMENT_3D('',#6241,#6242,#6243);
#6245=PLANE('',#6244);
#6246=ORIENTED_EDGE('',*,*,#2773,.F.);
#6247=ORIENTED_EDGE('',*,*,#6029,.T.);
#6248=ORIENTED_EDGE('',*,*,#4670,.T.);
#6249=ORIENTED_EDGE('',*,*,#6227,.F.);
#6250=EDGE_LOOP('',(#6246,#6247,#6248,#6249));
#6251=FACE_OUTER_BOUND('',#6250,.F.);
#6252=ADVANCED_FACE('',(#6251),#6245,.T.);
#6253=FILL_AREA_STYLE_COLOUR('',#22);
#6254=FILL_AREA_STYLE('',(#6253));
#6255=SURFACE_STYLE_FILL_AREA(#6254);
#6256=SURFACE_SIDE_STYLE('',(#6255));
#6257=SURFACE_STYLE_USAGE(.POSITIVE.,#6256);
#6258=PRESENTATION_STYLE_ASSIGNMENT((#6257));
#6259=STYLED_ITEM('',(#6258),#6252);
#6260=CARTESIAN_POINT('',(1.15733125E0,-9.635E-1,0.E0));
#6261=DIRECTION('',(0.E0,-1.E0,0.E0));
#6262=DIRECTION('',(-1.E0,0.E0,0.E0));
#6263=AXIS2_PLACEMENT_3D('',#6260,#6261,#6262);
#6264=PLANE('',#6263);
#6265=ORIENTED_EDGE('',*,*,#2740,.F.);
#6267=ORIENTED_EDGE('',*,*,#6266,.T.);
#6268=ORIENTED_EDGE('',*,*,#4687,.T.);
#6270=ORIENTED_EDGE('',*,*,#6269,.F.);
#6271=EDGE_LOOP('',(#6265,#6267,#6268,#6270));
#6272=FACE_OUTER_BOUND('',#6271,.F.);
#6273=ADVANCED_FACE('',(#6272),#6264,.T.);
#6274=FILL_AREA_STYLE_COLOUR('',#22);
#6275=FILL_AREA_STYLE('',(#6274));
#6276=SURFACE_STYLE_FILL_AREA(#6275);
#6277=SURFACE_SIDE_STYLE('',(#6276));
#6278=SURFACE_STYLE_USAGE(.POSITIVE.,#6277);
#6279=PRESENTATION_STYLE_ASSIGNMENT((#6278));
#6280=STYLED_ITEM('',(#6279),#6273);
#6281=CARTESIAN_POINT('',(1.332831333685E0,-4.37E-1,0.E0));
#6282=DIRECTION('',(9.486832528138E-1,-3.162279017271E-1,0.E0));
#6283=DIRECTION('',(-3.162279017271E-1,-9.486832528138E-1,0.E0));
#6284=AXIS2_PLACEMENT_3D('',#6281,#6282,#6283);
#6285=PLANE('',#6284);
#6286=ORIENTED_EDGE('',*,*,#2754,.F.);
#6288=ORIENTED_EDGE('',*,*,#6287,.T.);
#6289=ORIENTED_EDGE('',*,*,#4689,.T.);
#6290=ORIENTED_EDGE('',*,*,#6266,.F.);
#6291=EDGE_LOOP('',(#6286,#6288,#6289,#6290));
#6292=FACE_OUTER_BOUND('',#6291,.F.);
#6293=ADVANCED_FACE('',(#6292),#6285,.T.);
#6294=FILL_AREA_STYLE_COLOUR('',#22);
#6295=FILL_AREA_STYLE('',(#6294));
#6296=SURFACE_STYLE_FILL_AREA(#6295);
#6297=SURFACE_SIDE_STYLE('',(#6296));
#6298=SURFACE_STYLE_USAGE(.POSITIVE.,#6297);
#6299=PRESENTATION_STYLE_ASSIGNMENT((#6298));
#6300=STYLED_ITEM('',(#6299),#6293);
#6301=CARTESIAN_POINT('',(1.267018833685E0,-4.37E-1,0.E0));
#6302=DIRECTION('',(0.E0,1.E0,0.E0));
#6303=DIRECTION('',(1.E0,0.E0,0.E0));
#6304=AXIS2_PLACEMENT_3D('',#6301,#6302,#6303);
#6305=PLANE('',#6304);
#6306=ORIENTED_EDGE('',*,*,#2752,.F.);
#6308=ORIENTED_EDGE('',*,*,#6307,.T.);
#6309=ORIENTED_EDGE('',*,*,#4691,.T.);
#6310=ORIENTED_EDGE('',*,*,#6287,.F.);
#6311=EDGE_LOOP('',(#6306,#6308,#6309,#6310));
#6312=FACE_OUTER_BOUND('',#6311,.F.);
#6313=ADVANCED_FACE('',(#6312),#6305,.T.);
#6314=FILL_AREA_STYLE_COLOUR('',#22);
#6315=FILL_AREA_STYLE('',(#6314));
#6316=SURFACE_STYLE_FILL_AREA(#6315);
#6317=SURFACE_SIDE_STYLE('',(#6316));
#6318=SURFACE_STYLE_USAGE(.POSITIVE.,#6317);
#6319=PRESENTATION_STYLE_ASSIGNMENT((#6318));
#6320=STYLED_ITEM('',(#6319),#6313);
#6321=CARTESIAN_POINT('',(1.22314375E0,-5.714255315810E-1,0.E0));
#6322=DIRECTION('',(-9.506450282288E-1,3.102805670740E-1,0.E0));
#6323=DIRECTION('',(3.102805670740E-1,9.506450282288E-1,0.E0));
#6324=AXIS2_PLACEMENT_3D('',#6321,#6322,#6323);
#6325=PLANE('',#6324);
#6326=ORIENTED_EDGE('',*,*,#2750,.F.);
#6328=ORIENTED_EDGE('',*,*,#6327,.T.);
#6329=ORIENTED_EDGE('',*,*,#4693,.T.);
#6330=ORIENTED_EDGE('',*,*,#6307,.F.);
#6331=EDGE_LOOP('',(#6326,#6328,#6329,#6330));
#6332=FACE_OUTER_BOUND('',#6331,.F.);
#6333=ADVANCED_FACE('',(#6332),#6325,.T.);
#6334=FILL_AREA_STYLE_COLOUR('',#22);
#6335=FILL_AREA_STYLE('',(#6334));
#6336=SURFACE_STYLE_FILL_AREA(#6335);
#6337=SURFACE_SIDE_STYLE('',(#6336));
#6338=SURFACE_STYLE_USAGE(.POSITIVE.,#6337);
#6339=PRESENTATION_STYLE_ASSIGNMENT((#6338));
#6340=STYLED_ITEM('',(#6339),#6333);
#6341=CARTESIAN_POINT('',(1.003768833685E0,-5.714255315810E-1,0.E0));
#6342=DIRECTION('',(0.E0,1.E0,0.E0));
#6343=DIRECTION('',(1.E0,0.E0,0.E0));
#6344=AXIS2_PLACEMENT_3D('',#6341,#6342,#6343);
#6345=PLANE('',#6344);
#6346=ORIENTED_EDGE('',*,*,#2748,.F.);
#6348=ORIENTED_EDGE('',*,*,#6347,.T.);
#6349=ORIENTED_EDGE('',*,*,#4695,.T.);
#6350=ORIENTED_EDGE('',*,*,#6327,.F.);
#6351=EDGE_LOOP('',(#6346,#6348,#6349,#6350));
#6352=FACE_OUTER_BOUND('',#6351,.F.);
#6353=ADVANCED_FACE('',(#6352),#6345,.T.);
#6354=FILL_AREA_STYLE_COLOUR('',#22);
#6355=FILL_AREA_STYLE('',(#6354));
#6356=SURFACE_STYLE_FILL_AREA(#6355);
#6357=SURFACE_SIDE_STYLE('',(#6356));
#6358=SURFACE_STYLE_USAGE(.POSITIVE.,#6357);
#6359=PRESENTATION_STYLE_ASSIGNMENT((#6358));
#6360=STYLED_ITEM('',(#6359),#6353);
#6361=CARTESIAN_POINT('',(9.5989375E-1,-4.37E-1,0.E0));
#6362=DIRECTION('',(9.506450282288E-1,3.102805670740E-1,0.E0));
#6363=DIRECTION('',(3.102805670740E-1,-9.506450282288E-1,0.E0));
#6364=AXIS2_PLACEMENT_3D('',#6361,#6362,#6363);
#6365=PLANE('',#6364);
#6366=ORIENTED_EDGE('',*,*,#2746,.F.);
#6368=ORIENTED_EDGE('',*,*,#6367,.T.);
#6369=ORIENTED_EDGE('',*,*,#4697,.T.);
#6370=ORIENTED_EDGE('',*,*,#6347,.F.);
#6371=EDGE_LOOP('',(#6366,#6368,#6369,#6370));
#6372=FACE_OUTER_BOUND('',#6371,.F.);
#6373=ADVANCED_FACE('',(#6372),#6365,.T.);
#6374=FILL_AREA_STYLE_COLOUR('',#22);
#6375=FILL_AREA_STYLE('',(#6374));
#6376=SURFACE_STYLE_FILL_AREA(#6375);
#6377=SURFACE_SIDE_STYLE('',(#6376));
#6378=SURFACE_STYLE_USAGE(.POSITIVE.,#6377);
#6379=PRESENTATION_STYLE_ASSIGNMENT((#6378));
#6380=STYLED_ITEM('',(#6379),#6373);
#6381=CARTESIAN_POINT('',(8.9408125E-1,-4.37E-1,0.E0));
#6382=DIRECTION('',(0.E0,1.E0,0.E0));
#6383=DIRECTION('',(1.E0,0.E0,0.E0));
#6384=AXIS2_PLACEMENT_3D('',#6381,#6382,#6383);
#6385=PLANE('',#6384);
#6386=ORIENTED_EDGE('',*,*,#2744,.F.);
#6388=ORIENTED_EDGE('',*,*,#6387,.T.);
#6389=ORIENTED_EDGE('',*,*,#4699,.T.);
#6390=ORIENTED_EDGE('',*,*,#6367,.F.);
#6391=EDGE_LOOP('',(#6386,#6388,#6389,#6390));
#6392=FACE_OUTER_BOUND('',#6391,.F.);
#6393=ADVANCED_FACE('',(#6392),#6385,.T.);
#6394=FILL_AREA_STYLE_COLOUR('',#22);
#6395=FILL_AREA_STYLE('',(#6394));
#6396=SURFACE_STYLE_FILL_AREA(#6395);
#6397=SURFACE_SIDE_STYLE('',(#6396));
#6398=SURFACE_STYLE_USAGE(.POSITIVE.,#6397);
#6399=PRESENTATION_STYLE_ASSIGNMENT((#6398));
#6400=STYLED_ITEM('',(#6399),#6393);
#6401=CARTESIAN_POINT('',(1.069581333685E0,-9.635E-1,0.E0));
#6402=DIRECTION('',(-9.486832528138E-1,-3.162279017271E-1,0.E0));
#6403=DIRECTION('',(-3.162279017271E-1,9.486832528138E-1,0.E0));
#6404=AXIS2_PLACEMENT_3D('',#6401,#6402,#6403);
#6405=PLANE('',#6404);
#6406=ORIENTED_EDGE('',*,*,#2742,.F.);
#6407=ORIENTED_EDGE('',*,*,#6269,.T.);
#6408=ORIENTED_EDGE('',*,*,#4701,.T.);
#6409=ORIENTED_EDGE('',*,*,#6387,.F.);
#6410=EDGE_LOOP('',(#6406,#6407,#6408,#6409));
#6411=FACE_OUTER_BOUND('',#6410,.F.);
#6412=ADVANCED_FACE('',(#6411),#6405,.T.);
#6413=FILL_AREA_STYLE_COLOUR('',#22);
#6414=FILL_AREA_STYLE('',(#6413));
#6415=SURFACE_STYLE_FILL_AREA(#6414);
#6416=SURFACE_SIDE_STYLE('',(#6415));
#6417=SURFACE_STYLE_USAGE(.POSITIVE.,#6416);
#6418=PRESENTATION_STYLE_ASSIGNMENT((#6417));
#6419=STYLED_ITEM('',(#6418),#6412);
#6420=CARTESIAN_POINT('',(1.113456166315E0,-9.186914947033E-1,0.E0));
#6421=DIRECTION('',(-9.506452063546E-1,3.102800213276E-1,0.E0));
#6422=DIRECTION('',(3.102800213276E-1,9.506452063546E-1,0.E0));
#6423=AXIS2_PLACEMENT_3D('',#6420,#6421,#6422);
#6424=PLANE('',#6423);
#6425=ORIENTED_EDGE('',*,*,#2810,.F.);
#6427=ORIENTED_EDGE('',*,*,#6426,.T.);
#6428=ORIENTED_EDGE('',*,*,#4705,.T.);
#6430=ORIENTED_EDGE('',*,*,#6429,.F.);
#6431=EDGE_LOOP('',(#6425,#6427,#6428,#6430));
#6432=FACE_OUTER_BOUND('',#6431,.F.);
#6433=ADVANCED_FACE('',(#6432),#6424,.T.);
#6434=FILL_AREA_STYLE_COLOUR('',#22);
#6435=FILL_AREA_STYLE('',(#6434));
#6436=SURFACE_STYLE_FILL_AREA(#6435);
#6437=SURFACE_SIDE_STYLE('',(#6436));
#6438=SURFACE_STYLE_USAGE(.POSITIVE.,#6437);
#6439=PRESENTATION_STYLE_ASSIGNMENT((#6438));
#6440=STYLED_ITEM('',(#6439),#6433);
#6441=CARTESIAN_POINT('',(1.014737416315E0,-6.162340368778E-1,0.E0));
#6442=DIRECTION('',(9.506452063546E-1,3.102800213276E-1,0.E0));
#6443=DIRECTION('',(3.102800213276E-1,-9.506452063546E-1,0.E0));
#6444=AXIS2_PLACEMENT_3D('',#6441,#6442,#6443);
#6445=PLANE('',#6444);
#6446=ORIENTED_EDGE('',*,*,#2814,.F.);
#6448=ORIENTED_EDGE('',*,*,#6447,.T.);
#6449=ORIENTED_EDGE('',*,*,#4707,.T.);
#6450=ORIENTED_EDGE('',*,*,#6426,.F.);
#6451=EDGE_LOOP('',(#6446,#6448,#6449,#6450));
#6452=FACE_OUTER_BOUND('',#6451,.F.);
#6453=ADVANCED_FACE('',(#6452),#6445,.T.);
#6454=FILL_AREA_STYLE_COLOUR('',#22);
#6455=FILL_AREA_STYLE('',(#6454));
#6456=SURFACE_STYLE_FILL_AREA(#6455);
#6457=SURFACE_SIDE_STYLE('',(#6456));
#6458=SURFACE_STYLE_USAGE(.POSITIVE.,#6457);
#6459=PRESENTATION_STYLE_ASSIGNMENT((#6458));
#6460=STYLED_ITEM('',(#6459),#6453);
#6461=CARTESIAN_POINT('',(1.212174916315E0,-6.162340368778E-1,0.E0));
#6462=DIRECTION('',(0.E0,-1.E0,0.E0));
#6463=DIRECTION('',(-1.E0,0.E0,0.E0));
#6464=AXIS2_PLACEMENT_3D('',#6461,#6462,#6463);
#6465=PLANE('',#6464);
#6466=ORIENTED_EDGE('',*,*,#2812,.F.);
#6467=ORIENTED_EDGE('',*,*,#6429,.T.);
#6468=ORIENTED_EDGE('',*,*,#4709,.T.);
#6469=ORIENTED_EDGE('',*,*,#6447,.F.);
#6470=EDGE_LOOP('',(#6466,#6467,#6468,#6469));
#6471=FACE_OUTER_BOUND('',#6470,.F.);
#6472=ADVANCED_FACE('',(#6471),#6465,.T.);
#6473=FILL_AREA_STYLE_COLOUR('',#22);
#6474=FILL_AREA_STYLE('',(#6473));
#6475=SURFACE_STYLE_FILL_AREA(#6474);
#6476=SURFACE_SIDE_STYLE('',(#6475));
#6477=SURFACE_STYLE_USAGE(.POSITIVE.,#6476);
#6478=PRESENTATION_STYLE_ASSIGNMENT((#6477));
#6479=STYLED_ITEM('',(#6478),#6472);
#6480=CLOSED_SHELL('',(#2530,#2758,#2797,#2818,#2842,#2866,#2891,#2916,#2939,
#2962,#2983,#3020,#3058,#3079,#3112,#3131,#3151,#3170,#3190,#3210,#3244,#3264,
#3314,#3333,#3355,#3376,#3397,#3417,#3436,#3459,#3482,#3503,#3523,#3543,#3562,
#3583,#3603,#3623,#3642,#3662,#3682,#3715,#3735,#3767,#3786,#3805,#3824,#3846,
#3868,#3886,#3906,#3925,#3945,#3965,#3984,#4004,#4023,#4049,#4075,#4096,#4121,
#4147,#4167,#4187,#4207,#4226,#4246,#4266,#4286,#4306,#4325,#4347,#4368,#4389,
#4410,#4431,#4451,#4472,#4566,#4605,#4674,#4713,#4734,#4754,#4774,#4794,#4814,
#4834,#4854,#4874,#4893,#4913,#4933,#4953,#4973,#4993,#5013,#5033,#5053,#5073,
#5093,#5113,#5133,#5153,#5173,#5193,#5213,#5233,#5253,#5273,#5293,#5313,#5333,
#5353,#5373,#5393,#5413,#5433,#5453,#5473,#5492,#5513,#5533,#5553,#5573,#5593,
#5613,#5633,#5653,#5673,#5693,#5713,#5732,#5753,#5773,#5793,#5813,#5833,#5853,
#5873,#5893,#5913,#5933,#5953,#5973,#5993,#6012,#6033,#6053,#6073,#6093,#6113,
#6133,#6153,#6173,#6193,#6213,#6233,#6252,#6273,#6293,#6313,#6333,#6353,#6373,
#6393,#6412,#6433,#6453,#6472));
#6481=MANIFOLD_SOLID_BREP('',#6480);
#6482=DIRECTION('',(0.E0,0.E0,-1.E0));
#6483=VECTOR('',#6482,9.786547682569E-1);
#6484=CARTESIAN_POINT('',(-3.25E0,3.375E0,-6.629752199844E-1));
#6485=LINE('',#6484,#6483);
#6486=DIRECTION('',(0.E0,0.E0,1.E0));
#6487=VECTOR('',#6486,1.014429988241E0);
#6488=CARTESIAN_POINT('',(-3.25E0,2.375E0,-1.641629988241E0));
#6489=LINE('',#6488,#6487);
#6490=DIRECTION('',(0.E0,1.E0,0.E0));
#6491=VECTOR('',#6490,1.3028E0);
#6492=CARTESIAN_POINT('',(-3.25E0,1.0722E0,-6.272E-1));
#6493=LINE('',#6492,#6491);
#6494=CARTESIAN_POINT('',(-3.25E0,1.0722E0,-9.826E-1));
#6495=DIRECTION('',(-1.E0,0.E0,0.E0));
#6496=DIRECTION('',(0.E0,-1.E0,0.E0));
#6497=AXIS2_PLACEMENT_3D('',#6494,#6495,#6496);
#6499=DIRECTION('',(0.E0,0.E0,1.E0));
#6500=VECTOR('',#6499,1.74E-2);
#6501=CARTESIAN_POINT('',(-3.25E0,7.168E-1,-1.E0));
#6502=LINE('',#6501,#6500);
#6503=DIRECTION('',(0.E0,1.E0,0.E0));
#6504=VECTOR('',#6503,1.7418E0);
#6505=CARTESIAN_POINT('',(-3.25E0,-1.025E0,-1.E0));
#6506=LINE('',#6505,#6504);
#6507=DIRECTION('',(0.E0,0.E0,-1.E0));
#6508=VECTOR('',#6507,5.E-1);
#6509=CARTESIAN_POINT('',(-3.25E0,-1.025E0,-5.E-1));
#6510=LINE('',#6509,#6508);
#6511=DIRECTION('',(0.E0,-8.944271909999E-1,-4.472135955E-1));
#6512=VECTOR('',#6511,1.173935688187E0);
#6513=CARTESIAN_POINT('',(-3.25E0,2.5E-2,2.5E-2));
#6514=LINE('',#6513,#6512);
#6515=DIRECTION('',(0.E0,0.E0,-1.E0));
#6516=VECTOR('',#6515,8.E-1);
#6517=CARTESIAN_POINT('',(-3.25E0,2.5E-2,8.25E-1));
#6518=LINE('',#6517,#6516);
#6519=DIRECTION('',(0.E0,1.E0,0.E0));
#6520=VECTOR('',#6519,1.6E0);
#6521=CARTESIAN_POINT('',(-3.25E0,-1.575E0,8.25E-1));
#6522=LINE('',#6521,#6520);
#6523=DIRECTION('',(0.E0,-1.E0,0.E0));
#6524=VECTOR('',#6523,2.6E0);
#6525=CARTESIAN_POINT('',(-3.25E0,1.025E0,3.825E0));
#6526=LINE('',#6525,#6524);
#6527=DIRECTION('',(0.E0,0.E0,-1.E0));
#6528=VECTOR('',#6527,8.25E-1);
#6529=CARTESIAN_POINT('',(-3.25E0,1.025E0,3.825E0));
#6530=LINE('',#6529,#6528);
#6531=DIRECTION('',(0.E0,-1.E0,0.E0));
#6532=VECTOR('',#6531,2.0432E0);
#6533=CARTESIAN_POINT('',(-3.25E0,3.375E0,2.175E0));
#6534=LINE('',#6533,#6532);
#6535=DIRECTION('',(0.E0,-7.071067811865E-1,7.071067811865E-1));
#6536=VECTOR('',#6535,1.697056274848E0);
#6537=CARTESIAN_POINT('',(-3.25E0,4.575E0,9.75E-1));
#6538=LINE('',#6537,#6536);
#6539=DIRECTION('',(0.E0,0.E0,1.E0));
#6540=VECTOR('',#6539,1.975E0);
#6541=CARTESIAN_POINT('',(-3.25E0,4.575E0,-1.E0));
#6542=LINE('',#6541,#6540);
#6543=DIRECTION('',(0.E0,1.E0,0.E0));
#6544=VECTOR('',#6543,1.E0);
#6545=CARTESIAN_POINT('',(-3.25E0,3.575E0,-1.E0));
#6546=LINE('',#6545,#6544);
#6547=DIRECTION('',(0.E0,0.E0,-1.E0));
#6548=VECTOR('',#6547,1.74E-2);
#6549=CARTESIAN_POINT('',(-3.25E0,3.575E0,-9.826E-1));
#6550=LINE('',#6549,#6548);
#6551=CARTESIAN_POINT('',(-3.25E0,3.2196E0,-9.826E-1));
#6552=DIRECTION('',(-1.E0,0.E0,0.E0));
#6553=DIRECTION('',(0.E0,4.372537985369E-1,8.993381542363E-1));
#6554=AXIS2_PLACEMENT_3D('',#6551,#6552,#6553);
#6556=DIRECTION('',(-1.E0,0.E0,0.E0));
#6557=VECTOR('',#6556,4.E-1);
#6558=CARTESIAN_POINT('',(-3.25E0,3.375E0,-4.3E0));
#6559=LINE('',#6558,#6557);
#6560=DIRECTION('',(0.E0,0.E0,-1.E0));
#6561=VECTOR('',#6560,4.800035748813E-1);
#6562=CARTESIAN_POINT('',(-3.25E0,3.375E0,-3.819996425119E0));
#6563=LINE('',#6562,#6561);
#6564=CARTESIAN_POINT('',(-4.238254278924E0,3.375E0,-3.819996425119E0));
#6565=DIRECTION('',(0.E0,1.E0,0.E0));
#6566=DIRECTION('',(8.481858751343E-1,0.E0,5.296987079677E-1));
#6567=AXIS2_PLACEMENT_3D('',#6564,#6565,#6566);
#6569=DIRECTION('',(5.296987079677E-1,0.E0,-8.481858751343E-1));
#6570=VECTOR('',#6569,5.414453121615E-1);
#6571=CARTESIAN_POINT('',(-3.686833840787E0,3.375E0,-2.837273144496E0));
#6572=LINE('',#6571,#6570);
#6573=CARTESIAN_POINT('',(-3.567793147246E0,3.375E0,-2.762931301025E0));
#6574=DIRECTION('',(0.E0,-1.E0,0.E0));
#6575=DIRECTION('',(-8.736448707884E-1,0.E0,4.865641167875E-1));
#6576=AXIS2_PLACEMENT_3D('',#6573,#6574,#6575);
#6578=DIRECTION('',(-4.865641167875E-1,0.E0,-8.736448707884E-1));
#6579=VECTOR('',#6578,6.428910755990E-1);
#6580=CARTESIAN_POINT('',(-3.377599216582E0,3.375E0,-2.132984795175E0));
#6581=LINE('',#6580,#6579);
#6582=CARTESIAN_POINT('',(-4.259845958591E0,3.375E0,-1.641629988241E0));
#6583=DIRECTION('',(0.E0,1.E0,0.E0));
#6584=DIRECTION('',(1.E0,0.E0,0.E0));
#6585=AXIS2_PLACEMENT_3D('',#6582,#6583,#6584);
#6587=CARTESIAN_POINT('',(-4.259845958591E0,3.375E0,-1.641629988241E0));
#6588=DIRECTION('',(0.E0,-1.E0,0.E0));
#6589=DIRECTION('',(8.736448707884E-1,0.E0,-4.865641167875E-1));
#6590=AXIS2_PLACEMENT_3D('',#6587,#6588,#6589);
#6592=DIRECTION('',(4.865641167875E-1,0.E0,8.736448707884E-1));
#6593=VECTOR('',#6592,6.428910755990E-1);
#6594=CARTESIAN_POINT('',(-4.039864893286E0,3.375E0,-2.500017639132E0));
#6595=LINE('',#6594,#6593);
#6596=CARTESIAN_POINT('',(-3.567793147246E0,3.375E0,-2.762931301025E0));
#6597=DIRECTION('',(0.E0,1.E0,0.E0));
#6598=DIRECTION('',(-8.481858751343E-1,0.E0,-5.296987079677E-1));
#6599=AXIS2_PLACEMENT_3D('',#6596,#6597,#6598);
#6601=DIRECTION('',(-5.296987079677E-1,0.E0,8.481858751343E-1));
#6602=VECTOR('',#6601,5.414453121615E-1);
#6603=CARTESIAN_POINT('',(-3.739305308553E0,3.375E0,-3.508398893616E0));
#6604=LINE('',#6603,#6602);
#6605=CARTESIAN_POINT('',(-4.238254278924E0,3.375E0,-3.819996425119E0));
#6606=DIRECTION('',(0.E0,-1.E0,0.E0));
#6607=DIRECTION('',(1.E0,0.E0,0.E0));
#6608=AXIS2_PLACEMENT_3D('',#6605,#6606,#6607);
#6610=DIRECTION('',(0.E0,0.E0,1.E0));
#6611=VECTOR('',#6610,4.800035748813E-1);
#6612=CARTESIAN_POINT('',(-3.65E0,3.375E0,-4.3E0));
#6613=LINE('',#6612,#6611);
#6614=CARTESIAN_POINT('',(-3.65E0,2.575E0,-4.3E0));
#6615=DIRECTION('',(-1.E0,0.E0,0.E0));
#6616=DIRECTION('',(0.E0,0.E0,-1.E0));
#6617=AXIS2_PLACEMENT_3D('',#6614,#6615,#6616);
#6619=DIRECTION('',(0.E0,-1.E0,0.E0));
#6620=VECTOR('',#6619,6.E-1);
#6621=CARTESIAN_POINT('',(-3.65E0,3.175E0,-4.5E0));
#6622=LINE('',#6621,#6620);
#6623=CARTESIAN_POINT('',(-3.65E0,3.175E0,-4.3E0));
#6624=DIRECTION('',(-1.E0,0.E0,0.E0));
#6625=DIRECTION('',(0.E0,1.E0,0.E0));
#6626=AXIS2_PLACEMENT_3D('',#6623,#6624,#6625);
#6628=CARTESIAN_POINT('',(-3.25E0,2.575E0,-4.3E0));
#6629=DIRECTION('',(1.E0,0.E0,0.E0));
#6630=DIRECTION('',(0.E0,-1.E0,0.E0));
#6631=AXIS2_PLACEMENT_3D('',#6628,#6629,#6630);
#6633=DIRECTION('',(0.E0,-1.E0,0.E0));
#6634=VECTOR('',#6633,1.E0);
#6635=CARTESIAN_POINT('',(-3.25E0,3.375E0,-3.819996425119E0));
#6636=LINE('',#6635,#6634);
#6637=CARTESIAN_POINT('',(-3.25E0,3.175E0,-4.3E0));
#6638=DIRECTION('',(1.E0,0.E0,0.E0));
#6639=DIRECTION('',(0.E0,0.E0,-1.E0));
#6640=AXIS2_PLACEMENT_3D('',#6637,#6638,#6639);
#6642=DIRECTION('',(1.E0,0.E0,0.E0));
#6643=VECTOR('',#6642,4.E-1);
#6644=CARTESIAN_POINT('',(-3.65E0,2.375E0,-4.3E0));
#6645=LINE('',#6644,#6643);
#6646=DIRECTION('',(0.E0,0.E0,1.E0));
#6647=VECTOR('',#6646,4.800035748813E-1);
#6648=CARTESIAN_POINT('',(-3.65E0,2.375E0,-4.3E0));
#6649=LINE('',#6648,#6647);
#6650=CARTESIAN_POINT('',(-4.238254278924E0,2.375E0,-3.819996425119E0));
#6651=DIRECTION('',(0.E0,-1.E0,0.E0));
#6652=DIRECTION('',(1.E0,0.E0,0.E0));
#6653=AXIS2_PLACEMENT_3D('',#6650,#6651,#6652);
#6655=DIRECTION('',(-5.296987079677E-1,0.E0,8.481858751343E-1));
#6656=VECTOR('',#6655,5.414453121615E-1);
#6657=CARTESIAN_POINT('',(-3.739305308553E0,2.375E0,-3.508398893616E0));
#6658=LINE('',#6657,#6656);
#6659=CARTESIAN_POINT('',(-3.567793147246E0,2.375E0,-2.762931301025E0));
#6660=DIRECTION('',(0.E0,1.E0,0.E0));
#6661=DIRECTION('',(-8.481858751343E-1,0.E0,-5.296987079677E-1));
#6662=AXIS2_PLACEMENT_3D('',#6659,#6660,#6661);
#6664=DIRECTION('',(4.865641167875E-1,0.E0,8.736448707884E-1));
#6665=VECTOR('',#6664,6.428910755990E-1);
#6666=CARTESIAN_POINT('',(-4.039864893286E0,2.375E0,-2.500017639132E0));
#6667=LINE('',#6666,#6665);
#6668=CARTESIAN_POINT('',(-4.259845958591E0,2.375E0,-1.641629988241E0));
#6669=DIRECTION('',(0.E0,-1.E0,0.E0));
#6670=DIRECTION('',(8.736448707884E-1,0.E0,-4.865641167875E-1));
#6671=AXIS2_PLACEMENT_3D('',#6668,#6669,#6670);
#6673=CARTESIAN_POINT('',(-4.259845958591E0,2.375E0,-1.641629988241E0));
#6674=DIRECTION('',(0.E0,1.E0,0.E0));
#6675=DIRECTION('',(1.E0,0.E0,0.E0));
#6676=AXIS2_PLACEMENT_3D('',#6673,#6674,#6675);
#6678=DIRECTION('',(-4.865641167875E-1,0.E0,-8.736448707884E-1));
#6679=VECTOR('',#6678,6.428910755990E-1);
#6680=CARTESIAN_POINT('',(-3.377599216582E0,2.375E0,-2.132984795175E0));
#6681=LINE('',#6680,#6679);
#6682=CARTESIAN_POINT('',(-3.567793147246E0,2.375E0,-2.762931301025E0));
#6683=DIRECTION('',(0.E0,-1.E0,0.E0));
#6684=DIRECTION('',(-8.736448707884E-1,0.E0,4.865641167875E-1));
#6685=AXIS2_PLACEMENT_3D('',#6682,#6683,#6684);
#6687=DIRECTION('',(5.296987079677E-1,0.E0,-8.481858751343E-1));
#6688=VECTOR('',#6687,5.414453121615E-1);
#6689=CARTESIAN_POINT('',(-3.686833840787E0,2.375E0,-2.837273144496E0));
#6690=LINE('',#6689,#6688);
#6691=CARTESIAN_POINT('',(-4.238254278924E0,2.375E0,-3.819996425119E0));
#6692=DIRECTION('',(0.E0,1.E0,0.E0));
#6693=DIRECTION('',(8.481858751343E-1,0.E0,5.296987079677E-1));
#6694=AXIS2_PLACEMENT_3D('',#6691,#6692,#6693);
#6696=DIRECTION('',(0.E0,0.E0,-1.E0));
#6697=VECTOR('',#6696,4.800035748813E-1);
#6698=CARTESIAN_POINT('',(-3.25E0,2.375E0,-3.819996425119E0));
#6699=LINE('',#6698,#6697);
#6700=DIRECTION('',(0.E0,-1.E0,0.E0));
#6701=VECTOR('',#6700,1.E0);
#6702=CARTESIAN_POINT('',(-3.65E0,3.375E0,-3.819996425119E0));
#6703=LINE('',#6702,#6701);
#6704=DIRECTION('',(0.E0,-1.E0,0.E0));
#6705=VECTOR('',#6704,1.E0);
#6706=CARTESIAN_POINT('',(-3.739305308553E0,3.375E0,-3.508398893616E0));
#6707=LINE('',#6706,#6705);
#6708=DIRECTION('',(0.E0,-1.E0,0.E0));
#6709=VECTOR('',#6708,1.E0);
#6710=CARTESIAN_POINT('',(-4.026108190840E0,3.375E0,-3.049152627683E0));
#6711=LINE('',#6710,#6709);
#6712=DIRECTION('',(0.E0,-1.E0,0.E0));
#6713=VECTOR('',#6712,1.E0);
#6714=CARTESIAN_POINT('',(-4.039864893286E0,3.375E0,-2.500017639132E0));
#6715=LINE('',#6714,#6713);
#6716=DIRECTION('',(0.E0,-1.E0,0.E0));
#6717=VECTOR('',#6716,1.E0);
#6718=CARTESIAN_POINT('',(-3.727057164897E0,3.375E0,-1.938359148460E0));
#6719=LINE('',#6718,#6717);
#6720=DIRECTION('',(0.E0,0.E0,1.E0));
#6721=VECTOR('',#6720,3.E0);
#6722=CARTESIAN_POINT('',(-3.65E0,-1.575E0,8.25E-1));
#6723=LINE('',#6722,#6721);
#6724=DIRECTION('',(0.E0,0.E0,-1.E0));
#6725=VECTOR('',#6724,8.E-1);
#6726=CARTESIAN_POINT('',(-3.65E0,2.5E-2,8.25E-1));
#6727=LINE('',#6726,#6725);
#6728=DIRECTION('',(0.E0,-8.944271909999E-1,-4.472135955E-1));
#6729=VECTOR('',#6728,1.173935688187E0);
#6730=CARTESIAN_POINT('',(-3.65E0,2.5E-2,2.5E-2));
#6731=LINE('',#6730,#6729);
#6732=DIRECTION('',(0.E0,0.E0,-1.E0));
#6733=VECTOR('',#6732,5.E-1);
#6734=CARTESIAN_POINT('',(-3.65E0,-1.025E0,-5.E-1));
#6735=LINE('',#6734,#6733);
#6736=DIRECTION('',(0.E0,1.E0,0.E0));
#6737=VECTOR('',#6736,1.7418E0);
#6738=CARTESIAN_POINT('',(-3.65E0,-1.025E0,-1.E0));
#6739=LINE('',#6738,#6737);
#6740=DIRECTION('',(0.E0,0.E0,1.E0));
#6741=VECTOR('',#6740,1.74E-2);
#6742=CARTESIAN_POINT('',(-3.65E0,7.168E-1,-1.E0));
#6743=LINE('',#6742,#6741);
#6744=CARTESIAN_POINT('',(-3.65E0,1.0722E0,-9.826E-1));
#6745=DIRECTION('',(-1.E0,0.E0,0.E0));
#6746=DIRECTION('',(0.E0,-1.E0,0.E0));
#6747=AXIS2_PLACEMENT_3D('',#6744,#6745,#6746);
#6749=DIRECTION('',(0.E0,1.E0,0.E0));
#6750=VECTOR('',#6749,1.3028E0);
#6751=CARTESIAN_POINT('',(-3.65E0,1.0722E0,-6.272E-1));
#6752=LINE('',#6751,#6750);
#6753=DIRECTION('',(0.E0,0.E0,-1.E0));
#6754=VECTOR('',#6753,1.014429988241E0);
#6755=CARTESIAN_POINT('',(-3.65E0,2.375E0,-6.272E-1));
#6756=LINE('',#6755,#6754);
#6757=DIRECTION('',(0.E0,-1.E0,0.E0));
#6758=VECTOR('',#6757,1.E0);
#6759=CARTESIAN_POINT('',(-3.65E0,3.375E0,-1.641629988241E0));
#6760=LINE('',#6759,#6758);
#6761=DIRECTION('',(0.E0,0.E0,1.E0));
#6762=VECTOR('',#6761,9.786547682569E-1);
#6763=CARTESIAN_POINT('',(-3.65E0,3.375E0,-1.641629988241E0));
#6764=LINE('',#6763,#6762);
#6765=CARTESIAN_POINT('',(-3.65E0,3.2196E0,-9.826E-1));
#6766=DIRECTION('',(-1.E0,0.E0,0.E0));
#6767=DIRECTION('',(0.E0,4.372537985369E-1,8.993381542363E-1));
#6768=AXIS2_PLACEMENT_3D('',#6765,#6766,#6767);
#6770=DIRECTION('',(0.E0,0.E0,-1.E0));
#6771=VECTOR('',#6770,1.74E-2);
#6772=CARTESIAN_POINT('',(-3.65E0,3.575E0,-9.826E-1));
#6773=LINE('',#6772,#6771);
#6774=DIRECTION('',(0.E0,1.E0,0.E0));
#6775=VECTOR('',#6774,1.E0);
#6776=CARTESIAN_POINT('',(-3.65E0,3.575E0,-1.E0));
#6777=LINE('',#6776,#6775);
#6778=DIRECTION('',(0.E0,0.E0,1.E0));
#6779=VECTOR('',#6778,1.975E0);
#6780=CARTESIAN_POINT('',(-3.65E0,4.575E0,-1.E0));
#6781=LINE('',#6780,#6779);
#6782=DIRECTION('',(0.E0,7.071067811865E-1,-7.071067811865E-1));
#6783=VECTOR('',#6782,1.697056274848E0);
#6784=CARTESIAN_POINT('',(-3.65E0,3.375E0,2.175E0));
#6785=LINE('',#6784,#6783);
#6786=DIRECTION('',(0.E0,-1.E0,0.E0));
#6787=VECTOR('',#6786,2.0432E0);
#6788=CARTESIAN_POINT('',(-3.65E0,3.375E0,2.175E0));
#6789=LINE('',#6788,#6787);
#6790=DIRECTION('',(0.E0,0.E0,-1.E0));
#6791=VECTOR('',#6790,8.250560522932E-1);
#6792=CARTESIAN_POINT('',(-3.65E0,1.325E0,3.825E0));
#6793=LINE('',#6792,#6791);
#6794=CARTESIAN_POINT('',(-3.25E0,-1.575E0,3.825E0));
#6795=DIRECTION('',(0.E0,0.E0,1.E0));
#6796=DIRECTION('',(-1.E0,0.E0,0.E0));
#6797=AXIS2_PLACEMENT_3D('',#6794,#6795,#6796);
#6799=DIRECTION('',(0.E0,1.E0,0.E0));
#6800=VECTOR('',#6799,2.9E0);
#6801=CARTESIAN_POINT('',(-3.65E0,-1.575E0,3.825E0));
#6802=LINE('',#6801,#6800);
#6803=CARTESIAN_POINT('',(-3.45E0,1.325E0,3.825E0));
#6804=DIRECTION('',(0.E0,0.E0,1.E0));
#6805=DIRECTION('',(0.E0,1.E0,0.E0));
#6806=AXIS2_PLACEMENT_3D('',#6803,#6804,#6805);
#6808=DIRECTION('',(1.E0,0.E0,0.E0));
#6809=VECTOR('',#6808,1.451237982930E0);
#6810=CARTESIAN_POINT('',(-3.45E0,1.525E0,3.825E0));
#6811=LINE('',#6810,#6809);
#6812=DIRECTION('',(0.E0,1.E0,0.E0));
#6813=VECTOR('',#6812,4.E-1);
#6814=CARTESIAN_POINT('',(-1.998762017070E0,1.125E0,3.825E0));
#6815=LINE('',#6814,#6813);
#6816=DIRECTION('',(-1.E0,0.E0,0.E0));
#6817=VECTOR('',#6816,1.5E-1);
#6818=CARTESIAN_POINT('',(-3.1E0,-1.575E0,3.825E0));
#6819=LINE('',#6818,#6817);
#6820=CARTESIAN_POINT('',(-3.65E0,1.325E0,2.999943947707E0));
#6821=CARTESIAN_POINT('',(-3.65E0,1.326139776187E0,2.999962739298E0));
#6822=CARTESIAN_POINT('',(-3.649980514698E0,1.328412940355E0,2.999990765375E0));
#6823=CARTESIAN_POINT('',(-3.649922701357E0,1.330673158207E0,3.E0));
#6824=CARTESIAN_POINT('',(-3.649884366572E0,1.3318E0,3.E0));
#6826=CARTESIAN_POINT('',(-3.65E0,1.3318E0,2.5875E0));
#6827=DIRECTION('',(1.E0,0.E0,0.E0));
#6828=DIRECTION('',(0.E0,-1.648484848485E-2,9.998641156529E-1));
#6829=AXIS2_PLACEMENT_3D('',#6826,#6827,#6828);
#6831=CARTESIAN_POINT('',(-3.25E0,1.3318E0,2.5875E0));
#6832=DIRECTION('',(-1.E0,0.E0,0.E0));
#6833=DIRECTION('',(0.E0,0.E0,-1.E0));
#6834=AXIS2_PLACEMENT_3D('',#6831,#6832,#6833);
#6836=DIRECTION('',(-1.E0,0.E0,0.E0));
#6837=VECTOR('',#6836,4.E-1);
#6838=CARTESIAN_POINT('',(-3.25E0,1.3318E0,2.175E0));
#6839=LINE('',#6838,#6837);
#6840=DIRECTION('',(-1.E0,0.E0,0.E0));
#6841=VECTOR('',#6840,4.E-1);
#6842=CARTESIAN_POINT('',(-3.25E0,3.375E0,2.175E0));
#6843=LINE('',#6842,#6841);
#6844=DIRECTION('',(-1.E0,0.E0,0.E0));
#6845=VECTOR('',#6844,4.E-1);
#6846=CARTESIAN_POINT('',(-3.25E0,4.575E0,9.75E-1));
#6847=LINE('',#6846,#6845);
#6848=DIRECTION('',(1.E0,0.E0,0.E0));
#6849=VECTOR('',#6848,4.E-1);
#6850=CARTESIAN_POINT('',(-3.65E0,4.575E0,-1.E0));
#6851=LINE('',#6850,#6849);
#6852=DIRECTION('',(1.E0,0.E0,0.E0));
#6853=VECTOR('',#6852,4.E-1);
#6854=CARTESIAN_POINT('',(-3.65E0,3.575E0,-1.E0));
#6855=LINE('',#6854,#6853);
#6856=DIRECTION('',(1.E0,0.E0,0.E0));
#6857=VECTOR('',#6856,4.E-1);
#6858=CARTESIAN_POINT('',(-3.65E0,3.575E0,-9.826E-1));
#6859=LINE('',#6858,#6857);
#6860=DIRECTION('',(1.E0,0.E0,0.E0));
#6861=VECTOR('',#6860,4.E-1);
#6862=CARTESIAN_POINT('',(-3.65E0,3.375E0,-6.629752199844E-1));
#6863=LINE('',#6862,#6861);
#6864=DIRECTION('',(0.E0,1.E0,0.E0));
#6865=VECTOR('',#6864,4.E-1);
#6866=CARTESIAN_POINT('',(-1.998762017070E0,1.125E0,3.E0));
#6867=LINE('',#6866,#6865);
#6868=DIRECTION('',(-1.E0,0.E0,0.E0));
#6869=VECTOR('',#6868,1.451237982930E0);
#6870=CARTESIAN_POINT('',(-1.998762017070E0,1.525E0,3.E0));
#6871=LINE('',#6870,#6869);
#6872=CARTESIAN_POINT('',(-3.45E0,1.325E0,3.E0));
#6873=DIRECTION('',(0.E0,0.E0,-1.E0));
#6874=DIRECTION('',(-9.994218328614E-1,3.4E-2,0.E0));
#6875=AXIS2_PLACEMENT_3D('',#6872,#6873,#6874);
#6877=DIRECTION('',(-1.E0,0.E0,0.E0));
#6878=VECTOR('',#6877,3.998843665723E-1);
#6879=CARTESIAN_POINT('',(-3.25E0,1.3318E0,3.E0));
#6880=LINE('',#6879,#6878);
#6881=DIRECTION('',(0.E0,-1.E0,0.E0));
#6882=VECTOR('',#6881,3.068E-1);
#6883=CARTESIAN_POINT('',(-3.25E0,1.3318E0,3.E0));
#6884=LINE('',#6883,#6882);
#6885=CARTESIAN_POINT('',(-1.998762017070E0,1.525E0,3.725E0));
#6886=DIRECTION('',(0.E0,1.E0,0.E0));
#6887=DIRECTION('',(0.E0,0.E0,1.E0));
#6888=AXIS2_PLACEMENT_3D('',#6885,#6886,#6887);
#6890=DIRECTION('',(0.E0,0.E0,-1.E0));
#6891=VECTOR('',#6890,8.25E-1);
#6892=CARTESIAN_POINT('',(-3.45E0,1.525E0,3.825E0));
#6893=LINE('',#6892,#6891);
#6894=CARTESIAN_POINT('',(-1.998762017070E0,1.525E0,3.1E0));
#6895=DIRECTION('',(0.E0,1.E0,0.E0));
#6896=DIRECTION('',(1.E0,0.E0,0.E0));
#6897=AXIS2_PLACEMENT_3D('',#6894,#6895,#6896);
#6899=DIRECTION('',(0.E0,0.E0,1.E0));
#6900=VECTOR('',#6899,6.25E-1);
#6901=CARTESIAN_POINT('',(-1.898762017070E0,1.525E0,3.1E0));
#6902=LINE('',#6901,#6900);
#6903=DIRECTION('',(0.E0,1.E0,0.E0));
#6904=VECTOR('',#6903,4.E-1);
#6905=CARTESIAN_POINT('',(-1.898762017070E0,1.125E0,3.725E0));
#6906=LINE('',#6905,#6904);
#6907=DIRECTION('',(0.E0,1.E0,0.E0));
#6908=VECTOR('',#6907,4.E-1);
#6909=CARTESIAN_POINT('',(-1.898762017070E0,1.125E0,3.1E0));
#6910=LINE('',#6909,#6908);
#6911=CARTESIAN_POINT('',(-1.998762017070E0,1.125E0,3.725E0));
#6912=DIRECTION('',(0.E0,-1.E0,0.E0));
#6913=DIRECTION('',(1.E0,0.E0,0.E0));
#6914=AXIS2_PLACEMENT_3D('',#6911,#6912,#6913);
#6916=DIRECTION('',(0.E0,0.E0,1.E0));
#6917=VECTOR('',#6916,6.25E-1);
#6918=CARTESIAN_POINT('',(-1.898762017070E0,1.125E0,3.1E0));
#6919=LINE('',#6918,#6917);
#6920=CARTESIAN_POINT('',(-1.998762017070E0,1.125E0,3.1E0));
#6921=DIRECTION('',(0.E0,-1.E0,0.E0));
#6922=DIRECTION('',(0.E0,0.E0,-1.E0));
#6923=AXIS2_PLACEMENT_3D('',#6920,#6921,#6922);
#6925=DIRECTION('',(1.E0,0.E0,0.E0));
#6926=VECTOR('',#6925,1.151237982930E0);
#6927=CARTESIAN_POINT('',(-3.15E0,1.125E0,3.E0));
#6928=LINE('',#6927,#6926);
#6929=DIRECTION('',(0.E0,0.E0,-1.E0));
#6930=VECTOR('',#6929,8.25E-1);
#6931=CARTESIAN_POINT('',(-3.15E0,1.125E0,3.825E0));
#6932=LINE('',#6931,#6930);
#6933=DIRECTION('',(-1.E0,0.E0,0.E0));
#6934=VECTOR('',#6933,1.151237982930E0);
#6935=CARTESIAN_POINT('',(-1.998762017070E0,1.125E0,3.825E0));
#6936=LINE('',#6935,#6934);
#6937=CARTESIAN_POINT('',(-3.15E0,1.025E0,3.825E0));
#6938=DIRECTION('',(0.E0,0.E0,-1.E0));
#6939=DIRECTION('',(-1.E0,0.E0,0.E0));
#6940=AXIS2_PLACEMENT_3D('',#6937,#6938,#6939);
#6942=CARTESIAN_POINT('',(-3.15E0,1.025E0,3.E0));
#6943=DIRECTION('',(0.E0,0.E0,1.E0));
#6944=DIRECTION('',(0.E0,1.E0,0.E0));
#6945=AXIS2_PLACEMENT_3D('',#6942,#6943,#6944);
#6947=CARTESIAN_POINT('',(0.E0,-1.575E0,3.E0));
#6948=DIRECTION('',(0.E0,1.E0,0.E0));
#6949=DIRECTION('',(1.E0,0.E0,0.E0));
#6950=AXIS2_PLACEMENT_3D('',#6947,#6948,#6949);
#6952=CARTESIAN_POINT('',(0.E0,-1.575E0,3.E0));
#6953=DIRECTION('',(0.E0,1.E0,0.E0));
#6954=DIRECTION('',(-1.E0,0.E0,0.E0));
#6955=AXIS2_PLACEMENT_3D('',#6952,#6953,#6954);
#6957=DIRECTION('',(0.E0,0.E0,1.E0));
#6958=VECTOR('',#6957,3.E0);
#6959=CARTESIAN_POINT('',(-3.25E0,-1.575E0,8.25E-1));
#6960=LINE('',#6959,#6958);
#6961=DIRECTION('',(-1.E0,0.E0,0.E0));
#6962=VECTOR('',#6961,1.5E-1);
#6963=CARTESIAN_POINT('',(-3.1E0,-1.575E0,8.25E-1));
#6964=LINE('',#6963,#6962);
#6965=DIRECTION('',(0.E0,0.E0,-1.E0));
#6966=VECTOR('',#6965,1.325E0);
#6967=CARTESIAN_POINT('',(-3.1E0,-1.575E0,8.25E-1));
#6968=LINE('',#6967,#6966);
#6969=DIRECTION('',(1.E0,0.E0,0.E0));
#6970=VECTOR('',#6969,6.2E0);
#6971=CARTESIAN_POINT('',(-3.1E0,-1.575E0,-5.E-1));
#6972=LINE('',#6971,#6970);
#6973=DIRECTION('',(0.E0,0.E0,1.E0));
#6974=VECTOR('',#6973,1.325E0);
#6975=CARTESIAN_POINT('',(3.1E0,-1.575E0,-5.E-1));
#6976=LINE('',#6975,#6974);
#6977=DIRECTION('',(1.E0,0.E0,0.E0));
#6978=VECTOR('',#6977,1.5E-1);
#6979=CARTESIAN_POINT('',(3.1E0,-1.575E0,8.25E-1));
#6980=LINE('',#6979,#6978);
#6981=DIRECTION('',(0.E0,0.E0,1.E0));
#6982=VECTOR('',#6981,3.E0);
#6983=CARTESIAN_POINT('',(3.25E0,-1.575E0,8.25E-1));
#6984=LINE('',#6983,#6982);
#6985=DIRECTION('',(0.E0,0.E0,1.E0));
#6986=VECTOR('',#6985,2.175E0);
#6987=CARTESIAN_POINT('',(3.1E0,-1.575E0,3.825E0));
#6988=LINE('',#6987,#6986);
#6989=DIRECTION('',(-1.E0,0.E0,0.E0));
#6990=VECTOR('',#6989,6.2E0);
#6991=CARTESIAN_POINT('',(3.1E0,-1.575E0,6.E0));
#6992=LINE('',#6991,#6990);
#6993=DIRECTION('',(0.E0,0.E0,-1.E0));
#6994=VECTOR('',#6993,2.175E0);
#6995=CARTESIAN_POINT('',(-3.1E0,-1.575E0,6.E0));
#6996=LINE('',#6995,#6994);
#6997=DIRECTION('',(0.E0,-1.E0,0.E0));
#6998=VECTOR('',#6997,4.E-1);
#6999=CARTESIAN_POINT('',(1.65E0,-1.575E0,3.E0));
#7000=LINE('',#6999,#6998);
#7001=DIRECTION('',(0.E0,-1.E0,0.E0));
#7002=VECTOR('',#7001,4.E-1);
#7003=CARTESIAN_POINT('',(-1.65E0,-1.575E0,3.E0));
#7004=LINE('',#7003,#7002);
#7005=CARTESIAN_POINT('',(0.E0,-1.975E0,3.E0));
#7006=DIRECTION('',(0.E0,1.E0,0.E0));
#7007=DIRECTION('',(1.E0,0.E0,0.E0));
#7008=AXIS2_PLACEMENT_3D('',#7005,#7006,#7007);
#7010=CARTESIAN_POINT('',(0.E0,-1.975E0,3.E0));
#7011=DIRECTION('',(0.E0,1.E0,0.E0));
#7012=DIRECTION('',(-1.E0,0.E0,0.E0));
#7013=AXIS2_PLACEMENT_3D('',#7010,#7011,#7012);
#7015=CARTESIAN_POINT('',(-2.2E0,-1.975E0,5.2E0));
#7016=DIRECTION('',(0.E0,-1.E0,0.E0));
#7017=DIRECTION('',(1.E0,0.E0,0.E0));
#7018=AXIS2_PLACEMENT_3D('',#7015,#7016,#7017);
#7020=CARTESIAN_POINT('',(-2.2E0,-1.975E0,5.2E0));
#7021=DIRECTION('',(0.E0,-1.E0,0.E0));
#7022=DIRECTION('',(-1.E0,0.E0,0.E0));
#7023=AXIS2_PLACEMENT_3D('',#7020,#7021,#7022);
#7025=CARTESIAN_POINT('',(2.2E0,-1.975E0,5.2E0));
#7026=DIRECTION('',(0.E0,-1.E0,0.E0));
#7027=DIRECTION('',(1.E0,0.E0,0.E0));
#7028=AXIS2_PLACEMENT_3D('',#7025,#7026,#7027);
#7030=CARTESIAN_POINT('',(2.2E0,-1.975E0,5.2E0));
#7031=DIRECTION('',(0.E0,-1.E0,0.E0));
#7032=DIRECTION('',(-1.E0,0.E0,0.E0));
#7033=AXIS2_PLACEMENT_3D('',#7030,#7031,#7032);
#7035=CARTESIAN_POINT('',(-2.2E0,-1.975E0,8.E-1));
#7036=DIRECTION('',(0.E0,-1.E0,0.E0));
#7037=DIRECTION('',(1.E0,0.E0,0.E0));
#7038=AXIS2_PLACEMENT_3D('',#7035,#7036,#7037);
#7040=CARTESIAN_POINT('',(-2.2E0,-1.975E0,8.E-1));
#7041=DIRECTION('',(0.E0,-1.E0,0.E0));
#7042=DIRECTION('',(-1.E0,0.E0,0.E0));
#7043=AXIS2_PLACEMENT_3D('',#7040,#7041,#7042);
#7045=CARTESIAN_POINT('',(2.2E0,-1.975E0,8.E-1));
#7046=DIRECTION('',(0.E0,-1.E0,0.E0));
#7047=DIRECTION('',(1.E0,0.E0,0.E0));
#7048=AXIS2_PLACEMENT_3D('',#7045,#7046,#7047);
#7050=CARTESIAN_POINT('',(2.2E0,-1.975E0,8.E-1));
#7051=DIRECTION('',(0.E0,-1.E0,0.E0));
#7052=DIRECTION('',(-1.E0,0.E0,0.E0));
#7053=AXIS2_PLACEMENT_3D('',#7050,#7051,#7052);
#7055=DIRECTION('',(0.E0,0.E0,-1.E0));
#7056=VECTOR('',#7055,3.E0);
#7057=CARTESIAN_POINT('',(3.25E0,-1.975E0,3.825E0));
#7058=LINE('',#7057,#7056);
#7059=DIRECTION('',(0.E0,0.E0,1.E0));
#7060=VECTOR('',#7059,1.325E0);
#7061=CARTESIAN_POINT('',(3.1E0,-1.975E0,-5.E-1));
#7062=LINE('',#7061,#7060);
#7063=DIRECTION('',(1.E0,0.E0,0.E0));
#7064=VECTOR('',#7063,6.2E0);
#7065=CARTESIAN_POINT('',(-3.1E0,-1.975E0,-5.E-1));
#7066=LINE('',#7065,#7064);
#7067=DIRECTION('',(0.E0,0.E0,-1.E0));
#7068=VECTOR('',#7067,1.325E0);
#7069=CARTESIAN_POINT('',(-3.1E0,-1.975E0,8.25E-1));
#7070=LINE('',#7069,#7068);
#7071=DIRECTION('',(0.E0,0.E0,1.E0));
#7072=VECTOR('',#7071,3.E0);
#7073=CARTESIAN_POINT('',(-3.25E0,-1.975E0,8.25E-1));
#7074=LINE('',#7073,#7072);
#7075=DIRECTION('',(-1.E0,0.E0,0.E0));
#7076=VECTOR('',#7075,1.5E-1);
#7077=CARTESIAN_POINT('',(-3.1E0,-1.975E0,3.825E0));
#7078=LINE('',#7077,#7076);
#7079=DIRECTION('',(0.E0,0.E0,-1.E0));
#7080=VECTOR('',#7079,2.175E0);
#7081=CARTESIAN_POINT('',(-3.1E0,-1.975E0,6.E0));
#7082=LINE('',#7081,#7080);
#7083=DIRECTION('',(-1.E0,0.E0,0.E0));
#7084=VECTOR('',#7083,6.2E0);
#7085=CARTESIAN_POINT('',(3.1E0,-1.975E0,6.E0));
#7086=LINE('',#7085,#7084);
#7087=DIRECTION('',(0.E0,0.E0,1.E0));
#7088=VECTOR('',#7087,2.175E0);
#7089=CARTESIAN_POINT('',(3.1E0,-1.975E0,3.825E0));
#7090=LINE('',#7089,#7088);
#7091=DIRECTION('',(1.E0,0.E0,0.E0));
#7092=VECTOR('',#7091,1.5E-1);
#7093=CARTESIAN_POINT('',(3.1E0,-1.975E0,3.825E0));
#7094=LINE('',#7093,#7092);
#7095=CARTESIAN_POINT('',(-2.2E0,-2.075E0,5.2E0));
#7096=DIRECTION('',(0.E0,-1.E0,0.E0));
#7097=DIRECTION('',(1.E0,0.E0,0.E0));
#7098=AXIS2_PLACEMENT_3D('',#7095,#7096,#7097);
#7100=DIRECTION('',(0.E0,-1.E0,6.853095868564E-10));
#7101=VECTOR('',#7100,1.E-1);
#7102=CARTESIAN_POINT('',(-1.7E0,-1.975E0,5.2E0));
#7103=LINE('',#7102,#7101);
#7104=CARTESIAN_POINT('',(-2.E0,-2.075E0,5.2E0));
#7105=DIRECTION('',(0.E0,0.E0,1.E0));
#7106=DIRECTION('',(0.E0,-1.E0,0.E0));
#7107=AXIS2_PLACEMENT_3D('',#7104,#7105,#7106);
#7109=CARTESIAN_POINT('',(-2.2E0,-2.375E0,5.2E0));
#7110=DIRECTION('',(0.E0,-1.E0,0.E0));
#7111=DIRECTION('',(-1.E0,0.E0,0.E0));
#7112=AXIS2_PLACEMENT_3D('',#7109,#7110,#7111);
#7114=CARTESIAN_POINT('',(-2.2E0,-2.375E0,5.2E0));
#7115=DIRECTION('',(0.E0,-1.E0,0.E0));
#7116=DIRECTION('',(1.E0,0.E0,0.E0));
#7117=AXIS2_PLACEMENT_3D('',#7114,#7115,#7116);
#7119=CARTESIAN_POINT('',(2.2E0,-2.375E0,5.2E0));
#7120=DIRECTION('',(0.E0,-1.E0,0.E0));
#7121=DIRECTION('',(-1.E0,0.E0,0.E0));
#7122=AXIS2_PLACEMENT_3D('',#7119,#7120,#7121);
#7124=CARTESIAN_POINT('',(2.2E0,-2.375E0,5.2E0));
#7125=DIRECTION('',(0.E0,-1.E0,0.E0));
#7126=DIRECTION('',(1.E0,0.E0,0.E0));
#7127=AXIS2_PLACEMENT_3D('',#7124,#7125,#7126);
#7129=CARTESIAN_POINT('',(-2.2E0,-2.375E0,8.E-1));
#7130=DIRECTION('',(0.E0,-1.E0,0.E0));
#7131=DIRECTION('',(1.E0,0.E0,0.E0));
#7132=AXIS2_PLACEMENT_3D('',#7129,#7130,#7131);
#7134=CARTESIAN_POINT('',(-2.2E0,-2.375E0,8.E-1));
#7135=DIRECTION('',(0.E0,-1.E0,0.E0));
#7136=DIRECTION('',(-1.E0,0.E0,0.E0));
#7137=AXIS2_PLACEMENT_3D('',#7134,#7135,#7136);
#7139=CARTESIAN_POINT('',(2.2E0,-2.375E0,8.E-1));
#7140=DIRECTION('',(0.E0,-1.E0,0.E0));
#7141=DIRECTION('',(-1.E0,0.E0,0.E0));
#7142=AXIS2_PLACEMENT_3D('',#7139,#7140,#7141);
#7144=CARTESIAN_POINT('',(2.2E0,-2.375E0,8.E-1));
#7145=DIRECTION('',(0.E0,-1.E0,0.E0));
#7146=DIRECTION('',(1.E0,0.E0,0.E0));
#7147=AXIS2_PLACEMENT_3D('',#7144,#7145,#7146);
#7149=CARTESIAN_POINT('',(-2.4E0,-2.075E0,5.2E0));
#7150=DIRECTION('',(0.E0,0.E0,-1.E0));
#7151=DIRECTION('',(0.E0,-1.E0,0.E0));
#7152=AXIS2_PLACEMENT_3D('',#7149,#7150,#7151);
#7154=CARTESIAN_POINT('',(-2.2E0,-2.075E0,5.2E0));
#7155=DIRECTION('',(0.E0,-1.E0,0.E0));
#7156=DIRECTION('',(-1.E0,0.E0,0.E0));
#7157=AXIS2_PLACEMENT_3D('',#7154,#7155,#7156);
#7159=DIRECTION('',(0.E0,-1.E0,-6.853007050722E-10));
#7160=VECTOR('',#7159,1.E-1);
#7161=CARTESIAN_POINT('',(-2.7E0,-1.975E0,5.2E0));
#7162=LINE('',#7161,#7160);
#7163=CARTESIAN_POINT('',(2.E0,-2.075E0,5.2E0));
#7164=DIRECTION('',(0.E0,0.E0,-1.E0));
#7165=DIRECTION('',(0.E0,-1.E0,0.E0));
#7166=AXIS2_PLACEMENT_3D('',#7163,#7164,#7165);
#7168=CARTESIAN_POINT('',(2.4E0,-2.075E0,5.2E0));
#7169=DIRECTION('',(0.E0,0.E0,1.E0));
#7170=DIRECTION('',(0.E0,-1.E0,0.E0));
#7171=AXIS2_PLACEMENT_3D('',#7168,#7169,#7170);
#7173=CARTESIAN_POINT('',(2.2E0,-2.075E0,5.2E0));
#7174=DIRECTION('',(0.E0,-1.E0,0.E0));
#7175=DIRECTION('',(1.E0,0.E0,0.E0));
#7176=AXIS2_PLACEMENT_3D('',#7173,#7174,#7175);
#7178=DIRECTION('',(0.E0,-1.E0,6.853095868564E-10));
#7179=VECTOR('',#7178,1.E-1);
#7180=CARTESIAN_POINT('',(2.7E0,-1.975E0,5.2E0));
#7181=LINE('',#7180,#7179);
#7182=CARTESIAN_POINT('',(2.2E0,-2.075E0,5.2E0));
#7183=DIRECTION('',(0.E0,-1.E0,0.E0));
#7184=DIRECTION('',(-1.E0,0.E0,0.E0));
#7185=AXIS2_PLACEMENT_3D('',#7182,#7183,#7184);
#7187=DIRECTION('',(0.E0,-1.E0,-6.853007050722E-10));
#7188=VECTOR('',#7187,1.E-1);
#7189=CARTESIAN_POINT('',(1.7E0,-1.975E0,5.2E0));
#7190=LINE('',#7189,#7188);
#7191=CARTESIAN_POINT('',(-2.E0,-2.075E0,8.E-1));
#7192=DIRECTION('',(0.E0,0.E0,1.E0));
#7193=DIRECTION('',(0.E0,-1.E0,0.E0));
#7194=AXIS2_PLACEMENT_3D('',#7191,#7192,#7193);
#7196=CARTESIAN_POINT('',(-2.4E0,-2.075E0,8.E-1));
#7197=DIRECTION('',(0.E0,0.E0,-1.E0));
#7198=DIRECTION('',(0.E0,-1.E0,0.E0));
#7199=AXIS2_PLACEMENT_3D('',#7196,#7197,#7198);
#7201=CARTESIAN_POINT('',(-2.2E0,-2.075E0,8.E-1));
#7202=DIRECTION('',(0.E0,-1.E0,0.E0));
#7203=DIRECTION('',(-1.E0,0.E0,0.E0));
#7204=AXIS2_PLACEMENT_3D('',#7201,#7202,#7203);
#7206=DIRECTION('',(0.E0,-1.E0,-6.853084766334E-10));
#7207=VECTOR('',#7206,1.E-1);
#7208=CARTESIAN_POINT('',(-2.7E0,-1.975E0,8.E-1));
#7209=LINE('',#7208,#7207);
#7210=CARTESIAN_POINT('',(-2.2E0,-2.075E0,8.E-1));
#7211=DIRECTION('',(0.E0,-1.E0,0.E0));
#7212=DIRECTION('',(1.E0,0.E0,0.E0));
#7213=AXIS2_PLACEMENT_3D('',#7210,#7211,#7212);
#7215=DIRECTION('',(0.E0,-1.E0,6.853073664104E-10));
#7216=VECTOR('',#7215,1.E-1);
#7217=CARTESIAN_POINT('',(-1.7E0,-1.975E0,8.E-1));
#7218=LINE('',#7217,#7216);
#7219=CARTESIAN_POINT('',(2.E0,-2.075E0,8.E-1));
#7220=DIRECTION('',(0.E0,0.E0,-1.E0));
#7221=DIRECTION('',(0.E0,-1.E0,0.E0));
#7222=AXIS2_PLACEMENT_3D('',#7219,#7220,#7221);
#7224=CARTESIAN_POINT('',(2.4E0,-2.075E0,8.E-1));
#7225=DIRECTION('',(0.E0,0.E0,1.E0));
#7226=DIRECTION('',(0.E0,-1.E0,0.E0));
#7227=AXIS2_PLACEMENT_3D('',#7224,#7225,#7226);
#7229=CARTESIAN_POINT('',(2.2E0,-2.075E0,8.E-1));
#7230=DIRECTION('',(0.E0,-1.E0,0.E0));
#7231=DIRECTION('',(1.E0,0.E0,0.E0));
#7232=AXIS2_PLACEMENT_3D('',#7229,#7230,#7231);
#7234=DIRECTION('',(0.E0,-1.E0,6.853073664104E-10));
#7235=VECTOR('',#7234,1.E-1);
#7236=CARTESIAN_POINT('',(2.7E0,-1.975E0,8.E-1));
#7237=LINE('',#7236,#7235);
#7238=CARTESIAN_POINT('',(2.2E0,-2.075E0,8.E-1));
#7239=DIRECTION('',(0.E0,-1.E0,0.E0));
#7240=DIRECTION('',(-1.E0,0.E0,0.E0));
#7241=AXIS2_PLACEMENT_3D('',#7238,#7239,#7240);
#7243=DIRECTION('',(0.E0,-1.E0,-6.853084766334E-10));
#7244=VECTOR('',#7243,1.E-1);
#7245=CARTESIAN_POINT('',(1.7E0,-1.975E0,8.E-1));
#7246=LINE('',#7245,#7244);
#7247=CARTESIAN_POINT('',(3.25E0,-1.575E0,8.25E-1));
#7248=DIRECTION('',(0.E0,0.E0,-1.E0));
#7249=DIRECTION('',(1.E0,0.E0,0.E0));
#7250=AXIS2_PLACEMENT_3D('',#7247,#7248,#7249);
#7252=DIRECTION('',(0.E0,1.E0,0.E0));
#7253=VECTOR('',#7252,1.6E0);
#7254=CARTESIAN_POINT('',(3.65E0,-1.575E0,8.25E-1));
#7255=LINE('',#7254,#7253);
#7256=DIRECTION('',(1.E0,0.E0,0.E0));
#7257=VECTOR('',#7256,1.5E-1);
#7258=CARTESIAN_POINT('',(3.1E0,-1.975E0,8.25E-1));
#7259=LINE('',#7258,#7257);
#7260=DIRECTION('',(0.E0,0.E0,-1.E0));
#7261=VECTOR('',#7260,3.E0);
#7262=CARTESIAN_POINT('',(3.65E0,-1.575E0,3.825E0));
#7263=LINE('',#7262,#7261);
#7264=DIRECTION('',(0.E0,0.E0,1.E0));
#7265=VECTOR('',#7264,8.250560522932E-1);
#7266=CARTESIAN_POINT('',(3.65E0,1.325E0,2.999943947707E0));
#7267=LINE('',#7266,#7265);
#7268=DIRECTION('',(0.E0,-1.E0,0.E0));
#7269=VECTOR('',#7268,2.0432E0);
#7270=CARTESIAN_POINT('',(3.65E0,3.375E0,2.175E0));
#7271=LINE('',#7270,#7269);
#7272=DIRECTION('',(0.E0,-7.071067811865E-1,7.071067811865E-1));
#7273=VECTOR('',#7272,1.697056274848E0);
#7274=CARTESIAN_POINT('',(3.65E0,4.575E0,9.75E-1));
#7275=LINE('',#7274,#7273);
#7276=DIRECTION('',(0.E0,0.E0,1.E0));
#7277=VECTOR('',#7276,1.975E0);
#7278=CARTESIAN_POINT('',(3.65E0,4.575E0,-1.E0));
#7279=LINE('',#7278,#7277);
#7280=DIRECTION('',(0.E0,1.E0,0.E0));
#7281=VECTOR('',#7280,1.E0);
#7282=CARTESIAN_POINT('',(3.65E0,3.575E0,-1.E0));
#7283=LINE('',#7282,#7281);
#7284=DIRECTION('',(0.E0,0.E0,-1.E0));
#7285=VECTOR('',#7284,1.74E-2);
#7286=CARTESIAN_POINT('',(3.65E0,3.575E0,-9.826E-1));
#7287=LINE('',#7286,#7285);
#7288=CARTESIAN_POINT('',(3.65E0,3.2196E0,-9.826E-1));
#7289=DIRECTION('',(-1.E0,0.E0,0.E0));
#7290=DIRECTION('',(0.E0,4.372537985369E-1,8.993381542363E-1));
#7291=AXIS2_PLACEMENT_3D('',#7288,#7289,#7290);
#7293=DIRECTION('',(0.E0,0.E0,-1.E0));
#7294=VECTOR('',#7293,9.786547682569E-1);
#7295=CARTESIAN_POINT('',(3.65E0,3.375E0,-6.629752199844E-1));
#7296=LINE('',#7295,#7294);
#7297=DIRECTION('',(0.E0,-1.E0,0.E0));
#7298=VECTOR('',#7297,1.E0);
#7299=CARTESIAN_POINT('',(3.65E0,3.375E0,-1.641629988241E0));
#7300=LINE('',#7299,#7298);
#7301=DIRECTION('',(0.E0,0.E0,1.E0));
#7302=VECTOR('',#7301,1.014429988241E0);
#7303=CARTESIAN_POINT('',(3.65E0,2.375E0,-1.641629988241E0));
#7304=LINE('',#7303,#7302);
#7305=DIRECTION('',(0.E0,1.E0,0.E0));
#7306=VECTOR('',#7305,1.3028E0);
#7307=CARTESIAN_POINT('',(3.65E0,1.0722E0,-6.272E-1));
#7308=LINE('',#7307,#7306);
#7309=CARTESIAN_POINT('',(3.65E0,1.0722E0,-9.826E-1));
#7310=DIRECTION('',(-1.E0,0.E0,0.E0));
#7311=DIRECTION('',(0.E0,-1.E0,0.E0));
#7312=AXIS2_PLACEMENT_3D('',#7309,#7310,#7311);
#7314=DIRECTION('',(0.E0,0.E0,1.E0));
#7315=VECTOR('',#7314,1.74E-2);
#7316=CARTESIAN_POINT('',(3.65E0,7.168E-1,-1.E0));
#7317=LINE('',#7316,#7315);
#7318=DIRECTION('',(0.E0,1.E0,0.E0));
#7319=VECTOR('',#7318,1.7418E0);
#7320=CARTESIAN_POINT('',(3.65E0,-1.025E0,-1.E0));
#7321=LINE('',#7320,#7319);
#7322=DIRECTION('',(0.E0,0.E0,-1.E0));
#7323=VECTOR('',#7322,5.E-1);
#7324=CARTESIAN_POINT('',(3.65E0,-1.025E0,-5.E-1));
#7325=LINE('',#7324,#7323);
#7326=DIRECTION('',(0.E0,-8.944271909999E-1,-4.472135955E-1));
#7327=VECTOR('',#7326,1.173935688187E0);
#7328=CARTESIAN_POINT('',(3.65E0,2.5E-2,2.5E-2));
#7329=LINE('',#7328,#7327);
#7330=DIRECTION('',(0.E0,0.E0,-1.E0));
#7331=VECTOR('',#7330,8.E-1);
#7332=CARTESIAN_POINT('',(3.65E0,2.5E-2,8.25E-1));
#7333=LINE('',#7332,#7331);
#7334=CARTESIAN_POINT('',(3.25E0,-1.575E0,3.825E0));
#7335=DIRECTION('',(0.E0,0.E0,1.E0));
#7336=DIRECTION('',(0.E0,-1.E0,0.E0));
#7337=AXIS2_PLACEMENT_3D('',#7334,#7335,#7336);
#7339=DIRECTION('',(1.E0,0.E0,0.E0));
#7340=VECTOR('',#7339,1.5E-1);
#7341=CARTESIAN_POINT('',(3.1E0,-1.575E0,3.825E0));
#7342=LINE('',#7341,#7340);
#7343=DIRECTION('',(0.E0,-1.E0,0.E0));
#7344=VECTOR('',#7343,4.E-1);
#7345=CARTESIAN_POINT('',(1.998762017070E0,1.525E0,3.825E0));
#7346=LINE('',#7345,#7344);
#7347=DIRECTION('',(1.E0,0.E0,0.E0));
#7348=VECTOR('',#7347,1.451237982930E0);
#7349=CARTESIAN_POINT('',(1.998762017070E0,1.525E0,3.825E0));
#7350=LINE('',#7349,#7348);
#7351=CARTESIAN_POINT('',(3.45E0,1.325E0,3.825E0));
#7352=DIRECTION('',(0.E0,0.E0,1.E0));
#7353=DIRECTION('',(1.E0,0.E0,0.E0));
#7354=AXIS2_PLACEMENT_3D('',#7351,#7352,#7353);
#7356=DIRECTION('',(0.E0,-1.E0,0.E0));
#7357=VECTOR('',#7356,2.9E0);
#7358=CARTESIAN_POINT('',(3.65E0,1.325E0,3.825E0));
#7359=LINE('',#7358,#7357);
#7360=DIRECTION('',(0.E0,-1.E0,0.E0));
#7361=VECTOR('',#7360,4.E-1);
#7362=CARTESIAN_POINT('',(3.1E0,-1.575E0,8.25E-1));
#7363=LINE('',#7362,#7361);
#7364=DIRECTION('',(0.E0,-1.E0,0.E0));
#7365=VECTOR('',#7364,4.E-1);
#7366=CARTESIAN_POINT('',(3.1E0,-1.575E0,-5.E-1));
#7367=LINE('',#7366,#7365);
#7368=DIRECTION('',(0.E0,-1.E0,0.E0));
#7369=VECTOR('',#7368,4.E-1);
#7370=CARTESIAN_POINT('',(3.1E0,-1.575E0,3.825E0));
#7371=LINE('',#7370,#7369);
#7372=DIRECTION('',(0.E0,-1.E0,0.E0));
#7373=VECTOR('',#7372,4.E-1);
#7374=CARTESIAN_POINT('',(-3.1E0,-1.575E0,-5.E-1));
#7375=LINE('',#7374,#7373);
#7376=DIRECTION('',(0.E0,-1.E0,0.E0));
#7377=VECTOR('',#7376,4.E-1);
#7378=CARTESIAN_POINT('',(-3.1E0,-1.575E0,8.25E-1));
#7379=LINE('',#7378,#7377);
#7380=DIRECTION('',(0.E0,-1.E0,0.E0));
#7381=VECTOR('',#7380,4.E-1);
#7382=CARTESIAN_POINT('',(-3.1E0,-1.575E0,3.825E0));
#7383=LINE('',#7382,#7381);
#7384=DIRECTION('',(0.E0,-1.E0,0.E0));
#7385=VECTOR('',#7384,4.E-1);
#7386=CARTESIAN_POINT('',(-3.1E0,-1.575E0,6.E0));
#7387=LINE('',#7386,#7385);
#7388=CARTESIAN_POINT('',(-3.25E0,-1.575E0,8.25E-1));
#7389=DIRECTION('',(0.E0,0.E0,-1.E0));
#7390=DIRECTION('',(0.E0,-1.E0,0.E0));
#7391=AXIS2_PLACEMENT_3D('',#7388,#7389,#7390);
#7393=DIRECTION('',(-1.E0,0.E0,0.E0));
#7394=VECTOR('',#7393,1.5E-1);
#7395=CARTESIAN_POINT('',(-3.1E0,-1.975E0,8.25E-1));
#7396=LINE('',#7395,#7394);
#7397=DIRECTION('',(0.E0,-1.E0,0.E0));
#7398=VECTOR('',#7397,1.6E0);
#7399=CARTESIAN_POINT('',(-3.65E0,2.5E-2,8.25E-1));
#7400=LINE('',#7399,#7398);
#7401=DIRECTION('',(1.E0,0.E0,0.E0));
#7402=VECTOR('',#7401,4.E-1);
#7403=CARTESIAN_POINT('',(-3.65E0,2.5E-2,8.25E-1));
#7404=LINE('',#7403,#7402);
#7405=DIRECTION('',(1.E0,0.E0,0.E0));
#7406=VECTOR('',#7405,4.E-1);
#7407=CARTESIAN_POINT('',(-3.65E0,2.5E-2,2.5E-2));
#7408=LINE('',#7407,#7406);
#7409=DIRECTION('',(1.E0,0.E0,0.E0));
#7410=VECTOR('',#7409,4.E-1);
#7411=CARTESIAN_POINT('',(-3.65E0,-1.025E0,-5.E-1));
#7412=LINE('',#7411,#7410);
#7413=DIRECTION('',(1.E0,0.E0,0.E0));
#7414=VECTOR('',#7413,4.E-1);
#7415=CARTESIAN_POINT('',(-3.65E0,-1.025E0,-1.E0));
#7416=LINE('',#7415,#7414);
#7417=DIRECTION('',(1.E0,0.E0,0.E0));
#7418=VECTOR('',#7417,4.E-1);
#7419=CARTESIAN_POINT('',(-3.65E0,7.168E-1,-1.E0));
#7420=LINE('',#7419,#7418);
#7421=DIRECTION('',(1.E0,0.E0,0.E0));
#7422=VECTOR('',#7421,4.E-1);
#7423=CARTESIAN_POINT('',(-3.65E0,7.168E-1,-9.826E-1));
#7424=LINE('',#7423,#7422);
#7425=DIRECTION('',(-1.E0,0.E0,0.E0));
#7426=VECTOR('',#7425,4.E-1);
#7427=CARTESIAN_POINT('',(-3.25E0,2.375E0,-6.272E-1));
#7428=LINE('',#7427,#7426);
#7429=DIRECTION('',(1.E0,0.E0,0.E0));
#7430=VECTOR('',#7429,4.E-1);
#7431=CARTESIAN_POINT('',(-3.65E0,1.0722E0,-6.272E-1));
#7432=LINE('',#7431,#7430);
#7433=DIRECTION('',(0.E0,-1.E0,0.E0));
#7434=VECTOR('',#7433,4.E-1);
#7435=CARTESIAN_POINT('',(3.1E0,-1.575E0,6.E0));
#7436=LINE('',#7435,#7434);
#7437=DIRECTION('',(0.E0,0.E0,-1.E0));
#7438=VECTOR('',#7437,1.014429988241E0);
#7439=CARTESIAN_POINT('',(3.25E0,2.375E0,-6.272E-1));
#7440=LINE('',#7439,#7438);
#7441=DIRECTION('',(0.E0,0.E0,1.E0));
#7442=VECTOR('',#7441,9.786547682569E-1);
#7443=CARTESIAN_POINT('',(3.25E0,3.375E0,-1.641629988241E0));
#7444=LINE('',#7443,#7442);
#7445=CARTESIAN_POINT('',(3.25E0,3.2196E0,-9.826E-1));
#7446=DIRECTION('',(-1.E0,0.E0,0.E0));
#7447=DIRECTION('',(0.E0,4.372537985369E-1,8.993381542363E-1));
#7448=AXIS2_PLACEMENT_3D('',#7445,#7446,#7447);
#7450=DIRECTION('',(0.E0,0.E0,-1.E0));
#7451=VECTOR('',#7450,1.74E-2);
#7452=CARTESIAN_POINT('',(3.25E0,3.575E0,-9.826E-1));
#7453=LINE('',#7452,#7451);
#7454=DIRECTION('',(0.E0,1.E0,0.E0));
#7455=VECTOR('',#7454,1.E0);
#7456=CARTESIAN_POINT('',(3.25E0,3.575E0,-1.E0));
#7457=LINE('',#7456,#7455);
#7458=DIRECTION('',(0.E0,0.E0,1.E0));
#7459=VECTOR('',#7458,1.975E0);
#7460=CARTESIAN_POINT('',(3.25E0,4.575E0,-1.E0));
#7461=LINE('',#7460,#7459);
#7462=DIRECTION('',(0.E0,7.071067811865E-1,-7.071067811865E-1));
#7463=VECTOR('',#7462,1.697056274848E0);
#7464=CARTESIAN_POINT('',(3.25E0,3.375E0,2.175E0));
#7465=LINE('',#7464,#7463);
#7466=DIRECTION('',(0.E0,-1.E0,0.E0));
#7467=VECTOR('',#7466,2.0432E0);
#7468=CARTESIAN_POINT('',(3.25E0,3.375E0,2.175E0));
#7469=LINE('',#7468,#7467);
#7470=DIRECTION('',(0.E0,0.E0,1.E0));
#7471=VECTOR('',#7470,8.25E-1);
#7472=CARTESIAN_POINT('',(3.25E0,1.025E0,3.E0));
#7473=LINE('',#7472,#7471);
#7474=DIRECTION('',(0.E0,-1.E0,0.E0));
#7475=VECTOR('',#7474,2.6E0);
#7476=CARTESIAN_POINT('',(3.25E0,1.025E0,3.825E0));
#7477=LINE('',#7476,#7475);
#7478=DIRECTION('',(0.E0,1.E0,0.E0));
#7479=VECTOR('',#7478,1.6E0);
#7480=CARTESIAN_POINT('',(3.25E0,-1.575E0,8.25E-1));
#7481=LINE('',#7480,#7479);
#7482=DIRECTION('',(0.E0,0.E0,-1.E0));
#7483=VECTOR('',#7482,8.E-1);
#7484=CARTESIAN_POINT('',(3.25E0,2.5E-2,8.25E-1));
#7485=LINE('',#7484,#7483);
#7486=DIRECTION('',(0.E0,-8.944271909999E-1,-4.472135955E-1));
#7487=VECTOR('',#7486,1.173935688187E0);
#7488=CARTESIAN_POINT('',(3.25E0,2.5E-2,2.5E-2));
#7489=LINE('',#7488,#7487);
#7490=DIRECTION('',(0.E0,0.E0,-1.E0));
#7491=VECTOR('',#7490,5.E-1);
#7492=CARTESIAN_POINT('',(3.25E0,-1.025E0,-5.E-1));
#7493=LINE('',#7492,#7491);
#7494=DIRECTION('',(0.E0,1.E0,0.E0));
#7495=VECTOR('',#7494,1.7418E0);
#7496=CARTESIAN_POINT('',(3.25E0,-1.025E0,-1.E0));
#7497=LINE('',#7496,#7495);
#7498=DIRECTION('',(0.E0,0.E0,1.E0));
#7499=VECTOR('',#7498,1.74E-2);
#7500=CARTESIAN_POINT('',(3.25E0,7.168E-1,-1.E0));
#7501=LINE('',#7500,#7499);
#7502=CARTESIAN_POINT('',(3.25E0,1.0722E0,-9.826E-1));
#7503=DIRECTION('',(-1.E0,0.E0,0.E0));
#7504=DIRECTION('',(0.E0,-1.E0,0.E0));
#7505=AXIS2_PLACEMENT_3D('',#7502,#7503,#7504);
#7507=DIRECTION('',(0.E0,1.E0,0.E0));
#7508=VECTOR('',#7507,1.3028E0);
#7509=CARTESIAN_POINT('',(3.25E0,1.0722E0,-6.272E-1));
#7510=LINE('',#7509,#7508);
#7511=DIRECTION('',(1.E0,0.E0,0.E0));
#7512=VECTOR('',#7511,4.E-1);
#7513=CARTESIAN_POINT('',(3.25E0,2.375E0,-4.3E0));
#7514=LINE('',#7513,#7512);
#7515=DIRECTION('',(0.E0,0.E0,-1.E0));
#7516=VECTOR('',#7515,4.800035748813E-1);
#7517=CARTESIAN_POINT('',(3.25E0,2.375E0,-3.819996425119E0));
#7518=LINE('',#7517,#7516);
#7519=CARTESIAN_POINT('',(4.238254278924E0,2.375E0,-3.819996425119E0));
#7520=DIRECTION('',(0.E0,-1.E0,0.E0));
#7521=DIRECTION('',(-8.481858751343E-1,0.E0,5.296987079677E-1));
#7522=AXIS2_PLACEMENT_3D('',#7519,#7520,#7521);
#7524=DIRECTION('',(-5.296987079677E-1,0.E0,-8.481858751343E-1));
#7525=VECTOR('',#7524,5.414453121615E-1);
#7526=CARTESIAN_POINT('',(3.686833840787E0,2.375E0,-2.837273144496E0));
#7527=LINE('',#7526,#7525);
#7528=CARTESIAN_POINT('',(3.567793147246E0,2.375E0,-2.762931301025E0));
#7529=DIRECTION('',(0.E0,1.E0,0.E0));
#7530=DIRECTION('',(8.736448707884E-1,0.E0,4.865641167875E-1));
#7531=AXIS2_PLACEMENT_3D('',#7528,#7529,#7530);
#7533=DIRECTION('',(4.865641167875E-1,0.E0,-8.736448707884E-1));
#7534=VECTOR('',#7533,6.428910755990E-1);
#7535=CARTESIAN_POINT('',(3.377599216582E0,2.375E0,-2.132984795175E0));
#7536=LINE('',#7535,#7534);
#7537=CARTESIAN_POINT('',(4.259845958591E0,2.375E0,-1.641629988241E0));
#7538=DIRECTION('',(0.E0,-1.E0,0.E0));
#7539=DIRECTION('',(-1.E0,0.E0,0.E0));
#7540=AXIS2_PLACEMENT_3D('',#7537,#7538,#7539);
#7542=CARTESIAN_POINT('',(4.259845958591E0,2.375E0,-1.641629988241E0));
#7543=DIRECTION('',(0.E0,1.E0,0.E0));
#7544=DIRECTION('',(-8.736448707884E-1,0.E0,-4.865641167875E-1));
#7545=AXIS2_PLACEMENT_3D('',#7542,#7543,#7544);
#7547=DIRECTION('',(-4.865641167875E-1,0.E0,8.736448707884E-1));
#7548=VECTOR('',#7547,6.428910755990E-1);
#7549=CARTESIAN_POINT('',(4.039864893286E0,2.375E0,-2.500017639132E0));
#7550=LINE('',#7549,#7548);
#7551=CARTESIAN_POINT('',(3.567793147246E0,2.375E0,-2.762931301025E0));
#7552=DIRECTION('',(0.E0,-1.E0,0.E0));
#7553=DIRECTION('',(8.481858751343E-1,0.E0,-5.296987079677E-1));
#7554=AXIS2_PLACEMENT_3D('',#7551,#7552,#7553);
#7556=DIRECTION('',(5.296987079677E-1,0.E0,8.481858751343E-1));
#7557=VECTOR('',#7556,5.414453121615E-1);
#7558=CARTESIAN_POINT('',(3.739305308553E0,2.375E0,-3.508398893616E0));
#7559=LINE('',#7558,#7557);
#7560=CARTESIAN_POINT('',(4.238254278924E0,2.375E0,-3.819996425119E0));
#7561=DIRECTION('',(0.E0,1.E0,0.E0));
#7562=DIRECTION('',(-1.E0,0.E0,0.E0));
#7563=AXIS2_PLACEMENT_3D('',#7560,#7561,#7562);
#7565=DIRECTION('',(0.E0,0.E0,1.E0));
#7566=VECTOR('',#7565,4.800035748813E-1);
#7567=CARTESIAN_POINT('',(3.65E0,2.375E0,-4.3E0));
#7568=LINE('',#7567,#7566);
#7569=CARTESIAN_POINT('',(3.65E0,2.575E0,-4.3E0));
#7570=DIRECTION('',(1.E0,0.E0,0.E0));
#7571=DIRECTION('',(0.E0,-1.E0,0.E0));
#7572=AXIS2_PLACEMENT_3D('',#7569,#7570,#7571);
#7574=CARTESIAN_POINT('',(3.65E0,3.175E0,-4.3E0));
#7575=DIRECTION('',(1.E0,0.E0,0.E0));
#7576=DIRECTION('',(0.E0,0.E0,-1.E0));
#7577=AXIS2_PLACEMENT_3D('',#7574,#7575,#7576);
#7579=DIRECTION('',(0.E0,-1.E0,0.E0));
#7580=VECTOR('',#7579,6.E-1);
#7581=CARTESIAN_POINT('',(3.65E0,3.175E0,-4.5E0));
#7582=LINE('',#7581,#7580);
#7583=DIRECTION('',(0.E0,-1.E0,0.E0));
#7584=VECTOR('',#7583,1.E0);
#7585=CARTESIAN_POINT('',(3.65E0,3.375E0,-3.819996425119E0));
#7586=LINE('',#7585,#7584);
#7587=DIRECTION('',(-1.E0,0.E0,0.E0));
#7588=VECTOR('',#7587,4.E-1);
#7589=CARTESIAN_POINT('',(3.65E0,3.375E0,-4.3E0));
#7590=LINE('',#7589,#7588);
#7591=DIRECTION('',(0.E0,0.E0,1.E0));
#7592=VECTOR('',#7591,4.800035748813E-1);
#7593=CARTESIAN_POINT('',(3.65E0,3.375E0,-4.3E0));
#7594=LINE('',#7593,#7592);
#7595=CARTESIAN_POINT('',(4.238254278924E0,3.375E0,-3.819996425119E0));
#7596=DIRECTION('',(0.E0,1.E0,0.E0));
#7597=DIRECTION('',(-1.E0,0.E0,0.E0));
#7598=AXIS2_PLACEMENT_3D('',#7595,#7596,#7597);
#7600=DIRECTION('',(5.296987079677E-1,0.E0,8.481858751343E-1));
#7601=VECTOR('',#7600,5.414453121615E-1);
#7602=CARTESIAN_POINT('',(3.739305308553E0,3.375E0,-3.508398893616E0));
#7603=LINE('',#7602,#7601);
#7604=CARTESIAN_POINT('',(3.567793147246E0,3.375E0,-2.762931301025E0));
#7605=DIRECTION('',(0.E0,-1.E0,0.E0));
#7606=DIRECTION('',(8.481858751343E-1,0.E0,-5.296987079677E-1));
#7607=AXIS2_PLACEMENT_3D('',#7604,#7605,#7606);
#7609=DIRECTION('',(-4.865641167875E-1,0.E0,8.736448707884E-1));
#7610=VECTOR('',#7609,6.428910755990E-1);
#7611=CARTESIAN_POINT('',(4.039864893286E0,3.375E0,-2.500017639132E0));
#7612=LINE('',#7611,#7610);
#7613=CARTESIAN_POINT('',(4.259845958591E0,3.375E0,-1.641629988241E0));
#7614=DIRECTION('',(0.E0,1.E0,0.E0));
#7615=DIRECTION('',(-8.736448707884E-1,0.E0,-4.865641167875E-1));
#7616=AXIS2_PLACEMENT_3D('',#7613,#7614,#7615);
#7618=CARTESIAN_POINT('',(4.259845958591E0,3.375E0,-1.641629988241E0));
#7619=DIRECTION('',(0.E0,-1.E0,0.E0));
#7620=DIRECTION('',(-1.E0,0.E0,0.E0));
#7621=AXIS2_PLACEMENT_3D('',#7618,#7619,#7620);
#7623=DIRECTION('',(4.865641167875E-1,0.E0,-8.736448707884E-1));
#7624=VECTOR('',#7623,6.428910755990E-1);
#7625=CARTESIAN_POINT('',(3.377599216582E0,3.375E0,-2.132984795175E0));
#7626=LINE('',#7625,#7624);
#7627=CARTESIAN_POINT('',(3.567793147246E0,3.375E0,-2.762931301025E0));
#7628=DIRECTION('',(0.E0,1.E0,0.E0));
#7629=DIRECTION('',(8.736448707884E-1,0.E0,4.865641167875E-1));
#7630=AXIS2_PLACEMENT_3D('',#7627,#7628,#7629);
#7632=DIRECTION('',(-5.296987079677E-1,0.E0,-8.481858751343E-1));
#7633=VECTOR('',#7632,5.414453121615E-1);
#7634=CARTESIAN_POINT('',(3.686833840787E0,3.375E0,-2.837273144496E0));
#7635=LINE('',#7634,#7633);
#7636=CARTESIAN_POINT('',(4.238254278924E0,3.375E0,-3.819996425119E0));
#7637=DIRECTION('',(0.E0,-1.E0,0.E0));
#7638=DIRECTION('',(-8.481858751343E-1,0.E0,5.296987079677E-1));
#7639=AXIS2_PLACEMENT_3D('',#7636,#7637,#7638);
#7641=DIRECTION('',(0.E0,0.E0,-1.E0));
#7642=VECTOR('',#7641,4.800035748813E-1);
#7643=CARTESIAN_POINT('',(3.25E0,3.375E0,-3.819996425119E0));
#7644=LINE('',#7643,#7642);
#7645=CARTESIAN_POINT('',(3.25E0,2.575E0,-4.3E0));
#7646=DIRECTION('',(-1.E0,0.E0,0.E0));
#7647=DIRECTION('',(0.E0,0.E0,-1.E0));
#7648=AXIS2_PLACEMENT_3D('',#7645,#7646,#7647);
#7650=CARTESIAN_POINT('',(3.25E0,3.175E0,-4.3E0));
#7651=DIRECTION('',(-1.E0,0.E0,0.E0));
#7652=DIRECTION('',(0.E0,1.E0,0.E0));
#7653=AXIS2_PLACEMENT_3D('',#7650,#7651,#7652);
#7655=DIRECTION('',(0.E0,-1.E0,0.E0));
#7656=VECTOR('',#7655,1.E0);
#7657=CARTESIAN_POINT('',(3.25E0,3.375E0,-3.819996425119E0));
#7658=LINE('',#7657,#7656);
#7659=DIRECTION('',(1.E0,0.E0,0.E0));
#7660=VECTOR('',#7659,4.E-1);
#7661=CARTESIAN_POINT('',(3.25E0,2.575E0,-4.5E0));
#7662=LINE('',#7661,#7660);
#7663=DIRECTION('',(-1.E0,0.E0,0.E0));
#7664=VECTOR('',#7663,4.E-1);
#7665=CARTESIAN_POINT('',(3.65E0,3.175E0,-4.5E0));
#7666=LINE('',#7665,#7664);
#7667=DIRECTION('',(0.E0,-1.E0,0.E0));
#7668=VECTOR('',#7667,6.E-1);
#7669=CARTESIAN_POINT('',(3.25E0,3.175E0,-4.5E0));
#7670=LINE('',#7669,#7668);
#7671=DIRECTION('',(0.E0,-1.E0,0.E0));
#7672=VECTOR('',#7671,1.E0);
#7673=CARTESIAN_POINT('',(3.400030958500E0,3.375E0,-3.296519410429E0));
#7674=LINE('',#7673,#7672);
#7675=DIRECTION('',(0.E0,-1.E0,0.E0));
#7676=VECTOR('',#7675,1.E0);
#7677=CARTESIAN_POINT('',(3.686833840787E0,3.375E0,-2.837273144496E0));
#7678=LINE('',#7677,#7676);
#7679=DIRECTION('',(0.E0,-1.E0,0.E0));
#7680=VECTOR('',#7679,1.E0);
#7681=CARTESIAN_POINT('',(3.690406944971E0,3.375E0,-2.694643285847E0));
#7682=LINE('',#7681,#7680);
#7683=DIRECTION('',(0.E0,-1.E0,0.E0));
#7684=VECTOR('',#7683,1.E0);
#7685=CARTESIAN_POINT('',(3.377599216582E0,3.375E0,-2.132984795175E0));
#7686=LINE('',#7685,#7684);
#7687=DIRECTION('',(0.E0,-1.E0,0.E0));
#7688=VECTOR('',#7687,1.E0);
#7689=CARTESIAN_POINT('',(3.25E0,3.375E0,-1.641629988241E0));
#7690=LINE('',#7689,#7688);
#7691=DIRECTION('',(0.E0,-1.E0,0.E0));
#7692=VECTOR('',#7691,1.E0);
#7693=CARTESIAN_POINT('',(3.739305308553E0,3.375E0,-3.508398893616E0));
#7694=LINE('',#7693,#7692);
#7695=DIRECTION('',(0.E0,-1.E0,0.E0));
#7696=VECTOR('',#7695,1.E0);
#7697=CARTESIAN_POINT('',(4.026108190840E0,3.375E0,-3.049152627683E0));
#7698=LINE('',#7697,#7696);
#7699=DIRECTION('',(0.E0,-1.E0,0.E0));
#7700=VECTOR('',#7699,1.E0);
#7701=CARTESIAN_POINT('',(4.039864893286E0,3.375E0,-2.500017639132E0));
#7702=LINE('',#7701,#7700);
#7703=DIRECTION('',(0.E0,-1.E0,0.E0));
#7704=VECTOR('',#7703,1.E0);
#7705=CARTESIAN_POINT('',(3.727057164897E0,3.375E0,-1.938359148460E0));
#7706=LINE('',#7705,#7704);
#7707=DIRECTION('',(1.E0,0.E0,0.E0));
#7708=VECTOR('',#7707,4.E-1);
#7709=CARTESIAN_POINT('',(3.25E0,3.375E0,-6.629752199844E-1));
#7710=LINE('',#7709,#7708);
#7711=DIRECTION('',(-1.E0,0.E0,0.E0));
#7712=VECTOR('',#7711,4.E-1);
#7713=CARTESIAN_POINT('',(3.65E0,3.575E0,-9.826E-1));
#7714=LINE('',#7713,#7712);
#7715=DIRECTION('',(-1.E0,0.E0,0.E0));
#7716=VECTOR('',#7715,4.E-1);
#7717=CARTESIAN_POINT('',(3.65E0,3.575E0,-1.E0));
#7718=LINE('',#7717,#7716);
#7719=DIRECTION('',(-1.E0,0.E0,0.E0));
#7720=VECTOR('',#7719,4.E-1);
#7721=CARTESIAN_POINT('',(3.65E0,4.575E0,9.75E-1));
#7722=LINE('',#7721,#7720);
#7723=DIRECTION('',(-1.E0,0.E0,0.E0));
#7724=VECTOR('',#7723,4.E-1);
#7725=CARTESIAN_POINT('',(3.65E0,4.575E0,-1.E0));
#7726=LINE('',#7725,#7724);
#7727=DIRECTION('',(-1.E0,0.E0,0.E0));
#7728=VECTOR('',#7727,4.E-1);
#7729=CARTESIAN_POINT('',(3.65E0,1.3318E0,2.175E0));
#7730=LINE('',#7729,#7728);
#7731=DIRECTION('',(-1.E0,0.E0,0.E0));
#7732=VECTOR('',#7731,4.E-1);
#7733=CARTESIAN_POINT('',(3.65E0,3.375E0,2.175E0));
#7734=LINE('',#7733,#7732);
#7735=CARTESIAN_POINT('',(3.649884366572E0,1.3318E0,3.E0));
#7736=CARTESIAN_POINT('',(3.649922715793E0,1.330672733861E0,3.E0));
#7737=CARTESIAN_POINT('',(3.649980529196E0,1.328412091062E0,2.999990758405E0));
#7738=CARTESIAN_POINT('',(3.65E0,1.326139351652E0,2.999962732299E0));
#7739=CARTESIAN_POINT('',(3.65E0,1.325E0,2.999943947707E0));
#7741=CARTESIAN_POINT('',(3.25E0,1.3318E0,2.5875E0));
#7742=DIRECTION('',(1.E0,0.E0,0.E0));
#7743=DIRECTION('',(0.E0,0.E0,1.E0));
#7744=AXIS2_PLACEMENT_3D('',#7741,#7742,#7743);
#7746=CARTESIAN_POINT('',(3.65E0,1.3318E0,2.5875E0));
#7747=DIRECTION('',(-1.E0,0.E0,0.E0));
#7748=DIRECTION('',(0.E0,0.E0,-1.E0));
#7749=AXIS2_PLACEMENT_3D('',#7746,#7747,#7748);
#7751=CARTESIAN_POINT('',(1.998762017070E0,1.525E0,3.725E0));
#7752=DIRECTION('',(0.E0,1.E0,0.E0));
#7753=DIRECTION('',(-1.E0,0.E0,0.E0));
#7754=AXIS2_PLACEMENT_3D('',#7751,#7752,#7753);
#7756=DIRECTION('',(0.E0,0.E0,1.E0));
#7757=VECTOR('',#7756,6.25E-1);
#7758=CARTESIAN_POINT('',(1.898762017070E0,1.525E0,3.1E0));
#7759=LINE('',#7758,#7757);
#7760=CARTESIAN_POINT('',(1.998762017070E0,1.525E0,3.1E0));
#7761=DIRECTION('',(0.E0,1.E0,0.E0));
#7762=DIRECTION('',(0.E0,0.E0,-1.E0));
#7763=AXIS2_PLACEMENT_3D('',#7760,#7761,#7762);
#7765=DIRECTION('',(0.E0,0.E0,1.E0));
#7766=VECTOR('',#7765,8.25E-1);
#7767=CARTESIAN_POINT('',(3.45E0,1.525E0,3.E0));
#7768=LINE('',#7767,#7766);
#7769=CARTESIAN_POINT('',(1.998762017070E0,1.125E0,3.725E0));
#7770=DIRECTION('',(0.E0,-1.E0,0.E0));
#7771=DIRECTION('',(0.E0,0.E0,1.E0));
#7772=AXIS2_PLACEMENT_3D('',#7769,#7770,#7771);
#7774=DIRECTION('',(1.E0,0.E0,0.E0));
#7775=VECTOR('',#7774,1.151237982930E0);
#7776=CARTESIAN_POINT('',(1.998762017070E0,1.125E0,3.825E0));
#7777=LINE('',#7776,#7775);
#7778=DIRECTION('',(0.E0,0.E0,1.E0));
#7779=VECTOR('',#7778,8.25E-1);
#7780=CARTESIAN_POINT('',(3.15E0,1.125E0,3.E0));
#7781=LINE('',#7780,#7779);
#7782=DIRECTION('',(-1.E0,0.E0,0.E0));
#7783=VECTOR('',#7782,1.151237982930E0);
#7784=CARTESIAN_POINT('',(3.15E0,1.125E0,3.E0));
#7785=LINE('',#7784,#7783);
#7786=CARTESIAN_POINT('',(1.998762017070E0,1.125E0,3.1E0));
#7787=DIRECTION('',(0.E0,-1.E0,0.E0));
#7788=DIRECTION('',(-1.E0,0.E0,0.E0));
#7789=AXIS2_PLACEMENT_3D('',#7786,#7787,#7788);
#7791=DIRECTION('',(0.E0,0.E0,1.E0));
#7792=VECTOR('',#7791,6.25E-1);
#7793=CARTESIAN_POINT('',(1.898762017070E0,1.125E0,3.1E0));
#7794=LINE('',#7793,#7792);
#7795=CARTESIAN_POINT('',(3.15E0,1.025E0,3.E0));
#7796=DIRECTION('',(0.E0,0.E0,1.E0));
#7797=DIRECTION('',(1.E0,0.E0,0.E0));
#7798=AXIS2_PLACEMENT_3D('',#7795,#7796,#7797);
#7800=CARTESIAN_POINT('',(3.15E0,1.025E0,3.825E0));
#7801=DIRECTION('',(0.E0,0.E0,-1.E0));
#7802=DIRECTION('',(0.E0,1.E0,0.E0));
#7803=AXIS2_PLACEMENT_3D('',#7800,#7801,#7802);
#7805=DIRECTION('',(0.E0,-1.E0,0.E0));
#7806=VECTOR('',#7805,4.E-1);
#7807=CARTESIAN_POINT('',(1.998762017070E0,1.525E0,3.E0));
#7808=LINE('',#7807,#7806);
#7809=DIRECTION('',(0.E0,1.E0,0.E0));
#7810=VECTOR('',#7809,3.068E-1);
#7811=CARTESIAN_POINT('',(3.25E0,1.025E0,3.E0));
#7812=LINE('',#7811,#7810);
#7813=DIRECTION('',(-1.E0,0.E0,0.E0));
#7814=VECTOR('',#7813,3.998843665723E-1);
#7815=CARTESIAN_POINT('',(3.649884366572E0,1.3318E0,3.E0));
#7816=LINE('',#7815,#7814);
#7817=CARTESIAN_POINT('',(3.45E0,1.325E0,3.E0));
#7818=DIRECTION('',(0.E0,0.E0,-1.E0));
#7819=DIRECTION('',(0.E0,1.E0,0.E0));
#7820=AXIS2_PLACEMENT_3D('',#7817,#7818,#7819);
#7822=DIRECTION('',(-1.E0,0.E0,0.E0));
#7823=VECTOR('',#7822,1.451237982930E0);
#7824=CARTESIAN_POINT('',(3.45E0,1.525E0,3.E0));
#7825=LINE('',#7824,#7823);
#7826=DIRECTION('',(0.E0,-1.E0,0.E0));
#7827=VECTOR('',#7826,4.E-1);
#7828=CARTESIAN_POINT('',(1.898762017070E0,1.525E0,3.725E0));
#7829=LINE('',#7828,#7827);
#7830=DIRECTION('',(0.E0,-1.E0,0.E0));
#7831=VECTOR('',#7830,4.E-1);
#7832=CARTESIAN_POINT('',(1.898762017070E0,1.525E0,3.1E0));
#7833=LINE('',#7832,#7831);
#7834=DIRECTION('',(1.E0,0.E0,0.E0));
#7835=VECTOR('',#7834,4.E-1);
#7836=CARTESIAN_POINT('',(3.25E0,2.375E0,-6.272E-1));
#7837=LINE('',#7836,#7835);
#7838=DIRECTION('',(-1.E0,0.E0,0.E0));
#7839=VECTOR('',#7838,4.E-1);
#7840=CARTESIAN_POINT('',(3.65E0,1.0722E0,-6.272E-1));
#7841=LINE('',#7840,#7839);
#7842=DIRECTION('',(-1.E0,0.E0,0.E0));
#7843=VECTOR('',#7842,4.E-1);
#7844=CARTESIAN_POINT('',(3.65E0,7.168E-1,-9.826E-1));
#7845=LINE('',#7844,#7843);
#7846=DIRECTION('',(-1.E0,0.E0,0.E0));
#7847=VECTOR('',#7846,4.E-1);
#7848=CARTESIAN_POINT('',(3.65E0,7.168E-1,-1.E0));
#7849=LINE('',#7848,#7847);
#7850=DIRECTION('',(-1.E0,0.E0,0.E0));
#7851=VECTOR('',#7850,4.E-1);
#7852=CARTESIAN_POINT('',(3.65E0,-1.025E0,-1.E0));
#7853=LINE('',#7852,#7851);
#7854=DIRECTION('',(-1.E0,0.E0,0.E0));
#7855=VECTOR('',#7854,4.E-1);
#7856=CARTESIAN_POINT('',(3.65E0,-1.025E0,-5.E-1));
#7857=LINE('',#7856,#7855);
#7858=DIRECTION('',(-1.E0,0.E0,0.E0));
#7859=VECTOR('',#7858,4.E-1);
#7860=CARTESIAN_POINT('',(3.65E0,2.5E-2,2.5E-2));
#7861=LINE('',#7860,#7859);
#7862=DIRECTION('',(-1.E0,0.E0,0.E0));
#7863=VECTOR('',#7862,4.E-1);
#7864=CARTESIAN_POINT('',(3.65E0,2.5E-2,8.25E-1));
#7865=LINE('',#7864,#7863);
#7866=DIRECTION('',(0.E0,-1.E0,0.E0));
#7867=VECTOR('',#7866,1.E0);
#7868=CARTESIAN_POINT('',(-3.25E0,3.375E0,-1.641629988241E0));
#7869=LINE('',#7868,#7867);
#7870=DIRECTION('',(0.E0,-1.E0,0.E0));
#7871=VECTOR('',#7870,1.E0);
#7872=CARTESIAN_POINT('',(-3.377599216582E0,3.375E0,-2.132984795175E0));
#7873=LINE('',#7872,#7871);
#7874=DIRECTION('',(0.E0,-1.E0,0.E0));
#7875=VECTOR('',#7874,1.E0);
#7876=CARTESIAN_POINT('',(-3.690406944971E0,3.375E0,-2.694643285847E0));
#7877=LINE('',#7876,#7875);
#7878=DIRECTION('',(0.E0,-1.E0,0.E0));
#7879=VECTOR('',#7878,1.E0);
#7880=CARTESIAN_POINT('',(-3.686833840787E0,3.375E0,-2.837273144496E0));
#7881=LINE('',#7880,#7879);
#7882=DIRECTION('',(0.E0,-1.E0,0.E0));
#7883=VECTOR('',#7882,1.E0);
#7884=CARTESIAN_POINT('',(-3.400030958500E0,3.375E0,-3.296519410429E0));
#7885=LINE('',#7884,#7883);
#7886=DIRECTION('',(1.E0,0.E0,0.E0));
#7887=VECTOR('',#7886,4.E-1);
#7888=CARTESIAN_POINT('',(-3.65E0,2.575E0,-4.5E0));
#7889=LINE('',#7888,#7887);
#7890=DIRECTION('',(0.E0,-1.E0,0.E0));
#7891=VECTOR('',#7890,6.E-1);
#7892=CARTESIAN_POINT('',(-3.25E0,3.175E0,-4.5E0));
#7893=LINE('',#7892,#7891);
#7894=DIRECTION('',(-1.E0,0.E0,0.E0));
#7895=VECTOR('',#7894,4.E-1);
#7896=CARTESIAN_POINT('',(-3.25E0,3.175E0,-4.5E0));
#7897=LINE('',#7896,#7895);
#7898=CARTESIAN_POINT('',(1.65E0,-1.575E0,3.E0));
#7899=CARTESIAN_POINT('',(-1.65E0,-1.575E0,3.E0));
#7900=VERTEX_POINT('',#7898);
#7901=VERTEX_POINT('',#7899);
#7902=CARTESIAN_POINT('',(-3.1E0,-1.575E0,-5.E-1));
#7903=CARTESIAN_POINT('',(3.1E0,-1.575E0,-5.E-1));
#7904=VERTEX_POINT('',#7902);
#7905=VERTEX_POINT('',#7903);
#7906=CARTESIAN_POINT('',(3.1E0,-1.575E0,6.E0));
#7907=CARTESIAN_POINT('',(-3.1E0,-1.575E0,6.E0));
#7908=VERTEX_POINT('',#7906);
#7909=VERTEX_POINT('',#7907);
#7910=CARTESIAN_POINT('',(1.65E0,-1.975E0,3.E0));
#7911=CARTESIAN_POINT('',(-1.65E0,-1.975E0,3.E0));
#7912=VERTEX_POINT('',#7910);
#7913=VERTEX_POINT('',#7911);
#7914=CARTESIAN_POINT('',(-3.1E0,-1.975E0,-5.E-1));
#7915=CARTESIAN_POINT('',(3.1E0,-1.975E0,-5.E-1));
#7916=VERTEX_POINT('',#7914);
#7917=VERTEX_POINT('',#7915);
#7918=CARTESIAN_POINT('',(3.1E0,-1.975E0,6.E0));
#7919=CARTESIAN_POINT('',(-3.1E0,-1.975E0,6.E0));
#7920=VERTEX_POINT('',#7918);
#7921=VERTEX_POINT('',#7919);
#7922=CARTESIAN_POINT('',(-1.7E0,-1.975E0,5.2E0));
#7923=CARTESIAN_POINT('',(-2.7E0,-1.975E0,5.2E0));
#7924=VERTEX_POINT('',#7922);
#7925=VERTEX_POINT('',#7923);
#7926=CARTESIAN_POINT('',(2.7E0,-1.975E0,5.2E0));
#7927=CARTESIAN_POINT('',(1.7E0,-1.975E0,5.2E0));
#7928=VERTEX_POINT('',#7926);
#7929=VERTEX_POINT('',#7927);
#7930=CARTESIAN_POINT('',(-1.7E0,-1.975E0,8.E-1));
#7931=CARTESIAN_POINT('',(-2.7E0,-1.975E0,8.E-1));
#7932=VERTEX_POINT('',#7930);
#7933=VERTEX_POINT('',#7931);
#7934=CARTESIAN_POINT('',(2.7E0,-1.975E0,8.E-1));
#7935=CARTESIAN_POINT('',(1.7E0,-1.975E0,8.E-1));
#7936=VERTEX_POINT('',#7934);
#7937=VERTEX_POINT('',#7935);
#7938=CARTESIAN_POINT('',(-2.4E0,-2.375E0,5.2E0));
#7939=CARTESIAN_POINT('',(-2.E0,-2.375E0,5.2E0));
#7940=VERTEX_POINT('',#7938);
#7941=VERTEX_POINT('',#7939);
#7942=CARTESIAN_POINT('',(-2.7E0,-2.075E0,5.2E0));
#7943=CARTESIAN_POINT('',(-1.7E0,-2.075E0,5.2E0));
#7944=VERTEX_POINT('',#7942);
#7945=VERTEX_POINT('',#7943);
#7946=CARTESIAN_POINT('',(2.E0,-2.375E0,5.2E0));
#7947=CARTESIAN_POINT('',(2.4E0,-2.375E0,5.2E0));
#7948=VERTEX_POINT('',#7946);
#7949=VERTEX_POINT('',#7947);
#7950=CARTESIAN_POINT('',(1.7E0,-2.075E0,5.2E0));
#7951=CARTESIAN_POINT('',(2.7E0,-2.075E0,5.2E0));
#7952=VERTEX_POINT('',#7950);
#7953=VERTEX_POINT('',#7951);
#7954=CARTESIAN_POINT('',(-2.E0,-2.375E0,8.E-1));
#7955=CARTESIAN_POINT('',(-2.4E0,-2.375E0,8.E-1));
#7956=VERTEX_POINT('',#7954);
#7957=VERTEX_POINT('',#7955);
#7958=CARTESIAN_POINT('',(-1.7E0,-2.075E0,8.E-1));
#7959=CARTESIAN_POINT('',(-2.7E0,-2.075E0,8.E-1));
#7960=VERTEX_POINT('',#7958);
#7961=VERTEX_POINT('',#7959);
#7962=CARTESIAN_POINT('',(2.E0,-2.375E0,8.E-1));
#7963=CARTESIAN_POINT('',(2.4E0,-2.375E0,8.E-1));
#7964=VERTEX_POINT('',#7962);
#7965=VERTEX_POINT('',#7963);
#7966=CARTESIAN_POINT('',(1.7E0,-2.075E0,8.E-1));
#7967=CARTESIAN_POINT('',(2.7E0,-2.075E0,8.E-1));
#7968=VERTEX_POINT('',#7966);
#7969=VERTEX_POINT('',#7967);
#7970=CARTESIAN_POINT('',(3.1E0,-1.575E0,8.25E-1));
#7971=CARTESIAN_POINT('',(3.1E0,-1.975E0,8.25E-1));
#7972=VERTEX_POINT('',#7970);
#7973=VERTEX_POINT('',#7971);
#7974=CARTESIAN_POINT('',(3.1E0,-1.575E0,3.825E0));
#7975=CARTESIAN_POINT('',(3.1E0,-1.975E0,3.825E0));
#7976=VERTEX_POINT('',#7974);
#7977=VERTEX_POINT('',#7975);
#7978=CARTESIAN_POINT('',(3.65E0,2.5E-2,8.25E-1));
#7979=CARTESIAN_POINT('',(3.65E0,2.5E-2,2.5E-2));
#7980=VERTEX_POINT('',#7978);
#7981=VERTEX_POINT('',#7979);
#7982=CARTESIAN_POINT('',(3.65E0,-1.025E0,-5.E-1));
#7983=VERTEX_POINT('',#7982);
#7984=CARTESIAN_POINT('',(3.65E0,-1.025E0,-1.E0));
#7985=VERTEX_POINT('',#7984);
#7986=CARTESIAN_POINT('',(3.65E0,7.168E-1,-1.E0));
#7987=VERTEX_POINT('',#7986);
#7988=CARTESIAN_POINT('',(3.65E0,7.168E-1,-9.826E-1));
#7989=VERTEX_POINT('',#7988);
#7990=CARTESIAN_POINT('',(3.65E0,1.0722E0,-6.272E-1));
#7991=VERTEX_POINT('',#7990);
#7992=CARTESIAN_POINT('',(3.65E0,3.575E0,-9.826E-1));
#7993=CARTESIAN_POINT('',(3.65E0,3.575E0,-1.E0));
#7994=VERTEX_POINT('',#7992);
#7995=VERTEX_POINT('',#7993);
#7996=CARTESIAN_POINT('',(3.65E0,4.575E0,-1.E0));
#7997=VERTEX_POINT('',#7996);
#7998=CARTESIAN_POINT('',(3.25E0,2.5E-2,8.25E-1));
#7999=CARTESIAN_POINT('',(3.25E0,2.5E-2,2.5E-2));
#8000=VERTEX_POINT('',#7998);
#8001=VERTEX_POINT('',#7999);
#8002=CARTESIAN_POINT('',(3.25E0,-1.025E0,-5.E-1));
#8003=VERTEX_POINT('',#8002);
#8004=CARTESIAN_POINT('',(3.25E0,-1.025E0,-1.E0));
#8005=VERTEX_POINT('',#8004);
#8006=CARTESIAN_POINT('',(3.25E0,7.168E-1,-1.E0));
#8007=VERTEX_POINT('',#8006);
#8008=CARTESIAN_POINT('',(3.25E0,7.168E-1,-9.826E-1));
#8009=VERTEX_POINT('',#8008);
#8010=CARTESIAN_POINT('',(3.25E0,1.0722E0,-6.272E-1));
#8011=VERTEX_POINT('',#8010);
#8012=CARTESIAN_POINT('',(3.25E0,3.575E0,-9.826E-1));
#8013=CARTESIAN_POINT('',(3.25E0,3.575E0,-1.E0));
#8014=VERTEX_POINT('',#8012);
#8015=VERTEX_POINT('',#8013);
#8016=CARTESIAN_POINT('',(3.25E0,4.575E0,-1.E0));
#8017=VERTEX_POINT('',#8016);
#8018=CARTESIAN_POINT('',(3.25E0,-1.575E0,8.25E-1));
#8019=CARTESIAN_POINT('',(3.25E0,-1.575E0,3.825E0));
#8020=VERTEX_POINT('',#8018);
#8021=VERTEX_POINT('',#8019);
#8022=CARTESIAN_POINT('',(3.25E0,3.375E0,2.175E0));
#8023=CARTESIAN_POINT('',(3.25E0,4.575E0,9.75E-1));
#8024=VERTEX_POINT('',#8022);
#8025=VERTEX_POINT('',#8023);
#8026=CARTESIAN_POINT('',(3.65E0,4.575E0,9.75E-1));
#8027=VERTEX_POINT('',#8026);
#8028=CARTESIAN_POINT('',(3.65E0,3.375E0,2.175E0));
#8029=VERTEX_POINT('',#8028);
#8030=CARTESIAN_POINT('',(3.65E0,1.3318E0,2.175E0));
#8031=CARTESIAN_POINT('',(3.25E0,1.3318E0,2.175E0));
#8032=VERTEX_POINT('',#8030);
#8033=VERTEX_POINT('',#8031);
#8034=CARTESIAN_POINT('',(3.25E0,1.3318E0,3.E0));
#8035=VERTEX_POINT('',#8034);
#8036=CARTESIAN_POINT('',(3.25E0,1.025E0,3.E0));
#8037=CARTESIAN_POINT('',(3.25E0,1.025E0,3.825E0));
#8038=VERTEX_POINT('',#8036);
#8039=VERTEX_POINT('',#8037);
#8040=CARTESIAN_POINT('',(3.15E0,1.125E0,3.E0));
#8041=CARTESIAN_POINT('',(3.15E0,1.125E0,3.825E0));
#8042=VERTEX_POINT('',#8040);
#8043=VERTEX_POINT('',#8041);
#8044=CARTESIAN_POINT('',(3.65E0,1.325E0,3.825E0));
#8045=CARTESIAN_POINT('',(3.45E0,1.525E0,3.825E0));
#8046=VERTEX_POINT('',#8044);
#8047=VERTEX_POINT('',#8045);
#8048=CARTESIAN_POINT('',(3.45E0,1.525E0,3.E0));
#8049=VERTEX_POINT('',#8048);
#8050=CARTESIAN_POINT('',(3.649884366572E0,1.3318E0,3.E0));
#8051=VERTEX_POINT('',#8050);
#8052=VERTEX_POINT('',#7739);
#8053=CARTESIAN_POINT('',(1.998762017070E0,1.125E0,3.825E0));
#8054=CARTESIAN_POINT('',(1.898762017070E0,1.125E0,3.725E0));
#8055=VERTEX_POINT('',#8053);
#8056=VERTEX_POINT('',#8054);
#8057=CARTESIAN_POINT('',(1.898762017070E0,1.525E0,3.725E0));
#8058=VERTEX_POINT('',#8057);
#8059=CARTESIAN_POINT('',(1.998762017070E0,1.525E0,3.825E0));
#8060=VERTEX_POINT('',#8059);
#8061=CARTESIAN_POINT('',(1.898762017070E0,1.125E0,3.1E0));
#8062=CARTESIAN_POINT('',(1.998762017070E0,1.125E0,3.E0));
#8063=VERTEX_POINT('',#8061);
#8064=VERTEX_POINT('',#8062);
#8065=CARTESIAN_POINT('',(1.998762017070E0,1.525E0,3.E0));
#8066=VERTEX_POINT('',#8065);
#8067=CARTESIAN_POINT('',(1.898762017070E0,1.525E0,3.1E0));
#8068=VERTEX_POINT('',#8067);
#8069=CARTESIAN_POINT('',(3.25E0,3.375E0,-1.641629988241E0));
#8070=CARTESIAN_POINT('',(3.377599216582E0,3.375E0,-2.132984795175E0));
#8071=VERTEX_POINT('',#8069);
#8072=VERTEX_POINT('',#8070);
#8073=CARTESIAN_POINT('',(3.690406944971E0,3.375E0,-2.694643285847E0));
#8074=VERTEX_POINT('',#8073);
#8075=CARTESIAN_POINT('',(3.686833840787E0,3.375E0,-2.837273144496E0));
#8076=VERTEX_POINT('',#8075);
#8077=CARTESIAN_POINT('',(3.400030958500E0,3.375E0,-3.296519410429E0));
#8078=VERTEX_POINT('',#8077);
#8079=CARTESIAN_POINT('',(3.25E0,3.375E0,-3.819996425119E0));
#8080=VERTEX_POINT('',#8079);
#8081=CARTESIAN_POINT('',(3.65E0,3.375E0,-3.819996425119E0));
#8082=CARTESIAN_POINT('',(3.739305308553E0,3.375E0,-3.508398893616E0));
#8083=VERTEX_POINT('',#8081);
#8084=VERTEX_POINT('',#8082);
#8085=CARTESIAN_POINT('',(4.026108190840E0,3.375E0,-3.049152627683E0));
#8086=VERTEX_POINT('',#8085);
#8087=CARTESIAN_POINT('',(4.039864893286E0,3.375E0,-2.500017639132E0));
#8088=VERTEX_POINT('',#8087);
#8089=CARTESIAN_POINT('',(3.727057164897E0,3.375E0,-1.938359148460E0));
#8090=VERTEX_POINT('',#8089);
#8091=CARTESIAN_POINT('',(3.65E0,3.375E0,-1.641629988241E0));
#8092=VERTEX_POINT('',#8091);
#8093=CARTESIAN_POINT('',(3.25E0,2.375E0,-1.641629988241E0));
#8094=CARTESIAN_POINT('',(3.377599216582E0,2.375E0,-2.132984795175E0));
#8095=VERTEX_POINT('',#8093);
#8096=VERTEX_POINT('',#8094);
#8097=CARTESIAN_POINT('',(3.690406944971E0,2.375E0,-2.694643285847E0));
#8098=VERTEX_POINT('',#8097);
#8099=CARTESIAN_POINT('',(3.686833840787E0,2.375E0,-2.837273144496E0));
#8100=VERTEX_POINT('',#8099);
#8101=CARTESIAN_POINT('',(3.400030958500E0,2.375E0,-3.296519410429E0));
#8102=VERTEX_POINT('',#8101);
#8103=CARTESIAN_POINT('',(3.25E0,2.375E0,-3.819996425119E0));
#8104=VERTEX_POINT('',#8103);
#8105=CARTESIAN_POINT('',(3.65E0,2.375E0,-3.819996425119E0));
#8106=CARTESIAN_POINT('',(3.739305308553E0,2.375E0,-3.508398893616E0));
#8107=VERTEX_POINT('',#8105);
#8108=VERTEX_POINT('',#8106);
#8109=CARTESIAN_POINT('',(4.026108190840E0,2.375E0,-3.049152627683E0));
#8110=VERTEX_POINT('',#8109);
#8111=CARTESIAN_POINT('',(4.039864893286E0,2.375E0,-2.500017639132E0));
#8112=VERTEX_POINT('',#8111);
#8113=CARTESIAN_POINT('',(3.727057164897E0,2.375E0,-1.938359148460E0));
#8114=VERTEX_POINT('',#8113);
#8115=CARTESIAN_POINT('',(3.65E0,2.375E0,-1.641629988241E0));
#8116=VERTEX_POINT('',#8115);
#8117=CARTESIAN_POINT('',(3.25E0,2.375E0,-6.272E-1));
#8118=CARTESIAN_POINT('',(3.65E0,2.375E0,-6.272E-1));
#8119=VERTEX_POINT('',#8117);
#8120=VERTEX_POINT('',#8118);
#8121=CARTESIAN_POINT('',(3.65E0,3.375E0,-6.629752199844E-1));
#8122=VERTEX_POINT('',#8121);
#8123=CARTESIAN_POINT('',(3.25E0,3.375E0,-6.629752199844E-1));
#8124=VERTEX_POINT('',#8123);
#8125=CARTESIAN_POINT('',(3.65E0,2.375E0,-4.3E0));
#8126=CARTESIAN_POINT('',(3.65E0,2.575E0,-4.5E0));
#8127=VERTEX_POINT('',#8125);
#8128=VERTEX_POINT('',#8126);
#8129=CARTESIAN_POINT('',(3.25E0,2.575E0,-4.5E0));
#8130=VERTEX_POINT('',#8129);
#8131=CARTESIAN_POINT('',(3.25E0,2.375E0,-4.3E0));
#8132=VERTEX_POINT('',#8131);
#8133=CARTESIAN_POINT('',(3.25E0,3.375E0,-4.3E0));
#8134=CARTESIAN_POINT('',(3.25E0,3.175E0,-4.5E0));
#8135=VERTEX_POINT('',#8133);
#8136=VERTEX_POINT('',#8134);
#8137=CARTESIAN_POINT('',(3.65E0,3.175E0,-4.5E0));
#8138=VERTEX_POINT('',#8137);
#8139=CARTESIAN_POINT('',(3.65E0,3.375E0,-4.3E0));
#8140=VERTEX_POINT('',#8139);
#8141=CARTESIAN_POINT('',(-3.65E0,2.5E-2,8.25E-1));
#8142=CARTESIAN_POINT('',(-3.65E0,2.5E-2,2.5E-2));
#8143=VERTEX_POINT('',#8141);
#8144=VERTEX_POINT('',#8142);
#8145=CARTESIAN_POINT('',(-3.65E0,-1.025E0,-5.E-1));
#8146=VERTEX_POINT('',#8145);
#8147=CARTESIAN_POINT('',(-3.65E0,-1.025E0,-1.E0));
#8148=VERTEX_POINT('',#8147);
#8149=CARTESIAN_POINT('',(-3.65E0,7.168E-1,-1.E0));
#8150=VERTEX_POINT('',#8149);
#8151=CARTESIAN_POINT('',(-3.65E0,7.168E-1,-9.826E-1));
#8152=VERTEX_POINT('',#8151);
#8153=CARTESIAN_POINT('',(-3.65E0,1.0722E0,-6.272E-1));
#8154=VERTEX_POINT('',#8153);
#8155=CARTESIAN_POINT('',(-3.65E0,3.575E0,-9.826E-1));
#8156=CARTESIAN_POINT('',(-3.65E0,3.575E0,-1.E0));
#8157=VERTEX_POINT('',#8155);
#8158=VERTEX_POINT('',#8156);
#8159=CARTESIAN_POINT('',(-3.65E0,4.575E0,-1.E0));
#8160=VERTEX_POINT('',#8159);
#8161=CARTESIAN_POINT('',(-3.25E0,2.5E-2,8.25E-1));
#8162=CARTESIAN_POINT('',(-3.25E0,2.5E-2,2.5E-2));
#8163=VERTEX_POINT('',#8161);
#8164=VERTEX_POINT('',#8162);
#8165=CARTESIAN_POINT('',(-3.25E0,-1.025E0,-5.E-1));
#8166=VERTEX_POINT('',#8165);
#8167=CARTESIAN_POINT('',(-3.25E0,-1.025E0,-1.E0));
#8168=VERTEX_POINT('',#8167);
#8169=CARTESIAN_POINT('',(-3.25E0,7.168E-1,-1.E0));
#8170=VERTEX_POINT('',#8169);
#8171=CARTESIAN_POINT('',(-3.25E0,7.168E-1,-9.826E-1));
#8172=VERTEX_POINT('',#8171);
#8173=CARTESIAN_POINT('',(-3.25E0,1.0722E0,-6.272E-1));
#8174=VERTEX_POINT('',#8173);
#8175=CARTESIAN_POINT('',(-3.25E0,3.575E0,-9.826E-1));
#8176=CARTESIAN_POINT('',(-3.25E0,3.575E0,-1.E0));
#8177=VERTEX_POINT('',#8175);
#8178=VERTEX_POINT('',#8176);
#8179=CARTESIAN_POINT('',(-3.25E0,4.575E0,-1.E0));
#8180=VERTEX_POINT('',#8179);
#8181=CARTESIAN_POINT('',(-3.25E0,-1.575E0,8.25E-1));
#8182=VERTEX_POINT('',#8181);
#8183=CARTESIAN_POINT('',(-3.25E0,3.375E0,-1.641629988241E0));
#8184=CARTESIAN_POINT('',(-3.377599216582E0,3.375E0,-2.132984795175E0));
#8185=VERTEX_POINT('',#8183);
#8186=VERTEX_POINT('',#8184);
#8187=CARTESIAN_POINT('',(-3.690406944971E0,3.375E0,-2.694643285847E0));
#8188=VERTEX_POINT('',#8187);
#8189=CARTESIAN_POINT('',(-3.686833840787E0,3.375E0,-2.837273144496E0));
#8190=VERTEX_POINT('',#8189);
#8191=CARTESIAN_POINT('',(-3.400030958500E0,3.375E0,-3.296519410429E0));
#8192=VERTEX_POINT('',#8191);
#8193=CARTESIAN_POINT('',(-3.25E0,3.375E0,-3.819996425119E0));
#8194=VERTEX_POINT('',#8193);
#8195=CARTESIAN_POINT('',(-3.65E0,3.375E0,-3.819996425119E0));
#8196=CARTESIAN_POINT('',(-3.739305308553E0,3.375E0,-3.508398893616E0));
#8197=VERTEX_POINT('',#8195);
#8198=VERTEX_POINT('',#8196);
#8199=CARTESIAN_POINT('',(-4.026108190840E0,3.375E0,-3.049152627683E0));
#8200=VERTEX_POINT('',#8199);
#8201=CARTESIAN_POINT('',(-4.039864893286E0,3.375E0,-2.500017639132E0));
#8202=VERTEX_POINT('',#8201);
#8203=CARTESIAN_POINT('',(-3.727057164897E0,3.375E0,-1.938359148460E0));
#8204=VERTEX_POINT('',#8203);
#8205=CARTESIAN_POINT('',(-3.65E0,3.375E0,-1.641629988241E0));
#8206=VERTEX_POINT('',#8205);
#8207=CARTESIAN_POINT('',(-3.25E0,2.375E0,-1.641629988241E0));
#8208=CARTESIAN_POINT('',(-3.377599216582E0,2.375E0,-2.132984795175E0));
#8209=VERTEX_POINT('',#8207);
#8210=VERTEX_POINT('',#8208);
#8211=CARTESIAN_POINT('',(-3.690406944971E0,2.375E0,-2.694643285847E0));
#8212=VERTEX_POINT('',#8211);
#8213=CARTESIAN_POINT('',(-3.686833840787E0,2.375E0,-2.837273144496E0));
#8214=VERTEX_POINT('',#8213);
#8215=CARTESIAN_POINT('',(-3.400030958500E0,2.375E0,-3.296519410429E0));
#8216=VERTEX_POINT('',#8215);
#8217=CARTESIAN_POINT('',(-3.25E0,2.375E0,-3.819996425119E0));
#8218=VERTEX_POINT('',#8217);
#8219=CARTESIAN_POINT('',(-3.65E0,2.375E0,-3.819996425119E0));
#8220=CARTESIAN_POINT('',(-3.739305308553E0,2.375E0,-3.508398893616E0));
#8221=VERTEX_POINT('',#8219);
#8222=VERTEX_POINT('',#8220);
#8223=CARTESIAN_POINT('',(-4.026108190840E0,2.375E0,-3.049152627683E0));
#8224=VERTEX_POINT('',#8223);
#8225=CARTESIAN_POINT('',(-4.039864893286E0,2.375E0,-2.500017639132E0));
#8226=VERTEX_POINT('',#8225);
#8227=CARTESIAN_POINT('',(-3.727057164897E0,2.375E0,-1.938359148460E0));
#8228=VERTEX_POINT('',#8227);
#8229=CARTESIAN_POINT('',(-3.65E0,2.375E0,-1.641629988241E0));
#8230=VERTEX_POINT('',#8229);
#8231=CARTESIAN_POINT('',(-3.65E0,3.375E0,-6.629752199844E-1));
#8232=VERTEX_POINT('',#8231);
#8233=CARTESIAN_POINT('',(-3.65E0,2.375E0,-6.272E-1));
#8234=VERTEX_POINT('',#8233);
#8235=CARTESIAN_POINT('',(-3.25E0,2.375E0,-6.272E-1));
#8236=VERTEX_POINT('',#8235);
#8237=CARTESIAN_POINT('',(-3.25E0,3.375E0,-6.629752199844E-1));
#8238=VERTEX_POINT('',#8237);
#8239=CARTESIAN_POINT('',(-3.1E0,-1.575E0,8.25E-1));
#8240=CARTESIAN_POINT('',(-3.1E0,-1.975E0,8.25E-1));
#8241=VERTEX_POINT('',#8239);
#8242=VERTEX_POINT('',#8240);
#8243=CARTESIAN_POINT('',(-3.1E0,-1.575E0,3.825E0));
#8244=CARTESIAN_POINT('',(-3.1E0,-1.975E0,3.825E0));
#8245=VERTEX_POINT('',#8243);
#8246=VERTEX_POINT('',#8244);
#8247=CARTESIAN_POINT('',(-3.25E0,-1.575E0,3.825E0));
#8248=VERTEX_POINT('',#8247);
#8249=CARTESIAN_POINT('',(-3.65E0,3.375E0,2.175E0));
#8250=CARTESIAN_POINT('',(-3.65E0,4.575E0,9.75E-1));
#8251=VERTEX_POINT('',#8249);
#8252=VERTEX_POINT('',#8250);
#8253=CARTESIAN_POINT('',(-3.25E0,4.575E0,9.75E-1));
#8254=VERTEX_POINT('',#8253);
#8255=CARTESIAN_POINT('',(-3.25E0,3.375E0,2.175E0));
#8256=VERTEX_POINT('',#8255);
#8257=CARTESIAN_POINT('',(-3.25E0,1.3318E0,2.175E0));
#8258=CARTESIAN_POINT('',(-3.65E0,1.3318E0,2.175E0));
#8259=VERTEX_POINT('',#8257);
#8260=VERTEX_POINT('',#8258);
#8261=CARTESIAN_POINT('',(-3.25E0,1.3318E0,3.E0));
#8262=VERTEX_POINT('',#8261);
#8263=CARTESIAN_POINT('',(-3.25E0,1.025E0,3.825E0));
#8264=CARTESIAN_POINT('',(-3.25E0,1.025E0,3.E0));
#8265=VERTEX_POINT('',#8263);
#8266=VERTEX_POINT('',#8264);
#8267=CARTESIAN_POINT('',(-3.15E0,1.125E0,3.825E0));
#8268=CARTESIAN_POINT('',(-3.15E0,1.125E0,3.E0));
#8269=VERTEX_POINT('',#8267);
#8270=VERTEX_POINT('',#8268);
#8271=CARTESIAN_POINT('',(-3.65E0,1.325E0,3.825E0));
#8272=CARTESIAN_POINT('',(-3.65E0,1.325E0,2.999943947707E0));
#8273=VERTEX_POINT('',#8271);
#8274=VERTEX_POINT('',#8272);
#8275=VERTEX_POINT('',#6824);
#8276=CARTESIAN_POINT('',(-3.45E0,1.525E0,3.E0));
#8277=VERTEX_POINT('',#8276);
#8278=CARTESIAN_POINT('',(-3.45E0,1.525E0,3.825E0));
#8279=VERTEX_POINT('',#8278);
#8280=CARTESIAN_POINT('',(-1.998762017070E0,1.525E0,3.825E0));
#8281=CARTESIAN_POINT('',(-1.898762017070E0,1.525E0,3.725E0));
#8282=VERTEX_POINT('',#8280);
#8283=VERTEX_POINT('',#8281);
#8284=CARTESIAN_POINT('',(-1.898762017070E0,1.125E0,3.725E0));
#8285=VERTEX_POINT('',#8284);
#8286=CARTESIAN_POINT('',(-1.998762017070E0,1.125E0,3.825E0));
#8287=VERTEX_POINT('',#8286);
#8288=CARTESIAN_POINT('',(-1.898762017070E0,1.525E0,3.1E0));
#8289=CARTESIAN_POINT('',(-1.998762017070E0,1.525E0,3.E0));
#8290=VERTEX_POINT('',#8288);
#8291=VERTEX_POINT('',#8289);
#8292=CARTESIAN_POINT('',(-1.998762017070E0,1.125E0,3.E0));
#8293=VERTEX_POINT('',#8292);
#8294=CARTESIAN_POINT('',(-1.898762017070E0,1.125E0,3.1E0));
#8295=VERTEX_POINT('',#8294);
#8296=CARTESIAN_POINT('',(-3.25E0,2.375E0,-4.3E0));
#8297=CARTESIAN_POINT('',(-3.25E0,2.575E0,-4.5E0));
#8298=VERTEX_POINT('',#8296);
#8299=VERTEX_POINT('',#8297);
#8300=CARTESIAN_POINT('',(-3.65E0,2.575E0,-4.5E0));
#8301=VERTEX_POINT('',#8300);
#8302=CARTESIAN_POINT('',(-3.65E0,2.375E0,-4.3E0));
#8303=VERTEX_POINT('',#8302);
#8304=CARTESIAN_POINT('',(-3.65E0,3.375E0,-4.3E0));
#8305=CARTESIAN_POINT('',(-3.65E0,3.175E0,-4.5E0));
#8306=VERTEX_POINT('',#8304);
#8307=VERTEX_POINT('',#8305);
#8308=CARTESIAN_POINT('',(-3.25E0,3.175E0,-4.5E0));
#8309=VERTEX_POINT('',#8308);
#8310=CARTESIAN_POINT('',(-3.25E0,3.375E0,-4.3E0));
#8311=VERTEX_POINT('',#8310);
#8312=CARTESIAN_POINT('',(3.65E0,-1.575E0,8.25E-1));
#8313=CARTESIAN_POINT('',(3.25E0,-1.975E0,8.25E-1));
#8314=VERTEX_POINT('',#8312);
#8315=VERTEX_POINT('',#8313);
#8316=CARTESIAN_POINT('',(3.25E0,-1.975E0,3.825E0));
#8317=VERTEX_POINT('',#8316);
#8318=CARTESIAN_POINT('',(3.65E0,-1.575E0,3.825E0));
#8319=VERTEX_POINT('',#8318);
#8320=CARTESIAN_POINT('',(-3.65E0,-1.575E0,3.825E0));
#8321=CARTESIAN_POINT('',(-3.25E0,-1.975E0,3.825E0));
#8322=VERTEX_POINT('',#8320);
#8323=VERTEX_POINT('',#8321);
#8324=CARTESIAN_POINT('',(-3.25E0,-1.975E0,8.25E-1));
#8325=VERTEX_POINT('',#8324);
#8326=CARTESIAN_POINT('',(-3.65E0,-1.575E0,8.25E-1));
#8327=VERTEX_POINT('',#8326);
#8328=CARTESIAN_POINT('',(-3.25E0,-1.575E0,0.E0));
#8329=DIRECTION('',(1.E0,0.E0,0.E0));
#8330=DIRECTION('',(0.E0,1.E0,0.E0));
#8331=AXIS2_PLACEMENT_3D('',#8328,#8329,#8330);
#8332=PLANE('',#8331);
#8334=ORIENTED_EDGE('',*,*,#8333,.T.);
#8336=ORIENTED_EDGE('',*,*,#8335,.T.);
#8338=ORIENTED_EDGE('',*,*,#8337,.T.);
#8340=ORIENTED_EDGE('',*,*,#8339,.F.);
#8342=ORIENTED_EDGE('',*,*,#8341,.F.);
#8344=ORIENTED_EDGE('',*,*,#8343,.F.);
#8346=ORIENTED_EDGE('',*,*,#8345,.F.);
#8348=ORIENTED_EDGE('',*,*,#8347,.F.);
#8350=ORIENTED_EDGE('',*,*,#8349,.F.);
#8352=ORIENTED_EDGE('',*,*,#8351,.F.);
#8354=ORIENTED_EDGE('',*,*,#8353,.F.);
#8356=ORIENTED_EDGE('',*,*,#8355,.T.);
#8358=ORIENTED_EDGE('',*,*,#8357,.F.);
#8360=ORIENTED_EDGE('',*,*,#8359,.T.);
#8362=ORIENTED_EDGE('',*,*,#8361,.F.);
#8364=ORIENTED_EDGE('',*,*,#8363,.F.);
#8366=ORIENTED_EDGE('',*,*,#8365,.F.);
#8368=ORIENTED_EDGE('',*,*,#8367,.F.);
#8370=ORIENTED_EDGE('',*,*,#8369,.F.);
#8372=ORIENTED_EDGE('',*,*,#8371,.F.);
#8374=ORIENTED_EDGE('',*,*,#8373,.F.);
#8376=ORIENTED_EDGE('',*,*,#8375,.F.);
#8377=EDGE_LOOP('',(#8334,#8336,#8338,#8340,#8342,#8344,#8346,#8348,#8350,#8352,
#8354,#8356,#8358,#8360,#8362,#8364,#8366,#8368,#8370,#8372,#8374,#8376));
#8378=FACE_OUTER_BOUND('',#8377,.F.);
#8379=ADVANCED_FACE('',(#8378),#8332,.T.);
#8380=FILL_AREA_STYLE_COLOUR('',#22);
#8381=FILL_AREA_STYLE('',(#8380));
#8382=SURFACE_STYLE_FILL_AREA(#8381);
#8383=SURFACE_SIDE_STYLE('',(#8382));
#8384=SURFACE_STYLE_USAGE(.POSITIVE.,#8383);
#8385=PRESENTATION_STYLE_ASSIGNMENT((#8384));
#8386=STYLED_ITEM('',(#8385),#8379);
#8387=CARTESIAN_POINT('',(0.E0,3.375E0,0.E0));
#8388=DIRECTION('',(0.E0,1.E0,0.E0));
#8389=DIRECTION('',(-1.E0,0.E0,0.E0));
#8390=AXIS2_PLACEMENT_3D('',#8387,#8388,#8389);
#8391=PLANE('',#8390);
#8393=ORIENTED_EDGE('',*,*,#8392,.F.);
#8395=ORIENTED_EDGE('',*,*,#8394,.F.);
#8397=ORIENTED_EDGE('',*,*,#8396,.F.);
#8399=ORIENTED_EDGE('',*,*,#8398,.F.);
#8401=ORIENTED_EDGE('',*,*,#8400,.F.);
#8403=ORIENTED_EDGE('',*,*,#8402,.F.);
#8405=ORIENTED_EDGE('',*,*,#8404,.F.);
#8406=ORIENTED_EDGE('',*,*,#8333,.F.);
#8408=ORIENTED_EDGE('',*,*,#8407,.F.);
#8410=ORIENTED_EDGE('',*,*,#8409,.F.);
#8412=ORIENTED_EDGE('',*,*,#8411,.F.);
#8414=ORIENTED_EDGE('',*,*,#8413,.F.);
#8416=ORIENTED_EDGE('',*,*,#8415,.F.);
#8418=ORIENTED_EDGE('',*,*,#8417,.F.);
#8420=ORIENTED_EDGE('',*,*,#8419,.F.);
#8422=ORIENTED_EDGE('',*,*,#8421,.F.);
#8423=EDGE_LOOP('',(#8393,#8395,#8397,#8399,#8401,#8403,#8405,#8406,#8408,#8410,
#8412,#8414,#8416,#8418,#8420,#8422));
#8424=FACE_OUTER_BOUND('',#8423,.F.);
#8425=ADVANCED_FACE('',(#8424),#8391,.T.);
#8426=FILL_AREA_STYLE_COLOUR('',#22);
#8427=FILL_AREA_STYLE('',(#8426));
#8428=SURFACE_STYLE_FILL_AREA(#8427);
#8429=SURFACE_SIDE_STYLE('',(#8428));
#8430=SURFACE_STYLE_USAGE(.POSITIVE.,#8429);
#8431=PRESENTATION_STYLE_ASSIGNMENT((#8430));
#8432=STYLED_ITEM('',(#8431),#8425);
#8433=CARTESIAN_POINT('',(1.481903424570E1,3.175E0,-4.3E0));
#8434=DIRECTION('',(-1.E0,0.E0,0.E0));
#8435=DIRECTION('',(0.E0,1.E0,0.E0));
#8436=AXIS2_PLACEMENT_3D('',#8433,#8434,#8435);
#8437=CYLINDRICAL_SURFACE('',#8436,2.E-1);
#8439=ORIENTED_EDGE('',*,*,#8438,.T.);
#8441=ORIENTED_EDGE('',*,*,#8440,.F.);
#8443=ORIENTED_EDGE('',*,*,#8442,.T.);
#8444=ORIENTED_EDGE('',*,*,#8392,.T.);
#8445=EDGE_LOOP('',(#8439,#8441,#8443,#8444));
#8446=FACE_OUTER_BOUND('',#8445,.F.);
#8447=ADVANCED_FACE('',(#8446),#8437,.T.);
#8448=FILL_AREA_STYLE_COLOUR('',#22);
#8449=FILL_AREA_STYLE('',(#8448));
#8450=SURFACE_STYLE_FILL_AREA(#8449);
#8451=SURFACE_SIDE_STYLE('',(#8450));
#8452=SURFACE_STYLE_USAGE(.POSITIVE.,#8451);
#8453=PRESENTATION_STYLE_ASSIGNMENT((#8452));
#8454=STYLED_ITEM('',(#8453),#8447);
#8455=CARTESIAN_POINT('',(-3.65E0,3.375E0,-4.5E0));
#8456=DIRECTION('',(1.E0,0.E0,0.E0));
#8457=DIRECTION('',(0.E0,0.E0,1.E0));
#8458=AXIS2_PLACEMENT_3D('',#8455,#8456,#8457);
#8459=PLANE('',#8458);
#8461=ORIENTED_EDGE('',*,*,#8460,.F.);
#8463=ORIENTED_EDGE('',*,*,#8462,.F.);
#8464=ORIENTED_EDGE('',*,*,#8438,.F.);
#8465=ORIENTED_EDGE('',*,*,#8421,.T.);
#8467=ORIENTED_EDGE('',*,*,#8466,.T.);
#8469=ORIENTED_EDGE('',*,*,#8468,.F.);
#8470=EDGE_LOOP('',(#8461,#8463,#8464,#8465,#8467,#8469));
#8471=FACE_OUTER_BOUND('',#8470,.F.);
#8472=ADVANCED_FACE('',(#8471),#8459,.F.);
#8473=FILL_AREA_STYLE_COLOUR('',#22);
#8474=FILL_AREA_STYLE('',(#8473));
#8475=SURFACE_STYLE_FILL_AREA(#8474);
#8476=SURFACE_SIDE_STYLE('',(#8475));
#8477=SURFACE_STYLE_USAGE(.POSITIVE.,#8476);
#8478=PRESENTATION_STYLE_ASSIGNMENT((#8477));
#8479=STYLED_ITEM('',(#8478),#8472);
#8480=CARTESIAN_POINT('',(-1.481903424570E1,2.575E0,-4.3E0));
#8481=DIRECTION('',(1.E0,0.E0,0.E0));
#8482=DIRECTION('',(0.E0,-1.E0,0.E0));
#8483=AXIS2_PLACEMENT_3D('',#8480,#8481,#8482);
#8484=CYLINDRICAL_SURFACE('',#8483,2.E-1);
#8486=ORIENTED_EDGE('',*,*,#8485,.T.);
#8488=ORIENTED_EDGE('',*,*,#8487,.F.);
#8489=ORIENTED_EDGE('',*,*,#8460,.T.);
#8491=ORIENTED_EDGE('',*,*,#8490,.T.);
#8492=EDGE_LOOP('',(#8486,#8488,#8489,#8491));
#8493=FACE_OUTER_BOUND('',#8492,.F.);
#8494=ADVANCED_FACE('',(#8493),#8484,.T.);
#8495=FILL_AREA_STYLE_COLOUR('',#22);
#8496=FILL_AREA_STYLE('',(#8495));
#8497=SURFACE_STYLE_FILL_AREA(#8496);
#8498=SURFACE_SIDE_STYLE('',(#8497));
#8499=SURFACE_STYLE_USAGE(.POSITIVE.,#8498);
#8500=PRESENTATION_STYLE_ASSIGNMENT((#8499));
#8501=STYLED_ITEM('',(#8500),#8494);
#8502=CARTESIAN_POINT('',(-3.25E0,3.375E0,-3.819996425119E0));
#8503=DIRECTION('',(-1.E0,0.E0,0.E0));
#8504=DIRECTION('',(0.E0,0.E0,-1.E0));
#8505=AXIS2_PLACEMENT_3D('',#8502,#8503,#8504);
#8506=PLANE('',#8505);
#8507=ORIENTED_EDGE('',*,*,#8485,.F.);
#8509=ORIENTED_EDGE('',*,*,#8508,.F.);
#8511=ORIENTED_EDGE('',*,*,#8510,.F.);
#8512=ORIENTED_EDGE('',*,*,#8394,.T.);
#8513=ORIENTED_EDGE('',*,*,#8442,.F.);
#8515=ORIENTED_EDGE('',*,*,#8514,.T.);
#8516=EDGE_LOOP('',(#8507,#8509,#8511,#8512,#8513,#8515));
#8517=FACE_OUTER_BOUND('',#8516,.F.);
#8518=ADVANCED_FACE('',(#8517),#8506,.F.);
#8519=FILL_AREA_STYLE_COLOUR('',#22);
#8520=FILL_AREA_STYLE('',(#8519));
#8521=SURFACE_STYLE_FILL_AREA(#8520);
#8522=SURFACE_SIDE_STYLE('',(#8521));
#8523=SURFACE_STYLE_USAGE(.POSITIVE.,#8522);
#8524=PRESENTATION_STYLE_ASSIGNMENT((#8523));
#8525=STYLED_ITEM('',(#8524),#8518);
#8526=CARTESIAN_POINT('',(0.E0,2.375E0,0.E0));
#8527=DIRECTION('',(0.E0,1.E0,0.E0));
#8528=DIRECTION('',(-1.E0,0.E0,0.E0));
#8529=AXIS2_PLACEMENT_3D('',#8526,#8527,#8528);
#8530=PLANE('',#8529);
#8531=ORIENTED_EDGE('',*,*,#8490,.F.);
#8532=ORIENTED_EDGE('',*,*,#8468,.T.);
#8534=ORIENTED_EDGE('',*,*,#8533,.T.);
#8536=ORIENTED_EDGE('',*,*,#8535,.T.);
#8538=ORIENTED_EDGE('',*,*,#8537,.T.);
#8540=ORIENTED_EDGE('',*,*,#8539,.T.);
#8542=ORIENTED_EDGE('',*,*,#8541,.T.);
#8544=ORIENTED_EDGE('',*,*,#8543,.F.);
#8546=ORIENTED_EDGE('',*,*,#8545,.F.);
#8547=ORIENTED_EDGE('',*,*,#8337,.F.);
#8549=ORIENTED_EDGE('',*,*,#8548,.T.);
#8551=ORIENTED_EDGE('',*,*,#8550,.T.);
#8553=ORIENTED_EDGE('',*,*,#8552,.T.);
#8555=ORIENTED_EDGE('',*,*,#8554,.T.);
#8557=ORIENTED_EDGE('',*,*,#8556,.T.);
#8558=ORIENTED_EDGE('',*,*,#8508,.T.);
#8559=EDGE_LOOP('',(#8531,#8532,#8534,#8536,#8538,#8540,#8542,#8544,#8546,#8547,
#8549,#8551,#8553,#8555,#8557,#8558));
#8560=FACE_OUTER_BOUND('',#8559,.F.);
#8561=ADVANCED_FACE('',(#8560),#8530,.F.);
#8562=FILL_AREA_STYLE_COLOUR('',#22);
#8563=FILL_AREA_STYLE('',(#8562));
#8564=SURFACE_STYLE_FILL_AREA(#8563);
#8565=SURFACE_SIDE_STYLE('',(#8564));
#8566=SURFACE_STYLE_USAGE(.POSITIVE.,#8565);
#8567=PRESENTATION_STYLE_ASSIGNMENT((#8566));
#8568=STYLED_ITEM('',(#8567),#8561);
#8569=CARTESIAN_POINT('',(-4.238254278924E0,3.375E0,-3.819996425119E0));
#8570=DIRECTION('',(0.E0,1.E0,0.E0));
#8571=DIRECTION('',(-1.E0,0.E0,0.E0));
#8572=AXIS2_PLACEMENT_3D('',#8569,#8570,#8571);
#8573=CYLINDRICAL_SURFACE('',#8572,5.882542789239E-1);
#8574=ORIENTED_EDGE('',*,*,#8419,.T.);
#8576=ORIENTED_EDGE('',*,*,#8575,.T.);
#8577=ORIENTED_EDGE('',*,*,#8533,.F.);
#8578=ORIENTED_EDGE('',*,*,#8466,.F.);
#8579=EDGE_LOOP('',(#8574,#8576,#8577,#8578));
#8580=FACE_OUTER_BOUND('',#8579,.F.);
#8581=ADVANCED_FACE('',(#8580),#8573,.F.);
#8582=FILL_AREA_STYLE_COLOUR('',#22);
#8583=FILL_AREA_STYLE('',(#8582));
#8584=SURFACE_STYLE_FILL_AREA(#8583);
#8585=SURFACE_SIDE_STYLE('',(#8584));
#8586=SURFACE_STYLE_USAGE(.POSITIVE.,#8585);
#8587=PRESENTATION_STYLE_ASSIGNMENT((#8586));
#8588=STYLED_ITEM('',(#8587),#8581);
#8589=CARTESIAN_POINT('',(-3.739305308553E0,3.375E0,-3.508398893616E0));
#8590=DIRECTION('',(8.481858751343E-1,0.E0,5.296987079677E-1));
#8591=DIRECTION('',(-5.296987079677E-1,0.E0,8.481858751343E-1));
#8592=AXIS2_PLACEMENT_3D('',#8589,#8590,#8591);
#8593=PLANE('',#8592);
#8594=ORIENTED_EDGE('',*,*,#8417,.T.);
#8596=ORIENTED_EDGE('',*,*,#8595,.T.);
#8597=ORIENTED_EDGE('',*,*,#8535,.F.);
#8598=ORIENTED_EDGE('',*,*,#8575,.F.);
#8599=EDGE_LOOP('',(#8594,#8596,#8597,#8598));
#8600=FACE_OUTER_BOUND('',#8599,.F.);
#8601=ADVANCED_FACE('',(#8600),#8593,.F.);
#8602=FILL_AREA_STYLE_COLOUR('',#22);
#8603=FILL_AREA_STYLE('',(#8602));
#8604=SURFACE_STYLE_FILL_AREA(#8603);
#8605=SURFACE_SIDE_STYLE('',(#8604));
#8606=SURFACE_STYLE_USAGE(.POSITIVE.,#8605);
#8607=PRESENTATION_STYLE_ASSIGNMENT((#8606));
#8608=STYLED_ITEM('',(#8607),#8601);
#8609=CARTESIAN_POINT('',(-3.567793147246E0,3.375E0,-2.762931301025E0));
#8610=DIRECTION('',(0.E0,1.E0,0.E0));
#8611=DIRECTION('',(-1.E0,0.E0,0.E0));
#8612=AXIS2_PLACEMENT_3D('',#8609,#8610,#8611);
#8613=CYLINDRICAL_SURFACE('',#8612,5.403474132620E-1);
#8614=ORIENTED_EDGE('',*,*,#8415,.T.);
#8616=ORIENTED_EDGE('',*,*,#8615,.T.);
#8617=ORIENTED_EDGE('',*,*,#8537,.F.);
#8618=ORIENTED_EDGE('',*,*,#8595,.F.);
#8619=EDGE_LOOP('',(#8614,#8616,#8617,#8618));
#8620=FACE_OUTER_BOUND('',#8619,.F.);
#8621=ADVANCED_FACE('',(#8620),#8613,.T.);
#8622=FILL_AREA_STYLE_COLOUR('',#22);
#8623=FILL_AREA_STYLE('',(#8622));
#8624=SURFACE_STYLE_FILL_AREA(#8623);
#8625=SURFACE_SIDE_STYLE('',(#8624));
#8626=SURFACE_STYLE_USAGE(.POSITIVE.,#8625);
#8627=PRESENTATION_STYLE_ASSIGNMENT((#8626));
#8628=STYLED_ITEM('',(#8627),#8621);
#8629=CARTESIAN_POINT('',(-4.039864893286E0,3.375E0,-2.500017639132E0));
#8630=DIRECTION('',(8.736448707884E-1,0.E0,-4.865641167875E-1));
#8631=DIRECTION('',(4.865641167875E-1,0.E0,8.736448707884E-1));
#8632=AXIS2_PLACEMENT_3D('',#8629,#8630,#8631);
#8633=PLANE('',#8632);
#8634=ORIENTED_EDGE('',*,*,#8413,.T.);
#8636=ORIENTED_EDGE('',*,*,#8635,.T.);
#8637=ORIENTED_EDGE('',*,*,#8539,.F.);
#8638=ORIENTED_EDGE('',*,*,#8615,.F.);
#8639=EDGE_LOOP('',(#8634,#8636,#8637,#8638));
#8640=FACE_OUTER_BOUND('',#8639,.F.);
#8641=ADVANCED_FACE('',(#8640),#8633,.F.);
#8642=FILL_AREA_STYLE_COLOUR('',#22);
#8643=FILL_AREA_STYLE('',(#8642));
#8644=SURFACE_STYLE_FILL_AREA(#8643);
#8645=SURFACE_SIDE_STYLE('',(#8644));
#8646=SURFACE_STYLE_USAGE(.POSITIVE.,#8645);
#8647=PRESENTATION_STYLE_ASSIGNMENT((#8646));
#8648=STYLED_ITEM('',(#8647),#8641);
#8649=CARTESIAN_POINT('',(-4.259845958591E0,3.375E0,-1.641629988241E0));
#8650=DIRECTION('',(0.E0,1.E0,0.E0));
#8651=DIRECTION('',(-1.E0,0.E0,0.E0));
#8652=AXIS2_PLACEMENT_3D('',#8649,#8650,#8651);
#8653=CYLINDRICAL_SURFACE('',#8652,6.098459585911E-1);
#8654=ORIENTED_EDGE('',*,*,#8411,.T.);
#8656=ORIENTED_EDGE('',*,*,#8655,.T.);
#8657=ORIENTED_EDGE('',*,*,#8541,.F.);
#8658=ORIENTED_EDGE('',*,*,#8635,.F.);
#8659=EDGE_LOOP('',(#8654,#8656,#8657,#8658));
#8660=FACE_OUTER_BOUND('',#8659,.F.);
#8661=ADVANCED_FACE('',(#8660),#8653,.F.);
#8662=FILL_AREA_STYLE_COLOUR('',#22);
#8663=FILL_AREA_STYLE('',(#8662));
#8664=SURFACE_STYLE_FILL_AREA(#8663);
#8665=SURFACE_SIDE_STYLE('',(#8664));
#8666=SURFACE_STYLE_USAGE(.POSITIVE.,#8665);
#8667=PRESENTATION_STYLE_ASSIGNMENT((#8666));
#8668=STYLED_ITEM('',(#8667),#8661);
#8669=CARTESIAN_POINT('',(-3.65E0,-1.575E0,0.E0));
#8670=DIRECTION('',(1.E0,0.E0,0.E0));
#8671=DIRECTION('',(0.E0,1.E0,0.E0));
#8672=AXIS2_PLACEMENT_3D('',#8669,#8670,#8671);
#8673=PLANE('',#8672);
#8675=ORIENTED_EDGE('',*,*,#8674,.F.);
#8677=ORIENTED_EDGE('',*,*,#8676,.F.);
#8679=ORIENTED_EDGE('',*,*,#8678,.T.);
#8681=ORIENTED_EDGE('',*,*,#8680,.T.);
#8683=ORIENTED_EDGE('',*,*,#8682,.T.);
#8685=ORIENTED_EDGE('',*,*,#8684,.T.);
#8687=ORIENTED_EDGE('',*,*,#8686,.T.);
#8689=ORIENTED_EDGE('',*,*,#8688,.T.);
#8691=ORIENTED_EDGE('',*,*,#8690,.T.);
#8692=ORIENTED_EDGE('',*,*,#8543,.T.);
#8693=ORIENTED_EDGE('',*,*,#8655,.F.);
#8694=ORIENTED_EDGE('',*,*,#8409,.T.);
#8696=ORIENTED_EDGE('',*,*,#8695,.T.);
#8698=ORIENTED_EDGE('',*,*,#8697,.T.);
#8700=ORIENTED_EDGE('',*,*,#8699,.T.);
#8702=ORIENTED_EDGE('',*,*,#8701,.T.);
#8704=ORIENTED_EDGE('',*,*,#8703,.F.);
#8706=ORIENTED_EDGE('',*,*,#8705,.T.);
#8708=ORIENTED_EDGE('',*,*,#8707,.F.);
#8710=ORIENTED_EDGE('',*,*,#8709,.F.);
#8712=ORIENTED_EDGE('',*,*,#8711,.F.);
#8713=EDGE_LOOP('',(#8675,#8677,#8679,#8681,#8683,#8685,#8687,#8689,#8691,#8692,
#8693,#8694,#8696,#8698,#8700,#8702,#8704,#8706,#8708,#8710,#8712));
#8714=FACE_OUTER_BOUND('',#8713,.F.);
#8715=ADVANCED_FACE('',(#8714),#8673,.F.);
#8716=FILL_AREA_STYLE_COLOUR('',#22);
#8717=FILL_AREA_STYLE('',(#8716));
#8718=SURFACE_STYLE_FILL_AREA(#8717);
#8719=SURFACE_SIDE_STYLE('',(#8718));
#8720=SURFACE_STYLE_USAGE(.POSITIVE.,#8719);
#8721=PRESENTATION_STYLE_ASSIGNMENT((#8720));
#8722=STYLED_ITEM('',(#8721),#8715);
#8723=CARTESIAN_POINT('',(-3.25E0,-1.575E0,-1.81878E1));
#8724=DIRECTION('',(0.E0,0.E0,1.E0));
#8725=DIRECTION('',(-1.E0,0.E0,0.E0));
#8726=AXIS2_PLACEMENT_3D('',#8723,#8724,#8725);
#8727=CYLINDRICAL_SURFACE('',#8726,4.E-1);
#8729=ORIENTED_EDGE('',*,*,#8728,.T.);
#8731=ORIENTED_EDGE('',*,*,#8730,.F.);
#8733=ORIENTED_EDGE('',*,*,#8732,.T.);
#8734=ORIENTED_EDGE('',*,*,#8674,.T.);
#8735=EDGE_LOOP('',(#8729,#8731,#8733,#8734));
#8736=FACE_OUTER_BOUND('',#8735,.F.);
#8737=ADVANCED_FACE('',(#8736),#8727,.T.);
#8738=FILL_AREA_STYLE_COLOUR('',#22);
#8739=FILL_AREA_STYLE('',(#8738));
#8740=SURFACE_STYLE_FILL_AREA(#8739);
#8741=SURFACE_SIDE_STYLE('',(#8740));
#8742=SURFACE_STYLE_USAGE(.POSITIVE.,#8741);
#8743=PRESENTATION_STYLE_ASSIGNMENT((#8742));
#8744=STYLED_ITEM('',(#8743),#8737);
#8745=CARTESIAN_POINT('',(-3.1E0,-1.575E0,3.825E0));
#8746=DIRECTION('',(0.E0,0.E0,-1.E0));
#8747=DIRECTION('',(0.E0,-1.E0,0.E0));
#8748=AXIS2_PLACEMENT_3D('',#8745,#8746,#8747);
#8749=PLANE('',#8748);
#8750=ORIENTED_EDGE('',*,*,#8728,.F.);
#8751=ORIENTED_EDGE('',*,*,#8711,.T.);
#8753=ORIENTED_EDGE('',*,*,#8752,.F.);
#8755=ORIENTED_EDGE('',*,*,#8754,.T.);
#8757=ORIENTED_EDGE('',*,*,#8756,.F.);
#8759=ORIENTED_EDGE('',*,*,#8758,.T.);
#8761=ORIENTED_EDGE('',*,*,#8760,.F.);
#8762=ORIENTED_EDGE('',*,*,#8357,.T.);
#8764=ORIENTED_EDGE('',*,*,#8763,.F.);
#8766=ORIENTED_EDGE('',*,*,#8765,.T.);
#8768=ORIENTED_EDGE('',*,*,#8767,.T.);
#8769=EDGE_LOOP('',(#8750,#8751,#8753,#8755,#8757,#8759,#8761,#8762,#8764,#8766,
#8768));
#8770=FACE_OUTER_BOUND('',#8769,.F.);
#8771=ADVANCED_FACE('',(#8770),#8749,.F.);
#8772=FILL_AREA_STYLE_COLOUR('',#22);
#8773=FILL_AREA_STYLE('',(#8772));
#8774=SURFACE_STYLE_FILL_AREA(#8773);
#8775=SURFACE_SIDE_STYLE('',(#8774));
#8776=SURFACE_STYLE_USAGE(.POSITIVE.,#8775);
#8777=PRESENTATION_STYLE_ASSIGNMENT((#8776));
#8778=STYLED_ITEM('',(#8777),#8771);
#8779=CARTESIAN_POINT('',(-3.45E0,1.325E0,1.96878E1));
#8780=DIRECTION('',(0.E0,0.E0,-1.E0));
#8781=DIRECTION('',(-1.E0,0.E0,0.E0));
#8782=AXIS2_PLACEMENT_3D('',#8779,#8780,#8781);
#8783=CYLINDRICAL_SURFACE('',#8782,2.E-1);
#8784=ORIENTED_EDGE('',*,*,#8709,.T.);
#8786=ORIENTED_EDGE('',*,*,#8785,.T.);
#8788=ORIENTED_EDGE('',*,*,#8787,.T.);
#8790=ORIENTED_EDGE('',*,*,#8789,.F.);
#8791=ORIENTED_EDGE('',*,*,#8752,.T.);
#8792=EDGE_LOOP('',(#8784,#8786,#8788,#8790,#8791));
#8793=FACE_OUTER_BOUND('',#8792,.F.);
#8794=ADVANCED_FACE('',(#8793),#8783,.T.);
#8795=FILL_AREA_STYLE_COLOUR('',#22);
#8796=FILL_AREA_STYLE('',(#8795));
#8797=SURFACE_STYLE_FILL_AREA(#8796);
#8798=SURFACE_SIDE_STYLE('',(#8797));
#8799=SURFACE_STYLE_USAGE(.POSITIVE.,#8798);
#8800=PRESENTATION_STYLE_ASSIGNMENT((#8799));
#8801=STYLED_ITEM('',(#8800),#8794);
#8802=CARTESIAN_POINT('',(1.422174814160E1,1.3318E0,2.5875E0));
#8803=DIRECTION('',(-1.E0,0.E0,0.E0));
#8804=DIRECTION('',(0.E0,0.E0,-1.E0));
#8805=AXIS2_PLACEMENT_3D('',#8802,#8803,#8804);
#8806=CYLINDRICAL_SURFACE('',#8805,4.125E-1);
#8807=ORIENTED_EDGE('',*,*,#8785,.F.);
#8808=ORIENTED_EDGE('',*,*,#8707,.T.);
#8810=ORIENTED_EDGE('',*,*,#8809,.F.);
#8811=ORIENTED_EDGE('',*,*,#8363,.T.);
#8813=ORIENTED_EDGE('',*,*,#8812,.T.);
#8814=EDGE_LOOP('',(#8807,#8808,#8810,#8811,#8813));
#8815=FACE_OUTER_BOUND('',#8814,.F.);
#8816=ADVANCED_FACE('',(#8815),#8806,.F.);
#8817=FILL_AREA_STYLE_COLOUR('',#22);
#8818=FILL_AREA_STYLE('',(#8817));
#8819=SURFACE_STYLE_FILL_AREA(#8818);
#8820=SURFACE_SIDE_STYLE('',(#8819));
#8821=SURFACE_STYLE_USAGE(.POSITIVE.,#8820);
#8822=PRESENTATION_STYLE_ASSIGNMENT((#8821));
#8823=STYLED_ITEM('',(#8822),#8816);
#8824=CARTESIAN_POINT('',(-3.65E0,4.575E0,2.175E0));
#8825=DIRECTION('',(0.E0,0.E0,-1.E0));
#8826=DIRECTION('',(0.E0,-1.E0,0.E0));
#8827=AXIS2_PLACEMENT_3D('',#8824,#8825,#8826);
#8828=PLANE('',#8827);
#8829=ORIENTED_EDGE('',*,*,#8809,.T.);
#8830=ORIENTED_EDGE('',*,*,#8705,.F.);
#8832=ORIENTED_EDGE('',*,*,#8831,.F.);
#8833=ORIENTED_EDGE('',*,*,#8365,.T.);
#8834=EDGE_LOOP('',(#8829,#8830,#8832,#8833));
#8835=FACE_OUTER_BOUND('',#8834,.F.);
#8836=ADVANCED_FACE('',(#8835),#8828,.F.);
#8837=FILL_AREA_STYLE_COLOUR('',#22);
#8838=FILL_AREA_STYLE('',(#8837));
#8839=SURFACE_STYLE_FILL_AREA(#8838);
#8840=SURFACE_SIDE_STYLE('',(#8839));
#8841=SURFACE_STYLE_USAGE(.POSITIVE.,#8840);
#8842=PRESENTATION_STYLE_ASSIGNMENT((#8841));
#8843=STYLED_ITEM('',(#8842),#8836);
#8844=CARTESIAN_POINT('',(-3.45E0,3.975E0,1.575E0));
#8845=DIRECTION('',(0.E0,7.071067811865E-1,7.071067811865E-1));
#8846=DIRECTION('',(0.E0,7.071067811865E-1,-7.071067811865E-1));
#8847=AXIS2_PLACEMENT_3D('',#8844,#8845,#8846);
#8848=PLANE('',#8847);
#8849=ORIENTED_EDGE('',*,*,#8703,.T.);
#8851=ORIENTED_EDGE('',*,*,#8850,.F.);
#8852=ORIENTED_EDGE('',*,*,#8367,.T.);
#8853=ORIENTED_EDGE('',*,*,#8831,.T.);
#8854=EDGE_LOOP('',(#8849,#8851,#8852,#8853));
#8855=FACE_OUTER_BOUND('',#8854,.F.);
#8856=ADVANCED_FACE('',(#8855),#8848,.T.);
#8857=FILL_AREA_STYLE_COLOUR('',#22);
#8858=FILL_AREA_STYLE('',(#8857));
#8859=SURFACE_STYLE_FILL_AREA(#8858);
#8860=SURFACE_SIDE_STYLE('',(#8859));
#8861=SURFACE_STYLE_USAGE(.POSITIVE.,#8860);
#8862=PRESENTATION_STYLE_ASSIGNMENT((#8861));
#8863=STYLED_ITEM('',(#8862),#8856);
#8864=CARTESIAN_POINT('',(-3.65E0,4.575E0,-1.E0));
#8865=DIRECTION('',(0.E0,-1.E0,0.E0));
#8866=DIRECTION('',(0.E0,0.E0,1.E0));
#8867=AXIS2_PLACEMENT_3D('',#8864,#8865,#8866);
#8868=PLANE('',#8867);
#8869=ORIENTED_EDGE('',*,*,#8850,.T.);
#8870=ORIENTED_EDGE('',*,*,#8701,.F.);
#8872=ORIENTED_EDGE('',*,*,#8871,.T.);
#8873=ORIENTED_EDGE('',*,*,#8369,.T.);
#8874=EDGE_LOOP('',(#8869,#8870,#8872,#8873));
#8875=FACE_OUTER_BOUND('',#8874,.F.);
#8876=ADVANCED_FACE('',(#8875),#8868,.F.);
#8877=FILL_AREA_STYLE_COLOUR('',#22);
#8878=FILL_AREA_STYLE('',(#8877));
#8879=SURFACE_STYLE_FILL_AREA(#8878);
#8880=SURFACE_SIDE_STYLE('',(#8879));
#8881=SURFACE_STYLE_USAGE(.POSITIVE.,#8880);
#8882=PRESENTATION_STYLE_ASSIGNMENT((#8881));
#8883=STYLED_ITEM('',(#8882),#8876);
#8884=CARTESIAN_POINT('',(-3.65E0,3.575E0,-1.E0));
#8885=DIRECTION('',(0.E0,0.E0,1.E0));
#8886=DIRECTION('',(0.E0,1.E0,0.E0));
#8887=AXIS2_PLACEMENT_3D('',#8884,#8885,#8886);
#8888=PLANE('',#8887);
#8889=ORIENTED_EDGE('',*,*,#8699,.F.);
#8891=ORIENTED_EDGE('',*,*,#8890,.T.);
#8892=ORIENTED_EDGE('',*,*,#8371,.T.);
#8893=ORIENTED_EDGE('',*,*,#8871,.F.);
#8894=EDGE_LOOP('',(#8889,#8891,#8892,#8893));
#8895=FACE_OUTER_BOUND('',#8894,.F.);
#8896=ADVANCED_FACE('',(#8895),#8888,.F.);
#8897=FILL_AREA_STYLE_COLOUR('',#22);
#8898=FILL_AREA_STYLE('',(#8897));
#8899=SURFACE_STYLE_FILL_AREA(#8898);
#8900=SURFACE_SIDE_STYLE('',(#8899));
#8901=SURFACE_STYLE_USAGE(.POSITIVE.,#8900);
#8902=PRESENTATION_STYLE_ASSIGNMENT((#8901));
#8903=STYLED_ITEM('',(#8902),#8896);
#8904=CARTESIAN_POINT('',(-3.65E0,3.575E0,-9.826E-1));
#8905=DIRECTION('',(0.E0,1.E0,0.E0));
#8906=DIRECTION('',(0.E0,0.E0,-1.E0));
#8907=AXIS2_PLACEMENT_3D('',#8904,#8905,#8906);
#8908=PLANE('',#8907);
#8909=ORIENTED_EDGE('',*,*,#8697,.F.);
#8911=ORIENTED_EDGE('',*,*,#8910,.T.);
#8912=ORIENTED_EDGE('',*,*,#8373,.T.);
#8913=ORIENTED_EDGE('',*,*,#8890,.F.);
#8914=EDGE_LOOP('',(#8909,#8911,#8912,#8913));
#8915=FACE_OUTER_BOUND('',#8914,.F.);
#8916=ADVANCED_FACE('',(#8915),#8908,.F.);
#8917=FILL_AREA_STYLE_COLOUR('',#22);
#8918=FILL_AREA_STYLE('',(#8917));
#8919=SURFACE_STYLE_FILL_AREA(#8918);
#8920=SURFACE_SIDE_STYLE('',(#8919));
#8921=SURFACE_STYLE_USAGE(.POSITIVE.,#8920);
#8922=PRESENTATION_STYLE_ASSIGNMENT((#8921));
#8923=STYLED_ITEM('',(#8922),#8916);
#8924=CARTESIAN_POINT('',(-3.65E0,3.2196E0,-9.826E-1));
#8925=DIRECTION('',(1.E0,0.E0,0.E0));
#8926=DIRECTION('',(0.E0,1.E0,0.E0));
#8927=AXIS2_PLACEMENT_3D('',#8924,#8925,#8926);
#8928=CYLINDRICAL_SURFACE('',#8927,3.554E-1);
#8929=ORIENTED_EDGE('',*,*,#8407,.T.);
#8930=ORIENTED_EDGE('',*,*,#8375,.T.);
#8931=ORIENTED_EDGE('',*,*,#8910,.F.);
#8932=ORIENTED_EDGE('',*,*,#8695,.F.);
#8933=EDGE_LOOP('',(#8929,#8930,#8931,#8932));
#8934=FACE_OUTER_BOUND('',#8933,.F.);
#8935=ADVANCED_FACE('',(#8934),#8928,.F.);
#8936=FILL_AREA_STYLE_COLOUR('',#22);
#8937=FILL_AREA_STYLE('',(#8936));
#8938=SURFACE_STYLE_FILL_AREA(#8937);
#8939=SURFACE_SIDE_STYLE('',(#8938));
#8940=SURFACE_STYLE_USAGE(.POSITIVE.,#8939);
#8941=PRESENTATION_STYLE_ASSIGNMENT((#8940));
#8942=STYLED_ITEM('',(#8941),#8935);
#8943=CARTESIAN_POINT('',(-3.65E0,9.193E-1,3.E0));
#8944=DIRECTION('',(0.E0,0.E0,1.E0));
#8945=DIRECTION('',(0.E0,1.E0,0.E0));
#8946=AXIS2_PLACEMENT_3D('',#8943,#8944,#8945);
#8947=PLANE('',#8946);
#8949=ORIENTED_EDGE('',*,*,#8948,.T.);
#8951=ORIENTED_EDGE('',*,*,#8950,.T.);
#8952=ORIENTED_EDGE('',*,*,#8787,.F.);
#8953=ORIENTED_EDGE('',*,*,#8812,.F.);
#8954=ORIENTED_EDGE('',*,*,#8361,.T.);
#8956=ORIENTED_EDGE('',*,*,#8955,.F.);
#8958=ORIENTED_EDGE('',*,*,#8957,.T.);
#8959=EDGE_LOOP('',(#8949,#8951,#8952,#8953,#8954,#8956,#8958));
#8960=FACE_OUTER_BOUND('',#8959,.F.);
#8961=ADVANCED_FACE('',(#8960),#8947,.F.);
#8962=FILL_AREA_STYLE_COLOUR('',#22);
#8963=FILL_AREA_STYLE('',(#8962));
#8964=SURFACE_STYLE_FILL_AREA(#8963);
#8965=SURFACE_SIDE_STYLE('',(#8964));
#8966=SURFACE_STYLE_USAGE(.POSITIVE.,#8965);
#8967=PRESENTATION_STYLE_ASSIGNMENT((#8966));
#8968=STYLED_ITEM('',(#8967),#8961);
#8969=CARTESIAN_POINT('',(-1.998762017070E0,-1.857618E1,3.1E0));
#8970=DIRECTION('',(0.E0,1.E0,0.E0));
#8971=DIRECTION('',(1.E0,0.E0,0.E0));
#8972=AXIS2_PLACEMENT_3D('',#8969,#8970,#8971);
#8973=CYLINDRICAL_SURFACE('',#8972,1.E-1);
#8975=ORIENTED_EDGE('',*,*,#8974,.T.);
#8976=ORIENTED_EDGE('',*,*,#8948,.F.);
#8978=ORIENTED_EDGE('',*,*,#8977,.T.);
#8980=ORIENTED_EDGE('',*,*,#8979,.T.);
#8981=EDGE_LOOP('',(#8975,#8976,#8978,#8980));
#8982=FACE_OUTER_BOUND('',#8981,.F.);
#8983=ADVANCED_FACE('',(#8982),#8973,.T.);
#8984=FILL_AREA_STYLE_COLOUR('',#22);
#8985=FILL_AREA_STYLE('',(#8984));
#8986=SURFACE_STYLE_FILL_AREA(#8985);
#8987=SURFACE_SIDE_STYLE('',(#8986));
#8988=SURFACE_STYLE_USAGE(.POSITIVE.,#8987);
#8989=PRESENTATION_STYLE_ASSIGNMENT((#8988));
#8990=STYLED_ITEM('',(#8989),#8983);
#8991=CARTESIAN_POINT('',(-3.65E0,1.525E0,3.E0));
#8992=DIRECTION('',(0.E0,-1.E0,0.E0));
#8993=DIRECTION('',(0.E0,0.E0,1.E0));
#8994=AXIS2_PLACEMENT_3D('',#8991,#8992,#8993);
#8995=PLANE('',#8994);
#8997=ORIENTED_EDGE('',*,*,#8996,.F.);
#8998=ORIENTED_EDGE('',*,*,#8754,.F.);
#8999=ORIENTED_EDGE('',*,*,#8789,.T.);
#9000=ORIENTED_EDGE('',*,*,#8950,.F.);
#9001=ORIENTED_EDGE('',*,*,#8974,.F.);
#9003=ORIENTED_EDGE('',*,*,#9002,.T.);
#9004=EDGE_LOOP('',(#8997,#8998,#8999,#9000,#9001,#9003));
#9005=FACE_OUTER_BOUND('',#9004,.F.);
#9006=ADVANCED_FACE('',(#9005),#8995,.F.);
#9007=FILL_AREA_STYLE_COLOUR('',#22);
#9008=FILL_AREA_STYLE('',(#9007));
#9009=SURFACE_STYLE_FILL_AREA(#9008);
#9010=SURFACE_SIDE_STYLE('',(#9009));
#9011=SURFACE_STYLE_USAGE(.POSITIVE.,#9010);
#9012=PRESENTATION_STYLE_ASSIGNMENT((#9011));
#9013=STYLED_ITEM('',(#9012),#9006);
#9014=CARTESIAN_POINT('',(-1.998762017070E0,-1.857618E1,3.725E0));
#9015=DIRECTION('',(0.E0,1.E0,0.E0));
#9016=DIRECTION('',(0.E0,0.E0,1.E0));
#9017=AXIS2_PLACEMENT_3D('',#9014,#9015,#9016);
#9018=CYLINDRICAL_SURFACE('',#9017,1.E-1);
#9019=ORIENTED_EDGE('',*,*,#8996,.T.);
#9021=ORIENTED_EDGE('',*,*,#9020,.F.);
#9023=ORIENTED_EDGE('',*,*,#9022,.T.);
#9024=ORIENTED_EDGE('',*,*,#8756,.T.);
#9025=EDGE_LOOP('',(#9019,#9021,#9023,#9024));
#9026=FACE_OUTER_BOUND('',#9025,.F.);
#9027=ADVANCED_FACE('',(#9026),#9018,.T.);
#9028=FILL_AREA_STYLE_COLOUR('',#22);
#9029=FILL_AREA_STYLE('',(#9028));
#9030=SURFACE_STYLE_FILL_AREA(#9029);
#9031=SURFACE_SIDE_STYLE('',(#9030));
#9032=SURFACE_STYLE_USAGE(.POSITIVE.,#9031);
#9033=PRESENTATION_STYLE_ASSIGNMENT((#9032));
#9034=STYLED_ITEM('',(#9033),#9027);
#9035=CARTESIAN_POINT('',(-1.898762017070E0,1.525E0,3.E0));
#9036=DIRECTION('',(-1.E0,0.E0,0.E0));
#9037=DIRECTION('',(0.E0,0.E0,1.E0));
#9038=AXIS2_PLACEMENT_3D('',#9035,#9036,#9037);
#9039=PLANE('',#9038);
#9040=ORIENTED_EDGE('',*,*,#9020,.T.);
#9041=ORIENTED_EDGE('',*,*,#9002,.F.);
#9042=ORIENTED_EDGE('',*,*,#8979,.F.);
#9044=ORIENTED_EDGE('',*,*,#9043,.T.);
#9045=EDGE_LOOP('',(#9040,#9041,#9042,#9044));
#9046=FACE_OUTER_BOUND('',#9045,.F.);
#9047=ADVANCED_FACE('',(#9046),#9039,.F.);
#9048=FILL_AREA_STYLE_COLOUR('',#22);
#9049=FILL_AREA_STYLE('',(#9048));
#9050=SURFACE_STYLE_FILL_AREA(#9049);
#9051=SURFACE_SIDE_STYLE('',(#9050));
#9052=SURFACE_STYLE_USAGE(.POSITIVE.,#9051);
#9053=PRESENTATION_STYLE_ASSIGNMENT((#9052));
#9054=STYLED_ITEM('',(#9053),#9047);
#9055=CARTESIAN_POINT('',(-3.25E0,1.125E0,0.E0));
#9056=DIRECTION('',(0.E0,-1.E0,0.E0));
#9057=DIRECTION('',(1.E0,0.E0,0.E0));
#9058=AXIS2_PLACEMENT_3D('',#9055,#9056,#9057);
#9059=PLANE('',#9058);
#9060=ORIENTED_EDGE('',*,*,#9022,.F.);
#9061=ORIENTED_EDGE('',*,*,#9043,.F.);
#9062=ORIENTED_EDGE('',*,*,#8977,.F.);
#9063=ORIENTED_EDGE('',*,*,#8957,.F.);
#9065=ORIENTED_EDGE('',*,*,#9064,.F.);
#9066=ORIENTED_EDGE('',*,*,#8758,.F.);
#9067=EDGE_LOOP('',(#9060,#9061,#9062,#9063,#9065,#9066));
#9068=FACE_OUTER_BOUND('',#9067,.F.);
#9069=ADVANCED_FACE('',(#9068),#9059,.T.);
#9070=FILL_AREA_STYLE_COLOUR('',#22);
#9071=FILL_AREA_STYLE('',(#9070));
#9072=SURFACE_STYLE_FILL_AREA(#9071);
#9073=SURFACE_SIDE_STYLE('',(#9072));
#9074=SURFACE_STYLE_USAGE(.POSITIVE.,#9073);
#9075=PRESENTATION_STYLE_ASSIGNMENT((#9074));
#9076=STYLED_ITEM('',(#9075),#9069);
#9077=CARTESIAN_POINT('',(-3.15E0,1.025E0,1.96878E1));
#9078=DIRECTION('',(0.E0,0.E0,-1.E0));
#9079=DIRECTION('',(-1.E0,0.E0,0.E0));
#9080=AXIS2_PLACEMENT_3D('',#9077,#9078,#9079);
#9081=CYLINDRICAL_SURFACE('',#9080,1.E-1);
#9082=ORIENTED_EDGE('',*,*,#8359,.F.);
#9083=ORIENTED_EDGE('',*,*,#8760,.T.);
#9084=ORIENTED_EDGE('',*,*,#9064,.T.);
#9085=ORIENTED_EDGE('',*,*,#8955,.T.);
#9086=EDGE_LOOP('',(#9082,#9083,#9084,#9085));
#9087=FACE_OUTER_BOUND('',#9086,.F.);
#9088=ADVANCED_FACE('',(#9087),#9081,.F.);
#9089=FILL_AREA_STYLE_COLOUR('',#22);
#9090=FILL_AREA_STYLE('',(#9089));
#9091=SURFACE_STYLE_FILL_AREA(#9090);
#9092=SURFACE_SIDE_STYLE('',(#9091));
#9093=SURFACE_STYLE_USAGE(.POSITIVE.,#9092);
#9094=PRESENTATION_STYLE_ASSIGNMENT((#9093));
#9095=STYLED_ITEM('',(#9094),#9088);
#9096=CARTESIAN_POINT('',(0.E0,-1.575E0,0.E0));
#9097=DIRECTION('',(0.E0,-1.E0,0.E0));
#9098=DIRECTION('',(1.E0,0.E0,0.E0));
#9099=AXIS2_PLACEMENT_3D('',#9096,#9097,#9098);
#9100=PLANE('',#9099);
#9101=ORIENTED_EDGE('',*,*,#8355,.F.);
#9103=ORIENTED_EDGE('',*,*,#9102,.F.);
#9105=ORIENTED_EDGE('',*,*,#9104,.T.);
#9107=ORIENTED_EDGE('',*,*,#9106,.T.);
#9109=ORIENTED_EDGE('',*,*,#9108,.T.);
#9111=ORIENTED_EDGE('',*,*,#9110,.T.);
#9113=ORIENTED_EDGE('',*,*,#9112,.T.);
#9115=ORIENTED_EDGE('',*,*,#9114,.F.);
#9117=ORIENTED_EDGE('',*,*,#9116,.T.);
#9119=ORIENTED_EDGE('',*,*,#9118,.T.);
#9121=ORIENTED_EDGE('',*,*,#9120,.T.);
#9122=ORIENTED_EDGE('',*,*,#8763,.T.);
#9123=EDGE_LOOP('',(#9101,#9103,#9105,#9107,#9109,#9111,#9113,#9115,#9117,#9119,
#9121,#9122));
#9124=FACE_OUTER_BOUND('',#9123,.F.);
#9126=ORIENTED_EDGE('',*,*,#9125,.T.);
#9128=ORIENTED_EDGE('',*,*,#9127,.T.);
#9129=EDGE_LOOP('',(#9126,#9128));
#9130=FACE_BOUND('',#9129,.F.);
#9131=ADVANCED_FACE('',(#9124,#9130),#9100,.F.);
#9132=FILL_AREA_STYLE_COLOUR('',#22);
#9133=FILL_AREA_STYLE('',(#9132));
#9134=SURFACE_STYLE_FILL_AREA(#9133);
#9135=SURFACE_SIDE_STYLE('',(#9134));
#9136=SURFACE_STYLE_USAGE(.POSITIVE.,#9135);
#9137=PRESENTATION_STYLE_ASSIGNMENT((#9136));
#9138=STYLED_ITEM('',(#9137),#9131);
#9139=CARTESIAN_POINT('',(0.E0,-1.575E0,3.E0));
#9140=DIRECTION('',(0.E0,-1.E0,0.E0));
#9141=DIRECTION('',(1.E0,0.E0,0.E0));
#9142=AXIS2_PLACEMENT_3D('',#9139,#9140,#9141);
#9143=CYLINDRICAL_SURFACE('',#9142,1.65E0);
#9144=ORIENTED_EDGE('',*,*,#9125,.F.);
#9146=ORIENTED_EDGE('',*,*,#9145,.T.);
#9148=ORIENTED_EDGE('',*,*,#9147,.T.);
#9150=ORIENTED_EDGE('',*,*,#9149,.F.);
#9151=EDGE_LOOP('',(#9144,#9146,#9148,#9150));
#9152=FACE_OUTER_BOUND('',#9151,.F.);
#9153=ADVANCED_FACE('',(#9152),#9143,.F.);
#9154=FILL_AREA_STYLE_COLOUR('',#22);
#9155=FILL_AREA_STYLE('',(#9154));
#9156=SURFACE_STYLE_FILL_AREA(#9155);
#9157=SURFACE_SIDE_STYLE('',(#9156));
#9158=SURFACE_STYLE_USAGE(.POSITIVE.,#9157);
#9159=PRESENTATION_STYLE_ASSIGNMENT((#9158));
#9160=STYLED_ITEM('',(#9159),#9153);
#9161=CARTESIAN_POINT('',(0.E0,-1.575E0,3.E0));
#9162=DIRECTION('',(0.E0,-1.E0,0.E0));
#9163=DIRECTION('',(1.E0,0.E0,0.E0));
#9164=AXIS2_PLACEMENT_3D('',#9161,#9162,#9163);
#9165=CYLINDRICAL_SURFACE('',#9164,1.65E0);
#9166=ORIENTED_EDGE('',*,*,#9127,.F.);
#9167=ORIENTED_EDGE('',*,*,#9149,.T.);
#9169=ORIENTED_EDGE('',*,*,#9168,.T.);
#9170=ORIENTED_EDGE('',*,*,#9145,.F.);
#9171=EDGE_LOOP('',(#9166,#9167,#9169,#9170));
#9172=FACE_OUTER_BOUND('',#9171,.F.);
#9173=ADVANCED_FACE('',(#9172),#9165,.F.);
#9174=FILL_AREA_STYLE_COLOUR('',#22);
#9175=FILL_AREA_STYLE('',(#9174));
#9176=SURFACE_STYLE_FILL_AREA(#9175);
#9177=SURFACE_SIDE_STYLE('',(#9176));
#9178=SURFACE_STYLE_USAGE(.POSITIVE.,#9177);
#9179=PRESENTATION_STYLE_ASSIGNMENT((#9178));
#9180=STYLED_ITEM('',(#9179),#9173);
#9181=CARTESIAN_POINT('',(0.E0,-1.975E0,0.E0));
#9182=DIRECTION('',(0.E0,-1.E0,0.E0));
#9183=DIRECTION('',(1.E0,0.E0,0.E0));
#9184=AXIS2_PLACEMENT_3D('',#9181,#9182,#9183);
#9185=PLANE('',#9184);
#9187=ORIENTED_EDGE('',*,*,#9186,.T.);
#9189=ORIENTED_EDGE('',*,*,#9188,.F.);
#9191=ORIENTED_EDGE('',*,*,#9190,.F.);
#9193=ORIENTED_EDGE('',*,*,#9192,.F.);
#9195=ORIENTED_EDGE('',*,*,#9194,.F.);
#9197=ORIENTED_EDGE('',*,*,#9196,.T.);
#9198=ORIENTED_EDGE('',*,*,#8730,.T.);
#9199=ORIENTED_EDGE('',*,*,#8767,.F.);
#9201=ORIENTED_EDGE('',*,*,#9200,.F.);
#9203=ORIENTED_EDGE('',*,*,#9202,.F.);
#9205=ORIENTED_EDGE('',*,*,#9204,.F.);
#9207=ORIENTED_EDGE('',*,*,#9206,.T.);
#9208=EDGE_LOOP('',(#9187,#9189,#9191,#9193,#9195,#9197,#9198,#9199,#9201,#9203,
#9205,#9207));
#9209=FACE_OUTER_BOUND('',#9208,.F.);
#9211=ORIENTED_EDGE('',*,*,#9210,.T.);
#9213=ORIENTED_EDGE('',*,*,#9212,.T.);
#9214=EDGE_LOOP('',(#9211,#9213));
#9215=FACE_BOUND('',#9214,.F.);
#9217=ORIENTED_EDGE('',*,*,#9216,.T.);
#9219=ORIENTED_EDGE('',*,*,#9218,.T.);
#9220=EDGE_LOOP('',(#9217,#9219));
#9221=FACE_BOUND('',#9220,.F.);
#9223=ORIENTED_EDGE('',*,*,#9222,.T.);
#9225=ORIENTED_EDGE('',*,*,#9224,.T.);
#9226=EDGE_LOOP('',(#9223,#9225));
#9227=FACE_BOUND('',#9226,.F.);
#9229=ORIENTED_EDGE('',*,*,#9228,.T.);
#9231=ORIENTED_EDGE('',*,*,#9230,.T.);
#9232=EDGE_LOOP('',(#9229,#9231));
#9233=FACE_BOUND('',#9232,.F.);
#9234=ORIENTED_EDGE('',*,*,#9147,.F.);
#9235=ORIENTED_EDGE('',*,*,#9168,.F.);
#9236=EDGE_LOOP('',(#9234,#9235));
#9237=FACE_BOUND('',#9236,.F.);
#9238=ADVANCED_FACE('',(#9209,#9215,#9221,#9227,#9233,#9237),#9185,.T.);
#9239=FILL_AREA_STYLE_COLOUR('',#22);
#9240=FILL_AREA_STYLE('',(#9239));
#9241=SURFACE_STYLE_FILL_AREA(#9240);
#9242=SURFACE_SIDE_STYLE('',(#9241));
#9243=SURFACE_STYLE_USAGE(.POSITIVE.,#9242);
#9244=PRESENTATION_STYLE_ASSIGNMENT((#9243));
#9245=STYLED_ITEM('',(#9244),#9238);
#9246=CARTESIAN_POINT('',(-2.2E0,-1.975E0,5.2E0));
#9247=DIRECTION('',(0.E0,-1.E0,0.E0));
#9248=DIRECTION('',(1.E0,0.E0,0.E0));
#9249=AXIS2_PLACEMENT_3D('',#9246,#9247,#9248);
#9250=CYLINDRICAL_SURFACE('',#9249,5.E-1);
#9252=ORIENTED_EDGE('',*,*,#9251,.T.);
#9254=ORIENTED_EDGE('',*,*,#9253,.F.);
#9255=ORIENTED_EDGE('',*,*,#9210,.F.);
#9257=ORIENTED_EDGE('',*,*,#9256,.T.);
#9258=EDGE_LOOP('',(#9252,#9254,#9255,#9257));
#9259=FACE_OUTER_BOUND('',#9258,.F.);
#9260=ADVANCED_FACE('',(#9259),#9250,.T.);
#9261=FILL_AREA_STYLE_COLOUR('',#8);
#9262=FILL_AREA_STYLE('',(#9261));
#9263=SURFACE_STYLE_FILL_AREA(#9262);
#9264=SURFACE_SIDE_STYLE('',(#9263));
#9265=SURFACE_STYLE_USAGE(.POSITIVE.,#9264);
#9266=PRESENTATION_STYLE_ASSIGNMENT((#9265));
#9267=STYLED_ITEM('',(#9266),#9260);
#9268=CARTESIAN_POINT('',(-1.703220339447E0,-2.054828065974E0,
5.149686151557E0));
#9269=CARTESIAN_POINT('',(-1.690168771360E0,-2.249484378094E0,
5.148364288625E0));
#9270=CARTESIAN_POINT('',(-1.827421633993E0,-2.387439389963E0,
5.162265259774E0));
#9271=CARTESIAN_POINT('',(-2.021087204428E0,-2.374321053516E0,
5.181879710472E0));
#9272=CARTESIAN_POINT('',(-1.671331758020E0,-2.054828065974E0,
5.464541785684E0));
#9273=CARTESIAN_POINT('',(-1.657442402026E0,-2.249484378094E0,
5.471491919520E0));
#9274=CARTESIAN_POINT('',(-1.803505607420E0,-2.387439389963E0,
5.398402942144E0));
#9275=CARTESIAN_POINT('',(-2.009602685832E0,-2.374321053516E0,
5.295273446521E0));
#9276=CARTESIAN_POINT('',(-1.883533655263E0,-2.054828065974E0,
5.699321058138E0));
#9277=CARTESIAN_POINT('',(-1.875219341345E0,-2.249484378094E0,
5.712439394707E0));
#9278=CARTESIAN_POINT('',(-1.962654305357E0,-2.387439389963E0,
5.574484381561E0));
#9279=CARTESIAN_POINT('',(-2.086026174304E0,-2.374321053516E0,
5.379828067638E0));
#9280=CARTESIAN_POINT('',(-2.200000007293E0,-2.054828065974E0,
5.699321053516E0));
#9281=CARTESIAN_POINT('',(-2.200000007484E0,-2.249484378094E0,
5.712439389963E0));
#9282=CARTESIAN_POINT('',(-2.200000005469E0,-2.387439389963E0,
5.574484378094E0));
#9283=CARTESIAN_POINT('',(-2.200000002626E0,-2.374321053516E0,
5.379828065974E0));
#9284=CARTESIAN_POINT('',(-2.516466359322E0,-2.054828065974E0,
5.699321048893E0));
#9285=CARTESIAN_POINT('',(-2.524780673623E0,-2.249484378094E0,
5.712439385220E0));
#9286=CARTESIAN_POINT('',(-2.437345705582E0,-2.387439389963E0,
5.574484374628E0));
#9287=CARTESIAN_POINT('',(-2.313973830949E0,-2.374321053516E0,
5.379828064309E0));
#9288=CARTESIAN_POINT('',(-2.728668249707E0,-2.054828065974E0,
5.464541770242E0));
#9289=CARTESIAN_POINT('',(-2.742557605904E0,-2.249484378094E0,
5.471491903672E0));
#9290=CARTESIAN_POINT('',(-2.596494398375E0,-2.387439389963E0,
5.398402930562E0));
#9291=CARTESIAN_POINT('',(-2.390397316951E0,-2.374321053516E0,
5.295273440959E0));
#9292=CARTESIAN_POINT('',(-2.696779659083E0,-2.054828065974E0,
5.149686137046E0));
#9293=CARTESIAN_POINT('',(-2.709831227132E0,-2.249484378094E0,
5.148364273733E0));
#9294=CARTESIAN_POINT('',(-2.572578364905E0,-2.387439389963E0,
5.162265248891E0));
#9295=CARTESIAN_POINT('',(-2.378912795042E0,-2.374321053516E0,
5.181879705246E0));
#9296=(BOUNDED_SURFACE()B_SPLINE_SURFACE(3,3,((#9268,#9269,#9270,#9271),(#9272,
#9273,#9274,#9275),(#9276,#9277,#9278,#9279),(#9280,#9281,#9282,#9283),(#9284,
#9285,#9286,#9287),(#9288,#9289,#9290,#9291),(#9292,#9293,#9294,#9295)),
.UNSPECIFIED.,.F.,.F.,.F.)B_SPLINE_SURFACE_WITH_KNOTS((4,3,4),(4,4),(0.E0,1.E0,
2.E0),(0.E0,1.E0),.UNSPECIFIED.)GEOMETRIC_REPRESENTATION_ITEM()RATIONAL_B_SPLINE_SURFACE(((1.444209018411E0,1.114891605304E0,1.114891605304E0,1.444209018411E0),(
1.126998526385E0,8.700133985027E-1,8.700133985027E-1,1.126998526385E0),(
1.126998526385E0,8.700133985027E-1,8.700133985027E-1,1.126998526385E0),(
1.444209018411E0,1.114891605304E0,1.114891605304E0,1.444209018411E0),(
1.126998526385E0,8.700133985027E-1,8.700133985027E-1,1.126998526385E0),(
1.126998526385E0,8.700133985027E-1,8.700133985027E-1,1.126998526385E0),(
1.444209018411E0,1.114891605304E0,1.114891605304E0,1.444209018411E0)))REPRESENTATION_ITEM('')SURFACE());
#9298=ORIENTED_EDGE('',*,*,#9297,.T.);
#9300=ORIENTED_EDGE('',*,*,#9299,.T.);
#9301=ORIENTED_EDGE('',*,*,#9251,.F.);
#9303=ORIENTED_EDGE('',*,*,#9302,.F.);
#9304=EDGE_LOOP('',(#9298,#9300,#9301,#9303));
#9305=FACE_OUTER_BOUND('',#9304,.F.);
#9306=ADVANCED_FACE('',(#9305),#9296,.T.);
#9307=FILL_AREA_STYLE_COLOUR('',#8);
#9308=FILL_AREA_STYLE('',(#9307));
#9309=SURFACE_STYLE_FILL_AREA(#9308);
#9310=SURFACE_SIDE_STYLE('',(#9309));
#9311=SURFACE_STYLE_USAGE(.POSITIVE.,#9310);
#9312=PRESENTATION_STYLE_ASSIGNMENT((#9311));
#9313=STYLED_ITEM('',(#9312),#9306);
#9314=CARTESIAN_POINT('',(0.E0,-2.375E0,0.E0));
#9315=DIRECTION('',(0.E0,-1.E0,0.E0));
#9316=DIRECTION('',(1.E0,0.E0,0.E0));
#9317=AXIS2_PLACEMENT_3D('',#9314,#9315,#9316);
#9318=PLANE('',#9317);
#9320=ORIENTED_EDGE('',*,*,#9319,.F.);
#9321=ORIENTED_EDGE('',*,*,#9297,.F.);
#9322=EDGE_LOOP('',(#9320,#9321));
#9323=FACE_OUTER_BOUND('',#9322,.F.);
#9324=ADVANCED_FACE('',(#9323),#9318,.T.);
#9325=FILL_AREA_STYLE_COLOUR('',#8);
#9326=FILL_AREA_STYLE('',(#9325));
#9327=SURFACE_STYLE_FILL_AREA(#9326);
#9328=SURFACE_SIDE_STYLE('',(#9327));
#9329=SURFACE_STYLE_USAGE(.POSITIVE.,#9328);
#9330=PRESENTATION_STYLE_ASSIGNMENT((#9329));
#9331=STYLED_ITEM('',(#9330),#9324);
#9332=CARTESIAN_POINT('',(0.E0,-2.375E0,0.E0));
#9333=DIRECTION('',(0.E0,-1.E0,0.E0));
#9334=DIRECTION('',(1.E0,0.E0,0.E0));
#9335=AXIS2_PLACEMENT_3D('',#9332,#9333,#9334);
#9336=PLANE('',#9335);
#9338=ORIENTED_EDGE('',*,*,#9337,.F.);
#9340=ORIENTED_EDGE('',*,*,#9339,.F.);
#9341=EDGE_LOOP('',(#9338,#9340));
#9342=FACE_OUTER_BOUND('',#9341,.F.);
#9343=ADVANCED_FACE('',(#9342),#9336,.T.);
#9344=FILL_AREA_STYLE_COLOUR('',#8);
#9345=FILL_AREA_STYLE('',(#9344));
#9346=SURFACE_STYLE_FILL_AREA(#9345);
#9347=SURFACE_SIDE_STYLE('',(#9346));
#9348=SURFACE_STYLE_USAGE(.POSITIVE.,#9347);
#9349=PRESENTATION_STYLE_ASSIGNMENT((#9348));
#9350=STYLED_ITEM('',(#9349),#9343);
#9351=CARTESIAN_POINT('',(0.E0,-2.375E0,0.E0));
#9352=DIRECTION('',(0.E0,-1.E0,0.E0));
#9353=DIRECTION('',(1.E0,0.E0,0.E0));
#9354=AXIS2_PLACEMENT_3D('',#9351,#9352,#9353);
#9355=PLANE('',#9354);
#9357=ORIENTED_EDGE('',*,*,#9356,.F.);
#9359=ORIENTED_EDGE('',*,*,#9358,.F.);
#9360=EDGE_LOOP('',(#9357,#9359));
#9361=FACE_OUTER_BOUND('',#9360,.F.);
#9362=ADVANCED_FACE('',(#9361),#9355,.T.);
#9363=FILL_AREA_STYLE_COLOUR('',#8);
#9364=FILL_AREA_STYLE('',(#9363));
#9365=SURFACE_STYLE_FILL_AREA(#9364);
#9366=SURFACE_SIDE_STYLE('',(#9365));
#9367=SURFACE_STYLE_USAGE(.POSITIVE.,#9366);
#9368=PRESENTATION_STYLE_ASSIGNMENT((#9367));
#9369=STYLED_ITEM('',(#9368),#9362);
#9370=CARTESIAN_POINT('',(0.E0,-2.375E0,0.E0));
#9371=DIRECTION('',(0.E0,-1.E0,0.E0));
#9372=DIRECTION('',(1.E0,0.E0,0.E0));
#9373=AXIS2_PLACEMENT_3D('',#9370,#9371,#9372);
#9374=PLANE('',#9373);
#9376=ORIENTED_EDGE('',*,*,#9375,.F.);
#9378=ORIENTED_EDGE('',*,*,#9377,.F.);
#9379=EDGE_LOOP('',(#9376,#9378));
#9380=FACE_OUTER_BOUND('',#9379,.F.);
#9381=ADVANCED_FACE('',(#9380),#9374,.T.);
#9382=FILL_AREA_STYLE_COLOUR('',#8);
#9383=FILL_AREA_STYLE('',(#9382));
#9384=SURFACE_STYLE_FILL_AREA(#9383);
#9385=SURFACE_SIDE_STYLE('',(#9384));
#9386=SURFACE_STYLE_USAGE(.POSITIVE.,#9385);
#9387=PRESENTATION_STYLE_ASSIGNMENT((#9386));
#9388=STYLED_ITEM('',(#9387),#9381);
#9389=CARTESIAN_POINT('',(-2.696779660553E0,-2.054828065974E0,
5.250313848443E0));
#9390=CARTESIAN_POINT('',(-2.709831228640E0,-2.249484378094E0,
5.251635711375E0));
#9391=CARTESIAN_POINT('',(-2.572578366007E0,-2.387439389963E0,
5.237734740226E0));
#9392=CARTESIAN_POINT('',(-2.378912795572E0,-2.374321053516E0,
5.218120289528E0));
#9393=CARTESIAN_POINT('',(-2.728668241980E0,-2.054828065974E0,
4.935458214316E0));
#9394=CARTESIAN_POINT('',(-2.742557597974E0,-2.249484378094E0,
4.928508080480E0));
#9395=CARTESIAN_POINT('',(-2.596494392580E0,-2.387439389963E0,
5.001597057856E0));
#9396=CARTESIAN_POINT('',(-2.390397314168E0,-2.374321053516E0,
5.104726553479E0));
#9397=CARTESIAN_POINT('',(-2.516466344737E0,-2.054828065974E0,
4.700678941862E0));
#9398=CARTESIAN_POINT('',(-2.524780658655E0,-2.249484378094E0,
4.687560605293E0));
#9399=CARTESIAN_POINT('',(-2.437345694643E0,-2.387439389963E0,
4.825515618439E0));
#9400=CARTESIAN_POINT('',(-2.313973825696E0,-2.374321053516E0,
5.020171932362E0));
#9401=CARTESIAN_POINT('',(-2.199999992707E0,-2.054828065974E0,
4.700678946484E0));
#9402=CARTESIAN_POINT('',(-2.199999992516E0,-2.249484378094E0,
4.687560610037E0));
#9403=CARTESIAN_POINT('',(-2.199999994531E0,-2.387439389963E0,
4.825515621906E0));
#9404=CARTESIAN_POINT('',(-2.199999997374E0,-2.374321053516E0,
5.020171934026E0));
#9405=CARTESIAN_POINT('',(-1.883533640678E0,-2.054828065974E0,
4.700678951107E0));
#9406=CARTESIAN_POINT('',(-1.875219326377E0,-2.249484378094E0,
4.687560614780E0));
#9407=CARTESIAN_POINT('',(-1.962654294418E0,-2.387439389963E0,
4.825515625372E0));
#9408=CARTESIAN_POINT('',(-2.086026169051E0,-2.374321053516E0,
5.020171935691E0));
#9409=CARTESIAN_POINT('',(-1.671331750293E0,-2.054828065974E0,
4.935458229758E0));
#9410=CARTESIAN_POINT('',(-1.657442394096E0,-2.249484378094E0,
4.928508096328E0));
#9411=CARTESIAN_POINT('',(-1.803505601625E0,-2.387439389963E0,
5.001597069438E0));
#9412=CARTESIAN_POINT('',(-2.009602683049E0,-2.374321053516E0,
5.104726559041E0));
#9413=CARTESIAN_POINT('',(-1.703220340917E0,-2.054828065974E0,
5.250313862954E0));
#9414=CARTESIAN_POINT('',(-1.690168772868E0,-2.249484378094E0,
5.251635726267E0));
#9415=CARTESIAN_POINT('',(-1.827421635095E0,-2.387439389963E0,
5.237734751109E0));
#9416=CARTESIAN_POINT('',(-2.021087204958E0,-2.374321053516E0,
5.218120294754E0));
#9417=(BOUNDED_SURFACE()B_SPLINE_SURFACE(3,3,((#9389,#9390,#9391,#9392),(#9393,
#9394,#9395,#9396),(#9397,#9398,#9399,#9400),(#9401,#9402,#9403,#9404),(#9405,
#9406,#9407,#9408),(#9409,#9410,#9411,#9412),(#9413,#9414,#9415,#9416)),
.UNSPECIFIED.,.F.,.F.,.F.)B_SPLINE_SURFACE_WITH_KNOTS((4,3,4),(4,4),(0.E0,1.E0,
2.E0),(0.E0,1.E0),.UNSPECIFIED.)GEOMETRIC_REPRESENTATION_ITEM()RATIONAL_B_SPLINE_SURFACE(((1.444209018411E0,1.114891605304E0,1.114891605304E0,1.444209018411E0),(
1.126998526385E0,8.700133985027E-1,8.700133985027E-1,1.126998526385E0),(
1.126998526385E0,8.700133985027E-1,8.700133985027E-1,1.126998526385E0),(
1.444209018411E0,1.114891605304E0,1.114891605304E0,1.444209018411E0),(
1.126998526385E0,8.700133985027E-1,8.700133985027E-1,1.126998526385E0),(
1.126998526385E0,8.700133985027E-1,8.700133985027E-1,1.126998526385E0),(
1.444209018411E0,1.114891605304E0,1.114891605304E0,1.444209018411E0)))REPRESENTATION_ITEM('')SURFACE());
#9418=ORIENTED_EDGE('',*,*,#9319,.T.);
#9419=ORIENTED_EDGE('',*,*,#9302,.T.);
#9421=ORIENTED_EDGE('',*,*,#9420,.F.);
#9422=ORIENTED_EDGE('',*,*,#9299,.F.);
#9423=EDGE_LOOP('',(#9418,#9419,#9421,#9422));
#9424=FACE_OUTER_BOUND('',#9423,.F.);
#9425=ADVANCED_FACE('',(#9424),#9417,.T.);
#9426=FILL_AREA_STYLE_COLOUR('',#8);
#9427=FILL_AREA_STYLE('',(#9426));
#9428=SURFACE_STYLE_FILL_AREA(#9427);
#9429=SURFACE_SIDE_STYLE('',(#9428));
#9430=SURFACE_STYLE_USAGE(.POSITIVE.,#9429);
#9431=PRESENTATION_STYLE_ASSIGNMENT((#9430));
#9432=STYLED_ITEM('',(#9431),#9425);
#9433=CARTESIAN_POINT('',(-2.2E0,-1.975E0,5.2E0));
#9434=DIRECTION('',(0.E0,-1.E0,0.E0));
#9435=DIRECTION('',(1.E0,0.E0,0.E0));
#9436=AXIS2_PLACEMENT_3D('',#9433,#9434,#9435);
#9437=CYLINDRICAL_SURFACE('',#9436,5.E-1);
#9438=ORIENTED_EDGE('',*,*,#9420,.T.);
#9439=ORIENTED_EDGE('',*,*,#9256,.F.);
#9440=ORIENTED_EDGE('',*,*,#9212,.F.);
#9441=ORIENTED_EDGE('',*,*,#9253,.T.);
#9442=EDGE_LOOP('',(#9438,#9439,#9440,#9441));
#9443=FACE_OUTER_BOUND('',#9442,.F.);
#9444=ADVANCED_FACE('',(#9443),#9437,.T.);
#9445=FILL_AREA_STYLE_COLOUR('',#8);
#9446=FILL_AREA_STYLE('',(#9445));
#9447=SURFACE_STYLE_FILL_AREA(#9446);
#9448=SURFACE_SIDE_STYLE('',(#9447));
#9449=SURFACE_STYLE_USAGE(.POSITIVE.,#9448);
#9450=PRESENTATION_STYLE_ASSIGNMENT((#9449));
#9451=STYLED_ITEM('',(#9450),#9444);
#9452=CARTESIAN_POINT('',(1.703220339447E0,-2.054828065974E0,5.250313848443E0));
#9453=CARTESIAN_POINT('',(1.690168771360E0,-2.249484378094E0,5.251635711375E0));
#9454=CARTESIAN_POINT('',(1.827421633993E0,-2.387439389963E0,5.237734740226E0));
#9455=CARTESIAN_POINT('',(2.021087204428E0,-2.374321053516E0,5.218120289528E0));
#9456=CARTESIAN_POINT('',(1.671331758020E0,-2.054828065974E0,4.935458214316E0));
#9457=CARTESIAN_POINT('',(1.657442402026E0,-2.249484378094E0,4.928508080480E0));
#9458=CARTESIAN_POINT('',(1.803505607420E0,-2.387439389963E0,5.001597057856E0));
#9459=CARTESIAN_POINT('',(2.009602685832E0,-2.374321053516E0,5.104726553479E0));
#9460=CARTESIAN_POINT('',(1.883533655263E0,-2.054828065974E0,4.700678941862E0));
#9461=CARTESIAN_POINT('',(1.875219341345E0,-2.249484378094E0,4.687560605293E0));
#9462=CARTESIAN_POINT('',(1.962654305357E0,-2.387439389963E0,4.825515618439E0));
#9463=CARTESIAN_POINT('',(2.086026174304E0,-2.374321053516E0,5.020171932362E0));
#9464=CARTESIAN_POINT('',(2.200000007293E0,-2.054828065974E0,4.700678946484E0));
#9465=CARTESIAN_POINT('',(2.200000007484E0,-2.249484378094E0,4.687560610037E0));
#9466=CARTESIAN_POINT('',(2.200000005469E0,-2.387439389963E0,4.825515621906E0));
#9467=CARTESIAN_POINT('',(2.200000002626E0,-2.374321053516E0,5.020171934026E0));
#9468=CARTESIAN_POINT('',(2.516466359322E0,-2.054828065974E0,4.700678951107E0));
#9469=CARTESIAN_POINT('',(2.524780673623E0,-2.249484378094E0,4.687560614780E0));
#9470=CARTESIAN_POINT('',(2.437345705582E0,-2.387439389963E0,4.825515625372E0));
#9471=CARTESIAN_POINT('',(2.313973830949E0,-2.374321053516E0,5.020171935691E0));
#9472=CARTESIAN_POINT('',(2.728668249707E0,-2.054828065974E0,4.935458229758E0));
#9473=CARTESIAN_POINT('',(2.742557605904E0,-2.249484378094E0,4.928508096328E0));
#9474=CARTESIAN_POINT('',(2.596494398375E0,-2.387439389963E0,5.001597069438E0));
#9475=CARTESIAN_POINT('',(2.390397316951E0,-2.374321053516E0,5.104726559041E0));
#9476=CARTESIAN_POINT('',(2.696779659083E0,-2.054828065974E0,5.250313862954E0));
#9477=CARTESIAN_POINT('',(2.709831227132E0,-2.249484378094E0,5.251635726267E0));
#9478=CARTESIAN_POINT('',(2.572578364905E0,-2.387439389963E0,5.237734751109E0));
#9479=CARTESIAN_POINT('',(2.378912795042E0,-2.374321053516E0,5.218120294754E0));
#9480=(BOUNDED_SURFACE()B_SPLINE_SURFACE(3,3,((#9452,#9453,#9454,#9455),(#9456,
#9457,#9458,#9459),(#9460,#9461,#9462,#9463),(#9464,#9465,#9466,#9467),(#9468,
#9469,#9470,#9471),(#9472,#9473,#9474,#9475),(#9476,#9477,#9478,#9479)),
.UNSPECIFIED.,.F.,.F.,.F.)B_SPLINE_SURFACE_WITH_KNOTS((4,3,4),(4,4),(0.E0,1.E0,
2.E0),(0.E0,1.E0),.UNSPECIFIED.)GEOMETRIC_REPRESENTATION_ITEM()RATIONAL_B_SPLINE_SURFACE(((1.444209018411E0,1.114891605304E0,1.114891605304E0,1.444209018411E0),(
1.126998526385E0,8.700133985027E-1,8.700133985027E-1,1.126998526385E0),(
1.126998526385E0,8.700133985027E-1,8.700133985027E-1,1.126998526385E0),(
1.444209018411E0,1.114891605304E0,1.114891605304E0,1.444209018411E0),(
1.126998526385E0,8.700133985027E-1,8.700133985027E-1,1.126998526385E0),(
1.126998526385E0,8.700133985027E-1,8.700133985027E-1,1.126998526385E0),(
1.444209018411E0,1.114891605304E0,1.114891605304E0,1.444209018411E0)))REPRESENTATION_ITEM('')SURFACE());
#9481=ORIENTED_EDGE('',*,*,#9337,.T.);
#9483=ORIENTED_EDGE('',*,*,#9482,.T.);
#9485=ORIENTED_EDGE('',*,*,#9484,.F.);
#9487=ORIENTED_EDGE('',*,*,#9486,.F.);
#9488=EDGE_LOOP('',(#9481,#9483,#9485,#9487));
#9489=FACE_OUTER_BOUND('',#9488,.F.);
#9490=ADVANCED_FACE('',(#9489),#9480,.T.);
#9491=FILL_AREA_STYLE_COLOUR('',#8);
#9492=FILL_AREA_STYLE('',(#9491));
#9493=SURFACE_STYLE_FILL_AREA(#9492);
#9494=SURFACE_SIDE_STYLE('',(#9493));
#9495=SURFACE_STYLE_USAGE(.POSITIVE.,#9494);
#9496=PRESENTATION_STYLE_ASSIGNMENT((#9495));
#9497=STYLED_ITEM('',(#9496),#9490);
#9498=CARTESIAN_POINT('',(2.696779660553E0,-2.054828065974E0,5.149686151557E0));
#9499=CARTESIAN_POINT('',(2.709831228640E0,-2.249484378094E0,5.148364288625E0));
#9500=CARTESIAN_POINT('',(2.572578366007E0,-2.387439389963E0,5.162265259774E0));
#9501=CARTESIAN_POINT('',(2.378912795572E0,-2.374321053516E0,5.181879710472E0));
#9502=CARTESIAN_POINT('',(2.728668241980E0,-2.054828065974E0,5.464541785684E0));
#9503=CARTESIAN_POINT('',(2.742557597974E0,-2.249484378094E0,5.471491919520E0));
#9504=CARTESIAN_POINT('',(2.596494392580E0,-2.387439389963E0,5.398402942144E0));
#9505=CARTESIAN_POINT('',(2.390397314168E0,-2.374321053516E0,5.295273446521E0));
#9506=CARTESIAN_POINT('',(2.516466344737E0,-2.054828065974E0,5.699321058138E0));
#9507=CARTESIAN_POINT('',(2.524780658655E0,-2.249484378094E0,5.712439394707E0));
#9508=CARTESIAN_POINT('',(2.437345694643E0,-2.387439389963E0,5.574484381561E0));
#9509=CARTESIAN_POINT('',(2.313973825696E0,-2.374321053516E0,5.379828067638E0));
#9510=CARTESIAN_POINT('',(2.199999992707E0,-2.054828065974E0,5.699321053516E0));
#9511=CARTESIAN_POINT('',(2.199999992516E0,-2.249484378094E0,5.712439389963E0));
#9512=CARTESIAN_POINT('',(2.199999994531E0,-2.387439389963E0,5.574484378094E0));
#9513=CARTESIAN_POINT('',(2.199999997374E0,-2.374321053516E0,5.379828065974E0));
#9514=CARTESIAN_POINT('',(1.883533640678E0,-2.054828065974E0,5.699321048893E0));
#9515=CARTESIAN_POINT('',(1.875219326377E0,-2.249484378094E0,5.712439385220E0));
#9516=CARTESIAN_POINT('',(1.962654294418E0,-2.387439389963E0,5.574484374628E0));
#9517=CARTESIAN_POINT('',(2.086026169051E0,-2.374321053516E0,5.379828064309E0));
#9518=CARTESIAN_POINT('',(1.671331750293E0,-2.054828065974E0,5.464541770242E0));
#9519=CARTESIAN_POINT('',(1.657442394096E0,-2.249484378094E0,5.471491903672E0));
#9520=CARTESIAN_POINT('',(1.803505601625E0,-2.387439389963E0,5.398402930562E0));
#9521=CARTESIAN_POINT('',(2.009602683049E0,-2.374321053516E0,5.295273440959E0));
#9522=CARTESIAN_POINT('',(1.703220340917E0,-2.054828065974E0,5.149686137046E0));
#9523=CARTESIAN_POINT('',(1.690168772868E0,-2.249484378094E0,5.148364273733E0));
#9524=CARTESIAN_POINT('',(1.827421635095E0,-2.387439389963E0,5.162265248891E0));
#9525=CARTESIAN_POINT('',(2.021087204958E0,-2.374321053516E0,5.181879705246E0));
#9526=(BOUNDED_SURFACE()B_SPLINE_SURFACE(3,3,((#9498,#9499,#9500,#9501),(#9502,
#9503,#9504,#9505),(#9506,#9507,#9508,#9509),(#9510,#9511,#9512,#9513),(#9514,
#9515,#9516,#9517),(#9518,#9519,#9520,#9521),(#9522,#9523,#9524,#9525)),
.UNSPECIFIED.,.F.,.F.,.F.)B_SPLINE_SURFACE_WITH_KNOTS((4,3,4),(4,4),(0.E0,1.E0,
2.E0),(0.E0,1.E0),.UNSPECIFIED.)GEOMETRIC_REPRESENTATION_ITEM()RATIONAL_B_SPLINE_SURFACE(((1.444209018411E0,1.114891605304E0,1.114891605304E0,1.444209018411E0),(
1.126998526385E0,8.700133985027E-1,8.700133985027E-1,1.126998526385E0),(
1.126998526385E0,8.700133985027E-1,8.700133985027E-1,1.126998526385E0),(
1.444209018411E0,1.114891605304E0,1.114891605304E0,1.444209018411E0),(
1.126998526385E0,8.700133985027E-1,8.700133985027E-1,1.126998526385E0),(
1.126998526385E0,8.700133985027E-1,8.700133985027E-1,1.126998526385E0),(
1.444209018411E0,1.114891605304E0,1.114891605304E0,1.444209018411E0)))REPRESENTATION_ITEM('')SURFACE());
#9527=ORIENTED_EDGE('',*,*,#9339,.T.);
#9528=ORIENTED_EDGE('',*,*,#9486,.T.);
#9530=ORIENTED_EDGE('',*,*,#9529,.F.);
#9531=ORIENTED_EDGE('',*,*,#9482,.F.);
#9532=EDGE_LOOP('',(#9527,#9528,#9530,#9531));
#9533=FACE_OUTER_BOUND('',#9532,.F.);
#9534=ADVANCED_FACE('',(#9533),#9526,.T.);
#9535=FILL_AREA_STYLE_COLOUR('',#8);
#9536=FILL_AREA_STYLE('',(#9535));
#9537=SURFACE_STYLE_FILL_AREA(#9536);
#9538=SURFACE_SIDE_STYLE('',(#9537));
#9539=SURFACE_STYLE_USAGE(.POSITIVE.,#9538);
#9540=PRESENTATION_STYLE_ASSIGNMENT((#9539));
#9541=STYLED_ITEM('',(#9540),#9534);
#9542=CARTESIAN_POINT('',(2.2E0,-1.975E0,5.2E0));
#9543=DIRECTION('',(0.E0,-1.E0,0.E0));
#9544=DIRECTION('',(1.E0,0.E0,0.E0));
#9545=AXIS2_PLACEMENT_3D('',#9542,#9543,#9544);
#9546=CYLINDRICAL_SURFACE('',#9545,5.E-1);
#9547=ORIENTED_EDGE('',*,*,#9529,.T.);
#9549=ORIENTED_EDGE('',*,*,#9548,.F.);
#9550=ORIENTED_EDGE('',*,*,#9216,.F.);
#9552=ORIENTED_EDGE('',*,*,#9551,.T.);
#9553=EDGE_LOOP('',(#9547,#9549,#9550,#9552));
#9554=FACE_OUTER_BOUND('',#9553,.F.);
#9555=ADVANCED_FACE('',(#9554),#9546,.T.);
#9556=FILL_AREA_STYLE_COLOUR('',#8);
#9557=FILL_AREA_STYLE('',(#9556));
#9558=SURFACE_STYLE_FILL_AREA(#9557);
#9559=SURFACE_SIDE_STYLE('',(#9558));
#9560=SURFACE_STYLE_USAGE(.POSITIVE.,#9559);
#9561=PRESENTATION_STYLE_ASSIGNMENT((#9560));
#9562=STYLED_ITEM('',(#9561),#9555);
#9563=CARTESIAN_POINT('',(2.2E0,-1.975E0,5.2E0));
#9564=DIRECTION('',(0.E0,-1.E0,0.E0));
#9565=DIRECTION('',(1.E0,0.E0,0.E0));
#9566=AXIS2_PLACEMENT_3D('',#9563,#9564,#9565);
#9567=CYLINDRICAL_SURFACE('',#9566,5.E-1);
#9568=ORIENTED_EDGE('',*,*,#9484,.T.);
#9569=ORIENTED_EDGE('',*,*,#9551,.F.);
#9570=ORIENTED_EDGE('',*,*,#9218,.F.);
#9571=ORIENTED_EDGE('',*,*,#9548,.T.);
#9572=EDGE_LOOP('',(#9568,#9569,#9570,#9571));
#9573=FACE_OUTER_BOUND('',#9572,.F.);
#9574=ADVANCED_FACE('',(#9573),#9567,.T.);
#9575=FILL_AREA_STYLE_COLOUR('',#8);
#9576=FILL_AREA_STYLE('',(#9575));
#9577=SURFACE_STYLE_FILL_AREA(#9576);
#9578=SURFACE_SIDE_STYLE('',(#9577));
#9579=SURFACE_STYLE_USAGE(.POSITIVE.,#9578);
#9580=PRESENTATION_STYLE_ASSIGNMENT((#9579));
#9581=STYLED_ITEM('',(#9580),#9574);
#9582=CARTESIAN_POINT('',(-1.703220339447E0,-2.054828065974E0,
7.496861515571E-1));
#9583=CARTESIAN_POINT('',(-1.690168771360E0,-2.249484378094E0,
7.483642886251E-1));
#9584=CARTESIAN_POINT('',(-1.827421633993E0,-2.387439389963E0,
7.622652597743E-1));
#9585=CARTESIAN_POINT('',(-2.021087204428E0,-2.374321053516E0,
7.818797104719E-1));
#9586=CARTESIAN_POINT('',(-1.671331758020E0,-2.054828065974E0,
1.064541785684E0));
#9587=CARTESIAN_POINT('',(-1.657442402026E0,-2.249484378094E0,
1.071491919520E0));
#9588=CARTESIAN_POINT('',(-1.803505607420E0,-2.387439389963E0,
9.984029421440E-1));
#9589=CARTESIAN_POINT('',(-2.009602685832E0,-2.374321053516E0,
8.952734465208E-1));
#9590=CARTESIAN_POINT('',(-1.883533655263E0,-2.054828065974E0,
1.299321058138E0));
#9591=CARTESIAN_POINT('',(-1.875219341345E0,-2.249484378094E0,
1.312439394707E0));
#9592=CARTESIAN_POINT('',(-1.962654305357E0,-2.387439389963E0,
1.174484381561E0));
#9593=CARTESIAN_POINT('',(-2.086026174304E0,-2.374321053516E0,
9.798280676382E-1));
#9594=CARTESIAN_POINT('',(-2.200000007293E0,-2.054828065974E0,
1.299321053516E0));
#9595=CARTESIAN_POINT('',(-2.200000007484E0,-2.249484378094E0,
1.312439389963E0));
#9596=CARTESIAN_POINT('',(-2.200000005469E0,-2.387439389963E0,
1.174484378094E0));
#9597=CARTESIAN_POINT('',(-2.200000002626E0,-2.374321053516E0,
9.798280659736E-1));
#9598=CARTESIAN_POINT('',(-2.516466359322E0,-2.054828065974E0,
1.299321048893E0));
#9599=CARTESIAN_POINT('',(-2.524780673623E0,-2.249484378094E0,
1.312439385220E0));
#9600=CARTESIAN_POINT('',(-2.437345705582E0,-2.387439389963E0,
1.174484374628E0));
#9601=CARTESIAN_POINT('',(-2.313973830949E0,-2.374321053516E0,
9.798280643090E-1));
#9602=CARTESIAN_POINT('',(-2.728668249707E0,-2.054828065974E0,
1.064541770242E0));
#9603=CARTESIAN_POINT('',(-2.742557605904E0,-2.249484378094E0,
1.071491903672E0));
#9604=CARTESIAN_POINT('',(-2.596494398375E0,-2.387439389963E0,
9.984029305623E-1));
#9605=CARTESIAN_POINT('',(-2.390397316951E0,-2.374321053516E0,
8.952734409592E-1));
#9606=CARTESIAN_POINT('',(-2.696779659083E0,-2.054828065974E0,
7.496861370460E-1));
#9607=CARTESIAN_POINT('',(-2.709831227132E0,-2.249484378094E0,
7.483642737327E-1));
#9608=CARTESIAN_POINT('',(-2.572578364905E0,-2.387439389963E0,
7.622652488911E-1));
#9609=CARTESIAN_POINT('',(-2.378912795042E0,-2.374321053516E0,
7.818797052458E-1));
#9610=(BOUNDED_SURFACE()B_SPLINE_SURFACE(3,3,((#9582,#9583,#9584,#9585),(#9586,
#9587,#9588,#9589),(#9590,#9591,#9592,#9593),(#9594,#9595,#9596,#9597),(#9598,
#9599,#9600,#9601),(#9602,#9603,#9604,#9605),(#9606,#9607,#9608,#9609)),
.UNSPECIFIED.,.F.,.F.,.F.)B_SPLINE_SURFACE_WITH_KNOTS((4,3,4),(4,4),(0.E0,1.E0,
2.E0),(0.E0,1.E0),.UNSPECIFIED.)GEOMETRIC_REPRESENTATION_ITEM()RATIONAL_B_SPLINE_SURFACE(((1.444209018411E0,1.114891605304E0,1.114891605304E0,1.444209018411E0),(
1.126998526385E0,8.700133985027E-1,8.700133985027E-1,1.126998526385E0),(
1.126998526385E0,8.700133985027E-1,8.700133985027E-1,1.126998526385E0),(
1.444209018411E0,1.114891605304E0,1.114891605304E0,1.444209018411E0),(
1.126998526385E0,8.700133985027E-1,8.700133985027E-1,1.126998526385E0),(
1.126998526385E0,8.700133985027E-1,8.700133985027E-1,1.126998526385E0),(
1.444209018411E0,1.114891605304E0,1.114891605304E0,1.444209018411E0)))REPRESENTATION_ITEM('')SURFACE());
#9611=ORIENTED_EDGE('',*,*,#9356,.T.);
#9613=ORIENTED_EDGE('',*,*,#9612,.T.);
#9615=ORIENTED_EDGE('',*,*,#9614,.F.);
#9617=ORIENTED_EDGE('',*,*,#9616,.F.);
#9618=EDGE_LOOP('',(#9611,#9613,#9615,#9617));
#9619=FACE_OUTER_BOUND('',#9618,.F.);
#9620=ADVANCED_FACE('',(#9619),#9610,.T.);
#9621=FILL_AREA_STYLE_COLOUR('',#8);
#9622=FILL_AREA_STYLE('',(#9621));
#9623=SURFACE_STYLE_FILL_AREA(#9622);
#9624=SURFACE_SIDE_STYLE('',(#9623));
#9625=SURFACE_STYLE_USAGE(.POSITIVE.,#9624);
#9626=PRESENTATION_STYLE_ASSIGNMENT((#9625));
#9627=STYLED_ITEM('',(#9626),#9620);
#9628=CARTESIAN_POINT('',(-2.696779660553E0,-2.054828065974E0,
8.503138484428E-1));
#9629=CARTESIAN_POINT('',(-2.709831228640E0,-2.249484378094E0,
8.516357113749E-1));
#9630=CARTESIAN_POINT('',(-2.572578366007E0,-2.387439389963E0,
8.377347402257E-1));
#9631=CARTESIAN_POINT('',(-2.378912795572E0,-2.374321053516E0,
8.181202895281E-1));
#9632=CARTESIAN_POINT('',(-2.728668241980E0,-2.054828065974E0,
5.354582143157E-1));
#9633=CARTESIAN_POINT('',(-2.742557597974E0,-2.249484378094E0,
5.285080804797E-1));
#9634=CARTESIAN_POINT('',(-2.596494392580E0,-2.387439389963E0,
6.015970578560E-1));
#9635=CARTESIAN_POINT('',(-2.390397314168E0,-2.374321053516E0,
7.047265534792E-1));
#9636=CARTESIAN_POINT('',(-2.516466344737E0,-2.054828065974E0,
3.006789418624E-1));
#9637=CARTESIAN_POINT('',(-2.524780658655E0,-2.249484378094E0,
2.875606052932E-1));
#9638=CARTESIAN_POINT('',(-2.437345694643E0,-2.387439389963E0,
4.255156184393E-1));
#9639=CARTESIAN_POINT('',(-2.313973825696E0,-2.374321053516E0,
6.201719323618E-1));
#9640=CARTESIAN_POINT('',(-2.199999992707E0,-2.054828065974E0,
3.006789464845E-1));
#9641=CARTESIAN_POINT('',(-2.199999992516E0,-2.249484378094E0,
2.875606100367E-1));
#9642=CARTESIAN_POINT('',(-2.199999994531E0,-2.387439389963E0,
4.255156219057E-1));
#9643=CARTESIAN_POINT('',(-2.199999997374E0,-2.374321053516E0,
6.201719340264E-1));
#9644=CARTESIAN_POINT('',(-1.883533640678E0,-2.054828065974E0,
3.006789511065E-1));
#9645=CARTESIAN_POINT('',(-1.875219326377E0,-2.249484378094E0,
2.875606147802E-1));
#9646=CARTESIAN_POINT('',(-1.962654294418E0,-2.387439389963E0,
4.255156253722E-1));
#9647=CARTESIAN_POINT('',(-2.086026169051E0,-2.374321053516E0,
6.201719356910E-1));
#9648=CARTESIAN_POINT('',(-1.671331750293E0,-2.054828065974E0,
5.354582297583E-1));
#9649=CARTESIAN_POINT('',(-1.657442394096E0,-2.249484378094E0,
5.285080963280E-1));
#9650=CARTESIAN_POINT('',(-1.803505601625E0,-2.387439389963E0,
6.015970694377E-1));
#9651=CARTESIAN_POINT('',(-2.009602683049E0,-2.374321053516E0,
7.047265590408E-1));
#9652=CARTESIAN_POINT('',(-1.703220340917E0,-2.054828065974E0,
8.503138629540E-1));
#9653=CARTESIAN_POINT('',(-1.690168772868E0,-2.249484378094E0,
8.516357262673E-1));
#9654=CARTESIAN_POINT('',(-1.827421635095E0,-2.387439389963E0,
8.377347511089E-1));
#9655=CARTESIAN_POINT('',(-2.021087204958E0,-2.374321053516E0,
8.181202947542E-1));
#9656=(BOUNDED_SURFACE()B_SPLINE_SURFACE(3,3,((#9628,#9629,#9630,#9631),(#9632,
#9633,#9634,#9635),(#9636,#9637,#9638,#9639),(#9640,#9641,#9642,#9643),(#9644,
#9645,#9646,#9647),(#9648,#9649,#9650,#9651),(#9652,#9653,#9654,#9655)),
.UNSPECIFIED.,.F.,.F.,.F.)B_SPLINE_SURFACE_WITH_KNOTS((4,3,4),(4,4),(0.E0,1.E0,
2.E0),(0.E0,1.E0),.UNSPECIFIED.)GEOMETRIC_REPRESENTATION_ITEM()RATIONAL_B_SPLINE_SURFACE(((1.444209018411E0,1.114891605304E0,1.114891605304E0,1.444209018411E0),(
1.126998526385E0,8.700133985027E-1,8.700133985027E-1,1.126998526385E0),(
1.126998526385E0,8.700133985027E-1,8.700133985027E-1,1.126998526385E0),(
1.444209018411E0,1.114891605304E0,1.114891605304E0,1.444209018411E0),(
1.126998526385E0,8.700133985027E-1,8.700133985027E-1,1.126998526385E0),(
1.126998526385E0,8.700133985027E-1,8.700133985027E-1,1.126998526385E0),(
1.444209018411E0,1.114891605304E0,1.114891605304E0,1.444209018411E0)))REPRESENTATION_ITEM('')SURFACE());
#9657=ORIENTED_EDGE('',*,*,#9358,.T.);
#9658=ORIENTED_EDGE('',*,*,#9616,.T.);
#9660=ORIENTED_EDGE('',*,*,#9659,.F.);
#9661=ORIENTED_EDGE('',*,*,#9612,.F.);
#9662=EDGE_LOOP('',(#9657,#9658,#9660,#9661));
#9663=FACE_OUTER_BOUND('',#9662,.F.);
#9664=ADVANCED_FACE('',(#9663),#9656,.T.);
#9665=FILL_AREA_STYLE_COLOUR('',#8);
#9666=FILL_AREA_STYLE('',(#9665));
#9667=SURFACE_STYLE_FILL_AREA(#9666);
#9668=SURFACE_SIDE_STYLE('',(#9667));
#9669=SURFACE_STYLE_USAGE(.POSITIVE.,#9668);
#9670=PRESENTATION_STYLE_ASSIGNMENT((#9669));
#9671=STYLED_ITEM('',(#9670),#9664);
#9672=CARTESIAN_POINT('',(-2.2E0,-1.975E0,8.E-1));
#9673=DIRECTION('',(0.E0,-1.E0,0.E0));
#9674=DIRECTION('',(1.E0,0.E0,0.E0));
#9675=AXIS2_PLACEMENT_3D('',#9672,#9673,#9674);
#9676=CYLINDRICAL_SURFACE('',#9675,5.E-1);
#9677=ORIENTED_EDGE('',*,*,#9659,.T.);
#9679=ORIENTED_EDGE('',*,*,#9678,.F.);
#9680=ORIENTED_EDGE('',*,*,#9224,.F.);
#9682=ORIENTED_EDGE('',*,*,#9681,.T.);
#9683=EDGE_LOOP('',(#9677,#9679,#9680,#9682));
#9684=FACE_OUTER_BOUND('',#9683,.F.);
#9685=ADVANCED_FACE('',(#9684),#9676,.T.);
#9686=FILL_AREA_STYLE_COLOUR('',#8);
#9687=FILL_AREA_STYLE('',(#9686));
#9688=SURFACE_STYLE_FILL_AREA(#9687);
#9689=SURFACE_SIDE_STYLE('',(#9688));
#9690=SURFACE_STYLE_USAGE(.POSITIVE.,#9689);
#9691=PRESENTATION_STYLE_ASSIGNMENT((#9690));
#9692=STYLED_ITEM('',(#9691),#9685);
#9693=CARTESIAN_POINT('',(-2.2E0,-1.975E0,8.E-1));
#9694=DIRECTION('',(0.E0,-1.E0,0.E0));
#9695=DIRECTION('',(1.E0,0.E0,0.E0));
#9696=AXIS2_PLACEMENT_3D('',#9693,#9694,#9695);
#9697=CYLINDRICAL_SURFACE('',#9696,5.E-1);
#9698=ORIENTED_EDGE('',*,*,#9614,.T.);
#9699=ORIENTED_EDGE('',*,*,#9681,.F.);
#9700=ORIENTED_EDGE('',*,*,#9222,.F.);
#9701=ORIENTED_EDGE('',*,*,#9678,.T.);
#9702=EDGE_LOOP('',(#9698,#9699,#9700,#9701));
#9703=FACE_OUTER_BOUND('',#9702,.F.);
#9704=ADVANCED_FACE('',(#9703),#9697,.T.);
#9705=FILL_AREA_STYLE_COLOUR('',#8);
#9706=FILL_AREA_STYLE('',(#9705));
#9707=SURFACE_STYLE_FILL_AREA(#9706);
#9708=SURFACE_SIDE_STYLE('',(#9707));
#9709=SURFACE_STYLE_USAGE(.POSITIVE.,#9708);
#9710=PRESENTATION_STYLE_ASSIGNMENT((#9709));
#9711=STYLED_ITEM('',(#9710),#9704);
#9712=CARTESIAN_POINT('',(1.703220339447E0,-2.054828065974E0,
8.503138484428E-1));
#9713=CARTESIAN_POINT('',(1.690168771360E0,-2.249484378094E0,
8.516357113749E-1));
#9714=CARTESIAN_POINT('',(1.827421633993E0,-2.387439389963E0,
8.377347402257E-1));
#9715=CARTESIAN_POINT('',(2.021087204428E0,-2.374321053516E0,
8.181202895281E-1));
#9716=CARTESIAN_POINT('',(1.671331758020E0,-2.054828065974E0,
5.354582143157E-1));
#9717=CARTESIAN_POINT('',(1.657442402026E0,-2.249484378094E0,
5.285080804797E-1));
#9718=CARTESIAN_POINT('',(1.803505607420E0,-2.387439389963E0,
6.015970578560E-1));
#9719=CARTESIAN_POINT('',(2.009602685832E0,-2.374321053516E0,
7.047265534792E-1));
#9720=CARTESIAN_POINT('',(1.883533655263E0,-2.054828065974E0,
3.006789418624E-1));
#9721=CARTESIAN_POINT('',(1.875219341345E0,-2.249484378094E0,
2.875606052932E-1));
#9722=CARTESIAN_POINT('',(1.962654305357E0,-2.387439389963E0,
4.255156184393E-1));
#9723=CARTESIAN_POINT('',(2.086026174304E0,-2.374321053516E0,
6.201719323618E-1));
#9724=CARTESIAN_POINT('',(2.200000007293E0,-2.054828065974E0,
3.006789464845E-1));
#9725=CARTESIAN_POINT('',(2.200000007484E0,-2.249484378094E0,
2.875606100367E-1));
#9726=CARTESIAN_POINT('',(2.200000005469E0,-2.387439389963E0,
4.255156219057E-1));
#9727=CARTESIAN_POINT('',(2.200000002626E0,-2.374321053516E0,
6.201719340264E-1));
#9728=CARTESIAN_POINT('',(2.516466359322E0,-2.054828065974E0,
3.006789511065E-1));
#9729=CARTESIAN_POINT('',(2.524780673623E0,-2.249484378094E0,
2.875606147802E-1));
#9730=CARTESIAN_POINT('',(2.437345705582E0,-2.387439389963E0,
4.255156253722E-1));
#9731=CARTESIAN_POINT('',(2.313973830949E0,-2.374321053516E0,
6.201719356910E-1));
#9732=CARTESIAN_POINT('',(2.728668249707E0,-2.054828065974E0,
5.354582297583E-1));
#9733=CARTESIAN_POINT('',(2.742557605904E0,-2.249484378094E0,
5.285080963280E-1));
#9734=CARTESIAN_POINT('',(2.596494398375E0,-2.387439389963E0,
6.015970694377E-1));
#9735=CARTESIAN_POINT('',(2.390397316951E0,-2.374321053516E0,
7.047265590408E-1));
#9736=CARTESIAN_POINT('',(2.696779659083E0,-2.054828065974E0,
8.503138629540E-1));
#9737=CARTESIAN_POINT('',(2.709831227132E0,-2.249484378094E0,
8.516357262673E-1));
#9738=CARTESIAN_POINT('',(2.572578364905E0,-2.387439389963E0,
8.377347511089E-1));
#9739=CARTESIAN_POINT('',(2.378912795042E0,-2.374321053516E0,
8.181202947542E-1));
#9740=(BOUNDED_SURFACE()B_SPLINE_SURFACE(3,3,((#9712,#9713,#9714,#9715),(#9716,
#9717,#9718,#9719),(#9720,#9721,#9722,#9723),(#9724,#9725,#9726,#9727),(#9728,
#9729,#9730,#9731),(#9732,#9733,#9734,#9735),(#9736,#9737,#9738,#9739)),
.UNSPECIFIED.,.F.,.F.,.F.)B_SPLINE_SURFACE_WITH_KNOTS((4,3,4),(4,4),(0.E0,1.E0,
2.E0),(0.E0,1.E0),.UNSPECIFIED.)GEOMETRIC_REPRESENTATION_ITEM()RATIONAL_B_SPLINE_SURFACE(((1.444209018411E0,1.114891605304E0,1.114891605304E0,1.444209018411E0),(
1.126998526385E0,8.700133985027E-1,8.700133985027E-1,1.126998526385E0),(
1.126998526385E0,8.700133985027E-1,8.700133985027E-1,1.126998526385E0),(
1.444209018411E0,1.114891605304E0,1.114891605304E0,1.444209018411E0),(
1.126998526385E0,8.700133985027E-1,8.700133985027E-1,1.126998526385E0),(
1.126998526385E0,8.700133985027E-1,8.700133985027E-1,1.126998526385E0),(
1.444209018411E0,1.114891605304E0,1.114891605304E0,1.444209018411E0)))REPRESENTATION_ITEM('')SURFACE());
#9741=ORIENTED_EDGE('',*,*,#9375,.T.);
#9743=ORIENTED_EDGE('',*,*,#9742,.T.);
#9745=ORIENTED_EDGE('',*,*,#9744,.F.);
#9747=ORIENTED_EDGE('',*,*,#9746,.F.);
#9748=EDGE_LOOP('',(#9741,#9743,#9745,#9747));
#9749=FACE_OUTER_BOUND('',#9748,.F.);
#9750=ADVANCED_FACE('',(#9749),#9740,.T.);
#9751=FILL_AREA_STYLE_COLOUR('',#8);
#9752=FILL_AREA_STYLE('',(#9751));
#9753=SURFACE_STYLE_FILL_AREA(#9752);
#9754=SURFACE_SIDE_STYLE('',(#9753));
#9755=SURFACE_STYLE_USAGE(.POSITIVE.,#9754);
#9756=PRESENTATION_STYLE_ASSIGNMENT((#9755));
#9757=STYLED_ITEM('',(#9756),#9750);
#9758=CARTESIAN_POINT('',(2.696779660553E0,-2.054828065974E0,
7.496861515571E-1));
#9759=CARTESIAN_POINT('',(2.709831228640E0,-2.249484378094E0,
7.483642886251E-1));
#9760=CARTESIAN_POINT('',(2.572578366007E0,-2.387439389963E0,
7.622652597743E-1));
#9761=CARTESIAN_POINT('',(2.378912795572E0,-2.374321053516E0,
7.818797104719E-1));
#9762=CARTESIAN_POINT('',(2.728668241980E0,-2.054828065974E0,1.064541785684E0));
#9763=CARTESIAN_POINT('',(2.742557597974E0,-2.249484378094E0,1.071491919520E0));
#9764=CARTESIAN_POINT('',(2.596494392580E0,-2.387439389963E0,
9.984029421440E-1));
#9765=CARTESIAN_POINT('',(2.390397314168E0,-2.374321053516E0,
8.952734465208E-1));
#9766=CARTESIAN_POINT('',(2.516466344737E0,-2.054828065974E0,1.299321058138E0));
#9767=CARTESIAN_POINT('',(2.524780658655E0,-2.249484378094E0,1.312439394707E0));
#9768=CARTESIAN_POINT('',(2.437345694643E0,-2.387439389963E0,1.174484381561E0));
#9769=CARTESIAN_POINT('',(2.313973825696E0,-2.374321053516E0,
9.798280676382E-1));
#9770=CARTESIAN_POINT('',(2.199999992707E0,-2.054828065974E0,1.299321053516E0));
#9771=CARTESIAN_POINT('',(2.199999992516E0,-2.249484378094E0,1.312439389963E0));
#9772=CARTESIAN_POINT('',(2.199999994531E0,-2.387439389963E0,1.174484378094E0));
#9773=CARTESIAN_POINT('',(2.199999997374E0,-2.374321053516E0,
9.798280659736E-1));
#9774=CARTESIAN_POINT('',(1.883533640678E0,-2.054828065974E0,1.299321048893E0));
#9775=CARTESIAN_POINT('',(1.875219326377E0,-2.249484378094E0,1.312439385220E0));
#9776=CARTESIAN_POINT('',(1.962654294418E0,-2.387439389963E0,1.174484374628E0));
#9777=CARTESIAN_POINT('',(2.086026169051E0,-2.374321053516E0,
9.798280643090E-1));
#9778=CARTESIAN_POINT('',(1.671331750293E0,-2.054828065974E0,1.064541770242E0));
#9779=CARTESIAN_POINT('',(1.657442394096E0,-2.249484378094E0,1.071491903672E0));
#9780=CARTESIAN_POINT('',(1.803505601625E0,-2.387439389963E0,
9.984029305623E-1));
#9781=CARTESIAN_POINT('',(2.009602683049E0,-2.374321053516E0,
8.952734409592E-1));
#9782=CARTESIAN_POINT('',(1.703220340917E0,-2.054828065974E0,
7.496861370460E-1));
#9783=CARTESIAN_POINT('',(1.690168772868E0,-2.249484378094E0,
7.483642737327E-1));
#9784=CARTESIAN_POINT('',(1.827421635095E0,-2.387439389963E0,
7.622652488911E-1));
#9785=CARTESIAN_POINT('',(2.021087204958E0,-2.374321053516E0,
7.818797052458E-1));
#9786=(BOUNDED_SURFACE()B_SPLINE_SURFACE(3,3,((#9758,#9759,#9760,#9761),(#9762,
#9763,#9764,#9765),(#9766,#9767,#9768,#9769),(#9770,#9771,#9772,#9773),(#9774,
#9775,#9776,#9777),(#9778,#9779,#9780,#9781),(#9782,#9783,#9784,#9785)),
.UNSPECIFIED.,.F.,.F.,.F.)B_SPLINE_SURFACE_WITH_KNOTS((4,3,4),(4,4),(0.E0,1.E0,
2.E0),(0.E0,1.E0),.UNSPECIFIED.)GEOMETRIC_REPRESENTATION_ITEM()RATIONAL_B_SPLINE_SURFACE(((1.444209018411E0,1.114891605304E0,1.114891605304E0,1.444209018411E0),(
1.126998526385E0,8.700133985027E-1,8.700133985027E-1,1.126998526385E0),(
1.126998526385E0,8.700133985027E-1,8.700133985027E-1,1.126998526385E0),(
1.444209018411E0,1.114891605304E0,1.114891605304E0,1.444209018411E0),(
1.126998526385E0,8.700133985027E-1,8.700133985027E-1,1.126998526385E0),(
1.126998526385E0,8.700133985027E-1,8.700133985027E-1,1.126998526385E0),(
1.444209018411E0,1.114891605304E0,1.114891605304E0,1.444209018411E0)))REPRESENTATION_ITEM('')SURFACE());
#9787=ORIENTED_EDGE('',*,*,#9377,.T.);
#9788=ORIENTED_EDGE('',*,*,#9746,.T.);
#9790=ORIENTED_EDGE('',*,*,#9789,.F.);
#9791=ORIENTED_EDGE('',*,*,#9742,.F.);
#9792=EDGE_LOOP('',(#9787,#9788,#9790,#9791));
#9793=FACE_OUTER_BOUND('',#9792,.F.);
#9794=ADVANCED_FACE('',(#9793),#9786,.T.);
#9795=FILL_AREA_STYLE_COLOUR('',#8);
#9796=FILL_AREA_STYLE('',(#9795));
#9797=SURFACE_STYLE_FILL_AREA(#9796);
#9798=SURFACE_SIDE_STYLE('',(#9797));
#9799=SURFACE_STYLE_USAGE(.POSITIVE.,#9798);
#9800=PRESENTATION_STYLE_ASSIGNMENT((#9799));
#9801=STYLED_ITEM('',(#9800),#9794);
#9802=CARTESIAN_POINT('',(2.2E0,-1.975E0,8.E-1));
#9803=DIRECTION('',(0.E0,-1.E0,0.E0));
#9804=DIRECTION('',(1.E0,0.E0,0.E0));
#9805=AXIS2_PLACEMENT_3D('',#9802,#9803,#9804);
#9806=CYLINDRICAL_SURFACE('',#9805,5.E-1);
#9807=ORIENTED_EDGE('',*,*,#9789,.T.);
#9809=ORIENTED_EDGE('',*,*,#9808,.F.);
#9810=ORIENTED_EDGE('',*,*,#9228,.F.);
#9812=ORIENTED_EDGE('',*,*,#9811,.T.);
#9813=EDGE_LOOP('',(#9807,#9809,#9810,#9812));
#9814=FACE_OUTER_BOUND('',#9813,.F.);
#9815=ADVANCED_FACE('',(#9814),#9806,.T.);
#9816=FILL_AREA_STYLE_COLOUR('',#8);
#9817=FILL_AREA_STYLE('',(#9816));
#9818=SURFACE_STYLE_FILL_AREA(#9817);
#9819=SURFACE_SIDE_STYLE('',(#9818));
#9820=SURFACE_STYLE_USAGE(.POSITIVE.,#9819);
#9821=PRESENTATION_STYLE_ASSIGNMENT((#9820));
#9822=STYLED_ITEM('',(#9821),#9815);
#9823=CARTESIAN_POINT('',(2.2E0,-1.975E0,8.E-1));
#9824=DIRECTION('',(0.E0,-1.E0,0.E0));
#9825=DIRECTION('',(1.E0,0.E0,0.E0));
#9826=AXIS2_PLACEMENT_3D('',#9823,#9824,#9825);
#9827=CYLINDRICAL_SURFACE('',#9826,5.E-1);
#9828=ORIENTED_EDGE('',*,*,#9744,.T.);
#9829=ORIENTED_EDGE('',*,*,#9811,.F.);
#9830=ORIENTED_EDGE('',*,*,#9230,.F.);
#9831=ORIENTED_EDGE('',*,*,#9808,.T.);
#9832=EDGE_LOOP('',(#9828,#9829,#9830,#9831));
#9833=FACE_OUTER_BOUND('',#9832,.F.);
#9834=ADVANCED_FACE('',(#9833),#9827,.T.);
#9835=FILL_AREA_STYLE_COLOUR('',#8);
#9836=FILL_AREA_STYLE('',(#9835));
#9837=SURFACE_STYLE_FILL_AREA(#9836);
#9838=SURFACE_SIDE_STYLE('',(#9837));
#9839=SURFACE_STYLE_USAGE(.POSITIVE.,#9838);
#9840=PRESENTATION_STYLE_ASSIGNMENT((#9839));
#9841=STYLED_ITEM('',(#9840),#9834);
#9842=CARTESIAN_POINT('',(3.25E0,-1.575E0,1.96878E1));
#9843=DIRECTION('',(0.E0,0.E0,-1.E0));
#9844=DIRECTION('',(1.E0,0.E0,0.E0));
#9845=AXIS2_PLACEMENT_3D('',#9842,#9843,#9844);
#9846=CYLINDRICAL_SURFACE('',#9845,4.E-1);
#9848=ORIENTED_EDGE('',*,*,#9847,.T.);
#9849=ORIENTED_EDGE('',*,*,#9186,.F.);
#9851=ORIENTED_EDGE('',*,*,#9850,.T.);
#9853=ORIENTED_EDGE('',*,*,#9852,.T.);
#9854=EDGE_LOOP('',(#9848,#9849,#9851,#9853));
#9855=FACE_OUTER_BOUND('',#9854,.F.);
#9856=ADVANCED_FACE('',(#9855),#9846,.T.);
#9857=FILL_AREA_STYLE_COLOUR('',#22);
#9858=FILL_AREA_STYLE('',(#9857));
#9859=SURFACE_STYLE_FILL_AREA(#9858);
#9860=SURFACE_SIDE_STYLE('',(#9859));
#9861=SURFACE_STYLE_USAGE(.POSITIVE.,#9860);
#9862=PRESENTATION_STYLE_ASSIGNMENT((#9861));
#9863=STYLED_ITEM('',(#9862),#9856);
#9864=CARTESIAN_POINT('',(3.1E0,-1.975E0,8.25E-1));
#9865=DIRECTION('',(0.E0,0.E0,-1.E0));
#9866=DIRECTION('',(0.E0,1.E0,0.E0));
#9867=AXIS2_PLACEMENT_3D('',#9864,#9865,#9866);
#9868=PLANE('',#9867);
#9869=ORIENTED_EDGE('',*,*,#9847,.F.);
#9871=ORIENTED_EDGE('',*,*,#9870,.T.);
#9873=ORIENTED_EDGE('',*,*,#9872,.T.);
#9875=ORIENTED_EDGE('',*,*,#9874,.F.);
#9876=ORIENTED_EDGE('',*,*,#9110,.F.);
#9878=ORIENTED_EDGE('',*,*,#9877,.T.);
#9879=ORIENTED_EDGE('',*,*,#9188,.T.);
#9880=EDGE_LOOP('',(#9869,#9871,#9873,#9875,#9876,#9878,#9879));
#9881=FACE_OUTER_BOUND('',#9880,.F.);
#9882=ADVANCED_FACE('',(#9881),#9868,.T.);
#9883=FILL_AREA_STYLE_COLOUR('',#22);
#9884=FILL_AREA_STYLE('',(#9883));
#9885=SURFACE_STYLE_FILL_AREA(#9884);
#9886=SURFACE_SIDE_STYLE('',(#9885));
#9887=SURFACE_STYLE_USAGE(.POSITIVE.,#9886);
#9888=PRESENTATION_STYLE_ASSIGNMENT((#9887));
#9889=STYLED_ITEM('',(#9888),#9882);
#9890=CARTESIAN_POINT('',(3.65E0,-1.575E0,0.E0));
#9891=DIRECTION('',(1.E0,0.E0,0.E0));
#9892=DIRECTION('',(0.E0,1.E0,0.E0));
#9893=AXIS2_PLACEMENT_3D('',#9890,#9891,#9892);
#9894=PLANE('',#9893);
#9895=ORIENTED_EDGE('',*,*,#9852,.F.);
#9897=ORIENTED_EDGE('',*,*,#9896,.F.);
#9899=ORIENTED_EDGE('',*,*,#9898,.F.);
#9901=ORIENTED_EDGE('',*,*,#9900,.F.);
#9903=ORIENTED_EDGE('',*,*,#9902,.F.);
#9905=ORIENTED_EDGE('',*,*,#9904,.F.);
#9907=ORIENTED_EDGE('',*,*,#9906,.F.);
#9909=ORIENTED_EDGE('',*,*,#9908,.F.);
#9911=ORIENTED_EDGE('',*,*,#9910,.F.);
#9913=ORIENTED_EDGE('',*,*,#9912,.F.);
#9915=ORIENTED_EDGE('',*,*,#9914,.T.);
#9917=ORIENTED_EDGE('',*,*,#9916,.T.);
#9919=ORIENTED_EDGE('',*,*,#9918,.T.);
#9921=ORIENTED_EDGE('',*,*,#9920,.F.);
#9923=ORIENTED_EDGE('',*,*,#9922,.F.);
#9925=ORIENTED_EDGE('',*,*,#9924,.F.);
#9927=ORIENTED_EDGE('',*,*,#9926,.F.);
#9929=ORIENTED_EDGE('',*,*,#9928,.F.);
#9931=ORIENTED_EDGE('',*,*,#9930,.F.);
#9933=ORIENTED_EDGE('',*,*,#9932,.F.);
#9934=ORIENTED_EDGE('',*,*,#9870,.F.);
#9935=EDGE_LOOP('',(#9895,#9897,#9899,#9901,#9903,#9905,#9907,#9909,#9911,#9913,
#9915,#9917,#9919,#9921,#9923,#9925,#9927,#9929,#9931,#9933,#9934));
#9936=FACE_OUTER_BOUND('',#9935,.F.);
#9937=ADVANCED_FACE('',(#9936),#9894,.T.);
#9938=FILL_AREA_STYLE_COLOUR('',#22);
#9939=FILL_AREA_STYLE('',(#9938));
#9940=SURFACE_STYLE_FILL_AREA(#9939);
#9941=SURFACE_SIDE_STYLE('',(#9940));
#9942=SURFACE_STYLE_USAGE(.POSITIVE.,#9941);
#9943=PRESENTATION_STYLE_ASSIGNMENT((#9942));
#9944=STYLED_ITEM('',(#9943),#9937);
#9945=CARTESIAN_POINT('',(3.1E0,-1.575E0,3.825E0));
#9946=DIRECTION('',(0.E0,0.E0,1.E0));
#9947=DIRECTION('',(0.E0,-1.E0,0.E0));
#9948=AXIS2_PLACEMENT_3D('',#9945,#9946,#9947);
#9949=PLANE('',#9948);
#9950=ORIENTED_EDGE('',*,*,#9850,.F.);
#9951=ORIENTED_EDGE('',*,*,#9206,.F.);
#9953=ORIENTED_EDGE('',*,*,#9952,.F.);
#9954=ORIENTED_EDGE('',*,*,#9114,.T.);
#9956=ORIENTED_EDGE('',*,*,#9955,.F.);
#9958=ORIENTED_EDGE('',*,*,#9957,.F.);
#9960=ORIENTED_EDGE('',*,*,#9959,.F.);
#9962=ORIENTED_EDGE('',*,*,#9961,.F.);
#9964=ORIENTED_EDGE('',*,*,#9963,.T.);
#9966=ORIENTED_EDGE('',*,*,#9965,.F.);
#9967=ORIENTED_EDGE('',*,*,#9896,.T.);
#9968=EDGE_LOOP('',(#9950,#9951,#9953,#9954,#9956,#9958,#9960,#9962,#9964,#9966,
#9967));
#9969=FACE_OUTER_BOUND('',#9968,.F.);
#9970=ADVANCED_FACE('',(#9969),#9949,.T.);
#9971=FILL_AREA_STYLE_COLOUR('',#22);
#9972=FILL_AREA_STYLE('',(#9971));
#9973=SURFACE_STYLE_FILL_AREA(#9972);
#9974=SURFACE_SIDE_STYLE('',(#9973));
#9975=SURFACE_STYLE_USAGE(.POSITIVE.,#9974);
#9976=PRESENTATION_STYLE_ASSIGNMENT((#9975));
#9977=STYLED_ITEM('',(#9976),#9970);
#9978=CARTESIAN_POINT('',(3.1E0,-1.575E0,-5.E-1));
#9979=DIRECTION('',(1.E0,0.E0,0.E0));
#9980=DIRECTION('',(0.E0,0.E0,1.E0));
#9981=AXIS2_PLACEMENT_3D('',#9978,#9979,#9980);
#9982=PLANE('',#9981);
#9983=ORIENTED_EDGE('',*,*,#9877,.F.);
#9984=ORIENTED_EDGE('',*,*,#9108,.F.);
#9986=ORIENTED_EDGE('',*,*,#9985,.T.);
#9987=ORIENTED_EDGE('',*,*,#9190,.T.);
#9988=EDGE_LOOP('',(#9983,#9984,#9986,#9987));
#9989=FACE_OUTER_BOUND('',#9988,.F.);
#9990=ADVANCED_FACE('',(#9989),#9982,.T.);
#9991=FILL_AREA_STYLE_COLOUR('',#22);
#9992=FILL_AREA_STYLE('',(#9991));
#9993=SURFACE_STYLE_FILL_AREA(#9992);
#9994=SURFACE_SIDE_STYLE('',(#9993));
#9995=SURFACE_STYLE_USAGE(.POSITIVE.,#9994);
#9996=PRESENTATION_STYLE_ASSIGNMENT((#9995));
#9997=STYLED_ITEM('',(#9996),#9990);
#9998=CARTESIAN_POINT('',(3.1E0,-1.575E0,-5.E-1));
#9999=DIRECTION('',(1.E0,0.E0,0.E0));
#10000=DIRECTION('',(0.E0,0.E0,1.E0));
#10001=AXIS2_PLACEMENT_3D('',#9998,#9999,#10000);
#10002=PLANE('',#10001);
#10003=ORIENTED_EDGE('',*,*,#9952,.T.);
#10004=ORIENTED_EDGE('',*,*,#9204,.T.);
#10006=ORIENTED_EDGE('',*,*,#10005,.F.);
#10007=ORIENTED_EDGE('',*,*,#9116,.F.);
#10008=EDGE_LOOP('',(#10003,#10004,#10006,#10007));
#10009=FACE_OUTER_BOUND('',#10008,.F.);
#10010=ADVANCED_FACE('',(#10009),#10002,.T.);
#10011=FILL_AREA_STYLE_COLOUR('',#22);
#10012=FILL_AREA_STYLE('',(#10011));
#10013=SURFACE_STYLE_FILL_AREA(#10012);
#10014=SURFACE_SIDE_STYLE('',(#10013));
#10015=SURFACE_STYLE_USAGE(.POSITIVE.,#10014);
#10016=PRESENTATION_STYLE_ASSIGNMENT((#10015));
#10017=STYLED_ITEM('',(#10016),#10010);
#10018=CARTESIAN_POINT('',(-3.1E0,-1.575E0,-5.E-1));
#10019=DIRECTION('',(0.E0,0.E0,-1.E0));
#10020=DIRECTION('',(1.E0,0.E0,0.E0));
#10021=AXIS2_PLACEMENT_3D('',#10018,#10019,#10020);
#10022=PLANE('',#10021);
#10023=ORIENTED_EDGE('',*,*,#9106,.F.);
#10025=ORIENTED_EDGE('',*,*,#10024,.T.);
#10026=ORIENTED_EDGE('',*,*,#9192,.T.);
#10027=ORIENTED_EDGE('',*,*,#9985,.F.);
#10028=EDGE_LOOP('',(#10023,#10025,#10026,#10027));
#10029=FACE_OUTER_BOUND('',#10028,.F.);
#10030=ADVANCED_FACE('',(#10029),#10022,.T.);
#10031=FILL_AREA_STYLE_COLOUR('',#22);
#10032=FILL_AREA_STYLE('',(#10031));
#10033=SURFACE_STYLE_FILL_AREA(#10032);
#10034=SURFACE_SIDE_STYLE('',(#10033));
#10035=SURFACE_STYLE_USAGE(.POSITIVE.,#10034);
#10036=PRESENTATION_STYLE_ASSIGNMENT((#10035));
#10037=STYLED_ITEM('',(#10036),#10030);
#10038=CARTESIAN_POINT('',(-3.1E0,-1.575E0,6.E0));
#10039=DIRECTION('',(-1.E0,0.E0,0.E0));
#10040=DIRECTION('',(0.E0,0.E0,-1.E0));
#10041=AXIS2_PLACEMENT_3D('',#10038,#10039,#10040);
#10042=PLANE('',#10041);
#10044=ORIENTED_EDGE('',*,*,#10043,.T.);
#10045=ORIENTED_EDGE('',*,*,#9194,.T.);
#10046=ORIENTED_EDGE('',*,*,#10024,.F.);
#10047=ORIENTED_EDGE('',*,*,#9104,.F.);
#10048=EDGE_LOOP('',(#10044,#10045,#10046,#10047));
#10049=FACE_OUTER_BOUND('',#10048,.F.);
#10050=ADVANCED_FACE('',(#10049),#10042,.T.);
#10051=FILL_AREA_STYLE_COLOUR('',#22);
#10052=FILL_AREA_STYLE('',(#10051));
#10053=SURFACE_STYLE_FILL_AREA(#10052);
#10054=SURFACE_SIDE_STYLE('',(#10053));
#10055=SURFACE_STYLE_USAGE(.POSITIVE.,#10054);
#10056=PRESENTATION_STYLE_ASSIGNMENT((#10055));
#10057=STYLED_ITEM('',(#10056),#10050);
#10058=CARTESIAN_POINT('',(-3.1E0,-1.575E0,6.E0));
#10059=DIRECTION('',(-1.E0,0.E0,0.E0));
#10060=DIRECTION('',(0.E0,0.E0,-1.E0));
#10061=AXIS2_PLACEMENT_3D('',#10058,#10059,#10060);
#10062=PLANE('',#10061);
#10063=ORIENTED_EDGE('',*,*,#8765,.F.);
#10064=ORIENTED_EDGE('',*,*,#9120,.F.);
#10066=ORIENTED_EDGE('',*,*,#10065,.T.);
#10067=ORIENTED_EDGE('',*,*,#9200,.T.);
#10068=EDGE_LOOP('',(#10063,#10064,#10066,#10067));
#10069=FACE_OUTER_BOUND('',#10068,.F.);
#10070=ADVANCED_FACE('',(#10069),#10062,.T.);
#10071=FILL_AREA_STYLE_COLOUR('',#22);
#10072=FILL_AREA_STYLE('',(#10071));
#10073=SURFACE_STYLE_FILL_AREA(#10072);
#10074=SURFACE_SIDE_STYLE('',(#10073));
#10075=SURFACE_STYLE_USAGE(.POSITIVE.,#10074);
#10076=PRESENTATION_STYLE_ASSIGNMENT((#10075));
#10077=STYLED_ITEM('',(#10076),#10070);
#10078=CARTESIAN_POINT('',(-3.1E0,-1.975E0,8.25E-1));
#10079=DIRECTION('',(0.E0,0.E0,1.E0));
#10080=DIRECTION('',(0.E0,1.E0,0.E0));
#10081=AXIS2_PLACEMENT_3D('',#10078,#10079,#10080);
#10082=PLANE('',#10081);
#10083=ORIENTED_EDGE('',*,*,#8732,.F.);
#10084=ORIENTED_EDGE('',*,*,#9196,.F.);
#10085=ORIENTED_EDGE('',*,*,#10043,.F.);
#10086=ORIENTED_EDGE('',*,*,#9102,.T.);
#10087=ORIENTED_EDGE('',*,*,#8353,.T.);
#10089=ORIENTED_EDGE('',*,*,#10088,.F.);
#10090=ORIENTED_EDGE('',*,*,#8676,.T.);
#10091=EDGE_LOOP('',(#10083,#10084,#10085,#10086,#10087,#10089,#10090));
#10092=FACE_OUTER_BOUND('',#10091,.F.);
#10093=ADVANCED_FACE('',(#10092),#10082,.F.);
#10094=FILL_AREA_STYLE_COLOUR('',#22);
#10095=FILL_AREA_STYLE('',(#10094));
#10096=SURFACE_STYLE_FILL_AREA(#10095);
#10097=SURFACE_SIDE_STYLE('',(#10096));
#10098=SURFACE_STYLE_USAGE(.POSITIVE.,#10097);
#10099=PRESENTATION_STYLE_ASSIGNMENT((#10098));
#10100=STYLED_ITEM('',(#10099),#10093);
#10101=CARTESIAN_POINT('',(-3.65E0,2.5E-2,8.25E-1));
#10102=DIRECTION('',(0.E0,1.E0,0.E0));
#10103=DIRECTION('',(0.E0,0.E0,-1.E0));
#10104=AXIS2_PLACEMENT_3D('',#10101,#10102,#10103);
#10105=PLANE('',#10104);
#10106=ORIENTED_EDGE('',*,*,#8678,.F.);
#10107=ORIENTED_EDGE('',*,*,#10088,.T.);
#10108=ORIENTED_EDGE('',*,*,#8351,.T.);
#10110=ORIENTED_EDGE('',*,*,#10109,.F.);
#10111=EDGE_LOOP('',(#10106,#10107,#10108,#10110));
#10112=FACE_OUTER_BOUND('',#10111,.F.);
#10113=ADVANCED_FACE('',(#10112),#10105,.F.);
#10114=FILL_AREA_STYLE_COLOUR('',#22);
#10115=FILL_AREA_STYLE('',(#10114));
#10116=SURFACE_STYLE_FILL_AREA(#10115);
#10117=SURFACE_SIDE_STYLE('',(#10116));
#10118=SURFACE_STYLE_USAGE(.POSITIVE.,#10117);
#10119=PRESENTATION_STYLE_ASSIGNMENT((#10118));
#10120=STYLED_ITEM('',(#10119),#10113);
#10121=CARTESIAN_POINT('',(-3.65E0,2.5E-2,2.5E-2));
#10122=DIRECTION('',(0.E0,4.472135955E-1,-8.944271909999E-1));
#10123=DIRECTION('',(0.E0,-8.944271909999E-1,-4.472135955E-1));
#10124=AXIS2_PLACEMENT_3D('',#10121,#10122,#10123);
#10125=PLANE('',#10124);
#10126=ORIENTED_EDGE('',*,*,#8680,.F.);
#10127=ORIENTED_EDGE('',*,*,#10109,.T.);
#10128=ORIENTED_EDGE('',*,*,#8349,.T.);
#10130=ORIENTED_EDGE('',*,*,#10129,.F.);
#10131=EDGE_LOOP('',(#10126,#10127,#10128,#10130));
#10132=FACE_OUTER_BOUND('',#10131,.F.);
#10133=ADVANCED_FACE('',(#10132),#10125,.F.);
#10134=FILL_AREA_STYLE_COLOUR('',#22);
#10135=FILL_AREA_STYLE('',(#10134));
#10136=SURFACE_STYLE_FILL_AREA(#10135);
#10137=SURFACE_SIDE_STYLE('',(#10136));
#10138=SURFACE_STYLE_USAGE(.POSITIVE.,#10137);
#10139=PRESENTATION_STYLE_ASSIGNMENT((#10138));
#10140=STYLED_ITEM('',(#10139),#10133);
#10141=CARTESIAN_POINT('',(-3.65E0,-1.025E0,-5.E-1));
#10142=DIRECTION('',(0.E0,1.E0,0.E0));
#10143=DIRECTION('',(0.E0,0.E0,-1.E0));
#10144=AXIS2_PLACEMENT_3D('',#10141,#10142,#10143);
#10145=PLANE('',#10144);
#10146=ORIENTED_EDGE('',*,*,#8682,.F.);
#10147=ORIENTED_EDGE('',*,*,#10129,.T.);
#10148=ORIENTED_EDGE('',*,*,#8347,.T.);
#10150=ORIENTED_EDGE('',*,*,#10149,.F.);
#10151=EDGE_LOOP('',(#10146,#10147,#10148,#10150));
#10152=FACE_OUTER_BOUND('',#10151,.F.);
#10153=ADVANCED_FACE('',(#10152),#10145,.F.);
#10154=FILL_AREA_STYLE_COLOUR('',#22);
#10155=FILL_AREA_STYLE('',(#10154));
#10156=SURFACE_STYLE_FILL_AREA(#10155);
#10157=SURFACE_SIDE_STYLE('',(#10156));
#10158=SURFACE_STYLE_USAGE(.POSITIVE.,#10157);
#10159=PRESENTATION_STYLE_ASSIGNMENT((#10158));
#10160=STYLED_ITEM('',(#10159),#10153);
#10161=CARTESIAN_POINT('',(-3.65E0,-1.025E0,-1.E0));
#10162=DIRECTION('',(0.E0,0.E0,1.E0));
#10163=DIRECTION('',(0.E0,1.E0,0.E0));
#10164=AXIS2_PLACEMENT_3D('',#10161,#10162,#10163);
#10165=PLANE('',#10164);
#10166=ORIENTED_EDGE('',*,*,#8684,.F.);
#10167=ORIENTED_EDGE('',*,*,#10149,.T.);
#10168=ORIENTED_EDGE('',*,*,#8345,.T.);
#10170=ORIENTED_EDGE('',*,*,#10169,.F.);
#10171=EDGE_LOOP('',(#10166,#10167,#10168,#10170));
#10172=FACE_OUTER_BOUND('',#10171,.F.);
#10173=ADVANCED_FACE('',(#10172),#10165,.F.);
#10174=FILL_AREA_STYLE_COLOUR('',#22);
#10175=FILL_AREA_STYLE('',(#10174));
#10176=SURFACE_STYLE_FILL_AREA(#10175);
#10177=SURFACE_SIDE_STYLE('',(#10176));
#10178=SURFACE_STYLE_USAGE(.POSITIVE.,#10177);
#10179=PRESENTATION_STYLE_ASSIGNMENT((#10178));
#10180=STYLED_ITEM('',(#10179),#10173);
#10181=CARTESIAN_POINT('',(-3.65E0,7.168E-1,-1.E0));
#10182=DIRECTION('',(0.E0,-1.E0,0.E0));
#10183=DIRECTION('',(0.E0,0.E0,1.E0));
#10184=AXIS2_PLACEMENT_3D('',#10181,#10182,#10183);
#10185=PLANE('',#10184);
#10186=ORIENTED_EDGE('',*,*,#8686,.F.);
#10187=ORIENTED_EDGE('',*,*,#10169,.T.);
#10188=ORIENTED_EDGE('',*,*,#8343,.T.);
#10190=ORIENTED_EDGE('',*,*,#10189,.F.);
#10191=EDGE_LOOP('',(#10186,#10187,#10188,#10190));
#10192=FACE_OUTER_BOUND('',#10191,.F.);
#10193=ADVANCED_FACE('',(#10192),#10185,.F.);
#10194=FILL_AREA_STYLE_COLOUR('',#22);
#10195=FILL_AREA_STYLE('',(#10194));
#10196=SURFACE_STYLE_FILL_AREA(#10195);
#10197=SURFACE_SIDE_STYLE('',(#10196));
#10198=SURFACE_STYLE_USAGE(.POSITIVE.,#10197);
#10199=PRESENTATION_STYLE_ASSIGNMENT((#10198));
#10200=STYLED_ITEM('',(#10199),#10193);
#10201=CARTESIAN_POINT('',(-3.65E0,1.0722E0,-9.826E-1));
#10202=DIRECTION('',(1.E0,0.E0,0.E0));
#10203=DIRECTION('',(0.E0,1.E0,0.E0));
#10204=AXIS2_PLACEMENT_3D('',#10201,#10202,#10203);
#10205=CYLINDRICAL_SURFACE('',#10204,3.554E-1);
#10206=ORIENTED_EDGE('',*,*,#8688,.F.);
#10207=ORIENTED_EDGE('',*,*,#10189,.T.);
#10208=ORIENTED_EDGE('',*,*,#8341,.T.);
#10210=ORIENTED_EDGE('',*,*,#10209,.F.);
#10211=EDGE_LOOP('',(#10206,#10207,#10208,#10210));
#10212=FACE_OUTER_BOUND('',#10211,.F.);
#10213=ADVANCED_FACE('',(#10212),#10205,.F.);
#10214=FILL_AREA_STYLE_COLOUR('',#22);
#10215=FILL_AREA_STYLE('',(#10214));
#10216=SURFACE_STYLE_FILL_AREA(#10215);
#10217=SURFACE_SIDE_STYLE('',(#10216));
#10218=SURFACE_STYLE_USAGE(.POSITIVE.,#10217);
#10219=PRESENTATION_STYLE_ASSIGNMENT((#10218));
#10220=STYLED_ITEM('',(#10219),#10213);
#10221=CARTESIAN_POINT('',(-3.65E0,1.0722E0,-6.272E-1));
#10222=DIRECTION('',(0.E0,0.E0,1.E0));
#10223=DIRECTION('',(0.E0,1.E0,0.E0));
#10224=AXIS2_PLACEMENT_3D('',#10221,#10222,#10223);
#10225=PLANE('',#10224);
#10226=ORIENTED_EDGE('',*,*,#8545,.T.);
#10227=ORIENTED_EDGE('',*,*,#8690,.F.);
#10228=ORIENTED_EDGE('',*,*,#10209,.T.);
#10229=ORIENTED_EDGE('',*,*,#8339,.T.);
#10230=EDGE_LOOP('',(#10226,#10227,#10228,#10229));
#10231=FACE_OUTER_BOUND('',#10230,.F.);
#10232=ADVANCED_FACE('',(#10231),#10225,.F.);
#10233=FILL_AREA_STYLE_COLOUR('',#22);
#10234=FILL_AREA_STYLE('',(#10233));
#10235=SURFACE_STYLE_FILL_AREA(#10234);
#10236=SURFACE_SIDE_STYLE('',(#10235));
#10237=SURFACE_STYLE_USAGE(.POSITIVE.,#10236);
#10238=PRESENTATION_STYLE_ASSIGNMENT((#10237));
#10239=STYLED_ITEM('',(#10238),#10232);
#10240=CARTESIAN_POINT('',(3.1E0,-1.575E0,6.E0));
#10241=DIRECTION('',(0.E0,0.E0,1.E0));
#10242=DIRECTION('',(-1.E0,0.E0,0.E0));
#10243=AXIS2_PLACEMENT_3D('',#10240,#10241,#10242);
#10244=PLANE('',#10243);
#10245=ORIENTED_EDGE('',*,*,#9118,.F.);
#10246=ORIENTED_EDGE('',*,*,#10005,.T.);
#10247=ORIENTED_EDGE('',*,*,#9202,.T.);
#10248=ORIENTED_EDGE('',*,*,#10065,.F.);
#10249=EDGE_LOOP('',(#10245,#10246,#10247,#10248));
#10250=FACE_OUTER_BOUND('',#10249,.F.);
#10251=ADVANCED_FACE('',(#10250),#10244,.T.);
#10252=FILL_AREA_STYLE_COLOUR('',#22);
#10253=FILL_AREA_STYLE('',(#10252));
#10254=SURFACE_STYLE_FILL_AREA(#10253);
#10255=SURFACE_SIDE_STYLE('',(#10254));
#10256=SURFACE_STYLE_USAGE(.POSITIVE.,#10255);
#10257=PRESENTATION_STYLE_ASSIGNMENT((#10256));
#10258=STYLED_ITEM('',(#10257),#10251);
#10259=CARTESIAN_POINT('',(3.25E0,-1.575E0,0.E0));
#10260=DIRECTION('',(1.E0,0.E0,0.E0));
#10261=DIRECTION('',(0.E0,1.E0,0.E0));
#10262=AXIS2_PLACEMENT_3D('',#10259,#10260,#10261);
#10263=PLANE('',#10262);
#10265=ORIENTED_EDGE('',*,*,#10264,.T.);
#10267=ORIENTED_EDGE('',*,*,#10266,.F.);
#10269=ORIENTED_EDGE('',*,*,#10268,.T.);
#10271=ORIENTED_EDGE('',*,*,#10270,.T.);
#10273=ORIENTED_EDGE('',*,*,#10272,.T.);
#10275=ORIENTED_EDGE('',*,*,#10274,.T.);
#10277=ORIENTED_EDGE('',*,*,#10276,.T.);
#10279=ORIENTED_EDGE('',*,*,#10278,.F.);
#10281=ORIENTED_EDGE('',*,*,#10280,.T.);
#10283=ORIENTED_EDGE('',*,*,#10282,.F.);
#10285=ORIENTED_EDGE('',*,*,#10284,.F.);
#10287=ORIENTED_EDGE('',*,*,#10286,.T.);
#10288=ORIENTED_EDGE('',*,*,#9955,.T.);
#10289=ORIENTED_EDGE('',*,*,#9112,.F.);
#10290=ORIENTED_EDGE('',*,*,#9874,.T.);
#10292=ORIENTED_EDGE('',*,*,#10291,.T.);
#10294=ORIENTED_EDGE('',*,*,#10293,.T.);
#10296=ORIENTED_EDGE('',*,*,#10295,.T.);
#10298=ORIENTED_EDGE('',*,*,#10297,.T.);
#10300=ORIENTED_EDGE('',*,*,#10299,.T.);
#10302=ORIENTED_EDGE('',*,*,#10301,.T.);
#10304=ORIENTED_EDGE('',*,*,#10303,.T.);
#10305=EDGE_LOOP('',(#10265,#10267,#10269,#10271,#10273,#10275,#10277,#10279,
#10281,#10283,#10285,#10287,#10288,#10289,#10290,#10292,#10294,#10296,#10298,
#10300,#10302,#10304));
#10306=FACE_OUTER_BOUND('',#10305,.F.);
#10307=ADVANCED_FACE('',(#10306),#10263,.F.);
#10308=FILL_AREA_STYLE_COLOUR('',#22);
#10309=FILL_AREA_STYLE('',(#10308));
#10310=SURFACE_STYLE_FILL_AREA(#10309);
#10311=SURFACE_SIDE_STYLE('',(#10310));
#10312=SURFACE_STYLE_USAGE(.POSITIVE.,#10311);
#10313=PRESENTATION_STYLE_ASSIGNMENT((#10312));
#10314=STYLED_ITEM('',(#10313),#10307);
#10315=CARTESIAN_POINT('',(0.E0,2.375E0,0.E0));
#10316=DIRECTION('',(0.E0,-1.E0,0.E0));
#10317=DIRECTION('',(1.E0,0.E0,0.E0));
#10318=AXIS2_PLACEMENT_3D('',#10315,#10316,#10317);
#10319=PLANE('',#10318);
#10321=ORIENTED_EDGE('',*,*,#10320,.F.);
#10323=ORIENTED_EDGE('',*,*,#10322,.F.);
#10325=ORIENTED_EDGE('',*,*,#10324,.F.);
#10327=ORIENTED_EDGE('',*,*,#10326,.F.);
#10329=ORIENTED_EDGE('',*,*,#10328,.F.);
#10331=ORIENTED_EDGE('',*,*,#10330,.F.);
#10333=ORIENTED_EDGE('',*,*,#10332,.F.);
#10334=ORIENTED_EDGE('',*,*,#10264,.F.);
#10336=ORIENTED_EDGE('',*,*,#10335,.T.);
#10337=ORIENTED_EDGE('',*,*,#9918,.F.);
#10339=ORIENTED_EDGE('',*,*,#10338,.F.);
#10341=ORIENTED_EDGE('',*,*,#10340,.F.);
#10343=ORIENTED_EDGE('',*,*,#10342,.F.);
#10345=ORIENTED_EDGE('',*,*,#10344,.F.);
#10347=ORIENTED_EDGE('',*,*,#10346,.F.);
#10349=ORIENTED_EDGE('',*,*,#10348,.F.);
#10350=EDGE_LOOP('',(#10321,#10323,#10325,#10327,#10329,#10331,#10333,#10334,
#10336,#10337,#10339,#10341,#10343,#10345,#10347,#10349));
#10351=FACE_OUTER_BOUND('',#10350,.F.);
#10352=ADVANCED_FACE('',(#10351),#10319,.T.);
#10353=FILL_AREA_STYLE_COLOUR('',#22);
#10354=FILL_AREA_STYLE('',(#10353));
#10355=SURFACE_STYLE_FILL_AREA(#10354);
#10356=SURFACE_SIDE_STYLE('',(#10355));
#10357=SURFACE_STYLE_USAGE(.POSITIVE.,#10356);
#10358=PRESENTATION_STYLE_ASSIGNMENT((#10357));
#10359=STYLED_ITEM('',(#10358),#10352);
#10360=CARTESIAN_POINT('',(-1.249658610410E1,2.575E0,-4.3E0));
#10361=DIRECTION('',(1.E0,0.E0,0.E0));
#10362=DIRECTION('',(0.E0,-1.E0,0.E0));
#10363=AXIS2_PLACEMENT_3D('',#10360,#10361,#10362);
#10364=CYLINDRICAL_SURFACE('',#10363,2.E-1);
#10366=ORIENTED_EDGE('',*,*,#10365,.T.);
#10368=ORIENTED_EDGE('',*,*,#10367,.F.);
#10370=ORIENTED_EDGE('',*,*,#10369,.T.);
#10371=ORIENTED_EDGE('',*,*,#10320,.T.);
#10372=EDGE_LOOP('',(#10366,#10368,#10370,#10371));
#10373=FACE_OUTER_BOUND('',#10372,.F.);
#10374=ADVANCED_FACE('',(#10373),#10364,.T.);
#10375=FILL_AREA_STYLE_COLOUR('',#22);
#10376=FILL_AREA_STYLE('',(#10375));
#10377=SURFACE_STYLE_FILL_AREA(#10376);
#10378=SURFACE_SIDE_STYLE('',(#10377));
#10379=SURFACE_STYLE_USAGE(.POSITIVE.,#10378);
#10380=PRESENTATION_STYLE_ASSIGNMENT((#10379));
#10381=STYLED_ITEM('',(#10380),#10374);
#10382=CARTESIAN_POINT('',(3.65E0,3.375E0,-4.5E0));
#10383=DIRECTION('',(1.E0,0.E0,0.E0));
#10384=DIRECTION('',(0.E0,0.E0,1.E0));
#10385=AXIS2_PLACEMENT_3D('',#10382,#10383,#10384);
#10386=PLANE('',#10385);
#10387=ORIENTED_EDGE('',*,*,#10365,.F.);
#10388=ORIENTED_EDGE('',*,*,#10348,.T.);
#10390=ORIENTED_EDGE('',*,*,#10389,.F.);
#10392=ORIENTED_EDGE('',*,*,#10391,.F.);
#10394=ORIENTED_EDGE('',*,*,#10393,.F.);
#10396=ORIENTED_EDGE('',*,*,#10395,.T.);
#10397=EDGE_LOOP('',(#10387,#10388,#10390,#10392,#10394,#10396));
#10398=FACE_OUTER_BOUND('',#10397,.F.);
#10399=ADVANCED_FACE('',(#10398),#10386,.T.);
#10400=FILL_AREA_STYLE_COLOUR('',#22);
#10401=FILL_AREA_STYLE('',(#10400));
#10402=SURFACE_STYLE_FILL_AREA(#10401);
#10403=SURFACE_SIDE_STYLE('',(#10402));
#10404=SURFACE_STYLE_USAGE(.POSITIVE.,#10403);
#10405=PRESENTATION_STYLE_ASSIGNMENT((#10404));
#10406=STYLED_ITEM('',(#10405),#10399);
#10407=CARTESIAN_POINT('',(4.238254278924E0,3.375E0,-3.819996425119E0));
#10408=DIRECTION('',(0.E0,-1.E0,0.E0));
#10409=DIRECTION('',(1.E0,0.E0,0.E0));
#10410=AXIS2_PLACEMENT_3D('',#10407,#10408,#10409);
#10411=CYLINDRICAL_SURFACE('',#10410,5.882542789239E-1);
#10413=ORIENTED_EDGE('',*,*,#10412,.F.);
#10414=ORIENTED_EDGE('',*,*,#10389,.T.);
#10415=ORIENTED_EDGE('',*,*,#10346,.T.);
#10417=ORIENTED_EDGE('',*,*,#10416,.F.);
#10418=EDGE_LOOP('',(#10413,#10414,#10415,#10417));
#10419=FACE_OUTER_BOUND('',#10418,.F.);
#10420=ADVANCED_FACE('',(#10419),#10411,.F.);
#10421=FILL_AREA_STYLE_COLOUR('',#22);
#10422=FILL_AREA_STYLE('',(#10421));
#10423=SURFACE_STYLE_FILL_AREA(#10422);
#10424=SURFACE_SIDE_STYLE('',(#10423));
#10425=SURFACE_STYLE_USAGE(.POSITIVE.,#10424);
#10426=PRESENTATION_STYLE_ASSIGNMENT((#10425));
#10427=STYLED_ITEM('',(#10426),#10420);
#10428=CARTESIAN_POINT('',(0.E0,3.375E0,0.E0));
#10429=DIRECTION('',(0.E0,-1.E0,0.E0));
#10430=DIRECTION('',(1.E0,0.E0,0.E0));
#10431=AXIS2_PLACEMENT_3D('',#10428,#10429,#10430);
#10432=PLANE('',#10431);
#10434=ORIENTED_EDGE('',*,*,#10433,.F.);
#10435=ORIENTED_EDGE('',*,*,#10391,.T.);
#10436=ORIENTED_EDGE('',*,*,#10412,.T.);
#10438=ORIENTED_EDGE('',*,*,#10437,.T.);
#10440=ORIENTED_EDGE('',*,*,#10439,.T.);
#10442=ORIENTED_EDGE('',*,*,#10441,.T.);
#10444=ORIENTED_EDGE('',*,*,#10443,.T.);
#10445=ORIENTED_EDGE('',*,*,#9914,.F.);
#10447=ORIENTED_EDGE('',*,*,#10446,.F.);
#10448=ORIENTED_EDGE('',*,*,#10268,.F.);
#10450=ORIENTED_EDGE('',*,*,#10449,.T.);
#10452=ORIENTED_EDGE('',*,*,#10451,.T.);
#10454=ORIENTED_EDGE('',*,*,#10453,.T.);
#10456=ORIENTED_EDGE('',*,*,#10455,.T.);
#10458=ORIENTED_EDGE('',*,*,#10457,.T.);
#10460=ORIENTED_EDGE('',*,*,#10459,.T.);
#10461=EDGE_LOOP('',(#10434,#10435,#10436,#10438,#10440,#10442,#10444,#10445,
#10447,#10448,#10450,#10452,#10454,#10456,#10458,#10460));
#10462=FACE_OUTER_BOUND('',#10461,.F.);
#10463=ADVANCED_FACE('',(#10462),#10432,.F.);
#10464=FILL_AREA_STYLE_COLOUR('',#22);
#10465=FILL_AREA_STYLE('',(#10464));
#10466=SURFACE_STYLE_FILL_AREA(#10465);
#10467=SURFACE_SIDE_STYLE('',(#10466));
#10468=SURFACE_STYLE_USAGE(.POSITIVE.,#10467);
#10469=PRESENTATION_STYLE_ASSIGNMENT((#10468));
#10470=STYLED_ITEM('',(#10469),#10463);
#10471=CARTESIAN_POINT('',(1.350476814160E1,3.175E0,-4.3E0));
#10472=DIRECTION('',(-1.E0,0.E0,0.E0));
#10473=DIRECTION('',(0.E0,1.E0,0.E0));
#10474=AXIS2_PLACEMENT_3D('',#10471,#10472,#10473);
#10475=CYLINDRICAL_SURFACE('',#10474,2.E-1);
#10477=ORIENTED_EDGE('',*,*,#10476,.T.);
#10479=ORIENTED_EDGE('',*,*,#10478,.F.);
#10480=ORIENTED_EDGE('',*,*,#10393,.T.);
#10481=ORIENTED_EDGE('',*,*,#10433,.T.);
#10482=EDGE_LOOP('',(#10477,#10479,#10480,#10481));
#10483=FACE_OUTER_BOUND('',#10482,.F.);
#10484=ADVANCED_FACE('',(#10483),#10475,.T.);
#10485=FILL_AREA_STYLE_COLOUR('',#22);
#10486=FILL_AREA_STYLE('',(#10485));
#10487=SURFACE_STYLE_FILL_AREA(#10486);
#10488=SURFACE_SIDE_STYLE('',(#10487));
#10489=SURFACE_STYLE_USAGE(.POSITIVE.,#10488);
#10490=PRESENTATION_STYLE_ASSIGNMENT((#10489));
#10491=STYLED_ITEM('',(#10490),#10484);
#10492=CARTESIAN_POINT('',(3.25E0,3.375E0,-3.819996425119E0));
#10493=DIRECTION('',(-1.E0,0.E0,0.E0));
#10494=DIRECTION('',(0.E0,0.E0,-1.E0));
#10495=AXIS2_PLACEMENT_3D('',#10492,#10493,#10494);
#10496=PLANE('',#10495);
#10497=ORIENTED_EDGE('',*,*,#10369,.F.);
#10499=ORIENTED_EDGE('',*,*,#10498,.F.);
#10500=ORIENTED_EDGE('',*,*,#10476,.F.);
#10501=ORIENTED_EDGE('',*,*,#10459,.F.);
#10503=ORIENTED_EDGE('',*,*,#10502,.T.);
#10504=ORIENTED_EDGE('',*,*,#10322,.T.);
#10505=EDGE_LOOP('',(#10497,#10499,#10500,#10501,#10503,#10504));
#10506=FACE_OUTER_BOUND('',#10505,.F.);
#10507=ADVANCED_FACE('',(#10506),#10496,.T.);
#10508=FILL_AREA_STYLE_COLOUR('',#22);
#10509=FILL_AREA_STYLE('',(#10508));
#10510=SURFACE_STYLE_FILL_AREA(#10509);
#10511=SURFACE_SIDE_STYLE('',(#10510));
#10512=SURFACE_STYLE_USAGE(.POSITIVE.,#10511);
#10513=PRESENTATION_STYLE_ASSIGNMENT((#10512));
#10514=STYLED_ITEM('',(#10513),#10507);
#10515=CARTESIAN_POINT('',(3.25E0,3.375E0,-4.5E0));
#10516=DIRECTION('',(0.E0,0.E0,-1.E0));
#10517=DIRECTION('',(1.E0,0.E0,0.E0));
#10518=AXIS2_PLACEMENT_3D('',#10515,#10516,#10517);
#10519=PLANE('',#10518);
#10520=ORIENTED_EDGE('',*,*,#10367,.T.);
#10521=ORIENTED_EDGE('',*,*,#10395,.F.);
#10522=ORIENTED_EDGE('',*,*,#10478,.T.);
#10523=ORIENTED_EDGE('',*,*,#10498,.T.);
#10524=EDGE_LOOP('',(#10520,#10521,#10522,#10523));
#10525=FACE_OUTER_BOUND('',#10524,.F.);
#10526=ADVANCED_FACE('',(#10525),#10519,.T.);
#10527=FILL_AREA_STYLE_COLOUR('',#22);
#10528=FILL_AREA_STYLE('',(#10527));
#10529=SURFACE_STYLE_FILL_AREA(#10528);
#10530=SURFACE_SIDE_STYLE('',(#10529));
#10531=SURFACE_STYLE_USAGE(.POSITIVE.,#10530);
#10532=PRESENTATION_STYLE_ASSIGNMENT((#10531));
#10533=STYLED_ITEM('',(#10532),#10526);
#10534=CARTESIAN_POINT('',(4.238254278924E0,3.375E0,-3.819996425119E0));
#10535=DIRECTION('',(0.E0,-1.E0,0.E0));
#10536=DIRECTION('',(1.E0,0.E0,0.E0));
#10537=AXIS2_PLACEMENT_3D('',#10534,#10535,#10536);
#10538=CYLINDRICAL_SURFACE('',#10537,9.882542789239E-1);
#10539=ORIENTED_EDGE('',*,*,#10457,.F.);
#10541=ORIENTED_EDGE('',*,*,#10540,.T.);
#10542=ORIENTED_EDGE('',*,*,#10324,.T.);
#10543=ORIENTED_EDGE('',*,*,#10502,.F.);
#10544=EDGE_LOOP('',(#10539,#10541,#10542,#10543));
#10545=FACE_OUTER_BOUND('',#10544,.F.);
#10546=ADVANCED_FACE('',(#10545),#10538,.T.);
#10547=FILL_AREA_STYLE_COLOUR('',#22);
#10548=FILL_AREA_STYLE('',(#10547));
#10549=SURFACE_STYLE_FILL_AREA(#10548);
#10550=SURFACE_SIDE_STYLE('',(#10549));
#10551=SURFACE_STYLE_USAGE(.POSITIVE.,#10550);
#10552=PRESENTATION_STYLE_ASSIGNMENT((#10551));
#10553=STYLED_ITEM('',(#10552),#10546);
#10554=CARTESIAN_POINT('',(3.686833840787E0,3.375E0,-2.837273144496E0));
#10555=DIRECTION('',(-8.481858751343E-1,0.E0,5.296987079677E-1));
#10556=DIRECTION('',(-5.296987079677E-1,0.E0,-8.481858751343E-1));
#10557=AXIS2_PLACEMENT_3D('',#10554,#10555,#10556);
#10558=PLANE('',#10557);
#10559=ORIENTED_EDGE('',*,*,#10455,.F.);
#10561=ORIENTED_EDGE('',*,*,#10560,.T.);
#10562=ORIENTED_EDGE('',*,*,#10326,.T.);
#10563=ORIENTED_EDGE('',*,*,#10540,.F.);
#10564=EDGE_LOOP('',(#10559,#10561,#10562,#10563));
#10565=FACE_OUTER_BOUND('',#10564,.F.);
#10566=ADVANCED_FACE('',(#10565),#10558,.T.);
#10567=FILL_AREA_STYLE_COLOUR('',#22);
#10568=FILL_AREA_STYLE('',(#10567));
#10569=SURFACE_STYLE_FILL_AREA(#10568);
#10570=SURFACE_SIDE_STYLE('',(#10569));
#10571=SURFACE_STYLE_USAGE(.POSITIVE.,#10570);
#10572=PRESENTATION_STYLE_ASSIGNMENT((#10571));
#10573=STYLED_ITEM('',(#10572),#10566);
#10574=CARTESIAN_POINT('',(3.567793147246E0,3.375E0,-2.762931301025E0));
#10575=DIRECTION('',(0.E0,-1.E0,0.E0));
#10576=DIRECTION('',(1.E0,0.E0,0.E0));
#10577=AXIS2_PLACEMENT_3D('',#10574,#10575,#10576);
#10578=CYLINDRICAL_SURFACE('',#10577,1.403474132620E-1);
#10579=ORIENTED_EDGE('',*,*,#10453,.F.);
#10581=ORIENTED_EDGE('',*,*,#10580,.T.);
#10582=ORIENTED_EDGE('',*,*,#10328,.T.);
#10583=ORIENTED_EDGE('',*,*,#10560,.F.);
#10584=EDGE_LOOP('',(#10579,#10581,#10582,#10583));
#10585=FACE_OUTER_BOUND('',#10584,.F.);
#10586=ADVANCED_FACE('',(#10585),#10578,.F.);
#10587=FILL_AREA_STYLE_COLOUR('',#22);
#10588=FILL_AREA_STYLE('',(#10587));
#10589=SURFACE_STYLE_FILL_AREA(#10588);
#10590=SURFACE_SIDE_STYLE('',(#10589));
#10591=SURFACE_STYLE_USAGE(.POSITIVE.,#10590);
#10592=PRESENTATION_STYLE_ASSIGNMENT((#10591));
#10593=STYLED_ITEM('',(#10592),#10586);
#10594=CARTESIAN_POINT('',(3.377599216582E0,3.375E0,-2.132984795175E0));
#10595=DIRECTION('',(-8.736448707884E-1,0.E0,-4.865641167875E-1));
#10596=DIRECTION('',(4.865641167875E-1,0.E0,-8.736448707884E-1));
#10597=AXIS2_PLACEMENT_3D('',#10594,#10595,#10596);
#10598=PLANE('',#10597);
#10599=ORIENTED_EDGE('',*,*,#10451,.F.);
#10601=ORIENTED_EDGE('',*,*,#10600,.T.);
#10602=ORIENTED_EDGE('',*,*,#10330,.T.);
#10603=ORIENTED_EDGE('',*,*,#10580,.F.);
#10604=EDGE_LOOP('',(#10599,#10601,#10602,#10603));
#10605=FACE_OUTER_BOUND('',#10604,.F.);
#10606=ADVANCED_FACE('',(#10605),#10598,.T.);
#10607=FILL_AREA_STYLE_COLOUR('',#22);
#10608=FILL_AREA_STYLE('',(#10607));
#10609=SURFACE_STYLE_FILL_AREA(#10608);
#10610=SURFACE_SIDE_STYLE('',(#10609));
#10611=SURFACE_STYLE_USAGE(.POSITIVE.,#10610);
#10612=PRESENTATION_STYLE_ASSIGNMENT((#10611));
#10613=STYLED_ITEM('',(#10612),#10606);
#10614=CARTESIAN_POINT('',(4.259845958591E0,3.375E0,-1.641629988241E0));
#10615=DIRECTION('',(0.E0,-1.E0,0.E0));
#10616=DIRECTION('',(1.E0,0.E0,0.E0));
#10617=AXIS2_PLACEMENT_3D('',#10614,#10615,#10616);
#10618=CYLINDRICAL_SURFACE('',#10617,1.009845958591E0);
#10619=ORIENTED_EDGE('',*,*,#10449,.F.);
#10620=ORIENTED_EDGE('',*,*,#10266,.T.);
#10621=ORIENTED_EDGE('',*,*,#10332,.T.);
#10622=ORIENTED_EDGE('',*,*,#10600,.F.);
#10623=EDGE_LOOP('',(#10619,#10620,#10621,#10622));
#10624=FACE_OUTER_BOUND('',#10623,.F.);
#10625=ADVANCED_FACE('',(#10624),#10618,.T.);
#10626=FILL_AREA_STYLE_COLOUR('',#22);
#10627=FILL_AREA_STYLE('',(#10626));
#10628=SURFACE_STYLE_FILL_AREA(#10627);
#10629=SURFACE_SIDE_STYLE('',(#10628));
#10630=SURFACE_STYLE_USAGE(.POSITIVE.,#10629);
#10631=PRESENTATION_STYLE_ASSIGNMENT((#10630));
#10632=STYLED_ITEM('',(#10631),#10625);
#10633=CARTESIAN_POINT('',(3.739305308553E0,3.375E0,-3.508398893616E0));
#10634=DIRECTION('',(8.481858751343E-1,0.E0,-5.296987079677E-1));
#10635=DIRECTION('',(5.296987079677E-1,0.E0,8.481858751343E-1));
#10636=AXIS2_PLACEMENT_3D('',#10633,#10634,#10635);
#10637=PLANE('',#10636);
#10638=ORIENTED_EDGE('',*,*,#10437,.F.);
#10639=ORIENTED_EDGE('',*,*,#10416,.T.);
#10640=ORIENTED_EDGE('',*,*,#10344,.T.);
#10642=ORIENTED_EDGE('',*,*,#10641,.F.);
#10643=EDGE_LOOP('',(#10638,#10639,#10640,#10642));
#10644=FACE_OUTER_BOUND('',#10643,.F.);
#10645=ADVANCED_FACE('',(#10644),#10637,.T.);
#10646=FILL_AREA_STYLE_COLOUR('',#22);
#10647=FILL_AREA_STYLE('',(#10646));
#10648=SURFACE_STYLE_FILL_AREA(#10647);
#10649=SURFACE_SIDE_STYLE('',(#10648));
#10650=SURFACE_STYLE_USAGE(.POSITIVE.,#10649);
#10651=PRESENTATION_STYLE_ASSIGNMENT((#10650));
#10652=STYLED_ITEM('',(#10651),#10645);
#10653=CARTESIAN_POINT('',(3.567793147246E0,3.375E0,-2.762931301025E0));
#10654=DIRECTION('',(0.E0,-1.E0,0.E0));
#10655=DIRECTION('',(1.E0,0.E0,0.E0));
#10656=AXIS2_PLACEMENT_3D('',#10653,#10654,#10655);
#10657=CYLINDRICAL_SURFACE('',#10656,5.403474132620E-1);
#10658=ORIENTED_EDGE('',*,*,#10439,.F.);
#10659=ORIENTED_EDGE('',*,*,#10641,.T.);
#10660=ORIENTED_EDGE('',*,*,#10342,.T.);
#10662=ORIENTED_EDGE('',*,*,#10661,.F.);
#10663=EDGE_LOOP('',(#10658,#10659,#10660,#10662));
#10664=FACE_OUTER_BOUND('',#10663,.F.);
#10665=ADVANCED_FACE('',(#10664),#10657,.T.);
#10666=FILL_AREA_STYLE_COLOUR('',#22);
#10667=FILL_AREA_STYLE('',(#10666));
#10668=SURFACE_STYLE_FILL_AREA(#10667);
#10669=SURFACE_SIDE_STYLE('',(#10668));
#10670=SURFACE_STYLE_USAGE(.POSITIVE.,#10669);
#10671=PRESENTATION_STYLE_ASSIGNMENT((#10670));
#10672=STYLED_ITEM('',(#10671),#10665);
#10673=CARTESIAN_POINT('',(4.039864893286E0,3.375E0,-2.500017639132E0));
#10674=DIRECTION('',(8.736448707884E-1,0.E0,4.865641167875E-1));
#10675=DIRECTION('',(-4.865641167875E-1,0.E0,8.736448707884E-1));
#10676=AXIS2_PLACEMENT_3D('',#10673,#10674,#10675);
#10677=PLANE('',#10676);
#10678=ORIENTED_EDGE('',*,*,#10441,.F.);
#10679=ORIENTED_EDGE('',*,*,#10661,.T.);
#10680=ORIENTED_EDGE('',*,*,#10340,.T.);
#10682=ORIENTED_EDGE('',*,*,#10681,.F.);
#10683=EDGE_LOOP('',(#10678,#10679,#10680,#10682));
#10684=FACE_OUTER_BOUND('',#10683,.F.);
#10685=ADVANCED_FACE('',(#10684),#10677,.T.);
#10686=FILL_AREA_STYLE_COLOUR('',#22);
#10687=FILL_AREA_STYLE('',(#10686));
#10688=SURFACE_STYLE_FILL_AREA(#10687);
#10689=SURFACE_SIDE_STYLE('',(#10688));
#10690=SURFACE_STYLE_USAGE(.POSITIVE.,#10689);
#10691=PRESENTATION_STYLE_ASSIGNMENT((#10690));
#10692=STYLED_ITEM('',(#10691),#10685);
#10693=CARTESIAN_POINT('',(4.259845958591E0,3.375E0,-1.641629988241E0));
#10694=DIRECTION('',(0.E0,-1.E0,0.E0));
#10695=DIRECTION('',(1.E0,0.E0,0.E0));
#10696=AXIS2_PLACEMENT_3D('',#10693,#10694,#10695);
#10697=CYLINDRICAL_SURFACE('',#10696,6.098459585911E-1);
#10698=ORIENTED_EDGE('',*,*,#10443,.F.);
#10699=ORIENTED_EDGE('',*,*,#10681,.T.);
#10700=ORIENTED_EDGE('',*,*,#10338,.T.);
#10701=ORIENTED_EDGE('',*,*,#9916,.F.);
#10702=EDGE_LOOP('',(#10698,#10699,#10700,#10701));
#10703=FACE_OUTER_BOUND('',#10702,.F.);
#10704=ADVANCED_FACE('',(#10703),#10697,.F.);
#10705=FILL_AREA_STYLE_COLOUR('',#22);
#10706=FILL_AREA_STYLE('',(#10705));
#10707=SURFACE_STYLE_FILL_AREA(#10706);
#10708=SURFACE_SIDE_STYLE('',(#10707));
#10709=SURFACE_STYLE_USAGE(.POSITIVE.,#10708);
#10710=PRESENTATION_STYLE_ASSIGNMENT((#10709));
#10711=STYLED_ITEM('',(#10710),#10704);
#10712=CARTESIAN_POINT('',(3.65E0,3.2196E0,-9.826E-1));
#10713=DIRECTION('',(1.E0,0.E0,0.E0));
#10714=DIRECTION('',(0.E0,1.E0,0.E0));
#10715=AXIS2_PLACEMENT_3D('',#10712,#10713,#10714);
#10716=CYLINDRICAL_SURFACE('',#10715,3.554E-1);
#10717=ORIENTED_EDGE('',*,*,#10446,.T.);
#10718=ORIENTED_EDGE('',*,*,#9912,.T.);
#10720=ORIENTED_EDGE('',*,*,#10719,.T.);
#10721=ORIENTED_EDGE('',*,*,#10270,.F.);
#10722=EDGE_LOOP('',(#10717,#10718,#10720,#10721));
#10723=FACE_OUTER_BOUND('',#10722,.F.);
#10724=ADVANCED_FACE('',(#10723),#10716,.F.);
#10725=FILL_AREA_STYLE_COLOUR('',#22);
#10726=FILL_AREA_STYLE('',(#10725));
#10727=SURFACE_STYLE_FILL_AREA(#10726);
#10728=SURFACE_SIDE_STYLE('',(#10727));
#10729=SURFACE_STYLE_USAGE(.POSITIVE.,#10728);
#10730=PRESENTATION_STYLE_ASSIGNMENT((#10729));
#10731=STYLED_ITEM('',(#10730),#10724);
#10732=CARTESIAN_POINT('',(3.65E0,3.575E0,-9.826E-1));
#10733=DIRECTION('',(0.E0,-1.E0,0.E0));
#10734=DIRECTION('',(0.E0,0.E0,-1.E0));
#10735=AXIS2_PLACEMENT_3D('',#10732,#10733,#10734);
#10736=PLANE('',#10735);
#10737=ORIENTED_EDGE('',*,*,#9910,.T.);
#10739=ORIENTED_EDGE('',*,*,#10738,.T.);
#10740=ORIENTED_EDGE('',*,*,#10272,.F.);
#10741=ORIENTED_EDGE('',*,*,#10719,.F.);
#10742=EDGE_LOOP('',(#10737,#10739,#10740,#10741));
#10743=FACE_OUTER_BOUND('',#10742,.F.);
#10744=ADVANCED_FACE('',(#10743),#10736,.T.);
#10745=FILL_AREA_STYLE_COLOUR('',#22);
#10746=FILL_AREA_STYLE('',(#10745));
#10747=SURFACE_STYLE_FILL_AREA(#10746);
#10748=SURFACE_SIDE_STYLE('',(#10747));
#10749=SURFACE_STYLE_USAGE(.POSITIVE.,#10748);
#10750=PRESENTATION_STYLE_ASSIGNMENT((#10749));
#10751=STYLED_ITEM('',(#10750),#10744);
#10752=CARTESIAN_POINT('',(3.65E0,3.575E0,-1.E0));
#10753=DIRECTION('',(0.E0,0.E0,-1.E0));
#10754=DIRECTION('',(0.E0,1.E0,0.E0));
#10755=AXIS2_PLACEMENT_3D('',#10752,#10753,#10754);
#10756=PLANE('',#10755);
#10757=ORIENTED_EDGE('',*,*,#9908,.T.);
#10759=ORIENTED_EDGE('',*,*,#10758,.T.);
#10760=ORIENTED_EDGE('',*,*,#10274,.F.);
#10761=ORIENTED_EDGE('',*,*,#10738,.F.);
#10762=EDGE_LOOP('',(#10757,#10759,#10760,#10761));
#10763=FACE_OUTER_BOUND('',#10762,.F.);
#10764=ADVANCED_FACE('',(#10763),#10756,.T.);
#10765=FILL_AREA_STYLE_COLOUR('',#22);
#10766=FILL_AREA_STYLE('',(#10765));
#10767=SURFACE_STYLE_FILL_AREA(#10766);
#10768=SURFACE_SIDE_STYLE('',(#10767));
#10769=SURFACE_STYLE_USAGE(.POSITIVE.,#10768);
#10770=PRESENTATION_STYLE_ASSIGNMENT((#10769));
#10771=STYLED_ITEM('',(#10770),#10764);
#10772=CARTESIAN_POINT('',(3.65E0,4.575E0,-1.E0));
#10773=DIRECTION('',(0.E0,1.E0,0.E0));
#10774=DIRECTION('',(0.E0,0.E0,1.E0));
#10775=AXIS2_PLACEMENT_3D('',#10772,#10773,#10774);
#10776=PLANE('',#10775);
#10778=ORIENTED_EDGE('',*,*,#10777,.T.);
#10779=ORIENTED_EDGE('',*,*,#10276,.F.);
#10780=ORIENTED_EDGE('',*,*,#10758,.F.);
#10781=ORIENTED_EDGE('',*,*,#9906,.T.);
#10782=EDGE_LOOP('',(#10778,#10779,#10780,#10781));
#10783=FACE_OUTER_BOUND('',#10782,.F.);
#10784=ADVANCED_FACE('',(#10783),#10776,.T.);
#10785=FILL_AREA_STYLE_COLOUR('',#22);
#10786=FILL_AREA_STYLE('',(#10785));
#10787=SURFACE_STYLE_FILL_AREA(#10786);
#10788=SURFACE_SIDE_STYLE('',(#10787));
#10789=SURFACE_STYLE_USAGE(.POSITIVE.,#10788);
#10790=PRESENTATION_STYLE_ASSIGNMENT((#10789));
#10791=STYLED_ITEM('',(#10790),#10784);
#10792=CARTESIAN_POINT('',(3.45E0,3.975E0,1.575E0));
#10793=DIRECTION('',(0.E0,7.071067811865E-1,7.071067811865E-1));
#10794=DIRECTION('',(0.E0,7.071067811865E-1,-7.071067811865E-1));
#10795=AXIS2_PLACEMENT_3D('',#10792,#10793,#10794);
#10796=PLANE('',#10795);
#10797=ORIENTED_EDGE('',*,*,#10278,.T.);
#10798=ORIENTED_EDGE('',*,*,#10777,.F.);
#10799=ORIENTED_EDGE('',*,*,#9904,.T.);
#10801=ORIENTED_EDGE('',*,*,#10800,.T.);
#10802=EDGE_LOOP('',(#10797,#10798,#10799,#10801));
#10803=FACE_OUTER_BOUND('',#10802,.F.);
#10804=ADVANCED_FACE('',(#10803),#10796,.T.);
#10805=FILL_AREA_STYLE_COLOUR('',#22);
#10806=FILL_AREA_STYLE('',(#10805));
#10807=SURFACE_STYLE_FILL_AREA(#10806);
#10808=SURFACE_SIDE_STYLE('',(#10807));
#10809=SURFACE_STYLE_USAGE(.POSITIVE.,#10808);
#10810=PRESENTATION_STYLE_ASSIGNMENT((#10809));
#10811=STYLED_ITEM('',(#10810),#10804);
#10812=CARTESIAN_POINT('',(3.65E0,4.575E0,2.175E0));
#10813=DIRECTION('',(0.E0,0.E0,1.E0));
#10814=DIRECTION('',(0.E0,-1.E0,0.E0));
#10815=AXIS2_PLACEMENT_3D('',#10812,#10813,#10814);
#10816=PLANE('',#10815);
#10818=ORIENTED_EDGE('',*,*,#10817,.T.);
#10819=ORIENTED_EDGE('',*,*,#10280,.F.);
#10820=ORIENTED_EDGE('',*,*,#10800,.F.);
#10821=ORIENTED_EDGE('',*,*,#9902,.T.);
#10822=EDGE_LOOP('',(#10818,#10819,#10820,#10821));
#10823=FACE_OUTER_BOUND('',#10822,.F.);
#10824=ADVANCED_FACE('',(#10823),#10816,.T.);
#10825=FILL_AREA_STYLE_COLOUR('',#22);
#10826=FILL_AREA_STYLE('',(#10825));
#10827=SURFACE_STYLE_FILL_AREA(#10826);
#10828=SURFACE_SIDE_STYLE('',(#10827));
#10829=SURFACE_STYLE_USAGE(.POSITIVE.,#10828);
#10830=PRESENTATION_STYLE_ASSIGNMENT((#10829));
#10831=STYLED_ITEM('',(#10830),#10824);
#10832=CARTESIAN_POINT('',(1.24493E1,1.3318E0,2.5875E0));
#10833=DIRECTION('',(-1.E0,0.E0,0.E0));
#10834=DIRECTION('',(0.E0,0.E0,-1.E0));
#10835=AXIS2_PLACEMENT_3D('',#10832,#10833,#10834);
#10836=CYLINDRICAL_SURFACE('',#10835,4.125E-1);
#10838=ORIENTED_EDGE('',*,*,#10837,.F.);
#10840=ORIENTED_EDGE('',*,*,#10839,.T.);
#10841=ORIENTED_EDGE('',*,*,#10282,.T.);
#10842=ORIENTED_EDGE('',*,*,#10817,.F.);
#10843=ORIENTED_EDGE('',*,*,#9900,.T.);
#10844=EDGE_LOOP('',(#10838,#10840,#10841,#10842,#10843));
#10845=FACE_OUTER_BOUND('',#10844,.F.);
#10846=ADVANCED_FACE('',(#10845),#10836,.F.);
#10847=FILL_AREA_STYLE_COLOUR('',#22);
#10848=FILL_AREA_STYLE('',(#10847));
#10849=SURFACE_STYLE_FILL_AREA(#10848);
#10850=SURFACE_SIDE_STYLE('',(#10849));
#10851=SURFACE_STYLE_USAGE(.POSITIVE.,#10850);
#10852=PRESENTATION_STYLE_ASSIGNMENT((#10851));
#10853=STYLED_ITEM('',(#10852),#10846);
#10854=CARTESIAN_POINT('',(3.45E0,1.325E0,-1.01252E1));
#10855=DIRECTION('',(0.E0,0.E0,1.E0));
#10856=DIRECTION('',(1.E0,0.E0,0.E0));
#10857=AXIS2_PLACEMENT_3D('',#10854,#10855,#10856);
#10858=CYLINDRICAL_SURFACE('',#10857,2.E-1);
#10859=ORIENTED_EDGE('',*,*,#9965,.T.);
#10861=ORIENTED_EDGE('',*,*,#10860,.F.);
#10863=ORIENTED_EDGE('',*,*,#10862,.T.);
#10864=ORIENTED_EDGE('',*,*,#10837,.T.);
#10865=ORIENTED_EDGE('',*,*,#9898,.T.);
#10866=EDGE_LOOP('',(#10859,#10861,#10863,#10864,#10865));
#10867=FACE_OUTER_BOUND('',#10866,.F.);
#10868=ADVANCED_FACE('',(#10867),#10858,.T.);
#10869=FILL_AREA_STYLE_COLOUR('',#22);
#10870=FILL_AREA_STYLE('',(#10869));
#10871=SURFACE_STYLE_FILL_AREA(#10870);
#10872=SURFACE_SIDE_STYLE('',(#10871));
#10873=SURFACE_STYLE_USAGE(.POSITIVE.,#10872);
#10874=PRESENTATION_STYLE_ASSIGNMENT((#10873));
#10875=STYLED_ITEM('',(#10874),#10868);
#10876=CARTESIAN_POINT('',(3.65E0,1.525E0,3.E0));
#10877=DIRECTION('',(0.E0,1.E0,0.E0));
#10878=DIRECTION('',(0.E0,0.E0,1.E0));
#10879=AXIS2_PLACEMENT_3D('',#10876,#10877,#10878);
#10880=PLANE('',#10879);
#10882=ORIENTED_EDGE('',*,*,#10881,.F.);
#10884=ORIENTED_EDGE('',*,*,#10883,.F.);
#10886=ORIENTED_EDGE('',*,*,#10885,.F.);
#10888=ORIENTED_EDGE('',*,*,#10887,.F.);
#10889=ORIENTED_EDGE('',*,*,#10860,.T.);
#10890=ORIENTED_EDGE('',*,*,#9963,.F.);
#10891=EDGE_LOOP('',(#10882,#10884,#10886,#10888,#10889,#10890));
#10892=FACE_OUTER_BOUND('',#10891,.F.);
#10893=ADVANCED_FACE('',(#10892),#10880,.T.);
#10894=FILL_AREA_STYLE_COLOUR('',#22);
#10895=FILL_AREA_STYLE('',(#10894));
#10896=SURFACE_STYLE_FILL_AREA(#10895);
#10897=SURFACE_SIDE_STYLE('',(#10896));
#10898=SURFACE_STYLE_USAGE(.POSITIVE.,#10897);
#10899=PRESENTATION_STYLE_ASSIGNMENT((#10898));
#10900=STYLED_ITEM('',(#10899),#10893);
#10901=CARTESIAN_POINT('',(1.998762017070E0,1.767618E1,3.725E0));
#10902=DIRECTION('',(0.E0,-1.E0,0.E0));
#10903=DIRECTION('',(0.E0,0.E0,1.E0));
#10904=AXIS2_PLACEMENT_3D('',#10901,#10902,#10903);
#10905=CYLINDRICAL_SURFACE('',#10904,1.E-1);
#10907=ORIENTED_EDGE('',*,*,#10906,.T.);
#10909=ORIENTED_EDGE('',*,*,#10908,.F.);
#10910=ORIENTED_EDGE('',*,*,#10881,.T.);
#10911=ORIENTED_EDGE('',*,*,#9961,.T.);
#10912=EDGE_LOOP('',(#10907,#10909,#10910,#10911));
#10913=FACE_OUTER_BOUND('',#10912,.F.);
#10914=ADVANCED_FACE('',(#10913),#10905,.T.);
#10915=FILL_AREA_STYLE_COLOUR('',#22);
#10916=FILL_AREA_STYLE('',(#10915));
#10917=SURFACE_STYLE_FILL_AREA(#10916);
#10918=SURFACE_SIDE_STYLE('',(#10917));
#10919=SURFACE_STYLE_USAGE(.POSITIVE.,#10918);
#10920=PRESENTATION_STYLE_ASSIGNMENT((#10919));
#10921=STYLED_ITEM('',(#10920),#10914);
#10922=CARTESIAN_POINT('',(3.25E0,1.125E0,0.E0));
#10923=DIRECTION('',(0.E0,1.E0,0.E0));
#10924=DIRECTION('',(-1.E0,0.E0,0.E0));
#10925=AXIS2_PLACEMENT_3D('',#10922,#10923,#10924);
#10926=PLANE('',#10925);
#10927=ORIENTED_EDGE('',*,*,#10906,.F.);
#10928=ORIENTED_EDGE('',*,*,#9959,.T.);
#10930=ORIENTED_EDGE('',*,*,#10929,.F.);
#10932=ORIENTED_EDGE('',*,*,#10931,.T.);
#10934=ORIENTED_EDGE('',*,*,#10933,.F.);
#10936=ORIENTED_EDGE('',*,*,#10935,.T.);
#10937=EDGE_LOOP('',(#10927,#10928,#10930,#10932,#10934,#10936));
#10938=FACE_OUTER_BOUND('',#10937,.F.);
#10939=ADVANCED_FACE('',(#10938),#10926,.F.);
#10940=FILL_AREA_STYLE_COLOUR('',#22);
#10941=FILL_AREA_STYLE('',(#10940));
#10942=SURFACE_STYLE_FILL_AREA(#10941);
#10943=SURFACE_SIDE_STYLE('',(#10942));
#10944=SURFACE_STYLE_USAGE(.POSITIVE.,#10943);
#10945=PRESENTATION_STYLE_ASSIGNMENT((#10944));
#10946=STYLED_ITEM('',(#10945),#10939);
#10947=CARTESIAN_POINT('',(3.15E0,1.025E0,-1.01252E1));
#10948=DIRECTION('',(0.E0,0.E0,1.E0));
#10949=DIRECTION('',(1.E0,0.E0,0.E0));
#10950=AXIS2_PLACEMENT_3D('',#10947,#10948,#10949);
#10951=CYLINDRICAL_SURFACE('',#10950,1.E-1);
#10952=ORIENTED_EDGE('',*,*,#10286,.F.);
#10954=ORIENTED_EDGE('',*,*,#10953,.T.);
#10955=ORIENTED_EDGE('',*,*,#10929,.T.);
#10956=ORIENTED_EDGE('',*,*,#9957,.T.);
#10957=EDGE_LOOP('',(#10952,#10954,#10955,#10956));
#10958=FACE_OUTER_BOUND('',#10957,.F.);
#10959=ADVANCED_FACE('',(#10958),#10951,.F.);
#10960=FILL_AREA_STYLE_COLOUR('',#22);
#10961=FILL_AREA_STYLE('',(#10960));
#10962=SURFACE_STYLE_FILL_AREA(#10961);
#10963=SURFACE_SIDE_STYLE('',(#10962));
#10964=SURFACE_STYLE_USAGE(.POSITIVE.,#10963);
#10965=PRESENTATION_STYLE_ASSIGNMENT((#10964));
#10966=STYLED_ITEM('',(#10965),#10959);
#10967=CARTESIAN_POINT('',(3.65E0,9.193E-1,3.E0));
#10968=DIRECTION('',(0.E0,0.E0,-1.E0));
#10969=DIRECTION('',(0.E0,1.E0,0.E0));
#10970=AXIS2_PLACEMENT_3D('',#10967,#10968,#10969);
#10971=PLANE('',#10970);
#10973=ORIENTED_EDGE('',*,*,#10972,.T.);
#10974=ORIENTED_EDGE('',*,*,#10931,.F.);
#10975=ORIENTED_EDGE('',*,*,#10953,.F.);
#10976=ORIENTED_EDGE('',*,*,#10284,.T.);
#10977=ORIENTED_EDGE('',*,*,#10839,.F.);
#10978=ORIENTED_EDGE('',*,*,#10862,.F.);
#10979=ORIENTED_EDGE('',*,*,#10887,.T.);
#10980=EDGE_LOOP('',(#10973,#10974,#10975,#10976,#10977,#10978,#10979));
#10981=FACE_OUTER_BOUND('',#10980,.F.);
#10982=ADVANCED_FACE('',(#10981),#10971,.T.);
#10983=FILL_AREA_STYLE_COLOUR('',#22);
#10984=FILL_AREA_STYLE('',(#10983));
#10985=SURFACE_STYLE_FILL_AREA(#10984);
#10986=SURFACE_SIDE_STYLE('',(#10985));
#10987=SURFACE_STYLE_USAGE(.POSITIVE.,#10986);
#10988=PRESENTATION_STYLE_ASSIGNMENT((#10987));
#10989=STYLED_ITEM('',(#10988),#10982);
#10990=CARTESIAN_POINT('',(1.998762017070E0,1.767618E1,3.1E0));
#10991=DIRECTION('',(0.E0,-1.E0,0.E0));
#10992=DIRECTION('',(-1.E0,0.E0,0.E0));
#10993=AXIS2_PLACEMENT_3D('',#10990,#10991,#10992);
#10994=CYLINDRICAL_SURFACE('',#10993,1.E-1);
#10995=ORIENTED_EDGE('',*,*,#10933,.T.);
#10996=ORIENTED_EDGE('',*,*,#10972,.F.);
#10997=ORIENTED_EDGE('',*,*,#10885,.T.);
#10999=ORIENTED_EDGE('',*,*,#10998,.T.);
#11000=EDGE_LOOP('',(#10995,#10996,#10997,#10999));
#11001=FACE_OUTER_BOUND('',#11000,.F.);
#11002=ADVANCED_FACE('',(#11001),#10994,.T.);
#11003=FILL_AREA_STYLE_COLOUR('',#22);
#11004=FILL_AREA_STYLE('',(#11003));
#11005=SURFACE_STYLE_FILL_AREA(#11004);
#11006=SURFACE_SIDE_STYLE('',(#11005));
#11007=SURFACE_STYLE_USAGE(.POSITIVE.,#11006);
#11008=PRESENTATION_STYLE_ASSIGNMENT((#11007));
#11009=STYLED_ITEM('',(#11008),#11002);
#11010=CARTESIAN_POINT('',(1.898762017070E0,1.525E0,3.E0));
#11011=DIRECTION('',(-1.E0,0.E0,0.E0));
#11012=DIRECTION('',(0.E0,0.E0,1.E0));
#11013=AXIS2_PLACEMENT_3D('',#11010,#11011,#11012);
#11014=PLANE('',#11013);
#11015=ORIENTED_EDGE('',*,*,#10908,.T.);
#11016=ORIENTED_EDGE('',*,*,#10935,.F.);
#11017=ORIENTED_EDGE('',*,*,#10998,.F.);
#11018=ORIENTED_EDGE('',*,*,#10883,.T.);
#11019=EDGE_LOOP('',(#11015,#11016,#11017,#11018));
#11020=FACE_OUTER_BOUND('',#11019,.F.);
#11021=ADVANCED_FACE('',(#11020),#11014,.T.);
#11022=FILL_AREA_STYLE_COLOUR('',#22);
#11023=FILL_AREA_STYLE('',(#11022));
#11024=SURFACE_STYLE_FILL_AREA(#11023);
#11025=SURFACE_SIDE_STYLE('',(#11024));
#11026=SURFACE_STYLE_USAGE(.POSITIVE.,#11025);
#11027=PRESENTATION_STYLE_ASSIGNMENT((#11026));
#11028=STYLED_ITEM('',(#11027),#11021);
#11029=CARTESIAN_POINT('',(3.65E0,1.0722E0,-6.272E-1));
#11030=DIRECTION('',(0.E0,0.E0,-1.E0));
#11031=DIRECTION('',(0.E0,1.E0,0.E0));
#11032=AXIS2_PLACEMENT_3D('',#11029,#11030,#11031);
#11033=PLANE('',#11032);
#11034=ORIENTED_EDGE('',*,*,#10335,.F.);
#11035=ORIENTED_EDGE('',*,*,#10303,.F.);
#11037=ORIENTED_EDGE('',*,*,#11036,.F.);
#11038=ORIENTED_EDGE('',*,*,#9920,.T.);
#11039=EDGE_LOOP('',(#11034,#11035,#11037,#11038));
#11040=FACE_OUTER_BOUND('',#11039,.F.);
#11041=ADVANCED_FACE('',(#11040),#11033,.T.);
#11042=FILL_AREA_STYLE_COLOUR('',#22);
#11043=FILL_AREA_STYLE('',(#11042));
#11044=SURFACE_STYLE_FILL_AREA(#11043);
#11045=SURFACE_SIDE_STYLE('',(#11044));
#11046=SURFACE_STYLE_USAGE(.POSITIVE.,#11045);
#11047=PRESENTATION_STYLE_ASSIGNMENT((#11046));
#11048=STYLED_ITEM('',(#11047),#11041);
#11049=CARTESIAN_POINT('',(3.65E0,1.0722E0,-9.826E-1));
#11050=DIRECTION('',(1.E0,0.E0,0.E0));
#11051=DIRECTION('',(0.E0,1.E0,0.E0));
#11052=AXIS2_PLACEMENT_3D('',#11049,#11050,#11051);
#11053=CYLINDRICAL_SURFACE('',#11052,3.554E-1);
#11054=ORIENTED_EDGE('',*,*,#9922,.T.);
#11055=ORIENTED_EDGE('',*,*,#11036,.T.);
#11056=ORIENTED_EDGE('',*,*,#10301,.F.);
#11058=ORIENTED_EDGE('',*,*,#11057,.F.);
#11059=EDGE_LOOP('',(#11054,#11055,#11056,#11058));
#11060=FACE_OUTER_BOUND('',#11059,.F.);
#11061=ADVANCED_FACE('',(#11060),#11053,.F.);
#11062=FILL_AREA_STYLE_COLOUR('',#22);
#11063=FILL_AREA_STYLE('',(#11062));
#11064=SURFACE_STYLE_FILL_AREA(#11063);
#11065=SURFACE_SIDE_STYLE('',(#11064));
#11066=SURFACE_STYLE_USAGE(.POSITIVE.,#11065);
#11067=PRESENTATION_STYLE_ASSIGNMENT((#11066));
#11068=STYLED_ITEM('',(#11067),#11061);
#11069=CARTESIAN_POINT('',(3.65E0,7.168E-1,-1.E0));
#11070=DIRECTION('',(0.E0,1.E0,0.E0));
#11071=DIRECTION('',(0.E0,0.E0,1.E0));
#11072=AXIS2_PLACEMENT_3D('',#11069,#11070,#11071);
#11073=PLANE('',#11072);
#11074=ORIENTED_EDGE('',*,*,#9924,.T.);
#11075=ORIENTED_EDGE('',*,*,#11057,.T.);
#11076=ORIENTED_EDGE('',*,*,#10299,.F.);
#11078=ORIENTED_EDGE('',*,*,#11077,.F.);
#11079=EDGE_LOOP('',(#11074,#11075,#11076,#11078));
#11080=FACE_OUTER_BOUND('',#11079,.F.);
#11081=ADVANCED_FACE('',(#11080),#11073,.T.);
#11082=FILL_AREA_STYLE_COLOUR('',#22);
#11083=FILL_AREA_STYLE('',(#11082));
#11084=SURFACE_STYLE_FILL_AREA(#11083);
#11085=SURFACE_SIDE_STYLE('',(#11084));
#11086=SURFACE_STYLE_USAGE(.POSITIVE.,#11085);
#11087=PRESENTATION_STYLE_ASSIGNMENT((#11086));
#11088=STYLED_ITEM('',(#11087),#11081);
#11089=CARTESIAN_POINT('',(3.65E0,-1.025E0,-1.E0));
#11090=DIRECTION('',(0.E0,0.E0,-1.E0));
#11091=DIRECTION('',(0.E0,1.E0,0.E0));
#11092=AXIS2_PLACEMENT_3D('',#11089,#11090,#11091);
#11093=PLANE('',#11092);
#11094=ORIENTED_EDGE('',*,*,#9926,.T.);
#11095=ORIENTED_EDGE('',*,*,#11077,.T.);
#11096=ORIENTED_EDGE('',*,*,#10297,.F.);
#11098=ORIENTED_EDGE('',*,*,#11097,.F.);
#11099=EDGE_LOOP('',(#11094,#11095,#11096,#11098));
#11100=FACE_OUTER_BOUND('',#11099,.F.);
#11101=ADVANCED_FACE('',(#11100),#11093,.T.);
#11102=FILL_AREA_STYLE_COLOUR('',#22);
#11103=FILL_AREA_STYLE('',(#11102));
#11104=SURFACE_STYLE_FILL_AREA(#11103);
#11105=SURFACE_SIDE_STYLE('',(#11104));
#11106=SURFACE_STYLE_USAGE(.POSITIVE.,#11105);
#11107=PRESENTATION_STYLE_ASSIGNMENT((#11106));
#11108=STYLED_ITEM('',(#11107),#11101);
#11109=CARTESIAN_POINT('',(3.65E0,-1.025E0,-5.E-1));
#11110=DIRECTION('',(0.E0,-1.E0,0.E0));
#11111=DIRECTION('',(0.E0,0.E0,-1.E0));
#11112=AXIS2_PLACEMENT_3D('',#11109,#11110,#11111);
#11113=PLANE('',#11112);
#11114=ORIENTED_EDGE('',*,*,#9928,.T.);
#11115=ORIENTED_EDGE('',*,*,#11097,.T.);
#11116=ORIENTED_EDGE('',*,*,#10295,.F.);
#11118=ORIENTED_EDGE('',*,*,#11117,.F.);
#11119=EDGE_LOOP('',(#11114,#11115,#11116,#11118));
#11120=FACE_OUTER_BOUND('',#11119,.F.);
#11121=ADVANCED_FACE('',(#11120),#11113,.T.);
#11122=FILL_AREA_STYLE_COLOUR('',#22);
#11123=FILL_AREA_STYLE('',(#11122));
#11124=SURFACE_STYLE_FILL_AREA(#11123);
#11125=SURFACE_SIDE_STYLE('',(#11124));
#11126=SURFACE_STYLE_USAGE(.POSITIVE.,#11125);
#11127=PRESENTATION_STYLE_ASSIGNMENT((#11126));
#11128=STYLED_ITEM('',(#11127),#11121);
#11129=CARTESIAN_POINT('',(3.65E0,2.5E-2,2.5E-2));
#11130=DIRECTION('',(0.E0,-4.472135955E-1,8.944271909999E-1));
#11131=DIRECTION('',(0.E0,-8.944271909999E-1,-4.472135955E-1));
#11132=AXIS2_PLACEMENT_3D('',#11129,#11130,#11131);
#11133=PLANE('',#11132);
#11134=ORIENTED_EDGE('',*,*,#9930,.T.);
#11135=ORIENTED_EDGE('',*,*,#11117,.T.);
#11136=ORIENTED_EDGE('',*,*,#10293,.F.);
#11138=ORIENTED_EDGE('',*,*,#11137,.F.);
#11139=EDGE_LOOP('',(#11134,#11135,#11136,#11138));
#11140=FACE_OUTER_BOUND('',#11139,.F.);
#11141=ADVANCED_FACE('',(#11140),#11133,.T.);
#11142=FILL_AREA_STYLE_COLOUR('',#22);
#11143=FILL_AREA_STYLE('',(#11142));
#11144=SURFACE_STYLE_FILL_AREA(#11143);
#11145=SURFACE_SIDE_STYLE('',(#11144));
#11146=SURFACE_STYLE_USAGE(.POSITIVE.,#11145);
#11147=PRESENTATION_STYLE_ASSIGNMENT((#11146));
#11148=STYLED_ITEM('',(#11147),#11141);
#11149=CARTESIAN_POINT('',(3.65E0,2.5E-2,8.25E-1));
#11150=DIRECTION('',(0.E0,-1.E0,0.E0));
#11151=DIRECTION('',(0.E0,0.E0,-1.E0));
#11152=AXIS2_PLACEMENT_3D('',#11149,#11150,#11151);
#11153=PLANE('',#11152);
#11154=ORIENTED_EDGE('',*,*,#9932,.T.);
#11155=ORIENTED_EDGE('',*,*,#11137,.T.);
#11156=ORIENTED_EDGE('',*,*,#10291,.F.);
#11157=ORIENTED_EDGE('',*,*,#9872,.F.);
#11158=EDGE_LOOP('',(#11154,#11155,#11156,#11157));
#11159=FACE_OUTER_BOUND('',#11158,.F.);
#11160=ADVANCED_FACE('',(#11159),#11153,.T.);
#11161=FILL_AREA_STYLE_COLOUR('',#22);
#11162=FILL_AREA_STYLE('',(#11161));
#11163=SURFACE_STYLE_FILL_AREA(#11162);
#11164=SURFACE_SIDE_STYLE('',(#11163));
#11165=SURFACE_STYLE_USAGE(.POSITIVE.,#11164);
#11166=PRESENTATION_STYLE_ASSIGNMENT((#11165));
#11167=STYLED_ITEM('',(#11166),#11160);
#11168=CARTESIAN_POINT('',(-4.259845958591E0,3.375E0,-1.641629988241E0));
#11169=DIRECTION('',(0.E0,1.E0,0.E0));
#11170=DIRECTION('',(-1.E0,0.E0,0.E0));
#11171=AXIS2_PLACEMENT_3D('',#11168,#11169,#11170);
#11172=CYLINDRICAL_SURFACE('',#11171,1.009845958591E0);
#11173=ORIENTED_EDGE('',*,*,#8404,.T.);
#11175=ORIENTED_EDGE('',*,*,#11174,.T.);
#11176=ORIENTED_EDGE('',*,*,#8548,.F.);
#11177=ORIENTED_EDGE('',*,*,#8335,.F.);
#11178=EDGE_LOOP('',(#11173,#11175,#11176,#11177));
#11179=FACE_OUTER_BOUND('',#11178,.F.);
#11180=ADVANCED_FACE('',(#11179),#11172,.T.);
#11181=FILL_AREA_STYLE_COLOUR('',#22);
#11182=FILL_AREA_STYLE('',(#11181));
#11183=SURFACE_STYLE_FILL_AREA(#11182);
#11184=SURFACE_SIDE_STYLE('',(#11183));
#11185=SURFACE_STYLE_USAGE(.POSITIVE.,#11184);
#11186=PRESENTATION_STYLE_ASSIGNMENT((#11185));
#11187=STYLED_ITEM('',(#11186),#11180);
#11188=CARTESIAN_POINT('',(-3.377599216582E0,3.375E0,-2.132984795175E0));
#11189=DIRECTION('',(-8.736448707884E-1,0.E0,4.865641167875E-1));
#11190=DIRECTION('',(-4.865641167875E-1,0.E0,-8.736448707884E-1));
#11191=AXIS2_PLACEMENT_3D('',#11188,#11189,#11190);
#11192=PLANE('',#11191);
#11193=ORIENTED_EDGE('',*,*,#8402,.T.);
#11195=ORIENTED_EDGE('',*,*,#11194,.T.);
#11196=ORIENTED_EDGE('',*,*,#8550,.F.);
#11197=ORIENTED_EDGE('',*,*,#11174,.F.);
#11198=EDGE_LOOP('',(#11193,#11195,#11196,#11197));
#11199=FACE_OUTER_BOUND('',#11198,.F.);
#11200=ADVANCED_FACE('',(#11199),#11192,.F.);
#11201=FILL_AREA_STYLE_COLOUR('',#22);
#11202=FILL_AREA_STYLE('',(#11201));
#11203=SURFACE_STYLE_FILL_AREA(#11202);
#11204=SURFACE_SIDE_STYLE('',(#11203));
#11205=SURFACE_STYLE_USAGE(.POSITIVE.,#11204);
#11206=PRESENTATION_STYLE_ASSIGNMENT((#11205));
#11207=STYLED_ITEM('',(#11206),#11200);
#11208=CARTESIAN_POINT('',(-3.567793147246E0,3.375E0,-2.762931301025E0));
#11209=DIRECTION('',(0.E0,1.E0,0.E0));
#11210=DIRECTION('',(-1.E0,0.E0,0.E0));
#11211=AXIS2_PLACEMENT_3D('',#11208,#11209,#11210);
#11212=CYLINDRICAL_SURFACE('',#11211,1.403474132620E-1);
#11213=ORIENTED_EDGE('',*,*,#8400,.T.);
#11215=ORIENTED_EDGE('',*,*,#11214,.T.);
#11216=ORIENTED_EDGE('',*,*,#8552,.F.);
#11217=ORIENTED_EDGE('',*,*,#11194,.F.);
#11218=EDGE_LOOP('',(#11213,#11215,#11216,#11217));
#11219=FACE_OUTER_BOUND('',#11218,.F.);
#11220=ADVANCED_FACE('',(#11219),#11212,.F.);
#11221=FILL_AREA_STYLE_COLOUR('',#22);
#11222=FILL_AREA_STYLE('',(#11221));
#11223=SURFACE_STYLE_FILL_AREA(#11222);
#11224=SURFACE_SIDE_STYLE('',(#11223));
#11225=SURFACE_STYLE_USAGE(.POSITIVE.,#11224);
#11226=PRESENTATION_STYLE_ASSIGNMENT((#11225));
#11227=STYLED_ITEM('',(#11226),#11220);
#11228=CARTESIAN_POINT('',(-3.686833840787E0,3.375E0,-2.837273144496E0));
#11229=DIRECTION('',(-8.481858751343E-1,0.E0,-5.296987079677E-1));
#11230=DIRECTION('',(5.296987079677E-1,0.E0,-8.481858751343E-1));
#11231=AXIS2_PLACEMENT_3D('',#11228,#11229,#11230);
#11232=PLANE('',#11231);
#11233=ORIENTED_EDGE('',*,*,#8398,.T.);
#11235=ORIENTED_EDGE('',*,*,#11234,.T.);
#11236=ORIENTED_EDGE('',*,*,#8554,.F.);
#11237=ORIENTED_EDGE('',*,*,#11214,.F.);
#11238=EDGE_LOOP('',(#11233,#11235,#11236,#11237));
#11239=FACE_OUTER_BOUND('',#11238,.F.);
#11240=ADVANCED_FACE('',(#11239),#11232,.F.);
#11241=FILL_AREA_STYLE_COLOUR('',#22);
#11242=FILL_AREA_STYLE('',(#11241));
#11243=SURFACE_STYLE_FILL_AREA(#11242);
#11244=SURFACE_SIDE_STYLE('',(#11243));
#11245=SURFACE_STYLE_USAGE(.POSITIVE.,#11244);
#11246=PRESENTATION_STYLE_ASSIGNMENT((#11245));
#11247=STYLED_ITEM('',(#11246),#11240);
#11248=CARTESIAN_POINT('',(-4.238254278924E0,3.375E0,-3.819996425119E0));
#11249=DIRECTION('',(0.E0,1.E0,0.E0));
#11250=DIRECTION('',(-1.E0,0.E0,0.E0));
#11251=AXIS2_PLACEMENT_3D('',#11248,#11249,#11250);
#11252=CYLINDRICAL_SURFACE('',#11251,9.882542789239E-1);
#11253=ORIENTED_EDGE('',*,*,#8396,.T.);
#11254=ORIENTED_EDGE('',*,*,#8510,.T.);
#11255=ORIENTED_EDGE('',*,*,#8556,.F.);
#11256=ORIENTED_EDGE('',*,*,#11234,.F.);
#11257=EDGE_LOOP('',(#11253,#11254,#11255,#11256));
#11258=FACE_OUTER_BOUND('',#11257,.F.);
#11259=ADVANCED_FACE('',(#11258),#11252,.T.);
#11260=FILL_AREA_STYLE_COLOUR('',#22);
#11261=FILL_AREA_STYLE('',(#11260));
#11262=SURFACE_STYLE_FILL_AREA(#11261);
#11263=SURFACE_SIDE_STYLE('',(#11262));
#11264=SURFACE_STYLE_USAGE(.POSITIVE.,#11263);
#11265=PRESENTATION_STYLE_ASSIGNMENT((#11264));
#11266=STYLED_ITEM('',(#11265),#11259);
#11267=CARTESIAN_POINT('',(-3.25E0,3.375E0,-4.5E0));
#11268=DIRECTION('',(0.E0,0.E0,1.E0));
#11269=DIRECTION('',(-1.E0,0.E0,0.E0));
#11270=AXIS2_PLACEMENT_3D('',#11267,#11268,#11269);
#11271=PLANE('',#11270);
#11272=ORIENTED_EDGE('',*,*,#8487,.T.);
#11273=ORIENTED_EDGE('',*,*,#8514,.F.);
#11274=ORIENTED_EDGE('',*,*,#8440,.T.);
#11275=ORIENTED_EDGE('',*,*,#8462,.T.);
#11276=EDGE_LOOP('',(#11272,#11273,#11274,#11275));
#11277=FACE_OUTER_BOUND('',#11276,.F.);
#11278=ADVANCED_FACE('',(#11277),#11271,.F.);
#11279=FILL_AREA_STYLE_COLOUR('',#22);
#11280=FILL_AREA_STYLE('',(#11279));
#11281=SURFACE_STYLE_FILL_AREA(#11280);
#11282=SURFACE_SIDE_STYLE('',(#11281));
#11283=SURFACE_STYLE_USAGE(.POSITIVE.,#11282);
#11284=PRESENTATION_STYLE_ASSIGNMENT((#11283));
#11285=STYLED_ITEM('',(#11284),#11278);
#11286=CLOSED_SHELL('',(#8379,#8425,#8447,#8472,#8494,#8518,#8561,#8581,#8601,
#8621,#8641,#8661,#8715,#8737,#8771,#8794,#8816,#8836,#8856,#8876,#8896,#8916,
#8935,#8961,#8983,#9006,#9027,#9047,#9069,#9088,#9131,#9153,#9173,#9238,#9260,
#9306,#9324,#9343,#9362,#9381,#9425,#9444,#9490,#9534,#9555,#9574,#9620,#9664,
#9685,#9704,#9750,#9794,#9815,#9834,#9856,#9882,#9937,#9970,#9990,#10010,#10030,
#10050,#10070,#10093,#10113,#10133,#10153,#10173,#10193,#10213,#10232,#10251,
#10307,#10352,#10374,#10399,#10420,#10463,#10484,#10507,#10526,#10546,#10566,
#10586,#10606,#10625,#10645,#10665,#10685,#10704,#10724,#10744,#10764,#10784,
#10804,#10824,#10846,#10868,#10893,#10914,#10939,#10959,#10982,#11002,#11021,
#11041,#11061,#11081,#11101,#11121,#11141,#11160,#11180,#11200,#11220,#11240,
#11259,#11278));
#11287=MANIFOLD_SOLID_BREP('',#11286);
#11289=DIMENSIONAL_EXPONENTS(0.E0,0.E0,0.E0,0.E0,0.E0,0.E0,0.E0);
#11291=PLANE_ANGLE_MEASURE_WITH_UNIT(PLANE_ANGLE_MEASURE(1.745329251994E-2),
#11290);
#11292=(CONVERSION_BASED_UNIT('DEGREE',#11291)NAMED_UNIT(*)PLANE_ANGLE_UNIT());
#11294=UNCERTAINTY_MEASURE_WITH_UNIT(LENGTH_MEASURE(1.682196477748E-3),#11288,
'closure',
'Maximum model space distance between geometric entities at asserted connectivities');
#11295=(GEOMETRIC_REPRESENTATION_CONTEXT(3)GLOBAL_UNCERTAINTY_ASSIGNED_CONTEXT((
#11294))GLOBAL_UNIT_ASSIGNED_CONTEXT((#11288,#11292,#11293))REPRESENTATION_CONTEXT('ID1','3'));
#11297=MECHANICAL_DESIGN_GEOMETRIC_PRESENTATION_REPRESENTATION('',(#2537,#2765,
#2804,#2825,#2849,#2873,#2898,#2923,#2946,#2969,#2990,#3027,#3065,#3086,#3119,
#3138,#3158,#3177,#3197,#3217,#3251,#3271,#3321,#3340,#3362,#3383,#3404,#3424,
#3443,#3466,#3489,#3510,#3530,#3550,#3569,#3590,#3610,#3630,#3649,#3669,#3689,
#3722,#3742,#3774,#3793,#3812,#3831,#3853,#3875,#3893,#3913,#3932,#3952,#3972,
#3991,#4011,#4030,#4056,#4082,#4103,#4128,#4154,#4174,#4194,#4214,#4233,#4253,
#4273,#4293,#4313,#4332,#4354,#4375,#4396,#4417,#4438,#4458,#4479,#4573,#4612,
#4681,#4720,#4741,#4761,#4781,#4801,#4821,#4841,#4861,#4881,#4900,#4920,#4940,
#4960,#4980,#5000,#5020,#5040,#5060,#5080,#5100,#5120,#5140,#5160,#5180,#5200,
#5220,#5240,#5260,#5280,#5300,#5320,#5340,#5360,#5380,#5400,#5420,#5440,#5460,
#5480,#5499,#5520,#5540,#5560,#5580,#5600,#5620,#5640,#5660,#5680,#5700,#5720,
#5739,#5760,#5780,#5800,#5820,#5840,#5860,#5880,#5900,#5920,#5940,#5960,#5980,
#6000,#6019,#6040,#6060,#6080,#6100,#6120,#6140,#6160,#6180,#6200,#6220,#6240,
#6259,#6280,#6300,#6320,#6340,#6360,#6380,#6400,#6419,#6440,#6460,#6479,#8386,
#8432,#8454,#8479,#8501,#8525,#8568,#8588,#8608,#8628,#8648,#8668,#8722,#8744,
#8778,#8801,#8823,#8843,#8863,#8883,#8903,#8923,#8942,#8968,#8990,#9013,#9034,
#9054,#9076,#9095,#9138,#9160,#9180,#9245,#9267,#9313,#9331,#9350,#9369,#9388,
#9432,#9451,#9497,#9541,#9562,#9581,#9627,#9671,#9692,#9711,#9757,#9801,#9822,
#9841,#9863,#9889,#9944,#9977,#9997,#10017,#10037,#10057,#10077,#10100,#10120,
#10140,#10160,#10180,#10200,#10220,#10239,#10258,#10314,#10359,#10381,#10406,
#10427,#10470,#10491,#10514,#10533,#10553,#10573,#10593,#10613,#10632,#10652,
#10672,#10692,#10711,#10731,#10751,#10771,#10791,#10811,#10831,#10853,#10875,
#10900,#10921,#10946,#10966,#10989,#11009,#11028,#11048,#11068,#11088,#11108,
#11128,#11148,#11167,#11187,#11207,#11227,#11247,#11266,#11285),#11295);
#11298=APPLICATION_CONTEXT(
'CONFIGURATION CONTROLLED 3D DESIGNS OF MECHANICAL PARTS AND ASSEMBLIES');
#11299=APPLICATION_PROTOCOL_DEFINITION('international standard',
'ccd_cla_gvp_ast_asd',1995,#11298);
#11300=DESIGN_CONTEXT('',#11298,'design');
#11301=MECHANICAL_CONTEXT('',#11298,'mechanical');
#11302=PRODUCT('187','187','NOT SPECIFIED',(#11301));
#11303=PRODUCT_DEFINITION_FORMATION_WITH_SPECIFIED_SOURCE('1','LAST_VERSION',
#11302,.MADE.);
#11311=DERIVED_UNIT_ELEMENT(#11310,2.E0);
#11312=DERIVED_UNIT((#11311));
#11313=MEASURE_REPRESENTATION_ITEM('surface area measure',AREA_MEASURE(
4.293002476820E2),#11312);
#11318=DERIVED_UNIT_ELEMENT(#11317,3.E0);
#11319=DERIVED_UNIT((#11318));
#11320=MEASURE_REPRESENTATION_ITEM('volume measure',VOLUME_MEASURE(
1.672098875910E2),#11319);
#11324=CARTESIAN_POINT('centre point',(6.456883241326E-6,-7.444488473833E-1,
2.631542164263E0));
#11329=DERIVED_UNIT_ELEMENT(#11328,2.E0);
#11330=DERIVED_UNIT((#11329));
#11331=MEASURE_REPRESENTATION_ITEM('surface area measure',AREA_MEASURE(
4.293002476820E2),#11330);
#11336=DERIVED_UNIT_ELEMENT(#11335,3.E0);
#11337=DERIVED_UNIT((#11336));
#11338=MEASURE_REPRESENTATION_ITEM('volume measure',VOLUME_MEASURE(
1.672098875910E2),#11337);
#11342=CARTESIAN_POINT('centre point',(6.456883241326E-6,-7.444488473833E-1,
2.631542164263E0));
#11347=PRODUCT_CATEGORY('part','');
#11348=PRODUCT_RELATED_PRODUCT_CATEGORY('detail','',(#11302));
#11349=PRODUCT_CATEGORY_RELATIONSHIP('','',#11347,#11348);
#11350=SECURITY_CLASSIFICATION_LEVEL('unclassified');
#11351=SECURITY_CLASSIFICATION('','',#11350);
#11352=CC_DESIGN_SECURITY_CLASSIFICATION(#11351,(#11303));
#11353=APPROVAL_STATUS('approved');
#11354=APPROVAL(#11353,'');
#11355=CC_DESIGN_APPROVAL(#11354,(#11351,#11303,#11304));
#11356=CALENDAR_DATE(121,13,9);
#11357=COORDINATED_UNIVERSAL_TIME_OFFSET(8,0,.AHEAD.);
#11358=LOCAL_TIME(17,38,1.9E1,#11357);
#11359=DATE_AND_TIME(#11356,#11358);
#11360=APPROVAL_DATE_TIME(#11359,#11354);
#11361=DATE_TIME_ROLE('creation_date');
#11362=CC_DESIGN_DATE_AND_TIME_ASSIGNMENT(#11359,#11361,(#11304));
#11363=DATE_TIME_ROLE('classification_date');
#11364=CC_DESIGN_DATE_AND_TIME_ASSIGNMENT(#11359,#11363,(#11351));
#11365=PERSON('UNSPECIFIED','UNSPECIFIED',$,$,$,$);
#11366=ORGANIZATION('UNSPECIFIED','UNSPECIFIED','UNSPECIFIED');
#11367=PERSON_AND_ORGANIZATION(#11365,#11366);
#11368=APPROVAL_ROLE('approver');
#11369=APPROVAL_PERSON_ORGANIZATION(#11367,#11354,#11368);
#11370=PERSON_AND_ORGANIZATION_ROLE('creator');
#11371=CC_DESIGN_PERSON_AND_ORGANIZATION_ASSIGNMENT(#11367,#11370,(#11303,
#11304));
#11372=PERSON_AND_ORGANIZATION_ROLE('design_supplier');
#11373=CC_DESIGN_PERSON_AND_ORGANIZATION_ASSIGNMENT(#11367,#11372,(#11303));
#11374=PERSON_AND_ORGANIZATION_ROLE('classification_officer');
#11375=CC_DESIGN_PERSON_AND_ORGANIZATION_ASSIGNMENT(#11367,#11374,(#11351));
#11376=PERSON_AND_ORGANIZATION_ROLE('design_owner');
#11377=CC_DESIGN_PERSON_AND_ORGANIZATION_ASSIGNMENT(#11367,#11376,(#11302));
#1=DRAUGHTING_PRE_DEFINED_COLOUR('green');
#2=COLOUR_RGB('',1.1E-2,1.2E-2,1.E0);
#3=COLOUR_RGB('',5.9516E-2,7.38259E-1,7.6699E-1);
#4=COLOUR_RGB('',2.E-1,2.E-1,6.E-1);
#5=COLOUR_RGB('',2.05822E-1,6.19062E-1,1.E0);
#6=COLOUR_RGB('',2.36094E-1,9.46602E-1,5.52616E-1);
#7=COLOUR_RGB('',2.49026E-1,9.46602E-1,4.73599E-1);
#8=COLOUR_RGB('',3.20388E-1,3.20388E-1,3.20388E-1);
#9=COLOUR_RGB('',4.1E-1,2.61589E-1,1.12848E-1);
#10=COLOUR_RGB('',5.13725E-1,0.E0,0.E0);
#11=COLOUR_RGB('',6.26154E-1,6.64103E-1,7.18447E-1);
#12=COLOUR_RGB('',6.35294E-1,6.86275E-1,7.4902E-1);
#13=COLOUR_RGB('',6.40777E-1,6.40777E-1,6.40777E-1);
#14=COLOUR_RGB('',6.69062E-1,6.69903E-1,6.55217E-1);
#15=COLOUR_RGB('',6.86275E-1,2.0726E-1,1.8798E-1);
#16=COLOUR_RGB('',6.86275E-1,2.79807E-1,2.47651E-1);
#17=COLOUR_RGB('',6.86275E-1,3.13725E-1,2.35294E-1);
#18=COLOUR_RGB('',6.86275E-1,4.07471E-1,2.42725E-1);
#19=COLOUR_RGB('',6.86275E-1,5.35447E-1,4.36243E-1);
#20=COLOUR_RGB('',8.03922E-1,5.88235E-1,1.96078E-1);
#21=COLOUR_RGB('',8.20388E-1,8.20388E-1,8.20388E-1);
#22=COLOUR_RGB('',8.446601941748E-1,8.446601941748E-1,8.446601941748E-1);
#23=COLOUR_RGB('',8.5098E-1,8.07843E-1,7.37255E-1);
#24=COLOUR_RGB('',9.02913E-1,8.84262E-1,8.43606E-1);
#25=COLOUR_RGB('',9.21569E-1,7.05882E-1,4.70588E-1);
#26=COLOUR_RGB('',9.7085E-1,9.7085E-1,9.70874E-1);
#27=DRAUGHTING_PRE_DEFINED_COLOUR('red');
#28=DRAUGHTING_PRE_DEFINED_COLOUR('yellow');
#29=COLOUR_RGB('',1.E0,1.E0,5.3E-1);
#30=DRAUGHTING_PRE_DEFINED_COLOUR('white');
#931=CIRCLE('',#930,2.E-1);
#936=CIRCLE('',#935,2.E-1);
#941=CIRCLE('',#940,2.E-1);
#946=CIRCLE('',#945,2.E-1);
#951=CIRCLE('',#950,2.E-1);
#960=CIRCLE('',#959,1.6E0);
#965=CIRCLE('',#964,1.6E0);
#970=CIRCLE('',#969,2.E-1);
#975=CIRCLE('',#974,2.E-1);
#980=CIRCLE('',#979,2.E-1);
#985=CIRCLE('',#984,1.6E0);
#994=CIRCLE('',#993,2.E-1);
#999=CIRCLE('',#998,1.4E0);
#1004=CIRCLE('',#1003,1.4E0);
#1009=CIRCLE('',#1008,2.E-1);
#1014=CIRCLE('',#1013,1.6E0);
#2520=EDGE_CURVE('',#2400,#2402,#266,.T.);
#2522=EDGE_CURVE('',#2400,#2210,#34,.T.);
#2524=EDGE_CURVE('',#2210,#2212,#1230,.T.);
#2526=EDGE_CURVE('',#2402,#2212,#1582,.T.);
#2543=EDGE_CURVE('',#1941,#1942,#38,.T.);
#2545=EDGE_CURVE('',#1914,#1941,#42,.T.);
#2547=EDGE_CURVE('',#1914,#1909,#46,.T.);
#2549=EDGE_CURVE('',#1946,#1909,#50,.T.);
#2551=EDGE_CURVE('',#1945,#1946,#54,.T.);
#2553=EDGE_CURVE('',#1950,#1945,#58,.T.);
#2555=EDGE_CURVE('',#1950,#1922,#62,.T.);
#2557=EDGE_CURVE('',#1922,#1920,#66,.T.);
#2559=EDGE_CURVE('',#1918,#1920,#70,.T.);
#2561=EDGE_CURVE('',#1917,#1918,#74,.T.);
#2563=EDGE_CURVE('',#1917,#1948,#78,.T.);
#2565=EDGE_CURVE('',#1948,#1942,#82,.T.);
#2569=EDGE_CURVE('',#2121,#2122,#86,.T.);
#2571=EDGE_CURVE('',#2122,#2130,#90,.T.);
#2573=EDGE_CURVE('',#2129,#2130,#94,.T.);
#2575=EDGE_CURVE('',#2121,#2129,#98,.T.);
#2579=EDGE_CURVE('',#2125,#2126,#102,.T.);
#2581=EDGE_CURVE('',#2126,#2134,#106,.T.);
#2583=EDGE_CURVE('',#2133,#2134,#110,.T.);
#2585=EDGE_CURVE('',#2125,#2133,#114,.T.);
#2589=EDGE_CURVE('',#2327,#2328,#118,.T.);
#2591=EDGE_CURVE('',#2328,#2330,#122,.T.);
#2593=EDGE_CURVE('',#2330,#2332,#126,.T.);
#2595=EDGE_CURVE('',#2332,#2334,#130,.T.);
#2597=EDGE_CURVE('',#2334,#2336,#134,.T.);
#2599=EDGE_CURVE('',#2336,#2327,#138,.T.);
#2603=EDGE_CURVE('',#2339,#2340,#142,.T.);
#2605=EDGE_CURVE('',#2340,#2342,#146,.T.);
#2607=EDGE_CURVE('',#2342,#2344,#150,.T.);
#2609=EDGE_CURVE('',#2344,#2346,#154,.T.);
#2611=EDGE_CURVE('',#2346,#2348,#158,.T.);
#2613=EDGE_CURVE('',#2348,#2350,#162,.T.);
#2615=EDGE_CURVE('',#2350,#2352,#166,.T.);
#2617=EDGE_CURVE('',#2352,#2354,#170,.T.);
#2619=EDGE_CURVE('',#2354,#2356,#174,.T.);
#2621=EDGE_CURVE('',#2356,#2358,#178,.T.);
#2623=EDGE_CURVE('',#2358,#2360,#182,.T.);
#2625=EDGE_CURVE('',#2360,#2362,#186,.T.);
#2627=EDGE_CURVE('',#2362,#2364,#190,.T.);
#2629=EDGE_CURVE('',#2364,#2366,#194,.T.);
#2631=EDGE_CURVE('',#2366,#2368,#198,.T.);
#2633=EDGE_CURVE('',#2368,#2370,#202,.T.);
#2635=EDGE_CURVE('',#2370,#2372,#206,.T.);
#2637=EDGE_CURVE('',#2372,#2374,#210,.T.);
#2639=EDGE_CURVE('',#2374,#2376,#214,.T.);
#2641=EDGE_CURVE('',#2376,#2378,#218,.T.);
#2643=EDGE_CURVE('',#2378,#2380,#222,.T.);
#2645=EDGE_CURVE('',#2380,#2382,#226,.T.);
#2647=EDGE_CURVE('',#2382,#2384,#230,.T.);
#2649=EDGE_CURVE('',#2384,#2386,#234,.T.);
#2651=EDGE_CURVE('',#2386,#2388,#238,.T.);
#2653=EDGE_CURVE('',#2388,#2390,#242,.T.);
#2655=EDGE_CURVE('',#2390,#2392,#246,.T.);
#2657=EDGE_CURVE('',#2392,#2394,#250,.T.);
#2659=EDGE_CURVE('',#2394,#2396,#254,.T.);
#2661=EDGE_CURVE('',#2396,#2398,#258,.T.);
#2663=EDGE_CURVE('',#2398,#2400,#262,.T.);
#2666=EDGE_CURVE('',#2402,#2404,#270,.T.);
#2668=EDGE_CURVE('',#2404,#2406,#274,.T.);
#2670=EDGE_CURVE('',#2406,#2408,#278,.T.);
#2672=EDGE_CURVE('',#2408,#2410,#282,.T.);
#2674=EDGE_CURVE('',#2410,#2412,#286,.T.);
#2676=EDGE_CURVE('',#2412,#2414,#290,.T.);
#2678=EDGE_CURVE('',#2414,#2416,#294,.T.);
#2680=EDGE_CURVE('',#2416,#2339,#298,.T.);
#2684=EDGE_CURVE('',#2419,#2420,#302,.T.);
#2686=EDGE_CURVE('',#2420,#2422,#306,.T.);
#2688=EDGE_CURVE('',#2422,#2424,#310,.T.);
#2690=EDGE_CURVE('',#2424,#2426,#314,.T.);
#2692=EDGE_CURVE('',#2426,#2428,#318,.T.);
#2694=EDGE_CURVE('',#2428,#2430,#322,.T.);
#2696=EDGE_CURVE('',#2430,#2432,#326,.T.);
#2698=EDGE_CURVE('',#2432,#2434,#330,.T.);
#2700=EDGE_CURVE('',#2434,#2436,#334,.T.);
#2702=EDGE_CURVE('',#2436,#2438,#338,.T.);
#2704=EDGE_CURVE('',#2438,#2440,#342,.T.);
#2706=EDGE_CURVE('',#2440,#2419,#346,.T.);
#2710=EDGE_CURVE('',#2443,#2444,#350,.T.);
#2712=EDGE_CURVE('',#2444,#2446,#354,.T.);
#2714=EDGE_CURVE('',#2446,#2448,#358,.T.);
#2716=EDGE_CURVE('',#2448,#2450,#362,.T.);
#2718=EDGE_CURVE('',#2450,#2452,#366,.T.);
#2720=EDGE_CURVE('',#2452,#2454,#370,.T.);
#2722=EDGE_CURVE('',#2454,#2456,#374,.T.);
#2724=EDGE_CURVE('',#2456,#2458,#378,.T.);
#2726=EDGE_CURVE('',#2458,#2460,#382,.T.);
#2728=EDGE_CURVE('',#2460,#2462,#386,.T.);
#2730=EDGE_CURVE('',#2462,#2464,#390,.T.);
#2732=EDGE_CURVE('',#2464,#2466,#394,.T.);
#2734=EDGE_CURVE('',#2466,#2468,#398,.T.);
#2736=EDGE_CURVE('',#2468,#2443,#402,.T.);
#2740=EDGE_CURVE('',#2495,#2496,#454,.T.);
#2742=EDGE_CURVE('',#2496,#2498,#458,.T.);
#2744=EDGE_CURVE('',#2498,#2500,#462,.T.);
#2746=EDGE_CURVE('',#2500,#2502,#466,.T.);
#2748=EDGE_CURVE('',#2502,#2504,#470,.T.);
#2750=EDGE_CURVE('',#2504,#2506,#474,.T.);
#2752=EDGE_CURVE('',#2506,#2508,#478,.T.);
#2754=EDGE_CURVE('',#2508,#2495,#482,.T.);
#2771=EDGE_CURVE('',#2471,#2472,#406,.T.);
#2773=EDGE_CURVE('',#2472,#2474,#410,.T.);
#2775=EDGE_CURVE('',#2474,#2476,#414,.T.);
#2777=EDGE_CURVE('',#2476,#2478,#418,.T.);
#2779=EDGE_CURVE('',#2478,#2480,#422,.T.);
#2781=EDGE_CURVE('',#2480,#2482,#426,.T.);
#2783=EDGE_CURVE('',#2482,#2484,#430,.T.);
#2785=EDGE_CURVE('',#2484,#2486,#434,.T.);
#2787=EDGE_CURVE('',#2486,#2488,#438,.T.);
#2789=EDGE_CURVE('',#2488,#2490,#442,.T.);
#2791=EDGE_CURVE('',#2490,#2492,#446,.T.);
#2793=EDGE_CURVE('',#2492,#2471,#450,.T.);
#2810=EDGE_CURVE('',#2511,#2512,#486,.T.);
#2812=EDGE_CURVE('',#2512,#2514,#490,.T.);
#2814=EDGE_CURVE('',#2514,#2511,#494,.T.);
#2832=EDGE_CURVE('',#2020,#1942,#498,.T.);
#2834=EDGE_CURVE('',#1966,#2020,#502,.T.);
#2836=EDGE_CURVE('',#1965,#1966,#634,.T.);
#2838=EDGE_CURVE('',#1941,#1965,#980,.T.);
#2856=EDGE_CURVE('',#1946,#1985,#931,.T.);
#2858=EDGE_CURVE('',#1985,#1986,#890,.T.);
#2860=EDGE_CURVE('',#2024,#1986,#506,.T.);
#2862=EDGE_CURVE('',#1945,#2024,#510,.T.);
#2879=EDGE_CURVE('',#1953,#1954,#686,.T.);
#2881=EDGE_CURVE('',#1953,#1974,#970,.T.);
#2883=EDGE_CURVE('',#1973,#1974,#666,.T.);
#2885=EDGE_CURVE('',#2022,#1973,#514,.T.);
#2887=EDGE_CURVE('',#1954,#2022,#518,.T.);
#2904=EDGE_CURVE('',#1957,#1958,#718,.T.);
#2906=EDGE_CURVE('',#2026,#1957,#522,.T.);
#2908=EDGE_CURVE('',#1993,#2026,#526,.T.);
#2910=EDGE_CURVE('',#1993,#1994,#906,.T.);
#2912=EDGE_CURVE('',#1958,#1994,#975,.T.);
#2929=EDGE_CURVE('',#1969,#1970,#650,.T.);
#2931=EDGE_CURVE('',#1934,#1969,#530,.T.);
#2933=EDGE_CURVE('',#1933,#1934,#534,.T.);
#2935=EDGE_CURVE('',#1970,#1933,#538,.T.);
#2952=EDGE_CURVE('',#1989,#1990,#918,.T.);
#2954=EDGE_CURVE('',#1938,#1990,#542,.T.);
#2956=EDGE_CURVE('',#1937,#1938,#546,.T.);
#2958=EDGE_CURVE('',#1989,#1937,#550,.T.);
#2976=EDGE_CURVE('',#1948,#2008,#566,.T.);
#2978=EDGE_CURVE('',#2008,#2020,#554,.T.);
#2996=EDGE_CURVE('',#1976,#2004,#558,.T.);
#2998=EDGE_CURVE('',#1980,#1976,#642,.T.);
#3000=EDGE_CURVE('',#1980,#2008,#562,.T.);
#3004=EDGE_CURVE('',#1917,#1925,#570,.T.);
#3006=EDGE_CURVE('',#1925,#1960,#694,.T.);
#3008=EDGE_CURVE('',#1960,#2010,#574,.T.);
#3010=EDGE_CURVE('',#1982,#2010,#578,.T.);
#3012=EDGE_CURVE('',#1978,#1982,#658,.T.);
#3014=EDGE_CURVE('',#1978,#2006,#582,.T.);
#3016=EDGE_CURVE('',#2006,#2004,#586,.T.);
#3033=EDGE_CURVE('',#2013,#2014,#590,.T.);
#3035=EDGE_CURVE('',#1996,#2014,#594,.T.);
#3037=EDGE_CURVE('',#1996,#2002,#598,.T.);
#3039=EDGE_CURVE('',#2002,#2018,#602,.T.);
#3041=EDGE_CURVE('',#1962,#2018,#606,.T.);
#3043=EDGE_CURVE('',#1962,#1930,#710,.T.);
#3045=EDGE_CURVE('',#1922,#1930,#610,.T.);
#3048=EDGE_CURVE('',#1950,#2016,#614,.T.);
#3050=EDGE_CURVE('',#2000,#2016,#618,.T.);
#3052=EDGE_CURVE('',#2000,#1998,#622,.T.);
#3054=EDGE_CURVE('',#1998,#2013,#626,.T.);
#3071=EDGE_CURVE('',#1976,#1969,#646,.T.);
#3074=EDGE_CURVE('',#2004,#1934,#630,.T.);
#3093=EDGE_CURVE('',#1980,#1966,#638,.T.);
#3098=EDGE_CURVE('',#1978,#1970,#654,.T.);
#3101=EDGE_CURVE('',#1982,#1973,#662,.T.);
#3104=EDGE_CURVE('',#1974,#1902,#670,.T.);
#3106=EDGE_CURVE('',#1913,#1902,#955,.T.);
#3108=EDGE_CURVE('',#1913,#1965,#674,.T.);
#3146=EDGE_CURVE('',#2006,#1933,#678,.T.);
#3185=EDGE_CURVE('',#2010,#2022,#682,.T.);
#3203=EDGE_CURVE('',#1960,#1954,#690,.T.);
#3226=EDGE_CURVE('',#1925,#1926,#698,.T.);
#3228=EDGE_CURVE('',#1926,#1928,#702,.T.);
#3230=EDGE_CURVE('',#1930,#1928,#706,.T.);
#3233=EDGE_CURVE('',#1962,#1957,#714,.T.);
#3236=EDGE_CURVE('',#1906,#1958,#722,.T.);
#3238=EDGE_CURVE('',#1901,#1906,#726,.T.);
#3240=EDGE_CURVE('',#1953,#1901,#730,.T.);
#3258=EDGE_CURVE('',#1926,#1918,#734,.T.);
#3278=EDGE_CURVE('',#1928,#1920,#786,.T.);
#3284=EDGE_CURVE('',#2053,#2054,#738,.T.);
#3286=EDGE_CURVE('',#2054,#2056,#742,.T.);
#3288=EDGE_CURVE('',#2056,#2058,#746,.T.);
#3290=EDGE_CURVE('',#2058,#2053,#750,.T.);
#3294=EDGE_CURVE('',#2061,#2062,#754,.T.);
#3296=EDGE_CURVE('',#2062,#2064,#758,.T.);
#3298=EDGE_CURVE('',#2064,#2066,#762,.T.);
#3300=EDGE_CURVE('',#2066,#2061,#766,.T.);
#3304=EDGE_CURVE('',#2069,#2070,#770,.T.);
#3306=EDGE_CURVE('',#2070,#2072,#774,.T.);
#3308=EDGE_CURVE('',#2072,#2074,#778,.T.);
#3310=EDGE_CURVE('',#2074,#2069,#782,.T.);
#3347=EDGE_CURVE('',#2053,#2029,#790,.T.);
#3349=EDGE_CURVE('',#2029,#2030,#806,.T.);
#3351=EDGE_CURVE('',#2054,#2030,#802,.T.);
#3369=EDGE_CURVE('',#2058,#2034,#794,.T.);
#3371=EDGE_CURVE('',#2034,#2029,#810,.T.);
#3390=EDGE_CURVE('',#2056,#2032,#798,.T.);
#3392=EDGE_CURVE('',#2032,#2034,#814,.T.);
#3412=EDGE_CURVE('',#2030,#2032,#818,.T.);
#3449=EDGE_CURVE('',#2037,#2038,#822,.T.);
#3451=EDGE_CURVE('',#2042,#2037,#826,.T.);
#3453=EDGE_CURVE('',#2040,#2042,#830,.T.);
#3455=EDGE_CURVE('',#2038,#2040,#834,.T.);
#3472=EDGE_CURVE('',#2045,#2046,#838,.T.);
#3474=EDGE_CURVE('',#2050,#2045,#842,.T.);
#3476=EDGE_CURVE('',#2048,#2050,#846,.T.);
#3478=EDGE_CURVE('',#2046,#2048,#850,.T.);
#3496=EDGE_CURVE('',#2061,#2037,#854,.T.);
#3499=EDGE_CURVE('',#2062,#2038,#866,.T.);
#3517=EDGE_CURVE('',#2066,#2042,#858,.T.);
#3537=EDGE_CURVE('',#2064,#2040,#862,.T.);
#3576=EDGE_CURVE('',#2069,#2045,#870,.T.);
#3579=EDGE_CURVE('',#2070,#2046,#882,.T.);
#3597=EDGE_CURVE('',#2074,#2050,#874,.T.);
#3617=EDGE_CURVE('',#2072,#2048,#878,.T.);
#3657=EDGE_CURVE('',#2018,#2026,#886,.T.);
#3675=EDGE_CURVE('',#2002,#1993,#910,.T.);
#3696=EDGE_CURVE('',#1985,#1910,#894,.T.);
#3698=EDGE_CURVE('',#1910,#1905,#898,.T.);
#3700=EDGE_CURVE('',#1905,#1994,#902,.T.);
#3705=EDGE_CURVE('',#1996,#1990,#914,.T.);
#3708=EDGE_CURVE('',#1998,#1989,#922,.T.);
#3711=EDGE_CURVE('',#2000,#1986,#926,.T.);
#3730=EDGE_CURVE('',#1909,#1910,#946,.T.);
#3748=EDGE_CURVE('',#1901,#1902,#936,.T.);
#3751=EDGE_CURVE('',#1905,#1906,#941,.T.);
#3756=EDGE_CURVE('',#1913,#1914,#951,.T.);
#3761=EDGE_CURVE('',#2077,#2078,#960,.T.);
#3763=EDGE_CURVE('',#2078,#2077,#965,.T.);
#3837=EDGE_CURVE('',#2086,#2085,#985,.T.);
#3839=EDGE_CURVE('',#2078,#2085,#1018,.T.);
#3842=EDGE_CURVE('',#2077,#2086,#989,.T.);
#3859=EDGE_CURVE('',#2082,#2081,#1004,.T.);
#3861=EDGE_CURVE('',#2081,#2085,#1009,.T.);
#3864=EDGE_CURVE('',#2082,#2086,#994,.T.);
#3881=EDGE_CURVE('',#2081,#2082,#999,.T.);
#3901=EDGE_CURVE('',#2085,#2086,#1014,.T.);
#3940=EDGE_CURVE('',#2014,#1938,#1022,.T.);
#3959=EDGE_CURVE('',#2013,#1937,#1026,.T.);
#3999=EDGE_CURVE('',#2016,#2024,#1030,.T.);
#4037=EDGE_CURVE('',#2121,#2097,#1034,.T.);
#4039=EDGE_CURVE('',#2097,#2098,#1038,.T.);
#4041=EDGE_CURVE('',#2098,#2100,#1042,.T.);
#4043=EDGE_CURVE('',#2100,#2102,#1046,.T.);
#4045=EDGE_CURVE('',#2102,#2122,#1050,.T.);
#4063=EDGE_CURVE('',#2125,#2089,#1054,.T.);
#4065=EDGE_CURVE('',#2089,#2090,#1058,.T.);
#4067=EDGE_CURVE('',#2090,#2092,#1062,.T.);
#4069=EDGE_CURVE('',#2092,#2094,#1066,.T.);
#4071=EDGE_CURVE('',#2094,#2126,#1070,.T.);
#4089=EDGE_CURVE('',#2129,#2113,#1090,.T.);
#4091=EDGE_CURVE('',#2097,#2113,#1126,.T.);
#4110=EDGE_CURVE('',#2118,#2130,#1074,.T.);
#4112=EDGE_CURVE('',#2116,#2118,#1078,.T.);
#4114=EDGE_CURVE('',#2114,#2116,#1082,.T.);
#4116=EDGE_CURVE('',#2113,#2114,#1086,.T.);
#4135=EDGE_CURVE('',#2110,#2134,#1094,.T.);
#4137=EDGE_CURVE('',#2108,#2110,#1098,.T.);
#4139=EDGE_CURVE('',#2106,#2108,#1102,.T.);
#4141=EDGE_CURVE('',#2105,#2106,#1106,.T.);
#4143=EDGE_CURVE('',#2133,#2105,#1110,.T.);
#4162=EDGE_CURVE('',#2102,#2118,#1114,.T.);
#4181=EDGE_CURVE('',#2100,#2116,#1118,.T.);
#4201=EDGE_CURVE('',#2098,#2114,#1122,.T.);
#4241=EDGE_CURVE('',#2094,#2110,#1130,.T.);
#4260=EDGE_CURVE('',#2092,#2108,#1134,.T.);
#4280=EDGE_CURVE('',#2090,#2106,#1138,.T.);
#4300=EDGE_CURVE('',#2089,#2105,#1142,.T.);
#4339=EDGE_CURVE('',#2327,#2137,#1146,.T.);
#4341=EDGE_CURVE('',#2137,#2138,#1170,.T.);
#4343=EDGE_CURVE('',#2328,#2138,#1166,.T.);
#4361=EDGE_CURVE('',#2336,#2146,#1150,.T.);
#4363=EDGE_CURVE('',#2146,#2137,#1174,.T.);
#4382=EDGE_CURVE('',#2334,#2144,#1154,.T.);
#4384=EDGE_CURVE('',#2144,#2146,#1178,.T.);
#4403=EDGE_CURVE('',#2332,#2142,#1158,.T.);
#4405=EDGE_CURVE('',#2142,#2144,#1182,.T.);
#4424=EDGE_CURVE('',#2330,#2140,#1162,.T.);
#4426=EDGE_CURVE('',#2140,#2142,#1186,.T.);
#4446=EDGE_CURVE('',#2138,#2140,#1190,.T.);
#4485=EDGE_CURVE('',#2149,#2150,#1194,.T.);
#4487=EDGE_CURVE('',#2226,#2149,#1198,.T.);
#4489=EDGE_CURVE('',#2224,#2226,#1202,.T.);
#4491=EDGE_CURVE('',#2222,#2224,#1206,.T.);
#4493=EDGE_CURVE('',#2220,#2222,#1210,.T.);
#4495=EDGE_CURVE('',#2218,#2220,#1214,.T.);
#4497=EDGE_CURVE('',#2216,#2218,#1218,.T.);
#4499=EDGE_CURVE('',#2214,#2216,#1222,.T.);
#4501=EDGE_CURVE('',#2212,#2214,#1226,.T.);
#4504=EDGE_CURVE('',#2208,#2210,#1234,.T.);
#4506=EDGE_CURVE('',#2206,#2208,#1238,.T.);
#4508=EDGE_CURVE('',#2204,#2206,#1242,.T.);
#4510=EDGE_CURVE('',#2202,#2204,#1246,.T.);
#4512=EDGE_CURVE('',#2200,#2202,#1250,.T.);
#4514=EDGE_CURVE('',#2198,#2200,#1254,.T.);
#4516=EDGE_CURVE('',#2196,#2198,#1258,.T.);
#4518=EDGE_CURVE('',#2194,#2196,#1262,.T.);
#4520=EDGE_CURVE('',#2192,#2194,#1266,.T.);
#4522=EDGE_CURVE('',#2190,#2192,#1270,.T.);
#4524=EDGE_CURVE('',#2188,#2190,#1274,.T.);
#4526=EDGE_CURVE('',#2186,#2188,#1278,.T.);
#4528=EDGE_CURVE('',#2184,#2186,#1282,.T.);
#4530=EDGE_CURVE('',#2182,#2184,#1286,.T.);
#4532=EDGE_CURVE('',#2180,#2182,#1290,.T.);
#4534=EDGE_CURVE('',#2178,#2180,#1294,.T.);
#4536=EDGE_CURVE('',#2176,#2178,#1298,.T.);
#4538=EDGE_CURVE('',#2174,#2176,#1302,.T.);
#4540=EDGE_CURVE('',#2172,#2174,#1306,.T.);
#4542=EDGE_CURVE('',#2170,#2172,#1310,.T.);
#4544=EDGE_CURVE('',#2168,#2170,#1314,.T.);
#4546=EDGE_CURVE('',#2166,#2168,#1318,.T.);
#4548=EDGE_CURVE('',#2164,#2166,#1322,.T.);
#4550=EDGE_CURVE('',#2162,#2164,#1326,.T.);
#4552=EDGE_CURVE('',#2160,#2162,#1330,.T.);
#4554=EDGE_CURVE('',#2158,#2160,#1334,.T.);
#4556=EDGE_CURVE('',#2156,#2158,#1338,.T.);
#4558=EDGE_CURVE('',#2154,#2156,#1342,.T.);
#4560=EDGE_CURVE('',#2152,#2154,#1346,.T.);
#4562=EDGE_CURVE('',#2150,#2152,#1350,.T.);
#4579=EDGE_CURVE('',#2229,#2230,#1354,.T.);
#4581=EDGE_CURVE('',#2250,#2229,#1358,.T.);
#4583=EDGE_CURVE('',#2248,#2250,#1362,.T.);
#4585=EDGE_CURVE('',#2246,#2248,#1366,.T.);
#4587=EDGE_CURVE('',#2244,#2246,#1370,.T.);
#4589=EDGE_CURVE('',#2242,#2244,#1374,.T.);
#4591=EDGE_CURVE('',#2240,#2242,#1378,.T.);
#4593=EDGE_CURVE('',#2238,#2240,#1382,.T.);
#4595=EDGE_CURVE('',#2236,#2238,#1386,.T.);
#4597=EDGE_CURVE('',#2234,#2236,#1390,.T.);
#4599=EDGE_CURVE('',#2232,#2234,#1394,.T.);
#4601=EDGE_CURVE('',#2230,#2232,#1398,.T.);
#4618=EDGE_CURVE('',#2253,#2254,#1402,.T.);
#4620=EDGE_CURVE('',#2278,#2253,#1406,.T.);
#4622=EDGE_CURVE('',#2276,#2278,#1410,.T.);
#4624=EDGE_CURVE('',#2274,#2276,#1414,.T.);
#4626=EDGE_CURVE('',#2272,#2274,#1418,.T.);
#4628=EDGE_CURVE('',#2270,#2272,#1422,.T.);
#4630=EDGE_CURVE('',#2268,#2270,#1426,.T.);
#4632=EDGE_CURVE('',#2266,#2268,#1430,.T.);
#4634=EDGE_CURVE('',#2264,#2266,#1434,.T.);
#4636=EDGE_CURVE('',#2262,#2264,#1438,.T.);
#4638=EDGE_CURVE('',#2260,#2262,#1442,.T.);
#4640=EDGE_CURVE('',#2258,#2260,#1446,.T.);
#4642=EDGE_CURVE('',#2256,#2258,#1450,.T.);
#4644=EDGE_CURVE('',#2254,#2256,#1454,.T.);
#4648=EDGE_CURVE('',#2281,#2282,#1458,.T.);
#4650=EDGE_CURVE('',#2302,#2281,#1462,.T.);
#4652=EDGE_CURVE('',#2300,#2302,#1466,.T.);
#4654=EDGE_CURVE('',#2298,#2300,#1470,.T.);
#4656=EDGE_CURVE('',#2296,#2298,#1474,.T.);
#4658=EDGE_CURVE('',#2294,#2296,#1478,.T.);
#4660=EDGE_CURVE('',#2292,#2294,#1482,.T.);
#4662=EDGE_CURVE('',#2290,#2292,#1486,.T.);
#4664=EDGE_CURVE('',#2288,#2290,#1490,.T.);
#4666=EDGE_CURVE('',#2286,#2288,#1494,.T.);
#4668=EDGE_CURVE('',#2284,#2286,#1498,.T.);
#4670=EDGE_CURVE('',#2282,#2284,#1502,.T.);
#4687=EDGE_CURVE('',#2305,#2306,#1506,.T.);
#4689=EDGE_CURVE('',#2318,#2305,#1510,.T.);
#4691=EDGE_CURVE('',#2316,#2318,#1514,.T.);
#4693=EDGE_CURVE('',#2314,#2316,#1518,.T.);
#4695=EDGE_CURVE('',#2312,#2314,#1522,.T.);
#4697=EDGE_CURVE('',#2310,#2312,#1526,.T.);
#4699=EDGE_CURVE('',#2308,#2310,#1530,.T.);
#4701=EDGE_CURVE('',#2306,#2308,#1534,.T.);
#4705=EDGE_CURVE('',#2321,#2322,#1538,.T.);
#4707=EDGE_CURVE('',#2324,#2321,#1542,.T.);
#4709=EDGE_CURVE('',#2322,#2324,#1546,.T.);
#4727=EDGE_CURVE('',#2339,#2149,#1550,.T.);
#4730=EDGE_CURVE('',#2340,#2150,#1586,.T.);
#4748=EDGE_CURVE('',#2416,#2226,#1554,.T.);
#4768=EDGE_CURVE('',#2414,#2224,#1558,.T.);
#4788=EDGE_CURVE('',#2412,#2222,#1562,.T.);
#4808=EDGE_CURVE('',#2410,#2220,#1566,.T.);
#4828=EDGE_CURVE('',#2408,#2218,#1570,.T.);
#4848=EDGE_CURVE('',#2406,#2216,#1574,.T.);
#4868=EDGE_CURVE('',#2404,#2214,#1578,.T.);
#4909=EDGE_CURVE('',#2342,#2152,#1590,.T.);
#4929=EDGE_CURVE('',#2344,#2154,#1594,.T.);
#4949=EDGE_CURVE('',#2346,#2156,#1598,.T.);
#4969=EDGE_CURVE('',#2348,#2158,#1602,.T.);
#4989=EDGE_CURVE('',#2350,#2160,#1606,.T.);
#5009=EDGE_CURVE('',#2352,#2162,#1610,.T.);
#5029=EDGE_CURVE('',#2354,#2164,#1614,.T.);
#5049=EDGE_CURVE('',#2356,#2166,#1618,.T.);
#5069=EDGE_CURVE('',#2358,#2168,#1622,.T.);
#5089=EDGE_CURVE('',#2360,#2170,#1626,.T.);
#5109=EDGE_CURVE('',#2362,#2172,#1630,.T.);
#5129=EDGE_CURVE('',#2364,#2174,#1634,.T.);
#5149=EDGE_CURVE('',#2366,#2176,#1638,.T.);
#5169=EDGE_CURVE('',#2368,#2178,#1642,.T.);
#5189=EDGE_CURVE('',#2370,#2180,#1646,.T.);
#5209=EDGE_CURVE('',#2372,#2182,#1650,.T.);
#5229=EDGE_CURVE('',#2374,#2184,#1654,.T.);
#5249=EDGE_CURVE('',#2376,#2186,#1658,.T.);
#5269=EDGE_CURVE('',#2378,#2188,#1662,.T.);
#5289=EDGE_CURVE('',#2380,#2190,#1666,.T.);
#5309=EDGE_CURVE('',#2382,#2192,#1670,.T.);
#5329=EDGE_CURVE('',#2384,#2194,#1674,.T.);
#5349=EDGE_CURVE('',#2386,#2196,#1678,.T.);
#5369=EDGE_CURVE('',#2388,#2198,#1682,.T.);
#5389=EDGE_CURVE('',#2390,#2200,#1686,.T.);
#5409=EDGE_CURVE('',#2392,#2202,#1690,.T.);
#5429=EDGE_CURVE('',#2394,#2204,#1694,.T.);
#5449=EDGE_CURVE('',#2396,#2206,#1698,.T.);
#5469=EDGE_CURVE('',#2398,#2208,#1702,.T.);
#5506=EDGE_CURVE('',#2419,#2229,#1706,.T.);
#5509=EDGE_CURVE('',#2420,#2230,#1750,.T.);
#5527=EDGE_CURVE('',#2440,#2250,#1710,.T.);
#5547=EDGE_CURVE('',#2438,#2248,#1714,.T.);
#5567=EDGE_CURVE('',#2436,#2246,#1718,.T.);
#5587=EDGE_CURVE('',#2434,#2244,#1722,.T.);
#5607=EDGE_CURVE('',#2432,#2242,#1726,.T.);
#5627=EDGE_CURVE('',#2430,#2240,#1730,.T.);
#5647=EDGE_CURVE('',#2428,#2238,#1734,.T.);
#5667=EDGE_CURVE('',#2426,#2236,#1738,.T.);
#5687=EDGE_CURVE('',#2424,#2234,#1742,.T.);
#5707=EDGE_CURVE('',#2422,#2232,#1746,.T.);
#5746=EDGE_CURVE('',#2443,#2253,#1754,.T.);
#5749=EDGE_CURVE('',#2444,#2254,#1806,.T.);
#5767=EDGE_CURVE('',#2468,#2278,#1758,.T.);
#5787=EDGE_CURVE('',#2466,#2276,#1762,.T.);
#5807=EDGE_CURVE('',#2464,#2274,#1766,.T.);
#5827=EDGE_CURVE('',#2462,#2272,#1770,.T.);
#5847=EDGE_CURVE('',#2460,#2270,#1774,.T.);
#5867=EDGE_CURVE('',#2458,#2268,#1778,.T.);
#5887=EDGE_CURVE('',#2456,#2266,#1782,.T.);
#5907=EDGE_CURVE('',#2454,#2264,#1786,.T.);
#5927=EDGE_CURVE('',#2452,#2262,#1790,.T.);
#5947=EDGE_CURVE('',#2450,#2260,#1794,.T.);
#5967=EDGE_CURVE('',#2448,#2258,#1798,.T.);
#5987=EDGE_CURVE('',#2446,#2256,#1802,.T.);
#6026=EDGE_CURVE('',#2471,#2281,#1810,.T.);
#6029=EDGE_CURVE('',#2472,#2282,#1854,.T.);
#6047=EDGE_CURVE('',#2492,#2302,#1814,.T.);
#6067=EDGE_CURVE('',#2490,#2300,#1818,.T.);
#6087=EDGE_CURVE('',#2488,#2298,#1822,.T.);
#6107=EDGE_CURVE('',#2486,#2296,#1826,.T.);
#6127=EDGE_CURVE('',#2484,#2294,#1830,.T.);
#6147=EDGE_CURVE('',#2482,#2292,#1834,.T.);
#6167=EDGE_CURVE('',#2480,#2290,#1838,.T.);
#6187=EDGE_CURVE('',#2478,#2288,#1842,.T.);
#6207=EDGE_CURVE('',#2476,#2286,#1846,.T.);
#6227=EDGE_CURVE('',#2474,#2284,#1850,.T.);
#6266=EDGE_CURVE('',#2495,#2305,#1858,.T.);
#6269=EDGE_CURVE('',#2496,#2306,#1886,.T.);
#6287=EDGE_CURVE('',#2508,#2318,#1862,.T.);
#6307=EDGE_CURVE('',#2506,#2316,#1866,.T.);
#6327=EDGE_CURVE('',#2504,#2314,#1870,.T.);
#6347=EDGE_CURVE('',#2502,#2312,#1874,.T.);
#6367=EDGE_CURVE('',#2500,#2310,#1878,.T.);
#6387=EDGE_CURVE('',#2498,#2308,#1882,.T.);
#6426=EDGE_CURVE('',#2511,#2321,#1890,.T.);
#6429=EDGE_CURVE('',#2512,#2322,#1898,.T.);
#6447=EDGE_CURVE('',#2514,#2324,#1894,.T.);
#6498=CIRCLE('',#6497,3.554E-1);
#6555=CIRCLE('',#6554,3.554E-1);
#6568=CIRCLE('',#6567,9.882542789239E-1);
#6577=CIRCLE('',#6576,1.403474132620E-1);
#6586=CIRCLE('',#6585,1.009845958591E0);
#6591=CIRCLE('',#6590,6.098459585911E-1);
#6600=CIRCLE('',#6599,5.403474132620E-1);
#6609=CIRCLE('',#6608,5.882542789239E-1);
#6618=CIRCLE('',#6617,2.E-1);
#6627=CIRCLE('',#6626,2.E-1);
#6632=CIRCLE('',#6631,2.E-1);
#6641=CIRCLE('',#6640,2.E-1);
#6654=CIRCLE('',#6653,5.882542789239E-1);
#6663=CIRCLE('',#6662,5.403474132620E-1);
#6672=CIRCLE('',#6671,6.098459585911E-1);
#6677=CIRCLE('',#6676,1.009845958591E0);
#6686=CIRCLE('',#6685,1.403474132620E-1);
#6695=CIRCLE('',#6694,9.882542789239E-1);
#6748=CIRCLE('',#6747,3.554E-1);
#6769=CIRCLE('',#6768,3.554E-1);
#6798=CIRCLE('',#6797,4.E-1);
#6807=CIRCLE('',#6806,2.E-1);
#6825=B_SPLINE_CURVE_WITH_KNOTS('',3,(#6820,#6821,#6822,#6823,#6824),
.UNSPECIFIED.,.F.,.F.,(4,1,4),(0.E0,5.E-1,1.E0),.UNSPECIFIED.);
#6830=CIRCLE('',#6829,4.125E-1);
#6835=CIRCLE('',#6834,4.125E-1);
#6876=CIRCLE('',#6875,2.E-1);
#6889=CIRCLE('',#6888,1.E-1);
#6898=CIRCLE('',#6897,1.E-1);
#6915=CIRCLE('',#6914,1.E-1);
#6924=CIRCLE('',#6923,1.E-1);
#6941=CIRCLE('',#6940,1.E-1);
#6946=CIRCLE('',#6945,1.E-1);
#6951=CIRCLE('',#6950,1.65E0);
#6956=CIRCLE('',#6955,1.65E0);
#7009=CIRCLE('',#7008,1.65E0);
#7014=CIRCLE('',#7013,1.65E0);
#7019=CIRCLE('',#7018,5.E-1);
#7024=CIRCLE('',#7023,5.E-1);
#7029=CIRCLE('',#7028,5.E-1);
#7034=CIRCLE('',#7033,5.E-1);
#7039=CIRCLE('',#7038,5.E-1);
#7044=CIRCLE('',#7043,5.E-1);
#7049=CIRCLE('',#7048,5.E-1);
#7054=CIRCLE('',#7053,5.E-1);
#7099=CIRCLE('',#7098,5.E-1);
#7108=CIRCLE('',#7107,3.E-1);
#7113=CIRCLE('',#7112,2.E-1);
#7118=CIRCLE('',#7117,2.E-1);
#7123=CIRCLE('',#7122,2.E-1);
#7128=CIRCLE('',#7127,2.E-1);
#7133=CIRCLE('',#7132,2.E-1);
#7138=CIRCLE('',#7137,2.E-1);
#7143=CIRCLE('',#7142,2.E-1);
#7148=CIRCLE('',#7147,2.E-1);
#7153=CIRCLE('',#7152,3.E-1);
#7158=CIRCLE('',#7157,5.E-1);
#7167=CIRCLE('',#7166,3.E-1);
#7172=CIRCLE('',#7171,3.E-1);
#7177=CIRCLE('',#7176,5.E-1);
#7186=CIRCLE('',#7185,5.E-1);
#7195=CIRCLE('',#7194,3.E-1);
#7200=CIRCLE('',#7199,3.E-1);
#7205=CIRCLE('',#7204,5.E-1);
#7214=CIRCLE('',#7213,5.E-1);
#7223=CIRCLE('',#7222,3.E-1);
#7228=CIRCLE('',#7227,3.E-1);
#7233=CIRCLE('',#7232,5.E-1);
#7242=CIRCLE('',#7241,5.E-1);
#7251=CIRCLE('',#7250,4.E-1);
#7292=CIRCLE('',#7291,3.554E-1);
#7313=CIRCLE('',#7312,3.554E-1);
#7338=CIRCLE('',#7337,4.E-1);
#7355=CIRCLE('',#7354,2.E-1);
#7392=CIRCLE('',#7391,4.E-1);
#7449=CIRCLE('',#7448,3.554E-1);
#7506=CIRCLE('',#7505,3.554E-1);
#7523=CIRCLE('',#7522,9.882542789239E-1);
#7532=CIRCLE('',#7531,1.403474132620E-1);
#7541=CIRCLE('',#7540,1.009845958591E0);
#7546=CIRCLE('',#7545,6.098459585911E-1);
#7555=CIRCLE('',#7554,5.403474132620E-1);
#7564=CIRCLE('',#7563,5.882542789239E-1);
#7573=CIRCLE('',#7572,2.E-1);
#7578=CIRCLE('',#7577,2.E-1);
#7599=CIRCLE('',#7598,5.882542789239E-1);
#7608=CIRCLE('',#7607,5.403474132620E-1);
#7617=CIRCLE('',#7616,6.098459585911E-1);
#7622=CIRCLE('',#7621,1.009845958591E0);
#7631=CIRCLE('',#7630,1.403474132620E-1);
#7640=CIRCLE('',#7639,9.882542789239E-1);
#7649=CIRCLE('',#7648,2.E-1);
#7654=CIRCLE('',#7653,2.E-1);
#7740=B_SPLINE_CURVE_WITH_KNOTS('',3,(#7735,#7736,#7737,#7738,#7739),
.UNSPECIFIED.,.F.,.F.,(4,1,4),(0.E0,5.E-1,1.E0),.UNSPECIFIED.);
#7745=CIRCLE('',#7744,4.125E-1);
#7750=CIRCLE('',#7749,4.125E-1);
#7755=CIRCLE('',#7754,1.E-1);
#7764=CIRCLE('',#7763,1.E-1);
#7773=CIRCLE('',#7772,1.E-1);
#7790=CIRCLE('',#7789,1.E-1);
#7799=CIRCLE('',#7798,1.E-1);
#7804=CIRCLE('',#7803,1.E-1);
#7821=CIRCLE('',#7820,2.E-1);
#8333=EDGE_CURVE('',#8238,#8185,#6485,.T.);
#8335=EDGE_CURVE('',#8185,#8209,#7869,.T.);
#8337=EDGE_CURVE('',#8209,#8236,#6489,.T.);
#8339=EDGE_CURVE('',#8174,#8236,#6493,.T.);
#8341=EDGE_CURVE('',#8172,#8174,#6498,.T.);
#8343=EDGE_CURVE('',#8170,#8172,#6502,.T.);
#8345=EDGE_CURVE('',#8168,#8170,#6506,.T.);
#8347=EDGE_CURVE('',#8166,#8168,#6510,.T.);
#8349=EDGE_CURVE('',#8164,#8166,#6514,.T.);
#8351=EDGE_CURVE('',#8163,#8164,#6518,.T.);
#8353=EDGE_CURVE('',#8182,#8163,#6522,.T.);
#8355=EDGE_CURVE('',#8182,#8248,#6960,.T.);
#8357=EDGE_CURVE('',#8265,#8248,#6526,.T.);
#8359=EDGE_CURVE('',#8265,#8266,#6530,.T.);
#8361=EDGE_CURVE('',#8262,#8266,#6884,.T.);
#8363=EDGE_CURVE('',#8259,#8262,#6835,.T.);
#8365=EDGE_CURVE('',#8256,#8259,#6534,.T.);
#8367=EDGE_CURVE('',#8254,#8256,#6538,.T.);
#8369=EDGE_CURVE('',#8180,#8254,#6542,.T.);
#8371=EDGE_CURVE('',#8178,#8180,#6546,.T.);
#8373=EDGE_CURVE('',#8177,#8178,#6550,.T.);
#8375=EDGE_CURVE('',#8238,#8177,#6555,.T.);
#8392=EDGE_CURVE('',#8311,#8306,#6559,.T.);
#8394=EDGE_CURVE('',#8194,#8311,#6563,.T.);
#8396=EDGE_CURVE('',#8192,#8194,#6568,.T.);
#8398=EDGE_CURVE('',#8190,#8192,#6572,.T.);
#8400=EDGE_CURVE('',#8188,#8190,#6577,.T.);
#8402=EDGE_CURVE('',#8186,#8188,#6581,.T.);
#8404=EDGE_CURVE('',#8185,#8186,#6586,.T.);
#8407=EDGE_CURVE('',#8232,#8238,#6863,.T.);
#8409=EDGE_CURVE('',#8206,#8232,#6764,.T.);
#8411=EDGE_CURVE('',#8204,#8206,#6591,.T.);
#8413=EDGE_CURVE('',#8202,#8204,#6595,.T.);
#8415=EDGE_CURVE('',#8200,#8202,#6600,.T.);
#8417=EDGE_CURVE('',#8198,#8200,#6604,.T.);
#8419=EDGE_CURVE('',#8197,#8198,#6609,.T.);
#8421=EDGE_CURVE('',#8306,#8197,#6613,.T.);
#8438=EDGE_CURVE('',#8306,#8307,#6627,.T.);
#8440=EDGE_CURVE('',#8309,#8307,#7897,.T.);
#8442=EDGE_CURVE('',#8309,#8311,#6641,.T.);
#8460=EDGE_CURVE('',#8301,#8303,#6618,.T.);
#8462=EDGE_CURVE('',#8307,#8301,#6622,.T.);
#8466=EDGE_CURVE('',#8197,#8221,#6703,.T.);
#8468=EDGE_CURVE('',#8303,#8221,#6649,.T.);
#8485=EDGE_CURVE('',#8298,#8299,#6632,.T.);
#8487=EDGE_CURVE('',#8301,#8299,#7889,.T.);
#8490=EDGE_CURVE('',#8303,#8298,#6645,.T.);
#8508=EDGE_CURVE('',#8218,#8298,#6699,.T.);
#8510=EDGE_CURVE('',#8194,#8218,#6636,.T.);
#8514=EDGE_CURVE('',#8309,#8299,#7893,.T.);
#8533=EDGE_CURVE('',#8221,#8222,#6654,.T.);
#8535=EDGE_CURVE('',#8222,#8224,#6658,.T.);
#8537=EDGE_CURVE('',#8224,#8226,#6663,.T.);
#8539=EDGE_CURVE('',#8226,#8228,#6667,.T.);
#8541=EDGE_CURVE('',#8228,#8230,#6672,.T.);
#8543=EDGE_CURVE('',#8234,#8230,#6756,.T.);
#8545=EDGE_CURVE('',#8236,#8234,#7428,.T.);
#8548=EDGE_CURVE('',#8209,#8210,#6677,.T.);
#8550=EDGE_CURVE('',#8210,#8212,#6681,.T.);
#8552=EDGE_CURVE('',#8212,#8214,#6686,.T.);
#8554=EDGE_CURVE('',#8214,#8216,#6690,.T.);
#8556=EDGE_CURVE('',#8216,#8218,#6695,.T.);
#8575=EDGE_CURVE('',#8198,#8222,#6707,.T.);
#8595=EDGE_CURVE('',#8200,#8224,#6711,.T.);
#8615=EDGE_CURVE('',#8202,#8226,#6715,.T.);
#8635=EDGE_CURVE('',#8204,#8228,#6719,.T.);
#8655=EDGE_CURVE('',#8206,#8230,#6760,.T.);
#8674=EDGE_CURVE('',#8327,#8322,#6723,.T.);
#8676=EDGE_CURVE('',#8143,#8327,#7400,.T.);
#8678=EDGE_CURVE('',#8143,#8144,#6727,.T.);
#8680=EDGE_CURVE('',#8144,#8146,#6731,.T.);
#8682=EDGE_CURVE('',#8146,#8148,#6735,.T.);
#8684=EDGE_CURVE('',#8148,#8150,#6739,.T.);
#8686=EDGE_CURVE('',#8150,#8152,#6743,.T.);
#8688=EDGE_CURVE('',#8152,#8154,#6748,.T.);
#8690=EDGE_CURVE('',#8154,#8234,#6752,.T.);
#8695=EDGE_CURVE('',#8232,#8157,#6769,.T.);
#8697=EDGE_CURVE('',#8157,#8158,#6773,.T.);
#8699=EDGE_CURVE('',#8158,#8160,#6777,.T.);
#8701=EDGE_CURVE('',#8160,#8252,#6781,.T.);
#8703=EDGE_CURVE('',#8251,#8252,#6785,.T.);
#8705=EDGE_CURVE('',#8251,#8260,#6789,.T.);
#8707=EDGE_CURVE('',#8274,#8260,#6830,.T.);
#8709=EDGE_CURVE('',#8273,#8274,#6793,.T.);
#8711=EDGE_CURVE('',#8322,#8273,#6802,.T.);
#8728=EDGE_CURVE('',#8322,#8323,#6798,.T.);
#8730=EDGE_CURVE('',#8325,#8323,#7074,.T.);
#8732=EDGE_CURVE('',#8325,#8327,#7392,.T.);
#8752=EDGE_CURVE('',#8279,#8273,#6807,.T.);
#8754=EDGE_CURVE('',#8279,#8282,#6811,.T.);
#8756=EDGE_CURVE('',#8287,#8282,#6815,.T.);
#8758=EDGE_CURVE('',#8287,#8269,#6936,.T.);
#8760=EDGE_CURVE('',#8265,#8269,#6941,.T.);
#8763=EDGE_CURVE('',#8245,#8248,#6819,.T.);
#8765=EDGE_CURVE('',#8245,#8246,#7383,.T.);
#8767=EDGE_CURVE('',#8246,#8323,#7078,.T.);
#8785=EDGE_CURVE('',#8274,#8275,#6825,.T.);
#8787=EDGE_CURVE('',#8275,#8277,#6876,.T.);
#8789=EDGE_CURVE('',#8279,#8277,#6893,.T.);
#8809=EDGE_CURVE('',#8259,#8260,#6839,.T.);
#8812=EDGE_CURVE('',#8262,#8275,#6880,.T.);
#8831=EDGE_CURVE('',#8256,#8251,#6843,.T.);
#8850=EDGE_CURVE('',#8254,#8252,#6847,.T.);
#8871=EDGE_CURVE('',#8160,#8180,#6851,.T.);
#8890=EDGE_CURVE('',#8158,#8178,#6855,.T.);
#8910=EDGE_CURVE('',#8157,#8177,#6859,.T.);
#8948=EDGE_CURVE('',#8293,#8291,#6867,.T.);
#8950=EDGE_CURVE('',#8291,#8277,#6871,.T.);
#8955=EDGE_CURVE('',#8270,#8266,#6946,.T.);
#8957=EDGE_CURVE('',#8270,#8293,#6928,.T.);
#8974=EDGE_CURVE('',#8290,#8291,#6898,.T.);
#8977=EDGE_CURVE('',#8293,#8295,#6924,.T.);
#8979=EDGE_CURVE('',#8295,#8290,#6910,.T.);
#8996=EDGE_CURVE('',#8282,#8283,#6889,.T.);
#9002=EDGE_CURVE('',#8290,#8283,#6902,.T.);
#9020=EDGE_CURVE('',#8285,#8283,#6906,.T.);
#9022=EDGE_CURVE('',#8285,#8287,#6915,.T.);
#9043=EDGE_CURVE('',#8295,#8285,#6919,.T.);
#9064=EDGE_CURVE('',#8269,#8270,#6932,.T.);
#9102=EDGE_CURVE('',#8241,#8182,#6964,.T.);
#9104=EDGE_CURVE('',#8241,#7904,#6968,.T.);
#9106=EDGE_CURVE('',#7904,#7905,#6972,.T.);
#9108=EDGE_CURVE('',#7905,#7972,#6976,.T.);
#9110=EDGE_CURVE('',#7972,#8020,#6980,.T.);
#9112=EDGE_CURVE('',#8020,#8021,#6984,.T.);
#9114=EDGE_CURVE('',#7976,#8021,#7342,.T.);
#9116=EDGE_CURVE('',#7976,#7908,#6988,.T.);
#9118=EDGE_CURVE('',#7908,#7909,#6992,.T.);
#9120=EDGE_CURVE('',#7909,#8245,#6996,.T.);
#9125=EDGE_CURVE('',#7900,#7901,#6951,.T.);
#9127=EDGE_CURVE('',#7901,#7900,#6956,.T.);
#9145=EDGE_CURVE('',#7900,#7912,#7000,.T.);
#9147=EDGE_CURVE('',#7912,#7913,#7009,.T.);
#9149=EDGE_CURVE('',#7901,#7913,#7004,.T.);
#9168=EDGE_CURVE('',#7913,#7912,#7014,.T.);
#9186=EDGE_CURVE('',#8317,#8315,#7058,.T.);
#9188=EDGE_CURVE('',#7973,#8315,#7259,.T.);
#9190=EDGE_CURVE('',#7917,#7973,#7062,.T.);
#9192=EDGE_CURVE('',#7916,#7917,#7066,.T.);
#9194=EDGE_CURVE('',#8242,#7916,#7070,.T.);
#9196=EDGE_CURVE('',#8242,#8325,#7396,.T.);
#9200=EDGE_CURVE('',#7921,#8246,#7082,.T.);
#9202=EDGE_CURVE('',#7920,#7921,#7086,.T.);
#9204=EDGE_CURVE('',#7977,#7920,#7090,.T.);
#9206=EDGE_CURVE('',#7977,#8317,#7094,.T.);
#9210=EDGE_CURVE('',#7924,#7925,#7019,.T.);
#9212=EDGE_CURVE('',#7925,#7924,#7024,.T.);
#9216=EDGE_CURVE('',#7928,#7929,#7029,.T.);
#9218=EDGE_CURVE('',#7929,#7928,#7034,.T.);
#9222=EDGE_CURVE('',#7932,#7933,#7039,.T.);
#9224=EDGE_CURVE('',#7933,#7932,#7044,.T.);
#9228=EDGE_CURVE('',#7936,#7937,#7049,.T.);
#9230=EDGE_CURVE('',#7937,#7936,#7054,.T.);
#9251=EDGE_CURVE('',#7945,#7944,#7099,.T.);
#9253=EDGE_CURVE('',#7925,#7944,#7162,.T.);
#9256=EDGE_CURVE('',#7924,#7945,#7103,.T.);
#9297=EDGE_CURVE('',#7941,#7940,#7118,.T.);
#9299=EDGE_CURVE('',#7940,#7944,#7153,.T.);
#9302=EDGE_CURVE('',#7941,#7945,#7108,.T.);
#9319=EDGE_CURVE('',#7940,#7941,#7113,.T.);
#9337=EDGE_CURVE('',#7948,#7949,#7123,.T.);
#9339=EDGE_CURVE('',#7949,#7948,#7128,.T.);
#9356=EDGE_CURVE('',#7956,#7957,#7133,.T.);
#9358=EDGE_CURVE('',#7957,#7956,#7138,.T.);
#9375=EDGE_CURVE('',#7964,#7965,#7143,.T.);
#9377=EDGE_CURVE('',#7965,#7964,#7148,.T.);
#9420=EDGE_CURVE('',#7944,#7945,#7158,.T.);
#9482=EDGE_CURVE('',#7949,#7953,#7172,.T.);
#9484=EDGE_CURVE('',#7952,#7953,#7186,.T.);
#9486=EDGE_CURVE('',#7948,#7952,#7167,.T.);
#9529=EDGE_CURVE('',#7953,#7952,#7177,.T.);
#9548=EDGE_CURVE('',#7929,#7952,#7190,.T.);
#9551=EDGE_CURVE('',#7928,#7953,#7181,.T.);
#9612=EDGE_CURVE('',#7957,#7961,#7200,.T.);
#9614=EDGE_CURVE('',#7960,#7961,#7214,.T.);
#9616=EDGE_CURVE('',#7956,#7960,#7195,.T.);
#9659=EDGE_CURVE('',#7961,#7960,#7205,.T.);
#9678=EDGE_CURVE('',#7932,#7960,#7218,.T.);
#9681=EDGE_CURVE('',#7933,#7961,#7209,.T.);
#9742=EDGE_CURVE('',#7965,#7969,#7228,.T.);
#9744=EDGE_CURVE('',#7968,#7969,#7242,.T.);
#9746=EDGE_CURVE('',#7964,#7968,#7223,.T.);
#9789=EDGE_CURVE('',#7969,#7968,#7233,.T.);
#9808=EDGE_CURVE('',#7937,#7968,#7246,.T.);
#9811=EDGE_CURVE('',#7936,#7969,#7237,.T.);
#9847=EDGE_CURVE('',#8314,#8315,#7251,.T.);
#9850=EDGE_CURVE('',#8317,#8319,#7338,.T.);
#9852=EDGE_CURVE('',#8319,#8314,#7263,.T.);
#9870=EDGE_CURVE('',#8314,#7980,#7255,.T.);
#9872=EDGE_CURVE('',#7980,#8000,#7865,.T.);
#9874=EDGE_CURVE('',#8020,#8000,#7481,.T.);
#9877=EDGE_CURVE('',#7972,#7973,#7363,.T.);
#9896=EDGE_CURVE('',#8046,#8319,#7359,.T.);
#9898=EDGE_CURVE('',#8052,#8046,#7267,.T.);
#9900=EDGE_CURVE('',#8032,#8052,#7750,.T.);
#9902=EDGE_CURVE('',#8029,#8032,#7271,.T.);
#9904=EDGE_CURVE('',#8027,#8029,#7275,.T.);
#9906=EDGE_CURVE('',#7997,#8027,#7279,.T.);
#9908=EDGE_CURVE('',#7995,#7997,#7283,.T.);
#9910=EDGE_CURVE('',#7994,#7995,#7287,.T.);
#9912=EDGE_CURVE('',#8122,#7994,#7292,.T.);
#9914=EDGE_CURVE('',#8122,#8092,#7296,.T.);
#9916=EDGE_CURVE('',#8092,#8116,#7300,.T.);
#9918=EDGE_CURVE('',#8116,#8120,#7304,.T.);
#9920=EDGE_CURVE('',#7991,#8120,#7308,.T.);
#9922=EDGE_CURVE('',#7989,#7991,#7313,.T.);
#9924=EDGE_CURVE('',#7987,#7989,#7317,.T.);
#9926=EDGE_CURVE('',#7985,#7987,#7321,.T.);
#9928=EDGE_CURVE('',#7983,#7985,#7325,.T.);
#9930=EDGE_CURVE('',#7981,#7983,#7329,.T.);
#9932=EDGE_CURVE('',#7980,#7981,#7333,.T.);
#9952=EDGE_CURVE('',#7976,#7977,#7371,.T.);
#9955=EDGE_CURVE('',#8039,#8021,#7477,.T.);
#9957=EDGE_CURVE('',#8043,#8039,#7804,.T.);
#9959=EDGE_CURVE('',#8055,#8043,#7777,.T.);
#9961=EDGE_CURVE('',#8060,#8055,#7346,.T.);
#9963=EDGE_CURVE('',#8060,#8047,#7350,.T.);
#9965=EDGE_CURVE('',#8046,#8047,#7355,.T.);
#9985=EDGE_CURVE('',#7905,#7917,#7367,.T.);
#10005=EDGE_CURVE('',#7908,#7920,#7436,.T.);
#10024=EDGE_CURVE('',#7904,#7916,#7375,.T.);
#10043=EDGE_CURVE('',#8241,#8242,#7379,.T.);
#10065=EDGE_CURVE('',#7909,#7921,#7387,.T.);
#10088=EDGE_CURVE('',#8143,#8163,#7404,.T.);
#10109=EDGE_CURVE('',#8144,#8164,#7408,.T.);
#10129=EDGE_CURVE('',#8146,#8166,#7412,.T.);
#10149=EDGE_CURVE('',#8148,#8168,#7416,.T.);
#10169=EDGE_CURVE('',#8150,#8170,#7420,.T.);
#10189=EDGE_CURVE('',#8152,#8172,#7424,.T.);
#10209=EDGE_CURVE('',#8154,#8174,#7432,.T.);
#10264=EDGE_CURVE('',#8119,#8095,#7440,.T.);
#10266=EDGE_CURVE('',#8071,#8095,#7690,.T.);
#10268=EDGE_CURVE('',#8071,#8124,#7444,.T.);
#10270=EDGE_CURVE('',#8124,#8014,#7449,.T.);
#10272=EDGE_CURVE('',#8014,#8015,#7453,.T.);
#10274=EDGE_CURVE('',#8015,#8017,#7457,.T.);
#10276=EDGE_CURVE('',#8017,#8025,#7461,.T.);
#10278=EDGE_CURVE('',#8024,#8025,#7465,.T.);
#10280=EDGE_CURVE('',#8024,#8033,#7469,.T.);
#10282=EDGE_CURVE('',#8035,#8033,#7745,.T.);
#10284=EDGE_CURVE('',#8038,#8035,#7812,.T.);
#10286=EDGE_CURVE('',#8038,#8039,#7473,.T.);
#10291=EDGE_CURVE('',#8000,#8001,#7485,.T.);
#10293=EDGE_CURVE('',#8001,#8003,#7489,.T.);
#10295=EDGE_CURVE('',#8003,#8005,#7493,.T.);
#10297=EDGE_CURVE('',#8005,#8007,#7497,.T.);
#10299=EDGE_CURVE('',#8007,#8009,#7501,.T.);
#10301=EDGE_CURVE('',#8009,#8011,#7506,.T.);
#10303=EDGE_CURVE('',#8011,#8119,#7510,.T.);
#10320=EDGE_CURVE('',#8132,#8127,#7514,.T.);
#10322=EDGE_CURVE('',#8104,#8132,#7518,.T.);
#10324=EDGE_CURVE('',#8102,#8104,#7523,.T.);
#10326=EDGE_CURVE('',#8100,#8102,#7527,.T.);
#10328=EDGE_CURVE('',#8098,#8100,#7532,.T.);
#10330=EDGE_CURVE('',#8096,#8098,#7536,.T.);
#10332=EDGE_CURVE('',#8095,#8096,#7541,.T.);
#10335=EDGE_CURVE('',#8119,#8120,#7837,.T.);
#10338=EDGE_CURVE('',#8114,#8116,#7546,.T.);
#10340=EDGE_CURVE('',#8112,#8114,#7550,.T.);
#10342=EDGE_CURVE('',#8110,#8112,#7555,.T.);
#10344=EDGE_CURVE('',#8108,#8110,#7559,.T.);
#10346=EDGE_CURVE('',#8107,#8108,#7564,.T.);
#10348=EDGE_CURVE('',#8127,#8107,#7568,.T.);
#10365=EDGE_CURVE('',#8127,#8128,#7573,.T.);
#10367=EDGE_CURVE('',#8130,#8128,#7662,.T.);
#10369=EDGE_CURVE('',#8130,#8132,#7649,.T.);
#10389=EDGE_CURVE('',#8083,#8107,#7586,.T.);
#10391=EDGE_CURVE('',#8140,#8083,#7594,.T.);
#10393=EDGE_CURVE('',#8138,#8140,#7578,.T.);
#10395=EDGE_CURVE('',#8138,#8128,#7582,.T.);
#10412=EDGE_CURVE('',#8083,#8084,#7599,.T.);
#10416=EDGE_CURVE('',#8084,#8108,#7694,.T.);
#10433=EDGE_CURVE('',#8140,#8135,#7590,.T.);
#10437=EDGE_CURVE('',#8084,#8086,#7603,.T.);
#10439=EDGE_CURVE('',#8086,#8088,#7608,.T.);
#10441=EDGE_CURVE('',#8088,#8090,#7612,.T.);
#10443=EDGE_CURVE('',#8090,#8092,#7617,.T.);
#10446=EDGE_CURVE('',#8124,#8122,#7710,.T.);
#10449=EDGE_CURVE('',#8071,#8072,#7622,.T.);
#10451=EDGE_CURVE('',#8072,#8074,#7626,.T.);
#10453=EDGE_CURVE('',#8074,#8076,#7631,.T.);
#10455=EDGE_CURVE('',#8076,#8078,#7635,.T.);
#10457=EDGE_CURVE('',#8078,#8080,#7640,.T.);
#10459=EDGE_CURVE('',#8080,#8135,#7644,.T.);
#10476=EDGE_CURVE('',#8135,#8136,#7654,.T.);
#10478=EDGE_CURVE('',#8138,#8136,#7666,.T.);
#10498=EDGE_CURVE('',#8136,#8130,#7670,.T.);
#10502=EDGE_CURVE('',#8080,#8104,#7658,.T.);
#10540=EDGE_CURVE('',#8078,#8102,#7674,.T.);
#10560=EDGE_CURVE('',#8076,#8100,#7678,.T.);
#10580=EDGE_CURVE('',#8074,#8098,#7682,.T.);
#10600=EDGE_CURVE('',#8072,#8096,#7686,.T.);
#10641=EDGE_CURVE('',#8086,#8110,#7698,.T.);
#10661=EDGE_CURVE('',#8088,#8112,#7702,.T.);
#10681=EDGE_CURVE('',#8090,#8114,#7706,.T.);
#10719=EDGE_CURVE('',#7994,#8014,#7714,.T.);
#10738=EDGE_CURVE('',#7995,#8015,#7718,.T.);
#10758=EDGE_CURVE('',#7997,#8017,#7726,.T.);
#10777=EDGE_CURVE('',#8027,#8025,#7722,.T.);
#10800=EDGE_CURVE('',#8029,#8024,#7734,.T.);
#10817=EDGE_CURVE('',#8032,#8033,#7730,.T.);
#10837=EDGE_CURVE('',#8051,#8052,#7740,.T.);
#10839=EDGE_CURVE('',#8051,#8035,#7816,.T.);
#10860=EDGE_CURVE('',#8049,#8047,#7768,.T.);
#10862=EDGE_CURVE('',#8049,#8051,#7821,.T.);
#10881=EDGE_CURVE('',#8058,#8060,#7755,.T.);
#10883=EDGE_CURVE('',#8068,#8058,#7759,.T.);
#10885=EDGE_CURVE('',#8066,#8068,#7764,.T.);
#10887=EDGE_CURVE('',#8049,#8066,#7825,.T.);
#10906=EDGE_CURVE('',#8055,#8056,#7773,.T.);
#10908=EDGE_CURVE('',#8058,#8056,#7829,.T.);
#10929=EDGE_CURVE('',#8042,#8043,#7781,.T.);
#10931=EDGE_CURVE('',#8042,#8064,#7785,.T.);
#10933=EDGE_CURVE('',#8063,#8064,#7790,.T.);
#10935=EDGE_CURVE('',#8063,#8056,#7794,.T.);
#10953=EDGE_CURVE('',#8038,#8042,#7799,.T.);
#10972=EDGE_CURVE('',#8066,#8064,#7808,.T.);
#10998=EDGE_CURVE('',#8068,#8063,#7833,.T.);
#11036=EDGE_CURVE('',#7991,#8011,#7841,.T.);
#11057=EDGE_CURVE('',#7989,#8009,#7845,.T.);
#11077=EDGE_CURVE('',#7987,#8007,#7849,.T.);
#11097=EDGE_CURVE('',#7985,#8005,#7853,.T.);
#11117=EDGE_CURVE('',#7983,#8003,#7857,.T.);
#11137=EDGE_CURVE('',#7981,#8001,#7861,.T.);
#11174=EDGE_CURVE('',#8186,#8210,#7873,.T.);
#11194=EDGE_CURVE('',#8188,#8212,#7877,.T.);
#11214=EDGE_CURVE('',#8190,#8214,#7881,.T.);
#11234=EDGE_CURVE('',#8192,#8216,#7885,.T.);
#11288=(LENGTH_UNIT()NAMED_UNIT(*)SI_UNIT(.MILLI.,.METRE.));
#11290=(NAMED_UNIT(*)PLANE_ANGLE_UNIT()SI_UNIT($,.RADIAN.));
#11293=(NAMED_UNIT(*)SI_UNIT($,.STERADIAN.)SOLID_ANGLE_UNIT());
#11296=ADVANCED_BREP_SHAPE_REPRESENTATION('',(#6481,#11287),#11295);
#11304=PRODUCT_DEFINITION('design','',#11303,#11300);
#11305=PRODUCT_DEFINITION_SHAPE('','SHAPE FOR 187.',#11304);
#11306=SHAPE_ASPECT('','solid data associated with 187',#11305,.F.);
#11307=PROPERTY_DEFINITION('',
'shape for solid data with which properties are associated',#11306);
#11308=SHAPE_REPRESENTATION('',(#11287),#11295);
#11309=SHAPE_DEFINITION_REPRESENTATION(#11307,#11308);
#11310=(LENGTH_UNIT()NAMED_UNIT(*)SI_UNIT(.MILLI.,.METRE.));
#11314=PROPERTY_DEFINITION('geometric validation property','area of 187',
#11306);
#11315=REPRESENTATION('surface area',(#11313),#11295);
#11316=PROPERTY_DEFINITION_REPRESENTATION(#11314,#11315);
#11317=(LENGTH_UNIT()NAMED_UNIT(*)SI_UNIT(.MILLI.,.METRE.));
#11321=PROPERTY_DEFINITION('geometric validation property','volume of 187',
#11306);
#11322=REPRESENTATION('volume',(#11320),#11295);
#11323=PROPERTY_DEFINITION_REPRESENTATION(#11321,#11322);
#11325=PROPERTY_DEFINITION('geometric validation property','centroid of 187',
#11306);
#11326=REPRESENTATION('centroid',(#11324),#11295);
#11327=PROPERTY_DEFINITION_REPRESENTATION(#11325,#11326);
#11328=(LENGTH_UNIT()NAMED_UNIT(*)SI_UNIT(.MILLI.,.METRE.));
#11332=PROPERTY_DEFINITION('geometric validation property','area of 187',
#11305);
#11333=REPRESENTATION('surface area',(#11331),#11295);
#11334=PROPERTY_DEFINITION_REPRESENTATION(#11332,#11333);
#11335=(LENGTH_UNIT()NAMED_UNIT(*)SI_UNIT(.MILLI.,.METRE.));
#11339=PROPERTY_DEFINITION('geometric validation property','volume of 187',
#11305);
#11340=REPRESENTATION('volume',(#11338),#11295);
#11341=PROPERTY_DEFINITION_REPRESENTATION(#11339,#11340);
#11343=PROPERTY_DEFINITION('geometric validation property','centroid of 187',
#11305);
#11344=REPRESENTATION('centroid',(#11342),#11295);
#11345=PROPERTY_DEFINITION_REPRESENTATION(#11343,#11344);
#11346=SHAPE_DEFINITION_REPRESENTATION(#11305,#11296);
ENDSEC;
END-ISO-10303-21;
