#VRML V2.0 utf8

Shape {
  appearance Appearance {
    material Material {
      diffuseColor 0.2235 0.2235 0.2235
      specularColor 0.1137 0.1137 0.1137
      ambientIntensity 0.2
      transparency 0.0000
      shininess 0.5
    }
  }
  geometry IndexedFaceSet {
    ccw TRUE
    solid FALSE
    coord DEF co Coordinate {
      point [
        0.984252 0.189689 0.256623,
        0.984252 0.184789 0.269763,
        0.984252 0.167160 0.269763,
        0.984252 0.085256 0.180110,
        0.984252 0.084243 0.180004,
        0.984252 0.095797 0.180004,
        0.984252 -0.057672 0.267258,
        0.984252 -0.048389 0.259440,
        0.984252 -0.015937 0.305070,
        0.984252 -0.015937 0.256218,
        0.984252 -0.103103 0.310035,
        0.984252 -0.095719 0.305070,
        0.984252 -0.087870 0.299793,
        0.984252 -0.076641 0.286826,
        0.984252 -0.069425 0.272809,
        0.984252 -0.067846 0.272280,
        0.984252 -0.120244 0.316076,
        0.984252 -0.015937 0.393701,
        0.984252 -0.134324 0.317555,
        0.984252 -0.255906 0.393701,
        0.984252 -0.151250 0.315466,
        0.984252 -0.166998 0.309386,
        0.984252 -0.255906 0.305070,
        0.984252 -0.211697 0.288214,
        0.984252 -0.198198 0.289887,
        0.984252 -0.255906 0.256218,
        0.984252 -0.248681 0.256218,
        0.984252 -0.245729 0.262901,
        0.984252 -0.237479 0.273492,
        0.984252 -0.173963 0.305070,
        0.984252 -0.175313 0.304233,
        0.984252 -0.183339 0.297359,
        0.984252 -0.194270 0.289674,
        0.984252 -0.190342 0.289204,
        0.984252 -0.235206 0.275645,
        0.984252 -0.224347 0.283291,
        0.984252 -0.255906 0.180004,
        0.984252 -0.239187 0.197322,
        0.984252 -0.246944 0.208379,
        0.984252 -0.211861 0.180926,
        0.984252 -0.216229 0.182235,
        0.984252 -0.228568 0.188259,
        0.984252 -0.251859 0.221091,
        0.984252 -0.253533 0.234553,
        0.984252 -0.255906 0.242132,
        0.984252 -0.253440 0.237755,
        0.984252 -0.252665 0.242132,
        0.984252 -0.251164 0.250595,
        0.984252 -0.196848 0.162393,
        0.984252 -0.203500 0.167469,
        0.984252 -0.255906 0.160974,
        0.984252 -0.208539 0.173763,
        0.984252 -0.211433 0.180004,
        0.984252 -0.015937 0.000000,
        0.984252 -0.171462 0.158639,
        0.984252 -0.255906 0.000000,
        0.984252 -0.179411 0.157699,
        0.984252 -0.180936 0.157732,
        0.984252 -0.188991 0.159037,
        0.984252 -0.193524 0.160974,
        0.984252 -0.147412 0.180004,
        0.984252 -0.151303 0.172508,
        0.984252 -0.015937 0.160974,
        0.984252 -0.156977 0.166153,
        0.984252 -0.163819 0.161490,
        0.984252 -0.165203 0.160974,
        0.984252 -0.037198 0.239311,
        0.984252 -0.035610 0.228063,
        0.984252 -0.015937 0.242132,
        0.984252 -0.153794 0.214742,
        0.984252 -0.108023 0.238652,
        0.984252 -0.159657 0.220102,
        0.984252 -0.166884 0.224012,
        0.984252 -0.105892 0.198666,
        0.984252 -0.103791 0.200155,
        0.984252 -0.097434 0.220548,
        0.984252 -0.037158 0.215946,
        0.984252 -0.015937 0.180004,
        0.984252 -0.057501 0.187773,
        0.984252 -0.067919 0.182662,
        0.984252 -0.057067 0.231587,
        0.984252 -0.058887 0.238085,
        0.984252 -0.061240 0.242132,
        0.984252 -0.231198 0.242132,
        0.984252 -0.101447 0.201081,
        0.984252 -0.098800 0.201420,
        0.984252 -0.098468 0.201396,
        0.984252 -0.229179 0.221666,
        0.984252 -0.224786 0.214296,
        0.984252 -0.207576 0.211399,
        0.984252 -0.218585 0.208098,
        0.984252 -0.211519 0.203811,
        0.984252 -0.194856 0.222597,
        0.984252 -0.201881 0.217803,
        0.984252 -0.232013 0.235236,
        0.984252 -0.231617 0.230051,
        0.984252 -0.041432 0.205124,
        0.984252 -0.048248 0.195614,
        0.984252 -0.097443 0.201169,
        0.984252 -0.096751 0.201079,
        0.984252 -0.081380 0.201079,
        0.984252 -0.109389 0.190831,
        0.984252 -0.109302 0.192180,
        0.984252 -0.145254 0.195272,
        0.984252 -0.108617 0.194780,
        0.984252 -0.107303 0.197110,
        0.984252 -0.063832 0.209533,
        0.984252 -0.060104 0.214720,
        0.984252 -0.057682 0.220782,
        0.984252 -0.056787 0.227721,
        0.984252 -0.103667 0.181443,
        0.984252 -0.105883 0.183017,
        0.984252 -0.147325 0.180172,
        0.984252 -0.106676 0.183826,
        0.984252 -0.108165 0.185971,
        0.984252 -0.109065 0.188287,
        0.984252 -0.145407 0.188624,
        0.984252 -0.145254 0.191856,
        0.984252 -0.187292 0.225418,
        0.984252 -0.179411 0.226355,
        0.984252 -0.175116 0.226092,
        0.984252 -0.079331 0.180243,
        0.984252 -0.099483 0.180243,
        0.984252 -0.101408 0.180553,
        0.984252 -0.074833 0.202389,
        0.984252 -0.068856 0.205280,
        0.984252 -0.228223 0.250828,
        0.984252 -0.231073 0.243185,
        0.984252 -0.086162 0.254364,
        0.984252 -0.083430 0.254364,
        0.984252 -0.062239 0.243850,
        0.984252 -0.065465 0.247377,
        0.984252 -0.070729 0.251136,
        0.984252 -0.076669 0.253494,
        0.984252 -0.093659 0.275090,
        0.984252 -0.101409 0.284254,
        0.984252 -0.179753 0.264270,
        0.984252 -0.102031 0.284819,
        0.984252 -0.111619 0.291496,
        0.984252 -0.174504 0.275121,
        0.984252 -0.224550 0.256218,
        0.984252 -0.182540 0.265774,
        0.984252 -0.086575 0.256218,
        0.984252 -0.088332 0.264113,
        0.984252 -0.190210 0.268488,
        0.984252 -0.197856 0.269393,
        0.984252 -0.201088 0.269240,
        0.984252 -0.166832 0.284265,
        0.984252 -0.122324 0.295618,
        0.984252 -0.157766 0.290890,
        0.984252 -0.133982 0.297061,
        0.984252 -0.146617 0.295425,
        0.984252 -0.209541 0.267322,
        0.984252 -0.217204 0.263344,
        0.984252 -0.223559 0.257670,
        0.984252 -0.046067 0.256218,
        0.984252 -0.041397 0.249737,
        0.984252 -0.038334 0.242132,
        0.984252 0.220329 0.180409,
        0.984252 0.213476 0.180409,
        0.984252 0.203676 0.180004,
        0.984252 0.255906 0.180004,
        0.984252 0.255906 0.180409,
        0.984252 0.249851 0.180409,
        0.984252 0.244951 0.193550,
        0.984252 0.224946 0.193550,
        0.984252 0.203676 0.242132,
        0.984252 0.231774 0.228451,
        0.984252 0.255906 0.242132,
        0.984252 0.238406 0.228451,
        0.984252 0.255906 0.182505,
        0.984252 0.208452 0.215823,
        0.984252 0.210139 0.211148,
        0.984252 0.210811 0.205044,
        0.984252 0.210631 0.201634,
        0.984252 0.203565 0.187139,
        0.984252 0.198523 0.183528,
        0.984252 0.209403 0.196065,
        0.984252 0.206969 0.191134,
        0.984252 0.203676 0.187269,
        0.984252 0.193050 0.227565,
        0.984252 0.198807 0.225382,
        0.984252 0.193041 0.181395,
        0.984252 0.184911 0.180409,
        0.984252 0.167160 0.180004,
        0.984252 0.171697 0.180409,
        0.984252 0.167160 0.242132,
        0.984252 0.171697 0.228451,
        0.984252 0.185402 0.228451,
        0.984252 0.203565 0.222090,
        0.984252 0.203676 0.221980,
        0.984252 0.205554 0.220106,
        0.984252 0.161529 0.222925,
        0.984252 0.162622 0.185887,
        0.984252 0.162622 0.180409,
        0.984252 0.151981 0.180004,
        0.984252 0.142985 0.202048,
        0.984252 0.142985 0.185887,
        0.984252 0.151981 0.202048,
        0.984252 0.151981 0.185887,
        0.984252 0.160166 0.202048,
        0.984252 0.160166 0.207550,
        0.984252 0.151981 0.207550,
        0.984252 0.151981 0.222925,
        0.984252 0.142985 0.207550,
        0.984252 0.142985 0.222925,
        0.984252 0.151981 0.180409,
        0.984252 0.136783 0.180409,
        0.984252 0.133541 0.180004,
        0.984252 0.136783 0.228451,
        0.984252 0.073411 0.186372,
        0.984252 0.073839 0.186211,
        0.984252 0.073839 0.198969,
        0.984252 0.072802 0.200034,
        0.984252 0.072017 0.201288,
        0.984252 0.071058 0.187827,
        0.984252 0.071354 0.203126,
        0.984252 0.071094 0.205462,
        0.984252 0.069031 0.242132,
        0.984252 0.071332 0.207614,
        0.984252 0.073786 0.199004,
        0.984252 0.071058 0.181613,
        0.984252 0.069031 0.180004,
        0.984252 0.073839 0.180642,
        0.984252 0.073839 0.180004,
        0.984252 0.075363 0.180110,
        0.984252 0.076402 0.180004,
        0.984252 0.092586 0.213985,
        0.984252 0.092586 0.208139,
        0.984252 0.074951 0.212781,
        0.984252 0.076735 0.213847,
        0.984252 0.073839 0.242132,
        0.984252 0.093945 0.187325,
        0.984252 0.093206 0.185418,
        0.984252 0.092085 0.183831,
        0.984252 0.072049 0.209551,
        0.984252 0.073167 0.211178,
        0.984252 0.073839 0.211782,
        0.984252 0.080036 0.215027,
        0.984252 0.084456 0.215507,
        0.984252 0.095797 0.242132,
        0.984252 0.087774 0.215281,
        0.984252 0.092217 0.195417,
        0.984252 0.093341 0.193759,
        0.984252 0.093983 0.191985,
        0.984252 0.094231 0.189743,
        0.984252 0.090363 0.182325,
        0.984252 0.088553 0.181256,
        0.984252 0.083867 0.210620,
        0.984252 0.082085 0.210486,
        0.984252 0.077296 0.206002,
        0.984252 0.080476 0.210060,
        0.984252 0.079126 0.209343,
        0.984252 0.077351 0.205202,
        0.984252 0.077590 0.204267,
        0.984252 0.078024 0.203455,
        0.984252 0.078610 0.202809,
        0.984252 0.080732 0.201483,
        0.984252 0.087818 0.210171,
        0.984252 0.084456 0.199862,
        0.984252 0.091212 0.208926,
        0.984252 0.086786 0.198919,
        0.984252 0.090782 0.196696,
        0.984252 0.078218 0.208540,
        0.984252 0.077702 0.207774,
        0.984252 0.077405 0.206962,
        0.984252 0.077183 0.184952,
        0.984252 0.080207 0.195490,
        0.984252 0.076620 0.197134,
        0.984252 0.080956 0.184511,
        0.984252 0.081222 0.184513,
        0.984252 0.084158 0.193835,
        0.984252 0.084306 0.184859,
        0.984252 0.088054 0.189153,
        0.984252 0.087995 0.189902,
        0.984252 0.085859 0.185427,
        0.984252 0.086408 0.185760,
        0.984252 0.087098 0.186373,
        0.984252 0.087624 0.187150,
        0.984252 0.087930 0.188006,
        0.984252 0.087722 0.190841,
        0.984252 0.087257 0.191639,
        0.984252 0.086507 0.192420,
        0.984252 0.178243 0.304665,
        0.984252 0.196541 0.256623,
        0.984252 0.203676 0.256218,
        0.984252 0.167160 0.256218,
        0.984252 0.164783 0.269763,
        0.984252 0.160166 0.256623,
        0.984252 0.151981 0.256218,
        0.984252 0.153313 0.256623,
        0.984252 0.151981 0.305070,
        0.984252 0.167160 0.292977,
        0.984252 0.167160 0.305070,
        0.984252 0.095797 0.256218,
        0.984252 0.133541 0.256218,
        0.984252 0.102459 0.256623,
        0.984252 0.111535 0.256623,
        0.984252 0.111535 0.304665,
        0.984252 0.101366 0.299139,
        0.984252 0.101366 0.304665,
        0.984252 0.125240 0.304665,
        0.984252 0.133541 0.305070,
        0.984252 0.095797 0.305070,
        0.984252 0.095797 0.304665,
        0.984252 0.132878 0.257608,
        0.984252 0.124748 0.256623,
        0.984252 0.102459 0.262100,
        0.984252 0.145391 0.296319,
        0.984252 0.148289 0.292037,
        0.984252 0.149240 0.272278,
        0.984252 0.146807 0.267348,
        0.984252 0.143403 0.298303,
        0.984252 0.143403 0.263353,
        0.984252 0.138360 0.259742,
        0.984252 0.133541 0.257867,
        0.984252 0.132888 0.303779,
        0.984252 0.133541 0.303531,
        0.984252 0.138644 0.301596,
        0.984252 0.149976 0.287361,
        0.984252 0.150648 0.281258,
        0.984252 0.150468 0.277848,
        0.984252 0.082822 0.278261,
        0.984252 0.082822 0.262100,
        0.984252 0.095797 0.278261,
        0.984252 0.095797 0.262100,
        0.984252 0.100003 0.278261,
        0.984252 0.100003 0.283763,
        0.984252 0.095797 0.283763,
        0.984252 0.095797 0.299139,
        0.984252 0.082822 0.283763,
        0.984252 0.082822 0.299139,
        0.984252 0.076621 0.304665,
        0.984252 0.073839 0.305070,
        0.984252 0.076621 0.256623,
        0.984252 0.064954 0.305070,
        0.984252 0.064954 0.304120,
        0.984252 0.069031 0.305070,
        0.984252 0.067005 0.303510,
        0.984252 0.067005 0.264556,
        0.984252 0.067005 0.297026,
        0.984252 0.066237 0.297435,
        0.984252 0.038193 0.286128,
        0.984252 0.064954 0.263647,
        0.984252 0.039717 0.290411,
        0.984252 0.041957 0.293831,
        0.984252 0.037544 0.280104,
        0.984252 0.037547 0.279655,
        0.984252 0.062088 0.262375,
        0.984252 0.056618 0.261406,
        0.984252 0.061335 0.299233,
        0.984252 0.055682 0.299875,
        0.984252 0.053555 0.299777,
        0.984252 0.049412 0.298921,
        0.984252 0.064954 0.297906,
        0.984252 0.045661 0.297117,
        0.984252 0.042591 0.294546,
        0.984252 0.038303 0.273757,
        0.984252 0.039815 0.269843,
        0.984252 0.042260 0.266398,
        0.984252 0.046643 0.263090,
        0.984252 0.050128 0.261833,
        0.984252 0.054602 0.261339,
        0.984252 0.043440 0.265254,
        0.984252 0.051986 0.305070,
        0.984252 0.055621 0.305475,
        0.984252 0.064954 0.393701,
        0.984252 0.056062 0.305473,
        0.984252 0.060554 0.305070,
        0.984252 0.062276 0.304915,
        0.984252 0.030305 0.393701,
        0.984252 0.030305 0.305070,
        0.984252 0.049185 0.304758,
        0.984252 0.044085 0.302906,
        0.984252 0.032297 0.288807,
        0.984252 0.034639 0.294102,
        0.984252 0.037974 0.298402,
        0.984252 0.039362 0.299712,
        0.984252 0.040837 0.259306,
        0.984252 0.037200 0.262370,
        0.984252 0.030305 0.256218,
        0.984252 0.036441 0.263220,
        0.984252 0.033674 0.267411,
        0.984252 0.031819 0.272567,
        0.984252 0.031035 0.279735,
        0.984252 0.031146 0.282604,
        0.984252 0.057203 0.256218,
        0.984252 0.053705 0.255813,
        0.984252 0.064954 0.242132,
        0.984252 0.030305 0.242132,
        0.984252 0.050488 0.255982,
        0.984252 0.049412 0.256218,
        0.984252 0.045335 0.257110,
        0.984252 0.069031 0.256218,
        0.984252 0.067005 0.258613,
        0.984252 0.064954 0.256218,
        0.984252 0.064954 0.257830,
        0.984252 0.062271 0.256805,
        0.984252 0.029574 0.185887,
        0.984252 0.029574 0.180409,
        0.984252 0.030305 0.180004,
        0.984252 0.003735 0.180409,
        0.984252 0.029322 0.180004,
        0.984252 0.029322 0.180409,
        0.984252 0.003735 0.228451,
        0.984252 0.029322 0.185887,
        0.984252 0.029322 0.242132,
        0.984252 0.028481 0.222925,
        0.984252 0.028481 0.228451,
        0.984252 0.009937 0.202048,
        0.984252 0.009937 0.185887,
        0.984252 0.027118 0.202048,
        0.984252 0.027118 0.207550,
        0.984252 0.009937 0.207550,
        0.984252 0.009937 0.222925,
        0.984252 0.042724 0.180004,
        0.984252 0.042615 0.180017,
        0.984252 0.038686 0.212315,
        0.984252 0.038686 0.206469,
        0.984252 0.056720 0.214385,
        0.984252 0.058709 0.213232,
        0.984252 0.062904 0.202490,
        0.984252 0.062904 0.180409,
        0.984252 0.064954 0.180004,
        0.984252 0.056886 0.180409,
        0.984252 0.040307 0.180887,
        0.984252 0.038281 0.182301,
        0.984252 0.037608 0.182983,
        0.984252 0.054202 0.215165,
        0.984252 0.036357 0.184832,
        0.984252 0.035630 0.186868,
        0.984252 0.035333 0.189595,
        0.984252 0.060305 0.211684,
        0.984252 0.061528 0.209722,
        0.984252 0.062461 0.206950,
        0.984252 0.056886 0.185715,
        0.984252 0.056726 0.185715,
        0.984252 0.055789 0.184288,
        0.984252 0.053889 0.182241,
        0.984252 0.035357 0.190459,
        0.984252 0.035763 0.193026,
        0.984252 0.036609 0.195133,
        0.984252 0.037832 0.196842,
        0.984252 0.039708 0.198431,
        0.984252 0.042330 0.199736,
        0.984252 0.042534 0.208936,
        0.984252 0.046718 0.200795,
        0.984252 0.051974 0.210406,
        0.984252 0.049935 0.210620,
        0.984252 0.046294 0.210235,
        0.984252 0.040306 0.213230,
        0.984252 0.044850 0.214879,
        0.984252 0.050500 0.215507,
        0.984252 0.056886 0.202220,
        0.984252 0.056677 0.204881,
        0.984252 0.056054 0.207023,
        0.984252 0.055348 0.208263,
        0.984252 0.054438 0.209230,
        0.984252 0.053369 0.209919,
        0.984252 0.046214 0.179599,
        0.984252 0.030305 0.160974,
        0.984252 0.049317 0.179943,
        0.984252 0.064954 0.160974,
        0.984252 0.049488 0.180004,
        0.984252 0.124061 0.214722,
        0.984252 0.130300 0.214722,
        0.984252 0.133541 0.242132,
        0.984252 0.151981 0.242132,
        0.984252 0.151981 0.228451,
        0.984252 0.161529 0.228451,
        0.984252 0.110822 0.180483,
        0.984252 0.097363 0.214722,
        0.984252 0.104093 0.214722,
        0.984252 0.113057 0.188932,
        0.984252 0.114691 0.188883,
        0.984252 0.113794 0.186108,
        0.984252 0.113954 0.186108,
        0.984252 0.114230 0.187283,
        0.984252 0.080367 0.179599,
        0.984252 0.073839 0.160974,
        0.984252 0.095797 0.160974,
        0.984252 0.098603 0.170094,
        0.984252 0.107005 0.172085,
        0.984252 0.108182 0.174244,
        0.984252 0.110620 0.180004,
        0.984252 0.102484 0.164248,
        0.984252 0.104915 0.164528,
        0.984252 0.133541 0.160974,
        0.984252 0.101156 0.164296,
        0.984252 0.098603 0.164739,
        0.984252 0.116611 0.180004,
        0.984252 0.114728 0.175227,
        0.984252 0.112004 0.169922,
        0.984252 0.109802 0.167277,
        0.984252 0.109391 0.166901,
        0.984252 0.107289 0.165432,
        0.984252 0.099834 0.169691,
        0.984252 0.102017 0.169406,
        0.984252 0.103462 0.169568,
        0.984252 0.104780 0.170062,
        0.984252 0.105884 0.170829,
        0.984252 0.255906 0.000000,
        0.984252 0.255906 0.160974,
        0.984252 0.203676 0.000000,
        0.984252 0.203676 0.160974,
        0.984252 0.167160 0.000000,
        0.984252 0.167160 0.160974,
        0.984252 0.151981 0.000000,
        0.984252 0.151981 0.160974,
        0.984252 0.133541 0.000000,
        0.984252 0.095797 0.000000,
        0.984252 0.073839 0.000000,
        0.984252 0.069031 0.000000,
        0.984252 0.069031 0.160974,
        0.984252 0.064954 0.000000,
        0.984252 0.030305 0.000000,
        0.984252 0.029322 0.000000,
        0.984252 0.029322 0.160974,
        0.984252 0.000000 0.000000,
        0.984252 0.051757 0.180824,
        0.984252 0.255906 0.256218,
        0.984252 0.073839 0.256218,
        0.984252 0.029322 0.305070,
        0.984252 0.029070 0.262100,
        0.984252 0.029322 0.256218,
        0.984252 0.029070 0.256623,
        0.984252 0.003735 0.256623,
        0.984252 0.009937 0.262100,
        0.984252 0.009937 0.304665,
        0.984252 0.003735 0.304665,
        0.984252 0.095797 0.256623,
        0.984252 0.255906 0.305070,
        0.984252 0.203676 0.305070,
        0.984252 0.171611 0.304665,
        0.984252 0.000000 0.393701,
        0.984252 0.029322 0.393701,
        0.984252 0.255906 0.393701,
        0.984252 0.203676 0.393701,
        0.984252 0.167160 0.393701,
        0.984252 0.151981 0.393701,
        0.984252 0.133541 0.393701,
        0.984252 0.095797 0.393701,
        0.984252 0.073839 0.393701,
        0.984252 0.069031 0.393701,
        -2.854331 0.452756 0.393701,
        -2.657480 0.452756 0.393701,
        -2.854331 0.452756 0.000000,
        -2.657480 0.452756 0.000000,
        -2.460630 0.452756 0.393701,
        -2.263780 0.452756 0.393701,
        -2.460630 0.452756 0.000000,
        -2.263780 0.452756 0.000000,
        -3.641732 0.452756 0.393701,
        -3.444882 0.452756 0.393701,
        -3.641732 0.452756 0.000000,
        -3.444882 0.452756 0.000000,
        -3.051181 0.452756 0.000000,
        -3.248031 0.452756 0.000000,
        -3.051181 0.452756 0.393701,
        -3.248031 0.452756 0.393701,
        -1.279528 0.452756 0.393701,
        -1.082677 0.452756 0.393701,
        -1.279528 0.452756 0.000000,
        -1.082677 0.452756 0.000000,
        -0.885827 0.452756 0.393701,
        -0.688976 0.452756 0.393701,
        -0.885827 0.452756 0.000000,
        -0.688976 0.452756 0.000000,
        -2.066929 0.452756 0.393701,
        -1.870079 0.452756 0.393701,
        -2.066929 0.452756 0.000000,
        -1.870079 0.452756 0.000000,
        -1.476378 0.452756 0.000000,
        -1.673228 0.452756 0.000000,
        -1.476378 0.452756 0.393701,
        -1.673228 0.452756 0.393701,
        -4.429134 0.452756 0.393701,
        -4.232283 0.452756 0.393701,
        -4.429134 0.452756 0.000000,
        -4.232283 0.452756 0.000000,
        -3.838583 0.452756 0.000000,
        -4.035433 0.452756 0.000000,
        -3.838583 0.452756 0.393701,
        -4.035433 0.452756 0.393701,
        -4.625984 0.452756 0.000000,
        -4.822835 0.452756 0.000000,
        -4.625984 0.452756 0.393701,
        -4.822835 0.452756 0.393701,
        -0.295276 0.452756 0.000000,
        -0.492126 0.452756 0.000000,
        -0.295276 0.452756 0.393701,
        -0.492126 0.452756 0.393701,
        -2.460630 -0.452756 0.000000,
        -2.263780 -0.452756 0.000000,
        -2.460630 -0.452756 0.393701,
        -2.263780 -0.452756 0.393701,
        -2.066929 -0.452756 0.000000,
        -1.870079 -0.452756 0.000000,
        -2.066929 -0.452756 0.393701,
        -1.870079 -0.452756 0.393701,
        -3.248031 -0.452756 0.000000,
        -3.051181 -0.452756 0.000000,
        -3.248031 -0.452756 0.393701,
        -3.051181 -0.452756 0.393701,
        -2.657480 -0.452756 0.393701,
        -2.854331 -0.452756 0.393701,
        -2.657480 -0.452756 0.000000,
        -2.854331 -0.452756 0.000000,
        -0.885827 -0.452756 0.000000,
        -0.688976 -0.452756 0.000000,
        -0.885827 -0.452756 0.393701,
        -0.688976 -0.452756 0.393701,
        -0.295276 -0.452756 0.393701,
        -0.492126 -0.452756 0.393701,
        -0.295276 -0.452756 0.000000,
        -0.492126 -0.452756 0.000000,
        -1.673228 -0.452756 0.000000,
        -1.476378 -0.452756 0.000000,
        -1.673228 -0.452756 0.393701,
        -1.476378 -0.452756 0.393701,
        -1.082677 -0.452756 0.393701,
        -1.279528 -0.452756 0.393701,
        -1.082677 -0.452756 0.000000,
        -1.279528 -0.452756 0.000000,
        -4.035433 -0.452756 0.000000,
        -3.838583 -0.452756 0.000000,
        -4.035433 -0.452756 0.393701,
        -3.838583 -0.452756 0.393701,
        -3.444882 -0.452756 0.393701,
        -3.641732 -0.452756 0.393701,
        -3.444882 -0.452756 0.000000,
        -3.641732 -0.452756 0.000000,
        -4.822835 -0.452756 0.000000,
        -4.625984 -0.452756 0.000000,
        -4.822835 -0.452756 0.393701,
        -4.625984 -0.452756 0.393701,
        -4.232283 -0.452756 0.393701,
        -4.429134 -0.452756 0.393701,
        -4.232283 -0.452756 0.000000,
        -4.429134 -0.452756 0.000000,
        0.492126 0.452756 0.000000,
        0.295276 0.452756 0.000000,
        0.492126 0.452756 0.393701,
        0.295276 0.452756 0.393701,
        0.492126 -0.452756 0.393701,
        0.295276 -0.452756 0.393701,
        0.492126 -0.452756 0.000000,
        0.295276 -0.452756 0.000000,
        0.098425 0.452756 0.000000,
        -0.098425 0.452756 0.000000,
        0.098425 0.452756 0.393701,
        -0.098425 0.452756 0.393701,
        0.098425 -0.452756 0.393701,
        -0.098425 -0.452756 0.393701,
        0.098425 -0.452756 0.000000,
        -0.098425 -0.452756 0.000000,
        -3.208662 0.255906 0.393701,
        -3.090551 0.255906 0.393701,
        -3.602363 0.255906 0.393701,
        -3.484252 0.255906 0.393701,
        -3.996063 0.255906 0.393701,
        -3.877953 0.255906 0.393701,
        -4.389764 0.255906 0.393701,
        -4.271654 0.255906 0.393701,
        -4.783465 0.255906 0.393701,
        -4.665354 0.255906 0.393701,
        -5.246063 -0.393701 0.393701,
        -5.246063 -0.354331 0.393701,
        -5.265748 -0.354331 0.393701,
        -2.421260 -0.137795 0.393701,
        -2.303150 -0.137795 0.393701,
        -2.165354 0.000000 0.393701,
        0.728346 0.255906 0.393701,
        0.846457 0.255906 0.393701,
        0.885827 0.452756 0.393701,
        0.334646 0.255906 0.393701,
        0.452756 0.255906 0.393701,
        -0.059055 0.255906 0.393701,
        0.059055 0.255906 0.393701,
        -0.452756 0.255906 0.393701,
        -0.334646 0.255906 0.393701,
        -0.846457 0.255906 0.393701,
        -0.728346 0.255906 0.393701,
        -1.240157 0.255906 0.393701,
        -1.122047 0.255906 0.393701,
        -1.633858 0.255906 0.393701,
        -1.515748 0.255906 0.393701,
        -2.027559 0.255906 0.393701,
        -1.909449 0.255906 0.393701,
        -2.165354 0.255906 0.393701,
        -2.303150 0.255906 0.393701,
        -2.421260 0.255906 0.393701,
        -2.952756 0.000000 0.393701,
        -2.814961 0.137795 0.393701,
        -2.952756 0.255906 0.393701,
        -2.814961 0.255906 0.393701,
        -2.696850 0.255906 0.393701,
        -2.559055 0.255906 0.393701,
        -2.421260 0.137795 0.393701,
        -2.303150 0.137795 0.393701,
        -2.696850 0.137795 0.393701,
        -2.027559 0.137795 0.393701,
        -1.909449 0.137795 0.393701,
        -1.771654 0.000000 0.393701,
        -1.771654 0.255906 0.393701,
        -1.633858 0.137795 0.393701,
        -1.515748 0.137795 0.393701,
        -1.377953 0.000000 0.393701,
        -1.377953 0.255906 0.393701,
        -1.240157 0.137795 0.393701,
        -1.122047 0.137795 0.393701,
        -0.984252 0.000000 0.393701,
        -0.984252 0.255906 0.393701,
        -0.846457 0.137795 0.393701,
        -0.728346 0.137795 0.393701,
        -0.590551 0.000000 0.393701,
        -0.590551 0.255906 0.393701,
        -0.452756 0.137795 0.393701,
        -0.334646 0.137795 0.393701,
        -0.196850 0.000000 0.393701,
        -0.196850 0.255906 0.393701,
        -0.059055 0.137795 0.393701,
        0.059055 0.137795 0.393701,
        0.196850 0.000000 0.393701,
        0.196850 0.255906 0.393701,
        0.334646 0.137795 0.393701,
        0.452756 0.137795 0.393701,
        0.590551 0.000000 0.393701,
        0.590551 0.255906 0.393701,
        0.688976 0.452756 0.393701,
        0.728346 0.137795 0.393701,
        0.846457 0.137795 0.393701,
        0.846457 -0.255906 0.393701,
        0.935039 -0.354331 0.393701,
        0.728346 -0.255906 0.393701,
        0.639764 -0.354331 0.393701,
        0.846457 -0.137795 0.393701,
        0.728346 -0.137795 0.393701,
        0.590551 -0.255906 0.393701,
        0.688976 -0.452756 0.393701,
        0.885827 -0.452756 0.393701,
        0.452756 -0.255906 0.393701,
        0.541339 -0.354331 0.393701,
        0.334646 -0.255906 0.393701,
        0.246063 -0.354331 0.393701,
        0.452756 -0.137795 0.393701,
        0.334646 -0.137795 0.393701,
        0.196850 -0.255906 0.393701,
        0.059055 -0.255906 0.393701,
        0.147638 -0.354331 0.393701,
        -0.059055 -0.255906 0.393701,
        -0.147638 -0.354331 0.393701,
        0.059055 -0.137795 0.393701,
        -0.059055 -0.137795 0.393701,
        -0.196850 -0.255906 0.393701,
        -0.334646 -0.255906 0.393701,
        -0.246063 -0.354331 0.393701,
        -0.452756 -0.255906 0.393701,
        -0.541339 -0.354331 0.393701,
        -0.334646 -0.137795 0.393701,
        -0.452756 -0.137795 0.393701,
        -0.590551 -0.255906 0.393701,
        -0.728346 -0.255906 0.393701,
        -0.639764 -0.354331 0.393701,
        -0.846457 -0.255906 0.393701,
        -0.935039 -0.354331 0.393701,
        -0.728346 -0.137795 0.393701,
        -0.846457 -0.137795 0.393701,
        -0.984252 -0.255906 0.393701,
        -1.122047 -0.255906 0.393701,
        -1.033465 -0.354331 0.393701,
        -1.240157 -0.255906 0.393701,
        -1.328740 -0.354331 0.393701,
        -1.122047 -0.137795 0.393701,
        -1.240157 -0.137795 0.393701,
        -1.377953 -0.255906 0.393701,
        -1.515748 -0.255906 0.393701,
        -1.427165 -0.354331 0.393701,
        -1.633858 -0.255906 0.393701,
        -1.722441 -0.354331 0.393701,
        -1.515748 -0.137795 0.393701,
        -1.633858 -0.137795 0.393701,
        -1.771654 -0.255906 0.393701,
        -1.909449 -0.255906 0.393701,
        -1.820866 -0.354331 0.393701,
        -2.027559 -0.255906 0.393701,
        -2.116142 -0.354331 0.393701,
        -1.909449 -0.137795 0.393701,
        -2.027559 -0.137795 0.393701,
        -2.165354 -0.255906 0.393701,
        -2.559055 -0.255906 0.393701,
        -2.696850 -0.137795 0.393701,
        -2.608268 -0.354331 0.393701,
        -2.696850 -0.255906 0.393701,
        -2.814961 -0.255906 0.393701,
        -2.903543 -0.354331 0.393701,
        -2.303150 -0.255906 0.393701,
        -2.214567 -0.354331 0.393701,
        -2.421260 -0.255906 0.393701,
        -2.509843 -0.354331 0.393701,
        -2.814961 -0.137795 0.393701,
        -2.952756 -0.255906 0.393701,
        -3.090551 -0.255906 0.393701,
        -3.001969 -0.354331 0.393701,
        -3.208662 -0.255906 0.393701,
        -3.297244 -0.354331 0.393701,
        -3.090551 -0.137795 0.393701,
        -3.208662 -0.137795 0.393701,
        -3.346457 0.000000 0.393701,
        -3.346457 -0.255906 0.393701,
        -3.484252 -0.255906 0.393701,
        -3.395669 -0.354331 0.393701,
        -3.602363 -0.255906 0.393701,
        -3.690945 -0.354331 0.393701,
        -3.484252 -0.137795 0.393701,
        -3.602363 -0.137795 0.393701,
        -3.740157 0.000000 0.393701,
        -3.740157 -0.255906 0.393701,
        -3.877953 -0.255906 0.393701,
        -3.789370 -0.354331 0.393701,
        -3.996063 -0.255906 0.393701,
        -4.084646 -0.354331 0.393701,
        -3.877953 -0.137795 0.393701,
        -3.996063 -0.137795 0.393701,
        -4.133858 0.000000 0.393701,
        -4.133858 -0.255906 0.393701,
        -4.271654 -0.255906 0.393701,
        -4.183071 -0.354331 0.393701,
        -4.389764 -0.255906 0.393701,
        -4.478346 -0.354331 0.393701,
        -4.271654 -0.137795 0.393701,
        -4.389764 -0.137795 0.393701,
        -4.527559 0.000000 0.393701,
        -4.527559 -0.255906 0.393701,
        -4.665354 -0.255906 0.393701,
        -4.576772 -0.354331 0.393701,
        -4.783465 -0.255906 0.393701,
        -4.872047 -0.354331 0.393701,
        -4.665354 -0.137795 0.393701,
        -4.783465 -0.137795 0.393701,
        -4.921260 0.000000 0.393701,
        -4.921260 -0.255906 0.393701,
        -5.059055 -0.255906 0.393701,
        -4.970472 -0.354331 0.393701,
        -5.059055 -0.137795 0.393701,
        -5.177165 -0.137795 0.393701,
        -5.246063 0.000000 0.393701,
        -5.177165 -0.255906 0.393701,
        -5.216535 -0.452756 0.393701,
        -5.019685 -0.452756 0.393701,
        -5.314961 -0.255906 0.393701,
        -5.246063 0.393701 0.393701,
        -5.314961 0.255906 0.393701,
        -5.314961 0.000000 0.393701,
        -4.921260 0.255906 0.393701,
        -5.059055 0.255906 0.393701,
        -5.059055 0.137795 0.393701,
        -5.177165 0.137795 0.393701,
        -5.019685 0.452756 0.393701,
        -5.216535 0.452756 0.393701,
        -5.177165 0.255906 0.393701,
        -4.783465 0.137795 0.393701,
        -4.665354 0.137795 0.393701,
        -4.527559 0.255906 0.393701,
        -4.389764 0.137795 0.393701,
        -4.271654 0.137795 0.393701,
        -4.133858 0.255906 0.393701,
        -3.996063 0.137795 0.393701,
        -3.877953 0.137795 0.393701,
        -3.740157 0.255906 0.393701,
        -3.602363 0.137795 0.393701,
        -3.484252 0.137795 0.393701,
        -3.346457 0.255906 0.393701,
        -3.208662 0.137795 0.393701,
        -3.090551 0.137795 0.393701,
        -5.314961 -0.255906 0.000000,
        -5.314961 0.000000 0.000000,
        -5.246063 0.000000 0.000000,
        -5.177165 0.255906 0.000000,
        -5.177165 0.137795 0.000000,
        -3.208662 0.255906 0.000000,
        -3.208662 0.137795 0.000000,
        -3.346457 0.000000 0.000000,
        -2.952756 0.000000 0.000000,
        -3.090551 0.137795 0.000000,
        -3.090551 0.255906 0.000000,
        -2.952756 0.255906 0.000000,
        -3.346457 0.255906 0.000000,
        -3.484252 0.255906 0.000000,
        -3.602363 0.255906 0.000000,
        -3.484252 0.137795 0.000000,
        -3.602363 0.137795 0.000000,
        -3.740157 0.000000 0.000000,
        -3.740157 0.255906 0.000000,
        -3.877953 0.255906 0.000000,
        -3.996063 0.255906 0.000000,
        -3.877953 0.137795 0.000000,
        -3.996063 0.137795 0.000000,
        -4.133858 0.000000 0.000000,
        -4.133858 0.255906 0.000000,
        -4.271654 0.255906 0.000000,
        -4.389764 0.255906 0.000000,
        -4.271654 0.137795 0.000000,
        -4.389764 0.137795 0.000000,
        -4.527559 0.000000 0.000000,
        -4.527559 0.255906 0.000000,
        -4.665354 0.255906 0.000000,
        -4.783465 0.255906 0.000000,
        -4.665354 0.137795 0.000000,
        -4.783465 0.137795 0.000000,
        -4.921260 0.000000 0.000000,
        -4.921260 0.255906 0.000000,
        -5.059055 0.255906 0.000000,
        -5.246063 0.393701 0.000000,
        -5.059055 0.137795 0.000000,
        -5.019685 0.452756 0.000000,
        -5.216535 0.452756 0.000000,
        -5.314961 0.255906 0.000000,
        -5.019685 -0.452756 0.000000,
        -5.216535 -0.452756 0.000000,
        -5.246063 -0.393701 0.000000,
        -5.265748 -0.354331 0.000000,
        -5.246063 -0.354331 0.000000,
        -4.970472 -0.354331 0.000000,
        -4.921260 -0.255906 0.000000,
        -5.059055 -0.255906 0.000000,
        -5.177165 -0.255906 0.000000,
        -5.177165 -0.137795 0.000000,
        -5.059055 -0.137795 0.000000,
        -4.783465 -0.255906 0.000000,
        -4.665354 -0.255906 0.000000,
        -4.576772 -0.354331 0.000000,
        -4.527559 -0.255906 0.000000,
        -4.665354 -0.137795 0.000000,
        -4.783465 -0.137795 0.000000,
        -4.872047 -0.354331 0.000000,
        -4.389764 -0.255906 0.000000,
        -4.271654 -0.255906 0.000000,
        -4.183071 -0.354331 0.000000,
        -4.133858 -0.255906 0.000000,
        -4.271654 -0.137795 0.000000,
        -4.389764 -0.137795 0.000000,
        -4.478346 -0.354331 0.000000,
        -3.996063 -0.255906 0.000000,
        -3.877953 -0.255906 0.000000,
        -3.789370 -0.354331 0.000000,
        -3.740157 -0.255906 0.000000,
        -3.877953 -0.137795 0.000000,
        -3.996063 -0.137795 0.000000,
        -4.084646 -0.354331 0.000000,
        -3.602363 -0.255906 0.000000,
        -3.484252 -0.255906 0.000000,
        -3.395669 -0.354331 0.000000,
        -3.346457 -0.255906 0.000000,
        -3.484252 -0.137795 0.000000,
        -3.602363 -0.137795 0.000000,
        -3.690945 -0.354331 0.000000,
        -3.208662 -0.255906 0.000000,
        -3.090551 -0.255906 0.000000,
        -3.001969 -0.354331 0.000000,
        -2.952756 -0.255906 0.000000,
        -3.090551 -0.137795 0.000000,
        -3.208662 -0.137795 0.000000,
        -3.297244 -0.354331 0.000000,
        -2.696850 -0.137795 0.000000,
        -2.559055 -0.255906 0.000000,
        -2.696850 -0.255906 0.000000,
        -2.608268 -0.354331 0.000000,
        -2.814961 -0.255906 0.000000,
        -2.421260 -0.255906 0.000000,
        -2.303150 -0.255906 0.000000,
        -2.214567 -0.354331 0.000000,
        -2.165354 -0.255906 0.000000,
        -2.421260 -0.137795 0.000000,
        -2.165354 0.000000 0.000000,
        -2.303150 -0.137795 0.000000,
        -2.509843 -0.354331 0.000000,
        -2.814961 -0.137795 0.000000,
        -2.903543 -0.354331 0.000000,
        -2.027559 -0.255906 0.000000,
        -1.909449 -0.255906 0.000000,
        -1.820866 -0.354331 0.000000,
        -1.771654 -0.255906 0.000000,
        -1.771654 0.000000 0.000000,
        -1.909449 -0.137795 0.000000,
        -2.027559 -0.137795 0.000000,
        -2.116142 -0.354331 0.000000,
        -1.633858 -0.255906 0.000000,
        -1.515748 -0.255906 0.000000,
        -1.427165 -0.354331 0.000000,
        -1.377953 -0.255906 0.000000,
        -1.377953 0.000000 0.000000,
        -1.515748 -0.137795 0.000000,
        -1.633858 -0.137795 0.000000,
        -1.722441 -0.354331 0.000000,
        -1.240157 -0.255906 0.000000,
        -1.122047 -0.255906 0.000000,
        -1.033465 -0.354331 0.000000,
        -0.984252 -0.255906 0.000000,
        -0.984252 0.000000 0.000000,
        -1.122047 -0.137795 0.000000,
        -1.240157 -0.137795 0.000000,
        -1.328740 -0.354331 0.000000,
        -0.846457 -0.255906 0.000000,
        -0.728346 -0.255906 0.000000,
        -0.639764 -0.354331 0.000000,
        -0.590551 -0.255906 0.000000,
        -0.590551 0.000000 0.000000,
        -0.728346 -0.137795 0.000000,
        -0.846457 -0.137795 0.000000,
        -0.935039 -0.354331 0.000000,
        -0.452756 -0.255906 0.000000,
        -0.334646 -0.255906 0.000000,
        -0.246063 -0.354331 0.000000,
        -0.196850 -0.255906 0.000000,
        -0.196850 0.000000 0.000000,
        -0.334646 -0.137795 0.000000,
        -0.452756 -0.137795 0.000000,
        -0.541339 -0.354331 0.000000,
        -0.059055 -0.255906 0.000000,
        0.059055 -0.255906 0.000000,
        0.147638 -0.354331 0.000000,
        0.196850 -0.255906 0.000000,
        0.196850 0.000000 0.000000,
        0.059055 -0.137795 0.000000,
        -0.059055 -0.137795 0.000000,
        -0.147638 -0.354331 0.000000,
        0.334646 -0.255906 0.000000,
        0.452756 -0.255906 0.000000,
        0.541339 -0.354331 0.000000,
        0.590551 -0.255906 0.000000,
        0.590551 0.000000 0.000000,
        0.452756 -0.137795 0.000000,
        0.334646 -0.137795 0.000000,
        0.246063 -0.354331 0.000000,
        0.728346 -0.255906 0.000000,
        0.846457 -0.255906 0.000000,
        0.935039 -0.354331 0.000000,
        0.846457 -0.137795 0.000000,
        0.728346 -0.137795 0.000000,
        0.639764 -0.354331 0.000000,
        0.885827 -0.452756 0.000000,
        0.688976 -0.452756 0.000000,
        0.885827 0.452756 0.000000,
        0.846457 0.255906 0.000000,
        0.688976 0.452756 0.000000,
        0.728346 0.255906 0.000000,
        0.846457 0.137795 0.000000,
        0.728346 0.137795 0.000000,
        0.590551 0.255906 0.000000,
        0.452756 0.255906 0.000000,
        0.334646 0.255906 0.000000,
        0.452756 0.137795 0.000000,
        0.334646 0.137795 0.000000,
        0.196850 0.255906 0.000000,
        0.059055 0.255906 0.000000,
        -0.059055 0.255906 0.000000,
        0.059055 0.137795 0.000000,
        -0.059055 0.137795 0.000000,
        -0.196850 0.255906 0.000000,
        -0.334646 0.255906 0.000000,
        -0.452756 0.255906 0.000000,
        -0.334646 0.137795 0.000000,
        -0.452756 0.137795 0.000000,
        -0.590551 0.255906 0.000000,
        -0.728346 0.255906 0.000000,
        -0.846457 0.255906 0.000000,
        -0.728346 0.137795 0.000000,
        -0.846457 0.137795 0.000000,
        -0.984252 0.255906 0.000000,
        -1.122047 0.255906 0.000000,
        -1.240157 0.255906 0.000000,
        -1.122047 0.137795 0.000000,
        -1.240157 0.137795 0.000000,
        -1.377953 0.255906 0.000000,
        -1.515748 0.255906 0.000000,
        -1.633858 0.255906 0.000000,
        -1.515748 0.137795 0.000000,
        -1.633858 0.137795 0.000000,
        -1.771654 0.255906 0.000000,
        -1.909449 0.255906 0.000000,
        -2.027559 0.255906 0.000000,
        -1.909449 0.137795 0.000000,
        -2.027559 0.137795 0.000000,
        -2.165354 0.255906 0.000000,
        -2.559055 0.255906 0.000000,
        -2.696850 0.137795 0.000000,
        -2.696850 0.255906 0.000000,
        -2.814961 0.255906 0.000000,
        -2.421260 0.137795 0.000000,
        -2.303150 0.137795 0.000000,
        -2.303150 0.255906 0.000000,
        -2.814961 0.137795 0.000000,
        -2.421260 0.255906 0.000000,
      ]
    }
    coordIndex [
      0, 1, 2, -1,
      3, 4, 5, -1,
      6, 7, 8, -1,
      8, 7, 9, -1,
      10, 11, 8, -1,
      8, 11, 12, -1,
      8, 12, 13, -1,
      13, 14, 8, -1,
      8, 14, 15, -1,
      8, 15, 6, -1,
      16, 17, 18, -1,
      18, 17, 19, -1,
      18, 19, 20, -1,
      20, 19, 21, -1,
      22, 23, 24, -1,
      25, 26, 22, -1,
      22, 26, 27, -1,
      22, 27, 28, -1,
      21, 19, 29, -1,
      29, 19, 22, -1,
      29, 22, 30, -1,
      30, 22, 24, -1,
      30, 24, 31, -1,
      31, 24, 32, -1,
      31, 32, 33, -1,
      28, 34, 22, -1,
      22, 34, 35, -1,
      22, 35, 23, -1,
      36, 37, 38, -1,
      39, 40, 36, -1,
      36, 40, 41, -1,
      36, 41, 37, -1,
      38, 42, 36, -1,
      36, 42, 43, -1,
      36, 43, 44, -1,
      43, 45, 44, -1,
      44, 45, 46, -1,
      44, 46, 25, -1,
      25, 46, 47, -1,
      25, 47, 26, -1,
      48, 49, 50, -1,
      50, 49, 51, -1,
      50, 51, 36, -1,
      36, 51, 52, -1,
      36, 52, 39, -1,
      53, 54, 55, -1,
      55, 54, 56, -1,
      56, 57, 55, -1,
      55, 57, 58, -1,
      55, 58, 50, -1,
      50, 58, 59, -1,
      50, 59, 48, -1,
      60, 61, 62, -1,
      61, 63, 62, -1,
      62, 63, 64, -1,
      62, 64, 65, -1,
      66, 67, 68, -1,
      69, 70, 71, -1,
      71, 70, 72, -1,
      73, 74, 75, -1,
      67, 76, 77, -1,
      78, 79, 77, -1,
      80, 81, 70, -1,
      70, 81, 82, -1,
      70, 82, 83, -1,
      74, 84, 75, -1,
      75, 84, 85, -1,
      75, 85, 86, -1,
      87, 88, 89, -1,
      89, 88, 90, -1,
      89, 90, 91, -1,
      92, 83, 93, -1,
      93, 83, 94, -1,
      93, 94, 89, -1,
      89, 94, 95, -1,
      89, 95, 87, -1,
      76, 96, 77, -1,
      77, 96, 97, -1,
      77, 97, 78, -1,
      86, 98, 75, -1,
      75, 98, 99, -1,
      75, 99, 100, -1,
      101, 102, 103, -1,
      103, 102, 104, -1,
      103, 104, 75, -1,
      75, 104, 105, -1,
      75, 105, 73, -1,
      106, 107, 75, -1,
      75, 107, 108, -1,
      75, 108, 70, -1,
      70, 108, 109, -1,
      70, 109, 80, -1,
      110, 111, 112, -1,
      112, 111, 113, -1,
      113, 114, 112, -1,
      112, 114, 115, -1,
      112, 115, 116, -1,
      116, 115, 101, -1,
      116, 101, 117, -1,
      117, 101, 103, -1,
      92, 118, 83, -1,
      83, 118, 119, -1,
      83, 119, 70, -1,
      70, 119, 120, -1,
      70, 120, 72, -1,
      79, 121, 77, -1,
      77, 121, 122, -1,
      77, 122, 112, -1,
      112, 122, 123, -1,
      112, 123, 110, -1,
      100, 124, 75, -1,
      75, 124, 125, -1,
      75, 125, 106, -1,
      126, 127, 128, -1,
      127, 83, 128, -1,
      128, 83, 82, -1,
      128, 82, 129, -1,
      129, 82, 130, -1,
      130, 131, 129, -1,
      129, 131, 132, -1,
      129, 132, 133, -1,
      134, 135, 136, -1,
      135, 137, 136, -1,
      136, 137, 138, -1,
      136, 138, 139, -1,
      140, 136, 141, -1,
      126, 128, 140, -1,
      140, 128, 142, -1,
      140, 142, 136, -1,
      136, 142, 143, -1,
      136, 143, 134, -1,
      141, 144, 140, -1,
      140, 144, 145, -1,
      140, 145, 146, -1,
      139, 138, 147, -1,
      147, 138, 148, -1,
      147, 148, 149, -1,
      149, 148, 150, -1,
      149, 150, 151, -1,
      152, 153, 146, -1,
      146, 153, 154, -1,
      146, 154, 140, -1,
      7, 155, 9, -1,
      9, 155, 156, -1,
      9, 156, 68, -1,
      68, 156, 157, -1,
      68, 157, 66, -1,
      158, 159, 160, -1,
      161, 162, 163, -1,
      164, 165, 163, -1,
      163, 165, 158, -1,
      163, 158, 161, -1,
      161, 158, 160, -1,
      166, 167, 168, -1,
      168, 167, 169, -1,
      168, 169, 170, -1,
      167, 171, 172, -1,
      172, 173, 167, -1,
      167, 173, 174, -1,
      167, 174, 159, -1,
      175, 176, 160, -1,
      174, 177, 159, -1,
      159, 177, 178, -1,
      159, 178, 160, -1,
      160, 178, 179, -1,
      160, 179, 175, -1,
      166, 180, 181, -1,
      176, 182, 160, -1,
      160, 182, 183, -1,
      160, 183, 184, -1,
      184, 183, 185, -1,
      184, 185, 186, -1,
      186, 185, 187, -1,
      186, 187, 166, -1,
      166, 187, 188, -1,
      166, 188, 180, -1,
      181, 189, 166, -1,
      166, 189, 190, -1,
      166, 190, 167, -1,
      167, 190, 191, -1,
      167, 191, 171, -1,
      192, 193, 186, -1,
      186, 193, 184, -1,
      184, 193, 194, -1,
      184, 194, 195, -1,
      196, 197, 198, -1,
      198, 197, 199, -1,
      198, 199, 200, -1,
      200, 199, 193, -1,
      200, 193, 201, -1,
      201, 193, 192, -1,
      201, 192, 202, -1,
      202, 192, 203, -1,
      202, 203, 204, -1,
      204, 203, 205, -1,
      194, 206, 195, -1,
      195, 206, 207, -1,
      195, 207, 208, -1,
      208, 207, 209, -1,
      210, 211, 212, -1,
      213, 214, 215, -1,
      214, 216, 215, -1,
      215, 216, 217, -1,
      215, 217, 218, -1,
      218, 217, 219, -1,
      210, 212, 215, -1,
      215, 212, 220, -1,
      215, 220, 213, -1,
      221, 222, 223, -1,
      223, 222, 224, -1,
      223, 224, 225, -1,
      225, 224, 226, -1,
      227, 228, 5, -1,
      229, 230, 231, -1,
      232, 233, 5, -1,
      5, 233, 234, -1,
      219, 235, 218, -1,
      218, 235, 236, -1,
      218, 236, 231, -1,
      231, 236, 237, -1,
      231, 237, 229, -1,
      230, 238, 231, -1,
      231, 238, 239, -1,
      231, 239, 240, -1,
      240, 239, 241, -1,
      240, 241, 227, -1,
      242, 243, 228, -1,
      228, 243, 244, -1,
      228, 244, 5, -1,
      5, 244, 245, -1,
      5, 245, 232, -1,
      234, 246, 5, -1,
      5, 246, 247, -1,
      5, 247, 3, -1,
      248, 249, 250, -1,
      250, 249, 251, -1,
      250, 251, 252, -1,
      250, 253, 248, -1,
      248, 253, 254, -1,
      248, 254, 255, -1,
      255, 256, 248, -1,
      248, 256, 257, -1,
      248, 257, 258, -1,
      258, 257, 259, -1,
      258, 259, 260, -1,
      260, 259, 261, -1,
      260, 261, 228, -1,
      228, 261, 262, -1,
      228, 262, 242, -1,
      263, 264, 252, -1,
      252, 264, 265, -1,
      252, 265, 250, -1,
      266, 267, 211, -1,
      211, 267, 268, -1,
      211, 268, 212, -1,
      266, 269, 267, -1,
      267, 269, 270, -1,
      267, 270, 271, -1,
      271, 270, 272, -1,
      271, 273, 274, -1,
      272, 275, 271, -1,
      271, 275, 276, -1,
      271, 276, 277, -1,
      277, 278, 271, -1,
      271, 278, 279, -1,
      271, 279, 273, -1,
      274, 280, 271, -1,
      271, 280, 281, -1,
      271, 281, 282, -1,
      283, 284, 285, -1,
      285, 284, 0, -1,
      285, 0, 286, -1,
      286, 0, 2, -1,
      2, 287, 286, -1,
      286, 287, 288, -1,
      286, 288, 289, -1,
      289, 288, 290, -1,
      289, 290, 291, -1,
      291, 290, 292, -1,
      291, 292, 293, -1,
      294, 295, 296, -1,
      297, 298, 299, -1,
      299, 298, 300, -1,
      301, 302, 298, -1,
      298, 302, 303, -1,
      298, 303, 300, -1,
      300, 303, 304, -1,
      305, 306, 295, -1,
      295, 306, 297, -1,
      295, 297, 296, -1,
      296, 297, 307, -1,
      308, 309, 291, -1,
      310, 311, 289, -1,
      308, 291, 312, -1,
      311, 313, 289, -1,
      289, 313, 314, -1,
      289, 314, 295, -1,
      295, 314, 315, -1,
      295, 315, 305, -1,
      301, 316, 302, -1,
      302, 316, 317, -1,
      302, 317, 291, -1,
      291, 317, 318, -1,
      291, 318, 312, -1,
      309, 319, 291, -1,
      291, 319, 320, -1,
      291, 320, 289, -1,
      289, 320, 321, -1,
      289, 321, 310, -1,
      322, 323, 324, -1,
      324, 323, 325, -1,
      324, 325, 326, -1,
      325, 307, 326, -1,
      326, 307, 297, -1,
      326, 297, 327, -1,
      327, 297, 299, -1,
      327, 299, 328, -1,
      328, 299, 329, -1,
      328, 329, 330, -1,
      330, 329, 331, -1,
      304, 303, 332, -1,
      332, 303, 333, -1,
      332, 333, 334, -1,
      335, 336, 337, -1,
      337, 336, 338, -1,
      339, 340, 341, -1,
      342, 343, 344, -1,
      344, 343, 345, -1,
      342, 346, 343, -1,
      343, 346, 347, -1,
      343, 347, 348, -1,
      348, 347, 349, -1,
      350, 351, 343, -1,
      343, 351, 352, -1,
      343, 352, 353, -1,
      339, 341, 343, -1,
      343, 341, 354, -1,
      343, 354, 350, -1,
      353, 355, 343, -1,
      343, 355, 356, -1,
      343, 356, 345, -1,
      357, 358, 359, -1,
      360, 361, 347, -1,
      347, 361, 362, -1,
      347, 362, 349, -1,
      357, 359, 347, -1,
      347, 359, 363, -1,
      347, 363, 360, -1,
      364, 365, 366, -1,
      367, 368, 335, -1,
      335, 368, 369, -1,
      335, 369, 336, -1,
      366, 370, 364, -1,
      364, 370, 371, -1,
      364, 371, 372, -1,
      372, 371, 373, -1,
      374, 375, 371, -1,
      375, 376, 371, -1,
      371, 376, 377, -1,
      371, 377, 373, -1,
      378, 379, 380, -1,
      380, 379, 381, -1,
      380, 381, 382, -1,
      382, 383, 380, -1,
      380, 383, 384, -1,
      380, 384, 371, -1,
      371, 384, 385, -1,
      371, 385, 374, -1,
      386, 387, 388, -1,
      388, 387, 389, -1,
      387, 390, 389, -1,
      389, 390, 391, -1,
      389, 391, 380, -1,
      380, 391, 392, -1,
      380, 392, 378, -1,
      340, 339, 393, -1,
      393, 339, 394, -1,
      393, 394, 395, -1,
      395, 394, 396, -1,
      395, 396, 397, -1,
      398, 399, 400, -1,
      401, 77, 402, -1,
      400, 399, 402, -1,
      402, 399, 403, -1,
      402, 403, 401, -1,
      67, 77, 68, -1,
      68, 77, 401, -1,
      68, 401, 404, -1,
      405, 406, 407, -1,
      407, 406, 408, -1,
      409, 410, 411, -1,
      411, 410, 405, -1,
      411, 405, 412, -1,
      412, 405, 407, -1,
      412, 407, 413, -1,
      413, 407, 414, -1,
      400, 415, 416, -1,
      405, 398, 389, -1,
      389, 398, 400, -1,
      389, 400, 417, -1,
      417, 400, 418, -1,
      419, 420, 388, -1,
      421, 422, 423, -1,
      423, 422, 424, -1,
      416, 425, 400, -1,
      400, 425, 426, -1,
      400, 426, 427, -1,
      419, 388, 428, -1,
      427, 429, 400, -1,
      400, 429, 430, -1,
      400, 430, 431, -1,
      420, 432, 388, -1,
      388, 432, 433, -1,
      388, 433, 434, -1,
      435, 436, 424, -1,
      424, 436, 437, -1,
      424, 437, 438, -1,
      431, 439, 400, -1,
      400, 439, 440, -1,
      400, 440, 418, -1,
      418, 440, 441, -1,
      418, 441, 442, -1,
      442, 443, 418, -1,
      418, 443, 444, -1,
      418, 444, 445, -1,
      445, 444, 446, -1,
      447, 448, 446, -1,
      446, 448, 449, -1,
      446, 449, 445, -1,
      417, 450, 389, -1,
      389, 450, 451, -1,
      389, 451, 388, -1,
      388, 451, 452, -1,
      388, 452, 428, -1,
      453, 454, 446, -1,
      446, 454, 455, -1,
      446, 455, 456, -1,
      456, 457, 446, -1,
      446, 457, 458, -1,
      446, 458, 447, -1,
      459, 460, 461, -1,
      461, 460, 462, -1,
      461, 462, 463, -1,
      464, 465, 466, -1,
      465, 208, 466, -1,
      466, 208, 209, -1,
      466, 209, 467, -1,
      467, 209, 468, -1,
      467, 468, 186, -1,
      186, 468, 469, -1,
      186, 469, 192, -1,
      470, 471, 5, -1,
      227, 5, 240, -1,
      240, 5, 471, -1,
      240, 471, 466, -1,
      466, 471, 472, -1,
      466, 472, 464, -1,
      464, 472, 473, -1,
      464, 473, 474, -1,
      475, 476, 473, -1,
      473, 476, 477, -1,
      473, 477, 474, -1,
      478, 479, 4, -1,
      4, 479, 480, -1,
      4, 480, 5, -1,
      5, 480, 481, -1,
      482, 483, 5, -1,
      5, 483, 484, -1,
      5, 484, 470, -1,
      485, 480, 486, -1,
      486, 480, 487, -1,
      485, 488, 480, -1,
      480, 488, 489, -1,
      480, 489, 481, -1,
      490, 491, 487, -1,
      487, 491, 492, -1,
      487, 492, 493, -1,
      493, 494, 487, -1,
      487, 494, 495, -1,
      487, 495, 486, -1,
      481, 496, 5, -1,
      5, 496, 497, -1,
      5, 497, 498, -1,
      498, 499, 5, -1,
      5, 499, 500, -1,
      5, 500, 482, -1,
      501, 502, 503, -1,
      503, 502, 504, -1,
      503, 504, 505, -1,
      505, 504, 506, -1,
      505, 506, 507, -1,
      507, 506, 508, -1,
      507, 508, 509, -1,
      509, 508, 487, -1,
      509, 487, 510, -1,
      510, 487, 480, -1,
      510, 480, 511, -1,
      511, 480, 479, -1,
      511, 479, 512, -1,
      512, 479, 513, -1,
      512, 513, 514, -1,
      514, 513, 462, -1,
      514, 462, 515, -1,
      515, 462, 460, -1,
      515, 460, 516, -1,
      516, 460, 517, -1,
      516, 517, 518, -1,
      518, 517, 62, -1,
      518, 62, 53, -1,
      53, 62, 65, -1,
      53, 65, 54, -1,
      459, 415, 460, -1,
      460, 415, 400, -1,
      460, 400, 517, -1,
      517, 400, 402, -1,
      517, 402, 62, -1,
      62, 402, 77, -1,
      62, 77, 60, -1,
      60, 77, 112, -1,
      478, 226, 479, -1,
      479, 226, 224, -1,
      479, 224, 513, -1,
      513, 224, 222, -1,
      513, 222, 462, -1,
      462, 222, 423, -1,
      462, 423, 463, -1,
      463, 423, 424, -1,
      463, 424, 519, -1,
      519, 424, 438, -1,
      502, 161, 504, -1,
      504, 161, 160, -1,
      504, 160, 506, -1,
      506, 160, 184, -1,
      506, 184, 508, -1,
      508, 184, 195, -1,
      508, 195, 487, -1,
      487, 195, 208, -1,
      487, 208, 490, -1,
      490, 208, 465, -1,
      221, 215, 222, -1,
      222, 215, 218, -1,
      222, 218, 423, -1,
      423, 218, 388, -1,
      423, 388, 421, -1,
      421, 388, 434, -1,
      168, 520, 166, -1,
      166, 520, 285, -1,
      166, 285, 186, -1,
      186, 285, 286, -1,
      186, 286, 467, -1,
      467, 286, 289, -1,
      467, 289, 466, -1,
      466, 289, 295, -1,
      466, 295, 240, -1,
      240, 295, 294, -1,
      240, 294, 231, -1,
      231, 294, 521, -1,
      231, 521, 218, -1,
      218, 521, 393, -1,
      218, 393, 388, -1,
      388, 393, 395, -1,
      388, 395, 386, -1,
      386, 395, 397, -1,
      522, 523, 524, -1,
      524, 523, 525, -1,
      524, 525, 526, -1,
      527, 523, 528, -1,
      528, 523, 522, -1,
      528, 522, 529, -1,
      529, 522, 8, -1,
      529, 8, 526, -1,
      526, 8, 9, -1,
      526, 9, 524, -1,
      524, 9, 68, -1,
      524, 68, 406, -1,
      406, 68, 404, -1,
      406, 404, 408, -1,
      296, 530, 294, -1,
      294, 530, 334, -1,
      294, 334, 521, -1,
      521, 334, 333, -1,
      521, 333, 393, -1,
      393, 333, 337, -1,
      393, 337, 340, -1,
      340, 337, 338, -1,
      520, 531, 285, -1,
      285, 531, 532, -1,
      285, 532, 283, -1,
      283, 532, 293, -1,
      283, 293, 533, -1,
      533, 293, 292, -1,
      16, 10, 17, -1,
      17, 10, 8, -1,
      17, 8, 534, -1,
      534, 8, 522, -1,
      534, 522, 535, -1,
      405, 389, 406, -1,
      406, 389, 380, -1,
      406, 380, 524, -1,
      524, 380, 371, -1,
      524, 371, 522, -1,
      522, 371, 370, -1,
      522, 370, 535, -1,
      531, 536, 532, -1,
      532, 536, 537, -1,
      532, 537, 293, -1,
      293, 537, 538, -1,
      293, 538, 291, -1,
      291, 538, 539, -1,
      291, 539, 302, -1,
      302, 539, 540, -1,
      302, 540, 303, -1,
      303, 540, 541, -1,
      303, 541, 333, -1,
      333, 541, 542, -1,
      333, 542, 337, -1,
      337, 542, 543, -1,
      337, 543, 335, -1,
      335, 543, 366, -1,
      335, 366, 367, -1,
      367, 366, 365, -1,
      544, 545, 546, -1,
      546, 545, 547, -1,
      548, 549, 550, -1,
      550, 549, 551, -1,
      552, 553, 554, -1,
      554, 553, 555, -1,
      556, 557, 558, -1,
      558, 557, 559, -1,
      560, 561, 562, -1,
      562, 561, 563, -1,
      564, 565, 566, -1,
      566, 565, 567, -1,
      568, 569, 570, -1,
      570, 569, 571, -1,
      572, 573, 574, -1,
      574, 573, 575, -1,
      576, 577, 578, -1,
      578, 577, 579, -1,
      580, 581, 582, -1,
      582, 581, 583, -1,
      584, 585, 586, -1,
      586, 585, 587, -1,
      588, 589, 590, -1,
      590, 589, 591, -1,
      592, 593, 594, -1,
      594, 593, 595, -1,
      596, 597, 598, -1,
      598, 597, 599, -1,
      600, 601, 602, -1,
      602, 601, 603, -1,
      604, 605, 606, -1,
      606, 605, 607, -1,
      608, 609, 610, -1,
      610, 609, 611, -1,
      612, 613, 614, -1,
      614, 613, 615, -1,
      616, 617, 618, -1,
      618, 617, 619, -1,
      620, 621, 622, -1,
      622, 621, 623, -1,
      624, 625, 626, -1,
      626, 625, 627, -1,
      628, 629, 630, -1,
      630, 629, 631, -1,
      632, 633, 634, -1,
      634, 633, 635, -1,
      636, 637, 638, -1,
      638, 637, 639, -1,
      640, 641, 642, -1,
      642, 641, 643, -1,
      644, 645, 646, -1,
      646, 645, 647, -1,
      648, 649, 650, -1,
      650, 649, 651, -1,
      652, 653, 654, -1,
      654, 653, 655, -1,
      656, 657, 558, -1,
      658, 659, 553, -1,
      660, 661, 582, -1,
      662, 663, 577, -1,
      664, 665, 586, -1,
      666, 667, 668, -1,
      669, 670, 671, -1,
      672, 673, 674, -1,
      675, 676, 642, -1,
      677, 678, 650, -1,
      679, 680, 590, -1,
      681, 682, 565, -1,
      683, 684, 561, -1,
      685, 686, 574, -1,
      687, 688, 569, -1,
      671, 689, 690, -1,
      690, 689, 549, -1,
      690, 549, 691, -1,
      692, 693, 694, -1,
      694, 693, 695, -1,
      694, 695, 544, -1,
      544, 695, 696, -1,
      549, 548, 691, -1,
      691, 548, 697, -1,
      691, 697, 698, -1,
      690, 699, 671, -1,
      671, 699, 698, -1,
      671, 698, 700, -1,
      700, 698, 697, -1,
      700, 697, 696, -1,
      696, 697, 545, -1,
      696, 545, 544, -1,
      569, 568, 687, -1,
      687, 568, 689, -1,
      687, 689, 701, -1,
      701, 689, 671, -1,
      701, 671, 702, -1,
      702, 671, 703, -1,
      702, 703, 688, -1,
      688, 703, 704, -1,
      688, 704, 569, -1,
      574, 575, 685, -1,
      685, 575, 704, -1,
      685, 704, 705, -1,
      705, 704, 703, -1,
      705, 703, 706, -1,
      706, 703, 707, -1,
      706, 707, 686, -1,
      686, 707, 708, -1,
      686, 708, 574, -1,
      561, 560, 683, -1,
      683, 560, 708, -1,
      683, 708, 709, -1,
      709, 708, 707, -1,
      709, 707, 710, -1,
      710, 707, 711, -1,
      710, 711, 684, -1,
      684, 711, 712, -1,
      684, 712, 561, -1,
      565, 564, 681, -1,
      681, 564, 712, -1,
      681, 712, 713, -1,
      713, 712, 711, -1,
      713, 711, 714, -1,
      714, 711, 715, -1,
      714, 715, 682, -1,
      682, 715, 716, -1,
      682, 716, 565, -1,
      590, 591, 679, -1,
      679, 591, 716, -1,
      679, 716, 717, -1,
      717, 716, 715, -1,
      717, 715, 718, -1,
      718, 715, 719, -1,
      718, 719, 680, -1,
      680, 719, 720, -1,
      680, 720, 590, -1,
      650, 651, 677, -1,
      677, 651, 720, -1,
      677, 720, 721, -1,
      721, 720, 719, -1,
      721, 719, 722, -1,
      722, 719, 723, -1,
      722, 723, 678, -1,
      678, 723, 724, -1,
      678, 724, 650, -1,
      642, 643, 675, -1,
      675, 643, 724, -1,
      675, 724, 725, -1,
      725, 724, 723, -1,
      725, 723, 726, -1,
      726, 723, 727, -1,
      726, 727, 676, -1,
      676, 727, 728, -1,
      676, 728, 642, -1,
      543, 542, 674, -1,
      674, 729, 672, -1,
      672, 729, 728, -1,
      672, 728, 730, -1,
      730, 728, 727, -1,
      730, 727, 731, -1,
      727, 534, 731, -1,
      731, 534, 535, -1,
      731, 535, 673, -1,
      673, 535, 370, -1,
      673, 370, 674, -1,
      674, 370, 366, -1,
      674, 366, 543, -1,
      542, 541, 674, -1,
      674, 541, 540, -1,
      674, 540, 539, -1,
      539, 538, 674, -1,
      674, 538, 537, -1,
      674, 537, 536, -1,
      732, 733, 19, -1,
      732, 734, 735, -1,
      732, 19, 736, -1,
      19, 17, 736, -1,
      736, 17, 534, -1,
      736, 534, 737, -1,
      737, 534, 727, -1,
      737, 727, 734, -1,
      734, 727, 738, -1,
      734, 738, 735, -1,
      732, 735, 733, -1,
      733, 735, 739, -1,
      733, 739, 740, -1,
      741, 742, 738, -1,
      741, 743, 744, -1,
      741, 738, 745, -1,
      745, 738, 727, -1,
      745, 727, 746, -1,
      746, 727, 723, -1,
      746, 723, 743, -1,
      743, 723, 747, -1,
      743, 747, 744, -1,
      741, 744, 742, -1,
      742, 744, 645, -1,
      742, 645, 644, -1,
      748, 749, 747, -1,
      748, 750, 751, -1,
      748, 747, 752, -1,
      752, 747, 723, -1,
      752, 723, 753, -1,
      753, 723, 719, -1,
      753, 719, 750, -1,
      750, 719, 754, -1,
      750, 754, 751, -1,
      748, 751, 749, -1,
      749, 751, 653, -1,
      749, 653, 652, -1,
      755, 756, 754, -1,
      755, 757, 758, -1,
      755, 754, 759, -1,
      759, 754, 719, -1,
      759, 719, 760, -1,
      760, 719, 715, -1,
      760, 715, 757, -1,
      757, 715, 761, -1,
      757, 761, 758, -1,
      755, 758, 756, -1,
      756, 758, 613, -1,
      756, 613, 612, -1,
      762, 763, 761, -1,
      762, 764, 765, -1,
      762, 761, 766, -1,
      766, 761, 715, -1,
      766, 715, 767, -1,
      767, 715, 711, -1,
      767, 711, 764, -1,
      764, 711, 768, -1,
      764, 768, 765, -1,
      762, 765, 763, -1,
      763, 765, 610, -1,
      763, 610, 611, -1,
      769, 770, 768, -1,
      769, 771, 772, -1,
      769, 768, 773, -1,
      773, 768, 711, -1,
      773, 711, 774, -1,
      774, 711, 707, -1,
      774, 707, 771, -1,
      771, 707, 775, -1,
      771, 775, 772, -1,
      769, 772, 770, -1,
      770, 772, 621, -1,
      770, 621, 620, -1,
      776, 777, 775, -1,
      776, 778, 779, -1,
      776, 775, 780, -1,
      780, 775, 707, -1,
      780, 707, 781, -1,
      781, 707, 703, -1,
      781, 703, 778, -1,
      778, 703, 782, -1,
      778, 782, 779, -1,
      776, 779, 777, -1,
      777, 779, 618, -1,
      777, 618, 619, -1,
      783, 784, 782, -1,
      783, 785, 786, -1,
      783, 782, 787, -1,
      787, 782, 703, -1,
      787, 703, 788, -1,
      788, 703, 671, -1,
      788, 671, 785, -1,
      785, 671, 789, -1,
      785, 789, 786, -1,
      783, 786, 784, -1,
      784, 786, 598, -1,
      784, 598, 599, -1,
      790, 791, 792, -1,
      792, 791, 793, -1,
      793, 794, 795, -1,
      671, 670, 789, -1,
      789, 670, 796, -1,
      789, 796, 797, -1,
      796, 798, 799, -1,
      692, 800, 791, -1,
      800, 692, 794, -1,
      794, 692, 801, -1,
      794, 801, 795, -1,
      799, 798, 790, -1,
      790, 798, 669, -1,
      790, 669, 791, -1,
      791, 669, 671, -1,
      791, 671, 692, -1,
      692, 671, 700, -1,
      692, 700, 693, -1,
      796, 799, 797, -1,
      797, 799, 594, -1,
      797, 594, 595, -1,
      793, 795, 792, -1,
      792, 795, 605, -1,
      792, 605, 604, -1,
      802, 803, 801, -1,
      802, 804, 805, -1,
      802, 801, 806, -1,
      806, 801, 692, -1,
      806, 692, 807, -1,
      807, 692, 808, -1,
      807, 808, 804, -1,
      804, 808, 809, -1,
      804, 809, 805, -1,
      802, 805, 803, -1,
      803, 805, 602, -1,
      803, 602, 603, -1,
      810, 811, 809, -1,
      810, 812, 813, -1,
      810, 809, 814, -1,
      814, 809, 808, -1,
      814, 808, 815, -1,
      815, 808, 816, -1,
      815, 816, 812, -1,
      812, 816, 817, -1,
      812, 817, 813, -1,
      810, 813, 811, -1,
      811, 813, 629, -1,
      811, 629, 628, -1,
      818, 819, 817, -1,
      818, 820, 821, -1,
      818, 817, 822, -1,
      822, 817, 816, -1,
      822, 816, 823, -1,
      823, 816, 824, -1,
      823, 824, 820, -1,
      820, 824, 825, -1,
      820, 825, 821, -1,
      818, 821, 819, -1,
      819, 821, 626, -1,
      819, 626, 627, -1,
      826, 827, 825, -1,
      826, 828, 829, -1,
      826, 825, 830, -1,
      830, 825, 824, -1,
      830, 824, 831, -1,
      831, 824, 832, -1,
      831, 832, 828, -1,
      828, 832, 833, -1,
      828, 833, 829, -1,
      826, 829, 827, -1,
      827, 829, 637, -1,
      827, 637, 636, -1,
      834, 835, 833, -1,
      834, 836, 837, -1,
      834, 833, 838, -1,
      838, 833, 832, -1,
      838, 832, 839, -1,
      839, 832, 840, -1,
      839, 840, 836, -1,
      836, 840, 841, -1,
      836, 841, 837, -1,
      834, 837, 835, -1,
      835, 837, 634, -1,
      835, 634, 635, -1,
      842, 843, 841, -1,
      842, 841, 844, -1,
      844, 841, 840, -1,
      844, 840, 845, -1,
      845, 840, 846, -1,
      845, 846, 847, -1,
      848, 849, 666, -1,
      666, 849, 843, -1,
      666, 843, 667, -1,
      667, 843, 842, -1,
      667, 842, 847, -1,
      847, 846, 667, -1,
      667, 846, 850, -1,
      667, 850, 668, -1,
      851, 852, 846, -1,
      846, 852, 853, -1,
      846, 853, 850, -1,
      854, 855, 840, -1,
      840, 855, 856, -1,
      840, 856, 846, -1,
      846, 856, 857, -1,
      846, 857, 851, -1,
      858, 859, 851, -1,
      854, 858, 855, -1,
      855, 858, 851, -1,
      855, 851, 860, -1,
      860, 851, 857, -1,
      586, 587, 664, -1,
      664, 587, 854, -1,
      664, 854, 861, -1,
      861, 854, 840, -1,
      861, 840, 862, -1,
      862, 840, 832, -1,
      862, 832, 665, -1,
      665, 832, 863, -1,
      665, 863, 586, -1,
      577, 576, 662, -1,
      662, 576, 863, -1,
      662, 863, 864, -1,
      864, 863, 832, -1,
      864, 832, 865, -1,
      865, 832, 824, -1,
      865, 824, 663, -1,
      663, 824, 866, -1,
      663, 866, 577, -1,
      582, 583, 660, -1,
      660, 583, 866, -1,
      660, 866, 867, -1,
      867, 866, 824, -1,
      867, 824, 868, -1,
      868, 824, 816, -1,
      868, 816, 661, -1,
      661, 816, 869, -1,
      661, 869, 582, -1,
      553, 552, 658, -1,
      658, 552, 869, -1,
      658, 869, 870, -1,
      870, 869, 816, -1,
      870, 816, 871, -1,
      871, 816, 808, -1,
      871, 808, 659, -1,
      659, 808, 872, -1,
      659, 872, 553, -1,
      558, 559, 656, -1,
      656, 559, 872, -1,
      656, 872, 873, -1,
      873, 872, 808, -1,
      873, 808, 874, -1,
      874, 808, 692, -1,
      874, 692, 657, -1,
      657, 692, 694, -1,
      657, 694, 558, -1,
      875, 876, 877, -1,
      878, 879, 877, -1,
      880, 881, 882, -1,
      882, 881, 883, -1,
      884, 885, 886, -1,
      882, 887, 880, -1,
      880, 887, 557, -1,
      880, 557, 885, -1,
      885, 557, 556, -1,
      885, 556, 886, -1,
      888, 889, 554, -1,
      554, 555, 888, -1,
      888, 555, 887, -1,
      888, 887, 890, -1,
      890, 887, 882, -1,
      890, 882, 891, -1,
      891, 882, 892, -1,
      891, 892, 889, -1,
      889, 892, 893, -1,
      889, 893, 554, -1,
      894, 895, 581, -1,
      581, 580, 894, -1,
      894, 580, 893, -1,
      894, 893, 896, -1,
      896, 893, 892, -1,
      896, 892, 897, -1,
      897, 892, 898, -1,
      897, 898, 895, -1,
      895, 898, 899, -1,
      895, 899, 581, -1,
      900, 901, 578, -1,
      578, 579, 900, -1,
      900, 579, 899, -1,
      900, 899, 902, -1,
      902, 899, 898, -1,
      902, 898, 903, -1,
      903, 898, 904, -1,
      903, 904, 901, -1,
      901, 904, 905, -1,
      901, 905, 578, -1,
      906, 907, 585, -1,
      585, 584, 906, -1,
      906, 584, 905, -1,
      906, 905, 908, -1,
      908, 905, 904, -1,
      908, 904, 909, -1,
      909, 904, 910, -1,
      909, 910, 907, -1,
      907, 910, 911, -1,
      907, 911, 585, -1,
      912, 878, 913, -1,
      877, 879, 910, -1,
      910, 879, 914, -1,
      910, 914, 911, -1,
      911, 914, 912, -1,
      911, 912, 915, -1,
      915, 912, 913, -1,
      915, 913, 916, -1,
      878, 877, 913, -1,
      913, 877, 876, -1,
      913, 876, 917, -1,
      918, 919, 920, -1,
      875, 877, 921, -1,
      921, 877, 922, -1,
      921, 922, 920, -1,
      920, 922, 923, -1,
      920, 923, 918, -1,
      910, 924, 925, -1,
      925, 924, 923, -1,
      925, 923, 926, -1,
      926, 923, 922, -1,
      926, 922, 927, -1,
      927, 922, 877, -1,
      927, 877, 928, -1,
      928, 877, 910, -1,
      928, 910, 925, -1,
      929, 930, 931, -1,
      931, 930, 932, -1,
      932, 930, 904, -1,
      904, 930, 933, -1,
      904, 933, 910, -1,
      910, 933, 934, -1,
      910, 934, 924, -1,
      924, 934, 929, -1,
      924, 929, 935, -1,
      929, 931, 935, -1,
      935, 931, 633, -1,
      935, 633, 632, -1,
      936, 937, 938, -1,
      938, 937, 939, -1,
      939, 937, 898, -1,
      898, 937, 940, -1,
      898, 940, 904, -1,
      904, 940, 941, -1,
      904, 941, 932, -1,
      932, 941, 936, -1,
      932, 936, 942, -1,
      936, 938, 942, -1,
      942, 938, 638, -1,
      942, 638, 639, -1,
      943, 944, 945, -1,
      945, 944, 946, -1,
      946, 944, 892, -1,
      892, 944, 947, -1,
      892, 947, 898, -1,
      898, 947, 948, -1,
      898, 948, 939, -1,
      939, 948, 943, -1,
      939, 943, 949, -1,
      943, 945, 949, -1,
      949, 945, 625, -1,
      949, 625, 624, -1,
      950, 951, 952, -1,
      952, 951, 953, -1,
      953, 951, 882, -1,
      882, 951, 954, -1,
      882, 954, 892, -1,
      892, 954, 955, -1,
      892, 955, 946, -1,
      946, 955, 950, -1,
      946, 950, 956, -1,
      950, 952, 956, -1,
      956, 952, 630, -1,
      956, 630, 631, -1,
      957, 958, 959, -1,
      959, 958, 960, -1,
      960, 958, 883, -1,
      883, 958, 961, -1,
      883, 961, 882, -1,
      882, 961, 962, -1,
      882, 962, 953, -1,
      953, 962, 957, -1,
      953, 957, 963, -1,
      957, 959, 963, -1,
      963, 959, 601, -1,
      963, 601, 600, -1,
      964, 965, 966, -1,
      966, 965, 967, -1,
      966, 967, 968, -1,
      969, 970, 971, -1,
      971, 970, 972, -1,
      973, 883, 974, -1,
      972, 970, 974, -1,
      974, 970, 975, -1,
      974, 975, 973, -1,
      973, 969, 976, -1,
      976, 965, 973, -1,
      973, 965, 964, -1,
      973, 964, 883, -1,
      883, 964, 977, -1,
      883, 977, 960, -1,
      960, 977, 968, -1,
      960, 968, 978, -1,
      968, 967, 978, -1,
      978, 967, 606, -1,
      978, 606, 607, -1,
      969, 971, 976, -1,
      976, 971, 593, -1,
      976, 593, 592, -1,
      979, 980, 981, -1,
      981, 980, 982, -1,
      982, 980, 983, -1,
      983, 980, 984, -1,
      983, 984, 974, -1,
      974, 984, 985, -1,
      974, 985, 972, -1,
      972, 985, 979, -1,
      972, 979, 986, -1,
      979, 981, 986, -1,
      986, 981, 597, -1,
      986, 597, 596, -1,
      987, 988, 989, -1,
      989, 988, 990, -1,
      990, 988, 991, -1,
      991, 988, 992, -1,
      991, 992, 983, -1,
      983, 992, 993, -1,
      983, 993, 982, -1,
      982, 993, 987, -1,
      982, 987, 994, -1,
      987, 989, 994, -1,
      994, 989, 617, -1,
      994, 617, 616, -1,
      995, 996, 997, -1,
      997, 996, 998, -1,
      998, 996, 999, -1,
      999, 996, 1000, -1,
      999, 1000, 991, -1,
      991, 1000, 1001, -1,
      991, 1001, 990, -1,
      990, 1001, 995, -1,
      990, 995, 1002, -1,
      995, 997, 1002, -1,
      1002, 997, 622, -1,
      1002, 622, 623, -1,
      1003, 1004, 1005, -1,
      1005, 1004, 1006, -1,
      1006, 1004, 1007, -1,
      1007, 1004, 1008, -1,
      1007, 1008, 999, -1,
      999, 1008, 1009, -1,
      999, 1009, 998, -1,
      998, 1009, 1003, -1,
      998, 1003, 1010, -1,
      1003, 1005, 1010, -1,
      1010, 1005, 609, -1,
      1010, 609, 608, -1,
      1011, 1012, 1013, -1,
      1013, 1012, 1014, -1,
      1014, 1012, 1015, -1,
      1015, 1012, 1016, -1,
      1015, 1016, 1007, -1,
      1007, 1016, 1017, -1,
      1007, 1017, 1006, -1,
      1006, 1017, 1011, -1,
      1006, 1011, 1018, -1,
      1011, 1013, 1018, -1,
      1018, 1013, 614, -1,
      1018, 614, 615, -1,
      1019, 1020, 1021, -1,
      1021, 1020, 1022, -1,
      1022, 1020, 1023, -1,
      1023, 1020, 1024, -1,
      1023, 1024, 1015, -1,
      1015, 1024, 1025, -1,
      1015, 1025, 1014, -1,
      1014, 1025, 1019, -1,
      1014, 1019, 1026, -1,
      1019, 1021, 1026, -1,
      1026, 1021, 654, -1,
      1026, 654, 655, -1,
      1027, 1028, 1029, -1,
      1029, 1028, 1030, -1,
      1030, 1028, 1031, -1,
      1031, 1028, 1032, -1,
      1031, 1032, 1023, -1,
      1023, 1032, 1033, -1,
      1023, 1033, 1022, -1,
      1022, 1033, 1027, -1,
      1022, 1027, 1034, -1,
      1027, 1029, 1034, -1,
      1034, 1029, 646, -1,
      1034, 646, 647, -1,
      1035, 1036, 1037, -1,
      1038, 518, 53, -1,
      1038, 53, 1036, -1,
      1036, 53, 55, -1,
      1036, 55, 1037, -1,
      518, 1038, 1031, -1,
      1031, 1038, 1039, -1,
      1031, 1039, 1030, -1,
      1030, 1039, 1035, -1,
      1030, 1035, 1040, -1,
      1035, 1037, 1040, -1,
      1040, 1037, 1041, -1,
      1040, 1041, 1042, -1,
      1043, 1044, 1045, -1,
      1045, 1044, 1046, -1,
      1043, 501, 1044, -1,
      1044, 501, 503, -1,
      1044, 503, 1047, -1,
      1047, 503, 505, -1,
      1047, 505, 507, -1,
      507, 509, 1047, -1,
      1047, 509, 510, -1,
      1047, 510, 511, -1,
      511, 512, 1047, -1,
      1047, 512, 514, -1,
      1047, 514, 515, -1,
      515, 516, 1047, -1,
      1047, 516, 518, -1,
      1047, 518, 1048, -1,
      1048, 518, 1031, -1,
      1048, 1031, 1046, -1,
      1046, 1031, 1049, -1,
      1046, 1049, 1045, -1,
      1050, 1051, 641, -1,
      641, 640, 1050, -1,
      1050, 640, 1049, -1,
      1050, 1049, 1052, -1,
      1052, 1049, 1031, -1,
      1052, 1031, 1053, -1,
      1053, 1031, 1023, -1,
      1053, 1023, 1051, -1,
      1051, 1023, 1054, -1,
      1051, 1054, 641, -1,
      1055, 1056, 649, -1,
      649, 648, 1055, -1,
      1055, 648, 1054, -1,
      1055, 1054, 1057, -1,
      1057, 1054, 1023, -1,
      1057, 1023, 1058, -1,
      1058, 1023, 1015, -1,
      1058, 1015, 1056, -1,
      1056, 1015, 1059, -1,
      1056, 1059, 649, -1,
      1060, 1061, 589, -1,
      589, 588, 1060, -1,
      1060, 588, 1059, -1,
      1060, 1059, 1062, -1,
      1062, 1059, 1015, -1,
      1062, 1015, 1063, -1,
      1063, 1015, 1007, -1,
      1063, 1007, 1061, -1,
      1061, 1007, 1064, -1,
      1061, 1064, 589, -1,
      1065, 1066, 566, -1,
      566, 567, 1065, -1,
      1065, 567, 1064, -1,
      1065, 1064, 1067, -1,
      1067, 1064, 1007, -1,
      1067, 1007, 1068, -1,
      1068, 1007, 999, -1,
      1068, 999, 1066, -1,
      1066, 999, 1069, -1,
      1066, 1069, 566, -1,
      1070, 1071, 562, -1,
      562, 563, 1070, -1,
      1070, 563, 1069, -1,
      1070, 1069, 1072, -1,
      1072, 1069, 999, -1,
      1072, 999, 1073, -1,
      1073, 999, 991, -1,
      1073, 991, 1071, -1,
      1071, 991, 1074, -1,
      1071, 1074, 562, -1,
      1075, 1076, 573, -1,
      573, 572, 1075, -1,
      1075, 572, 1074, -1,
      1075, 1074, 1077, -1,
      1077, 1074, 991, -1,
      1077, 991, 1078, -1,
      1078, 991, 983, -1,
      1078, 983, 1076, -1,
      1076, 983, 1079, -1,
      1076, 1079, 573, -1,
      1080, 1081, 570, -1,
      570, 571, 1080, -1,
      1080, 571, 1079, -1,
      1080, 1079, 1082, -1,
      1082, 1079, 983, -1,
      1082, 983, 1083, -1,
      1083, 983, 974, -1,
      1083, 974, 1081, -1,
      1081, 974, 1084, -1,
      1081, 1084, 570, -1,
      1085, 1086, 1087, -1,
      881, 884, 883, -1,
      883, 884, 886, -1,
      883, 886, 1088, -1,
      1088, 886, 546, -1,
      1088, 546, 1087, -1,
      1087, 546, 547, -1,
      1087, 547, 1085, -1,
      883, 1089, 974, -1,
      974, 1089, 1090, -1,
      974, 1090, 1084, -1,
      1084, 1090, 1091, -1,
      1088, 1092, 883, -1,
      883, 1092, 1086, -1,
      883, 1086, 1089, -1,
      1089, 1086, 1085, -1,
      1089, 1085, 1093, -1,
      1093, 1085, 550, -1,
      1093, 550, 1091, -1,
      1091, 550, 551, -1,
      1091, 551, 1084, -1,
      651, 649, 720, -1,
      720, 649, 1059, -1,
      754, 1014, 751, -1,
      751, 1014, 1026, -1,
      751, 1026, 653, -1,
      653, 1026, 655, -1,
      652, 654, 749, -1,
      749, 654, 1021, -1,
      749, 1021, 747, -1,
      747, 1021, 1022, -1,
      724, 1054, 650, -1,
      650, 1054, 648, -1,
      859, 858, 916, -1,
      916, 858, 915, -1,
      919, 918, 848, -1,
      848, 918, 849, -1,
      875, 850, 876, -1,
      876, 850, 853, -1,
      876, 853, 917, -1,
      917, 853, 852, -1,
      729, 674, 1045, -1,
      1045, 674, 1043, -1,
      1042, 1041, 739, -1,
      739, 1041, 740, -1,
      674, 536, 531, -1,
      531, 520, 674, -1,
      674, 520, 168, -1,
      674, 168, 1043, -1,
      1043, 168, 170, -1,
      1043, 170, 162, -1,
      162, 161, 1043, -1,
      1043, 161, 502, -1,
      1043, 502, 501, -1,
      740, 1041, 733, -1,
      733, 1041, 1037, -1,
      55, 50, 1037, -1,
      1037, 50, 36, -1,
      1037, 36, 733, -1,
      733, 36, 44, -1,
      44, 25, 733, -1,
      733, 25, 22, -1,
      733, 22, 19, -1,
      747, 1022, 744, -1,
      744, 1022, 1034, -1,
      744, 1034, 645, -1,
      645, 1034, 647, -1,
      644, 646, 742, -1,
      742, 646, 1029, -1,
      742, 1029, 738, -1,
      738, 1029, 1030, -1,
      738, 1030, 735, -1,
      735, 1030, 1040, -1,
      735, 1040, 739, -1,
      739, 1040, 1042, -1,
      643, 641, 724, -1,
      724, 641, 1054, -1,
      728, 1049, 642, -1,
      642, 1049, 640, -1,
      729, 1045, 728, -1,
      728, 1045, 1049, -1,
      859, 916, 851, -1,
      851, 916, 913, -1,
      851, 913, 852, -1,
      852, 913, 917, -1,
      850, 875, 668, -1,
      668, 875, 921, -1,
      668, 921, 666, -1,
      666, 921, 920, -1,
      666, 920, 848, -1,
      848, 920, 919, -1,
      833, 932, 829, -1,
      829, 932, 942, -1,
      829, 942, 637, -1,
      637, 942, 639, -1,
      635, 633, 835, -1,
      835, 633, 931, -1,
      835, 931, 833, -1,
      833, 931, 932, -1,
      841, 924, 837, -1,
      837, 924, 935, -1,
      837, 935, 634, -1,
      634, 935, 632, -1,
      849, 918, 843, -1,
      843, 918, 923, -1,
      843, 923, 841, -1,
      841, 923, 924, -1,
      817, 946, 813, -1,
      813, 946, 956, -1,
      813, 956, 629, -1,
      629, 956, 631, -1,
      627, 625, 819, -1,
      819, 625, 945, -1,
      819, 945, 817, -1,
      817, 945, 946, -1,
      825, 939, 821, -1,
      821, 939, 949, -1,
      821, 949, 626, -1,
      626, 949, 624, -1,
      636, 638, 827, -1,
      827, 638, 938, -1,
      827, 938, 825, -1,
      825, 938, 939, -1,
      775, 990, 772, -1,
      772, 990, 1002, -1,
      772, 1002, 621, -1,
      621, 1002, 623, -1,
      619, 617, 777, -1,
      777, 617, 989, -1,
      777, 989, 775, -1,
      775, 989, 990, -1,
      782, 982, 779, -1,
      779, 982, 994, -1,
      779, 994, 618, -1,
      618, 994, 616, -1,
      599, 597, 784, -1,
      784, 597, 981, -1,
      784, 981, 782, -1,
      782, 981, 982, -1,
      761, 1006, 758, -1,
      758, 1006, 1018, -1,
      758, 1018, 613, -1,
      613, 1018, 615, -1,
      611, 609, 763, -1,
      763, 609, 1005, -1,
      763, 1005, 761, -1,
      761, 1005, 1006, -1,
      612, 614, 756, -1,
      756, 614, 1013, -1,
      756, 1013, 754, -1,
      754, 1013, 1014, -1,
      768, 998, 765, -1,
      765, 998, 1010, -1,
      765, 1010, 610, -1,
      610, 1010, 608, -1,
      620, 622, 770, -1,
      770, 622, 997, -1,
      770, 997, 768, -1,
      768, 997, 998, -1,
      801, 960, 795, -1,
      795, 960, 978, -1,
      795, 978, 605, -1,
      605, 978, 607, -1,
      603, 601, 803, -1,
      803, 601, 959, -1,
      803, 959, 801, -1,
      801, 959, 960, -1,
      809, 953, 805, -1,
      805, 953, 963, -1,
      805, 963, 602, -1,
      602, 963, 600, -1,
      628, 630, 811, -1,
      811, 630, 952, -1,
      811, 952, 809, -1,
      809, 952, 953, -1,
      789, 972, 786, -1,
      786, 972, 986, -1,
      786, 986, 598, -1,
      598, 986, 596, -1,
      595, 593, 797, -1,
      797, 593, 971, -1,
      797, 971, 789, -1,
      789, 971, 972, -1,
      790, 965, 799, -1,
      799, 965, 976, -1,
      799, 976, 594, -1,
      594, 976, 592, -1,
      604, 606, 792, -1,
      792, 606, 967, -1,
      792, 967, 790, -1,
      790, 967, 965, -1,
      591, 589, 716, -1,
      716, 589, 1064, -1,
      716, 1064, 565, -1,
      565, 1064, 567, -1,
      587, 585, 854, -1,
      854, 585, 911, -1,
      854, 911, 858, -1,
      858, 911, 915, -1,
      583, 581, 866, -1,
      866, 581, 899, -1,
      866, 899, 577, -1,
      577, 899, 579, -1,
      576, 578, 863, -1,
      863, 578, 905, -1,
      863, 905, 586, -1,
      586, 905, 584, -1,
      575, 573, 704, -1,
      704, 573, 1079, -1,
      704, 1079, 569, -1,
      569, 1079, 571, -1,
      568, 570, 689, -1,
      689, 570, 1084, -1,
      689, 1084, 549, -1,
      549, 1084, 551, -1,
      720, 1059, 590, -1,
      590, 1059, 588, -1,
      564, 566, 712, -1,
      712, 566, 1069, -1,
      712, 1069, 561, -1,
      561, 1069, 563, -1,
      560, 562, 708, -1,
      708, 562, 1074, -1,
      708, 1074, 574, -1,
      574, 1074, 572, -1,
      559, 557, 872, -1,
      872, 557, 887, -1,
      872, 887, 553, -1,
      553, 887, 555, -1,
      552, 554, 869, -1,
      869, 554, 893, -1,
      869, 893, 582, -1,
      582, 893, 580, -1,
      548, 550, 697, -1,
      697, 550, 1085, -1,
      697, 1085, 545, -1,
      545, 1085, 547, -1,
      544, 546, 694, -1,
      694, 546, 886, -1,
      694, 886, 558, -1,
      558, 886, 556, -1,
    ]
  }
}

Shape {
  appearance Appearance {
    material Material {
      diffuseColor 0.9686 0.8784 0.6000
      specularColor 0.6784 0.6157 0.4196
      ambientIntensity 0.2
      transparency 0.0000
      shininess 0.5
    }
  }
  geometry IndexedFaceSet {
    ccw TRUE
    solid FALSE
    coord DEF co Coordinate {
      point [
        -3.208662 0.255906 0.393701,
        -3.090551 0.255906 0.393701,
        -3.602363 0.255906 0.393701,
        -3.484252 0.255906 0.393701,
        -3.996063 0.255906 0.393701,
        -3.877953 0.255906 0.393701,
        -4.389764 0.255906 0.393701,
        -4.271654 0.255906 0.393701,
        -4.783465 0.255906 0.393701,
        -4.665354 0.255906 0.393701,
        -2.421260 -0.137795 0.393701,
        -2.303150 -0.137795 0.393701,
        0.728346 0.255906 0.393701,
        0.846457 0.255906 0.393701,
        0.334646 0.255906 0.393701,
        0.452756 0.255906 0.393701,
        -0.059055 0.255906 0.393701,
        0.059055 0.255906 0.393701,
        -0.452756 0.255906 0.393701,
        -0.334646 0.255906 0.393701,
        -0.846457 0.255906 0.393701,
        -0.728346 0.255906 0.393701,
        -1.240157 0.255906 0.393701,
        -1.122047 0.255906 0.393701,
        -1.633858 0.255906 0.393701,
        -1.515748 0.255906 0.393701,
        -2.027559 0.255906 0.393701,
        -1.909449 0.255906 0.393701,
        -2.303150 0.255906 0.393701,
        -2.421260 0.255906 0.393701,
        -2.814961 0.137795 0.393701,
        -2.814961 0.255906 0.393701,
        -2.696850 0.255906 0.393701,
        -2.421260 0.137795 0.393701,
        -2.303150 0.137795 0.393701,
        -2.696850 0.137795 0.393701,
        -2.027559 0.137795 0.393701,
        -1.909449 0.137795 0.393701,
        -1.633858 0.137795 0.393701,
        -1.515748 0.137795 0.393701,
        -1.240157 0.137795 0.393701,
        -1.122047 0.137795 0.393701,
        -0.846457 0.137795 0.393701,
        -0.728346 0.137795 0.393701,
        -0.452756 0.137795 0.393701,
        -0.334646 0.137795 0.393701,
        -0.059055 0.137795 0.393701,
        0.059055 0.137795 0.393701,
        0.334646 0.137795 0.393701,
        0.452756 0.137795 0.393701,
        0.728346 0.137795 0.393701,
        0.846457 0.137795 0.393701,
        0.846457 -0.255906 0.393701,
        0.728346 -0.255906 0.393701,
        0.846457 -0.137795 0.393701,
        0.728346 -0.137795 0.393701,
        0.452756 -0.255906 0.393701,
        0.334646 -0.255906 0.393701,
        0.452756 -0.137795 0.393701,
        0.334646 -0.137795 0.393701,
        0.059055 -0.255906 0.393701,
        -0.059055 -0.255906 0.393701,
        0.059055 -0.137795 0.393701,
        -0.059055 -0.137795 0.393701,
        -0.334646 -0.255906 0.393701,
        -0.452756 -0.255906 0.393701,
        -0.334646 -0.137795 0.393701,
        -0.452756 -0.137795 0.393701,
        -0.728346 -0.255906 0.393701,
        -0.846457 -0.255906 0.393701,
        -0.728346 -0.137795 0.393701,
        -0.846457 -0.137795 0.393701,
        -1.122047 -0.255906 0.393701,
        -1.240157 -0.255906 0.393701,
        -1.122047 -0.137795 0.393701,
        -1.240157 -0.137795 0.393701,
        -1.515748 -0.255906 0.393701,
        -1.633858 -0.255906 0.393701,
        -1.515748 -0.137795 0.393701,
        -1.633858 -0.137795 0.393701,
        -1.909449 -0.255906 0.393701,
        -2.027559 -0.255906 0.393701,
        -1.909449 -0.137795 0.393701,
        -2.027559 -0.137795 0.393701,
        -2.696850 -0.137795 0.393701,
        -2.696850 -0.255906 0.393701,
        -2.814961 -0.255906 0.393701,
        -2.303150 -0.255906 0.393701,
        -2.421260 -0.255906 0.393701,
        -2.814961 -0.137795 0.393701,
        -3.090551 -0.255906 0.393701,
        -3.208662 -0.255906 0.393701,
        -3.090551 -0.137795 0.393701,
        -3.208662 -0.137795 0.393701,
        -3.484252 -0.255906 0.393701,
        -3.602363 -0.255906 0.393701,
        -3.484252 -0.137795 0.393701,
        -3.602363 -0.137795 0.393701,
        -3.877953 -0.255906 0.393701,
        -3.996063 -0.255906 0.393701,
        -3.877953 -0.137795 0.393701,
        -3.996063 -0.137795 0.393701,
        -4.271654 -0.255906 0.393701,
        -4.389764 -0.255906 0.393701,
        -4.271654 -0.137795 0.393701,
        -4.389764 -0.137795 0.393701,
        -4.665354 -0.255906 0.393701,
        -4.783465 -0.255906 0.393701,
        -4.665354 -0.137795 0.393701,
        -4.783465 -0.137795 0.393701,
        -5.059055 -0.255906 0.393701,
        -5.059055 -0.137795 0.393701,
        -5.177165 -0.137795 0.393701,
        -5.177165 -0.255906 0.393701,
        -5.059055 0.255906 0.393701,
        -5.059055 0.137795 0.393701,
        -5.177165 0.137795 0.393701,
        -5.177165 0.255906 0.393701,
        -4.783465 0.137795 0.393701,
        -4.665354 0.137795 0.393701,
        -4.389764 0.137795 0.393701,
        -4.271654 0.137795 0.393701,
        -3.996063 0.137795 0.393701,
        -3.877953 0.137795 0.393701,
        -3.602363 0.137795 0.393701,
        -3.484252 0.137795 0.393701,
        -3.208662 0.137795 0.393701,
        -3.090551 0.137795 0.393701,
        -5.177165 0.255906 0.000000,
        -5.177165 0.137795 0.000000,
        -3.208662 0.255906 0.000000,
        -3.208662 0.137795 0.000000,
        -3.090551 0.137795 0.000000,
        -3.090551 0.255906 0.000000,
        -3.484252 0.255906 0.000000,
        -3.602363 0.255906 0.000000,
        -3.484252 0.137795 0.000000,
        -3.602363 0.137795 0.000000,
        -3.877953 0.255906 0.000000,
        -3.996063 0.255906 0.000000,
        -3.877953 0.137795 0.000000,
        -3.996063 0.137795 0.000000,
        -4.271654 0.255906 0.000000,
        -4.389764 0.255906 0.000000,
        -4.271654 0.137795 0.000000,
        -4.389764 0.137795 0.000000,
        -4.665354 0.255906 0.000000,
        -4.783465 0.255906 0.000000,
        -4.665354 0.137795 0.000000,
        -4.783465 0.137795 0.000000,
        -5.059055 0.255906 0.000000,
        -5.059055 0.137795 0.000000,
        -5.059055 -0.255906 0.000000,
        -5.177165 -0.255906 0.000000,
        -5.177165 -0.137795 0.000000,
        -5.059055 -0.137795 0.000000,
        -4.783465 -0.255906 0.000000,
        -4.665354 -0.255906 0.000000,
        -4.665354 -0.137795 0.000000,
        -4.783465 -0.137795 0.000000,
        -4.389764 -0.255906 0.000000,
        -4.271654 -0.255906 0.000000,
        -4.271654 -0.137795 0.000000,
        -4.389764 -0.137795 0.000000,
        -3.996063 -0.255906 0.000000,
        -3.877953 -0.255906 0.000000,
        -3.877953 -0.137795 0.000000,
        -3.996063 -0.137795 0.000000,
        -3.602363 -0.255906 0.000000,
        -3.484252 -0.255906 0.000000,
        -3.484252 -0.137795 0.000000,
        -3.602363 -0.137795 0.000000,
        -3.208662 -0.255906 0.000000,
        -3.090551 -0.255906 0.000000,
        -3.090551 -0.137795 0.000000,
        -3.208662 -0.137795 0.000000,
        -2.696850 -0.137795 0.000000,
        -2.696850 -0.255906 0.000000,
        -2.814961 -0.255906 0.000000,
        -2.421260 -0.255906 0.000000,
        -2.303150 -0.255906 0.000000,
        -2.421260 -0.137795 0.000000,
        -2.303150 -0.137795 0.000000,
        -2.814961 -0.137795 0.000000,
        -2.027559 -0.255906 0.000000,
        -1.909449 -0.255906 0.000000,
        -1.909449 -0.137795 0.000000,
        -2.027559 -0.137795 0.000000,
        -1.633858 -0.255906 0.000000,
        -1.515748 -0.255906 0.000000,
        -1.515748 -0.137795 0.000000,
        -1.633858 -0.137795 0.000000,
        -1.240157 -0.255906 0.000000,
        -1.122047 -0.255906 0.000000,
        -1.122047 -0.137795 0.000000,
        -1.240157 -0.137795 0.000000,
        -0.846457 -0.255906 0.000000,
        -0.728346 -0.255906 0.000000,
        -0.728346 -0.137795 0.000000,
        -0.846457 -0.137795 0.000000,
        -0.452756 -0.255906 0.000000,
        -0.334646 -0.255906 0.000000,
        -0.334646 -0.137795 0.000000,
        -0.452756 -0.137795 0.000000,
        -0.059055 -0.255906 0.000000,
        0.059055 -0.255906 0.000000,
        0.059055 -0.137795 0.000000,
        -0.059055 -0.137795 0.000000,
        0.334646 -0.255906 0.000000,
        0.452756 -0.255906 0.000000,
        0.452756 -0.137795 0.000000,
        0.334646 -0.137795 0.000000,
        0.728346 -0.255906 0.000000,
        0.846457 -0.255906 0.000000,
        0.846457 -0.137795 0.000000,
        0.728346 -0.137795 0.000000,
        0.846457 0.255906 0.000000,
        0.728346 0.255906 0.000000,
        0.846457 0.137795 0.000000,
        0.728346 0.137795 0.000000,
        0.452756 0.255906 0.000000,
        0.334646 0.255906 0.000000,
        0.452756 0.137795 0.000000,
        0.334646 0.137795 0.000000,
        0.059055 0.255906 0.000000,
        -0.059055 0.255906 0.000000,
        0.059055 0.137795 0.000000,
        -0.059055 0.137795 0.000000,
        -0.334646 0.255906 0.000000,
        -0.452756 0.255906 0.000000,
        -0.334646 0.137795 0.000000,
        -0.452756 0.137795 0.000000,
        -0.728346 0.255906 0.000000,
        -0.846457 0.255906 0.000000,
        -0.728346 0.137795 0.000000,
        -0.846457 0.137795 0.000000,
        -1.122047 0.255906 0.000000,
        -1.240157 0.255906 0.000000,
        -1.122047 0.137795 0.000000,
        -1.240157 0.137795 0.000000,
        -1.515748 0.255906 0.000000,
        -1.633858 0.255906 0.000000,
        -1.515748 0.137795 0.000000,
        -1.633858 0.137795 0.000000,
        -1.909449 0.255906 0.000000,
        -2.027559 0.255906 0.000000,
        -1.909449 0.137795 0.000000,
        -2.027559 0.137795 0.000000,
        -2.696850 0.137795 0.000000,
        -2.696850 0.255906 0.000000,
        -2.814961 0.255906 0.000000,
        -2.421260 0.137795 0.000000,
        -2.303150 0.137795 0.000000,
        -2.303150 0.255906 0.000000,
        -2.814961 0.137795 0.000000,
        -2.421260 0.255906 0.000000,
        0.059055 -0.255906 -0.035433,
        -0.059055 -0.255906 -0.035433,
        0.059055 -0.256040 -0.036452,
        -0.059055 -0.256040 -0.036452,
        0.059055 -0.256433 -0.037402,
        -0.059055 -0.256433 -0.037402,
        0.059055 -0.257059 -0.038217,
        -0.059055 -0.257059 -0.038217,
        0.059055 -0.257874 -0.038843,
        -0.059055 -0.257874 -0.038843,
        0.059055 -0.258824 -0.039236,
        -0.059055 -0.258824 -0.039236,
        0.059055 -0.259843 -0.039370,
        -0.059055 -0.259843 -0.039370,
        0.059055 -0.866142 -0.039370,
        -0.059055 -0.866142 -0.039370,
        -0.027407 -0.984252 -0.071018,
        -0.027407 -0.984252 -0.125833,
        0.027407 -0.984252 -0.071018,
        0.027407 -0.984252 -0.125833,
        -0.059055 -0.866142 -0.157480,
        -0.059055 -0.259843 -0.157480,
        0.059055 -0.866142 -0.157480,
        0.059055 -0.259843 -0.157480,
        -0.059055 -0.228254 -0.153322,
        0.059055 -0.228254 -0.153322,
        -0.059055 -0.198819 -0.141129,
        0.059055 -0.198819 -0.141129,
        -0.059055 -0.173542 -0.121733,
        0.059055 -0.173542 -0.121733,
        -0.059055 -0.154146 -0.096457,
        0.059055 -0.154146 -0.096457,
        -0.059055 -0.141954 -0.067021,
        0.059055 -0.141954 -0.067021,
        -0.059055 -0.137795 -0.035433,
        0.059055 -0.137795 -0.035433,
        0.059055 -0.137795 1.062992,
        -0.059055 -0.137795 1.062992,
        -0.027407 -0.169443 1.181102,
        -0.027407 -0.224258 1.181102,
        0.027407 -0.169443 1.181102,
        0.027407 -0.224258 1.181102,
        -0.059055 -0.255906 1.062992,
        0.059055 -0.255906 1.062992,
        0.059055 0.137795 -0.035433,
        -0.059055 0.137795 -0.035433,
        -0.059055 0.141954 -0.067021,
        0.059055 0.141954 -0.067021,
        -0.059055 0.154146 -0.096457,
        0.059055 0.154146 -0.096457,
        -0.059055 0.173542 -0.121733,
        0.059055 0.173542 -0.121733,
        -0.059055 0.198819 -0.141129,
        0.059055 0.198819 -0.141129,
        -0.059055 0.228254 -0.153322,
        0.059055 0.228254 -0.153322,
        -0.059055 0.259843 -0.157480,
        0.059055 0.259843 -0.157480,
        0.059055 0.866142 -0.157480,
        -0.059055 0.866142 -0.157480,
        -0.027407 0.984252 -0.125833,
        -0.027407 0.984252 -0.071018,
        0.027407 0.984252 -0.125833,
        0.027407 0.984252 -0.071018,
        -0.059055 0.866142 -0.039370,
        -0.059055 0.259843 -0.039370,
        0.059055 0.866142 -0.039370,
        0.059055 0.259843 -0.039370,
        0.059055 0.258824 -0.039236,
        -0.059055 0.258824 -0.039236,
        0.059055 0.257874 -0.038843,
        -0.059055 0.257874 -0.038843,
        0.059055 0.257059 -0.038217,
        -0.059055 0.257059 -0.038217,
        0.059055 0.256433 -0.037402,
        -0.059055 0.256433 -0.037402,
        0.059055 0.256040 -0.036452,
        -0.059055 0.256040 -0.036452,
        0.059055 0.255906 -0.035433,
        -0.059055 0.255906 -0.035433,
        0.059055 0.255906 1.062992,
        -0.059055 0.255906 1.062992,
        -0.027407 0.224258 1.181102,
        -0.027407 0.169443 1.181102,
        0.027407 0.224258 1.181102,
        0.027407 0.169443 1.181102,
        -0.059055 0.137795 1.062992,
        0.059055 0.137795 1.062992,
        -0.334646 0.137795 -0.035433,
        -0.452756 0.137795 -0.035433,
        -0.452756 0.141954 -0.067021,
        -0.334646 0.141954 -0.067021,
        -0.452756 0.154146 -0.096457,
        -0.334646 0.154146 -0.096457,
        -0.452756 0.173542 -0.121733,
        -0.334646 0.173542 -0.121733,
        -0.452756 0.198819 -0.141129,
        -0.334646 0.198819 -0.141129,
        -0.452756 0.228254 -0.153322,
        -0.334646 0.228254 -0.153322,
        -0.452756 0.259843 -0.157480,
        -0.334646 0.259843 -0.157480,
        -0.334646 0.866142 -0.157480,
        -0.452756 0.866142 -0.157480,
        -0.421108 0.984252 -0.125833,
        -0.421108 0.984252 -0.071018,
        -0.366293 0.984252 -0.125833,
        -0.366293 0.984252 -0.071018,
        -0.452756 0.866142 -0.039370,
        -0.452756 0.259843 -0.039370,
        -0.334646 0.866142 -0.039370,
        -0.334646 0.259843 -0.039370,
        -0.334646 0.258824 -0.039236,
        -0.452756 0.258824 -0.039236,
        -0.334646 0.257874 -0.038843,
        -0.452756 0.257874 -0.038843,
        -0.334646 0.257059 -0.038217,
        -0.452756 0.257059 -0.038217,
        -0.334646 0.256433 -0.037402,
        -0.452756 0.256433 -0.037402,
        -0.334646 0.256040 -0.036452,
        -0.452756 0.256040 -0.036452,
        -0.334646 0.255906 -0.035433,
        -0.452756 0.255906 -0.035433,
        -0.334646 0.255906 1.062992,
        -0.452756 0.255906 1.062992,
        -0.421108 0.224258 1.181102,
        -0.421108 0.169443 1.181102,
        -0.366293 0.224258 1.181102,
        -0.366293 0.169443 1.181102,
        -0.452756 0.137795 1.062992,
        -0.334646 0.137795 1.062992,
        -0.728346 0.137795 -0.035433,
        -0.846457 0.137795 -0.035433,
        -0.846457 0.141954 -0.067021,
        -0.728346 0.141954 -0.067021,
        -0.846457 0.154146 -0.096457,
        -0.728346 0.154146 -0.096457,
        -0.846457 0.173542 -0.121733,
        -0.728346 0.173542 -0.121733,
        -0.846457 0.198819 -0.141129,
        -0.728346 0.198819 -0.141129,
        -0.846457 0.228254 -0.153322,
        -0.728346 0.228254 -0.153322,
        -0.846457 0.259843 -0.157480,
        -0.728346 0.259843 -0.157480,
        -0.728346 0.866142 -0.157480,
        -0.846457 0.866142 -0.157480,
        -0.814809 0.984252 -0.125833,
        -0.814809 0.984252 -0.071018,
        -0.759994 0.984252 -0.125833,
        -0.759994 0.984252 -0.071018,
        -0.846457 0.866142 -0.039370,
        -0.846457 0.259843 -0.039370,
        -0.728346 0.866142 -0.039370,
        -0.728346 0.259843 -0.039370,
        -0.728346 0.258824 -0.039236,
        -0.846457 0.258824 -0.039236,
        -0.728346 0.257874 -0.038843,
        -0.846457 0.257874 -0.038843,
        -0.728346 0.257059 -0.038217,
        -0.846457 0.257059 -0.038217,
        -0.728346 0.256433 -0.037402,
        -0.846457 0.256433 -0.037402,
        -0.728346 0.256040 -0.036452,
        -0.846457 0.256040 -0.036452,
        -0.728346 0.255906 -0.035433,
        -0.846457 0.255906 -0.035433,
        -0.728346 0.255906 1.062992,
        -0.846457 0.255906 1.062992,
        -0.814809 0.224258 1.181102,
        -0.814809 0.169443 1.181102,
        -0.759994 0.224258 1.181102,
        -0.759994 0.169443 1.181102,
        -0.846457 0.137795 1.062992,
        -0.728346 0.137795 1.062992,
        -1.122047 0.137795 -0.035433,
        -1.240157 0.137795 -0.035433,
        -1.240157 0.141954 -0.067021,
        -1.122047 0.141954 -0.067021,
        -1.240157 0.154146 -0.096457,
        -1.122047 0.154146 -0.096457,
        -1.240157 0.173542 -0.121733,
        -1.122047 0.173542 -0.121733,
        -1.240157 0.198819 -0.141129,
        -1.122047 0.198819 -0.141129,
        -1.240157 0.228254 -0.153322,
        -1.122047 0.228254 -0.153322,
        -1.240157 0.259843 -0.157480,
        -1.122047 0.259843 -0.157480,
        -1.122047 0.866142 -0.157480,
        -1.240157 0.866142 -0.157480,
        -1.208510 0.984252 -0.125833,
        -1.208510 0.984252 -0.071018,
        -1.153695 0.984252 -0.125833,
        -1.153695 0.984252 -0.071018,
        -1.240157 0.866142 -0.039370,
        -1.240157 0.259843 -0.039370,
        -1.122047 0.866142 -0.039370,
        -1.122047 0.259843 -0.039370,
        -1.122047 0.258824 -0.039236,
        -1.240157 0.258824 -0.039236,
        -1.122047 0.257874 -0.038843,
        -1.240157 0.257874 -0.038843,
        -1.122047 0.257059 -0.038217,
        -1.240157 0.257059 -0.038217,
        -1.122047 0.256433 -0.037402,
        -1.240157 0.256433 -0.037402,
        -1.122047 0.256040 -0.036452,
        -1.240157 0.256040 -0.036452,
        -1.122047 0.255906 -0.035433,
        -1.240157 0.255906 -0.035433,
        -1.122047 0.255906 1.062992,
        -1.240157 0.255906 1.062992,
        -1.208510 0.224258 1.181102,
        -1.208510 0.169443 1.181102,
        -1.153695 0.224258 1.181102,
        -1.153695 0.169443 1.181102,
        -1.240157 0.137795 1.062992,
        -1.122047 0.137795 1.062992,
        -1.515748 0.137795 -0.035433,
        -1.633858 0.137795 -0.035433,
        -1.633858 0.141954 -0.067021,
        -1.515748 0.141954 -0.067021,
        -1.633858 0.154146 -0.096457,
        -1.515748 0.154146 -0.096457,
        -1.633858 0.173542 -0.121733,
        -1.515748 0.173542 -0.121733,
        -1.633858 0.198819 -0.141129,
        -1.515748 0.198819 -0.141129,
        -1.633858 0.228254 -0.153322,
        -1.515748 0.228254 -0.153322,
        -1.633858 0.259843 -0.157480,
        -1.515748 0.259843 -0.157480,
        -1.515748 0.866142 -0.157480,
        -1.633858 0.866142 -0.157480,
        -1.602211 0.984252 -0.125833,
        -1.602211 0.984252 -0.071018,
        -1.547396 0.984252 -0.125833,
        -1.547396 0.984252 -0.071018,
        -1.633858 0.866142 -0.039370,
        -1.633858 0.259843 -0.039370,
        -1.515748 0.866142 -0.039370,
        -1.515748 0.259843 -0.039370,
        -1.515748 0.258824 -0.039236,
        -1.633858 0.258824 -0.039236,
        -1.515748 0.257874 -0.038843,
        -1.633858 0.257874 -0.038843,
        -1.515748 0.257059 -0.038217,
        -1.633858 0.257059 -0.038217,
        -1.515748 0.256433 -0.037402,
        -1.633858 0.256433 -0.037402,
        -1.515748 0.256040 -0.036452,
        -1.633858 0.256040 -0.036452,
        -1.515748 0.255906 -0.035433,
        -1.633858 0.255906 -0.035433,
        -1.515748 0.255906 1.062992,
        -1.633858 0.255906 1.062992,
        -1.602211 0.224258 1.181102,
        -1.602211 0.169443 1.181102,
        -1.547396 0.224258 1.181102,
        -1.547396 0.169443 1.181102,
        -1.633858 0.137795 1.062992,
        -1.515748 0.137795 1.062992,
        -1.909449 0.137795 -0.035433,
        -2.027559 0.137795 -0.035433,
        -2.027559 0.141954 -0.067021,
        -1.909449 0.141954 -0.067021,
        -2.027559 0.154146 -0.096457,
        -1.909449 0.154146 -0.096457,
        -2.027559 0.173542 -0.121733,
        -1.909449 0.173542 -0.121733,
        -2.027559 0.198819 -0.141129,
        -1.909449 0.198819 -0.141129,
        -2.027559 0.228254 -0.153322,
        -1.909449 0.228254 -0.153322,
        -2.027559 0.259843 -0.157480,
        -1.909449 0.259843 -0.157480,
        -1.909449 0.866142 -0.157480,
        -2.027559 0.866142 -0.157480,
        -1.995911 0.984252 -0.125833,
        -1.995911 0.984252 -0.071018,
        -1.941096 0.984252 -0.125833,
        -1.941096 0.984252 -0.071018,
        -2.027559 0.866142 -0.039370,
        -2.027559 0.259843 -0.039370,
        -1.909449 0.866142 -0.039370,
        -1.909449 0.259843 -0.039370,
        -1.909449 0.258824 -0.039236,
        -2.027559 0.258824 -0.039236,
        -1.909449 0.257874 -0.038843,
        -2.027559 0.257874 -0.038843,
        -1.909449 0.257059 -0.038217,
        -2.027559 0.257059 -0.038217,
        -1.909449 0.256433 -0.037402,
        -2.027559 0.256433 -0.037402,
        -1.909449 0.256040 -0.036452,
        -2.027559 0.256040 -0.036452,
        -1.909449 0.255906 -0.035433,
        -2.027559 0.255906 -0.035433,
        -1.909449 0.255906 1.062992,
        -2.027559 0.255906 1.062992,
        -1.995911 0.224258 1.181102,
        -1.995911 0.169443 1.181102,
        -1.941096 0.224258 1.181102,
        -1.941096 0.169443 1.181102,
        -2.027559 0.137795 1.062992,
        -1.909449 0.137795 1.062992,
        -2.303150 0.137795 -0.035433,
        -2.421260 0.137795 -0.035433,
        -2.421260 0.141954 -0.067021,
        -2.303150 0.141954 -0.067021,
        -2.421260 0.154146 -0.096457,
        -2.303150 0.154146 -0.096457,
        -2.421260 0.173542 -0.121733,
        -2.303150 0.173542 -0.121733,
        -2.421260 0.198819 -0.141129,
        -2.303150 0.198819 -0.141129,
        -2.421260 0.228254 -0.153322,
        -2.303150 0.228254 -0.153322,
        -2.421260 0.259843 -0.157480,
        -2.303150 0.259843 -0.157480,
        -2.303150 0.866142 -0.157480,
        -2.421260 0.866142 -0.157480,
        -2.389612 0.984252 -0.125833,
        -2.389612 0.984252 -0.071018,
        -2.334797 0.984252 -0.125833,
        -2.334797 0.984252 -0.071018,
        -2.421260 0.866142 -0.039370,
        -2.421260 0.259843 -0.039370,
        -2.303150 0.866142 -0.039370,
        -2.303150 0.259843 -0.039370,
        -2.303150 0.258824 -0.039236,
        -2.421260 0.258824 -0.039236,
        -2.303150 0.257874 -0.038843,
        -2.421260 0.257874 -0.038843,
        -2.303150 0.257059 -0.038217,
        -2.421260 0.257059 -0.038217,
        -2.303150 0.256433 -0.037402,
        -2.421260 0.256433 -0.037402,
        -2.303150 0.256040 -0.036452,
        -2.421260 0.256040 -0.036452,
        -2.303150 0.255906 -0.035433,
        -2.421260 0.255906 -0.035433,
        -2.303150 0.255906 1.062992,
        -2.421260 0.255906 1.062992,
        -2.389612 0.224258 1.181102,
        -2.389612 0.169443 1.181102,
        -2.334797 0.224258 1.181102,
        -2.334797 0.169443 1.181102,
        -2.421260 0.137795 1.062992,
        -2.303150 0.137795 1.062992,
        -2.696850 0.137795 -0.035433,
        -2.814961 0.137795 -0.035433,
        -2.814961 0.141954 -0.067021,
        -2.696850 0.141954 -0.067021,
        -2.814961 0.154146 -0.096457,
        -2.696850 0.154146 -0.096457,
        -2.814961 0.173542 -0.121733,
        -2.696850 0.173542 -0.121733,
        -2.814961 0.198819 -0.141129,
        -2.696850 0.198819 -0.141129,
        -2.814961 0.228254 -0.153322,
        -2.696850 0.228254 -0.153322,
        -2.814961 0.259843 -0.157480,
        -2.696850 0.259843 -0.157480,
        -2.696850 0.866142 -0.157480,
        -2.814961 0.866142 -0.157480,
        -2.783313 0.984252 -0.125833,
        -2.783313 0.984252 -0.071018,
        -2.728498 0.984252 -0.125833,
        -2.728498 0.984252 -0.071018,
        -2.814961 0.866142 -0.039370,
        -2.814961 0.259843 -0.039370,
        -2.696850 0.866142 -0.039370,
        -2.696850 0.259843 -0.039370,
        -2.696850 0.258824 -0.039236,
        -2.814961 0.258824 -0.039236,
        -2.696850 0.257874 -0.038843,
        -2.814961 0.257874 -0.038843,
        -2.696850 0.257059 -0.038217,
        -2.814961 0.257059 -0.038217,
        -2.696850 0.256433 -0.037402,
        -2.814961 0.256433 -0.037402,
        -2.696850 0.256040 -0.036452,
        -2.814961 0.256040 -0.036452,
        -2.696850 0.255906 -0.035433,
        -2.814961 0.255906 -0.035433,
        -2.696850 0.255906 1.062992,
        -2.814961 0.255906 1.062992,
        -2.783313 0.224258 1.181102,
        -2.783313 0.169443 1.181102,
        -2.728498 0.224258 1.181102,
        -2.728498 0.169443 1.181102,
        -2.814961 0.137795 1.062992,
        -2.696850 0.137795 1.062992,
        -3.090551 0.137795 -0.035433,
        -3.208662 0.137795 -0.035433,
        -3.208662 0.141954 -0.067021,
        -3.090551 0.141954 -0.067021,
        -3.208662 0.154146 -0.096457,
        -3.090551 0.154146 -0.096457,
        -3.208662 0.173542 -0.121733,
        -3.090551 0.173542 -0.121733,
        -3.208662 0.198819 -0.141129,
        -3.090551 0.198819 -0.141129,
        -3.208662 0.228254 -0.153322,
        -3.090551 0.228254 -0.153322,
        -3.208662 0.259843 -0.157480,
        -3.090551 0.259843 -0.157480,
        -3.090551 0.866142 -0.157480,
        -3.208662 0.866142 -0.157480,
        -3.177013 0.984252 -0.125833,
        -3.177013 0.984252 -0.071018,
        -3.122199 0.984252 -0.125833,
        -3.122199 0.984252 -0.071018,
        -3.208662 0.866142 -0.039370,
        -3.208662 0.259843 -0.039370,
        -3.090551 0.866142 -0.039370,
        -3.090551 0.259843 -0.039370,
        -3.090551 0.258824 -0.039236,
        -3.208662 0.258824 -0.039236,
        -3.090551 0.257874 -0.038843,
        -3.208662 0.257874 -0.038843,
        -3.090551 0.257059 -0.038217,
        -3.208662 0.257059 -0.038217,
        -3.090551 0.256433 -0.037402,
        -3.208662 0.256433 -0.037402,
        -3.090551 0.256040 -0.036452,
        -3.208662 0.256040 -0.036452,
        -3.090551 0.255906 -0.035433,
        -3.208662 0.255906 -0.035433,
        -3.090551 0.255906 1.062992,
        -3.208662 0.255906 1.062992,
        -3.177013 0.224258 1.181102,
        -3.177013 0.169443 1.181102,
        -3.122199 0.224258 1.181102,
        -3.122199 0.169443 1.181102,
        -3.208662 0.137795 1.062992,
        -3.090551 0.137795 1.062992,
        -3.484252 0.137795 -0.035433,
        -3.602363 0.137795 -0.035433,
        -3.602363 0.141954 -0.067021,
        -3.484252 0.141954 -0.067021,
        -3.602363 0.154146 -0.096457,
        -3.484252 0.154146 -0.096457,
        -3.602363 0.173542 -0.121733,
        -3.484252 0.173542 -0.121733,
        -3.602363 0.198819 -0.141129,
        -3.484252 0.198819 -0.141129,
        -3.602363 0.228254 -0.153322,
        -3.484252 0.228254 -0.153322,
        -3.602363 0.259843 -0.157480,
        -3.484252 0.259843 -0.157480,
        -3.484252 0.866142 -0.157480,
        -3.602363 0.866142 -0.157480,
        -3.570715 0.984252 -0.125833,
        -3.570715 0.984252 -0.071018,
        -3.515900 0.984252 -0.125833,
        -3.515900 0.984252 -0.071018,
        -3.602363 0.866142 -0.039370,
        -3.602363 0.259843 -0.039370,
        -3.484252 0.866142 -0.039370,
        -3.484252 0.259843 -0.039370,
        -3.484252 0.258824 -0.039236,
        -3.602363 0.258824 -0.039236,
        -3.484252 0.257874 -0.038843,
        -3.602363 0.257874 -0.038843,
        -3.484252 0.257059 -0.038217,
        -3.602363 0.257059 -0.038217,
        -3.484252 0.256433 -0.037402,
        -3.602363 0.256433 -0.037402,
        -3.484252 0.256040 -0.036452,
        -3.602363 0.256040 -0.036452,
        -3.484252 0.255906 -0.035433,
        -3.602363 0.255906 -0.035433,
        -3.484252 0.255906 1.062992,
        -3.602363 0.255906 1.062992,
        -3.570715 0.224258 1.181102,
        -3.570715 0.169443 1.181102,
        -3.515900 0.224258 1.181102,
        -3.515900 0.169443 1.181102,
        -3.602363 0.137795 1.062992,
        -3.484252 0.137795 1.062992,
        -3.877953 0.137795 -0.035433,
        -3.996063 0.137795 -0.035433,
        -3.996063 0.141954 -0.067021,
        -3.877953 0.141954 -0.067021,
        -3.996063 0.154146 -0.096457,
        -3.877953 0.154146 -0.096457,
        -3.996063 0.173542 -0.121733,
        -3.877953 0.173542 -0.121733,
        -3.996063 0.198819 -0.141129,
        -3.877953 0.198819 -0.141129,
        -3.996063 0.228254 -0.153322,
        -3.877953 0.228254 -0.153322,
        -3.996063 0.259843 -0.157480,
        -3.877953 0.259843 -0.157480,
        -3.877953 0.866142 -0.157480,
        -3.996063 0.866142 -0.157480,
        -3.964415 0.984252 -0.125833,
        -3.964415 0.984252 -0.071018,
        -3.909600 0.984252 -0.125833,
        -3.909600 0.984252 -0.071018,
        -3.996063 0.866142 -0.039370,
        -3.996063 0.259843 -0.039370,
        -3.877953 0.866142 -0.039370,
        -3.877953 0.259843 -0.039370,
        -3.877953 0.258824 -0.039236,
        -3.996063 0.258824 -0.039236,
        -3.877953 0.257874 -0.038843,
        -3.996063 0.257874 -0.038843,
        -3.877953 0.257059 -0.038217,
        -3.996063 0.257059 -0.038217,
        -3.877953 0.256433 -0.037402,
        -3.996063 0.256433 -0.037402,
        -3.877953 0.256040 -0.036452,
        -3.996063 0.256040 -0.036452,
        -3.877953 0.255906 -0.035433,
        -3.996063 0.255906 -0.035433,
        -3.877953 0.255906 1.062992,
        -3.996063 0.255906 1.062992,
        -3.964415 0.224258 1.181102,
        -3.964415 0.169443 1.181102,
        -3.909600 0.224258 1.181102,
        -3.909600 0.169443 1.181102,
        -3.996063 0.137795 1.062992,
        -3.877953 0.137795 1.062992,
        -4.271654 0.137795 -0.035433,
        -4.389764 0.137795 -0.035433,
        -4.389764 0.141954 -0.067021,
        -4.271654 0.141954 -0.067021,
        -4.389764 0.154146 -0.096457,
        -4.271654 0.154146 -0.096457,
        -4.389764 0.173542 -0.121733,
        -4.271654 0.173542 -0.121733,
        -4.389764 0.198819 -0.141129,
        -4.271654 0.198819 -0.141129,
        -4.389764 0.228254 -0.153322,
        -4.271654 0.228254 -0.153322,
        -4.389764 0.259843 -0.157480,
        -4.271654 0.259843 -0.157480,
        -4.271654 0.866142 -0.157480,
        -4.389764 0.866142 -0.157480,
        -4.358116 0.984252 -0.125833,
        -4.358116 0.984252 -0.071018,
        -4.303301 0.984252 -0.125833,
        -4.303301 0.984252 -0.071018,
        -4.389764 0.866142 -0.039370,
        -4.389764 0.259843 -0.039370,
        -4.271654 0.866142 -0.039370,
        -4.271654 0.259843 -0.039370,
        -4.271654 0.258824 -0.039236,
        -4.389764 0.258824 -0.039236,
        -4.271654 0.257874 -0.038843,
        -4.389764 0.257874 -0.038843,
        -4.271654 0.257059 -0.038217,
        -4.389764 0.257059 -0.038217,
        -4.271654 0.256433 -0.037402,
        -4.389764 0.256433 -0.037402,
        -4.271654 0.256040 -0.036452,
        -4.389764 0.256040 -0.036452,
        -4.271654 0.255906 -0.035433,
        -4.389764 0.255906 -0.035433,
        -4.271654 0.255906 1.062992,
        -4.389764 0.255906 1.062992,
        -4.358116 0.224258 1.181102,
        -4.358116 0.169443 1.181102,
        -4.303301 0.224258 1.181102,
        -4.303301 0.169443 1.181102,
        -4.389764 0.137795 1.062992,
        -4.271654 0.137795 1.062992,
        -4.665354 0.137795 -0.035433,
        -4.783465 0.137795 -0.035433,
        -4.783465 0.141954 -0.067021,
        -4.665354 0.141954 -0.067021,
        -4.783465 0.154146 -0.096457,
        -4.665354 0.154146 -0.096457,
        -4.783465 0.173542 -0.121733,
        -4.665354 0.173542 -0.121733,
        -4.783465 0.198819 -0.141129,
        -4.665354 0.198819 -0.141129,
        -4.783465 0.228254 -0.153322,
        -4.665354 0.228254 -0.153322,
        -4.783465 0.259843 -0.157480,
        -4.665354 0.259843 -0.157480,
        -4.665354 0.866142 -0.157480,
        -4.783465 0.866142 -0.157480,
        -4.751817 0.984252 -0.125833,
        -4.751817 0.984252 -0.071018,
        -4.697002 0.984252 -0.125833,
        -4.697002 0.984252 -0.071018,
        -4.783465 0.866142 -0.039370,
        -4.783465 0.259843 -0.039370,
        -4.665354 0.866142 -0.039370,
        -4.665354 0.259843 -0.039370,
        -4.665354 0.258824 -0.039236,
        -4.783465 0.258824 -0.039236,
        -4.665354 0.257874 -0.038843,
        -4.783465 0.257874 -0.038843,
        -4.665354 0.257059 -0.038217,
        -4.783465 0.257059 -0.038217,
        -4.665354 0.256433 -0.037402,
        -4.783465 0.256433 -0.037402,
        -4.665354 0.256040 -0.036452,
        -4.783465 0.256040 -0.036452,
        -4.665354 0.255906 -0.035433,
        -4.783465 0.255906 -0.035433,
        -4.665354 0.255906 1.062992,
        -4.783465 0.255906 1.062992,
        -4.751817 0.224258 1.181102,
        -4.751817 0.169443 1.181102,
        -4.697002 0.224258 1.181102,
        -4.697002 0.169443 1.181102,
        -4.783465 0.137795 1.062992,
        -4.665354 0.137795 1.062992,
        -5.059055 0.137795 -0.035433,
        -5.177165 0.137795 -0.035433,
        -5.177165 0.141954 -0.067021,
        -5.059055 0.141954 -0.067021,
        -5.177165 0.154146 -0.096457,
        -5.059055 0.154146 -0.096457,
        -5.177165 0.173542 -0.121733,
        -5.059055 0.173542 -0.121733,
        -5.177165 0.198819 -0.141129,
        -5.059055 0.198819 -0.141129,
        -5.177165 0.228254 -0.153322,
        -5.059055 0.228254 -0.153322,
        -5.177165 0.259843 -0.157480,
        -5.059055 0.259843 -0.157480,
        -5.059055 0.866142 -0.157480,
        -5.177165 0.866142 -0.157480,
        -5.145518 0.984252 -0.125833,
        -5.145518 0.984252 -0.071018,
        -5.090703 0.984252 -0.125833,
        -5.090703 0.984252 -0.071018,
        -5.177165 0.866142 -0.039370,
        -5.177165 0.259843 -0.039370,
        -5.059055 0.866142 -0.039370,
        -5.059055 0.259843 -0.039370,
        -5.059055 0.258824 -0.039236,
        -5.177165 0.258824 -0.039236,
        -5.059055 0.257874 -0.038843,
        -5.177165 0.257874 -0.038843,
        -5.059055 0.257059 -0.038217,
        -5.177165 0.257059 -0.038217,
        -5.059055 0.256433 -0.037402,
        -5.177165 0.256433 -0.037402,
        -5.059055 0.256040 -0.036452,
        -5.177165 0.256040 -0.036452,
        -5.059055 0.255906 -0.035433,
        -5.177165 0.255906 -0.035433,
        -5.059055 0.255906 1.062992,
        -5.177165 0.255906 1.062992,
        -5.145518 0.224258 1.181102,
        -5.145518 0.169443 1.181102,
        -5.090703 0.224258 1.181102,
        -5.090703 0.169443 1.181102,
        -5.177165 0.137795 1.062992,
        -5.059055 0.137795 1.062992,
        0.452756 0.137795 -0.035433,
        0.334646 0.137795 -0.035433,
        0.334646 0.141954 -0.067021,
        0.452756 0.141954 -0.067021,
        0.334646 0.154146 -0.096457,
        0.452756 0.154146 -0.096457,
        0.334646 0.173542 -0.121733,
        0.452756 0.173542 -0.121733,
        0.334646 0.198819 -0.141129,
        0.452756 0.198819 -0.141129,
        0.334646 0.228254 -0.153322,
        0.452756 0.228254 -0.153322,
        0.334646 0.259843 -0.157480,
        0.452756 0.259843 -0.157480,
        0.452756 0.866142 -0.157480,
        0.334646 0.866142 -0.157480,
        0.366293 0.984252 -0.125833,
        0.366293 0.984252 -0.071018,
        0.421108 0.984252 -0.125833,
        0.421108 0.984252 -0.071018,
        0.334646 0.866142 -0.039370,
        0.334646 0.259843 -0.039370,
        0.452756 0.866142 -0.039370,
        0.452756 0.259843 -0.039370,
        0.452756 0.258824 -0.039236,
        0.334646 0.258824 -0.039236,
        0.452756 0.257874 -0.038843,
        0.334646 0.257874 -0.038843,
        0.452756 0.257059 -0.038217,
        0.334646 0.257059 -0.038217,
        0.452756 0.256433 -0.037402,
        0.334646 0.256433 -0.037402,
        0.452756 0.256040 -0.036452,
        0.334646 0.256040 -0.036452,
        0.452756 0.255906 -0.035433,
        0.334646 0.255906 -0.035433,
        0.452756 0.255906 1.062992,
        0.334646 0.255906 1.062992,
        0.366293 0.224258 1.181102,
        0.366293 0.169443 1.181102,
        0.421108 0.224258 1.181102,
        0.421108 0.169443 1.181102,
        0.334646 0.137795 1.062992,
        0.452756 0.137795 1.062992,
        0.846457 0.137795 -0.035433,
        0.728346 0.137795 -0.035433,
        0.728346 0.141954 -0.067021,
        0.846457 0.141954 -0.067021,
        0.728346 0.154146 -0.096457,
        0.846457 0.154146 -0.096457,
        0.728346 0.173542 -0.121733,
        0.846457 0.173542 -0.121733,
        0.728346 0.198819 -0.141129,
        0.846457 0.198819 -0.141129,
        0.728346 0.228254 -0.153322,
        0.846457 0.228254 -0.153322,
        0.728346 0.259843 -0.157480,
        0.846457 0.259843 -0.157480,
        0.846457 0.866142 -0.157480,
        0.728346 0.866142 -0.157480,
        0.759994 0.984252 -0.125833,
        0.759994 0.984252 -0.071018,
        0.814809 0.984252 -0.125833,
        0.814809 0.984252 -0.071018,
        0.728346 0.866142 -0.039370,
        0.728346 0.259843 -0.039370,
        0.846457 0.866142 -0.039370,
        0.846457 0.259843 -0.039370,
        0.846457 0.258824 -0.039236,
        0.728346 0.258824 -0.039236,
        0.846457 0.257874 -0.038843,
        0.728346 0.257874 -0.038843,
        0.846457 0.257059 -0.038217,
        0.728346 0.257059 -0.038217,
        0.846457 0.256433 -0.037402,
        0.728346 0.256433 -0.037402,
        0.846457 0.256040 -0.036452,
        0.728346 0.256040 -0.036452,
        0.846457 0.255906 -0.035433,
        0.728346 0.255906 -0.035433,
        0.846457 0.255906 1.062992,
        0.728346 0.255906 1.062992,
        0.759994 0.224258 1.181102,
        0.759994 0.169443 1.181102,
        0.814809 0.224258 1.181102,
        0.814809 0.169443 1.181102,
        0.728346 0.137795 1.062992,
        0.846457 0.137795 1.062992,
        -0.334646 -0.255906 -0.035433,
        -0.452756 -0.255906 -0.035433,
        -0.334646 -0.256040 -0.036452,
        -0.452756 -0.256040 -0.036452,
        -0.334646 -0.256433 -0.037402,
        -0.452756 -0.256433 -0.037402,
        -0.334646 -0.257059 -0.038217,
        -0.452756 -0.257059 -0.038217,
        -0.334646 -0.257874 -0.038843,
        -0.452756 -0.257874 -0.038843,
        -0.334646 -0.258824 -0.039236,
        -0.452756 -0.258824 -0.039236,
        -0.334646 -0.259843 -0.039370,
        -0.452756 -0.259843 -0.039370,
        -0.334646 -0.866142 -0.039370,
        -0.452756 -0.866142 -0.039370,
        -0.421108 -0.984252 -0.071018,
        -0.421108 -0.984252 -0.125833,
        -0.366293 -0.984252 -0.071018,
        -0.366293 -0.984252 -0.125833,
        -0.452756 -0.866142 -0.157480,
        -0.452756 -0.259843 -0.157480,
        -0.334646 -0.866142 -0.157480,
        -0.334646 -0.259843 -0.157480,
        -0.452756 -0.228254 -0.153322,
        -0.334646 -0.228254 -0.153322,
        -0.452756 -0.198819 -0.141129,
        -0.334646 -0.198819 -0.141129,
        -0.452756 -0.173542 -0.121733,
        -0.334646 -0.173542 -0.121733,
        -0.452756 -0.154146 -0.096457,
        -0.334646 -0.154146 -0.096457,
        -0.452756 -0.141954 -0.067021,
        -0.334646 -0.141954 -0.067021,
        -0.452756 -0.137795 -0.035433,
        -0.334646 -0.137795 -0.035433,
        -0.334646 -0.137795 1.062992,
        -0.452756 -0.137795 1.062992,
        -0.421108 -0.169443 1.181102,
        -0.421108 -0.224258 1.181102,
        -0.366293 -0.169443 1.181102,
        -0.366293 -0.224258 1.181102,
        -0.452756 -0.255906 1.062992,
        -0.334646 -0.255906 1.062992,
        -0.728346 -0.255906 -0.035433,
        -0.846457 -0.255906 -0.035433,
        -0.728346 -0.256040 -0.036452,
        -0.846457 -0.256040 -0.036452,
        -0.728346 -0.256433 -0.037402,
        -0.846457 -0.256433 -0.037402,
        -0.728346 -0.257059 -0.038217,
        -0.846457 -0.257059 -0.038217,
        -0.728346 -0.257874 -0.038843,
        -0.846457 -0.257874 -0.038843,
        -0.728346 -0.258824 -0.039236,
        -0.846457 -0.258824 -0.039236,
        -0.728346 -0.259843 -0.039370,
        -0.846457 -0.259843 -0.039370,
        -0.728346 -0.866142 -0.039370,
        -0.846457 -0.866142 -0.039370,
        -0.814809 -0.984252 -0.071018,
        -0.814809 -0.984252 -0.125833,
        -0.759994 -0.984252 -0.071018,
        -0.759994 -0.984252 -0.125833,
        -0.846457 -0.866142 -0.157480,
        -0.846457 -0.259843 -0.157480,
        -0.728346 -0.866142 -0.157480,
        -0.728346 -0.259843 -0.157480,
        -0.846457 -0.228254 -0.153322,
        -0.728346 -0.228254 -0.153322,
        -0.846457 -0.198819 -0.141129,
        -0.728346 -0.198819 -0.141129,
        -0.846457 -0.173542 -0.121733,
        -0.728346 -0.173542 -0.121733,
        -0.846457 -0.154146 -0.096457,
        -0.728346 -0.154146 -0.096457,
        -0.846457 -0.141954 -0.067021,
        -0.728346 -0.141954 -0.067021,
        -0.846457 -0.137795 -0.035433,
        -0.728346 -0.137795 -0.035433,
        -0.728346 -0.137795 1.062992,
        -0.846457 -0.137795 1.062992,
        -0.814809 -0.169443 1.181102,
        -0.814809 -0.224258 1.181102,
        -0.759994 -0.169443 1.181102,
        -0.759994 -0.224258 1.181102,
        -0.846457 -0.255906 1.062992,
        -0.728346 -0.255906 1.062992,
        -1.122047 -0.255906 -0.035433,
        -1.240157 -0.255906 -0.035433,
        -1.122047 -0.256040 -0.036452,
        -1.240157 -0.256040 -0.036452,
        -1.122047 -0.256433 -0.037402,
        -1.240157 -0.256433 -0.037402,
        -1.122047 -0.257059 -0.038217,
        -1.240157 -0.257059 -0.038217,
        -1.122047 -0.257874 -0.038843,
        -1.240157 -0.257874 -0.038843,
        -1.122047 -0.258824 -0.039236,
        -1.240157 -0.258824 -0.039236,
        -1.122047 -0.259843 -0.039370,
        -1.240157 -0.259843 -0.039370,
        -1.122047 -0.866142 -0.039370,
        -1.240157 -0.866142 -0.039370,
        -1.208510 -0.984252 -0.071018,
        -1.208510 -0.984252 -0.125833,
        -1.153695 -0.984252 -0.071018,
        -1.153695 -0.984252 -0.125833,
        -1.240157 -0.866142 -0.157480,
        -1.240157 -0.259843 -0.157480,
        -1.122047 -0.866142 -0.157480,
        -1.122047 -0.259843 -0.157480,
        -1.240157 -0.228254 -0.153322,
        -1.122047 -0.228254 -0.153322,
        -1.240157 -0.198819 -0.141129,
        -1.122047 -0.198819 -0.141129,
        -1.240157 -0.173542 -0.121733,
        -1.122047 -0.173542 -0.121733,
        -1.240157 -0.154146 -0.096457,
        -1.122047 -0.154146 -0.096457,
        -1.240157 -0.141954 -0.067021,
        -1.122047 -0.141954 -0.067021,
        -1.240157 -0.137795 -0.035433,
        -1.122047 -0.137795 -0.035433,
        -1.122047 -0.137795 1.062992,
        -1.240157 -0.137795 1.062992,
        -1.208510 -0.169443 1.181102,
        -1.208510 -0.224258 1.181102,
        -1.153695 -0.169443 1.181102,
        -1.153695 -0.224258 1.181102,
        -1.240157 -0.255906 1.062992,
        -1.122047 -0.255906 1.062992,
        -1.515748 -0.255906 -0.035433,
        -1.633858 -0.255906 -0.035433,
        -1.515748 -0.256040 -0.036452,
        -1.633858 -0.256040 -0.036452,
        -1.515748 -0.256433 -0.037402,
        -1.633858 -0.256433 -0.037402,
        -1.515748 -0.257059 -0.038217,
        -1.633858 -0.257059 -0.038217,
        -1.515748 -0.257874 -0.038843,
        -1.633858 -0.257874 -0.038843,
        -1.515748 -0.258824 -0.039236,
        -1.633858 -0.258824 -0.039236,
        -1.515748 -0.259843 -0.039370,
        -1.633858 -0.259843 -0.039370,
        -1.515748 -0.866142 -0.039370,
        -1.633858 -0.866142 -0.039370,
        -1.602211 -0.984252 -0.071018,
        -1.602211 -0.984252 -0.125833,
        -1.547396 -0.984252 -0.071018,
        -1.547396 -0.984252 -0.125833,
        -1.633858 -0.866142 -0.157480,
        -1.633858 -0.259843 -0.157480,
        -1.515748 -0.866142 -0.157480,
        -1.515748 -0.259843 -0.157480,
        -1.633858 -0.228254 -0.153322,
        -1.515748 -0.228254 -0.153322,
        -1.633858 -0.198819 -0.141129,
        -1.515748 -0.198819 -0.141129,
        -1.633858 -0.173542 -0.121733,
        -1.515748 -0.173542 -0.121733,
        -1.633858 -0.154146 -0.096457,
        -1.515748 -0.154146 -0.096457,
        -1.633858 -0.141954 -0.067021,
        -1.515748 -0.141954 -0.067021,
        -1.633858 -0.137795 -0.035433,
        -1.515748 -0.137795 -0.035433,
        -1.515748 -0.137795 1.062992,
        -1.633858 -0.137795 1.062992,
        -1.602211 -0.169443 1.181102,
        -1.602211 -0.224258 1.181102,
        -1.547396 -0.169443 1.181102,
        -1.547396 -0.224258 1.181102,
        -1.633858 -0.255906 1.062992,
        -1.515748 -0.255906 1.062992,
        -1.909449 -0.255906 -0.035433,
        -2.027559 -0.255906 -0.035433,
        -1.909449 -0.256040 -0.036452,
        -2.027559 -0.256040 -0.036452,
        -1.909449 -0.256433 -0.037402,
        -2.027559 -0.256433 -0.037402,
        -1.909449 -0.257059 -0.038217,
        -2.027559 -0.257059 -0.038217,
        -1.909449 -0.257874 -0.038843,
        -2.027559 -0.257874 -0.038843,
        -1.909449 -0.258824 -0.039236,
        -2.027559 -0.258824 -0.039236,
        -1.909449 -0.259843 -0.039370,
        -2.027559 -0.259843 -0.039370,
        -1.909449 -0.866142 -0.039370,
        -2.027559 -0.866142 -0.039370,
        -1.995911 -0.984252 -0.071018,
        -1.995911 -0.984252 -0.125833,
        -1.941096 -0.984252 -0.071018,
        -1.941096 -0.984252 -0.125833,
        -2.027559 -0.866142 -0.157480,
        -2.027559 -0.259843 -0.157480,
        -1.909449 -0.866142 -0.157480,
        -1.909449 -0.259843 -0.157480,
        -2.027559 -0.228254 -0.153322,
        -1.909449 -0.228254 -0.153322,
        -2.027559 -0.198819 -0.141129,
        -1.909449 -0.198819 -0.141129,
        -2.027559 -0.173542 -0.121733,
        -1.909449 -0.173542 -0.121733,
        -2.027559 -0.154146 -0.096457,
        -1.909449 -0.154146 -0.096457,
        -2.027559 -0.141954 -0.067021,
        -1.909449 -0.141954 -0.067021,
        -2.027559 -0.137795 -0.035433,
        -1.909449 -0.137795 -0.035433,
        -1.909449 -0.137795 1.062992,
        -2.027559 -0.137795 1.062992,
        -1.995911 -0.169443 1.181102,
        -1.995911 -0.224258 1.181102,
        -1.941096 -0.169443 1.181102,
        -1.941096 -0.224258 1.181102,
        -2.027559 -0.255906 1.062992,
        -1.909449 -0.255906 1.062992,
        -2.303150 -0.255906 -0.035433,
        -2.421260 -0.255906 -0.035433,
        -2.303150 -0.256040 -0.036452,
        -2.421260 -0.256040 -0.036452,
        -2.303150 -0.256433 -0.037402,
        -2.421260 -0.256433 -0.037402,
        -2.303150 -0.257059 -0.038217,
        -2.421260 -0.257059 -0.038217,
        -2.303150 -0.257874 -0.038843,
        -2.421260 -0.257874 -0.038843,
        -2.303150 -0.258824 -0.039236,
        -2.421260 -0.258824 -0.039236,
        -2.303150 -0.259843 -0.039370,
        -2.421260 -0.259843 -0.039370,
        -2.303150 -0.866142 -0.039370,
        -2.421260 -0.866142 -0.039370,
        -2.389612 -0.984252 -0.071018,
        -2.389612 -0.984252 -0.125833,
        -2.334797 -0.984252 -0.071018,
        -2.334797 -0.984252 -0.125833,
        -2.421260 -0.866142 -0.157480,
        -2.421260 -0.259843 -0.157480,
        -2.303150 -0.866142 -0.157480,
        -2.303150 -0.259843 -0.157480,
        -2.421260 -0.228254 -0.153322,
        -2.303150 -0.228254 -0.153322,
        -2.421260 -0.198819 -0.141129,
        -2.303150 -0.198819 -0.141129,
        -2.421260 -0.173542 -0.121733,
        -2.303150 -0.173542 -0.121733,
        -2.421260 -0.154146 -0.096457,
        -2.303150 -0.154146 -0.096457,
        -2.421260 -0.141954 -0.067021,
        -2.303150 -0.141954 -0.067021,
        -2.421260 -0.137795 -0.035433,
        -2.303150 -0.137795 -0.035433,
        -2.303150 -0.137795 1.062992,
        -2.421260 -0.137795 1.062992,
        -2.389612 -0.169443 1.181102,
        -2.389612 -0.224258 1.181102,
        -2.334797 -0.169443 1.181102,
        -2.334797 -0.224258 1.181102,
        -2.421260 -0.255906 1.062992,
        -2.303150 -0.255906 1.062992,
        -2.696850 -0.255906 -0.035433,
        -2.814961 -0.255906 -0.035433,
        -2.696850 -0.256040 -0.036452,
        -2.814961 -0.256040 -0.036452,
        -2.696850 -0.256433 -0.037402,
        -2.814961 -0.256433 -0.037402,
        -2.696850 -0.257059 -0.038217,
        -2.814961 -0.257059 -0.038217,
        -2.696850 -0.257874 -0.038843,
        -2.814961 -0.257874 -0.038843,
        -2.696850 -0.258824 -0.039236,
        -2.814961 -0.258824 -0.039236,
        -2.696850 -0.259843 -0.039370,
        -2.814961 -0.259843 -0.039370,
        -2.696850 -0.866142 -0.039370,
        -2.814961 -0.866142 -0.039370,
        -2.783313 -0.984252 -0.071018,
        -2.783313 -0.984252 -0.125833,
        -2.728498 -0.984252 -0.071018,
        -2.728498 -0.984252 -0.125833,
        -2.814961 -0.866142 -0.157480,
        -2.814961 -0.259843 -0.157480,
        -2.696850 -0.866142 -0.157480,
        -2.696850 -0.259843 -0.157480,
        -2.814961 -0.228254 -0.153322,
        -2.696850 -0.228254 -0.153322,
        -2.814961 -0.198819 -0.141129,
        -2.696850 -0.198819 -0.141129,
        -2.814961 -0.173542 -0.121733,
        -2.696850 -0.173542 -0.121733,
        -2.814961 -0.154146 -0.096457,
        -2.696850 -0.154146 -0.096457,
        -2.814961 -0.141954 -0.067021,
        -2.696850 -0.141954 -0.067021,
        -2.814961 -0.137795 -0.035433,
        -2.696850 -0.137795 -0.035433,
        -2.696850 -0.137795 1.062992,
        -2.814961 -0.137795 1.062992,
        -2.783313 -0.169443 1.181102,
        -2.783313 -0.224258 1.181102,
        -2.728498 -0.169443 1.181102,
        -2.728498 -0.224258 1.181102,
        -2.814961 -0.255906 1.062992,
        -2.696850 -0.255906 1.062992,
        -3.090551 -0.255906 -0.035433,
        -3.208662 -0.255906 -0.035433,
        -3.090551 -0.256040 -0.036452,
        -3.208662 -0.256040 -0.036452,
        -3.090551 -0.256433 -0.037402,
        -3.208662 -0.256433 -0.037402,
        -3.090551 -0.257059 -0.038217,
        -3.208662 -0.257059 -0.038217,
        -3.090551 -0.257874 -0.038843,
        -3.208662 -0.257874 -0.038843,
        -3.090551 -0.258824 -0.039236,
        -3.208662 -0.258824 -0.039236,
        -3.090551 -0.259843 -0.039370,
        -3.208662 -0.259843 -0.039370,
        -3.090551 -0.866142 -0.039370,
        -3.208662 -0.866142 -0.039370,
        -3.177013 -0.984252 -0.071018,
        -3.177013 -0.984252 -0.125833,
        -3.122199 -0.984252 -0.071018,
        -3.122199 -0.984252 -0.125833,
        -3.208662 -0.866142 -0.157480,
        -3.208662 -0.259843 -0.157480,
        -3.090551 -0.866142 -0.157480,
        -3.090551 -0.259843 -0.157480,
        -3.208662 -0.228254 -0.153322,
        -3.090551 -0.228254 -0.153322,
        -3.208662 -0.198819 -0.141129,
        -3.090551 -0.198819 -0.141129,
        -3.208662 -0.173542 -0.121733,
        -3.090551 -0.173542 -0.121733,
        -3.208662 -0.154146 -0.096457,
        -3.090551 -0.154146 -0.096457,
        -3.208662 -0.141954 -0.067021,
        -3.090551 -0.141954 -0.067021,
        -3.208662 -0.137795 -0.035433,
        -3.090551 -0.137795 -0.035433,
        -3.090551 -0.137795 1.062992,
        -3.208662 -0.137795 1.062992,
        -3.177013 -0.169443 1.181102,
        -3.177013 -0.224258 1.181102,
        -3.122199 -0.169443 1.181102,
        -3.122199 -0.224258 1.181102,
        -3.208662 -0.255906 1.062992,
        -3.090551 -0.255906 1.062992,
        -3.484252 -0.255906 -0.035433,
        -3.602363 -0.255906 -0.035433,
        -3.484252 -0.256040 -0.036452,
        -3.602363 -0.256040 -0.036452,
        -3.484252 -0.256433 -0.037402,
        -3.602363 -0.256433 -0.037402,
        -3.484252 -0.257059 -0.038217,
        -3.602363 -0.257059 -0.038217,
        -3.484252 -0.257874 -0.038843,
        -3.602363 -0.257874 -0.038843,
        -3.484252 -0.258824 -0.039236,
        -3.602363 -0.258824 -0.039236,
        -3.484252 -0.259843 -0.039370,
        -3.602363 -0.259843 -0.039370,
        -3.484252 -0.866142 -0.039370,
        -3.602363 -0.866142 -0.039370,
        -3.570715 -0.984252 -0.071018,
        -3.570715 -0.984252 -0.125833,
        -3.515900 -0.984252 -0.071018,
        -3.515900 -0.984252 -0.125833,
        -3.602363 -0.866142 -0.157480,
        -3.602363 -0.259843 -0.157480,
        -3.484252 -0.866142 -0.157480,
        -3.484252 -0.259843 -0.157480,
        -3.602363 -0.228254 -0.153322,
        -3.484252 -0.228254 -0.153322,
        -3.602363 -0.198819 -0.141129,
        -3.484252 -0.198819 -0.141129,
        -3.602363 -0.173542 -0.121733,
        -3.484252 -0.173542 -0.121733,
        -3.602363 -0.154146 -0.096457,
        -3.484252 -0.154146 -0.096457,
        -3.602363 -0.141954 -0.067021,
        -3.484252 -0.141954 -0.067021,
        -3.602363 -0.137795 -0.035433,
        -3.484252 -0.137795 -0.035433,
        -3.484252 -0.137795 1.062992,
        -3.602363 -0.137795 1.062992,
        -3.570715 -0.169443 1.181102,
        -3.570715 -0.224258 1.181102,
        -3.515900 -0.169443 1.181102,
        -3.515900 -0.224258 1.181102,
        -3.602363 -0.255906 1.062992,
        -3.484252 -0.255906 1.062992,
        -3.877953 -0.255906 -0.035433,
        -3.996063 -0.255906 -0.035433,
        -3.877953 -0.256040 -0.036452,
        -3.996063 -0.256040 -0.036452,
        -3.877953 -0.256433 -0.037402,
        -3.996063 -0.256433 -0.037402,
        -3.877953 -0.257059 -0.038217,
        -3.996063 -0.257059 -0.038217,
        -3.877953 -0.257874 -0.038843,
        -3.996063 -0.257874 -0.038843,
        -3.877953 -0.258824 -0.039236,
        -3.996063 -0.258824 -0.039236,
        -3.877953 -0.259843 -0.039370,
        -3.996063 -0.259843 -0.039370,
        -3.877953 -0.866142 -0.039370,
        -3.996063 -0.866142 -0.039370,
        -3.964415 -0.984252 -0.071018,
        -3.964415 -0.984252 -0.125833,
        -3.909600 -0.984252 -0.071018,
        -3.909600 -0.984252 -0.125833,
        -3.996063 -0.866142 -0.157480,
        -3.996063 -0.259843 -0.157480,
        -3.877953 -0.866142 -0.157480,
        -3.877953 -0.259843 -0.157480,
        -3.996063 -0.228254 -0.153322,
        -3.877953 -0.228254 -0.153322,
        -3.996063 -0.198819 -0.141129,
        -3.877953 -0.198819 -0.141129,
        -3.996063 -0.173542 -0.121733,
        -3.877953 -0.173542 -0.121733,
        -3.996063 -0.154146 -0.096457,
        -3.877953 -0.154146 -0.096457,
        -3.996063 -0.141954 -0.067021,
        -3.877953 -0.141954 -0.067021,
        -3.996063 -0.137795 -0.035433,
        -3.877953 -0.137795 -0.035433,
        -3.877953 -0.137795 1.062992,
        -3.996063 -0.137795 1.062992,
        -3.964415 -0.169443 1.181102,
        -3.964415 -0.224258 1.181102,
        -3.909600 -0.169443 1.181102,
        -3.909600 -0.224258 1.181102,
        -3.996063 -0.255906 1.062992,
        -3.877953 -0.255906 1.062992,
        -4.271654 -0.255906 -0.035433,
        -4.389764 -0.255906 -0.035433,
        -4.271654 -0.256040 -0.036452,
        -4.389764 -0.256040 -0.036452,
        -4.271654 -0.256433 -0.037402,
        -4.389764 -0.256433 -0.037402,
        -4.271654 -0.257059 -0.038217,
        -4.389764 -0.257059 -0.038217,
        -4.271654 -0.257874 -0.038843,
        -4.389764 -0.257874 -0.038843,
        -4.271654 -0.258824 -0.039236,
        -4.389764 -0.258824 -0.039236,
        -4.271654 -0.259843 -0.039370,
        -4.389764 -0.259843 -0.039370,
        -4.271654 -0.866142 -0.039370,
        -4.389764 -0.866142 -0.039370,
        -4.358116 -0.984252 -0.071018,
        -4.358116 -0.984252 -0.125833,
        -4.303301 -0.984252 -0.071018,
        -4.303301 -0.984252 -0.125833,
        -4.389764 -0.866142 -0.157480,
        -4.389764 -0.259843 -0.157480,
        -4.271654 -0.866142 -0.157480,
        -4.271654 -0.259843 -0.157480,
        -4.389764 -0.228254 -0.153322,
        -4.271654 -0.228254 -0.153322,
        -4.389764 -0.198819 -0.141129,
        -4.271654 -0.198819 -0.141129,
        -4.389764 -0.173542 -0.121733,
        -4.271654 -0.173542 -0.121733,
        -4.389764 -0.154146 -0.096457,
        -4.271654 -0.154146 -0.096457,
        -4.389764 -0.141954 -0.067021,
        -4.271654 -0.141954 -0.067021,
        -4.389764 -0.137795 -0.035433,
        -4.271654 -0.137795 -0.035433,
        -4.271654 -0.137795 1.062992,
        -4.389764 -0.137795 1.062992,
        -4.358116 -0.169443 1.181102,
        -4.358116 -0.224258 1.181102,
        -4.303301 -0.169443 1.181102,
        -4.303301 -0.224258 1.181102,
        -4.389764 -0.255906 1.062992,
        -4.271654 -0.255906 1.062992,
        -4.665354 -0.255906 -0.035433,
        -4.783465 -0.255906 -0.035433,
        -4.665354 -0.256040 -0.036452,
        -4.783465 -0.256040 -0.036452,
        -4.665354 -0.256433 -0.037402,
        -4.783465 -0.256433 -0.037402,
        -4.665354 -0.257059 -0.038217,
        -4.783465 -0.257059 -0.038217,
        -4.665354 -0.257874 -0.038843,
        -4.783465 -0.257874 -0.038843,
        -4.665354 -0.258824 -0.039236,
        -4.783465 -0.258824 -0.039236,
        -4.665354 -0.259843 -0.039370,
        -4.783465 -0.259843 -0.039370,
        -4.665354 -0.866142 -0.039370,
        -4.783465 -0.866142 -0.039370,
        -4.751817 -0.984252 -0.071018,
        -4.751817 -0.984252 -0.125833,
        -4.697002 -0.984252 -0.071018,
        -4.697002 -0.984252 -0.125833,
        -4.783465 -0.866142 -0.157480,
        -4.783465 -0.259843 -0.157480,
        -4.665354 -0.866142 -0.157480,
        -4.665354 -0.259843 -0.157480,
        -4.783465 -0.228254 -0.153322,
        -4.665354 -0.228254 -0.153322,
        -4.783465 -0.198819 -0.141129,
        -4.665354 -0.198819 -0.141129,
        -4.783465 -0.173542 -0.121733,
        -4.665354 -0.173542 -0.121733,
        -4.783465 -0.154146 -0.096457,
        -4.665354 -0.154146 -0.096457,
        -4.783465 -0.141954 -0.067021,
        -4.665354 -0.141954 -0.067021,
        -4.783465 -0.137795 -0.035433,
        -4.665354 -0.137795 -0.035433,
        -4.665354 -0.137795 1.062992,
        -4.783465 -0.137795 1.062992,
        -4.751817 -0.169443 1.181102,
        -4.751817 -0.224258 1.181102,
        -4.697002 -0.169443 1.181102,
        -4.697002 -0.224258 1.181102,
        -4.783465 -0.255906 1.062992,
        -4.665354 -0.255906 1.062992,
        -5.059055 -0.255906 -0.035433,
        -5.177165 -0.255906 -0.035433,
        -5.059055 -0.256040 -0.036452,
        -5.177165 -0.256040 -0.036452,
        -5.059055 -0.256433 -0.037402,
        -5.177165 -0.256433 -0.037402,
        -5.059055 -0.257059 -0.038217,
        -5.177165 -0.257059 -0.038217,
        -5.059055 -0.257874 -0.038843,
        -5.177165 -0.257874 -0.038843,
        -5.059055 -0.258824 -0.039236,
        -5.177165 -0.258824 -0.039236,
        -5.059055 -0.259843 -0.039370,
        -5.177165 -0.259843 -0.039370,
        -5.059055 -0.866142 -0.039370,
        -5.177165 -0.866142 -0.039370,
        -5.145518 -0.984252 -0.071018,
        -5.145518 -0.984252 -0.125833,
        -5.090703 -0.984252 -0.071018,
        -5.090703 -0.984252 -0.125833,
        -5.177165 -0.866142 -0.157480,
        -5.177165 -0.259843 -0.157480,
        -5.059055 -0.866142 -0.157480,
        -5.059055 -0.259843 -0.157480,
        -5.177165 -0.228254 -0.153322,
        -5.059055 -0.228254 -0.153322,
        -5.177165 -0.198819 -0.141129,
        -5.059055 -0.198819 -0.141129,
        -5.177165 -0.173542 -0.121733,
        -5.059055 -0.173542 -0.121733,
        -5.177165 -0.154146 -0.096457,
        -5.059055 -0.154146 -0.096457,
        -5.177165 -0.141954 -0.067021,
        -5.059055 -0.141954 -0.067021,
        -5.177165 -0.137795 -0.035433,
        -5.059055 -0.137795 -0.035433,
        -5.059055 -0.137795 1.062992,
        -5.177165 -0.137795 1.062992,
        -5.145518 -0.169443 1.181102,
        -5.145518 -0.224258 1.181102,
        -5.090703 -0.169443 1.181102,
        -5.090703 -0.224258 1.181102,
        -5.177165 -0.255906 1.062992,
        -5.059055 -0.255906 1.062992,
        0.452756 -0.255906 -0.035433,
        0.334646 -0.255906 -0.035433,
        0.452756 -0.256040 -0.036452,
        0.334646 -0.256040 -0.036452,
        0.452756 -0.256433 -0.037402,
        0.334646 -0.256433 -0.037402,
        0.452756 -0.257059 -0.038217,
        0.334646 -0.257059 -0.038217,
        0.452756 -0.257874 -0.038843,
        0.334646 -0.257874 -0.038843,
        0.452756 -0.258824 -0.039236,
        0.334646 -0.258824 -0.039236,
        0.452756 -0.259843 -0.039370,
        0.334646 -0.259843 -0.039370,
        0.452756 -0.866142 -0.039370,
        0.334646 -0.866142 -0.039370,
        0.366293 -0.984252 -0.071018,
        0.366293 -0.984252 -0.125833,
        0.421108 -0.984252 -0.071018,
        0.421108 -0.984252 -0.125833,
        0.334646 -0.866142 -0.157480,
        0.334646 -0.259843 -0.157480,
        0.452756 -0.866142 -0.157480,
        0.452756 -0.259843 -0.157480,
        0.334646 -0.228254 -0.153322,
        0.452756 -0.228254 -0.153322,
        0.334646 -0.198819 -0.141129,
        0.452756 -0.198819 -0.141129,
        0.334646 -0.173542 -0.121733,
        0.452756 -0.173542 -0.121733,
        0.334646 -0.154146 -0.096457,
        0.452756 -0.154146 -0.096457,
        0.334646 -0.141954 -0.067021,
        0.452756 -0.141954 -0.067021,
        0.334646 -0.137795 -0.035433,
        0.452756 -0.137795 -0.035433,
        0.452756 -0.137795 1.062992,
        0.334646 -0.137795 1.062992,
        0.366293 -0.169443 1.181102,
        0.366293 -0.224258 1.181102,
        0.421108 -0.169443 1.181102,
        0.421108 -0.224258 1.181102,
        0.334646 -0.255906 1.062992,
        0.452756 -0.255906 1.062992,
        0.846457 -0.255906 -0.035433,
        0.728346 -0.255906 -0.035433,
        0.846457 -0.256040 -0.036452,
        0.728346 -0.256040 -0.036452,
        0.846457 -0.256433 -0.037402,
        0.728346 -0.256433 -0.037402,
        0.846457 -0.257059 -0.038217,
        0.728346 -0.257059 -0.038217,
        0.846457 -0.257874 -0.038843,
        0.728346 -0.257874 -0.038843,
        0.846457 -0.258824 -0.039236,
        0.728346 -0.258824 -0.039236,
        0.846457 -0.259843 -0.039370,
        0.728346 -0.259843 -0.039370,
        0.846457 -0.866142 -0.039370,
        0.728346 -0.866142 -0.039370,
        0.759994 -0.984252 -0.071018,
        0.759994 -0.984252 -0.125833,
        0.814809 -0.984252 -0.071018,
        0.814809 -0.984252 -0.125833,
        0.728346 -0.866142 -0.157480,
        0.728346 -0.259843 -0.157480,
        0.846457 -0.866142 -0.157480,
        0.846457 -0.259843 -0.157480,
        0.728346 -0.228254 -0.153322,
        0.846457 -0.228254 -0.153322,
        0.728346 -0.198819 -0.141129,
        0.846457 -0.198819 -0.141129,
        0.728346 -0.173542 -0.121733,
        0.846457 -0.173542 -0.121733,
        0.728346 -0.154146 -0.096457,
        0.846457 -0.154146 -0.096457,
        0.728346 -0.141954 -0.067021,
        0.846457 -0.141954 -0.067021,
        0.728346 -0.137795 -0.035433,
        0.846457 -0.137795 -0.035433,
        0.846457 -0.137795 1.062992,
        0.728346 -0.137795 1.062992,
        0.759994 -0.169443 1.181102,
        0.759994 -0.224258 1.181102,
        0.814809 -0.169443 1.181102,
        0.814809 -0.224258 1.181102,
        0.728346 -0.255906 1.062992,
        0.846457 -0.255906 1.062992,
      ]
    }
    coordIndex [
      256, 257, 258, -1,
      258, 257, 259, -1,
      258, 259, 260, -1,
      260, 259, 261, -1,
      260, 261, 262, -1,
      262, 261, 263, -1,
      262, 263, 264, -1,
      264, 263, 265, -1,
      264, 265, 266, -1,
      266, 265, 267, -1,
      266, 267, 268, -1,
      268, 267, 269, -1,
      270, 268, 271, -1,
      271, 268, 269, -1,
      272, 273, 274, -1,
      274, 273, 275, -1,
      276, 277, 278, -1,
      278, 277, 279, -1,
      279, 277, 280, -1,
      279, 280, 281, -1,
      281, 280, 282, -1,
      281, 282, 283, -1,
      283, 282, 284, -1,
      283, 284, 285, -1,
      285, 284, 286, -1,
      285, 286, 287, -1,
      287, 286, 288, -1,
      287, 288, 289, -1,
      289, 288, 290, -1,
      289, 290, 291, -1,
      204, 207, 257, -1,
      257, 207, 290, -1,
      257, 290, 259, -1,
      259, 290, 288, -1,
      259, 288, 261, -1,
      261, 288, 286, -1,
      261, 286, 263, -1,
      263, 286, 284, -1,
      263, 284, 265, -1,
      265, 284, 282, -1,
      265, 282, 267, -1,
      267, 282, 280, -1,
      267, 280, 269, -1,
      269, 280, 277, -1,
      269, 277, 271, -1,
      271, 277, 276, -1,
      270, 278, 268, -1,
      268, 278, 279, -1,
      268, 279, 266, -1,
      266, 279, 281, -1,
      266, 281, 264, -1,
      264, 281, 283, -1,
      264, 283, 262, -1,
      262, 283, 285, -1,
      262, 285, 260, -1,
      260, 285, 287, -1,
      260, 287, 258, -1,
      258, 287, 289, -1,
      258, 289, 256, -1,
      256, 289, 291, -1,
      256, 291, 205, -1,
      205, 291, 206, -1,
      204, 257, 205, -1,
      205, 257, 256, -1,
      291, 290, 206, -1,
      206, 290, 207, -1,
      292, 62, 293, -1,
      293, 62, 63, -1,
      294, 295, 296, -1,
      296, 295, 297, -1,
      298, 61, 299, -1,
      299, 61, 60, -1,
      299, 60, 292, -1,
      292, 60, 62, -1,
      293, 63, 298, -1,
      298, 63, 61, -1,
      278, 275, 276, -1,
      276, 275, 273, -1,
      270, 274, 278, -1,
      278, 274, 275, -1,
      272, 271, 273, -1,
      273, 271, 276, -1,
      271, 272, 270, -1,
      270, 272, 274, -1,
      299, 297, 298, -1,
      298, 297, 295, -1,
      292, 296, 299, -1,
      299, 296, 297, -1,
      294, 293, 295, -1,
      295, 293, 298, -1,
      293, 294, 292, -1,
      292, 294, 296, -1,
      300, 301, 302, -1,
      300, 302, 303, -1,
      303, 302, 304, -1,
      303, 304, 305, -1,
      305, 304, 306, -1,
      305, 306, 307, -1,
      307, 306, 308, -1,
      307, 308, 309, -1,
      309, 308, 310, -1,
      309, 310, 311, -1,
      311, 310, 312, -1,
      311, 312, 313, -1,
      314, 313, 315, -1,
      315, 313, 312, -1,
      316, 317, 318, -1,
      318, 317, 319, -1,
      320, 321, 322, -1,
      322, 321, 323, -1,
      323, 321, 324, -1,
      324, 321, 325, -1,
      324, 325, 326, -1,
      326, 325, 327, -1,
      326, 327, 328, -1,
      328, 327, 329, -1,
      328, 329, 330, -1,
      330, 329, 331, -1,
      330, 331, 332, -1,
      332, 331, 333, -1,
      332, 333, 334, -1,
      334, 333, 335, -1,
      320, 315, 321, -1,
      321, 315, 312, -1,
      321, 312, 325, -1,
      325, 312, 310, -1,
      325, 310, 327, -1,
      327, 310, 308, -1,
      327, 308, 329, -1,
      329, 308, 306, -1,
      329, 306, 331, -1,
      331, 306, 304, -1,
      331, 304, 333, -1,
      333, 304, 302, -1,
      333, 302, 335, -1,
      335, 302, 301, -1,
      335, 301, 225, -1,
      225, 301, 227, -1,
      224, 226, 334, -1,
      334, 226, 300, -1,
      334, 300, 332, -1,
      332, 300, 303, -1,
      332, 303, 330, -1,
      330, 303, 305, -1,
      330, 305, 328, -1,
      328, 305, 307, -1,
      328, 307, 326, -1,
      326, 307, 309, -1,
      326, 309, 324, -1,
      324, 309, 311, -1,
      324, 311, 323, -1,
      323, 311, 313, -1,
      323, 313, 322, -1,
      322, 313, 314, -1,
      227, 301, 226, -1,
      226, 301, 300, -1,
      334, 335, 224, -1,
      224, 335, 225, -1,
      336, 17, 337, -1,
      337, 17, 16, -1,
      338, 339, 340, -1,
      340, 339, 341, -1,
      342, 46, 343, -1,
      343, 46, 47, -1,
      343, 47, 336, -1,
      336, 47, 17, -1,
      337, 16, 342, -1,
      342, 16, 46, -1,
      322, 319, 320, -1,
      320, 319, 317, -1,
      314, 318, 322, -1,
      322, 318, 319, -1,
      316, 315, 317, -1,
      317, 315, 320, -1,
      315, 316, 314, -1,
      314, 316, 318, -1,
      343, 341, 342, -1,
      342, 341, 339, -1,
      336, 340, 343, -1,
      343, 340, 341, -1,
      338, 337, 339, -1,
      339, 337, 342, -1,
      337, 338, 336, -1,
      336, 338, 340, -1,
      344, 345, 346, -1,
      344, 346, 347, -1,
      347, 346, 348, -1,
      347, 348, 349, -1,
      349, 348, 350, -1,
      349, 350, 351, -1,
      351, 350, 352, -1,
      351, 352, 353, -1,
      353, 352, 354, -1,
      353, 354, 355, -1,
      355, 354, 356, -1,
      355, 356, 357, -1,
      358, 357, 359, -1,
      359, 357, 356, -1,
      360, 361, 362, -1,
      362, 361, 363, -1,
      364, 365, 366, -1,
      366, 365, 367, -1,
      367, 365, 368, -1,
      368, 365, 369, -1,
      368, 369, 370, -1,
      370, 369, 371, -1,
      370, 371, 372, -1,
      372, 371, 373, -1,
      372, 373, 374, -1,
      374, 373, 375, -1,
      374, 375, 376, -1,
      376, 375, 377, -1,
      376, 377, 378, -1,
      378, 377, 379, -1,
      364, 359, 365, -1,
      365, 359, 356, -1,
      365, 356, 369, -1,
      369, 356, 354, -1,
      369, 354, 371, -1,
      371, 354, 352, -1,
      371, 352, 373, -1,
      373, 352, 350, -1,
      373, 350, 375, -1,
      375, 350, 348, -1,
      375, 348, 377, -1,
      377, 348, 346, -1,
      377, 346, 379, -1,
      379, 346, 345, -1,
      379, 345, 229, -1,
      229, 345, 231, -1,
      228, 230, 378, -1,
      378, 230, 344, -1,
      378, 344, 376, -1,
      376, 344, 347, -1,
      376, 347, 374, -1,
      374, 347, 349, -1,
      374, 349, 372, -1,
      372, 349, 351, -1,
      372, 351, 370, -1,
      370, 351, 353, -1,
      370, 353, 368, -1,
      368, 353, 355, -1,
      368, 355, 367, -1,
      367, 355, 357, -1,
      367, 357, 366, -1,
      366, 357, 358, -1,
      231, 345, 230, -1,
      230, 345, 344, -1,
      378, 379, 228, -1,
      228, 379, 229, -1,
      380, 19, 381, -1,
      381, 19, 18, -1,
      382, 383, 384, -1,
      384, 383, 385, -1,
      386, 44, 387, -1,
      387, 44, 45, -1,
      387, 45, 380, -1,
      380, 45, 19, -1,
      381, 18, 386, -1,
      386, 18, 44, -1,
      366, 363, 364, -1,
      364, 363, 361, -1,
      358, 362, 366, -1,
      366, 362, 363, -1,
      360, 359, 361, -1,
      361, 359, 364, -1,
      359, 360, 358, -1,
      358, 360, 362, -1,
      387, 385, 386, -1,
      386, 385, 383, -1,
      380, 384, 387, -1,
      387, 384, 385, -1,
      382, 381, 383, -1,
      383, 381, 386, -1,
      381, 382, 380, -1,
      380, 382, 384, -1,
      388, 389, 390, -1,
      388, 390, 391, -1,
      391, 390, 392, -1,
      391, 392, 393, -1,
      393, 392, 394, -1,
      393, 394, 395, -1,
      395, 394, 396, -1,
      395, 396, 397, -1,
      397, 396, 398, -1,
      397, 398, 399, -1,
      399, 398, 400, -1,
      399, 400, 401, -1,
      402, 401, 403, -1,
      403, 401, 400, -1,
      404, 405, 406, -1,
      406, 405, 407, -1,
      408, 409, 410, -1,
      410, 409, 411, -1,
      411, 409, 412, -1,
      412, 409, 413, -1,
      412, 413, 414, -1,
      414, 413, 415, -1,
      414, 415, 416, -1,
      416, 415, 417, -1,
      416, 417, 418, -1,
      418, 417, 419, -1,
      418, 419, 420, -1,
      420, 419, 421, -1,
      420, 421, 422, -1,
      422, 421, 423, -1,
      408, 403, 409, -1,
      409, 403, 400, -1,
      409, 400, 413, -1,
      413, 400, 398, -1,
      413, 398, 415, -1,
      415, 398, 396, -1,
      415, 396, 417, -1,
      417, 396, 394, -1,
      417, 394, 419, -1,
      419, 394, 392, -1,
      419, 392, 421, -1,
      421, 392, 390, -1,
      421, 390, 423, -1,
      423, 390, 389, -1,
      423, 389, 233, -1,
      233, 389, 235, -1,
      232, 234, 422, -1,
      422, 234, 388, -1,
      422, 388, 420, -1,
      420, 388, 391, -1,
      420, 391, 418, -1,
      418, 391, 393, -1,
      418, 393, 416, -1,
      416, 393, 395, -1,
      416, 395, 414, -1,
      414, 395, 397, -1,
      414, 397, 412, -1,
      412, 397, 399, -1,
      412, 399, 411, -1,
      411, 399, 401, -1,
      411, 401, 410, -1,
      410, 401, 402, -1,
      235, 389, 234, -1,
      234, 389, 388, -1,
      422, 423, 232, -1,
      232, 423, 233, -1,
      424, 21, 425, -1,
      425, 21, 20, -1,
      426, 427, 428, -1,
      428, 427, 429, -1,
      430, 42, 431, -1,
      431, 42, 43, -1,
      431, 43, 424, -1,
      424, 43, 21, -1,
      425, 20, 430, -1,
      430, 20, 42, -1,
      410, 407, 408, -1,
      408, 407, 405, -1,
      402, 406, 410, -1,
      410, 406, 407, -1,
      404, 403, 405, -1,
      405, 403, 408, -1,
      403, 404, 402, -1,
      402, 404, 406, -1,
      431, 429, 430, -1,
      430, 429, 427, -1,
      424, 428, 431, -1,
      431, 428, 429, -1,
      426, 425, 427, -1,
      427, 425, 430, -1,
      425, 426, 424, -1,
      424, 426, 428, -1,
      432, 433, 434, -1,
      432, 434, 435, -1,
      435, 434, 436, -1,
      435, 436, 437, -1,
      437, 436, 438, -1,
      437, 438, 439, -1,
      439, 438, 440, -1,
      439, 440, 441, -1,
      441, 440, 442, -1,
      441, 442, 443, -1,
      443, 442, 444, -1,
      443, 444, 445, -1,
      446, 445, 447, -1,
      447, 445, 444, -1,
      448, 449, 450, -1,
      450, 449, 451, -1,
      452, 453, 454, -1,
      454, 453, 455, -1,
      455, 453, 456, -1,
      456, 453, 457, -1,
      456, 457, 458, -1,
      458, 457, 459, -1,
      458, 459, 460, -1,
      460, 459, 461, -1,
      460, 461, 462, -1,
      462, 461, 463, -1,
      462, 463, 464, -1,
      464, 463, 465, -1,
      464, 465, 466, -1,
      466, 465, 467, -1,
      452, 447, 453, -1,
      453, 447, 444, -1,
      453, 444, 457, -1,
      457, 444, 442, -1,
      457, 442, 459, -1,
      459, 442, 440, -1,
      459, 440, 461, -1,
      461, 440, 438, -1,
      461, 438, 463, -1,
      463, 438, 436, -1,
      463, 436, 465, -1,
      465, 436, 434, -1,
      465, 434, 467, -1,
      467, 434, 433, -1,
      467, 433, 237, -1,
      237, 433, 239, -1,
      236, 238, 466, -1,
      466, 238, 432, -1,
      466, 432, 464, -1,
      464, 432, 435, -1,
      464, 435, 462, -1,
      462, 435, 437, -1,
      462, 437, 460, -1,
      460, 437, 439, -1,
      460, 439, 458, -1,
      458, 439, 441, -1,
      458, 441, 456, -1,
      456, 441, 443, -1,
      456, 443, 455, -1,
      455, 443, 445, -1,
      455, 445, 454, -1,
      454, 445, 446, -1,
      239, 433, 238, -1,
      238, 433, 432, -1,
      466, 467, 236, -1,
      236, 467, 237, -1,
      468, 23, 469, -1,
      469, 23, 22, -1,
      470, 471, 472, -1,
      472, 471, 473, -1,
      474, 40, 475, -1,
      475, 40, 41, -1,
      475, 41, 468, -1,
      468, 41, 23, -1,
      469, 22, 474, -1,
      474, 22, 40, -1,
      454, 451, 452, -1,
      452, 451, 449, -1,
      446, 450, 454, -1,
      454, 450, 451, -1,
      448, 447, 449, -1,
      449, 447, 452, -1,
      447, 448, 446, -1,
      446, 448, 450, -1,
      475, 473, 474, -1,
      474, 473, 471, -1,
      468, 472, 475, -1,
      475, 472, 473, -1,
      470, 469, 471, -1,
      471, 469, 474, -1,
      469, 470, 468, -1,
      468, 470, 472, -1,
      476, 477, 478, -1,
      476, 478, 479, -1,
      479, 478, 480, -1,
      479, 480, 481, -1,
      481, 480, 482, -1,
      481, 482, 483, -1,
      483, 482, 484, -1,
      483, 484, 485, -1,
      485, 484, 486, -1,
      485, 486, 487, -1,
      487, 486, 488, -1,
      487, 488, 489, -1,
      490, 489, 491, -1,
      491, 489, 488, -1,
      492, 493, 494, -1,
      494, 493, 495, -1,
      496, 497, 498, -1,
      498, 497, 499, -1,
      499, 497, 500, -1,
      500, 497, 501, -1,
      500, 501, 502, -1,
      502, 501, 503, -1,
      502, 503, 504, -1,
      504, 503, 505, -1,
      504, 505, 506, -1,
      506, 505, 507, -1,
      506, 507, 508, -1,
      508, 507, 509, -1,
      508, 509, 510, -1,
      510, 509, 511, -1,
      496, 491, 497, -1,
      497, 491, 488, -1,
      497, 488, 501, -1,
      501, 488, 486, -1,
      501, 486, 503, -1,
      503, 486, 484, -1,
      503, 484, 505, -1,
      505, 484, 482, -1,
      505, 482, 507, -1,
      507, 482, 480, -1,
      507, 480, 509, -1,
      509, 480, 478, -1,
      509, 478, 511, -1,
      511, 478, 477, -1,
      511, 477, 241, -1,
      241, 477, 243, -1,
      240, 242, 510, -1,
      510, 242, 476, -1,
      510, 476, 508, -1,
      508, 476, 479, -1,
      508, 479, 506, -1,
      506, 479, 481, -1,
      506, 481, 504, -1,
      504, 481, 483, -1,
      504, 483, 502, -1,
      502, 483, 485, -1,
      502, 485, 500, -1,
      500, 485, 487, -1,
      500, 487, 499, -1,
      499, 487, 489, -1,
      499, 489, 498, -1,
      498, 489, 490, -1,
      243, 477, 242, -1,
      242, 477, 476, -1,
      510, 511, 240, -1,
      240, 511, 241, -1,
      512, 25, 513, -1,
      513, 25, 24, -1,
      514, 515, 516, -1,
      516, 515, 517, -1,
      518, 38, 519, -1,
      519, 38, 39, -1,
      519, 39, 512, -1,
      512, 39, 25, -1,
      513, 24, 518, -1,
      518, 24, 38, -1,
      498, 495, 496, -1,
      496, 495, 493, -1,
      490, 494, 498, -1,
      498, 494, 495, -1,
      492, 491, 493, -1,
      493, 491, 496, -1,
      491, 492, 490, -1,
      490, 492, 494, -1,
      519, 517, 518, -1,
      518, 517, 515, -1,
      512, 516, 519, -1,
      519, 516, 517, -1,
      514, 513, 515, -1,
      515, 513, 518, -1,
      513, 514, 512, -1,
      512, 514, 516, -1,
      520, 521, 522, -1,
      520, 522, 523, -1,
      523, 522, 524, -1,
      523, 524, 525, -1,
      525, 524, 526, -1,
      525, 526, 527, -1,
      527, 526, 528, -1,
      527, 528, 529, -1,
      529, 528, 530, -1,
      529, 530, 531, -1,
      531, 530, 532, -1,
      531, 532, 533, -1,
      534, 533, 535, -1,
      535, 533, 532, -1,
      536, 537, 538, -1,
      538, 537, 539, -1,
      540, 541, 542, -1,
      542, 541, 543, -1,
      543, 541, 544, -1,
      544, 541, 545, -1,
      544, 545, 546, -1,
      546, 545, 547, -1,
      546, 547, 548, -1,
      548, 547, 549, -1,
      548, 549, 550, -1,
      550, 549, 551, -1,
      550, 551, 552, -1,
      552, 551, 553, -1,
      552, 553, 554, -1,
      554, 553, 555, -1,
      540, 535, 541, -1,
      541, 535, 532, -1,
      541, 532, 545, -1,
      545, 532, 530, -1,
      545, 530, 547, -1,
      547, 530, 528, -1,
      547, 528, 549, -1,
      549, 528, 526, -1,
      549, 526, 551, -1,
      551, 526, 524, -1,
      551, 524, 553, -1,
      553, 524, 522, -1,
      553, 522, 555, -1,
      555, 522, 521, -1,
      555, 521, 245, -1,
      245, 521, 247, -1,
      244, 246, 554, -1,
      554, 246, 520, -1,
      554, 520, 552, -1,
      552, 520, 523, -1,
      552, 523, 550, -1,
      550, 523, 525, -1,
      550, 525, 548, -1,
      548, 525, 527, -1,
      548, 527, 546, -1,
      546, 527, 529, -1,
      546, 529, 544, -1,
      544, 529, 531, -1,
      544, 531, 543, -1,
      543, 531, 533, -1,
      543, 533, 542, -1,
      542, 533, 534, -1,
      247, 521, 246, -1,
      246, 521, 520, -1,
      554, 555, 244, -1,
      244, 555, 245, -1,
      556, 27, 557, -1,
      557, 27, 26, -1,
      558, 559, 560, -1,
      560, 559, 561, -1,
      562, 36, 563, -1,
      563, 36, 37, -1,
      563, 37, 556, -1,
      556, 37, 27, -1,
      557, 26, 562, -1,
      562, 26, 36, -1,
      542, 539, 540, -1,
      540, 539, 537, -1,
      534, 538, 542, -1,
      542, 538, 539, -1,
      536, 535, 537, -1,
      537, 535, 540, -1,
      535, 536, 534, -1,
      534, 536, 538, -1,
      563, 561, 562, -1,
      562, 561, 559, -1,
      556, 560, 563, -1,
      563, 560, 561, -1,
      558, 557, 559, -1,
      559, 557, 562, -1,
      557, 558, 556, -1,
      556, 558, 560, -1,
      564, 565, 566, -1,
      564, 566, 567, -1,
      567, 566, 568, -1,
      567, 568, 569, -1,
      569, 568, 570, -1,
      569, 570, 571, -1,
      571, 570, 572, -1,
      571, 572, 573, -1,
      573, 572, 574, -1,
      573, 574, 575, -1,
      575, 574, 576, -1,
      575, 576, 577, -1,
      578, 577, 579, -1,
      579, 577, 576, -1,
      580, 581, 582, -1,
      582, 581, 583, -1,
      584, 585, 586, -1,
      586, 585, 587, -1,
      587, 585, 588, -1,
      588, 585, 589, -1,
      588, 589, 590, -1,
      590, 589, 591, -1,
      590, 591, 592, -1,
      592, 591, 593, -1,
      592, 593, 594, -1,
      594, 593, 595, -1,
      594, 595, 596, -1,
      596, 595, 597, -1,
      596, 597, 598, -1,
      598, 597, 599, -1,
      584, 579, 585, -1,
      585, 579, 576, -1,
      585, 576, 589, -1,
      589, 576, 574, -1,
      589, 574, 591, -1,
      591, 574, 572, -1,
      591, 572, 593, -1,
      593, 572, 570, -1,
      593, 570, 595, -1,
      595, 570, 568, -1,
      595, 568, 597, -1,
      597, 568, 566, -1,
      597, 566, 599, -1,
      599, 566, 565, -1,
      599, 565, 255, -1,
      255, 565, 251, -1,
      253, 252, 598, -1,
      598, 252, 564, -1,
      598, 564, 596, -1,
      596, 564, 567, -1,
      596, 567, 594, -1,
      594, 567, 569, -1,
      594, 569, 592, -1,
      592, 569, 571, -1,
      592, 571, 590, -1,
      590, 571, 573, -1,
      590, 573, 588, -1,
      588, 573, 575, -1,
      588, 575, 587, -1,
      587, 575, 577, -1,
      587, 577, 586, -1,
      586, 577, 578, -1,
      251, 565, 252, -1,
      252, 565, 564, -1,
      598, 599, 253, -1,
      253, 599, 255, -1,
      600, 28, 601, -1,
      601, 28, 29, -1,
      602, 603, 604, -1,
      604, 603, 605, -1,
      606, 33, 607, -1,
      607, 33, 34, -1,
      607, 34, 600, -1,
      600, 34, 28, -1,
      601, 29, 606, -1,
      606, 29, 33, -1,
      586, 583, 584, -1,
      584, 583, 581, -1,
      578, 582, 586, -1,
      586, 582, 583, -1,
      580, 579, 581, -1,
      581, 579, 584, -1,
      579, 580, 578, -1,
      578, 580, 582, -1,
      607, 605, 606, -1,
      606, 605, 603, -1,
      600, 604, 607, -1,
      607, 604, 605, -1,
      602, 601, 603, -1,
      603, 601, 606, -1,
      601, 602, 600, -1,
      600, 602, 604, -1,
      608, 609, 610, -1,
      608, 610, 611, -1,
      611, 610, 612, -1,
      611, 612, 613, -1,
      613, 612, 614, -1,
      613, 614, 615, -1,
      615, 614, 616, -1,
      615, 616, 617, -1,
      617, 616, 618, -1,
      617, 618, 619, -1,
      619, 618, 620, -1,
      619, 620, 621, -1,
      622, 621, 623, -1,
      623, 621, 620, -1,
      624, 625, 626, -1,
      626, 625, 627, -1,
      628, 629, 630, -1,
      630, 629, 631, -1,
      631, 629, 632, -1,
      632, 629, 633, -1,
      632, 633, 634, -1,
      634, 633, 635, -1,
      634, 635, 636, -1,
      636, 635, 637, -1,
      636, 637, 638, -1,
      638, 637, 639, -1,
      638, 639, 640, -1,
      640, 639, 641, -1,
      640, 641, 642, -1,
      642, 641, 643, -1,
      628, 623, 629, -1,
      629, 623, 620, -1,
      629, 620, 633, -1,
      633, 620, 618, -1,
      633, 618, 635, -1,
      635, 618, 616, -1,
      635, 616, 637, -1,
      637, 616, 614, -1,
      637, 614, 639, -1,
      639, 614, 612, -1,
      639, 612, 641, -1,
      641, 612, 610, -1,
      641, 610, 643, -1,
      643, 610, 609, -1,
      643, 609, 250, -1,
      250, 609, 254, -1,
      249, 248, 642, -1,
      642, 248, 608, -1,
      642, 608, 640, -1,
      640, 608, 611, -1,
      640, 611, 638, -1,
      638, 611, 613, -1,
      638, 613, 636, -1,
      636, 613, 615, -1,
      636, 615, 634, -1,
      634, 615, 617, -1,
      634, 617, 632, -1,
      632, 617, 619, -1,
      632, 619, 631, -1,
      631, 619, 621, -1,
      631, 621, 630, -1,
      630, 621, 622, -1,
      254, 609, 248, -1,
      248, 609, 608, -1,
      642, 643, 249, -1,
      249, 643, 250, -1,
      644, 32, 645, -1,
      645, 32, 31, -1,
      646, 647, 648, -1,
      648, 647, 649, -1,
      650, 30, 651, -1,
      651, 30, 35, -1,
      651, 35, 644, -1,
      644, 35, 32, -1,
      645, 31, 650, -1,
      650, 31, 30, -1,
      630, 627, 628, -1,
      628, 627, 625, -1,
      622, 626, 630, -1,
      630, 626, 627, -1,
      624, 623, 625, -1,
      625, 623, 628, -1,
      623, 624, 622, -1,
      622, 624, 626, -1,
      651, 649, 650, -1,
      650, 649, 647, -1,
      644, 648, 651, -1,
      651, 648, 649, -1,
      646, 645, 647, -1,
      647, 645, 650, -1,
      645, 646, 644, -1,
      644, 646, 648, -1,
      652, 653, 654, -1,
      652, 654, 655, -1,
      655, 654, 656, -1,
      655, 656, 657, -1,
      657, 656, 658, -1,
      657, 658, 659, -1,
      659, 658, 660, -1,
      659, 660, 661, -1,
      661, 660, 662, -1,
      661, 662, 663, -1,
      663, 662, 664, -1,
      663, 664, 665, -1,
      666, 665, 667, -1,
      667, 665, 664, -1,
      668, 669, 670, -1,
      670, 669, 671, -1,
      672, 673, 674, -1,
      674, 673, 675, -1,
      675, 673, 676, -1,
      676, 673, 677, -1,
      676, 677, 678, -1,
      678, 677, 679, -1,
      678, 679, 680, -1,
      680, 679, 681, -1,
      680, 681, 682, -1,
      682, 681, 683, -1,
      682, 683, 684, -1,
      684, 683, 685, -1,
      684, 685, 686, -1,
      686, 685, 687, -1,
      672, 667, 673, -1,
      673, 667, 664, -1,
      673, 664, 677, -1,
      677, 664, 662, -1,
      677, 662, 679, -1,
      679, 662, 660, -1,
      679, 660, 681, -1,
      681, 660, 658, -1,
      681, 658, 683, -1,
      683, 658, 656, -1,
      683, 656, 685, -1,
      685, 656, 654, -1,
      685, 654, 687, -1,
      687, 654, 653, -1,
      687, 653, 130, -1,
      130, 653, 131, -1,
      133, 132, 686, -1,
      686, 132, 652, -1,
      686, 652, 684, -1,
      684, 652, 655, -1,
      684, 655, 682, -1,
      682, 655, 657, -1,
      682, 657, 680, -1,
      680, 657, 659, -1,
      680, 659, 678, -1,
      678, 659, 661, -1,
      678, 661, 676, -1,
      676, 661, 663, -1,
      676, 663, 675, -1,
      675, 663, 665, -1,
      675, 665, 674, -1,
      674, 665, 666, -1,
      131, 653, 132, -1,
      132, 653, 652, -1,
      686, 687, 133, -1,
      133, 687, 130, -1,
      688, 1, 689, -1,
      689, 1, 0, -1,
      690, 691, 692, -1,
      692, 691, 693, -1,
      694, 126, 695, -1,
      695, 126, 127, -1,
      695, 127, 688, -1,
      688, 127, 1, -1,
      689, 0, 694, -1,
      694, 0, 126, -1,
      674, 671, 672, -1,
      672, 671, 669, -1,
      666, 670, 674, -1,
      674, 670, 671, -1,
      668, 667, 669, -1,
      669, 667, 672, -1,
      667, 668, 666, -1,
      666, 668, 670, -1,
      695, 693, 694, -1,
      694, 693, 691, -1,
      688, 692, 695, -1,
      695, 692, 693, -1,
      690, 689, 691, -1,
      691, 689, 694, -1,
      689, 690, 688, -1,
      688, 690, 692, -1,
      696, 697, 698, -1,
      696, 698, 699, -1,
      699, 698, 700, -1,
      699, 700, 701, -1,
      701, 700, 702, -1,
      701, 702, 703, -1,
      703, 702, 704, -1,
      703, 704, 705, -1,
      705, 704, 706, -1,
      705, 706, 707, -1,
      707, 706, 708, -1,
      707, 708, 709, -1,
      710, 709, 711, -1,
      711, 709, 708, -1,
      712, 713, 714, -1,
      714, 713, 715, -1,
      716, 717, 718, -1,
      718, 717, 719, -1,
      719, 717, 720, -1,
      720, 717, 721, -1,
      720, 721, 722, -1,
      722, 721, 723, -1,
      722, 723, 724, -1,
      724, 723, 725, -1,
      724, 725, 726, -1,
      726, 725, 727, -1,
      726, 727, 728, -1,
      728, 727, 729, -1,
      728, 729, 730, -1,
      730, 729, 731, -1,
      716, 711, 717, -1,
      717, 711, 708, -1,
      717, 708, 721, -1,
      721, 708, 706, -1,
      721, 706, 723, -1,
      723, 706, 704, -1,
      723, 704, 725, -1,
      725, 704, 702, -1,
      725, 702, 727, -1,
      727, 702, 700, -1,
      727, 700, 729, -1,
      729, 700, 698, -1,
      729, 698, 731, -1,
      731, 698, 697, -1,
      731, 697, 135, -1,
      135, 697, 137, -1,
      134, 136, 730, -1,
      730, 136, 696, -1,
      730, 696, 728, -1,
      728, 696, 699, -1,
      728, 699, 726, -1,
      726, 699, 701, -1,
      726, 701, 724, -1,
      724, 701, 703, -1,
      724, 703, 722, -1,
      722, 703, 705, -1,
      722, 705, 720, -1,
      720, 705, 707, -1,
      720, 707, 719, -1,
      719, 707, 709, -1,
      719, 709, 718, -1,
      718, 709, 710, -1,
      137, 697, 136, -1,
      136, 697, 696, -1,
      730, 731, 134, -1,
      134, 731, 135, -1,
      732, 3, 733, -1,
      733, 3, 2, -1,
      734, 735, 736, -1,
      736, 735, 737, -1,
      738, 124, 739, -1,
      739, 124, 125, -1,
      739, 125, 732, -1,
      732, 125, 3, -1,
      733, 2, 738, -1,
      738, 2, 124, -1,
      718, 715, 716, -1,
      716, 715, 713, -1,
      710, 714, 718, -1,
      718, 714, 715, -1,
      712, 711, 713, -1,
      713, 711, 716, -1,
      711, 712, 710, -1,
      710, 712, 714, -1,
      739, 737, 738, -1,
      738, 737, 735, -1,
      732, 736, 739, -1,
      739, 736, 737, -1,
      734, 733, 735, -1,
      735, 733, 738, -1,
      733, 734, 732, -1,
      732, 734, 736, -1,
      740, 741, 742, -1,
      740, 742, 743, -1,
      743, 742, 744, -1,
      743, 744, 745, -1,
      745, 744, 746, -1,
      745, 746, 747, -1,
      747, 746, 748, -1,
      747, 748, 749, -1,
      749, 748, 750, -1,
      749, 750, 751, -1,
      751, 750, 752, -1,
      751, 752, 753, -1,
      754, 753, 755, -1,
      755, 753, 752, -1,
      756, 757, 758, -1,
      758, 757, 759, -1,
      760, 761, 762, -1,
      762, 761, 763, -1,
      763, 761, 764, -1,
      764, 761, 765, -1,
      764, 765, 766, -1,
      766, 765, 767, -1,
      766, 767, 768, -1,
      768, 767, 769, -1,
      768, 769, 770, -1,
      770, 769, 771, -1,
      770, 771, 772, -1,
      772, 771, 773, -1,
      772, 773, 774, -1,
      774, 773, 775, -1,
      760, 755, 761, -1,
      761, 755, 752, -1,
      761, 752, 765, -1,
      765, 752, 750, -1,
      765, 750, 767, -1,
      767, 750, 748, -1,
      767, 748, 769, -1,
      769, 748, 746, -1,
      769, 746, 771, -1,
      771, 746, 744, -1,
      771, 744, 773, -1,
      773, 744, 742, -1,
      773, 742, 775, -1,
      775, 742, 741, -1,
      775, 741, 139, -1,
      139, 741, 141, -1,
      138, 140, 774, -1,
      774, 140, 740, -1,
      774, 740, 772, -1,
      772, 740, 743, -1,
      772, 743, 770, -1,
      770, 743, 745, -1,
      770, 745, 768, -1,
      768, 745, 747, -1,
      768, 747, 766, -1,
      766, 747, 749, -1,
      766, 749, 764, -1,
      764, 749, 751, -1,
      764, 751, 763, -1,
      763, 751, 753, -1,
      763, 753, 762, -1,
      762, 753, 754, -1,
      141, 741, 140, -1,
      140, 741, 740, -1,
      774, 775, 138, -1,
      138, 775, 139, -1,
      776, 5, 777, -1,
      777, 5, 4, -1,
      778, 779, 780, -1,
      780, 779, 781, -1,
      782, 122, 783, -1,
      783, 122, 123, -1,
      783, 123, 776, -1,
      776, 123, 5, -1,
      777, 4, 782, -1,
      782, 4, 122, -1,
      762, 759, 760, -1,
      760, 759, 757, -1,
      754, 758, 762, -1,
      762, 758, 759, -1,
      756, 755, 757, -1,
      757, 755, 760, -1,
      755, 756, 754, -1,
      754, 756, 758, -1,
      783, 781, 782, -1,
      782, 781, 779, -1,
      776, 780, 783, -1,
      783, 780, 781, -1,
      778, 777, 779, -1,
      779, 777, 782, -1,
      777, 778, 776, -1,
      776, 778, 780, -1,
      784, 785, 786, -1,
      784, 786, 787, -1,
      787, 786, 788, -1,
      787, 788, 789, -1,
      789, 788, 790, -1,
      789, 790, 791, -1,
      791, 790, 792, -1,
      791, 792, 793, -1,
      793, 792, 794, -1,
      793, 794, 795, -1,
      795, 794, 796, -1,
      795, 796, 797, -1,
      798, 797, 799, -1,
      799, 797, 796, -1,
      800, 801, 802, -1,
      802, 801, 803, -1,
      804, 805, 806, -1,
      806, 805, 807, -1,
      807, 805, 808, -1,
      808, 805, 809, -1,
      808, 809, 810, -1,
      810, 809, 811, -1,
      810, 811, 812, -1,
      812, 811, 813, -1,
      812, 813, 814, -1,
      814, 813, 815, -1,
      814, 815, 816, -1,
      816, 815, 817, -1,
      816, 817, 818, -1,
      818, 817, 819, -1,
      804, 799, 805, -1,
      805, 799, 796, -1,
      805, 796, 809, -1,
      809, 796, 794, -1,
      809, 794, 811, -1,
      811, 794, 792, -1,
      811, 792, 813, -1,
      813, 792, 790, -1,
      813, 790, 815, -1,
      815, 790, 788, -1,
      815, 788, 817, -1,
      817, 788, 786, -1,
      817, 786, 819, -1,
      819, 786, 785, -1,
      819, 785, 143, -1,
      143, 785, 145, -1,
      142, 144, 818, -1,
      818, 144, 784, -1,
      818, 784, 816, -1,
      816, 784, 787, -1,
      816, 787, 814, -1,
      814, 787, 789, -1,
      814, 789, 812, -1,
      812, 789, 791, -1,
      812, 791, 810, -1,
      810, 791, 793, -1,
      810, 793, 808, -1,
      808, 793, 795, -1,
      808, 795, 807, -1,
      807, 795, 797, -1,
      807, 797, 806, -1,
      806, 797, 798, -1,
      145, 785, 144, -1,
      144, 785, 784, -1,
      818, 819, 142, -1,
      142, 819, 143, -1,
      820, 7, 821, -1,
      821, 7, 6, -1,
      822, 823, 824, -1,
      824, 823, 825, -1,
      826, 120, 827, -1,
      827, 120, 121, -1,
      827, 121, 820, -1,
      820, 121, 7, -1,
      821, 6, 826, -1,
      826, 6, 120, -1,
      806, 803, 804, -1,
      804, 803, 801, -1,
      798, 802, 806, -1,
      806, 802, 803, -1,
      800, 799, 801, -1,
      801, 799, 804, -1,
      799, 800, 798, -1,
      798, 800, 802, -1,
      827, 825, 826, -1,
      826, 825, 823, -1,
      820, 824, 827, -1,
      827, 824, 825, -1,
      822, 821, 823, -1,
      823, 821, 826, -1,
      821, 822, 820, -1,
      820, 822, 824, -1,
      828, 829, 830, -1,
      828, 830, 831, -1,
      831, 830, 832, -1,
      831, 832, 833, -1,
      833, 832, 834, -1,
      833, 834, 835, -1,
      835, 834, 836, -1,
      835, 836, 837, -1,
      837, 836, 838, -1,
      837, 838, 839, -1,
      839, 838, 840, -1,
      839, 840, 841, -1,
      842, 841, 843, -1,
      843, 841, 840, -1,
      844, 845, 846, -1,
      846, 845, 847, -1,
      848, 849, 850, -1,
      850, 849, 851, -1,
      851, 849, 852, -1,
      852, 849, 853, -1,
      852, 853, 854, -1,
      854, 853, 855, -1,
      854, 855, 856, -1,
      856, 855, 857, -1,
      856, 857, 858, -1,
      858, 857, 859, -1,
      858, 859, 860, -1,
      860, 859, 861, -1,
      860, 861, 862, -1,
      862, 861, 863, -1,
      848, 843, 849, -1,
      849, 843, 840, -1,
      849, 840, 853, -1,
      853, 840, 838, -1,
      853, 838, 855, -1,
      855, 838, 836, -1,
      855, 836, 857, -1,
      857, 836, 834, -1,
      857, 834, 859, -1,
      859, 834, 832, -1,
      859, 832, 861, -1,
      861, 832, 830, -1,
      861, 830, 863, -1,
      863, 830, 829, -1,
      863, 829, 147, -1,
      147, 829, 149, -1,
      146, 148, 862, -1,
      862, 148, 828, -1,
      862, 828, 860, -1,
      860, 828, 831, -1,
      860, 831, 858, -1,
      858, 831, 833, -1,
      858, 833, 856, -1,
      856, 833, 835, -1,
      856, 835, 854, -1,
      854, 835, 837, -1,
      854, 837, 852, -1,
      852, 837, 839, -1,
      852, 839, 851, -1,
      851, 839, 841, -1,
      851, 841, 850, -1,
      850, 841, 842, -1,
      149, 829, 148, -1,
      148, 829, 828, -1,
      862, 863, 146, -1,
      146, 863, 147, -1,
      864, 9, 865, -1,
      865, 9, 8, -1,
      866, 867, 868, -1,
      868, 867, 869, -1,
      870, 118, 871, -1,
      871, 118, 119, -1,
      871, 119, 864, -1,
      864, 119, 9, -1,
      865, 8, 870, -1,
      870, 8, 118, -1,
      850, 847, 848, -1,
      848, 847, 845, -1,
      842, 846, 850, -1,
      850, 846, 847, -1,
      844, 843, 845, -1,
      845, 843, 848, -1,
      843, 844, 842, -1,
      842, 844, 846, -1,
      871, 869, 870, -1,
      870, 869, 867, -1,
      864, 868, 871, -1,
      871, 868, 869, -1,
      866, 865, 867, -1,
      867, 865, 870, -1,
      865, 866, 864, -1,
      864, 866, 868, -1,
      872, 873, 874, -1,
      872, 874, 875, -1,
      875, 874, 876, -1,
      875, 876, 877, -1,
      877, 876, 878, -1,
      877, 878, 879, -1,
      879, 878, 880, -1,
      879, 880, 881, -1,
      881, 880, 882, -1,
      881, 882, 883, -1,
      883, 882, 884, -1,
      883, 884, 885, -1,
      886, 885, 887, -1,
      887, 885, 884, -1,
      888, 889, 890, -1,
      890, 889, 891, -1,
      892, 893, 894, -1,
      894, 893, 895, -1,
      895, 893, 896, -1,
      896, 893, 897, -1,
      896, 897, 898, -1,
      898, 897, 899, -1,
      898, 899, 900, -1,
      900, 899, 901, -1,
      900, 901, 902, -1,
      902, 901, 903, -1,
      902, 903, 904, -1,
      904, 903, 905, -1,
      904, 905, 906, -1,
      906, 905, 907, -1,
      892, 887, 893, -1,
      893, 887, 884, -1,
      893, 884, 897, -1,
      897, 884, 882, -1,
      897, 882, 899, -1,
      899, 882, 880, -1,
      899, 880, 901, -1,
      901, 880, 878, -1,
      901, 878, 903, -1,
      903, 878, 876, -1,
      903, 876, 905, -1,
      905, 876, 874, -1,
      905, 874, 907, -1,
      907, 874, 873, -1,
      907, 873, 128, -1,
      128, 873, 129, -1,
      150, 151, 906, -1,
      906, 151, 872, -1,
      906, 872, 904, -1,
      904, 872, 875, -1,
      904, 875, 902, -1,
      902, 875, 877, -1,
      902, 877, 900, -1,
      900, 877, 879, -1,
      900, 879, 898, -1,
      898, 879, 881, -1,
      898, 881, 896, -1,
      896, 881, 883, -1,
      896, 883, 895, -1,
      895, 883, 885, -1,
      895, 885, 894, -1,
      894, 885, 886, -1,
      129, 873, 151, -1,
      151, 873, 872, -1,
      906, 907, 150, -1,
      150, 907, 128, -1,
      908, 114, 909, -1,
      909, 114, 117, -1,
      910, 911, 912, -1,
      912, 911, 913, -1,
      914, 116, 915, -1,
      915, 116, 115, -1,
      915, 115, 908, -1,
      908, 115, 114, -1,
      909, 117, 914, -1,
      914, 117, 116, -1,
      894, 891, 892, -1,
      892, 891, 889, -1,
      886, 890, 894, -1,
      894, 890, 891, -1,
      888, 887, 889, -1,
      889, 887, 892, -1,
      887, 888, 886, -1,
      886, 888, 890, -1,
      915, 913, 914, -1,
      914, 913, 911, -1,
      908, 912, 915, -1,
      915, 912, 913, -1,
      910, 909, 911, -1,
      911, 909, 914, -1,
      909, 910, 908, -1,
      908, 910, 912, -1,
      916, 917, 918, -1,
      916, 918, 919, -1,
      919, 918, 920, -1,
      919, 920, 921, -1,
      921, 920, 922, -1,
      921, 922, 923, -1,
      923, 922, 924, -1,
      923, 924, 925, -1,
      925, 924, 926, -1,
      925, 926, 927, -1,
      927, 926, 928, -1,
      927, 928, 929, -1,
      930, 929, 931, -1,
      931, 929, 928, -1,
      932, 933, 934, -1,
      934, 933, 935, -1,
      936, 937, 938, -1,
      938, 937, 939, -1,
      939, 937, 940, -1,
      940, 937, 941, -1,
      940, 941, 942, -1,
      942, 941, 943, -1,
      942, 943, 944, -1,
      944, 943, 945, -1,
      944, 945, 946, -1,
      946, 945, 947, -1,
      946, 947, 948, -1,
      948, 947, 949, -1,
      948, 949, 950, -1,
      950, 949, 951, -1,
      936, 931, 937, -1,
      937, 931, 928, -1,
      937, 928, 941, -1,
      941, 928, 926, -1,
      941, 926, 943, -1,
      943, 926, 924, -1,
      943, 924, 945, -1,
      945, 924, 922, -1,
      945, 922, 947, -1,
      947, 922, 920, -1,
      947, 920, 949, -1,
      949, 920, 918, -1,
      949, 918, 951, -1,
      951, 918, 917, -1,
      951, 917, 221, -1,
      221, 917, 223, -1,
      220, 222, 950, -1,
      950, 222, 916, -1,
      950, 916, 948, -1,
      948, 916, 919, -1,
      948, 919, 946, -1,
      946, 919, 921, -1,
      946, 921, 944, -1,
      944, 921, 923, -1,
      944, 923, 942, -1,
      942, 923, 925, -1,
      942, 925, 940, -1,
      940, 925, 927, -1,
      940, 927, 939, -1,
      939, 927, 929, -1,
      939, 929, 938, -1,
      938, 929, 930, -1,
      223, 917, 222, -1,
      222, 917, 916, -1,
      950, 951, 220, -1,
      220, 951, 221, -1,
      952, 15, 953, -1,
      953, 15, 14, -1,
      954, 955, 956, -1,
      956, 955, 957, -1,
      958, 48, 959, -1,
      959, 48, 49, -1,
      959, 49, 952, -1,
      952, 49, 15, -1,
      953, 14, 958, -1,
      958, 14, 48, -1,
      938, 935, 936, -1,
      936, 935, 933, -1,
      930, 934, 938, -1,
      938, 934, 935, -1,
      932, 931, 933, -1,
      933, 931, 936, -1,
      931, 932, 930, -1,
      930, 932, 934, -1,
      959, 957, 958, -1,
      958, 957, 955, -1,
      952, 956, 959, -1,
      959, 956, 957, -1,
      954, 953, 955, -1,
      955, 953, 958, -1,
      953, 954, 952, -1,
      952, 954, 956, -1,
      960, 961, 962, -1,
      960, 962, 963, -1,
      963, 962, 964, -1,
      963, 964, 965, -1,
      965, 964, 966, -1,
      965, 966, 967, -1,
      967, 966, 968, -1,
      967, 968, 969, -1,
      969, 968, 970, -1,
      969, 970, 971, -1,
      971, 970, 972, -1,
      971, 972, 973, -1,
      974, 973, 975, -1,
      975, 973, 972, -1,
      976, 977, 978, -1,
      978, 977, 979, -1,
      980, 981, 982, -1,
      982, 981, 983, -1,
      983, 981, 984, -1,
      984, 981, 985, -1,
      984, 985, 986, -1,
      986, 985, 987, -1,
      986, 987, 988, -1,
      988, 987, 989, -1,
      988, 989, 990, -1,
      990, 989, 991, -1,
      990, 991, 992, -1,
      992, 991, 993, -1,
      992, 993, 994, -1,
      994, 993, 995, -1,
      980, 975, 981, -1,
      981, 975, 972, -1,
      981, 972, 985, -1,
      985, 972, 970, -1,
      985, 970, 987, -1,
      987, 970, 968, -1,
      987, 968, 989, -1,
      989, 968, 966, -1,
      989, 966, 991, -1,
      991, 966, 964, -1,
      991, 964, 993, -1,
      993, 964, 962, -1,
      993, 962, 995, -1,
      995, 962, 961, -1,
      995, 961, 217, -1,
      217, 961, 219, -1,
      216, 218, 994, -1,
      994, 218, 960, -1,
      994, 960, 992, -1,
      992, 960, 963, -1,
      992, 963, 990, -1,
      990, 963, 965, -1,
      990, 965, 988, -1,
      988, 965, 967, -1,
      988, 967, 986, -1,
      986, 967, 969, -1,
      986, 969, 984, -1,
      984, 969, 971, -1,
      984, 971, 983, -1,
      983, 971, 973, -1,
      983, 973, 982, -1,
      982, 973, 974, -1,
      219, 961, 218, -1,
      218, 961, 960, -1,
      994, 995, 216, -1,
      216, 995, 217, -1,
      996, 13, 997, -1,
      997, 13, 12, -1,
      998, 999, 1000, -1,
      1000, 999, 1001, -1,
      1002, 50, 1003, -1,
      1003, 50, 51, -1,
      1003, 51, 996, -1,
      996, 51, 13, -1,
      997, 12, 1002, -1,
      1002, 12, 50, -1,
      982, 979, 980, -1,
      980, 979, 977, -1,
      974, 978, 982, -1,
      982, 978, 979, -1,
      976, 975, 977, -1,
      977, 975, 980, -1,
      975, 976, 974, -1,
      974, 976, 978, -1,
      1003, 1001, 1002, -1,
      1002, 1001, 999, -1,
      996, 1000, 1003, -1,
      1003, 1000, 1001, -1,
      998, 997, 999, -1,
      999, 997, 1002, -1,
      997, 998, 996, -1,
      996, 998, 1000, -1,
      1004, 1005, 1006, -1,
      1006, 1005, 1007, -1,
      1006, 1007, 1008, -1,
      1008, 1007, 1009, -1,
      1008, 1009, 1010, -1,
      1010, 1009, 1011, -1,
      1010, 1011, 1012, -1,
      1012, 1011, 1013, -1,
      1012, 1013, 1014, -1,
      1014, 1013, 1015, -1,
      1014, 1015, 1016, -1,
      1016, 1015, 1017, -1,
      1018, 1016, 1019, -1,
      1019, 1016, 1017, -1,
      1020, 1021, 1022, -1,
      1022, 1021, 1023, -1,
      1024, 1025, 1026, -1,
      1026, 1025, 1027, -1,
      1027, 1025, 1028, -1,
      1027, 1028, 1029, -1,
      1029, 1028, 1030, -1,
      1029, 1030, 1031, -1,
      1031, 1030, 1032, -1,
      1031, 1032, 1033, -1,
      1033, 1032, 1034, -1,
      1033, 1034, 1035, -1,
      1035, 1034, 1036, -1,
      1035, 1036, 1037, -1,
      1037, 1036, 1038, -1,
      1037, 1038, 1039, -1,
      200, 203, 1005, -1,
      1005, 203, 1038, -1,
      1005, 1038, 1007, -1,
      1007, 1038, 1036, -1,
      1007, 1036, 1009, -1,
      1009, 1036, 1034, -1,
      1009, 1034, 1011, -1,
      1011, 1034, 1032, -1,
      1011, 1032, 1013, -1,
      1013, 1032, 1030, -1,
      1013, 1030, 1015, -1,
      1015, 1030, 1028, -1,
      1015, 1028, 1017, -1,
      1017, 1028, 1025, -1,
      1017, 1025, 1019, -1,
      1019, 1025, 1024, -1,
      1018, 1026, 1016, -1,
      1016, 1026, 1027, -1,
      1016, 1027, 1014, -1,
      1014, 1027, 1029, -1,
      1014, 1029, 1012, -1,
      1012, 1029, 1031, -1,
      1012, 1031, 1010, -1,
      1010, 1031, 1033, -1,
      1010, 1033, 1008, -1,
      1008, 1033, 1035, -1,
      1008, 1035, 1006, -1,
      1006, 1035, 1037, -1,
      1006, 1037, 1004, -1,
      1004, 1037, 1039, -1,
      1004, 1039, 201, -1,
      201, 1039, 202, -1,
      200, 1005, 201, -1,
      201, 1005, 1004, -1,
      1039, 1038, 202, -1,
      202, 1038, 203, -1,
      1040, 66, 1041, -1,
      1041, 66, 67, -1,
      1042, 1043, 1044, -1,
      1044, 1043, 1045, -1,
      1046, 65, 1047, -1,
      1047, 65, 64, -1,
      1047, 64, 1040, -1,
      1040, 64, 66, -1,
      1041, 67, 1046, -1,
      1046, 67, 65, -1,
      1048, 1049, 1050, -1,
      1050, 1049, 1051, -1,
      1050, 1051, 1052, -1,
      1052, 1051, 1053, -1,
      1052, 1053, 1054, -1,
      1054, 1053, 1055, -1,
      1054, 1055, 1056, -1,
      1056, 1055, 1057, -1,
      1056, 1057, 1058, -1,
      1058, 1057, 1059, -1,
      1058, 1059, 1060, -1,
      1060, 1059, 1061, -1,
      1062, 1060, 1063, -1,
      1063, 1060, 1061, -1,
      1064, 1065, 1066, -1,
      1066, 1065, 1067, -1,
      1068, 1069, 1070, -1,
      1070, 1069, 1071, -1,
      1071, 1069, 1072, -1,
      1071, 1072, 1073, -1,
      1073, 1072, 1074, -1,
      1073, 1074, 1075, -1,
      1075, 1074, 1076, -1,
      1075, 1076, 1077, -1,
      1077, 1076, 1078, -1,
      1077, 1078, 1079, -1,
      1079, 1078, 1080, -1,
      1079, 1080, 1081, -1,
      1081, 1080, 1082, -1,
      1081, 1082, 1083, -1,
      196, 199, 1049, -1,
      1049, 199, 1082, -1,
      1049, 1082, 1051, -1,
      1051, 1082, 1080, -1,
      1051, 1080, 1053, -1,
      1053, 1080, 1078, -1,
      1053, 1078, 1055, -1,
      1055, 1078, 1076, -1,
      1055, 1076, 1057, -1,
      1057, 1076, 1074, -1,
      1057, 1074, 1059, -1,
      1059, 1074, 1072, -1,
      1059, 1072, 1061, -1,
      1061, 1072, 1069, -1,
      1061, 1069, 1063, -1,
      1063, 1069, 1068, -1,
      1062, 1070, 1060, -1,
      1060, 1070, 1071, -1,
      1060, 1071, 1058, -1,
      1058, 1071, 1073, -1,
      1058, 1073, 1056, -1,
      1056, 1073, 1075, -1,
      1056, 1075, 1054, -1,
      1054, 1075, 1077, -1,
      1054, 1077, 1052, -1,
      1052, 1077, 1079, -1,
      1052, 1079, 1050, -1,
      1050, 1079, 1081, -1,
      1050, 1081, 1048, -1,
      1048, 1081, 1083, -1,
      1048, 1083, 197, -1,
      197, 1083, 198, -1,
      196, 1049, 197, -1,
      197, 1049, 1048, -1,
      1083, 1082, 198, -1,
      198, 1082, 199, -1,
      1084, 70, 1085, -1,
      1085, 70, 71, -1,
      1086, 1087, 1088, -1,
      1088, 1087, 1089, -1,
      1090, 69, 1091, -1,
      1091, 69, 68, -1,
      1091, 68, 1084, -1,
      1084, 68, 70, -1,
      1085, 71, 1090, -1,
      1090, 71, 69, -1,
      1092, 1093, 1094, -1,
      1094, 1093, 1095, -1,
      1094, 1095, 1096, -1,
      1096, 1095, 1097, -1,
      1096, 1097, 1098, -1,
      1098, 1097, 1099, -1,
      1098, 1099, 1100, -1,
      1100, 1099, 1101, -1,
      1100, 1101, 1102, -1,
      1102, 1101, 1103, -1,
      1102, 1103, 1104, -1,
      1104, 1103, 1105, -1,
      1106, 1104, 1107, -1,
      1107, 1104, 1105, -1,
      1108, 1109, 1110, -1,
      1110, 1109, 1111, -1,
      1112, 1113, 1114, -1,
      1114, 1113, 1115, -1,
      1115, 1113, 1116, -1,
      1115, 1116, 1117, -1,
      1117, 1116, 1118, -1,
      1117, 1118, 1119, -1,
      1119, 1118, 1120, -1,
      1119, 1120, 1121, -1,
      1121, 1120, 1122, -1,
      1121, 1122, 1123, -1,
      1123, 1122, 1124, -1,
      1123, 1124, 1125, -1,
      1125, 1124, 1126, -1,
      1125, 1126, 1127, -1,
      192, 195, 1093, -1,
      1093, 195, 1126, -1,
      1093, 1126, 1095, -1,
      1095, 1126, 1124, -1,
      1095, 1124, 1097, -1,
      1097, 1124, 1122, -1,
      1097, 1122, 1099, -1,
      1099, 1122, 1120, -1,
      1099, 1120, 1101, -1,
      1101, 1120, 1118, -1,
      1101, 1118, 1103, -1,
      1103, 1118, 1116, -1,
      1103, 1116, 1105, -1,
      1105, 1116, 1113, -1,
      1105, 1113, 1107, -1,
      1107, 1113, 1112, -1,
      1106, 1114, 1104, -1,
      1104, 1114, 1115, -1,
      1104, 1115, 1102, -1,
      1102, 1115, 1117, -1,
      1102, 1117, 1100, -1,
      1100, 1117, 1119, -1,
      1100, 1119, 1098, -1,
      1098, 1119, 1121, -1,
      1098, 1121, 1096, -1,
      1096, 1121, 1123, -1,
      1096, 1123, 1094, -1,
      1094, 1123, 1125, -1,
      1094, 1125, 1092, -1,
      1092, 1125, 1127, -1,
      1092, 1127, 193, -1,
      193, 1127, 194, -1,
      192, 1093, 193, -1,
      193, 1093, 1092, -1,
      1127, 1126, 194, -1,
      194, 1126, 195, -1,
      1128, 74, 1129, -1,
      1129, 74, 75, -1,
      1130, 1131, 1132, -1,
      1132, 1131, 1133, -1,
      1134, 73, 1135, -1,
      1135, 73, 72, -1,
      1135, 72, 1128, -1,
      1128, 72, 74, -1,
      1129, 75, 1134, -1,
      1134, 75, 73, -1,
      1136, 1137, 1138, -1,
      1138, 1137, 1139, -1,
      1138, 1139, 1140, -1,
      1140, 1139, 1141, -1,
      1140, 1141, 1142, -1,
      1142, 1141, 1143, -1,
      1142, 1143, 1144, -1,
      1144, 1143, 1145, -1,
      1144, 1145, 1146, -1,
      1146, 1145, 1147, -1,
      1146, 1147, 1148, -1,
      1148, 1147, 1149, -1,
      1150, 1148, 1151, -1,
      1151, 1148, 1149, -1,
      1152, 1153, 1154, -1,
      1154, 1153, 1155, -1,
      1156, 1157, 1158, -1,
      1158, 1157, 1159, -1,
      1159, 1157, 1160, -1,
      1159, 1160, 1161, -1,
      1161, 1160, 1162, -1,
      1161, 1162, 1163, -1,
      1163, 1162, 1164, -1,
      1163, 1164, 1165, -1,
      1165, 1164, 1166, -1,
      1165, 1166, 1167, -1,
      1167, 1166, 1168, -1,
      1167, 1168, 1169, -1,
      1169, 1168, 1170, -1,
      1169, 1170, 1171, -1,
      188, 191, 1137, -1,
      1137, 191, 1170, -1,
      1137, 1170, 1139, -1,
      1139, 1170, 1168, -1,
      1139, 1168, 1141, -1,
      1141, 1168, 1166, -1,
      1141, 1166, 1143, -1,
      1143, 1166, 1164, -1,
      1143, 1164, 1145, -1,
      1145, 1164, 1162, -1,
      1145, 1162, 1147, -1,
      1147, 1162, 1160, -1,
      1147, 1160, 1149, -1,
      1149, 1160, 1157, -1,
      1149, 1157, 1151, -1,
      1151, 1157, 1156, -1,
      1150, 1158, 1148, -1,
      1148, 1158, 1159, -1,
      1148, 1159, 1146, -1,
      1146, 1159, 1161, -1,
      1146, 1161, 1144, -1,
      1144, 1161, 1163, -1,
      1144, 1163, 1142, -1,
      1142, 1163, 1165, -1,
      1142, 1165, 1140, -1,
      1140, 1165, 1167, -1,
      1140, 1167, 1138, -1,
      1138, 1167, 1169, -1,
      1138, 1169, 1136, -1,
      1136, 1169, 1171, -1,
      1136, 1171, 189, -1,
      189, 1171, 190, -1,
      188, 1137, 189, -1,
      189, 1137, 1136, -1,
      1171, 1170, 190, -1,
      190, 1170, 191, -1,
      1172, 78, 1173, -1,
      1173, 78, 79, -1,
      1174, 1175, 1176, -1,
      1176, 1175, 1177, -1,
      1178, 77, 1179, -1,
      1179, 77, 76, -1,
      1179, 76, 1172, -1,
      1172, 76, 78, -1,
      1173, 79, 1178, -1,
      1178, 79, 77, -1,
      1180, 1181, 1182, -1,
      1182, 1181, 1183, -1,
      1182, 1183, 1184, -1,
      1184, 1183, 1185, -1,
      1184, 1185, 1186, -1,
      1186, 1185, 1187, -1,
      1186, 1187, 1188, -1,
      1188, 1187, 1189, -1,
      1188, 1189, 1190, -1,
      1190, 1189, 1191, -1,
      1190, 1191, 1192, -1,
      1192, 1191, 1193, -1,
      1194, 1192, 1195, -1,
      1195, 1192, 1193, -1,
      1196, 1197, 1198, -1,
      1198, 1197, 1199, -1,
      1200, 1201, 1202, -1,
      1202, 1201, 1203, -1,
      1203, 1201, 1204, -1,
      1203, 1204, 1205, -1,
      1205, 1204, 1206, -1,
      1205, 1206, 1207, -1,
      1207, 1206, 1208, -1,
      1207, 1208, 1209, -1,
      1209, 1208, 1210, -1,
      1209, 1210, 1211, -1,
      1211, 1210, 1212, -1,
      1211, 1212, 1213, -1,
      1213, 1212, 1214, -1,
      1213, 1214, 1215, -1,
      184, 187, 1181, -1,
      1181, 187, 1214, -1,
      1181, 1214, 1183, -1,
      1183, 1214, 1212, -1,
      1183, 1212, 1185, -1,
      1185, 1212, 1210, -1,
      1185, 1210, 1187, -1,
      1187, 1210, 1208, -1,
      1187, 1208, 1189, -1,
      1189, 1208, 1206, -1,
      1189, 1206, 1191, -1,
      1191, 1206, 1204, -1,
      1191, 1204, 1193, -1,
      1193, 1204, 1201, -1,
      1193, 1201, 1195, -1,
      1195, 1201, 1200, -1,
      1194, 1202, 1192, -1,
      1192, 1202, 1203, -1,
      1192, 1203, 1190, -1,
      1190, 1203, 1205, -1,
      1190, 1205, 1188, -1,
      1188, 1205, 1207, -1,
      1188, 1207, 1186, -1,
      1186, 1207, 1209, -1,
      1186, 1209, 1184, -1,
      1184, 1209, 1211, -1,
      1184, 1211, 1182, -1,
      1182, 1211, 1213, -1,
      1182, 1213, 1180, -1,
      1180, 1213, 1215, -1,
      1180, 1215, 185, -1,
      185, 1215, 186, -1,
      184, 1181, 185, -1,
      185, 1181, 1180, -1,
      1215, 1214, 186, -1,
      186, 1214, 187, -1,
      1216, 82, 1217, -1,
      1217, 82, 83, -1,
      1218, 1219, 1220, -1,
      1220, 1219, 1221, -1,
      1222, 81, 1223, -1,
      1223, 81, 80, -1,
      1223, 80, 1216, -1,
      1216, 80, 82, -1,
      1217, 83, 1222, -1,
      1222, 83, 81, -1,
      1224, 1225, 1226, -1,
      1226, 1225, 1227, -1,
      1226, 1227, 1228, -1,
      1228, 1227, 1229, -1,
      1228, 1229, 1230, -1,
      1230, 1229, 1231, -1,
      1230, 1231, 1232, -1,
      1232, 1231, 1233, -1,
      1232, 1233, 1234, -1,
      1234, 1233, 1235, -1,
      1234, 1235, 1236, -1,
      1236, 1235, 1237, -1,
      1238, 1236, 1239, -1,
      1239, 1236, 1237, -1,
      1240, 1241, 1242, -1,
      1242, 1241, 1243, -1,
      1244, 1245, 1246, -1,
      1246, 1245, 1247, -1,
      1247, 1245, 1248, -1,
      1247, 1248, 1249, -1,
      1249, 1248, 1250, -1,
      1249, 1250, 1251, -1,
      1251, 1250, 1252, -1,
      1251, 1252, 1253, -1,
      1253, 1252, 1254, -1,
      1253, 1254, 1255, -1,
      1255, 1254, 1256, -1,
      1255, 1256, 1257, -1,
      1257, 1256, 1258, -1,
      1257, 1258, 1259, -1,
      179, 181, 1225, -1,
      1225, 181, 1258, -1,
      1225, 1258, 1227, -1,
      1227, 1258, 1256, -1,
      1227, 1256, 1229, -1,
      1229, 1256, 1254, -1,
      1229, 1254, 1231, -1,
      1231, 1254, 1252, -1,
      1231, 1252, 1233, -1,
      1233, 1252, 1250, -1,
      1233, 1250, 1235, -1,
      1235, 1250, 1248, -1,
      1235, 1248, 1237, -1,
      1237, 1248, 1245, -1,
      1237, 1245, 1239, -1,
      1239, 1245, 1244, -1,
      1238, 1246, 1236, -1,
      1236, 1246, 1247, -1,
      1236, 1247, 1234, -1,
      1234, 1247, 1249, -1,
      1234, 1249, 1232, -1,
      1232, 1249, 1251, -1,
      1232, 1251, 1230, -1,
      1230, 1251, 1253, -1,
      1230, 1253, 1228, -1,
      1228, 1253, 1255, -1,
      1228, 1255, 1226, -1,
      1226, 1255, 1257, -1,
      1226, 1257, 1224, -1,
      1224, 1257, 1259, -1,
      1224, 1259, 180, -1,
      180, 1259, 182, -1,
      179, 1225, 180, -1,
      180, 1225, 1224, -1,
      1259, 1258, 182, -1,
      182, 1258, 181, -1,
      1260, 11, 1261, -1,
      1261, 11, 10, -1,
      1262, 1263, 1264, -1,
      1264, 1263, 1265, -1,
      1266, 88, 1267, -1,
      1267, 88, 87, -1,
      1267, 87, 1260, -1,
      1260, 87, 11, -1,
      1261, 10, 1266, -1,
      1266, 10, 88, -1,
      1268, 1269, 1270, -1,
      1270, 1269, 1271, -1,
      1270, 1271, 1272, -1,
      1272, 1271, 1273, -1,
      1272, 1273, 1274, -1,
      1274, 1273, 1275, -1,
      1274, 1275, 1276, -1,
      1276, 1275, 1277, -1,
      1276, 1277, 1278, -1,
      1278, 1277, 1279, -1,
      1278, 1279, 1280, -1,
      1280, 1279, 1281, -1,
      1282, 1280, 1283, -1,
      1283, 1280, 1281, -1,
      1284, 1285, 1286, -1,
      1286, 1285, 1287, -1,
      1288, 1289, 1290, -1,
      1290, 1289, 1291, -1,
      1291, 1289, 1292, -1,
      1291, 1292, 1293, -1,
      1293, 1292, 1294, -1,
      1293, 1294, 1295, -1,
      1295, 1294, 1296, -1,
      1295, 1296, 1297, -1,
      1297, 1296, 1298, -1,
      1297, 1298, 1299, -1,
      1299, 1298, 1300, -1,
      1299, 1300, 1301, -1,
      1301, 1300, 1302, -1,
      1301, 1302, 1303, -1,
      178, 183, 1269, -1,
      1269, 183, 1302, -1,
      1269, 1302, 1271, -1,
      1271, 1302, 1300, -1,
      1271, 1300, 1273, -1,
      1273, 1300, 1298, -1,
      1273, 1298, 1275, -1,
      1275, 1298, 1296, -1,
      1275, 1296, 1277, -1,
      1277, 1296, 1294, -1,
      1277, 1294, 1279, -1,
      1279, 1294, 1292, -1,
      1279, 1292, 1281, -1,
      1281, 1292, 1289, -1,
      1281, 1289, 1283, -1,
      1283, 1289, 1288, -1,
      1282, 1290, 1280, -1,
      1280, 1290, 1291, -1,
      1280, 1291, 1278, -1,
      1278, 1291, 1293, -1,
      1278, 1293, 1276, -1,
      1276, 1293, 1295, -1,
      1276, 1295, 1274, -1,
      1274, 1295, 1297, -1,
      1274, 1297, 1272, -1,
      1272, 1297, 1299, -1,
      1272, 1299, 1270, -1,
      1270, 1299, 1301, -1,
      1270, 1301, 1268, -1,
      1268, 1301, 1303, -1,
      1268, 1303, 177, -1,
      177, 1303, 176, -1,
      178, 1269, 177, -1,
      177, 1269, 1268, -1,
      1303, 1302, 176, -1,
      176, 1302, 183, -1,
      1304, 84, 1305, -1,
      1305, 84, 89, -1,
      1306, 1307, 1308, -1,
      1308, 1307, 1309, -1,
      1310, 86, 1311, -1,
      1311, 86, 85, -1,
      1311, 85, 1304, -1,
      1304, 85, 84, -1,
      1305, 89, 1310, -1,
      1310, 89, 86, -1,
      1312, 1313, 1314, -1,
      1314, 1313, 1315, -1,
      1314, 1315, 1316, -1,
      1316, 1315, 1317, -1,
      1316, 1317, 1318, -1,
      1318, 1317, 1319, -1,
      1318, 1319, 1320, -1,
      1320, 1319, 1321, -1,
      1320, 1321, 1322, -1,
      1322, 1321, 1323, -1,
      1322, 1323, 1324, -1,
      1324, 1323, 1325, -1,
      1326, 1324, 1327, -1,
      1327, 1324, 1325, -1,
      1328, 1329, 1330, -1,
      1330, 1329, 1331, -1,
      1332, 1333, 1334, -1,
      1334, 1333, 1335, -1,
      1335, 1333, 1336, -1,
      1335, 1336, 1337, -1,
      1337, 1336, 1338, -1,
      1337, 1338, 1339, -1,
      1339, 1338, 1340, -1,
      1339, 1340, 1341, -1,
      1341, 1340, 1342, -1,
      1341, 1342, 1343, -1,
      1343, 1342, 1344, -1,
      1343, 1344, 1345, -1,
      1345, 1344, 1346, -1,
      1345, 1346, 1347, -1,
      172, 175, 1313, -1,
      1313, 175, 1346, -1,
      1313, 1346, 1315, -1,
      1315, 1346, 1344, -1,
      1315, 1344, 1317, -1,
      1317, 1344, 1342, -1,
      1317, 1342, 1319, -1,
      1319, 1342, 1340, -1,
      1319, 1340, 1321, -1,
      1321, 1340, 1338, -1,
      1321, 1338, 1323, -1,
      1323, 1338, 1336, -1,
      1323, 1336, 1325, -1,
      1325, 1336, 1333, -1,
      1325, 1333, 1327, -1,
      1327, 1333, 1332, -1,
      1326, 1334, 1324, -1,
      1324, 1334, 1335, -1,
      1324, 1335, 1322, -1,
      1322, 1335, 1337, -1,
      1322, 1337, 1320, -1,
      1320, 1337, 1339, -1,
      1320, 1339, 1318, -1,
      1318, 1339, 1341, -1,
      1318, 1341, 1316, -1,
      1316, 1341, 1343, -1,
      1316, 1343, 1314, -1,
      1314, 1343, 1345, -1,
      1314, 1345, 1312, -1,
      1312, 1345, 1347, -1,
      1312, 1347, 173, -1,
      173, 1347, 174, -1,
      172, 1313, 173, -1,
      173, 1313, 1312, -1,
      1347, 1346, 174, -1,
      174, 1346, 175, -1,
      1348, 92, 1349, -1,
      1349, 92, 93, -1,
      1350, 1351, 1352, -1,
      1352, 1351, 1353, -1,
      1354, 91, 1355, -1,
      1355, 91, 90, -1,
      1355, 90, 1348, -1,
      1348, 90, 92, -1,
      1349, 93, 1354, -1,
      1354, 93, 91, -1,
      1356, 1357, 1358, -1,
      1358, 1357, 1359, -1,
      1358, 1359, 1360, -1,
      1360, 1359, 1361, -1,
      1360, 1361, 1362, -1,
      1362, 1361, 1363, -1,
      1362, 1363, 1364, -1,
      1364, 1363, 1365, -1,
      1364, 1365, 1366, -1,
      1366, 1365, 1367, -1,
      1366, 1367, 1368, -1,
      1368, 1367, 1369, -1,
      1370, 1368, 1371, -1,
      1371, 1368, 1369, -1,
      1372, 1373, 1374, -1,
      1374, 1373, 1375, -1,
      1376, 1377, 1378, -1,
      1378, 1377, 1379, -1,
      1379, 1377, 1380, -1,
      1379, 1380, 1381, -1,
      1381, 1380, 1382, -1,
      1381, 1382, 1383, -1,
      1383, 1382, 1384, -1,
      1383, 1384, 1385, -1,
      1385, 1384, 1386, -1,
      1385, 1386, 1387, -1,
      1387, 1386, 1388, -1,
      1387, 1388, 1389, -1,
      1389, 1388, 1390, -1,
      1389, 1390, 1391, -1,
      168, 171, 1357, -1,
      1357, 171, 1390, -1,
      1357, 1390, 1359, -1,
      1359, 1390, 1388, -1,
      1359, 1388, 1361, -1,
      1361, 1388, 1386, -1,
      1361, 1386, 1363, -1,
      1363, 1386, 1384, -1,
      1363, 1384, 1365, -1,
      1365, 1384, 1382, -1,
      1365, 1382, 1367, -1,
      1367, 1382, 1380, -1,
      1367, 1380, 1369, -1,
      1369, 1380, 1377, -1,
      1369, 1377, 1371, -1,
      1371, 1377, 1376, -1,
      1370, 1378, 1368, -1,
      1368, 1378, 1379, -1,
      1368, 1379, 1366, -1,
      1366, 1379, 1381, -1,
      1366, 1381, 1364, -1,
      1364, 1381, 1383, -1,
      1364, 1383, 1362, -1,
      1362, 1383, 1385, -1,
      1362, 1385, 1360, -1,
      1360, 1385, 1387, -1,
      1360, 1387, 1358, -1,
      1358, 1387, 1389, -1,
      1358, 1389, 1356, -1,
      1356, 1389, 1391, -1,
      1356, 1391, 169, -1,
      169, 1391, 170, -1,
      168, 1357, 169, -1,
      169, 1357, 1356, -1,
      1391, 1390, 170, -1,
      170, 1390, 171, -1,
      1392, 96, 1393, -1,
      1393, 96, 97, -1,
      1394, 1395, 1396, -1,
      1396, 1395, 1397, -1,
      1398, 95, 1399, -1,
      1399, 95, 94, -1,
      1399, 94, 1392, -1,
      1392, 94, 96, -1,
      1393, 97, 1398, -1,
      1398, 97, 95, -1,
      1400, 1401, 1402, -1,
      1402, 1401, 1403, -1,
      1402, 1403, 1404, -1,
      1404, 1403, 1405, -1,
      1404, 1405, 1406, -1,
      1406, 1405, 1407, -1,
      1406, 1407, 1408, -1,
      1408, 1407, 1409, -1,
      1408, 1409, 1410, -1,
      1410, 1409, 1411, -1,
      1410, 1411, 1412, -1,
      1412, 1411, 1413, -1,
      1414, 1412, 1415, -1,
      1415, 1412, 1413, -1,
      1416, 1417, 1418, -1,
      1418, 1417, 1419, -1,
      1420, 1421, 1422, -1,
      1422, 1421, 1423, -1,
      1423, 1421, 1424, -1,
      1423, 1424, 1425, -1,
      1425, 1424, 1426, -1,
      1425, 1426, 1427, -1,
      1427, 1426, 1428, -1,
      1427, 1428, 1429, -1,
      1429, 1428, 1430, -1,
      1429, 1430, 1431, -1,
      1431, 1430, 1432, -1,
      1431, 1432, 1433, -1,
      1433, 1432, 1434, -1,
      1433, 1434, 1435, -1,
      164, 167, 1401, -1,
      1401, 167, 1434, -1,
      1401, 1434, 1403, -1,
      1403, 1434, 1432, -1,
      1403, 1432, 1405, -1,
      1405, 1432, 1430, -1,
      1405, 1430, 1407, -1,
      1407, 1430, 1428, -1,
      1407, 1428, 1409, -1,
      1409, 1428, 1426, -1,
      1409, 1426, 1411, -1,
      1411, 1426, 1424, -1,
      1411, 1424, 1413, -1,
      1413, 1424, 1421, -1,
      1413, 1421, 1415, -1,
      1415, 1421, 1420, -1,
      1414, 1422, 1412, -1,
      1412, 1422, 1423, -1,
      1412, 1423, 1410, -1,
      1410, 1423, 1425, -1,
      1410, 1425, 1408, -1,
      1408, 1425, 1427, -1,
      1408, 1427, 1406, -1,
      1406, 1427, 1429, -1,
      1406, 1429, 1404, -1,
      1404, 1429, 1431, -1,
      1404, 1431, 1402, -1,
      1402, 1431, 1433, -1,
      1402, 1433, 1400, -1,
      1400, 1433, 1435, -1,
      1400, 1435, 165, -1,
      165, 1435, 166, -1,
      164, 1401, 165, -1,
      165, 1401, 1400, -1,
      1435, 1434, 166, -1,
      166, 1434, 167, -1,
      1436, 100, 1437, -1,
      1437, 100, 101, -1,
      1438, 1439, 1440, -1,
      1440, 1439, 1441, -1,
      1442, 99, 1443, -1,
      1443, 99, 98, -1,
      1443, 98, 1436, -1,
      1436, 98, 100, -1,
      1437, 101, 1442, -1,
      1442, 101, 99, -1,
      1444, 1445, 1446, -1,
      1446, 1445, 1447, -1,
      1446, 1447, 1448, -1,
      1448, 1447, 1449, -1,
      1448, 1449, 1450, -1,
      1450, 1449, 1451, -1,
      1450, 1451, 1452, -1,
      1452, 1451, 1453, -1,
      1452, 1453, 1454, -1,
      1454, 1453, 1455, -1,
      1454, 1455, 1456, -1,
      1456, 1455, 1457, -1,
      1458, 1456, 1459, -1,
      1459, 1456, 1457, -1,
      1460, 1461, 1462, -1,
      1462, 1461, 1463, -1,
      1464, 1465, 1466, -1,
      1466, 1465, 1467, -1,
      1467, 1465, 1468, -1,
      1467, 1468, 1469, -1,
      1469, 1468, 1470, -1,
      1469, 1470, 1471, -1,
      1471, 1470, 1472, -1,
      1471, 1472, 1473, -1,
      1473, 1472, 1474, -1,
      1473, 1474, 1475, -1,
      1475, 1474, 1476, -1,
      1475, 1476, 1477, -1,
      1477, 1476, 1478, -1,
      1477, 1478, 1479, -1,
      160, 163, 1445, -1,
      1445, 163, 1478, -1,
      1445, 1478, 1447, -1,
      1447, 1478, 1476, -1,
      1447, 1476, 1449, -1,
      1449, 1476, 1474, -1,
      1449, 1474, 1451, -1,
      1451, 1474, 1472, -1,
      1451, 1472, 1453, -1,
      1453, 1472, 1470, -1,
      1453, 1470, 1455, -1,
      1455, 1470, 1468, -1,
      1455, 1468, 1457, -1,
      1457, 1468, 1465, -1,
      1457, 1465, 1459, -1,
      1459, 1465, 1464, -1,
      1458, 1466, 1456, -1,
      1456, 1466, 1467, -1,
      1456, 1467, 1454, -1,
      1454, 1467, 1469, -1,
      1454, 1469, 1452, -1,
      1452, 1469, 1471, -1,
      1452, 1471, 1450, -1,
      1450, 1471, 1473, -1,
      1450, 1473, 1448, -1,
      1448, 1473, 1475, -1,
      1448, 1475, 1446, -1,
      1446, 1475, 1477, -1,
      1446, 1477, 1444, -1,
      1444, 1477, 1479, -1,
      1444, 1479, 161, -1,
      161, 1479, 162, -1,
      160, 1445, 161, -1,
      161, 1445, 1444, -1,
      1479, 1478, 162, -1,
      162, 1478, 163, -1,
      1480, 104, 1481, -1,
      1481, 104, 105, -1,
      1482, 1483, 1484, -1,
      1484, 1483, 1485, -1,
      1486, 103, 1487, -1,
      1487, 103, 102, -1,
      1487, 102, 1480, -1,
      1480, 102, 104, -1,
      1481, 105, 1486, -1,
      1486, 105, 103, -1,
      1488, 1489, 1490, -1,
      1490, 1489, 1491, -1,
      1490, 1491, 1492, -1,
      1492, 1491, 1493, -1,
      1492, 1493, 1494, -1,
      1494, 1493, 1495, -1,
      1494, 1495, 1496, -1,
      1496, 1495, 1497, -1,
      1496, 1497, 1498, -1,
      1498, 1497, 1499, -1,
      1498, 1499, 1500, -1,
      1500, 1499, 1501, -1,
      1502, 1500, 1503, -1,
      1503, 1500, 1501, -1,
      1504, 1505, 1506, -1,
      1506, 1505, 1507, -1,
      1508, 1509, 1510, -1,
      1510, 1509, 1511, -1,
      1511, 1509, 1512, -1,
      1511, 1512, 1513, -1,
      1513, 1512, 1514, -1,
      1513, 1514, 1515, -1,
      1515, 1514, 1516, -1,
      1515, 1516, 1517, -1,
      1517, 1516, 1518, -1,
      1517, 1518, 1519, -1,
      1519, 1518, 1520, -1,
      1519, 1520, 1521, -1,
      1521, 1520, 1522, -1,
      1521, 1522, 1523, -1,
      156, 159, 1489, -1,
      1489, 159, 1522, -1,
      1489, 1522, 1491, -1,
      1491, 1522, 1520, -1,
      1491, 1520, 1493, -1,
      1493, 1520, 1518, -1,
      1493, 1518, 1495, -1,
      1495, 1518, 1516, -1,
      1495, 1516, 1497, -1,
      1497, 1516, 1514, -1,
      1497, 1514, 1499, -1,
      1499, 1514, 1512, -1,
      1499, 1512, 1501, -1,
      1501, 1512, 1509, -1,
      1501, 1509, 1503, -1,
      1503, 1509, 1508, -1,
      1502, 1510, 1500, -1,
      1500, 1510, 1511, -1,
      1500, 1511, 1498, -1,
      1498, 1511, 1513, -1,
      1498, 1513, 1496, -1,
      1496, 1513, 1515, -1,
      1496, 1515, 1494, -1,
      1494, 1515, 1517, -1,
      1494, 1517, 1492, -1,
      1492, 1517, 1519, -1,
      1492, 1519, 1490, -1,
      1490, 1519, 1521, -1,
      1490, 1521, 1488, -1,
      1488, 1521, 1523, -1,
      1488, 1523, 157, -1,
      157, 1523, 158, -1,
      156, 1489, 157, -1,
      157, 1489, 1488, -1,
      1523, 1522, 158, -1,
      158, 1522, 159, -1,
      1524, 108, 1525, -1,
      1525, 108, 109, -1,
      1526, 1527, 1528, -1,
      1528, 1527, 1529, -1,
      1530, 107, 1531, -1,
      1531, 107, 106, -1,
      1531, 106, 1524, -1,
      1524, 106, 108, -1,
      1525, 109, 1530, -1,
      1530, 109, 107, -1,
      1532, 1533, 1534, -1,
      1534, 1533, 1535, -1,
      1534, 1535, 1536, -1,
      1536, 1535, 1537, -1,
      1536, 1537, 1538, -1,
      1538, 1537, 1539, -1,
      1538, 1539, 1540, -1,
      1540, 1539, 1541, -1,
      1540, 1541, 1542, -1,
      1542, 1541, 1543, -1,
      1542, 1543, 1544, -1,
      1544, 1543, 1545, -1,
      1546, 1544, 1547, -1,
      1547, 1544, 1545, -1,
      1548, 1549, 1550, -1,
      1550, 1549, 1551, -1,
      1552, 1553, 1554, -1,
      1554, 1553, 1555, -1,
      1555, 1553, 1556, -1,
      1555, 1556, 1557, -1,
      1557, 1556, 1558, -1,
      1557, 1558, 1559, -1,
      1559, 1558, 1560, -1,
      1559, 1560, 1561, -1,
      1561, 1560, 1562, -1,
      1561, 1562, 1563, -1,
      1563, 1562, 1564, -1,
      1563, 1564, 1565, -1,
      1565, 1564, 1566, -1,
      1565, 1566, 1567, -1,
      153, 154, 1533, -1,
      1533, 154, 1566, -1,
      1533, 1566, 1535, -1,
      1535, 1566, 1564, -1,
      1535, 1564, 1537, -1,
      1537, 1564, 1562, -1,
      1537, 1562, 1539, -1,
      1539, 1562, 1560, -1,
      1539, 1560, 1541, -1,
      1541, 1560, 1558, -1,
      1541, 1558, 1543, -1,
      1543, 1558, 1556, -1,
      1543, 1556, 1545, -1,
      1545, 1556, 1553, -1,
      1545, 1553, 1547, -1,
      1547, 1553, 1552, -1,
      1546, 1554, 1544, -1,
      1544, 1554, 1555, -1,
      1544, 1555, 1542, -1,
      1542, 1555, 1557, -1,
      1542, 1557, 1540, -1,
      1540, 1557, 1559, -1,
      1540, 1559, 1538, -1,
      1538, 1559, 1561, -1,
      1538, 1561, 1536, -1,
      1536, 1561, 1563, -1,
      1536, 1563, 1534, -1,
      1534, 1563, 1565, -1,
      1534, 1565, 1532, -1,
      1532, 1565, 1567, -1,
      1532, 1567, 152, -1,
      152, 1567, 155, -1,
      153, 1533, 152, -1,
      152, 1533, 1532, -1,
      1567, 1566, 155, -1,
      155, 1566, 154, -1,
      1568, 111, 1569, -1,
      1569, 111, 112, -1,
      1570, 1571, 1572, -1,
      1572, 1571, 1573, -1,
      1574, 113, 1575, -1,
      1575, 113, 110, -1,
      1575, 110, 1568, -1,
      1568, 110, 111, -1,
      1569, 112, 1574, -1,
      1574, 112, 113, -1,
      1576, 1577, 1578, -1,
      1578, 1577, 1579, -1,
      1578, 1579, 1580, -1,
      1580, 1579, 1581, -1,
      1580, 1581, 1582, -1,
      1582, 1581, 1583, -1,
      1582, 1583, 1584, -1,
      1584, 1583, 1585, -1,
      1584, 1585, 1586, -1,
      1586, 1585, 1587, -1,
      1586, 1587, 1588, -1,
      1588, 1587, 1589, -1,
      1590, 1588, 1591, -1,
      1591, 1588, 1589, -1,
      1592, 1593, 1594, -1,
      1594, 1593, 1595, -1,
      1596, 1597, 1598, -1,
      1598, 1597, 1599, -1,
      1599, 1597, 1600, -1,
      1599, 1600, 1601, -1,
      1601, 1600, 1602, -1,
      1601, 1602, 1603, -1,
      1603, 1602, 1604, -1,
      1603, 1604, 1605, -1,
      1605, 1604, 1606, -1,
      1605, 1606, 1607, -1,
      1607, 1606, 1608, -1,
      1607, 1608, 1609, -1,
      1609, 1608, 1610, -1,
      1609, 1610, 1611, -1,
      208, 211, 1577, -1,
      1577, 211, 1610, -1,
      1577, 1610, 1579, -1,
      1579, 1610, 1608, -1,
      1579, 1608, 1581, -1,
      1581, 1608, 1606, -1,
      1581, 1606, 1583, -1,
      1583, 1606, 1604, -1,
      1583, 1604, 1585, -1,
      1585, 1604, 1602, -1,
      1585, 1602, 1587, -1,
      1587, 1602, 1600, -1,
      1587, 1600, 1589, -1,
      1589, 1600, 1597, -1,
      1589, 1597, 1591, -1,
      1591, 1597, 1596, -1,
      1590, 1598, 1588, -1,
      1588, 1598, 1599, -1,
      1588, 1599, 1586, -1,
      1586, 1599, 1601, -1,
      1586, 1601, 1584, -1,
      1584, 1601, 1603, -1,
      1584, 1603, 1582, -1,
      1582, 1603, 1605, -1,
      1582, 1605, 1580, -1,
      1580, 1605, 1607, -1,
      1580, 1607, 1578, -1,
      1578, 1607, 1609, -1,
      1578, 1609, 1576, -1,
      1576, 1609, 1611, -1,
      1576, 1611, 209, -1,
      209, 1611, 210, -1,
      208, 1577, 209, -1,
      209, 1577, 1576, -1,
      1611, 1610, 210, -1,
      210, 1610, 211, -1,
      1612, 58, 1613, -1,
      1613, 58, 59, -1,
      1614, 1615, 1616, -1,
      1616, 1615, 1617, -1,
      1618, 57, 1619, -1,
      1619, 57, 56, -1,
      1619, 56, 1612, -1,
      1612, 56, 58, -1,
      1613, 59, 1618, -1,
      1618, 59, 57, -1,
      1620, 1621, 1622, -1,
      1622, 1621, 1623, -1,
      1622, 1623, 1624, -1,
      1624, 1623, 1625, -1,
      1624, 1625, 1626, -1,
      1626, 1625, 1627, -1,
      1626, 1627, 1628, -1,
      1628, 1627, 1629, -1,
      1628, 1629, 1630, -1,
      1630, 1629, 1631, -1,
      1630, 1631, 1632, -1,
      1632, 1631, 1633, -1,
      1634, 1632, 1635, -1,
      1635, 1632, 1633, -1,
      1636, 1637, 1638, -1,
      1638, 1637, 1639, -1,
      1640, 1641, 1642, -1,
      1642, 1641, 1643, -1,
      1643, 1641, 1644, -1,
      1643, 1644, 1645, -1,
      1645, 1644, 1646, -1,
      1645, 1646, 1647, -1,
      1647, 1646, 1648, -1,
      1647, 1648, 1649, -1,
      1649, 1648, 1650, -1,
      1649, 1650, 1651, -1,
      1651, 1650, 1652, -1,
      1651, 1652, 1653, -1,
      1653, 1652, 1654, -1,
      1653, 1654, 1655, -1,
      212, 215, 1621, -1,
      1621, 215, 1654, -1,
      1621, 1654, 1623, -1,
      1623, 1654, 1652, -1,
      1623, 1652, 1625, -1,
      1625, 1652, 1650, -1,
      1625, 1650, 1627, -1,
      1627, 1650, 1648, -1,
      1627, 1648, 1629, -1,
      1629, 1648, 1646, -1,
      1629, 1646, 1631, -1,
      1631, 1646, 1644, -1,
      1631, 1644, 1633, -1,
      1633, 1644, 1641, -1,
      1633, 1641, 1635, -1,
      1635, 1641, 1640, -1,
      1634, 1642, 1632, -1,
      1632, 1642, 1643, -1,
      1632, 1643, 1630, -1,
      1630, 1643, 1645, -1,
      1630, 1645, 1628, -1,
      1628, 1645, 1647, -1,
      1628, 1647, 1626, -1,
      1626, 1647, 1649, -1,
      1626, 1649, 1624, -1,
      1624, 1649, 1651, -1,
      1624, 1651, 1622, -1,
      1622, 1651, 1653, -1,
      1622, 1653, 1620, -1,
      1620, 1653, 1655, -1,
      1620, 1655, 213, -1,
      213, 1655, 214, -1,
      212, 1621, 213, -1,
      213, 1621, 1620, -1,
      1655, 1654, 214, -1,
      214, 1654, 215, -1,
      1656, 54, 1657, -1,
      1657, 54, 55, -1,
      1658, 1659, 1660, -1,
      1660, 1659, 1661, -1,
      1662, 53, 1663, -1,
      1663, 53, 52, -1,
      1663, 52, 1656, -1,
      1656, 52, 54, -1,
      1657, 55, 1662, -1,
      1662, 55, 53, -1,
      1026, 1023, 1024, -1,
      1024, 1023, 1021, -1,
      1018, 1022, 1026, -1,
      1026, 1022, 1023, -1,
      1020, 1019, 1021, -1,
      1021, 1019, 1024, -1,
      1019, 1020, 1018, -1,
      1018, 1020, 1022, -1,
      1047, 1045, 1046, -1,
      1046, 1045, 1043, -1,
      1040, 1044, 1047, -1,
      1047, 1044, 1045, -1,
      1042, 1041, 1043, -1,
      1043, 1041, 1046, -1,
      1041, 1042, 1040, -1,
      1040, 1042, 1044, -1,
      1070, 1067, 1068, -1,
      1068, 1067, 1065, -1,
      1062, 1066, 1070, -1,
      1070, 1066, 1067, -1,
      1064, 1063, 1065, -1,
      1065, 1063, 1068, -1,
      1063, 1064, 1062, -1,
      1062, 1064, 1066, -1,
      1091, 1089, 1090, -1,
      1090, 1089, 1087, -1,
      1084, 1088, 1091, -1,
      1091, 1088, 1089, -1,
      1086, 1085, 1087, -1,
      1087, 1085, 1090, -1,
      1085, 1086, 1084, -1,
      1084, 1086, 1088, -1,
      1114, 1111, 1112, -1,
      1112, 1111, 1109, -1,
      1106, 1110, 1114, -1,
      1114, 1110, 1111, -1,
      1108, 1107, 1109, -1,
      1109, 1107, 1112, -1,
      1107, 1108, 1106, -1,
      1106, 1108, 1110, -1,
      1135, 1133, 1134, -1,
      1134, 1133, 1131, -1,
      1128, 1132, 1135, -1,
      1135, 1132, 1133, -1,
      1130, 1129, 1131, -1,
      1131, 1129, 1134, -1,
      1129, 1130, 1128, -1,
      1128, 1130, 1132, -1,
      1158, 1155, 1156, -1,
      1156, 1155, 1153, -1,
      1150, 1154, 1158, -1,
      1158, 1154, 1155, -1,
      1152, 1151, 1153, -1,
      1153, 1151, 1156, -1,
      1151, 1152, 1150, -1,
      1150, 1152, 1154, -1,
      1179, 1177, 1178, -1,
      1178, 1177, 1175, -1,
      1172, 1176, 1179, -1,
      1179, 1176, 1177, -1,
      1174, 1173, 1175, -1,
      1175, 1173, 1178, -1,
      1173, 1174, 1172, -1,
      1172, 1174, 1176, -1,
      1202, 1199, 1200, -1,
      1200, 1199, 1197, -1,
      1194, 1198, 1202, -1,
      1202, 1198, 1199, -1,
      1196, 1195, 1197, -1,
      1197, 1195, 1200, -1,
      1195, 1196, 1194, -1,
      1194, 1196, 1198, -1,
      1223, 1221, 1222, -1,
      1222, 1221, 1219, -1,
      1216, 1220, 1223, -1,
      1223, 1220, 1221, -1,
      1218, 1217, 1219, -1,
      1219, 1217, 1222, -1,
      1217, 1218, 1216, -1,
      1216, 1218, 1220, -1,
      1246, 1243, 1244, -1,
      1244, 1243, 1241, -1,
      1238, 1242, 1246, -1,
      1246, 1242, 1243, -1,
      1240, 1239, 1241, -1,
      1241, 1239, 1244, -1,
      1239, 1240, 1238, -1,
      1238, 1240, 1242, -1,
      1267, 1265, 1266, -1,
      1266, 1265, 1263, -1,
      1260, 1264, 1267, -1,
      1267, 1264, 1265, -1,
      1262, 1261, 1263, -1,
      1263, 1261, 1266, -1,
      1261, 1262, 1260, -1,
      1260, 1262, 1264, -1,
      1290, 1287, 1288, -1,
      1288, 1287, 1285, -1,
      1282, 1286, 1290, -1,
      1290, 1286, 1287, -1,
      1284, 1283, 1285, -1,
      1285, 1283, 1288, -1,
      1283, 1284, 1282, -1,
      1282, 1284, 1286, -1,
      1311, 1309, 1310, -1,
      1310, 1309, 1307, -1,
      1304, 1308, 1311, -1,
      1311, 1308, 1309, -1,
      1306, 1305, 1307, -1,
      1307, 1305, 1310, -1,
      1305, 1306, 1304, -1,
      1304, 1306, 1308, -1,
      1334, 1331, 1332, -1,
      1332, 1331, 1329, -1,
      1326, 1330, 1334, -1,
      1334, 1330, 1331, -1,
      1328, 1327, 1329, -1,
      1329, 1327, 1332, -1,
      1327, 1328, 1326, -1,
      1326, 1328, 1330, -1,
      1355, 1353, 1354, -1,
      1354, 1353, 1351, -1,
      1348, 1352, 1355, -1,
      1355, 1352, 1353, -1,
      1350, 1349, 1351, -1,
      1351, 1349, 1354, -1,
      1349, 1350, 1348, -1,
      1348, 1350, 1352, -1,
      1378, 1375, 1376, -1,
      1376, 1375, 1373, -1,
      1370, 1374, 1378, -1,
      1378, 1374, 1375, -1,
      1372, 1371, 1373, -1,
      1373, 1371, 1376, -1,
      1371, 1372, 1370, -1,
      1370, 1372, 1374, -1,
      1399, 1397, 1398, -1,
      1398, 1397, 1395, -1,
      1392, 1396, 1399, -1,
      1399, 1396, 1397, -1,
      1394, 1393, 1395, -1,
      1395, 1393, 1398, -1,
      1393, 1394, 1392, -1,
      1392, 1394, 1396, -1,
      1422, 1419, 1420, -1,
      1420, 1419, 1417, -1,
      1414, 1418, 1422, -1,
      1422, 1418, 1419, -1,
      1416, 1415, 1417, -1,
      1417, 1415, 1420, -1,
      1415, 1416, 1414, -1,
      1414, 1416, 1418, -1,
      1443, 1441, 1442, -1,
      1442, 1441, 1439, -1,
      1436, 1440, 1443, -1,
      1443, 1440, 1441, -1,
      1438, 1437, 1439, -1,
      1439, 1437, 1442, -1,
      1437, 1438, 1436, -1,
      1436, 1438, 1440, -1,
      1466, 1463, 1464, -1,
      1464, 1463, 1461, -1,
      1458, 1462, 1466, -1,
      1466, 1462, 1463, -1,
      1460, 1459, 1461, -1,
      1461, 1459, 1464, -1,
      1459, 1460, 1458, -1,
      1458, 1460, 1462, -1,
      1487, 1485, 1486, -1,
      1486, 1485, 1483, -1,
      1480, 1484, 1487, -1,
      1487, 1484, 1485, -1,
      1482, 1481, 1483, -1,
      1483, 1481, 1486, -1,
      1481, 1482, 1480, -1,
      1480, 1482, 1484, -1,
      1510, 1507, 1508, -1,
      1508, 1507, 1505, -1,
      1502, 1506, 1510, -1,
      1510, 1506, 1507, -1,
      1504, 1503, 1505, -1,
      1505, 1503, 1508, -1,
      1503, 1504, 1502, -1,
      1502, 1504, 1506, -1,
      1531, 1529, 1530, -1,
      1530, 1529, 1527, -1,
      1524, 1528, 1531, -1,
      1531, 1528, 1529, -1,
      1526, 1525, 1527, -1,
      1527, 1525, 1530, -1,
      1525, 1526, 1524, -1,
      1524, 1526, 1528, -1,
      1554, 1551, 1552, -1,
      1552, 1551, 1549, -1,
      1546, 1550, 1554, -1,
      1554, 1550, 1551, -1,
      1548, 1547, 1549, -1,
      1549, 1547, 1552, -1,
      1547, 1548, 1546, -1,
      1546, 1548, 1550, -1,
      1575, 1573, 1574, -1,
      1574, 1573, 1571, -1,
      1568, 1572, 1575, -1,
      1575, 1572, 1573, -1,
      1570, 1569, 1571, -1,
      1571, 1569, 1574, -1,
      1569, 1570, 1568, -1,
      1568, 1570, 1572, -1,
      1598, 1595, 1596, -1,
      1596, 1595, 1593, -1,
      1590, 1594, 1598, -1,
      1598, 1594, 1595, -1,
      1592, 1591, 1593, -1,
      1593, 1591, 1596, -1,
      1591, 1592, 1590, -1,
      1590, 1592, 1594, -1,
      1619, 1617, 1618, -1,
      1618, 1617, 1615, -1,
      1612, 1616, 1619, -1,
      1619, 1616, 1617, -1,
      1614, 1613, 1615, -1,
      1615, 1613, 1618, -1,
      1613, 1614, 1612, -1,
      1612, 1614, 1616, -1,
      1642, 1639, 1640, -1,
      1640, 1639, 1637, -1,
      1634, 1638, 1642, -1,
      1642, 1638, 1639, -1,
      1636, 1635, 1637, -1,
      1637, 1635, 1640, -1,
      1635, 1636, 1634, -1,
      1634, 1636, 1638, -1,
      1663, 1661, 1662, -1,
      1662, 1661, 1659, -1,
      1656, 1660, 1663, -1,
      1663, 1660, 1661, -1,
      1658, 1657, 1659, -1,
      1659, 1657, 1662, -1,
      1657, 1658, 1656, -1,
      1656, 1658, 1660, -1,
    ]
  }
}

Shape {
  appearance Appearance {
    material Material {
      diffuseColor 1.0000 1.0000 1.0000
      specularColor 0.5020 0.5020 0.5020
      ambientIntensity 0.2
      transparency 0.0000
      shininess 0.5
    }
  }
  geometry IndexedFaceSet {
    ccw TRUE
    solid FALSE
    coord DEF co Coordinate {
      point [
        0.984252 0.102459 0.256623,
        0.984252 0.111535 0.256623,
        0.984252 0.111535 0.304665,
        0.984252 0.101366 0.299139,
        0.984252 0.101366 0.304665,
        0.984252 0.125240 0.304665,
        0.984252 0.095797 0.304665,
        0.984252 0.132878 0.257608,
        0.984252 0.124748 0.256623,
        0.984252 0.102459 0.262100,
        0.984252 0.145391 0.296319,
        0.984252 0.148289 0.292037,
        0.984252 0.149240 0.272278,
        0.984252 0.146807 0.267348,
        0.984252 0.143403 0.298303,
        0.984252 0.143403 0.263353,
        0.984252 0.138360 0.259742,
        0.984252 0.133541 0.257867,
        0.984252 0.132888 0.303779,
        0.984252 0.133541 0.303531,
        0.984252 0.138644 0.301596,
        0.984252 0.149976 0.287361,
        0.984252 0.150648 0.281258,
        0.984252 0.150468 0.277848,
        0.984252 0.082822 0.278261,
        0.984252 0.082822 0.262100,
        0.984252 0.095797 0.278261,
        0.984252 0.095797 0.262100,
        0.984252 0.100003 0.278261,
        0.984252 0.100003 0.283763,
        0.984252 0.095797 0.283763,
        0.984252 0.095797 0.299139,
        0.984252 0.082822 0.283763,
        0.984252 0.082822 0.299139,
        0.984252 0.076621 0.304665,
        0.984252 0.076621 0.256623,
        0.984252 0.064954 0.304120,
        0.984252 0.067005 0.303510,
        0.984252 0.067005 0.264556,
        0.984252 0.067005 0.297026,
        0.984252 0.066237 0.297435,
        0.984252 0.038193 0.286128,
        0.984252 0.064954 0.263647,
        0.984252 0.039717 0.290411,
        0.984252 0.041957 0.293831,
        0.984252 0.037544 0.280104,
        0.984252 0.037547 0.279655,
        0.984252 0.062088 0.262375,
        0.984252 0.056618 0.261406,
        0.984252 0.061335 0.299233,
        0.984252 0.055682 0.299875,
        0.984252 0.053555 0.299777,
        0.984252 0.049412 0.298921,
        0.984252 0.064954 0.297906,
        0.984252 0.045661 0.297117,
        0.984252 0.042591 0.294546,
        0.984252 0.038303 0.273757,
        0.984252 0.039815 0.269843,
        0.984252 0.042260 0.266398,
        0.984252 0.046643 0.263090,
        0.984252 0.050128 0.261833,
        0.984252 0.054602 0.261339,
        0.984252 0.043440 0.265254,
        0.984252 0.051986 0.305070,
        0.984252 0.055621 0.305475,
        0.984252 0.056062 0.305473,
        0.984252 0.060554 0.305070,
        0.984252 0.062276 0.304915,
        0.984252 0.049185 0.304758,
        0.984252 0.044085 0.302906,
        0.984252 0.032297 0.288807,
        0.984252 0.034639 0.294102,
        0.984252 0.037974 0.298402,
        0.984252 0.039362 0.299712,
        0.984252 0.040837 0.259306,
        0.984252 0.037200 0.262370,
        0.984252 0.036441 0.263220,
        0.984252 0.033674 0.267411,
        0.984252 0.031819 0.272567,
        0.984252 0.031035 0.279735,
        0.984252 0.031146 0.282604,
        0.984252 0.057203 0.256218,
        0.984252 0.053705 0.255813,
        0.984252 0.050488 0.255982,
        0.984252 0.049412 0.256218,
        0.984252 0.045335 0.257110,
        0.984252 0.067005 0.258613,
        0.984252 0.064954 0.257830,
        0.984252 0.062271 0.256805,
        0.984252 0.029070 0.262100,
        0.984252 0.029070 0.256623,
        0.984252 0.003735 0.256623,
        0.984252 0.009937 0.262100,
        0.984252 0.009937 0.304665,
        0.984252 0.003735 0.304665,
        0.984252 0.095797 0.256623,
        0.988189 0.029070 0.262100,
        0.988189 0.029070 0.256623,
        0.988189 0.009937 0.262100,
        0.988189 0.009937 0.304665,
        0.988189 0.003735 0.304665,
        0.988189 0.003735 0.256623,
        0.988189 0.053705 0.255813,
        0.988189 0.062271 0.256805,
        0.988189 0.067005 0.258613,
        0.988189 0.067005 0.264556,
        0.988189 0.062088 0.262375,
        0.988189 0.056618 0.261406,
        0.988189 0.054602 0.261339,
        0.988189 0.050128 0.261833,
        0.988189 0.046643 0.263090,
        0.988189 0.043440 0.265254,
        0.988189 0.042260 0.266398,
        0.988189 0.039815 0.269843,
        0.988189 0.038303 0.273757,
        0.988189 0.037547 0.279655,
        0.988189 0.037544 0.280104,
        0.988189 0.038193 0.286128,
        0.988189 0.039717 0.290411,
        0.988189 0.041957 0.293831,
        0.988189 0.042591 0.294546,
        0.988189 0.045661 0.297117,
        0.988189 0.049412 0.298921,
        0.988189 0.053555 0.299777,
        0.988189 0.055682 0.299875,
        0.988189 0.067005 0.297026,
        0.988189 0.066237 0.297435,
        0.988189 0.061335 0.299233,
        0.988189 0.067005 0.303510,
        0.988189 0.055621 0.305475,
        0.988189 0.056062 0.305473,
        0.988189 0.062276 0.304915,
        0.988189 0.049185 0.304758,
        0.988189 0.044085 0.302906,
        0.988189 0.039362 0.299712,
        0.988189 0.037974 0.298402,
        0.988189 0.034639 0.294102,
        0.988189 0.032297 0.288807,
        0.988189 0.031146 0.282604,
        0.988189 0.031035 0.279735,
        0.988189 0.031819 0.272567,
        0.988189 0.033674 0.267411,
        0.988189 0.036441 0.263220,
        0.988189 0.037200 0.262370,
        0.988189 0.050488 0.255982,
        0.988189 0.040837 0.259306,
        0.988189 0.045335 0.257110,
        0.988189 0.102459 0.262100,
        0.988189 0.102459 0.256623,
        0.988189 0.082822 0.262100,
        0.988189 0.082822 0.278261,
        0.988189 0.100003 0.278261,
        0.988189 0.100003 0.283763,
        0.988189 0.082822 0.283763,
        0.988189 0.082822 0.299139,
        0.988189 0.101366 0.299139,
        0.988189 0.101366 0.304665,
        0.988189 0.076621 0.304665,
        0.988189 0.076621 0.256623,
        0.988189 0.141504 0.270272,
        0.988189 0.138994 0.267111,
        0.988189 0.143403 0.263353,
        0.988189 0.138071 0.266276,
        0.988189 0.138360 0.259742,
        0.988189 0.134880 0.264200,
        0.988189 0.132878 0.257608,
        0.988189 0.130754 0.262743,
        0.988189 0.124748 0.256623,
        0.988189 0.124712 0.262100,
        0.988189 0.111535 0.256623,
        0.988189 0.117736 0.262100,
        0.988189 0.111535 0.304665,
        0.988189 0.117736 0.299139,
        0.988189 0.125240 0.304665,
        0.988189 0.124994 0.299139,
        0.988189 0.132888 0.303779,
        0.988189 0.130959 0.298507,
        0.988189 0.138644 0.301596,
        0.988189 0.135166 0.297042,
        0.988189 0.143403 0.298303,
        0.988189 0.138859 0.294619,
        0.988189 0.145391 0.296319,
        0.988189 0.140485 0.292965,
        0.988189 0.148289 0.292037,
        0.988189 0.142276 0.290184,
        0.988189 0.149976 0.287361,
        0.988189 0.143557 0.286519,
        0.988189 0.150648 0.281258,
        0.988189 0.144128 0.281086,
        0.988189 0.150468 0.277848,
        0.988189 0.144000 0.278354,
        0.988189 0.149240 0.272278,
        0.988189 0.143114 0.273882,
        0.988189 0.146807 0.267348,
        0.984252 0.124994 0.299139,
        0.984252 0.117736 0.299139,
        0.984252 0.117736 0.262100,
        0.984252 0.124712 0.262100,
        0.984252 0.138994 0.267111,
        0.984252 0.138071 0.266276,
        0.984252 0.134880 0.264200,
        0.984252 0.130754 0.262743,
        0.984252 0.144128 0.281086,
        0.984252 0.144000 0.278354,
        0.984252 0.143114 0.273882,
        0.984252 0.141504 0.270272,
        0.984252 0.138859 0.294619,
        0.984252 0.140485 0.292965,
        0.984252 0.142276 0.290184,
        0.984252 0.143557 0.286519,
        0.984252 0.130959 0.298507,
        0.984252 0.135166 0.297042,
      ]
    }
    coordIndex [
      96, 97, 89, -1,
      89, 97, 90, -1,
      98, 96, 92, -1,
      92, 96, 89, -1,
      99, 98, 93, -1,
      93, 98, 92, -1,
      100, 99, 94, -1,
      94, 99, 93, -1,
      101, 100, 91, -1,
      91, 100, 94, -1,
      97, 101, 90, -1,
      90, 101, 91, -1,
      99, 100, 98, -1,
      98, 100, 101, -1,
      98, 101, 96, -1,
      96, 101, 97, -1,
      102, 82, 81, -1,
      102, 81, 103, -1,
      86, 104, 87, -1,
      87, 104, 103, -1,
      87, 103, 88, -1,
      88, 103, 81, -1,
      105, 104, 38, -1,
      38, 104, 86, -1,
      105, 38, 42, -1,
      105, 42, 106, -1,
      42, 47, 106, -1,
      106, 47, 48, -1,
      106, 48, 107, -1,
      107, 48, 61, -1,
      107, 61, 108, -1,
      108, 61, 60, -1,
      108, 60, 109, -1,
      109, 60, 59, -1,
      109, 59, 110, -1,
      110, 59, 62, -1,
      110, 62, 111, -1,
      111, 62, 58, -1,
      111, 58, 112, -1,
      112, 58, 57, -1,
      112, 57, 113, -1,
      113, 57, 56, -1,
      113, 56, 114, -1,
      114, 56, 46, -1,
      114, 46, 115, -1,
      115, 46, 45, -1,
      115, 45, 116, -1,
      116, 45, 41, -1,
      116, 41, 117, -1,
      117, 41, 43, -1,
      117, 43, 118, -1,
      118, 43, 44, -1,
      118, 44, 119, -1,
      119, 44, 55, -1,
      119, 55, 120, -1,
      120, 55, 54, -1,
      120, 54, 121, -1,
      121, 54, 52, -1,
      121, 52, 122, -1,
      122, 52, 51, -1,
      122, 51, 123, -1,
      123, 51, 50, -1,
      123, 50, 124, -1,
      39, 125, 126, -1,
      124, 50, 49, -1,
      124, 49, 127, -1,
      127, 49, 53, -1,
      127, 53, 126, -1,
      126, 53, 40, -1,
      126, 40, 39, -1,
      128, 125, 37, -1,
      37, 125, 39, -1,
      64, 129, 130, -1,
      128, 37, 36, -1,
      128, 36, 131, -1,
      36, 67, 131, -1,
      131, 67, 66, -1,
      131, 66, 130, -1,
      130, 66, 65, -1,
      130, 65, 64, -1,
      129, 64, 132, -1,
      132, 64, 63, -1,
      63, 68, 132, -1,
      132, 68, 69, -1,
      132, 69, 133, -1,
      133, 69, 73, -1,
      133, 73, 134, -1,
      134, 73, 72, -1,
      134, 72, 135, -1,
      135, 72, 71, -1,
      135, 71, 136, -1,
      136, 71, 70, -1,
      136, 70, 137, -1,
      137, 70, 80, -1,
      137, 80, 138, -1,
      138, 80, 79, -1,
      138, 79, 139, -1,
      139, 79, 78, -1,
      139, 78, 140, -1,
      140, 78, 77, -1,
      140, 77, 141, -1,
      141, 77, 76, -1,
      141, 76, 142, -1,
      142, 76, 75, -1,
      142, 75, 143, -1,
      82, 102, 144, -1,
      143, 75, 74, -1,
      143, 74, 145, -1,
      145, 74, 85, -1,
      145, 85, 146, -1,
      146, 85, 84, -1,
      146, 84, 144, -1,
      144, 84, 83, -1,
      144, 83, 82, -1,
      126, 125, 128, -1,
      113, 114, 140, -1,
      117, 118, 136, -1,
      140, 114, 139, -1,
      136, 118, 135, -1,
      126, 128, 127, -1,
      127, 128, 131, -1,
      127, 131, 124, -1,
      124, 131, 130, -1,
      124, 130, 123, -1,
      123, 130, 129, -1,
      123, 129, 122, -1,
      122, 129, 132, -1,
      122, 132, 121, -1,
      104, 105, 103, -1,
      103, 105, 106, -1,
      103, 106, 102, -1,
      132, 133, 121, -1,
      121, 133, 134, -1,
      121, 134, 120, -1,
      120, 134, 135, -1,
      120, 135, 119, -1,
      119, 135, 118, -1,
      140, 141, 113, -1,
      113, 141, 142, -1,
      113, 142, 112, -1,
      112, 142, 143, -1,
      112, 143, 111, -1,
      111, 143, 145, -1,
      111, 145, 110, -1,
      110, 145, 146, -1,
      110, 146, 109, -1,
      109, 146, 144, -1,
      109, 144, 108, -1,
      108, 144, 102, -1,
      108, 102, 107, -1,
      107, 102, 106, -1,
      114, 115, 139, -1,
      139, 115, 116, -1,
      139, 116, 138, -1,
      138, 116, 117, -1,
      138, 117, 137, -1,
      137, 117, 136, -1,
      147, 148, 9, -1,
      9, 148, 0, -1,
      25, 149, 27, -1,
      27, 149, 147, -1,
      27, 147, 9, -1,
      150, 149, 24, -1,
      24, 149, 25, -1,
      150, 24, 151, -1,
      151, 24, 26, -1,
      151, 26, 28, -1,
      152, 151, 29, -1,
      29, 151, 28, -1,
      32, 153, 30, -1,
      30, 153, 152, -1,
      30, 152, 29, -1,
      154, 153, 33, -1,
      33, 153, 32, -1,
      154, 33, 155, -1,
      155, 33, 31, -1,
      155, 31, 3, -1,
      156, 155, 4, -1,
      4, 155, 3, -1,
      34, 157, 6, -1,
      6, 157, 156, -1,
      6, 156, 4, -1,
      158, 157, 35, -1,
      35, 157, 34, -1,
      158, 35, 148, -1,
      148, 35, 95, -1,
      148, 95, 0, -1,
      158, 148, 147, -1,
      147, 149, 158, -1,
      158, 149, 150, -1,
      158, 150, 157, -1,
      155, 156, 154, -1,
      154, 156, 157, -1,
      154, 157, 153, -1,
      153, 157, 150, -1,
      153, 150, 152, -1,
      152, 150, 151, -1,
      159, 160, 161, -1,
      161, 160, 162, -1,
      161, 162, 163, -1,
      163, 162, 164, -1,
      163, 164, 165, -1,
      165, 164, 166, -1,
      165, 166, 167, -1,
      167, 166, 168, -1,
      167, 168, 169, -1,
      169, 168, 170, -1,
      169, 170, 171, -1,
      171, 170, 172, -1,
      171, 172, 173, -1,
      173, 172, 174, -1,
      173, 174, 175, -1,
      175, 174, 176, -1,
      175, 176, 177, -1,
      177, 176, 178, -1,
      177, 178, 179, -1,
      179, 178, 180, -1,
      179, 180, 181, -1,
      181, 180, 182, -1,
      181, 182, 183, -1,
      183, 182, 184, -1,
      183, 184, 185, -1,
      185, 184, 186, -1,
      185, 186, 187, -1,
      187, 186, 188, -1,
      187, 188, 189, -1,
      189, 188, 190, -1,
      189, 190, 191, -1,
      191, 190, 192, -1,
      191, 192, 193, -1,
      193, 192, 159, -1,
      193, 159, 161, -1,
      167, 169, 8, -1,
      8, 169, 1, -1,
      15, 161, 163, -1,
      167, 8, 7, -1,
      167, 7, 165, -1,
      165, 7, 17, -1,
      165, 17, 163, -1,
      163, 17, 16, -1,
      163, 16, 15, -1,
      161, 15, 13, -1,
      161, 13, 193, -1,
      193, 13, 12, -1,
      193, 12, 191, -1,
      191, 12, 23, -1,
      191, 23, 189, -1,
      189, 23, 22, -1,
      189, 22, 187, -1,
      187, 22, 21, -1,
      187, 21, 185, -1,
      185, 21, 11, -1,
      185, 11, 183, -1,
      183, 11, 10, -1,
      183, 10, 181, -1,
      181, 10, 14, -1,
      181, 14, 179, -1,
      5, 173, 175, -1,
      179, 14, 20, -1,
      179, 20, 177, -1,
      177, 20, 19, -1,
      177, 19, 175, -1,
      175, 19, 18, -1,
      175, 18, 5, -1,
      171, 173, 2, -1,
      2, 173, 5, -1,
      169, 171, 1, -1,
      1, 171, 2, -1,
      174, 172, 194, -1,
      194, 172, 195, -1,
      172, 170, 195, -1,
      195, 170, 196, -1,
      170, 168, 196, -1,
      196, 168, 197, -1,
      160, 198, 199, -1,
      160, 199, 162, -1,
      162, 199, 200, -1,
      162, 200, 164, -1,
      164, 200, 201, -1,
      164, 201, 166, -1,
      166, 201, 197, -1,
      166, 197, 168, -1,
      188, 202, 203, -1,
      188, 203, 190, -1,
      190, 203, 204, -1,
      190, 204, 192, -1,
      192, 204, 205, -1,
      192, 205, 159, -1,
      159, 205, 198, -1,
      159, 198, 160, -1,
      180, 206, 207, -1,
      180, 207, 182, -1,
      182, 207, 208, -1,
      182, 208, 184, -1,
      184, 208, 209, -1,
      184, 209, 186, -1,
      186, 209, 202, -1,
      186, 202, 188, -1,
      174, 194, 210, -1,
      174, 210, 176, -1,
      176, 210, 211, -1,
      176, 211, 178, -1,
      178, 211, 206, -1,
      178, 206, 180, -1,
    ]
  }
}

Shape {
  appearance Appearance {
    material Material {
      diffuseColor 0.2235 0.2235 0.2235
      specularColor 0.1137 0.1137 0.1137
      ambientIntensity 0.2
      transparency 0.0000
      shininess 0.5
    }
  }
  geometry IndexedFaceSet {
    ccw TRUE
    solid FALSE
    coord DEF co Coordinate {
      point [
        0.984252 0.124994 0.299139,
        0.984252 0.117736 0.299139,
        0.984252 0.117736 0.262100,
        0.984252 0.124712 0.262100,
        0.984252 0.138994 0.267111,
        0.984252 0.138071 0.266276,
        0.984252 0.134880 0.264200,
        0.984252 0.130754 0.262743,
        0.984252 0.144128 0.281086,
        0.984252 0.144000 0.278354,
        0.984252 0.143114 0.273882,
        0.984252 0.141504 0.270272,
        0.984252 0.138859 0.294619,
        0.984252 0.140485 0.292965,
        0.984252 0.142276 0.290184,
        0.984252 0.143557 0.286519,
        0.984252 0.130959 0.298507,
        0.984252 0.135166 0.297042,
      ]
    }
    coordIndex [
      1, 2, 0, -1,
      0, 2, 3, -1,
      0, 3, 7, -1,
      7, 6, 0, -1,
      0, 6, 5, -1,
      0, 5, 4, -1,
      4, 11, 0, -1,
      0, 11, 10, -1,
      0, 10, 9, -1,
      9, 8, 0, -1,
      0, 8, 15, -1,
      0, 15, 14, -1,
      14, 13, 0, -1,
      0, 13, 12, -1,
      0, 12, 16, -1,
      16, 12, 17, -1,
    ]
  }
}

Shape {
  appearance Appearance {
    material Material {
      diffuseColor 1.0000 1.0000 1.0000
      specularColor 0.5020 0.5020 0.5020
      ambientIntensity 0.2
      transparency 0.0000
      shininess 0.5
    }
  }
  geometry IndexedFaceSet {
    ccw TRUE
    solid FALSE
    coord DEF co Coordinate {
      point [
        0.984252 0.189689 0.256623,
        0.984252 0.184789 0.269763,
        0.984252 0.167160 0.269763,
        0.984252 0.178243 0.304665,
        0.984252 0.196541 0.256623,
        0.984252 0.164783 0.269763,
        0.984252 0.160166 0.256623,
        0.984252 0.153313 0.256623,
        0.984252 0.167160 0.292977,
        0.984252 0.171611 0.304665,
        0.988189 0.166748 0.275191,
        0.988189 0.164783 0.269763,
        0.988189 0.182873 0.275191,
        0.988189 0.184789 0.269763,
        0.988189 0.173932 0.295159,
        0.988189 0.171611 0.304665,
        0.988189 0.153313 0.256623,
        0.988189 0.160166 0.256623,
        0.988189 0.174348 0.296593,
        0.988189 0.174719 0.298524,
        0.988189 0.178243 0.304665,
        0.988189 0.174866 0.298524,
        0.988189 0.175254 0.296492,
        0.988189 0.175615 0.295159,
        0.988189 0.196541 0.256623,
        0.988189 0.189689 0.256623,
        0.984252 0.166748 0.275191,
        0.984252 0.182873 0.275191,
        0.984252 0.175615 0.295159,
        0.984252 0.174866 0.298524,
        0.984252 0.175254 0.296492,
        0.984252 0.174719 0.298524,
        0.984252 0.173932 0.295159,
        0.984252 0.174348 0.296593,
      ]
    }
    coordIndex [
      10, 11, 12, -1,
      12, 11, 13, -1,
      14, 15, 10, -1,
      10, 15, 16, -1,
      10, 16, 11, -1,
      11, 16, 17, -1,
      14, 18, 15, -1,
      15, 18, 19, -1,
      15, 19, 20, -1,
      20, 19, 21, -1,
      20, 21, 22, -1,
      22, 23, 20, -1,
      20, 23, 12, -1,
      20, 12, 24, -1,
      24, 12, 13, -1,
      24, 13, 25, -1,
      20, 24, 3, -1,
      3, 24, 4, -1,
      15, 20, 9, -1,
      9, 20, 3, -1,
      7, 16, 8, -1,
      8, 16, 15, -1,
      8, 15, 9, -1,
      17, 16, 6, -1,
      6, 16, 7, -1,
      11, 17, 5, -1,
      5, 17, 6, -1,
      1, 13, 2, -1,
      2, 13, 11, -1,
      2, 11, 5, -1,
      25, 13, 0, -1,
      0, 13, 1, -1,
      24, 25, 4, -1,
      4, 25, 0, -1,
      10, 12, 26, -1,
      26, 12, 27, -1,
      12, 23, 27, -1,
      27, 23, 28, -1,
      21, 29, 30, -1,
      21, 30, 22, -1,
      22, 30, 28, -1,
      22, 28, 23, -1,
      21, 19, 29, -1,
      29, 19, 31, -1,
      14, 32, 33, -1,
      14, 33, 18, -1,
      18, 33, 31, -1,
      18, 31, 19, -1,
      14, 10, 32, -1,
      32, 10, 26, -1,
    ]
  }
}

Shape {
  appearance Appearance {
    material Material {
      diffuseColor 0.2235 0.2235 0.2235
      specularColor 0.1137 0.1137 0.1137
      ambientIntensity 0.2
      transparency 0.0000
      shininess 0.5
    }
  }
  geometry IndexedFaceSet {
    ccw TRUE
    solid FALSE
    coord DEF co Coordinate {
      point [
        0.984252 0.166748 0.275191,
        0.984252 0.182873 0.275191,
        0.984252 0.175615 0.295159,
        0.984252 0.174866 0.298524,
        0.984252 0.175254 0.296492,
        0.984252 0.174719 0.298524,
        0.984252 0.173932 0.295159,
        0.984252 0.174348 0.296593,
      ]
    }
    coordIndex [
      3, 5, 4, -1,
      4, 5, 7, -1,
      4, 7, 2, -1,
      2, 7, 6, -1,
      2, 6, 1, -1,
      1, 6, 0, -1,
    ]
  }
}

Shape {
  appearance Appearance {
    material Material {
      diffuseColor 1.0000 1.0000 1.0000
      specularColor 0.5020 0.5020 0.5020
      ambientIntensity 0.2
      transparency 0.0000
      shininess 0.5
    }
  }
  geometry IndexedFaceSet {
    ccw TRUE
    solid FALSE
    coord DEF co Coordinate {
      point [
        0.984252 0.029574 0.185887,
        0.984252 0.029574 0.180409,
        0.984252 0.003735 0.180409,
        0.984252 0.029322 0.180409,
        0.984252 0.003735 0.228451,
        0.984252 0.029322 0.185887,
        0.984252 0.028481 0.222925,
        0.984252 0.028481 0.228451,
        0.984252 0.009937 0.202048,
        0.984252 0.009937 0.185887,
        0.984252 0.027118 0.202048,
        0.984252 0.027118 0.207550,
        0.984252 0.009937 0.207550,
        0.984252 0.009937 0.222925,
        0.984252 0.042724 0.180004,
        0.984252 0.042615 0.180017,
        0.984252 0.038686 0.212315,
        0.984252 0.038686 0.206469,
        0.984252 0.056720 0.214385,
        0.984252 0.058709 0.213232,
        0.984252 0.062904 0.202490,
        0.984252 0.062904 0.180409,
        0.984252 0.056886 0.180409,
        0.984252 0.040307 0.180887,
        0.984252 0.038281 0.182301,
        0.984252 0.037608 0.182983,
        0.984252 0.054202 0.215165,
        0.984252 0.036357 0.184832,
        0.984252 0.035630 0.186868,
        0.984252 0.035333 0.189595,
        0.984252 0.060305 0.211684,
        0.984252 0.061528 0.209722,
        0.984252 0.062461 0.206950,
        0.984252 0.056886 0.185715,
        0.984252 0.056726 0.185715,
        0.984252 0.055789 0.184288,
        0.984252 0.053889 0.182241,
        0.984252 0.035357 0.190459,
        0.984252 0.035763 0.193026,
        0.984252 0.036609 0.195133,
        0.984252 0.037832 0.196842,
        0.984252 0.039708 0.198431,
        0.984252 0.042330 0.199736,
        0.984252 0.042534 0.208936,
        0.984252 0.046718 0.200795,
        0.984252 0.051974 0.210406,
        0.984252 0.049935 0.210620,
        0.984252 0.046294 0.210235,
        0.984252 0.040306 0.213230,
        0.984252 0.044850 0.214879,
        0.984252 0.050500 0.215507,
        0.984252 0.056886 0.202220,
        0.984252 0.056677 0.204881,
        0.984252 0.056054 0.207023,
        0.984252 0.055348 0.208263,
        0.984252 0.054438 0.209230,
        0.984252 0.053369 0.209919,
        0.984252 0.046214 0.179599,
        0.984252 0.049317 0.179943,
        0.984252 0.049488 0.180004,
        0.984252 0.051757 0.180824,
        0.988189 0.029574 0.185887,
        0.988189 0.029574 0.180409,
        0.988189 0.009937 0.185887,
        0.988189 0.009937 0.202048,
        0.988189 0.027118 0.202048,
        0.988189 0.027118 0.207550,
        0.988189 0.009937 0.207550,
        0.988189 0.009937 0.222925,
        0.988189 0.028481 0.222925,
        0.988189 0.028481 0.228451,
        0.988189 0.003735 0.228451,
        0.988189 0.003735 0.180409,
        0.988189 0.056726 0.185715,
        0.988189 0.056886 0.185715,
        0.988189 0.056493 0.191252,
        0.988189 0.042330 0.199736,
        0.988189 0.039708 0.198431,
        0.988189 0.043033 0.194434,
        0.988189 0.056880 0.193936,
        0.988189 0.062904 0.202490,
        0.988189 0.056886 0.194336,
        0.988189 0.056886 0.197627,
        0.988189 0.056886 0.180409,
        0.988189 0.062904 0.180409,
        0.988189 0.055610 0.189105,
        0.988189 0.054307 0.187336,
        0.988189 0.055789 0.184288,
        0.988189 0.053552 0.186598,
        0.988189 0.053889 0.182241,
        0.988189 0.051852 0.185451,
        0.988189 0.051757 0.180824,
        0.988189 0.050026 0.184788,
        0.988189 0.049317 0.179943,
        0.988189 0.047774 0.184536,
        0.988189 0.046214 0.179599,
        0.988189 0.045741 0.184765,
        0.988189 0.042615 0.180017,
        0.988189 0.044380 0.185264,
        0.988189 0.040307 0.180887,
        0.988189 0.043181 0.186083,
        0.988189 0.038281 0.182301,
        0.988189 0.042669 0.186598,
        0.988189 0.042313 0.193542,
        0.988189 0.037832 0.196842,
        0.988189 0.041785 0.192420,
        0.988189 0.036609 0.195133,
        0.988189 0.041488 0.191042,
        0.988189 0.043845 0.195053,
        0.988189 0.045290 0.195730,
        0.988189 0.046718 0.200795,
        0.988189 0.048854 0.196546,
        0.988189 0.056886 0.202220,
        0.988189 0.038686 0.212315,
        0.988189 0.038686 0.206469,
        0.988189 0.040306 0.213230,
        0.988189 0.042534 0.208936,
        0.988189 0.044850 0.214879,
        0.988189 0.046294 0.210235,
        0.988189 0.050500 0.215507,
        0.988189 0.049935 0.210620,
        0.988189 0.054202 0.215165,
        0.988189 0.051974 0.210406,
        0.988189 0.056720 0.214385,
        0.988189 0.053369 0.209919,
        0.988189 0.058709 0.213232,
        0.988189 0.054438 0.209230,
        0.988189 0.060305 0.211684,
        0.988189 0.055348 0.208263,
        0.988189 0.061528 0.209722,
        0.988189 0.056054 0.207023,
        0.988189 0.062461 0.206950,
        0.988189 0.056677 0.204881,
        0.988189 0.035763 0.193026,
        0.988189 0.035357 0.190459,
        0.988189 0.041437 0.190087,
        0.988189 0.035333 0.189595,
        0.988189 0.041590 0.188705,
        0.988189 0.035630 0.186868,
        0.988189 0.041985 0.187612,
        0.988189 0.036357 0.184832,
        0.988189 0.037608 0.182983,
        0.984252 0.043033 0.194434,
        0.984252 0.043845 0.195053,
        0.984252 0.045290 0.195730,
        0.984252 0.048854 0.196546,
        0.984252 0.041437 0.190087,
        0.984252 0.041488 0.191042,
        0.984252 0.041785 0.192420,
        0.984252 0.042313 0.193542,
        0.984252 0.043181 0.186083,
        0.984252 0.042669 0.186598,
        0.984252 0.041985 0.187612,
        0.984252 0.041590 0.188705,
        0.984252 0.047774 0.184536,
        0.984252 0.045741 0.184765,
        0.984252 0.044380 0.185264,
        0.984252 0.054307 0.187336,
        0.984252 0.053552 0.186598,
        0.984252 0.051852 0.185451,
        0.984252 0.050026 0.184788,
        0.984252 0.056886 0.194336,
        0.984252 0.056880 0.193936,
        0.984252 0.056493 0.191252,
        0.984252 0.055610 0.189105,
        0.984252 0.056886 0.197627,
      ]
    }
    coordIndex [
      61, 62, 0, -1,
      0, 62, 1, -1,
      9, 63, 5, -1,
      5, 63, 61, -1,
      5, 61, 0, -1,
      64, 63, 8, -1,
      8, 63, 9, -1,
      65, 64, 10, -1,
      10, 64, 8, -1,
      66, 65, 11, -1,
      11, 65, 10, -1,
      67, 66, 12, -1,
      12, 66, 11, -1,
      68, 67, 13, -1,
      13, 67, 12, -1,
      69, 68, 6, -1,
      6, 68, 13, -1,
      70, 69, 7, -1,
      7, 69, 6, -1,
      71, 70, 4, -1,
      4, 70, 7, -1,
      72, 71, 2, -1,
      2, 71, 4, -1,
      1, 62, 3, -1,
      3, 62, 72, -1,
      3, 72, 2, -1,
      72, 62, 61, -1,
      61, 63, 72, -1,
      72, 63, 64, -1,
      72, 64, 71, -1,
      69, 70, 68, -1,
      68, 70, 71, -1,
      68, 71, 67, -1,
      67, 71, 64, -1,
      67, 64, 66, -1,
      66, 64, 65, -1,
      73, 74, 75, -1,
      76, 77, 78, -1,
      79, 80, 81, -1,
      81, 80, 82, -1,
      83, 84, 74, -1,
      74, 84, 80, -1,
      74, 80, 75, -1,
      75, 80, 79, -1,
      75, 85, 73, -1,
      73, 85, 86, -1,
      73, 86, 87, -1,
      87, 86, 88, -1,
      87, 88, 89, -1,
      89, 88, 90, -1,
      89, 90, 91, -1,
      91, 90, 92, -1,
      91, 92, 93, -1,
      93, 92, 94, -1,
      93, 94, 95, -1,
      95, 94, 96, -1,
      95, 96, 97, -1,
      97, 96, 98, -1,
      97, 98, 99, -1,
      99, 98, 100, -1,
      99, 100, 101, -1,
      101, 100, 102, -1,
      78, 77, 103, -1,
      103, 77, 104, -1,
      103, 104, 105, -1,
      105, 104, 106, -1,
      105, 106, 107, -1,
      78, 108, 76, -1,
      76, 108, 109, -1,
      76, 109, 110, -1,
      110, 109, 111, -1,
      110, 111, 112, -1,
      113, 114, 115, -1,
      115, 114, 116, -1,
      115, 116, 117, -1,
      117, 116, 118, -1,
      117, 118, 119, -1,
      119, 118, 120, -1,
      119, 120, 121, -1,
      121, 120, 122, -1,
      121, 122, 123, -1,
      123, 122, 124, -1,
      123, 124, 125, -1,
      125, 124, 126, -1,
      125, 126, 127, -1,
      127, 126, 128, -1,
      127, 128, 129, -1,
      129, 128, 130, -1,
      129, 130, 131, -1,
      131, 130, 132, -1,
      131, 132, 80, -1,
      80, 132, 112, -1,
      80, 112, 82, -1,
      82, 112, 111, -1,
      106, 133, 107, -1,
      107, 133, 134, -1,
      107, 134, 135, -1,
      135, 134, 136, -1,
      135, 136, 137, -1,
      137, 136, 138, -1,
      137, 138, 139, -1,
      139, 138, 140, -1,
      139, 140, 102, -1,
      102, 140, 141, -1,
      102, 141, 101, -1,
      119, 50, 49, -1,
      119, 49, 117, -1,
      117, 49, 48, -1,
      117, 48, 115, -1,
      115, 48, 16, -1,
      115, 16, 113, -1,
      114, 113, 17, -1,
      17, 113, 16, -1,
      114, 17, 43, -1,
      114, 43, 116, -1,
      116, 43, 47, -1,
      116, 47, 118, -1,
      118, 47, 46, -1,
      118, 46, 120, -1,
      120, 46, 45, -1,
      120, 45, 122, -1,
      122, 45, 56, -1,
      122, 56, 124, -1,
      124, 56, 55, -1,
      124, 55, 126, -1,
      126, 55, 54, -1,
      126, 54, 128, -1,
      128, 54, 53, -1,
      128, 53, 130, -1,
      130, 53, 52, -1,
      130, 52, 132, -1,
      132, 52, 51, -1,
      132, 51, 112, -1,
      110, 112, 44, -1,
      44, 112, 51, -1,
      110, 44, 42, -1,
      110, 42, 76, -1,
      76, 42, 41, -1,
      76, 41, 77, -1,
      77, 41, 40, -1,
      77, 40, 104, -1,
      104, 40, 39, -1,
      104, 39, 106, -1,
      106, 39, 38, -1,
      106, 38, 133, -1,
      133, 38, 37, -1,
      133, 37, 134, -1,
      134, 37, 29, -1,
      134, 29, 136, -1,
      136, 29, 28, -1,
      136, 28, 138, -1,
      138, 28, 27, -1,
      138, 27, 140, -1,
      140, 27, 25, -1,
      140, 25, 141, -1,
      141, 25, 24, -1,
      141, 24, 101, -1,
      57, 95, 14, -1,
      14, 95, 97, -1,
      14, 97, 15, -1,
      15, 97, 99, -1,
      15, 99, 23, -1,
      23, 99, 101, -1,
      23, 101, 24, -1,
      95, 57, 58, -1,
      95, 58, 93, -1,
      93, 58, 59, -1,
      93, 59, 91, -1,
      59, 60, 91, -1,
      91, 60, 36, -1,
      91, 36, 89, -1,
      89, 36, 35, -1,
      89, 35, 87, -1,
      87, 35, 34, -1,
      87, 34, 73, -1,
      74, 73, 33, -1,
      33, 73, 34, -1,
      83, 74, 22, -1,
      22, 74, 33, -1,
      84, 83, 21, -1,
      21, 83, 22, -1,
      80, 84, 20, -1,
      20, 84, 21, -1,
      80, 20, 32, -1,
      80, 32, 131, -1,
      131, 32, 31, -1,
      131, 31, 129, -1,
      129, 31, 30, -1,
      129, 30, 127, -1,
      127, 30, 19, -1,
      127, 19, 125, -1,
      125, 19, 18, -1,
      125, 18, 123, -1,
      123, 18, 26, -1,
      123, 26, 121, -1,
      121, 26, 50, -1,
      121, 50, 119, -1,
      78, 142, 143, -1,
      78, 143, 108, -1,
      108, 143, 144, -1,
      108, 144, 109, -1,
      109, 144, 145, -1,
      109, 145, 111, -1,
      135, 146, 147, -1,
      135, 147, 107, -1,
      107, 147, 148, -1,
      107, 148, 105, -1,
      105, 148, 149, -1,
      105, 149, 103, -1,
      103, 149, 142, -1,
      103, 142, 78, -1,
      100, 150, 151, -1,
      100, 151, 102, -1,
      102, 151, 152, -1,
      102, 152, 139, -1,
      139, 152, 153, -1,
      139, 153, 137, -1,
      137, 153, 146, -1,
      137, 146, 135, -1,
      94, 154, 155, -1,
      94, 155, 96, -1,
      96, 155, 156, -1,
      96, 156, 98, -1,
      98, 156, 150, -1,
      98, 150, 100, -1,
      86, 157, 158, -1,
      86, 158, 88, -1,
      88, 158, 159, -1,
      88, 159, 90, -1,
      90, 159, 160, -1,
      90, 160, 92, -1,
      92, 160, 154, -1,
      92, 154, 94, -1,
      81, 161, 162, -1,
      81, 162, 79, -1,
      79, 162, 163, -1,
      79, 163, 75, -1,
      75, 163, 164, -1,
      75, 164, 85, -1,
      85, 164, 157, -1,
      85, 157, 86, -1,
      81, 82, 161, -1,
      161, 82, 165, -1,
      82, 111, 165, -1,
      165, 111, 145, -1,
    ]
  }
}

Shape {
  appearance Appearance {
    material Material {
      diffuseColor 0.2235 0.2235 0.2235
      specularColor 0.1137 0.1137 0.1137
      ambientIntensity 0.2
      transparency 0.0000
      shininess 0.5
    }
  }
  geometry IndexedFaceSet {
    ccw TRUE
    solid FALSE
    coord DEF co Coordinate {
      point [
        0.984252 0.043033 0.194434,
        0.984252 0.043845 0.195053,
        0.984252 0.045290 0.195730,
        0.984252 0.048854 0.196546,
        0.984252 0.041437 0.190087,
        0.984252 0.041488 0.191042,
        0.984252 0.041785 0.192420,
        0.984252 0.042313 0.193542,
        0.984252 0.043181 0.186083,
        0.984252 0.042669 0.186598,
        0.984252 0.041985 0.187612,
        0.984252 0.041590 0.188705,
        0.984252 0.047774 0.184536,
        0.984252 0.045741 0.184765,
        0.984252 0.044380 0.185264,
        0.984252 0.054307 0.187336,
        0.984252 0.053552 0.186598,
        0.984252 0.051852 0.185451,
        0.984252 0.050026 0.184788,
        0.984252 0.056886 0.194336,
        0.984252 0.056880 0.193936,
        0.984252 0.056493 0.191252,
        0.984252 0.055610 0.189105,
        0.984252 0.056886 0.197627,
      ]
    }
    coordIndex [
      23, 3, 19, -1,
      19, 3, 2, -1,
      2, 1, 19, -1,
      19, 1, 0, -1,
      19, 0, 20, -1,
      20, 0, 21, -1,
      21, 0, 7, -1,
      21, 7, 22, -1,
      9, 8, 16, -1,
      9, 16, 10, -1,
      17, 16, 18, -1,
      18, 16, 12, -1,
      7, 6, 22, -1,
      22, 6, 5, -1,
      22, 5, 15, -1,
      15, 5, 4, -1,
      15, 4, 16, -1,
      16, 4, 11, -1,
      16, 11, 10, -1,
      8, 14, 16, -1,
      16, 14, 13, -1,
      16, 13, 12, -1,
    ]
  }
}

Shape {
  appearance Appearance {
    material Material {
      diffuseColor 1.0000 1.0000 1.0000
      specularColor 0.5020 0.5020 0.5020
      ambientIntensity 0.2
      transparency 0.0000
      shininess 0.5
    }
  }
  geometry IndexedFaceSet {
    ccw TRUE
    solid FALSE
    coord DEF co Coordinate {
      point [
        0.984252 0.085256 0.180110,
        0.984252 0.084243 0.180004,
        0.984252 0.208452 0.215823,
        0.984252 0.210139 0.211148,
        0.984252 0.210811 0.205044,
        0.984252 0.210631 0.201634,
        0.984252 0.203565 0.187139,
        0.984252 0.198523 0.183528,
        0.984252 0.209403 0.196065,
        0.984252 0.206969 0.191134,
        0.984252 0.203676 0.187269,
        0.984252 0.193050 0.227565,
        0.984252 0.198807 0.225382,
        0.984252 0.193041 0.181395,
        0.984252 0.184911 0.180409,
        0.984252 0.171697 0.180409,
        0.984252 0.171697 0.228451,
        0.984252 0.185402 0.228451,
        0.984252 0.203565 0.222090,
        0.984252 0.203676 0.221980,
        0.984252 0.205554 0.220106,
        0.984252 0.161529 0.222925,
        0.984252 0.162622 0.185887,
        0.984252 0.162622 0.180409,
        0.984252 0.142985 0.202048,
        0.984252 0.142985 0.185887,
        0.984252 0.151981 0.202048,
        0.984252 0.151981 0.185887,
        0.984252 0.160166 0.202048,
        0.984252 0.160166 0.207550,
        0.984252 0.151981 0.207550,
        0.984252 0.151981 0.222925,
        0.984252 0.142985 0.207550,
        0.984252 0.142985 0.222925,
        0.984252 0.151981 0.180409,
        0.984252 0.136783 0.180409,
        0.984252 0.136783 0.228451,
        0.984252 0.073411 0.186372,
        0.984252 0.073839 0.186211,
        0.984252 0.073839 0.198969,
        0.984252 0.072802 0.200034,
        0.984252 0.072017 0.201288,
        0.984252 0.071058 0.187827,
        0.984252 0.071354 0.203126,
        0.984252 0.071094 0.205462,
        0.984252 0.071332 0.207614,
        0.984252 0.073786 0.199004,
        0.984252 0.071058 0.181613,
        0.984252 0.073839 0.180642,
        0.984252 0.075363 0.180110,
        0.984252 0.076402 0.180004,
        0.984252 0.092586 0.213985,
        0.984252 0.092586 0.208139,
        0.984252 0.074951 0.212781,
        0.984252 0.076735 0.213847,
        0.984252 0.093945 0.187325,
        0.984252 0.093206 0.185418,
        0.984252 0.092085 0.183831,
        0.984252 0.072049 0.209551,
        0.984252 0.073167 0.211178,
        0.984252 0.073839 0.211782,
        0.984252 0.080036 0.215027,
        0.984252 0.084456 0.215507,
        0.984252 0.087774 0.215281,
        0.984252 0.092217 0.195417,
        0.984252 0.093341 0.193759,
        0.984252 0.093983 0.191985,
        0.984252 0.094231 0.189743,
        0.984252 0.090363 0.182325,
        0.984252 0.088553 0.181256,
        0.984252 0.083867 0.210620,
        0.984252 0.082085 0.210486,
        0.984252 0.077296 0.206002,
        0.984252 0.080476 0.210060,
        0.984252 0.079126 0.209343,
        0.984252 0.077351 0.205202,
        0.984252 0.077590 0.204267,
        0.984252 0.078024 0.203455,
        0.984252 0.078610 0.202809,
        0.984252 0.080732 0.201483,
        0.984252 0.087818 0.210171,
        0.984252 0.084456 0.199862,
        0.984252 0.091212 0.208926,
        0.984252 0.086786 0.198919,
        0.984252 0.090782 0.196696,
        0.984252 0.078218 0.208540,
        0.984252 0.077702 0.207774,
        0.984252 0.077405 0.206962,
        0.984252 0.077183 0.184952,
        0.984252 0.080207 0.195490,
        0.984252 0.076620 0.197134,
        0.984252 0.080956 0.184511,
        0.984252 0.081222 0.184513,
        0.984252 0.084158 0.193835,
        0.984252 0.084306 0.184859,
        0.984252 0.088054 0.189153,
        0.984252 0.087995 0.189902,
        0.984252 0.085859 0.185427,
        0.984252 0.086408 0.185760,
        0.984252 0.087098 0.186373,
        0.984252 0.087624 0.187150,
        0.984252 0.087930 0.188006,
        0.984252 0.087722 0.190841,
        0.984252 0.087257 0.191639,
        0.984252 0.086507 0.192420,
        0.984252 0.124061 0.214722,
        0.984252 0.130300 0.214722,
        0.984252 0.151981 0.228451,
        0.984252 0.161529 0.228451,
        0.984252 0.110822 0.180483,
        0.984252 0.097363 0.214722,
        0.984252 0.104093 0.214722,
        0.984252 0.113057 0.188932,
        0.984252 0.114691 0.188883,
        0.984252 0.113794 0.186108,
        0.984252 0.113954 0.186108,
        0.984252 0.114230 0.187283,
        0.984252 0.080367 0.179599,
        0.984252 0.098603 0.170094,
        0.984252 0.107005 0.172085,
        0.984252 0.108182 0.174244,
        0.984252 0.110620 0.180004,
        0.984252 0.102484 0.164248,
        0.984252 0.104915 0.164528,
        0.984252 0.101156 0.164296,
        0.984252 0.098603 0.164739,
        0.984252 0.116611 0.180004,
        0.984252 0.114728 0.175227,
        0.984252 0.112004 0.169922,
        0.984252 0.109802 0.167277,
        0.984252 0.109391 0.166901,
        0.984252 0.107289 0.165432,
        0.984252 0.099834 0.169691,
        0.984252 0.102017 0.169406,
        0.984252 0.103462 0.169568,
        0.984252 0.104780 0.170062,
        0.984252 0.105884 0.170829,
        0.988189 0.071058 0.187827,
        0.988189 0.073411 0.186372,
        0.988189 0.080956 0.184511,
        0.988189 0.077183 0.184952,
        0.988189 0.071058 0.181613,
        0.988189 0.075363 0.180110,
        0.988189 0.080367 0.179599,
        0.988189 0.085256 0.180110,
        0.988189 0.088553 0.181256,
        0.988189 0.090363 0.182325,
        0.988189 0.092085 0.183831,
        0.988189 0.093206 0.185418,
        0.988189 0.093945 0.187325,
        0.988189 0.094231 0.189743,
        0.988189 0.093983 0.191985,
        0.988189 0.093341 0.193759,
        0.988189 0.092217 0.195417,
        0.988189 0.090782 0.196696,
        0.988189 0.086786 0.198919,
        0.988189 0.084456 0.199862,
        0.988189 0.080732 0.201483,
        0.988189 0.078610 0.202809,
        0.988189 0.078024 0.203455,
        0.988189 0.077590 0.204267,
        0.988189 0.077351 0.205202,
        0.988189 0.077296 0.206002,
        0.988189 0.077405 0.206962,
        0.988189 0.077702 0.207774,
        0.988189 0.078218 0.208540,
        0.988189 0.079126 0.209343,
        0.988189 0.080476 0.210060,
        0.988189 0.082085 0.210486,
        0.988189 0.083867 0.210620,
        0.988189 0.087818 0.210171,
        0.988189 0.091212 0.208926,
        0.988189 0.092586 0.208139,
        0.988189 0.092586 0.213985,
        0.988189 0.087774 0.215281,
        0.988189 0.084456 0.215507,
        0.988189 0.080036 0.215027,
        0.988189 0.076735 0.213847,
        0.988189 0.074951 0.212781,
        0.988189 0.073167 0.211178,
        0.988189 0.072049 0.209551,
        0.988189 0.071332 0.207614,
        0.988189 0.071094 0.205462,
        0.988189 0.071354 0.203126,
        0.988189 0.072017 0.201288,
        0.988189 0.072802 0.200034,
        0.988189 0.080207 0.195490,
        0.988189 0.076620 0.197134,
        0.988189 0.073786 0.199004,
        0.988189 0.084158 0.193835,
        0.988189 0.086507 0.192420,
        0.988189 0.087257 0.191639,
        0.988189 0.087722 0.190841,
        0.988189 0.087995 0.189902,
        0.988189 0.088054 0.189153,
        0.988189 0.087930 0.188006,
        0.988189 0.087624 0.187150,
        0.988189 0.087098 0.186373,
        0.988189 0.086408 0.185760,
        0.988189 0.085859 0.185427,
        0.988189 0.084306 0.184859,
        0.988189 0.081222 0.184513,
        0.988189 0.124061 0.214722,
        0.988189 0.130300 0.214722,
        0.988189 0.114691 0.188883,
        0.988189 0.114230 0.187283,
        0.988189 0.113954 0.186108,
        0.988189 0.113794 0.186108,
        0.988189 0.113057 0.188932,
        0.988189 0.104093 0.214722,
        0.988189 0.097363 0.214722,
        0.988189 0.110822 0.180483,
        0.988189 0.108182 0.174244,
        0.988189 0.107005 0.172085,
        0.988189 0.105884 0.170829,
        0.988189 0.104780 0.170062,
        0.988189 0.103462 0.169568,
        0.988189 0.102017 0.169406,
        0.988189 0.099834 0.169691,
        0.988189 0.098603 0.170094,
        0.988189 0.098603 0.164739,
        0.988189 0.101156 0.164296,
        0.988189 0.102484 0.164248,
        0.988189 0.104915 0.164528,
        0.988189 0.107289 0.165432,
        0.988189 0.109391 0.166901,
        0.988189 0.109802 0.167277,
        0.988189 0.112004 0.169922,
        0.988189 0.114728 0.175227,
        0.988189 0.162622 0.185887,
        0.988189 0.162622 0.180409,
        0.988189 0.142985 0.185887,
        0.988189 0.142985 0.202048,
        0.988189 0.160166 0.202048,
        0.988189 0.160166 0.207550,
        0.988189 0.142985 0.207550,
        0.988189 0.142985 0.222925,
        0.988189 0.161529 0.222925,
        0.988189 0.161529 0.228451,
        0.988189 0.136783 0.228451,
        0.988189 0.136783 0.180409,
        0.988189 0.201666 0.194059,
        0.988189 0.199157 0.190897,
        0.988189 0.203565 0.187139,
        0.988189 0.198234 0.190062,
        0.988189 0.198523 0.183528,
        0.988189 0.195042 0.187987,
        0.988189 0.193041 0.181395,
        0.988189 0.190917 0.186530,
        0.988189 0.184911 0.180409,
        0.988189 0.184874 0.185887,
        0.988189 0.171697 0.180409,
        0.988189 0.177899 0.185887,
        0.988189 0.171697 0.228451,
        0.988189 0.177899 0.222925,
        0.988189 0.185402 0.228451,
        0.988189 0.185157 0.222925,
        0.988189 0.193050 0.227565,
        0.988189 0.191122 0.222294,
        0.988189 0.198807 0.225382,
        0.988189 0.195328 0.220829,
        0.988189 0.203565 0.222090,
        0.988189 0.199022 0.218406,
        0.988189 0.205554 0.220106,
        0.988189 0.200648 0.216751,
        0.988189 0.208452 0.215823,
        0.988189 0.202439 0.213971,
        0.988189 0.210139 0.211148,
        0.988189 0.203720 0.210306,
        0.988189 0.210811 0.205044,
        0.988189 0.204290 0.204872,
        0.988189 0.210631 0.201634,
        0.988189 0.204163 0.202141,
        0.988189 0.209403 0.196065,
        0.988189 0.203277 0.197669,
        0.988189 0.206969 0.191134,
        0.984252 0.185157 0.222925,
        0.984252 0.177899 0.222925,
        0.984252 0.177899 0.185887,
        0.984252 0.184874 0.185887,
        0.984252 0.199157 0.190897,
        0.984252 0.198234 0.190062,
        0.984252 0.195042 0.187987,
        0.984252 0.190917 0.186530,
        0.984252 0.204290 0.204872,
        0.984252 0.204163 0.202141,
        0.984252 0.203277 0.197669,
        0.984252 0.201666 0.194059,
        0.984252 0.199022 0.218406,
        0.984252 0.200648 0.216751,
        0.984252 0.202439 0.213971,
        0.984252 0.203720 0.210306,
        0.984252 0.191122 0.222294,
        0.984252 0.195328 0.220829,
      ]
    }
    coordIndex [
      42, 137, 138, -1,
      139, 91, 88, -1,
      139, 88, 140, -1,
      140, 88, 38, -1,
      140, 38, 138, -1,
      138, 38, 37, -1,
      138, 37, 42, -1,
      141, 137, 47, -1,
      47, 137, 42, -1,
      47, 48, 141, -1,
      141, 48, 142, -1,
      117, 143, 50, -1,
      50, 143, 142, -1,
      50, 142, 49, -1,
      49, 142, 48, -1,
      117, 1, 143, -1,
      143, 1, 144, -1,
      1, 0, 144, -1,
      144, 0, 69, -1,
      144, 69, 145, -1,
      145, 69, 68, -1,
      145, 68, 146, -1,
      146, 68, 57, -1,
      146, 57, 147, -1,
      147, 57, 56, -1,
      147, 56, 148, -1,
      148, 56, 55, -1,
      148, 55, 149, -1,
      149, 55, 67, -1,
      149, 67, 150, -1,
      150, 67, 66, -1,
      150, 66, 151, -1,
      151, 66, 65, -1,
      151, 65, 152, -1,
      152, 65, 64, -1,
      152, 64, 153, -1,
      153, 64, 84, -1,
      153, 84, 154, -1,
      154, 84, 83, -1,
      154, 83, 155, -1,
      155, 83, 81, -1,
      155, 81, 156, -1,
      156, 81, 79, -1,
      156, 79, 157, -1,
      157, 79, 78, -1,
      157, 78, 158, -1,
      158, 78, 77, -1,
      158, 77, 159, -1,
      159, 77, 76, -1,
      159, 76, 160, -1,
      160, 76, 75, -1,
      160, 75, 161, -1,
      161, 75, 72, -1,
      161, 72, 162, -1,
      162, 72, 87, -1,
      162, 87, 163, -1,
      163, 87, 86, -1,
      163, 86, 164, -1,
      164, 86, 85, -1,
      164, 85, 165, -1,
      165, 85, 74, -1,
      165, 74, 166, -1,
      166, 74, 73, -1,
      166, 73, 167, -1,
      167, 73, 71, -1,
      167, 71, 168, -1,
      168, 71, 70, -1,
      168, 70, 169, -1,
      169, 70, 80, -1,
      169, 80, 170, -1,
      170, 80, 82, -1,
      170, 82, 171, -1,
      171, 82, 52, -1,
      171, 52, 172, -1,
      173, 172, 51, -1,
      51, 172, 52, -1,
      173, 51, 63, -1,
      173, 63, 174, -1,
      174, 63, 62, -1,
      174, 62, 175, -1,
      175, 62, 61, -1,
      175, 61, 176, -1,
      176, 61, 54, -1,
      176, 54, 177, -1,
      177, 54, 53, -1,
      177, 53, 178, -1,
      53, 60, 178, -1,
      178, 60, 179, -1,
      60, 59, 179, -1,
      179, 59, 58, -1,
      179, 58, 180, -1,
      180, 58, 45, -1,
      180, 45, 181, -1,
      181, 45, 44, -1,
      181, 44, 182, -1,
      182, 44, 43, -1,
      182, 43, 183, -1,
      183, 43, 41, -1,
      183, 41, 184, -1,
      184, 41, 40, -1,
      184, 40, 185, -1,
      89, 186, 187, -1,
      185, 40, 46, -1,
      185, 46, 188, -1,
      188, 46, 39, -1,
      188, 39, 187, -1,
      187, 39, 90, -1,
      187, 90, 89, -1,
      186, 89, 93, -1,
      186, 93, 189, -1,
      189, 93, 104, -1,
      189, 104, 190, -1,
      190, 104, 103, -1,
      190, 103, 191, -1,
      191, 103, 102, -1,
      191, 102, 192, -1,
      192, 102, 96, -1,
      192, 96, 193, -1,
      193, 96, 95, -1,
      193, 95, 194, -1,
      194, 95, 101, -1,
      194, 101, 195, -1,
      195, 101, 100, -1,
      195, 100, 196, -1,
      196, 100, 99, -1,
      196, 99, 197, -1,
      197, 99, 98, -1,
      197, 98, 198, -1,
      198, 98, 97, -1,
      198, 97, 199, -1,
      199, 97, 94, -1,
      199, 94, 200, -1,
      200, 94, 92, -1,
      200, 92, 201, -1,
      201, 92, 91, -1,
      201, 91, 139, -1,
      165, 166, 177, -1,
      177, 166, 176, -1,
      189, 156, 186, -1,
      186, 156, 157, -1,
      145, 146, 197, -1,
      197, 146, 147, -1,
      197, 147, 196, -1,
      196, 147, 148, -1,
      196, 148, 195, -1,
      195, 148, 149, -1,
      195, 149, 194, -1,
      194, 149, 150, -1,
      194, 150, 193, -1,
      193, 150, 151, -1,
      193, 151, 192, -1,
      192, 151, 152, -1,
      192, 152, 191, -1,
      191, 152, 153, -1,
      191, 153, 190, -1,
      190, 153, 154, -1,
      190, 154, 189, -1,
      189, 154, 155, -1,
      189, 155, 156, -1,
      143, 139, 142, -1,
      142, 139, 140, -1,
      142, 140, 141, -1,
      141, 140, 138, -1,
      141, 138, 137, -1,
      166, 167, 176, -1,
      176, 167, 168, -1,
      176, 168, 175, -1,
      175, 168, 169, -1,
      175, 169, 174, -1,
      174, 169, 170, -1,
      174, 170, 173, -1,
      173, 170, 171, -1,
      173, 171, 172, -1,
      197, 198, 145, -1,
      145, 198, 199, -1,
      145, 199, 144, -1,
      144, 199, 200, -1,
      144, 200, 143, -1,
      143, 200, 201, -1,
      143, 201, 139, -1,
      177, 178, 165, -1,
      165, 178, 179, -1,
      165, 179, 164, -1,
      164, 179, 180, -1,
      164, 180, 163, -1,
      163, 180, 181, -1,
      163, 181, 162, -1,
      162, 181, 182, -1,
      162, 182, 161, -1,
      161, 182, 183, -1,
      161, 183, 160, -1,
      160, 183, 184, -1,
      160, 184, 159, -1,
      159, 184, 185, -1,
      159, 185, 158, -1,
      158, 185, 188, -1,
      158, 188, 157, -1,
      157, 188, 187, -1,
      157, 187, 186, -1,
      202, 203, 105, -1,
      105, 203, 106, -1,
      204, 202, 113, -1,
      113, 202, 105, -1,
      204, 113, 116, -1,
      204, 116, 205, -1,
      205, 116, 115, -1,
      205, 115, 206, -1,
      207, 206, 114, -1,
      114, 206, 115, -1,
      208, 207, 112, -1,
      112, 207, 114, -1,
      209, 208, 111, -1,
      111, 208, 112, -1,
      210, 209, 110, -1,
      110, 209, 111, -1,
      211, 210, 109, -1,
      109, 210, 110, -1,
      120, 212, 121, -1,
      121, 212, 211, -1,
      121, 211, 109, -1,
      212, 120, 119, -1,
      212, 119, 213, -1,
      213, 119, 136, -1,
      213, 136, 214, -1,
      214, 136, 135, -1,
      214, 135, 215, -1,
      215, 135, 134, -1,
      215, 134, 216, -1,
      216, 134, 133, -1,
      216, 133, 217, -1,
      217, 133, 132, -1,
      217, 132, 218, -1,
      218, 132, 118, -1,
      218, 118, 219, -1,
      220, 219, 125, -1,
      125, 219, 118, -1,
      220, 125, 124, -1,
      220, 124, 221, -1,
      221, 124, 122, -1,
      221, 122, 222, -1,
      222, 122, 123, -1,
      222, 123, 223, -1,
      223, 123, 131, -1,
      223, 131, 224, -1,
      224, 131, 130, -1,
      224, 130, 225, -1,
      225, 130, 129, -1,
      225, 129, 226, -1,
      226, 129, 128, -1,
      226, 128, 227, -1,
      227, 128, 127, -1,
      227, 127, 228, -1,
      106, 203, 126, -1,
      126, 203, 228, -1,
      126, 228, 127, -1,
      205, 206, 228, -1,
      203, 202, 228, -1,
      228, 202, 204, -1,
      228, 204, 205, -1,
      209, 210, 208, -1,
      208, 210, 211, -1,
      208, 211, 207, -1,
      227, 213, 226, -1,
      226, 213, 214, -1,
      219, 220, 218, -1,
      218, 220, 221, -1,
      218, 221, 217, -1,
      217, 221, 222, -1,
      217, 222, 216, -1,
      216, 222, 223, -1,
      216, 223, 215, -1,
      215, 223, 224, -1,
      215, 224, 214, -1,
      214, 224, 225, -1,
      214, 225, 226, -1,
      206, 207, 228, -1,
      228, 207, 211, -1,
      228, 211, 227, -1,
      227, 211, 212, -1,
      227, 212, 213, -1,
      229, 230, 22, -1,
      22, 230, 23, -1,
      229, 22, 231, -1,
      231, 22, 27, -1,
      231, 27, 25, -1,
      232, 231, 24, -1,
      24, 231, 25, -1,
      232, 24, 233, -1,
      233, 24, 26, -1,
      233, 26, 28, -1,
      234, 233, 29, -1,
      29, 233, 28, -1,
      32, 235, 30, -1,
      30, 235, 234, -1,
      30, 234, 29, -1,
      236, 235, 33, -1,
      33, 235, 32, -1,
      21, 237, 31, -1,
      31, 237, 236, -1,
      31, 236, 33, -1,
      238, 237, 108, -1,
      108, 237, 21, -1,
      36, 239, 107, -1,
      107, 239, 238, -1,
      107, 238, 108, -1,
      240, 239, 35, -1,
      35, 239, 36, -1,
      240, 35, 230, -1,
      230, 35, 34, -1,
      230, 34, 23, -1,
      240, 230, 229, -1,
      229, 231, 240, -1,
      240, 231, 232, -1,
      240, 232, 239, -1,
      237, 238, 236, -1,
      236, 238, 239, -1,
      236, 239, 235, -1,
      235, 239, 232, -1,
      235, 232, 234, -1,
      234, 232, 233, -1,
      241, 242, 243, -1,
      243, 242, 244, -1,
      243, 244, 245, -1,
      245, 244, 246, -1,
      245, 246, 247, -1,
      247, 246, 248, -1,
      247, 248, 249, -1,
      249, 248, 250, -1,
      249, 250, 251, -1,
      251, 250, 252, -1,
      251, 252, 253, -1,
      253, 252, 254, -1,
      253, 254, 255, -1,
      255, 254, 256, -1,
      255, 256, 257, -1,
      257, 256, 258, -1,
      257, 258, 259, -1,
      259, 258, 260, -1,
      259, 260, 261, -1,
      261, 260, 262, -1,
      261, 262, 263, -1,
      263, 262, 264, -1,
      263, 264, 265, -1,
      265, 264, 266, -1,
      265, 266, 267, -1,
      267, 266, 268, -1,
      267, 268, 269, -1,
      269, 268, 270, -1,
      269, 270, 271, -1,
      271, 270, 272, -1,
      271, 272, 273, -1,
      273, 272, 274, -1,
      273, 274, 275, -1,
      275, 274, 241, -1,
      275, 241, 243, -1,
      249, 251, 14, -1,
      14, 251, 15, -1,
      249, 14, 13, -1,
      249, 13, 247, -1,
      247, 13, 7, -1,
      247, 7, 245, -1,
      245, 7, 6, -1,
      245, 6, 243, -1,
      243, 6, 10, -1,
      243, 10, 275, -1,
      10, 9, 275, -1,
      275, 9, 8, -1,
      275, 8, 273, -1,
      273, 8, 5, -1,
      273, 5, 271, -1,
      271, 5, 4, -1,
      271, 4, 269, -1,
      18, 261, 19, -1,
      19, 261, 263, -1,
      19, 263, 20, -1,
      20, 263, 265, -1,
      20, 265, 2, -1,
      2, 265, 267, -1,
      2, 267, 3, -1,
      3, 267, 269, -1,
      3, 269, 4, -1,
      261, 18, 12, -1,
      261, 12, 259, -1,
      259, 12, 11, -1,
      259, 11, 257, -1,
      257, 11, 17, -1,
      257, 17, 255, -1,
      253, 255, 16, -1,
      16, 255, 17, -1,
      251, 253, 15, -1,
      15, 253, 16, -1,
      256, 254, 276, -1,
      276, 254, 277, -1,
      254, 252, 277, -1,
      277, 252, 278, -1,
      252, 250, 278, -1,
      278, 250, 279, -1,
      242, 280, 281, -1,
      242, 281, 244, -1,
      244, 281, 282, -1,
      244, 282, 246, -1,
      246, 282, 283, -1,
      246, 283, 248, -1,
      248, 283, 279, -1,
      248, 279, 250, -1,
      270, 284, 285, -1,
      270, 285, 272, -1,
      272, 285, 286, -1,
      272, 286, 274, -1,
      274, 286, 287, -1,
      274, 287, 241, -1,
      241, 287, 280, -1,
      241, 280, 242, -1,
      262, 288, 289, -1,
      262, 289, 264, -1,
      264, 289, 290, -1,
      264, 290, 266, -1,
      266, 290, 291, -1,
      266, 291, 268, -1,
      268, 291, 284, -1,
      268, 284, 270, -1,
      256, 276, 292, -1,
      256, 292, 258, -1,
      258, 292, 293, -1,
      258, 293, 260, -1,
      260, 293, 288, -1,
      260, 288, 262, -1,
    ]
  }
}

Shape {
  appearance Appearance {
    material Material {
      diffuseColor 0.2235 0.2235 0.2235
      specularColor 0.1137 0.1137 0.1137
      ambientIntensity 0.2
      transparency 0.0000
      shininess 0.5
    }
  }
  geometry IndexedFaceSet {
    ccw TRUE
    solid FALSE
    coord DEF co Coordinate {
      point [
        0.984252 0.185157 0.222925,
        0.984252 0.177899 0.222925,
        0.984252 0.177899 0.185887,
        0.984252 0.184874 0.185887,
        0.984252 0.199157 0.190897,
        0.984252 0.198234 0.190062,
        0.984252 0.195042 0.187987,
        0.984252 0.190917 0.186530,
        0.984252 0.204290 0.204872,
        0.984252 0.204163 0.202141,
        0.984252 0.203277 0.197669,
        0.984252 0.201666 0.194059,
        0.984252 0.199022 0.218406,
        0.984252 0.200648 0.216751,
        0.984252 0.202439 0.213971,
        0.984252 0.203720 0.210306,
        0.984252 0.191122 0.222294,
        0.984252 0.195328 0.220829,
      ]
    }
    coordIndex [
      1, 2, 0, -1,
      0, 2, 3, -1,
      0, 3, 7, -1,
      7, 6, 0, -1,
      0, 6, 5, -1,
      0, 5, 4, -1,
      4, 11, 0, -1,
      0, 11, 10, -1,
      0, 10, 9, -1,
      9, 8, 0, -1,
      0, 8, 15, -1,
      0, 15, 14, -1,
      14, 13, 0, -1,
      0, 13, 12, -1,
      0, 12, 16, -1,
      16, 12, 17, -1,
    ]
  }
}

Shape {
  appearance Appearance {
    material Material {
      diffuseColor 1.0000 1.0000 1.0000
      specularColor 0.5020 0.5020 0.5020
      ambientIntensity 0.2
      transparency 0.0000
      shininess 0.5
    }
  }
  geometry IndexedFaceSet {
    ccw TRUE
    solid FALSE
    coord DEF co Coordinate {
      point [
        0.984252 0.220329 0.180409,
        0.984252 0.213476 0.180409,
        0.984252 0.255906 0.180409,
        0.984252 0.249851 0.180409,
        0.984252 0.244951 0.193550,
        0.984252 0.224946 0.193550,
        0.984252 0.231774 0.228451,
        0.984252 0.238406 0.228451,
        0.984252 0.255906 0.182505,
        0.984252 0.256704 0.180409,
        0.988189 0.226911 0.198978,
        0.988189 0.224946 0.193550,
        0.988189 0.243035 0.198978,
        0.988189 0.244951 0.193550,
        0.988189 0.234095 0.218946,
        0.988189 0.231774 0.228451,
        0.988189 0.213476 0.180409,
        0.988189 0.220329 0.180409,
        0.988189 0.234511 0.220380,
        0.988189 0.234881 0.222311,
        0.988189 0.238406 0.228451,
        0.988189 0.235028 0.222311,
        0.988189 0.235417 0.220278,
        0.988189 0.235778 0.218946,
        0.988189 0.256704 0.180409,
        0.988189 0.249851 0.180409,
        0.984252 0.226911 0.198978,
        0.984252 0.243035 0.198978,
        0.984252 0.235778 0.218946,
        0.984252 0.235028 0.222311,
        0.984252 0.235417 0.220278,
        0.984252 0.234881 0.222311,
        0.984252 0.234095 0.218946,
        0.984252 0.234511 0.220380,
      ]
    }
    coordIndex [
      8, 9, 2, -1,
      10, 11, 12, -1,
      12, 11, 13, -1,
      14, 15, 10, -1,
      10, 15, 16, -1,
      10, 16, 11, -1,
      11, 16, 17, -1,
      14, 18, 15, -1,
      15, 18, 19, -1,
      15, 19, 20, -1,
      20, 19, 21, -1,
      20, 21, 22, -1,
      22, 23, 20, -1,
      20, 23, 12, -1,
      20, 12, 24, -1,
      24, 12, 13, -1,
      24, 13, 25, -1,
      7, 20, 8, -1,
      8, 20, 24, -1,
      8, 24, 9, -1,
      15, 20, 6, -1,
      6, 20, 7, -1,
      16, 15, 1, -1,
      1, 15, 6, -1,
      17, 16, 0, -1,
      0, 16, 1, -1,
      11, 17, 5, -1,
      5, 17, 0, -1,
      13, 11, 4, -1,
      4, 11, 5, -1,
      25, 13, 3, -1,
      3, 13, 4, -1,
      9, 24, 2, -1,
      2, 24, 25, -1,
      2, 25, 3, -1,
      10, 12, 26, -1,
      26, 12, 27, -1,
      12, 23, 27, -1,
      27, 23, 28, -1,
      21, 29, 30, -1,
      21, 30, 22, -1,
      22, 30, 28, -1,
      22, 28, 23, -1,
      21, 19, 29, -1,
      29, 19, 31, -1,
      14, 32, 33, -1,
      14, 33, 18, -1,
      18, 33, 31, -1,
      18, 31, 19, -1,
      14, 10, 32, -1,
      32, 10, 26, -1,
    ]
  }
}

Shape {
  appearance Appearance {
    material Material {
      diffuseColor 0.2235 0.2235 0.2235
      specularColor 0.1137 0.1137 0.1137
      ambientIntensity 0.2
      transparency 0.0000
      shininess 0.5
    }
  }
  geometry IndexedFaceSet {
    ccw TRUE
    solid FALSE
    coord DEF co Coordinate {
      point [
        0.984252 0.226911 0.198978,
        0.984252 0.243035 0.198978,
        0.984252 0.235778 0.218946,
        0.984252 0.235028 0.222311,
        0.984252 0.235417 0.220278,
        0.984252 0.234881 0.222311,
        0.984252 0.234095 0.218946,
        0.984252 0.234511 0.220380,
      ]
    }
    coordIndex [
      3, 5, 4, -1,
      4, 5, 7, -1,
      4, 7, 2, -1,
      2, 7, 6, -1,
      2, 6, 1, -1,
      1, 6, 0, -1,
    ]
  }
}

Shape {
  appearance Appearance {
    material Material {
      diffuseColor 1.0000 1.0000 1.0000
      specularColor 0.5020 0.5020 0.5020
      ambientIntensity 0.2
      transparency 0.0000
      shininess 0.5
    }
  }
  geometry IndexedFaceSet {
    ccw TRUE
    solid FALSE
    coord DEF co Coordinate {
      point [
        0.984252 -0.057672 0.267258,
        0.984252 -0.048389 0.259440,
        0.984252 -0.103103 0.310035,
        0.984252 -0.095719 0.305070,
        0.984252 -0.087870 0.299793,
        0.984252 -0.076641 0.286826,
        0.984252 -0.069425 0.272809,
        0.984252 -0.067846 0.272280,
        0.984252 -0.120244 0.316076,
        0.984252 -0.134324 0.317555,
        0.984252 -0.151250 0.315466,
        0.984252 -0.166998 0.309386,
        0.984252 -0.211697 0.288214,
        0.984252 -0.198198 0.289887,
        0.984252 -0.248681 0.256218,
        0.984252 -0.245729 0.262901,
        0.984252 -0.237479 0.273492,
        0.984252 -0.173963 0.305070,
        0.984252 -0.175313 0.304233,
        0.984252 -0.183339 0.297359,
        0.984252 -0.194270 0.289674,
        0.984252 -0.190342 0.289204,
        0.984252 -0.235206 0.275645,
        0.984252 -0.224347 0.283291,
        0.984252 -0.239187 0.197322,
        0.984252 -0.246944 0.208379,
        0.984252 -0.211861 0.180926,
        0.984252 -0.216229 0.182235,
        0.984252 -0.228568 0.188259,
        0.984252 -0.251859 0.221091,
        0.984252 -0.253533 0.234553,
        0.984252 -0.253440 0.237755,
        0.984252 -0.252665 0.242132,
        0.984252 -0.251164 0.250595,
        0.984252 -0.196848 0.162393,
        0.984252 -0.203500 0.167469,
        0.984252 -0.208539 0.173763,
        0.984252 -0.211433 0.180004,
        0.984252 -0.171462 0.158639,
        0.984252 -0.179411 0.157699,
        0.984252 -0.180936 0.157732,
        0.984252 -0.188991 0.159037,
        0.984252 -0.193524 0.160974,
        0.984252 -0.147412 0.180004,
        0.984252 -0.151303 0.172508,
        0.984252 -0.156977 0.166153,
        0.984252 -0.163819 0.161490,
        0.984252 -0.165203 0.160974,
        0.984252 -0.037198 0.239311,
        0.984252 -0.035610 0.228063,
        0.984252 -0.153794 0.214742,
        0.984252 -0.108023 0.238652,
        0.984252 -0.159657 0.220102,
        0.984252 -0.166884 0.224012,
        0.984252 -0.105892 0.198666,
        0.984252 -0.103791 0.200155,
        0.984252 -0.097434 0.220548,
        0.984252 -0.037158 0.215946,
        0.984252 -0.057501 0.187773,
        0.984252 -0.067919 0.182662,
        0.984252 -0.057067 0.231587,
        0.984252 -0.058887 0.238085,
        0.984252 -0.061240 0.242132,
        0.984252 -0.231198 0.242132,
        0.984252 -0.101447 0.201081,
        0.984252 -0.098800 0.201420,
        0.984252 -0.098468 0.201396,
        0.984252 -0.229179 0.221666,
        0.984252 -0.224786 0.214296,
        0.984252 -0.207576 0.211399,
        0.984252 -0.218585 0.208098,
        0.984252 -0.211519 0.203811,
        0.984252 -0.194856 0.222597,
        0.984252 -0.201881 0.217803,
        0.984252 -0.232013 0.235236,
        0.984252 -0.231617 0.230051,
        0.984252 -0.041432 0.205124,
        0.984252 -0.048248 0.195614,
        0.984252 -0.097443 0.201169,
        0.984252 -0.096751 0.201079,
        0.984252 -0.081380 0.201079,
        0.984252 -0.109389 0.190831,
        0.984252 -0.109302 0.192180,
        0.984252 -0.145254 0.195272,
        0.984252 -0.108617 0.194780,
        0.984252 -0.107303 0.197110,
        0.984252 -0.063832 0.209533,
        0.984252 -0.060104 0.214720,
        0.984252 -0.057682 0.220782,
        0.984252 -0.056787 0.227721,
        0.984252 -0.103667 0.181443,
        0.984252 -0.105883 0.183017,
        0.984252 -0.147325 0.180172,
        0.984252 -0.106676 0.183826,
        0.984252 -0.108165 0.185971,
        0.984252 -0.109065 0.188287,
        0.984252 -0.145407 0.188624,
        0.984252 -0.145254 0.191856,
        0.984252 -0.187292 0.225418,
        0.984252 -0.179411 0.226355,
        0.984252 -0.175116 0.226092,
        0.984252 -0.079331 0.180243,
        0.984252 -0.099483 0.180243,
        0.984252 -0.101408 0.180553,
        0.984252 -0.074833 0.202389,
        0.984252 -0.068856 0.205280,
        0.984252 -0.228223 0.250828,
        0.984252 -0.231073 0.243185,
        0.984252 -0.086162 0.254364,
        0.984252 -0.083430 0.254364,
        0.984252 -0.062239 0.243850,
        0.984252 -0.065465 0.247377,
        0.984252 -0.070729 0.251136,
        0.984252 -0.076669 0.253494,
        0.984252 -0.093659 0.275090,
        0.984252 -0.101409 0.284254,
        0.984252 -0.179753 0.264270,
        0.984252 -0.102031 0.284819,
        0.984252 -0.111619 0.291496,
        0.984252 -0.174504 0.275121,
        0.984252 -0.224550 0.256218,
        0.984252 -0.182540 0.265774,
        0.984252 -0.086575 0.256218,
        0.984252 -0.088332 0.264113,
        0.984252 -0.190210 0.268488,
        0.984252 -0.197856 0.269393,
        0.984252 -0.201088 0.269240,
        0.984252 -0.166832 0.284265,
        0.984252 -0.122324 0.295618,
        0.984252 -0.157766 0.290890,
        0.984252 -0.133982 0.297061,
        0.984252 -0.146617 0.295425,
        0.984252 -0.209541 0.267322,
        0.984252 -0.217204 0.263344,
        0.984252 -0.223559 0.257670,
        0.984252 -0.046067 0.256218,
        0.984252 -0.041397 0.249737,
        0.984252 -0.038334 0.242132,
        0.988189 -0.208539 0.173763,
        0.988189 -0.203500 0.167469,
        0.988189 -0.211519 0.203811,
        0.988189 -0.217204 0.263344,
        0.988189 -0.209541 0.267322,
        0.988189 -0.211697 0.288214,
        0.988189 -0.151303 0.172508,
        0.988189 -0.147325 0.180172,
        0.988189 -0.145407 0.188624,
        0.988189 -0.190342 0.289204,
        0.988189 -0.179753 0.264270,
        0.988189 -0.174504 0.275121,
        0.988189 -0.198198 0.289887,
        0.988189 -0.097434 0.220548,
        0.988189 -0.108023 0.238652,
        0.988189 -0.145254 0.195272,
        0.988189 -0.153794 0.214742,
        0.988189 -0.145254 0.191856,
        0.988189 -0.163819 0.161490,
        0.988189 -0.156977 0.166153,
        0.988189 -0.193039 0.190534,
        0.988189 -0.192407 0.187331,
        0.988189 -0.191055 0.184460,
        0.988189 -0.086162 0.254364,
        0.988189 -0.083430 0.254364,
        0.988189 -0.069425 0.272809,
        0.988189 -0.076669 0.253494,
        0.988189 -0.067846 0.272280,
        0.988189 -0.070729 0.251136,
        0.988189 -0.057672 0.267258,
        0.988189 -0.048389 0.259440,
        0.988189 -0.183339 0.297359,
        0.988189 -0.166832 0.284265,
        0.988189 -0.175313 0.304233,
        0.988189 -0.157766 0.290890,
        0.988189 -0.166998 0.309386,
        0.988189 -0.218585 0.208098,
        0.988189 -0.216229 0.182235,
        0.988189 -0.211861 0.180926,
        0.988189 -0.201088 0.269240,
        0.988189 -0.197856 0.269393,
        0.988189 -0.194270 0.289674,
        0.988189 -0.190210 0.268488,
        0.988189 -0.182540 0.265774,
        0.988189 -0.168924 0.183772,
        0.988189 -0.170778 0.181677,
        0.988189 -0.173373 0.179817,
        0.988189 -0.171462 0.158639,
        0.988189 -0.176332 0.178635,
        0.988189 -0.179411 0.157699,
        0.988189 -0.179753 0.178193,
        0.988189 -0.180936 0.157732,
        0.988189 -0.180335 0.178206,
        0.988189 -0.188991 0.159037,
        0.988189 -0.183402 0.178706,
        0.988189 -0.196848 0.162393,
        0.988189 -0.186489 0.180032,
        0.988189 -0.189104 0.182036,
        0.988189 -0.167306 0.196276,
        0.988189 -0.166525 0.193109,
        0.988189 -0.166520 0.189984,
        0.988189 -0.167336 0.186706,
        0.988189 -0.224347 0.283291,
        0.988189 -0.235206 0.275645,
        0.988189 -0.223559 0.257670,
        0.988189 -0.237479 0.273492,
        0.988189 -0.228223 0.250828,
        0.988189 -0.245729 0.262901,
        0.988189 -0.231073 0.243185,
        0.988189 -0.192869 0.193863,
        0.988189 -0.191863 0.197078,
        0.988189 -0.207576 0.211399,
        0.988189 -0.190097 0.199904,
        0.988189 -0.201881 0.217803,
        0.988189 -0.188747 0.201331,
        0.988189 -0.194856 0.222597,
        0.988189 -0.186076 0.203230,
        0.988189 -0.187292 0.225418,
        0.988189 -0.183094 0.204407,
        0.988189 -0.179411 0.226355,
        0.988189 -0.179753 0.204836,
        0.988189 -0.175116 0.226092,
        0.988189 -0.176909 0.204527,
        0.988189 -0.166884 0.224012,
        0.988189 -0.173737 0.203392,
        0.988189 -0.159657 0.220102,
        0.988189 -0.170989 0.201537,
        0.988189 -0.168789 0.199081,
        0.988189 -0.065465 0.247377,
        0.988189 -0.062239 0.243850,
        0.988189 -0.041397 0.249737,
        0.988189 -0.058887 0.238085,
        0.988189 -0.037198 0.239311,
        0.988189 -0.057067 0.231587,
        0.988189 -0.035610 0.228063,
        0.988189 -0.056787 0.227721,
        0.988189 -0.037158 0.215946,
        0.988189 -0.057682 0.220782,
        0.988189 -0.041432 0.205124,
        0.988189 -0.060104 0.214720,
        0.988189 -0.048248 0.195614,
        0.988189 -0.063832 0.209533,
        0.988189 -0.057501 0.187773,
        0.988189 -0.068856 0.205280,
        0.988189 -0.067919 0.182662,
        0.988189 -0.074833 0.202389,
        0.988189 -0.079331 0.180243,
        0.988189 -0.081380 0.201079,
        0.988189 -0.099483 0.180243,
        0.988189 -0.096751 0.201079,
        0.988189 -0.101408 0.180553,
        0.988189 -0.087870 0.299793,
        0.988189 -0.101409 0.284254,
        0.988189 -0.076641 0.286826,
        0.988189 -0.093659 0.275090,
        0.988189 -0.088332 0.264113,
        0.988189 -0.098468 0.201396,
        0.988189 -0.106676 0.183826,
        0.988189 -0.105883 0.183017,
        0.988189 -0.151250 0.315466,
        0.988189 -0.146617 0.295425,
        0.988189 -0.134324 0.317555,
        0.988189 -0.133982 0.297061,
        0.988189 -0.120244 0.316076,
        0.988189 -0.122324 0.295618,
        0.988189 -0.103103 0.310035,
        0.988189 -0.111619 0.291496,
        0.988189 -0.102031 0.284819,
        0.988189 -0.097443 0.201169,
        0.988189 -0.103667 0.181443,
        0.988189 -0.251164 0.250595,
        0.988189 -0.253440 0.237755,
        0.988189 -0.232013 0.235236,
        0.988189 -0.253533 0.234553,
        0.988189 -0.231617 0.230051,
        0.988189 -0.251859 0.221091,
        0.988189 -0.229179 0.221666,
        0.988189 -0.246944 0.208379,
        0.988189 -0.224786 0.214296,
        0.988189 -0.239187 0.197322,
        0.988189 -0.228568 0.188259,
        0.988189 -0.109389 0.190831,
        0.988189 -0.109065 0.188287,
        0.988189 -0.108165 0.185971,
        0.988189 -0.101447 0.201081,
        0.988189 -0.103791 0.200155,
        0.988189 -0.109302 0.192180,
        0.988189 -0.105892 0.198666,
        0.988189 -0.107303 0.197110,
        0.988189 -0.108617 0.194780,
        0.988189 -0.098800 0.201420,
        0.984252 -0.179753 0.204836,
        0.984252 -0.176909 0.204527,
        0.984252 -0.173737 0.203392,
        0.984252 -0.170989 0.201537,
        0.984252 -0.168789 0.199081,
        0.984252 -0.167306 0.196276,
        0.984252 -0.166525 0.193109,
        0.984252 -0.166520 0.189984,
        0.984252 -0.167336 0.186706,
        0.984252 -0.168924 0.183772,
        0.984252 -0.170778 0.181677,
        0.984252 -0.173373 0.179817,
        0.984252 -0.176332 0.178635,
        0.984252 -0.179753 0.178193,
        0.984252 -0.180335 0.178206,
        0.984252 -0.183402 0.178706,
        0.984252 -0.186489 0.180032,
        0.984252 -0.189104 0.182036,
        0.984252 -0.191055 0.184460,
        0.984252 -0.192407 0.187331,
        0.984252 -0.193039 0.190534,
        0.984252 -0.192869 0.193863,
        0.984252 -0.191863 0.197078,
        0.984252 -0.190097 0.199904,
        0.984252 -0.188747 0.201331,
        0.984252 -0.186076 0.203230,
        0.984252 -0.183094 0.204407,
      ]
    }
    coordIndex [
      138, 139, 140, -1,
      141, 142, 143, -1,
      144, 145, 146, -1,
      147, 148, 149, -1,
      143, 142, 150, -1,
      151, 152, 153, -1,
      153, 152, 154, -1,
      153, 154, 155, -1,
      155, 154, 156, -1,
      155, 156, 146, -1,
      146, 156, 157, -1,
      146, 157, 144, -1,
      158, 140, 159, -1,
      159, 140, 139, -1,
      159, 139, 160, -1,
      161, 162, 163, -1,
      163, 162, 164, -1,
      163, 164, 165, -1,
      165, 164, 166, -1,
      165, 166, 167, -1,
      167, 166, 168, -1,
      147, 149, 169, -1,
      169, 149, 170, -1,
      169, 170, 171, -1,
      171, 170, 172, -1,
      171, 172, 173, -1,
      174, 175, 140, -1,
      140, 175, 176, -1,
      140, 176, 138, -1,
      142, 177, 150, -1,
      150, 177, 178, -1,
      150, 178, 179, -1,
      179, 178, 180, -1,
      179, 180, 147, -1,
      147, 180, 181, -1,
      147, 181, 148, -1,
      182, 183, 156, -1,
      156, 183, 184, -1,
      156, 184, 185, -1,
      185, 184, 186, -1,
      185, 186, 187, -1,
      187, 186, 188, -1,
      187, 188, 189, -1,
      189, 188, 190, -1,
      189, 190, 191, -1,
      191, 190, 192, -1,
      191, 192, 193, -1,
      193, 192, 194, -1,
      193, 194, 139, -1,
      139, 194, 195, -1,
      139, 195, 160, -1,
      196, 197, 154, -1,
      154, 197, 198, -1,
      154, 198, 156, -1,
      156, 198, 199, -1,
      156, 199, 182, -1,
      143, 200, 141, -1,
      141, 200, 201, -1,
      141, 201, 202, -1,
      202, 201, 203, -1,
      202, 203, 204, -1,
      204, 203, 205, -1,
      204, 205, 206, -1,
      158, 207, 140, -1,
      140, 207, 208, -1,
      140, 208, 209, -1,
      209, 208, 210, -1,
      209, 210, 211, -1,
      211, 210, 212, -1,
      211, 212, 213, -1,
      213, 212, 214, -1,
      213, 214, 215, -1,
      215, 214, 216, -1,
      215, 216, 217, -1,
      217, 216, 218, -1,
      217, 218, 219, -1,
      219, 218, 220, -1,
      219, 220, 221, -1,
      221, 220, 222, -1,
      221, 222, 223, -1,
      223, 222, 224, -1,
      223, 224, 154, -1,
      154, 224, 225, -1,
      154, 225, 196, -1,
      166, 226, 168, -1,
      168, 226, 227, -1,
      168, 227, 228, -1,
      228, 227, 229, -1,
      228, 229, 230, -1,
      230, 229, 231, -1,
      230, 231, 232, -1,
      232, 231, 233, -1,
      232, 233, 234, -1,
      234, 233, 235, -1,
      234, 235, 236, -1,
      236, 235, 237, -1,
      236, 237, 238, -1,
      238, 237, 239, -1,
      238, 239, 240, -1,
      240, 239, 241, -1,
      240, 241, 242, -1,
      242, 241, 243, -1,
      242, 243, 244, -1,
      244, 243, 245, -1,
      244, 245, 246, -1,
      246, 245, 247, -1,
      246, 247, 248, -1,
      249, 250, 251, -1,
      251, 250, 252, -1,
      251, 252, 163, -1,
      163, 252, 253, -1,
      163, 253, 161, -1,
      254, 255, 256, -1,
      173, 172, 257, -1,
      257, 172, 258, -1,
      257, 258, 259, -1,
      259, 258, 260, -1,
      259, 260, 261, -1,
      261, 260, 262, -1,
      261, 262, 263, -1,
      263, 262, 264, -1,
      263, 264, 249, -1,
      249, 264, 265, -1,
      249, 265, 250, -1,
      247, 266, 248, -1,
      248, 266, 254, -1,
      248, 254, 267, -1,
      267, 254, 256, -1,
      205, 268, 206, -1,
      206, 268, 269, -1,
      206, 269, 270, -1,
      270, 269, 271, -1,
      270, 271, 272, -1,
      272, 271, 273, -1,
      272, 273, 274, -1,
      274, 273, 275, -1,
      274, 275, 276, -1,
      276, 275, 277, -1,
      276, 277, 174, -1,
      174, 277, 278, -1,
      174, 278, 175, -1,
      279, 280, 254, -1,
      254, 280, 281, -1,
      254, 281, 255, -1,
      282, 283, 284, -1,
      283, 285, 284, -1,
      284, 285, 286, -1,
      284, 286, 287, -1,
      279, 254, 284, -1,
      284, 254, 288, -1,
      284, 288, 282, -1,
      135, 168, 136, -1,
      136, 168, 228, -1,
      136, 228, 137, -1,
      137, 228, 230, -1,
      137, 230, 48, -1,
      48, 230, 232, -1,
      48, 232, 49, -1,
      135, 1, 168, -1,
      168, 1, 0, -1,
      168, 0, 167, -1,
      167, 0, 7, -1,
      167, 7, 165, -1,
      165, 7, 6, -1,
      165, 6, 163, -1,
      163, 6, 5, -1,
      163, 5, 251, -1,
      251, 5, 4, -1,
      251, 4, 249, -1,
      249, 4, 263, -1,
      263, 4, 3, -1,
      3, 2, 263, -1,
      263, 2, 8, -1,
      263, 8, 261, -1,
      261, 8, 9, -1,
      261, 9, 259, -1,
      18, 171, 17, -1,
      17, 171, 173, -1,
      17, 173, 11, -1,
      11, 173, 257, -1,
      11, 257, 10, -1,
      10, 257, 259, -1,
      10, 259, 9, -1,
      171, 18, 19, -1,
      171, 19, 169, -1,
      169, 19, 21, -1,
      169, 21, 147, -1,
      147, 21, 20, -1,
      147, 20, 179, -1,
      179, 20, 13, -1,
      179, 13, 150, -1,
      150, 13, 12, -1,
      150, 12, 143, -1,
      143, 12, 23, -1,
      143, 23, 200, -1,
      200, 23, 22, -1,
      200, 22, 201, -1,
      201, 22, 16, -1,
      201, 16, 203, -1,
      268, 205, 15, -1,
      15, 205, 203, -1,
      15, 203, 16, -1,
      15, 14, 268, -1,
      268, 14, 33, -1,
      268, 33, 269, -1,
      269, 33, 32, -1,
      32, 31, 269, -1,
      269, 31, 30, -1,
      269, 30, 271, -1,
      271, 30, 29, -1,
      271, 29, 273, -1,
      273, 29, 25, -1,
      273, 25, 275, -1,
      275, 25, 24, -1,
      275, 24, 277, -1,
      277, 24, 28, -1,
      277, 28, 278, -1,
      278, 28, 27, -1,
      278, 27, 175, -1,
      175, 27, 26, -1,
      175, 26, 176, -1,
      176, 26, 37, -1,
      176, 37, 138, -1,
      37, 36, 138, -1,
      138, 36, 35, -1,
      138, 35, 139, -1,
      139, 35, 34, -1,
      139, 34, 193, -1,
      193, 34, 42, -1,
      193, 42, 191, -1,
      42, 41, 191, -1,
      191, 41, 40, -1,
      191, 40, 189, -1,
      189, 40, 39, -1,
      189, 39, 187, -1,
      187, 39, 38, -1,
      187, 38, 185, -1,
      185, 38, 47, -1,
      185, 47, 156, -1,
      47, 46, 156, -1,
      156, 46, 45, -1,
      156, 45, 157, -1,
      157, 45, 44, -1,
      157, 44, 144, -1,
      144, 44, 43, -1,
      144, 43, 145, -1,
      43, 92, 145, -1,
      145, 92, 96, -1,
      145, 96, 146, -1,
      146, 96, 97, -1,
      146, 97, 155, -1,
      153, 155, 83, -1,
      83, 155, 97, -1,
      151, 153, 56, -1,
      56, 153, 83, -1,
      152, 151, 51, -1,
      51, 151, 56, -1,
      154, 152, 50, -1,
      50, 152, 51, -1,
      154, 50, 52, -1,
      154, 52, 223, -1,
      223, 52, 53, -1,
      223, 53, 221, -1,
      221, 53, 100, -1,
      221, 100, 219, -1,
      219, 100, 99, -1,
      219, 99, 217, -1,
      217, 99, 98, -1,
      217, 98, 215, -1,
      215, 98, 72, -1,
      215, 72, 213, -1,
      213, 72, 73, -1,
      213, 73, 211, -1,
      211, 73, 69, -1,
      211, 69, 209, -1,
      209, 69, 71, -1,
      209, 71, 140, -1,
      140, 71, 70, -1,
      140, 70, 174, -1,
      174, 70, 68, -1,
      174, 68, 276, -1,
      276, 68, 67, -1,
      276, 67, 274, -1,
      274, 67, 75, -1,
      274, 75, 272, -1,
      272, 75, 74, -1,
      272, 74, 270, -1,
      74, 63, 270, -1,
      270, 63, 206, -1,
      63, 107, 206, -1,
      206, 107, 106, -1,
      206, 106, 204, -1,
      204, 106, 120, -1,
      204, 120, 202, -1,
      120, 134, 202, -1,
      202, 134, 133, -1,
      202, 133, 141, -1,
      141, 133, 132, -1,
      141, 132, 142, -1,
      142, 132, 126, -1,
      142, 126, 177, -1,
      177, 126, 125, -1,
      177, 125, 178, -1,
      178, 125, 124, -1,
      178, 124, 180, -1,
      180, 124, 121, -1,
      180, 121, 181, -1,
      181, 121, 116, -1,
      181, 116, 148, -1,
      148, 116, 119, -1,
      148, 119, 149, -1,
      149, 119, 127, -1,
      149, 127, 170, -1,
      170, 127, 129, -1,
      170, 129, 172, -1,
      172, 129, 131, -1,
      172, 131, 258, -1,
      258, 131, 130, -1,
      258, 130, 260, -1,
      108, 161, 122, -1,
      122, 161, 253, -1,
      122, 253, 123, -1,
      123, 253, 252, -1,
      123, 252, 114, -1,
      114, 252, 250, -1,
      114, 250, 115, -1,
      115, 250, 265, -1,
      115, 265, 117, -1,
      117, 265, 264, -1,
      117, 264, 118, -1,
      118, 264, 262, -1,
      118, 262, 128, -1,
      128, 262, 260, -1,
      128, 260, 130, -1,
      162, 161, 109, -1,
      109, 161, 108, -1,
      162, 109, 113, -1,
      162, 113, 164, -1,
      164, 113, 112, -1,
      164, 112, 166, -1,
      166, 112, 111, -1,
      166, 111, 226, -1,
      226, 111, 110, -1,
      226, 110, 227, -1,
      227, 110, 62, -1,
      227, 62, 229, -1,
      62, 61, 229, -1,
      229, 61, 60, -1,
      229, 60, 231, -1,
      231, 60, 89, -1,
      231, 89, 233, -1,
      233, 89, 88, -1,
      233, 88, 235, -1,
      235, 88, 87, -1,
      235, 87, 237, -1,
      237, 87, 86, -1,
      237, 86, 239, -1,
      239, 86, 105, -1,
      239, 105, 241, -1,
      241, 105, 104, -1,
      241, 104, 243, -1,
      243, 104, 80, -1,
      243, 80, 245, -1,
      247, 245, 79, -1,
      79, 245, 80, -1,
      247, 79, 78, -1,
      247, 78, 266, -1,
      266, 78, 66, -1,
      266, 66, 254, -1,
      254, 66, 65, -1,
      254, 65, 288, -1,
      288, 65, 64, -1,
      288, 64, 282, -1,
      282, 64, 55, -1,
      282, 55, 283, -1,
      283, 55, 54, -1,
      283, 54, 285, -1,
      285, 54, 85, -1,
      285, 85, 286, -1,
      286, 85, 84, -1,
      286, 84, 287, -1,
      287, 84, 82, -1,
      287, 82, 284, -1,
      284, 82, 81, -1,
      284, 81, 279, -1,
      279, 81, 95, -1,
      279, 95, 280, -1,
      280, 95, 94, -1,
      280, 94, 281, -1,
      281, 94, 93, -1,
      281, 93, 255, -1,
      255, 93, 91, -1,
      255, 91, 256, -1,
      256, 91, 90, -1,
      256, 90, 267, -1,
      267, 90, 103, -1,
      267, 103, 248, -1,
      248, 103, 102, -1,
      248, 102, 246, -1,
      244, 246, 101, -1,
      101, 246, 102, -1,
      244, 101, 59, -1,
      244, 59, 242, -1,
      242, 59, 58, -1,
      242, 58, 240, -1,
      240, 58, 77, -1,
      240, 77, 238, -1,
      238, 77, 76, -1,
      238, 76, 236, -1,
      236, 76, 57, -1,
      236, 57, 234, -1,
      234, 57, 49, -1,
      234, 49, 232, -1,
      218, 289, 290, -1,
      218, 290, 220, -1,
      220, 290, 291, -1,
      220, 291, 222, -1,
      222, 291, 292, -1,
      222, 292, 224, -1,
      224, 292, 293, -1,
      224, 293, 225, -1,
      225, 293, 294, -1,
      225, 294, 196, -1,
      196, 294, 295, -1,
      196, 295, 197, -1,
      197, 295, 296, -1,
      197, 296, 198, -1,
      198, 296, 297, -1,
      198, 297, 199, -1,
      199, 297, 298, -1,
      199, 298, 182, -1,
      182, 298, 299, -1,
      182, 299, 183, -1,
      183, 299, 300, -1,
      183, 300, 184, -1,
      184, 300, 301, -1,
      184, 301, 186, -1,
      186, 301, 302, -1,
      186, 302, 188, -1,
      188, 302, 303, -1,
      188, 303, 190, -1,
      190, 303, 304, -1,
      190, 304, 192, -1,
      192, 304, 305, -1,
      192, 305, 194, -1,
      194, 305, 306, -1,
      194, 306, 195, -1,
      195, 306, 307, -1,
      195, 307, 160, -1,
      160, 307, 308, -1,
      160, 308, 159, -1,
      159, 308, 309, -1,
      159, 309, 158, -1,
      158, 309, 310, -1,
      158, 310, 207, -1,
      207, 310, 311, -1,
      207, 311, 208, -1,
      208, 311, 312, -1,
      208, 312, 210, -1,
      210, 312, 313, -1,
      210, 313, 212, -1,
      212, 313, 314, -1,
      212, 314, 214, -1,
      214, 314, 315, -1,
      214, 315, 216, -1,
      216, 315, 289, -1,
      216, 289, 218, -1,
    ]
  }
}

Shape {
  appearance Appearance {
    material Material {
      diffuseColor 0.2235 0.2235 0.2235
      specularColor 0.1137 0.1137 0.1137
      ambientIntensity 0.2
      transparency 0.0000
      shininess 0.5
    }
  }
  geometry IndexedFaceSet {
    ccw TRUE
    solid FALSE
    coord DEF co Coordinate {
      point [
        0.984252 -0.179753 0.204836,
        0.984252 -0.176909 0.204527,
        0.984252 -0.173737 0.203392,
        0.984252 -0.170989 0.201537,
        0.984252 -0.168789 0.199081,
        0.984252 -0.167306 0.196276,
        0.984252 -0.166525 0.193109,
        0.984252 -0.166520 0.189984,
        0.984252 -0.167336 0.186706,
        0.984252 -0.168924 0.183772,
        0.984252 -0.170778 0.181677,
        0.984252 -0.173373 0.179817,
        0.984252 -0.176332 0.178635,
        0.984252 -0.179753 0.178193,
        0.984252 -0.180335 0.178206,
        0.984252 -0.183402 0.178706,
        0.984252 -0.186489 0.180032,
        0.984252 -0.189104 0.182036,
        0.984252 -0.191055 0.184460,
        0.984252 -0.192407 0.187331,
        0.984252 -0.193039 0.190534,
        0.984252 -0.192869 0.193863,
        0.984252 -0.191863 0.197078,
        0.984252 -0.190097 0.199904,
        0.984252 -0.188747 0.201331,
        0.984252 -0.186076 0.203230,
        0.984252 -0.183094 0.204407,
      ]
    }
    coordIndex [
      14, 24, 23, -1,
      12, 11, 1, -1,
      0, 26, 14, -1,
      14, 26, 25, -1,
      14, 25, 24, -1,
      19, 18, 23, -1,
      23, 18, 17, -1,
      0, 14, 1, -1,
      1, 14, 13, -1,
      1, 13, 12, -1,
      22, 21, 23, -1,
      23, 21, 20, -1,
      23, 20, 19, -1,
      17, 16, 23, -1,
      23, 16, 15, -1,
      23, 15, 14, -1,
      11, 10, 1, -1,
      1, 10, 9, -1,
      1, 9, 8, -1,
      8, 7, 1, -1,
      1, 7, 6, -1,
      1, 6, 5, -1,
      5, 4, 1, -1,
      1, 4, 3, -1,
      1, 3, 2, -1,
    ]
  }
}
