#VRML V2.0 utf8

Shape {
  appearance Appearance {
    material Material {
      diffuseColor 0.2510 0.2510 0.2510
      specularColor 0.1255 0.1255 0.1255
      ambientIntensity 0.2
      transparency 0.0000
      shininess 0.5
    }
  }
  geometry IndexedFaceSet {
    ccw TRUE
    solid FALSE
    coord DEF co Coordinate {
      point [
        -2.618110 1.437008 -1.122047,
        -1.145875 1.437008 -1.122047,
        -1.145875 1.437008 -1.668010,
        0.801144 1.437008 -2.014762,
        0.806665 1.437008 -2.015415,
        0.773322 1.437008 -2.015415,
        1.082677 1.437008 -2.440945,
        1.082677 1.437008 -2.677165,
        0.955246 1.437008 -2.677165,
        1.154259 1.437008 -1.822004,
        1.145928 1.437008 -1.842838,
        1.083695 1.437008 -1.842838,
        1.173615 1.437008 -1.795004,
        1.167373 1.437008 -1.803711,
        1.083695 1.437008 -1.803711,
        1.325834 1.437008 -1.654213,
        1.305312 1.437008 -1.668010,
        1.083695 1.437008 -1.668010,
        1.283509 1.437008 -1.682669,
        1.249673 1.437008 -1.722711,
        1.232274 1.437008 -1.757624,
        1.227572 1.437008 -1.759206,
        1.199341 1.437008 -1.773229,
        1.373448 1.437008 -1.637437,
        1.083695 1.437008 -1.122047,
        1.412548 1.437008 -1.633330,
        1.453493 1.437008 -1.637707,
        1.497634 1.437008 -1.653122,
        2.618110 1.437008 -1.122047,
        1.522521 1.437008 -1.668010,
        2.618110 1.437008 -1.668010,
        1.526405 1.437008 -1.670334,
        2.618110 1.437008 -1.803711,
        1.730221 1.437008 -1.803711,
        1.721530 1.437008 -1.784355,
        1.699088 1.437008 -1.755727,
        1.626437 1.437008 -1.714574,
        1.589975 1.437008 -1.710184,
        1.548702 1.437008 -1.689429,
        1.579064 1.437008 -1.710777,
        1.568152 1.437008 -1.712081,
        1.691954 1.437008 -1.749015,
        1.661647 1.437008 -1.727991,
        1.675400 1.437008 -1.991781,
        1.703832 1.437008 -1.967311,
        2.618110 1.437008 -2.015415,
        1.641281 1.437008 -2.008794,
        1.725939 1.437008 -1.935545,
        1.739310 1.437008 -1.900172,
        2.618110 1.437008 -1.842838,
        1.743682 1.437008 -1.863891,
        1.743369 1.437008 -1.854057,
        1.741309 1.437008 -1.842838,
        1.736826 1.437008 -1.818419,
        1.627928 1.437008 -2.012854,
        1.626731 1.437008 -2.015415,
        1.618422 1.437008 -2.033197,
        1.604314 1.437008 -2.050613,
        1.498504 1.437008 -2.068278,
        1.514841 1.437008 -2.074549,
        1.083695 1.437008 -2.440945,
        1.537791 1.437008 -2.077374,
        2.618110 1.437008 -2.440945,
        1.541466 1.437008 -2.077305,
        1.563867 1.437008 -2.073807,
        2.618110 1.437008 -2.068278,
        1.577022 1.437008 -2.068278,
        1.585756 1.437008 -2.064606,
        1.448878 1.437008 -2.015415,
        1.448952 1.437008 -2.015729,
        1.083695 1.437008 -2.068278,
        1.460164 1.437008 -2.036885,
        1.474778 1.437008 -2.053278,
        1.493678 1.437008 -2.066425,
        1.327734 1.437008 -1.959441,
        1.321224 1.437008 -1.956869,
        1.310076 1.437008 -1.902793,
        1.466630 1.437008 -1.918922,
        1.339489 1.437008 -1.852506,
        1.483198 1.437008 -1.903833,
        1.503329 1.437008 -1.893040,
        1.333569 1.437008 -1.963576,
        1.154629 1.437008 -1.945848,
        1.173447 1.437008 -1.972056,
        1.083695 1.437008 -2.015415,
        1.197626 1.437008 -1.874603,
        1.202070 1.437008 -1.856376,
        1.209356 1.437008 -1.842838,
        1.681550 1.437008 -1.842838,
        1.142671 1.437008 -1.850984,
        1.138341 1.437008 -1.881919,
        1.142703 1.437008 -1.915813,
        1.313871 1.437008 -1.955926,
        1.312948 1.437008 -1.955993,
        1.310101 1.437008 -1.956623,
        1.675994 1.437008 -1.899781,
        1.664654 1.437008 -1.919088,
        1.616477 1.437008 -1.928864,
        1.647640 1.437008 -1.936561,
        1.626978 1.437008 -1.949284,
        1.581382 1.437008 -1.897460,
        1.600786 1.437008 -1.910933,
        1.683907 1.437008 -1.861994,
        1.682783 1.437008 -1.876553,
        1.560423 1.437008 -1.889449,
        1.537791 1.437008 -1.886663,
        1.526230 1.437008 -1.887349,
        1.199278 1.437008 -1.993919,
        1.228230 1.437008 -2.008081,
        1.259789 1.437008 -2.014752,
        1.343284 1.437008 -1.985339,
        1.343043 1.437008 -1.981594,
        1.442909 1.437008 -1.973004,
        1.341138 1.437008 -1.974373,
        1.337489 1.437008 -1.967900,
        1.216417 1.437008 -1.933042,
        1.205980 1.437008 -1.918241,
        1.199443 1.437008 -1.901331,
        1.197167 1.437008 -1.882868,
        1.315769 1.437008 -2.014752,
        1.321114 1.437008 -2.013891,
        1.327390 1.437008 -2.011420,
        1.333544 1.437008 -2.007045,
        1.335749 1.437008 -2.004800,
        1.339885 1.437008 -1.998840,
        1.342384 1.437008 -1.992406,
        1.443417 1.437008 -1.992302,
        1.442909 1.437008 -1.982493,
        1.308178 1.437008 -1.956874,
        1.265482 1.437008 -1.956874,
        1.248491 1.437008 -1.953624,
        1.231744 1.437008 -1.945878,
        1.217709 1.437008 -1.934429,
        1.278765 1.437008 -1.808860,
        1.672959 1.437008 -1.817882,
        1.681083 1.437008 -1.839044,
        1.271175 1.437008 -1.808860,
        1.210884 1.437008 -1.839999,
        1.221865 1.437008 -1.827731,
        1.236583 1.437008 -1.817457,
        1.253143 1.437008 -1.811083,
        1.299178 1.437008 -1.751922,
        1.320566 1.437008 -1.726344,
        1.538739 1.437008 -1.781345,
        1.323032 1.437008 -1.724097,
        1.349693 1.437008 -1.705603,
        1.524256 1.437008 -1.751350,
        1.663101 1.437008 -1.803711,
        1.545585 1.437008 -1.777605,
        1.279896 1.437008 -1.803711,
        1.284552 1.437008 -1.782501,
        1.566863 1.437008 -1.769848,
        1.589026 1.437008 -1.767113,
        1.598836 1.437008 -1.767620,
        1.502980 1.437008 -1.725924,
        1.379448 1.437008 -1.694208,
        1.477506 1.437008 -1.707311,
        1.411599 1.437008 -1.690259,
        1.446506 1.437008 -1.694752,
        1.622263 1.437008 -1.773155,
        1.643419 1.437008 -1.784367,
        1.659811 1.437008 -1.798981,
        0.450138 1.437008 -1.803711,
        0.493478 1.437008 -1.802585,
        0.512513 1.437008 -1.802585,
        0.544306 1.437008 -1.669136,
        0.450138 1.437008 -1.668010,
        0.575093 1.437008 -1.668010,
        0.594520 1.437008 -1.802585,
        0.613555 1.437008 -1.802585,
        0.617256 1.437008 -1.803711,
        0.575093 1.437008 -1.803711,
        0.575093 1.437008 -1.766085,
        0.581694 1.437008 -1.766085,
        0.617256 1.437008 -1.668010,
        0.575093 1.437008 -1.701603,
        0.562727 1.437008 -1.669136,
        0.742211 1.437008 -1.668010,
        0.773322 1.437008 -1.668010,
        0.757852 1.437008 -1.669136,
        0.773322 1.437008 -1.669136,
        0.809363 1.437008 -1.684487,
        0.809363 1.437008 -1.727196,
        0.773322 1.437008 -1.684487,
        0.773322 1.437008 -1.727196,
        0.757852 1.437008 -1.684487,
        0.761639 1.437008 -1.727196,
        0.754816 1.437008 -1.787371,
        0.761639 1.437008 -1.742478,
        0.773322 1.437008 -1.787371,
        0.773322 1.437008 -1.742478,
        0.809363 1.437008 -1.787371,
        0.809363 1.437008 -1.742478,
        0.826589 1.437008 -1.802585,
        0.834316 1.437008 -1.803711,
        0.773322 1.437008 -1.803711,
        0.742211 1.437008 -1.803711,
        0.754816 1.437008 -1.802585,
        0.773322 1.437008 -1.802585,
        0.826589 1.437008 -1.669136,
        0.834316 1.437008 -1.668010,
        0.868322 1.437008 -1.684402,
        0.884752 1.437008 -1.682440,
        0.858997 1.437008 -1.783107,
        0.853300 1.437008 -1.690354,
        0.853300 1.437008 -1.780548,
        0.854786 1.437008 -1.689552,
        0.858997 1.437008 -1.687950,
        0.891576 1.437008 -1.682806,
        0.902960 1.437008 -1.685361,
        0.913292 1.437008 -1.690570,
        0.921116 1.437008 -1.697245,
        0.921989 1.437008 -1.698200,
        0.928447 1.437008 -1.707465,
        0.932925 1.437008 -1.718979,
        0.935137 1.437008 -1.737362,
        0.934867 1.437008 -1.744028,
        0.932465 1.437008 -1.756987,
        0.881519 1.437008 -1.789254,
        0.866426 1.437008 -1.786444,
        0.910644 1.437008 -1.784217,
        0.901126 1.437008 -1.787881,
        0.887754 1.437008 -1.789486,
        0.927910 1.437008 -1.767515,
        0.922037 1.437008 -1.775431,
        0.919373 1.437008 -1.778063,
        0.870598 1.437008 -1.668010,
        0.867445 1.437008 -1.668258,
        0.858997 1.437008 -1.668010,
        0.858997 1.437008 -1.670698,
        0.853300 1.437008 -1.672343,
        0.884922 1.437008 -1.666885,
        0.858997 1.437008 -1.122047,
        0.894170 1.437008 -1.668010,
        0.947246 1.437008 -1.122047,
        0.947246 1.437008 -1.668010,
        0.943617 1.437008 -1.699172,
        0.933943 1.437008 -1.686533,
        0.930674 1.437008 -1.683412,
        0.918185 1.437008 -1.674655,
        0.904244 1.437008 -1.669237,
        0.955246 1.437008 -1.803711,
        0.947246 1.437008 -1.803711,
        0.947246 1.437008 -1.768661,
        0.955246 1.437008 -1.668010,
        0.949955 1.437008 -1.713996,
        0.947246 1.437008 -1.707661,
        0.950571 1.437008 -1.760160,
        0.953216 1.437008 -1.738385,
        0.952981 1.437008 -1.731418,
        0.901922 1.437008 -1.803711,
        0.912771 1.437008 -1.801476,
        0.925364 1.437008 -1.795535,
        0.936092 1.437008 -1.786620,
        0.937157 1.437008 -1.785458,
        0.945129 1.437008 -1.774074,
        0.898310 1.437008 -1.804455,
        0.947246 1.437008 -1.842838,
        0.890244 1.437008 -1.804837,
        0.858997 1.437008 -1.842838,
        0.878469 1.437008 -1.803711,
        0.853300 1.437008 -1.797059,
        0.855576 1.437008 -1.798193,
        0.858997 1.437008 -1.803711,
        0.858997 1.437008 -1.799315,
        0.869904 1.437008 -1.802892,
        -2.618110 1.437008 -2.440945,
        -2.618110 1.437008 -2.068278,
        -1.145875 1.437008 -2.440945,
        -1.145875 1.437008 -2.068278,
        -1.082677 1.437008 -2.440945,
        0.450138 1.437008 -2.068278,
        -1.082677 1.437008 -2.677165,
        0.955246 1.437008 -2.068278,
        0.938487 1.437008 -1.974873,
        0.935034 1.437008 -1.969442,
        0.931964 1.437008 -1.941902,
        0.858997 1.437008 -2.015415,
        0.864693 1.437008 -2.014289,
        0.881409 1.437008 -2.014289,
        0.895049 1.437008 -1.930967,
        0.900717 1.437008 -1.930372,
        0.909654 1.437008 -1.957662,
        0.947246 1.437008 -2.015415,
        0.938402 1.437008 -2.002065,
        0.940436 1.437008 -1.996426,
        0.866309 1.437008 -1.938975,
        0.864693 1.437008 -1.952955,
        0.930139 1.437008 -1.964927,
        0.923409 1.437008 -1.961223,
        0.920450 1.437008 -1.934661,
        0.909981 1.437008 -1.931265,
        0.927461 1.437008 -2.012963,
        0.921052 1.437008 -2.015380,
        0.920747 1.437008 -2.015415,
        0.933090 1.437008 -2.009036,
        0.934919 1.437008 -2.007186,
        0.941277 1.437008 -1.988773,
        0.940510 1.437008 -1.980996,
        0.881409 1.437008 -1.999552,
        0.881852 1.437008 -1.999552,
        0.885429 1.437008 -2.004769,
        0.890836 1.437008 -2.010094,
        0.931964 1.437008 -1.925664,
        0.887760 1.437008 -1.917987,
        0.881030 1.437008 -1.920295,
        0.875692 1.437008 -1.923627,
        0.881409 1.437008 -1.953705,
        0.881989 1.437008 -1.946321,
        0.883717 1.437008 -1.940367,
        0.885680 1.437008 -1.936923,
        0.872582 1.437008 -1.926616,
        0.869053 1.437008 -1.931790,
        0.928524 1.437008 -1.923671,
        0.916097 1.437008 -1.918853,
        0.899147 1.437008 -1.916795,
        0.888206 1.437008 -1.934234,
        0.891173 1.437008 -1.932321,
        0.911053 1.437008 -2.016541,
        0.947246 1.437008 -2.068278,
        0.901936 1.437008 -2.015465,
        0.858997 1.437008 -2.068278,
        0.901804 1.437008 -2.015415,
        0.841940 1.437008 -1.944699,
        0.841284 1.437008 -1.938737,
        0.839374 1.437008 -1.956301,
        0.841219 1.437008 -1.951198,
        0.842043 1.437008 -1.993685,
        0.834912 1.437008 -1.998031,
        0.834316 1.437008 -1.998246,
        0.834316 1.437008 -1.962734,
        0.837198 1.437008 -1.959777,
        0.834464 1.437008 -1.962637,
        0.827035 1.437008 -2.015415,
        0.830267 1.437008 -2.015080,
        0.834316 1.437008 -2.015415,
        0.834316 1.437008 -2.013658,
        0.842043 1.437008 -2.010946,
        0.782243 1.437008 -1.921025,
        0.782243 1.437008 -1.937263,
        0.831229 1.437008 -1.924368,
        0.827087 1.437008 -1.921826,
        0.834316 1.437008 -1.842838,
        0.839297 1.437008 -1.933355,
        0.836196 1.437008 -1.928836,
        0.834316 1.437008 -1.927145,
        0.778467 1.437008 -1.995079,
        0.780519 1.437008 -2.000376,
        0.783635 1.437008 -2.004785,
        0.818121 1.437008 -1.918380,
        0.804826 1.437008 -1.916795,
        0.773322 1.437008 -1.842838,
        0.793099 1.437008 -1.917835,
        0.783266 1.437008 -1.972604,
        0.780147 1.437008 -1.977207,
        0.778363 1.437008 -1.982136,
        0.777672 1.437008 -1.988364,
        0.788417 1.437008 -2.008968,
        0.792339 1.437008 -2.011377,
        0.806463 1.437008 -1.930372,
        0.811411 1.437008 -1.930743,
        0.824713 1.437008 -1.943198,
        0.815882 1.437008 -1.931926,
        0.819630 1.437008 -1.933920,
        0.824561 1.437008 -1.945422,
        0.823898 1.437008 -1.948019,
        0.822694 1.437008 -1.950273,
        0.821063 1.437008 -1.952067,
        0.815170 1.437008 -1.955752,
        0.796211 1.437008 -1.931453,
        0.804826 1.437008 -1.960254,
        0.786714 1.437008 -1.934751,
        0.798353 1.437008 -1.962874,
        0.787252 1.437008 -1.969047,
        0.822152 1.437008 -1.936148,
        0.823586 1.437008 -1.938276,
        0.824411 1.437008 -1.940532,
        0.824401 1.437008 -2.001816,
        0.816629 1.437008 -1.972399,
        0.826592 1.437008 -1.967832,
        0.814548 1.437008 -2.002896,
        0.813809 1.437008 -2.002891,
        0.805653 1.437008 -1.976995,
        0.805241 1.437008 -2.001931,
        0.794830 1.437008 -1.990001,
        0.794994 1.437008 -1.987922,
        0.800928 1.437008 -2.000352,
        0.799404 1.437008 -1.999427,
        0.797485 1.437008 -1.997725,
        0.796026 1.437008 -1.995567,
        0.795177 1.437008 -1.993190,
        0.795754 1.437008 -1.985311,
        0.797046 1.437008 -1.983096,
        0.799129 1.437008 -1.980927,
        0.659471 1.437008 -1.880840,
        0.617256 1.437008 -1.880840,
        0.617256 1.437008 -1.842838,
        0.725377 1.437008 -1.990615,
        0.723330 1.437008 -1.998461,
        0.722887 1.437008 -1.998461,
        0.677483 1.437008 -1.918978,
        0.742211 1.437008 -1.842838,
        0.694812 1.437008 -1.918978,
        0.742211 1.437008 -1.942187,
        0.720840 1.437008 -1.990752,
        0.722119 1.437008 -1.995194,
        0.742211 1.437008 -2.015415,
        0.742211 1.437008 -1.987054,
        0.768973 1.437008 -1.918978,
        0.750279 1.437008 -1.918978,
        0.731585 1.437008 -2.014085,
        0.732148 1.437008 -2.015415,
        0.738920 1.437008 -2.031414,
        0.773322 1.437008 -2.068278,
        0.765528 1.437008 -2.057817,
        0.765528 1.437008 -2.042944,
        0.745386 1.437008 -2.040975,
        0.742272 1.437008 -2.037528,
        0.742211 1.437008 -2.037419,
        0.816185 1.437008 -2.016541,
        0.834316 1.437008 -2.068278,
        0.762108 1.437008 -2.044065,
        0.756044 1.437008 -2.044854,
        0.742211 1.437008 -2.056202,
        0.747995 1.437008 -2.058405,
        0.742211 1.437008 -2.068278,
        0.754748 1.437008 -2.059181,
        0.758438 1.437008 -2.059049,
        0.751718 1.437008 -2.044328,
        0.748090 1.437008 -2.042880,
        0.720737 1.437008 -2.028685,
        0.728305 1.437008 -2.043422,
        0.617256 1.437008 -2.068278,
        0.715506 1.437008 -2.015415,
        0.734422 1.437008 -2.050768,
        0.735561 1.437008 -2.051812,
        0.741399 1.437008 -2.055893,
        0.590733 1.437008 -1.880840,
        0.590733 1.437008 -1.896191,
        0.575093 1.437008 -1.842838,
        0.587698 1.437008 -1.999075,
        0.575093 1.437008 -2.015415,
        0.587698 1.437008 -2.014289,
        0.617256 1.437008 -2.015415,
        0.617256 1.437008 -2.014289,
        0.659471 1.437008 -2.014289,
        0.642244 1.437008 -1.896191,
        0.642244 1.437008 -1.938900,
        0.617256 1.437008 -1.896191,
        0.617256 1.437008 -1.938900,
        0.594520 1.437008 -1.938900,
        0.594520 1.437008 -1.954183,
        0.617256 1.437008 -1.999075,
        0.617256 1.437008 -1.954183,
        0.642244 1.437008 -1.999075,
        0.642244 1.437008 -1.954183,
        1.011822 1.437008 -1.669136,
        1.011822 1.437008 -1.787371,
        0.958674 1.437008 -1.787371,
        1.029049 1.437008 -1.802585,
        1.029049 1.437008 -1.669136,
        0.958674 1.437008 -1.802585,
        0.955246 1.437008 -1.842838,
        0.960312 1.437008 -1.880840,
        0.960312 1.437008 -1.896191,
        1.011822 1.437008 -1.896191,
        1.011822 1.437008 -1.938900,
        0.957276 1.437008 -1.999075,
        0.957276 1.437008 -2.014289,
        0.955246 1.437008 -2.015415,
        1.029049 1.437008 -2.014289,
        1.029049 1.437008 -1.880840,
        1.011822 1.437008 -1.954183,
        1.011822 1.437008 -1.999075,
        0.964098 1.437008 -1.954183,
        0.964098 1.437008 -1.938900,
        0.955246 1.437008 -1.122047,
        0.895243 1.437008 -2.012925,
        0.624590 1.437008 -1.758276,
        0.631161 1.437008 -1.772078,
        0.641084 1.437008 -1.783891,
        0.654994 1.437008 -1.793869,
        0.691537 1.437008 -1.669136,
        0.671161 1.437008 -1.671386,
        0.655056 1.437008 -1.677269,
        0.670199 1.437008 -1.799816,
        0.692902 1.437008 -1.802585,
        0.729607 1.437008 -1.802585,
        0.729607 1.437008 -1.669136,
        0.641084 1.437008 -1.686807,
        0.636398 1.437008 -1.691388,
        0.628131 1.437008 -1.703017,
        0.623189 1.437008 -1.715739,
        0.620957 1.437008 -1.734155,
        0.621358 1.437008 -1.742651,
        0.834316 1.437008 -1.122047,
        0.773322 1.437008 -1.122047,
        0.742211 1.437008 -1.122047,
        0.617256 1.437008 -1.122047,
        0.575093 1.437008 -1.122047,
        0.450138 1.437008 -1.122047,
        0.504043 1.437008 -1.883090,
        0.487937 1.437008 -1.888973,
        0.450138 1.437008 -1.842838,
        0.457472 1.437008 -1.969980,
        0.464043 1.437008 -1.983783,
        0.450138 1.437008 -2.015415,
        0.473965 1.437008 -1.995595,
        0.487875 1.437008 -2.005574,
        0.503081 1.437008 -2.011520,
        0.525783 1.437008 -2.014289,
        0.562488 1.437008 -2.014289,
        0.562488 1.437008 -1.880840,
        0.524419 1.437008 -1.880840,
        0.526124 1.437008 -1.766085,
        0.473965 1.437008 -1.898511,
        0.469279 1.437008 -1.903092,
        0.461013 1.437008 -1.914721,
        0.456070 1.437008 -1.927443,
        0.453839 1.437008 -1.945859,
        0.454239 1.437008 -1.954355,
        0.947246 1.437008 -2.677165,
        0.858997 1.437008 -2.677165,
        0.834316 1.437008 -2.677165,
        0.773322 1.437008 -2.677165,
        0.742211 1.437008 -2.677165,
        0.617256 1.437008 -2.677165,
        0.575093 1.437008 -2.068278,
        0.575093 1.437008 -2.677165,
        0.450138 1.437008 -2.677165,
        0.427402 1.437008 -2.014289,
        0.446437 1.437008 -2.014289,
        0.345394 1.437008 -2.014289,
        0.359006 1.437008 -1.977789,
        0.414575 1.437008 -1.977789,
        0.395608 1.437008 -1.880840,
        0.377187 1.437008 -1.880840,
        0.326359 1.437008 -2.014289,
        -1.145875 1.437008 -2.015415,
        -1.145875 1.437008 -1.842838,
        -1.145875 1.437008 -1.803711,
        -2.618110 1.437008 -1.668010,
        -2.618110 1.437008 -1.803711,
        -2.618110 1.437008 -1.842838,
        -2.618110 1.437008 -2.015415,
        2.657480 -0.334646 -1.122047,
        2.657480 -1.397638 -1.122047,
        2.657480 -0.334646 -1.318898,
        2.657480 -1.397638 -2.440945,
        2.657480 0.334646 -1.318898,
        2.657480 1.397638 -2.440945,
        2.657480 0.334646 -1.122047,
        2.657480 1.397638 -1.122047,
        -2.618110 -1.437008 -1.122047,
        -2.618110 -1.437008 -2.440945,
        2.618110 -1.437008 -1.122047,
        -1.082677 -1.437008 -2.440945,
        2.618110 -1.437008 -2.440945,
        1.082677 -1.437008 -2.440945,
        1.082677 -1.437008 -2.677165,
        -1.082677 -1.437008 -2.677165,
        -2.657480 0.334646 -1.122047,
        -2.657480 1.397638 -1.122047,
        -2.657480 0.334646 -1.318898,
        -2.657480 1.397638 -2.440945,
        -2.657480 -0.334646 -1.318898,
        -2.657480 -1.397638 -2.440945,
        -2.657480 -0.334646 -1.122047,
        -2.657480 -1.397638 -1.122047,
        2.494588 -1.259879 0.000000,
        2.496834 -1.255304 0.000000,
        2.475776 -1.276361 0.000000,
        2.460800 1.279315 0.000000,
        -2.460800 1.279315 0.000000,
        -2.499787 1.240328 0.000000,
        -2.499787 -1.240328 0.000000,
        -2.460800 -1.279315 0.000000,
        2.499787 -1.240328 0.000000,
        2.460800 -1.279315 0.000000,
        2.498465 -1.250466 0.000000,
        -2.480351 -1.274116 0.000000,
        -2.475776 -1.276361 0.000000,
        -2.496834 -1.255304 0.000000,
        2.470938 -1.277993 0.000000,
        2.499787 1.240328 0.000000,
        -2.498465 -1.250466 0.000000,
        -2.470938 -1.277993 0.000000,
        2.480351 1.274116 0.000000,
        2.475776 1.276361 0.000000,
        2.496834 1.255304 0.000000,
        -2.494588 1.259879 0.000000,
        -2.496834 1.255304 0.000000,
        -2.480351 1.274116 0.000000,
        -2.475776 1.276361 0.000000,
        -2.470938 1.277993 0.000000,
        -2.498465 1.250466 0.000000,
        2.498465 1.250466 0.000000,
        2.470938 1.277993 0.000000,
        2.480351 -1.274116 0.000000,
        2.484587 -1.271293 0.000000,
        2.491765 -1.264115 0.000000,
        2.488413 -1.267941 0.000000,
        -2.494588 -1.259879 0.000000,
        -2.491765 -1.264115 0.000000,
        -2.484587 -1.271293 0.000000,
        -2.488413 -1.267941 0.000000,
        -2.491765 1.264115 0.000000,
        -2.484587 1.271293 0.000000,
        -2.488413 1.267941 0.000000,
        2.494588 1.259879 0.000000,
        2.491765 1.264115 0.000000,
        2.484587 1.271293 0.000000,
        2.488413 1.267941 0.000000,
        2.626871 1.436021 -2.440945,
        2.635192 1.433109 -2.440945,
        2.642657 1.428419 -2.440945,
        2.653581 1.414720 -2.440945,
        2.656493 1.406398 -2.440945,
        2.648891 1.422185 -2.440945,
        2.637795 -1.431733 -2.440945,
        2.656139 -1.407828 -2.440945,
        2.645949 -1.425477 -2.440945,
        2.652206 -1.417323 -2.440945,
        2.628300 -1.435667 -2.440945,
        -2.656493 1.406398 -2.440945,
        -2.653581 1.414720 -2.440945,
        -2.648891 1.422185 -2.440945,
        -2.642657 1.428419 -2.440945,
        -2.626871 1.436021 -2.440945,
        -2.635192 1.433109 -2.440945,
        -2.628300 -1.435667 -2.440945,
        -2.656139 -1.407828 -2.440945,
        -2.637795 -1.431733 -2.440945,
        -2.645949 -1.425477 -2.440945,
        -2.652206 -1.417323 -2.440945,
      ]
    }
    coordIndex [
      0, 1, 2, -1,
      3, 4, 5, -1,
      6, 7, 8, -1,
      9, 10, 11, -1,
      12, 13, 14, -1,
      15, 16, 17, -1,
      17, 16, 18, -1,
      17, 18, 19, -1,
      19, 20, 17, -1,
      17, 20, 21, -1,
      17, 21, 22, -1,
      23, 24, 25, -1,
      25, 24, 26, -1,
      26, 24, 27, -1,
      27, 24, 28, -1,
      27, 28, 29, -1,
      29, 28, 30, -1,
      29, 30, 31, -1,
      32, 33, 30, -1,
      30, 33, 34, -1,
      30, 34, 35, -1,
      30, 36, 31, -1,
      31, 36, 37, -1,
      31, 37, 38, -1,
      38, 37, 39, -1,
      38, 39, 40, -1,
      35, 41, 30, -1,
      30, 41, 42, -1,
      30, 42, 36, -1,
      43, 44, 45, -1,
      43, 45, 46, -1,
      44, 47, 45, -1,
      45, 47, 48, -1,
      45, 48, 49, -1,
      49, 48, 50, -1,
      50, 51, 49, -1,
      49, 51, 52, -1,
      49, 52, 32, -1,
      32, 52, 53, -1,
      32, 53, 33, -1,
      54, 46, 55, -1,
      55, 46, 45, -1,
      55, 45, 56, -1,
      56, 45, 57, -1,
      58, 59, 60, -1,
      60, 59, 61, -1,
      60, 61, 62, -1,
      61, 63, 62, -1,
      62, 63, 64, -1,
      62, 64, 65, -1,
      65, 64, 66, -1,
      65, 66, 45, -1,
      45, 66, 67, -1,
      45, 67, 57, -1,
      68, 69, 70, -1,
      69, 71, 70, -1,
      70, 71, 72, -1,
      70, 72, 73, -1,
      74, 75, 76, -1,
      77, 78, 79, -1,
      79, 78, 80, -1,
      74, 76, 81, -1,
      82, 83, 84, -1,
      85, 86, 78, -1,
      78, 86, 87, -1,
      78, 87, 88, -1,
      10, 89, 11, -1,
      11, 89, 90, -1,
      11, 90, 84, -1,
      84, 90, 91, -1,
      84, 91, 82, -1,
      75, 92, 76, -1,
      76, 92, 93, -1,
      76, 93, 94, -1,
      95, 96, 97, -1,
      97, 96, 98, -1,
      97, 98, 99, -1,
      100, 88, 101, -1,
      101, 88, 102, -1,
      101, 102, 97, -1,
      97, 102, 103, -1,
      97, 103, 95, -1,
      100, 104, 88, -1,
      88, 104, 105, -1,
      88, 105, 78, -1,
      78, 105, 106, -1,
      78, 106, 80, -1,
      83, 107, 84, -1,
      84, 107, 108, -1,
      84, 108, 109, -1,
      110, 111, 112, -1,
      112, 111, 113, -1,
      112, 113, 76, -1,
      76, 113, 114, -1,
      76, 114, 81, -1,
      115, 116, 76, -1,
      76, 116, 117, -1,
      76, 117, 78, -1,
      78, 117, 118, -1,
      78, 118, 85, -1,
      119, 120, 68, -1,
      120, 121, 68, -1,
      68, 121, 122, -1,
      68, 122, 123, -1,
      123, 124, 68, -1,
      68, 124, 125, -1,
      68, 125, 126, -1,
      126, 125, 110, -1,
      126, 110, 127, -1,
      127, 110, 112, -1,
      94, 128, 76, -1,
      76, 128, 129, -1,
      76, 129, 130, -1,
      130, 131, 76, -1,
      76, 131, 132, -1,
      76, 132, 115, -1,
      133, 134, 135, -1,
      135, 88, 133, -1,
      133, 88, 87, -1,
      133, 87, 136, -1,
      136, 87, 137, -1,
      137, 138, 136, -1,
      136, 138, 139, -1,
      136, 139, 140, -1,
      141, 142, 143, -1,
      142, 144, 143, -1,
      143, 144, 145, -1,
      143, 145, 146, -1,
      147, 143, 148, -1,
      134, 133, 147, -1,
      147, 133, 149, -1,
      147, 149, 143, -1,
      143, 149, 150, -1,
      143, 150, 141, -1,
      148, 151, 147, -1,
      147, 151, 152, -1,
      147, 152, 153, -1,
      146, 145, 154, -1,
      154, 145, 155, -1,
      154, 155, 156, -1,
      156, 155, 157, -1,
      156, 157, 158, -1,
      159, 160, 153, -1,
      153, 160, 161, -1,
      153, 161, 147, -1,
      162, 163, 164, -1,
      163, 162, 165, -1,
      165, 162, 166, -1,
      165, 166, 167, -1,
      168, 169, 170, -1,
      171, 172, 173, -1,
      170, 169, 174, -1,
      174, 169, 175, -1,
      174, 175, 167, -1,
      167, 175, 176, -1,
      167, 176, 165, -1,
      177, 178, 179, -1,
      179, 178, 180, -1,
      181, 182, 183, -1,
      183, 182, 184, -1,
      183, 184, 185, -1,
      185, 184, 186, -1,
      185, 186, 187, -1,
      187, 186, 188, -1,
      187, 188, 189, -1,
      189, 188, 190, -1,
      189, 190, 191, -1,
      191, 190, 192, -1,
      193, 194, 195, -1,
      179, 185, 177, -1,
      177, 185, 187, -1,
      177, 187, 196, -1,
      196, 187, 197, -1,
      196, 197, 195, -1,
      195, 197, 198, -1,
      195, 198, 193, -1,
      180, 178, 199, -1,
      199, 178, 200, -1,
      199, 200, 193, -1,
      201, 202, 203, -1,
      193, 200, 194, -1,
      194, 200, 204, -1,
      194, 204, 205, -1,
      205, 204, 206, -1,
      205, 206, 203, -1,
      203, 206, 207, -1,
      203, 207, 201, -1,
      202, 208, 203, -1,
      203, 208, 209, -1,
      203, 209, 210, -1,
      210, 211, 203, -1,
      203, 211, 212, -1,
      203, 212, 213, -1,
      213, 214, 203, -1,
      203, 214, 215, -1,
      203, 215, 216, -1,
      217, 218, 216, -1,
      216, 218, 219, -1,
      216, 219, 203, -1,
      220, 221, 222, -1,
      217, 223, 218, -1,
      218, 223, 224, -1,
      218, 224, 222, -1,
      222, 224, 225, -1,
      222, 225, 220, -1,
      226, 227, 228, -1,
      228, 227, 229, -1,
      228, 229, 200, -1,
      200, 229, 230, -1,
      200, 230, 204, -1,
      231, 232, 233, -1,
      233, 232, 234, -1,
      235, 236, 237, -1,
      237, 238, 235, -1,
      235, 238, 239, -1,
      235, 239, 240, -1,
      241, 242, 243, -1,
      244, 245, 235, -1,
      235, 245, 246, -1,
      235, 246, 236, -1,
      243, 247, 241, -1,
      241, 247, 248, -1,
      241, 248, 244, -1,
      244, 248, 249, -1,
      244, 249, 245, -1,
      250, 251, 242, -1,
      242, 251, 252, -1,
      242, 252, 253, -1,
      253, 254, 242, -1,
      242, 254, 255, -1,
      242, 255, 243, -1,
      256, 257, 258, -1,
      258, 257, 259, -1,
      258, 259, 260, -1,
      205, 261, 194, -1,
      194, 261, 262, -1,
      194, 262, 263, -1,
      263, 262, 264, -1,
      263, 264, 265, -1,
      266, 267, 268, -1,
      268, 267, 269, -1,
      268, 269, 270, -1,
      270, 269, 271, -1,
      270, 271, 272, -1,
      73, 58, 70, -1,
      70, 58, 60, -1,
      70, 60, 273, -1,
      274, 275, 276, -1,
      277, 278, 279, -1,
      280, 281, 282, -1,
      283, 284, 285, -1,
      259, 286, 287, -1,
      275, 288, 276, -1,
      276, 288, 289, -1,
      276, 289, 290, -1,
      290, 289, 282, -1,
      290, 282, 291, -1,
      291, 282, 281, -1,
      292, 283, 293, -1,
      293, 283, 294, -1,
      292, 295, 283, -1,
      283, 295, 296, -1,
      283, 296, 284, -1,
      297, 298, 257, -1,
      299, 300, 279, -1,
      279, 300, 301, -1,
      279, 301, 302, -1,
      274, 276, 298, -1,
      298, 276, 303, -1,
      298, 303, 257, -1,
      304, 305, 259, -1,
      259, 305, 306, -1,
      307, 308, 282, -1,
      282, 308, 309, -1,
      282, 309, 310, -1,
      306, 311, 259, -1,
      259, 311, 312, -1,
      259, 312, 286, -1,
      303, 313, 257, -1,
      257, 313, 314, -1,
      257, 314, 259, -1,
      259, 314, 315, -1,
      259, 315, 304, -1,
      310, 316, 282, -1,
      282, 316, 317, -1,
      282, 317, 280, -1,
      318, 319, 320, -1,
      320, 319, 321, -1,
      320, 321, 322, -1,
      323, 324, 259, -1,
      325, 326, 327, -1,
      328, 329, 330, -1,
      325, 327, 331, -1,
      326, 323, 327, -1,
      327, 323, 259, -1,
      327, 259, 277, -1,
      277, 259, 287, -1,
      277, 287, 278, -1,
      328, 330, 327, -1,
      327, 330, 332, -1,
      327, 332, 331, -1,
      333, 334, 335, -1,
      335, 334, 336, -1,
      335, 336, 277, -1,
      277, 336, 337, -1,
      277, 337, 327, -1,
      338, 339, 5, -1,
      340, 341, 342, -1,
      324, 343, 259, -1,
      259, 343, 344, -1,
      259, 344, 342, -1,
      342, 344, 345, -1,
      342, 345, 340, -1,
      346, 347, 5, -1,
      5, 347, 348, -1,
      341, 349, 342, -1,
      342, 349, 350, -1,
      342, 350, 351, -1,
      351, 350, 352, -1,
      351, 352, 338, -1,
      353, 354, 339, -1,
      339, 354, 355, -1,
      339, 355, 5, -1,
      5, 355, 356, -1,
      5, 356, 346, -1,
      348, 357, 5, -1,
      5, 357, 358, -1,
      5, 358, 3, -1,
      359, 360, 361, -1,
      361, 360, 362, -1,
      361, 362, 363, -1,
      361, 364, 359, -1,
      359, 364, 365, -1,
      359, 365, 366, -1,
      366, 367, 359, -1,
      359, 367, 368, -1,
      359, 368, 369, -1,
      369, 368, 370, -1,
      369, 370, 371, -1,
      371, 370, 372, -1,
      371, 372, 339, -1,
      339, 372, 373, -1,
      339, 373, 353, -1,
      374, 375, 363, -1,
      363, 375, 376, -1,
      363, 376, 361, -1,
      377, 378, 329, -1,
      329, 378, 379, -1,
      329, 379, 330, -1,
      377, 380, 378, -1,
      378, 380, 381, -1,
      378, 381, 382, -1,
      382, 381, 383, -1,
      382, 384, 385, -1,
      383, 386, 382, -1,
      382, 386, 387, -1,
      382, 387, 388, -1,
      388, 389, 382, -1,
      382, 389, 390, -1,
      382, 390, 384, -1,
      385, 391, 382, -1,
      382, 391, 392, -1,
      382, 392, 393, -1,
      394, 395, 396, -1,
      397, 398, 399, -1,
      400, 401, 402, -1,
      402, 401, 403, -1,
      402, 403, 404, -1,
      404, 403, 397, -1,
      404, 397, 405, -1,
      405, 397, 399, -1,
      406, 407, 5, -1,
      5, 407, 408, -1,
      338, 5, 351, -1,
      351, 5, 408, -1,
      351, 408, 401, -1,
      401, 408, 409, -1,
      401, 409, 403, -1,
      410, 407, 411, -1,
      411, 407, 406, -1,
      411, 406, 412, -1,
      413, 414, 415, -1,
      416, 417, 406, -1,
      406, 417, 418, -1,
      406, 418, 412, -1,
      419, 420, 4, -1,
      4, 420, 413, -1,
      4, 413, 5, -1,
      5, 413, 415, -1,
      5, 415, 406, -1,
      406, 415, 421, -1,
      406, 421, 422, -1,
      423, 424, 425, -1,
      425, 424, 426, -1,
      425, 426, 413, -1,
      413, 426, 427, -1,
      413, 427, 414, -1,
      422, 428, 406, -1,
      406, 428, 429, -1,
      406, 429, 416, -1,
      430, 431, 432, -1,
      430, 432, 433, -1,
      431, 434, 432, -1,
      432, 434, 435, -1,
      432, 435, 425, -1,
      425, 435, 436, -1,
      425, 436, 423, -1,
      437, 438, 439, -1,
      439, 438, 440, -1,
      439, 440, 441, -1,
      441, 440, 442, -1,
      441, 442, 443, -1,
      443, 442, 444, -1,
      443, 444, 445, -1,
      446, 447, 448, -1,
      448, 447, 449, -1,
      448, 449, 438, -1,
      438, 449, 450, -1,
      438, 450, 440, -1,
      440, 450, 451, -1,
      440, 451, 452, -1,
      452, 451, 453, -1,
      452, 453, 454, -1,
      454, 453, 455, -1,
      456, 457, 458, -1,
      459, 460, 17, -1,
      17, 460, 456, -1,
      17, 456, 244, -1,
      244, 456, 458, -1,
      244, 458, 241, -1,
      458, 461, 241, -1,
      241, 461, 459, -1,
      241, 459, 14, -1,
      14, 459, 17, -1,
      14, 17, 12, -1,
      12, 17, 22, -1,
      462, 463, 464, -1,
      464, 465, 466, -1,
      467, 468, 469, -1,
      469, 468, 470, -1,
      463, 462, 471, -1,
      471, 462, 11, -1,
      471, 11, 470, -1,
      470, 11, 84, -1,
      470, 84, 469, -1,
      472, 473, 474, -1,
      474, 473, 467, -1,
      474, 467, 475, -1,
      23, 15, 24, -1,
      24, 15, 17, -1,
      24, 17, 476, -1,
      476, 17, 244, -1,
      476, 244, 234, -1,
      234, 244, 235, -1,
      234, 235, 233, -1,
      233, 235, 240, -1,
      13, 9, 14, -1,
      14, 9, 11, -1,
      14, 11, 241, -1,
      241, 11, 462, -1,
      241, 462, 242, -1,
      242, 462, 257, -1,
      242, 257, 250, -1,
      250, 257, 256, -1,
      466, 475, 464, -1,
      464, 475, 467, -1,
      464, 467, 462, -1,
      462, 467, 469, -1,
      462, 469, 257, -1,
      257, 469, 283, -1,
      257, 283, 297, -1,
      297, 283, 285, -1,
      318, 294, 319, -1,
      319, 294, 283, -1,
      319, 283, 273, -1,
      273, 283, 469, -1,
      273, 469, 70, -1,
      70, 469, 84, -1,
      70, 84, 68, -1,
      68, 84, 109, -1,
      68, 109, 119, -1,
      302, 477, 279, -1,
      279, 477, 322, -1,
      279, 322, 277, -1,
      277, 322, 321, -1,
      277, 321, 335, -1,
      335, 321, 420, -1,
      335, 420, 333, -1,
      333, 420, 419, -1,
      265, 260, 263, -1,
      263, 260, 259, -1,
      263, 259, 194, -1,
      194, 259, 342, -1,
      194, 342, 195, -1,
      195, 342, 351, -1,
      195, 351, 196, -1,
      196, 351, 401, -1,
      196, 401, 170, -1,
      478, 479, 170, -1,
      170, 479, 480, -1,
      170, 480, 481, -1,
      177, 482, 174, -1,
      174, 482, 483, -1,
      174, 483, 484, -1,
      481, 485, 170, -1,
      170, 485, 486, -1,
      170, 486, 196, -1,
      196, 486, 487, -1,
      196, 487, 177, -1,
      177, 487, 488, -1,
      177, 488, 482, -1,
      484, 489, 174, -1,
      174, 489, 490, -1,
      174, 490, 491, -1,
      491, 492, 174, -1,
      174, 492, 493, -1,
      174, 493, 170, -1,
      170, 493, 494, -1,
      170, 494, 478, -1,
      171, 396, 439, -1,
      439, 396, 395, -1,
      439, 395, 437, -1,
      231, 226, 232, -1,
      232, 226, 228, -1,
      232, 228, 495, -1,
      495, 228, 200, -1,
      495, 200, 496, -1,
      496, 200, 178, -1,
      496, 178, 497, -1,
      497, 178, 177, -1,
      497, 177, 498, -1,
      498, 177, 174, -1,
      498, 174, 499, -1,
      499, 174, 167, -1,
      499, 167, 500, -1,
      500, 167, 166, -1,
      501, 502, 503, -1,
      504, 505, 506, -1,
      506, 505, 507, -1,
      506, 507, 508, -1,
      508, 509, 506, -1,
      506, 509, 510, -1,
      506, 510, 441, -1,
      441, 510, 511, -1,
      441, 511, 439, -1,
      439, 511, 512, -1,
      439, 512, 513, -1,
      514, 172, 164, -1,
      164, 172, 171, -1,
      164, 171, 162, -1,
      162, 171, 439, -1,
      162, 439, 503, -1,
      503, 439, 513, -1,
      503, 513, 501, -1,
      502, 515, 503, -1,
      503, 515, 516, -1,
      503, 516, 517, -1,
      517, 518, 503, -1,
      503, 518, 519, -1,
      503, 519, 506, -1,
      506, 519, 520, -1,
      506, 520, 504, -1,
      60, 6, 273, -1,
      273, 6, 8, -1,
      273, 8, 319, -1,
      319, 8, 521, -1,
      319, 521, 321, -1,
      321, 521, 522, -1,
      321, 522, 420, -1,
      420, 522, 523, -1,
      420, 523, 413, -1,
      413, 523, 524, -1,
      413, 524, 425, -1,
      425, 524, 525, -1,
      425, 525, 432, -1,
      432, 525, 526, -1,
      432, 526, 527, -1,
      527, 526, 528, -1,
      527, 528, 271, -1,
      271, 528, 529, -1,
      271, 529, 272, -1,
      530, 531, 506, -1,
      532, 533, 534, -1,
      506, 531, 503, -1,
      503, 531, 535, -1,
      503, 535, 536, -1,
      534, 530, 532, -1,
      532, 530, 506, -1,
      532, 506, 537, -1,
      537, 506, 538, -1,
      537, 538, 536, -1,
      536, 538, 539, -1,
      536, 539, 503, -1,
      503, 539, 540, -1,
      503, 540, 162, -1,
      162, 540, 2, -1,
      162, 2, 166, -1,
      166, 2, 1, -1,
      166, 1, 500, -1,
      0, 2, 541, -1,
      541, 2, 540, -1,
      541, 540, 542, -1,
      542, 540, 539, -1,
      542, 539, 543, -1,
      543, 539, 538, -1,
      543, 538, 544, -1,
      173, 168, 171, -1,
      171, 168, 170, -1,
      171, 170, 396, -1,
      396, 170, 401, -1,
      396, 401, 394, -1,
      394, 401, 400, -1,
      394, 400, 445, -1,
      445, 400, 433, -1,
      445, 433, 443, -1,
      443, 433, 432, -1,
      443, 432, 441, -1,
      441, 432, 527, -1,
      441, 527, 506, -1,
      506, 527, 271, -1,
      506, 271, 538, -1,
      538, 271, 269, -1,
      538, 269, 544, -1,
      544, 269, 267, -1,
      545, 546, 547, -1,
      547, 546, 548, -1,
      547, 548, 549, -1,
      549, 548, 550, -1,
      549, 550, 551, -1,
      551, 550, 552, -1,
      553, 554, 555, -1,
      555, 554, 556, -1,
      557, 555, 558, -1,
      558, 555, 556, -1,
      558, 556, 559, -1,
      559, 556, 560, -1,
      561, 562, 563, -1,
      563, 562, 564, -1,
      563, 564, 565, -1,
      565, 564, 566, -1,
      565, 566, 567, -1,
      567, 566, 568, -1,
      7, 559, 272, -1,
      272, 559, 560, -1,
      569, 570, 571, -1,
      572, 573, 574, -1,
      575, 576, 577, -1,
      577, 576, 578, -1,
      577, 578, 579, -1,
      580, 581, 582, -1,
      579, 578, 570, -1,
      570, 578, 583, -1,
      570, 583, 571, -1,
      575, 577, 574, -1,
      574, 577, 584, -1,
      574, 584, 572, -1,
      575, 585, 576, -1,
      576, 585, 582, -1,
      576, 582, 586, -1,
      586, 582, 581, -1,
      587, 588, 589, -1,
      590, 591, 592, -1,
      592, 591, 593, -1,
      573, 594, 574, -1,
      574, 594, 593, -1,
      574, 593, 595, -1,
      595, 593, 591, -1,
      584, 596, 572, -1,
      572, 596, 589, -1,
      572, 589, 597, -1,
      597, 589, 588, -1,
      571, 598, 569, -1,
      569, 598, 599, -1,
      569, 599, 600, -1,
      600, 599, 601, -1,
      582, 602, 580, -1,
      580, 602, 603, -1,
      580, 603, 604, -1,
      604, 603, 605, -1,
      590, 592, 606, -1,
      606, 592, 607, -1,
      606, 607, 608, -1,
      589, 609, 587, -1,
      587, 609, 610, -1,
      587, 610, 611, -1,
      611, 610, 612, -1,
      6, 558, 7, -1,
      7, 558, 559, -1,
      558, 6, 557, -1,
      557, 6, 62, -1,
      613, 614, 615, -1,
      616, 617, 62, -1,
      62, 617, 550, -1,
      62, 550, 557, -1,
      613, 615, 62, -1,
      62, 615, 618, -1,
      62, 618, 616, -1,
      619, 620, 621, -1,
      621, 620, 622, -1,
      550, 548, 557, -1,
      557, 548, 620, -1,
      557, 620, 623, -1,
      623, 620, 619, -1,
      556, 270, 560, -1,
      560, 270, 272, -1,
      270, 556, 266, -1,
      266, 556, 554, -1,
      624, 625, 266, -1,
      625, 626, 266, -1,
      266, 626, 627, -1,
      266, 627, 628, -1,
      628, 627, 629, -1,
      630, 631, 554, -1,
      554, 631, 566, -1,
      554, 566, 266, -1,
      266, 566, 564, -1,
      266, 564, 624, -1,
      630, 632, 631, -1,
      631, 632, 633, -1,
      631, 633, 634, -1,
    ]
  }
}

Shape {
  appearance Appearance {
    material Material {
      diffuseColor 0.7529 0.7529 0.7529
      specularColor 0.3765 0.3765 0.3765
      ambientIntensity 0.2
      transparency 0.0000
      shininess 0.5
    }
  }
  geometry IndexedFaceSet {
    ccw TRUE
    solid FALSE
    coord DEF co Coordinate {
      point [
        2.657480 -0.334646 -1.122047,
        2.657480 -0.334646 -1.318898,
        2.657480 0.334646 -1.318898,
        2.657480 0.334646 -1.122047,
        -2.657480 0.334646 -1.122047,
        -2.657480 0.334646 -1.318898,
        -2.657480 -0.334646 -1.318898,
        -2.657480 -0.334646 -1.122047,
        -1.771654 0.334646 -2.480315,
        -2.755906 0.334646 -2.480315,
        -1.771654 -0.334646 -2.480315,
        -2.755906 -0.334646 -2.480315,
        -1.771654 0.334646 -2.677165,
        -1.771654 -0.334646 -2.677165,
        -2.755906 0.334646 -2.677165,
        -2.755906 -0.334646 -2.677165,
        -2.832328 -0.334646 -2.667104,
        -2.832328 0.334646 -2.667104,
        -2.903543 -0.334646 -2.637606,
        -2.903543 0.334646 -2.637606,
        -2.964697 -0.334646 -2.590681,
        -2.964697 0.334646 -2.590681,
        -3.011622 -0.334646 -2.529528,
        -3.011622 0.334646 -2.529528,
        -3.041120 -0.334646 -2.458313,
        -3.041120 0.334646 -2.458313,
        -3.051181 -0.334646 -2.381890,
        -3.051181 0.334646 -2.381890,
        -3.051181 0.334646 -1.417323,
        -3.051181 -0.334646 -1.417323,
        -3.041120 -0.334646 -1.340900,
        -3.041120 0.334646 -1.340900,
        -3.011622 -0.334646 -1.269685,
        -3.011622 0.334646 -1.269685,
        -2.964697 -0.334646 -1.208531,
        -2.964697 0.334646 -1.208531,
        -2.903543 -0.334646 -1.161607,
        -2.903543 0.334646 -1.161607,
        -2.832328 -0.334646 -1.132109,
        -2.832328 0.334646 -1.132109,
        -2.755906 -0.334646 -1.122047,
        -2.755906 0.334646 -1.122047,
        -2.755906 0.334646 -1.318898,
        -2.755906 -0.334646 -1.318898,
        -2.781380 0.334646 -1.322251,
        -2.781380 -0.334646 -1.322251,
        -2.805118 0.334646 -1.332084,
        -2.805118 -0.334646 -1.332084,
        -2.825503 0.334646 -1.347726,
        -2.825503 -0.334646 -1.347726,
        -2.841144 0.334646 -1.368110,
        -2.841144 -0.334646 -1.368110,
        -2.850977 0.334646 -1.391848,
        -2.850977 -0.334646 -1.391848,
        -2.854331 0.334646 -1.417323,
        -2.854331 -0.334646 -1.417323,
        -2.854331 0.334646 -2.381890,
        -2.854331 -0.334646 -2.381890,
        -2.850977 0.334646 -2.407364,
        -2.850977 -0.334646 -2.407364,
        -2.841144 0.334646 -2.431102,
        -2.841144 -0.334646 -2.431102,
        -2.825503 0.334646 -2.451487,
        -2.825503 -0.334646 -2.451487,
        -2.805118 0.334646 -2.467128,
        -2.805118 -0.334646 -2.467128,
        -2.781380 0.334646 -2.476961,
        -2.781380 -0.334646 -2.476961,
        1.771654 0.334646 -2.677165,
        2.755906 0.334646 -2.677165,
        1.771654 -0.334646 -2.677165,
        2.755906 -0.334646 -2.677165,
        1.771654 0.334646 -2.480315,
        1.771654 -0.334646 -2.480315,
        2.755906 0.334646 -2.480315,
        2.755906 -0.334646 -2.480315,
        2.781380 0.334646 -2.476961,
        2.781380 -0.334646 -2.476961,
        2.805118 0.334646 -2.467128,
        2.805118 -0.334646 -2.467128,
        2.825503 0.334646 -2.451487,
        2.825503 -0.334646 -2.451487,
        2.841144 0.334646 -2.431102,
        2.841144 -0.334646 -2.431102,
        2.850977 0.334646 -2.407364,
        2.850977 -0.334646 -2.407364,
        2.854331 0.334646 -2.381890,
        2.854331 -0.334646 -2.381890,
        2.854331 0.334646 -1.417323,
        2.854331 -0.334646 -1.417323,
        2.850977 0.334646 -1.391848,
        2.850977 -0.334646 -1.391848,
        2.841144 0.334646 -1.368110,
        2.841144 -0.334646 -1.368110,
        2.825503 0.334646 -1.347726,
        2.825503 -0.334646 -1.347726,
        2.805118 0.334646 -1.332084,
        2.805118 -0.334646 -1.332084,
        2.781380 0.334646 -1.322251,
        2.781380 -0.334646 -1.322251,
        2.755906 0.334646 -1.318898,
        2.755906 -0.334646 -1.318898,
        2.755906 0.334646 -1.122047,
        2.755906 -0.334646 -1.122047,
        2.832328 -0.334646 -1.132109,
        2.832328 0.334646 -1.132109,
        2.903543 -0.334646 -1.161607,
        2.903543 0.334646 -1.161607,
        2.964697 -0.334646 -1.208531,
        2.964697 0.334646 -1.208531,
        3.011622 -0.334646 -1.269685,
        3.011622 0.334646 -1.269685,
        3.041120 -0.334646 -1.340900,
        3.041120 0.334646 -1.340900,
        3.051181 -0.334646 -1.417323,
        3.051181 0.334646 -1.417323,
        3.051181 0.334646 -2.381890,
        3.051181 -0.334646 -2.381890,
        3.041120 -0.334646 -2.458313,
        3.041120 0.334646 -2.458313,
        3.011622 -0.334646 -2.529528,
        3.011622 0.334646 -2.529528,
        2.964697 -0.334646 -2.590681,
        2.964697 0.334646 -2.590681,
        2.903543 -0.334646 -2.637606,
        2.903543 0.334646 -2.637606,
        2.832328 -0.334646 -2.667104,
        2.832328 0.334646 -2.667104,
      ]
    }
    coordIndex [
      8, 9, 10, -1,
      10, 9, 11, -1,
      12, 8, 13, -1,
      13, 8, 10, -1,
      14, 12, 15, -1,
      15, 12, 13, -1,
      14, 15, 16, -1,
      14, 16, 17, -1,
      17, 16, 18, -1,
      17, 18, 19, -1,
      19, 18, 20, -1,
      19, 20, 21, -1,
      21, 20, 22, -1,
      21, 22, 23, -1,
      23, 22, 24, -1,
      23, 24, 25, -1,
      25, 24, 26, -1,
      25, 26, 27, -1,
      28, 27, 29, -1,
      29, 27, 26, -1,
      28, 29, 30, -1,
      28, 30, 31, -1,
      31, 30, 32, -1,
      31, 32, 33, -1,
      33, 32, 34, -1,
      33, 34, 35, -1,
      35, 34, 36, -1,
      35, 36, 37, -1,
      37, 36, 38, -1,
      37, 38, 39, -1,
      39, 38, 40, -1,
      39, 40, 41, -1,
      4, 41, 7, -1,
      7, 41, 40, -1,
      42, 5, 43, -1,
      43, 5, 6, -1,
      42, 43, 44, -1,
      44, 43, 45, -1,
      44, 45, 46, -1,
      46, 45, 47, -1,
      46, 47, 48, -1,
      48, 47, 49, -1,
      48, 49, 50, -1,
      50, 49, 51, -1,
      50, 51, 52, -1,
      52, 51, 53, -1,
      52, 53, 54, -1,
      54, 53, 55, -1,
      56, 54, 57, -1,
      57, 54, 55, -1,
      56, 57, 58, -1,
      58, 57, 59, -1,
      58, 59, 60, -1,
      60, 59, 61, -1,
      60, 61, 62, -1,
      62, 61, 63, -1,
      62, 63, 64, -1,
      64, 63, 65, -1,
      64, 65, 66, -1,
      66, 65, 67, -1,
      66, 67, 9, -1,
      9, 67, 11, -1,
      8, 12, 9, -1,
      9, 12, 14, -1,
      9, 14, 66, -1,
      66, 14, 17, -1,
      66, 17, 64, -1,
      64, 17, 19, -1,
      64, 19, 62, -1,
      62, 19, 21, -1,
      62, 21, 60, -1,
      60, 21, 23, -1,
      60, 23, 58, -1,
      58, 23, 25, -1,
      58, 25, 56, -1,
      56, 25, 27, -1,
      56, 27, 54, -1,
      54, 27, 28, -1,
      54, 28, 52, -1,
      52, 28, 31, -1,
      52, 31, 50, -1,
      50, 31, 33, -1,
      50, 33, 48, -1,
      48, 33, 35, -1,
      48, 35, 46, -1,
      46, 35, 37, -1,
      46, 37, 44, -1,
      44, 37, 39, -1,
      44, 39, 42, -1,
      42, 39, 41, -1,
      42, 41, 5, -1,
      5, 41, 4, -1,
      6, 7, 43, -1,
      43, 7, 40, -1,
      43, 40, 45, -1,
      45, 40, 38, -1,
      45, 38, 47, -1,
      47, 38, 36, -1,
      47, 36, 49, -1,
      49, 36, 34, -1,
      49, 34, 51, -1,
      51, 34, 32, -1,
      51, 32, 53, -1,
      53, 32, 30, -1,
      53, 30, 55, -1,
      55, 30, 29, -1,
      55, 29, 57, -1,
      57, 29, 26, -1,
      57, 26, 59, -1,
      59, 26, 24, -1,
      59, 24, 61, -1,
      61, 24, 22, -1,
      61, 22, 63, -1,
      63, 22, 20, -1,
      63, 20, 65, -1,
      65, 20, 18, -1,
      65, 18, 67, -1,
      67, 18, 16, -1,
      67, 16, 11, -1,
      11, 16, 15, -1,
      11, 15, 10, -1,
      10, 15, 13, -1,
      68, 69, 70, -1,
      70, 69, 71, -1,
      72, 68, 73, -1,
      73, 68, 70, -1,
      74, 72, 75, -1,
      75, 72, 73, -1,
      74, 75, 76, -1,
      76, 75, 77, -1,
      76, 77, 78, -1,
      78, 77, 79, -1,
      78, 79, 80, -1,
      80, 79, 81, -1,
      80, 81, 82, -1,
      82, 81, 83, -1,
      82, 83, 84, -1,
      84, 83, 85, -1,
      84, 85, 86, -1,
      86, 85, 87, -1,
      88, 86, 89, -1,
      89, 86, 87, -1,
      88, 89, 90, -1,
      90, 89, 91, -1,
      90, 91, 92, -1,
      92, 91, 93, -1,
      92, 93, 94, -1,
      94, 93, 95, -1,
      94, 95, 96, -1,
      96, 95, 97, -1,
      96, 97, 98, -1,
      98, 97, 99, -1,
      98, 99, 100, -1,
      100, 99, 101, -1,
      2, 100, 1, -1,
      1, 100, 101, -1,
      102, 3, 103, -1,
      103, 3, 0, -1,
      102, 103, 104, -1,
      102, 104, 105, -1,
      105, 104, 106, -1,
      105, 106, 107, -1,
      107, 106, 108, -1,
      107, 108, 109, -1,
      109, 108, 110, -1,
      109, 110, 111, -1,
      111, 110, 112, -1,
      111, 112, 113, -1,
      113, 112, 114, -1,
      113, 114, 115, -1,
      116, 115, 117, -1,
      117, 115, 114, -1,
      116, 117, 118, -1,
      116, 118, 119, -1,
      119, 118, 120, -1,
      119, 120, 121, -1,
      121, 120, 122, -1,
      121, 122, 123, -1,
      123, 122, 124, -1,
      123, 124, 125, -1,
      125, 124, 126, -1,
      125, 126, 127, -1,
      127, 126, 71, -1,
      127, 71, 69, -1,
      2, 3, 100, -1,
      100, 3, 102, -1,
      100, 102, 98, -1,
      98, 102, 105, -1,
      98, 105, 96, -1,
      96, 105, 107, -1,
      96, 107, 94, -1,
      94, 107, 109, -1,
      94, 109, 92, -1,
      92, 109, 111, -1,
      92, 111, 90, -1,
      90, 111, 113, -1,
      90, 113, 88, -1,
      88, 113, 115, -1,
      88, 115, 86, -1,
      86, 115, 116, -1,
      86, 116, 84, -1,
      84, 116, 119, -1,
      84, 119, 82, -1,
      82, 119, 121, -1,
      82, 121, 80, -1,
      80, 121, 123, -1,
      80, 123, 78, -1,
      78, 123, 125, -1,
      78, 125, 76, -1,
      76, 125, 127, -1,
      76, 127, 74, -1,
      74, 127, 69, -1,
      74, 69, 72, -1,
      72, 69, 68, -1,
      73, 70, 75, -1,
      75, 70, 71, -1,
      75, 71, 77, -1,
      77, 71, 126, -1,
      77, 126, 79, -1,
      79, 126, 124, -1,
      79, 124, 81, -1,
      81, 124, 122, -1,
      81, 122, 83, -1,
      83, 122, 120, -1,
      83, 120, 85, -1,
      85, 120, 118, -1,
      85, 118, 87, -1,
      87, 118, 117, -1,
      87, 117, 89, -1,
      89, 117, 114, -1,
      89, 114, 91, -1,
      91, 114, 112, -1,
      91, 112, 93, -1,
      93, 112, 110, -1,
      93, 110, 95, -1,
      95, 110, 108, -1,
      95, 108, 97, -1,
      97, 108, 106, -1,
      97, 106, 99, -1,
      99, 106, 104, -1,
      99, 104, 101, -1,
      101, 104, 103, -1,
      101, 103, 1, -1,
      1, 103, 0, -1,
    ]
  }
}

Shape {
  appearance Appearance {
    material Material {
      diffuseColor 0.2510 0.2510 0.2510
      specularColor 0.1255 0.1255 0.1255
      ambientIntensity 0.2
      transparency 0.0000
      shininess 0.5
    }
  }
  geometry IndexedFaceSet {
    ccw TRUE
    solid FALSE
    coord DEF co Coordinate {
      point [
        -2.618110 1.437008 -1.122047,
        2.618110 1.437008 -1.122047,
        2.618110 1.437008 -2.440945,
        -2.618110 1.437008 -2.440945,
        2.657480 -0.334646 -1.122047,
        2.657480 -1.397638 -1.122047,
        2.657480 -1.397638 -2.440945,
        2.657480 1.397638 -2.440945,
        2.657480 0.334646 -1.122047,
        2.657480 1.397638 -1.122047,
        -2.618110 -1.437008 -1.122047,
        -2.618110 -1.437008 -2.440945,
        2.618110 -1.437008 -1.122047,
        2.618110 -1.437008 -2.440945,
        -2.657480 0.334646 -1.122047,
        -2.657480 1.397638 -1.122047,
        -2.657480 1.397638 -2.440945,
        -2.657480 -1.397638 -2.440945,
        -2.657480 -0.334646 -1.122047,
        -2.657480 -1.397638 -1.122047,
        2.494588 -1.259879 0.000000,
        2.496834 -1.255304 0.000000,
        2.475776 -1.276361 0.000000,
        2.460800 1.279315 0.000000,
        -2.460800 1.279315 0.000000,
        -2.499787 1.240328 0.000000,
        -2.499787 -1.240328 0.000000,
        -2.460800 -1.279315 0.000000,
        2.499787 -1.240328 0.000000,
        2.460800 -1.279315 0.000000,
        2.498465 -1.250466 0.000000,
        -2.480351 -1.274116 0.000000,
        -2.475776 -1.276361 0.000000,
        -2.496834 -1.255304 0.000000,
        2.470938 -1.277993 0.000000,
        2.499787 1.240328 0.000000,
        -2.498465 -1.250466 0.000000,
        -2.470938 -1.277993 0.000000,
        2.480351 1.274116 0.000000,
        2.475776 1.276361 0.000000,
        2.496834 1.255304 0.000000,
        -2.494588 1.259879 0.000000,
        -2.496834 1.255304 0.000000,
        -2.480351 1.274116 0.000000,
        -2.475776 1.276361 0.000000,
        -2.470938 1.277993 0.000000,
        -2.498465 1.250466 0.000000,
        2.498465 1.250466 0.000000,
        2.470938 1.277993 0.000000,
        2.480351 -1.274116 0.000000,
        2.484587 -1.271293 0.000000,
        2.491765 -1.264115 0.000000,
        2.488413 -1.267941 0.000000,
        -2.494588 -1.259879 0.000000,
        -2.491765 -1.264115 0.000000,
        -2.484587 -1.271293 0.000000,
        -2.488413 -1.267941 0.000000,
        -2.491765 1.264115 0.000000,
        -2.484587 1.271293 0.000000,
        -2.488413 1.267941 0.000000,
        2.494588 1.259879 0.000000,
        2.491765 1.264115 0.000000,
        2.484587 1.271293 0.000000,
        2.488413 1.267941 0.000000,
        2.626871 1.436021 -2.440945,
        2.635192 1.433109 -2.440945,
        2.642657 1.428419 -2.440945,
        2.653581 1.414720 -2.440945,
        2.656493 1.406398 -2.440945,
        2.648891 1.422185 -2.440945,
        2.637795 -1.431733 -2.440945,
        2.656139 -1.407828 -2.440945,
        2.645949 -1.425477 -2.440945,
        2.652206 -1.417323 -2.440945,
        2.628300 -1.435667 -2.440945,
        -2.656493 1.406398 -2.440945,
        -2.653581 1.414720 -2.440945,
        -2.648891 1.422185 -2.440945,
        -2.642657 1.428419 -2.440945,
        -2.626871 1.436021 -2.440945,
        -2.635192 1.433109 -2.440945,
        -2.628300 -1.435667 -2.440945,
        -2.656139 -1.407828 -2.440945,
        -2.637795 -1.431733 -2.440945,
        -2.645949 -1.425477 -2.440945,
        -2.652206 -1.417323 -2.440945,
        -2.618492 1.437006 -1.122034,
        2.618492 1.437006 -1.122034,
        -2.657479 -1.398019 -1.122034,
        -2.657479 1.398019 -1.122034,
        2.657479 1.398019 -1.122034,
        2.657479 -1.398019 -1.122034,
        2.618492 -1.437006 -1.122034,
        -2.618492 -1.437006 -1.122034,
        2.637905 1.431670 -1.121054,
        2.635085 1.432854 -1.121168,
        2.628545 1.435600 -1.121432,
        2.626845 1.435837 -1.121534,
        2.642460 1.428163 -1.120981,
        2.645949 1.425477 -1.120926,
        2.648635 1.421988 -1.120981,
        2.652142 1.417433 -1.121054,
        2.653326 1.414613 -1.121168,
        2.656072 1.408073 -1.121432,
        2.656310 1.406373 -1.121534,
        2.628295 -1.435635 -1.121447,
        2.628545 -1.435600 -1.121432,
        2.637789 -1.431718 -1.121059,
        2.637905 -1.431670 -1.121054,
        2.645949 -1.425477 -1.120926,
        2.652142 -1.417433 -1.121054,
        2.652191 -1.417317 -1.121059,
        2.656072 -1.408073 -1.121432,
        2.656107 -1.407823 -1.121447,
        -2.656107 -1.407823 -1.121447,
        -2.656072 -1.408073 -1.121432,
        -2.652191 -1.417317 -1.121059,
        -2.652142 -1.417433 -1.121054,
        -2.645949 -1.425477 -1.120926,
        -2.637905 -1.431670 -1.121054,
        -2.637789 -1.431718 -1.121059,
        -2.628545 -1.435600 -1.121432,
        -2.628295 -1.435635 -1.121447,
        -2.652142 1.417433 -1.121054,
        -2.653326 1.414613 -1.121168,
        -2.656072 1.408073 -1.121432,
        -2.656310 1.406373 -1.121534,
        -2.648635 1.421988 -1.120981,
        -2.645949 1.425477 -1.120926,
        -2.642460 1.428163 -1.120981,
        -2.637905 1.431670 -1.121054,
        -2.635085 1.432854 -1.121168,
        -2.628545 1.435600 -1.121432,
        -2.626845 1.435837 -1.121534,
      ]
    }
    coordIndex [
      86, 24, 0, -1,
      0, 24, 23, -1,
      0, 23, 1, -1,
      1, 23, 87, -1,
      19, 88, 26, -1,
      89, 15, 25, -1,
      25, 15, 14, -1,
      25, 14, 26, -1,
      26, 14, 18, -1,
      26, 18, 19, -1,
      9, 90, 35, -1,
      91, 5, 28, -1,
      28, 5, 4, -1,
      28, 4, 35, -1,
      35, 4, 8, -1,
      35, 8, 9, -1,
      12, 92, 29, -1,
      12, 29, 10, -1,
      10, 29, 27, -1,
      10, 27, 93, -1,
      94, 95, 48, -1,
      48, 95, 96, -1,
      48, 96, 23, -1,
      23, 96, 97, -1,
      23, 97, 87, -1,
      48, 39, 94, -1,
      94, 39, 38, -1,
      94, 38, 98, -1,
      98, 38, 99, -1,
      38, 62, 99, -1,
      99, 62, 63, -1,
      99, 63, 100, -1,
      100, 63, 61, -1,
      100, 61, 101, -1,
      101, 61, 60, -1,
      101, 60, 102, -1,
      102, 60, 40, -1,
      102, 40, 103, -1,
      103, 40, 47, -1,
      103, 47, 104, -1,
      104, 47, 35, -1,
      104, 35, 90, -1,
      9, 7, 90, -1,
      90, 7, 68, -1,
      90, 68, 104, -1,
      104, 68, 103, -1,
      103, 68, 67, -1,
      103, 67, 102, -1,
      102, 67, 101, -1,
      101, 67, 69, -1,
      101, 69, 100, -1,
      100, 69, 99, -1,
      99, 69, 66, -1,
      99, 66, 98, -1,
      98, 66, 94, -1,
      94, 66, 65, -1,
      94, 65, 95, -1,
      95, 65, 96, -1,
      96, 65, 64, -1,
      96, 64, 97, -1,
      2, 1, 64, -1,
      64, 1, 87, -1,
      64, 87, 97, -1,
      12, 13, 92, -1,
      92, 13, 74, -1,
      92, 74, 105, -1,
      105, 74, 106, -1,
      106, 74, 70, -1,
      106, 70, 107, -1,
      107, 70, 108, -1,
      108, 70, 72, -1,
      108, 72, 109, -1,
      109, 72, 110, -1,
      110, 72, 73, -1,
      110, 73, 111, -1,
      111, 73, 112, -1,
      112, 73, 71, -1,
      112, 71, 113, -1,
      6, 5, 71, -1,
      71, 5, 91, -1,
      71, 91, 113, -1,
      108, 109, 52, -1,
      52, 50, 108, -1,
      108, 50, 49, -1,
      108, 49, 107, -1,
      107, 49, 22, -1,
      107, 22, 106, -1,
      106, 22, 34, -1,
      106, 34, 105, -1,
      105, 34, 29, -1,
      105, 29, 92, -1,
      30, 21, 110, -1,
      110, 21, 20, -1,
      110, 20, 109, -1,
      109, 20, 51, -1,
      109, 51, 52, -1,
      110, 111, 30, -1,
      30, 111, 112, -1,
      30, 112, 28, -1,
      28, 112, 113, -1,
      28, 113, 91, -1,
      19, 17, 88, -1,
      88, 17, 82, -1,
      88, 82, 114, -1,
      114, 82, 115, -1,
      115, 82, 85, -1,
      115, 85, 116, -1,
      116, 85, 117, -1,
      117, 85, 84, -1,
      117, 84, 118, -1,
      118, 84, 119, -1,
      119, 84, 83, -1,
      119, 83, 120, -1,
      120, 83, 121, -1,
      121, 83, 81, -1,
      121, 81, 122, -1,
      11, 10, 81, -1,
      81, 10, 93, -1,
      81, 93, 122, -1,
      119, 120, 37, -1,
      37, 120, 121, -1,
      37, 121, 27, -1,
      27, 121, 122, -1,
      27, 122, 93, -1,
      37, 32, 119, -1,
      119, 32, 31, -1,
      119, 31, 118, -1,
      31, 55, 118, -1,
      118, 55, 56, -1,
      118, 56, 117, -1,
      56, 54, 117, -1,
      117, 54, 53, -1,
      117, 53, 116, -1,
      116, 53, 33, -1,
      116, 33, 115, -1,
      115, 33, 36, -1,
      115, 36, 114, -1,
      114, 36, 26, -1,
      114, 26, 88, -1,
      123, 124, 46, -1,
      46, 124, 125, -1,
      46, 125, 25, -1,
      25, 125, 126, -1,
      25, 126, 89, -1,
      46, 42, 123, -1,
      123, 42, 41, -1,
      123, 41, 127, -1,
      127, 41, 128, -1,
      41, 57, 128, -1,
      128, 57, 59, -1,
      128, 59, 129, -1,
      129, 59, 58, -1,
      129, 58, 130, -1,
      130, 58, 43, -1,
      130, 43, 131, -1,
      131, 43, 44, -1,
      131, 44, 132, -1,
      132, 44, 45, -1,
      132, 45, 133, -1,
      133, 45, 24, -1,
      133, 24, 86, -1,
      0, 3, 86, -1,
      86, 3, 79, -1,
      86, 79, 133, -1,
      133, 79, 132, -1,
      132, 79, 80, -1,
      132, 80, 131, -1,
      131, 80, 130, -1,
      130, 80, 78, -1,
      130, 78, 129, -1,
      129, 78, 128, -1,
      128, 78, 77, -1,
      128, 77, 127, -1,
      127, 77, 123, -1,
      123, 77, 76, -1,
      123, 76, 124, -1,
      124, 76, 125, -1,
      125, 76, 75, -1,
      125, 75, 126, -1,
      16, 15, 75, -1,
      75, 15, 89, -1,
      75, 89, 126, -1,
    ]
  }
}

Shape {
  appearance Appearance {
    material Material {
      diffuseColor 0.7529 0.7529 0.7529
      specularColor 0.3765 0.3765 0.3765
      ambientIntensity 0.2
      transparency 0.0000
      shininess 0.5
    }
  }
  geometry IndexedFaceSet {
    ccw TRUE
    solid FALSE
    coord DEF co Coordinate {
      point [
        0.757852 1.437008 -1.669136,
        0.773322 1.437008 -1.669136,
        0.809363 1.437008 -1.684487,
        0.809363 1.437008 -1.727196,
        0.773322 1.437008 -1.684487,
        0.773322 1.437008 -1.727196,
        0.757852 1.437008 -1.684487,
        0.761639 1.437008 -1.727196,
        0.754816 1.437008 -1.787371,
        0.761639 1.437008 -1.742478,
        0.773322 1.437008 -1.787371,
        0.773322 1.437008 -1.742478,
        0.809363 1.437008 -1.787371,
        0.809363 1.437008 -1.742478,
        0.826589 1.437008 -1.802585,
        0.754816 1.437008 -1.802585,
        0.773322 1.437008 -1.802585,
        0.826589 1.437008 -1.669136,
        0.868322 1.437008 -1.684402,
        0.884752 1.437008 -1.682440,
        0.858997 1.437008 -1.783107,
        0.853300 1.437008 -1.690354,
        0.853300 1.437008 -1.780548,
        0.854786 1.437008 -1.689552,
        0.858997 1.437008 -1.687950,
        0.891576 1.437008 -1.682806,
        0.902960 1.437008 -1.685361,
        0.913292 1.437008 -1.690570,
        0.921116 1.437008 -1.697245,
        0.921989 1.437008 -1.698200,
        0.928447 1.437008 -1.707465,
        0.932925 1.437008 -1.718979,
        0.935137 1.437008 -1.737362,
        0.934867 1.437008 -1.744028,
        0.932465 1.437008 -1.756987,
        0.881519 1.437008 -1.789254,
        0.866426 1.437008 -1.786444,
        0.910644 1.437008 -1.784217,
        0.901126 1.437008 -1.787881,
        0.887754 1.437008 -1.789486,
        0.927910 1.437008 -1.767515,
        0.922037 1.437008 -1.775431,
        0.919373 1.437008 -1.778063,
        0.870598 1.437008 -1.668010,
        0.867445 1.437008 -1.668258,
        0.858997 1.437008 -1.670698,
        0.853300 1.437008 -1.672343,
        0.884922 1.437008 -1.666885,
        0.894170 1.437008 -1.668010,
        0.943617 1.437008 -1.699172,
        0.933943 1.437008 -1.686533,
        0.930674 1.437008 -1.683412,
        0.918185 1.437008 -1.674655,
        0.904244 1.437008 -1.669237,
        0.947246 1.437008 -1.768661,
        0.949955 1.437008 -1.713996,
        0.947246 1.437008 -1.707661,
        0.950571 1.437008 -1.760160,
        0.953216 1.437008 -1.738385,
        0.952981 1.437008 -1.731418,
        0.901922 1.437008 -1.803711,
        0.912771 1.437008 -1.801476,
        0.925364 1.437008 -1.795535,
        0.936092 1.437008 -1.786620,
        0.937157 1.437008 -1.785458,
        0.945129 1.437008 -1.774074,
        0.898310 1.437008 -1.804455,
        0.890244 1.437008 -1.804837,
        0.878469 1.437008 -1.803711,
        0.853300 1.437008 -1.797059,
        0.855576 1.437008 -1.798193,
        0.858997 1.437008 -1.799315,
        0.869904 1.437008 -1.802892,
        1.011822 1.437008 -1.669136,
        1.011822 1.437008 -1.787371,
        0.958674 1.437008 -1.787371,
        1.029049 1.437008 -1.802585,
        1.029049 1.437008 -1.669136,
        0.958674 1.437008 -1.802585,
        0.624590 1.437008 -1.758276,
        0.631161 1.437008 -1.772078,
        0.641084 1.437008 -1.783891,
        0.654994 1.437008 -1.793869,
        0.691537 1.437008 -1.669136,
        0.671161 1.437008 -1.671386,
        0.655056 1.437008 -1.677269,
        0.670199 1.437008 -1.799816,
        0.692902 1.437008 -1.802585,
        0.729607 1.437008 -1.802585,
        0.729607 1.437008 -1.669136,
        0.641084 1.437008 -1.686807,
        0.636398 1.437008 -1.691388,
        0.628131 1.437008 -1.703017,
        0.623189 1.437008 -1.715739,
        0.620957 1.437008 -1.734155,
        0.621358 1.437008 -1.742651,
        0.958674 1.440945 -1.787371,
        0.958674 1.440945 -1.802585,
        1.011822 1.440945 -1.787371,
        1.011822 1.440945 -1.669136,
        1.029049 1.440945 -1.669136,
        1.029049 1.440945 -1.802585,
        0.869904 1.440945 -1.802892,
        0.890244 1.440945 -1.804837,
        0.855576 1.440945 -1.798193,
        0.853300 1.440945 -1.797059,
        0.853300 1.440945 -1.780548,
        0.866426 1.440945 -1.786444,
        0.881519 1.440945 -1.789254,
        0.887754 1.440945 -1.789486,
        0.901126 1.440945 -1.787881,
        0.910644 1.440945 -1.784217,
        0.919373 1.440945 -1.778063,
        0.922037 1.440945 -1.775431,
        0.927910 1.440945 -1.767515,
        0.932465 1.440945 -1.756987,
        0.934867 1.440945 -1.744028,
        0.935137 1.440945 -1.737362,
        0.932925 1.440945 -1.718979,
        0.928447 1.440945 -1.707465,
        0.921989 1.440945 -1.698200,
        0.921116 1.440945 -1.697245,
        0.913292 1.440945 -1.690570,
        0.902960 1.440945 -1.685361,
        0.891576 1.440945 -1.682806,
        0.884752 1.440945 -1.682440,
        0.854786 1.440945 -1.689552,
        0.868322 1.440945 -1.684402,
        0.853300 1.440945 -1.690354,
        0.853300 1.440945 -1.672343,
        0.867445 1.440945 -1.668258,
        0.884922 1.440945 -1.666885,
        0.904244 1.440945 -1.669237,
        0.918185 1.440945 -1.674655,
        0.930674 1.440945 -1.683412,
        0.933943 1.440945 -1.686533,
        0.949955 1.440945 -1.713996,
        0.943617 1.440945 -1.699172,
        0.952981 1.440945 -1.731418,
        0.953216 1.440945 -1.738385,
        0.945129 1.440945 -1.774074,
        0.950571 1.440945 -1.760160,
        0.937157 1.440945 -1.785458,
        0.936092 1.440945 -1.786620,
        0.925364 1.440945 -1.795535,
        0.898310 1.440945 -1.804455,
        0.912771 1.440945 -1.801476,
        0.754816 1.440945 -1.787371,
        0.754816 1.440945 -1.802585,
        0.809363 1.440945 -1.787371,
        0.809363 1.440945 -1.742478,
        0.761639 1.440945 -1.742478,
        0.761639 1.440945 -1.727196,
        0.809363 1.440945 -1.727196,
        0.809363 1.440945 -1.684487,
        0.757852 1.440945 -1.684487,
        0.757852 1.440945 -1.669136,
        0.826589 1.440945 -1.669136,
        0.826589 1.440945 -1.802585,
        0.641084 1.440945 -1.783891,
        0.654855 1.440945 -1.774876,
        0.654994 1.440945 -1.793869,
        0.663453 1.440945 -1.780864,
        0.670199 1.440945 -1.799816,
        0.674459 1.440945 -1.785148,
        0.692902 1.440945 -1.802585,
        0.693004 1.440945 -1.787371,
        0.729607 1.440945 -1.802585,
        0.712380 1.440945 -1.787371,
        0.729607 1.440945 -1.669136,
        0.712380 1.440945 -1.684487,
        0.691537 1.440945 -1.669136,
        0.692219 1.440945 -1.684487,
        0.687300 1.440945 -1.684625,
        0.671161 1.440945 -1.671386,
        0.673298 1.440945 -1.686829,
        0.655056 1.440945 -1.677269,
        0.662024 1.440945 -1.691308,
        0.641084 1.440945 -1.686807,
        0.653706 1.440945 -1.697040,
        0.636398 1.440945 -1.691388,
        0.650011 1.440945 -1.700678,
        0.628131 1.440945 -1.703017,
        0.644832 1.440945 -1.708150,
        0.623189 1.440945 -1.715739,
        0.641064 1.440945 -1.717881,
        0.620957 1.440945 -1.734155,
        0.639072 1.440945 -1.734633,
        0.621358 1.440945 -1.742651,
        0.639664 1.440945 -1.744360,
        0.624590 1.440945 -1.758276,
        0.642441 1.440945 -1.756303,
        0.631161 1.440945 -1.772078,
        0.647215 1.440945 -1.766040,
        0.653331 1.440945 -1.773453,
        0.692219 1.437008 -1.684487,
        0.712380 1.437008 -1.684487,
        0.712380 1.437008 -1.787371,
        0.693004 1.437008 -1.787371,
        0.653331 1.437008 -1.773453,
        0.654855 1.437008 -1.774876,
        0.663453 1.437008 -1.780864,
        0.674459 1.437008 -1.785148,
        0.639072 1.437008 -1.734633,
        0.639664 1.437008 -1.744360,
        0.642441 1.437008 -1.756303,
        0.647215 1.437008 -1.766040,
        0.653706 1.437008 -1.697040,
        0.650011 1.437008 -1.700678,
        0.644832 1.437008 -1.708150,
        0.641064 1.437008 -1.717881,
        0.687300 1.437008 -1.684625,
        0.673298 1.437008 -1.686829,
        0.662024 1.437008 -1.691308,
      ]
    }
    coordIndex [
      96, 97, 75, -1,
      75, 97, 78, -1,
      98, 96, 74, -1,
      74, 96, 75, -1,
      99, 98, 73, -1,
      73, 98, 74, -1,
      100, 99, 77, -1,
      77, 99, 73, -1,
      101, 100, 76, -1,
      76, 100, 77, -1,
      97, 101, 78, -1,
      78, 101, 76, -1,
      99, 100, 98, -1,
      98, 100, 101, -1,
      98, 101, 96, -1,
      96, 101, 97, -1,
      102, 103, 67, -1,
      67, 68, 102, -1,
      102, 68, 72, -1,
      102, 72, 104, -1,
      104, 72, 71, -1,
      71, 70, 104, -1,
      104, 70, 69, -1,
      104, 69, 105, -1,
      106, 105, 22, -1,
      22, 105, 69, -1,
      106, 22, 20, -1,
      106, 20, 107, -1,
      20, 36, 107, -1,
      107, 36, 35, -1,
      107, 35, 108, -1,
      108, 35, 39, -1,
      108, 39, 109, -1,
      109, 39, 38, -1,
      109, 38, 110, -1,
      110, 38, 37, -1,
      110, 37, 111, -1,
      111, 37, 42, -1,
      111, 42, 112, -1,
      112, 42, 41, -1,
      112, 41, 113, -1,
      113, 41, 40, -1,
      113, 40, 114, -1,
      114, 40, 34, -1,
      114, 34, 115, -1,
      115, 34, 33, -1,
      115, 33, 116, -1,
      116, 33, 32, -1,
      116, 32, 117, -1,
      117, 32, 31, -1,
      117, 31, 118, -1,
      118, 31, 30, -1,
      118, 30, 119, -1,
      119, 30, 29, -1,
      119, 29, 120, -1,
      120, 29, 28, -1,
      120, 28, 121, -1,
      121, 28, 27, -1,
      121, 27, 122, -1,
      122, 27, 26, -1,
      122, 26, 123, -1,
      123, 26, 25, -1,
      123, 25, 124, -1,
      124, 25, 19, -1,
      124, 19, 125, -1,
      125, 19, 18, -1,
      24, 126, 18, -1,
      18, 126, 127, -1,
      18, 127, 125, -1,
      24, 23, 126, -1,
      126, 23, 21, -1,
      126, 21, 128, -1,
      129, 128, 46, -1,
      46, 128, 21, -1,
      129, 46, 45, -1,
      129, 45, 130, -1,
      47, 131, 43, -1,
      43, 131, 130, -1,
      43, 130, 44, -1,
      44, 130, 45, -1,
      131, 47, 48, -1,
      131, 48, 132, -1,
      48, 53, 132, -1,
      132, 53, 52, -1,
      132, 52, 133, -1,
      133, 52, 51, -1,
      133, 51, 134, -1,
      134, 51, 50, -1,
      134, 50, 135, -1,
      135, 50, 49, -1,
      56, 136, 49, -1,
      49, 136, 137, -1,
      49, 137, 135, -1,
      56, 55, 136, -1,
      136, 55, 59, -1,
      136, 59, 138, -1,
      138, 59, 58, -1,
      138, 58, 139, -1,
      139, 58, 57, -1,
      54, 140, 57, -1,
      57, 140, 141, -1,
      57, 141, 139, -1,
      54, 65, 140, -1,
      140, 65, 64, -1,
      140, 64, 142, -1,
      142, 64, 63, -1,
      142, 63, 143, -1,
      61, 144, 62, -1,
      62, 144, 143, -1,
      62, 143, 63, -1,
      60, 145, 61, -1,
      61, 145, 146, -1,
      61, 146, 144, -1,
      60, 66, 145, -1,
      145, 66, 67, -1,
      145, 67, 103, -1,
      122, 123, 132, -1,
      118, 119, 137, -1,
      137, 119, 135, -1,
      132, 123, 131, -1,
      123, 124, 131, -1,
      131, 124, 125, -1,
      131, 125, 130, -1,
      130, 125, 127, -1,
      130, 127, 129, -1,
      129, 127, 126, -1,
      129, 126, 128, -1,
      105, 106, 104, -1,
      104, 106, 107, -1,
      104, 107, 102, -1,
      102, 107, 108, -1,
      102, 108, 103, -1,
      103, 108, 109, -1,
      103, 109, 145, -1,
      145, 109, 110, -1,
      145, 110, 146, -1,
      146, 110, 111, -1,
      146, 111, 144, -1,
      144, 111, 112, -1,
      144, 112, 143, -1,
      143, 112, 113, -1,
      143, 113, 142, -1,
      142, 113, 114, -1,
      142, 114, 140, -1,
      139, 117, 138, -1,
      138, 117, 118, -1,
      138, 118, 136, -1,
      136, 118, 137, -1,
      119, 120, 135, -1,
      135, 120, 121, -1,
      135, 121, 134, -1,
      134, 121, 122, -1,
      134, 122, 133, -1,
      133, 122, 132, -1,
      140, 114, 141, -1,
      141, 114, 115, -1,
      141, 115, 139, -1,
      139, 115, 116, -1,
      139, 116, 117, -1,
      147, 148, 8, -1,
      8, 148, 15, -1,
      12, 149, 10, -1,
      10, 149, 147, -1,
      10, 147, 8, -1,
      150, 149, 13, -1,
      13, 149, 12, -1,
      150, 13, 151, -1,
      151, 13, 11, -1,
      151, 11, 9, -1,
      152, 151, 7, -1,
      7, 151, 9, -1,
      3, 153, 5, -1,
      5, 153, 152, -1,
      5, 152, 7, -1,
      154, 153, 2, -1,
      2, 153, 3, -1,
      6, 155, 4, -1,
      4, 155, 154, -1,
      4, 154, 2, -1,
      156, 155, 0, -1,
      0, 155, 6, -1,
      17, 157, 1, -1,
      1, 157, 156, -1,
      1, 156, 0, -1,
      158, 157, 14, -1,
      14, 157, 17, -1,
      15, 148, 16, -1,
      16, 148, 158, -1,
      16, 158, 14, -1,
      151, 152, 150, -1,
      150, 152, 153, -1,
      148, 147, 158, -1,
      158, 147, 149, -1,
      155, 156, 154, -1,
      154, 156, 157, -1,
      154, 157, 153, -1,
      153, 157, 158, -1,
      153, 158, 150, -1,
      150, 158, 149, -1,
      159, 160, 161, -1,
      161, 160, 162, -1,
      161, 162, 163, -1,
      163, 162, 164, -1,
      163, 164, 165, -1,
      165, 164, 166, -1,
      165, 166, 167, -1,
      167, 166, 168, -1,
      167, 168, 169, -1,
      169, 168, 170, -1,
      169, 170, 171, -1,
      170, 172, 171, -1,
      171, 172, 173, -1,
      171, 173, 174, -1,
      174, 173, 175, -1,
      174, 175, 176, -1,
      176, 175, 177, -1,
      176, 177, 178, -1,
      178, 177, 179, -1,
      178, 179, 180, -1,
      180, 179, 181, -1,
      180, 181, 182, -1,
      182, 181, 183, -1,
      182, 183, 184, -1,
      184, 183, 185, -1,
      184, 185, 186, -1,
      186, 185, 187, -1,
      186, 187, 188, -1,
      188, 187, 189, -1,
      188, 189, 190, -1,
      190, 189, 191, -1,
      190, 191, 192, -1,
      192, 191, 193, -1,
      192, 193, 159, -1,
      159, 193, 194, -1,
      159, 194, 160, -1,
      165, 167, 87, -1,
      87, 167, 88, -1,
      165, 87, 86, -1,
      165, 86, 163, -1,
      163, 86, 82, -1,
      163, 82, 161, -1,
      161, 82, 81, -1,
      161, 81, 159, -1,
      159, 81, 80, -1,
      159, 80, 192, -1,
      192, 80, 79, -1,
      192, 79, 190, -1,
      190, 79, 95, -1,
      190, 95, 188, -1,
      188, 95, 94, -1,
      188, 94, 186, -1,
      186, 94, 93, -1,
      186, 93, 184, -1,
      184, 93, 92, -1,
      184, 92, 182, -1,
      182, 92, 91, -1,
      182, 91, 180, -1,
      180, 91, 90, -1,
      180, 90, 178, -1,
      178, 90, 85, -1,
      178, 85, 176, -1,
      176, 85, 84, -1,
      176, 84, 174, -1,
      174, 84, 83, -1,
      174, 83, 171, -1,
      169, 171, 89, -1,
      89, 171, 83, -1,
      167, 169, 88, -1,
      88, 169, 89, -1,
      172, 170, 195, -1,
      195, 170, 196, -1,
      170, 168, 196, -1,
      196, 168, 197, -1,
      168, 166, 197, -1,
      197, 166, 198, -1,
      194, 199, 200, -1,
      194, 200, 160, -1,
      160, 200, 201, -1,
      160, 201, 162, -1,
      162, 201, 202, -1,
      162, 202, 164, -1,
      164, 202, 198, -1,
      164, 198, 166, -1,
      187, 203, 204, -1,
      187, 204, 189, -1,
      189, 204, 205, -1,
      189, 205, 191, -1,
      191, 205, 206, -1,
      191, 206, 193, -1,
      193, 206, 199, -1,
      193, 199, 194, -1,
      179, 207, 208, -1,
      179, 208, 181, -1,
      181, 208, 209, -1,
      181, 209, 183, -1,
      183, 209, 210, -1,
      183, 210, 185, -1,
      185, 210, 203, -1,
      185, 203, 187, -1,
      172, 195, 211, -1,
      172, 211, 173, -1,
      173, 211, 212, -1,
      173, 212, 175, -1,
      175, 212, 213, -1,
      175, 213, 177, -1,
      177, 213, 207, -1,
      177, 207, 179, -1,
    ]
  }
}

Shape {
  appearance Appearance {
    material Material {
      diffuseColor 0.2510 0.2510 0.2510
      specularColor 0.1255 0.1255 0.1255
      ambientIntensity 0.2
      transparency 0.0000
      shininess 0.5
    }
  }
  geometry IndexedFaceSet {
    ccw TRUE
    solid FALSE
    coord DEF co Coordinate {
      point [
        0.692219 1.437008 -1.684487,
        0.712380 1.437008 -1.684487,
        0.712380 1.437008 -1.787371,
        0.693004 1.437008 -1.787371,
        0.653331 1.437008 -1.773453,
        0.654855 1.437008 -1.774876,
        0.663453 1.437008 -1.780864,
        0.674459 1.437008 -1.785148,
        0.639072 1.437008 -1.734633,
        0.639664 1.437008 -1.744360,
        0.642441 1.437008 -1.756303,
        0.647215 1.437008 -1.766040,
        0.653706 1.437008 -1.697040,
        0.650011 1.437008 -1.700678,
        0.644832 1.437008 -1.708150,
        0.641064 1.437008 -1.717881,
        0.687300 1.437008 -1.684625,
        0.673298 1.437008 -1.686829,
        0.662024 1.437008 -1.691308,
      ]
    }
    coordIndex [
      5, 4, 16, -1,
      5, 16, 6, -1,
      1, 2, 0, -1,
      0, 2, 3, -1,
      0, 3, 16, -1,
      16, 3, 7, -1,
      16, 7, 6, -1,
      4, 11, 16, -1,
      16, 11, 10, -1,
      16, 10, 9, -1,
      12, 9, 8, -1,
      12, 18, 9, -1,
      9, 18, 17, -1,
      9, 17, 16, -1,
      15, 14, 8, -1,
      8, 14, 13, -1,
      8, 13, 12, -1,
    ]
  }
}

Shape {
  appearance Appearance {
    material Material {
      diffuseColor 0.7529 0.7529 0.7529
      specularColor 0.3765 0.3765 0.3765
      ambientIntensity 0.2
      transparency 0.0000
      shininess 0.5
    }
  }
  geometry IndexedFaceSet {
    ccw TRUE
    solid FALSE
    coord DEF co Coordinate {
      point [
        0.493478 1.437008 -1.802585,
        0.512513 1.437008 -1.802585,
        0.544306 1.437008 -1.669136,
        0.594520 1.437008 -1.802585,
        0.613555 1.437008 -1.802585,
        0.575093 1.437008 -1.766085,
        0.581694 1.437008 -1.766085,
        0.575093 1.437008 -1.701603,
        0.562727 1.437008 -1.669136,
        0.526124 1.437008 -1.766085,
        0.576236 1.440945 -1.751007,
        0.556280 1.440945 -1.695539,
        0.562727 1.440945 -1.669136,
        0.613555 1.440945 -1.802585,
        0.594520 1.440945 -1.802585,
        0.581694 1.440945 -1.766085,
        0.555124 1.440945 -1.691557,
        0.554096 1.440945 -1.686192,
        0.544306 1.440945 -1.669136,
        0.553687 1.440945 -1.686192,
        0.552608 1.440945 -1.691838,
        0.551606 1.440945 -1.695539,
        0.531446 1.440945 -1.751007,
        0.493478 1.440945 -1.802585,
        0.512513 1.440945 -1.802585,
        0.526124 1.440945 -1.766085,
        0.576236 1.437008 -1.751007,
        0.531446 1.437008 -1.751007,
        0.551606 1.437008 -1.695539,
        0.553687 1.437008 -1.686192,
        0.552608 1.437008 -1.691838,
        0.554096 1.437008 -1.686192,
        0.556280 1.437008 -1.695539,
        0.555124 1.437008 -1.691557,
      ]
    }
    coordIndex [
      10, 11, 12, -1,
      13, 14, 15, -1,
      11, 16, 12, -1,
      12, 16, 17, -1,
      12, 17, 18, -1,
      18, 17, 19, -1,
      18, 19, 20, -1,
      20, 21, 18, -1,
      18, 21, 22, -1,
      18, 22, 23, -1,
      24, 23, 25, -1,
      25, 23, 22, -1,
      25, 22, 15, -1,
      15, 22, 10, -1,
      15, 10, 13, -1,
      13, 10, 12, -1,
      18, 23, 2, -1,
      2, 23, 0, -1,
      12, 18, 8, -1,
      8, 18, 2, -1,
      4, 13, 7, -1,
      7, 13, 12, -1,
      7, 12, 8, -1,
      14, 13, 3, -1,
      3, 13, 4, -1,
      15, 14, 6, -1,
      6, 14, 3, -1,
      9, 25, 5, -1,
      5, 25, 15, -1,
      5, 15, 6, -1,
      24, 25, 1, -1,
      1, 25, 9, -1,
      23, 24, 0, -1,
      0, 24, 1, -1,
      10, 22, 26, -1,
      26, 22, 27, -1,
      22, 21, 27, -1,
      27, 21, 28, -1,
      19, 29, 30, -1,
      19, 30, 20, -1,
      20, 30, 28, -1,
      20, 28, 21, -1,
      19, 17, 29, -1,
      29, 17, 31, -1,
      11, 32, 33, -1,
      11, 33, 16, -1,
      16, 33, 31, -1,
      16, 31, 17, -1,
      11, 10, 32, -1,
      32, 10, 26, -1,
    ]
  }
}

Shape {
  appearance Appearance {
    material Material {
      diffuseColor 0.2510 0.2510 0.2510
      specularColor 0.1255 0.1255 0.1255
      ambientIntensity 0.2
      transparency 0.0000
      shininess 0.5
    }
  }
  geometry IndexedFaceSet {
    ccw TRUE
    solid FALSE
    coord DEF co Coordinate {
      point [
        0.576236 1.437008 -1.751007,
        0.531446 1.437008 -1.751007,
        0.551606 1.437008 -1.695539,
        0.553687 1.437008 -1.686192,
        0.552608 1.437008 -1.691838,
        0.554096 1.437008 -1.686192,
        0.556280 1.437008 -1.695539,
        0.555124 1.437008 -1.691557,
      ]
    }
    coordIndex [
      3, 5, 4, -1,
      4, 5, 7, -1,
      4, 7, 2, -1,
      2, 7, 6, -1,
      2, 6, 1, -1,
      1, 6, 0, -1,
    ]
  }
}

Shape {
  appearance Appearance {
    material Material {
      diffuseColor 0.7529 0.7529 0.7529
      specularColor 0.3765 0.3765 0.3765
      ambientIntensity 0.2
      transparency 0.0000
      shininess 0.5
    }
  }
  geometry IndexedFaceSet {
    ccw TRUE
    solid FALSE
    coord DEF co Coordinate {
      point [
        0.938487 1.437008 -1.974873,
        0.935034 1.437008 -1.969442,
        0.931964 1.437008 -1.941902,
        0.864693 1.437008 -2.014289,
        0.881409 1.437008 -2.014289,
        0.895049 1.437008 -1.930967,
        0.900717 1.437008 -1.930372,
        0.909654 1.437008 -1.957662,
        0.938402 1.437008 -2.002065,
        0.940436 1.437008 -1.996426,
        0.866309 1.437008 -1.938975,
        0.864693 1.437008 -1.952955,
        0.930139 1.437008 -1.964927,
        0.923409 1.437008 -1.961223,
        0.920450 1.437008 -1.934661,
        0.909981 1.437008 -1.931265,
        0.927461 1.437008 -2.012963,
        0.921052 1.437008 -2.015380,
        0.920747 1.437008 -2.015415,
        0.933090 1.437008 -2.009036,
        0.934919 1.437008 -2.007186,
        0.941277 1.437008 -1.988773,
        0.940510 1.437008 -1.980996,
        0.881409 1.437008 -1.999552,
        0.881852 1.437008 -1.999552,
        0.885429 1.437008 -2.004769,
        0.890836 1.437008 -2.010094,
        0.931964 1.437008 -1.925664,
        0.887760 1.437008 -1.917987,
        0.881030 1.437008 -1.920295,
        0.875692 1.437008 -1.923627,
        0.881409 1.437008 -1.953705,
        0.881989 1.437008 -1.946321,
        0.883717 1.437008 -1.940367,
        0.885680 1.437008 -1.936923,
        0.872582 1.437008 -1.926616,
        0.869053 1.437008 -1.931790,
        0.928524 1.437008 -1.923671,
        0.916097 1.437008 -1.918853,
        0.899147 1.437008 -1.916795,
        0.888206 1.437008 -1.934234,
        0.891173 1.437008 -1.932321,
        0.911053 1.437008 -2.016541,
        0.901936 1.437008 -2.015465,
        0.901804 1.437008 -2.015415,
        0.960312 1.437008 -1.880840,
        0.960312 1.437008 -1.896191,
        1.011822 1.437008 -1.896191,
        1.011822 1.437008 -1.938900,
        0.957276 1.437008 -1.999075,
        0.957276 1.437008 -2.014289,
        1.029049 1.437008 -2.014289,
        1.029049 1.437008 -1.880840,
        1.011822 1.437008 -1.954183,
        1.011822 1.437008 -1.999075,
        0.964098 1.437008 -1.954183,
        0.964098 1.437008 -1.938900,
        0.895243 1.437008 -2.012925,
        0.957276 1.440945 -1.999075,
        0.957276 1.440945 -2.014289,
        1.011822 1.440945 -1.999075,
        1.011822 1.440945 -1.954183,
        0.964098 1.440945 -1.954183,
        0.964098 1.440945 -1.938900,
        1.011822 1.440945 -1.938900,
        1.011822 1.440945 -1.896191,
        0.960312 1.440945 -1.896191,
        0.960312 1.440945 -1.880840,
        1.029049 1.440945 -1.880840,
        1.029049 1.440945 -2.014289,
        0.881409 1.440945 -2.014289,
        0.864693 1.440945 -2.014289,
        0.881409 1.440945 -1.999552,
        0.864693 1.440945 -1.952955,
        0.914660 1.440945 -1.972132,
        0.903719 1.440945 -1.969465,
        0.881409 1.440945 -1.966463,
        0.881409 1.440945 -1.975606,
        0.881852 1.440945 -1.999552,
        0.890669 1.440945 -1.997098,
        0.885429 1.440945 -2.004769,
        0.895392 1.440945 -2.000285,
        0.881425 1.440945 -1.976715,
        0.882501 1.440945 -1.984173,
        0.884953 1.440945 -1.990136,
        0.888572 1.440945 -1.995050,
        0.887760 1.440945 -1.917987,
        0.891173 1.440945 -1.932321,
        0.881030 1.440945 -1.920295,
        0.888206 1.440945 -1.934234,
        0.918252 1.440945 -1.974012,
        0.881409 1.440945 -1.953705,
        0.881989 1.440945 -1.946321,
        0.866309 1.440945 -1.938975,
        0.883717 1.440945 -1.940367,
        0.869053 1.440945 -1.931790,
        0.885680 1.440945 -1.936923,
        0.872582 1.440945 -1.926616,
        0.875692 1.440945 -1.923627,
        0.931964 1.440945 -1.925664,
        0.931964 1.440945 -1.941902,
        0.928524 1.440945 -1.923671,
        0.920450 1.440945 -1.934661,
        0.916097 1.440945 -1.918853,
        0.909981 1.440945 -1.931265,
        0.899147 1.440945 -1.916795,
        0.900717 1.440945 -1.930372,
        0.895049 1.440945 -1.930967,
        0.920900 1.440945 -1.997100,
        0.933090 1.440945 -2.009036,
        0.919479 1.440945 -1.998529,
        0.927461 1.440945 -2.012963,
        0.916148 1.440945 -2.000804,
        0.921052 1.440945 -2.015380,
        0.912367 1.440945 -2.002191,
        0.911053 1.440945 -2.016541,
        0.906720 1.440945 -2.002828,
        0.901936 1.440945 -2.015465,
        0.900463 1.440945 -2.002128,
        0.895243 1.440945 -2.012925,
        0.890836 1.440945 -2.010094,
        0.909654 1.440945 -1.957662,
        0.923409 1.440945 -1.961223,
        0.919888 1.440945 -1.975332,
        0.930139 1.440945 -1.964927,
        0.921889 1.440945 -1.977809,
        0.935034 1.440945 -1.969442,
        0.923356 1.440945 -1.980928,
        0.938487 1.440945 -1.974873,
        0.924181 1.440945 -1.984755,
        0.940510 1.440945 -1.980996,
        0.924323 1.440945 -1.987409,
        0.941277 1.440945 -1.988773,
        0.923898 1.440945 -1.991246,
        0.940436 1.440945 -1.996426,
        0.922800 1.440945 -1.994283,
        0.938402 1.440945 -2.002065,
        0.934919 1.440945 -2.007186,
        0.919888 1.437008 -1.975332,
        0.918252 1.437008 -1.974012,
        0.914660 1.437008 -1.972132,
        0.903719 1.437008 -1.969465,
        0.924323 1.437008 -1.987409,
        0.924181 1.437008 -1.984755,
        0.923356 1.437008 -1.980928,
        0.921889 1.437008 -1.977809,
        0.919479 1.437008 -1.998529,
        0.920900 1.437008 -1.997100,
        0.922800 1.437008 -1.994283,
        0.923898 1.437008 -1.991246,
        0.906720 1.437008 -2.002828,
        0.912367 1.437008 -2.002191,
        0.916148 1.437008 -2.000804,
        0.888572 1.437008 -1.995050,
        0.890669 1.437008 -1.997098,
        0.895392 1.437008 -2.000285,
        0.900463 1.437008 -2.002128,
        0.881409 1.437008 -1.975606,
        0.881425 1.437008 -1.976715,
        0.882501 1.437008 -1.984173,
        0.884953 1.437008 -1.990136,
        0.881409 1.437008 -1.966463,
      ]
    }
    coordIndex [
      58, 59, 49, -1,
      49, 59, 50, -1,
      60, 58, 54, -1,
      54, 58, 49, -1,
      61, 60, 53, -1,
      53, 60, 54, -1,
      62, 61, 55, -1,
      55, 61, 53, -1,
      63, 62, 56, -1,
      56, 62, 55, -1,
      64, 63, 48, -1,
      48, 63, 56, -1,
      65, 64, 47, -1,
      47, 64, 48, -1,
      66, 65, 46, -1,
      46, 65, 47, -1,
      67, 66, 45, -1,
      45, 66, 46, -1,
      68, 67, 52, -1,
      52, 67, 45, -1,
      69, 68, 51, -1,
      51, 68, 52, -1,
      59, 69, 50, -1,
      50, 69, 51, -1,
      69, 59, 58, -1,
      58, 60, 69, -1,
      69, 60, 61, -1,
      69, 61, 68, -1,
      66, 67, 65, -1,
      65, 67, 68, -1,
      65, 68, 64, -1,
      64, 68, 61, -1,
      64, 61, 63, -1,
      63, 61, 62, -1,
      70, 71, 72, -1,
      72, 71, 73, -1,
      74, 75, 73, -1,
      73, 75, 76, -1,
      73, 76, 77, -1,
      78, 79, 80, -1,
      80, 79, 81, -1,
      77, 82, 73, -1,
      73, 82, 83, -1,
      73, 83, 72, -1,
      72, 83, 84, -1,
      72, 84, 78, -1,
      78, 84, 85, -1,
      78, 85, 79, -1,
      86, 87, 88, -1,
      88, 87, 89, -1,
      90, 74, 91, -1,
      91, 74, 73, -1,
      91, 73, 92, -1,
      92, 73, 93, -1,
      92, 93, 94, -1,
      94, 93, 95, -1,
      94, 95, 96, -1,
      96, 95, 97, -1,
      96, 97, 89, -1,
      89, 97, 98, -1,
      89, 98, 88, -1,
      99, 100, 101, -1,
      101, 100, 102, -1,
      101, 102, 103, -1,
      103, 102, 104, -1,
      103, 104, 105, -1,
      105, 104, 106, -1,
      105, 106, 86, -1,
      86, 106, 107, -1,
      86, 107, 87, -1,
      108, 109, 110, -1,
      110, 109, 111, -1,
      110, 111, 112, -1,
      112, 111, 113, -1,
      112, 113, 114, -1,
      114, 113, 115, -1,
      114, 115, 116, -1,
      116, 115, 117, -1,
      116, 117, 118, -1,
      118, 117, 119, -1,
      118, 119, 81, -1,
      81, 119, 120, -1,
      81, 120, 80, -1,
      91, 121, 90, -1,
      90, 121, 122, -1,
      90, 122, 123, -1,
      123, 122, 124, -1,
      123, 124, 125, -1,
      125, 124, 126, -1,
      125, 126, 127, -1,
      127, 126, 128, -1,
      127, 128, 129, -1,
      129, 128, 130, -1,
      129, 130, 131, -1,
      131, 130, 132, -1,
      131, 132, 133, -1,
      133, 132, 134, -1,
      133, 134, 135, -1,
      135, 134, 136, -1,
      135, 136, 108, -1,
      108, 136, 137, -1,
      108, 137, 109, -1,
      105, 39, 38, -1,
      105, 38, 103, -1,
      103, 38, 37, -1,
      103, 37, 101, -1,
      101, 37, 27, -1,
      101, 27, 99, -1,
      100, 99, 2, -1,
      2, 99, 27, -1,
      100, 2, 14, -1,
      100, 14, 102, -1,
      102, 14, 15, -1,
      102, 15, 104, -1,
      104, 15, 6, -1,
      104, 6, 106, -1,
      106, 6, 5, -1,
      106, 5, 107, -1,
      107, 5, 41, -1,
      107, 41, 87, -1,
      87, 41, 40, -1,
      87, 40, 89, -1,
      89, 40, 34, -1,
      89, 34, 96, -1,
      96, 34, 33, -1,
      96, 33, 94, -1,
      94, 33, 32, -1,
      94, 32, 92, -1,
      92, 32, 31, -1,
      92, 31, 91, -1,
      121, 91, 7, -1,
      7, 91, 31, -1,
      121, 7, 13, -1,
      121, 13, 122, -1,
      122, 13, 12, -1,
      122, 12, 124, -1,
      124, 12, 1, -1,
      124, 1, 126, -1,
      126, 1, 0, -1,
      126, 0, 128, -1,
      128, 0, 22, -1,
      128, 22, 130, -1,
      130, 22, 21, -1,
      130, 21, 132, -1,
      132, 21, 9, -1,
      132, 9, 134, -1,
      134, 9, 8, -1,
      134, 8, 136, -1,
      136, 8, 20, -1,
      136, 20, 137, -1,
      137, 20, 19, -1,
      137, 19, 109, -1,
      42, 115, 18, -1,
      18, 115, 113, -1,
      18, 113, 17, -1,
      17, 113, 111, -1,
      17, 111, 16, -1,
      16, 111, 109, -1,
      16, 109, 19, -1,
      115, 42, 43, -1,
      115, 43, 117, -1,
      117, 43, 44, -1,
      117, 44, 119, -1,
      44, 57, 119, -1,
      119, 57, 26, -1,
      119, 26, 120, -1,
      120, 26, 25, -1,
      120, 25, 80, -1,
      80, 25, 24, -1,
      80, 24, 78, -1,
      72, 78, 23, -1,
      23, 78, 24, -1,
      70, 72, 4, -1,
      4, 72, 23, -1,
      71, 70, 3, -1,
      3, 70, 4, -1,
      73, 71, 11, -1,
      11, 71, 3, -1,
      73, 11, 10, -1,
      73, 10, 93, -1,
      93, 10, 36, -1,
      93, 36, 95, -1,
      95, 36, 35, -1,
      95, 35, 97, -1,
      97, 35, 30, -1,
      97, 30, 98, -1,
      98, 30, 29, -1,
      98, 29, 88, -1,
      88, 29, 28, -1,
      88, 28, 86, -1,
      86, 28, 39, -1,
      86, 39, 105, -1,
      123, 138, 139, -1,
      123, 139, 90, -1,
      90, 139, 140, -1,
      90, 140, 74, -1,
      74, 140, 141, -1,
      74, 141, 75, -1,
      131, 142, 143, -1,
      131, 143, 129, -1,
      129, 143, 144, -1,
      129, 144, 127, -1,
      127, 144, 145, -1,
      127, 145, 125, -1,
      125, 145, 138, -1,
      125, 138, 123, -1,
      110, 146, 147, -1,
      110, 147, 108, -1,
      108, 147, 148, -1,
      108, 148, 135, -1,
      135, 148, 149, -1,
      135, 149, 133, -1,
      133, 149, 142, -1,
      133, 142, 131, -1,
      116, 150, 151, -1,
      116, 151, 114, -1,
      114, 151, 152, -1,
      114, 152, 112, -1,
      112, 152, 146, -1,
      112, 146, 110, -1,
      85, 153, 154, -1,
      85, 154, 79, -1,
      79, 154, 155, -1,
      79, 155, 81, -1,
      81, 155, 156, -1,
      81, 156, 118, -1,
      118, 156, 150, -1,
      118, 150, 116, -1,
      77, 157, 158, -1,
      77, 158, 82, -1,
      82, 158, 159, -1,
      82, 159, 83, -1,
      83, 159, 160, -1,
      83, 160, 84, -1,
      84, 160, 153, -1,
      84, 153, 85, -1,
      77, 76, 157, -1,
      157, 76, 161, -1,
      76, 75, 161, -1,
      161, 75, 141, -1,
    ]
  }
}

Shape {
  appearance Appearance {
    material Material {
      diffuseColor 0.2510 0.2510 0.2510
      specularColor 0.1255 0.1255 0.1255
      ambientIntensity 0.2
      transparency 0.0000
      shininess 0.5
    }
  }
  geometry IndexedFaceSet {
    ccw TRUE
    solid FALSE
    coord DEF co Coordinate {
      point [
        0.919888 1.437008 -1.975332,
        0.918252 1.437008 -1.974012,
        0.914660 1.437008 -1.972132,
        0.903719 1.437008 -1.969465,
        0.924323 1.437008 -1.987409,
        0.924181 1.437008 -1.984755,
        0.923356 1.437008 -1.980928,
        0.921889 1.437008 -1.977809,
        0.919479 1.437008 -1.998529,
        0.920900 1.437008 -1.997100,
        0.922800 1.437008 -1.994283,
        0.923898 1.437008 -1.991246,
        0.906720 1.437008 -2.002828,
        0.912367 1.437008 -2.002191,
        0.916148 1.437008 -2.000804,
        0.888572 1.437008 -1.995050,
        0.890669 1.437008 -1.997098,
        0.895392 1.437008 -2.000285,
        0.900463 1.437008 -2.002128,
        0.881409 1.437008 -1.975606,
        0.881425 1.437008 -1.976715,
        0.882501 1.437008 -1.984173,
        0.884953 1.437008 -1.990136,
        0.881409 1.437008 -1.966463,
      ]
    }
    coordIndex [
      20, 19, 0, -1,
      19, 23, 3, -1,
      3, 2, 19, -1,
      19, 2, 1, -1,
      19, 1, 0, -1,
      20, 0, 21, -1,
      21, 0, 7, -1,
      21, 7, 22, -1,
      9, 8, 16, -1,
      9, 16, 10, -1,
      17, 16, 18, -1,
      18, 16, 12, -1,
      7, 6, 22, -1,
      22, 6, 5, -1,
      22, 5, 15, -1,
      15, 5, 4, -1,
      15, 4, 16, -1,
      16, 4, 11, -1,
      16, 11, 10, -1,
      8, 14, 16, -1,
      16, 14, 13, -1,
      16, 13, 12, -1,
    ]
  }
}

Shape {
  appearance Appearance {
    material Material {
      diffuseColor 0.7529 0.7529 0.7529
      specularColor 0.3765 0.3765 0.3765
      ambientIntensity 0.2
      transparency 0.0000
      shininess 0.5
    }
  }
  geometry IndexedFaceSet {
    ccw TRUE
    solid FALSE
    coord DEF co Coordinate {
      point [
        0.801144 1.437008 -2.014762,
        0.806665 1.437008 -2.015415,
        0.841940 1.437008 -1.944699,
        0.841284 1.437008 -1.938737,
        0.839374 1.437008 -1.956301,
        0.841219 1.437008 -1.951198,
        0.842043 1.437008 -1.993685,
        0.834912 1.437008 -1.998031,
        0.834316 1.437008 -1.998246,
        0.834316 1.437008 -1.962734,
        0.837198 1.437008 -1.959777,
        0.834464 1.437008 -1.962637,
        0.827035 1.437008 -2.015415,
        0.830267 1.437008 -2.015080,
        0.834316 1.437008 -2.013658,
        0.842043 1.437008 -2.010946,
        0.782243 1.437008 -1.921025,
        0.782243 1.437008 -1.937263,
        0.831229 1.437008 -1.924368,
        0.827087 1.437008 -1.921826,
        0.839297 1.437008 -1.933355,
        0.836196 1.437008 -1.928836,
        0.834316 1.437008 -1.927145,
        0.778467 1.437008 -1.995079,
        0.780519 1.437008 -2.000376,
        0.783635 1.437008 -2.004785,
        0.818121 1.437008 -1.918380,
        0.804826 1.437008 -1.916795,
        0.793099 1.437008 -1.917835,
        0.783266 1.437008 -1.972604,
        0.780147 1.437008 -1.977207,
        0.778363 1.437008 -1.982136,
        0.777672 1.437008 -1.988364,
        0.788417 1.437008 -2.008968,
        0.792339 1.437008 -2.011377,
        0.806463 1.437008 -1.930372,
        0.811411 1.437008 -1.930743,
        0.824713 1.437008 -1.943198,
        0.815882 1.437008 -1.931926,
        0.819630 1.437008 -1.933920,
        0.824561 1.437008 -1.945422,
        0.823898 1.437008 -1.948019,
        0.822694 1.437008 -1.950273,
        0.821063 1.437008 -1.952067,
        0.815170 1.437008 -1.955752,
        0.796211 1.437008 -1.931453,
        0.804826 1.437008 -1.960254,
        0.786714 1.437008 -1.934751,
        0.798353 1.437008 -1.962874,
        0.787252 1.437008 -1.969047,
        0.822152 1.437008 -1.936148,
        0.823586 1.437008 -1.938276,
        0.824411 1.437008 -1.940532,
        0.824401 1.437008 -2.001816,
        0.816629 1.437008 -1.972399,
        0.826592 1.437008 -1.967832,
        0.814548 1.437008 -2.002896,
        0.813809 1.437008 -2.002891,
        0.805653 1.437008 -1.976995,
        0.805241 1.437008 -2.001931,
        0.794830 1.437008 -1.990001,
        0.794994 1.437008 -1.987922,
        0.800928 1.437008 -2.000352,
        0.799404 1.437008 -1.999427,
        0.797485 1.437008 -1.997725,
        0.796026 1.437008 -1.995567,
        0.795177 1.437008 -1.993190,
        0.795754 1.437008 -1.985311,
        0.797046 1.437008 -1.983096,
        0.799129 1.437008 -1.980927,
        0.659471 1.437008 -1.880840,
        0.617256 1.437008 -1.880840,
        0.725377 1.437008 -1.990615,
        0.723330 1.437008 -1.998461,
        0.722887 1.437008 -1.998461,
        0.677483 1.437008 -1.918978,
        0.694812 1.437008 -1.918978,
        0.742211 1.437008 -1.942187,
        0.720840 1.437008 -1.990752,
        0.722119 1.437008 -1.995194,
        0.742211 1.437008 -1.987054,
        0.768973 1.437008 -1.918978,
        0.750279 1.437008 -1.918978,
        0.731585 1.437008 -2.014085,
        0.732148 1.437008 -2.015415,
        0.738920 1.437008 -2.031414,
        0.765528 1.437008 -2.057817,
        0.765528 1.437008 -2.042944,
        0.745386 1.437008 -2.040975,
        0.742272 1.437008 -2.037528,
        0.742211 1.437008 -2.037419,
        0.816185 1.437008 -2.016541,
        0.762108 1.437008 -2.044065,
        0.756044 1.437008 -2.044854,
        0.742211 1.437008 -2.056202,
        0.747995 1.437008 -2.058405,
        0.754748 1.437008 -2.059181,
        0.758438 1.437008 -2.059049,
        0.751718 1.437008 -2.044328,
        0.748090 1.437008 -2.042880,
        0.720737 1.437008 -2.028685,
        0.728305 1.437008 -2.043422,
        0.715506 1.437008 -2.015415,
        0.734422 1.437008 -2.050768,
        0.735561 1.437008 -2.051812,
        0.741399 1.437008 -2.055893,
        0.590733 1.437008 -1.880840,
        0.590733 1.437008 -1.896191,
        0.587698 1.437008 -1.999075,
        0.587698 1.437008 -2.014289,
        0.617256 1.437008 -2.014289,
        0.659471 1.437008 -2.014289,
        0.642244 1.437008 -1.896191,
        0.642244 1.437008 -1.938900,
        0.617256 1.437008 -1.896191,
        0.617256 1.437008 -1.938900,
        0.594520 1.437008 -1.938900,
        0.594520 1.437008 -1.954183,
        0.617256 1.437008 -1.999075,
        0.617256 1.437008 -1.954183,
        0.642244 1.437008 -1.999075,
        0.642244 1.437008 -1.954183,
        0.504043 1.437008 -1.883090,
        0.487937 1.437008 -1.888973,
        0.457472 1.437008 -1.969980,
        0.464043 1.437008 -1.983783,
        0.473965 1.437008 -1.995595,
        0.487875 1.437008 -2.005574,
        0.503081 1.437008 -2.011520,
        0.525783 1.437008 -2.014289,
        0.562488 1.437008 -2.014289,
        0.562488 1.437008 -1.880840,
        0.524419 1.437008 -1.880840,
        0.473965 1.437008 -1.898511,
        0.469279 1.437008 -1.903092,
        0.461013 1.437008 -1.914721,
        0.456070 1.437008 -1.927443,
        0.453839 1.437008 -1.945859,
        0.454239 1.437008 -1.954355,
        0.842043 1.440945 -1.993685,
        0.834912 1.440945 -1.998031,
        0.814548 1.440945 -2.002896,
        0.824401 1.440945 -2.001816,
        0.842043 1.440945 -2.010946,
        0.830267 1.440945 -2.015080,
        0.816185 1.440945 -2.016541,
        0.801144 1.440945 -2.014762,
        0.792339 1.440945 -2.011377,
        0.788417 1.440945 -2.008968,
        0.783635 1.440945 -2.004785,
        0.780519 1.440945 -2.000376,
        0.778467 1.440945 -1.995079,
        0.777672 1.440945 -1.988364,
        0.778363 1.440945 -1.982136,
        0.780147 1.440945 -1.977207,
        0.783266 1.440945 -1.972604,
        0.787252 1.440945 -1.969047,
        0.798353 1.440945 -1.962874,
        0.804826 1.440945 -1.960254,
        0.815170 1.440945 -1.955752,
        0.821063 1.440945 -1.952067,
        0.822694 1.440945 -1.950273,
        0.823898 1.440945 -1.948019,
        0.824561 1.440945 -1.945422,
        0.824713 1.440945 -1.943198,
        0.824411 1.440945 -1.940532,
        0.823586 1.440945 -1.938276,
        0.822152 1.440945 -1.936148,
        0.819630 1.440945 -1.933920,
        0.815882 1.440945 -1.931926,
        0.811411 1.440945 -1.930743,
        0.806463 1.440945 -1.930372,
        0.796211 1.440945 -1.931453,
        0.786714 1.440945 -1.934751,
        0.782243 1.440945 -1.937263,
        0.782243 1.440945 -1.921025,
        0.793099 1.440945 -1.917835,
        0.804826 1.440945 -1.916795,
        0.818121 1.440945 -1.918380,
        0.827087 1.440945 -1.921826,
        0.831229 1.440945 -1.924368,
        0.836196 1.440945 -1.928836,
        0.839297 1.440945 -1.933355,
        0.841284 1.440945 -1.938737,
        0.841940 1.440945 -1.944699,
        0.841219 1.440945 -1.951198,
        0.839374 1.440945 -1.956301,
        0.837198 1.440945 -1.959777,
        0.816629 1.440945 -1.972399,
        0.826592 1.440945 -1.967832,
        0.834464 1.440945 -1.962637,
        0.805653 1.440945 -1.976995,
        0.799129 1.440945 -1.980927,
        0.797046 1.440945 -1.983096,
        0.795754 1.440945 -1.985311,
        0.794994 1.440945 -1.987922,
        0.794830 1.440945 -1.990001,
        0.795177 1.440945 -1.993190,
        0.796026 1.440945 -1.995567,
        0.797485 1.440945 -1.997725,
        0.799404 1.440945 -1.999427,
        0.800928 1.440945 -2.000352,
        0.805241 1.440945 -2.001931,
        0.813809 1.440945 -2.002891,
        0.694812 1.440945 -1.918978,
        0.677483 1.440945 -1.918978,
        0.720840 1.440945 -1.990752,
        0.722119 1.440945 -1.995194,
        0.722887 1.440945 -1.998461,
        0.723330 1.440945 -1.998461,
        0.725377 1.440945 -1.990615,
        0.750279 1.440945 -1.918978,
        0.768973 1.440945 -1.918978,
        0.731585 1.440945 -2.014085,
        0.738920 1.440945 -2.031414,
        0.742272 1.440945 -2.037528,
        0.745386 1.440945 -2.040975,
        0.748090 1.440945 -2.042880,
        0.751718 1.440945 -2.044328,
        0.756044 1.440945 -2.044854,
        0.762108 1.440945 -2.044065,
        0.765528 1.440945 -2.042944,
        0.765528 1.440945 -2.057817,
        0.758438 1.440945 -2.059049,
        0.754748 1.440945 -2.059181,
        0.747995 1.440945 -2.058405,
        0.741399 1.440945 -2.055893,
        0.735561 1.440945 -2.051812,
        0.734422 1.440945 -2.050768,
        0.728305 1.440945 -2.043422,
        0.720737 1.440945 -2.028685,
        0.587698 1.440945 -1.999075,
        0.587698 1.440945 -2.014289,
        0.642244 1.440945 -1.999075,
        0.642244 1.440945 -1.954183,
        0.594520 1.440945 -1.954183,
        0.594520 1.440945 -1.938900,
        0.642244 1.440945 -1.938900,
        0.642244 1.440945 -1.896191,
        0.590733 1.440945 -1.896191,
        0.590733 1.440945 -1.880840,
        0.659471 1.440945 -1.880840,
        0.659471 1.440945 -2.014289,
        0.473965 1.440945 -1.995595,
        0.487736 1.440945 -1.986580,
        0.487875 1.440945 -2.005574,
        0.496334 1.440945 -1.992568,
        0.503081 1.440945 -2.011520,
        0.507340 1.440945 -1.996852,
        0.525783 1.440945 -2.014289,
        0.525885 1.440945 -1.999075,
        0.562488 1.440945 -2.014289,
        0.545261 1.440945 -1.999075,
        0.562488 1.440945 -1.880840,
        0.545261 1.440945 -1.896191,
        0.524419 1.440945 -1.880840,
        0.525101 1.440945 -1.896191,
        0.520182 1.440945 -1.896329,
        0.504043 1.440945 -1.883090,
        0.506179 1.440945 -1.898533,
        0.487937 1.440945 -1.888973,
        0.494905 1.440945 -1.903012,
        0.473965 1.440945 -1.898511,
        0.486587 1.440945 -1.908744,
        0.469279 1.440945 -1.903092,
        0.482893 1.440945 -1.912382,
        0.461013 1.440945 -1.914721,
        0.477714 1.440945 -1.919854,
        0.456070 1.440945 -1.927443,
        0.473945 1.440945 -1.929585,
        0.453839 1.440945 -1.945859,
        0.471953 1.440945 -1.946337,
        0.454239 1.440945 -1.954355,
        0.472545 1.440945 -1.956064,
        0.457472 1.440945 -1.969980,
        0.475323 1.440945 -1.968007,
        0.464043 1.440945 -1.983783,
        0.480096 1.440945 -1.977744,
        0.486212 1.440945 -1.985157,
        0.525101 1.437008 -1.896191,
        0.545261 1.437008 -1.896191,
        0.545261 1.437008 -1.999075,
        0.525885 1.437008 -1.999075,
        0.486212 1.437008 -1.985157,
        0.487736 1.437008 -1.986580,
        0.496334 1.437008 -1.992568,
        0.507340 1.437008 -1.996852,
        0.471953 1.437008 -1.946337,
        0.472545 1.437008 -1.956064,
        0.475323 1.437008 -1.968007,
        0.480096 1.437008 -1.977744,
        0.486587 1.437008 -1.908744,
        0.482893 1.437008 -1.912382,
        0.477714 1.437008 -1.919854,
        0.473945 1.437008 -1.929585,
        0.520182 1.437008 -1.896329,
        0.506179 1.437008 -1.898533,
        0.494905 1.437008 -1.903012,
      ]
    }
    coordIndex [
      6, 139, 140, -1,
      141, 56, 53, -1,
      141, 53, 142, -1,
      142, 53, 8, -1,
      142, 8, 140, -1,
      140, 8, 7, -1,
      140, 7, 6, -1,
      143, 139, 15, -1,
      15, 139, 6, -1,
      143, 15, 144, -1,
      144, 15, 14, -1,
      91, 145, 12, -1,
      12, 145, 144, -1,
      12, 144, 13, -1,
      13, 144, 14, -1,
      145, 91, 146, -1,
      146, 91, 1, -1,
      1, 0, 146, -1,
      146, 0, 34, -1,
      146, 34, 147, -1,
      147, 34, 33, -1,
      147, 33, 148, -1,
      148, 33, 25, -1,
      148, 25, 149, -1,
      149, 25, 24, -1,
      149, 24, 150, -1,
      150, 24, 23, -1,
      150, 23, 151, -1,
      151, 23, 32, -1,
      151, 32, 152, -1,
      152, 32, 31, -1,
      152, 31, 153, -1,
      153, 31, 30, -1,
      153, 30, 154, -1,
      154, 30, 29, -1,
      154, 29, 155, -1,
      155, 29, 49, -1,
      155, 49, 156, -1,
      156, 49, 48, -1,
      156, 48, 157, -1,
      157, 48, 46, -1,
      157, 46, 158, -1,
      158, 46, 44, -1,
      158, 44, 159, -1,
      159, 44, 43, -1,
      159, 43, 160, -1,
      160, 43, 42, -1,
      160, 42, 161, -1,
      161, 42, 41, -1,
      161, 41, 162, -1,
      162, 41, 40, -1,
      162, 40, 163, -1,
      163, 40, 37, -1,
      163, 37, 164, -1,
      164, 37, 52, -1,
      164, 52, 165, -1,
      165, 52, 51, -1,
      165, 51, 166, -1,
      166, 51, 50, -1,
      166, 50, 167, -1,
      167, 50, 39, -1,
      167, 39, 168, -1,
      168, 39, 38, -1,
      168, 38, 169, -1,
      169, 38, 36, -1,
      169, 36, 170, -1,
      170, 36, 35, -1,
      170, 35, 171, -1,
      171, 35, 45, -1,
      171, 45, 172, -1,
      172, 45, 47, -1,
      172, 47, 173, -1,
      173, 47, 17, -1,
      173, 17, 174, -1,
      175, 174, 16, -1,
      16, 174, 17, -1,
      175, 16, 28, -1,
      175, 28, 176, -1,
      176, 28, 27, -1,
      176, 27, 177, -1,
      177, 27, 26, -1,
      177, 26, 178, -1,
      178, 26, 19, -1,
      178, 19, 179, -1,
      179, 19, 18, -1,
      179, 18, 180, -1,
      180, 18, 181, -1,
      181, 18, 22, -1,
      22, 21, 181, -1,
      181, 21, 20, -1,
      181, 20, 182, -1,
      182, 20, 3, -1,
      182, 3, 183, -1,
      183, 3, 2, -1,
      183, 2, 184, -1,
      184, 2, 5, -1,
      184, 5, 185, -1,
      185, 5, 4, -1,
      185, 4, 186, -1,
      186, 4, 10, -1,
      186, 10, 187, -1,
      54, 188, 189, -1,
      187, 10, 11, -1,
      187, 11, 190, -1,
      190, 11, 9, -1,
      190, 9, 189, -1,
      189, 9, 55, -1,
      189, 55, 54, -1,
      188, 54, 58, -1,
      188, 58, 191, -1,
      191, 58, 69, -1,
      191, 69, 192, -1,
      192, 69, 68, -1,
      192, 68, 193, -1,
      193, 68, 67, -1,
      193, 67, 194, -1,
      194, 67, 61, -1,
      194, 61, 195, -1,
      195, 61, 60, -1,
      195, 60, 196, -1,
      196, 60, 66, -1,
      196, 66, 197, -1,
      197, 66, 65, -1,
      197, 65, 198, -1,
      198, 65, 64, -1,
      198, 64, 199, -1,
      199, 64, 63, -1,
      199, 63, 200, -1,
      200, 63, 62, -1,
      200, 62, 201, -1,
      201, 62, 59, -1,
      201, 59, 202, -1,
      202, 59, 57, -1,
      202, 57, 203, -1,
      203, 57, 56, -1,
      203, 56, 141, -1,
      167, 168, 179, -1,
      179, 168, 178, -1,
      191, 158, 188, -1,
      188, 158, 159, -1,
      147, 148, 199, -1,
      199, 148, 149, -1,
      199, 149, 198, -1,
      198, 149, 150, -1,
      198, 150, 197, -1,
      197, 150, 151, -1,
      197, 151, 196, -1,
      196, 151, 152, -1,
      196, 152, 195, -1,
      195, 152, 153, -1,
      195, 153, 194, -1,
      194, 153, 154, -1,
      194, 154, 193, -1,
      193, 154, 155, -1,
      193, 155, 192, -1,
      192, 155, 156, -1,
      192, 156, 191, -1,
      191, 156, 157, -1,
      191, 157, 158, -1,
      145, 141, 144, -1,
      144, 141, 142, -1,
      144, 142, 143, -1,
      143, 142, 140, -1,
      143, 140, 139, -1,
      168, 169, 178, -1,
      178, 169, 170, -1,
      178, 170, 177, -1,
      177, 170, 171, -1,
      177, 171, 176, -1,
      176, 171, 172, -1,
      176, 172, 175, -1,
      175, 172, 173, -1,
      175, 173, 174, -1,
      199, 200, 147, -1,
      147, 200, 201, -1,
      147, 201, 146, -1,
      146, 201, 202, -1,
      146, 202, 145, -1,
      145, 202, 203, -1,
      145, 203, 141, -1,
      179, 180, 167, -1,
      167, 180, 181, -1,
      167, 181, 166, -1,
      166, 181, 182, -1,
      166, 182, 165, -1,
      165, 182, 183, -1,
      165, 183, 164, -1,
      164, 183, 184, -1,
      164, 184, 163, -1,
      163, 184, 185, -1,
      163, 185, 162, -1,
      162, 185, 186, -1,
      162, 186, 161, -1,
      161, 186, 187, -1,
      161, 187, 160, -1,
      160, 187, 190, -1,
      160, 190, 159, -1,
      159, 190, 189, -1,
      159, 189, 188, -1,
      204, 205, 76, -1,
      76, 205, 75, -1,
      206, 204, 78, -1,
      78, 204, 76, -1,
      206, 78, 79, -1,
      206, 79, 207, -1,
      207, 79, 74, -1,
      207, 74, 208, -1,
      209, 208, 73, -1,
      73, 208, 74, -1,
      210, 209, 72, -1,
      72, 209, 73, -1,
      82, 211, 77, -1,
      77, 211, 210, -1,
      77, 210, 72, -1,
      212, 211, 81, -1,
      81, 211, 82, -1,
      83, 213, 80, -1,
      80, 213, 212, -1,
      80, 212, 81, -1,
      85, 214, 84, -1,
      84, 214, 213, -1,
      84, 213, 83, -1,
      85, 90, 214, -1,
      214, 90, 215, -1,
      90, 89, 215, -1,
      215, 89, 88, -1,
      215, 88, 216, -1,
      216, 88, 99, -1,
      216, 99, 217, -1,
      217, 99, 98, -1,
      217, 98, 218, -1,
      218, 98, 93, -1,
      218, 93, 219, -1,
      219, 93, 92, -1,
      219, 92, 220, -1,
      220, 92, 87, -1,
      220, 87, 221, -1,
      222, 221, 86, -1,
      86, 221, 87, -1,
      222, 86, 97, -1,
      222, 97, 223, -1,
      223, 97, 96, -1,
      223, 96, 224, -1,
      224, 96, 95, -1,
      224, 95, 225, -1,
      225, 95, 94, -1,
      225, 94, 226, -1,
      94, 105, 226, -1,
      226, 105, 104, -1,
      226, 104, 227, -1,
      227, 104, 103, -1,
      227, 103, 228, -1,
      228, 103, 101, -1,
      228, 101, 229, -1,
      229, 101, 100, -1,
      229, 100, 230, -1,
      75, 205, 102, -1,
      102, 205, 230, -1,
      102, 230, 100, -1,
      207, 208, 230, -1,
      205, 204, 230, -1,
      230, 204, 206, -1,
      230, 206, 207, -1,
      211, 212, 210, -1,
      210, 212, 213, -1,
      210, 213, 209, -1,
      221, 222, 220, -1,
      220, 222, 223, -1,
      220, 223, 219, -1,
      219, 223, 224, -1,
      219, 224, 218, -1,
      218, 224, 225, -1,
      218, 225, 217, -1,
      217, 225, 226, -1,
      217, 226, 216, -1,
      208, 209, 230, -1,
      230, 209, 213, -1,
      230, 213, 229, -1,
      213, 214, 229, -1,
      229, 214, 215, -1,
      229, 215, 228, -1,
      228, 215, 216, -1,
      228, 216, 227, -1,
      227, 216, 226, -1,
      231, 232, 108, -1,
      108, 232, 109, -1,
      120, 233, 118, -1,
      118, 233, 231, -1,
      118, 231, 108, -1,
      234, 233, 121, -1,
      121, 233, 120, -1,
      117, 235, 119, -1,
      119, 235, 234, -1,
      119, 234, 121, -1,
      236, 235, 116, -1,
      116, 235, 117, -1,
      113, 237, 115, -1,
      115, 237, 236, -1,
      115, 236, 116, -1,
      238, 237, 112, -1,
      112, 237, 113, -1,
      107, 239, 114, -1,
      114, 239, 238, -1,
      114, 238, 112, -1,
      240, 239, 106, -1,
      106, 239, 107, -1,
      70, 241, 71, -1,
      71, 241, 240, -1,
      71, 240, 106, -1,
      242, 241, 111, -1,
      111, 241, 70, -1,
      109, 232, 110, -1,
      110, 232, 242, -1,
      110, 242, 111, -1,
      235, 236, 234, -1,
      234, 236, 237, -1,
      232, 231, 242, -1,
      242, 231, 233, -1,
      239, 240, 238, -1,
      238, 240, 241, -1,
      238, 241, 237, -1,
      237, 241, 242, -1,
      237, 242, 234, -1,
      234, 242, 233, -1,
      243, 244, 245, -1,
      245, 244, 246, -1,
      245, 246, 247, -1,
      247, 246, 248, -1,
      247, 248, 249, -1,
      249, 248, 250, -1,
      249, 250, 251, -1,
      251, 250, 252, -1,
      251, 252, 253, -1,
      253, 252, 254, -1,
      253, 254, 255, -1,
      254, 256, 255, -1,
      255, 256, 257, -1,
      255, 257, 258, -1,
      258, 257, 259, -1,
      258, 259, 260, -1,
      260, 259, 261, -1,
      260, 261, 262, -1,
      262, 261, 263, -1,
      262, 263, 264, -1,
      264, 263, 265, -1,
      264, 265, 266, -1,
      266, 265, 267, -1,
      266, 267, 268, -1,
      268, 267, 269, -1,
      268, 269, 270, -1,
      270, 269, 271, -1,
      270, 271, 272, -1,
      272, 271, 273, -1,
      272, 273, 274, -1,
      274, 273, 275, -1,
      274, 275, 276, -1,
      276, 275, 277, -1,
      276, 277, 243, -1,
      243, 277, 278, -1,
      243, 278, 244, -1,
      249, 251, 129, -1,
      129, 251, 130, -1,
      249, 129, 128, -1,
      249, 128, 247, -1,
      247, 128, 127, -1,
      247, 127, 245, -1,
      245, 127, 126, -1,
      245, 126, 243, -1,
      243, 126, 125, -1,
      243, 125, 276, -1,
      276, 125, 124, -1,
      276, 124, 274, -1,
      274, 124, 138, -1,
      274, 138, 272, -1,
      272, 138, 137, -1,
      272, 137, 270, -1,
      270, 137, 136, -1,
      270, 136, 268, -1,
      268, 136, 135, -1,
      268, 135, 266, -1,
      266, 135, 134, -1,
      266, 134, 264, -1,
      264, 134, 133, -1,
      264, 133, 262, -1,
      262, 133, 123, -1,
      262, 123, 260, -1,
      260, 123, 122, -1,
      260, 122, 258, -1,
      258, 122, 132, -1,
      258, 132, 255, -1,
      253, 255, 131, -1,
      131, 255, 132, -1,
      251, 253, 130, -1,
      130, 253, 131, -1,
      256, 254, 279, -1,
      279, 254, 280, -1,
      254, 252, 280, -1,
      280, 252, 281, -1,
      252, 250, 281, -1,
      281, 250, 282, -1,
      278, 283, 284, -1,
      278, 284, 244, -1,
      244, 284, 285, -1,
      244, 285, 246, -1,
      246, 285, 286, -1,
      246, 286, 248, -1,
      248, 286, 282, -1,
      248, 282, 250, -1,
      271, 287, 288, -1,
      271, 288, 273, -1,
      273, 288, 289, -1,
      273, 289, 275, -1,
      275, 289, 290, -1,
      275, 290, 277, -1,
      277, 290, 283, -1,
      277, 283, 278, -1,
      263, 291, 292, -1,
      263, 292, 265, -1,
      265, 292, 293, -1,
      265, 293, 267, -1,
      267, 293, 294, -1,
      267, 294, 269, -1,
      269, 294, 287, -1,
      269, 287, 271, -1,
      256, 279, 295, -1,
      256, 295, 257, -1,
      257, 295, 296, -1,
      257, 296, 259, -1,
      259, 296, 297, -1,
      259, 297, 261, -1,
      261, 297, 291, -1,
      261, 291, 263, -1,
    ]
  }
}

Shape {
  appearance Appearance {
    material Material {
      diffuseColor 0.2510 0.2510 0.2510
      specularColor 0.1255 0.1255 0.1255
      ambientIntensity 0.2
      transparency 0.0000
      shininess 0.5
    }
  }
  geometry IndexedFaceSet {
    ccw TRUE
    solid FALSE
    coord DEF co Coordinate {
      point [
        0.525101 1.437008 -1.896191,
        0.545261 1.437008 -1.896191,
        0.545261 1.437008 -1.999075,
        0.525885 1.437008 -1.999075,
        0.486212 1.437008 -1.985157,
        0.487736 1.437008 -1.986580,
        0.496334 1.437008 -1.992568,
        0.507340 1.437008 -1.996852,
        0.471953 1.437008 -1.946337,
        0.472545 1.437008 -1.956064,
        0.475323 1.437008 -1.968007,
        0.480096 1.437008 -1.977744,
        0.486587 1.437008 -1.908744,
        0.482893 1.437008 -1.912382,
        0.477714 1.437008 -1.919854,
        0.473945 1.437008 -1.929585,
        0.520182 1.437008 -1.896329,
        0.506179 1.437008 -1.898533,
        0.494905 1.437008 -1.903012,
      ]
    }
    coordIndex [
      5, 4, 16, -1,
      5, 16, 6, -1,
      1, 2, 0, -1,
      0, 2, 3, -1,
      0, 3, 16, -1,
      16, 3, 7, -1,
      16, 7, 6, -1,
      4, 11, 16, -1,
      16, 11, 10, -1,
      16, 10, 9, -1,
      12, 9, 8, -1,
      12, 18, 9, -1,
      9, 18, 17, -1,
      9, 17, 16, -1,
      15, 14, 8, -1,
      8, 14, 13, -1,
      8, 13, 12, -1,
    ]
  }
}

Shape {
  appearance Appearance {
    material Material {
      diffuseColor 0.7529 0.7529 0.7529
      specularColor 0.3765 0.3765 0.3765
      ambientIntensity 0.2
      transparency 0.0000
      shininess 0.5
    }
  }
  geometry IndexedFaceSet {
    ccw TRUE
    solid FALSE
    coord DEF co Coordinate {
      point [
        0.427402 1.437008 -2.014289,
        0.446437 1.437008 -2.014289,
        0.345394 1.437008 -2.014289,
        0.359006 1.437008 -1.977789,
        0.414575 1.437008 -1.977789,
        0.395608 1.437008 -1.880840,
        0.377187 1.437008 -1.880840,
        0.326359 1.437008 -2.014289,
        0.409117 1.440945 -1.962711,
        0.389161 1.440945 -1.907243,
        0.395608 1.440945 -1.880840,
        0.446437 1.440945 -2.014289,
        0.427402 1.440945 -2.014289,
        0.414575 1.440945 -1.977789,
        0.388006 1.440945 -1.903261,
        0.386978 1.440945 -1.897896,
        0.377187 1.440945 -1.880840,
        0.386569 1.440945 -1.897896,
        0.385490 1.440945 -1.903542,
        0.384488 1.440945 -1.907243,
        0.364327 1.440945 -1.962711,
        0.326359 1.440945 -2.014289,
        0.345394 1.440945 -2.014289,
        0.359006 1.440945 -1.977789,
        0.409117 1.437008 -1.962711,
        0.364327 1.437008 -1.962711,
        0.384488 1.437008 -1.907243,
        0.386569 1.437008 -1.897896,
        0.385490 1.437008 -1.903542,
        0.386978 1.437008 -1.897896,
        0.389161 1.437008 -1.907243,
        0.388006 1.437008 -1.903261,
      ]
    }
    coordIndex [
      8, 9, 10, -1,
      11, 12, 13, -1,
      9, 14, 10, -1,
      10, 14, 15, -1,
      10, 15, 16, -1,
      16, 15, 17, -1,
      16, 17, 18, -1,
      18, 19, 16, -1,
      16, 19, 20, -1,
      16, 20, 21, -1,
      22, 21, 23, -1,
      23, 21, 20, -1,
      23, 20, 13, -1,
      13, 20, 8, -1,
      13, 8, 11, -1,
      11, 8, 10, -1,
      16, 21, 6, -1,
      6, 21, 7, -1,
      10, 16, 5, -1,
      5, 16, 6, -1,
      11, 10, 1, -1,
      1, 10, 5, -1,
      12, 11, 0, -1,
      0, 11, 1, -1,
      13, 12, 4, -1,
      4, 12, 0, -1,
      23, 13, 3, -1,
      3, 13, 4, -1,
      22, 23, 2, -1,
      2, 23, 3, -1,
      21, 22, 7, -1,
      7, 22, 2, -1,
      8, 20, 24, -1,
      24, 20, 25, -1,
      20, 19, 25, -1,
      25, 19, 26, -1,
      17, 27, 28, -1,
      17, 28, 18, -1,
      18, 28, 26, -1,
      18, 26, 19, -1,
      17, 15, 27, -1,
      27, 15, 29, -1,
      9, 30, 31, -1,
      9, 31, 14, -1,
      14, 31, 29, -1,
      14, 29, 15, -1,
      9, 8, 30, -1,
      30, 8, 24, -1,
    ]
  }
}

Shape {
  appearance Appearance {
    material Material {
      diffuseColor 0.2510 0.2510 0.2510
      specularColor 0.1255 0.1255 0.1255
      ambientIntensity 0.2
      transparency 0.0000
      shininess 0.5
    }
  }
  geometry IndexedFaceSet {
    ccw TRUE
    solid FALSE
    coord DEF co Coordinate {
      point [
        0.409117 1.437008 -1.962711,
        0.364327 1.437008 -1.962711,
        0.384488 1.437008 -1.907243,
        0.386569 1.437008 -1.897896,
        0.385490 1.437008 -1.903542,
        0.386978 1.437008 -1.897896,
        0.389161 1.437008 -1.907243,
        0.388006 1.437008 -1.903261,
      ]
    }
    coordIndex [
      3, 5, 4, -1,
      4, 5, 7, -1,
      4, 7, 2, -1,
      2, 7, 6, -1,
      2, 6, 1, -1,
      1, 6, 0, -1,
    ]
  }
}

Shape {
  appearance Appearance {
    material Material {
      diffuseColor 0.7529 0.7529 0.7529
      specularColor 0.3765 0.3765 0.3765
      ambientIntensity 0.2
      transparency 0.0000
      shininess 0.5
    }
  }
  geometry IndexedFaceSet {
    ccw TRUE
    solid FALSE
    coord DEF co Coordinate {
      point [
        1.154259 1.437008 -1.822004,
        1.145928 1.437008 -1.842838,
        1.173615 1.437008 -1.795004,
        1.167373 1.437008 -1.803711,
        1.325834 1.437008 -1.654213,
        1.305312 1.437008 -1.668010,
        1.283509 1.437008 -1.682669,
        1.249673 1.437008 -1.722711,
        1.232274 1.437008 -1.757624,
        1.227572 1.437008 -1.759206,
        1.199341 1.437008 -1.773229,
        1.373448 1.437008 -1.637437,
        1.412548 1.437008 -1.633330,
        1.453493 1.437008 -1.637707,
        1.497634 1.437008 -1.653122,
        1.522521 1.437008 -1.668010,
        1.526405 1.437008 -1.670334,
        1.730221 1.437008 -1.803711,
        1.721530 1.437008 -1.784355,
        1.699088 1.437008 -1.755727,
        1.626437 1.437008 -1.714574,
        1.589975 1.437008 -1.710184,
        1.548702 1.437008 -1.689429,
        1.579064 1.437008 -1.710777,
        1.568152 1.437008 -1.712081,
        1.691954 1.437008 -1.749015,
        1.661647 1.437008 -1.727991,
        1.675400 1.437008 -1.991781,
        1.703832 1.437008 -1.967311,
        1.641281 1.437008 -2.008794,
        1.725939 1.437008 -1.935545,
        1.739310 1.437008 -1.900172,
        1.743682 1.437008 -1.863891,
        1.743369 1.437008 -1.854057,
        1.741309 1.437008 -1.842838,
        1.736826 1.437008 -1.818419,
        1.627928 1.437008 -2.012854,
        1.626731 1.437008 -2.015415,
        1.618422 1.437008 -2.033197,
        1.604314 1.437008 -2.050613,
        1.498504 1.437008 -2.068278,
        1.514841 1.437008 -2.074549,
        1.537791 1.437008 -2.077374,
        1.541466 1.437008 -2.077305,
        1.563867 1.437008 -2.073807,
        1.577022 1.437008 -2.068278,
        1.585756 1.437008 -2.064606,
        1.448878 1.437008 -2.015415,
        1.448952 1.437008 -2.015729,
        1.460164 1.437008 -2.036885,
        1.474778 1.437008 -2.053278,
        1.493678 1.437008 -2.066425,
        1.327734 1.437008 -1.959441,
        1.321224 1.437008 -1.956869,
        1.310076 1.437008 -1.902793,
        1.466630 1.437008 -1.918922,
        1.339489 1.437008 -1.852506,
        1.483198 1.437008 -1.903833,
        1.503329 1.437008 -1.893040,
        1.333569 1.437008 -1.963576,
        1.154629 1.437008 -1.945848,
        1.173447 1.437008 -1.972056,
        1.197626 1.437008 -1.874603,
        1.202070 1.437008 -1.856376,
        1.209356 1.437008 -1.842838,
        1.681550 1.437008 -1.842838,
        1.142671 1.437008 -1.850984,
        1.138341 1.437008 -1.881919,
        1.142703 1.437008 -1.915813,
        1.313871 1.437008 -1.955926,
        1.312948 1.437008 -1.955993,
        1.310101 1.437008 -1.956623,
        1.675994 1.437008 -1.899781,
        1.664654 1.437008 -1.919088,
        1.616477 1.437008 -1.928864,
        1.647640 1.437008 -1.936561,
        1.626978 1.437008 -1.949284,
        1.581382 1.437008 -1.897460,
        1.600786 1.437008 -1.910933,
        1.683907 1.437008 -1.861994,
        1.682783 1.437008 -1.876553,
        1.560423 1.437008 -1.889449,
        1.537791 1.437008 -1.886663,
        1.526230 1.437008 -1.887349,
        1.199278 1.437008 -1.993919,
        1.228230 1.437008 -2.008081,
        1.259789 1.437008 -2.014752,
        1.343284 1.437008 -1.985339,
        1.343043 1.437008 -1.981594,
        1.442909 1.437008 -1.973004,
        1.341138 1.437008 -1.974373,
        1.337489 1.437008 -1.967900,
        1.216417 1.437008 -1.933042,
        1.205980 1.437008 -1.918241,
        1.199443 1.437008 -1.901331,
        1.197167 1.437008 -1.882868,
        1.315769 1.437008 -2.014752,
        1.321114 1.437008 -2.013891,
        1.327390 1.437008 -2.011420,
        1.333544 1.437008 -2.007045,
        1.335749 1.437008 -2.004800,
        1.339885 1.437008 -1.998840,
        1.342384 1.437008 -1.992406,
        1.443417 1.437008 -1.992302,
        1.442909 1.437008 -1.982493,
        1.308178 1.437008 -1.956874,
        1.265482 1.437008 -1.956874,
        1.248491 1.437008 -1.953624,
        1.231744 1.437008 -1.945878,
        1.217709 1.437008 -1.934429,
        1.278765 1.437008 -1.808860,
        1.672959 1.437008 -1.817882,
        1.681083 1.437008 -1.839044,
        1.271175 1.437008 -1.808860,
        1.210884 1.437008 -1.839999,
        1.221865 1.437008 -1.827731,
        1.236583 1.437008 -1.817457,
        1.253143 1.437008 -1.811083,
        1.299178 1.437008 -1.751922,
        1.320566 1.437008 -1.726344,
        1.538739 1.437008 -1.781345,
        1.323032 1.437008 -1.724097,
        1.349693 1.437008 -1.705603,
        1.524256 1.437008 -1.751350,
        1.663101 1.437008 -1.803711,
        1.545585 1.437008 -1.777605,
        1.279896 1.437008 -1.803711,
        1.284552 1.437008 -1.782501,
        1.566863 1.437008 -1.769848,
        1.589026 1.437008 -1.767113,
        1.598836 1.437008 -1.767620,
        1.502980 1.437008 -1.725924,
        1.379448 1.437008 -1.694208,
        1.477506 1.437008 -1.707311,
        1.411599 1.437008 -1.690259,
        1.446506 1.437008 -1.694752,
        1.622263 1.437008 -1.773155,
        1.643419 1.437008 -1.784367,
        1.659811 1.437008 -1.798981,
        1.618422 1.440945 -2.033197,
        1.604314 1.440945 -2.050613,
        1.626978 1.440945 -1.949284,
        1.310076 1.440945 -1.902793,
        1.339489 1.440945 -1.852506,
        1.466630 1.440945 -1.918922,
        1.531950 1.440945 -1.947070,
        1.523037 1.440945 -1.949956,
        1.643419 1.440945 -1.784367,
        1.622263 1.440945 -1.773155,
        1.626437 1.440945 -1.714574,
        1.568152 1.440945 -1.712081,
        1.538739 1.440945 -1.781345,
        1.524256 1.440945 -1.751350,
        1.647640 1.440945 -1.936561,
        1.641281 1.440945 -2.008794,
        1.627928 1.440945 -2.012854,
        1.589975 1.440945 -1.710184,
        1.515233 1.440945 -1.954894,
        1.508928 1.440945 -1.961526,
        1.442909 1.440945 -1.973004,
        1.504572 1.440945 -1.969193,
        1.502149 1.440945 -1.977869,
        1.442909 1.440945 -1.982493,
        1.501915 1.440945 -1.987072,
        1.563189 1.440945 -2.011187,
        1.555579 1.440945 -2.016367,
        1.585756 1.440945 -2.064606,
        1.546781 1.440945 -2.019555,
        1.547371 1.440945 -1.947465,
        1.560423 1.440945 -1.889449,
        1.555702 1.440945 -1.950580,
        1.581382 1.440945 -1.897460,
        1.563202 1.440945 -1.955707,
        1.600786 1.440945 -1.910933,
        1.568757 1.440945 -1.961807,
        1.616477 1.440945 -1.928864,
        1.573227 1.440945 -1.969983,
        1.575491 1.440945 -1.979078,
        1.503329 1.440945 -1.893040,
        1.526230 1.440945 -1.887349,
        1.537791 1.440945 -1.886663,
        1.278765 1.440945 -1.808860,
        1.271175 1.440945 -1.808860,
        1.232274 1.440945 -1.757624,
        1.253143 1.440945 -1.811083,
        1.227572 1.440945 -1.759206,
        1.236583 1.440945 -1.817457,
        1.199341 1.440945 -1.773229,
        1.173615 1.440945 -1.795004,
        1.548702 1.440945 -1.689429,
        1.502980 1.440945 -1.725924,
        1.526405 1.440945 -1.670334,
        1.477506 1.440945 -1.707311,
        1.497634 1.440945 -1.653122,
        1.598836 1.440945 -1.767620,
        1.589026 1.440945 -1.767113,
        1.579064 1.440945 -1.710777,
        1.566863 1.440945 -1.769848,
        1.545585 1.440945 -1.777605,
        1.173447 1.440945 -1.972056,
        1.217709 1.440945 -1.934429,
        1.199278 1.440945 -1.993919,
        1.231744 1.440945 -1.945878,
        1.228230 1.440945 -2.008081,
        1.248491 1.440945 -1.953624,
        1.259789 1.440945 -2.014752,
        1.265482 1.440945 -1.956874,
        1.315769 1.440945 -2.014752,
        1.308178 1.440945 -1.956874,
        1.321114 1.440945 -2.013891,
        1.538739 1.440945 -1.946438,
        1.483198 1.440945 -1.903833,
        1.221865 1.440945 -1.827731,
        1.210884 1.440945 -1.839999,
        1.154259 1.440945 -1.822004,
        1.202070 1.440945 -1.856376,
        1.142671 1.440945 -1.850984,
        1.197626 1.440945 -1.874603,
        1.138341 1.440945 -1.881919,
        1.197167 1.440945 -1.882868,
        1.142703 1.440945 -1.915813,
        1.199443 1.440945 -1.901331,
        1.154629 1.440945 -1.945848,
        1.205980 1.440945 -1.918241,
        1.216417 1.440945 -1.933042,
        1.283509 1.440945 -1.682669,
        1.320566 1.440945 -1.726344,
        1.249673 1.440945 -1.722711,
        1.299178 1.440945 -1.751922,
        1.284552 1.440945 -1.782501,
        1.681083 1.440945 -1.839044,
        1.743369 1.440945 -1.854057,
        1.683907 1.440945 -1.861994,
        1.743682 1.440945 -1.863891,
        1.682783 1.440945 -1.876553,
        1.739310 1.440945 -1.900172,
        1.675994 1.440945 -1.899781,
        1.725939 1.440945 -1.935545,
        1.664654 1.440945 -1.919088,
        1.703832 1.440945 -1.967311,
        1.675400 1.440945 -1.991781,
        1.569276 1.440945 -2.004340,
        1.573367 1.440945 -1.996535,
        1.575491 1.440945 -1.987804,
        1.453493 1.440945 -1.637707,
        1.446506 1.440945 -1.694752,
        1.412548 1.440945 -1.633330,
        1.411599 1.440945 -1.690259,
        1.373448 1.440945 -1.637437,
        1.379448 1.440945 -1.694208,
        1.325834 1.440945 -1.654213,
        1.349693 1.440945 -1.705603,
        1.323032 1.440945 -1.724097,
        1.661647 1.440945 -1.727991,
        1.691954 1.440945 -1.749015,
        1.659811 1.440945 -1.798981,
        1.699088 1.440945 -1.755727,
        1.672959 1.440945 -1.817882,
        1.721530 1.440945 -1.784355,
        1.736826 1.440945 -1.818419,
        1.312948 1.440945 -1.955993,
        1.335749 1.440945 -2.004800,
        1.333544 1.440945 -2.007045,
        1.563867 1.440945 -2.073807,
        1.541466 1.440945 -2.077305,
        1.538739 1.440945 -2.020445,
        1.537791 1.440945 -2.077374,
        1.530033 1.440945 -2.019421,
        1.514841 1.440945 -2.074549,
        1.521741 1.440945 -2.016323,
        1.493678 1.440945 -2.066425,
        1.514433 1.440945 -2.011326,
        1.474778 1.440945 -2.053278,
        1.508319 1.440945 -2.004465,
        1.460164 1.440945 -2.036885,
        1.504027 1.440945 -1.996219,
        1.448952 1.440945 -2.015729,
        1.443417 1.440945 -1.992302,
        1.310101 1.440945 -1.956623,
        1.327390 1.440945 -2.011420,
        1.343284 1.440945 -1.985339,
        1.342384 1.440945 -1.992406,
        1.339885 1.440945 -1.998840,
        1.321224 1.440945 -1.956869,
        1.327734 1.440945 -1.959441,
        1.343043 1.440945 -1.981594,
        1.333569 1.440945 -1.963576,
        1.337489 1.440945 -1.967900,
        1.341138 1.440945 -1.974373,
        1.313871 1.440945 -1.955926,
        1.538739 1.437008 -1.946438,
        1.531950 1.437008 -1.947070,
        1.523037 1.437008 -1.949956,
        1.515233 1.437008 -1.954894,
        1.508928 1.437008 -1.961526,
        1.504572 1.437008 -1.969193,
        1.502149 1.437008 -1.977869,
        1.501915 1.437008 -1.987072,
        1.504027 1.437008 -1.996219,
        1.508319 1.437008 -2.004465,
        1.514433 1.437008 -2.011326,
        1.521741 1.437008 -2.016323,
        1.530033 1.437008 -2.019421,
        1.538739 1.437008 -2.020445,
        1.546781 1.437008 -2.019555,
        1.555579 1.437008 -2.016367,
        1.563189 1.437008 -2.011187,
        1.569276 1.437008 -2.004340,
        1.573367 1.437008 -1.996535,
        1.575491 1.437008 -1.987804,
        1.575491 1.437008 -1.979078,
        1.573227 1.437008 -1.969983,
        1.568757 1.437008 -1.961807,
        1.563202 1.437008 -1.955707,
        1.555702 1.437008 -1.950580,
        1.547371 1.437008 -1.947465,
      ]
    }
    coordIndex [
      139, 140, 141, -1,
      142, 143, 144, -1,
      145, 146, 142, -1,
      147, 148, 149, -1,
      150, 151, 152, -1,
      153, 154, 141, -1,
      141, 154, 155, -1,
      141, 155, 139, -1,
      149, 148, 156, -1,
      146, 157, 142, -1,
      142, 157, 158, -1,
      142, 158, 159, -1,
      158, 160, 159, -1,
      159, 160, 161, -1,
      159, 161, 162, -1,
      162, 161, 163, -1,
      164, 140, 165, -1,
      165, 140, 166, -1,
      165, 166, 167, -1,
      168, 169, 170, -1,
      170, 169, 171, -1,
      170, 171, 172, -1,
      172, 171, 173, -1,
      172, 173, 174, -1,
      174, 173, 175, -1,
      174, 175, 176, -1,
      176, 175, 141, -1,
      176, 141, 177, -1,
      178, 179, 168, -1,
      168, 179, 180, -1,
      168, 180, 169, -1,
      181, 182, 183, -1,
      183, 182, 184, -1,
      183, 184, 185, -1,
      185, 184, 186, -1,
      185, 186, 187, -1,
      187, 186, 188, -1,
      150, 152, 189, -1,
      189, 152, 190, -1,
      189, 190, 191, -1,
      191, 190, 192, -1,
      191, 192, 193, -1,
      148, 194, 156, -1,
      156, 194, 195, -1,
      156, 195, 196, -1,
      196, 195, 197, -1,
      196, 197, 150, -1,
      150, 197, 198, -1,
      150, 198, 151, -1,
      199, 200, 201, -1,
      201, 200, 202, -1,
      201, 202, 203, -1,
      203, 202, 204, -1,
      203, 204, 205, -1,
      205, 204, 206, -1,
      205, 206, 207, -1,
      207, 206, 208, -1,
      207, 208, 209, -1,
      145, 142, 210, -1,
      210, 142, 144, -1,
      210, 144, 168, -1,
      168, 144, 211, -1,
      168, 211, 178, -1,
      186, 212, 188, -1,
      188, 212, 213, -1,
      188, 213, 214, -1,
      214, 213, 215, -1,
      214, 215, 216, -1,
      216, 215, 217, -1,
      216, 217, 218, -1,
      218, 217, 219, -1,
      218, 219, 220, -1,
      220, 219, 221, -1,
      220, 221, 222, -1,
      222, 221, 223, -1,
      222, 223, 199, -1,
      199, 223, 224, -1,
      199, 224, 200, -1,
      225, 226, 227, -1,
      227, 226, 228, -1,
      227, 228, 183, -1,
      183, 228, 229, -1,
      183, 229, 181, -1,
      230, 231, 232, -1,
      232, 231, 233, -1,
      232, 233, 234, -1,
      234, 233, 235, -1,
      234, 235, 236, -1,
      236, 235, 237, -1,
      236, 237, 238, -1,
      238, 237, 239, -1,
      238, 239, 153, -1,
      153, 239, 240, -1,
      153, 240, 154, -1,
      164, 241, 140, -1,
      140, 241, 242, -1,
      140, 242, 141, -1,
      141, 242, 243, -1,
      141, 243, 177, -1,
      193, 192, 244, -1,
      244, 192, 245, -1,
      244, 245, 246, -1,
      246, 245, 247, -1,
      246, 247, 248, -1,
      248, 247, 249, -1,
      248, 249, 250, -1,
      250, 249, 251, -1,
      250, 251, 225, -1,
      225, 251, 252, -1,
      225, 252, 226, -1,
      149, 253, 147, -1,
      147, 253, 254, -1,
      147, 254, 255, -1,
      255, 254, 256, -1,
      255, 256, 257, -1,
      257, 256, 258, -1,
      257, 258, 230, -1,
      230, 258, 259, -1,
      230, 259, 231, -1,
      260, 261, 262, -1,
      166, 263, 167, -1,
      167, 263, 264, -1,
      167, 264, 265, -1,
      265, 264, 266, -1,
      265, 266, 267, -1,
      267, 266, 268, -1,
      267, 268, 269, -1,
      269, 268, 270, -1,
      269, 270, 271, -1,
      271, 270, 272, -1,
      271, 272, 273, -1,
      273, 272, 274, -1,
      273, 274, 275, -1,
      275, 274, 276, -1,
      275, 276, 163, -1,
      163, 276, 277, -1,
      163, 277, 162, -1,
      208, 278, 209, -1,
      209, 278, 260, -1,
      209, 260, 279, -1,
      279, 260, 262, -1,
      280, 281, 260, -1,
      260, 281, 282, -1,
      260, 282, 261, -1,
      283, 284, 285, -1,
      284, 286, 285, -1,
      285, 286, 287, -1,
      285, 287, 288, -1,
      280, 260, 285, -1,
      285, 260, 289, -1,
      285, 289, 283, -1,
      3, 188, 0, -1,
      0, 188, 214, -1,
      0, 214, 1, -1,
      1, 214, 216, -1,
      1, 216, 66, -1,
      66, 216, 218, -1,
      66, 218, 67, -1,
      3, 2, 188, -1,
      188, 2, 10, -1,
      188, 10, 187, -1,
      187, 10, 9, -1,
      187, 9, 185, -1,
      185, 9, 8, -1,
      185, 8, 183, -1,
      183, 8, 7, -1,
      183, 7, 227, -1,
      227, 7, 6, -1,
      227, 6, 225, -1,
      250, 225, 5, -1,
      5, 225, 6, -1,
      5, 4, 250, -1,
      250, 4, 11, -1,
      250, 11, 248, -1,
      248, 11, 12, -1,
      248, 12, 246, -1,
      246, 12, 13, -1,
      246, 13, 244, -1,
      244, 13, 14, -1,
      244, 14, 193, -1,
      193, 14, 191, -1,
      191, 14, 15, -1,
      191, 15, 16, -1,
      191, 16, 22, -1,
      191, 22, 189, -1,
      189, 22, 24, -1,
      189, 24, 150, -1,
      150, 24, 23, -1,
      150, 23, 196, -1,
      196, 23, 21, -1,
      196, 21, 156, -1,
      156, 21, 20, -1,
      156, 20, 149, -1,
      149, 20, 26, -1,
      149, 26, 253, -1,
      253, 26, 25, -1,
      253, 25, 254, -1,
      254, 25, 19, -1,
      254, 19, 256, -1,
      34, 231, 35, -1,
      35, 231, 259, -1,
      35, 259, 17, -1,
      17, 259, 258, -1,
      17, 258, 18, -1,
      18, 258, 256, -1,
      18, 256, 19, -1,
      34, 33, 231, -1,
      231, 33, 32, -1,
      231, 32, 233, -1,
      233, 32, 31, -1,
      233, 31, 235, -1,
      235, 31, 30, -1,
      235, 30, 237, -1,
      237, 30, 28, -1,
      237, 28, 239, -1,
      239, 28, 27, -1,
      239, 27, 240, -1,
      240, 27, 29, -1,
      240, 29, 154, -1,
      154, 29, 36, -1,
      154, 36, 155, -1,
      155, 36, 37, -1,
      155, 37, 139, -1,
      37, 38, 139, -1,
      139, 38, 39, -1,
      139, 39, 140, -1,
      140, 39, 46, -1,
      140, 46, 166, -1,
      166, 46, 45, -1,
      166, 45, 263, -1,
      45, 44, 263, -1,
      263, 44, 43, -1,
      263, 43, 264, -1,
      264, 43, 42, -1,
      264, 42, 266, -1,
      104, 162, 277, -1,
      266, 42, 41, -1,
      40, 270, 41, -1,
      41, 270, 268, -1,
      41, 268, 266, -1,
      40, 51, 270, -1,
      270, 51, 50, -1,
      270, 50, 272, -1,
      272, 50, 49, -1,
      272, 49, 274, -1,
      274, 49, 48, -1,
      274, 48, 276, -1,
      276, 48, 47, -1,
      276, 47, 277, -1,
      277, 47, 103, -1,
      277, 103, 104, -1,
      159, 162, 89, -1,
      89, 162, 104, -1,
      142, 159, 54, -1,
      54, 159, 89, -1,
      143, 142, 56, -1,
      56, 142, 54, -1,
      144, 143, 55, -1,
      55, 143, 56, -1,
      144, 55, 57, -1,
      144, 57, 211, -1,
      211, 57, 58, -1,
      211, 58, 178, -1,
      178, 58, 83, -1,
      178, 83, 179, -1,
      179, 83, 82, -1,
      179, 82, 180, -1,
      180, 82, 81, -1,
      180, 81, 169, -1,
      169, 81, 77, -1,
      169, 77, 171, -1,
      171, 77, 78, -1,
      171, 78, 173, -1,
      173, 78, 74, -1,
      173, 74, 175, -1,
      175, 74, 76, -1,
      175, 76, 141, -1,
      141, 76, 75, -1,
      141, 75, 153, -1,
      153, 75, 73, -1,
      153, 73, 238, -1,
      238, 73, 72, -1,
      238, 72, 236, -1,
      236, 72, 80, -1,
      236, 80, 234, -1,
      234, 80, 79, -1,
      234, 79, 232, -1,
      230, 232, 79, -1,
      79, 65, 230, -1,
      230, 65, 112, -1,
      230, 112, 111, -1,
      124, 255, 111, -1,
      111, 255, 257, -1,
      111, 257, 230, -1,
      124, 138, 255, -1,
      255, 138, 137, -1,
      255, 137, 147, -1,
      147, 137, 136, -1,
      147, 136, 148, -1,
      148, 136, 130, -1,
      148, 130, 194, -1,
      194, 130, 129, -1,
      194, 129, 195, -1,
      195, 129, 128, -1,
      195, 128, 197, -1,
      197, 128, 125, -1,
      197, 125, 198, -1,
      198, 125, 120, -1,
      198, 120, 151, -1,
      151, 120, 123, -1,
      151, 123, 152, -1,
      152, 123, 131, -1,
      152, 131, 190, -1,
      190, 131, 133, -1,
      190, 133, 192, -1,
      192, 133, 135, -1,
      192, 135, 245, -1,
      245, 135, 134, -1,
      245, 134, 247, -1,
      247, 134, 132, -1,
      247, 132, 249, -1,
      249, 132, 122, -1,
      249, 122, 251, -1,
      251, 122, 121, -1,
      251, 121, 252, -1,
      252, 121, 119, -1,
      252, 119, 226, -1,
      226, 119, 118, -1,
      226, 118, 228, -1,
      228, 118, 127, -1,
      228, 127, 229, -1,
      229, 127, 181, -1,
      181, 127, 126, -1,
      181, 126, 110, -1,
      182, 181, 113, -1,
      113, 181, 110, -1,
      182, 113, 117, -1,
      182, 117, 184, -1,
      184, 117, 116, -1,
      184, 116, 186, -1,
      186, 116, 115, -1,
      186, 115, 212, -1,
      212, 115, 114, -1,
      212, 114, 213, -1,
      213, 114, 64, -1,
      213, 64, 215, -1,
      64, 63, 215, -1,
      215, 63, 62, -1,
      215, 62, 217, -1,
      217, 62, 95, -1,
      217, 95, 219, -1,
      219, 95, 94, -1,
      219, 94, 221, -1,
      221, 94, 93, -1,
      221, 93, 223, -1,
      223, 93, 92, -1,
      223, 92, 224, -1,
      224, 92, 109, -1,
      224, 109, 200, -1,
      200, 109, 108, -1,
      200, 108, 202, -1,
      202, 108, 107, -1,
      202, 107, 204, -1,
      204, 107, 106, -1,
      204, 106, 206, -1,
      208, 206, 105, -1,
      105, 206, 106, -1,
      208, 105, 71, -1,
      208, 71, 278, -1,
      278, 71, 70, -1,
      278, 70, 260, -1,
      260, 70, 69, -1,
      260, 69, 289, -1,
      289, 69, 53, -1,
      289, 53, 283, -1,
      283, 53, 52, -1,
      283, 52, 284, -1,
      284, 52, 59, -1,
      284, 59, 286, -1,
      286, 59, 91, -1,
      286, 91, 287, -1,
      287, 91, 90, -1,
      287, 90, 288, -1,
      288, 90, 88, -1,
      288, 88, 285, -1,
      285, 88, 87, -1,
      285, 87, 280, -1,
      280, 87, 102, -1,
      280, 102, 281, -1,
      281, 102, 101, -1,
      281, 101, 282, -1,
      282, 101, 100, -1,
      282, 100, 261, -1,
      261, 100, 99, -1,
      261, 99, 262, -1,
      262, 99, 98, -1,
      262, 98, 279, -1,
      279, 98, 97, -1,
      279, 97, 209, -1,
      209, 97, 96, -1,
      209, 96, 207, -1,
      205, 207, 86, -1,
      86, 207, 96, -1,
      205, 86, 85, -1,
      205, 85, 203, -1,
      203, 85, 84, -1,
      203, 84, 201, -1,
      201, 84, 61, -1,
      201, 61, 199, -1,
      199, 61, 60, -1,
      199, 60, 222, -1,
      222, 60, 68, -1,
      222, 68, 220, -1,
      220, 68, 67, -1,
      220, 67, 218, -1,
      210, 290, 291, -1,
      210, 291, 145, -1,
      145, 291, 292, -1,
      145, 292, 146, -1,
      146, 292, 293, -1,
      146, 293, 157, -1,
      157, 293, 294, -1,
      157, 294, 158, -1,
      158, 294, 295, -1,
      158, 295, 160, -1,
      160, 295, 296, -1,
      160, 296, 161, -1,
      161, 296, 297, -1,
      161, 297, 163, -1,
      163, 297, 298, -1,
      163, 298, 275, -1,
      275, 298, 299, -1,
      275, 299, 273, -1,
      273, 299, 300, -1,
      273, 300, 271, -1,
      271, 300, 301, -1,
      271, 301, 269, -1,
      269, 301, 302, -1,
      269, 302, 267, -1,
      267, 302, 303, -1,
      267, 303, 265, -1,
      265, 303, 304, -1,
      265, 304, 167, -1,
      167, 304, 305, -1,
      167, 305, 165, -1,
      165, 305, 306, -1,
      165, 306, 164, -1,
      164, 306, 307, -1,
      164, 307, 241, -1,
      241, 307, 308, -1,
      241, 308, 242, -1,
      242, 308, 309, -1,
      242, 309, 243, -1,
      243, 309, 310, -1,
      243, 310, 177, -1,
      177, 310, 311, -1,
      177, 311, 176, -1,
      176, 311, 312, -1,
      176, 312, 174, -1,
      174, 312, 313, -1,
      174, 313, 172, -1,
      172, 313, 314, -1,
      172, 314, 170, -1,
      170, 314, 315, -1,
      170, 315, 168, -1,
      168, 315, 290, -1,
      168, 290, 210, -1,
    ]
  }
}

Shape {
  appearance Appearance {
    material Material {
      diffuseColor 0.2510 0.2510 0.2510
      specularColor 0.1255 0.1255 0.1255
      ambientIntensity 0.2
      transparency 0.0000
      shininess 0.5
    }
  }
  geometry IndexedFaceSet {
    ccw TRUE
    solid FALSE
    coord DEF co Coordinate {
      point [
        1.538739 1.437008 -1.946438,
        1.531950 1.437008 -1.947070,
        1.523037 1.437008 -1.949956,
        1.515233 1.437008 -1.954894,
        1.508928 1.437008 -1.961526,
        1.504572 1.437008 -1.969193,
        1.502149 1.437008 -1.977869,
        1.501915 1.437008 -1.987072,
        1.504027 1.437008 -1.996219,
        1.508319 1.437008 -2.004465,
        1.514433 1.437008 -2.011326,
        1.521741 1.437008 -2.016323,
        1.530033 1.437008 -2.019421,
        1.538739 1.437008 -2.020445,
        1.546781 1.437008 -2.019555,
        1.555579 1.437008 -2.016367,
        1.563189 1.437008 -2.011187,
        1.569276 1.437008 -2.004340,
        1.573367 1.437008 -1.996535,
        1.575491 1.437008 -1.987804,
        1.575491 1.437008 -1.979078,
        1.573227 1.437008 -1.969983,
        1.568757 1.437008 -1.961807,
        1.563202 1.437008 -1.955707,
        1.555702 1.437008 -1.950580,
        1.547371 1.437008 -1.947465,
      ]
    }
    coordIndex [
      12, 1, 13, -1,
      13, 1, 0, -1,
      13, 0, 25, -1,
      10, 4, 3, -1,
      25, 24, 13, -1,
      13, 24, 23, -1,
      13, 23, 14, -1,
      14, 23, 22, -1,
      14, 22, 21, -1,
      21, 20, 14, -1,
      14, 20, 19, -1,
      14, 19, 18, -1,
      18, 17, 14, -1,
      14, 17, 16, -1,
      14, 16, 15, -1,
      12, 11, 1, -1,
      1, 11, 10, -1,
      1, 10, 2, -1,
      2, 10, 3, -1,
      8, 7, 9, -1,
      9, 7, 6, -1,
      9, 6, 10, -1,
      10, 6, 5, -1,
      10, 5, 4, -1,
    ]
  }
}
