#VRML V2.0 utf8

Shape {
  appearance Appearance {
    material Material {
      diffuseColor 0.5020 0.5020 0.5020
      specularColor 0.2510 0.2510 0.2510
      ambientIntensity 0.2
      transparency 0.0000
      shininess 0.5
    }
  }
  geometry IndexedFaceSet {
    ccw TRUE
    solid FALSE
    coord DEF co Coordinate {
      point [
        -1.125124 -1.865513 2.480315,
        -1.126425 -1.865641 2.480315,
        -1.098152 -1.865641 2.480315,
        -2.303150 -2.342520 2.480315,
        -2.176683 -2.342520 2.480315,
        -2.176683 -1.913217 2.480315,
        -1.215911 -1.554062 2.480315,
        -1.206953 -1.552976 2.480315,
        -1.254683 -1.552976 2.480315,
        -1.185076 -1.674370 2.480315,
        -1.192783 -1.675107 2.480315,
        -1.153046 -1.675107 2.480315,
        -1.481598 -1.647654 2.480315,
        -1.458439 -1.667245 2.480315,
        -1.377487 -1.552976 2.480315,
        -1.377487 -1.675107 2.480315,
        -1.591558 -1.542560 2.480315,
        -1.576452 -1.552976 2.480315,
        -1.557320 -1.566169 2.480315,
        -1.528307 -1.599994 2.480315,
        -1.511208 -1.633629 2.480315,
        -1.507010 -1.635041 2.480315,
        -1.752532 -1.540828 2.480315,
        -1.712980 -1.526307 2.480315,
        -2.176683 2.342520 2.480315,
        -1.377487 2.342520 2.480315,
        -1.673454 -1.521764 2.480315,
        -1.634026 -1.526413 2.480315,
        -1.772490 -1.552976 2.480315,
        -2.176683 -1.552976 2.480315,
        -1.775926 -1.555068 2.480315,
        -2.176683 -1.675107 2.480315,
        -1.959350 -1.675107 2.480315,
        -1.951867 -1.658231 2.480315,
        -1.931341 -1.631921 2.480315,
        -1.866776 -1.595087 2.480315,
        -1.833139 -1.590932 2.480315,
        -1.795993 -1.572253 2.480315,
        -1.823319 -1.591466 2.480315,
        -1.813499 -1.592641 2.480315,
        -1.925570 -1.626460 2.480315,
        -1.898409 -1.607368 2.480315,
        -1.908944 -1.845082 2.480315,
        -1.935611 -1.822348 2.480315,
        -2.176683 -1.865641 2.480315,
        -1.878080 -1.860110 2.480315,
        -1.955115 -1.794498 2.480315,
        -1.967346 -1.762707 2.480315,
        -2.176683 -1.710321 2.480315,
        -1.971476 -1.729269 2.480315,
        -1.971234 -1.721065 2.480315,
        -1.969313 -1.710321 2.480315,
        -1.965497 -1.688972 2.480315,
        -1.867296 -1.863336 2.480315,
        -1.866219 -1.865641 2.480315,
        -1.858728 -1.881666 2.480315,
        -1.846026 -1.897337 2.480315,
        -1.829320 -1.909926 2.480315,
        -1.377487 -2.342520 2.480315,
        -1.765498 -1.918856 2.480315,
        -1.786173 -1.921403 2.480315,
        -1.789454 -1.921342 2.480315,
        -1.809616 -1.918201 2.480315,
        -1.821483 -1.913217 2.480315,
        -1.706160 -1.865641 2.480315,
        -1.706243 -1.865988 2.480315,
        -1.377487 -1.913217 2.480315,
        -1.716348 -1.885018 2.480315,
        -1.729446 -1.899702 2.480315,
        -1.746453 -1.911539 2.480315,
        -1.750820 -1.913217 2.480315,
        -1.430574 -1.717620 2.480315,
        -1.426669 -1.745494 2.480315,
        -1.377487 -1.710321 2.480315,
        -1.597122 -1.815264 2.480315,
        -1.591263 -1.812950 2.480315,
        -1.581230 -1.764280 2.480315,
        -1.458264 -1.826617 2.480315,
        -1.481501 -1.846287 2.480315,
        -1.377487 -1.865641 2.480315,
        -1.722128 -1.778797 2.480315,
        -1.607702 -1.719022 2.480315,
        -1.737056 -1.765206 2.480315,
        -1.755177 -1.755495 2.480315,
        -1.602374 -1.818986 2.480315,
        -1.441316 -1.803008 2.480315,
        -1.480032 -1.738848 2.480315,
        -1.484047 -1.722448 2.480315,
        -1.490587 -1.710321 2.480315,
        -1.915554 -1.710321 2.480315,
        -1.430588 -1.775974 2.480315,
        -1.584646 -1.812100 2.480315,
        -1.583815 -1.812161 2.480315,
        -1.581253 -1.812728 2.480315,
        -1.910529 -1.761632 2.480315,
        -1.900363 -1.778929 2.480315,
        -1.857006 -1.787767 2.480315,
        -1.885054 -1.794659 2.480315,
        -1.866443 -1.806123 2.480315,
        -1.825429 -1.759493 2.480315,
        -1.842889 -1.771625 2.480315,
        -1.917678 -1.727561 2.480315,
        -1.916655 -1.740734 2.480315,
        -1.806567 -1.752277 2.480315,
        -1.786173 -1.749763 2.480315,
        -1.775790 -1.750379 2.480315,
        -1.611117 -1.838572 2.480315,
        -1.610901 -1.835202 2.480315,
        -1.700780 -1.827471 2.480315,
        -1.609186 -1.828703 2.480315,
        -1.605902 -1.822877 2.480315,
        -1.496948 -1.791517 2.480315,
        -1.487551 -1.778198 2.480315,
        -1.481664 -1.762980 2.480315,
        -1.479613 -1.746348 2.480315,
        -1.591164 -1.864269 2.480315,
        -1.596813 -1.862045 2.480315,
        -1.602351 -1.858108 2.480315,
        -1.604336 -1.856087 2.480315,
        -1.608058 -1.850723 2.480315,
        -1.610307 -1.844933 2.480315,
        -1.701244 -1.844909 2.480315,
        -1.700780 -1.836010 2.480315,
        -1.507556 -1.859036 2.480315,
        -1.535972 -1.865044 2.480315,
        -1.586354 -1.865044 2.480315,
        -1.579522 -1.812954 2.480315,
        -1.541095 -1.812954 2.480315,
        -1.525757 -1.810014 2.480315,
        -1.510691 -1.803031 2.480315,
        -1.498067 -1.792718 2.480315,
        -1.553050 -1.679741 2.480315,
        -1.907814 -1.687841 2.480315,
        -1.915131 -1.706886 2.480315,
        -1.546219 -1.679741 2.480315,
        -1.491992 -1.707718 2.480315,
        -1.501826 -1.696738 2.480315,
        -1.515069 -1.687488 2.480315,
        -1.529972 -1.681746 2.480315,
        -1.571462 -1.628434 2.480315,
        -1.590726 -1.605426 2.480315,
        -1.787027 -1.654977 2.480315,
        -1.592872 -1.603471 2.480315,
        -1.616864 -1.586821 2.480315,
        -1.773982 -1.627967 2.480315,
        -1.898951 -1.675107 2.480315,
        -1.793103 -1.651654 2.480315,
        -1.554069 -1.675107 2.480315,
        -1.558283 -1.655946 2.480315,
        -1.812250 -1.644652 2.480315,
        -1.832285 -1.642168 2.480315,
        -1.841183 -1.642632 2.480315,
        -1.754830 -1.605086 2.480315,
        -1.643642 -1.576560 2.480315,
        -1.731933 -1.588356 2.480315,
        -1.672600 -1.573000 2.480315,
        -1.704037 -1.577049 2.480315,
        -1.862263 -1.647631 2.480315,
        -1.881293 -1.657736 2.480315,
        -1.895977 -1.670834 2.480315,
        -1.452799 -1.675107 2.480315,
        -1.441011 -1.691540 2.480315,
        -1.433495 -1.710321 2.480315,
        -0.875673 -1.641243 2.480315,
        -0.919745 -1.641243 2.480315,
        -0.863423 -1.674094 2.480315,
        -0.919745 -1.675107 2.480315,
        -0.846292 -1.674094 2.480315,
        -0.892037 -1.553989 2.480315,
        2.381890 -1.675107 2.480315,
        2.381890 -1.552976 2.480315,
        -0.925686 -1.641243 2.480315,
        -0.937230 -1.674094 2.480315,
        -0.957693 -1.675107 2.480315,
        -0.954361 -1.674094 2.480315,
        -0.957693 -1.552976 2.480315,
        -0.919745 -1.583209 2.480315,
        -0.919745 -1.552976 2.480315,
        -0.908616 -1.553989 2.480315,
        -1.098152 -1.619998 2.480315,
        -1.130588 -1.619998 2.480315,
        -1.098152 -1.660401 2.480315,
        -1.130588 -1.660401 2.480315,
        -1.070152 -1.552976 2.480315,
        -1.098152 -1.552976 2.480315,
        -1.084229 -1.553989 2.480315,
        -1.098152 -1.553989 2.480315,
        -1.084229 -1.567805 2.480315,
        -1.081496 -1.660401 2.480315,
        -1.070152 -1.675107 2.480315,
        -1.081496 -1.674094 2.480315,
        -1.098152 -1.675107 2.480315,
        -1.087637 -1.619998 2.480315,
        -1.087637 -1.606243 2.480315,
        -1.098152 -1.606243 2.480315,
        -1.098152 -1.567805 2.480315,
        -1.130588 -1.567805 2.480315,
        -1.130588 -1.606243 2.480315,
        -1.146092 -1.553989 2.480315,
        -1.153046 -1.552976 2.480315,
        -1.146092 -1.674094 2.480315,
        -1.182865 -1.553199 2.480315,
        -1.170131 -1.556876 2.480315,
        -1.098152 -1.674094 2.480315,
        -1.170131 -1.573086 2.480315,
        -1.172181 -1.670141 2.480315,
        -1.198438 -1.565963 2.480315,
        -1.203872 -1.566219 2.480315,
        -1.211875 -1.661173 2.480315,
        -1.201140 -1.662304 2.480315,
        -1.195565 -1.662098 2.480315,
        -1.171469 -1.572364 2.480315,
        -1.181976 -1.659576 2.480315,
        -1.170131 -1.654261 2.480315,
        -1.170131 -1.669120 2.480315,
        -1.228757 -1.652768 2.480315,
        -1.243608 -1.620531 2.480315,
        -1.231995 -1.649656 2.480315,
        -1.241578 -1.632387 2.480315,
        -1.237598 -1.641977 2.480315,
        -1.183652 -1.567728 2.480315,
        -1.214212 -1.568381 2.480315,
        -1.223580 -1.572917 2.480315,
        -1.231166 -1.579287 2.480315,
        -1.232009 -1.580212 2.480315,
        -1.237807 -1.588566 2.480315,
        -1.241822 -1.598952 2.480315,
        -1.243784 -1.615392 2.480315,
        -1.220669 -1.658109 2.480315,
        -1.198592 -1.551963 2.480315,
        -1.185698 -1.552976 2.480315,
        -1.254683 2.342520 2.480315,
        -1.153046 2.342520 2.480315,
        -1.251416 -1.581020 2.480315,
        -1.242710 -1.569647 2.480315,
        -1.239716 -1.566792 2.480315,
        -1.228469 -1.558925 2.480315,
        -1.254683 -1.643568 2.480315,
        -1.257704 -1.635802 2.480315,
        -1.261883 -1.675107 2.480315,
        -1.260056 -1.616313 2.480315,
        -1.259845 -1.610041 2.480315,
        -1.261883 -1.552976 2.480315,
        -1.257121 -1.594361 2.480315,
        -1.254683 -1.588662 2.480315,
        -1.254683 -1.675107 2.480315,
        -1.225356 -1.672503 2.480315,
        -1.236458 -1.666776 2.480315,
        -1.244644 -1.659726 2.480315,
        -1.245666 -1.658609 2.480315,
        -1.252824 -1.648348 2.480315,
        -1.214511 -1.675107 2.480315,
        -1.254683 -1.710321 2.480315,
        -1.212678 -1.675547 2.480315,
        -1.203381 -1.676120 2.480315,
        -1.153046 -1.710321 2.480315,
        2.303150 2.342520 2.480315,
        2.381890 2.263780 2.480315,
        2.323529 2.339837 2.480315,
        2.371341 2.303150 2.480315,
        2.358827 2.319457 2.480315,
        2.342520 2.331970 2.480315,
        2.379207 2.284159 2.480315,
        2.352243 -2.325341 2.480315,
        2.364711 -2.312873 2.480315,
        2.374092 -2.297944 2.480315,
        2.320671 -2.340545 2.480315,
        2.381890 -2.263780 2.480315,
        2.303150 -2.342520 2.480315,
        2.381890 -1.913217 2.480315,
        -0.919745 -2.342520 2.480315,
        2.337314 -2.334722 2.480315,
        2.379916 -2.281301 2.480315,
        -2.337314 -2.334722 2.480315,
        -2.381890 -2.263780 2.480315,
        -2.379916 -2.281301 2.480315,
        -2.374092 -2.297944 2.480315,
        -2.364711 -2.312873 2.480315,
        -2.352243 -2.325341 2.480315,
        -2.379916 2.281301 2.480315,
        -2.381890 2.263780 2.480315,
        -2.303150 2.342520 2.480315,
        -2.352243 2.325341 2.480315,
        -2.337314 2.334722 2.480315,
        -2.320671 2.340545 2.480315,
        -2.364711 2.312873 2.480315,
        -2.374092 2.297944 2.480315,
        -0.964298 -1.634230 2.480315,
        -0.970215 -1.646650 2.480315,
        -1.003791 -1.552976 2.480315,
        -1.003791 -1.556897 2.480315,
        -0.991710 -1.561310 2.480315,
        -1.003791 -1.670985 2.480315,
        -1.003791 -1.675107 2.480315,
        -0.991737 -1.666293 2.480315,
        -0.979137 -1.657269 2.480315,
        -0.979137 -1.569893 2.480315,
        -0.974873 -1.574067 2.480315,
        -0.967445 -1.584548 2.480315,
        -0.963011 -1.596011 2.480315,
        -0.961024 -1.612507 2.480315,
        -0.961385 -1.620170 2.480315,
        -1.024545 -1.553989 2.480315,
        -1.006205 -1.556015 2.480315,
        -1.005440 -1.671628 2.480315,
        -1.025773 -1.674094 2.480315,
        -1.058808 -1.674094 2.480315,
        -1.058808 -1.553989 2.480315,
        -1.208216 -1.863572 2.480315,
        -1.213911 -1.865641 2.480315,
        -1.195430 -1.864628 2.480315,
        -1.243122 -1.823609 2.480315,
        -1.240929 -1.799479 2.480315,
        -1.246162 -1.827892 2.480315,
        -1.248261 -1.833172 2.480315,
        -1.203019 -1.860129 2.480315,
        -1.231108 -1.865609 2.480315,
        -1.236876 -1.863434 2.480315,
        -1.254683 -1.865641 2.480315,
        -1.246740 -1.853592 2.480315,
        -1.248564 -1.848508 2.480315,
        -1.240929 -1.784865 2.480315,
        -1.237781 -1.783043 2.480315,
        -1.195933 -1.779650 2.480315,
        -1.157523 -1.791774 2.480315,
        -1.154728 -1.787707 2.480315,
        -1.238457 -1.819629 2.480315,
        -1.231948 -1.816359 2.480315,
        -1.231860 -1.793582 2.480315,
        -1.220850 -1.813663 2.480315,
        -1.207710 -1.789635 2.480315,
        -1.212807 -1.789102 2.480315,
        -1.222474 -1.790190 2.480315,
        -1.241942 -1.859899 2.480315,
        -1.243611 -1.858209 2.480315,
        -1.195430 -1.851364 2.480315,
        -1.195829 -1.851364 2.480315,
        -1.198257 -1.855046 2.480315,
        -1.226587 -1.778718 2.480315,
        -1.211394 -1.776882 2.480315,
        -1.202256 -1.777716 2.480315,
        -1.249311 -1.841663 2.480315,
        -1.249257 -1.839613 2.480315,
        -1.190944 -1.782518 2.480315,
        -1.186941 -1.786368 2.480315,
        -1.159314 -1.796617 2.480315,
        -1.183872 -1.791247 2.480315,
        -1.181526 -1.798129 2.480315,
        -1.195430 -1.810102 2.480315,
        -1.195953 -1.803450 2.480315,
        -1.197508 -1.798093 2.480315,
        -1.199276 -1.794995 2.480315,
        -1.153179 -1.818140 2.480315,
        -1.160000 -1.846083 2.480315,
        -1.153046 -1.818228 2.480315,
        -1.154171 -1.849694 2.480315,
        -1.153046 -1.850119 2.480315,
        -1.155641 -1.815567 2.480315,
        -1.157602 -1.812431 2.480315,
        -1.180386 -1.809426 2.480315,
        -1.159261 -1.807837 2.480315,
        -1.159908 -1.801996 2.480315,
        -1.201550 -1.792576 2.480315,
        -1.204221 -1.790854 2.480315,
        -1.214308 -1.865785 2.480315,
        -1.153046 -1.913217 2.480315,
        -1.254683 -1.913217 2.480315,
        -1.222109 -1.866654 2.480315,
        -1.230834 -1.865641 2.480315,
        -1.160000 -1.861619 2.480315,
        -1.180386 -1.864628 2.480315,
        -1.153046 -1.864163 2.480315,
        -1.153046 -1.865641 2.480315,
        -1.150599 -1.865058 2.480315,
        -1.145534 -1.865641 2.480315,
        -1.136728 -1.866654 2.480315,
        -1.106180 -1.780689 2.480315,
        -1.106180 -1.795304 2.480315,
        -1.150268 -1.783698 2.480315,
        -1.145578 -1.780920 2.480315,
        -1.102782 -1.847339 2.480315,
        -1.104629 -1.852106 2.480315,
        -1.107433 -1.856074 2.480315,
        -1.153046 -1.786196 2.480315,
        -1.137264 -1.778016 2.480315,
        -1.126505 -1.776882 2.480315,
        -1.098152 -1.710321 2.480315,
        -1.116167 -1.777779 2.480315,
        -1.107101 -1.827110 2.480315,
        -1.104293 -1.831254 2.480315,
        -1.102688 -1.835690 2.480315,
        -1.102066 -1.841294 2.480315,
        -1.111737 -1.859838 2.480315,
        -1.116728 -1.862734 2.480315,
        -1.127978 -1.789102 2.480315,
        -1.132431 -1.789435 2.480315,
        -1.144404 -1.800645 2.480315,
        -1.136456 -1.790501 2.480315,
        -1.139829 -1.792294 2.480315,
        -1.144267 -1.802646 2.480315,
        -1.143670 -1.804983 2.480315,
        -1.142586 -1.807013 2.480315,
        -1.141119 -1.808628 2.480315,
        -1.135815 -1.811944 2.480315,
        -1.118118 -1.790220 2.480315,
        -1.126505 -1.815996 2.480315,
        -1.109631 -1.793327 2.480315,
        -1.120680 -1.818353 2.480315,
        -1.110688 -1.823909 2.480315,
        -1.142099 -1.794300 2.480315,
        -1.143389 -1.796215 2.480315,
        -1.144131 -1.798246 2.480315,
        -1.144742 -1.853257 2.480315,
        -1.137128 -1.826926 2.480315,
        -1.146094 -1.822816 2.480315,
        -1.135255 -1.854373 2.480315,
        -1.134590 -1.854369 2.480315,
        -1.127249 -1.831063 2.480315,
        -1.126878 -1.853505 2.480315,
        -1.117509 -1.842768 2.480315,
        -1.117656 -1.840896 2.480315,
        -1.122996 -1.852084 2.480315,
        -1.121625 -1.851252 2.480315,
        -1.119898 -1.849719 2.480315,
        -1.118585 -1.847777 2.480315,
        -1.117821 -1.845638 2.480315,
        -1.118340 -1.838547 2.480315,
        -1.119503 -1.836553 2.480315,
        -1.121378 -1.834601 2.480315,
        -1.027492 -1.778847 2.480315,
        -1.011896 -1.778847 2.480315,
        -1.003791 -1.710321 2.480315,
        -1.055001 -1.843320 2.480315,
        -1.053159 -1.850382 2.480315,
        -1.052759 -1.850382 2.480315,
        -1.070152 -1.710321 2.480315,
        -1.070152 -1.799735 2.480315,
        -1.050917 -1.843443 2.480315,
        -1.052069 -1.847442 2.480315,
        -1.070152 -1.865641 2.480315,
        -1.070152 -1.840115 2.480315,
        -1.094237 -1.778847 2.480315,
        -1.077413 -1.778847 2.480315,
        -1.060589 -1.864443 2.480315,
        -1.061095 -1.865641 2.480315,
        -1.067189 -1.880039 2.480315,
        -1.098152 -1.913217 2.480315,
        -1.091137 -1.903802 2.480315,
        -1.091137 -1.890417 2.480315,
        -1.072966 -1.888607 2.480315,
        -1.070163 -1.885483 2.480315,
        -1.070152 -1.885462 2.480315,
        -1.088059 -1.891425 2.480315,
        -1.082602 -1.892136 2.480315,
        -1.070152 -1.902349 2.480315,
        -1.075357 -1.904332 2.480315,
        -1.070152 -1.913217 2.480315,
        -1.081435 -1.905031 2.480315,
        -1.084756 -1.904911 2.480315,
        -1.078869 -1.891702 2.480315,
        -1.075587 -1.890438 2.480315,
        -1.050825 -1.877583 2.480315,
        -1.057636 -1.890847 2.480315,
        -1.003791 -1.913217 2.480315,
        -1.046117 -1.865641 2.480315,
        -1.063141 -1.897457 2.480315,
        -1.064167 -1.898398 2.480315,
        -1.069421 -1.902070 2.480315,
        -0.957693 -1.810531 2.480315,
        -0.980181 -1.810531 2.480315,
        -0.957693 -1.850935 2.480315,
        -0.980181 -1.850935 2.480315,
        -0.933822 -1.744523 2.480315,
        -0.933822 -1.758339 2.480315,
        -0.919745 -1.710321 2.480315,
        -0.931089 -1.850935 2.480315,
        -0.919745 -1.865641 2.480315,
        -0.931089 -1.864628 2.480315,
        -0.957693 -1.865641 2.480315,
        -0.937230 -1.810531 2.480315,
        -0.937230 -1.796777 2.480315,
        -0.957693 -1.796777 2.480315,
        -0.957693 -1.758339 2.480315,
        -0.980181 -1.758339 2.480315,
        -0.980181 -1.796777 2.480315,
        -0.957693 -1.864628 2.480315,
        -0.995685 -1.864628 2.480315,
        -1.003791 -1.865641 2.480315,
        -0.995685 -1.744523 2.480315,
        -0.957693 -1.744523 2.480315,
        -0.957693 -1.710321 2.480315,
        -0.919745 2.342520 2.480315,
        -0.957693 2.342520 2.480315,
        -1.003791 2.342520 2.480315,
        -1.070152 2.342520 2.480315,
        -1.098152 2.342520 2.480315,
        -1.261883 2.342520 2.480315,
        -1.264969 -1.660401 2.480315,
        -1.264969 -1.674094 2.480315,
        -1.328306 -1.674094 2.480315,
        -1.328306 -1.553989 2.480315,
        -1.312802 -1.553989 2.480315,
        -1.312802 -1.660401 2.480315,
        -1.261883 -1.710321 2.480315,
        -0.786823 -1.864628 2.480315,
        -0.803955 -1.864628 2.480315,
        -0.713017 -1.864628 2.480315,
        -0.725267 -1.831777 2.480315,
        -0.775279 -1.831777 2.480315,
        -0.695885 -1.864628 2.480315,
        2.381890 -1.865641 2.480315,
        2.381890 -1.710321 2.480315,
        -0.741630 -1.744523 2.480315,
        -0.813891 -1.824763 2.480315,
        -0.810979 -1.810704 2.480315,
        -0.758209 -1.744523 2.480315,
        -0.810617 -1.803040 2.480315,
        -0.812604 -1.786544 2.480315,
        -0.819808 -1.837184 2.480315,
        -0.828731 -1.847803 2.480315,
        -0.841330 -1.856826 2.480315,
        -0.908401 -1.744523 2.480315,
        -0.908401 -1.864628 2.480315,
        -0.875366 -1.864628 2.480315,
        -0.855033 -1.862161 2.480315,
        -0.828731 -1.760426 2.480315,
        -0.824466 -1.764601 2.480315,
        -0.817039 -1.775081 2.480315,
        -0.874138 -1.744523 2.480315,
        -0.855798 -1.746548 2.480315,
        -0.841304 -1.751844 2.480315,
        -1.261883 -1.865641 2.480315,
        -1.328306 -1.864628 2.480315,
        -1.263710 -1.864628 2.480315,
        -1.263710 -1.850935 2.480315,
        -1.266442 -1.758339 2.480315,
        -1.328306 -1.744523 2.480315,
        -1.266442 -1.744523 2.480315,
        -1.312802 -1.810531 2.480315,
        -1.312802 -1.850935 2.480315,
        -1.269850 -1.810531 2.480315,
        -1.269850 -1.796777 2.480315,
        -1.312802 -1.796777 2.480315,
        -1.312802 -1.758339 2.480315,
        -0.957693 -1.913217 2.480315,
        -0.919745 -1.913217 2.480315,
        -1.261883 -1.913217 2.480315,
        -2.320671 -2.340545 2.480315,
        -2.381890 -1.913217 2.480315,
        -2.381890 -1.865641 2.480315,
        -2.381890 -1.710321 2.480315,
        -2.381890 -1.675107 2.480315,
        -2.381890 -1.552976 2.480315,
        -0.957693 -2.342520 2.480315,
        -1.003791 -2.342520 2.480315,
        -1.070152 -2.342520 2.480315,
        -1.098152 -2.342520 2.480315,
        -1.153046 -2.342520 2.480315,
        -1.254683 -2.342520 2.480315,
        -1.261883 -2.342520 2.480315,
        -2.500000 0.193850 1.338583,
        -2.500000 0.193850 1.002107,
        -2.500000 -0.193850 1.002107,
        -2.500000 2.263780 2.401575,
        -2.500000 -0.193850 1.338583,
        -2.500000 -2.263780 2.401575,
        -2.500000 -0.925197 1.338583,
        -2.500000 2.263780 0.039370,
        -2.500000 1.102362 0.039370,
        -2.500000 0.984252 0.157480,
        -2.500000 0.925197 1.338583,
        -2.500000 0.925197 0.157480,
        -2.500000 -1.102362 0.039370,
        -2.500000 -2.263780 0.039370,
        -2.500000 -0.984252 0.157480,
        -2.500000 -0.925197 0.157480,
        2.500000 -0.984252 0.157480,
        2.500000 -0.925197 0.157480,
        2.500000 -0.925197 1.338583,
        2.500000 -2.263780 2.401575,
        2.500000 -2.263780 0.039370,
        2.500000 -1.102362 0.039370,
        2.500000 -0.193850 1.338583,
        2.500000 -0.193850 1.002107,
        2.500000 0.193850 1.002107,
        2.500000 0.193850 1.338583,
        2.500000 0.925197 1.338583,
        2.500000 2.263780 2.401575,
        2.500000 1.102362 0.039370,
        2.500000 2.263780 0.039370,
        2.500000 0.984252 0.157480,
        2.500000 0.925197 0.157480,
        2.303150 2.460630 0.039370,
        -2.303150 2.460630 0.039370,
        2.303150 2.460630 2.401575,
        -2.303150 2.460630 2.401575,
        -2.303150 -2.460630 0.039370,
        2.303150 -2.460630 0.039370,
        -2.303150 -2.460630 2.401575,
        2.303150 -2.460630 2.401575,
        -2.493293 -2.314728 0.039370,
        -2.493293 -2.314728 2.401575,
        -2.473627 -2.362205 0.039370,
        -2.473627 -2.362205 2.401575,
        -2.442344 -2.402974 0.039370,
        -2.442344 -2.402974 2.401575,
        -2.401575 -2.434257 0.039370,
        -2.401575 -2.434257 2.401575,
        -2.354098 -2.453922 0.039370,
        -2.354098 -2.453922 2.401575,
        -2.354098 2.453922 0.039370,
        -2.354098 2.453922 2.401575,
        -2.401575 2.434257 0.039370,
        -2.401575 2.434257 2.401575,
        -2.442344 2.402974 0.039370,
        -2.442344 2.402974 2.401575,
        -2.473627 2.362205 0.039370,
        -2.473627 2.362205 2.401575,
        -2.493293 2.314728 0.039370,
        -2.493293 2.314728 2.401575,
        2.354098 -2.453922 0.039370,
        2.354098 -2.453922 2.401575,
        2.401575 -2.434257 0.039370,
        2.401575 -2.434257 2.401575,
        2.442344 -2.402974 0.039370,
        2.442344 -2.402974 2.401575,
        2.473627 -2.362205 0.039370,
        2.473627 -2.362205 2.401575,
        2.493293 -2.314728 0.039370,
        2.493293 -2.314728 2.401575,
        2.493293 2.314728 0.039370,
        2.493293 2.314728 2.401575,
        2.473627 2.362205 0.039370,
        2.473627 2.362205 2.401575,
        2.442344 2.402974 0.039370,
        2.442344 2.402974 2.401575,
        2.401575 2.434257 0.039370,
        2.401575 2.434257 2.401575,
        2.354098 2.453922 0.039370,
        2.354098 2.453922 2.401575,
      ]
    }
    coordIndex [
      0, 1, 2, -1,
      3, 4, 5, -1,
      6, 7, 8, -1,
      9, 10, 11, -1,
      12, 13, 14, -1,
      14, 13, 15, -1,
      16, 17, 14, -1,
      14, 17, 18, -1,
      14, 18, 19, -1,
      19, 20, 14, -1,
      14, 20, 21, -1,
      14, 21, 12, -1,
      22, 23, 24, -1,
      24, 23, 25, -1,
      25, 23, 26, -1,
      25, 26, 27, -1,
      22, 24, 28, -1,
      28, 24, 29, -1,
      28, 29, 30, -1,
      31, 32, 29, -1,
      29, 32, 33, -1,
      29, 33, 34, -1,
      29, 35, 30, -1,
      30, 35, 36, -1,
      30, 36, 37, -1,
      37, 36, 38, -1,
      37, 38, 39, -1,
      34, 40, 29, -1,
      29, 40, 41, -1,
      29, 41, 35, -1,
      42, 43, 44, -1,
      42, 44, 45, -1,
      43, 46, 44, -1,
      44, 46, 47, -1,
      44, 47, 48, -1,
      48, 47, 49, -1,
      49, 50, 48, -1,
      48, 50, 51, -1,
      48, 51, 31, -1,
      31, 51, 52, -1,
      31, 52, 32, -1,
      53, 45, 54, -1,
      54, 45, 44, -1,
      54, 44, 55, -1,
      55, 44, 5, -1,
      55, 5, 56, -1,
      56, 5, 57, -1,
      58, 59, 60, -1,
      58, 60, 4, -1,
      60, 61, 4, -1,
      4, 61, 62, -1,
      4, 62, 5, -1,
      5, 62, 63, -1,
      5, 63, 57, -1,
      64, 65, 66, -1,
      66, 65, 67, -1,
      67, 68, 66, -1,
      66, 68, 69, -1,
      66, 69, 70, -1,
      71, 72, 73, -1,
      74, 75, 76, -1,
      77, 78, 79, -1,
      80, 81, 82, -1,
      82, 81, 83, -1,
      74, 76, 84, -1,
      77, 79, 85, -1,
      86, 87, 81, -1,
      81, 87, 88, -1,
      81, 88, 89, -1,
      73, 72, 79, -1,
      79, 72, 90, -1,
      79, 90, 85, -1,
      75, 91, 76, -1,
      76, 91, 92, -1,
      76, 92, 93, -1,
      94, 95, 96, -1,
      96, 95, 97, -1,
      96, 97, 98, -1,
      99, 89, 100, -1,
      100, 89, 101, -1,
      100, 101, 96, -1,
      96, 101, 102, -1,
      96, 102, 94, -1,
      99, 103, 89, -1,
      89, 103, 104, -1,
      89, 104, 81, -1,
      81, 104, 105, -1,
      81, 105, 83, -1,
      106, 107, 108, -1,
      108, 107, 109, -1,
      108, 109, 76, -1,
      76, 109, 110, -1,
      76, 110, 84, -1,
      111, 112, 76, -1,
      76, 112, 113, -1,
      76, 113, 81, -1,
      81, 113, 114, -1,
      81, 114, 86, -1,
      115, 116, 64, -1,
      64, 116, 117, -1,
      64, 117, 118, -1,
      118, 119, 64, -1,
      64, 119, 120, -1,
      64, 120, 121, -1,
      121, 120, 106, -1,
      121, 106, 122, -1,
      122, 106, 108, -1,
      78, 123, 79, -1,
      79, 123, 124, -1,
      79, 124, 64, -1,
      64, 124, 125, -1,
      64, 125, 115, -1,
      93, 126, 76, -1,
      76, 126, 127, -1,
      76, 127, 128, -1,
      128, 129, 76, -1,
      76, 129, 130, -1,
      76, 130, 111, -1,
      131, 132, 133, -1,
      133, 89, 131, -1,
      131, 89, 88, -1,
      131, 88, 134, -1,
      134, 88, 135, -1,
      135, 136, 134, -1,
      134, 136, 137, -1,
      134, 137, 138, -1,
      139, 140, 141, -1,
      140, 142, 141, -1,
      141, 142, 143, -1,
      141, 143, 144, -1,
      145, 141, 146, -1,
      132, 131, 145, -1,
      145, 131, 147, -1,
      145, 147, 141, -1,
      141, 147, 148, -1,
      141, 148, 139, -1,
      146, 149, 145, -1,
      145, 149, 150, -1,
      145, 150, 151, -1,
      144, 143, 152, -1,
      152, 143, 153, -1,
      152, 153, 154, -1,
      154, 153, 155, -1,
      154, 155, 156, -1,
      157, 158, 151, -1,
      151, 158, 159, -1,
      151, 159, 145, -1,
      13, 160, 15, -1,
      15, 160, 161, -1,
      15, 161, 73, -1,
      73, 161, 162, -1,
      73, 162, 71, -1,
      163, 164, 165, -1,
      165, 164, 166, -1,
      165, 166, 167, -1,
      168, 169, 170, -1,
      164, 171, 166, -1,
      166, 171, 172, -1,
      166, 172, 173, -1,
      173, 172, 174, -1,
      173, 174, 175, -1,
      175, 174, 176, -1,
      175, 176, 177, -1,
      177, 176, 178, -1,
      179, 180, 181, -1,
      181, 180, 182, -1,
      183, 184, 185, -1,
      185, 184, 186, -1,
      185, 187, 183, -1,
      183, 187, 188, -1,
      183, 188, 189, -1,
      189, 188, 190, -1,
      189, 190, 191, -1,
      179, 181, 192, -1,
      192, 181, 188, -1,
      192, 188, 193, -1,
      193, 188, 187, -1,
      193, 187, 194, -1,
      187, 195, 194, -1,
      194, 195, 196, -1,
      194, 196, 197, -1,
      186, 184, 198, -1,
      198, 184, 199, -1,
      198, 199, 200, -1,
      201, 202, 199, -1,
      190, 203, 191, -1,
      191, 203, 200, -1,
      191, 200, 11, -1,
      11, 200, 199, -1,
      11, 199, 204, -1,
      204, 199, 202, -1,
      9, 11, 205, -1,
      206, 207, 208, -1,
      209, 210, 211, -1,
      211, 210, 212, -1,
      211, 212, 204, -1,
      204, 212, 213, -1,
      204, 213, 11, -1,
      11, 213, 214, -1,
      11, 214, 205, -1,
      215, 216, 217, -1,
      217, 216, 218, -1,
      217, 218, 219, -1,
      209, 211, 208, -1,
      208, 211, 220, -1,
      208, 220, 206, -1,
      207, 221, 208, -1,
      208, 221, 222, -1,
      208, 222, 223, -1,
      223, 224, 208, -1,
      208, 224, 225, -1,
      208, 225, 226, -1,
      226, 227, 208, -1,
      208, 227, 216, -1,
      208, 216, 228, -1,
      228, 216, 215, -1,
      229, 230, 231, -1,
      231, 230, 232, -1,
      8, 233, 234, -1,
      234, 235, 8, -1,
      8, 235, 236, -1,
      8, 236, 6, -1,
      237, 238, 239, -1,
      239, 238, 240, -1,
      240, 241, 242, -1,
      242, 241, 243, -1,
      242, 243, 8, -1,
      8, 243, 244, -1,
      8, 244, 233, -1,
      245, 246, 247, -1,
      247, 248, 245, -1,
      245, 248, 249, -1,
      245, 249, 250, -1,
      246, 245, 251, -1,
      251, 245, 252, -1,
      251, 252, 253, -1,
      253, 252, 254, -1,
      254, 252, 255, -1,
      254, 255, 10, -1,
      178, 168, 177, -1,
      177, 168, 170, -1,
      177, 170, 256, -1,
      256, 170, 257, -1,
      256, 257, 258, -1,
      259, 260, 261, -1,
      258, 257, 261, -1,
      261, 257, 262, -1,
      261, 262, 259, -1,
      263, 264, 265, -1,
      266, 267, 268, -1,
      268, 267, 269, -1,
      268, 269, 270, -1,
      266, 271, 267, -1,
      267, 271, 263, -1,
      267, 263, 272, -1,
      272, 263, 265, -1,
      273, 274, 275, -1,
      275, 276, 273, -1,
      273, 276, 277, -1,
      273, 277, 278, -1,
      279, 280, 281, -1,
      282, 281, 283, -1,
      283, 281, 284, -1,
      282, 285, 281, -1,
      281, 285, 286, -1,
      281, 286, 279, -1,
      287, 288, 173, -1,
      289, 290, 175, -1,
      175, 290, 291, -1,
      292, 293, 294, -1,
      294, 293, 173, -1,
      294, 173, 295, -1,
      295, 173, 288, -1,
      291, 296, 175, -1,
      175, 296, 297, -1,
      175, 297, 298, -1,
      298, 299, 175, -1,
      175, 299, 300, -1,
      175, 300, 173, -1,
      173, 300, 301, -1,
      173, 301, 287, -1,
      183, 302, 289, -1,
      289, 302, 303, -1,
      289, 303, 290, -1,
      292, 304, 293, -1,
      293, 304, 305, -1,
      293, 305, 189, -1,
      189, 305, 306, -1,
      189, 306, 183, -1,
      183, 306, 307, -1,
      183, 307, 302, -1,
      308, 309, 310, -1,
      311, 312, 313, -1,
      313, 312, 314, -1,
      308, 310, 315, -1,
      316, 317, 318, -1,
      318, 319, 320, -1,
      252, 321, 322, -1,
      323, 324, 325, -1,
      311, 326, 312, -1,
      312, 326, 327, -1,
      312, 327, 328, -1,
      328, 327, 329, -1,
      330, 331, 329, -1,
      329, 331, 332, -1,
      329, 332, 328, -1,
      317, 333, 318, -1,
      318, 333, 334, -1,
      318, 334, 319, -1,
      335, 336, 310, -1,
      310, 336, 337, -1,
      310, 337, 315, -1,
      322, 338, 252, -1,
      252, 338, 339, -1,
      252, 339, 340, -1,
      320, 341, 318, -1,
      318, 341, 342, -1,
      318, 342, 252, -1,
      252, 342, 314, -1,
      252, 314, 321, -1,
      321, 314, 312, -1,
      323, 343, 324, -1,
      324, 343, 344, -1,
      324, 344, 345, -1,
      345, 344, 346, -1,
      345, 346, 347, -1,
      348, 349, 329, -1,
      329, 349, 350, -1,
      329, 350, 351, -1,
      352, 353, 354, -1,
      354, 353, 355, -1,
      354, 355, 356, -1,
      357, 358, 359, -1,
      359, 358, 360, -1,
      359, 360, 347, -1,
      347, 360, 361, -1,
      347, 361, 345, -1,
      351, 362, 329, -1,
      329, 362, 363, -1,
      329, 363, 330, -1,
      309, 364, 365, -1,
      365, 364, 366, -1,
      366, 364, 367, -1,
      366, 367, 368, -1,
      352, 357, 353, -1,
      353, 357, 359, -1,
      353, 359, 369, -1,
      369, 359, 370, -1,
      369, 370, 371, -1,
      371, 370, 372, -1,
      371, 372, 373, -1,
      373, 372, 374, -1,
      375, 374, 365, -1,
      365, 374, 372, -1,
      365, 372, 309, -1,
      309, 372, 370, -1,
      309, 370, 310, -1,
      376, 377, 2, -1,
      378, 379, 255, -1,
      380, 381, 2, -1,
      2, 381, 382, -1,
      340, 323, 252, -1,
      252, 323, 325, -1,
      252, 325, 255, -1,
      255, 325, 383, -1,
      255, 383, 378, -1,
      379, 384, 255, -1,
      255, 384, 385, -1,
      255, 385, 386, -1,
      386, 385, 387, -1,
      386, 387, 376, -1,
      388, 389, 377, -1,
      377, 389, 390, -1,
      377, 390, 2, -1,
      2, 390, 391, -1,
      2, 391, 380, -1,
      382, 392, 2, -1,
      2, 392, 393, -1,
      2, 393, 0, -1,
      394, 395, 396, -1,
      396, 395, 397, -1,
      396, 397, 398, -1,
      396, 399, 394, -1,
      394, 399, 400, -1,
      394, 400, 401, -1,
      401, 402, 394, -1,
      394, 402, 403, -1,
      394, 403, 404, -1,
      404, 403, 405, -1,
      404, 405, 406, -1,
      406, 405, 407, -1,
      406, 407, 377, -1,
      377, 407, 408, -1,
      377, 408, 388, -1,
      409, 410, 398, -1,
      398, 410, 411, -1,
      398, 411, 396, -1,
      412, 413, 356, -1,
      356, 413, 414, -1,
      356, 414, 354, -1,
      412, 415, 413, -1,
      413, 415, 416, -1,
      413, 416, 417, -1,
      417, 416, 418, -1,
      417, 419, 420, -1,
      418, 421, 417, -1,
      417, 421, 422, -1,
      417, 422, 423, -1,
      423, 424, 417, -1,
      417, 424, 425, -1,
      417, 425, 419, -1,
      420, 426, 417, -1,
      417, 426, 427, -1,
      417, 427, 428, -1,
      429, 430, 431, -1,
      432, 433, 434, -1,
      431, 435, 429, -1,
      429, 435, 436, -1,
      429, 436, 437, -1,
      437, 436, 432, -1,
      437, 432, 438, -1,
      438, 432, 434, -1,
      439, 440, 2, -1,
      2, 440, 441, -1,
      376, 2, 386, -1,
      386, 2, 441, -1,
      386, 441, 435, -1,
      435, 441, 442, -1,
      435, 442, 436, -1,
      443, 440, 444, -1,
      444, 440, 439, -1,
      444, 439, 445, -1,
      446, 447, 448, -1,
      449, 450, 439, -1,
      439, 450, 451, -1,
      439, 451, 445, -1,
      375, 365, 1, -1,
      1, 365, 446, -1,
      1, 446, 2, -1,
      2, 446, 448, -1,
      2, 448, 439, -1,
      439, 448, 452, -1,
      439, 452, 453, -1,
      454, 455, 456, -1,
      456, 455, 457, -1,
      456, 457, 446, -1,
      446, 457, 458, -1,
      446, 458, 447, -1,
      453, 459, 439, -1,
      439, 459, 460, -1,
      439, 460, 449, -1,
      461, 462, 463, -1,
      461, 463, 464, -1,
      462, 465, 463, -1,
      463, 465, 466, -1,
      463, 466, 456, -1,
      456, 466, 467, -1,
      456, 467, 454, -1,
      468, 469, 470, -1,
      470, 469, 471, -1,
      472, 473, 474, -1,
      474, 473, 475, -1,
      474, 475, 476, -1,
      476, 475, 477, -1,
      476, 477, 478, -1,
      468, 470, 479, -1,
      479, 470, 475, -1,
      479, 475, 480, -1,
      480, 475, 473, -1,
      480, 473, 481, -1,
      473, 482, 481, -1,
      481, 482, 483, -1,
      481, 483, 484, -1,
      477, 485, 478, -1,
      478, 485, 486, -1,
      478, 486, 487, -1,
      487, 486, 488, -1,
      472, 474, 489, -1,
      489, 474, 490, -1,
      489, 490, 488, -1,
      488, 490, 431, -1,
      488, 431, 487, -1,
      487, 431, 430, -1,
      487, 430, 464, -1,
      256, 491, 177, -1,
      177, 491, 492, -1,
      177, 492, 175, -1,
      175, 492, 493, -1,
      175, 493, 289, -1,
      289, 493, 494, -1,
      289, 494, 183, -1,
      183, 494, 495, -1,
      183, 495, 184, -1,
      184, 495, 232, -1,
      184, 232, 199, -1,
      199, 232, 230, -1,
      199, 230, 201, -1,
      25, 242, 496, -1,
      496, 242, 8, -1,
      496, 8, 231, -1,
      231, 8, 7, -1,
      231, 7, 229, -1,
      240, 242, 239, -1,
      239, 242, 497, -1,
      239, 497, 498, -1,
      15, 499, 14, -1,
      14, 499, 500, -1,
      14, 500, 501, -1,
      502, 497, 501, -1,
      501, 497, 242, -1,
      501, 242, 14, -1,
      14, 242, 25, -1,
      14, 25, 16, -1,
      16, 25, 27, -1,
      10, 255, 11, -1,
      11, 255, 386, -1,
      11, 386, 191, -1,
      191, 386, 435, -1,
      191, 435, 189, -1,
      189, 435, 431, -1,
      189, 431, 293, -1,
      293, 431, 490, -1,
      293, 490, 173, -1,
      173, 490, 474, -1,
      173, 474, 166, -1,
      498, 499, 239, -1,
      239, 499, 15, -1,
      239, 15, 503, -1,
      503, 15, 73, -1,
      504, 505, 476, -1,
      506, 507, 508, -1,
      508, 504, 506, -1,
      506, 504, 476, -1,
      506, 476, 509, -1,
      510, 511, 512, -1,
      513, 505, 514, -1,
      514, 505, 515, -1,
      514, 515, 516, -1,
      516, 515, 517, -1,
      513, 518, 505, -1,
      505, 518, 519, -1,
      505, 519, 520, -1,
      521, 474, 522, -1,
      522, 474, 476, -1,
      522, 476, 523, -1,
      523, 476, 505, -1,
      523, 505, 524, -1,
      524, 505, 520, -1,
      168, 167, 169, -1,
      169, 167, 166, -1,
      169, 166, 511, -1,
      511, 166, 474, -1,
      511, 474, 512, -1,
      512, 474, 515, -1,
      525, 526, 515, -1,
      515, 526, 527, -1,
      515, 527, 517, -1,
      521, 528, 474, -1,
      474, 528, 529, -1,
      474, 529, 515, -1,
      515, 529, 530, -1,
      515, 530, 525, -1,
      250, 237, 245, -1,
      245, 237, 239, -1,
      245, 239, 252, -1,
      252, 239, 503, -1,
      252, 503, 318, -1,
      318, 503, 531, -1,
      79, 531, 532, -1,
      532, 531, 533, -1,
      533, 531, 534, -1,
      534, 531, 503, -1,
      534, 503, 535, -1,
      79, 532, 73, -1,
      73, 532, 536, -1,
      73, 536, 503, -1,
      503, 536, 537, -1,
      503, 537, 535, -1,
      538, 539, 540, -1,
      540, 539, 534, -1,
      540, 534, 541, -1,
      541, 534, 535, -1,
      541, 535, 542, -1,
      542, 535, 543, -1,
      464, 463, 487, -1,
      487, 463, 544, -1,
      487, 544, 478, -1,
      478, 544, 545, -1,
      478, 545, 476, -1,
      64, 66, 79, -1,
      79, 66, 546, -1,
      79, 546, 531, -1,
      531, 546, 366, -1,
      531, 366, 318, -1,
      318, 366, 368, -1,
      318, 368, 316, -1,
      273, 547, 274, -1,
      274, 547, 3, -1,
      274, 3, 548, -1,
      548, 3, 5, -1,
      548, 5, 549, -1,
      549, 5, 44, -1,
      549, 44, 550, -1,
      550, 44, 48, -1,
      550, 48, 551, -1,
      551, 48, 31, -1,
      551, 31, 552, -1,
      552, 31, 29, -1,
      552, 29, 280, -1,
      280, 29, 24, -1,
      280, 24, 281, -1,
      512, 509, 510, -1,
      510, 509, 476, -1,
      510, 476, 269, -1,
      269, 476, 545, -1,
      269, 545, 270, -1,
      270, 545, 544, -1,
      270, 544, 553, -1,
      553, 544, 463, -1,
      553, 463, 554, -1,
      554, 463, 456, -1,
      554, 456, 555, -1,
      555, 456, 446, -1,
      555, 446, 556, -1,
      556, 446, 365, -1,
      556, 365, 557, -1,
      557, 365, 366, -1,
      557, 366, 558, -1,
      558, 366, 546, -1,
      558, 546, 559, -1,
      559, 546, 66, -1,
      559, 66, 58, -1,
      58, 66, 70, -1,
      58, 70, 59, -1,
      560, 561, 562, -1,
      563, 564, 565, -1,
      565, 564, 566, -1,
      567, 568, 563, -1,
      563, 568, 569, -1,
      562, 564, 560, -1,
      560, 564, 563, -1,
      560, 563, 570, -1,
      570, 563, 569, -1,
      570, 569, 571, -1,
      572, 573, 574, -1,
      574, 573, 565, -1,
      574, 565, 575, -1,
      575, 565, 566, -1,
      576, 577, 578, -1,
      579, 580, 581, -1,
      582, 583, 584, -1,
      585, 586, 587, -1,
      584, 585, 582, -1,
      582, 585, 587, -1,
      582, 587, 578, -1,
      578, 587, 579, -1,
      578, 579, 576, -1,
      576, 579, 581, -1,
      588, 589, 590, -1,
      590, 589, 587, -1,
      590, 587, 591, -1,
      591, 587, 586, -1,
      592, 593, 594, -1,
      594, 593, 595, -1,
      596, 597, 598, -1,
      598, 597, 599, -1,
      565, 573, 600, -1,
      565, 600, 601, -1,
      601, 600, 602, -1,
      601, 602, 603, -1,
      603, 602, 604, -1,
      603, 604, 605, -1,
      605, 604, 606, -1,
      605, 606, 607, -1,
      607, 606, 608, -1,
      607, 608, 609, -1,
      609, 608, 596, -1,
      609, 596, 598, -1,
      595, 593, 610, -1,
      595, 610, 611, -1,
      611, 610, 612, -1,
      611, 612, 613, -1,
      613, 612, 614, -1,
      613, 614, 615, -1,
      615, 614, 616, -1,
      615, 616, 617, -1,
      617, 616, 618, -1,
      617, 618, 619, -1,
      619, 618, 567, -1,
      619, 567, 563, -1,
      599, 597, 620, -1,
      599, 620, 621, -1,
      621, 620, 622, -1,
      621, 622, 623, -1,
      623, 622, 624, -1,
      623, 624, 625, -1,
      625, 624, 626, -1,
      625, 626, 627, -1,
      627, 626, 628, -1,
      627, 628, 629, -1,
      629, 628, 580, -1,
      629, 580, 579, -1,
      587, 589, 630, -1,
      587, 630, 631, -1,
      631, 630, 632, -1,
      631, 632, 633, -1,
      633, 632, 634, -1,
      633, 634, 635, -1,
      635, 634, 636, -1,
      635, 636, 637, -1,
      637, 636, 638, -1,
      637, 638, 639, -1,
      639, 638, 592, -1,
      639, 592, 594, -1,
    ]
  }
}

Shape {
  appearance Appearance {
    material Material {
      diffuseColor 1.0000 1.0000 1.0000
      specularColor 0.5020 0.5020 0.5020
      ambientIntensity 0.2
      transparency 0.0000
      shininess 0.5
    }
  }
  geometry IndexedFaceSet {
    ccw TRUE
    solid FALSE
    coord DEF co Coordinate {
      point [
        -2.500000 0.193850 1.338583,
        -2.500000 0.925197 1.338583,
        2.500000 -0.925197 1.338583,
        2.500000 -0.193850 1.338583,
        2.500000 0.193850 1.338583,
        2.500000 0.925197 1.338583,
        -2.657480 0.925197 1.181102,
        -2.657480 0.193850 1.181102,
        -2.652114 0.193850 1.221861,
        -2.652114 0.925197 1.221861,
        -2.636382 0.193850 1.259843,
        -2.636382 0.925197 1.259843,
        -2.611356 0.193850 1.292458,
        -2.611356 0.925197 1.292458,
        -2.578740 0.193850 1.317484,
        -2.578740 0.925197 1.317484,
        -2.540759 0.193850 1.333217,
        -2.540759 0.925197 1.333217,
        2.540759 -0.925197 1.333217,
        2.540759 -0.193850 1.333217,
        2.578740 -0.925197 1.317484,
        2.578740 -0.193850 1.317484,
        2.611356 -0.925197 1.292458,
        2.611356 -0.193850 1.292458,
        2.636382 -0.925197 1.259843,
        2.636382 -0.193850 1.259843,
        2.652114 -0.925197 1.221861,
        2.652114 -0.193850 1.221861,
        2.657480 -0.925197 1.181102,
        2.657480 -0.193850 1.181102,
        2.540759 0.193850 1.333217,
        2.540759 0.925197 1.333217,
        2.578740 0.193850 1.317484,
        2.578740 0.925197 1.317484,
        2.611356 0.193850 1.292458,
        2.611356 0.925197 1.292458,
        2.636382 0.193850 1.259843,
        2.636382 0.925197 1.259843,
        2.652114 0.193850 1.221861,
        2.652114 0.925197 1.221861,
        2.657480 0.193850 1.181102,
        2.657480 0.925197 1.181102,
        2.657480 -0.193850 1.002107,
        2.657480 -0.925197 0.216535,
        2.657480 0.193850 1.002107,
        2.657480 0.925197 0.216535,
      ]
    }
    coordIndex [
      6, 7, 8, -1,
      6, 8, 9, -1,
      9, 8, 10, -1,
      9, 10, 11, -1,
      11, 10, 12, -1,
      11, 12, 13, -1,
      13, 12, 14, -1,
      13, 14, 15, -1,
      15, 14, 16, -1,
      15, 16, 17, -1,
      17, 16, 0, -1,
      17, 0, 1, -1,
      3, 2, 18, -1,
      3, 18, 19, -1,
      19, 18, 20, -1,
      19, 20, 21, -1,
      21, 20, 22, -1,
      21, 22, 23, -1,
      23, 22, 24, -1,
      23, 24, 25, -1,
      25, 24, 26, -1,
      25, 26, 27, -1,
      27, 26, 28, -1,
      27, 28, 29, -1,
      5, 4, 30, -1,
      5, 30, 31, -1,
      31, 30, 32, -1,
      31, 32, 33, -1,
      33, 32, 34, -1,
      33, 34, 35, -1,
      35, 34, 36, -1,
      35, 36, 37, -1,
      37, 36, 38, -1,
      37, 38, 39, -1,
      39, 38, 40, -1,
      39, 40, 41, -1,
      29, 28, 42, -1,
      42, 28, 43, -1,
      42, 43, 44, -1,
      44, 43, 45, -1,
      44, 45, 40, -1,
      40, 45, 41, -1,
    ]
  }
}

Shape {
  appearance Appearance {
    material Material {
      diffuseColor 0.5020 0.5020 0.5020
      specularColor 0.2510 0.2510 0.2510
      ambientIntensity 0.2
      transparency 0.0000
      shininess 0.5
    }
  }
  geometry IndexedFaceSet {
    ccw TRUE
    solid FALSE
    coord DEF co Coordinate {
      point [
        -2.500000 2.263780 0.039370,
        -2.500000 1.102362 0.039370,
        -2.500000 0.984252 0.157480,
        -2.500000 0.925197 0.157480,
        -2.500000 -1.102362 0.039370,
        -2.500000 -2.263780 0.039370,
        -2.500000 -0.984252 0.157480,
        -2.500000 -0.925197 0.157480,
        2.500000 -0.984252 0.157480,
        2.500000 -0.925197 0.157480,
        2.500000 -2.263780 0.039370,
        2.500000 -1.102362 0.039370,
        2.500000 1.102362 0.039370,
        2.500000 2.263780 0.039370,
        2.500000 0.984252 0.157480,
        2.500000 0.925197 0.157480,
        2.303150 2.460630 0.039370,
        -2.303150 2.460630 0.039370,
        -2.303150 -2.460630 0.039370,
        2.303150 -2.460630 0.039370,
        -2.493293 -2.314728 0.039370,
        -2.473627 -2.362205 0.039370,
        -2.442344 -2.402974 0.039370,
        -2.401575 -2.434257 0.039370,
        -2.354098 -2.453922 0.039370,
        -2.354098 2.453922 0.039370,
        -2.401575 2.434257 0.039370,
        -2.442344 2.402974 0.039370,
        -2.473627 2.362205 0.039370,
        -2.493293 2.314728 0.039370,
        2.354098 -2.453922 0.039370,
        2.401575 -2.434257 0.039370,
        2.442344 -2.402974 0.039370,
        2.473627 -2.362205 0.039370,
        2.493293 -2.314728 0.039370,
        2.493293 2.314728 0.039370,
        2.473627 2.362205 0.039370,
        2.442344 2.402974 0.039370,
        2.401575 2.434257 0.039370,
        2.354098 2.453922 0.039370,
        1.594488 -0.925197 0.157480,
        1.437008 -0.984252 0.157480,
        1.594488 0.925197 0.157480,
        1.437008 0.984252 0.157480,
        1.318898 1.102362 0.039370,
        -1.318898 1.102362 0.039370,
        -1.318898 -1.102362 0.039370,
        1.318898 -1.102362 0.039370,
        -1.594488 0.925197 0.157480,
        -1.437008 0.984252 0.157480,
        -1.594488 -0.925197 0.157480,
        -1.437008 -0.984252 0.157480,
      ]
    }
    coordIndex [
      9, 8, 40, -1,
      40, 8, 41, -1,
      40, 41, 42, -1,
      42, 41, 43, -1,
      42, 43, 15, -1,
      15, 43, 14, -1,
      13, 12, 44, -1,
      25, 17, 0, -1,
      0, 17, 1, -1,
      29, 28, 27, -1,
      45, 44, 46, -1,
      46, 44, 47, -1,
      29, 27, 0, -1,
      0, 27, 26, -1,
      0, 26, 25, -1,
      38, 37, 44, -1,
      33, 32, 31, -1,
      1, 17, 45, -1,
      45, 17, 16, -1,
      45, 16, 44, -1,
      44, 16, 39, -1,
      44, 39, 38, -1,
      37, 36, 44, -1,
      44, 36, 35, -1,
      44, 35, 13, -1,
      24, 46, 18, -1,
      18, 46, 47, -1,
      18, 47, 19, -1,
      19, 47, 11, -1,
      19, 11, 10, -1,
      10, 34, 19, -1,
      19, 34, 33, -1,
      19, 33, 30, -1,
      30, 33, 31, -1,
      24, 23, 46, -1,
      46, 23, 22, -1,
      46, 22, 21, -1,
      21, 20, 46, -1,
      46, 20, 5, -1,
      46, 5, 4, -1,
      3, 2, 48, -1,
      48, 2, 49, -1,
      48, 49, 50, -1,
      50, 49, 51, -1,
      50, 51, 7, -1,
      7, 51, 6, -1,
      51, 46, 6, -1,
      6, 46, 4, -1,
      49, 45, 51, -1,
      51, 45, 46, -1,
      45, 49, 1, -1,
      1, 49, 2, -1,
      43, 44, 14, -1,
      14, 44, 12, -1,
      41, 47, 43, -1,
      43, 47, 44, -1,
      8, 11, 41, -1,
      41, 11, 47, -1,
    ]
  }
}

Shape {
  appearance Appearance {
    material Material {
      diffuseColor 1.0000 1.0000 1.0000
      specularColor 0.5020 0.5020 0.5020
      ambientIntensity 0.2
      transparency 0.0000
      shininess 0.5
    }
  }
  geometry IndexedFaceSet {
    ccw TRUE
    solid FALSE
    coord DEF co Coordinate {
      point [
        -2.500000 0.193850 1.338583,
        -2.500000 0.193850 1.002107,
        -2.500000 -0.193850 1.002107,
        -2.500000 -0.193850 1.338583,
        -2.500000 -0.925197 1.338583,
        -2.500000 0.925197 1.338583,
        -2.500000 0.925197 0.157480,
        -2.500000 -0.925197 0.157480,
        2.500000 -0.925197 0.157480,
        2.500000 -0.925197 1.338583,
        2.500000 -0.193850 1.338583,
        2.500000 -0.193850 1.002107,
        2.500000 0.193850 1.002107,
        2.500000 0.193850 1.338583,
        2.500000 0.925197 1.338583,
        2.500000 0.925197 0.157480,
        -2.657480 0.925197 1.181102,
        -2.657480 0.193850 1.181102,
        -2.652114 0.193850 1.221861,
        -2.652114 0.925197 1.221861,
        -2.636382 0.193850 1.259843,
        -2.636382 0.925197 1.259843,
        -2.611356 0.193850 1.292458,
        -2.611356 0.925197 1.292458,
        -2.578740 0.193850 1.317484,
        -2.578740 0.925197 1.317484,
        -2.540759 0.193850 1.333217,
        -2.540759 0.925197 1.333217,
        2.540759 -0.925197 1.333217,
        2.540759 -0.193850 1.333217,
        2.578740 -0.925197 1.317484,
        2.578740 -0.193850 1.317484,
        2.611356 -0.925197 1.292458,
        2.611356 -0.193850 1.292458,
        2.636382 -0.925197 1.259843,
        2.636382 -0.193850 1.259843,
        2.652114 -0.925197 1.221861,
        2.652114 -0.193850 1.221861,
        2.657480 -0.925197 1.181102,
        2.657480 -0.193850 1.181102,
        2.540759 0.193850 1.333217,
        2.540759 0.925197 1.333217,
        2.578740 0.193850 1.317484,
        2.578740 0.925197 1.317484,
        2.611356 0.193850 1.292458,
        2.611356 0.925197 1.292458,
        2.636382 0.193850 1.259843,
        2.636382 0.925197 1.259843,
        2.652114 0.193850 1.221861,
        2.652114 0.925197 1.221861,
        2.657480 0.193850 1.181102,
        2.657480 0.925197 1.181102,
        2.657480 -0.193850 1.002107,
        2.657480 -0.925197 0.216535,
        2.657480 0.193850 1.002107,
        2.657480 0.925197 0.216535,
        1.594488 -0.925197 0.157480,
        1.594488 0.925197 0.157480,
        -1.594488 0.925197 0.157480,
        -1.594488 -0.925197 0.157480,
        1.594488 0.925197 -0.000000,
        2.440945 0.925197 -0.000000,
        2.496988 0.925197 0.007378,
        2.549213 0.925197 0.029010,
        2.650102 0.925197 0.160492,
        2.628470 0.925197 0.108268,
        2.594059 0.925197 0.063422,
        1.594488 -0.925197 -0.000000,
        2.440945 -0.925197 -0.000000,
        2.496988 -0.925197 0.007378,
        2.549213 -0.925197 0.029010,
        2.594059 -0.925197 0.063422,
        2.628470 -0.925197 0.108268,
        2.650102 -0.925197 0.160492,
        -1.594488 0.925197 -0.000000,
        -2.440945 0.925197 -0.000000,
        -2.657480 0.925197 0.216535,
        -2.496988 0.925197 0.007378,
        -2.549213 0.925197 0.029010,
        -2.594059 0.925197 0.063422,
        -2.628470 0.925197 0.108268,
        -2.650102 0.925197 0.160492,
        -1.594488 -0.925197 -0.000000,
        -2.440945 -0.925197 -0.000000,
        -2.496988 -0.925197 0.007378,
        -2.549213 -0.925197 0.029010,
        -2.657480 -0.925197 1.181102,
        -2.657480 -0.925197 0.216535,
        -2.650102 -0.925197 0.160492,
        -2.611356 -0.925197 1.292458,
        -2.578740 -0.925197 1.317484,
        -2.540759 -0.925197 1.333217,
        -2.636382 -0.925197 1.259843,
        -2.652114 -0.925197 1.221861,
        -2.628470 -0.925197 0.108268,
        -2.594059 -0.925197 0.063422,
        -2.657480 0.193850 1.002107,
        -2.657480 -0.193850 1.002107,
        -2.657480 -0.193850 1.181102,
        -2.652114 -0.193850 1.221861,
        -2.636382 -0.193850 1.259843,
        -2.611356 -0.193850 1.292458,
        -2.578740 -0.193850 1.317484,
        -2.540759 -0.193850 1.333217,
      ]
    }
    coordIndex [
      49, 51, 14, -1,
      60, 57, 61, -1,
      61, 57, 15, -1,
      61, 15, 62, -1,
      62, 15, 63, -1,
      41, 43, 45, -1,
      14, 51, 15, -1,
      15, 51, 55, -1,
      15, 55, 64, -1,
      41, 45, 14, -1,
      14, 45, 47, -1,
      14, 47, 49, -1,
      64, 65, 15, -1,
      15, 65, 66, -1,
      15, 66, 63, -1,
      56, 67, 8, -1,
      8, 67, 68, -1,
      8, 53, 9, -1,
      9, 53, 38, -1,
      9, 38, 36, -1,
      68, 69, 8, -1,
      8, 69, 70, -1,
      8, 70, 71, -1,
      71, 72, 8, -1,
      8, 72, 73, -1,
      8, 73, 53, -1,
      36, 34, 9, -1,
      9, 34, 32, -1,
      9, 32, 28, -1,
      28, 32, 30, -1,
      60, 61, 67, -1,
      67, 61, 68, -1,
      57, 60, 56, -1,
      56, 60, 67, -1,
      55, 53, 73, -1,
      55, 73, 64, -1,
      64, 73, 72, -1,
      64, 72, 65, -1,
      65, 72, 71, -1,
      65, 71, 66, -1,
      66, 71, 70, -1,
      66, 70, 63, -1,
      63, 70, 69, -1,
      63, 69, 62, -1,
      62, 69, 68, -1,
      62, 68, 61, -1,
      39, 52, 11, -1,
      33, 35, 11, -1,
      11, 35, 37, -1,
      11, 37, 39, -1,
      10, 29, 11, -1,
      11, 29, 31, -1,
      11, 31, 33, -1,
      12, 11, 54, -1,
      54, 11, 52, -1,
      12, 54, 50, -1,
      50, 48, 12, -1,
      12, 48, 46, -1,
      12, 46, 44, -1,
      44, 42, 12, -1,
      12, 42, 40, -1,
      12, 40, 13, -1,
      58, 74, 6, -1,
      6, 74, 75, -1,
      5, 6, 76, -1,
      75, 77, 6, -1,
      6, 77, 78, -1,
      6, 78, 79, -1,
      79, 80, 6, -1,
      6, 80, 81, -1,
      6, 81, 76, -1,
      76, 16, 5, -1,
      5, 16, 19, -1,
      5, 19, 21, -1,
      21, 23, 5, -1,
      5, 23, 25, -1,
      5, 25, 27, -1,
      82, 59, 83, -1,
      83, 59, 7, -1,
      83, 7, 84, -1,
      84, 7, 85, -1,
      4, 86, 7, -1,
      7, 86, 87, -1,
      7, 87, 88, -1,
      89, 4, 90, -1,
      90, 4, 91, -1,
      89, 92, 4, -1,
      4, 92, 93, -1,
      4, 93, 86, -1,
      88, 94, 7, -1,
      7, 94, 95, -1,
      7, 95, 85, -1,
      75, 74, 83, -1,
      83, 74, 82, -1,
      75, 83, 84, -1,
      75, 84, 77, -1,
      77, 84, 85, -1,
      77, 85, 78, -1,
      78, 85, 95, -1,
      78, 95, 79, -1,
      79, 95, 94, -1,
      79, 94, 80, -1,
      80, 94, 88, -1,
      80, 88, 81, -1,
      81, 88, 87, -1,
      81, 87, 76, -1,
      17, 16, 96, -1,
      96, 16, 76, -1,
      96, 76, 97, -1,
      97, 76, 87, -1,
      97, 87, 98, -1,
      98, 87, 86, -1,
      98, 86, 93, -1,
      98, 93, 99, -1,
      99, 93, 92, -1,
      99, 92, 100, -1,
      100, 92, 89, -1,
      100, 89, 101, -1,
      101, 89, 90, -1,
      101, 90, 102, -1,
      102, 90, 91, -1,
      102, 91, 103, -1,
      103, 91, 4, -1,
      103, 4, 3, -1,
      74, 58, 82, -1,
      82, 58, 59, -1,
      17, 96, 1, -1,
      22, 20, 1, -1,
      1, 20, 18, -1,
      1, 18, 17, -1,
      0, 26, 1, -1,
      1, 26, 24, -1,
      1, 24, 22, -1,
      2, 1, 97, -1,
      97, 1, 96, -1,
      2, 97, 98, -1,
      98, 99, 2, -1,
      2, 99, 100, -1,
      2, 100, 101, -1,
      101, 102, 2, -1,
      2, 102, 103, -1,
      2, 103, 3, -1,
    ]
  }
}

Shape {
  appearance Appearance {
    material Material {
      diffuseColor 0.5020 0.5020 0.5020
      specularColor 0.2510 0.2510 0.2510
      ambientIntensity 0.2
      transparency 0.0000
      shininess 0.5
    }
  }
  geometry IndexedFaceSet {
    ccw TRUE
    solid FALSE
    coord DEF co Coordinate {
      point [
        -2.303150 -2.342520 2.480315,
        -2.176683 -2.342520 2.480315,
        -2.176683 2.342520 2.480315,
        -1.377487 2.342520 2.480315,
        -1.377487 -2.342520 2.480315,
        2.381890 -1.675107 2.480315,
        2.381890 -1.552976 2.480315,
        -1.254683 2.342520 2.480315,
        -1.153046 2.342520 2.480315,
        2.303150 2.342520 2.480315,
        2.381890 2.263780 2.480315,
        2.323529 2.339837 2.480315,
        2.371341 2.303150 2.480315,
        2.358827 2.319457 2.480315,
        2.342520 2.331970 2.480315,
        2.379207 2.284159 2.480315,
        2.352243 -2.325341 2.480315,
        2.364711 -2.312873 2.480315,
        2.374092 -2.297944 2.480315,
        2.320671 -2.340545 2.480315,
        2.381890 -2.263780 2.480315,
        2.303150 -2.342520 2.480315,
        2.381890 -1.913217 2.480315,
        -0.919745 -2.342520 2.480315,
        2.337314 -2.334722 2.480315,
        2.379916 -2.281301 2.480315,
        -2.337314 -2.334722 2.480315,
        -2.381890 -2.263780 2.480315,
        -2.379916 -2.281301 2.480315,
        -2.374092 -2.297944 2.480315,
        -2.364711 -2.312873 2.480315,
        -2.352243 -2.325341 2.480315,
        -2.379916 2.281301 2.480315,
        -2.381890 2.263780 2.480315,
        -2.303150 2.342520 2.480315,
        -2.352243 2.325341 2.480315,
        -2.337314 2.334722 2.480315,
        -2.320671 2.340545 2.480315,
        -2.364711 2.312873 2.480315,
        -2.374092 2.297944 2.480315,
        -0.919745 2.342520 2.480315,
        -0.957693 2.342520 2.480315,
        -1.003791 2.342520 2.480315,
        -1.070152 2.342520 2.480315,
        -1.098152 2.342520 2.480315,
        -1.261883 2.342520 2.480315,
        2.381890 -1.865641 2.480315,
        2.381890 -1.710321 2.480315,
        -2.320671 -2.340545 2.480315,
        -2.381890 -1.913217 2.480315,
        -2.381890 -1.865641 2.480315,
        -2.381890 -1.710321 2.480315,
        -2.381890 -1.675107 2.480315,
        -2.381890 -1.552976 2.480315,
        -0.957693 -2.342520 2.480315,
        -1.003791 -2.342520 2.480315,
        -1.070152 -2.342520 2.480315,
        -1.098152 -2.342520 2.480315,
        -1.153046 -2.342520 2.480315,
        -1.254683 -2.342520 2.480315,
        -1.261883 -2.342520 2.480315,
        -2.500000 2.263780 2.401575,
        -2.500000 -2.263780 2.401575,
        2.500000 -2.263780 2.401575,
        2.500000 2.263780 2.401575,
        2.303150 2.460630 2.401575,
        -2.303150 2.460630 2.401575,
        -2.303150 -2.460630 2.401575,
        2.303150 -2.460630 2.401575,
        -2.493293 -2.314728 2.401575,
        -2.473627 -2.362205 2.401575,
        -2.442344 -2.402974 2.401575,
        -2.401575 -2.434257 2.401575,
        -2.354098 -2.453922 2.401575,
        -2.354098 2.453922 2.401575,
        -2.401575 2.434257 2.401575,
        -2.442344 2.402974 2.401575,
        -2.473627 2.362205 2.401575,
        -2.493293 2.314728 2.401575,
        2.354098 -2.453922 2.401575,
        2.401575 -2.434257 2.401575,
        2.442344 -2.402974 2.401575,
        2.473627 -2.362205 2.401575,
        2.493293 -2.314728 2.401575,
        2.493293 2.314728 2.401575,
        2.473627 2.362205 2.401575,
        2.442344 2.402974 2.401575,
        2.401575 2.434257 2.401575,
        2.354098 2.453922 2.401575,
        -2.401337 2.386903 2.401575,
        -2.371478 2.405664 2.401575,
        -2.338192 2.417311 2.401575,
        -2.303150 2.421260 2.401575,
        2.303150 2.421260 2.401575,
        2.343908 2.415894 2.401575,
        2.381890 2.400161 2.401575,
        2.414505 2.375135 2.401575,
        2.439531 2.342520 2.401575,
        2.455264 2.304539 2.401575,
        2.460630 2.263780 2.401575,
        2.460630 -2.263780 2.401575,
        2.456681 -2.298822 2.401575,
        2.445035 -2.332107 2.401575,
        -2.426273 -2.361967 2.401575,
        -2.445035 -2.332107 2.401575,
        -2.456681 -2.298822 2.401575,
        -2.460630 -2.263780 2.401575,
        -2.460630 2.263780 2.401575,
        -2.456681 2.298822 2.401575,
        -2.445035 2.332107 2.401575,
        -2.426273 2.361967 2.401575,
        2.426273 -2.361967 2.401575,
        2.401337 -2.386903 2.401575,
        2.371478 -2.405664 2.401575,
        2.338192 -2.417311 2.401575,
        2.303150 -2.421260 2.401575,
        -2.303150 -2.421260 2.401575,
        -2.338192 -2.417311 2.401575,
        -2.371478 -2.405664 2.401575,
        -2.401337 -2.386903 2.401575,
        2.384573 2.263780 2.459935,
        2.381798 2.284854 2.459935,
        2.373664 2.304491 2.459935,
        2.360724 2.321354 2.459935,
        2.343861 2.334294 2.459935,
        2.324224 2.342428 2.459935,
        2.303150 2.345203 2.459935,
        2.392439 2.263780 2.440945,
        2.389396 2.286889 2.440945,
        2.380476 2.308424 2.440945,
        2.366287 2.326917 2.440945,
        2.347794 2.341106 2.440945,
        2.326259 2.350026 2.440945,
        2.303150 2.353069 2.440945,
        2.404952 2.263780 2.424637,
        2.401483 2.290128 2.424637,
        2.391313 2.314681 2.424637,
        2.375135 2.335765 2.424637,
        2.354051 2.351943 2.424637,
        2.329498 2.362113 2.424637,
        2.303150 2.365582 2.424637,
        2.421260 2.263780 2.412124,
        2.417235 2.294349 2.412124,
        2.405436 2.322835 2.412124,
        2.386666 2.347296 2.412124,
        2.362205 2.366066 2.412124,
        2.333719 2.377865 2.412124,
        2.303150 2.381890 2.412124,
        2.440250 2.263780 2.404258,
        2.435579 2.299264 2.404258,
        2.421882 2.332330 2.404258,
        2.400094 2.360724 2.404258,
        2.371700 2.382512 2.404258,
        2.338634 2.396209 2.404258,
        2.303150 2.400881 2.404258,
        -2.303150 2.345462 2.460026,
        -2.303150 2.344494 2.462794,
        -2.303150 2.350317 2.446151,
        -2.303150 2.353441 2.441179,
        -2.303150 2.359698 2.431221,
        -2.303150 2.365932 2.424987,
        -2.303150 2.372166 2.418754,
        -2.303150 2.382124 2.412496,
        -2.303150 2.387096 2.409372,
        -2.303150 2.400971 2.404517,
        -2.303150 2.403738 2.403549,
        2.384573 -2.263780 2.459935,
        2.392439 -2.263780 2.440945,
        2.404952 -2.263780 2.424637,
        2.421260 -2.263780 2.412124,
        2.440250 -2.263780 2.404258,
        -2.334293 2.400230 2.403549,
        -2.440341 2.263780 2.404517,
        -2.426466 2.263780 2.409372,
        -2.423374 2.291220 2.409372,
        -2.330590 2.384004 2.409372,
        -2.421494 2.263780 2.412496,
        -2.411536 2.263780 2.418754,
        -2.408819 2.287898 2.418754,
        -2.327268 2.369449 2.418754,
        -2.405302 2.263780 2.424987,
        -2.399069 2.263780 2.431221,
        -2.396663 2.285124 2.431221,
        -2.324493 2.357293 2.431221,
        -2.392811 2.263780 2.441179,
        -2.389688 2.263780 2.446151,
        -2.387518 2.283036 2.446151,
        -2.322406 2.348148 2.446151,
        -2.384832 2.263780 2.460026,
        -2.383864 2.263780 2.462794,
        -2.381840 2.281740 2.462794,
        -2.321110 2.342470 2.462794,
        -2.338170 2.336500 2.462794,
        -2.353474 2.326885 2.462794,
        -2.366254 2.314104 2.462794,
        -2.375870 2.298800 2.462794,
        -2.340697 2.341748 2.446151,
        -2.357105 2.331437 2.446151,
        -2.370807 2.317735 2.446151,
        -2.381117 2.301327 2.446151,
        -2.344767 2.350199 2.431221,
        -2.362954 2.338772 2.431221,
        -2.378142 2.323584 2.431221,
        -2.389570 2.305397 2.431221,
        -2.350177 2.361433 2.418754,
        -2.370728 2.348520 2.418754,
        -2.387889 2.331357 2.418754,
        -2.400803 2.310807 2.418754,
        -2.356655 2.374883 2.409372,
        -2.380036 2.360192 2.409372,
        -2.399562 2.340666 2.409372,
        -2.414254 2.317284 2.409372,
        -2.363876 2.389878 2.403549,
        -2.390413 2.373204 2.403549,
        -2.412574 2.351043 2.403549,
        -2.429248 2.324506 2.403549,
        -2.439600 2.294923 2.403549,
        -2.443109 2.263780 2.403549,
        2.303150 -2.345203 2.459935,
        2.321268 -2.343161 2.459935,
        2.338478 -2.337139 2.459935,
        2.353916 -2.327439 2.459935,
        2.366809 -2.314546 2.459935,
        2.376509 -2.299108 2.459935,
        2.382531 -2.281898 2.459935,
        2.303150 -2.353069 2.440945,
        2.323019 -2.350830 2.440945,
        2.341891 -2.344226 2.440945,
        2.358821 -2.333589 2.440945,
        2.372959 -2.319450 2.440945,
        2.383596 -2.302521 2.440945,
        2.390200 -2.283648 2.440945,
        2.303150 -2.365582 2.424637,
        2.325803 -2.363030 2.424637,
        2.347320 -2.355500 2.424637,
        2.366622 -2.343372 2.424637,
        2.382742 -2.327252 2.424637,
        2.394870 -2.307950 2.424637,
        2.402400 -2.286433 2.424637,
        2.303150 -2.381890 2.412124,
        2.329431 -2.378929 2.412124,
        2.354396 -2.370193 2.412124,
        2.376790 -2.356122 2.412124,
        2.395492 -2.337420 2.412124,
        2.409563 -2.315026 2.412124,
        2.418298 -2.290061 2.412124,
        2.303150 -2.400881 2.404258,
        2.333657 -2.397443 2.404258,
        2.362635 -2.387303 2.404258,
        2.388631 -2.370969 2.404258,
        2.410339 -2.349261 2.404258,
        2.426673 -2.323265 2.404258,
        2.436813 -2.294287 2.404258,
        -2.383864 -2.263780 2.462794,
        -2.384832 -2.263780 2.460026,
        -2.389688 -2.263780 2.446151,
        -2.392811 -2.263780 2.441179,
        -2.399069 -2.263780 2.431221,
        -2.405302 -2.263780 2.424987,
        -2.411536 -2.263780 2.418754,
        -2.421494 -2.263780 2.412496,
        -2.426466 -2.263780 2.409372,
        -2.440341 -2.263780 2.404517,
        -2.443109 -2.263780 2.403549,
        -2.303150 -2.344494 2.462794,
        -2.303150 -2.345462 2.460026,
        -2.303150 -2.350317 2.446151,
        -2.303150 -2.353441 2.441179,
        -2.303150 -2.359698 2.431221,
        -2.303150 -2.365932 2.424987,
        -2.303150 -2.372166 2.418754,
        -2.303150 -2.382124 2.412496,
        -2.303150 -2.387096 2.409372,
        -2.303150 -2.400971 2.404517,
        -2.303150 -2.403738 2.403549,
        -2.439600 -2.294923 2.403549,
        -2.330590 -2.384004 2.409372,
        -2.423374 -2.291220 2.409372,
        -2.327268 -2.369449 2.418754,
        -2.408819 -2.287898 2.418754,
        -2.324493 -2.357293 2.431221,
        -2.396663 -2.285124 2.431221,
        -2.322406 -2.348148 2.446151,
        -2.387518 -2.283036 2.446151,
        -2.321110 -2.342470 2.462794,
        -2.381840 -2.281740 2.462794,
        -2.375870 -2.298800 2.462794,
        -2.366254 -2.314104 2.462794,
        -2.353474 -2.326885 2.462794,
        -2.338170 -2.336500 2.462794,
        -2.381117 -2.301327 2.446151,
        -2.370807 -2.317735 2.446151,
        -2.357105 -2.331437 2.446151,
        -2.340697 -2.341748 2.446151,
        -2.389570 -2.305397 2.431221,
        -2.378142 -2.323584 2.431221,
        -2.362954 -2.338772 2.431221,
        -2.344767 -2.350199 2.431221,
        -2.400803 -2.310807 2.418754,
        -2.387889 -2.331357 2.418754,
        -2.370728 -2.348520 2.418754,
        -2.350177 -2.361433 2.418754,
        -2.414254 -2.317284 2.409372,
        -2.399562 -2.340666 2.409372,
        -2.380036 -2.360192 2.409372,
        -2.356655 -2.374883 2.409372,
        -2.429248 -2.324506 2.403549,
        -2.412574 -2.351043 2.403549,
        -2.390413 -2.373204 2.403549,
        -2.363876 -2.389878 2.403549,
        -2.334293 -2.400230 2.403549,
      ]
    }
    coordIndex [
      76, 89, 75, -1,
      75, 89, 90, -1,
      75, 90, 74, -1,
      74, 90, 91, -1,
      74, 91, 66, -1,
      66, 91, 92, -1,
      66, 92, 65, -1,
      65, 92, 93, -1,
      65, 93, 88, -1,
      88, 93, 94, -1,
      88, 94, 87, -1,
      87, 94, 95, -1,
      87, 95, 86, -1,
      86, 95, 96, -1,
      86, 96, 85, -1,
      85, 96, 97, -1,
      85, 97, 84, -1,
      84, 97, 98, -1,
      84, 98, 64, -1,
      64, 98, 99, -1,
      64, 99, 63, -1,
      63, 99, 100, -1,
      63, 100, 83, -1,
      83, 100, 101, -1,
      83, 101, 82, -1,
      82, 101, 102, -1,
      82, 102, 81, -1,
      71, 103, 70, -1,
      70, 103, 104, -1,
      70, 104, 69, -1,
      69, 104, 105, -1,
      69, 105, 62, -1,
      62, 105, 106, -1,
      62, 106, 61, -1,
      61, 106, 107, -1,
      61, 107, 78, -1,
      78, 107, 108, -1,
      78, 108, 77, -1,
      77, 108, 109, -1,
      77, 109, 76, -1,
      76, 109, 110, -1,
      76, 110, 89, -1,
      102, 111, 81, -1,
      81, 111, 112, -1,
      81, 112, 80, -1,
      80, 112, 113, -1,
      80, 113, 79, -1,
      79, 113, 114, -1,
      79, 114, 68, -1,
      68, 114, 115, -1,
      68, 115, 67, -1,
      67, 115, 116, -1,
      67, 116, 73, -1,
      73, 116, 117, -1,
      73, 117, 72, -1,
      72, 117, 118, -1,
      72, 118, 71, -1,
      71, 118, 119, -1,
      71, 119, 103, -1,
      10, 120, 15, -1,
      15, 120, 121, -1,
      15, 121, 12, -1,
      12, 121, 122, -1,
      12, 122, 13, -1,
      13, 122, 123, -1,
      13, 123, 14, -1,
      14, 123, 124, -1,
      14, 124, 11, -1,
      11, 124, 125, -1,
      11, 125, 9, -1,
      9, 125, 126, -1,
      120, 127, 121, -1,
      121, 127, 128, -1,
      121, 128, 122, -1,
      122, 128, 129, -1,
      122, 129, 123, -1,
      123, 129, 130, -1,
      123, 130, 124, -1,
      124, 130, 131, -1,
      124, 131, 125, -1,
      125, 131, 132, -1,
      125, 132, 126, -1,
      126, 132, 133, -1,
      127, 134, 128, -1,
      128, 134, 135, -1,
      128, 135, 129, -1,
      129, 135, 136, -1,
      129, 136, 130, -1,
      130, 136, 137, -1,
      130, 137, 131, -1,
      131, 137, 138, -1,
      131, 138, 132, -1,
      132, 138, 139, -1,
      132, 139, 133, -1,
      133, 139, 140, -1,
      134, 141, 135, -1,
      135, 141, 142, -1,
      135, 142, 136, -1,
      136, 142, 143, -1,
      136, 143, 137, -1,
      137, 143, 144, -1,
      137, 144, 138, -1,
      138, 144, 145, -1,
      138, 145, 139, -1,
      139, 145, 146, -1,
      139, 146, 140, -1,
      140, 146, 147, -1,
      141, 148, 142, -1,
      142, 148, 149, -1,
      142, 149, 143, -1,
      143, 149, 150, -1,
      143, 150, 144, -1,
      144, 150, 151, -1,
      144, 151, 145, -1,
      145, 151, 152, -1,
      145, 152, 146, -1,
      146, 152, 153, -1,
      146, 153, 147, -1,
      147, 153, 154, -1,
      148, 99, 149, -1,
      149, 99, 98, -1,
      149, 98, 150, -1,
      150, 98, 97, -1,
      150, 97, 151, -1,
      151, 97, 96, -1,
      151, 96, 152, -1,
      152, 96, 95, -1,
      152, 95, 153, -1,
      153, 95, 94, -1,
      153, 94, 154, -1,
      154, 94, 93, -1,
      3, 155, 2, -1,
      2, 155, 156, -1,
      2, 156, 34, -1,
      45, 7, 126, -1,
      126, 7, 8, -1,
      8, 44, 126, -1,
      126, 44, 43, -1,
      126, 43, 42, -1,
      42, 41, 126, -1,
      126, 41, 40, -1,
      126, 40, 9, -1,
      3, 45, 155, -1,
      155, 45, 126, -1,
      155, 126, 157, -1,
      157, 126, 158, -1,
      158, 126, 133, -1,
      158, 133, 159, -1,
      159, 133, 160, -1,
      160, 133, 140, -1,
      160, 140, 161, -1,
      161, 140, 147, -1,
      161, 147, 162, -1,
      162, 147, 163, -1,
      163, 147, 154, -1,
      163, 154, 164, -1,
      164, 154, 165, -1,
      165, 154, 93, -1,
      165, 93, 92, -1,
      6, 5, 166, -1,
      166, 5, 47, -1,
      47, 46, 166, -1,
      166, 46, 22, -1,
      166, 22, 20, -1,
      10, 6, 120, -1,
      120, 6, 166, -1,
      120, 166, 127, -1,
      127, 166, 167, -1,
      127, 167, 134, -1,
      134, 167, 168, -1,
      134, 168, 141, -1,
      141, 168, 169, -1,
      141, 169, 148, -1,
      148, 169, 170, -1,
      148, 170, 99, -1,
      99, 170, 100, -1,
      164, 165, 171, -1,
      172, 173, 174, -1,
      162, 163, 175, -1,
      176, 177, 178, -1,
      160, 161, 179, -1,
      180, 181, 182, -1,
      158, 159, 183, -1,
      184, 185, 186, -1,
      155, 157, 187, -1,
      188, 189, 190, -1,
      34, 156, 37, -1,
      37, 156, 191, -1,
      37, 191, 36, -1,
      36, 191, 192, -1,
      36, 192, 35, -1,
      35, 192, 193, -1,
      35, 193, 38, -1,
      38, 193, 194, -1,
      38, 194, 39, -1,
      39, 194, 195, -1,
      39, 195, 32, -1,
      32, 195, 190, -1,
      32, 190, 33, -1,
      33, 190, 189, -1,
      156, 155, 191, -1,
      191, 155, 187, -1,
      191, 187, 192, -1,
      192, 187, 196, -1,
      192, 196, 193, -1,
      193, 196, 197, -1,
      193, 197, 194, -1,
      194, 197, 198, -1,
      194, 198, 195, -1,
      195, 198, 199, -1,
      195, 199, 190, -1,
      190, 199, 186, -1,
      190, 186, 188, -1,
      188, 186, 185, -1,
      157, 158, 187, -1,
      187, 158, 183, -1,
      187, 183, 196, -1,
      196, 183, 200, -1,
      196, 200, 197, -1,
      197, 200, 201, -1,
      197, 201, 198, -1,
      198, 201, 202, -1,
      198, 202, 199, -1,
      199, 202, 203, -1,
      199, 203, 186, -1,
      186, 203, 182, -1,
      186, 182, 184, -1,
      184, 182, 181, -1,
      159, 160, 183, -1,
      183, 160, 179, -1,
      183, 179, 200, -1,
      200, 179, 204, -1,
      200, 204, 201, -1,
      201, 204, 205, -1,
      201, 205, 202, -1,
      202, 205, 206, -1,
      202, 206, 203, -1,
      203, 206, 207, -1,
      203, 207, 182, -1,
      182, 207, 178, -1,
      182, 178, 180, -1,
      180, 178, 177, -1,
      161, 162, 179, -1,
      179, 162, 175, -1,
      179, 175, 204, -1,
      204, 175, 208, -1,
      204, 208, 205, -1,
      205, 208, 209, -1,
      205, 209, 206, -1,
      206, 209, 210, -1,
      206, 210, 207, -1,
      207, 210, 211, -1,
      207, 211, 178, -1,
      178, 211, 174, -1,
      178, 174, 176, -1,
      176, 174, 173, -1,
      163, 164, 175, -1,
      175, 164, 171, -1,
      175, 171, 208, -1,
      208, 171, 212, -1,
      208, 212, 209, -1,
      209, 212, 213, -1,
      209, 213, 210, -1,
      210, 213, 214, -1,
      210, 214, 211, -1,
      211, 214, 215, -1,
      211, 215, 174, -1,
      174, 215, 216, -1,
      174, 216, 172, -1,
      172, 216, 217, -1,
      165, 92, 171, -1,
      171, 92, 91, -1,
      171, 91, 212, -1,
      212, 91, 90, -1,
      212, 90, 213, -1,
      213, 90, 89, -1,
      213, 89, 214, -1,
      214, 89, 110, -1,
      214, 110, 215, -1,
      215, 110, 109, -1,
      215, 109, 216, -1,
      216, 109, 108, -1,
      216, 108, 217, -1,
      217, 108, 107, -1,
      21, 218, 19, -1,
      19, 218, 219, -1,
      19, 219, 24, -1,
      24, 219, 220, -1,
      24, 220, 16, -1,
      16, 220, 221, -1,
      16, 221, 17, -1,
      17, 221, 222, -1,
      17, 222, 18, -1,
      18, 222, 223, -1,
      18, 223, 25, -1,
      25, 223, 224, -1,
      25, 224, 20, -1,
      20, 224, 166, -1,
      218, 225, 219, -1,
      219, 225, 226, -1,
      219, 226, 220, -1,
      220, 226, 227, -1,
      220, 227, 221, -1,
      221, 227, 228, -1,
      221, 228, 222, -1,
      222, 228, 229, -1,
      222, 229, 223, -1,
      223, 229, 230, -1,
      223, 230, 224, -1,
      224, 230, 231, -1,
      224, 231, 166, -1,
      166, 231, 167, -1,
      225, 232, 226, -1,
      226, 232, 233, -1,
      226, 233, 227, -1,
      227, 233, 234, -1,
      227, 234, 228, -1,
      228, 234, 235, -1,
      228, 235, 229, -1,
      229, 235, 236, -1,
      229, 236, 230, -1,
      230, 236, 237, -1,
      230, 237, 231, -1,
      231, 237, 238, -1,
      231, 238, 167, -1,
      167, 238, 168, -1,
      232, 239, 233, -1,
      233, 239, 240, -1,
      233, 240, 234, -1,
      234, 240, 241, -1,
      234, 241, 235, -1,
      235, 241, 242, -1,
      235, 242, 236, -1,
      236, 242, 243, -1,
      236, 243, 237, -1,
      237, 243, 244, -1,
      237, 244, 238, -1,
      238, 244, 245, -1,
      238, 245, 168, -1,
      168, 245, 169, -1,
      239, 246, 240, -1,
      240, 246, 247, -1,
      240, 247, 241, -1,
      241, 247, 248, -1,
      241, 248, 242, -1,
      242, 248, 249, -1,
      242, 249, 243, -1,
      243, 249, 250, -1,
      243, 250, 244, -1,
      244, 250, 251, -1,
      244, 251, 245, -1,
      245, 251, 252, -1,
      245, 252, 169, -1,
      169, 252, 170, -1,
      246, 115, 247, -1,
      247, 115, 114, -1,
      247, 114, 248, -1,
      248, 114, 113, -1,
      248, 113, 249, -1,
      249, 113, 112, -1,
      249, 112, 250, -1,
      250, 112, 111, -1,
      250, 111, 251, -1,
      251, 111, 102, -1,
      251, 102, 252, -1,
      252, 102, 101, -1,
      252, 101, 170, -1,
      170, 101, 100, -1,
      253, 27, 49, -1,
      53, 33, 189, -1,
      49, 50, 253, -1,
      253, 50, 51, -1,
      253, 51, 52, -1,
      52, 53, 253, -1,
      253, 53, 189, -1,
      253, 189, 254, -1,
      254, 189, 188, -1,
      254, 188, 255, -1,
      255, 188, 185, -1,
      255, 185, 256, -1,
      256, 185, 184, -1,
      256, 184, 257, -1,
      257, 184, 181, -1,
      257, 181, 258, -1,
      258, 181, 180, -1,
      258, 180, 259, -1,
      259, 180, 177, -1,
      259, 177, 260, -1,
      260, 177, 176, -1,
      260, 176, 261, -1,
      261, 176, 173, -1,
      261, 173, 262, -1,
      262, 173, 172, -1,
      262, 172, 263, -1,
      263, 172, 217, -1,
      263, 217, 106, -1,
      106, 217, 107, -1,
      218, 21, 23, -1,
      264, 265, 54, -1,
      54, 265, 23, -1,
      54, 55, 264, -1,
      264, 55, 56, -1,
      264, 56, 57, -1,
      57, 58, 264, -1,
      264, 58, 59, -1,
      264, 59, 60, -1,
      60, 4, 264, -1,
      264, 4, 1, -1,
      264, 1, 0, -1,
      23, 265, 218, -1,
      218, 265, 266, -1,
      218, 266, 225, -1,
      266, 267, 225, -1,
      225, 267, 268, -1,
      225, 268, 232, -1,
      232, 268, 269, -1,
      232, 269, 239, -1,
      269, 270, 239, -1,
      239, 270, 271, -1,
      239, 271, 246, -1,
      271, 272, 246, -1,
      246, 272, 273, -1,
      246, 273, 115, -1,
      115, 273, 274, -1,
      115, 274, 116, -1,
      262, 263, 275, -1,
      273, 272, 276, -1,
      260, 261, 277, -1,
      271, 270, 278, -1,
      258, 259, 279, -1,
      269, 268, 280, -1,
      256, 257, 281, -1,
      267, 266, 282, -1,
      254, 255, 283, -1,
      265, 264, 284, -1,
      27, 253, 28, -1,
      28, 253, 285, -1,
      28, 285, 29, -1,
      29, 285, 286, -1,
      29, 286, 30, -1,
      30, 286, 287, -1,
      30, 287, 31, -1,
      31, 287, 288, -1,
      31, 288, 26, -1,
      26, 288, 289, -1,
      26, 289, 48, -1,
      48, 289, 284, -1,
      48, 284, 0, -1,
      0, 284, 264, -1,
      253, 254, 285, -1,
      285, 254, 283, -1,
      285, 283, 286, -1,
      286, 283, 290, -1,
      286, 290, 287, -1,
      287, 290, 291, -1,
      287, 291, 288, -1,
      288, 291, 292, -1,
      288, 292, 289, -1,
      289, 292, 293, -1,
      289, 293, 284, -1,
      284, 293, 282, -1,
      284, 282, 265, -1,
      265, 282, 266, -1,
      255, 256, 283, -1,
      283, 256, 281, -1,
      283, 281, 290, -1,
      290, 281, 294, -1,
      290, 294, 291, -1,
      291, 294, 295, -1,
      291, 295, 292, -1,
      292, 295, 296, -1,
      292, 296, 293, -1,
      293, 296, 297, -1,
      293, 297, 282, -1,
      282, 297, 280, -1,
      282, 280, 267, -1,
      267, 280, 268, -1,
      257, 258, 281, -1,
      281, 258, 279, -1,
      281, 279, 294, -1,
      294, 279, 298, -1,
      294, 298, 295, -1,
      295, 298, 299, -1,
      295, 299, 296, -1,
      296, 299, 300, -1,
      296, 300, 297, -1,
      297, 300, 301, -1,
      297, 301, 280, -1,
      280, 301, 278, -1,
      280, 278, 269, -1,
      269, 278, 270, -1,
      259, 260, 279, -1,
      279, 260, 277, -1,
      279, 277, 298, -1,
      298, 277, 302, -1,
      298, 302, 299, -1,
      299, 302, 303, -1,
      299, 303, 300, -1,
      300, 303, 304, -1,
      300, 304, 301, -1,
      301, 304, 305, -1,
      301, 305, 278, -1,
      278, 305, 276, -1,
      278, 276, 271, -1,
      271, 276, 272, -1,
      261, 262, 277, -1,
      277, 262, 275, -1,
      277, 275, 302, -1,
      302, 275, 306, -1,
      302, 306, 303, -1,
      303, 306, 307, -1,
      303, 307, 304, -1,
      304, 307, 308, -1,
      304, 308, 305, -1,
      305, 308, 309, -1,
      305, 309, 276, -1,
      276, 309, 310, -1,
      276, 310, 273, -1,
      273, 310, 274, -1,
      263, 106, 275, -1,
      275, 106, 105, -1,
      275, 105, 306, -1,
      306, 105, 104, -1,
      306, 104, 307, -1,
      307, 104, 103, -1,
      307, 103, 308, -1,
      308, 103, 119, -1,
      308, 119, 309, -1,
      309, 119, 118, -1,
      309, 118, 310, -1,
      310, 118, 117, -1,
      310, 117, 274, -1,
      274, 117, 116, -1,
    ]
  }
}

Shape {
  appearance Appearance {
    material Material {
      diffuseColor 1.0000 1.0000 1.0000
      specularColor 0.7020 0.7020 0.7020
      ambientIntensity 0.2
      transparency 0.0000
      shininess 0.5
    }
  }
  geometry IndexedFaceSet {
    ccw TRUE
    solid FALSE
    coord DEF co Coordinate {
      point [
        -1.215911 -1.554062 2.480315,
        -1.206953 -1.552976 2.480315,
        -1.185076 -1.674370 2.480315,
        -1.192783 -1.675107 2.480315,
        -1.098152 -1.619998 2.480315,
        -1.130588 -1.619998 2.480315,
        -1.098152 -1.660401 2.480315,
        -1.130588 -1.660401 2.480315,
        -1.084229 -1.553989 2.480315,
        -1.098152 -1.553989 2.480315,
        -1.084229 -1.567805 2.480315,
        -1.081496 -1.660401 2.480315,
        -1.081496 -1.674094 2.480315,
        -1.087637 -1.619998 2.480315,
        -1.087637 -1.606243 2.480315,
        -1.098152 -1.606243 2.480315,
        -1.098152 -1.567805 2.480315,
        -1.130588 -1.567805 2.480315,
        -1.130588 -1.606243 2.480315,
        -1.146092 -1.553989 2.480315,
        -1.146092 -1.674094 2.480315,
        -1.182865 -1.553199 2.480315,
        -1.170131 -1.556876 2.480315,
        -1.098152 -1.674094 2.480315,
        -1.170131 -1.573086 2.480315,
        -1.172181 -1.670141 2.480315,
        -1.198438 -1.565963 2.480315,
        -1.203872 -1.566219 2.480315,
        -1.211875 -1.661173 2.480315,
        -1.201140 -1.662304 2.480315,
        -1.195565 -1.662098 2.480315,
        -1.171469 -1.572364 2.480315,
        -1.181976 -1.659576 2.480315,
        -1.170131 -1.654261 2.480315,
        -1.170131 -1.669120 2.480315,
        -1.228757 -1.652768 2.480315,
        -1.243608 -1.620531 2.480315,
        -1.231995 -1.649656 2.480315,
        -1.241578 -1.632387 2.480315,
        -1.237598 -1.641977 2.480315,
        -1.183652 -1.567728 2.480315,
        -1.214212 -1.568381 2.480315,
        -1.223580 -1.572917 2.480315,
        -1.231166 -1.579287 2.480315,
        -1.232009 -1.580212 2.480315,
        -1.237807 -1.588566 2.480315,
        -1.241822 -1.598952 2.480315,
        -1.243784 -1.615392 2.480315,
        -1.220669 -1.658109 2.480315,
        -1.198592 -1.551963 2.480315,
        -1.185698 -1.552976 2.480315,
        -1.251416 -1.581020 2.480315,
        -1.242710 -1.569647 2.480315,
        -1.239716 -1.566792 2.480315,
        -1.228469 -1.558925 2.480315,
        -1.254683 -1.643568 2.480315,
        -1.257704 -1.635802 2.480315,
        -1.260056 -1.616313 2.480315,
        -1.259845 -1.610041 2.480315,
        -1.257121 -1.594361 2.480315,
        -1.254683 -1.588662 2.480315,
        -1.225356 -1.672503 2.480315,
        -1.236458 -1.666776 2.480315,
        -1.244644 -1.659726 2.480315,
        -1.245666 -1.658609 2.480315,
        -1.252824 -1.648348 2.480315,
        -1.214511 -1.675107 2.480315,
        -1.212678 -1.675547 2.480315,
        -1.203381 -1.676120 2.480315,
        -0.964298 -1.634230 2.480315,
        -0.970215 -1.646650 2.480315,
        -1.003791 -1.556897 2.480315,
        -0.991710 -1.561310 2.480315,
        -1.003791 -1.670985 2.480315,
        -0.991737 -1.666293 2.480315,
        -0.979137 -1.657269 2.480315,
        -0.979137 -1.569893 2.480315,
        -0.974873 -1.574067 2.480315,
        -0.967445 -1.584548 2.480315,
        -0.963011 -1.596011 2.480315,
        -0.961024 -1.612507 2.480315,
        -0.961385 -1.620170 2.480315,
        -1.024545 -1.553989 2.480315,
        -1.006205 -1.556015 2.480315,
        -1.005440 -1.671628 2.480315,
        -1.025773 -1.674094 2.480315,
        -1.058808 -1.674094 2.480315,
        -1.058808 -1.553989 2.480315,
        -1.264969 -1.660401 2.480315,
        -1.264969 -1.674094 2.480315,
        -1.328306 -1.674094 2.480315,
        -1.328306 -1.553989 2.480315,
        -1.312802 -1.553989 2.480315,
        -1.312802 -1.660401 2.480315,
        -1.264969 -1.660401 2.480709,
        -1.264969 -1.674094 2.480709,
        -1.312802 -1.660401 2.480709,
        -1.312802 -1.553989 2.480709,
        -1.328306 -1.553989 2.480709,
        -1.328306 -1.674094 2.480709,
        -1.185076 -1.674370 2.480709,
        -1.203381 -1.676120 2.480709,
        -1.172181 -1.670141 2.480709,
        -1.170131 -1.669120 2.480709,
        -1.170131 -1.654261 2.480709,
        -1.181976 -1.659576 2.480709,
        -1.195565 -1.662098 2.480709,
        -1.201140 -1.662304 2.480709,
        -1.211875 -1.661173 2.480709,
        -1.220669 -1.658109 2.480709,
        -1.228757 -1.652768 2.480709,
        -1.231995 -1.649656 2.480709,
        -1.237598 -1.641977 2.480709,
        -1.241578 -1.632387 2.480709,
        -1.243608 -1.620531 2.480709,
        -1.243784 -1.615392 2.480709,
        -1.241822 -1.598952 2.480709,
        -1.237807 -1.588566 2.480709,
        -1.232009 -1.580212 2.480709,
        -1.231166 -1.579287 2.480709,
        -1.223580 -1.572917 2.480709,
        -1.214212 -1.568381 2.480709,
        -1.203872 -1.566219 2.480709,
        -1.198438 -1.565963 2.480709,
        -1.183652 -1.567728 2.480709,
        -1.171469 -1.572364 2.480709,
        -1.170131 -1.573086 2.480709,
        -1.170131 -1.556876 2.480709,
        -1.198592 -1.551963 2.480709,
        -1.182865 -1.553199 2.480709,
        -1.215911 -1.554062 2.480709,
        -1.228469 -1.558925 2.480709,
        -1.239716 -1.566792 2.480709,
        -1.242710 -1.569647 2.480709,
        -1.251416 -1.581020 2.480709,
        -1.257121 -1.594361 2.480709,
        -1.259845 -1.610041 2.480709,
        -1.260056 -1.616313 2.480709,
        -1.257704 -1.635802 2.480709,
        -1.252824 -1.648348 2.480709,
        -1.245666 -1.658609 2.480709,
        -1.244644 -1.659726 2.480709,
        -1.212678 -1.675547 2.480709,
        -1.236458 -1.666776 2.480709,
        -1.225356 -1.672503 2.480709,
        -1.081496 -1.660401 2.480709,
        -1.081496 -1.674094 2.480709,
        -1.130588 -1.660401 2.480709,
        -1.130588 -1.619998 2.480709,
        -1.087637 -1.619998 2.480709,
        -1.087637 -1.606243 2.480709,
        -1.130588 -1.606243 2.480709,
        -1.130588 -1.567805 2.480709,
        -1.084229 -1.567805 2.480709,
        -1.084229 -1.553989 2.480709,
        -1.146092 -1.553989 2.480709,
        -1.146092 -1.674094 2.480709,
        -0.979137 -1.657269 2.480709,
        -0.991601 -1.649217 2.480709,
        -0.991737 -1.666293 2.480709,
        -0.999357 -1.654592 2.480709,
        -1.005440 -1.671628 2.480709,
        -1.009292 -1.658431 2.480709,
        -1.025773 -1.674094 2.480709,
        -1.025865 -1.660401 2.480709,
        -1.058808 -1.674094 2.480709,
        -1.043304 -1.660401 2.480709,
        -1.058808 -1.553989 2.480709,
        -1.043304 -1.567805 2.480709,
        -1.024545 -1.553989 2.480709,
        -1.025159 -1.567805 2.480709,
        -1.024336 -1.567809 2.480709,
        -1.006205 -1.556015 2.480709,
        -1.008831 -1.569728 2.480709,
        -0.991710 -1.561310 2.480709,
        -0.998563 -1.573635 2.480709,
        -0.979137 -1.569893 2.480709,
        -0.990497 -1.579103 2.480709,
        -0.974873 -1.574067 2.480709,
        -0.987112 -1.582445 2.480709,
        -0.967445 -1.584548 2.480709,
        -0.982465 -1.589187 2.480709,
        -0.963011 -1.596011 2.480709,
        -0.979089 -1.597976 2.480709,
        -0.961024 -1.612507 2.480709,
        -0.977326 -1.612936 2.480709,
        -0.961385 -1.620170 2.480709,
        -0.977761 -1.620881 2.480709,
        -0.964298 -1.634230 2.480709,
        -0.980141 -1.631808 2.480709,
        -0.970215 -1.646650 2.480709,
        -0.984322 -1.640681 2.480709,
        -0.990159 -1.647875 2.480709,
        -1.025159 -1.567805 2.480315,
        -1.043304 -1.567805 2.480315,
        -1.043304 -1.660401 2.480315,
        -1.025865 -1.660401 2.480315,
        -0.990159 -1.647875 2.480315,
        -0.991601 -1.649217 2.480315,
        -0.999357 -1.654592 2.480315,
        -1.009292 -1.658431 2.480315,
        -0.977326 -1.612936 2.480315,
        -0.977761 -1.620881 2.480315,
        -0.980141 -1.631808 2.480315,
        -0.984322 -1.640681 2.480315,
        -0.990497 -1.579103 2.480315,
        -0.987112 -1.582445 2.480315,
        -0.982465 -1.589187 2.480315,
        -0.979089 -1.597976 2.480315,
        -1.024336 -1.567809 2.480315,
        -1.008831 -1.569728 2.480315,
        -0.998563 -1.573635 2.480315,
      ]
    }
    coordIndex [
      94, 95, 88, -1,
      88, 95, 89, -1,
      96, 94, 93, -1,
      93, 94, 88, -1,
      97, 96, 92, -1,
      92, 96, 93, -1,
      98, 97, 91, -1,
      91, 97, 92, -1,
      99, 98, 90, -1,
      90, 98, 91, -1,
      95, 99, 89, -1,
      89, 99, 90, -1,
      97, 98, 96, -1,
      96, 98, 99, -1,
      96, 99, 94, -1,
      94, 99, 95, -1,
      100, 101, 3, -1,
      3, 101, 68, -1,
      3, 2, 100, -1,
      100, 2, 25, -1,
      100, 25, 102, -1,
      102, 25, 34, -1,
      102, 34, 103, -1,
      104, 103, 33, -1,
      33, 103, 34, -1,
      104, 33, 32, -1,
      104, 32, 105, -1,
      105, 32, 30, -1,
      105, 30, 106, -1,
      106, 30, 29, -1,
      106, 29, 107, -1,
      107, 29, 28, -1,
      107, 28, 108, -1,
      108, 28, 48, -1,
      108, 48, 109, -1,
      109, 48, 35, -1,
      109, 35, 110, -1,
      110, 35, 37, -1,
      110, 37, 111, -1,
      111, 37, 39, -1,
      111, 39, 112, -1,
      112, 39, 38, -1,
      112, 38, 113, -1,
      113, 38, 36, -1,
      113, 36, 114, -1,
      114, 36, 47, -1,
      114, 47, 115, -1,
      115, 47, 46, -1,
      115, 46, 116, -1,
      116, 46, 45, -1,
      116, 45, 117, -1,
      117, 45, 44, -1,
      117, 44, 118, -1,
      118, 44, 43, -1,
      118, 43, 119, -1,
      119, 43, 42, -1,
      119, 42, 120, -1,
      120, 42, 41, -1,
      120, 41, 121, -1,
      121, 41, 27, -1,
      121, 27, 122, -1,
      122, 27, 26, -1,
      122, 26, 123, -1,
      123, 26, 40, -1,
      123, 40, 124, -1,
      124, 40, 31, -1,
      124, 31, 125, -1,
      125, 31, 24, -1,
      125, 24, 126, -1,
      127, 126, 22, -1,
      22, 126, 24, -1,
      49, 128, 50, -1,
      50, 128, 129, -1,
      50, 129, 21, -1,
      21, 129, 127, -1,
      21, 127, 22, -1,
      128, 49, 1, -1,
      128, 1, 130, -1,
      1, 0, 130, -1,
      130, 0, 54, -1,
      130, 54, 131, -1,
      131, 54, 53, -1,
      131, 53, 132, -1,
      132, 53, 52, -1,
      132, 52, 133, -1,
      133, 52, 51, -1,
      133, 51, 134, -1,
      134, 51, 60, -1,
      134, 60, 135, -1,
      60, 59, 135, -1,
      135, 59, 58, -1,
      135, 58, 136, -1,
      136, 58, 57, -1,
      136, 57, 137, -1,
      137, 57, 56, -1,
      137, 56, 138, -1,
      138, 56, 55, -1,
      138, 55, 139, -1,
      55, 65, 139, -1,
      139, 65, 64, -1,
      139, 64, 140, -1,
      140, 64, 63, -1,
      140, 63, 141, -1,
      68, 101, 142, -1,
      141, 63, 62, -1,
      141, 62, 143, -1,
      143, 62, 61, -1,
      143, 61, 144, -1,
      144, 61, 66, -1,
      144, 66, 142, -1,
      142, 66, 67, -1,
      142, 67, 68, -1,
      133, 119, 132, -1,
      132, 119, 120, -1,
      132, 120, 131, -1,
      137, 115, 136, -1,
      136, 115, 116, -1,
      136, 116, 135, -1,
      135, 116, 134, -1,
      134, 116, 117, -1,
      134, 117, 133, -1,
      133, 117, 118, -1,
      133, 118, 119, -1,
      131, 120, 130, -1,
      130, 120, 121, -1,
      130, 121, 128, -1,
      103, 104, 102, -1,
      102, 104, 105, -1,
      102, 105, 100, -1,
      100, 105, 106, -1,
      100, 106, 101, -1,
      101, 106, 107, -1,
      101, 107, 142, -1,
      142, 107, 108, -1,
      142, 108, 144, -1,
      144, 108, 109, -1,
      144, 109, 143, -1,
      143, 109, 110, -1,
      143, 110, 141, -1,
      141, 110, 111, -1,
      141, 111, 140, -1,
      140, 111, 112, -1,
      140, 112, 139, -1,
      139, 112, 138, -1,
      138, 112, 113, -1,
      138, 113, 137, -1,
      137, 113, 114, -1,
      137, 114, 115, -1,
      121, 122, 128, -1,
      128, 122, 123, -1,
      128, 123, 129, -1,
      129, 123, 124, -1,
      129, 124, 127, -1,
      127, 124, 125, -1,
      127, 125, 126, -1,
      145, 146, 11, -1,
      11, 146, 12, -1,
      7, 147, 6, -1,
      6, 147, 145, -1,
      6, 145, 11, -1,
      148, 147, 5, -1,
      5, 147, 7, -1,
      13, 149, 4, -1,
      4, 149, 148, -1,
      4, 148, 5, -1,
      150, 149, 14, -1,
      14, 149, 13, -1,
      18, 151, 15, -1,
      15, 151, 150, -1,
      15, 150, 14, -1,
      152, 151, 17, -1,
      17, 151, 18, -1,
      10, 153, 16, -1,
      16, 153, 152, -1,
      16, 152, 17, -1,
      154, 153, 8, -1,
      8, 153, 10, -1,
      19, 155, 9, -1,
      9, 155, 154, -1,
      9, 154, 8, -1,
      156, 155, 20, -1,
      20, 155, 19, -1,
      12, 146, 23, -1,
      23, 146, 156, -1,
      23, 156, 20, -1,
      156, 146, 145, -1,
      145, 147, 156, -1,
      156, 147, 148, -1,
      156, 148, 155, -1,
      153, 154, 152, -1,
      152, 154, 155, -1,
      152, 155, 151, -1,
      151, 155, 148, -1,
      151, 148, 150, -1,
      150, 148, 149, -1,
      157, 158, 159, -1,
      159, 158, 160, -1,
      159, 160, 161, -1,
      161, 160, 162, -1,
      161, 162, 163, -1,
      163, 162, 164, -1,
      163, 164, 165, -1,
      165, 164, 166, -1,
      165, 166, 167, -1,
      167, 166, 168, -1,
      167, 168, 169, -1,
      168, 170, 169, -1,
      169, 170, 171, -1,
      169, 171, 172, -1,
      172, 171, 173, -1,
      172, 173, 174, -1,
      174, 173, 175, -1,
      174, 175, 176, -1,
      176, 175, 177, -1,
      176, 177, 178, -1,
      178, 177, 179, -1,
      178, 179, 180, -1,
      180, 179, 181, -1,
      180, 181, 182, -1,
      182, 181, 183, -1,
      182, 183, 184, -1,
      184, 183, 185, -1,
      184, 185, 186, -1,
      186, 185, 187, -1,
      186, 187, 188, -1,
      188, 187, 189, -1,
      188, 189, 190, -1,
      190, 189, 191, -1,
      190, 191, 157, -1,
      157, 191, 192, -1,
      157, 192, 158, -1,
      163, 165, 85, -1,
      85, 165, 86, -1,
      75, 157, 159, -1,
      163, 85, 84, -1,
      163, 84, 161, -1,
      161, 84, 73, -1,
      161, 73, 159, -1,
      159, 73, 74, -1,
      159, 74, 75, -1,
      157, 75, 70, -1,
      157, 70, 190, -1,
      190, 70, 69, -1,
      190, 69, 188, -1,
      188, 69, 81, -1,
      188, 81, 186, -1,
      186, 81, 80, -1,
      186, 80, 184, -1,
      184, 80, 79, -1,
      184, 79, 182, -1,
      182, 79, 78, -1,
      182, 78, 180, -1,
      180, 78, 77, -1,
      180, 77, 178, -1,
      178, 77, 76, -1,
      178, 76, 176, -1,
      82, 169, 172, -1,
      176, 76, 72, -1,
      176, 72, 174, -1,
      174, 72, 71, -1,
      174, 71, 172, -1,
      172, 71, 83, -1,
      172, 83, 82, -1,
      167, 169, 87, -1,
      87, 169, 82, -1,
      165, 167, 86, -1,
      86, 167, 87, -1,
      170, 168, 193, -1,
      193, 168, 194, -1,
      168, 166, 194, -1,
      194, 166, 195, -1,
      166, 164, 195, -1,
      195, 164, 196, -1,
      192, 197, 198, -1,
      192, 198, 158, -1,
      158, 198, 199, -1,
      158, 199, 160, -1,
      160, 199, 200, -1,
      160, 200, 162, -1,
      162, 200, 196, -1,
      162, 196, 164, -1,
      185, 201, 202, -1,
      185, 202, 187, -1,
      187, 202, 203, -1,
      187, 203, 189, -1,
      189, 203, 204, -1,
      189, 204, 191, -1,
      191, 204, 197, -1,
      191, 197, 192, -1,
      177, 205, 206, -1,
      177, 206, 179, -1,
      179, 206, 207, -1,
      179, 207, 181, -1,
      181, 207, 208, -1,
      181, 208, 183, -1,
      183, 208, 201, -1,
      183, 201, 185, -1,
      170, 193, 209, -1,
      170, 209, 171, -1,
      171, 209, 210, -1,
      171, 210, 173, -1,
      173, 210, 211, -1,
      173, 211, 175, -1,
      175, 211, 205, -1,
      175, 205, 177, -1,
    ]
  }
}

Shape {
  appearance Appearance {
    material Material {
      diffuseColor 0.5020 0.5020 0.5020
      specularColor 0.2510 0.2510 0.2510
      ambientIntensity 0.2
      transparency 0.0000
      shininess 0.5
    }
  }
  geometry IndexedFaceSet {
    ccw TRUE
    solid FALSE
    coord DEF co Coordinate {
      point [
        -1.025159 -1.567805 2.480315,
        -1.043304 -1.567805 2.480315,
        -1.043304 -1.660401 2.480315,
        -1.025865 -1.660401 2.480315,
        -0.990159 -1.647875 2.480315,
        -0.991601 -1.649217 2.480315,
        -0.999357 -1.654592 2.480315,
        -1.009292 -1.658431 2.480315,
        -0.977326 -1.612936 2.480315,
        -0.977761 -1.620881 2.480315,
        -0.980141 -1.631808 2.480315,
        -0.984322 -1.640681 2.480315,
        -0.990497 -1.579103 2.480315,
        -0.987112 -1.582445 2.480315,
        -0.982465 -1.589187 2.480315,
        -0.979089 -1.597976 2.480315,
        -1.024336 -1.567809 2.480315,
        -1.008831 -1.569728 2.480315,
        -0.998563 -1.573635 2.480315,
      ]
    }
    coordIndex [
      6, 5, 16, -1,
      1, 2, 0, -1,
      0, 2, 3, -1,
      0, 3, 16, -1,
      16, 3, 7, -1,
      16, 7, 6, -1,
      5, 4, 16, -1,
      16, 4, 11, -1,
      16, 11, 10, -1,
      8, 12, 18, -1,
      15, 14, 8, -1,
      8, 14, 13, -1,
      8, 13, 12, -1,
      10, 9, 16, -1,
      16, 9, 8, -1,
      16, 8, 17, -1,
      17, 8, 18, -1,
    ]
  }
}

Shape {
  appearance Appearance {
    material Material {
      diffuseColor 1.0000 1.0000 1.0000
      specularColor 0.7020 0.7020 0.7020
      ambientIntensity 0.2
      transparency 0.0000
      shininess 0.5
    }
  }
  geometry IndexedFaceSet {
    ccw TRUE
    solid FALSE
    coord DEF co Coordinate {
      point [
        -0.875673 -1.641243 2.480315,
        -0.919745 -1.641243 2.480315,
        -0.863423 -1.674094 2.480315,
        -0.846292 -1.674094 2.480315,
        -0.892037 -1.553989 2.480315,
        -0.925686 -1.641243 2.480315,
        -0.937230 -1.674094 2.480315,
        -0.954361 -1.674094 2.480315,
        -0.919745 -1.583209 2.480315,
        -0.908616 -1.553989 2.480315,
        -0.920774 -1.627673 2.480709,
        -0.925686 -1.641243 2.480709,
        -0.880463 -1.627673 2.480709,
        -0.875673 -1.641243 2.480709,
        -0.902813 -1.577752 2.480709,
        -0.908616 -1.553989 2.480709,
        -0.954361 -1.674094 2.480709,
        -0.937230 -1.674094 2.480709,
        -0.901773 -1.574168 2.480709,
        -0.900848 -1.569340 2.480709,
        -0.892037 -1.553989 2.480709,
        -0.900480 -1.569340 2.480709,
        -0.899509 -1.574421 2.480709,
        -0.898607 -1.577752 2.480709,
        -0.846292 -1.674094 2.480709,
        -0.863423 -1.674094 2.480709,
        -0.920774 -1.627673 2.480315,
        -0.880463 -1.627673 2.480315,
        -0.898607 -1.577752 2.480315,
        -0.900480 -1.569340 2.480315,
        -0.899509 -1.574421 2.480315,
        -0.900848 -1.569340 2.480315,
        -0.902813 -1.577752 2.480315,
        -0.901773 -1.574168 2.480315,
      ]
    }
    coordIndex [
      10, 11, 12, -1,
      12, 11, 13, -1,
      14, 15, 10, -1,
      10, 15, 16, -1,
      10, 16, 11, -1,
      11, 16, 17, -1,
      14, 18, 15, -1,
      15, 18, 19, -1,
      15, 19, 20, -1,
      20, 19, 21, -1,
      20, 21, 22, -1,
      22, 23, 20, -1,
      20, 23, 12, -1,
      20, 12, 24, -1,
      24, 12, 13, -1,
      24, 13, 25, -1,
      20, 24, 4, -1,
      4, 24, 3, -1,
      15, 20, 9, -1,
      9, 20, 4, -1,
      7, 16, 8, -1,
      8, 16, 15, -1,
      8, 15, 9, -1,
      17, 16, 6, -1,
      6, 16, 7, -1,
      11, 17, 5, -1,
      5, 17, 6, -1,
      0, 13, 1, -1,
      1, 13, 11, -1,
      1, 11, 5, -1,
      25, 13, 2, -1,
      2, 13, 0, -1,
      24, 25, 3, -1,
      3, 25, 2, -1,
      10, 12, 26, -1,
      26, 12, 27, -1,
      12, 23, 27, -1,
      27, 23, 28, -1,
      21, 29, 30, -1,
      21, 30, 22, -1,
      22, 30, 28, -1,
      22, 28, 23, -1,
      21, 19, 29, -1,
      29, 19, 31, -1,
      14, 32, 33, -1,
      14, 33, 18, -1,
      18, 33, 31, -1,
      18, 31, 19, -1,
      14, 10, 32, -1,
      32, 10, 26, -1,
    ]
  }
}

Shape {
  appearance Appearance {
    material Material {
      diffuseColor 0.5020 0.5020 0.5020
      specularColor 0.2510 0.2510 0.2510
      ambientIntensity 0.2
      transparency 0.0000
      shininess 0.5
    }
  }
  geometry IndexedFaceSet {
    ccw TRUE
    solid FALSE
    coord DEF co Coordinate {
      point [
        -0.920774 -1.627673 2.480315,
        -0.880463 -1.627673 2.480315,
        -0.898607 -1.577752 2.480315,
        -0.900480 -1.569340 2.480315,
        -0.899509 -1.574421 2.480315,
        -0.900848 -1.569340 2.480315,
        -0.902813 -1.577752 2.480315,
        -0.901773 -1.574168 2.480315,
      ]
    }
    coordIndex [
      3, 5, 4, -1,
      4, 5, 7, -1,
      4, 7, 2, -1,
      2, 7, 6, -1,
      2, 6, 1, -1,
      1, 6, 0, -1,
    ]
  }
}

Shape {
  appearance Appearance {
    material Material {
      diffuseColor 1.0000 1.0000 1.0000
      specularColor 0.7020 0.7020 0.7020
      ambientIntensity 0.2
      transparency 0.0000
      shininess 0.5
    }
  }
  geometry IndexedFaceSet {
    ccw TRUE
    solid FALSE
    coord DEF co Coordinate {
      point [
        -1.208216 -1.863572 2.480315,
        -1.213911 -1.865641 2.480315,
        -1.195430 -1.864628 2.480315,
        -1.243122 -1.823609 2.480315,
        -1.240929 -1.799479 2.480315,
        -1.246162 -1.827892 2.480315,
        -1.248261 -1.833172 2.480315,
        -1.203019 -1.860129 2.480315,
        -1.231108 -1.865609 2.480315,
        -1.236876 -1.863434 2.480315,
        -1.246740 -1.853592 2.480315,
        -1.248564 -1.848508 2.480315,
        -1.240929 -1.784865 2.480315,
        -1.237781 -1.783043 2.480315,
        -1.195933 -1.779650 2.480315,
        -1.238457 -1.819629 2.480315,
        -1.231948 -1.816359 2.480315,
        -1.231860 -1.793582 2.480315,
        -1.220850 -1.813663 2.480315,
        -1.207710 -1.789635 2.480315,
        -1.212807 -1.789102 2.480315,
        -1.222474 -1.790190 2.480315,
        -1.241942 -1.859899 2.480315,
        -1.243611 -1.858209 2.480315,
        -1.195430 -1.851364 2.480315,
        -1.195829 -1.851364 2.480315,
        -1.198257 -1.855046 2.480315,
        -1.226587 -1.778718 2.480315,
        -1.211394 -1.776882 2.480315,
        -1.202256 -1.777716 2.480315,
        -1.249311 -1.841663 2.480315,
        -1.249257 -1.839613 2.480315,
        -1.190944 -1.782518 2.480315,
        -1.186941 -1.786368 2.480315,
        -1.183872 -1.791247 2.480315,
        -1.181526 -1.798129 2.480315,
        -1.195430 -1.810102 2.480315,
        -1.195953 -1.803450 2.480315,
        -1.197508 -1.798093 2.480315,
        -1.199276 -1.794995 2.480315,
        -1.180386 -1.809426 2.480315,
        -1.201550 -1.792576 2.480315,
        -1.204221 -1.790854 2.480315,
        -1.214308 -1.865785 2.480315,
        -1.222109 -1.866654 2.480315,
        -1.230834 -1.865641 2.480315,
        -1.180386 -1.864628 2.480315,
        -1.328306 -1.864628 2.480315,
        -1.263710 -1.864628 2.480315,
        -1.263710 -1.850935 2.480315,
        -1.266442 -1.758339 2.480315,
        -1.328306 -1.744523 2.480315,
        -1.266442 -1.744523 2.480315,
        -1.312802 -1.810531 2.480315,
        -1.312802 -1.850935 2.480315,
        -1.269850 -1.810531 2.480315,
        -1.269850 -1.796777 2.480315,
        -1.312802 -1.796777 2.480315,
        -1.312802 -1.758339 2.480315,
        -1.263710 -1.850935 2.480709,
        -1.263710 -1.864628 2.480709,
        -1.312802 -1.850935 2.480709,
        -1.312802 -1.810531 2.480709,
        -1.269850 -1.810531 2.480709,
        -1.269850 -1.796777 2.480709,
        -1.312802 -1.796777 2.480709,
        -1.312802 -1.758339 2.480709,
        -1.266442 -1.758339 2.480709,
        -1.266442 -1.744523 2.480709,
        -1.328306 -1.744523 2.480709,
        -1.328306 -1.864628 2.480709,
        -1.195430 -1.864628 2.480709,
        -1.180386 -1.864628 2.480709,
        -1.195430 -1.851364 2.480709,
        -1.180386 -1.809426 2.480709,
        -1.195430 -1.810102 2.480709,
        -1.228216 -1.828133 2.480709,
        -1.224730 -1.826441 2.480709,
        -1.195829 -1.851364 2.480709,
        -1.203763 -1.849156 2.480709,
        -1.198257 -1.855046 2.480709,
        -1.208015 -1.852024 2.480709,
        -1.215508 -1.824286 2.480709,
        -1.195430 -1.821584 2.480709,
        -1.195430 -1.829812 2.480709,
        -1.195444 -1.830810 2.480709,
        -1.196413 -1.837522 2.480709,
        -1.198619 -1.842890 2.480709,
        -1.201877 -1.847312 2.480709,
        -1.195953 -1.803450 2.480709,
        -1.181526 -1.798129 2.480709,
        -1.197508 -1.798093 2.480709,
        -1.183872 -1.791247 2.480709,
        -1.199276 -1.794995 2.480709,
        -1.186941 -1.786368 2.480709,
        -1.201550 -1.792576 2.480709,
        -1.190944 -1.782518 2.480709,
        -1.204221 -1.790854 2.480709,
        -1.195933 -1.779650 2.480709,
        -1.207710 -1.789635 2.480709,
        -1.202256 -1.777716 2.480709,
        -1.212807 -1.789102 2.480709,
        -1.211394 -1.776882 2.480709,
        -1.222474 -1.790190 2.480709,
        -1.226587 -1.778718 2.480709,
        -1.231860 -1.793582 2.480709,
        -1.237781 -1.783043 2.480709,
        -1.240929 -1.799479 2.480709,
        -1.240929 -1.784865 2.480709,
        -1.230972 -1.849157 2.480709,
        -1.241942 -1.859899 2.480709,
        -1.229693 -1.850443 2.480709,
        -1.236876 -1.863434 2.480709,
        -1.226694 -1.852491 2.480709,
        -1.231108 -1.865609 2.480709,
        -1.223291 -1.853739 2.480709,
        -1.222109 -1.866654 2.480709,
        -1.218210 -1.854311 2.480709,
        -1.214308 -1.865785 2.480709,
        -1.212579 -1.853682 2.480709,
        -1.208216 -1.863572 2.480709,
        -1.203019 -1.860129 2.480709,
        -1.233924 -1.838047 2.480709,
        -1.249257 -1.839613 2.480709,
        -1.234052 -1.840435 2.480709,
        -1.249311 -1.841663 2.480709,
        -1.233670 -1.843888 2.480709,
        -1.248564 -1.848508 2.480709,
        -1.232681 -1.846622 2.480709,
        -1.246740 -1.853592 2.480709,
        -1.243611 -1.858209 2.480709,
        -1.220850 -1.813663 2.480709,
        -1.231948 -1.816359 2.480709,
        -1.230061 -1.829566 2.480709,
        -1.238457 -1.819629 2.480709,
        -1.231861 -1.831796 2.480709,
        -1.243122 -1.823609 2.480709,
        -1.233182 -1.834602 2.480709,
        -1.246162 -1.827892 2.480709,
        -1.248261 -1.833172 2.480709,
        -1.230061 -1.829566 2.480315,
        -1.228216 -1.828133 2.480315,
        -1.224730 -1.826441 2.480315,
        -1.215508 -1.824286 2.480315,
        -1.234052 -1.840435 2.480315,
        -1.233924 -1.838047 2.480315,
        -1.233182 -1.834602 2.480315,
        -1.231861 -1.831796 2.480315,
        -1.229693 -1.850443 2.480315,
        -1.230972 -1.849157 2.480315,
        -1.232681 -1.846622 2.480315,
        -1.233670 -1.843888 2.480315,
        -1.218210 -1.854311 2.480315,
        -1.223291 -1.853739 2.480315,
        -1.226694 -1.852491 2.480315,
        -1.201877 -1.847312 2.480315,
        -1.203763 -1.849156 2.480315,
        -1.208015 -1.852024 2.480315,
        -1.212579 -1.853682 2.480315,
        -1.195430 -1.829812 2.480315,
        -1.195444 -1.830810 2.480315,
        -1.196413 -1.837522 2.480315,
        -1.198619 -1.842890 2.480315,
        -1.195430 -1.821584 2.480315,
      ]
    }
    coordIndex [
      59, 60, 49, -1,
      49, 60, 48, -1,
      61, 59, 54, -1,
      54, 59, 49, -1,
      62, 61, 53, -1,
      53, 61, 54, -1,
      63, 62, 55, -1,
      55, 62, 53, -1,
      64, 63, 56, -1,
      56, 63, 55, -1,
      65, 64, 57, -1,
      57, 64, 56, -1,
      66, 65, 58, -1,
      58, 65, 57, -1,
      67, 66, 50, -1,
      50, 66, 58, -1,
      68, 67, 52, -1,
      52, 67, 50, -1,
      69, 68, 51, -1,
      51, 68, 52, -1,
      70, 69, 47, -1,
      47, 69, 51, -1,
      60, 70, 48, -1,
      48, 70, 47, -1,
      70, 60, 59, -1,
      59, 61, 70, -1,
      70, 61, 62, -1,
      70, 62, 69, -1,
      67, 68, 66, -1,
      66, 68, 69, -1,
      66, 69, 65, -1,
      65, 69, 62, -1,
      65, 62, 64, -1,
      64, 62, 63, -1,
      71, 72, 73, -1,
      73, 72, 74, -1,
      75, 76, 77, -1,
      78, 79, 80, -1,
      80, 79, 81, -1,
      82, 83, 74, -1,
      74, 83, 84, -1,
      84, 85, 74, -1,
      74, 85, 86, -1,
      74, 86, 73, -1,
      73, 86, 87, -1,
      73, 87, 78, -1,
      78, 87, 88, -1,
      78, 88, 79, -1,
      77, 82, 75, -1,
      75, 82, 74, -1,
      75, 74, 89, -1,
      89, 74, 90, -1,
      89, 90, 91, -1,
      91, 90, 92, -1,
      91, 92, 93, -1,
      93, 92, 94, -1,
      93, 94, 95, -1,
      95, 94, 96, -1,
      95, 96, 97, -1,
      97, 96, 98, -1,
      97, 98, 99, -1,
      99, 98, 100, -1,
      99, 100, 101, -1,
      101, 100, 102, -1,
      101, 102, 103, -1,
      103, 102, 104, -1,
      103, 104, 105, -1,
      105, 104, 106, -1,
      105, 106, 107, -1,
      107, 106, 108, -1,
      109, 110, 111, -1,
      111, 110, 112, -1,
      111, 112, 113, -1,
      113, 112, 114, -1,
      113, 114, 115, -1,
      115, 114, 116, -1,
      115, 116, 117, -1,
      117, 116, 118, -1,
      117, 118, 119, -1,
      119, 118, 120, -1,
      119, 120, 81, -1,
      81, 120, 121, -1,
      81, 121, 80, -1,
      122, 123, 124, -1,
      124, 123, 125, -1,
      124, 125, 126, -1,
      126, 125, 127, -1,
      126, 127, 128, -1,
      128, 127, 129, -1,
      128, 129, 109, -1,
      109, 129, 130, -1,
      109, 130, 110, -1,
      75, 131, 76, -1,
      76, 131, 132, -1,
      76, 132, 133, -1,
      133, 132, 134, -1,
      133, 134, 135, -1,
      135, 134, 136, -1,
      135, 136, 137, -1,
      137, 136, 138, -1,
      137, 138, 122, -1,
      122, 138, 139, -1,
      122, 139, 123, -1,
      102, 28, 27, -1,
      102, 27, 104, -1,
      104, 27, 13, -1,
      104, 13, 106, -1,
      106, 13, 12, -1,
      106, 12, 108, -1,
      107, 108, 4, -1,
      4, 108, 12, -1,
      107, 4, 17, -1,
      107, 17, 105, -1,
      105, 17, 21, -1,
      105, 21, 103, -1,
      103, 21, 20, -1,
      103, 20, 101, -1,
      101, 20, 19, -1,
      101, 19, 99, -1,
      99, 19, 42, -1,
      99, 42, 97, -1,
      97, 42, 41, -1,
      97, 41, 95, -1,
      95, 41, 39, -1,
      95, 39, 93, -1,
      93, 39, 38, -1,
      93, 38, 91, -1,
      91, 38, 37, -1,
      91, 37, 89, -1,
      89, 37, 36, -1,
      89, 36, 75, -1,
      131, 75, 18, -1,
      18, 75, 36, -1,
      131, 18, 16, -1,
      131, 16, 132, -1,
      132, 16, 15, -1,
      132, 15, 134, -1,
      134, 15, 3, -1,
      134, 3, 136, -1,
      136, 3, 5, -1,
      136, 5, 138, -1,
      138, 5, 6, -1,
      138, 6, 139, -1,
      139, 6, 31, -1,
      139, 31, 123, -1,
      123, 31, 30, -1,
      123, 30, 125, -1,
      125, 30, 11, -1,
      125, 11, 127, -1,
      127, 11, 10, -1,
      127, 10, 129, -1,
      129, 10, 23, -1,
      129, 23, 130, -1,
      130, 23, 22, -1,
      130, 22, 110, -1,
      44, 116, 45, -1,
      45, 116, 114, -1,
      45, 114, 8, -1,
      8, 114, 112, -1,
      8, 112, 9, -1,
      9, 112, 110, -1,
      9, 110, 22, -1,
      116, 44, 43, -1,
      116, 43, 118, -1,
      118, 43, 1, -1,
      118, 1, 120, -1,
      1, 0, 120, -1,
      120, 0, 7, -1,
      120, 7, 121, -1,
      121, 7, 26, -1,
      121, 26, 80, -1,
      80, 26, 25, -1,
      80, 25, 78, -1,
      73, 78, 24, -1,
      24, 78, 25, -1,
      71, 73, 2, -1,
      2, 73, 24, -1,
      72, 71, 46, -1,
      46, 71, 2, -1,
      74, 72, 40, -1,
      40, 72, 46, -1,
      74, 40, 35, -1,
      74, 35, 90, -1,
      90, 35, 34, -1,
      90, 34, 92, -1,
      92, 34, 33, -1,
      92, 33, 94, -1,
      94, 33, 32, -1,
      94, 32, 96, -1,
      96, 32, 14, -1,
      96, 14, 98, -1,
      98, 14, 29, -1,
      98, 29, 100, -1,
      100, 29, 28, -1,
      100, 28, 102, -1,
      133, 140, 141, -1,
      133, 141, 76, -1,
      76, 141, 142, -1,
      76, 142, 77, -1,
      77, 142, 143, -1,
      77, 143, 82, -1,
      124, 144, 145, -1,
      124, 145, 122, -1,
      122, 145, 146, -1,
      122, 146, 137, -1,
      137, 146, 147, -1,
      137, 147, 135, -1,
      135, 147, 140, -1,
      135, 140, 133, -1,
      111, 148, 149, -1,
      111, 149, 109, -1,
      109, 149, 150, -1,
      109, 150, 128, -1,
      128, 150, 151, -1,
      128, 151, 126, -1,
      126, 151, 144, -1,
      126, 144, 124, -1,
      117, 152, 153, -1,
      117, 153, 115, -1,
      115, 153, 154, -1,
      115, 154, 113, -1,
      113, 154, 148, -1,
      113, 148, 111, -1,
      88, 155, 156, -1,
      88, 156, 79, -1,
      79, 156, 157, -1,
      79, 157, 81, -1,
      81, 157, 158, -1,
      81, 158, 119, -1,
      119, 158, 152, -1,
      119, 152, 117, -1,
      84, 159, 160, -1,
      84, 160, 85, -1,
      85, 160, 161, -1,
      85, 161, 86, -1,
      86, 161, 162, -1,
      86, 162, 87, -1,
      87, 162, 155, -1,
      87, 155, 88, -1,
      84, 83, 159, -1,
      159, 83, 163, -1,
      83, 82, 163, -1,
      163, 82, 143, -1,
    ]
  }
}

Shape {
  appearance Appearance {
    material Material {
      diffuseColor 0.5020 0.5020 0.5020
      specularColor 0.2510 0.2510 0.2510
      ambientIntensity 0.2
      transparency 0.0000
      shininess 0.5
    }
  }
  geometry IndexedFaceSet {
    ccw TRUE
    solid FALSE
    coord DEF co Coordinate {
      point [
        -1.230061 -1.829566 2.480315,
        -1.228216 -1.828133 2.480315,
        -1.224730 -1.826441 2.480315,
        -1.215508 -1.824286 2.480315,
        -1.234052 -1.840435 2.480315,
        -1.233924 -1.838047 2.480315,
        -1.233182 -1.834602 2.480315,
        -1.231861 -1.831796 2.480315,
        -1.229693 -1.850443 2.480315,
        -1.230972 -1.849157 2.480315,
        -1.232681 -1.846622 2.480315,
        -1.233670 -1.843888 2.480315,
        -1.218210 -1.854311 2.480315,
        -1.223291 -1.853739 2.480315,
        -1.226694 -1.852491 2.480315,
        -1.201877 -1.847312 2.480315,
        -1.203763 -1.849156 2.480315,
        -1.208015 -1.852024 2.480315,
        -1.212579 -1.853682 2.480315,
        -1.195430 -1.829812 2.480315,
        -1.195444 -1.830810 2.480315,
        -1.196413 -1.837522 2.480315,
        -1.198619 -1.842890 2.480315,
        -1.195430 -1.821584 2.480315,
      ]
    }
    coordIndex [
      20, 19, 0, -1,
      19, 23, 3, -1,
      3, 2, 19, -1,
      19, 2, 1, -1,
      19, 1, 0, -1,
      20, 0, 21, -1,
      21, 0, 7, -1,
      21, 7, 22, -1,
      9, 8, 16, -1,
      9, 16, 10, -1,
      17, 16, 18, -1,
      18, 16, 12, -1,
      7, 6, 22, -1,
      22, 6, 5, -1,
      22, 5, 15, -1,
      15, 5, 4, -1,
      15, 4, 16, -1,
      16, 4, 11, -1,
      16, 11, 10, -1,
      8, 14, 16, -1,
      16, 14, 13, -1,
      16, 13, 12, -1,
    ]
  }
}

Shape {
  appearance Appearance {
    material Material {
      diffuseColor 1.0000 1.0000 1.0000
      specularColor 0.7020 0.7020 0.7020
      ambientIntensity 0.2
      transparency 0.0000
      shininess 0.5
    }
  }
  geometry IndexedFaceSet {
    ccw TRUE
    solid FALSE
    coord DEF co Coordinate {
      point [
        -1.125124 -1.865513 2.480315,
        -1.126425 -1.865641 2.480315,
        -1.157523 -1.791774 2.480315,
        -1.154728 -1.787707 2.480315,
        -1.159314 -1.796617 2.480315,
        -1.153179 -1.818140 2.480315,
        -1.160000 -1.846083 2.480315,
        -1.153046 -1.818228 2.480315,
        -1.154171 -1.849694 2.480315,
        -1.153046 -1.850119 2.480315,
        -1.155641 -1.815567 2.480315,
        -1.157602 -1.812431 2.480315,
        -1.159261 -1.807837 2.480315,
        -1.159908 -1.801996 2.480315,
        -1.160000 -1.861619 2.480315,
        -1.153046 -1.864163 2.480315,
        -1.150599 -1.865058 2.480315,
        -1.145534 -1.865641 2.480315,
        -1.136728 -1.866654 2.480315,
        -1.106180 -1.780689 2.480315,
        -1.106180 -1.795304 2.480315,
        -1.150268 -1.783698 2.480315,
        -1.145578 -1.780920 2.480315,
        -1.102782 -1.847339 2.480315,
        -1.104629 -1.852106 2.480315,
        -1.107433 -1.856074 2.480315,
        -1.153046 -1.786196 2.480315,
        -1.137264 -1.778016 2.480315,
        -1.126505 -1.776882 2.480315,
        -1.116167 -1.777779 2.480315,
        -1.107101 -1.827110 2.480315,
        -1.104293 -1.831254 2.480315,
        -1.102688 -1.835690 2.480315,
        -1.102066 -1.841294 2.480315,
        -1.111737 -1.859838 2.480315,
        -1.116728 -1.862734 2.480315,
        -1.127978 -1.789102 2.480315,
        -1.132431 -1.789435 2.480315,
        -1.144404 -1.800645 2.480315,
        -1.136456 -1.790501 2.480315,
        -1.139829 -1.792294 2.480315,
        -1.144267 -1.802646 2.480315,
        -1.143670 -1.804983 2.480315,
        -1.142586 -1.807013 2.480315,
        -1.141119 -1.808628 2.480315,
        -1.135815 -1.811944 2.480315,
        -1.118118 -1.790220 2.480315,
        -1.126505 -1.815996 2.480315,
        -1.109631 -1.793327 2.480315,
        -1.120680 -1.818353 2.480315,
        -1.110688 -1.823909 2.480315,
        -1.142099 -1.794300 2.480315,
        -1.143389 -1.796215 2.480315,
        -1.144131 -1.798246 2.480315,
        -1.144742 -1.853257 2.480315,
        -1.137128 -1.826926 2.480315,
        -1.146094 -1.822816 2.480315,
        -1.135255 -1.854373 2.480315,
        -1.134590 -1.854369 2.480315,
        -1.127249 -1.831063 2.480315,
        -1.126878 -1.853505 2.480315,
        -1.117509 -1.842768 2.480315,
        -1.117656 -1.840896 2.480315,
        -1.122996 -1.852084 2.480315,
        -1.121625 -1.851252 2.480315,
        -1.119898 -1.849719 2.480315,
        -1.118585 -1.847777 2.480315,
        -1.117821 -1.845638 2.480315,
        -1.118340 -1.838547 2.480315,
        -1.119503 -1.836553 2.480315,
        -1.121378 -1.834601 2.480315,
        -1.027492 -1.778847 2.480315,
        -1.011896 -1.778847 2.480315,
        -1.055001 -1.843320 2.480315,
        -1.053159 -1.850382 2.480315,
        -1.052759 -1.850382 2.480315,
        -1.070152 -1.799735 2.480315,
        -1.050917 -1.843443 2.480315,
        -1.052069 -1.847442 2.480315,
        -1.070152 -1.840115 2.480315,
        -1.094237 -1.778847 2.480315,
        -1.077413 -1.778847 2.480315,
        -1.060589 -1.864443 2.480315,
        -1.061095 -1.865641 2.480315,
        -1.067189 -1.880039 2.480315,
        -1.091137 -1.903802 2.480315,
        -1.091137 -1.890417 2.480315,
        -1.072966 -1.888607 2.480315,
        -1.070163 -1.885483 2.480315,
        -1.070152 -1.885462 2.480315,
        -1.088059 -1.891425 2.480315,
        -1.082602 -1.892136 2.480315,
        -1.070152 -1.902349 2.480315,
        -1.075357 -1.904332 2.480315,
        -1.081435 -1.905031 2.480315,
        -1.084756 -1.904911 2.480315,
        -1.078869 -1.891702 2.480315,
        -1.075587 -1.890438 2.480315,
        -1.050825 -1.877583 2.480315,
        -1.057636 -1.890847 2.480315,
        -1.046117 -1.865641 2.480315,
        -1.063141 -1.897457 2.480315,
        -1.064167 -1.898398 2.480315,
        -1.069421 -1.902070 2.480315,
        -0.957693 -1.810531 2.480315,
        -0.980181 -1.810531 2.480315,
        -0.957693 -1.850935 2.480315,
        -0.980181 -1.850935 2.480315,
        -0.933822 -1.744523 2.480315,
        -0.933822 -1.758339 2.480315,
        -0.931089 -1.850935 2.480315,
        -0.931089 -1.864628 2.480315,
        -0.937230 -1.810531 2.480315,
        -0.937230 -1.796777 2.480315,
        -0.957693 -1.796777 2.480315,
        -0.957693 -1.758339 2.480315,
        -0.980181 -1.758339 2.480315,
        -0.980181 -1.796777 2.480315,
        -0.957693 -1.864628 2.480315,
        -0.995685 -1.864628 2.480315,
        -0.995685 -1.744523 2.480315,
        -0.957693 -1.744523 2.480315,
        -0.813891 -1.824763 2.480315,
        -0.810979 -1.810704 2.480315,
        -0.810617 -1.803040 2.480315,
        -0.812604 -1.786544 2.480315,
        -0.819808 -1.837184 2.480315,
        -0.828731 -1.847803 2.480315,
        -0.841330 -1.856826 2.480315,
        -0.908401 -1.744523 2.480315,
        -0.908401 -1.864628 2.480315,
        -0.875366 -1.864628 2.480315,
        -0.855033 -1.862161 2.480315,
        -0.828731 -1.760426 2.480315,
        -0.824466 -1.764601 2.480315,
        -0.817039 -1.775081 2.480315,
        -0.874138 -1.744523 2.480315,
        -0.855798 -1.746548 2.480315,
        -0.841304 -1.751844 2.480315,
        -1.135255 -1.854373 2.480709,
        -1.154171 -1.849694 2.480709,
        -1.144742 -1.853257 2.480709,
        -1.160000 -1.846083 2.480709,
        -1.160000 -1.861619 2.480709,
        -1.150599 -1.865058 2.480709,
        -1.136728 -1.866654 2.480709,
        -1.125124 -1.865513 2.480709,
        -1.116728 -1.862734 2.480709,
        -1.111737 -1.859838 2.480709,
        -1.107433 -1.856074 2.480709,
        -1.104629 -1.852106 2.480709,
        -1.102782 -1.847339 2.480709,
        -1.102066 -1.841294 2.480709,
        -1.102688 -1.835690 2.480709,
        -1.104293 -1.831254 2.480709,
        -1.107101 -1.827110 2.480709,
        -1.110688 -1.823909 2.480709,
        -1.120680 -1.818353 2.480709,
        -1.126505 -1.815996 2.480709,
        -1.135815 -1.811944 2.480709,
        -1.141119 -1.808628 2.480709,
        -1.142586 -1.807013 2.480709,
        -1.143670 -1.804983 2.480709,
        -1.144267 -1.802646 2.480709,
        -1.144404 -1.800645 2.480709,
        -1.144131 -1.798246 2.480709,
        -1.143389 -1.796215 2.480709,
        -1.142099 -1.794300 2.480709,
        -1.139829 -1.792294 2.480709,
        -1.136456 -1.790501 2.480709,
        -1.132431 -1.789435 2.480709,
        -1.127978 -1.789102 2.480709,
        -1.118118 -1.790220 2.480709,
        -1.109631 -1.793327 2.480709,
        -1.106180 -1.795304 2.480709,
        -1.106180 -1.780689 2.480709,
        -1.116167 -1.777779 2.480709,
        -1.126505 -1.776882 2.480709,
        -1.137264 -1.778016 2.480709,
        -1.145578 -1.780920 2.480709,
        -1.150268 -1.783698 2.480709,
        -1.154728 -1.787707 2.480709,
        -1.157523 -1.791774 2.480709,
        -1.159314 -1.796617 2.480709,
        -1.159908 -1.801996 2.480709,
        -1.159261 -1.807837 2.480709,
        -1.157602 -1.812431 2.480709,
        -1.155641 -1.815567 2.480709,
        -1.137128 -1.826926 2.480709,
        -1.146094 -1.822816 2.480709,
        -1.153179 -1.818140 2.480709,
        -1.127249 -1.831063 2.480709,
        -1.121378 -1.834601 2.480709,
        -1.119503 -1.836553 2.480709,
        -1.118340 -1.838547 2.480709,
        -1.117656 -1.840896 2.480709,
        -1.117509 -1.842768 2.480709,
        -1.117821 -1.845638 2.480709,
        -1.118585 -1.847777 2.480709,
        -1.119898 -1.849719 2.480709,
        -1.121625 -1.851252 2.480709,
        -1.122996 -1.852084 2.480709,
        -1.126878 -1.853505 2.480709,
        -1.134590 -1.854369 2.480709,
        -1.027492 -1.778847 2.480709,
        -1.011896 -1.778847 2.480709,
        -1.050917 -1.843443 2.480709,
        -1.052069 -1.847442 2.480709,
        -1.052759 -1.850382 2.480709,
        -1.053159 -1.850382 2.480709,
        -1.055001 -1.843320 2.480709,
        -1.077413 -1.778847 2.480709,
        -1.094237 -1.778847 2.480709,
        -1.060589 -1.864443 2.480709,
        -1.067189 -1.880039 2.480709,
        -1.070163 -1.885483 2.480709,
        -1.072966 -1.888607 2.480709,
        -1.075587 -1.890438 2.480709,
        -1.078869 -1.891702 2.480709,
        -1.082602 -1.892136 2.480709,
        -1.088059 -1.891425 2.480709,
        -1.091137 -1.890417 2.480709,
        -1.091137 -1.903802 2.480709,
        -1.084756 -1.904911 2.480709,
        -1.081435 -1.905031 2.480709,
        -1.069421 -1.902070 2.480709,
        -1.075357 -1.904332 2.480709,
        -1.064167 -1.898398 2.480709,
        -1.063141 -1.897457 2.480709,
        -1.057636 -1.890847 2.480709,
        -1.050825 -1.877583 2.480709,
        -0.931089 -1.850935 2.480709,
        -0.931089 -1.864628 2.480709,
        -0.980181 -1.850935 2.480709,
        -0.980181 -1.810531 2.480709,
        -0.937230 -1.810531 2.480709,
        -0.937230 -1.796777 2.480709,
        -0.980181 -1.796777 2.480709,
        -0.980181 -1.758339 2.480709,
        -0.933822 -1.758339 2.480709,
        -0.933822 -1.744523 2.480709,
        -0.995685 -1.744523 2.480709,
        -0.995685 -1.864628 2.480709,
        -0.828731 -1.847803 2.480709,
        -0.841194 -1.839751 2.480709,
        -0.841330 -1.856826 2.480709,
        -0.848950 -1.845125 2.480709,
        -0.855033 -1.862161 2.480709,
        -0.858886 -1.848965 2.480709,
        -0.875366 -1.864628 2.480709,
        -0.875458 -1.850935 2.480709,
        -0.908401 -1.864628 2.480709,
        -0.892897 -1.850935 2.480709,
        -0.908401 -1.744523 2.480709,
        -0.892897 -1.758339 2.480709,
        -0.874138 -1.744523 2.480709,
        -0.874752 -1.758339 2.480709,
        -0.873929 -1.758343 2.480709,
        -0.855798 -1.746548 2.480709,
        -0.858424 -1.760261 2.480709,
        -0.841304 -1.751844 2.480709,
        -0.848156 -1.764169 2.480709,
        -0.828731 -1.760426 2.480709,
        -0.840090 -1.769637 2.480709,
        -0.824466 -1.764601 2.480709,
        -0.836705 -1.772979 2.480709,
        -0.817039 -1.775081 2.480709,
        -0.832059 -1.779721 2.480709,
        -0.812604 -1.786544 2.480709,
        -0.828682 -1.788510 2.480709,
        -0.810617 -1.803040 2.480709,
        -0.826919 -1.803470 2.480709,
        -0.810979 -1.810704 2.480709,
        -0.827354 -1.811414 2.480709,
        -0.813891 -1.824763 2.480709,
        -0.829734 -1.822342 2.480709,
        -0.819808 -1.837184 2.480709,
        -0.833915 -1.831215 2.480709,
        -0.839752 -1.838408 2.480709,
        -0.874752 -1.758339 2.480315,
        -0.892897 -1.758339 2.480315,
        -0.892897 -1.850935 2.480315,
        -0.875458 -1.850935 2.480315,
        -0.839752 -1.838408 2.480315,
        -0.841194 -1.839751 2.480315,
        -0.848950 -1.845125 2.480315,
        -0.858886 -1.848965 2.480315,
        -0.826919 -1.803470 2.480315,
        -0.827354 -1.811414 2.480315,
        -0.829734 -1.822342 2.480315,
        -0.833915 -1.831215 2.480315,
        -0.840090 -1.769637 2.480315,
        -0.836705 -1.772979 2.480315,
        -0.832059 -1.779721 2.480315,
        -0.828682 -1.788510 2.480315,
        -0.873929 -1.758343 2.480315,
        -0.858424 -1.760261 2.480315,
        -0.848156 -1.764169 2.480315,
      ]
    }
    coordIndex [
      139, 57, 54, -1,
      9, 140, 54, -1,
      54, 140, 141, -1,
      54, 141, 139, -1,
      9, 8, 140, -1,
      140, 8, 6, -1,
      140, 6, 142, -1,
      143, 142, 14, -1,
      14, 142, 6, -1,
      144, 143, 15, -1,
      15, 143, 14, -1,
      18, 145, 17, -1,
      17, 145, 144, -1,
      17, 144, 16, -1,
      16, 144, 15, -1,
      146, 145, 1, -1,
      1, 145, 18, -1,
      1, 0, 146, -1,
      146, 0, 35, -1,
      146, 35, 147, -1,
      147, 35, 34, -1,
      147, 34, 148, -1,
      148, 34, 25, -1,
      148, 25, 149, -1,
      149, 25, 24, -1,
      149, 24, 150, -1,
      150, 24, 23, -1,
      150, 23, 151, -1,
      151, 23, 33, -1,
      151, 33, 152, -1,
      152, 33, 32, -1,
      152, 32, 153, -1,
      153, 32, 31, -1,
      153, 31, 154, -1,
      154, 31, 30, -1,
      154, 30, 155, -1,
      155, 30, 50, -1,
      155, 50, 156, -1,
      156, 50, 49, -1,
      156, 49, 157, -1,
      157, 49, 47, -1,
      157, 47, 158, -1,
      158, 47, 45, -1,
      158, 45, 159, -1,
      159, 45, 44, -1,
      159, 44, 160, -1,
      160, 44, 43, -1,
      160, 43, 161, -1,
      161, 43, 42, -1,
      161, 42, 162, -1,
      162, 42, 41, -1,
      162, 41, 163, -1,
      163, 41, 38, -1,
      163, 38, 164, -1,
      164, 38, 53, -1,
      164, 53, 165, -1,
      165, 53, 52, -1,
      165, 52, 166, -1,
      166, 52, 51, -1,
      166, 51, 167, -1,
      167, 51, 40, -1,
      167, 40, 168, -1,
      168, 40, 39, -1,
      168, 39, 169, -1,
      169, 39, 37, -1,
      169, 37, 170, -1,
      170, 37, 36, -1,
      170, 36, 171, -1,
      171, 36, 46, -1,
      171, 46, 172, -1,
      172, 46, 48, -1,
      172, 48, 173, -1,
      173, 48, 20, -1,
      173, 20, 174, -1,
      175, 174, 19, -1,
      19, 174, 20, -1,
      175, 19, 29, -1,
      175, 29, 176, -1,
      176, 29, 28, -1,
      176, 28, 177, -1,
      177, 28, 27, -1,
      177, 27, 178, -1,
      178, 27, 22, -1,
      178, 22, 179, -1,
      179, 22, 21, -1,
      179, 21, 180, -1,
      181, 180, 26, -1,
      26, 180, 21, -1,
      26, 3, 181, -1,
      181, 3, 2, -1,
      181, 2, 182, -1,
      182, 2, 4, -1,
      182, 4, 183, -1,
      183, 4, 13, -1,
      183, 13, 184, -1,
      184, 13, 12, -1,
      184, 12, 185, -1,
      185, 12, 11, -1,
      185, 11, 186, -1,
      186, 11, 10, -1,
      186, 10, 187, -1,
      55, 188, 189, -1,
      187, 10, 5, -1,
      187, 5, 190, -1,
      190, 5, 7, -1,
      190, 7, 189, -1,
      189, 7, 56, -1,
      189, 56, 55, -1,
      188, 55, 59, -1,
      188, 59, 191, -1,
      191, 59, 70, -1,
      191, 70, 192, -1,
      192, 70, 69, -1,
      192, 69, 193, -1,
      193, 69, 68, -1,
      193, 68, 194, -1,
      194, 68, 62, -1,
      194, 62, 195, -1,
      195, 62, 61, -1,
      195, 61, 196, -1,
      196, 61, 67, -1,
      196, 67, 197, -1,
      197, 67, 66, -1,
      197, 66, 198, -1,
      198, 66, 65, -1,
      198, 65, 199, -1,
      199, 65, 64, -1,
      199, 64, 200, -1,
      200, 64, 63, -1,
      200, 63, 201, -1,
      201, 63, 60, -1,
      201, 60, 202, -1,
      202, 60, 58, -1,
      202, 58, 203, -1,
      203, 58, 57, -1,
      203, 57, 139, -1,
      167, 168, 179, -1,
      179, 168, 178, -1,
      159, 188, 158, -1,
      158, 188, 191, -1,
      158, 191, 157, -1,
      145, 139, 144, -1,
      144, 139, 141, -1,
      144, 141, 143, -1,
      143, 141, 140, -1,
      143, 140, 142, -1,
      168, 169, 178, -1,
      178, 169, 170, -1,
      178, 170, 177, -1,
      177, 170, 171, -1,
      177, 171, 176, -1,
      176, 171, 172, -1,
      176, 172, 175, -1,
      175, 172, 173, -1,
      175, 173, 174, -1,
      157, 191, 156, -1,
      156, 191, 192, -1,
      156, 192, 155, -1,
      155, 192, 193, -1,
      155, 193, 154, -1,
      154, 193, 194, -1,
      154, 194, 153, -1,
      153, 194, 195, -1,
      153, 195, 152, -1,
      152, 195, 196, -1,
      152, 196, 151, -1,
      151, 196, 197, -1,
      151, 197, 150, -1,
      150, 197, 198, -1,
      150, 198, 149, -1,
      149, 198, 199, -1,
      149, 199, 148, -1,
      148, 199, 200, -1,
      148, 200, 147, -1,
      147, 200, 201, -1,
      147, 201, 146, -1,
      146, 201, 202, -1,
      146, 202, 145, -1,
      145, 202, 203, -1,
      145, 203, 139, -1,
      179, 180, 167, -1,
      167, 180, 181, -1,
      167, 181, 166, -1,
      166, 181, 182, -1,
      166, 182, 165, -1,
      165, 182, 183, -1,
      165, 183, 164, -1,
      164, 183, 184, -1,
      164, 184, 163, -1,
      163, 184, 185, -1,
      163, 185, 162, -1,
      162, 185, 186, -1,
      162, 186, 161, -1,
      161, 186, 187, -1,
      161, 187, 160, -1,
      160, 187, 190, -1,
      160, 190, 159, -1,
      159, 190, 189, -1,
      159, 189, 188, -1,
      204, 205, 71, -1,
      71, 205, 72, -1,
      206, 204, 77, -1,
      77, 204, 71, -1,
      206, 77, 78, -1,
      206, 78, 207, -1,
      207, 78, 75, -1,
      207, 75, 208, -1,
      209, 208, 74, -1,
      74, 208, 75, -1,
      210, 209, 73, -1,
      73, 209, 74, -1,
      81, 211, 76, -1,
      76, 211, 210, -1,
      76, 210, 73, -1,
      212, 211, 80, -1,
      80, 211, 81, -1,
      82, 213, 79, -1,
      79, 213, 212, -1,
      79, 212, 80, -1,
      84, 214, 83, -1,
      83, 214, 213, -1,
      83, 213, 82, -1,
      214, 84, 215, -1,
      215, 84, 89, -1,
      89, 88, 215, -1,
      215, 88, 87, -1,
      215, 87, 216, -1,
      216, 87, 97, -1,
      216, 97, 217, -1,
      217, 97, 96, -1,
      217, 96, 218, -1,
      218, 96, 91, -1,
      218, 91, 219, -1,
      219, 91, 90, -1,
      219, 90, 220, -1,
      220, 90, 86, -1,
      220, 86, 221, -1,
      222, 221, 85, -1,
      85, 221, 86, -1,
      222, 85, 95, -1,
      222, 95, 223, -1,
      223, 95, 94, -1,
      223, 94, 224, -1,
      224, 94, 93, -1,
      92, 225, 93, -1,
      93, 225, 226, -1,
      93, 226, 224, -1,
      92, 103, 225, -1,
      225, 103, 102, -1,
      225, 102, 227, -1,
      227, 102, 101, -1,
      227, 101, 228, -1,
      228, 101, 99, -1,
      228, 99, 229, -1,
      229, 99, 98, -1,
      229, 98, 230, -1,
      72, 205, 100, -1,
      100, 205, 230, -1,
      100, 230, 98, -1,
      207, 208, 230, -1,
      205, 204, 230, -1,
      230, 204, 206, -1,
      230, 206, 207, -1,
      211, 212, 210, -1,
      210, 212, 213, -1,
      210, 213, 209, -1,
      221, 222, 220, -1,
      220, 222, 223, -1,
      220, 223, 219, -1,
      219, 223, 224, -1,
      219, 224, 218, -1,
      218, 224, 226, -1,
      218, 226, 217, -1,
      217, 226, 225, -1,
      217, 225, 216, -1,
      208, 209, 230, -1,
      230, 209, 213, -1,
      230, 213, 229, -1,
      213, 214, 229, -1,
      229, 214, 215, -1,
      229, 215, 228, -1,
      228, 215, 216, -1,
      228, 216, 227, -1,
      227, 216, 225, -1,
      231, 232, 110, -1,
      110, 232, 111, -1,
      107, 233, 106, -1,
      106, 233, 231, -1,
      106, 231, 110, -1,
      234, 233, 105, -1,
      105, 233, 107, -1,
      112, 235, 104, -1,
      104, 235, 234, -1,
      104, 234, 105, -1,
      236, 235, 113, -1,
      113, 235, 112, -1,
      117, 237, 114, -1,
      114, 237, 236, -1,
      114, 236, 113, -1,
      238, 237, 116, -1,
      116, 237, 117, -1,
      109, 239, 115, -1,
      115, 239, 238, -1,
      115, 238, 116, -1,
      240, 239, 108, -1,
      108, 239, 109, -1,
      120, 241, 121, -1,
      121, 241, 240, -1,
      121, 240, 108, -1,
      242, 241, 119, -1,
      119, 241, 120, -1,
      111, 232, 118, -1,
      118, 232, 242, -1,
      118, 242, 119, -1,
      242, 232, 231, -1,
      231, 233, 242, -1,
      242, 233, 234, -1,
      242, 234, 241, -1,
      239, 240, 238, -1,
      238, 240, 241, -1,
      238, 241, 237, -1,
      237, 241, 234, -1,
      237, 234, 236, -1,
      236, 234, 235, -1,
      243, 244, 245, -1,
      245, 244, 246, -1,
      245, 246, 247, -1,
      247, 246, 248, -1,
      247, 248, 249, -1,
      249, 248, 250, -1,
      249, 250, 251, -1,
      251, 250, 252, -1,
      251, 252, 253, -1,
      253, 252, 254, -1,
      253, 254, 255, -1,
      254, 256, 255, -1,
      255, 256, 257, -1,
      255, 257, 258, -1,
      258, 257, 259, -1,
      258, 259, 260, -1,
      260, 259, 261, -1,
      260, 261, 262, -1,
      262, 261, 263, -1,
      262, 263, 264, -1,
      264, 263, 265, -1,
      264, 265, 266, -1,
      266, 265, 267, -1,
      266, 267, 268, -1,
      268, 267, 269, -1,
      268, 269, 270, -1,
      270, 269, 271, -1,
      270, 271, 272, -1,
      272, 271, 273, -1,
      272, 273, 274, -1,
      274, 273, 275, -1,
      274, 275, 276, -1,
      276, 275, 277, -1,
      276, 277, 243, -1,
      243, 277, 278, -1,
      243, 278, 244, -1,
      249, 251, 131, -1,
      131, 251, 130, -1,
      249, 131, 132, -1,
      249, 132, 247, -1,
      247, 132, 128, -1,
      247, 128, 245, -1,
      245, 128, 127, -1,
      245, 127, 243, -1,
      243, 127, 126, -1,
      243, 126, 276, -1,
      276, 126, 122, -1,
      276, 122, 274, -1,
      274, 122, 123, -1,
      274, 123, 272, -1,
      272, 123, 124, -1,
      272, 124, 270, -1,
      270, 124, 125, -1,
      270, 125, 268, -1,
      268, 125, 135, -1,
      268, 135, 266, -1,
      266, 135, 134, -1,
      266, 134, 264, -1,
      264, 134, 133, -1,
      264, 133, 262, -1,
      262, 133, 138, -1,
      262, 138, 260, -1,
      260, 138, 137, -1,
      260, 137, 258, -1,
      258, 137, 136, -1,
      258, 136, 255, -1,
      253, 255, 129, -1,
      129, 255, 136, -1,
      251, 253, 130, -1,
      130, 253, 129, -1,
      256, 254, 279, -1,
      279, 254, 280, -1,
      254, 252, 280, -1,
      280, 252, 281, -1,
      252, 250, 281, -1,
      281, 250, 282, -1,
      278, 283, 284, -1,
      278, 284, 244, -1,
      244, 284, 285, -1,
      244, 285, 246, -1,
      246, 285, 286, -1,
      246, 286, 248, -1,
      248, 286, 282, -1,
      248, 282, 250, -1,
      271, 287, 288, -1,
      271, 288, 273, -1,
      273, 288, 289, -1,
      273, 289, 275, -1,
      275, 289, 290, -1,
      275, 290, 277, -1,
      277, 290, 283, -1,
      277, 283, 278, -1,
      263, 291, 292, -1,
      263, 292, 265, -1,
      265, 292, 293, -1,
      265, 293, 267, -1,
      267, 293, 294, -1,
      267, 294, 269, -1,
      269, 294, 287, -1,
      269, 287, 271, -1,
      256, 279, 295, -1,
      256, 295, 257, -1,
      257, 295, 296, -1,
      257, 296, 259, -1,
      259, 296, 297, -1,
      259, 297, 261, -1,
      261, 297, 291, -1,
      261, 291, 263, -1,
    ]
  }
}

Shape {
  appearance Appearance {
    material Material {
      diffuseColor 0.5020 0.5020 0.5020
      specularColor 0.2510 0.2510 0.2510
      ambientIntensity 0.2
      transparency 0.0000
      shininess 0.5
    }
  }
  geometry IndexedFaceSet {
    ccw TRUE
    solid FALSE
    coord DEF co Coordinate {
      point [
        -0.874752 -1.758339 2.480315,
        -0.892897 -1.758339 2.480315,
        -0.892897 -1.850935 2.480315,
        -0.875458 -1.850935 2.480315,
        -0.839752 -1.838408 2.480315,
        -0.841194 -1.839751 2.480315,
        -0.848950 -1.845125 2.480315,
        -0.858886 -1.848965 2.480315,
        -0.826919 -1.803470 2.480315,
        -0.827354 -1.811414 2.480315,
        -0.829734 -1.822342 2.480315,
        -0.833915 -1.831215 2.480315,
        -0.840090 -1.769637 2.480315,
        -0.836705 -1.772979 2.480315,
        -0.832059 -1.779721 2.480315,
        -0.828682 -1.788510 2.480315,
        -0.873929 -1.758343 2.480315,
        -0.858424 -1.760261 2.480315,
        -0.848156 -1.764169 2.480315,
      ]
    }
    coordIndex [
      6, 5, 16, -1,
      1, 2, 0, -1,
      0, 2, 3, -1,
      0, 3, 16, -1,
      16, 3, 7, -1,
      16, 7, 6, -1,
      5, 4, 16, -1,
      16, 4, 11, -1,
      16, 11, 10, -1,
      8, 12, 18, -1,
      15, 14, 8, -1,
      8, 14, 13, -1,
      8, 13, 12, -1,
      10, 9, 16, -1,
      16, 9, 8, -1,
      16, 8, 17, -1,
      17, 8, 18, -1,
    ]
  }
}

Shape {
  appearance Appearance {
    material Material {
      diffuseColor 1.0000 1.0000 1.0000
      specularColor 0.7020 0.7020 0.7020
      ambientIntensity 0.2
      transparency 0.0000
      shininess 0.5
    }
  }
  geometry IndexedFaceSet {
    ccw TRUE
    solid FALSE
    coord DEF co Coordinate {
      point [
        -0.786823 -1.864628 2.480315,
        -0.803955 -1.864628 2.480315,
        -0.713017 -1.864628 2.480315,
        -0.725267 -1.831777 2.480315,
        -0.775279 -1.831777 2.480315,
        -0.695885 -1.864628 2.480315,
        -0.741630 -1.744523 2.480315,
        -0.758209 -1.744523 2.480315,
        -0.770367 -1.818207 2.480709,
        -0.775279 -1.831777 2.480709,
        -0.730056 -1.818207 2.480709,
        -0.725267 -1.831777 2.480709,
        -0.752407 -1.768286 2.480709,
        -0.758209 -1.744523 2.480709,
        -0.803955 -1.864628 2.480709,
        -0.786823 -1.864628 2.480709,
        -0.751367 -1.764702 2.480709,
        -0.750442 -1.759874 2.480709,
        -0.741630 -1.744523 2.480709,
        -0.750073 -1.759874 2.480709,
        -0.749102 -1.764955 2.480709,
        -0.748200 -1.768286 2.480709,
        -0.695885 -1.864628 2.480709,
        -0.713017 -1.864628 2.480709,
        -0.770367 -1.818207 2.480315,
        -0.730056 -1.818207 2.480315,
        -0.748200 -1.768286 2.480315,
        -0.750073 -1.759874 2.480315,
        -0.749102 -1.764955 2.480315,
        -0.750442 -1.759874 2.480315,
        -0.752407 -1.768286 2.480315,
        -0.751367 -1.764702 2.480315,
      ]
    }
    coordIndex [
      8, 9, 10, -1,
      10, 9, 11, -1,
      12, 13, 8, -1,
      8, 13, 14, -1,
      8, 14, 9, -1,
      9, 14, 15, -1,
      12, 16, 13, -1,
      13, 16, 17, -1,
      13, 17, 18, -1,
      18, 17, 19, -1,
      18, 19, 20, -1,
      20, 21, 18, -1,
      18, 21, 10, -1,
      18, 10, 22, -1,
      22, 10, 11, -1,
      22, 11, 23, -1,
      18, 22, 6, -1,
      6, 22, 5, -1,
      13, 18, 7, -1,
      7, 18, 6, -1,
      14, 13, 1, -1,
      1, 13, 7, -1,
      15, 14, 0, -1,
      0, 14, 1, -1,
      9, 15, 4, -1,
      4, 15, 0, -1,
      11, 9, 3, -1,
      3, 9, 4, -1,
      23, 11, 2, -1,
      2, 11, 3, -1,
      22, 23, 5, -1,
      5, 23, 2, -1,
      8, 10, 24, -1,
      24, 10, 25, -1,
      10, 21, 25, -1,
      25, 21, 26, -1,
      19, 27, 28, -1,
      19, 28, 20, -1,
      20, 28, 26, -1,
      20, 26, 21, -1,
      19, 17, 27, -1,
      27, 17, 29, -1,
      12, 30, 31, -1,
      12, 31, 16, -1,
      16, 31, 29, -1,
      16, 29, 17, -1,
      12, 8, 30, -1,
      30, 8, 24, -1,
    ]
  }
}

Shape {
  appearance Appearance {
    material Material {
      diffuseColor 0.5020 0.5020 0.5020
      specularColor 0.2510 0.2510 0.2510
      ambientIntensity 0.2
      transparency 0.0000
      shininess 0.5
    }
  }
  geometry IndexedFaceSet {
    ccw TRUE
    solid FALSE
    coord DEF co Coordinate {
      point [
        -0.770367 -1.818207 2.480315,
        -0.730056 -1.818207 2.480315,
        -0.748200 -1.768286 2.480315,
        -0.750073 -1.759874 2.480315,
        -0.749102 -1.764955 2.480315,
        -0.750442 -1.759874 2.480315,
        -0.752407 -1.768286 2.480315,
        -0.751367 -1.764702 2.480315,
      ]
    }
    coordIndex [
      3, 5, 4, -1,
      4, 5, 7, -1,
      4, 7, 2, -1,
      2, 7, 6, -1,
      2, 6, 1, -1,
      1, 6, 0, -1,
    ]
  }
}

Shape {
  appearance Appearance {
    material Material {
      diffuseColor 1.0000 1.0000 1.0000
      specularColor 0.7020 0.7020 0.7020
      ambientIntensity 0.2
      transparency 0.0000
      shininess 0.5
    }
  }
  geometry IndexedFaceSet {
    ccw TRUE
    solid FALSE
    coord DEF co Coordinate {
      point [
        -1.481598 -1.647654 2.480315,
        -1.458439 -1.667245 2.480315,
        -1.591558 -1.542560 2.480315,
        -1.576452 -1.552976 2.480315,
        -1.557320 -1.566169 2.480315,
        -1.528307 -1.599994 2.480315,
        -1.511208 -1.633629 2.480315,
        -1.507010 -1.635041 2.480315,
        -1.752532 -1.540828 2.480315,
        -1.712980 -1.526307 2.480315,
        -1.673454 -1.521764 2.480315,
        -1.634026 -1.526413 2.480315,
        -1.772490 -1.552976 2.480315,
        -1.775926 -1.555068 2.480315,
        -1.959350 -1.675107 2.480315,
        -1.951867 -1.658231 2.480315,
        -1.931341 -1.631921 2.480315,
        -1.866776 -1.595087 2.480315,
        -1.833139 -1.590932 2.480315,
        -1.795993 -1.572253 2.480315,
        -1.823319 -1.591466 2.480315,
        -1.813499 -1.592641 2.480315,
        -1.925570 -1.626460 2.480315,
        -1.898409 -1.607368 2.480315,
        -1.908944 -1.845082 2.480315,
        -1.935611 -1.822348 2.480315,
        -1.878080 -1.860110 2.480315,
        -1.955115 -1.794498 2.480315,
        -1.967346 -1.762707 2.480315,
        -1.971476 -1.729269 2.480315,
        -1.971234 -1.721065 2.480315,
        -1.969313 -1.710321 2.480315,
        -1.965497 -1.688972 2.480315,
        -1.867296 -1.863336 2.480315,
        -1.866219 -1.865641 2.480315,
        -1.858728 -1.881666 2.480315,
        -1.846026 -1.897337 2.480315,
        -1.829320 -1.909926 2.480315,
        -1.765498 -1.918856 2.480315,
        -1.786173 -1.921403 2.480315,
        -1.789454 -1.921342 2.480315,
        -1.809616 -1.918201 2.480315,
        -1.821483 -1.913217 2.480315,
        -1.706160 -1.865641 2.480315,
        -1.706243 -1.865988 2.480315,
        -1.716348 -1.885018 2.480315,
        -1.729446 -1.899702 2.480315,
        -1.746453 -1.911539 2.480315,
        -1.750820 -1.913217 2.480315,
        -1.430574 -1.717620 2.480315,
        -1.426669 -1.745494 2.480315,
        -1.597122 -1.815264 2.480315,
        -1.591263 -1.812950 2.480315,
        -1.581230 -1.764280 2.480315,
        -1.458264 -1.826617 2.480315,
        -1.481501 -1.846287 2.480315,
        -1.722128 -1.778797 2.480315,
        -1.607702 -1.719022 2.480315,
        -1.737056 -1.765206 2.480315,
        -1.755177 -1.755495 2.480315,
        -1.602374 -1.818986 2.480315,
        -1.441316 -1.803008 2.480315,
        -1.480032 -1.738848 2.480315,
        -1.484047 -1.722448 2.480315,
        -1.490587 -1.710321 2.480315,
        -1.915554 -1.710321 2.480315,
        -1.430588 -1.775974 2.480315,
        -1.584646 -1.812100 2.480315,
        -1.583815 -1.812161 2.480315,
        -1.581253 -1.812728 2.480315,
        -1.910529 -1.761632 2.480315,
        -1.900363 -1.778929 2.480315,
        -1.857006 -1.787767 2.480315,
        -1.885054 -1.794659 2.480315,
        -1.866443 -1.806123 2.480315,
        -1.825429 -1.759493 2.480315,
        -1.842889 -1.771625 2.480315,
        -1.917678 -1.727561 2.480315,
        -1.916655 -1.740734 2.480315,
        -1.806567 -1.752277 2.480315,
        -1.786173 -1.749763 2.480315,
        -1.775790 -1.750379 2.480315,
        -1.611117 -1.838572 2.480315,
        -1.610901 -1.835202 2.480315,
        -1.700780 -1.827471 2.480315,
        -1.609186 -1.828703 2.480315,
        -1.605902 -1.822877 2.480315,
        -1.496948 -1.791517 2.480315,
        -1.487551 -1.778198 2.480315,
        -1.481664 -1.762980 2.480315,
        -1.479613 -1.746348 2.480315,
        -1.591164 -1.864269 2.480315,
        -1.596813 -1.862045 2.480315,
        -1.602351 -1.858108 2.480315,
        -1.604336 -1.856087 2.480315,
        -1.608058 -1.850723 2.480315,
        -1.610307 -1.844933 2.480315,
        -1.701244 -1.844909 2.480315,
        -1.700780 -1.836010 2.480315,
        -1.507556 -1.859036 2.480315,
        -1.535972 -1.865044 2.480315,
        -1.586354 -1.865044 2.480315,
        -1.579522 -1.812954 2.480315,
        -1.541095 -1.812954 2.480315,
        -1.525757 -1.810014 2.480315,
        -1.510691 -1.803031 2.480315,
        -1.498067 -1.792718 2.480315,
        -1.553050 -1.679741 2.480315,
        -1.907814 -1.687841 2.480315,
        -1.915131 -1.706886 2.480315,
        -1.546219 -1.679741 2.480315,
        -1.491992 -1.707718 2.480315,
        -1.501826 -1.696738 2.480315,
        -1.515069 -1.687488 2.480315,
        -1.529972 -1.681746 2.480315,
        -1.571462 -1.628434 2.480315,
        -1.590726 -1.605426 2.480315,
        -1.787027 -1.654977 2.480315,
        -1.592872 -1.603471 2.480315,
        -1.616864 -1.586821 2.480315,
        -1.773982 -1.627967 2.480315,
        -1.898951 -1.675107 2.480315,
        -1.793103 -1.651654 2.480315,
        -1.554069 -1.675107 2.480315,
        -1.558283 -1.655946 2.480315,
        -1.812250 -1.644652 2.480315,
        -1.832285 -1.642168 2.480315,
        -1.841183 -1.642632 2.480315,
        -1.754830 -1.605086 2.480315,
        -1.643642 -1.576560 2.480315,
        -1.731933 -1.588356 2.480315,
        -1.672600 -1.573000 2.480315,
        -1.704037 -1.577049 2.480315,
        -1.862263 -1.647631 2.480315,
        -1.881293 -1.657736 2.480315,
        -1.895977 -1.670834 2.480315,
        -1.452799 -1.675107 2.480315,
        -1.441011 -1.691540 2.480315,
        -1.433495 -1.710321 2.480315,
        -1.858728 -1.881666 2.480709,
        -1.846026 -1.897337 2.480709,
        -1.866443 -1.806123 2.480709,
        -1.881293 -1.657736 2.480709,
        -1.862263 -1.647631 2.480709,
        -1.866776 -1.595087 2.480709,
        -1.813499 -1.592641 2.480709,
        -1.787027 -1.654977 2.480709,
        -1.773982 -1.627967 2.480709,
        -1.700780 -1.836010 2.480709,
        -1.700780 -1.827471 2.480709,
        -1.772947 -1.806704 2.480709,
        -1.780973 -1.804119 2.480709,
        -1.885054 -1.794659 2.480709,
        -1.878080 -1.860110 2.480709,
        -1.867296 -1.863336 2.480709,
        -1.833139 -1.590932 2.480709,
        -1.760230 -1.817095 2.480709,
        -1.756298 -1.823989 2.480709,
        -1.701244 -1.844909 2.480709,
        -1.581230 -1.764280 2.480709,
        -1.607702 -1.719022 2.480709,
        -1.722128 -1.778797 2.480709,
        -1.787027 -1.803561 2.480709,
        -1.795322 -1.804617 2.480709,
        -1.806567 -1.752277 2.480709,
        -1.802784 -1.807548 2.480709,
        -1.825429 -1.759493 2.480709,
        -1.809467 -1.812282 2.480709,
        -1.842889 -1.771625 2.480709,
        -1.813002 -1.816034 2.480709,
        -1.857006 -1.787767 2.480709,
        -1.817379 -1.823125 2.480709,
        -1.819850 -1.831177 2.480709,
        -1.820228 -1.839503 2.480709,
        -1.755177 -1.755495 2.480709,
        -1.775790 -1.750379 2.480709,
        -1.786173 -1.749763 2.480709,
        -1.765915 -1.811136 2.480709,
        -1.553050 -1.679741 2.480709,
        -1.546219 -1.679741 2.480709,
        -1.511208 -1.633629 2.480709,
        -1.529972 -1.681746 2.480709,
        -1.507010 -1.635041 2.480709,
        -1.515069 -1.687488 2.480709,
        -1.481598 -1.647654 2.480709,
        -1.458439 -1.667245 2.480709,
        -1.795993 -1.572253 2.480709,
        -1.754830 -1.605086 2.480709,
        -1.775926 -1.555068 2.480709,
        -1.731933 -1.588356 2.480709,
        -1.752532 -1.540828 2.480709,
        -1.841183 -1.642632 2.480709,
        -1.832285 -1.642168 2.480709,
        -1.823319 -1.591466 2.480709,
        -1.812250 -1.644652 2.480709,
        -1.793103 -1.651654 2.480709,
        -1.737056 -1.765206 2.480709,
        -1.458264 -1.826617 2.480709,
        -1.498067 -1.792718 2.480709,
        -1.481501 -1.846287 2.480709,
        -1.510691 -1.803031 2.480709,
        -1.507556 -1.859036 2.480709,
        -1.525757 -1.810014 2.480709,
        -1.535972 -1.865044 2.480709,
        -1.541095 -1.812954 2.480709,
        -1.586354 -1.865044 2.480709,
        -1.579522 -1.812954 2.480709,
        -1.591164 -1.864269 2.480709,
        -1.818605 -1.847493 2.480709,
        -1.815186 -1.854652 2.480709,
        -1.501826 -1.696738 2.480709,
        -1.491992 -1.707718 2.480709,
        -1.441011 -1.691540 2.480709,
        -1.484047 -1.722448 2.480709,
        -1.430574 -1.717620 2.480709,
        -1.480032 -1.738848 2.480709,
        -1.426669 -1.745494 2.480709,
        -1.479613 -1.746348 2.480709,
        -1.430588 -1.775974 2.480709,
        -1.481664 -1.762980 2.480709,
        -1.441316 -1.803008 2.480709,
        -1.487551 -1.778198 2.480709,
        -1.496948 -1.791517 2.480709,
        -1.557320 -1.566169 2.480709,
        -1.590726 -1.605426 2.480709,
        -1.528307 -1.599994 2.480709,
        -1.571462 -1.628434 2.480709,
        -1.558283 -1.655946 2.480709,
        -1.915131 -1.706886 2.480709,
        -1.971234 -1.721065 2.480709,
        -1.917678 -1.727561 2.480709,
        -1.971476 -1.729269 2.480709,
        -1.916655 -1.740734 2.480709,
        -1.967346 -1.762707 2.480709,
        -1.910529 -1.761632 2.480709,
        -1.955115 -1.794498 2.480709,
        -1.900363 -1.778929 2.480709,
        -1.935611 -1.822348 2.480709,
        -1.908944 -1.845082 2.480709,
        -1.754105 -1.831791 2.480709,
        -1.753880 -1.840072 2.480709,
        -1.706243 -1.865988 2.480709,
        -1.755765 -1.848308 2.480709,
        -1.716348 -1.885018 2.480709,
        -1.759611 -1.855731 2.480709,
        -1.729446 -1.899702 2.480709,
        -1.764739 -1.861593 2.480709,
        -1.746453 -1.911539 2.480709,
        -1.771250 -1.866204 2.480709,
        -1.765498 -1.918856 2.480709,
        -1.778664 -1.869114 2.480709,
        -1.786173 -1.921403 2.480709,
        -1.787027 -1.870168 2.480709,
        -1.789454 -1.921342 2.480709,
        -1.788483 -1.870135 2.480709,
        -1.809616 -1.918201 2.480709,
        -1.796149 -1.868885 2.480709,
        -1.829320 -1.909926 2.480709,
        -1.803868 -1.865570 2.480709,
        -1.810403 -1.860561 2.480709,
        -1.712980 -1.526307 2.480709,
        -1.704037 -1.577049 2.480709,
        -1.673454 -1.521764 2.480709,
        -1.672600 -1.573000 2.480709,
        -1.634026 -1.526413 2.480709,
        -1.643642 -1.576560 2.480709,
        -1.591558 -1.542560 2.480709,
        -1.616864 -1.586821 2.480709,
        -1.592872 -1.603471 2.480709,
        -1.898409 -1.607368 2.480709,
        -1.925570 -1.626460 2.480709,
        -1.895977 -1.670834 2.480709,
        -1.931341 -1.631921 2.480709,
        -1.907814 -1.687841 2.480709,
        -1.951867 -1.658231 2.480709,
        -1.965497 -1.688972 2.480709,
        -1.583815 -1.812161 2.480709,
        -1.604336 -1.856087 2.480709,
        -1.602351 -1.858108 2.480709,
        -1.581253 -1.812728 2.480709,
        -1.596813 -1.862045 2.480709,
        -1.611117 -1.838572 2.480709,
        -1.610307 -1.844933 2.480709,
        -1.608058 -1.850723 2.480709,
        -1.591263 -1.812950 2.480709,
        -1.597122 -1.815264 2.480709,
        -1.610901 -1.835202 2.480709,
        -1.602374 -1.818986 2.480709,
        -1.605902 -1.822877 2.480709,
        -1.609186 -1.828703 2.480709,
        -1.584646 -1.812100 2.480709,
        -1.787027 -1.803561 2.480315,
        -1.780973 -1.804119 2.480315,
        -1.772947 -1.806704 2.480315,
        -1.765915 -1.811136 2.480315,
        -1.760230 -1.817095 2.480315,
        -1.756298 -1.823989 2.480315,
        -1.754105 -1.831791 2.480315,
        -1.753880 -1.840072 2.480315,
        -1.755765 -1.848308 2.480315,
        -1.759611 -1.855731 2.480315,
        -1.764739 -1.861593 2.480315,
        -1.771250 -1.866204 2.480315,
        -1.778664 -1.869114 2.480315,
        -1.787027 -1.870168 2.480315,
        -1.788483 -1.870135 2.480315,
        -1.796149 -1.868885 2.480315,
        -1.803868 -1.865570 2.480315,
        -1.810403 -1.860561 2.480315,
        -1.815186 -1.854652 2.480315,
        -1.818605 -1.847493 2.480315,
        -1.820228 -1.839503 2.480315,
        -1.819850 -1.831177 2.480315,
        -1.817379 -1.823125 2.480315,
        -1.813002 -1.816034 2.480315,
        -1.809467 -1.812282 2.480315,
        -1.802784 -1.807548 2.480315,
        -1.795322 -1.804617 2.480315,
      ]
    }
    coordIndex [
      139, 140, 141, -1,
      142, 143, 144, -1,
      145, 146, 147, -1,
      148, 149, 150, -1,
      150, 149, 151, -1,
      152, 153, 141, -1,
      141, 153, 154, -1,
      141, 154, 139, -1,
      144, 143, 155, -1,
      156, 157, 158, -1,
      159, 160, 149, -1,
      149, 160, 161, -1,
      149, 161, 151, -1,
      151, 161, 162, -1,
      163, 164, 165, -1,
      165, 164, 166, -1,
      165, 166, 167, -1,
      167, 166, 168, -1,
      167, 168, 169, -1,
      169, 168, 170, -1,
      169, 170, 171, -1,
      171, 170, 141, -1,
      171, 141, 172, -1,
      172, 141, 173, -1,
      174, 175, 163, -1,
      163, 175, 176, -1,
      163, 176, 164, -1,
      148, 150, 158, -1,
      158, 150, 177, -1,
      158, 177, 156, -1,
      178, 179, 180, -1,
      180, 179, 181, -1,
      180, 181, 182, -1,
      182, 181, 183, -1,
      182, 183, 184, -1,
      184, 183, 185, -1,
      145, 147, 186, -1,
      186, 147, 187, -1,
      186, 187, 188, -1,
      188, 187, 189, -1,
      188, 189, 190, -1,
      143, 191, 155, -1,
      155, 191, 192, -1,
      155, 192, 193, -1,
      193, 192, 194, -1,
      193, 194, 145, -1,
      145, 194, 195, -1,
      145, 195, 146, -1,
      162, 161, 163, -1,
      163, 161, 196, -1,
      163, 196, 174, -1,
      197, 198, 199, -1,
      199, 198, 200, -1,
      199, 200, 201, -1,
      201, 200, 202, -1,
      201, 202, 203, -1,
      203, 202, 204, -1,
      203, 204, 205, -1,
      205, 204, 206, -1,
      205, 206, 207, -1,
      173, 141, 208, -1,
      208, 141, 140, -1,
      208, 140, 209, -1,
      183, 210, 185, -1,
      185, 210, 211, -1,
      185, 211, 212, -1,
      212, 211, 213, -1,
      212, 213, 214, -1,
      214, 213, 215, -1,
      214, 215, 216, -1,
      216, 215, 217, -1,
      216, 217, 218, -1,
      218, 217, 219, -1,
      218, 219, 220, -1,
      220, 219, 221, -1,
      220, 221, 197, -1,
      197, 221, 222, -1,
      197, 222, 198, -1,
      223, 224, 225, -1,
      225, 224, 226, -1,
      225, 226, 180, -1,
      180, 226, 227, -1,
      180, 227, 178, -1,
      228, 229, 230, -1,
      230, 229, 231, -1,
      230, 231, 232, -1,
      232, 231, 233, -1,
      232, 233, 234, -1,
      234, 233, 235, -1,
      234, 235, 236, -1,
      236, 235, 237, -1,
      236, 237, 152, -1,
      152, 237, 238, -1,
      152, 238, 153, -1,
      157, 239, 158, -1,
      158, 239, 240, -1,
      158, 240, 241, -1,
      241, 240, 242, -1,
      241, 242, 243, -1,
      243, 242, 244, -1,
      243, 244, 245, -1,
      245, 244, 246, -1,
      245, 246, 247, -1,
      247, 246, 248, -1,
      247, 248, 249, -1,
      249, 248, 250, -1,
      249, 250, 251, -1,
      251, 250, 252, -1,
      251, 252, 253, -1,
      253, 252, 254, -1,
      253, 254, 255, -1,
      255, 254, 256, -1,
      255, 256, 257, -1,
      257, 256, 258, -1,
      257, 258, 140, -1,
      140, 258, 259, -1,
      140, 259, 209, -1,
      190, 189, 260, -1,
      260, 189, 261, -1,
      260, 261, 262, -1,
      262, 261, 263, -1,
      262, 263, 264, -1,
      264, 263, 265, -1,
      264, 265, 266, -1,
      266, 265, 267, -1,
      266, 267, 223, -1,
      223, 267, 268, -1,
      223, 268, 224, -1,
      144, 269, 142, -1,
      142, 269, 270, -1,
      142, 270, 271, -1,
      271, 270, 272, -1,
      271, 272, 273, -1,
      273, 272, 274, -1,
      273, 274, 228, -1,
      228, 274, 275, -1,
      228, 275, 229, -1,
      276, 277, 278, -1,
      206, 279, 207, -1,
      207, 279, 276, -1,
      207, 276, 280, -1,
      280, 276, 278, -1,
      281, 282, 276, -1,
      276, 282, 283, -1,
      276, 283, 277, -1,
      284, 285, 286, -1,
      285, 287, 286, -1,
      286, 287, 288, -1,
      286, 288, 289, -1,
      281, 276, 286, -1,
      286, 276, 290, -1,
      286, 290, 284, -1,
      216, 50, 49, -1,
      136, 185, 212, -1,
      216, 49, 214, -1,
      214, 49, 138, -1,
      214, 138, 212, -1,
      212, 138, 137, -1,
      212, 137, 136, -1,
      136, 1, 185, -1,
      185, 1, 0, -1,
      185, 0, 184, -1,
      184, 0, 7, -1,
      184, 7, 182, -1,
      182, 7, 6, -1,
      182, 6, 180, -1,
      180, 6, 5, -1,
      180, 5, 225, -1,
      225, 5, 4, -1,
      225, 4, 223, -1,
      266, 223, 3, -1,
      3, 223, 4, -1,
      3, 2, 266, -1,
      266, 2, 11, -1,
      266, 11, 264, -1,
      264, 11, 10, -1,
      264, 10, 262, -1,
      13, 188, 12, -1,
      12, 188, 190, -1,
      12, 190, 8, -1,
      8, 190, 260, -1,
      8, 260, 9, -1,
      9, 260, 262, -1,
      9, 262, 10, -1,
      188, 13, 19, -1,
      188, 19, 186, -1,
      186, 19, 21, -1,
      186, 21, 145, -1,
      145, 21, 20, -1,
      145, 20, 193, -1,
      193, 20, 18, -1,
      193, 18, 155, -1,
      155, 18, 17, -1,
      155, 17, 144, -1,
      144, 17, 23, -1,
      144, 23, 269, -1,
      269, 23, 22, -1,
      269, 22, 270, -1,
      270, 22, 16, -1,
      270, 16, 272, -1,
      29, 231, 229, -1,
      272, 16, 15, -1,
      272, 15, 274, -1,
      274, 15, 14, -1,
      274, 14, 275, -1,
      14, 32, 275, -1,
      275, 32, 31, -1,
      275, 31, 229, -1,
      229, 31, 30, -1,
      229, 30, 29, -1,
      231, 29, 28, -1,
      231, 28, 233, -1,
      233, 28, 27, -1,
      233, 27, 235, -1,
      235, 27, 25, -1,
      235, 25, 237, -1,
      237, 25, 24, -1,
      237, 24, 238, -1,
      238, 24, 26, -1,
      238, 26, 153, -1,
      153, 26, 33, -1,
      153, 33, 154, -1,
      154, 33, 34, -1,
      154, 34, 139, -1,
      34, 35, 139, -1,
      139, 35, 36, -1,
      139, 36, 140, -1,
      140, 36, 37, -1,
      140, 37, 257, -1,
      257, 37, 42, -1,
      257, 42, 255, -1,
      42, 41, 255, -1,
      255, 41, 40, -1,
      255, 40, 253, -1,
      253, 40, 39, -1,
      253, 39, 251, -1,
      98, 148, 158, -1,
      251, 39, 38, -1,
      251, 38, 249, -1,
      249, 38, 48, -1,
      249, 48, 247, -1,
      48, 47, 247, -1,
      247, 47, 46, -1,
      247, 46, 245, -1,
      245, 46, 45, -1,
      245, 45, 243, -1,
      243, 45, 44, -1,
      243, 44, 241, -1,
      241, 44, 43, -1,
      241, 43, 158, -1,
      158, 43, 97, -1,
      158, 97, 98, -1,
      149, 148, 84, -1,
      84, 148, 98, -1,
      159, 149, 53, -1,
      53, 149, 84, -1,
      160, 159, 57, -1,
      57, 159, 53, -1,
      161, 160, 56, -1,
      56, 160, 57, -1,
      161, 56, 58, -1,
      161, 58, 196, -1,
      196, 58, 59, -1,
      196, 59, 174, -1,
      174, 59, 81, -1,
      174, 81, 175, -1,
      175, 81, 80, -1,
      175, 80, 176, -1,
      176, 80, 79, -1,
      176, 79, 164, -1,
      164, 79, 75, -1,
      164, 75, 166, -1,
      166, 75, 76, -1,
      166, 76, 168, -1,
      168, 76, 72, -1,
      168, 72, 170, -1,
      170, 72, 74, -1,
      170, 74, 141, -1,
      141, 74, 73, -1,
      141, 73, 152, -1,
      152, 73, 71, -1,
      152, 71, 236, -1,
      236, 71, 70, -1,
      236, 70, 234, -1,
      234, 70, 78, -1,
      234, 78, 232, -1,
      232, 78, 77, -1,
      232, 77, 230, -1,
      228, 230, 65, -1,
      65, 230, 77, -1,
      65, 109, 228, -1,
      228, 109, 108, -1,
      228, 108, 273, -1,
      273, 108, 121, -1,
      273, 121, 271, -1,
      121, 135, 271, -1,
      271, 135, 134, -1,
      271, 134, 142, -1,
      142, 134, 133, -1,
      142, 133, 143, -1,
      143, 133, 127, -1,
      143, 127, 191, -1,
      191, 127, 126, -1,
      191, 126, 192, -1,
      192, 126, 125, -1,
      192, 125, 194, -1,
      194, 125, 122, -1,
      194, 122, 195, -1,
      195, 122, 117, -1,
      195, 117, 146, -1,
      146, 117, 120, -1,
      146, 120, 147, -1,
      147, 120, 128, -1,
      147, 128, 187, -1,
      187, 128, 130, -1,
      187, 130, 189, -1,
      189, 130, 132, -1,
      189, 132, 261, -1,
      261, 132, 131, -1,
      261, 131, 263, -1,
      107, 178, 123, -1,
      123, 178, 227, -1,
      123, 227, 124, -1,
      124, 227, 226, -1,
      124, 226, 115, -1,
      115, 226, 224, -1,
      115, 224, 116, -1,
      116, 224, 268, -1,
      116, 268, 118, -1,
      118, 268, 267, -1,
      118, 267, 119, -1,
      119, 267, 265, -1,
      119, 265, 129, -1,
      129, 265, 263, -1,
      129, 263, 131, -1,
      179, 178, 110, -1,
      110, 178, 107, -1,
      179, 110, 114, -1,
      179, 114, 181, -1,
      181, 114, 113, -1,
      181, 113, 183, -1,
      183, 113, 112, -1,
      183, 112, 210, -1,
      210, 112, 111, -1,
      210, 111, 211, -1,
      211, 111, 64, -1,
      211, 64, 213, -1,
      64, 63, 213, -1,
      213, 63, 62, -1,
      213, 62, 215, -1,
      215, 62, 90, -1,
      215, 90, 217, -1,
      217, 90, 89, -1,
      217, 89, 219, -1,
      219, 89, 88, -1,
      219, 88, 221, -1,
      221, 88, 87, -1,
      221, 87, 222, -1,
      222, 87, 106, -1,
      222, 106, 198, -1,
      198, 106, 105, -1,
      198, 105, 200, -1,
      200, 105, 104, -1,
      200, 104, 202, -1,
      202, 104, 103, -1,
      202, 103, 204, -1,
      206, 204, 102, -1,
      102, 204, 103, -1,
      206, 102, 69, -1,
      206, 69, 279, -1,
      279, 69, 68, -1,
      279, 68, 276, -1,
      276, 68, 67, -1,
      276, 67, 290, -1,
      290, 67, 52, -1,
      290, 52, 284, -1,
      284, 52, 51, -1,
      284, 51, 285, -1,
      285, 51, 60, -1,
      285, 60, 287, -1,
      287, 60, 86, -1,
      287, 86, 288, -1,
      288, 86, 85, -1,
      288, 85, 289, -1,
      289, 85, 83, -1,
      289, 83, 286, -1,
      286, 83, 82, -1,
      286, 82, 281, -1,
      281, 82, 96, -1,
      281, 96, 282, -1,
      282, 96, 95, -1,
      282, 95, 283, -1,
      283, 95, 94, -1,
      283, 94, 277, -1,
      277, 94, 93, -1,
      277, 93, 278, -1,
      278, 93, 92, -1,
      278, 92, 280, -1,
      280, 92, 91, -1,
      280, 91, 207, -1,
      207, 91, 101, -1,
      207, 101, 205, -1,
      203, 205, 100, -1,
      100, 205, 101, -1,
      203, 100, 99, -1,
      203, 99, 201, -1,
      201, 99, 55, -1,
      201, 55, 199, -1,
      199, 55, 54, -1,
      199, 54, 197, -1,
      197, 54, 61, -1,
      197, 61, 220, -1,
      220, 61, 66, -1,
      220, 66, 218, -1,
      218, 66, 50, -1,
      218, 50, 216, -1,
      162, 291, 292, -1,
      162, 292, 151, -1,
      151, 292, 293, -1,
      151, 293, 150, -1,
      150, 293, 294, -1,
      150, 294, 177, -1,
      177, 294, 295, -1,
      177, 295, 156, -1,
      156, 295, 296, -1,
      156, 296, 157, -1,
      157, 296, 297, -1,
      157, 297, 239, -1,
      239, 297, 298, -1,
      239, 298, 240, -1,
      240, 298, 299, -1,
      240, 299, 242, -1,
      242, 299, 300, -1,
      242, 300, 244, -1,
      244, 300, 301, -1,
      244, 301, 246, -1,
      246, 301, 302, -1,
      246, 302, 248, -1,
      248, 302, 303, -1,
      248, 303, 250, -1,
      250, 303, 304, -1,
      250, 304, 252, -1,
      252, 304, 305, -1,
      252, 305, 254, -1,
      254, 305, 306, -1,
      254, 306, 256, -1,
      256, 306, 307, -1,
      256, 307, 258, -1,
      258, 307, 308, -1,
      258, 308, 259, -1,
      259, 308, 309, -1,
      259, 309, 209, -1,
      209, 309, 310, -1,
      209, 310, 208, -1,
      208, 310, 311, -1,
      208, 311, 173, -1,
      173, 311, 312, -1,
      173, 312, 172, -1,
      172, 312, 313, -1,
      172, 313, 171, -1,
      171, 313, 314, -1,
      171, 314, 169, -1,
      169, 314, 315, -1,
      169, 315, 167, -1,
      167, 315, 316, -1,
      167, 316, 165, -1,
      165, 316, 317, -1,
      165, 317, 163, -1,
      163, 317, 291, -1,
      163, 291, 162, -1,
    ]
  }
}

Shape {
  appearance Appearance {
    material Material {
      diffuseColor 0.5020 0.5020 0.5020
      specularColor 0.2510 0.2510 0.2510
      ambientIntensity 0.2
      transparency 0.0000
      shininess 0.5
    }
  }
  geometry IndexedFaceSet {
    ccw TRUE
    solid FALSE
    coord DEF co Coordinate {
      point [
        -1.787027 -1.803561 2.480315,
        -1.780973 -1.804119 2.480315,
        -1.772947 -1.806704 2.480315,
        -1.765915 -1.811136 2.480315,
        -1.760230 -1.817095 2.480315,
        -1.756298 -1.823989 2.480315,
        -1.754105 -1.831791 2.480315,
        -1.753880 -1.840072 2.480315,
        -1.755765 -1.848308 2.480315,
        -1.759611 -1.855731 2.480315,
        -1.764739 -1.861593 2.480315,
        -1.771250 -1.866204 2.480315,
        -1.778664 -1.869114 2.480315,
        -1.787027 -1.870168 2.480315,
        -1.788483 -1.870135 2.480315,
        -1.796149 -1.868885 2.480315,
        -1.803868 -1.865570 2.480315,
        -1.810403 -1.860561 2.480315,
        -1.815186 -1.854652 2.480315,
        -1.818605 -1.847493 2.480315,
        -1.820228 -1.839503 2.480315,
        -1.819850 -1.831177 2.480315,
        -1.817379 -1.823125 2.480315,
        -1.813002 -1.816034 2.480315,
        -1.809467 -1.812282 2.480315,
        -1.802784 -1.807548 2.480315,
        -1.795322 -1.804617 2.480315,
      ]
    }
    coordIndex [
      14, 24, 23, -1,
      12, 11, 1, -1,
      0, 26, 14, -1,
      14, 26, 25, -1,
      14, 25, 24, -1,
      19, 18, 23, -1,
      23, 18, 17, -1,
      0, 14, 1, -1,
      1, 14, 13, -1,
      1, 13, 12, -1,
      5, 4, 9, -1,
      9, 4, 3, -1,
      22, 21, 23, -1,
      23, 21, 20, -1,
      23, 20, 19, -1,
      17, 16, 23, -1,
      23, 16, 15, -1,
      23, 15, 14, -1,
      11, 10, 1, -1,
      1, 10, 9, -1,
      1, 9, 2, -1,
      2, 9, 3, -1,
      8, 7, 9, -1,
      9, 7, 6, -1,
      9, 6, 5, -1,
    ]
  }
}
