#VRML V2.0 utf8

Shape {
  appearance Appearance {
    material Material {
      diffuseColor 1.0000 0.6667 0.5098
      specularColor 0.5020 0.3333 0.2549
      ambientIntensity 0.2
      transparency 0.0000
      shininess 0.5
    }
  }
  geometry IndexedFaceSet {
    ccw TRUE
    solid FALSE
    coord DEF co Coordinate {
      point [
        1.181102 -0.118110 -0.019685,
        1.181102 0.118110 -0.019685,
        1.181102 -0.118110 0.019685,
        1.181102 0.118110 0.019685,
        1.102362 -0.137795 0.039370,
        1.102362 0.137795 0.039370,
        1.102362 -0.137795 -0.039370,
        1.102362 0.137795 -0.039370,
        -0.295928 -0.609077 -0.299927,
        -0.294990 -0.609464 -0.295082,
        -0.699222 -0.609464 -0.295082,
        0.128108 -0.603296 -0.372189,
        0.125541 -0.603271 -0.372494,
        0.140581 -0.603271 -0.372494,
        0.193864 -0.611223 -0.273097,
        0.187761 -0.611032 -0.275486,
        0.187761 -0.609464 -0.295082,
        -1.066142 -0.593701 -0.492126,
        -0.699222 -0.593701 -0.492126,
        -0.699222 -0.601374 -0.396206,
        0.222746 -0.608101 -0.312128,
        0.229784 -0.609464 -0.295082,
        0.210811 -0.608101 -0.312128,
        0.210811 -0.609464 -0.295082,
        0.191814 -0.608101 -0.312128,
        0.222746 -0.607550 -0.319014,
        0.224112 -0.603858 -0.365164,
        0.229784 -0.603271 -0.372494,
        0.224112 -0.603312 -0.371989,
        0.210811 -0.603271 -0.372494,
        0.199566 -0.607550 -0.319014,
        0.199566 -0.606017 -0.338172,
        0.210811 -0.607550 -0.319014,
        0.210811 -0.606017 -0.338172,
        0.221042 -0.606017 -0.338172,
        0.221042 -0.605469 -0.345027,
        0.210811 -0.603858 -0.365164,
        0.210811 -0.605469 -0.345027,
        0.199566 -0.603858 -0.365164,
        0.199566 -0.605469 -0.345027,
        0.175911 -0.606732 -0.329235,
        0.183709 -0.606732 -0.329235,
        0.187761 -0.603271 -0.372494,
        0.162156 -0.604161 -0.361369,
        0.163078 -0.603880 -0.364889,
        0.163277 -0.603880 -0.364889,
        0.154581 -0.609464 -0.295082,
        0.154581 -0.605899 -0.339646,
        0.164198 -0.604156 -0.361431,
        0.163622 -0.603997 -0.363424,
        0.154581 -0.603271 -0.372494,
        0.154581 -0.604289 -0.359772,
        0.142538 -0.606732 -0.329235,
        0.140581 -0.609464 -0.295082,
        0.150950 -0.606732 -0.329235,
        0.159363 -0.603319 -0.371897,
        0.159109 -0.603271 -0.372494,
        0.156062 -0.602697 -0.379670,
        0.140581 -0.601374 -0.396206,
        0.144089 -0.601750 -0.391514,
        0.144089 -0.602283 -0.384843,
        0.145628 -0.602243 -0.385345,
        0.148356 -0.602215 -0.385700,
        0.148573 -0.602215 -0.385697,
        0.150375 -0.602235 -0.385444,
        0.152000 -0.602289 -0.384777,
        0.153133 -0.602353 -0.383976,
        0.154535 -0.602476 -0.382440,
        0.154581 -0.602482 -0.382356,
        0.154581 -0.601810 -0.390764,
        0.152254 -0.601734 -0.391709,
        0.154581 -0.601374 -0.396206,
        0.148939 -0.601701 -0.392126,
        0.147279 -0.601706 -0.392067,
        0.166598 -0.603271 -0.372494,
        0.164244 -0.602795 -0.378446,
        0.187761 -0.601374 -0.396206,
        0.160797 -0.602261 -0.385118,
        0.157703 -0.601974 -0.388706,
        0.155195 -0.601830 -0.390515,
        0.251820 -0.612219 -0.260653,
        0.229784 -0.612219 -0.260653,
        0.257945 -0.610909 -0.277026,
        0.266511 -0.610909 -0.277026,
        1.081905 -0.609464 -0.295082,
        1.088179 -0.615738 -0.216660,
        0.243638 -0.615698 -0.217165,
        0.229784 -0.615738 -0.216660,
        0.235349 -0.615698 -0.217165,
        0.229784 -0.614533 -0.231728,
        0.212476 -0.610909 -0.277026,
        0.221042 -0.610909 -0.277026,
        0.226814 -0.612219 -0.260653,
        0.154581 -0.615738 -0.216660,
        0.140581 -0.615738 -0.216660,
        0.147543 -0.615698 -0.217165,
        0.140581 -0.615698 -0.217165,
        0.147543 -0.615147 -0.224050,
        0.148909 -0.611455 -0.270201,
        0.148909 -0.610909 -0.277026,
        0.124363 -0.615147 -0.224050,
        0.124363 -0.613614 -0.243208,
        0.140581 -0.615147 -0.224050,
        0.140581 -0.613614 -0.243208,
        0.145839 -0.613614 -0.243208,
        0.145839 -0.613066 -0.250064,
        0.140581 -0.611455 -0.270201,
        0.140581 -0.613066 -0.250064,
        0.124363 -0.611455 -0.270201,
        0.124363 -0.613066 -0.250064,
        0.116611 -0.615698 -0.217165,
        0.113134 -0.615738 -0.216660,
        0.116611 -0.610909 -0.277026,
        -1.073815 -0.601374 -0.396206,
        -0.699222 -0.603271 -0.372494,
        -1.075712 -0.603271 -0.372494,
        -1.081905 -0.609464 -0.295082,
        -0.699222 -0.615738 -0.216660,
        -1.088179 -0.615738 -0.216660,
        -0.699222 -0.623452 -0.120237,
        -1.095893 -0.623452 -0.120237,
        0.333148 -0.603312 -0.371989,
        0.327024 -0.604622 -0.355616,
        0.302017 -0.604622 -0.355616,
        1.075712 -0.603271 -0.372494,
        0.318842 -0.608101 -0.312128,
        0.284169 -0.605463 -0.345096,
        0.282716 -0.604902 -0.352106,
        0.287680 -0.603312 -0.371989,
        0.279761 -0.604407 -0.358298,
        0.275291 -0.603983 -0.363604,
        0.310552 -0.608101 -0.312128,
        0.284348 -0.605767 -0.341293,
        0.283335 -0.606431 -0.332998,
        0.252588 -0.608101 -0.312128,
        0.261755 -0.608020 -0.313137,
        0.269067 -0.603626 -0.368061,
        0.262233 -0.603412 -0.370735,
        0.251974 -0.603312 -0.371989,
        0.275291 -0.607467 -0.320054,
        0.277380 -0.607304 -0.322087,
        0.281105 -0.606887 -0.327297,
        0.269003 -0.607809 -0.315776,
        0.296245 -0.603312 -0.371989,
        0.341714 -0.603312 -0.371989,
        0.235456 -0.603312 -0.371989,
        0.235456 -0.608101 -0.312128,
        1.066142 -0.593701 -0.492126,
        1.073815 -0.601374 -0.396206,
        0.590551 -0.593701 -0.492126,
        0.229784 -0.601374 -0.396206,
        0.590551 -0.590551 -0.531496,
        -0.221083 -0.601374 -0.396206,
        -0.590551 -0.593701 -0.492126,
        -0.215175 -0.601176 -0.398684,
        -0.590551 -0.590551 -0.531496,
        -0.185749 -0.601374 -0.396206,
        -0.193111 -0.601149 -0.399022,
        0.000913 -0.590551 -0.531496,
        -0.203430 -0.601048 -0.400287,
        -0.205095 -0.601050 -0.400255,
        0.104591 -0.615583 -0.218603,
        0.098280 -0.615728 -0.216780,
        0.096766 -0.615738 -0.216660,
        0.140581 -0.610909 -0.277026,
        0.113134 -0.609464 -0.295082,
        0.104591 -0.614936 -0.226682,
        0.077833 -0.610948 -0.276530,
        0.072166 -0.611162 -0.273866,
        0.062315 -0.609464 -0.295082,
        0.067335 -0.611482 -0.269864,
        0.097831 -0.615150 -0.224012,
        0.090438 -0.615220 -0.223132,
        0.067765 -0.613249 -0.247769,
        0.070730 -0.612208 -0.260789,
        0.073659 -0.611883 -0.264845,
        0.074841 -0.611790 -0.266011,
        0.078765 -0.611569 -0.268775,
        0.091907 -0.611387 -0.271044,
        0.098696 -0.611488 -0.269781,
        0.104591 -0.611700 -0.267141,
        0.104591 -0.611107 -0.274547,
        0.103567 -0.611067 -0.275056,
        0.083044 -0.611437 -0.270424,
        0.089087 -0.611379 -0.271150,
        0.074074 -0.614689 -0.229773,
        0.070794 -0.614325 -0.234323,
        0.078162 -0.614958 -0.226409,
        0.082884 -0.615133 -0.224229,
        0.088109 -0.615213 -0.223226,
        0.068772 -0.613913 -0.239477,
        0.103922 -0.614965 -0.226322,
        0.067829 -0.613073 -0.249969,
        0.068790 -0.612594 -0.255961,
        0.097119 -0.610898 -0.277163,
        0.087966 -0.610828 -0.278035,
        0.084342 -0.610842 -0.277865,
        0.090428 -0.615778 -0.216155,
        0.113134 -0.623452 -0.120237,
        0.090361 -0.615778 -0.216155,
        0.062315 -0.623452 -0.120237,
        0.086217 -0.615738 -0.216660,
        0.062315 -0.615738 -0.216660,
        0.063947 -0.614620 -0.230640,
        0.068302 -0.615073 -0.224969,
        0.069750 -0.615184 -0.223589,
        0.075366 -0.615498 -0.219654,
        0.081635 -0.615693 -0.217218,
        0.063288 -0.611929 -0.264274,
        0.062315 -0.612126 -0.261806,
        0.058715 -0.609464 -0.295082,
        0.058715 -0.615738 -0.216660,
        0.061096 -0.614088 -0.237289,
        0.062315 -0.614315 -0.234446,
        0.060831 -0.612428 -0.258043,
        0.059629 -0.613213 -0.248228,
        0.059734 -0.613463 -0.245105,
        0.208966 -0.613060 -0.250132,
        0.207513 -0.612500 -0.257142,
        0.204557 -0.612004 -0.263335,
        0.200088 -0.611580 -0.268640,
        0.187761 -0.615738 -0.216660,
        0.187761 -0.615582 -0.218614,
        0.210811 -0.615738 -0.216660,
        0.193800 -0.615406 -0.220812,
        0.205902 -0.614484 -0.232334,
        0.208132 -0.614028 -0.238034,
        0.209145 -0.613365 -0.246330,
        0.191814 -0.603312 -0.371989,
        0.210811 -0.603312 -0.371989,
        0.200088 -0.615063 -0.225091,
        0.202176 -0.614901 -0.227124,
        0.177384 -0.615698 -0.217165,
        0.186552 -0.615617 -0.218174,
        0.187030 -0.611009 -0.275772,
        0.176770 -0.610909 -0.277026,
        0.160253 -0.610909 -0.277026,
        0.160253 -0.615698 -0.217165,
        0.085521 -0.603353 -0.371477,
        0.082691 -0.603271 -0.372494,
        0.091942 -0.603312 -0.371989,
        0.085825 -0.606302 -0.334618,
        0.083254 -0.606323 -0.334346,
        0.079231 -0.605344 -0.346588,
        0.088220 -0.603496 -0.369685,
        0.067785 -0.604919 -0.351903,
        0.069976 -0.605081 -0.349874,
        0.069192 -0.605909 -0.339519,
        0.072985 -0.605214 -0.348209,
        0.074392 -0.606170 -0.336262,
        0.079104 -0.606291 -0.334743,
        0.074240 -0.603271 -0.372494,
        0.074103 -0.603273 -0.372478,
        0.062315 -0.603271 -0.372494,
        0.071219 -0.603359 -0.371394,
        0.068686 -0.603500 -0.369632,
        0.067963 -0.603558 -0.368914,
        0.066372 -0.603739 -0.366655,
        0.065426 -0.603938 -0.364164,
        0.065002 -0.604228 -0.360543,
        0.065338 -0.604504 -0.357094,
        0.091942 -0.603841 -0.365379,
        0.091743 -0.603841 -0.365379,
        0.090593 -0.603701 -0.367127,
        0.070717 -0.606563 -0.331353,
        0.069192 -0.606492 -0.332235,
        0.066242 -0.604724 -0.354341,
        0.111837 -0.605268 -0.347537,
        0.110863 -0.605392 -0.345987,
        0.099464 -0.605513 -0.344476,
        0.110030 -0.605575 -0.343701,
        0.098721 -0.606019 -0.338147,
        0.109703 -0.605809 -0.340773,
        0.091942 -0.605486 -0.344813,
        0.091686 -0.605748 -0.341530,
        0.090911 -0.605963 -0.338847,
        0.090030 -0.606087 -0.337298,
        0.076305 -0.606736 -0.329186,
        0.083960 -0.606810 -0.328256,
        0.089235 -0.606765 -0.328827,
        0.113067 -0.605165 -0.348819,
        0.109657 -0.604051 -0.362746,
        0.113134 -0.605162 -0.348863,
        0.112362 -0.603916 -0.364435,
        0.113134 -0.603892 -0.364736,
        0.092229 -0.606680 -0.329882,
        0.094607 -0.606559 -0.331396,
        0.112279 -0.606378 -0.333668,
        0.088895 -0.606184 -0.336089,
        0.087563 -0.606253 -0.335228,
        0.109996 -0.606022 -0.338110,
        0.110887 -0.606215 -0.335695,
        0.097481 -0.606276 -0.334943,
        0.095888 -0.606460 -0.332631,
        0.078602 -0.603231 -0.372999,
        0.062315 -0.601374 -0.396206,
        0.082469 -0.603265 -0.372574,
        0.113134 -0.601374 -0.396206,
        0.109657 -0.603432 -0.370489,
        0.099464 -0.603312 -0.371989,
        0.113134 -0.603334 -0.371707,
        0.113134 -0.603271 -0.372494,
        0.114937 -0.603284 -0.372339,
        0.116427 -0.603271 -0.372494,
        0.121293 -0.603231 -0.372999,
        0.116362 -0.606629 -0.330526,
        0.120391 -0.606753 -0.328975,
        0.136106 -0.604807 -0.353290,
        0.137506 -0.604643 -0.355346,
        0.136567 -0.606076 -0.337437,
        0.114523 -0.606539 -0.331653,
        0.113134 -0.606439 -0.332900,
        0.126404 -0.606810 -0.328256,
        0.138310 -0.604467 -0.357556,
        0.138624 -0.604242 -0.360359,
        0.138268 -0.604002 -0.363363,
        0.137347 -0.603812 -0.365740,
        0.135947 -0.603654 -0.367718,
        0.136567 -0.606659 -0.330154,
        0.131681 -0.606773 -0.328723,
        0.133788 -0.603503 -0.369602,
        0.132059 -0.603418 -0.370664,
        0.125668 -0.606323 -0.334346,
        0.123441 -0.606310 -0.334513,
        0.117455 -0.605863 -0.340100,
        0.121429 -0.606267 -0.335044,
        0.119742 -0.606196 -0.335938,
        0.117524 -0.605783 -0.341097,
        0.117822 -0.605690 -0.342262,
        0.118364 -0.605609 -0.343274,
        0.119098 -0.605544 -0.344078,
        0.121749 -0.605413 -0.345731,
        0.130919 -0.606272 -0.334982,
        0.126404 -0.605251 -0.347751,
        0.135175 -0.606141 -0.336625,
        0.129317 -0.605157 -0.348926,
        0.134313 -0.604935 -0.351695,
        0.118607 -0.606116 -0.336937,
        0.117963 -0.606039 -0.337892,
        0.117591 -0.605959 -0.338904,
        0.117067 -0.603769 -0.366268,
        0.121093 -0.604815 -0.353198,
        0.116610 -0.604979 -0.351150,
        0.122030 -0.603720 -0.366878,
        0.122362 -0.603721 -0.366876,
        0.126032 -0.604650 -0.355260,
        0.126218 -0.603755 -0.366445,
        0.130902 -0.604183 -0.361094,
        0.130829 -0.604258 -0.360161,
        0.128159 -0.603812 -0.365737,
        0.128844 -0.603845 -0.365322,
        0.129707 -0.603906 -0.364559,
        0.130364 -0.603983 -0.363591,
        0.130746 -0.604069 -0.362524,
        0.130487 -0.604352 -0.358991,
        0.129906 -0.604431 -0.357996,
        0.128968 -0.604509 -0.357024,
        -0.108047 -0.616233 -0.210472,
        -0.098814 -0.615738 -0.216660,
        0.000913 -0.615738 -0.216660,
        -0.089003 -0.615212 -0.223235,
        -0.075074 -0.613932 -0.239235,
        -0.027096 -0.609464 -0.295082,
        0.000913 -0.609464 -0.295082,
        -0.030799 -0.610206 -0.285811,
        -0.039492 -0.611176 -0.273689,
        -0.051053 -0.611958 -0.263906,
        -0.065947 -0.612522 -0.256857,
        -0.063749 -0.612463 -0.257596,
        -0.147070 -0.616983 -0.201104,
        -0.129473 -0.616835 -0.202946,
        0.000913 -0.623452 -0.120237,
        -0.168273 -0.616774 -0.203717,
        -0.187956 -0.616167 -0.211304,
        -0.292672 -0.610422 -0.283113,
        -0.196620 -0.615738 -0.216660,
        -0.198306 -0.615655 -0.217702,
        -0.285569 -0.611633 -0.267969,
        -0.276014 -0.612590 -0.256006,
        -0.272496 -0.612853 -0.252726,
        -0.258217 -0.613625 -0.243074,
        -0.242305 -0.614086 -0.237307,
        -0.226913 -0.614225 -0.235578,
        -0.208340 -0.614969 -0.226267,
        -0.222003 -0.614204 -0.235843,
        -0.217093 -0.614157 -0.236429,
        -0.251002 -0.603538 -0.369164,
        -0.266229 -0.604167 -0.361300,
        -0.278148 -0.604998 -0.350916,
        -0.279504 -0.605121 -0.349369,
        -0.288590 -0.606214 -0.335712,
        -0.294353 -0.607488 -0.319789,
        -0.296081 -0.608709 -0.304526,
        -0.225024 -0.601507 -0.394554,
        -0.233373 -0.602009 -0.388275,
        -0.243991 -0.603363 -0.371345,
        -0.243453 -0.603271 -0.372494,
        -0.239719 -0.602634 -0.380462,
        -0.163415 -0.603271 -0.372494,
        -0.163443 -0.603262 -0.372609,
        0.000913 -0.601374 -0.396206,
        -0.168482 -0.602503 -0.382102,
        -0.175081 -0.601912 -0.389484,
        -0.183587 -0.601441 -0.395380,
        -0.108816 -0.605284 -0.347339,
        -0.105879 -0.605374 -0.346208,
        -0.100958 -0.607313 -0.321975,
        -0.171407 -0.606734 -0.329211,
        -0.114194 -0.609117 -0.299418,
        -0.178857 -0.607275 -0.322447,
        -0.187914 -0.607663 -0.317604,
        -0.111453 -0.605137 -0.349172,
        -0.031131 -0.605750 -0.341513,
        -0.039475 -0.604827 -0.353044,
        0.000913 -0.603271 -0.372494,
        -0.050353 -0.608322 -0.309355,
        -0.052347 -0.608977 -0.301178,
        -0.055632 -0.609464 -0.295082,
        -0.268122 -0.609464 -0.295082,
        -0.025604 -0.609166 -0.298816,
        -0.023678 -0.608062 -0.312612,
        -0.025708 -0.606825 -0.328071,
        -0.102666 -0.605406 -0.345809,
        -0.102250 -0.605404 -0.345839,
        -0.100970 -0.605381 -0.346122,
        -0.265632 -0.607423 -0.320599,
        -0.260513 -0.606728 -0.329292,
        -0.238832 -0.606378 -0.333661,
        -0.252855 -0.606101 -0.337128,
        -0.243564 -0.605644 -0.342830,
        -0.223037 -0.607505 -0.319578,
        -0.231770 -0.607021 -0.325620,
        -0.269182 -0.608777 -0.303674,
        -0.268681 -0.608257 -0.310176,
        -0.051291 -0.604033 -0.362976,
        -0.064339 -0.603529 -0.369276,
        -0.078329 -0.603295 -0.372196,
        -0.213604 -0.607792 -0.315987,
        -0.203430 -0.607892 -0.314740,
        -0.198219 -0.607867 -0.315049,
        -0.103520 -0.603295 -0.372196,
        -0.105841 -0.603324 -0.371832,
        -0.058807 -0.606228 -0.335539,
        -0.054112 -0.606759 -0.328900,
        -0.051172 -0.607366 -0.321313,
        -0.050149 -0.608028 -0.313037,
        -0.108670 -0.603411 -0.370744,
        -0.111452 -0.603567 -0.368800,
        -0.112531 -0.603654 -0.367710,
        -0.115902 -0.604351 -0.359003,
        -0.115831 -0.604460 -0.357639,
        -0.160733 -0.604793 -0.353470,
        -0.115053 -0.604720 -0.354380,
        -0.113476 -0.604956 -0.351431,
        -0.100104 -0.605372 -0.346235,
        -0.080891 -0.605372 -0.346235,
        -0.073264 -0.605488 -0.344783,
        -0.114385 -0.603868 -0.365034,
        -0.115504 -0.604099 -0.362146,
        -0.160959 -0.604103 -0.362098,
        -0.160733 -0.604453 -0.357726,
        -0.065726 -0.605766 -0.341312,
        -0.059406 -0.606176 -0.336180,
        -0.104889 -0.613585 -0.243575,
        -0.107061 -0.613744 -0.241578,
        -0.203857 -0.611671 -0.267498,
        -0.095466 -0.612653 -0.255227,
        -0.206974 -0.611807 -0.265802,
        -0.216550 -0.612084 -0.262331,
        -0.056308 -0.609565 -0.293828,
        -0.061269 -0.610007 -0.288300,
        -0.083453 -0.610683 -0.279840,
        -0.067893 -0.610376 -0.283693,
        -0.075346 -0.610604 -0.280835,
        -0.086869 -0.610683 -0.279840,
        -0.089136 -0.611546 -0.269066,
        -0.119099 -0.614402 -0.233359,
        -0.132515 -0.614805 -0.228328,
        -0.197598 -0.612715 -0.254446,
        -0.146643 -0.614940 -0.226640,
        -0.241416 -0.611966 -0.263814,
        -0.250940 -0.611564 -0.268838,
        -0.230872 -0.612164 -0.261338,
        -0.258345 -0.611038 -0.275416,
        -0.264259 -0.610359 -0.283895,
        -0.162261 -0.614780 -0.228631,
        -0.176235 -0.614331 -0.234251,
        -0.188120 -0.613633 -0.242970,
        -0.226486 -0.612182 -0.261114,
        -0.267913 -0.609600 -0.293388,
        -1.102362 -0.629921 -0.039370,
        -0.699222 -0.629921 -0.039370,
        0.000913 -0.629921 -0.039370,
        0.058715 -0.629921 -0.039370,
        0.058715 -0.623452 -0.120237,
        0.062315 -0.629921 -0.039370,
        0.113134 -0.629921 -0.039370,
        0.140581 -0.629921 -0.039370,
        0.140581 -0.623452 -0.120237,
        0.154581 -0.629921 -0.039370,
        0.154581 -0.623452 -0.120237,
        0.187761 -0.629921 -0.039370,
        0.187761 -0.623452 -0.120237,
        0.210811 -0.629921 -0.039370,
        0.210811 -0.623452 -0.120237,
        0.229784 -0.629921 -0.039370,
        0.229784 -0.623452 -0.120237,
        1.102362 -0.629921 -0.039370,
        1.095893 -0.623452 -0.120237,
        0.033256 -0.615698 -0.217165,
        0.033256 -0.611455 -0.270201,
        0.057172 -0.611455 -0.270201,
        0.025504 -0.610909 -0.277026,
        0.025504 -0.615698 -0.217165,
        0.057172 -0.610909 -0.277026,
        0.057802 -0.603858 -0.365164,
        0.057802 -0.603312 -0.371989,
        0.058715 -0.603271 -0.372494,
        0.025504 -0.603312 -0.371989,
        0.056436 -0.607550 -0.319014,
        0.025504 -0.608101 -0.312128,
        0.056436 -0.608101 -0.312128,
        0.033256 -0.605469 -0.345027,
        0.033256 -0.603858 -0.365164,
        0.054732 -0.605469 -0.345027,
        0.054732 -0.606017 -0.338172,
        0.033256 -0.606017 -0.338172,
        0.033256 -0.607550 -0.319014,
        0.210811 -0.601374 -0.396206,
        0.058715 -0.601374 -0.396206,
        0.058715 -0.590551 -0.531496,
        0.062315 -0.590551 -0.531496,
        0.113134 -0.590551 -0.531496,
        0.140581 -0.590551 -0.531496,
        0.154581 -0.590551 -0.531496,
        0.187761 -0.590551 -0.531496,
        0.210811 -0.590551 -0.531496,
        0.229784 -0.590551 -0.531496,
      ]
    }
    coordIndex [
      0, 1, 2, -1,
      2, 1, 3, -1,
      4, 5, 6, -1,
      6, 5, 7, -1,
      5, 3, 7, -1,
      7, 3, 1, -1,
      4, 2, 5, -1,
      5, 2, 3, -1,
      0, 6, 1, -1,
      1, 6, 7, -1,
      6, 0, 4, -1,
      4, 0, 2, -1,
      8, 9, 10, -1,
      11, 12, 13, -1,
      14, 15, 16, -1,
      17, 18, 19, -1,
      20, 21, 22, -1,
      22, 21, 23, -1,
      22, 23, 24, -1,
      20, 25, 21, -1,
      21, 25, 26, -1,
      21, 26, 27, -1,
      27, 26, 28, -1,
      27, 28, 29, -1,
      30, 31, 32, -1,
      32, 31, 33, -1,
      32, 33, 25, -1,
      25, 33, 34, -1,
      25, 34, 26, -1,
      26, 34, 35, -1,
      26, 35, 36, -1,
      36, 35, 37, -1,
      36, 37, 38, -1,
      38, 37, 39, -1,
      40, 41, 16, -1,
      16, 41, 42, -1,
      43, 44, 45, -1,
      16, 46, 40, -1,
      40, 46, 47, -1,
      40, 47, 48, -1,
      48, 47, 43, -1,
      48, 43, 49, -1,
      49, 43, 45, -1,
      50, 51, 13, -1,
      13, 51, 52, -1,
      13, 52, 53, -1,
      53, 52, 46, -1,
      46, 52, 54, -1,
      46, 54, 47, -1,
      55, 51, 56, -1,
      56, 51, 50, -1,
      56, 50, 57, -1,
      58, 59, 60, -1,
      61, 62, 13, -1,
      62, 63, 13, -1,
      13, 63, 64, -1,
      13, 64, 65, -1,
      65, 66, 13, -1,
      13, 66, 67, -1,
      13, 67, 50, -1,
      50, 67, 68, -1,
      50, 68, 57, -1,
      69, 70, 71, -1,
      71, 70, 72, -1,
      71, 72, 58, -1,
      58, 72, 73, -1,
      58, 73, 59, -1,
      74, 75, 76, -1,
      75, 77, 76, -1,
      76, 77, 78, -1,
      76, 78, 71, -1,
      71, 78, 79, -1,
      71, 79, 69, -1,
      80, 81, 82, -1,
      82, 81, 21, -1,
      82, 21, 83, -1,
      84, 85, 86, -1,
      86, 85, 87, -1,
      86, 87, 88, -1,
      88, 87, 89, -1,
      90, 23, 91, -1,
      91, 23, 21, -1,
      91, 21, 92, -1,
      92, 21, 81, -1,
      93, 94, 95, -1,
      95, 94, 96, -1,
      95, 97, 93, -1,
      93, 97, 98, -1,
      93, 98, 46, -1,
      46, 98, 99, -1,
      46, 99, 53, -1,
      100, 101, 102, -1,
      102, 101, 103, -1,
      102, 103, 97, -1,
      97, 103, 104, -1,
      97, 104, 98, -1,
      98, 104, 105, -1,
      98, 105, 106, -1,
      106, 105, 107, -1,
      106, 107, 108, -1,
      108, 107, 109, -1,
      96, 94, 110, -1,
      110, 94, 111, -1,
      110, 111, 112, -1,
      17, 19, 113, -1,
      113, 19, 114, -1,
      113, 114, 115, -1,
      115, 114, 10, -1,
      115, 10, 116, -1,
      116, 117, 118, -1,
      118, 117, 119, -1,
      118, 119, 120, -1,
      121, 122, 123, -1,
      124, 84, 125, -1,
      126, 127, 128, -1,
      128, 127, 129, -1,
      128, 129, 130, -1,
      86, 83, 84, -1,
      84, 83, 21, -1,
      84, 21, 125, -1,
      125, 21, 131, -1,
      126, 128, 132, -1,
      132, 128, 131, -1,
      132, 131, 133, -1,
      134, 135, 21, -1,
      130, 136, 128, -1,
      128, 136, 137, -1,
      128, 137, 138, -1,
      139, 140, 131, -1,
      131, 140, 141, -1,
      131, 141, 133, -1,
      21, 135, 131, -1,
      131, 135, 142, -1,
      131, 142, 139, -1,
      123, 143, 121, -1,
      121, 143, 124, -1,
      121, 124, 144, -1,
      144, 124, 125, -1,
      143, 128, 124, -1,
      124, 128, 138, -1,
      124, 138, 27, -1,
      27, 138, 145, -1,
      27, 145, 21, -1,
      21, 145, 146, -1,
      21, 146, 134, -1,
      147, 148, 149, -1,
      149, 148, 150, -1,
      149, 150, 151, -1,
      152, 153, 154, -1,
      154, 153, 155, -1,
      156, 157, 158, -1,
      158, 157, 159, -1,
      158, 159, 155, -1,
      155, 159, 160, -1,
      155, 160, 154, -1,
      161, 111, 162, -1,
      162, 111, 163, -1,
      164, 112, 165, -1,
      165, 112, 111, -1,
      165, 111, 166, -1,
      166, 111, 161, -1,
      167, 168, 169, -1,
      169, 168, 170, -1,
      171, 172, 173, -1,
      174, 175, 166, -1,
      166, 175, 176, -1,
      166, 176, 177, -1,
      178, 179, 166, -1,
      166, 179, 180, -1,
      166, 180, 165, -1,
      165, 180, 181, -1,
      165, 181, 182, -1,
      177, 183, 166, -1,
      166, 183, 184, -1,
      166, 184, 178, -1,
      185, 186, 187, -1,
      187, 186, 188, -1,
      172, 189, 173, -1,
      173, 189, 188, -1,
      173, 188, 190, -1,
      190, 188, 186, -1,
      171, 173, 191, -1,
      191, 173, 192, -1,
      191, 192, 166, -1,
      166, 192, 193, -1,
      166, 193, 174, -1,
      182, 194, 165, -1,
      165, 194, 195, -1,
      165, 195, 169, -1,
      169, 195, 196, -1,
      169, 196, 167, -1,
      197, 198, 199, -1,
      199, 198, 200, -1,
      199, 200, 201, -1,
      202, 203, 204, -1,
      204, 205, 202, -1,
      202, 205, 206, -1,
      202, 206, 207, -1,
      170, 208, 169, -1,
      169, 208, 209, -1,
      169, 209, 210, -1,
      211, 212, 202, -1,
      202, 212, 213, -1,
      202, 213, 203, -1,
      209, 214, 210, -1,
      210, 214, 215, -1,
      210, 215, 211, -1,
      211, 215, 216, -1,
      211, 216, 212, -1,
      217, 218, 23, -1,
      23, 218, 219, -1,
      23, 219, 220, -1,
      221, 222, 223, -1,
      223, 222, 224, -1,
      225, 226, 223, -1,
      223, 226, 227, -1,
      220, 14, 23, -1,
      23, 14, 16, -1,
      23, 16, 24, -1,
      24, 16, 42, -1,
      24, 42, 228, -1,
      228, 42, 29, -1,
      228, 29, 229, -1,
      229, 29, 28, -1,
      224, 230, 223, -1,
      223, 230, 231, -1,
      223, 231, 225, -1,
      89, 87, 90, -1,
      90, 87, 223, -1,
      90, 223, 23, -1,
      23, 223, 227, -1,
      23, 227, 217, -1,
      93, 232, 221, -1,
      221, 232, 233, -1,
      221, 233, 222, -1,
      15, 234, 16, -1,
      16, 234, 235, -1,
      16, 235, 46, -1,
      46, 235, 236, -1,
      46, 236, 93, -1,
      93, 236, 237, -1,
      93, 237, 232, -1,
      238, 239, 240, -1,
      241, 242, 243, -1,
      238, 240, 244, -1,
      245, 246, 247, -1,
      247, 246, 248, -1,
      247, 248, 249, -1,
      249, 248, 243, -1,
      249, 243, 250, -1,
      250, 243, 242, -1,
      251, 252, 253, -1,
      253, 252, 254, -1,
      253, 254, 255, -1,
      255, 256, 253, -1,
      253, 256, 257, -1,
      253, 257, 258, -1,
      259, 260, 169, -1,
      261, 262, 240, -1,
      240, 262, 263, -1,
      240, 263, 244, -1,
      264, 169, 265, -1,
      265, 169, 260, -1,
      265, 260, 247, -1,
      247, 260, 266, -1,
      247, 266, 245, -1,
      267, 268, 269, -1,
      269, 268, 270, -1,
      269, 270, 271, -1,
      271, 270, 272, -1,
      273, 274, 243, -1,
      243, 274, 275, -1,
      243, 275, 276, -1,
      264, 277, 169, -1,
      169, 277, 278, -1,
      169, 278, 279, -1,
      280, 281, 282, -1,
      282, 281, 283, -1,
      282, 283, 284, -1,
      285, 286, 287, -1,
      276, 288, 243, -1,
      243, 288, 289, -1,
      243, 289, 241, -1,
      272, 290, 271, -1,
      271, 290, 291, -1,
      271, 291, 292, -1,
      292, 291, 287, -1,
      292, 287, 293, -1,
      293, 287, 286, -1,
      294, 295, 296, -1,
      296, 295, 297, -1,
      296, 297, 239, -1,
      280, 267, 281, -1,
      281, 267, 269, -1,
      281, 269, 298, -1,
      298, 269, 299, -1,
      298, 299, 300, -1,
      300, 299, 301, -1,
      300, 301, 302, -1,
      302, 301, 303, -1,
      304, 303, 297, -1,
      297, 303, 301, -1,
      297, 301, 239, -1,
      239, 301, 299, -1,
      239, 299, 240, -1,
      304, 297, 12, -1,
      12, 297, 58, -1,
      12, 58, 13, -1,
      13, 58, 60, -1,
      13, 60, 61, -1,
      305, 306, 165, -1,
      307, 308, 309, -1,
      305, 165, 310, -1,
      279, 285, 169, -1,
      169, 285, 287, -1,
      169, 287, 165, -1,
      165, 287, 311, -1,
      165, 311, 310, -1,
      306, 312, 165, -1,
      165, 312, 53, -1,
      165, 53, 164, -1,
      164, 53, 99, -1,
      313, 314, 13, -1,
      314, 315, 13, -1,
      13, 315, 316, -1,
      13, 316, 317, -1,
      308, 313, 309, -1,
      309, 313, 13, -1,
      309, 13, 318, -1,
      318, 13, 53, -1,
      318, 53, 319, -1,
      319, 53, 312, -1,
      317, 320, 13, -1,
      13, 320, 321, -1,
      13, 321, 11, -1,
      322, 323, 324, -1,
      324, 323, 325, -1,
      324, 325, 326, -1,
      324, 327, 322, -1,
      322, 327, 328, -1,
      322, 328, 329, -1,
      329, 330, 322, -1,
      322, 330, 331, -1,
      322, 331, 332, -1,
      332, 331, 333, -1,
      332, 333, 334, -1,
      334, 333, 335, -1,
      334, 335, 309, -1,
      309, 335, 336, -1,
      309, 336, 307, -1,
      337, 338, 326, -1,
      326, 338, 339, -1,
      326, 339, 324, -1,
      340, 341, 284, -1,
      284, 341, 342, -1,
      284, 342, 282, -1,
      340, 343, 341, -1,
      341, 343, 344, -1,
      341, 344, 345, -1,
      345, 344, 346, -1,
      345, 347, 348, -1,
      346, 349, 345, -1,
      345, 349, 350, -1,
      345, 350, 351, -1,
      351, 352, 345, -1,
      345, 352, 353, -1,
      345, 353, 347, -1,
      348, 354, 345, -1,
      345, 354, 355, -1,
      345, 355, 356, -1,
      357, 358, 359, -1,
      359, 358, 360, -1,
      359, 360, 361, -1,
      362, 363, 364, -1,
      364, 363, 359, -1,
      364, 359, 365, -1,
      365, 359, 366, -1,
      361, 367, 359, -1,
      359, 367, 368, -1,
      359, 368, 366, -1,
      369, 370, 371, -1,
      369, 371, 372, -1,
      372, 371, 119, -1,
      372, 119, 373, -1,
      116, 10, 117, -1,
      117, 10, 9, -1,
      117, 9, 374, -1,
      373, 119, 375, -1,
      375, 119, 117, -1,
      375, 117, 376, -1,
      374, 377, 117, -1,
      117, 377, 378, -1,
      117, 378, 379, -1,
      379, 380, 117, -1,
      117, 380, 381, -1,
      117, 381, 376, -1,
      376, 381, 382, -1,
      376, 382, 383, -1,
      383, 382, 384, -1,
      383, 384, 385, -1,
      386, 387, 114, -1,
      114, 387, 388, -1,
      114, 388, 389, -1,
      389, 390, 114, -1,
      114, 390, 391, -1,
      114, 391, 10, -1,
      10, 391, 392, -1,
      10, 392, 8, -1,
      18, 153, 19, -1,
      19, 153, 152, -1,
      19, 152, 114, -1,
      114, 152, 393, -1,
      114, 393, 394, -1,
      395, 386, 396, -1,
      396, 386, 114, -1,
      396, 114, 397, -1,
      397, 114, 394, -1,
      398, 399, 400, -1,
      399, 401, 400, -1,
      400, 401, 402, -1,
      400, 402, 403, -1,
      404, 405, 406, -1,
      407, 408, 409, -1,
      409, 408, 410, -1,
      404, 406, 411, -1,
      412, 413, 414, -1,
      415, 416, 408, -1,
      408, 416, 417, -1,
      408, 417, 418, -1,
      362, 419, 363, -1,
      363, 419, 420, -1,
      363, 420, 414, -1,
      414, 420, 421, -1,
      414, 421, 412, -1,
      405, 422, 406, -1,
      406, 422, 423, -1,
      406, 423, 424, -1,
      425, 426, 427, -1,
      427, 426, 428, -1,
      427, 428, 429, -1,
      430, 418, 431, -1,
      431, 418, 432, -1,
      431, 432, 427, -1,
      427, 432, 433, -1,
      427, 433, 425, -1,
      413, 434, 414, -1,
      414, 434, 435, -1,
      414, 435, 436, -1,
      430, 437, 418, -1,
      418, 437, 438, -1,
      418, 438, 408, -1,
      408, 438, 439, -1,
      408, 439, 410, -1,
      440, 441, 398, -1,
      442, 443, 406, -1,
      406, 443, 444, -1,
      406, 444, 408, -1,
      408, 444, 445, -1,
      408, 445, 415, -1,
      441, 446, 398, -1,
      398, 446, 447, -1,
      398, 447, 448, -1,
      449, 450, 451, -1,
      451, 450, 452, -1,
      451, 452, 406, -1,
      406, 452, 453, -1,
      406, 453, 411, -1,
      424, 454, 406, -1,
      406, 454, 455, -1,
      406, 455, 456, -1,
      448, 457, 398, -1,
      398, 457, 458, -1,
      398, 458, 459, -1,
      459, 458, 449, -1,
      459, 449, 460, -1,
      460, 449, 451, -1,
      456, 461, 406, -1,
      406, 461, 462, -1,
      406, 462, 442, -1,
      463, 464, 465, -1,
      463, 465, 466, -1,
      417, 465, 418, -1,
      418, 465, 467, -1,
      418, 467, 468, -1,
      469, 470, 471, -1,
      471, 470, 472, -1,
      471, 472, 473, -1,
      469, 471, 417, -1,
      417, 471, 474, -1,
      417, 474, 465, -1,
      465, 474, 475, -1,
      465, 475, 466, -1,
      464, 476, 465, -1,
      465, 476, 477, -1,
      465, 477, 478, -1,
      478, 477, 479, -1,
      480, 481, 482, -1,
      482, 481, 483, -1,
      482, 483, 484, -1,
      485, 486, 479, -1,
      479, 486, 487, -1,
      479, 487, 478, -1,
      468, 488, 418, -1,
      418, 488, 482, -1,
      418, 482, 489, -1,
      489, 482, 484, -1,
      490, 120, 491, -1,
      491, 120, 119, -1,
      491, 119, 492, -1,
      492, 119, 371, -1,
      492, 371, 493, -1,
      493, 371, 494, -1,
      493, 494, 495, -1,
      495, 494, 200, -1,
      495, 200, 496, -1,
      496, 200, 198, -1,
      496, 198, 497, -1,
      497, 198, 498, -1,
      497, 498, 499, -1,
      499, 498, 500, -1,
      499, 500, 501, -1,
      501, 500, 502, -1,
      501, 502, 503, -1,
      503, 502, 504, -1,
      503, 504, 505, -1,
      505, 504, 506, -1,
      505, 506, 507, -1,
      507, 506, 508, -1,
      197, 163, 198, -1,
      198, 163, 111, -1,
      198, 111, 498, -1,
      498, 111, 94, -1,
      498, 94, 500, -1,
      500, 94, 93, -1,
      500, 93, 502, -1,
      502, 93, 221, -1,
      502, 221, 504, -1,
      504, 221, 223, -1,
      504, 223, 506, -1,
      506, 223, 87, -1,
      506, 87, 508, -1,
      508, 87, 85, -1,
      370, 357, 371, -1,
      371, 357, 359, -1,
      371, 359, 494, -1,
      494, 359, 211, -1,
      494, 211, 200, -1,
      200, 211, 202, -1,
      200, 202, 201, -1,
      201, 202, 207, -1,
      509, 510, 511, -1,
      512, 513, 359, -1,
      359, 513, 509, -1,
      359, 509, 211, -1,
      211, 509, 511, -1,
      211, 511, 210, -1,
      210, 511, 514, -1,
      210, 514, 363, -1,
      363, 514, 512, -1,
      363, 512, 359, -1,
      515, 516, 517, -1,
      517, 516, 518, -1,
      517, 518, 414, -1,
      258, 259, 253, -1,
      253, 259, 169, -1,
      253, 169, 517, -1,
      517, 169, 210, -1,
      517, 210, 515, -1,
      515, 210, 519, -1,
      414, 518, 363, -1,
      363, 518, 520, -1,
      363, 520, 210, -1,
      210, 520, 521, -1,
      210, 521, 519, -1,
      522, 523, 524, -1,
      524, 523, 515, -1,
      524, 515, 525, -1,
      525, 515, 519, -1,
      525, 519, 526, -1,
      526, 519, 527, -1,
      41, 74, 42, -1,
      42, 74, 76, -1,
      42, 76, 29, -1,
      29, 76, 528, -1,
      29, 528, 27, -1,
      27, 528, 150, -1,
      27, 150, 124, -1,
      124, 150, 148, -1,
      294, 251, 295, -1,
      295, 251, 253, -1,
      295, 253, 529, -1,
      529, 253, 517, -1,
      529, 517, 400, -1,
      400, 517, 414, -1,
      400, 414, 398, -1,
      398, 414, 436, -1,
      398, 436, 440, -1,
      403, 156, 400, -1,
      400, 156, 158, -1,
      400, 158, 529, -1,
      529, 158, 530, -1,
      529, 530, 295, -1,
      295, 530, 531, -1,
      295, 531, 297, -1,
      297, 531, 532, -1,
      297, 532, 58, -1,
      58, 532, 533, -1,
      58, 533, 71, -1,
      71, 533, 534, -1,
      71, 534, 76, -1,
      76, 534, 535, -1,
      76, 535, 528, -1,
      528, 535, 536, -1,
      528, 536, 150, -1,
      150, 536, 537, -1,
      150, 537, 151, -1,
    ]
  }
}

Shape {
  appearance Appearance {
    material Material {
      diffuseColor 1.0000 0.8549 0.8118
      specularColor 0.5020 0.4275 0.4039
      ambientIntensity 0.2
      transparency 0.0000
      shininess 0.5
    }
  }
  geometry IndexedFaceSet {
    ccw TRUE
    solid FALSE
    coord DEF co Coordinate {
      point [
        -1.062992 0.590551 0.531496,
        -1.062992 -0.590551 0.531496,
        -0.675530 0.590551 0.531496,
        -0.675530 -0.590551 0.531496,
      ]
    }
    coordIndex [
      0, 1, 2, -1,
      2, 1, 3, -1,
    ]
  }
}

Shape {
  appearance Appearance {
    material Material {
      diffuseColor 0.8549 0.8549 0.8549
      specularColor 0.4275 0.4275 0.4275
      ambientIntensity 0.2
      transparency 0.0000
      shininess 0.5
    }
  }
  geometry IndexedFaceSet {
    ccw TRUE
    solid FALSE
    coord DEF co Coordinate {
      point [
        1.102362 -0.137795 0.039370,
        -1.181102 0.433071 -0.039370,
        -1.181102 0.137795 -0.039370,
        -1.178419 0.137795 -0.018991,
        -1.178419 0.433071 -0.018991,
        -1.170553 0.137795 -0.000000,
        -1.170553 0.433071 -0.000000,
        -1.158040 0.137795 0.016307,
        -1.158040 0.433071 0.016307,
        -1.141732 0.137795 0.028821,
        -1.141732 0.433071 0.028821,
        -1.122742 0.137795 0.036687,
        -1.122742 0.433071 0.036687,
        -1.102362 0.137795 0.039370,
        -1.102362 0.433071 0.039370,
        -1.181102 -0.137795 -0.039370,
        -1.181102 -0.433071 -0.039370,
        -1.178419 -0.433071 -0.018991,
        -1.178419 -0.137795 -0.018991,
        -1.170553 -0.433071 -0.000000,
        -1.170553 -0.137795 -0.000000,
        -1.158040 -0.433071 0.016307,
        -1.158040 -0.137795 0.016307,
        -1.141732 -0.433071 0.028821,
        -1.141732 -0.137795 0.028821,
        -1.122742 -0.433071 0.036687,
        -1.122742 -0.137795 0.036687,
        -1.102362 -0.433071 0.039370,
        -1.102362 -0.137795 0.039370,
        -1.181102 0.137795 -0.094844,
        -1.181102 0.433071 -0.492863,
        -1.181102 -0.137795 -0.094844,
        -1.181102 -0.433071 -0.492863,
        -1.102362 -0.137795 -0.039370,
        -1.102362 -0.433071 -0.039370,
        -1.102362 -0.137795 -0.094844,
        -1.102362 -0.433071 -0.492863,
        -1.102362 0.137795 -0.094844,
        -1.102362 0.433071 -0.492863,
        -1.102362 0.137795 -0.039370,
        -1.102362 0.433071 -0.039370,
        1.181102 -0.433071 -0.039370,
        1.181102 -0.137795 -0.039370,
        1.178419 -0.137795 -0.018991,
        1.178419 -0.433071 -0.018991,
        1.170553 -0.137795 -0.000000,
        1.170553 -0.433071 -0.000000,
        1.158040 -0.137795 0.016307,
        1.158040 -0.433071 0.016307,
        1.141732 -0.137795 0.028821,
        1.141732 -0.433071 0.028821,
        1.122742 -0.137795 0.036687,
        1.122742 -0.433071 0.036687,
        1.102362 -0.433071 0.039370,
      ]
    }
    coordIndex [
      1, 2, 3, -1,
      1, 3, 4, -1,
      4, 3, 5, -1,
      4, 5, 6, -1,
      6, 5, 7, -1,
      6, 7, 8, -1,
      8, 7, 9, -1,
      8, 9, 10, -1,
      10, 9, 11, -1,
      10, 11, 12, -1,
      12, 11, 13, -1,
      12, 13, 14, -1,
      15, 16, 17, -1,
      15, 17, 18, -1,
      18, 17, 19, -1,
      18, 19, 20, -1,
      20, 19, 21, -1,
      20, 21, 22, -1,
      22, 21, 23, -1,
      22, 23, 24, -1,
      24, 23, 25, -1,
      24, 25, 26, -1,
      26, 25, 27, -1,
      26, 27, 28, -1,
      2, 1, 29, -1,
      29, 1, 30, -1,
      29, 30, 31, -1,
      31, 30, 32, -1,
      31, 32, 15, -1,
      15, 32, 16, -1,
      33, 34, 35, -1,
      35, 34, 36, -1,
      35, 36, 37, -1,
      37, 36, 38, -1,
      37, 38, 39, -1,
      39, 38, 40, -1,
      41, 42, 43, -1,
      41, 43, 44, -1,
      44, 43, 45, -1,
      44, 45, 46, -1,
      46, 45, 47, -1,
      46, 47, 48, -1,
      48, 47, 49, -1,
      48, 49, 50, -1,
      50, 49, 51, -1,
      50, 51, 52, -1,
      52, 51, 0, -1,
      52, 0, 53, -1,
    ]
  }
}

Shape {
  appearance Appearance {
    material Material {
      diffuseColor 1.0000 0.6667 0.5098
      specularColor 0.5020 0.3333 0.2549
      ambientIntensity 0.2
      transparency 0.0000
      shininess 0.5
    }
  }
  geometry IndexedFaceSet {
    ccw TRUE
    solid FALSE
    coord DEF co Coordinate {
      point [
        1.102362 -0.137795 0.039370,
        1.102362 0.137795 0.039370,
        1.102362 -0.137795 -0.039370,
        1.102362 0.137795 -0.039370,
        -1.066142 -0.593701 -0.492126,
        1.066142 -0.593701 -0.492126,
        0.590551 -0.593701 -0.492126,
        0.590551 -0.590551 -0.531496,
        -0.590551 -0.593701 -0.492126,
        -0.590551 -0.590551 -0.531496,
        -1.102362 -0.629921 -0.039370,
        1.102362 -0.629921 -0.039370,
        -1.062992 0.590551 0.531496,
        -1.062992 -0.590551 0.531496,
        -0.675530 0.590551 0.531496,
        -0.675530 -0.590551 0.531496,
        -1.102362 0.137795 0.039370,
        -1.102362 0.433071 0.039370,
        -1.102362 -0.433071 0.039370,
        -1.102362 -0.137795 0.039370,
        -1.102362 -0.137795 -0.039370,
        -1.102362 -0.433071 -0.039370,
        -1.102362 0.137795 -0.039370,
        -1.102362 0.433071 -0.039370,
        1.102362 -0.433071 0.039370,
        -1.102362 0.629921 0.039370,
        -1.102362 0.629921 -0.039370,
        1.102362 0.629921 -0.039370,
        1.102362 0.629921 0.039370,
        1.102362 0.433071 -0.039370,
        1.102362 0.433071 0.039370,
        -0.590551 0.590551 -0.531496,
        0.590551 0.590551 -0.531496,
        -0.406898 -0.590551 -0.531496,
        -0.425872 -0.590551 -0.531496,
        -0.448921 -0.590551 -0.531496,
        -0.482102 -0.590551 -0.531496,
        -0.496102 -0.590551 -0.531496,
        -0.523548 -0.590551 -0.531496,
        -0.574367 -0.590551 -0.531496,
        -0.577967 -0.590551 -0.531496,
        1.102362 -0.433071 -0.039370,
        1.066142 0.593701 -0.492126,
        -1.066142 0.593701 -0.492126,
        -0.590551 0.593701 -0.492126,
        0.590551 0.593701 -0.492126,
        1.102362 -0.629921 0.039370,
        -1.102362 -0.629921 0.039370,
        1.062992 -0.590551 0.531496,
        1.062992 0.590551 0.531496,
        1.062992 -0.050029 0.531496,
        1.062992 0.069522 0.531496,
      ]
    }
    coordIndex [
      25, 26, 17, -1,
      17, 26, 23, -1,
      27, 28, 29, -1,
      29, 28, 30, -1,
      31, 32, 7, -1,
      7, 33, 31, -1,
      31, 33, 34, -1,
      31, 34, 35, -1,
      35, 36, 31, -1,
      31, 36, 37, -1,
      31, 37, 38, -1,
      38, 39, 31, -1,
      31, 39, 40, -1,
      31, 40, 9, -1,
      41, 11, 5, -1,
      27, 29, 42, -1,
      42, 29, 3, -1,
      42, 3, 5, -1,
      5, 3, 2, -1,
      5, 2, 41, -1,
      23, 26, 43, -1,
      10, 21, 4, -1,
      4, 21, 20, -1,
      4, 20, 43, -1,
      43, 20, 22, -1,
      43, 22, 23, -1,
      44, 43, 26, -1,
      27, 42, 45, -1,
      32, 31, 45, -1,
      45, 31, 44, -1,
      45, 44, 27, -1,
      27, 44, 26, -1,
      46, 11, 24, -1,
      24, 11, 41, -1,
      11, 46, 10, -1,
      10, 46, 47, -1,
      10, 47, 21, -1,
      21, 47, 18, -1,
      26, 25, 27, -1,
      27, 25, 28, -1,
      15, 48, 14, -1,
      14, 48, 49, -1,
      49, 28, 14, -1,
      14, 28, 25, -1,
      14, 25, 12, -1,
      18, 47, 13, -1,
      25, 17, 12, -1,
      12, 17, 16, -1,
      12, 16, 13, -1,
      13, 16, 19, -1,
      13, 19, 18, -1,
      48, 46, 24, -1,
      48, 24, 50, -1,
      50, 24, 0, -1,
      50, 0, 51, -1,
      51, 0, 1, -1,
      51, 1, 49, -1,
      49, 1, 30, -1,
      49, 30, 28, -1,
      46, 48, 47, -1,
      47, 48, 15, -1,
      47, 15, 13, -1,
      45, 6, 32, -1,
      32, 6, 7, -1,
      42, 5, 45, -1,
      45, 5, 6, -1,
      31, 9, 44, -1,
      44, 9, 8, -1,
      44, 8, 43, -1,
      43, 8, 4, -1,
    ]
  }
}

Shape {
  appearance Appearance {
    material Material {
      diffuseColor 0.8549 0.8549 0.8549
      specularColor 0.4275 0.4275 0.4275
      ambientIntensity 0.2
      transparency 0.0000
      shininess 0.5
    }
  }
  geometry IndexedFaceSet {
    ccw TRUE
    solid FALSE
    coord DEF co Coordinate {
      point [
        1.102362 -0.137795 0.039370,
        1.102362 0.137795 0.039370,
        1.102362 -0.137795 -0.039370,
        1.102362 0.137795 -0.039370,
        -1.181102 0.433071 -0.039370,
        -1.181102 0.137795 -0.039370,
        -1.178419 0.137795 -0.018991,
        -1.178419 0.433071 -0.018991,
        -1.170553 0.137795 -0.000000,
        -1.170553 0.433071 -0.000000,
        -1.158040 0.137795 0.016307,
        -1.158040 0.433071 0.016307,
        -1.141732 0.137795 0.028821,
        -1.141732 0.433071 0.028821,
        -1.122742 0.137795 0.036687,
        -1.122742 0.433071 0.036687,
        -1.102362 0.137795 0.039370,
        -1.102362 0.433071 0.039370,
        -1.181102 -0.137795 -0.039370,
        -1.181102 -0.433071 -0.039370,
        -1.178419 -0.433071 -0.018991,
        -1.178419 -0.137795 -0.018991,
        -1.170553 -0.433071 -0.000000,
        -1.170553 -0.137795 -0.000000,
        -1.158040 -0.433071 0.016307,
        -1.158040 -0.137795 0.016307,
        -1.141732 -0.433071 0.028821,
        -1.141732 -0.137795 0.028821,
        -1.122742 -0.433071 0.036687,
        -1.122742 -0.137795 0.036687,
        -1.102362 -0.433071 0.039370,
        -1.102362 -0.137795 0.039370,
        -1.181102 0.137795 -0.094844,
        -1.181102 0.433071 -0.492863,
        -1.181102 -0.137795 -0.094844,
        -1.181102 -0.433071 -0.492863,
        -1.102362 -0.137795 -0.039370,
        -1.102362 -0.433071 -0.039370,
        -1.102362 -0.137795 -0.094844,
        -1.102362 -0.433071 -0.492863,
        -1.102362 0.137795 -0.094844,
        -1.102362 0.433071 -0.492863,
        -1.102362 0.137795 -0.039370,
        -1.102362 0.433071 -0.039370,
        1.181102 -0.433071 -0.039370,
        1.181102 -0.137795 -0.039370,
        1.178419 -0.137795 -0.018991,
        1.178419 -0.433071 -0.018991,
        1.170553 -0.137795 -0.000000,
        1.170553 -0.433071 -0.000000,
        1.158040 -0.137795 0.016307,
        1.158040 -0.433071 0.016307,
        1.141732 -0.137795 0.028821,
        1.141732 -0.433071 0.028821,
        1.122742 -0.137795 0.036687,
        1.122742 -0.433071 0.036687,
        1.102362 -0.433071 0.039370,
        1.102362 0.433071 -0.039370,
        1.102362 0.433071 0.039370,
        1.102362 -0.433071 -0.039370,
        0.629921 -0.433071 -0.492863,
        0.629921 0.433071 -0.492863,
        0.629921 -0.433071 -0.571603,
        0.629921 0.433071 -0.571603,
        1.122742 0.433071 0.036687,
        1.181102 0.433071 -0.039370,
        1.178419 0.433071 -0.018991,
        1.170553 0.433071 -0.000000,
        1.141732 0.433071 0.028821,
        1.158040 0.433071 0.016307,
        1.181102 0.137795 -0.039370,
        1.178419 0.137795 -0.018991,
        1.170553 0.137795 -0.000000,
        1.158040 0.137795 0.016307,
        1.141732 0.137795 0.028821,
        1.122742 0.137795 0.036687,
        1.102362 0.137795 -0.094844,
        1.102362 0.433071 -0.492863,
        1.102362 -0.137795 -0.094844,
        1.102362 -0.433071 -0.492863,
        1.181102 0.433071 -0.492863,
        1.181102 -0.137795 -0.094844,
        1.181102 -0.433071 -0.492863,
        1.181102 0.137795 -0.094844,
        1.122742 0.433071 -0.568920,
        1.102362 0.433071 -0.571603,
        1.170553 0.433071 -0.532233,
        1.178419 0.433071 -0.513242,
        1.158040 0.433071 -0.548540,
        1.141732 0.433071 -0.561054,
        1.102362 -0.433071 -0.571603,
        1.122742 -0.433071 -0.568920,
        1.141732 -0.433071 -0.561054,
        1.158040 -0.433071 -0.548540,
        1.170553 -0.433071 -0.532233,
        1.178419 -0.433071 -0.513242,
        -0.629921 0.433071 -0.492863,
        -0.629921 -0.433071 -0.492863,
        -0.629921 0.433071 -0.571603,
        -0.629921 -0.433071 -0.571603,
        -1.102362 0.433071 -0.571603,
        -1.102362 -0.433071 -0.571603,
        -1.122742 -0.433071 -0.568920,
        -1.122742 0.433071 -0.568920,
        -1.141732 -0.433071 -0.561054,
        -1.141732 0.433071 -0.561054,
        -1.158040 -0.433071 -0.548540,
        -1.158040 0.433071 -0.548540,
        -1.170553 -0.433071 -0.532233,
        -1.170553 0.433071 -0.532233,
        -1.178419 -0.433071 -0.513242,
        -1.178419 0.433071 -0.513242,
      ]
    }
    coordIndex [
      60, 61, 62, -1,
      62, 61, 63, -1,
      57, 58, 64, -1,
      65, 57, 66, -1,
      66, 57, 67, -1,
      64, 68, 57, -1,
      57, 68, 69, -1,
      57, 69, 67, -1,
      70, 65, 66, -1,
      70, 66, 71, -1,
      71, 66, 67, -1,
      71, 67, 72, -1,
      72, 67, 69, -1,
      72, 69, 73, -1,
      73, 69, 68, -1,
      73, 68, 74, -1,
      74, 68, 64, -1,
      74, 64, 75, -1,
      75, 64, 58, -1,
      75, 58, 1, -1,
      44, 47, 59, -1,
      59, 47, 49, -1,
      59, 49, 51, -1,
      51, 53, 59, -1,
      59, 53, 55, -1,
      59, 55, 56, -1,
      3, 57, 76, -1,
      76, 57, 77, -1,
      76, 77, 78, -1,
      78, 77, 79, -1,
      78, 79, 2, -1,
      2, 79, 59, -1,
      77, 57, 80, -1,
      80, 57, 65, -1,
      45, 44, 81, -1,
      81, 44, 82, -1,
      81, 82, 83, -1,
      83, 82, 80, -1,
      83, 80, 70, -1,
      70, 80, 65, -1,
      44, 59, 82, -1,
      82, 59, 79, -1,
      84, 85, 77, -1,
      86, 77, 87, -1,
      87, 77, 80, -1,
      86, 88, 77, -1,
      77, 88, 89, -1,
      77, 89, 84, -1,
      90, 85, 84, -1,
      90, 84, 91, -1,
      91, 84, 89, -1,
      91, 89, 92, -1,
      92, 89, 88, -1,
      92, 88, 93, -1,
      93, 88, 86, -1,
      93, 86, 94, -1,
      94, 86, 87, -1,
      94, 87, 95, -1,
      95, 87, 80, -1,
      95, 80, 82, -1,
      90, 91, 79, -1,
      79, 91, 92, -1,
      79, 92, 93, -1,
      93, 94, 79, -1,
      79, 94, 95, -1,
      79, 95, 82, -1,
      60, 79, 61, -1,
      61, 79, 77, -1,
      61, 77, 63, -1,
      63, 77, 85, -1,
      63, 85, 62, -1,
      62, 85, 90, -1,
      90, 79, 62, -1,
      62, 79, 60, -1,
      96, 97, 98, -1,
      98, 97, 99, -1,
      4, 7, 43, -1,
      43, 7, 9, -1,
      43, 9, 11, -1,
      11, 13, 43, -1,
      43, 13, 15, -1,
      43, 15, 17, -1,
      30, 28, 37, -1,
      37, 28, 26, -1,
      37, 26, 24, -1,
      24, 22, 37, -1,
      37, 22, 20, -1,
      37, 20, 19, -1,
      33, 4, 41, -1,
      41, 4, 43, -1,
      37, 19, 39, -1,
      39, 19, 35, -1,
      100, 101, 102, -1,
      100, 102, 103, -1,
      103, 102, 104, -1,
      103, 104, 105, -1,
      105, 104, 106, -1,
      105, 106, 107, -1,
      107, 106, 108, -1,
      107, 108, 109, -1,
      109, 108, 110, -1,
      109, 110, 111, -1,
      111, 110, 35, -1,
      111, 35, 33, -1,
      111, 33, 41, -1,
      105, 41, 103, -1,
      103, 41, 100, -1,
      105, 107, 41, -1,
      41, 107, 109, -1,
      41, 109, 111, -1,
      35, 110, 39, -1,
      39, 110, 108, -1,
      39, 108, 106, -1,
      106, 104, 39, -1,
      39, 104, 102, -1,
      39, 102, 101, -1,
      99, 101, 98, -1,
      98, 101, 100, -1,
      98, 100, 96, -1,
      96, 100, 41, -1,
      96, 41, 97, -1,
      97, 41, 39, -1,
      39, 101, 97, -1,
      97, 101, 99, -1,
      76, 78, 83, -1,
      83, 78, 81, -1,
      50, 48, 2, -1,
      81, 78, 45, -1,
      45, 78, 2, -1,
      45, 2, 46, -1,
      46, 2, 48, -1,
      0, 54, 2, -1,
      2, 54, 52, -1,
      2, 52, 50, -1,
      76, 83, 3, -1,
      3, 83, 70, -1,
      70, 71, 3, -1,
      3, 71, 72, -1,
      3, 72, 73, -1,
      73, 74, 3, -1,
      3, 74, 75, -1,
      3, 75, 1, -1,
      1, 0, 3, -1,
      3, 0, 2, -1,
      38, 40, 34, -1,
      34, 40, 32, -1,
      32, 40, 5, -1,
      5, 40, 42, -1,
      16, 14, 42, -1,
      42, 14, 12, -1,
      42, 12, 10, -1,
      10, 8, 42, -1,
      42, 8, 6, -1,
      42, 6, 5, -1,
      38, 34, 36, -1,
      36, 34, 18, -1,
      18, 21, 36, -1,
      36, 21, 23, -1,
      36, 23, 25, -1,
      25, 27, 36, -1,
      36, 27, 29, -1,
      36, 29, 31, -1,
      31, 16, 36, -1,
      36, 16, 42, -1,
    ]
  }
}

Shape {
  appearance Appearance {
    material Material {
      diffuseColor 0.0000 0.0000 0.0000
      specularColor 0.0000 0.0000 0.0000
      ambientIntensity 0.2
      transparency 0.0000
      shininess 0.5
    }
  }
  geometry IndexedFaceSet {
    ccw TRUE
    solid FALSE
    coord DEF co Coordinate {
      point [
        0.193864 -0.611223 -0.273097,
        0.187761 -0.611032 -0.275486,
        0.147543 -0.615698 -0.217165,
        0.140581 -0.615698 -0.217165,
        0.147543 -0.615147 -0.224050,
        0.148909 -0.611455 -0.270201,
        0.148909 -0.610909 -0.277026,
        0.124363 -0.615147 -0.224050,
        0.124363 -0.613614 -0.243208,
        0.140581 -0.615147 -0.224050,
        0.140581 -0.613614 -0.243208,
        0.145839 -0.613614 -0.243208,
        0.145839 -0.613066 -0.250064,
        0.140581 -0.611455 -0.270201,
        0.140581 -0.613066 -0.250064,
        0.124363 -0.611455 -0.270201,
        0.124363 -0.613066 -0.250064,
        0.116611 -0.615698 -0.217165,
        0.116611 -0.610909 -0.277026,
        0.104591 -0.615583 -0.218603,
        0.098280 -0.615728 -0.216780,
        0.096766 -0.615738 -0.216660,
        0.140581 -0.610909 -0.277026,
        0.104591 -0.614936 -0.226682,
        0.077833 -0.610948 -0.276530,
        0.072166 -0.611162 -0.273866,
        0.067335 -0.611482 -0.269864,
        0.097831 -0.615150 -0.224012,
        0.090438 -0.615220 -0.223132,
        0.067765 -0.613249 -0.247769,
        0.070730 -0.612208 -0.260789,
        0.073659 -0.611883 -0.264845,
        0.074841 -0.611790 -0.266011,
        0.078765 -0.611569 -0.268775,
        0.091907 -0.611387 -0.271044,
        0.098696 -0.611488 -0.269781,
        0.104591 -0.611700 -0.267141,
        0.104591 -0.611107 -0.274547,
        0.103567 -0.611067 -0.275056,
        0.083044 -0.611437 -0.270424,
        0.089087 -0.611379 -0.271150,
        0.074074 -0.614689 -0.229773,
        0.070794 -0.614325 -0.234323,
        0.078162 -0.614958 -0.226409,
        0.082884 -0.615133 -0.224229,
        0.088109 -0.615213 -0.223226,
        0.068772 -0.613913 -0.239477,
        0.103922 -0.614965 -0.226322,
        0.067829 -0.613073 -0.249969,
        0.068790 -0.612594 -0.255961,
        0.097119 -0.610898 -0.277163,
        0.087966 -0.610828 -0.278035,
        0.084342 -0.610842 -0.277865,
        0.090428 -0.615778 -0.216155,
        0.090361 -0.615778 -0.216155,
        0.086217 -0.615738 -0.216660,
        0.063947 -0.614620 -0.230640,
        0.068302 -0.615073 -0.224969,
        0.069750 -0.615184 -0.223589,
        0.075366 -0.615498 -0.219654,
        0.081635 -0.615693 -0.217218,
        0.063288 -0.611929 -0.264274,
        0.062315 -0.612126 -0.261806,
        0.061096 -0.614088 -0.237289,
        0.062315 -0.614315 -0.234446,
        0.060831 -0.612428 -0.258043,
        0.059629 -0.613213 -0.248228,
        0.059734 -0.613463 -0.245105,
        0.208966 -0.613060 -0.250132,
        0.207513 -0.612500 -0.257142,
        0.204557 -0.612004 -0.263335,
        0.200088 -0.611580 -0.268640,
        0.187761 -0.615582 -0.218614,
        0.193800 -0.615406 -0.220812,
        0.205902 -0.614484 -0.232334,
        0.208132 -0.614028 -0.238034,
        0.209145 -0.613365 -0.246330,
        0.200088 -0.615063 -0.225091,
        0.202176 -0.614901 -0.227124,
        0.177384 -0.615698 -0.217165,
        0.186552 -0.615617 -0.218174,
        0.187030 -0.611009 -0.275772,
        0.176770 -0.610909 -0.277026,
        0.160253 -0.610909 -0.277026,
        0.160253 -0.615698 -0.217165,
        0.033256 -0.615698 -0.217165,
        0.033256 -0.611455 -0.270201,
        0.057172 -0.611455 -0.270201,
        0.025504 -0.610909 -0.277026,
        0.025504 -0.615698 -0.217165,
        0.057172 -0.610909 -0.277026,
        0.057172 -0.611847 -0.270232,
        0.057172 -0.611301 -0.277057,
        0.033256 -0.611847 -0.270232,
        0.033256 -0.616090 -0.217196,
        0.025504 -0.616090 -0.217196,
        0.025504 -0.611301 -0.277057,
        0.087966 -0.611220 -0.278067,
        0.097119 -0.611290 -0.277195,
        0.103567 -0.611459 -0.275087,
        0.104591 -0.611500 -0.274578,
        0.104591 -0.612092 -0.267172,
        0.098696 -0.611881 -0.269813,
        0.091907 -0.611780 -0.271076,
        0.089087 -0.611771 -0.271181,
        0.083044 -0.611830 -0.270455,
        0.078765 -0.611961 -0.268807,
        0.074841 -0.612183 -0.266042,
        0.073659 -0.612276 -0.264877,
        0.070730 -0.612600 -0.260820,
        0.068790 -0.612986 -0.255993,
        0.067829 -0.613466 -0.250001,
        0.067765 -0.613642 -0.247800,
        0.068772 -0.614305 -0.239509,
        0.070794 -0.614717 -0.234354,
        0.074074 -0.615081 -0.229805,
        0.078162 -0.615350 -0.226440,
        0.082884 -0.615525 -0.224260,
        0.088109 -0.615605 -0.223257,
        0.090438 -0.615613 -0.223164,
        0.097831 -0.615543 -0.224044,
        0.103922 -0.615357 -0.226354,
        0.104591 -0.615329 -0.226714,
        0.104591 -0.615975 -0.218634,
        0.090361 -0.616171 -0.216186,
        0.090428 -0.616171 -0.216186,
        0.098280 -0.616121 -0.216812,
        0.081635 -0.616086 -0.217249,
        0.075366 -0.615891 -0.219686,
        0.069750 -0.615576 -0.223620,
        0.068302 -0.615466 -0.225000,
        0.063947 -0.615012 -0.230671,
        0.061096 -0.614480 -0.237321,
        0.059734 -0.613855 -0.245136,
        0.059629 -0.613605 -0.248259,
        0.067335 -0.611874 -0.269896,
        0.063288 -0.612321 -0.264305,
        0.060831 -0.612820 -0.258074,
        0.072166 -0.611554 -0.273897,
        0.077833 -0.611341 -0.276561,
        0.084342 -0.611234 -0.277896,
        0.148909 -0.611847 -0.270232,
        0.148909 -0.611301 -0.277057,
        0.124363 -0.611847 -0.270232,
        0.124363 -0.613458 -0.250095,
        0.145839 -0.613458 -0.250095,
        0.145839 -0.614007 -0.243240,
        0.124363 -0.614007 -0.243240,
        0.124363 -0.615539 -0.224082,
        0.147543 -0.615539 -0.224082,
        0.147543 -0.616090 -0.217196,
        0.116611 -0.616090 -0.217196,
        0.116611 -0.611301 -0.277057,
        0.200088 -0.611972 -0.268672,
        0.193922 -0.612298 -0.264600,
        0.193864 -0.611615 -0.273128,
        0.190061 -0.612082 -0.267293,
        0.187030 -0.611402 -0.275804,
        0.185121 -0.611928 -0.269221,
        0.176770 -0.611301 -0.277057,
        0.176724 -0.611847 -0.270232,
        0.160253 -0.611301 -0.277057,
        0.168005 -0.611847 -0.270232,
        0.160253 -0.616090 -0.217196,
        0.168005 -0.615539 -0.224082,
        0.177384 -0.616090 -0.217196,
        0.177078 -0.615539 -0.224082,
        0.186552 -0.616009 -0.218205,
        0.184799 -0.615471 -0.224930,
        0.193800 -0.615798 -0.220844,
        0.190010 -0.615322 -0.226801,
        0.200088 -0.615456 -0.225122,
        0.194408 -0.615089 -0.229713,
        0.202176 -0.615293 -0.227155,
        0.196044 -0.614961 -0.231315,
        0.205902 -0.614877 -0.232365,
        0.198381 -0.614693 -0.234659,
        0.208132 -0.614420 -0.238066,
        0.200084 -0.614345 -0.239011,
        0.209145 -0.613757 -0.246361,
        0.200994 -0.613740 -0.246576,
        0.208966 -0.613453 -0.250164,
        0.200681 -0.613363 -0.251280,
        0.207513 -0.612892 -0.257174,
        0.199381 -0.612941 -0.256563,
        0.204557 -0.612396 -0.263366,
        0.197183 -0.612595 -0.260884,
        0.194577 -0.612347 -0.263989,
        0.177078 -0.615147 -0.224050,
        0.168005 -0.615147 -0.224050,
        0.168005 -0.611455 -0.270201,
        0.176724 -0.611455 -0.270201,
        0.194577 -0.611954 -0.263958,
        0.193922 -0.611906 -0.264569,
        0.190061 -0.611690 -0.267262,
        0.185121 -0.611536 -0.269190,
        0.200994 -0.613347 -0.246544,
        0.200681 -0.612971 -0.251248,
        0.199381 -0.612548 -0.256531,
        0.197183 -0.612203 -0.260853,
        0.194408 -0.614696 -0.229681,
        0.196044 -0.614568 -0.231283,
        0.198381 -0.614301 -0.234628,
        0.200084 -0.613952 -0.238980,
        0.184799 -0.615079 -0.224899,
        0.190010 -0.614929 -0.226770,
      ]
    }
    coordIndex [
      91, 92, 87, -1,
      87, 92, 90, -1,
      93, 91, 86, -1,
      86, 91, 87, -1,
      94, 93, 85, -1,
      85, 93, 86, -1,
      95, 94, 89, -1,
      89, 94, 85, -1,
      96, 95, 88, -1,
      88, 95, 89, -1,
      92, 96, 90, -1,
      90, 96, 88, -1,
      94, 95, 93, -1,
      93, 95, 96, -1,
      93, 96, 91, -1,
      91, 96, 92, -1,
      97, 51, 50, -1,
      97, 50, 98, -1,
      98, 50, 38, -1,
      98, 38, 99, -1,
      99, 38, 37, -1,
      99, 37, 100, -1,
      101, 100, 36, -1,
      36, 100, 37, -1,
      101, 36, 35, -1,
      101, 35, 102, -1,
      102, 35, 34, -1,
      102, 34, 103, -1,
      103, 34, 40, -1,
      103, 40, 104, -1,
      104, 40, 39, -1,
      104, 39, 105, -1,
      105, 39, 33, -1,
      105, 33, 106, -1,
      106, 33, 32, -1,
      106, 32, 107, -1,
      107, 32, 31, -1,
      107, 31, 108, -1,
      108, 31, 30, -1,
      108, 30, 109, -1,
      109, 30, 49, -1,
      109, 49, 110, -1,
      110, 49, 48, -1,
      110, 48, 111, -1,
      111, 48, 29, -1,
      111, 29, 112, -1,
      112, 29, 46, -1,
      112, 46, 113, -1,
      113, 46, 42, -1,
      113, 42, 114, -1,
      114, 42, 41, -1,
      114, 41, 115, -1,
      115, 41, 43, -1,
      115, 43, 116, -1,
      116, 43, 44, -1,
      116, 44, 117, -1,
      117, 44, 45, -1,
      117, 45, 118, -1,
      118, 45, 28, -1,
      118, 28, 119, -1,
      119, 28, 27, -1,
      119, 27, 120, -1,
      120, 27, 47, -1,
      120, 47, 121, -1,
      121, 47, 23, -1,
      121, 23, 122, -1,
      123, 122, 19, -1,
      19, 122, 23, -1,
      54, 124, 125, -1,
      123, 19, 20, -1,
      123, 20, 126, -1,
      126, 20, 21, -1,
      126, 21, 125, -1,
      125, 21, 53, -1,
      125, 53, 54, -1,
      124, 54, 55, -1,
      124, 55, 127, -1,
      55, 60, 127, -1,
      127, 60, 59, -1,
      127, 59, 128, -1,
      128, 59, 58, -1,
      128, 58, 129, -1,
      129, 58, 57, -1,
      129, 57, 130, -1,
      130, 57, 56, -1,
      130, 56, 131, -1,
      131, 56, 64, -1,
      131, 64, 132, -1,
      64, 63, 132, -1,
      132, 63, 67, -1,
      132, 67, 133, -1,
      133, 67, 66, -1,
      133, 66, 134, -1,
      26, 135, 136, -1,
      134, 66, 65, -1,
      134, 65, 137, -1,
      137, 65, 62, -1,
      137, 62, 136, -1,
      136, 62, 61, -1,
      136, 61, 26, -1,
      135, 26, 25, -1,
      135, 25, 138, -1,
      138, 25, 24, -1,
      138, 24, 139, -1,
      139, 24, 52, -1,
      139, 52, 140, -1,
      140, 52, 51, -1,
      140, 51, 97, -1,
      121, 122, 123, -1,
      116, 129, 115, -1,
      115, 129, 130, -1,
      115, 130, 114, -1,
      114, 130, 131, -1,
      114, 131, 113, -1,
      121, 123, 120, -1,
      120, 123, 126, -1,
      120, 126, 119, -1,
      119, 126, 125, -1,
      119, 125, 118, -1,
      118, 125, 124, -1,
      118, 124, 117, -1,
      117, 124, 127, -1,
      117, 127, 116, -1,
      116, 127, 128, -1,
      116, 128, 129, -1,
      134, 112, 133, -1,
      133, 112, 113, -1,
      133, 113, 132, -1,
      132, 113, 131, -1,
      100, 101, 99, -1,
      99, 101, 102, -1,
      99, 102, 98, -1,
      98, 102, 103, -1,
      98, 103, 97, -1,
      97, 103, 104, -1,
      97, 104, 140, -1,
      140, 104, 105, -1,
      140, 105, 139, -1,
      139, 105, 106, -1,
      139, 106, 138, -1,
      138, 106, 107, -1,
      138, 107, 135, -1,
      135, 107, 108, -1,
      135, 108, 136, -1,
      136, 108, 109, -1,
      136, 109, 137, -1,
      137, 109, 110, -1,
      137, 110, 134, -1,
      134, 110, 111, -1,
      134, 111, 112, -1,
      141, 142, 5, -1,
      5, 142, 6, -1,
      15, 143, 13, -1,
      13, 143, 141, -1,
      13, 141, 5, -1,
      144, 143, 16, -1,
      16, 143, 15, -1,
      12, 145, 14, -1,
      14, 145, 144, -1,
      14, 144, 16, -1,
      146, 145, 11, -1,
      11, 145, 12, -1,
      8, 147, 10, -1,
      10, 147, 146, -1,
      10, 146, 11, -1,
      148, 147, 7, -1,
      7, 147, 8, -1,
      4, 149, 9, -1,
      9, 149, 148, -1,
      9, 148, 7, -1,
      150, 149, 2, -1,
      2, 149, 4, -1,
      17, 151, 3, -1,
      3, 151, 150, -1,
      3, 150, 2, -1,
      152, 151, 18, -1,
      18, 151, 17, -1,
      6, 142, 22, -1,
      22, 142, 152, -1,
      22, 152, 18, -1,
      152, 142, 141, -1,
      141, 143, 152, -1,
      152, 143, 144, -1,
      152, 144, 151, -1,
      149, 150, 148, -1,
      148, 150, 151, -1,
      148, 151, 147, -1,
      147, 151, 144, -1,
      147, 144, 146, -1,
      146, 144, 145, -1,
      153, 154, 155, -1,
      155, 154, 156, -1,
      155, 156, 157, -1,
      157, 156, 158, -1,
      157, 158, 159, -1,
      159, 158, 160, -1,
      159, 160, 161, -1,
      161, 160, 162, -1,
      161, 162, 163, -1,
      163, 162, 164, -1,
      163, 164, 165, -1,
      165, 164, 166, -1,
      165, 166, 167, -1,
      167, 166, 168, -1,
      167, 168, 169, -1,
      169, 168, 170, -1,
      169, 170, 171, -1,
      171, 170, 172, -1,
      171, 172, 173, -1,
      173, 172, 174, -1,
      173, 174, 175, -1,
      175, 174, 176, -1,
      175, 176, 177, -1,
      177, 176, 178, -1,
      177, 178, 179, -1,
      179, 178, 180, -1,
      179, 180, 181, -1,
      181, 180, 182, -1,
      181, 182, 183, -1,
      183, 182, 184, -1,
      183, 184, 185, -1,
      185, 184, 186, -1,
      185, 186, 153, -1,
      153, 186, 187, -1,
      153, 187, 154, -1,
      159, 161, 82, -1,
      82, 161, 83, -1,
      71, 153, 155, -1,
      159, 82, 81, -1,
      159, 81, 157, -1,
      157, 81, 1, -1,
      157, 1, 155, -1,
      155, 1, 0, -1,
      155, 0, 71, -1,
      153, 71, 70, -1,
      153, 70, 185, -1,
      185, 70, 69, -1,
      185, 69, 183, -1,
      183, 69, 68, -1,
      183, 68, 181, -1,
      181, 68, 76, -1,
      181, 76, 179, -1,
      179, 76, 75, -1,
      179, 75, 177, -1,
      177, 75, 74, -1,
      177, 74, 175, -1,
      175, 74, 78, -1,
      175, 78, 173, -1,
      173, 78, 77, -1,
      173, 77, 171, -1,
      79, 165, 167, -1,
      171, 77, 73, -1,
      171, 73, 169, -1,
      169, 73, 72, -1,
      169, 72, 167, -1,
      167, 72, 80, -1,
      167, 80, 79, -1,
      163, 165, 84, -1,
      84, 165, 79, -1,
      161, 163, 83, -1,
      83, 163, 84, -1,
      166, 164, 188, -1,
      188, 164, 189, -1,
      164, 162, 189, -1,
      189, 162, 190, -1,
      162, 160, 190, -1,
      190, 160, 191, -1,
      187, 192, 193, -1,
      187, 193, 154, -1,
      154, 193, 194, -1,
      154, 194, 156, -1,
      156, 194, 195, -1,
      156, 195, 158, -1,
      158, 195, 191, -1,
      158, 191, 160, -1,
      180, 196, 197, -1,
      180, 197, 182, -1,
      182, 197, 198, -1,
      182, 198, 184, -1,
      184, 198, 199, -1,
      184, 199, 186, -1,
      186, 199, 192, -1,
      186, 192, 187, -1,
      172, 200, 201, -1,
      172, 201, 174, -1,
      174, 201, 202, -1,
      174, 202, 176, -1,
      176, 202, 203, -1,
      176, 203, 178, -1,
      178, 203, 196, -1,
      178, 196, 180, -1,
      166, 188, 204, -1,
      166, 204, 168, -1,
      168, 204, 205, -1,
      168, 205, 170, -1,
      170, 205, 200, -1,
      170, 200, 172, -1,
    ]
  }
}

Shape {
  appearance Appearance {
    material Material {
      diffuseColor 1.0000 0.6667 0.5098
      specularColor 0.5020 0.3333 0.2549
      ambientIntensity 0.2
      transparency 0.0000
      shininess 0.5
    }
  }
  geometry IndexedFaceSet {
    ccw TRUE
    solid FALSE
    coord DEF co Coordinate {
      point [
        0.177078 -0.615147 -0.224050,
        0.168005 -0.615147 -0.224050,
        0.168005 -0.611455 -0.270201,
        0.176724 -0.611455 -0.270201,
        0.194577 -0.611954 -0.263958,
        0.193922 -0.611906 -0.264569,
        0.190061 -0.611690 -0.267262,
        0.185121 -0.611536 -0.269190,
        0.200994 -0.613347 -0.246544,
        0.200681 -0.612971 -0.251248,
        0.199381 -0.612548 -0.256531,
        0.197183 -0.612203 -0.260853,
        0.194408 -0.614696 -0.229681,
        0.196044 -0.614568 -0.231283,
        0.198381 -0.614301 -0.234628,
        0.200084 -0.613952 -0.238980,
        0.184799 -0.615079 -0.224899,
        0.190010 -0.614929 -0.226770,
      ]
    }
    coordIndex [
      5, 4, 0, -1,
      1, 2, 0, -1,
      0, 2, 3, -1,
      3, 7, 0, -1,
      0, 7, 6, -1,
      0, 6, 5, -1,
      4, 11, 0, -1,
      0, 11, 10, -1,
      0, 10, 9, -1,
      9, 8, 0, -1,
      0, 8, 15, -1,
      0, 15, 14, -1,
      14, 13, 0, -1,
      0, 13, 12, -1,
      0, 12, 16, -1,
      16, 12, 17, -1,
    ]
  }
}

Shape {
  appearance Appearance {
    material Material {
      diffuseColor 0.0000 0.0000 0.0000
      specularColor 0.0000 0.0000 0.0000
      ambientIntensity 0.2
      transparency 0.0000
      shininess 0.5
    }
  }
  geometry IndexedFaceSet {
    ccw TRUE
    solid FALSE
    coord DEF co Coordinate {
      point [
        0.251820 -0.612219 -0.260653,
        0.229784 -0.612219 -0.260653,
        0.257945 -0.610909 -0.277026,
        0.266511 -0.610909 -0.277026,
        0.243638 -0.615698 -0.217165,
        0.235349 -0.615698 -0.217165,
        0.229784 -0.614533 -0.231728,
        0.212476 -0.610909 -0.277026,
        0.221042 -0.610909 -0.277026,
        0.226814 -0.612219 -0.260653,
        0.229270 -0.613152 -0.253920,
        0.226814 -0.612611 -0.260684,
        0.249426 -0.613152 -0.253920,
        0.251820 -0.612611 -0.260684,
        0.238250 -0.615143 -0.229040,
        0.235349 -0.616090 -0.217196,
        0.212476 -0.611301 -0.277057,
        0.221042 -0.611301 -0.277057,
        0.238770 -0.615285 -0.227253,
        0.239233 -0.615478 -0.224847,
        0.243638 -0.616090 -0.217196,
        0.239417 -0.615478 -0.224847,
        0.239902 -0.615276 -0.227380,
        0.240353 -0.615143 -0.229040,
        0.266511 -0.611301 -0.277057,
        0.257945 -0.611301 -0.277057,
        0.229270 -0.612760 -0.253889,
        0.249426 -0.612760 -0.253889,
        0.240353 -0.614750 -0.229008,
        0.239417 -0.615085 -0.224816,
        0.239902 -0.614883 -0.227348,
        0.239233 -0.615085 -0.224816,
        0.238250 -0.614750 -0.229008,
        0.238770 -0.614893 -0.227222,
      ]
    }
    coordIndex [
      10, 11, 12, -1,
      12, 11, 13, -1,
      14, 15, 10, -1,
      10, 15, 16, -1,
      10, 16, 11, -1,
      11, 16, 17, -1,
      14, 18, 15, -1,
      15, 18, 19, -1,
      15, 19, 20, -1,
      20, 19, 21, -1,
      20, 21, 22, -1,
      22, 23, 20, -1,
      20, 23, 12, -1,
      20, 12, 24, -1,
      24, 12, 13, -1,
      24, 13, 25, -1,
      20, 24, 4, -1,
      4, 24, 3, -1,
      15, 20, 5, -1,
      5, 20, 4, -1,
      7, 16, 6, -1,
      6, 16, 15, -1,
      6, 15, 5, -1,
      17, 16, 8, -1,
      8, 16, 7, -1,
      11, 17, 9, -1,
      9, 17, 8, -1,
      0, 13, 1, -1,
      1, 13, 11, -1,
      1, 11, 9, -1,
      25, 13, 2, -1,
      2, 13, 0, -1,
      24, 25, 3, -1,
      3, 25, 2, -1,
      10, 12, 26, -1,
      26, 12, 27, -1,
      12, 23, 27, -1,
      27, 23, 28, -1,
      21, 29, 30, -1,
      21, 30, 22, -1,
      22, 30, 28, -1,
      22, 28, 23, -1,
      21, 19, 29, -1,
      29, 19, 31, -1,
      14, 32, 33, -1,
      14, 33, 18, -1,
      18, 33, 31, -1,
      18, 31, 19, -1,
      14, 10, 32, -1,
      32, 10, 26, -1,
    ]
  }
}

Shape {
  appearance Appearance {
    material Material {
      diffuseColor 1.0000 0.6667 0.5098
      specularColor 0.5020 0.3333 0.2549
      ambientIntensity 0.2
      transparency 0.0000
      shininess 0.5
    }
  }
  geometry IndexedFaceSet {
    ccw TRUE
    solid FALSE
    coord DEF co Coordinate {
      point [
        0.229270 -0.612760 -0.253889,
        0.249426 -0.612760 -0.253889,
        0.240353 -0.614750 -0.229008,
        0.239417 -0.615085 -0.224816,
        0.239902 -0.614883 -0.227348,
        0.239233 -0.615085 -0.224816,
        0.238250 -0.614750 -0.229008,
        0.238770 -0.614893 -0.227222,
      ]
    }
    coordIndex [
      3, 5, 4, -1,
      4, 5, 7, -1,
      4, 7, 2, -1,
      2, 7, 6, -1,
      2, 6, 1, -1,
      1, 6, 0, -1,
    ]
  }
}

Shape {
  appearance Appearance {
    material Material {
      diffuseColor 0.0000 0.0000 0.0000
      specularColor 0.0000 0.0000 0.0000
      ambientIntensity 0.2
      transparency 0.0000
      shininess 0.5
    }
  }
  geometry IndexedFaceSet {
    ccw TRUE
    solid FALSE
    coord DEF co Coordinate {
      point [
        0.085521 -0.603353 -0.371477,
        0.082691 -0.603271 -0.372494,
        0.091942 -0.603312 -0.371989,
        0.085825 -0.606302 -0.334618,
        0.083254 -0.606323 -0.334346,
        0.079231 -0.605344 -0.346588,
        0.088220 -0.603496 -0.369685,
        0.067785 -0.604919 -0.351903,
        0.069976 -0.605081 -0.349874,
        0.069192 -0.605909 -0.339519,
        0.072985 -0.605214 -0.348209,
        0.074392 -0.606170 -0.336262,
        0.079104 -0.606291 -0.334743,
        0.074240 -0.603271 -0.372494,
        0.074103 -0.603273 -0.372478,
        0.071219 -0.603359 -0.371394,
        0.068686 -0.603500 -0.369632,
        0.067963 -0.603558 -0.368914,
        0.066372 -0.603739 -0.366655,
        0.065426 -0.603938 -0.364164,
        0.065002 -0.604228 -0.360543,
        0.065338 -0.604504 -0.357094,
        0.091942 -0.603841 -0.365379,
        0.091743 -0.603841 -0.365379,
        0.090593 -0.603701 -0.367127,
        0.070717 -0.606563 -0.331353,
        0.069192 -0.606492 -0.332235,
        0.066242 -0.604724 -0.354341,
        0.099464 -0.605513 -0.344476,
        0.098721 -0.606019 -0.338147,
        0.091942 -0.605486 -0.344813,
        0.091686 -0.605748 -0.341530,
        0.090911 -0.605963 -0.338847,
        0.090030 -0.606087 -0.337298,
        0.076305 -0.606736 -0.329186,
        0.083960 -0.606810 -0.328256,
        0.089235 -0.606765 -0.328827,
        0.092229 -0.606680 -0.329882,
        0.094607 -0.606559 -0.331396,
        0.088895 -0.606184 -0.336089,
        0.087563 -0.606253 -0.335228,
        0.097481 -0.606276 -0.334943,
        0.095888 -0.606460 -0.332631,
        0.078602 -0.603231 -0.372999,
        0.082469 -0.603265 -0.372574,
        0.099464 -0.603312 -0.371989,
        0.057802 -0.603858 -0.365164,
        0.057802 -0.603312 -0.371989,
        0.025504 -0.603312 -0.371989,
        0.056436 -0.607550 -0.319014,
        0.025504 -0.608101 -0.312128,
        0.056436 -0.608101 -0.312128,
        0.033256 -0.605469 -0.345027,
        0.033256 -0.603858 -0.365164,
        0.054732 -0.605469 -0.345027,
        0.054732 -0.606017 -0.338172,
        0.033256 -0.606017 -0.338172,
        0.033256 -0.607550 -0.319014,
        0.057802 -0.604250 -0.365196,
        0.057802 -0.603704 -0.372020,
        0.033256 -0.604250 -0.365196,
        0.033256 -0.605861 -0.345059,
        0.054732 -0.605861 -0.345059,
        0.054732 -0.606409 -0.338203,
        0.033256 -0.606409 -0.338203,
        0.033256 -0.607942 -0.319045,
        0.056436 -0.607942 -0.319045,
        0.056436 -0.608493 -0.312159,
        0.025504 -0.608493 -0.312159,
        0.025504 -0.603704 -0.372020,
        0.091743 -0.604233 -0.365410,
        0.091942 -0.604233 -0.365410,
        0.091450 -0.604785 -0.358511,
        0.091935 -0.605053 -0.355166,
        0.099464 -0.605905 -0.344507,
        0.091942 -0.605093 -0.354668,
        0.091942 -0.605420 -0.350567,
        0.091942 -0.603704 -0.372020,
        0.099464 -0.603704 -0.372020,
        0.089235 -0.607157 -0.328858,
        0.087563 -0.606645 -0.335260,
        0.092229 -0.607073 -0.329913,
        0.088895 -0.606576 -0.336120,
        0.075510 -0.605157 -0.353856,
        0.077226 -0.605225 -0.353013,
        0.072985 -0.605607 -0.348241,
        0.090347 -0.604571 -0.361186,
        0.088719 -0.604394 -0.363390,
        0.090593 -0.604093 -0.367159,
        0.087781 -0.604322 -0.364304,
        0.088220 -0.603889 -0.369717,
        0.085657 -0.604207 -0.365735,
        0.085521 -0.603745 -0.371509,
        0.083376 -0.604141 -0.366563,
        0.082469 -0.603657 -0.372605,
        0.080552 -0.604115 -0.366879,
        0.078602 -0.603623 -0.373030,
        0.078011 -0.604138 -0.366594,
        0.074103 -0.603665 -0.372509,
        0.076309 -0.604188 -0.365971,
        0.071219 -0.603752 -0.371426,
        0.074811 -0.604270 -0.364951,
        0.068686 -0.603893 -0.369664,
        0.074171 -0.604321 -0.364310,
        0.069192 -0.606885 -0.332266,
        0.069192 -0.606302 -0.339550,
        0.070717 -0.606955 -0.331385,
        0.074392 -0.606562 -0.336293,
        0.076305 -0.607128 -0.329218,
        0.079104 -0.606684 -0.334774,
        0.083960 -0.607203 -0.328288,
        0.083254 -0.606716 -0.334378,
        0.085825 -0.606694 -0.334649,
        0.079231 -0.605736 -0.346619,
        0.081903 -0.605313 -0.351914,
        0.091942 -0.605878 -0.344844,
        0.074626 -0.605102 -0.354546,
        0.069976 -0.605473 -0.349905,
        0.073726 -0.605013 -0.355657,
        0.067785 -0.605311 -0.351934,
        0.073066 -0.604902 -0.357055,
        0.066242 -0.605116 -0.354372,
        0.072694 -0.604764 -0.358772,
        0.065338 -0.604896 -0.357125,
        0.072631 -0.604669 -0.359963,
        0.065002 -0.604620 -0.360574,
        0.072822 -0.604531 -0.361684,
        0.065426 -0.604330 -0.364196,
        0.073316 -0.604422 -0.363046,
        0.066372 -0.604131 -0.366687,
        0.067963 -0.603950 -0.368945,
        0.091686 -0.606141 -0.341561,
        0.098721 -0.606411 -0.338178,
        0.090911 -0.606356 -0.338878,
        0.097481 -0.606668 -0.334974,
        0.090030 -0.606480 -0.337330,
        0.095888 -0.606853 -0.332663,
        0.094607 -0.606952 -0.331428,
        0.074626 -0.604710 -0.354514,
        0.075510 -0.604765 -0.353825,
        0.077226 -0.604832 -0.352981,
        0.081903 -0.604920 -0.351882,
        0.072631 -0.604276 -0.359931,
        0.072694 -0.604372 -0.358741,
        0.073066 -0.604509 -0.357024,
        0.073726 -0.604621 -0.355625,
        0.074811 -0.603877 -0.364920,
        0.074171 -0.603929 -0.364279,
        0.073316 -0.604030 -0.363015,
        0.072822 -0.604139 -0.361652,
        0.080552 -0.603723 -0.366848,
        0.078011 -0.603746 -0.366562,
        0.076309 -0.603796 -0.365940,
        0.088719 -0.604002 -0.363359,
        0.087781 -0.603929 -0.364272,
        0.085657 -0.603815 -0.365704,
        0.083376 -0.603748 -0.366532,
        0.091942 -0.604700 -0.354637,
        0.091935 -0.604660 -0.355134,
        0.091450 -0.604393 -0.358480,
        0.090347 -0.604178 -0.361155,
        0.091942 -0.605028 -0.350536,
      ]
    }
    coordIndex [
      58, 59, 46, -1,
      46, 59, 47, -1,
      60, 58, 53, -1,
      53, 58, 46, -1,
      61, 60, 52, -1,
      52, 60, 53, -1,
      62, 61, 54, -1,
      54, 61, 52, -1,
      63, 62, 55, -1,
      55, 62, 54, -1,
      64, 63, 56, -1,
      56, 63, 55, -1,
      65, 64, 57, -1,
      57, 64, 56, -1,
      66, 65, 49, -1,
      49, 65, 57, -1,
      67, 66, 51, -1,
      51, 66, 49, -1,
      68, 67, 50, -1,
      50, 67, 51, -1,
      69, 68, 48, -1,
      48, 68, 50, -1,
      59, 69, 47, -1,
      47, 69, 48, -1,
      69, 59, 58, -1,
      58, 60, 69, -1,
      69, 60, 61, -1,
      69, 61, 68, -1,
      66, 67, 65, -1,
      65, 67, 68, -1,
      65, 68, 64, -1,
      64, 68, 61, -1,
      64, 61, 63, -1,
      63, 61, 62, -1,
      70, 71, 72, -1,
      73, 74, 75, -1,
      75, 74, 76, -1,
      77, 78, 71, -1,
      71, 78, 74, -1,
      71, 74, 72, -1,
      72, 74, 73, -1,
      79, 80, 81, -1,
      81, 80, 82, -1,
      83, 84, 85, -1,
      72, 86, 70, -1,
      70, 86, 87, -1,
      70, 87, 88, -1,
      88, 87, 89, -1,
      88, 89, 90, -1,
      90, 89, 91, -1,
      90, 91, 92, -1,
      92, 91, 93, -1,
      92, 93, 94, -1,
      94, 93, 95, -1,
      94, 95, 96, -1,
      96, 95, 97, -1,
      96, 97, 98, -1,
      98, 97, 99, -1,
      98, 99, 100, -1,
      100, 99, 101, -1,
      100, 101, 102, -1,
      102, 101, 103, -1,
      104, 105, 106, -1,
      106, 105, 107, -1,
      106, 107, 108, -1,
      108, 107, 109, -1,
      108, 109, 110, -1,
      110, 109, 111, -1,
      110, 111, 79, -1,
      79, 111, 112, -1,
      79, 112, 80, -1,
      85, 84, 113, -1,
      113, 84, 114, -1,
      113, 114, 115, -1,
      83, 85, 116, -1,
      116, 85, 117, -1,
      116, 117, 118, -1,
      118, 117, 119, -1,
      118, 119, 120, -1,
      120, 119, 121, -1,
      120, 121, 122, -1,
      122, 121, 123, -1,
      122, 123, 124, -1,
      124, 123, 125, -1,
      124, 125, 126, -1,
      126, 125, 127, -1,
      126, 127, 128, -1,
      128, 127, 129, -1,
      128, 129, 103, -1,
      103, 129, 130, -1,
      103, 130, 102, -1,
      114, 76, 115, -1,
      115, 76, 74, -1,
      115, 74, 131, -1,
      131, 74, 132, -1,
      131, 132, 133, -1,
      133, 132, 134, -1,
      133, 134, 135, -1,
      135, 134, 136, -1,
      135, 136, 82, -1,
      82, 136, 137, -1,
      82, 137, 81, -1,
      110, 35, 34, -1,
      110, 34, 108, -1,
      108, 34, 25, -1,
      108, 25, 106, -1,
      106, 25, 26, -1,
      106, 26, 104, -1,
      105, 104, 9, -1,
      9, 104, 26, -1,
      105, 9, 11, -1,
      105, 11, 107, -1,
      107, 11, 12, -1,
      107, 12, 109, -1,
      109, 12, 4, -1,
      109, 4, 111, -1,
      111, 4, 3, -1,
      111, 3, 112, -1,
      112, 3, 40, -1,
      112, 40, 80, -1,
      80, 40, 39, -1,
      80, 39, 82, -1,
      82, 39, 33, -1,
      82, 33, 135, -1,
      135, 33, 32, -1,
      135, 32, 133, -1,
      133, 32, 31, -1,
      133, 31, 131, -1,
      131, 31, 30, -1,
      131, 30, 115, -1,
      113, 115, 5, -1,
      5, 115, 30, -1,
      113, 5, 10, -1,
      113, 10, 85, -1,
      85, 10, 8, -1,
      85, 8, 117, -1,
      117, 8, 7, -1,
      117, 7, 119, -1,
      119, 7, 27, -1,
      119, 27, 121, -1,
      121, 27, 21, -1,
      121, 21, 123, -1,
      123, 21, 20, -1,
      123, 20, 125, -1,
      125, 20, 19, -1,
      125, 19, 127, -1,
      127, 19, 18, -1,
      127, 18, 129, -1,
      129, 18, 17, -1,
      129, 17, 130, -1,
      130, 17, 16, -1,
      130, 16, 102, -1,
      43, 96, 13, -1,
      13, 96, 98, -1,
      13, 98, 14, -1,
      14, 98, 100, -1,
      14, 100, 15, -1,
      15, 100, 102, -1,
      15, 102, 16, -1,
      96, 43, 44, -1,
      96, 44, 94, -1,
      94, 44, 1, -1,
      94, 1, 92, -1,
      1, 0, 92, -1,
      92, 0, 6, -1,
      92, 6, 90, -1,
      90, 6, 24, -1,
      90, 24, 88, -1,
      88, 24, 23, -1,
      88, 23, 70, -1,
      71, 70, 22, -1,
      22, 70, 23, -1,
      77, 71, 2, -1,
      2, 71, 22, -1,
      78, 77, 45, -1,
      45, 77, 2, -1,
      74, 78, 28, -1,
      28, 78, 45, -1,
      74, 28, 29, -1,
      74, 29, 132, -1,
      132, 29, 41, -1,
      132, 41, 134, -1,
      134, 41, 42, -1,
      134, 42, 136, -1,
      136, 42, 38, -1,
      136, 38, 137, -1,
      137, 38, 37, -1,
      137, 37, 81, -1,
      81, 37, 36, -1,
      81, 36, 79, -1,
      79, 36, 35, -1,
      79, 35, 110, -1,
      116, 138, 139, -1,
      116, 139, 83, -1,
      83, 139, 140, -1,
      83, 140, 84, -1,
      84, 140, 141, -1,
      84, 141, 114, -1,
      124, 142, 143, -1,
      124, 143, 122, -1,
      122, 143, 144, -1,
      122, 144, 120, -1,
      120, 144, 145, -1,
      120, 145, 118, -1,
      118, 145, 138, -1,
      118, 138, 116, -1,
      101, 146, 147, -1,
      101, 147, 103, -1,
      103, 147, 148, -1,
      103, 148, 128, -1,
      128, 148, 149, -1,
      128, 149, 126, -1,
      126, 149, 142, -1,
      126, 142, 124, -1,
      95, 150, 151, -1,
      95, 151, 97, -1,
      97, 151, 152, -1,
      97, 152, 99, -1,
      99, 152, 146, -1,
      99, 146, 101, -1,
      87, 153, 154, -1,
      87, 154, 89, -1,
      89, 154, 155, -1,
      89, 155, 91, -1,
      91, 155, 156, -1,
      91, 156, 93, -1,
      93, 156, 150, -1,
      93, 150, 95, -1,
      75, 157, 158, -1,
      75, 158, 73, -1,
      73, 158, 159, -1,
      73, 159, 72, -1,
      72, 159, 160, -1,
      72, 160, 86, -1,
      86, 160, 153, -1,
      86, 153, 87, -1,
      75, 76, 157, -1,
      157, 76, 161, -1,
      76, 114, 161, -1,
      161, 114, 141, -1,
    ]
  }
}

Shape {
  appearance Appearance {
    material Material {
      diffuseColor 1.0000 0.6667 0.5098
      specularColor 0.5020 0.3333 0.2549
      ambientIntensity 0.2
      transparency 0.0000
      shininess 0.5
    }
  }
  geometry IndexedFaceSet {
    ccw TRUE
    solid FALSE
    coord DEF co Coordinate {
      point [
        0.074626 -0.604710 -0.354514,
        0.075510 -0.604765 -0.353825,
        0.077226 -0.604832 -0.352981,
        0.081903 -0.604920 -0.351882,
        0.072631 -0.604276 -0.359931,
        0.072694 -0.604372 -0.358741,
        0.073066 -0.604509 -0.357024,
        0.073726 -0.604621 -0.355625,
        0.074811 -0.603877 -0.364920,
        0.074171 -0.603929 -0.364279,
        0.073316 -0.604030 -0.363015,
        0.072822 -0.604139 -0.361652,
        0.080552 -0.603723 -0.366848,
        0.078011 -0.603746 -0.366562,
        0.076309 -0.603796 -0.365940,
        0.088719 -0.604002 -0.363359,
        0.087781 -0.603929 -0.364272,
        0.085657 -0.603815 -0.365704,
        0.083376 -0.603748 -0.366532,
        0.091942 -0.604700 -0.354637,
        0.091935 -0.604660 -0.355134,
        0.091450 -0.604393 -0.358480,
        0.090347 -0.604178 -0.361155,
        0.091942 -0.605028 -0.350536,
      ]
    }
    coordIndex [
      20, 19, 0, -1,
      19, 23, 3, -1,
      3, 2, 19, -1,
      19, 2, 1, -1,
      19, 1, 0, -1,
      20, 0, 21, -1,
      21, 0, 7, -1,
      21, 7, 22, -1,
      9, 8, 16, -1,
      9, 16, 10, -1,
      17, 16, 18, -1,
      18, 16, 12, -1,
      7, 6, 22, -1,
      22, 6, 5, -1,
      22, 5, 15, -1,
      15, 5, 4, -1,
      15, 4, 16, -1,
      16, 4, 11, -1,
      16, 11, 10, -1,
      8, 14, 16, -1,
      16, 14, 13, -1,
      16, 13, 12, -1,
    ]
  }
}

Shape {
  appearance Appearance {
    material Material {
      diffuseColor 0.0000 0.0000 0.0000
      specularColor 0.0000 0.0000 0.0000
      ambientIntensity 0.2
      transparency 0.0000
      shininess 0.5
    }
  }
  geometry IndexedFaceSet {
    ccw TRUE
    solid FALSE
    coord DEF co Coordinate {
      point [
        0.128108 -0.603296 -0.372189,
        0.125541 -0.603271 -0.372494,
        0.222746 -0.608101 -0.312128,
        0.210811 -0.608101 -0.312128,
        0.191814 -0.608101 -0.312128,
        0.222746 -0.607550 -0.319014,
        0.224112 -0.603858 -0.365164,
        0.224112 -0.603312 -0.371989,
        0.199566 -0.607550 -0.319014,
        0.199566 -0.606017 -0.338172,
        0.210811 -0.607550 -0.319014,
        0.210811 -0.606017 -0.338172,
        0.221042 -0.606017 -0.338172,
        0.221042 -0.605469 -0.345027,
        0.210811 -0.603858 -0.365164,
        0.210811 -0.605469 -0.345027,
        0.199566 -0.603858 -0.365164,
        0.199566 -0.605469 -0.345027,
        0.175911 -0.606732 -0.329235,
        0.183709 -0.606732 -0.329235,
        0.162156 -0.604161 -0.361369,
        0.163078 -0.603880 -0.364889,
        0.163277 -0.603880 -0.364889,
        0.154581 -0.605899 -0.339646,
        0.164198 -0.604156 -0.361431,
        0.163622 -0.603997 -0.363424,
        0.154581 -0.604289 -0.359772,
        0.142538 -0.606732 -0.329235,
        0.150950 -0.606732 -0.329235,
        0.159363 -0.603319 -0.371897,
        0.159109 -0.603271 -0.372494,
        0.156062 -0.602697 -0.379670,
        0.144089 -0.601750 -0.391514,
        0.144089 -0.602283 -0.384843,
        0.145628 -0.602243 -0.385345,
        0.148356 -0.602215 -0.385700,
        0.148573 -0.602215 -0.385697,
        0.150375 -0.602235 -0.385444,
        0.152000 -0.602289 -0.384777,
        0.153133 -0.602353 -0.383976,
        0.154535 -0.602476 -0.382440,
        0.154581 -0.602482 -0.382356,
        0.154581 -0.601810 -0.390764,
        0.152254 -0.601734 -0.391709,
        0.148939 -0.601701 -0.392126,
        0.147279 -0.601706 -0.392067,
        0.166598 -0.603271 -0.372494,
        0.164244 -0.602795 -0.378446,
        0.160797 -0.602261 -0.385118,
        0.157703 -0.601974 -0.388706,
        0.155195 -0.601830 -0.390515,
        0.284169 -0.605463 -0.345096,
        0.282716 -0.604902 -0.352106,
        0.279761 -0.604407 -0.358298,
        0.275291 -0.603983 -0.363604,
        0.284348 -0.605767 -0.341293,
        0.283335 -0.606431 -0.332998,
        0.252588 -0.608101 -0.312128,
        0.261755 -0.608020 -0.313137,
        0.269067 -0.603626 -0.368061,
        0.262233 -0.603412 -0.370735,
        0.251974 -0.603312 -0.371989,
        0.275291 -0.607467 -0.320054,
        0.277380 -0.607304 -0.322087,
        0.281105 -0.606887 -0.327297,
        0.269003 -0.607809 -0.315776,
        0.235456 -0.603312 -0.371989,
        0.235456 -0.608101 -0.312128,
        0.191814 -0.603312 -0.371989,
        0.210811 -0.603312 -0.371989,
        0.111837 -0.605268 -0.347537,
        0.110863 -0.605392 -0.345987,
        0.110030 -0.605575 -0.343701,
        0.109703 -0.605809 -0.340773,
        0.113067 -0.605165 -0.348819,
        0.109657 -0.604051 -0.362746,
        0.113134 -0.605162 -0.348863,
        0.112362 -0.603916 -0.364435,
        0.113134 -0.603892 -0.364736,
        0.112279 -0.606378 -0.333668,
        0.109996 -0.606022 -0.338110,
        0.110887 -0.606215 -0.335695,
        0.109657 -0.603432 -0.370489,
        0.113134 -0.603334 -0.371707,
        0.114937 -0.603284 -0.372339,
        0.116427 -0.603271 -0.372494,
        0.121293 -0.603231 -0.372999,
        0.116362 -0.606629 -0.330526,
        0.120391 -0.606753 -0.328975,
        0.136106 -0.604807 -0.353290,
        0.137506 -0.604643 -0.355346,
        0.136567 -0.606076 -0.337437,
        0.114523 -0.606539 -0.331653,
        0.113134 -0.606439 -0.332900,
        0.126404 -0.606810 -0.328256,
        0.138310 -0.604467 -0.357556,
        0.138624 -0.604242 -0.360359,
        0.138268 -0.604002 -0.363363,
        0.137347 -0.603812 -0.365740,
        0.135947 -0.603654 -0.367718,
        0.136567 -0.606659 -0.330154,
        0.131681 -0.606773 -0.328723,
        0.133788 -0.603503 -0.369602,
        0.132059 -0.603418 -0.370664,
        0.125668 -0.606323 -0.334346,
        0.123441 -0.606310 -0.334513,
        0.117455 -0.605863 -0.340100,
        0.121429 -0.606267 -0.335044,
        0.119742 -0.606196 -0.335938,
        0.117524 -0.605783 -0.341097,
        0.117822 -0.605690 -0.342262,
        0.118364 -0.605609 -0.343274,
        0.119098 -0.605544 -0.344078,
        0.121749 -0.605413 -0.345731,
        0.130919 -0.606272 -0.334982,
        0.126404 -0.605251 -0.347751,
        0.135175 -0.606141 -0.336625,
        0.129317 -0.605157 -0.348926,
        0.134313 -0.604935 -0.351695,
        0.118607 -0.606116 -0.336937,
        0.117963 -0.606039 -0.337892,
        0.117591 -0.605959 -0.338904,
        0.117067 -0.603769 -0.366268,
        0.121093 -0.604815 -0.353198,
        0.116610 -0.604979 -0.351150,
        0.122030 -0.603720 -0.366878,
        0.122362 -0.603721 -0.366876,
        0.126032 -0.604650 -0.355260,
        0.126218 -0.603755 -0.366445,
        0.130902 -0.604183 -0.361094,
        0.130829 -0.604258 -0.360161,
        0.128159 -0.603812 -0.365737,
        0.128844 -0.603845 -0.365322,
        0.129707 -0.603906 -0.364559,
        0.130364 -0.603983 -0.363591,
        0.130746 -0.604069 -0.362524,
        0.130487 -0.604352 -0.358991,
        0.129906 -0.604431 -0.357996,
        0.128968 -0.604509 -0.357024,
        0.122030 -0.604113 -0.366909,
        0.112362 -0.604309 -0.364467,
        0.117067 -0.604162 -0.366299,
        0.109657 -0.604444 -0.362778,
        0.109657 -0.603824 -0.370521,
        0.114937 -0.603676 -0.372371,
        0.121293 -0.603623 -0.373030,
        0.128108 -0.603688 -0.372220,
        0.132059 -0.603810 -0.370695,
        0.133788 -0.603895 -0.369633,
        0.135947 -0.604046 -0.367750,
        0.137347 -0.604204 -0.365771,
        0.138268 -0.604394 -0.363394,
        0.138624 -0.604635 -0.360391,
        0.138310 -0.604859 -0.357587,
        0.137506 -0.605035 -0.355378,
        0.136106 -0.605200 -0.353322,
        0.134313 -0.605328 -0.351726,
        0.129317 -0.605549 -0.348957,
        0.126404 -0.605643 -0.347782,
        0.121749 -0.605805 -0.345762,
        0.119098 -0.605937 -0.344110,
        0.118364 -0.606002 -0.343305,
        0.117822 -0.606082 -0.342293,
        0.117524 -0.606176 -0.341129,
        0.117455 -0.606256 -0.340131,
        0.117591 -0.606351 -0.338935,
        0.117963 -0.606432 -0.337923,
        0.118607 -0.606508 -0.336969,
        0.119742 -0.606588 -0.335969,
        0.121429 -0.606660 -0.335075,
        0.123441 -0.606702 -0.334544,
        0.125668 -0.606716 -0.334378,
        0.130919 -0.606665 -0.335014,
        0.135175 -0.606533 -0.336656,
        0.136567 -0.606469 -0.337469,
        0.136567 -0.607051 -0.330185,
        0.131681 -0.607165 -0.328754,
        0.126404 -0.607203 -0.328288,
        0.120391 -0.607145 -0.329006,
        0.116362 -0.607021 -0.330557,
        0.114523 -0.606931 -0.331685,
        0.112279 -0.606770 -0.333699,
        0.110887 -0.606608 -0.335727,
        0.109996 -0.606415 -0.338141,
        0.109703 -0.606202 -0.340805,
        0.110030 -0.605967 -0.343732,
        0.110863 -0.605784 -0.346019,
        0.111837 -0.605660 -0.347568,
        0.121093 -0.605207 -0.353230,
        0.116610 -0.605371 -0.351181,
        0.113067 -0.605558 -0.348851,
        0.126032 -0.605043 -0.355292,
        0.128968 -0.604902 -0.357055,
        0.129906 -0.604824 -0.358028,
        0.130487 -0.604744 -0.359022,
        0.130829 -0.604650 -0.360193,
        0.130902 -0.604576 -0.361126,
        0.130746 -0.604461 -0.362556,
        0.130364 -0.604376 -0.363622,
        0.129707 -0.604298 -0.364590,
        0.128844 -0.604237 -0.365354,
        0.128159 -0.604204 -0.365769,
        0.126218 -0.604148 -0.366477,
        0.122362 -0.604113 -0.366907,
        0.175911 -0.607124 -0.329267,
        0.183709 -0.607124 -0.329267,
        0.164198 -0.604549 -0.361462,
        0.163622 -0.604389 -0.363455,
        0.163277 -0.604272 -0.364920,
        0.163078 -0.604272 -0.364920,
        0.162156 -0.604554 -0.361401,
        0.150950 -0.607124 -0.329267,
        0.142538 -0.607124 -0.329267,
        0.159363 -0.603711 -0.371929,
        0.156062 -0.603090 -0.379702,
        0.154535 -0.602868 -0.382471,
        0.153133 -0.602745 -0.384007,
        0.152000 -0.602681 -0.384809,
        0.150375 -0.602628 -0.385476,
        0.148573 -0.602607 -0.385728,
        0.148356 -0.602607 -0.385731,
        0.145628 -0.602636 -0.385377,
        0.144089 -0.602676 -0.384874,
        0.144089 -0.602142 -0.391546,
        0.147279 -0.602098 -0.392098,
        0.148939 -0.602093 -0.392157,
        0.155195 -0.602222 -0.390546,
        0.152254 -0.602127 -0.391740,
        0.157703 -0.602367 -0.388738,
        0.160797 -0.602654 -0.385149,
        0.164244 -0.603188 -0.378478,
        0.224112 -0.604250 -0.365196,
        0.224112 -0.603704 -0.372020,
        0.199566 -0.604250 -0.365196,
        0.199566 -0.605861 -0.345059,
        0.221042 -0.605861 -0.345059,
        0.221042 -0.606409 -0.338203,
        0.199566 -0.606409 -0.338203,
        0.199566 -0.607942 -0.319045,
        0.222746 -0.607942 -0.319045,
        0.222746 -0.608493 -0.312159,
        0.191814 -0.608493 -0.312159,
        0.191814 -0.603704 -0.372020,
        0.275291 -0.604375 -0.363635,
        0.269125 -0.604701 -0.359563,
        0.269067 -0.604019 -0.368092,
        0.265264 -0.604485 -0.362256,
        0.262233 -0.603804 -0.370767,
        0.260324 -0.604331 -0.364185,
        0.251974 -0.603704 -0.372020,
        0.251928 -0.604250 -0.365196,
        0.235456 -0.603704 -0.372020,
        0.243208 -0.604250 -0.365196,
        0.235456 -0.608493 -0.312159,
        0.243208 -0.607942 -0.319045,
        0.252588 -0.608493 -0.312159,
        0.252281 -0.607942 -0.319045,
        0.261755 -0.608412 -0.313169,
        0.260003 -0.607874 -0.319894,
        0.269003 -0.608201 -0.315807,
        0.265214 -0.607725 -0.321765,
        0.275291 -0.607859 -0.320086,
        0.269612 -0.607492 -0.324676,
        0.277380 -0.607696 -0.322119,
        0.271248 -0.607364 -0.326278,
        0.281105 -0.607280 -0.327329,
        0.273585 -0.607096 -0.329622,
        0.283335 -0.606824 -0.333029,
        0.275287 -0.606748 -0.333974,
        0.284348 -0.606160 -0.341325,
        0.276197 -0.606143 -0.341539,
        0.284169 -0.605856 -0.345127,
        0.275885 -0.605767 -0.346243,
        0.282716 -0.605295 -0.352137,
        0.274584 -0.605344 -0.351526,
        0.279761 -0.604800 -0.358330,
        0.272386 -0.604998 -0.355848,
        0.269781 -0.604750 -0.358953,
        0.252281 -0.607550 -0.319014,
        0.243208 -0.607550 -0.319014,
        0.243208 -0.603858 -0.365164,
        0.251928 -0.603858 -0.365164,
        0.269781 -0.604357 -0.358921,
        0.269125 -0.604308 -0.359532,
        0.265264 -0.604093 -0.362225,
        0.260324 -0.603939 -0.364153,
        0.276197 -0.605750 -0.341507,
        0.275885 -0.605374 -0.346211,
        0.274584 -0.604951 -0.351494,
        0.272386 -0.604606 -0.355816,
        0.269612 -0.607099 -0.324645,
        0.271248 -0.606971 -0.326247,
        0.273585 -0.606704 -0.329591,
        0.275287 -0.606356 -0.333943,
        0.260003 -0.607482 -0.319862,
        0.265214 -0.607332 -0.321733,
      ]
    }
    coordIndex [
      139, 125, 122, -1,
      78, 140, 122, -1,
      122, 140, 141, -1,
      122, 141, 139, -1,
      78, 77, 140, -1,
      140, 77, 75, -1,
      140, 75, 142, -1,
      143, 142, 82, -1,
      82, 142, 75, -1,
      144, 143, 83, -1,
      83, 143, 82, -1,
      86, 145, 85, -1,
      85, 145, 144, -1,
      85, 144, 84, -1,
      84, 144, 83, -1,
      146, 145, 1, -1,
      1, 145, 86, -1,
      1, 0, 146, -1,
      146, 0, 103, -1,
      146, 103, 147, -1,
      147, 103, 102, -1,
      147, 102, 148, -1,
      148, 102, 99, -1,
      148, 99, 149, -1,
      149, 99, 98, -1,
      149, 98, 150, -1,
      150, 98, 97, -1,
      150, 97, 151, -1,
      151, 97, 96, -1,
      151, 96, 152, -1,
      152, 96, 95, -1,
      152, 95, 153, -1,
      153, 95, 90, -1,
      153, 90, 154, -1,
      154, 90, 89, -1,
      154, 89, 155, -1,
      155, 89, 118, -1,
      155, 118, 156, -1,
      156, 118, 117, -1,
      156, 117, 157, -1,
      157, 117, 115, -1,
      157, 115, 158, -1,
      158, 115, 113, -1,
      158, 113, 159, -1,
      159, 113, 112, -1,
      159, 112, 160, -1,
      160, 112, 111, -1,
      160, 111, 161, -1,
      161, 111, 110, -1,
      161, 110, 162, -1,
      162, 110, 109, -1,
      162, 109, 163, -1,
      163, 109, 106, -1,
      163, 106, 164, -1,
      164, 106, 121, -1,
      164, 121, 165, -1,
      165, 121, 120, -1,
      165, 120, 166, -1,
      166, 120, 119, -1,
      166, 119, 167, -1,
      167, 119, 108, -1,
      167, 108, 168, -1,
      168, 108, 107, -1,
      168, 107, 169, -1,
      169, 107, 105, -1,
      169, 105, 170, -1,
      170, 105, 104, -1,
      170, 104, 171, -1,
      171, 104, 114, -1,
      171, 114, 172, -1,
      172, 114, 116, -1,
      172, 116, 173, -1,
      173, 116, 91, -1,
      173, 91, 174, -1,
      175, 174, 100, -1,
      100, 174, 91, -1,
      175, 100, 101, -1,
      175, 101, 176, -1,
      176, 101, 94, -1,
      176, 94, 177, -1,
      177, 94, 88, -1,
      177, 88, 178, -1,
      178, 88, 87, -1,
      178, 87, 179, -1,
      179, 87, 92, -1,
      179, 92, 180, -1,
      180, 92, 181, -1,
      181, 92, 93, -1,
      93, 79, 181, -1,
      181, 79, 81, -1,
      181, 81, 182, -1,
      182, 81, 80, -1,
      182, 80, 183, -1,
      183, 80, 73, -1,
      183, 73, 184, -1,
      184, 73, 72, -1,
      184, 72, 185, -1,
      185, 72, 71, -1,
      185, 71, 186, -1,
      186, 71, 70, -1,
      186, 70, 187, -1,
      123, 188, 189, -1,
      187, 70, 74, -1,
      187, 74, 190, -1,
      190, 74, 76, -1,
      190, 76, 189, -1,
      189, 76, 124, -1,
      189, 124, 123, -1,
      188, 123, 127, -1,
      188, 127, 191, -1,
      191, 127, 138, -1,
      191, 138, 192, -1,
      192, 138, 137, -1,
      192, 137, 193, -1,
      193, 137, 136, -1,
      193, 136, 194, -1,
      194, 136, 130, -1,
      194, 130, 195, -1,
      195, 130, 129, -1,
      195, 129, 196, -1,
      196, 129, 135, -1,
      196, 135, 197, -1,
      197, 135, 134, -1,
      197, 134, 198, -1,
      198, 134, 133, -1,
      198, 133, 199, -1,
      199, 133, 132, -1,
      199, 132, 200, -1,
      200, 132, 131, -1,
      200, 131, 201, -1,
      201, 131, 128, -1,
      201, 128, 202, -1,
      202, 128, 126, -1,
      202, 126, 203, -1,
      203, 126, 125, -1,
      203, 125, 139, -1,
      166, 167, 180, -1,
      180, 167, 179, -1,
      179, 167, 168, -1,
      179, 168, 178, -1,
      198, 149, 150, -1,
      191, 158, 188, -1,
      188, 158, 159, -1,
      198, 150, 197, -1,
      197, 150, 151, -1,
      197, 151, 196, -1,
      196, 151, 152, -1,
      196, 152, 195, -1,
      195, 152, 153, -1,
      195, 153, 194, -1,
      194, 153, 154, -1,
      194, 154, 193, -1,
      193, 154, 155, -1,
      193, 155, 192, -1,
      192, 155, 156, -1,
      192, 156, 191, -1,
      191, 156, 157, -1,
      191, 157, 158, -1,
      149, 198, 148, -1,
      148, 198, 199, -1,
      148, 199, 147, -1,
      145, 139, 144, -1,
      144, 139, 141, -1,
      144, 141, 143, -1,
      143, 141, 140, -1,
      143, 140, 142, -1,
      168, 169, 178, -1,
      178, 169, 170, -1,
      178, 170, 177, -1,
      177, 170, 171, -1,
      177, 171, 176, -1,
      176, 171, 172, -1,
      176, 172, 175, -1,
      175, 172, 173, -1,
      175, 173, 174, -1,
      199, 200, 147, -1,
      147, 200, 201, -1,
      147, 201, 146, -1,
      146, 201, 202, -1,
      146, 202, 145, -1,
      145, 202, 203, -1,
      145, 203, 139, -1,
      180, 181, 166, -1,
      166, 181, 182, -1,
      166, 182, 165, -1,
      165, 182, 183, -1,
      165, 183, 164, -1,
      164, 183, 184, -1,
      164, 184, 163, -1,
      163, 184, 185, -1,
      163, 185, 162, -1,
      162, 185, 186, -1,
      162, 186, 161, -1,
      161, 186, 187, -1,
      161, 187, 160, -1,
      160, 187, 190, -1,
      160, 190, 159, -1,
      159, 190, 189, -1,
      159, 189, 188, -1,
      204, 205, 18, -1,
      18, 205, 19, -1,
      206, 204, 24, -1,
      24, 204, 18, -1,
      206, 24, 25, -1,
      206, 25, 207, -1,
      207, 25, 22, -1,
      207, 22, 208, -1,
      209, 208, 21, -1,
      21, 208, 22, -1,
      210, 209, 20, -1,
      20, 209, 21, -1,
      28, 211, 23, -1,
      23, 211, 210, -1,
      23, 210, 20, -1,
      212, 211, 27, -1,
      27, 211, 28, -1,
      29, 213, 26, -1,
      26, 213, 212, -1,
      26, 212, 27, -1,
      31, 214, 30, -1,
      30, 214, 213, -1,
      30, 213, 29, -1,
      31, 41, 214, -1,
      214, 41, 215, -1,
      41, 40, 215, -1,
      215, 40, 39, -1,
      215, 39, 216, -1,
      216, 39, 38, -1,
      216, 38, 217, -1,
      217, 38, 37, -1,
      217, 37, 218, -1,
      218, 37, 36, -1,
      218, 36, 219, -1,
      219, 36, 35, -1,
      219, 35, 220, -1,
      220, 35, 34, -1,
      220, 34, 221, -1,
      221, 34, 33, -1,
      221, 33, 222, -1,
      223, 222, 32, -1,
      32, 222, 33, -1,
      223, 32, 45, -1,
      223, 45, 224, -1,
      224, 45, 44, -1,
      224, 44, 225, -1,
      225, 44, 43, -1,
      42, 226, 43, -1,
      43, 226, 227, -1,
      43, 227, 225, -1,
      42, 50, 226, -1,
      226, 50, 49, -1,
      226, 49, 228, -1,
      228, 49, 48, -1,
      228, 48, 229, -1,
      229, 48, 47, -1,
      229, 47, 230, -1,
      19, 205, 46, -1,
      46, 205, 230, -1,
      46, 230, 47, -1,
      207, 208, 230, -1,
      205, 204, 230, -1,
      230, 204, 206, -1,
      230, 206, 207, -1,
      211, 212, 210, -1,
      210, 212, 213, -1,
      210, 213, 209, -1,
      208, 209, 230, -1,
      230, 209, 213, -1,
      230, 213, 229, -1,
      213, 214, 229, -1,
      229, 214, 215, -1,
      229, 215, 228, -1,
      228, 215, 216, -1,
      228, 216, 226, -1,
      226, 216, 217, -1,
      226, 217, 227, -1,
      227, 217, 218, -1,
      227, 218, 225, -1,
      225, 218, 219, -1,
      225, 219, 224, -1,
      224, 219, 220, -1,
      224, 220, 223, -1,
      223, 220, 221, -1,
      223, 221, 222, -1,
      231, 232, 6, -1,
      6, 232, 7, -1,
      16, 233, 14, -1,
      14, 233, 231, -1,
      14, 231, 6, -1,
      234, 233, 17, -1,
      17, 233, 16, -1,
      13, 235, 15, -1,
      15, 235, 234, -1,
      15, 234, 17, -1,
      236, 235, 12, -1,
      12, 235, 13, -1,
      9, 237, 11, -1,
      11, 237, 236, -1,
      11, 236, 12, -1,
      238, 237, 8, -1,
      8, 237, 9, -1,
      5, 239, 10, -1,
      10, 239, 238, -1,
      10, 238, 8, -1,
      240, 239, 2, -1,
      2, 239, 5, -1,
      4, 241, 3, -1,
      3, 241, 240, -1,
      3, 240, 2, -1,
      242, 241, 68, -1,
      68, 241, 4, -1,
      7, 232, 69, -1,
      69, 232, 242, -1,
      69, 242, 68, -1,
      242, 232, 231, -1,
      231, 233, 242, -1,
      242, 233, 234, -1,
      242, 234, 241, -1,
      239, 240, 238, -1,
      238, 240, 241, -1,
      238, 241, 237, -1,
      237, 241, 234, -1,
      237, 234, 236, -1,
      236, 234, 235, -1,
      243, 244, 245, -1,
      245, 244, 246, -1,
      245, 246, 247, -1,
      247, 246, 248, -1,
      247, 248, 249, -1,
      249, 248, 250, -1,
      249, 250, 251, -1,
      251, 250, 252, -1,
      251, 252, 253, -1,
      253, 252, 254, -1,
      253, 254, 255, -1,
      255, 254, 256, -1,
      255, 256, 257, -1,
      257, 256, 258, -1,
      257, 258, 259, -1,
      259, 258, 260, -1,
      259, 260, 261, -1,
      261, 260, 262, -1,
      261, 262, 263, -1,
      263, 262, 264, -1,
      263, 264, 265, -1,
      265, 264, 266, -1,
      265, 266, 267, -1,
      267, 266, 268, -1,
      267, 268, 269, -1,
      269, 268, 270, -1,
      269, 270, 271, -1,
      271, 270, 272, -1,
      271, 272, 273, -1,
      273, 272, 274, -1,
      273, 274, 275, -1,
      275, 274, 276, -1,
      275, 276, 243, -1,
      243, 276, 277, -1,
      243, 277, 244, -1,
      249, 251, 61, -1,
      61, 251, 66, -1,
      249, 61, 60, -1,
      249, 60, 247, -1,
      247, 60, 59, -1,
      247, 59, 245, -1,
      245, 59, 54, -1,
      245, 54, 243, -1,
      243, 54, 53, -1,
      243, 53, 275, -1,
      275, 53, 52, -1,
      275, 52, 273, -1,
      273, 52, 51, -1,
      273, 51, 271, -1,
      271, 51, 55, -1,
      271, 55, 269, -1,
      269, 55, 56, -1,
      269, 56, 267, -1,
      267, 56, 64, -1,
      267, 64, 265, -1,
      265, 64, 63, -1,
      265, 63, 263, -1,
      263, 63, 62, -1,
      263, 62, 261, -1,
      261, 62, 65, -1,
      261, 65, 259, -1,
      259, 65, 58, -1,
      259, 58, 257, -1,
      257, 58, 57, -1,
      257, 57, 255, -1,
      253, 255, 67, -1,
      67, 255, 57, -1,
      251, 253, 66, -1,
      66, 253, 67, -1,
      256, 254, 278, -1,
      278, 254, 279, -1,
      254, 252, 279, -1,
      279, 252, 280, -1,
      252, 250, 280, -1,
      280, 250, 281, -1,
      277, 282, 283, -1,
      277, 283, 244, -1,
      244, 283, 284, -1,
      244, 284, 246, -1,
      246, 284, 285, -1,
      246, 285, 248, -1,
      248, 285, 281, -1,
      248, 281, 250, -1,
      270, 286, 287, -1,
      270, 287, 272, -1,
      272, 287, 288, -1,
      272, 288, 274, -1,
      274, 288, 289, -1,
      274, 289, 276, -1,
      276, 289, 282, -1,
      276, 282, 277, -1,
      262, 290, 291, -1,
      262, 291, 264, -1,
      264, 291, 292, -1,
      264, 292, 266, -1,
      266, 292, 293, -1,
      266, 293, 268, -1,
      268, 293, 286, -1,
      268, 286, 270, -1,
      256, 278, 294, -1,
      256, 294, 258, -1,
      258, 294, 295, -1,
      258, 295, 260, -1,
      260, 295, 290, -1,
      260, 290, 262, -1,
    ]
  }
}

Shape {
  appearance Appearance {
    material Material {
      diffuseColor 1.0000 0.6667 0.5098
      specularColor 0.5020 0.3333 0.2549
      ambientIntensity 0.2
      transparency 0.0000
      shininess 0.5
    }
  }
  geometry IndexedFaceSet {
    ccw TRUE
    solid FALSE
    coord DEF co Coordinate {
      point [
        0.252281 -0.607550 -0.319014,
        0.243208 -0.607550 -0.319014,
        0.243208 -0.603858 -0.365164,
        0.251928 -0.603858 -0.365164,
        0.269781 -0.604357 -0.358921,
        0.269125 -0.604308 -0.359532,
        0.265264 -0.604093 -0.362225,
        0.260324 -0.603939 -0.364153,
        0.276197 -0.605750 -0.341507,
        0.275885 -0.605374 -0.346211,
        0.274584 -0.604951 -0.351494,
        0.272386 -0.604606 -0.355816,
        0.269612 -0.607099 -0.324645,
        0.271248 -0.606971 -0.326247,
        0.273585 -0.606704 -0.329591,
        0.275287 -0.606356 -0.333943,
        0.260003 -0.607482 -0.319862,
        0.265214 -0.607332 -0.321733,
      ]
    }
    coordIndex [
      5, 4, 0, -1,
      1, 2, 0, -1,
      0, 2, 3, -1,
      3, 7, 0, -1,
      0, 7, 6, -1,
      0, 6, 5, -1,
      4, 11, 0, -1,
      0, 11, 10, -1,
      0, 10, 9, -1,
      9, 8, 0, -1,
      0, 8, 15, -1,
      0, 15, 14, -1,
      14, 13, 0, -1,
      0, 13, 12, -1,
      0, 12, 16, -1,
      16, 12, 17, -1,
    ]
  }
}

Shape {
  appearance Appearance {
    material Material {
      diffuseColor 0.0000 0.0000 0.0000
      specularColor 0.0000 0.0000 0.0000
      ambientIntensity 0.2
      transparency 0.0000
      shininess 0.5
    }
  }
  geometry IndexedFaceSet {
    ccw TRUE
    solid FALSE
    coord DEF co Coordinate {
      point [
        0.333148 -0.603312 -0.371989,
        0.327024 -0.604622 -0.355616,
        0.302017 -0.604622 -0.355616,
        0.318842 -0.608101 -0.312128,
        0.287680 -0.603312 -0.371989,
        0.310552 -0.608101 -0.312128,
        0.296245 -0.603312 -0.371989,
        0.341714 -0.603312 -0.371989,
        0.304473 -0.605555 -0.348884,
        0.302017 -0.605014 -0.355647,
        0.324629 -0.605555 -0.348884,
        0.327024 -0.605014 -0.355647,
        0.313454 -0.607546 -0.324003,
        0.310552 -0.608493 -0.312159,
        0.287680 -0.603704 -0.372020,
        0.296245 -0.603704 -0.372020,
        0.313974 -0.607689 -0.322217,
        0.314436 -0.607881 -0.319810,
        0.318842 -0.608493 -0.312159,
        0.314620 -0.607881 -0.319810,
        0.315106 -0.607678 -0.322343,
        0.315557 -0.607546 -0.324003,
        0.341714 -0.603704 -0.372020,
        0.333148 -0.603704 -0.372020,
        0.304473 -0.605163 -0.348852,
        0.324629 -0.605163 -0.348852,
        0.315557 -0.607153 -0.323972,
        0.314620 -0.607489 -0.319779,
        0.315106 -0.607286 -0.322311,
        0.314436 -0.607489 -0.319779,
        0.313454 -0.607153 -0.323972,
        0.313974 -0.607296 -0.322185,
      ]
    }
    coordIndex [
      8, 9, 10, -1,
      10, 9, 11, -1,
      12, 13, 8, -1,
      8, 13, 14, -1,
      8, 14, 9, -1,
      9, 14, 15, -1,
      12, 16, 13, -1,
      13, 16, 17, -1,
      13, 17, 18, -1,
      18, 17, 19, -1,
      18, 19, 20, -1,
      20, 21, 18, -1,
      18, 21, 10, -1,
      18, 10, 22, -1,
      22, 10, 11, -1,
      22, 11, 23, -1,
      18, 22, 3, -1,
      3, 22, 7, -1,
      13, 18, 5, -1,
      5, 18, 3, -1,
      14, 13, 4, -1,
      4, 13, 5, -1,
      15, 14, 6, -1,
      6, 14, 4, -1,
      9, 15, 2, -1,
      2, 15, 6, -1,
      11, 9, 1, -1,
      1, 9, 2, -1,
      23, 11, 0, -1,
      0, 11, 1, -1,
      22, 23, 7, -1,
      7, 23, 0, -1,
      8, 10, 24, -1,
      24, 10, 25, -1,
      10, 21, 25, -1,
      25, 21, 26, -1,
      19, 27, 28, -1,
      19, 28, 20, -1,
      20, 28, 26, -1,
      20, 26, 21, -1,
      19, 17, 27, -1,
      27, 17, 29, -1,
      12, 30, 31, -1,
      12, 31, 16, -1,
      16, 31, 29, -1,
      16, 29, 17, -1,
      12, 8, 30, -1,
      30, 8, 24, -1,
    ]
  }
}

Shape {
  appearance Appearance {
    material Material {
      diffuseColor 1.0000 0.6667 0.5098
      specularColor 0.5020 0.3333 0.2549
      ambientIntensity 0.2
      transparency 0.0000
      shininess 0.5
    }
  }
  geometry IndexedFaceSet {
    ccw TRUE
    solid FALSE
    coord DEF co Coordinate {
      point [
        0.304473 -0.605163 -0.348852,
        0.324629 -0.605163 -0.348852,
        0.315557 -0.607153 -0.323972,
        0.314620 -0.607489 -0.319779,
        0.315106 -0.607286 -0.322311,
        0.314436 -0.607489 -0.319779,
        0.313454 -0.607153 -0.323972,
        0.313974 -0.607296 -0.322185,
      ]
    }
    coordIndex [
      3, 5, 4, -1,
      4, 5, 7, -1,
      4, 7, 2, -1,
      2, 7, 6, -1,
      2, 6, 1, -1,
      1, 6, 0, -1,
    ]
  }
}

Shape {
  appearance Appearance {
    material Material {
      diffuseColor 0.0000 0.0000 0.0000
      specularColor 0.0000 0.0000 0.0000
      ambientIntensity 0.2
      transparency 0.0000
      shininess 0.5
    }
  }
  geometry IndexedFaceSet {
    ccw TRUE
    solid FALSE
    coord DEF co Coordinate {
      point [
        -0.295928 -0.609077 -0.299927,
        -0.294990 -0.609464 -0.295082,
        -0.221083 -0.601374 -0.396206,
        -0.215175 -0.601176 -0.398684,
        -0.185749 -0.601374 -0.396206,
        -0.193111 -0.601149 -0.399022,
        -0.203430 -0.601048 -0.400287,
        -0.205095 -0.601050 -0.400255,
        -0.108047 -0.616233 -0.210472,
        -0.098814 -0.615738 -0.216660,
        -0.089003 -0.615212 -0.223235,
        -0.075074 -0.613932 -0.239235,
        -0.027096 -0.609464 -0.295082,
        -0.030799 -0.610206 -0.285811,
        -0.039492 -0.611176 -0.273689,
        -0.051053 -0.611958 -0.263906,
        -0.065947 -0.612522 -0.256857,
        -0.063749 -0.612463 -0.257596,
        -0.147070 -0.616983 -0.201104,
        -0.129473 -0.616835 -0.202946,
        -0.168273 -0.616774 -0.203717,
        -0.187956 -0.616167 -0.211304,
        -0.292672 -0.610422 -0.283113,
        -0.196620 -0.615738 -0.216660,
        -0.198306 -0.615655 -0.217702,
        -0.285569 -0.611633 -0.267969,
        -0.276014 -0.612590 -0.256006,
        -0.272496 -0.612853 -0.252726,
        -0.258217 -0.613625 -0.243074,
        -0.242305 -0.614086 -0.237307,
        -0.226913 -0.614225 -0.235578,
        -0.208340 -0.614969 -0.226267,
        -0.222003 -0.614204 -0.235843,
        -0.217093 -0.614157 -0.236429,
        -0.251002 -0.603538 -0.369164,
        -0.266229 -0.604167 -0.361300,
        -0.278148 -0.604998 -0.350916,
        -0.279504 -0.605121 -0.349369,
        -0.288590 -0.606214 -0.335712,
        -0.294353 -0.607488 -0.319789,
        -0.296081 -0.608709 -0.304526,
        -0.225024 -0.601507 -0.394554,
        -0.233373 -0.602009 -0.388275,
        -0.243991 -0.603363 -0.371345,
        -0.243453 -0.603271 -0.372494,
        -0.239719 -0.602634 -0.380462,
        -0.163415 -0.603271 -0.372494,
        -0.163443 -0.603262 -0.372609,
        -0.168482 -0.602503 -0.382102,
        -0.175081 -0.601912 -0.389484,
        -0.183587 -0.601441 -0.395380,
        -0.108816 -0.605284 -0.347339,
        -0.105879 -0.605374 -0.346208,
        -0.100958 -0.607313 -0.321975,
        -0.171407 -0.606734 -0.329211,
        -0.114194 -0.609117 -0.299418,
        -0.178857 -0.607275 -0.322447,
        -0.187914 -0.607663 -0.317604,
        -0.111453 -0.605137 -0.349172,
        -0.031131 -0.605750 -0.341513,
        -0.039475 -0.604827 -0.353044,
        -0.050353 -0.608322 -0.309355,
        -0.052347 -0.608977 -0.301178,
        -0.055632 -0.609464 -0.295082,
        -0.268122 -0.609464 -0.295082,
        -0.025604 -0.609166 -0.298816,
        -0.023678 -0.608062 -0.312612,
        -0.025708 -0.606825 -0.328071,
        -0.102666 -0.605406 -0.345809,
        -0.102250 -0.605404 -0.345839,
        -0.100970 -0.605381 -0.346122,
        -0.265632 -0.607423 -0.320599,
        -0.260513 -0.606728 -0.329292,
        -0.238832 -0.606378 -0.333661,
        -0.252855 -0.606101 -0.337128,
        -0.243564 -0.605644 -0.342830,
        -0.223037 -0.607505 -0.319578,
        -0.231770 -0.607021 -0.325620,
        -0.269182 -0.608777 -0.303674,
        -0.268681 -0.608257 -0.310176,
        -0.051291 -0.604033 -0.362976,
        -0.064339 -0.603529 -0.369276,
        -0.078329 -0.603295 -0.372196,
        -0.213604 -0.607792 -0.315987,
        -0.203430 -0.607892 -0.314740,
        -0.198219 -0.607867 -0.315049,
        -0.103520 -0.603295 -0.372196,
        -0.105841 -0.603324 -0.371832,
        -0.058807 -0.606228 -0.335539,
        -0.054112 -0.606759 -0.328900,
        -0.051172 -0.607366 -0.321313,
        -0.050149 -0.608028 -0.313037,
        -0.108670 -0.603411 -0.370744,
        -0.111452 -0.603567 -0.368800,
        -0.112531 -0.603654 -0.367710,
        -0.115902 -0.604351 -0.359003,
        -0.115831 -0.604460 -0.357639,
        -0.160733 -0.604793 -0.353470,
        -0.115053 -0.604720 -0.354380,
        -0.113476 -0.604956 -0.351431,
        -0.100104 -0.605372 -0.346235,
        -0.080891 -0.605372 -0.346235,
        -0.073264 -0.605488 -0.344783,
        -0.114385 -0.603868 -0.365034,
        -0.115504 -0.604099 -0.362146,
        -0.160959 -0.604103 -0.362098,
        -0.160733 -0.604453 -0.357726,
        -0.065726 -0.605766 -0.341312,
        -0.059406 -0.606176 -0.336180,
        -0.104889 -0.613585 -0.243575,
        -0.107061 -0.613744 -0.241578,
        -0.203857 -0.611671 -0.267498,
        -0.095466 -0.612653 -0.255227,
        -0.206974 -0.611807 -0.265802,
        -0.216550 -0.612084 -0.262331,
        -0.056308 -0.609565 -0.293828,
        -0.061269 -0.610007 -0.288300,
        -0.083453 -0.610683 -0.279840,
        -0.067893 -0.610376 -0.283693,
        -0.075346 -0.610604 -0.280835,
        -0.086869 -0.610683 -0.279840,
        -0.089136 -0.611546 -0.269066,
        -0.119099 -0.614402 -0.233359,
        -0.132515 -0.614805 -0.228328,
        -0.197598 -0.612715 -0.254446,
        -0.146643 -0.614940 -0.226640,
        -0.241416 -0.611966 -0.263814,
        -0.250940 -0.611564 -0.268838,
        -0.230872 -0.612164 -0.261338,
        -0.258345 -0.611038 -0.275416,
        -0.264259 -0.610359 -0.283895,
        -0.162261 -0.614780 -0.228631,
        -0.176235 -0.614331 -0.234251,
        -0.188120 -0.613633 -0.242970,
        -0.226486 -0.612182 -0.261114,
        -0.267913 -0.609600 -0.293388,
        -0.239719 -0.603026 -0.380493,
        -0.233373 -0.602401 -0.388307,
        -0.243564 -0.606037 -0.342861,
        -0.168482 -0.602895 -0.382134,
        -0.163443 -0.603655 -0.372640,
        -0.160959 -0.604495 -0.362130,
        -0.100958 -0.607705 -0.322007,
        -0.114194 -0.609510 -0.299450,
        -0.160733 -0.605186 -0.353501,
        -0.171407 -0.607126 -0.329242,
        -0.160733 -0.604845 -0.357757,
        -0.183587 -0.601833 -0.395411,
        -0.175081 -0.602305 -0.389515,
        -0.252855 -0.606493 -0.337160,
        -0.251002 -0.603930 -0.369196,
        -0.243991 -0.603756 -0.371377,
        -0.214523 -0.603793 -0.370915,
        -0.211029 -0.603613 -0.373153,
        -0.225024 -0.601899 -0.394585,
        -0.207029 -0.603508 -0.374476,
        -0.086869 -0.611076 -0.279872,
        -0.083453 -0.611076 -0.279872,
        -0.065947 -0.612915 -0.256889,
        -0.075346 -0.610996 -0.280867,
        -0.063749 -0.612856 -0.257628,
        -0.067893 -0.610768 -0.283724,
        -0.051053 -0.612351 -0.263937,
        -0.039492 -0.611568 -0.273720,
        -0.206974 -0.612199 -0.265833,
        -0.203857 -0.612063 -0.267529,
        -0.217093 -0.614549 -0.236460,
        -0.197598 -0.613107 -0.254477,
        -0.208340 -0.615362 -0.226299,
        -0.188120 -0.614026 -0.243002,
        -0.198306 -0.616047 -0.217733,
        -0.176235 -0.614723 -0.234283,
        -0.187956 -0.616559 -0.211336,
        -0.220335 -0.604619 -0.360592,
        -0.219276 -0.604308 -0.364469,
        -0.217341 -0.604032 -0.367920,
        -0.215175 -0.601569 -0.398715,
        -0.205095 -0.601443 -0.400287,
        -0.203857 -0.603483 -0.374781,
        -0.203430 -0.601441 -0.400318,
        -0.200167 -0.603516 -0.374375,
        -0.193111 -0.601542 -0.399053,
        -0.196415 -0.603623 -0.373038,
        -0.193098 -0.603798 -0.370846,
        -0.190300 -0.604042 -0.367802,
        -0.039475 -0.605220 -0.353076,
        -0.059406 -0.606569 -0.336211,
        -0.051291 -0.604425 -0.363007,
        -0.065726 -0.606158 -0.341343,
        -0.064339 -0.603921 -0.369308,
        -0.073264 -0.605881 -0.344814,
        -0.078329 -0.603688 -0.372228,
        -0.080891 -0.605765 -0.346266,
        -0.103520 -0.603688 -0.372228,
        -0.100104 -0.605765 -0.346266,
        -0.105841 -0.603717 -0.371863,
        -0.089003 -0.615605 -0.223266,
        -0.104889 -0.613977 -0.243607,
        -0.075074 -0.614324 -0.239267,
        -0.095466 -0.613045 -0.255259,
        -0.089136 -0.611938 -0.269098,
        -0.260513 -0.607120 -0.329324,
        -0.278148 -0.605390 -0.350948,
        -0.266229 -0.604559 -0.361332,
        -0.267913 -0.609992 -0.293420,
        -0.295928 -0.609469 -0.299959,
        -0.269182 -0.609169 -0.303706,
        -0.296081 -0.609101 -0.304557,
        -0.268681 -0.608649 -0.310207,
        -0.294353 -0.607880 -0.319820,
        -0.265632 -0.607815 -0.320630,
        -0.288590 -0.606606 -0.335743,
        -0.279504 -0.605514 -0.349401,
        -0.188280 -0.605282 -0.352294,
        -0.187317 -0.604967 -0.356243,
        -0.187311 -0.604662 -0.360046,
        -0.188319 -0.604335 -0.364133,
        -0.061269 -0.610399 -0.288331,
        -0.056308 -0.609957 -0.293859,
        -0.030799 -0.610598 -0.285843,
        -0.052347 -0.609369 -0.301209,
        -0.025604 -0.609558 -0.298848,
        -0.050353 -0.608715 -0.309387,
        -0.023678 -0.608454 -0.312643,
        -0.050149 -0.608420 -0.313069,
        -0.025708 -0.607218 -0.328102,
        -0.051172 -0.607758 -0.321345,
        -0.031131 -0.606142 -0.341544,
        -0.054112 -0.607151 -0.328931,
        -0.058807 -0.606620 -0.335571,
        -0.168273 -0.617166 -0.203748,
        -0.162261 -0.615173 -0.228663,
        -0.147070 -0.617375 -0.201135,
        -0.146643 -0.615332 -0.226671,
        -0.129473 -0.617228 -0.202978,
        -0.132515 -0.615197 -0.228359,
        -0.108047 -0.616626 -0.210504,
        -0.119099 -0.614794 -0.233390,
        -0.107061 -0.614137 -0.241610,
        -0.216550 -0.612477 -0.262363,
        -0.222003 -0.614596 -0.235875,
        -0.226486 -0.612574 -0.261145,
        -0.226913 -0.614617 -0.235609,
        -0.230872 -0.612556 -0.261370,
        -0.242305 -0.614479 -0.237338,
        -0.241416 -0.612358 -0.263846,
        -0.258217 -0.614017 -0.243105,
        -0.250940 -0.611956 -0.268869,
        -0.272496 -0.613245 -0.252758,
        -0.258345 -0.611430 -0.275447,
        -0.276014 -0.612983 -0.256038,
        -0.264259 -0.610752 -0.283926,
        -0.285569 -0.612026 -0.268000,
        -0.292672 -0.610814 -0.283145,
        -0.220417 -0.604952 -0.356425,
        -0.219447 -0.605280 -0.352331,
        -0.238832 -0.606770 -0.333693,
        -0.217473 -0.605576 -0.348630,
        -0.231770 -0.607414 -0.325651,
        -0.214680 -0.605819 -0.345583,
        -0.223037 -0.607897 -0.319610,
        -0.211278 -0.605999 -0.343335,
        -0.213604 -0.608184 -0.316019,
        -0.207513 -0.606106 -0.341992,
        -0.203430 -0.608284 -0.314771,
        -0.203857 -0.606139 -0.341584,
        -0.198219 -0.608259 -0.315080,
        -0.200255 -0.606107 -0.341980,
        -0.187914 -0.608055 -0.317635,
        -0.196294 -0.605993 -0.343406,
        -0.178857 -0.607668 -0.322478,
        -0.192867 -0.605808 -0.345726,
        -0.190125 -0.605562 -0.348794,
        -0.102250 -0.605796 -0.345870,
        -0.112531 -0.604046 -0.367742,
        -0.111452 -0.603959 -0.368831,
        -0.100970 -0.605774 -0.346153,
        -0.108670 -0.603804 -0.370776,
        -0.115902 -0.604743 -0.359034,
        -0.115504 -0.604492 -0.362178,
        -0.114385 -0.604261 -0.365065,
        -0.105879 -0.605767 -0.346239,
        -0.108816 -0.605676 -0.347370,
        -0.115831 -0.604852 -0.357670,
        -0.111453 -0.605530 -0.349204,
        -0.113476 -0.605349 -0.351462,
        -0.115053 -0.605113 -0.354412,
        -0.102666 -0.605798 -0.345841,
        -0.203857 -0.605747 -0.341553,
        -0.200255 -0.605715 -0.341948,
        -0.196294 -0.605601 -0.343374,
        -0.192867 -0.605415 -0.345695,
        -0.190125 -0.605170 -0.348763,
        -0.188280 -0.604890 -0.352262,
        -0.187317 -0.604574 -0.356211,
        -0.187311 -0.604270 -0.360015,
        -0.188319 -0.603943 -0.364102,
        -0.190300 -0.603649 -0.367770,
        -0.193098 -0.603406 -0.370814,
        -0.196415 -0.603230 -0.373007,
        -0.200167 -0.603123 -0.374344,
        -0.203857 -0.603091 -0.374750,
        -0.207029 -0.603115 -0.374444,
        -0.211029 -0.603221 -0.373122,
        -0.214523 -0.603400 -0.370884,
        -0.217341 -0.603640 -0.367889,
        -0.219276 -0.603916 -0.364437,
        -0.220335 -0.604226 -0.360561,
        -0.220417 -0.604559 -0.356393,
        -0.219447 -0.604887 -0.352300,
        -0.217473 -0.605183 -0.348598,
        -0.214680 -0.605427 -0.345552,
        -0.211278 -0.605607 -0.343303,
        -0.207513 -0.605714 -0.341961,
      ]
    }
    coordIndex [
      136, 137, 138, -1,
      139, 140, 141, -1,
      142, 143, 144, -1,
      144, 143, 145, -1,
      144, 145, 146, -1,
      146, 145, 147, -1,
      146, 147, 141, -1,
      141, 147, 148, -1,
      141, 148, 139, -1,
      149, 150, 138, -1,
      138, 150, 151, -1,
      138, 151, 136, -1,
      152, 137, 153, -1,
      153, 137, 154, -1,
      153, 154, 155, -1,
      156, 157, 158, -1,
      158, 157, 159, -1,
      158, 159, 160, -1,
      160, 159, 161, -1,
      160, 161, 162, -1,
      162, 161, 163, -1,
      164, 165, 166, -1,
      166, 165, 167, -1,
      166, 167, 168, -1,
      168, 167, 169, -1,
      168, 169, 170, -1,
      170, 169, 171, -1,
      170, 171, 172, -1,
      173, 138, 174, -1,
      174, 138, 137, -1,
      174, 137, 175, -1,
      175, 137, 152, -1,
      154, 176, 155, -1,
      155, 176, 177, -1,
      155, 177, 178, -1,
      178, 177, 179, -1,
      178, 179, 180, -1,
      180, 179, 181, -1,
      180, 181, 182, -1,
      182, 181, 147, -1,
      182, 147, 183, -1,
      183, 147, 184, -1,
      185, 186, 187, -1,
      187, 186, 188, -1,
      187, 188, 189, -1,
      189, 188, 190, -1,
      189, 190, 191, -1,
      191, 190, 192, -1,
      191, 192, 193, -1,
      193, 192, 194, -1,
      193, 194, 195, -1,
      196, 197, 198, -1,
      198, 197, 199, -1,
      198, 199, 158, -1,
      158, 199, 200, -1,
      158, 200, 156, -1,
      201, 202, 149, -1,
      149, 202, 203, -1,
      149, 203, 150, -1,
      204, 205, 206, -1,
      206, 205, 207, -1,
      206, 207, 208, -1,
      208, 207, 209, -1,
      208, 209, 210, -1,
      210, 209, 211, -1,
      210, 211, 201, -1,
      201, 211, 212, -1,
      201, 212, 202, -1,
      213, 214, 145, -1,
      145, 214, 215, -1,
      145, 215, 147, -1,
      147, 215, 216, -1,
      147, 216, 184, -1,
      161, 217, 163, -1,
      163, 217, 218, -1,
      163, 218, 219, -1,
      219, 218, 220, -1,
      219, 220, 221, -1,
      221, 220, 222, -1,
      221, 222, 223, -1,
      223, 222, 224, -1,
      223, 224, 225, -1,
      225, 224, 226, -1,
      225, 226, 227, -1,
      227, 226, 228, -1,
      227, 228, 185, -1,
      185, 228, 229, -1,
      185, 229, 186, -1,
      172, 171, 230, -1,
      230, 171, 231, -1,
      230, 231, 232, -1,
      232, 231, 233, -1,
      232, 233, 234, -1,
      234, 233, 235, -1,
      234, 235, 236, -1,
      236, 235, 237, -1,
      236, 237, 196, -1,
      196, 237, 238, -1,
      196, 238, 197, -1,
      164, 166, 239, -1,
      239, 166, 240, -1,
      239, 240, 241, -1,
      241, 240, 242, -1,
      241, 242, 243, -1,
      243, 242, 244, -1,
      243, 244, 245, -1,
      245, 244, 246, -1,
      245, 246, 247, -1,
      247, 246, 248, -1,
      247, 248, 249, -1,
      249, 248, 250, -1,
      249, 250, 251, -1,
      251, 250, 252, -1,
      251, 252, 204, -1,
      204, 252, 253, -1,
      204, 253, 205, -1,
      173, 254, 138, -1,
      138, 254, 255, -1,
      138, 255, 256, -1,
      256, 255, 257, -1,
      256, 257, 258, -1,
      258, 257, 259, -1,
      258, 259, 260, -1,
      260, 259, 261, -1,
      260, 261, 262, -1,
      262, 261, 263, -1,
      262, 263, 264, -1,
      264, 263, 265, -1,
      264, 265, 266, -1,
      266, 265, 267, -1,
      266, 267, 268, -1,
      268, 267, 269, -1,
      268, 269, 270, -1,
      270, 269, 271, -1,
      270, 271, 145, -1,
      145, 271, 272, -1,
      145, 272, 213, -1,
      273, 274, 275, -1,
      194, 276, 195, -1,
      195, 276, 273, -1,
      195, 273, 277, -1,
      277, 273, 275, -1,
      278, 279, 273, -1,
      273, 279, 280, -1,
      273, 280, 274, -1,
      281, 282, 283, -1,
      282, 284, 283, -1,
      283, 284, 285, -1,
      283, 285, 286, -1,
      278, 273, 283, -1,
      283, 273, 287, -1,
      283, 287, 281, -1,
      223, 66, 65, -1,
      223, 65, 221, -1,
      221, 65, 12, -1,
      221, 12, 219, -1,
      12, 13, 219, -1,
      219, 13, 14, -1,
      219, 14, 163, -1,
      163, 14, 15, -1,
      163, 15, 162, -1,
      162, 15, 17, -1,
      162, 17, 160, -1,
      160, 17, 16, -1,
      160, 16, 158, -1,
      158, 16, 11, -1,
      158, 11, 198, -1,
      198, 11, 10, -1,
      198, 10, 196, -1,
      236, 196, 9, -1,
      9, 196, 10, -1,
      9, 8, 236, -1,
      236, 8, 19, -1,
      236, 19, 234, -1,
      234, 19, 18, -1,
      234, 18, 232, -1,
      24, 170, 23, -1,
      23, 170, 172, -1,
      23, 172, 21, -1,
      21, 172, 230, -1,
      21, 230, 20, -1,
      20, 230, 232, -1,
      20, 232, 18, -1,
      170, 24, 31, -1,
      170, 31, 168, -1,
      168, 31, 33, -1,
      168, 33, 166, -1,
      166, 33, 32, -1,
      166, 32, 240, -1,
      240, 32, 30, -1,
      240, 30, 242, -1,
      242, 30, 29, -1,
      242, 29, 244, -1,
      244, 29, 28, -1,
      244, 28, 246, -1,
      246, 28, 27, -1,
      246, 27, 248, -1,
      248, 27, 26, -1,
      248, 26, 250, -1,
      40, 207, 205, -1,
      250, 26, 25, -1,
      250, 25, 252, -1,
      252, 25, 22, -1,
      252, 22, 253, -1,
      253, 22, 1, -1,
      253, 1, 205, -1,
      205, 1, 0, -1,
      205, 0, 40, -1,
      207, 40, 39, -1,
      207, 39, 209, -1,
      209, 39, 38, -1,
      209, 38, 211, -1,
      211, 38, 37, -1,
      211, 37, 212, -1,
      212, 37, 36, -1,
      212, 36, 202, -1,
      202, 36, 35, -1,
      202, 35, 203, -1,
      203, 35, 34, -1,
      203, 34, 150, -1,
      150, 34, 43, -1,
      150, 43, 151, -1,
      151, 43, 44, -1,
      151, 44, 136, -1,
      44, 45, 136, -1,
      136, 45, 42, -1,
      136, 42, 137, -1,
      137, 42, 41, -1,
      137, 41, 154, -1,
      154, 41, 2, -1,
      154, 2, 176, -1,
      2, 3, 176, -1,
      176, 3, 7, -1,
      176, 7, 177, -1,
      177, 7, 6, -1,
      177, 6, 179, -1,
      106, 146, 141, -1,
      179, 6, 5, -1,
      179, 5, 181, -1,
      181, 5, 4, -1,
      181, 4, 147, -1,
      4, 50, 147, -1,
      147, 50, 49, -1,
      147, 49, 148, -1,
      148, 49, 48, -1,
      148, 48, 139, -1,
      139, 48, 47, -1,
      139, 47, 140, -1,
      140, 47, 46, -1,
      140, 46, 141, -1,
      141, 46, 105, -1,
      141, 105, 106, -1,
      144, 146, 97, -1,
      97, 146, 106, -1,
      142, 144, 53, -1,
      53, 144, 97, -1,
      143, 142, 55, -1,
      55, 142, 53, -1,
      145, 143, 54, -1,
      54, 143, 55, -1,
      145, 54, 56, -1,
      145, 56, 270, -1,
      270, 56, 57, -1,
      270, 57, 268, -1,
      268, 57, 85, -1,
      268, 85, 266, -1,
      266, 85, 84, -1,
      266, 84, 264, -1,
      264, 84, 83, -1,
      264, 83, 262, -1,
      262, 83, 76, -1,
      262, 76, 260, -1,
      260, 76, 77, -1,
      260, 77, 258, -1,
      258, 77, 73, -1,
      258, 73, 256, -1,
      256, 73, 75, -1,
      256, 75, 138, -1,
      138, 75, 74, -1,
      138, 74, 149, -1,
      149, 74, 72, -1,
      149, 72, 201, -1,
      201, 72, 71, -1,
      201, 71, 210, -1,
      210, 71, 79, -1,
      210, 79, 208, -1,
      208, 79, 78, -1,
      208, 78, 206, -1,
      204, 206, 64, -1,
      64, 206, 78, -1,
      64, 135, 204, -1,
      204, 135, 130, -1,
      204, 130, 251, -1,
      251, 130, 129, -1,
      251, 129, 249, -1,
      249, 129, 127, -1,
      249, 127, 247, -1,
      247, 127, 126, -1,
      247, 126, 245, -1,
      245, 126, 128, -1,
      245, 128, 243, -1,
      243, 128, 134, -1,
      243, 134, 241, -1,
      241, 134, 114, -1,
      241, 114, 239, -1,
      239, 114, 113, -1,
      239, 113, 164, -1,
      164, 113, 111, -1,
      164, 111, 165, -1,
      165, 111, 124, -1,
      165, 124, 167, -1,
      167, 124, 133, -1,
      167, 133, 169, -1,
      169, 133, 132, -1,
      169, 132, 171, -1,
      171, 132, 131, -1,
      171, 131, 231, -1,
      231, 131, 125, -1,
      231, 125, 233, -1,
      233, 125, 123, -1,
      233, 123, 235, -1,
      235, 123, 122, -1,
      235, 122, 237, -1,
      237, 122, 110, -1,
      237, 110, 238, -1,
      238, 110, 109, -1,
      238, 109, 197, -1,
      197, 109, 112, -1,
      197, 112, 199, -1,
      199, 112, 121, -1,
      199, 121, 200, -1,
      200, 121, 120, -1,
      200, 120, 156, -1,
      157, 156, 117, -1,
      117, 156, 120, -1,
      157, 117, 119, -1,
      157, 119, 159, -1,
      159, 119, 118, -1,
      159, 118, 161, -1,
      161, 118, 116, -1,
      161, 116, 217, -1,
      217, 116, 115, -1,
      217, 115, 218, -1,
      218, 115, 63, -1,
      218, 63, 220, -1,
      63, 62, 220, -1,
      220, 62, 61, -1,
      220, 61, 222, -1,
      222, 61, 91, -1,
      222, 91, 224, -1,
      224, 91, 90, -1,
      224, 90, 226, -1,
      226, 90, 89, -1,
      226, 89, 228, -1,
      228, 89, 88, -1,
      228, 88, 229, -1,
      229, 88, 108, -1,
      229, 108, 186, -1,
      186, 108, 107, -1,
      186, 107, 188, -1,
      188, 107, 102, -1,
      188, 102, 190, -1,
      190, 102, 101, -1,
      190, 101, 192, -1,
      194, 192, 100, -1,
      100, 192, 101, -1,
      194, 100, 70, -1,
      194, 70, 276, -1,
      276, 70, 69, -1,
      276, 69, 273, -1,
      273, 69, 68, -1,
      273, 68, 287, -1,
      287, 68, 52, -1,
      287, 52, 281, -1,
      281, 52, 51, -1,
      281, 51, 282, -1,
      282, 51, 58, -1,
      282, 58, 284, -1,
      284, 58, 99, -1,
      284, 99, 285, -1,
      285, 99, 98, -1,
      285, 98, 286, -1,
      286, 98, 96, -1,
      286, 96, 283, -1,
      283, 96, 95, -1,
      283, 95, 278, -1,
      278, 95, 104, -1,
      278, 104, 279, -1,
      279, 104, 103, -1,
      279, 103, 280, -1,
      280, 103, 94, -1,
      280, 94, 274, -1,
      274, 94, 93, -1,
      274, 93, 275, -1,
      275, 93, 92, -1,
      275, 92, 277, -1,
      277, 92, 87, -1,
      277, 87, 195, -1,
      195, 87, 86, -1,
      195, 86, 193, -1,
      191, 193, 82, -1,
      82, 193, 86, -1,
      191, 82, 81, -1,
      191, 81, 189, -1,
      189, 81, 80, -1,
      189, 80, 187, -1,
      187, 80, 60, -1,
      187, 60, 185, -1,
      185, 60, 59, -1,
      185, 59, 227, -1,
      227, 59, 67, -1,
      227, 67, 225, -1,
      225, 67, 66, -1,
      225, 66, 223, -1,
      265, 288, 289, -1,
      265, 289, 267, -1,
      267, 289, 290, -1,
      267, 290, 269, -1,
      269, 290, 291, -1,
      269, 291, 271, -1,
      271, 291, 292, -1,
      271, 292, 272, -1,
      272, 292, 293, -1,
      272, 293, 213, -1,
      213, 293, 294, -1,
      213, 294, 214, -1,
      214, 294, 295, -1,
      214, 295, 215, -1,
      215, 295, 296, -1,
      215, 296, 216, -1,
      216, 296, 297, -1,
      216, 297, 184, -1,
      184, 297, 298, -1,
      184, 298, 183, -1,
      183, 298, 299, -1,
      183, 299, 182, -1,
      182, 299, 300, -1,
      182, 300, 180, -1,
      180, 300, 301, -1,
      180, 301, 178, -1,
      178, 301, 302, -1,
      178, 302, 155, -1,
      155, 302, 303, -1,
      155, 303, 153, -1,
      153, 303, 304, -1,
      153, 304, 152, -1,
      152, 304, 305, -1,
      152, 305, 175, -1,
      175, 305, 306, -1,
      175, 306, 174, -1,
      174, 306, 307, -1,
      174, 307, 173, -1,
      173, 307, 308, -1,
      173, 308, 254, -1,
      254, 308, 309, -1,
      254, 309, 255, -1,
      255, 309, 310, -1,
      255, 310, 257, -1,
      257, 310, 311, -1,
      257, 311, 259, -1,
      259, 311, 312, -1,
      259, 312, 261, -1,
      261, 312, 313, -1,
      261, 313, 263, -1,
      263, 313, 288, -1,
      263, 288, 265, -1,
    ]
  }
}

Shape {
  appearance Appearance {
    material Material {
      diffuseColor 1.0000 0.6667 0.5098
      specularColor 0.5020 0.3333 0.2549
      ambientIntensity 0.2
      transparency 0.0000
      shininess 0.5
    }
  }
  geometry IndexedFaceSet {
    ccw TRUE
    solid FALSE
    coord DEF co Coordinate {
      point [
        -0.203857 -0.605747 -0.341553,
        -0.200255 -0.605715 -0.341948,
        -0.196294 -0.605601 -0.343374,
        -0.192867 -0.605415 -0.345695,
        -0.190125 -0.605170 -0.348763,
        -0.188280 -0.604890 -0.352262,
        -0.187317 -0.604574 -0.356211,
        -0.187311 -0.604270 -0.360015,
        -0.188319 -0.603943 -0.364102,
        -0.190300 -0.603649 -0.367770,
        -0.193098 -0.603406 -0.370814,
        -0.196415 -0.603230 -0.373007,
        -0.200167 -0.603123 -0.374344,
        -0.203857 -0.603091 -0.374750,
        -0.207029 -0.603115 -0.374444,
        -0.211029 -0.603221 -0.373122,
        -0.214523 -0.603400 -0.370884,
        -0.217341 -0.603640 -0.367889,
        -0.219276 -0.603916 -0.364437,
        -0.220335 -0.604226 -0.360561,
        -0.220417 -0.604559 -0.356393,
        -0.219447 -0.604887 -0.352300,
        -0.217473 -0.605183 -0.348598,
        -0.214680 -0.605427 -0.345552,
        -0.211278 -0.605607 -0.343303,
        -0.207513 -0.605714 -0.341961,
      ]
    }
    coordIndex [
      14, 13, 0, -1,
      0, 13, 12, -1,
      24, 17, 16, -1,
      9, 8, 7, -1,
      5, 4, 12, -1,
      12, 4, 3, -1,
      17, 24, 18, -1,
      18, 24, 23, -1,
      18, 23, 19, -1,
      0, 25, 14, -1,
      14, 25, 24, -1,
      14, 24, 15, -1,
      15, 24, 16, -1,
      3, 2, 12, -1,
      12, 2, 1, -1,
      12, 1, 0, -1,
      5, 12, 6, -1,
      6, 12, 11, -1,
      6, 11, 7, -1,
      7, 11, 10, -1,
      7, 10, 9, -1,
      19, 23, 20, -1,
      20, 23, 22, -1,
      20, 22, 21, -1,
    ]
  }
}
