#VRML V2.0 utf8

Shape {
  appearance Appearance {
    material Material {
      diffuseColor 0.2078 0.2078 0.2078
      specularColor 0.0157 0.0157 0.0157
      ambientIntensity 0.2
      transparency 0.0000
      shininess 0.5
    }
  }
  geometry IndexedFaceSet {
    ccw TRUE
    solid FALSE
    coord DEF co Coordinate {
      point [
        0.432453 -0.689653 0.779528,
        0.432453 -0.719817 0.779528,
        0.446011 -0.719817 0.779528,
        0.522344 -0.743662 0.779528,
        0.533113 -0.743662 0.779528,
        0.533113 -0.733967 0.779528,
        0.523448 -0.721494 0.779528,
        0.520046 -0.722815 0.779528,
        0.520046 -0.733967 0.779528,
        0.478558 -0.777860 0.779528,
        0.477738 -0.777565 0.779528,
        0.477738 -0.777994 0.779528,
        0.485790 -0.777928 0.779528,
        0.485146 -0.777994 0.779528,
        0.493298 -0.777994 0.779528,
        0.500445 -0.784498 0.779528,
        0.501235 -0.783613 0.779528,
        0.501235 -0.777994 0.779528,
        0.556363 -0.714386 0.779528,
        0.543870 -0.714386 0.779528,
        0.559835 -0.723698 0.779528,
        0.543870 -0.733967 0.779528,
        0.551724 -0.689653 0.779528,
        0.564692 -0.723698 0.779528,
        0.688976 -0.733967 0.779528,
        0.688976 -0.689365 0.779528,
        0.543870 -0.689365 0.779528,
        0.547025 -0.689653 0.779528,
        0.543870 -0.697935 0.779528,
        0.534058 -0.723698 0.779528,
        0.538914 -0.723698 0.779528,
        0.542186 -0.714386 0.779528,
        0.477738 -0.689365 0.779528,
        0.468482 -0.689365 0.779528,
        0.469285 -0.689428 0.779528,
        0.472894 -0.690470 0.779528,
        0.472894 -0.695066 0.779528,
        0.477738 -0.733967 0.779528,
        0.460989 -0.724129 0.779528,
        0.457370 -0.723294 0.779528,
        0.448927 -0.733967 0.779528,
        0.464105 -0.720356 0.779528,
        0.466219 -0.720250 0.779528,
        0.472314 -0.722578 0.779528,
        0.468658 -0.723776 0.779528,
        0.472515 -0.694861 0.779528,
        0.452056 -0.708350 0.779528,
        0.452606 -0.711748 0.779528,
        0.469987 -0.719436 0.779528,
        0.472894 -0.718076 0.779528,
        0.472894 -0.722288 0.779528,
        0.463469 -0.724272 0.779528,
        0.455344 -0.697098 0.779528,
        0.453703 -0.699469 0.779528,
        0.453711 -0.714489 0.779528,
        0.455358 -0.716770 0.779528,
        0.456194 -0.717581 0.779528,
        0.464870 -0.693046 0.779528,
        0.463466 -0.693107 0.779528,
        0.455593 -0.696824 0.779528,
        0.460516 -0.693693 0.779528,
        0.457847 -0.694951 0.779528,
        0.452568 -0.702417 0.779528,
        0.452017 -0.707058 0.779528,
        0.458463 -0.719114 0.779528,
        0.460933 -0.720006 0.779528,
        0.454206 -0.721700 0.779528,
        0.451773 -0.719625 0.779528,
        0.451472 -0.719295 0.779528,
        0.469062 -0.693547 0.779528,
        0.448927 -0.689365 0.779528,
        0.449853 -0.697315 0.779528,
        0.452321 -0.694091 0.779528,
        0.453076 -0.693366 0.779528,
        0.456369 -0.691046 0.779528,
        0.459930 -0.689670 0.779528,
        0.449446 -0.716384 0.779528,
        0.448927 -0.715046 0.779528,
        0.446886 -0.733967 0.779528,
        0.446886 -0.689365 0.779528,
        0.448236 -0.701097 0.779528,
        0.448927 -0.699481 0.779528,
        0.448065 -0.712823 0.779528,
        0.447404 -0.707319 0.779528,
        0.447464 -0.705541 0.779528,
        0.513328 -0.753392 0.779528,
        0.517749 -0.753392 0.779528,
        0.520046 -0.777994 0.779528,
        0.505530 -0.771668 0.779528,
        0.506052 -0.773669 0.779528,
        0.506165 -0.773669 0.779528,
        0.501235 -0.733967 0.779528,
        0.501235 -0.759313 0.779528,
        0.506687 -0.771702 0.779528,
        0.506361 -0.772836 0.779528,
        0.494408 -0.753392 0.779528,
        0.493298 -0.733967 0.779528,
        0.501235 -0.770759 0.779528,
        0.499177 -0.753392 0.779528,
        0.503802 -0.777994 0.779528,
        0.503946 -0.777655 0.779528,
        0.501239 -0.783609 0.779528,
        0.502075 -0.782076 0.779528,
        0.493298 -0.791481 0.779528,
        0.495287 -0.788812 0.779528,
        0.495287 -0.785018 0.779528,
        0.501235 -0.788400 0.779528,
        0.499760 -0.788962 0.779528,
        0.501235 -0.791481 0.779528,
        0.498037 -0.789160 0.779528,
        0.497096 -0.789126 0.779528,
        0.497706 -0.785505 0.779528,
        0.498735 -0.785389 0.779528,
        0.499669 -0.785038 0.779528,
        0.506714 -0.781380 0.779528,
        0.504783 -0.785140 0.779528,
        0.520046 -0.791481 0.779528,
        0.508048 -0.777994 0.779528,
        0.503222 -0.787014 0.779528,
        0.502932 -0.787280 0.779528,
        0.501443 -0.788321 0.779528,
        0.490761 -0.767072 0.779528,
        0.491557 -0.768247 0.779528,
        0.491022 -0.758057 0.779528,
        0.491462 -0.774158 0.779528,
        0.490667 -0.775283 0.779528,
        0.477261 -0.755904 0.779528,
        0.477738 -0.755475 0.779528,
        0.478525 -0.754767 0.779528,
        0.479754 -0.754030 0.779528,
        0.492012 -0.769505 0.779528,
        0.492189 -0.771093 0.779528,
        0.491986 -0.772807 0.779528,
        0.482083 -0.753186 0.779528,
        0.485261 -0.752835 0.779528,
        0.491022 -0.753914 0.779528,
        0.488060 -0.753066 0.779528,
        0.489447 -0.776350 0.779528,
        0.488136 -0.777122 0.779528,
        0.484843 -0.756298 0.779528,
        0.483581 -0.756393 0.779528,
        0.480187 -0.759571 0.779528,
        0.482441 -0.756695 0.779528,
        0.481484 -0.757204 0.779528,
        0.480226 -0.760138 0.779528,
        0.480396 -0.760800 0.779528,
        0.480703 -0.761376 0.779528,
        0.481119 -0.761833 0.779528,
        0.482622 -0.762773 0.779528,
        0.487757 -0.756644 0.779528,
        0.485261 -0.763922 0.779528,
        0.490178 -0.757565 0.779528,
        0.486913 -0.764590 0.779528,
        0.489744 -0.766165 0.779528,
        0.480841 -0.757772 0.779528,
        0.480475 -0.758315 0.779528,
        0.480265 -0.758891 0.779528,
        0.451303 -0.767368 0.779528,
        0.452149 -0.766142 0.779528,
        0.452826 -0.759240 0.779528,
        0.475767 -0.772451 0.779528,
        0.469988 -0.762060 0.779528,
        0.475767 -0.776855 0.779528,
        0.469988 -0.777707 0.779528,
        0.463586 -0.776420 0.779528,
        0.462094 -0.777411 0.779528,
        0.465724 -0.777707 0.779528,
        0.460483 -0.777994 0.779528,
        0.448927 -0.777994 0.779528,
        0.451176 -0.774574 0.779528,
        0.450660 -0.773131 0.779528,
        0.453975 -0.777369 0.779528,
        0.455610 -0.777985 0.779528,
        0.455688 -0.777994 0.779528,
        0.453446 -0.765006 0.779528,
        0.455247 -0.764073 0.779528,
        0.455517 -0.757509 0.779528,
        0.458517 -0.763261 0.779528,
        0.462242 -0.756450 0.779528,
        0.460798 -0.756298 0.779528,
        0.458180 -0.756579 0.779528,
        0.452539 -0.776367 0.779528,
        0.452062 -0.775884 0.779528,
        0.450450 -0.771198 0.779528,
        0.450725 -0.768876 0.779528,
        0.465724 -0.773948 0.779528,
        0.465610 -0.773948 0.779528,
        0.464934 -0.774975 0.779528,
        0.452826 -0.755098 0.779528,
        0.453728 -0.754576 0.779528,
        0.456903 -0.753352 0.779528,
        0.477308 -0.773416 0.779528,
        0.477738 -0.773583 0.779528,
        0.477738 -0.764555 0.779528,
        0.475961 -0.758429 0.779528,
        0.476469 -0.757056 0.779528,
        0.468077 -0.755459 0.779528,
        0.469634 -0.758728 0.779528,
        0.475976 -0.761609 0.779528,
        0.461198 -0.752835 0.779528,
        0.463685 -0.753051 0.779528,
        0.465503 -0.753586 0.779528,
        0.465724 -0.762251 0.779528,
        0.465575 -0.760366 0.779528,
        0.465134 -0.758847 0.779528,
        0.464633 -0.757969 0.779528,
        0.468957 -0.756820 0.779528,
        0.475793 -0.759954 0.779528,
        0.466930 -0.754385 0.779528,
        0.477700 -0.764530 0.779528,
        0.477002 -0.763800 0.779528,
        0.476446 -0.762911 0.779528,
        0.463989 -0.757283 0.779528,
        0.463231 -0.756795 0.779528,
        0.479976 -0.774456 0.779528,
        0.482250 -0.767020 0.779528,
        0.479708 -0.765855 0.779528,
        0.482781 -0.774801 0.779528,
        0.482969 -0.774800 0.779528,
        0.485050 -0.768193 0.779528,
        0.485155 -0.774554 0.779528,
        0.487811 -0.771511 0.779528,
        0.487769 -0.770981 0.779528,
        0.486256 -0.774152 0.779528,
        0.486644 -0.773916 0.779528,
        0.487134 -0.773481 0.779528,
        0.487506 -0.772931 0.779528,
        0.487723 -0.772324 0.779528,
        0.487576 -0.770315 0.779528,
        0.487246 -0.769749 0.779528,
        0.486715 -0.769196 0.779528,
        0.479771 -0.777994 0.779528,
        0.477738 -0.791481 0.779528,
        0.482363 -0.778282 0.779528,
        0.496159 -0.785304 0.779528,
        0.458161 -0.778282 0.779528,
        0.448927 -0.791481 0.779528,
        0.460366 -0.778037 0.779528,
        0.352951 -0.686157 0.779528,
        0.357656 -0.689365 0.779528,
        0.414117 -0.689365 0.779528,
        0.363140 -0.693105 0.779528,
        0.371187 -0.702427 0.779528,
        0.398241 -0.733967 0.779528,
        0.414117 -0.733967 0.779528,
        0.396106 -0.728637 0.779528,
        0.391165 -0.721752 0.779528,
        0.384599 -0.716199 0.779528,
        0.376211 -0.712228 0.779528,
        0.377395 -0.712625 0.779528,
        0.307332 -0.686166 0.779528,
        0.318511 -0.681927 0.779528,
        -0.118275 0.010248 0.779528,
        0.414117 0.010248 0.779528,
        0.330220 -0.680518 0.779528,
        0.340864 -0.681712 0.779528,
        0.302136 -0.689365 0.779528,
        -0.118275 -0.689365 0.779528,
        0.301173 -0.689958 0.779528,
        -0.118275 -0.733967 0.779528,
        0.246355 -0.733967 0.779528,
        0.247435 -0.727920 0.779528,
        0.251298 -0.719206 0.779528,
        0.257119 -0.711743 0.779528,
        0.275418 -0.701303 0.779528,
        0.284956 -0.700125 0.779528,
        0.295485 -0.694830 0.779528,
        0.287739 -0.700276 0.779528,
        0.290523 -0.700609 0.779528,
        0.258752 -0.710197 0.779528,
        0.266452 -0.704785 0.779528,
        0.272211 -0.776425 0.779528,
        0.263463 -0.772164 0.779528,
        -0.118275 -0.777994 0.779528,
        0.255908 -0.765722 0.779528,
        0.250382 -0.757834 0.779528,
        0.246914 -0.748822 0.779528,
        0.245742 -0.739338 0.779528,
        0.245810 -0.737018 0.779528,
        0.275273 -0.777341 0.779528,
        0.275578 -0.777994 0.779528,
        0.277705 -0.782542 0.779528,
        0.281306 -0.786983 0.779528,
        0.308289 -0.791481 0.779528,
        0.304133 -0.793078 0.779528,
        0.414117 -0.885827 0.779528,
        0.298269 -0.793801 0.779528,
        0.297344 -0.793784 0.779528,
        -0.118275 -0.885827 0.779528,
        0.291628 -0.792895 0.779528,
        -0.118275 -0.791481 0.779528,
        0.288259 -0.791481 0.779528,
        0.286043 -0.790550 0.779528,
        0.320948 -0.777994 0.779528,
        0.320921 -0.778106 0.779528,
        0.414117 -0.791481 0.779528,
        0.318054 -0.783498 0.779528,
        0.314352 -0.787647 0.779528,
        0.309531 -0.791003 0.779528,
        0.351858 -0.763715 0.779528,
        0.353519 -0.763059 0.779528,
        0.356363 -0.749263 0.779528,
        0.316423 -0.753378 0.779528,
        0.348859 -0.736433 0.779528,
        0.312188 -0.749523 0.779528,
        0.307051 -0.746771 0.779528,
        0.350369 -0.764770 0.779528,
        0.396026 -0.760236 0.779528,
        0.391219 -0.766933 0.779528,
        0.414117 -0.777994 0.779528,
        0.385047 -0.742041 0.779528,
        0.383906 -0.737393 0.779528,
        0.382056 -0.733967 0.779528,
        0.261594 -0.733967 0.779528,
        0.399067 -0.736030 0.779528,
        0.400175 -0.743937 0.779528,
        0.399066 -0.752572 0.779528,
        0.355394 -0.762818 0.779528,
        0.355630 -0.762835 0.779528,
        0.356356 -0.762996 0.779528,
        0.263023 -0.748524 0.779528,
        0.265897 -0.753411 0.779528,
        0.278187 -0.755925 0.779528,
        0.270236 -0.757871 0.779528,
        0.275515 -0.761124 0.779528,
        0.287136 -0.747908 0.779528,
        0.282188 -0.751348 0.779528,
        0.260992 -0.738854 0.779528,
        0.261283 -0.742601 0.779528,
        0.292483 -0.745861 0.779528,
        0.298269 -0.745148 0.779528,
        0.301207 -0.745322 0.779528,
        0.384635 -0.772507 0.779528,
        0.377249 -0.776122 0.779528,
        0.369192 -0.777826 0.779528,
        0.347891 -0.770322 0.779528,
        0.347952 -0.769366 0.779528,
        0.322474 -0.767175 0.779528,
        0.348438 -0.767524 0.779528,
        0.349369 -0.765872 0.779528,
        0.380252 -0.756985 0.779528,
        0.382916 -0.753211 0.779528,
        0.384585 -0.748897 0.779528,
        0.385168 -0.744179 0.779528,
        0.354910 -0.777826 0.779528,
        0.353547 -0.777606 0.779528,
        0.351946 -0.776976 0.779528,
        0.350376 -0.775859 0.779528,
        0.349813 -0.775287 0.779528,
        0.348758 -0.773766 0.779528,
        0.348120 -0.772125 0.779528,
        0.322342 -0.772131 0.779528,
        0.322474 -0.769595 0.779528,
        0.356847 -0.763060 0.779528,
        0.367739 -0.763060 0.779528,
        0.372096 -0.762224 0.779528,
        0.376366 -0.760242 0.779528,
        0.379943 -0.757317 0.779528,
        0.359123 -0.710743 0.779528,
        0.353660 -0.704223 0.779528,
        0.298026 -0.718279 0.779528,
        0.353066 -0.703682 0.779528,
        0.346266 -0.698961 0.779528,
        0.301726 -0.710620 0.779528,
        0.296320 -0.717345 0.779528,
        0.290894 -0.715356 0.779528,
        0.381652 -0.733219 0.779528,
        0.378874 -0.730119 0.779528,
        0.366287 -0.725299 0.779528,
        0.375120 -0.727496 0.779528,
        0.370896 -0.725868 0.779528,
        0.364351 -0.725299 0.779528,
        0.362863 -0.718539 0.779528,
        0.276687 -0.716202 0.779528,
        0.271294 -0.719069 0.779528,
        0.282661 -0.714781 0.779528,
        0.267146 -0.722770 0.779528,
        0.263790 -0.727591 0.779528,
        0.307156 -0.704134 0.779528,
        0.338676 -0.696052 0.779528,
        0.313641 -0.699396 0.779528,
        0.330462 -0.695041 0.779528,
        0.321548 -0.696190 0.779528,
        0.285197 -0.714648 0.779528,
        0.261715 -0.732989 0.779528,
        0.520046 -0.689365 0.779528,
        0.520046 -0.690477 0.779528,
        0.533113 -0.689365 0.779528,
        0.523470 -0.691728 0.779528,
        0.530355 -0.698327 0.779528,
        0.531610 -0.701579 0.779528,
        0.532169 -0.706240 0.779528,
        0.527035 -0.694161 0.779528,
        0.528252 -0.695353 0.779528,
        0.531996 -0.709040 0.779528,
        0.531054 -0.712929 0.779528,
        0.529254 -0.716382 0.779528,
        0.527035 -0.718929 0.779528,
        0.501235 -0.689365 0.779528,
        0.514163 -0.689653 0.779528,
        0.519362 -0.690227 0.779528,
        0.519560 -0.723004 0.779528,
        0.513815 -0.723698 0.779528,
        0.504451 -0.723698 0.779528,
        0.504451 -0.689653 0.779528,
        0.540654 -0.773826 0.779528,
        0.540654 -0.777707 0.779528,
        0.543870 -0.777994 0.779528,
        0.533113 -0.777994 0.779528,
        0.539880 -0.747578 0.779528,
        0.539880 -0.743662 0.779528,
        0.526739 -0.762373 0.779528,
        0.526739 -0.773826 0.779528,
        0.533113 -0.762373 0.779528,
        0.533113 -0.773826 0.779528,
        0.538914 -0.762373 0.779528,
        0.526739 -0.747578 0.779528,
        0.526739 -0.758474 0.779528,
        0.533113 -0.747578 0.779528,
        0.533113 -0.758474 0.779528,
        0.538914 -0.758474 0.779528,
        0.533113 -0.777707 0.779528,
        0.522344 -0.777707 0.779528,
        0.493298 -0.689365 0.779528,
        0.497245 -0.689653 0.779528,
        0.497245 -0.693569 0.779528,
        0.484104 -0.708363 0.779528,
        0.484104 -0.719817 0.779528,
        0.493298 -0.708363 0.779528,
        0.493298 -0.719817 0.779528,
        0.496279 -0.708363 0.779528,
        0.498019 -0.719817 0.779528,
        0.484104 -0.693569 0.779528,
        0.484104 -0.704465 0.779528,
        0.493298 -0.693569 0.779528,
        0.493298 -0.704465 0.779528,
        0.496279 -0.704465 0.779528,
        0.498019 -0.723698 0.779528,
        0.493298 -0.723698 0.779528,
        0.479709 -0.723698 0.779528,
        0.479709 -0.689653 0.779528,
        0.493298 -0.689653 0.779528,
        -0.118275 0.885827 0.779528,
        0.414117 0.885827 0.779528,
        0.446886 0.885827 0.779528,
        0.446886 0.010248 0.779528,
        0.448927 0.885827 0.779528,
        0.448927 0.010248 0.779528,
        0.477738 0.885827 0.779528,
        0.477738 0.010248 0.779528,
        0.493298 0.885827 0.779528,
        0.493298 0.010248 0.779528,
        0.501235 0.885827 0.779528,
        0.501235 0.010248 0.779528,
        0.520046 0.885827 0.779528,
        0.520046 0.010248 0.779528,
        0.533113 0.885827 0.779528,
        0.533113 0.010248 0.779528,
        0.543870 0.885827 0.779528,
        0.543870 0.010248 0.779528,
        0.688976 0.885827 0.779528,
        0.688976 0.010248 0.779528,
        -0.517048 0.702612 0.779528,
        -0.505739 0.707297 0.779528,
        -0.496027 0.714749 0.779528,
        -0.483890 0.760044 0.779528,
        -0.482292 0.747907 0.779528,
        -0.483890 0.735770 0.779528,
        -0.488575 0.724461 0.779528,
        -0.562344 0.714749 0.779528,
        -0.569796 0.724461 0.779528,
        -0.688976 0.010248 0.779528,
        -0.574480 0.735770 0.779528,
        -0.688976 0.885827 0.779528,
        -0.576078 0.747907 0.779528,
        -0.574480 0.760044 0.779528,
        -0.529185 0.701014 0.779528,
        -0.541322 0.702612 0.779528,
        -0.552632 0.707297 0.779528,
        -0.569796 0.771354 0.779528,
        -0.562344 0.781066 0.779528,
        -0.552632 0.788518 0.779528,
        -0.541322 0.793202 0.779528,
        -0.529185 0.794800 0.779528,
        -0.517048 0.793202 0.779528,
        -0.505739 0.788518 0.779528,
        -0.496027 0.781066 0.779528,
        -0.488575 0.771354 0.779528,
        0.462450 -0.689365 0.779528,
        0.464827 -0.689078 0.779528,
        0.428058 -0.723698 0.779528,
        0.428058 -0.689653 0.779528,
        0.446011 -0.723698 0.779528,
        0.581549 -0.777707 0.779528,
        0.576693 -0.777707 0.779528,
        0.602470 -0.777707 0.779528,
        0.598998 -0.768395 0.779528,
        0.584821 -0.768395 0.779528,
        0.574631 -0.763050 0.779528,
        0.573689 -0.766939 0.779528,
        0.589660 -0.743662 0.779528,
        0.594359 -0.743662 0.779528,
        0.607326 -0.777707 0.779528,
        0.688976 -0.777994 0.779528,
        0.571889 -0.770391 0.779528,
        0.569670 -0.772938 0.779528,
        0.566083 -0.775504 0.779528,
        0.547086 -0.743662 0.779528,
        0.547086 -0.777707 0.779528,
        0.556450 -0.777707 0.779528,
        0.562195 -0.777013 0.779528,
        0.574804 -0.760250 0.779528,
        0.574244 -0.755588 0.779528,
        0.569670 -0.748170 0.779528,
        0.570887 -0.749363 0.779528,
        0.572990 -0.752336 0.779528,
        0.556798 -0.743662 0.779528,
        0.561997 -0.744236 0.779528,
        0.566106 -0.745737 0.779528,
        0.446886 -0.777994 0.779528,
        0.445594 -0.743662 0.779528,
        0.445594 -0.747578 0.779528,
        0.432453 -0.762373 0.779528,
        0.432453 -0.773826 0.779528,
        0.444628 -0.762373 0.779528,
        0.446369 -0.773826 0.779528,
        0.444628 -0.758474 0.779528,
        0.428058 -0.743662 0.779528,
        0.428058 -0.777707 0.779528,
        0.432453 -0.747578 0.779528,
        0.432453 -0.758474 0.779528,
        0.446369 -0.777707 0.779528,
        0.533113 -0.791481 0.779528,
        0.543870 -0.791481 0.779528,
        0.688976 -0.791481 0.779528,
        0.446886 -0.791481 0.779528,
        0.446886 -0.885827 0.779528,
        0.448927 -0.885827 0.779528,
        0.477738 -0.885827 0.779528,
        0.493298 -0.885827 0.779528,
        0.501235 -0.885827 0.779528,
        0.520046 -0.885827 0.779528,
        0.533113 -0.885827 0.779528,
        0.543870 -0.885827 0.779528,
        0.688976 -0.885827 0.779528,
        -0.688976 -0.689365 0.779528,
        -0.688976 -0.733967 0.779528,
        -0.688976 -0.777994 0.779528,
        -0.688976 -0.791481 0.779528,
        -0.688976 -0.885827 0.779528,
        -0.679557 -0.660531 0.000000,
        -0.688976 -0.663557 0.000000,
        -0.688976 -0.556915 0.000000,
        -0.669291 -0.561024 0.000000,
        -0.610236 -0.561024 0.000000,
        -0.610236 -0.659449 0.000000,
        -0.679557 -0.559941 0.000000,
        -0.669291 -0.659449 0.000000,
        -0.679557 -0.463681 0.000000,
        -0.688976 -0.466707 0.000000,
        -0.688976 -0.360065 0.000000,
        -0.669291 -0.364173 0.000000,
        -0.610236 -0.364173 0.000000,
        -0.610236 -0.462598 0.000000,
        -0.679557 -0.363091 0.000000,
        -0.669291 -0.462598 0.000000,
        -0.679557 -0.266831 0.000000,
        -0.688976 -0.269857 0.000000,
        -0.688976 -0.163214 0.000000,
        -0.669291 -0.167323 0.000000,
        -0.610236 -0.167323 0.000000,
        -0.610236 -0.265748 0.000000,
        -0.679557 -0.166240 0.000000,
        -0.669291 -0.265748 0.000000,
        -0.679557 -0.069980 0.000000,
        -0.688976 -0.073006 0.000000,
        -0.688976 0.210802 0.000000,
        -0.679557 0.796162 0.000000,
        -0.688976 0.793135 0.000000,
        -0.688976 0.885827 0.000000,
        -0.688976 -0.753765 0.000000,
        -0.679557 -0.756792 0.000000,
        -0.688976 -0.885827 0.000000,
        -0.669291 -0.757874 0.000000,
        0.679557 0.207776 0.000000,
        0.688976 0.210802 0.000000,
        0.610236 0.003937 0.000000,
        0.610236 -0.757874 0.000000,
        0.669291 -0.757874 0.000000,
        0.688976 -0.885827 0.000000,
        0.679557 -0.756792 0.000000,
        0.688976 -0.753765 0.000000,
        0.669291 0.797244 0.000000,
        0.610236 0.797244 0.000000,
        0.610236 0.846457 0.000000,
        -0.383858 0.846457 0.000000,
        -0.610236 0.846457 0.000000,
        0.688976 0.885827 0.000000,
        0.688976 0.793135 0.000000,
        0.679557 0.796162 0.000000,
        -0.610236 0.003937 0.000000,
        -0.610236 -0.068898 0.000000,
        -0.669291 -0.068898 0.000000,
        -0.679557 0.500886 0.000000,
        -0.688976 0.497860 0.000000,
        -0.688976 0.702928 0.000000,
        -0.610236 0.797244 0.000000,
        -0.669291 0.797244 0.000000,
        0.610236 -0.068898 0.000000,
        0.669291 -0.068898 0.000000,
        0.679557 -0.069980 0.000000,
        0.688976 -0.073006 0.000000,
        -0.252528 0.885827 0.000000,
        -0.255019 0.876334 0.000000,
        -0.324803 0.787402 0.000000,
        -0.255906 0.866142 0.000000,
        -0.324803 0.698819 0.000000,
        0.688976 0.702928 0.000000,
        0.688976 0.497860 0.000000,
        0.679557 0.500886 0.000000,
        -0.688976 0.301009 0.000000,
        -0.688976 0.407652 0.000000,
        -0.679557 0.304035 0.000000,
        -0.679557 0.404626 0.000000,
        -0.669291 0.403543 0.000000,
        0.374016 0.501969 0.000000,
        0.339393 0.699490 0.000000,
        0.344488 0.698819 0.000000,
        0.688976 0.407652 0.000000,
        0.688976 0.301009 0.000000,
        0.679557 0.304035 0.000000,
        -0.352130 0.294093 0.000000,
        -0.362393 0.300955 0.000000,
        -0.374016 0.403543 0.000000,
        -0.374016 0.305118 0.000000,
        -0.669291 0.305118 0.000000,
        0.669291 0.501969 0.000000,
        0.669291 0.698819 0.000000,
        0.679557 0.699902 0.000000,
        -0.141173 0.885827 0.000000,
        -0.055678 0.885827 0.000000,
        -0.058169 0.876334 0.000000,
        -0.199454 0.000038 0.000000,
        -0.207775 0.002950 0.000000,
        -0.374016 0.206693 0.000000,
        -0.216535 0.003937 0.000000,
        -0.669291 0.206693 0.000000,
        -0.679557 0.207776 0.000000,
        -0.669291 0.698819 0.000000,
        -0.374016 0.501969 0.000000,
        0.352130 0.414569 0.000000,
        0.362393 0.407707 0.000000,
        0.374016 0.305118 0.000000,
        0.374016 0.403543 0.000000,
        0.669291 0.305118 0.000000,
        0.669291 0.403543 0.000000,
        0.679557 0.404626 0.000000,
        -0.155092 0.666903 0.000000,
        -0.145707 0.679134 0.000000,
        -0.059055 0.413386 0.000000,
        -0.139807 0.693377 0.000000,
        -0.059055 0.866142 0.000000,
        -0.679557 0.699902 0.000000,
        -0.669291 0.501969 0.000000,
        0.252528 0.885827 0.000000,
        0.344488 0.846457 0.000000,
        0.339393 0.845786 0.000000,
        0.352130 0.490943 0.000000,
        0.343842 0.481793 0.000000,
        0.334646 0.701456 0.000000,
        0.338024 0.470905 0.000000,
        0.330569 0.704585 0.000000,
        -0.137795 0.708661 0.000000,
        -0.137795 0.866142 0.000000,
        -0.138681 0.876334 0.000000,
        -0.255906 0.708661 0.000000,
        -0.253893 0.693377 0.000000,
        -0.247994 0.679134 0.000000,
        -0.238609 0.666903 0.000000,
        0.059055 0.413386 0.000000,
        0.145707 0.679134 0.000000,
        0.155092 0.666903 0.000000,
        0.334646 0.843819 0.000000,
        0.330569 0.840691 0.000000,
        0.255019 0.876334 0.000000,
        0.327441 0.836614 0.000000,
        0.255906 0.866142 0.000000,
        0.325474 0.831867 0.000000,
        0.324803 0.826772 0.000000,
        0.255906 0.708661 0.000000,
        0.324803 0.718504 0.000000,
        0.253893 0.693377 0.000000,
        0.325474 0.713409 0.000000,
        0.247994 0.679134 0.000000,
        0.327441 0.708661 0.000000,
        0.362393 0.497805 0.000000,
        -0.178152 -0.772540 0.000000,
        -0.015285 0.356343 0.000000,
        -0.000000 0.354331 0.000000,
        0.015285 0.356343 0.000000,
        0.029528 0.362243 0.000000,
        0.041758 0.371628 0.000000,
        0.059055 0.866142 0.000000,
        0.137795 0.708661 0.000000,
        0.139807 0.693377 0.000000,
        0.055678 0.885827 0.000000,
        0.141173 0.885827 0.000000,
        0.058169 0.876334 0.000000,
        0.138681 0.876334 0.000000,
        0.137795 0.866142 0.000000,
        0.181566 0.651619 0.000000,
        0.196850 0.649606 0.000000,
        0.212135 0.651619 0.000000,
        -0.335025 0.262078 0.000000,
        -0.352130 0.414569 0.000000,
        -0.343842 0.423719 0.000000,
        -0.362393 0.407707 0.000000,
        -0.338024 0.274054 0.000000,
        -0.343842 0.284943 0.000000,
        -0.041758 0.371628 0.000000,
        -0.362393 0.210857 0.000000,
        -0.051143 0.383858 0.000000,
        -0.352130 0.217719 0.000000,
        -0.057043 0.398101 0.000000,
        -0.343842 0.226868 0.000000,
        -0.338024 0.237757 0.000000,
        -0.207775 -0.802163 0.000000,
        -0.199454 -0.799251 0.000000,
        0.185755 -0.788326 0.000000,
        0.167323 0.657518 0.000000,
        0.057043 0.398101 0.000000,
        0.362393 0.300955 0.000000,
        0.335025 0.458929 0.000000,
        0.226378 0.657518 0.000000,
        0.238609 0.666903 0.000000,
        -0.338024 0.434607 0.000000,
        -0.335025 0.446583 0.000000,
        -0.226378 0.657518 0.000000,
        -0.335025 0.458929 0.000000,
        -0.338024 0.470905 0.000000,
        -0.343842 0.481793 0.000000,
        -0.352130 0.490943 0.000000,
        -0.362393 0.497805 0.000000,
        -0.335025 0.249733 0.000000,
        -0.212135 0.651619 0.000000,
        -0.196850 0.649606 0.000000,
        -0.181566 0.651619 0.000000,
        -0.167323 0.657518 0.000000,
        -0.177165 -0.035433 0.000000,
        -0.178152 -0.026672 0.000000,
        -0.029528 0.362243 0.000000,
        -0.181064 -0.018351 0.000000,
        -0.185755 -0.010886 0.000000,
        0.335025 0.446583 0.000000,
        0.338024 0.434607 0.000000,
        0.343842 0.423719 0.000000,
        0.191989 -0.794560 0.000000,
        0.199454 -0.799251 0.000000,
        0.335025 0.262078 0.000000,
        0.335025 0.249733 0.000000,
        0.051143 0.383858 0.000000,
        0.338024 0.237757 0.000000,
        0.343842 0.226868 0.000000,
        -0.177165 -0.763780 0.000000,
        -0.191989 -0.004652 0.000000,
        -0.216535 -0.803150 0.000000,
        -0.610236 -0.803150 0.000000,
        -0.610236 -0.757874 0.000000,
        0.207775 -0.802163 0.000000,
        0.216535 -0.803150 0.000000,
        0.610236 -0.803150 0.000000,
        0.352130 0.294093 0.000000,
        0.343842 0.284943 0.000000,
        0.338024 0.274054 0.000000,
        -0.191989 -0.794560 0.000000,
        -0.185755 -0.788326 0.000000,
        -0.181064 -0.780861 0.000000,
        0.216535 0.003937 0.000000,
        0.207775 0.002950 0.000000,
        0.199454 0.000038 0.000000,
        0.191989 -0.004652 0.000000,
        0.185755 -0.010886 0.000000,
        0.352130 0.217719 0.000000,
        0.362393 0.210857 0.000000,
        0.374016 0.206693 0.000000,
        0.669291 0.206693 0.000000,
        0.181064 -0.018351 0.000000,
        0.178152 -0.026672 0.000000,
        0.177165 -0.035433 0.000000,
        0.177165 -0.763780 0.000000,
        0.178152 -0.772540 0.000000,
        0.181064 -0.780861 0.000000,
        0.055678 0.885827 0.070866,
        -0.055678 0.885827 0.070866,
        0.141173 0.885827 0.070866,
        0.252528 0.885827 0.070866,
        -0.252528 0.885827 0.070866,
        -0.141173 0.885827 0.070866,
      ]
    }
    coordIndex [
      0, 1, 2, -1,
      3, 4, 5, -1,
      6, 7, 8, -1,
      9, 10, 11, -1,
      12, 13, 14, -1,
      15, 16, 17, -1,
      18, 19, 20, -1,
      20, 19, 21, -1,
      22, 23, 24, -1,
      24, 25, 22, -1,
      22, 25, 26, -1,
      22, 26, 27, -1,
      27, 26, 28, -1,
      29, 5, 30, -1,
      30, 5, 21, -1,
      30, 21, 31, -1,
      31, 21, 19, -1,
      32, 33, 34, -1,
      34, 35, 32, -1,
      32, 35, 36, -1,
      32, 36, 37, -1,
      38, 39, 40, -1,
      36, 41, 42, -1,
      43, 44, 37, -1,
      45, 46, 36, -1,
      36, 46, 47, -1,
      42, 48, 36, -1,
      36, 48, 49, -1,
      36, 49, 37, -1,
      37, 49, 50, -1,
      37, 50, 43, -1,
      38, 40, 51, -1,
      45, 52, 53, -1,
      47, 54, 36, -1,
      36, 54, 55, -1,
      36, 55, 56, -1,
      57, 58, 59, -1,
      59, 58, 60, -1,
      59, 60, 61, -1,
      53, 62, 45, -1,
      45, 62, 63, -1,
      45, 63, 46, -1,
      56, 64, 36, -1,
      36, 64, 65, -1,
      36, 65, 41, -1,
      39, 66, 40, -1,
      40, 66, 67, -1,
      40, 67, 68, -1,
      52, 45, 59, -1,
      59, 45, 69, -1,
      59, 69, 57, -1,
      70, 71, 72, -1,
      72, 73, 70, -1,
      70, 73, 74, -1,
      70, 74, 75, -1,
      68, 76, 40, -1,
      40, 76, 77, -1,
      40, 77, 78, -1,
      79, 80, 70, -1,
      70, 80, 81, -1,
      70, 81, 71, -1,
      77, 82, 78, -1,
      78, 82, 83, -1,
      78, 83, 79, -1,
      79, 83, 84, -1,
      79, 84, 80, -1,
      85, 86, 8, -1,
      8, 86, 87, -1,
      88, 89, 90, -1,
      8, 91, 85, -1,
      85, 91, 92, -1,
      85, 92, 93, -1,
      93, 92, 88, -1,
      93, 88, 94, -1,
      94, 88, 90, -1,
      95, 96, 14, -1,
      95, 14, 97, -1,
      96, 95, 91, -1,
      91, 95, 98, -1,
      91, 98, 92, -1,
      14, 17, 97, -1,
      97, 17, 99, -1,
      97, 99, 100, -1,
      16, 101, 17, -1,
      17, 101, 102, -1,
      17, 102, 99, -1,
      103, 104, 105, -1,
      106, 107, 108, -1,
      108, 107, 109, -1,
      108, 109, 103, -1,
      103, 109, 110, -1,
      103, 110, 104, -1,
      111, 112, 17, -1,
      17, 112, 113, -1,
      17, 113, 15, -1,
      114, 115, 116, -1,
      114, 116, 117, -1,
      115, 118, 116, -1,
      116, 118, 119, -1,
      116, 119, 108, -1,
      108, 119, 120, -1,
      108, 120, 106, -1,
      121, 122, 123, -1,
      14, 124, 125, -1,
      126, 127, 37, -1,
      37, 127, 128, -1,
      37, 128, 129, -1,
      130, 131, 14, -1,
      14, 131, 132, -1,
      14, 132, 124, -1,
      129, 133, 37, -1,
      37, 133, 134, -1,
      37, 134, 96, -1,
      122, 130, 123, -1,
      123, 130, 14, -1,
      123, 14, 135, -1,
      135, 14, 96, -1,
      135, 96, 136, -1,
      136, 96, 134, -1,
      125, 137, 14, -1,
      14, 137, 138, -1,
      14, 138, 12, -1,
      139, 140, 141, -1,
      141, 140, 142, -1,
      141, 142, 143, -1,
      141, 144, 139, -1,
      139, 144, 145, -1,
      139, 145, 146, -1,
      146, 147, 139, -1,
      139, 147, 148, -1,
      139, 148, 149, -1,
      149, 148, 150, -1,
      149, 150, 151, -1,
      151, 150, 152, -1,
      151, 152, 123, -1,
      123, 152, 153, -1,
      123, 153, 121, -1,
      154, 155, 143, -1,
      143, 155, 156, -1,
      143, 156, 141, -1,
      157, 158, 159, -1,
      160, 161, 162, -1,
      162, 161, 163, -1,
      164, 165, 166, -1,
      166, 165, 167, -1,
      166, 167, 163, -1,
      168, 169, 170, -1,
      171, 168, 172, -1,
      172, 168, 173, -1,
      158, 174, 159, -1,
      159, 174, 175, -1,
      159, 175, 176, -1,
      176, 175, 177, -1,
      178, 179, 177, -1,
      177, 179, 180, -1,
      177, 180, 176, -1,
      171, 181, 168, -1,
      168, 181, 182, -1,
      168, 182, 169, -1,
      183, 184, 40, -1,
      185, 186, 166, -1,
      166, 186, 187, -1,
      166, 187, 164, -1,
      157, 159, 184, -1,
      184, 159, 188, -1,
      184, 188, 40, -1,
      40, 188, 189, -1,
      40, 189, 190, -1,
      191, 192, 193, -1,
      194, 195, 196, -1,
      197, 161, 198, -1,
      190, 199, 40, -1,
      40, 199, 200, -1,
      40, 200, 201, -1,
      202, 203, 177, -1,
      177, 203, 204, -1,
      177, 204, 205, -1,
      191, 193, 160, -1,
      196, 206, 194, -1,
      194, 206, 197, -1,
      194, 197, 207, -1,
      207, 197, 198, -1,
      44, 51, 37, -1,
      37, 51, 40, -1,
      37, 40, 126, -1,
      126, 40, 201, -1,
      126, 201, 195, -1,
      195, 201, 208, -1,
      195, 208, 196, -1,
      193, 209, 160, -1,
      160, 209, 210, -1,
      160, 210, 161, -1,
      161, 210, 211, -1,
      161, 211, 198, -1,
      205, 212, 177, -1,
      177, 212, 213, -1,
      177, 213, 178, -1,
      214, 215, 192, -1,
      192, 215, 216, -1,
      192, 216, 193, -1,
      214, 217, 215, -1,
      215, 217, 218, -1,
      215, 218, 219, -1,
      219, 218, 220, -1,
      219, 221, 222, -1,
      220, 223, 219, -1,
      219, 223, 224, -1,
      219, 224, 225, -1,
      225, 226, 219, -1,
      219, 226, 227, -1,
      219, 227, 221, -1,
      222, 228, 219, -1,
      219, 228, 229, -1,
      219, 229, 230, -1,
      9, 11, 231, -1,
      231, 11, 232, -1,
      231, 232, 233, -1,
      233, 232, 13, -1,
      13, 232, 103, -1,
      13, 103, 14, -1,
      14, 103, 105, -1,
      14, 105, 17, -1,
      17, 105, 234, -1,
      17, 234, 111, -1,
      235, 236, 237, -1,
      237, 236, 232, -1,
      237, 232, 167, -1,
      167, 232, 11, -1,
      167, 11, 163, -1,
      163, 11, 10, -1,
      163, 10, 162, -1,
      238, 239, 240, -1,
      240, 239, 241, -1,
      240, 241, 242, -1,
      243, 244, 245, -1,
      245, 244, 240, -1,
      245, 240, 246, -1,
      246, 240, 247, -1,
      242, 248, 240, -1,
      240, 248, 249, -1,
      240, 249, 247, -1,
      250, 251, 252, -1,
      252, 251, 253, -1,
      253, 251, 254, -1,
      253, 254, 255, -1,
      250, 252, 256, -1,
      256, 252, 257, -1,
      256, 257, 258, -1,
      257, 259, 260, -1,
      260, 261, 257, -1,
      257, 261, 262, -1,
      257, 262, 263, -1,
      257, 264, 258, -1,
      258, 264, 265, -1,
      258, 265, 266, -1,
      266, 265, 267, -1,
      266, 267, 268, -1,
      263, 269, 257, -1,
      257, 269, 270, -1,
      257, 270, 264, -1,
      271, 272, 273, -1,
      273, 272, 274, -1,
      273, 274, 275, -1,
      275, 276, 273, -1,
      273, 276, 277, -1,
      273, 277, 259, -1,
      259, 277, 278, -1,
      259, 278, 260, -1,
      279, 271, 280, -1,
      280, 271, 273, -1,
      280, 273, 281, -1,
      281, 273, 282, -1,
      283, 284, 285, -1,
      284, 286, 285, -1,
      285, 286, 287, -1,
      285, 287, 288, -1,
      288, 287, 289, -1,
      288, 289, 290, -1,
      290, 289, 291, -1,
      290, 291, 273, -1,
      273, 291, 292, -1,
      273, 292, 282, -1,
      293, 294, 295, -1,
      294, 296, 295, -1,
      295, 296, 297, -1,
      295, 297, 298, -1,
      299, 300, 301, -1,
      302, 303, 304, -1,
      304, 303, 305, -1,
      299, 301, 306, -1,
      307, 308, 309, -1,
      310, 311, 303, -1,
      303, 311, 312, -1,
      303, 312, 313, -1,
      243, 314, 244, -1,
      244, 314, 315, -1,
      244, 315, 309, -1,
      309, 315, 316, -1,
      309, 316, 307, -1,
      300, 317, 301, -1,
      301, 317, 318, -1,
      301, 318, 319, -1,
      320, 321, 322, -1,
      322, 321, 323, -1,
      322, 323, 324, -1,
      325, 313, 326, -1,
      326, 313, 327, -1,
      326, 327, 322, -1,
      322, 327, 328, -1,
      322, 328, 320, -1,
      325, 329, 313, -1,
      313, 329, 330, -1,
      313, 330, 303, -1,
      303, 330, 331, -1,
      303, 331, 305, -1,
      308, 332, 309, -1,
      309, 332, 333, -1,
      309, 333, 334, -1,
      335, 336, 337, -1,
      337, 336, 338, -1,
      337, 338, 301, -1,
      301, 338, 339, -1,
      301, 339, 306, -1,
      340, 341, 301, -1,
      301, 341, 342, -1,
      301, 342, 303, -1,
      303, 342, 343, -1,
      303, 343, 310, -1,
      344, 345, 293, -1,
      345, 346, 293, -1,
      293, 346, 347, -1,
      293, 347, 348, -1,
      348, 349, 293, -1,
      293, 349, 350, -1,
      293, 350, 351, -1,
      351, 350, 335, -1,
      351, 335, 352, -1,
      352, 335, 337, -1,
      319, 353, 301, -1,
      301, 353, 354, -1,
      301, 354, 355, -1,
      355, 356, 301, -1,
      301, 356, 357, -1,
      301, 357, 340, -1,
      358, 359, 360, -1,
      359, 361, 360, -1,
      360, 361, 362, -1,
      360, 362, 363, -1,
      312, 360, 313, -1,
      313, 360, 364, -1,
      313, 364, 365, -1,
      366, 367, 368, -1,
      368, 367, 369, -1,
      368, 369, 370, -1,
      366, 368, 312, -1,
      312, 368, 371, -1,
      312, 371, 360, -1,
      360, 371, 372, -1,
      360, 372, 358, -1,
      373, 374, 375, -1,
      375, 374, 376, -1,
      375, 376, 377, -1,
      363, 362, 378, -1,
      378, 362, 379, -1,
      378, 379, 380, -1,
      380, 379, 381, -1,
      380, 381, 382, -1,
      365, 383, 313, -1,
      313, 383, 375, -1,
      313, 375, 384, -1,
      384, 375, 377, -1,
      385, 386, 387, -1,
      387, 386, 388, -1,
      389, 390, 387, -1,
      387, 390, 391, -1,
      388, 392, 387, -1,
      387, 392, 393, -1,
      387, 393, 389, -1,
      394, 395, 5, -1,
      5, 395, 396, -1,
      5, 396, 397, -1,
      28, 26, 29, -1,
      29, 26, 387, -1,
      29, 387, 5, -1,
      5, 387, 391, -1,
      5, 391, 394, -1,
      398, 399, 385, -1,
      385, 399, 400, -1,
      385, 400, 386, -1,
      7, 401, 8, -1,
      8, 401, 402, -1,
      8, 402, 91, -1,
      91, 402, 403, -1,
      91, 403, 398, -1,
      398, 403, 404, -1,
      398, 404, 399, -1,
      405, 406, 407, -1,
      407, 406, 408, -1,
      409, 407, 21, -1,
      5, 4, 21, -1,
      21, 4, 410, -1,
      21, 410, 409, -1,
      411, 412, 413, -1,
      413, 412, 414, -1,
      413, 414, 415, -1,
      416, 417, 418, -1,
      418, 417, 419, -1,
      418, 419, 409, -1,
      409, 419, 420, -1,
      409, 420, 407, -1,
      407, 420, 415, -1,
      407, 415, 405, -1,
      405, 415, 414, -1,
      406, 421, 408, -1,
      408, 421, 422, -1,
      408, 422, 87, -1,
      87, 422, 3, -1,
      87, 3, 8, -1,
      8, 3, 5, -1,
      8, 5, 6, -1,
      6, 5, 397, -1,
      423, 424, 398, -1,
      398, 424, 425, -1,
      426, 427, 428, -1,
      428, 427, 429, -1,
      428, 429, 430, -1,
      430, 429, 431, -1,
      432, 433, 434, -1,
      434, 433, 435, -1,
      434, 435, 425, -1,
      425, 435, 436, -1,
      425, 436, 398, -1,
      436, 430, 398, -1,
      398, 430, 431, -1,
      398, 431, 91, -1,
      91, 431, 437, -1,
      91, 437, 96, -1,
      96, 437, 438, -1,
      96, 438, 37, -1,
      37, 438, 439, -1,
      37, 439, 32, -1,
      32, 439, 440, -1,
      32, 440, 423, -1,
      423, 440, 441, -1,
      423, 441, 424, -1,
      442, 252, 443, -1,
      443, 252, 253, -1,
      443, 253, 444, -1,
      444, 253, 445, -1,
      444, 445, 446, -1,
      446, 445, 447, -1,
      446, 447, 448, -1,
      448, 447, 449, -1,
      448, 449, 450, -1,
      450, 449, 451, -1,
      450, 451, 452, -1,
      452, 451, 453, -1,
      452, 453, 454, -1,
      454, 453, 455, -1,
      454, 455, 456, -1,
      456, 455, 457, -1,
      456, 457, 458, -1,
      458, 457, 459, -1,
      458, 459, 460, -1,
      460, 459, 461, -1,
      462, 252, 463, -1,
      463, 252, 464, -1,
      465, 466, 442, -1,
      442, 466, 467, -1,
      442, 467, 252, -1,
      252, 467, 468, -1,
      252, 468, 464, -1,
      469, 470, 471, -1,
      471, 470, 472, -1,
      471, 472, 473, -1,
      473, 472, 474, -1,
      473, 474, 475, -1,
      462, 476, 471, -1,
      476, 477, 471, -1,
      471, 477, 478, -1,
      471, 478, 469, -1,
      475, 479, 473, -1,
      473, 479, 480, -1,
      473, 480, 481, -1,
      481, 482, 473, -1,
      473, 482, 483, -1,
      473, 483, 442, -1,
      442, 483, 484, -1,
      442, 484, 485, -1,
      485, 486, 442, -1,
      442, 486, 487, -1,
      442, 487, 465, -1,
      488, 489, 447, -1,
      447, 489, 33, -1,
      447, 33, 449, -1,
      449, 33, 32, -1,
      449, 32, 451, -1,
      451, 32, 423, -1,
      451, 423, 453, -1,
      453, 423, 398, -1,
      453, 398, 455, -1,
      455, 398, 385, -1,
      455, 385, 457, -1,
      457, 385, 387, -1,
      457, 387, 459, -1,
      459, 387, 26, -1,
      459, 26, 461, -1,
      461, 26, 25, -1,
      255, 238, 253, -1,
      253, 238, 240, -1,
      253, 240, 445, -1,
      445, 240, 79, -1,
      445, 79, 447, -1,
      447, 79, 70, -1,
      447, 70, 488, -1,
      488, 70, 75, -1,
      490, 491, 240, -1,
      240, 491, 0, -1,
      240, 0, 79, -1,
      79, 0, 2, -1,
      79, 2, 78, -1,
      78, 2, 492, -1,
      78, 492, 244, -1,
      244, 492, 490, -1,
      244, 490, 240, -1,
      493, 494, 407, -1,
      495, 496, 497, -1,
      498, 499, 494, -1,
      21, 500, 501, -1,
      497, 493, 495, -1,
      495, 493, 407, -1,
      495, 407, 502, -1,
      502, 407, 503, -1,
      502, 503, 501, -1,
      501, 503, 24, -1,
      501, 24, 21, -1,
      21, 24, 23, -1,
      21, 23, 20, -1,
      499, 504, 494, -1,
      494, 504, 505, -1,
      494, 505, 506, -1,
      507, 21, 508, -1,
      508, 21, 407, -1,
      508, 407, 509, -1,
      509, 407, 494, -1,
      509, 494, 510, -1,
      510, 494, 506, -1,
      498, 494, 511, -1,
      511, 494, 500, -1,
      511, 500, 512, -1,
      513, 514, 500, -1,
      500, 514, 515, -1,
      500, 515, 512, -1,
      507, 516, 21, -1,
      21, 516, 517, -1,
      21, 517, 500, -1,
      500, 517, 518, -1,
      500, 518, 513, -1,
      78, 519, 40, -1,
      40, 519, 168, -1,
      40, 168, 183, -1,
      183, 168, 170, -1,
      78, 520, 521, -1,
      522, 523, 524, -1,
      524, 523, 525, -1,
      524, 525, 526, -1,
      520, 78, 527, -1,
      527, 78, 244, -1,
      527, 244, 528, -1,
      528, 244, 309, -1,
      528, 309, 519, -1,
      529, 530, 521, -1,
      521, 530, 526, -1,
      521, 526, 78, -1,
      78, 526, 525, -1,
      78, 525, 519, -1,
      519, 525, 531, -1,
      519, 531, 528, -1,
      86, 117, 87, -1,
      87, 117, 116, -1,
      87, 116, 408, -1,
      408, 116, 532, -1,
      408, 532, 407, -1,
      407, 532, 533, -1,
      407, 533, 503, -1,
      503, 533, 534, -1,
      235, 173, 236, -1,
      236, 173, 168, -1,
      236, 168, 535, -1,
      535, 168, 519, -1,
      535, 519, 295, -1,
      295, 519, 309, -1,
      295, 309, 293, -1,
      293, 309, 334, -1,
      293, 334, 344, -1,
      298, 283, 295, -1,
      295, 283, 285, -1,
      295, 285, 535, -1,
      535, 285, 536, -1,
      535, 536, 236, -1,
      236, 536, 537, -1,
      236, 537, 232, -1,
      232, 537, 538, -1,
      232, 538, 103, -1,
      103, 538, 539, -1,
      103, 539, 108, -1,
      108, 539, 540, -1,
      108, 540, 116, -1,
      116, 540, 541, -1,
      116, 541, 532, -1,
      532, 541, 542, -1,
      532, 542, 533, -1,
      533, 542, 543, -1,
      533, 543, 534, -1,
      534, 543, 544, -1,
      462, 471, 252, -1,
      252, 471, 545, -1,
      252, 545, 257, -1,
      257, 545, 546, -1,
      257, 546, 259, -1,
      259, 546, 547, -1,
      259, 547, 273, -1,
      273, 547, 548, -1,
      273, 548, 290, -1,
      290, 548, 549, -1,
      290, 549, 288, -1,
      550, 551, 552, -1,
      553, 554, 555, -1,
      552, 556, 550, -1,
      550, 556, 553, -1,
      550, 553, 557, -1,
      557, 553, 555, -1,
      558, 559, 560, -1,
      561, 562, 563, -1,
      560, 564, 558, -1,
      558, 564, 561, -1,
      558, 561, 565, -1,
      565, 561, 563, -1,
      566, 567, 568, -1,
      569, 570, 571, -1,
      568, 572, 566, -1,
      566, 572, 569, -1,
      566, 569, 573, -1,
      573, 569, 571, -1,
      574, 575, 576, -1,
      577, 578, 579, -1,
      580, 581, 582, -1,
      582, 581, 583, -1,
      584, 585, 586, -1,
      587, 588, 589, -1,
      589, 588, 590, -1,
      589, 590, 591, -1,
      592, 593, 594, -1,
      595, 596, 579, -1,
      597, 598, 599, -1,
      600, 601, 576, -1,
      576, 601, 602, -1,
      576, 602, 574, -1,
      603, 604, 605, -1,
      596, 606, 579, -1,
      579, 606, 607, -1,
      579, 607, 577, -1,
      608, 586, 609, -1,
      609, 586, 585, -1,
      609, 585, 610, -1,
      610, 585, 611, -1,
      579, 612, 595, -1,
      595, 612, 613, -1,
      595, 613, 614, -1,
      614, 613, 615, -1,
      614, 615, 616, -1,
      617, 618, 619, -1,
      620, 621, 622, -1,
      622, 621, 623, -1,
      622, 623, 624, -1,
      625, 626, 627, -1,
      628, 629, 630, -1,
      631, 632, 633, -1,
      633, 632, 634, -1,
      633, 634, 624, -1,
      624, 634, 635, -1,
      624, 635, 622, -1,
      625, 627, 636, -1,
      636, 627, 637, -1,
      636, 637, 619, -1,
      619, 637, 638, -1,
      619, 638, 617, -1,
      639, 640, 641, -1,
      642, 643, 644, -1,
      644, 643, 645, -1,
      644, 645, 646, -1,
      646, 645, 600, -1,
      646, 600, 647, -1,
      647, 600, 576, -1,
      648, 616, 649, -1,
      650, 651, 652, -1,
      652, 651, 653, -1,
      652, 653, 654, -1,
      654, 653, 655, -1,
      654, 655, 630, -1,
      630, 655, 656, -1,
      630, 656, 628, -1,
      657, 658, 659, -1,
      659, 658, 660, -1,
      659, 660, 661, -1,
      605, 662, 603, -1,
      603, 662, 648, -1,
      603, 648, 663, -1,
      663, 648, 649, -1,
      599, 592, 597, -1,
      597, 592, 594, -1,
      597, 594, 664, -1,
      664, 594, 665, -1,
      664, 665, 666, -1,
      667, 668, 669, -1,
      669, 668, 670, -1,
      669, 670, 671, -1,
      660, 672, 661, -1,
      661, 672, 673, -1,
      661, 673, 641, -1,
      641, 673, 674, -1,
      641, 674, 639, -1,
      615, 675, 616, -1,
      616, 675, 676, -1,
      616, 676, 649, -1,
      649, 676, 677, -1,
      649, 677, 678, -1,
      679, 680, 681, -1,
      666, 682, 664, -1,
      664, 682, 683, -1,
      664, 683, 684, -1,
      684, 683, 685, -1,
      684, 685, 686, -1,
      685, 687, 686, -1,
      686, 687, 688, -1,
      686, 688, 689, -1,
      689, 688, 690, -1,
      689, 690, 691, -1,
      691, 690, 692, -1,
      691, 692, 693, -1,
      693, 692, 694, -1,
      693, 694, 671, -1,
      626, 625, 669, -1,
      669, 625, 695, -1,
      669, 695, 667, -1,
      696, 697, 698, -1,
      698, 699, 696, -1,
      696, 699, 700, -1,
      696, 700, 701, -1,
      702, 703, 679, -1,
      679, 703, 704, -1,
      679, 704, 680, -1,
      705, 706, 707, -1,
      707, 706, 708, -1,
      707, 708, 702, -1,
      702, 708, 709, -1,
      702, 709, 703, -1,
      710, 711, 652, -1,
      652, 711, 712, -1,
      713, 714, 715, -1,
      714, 713, 716, -1,
      716, 713, 717, -1,
      716, 717, 633, -1,
      633, 717, 718, -1,
      633, 718, 631, -1,
      719, 720, 721, -1,
      721, 720, 722, -1,
      721, 722, 723, -1,
      723, 722, 724, -1,
      723, 724, 725, -1,
      726, 727, 728, -1,
      681, 729, 679, -1,
      679, 729, 710, -1,
      679, 710, 730, -1,
      730, 710, 652, -1,
      730, 652, 731, -1,
      732, 712, 670, -1,
      670, 712, 733, -1,
      670, 733, 671, -1,
      671, 733, 734, -1,
      671, 734, 693, -1,
      735, 736, 737, -1,
      737, 736, 738, -1,
      737, 738, 739, -1,
      739, 740, 737, -1,
      737, 740, 741, -1,
      737, 741, 678, -1,
      678, 741, 742, -1,
      678, 742, 649, -1,
      715, 735, 713, -1,
      713, 735, 737, -1,
      713, 737, 743, -1,
      743, 737, 744, -1,
      743, 744, 725, -1,
      725, 744, 745, -1,
      725, 745, 723, -1,
      723, 745, 746, -1,
      723, 746, 659, -1,
      659, 746, 747, -1,
      659, 747, 657, -1,
      748, 749, 750, -1,
      750, 749, 751, -1,
      750, 751, 752, -1,
      732, 753, 712, -1,
      712, 753, 754, -1,
      712, 754, 652, -1,
      652, 754, 755, -1,
      652, 755, 650, -1,
      728, 756, 582, -1,
      582, 756, 757, -1,
      758, 759, 760, -1,
      760, 759, 761, -1,
      760, 761, 762, -1,
      697, 696, 750, -1,
      750, 696, 763, -1,
      750, 763, 748, -1,
      719, 750, 720, -1,
      720, 750, 752, -1,
      720, 752, 644, -1,
      644, 752, 764, -1,
      644, 764, 642, -1,
      726, 728, 765, -1,
      765, 728, 582, -1,
      765, 582, 766, -1,
      766, 582, 583, -1,
      766, 583, 767, -1,
      757, 768, 582, -1,
      582, 768, 769, -1,
      582, 769, 589, -1,
      589, 769, 770, -1,
      589, 770, 587, -1,
      731, 771, 730, -1,
      730, 771, 772, -1,
      730, 772, 760, -1,
      760, 772, 773, -1,
      760, 773, 758, -1,
      727, 774, 728, -1,
      728, 774, 775, -1,
      728, 775, 776, -1,
      777, 778, 760, -1,
      760, 778, 701, -1,
      778, 779, 701, -1,
      701, 779, 780, -1,
      701, 780, 781, -1,
      762, 782, 760, -1,
      760, 782, 783, -1,
      760, 783, 777, -1,
      777, 783, 784, -1,
      777, 784, 586, -1,
      586, 784, 785, -1,
      586, 785, 584, -1,
      781, 786, 701, -1,
      701, 786, 787, -1,
      701, 787, 696, -1,
      696, 787, 788, -1,
      788, 789, 696, -1,
      696, 789, 790, -1,
      696, 790, 776, -1,
      776, 790, 791, -1,
      776, 791, 728, -1,
      792, 793, 473, -1,
      794, 706, 705, -1,
      705, 792, 794, -1,
      794, 792, 473, -1,
      794, 473, 795, -1,
      795, 473, 460, -1,
      795, 460, 664, -1,
      664, 460, 597, -1,
      612, 579, 796, -1,
      796, 579, 473, -1,
      796, 473, 797, -1,
      797, 473, 793, -1,
      797, 793, 639, -1,
      639, 793, 640, -1,
    ]
  }
}

Shape {
  appearance Appearance {
    material Material {
      diffuseColor 0.8275 0.6667 0.1294
      specularColor 0.8275 0.6667 0.1294
      ambientIntensity 0.2
      transparency 0.0000
      shininess 0.5
    }
  }
  geometry IndexedFaceSet {
    ccw TRUE
    solid FALSE
    coord DEF co Coordinate {
      point [
        0.669291 0.797244 0.000000,
        0.610236 0.797244 0.000000,
        0.669291 0.797244 -0.007874,
        0.610236 0.797244 -0.007874,
      ]
    }
    coordIndex [
      0, 2, 1, -1,
      1, 2, 3, -1,
    ]
  }
}

Shape {
  appearance Appearance {
    material Material {
      diffuseColor 0.2078 0.2078 0.2078
      specularColor 0.0157 0.0157 0.0157
      ambientIntensity 0.2
      transparency 0.0000
      shininess 0.5
    }
  }
  geometry IndexedFaceSet {
    ccw TRUE
    solid FALSE
    coord DEF co Coordinate {
      point [
        0.688976 -0.556915 0.000000,
        0.688976 -0.663557 0.000000,
        0.679557 -0.660531 0.000000,
        0.610236 -0.659449 0.000000,
        0.610236 -0.561024 0.000000,
        0.669291 -0.659449 0.000000,
        0.669291 -0.561024 0.000000,
        0.679557 -0.559941 0.000000,
        0.610236 -0.462598 0.000000,
        0.610236 -0.364173 0.000000,
        0.669291 -0.462598 0.000000,
        0.669291 -0.364173 0.000000,
        0.679557 -0.463681 0.000000,
        0.679557 -0.363091 0.000000,
        0.688976 -0.466707 0.000000,
        0.688976 -0.360065 0.000000,
        0.679557 -0.166240 0.000000,
        0.688976 -0.163214 0.000000,
        0.688976 -0.269857 0.000000,
        0.669291 -0.265748 0.000000,
        0.610236 -0.265748 0.000000,
        0.610236 -0.167323 0.000000,
        0.679557 -0.266831 0.000000,
        0.669291 -0.167323 0.000000,
      ]
    }
    coordIndex [
      0, 1, 2, -1,
      3, 4, 5, -1,
      5, 4, 6, -1,
      5, 6, 2, -1,
      2, 6, 7, -1,
      2, 7, 0, -1,
      8, 9, 10, -1,
      10, 9, 11, -1,
      10, 11, 12, -1,
      12, 11, 13, -1,
      12, 13, 14, -1,
      14, 13, 15, -1,
      16, 17, 18, -1,
      19, 20, 21, -1,
      18, 22, 16, -1,
      16, 22, 19, -1,
      16, 19, 23, -1,
      23, 19, 21, -1,
    ]
  }
}

Shape {
  appearance Appearance {
    material Material {
      diffuseColor 0.8275 0.6667 0.1294
      specularColor 0.8275 0.6667 0.1294
      ambientIntensity 0.2
      transparency 0.0000
      shininess 0.5
    }
  }
  geometry IndexedFaceSet {
    ccw TRUE
    solid FALSE
    coord DEF co Coordinate {
      point [
        0.610236 -0.757874 0.000000,
        0.669291 -0.757874 0.000000,
        0.610236 -0.068898 0.000000,
        0.669291 -0.068898 0.000000,
        0.610236 -0.659449 0.000000,
        0.610236 -0.561024 0.000000,
        0.669291 -0.659449 0.000000,
        0.669291 -0.561024 0.000000,
        0.610236 -0.462598 0.000000,
        0.610236 -0.364173 0.000000,
        0.669291 -0.462598 0.000000,
        0.669291 -0.364173 0.000000,
        0.669291 -0.265748 0.000000,
        0.610236 -0.265748 0.000000,
        0.610236 -0.167323 0.000000,
        0.669291 -0.167323 0.000000,
        0.669291 -0.068898 -0.007874,
        0.610236 -0.068898 -0.007874,
        0.669291 -0.167323 -0.007874,
        0.610236 -0.167323 -0.007874,
        0.669291 -0.265748 -0.007874,
        0.610236 -0.265748 -0.007874,
        0.669291 -0.364173 -0.007874,
        0.610236 -0.364173 -0.007874,
        0.669291 -0.462598 -0.007874,
        0.610236 -0.462598 -0.007874,
        0.669291 -0.561024 -0.007874,
        0.610236 -0.561024 -0.007874,
        0.669291 -0.659449 -0.007874,
        0.610236 -0.659449 -0.007874,
        0.669291 -0.757874 -0.007874,
        0.610236 -0.757874 -0.007874,
      ]
    }
    coordIndex [
      3, 16, 2, -1,
      2, 16, 17, -1,
      18, 15, 19, -1,
      19, 15, 14, -1,
      12, 20, 13, -1,
      13, 20, 21, -1,
      22, 11, 23, -1,
      23, 11, 9, -1,
      10, 24, 8, -1,
      8, 24, 25, -1,
      26, 7, 27, -1,
      27, 7, 5, -1,
      6, 28, 4, -1,
      4, 28, 29, -1,
      30, 1, 31, -1,
      31, 1, 0, -1,
    ]
  }
}

Shape {
  appearance Appearance {
    material Material {
      diffuseColor 0.2078 0.2078 0.2078
      specularColor 0.0157 0.0157 0.0157
      ambientIntensity 0.2
      transparency 0.0000
      shininess 0.5
    }
  }
  geometry IndexedFaceSet {
    ccw TRUE
    solid FALSE
    coord DEF co Coordinate {
      point [
        0.688976 0.885827 0.779528,
        -0.688976 0.885827 0.779528,
        0.688976 -0.885827 0.779528,
        -0.688976 -0.885827 0.779528,
        -0.688976 -0.663557 0.000000,
        -0.688976 -0.556915 0.000000,
        -0.688976 -0.466707 0.000000,
        -0.688976 -0.360065 0.000000,
        -0.688976 -0.269857 0.000000,
        -0.688976 -0.163214 0.000000,
        -0.688976 -0.073006 0.000000,
        -0.688976 0.210802 0.000000,
        -0.688976 0.793135 0.000000,
        -0.688976 0.885827 0.000000,
        -0.688976 -0.753765 0.000000,
        -0.688976 -0.885827 0.000000,
        0.688976 0.210802 0.000000,
        0.688976 -0.885827 0.000000,
        0.688976 -0.753765 0.000000,
        0.688976 0.885827 0.000000,
        0.688976 0.793135 0.000000,
        -0.688976 0.497860 0.000000,
        -0.688976 0.702928 0.000000,
        0.688976 -0.073006 0.000000,
        0.688976 0.702928 0.000000,
        0.688976 0.497860 0.000000,
        -0.688976 0.301009 0.000000,
        -0.688976 0.407652 0.000000,
        0.688976 0.407652 0.000000,
        0.688976 0.301009 0.000000,
        0.688976 -0.556915 0.000000,
        0.688976 -0.663557 0.000000,
        0.688976 -0.466707 0.000000,
        0.688976 -0.360065 0.000000,
        0.688976 -0.163214 0.000000,
        0.688976 -0.269857 0.000000,
        0.688976 0.497860 0.070866,
        0.688976 -0.073006 0.070866,
        0.688976 0.793135 0.070866,
        0.688976 0.702928 0.070866,
        0.688976 -0.663557 0.070866,
        0.688976 -0.753765 0.070866,
        0.688976 0.301009 0.070866,
        0.688976 0.407652 0.070866,
        0.688976 -0.556915 0.070866,
        0.688976 -0.466707 0.070866,
        0.688976 -0.360065 0.070866,
        0.688976 -0.269857 0.070866,
        0.688976 0.210802 0.070866,
        0.688976 -0.163214 0.070866,
        -0.688976 -0.556915 0.070866,
        -0.688976 0.793135 0.070866,
        -0.688976 0.702928 0.070866,
        -0.688976 0.407652 0.070866,
        -0.688976 -0.753765 0.070866,
        -0.688976 -0.663557 0.070866,
        -0.688976 0.301009 0.070866,
        -0.688976 0.210802 0.070866,
        -0.688976 0.497860 0.070866,
        -0.688976 -0.163214 0.070866,
        -0.688976 -0.269857 0.070866,
        -0.688976 -0.360065 0.070866,
        -0.688976 -0.073006 0.070866,
        -0.688976 -0.466707 0.070866,
      ]
    }
    coordIndex [
      36, 25, 24, -1,
      37, 23, 16, -1,
      20, 19, 38, -1,
      38, 19, 0, -1,
      38, 0, 39, -1,
      40, 2, 41, -1,
      41, 2, 17, -1,
      41, 17, 18, -1,
      29, 28, 42, -1,
      42, 28, 43, -1,
      31, 30, 40, -1,
      40, 30, 44, -1,
      40, 44, 2, -1,
      2, 44, 45, -1,
      32, 33, 45, -1,
      45, 33, 46, -1,
      45, 46, 2, -1,
      2, 46, 47, -1,
      16, 48, 37, -1,
      37, 48, 2, -1,
      37, 2, 49, -1,
      49, 2, 47, -1,
      49, 47, 34, -1,
      34, 47, 35, -1,
      24, 39, 36, -1,
      36, 39, 0, -1,
      36, 0, 43, -1,
      43, 0, 2, -1,
      43, 2, 42, -1,
      42, 2, 48, -1,
      50, 5, 4, -1,
      13, 12, 51, -1,
      52, 3, 51, -1,
      51, 3, 1, -1,
      51, 1, 13, -1,
      53, 27, 26, -1,
      14, 15, 54, -1,
      54, 15, 3, -1,
      54, 3, 55, -1,
      56, 57, 3, -1,
      26, 56, 53, -1,
      53, 56, 3, -1,
      53, 3, 58, -1,
      58, 3, 52, -1,
      58, 52, 21, -1,
      21, 52, 22, -1,
      59, 9, 8, -1,
      60, 61, 3, -1,
      8, 60, 59, -1,
      59, 60, 3, -1,
      59, 3, 62, -1,
      62, 3, 57, -1,
      62, 57, 10, -1,
      10, 57, 11, -1,
      4, 55, 50, -1,
      50, 55, 3, -1,
      50, 3, 63, -1,
      63, 3, 61, -1,
      63, 61, 6, -1,
      6, 61, 7, -1,
      2, 3, 17, -1,
      17, 3, 15, -1,
    ]
  }
}

Shape {
  appearance Appearance {
    material Material {
      diffuseColor 0.3490 0.3490 0.3490
      specularColor 0.0235 0.0235 0.0235
      ambientIntensity 0.2
      transparency 0.0000
      shininess 0.5
    }
  }
  geometry IndexedFaceSet {
    ccw TRUE
    solid FALSE
    coord DEF co Coordinate {
      point [
        -0.517048 0.702612 0.779528,
        -0.505739 0.707297 0.779528,
        -0.496027 0.714749 0.779528,
        -0.483890 0.760044 0.779528,
        -0.482292 0.747907 0.779528,
        -0.483890 0.735770 0.779528,
        -0.488575 0.724461 0.779528,
        -0.562344 0.714749 0.779528,
        -0.569796 0.724461 0.779528,
        -0.574480 0.735770 0.779528,
        -0.576078 0.747907 0.779528,
        -0.574480 0.760044 0.779528,
        -0.529185 0.701014 0.779528,
        -0.541322 0.702612 0.779528,
        -0.552632 0.707297 0.779528,
        -0.569796 0.771354 0.779528,
        -0.562344 0.781066 0.779528,
        -0.552632 0.788518 0.779528,
        -0.541322 0.793202 0.779528,
        -0.529185 0.794800 0.779528,
        -0.517048 0.793202 0.779528,
        -0.505739 0.788518 0.779528,
        -0.496027 0.781066 0.779528,
        -0.488575 0.771354 0.779528,
        -0.576078 0.747907 0.771654,
        -0.574480 0.735770 0.771654,
        -0.569796 0.724461 0.771654,
        -0.562344 0.714749 0.771654,
        -0.552632 0.707297 0.771654,
        -0.541322 0.702612 0.771654,
        -0.529185 0.701014 0.771654,
        -0.517048 0.702612 0.771654,
        -0.505739 0.707297 0.771654,
        -0.496027 0.714749 0.771654,
        -0.488575 0.724461 0.771654,
        -0.483890 0.735770 0.771654,
        -0.482292 0.747907 0.771654,
        -0.483890 0.760044 0.771654,
        -0.488575 0.771354 0.771654,
        -0.496027 0.781066 0.771654,
        -0.505739 0.788518 0.771654,
        -0.517048 0.793202 0.771654,
        -0.529185 0.794800 0.771654,
        -0.541322 0.793202 0.771654,
        -0.552632 0.788518 0.771654,
        -0.562344 0.781066 0.771654,
        -0.569796 0.771354 0.771654,
        -0.574480 0.760044 0.771654,
        -0.529185 0.747907 0.771654,
      ]
    }
    coordIndex [
      24, 10, 25, -1,
      25, 10, 9, -1,
      25, 9, 26, -1,
      26, 9, 8, -1,
      26, 8, 27, -1,
      27, 8, 7, -1,
      27, 7, 28, -1,
      28, 7, 14, -1,
      28, 14, 29, -1,
      29, 14, 13, -1,
      29, 13, 30, -1,
      30, 13, 12, -1,
      30, 12, 31, -1,
      31, 12, 0, -1,
      31, 0, 32, -1,
      32, 0, 1, -1,
      32, 1, 33, -1,
      33, 1, 2, -1,
      33, 2, 34, -1,
      34, 2, 6, -1,
      34, 6, 35, -1,
      35, 6, 5, -1,
      35, 5, 36, -1,
      36, 5, 4, -1,
      36, 4, 37, -1,
      37, 4, 3, -1,
      37, 3, 38, -1,
      38, 3, 23, -1,
      38, 23, 39, -1,
      39, 23, 22, -1,
      39, 22, 40, -1,
      40, 22, 21, -1,
      40, 21, 41, -1,
      41, 21, 20, -1,
      41, 20, 42, -1,
      42, 20, 19, -1,
      42, 19, 43, -1,
      43, 19, 18, -1,
      43, 18, 44, -1,
      44, 18, 17, -1,
      44, 17, 45, -1,
      45, 17, 16, -1,
      45, 16, 46, -1,
      46, 16, 15, -1,
      46, 15, 47, -1,
      47, 15, 11, -1,
      47, 11, 24, -1,
      24, 11, 10, -1,
      46, 47, 48, -1,
      48, 47, 24, -1,
      48, 24, 25, -1,
      43, 44, 48, -1,
      48, 44, 45, -1,
      48, 45, 46, -1,
      40, 41, 48, -1,
      48, 41, 42, -1,
      48, 42, 43, -1,
      37, 38, 48, -1,
      48, 38, 39, -1,
      48, 39, 40, -1,
      34, 35, 48, -1,
      48, 35, 36, -1,
      48, 36, 37, -1,
      31, 32, 48, -1,
      48, 32, 33, -1,
      48, 33, 34, -1,
      28, 29, 48, -1,
      48, 29, 30, -1,
      48, 30, 31, -1,
      25, 26, 48, -1,
      48, 26, 27, -1,
      48, 27, 28, -1,
    ]
  }
}

Shape {
  appearance Appearance {
    material Material {
      diffuseColor 0.8275 0.6667 0.1294
      specularColor 0.8275 0.6667 0.1294
      ambientIntensity 0.2
      transparency 0.0000
      shininess 0.5
    }
  }
  geometry IndexedFaceSet {
    ccw TRUE
    solid FALSE
    coord DEF co Coordinate {
      point [
        -0.679557 -0.660531 0.000000,
        -0.688976 -0.663557 0.000000,
        -0.688976 -0.556915 0.000000,
        -0.669291 -0.561024 0.000000,
        -0.610236 -0.561024 0.000000,
        -0.610236 -0.659449 0.000000,
        -0.679557 -0.559941 0.000000,
        -0.669291 -0.659449 0.000000,
        -0.679557 -0.463681 0.000000,
        -0.688976 -0.466707 0.000000,
        -0.688976 -0.360065 0.000000,
        -0.669291 -0.364173 0.000000,
        -0.610236 -0.364173 0.000000,
        -0.610236 -0.462598 0.000000,
        -0.679557 -0.363091 0.000000,
        -0.669291 -0.462598 0.000000,
        -0.679557 -0.266831 0.000000,
        -0.688976 -0.269857 0.000000,
        -0.688976 -0.163214 0.000000,
        -0.669291 -0.167323 0.000000,
        -0.610236 -0.167323 0.000000,
        -0.610236 -0.265748 0.000000,
        -0.679557 -0.166240 0.000000,
        -0.669291 -0.265748 0.000000,
        -0.679557 -0.069980 0.000000,
        -0.688976 -0.073006 0.000000,
        -0.688976 0.210802 0.000000,
        -0.679557 0.796162 0.000000,
        -0.688976 0.793135 0.000000,
        -0.688976 -0.753765 0.000000,
        -0.679557 -0.756792 0.000000,
        -0.669291 -0.757874 0.000000,
        0.679557 0.207776 0.000000,
        0.688976 0.210802 0.000000,
        0.610236 0.003937 0.000000,
        0.610236 -0.757874 0.000000,
        0.669291 -0.757874 0.000000,
        0.679557 -0.756792 0.000000,
        0.688976 -0.753765 0.000000,
        0.669291 0.797244 0.000000,
        0.610236 0.797244 0.000000,
        0.610236 0.846457 0.000000,
        -0.383858 0.846457 0.000000,
        -0.610236 0.846457 0.000000,
        0.688976 0.793135 0.000000,
        0.679557 0.796162 0.000000,
        -0.610236 0.003937 0.000000,
        -0.610236 -0.068898 0.000000,
        -0.669291 -0.068898 0.000000,
        -0.679557 0.500886 0.000000,
        -0.688976 0.497860 0.000000,
        -0.688976 0.702928 0.000000,
        -0.610236 0.797244 0.000000,
        -0.669291 0.797244 0.000000,
        0.610236 -0.068898 0.000000,
        0.669291 -0.068898 0.000000,
        0.679557 -0.069980 0.000000,
        0.688976 -0.073006 0.000000,
        -0.252528 0.885827 0.000000,
        -0.255019 0.876334 0.000000,
        -0.324803 0.787402 0.000000,
        -0.255906 0.866142 0.000000,
        -0.324803 0.698819 0.000000,
        0.688976 0.702928 0.000000,
        0.688976 0.497860 0.000000,
        0.679557 0.500886 0.000000,
        -0.688976 0.301009 0.000000,
        -0.688976 0.407652 0.000000,
        -0.679557 0.304035 0.000000,
        -0.679557 0.404626 0.000000,
        -0.669291 0.403543 0.000000,
        0.374016 0.501969 0.000000,
        0.339393 0.699490 0.000000,
        0.344488 0.698819 0.000000,
        0.688976 0.407652 0.000000,
        0.688976 0.301009 0.000000,
        0.679557 0.304035 0.000000,
        -0.352130 0.294093 0.000000,
        -0.362393 0.300955 0.000000,
        -0.374016 0.403543 0.000000,
        -0.374016 0.305118 0.000000,
        -0.669291 0.305118 0.000000,
        0.669291 0.501969 0.000000,
        0.669291 0.698819 0.000000,
        0.679557 0.699902 0.000000,
        -0.141173 0.885827 0.000000,
        -0.055678 0.885827 0.000000,
        -0.058169 0.876334 0.000000,
        -0.199454 0.000038 0.000000,
        -0.207775 0.002950 0.000000,
        -0.374016 0.206693 0.000000,
        -0.216535 0.003937 0.000000,
        -0.669291 0.206693 0.000000,
        -0.679557 0.207776 0.000000,
        -0.669291 0.698819 0.000000,
        -0.374016 0.501969 0.000000,
        0.352130 0.414569 0.000000,
        0.362393 0.407707 0.000000,
        0.374016 0.305118 0.000000,
        0.374016 0.403543 0.000000,
        0.669291 0.305118 0.000000,
        0.669291 0.403543 0.000000,
        0.679557 0.404626 0.000000,
        -0.155092 0.666903 0.000000,
        -0.145707 0.679134 0.000000,
        -0.059055 0.413386 0.000000,
        -0.139807 0.693377 0.000000,
        -0.059055 0.866142 0.000000,
        -0.679557 0.699902 0.000000,
        -0.669291 0.501969 0.000000,
        0.252528 0.885827 0.000000,
        0.344488 0.846457 0.000000,
        0.339393 0.845786 0.000000,
        0.352130 0.490943 0.000000,
        0.343842 0.481793 0.000000,
        0.334646 0.701456 0.000000,
        0.338024 0.470905 0.000000,
        0.330569 0.704585 0.000000,
        -0.137795 0.708661 0.000000,
        -0.137795 0.866142 0.000000,
        -0.138681 0.876334 0.000000,
        -0.255906 0.708661 0.000000,
        -0.253893 0.693377 0.000000,
        -0.247994 0.679134 0.000000,
        -0.238609 0.666903 0.000000,
        0.059055 0.413386 0.000000,
        0.145707 0.679134 0.000000,
        0.155092 0.666903 0.000000,
        0.334646 0.843819 0.000000,
        0.330569 0.840691 0.000000,
        0.255019 0.876334 0.000000,
        0.327441 0.836614 0.000000,
        0.255906 0.866142 0.000000,
        0.325474 0.831867 0.000000,
        0.324803 0.826772 0.000000,
        0.255906 0.708661 0.000000,
        0.324803 0.718504 0.000000,
        0.253893 0.693377 0.000000,
        0.325474 0.713409 0.000000,
        0.247994 0.679134 0.000000,
        0.327441 0.708661 0.000000,
        0.362393 0.497805 0.000000,
        -0.178152 -0.772540 0.000000,
        -0.015285 0.356343 0.000000,
        -0.000000 0.354331 0.000000,
        0.015285 0.356343 0.000000,
        0.029528 0.362243 0.000000,
        0.041758 0.371628 0.000000,
        0.059055 0.866142 0.000000,
        0.137795 0.708661 0.000000,
        0.139807 0.693377 0.000000,
        0.055678 0.885827 0.000000,
        0.141173 0.885827 0.000000,
        0.058169 0.876334 0.000000,
        0.138681 0.876334 0.000000,
        0.137795 0.866142 0.000000,
        0.181566 0.651619 0.000000,
        0.196850 0.649606 0.000000,
        0.212135 0.651619 0.000000,
        -0.335025 0.262078 0.000000,
        -0.352130 0.414569 0.000000,
        -0.343842 0.423719 0.000000,
        -0.362393 0.407707 0.000000,
        -0.338024 0.274054 0.000000,
        -0.343842 0.284943 0.000000,
        -0.041758 0.371628 0.000000,
        -0.362393 0.210857 0.000000,
        -0.051143 0.383858 0.000000,
        -0.352130 0.217719 0.000000,
        -0.057043 0.398101 0.000000,
        -0.343842 0.226868 0.000000,
        -0.338024 0.237757 0.000000,
        -0.207775 -0.802163 0.000000,
        -0.199454 -0.799251 0.000000,
        0.185755 -0.788326 0.000000,
        0.167323 0.657518 0.000000,
        0.057043 0.398101 0.000000,
        0.362393 0.300955 0.000000,
        0.335025 0.458929 0.000000,
        0.226378 0.657518 0.000000,
        0.238609 0.666903 0.000000,
        -0.338024 0.434607 0.000000,
        -0.335025 0.446583 0.000000,
        -0.226378 0.657518 0.000000,
        -0.335025 0.458929 0.000000,
        -0.338024 0.470905 0.000000,
        -0.343842 0.481793 0.000000,
        -0.352130 0.490943 0.000000,
        -0.362393 0.497805 0.000000,
        -0.335025 0.249733 0.000000,
        -0.212135 0.651619 0.000000,
        -0.196850 0.649606 0.000000,
        -0.181566 0.651619 0.000000,
        -0.167323 0.657518 0.000000,
        -0.177165 -0.035433 0.000000,
        -0.178152 -0.026672 0.000000,
        -0.029528 0.362243 0.000000,
        -0.181064 -0.018351 0.000000,
        -0.185755 -0.010886 0.000000,
        0.335025 0.446583 0.000000,
        0.338024 0.434607 0.000000,
        0.343842 0.423719 0.000000,
        0.191989 -0.794560 0.000000,
        0.199454 -0.799251 0.000000,
        0.335025 0.262078 0.000000,
        0.335025 0.249733 0.000000,
        0.051143 0.383858 0.000000,
        0.338024 0.237757 0.000000,
        0.343842 0.226868 0.000000,
        -0.177165 -0.763780 0.000000,
        -0.191989 -0.004652 0.000000,
        -0.216535 -0.803150 0.000000,
        -0.610236 -0.803150 0.000000,
        -0.610236 -0.757874 0.000000,
        0.207775 -0.802163 0.000000,
        0.216535 -0.803150 0.000000,
        0.610236 -0.803150 0.000000,
        0.352130 0.294093 0.000000,
        0.343842 0.284943 0.000000,
        0.338024 0.274054 0.000000,
        -0.191989 -0.794560 0.000000,
        -0.185755 -0.788326 0.000000,
        -0.181064 -0.780861 0.000000,
        0.216535 0.003937 0.000000,
        0.207775 0.002950 0.000000,
        0.199454 0.000038 0.000000,
        0.191989 -0.004652 0.000000,
        0.185755 -0.010886 0.000000,
        0.352130 0.217719 0.000000,
        0.362393 0.210857 0.000000,
        0.374016 0.206693 0.000000,
        0.669291 0.206693 0.000000,
        0.181064 -0.018351 0.000000,
        0.178152 -0.026672 0.000000,
        0.177165 -0.035433 0.000000,
        0.177165 -0.763780 0.000000,
        0.178152 -0.772540 0.000000,
        0.181064 -0.780861 0.000000,
        0.055678 0.885827 0.070866,
        -0.055678 0.885827 0.070866,
        0.141173 0.885827 0.070866,
        0.252528 0.885827 0.070866,
        -0.252528 0.885827 0.070866,
        -0.141173 0.885827 0.070866,
        0.669291 0.797244 -0.007874,
        0.610236 0.797244 -0.007874,
        0.688976 -0.556915 0.000000,
        0.688976 -0.663557 0.000000,
        0.679557 -0.660531 0.000000,
        0.610236 -0.659449 0.000000,
        0.610236 -0.561024 0.000000,
        0.669291 -0.659449 0.000000,
        0.669291 -0.561024 0.000000,
        0.679557 -0.559941 0.000000,
        0.610236 -0.462598 0.000000,
        0.610236 -0.364173 0.000000,
        0.669291 -0.462598 0.000000,
        0.669291 -0.364173 0.000000,
        0.679557 -0.463681 0.000000,
        0.679557 -0.363091 0.000000,
        0.688976 -0.466707 0.000000,
        0.688976 -0.360065 0.000000,
        0.679557 -0.166240 0.000000,
        0.688976 -0.163214 0.000000,
        0.688976 -0.269857 0.000000,
        0.669291 -0.265748 0.000000,
        0.610236 -0.265748 0.000000,
        0.610236 -0.167323 0.000000,
        0.679557 -0.266831 0.000000,
        0.669291 -0.167323 0.000000,
        0.669291 -0.068898 -0.007874,
        0.610236 -0.068898 -0.007874,
        0.669291 -0.167323 -0.007874,
        0.610236 -0.167323 -0.007874,
        0.669291 -0.265748 -0.007874,
        0.610236 -0.265748 -0.007874,
        0.669291 -0.364173 -0.007874,
        0.610236 -0.364173 -0.007874,
        0.669291 -0.462598 -0.007874,
        0.610236 -0.462598 -0.007874,
        0.669291 -0.561024 -0.007874,
        0.610236 -0.561024 -0.007874,
        0.669291 -0.659449 -0.007874,
        0.610236 -0.659449 -0.007874,
        0.669291 -0.757874 -0.007874,
        0.610236 -0.757874 -0.007874,
        0.688976 0.497860 0.070866,
        0.688976 -0.073006 0.070866,
        0.688976 0.793135 0.070866,
        0.688976 0.702928 0.070866,
        0.688976 -0.663557 0.070866,
        0.688976 -0.753765 0.070866,
        0.688976 0.301009 0.070866,
        0.688976 0.407652 0.070866,
        0.688976 -0.556915 0.070866,
        0.688976 -0.466707 0.070866,
        0.688976 -0.360065 0.070866,
        0.688976 -0.269857 0.070866,
        0.688976 0.210802 0.070866,
        0.688976 -0.163214 0.070866,
        -0.688976 -0.556915 0.070866,
        -0.688976 0.793135 0.070866,
        -0.688976 0.702928 0.070866,
        -0.688976 0.407652 0.070866,
        -0.688976 -0.753765 0.070866,
        -0.688976 -0.663557 0.070866,
        -0.688976 0.301009 0.070866,
        -0.688976 0.210802 0.070866,
        -0.688976 0.497860 0.070866,
        -0.688976 -0.163214 0.070866,
        -0.688976 -0.269857 0.070866,
        -0.688976 -0.360065 0.070866,
        -0.688976 -0.073006 0.070866,
        -0.688976 -0.466707 0.070866,
        0.252387 0.886220 0.070866,
        0.141313 0.886220 0.070866,
        0.255906 0.866142 -0.007874,
        0.255019 0.876334 -0.007874,
        0.252387 0.886220 -0.007874,
        0.141313 0.886220 -0.007874,
        0.138681 0.876334 -0.007874,
        0.137795 0.866142 -0.007874,
        0.137795 0.708661 -0.007874,
        0.139807 0.693377 -0.007874,
        0.145707 0.679134 -0.007874,
        0.155092 0.666903 -0.007874,
        0.167323 0.657518 -0.007874,
        0.181566 0.651619 -0.007874,
        0.196850 0.649606 -0.007874,
        0.212135 0.651619 -0.007874,
        0.226378 0.657518 -0.007874,
        0.238609 0.666903 -0.007874,
        0.247994 0.679134 -0.007874,
        0.253893 0.693377 -0.007874,
        0.255906 0.708661 -0.007874,
        0.055537 0.886220 0.070866,
        -0.055537 0.886220 0.070866,
        0.059055 0.866142 -0.007874,
        0.058169 0.876334 -0.007874,
        0.055537 0.886220 -0.007874,
        -0.055537 0.886220 -0.007874,
        -0.058169 0.876334 -0.007874,
        -0.059055 0.866142 -0.007874,
        -0.059055 0.413386 -0.007874,
        -0.057043 0.398101 -0.007874,
        -0.051143 0.383858 -0.007874,
        -0.041758 0.371628 -0.007874,
        -0.029528 0.362243 -0.007874,
        -0.015285 0.356343 -0.007874,
        -0.000000 0.354331 -0.007874,
        0.015285 0.356343 -0.007874,
        0.029528 0.362243 -0.007874,
        0.041758 0.371628 -0.007874,
        0.051143 0.383858 -0.007874,
        0.057043 0.398101 -0.007874,
        0.059055 0.413386 -0.007874,
        0.689370 -0.163041 0.070866,
        0.689370 -0.073180 0.070866,
        0.679557 -0.166240 -0.007874,
        0.689370 -0.163041 -0.007874,
        0.689370 -0.073180 -0.007874,
        0.679557 -0.069980 -0.007874,
        0.177165 -0.763780 -0.007874,
        0.177165 -0.035433 -0.007874,
        0.216535 -0.803150 -0.007874,
        0.178152 -0.772540 -0.007874,
        0.216535 0.003937 -0.007874,
        0.610236 0.003937 -0.007874,
        0.199454 -0.799251 -0.007874,
        0.191989 -0.794560 -0.007874,
        0.207775 -0.802163 -0.007874,
        0.185755 -0.788326 -0.007874,
        0.181064 -0.780861 -0.007874,
        0.679557 -0.266831 -0.007874,
        0.679557 -0.363091 -0.007874,
        0.689370 -0.270030 -0.007874,
        0.689370 -0.359891 -0.007874,
        0.689370 -0.663731 -0.007874,
        0.689370 -0.753592 -0.007874,
        0.679557 -0.660531 -0.007874,
        0.679557 -0.756792 -0.007874,
        0.610236 -0.803150 -0.007874,
        0.178152 -0.026672 -0.007874,
        0.185755 -0.010886 -0.007874,
        0.191989 -0.004652 -0.007874,
        0.199454 0.000038 -0.007874,
        0.689370 -0.466881 -0.007874,
        0.689370 -0.556741 -0.007874,
        0.679557 -0.463681 -0.007874,
        0.679557 -0.559941 -0.007874,
        0.181064 -0.018351 -0.007874,
        0.207775 0.002950 -0.007874,
        0.689370 -0.359891 0.070866,
        0.689370 -0.270030 0.070866,
        0.689370 -0.556741 0.070866,
        0.689370 -0.466881 0.070866,
        0.689370 -0.753592 0.070866,
        0.689370 -0.663731 0.070866,
        0.689370 0.407826 0.070866,
        0.689370 0.497686 0.070866,
        0.669291 0.403543 -0.007874,
        0.679557 0.404626 -0.007874,
        0.689370 0.407826 -0.007874,
        0.689370 0.497686 -0.007874,
        0.679557 0.500886 -0.007874,
        0.669291 0.501969 -0.007874,
        0.374016 0.501969 -0.007874,
        0.362393 0.497805 -0.007874,
        0.352130 0.490943 -0.007874,
        0.343842 0.481793 -0.007874,
        0.338024 0.470905 -0.007874,
        0.335025 0.458929 -0.007874,
        0.335025 0.446583 -0.007874,
        0.338024 0.434607 -0.007874,
        0.343842 0.423719 -0.007874,
        0.352130 0.414569 -0.007874,
        0.362393 0.407707 -0.007874,
        0.374016 0.403543 -0.007874,
        0.689370 0.210975 0.070866,
        0.689370 0.300836 0.070866,
        0.669291 0.206693 -0.007874,
        0.679557 0.207776 -0.007874,
        0.689370 0.210975 -0.007874,
        0.689370 0.300836 -0.007874,
        0.679557 0.304035 -0.007874,
        0.669291 0.305118 -0.007874,
        0.374016 0.305118 -0.007874,
        0.362393 0.300955 -0.007874,
        0.352130 0.294093 -0.007874,
        0.343842 0.284943 -0.007874,
        0.338024 0.274054 -0.007874,
        0.335025 0.262078 -0.007874,
        0.335025 0.249733 -0.007874,
        0.338024 0.237757 -0.007874,
        0.343842 0.226868 -0.007874,
        0.352130 0.217719 -0.007874,
        0.362393 0.210857 -0.007874,
        0.374016 0.206693 -0.007874,
        0.689370 0.703101 0.070866,
        0.689370 0.792962 0.070866,
        0.669291 0.698819 -0.007874,
        0.679557 0.699902 -0.007874,
        0.689370 0.703101 -0.007874,
        0.689370 0.792962 -0.007874,
        0.679557 0.796162 -0.007874,
        0.344488 0.698819 -0.007874,
        0.324803 0.718504 -0.007874,
        0.324803 0.826772 -0.007874,
        0.325474 0.713409 -0.007874,
        0.339393 0.699490 -0.007874,
        0.334646 0.701456 -0.007874,
        0.610236 0.846457 -0.007874,
        0.344488 0.846457 -0.007874,
        0.339393 0.845786 -0.007874,
        0.325474 0.831867 -0.007874,
        0.327441 0.836614 -0.007874,
        0.330569 0.840691 -0.007874,
        0.334646 0.843819 -0.007874,
        0.330569 0.704585 -0.007874,
        0.327441 0.708661 -0.007874,
        -0.141313 0.886220 0.070866,
        -0.252387 0.886220 0.070866,
        -0.255906 0.708661 -0.007874,
        -0.253893 0.693377 -0.007874,
        -0.247994 0.679134 -0.007874,
        -0.238609 0.666903 -0.007874,
        -0.226378 0.657518 -0.007874,
        -0.212135 0.651619 -0.007874,
        -0.196850 0.649606 -0.007874,
        -0.181566 0.651619 -0.007874,
        -0.167323 0.657518 -0.007874,
        -0.155092 0.666903 -0.007874,
        -0.145707 0.679134 -0.007874,
        -0.139807 0.693377 -0.007874,
        -0.137795 0.708661 -0.007874,
        -0.137795 0.866142 -0.007874,
        -0.138681 0.876334 -0.007874,
        -0.141313 0.886220 -0.007874,
        -0.252387 0.886220 -0.007874,
        -0.255019 0.876334 -0.007874,
        -0.255906 0.866142 -0.007874,
        -0.689370 -0.073180 0.070866,
        -0.689370 -0.163041 0.070866,
        -0.689370 -0.163041 -0.007874,
        -0.679557 -0.166240 -0.007874,
        -0.669291 -0.167323 -0.007874,
        -0.610236 -0.167323 -0.007874,
        -0.669291 -0.068898 -0.007874,
        -0.610236 -0.068898 -0.007874,
        -0.679557 -0.069980 -0.007874,
        -0.689370 -0.073180 -0.007874,
        -0.610236 0.003937 -0.007874,
        -0.216535 0.003937 -0.007874,
        -0.669291 -0.265748 -0.007874,
        -0.610236 -0.265748 -0.007874,
        -0.610236 -0.364173 -0.007874,
        -0.610236 -0.803150 -0.007874,
        -0.610236 -0.757874 -0.007874,
        -0.216535 -0.803150 -0.007874,
        -0.177165 -0.763780 -0.007874,
        -0.207775 -0.802163 -0.007874,
        -0.199454 -0.799251 -0.007874,
        -0.669291 -0.364173 -0.007874,
        -0.679557 -0.363091 -0.007874,
        -0.679557 -0.266831 -0.007874,
        -0.689370 -0.359891 -0.007874,
        -0.689370 -0.270030 -0.007874,
        -0.689370 -0.556741 -0.007874,
        -0.689370 -0.466881 -0.007874,
        -0.679557 -0.559941 -0.007874,
        -0.679557 -0.463681 -0.007874,
        -0.669291 -0.561024 -0.007874,
        -0.669291 -0.462598 -0.007874,
        -0.610236 -0.561024 -0.007874,
        -0.207775 0.002950 -0.007874,
        -0.199454 0.000038 -0.007874,
        -0.178152 -0.772540 -0.007874,
        -0.181064 -0.780861 -0.007874,
        -0.185755 -0.788326 -0.007874,
        -0.191989 -0.004652 -0.007874,
        -0.185755 -0.010886 -0.007874,
        -0.181064 -0.018351 -0.007874,
        -0.178152 -0.026672 -0.007874,
        -0.177165 -0.035433 -0.007874,
        -0.610236 -0.462598 -0.007874,
        -0.191989 -0.794560 -0.007874,
        -0.689370 -0.753592 -0.007874,
        -0.689370 -0.663731 -0.007874,
        -0.679557 -0.756792 -0.007874,
        -0.679557 -0.660531 -0.007874,
        -0.669291 -0.757874 -0.007874,
        -0.669291 -0.659449 -0.007874,
        -0.610236 -0.659449 -0.007874,
        -0.689370 -0.270030 0.070866,
        -0.689370 -0.359891 0.070866,
        -0.689370 -0.466881 0.070866,
        -0.689370 -0.556741 0.070866,
        -0.689370 -0.663731 0.070866,
        -0.689370 -0.753592 0.070866,
        -0.689370 0.497686 0.070866,
        -0.689370 0.407826 0.070866,
        -0.689370 0.407826 -0.007874,
        -0.679557 0.404626 -0.007874,
        -0.669291 0.403543 -0.007874,
        -0.374016 0.403543 -0.007874,
        -0.362393 0.407707 -0.007874,
        -0.352130 0.414569 -0.007874,
        -0.343842 0.423719 -0.007874,
        -0.338024 0.434607 -0.007874,
        -0.335025 0.446583 -0.007874,
        -0.335025 0.458929 -0.007874,
        -0.338024 0.470905 -0.007874,
        -0.343842 0.481793 -0.007874,
        -0.352130 0.490943 -0.007874,
        -0.362393 0.497805 -0.007874,
        -0.374016 0.501969 -0.007874,
        -0.669291 0.501969 -0.007874,
        -0.679557 0.500886 -0.007874,
        -0.689370 0.497686 -0.007874,
        -0.689370 0.300836 0.070866,
        -0.689370 0.210975 0.070866,
        -0.689370 0.210975 -0.007874,
        -0.679557 0.207776 -0.007874,
        -0.669291 0.206693 -0.007874,
        -0.374016 0.206693 -0.007874,
        -0.362393 0.210857 -0.007874,
        -0.352130 0.217719 -0.007874,
        -0.343842 0.226868 -0.007874,
        -0.338024 0.237757 -0.007874,
        -0.335025 0.249733 -0.007874,
        -0.335025 0.262078 -0.007874,
        -0.338024 0.274054 -0.007874,
        -0.343842 0.284943 -0.007874,
        -0.352130 0.294093 -0.007874,
        -0.362393 0.300955 -0.007874,
        -0.374016 0.305118 -0.007874,
        -0.669291 0.305118 -0.007874,
        -0.679557 0.304035 -0.007874,
        -0.689370 0.300836 -0.007874,
        -0.689370 0.792962 0.070866,
        -0.689370 0.703101 0.070866,
        -0.689370 0.703101 -0.007874,
        -0.679557 0.699902 -0.007874,
        -0.669291 0.698819 -0.007874,
        -0.324803 0.698819 -0.007874,
        -0.669291 0.797244 -0.007874,
        -0.610236 0.797244 -0.007874,
        -0.679557 0.796162 -0.007874,
        -0.689370 0.792962 -0.007874,
        -0.383858 0.846457 -0.007874,
        -0.324803 0.787402 -0.007874,
        -0.610236 0.846457 -0.007874,
      ]
    }
    coordIndex [
      241, 314, 240, -1,
      240, 314, 315, -1,
      316, 317, 132, -1,
      132, 317, 130, -1,
      314, 241, 110, -1,
      130, 317, 110, -1,
      110, 317, 318, -1,
      110, 318, 314, -1,
      240, 315, 152, -1,
      152, 315, 319, -1,
      152, 319, 154, -1,
      319, 320, 154, -1,
      154, 320, 321, -1,
      154, 321, 155, -1,
      149, 322, 323, -1,
      149, 323, 150, -1,
      150, 323, 324, -1,
      150, 324, 126, -1,
      126, 324, 325, -1,
      126, 325, 127, -1,
      127, 325, 326, -1,
      127, 326, 175, -1,
      175, 326, 327, -1,
      175, 327, 156, -1,
      156, 327, 328, -1,
      156, 328, 157, -1,
      157, 328, 329, -1,
      157, 329, 158, -1,
      158, 329, 330, -1,
      158, 330, 179, -1,
      179, 330, 331, -1,
      179, 331, 180, -1,
      180, 331, 332, -1,
      180, 332, 139, -1,
      139, 332, 333, -1,
      139, 333, 137, -1,
      137, 333, 334, -1,
      137, 334, 135, -1,
      135, 334, 132, -1,
      132, 334, 316, -1,
      315, 314, 319, -1,
      319, 314, 318, -1,
      155, 321, 149, -1,
      149, 321, 322, -1,
      316, 320, 317, -1,
      317, 320, 319, -1,
      317, 319, 318, -1,
      334, 322, 316, -1,
      316, 322, 321, -1,
      316, 321, 320, -1,
      334, 333, 322, -1,
      322, 333, 332, -1,
      322, 332, 331, -1,
      329, 325, 324, -1,
      329, 328, 325, -1,
      325, 328, 327, -1,
      325, 327, 326, -1,
      331, 330, 322, -1,
      322, 330, 329, -1,
      322, 329, 323, -1,
      323, 329, 324, -1,
      238, 335, 239, -1,
      239, 335, 336, -1,
      337, 338, 148, -1,
      148, 338, 153, -1,
      335, 238, 151, -1,
      153, 338, 151, -1,
      151, 338, 339, -1,
      151, 339, 335, -1,
      239, 336, 86, -1,
      86, 336, 340, -1,
      86, 340, 87, -1,
      340, 341, 87, -1,
      87, 341, 342, -1,
      87, 342, 107, -1,
      105, 343, 344, -1,
      105, 344, 169, -1,
      169, 344, 345, -1,
      169, 345, 167, -1,
      167, 345, 346, -1,
      167, 346, 165, -1,
      165, 346, 347, -1,
      165, 347, 196, -1,
      196, 347, 348, -1,
      196, 348, 143, -1,
      143, 348, 349, -1,
      143, 349, 144, -1,
      144, 349, 350, -1,
      144, 350, 145, -1,
      145, 350, 351, -1,
      145, 351, 146, -1,
      146, 351, 352, -1,
      146, 352, 147, -1,
      147, 352, 353, -1,
      147, 353, 206, -1,
      206, 353, 354, -1,
      206, 354, 176, -1,
      176, 354, 355, -1,
      176, 355, 125, -1,
      125, 355, 148, -1,
      148, 355, 337, -1,
      336, 335, 340, -1,
      340, 335, 339, -1,
      107, 342, 105, -1,
      105, 342, 343, -1,
      337, 355, 343, -1,
      343, 342, 337, -1,
      337, 342, 341, -1,
      337, 341, 338, -1,
      338, 341, 340, -1,
      338, 340, 339, -1,
      354, 353, 349, -1,
      347, 346, 355, -1,
      353, 352, 349, -1,
      349, 352, 351, -1,
      349, 351, 350, -1,
      354, 349, 355, -1,
      355, 349, 348, -1,
      355, 348, 347, -1,
      346, 345, 355, -1,
      355, 345, 344, -1,
      355, 344, 343, -1,
      356, 357, 299, -1,
      299, 357, 287, -1,
      272, 358, 269, -1,
      269, 358, 262, -1,
      356, 299, 263, -1,
      262, 358, 263, -1,
      263, 358, 359, -1,
      263, 359, 356, -1,
      287, 357, 57, -1,
      57, 357, 360, -1,
      57, 360, 56, -1,
      360, 361, 56, -1,
      56, 361, 270, -1,
      56, 270, 55, -1,
      357, 356, 360, -1,
      360, 356, 359, -1,
      362, 363, 364, -1,
      362, 364, 365, -1,
      363, 281, 283, -1,
      366, 367, 271, -1,
      271, 270, 272, -1,
      272, 270, 361, -1,
      272, 361, 358, -1,
      358, 361, 360, -1,
      358, 360, 359, -1,
      368, 369, 370, -1,
      370, 369, 371, -1,
      370, 371, 364, -1,
      364, 371, 372, -1,
      364, 372, 365, -1,
      276, 373, 374, -1,
      374, 373, 375, -1,
      374, 375, 376, -1,
      377, 378, 379, -1,
      379, 378, 380, -1,
      379, 380, 282, -1,
      282, 380, 284, -1,
      282, 284, 283, -1,
      283, 284, 285, -1,
      283, 285, 363, -1,
      363, 285, 381, -1,
      363, 381, 364, -1,
      363, 273, 275, -1,
      272, 273, 271, -1,
      271, 273, 363, -1,
      271, 363, 366, -1,
      366, 363, 382, -1,
      383, 384, 385, -1,
      386, 387, 388, -1,
      388, 387, 389, -1,
      388, 389, 278, -1,
      278, 389, 280, -1,
      278, 280, 279, -1,
      382, 390, 366, -1,
      366, 390, 383, -1,
      366, 383, 391, -1,
      391, 383, 385, -1,
      280, 281, 279, -1,
      279, 281, 363, -1,
      279, 363, 277, -1,
      277, 363, 275, -1,
      277, 275, 276, -1,
      276, 275, 274, -1,
      276, 274, 373, -1,
      392, 393, 296, -1,
      296, 393, 297, -1,
      276, 374, 257, -1,
      257, 374, 259, -1,
      392, 296, 261, -1,
      259, 374, 261, -1,
      261, 374, 376, -1,
      261, 376, 392, -1,
      297, 393, 264, -1,
      264, 393, 375, -1,
      264, 375, 268, -1,
      375, 373, 268, -1,
      268, 373, 274, -1,
      268, 274, 265, -1,
      393, 392, 375, -1,
      375, 392, 376, -1,
      394, 395, 294, -1,
      294, 395, 295, -1,
      280, 389, 252, -1,
      252, 389, 253, -1,
      394, 294, 246, -1,
      253, 389, 246, -1,
      246, 389, 387, -1,
      246, 387, 394, -1,
      295, 395, 260, -1,
      260, 395, 386, -1,
      260, 386, 258, -1,
      386, 388, 258, -1,
      258, 388, 278, -1,
      258, 278, 256, -1,
      395, 394, 386, -1,
      386, 394, 387, -1,
      396, 397, 291, -1,
      291, 397, 290, -1,
      284, 380, 36, -1,
      36, 380, 37, -1,
      396, 291, 38, -1,
      37, 380, 38, -1,
      38, 380, 378, -1,
      38, 378, 396, -1,
      290, 397, 247, -1,
      247, 397, 377, -1,
      247, 377, 248, -1,
      377, 379, 248, -1,
      248, 379, 282, -1,
      248, 282, 251, -1,
      397, 396, 377, -1,
      377, 396, 378, -1,
      398, 399, 293, -1,
      293, 399, 286, -1,
      400, 401, 101, -1,
      101, 401, 102, -1,
      398, 293, 74, -1,
      102, 401, 74, -1,
      74, 401, 402, -1,
      74, 402, 398, -1,
      286, 399, 64, -1,
      64, 399, 403, -1,
      64, 403, 65, -1,
      403, 404, 65, -1,
      65, 404, 405, -1,
      65, 405, 82, -1,
      399, 398, 403, -1,
      403, 398, 402, -1,
      405, 406, 82, -1,
      82, 406, 71, -1,
      71, 406, 407, -1,
      71, 407, 141, -1,
      141, 407, 408, -1,
      141, 408, 113, -1,
      113, 408, 409, -1,
      113, 409, 114, -1,
      114, 409, 410, -1,
      114, 410, 116, -1,
      116, 410, 411, -1,
      116, 411, 178, -1,
      178, 411, 412, -1,
      178, 412, 199, -1,
      199, 412, 413, -1,
      199, 413, 200, -1,
      200, 413, 414, -1,
      200, 414, 201, -1,
      201, 414, 415, -1,
      201, 415, 96, -1,
      96, 415, 416, -1,
      96, 416, 97, -1,
      97, 416, 417, -1,
      97, 417, 99, -1,
      417, 400, 99, -1,
      99, 400, 101, -1,
      415, 414, 408, -1,
      403, 402, 404, -1,
      404, 402, 401, -1,
      404, 401, 405, -1,
      405, 401, 400, -1,
      405, 400, 406, -1,
      406, 400, 417, -1,
      406, 417, 407, -1,
      407, 417, 408, -1,
      408, 417, 416, -1,
      408, 416, 415, -1,
      414, 413, 408, -1,
      408, 413, 412, -1,
      408, 412, 409, -1,
      409, 412, 411, -1,
      409, 411, 410, -1,
      418, 419, 298, -1,
      298, 419, 292, -1,
      420, 421, 231, -1,
      231, 421, 32, -1,
      418, 298, 33, -1,
      32, 421, 33, -1,
      33, 421, 422, -1,
      33, 422, 418, -1,
      292, 419, 75, -1,
      75, 419, 423, -1,
      75, 423, 76, -1,
      423, 424, 76, -1,
      76, 424, 425, -1,
      76, 425, 100, -1,
      419, 418, 423, -1,
      423, 418, 422, -1,
      425, 426, 100, -1,
      100, 426, 98, -1,
      98, 426, 427, -1,
      98, 427, 177, -1,
      177, 427, 428, -1,
      177, 428, 217, -1,
      217, 428, 429, -1,
      217, 429, 218, -1,
      218, 429, 430, -1,
      218, 430, 219, -1,
      219, 430, 431, -1,
      219, 431, 204, -1,
      204, 431, 432, -1,
      204, 432, 205, -1,
      205, 432, 433, -1,
      205, 433, 207, -1,
      207, 433, 434, -1,
      207, 434, 208, -1,
      208, 434, 435, -1,
      208, 435, 228, -1,
      228, 435, 436, -1,
      228, 436, 229, -1,
      229, 436, 437, -1,
      229, 437, 230, -1,
      437, 420, 230, -1,
      230, 420, 231, -1,
      427, 426, 425, -1,
      420, 437, 436, -1,
      430, 429, 420, -1,
      420, 429, 428, -1,
      436, 435, 420, -1,
      420, 435, 434, -1,
      420, 434, 433, -1,
      433, 432, 420, -1,
      420, 432, 431, -1,
      420, 431, 430, -1,
      428, 427, 420, -1,
      420, 427, 425, -1,
      420, 425, 421, -1,
      421, 425, 424, -1,
      421, 424, 422, -1,
      422, 424, 423, -1,
      438, 439, 289, -1,
      289, 439, 288, -1,
      440, 441, 83, -1,
      83, 441, 84, -1,
      438, 289, 63, -1,
      84, 441, 63, -1,
      63, 441, 442, -1,
      63, 442, 438, -1,
      288, 439, 44, -1,
      44, 439, 443, -1,
      44, 443, 45, -1,
      443, 444, 45, -1,
      45, 444, 244, -1,
      45, 244, 39, -1,
      439, 438, 443, -1,
      443, 438, 442, -1,
      445, 440, 73, -1,
      73, 440, 83, -1,
      446, 447, 245, -1,
      446, 245, 448, -1,
      443, 442, 444, -1,
      444, 442, 441, -1,
      444, 441, 244, -1,
      244, 441, 440, -1,
      244, 440, 245, -1,
      440, 445, 245, -1,
      245, 445, 449, -1,
      245, 449, 450, -1,
      451, 245, 452, -1,
      452, 245, 447, -1,
      452, 447, 453, -1,
      453, 447, 454, -1,
      454, 455, 453, -1,
      453, 455, 456, -1,
      453, 456, 457, -1,
      450, 458, 245, -1,
      245, 458, 459, -1,
      245, 459, 448, -1,
      271, 367, 54, -1,
      54, 367, 34, -1,
      267, 266, 273, -1,
      273, 266, 275, -1,
      255, 254, 277, -1,
      277, 254, 279, -1,
      250, 249, 281, -1,
      281, 249, 283, -1,
      35, 216, 285, -1,
      285, 216, 381, -1,
      364, 381, 215, -1,
      215, 381, 216, -1,
      364, 215, 214, -1,
      364, 214, 370, -1,
      370, 214, 203, -1,
      370, 203, 368, -1,
      368, 203, 202, -1,
      368, 202, 369, -1,
      369, 202, 174, -1,
      369, 174, 371, -1,
      371, 174, 237, -1,
      371, 237, 372, -1,
      372, 237, 236, -1,
      372, 236, 365, -1,
      365, 236, 235, -1,
      365, 235, 362, -1,
      363, 362, 234, -1,
      234, 362, 235, -1,
      363, 234, 233, -1,
      363, 233, 382, -1,
      382, 233, 232, -1,
      382, 232, 390, -1,
      390, 232, 227, -1,
      390, 227, 383, -1,
      383, 227, 226, -1,
      383, 226, 384, -1,
      384, 226, 225, -1,
      384, 225, 385, -1,
      385, 225, 224, -1,
      385, 224, 391, -1,
      391, 224, 223, -1,
      391, 223, 366, -1,
      367, 366, 34, -1,
      34, 366, 223, -1,
      245, 451, 40, -1,
      40, 451, 41, -1,
      136, 134, 446, -1,
      446, 134, 447, -1,
      111, 41, 452, -1,
      452, 41, 451, -1,
      243, 460, 242, -1,
      242, 460, 461, -1,
      121, 462, 463, -1,
      121, 463, 122, -1,
      122, 463, 464, -1,
      122, 464, 123, -1,
      123, 464, 465, -1,
      123, 465, 124, -1,
      124, 465, 466, -1,
      124, 466, 183, -1,
      183, 466, 467, -1,
      183, 467, 190, -1,
      190, 467, 468, -1,
      190, 468, 191, -1,
      191, 468, 469, -1,
      191, 469, 192, -1,
      192, 469, 470, -1,
      192, 470, 193, -1,
      193, 470, 471, -1,
      193, 471, 103, -1,
      103, 471, 472, -1,
      103, 472, 104, -1,
      104, 472, 473, -1,
      104, 473, 106, -1,
      106, 473, 474, -1,
      106, 474, 118, -1,
      474, 475, 118, -1,
      118, 475, 119, -1,
      119, 475, 476, -1,
      477, 460, 85, -1,
      85, 460, 243, -1,
      477, 85, 476, -1,
      476, 85, 120, -1,
      476, 120, 119, -1,
      461, 460, 478, -1,
      478, 460, 477, -1,
      242, 461, 58, -1,
      58, 461, 478, -1,
      58, 478, 59, -1,
      478, 479, 59, -1,
      59, 479, 480, -1,
      59, 480, 61, -1,
      480, 462, 61, -1,
      61, 462, 121, -1,
      475, 479, 476, -1,
      476, 479, 478, -1,
      476, 478, 477, -1,
      474, 462, 475, -1,
      475, 462, 480, -1,
      475, 480, 479, -1,
      474, 473, 462, -1,
      462, 473, 472, -1,
      462, 472, 471, -1,
      469, 465, 464, -1,
      469, 468, 465, -1,
      465, 468, 467, -1,
      465, 467, 466, -1,
      471, 470, 462, -1,
      462, 470, 469, -1,
      462, 469, 463, -1,
      463, 469, 464, -1,
      481, 482, 312, -1,
      312, 482, 309, -1,
      309, 482, 18, -1,
      18, 482, 483, -1,
      18, 483, 22, -1,
      483, 484, 22, -1,
      22, 484, 485, -1,
      22, 485, 19, -1,
      19, 485, 20, -1,
      20, 485, 486, -1,
      487, 48, 488, -1,
      488, 48, 47, -1,
      487, 489, 48, -1,
      48, 489, 24, -1,
      481, 312, 25, -1,
      24, 489, 25, -1,
      25, 489, 490, -1,
      25, 490, 481, -1,
      482, 481, 483, -1,
      483, 481, 490, -1,
      488, 491, 492, -1,
      487, 488, 486, -1,
      493, 494, 495, -1,
      486, 485, 487, -1,
      487, 485, 484, -1,
      487, 484, 489, -1,
      489, 484, 483, -1,
      489, 483, 490, -1,
      496, 497, 498, -1,
      498, 497, 499, -1,
      498, 499, 500, -1,
      500, 499, 501, -1,
      495, 502, 493, -1,
      493, 502, 503, -1,
      493, 503, 504, -1,
      504, 503, 505, -1,
      504, 505, 506, -1,
      507, 508, 509, -1,
      509, 508, 510, -1,
      509, 510, 511, -1,
      511, 510, 512, -1,
      511, 512, 513, -1,
      488, 492, 486, -1,
      486, 492, 514, -1,
      486, 514, 515, -1,
      516, 517, 518, -1,
      515, 519, 486, -1,
      486, 519, 520, -1,
      486, 520, 521, -1,
      521, 522, 486, -1,
      486, 522, 523, -1,
      486, 523, 494, -1,
      494, 523, 499, -1,
      494, 499, 495, -1,
      495, 499, 524, -1,
      516, 518, 499, -1,
      499, 518, 525, -1,
      499, 525, 501, -1,
      526, 527, 528, -1,
      528, 527, 529, -1,
      528, 529, 530, -1,
      530, 529, 531, -1,
      530, 531, 497, -1,
      497, 531, 532, -1,
      497, 532, 499, -1,
      499, 532, 513, -1,
      499, 513, 524, -1,
      524, 513, 512, -1,
      533, 534, 310, -1,
      310, 534, 311, -1,
      311, 534, 10, -1,
      10, 534, 505, -1,
      10, 505, 14, -1,
      505, 503, 14, -1,
      14, 503, 502, -1,
      14, 502, 11, -1,
      11, 502, 12, -1,
      12, 502, 495, -1,
      493, 23, 494, -1,
      494, 23, 21, -1,
      493, 504, 23, -1,
      23, 504, 16, -1,
      533, 310, 17, -1,
      16, 504, 17, -1,
      17, 504, 506, -1,
      17, 506, 533, -1,
      534, 533, 505, -1,
      505, 533, 506, -1,
      535, 536, 313, -1,
      313, 536, 300, -1,
      300, 536, 2, -1,
      2, 536, 507, -1,
      2, 507, 6, -1,
      507, 509, 6, -1,
      6, 509, 511, -1,
      6, 511, 3, -1,
      3, 511, 4, -1,
      4, 511, 513, -1,
      512, 15, 524, -1,
      524, 15, 13, -1,
      512, 510, 15, -1,
      15, 510, 8, -1,
      535, 313, 9, -1,
      8, 510, 9, -1,
      9, 510, 508, -1,
      9, 508, 535, -1,
      536, 535, 507, -1,
      507, 535, 508, -1,
      537, 538, 305, -1,
      305, 538, 304, -1,
      304, 538, 29, -1,
      29, 538, 526, -1,
      29, 526, 30, -1,
      526, 528, 30, -1,
      30, 528, 530, -1,
      30, 530, 31, -1,
      31, 530, 213, -1,
      213, 530, 497, -1,
      531, 7, 532, -1,
      532, 7, 5, -1,
      531, 529, 7, -1,
      7, 529, 0, -1,
      537, 305, 1, -1,
      0, 529, 1, -1,
      1, 529, 527, -1,
      1, 527, 537, -1,
      538, 537, 526, -1,
      526, 537, 527, -1,
      539, 540, 308, -1,
      308, 540, 303, -1,
      303, 540, 67, -1,
      67, 540, 541, -1,
      67, 541, 69, -1,
      541, 542, 69, -1,
      69, 542, 543, -1,
      69, 543, 70, -1,
      70, 543, 79, -1,
      79, 543, 544, -1,
      79, 544, 545, -1,
      79, 545, 162, -1,
      162, 545, 546, -1,
      162, 546, 160, -1,
      160, 546, 547, -1,
      160, 547, 161, -1,
      161, 547, 548, -1,
      161, 548, 181, -1,
      181, 548, 549, -1,
      181, 549, 182, -1,
      182, 549, 550, -1,
      182, 550, 184, -1,
      184, 550, 551, -1,
      184, 551, 185, -1,
      185, 551, 552, -1,
      185, 552, 186, -1,
      186, 552, 553, -1,
      186, 553, 187, -1,
      187, 553, 554, -1,
      187, 554, 188, -1,
      188, 554, 555, -1,
      188, 555, 95, -1,
      95, 555, 109, -1,
      109, 555, 556, -1,
      556, 557, 109, -1,
      109, 557, 49, -1,
      539, 308, 50, -1,
      49, 557, 50, -1,
      50, 557, 558, -1,
      50, 558, 539, -1,
      540, 539, 541, -1,
      541, 539, 558, -1,
      553, 552, 545, -1,
      541, 558, 542, -1,
      542, 558, 557, -1,
      542, 557, 543, -1,
      543, 557, 556, -1,
      543, 556, 544, -1,
      544, 556, 555, -1,
      544, 555, 545, -1,
      545, 555, 554, -1,
      545, 554, 553, -1,
      552, 551, 545, -1,
      545, 551, 550, -1,
      545, 550, 549, -1,
      549, 548, 545, -1,
      545, 548, 547, -1,
      545, 547, 546, -1,
      559, 560, 306, -1,
      306, 560, 307, -1,
      307, 560, 26, -1,
      26, 560, 561, -1,
      26, 561, 93, -1,
      561, 562, 93, -1,
      93, 562, 563, -1,
      93, 563, 92, -1,
      92, 563, 90, -1,
      90, 563, 564, -1,
      90, 564, 565, -1,
      90, 565, 166, -1,
      166, 565, 566, -1,
      166, 566, 168, -1,
      168, 566, 567, -1,
      168, 567, 170, -1,
      170, 567, 568, -1,
      170, 568, 171, -1,
      171, 568, 569, -1,
      171, 569, 189, -1,
      189, 569, 570, -1,
      189, 570, 159, -1,
      159, 570, 571, -1,
      159, 571, 163, -1,
      163, 571, 572, -1,
      163, 572, 164, -1,
      164, 572, 573, -1,
      164, 573, 77, -1,
      77, 573, 574, -1,
      77, 574, 78, -1,
      78, 574, 575, -1,
      78, 575, 80, -1,
      80, 575, 81, -1,
      81, 575, 576, -1,
      576, 577, 81, -1,
      81, 577, 68, -1,
      559, 306, 66, -1,
      68, 577, 66, -1,
      66, 577, 578, -1,
      66, 578, 559, -1,
      560, 559, 561, -1,
      561, 559, 578, -1,
      561, 578, 577, -1,
      574, 573, 563, -1,
      561, 577, 562, -1,
      562, 577, 576, -1,
      562, 576, 563, -1,
      563, 576, 575, -1,
      563, 575, 574, -1,
      573, 572, 563, -1,
      563, 572, 571, -1,
      563, 571, 570, -1,
      570, 569, 563, -1,
      563, 569, 568, -1,
      563, 568, 567, -1,
      567, 566, 563, -1,
      563, 566, 565, -1,
      563, 565, 564, -1,
      579, 580, 301, -1,
      301, 580, 302, -1,
      302, 580, 51, -1,
      51, 580, 581, -1,
      51, 581, 108, -1,
      581, 582, 108, -1,
      108, 582, 583, -1,
      108, 583, 94, -1,
      584, 62, 583, -1,
      583, 62, 94, -1,
      585, 53, 586, -1,
      586, 53, 52, -1,
      585, 587, 53, -1,
      53, 587, 27, -1,
      579, 301, 28, -1,
      27, 587, 28, -1,
      28, 587, 588, -1,
      28, 588, 579, -1,
      580, 579, 581, -1,
      581, 579, 588, -1,
      589, 590, 584, -1,
      581, 588, 582, -1,
      582, 588, 587, -1,
      582, 587, 583, -1,
      583, 587, 585, -1,
      583, 585, 584, -1,
      584, 585, 586, -1,
      584, 586, 589, -1,
      589, 586, 591, -1,
      486, 494, 20, -1,
      20, 494, 21, -1,
      495, 524, 12, -1,
      12, 524, 13, -1,
      513, 532, 4, -1,
      4, 532, 5, -1,
      497, 496, 213, -1,
      213, 496, 212, -1,
      47, 46, 488, -1,
      488, 46, 491, -1,
      492, 491, 91, -1,
      91, 491, 46, -1,
      492, 91, 89, -1,
      492, 89, 514, -1,
      514, 89, 88, -1,
      514, 88, 515, -1,
      515, 88, 210, -1,
      515, 210, 519, -1,
      519, 210, 198, -1,
      519, 198, 520, -1,
      520, 198, 197, -1,
      520, 197, 521, -1,
      521, 197, 195, -1,
      521, 195, 522, -1,
      522, 195, 194, -1,
      522, 194, 523, -1,
      499, 523, 209, -1,
      209, 523, 194, -1,
      499, 209, 142, -1,
      499, 142, 516, -1,
      516, 142, 222, -1,
      516, 222, 517, -1,
      517, 222, 221, -1,
      517, 221, 518, -1,
      518, 221, 220, -1,
      518, 220, 525, -1,
      525, 220, 173, -1,
      525, 173, 501, -1,
      501, 173, 172, -1,
      501, 172, 500, -1,
      500, 172, 211, -1,
      500, 211, 498, -1,
      496, 498, 212, -1,
      212, 498, 211, -1,
      52, 43, 586, -1,
      586, 43, 591, -1,
      589, 591, 42, -1,
      42, 591, 43, -1,
      60, 62, 590, -1,
      590, 62, 584, -1,
      42, 60, 589, -1,
      589, 60, 590, -1,
      445, 73, 72, -1,
      445, 72, 449, -1,
      449, 72, 115, -1,
      449, 115, 450, -1,
      450, 115, 117, -1,
      450, 117, 458, -1,
      458, 117, 140, -1,
      458, 140, 459, -1,
      459, 140, 138, -1,
      459, 138, 448, -1,
      448, 138, 136, -1,
      448, 136, 446, -1,
      447, 134, 133, -1,
      447, 133, 454, -1,
      454, 133, 131, -1,
      454, 131, 455, -1,
      455, 131, 129, -1,
      455, 129, 456, -1,
      456, 129, 128, -1,
      456, 128, 457, -1,
      457, 128, 112, -1,
      457, 112, 453, -1,
      453, 112, 111, -1,
      453, 111, 452, -1,
    ]
  }
}

Shape {
  appearance Appearance {
    material Material {
      diffuseColor 1.0000 1.0000 1.0000
      specularColor 0.5020 0.5020 0.5020
      ambientIntensity 0.2
      transparency 0.0000
      shininess 0.5
    }
  }
  geometry IndexedFaceSet {
    ccw TRUE
    solid FALSE
    coord DEF co Coordinate {
      point [
        0.574631 -0.763050 0.779528,
        0.573689 -0.766939 0.779528,
        0.571889 -0.770391 0.779528,
        0.569670 -0.772938 0.779528,
        0.566083 -0.775504 0.779528,
        0.547086 -0.743662 0.779528,
        0.547086 -0.777707 0.779528,
        0.556450 -0.777707 0.779528,
        0.562195 -0.777013 0.779528,
        0.574804 -0.760250 0.779528,
        0.574244 -0.755588 0.779528,
        0.569670 -0.748170 0.779528,
        0.570887 -0.749363 0.779528,
        0.572990 -0.752336 0.779528,
        0.556798 -0.743662 0.779528,
        0.561997 -0.744236 0.779528,
        0.566106 -0.745737 0.779528,
        0.568261 -0.768137 0.783465,
        0.566545 -0.770275 0.783465,
        0.569670 -0.772938 0.783465,
        0.566124 -0.770667 0.783465,
        0.566083 -0.775504 0.783465,
        0.563922 -0.772188 0.783465,
        0.562195 -0.777013 0.783465,
        0.561100 -0.773273 0.783465,
        0.556450 -0.777707 0.783465,
        0.556424 -0.773826 0.783465,
        0.547086 -0.777707 0.783465,
        0.551481 -0.773826 0.783465,
        0.547086 -0.743662 0.783465,
        0.551481 -0.747578 0.783465,
        0.556798 -0.743662 0.783465,
        0.556624 -0.747578 0.783465,
        0.561997 -0.744236 0.783465,
        0.561119 -0.748089 0.783465,
        0.566106 -0.745737 0.783465,
        0.564053 -0.749174 0.783465,
        0.569670 -0.748170 0.783465,
        0.566450 -0.750781 0.783465,
        0.570887 -0.749363 0.783465,
        0.567704 -0.752078 0.783465,
        0.572990 -0.752336 0.783465,
        0.568948 -0.754083 0.783465,
        0.574244 -0.755588 0.783465,
        0.569828 -0.756741 0.783465,
        0.574804 -0.760250 0.783465,
        0.570183 -0.760371 0.783465,
        0.574631 -0.763050 0.783465,
        0.570077 -0.762469 0.783465,
        0.573689 -0.766939 0.783465,
        0.569425 -0.765601 0.783465,
        0.571889 -0.770391 0.783465,
        0.566450 -0.750781 0.779528,
        0.567704 -0.752078 0.779528,
        0.568948 -0.754083 0.779528,
        0.569828 -0.756741 0.779528,
        0.570183 -0.760371 0.779528,
        0.556624 -0.747578 0.779528,
        0.561119 -0.748089 0.779528,
        0.564053 -0.749174 0.779528,
        0.551481 -0.747578 0.779528,
        0.551481 -0.773826 0.779528,
        0.556424 -0.773826 0.779528,
        0.566545 -0.770275 0.779528,
        0.566124 -0.770667 0.779528,
        0.563922 -0.772188 0.779528,
        0.561100 -0.773273 0.779528,
        0.570077 -0.762469 0.779528,
        0.569425 -0.765601 0.779528,
        0.568261 -0.768137 0.779528,
      ]
    }
    coordIndex [
      17, 18, 19, -1,
      19, 18, 20, -1,
      19, 20, 21, -1,
      21, 20, 22, -1,
      21, 22, 23, -1,
      23, 22, 24, -1,
      23, 24, 25, -1,
      25, 24, 26, -1,
      25, 26, 27, -1,
      27, 26, 28, -1,
      27, 28, 29, -1,
      29, 28, 30, -1,
      29, 30, 31, -1,
      31, 30, 32, -1,
      31, 32, 33, -1,
      33, 32, 34, -1,
      33, 34, 35, -1,
      35, 34, 36, -1,
      35, 36, 37, -1,
      37, 36, 38, -1,
      37, 38, 39, -1,
      39, 38, 40, -1,
      39, 40, 41, -1,
      41, 40, 42, -1,
      41, 42, 43, -1,
      43, 42, 44, -1,
      43, 44, 45, -1,
      45, 44, 46, -1,
      45, 46, 47, -1,
      47, 46, 48, -1,
      47, 48, 49, -1,
      49, 48, 50, -1,
      49, 50, 51, -1,
      51, 50, 17, -1,
      51, 17, 19, -1,
      19, 3, 2, -1,
      19, 2, 51, -1,
      51, 2, 1, -1,
      51, 1, 49, -1,
      49, 1, 0, -1,
      49, 0, 47, -1,
      47, 0, 9, -1,
      47, 9, 45, -1,
      45, 9, 10, -1,
      45, 10, 43, -1,
      43, 10, 13, -1,
      43, 13, 41, -1,
      41, 13, 12, -1,
      41, 12, 39, -1,
      39, 12, 11, -1,
      39, 11, 37, -1,
      37, 11, 16, -1,
      37, 16, 35, -1,
      35, 16, 15, -1,
      35, 15, 33, -1,
      33, 15, 14, -1,
      33, 14, 31, -1,
      29, 31, 5, -1,
      5, 31, 14, -1,
      27, 29, 6, -1,
      6, 29, 5, -1,
      25, 27, 7, -1,
      7, 27, 6, -1,
      25, 7, 8, -1,
      25, 8, 23, -1,
      23, 8, 4, -1,
      23, 4, 21, -1,
      21, 4, 3, -1,
      21, 3, 19, -1,
      38, 52, 53, -1,
      38, 53, 40, -1,
      40, 53, 54, -1,
      40, 54, 42, -1,
      42, 54, 55, -1,
      42, 55, 44, -1,
      44, 55, 56, -1,
      44, 56, 46, -1,
      32, 57, 58, -1,
      32, 58, 34, -1,
      34, 58, 59, -1,
      34, 59, 36, -1,
      36, 59, 52, -1,
      36, 52, 38, -1,
      32, 30, 57, -1,
      57, 30, 60, -1,
      30, 28, 60, -1,
      60, 28, 61, -1,
      28, 26, 61, -1,
      61, 26, 62, -1,
      18, 63, 64, -1,
      18, 64, 20, -1,
      20, 64, 65, -1,
      20, 65, 22, -1,
      22, 65, 66, -1,
      22, 66, 24, -1,
      24, 66, 62, -1,
      24, 62, 26, -1,
      46, 56, 67, -1,
      46, 67, 48, -1,
      48, 67, 68, -1,
      48, 68, 50, -1,
      50, 68, 69, -1,
      50, 69, 17, -1,
      17, 69, 63, -1,
      17, 63, 18, -1,
    ]
  }
}

Shape {
  appearance Appearance {
    material Material {
      diffuseColor 0.2078 0.2078 0.2078
      specularColor 0.0157 0.0157 0.0157
      ambientIntensity 0.2
      transparency 0.0000
      shininess 0.5
    }
  }
  geometry IndexedFaceSet {
    ccw TRUE
    solid FALSE
    coord DEF co Coordinate {
      point [
        0.566450 -0.750781 0.779528,
        0.567704 -0.752078 0.779528,
        0.568948 -0.754083 0.779528,
        0.569828 -0.756741 0.779528,
        0.570183 -0.760371 0.779528,
        0.556624 -0.747578 0.779528,
        0.561119 -0.748089 0.779528,
        0.564053 -0.749174 0.779528,
        0.551481 -0.747578 0.779528,
        0.551481 -0.773826 0.779528,
        0.556424 -0.773826 0.779528,
        0.566545 -0.770275 0.779528,
        0.566124 -0.770667 0.779528,
        0.563922 -0.772188 0.779528,
        0.561100 -0.773273 0.779528,
        0.570077 -0.762469 0.779528,
        0.569425 -0.765601 0.779528,
        0.568261 -0.768137 0.779528,
      ]
    }
    coordIndex [
      8, 9, 5, -1,
      5, 9, 10, -1,
      10, 14, 5, -1,
      5, 14, 13, -1,
      5, 13, 12, -1,
      4, 0, 7, -1,
      12, 11, 5, -1,
      5, 11, 17, -1,
      5, 17, 16, -1,
      0, 4, 1, -1,
      1, 4, 3, -1,
      1, 3, 2, -1,
      16, 15, 5, -1,
      5, 15, 4, -1,
      5, 4, 6, -1,
      6, 4, 7, -1,
    ]
  }
}

Shape {
  appearance Appearance {
    material Material {
      diffuseColor 1.0000 1.0000 1.0000
      specularColor 0.5020 0.5020 0.5020
      ambientIntensity 0.2
      transparency 0.0000
      shininess 0.5
    }
  }
  geometry IndexedFaceSet {
    ccw TRUE
    solid FALSE
    coord DEF co Coordinate {
      point [
        0.478558 -0.777860 0.779528,
        0.477738 -0.777565 0.779528,
        0.485790 -0.777928 0.779528,
        0.485146 -0.777994 0.779528,
        0.500445 -0.784498 0.779528,
        0.501235 -0.783613 0.779528,
        0.513328 -0.753392 0.779528,
        0.517749 -0.753392 0.779528,
        0.505530 -0.771668 0.779528,
        0.506052 -0.773669 0.779528,
        0.506165 -0.773669 0.779528,
        0.501235 -0.759313 0.779528,
        0.506687 -0.771702 0.779528,
        0.506361 -0.772836 0.779528,
        0.494408 -0.753392 0.779528,
        0.501235 -0.770759 0.779528,
        0.499177 -0.753392 0.779528,
        0.503802 -0.777994 0.779528,
        0.503946 -0.777655 0.779528,
        0.501239 -0.783609 0.779528,
        0.502075 -0.782076 0.779528,
        0.495287 -0.788812 0.779528,
        0.495287 -0.785018 0.779528,
        0.501235 -0.788400 0.779528,
        0.499760 -0.788962 0.779528,
        0.498037 -0.789160 0.779528,
        0.497096 -0.789126 0.779528,
        0.497706 -0.785505 0.779528,
        0.498735 -0.785389 0.779528,
        0.499669 -0.785038 0.779528,
        0.506714 -0.781380 0.779528,
        0.504783 -0.785140 0.779528,
        0.508048 -0.777994 0.779528,
        0.503222 -0.787014 0.779528,
        0.502932 -0.787280 0.779528,
        0.501443 -0.788321 0.779528,
        0.490761 -0.767072 0.779528,
        0.491557 -0.768247 0.779528,
        0.491022 -0.758057 0.779528,
        0.491462 -0.774158 0.779528,
        0.490667 -0.775283 0.779528,
        0.477261 -0.755904 0.779528,
        0.477738 -0.755475 0.779528,
        0.478525 -0.754767 0.779528,
        0.479754 -0.754030 0.779528,
        0.492012 -0.769505 0.779528,
        0.492189 -0.771093 0.779528,
        0.491986 -0.772807 0.779528,
        0.482083 -0.753186 0.779528,
        0.485261 -0.752835 0.779528,
        0.491022 -0.753914 0.779528,
        0.488060 -0.753066 0.779528,
        0.489447 -0.776350 0.779528,
        0.488136 -0.777122 0.779528,
        0.484843 -0.756298 0.779528,
        0.483581 -0.756393 0.779528,
        0.480187 -0.759571 0.779528,
        0.482441 -0.756695 0.779528,
        0.481484 -0.757204 0.779528,
        0.480226 -0.760138 0.779528,
        0.480396 -0.760800 0.779528,
        0.480703 -0.761376 0.779528,
        0.481119 -0.761833 0.779528,
        0.482622 -0.762773 0.779528,
        0.487757 -0.756644 0.779528,
        0.485261 -0.763922 0.779528,
        0.490178 -0.757565 0.779528,
        0.486913 -0.764590 0.779528,
        0.489744 -0.766165 0.779528,
        0.480841 -0.757772 0.779528,
        0.480475 -0.758315 0.779528,
        0.480265 -0.758891 0.779528,
        0.451303 -0.767368 0.779528,
        0.452149 -0.766142 0.779528,
        0.452826 -0.759240 0.779528,
        0.475767 -0.772451 0.779528,
        0.469988 -0.762060 0.779528,
        0.475767 -0.776855 0.779528,
        0.469988 -0.777707 0.779528,
        0.463586 -0.776420 0.779528,
        0.462094 -0.777411 0.779528,
        0.465724 -0.777707 0.779528,
        0.460483 -0.777994 0.779528,
        0.451176 -0.774574 0.779528,
        0.450660 -0.773131 0.779528,
        0.453975 -0.777369 0.779528,
        0.455610 -0.777985 0.779528,
        0.455688 -0.777994 0.779528,
        0.453446 -0.765006 0.779528,
        0.455247 -0.764073 0.779528,
        0.455517 -0.757509 0.779528,
        0.458517 -0.763261 0.779528,
        0.462242 -0.756450 0.779528,
        0.460798 -0.756298 0.779528,
        0.458180 -0.756579 0.779528,
        0.452539 -0.776367 0.779528,
        0.452062 -0.775884 0.779528,
        0.450450 -0.771198 0.779528,
        0.450725 -0.768876 0.779528,
        0.465724 -0.773948 0.779528,
        0.465610 -0.773948 0.779528,
        0.464934 -0.774975 0.779528,
        0.452826 -0.755098 0.779528,
        0.453728 -0.754576 0.779528,
        0.456903 -0.753352 0.779528,
        0.477308 -0.773416 0.779528,
        0.477738 -0.773583 0.779528,
        0.477738 -0.764555 0.779528,
        0.475961 -0.758429 0.779528,
        0.476469 -0.757056 0.779528,
        0.468077 -0.755459 0.779528,
        0.469634 -0.758728 0.779528,
        0.475976 -0.761609 0.779528,
        0.461198 -0.752835 0.779528,
        0.463685 -0.753051 0.779528,
        0.465503 -0.753586 0.779528,
        0.465724 -0.762251 0.779528,
        0.465575 -0.760366 0.779528,
        0.465134 -0.758847 0.779528,
        0.464633 -0.757969 0.779528,
        0.468957 -0.756820 0.779528,
        0.475793 -0.759954 0.779528,
        0.466930 -0.754385 0.779528,
        0.477700 -0.764530 0.779528,
        0.477002 -0.763800 0.779528,
        0.476446 -0.762911 0.779528,
        0.463989 -0.757283 0.779528,
        0.463231 -0.756795 0.779528,
        0.479976 -0.774456 0.779528,
        0.482250 -0.767020 0.779528,
        0.479708 -0.765855 0.779528,
        0.482781 -0.774801 0.779528,
        0.482969 -0.774800 0.779528,
        0.485050 -0.768193 0.779528,
        0.485155 -0.774554 0.779528,
        0.487811 -0.771511 0.779528,
        0.487769 -0.770981 0.779528,
        0.486256 -0.774152 0.779528,
        0.486644 -0.773916 0.779528,
        0.487134 -0.773481 0.779528,
        0.487506 -0.772931 0.779528,
        0.487723 -0.772324 0.779528,
        0.487576 -0.770315 0.779528,
        0.487246 -0.769749 0.779528,
        0.486715 -0.769196 0.779528,
        0.479771 -0.777994 0.779528,
        0.482363 -0.778282 0.779528,
        0.496159 -0.785304 0.779528,
        0.458161 -0.778282 0.779528,
        0.460366 -0.778037 0.779528,
        0.506687 -0.771702 0.783465,
        0.506361 -0.772836 0.783465,
        0.506165 -0.773669 0.783465,
        0.506052 -0.773669 0.783465,
        0.505530 -0.771668 0.783465,
        0.499177 -0.753392 0.783465,
        0.494408 -0.753392 0.783465,
        0.503946 -0.777655 0.783465,
        0.502075 -0.782076 0.783465,
        0.500445 -0.784498 0.783465,
        0.501239 -0.783609 0.783465,
        0.499669 -0.785038 0.783465,
        0.498735 -0.785389 0.783465,
        0.497706 -0.785505 0.783465,
        0.496159 -0.785304 0.783465,
        0.495287 -0.785018 0.783465,
        0.495287 -0.788812 0.783465,
        0.497096 -0.789126 0.783465,
        0.498037 -0.789160 0.783465,
        0.499760 -0.788962 0.783465,
        0.501443 -0.788321 0.783465,
        0.502932 -0.787280 0.783465,
        0.503222 -0.787014 0.783465,
        0.504783 -0.785140 0.783465,
        0.506714 -0.781380 0.783465,
        0.517749 -0.753392 0.783465,
        0.513328 -0.753392 0.783465,
        0.482363 -0.778282 0.783465,
        0.485790 -0.777928 0.783465,
        0.488136 -0.777122 0.783465,
        0.489447 -0.776350 0.783465,
        0.490667 -0.775283 0.783465,
        0.491462 -0.774158 0.783465,
        0.491986 -0.772807 0.783465,
        0.492189 -0.771093 0.783465,
        0.492012 -0.769505 0.783465,
        0.491557 -0.768247 0.783465,
        0.490761 -0.767072 0.783465,
        0.489744 -0.766165 0.783465,
        0.486913 -0.764590 0.783465,
        0.485261 -0.763922 0.783465,
        0.482622 -0.762773 0.783465,
        0.481119 -0.761833 0.783465,
        0.480703 -0.761376 0.783465,
        0.480396 -0.760800 0.783465,
        0.480226 -0.760138 0.783465,
        0.480187 -0.759571 0.783465,
        0.480265 -0.758891 0.783465,
        0.480475 -0.758315 0.783465,
        0.480841 -0.757772 0.783465,
        0.481484 -0.757204 0.783465,
        0.482441 -0.756695 0.783465,
        0.483581 -0.756393 0.783465,
        0.484843 -0.756298 0.783465,
        0.487757 -0.756644 0.783465,
        0.490178 -0.757565 0.783465,
        0.491022 -0.758057 0.783465,
        0.491022 -0.753914 0.783465,
        0.488060 -0.753066 0.783465,
        0.485261 -0.752835 0.783465,
        0.482083 -0.753186 0.783465,
        0.479754 -0.754030 0.783465,
        0.478525 -0.754767 0.783465,
        0.477261 -0.755904 0.783465,
        0.476469 -0.757056 0.783465,
        0.475961 -0.758429 0.783465,
        0.475793 -0.759954 0.783465,
        0.475976 -0.761609 0.783465,
        0.476446 -0.762911 0.783465,
        0.477002 -0.763800 0.783465,
        0.482250 -0.767020 0.783465,
        0.479708 -0.765855 0.783465,
        0.477700 -0.764530 0.783465,
        0.485050 -0.768193 0.783465,
        0.486715 -0.769196 0.783465,
        0.487246 -0.769749 0.783465,
        0.487576 -0.770315 0.783465,
        0.487769 -0.770981 0.783465,
        0.487811 -0.771511 0.783465,
        0.487723 -0.772324 0.783465,
        0.487506 -0.772931 0.783465,
        0.487134 -0.773481 0.783465,
        0.486644 -0.773916 0.783465,
        0.486256 -0.774152 0.783465,
        0.485155 -0.774554 0.783465,
        0.482969 -0.774800 0.783465,
        0.482781 -0.774801 0.783465,
        0.475767 -0.772451 0.783465,
        0.477308 -0.773416 0.783465,
        0.479976 -0.774456 0.783465,
        0.475767 -0.776855 0.783465,
        0.478558 -0.777860 0.783465,
        0.465724 -0.777707 0.783465,
        0.469988 -0.777707 0.783465,
        0.465724 -0.773948 0.783465,
        0.469988 -0.762060 0.783465,
        0.465724 -0.762251 0.783465,
        0.456456 -0.767346 0.783465,
        0.457462 -0.766867 0.783465,
        0.465610 -0.773948 0.783465,
        0.463361 -0.773322 0.783465,
        0.464934 -0.774975 0.783465,
        0.462156 -0.774135 0.783465,
        0.460032 -0.766272 0.783465,
        0.465724 -0.765506 0.783465,
        0.465724 -0.767839 0.783465,
        0.465719 -0.768121 0.783465,
        0.465445 -0.770024 0.783465,
        0.464819 -0.771545 0.783465,
        0.463896 -0.772799 0.783465,
        0.465575 -0.760366 0.783465,
        0.469634 -0.758728 0.783465,
        0.465134 -0.758847 0.783465,
        0.468957 -0.756820 0.783465,
        0.464633 -0.757969 0.783465,
        0.468077 -0.755459 0.783465,
        0.463989 -0.757283 0.783465,
        0.466930 -0.754385 0.783465,
        0.463231 -0.756795 0.783465,
        0.465503 -0.753586 0.783465,
        0.462242 -0.756450 0.783465,
        0.463685 -0.753051 0.783465,
        0.460798 -0.756298 0.783465,
        0.461198 -0.752835 0.783465,
        0.458180 -0.756579 0.783465,
        0.456903 -0.753352 0.783465,
        0.455517 -0.757509 0.783465,
        0.453728 -0.754576 0.783465,
        0.452826 -0.759240 0.783465,
        0.452826 -0.755098 0.783465,
        0.455648 -0.773322 0.783465,
        0.452539 -0.776367 0.783465,
        0.456011 -0.773687 0.783465,
        0.453975 -0.777369 0.783465,
        0.456861 -0.774267 0.783465,
        0.455610 -0.777985 0.783465,
        0.457826 -0.774621 0.783465,
        0.458161 -0.778282 0.783465,
        0.459266 -0.774783 0.783465,
        0.460366 -0.778037 0.783465,
        0.460862 -0.774605 0.783465,
        0.462094 -0.777411 0.783465,
        0.463586 -0.776420 0.783465,
        0.458517 -0.763261 0.783465,
        0.455247 -0.764073 0.783465,
        0.455907 -0.767769 0.783465,
        0.453446 -0.765006 0.783465,
        0.455396 -0.768401 0.783465,
        0.452149 -0.766142 0.783465,
        0.455022 -0.769196 0.783465,
        0.451303 -0.767368 0.783465,
        0.454811 -0.770173 0.783465,
        0.450725 -0.768876 0.783465,
        0.454775 -0.770850 0.783465,
        0.450450 -0.771198 0.783465,
        0.454883 -0.771829 0.783465,
        0.450660 -0.773131 0.783465,
        0.455164 -0.772604 0.783465,
        0.451176 -0.774574 0.783465,
        0.452062 -0.775884 0.783465,
        0.463896 -0.772799 0.779528,
        0.463361 -0.773322 0.779528,
        0.462156 -0.774135 0.779528,
        0.460862 -0.774605 0.779528,
        0.459266 -0.774783 0.779528,
        0.465724 -0.767839 0.779528,
        0.465719 -0.768121 0.779528,
        0.465445 -0.770024 0.779528,
        0.464819 -0.771545 0.779528,
        0.465724 -0.765506 0.779528,
        0.460032 -0.766272 0.779528,
        0.455907 -0.767769 0.779528,
        0.456456 -0.767346 0.779528,
        0.457462 -0.766867 0.779528,
        0.454775 -0.770850 0.779528,
        0.454811 -0.770173 0.779528,
        0.455022 -0.769196 0.779528,
        0.455396 -0.768401 0.779528,
        0.456011 -0.773687 0.779528,
        0.455648 -0.773322 0.779528,
        0.455164 -0.772604 0.779528,
        0.454883 -0.771829 0.779528,
        0.457826 -0.774621 0.779528,
        0.456861 -0.774267 0.779528,
      ]
    }
    coordIndex [
      150, 12, 13, -1,
      150, 13, 151, -1,
      151, 13, 10, -1,
      151, 10, 152, -1,
      153, 152, 9, -1,
      9, 152, 10, -1,
      154, 153, 8, -1,
      8, 153, 9, -1,
      154, 8, 155, -1,
      155, 8, 11, -1,
      155, 11, 16, -1,
      156, 155, 14, -1,
      14, 155, 16, -1,
      156, 14, 157, -1,
      157, 14, 15, -1,
      157, 15, 18, -1,
      20, 158, 17, -1,
      17, 158, 157, -1,
      17, 157, 18, -1,
      158, 20, 19, -1,
      5, 159, 19, -1,
      19, 159, 160, -1,
      19, 160, 158, -1,
      5, 4, 159, -1,
      159, 4, 29, -1,
      159, 29, 161, -1,
      161, 29, 28, -1,
      161, 28, 162, -1,
      162, 28, 27, -1,
      162, 27, 163, -1,
      163, 27, 147, -1,
      163, 147, 164, -1,
      164, 147, 22, -1,
      164, 22, 165, -1,
      166, 165, 21, -1,
      21, 165, 22, -1,
      166, 21, 26, -1,
      166, 26, 167, -1,
      167, 26, 25, -1,
      167, 25, 168, -1,
      168, 25, 24, -1,
      168, 24, 169, -1,
      169, 24, 23, -1,
      169, 23, 170, -1,
      23, 35, 170, -1,
      170, 35, 34, -1,
      170, 34, 171, -1,
      171, 34, 33, -1,
      171, 33, 172, -1,
      172, 33, 31, -1,
      172, 31, 173, -1,
      173, 31, 30, -1,
      173, 30, 174, -1,
      7, 175, 32, -1,
      32, 175, 174, -1,
      32, 174, 30, -1,
      176, 175, 6, -1,
      6, 175, 7, -1,
      150, 176, 12, -1,
      12, 176, 6, -1,
      151, 152, 174, -1,
      175, 176, 174, -1,
      174, 176, 150, -1,
      174, 150, 151, -1,
      155, 156, 154, -1,
      154, 156, 157, -1,
      154, 157, 153, -1,
      165, 166, 164, -1,
      164, 166, 167, -1,
      164, 167, 163, -1,
      163, 167, 168, -1,
      163, 168, 162, -1,
      162, 168, 169, -1,
      162, 169, 161, -1,
      161, 169, 170, -1,
      161, 170, 159, -1,
      173, 160, 172, -1,
      172, 160, 159, -1,
      172, 159, 171, -1,
      171, 159, 170, -1,
      152, 153, 174, -1,
      174, 153, 157, -1,
      174, 157, 173, -1,
      173, 157, 158, -1,
      173, 158, 160, -1,
      146, 3, 177, -1,
      177, 3, 178, -1,
      3, 2, 178, -1,
      178, 2, 53, -1,
      178, 53, 179, -1,
      179, 53, 52, -1,
      179, 52, 180, -1,
      180, 52, 40, -1,
      180, 40, 181, -1,
      181, 40, 39, -1,
      181, 39, 182, -1,
      182, 39, 47, -1,
      182, 47, 183, -1,
      183, 47, 46, -1,
      183, 46, 184, -1,
      184, 46, 45, -1,
      184, 45, 185, -1,
      185, 45, 37, -1,
      185, 37, 186, -1,
      186, 37, 36, -1,
      186, 36, 187, -1,
      187, 36, 68, -1,
      187, 68, 188, -1,
      188, 68, 67, -1,
      188, 67, 189, -1,
      189, 67, 65, -1,
      189, 65, 190, -1,
      190, 65, 63, -1,
      190, 63, 191, -1,
      191, 63, 62, -1,
      191, 62, 192, -1,
      192, 62, 61, -1,
      192, 61, 193, -1,
      193, 61, 60, -1,
      193, 60, 194, -1,
      194, 60, 59, -1,
      194, 59, 195, -1,
      195, 59, 56, -1,
      195, 56, 196, -1,
      196, 56, 71, -1,
      196, 71, 197, -1,
      197, 71, 70, -1,
      197, 70, 198, -1,
      198, 70, 69, -1,
      198, 69, 199, -1,
      199, 69, 58, -1,
      199, 58, 200, -1,
      200, 58, 57, -1,
      200, 57, 201, -1,
      201, 57, 55, -1,
      201, 55, 202, -1,
      202, 55, 54, -1,
      202, 54, 203, -1,
      203, 54, 64, -1,
      203, 64, 204, -1,
      204, 64, 66, -1,
      204, 66, 205, -1,
      205, 66, 38, -1,
      205, 38, 206, -1,
      207, 206, 50, -1,
      50, 206, 38, -1,
      207, 50, 51, -1,
      207, 51, 208, -1,
      208, 51, 49, -1,
      208, 49, 209, -1,
      209, 49, 48, -1,
      209, 48, 210, -1,
      210, 48, 44, -1,
      210, 44, 211, -1,
      211, 44, 43, -1,
      211, 43, 212, -1,
      43, 42, 212, -1,
      212, 42, 213, -1,
      42, 41, 213, -1,
      213, 41, 109, -1,
      213, 109, 214, -1,
      214, 109, 108, -1,
      214, 108, 215, -1,
      215, 108, 121, -1,
      215, 121, 216, -1,
      216, 121, 112, -1,
      216, 112, 217, -1,
      217, 112, 125, -1,
      217, 125, 218, -1,
      218, 125, 124, -1,
      218, 124, 219, -1,
      129, 220, 221, -1,
      219, 124, 123, -1,
      219, 123, 222, -1,
      222, 123, 107, -1,
      222, 107, 221, -1,
      221, 107, 130, -1,
      221, 130, 129, -1,
      220, 129, 133, -1,
      220, 133, 223, -1,
      223, 133, 144, -1,
      223, 144, 224, -1,
      224, 144, 143, -1,
      224, 143, 225, -1,
      225, 143, 142, -1,
      225, 142, 226, -1,
      226, 142, 136, -1,
      226, 136, 227, -1,
      227, 136, 135, -1,
      227, 135, 228, -1,
      228, 135, 141, -1,
      228, 141, 229, -1,
      229, 141, 140, -1,
      229, 140, 230, -1,
      230, 140, 139, -1,
      230, 139, 231, -1,
      231, 139, 138, -1,
      231, 138, 232, -1,
      232, 138, 137, -1,
      232, 137, 233, -1,
      233, 137, 134, -1,
      233, 134, 234, -1,
      234, 134, 132, -1,
      234, 132, 235, -1,
      235, 132, 131, -1,
      235, 131, 236, -1,
      75, 237, 238, -1,
      236, 131, 128, -1,
      236, 128, 239, -1,
      239, 128, 106, -1,
      239, 106, 238, -1,
      238, 106, 105, -1,
      238, 105, 75, -1,
      240, 237, 77, -1,
      77, 237, 75, -1,
      77, 1, 240, -1,
      240, 1, 241, -1,
      146, 177, 145, -1,
      145, 177, 241, -1,
      145, 241, 0, -1,
      0, 241, 1, -1,
      199, 200, 211, -1,
      211, 200, 210, -1,
      223, 190, 220, -1,
      220, 190, 191, -1,
      179, 180, 231, -1,
      231, 180, 181, -1,
      231, 181, 230, -1,
      230, 181, 182, -1,
      230, 182, 229, -1,
      229, 182, 183, -1,
      229, 183, 228, -1,
      228, 183, 184, -1,
      228, 184, 227, -1,
      227, 184, 185, -1,
      227, 185, 226, -1,
      226, 185, 186, -1,
      226, 186, 225, -1,
      225, 186, 187, -1,
      225, 187, 224, -1,
      224, 187, 188, -1,
      224, 188, 223, -1,
      223, 188, 189, -1,
      223, 189, 190, -1,
      177, 236, 241, -1,
      241, 236, 239, -1,
      241, 239, 240, -1,
      240, 239, 238, -1,
      240, 238, 237, -1,
      200, 201, 210, -1,
      210, 201, 202, -1,
      210, 202, 209, -1,
      209, 202, 203, -1,
      209, 203, 208, -1,
      208, 203, 204, -1,
      208, 204, 207, -1,
      207, 204, 205, -1,
      207, 205, 206, -1,
      231, 232, 179, -1,
      179, 232, 233, -1,
      179, 233, 178, -1,
      178, 233, 234, -1,
      178, 234, 177, -1,
      177, 234, 235, -1,
      177, 235, 236, -1,
      211, 212, 199, -1,
      199, 212, 213, -1,
      199, 213, 198, -1,
      198, 213, 214, -1,
      198, 214, 197, -1,
      197, 214, 215, -1,
      197, 215, 196, -1,
      196, 215, 216, -1,
      196, 216, 195, -1,
      195, 216, 217, -1,
      195, 217, 194, -1,
      194, 217, 218, -1,
      194, 218, 193, -1,
      193, 218, 219, -1,
      193, 219, 192, -1,
      192, 219, 222, -1,
      192, 222, 191, -1,
      191, 222, 221, -1,
      191, 221, 220, -1,
      242, 243, 244, -1,
      244, 243, 245, -1,
      246, 247, 248, -1,
      249, 250, 251, -1,
      251, 250, 252, -1,
      253, 254, 245, -1,
      245, 254, 255, -1,
      255, 256, 245, -1,
      245, 256, 257, -1,
      245, 257, 244, -1,
      244, 257, 258, -1,
      244, 258, 249, -1,
      249, 258, 259, -1,
      249, 259, 250, -1,
      248, 253, 246, -1,
      246, 253, 245, -1,
      246, 245, 260, -1,
      260, 245, 261, -1,
      260, 261, 262, -1,
      262, 261, 263, -1,
      262, 263, 264, -1,
      264, 263, 265, -1,
      264, 265, 266, -1,
      266, 265, 267, -1,
      266, 267, 268, -1,
      268, 267, 269, -1,
      268, 269, 270, -1,
      270, 269, 271, -1,
      270, 271, 272, -1,
      272, 271, 273, -1,
      272, 273, 274, -1,
      274, 273, 275, -1,
      274, 275, 276, -1,
      276, 275, 277, -1,
      276, 277, 278, -1,
      278, 277, 279, -1,
      280, 281, 282, -1,
      282, 281, 283, -1,
      282, 283, 284, -1,
      284, 283, 285, -1,
      284, 285, 286, -1,
      286, 285, 287, -1,
      286, 287, 288, -1,
      288, 287, 289, -1,
      288, 289, 290, -1,
      290, 289, 291, -1,
      290, 291, 252, -1,
      252, 291, 292, -1,
      252, 292, 251, -1,
      246, 293, 247, -1,
      247, 293, 294, -1,
      247, 294, 295, -1,
      295, 294, 296, -1,
      295, 296, 297, -1,
      297, 296, 298, -1,
      297, 298, 299, -1,
      299, 298, 300, -1,
      299, 300, 301, -1,
      301, 300, 302, -1,
      301, 302, 303, -1,
      303, 302, 304, -1,
      303, 304, 305, -1,
      305, 304, 306, -1,
      305, 306, 307, -1,
      307, 306, 308, -1,
      307, 308, 280, -1,
      280, 308, 309, -1,
      280, 309, 281, -1,
      272, 93, 92, -1,
      272, 92, 270, -1,
      270, 92, 127, -1,
      270, 127, 268, -1,
      268, 127, 126, -1,
      268, 126, 266, -1,
      266, 126, 119, -1,
      266, 119, 264, -1,
      264, 119, 118, -1,
      264, 118, 262, -1,
      262, 118, 117, -1,
      262, 117, 260, -1,
      260, 117, 116, -1,
      260, 116, 246, -1,
      293, 246, 91, -1,
      91, 246, 116, -1,
      293, 91, 89, -1,
      293, 89, 294, -1,
      294, 89, 88, -1,
      294, 88, 296, -1,
      296, 88, 73, -1,
      296, 73, 298, -1,
      298, 73, 72, -1,
      298, 72, 300, -1,
      300, 72, 98, -1,
      300, 98, 302, -1,
      302, 98, 97, -1,
      302, 97, 304, -1,
      304, 97, 84, -1,
      304, 84, 306, -1,
      306, 84, 83, -1,
      306, 83, 308, -1,
      308, 83, 96, -1,
      308, 96, 309, -1,
      309, 96, 95, -1,
      309, 95, 281, -1,
      148, 287, 87, -1,
      87, 287, 285, -1,
      87, 285, 86, -1,
      86, 285, 283, -1,
      86, 283, 85, -1,
      85, 283, 281, -1,
      85, 281, 95, -1,
      287, 148, 149, -1,
      287, 149, 289, -1,
      289, 149, 82, -1,
      289, 82, 291, -1,
      82, 80, 291, -1,
      291, 80, 79, -1,
      291, 79, 292, -1,
      292, 79, 101, -1,
      292, 101, 251, -1,
      251, 101, 100, -1,
      251, 100, 249, -1,
      244, 249, 99, -1,
      99, 249, 100, -1,
      242, 244, 81, -1,
      81, 244, 99, -1,
      243, 242, 78, -1,
      78, 242, 81, -1,
      245, 243, 76, -1,
      76, 243, 78, -1,
      245, 76, 111, -1,
      245, 111, 261, -1,
      261, 111, 120, -1,
      261, 120, 263, -1,
      263, 120, 110, -1,
      263, 110, 265, -1,
      265, 110, 122, -1,
      265, 122, 267, -1,
      267, 122, 115, -1,
      267, 115, 269, -1,
      269, 115, 114, -1,
      269, 114, 271, -1,
      271, 114, 113, -1,
      271, 113, 273, -1,
      273, 113, 104, -1,
      273, 104, 275, -1,
      275, 104, 103, -1,
      275, 103, 277, -1,
      277, 103, 102, -1,
      277, 102, 279, -1,
      278, 279, 74, -1,
      74, 279, 102, -1,
      278, 74, 90, -1,
      278, 90, 276, -1,
      276, 90, 94, -1,
      276, 94, 274, -1,
      274, 94, 93, -1,
      274, 93, 272, -1,
      259, 310, 311, -1,
      259, 311, 250, -1,
      250, 311, 312, -1,
      250, 312, 252, -1,
      252, 312, 313, -1,
      252, 313, 290, -1,
      290, 313, 314, -1,
      290, 314, 288, -1,
      255, 315, 316, -1,
      255, 316, 256, -1,
      256, 316, 317, -1,
      256, 317, 257, -1,
      257, 317, 318, -1,
      257, 318, 258, -1,
      258, 318, 310, -1,
      258, 310, 259, -1,
      255, 254, 315, -1,
      315, 254, 319, -1,
      254, 253, 319, -1,
      319, 253, 320, -1,
      295, 321, 322, -1,
      295, 322, 247, -1,
      247, 322, 323, -1,
      247, 323, 248, -1,
      248, 323, 320, -1,
      248, 320, 253, -1,
      303, 324, 325, -1,
      303, 325, 301, -1,
      301, 325, 326, -1,
      301, 326, 299, -1,
      299, 326, 327, -1,
      299, 327, 297, -1,
      297, 327, 321, -1,
      297, 321, 295, -1,
      282, 328, 329, -1,
      282, 329, 280, -1,
      280, 329, 330, -1,
      280, 330, 307, -1,
      307, 330, 331, -1,
      307, 331, 305, -1,
      305, 331, 324, -1,
      305, 324, 303, -1,
      288, 314, 332, -1,
      288, 332, 286, -1,
      286, 332, 333, -1,
      286, 333, 284, -1,
      284, 333, 328, -1,
      284, 328, 282, -1,
    ]
  }
}

Shape {
  appearance Appearance {
    material Material {
      diffuseColor 0.2078 0.2078 0.2078
      specularColor 0.0157 0.0157 0.0157
      ambientIntensity 0.2
      transparency 0.0000
      shininess 0.5
    }
  }
  geometry IndexedFaceSet {
    ccw TRUE
    solid FALSE
    coord DEF co Coordinate {
      point [
        0.463896 -0.772799 0.779528,
        0.463361 -0.773322 0.779528,
        0.462156 -0.774135 0.779528,
        0.460862 -0.774605 0.779528,
        0.459266 -0.774783 0.779528,
        0.465724 -0.767839 0.779528,
        0.465719 -0.768121 0.779528,
        0.465445 -0.770024 0.779528,
        0.464819 -0.771545 0.779528,
        0.465724 -0.765506 0.779528,
        0.460032 -0.766272 0.779528,
        0.455907 -0.767769 0.779528,
        0.456456 -0.767346 0.779528,
        0.457462 -0.766867 0.779528,
        0.454775 -0.770850 0.779528,
        0.454811 -0.770173 0.779528,
        0.455022 -0.769196 0.779528,
        0.455396 -0.768401 0.779528,
        0.456011 -0.773687 0.779528,
        0.455648 -0.773322 0.779528,
        0.455164 -0.772604 0.779528,
        0.454883 -0.771829 0.779528,
        0.457826 -0.774621 0.779528,
        0.456861 -0.774267 0.779528,
      ]
    }
    coordIndex [
      6, 5, 11, -1,
      5, 9, 10, -1,
      10, 13, 5, -1,
      5, 13, 12, -1,
      5, 12, 11, -1,
      6, 11, 7, -1,
      7, 11, 17, -1,
      7, 17, 8, -1,
      19, 18, 1, -1,
      19, 1, 20, -1,
      2, 1, 3, -1,
      3, 1, 4, -1,
      17, 16, 8, -1,
      8, 16, 15, -1,
      8, 15, 0, -1,
      0, 15, 14, -1,
      0, 14, 1, -1,
      1, 14, 21, -1,
      1, 21, 20, -1,
      18, 23, 1, -1,
      1, 23, 22, -1,
      1, 22, 4, -1,
    ]
  }
}

Shape {
  appearance Appearance {
    material Material {
      diffuseColor 1.0000 1.0000 1.0000
      specularColor 0.5020 0.5020 0.5020
      ambientIntensity 0.2
      transparency 0.0000
      shininess 0.5
    }
  }
  geometry IndexedFaceSet {
    ccw TRUE
    solid FALSE
    coord DEF co Coordinate {
      point [
        0.352951 -0.686157 0.779528,
        0.357656 -0.689365 0.779528,
        0.363140 -0.693105 0.779528,
        0.371187 -0.702427 0.779528,
        0.398241 -0.733967 0.779528,
        0.396106 -0.728637 0.779528,
        0.391165 -0.721752 0.779528,
        0.384599 -0.716199 0.779528,
        0.376211 -0.712228 0.779528,
        0.377395 -0.712625 0.779528,
        0.307332 -0.686166 0.779528,
        0.318511 -0.681927 0.779528,
        0.330220 -0.680518 0.779528,
        0.340864 -0.681712 0.779528,
        0.302136 -0.689365 0.779528,
        0.301173 -0.689958 0.779528,
        0.246355 -0.733967 0.779528,
        0.247435 -0.727920 0.779528,
        0.251298 -0.719206 0.779528,
        0.257119 -0.711743 0.779528,
        0.275418 -0.701303 0.779528,
        0.284956 -0.700125 0.779528,
        0.295485 -0.694830 0.779528,
        0.287739 -0.700276 0.779528,
        0.290523 -0.700609 0.779528,
        0.258752 -0.710197 0.779528,
        0.266452 -0.704785 0.779528,
        0.272211 -0.776425 0.779528,
        0.263463 -0.772164 0.779528,
        0.255908 -0.765722 0.779528,
        0.250382 -0.757834 0.779528,
        0.246914 -0.748822 0.779528,
        0.245742 -0.739338 0.779528,
        0.245810 -0.737018 0.779528,
        0.275273 -0.777341 0.779528,
        0.275578 -0.777994 0.779528,
        0.277705 -0.782542 0.779528,
        0.281306 -0.786983 0.779528,
        0.308289 -0.791481 0.779528,
        0.304133 -0.793078 0.779528,
        0.298269 -0.793801 0.779528,
        0.297344 -0.793784 0.779528,
        0.291628 -0.792895 0.779528,
        0.288259 -0.791481 0.779528,
        0.286043 -0.790550 0.779528,
        0.320948 -0.777994 0.779528,
        0.320921 -0.778106 0.779528,
        0.318054 -0.783498 0.779528,
        0.314352 -0.787647 0.779528,
        0.309531 -0.791003 0.779528,
        0.351858 -0.763715 0.779528,
        0.353519 -0.763059 0.779528,
        0.356363 -0.749263 0.779528,
        0.316423 -0.753378 0.779528,
        0.348859 -0.736433 0.779528,
        0.312188 -0.749523 0.779528,
        0.307051 -0.746771 0.779528,
        0.350369 -0.764770 0.779528,
        0.396026 -0.760236 0.779528,
        0.391219 -0.766933 0.779528,
        0.385047 -0.742041 0.779528,
        0.383906 -0.737393 0.779528,
        0.382056 -0.733967 0.779528,
        0.261594 -0.733967 0.779528,
        0.399067 -0.736030 0.779528,
        0.400175 -0.743937 0.779528,
        0.399066 -0.752572 0.779528,
        0.355394 -0.762818 0.779528,
        0.355630 -0.762835 0.779528,
        0.356356 -0.762996 0.779528,
        0.263023 -0.748524 0.779528,
        0.265897 -0.753411 0.779528,
        0.278187 -0.755925 0.779528,
        0.270236 -0.757871 0.779528,
        0.275515 -0.761124 0.779528,
        0.287136 -0.747908 0.779528,
        0.282188 -0.751348 0.779528,
        0.260992 -0.738854 0.779528,
        0.261283 -0.742601 0.779528,
        0.292483 -0.745861 0.779528,
        0.298269 -0.745148 0.779528,
        0.301207 -0.745322 0.779528,
        0.384635 -0.772507 0.779528,
        0.377249 -0.776122 0.779528,
        0.369192 -0.777826 0.779528,
        0.347891 -0.770322 0.779528,
        0.347952 -0.769366 0.779528,
        0.322474 -0.767175 0.779528,
        0.348438 -0.767524 0.779528,
        0.349369 -0.765872 0.779528,
        0.380252 -0.756985 0.779528,
        0.382916 -0.753211 0.779528,
        0.384585 -0.748897 0.779528,
        0.385168 -0.744179 0.779528,
        0.354910 -0.777826 0.779528,
        0.353547 -0.777606 0.779528,
        0.351946 -0.776976 0.779528,
        0.350376 -0.775859 0.779528,
        0.349813 -0.775287 0.779528,
        0.348758 -0.773766 0.779528,
        0.348120 -0.772125 0.779528,
        0.322342 -0.772131 0.779528,
        0.322474 -0.769595 0.779528,
        0.356847 -0.763060 0.779528,
        0.367739 -0.763060 0.779528,
        0.372096 -0.762224 0.779528,
        0.376366 -0.760242 0.779528,
        0.379943 -0.757317 0.779528,
        0.359123 -0.710743 0.779528,
        0.353660 -0.704223 0.779528,
        0.298026 -0.718279 0.779528,
        0.353066 -0.703682 0.779528,
        0.346266 -0.698961 0.779528,
        0.301726 -0.710620 0.779528,
        0.296320 -0.717345 0.779528,
        0.290894 -0.715356 0.779528,
        0.381652 -0.733219 0.779528,
        0.378874 -0.730119 0.779528,
        0.366287 -0.725299 0.779528,
        0.375120 -0.727496 0.779528,
        0.370896 -0.725868 0.779528,
        0.364351 -0.725299 0.779528,
        0.362863 -0.718539 0.779528,
        0.276687 -0.716202 0.779528,
        0.271294 -0.719069 0.779528,
        0.282661 -0.714781 0.779528,
        0.267146 -0.722770 0.779528,
        0.263790 -0.727591 0.779528,
        0.307156 -0.704134 0.779528,
        0.338676 -0.696052 0.779528,
        0.313641 -0.699396 0.779528,
        0.330462 -0.695041 0.779528,
        0.321548 -0.696190 0.779528,
        0.285197 -0.714648 0.779528,
        0.261715 -0.732989 0.779528,
        0.277705 -0.782542 0.783465,
        0.281306 -0.786983 0.783465,
        0.275515 -0.761124 0.783465,
        0.322474 -0.767175 0.783465,
        0.356363 -0.749263 0.783465,
        0.307400 -0.768707 0.783465,
        0.306848 -0.766463 0.783465,
        0.271294 -0.719069 0.783465,
        0.276687 -0.716202 0.783465,
        0.275418 -0.701303 0.783465,
        0.316423 -0.753378 0.783465,
        0.298026 -0.760397 0.783465,
        0.300042 -0.760616 0.783465,
        0.290523 -0.700609 0.783465,
        0.298026 -0.718279 0.783465,
        0.301726 -0.710620 0.783465,
        0.302290 -0.761421 0.783465,
        0.304237 -0.762735 0.783465,
        0.305796 -0.764476 0.783465,
        0.270236 -0.757871 0.783465,
        0.272211 -0.776425 0.783465,
        0.275273 -0.777341 0.783465,
        0.284956 -0.700125 0.783465,
        0.348859 -0.736433 0.783465,
        0.322474 -0.769595 0.783465,
        0.307404 -0.770922 0.783465,
        0.322342 -0.772131 0.783465,
        0.295659 -0.760701 0.783465,
        0.292483 -0.745861 0.783465,
        0.293545 -0.761535 0.783465,
        0.287136 -0.747908 0.783465,
        0.291653 -0.762881 0.783465,
        0.282188 -0.751348 0.783465,
        0.290696 -0.763893 0.783465,
        0.278187 -0.755925 0.783465,
        0.289445 -0.765895 0.783465,
        0.288731 -0.768173 0.783465,
        0.288611 -0.770532 0.783465,
        0.307051 -0.746771 0.783465,
        0.301207 -0.745322 0.783465,
        0.298269 -0.745148 0.783465,
        0.364351 -0.725299 0.783465,
        0.366287 -0.725299 0.783465,
        0.376211 -0.712228 0.783465,
        0.370896 -0.725868 0.783465,
        0.377395 -0.712625 0.783465,
        0.375120 -0.727496 0.783465,
        0.384599 -0.716199 0.783465,
        0.391165 -0.721752 0.783465,
        0.295485 -0.694830 0.783465,
        0.307156 -0.704134 0.783465,
        0.301173 -0.689958 0.783465,
        0.313641 -0.699396 0.783465,
        0.307332 -0.686166 0.783465,
        0.282661 -0.714781 0.783465,
        0.285197 -0.714648 0.783465,
        0.287739 -0.700276 0.783465,
        0.290894 -0.715356 0.783465,
        0.296320 -0.717345 0.783465,
        0.391219 -0.766933 0.783465,
        0.379943 -0.757317 0.783465,
        0.384635 -0.772507 0.783465,
        0.376366 -0.760242 0.783465,
        0.377249 -0.776122 0.783465,
        0.372096 -0.762224 0.783465,
        0.369192 -0.777826 0.783465,
        0.367739 -0.763060 0.783465,
        0.354910 -0.777826 0.783465,
        0.356847 -0.763060 0.783465,
        0.353547 -0.777606 0.783465,
        0.312188 -0.749523 0.783465,
        0.378874 -0.730119 0.783465,
        0.381652 -0.733219 0.783465,
        0.396106 -0.728637 0.783465,
        0.383906 -0.737393 0.783465,
        0.399067 -0.736030 0.783465,
        0.385047 -0.742041 0.783465,
        0.400175 -0.743937 0.783465,
        0.385168 -0.744179 0.783465,
        0.399066 -0.752572 0.783465,
        0.384585 -0.748897 0.783465,
        0.396026 -0.760236 0.783465,
        0.382916 -0.753211 0.783465,
        0.380252 -0.756985 0.783465,
        0.363140 -0.693105 0.783465,
        0.353660 -0.704223 0.783465,
        0.371187 -0.702427 0.783465,
        0.359123 -0.710743 0.783465,
        0.362863 -0.718539 0.783465,
        0.261715 -0.732989 0.783465,
        0.245810 -0.737018 0.783465,
        0.260992 -0.738854 0.783465,
        0.245742 -0.739338 0.783465,
        0.261283 -0.742601 0.783465,
        0.246914 -0.748822 0.783465,
        0.263023 -0.748524 0.783465,
        0.250382 -0.757834 0.783465,
        0.265897 -0.753411 0.783465,
        0.255908 -0.765722 0.783465,
        0.263463 -0.772164 0.783465,
        0.289059 -0.772802 0.783465,
        0.290017 -0.774837 0.783465,
        0.318511 -0.681927 0.783465,
        0.321548 -0.696190 0.783465,
        0.330220 -0.680518 0.783465,
        0.330462 -0.695041 0.783465,
        0.340864 -0.681712 0.783465,
        0.338676 -0.696052 0.783465,
        0.352951 -0.686157 0.783465,
        0.346266 -0.698961 0.783465,
        0.353066 -0.703682 0.783465,
        0.266452 -0.704785 0.783465,
        0.258752 -0.710197 0.783465,
        0.267146 -0.722770 0.783465,
        0.257119 -0.711743 0.783465,
        0.263790 -0.727591 0.783465,
        0.251298 -0.719206 0.783465,
        0.247435 -0.727920 0.783465,
        0.320921 -0.778106 0.783465,
        0.306826 -0.773246 0.783465,
        0.318054 -0.783498 0.783465,
        0.305700 -0.775325 0.783465,
        0.314352 -0.787647 0.783465,
        0.304386 -0.776809 0.783465,
        0.309531 -0.791003 0.783465,
        0.302548 -0.778128 0.783465,
        0.304133 -0.793078 0.783465,
        0.300451 -0.778965 0.783465,
        0.298269 -0.793801 0.783465,
        0.298026 -0.779278 0.783465,
        0.297344 -0.793784 0.783465,
        0.297614 -0.779269 0.783465,
        0.291628 -0.792895 0.783465,
        0.295441 -0.778915 0.783465,
        0.286043 -0.790550 0.783465,
        0.293253 -0.777975 0.783465,
        0.291400 -0.776555 0.783465,
        0.355630 -0.762835 0.783465,
        0.349813 -0.775287 0.783465,
        0.350376 -0.775859 0.783465,
        0.356356 -0.762996 0.783465,
        0.351946 -0.776976 0.783465,
        0.347891 -0.770322 0.783465,
        0.348120 -0.772125 0.783465,
        0.348758 -0.773766 0.783465,
        0.353519 -0.763059 0.783465,
        0.351858 -0.763715 0.783465,
        0.347952 -0.769366 0.783465,
        0.350369 -0.764770 0.783465,
        0.349369 -0.765872 0.783465,
        0.348438 -0.767524 0.783465,
        0.355394 -0.762818 0.783465,
        0.298026 -0.760397 0.779528,
        0.300042 -0.760616 0.779528,
        0.302290 -0.761421 0.779528,
        0.304237 -0.762735 0.779528,
        0.305796 -0.764476 0.779528,
        0.306848 -0.766463 0.779528,
        0.307400 -0.768707 0.779528,
        0.307404 -0.770922 0.779528,
        0.306826 -0.773246 0.779528,
        0.305700 -0.775325 0.779528,
        0.304386 -0.776809 0.779528,
        0.302548 -0.778128 0.779528,
        0.300451 -0.778965 0.779528,
        0.298026 -0.779278 0.779528,
        0.297614 -0.779269 0.779528,
        0.295441 -0.778915 0.779528,
        0.293253 -0.777975 0.779528,
        0.291400 -0.776555 0.779528,
        0.290017 -0.774837 0.779528,
        0.289059 -0.772802 0.779528,
        0.288611 -0.770532 0.779528,
        0.288731 -0.768173 0.779528,
        0.289445 -0.765895 0.779528,
        0.290696 -0.763893 0.779528,
        0.291653 -0.762881 0.779528,
        0.293545 -0.761535 0.779528,
        0.295659 -0.760701 0.779528,
      ]
    }
    coordIndex [
      135, 136, 137, -1,
      138, 139, 140, -1,
      140, 139, 141, -1,
      142, 143, 144, -1,
      145, 146, 147, -1,
      148, 149, 150, -1,
      147, 151, 145, -1,
      145, 151, 152, -1,
      145, 152, 153, -1,
      154, 155, 137, -1,
      137, 155, 156, -1,
      137, 156, 135, -1,
      144, 143, 157, -1,
      141, 139, 153, -1,
      153, 139, 158, -1,
      153, 158, 145, -1,
      138, 140, 159, -1,
      159, 140, 160, -1,
      159, 160, 161, -1,
      162, 163, 164, -1,
      164, 163, 165, -1,
      164, 165, 166, -1,
      166, 165, 167, -1,
      166, 167, 168, -1,
      168, 167, 169, -1,
      168, 169, 170, -1,
      170, 169, 137, -1,
      170, 137, 171, -1,
      171, 137, 172, -1,
      173, 174, 162, -1,
      162, 174, 175, -1,
      162, 175, 163, -1,
      176, 177, 178, -1,
      178, 177, 179, -1,
      178, 179, 180, -1,
      180, 179, 181, -1,
      180, 181, 182, -1,
      182, 181, 183, -1,
      148, 150, 184, -1,
      184, 150, 185, -1,
      184, 185, 186, -1,
      186, 185, 187, -1,
      186, 187, 188, -1,
      143, 189, 157, -1,
      157, 189, 190, -1,
      157, 190, 191, -1,
      191, 190, 192, -1,
      191, 192, 148, -1,
      148, 192, 193, -1,
      148, 193, 149, -1,
      194, 195, 196, -1,
      196, 195, 197, -1,
      196, 197, 198, -1,
      198, 197, 199, -1,
      198, 199, 200, -1,
      200, 199, 201, -1,
      200, 201, 202, -1,
      202, 201, 203, -1,
      202, 203, 204, -1,
      146, 145, 162, -1,
      162, 145, 205, -1,
      162, 205, 173, -1,
      181, 206, 183, -1,
      183, 206, 207, -1,
      183, 207, 208, -1,
      208, 207, 209, -1,
      208, 209, 210, -1,
      210, 209, 211, -1,
      210, 211, 212, -1,
      212, 211, 213, -1,
      212, 213, 214, -1,
      214, 213, 215, -1,
      214, 215, 216, -1,
      216, 215, 217, -1,
      216, 217, 194, -1,
      194, 217, 218, -1,
      194, 218, 195, -1,
      219, 220, 221, -1,
      221, 220, 222, -1,
      221, 222, 178, -1,
      178, 222, 223, -1,
      178, 223, 176, -1,
      224, 225, 226, -1,
      226, 225, 227, -1,
      226, 227, 228, -1,
      228, 227, 229, -1,
      228, 229, 230, -1,
      230, 229, 231, -1,
      230, 231, 232, -1,
      232, 231, 233, -1,
      232, 233, 154, -1,
      154, 233, 234, -1,
      154, 234, 155, -1,
      172, 137, 235, -1,
      235, 137, 136, -1,
      235, 136, 236, -1,
      188, 187, 237, -1,
      237, 187, 238, -1,
      237, 238, 239, -1,
      239, 238, 240, -1,
      239, 240, 241, -1,
      241, 240, 242, -1,
      241, 242, 243, -1,
      243, 242, 244, -1,
      243, 244, 219, -1,
      219, 244, 245, -1,
      219, 245, 220, -1,
      144, 246, 142, -1,
      142, 246, 247, -1,
      142, 247, 248, -1,
      248, 247, 249, -1,
      248, 249, 250, -1,
      250, 249, 251, -1,
      250, 251, 224, -1,
      224, 251, 252, -1,
      224, 252, 225, -1,
      161, 160, 253, -1,
      253, 160, 254, -1,
      253, 254, 255, -1,
      255, 254, 256, -1,
      255, 256, 257, -1,
      257, 256, 258, -1,
      257, 258, 259, -1,
      259, 258, 260, -1,
      259, 260, 261, -1,
      261, 260, 262, -1,
      261, 262, 263, -1,
      263, 262, 264, -1,
      263, 264, 265, -1,
      265, 264, 266, -1,
      265, 266, 267, -1,
      267, 266, 268, -1,
      267, 268, 269, -1,
      269, 268, 270, -1,
      269, 270, 136, -1,
      136, 270, 271, -1,
      136, 271, 236, -1,
      272, 273, 274, -1,
      203, 275, 204, -1,
      204, 275, 272, -1,
      204, 272, 276, -1,
      276, 272, 274, -1,
      277, 278, 272, -1,
      272, 278, 279, -1,
      272, 279, 273, -1,
      280, 281, 282, -1,
      281, 283, 282, -1,
      282, 283, 284, -1,
      282, 284, 285, -1,
      277, 272, 282, -1,
      282, 272, 286, -1,
      282, 286, 280, -1,
      212, 65, 64, -1,
      212, 64, 210, -1,
      210, 64, 4, -1,
      210, 4, 208, -1,
      4, 5, 208, -1,
      208, 5, 6, -1,
      208, 6, 183, -1,
      183, 6, 7, -1,
      183, 7, 182, -1,
      182, 7, 9, -1,
      182, 9, 180, -1,
      180, 9, 8, -1,
      180, 8, 178, -1,
      178, 8, 3, -1,
      178, 3, 221, -1,
      221, 3, 2, -1,
      221, 2, 219, -1,
      219, 2, 243, -1,
      243, 2, 1, -1,
      1, 0, 243, -1,
      243, 0, 13, -1,
      243, 13, 241, -1,
      241, 13, 12, -1,
      241, 12, 239, -1,
      15, 186, 14, -1,
      14, 186, 188, -1,
      14, 188, 10, -1,
      10, 188, 237, -1,
      10, 237, 11, -1,
      11, 237, 239, -1,
      11, 239, 12, -1,
      186, 15, 22, -1,
      186, 22, 184, -1,
      184, 22, 24, -1,
      184, 24, 148, -1,
      148, 24, 23, -1,
      148, 23, 191, -1,
      191, 23, 21, -1,
      191, 21, 157, -1,
      157, 21, 20, -1,
      157, 20, 144, -1,
      144, 20, 26, -1,
      144, 26, 246, -1,
      246, 26, 25, -1,
      246, 25, 247, -1,
      247, 25, 19, -1,
      247, 19, 249, -1,
      17, 251, 18, -1,
      18, 251, 249, -1,
      18, 249, 19, -1,
      16, 225, 17, -1,
      17, 225, 252, -1,
      17, 252, 251, -1,
      16, 33, 225, -1,
      225, 33, 32, -1,
      225, 32, 227, -1,
      227, 32, 31, -1,
      227, 31, 229, -1,
      229, 31, 30, -1,
      229, 30, 231, -1,
      231, 30, 29, -1,
      231, 29, 233, -1,
      233, 29, 28, -1,
      233, 28, 234, -1,
      234, 28, 27, -1,
      234, 27, 155, -1,
      155, 27, 34, -1,
      155, 34, 156, -1,
      156, 34, 35, -1,
      156, 35, 135, -1,
      35, 36, 135, -1,
      135, 36, 37, -1,
      135, 37, 136, -1,
      136, 37, 44, -1,
      136, 44, 269, -1,
      269, 44, 43, -1,
      269, 43, 267, -1,
      43, 42, 267, -1,
      267, 42, 41, -1,
      267, 41, 265, -1,
      265, 41, 40, -1,
      265, 40, 263, -1,
      102, 159, 161, -1,
      263, 40, 39, -1,
      263, 39, 261, -1,
      261, 39, 38, -1,
      261, 38, 259, -1,
      38, 49, 259, -1,
      259, 49, 48, -1,
      259, 48, 257, -1,
      257, 48, 47, -1,
      257, 47, 255, -1,
      255, 47, 46, -1,
      255, 46, 253, -1,
      253, 46, 45, -1,
      253, 45, 161, -1,
      161, 45, 101, -1,
      161, 101, 102, -1,
      138, 159, 87, -1,
      87, 159, 102, -1,
      139, 138, 52, -1,
      52, 138, 87, -1,
      158, 139, 54, -1,
      54, 139, 52, -1,
      145, 158, 53, -1,
      53, 158, 54, -1,
      145, 53, 55, -1,
      145, 55, 205, -1,
      205, 55, 56, -1,
      205, 56, 173, -1,
      173, 56, 81, -1,
      173, 81, 174, -1,
      174, 81, 80, -1,
      174, 80, 175, -1,
      175, 80, 79, -1,
      175, 79, 163, -1,
      163, 79, 75, -1,
      163, 75, 165, -1,
      165, 75, 76, -1,
      165, 76, 167, -1,
      167, 76, 72, -1,
      167, 72, 169, -1,
      169, 72, 74, -1,
      169, 74, 137, -1,
      137, 74, 73, -1,
      137, 73, 154, -1,
      154, 73, 71, -1,
      154, 71, 232, -1,
      232, 71, 70, -1,
      232, 70, 230, -1,
      230, 70, 78, -1,
      230, 78, 228, -1,
      228, 78, 77, -1,
      228, 77, 226, -1,
      77, 63, 226, -1,
      226, 63, 224, -1,
      63, 134, 224, -1,
      224, 134, 127, -1,
      224, 127, 250, -1,
      250, 127, 126, -1,
      250, 126, 248, -1,
      248, 126, 124, -1,
      248, 124, 142, -1,
      142, 124, 123, -1,
      142, 123, 143, -1,
      143, 123, 125, -1,
      143, 125, 189, -1,
      189, 125, 133, -1,
      189, 133, 190, -1,
      190, 133, 115, -1,
      190, 115, 192, -1,
      192, 115, 114, -1,
      192, 114, 193, -1,
      193, 114, 110, -1,
      193, 110, 149, -1,
      149, 110, 113, -1,
      149, 113, 150, -1,
      150, 113, 128, -1,
      150, 128, 185, -1,
      185, 128, 130, -1,
      185, 130, 187, -1,
      187, 130, 132, -1,
      187, 132, 238, -1,
      238, 132, 131, -1,
      238, 131, 240, -1,
      240, 131, 129, -1,
      240, 129, 242, -1,
      242, 129, 112, -1,
      242, 112, 244, -1,
      244, 112, 111, -1,
      244, 111, 245, -1,
      245, 111, 109, -1,
      245, 109, 220, -1,
      220, 109, 108, -1,
      220, 108, 222, -1,
      222, 108, 122, -1,
      222, 122, 223, -1,
      223, 122, 121, -1,
      223, 121, 176, -1,
      177, 176, 118, -1,
      118, 176, 121, -1,
      177, 118, 120, -1,
      177, 120, 179, -1,
      179, 120, 119, -1,
      179, 119, 181, -1,
      181, 119, 117, -1,
      181, 117, 206, -1,
      206, 117, 116, -1,
      206, 116, 207, -1,
      207, 116, 62, -1,
      207, 62, 209, -1,
      62, 61, 209, -1,
      209, 61, 60, -1,
      209, 60, 211, -1,
      211, 60, 93, -1,
      211, 93, 213, -1,
      213, 93, 92, -1,
      213, 92, 215, -1,
      215, 92, 91, -1,
      215, 91, 217, -1,
      217, 91, 90, -1,
      217, 90, 218, -1,
      218, 90, 107, -1,
      218, 107, 195, -1,
      195, 107, 106, -1,
      195, 106, 197, -1,
      197, 106, 105, -1,
      197, 105, 199, -1,
      199, 105, 104, -1,
      199, 104, 201, -1,
      203, 201, 103, -1,
      103, 201, 104, -1,
      203, 103, 69, -1,
      203, 69, 275, -1,
      275, 69, 68, -1,
      275, 68, 272, -1,
      272, 68, 67, -1,
      272, 67, 286, -1,
      286, 67, 51, -1,
      286, 51, 280, -1,
      280, 51, 50, -1,
      280, 50, 281, -1,
      281, 50, 57, -1,
      281, 57, 283, -1,
      283, 57, 89, -1,
      283, 89, 284, -1,
      284, 89, 88, -1,
      284, 88, 285, -1,
      285, 88, 86, -1,
      285, 86, 282, -1,
      282, 86, 85, -1,
      282, 85, 277, -1,
      277, 85, 100, -1,
      277, 100, 278, -1,
      278, 100, 99, -1,
      278, 99, 279, -1,
      279, 99, 98, -1,
      279, 98, 273, -1,
      273, 98, 97, -1,
      273, 97, 274, -1,
      274, 97, 96, -1,
      274, 96, 276, -1,
      276, 96, 95, -1,
      276, 95, 204, -1,
      204, 95, 94, -1,
      204, 94, 202, -1,
      200, 202, 84, -1,
      84, 202, 94, -1,
      200, 84, 83, -1,
      200, 83, 198, -1,
      198, 83, 82, -1,
      198, 82, 196, -1,
      196, 82, 59, -1,
      196, 59, 194, -1,
      194, 59, 58, -1,
      194, 58, 216, -1,
      216, 58, 66, -1,
      216, 66, 214, -1,
      214, 66, 65, -1,
      214, 65, 212, -1,
      146, 287, 288, -1,
      146, 288, 147, -1,
      147, 288, 289, -1,
      147, 289, 151, -1,
      151, 289, 290, -1,
      151, 290, 152, -1,
      152, 290, 291, -1,
      152, 291, 153, -1,
      153, 291, 292, -1,
      153, 292, 141, -1,
      141, 292, 293, -1,
      141, 293, 140, -1,
      140, 293, 294, -1,
      140, 294, 160, -1,
      160, 294, 295, -1,
      160, 295, 254, -1,
      254, 295, 296, -1,
      254, 296, 256, -1,
      256, 296, 297, -1,
      256, 297, 258, -1,
      258, 297, 298, -1,
      258, 298, 260, -1,
      260, 298, 299, -1,
      260, 299, 262, -1,
      262, 299, 300, -1,
      262, 300, 264, -1,
      264, 300, 301, -1,
      264, 301, 266, -1,
      266, 301, 302, -1,
      266, 302, 268, -1,
      268, 302, 303, -1,
      268, 303, 270, -1,
      270, 303, 304, -1,
      270, 304, 271, -1,
      271, 304, 305, -1,
      271, 305, 236, -1,
      236, 305, 306, -1,
      236, 306, 235, -1,
      235, 306, 307, -1,
      235, 307, 172, -1,
      172, 307, 308, -1,
      172, 308, 171, -1,
      171, 308, 309, -1,
      171, 309, 170, -1,
      170, 309, 310, -1,
      170, 310, 168, -1,
      168, 310, 311, -1,
      168, 311, 166, -1,
      166, 311, 312, -1,
      166, 312, 164, -1,
      164, 312, 313, -1,
      164, 313, 162, -1,
      162, 313, 287, -1,
      162, 287, 146, -1,
    ]
  }
}

Shape {
  appearance Appearance {
    material Material {
      diffuseColor 0.2078 0.2078 0.2078
      specularColor 0.0157 0.0157 0.0157
      ambientIntensity 0.2
      transparency 0.0000
      shininess 0.5
    }
  }
  geometry IndexedFaceSet {
    ccw TRUE
    solid FALSE
    coord DEF co Coordinate {
      point [
        0.298026 -0.760397 0.779528,
        0.300042 -0.760616 0.779528,
        0.302290 -0.761421 0.779528,
        0.304237 -0.762735 0.779528,
        0.305796 -0.764476 0.779528,
        0.306848 -0.766463 0.779528,
        0.307400 -0.768707 0.779528,
        0.307404 -0.770922 0.779528,
        0.306826 -0.773246 0.779528,
        0.305700 -0.775325 0.779528,
        0.304386 -0.776809 0.779528,
        0.302548 -0.778128 0.779528,
        0.300451 -0.778965 0.779528,
        0.298026 -0.779278 0.779528,
        0.297614 -0.779269 0.779528,
        0.295441 -0.778915 0.779528,
        0.293253 -0.777975 0.779528,
        0.291400 -0.776555 0.779528,
        0.290017 -0.774837 0.779528,
        0.289059 -0.772802 0.779528,
        0.288611 -0.770532 0.779528,
        0.288731 -0.768173 0.779528,
        0.289445 -0.765895 0.779528,
        0.290696 -0.763893 0.779528,
        0.291653 -0.762881 0.779528,
        0.293545 -0.761535 0.779528,
        0.295659 -0.760701 0.779528,
      ]
    }
    coordIndex [
      14, 24, 23, -1,
      12, 11, 1, -1,
      0, 26, 14, -1,
      14, 26, 25, -1,
      14, 25, 24, -1,
      19, 18, 23, -1,
      23, 18, 17, -1,
      0, 14, 1, -1,
      1, 14, 13, -1,
      1, 13, 12, -1,
      22, 21, 23, -1,
      23, 21, 20, -1,
      23, 20, 19, -1,
      17, 16, 23, -1,
      23, 16, 15, -1,
      23, 15, 14, -1,
      11, 10, 1, -1,
      1, 10, 9, -1,
      1, 9, 8, -1,
      8, 7, 1, -1,
      1, 7, 6, -1,
      1, 6, 5, -1,
      5, 4, 1, -1,
      1, 4, 3, -1,
      1, 3, 2, -1,
    ]
  }
}

Shape {
  appearance Appearance {
    material Material {
      diffuseColor 1.0000 1.0000 1.0000
      specularColor 0.5020 0.5020 0.5020
      ambientIntensity 0.2
      transparency 0.0000
      shininess 0.5
    }
  }
  geometry IndexedFaceSet {
    ccw TRUE
    solid FALSE
    coord DEF co Coordinate {
      point [
        0.523448 -0.721494 0.779528,
        0.520046 -0.722815 0.779528,
        0.520046 -0.690477 0.779528,
        0.523470 -0.691728 0.779528,
        0.530355 -0.698327 0.779528,
        0.531610 -0.701579 0.779528,
        0.532169 -0.706240 0.779528,
        0.527035 -0.694161 0.779528,
        0.528252 -0.695353 0.779528,
        0.531996 -0.709040 0.779528,
        0.531054 -0.712929 0.779528,
        0.529254 -0.716382 0.779528,
        0.527035 -0.718929 0.779528,
        0.514163 -0.689653 0.779528,
        0.519362 -0.690227 0.779528,
        0.519560 -0.723004 0.779528,
        0.513815 -0.723698 0.779528,
        0.504451 -0.723698 0.779528,
        0.504451 -0.689653 0.779528,
        0.525626 -0.714128 0.783465,
        0.523910 -0.716266 0.783465,
        0.527035 -0.718929 0.783465,
        0.523489 -0.716658 0.783465,
        0.523448 -0.721494 0.783465,
        0.521287 -0.718178 0.783465,
        0.519560 -0.723004 0.783465,
        0.518465 -0.719264 0.783465,
        0.513815 -0.723698 0.783465,
        0.513789 -0.719817 0.783465,
        0.504451 -0.723698 0.783465,
        0.508846 -0.719817 0.783465,
        0.504451 -0.689653 0.783465,
        0.508846 -0.693569 0.783465,
        0.514163 -0.689653 0.783465,
        0.513989 -0.693569 0.783465,
        0.519362 -0.690227 0.783465,
        0.518484 -0.694080 0.783465,
        0.523470 -0.691728 0.783465,
        0.521418 -0.695165 0.783465,
        0.527035 -0.694161 0.783465,
        0.523815 -0.696771 0.783465,
        0.528252 -0.695353 0.783465,
        0.525069 -0.698069 0.783465,
        0.530355 -0.698327 0.783465,
        0.526313 -0.700073 0.783465,
        0.531610 -0.701579 0.783465,
        0.527193 -0.702732 0.783465,
        0.532169 -0.706240 0.783465,
        0.527548 -0.706362 0.783465,
        0.531996 -0.709040 0.783465,
        0.527442 -0.708459 0.783465,
        0.531054 -0.712929 0.783465,
        0.526790 -0.711591 0.783465,
        0.529254 -0.716382 0.783465,
        0.523815 -0.696771 0.779528,
        0.525069 -0.698069 0.779528,
        0.526313 -0.700073 0.779528,
        0.527193 -0.702732 0.779528,
        0.527548 -0.706362 0.779528,
        0.513989 -0.693569 0.779528,
        0.518484 -0.694080 0.779528,
        0.521418 -0.695165 0.779528,
        0.508846 -0.693569 0.779528,
        0.508846 -0.719817 0.779528,
        0.513789 -0.719817 0.779528,
        0.523910 -0.716266 0.779528,
        0.523489 -0.716658 0.779528,
        0.521287 -0.718178 0.779528,
        0.518465 -0.719264 0.779528,
        0.527442 -0.708459 0.779528,
        0.526790 -0.711591 0.779528,
        0.525626 -0.714128 0.779528,
      ]
    }
    coordIndex [
      19, 20, 21, -1,
      21, 20, 22, -1,
      21, 22, 23, -1,
      23, 22, 24, -1,
      23, 24, 25, -1,
      25, 24, 26, -1,
      25, 26, 27, -1,
      27, 26, 28, -1,
      27, 28, 29, -1,
      29, 28, 30, -1,
      29, 30, 31, -1,
      31, 30, 32, -1,
      31, 32, 33, -1,
      33, 32, 34, -1,
      33, 34, 35, -1,
      35, 34, 36, -1,
      35, 36, 37, -1,
      37, 36, 38, -1,
      37, 38, 39, -1,
      39, 38, 40, -1,
      39, 40, 41, -1,
      41, 40, 42, -1,
      41, 42, 43, -1,
      43, 42, 44, -1,
      43, 44, 45, -1,
      45, 44, 46, -1,
      45, 46, 47, -1,
      47, 46, 48, -1,
      47, 48, 49, -1,
      49, 48, 50, -1,
      49, 50, 51, -1,
      51, 50, 52, -1,
      51, 52, 53, -1,
      53, 52, 19, -1,
      53, 19, 21, -1,
      21, 12, 11, -1,
      21, 11, 53, -1,
      53, 11, 10, -1,
      53, 10, 51, -1,
      51, 10, 9, -1,
      51, 9, 49, -1,
      49, 9, 6, -1,
      49, 6, 47, -1,
      47, 6, 5, -1,
      47, 5, 45, -1,
      45, 5, 4, -1,
      45, 4, 43, -1,
      43, 4, 8, -1,
      43, 8, 41, -1,
      41, 8, 7, -1,
      41, 7, 39, -1,
      13, 33, 35, -1,
      39, 7, 3, -1,
      39, 3, 37, -1,
      37, 3, 2, -1,
      37, 2, 35, -1,
      35, 2, 14, -1,
      35, 14, 13, -1,
      31, 33, 18, -1,
      18, 33, 13, -1,
      29, 31, 17, -1,
      17, 31, 18, -1,
      27, 29, 16, -1,
      16, 29, 17, -1,
      12, 21, 23, -1,
      27, 16, 15, -1,
      27, 15, 25, -1,
      25, 15, 1, -1,
      25, 1, 23, -1,
      23, 1, 0, -1,
      23, 0, 12, -1,
      40, 54, 55, -1,
      40, 55, 42, -1,
      42, 55, 56, -1,
      42, 56, 44, -1,
      44, 56, 57, -1,
      44, 57, 46, -1,
      46, 57, 58, -1,
      46, 58, 48, -1,
      34, 59, 60, -1,
      34, 60, 36, -1,
      36, 60, 61, -1,
      36, 61, 38, -1,
      38, 61, 54, -1,
      38, 54, 40, -1,
      34, 32, 59, -1,
      59, 32, 62, -1,
      32, 30, 62, -1,
      62, 30, 63, -1,
      30, 28, 63, -1,
      63, 28, 64, -1,
      20, 65, 66, -1,
      20, 66, 22, -1,
      22, 66, 67, -1,
      22, 67, 24, -1,
      24, 67, 68, -1,
      24, 68, 26, -1,
      26, 68, 64, -1,
      26, 64, 28, -1,
      48, 58, 69, -1,
      48, 69, 50, -1,
      50, 69, 70, -1,
      50, 70, 52, -1,
      52, 70, 71, -1,
      52, 71, 19, -1,
      19, 71, 65, -1,
      19, 65, 20, -1,
    ]
  }
}

Shape {
  appearance Appearance {
    material Material {
      diffuseColor 0.2078 0.2078 0.2078
      specularColor 0.0157 0.0157 0.0157
      ambientIntensity 0.2
      transparency 0.0000
      shininess 0.5
    }
  }
  geometry IndexedFaceSet {
    ccw TRUE
    solid FALSE
    coord DEF co Coordinate {
      point [
        0.523815 -0.696771 0.779528,
        0.525069 -0.698069 0.779528,
        0.526313 -0.700073 0.779528,
        0.527193 -0.702732 0.779528,
        0.527548 -0.706362 0.779528,
        0.513989 -0.693569 0.779528,
        0.518484 -0.694080 0.779528,
        0.521418 -0.695165 0.779528,
        0.508846 -0.693569 0.779528,
        0.508846 -0.719817 0.779528,
        0.513789 -0.719817 0.779528,
        0.523910 -0.716266 0.779528,
        0.523489 -0.716658 0.779528,
        0.521287 -0.718178 0.779528,
        0.518465 -0.719264 0.779528,
        0.527442 -0.708459 0.779528,
        0.526790 -0.711591 0.779528,
        0.525626 -0.714128 0.779528,
      ]
    }
    coordIndex [
      8, 9, 5, -1,
      5, 9, 10, -1,
      10, 14, 5, -1,
      5, 14, 13, -1,
      5, 13, 12, -1,
      4, 0, 7, -1,
      12, 11, 5, -1,
      5, 11, 17, -1,
      5, 17, 16, -1,
      0, 4, 1, -1,
      1, 4, 3, -1,
      1, 3, 2, -1,
      16, 15, 5, -1,
      5, 15, 4, -1,
      5, 4, 6, -1,
      6, 4, 7, -1,
    ]
  }
}

Shape {
  appearance Appearance {
    material Material {
      diffuseColor 1.0000 1.0000 1.0000
      specularColor 0.5020 0.5020 0.5020
      ambientIntensity 0.2
      transparency 0.0000
      shininess 0.5
    }
  }
  geometry IndexedFaceSet {
    ccw TRUE
    solid FALSE
    coord DEF co Coordinate {
      point [
        0.468482 -0.689365 0.779528,
        0.469285 -0.689428 0.779528,
        0.472894 -0.690470 0.779528,
        0.472894 -0.695066 0.779528,
        0.460989 -0.724129 0.779528,
        0.457370 -0.723294 0.779528,
        0.464105 -0.720356 0.779528,
        0.466219 -0.720250 0.779528,
        0.472314 -0.722578 0.779528,
        0.468658 -0.723776 0.779528,
        0.472515 -0.694861 0.779528,
        0.452056 -0.708350 0.779528,
        0.452606 -0.711748 0.779528,
        0.469987 -0.719436 0.779528,
        0.472894 -0.718076 0.779528,
        0.472894 -0.722288 0.779528,
        0.463469 -0.724272 0.779528,
        0.455344 -0.697098 0.779528,
        0.453703 -0.699469 0.779528,
        0.453711 -0.714489 0.779528,
        0.455358 -0.716770 0.779528,
        0.456194 -0.717581 0.779528,
        0.464870 -0.693046 0.779528,
        0.463466 -0.693107 0.779528,
        0.455593 -0.696824 0.779528,
        0.460516 -0.693693 0.779528,
        0.457847 -0.694951 0.779528,
        0.452568 -0.702417 0.779528,
        0.452017 -0.707058 0.779528,
        0.458463 -0.719114 0.779528,
        0.460933 -0.720006 0.779528,
        0.454206 -0.721700 0.779528,
        0.451773 -0.719625 0.779528,
        0.451472 -0.719295 0.779528,
        0.469062 -0.693547 0.779528,
        0.449853 -0.697315 0.779528,
        0.452321 -0.694091 0.779528,
        0.453076 -0.693366 0.779528,
        0.456369 -0.691046 0.779528,
        0.459930 -0.689670 0.779528,
        0.449446 -0.716384 0.779528,
        0.448927 -0.715046 0.779528,
        0.448236 -0.701097 0.779528,
        0.448927 -0.699481 0.779528,
        0.448065 -0.712823 0.779528,
        0.447404 -0.707319 0.779528,
        0.447464 -0.705541 0.779528,
        0.462450 -0.689365 0.779528,
        0.464827 -0.689078 0.779528,
        0.581549 -0.777707 0.779528,
        0.576693 -0.777707 0.779528,
        0.602470 -0.777707 0.779528,
        0.598998 -0.768395 0.779528,
        0.584821 -0.768395 0.779528,
        0.589660 -0.743662 0.779528,
        0.594359 -0.743662 0.779528,
        0.607326 -0.777707 0.779528,
        0.464105 -0.720356 0.783465,
        0.460933 -0.720006 0.783465,
        0.458463 -0.719114 0.783465,
        0.456194 -0.717581 0.783465,
        0.455358 -0.716770 0.783465,
        0.453711 -0.714489 0.783465,
        0.452606 -0.711748 0.783465,
        0.452056 -0.708350 0.783465,
        0.452017 -0.707058 0.783465,
        0.452568 -0.702417 0.783465,
        0.453703 -0.699469 0.783465,
        0.455344 -0.697098 0.783465,
        0.455593 -0.696824 0.783465,
        0.457847 -0.694951 0.783465,
        0.460516 -0.693693 0.783465,
        0.463466 -0.693107 0.783465,
        0.464870 -0.693046 0.783465,
        0.469062 -0.693547 0.783465,
        0.472515 -0.694861 0.783465,
        0.472894 -0.695066 0.783465,
        0.472894 -0.690470 0.783465,
        0.464827 -0.689078 0.783465,
        0.469285 -0.689428 0.783465,
        0.459930 -0.689670 0.783465,
        0.456369 -0.691046 0.783465,
        0.453076 -0.693366 0.783465,
        0.452321 -0.694091 0.783465,
        0.449853 -0.697315 0.783465,
        0.448236 -0.701097 0.783465,
        0.447464 -0.705541 0.783465,
        0.447404 -0.707319 0.783465,
        0.448065 -0.712823 0.783465,
        0.449446 -0.716384 0.783465,
        0.451472 -0.719295 0.783465,
        0.451773 -0.719625 0.783465,
        0.454206 -0.721700 0.783465,
        0.457370 -0.723294 0.783465,
        0.460989 -0.724129 0.783465,
        0.463469 -0.724272 0.783465,
        0.468658 -0.723776 0.783465,
        0.472314 -0.722578 0.783465,
        0.472894 -0.722288 0.783465,
        0.472894 -0.718076 0.783465,
        0.469987 -0.719436 0.783465,
        0.466219 -0.720250 0.783465,
        0.586213 -0.764549 0.783465,
        0.584821 -0.768395 0.783465,
        0.597640 -0.764549 0.783465,
        0.598998 -0.768395 0.783465,
        0.591305 -0.750398 0.783465,
        0.589660 -0.743662 0.783465,
        0.576693 -0.777707 0.783465,
        0.581549 -0.777707 0.783465,
        0.591600 -0.749382 0.783465,
        0.591862 -0.748013 0.783465,
        0.594359 -0.743662 0.783465,
        0.591966 -0.748013 0.783465,
        0.592241 -0.749454 0.783465,
        0.592497 -0.750398 0.783465,
        0.607326 -0.777707 0.783465,
        0.602470 -0.777707 0.783465,
        0.591305 -0.750398 0.779528,
        0.591600 -0.749382 0.779528,
        0.591862 -0.748013 0.779528,
        0.586213 -0.764549 0.779528,
        0.597640 -0.764549 0.779528,
        0.592497 -0.750398 0.779528,
        0.591966 -0.748013 0.779528,
        0.592241 -0.749454 0.779528,
      ]
    }
    coordIndex [
      57, 6, 30, -1,
      57, 30, 58, -1,
      58, 30, 29, -1,
      58, 29, 59, -1,
      59, 29, 21, -1,
      59, 21, 60, -1,
      60, 21, 20, -1,
      60, 20, 61, -1,
      61, 20, 19, -1,
      61, 19, 62, -1,
      62, 19, 12, -1,
      62, 12, 63, -1,
      63, 12, 11, -1,
      63, 11, 64, -1,
      64, 11, 28, -1,
      64, 28, 65, -1,
      65, 28, 27, -1,
      65, 27, 66, -1,
      66, 27, 18, -1,
      66, 18, 67, -1,
      67, 18, 17, -1,
      67, 17, 68, -1,
      68, 17, 24, -1,
      68, 24, 69, -1,
      69, 24, 26, -1,
      69, 26, 70, -1,
      70, 26, 25, -1,
      70, 25, 71, -1,
      71, 25, 23, -1,
      71, 23, 72, -1,
      72, 23, 22, -1,
      72, 22, 73, -1,
      73, 22, 34, -1,
      73, 34, 74, -1,
      74, 34, 10, -1,
      74, 10, 75, -1,
      75, 10, 3, -1,
      75, 3, 76, -1,
      77, 76, 2, -1,
      2, 76, 3, -1,
      48, 78, 0, -1,
      0, 78, 79, -1,
      0, 79, 1, -1,
      1, 79, 77, -1,
      1, 77, 2, -1,
      78, 48, 47, -1,
      78, 47, 80, -1,
      47, 39, 80, -1,
      80, 39, 38, -1,
      80, 38, 81, -1,
      81, 38, 37, -1,
      81, 37, 82, -1,
      82, 37, 36, -1,
      82, 36, 83, -1,
      83, 36, 35, -1,
      83, 35, 84, -1,
      84, 35, 43, -1,
      84, 43, 85, -1,
      43, 42, 85, -1,
      85, 42, 46, -1,
      85, 46, 86, -1,
      86, 46, 45, -1,
      86, 45, 87, -1,
      87, 45, 44, -1,
      87, 44, 88, -1,
      88, 44, 41, -1,
      88, 41, 89, -1,
      41, 40, 89, -1,
      89, 40, 33, -1,
      89, 33, 90, -1,
      90, 33, 32, -1,
      90, 32, 91, -1,
      91, 32, 31, -1,
      91, 31, 92, -1,
      92, 31, 5, -1,
      92, 5, 93, -1,
      93, 5, 4, -1,
      93, 4, 94, -1,
      94, 4, 16, -1,
      94, 16, 95, -1,
      95, 16, 9, -1,
      95, 9, 96, -1,
      96, 9, 8, -1,
      96, 8, 97, -1,
      97, 8, 15, -1,
      97, 15, 98, -1,
      99, 98, 14, -1,
      14, 98, 15, -1,
      99, 14, 13, -1,
      99, 13, 100, -1,
      100, 13, 7, -1,
      100, 7, 101, -1,
      101, 7, 6, -1,
      101, 6, 57, -1,
      66, 67, 84, -1,
      70, 71, 80, -1,
      84, 67, 83, -1,
      80, 71, 78, -1,
      80, 81, 70, -1,
      70, 81, 82, -1,
      70, 82, 69, -1,
      69, 82, 83, -1,
      69, 83, 68, -1,
      68, 83, 67, -1,
      71, 72, 78, -1,
      78, 72, 73, -1,
      78, 73, 79, -1,
      79, 73, 74, -1,
      79, 74, 77, -1,
      77, 74, 75, -1,
      77, 75, 76, -1,
      87, 65, 86, -1,
      86, 65, 66, -1,
      86, 66, 85, -1,
      85, 66, 84, -1,
      98, 99, 97, -1,
      97, 99, 100, -1,
      97, 100, 96, -1,
      96, 100, 101, -1,
      96, 101, 95, -1,
      95, 101, 57, -1,
      95, 57, 94, -1,
      94, 57, 58, -1,
      94, 58, 93, -1,
      93, 58, 59, -1,
      93, 59, 92, -1,
      92, 59, 60, -1,
      92, 60, 91, -1,
      91, 60, 61, -1,
      91, 61, 90, -1,
      90, 61, 62, -1,
      90, 62, 89, -1,
      89, 62, 88, -1,
      88, 62, 63, -1,
      88, 63, 87, -1,
      87, 63, 64, -1,
      87, 64, 65, -1,
      102, 103, 104, -1,
      104, 103, 105, -1,
      106, 107, 102, -1,
      102, 107, 108, -1,
      102, 108, 103, -1,
      103, 108, 109, -1,
      106, 110, 107, -1,
      107, 110, 111, -1,
      107, 111, 112, -1,
      112, 111, 113, -1,
      112, 113, 114, -1,
      114, 115, 112, -1,
      112, 115, 104, -1,
      112, 104, 116, -1,
      116, 104, 105, -1,
      116, 105, 117, -1,
      107, 112, 54, -1,
      54, 112, 55, -1,
      108, 107, 50, -1,
      50, 107, 54, -1,
      109, 108, 49, -1,
      49, 108, 50, -1,
      103, 109, 53, -1,
      53, 109, 49, -1,
      105, 103, 52, -1,
      52, 103, 53, -1,
      117, 105, 51, -1,
      51, 105, 52, -1,
      116, 117, 56, -1,
      56, 117, 51, -1,
      112, 116, 55, -1,
      55, 116, 56, -1,
      106, 118, 119, -1,
      106, 119, 110, -1,
      110, 119, 120, -1,
      110, 120, 111, -1,
      106, 102, 118, -1,
      118, 102, 121, -1,
      102, 104, 121, -1,
      121, 104, 122, -1,
      104, 115, 122, -1,
      122, 115, 123, -1,
      113, 124, 125, -1,
      113, 125, 114, -1,
      114, 125, 123, -1,
      114, 123, 115, -1,
      113, 111, 124, -1,
      124, 111, 120, -1,
    ]
  }
}

Shape {
  appearance Appearance {
    material Material {
      diffuseColor 0.2078 0.2078 0.2078
      specularColor 0.0157 0.0157 0.0157
      ambientIntensity 0.2
      transparency 0.0000
      shininess 0.5
    }
  }
  geometry IndexedFaceSet {
    ccw TRUE
    solid FALSE
    coord DEF co Coordinate {
      point [
        0.591305 -0.750398 0.779528,
        0.591600 -0.749382 0.779528,
        0.591862 -0.748013 0.779528,
        0.586213 -0.764549 0.779528,
        0.597640 -0.764549 0.779528,
        0.592497 -0.750398 0.779528,
        0.591966 -0.748013 0.779528,
        0.592241 -0.749454 0.779528,
      ]
    }
    coordIndex [
      6, 2, 7, -1,
      7, 2, 1, -1,
      7, 1, 5, -1,
      5, 1, 0, -1,
      5, 0, 4, -1,
      4, 0, 3, -1,
    ]
  }
}

Shape {
  appearance Appearance {
    material Material {
      diffuseColor 1.0000 1.0000 1.0000
      specularColor 0.5020 0.5020 0.5020
      ambientIntensity 0.2
      transparency 0.0000
      shininess 0.5
    }
  }
  geometry IndexedFaceSet {
    ccw TRUE
    solid FALSE
    coord DEF co Coordinate {
      point [
        0.522344 -0.743662 0.779528,
        0.533113 -0.743662 0.779528,
        0.556363 -0.714386 0.779528,
        0.543870 -0.714386 0.779528,
        0.559835 -0.723698 0.779528,
        0.551724 -0.689653 0.779528,
        0.564692 -0.723698 0.779528,
        0.547025 -0.689653 0.779528,
        0.543870 -0.697935 0.779528,
        0.534058 -0.723698 0.779528,
        0.538914 -0.723698 0.779528,
        0.542186 -0.714386 0.779528,
        0.540654 -0.773826 0.779528,
        0.540654 -0.777707 0.779528,
        0.539880 -0.747578 0.779528,
        0.539880 -0.743662 0.779528,
        0.526739 -0.762373 0.779528,
        0.526739 -0.773826 0.779528,
        0.533113 -0.762373 0.779528,
        0.533113 -0.773826 0.779528,
        0.538914 -0.762373 0.779528,
        0.526739 -0.747578 0.779528,
        0.526739 -0.758474 0.779528,
        0.533113 -0.747578 0.779528,
        0.533113 -0.758474 0.779528,
        0.538914 -0.758474 0.779528,
        0.533113 -0.777707 0.779528,
        0.522344 -0.777707 0.779528,
        0.445594 -0.743662 0.779528,
        0.445594 -0.747578 0.779528,
        0.432453 -0.762373 0.779528,
        0.432453 -0.773826 0.779528,
        0.444628 -0.762373 0.779528,
        0.446369 -0.773826 0.779528,
        0.444628 -0.758474 0.779528,
        0.428058 -0.743662 0.779528,
        0.428058 -0.777707 0.779528,
        0.432453 -0.747578 0.779528,
        0.432453 -0.758474 0.779528,
        0.446369 -0.777707 0.779528,
        0.540654 -0.773826 0.783465,
        0.526739 -0.773826 0.783465,
        0.526739 -0.762373 0.783465,
        0.538914 -0.762373 0.783465,
        0.538914 -0.758474 0.783465,
        0.526739 -0.758474 0.783465,
        0.526739 -0.747578 0.783465,
        0.539880 -0.747578 0.783465,
        0.539880 -0.743662 0.783465,
        0.522344 -0.743662 0.783465,
        0.522344 -0.777707 0.783465,
        0.540654 -0.777707 0.783465,
        0.432453 -0.773826 0.783465,
        0.446369 -0.773826 0.783465,
        0.432453 -0.762373 0.783465,
        0.444628 -0.762373 0.783465,
        0.444628 -0.758474 0.783465,
        0.432453 -0.758474 0.783465,
        0.432453 -0.747578 0.783465,
        0.445594 -0.747578 0.783465,
        0.445594 -0.743662 0.783465,
        0.428058 -0.743662 0.783465,
        0.428058 -0.777707 0.783465,
        0.446369 -0.777707 0.783465,
        0.543579 -0.710539 0.783465,
        0.542186 -0.714386 0.783465,
        0.555006 -0.710539 0.783465,
        0.556363 -0.714386 0.783465,
        0.548670 -0.696389 0.783465,
        0.547025 -0.689653 0.783465,
        0.534058 -0.723698 0.783465,
        0.538914 -0.723698 0.783465,
        0.548965 -0.695372 0.783465,
        0.549227 -0.694004 0.783465,
        0.551724 -0.689653 0.783465,
        0.549331 -0.694004 0.783465,
        0.549606 -0.695444 0.783465,
        0.549862 -0.696389 0.783465,
        0.564692 -0.723698 0.783465,
        0.559835 -0.723698 0.783465,
        0.548670 -0.696389 0.779528,
        0.548965 -0.695372 0.779528,
        0.549227 -0.694004 0.779528,
        0.543579 -0.710539 0.779528,
        0.555006 -0.710539 0.779528,
        0.549862 -0.696389 0.779528,
        0.549331 -0.694004 0.779528,
        0.549606 -0.695444 0.779528,
      ]
    }
    coordIndex [
      40, 12, 41, -1,
      41, 12, 19, -1,
      41, 19, 17, -1,
      42, 41, 16, -1,
      16, 41, 17, -1,
      42, 16, 43, -1,
      43, 16, 18, -1,
      43, 18, 20, -1,
      44, 43, 25, -1,
      25, 43, 20, -1,
      22, 45, 24, -1,
      24, 45, 44, -1,
      24, 44, 25, -1,
      46, 45, 21, -1,
      21, 45, 22, -1,
      14, 47, 23, -1,
      23, 47, 46, -1,
      23, 46, 21, -1,
      48, 47, 15, -1,
      15, 47, 14, -1,
      0, 49, 1, -1,
      1, 49, 48, -1,
      1, 48, 15, -1,
      50, 49, 27, -1,
      27, 49, 0, -1,
      50, 27, 51, -1,
      51, 27, 26, -1,
      51, 26, 13, -1,
      40, 51, 12, -1,
      12, 51, 13, -1,
      50, 51, 40, -1,
      40, 41, 50, -1,
      50, 41, 42, -1,
      50, 42, 49, -1,
      47, 48, 46, -1,
      46, 48, 49, -1,
      46, 49, 45, -1,
      45, 49, 42, -1,
      45, 42, 44, -1,
      44, 42, 43, -1,
      52, 53, 31, -1,
      31, 53, 33, -1,
      54, 52, 30, -1,
      30, 52, 31, -1,
      55, 54, 32, -1,
      32, 54, 30, -1,
      56, 55, 34, -1,
      34, 55, 32, -1,
      57, 56, 38, -1,
      38, 56, 34, -1,
      58, 57, 37, -1,
      37, 57, 38, -1,
      59, 58, 29, -1,
      29, 58, 37, -1,
      60, 59, 28, -1,
      28, 59, 29, -1,
      61, 60, 35, -1,
      35, 60, 28, -1,
      62, 61, 36, -1,
      36, 61, 35, -1,
      63, 62, 39, -1,
      39, 62, 36, -1,
      53, 63, 33, -1,
      33, 63, 39, -1,
      62, 63, 53, -1,
      53, 52, 62, -1,
      62, 52, 54, -1,
      62, 54, 61, -1,
      59, 60, 58, -1,
      58, 60, 61, -1,
      58, 61, 57, -1,
      57, 61, 54, -1,
      57, 54, 56, -1,
      56, 54, 55, -1,
      64, 65, 66, -1,
      66, 65, 67, -1,
      68, 69, 64, -1,
      64, 69, 70, -1,
      64, 70, 65, -1,
      65, 70, 71, -1,
      68, 72, 69, -1,
      69, 72, 73, -1,
      69, 73, 74, -1,
      74, 73, 75, -1,
      74, 75, 76, -1,
      76, 77, 74, -1,
      74, 77, 66, -1,
      74, 66, 78, -1,
      78, 66, 67, -1,
      78, 67, 79, -1,
      69, 74, 7, -1,
      7, 74, 5, -1,
      9, 70, 8, -1,
      8, 70, 69, -1,
      8, 69, 7, -1,
      71, 70, 10, -1,
      10, 70, 9, -1,
      65, 71, 11, -1,
      11, 71, 10, -1,
      2, 67, 3, -1,
      3, 67, 65, -1,
      3, 65, 11, -1,
      79, 67, 4, -1,
      4, 67, 2, -1,
      78, 79, 6, -1,
      6, 79, 4, -1,
      74, 78, 5, -1,
      5, 78, 6, -1,
      68, 80, 81, -1,
      68, 81, 72, -1,
      72, 81, 82, -1,
      72, 82, 73, -1,
      68, 64, 80, -1,
      80, 64, 83, -1,
      64, 66, 83, -1,
      83, 66, 84, -1,
      66, 77, 84, -1,
      84, 77, 85, -1,
      75, 86, 87, -1,
      75, 87, 76, -1,
      76, 87, 85, -1,
      76, 85, 77, -1,
      75, 73, 86, -1,
      86, 73, 82, -1,
    ]
  }
}

Shape {
  appearance Appearance {
    material Material {
      diffuseColor 0.2078 0.2078 0.2078
      specularColor 0.0157 0.0157 0.0157
      ambientIntensity 0.2
      transparency 0.0000
      shininess 0.5
    }
  }
  geometry IndexedFaceSet {
    ccw TRUE
    solid FALSE
    coord DEF co Coordinate {
      point [
        0.548670 -0.696389 0.779528,
        0.548965 -0.695372 0.779528,
        0.549227 -0.694004 0.779528,
        0.543579 -0.710539 0.779528,
        0.555006 -0.710539 0.779528,
        0.549862 -0.696389 0.779528,
        0.549331 -0.694004 0.779528,
        0.549606 -0.695444 0.779528,
      ]
    }
    coordIndex [
      6, 2, 7, -1,
      7, 2, 1, -1,
      7, 1, 5, -1,
      5, 1, 0, -1,
      5, 0, 4, -1,
      4, 0, 3, -1,
    ]
  }
}

Shape {
  appearance Appearance {
    material Material {
      diffuseColor 1.0000 1.0000 1.0000
      specularColor 0.5020 0.5020 0.5020
      ambientIntensity 0.2
      transparency 0.0000
      shininess 0.5
    }
  }
  geometry IndexedFaceSet {
    ccw TRUE
    solid FALSE
    coord DEF co Coordinate {
      point [
        0.432453 -0.689653 0.779528,
        0.432453 -0.719817 0.779528,
        0.446011 -0.719817 0.779528,
        0.497245 -0.689653 0.779528,
        0.497245 -0.693569 0.779528,
        0.484104 -0.708363 0.779528,
        0.484104 -0.719817 0.779528,
        0.493298 -0.708363 0.779528,
        0.493298 -0.719817 0.779528,
        0.496279 -0.708363 0.779528,
        0.498019 -0.719817 0.779528,
        0.484104 -0.693569 0.779528,
        0.484104 -0.704465 0.779528,
        0.493298 -0.693569 0.779528,
        0.493298 -0.704465 0.779528,
        0.496279 -0.704465 0.779528,
        0.498019 -0.723698 0.779528,
        0.493298 -0.723698 0.779528,
        0.479709 -0.723698 0.779528,
        0.479709 -0.689653 0.779528,
        0.493298 -0.689653 0.779528,
        0.428058 -0.723698 0.779528,
        0.428058 -0.689653 0.779528,
        0.446011 -0.723698 0.779528,
        0.484104 -0.719817 0.783465,
        0.498019 -0.719817 0.783465,
        0.484104 -0.708363 0.783465,
        0.496279 -0.708363 0.783465,
        0.496279 -0.704465 0.783465,
        0.484104 -0.704465 0.783465,
        0.484104 -0.693569 0.783465,
        0.497245 -0.693569 0.783465,
        0.497245 -0.689653 0.783465,
        0.479709 -0.689653 0.783465,
        0.479709 -0.723698 0.783465,
        0.498019 -0.723698 0.783465,
        0.432453 -0.719817 0.783465,
        0.446011 -0.719817 0.783465,
        0.432453 -0.689653 0.783465,
        0.428058 -0.689653 0.783465,
        0.428058 -0.723698 0.783465,
        0.446011 -0.723698 0.783465,
      ]
    }
    coordIndex [
      6, 24, 8, -1,
      8, 24, 25, -1,
      8, 25, 10, -1,
      26, 24, 5, -1,
      5, 24, 6, -1,
      26, 5, 27, -1,
      27, 5, 7, -1,
      27, 7, 9, -1,
      28, 27, 15, -1,
      15, 27, 9, -1,
      12, 29, 14, -1,
      14, 29, 28, -1,
      14, 28, 15, -1,
      30, 29, 11, -1,
      11, 29, 12, -1,
      30, 11, 31, -1,
      31, 11, 13, -1,
      31, 13, 4, -1,
      32, 31, 3, -1,
      3, 31, 4, -1,
      19, 33, 20, -1,
      20, 33, 32, -1,
      20, 32, 3, -1,
      34, 33, 18, -1,
      18, 33, 19, -1,
      34, 18, 35, -1,
      35, 18, 17, -1,
      35, 17, 16, -1,
      25, 35, 10, -1,
      10, 35, 16, -1,
      34, 35, 25, -1,
      25, 24, 34, -1,
      34, 24, 26, -1,
      34, 26, 33, -1,
      31, 32, 30, -1,
      30, 32, 33, -1,
      30, 33, 29, -1,
      29, 33, 26, -1,
      29, 26, 28, -1,
      28, 26, 27, -1,
      36, 37, 1, -1,
      1, 37, 2, -1,
      38, 36, 0, -1,
      0, 36, 1, -1,
      39, 38, 22, -1,
      22, 38, 0, -1,
      40, 39, 21, -1,
      21, 39, 22, -1,
      41, 40, 23, -1,
      23, 40, 21, -1,
      37, 41, 2, -1,
      2, 41, 23, -1,
      38, 39, 36, -1,
      36, 39, 40, -1,
      36, 40, 37, -1,
      37, 40, 41, -1,
    ]
  }
}
