#VRML V2.0 utf8

Shape {
  appearance Appearance {
    material Material {
      diffuseColor 0.8431 0.8157 0.7529
      specularColor 0.4235 0.4078 0.3765
      ambientIntensity 0.2
      transparency 0.0000
      shininess 0.5
    }
  }
  geometry IndexedFaceSet {
    ccw TRUE
    solid FALSE
    coord DEF co Coordinate {
      point [
        2.734297 1.003937 0.906273,
        2.734297 1.003937 0.883375,
        2.656881 1.003937 0.883375,
        2.479483 1.003937 0.859467,
        2.453669 1.003937 0.859283,
        2.453669 1.003937 0.860253,
        2.585712 1.003937 0.831429,
        2.584498 1.003937 0.832506,
        2.584498 1.003937 0.858698,
        2.534129 1.003937 0.836970,
        2.528761 1.003937 0.821167,
        2.528761 1.003937 0.858698,
        2.519685 1.003937 0.177165,
        2.519685 1.003937 0.137795,
        2.453669 1.003937 0.137795,
        2.632943 1.003937 0.984726,
        2.624650 1.003937 0.987628,
        2.652094 1.003937 0.987628,
        2.598898 1.003937 0.986608,
        2.598898 1.003937 0.987628,
        2.602241 1.003937 0.987628,
        2.596791 1.003937 0.909888,
        2.598898 1.003937 0.909213,
        2.598898 1.003937 0.906273,
        2.536356 1.003937 0.906824,
        2.548095 1.003937 0.906907,
        2.548095 1.003937 0.906273,
        2.421863 1.003937 0.778986,
        2.421297 1.003937 0.858698,
        2.429393 1.003937 0.858698,
        2.997425 1.003937 0.858698,
        2.927608 1.003937 0.858698,
        2.924581 1.003937 0.860253,
        2.913386 1.003937 0.177165,
        2.913386 1.003937 0.137795,
        2.734297 1.003937 0.137795,
        3.129725 1.003937 0.879654,
        3.129036 1.003937 0.883375,
        3.543307 1.003937 0.883375,
        2.984780 1.003937 0.997965,
        2.979325 1.003937 1.000024,
        3.543307 1.003937 1.000024,
        2.803030 1.003937 0.926389,
        2.787668 1.003937 0.913233,
        2.734297 1.003937 0.987628,
        2.853053 1.003937 0.981022,
        2.834374 1.003937 0.959100,
        2.822631 1.003937 0.935831,
        2.819918 1.003937 0.934899,
        2.906818 1.003937 1.008542,
        2.883182 1.003937 1.000024,
        2.734297 1.003937 1.000024,
        2.878322 1.003937 0.998272,
        2.862729 1.003937 0.987628,
        3.543307 1.003937 1.476378,
        2.958458 1.003937 1.007902,
        2.734297 1.003937 1.476378,
        2.930264 1.003937 1.011173,
        3.543307 1.003937 0.987628,
        3.000900 1.003937 0.987628,
        2.998735 1.003937 0.989456,
        3.059521 1.003937 0.963198,
        3.037045 1.003937 0.965817,
        3.012193 1.003937 0.978094,
        3.030501 1.003937 0.965415,
        3.023960 1.003937 0.964585,
        3.102705 1.003937 0.938956,
        3.098859 1.003937 0.942546,
        3.080665 1.003937 0.955153,
        3.543307 1.003937 0.906273,
        3.125764 1.003937 0.901024,
        3.123396 1.003937 0.906273,
        3.116545 1.003937 0.921461,
        3.129921 1.003937 0.874249,
        3.543307 1.003937 0.860253,
        3.128288 1.003937 0.860253,
        3.543307 1.003937 0.858698,
        3.128107 1.003937 0.858698,
        2.880765 1.003937 0.815150,
        2.876848 1.003937 0.816666,
        2.869930 1.003937 0.849064,
        2.884283 1.003937 0.812694,
        2.992126 1.003937 0.236220,
        2.992126 1.003937 0.177165,
        3.543307 1.003937 0.137795,
        2.992126 1.003937 0.137795,
        2.913386 1.003937 0.236220,
        2.872433 1.003937 0.817201,
        2.871879 1.003937 0.817157,
        2.870174 1.003937 0.816766,
        3.106452 1.003937 0.812029,
        3.119288 1.003937 0.830621,
        3.127310 1.003937 0.851869,
        2.877025 1.003937 0.782454,
        2.953813 1.003937 0.781691,
        2.873822 1.003937 0.781914,
        2.840235 1.003937 0.781676,
        2.890205 1.003937 0.799678,
        2.890045 1.003937 0.801924,
        2.949926 1.003937 0.807503,
        2.888871 1.003937 0.806249,
        2.886654 1.003937 0.810117,
        2.880780 1.003937 0.783963,
        2.884453 1.003937 0.786613,
        2.885767 1.003937 0.787970,
        2.888223 1.003937 0.791563,
        2.889695 1.003937 0.795434,
        2.950337 1.003937 0.795708,
        2.949967 1.003937 0.801810,
        2.813113 1.003937 0.831354,
        2.807018 1.003937 0.840339,
        2.803278 1.003937 0.850554,
        2.875474 1.003937 0.858698,
        2.776810 1.003937 0.822636,
        2.788249 1.003937 0.806926,
        3.055446 1.003937 0.772069,
        3.047039 1.003937 0.761569,
        3.035953 1.003937 0.753111,
        2.869021 1.003937 0.816607,
        2.843404 1.003937 0.816426,
        2.836542 1.003937 0.817413,
        2.734297 1.003937 0.860253,
        2.767094 1.003937 0.858698,
        2.734297 1.003937 0.858698,
        2.769543 1.003937 0.840615,
        3.088829 1.003937 0.796778,
        3.068331 1.003937 0.786601,
        3.061104 1.003937 0.784381,
        2.826098 1.003937 0.821196,
        2.817086 1.003937 0.827358,
        2.993450 1.003937 0.746900,
        3.007298 1.003937 0.745287,
        3.009420 1.003937 0.745340,
        3.022849 1.003937 0.747515,
        2.803802 1.003937 0.793943,
        2.821229 1.003937 0.785558,
        2.960674 1.003937 0.769077,
        2.969336 1.003937 0.759522,
        2.980724 1.003937 0.751700,
        2.802318 1.003937 0.858698,
        2.802135 1.003937 0.860253,
        2.876368 1.003937 0.860253,
        2.802102 1.003937 0.860538,
        3.091693 1.003937 0.860253,
        3.093405 1.003937 0.866186,
        2.887363 1.003937 0.879360,
        3.094049 1.003937 0.875133,
        3.092970 1.003937 0.883375,
        2.985895 1.003937 0.855761,
        2.973854 1.003937 0.849211,
        2.963928 1.003937 0.840052,
        3.032759 1.003937 0.853380,
        3.020155 1.003937 0.858116,
        3.091245 1.003937 0.858698,
        3.015161 1.003937 0.858698,
        3.006486 1.003937 0.859710,
        2.999618 1.003937 0.859257,
        3.089382 1.003937 0.852243,
        3.053924 1.003937 0.834656,
        3.044447 1.003937 0.845362,
        3.082780 1.003937 0.840848,
        3.072656 1.003937 0.830280,
        3.060264 1.003937 0.822518,
        2.846189 1.003937 0.905256,
        2.850744 1.003937 0.905289,
        2.808585 1.003937 0.883375,
        2.836346 1.003937 0.904084,
        2.802324 1.003937 0.865326,
        2.804870 1.003937 0.876293,
        3.092240 1.003937 0.888956,
        3.087260 1.003937 0.901613,
        2.810065 1.003937 0.886197,
        2.817450 1.003937 0.894404,
        2.826358 1.003937 0.900417,
        2.862876 1.003937 0.939737,
        2.875644 1.003937 0.955136,
        3.006607 1.003937 0.922904,
        2.876884 1.003937 0.956281,
        2.892793 1.003937 0.967507,
        2.997759 1.003937 0.940885,
        3.083961 1.003937 0.906273,
        3.010454 1.003937 0.925052,
        2.850954 1.003937 0.906273,
        2.854177 1.003937 0.921355,
        3.023178 1.003937 0.929857,
        3.036718 1.003937 0.931657,
        3.042824 1.003937 0.931372,
        2.984874 1.003937 0.956042,
        2.910591 1.003937 0.974488,
        2.969603 1.003937 0.967035,
        2.929937 1.003937 0.977013,
        2.950960 1.003937 0.974450,
        3.056890 1.003937 0.928097,
        3.069600 1.003937 0.921415,
        3.079276 1.003937 0.912889,
        2.769294 1.003937 0.879535,
        2.766802 1.003937 0.860857,
        2.766884 1.003937 0.860253,
        2.770804 1.003937 0.883375,
        2.776148 1.003937 0.896967,
        2.782739 1.003937 0.906273,
        2.354302 1.003937 0.858698,
        2.385785 1.003937 0.857342,
        2.376209 1.003937 0.853650,
        2.360239 1.003937 0.837677,
        2.357461 1.003937 0.829889,
        2.362655 1.003937 0.796889,
        2.368671 1.003937 0.789826,
        2.354302 1.003937 0.137795,
        2.370738 1.003937 0.788050,
        2.378735 1.003937 0.783063,
        2.388292 1.003937 0.779911,
        2.399840 1.003937 0.778830,
        2.429393 1.003937 0.137795,
        2.368257 1.003937 0.848075,
        2.365038 1.003937 0.844825,
        2.356383 1.003937 0.819581,
        2.356657 1.003937 0.814511,
        2.358658 1.003937 0.805146,
        2.421295 1.003937 0.859054,
        2.429393 1.003937 0.860253,
        2.396875 1.003937 0.858698,
        2.354302 1.003937 0.860253,
        2.398454 1.003937 0.858892,
        2.658664 1.003937 0.789794,
        2.658729 1.003937 0.780666,
        2.656881 1.003937 0.858698,
        2.690954 1.003937 0.851756,
        2.691135 1.003937 0.826131,
        2.660048 1.003937 0.851536,
        2.662502 1.003937 0.825928,
        2.701792 1.003937 0.780971,
        2.691200 1.003937 0.816961,
        2.691391 1.003937 0.790026,
        2.662567 1.003937 0.816758,
        2.656881 1.003937 0.137795,
        2.659997 1.003937 0.858698,
        2.656881 1.003937 0.860253,
        2.659986 1.003937 0.860253,
        2.659983 1.003937 0.860746,
        2.701224 1.003937 0.861039,
        2.701230 1.003937 0.860253,
        2.701241 1.003937 0.858698,
        2.354302 1.003937 0.987628,
        2.429393 1.003937 0.987628,
        2.409485 1.003937 0.985996,
        2.420537 1.003937 0.986074,
        2.453669 1.003937 0.906273,
        2.451581 1.003937 0.906273,
        2.429393 1.003937 0.963310,
        2.451601 1.003937 0.906222,
        2.453669 1.003937 0.883375,
        2.440181 1.003937 0.906142,
        2.429393 1.003937 0.883375,
        2.429393 1.003937 0.906273,
        2.440133 1.003937 0.906273,
        2.429393 1.003937 0.927966,
        2.432330 1.003937 0.927987,
        2.354302 1.003937 0.906273,
        2.379766 1.003937 0.906273,
        2.354302 1.003937 0.883375,
        2.398989 1.003937 0.927750,
        2.391152 1.003937 0.906273,
        2.390977 1.003937 0.905793,
        2.379557 1.003937 0.905712,
        2.540128 1.003937 0.952085,
        2.540193 1.003937 0.942916,
        2.528761 1.003937 0.906273,
        2.537675 1.003937 0.977694,
        2.528761 1.003937 0.987628,
        2.537609 1.003937 0.986904,
        2.548095 1.003937 0.987628,
        2.548095 1.003937 0.986979,
        2.568827 1.003937 0.943119,
        2.569018 1.003937 0.916184,
        2.548095 1.003937 0.942972,
        2.548095 1.003937 0.916036,
        2.536291 1.003937 0.915952,
        2.548095 1.003937 0.977768,
        2.548095 1.003937 0.952142,
        2.568580 1.003937 0.977913,
        2.568762 1.003937 0.952288,
        2.578851 1.003937 0.987197,
        2.584498 1.003937 0.987628,
        2.579419 1.003937 0.907129,
        2.594890 1.003937 0.985387,
        2.594967 1.003937 0.974580,
        2.595350 1.003937 0.920465,
        2.595421 1.003937 0.910559,
        2.584498 1.003937 0.906273,
        2.636589 1.003937 0.969739,
        2.640406 1.003937 0.964108,
        2.598898 1.003937 0.918914,
        2.643041 1.003937 0.957060,
        2.644268 1.003937 0.946724,
        2.644267 1.003937 0.945977,
        2.603456 1.003937 0.916922,
        2.612562 1.003937 0.915346,
        2.604051 1.003937 0.978240,
        2.613804 1.003937 0.979462,
        2.617351 1.003937 0.979324,
        2.624265 1.003937 0.977946,
        2.595941 1.003937 0.975113,
        2.598898 1.003937 0.976253,
        2.630539 1.003937 0.974983,
        2.635685 1.003937 0.970734,
        2.643078 1.003937 0.936138,
        2.640605 1.003937 0.929596,
        2.636570 1.003937 0.923827,
        2.629331 1.003937 0.918275,
        2.623542 1.003937 0.916132,
        2.616061 1.003937 0.915249,
        2.634637 1.003937 0.921923,
        2.624393 1.003937 0.987717,
        2.652094 1.003937 1.000024,
        2.613105 1.003937 0.988787,
        2.602756 1.003937 0.987784,
        2.598898 1.003937 1.000024,
        2.613840 1.003937 0.988796,
        2.649119 1.003937 0.969798,
        2.643335 1.003937 0.977215,
        2.640882 1.003937 0.979489,
        2.656881 1.003937 0.987628,
        2.653015 1.003937 0.960952,
        2.652094 1.003937 0.963043,
        2.652094 1.003937 0.929061,
        2.654038 1.003937 0.934866,
        2.656881 1.003937 0.906273,
        2.655119 1.003937 0.946187,
        2.654935 1.003937 0.950547,
        2.638304 1.003937 0.911557,
        2.645050 1.003937 0.917174,
        2.652094 1.003937 0.906273,
        2.646637 1.003937 0.919005,
        2.651106 1.003937 0.926109,
        2.617620 1.003937 0.906049,
        2.621967 1.003937 0.906263,
        2.652094 1.003937 0.883375,
        2.622011 1.003937 0.906273,
        2.630716 1.003937 0.908028,
        2.605408 1.003937 0.907129,
        2.615093 1.003937 0.906273,
        2.598898 1.003937 0.883375,
        2.689990 1.003937 0.987628,
        2.690491 1.003937 0.917046,
        2.658603 1.003937 0.916820,
        2.658668 1.003937 0.907691,
        2.700891 1.003937 0.907991,
        -0.631559 1.003937 0.137795,
        -0.944882 1.003937 0.137795,
        -0.944882 1.003937 0.177165,
        -0.631559 1.003937 0.858698,
        -0.944882 1.003937 0.236220,
        -1.023622 1.003937 0.236220,
        -1.023622 1.003937 0.137795,
        -1.338583 1.003937 0.137795,
        -1.023622 1.003937 0.177165,
        -1.338583 1.003937 0.177165,
        -1.338583 1.003937 0.236220,
        -1.417323 1.003937 0.236220,
        -1.417323 1.003937 0.137795,
        -1.732283 1.003937 0.137795,
        -1.417323 1.003937 0.177165,
        -1.732283 1.003937 0.177165,
        -1.732283 1.003937 0.236220,
        -1.811024 1.003937 0.236220,
        -1.811024 1.003937 0.137795,
        -2.125984 1.003937 0.137795,
        -1.811024 1.003937 0.177165,
        -2.125984 1.003937 0.177165,
        -2.125984 1.003937 0.236220,
        -2.204724 1.003937 0.236220,
        -2.913386 1.003937 0.236220,
        -2.992126 1.003937 0.236220,
        -3.543307 1.003937 0.858698,
        -2.204724 1.003937 0.137795,
        -2.519685 1.003937 0.137795,
        -2.204724 1.003937 0.177165,
        -2.519685 1.003937 0.177165,
        -2.519685 1.003937 0.236220,
        -2.598425 1.003937 0.236220,
        -3.543307 1.003937 0.137795,
        -2.992126 1.003937 0.177165,
        -2.992126 1.003937 0.137795,
        2.204724 1.003937 0.137795,
        2.204724 1.003937 0.177165,
        2.204724 1.003937 0.236220,
        2.291609 1.003937 0.778062,
        2.299620 1.003937 0.800020,
        2.332962 1.003937 0.800257,
        2.280189 1.003937 0.777981,
        1.417323 1.003937 0.177165,
        2.310117 1.003937 0.858265,
        1.417323 1.003937 0.236220,
        1.338583 1.003937 0.236220,
        2.340813 1.003937 0.778411,
        2.352233 1.003937 0.778492,
        1.811024 1.003937 0.236220,
        2.125984 1.003937 0.236220,
        1.811024 1.003937 0.177165,
        2.125984 1.003937 0.177165,
        1.811024 1.003937 0.137795,
        2.125984 1.003937 0.137795,
        1.338583 1.003937 0.137795,
        1.023622 1.003937 0.137795,
        1.338583 1.003937 0.177165,
        1.023622 1.003937 0.177165,
        1.023622 1.003937 0.236220,
        0.944882 1.003937 0.236220,
        0.944882 1.003937 0.137795,
        0.629921 1.003937 0.137795,
        0.944882 1.003937 0.177165,
        0.629921 1.003937 0.177165,
        0.629921 1.003937 0.236220,
        0.551181 1.003937 0.236220,
        0.551181 1.003937 0.137795,
        0.236220 1.003937 0.137795,
        0.551181 1.003937 0.177165,
        0.236220 1.003937 0.177165,
        0.236220 1.003937 0.236220,
        0.157480 1.003937 0.236220,
        1.732283 1.003937 0.137795,
        1.417323 1.003937 0.137795,
        1.732283 1.003937 0.177165,
        1.732283 1.003937 0.236220,
        0.157480 1.003937 0.137795,
        -0.157480 1.003937 0.137795,
        0.157480 1.003937 0.177165,
        -0.157480 1.003937 0.177165,
        -0.157480 1.003937 0.236220,
        -0.236220 1.003937 0.236220,
        -0.236220 1.003937 0.137795,
        -0.551181 1.003937 0.137795,
        -0.236220 1.003937 0.177165,
        -0.551181 1.003937 0.177165,
        -0.551181 1.003937 0.236220,
        -0.629921 1.003937 0.236220,
        2.321169 1.003937 0.858344,
        -0.629921 1.003937 0.177165,
        -0.629921 1.003937 0.137795,
        2.519685 1.003937 0.236220,
        2.519493 1.003937 0.793883,
        2.518298 1.003937 0.789167,
        2.518032 1.003937 0.789165,
        2.516871 1.003937 0.771022,
        2.521474 1.003937 0.762213,
        2.480051 1.003937 0.779399,
        2.490452 1.003937 0.836661,
        2.479488 1.003937 0.858698,
        2.500849 1.003937 0.836735,
        2.525175 1.003937 0.757831,
        2.525863 1.003937 0.757209,
        2.528761 1.003937 0.755215,
        2.545345 1.003937 0.837050,
        2.543805 1.003937 0.762658,
        2.548095 1.003937 0.858698,
        2.543869 1.003937 0.753734,
        2.548095 1.003937 0.236220,
        2.529383 1.003937 0.754786,
        2.533352 1.003937 0.753307,
        2.528761 1.003937 0.236220,
        2.537407 1.003937 0.752869,
        2.539620 1.003937 0.752965,
        2.541758 1.003937 0.761971,
        2.538123 1.003937 0.761471,
        2.531661 1.003937 0.763797,
        2.535713 1.003937 0.761724,
        2.533511 1.003937 0.762532,
        2.561320 1.003937 0.838096,
        2.553315 1.003937 0.835878,
        2.554149 1.003937 0.804937,
        2.552296 1.003937 0.802161,
        2.553384 1.003937 0.826136,
        2.551247 1.003937 0.799196,
        2.550859 1.003937 0.795457,
        2.566846 1.003937 0.838513,
        2.582720 1.003937 0.834081,
        2.579771 1.003937 0.835819,
        2.574265 1.003937 0.837754,
        2.554507 1.003937 0.785630,
        2.557394 1.003937 0.783141,
        2.584498 1.003937 0.236220,
        2.551365 1.003937 0.791431,
        2.552619 1.003937 0.788261,
        2.560298 1.003937 0.781440,
        2.565766 1.003937 0.779546,
        2.574087 1.003937 0.778715,
        2.567887 1.003937 0.830374,
        2.570857 1.003937 0.830172,
        2.578891 1.003937 0.822756,
        2.573545 1.003937 0.829481,
        2.575802 1.003937 0.828301,
        2.578809 1.003937 0.821421,
        2.578422 1.003937 0.819860,
        2.577709 1.003937 0.818502,
        2.576739 1.003937 0.817419,
        2.573219 1.003937 0.815183,
        2.561306 1.003937 0.829578,
        2.567031 1.003937 0.812437,
        2.555664 1.003937 0.827464,
        2.563159 1.003937 0.810839,
        2.556525 1.003937 0.807087,
        2.577325 1.003937 0.826974,
        2.578194 1.003937 0.825704,
        2.578698 1.003937 0.824354,
        2.585600 1.003937 0.790085,
        2.584498 1.003937 0.789662,
        2.584498 1.003937 0.810915,
        2.588830 1.003937 0.818031,
        2.589233 1.003937 0.821928,
        2.598898 1.003937 0.858698,
        2.588812 1.003937 0.825511,
        2.587595 1.003937 0.828732,
        2.598425 1.003937 0.137795,
        2.598425 1.003937 0.177165,
        2.598898 1.003937 0.137795,
        2.598425 1.003937 0.236220,
        2.586453 1.003937 0.812862,
        2.587746 1.003937 0.814961,
        2.589504 1.003937 0.792538,
        2.589577 1.003937 0.782181,
        2.584498 1.003937 0.780369,
        2.582419 1.003937 0.779626,
        2.584824 1.003937 0.811134,
        2.579328 1.003937 0.787674,
        2.574165 1.003937 0.805201,
        2.580123 1.003937 0.807984,
        2.573046 1.003937 0.786895,
        2.572603 1.003937 0.786894,
        2.567599 1.003937 0.802396,
        2.567458 1.003937 0.787434,
        2.561161 1.003937 0.794547,
        2.561250 1.003937 0.795796,
        2.564863 1.003937 0.788363,
        2.563945 1.003937 0.788911,
        2.562787 1.003937 0.789924,
        2.561902 1.003937 0.791213,
        2.561382 1.003937 0.792635,
        2.561695 1.003937 0.797365,
        2.562461 1.003937 0.798700,
        2.563701 1.003937 0.800010,
        2.529779 1.003937 0.765877,
        2.528761 1.003937 0.767714,
        2.528761 1.003937 0.793969,
        2.527792 1.003937 0.769462,
        2.523317 1.003937 0.779828,
        2.436988 1.003937 0.779093,
        2.453669 1.003937 0.779212,
        2.436923 1.003937 0.788222,
        2.438307 1.003937 0.849964,
        2.438245 1.003937 0.858698,
        2.469459 1.003937 0.815389,
        2.469650 1.003937 0.788454,
        2.453669 1.003937 0.815277,
        2.453669 1.003937 0.788341,
        2.440826 1.003937 0.815185,
        2.440761 1.003937 0.824355,
        2.453669 1.003937 0.824446,
        2.453669 1.003937 0.850072,
        2.469212 1.003937 0.850183,
        2.469394 1.003937 0.824558,
        2.438241 1.003937 0.859174,
        2.517557 1.003937 0.791122,
        2.516771 1.003937 0.793782,
        2.528761 1.003937 0.860253,
        2.618184 1.003937 0.783432,
        2.621754 1.003937 0.781094,
        2.613210 1.003937 0.780343,
        2.625831 1.003937 0.779654,
        2.631006 1.003937 0.779119,
        2.637000 1.003937 0.779858,
        2.640835 1.003937 0.781335,
        2.652094 1.003937 0.137795,
        2.652094 1.003937 0.858698,
        2.643165 1.003937 0.833732,
        2.640810 1.003937 0.835060,
        2.644867 1.003937 0.807851,
        2.641765 1.003937 0.810491,
        2.643235 1.003937 0.823990,
        2.637456 1.003937 0.812646,
        2.636774 1.003937 0.828064,
        2.629916 1.003937 0.814439,
        2.621043 1.003937 0.830394,
        2.624437 1.003937 0.830775,
        2.630492 1.003937 0.830180,
        2.613147 1.003937 0.789185,
        2.613413 1.003937 0.789187,
        2.614993 1.003937 0.786820,
        2.644196 1.003937 0.783715,
        2.645309 1.003937 0.784860,
        2.647371 1.003937 0.787957,
        2.648560 1.003937 0.791358,
        2.649022 1.003937 0.795907,
        2.648982 1.003937 0.797162,
        2.648306 1.003937 0.801476,
        2.646898 1.003937 0.804998,
        2.633281 1.003937 0.837834,
        2.623438 1.003937 0.838914,
        2.617436 1.003937 0.838333,
        2.613209 1.003937 0.837024,
        2.609885 1.003937 0.835101,
        2.607225 1.003937 0.832530,
        2.605193 1.003937 0.829281,
        2.603652 1.003937 0.824719,
        2.612952 1.003937 0.816693,
        2.613270 1.003937 0.821130,
        2.614281 1.003937 0.824708,
        2.615445 1.003937 0.826782,
        2.602920 1.003937 0.817072,
        2.603181 1.003937 0.780272,
        2.616950 1.003937 0.828406,
        2.618722 1.003937 0.829565,
        2.652094 1.003937 0.860253,
        2.598898 1.003937 0.860253,
        2.689987 1.003937 0.987985,
        2.656881 1.003937 1.000024,
        2.700323 1.003937 0.988058,
        2.700326 1.003937 0.987628,
        2.584498 1.003937 0.860253,
        2.584498 1.003937 0.883375,
        2.548095 1.003937 0.860253,
        2.548095 1.003937 0.883375,
        2.528761 1.003937 0.883375,
        2.499208 1.003937 0.906560,
        2.521230 1.003937 0.906717,
        2.455751 1.003937 0.947311,
        2.453669 1.003937 0.987628,
        2.456829 1.003937 0.957619,
        2.459607 1.003937 0.965407,
        2.456025 1.003937 0.942241,
        2.458026 1.003937 0.932876,
        2.462022 1.003937 0.924620,
        2.468039 1.003937 0.917556,
        2.520663 1.003937 0.986784,
        2.497821 1.003937 0.986622,
        2.485153 1.003937 0.985072,
        2.475576 1.003937 0.981380,
        2.470106 1.003937 0.915780,
        2.478103 1.003937 0.910793,
        2.487660 1.003937 0.907642,
        2.467626 1.003937 0.975805,
        2.464406 1.003937 0.972556,
        -0.631559 1.003937 0.860253,
        -0.631559 1.003937 0.883375,
        -0.631559 1.003937 0.906273,
        -0.631559 1.003937 0.987628,
        -2.598425 1.003937 0.137795,
        -2.913386 1.003937 0.137795,
        -2.598425 1.003937 0.177165,
        -2.913386 1.003937 0.177165,
        -3.543307 1.003937 0.860253,
        -3.543307 1.003937 0.883375,
        -3.543307 1.003937 0.906273,
        -3.543307 1.003937 0.987628,
        2.584498 1.003937 1.000024,
        2.548095 1.003937 1.000024,
        2.528761 1.003937 1.000024,
        2.453669 1.003937 1.000024,
        2.429393 1.003937 1.000024,
        2.354302 1.003937 1.000024,
        -0.631559 1.003937 1.000024,
        -3.543307 1.003937 1.000024,
        2.656881 1.003937 1.476378,
        2.652094 1.003937 1.476378,
        2.598898 1.003937 1.476378,
        2.584498 1.003937 1.476378,
        2.548095 1.003937 1.476378,
        2.528761 1.003937 1.476378,
        2.453669 1.003937 1.476378,
        2.429393 1.003937 1.476378,
        2.354302 1.003937 1.476378,
        -0.631559 1.003937 1.476378,
        -3.543307 1.003937 1.476378,
      ]
    }
    coordIndex [
      0, 1, 2, -1,
      3, 4, 5, -1,
      6, 7, 8, -1,
      9, 10, 11, -1,
      12, 13, 14, -1,
      15, 16, 17, -1,
      18, 19, 20, -1,
      21, 22, 23, -1,
      24, 25, 26, -1,
      27, 28, 29, -1,
      30, 31, 32, -1,
      33, 34, 35, -1,
      36, 37, 38, -1,
      39, 40, 41, -1,
      42, 43, 44, -1,
      44, 43, 0, -1,
      44, 45, 46, -1,
      46, 47, 44, -1,
      44, 47, 48, -1,
      44, 48, 42, -1,
      49, 50, 51, -1,
      51, 50, 52, -1,
      51, 52, 44, -1,
      44, 52, 53, -1,
      44, 53, 45, -1,
      41, 40, 54, -1,
      54, 40, 55, -1,
      54, 55, 56, -1,
      56, 55, 57, -1,
      56, 57, 49, -1,
      58, 59, 41, -1,
      41, 59, 60, -1,
      41, 60, 39, -1,
      58, 61, 59, -1,
      59, 61, 62, -1,
      59, 62, 63, -1,
      63, 62, 64, -1,
      63, 64, 65, -1,
      66, 67, 58, -1,
      58, 67, 68, -1,
      58, 68, 61, -1,
      38, 37, 69, -1,
      37, 70, 69, -1,
      69, 70, 71, -1,
      69, 71, 58, -1,
      58, 71, 72, -1,
      58, 72, 66, -1,
      36, 38, 73, -1,
      73, 38, 74, -1,
      73, 74, 75, -1,
      75, 74, 76, -1,
      75, 76, 77, -1,
      78, 79, 80, -1,
      78, 80, 81, -1,
      82, 76, 83, -1,
      83, 76, 84, -1,
      83, 84, 85, -1,
      33, 35, 86, -1,
      79, 87, 80, -1,
      80, 87, 88, -1,
      80, 88, 89, -1,
      90, 91, 76, -1,
      76, 91, 92, -1,
      76, 92, 77, -1,
      93, 94, 95, -1,
      95, 94, 96, -1,
      97, 98, 99, -1,
      99, 98, 100, -1,
      99, 100, 80, -1,
      80, 100, 101, -1,
      80, 101, 81, -1,
      93, 102, 94, -1,
      94, 102, 103, -1,
      94, 103, 104, -1,
      104, 105, 94, -1,
      94, 105, 106, -1,
      94, 106, 107, -1,
      107, 106, 97, -1,
      107, 97, 108, -1,
      108, 97, 99, -1,
      109, 110, 80, -1,
      80, 110, 111, -1,
      80, 111, 112, -1,
      113, 114, 86, -1,
      115, 82, 116, -1,
      116, 82, 117, -1,
      89, 118, 80, -1,
      80, 118, 119, -1,
      80, 119, 120, -1,
      121, 122, 123, -1,
      123, 122, 124, -1,
      123, 124, 113, -1,
      90, 76, 125, -1,
      125, 76, 82, -1,
      125, 82, 126, -1,
      126, 82, 115, -1,
      126, 115, 127, -1,
      120, 128, 80, -1,
      80, 128, 129, -1,
      80, 129, 109, -1,
      86, 130, 82, -1,
      82, 130, 131, -1,
      131, 132, 82, -1,
      82, 132, 133, -1,
      82, 133, 117, -1,
      114, 134, 86, -1,
      86, 134, 135, -1,
      86, 135, 96, -1,
      94, 136, 96, -1,
      96, 136, 137, -1,
      96, 137, 86, -1,
      86, 137, 138, -1,
      86, 138, 130, -1,
      111, 139, 112, -1,
      112, 139, 140, -1,
      112, 140, 141, -1,
      141, 140, 142, -1,
      143, 32, 144, -1,
      144, 32, 145, -1,
      144, 145, 146, -1,
      146, 145, 147, -1,
      30, 148, 31, -1,
      31, 148, 149, -1,
      31, 149, 150, -1,
      151, 152, 153, -1,
      153, 152, 154, -1,
      153, 154, 143, -1,
      143, 154, 155, -1,
      143, 155, 32, -1,
      32, 155, 156, -1,
      32, 156, 30, -1,
      157, 158, 153, -1,
      153, 158, 159, -1,
      153, 159, 151, -1,
      157, 160, 158, -1,
      158, 160, 161, -1,
      158, 161, 162, -1,
      163, 164, 165, -1,
      163, 165, 166, -1,
      142, 167, 141, -1,
      141, 167, 168, -1,
      141, 168, 145, -1,
      145, 168, 165, -1,
      145, 165, 147, -1,
      147, 165, 164, -1,
      147, 164, 169, -1,
      169, 164, 170, -1,
      171, 172, 165, -1,
      165, 172, 173, -1,
      165, 173, 166, -1,
      174, 175, 176, -1,
      175, 177, 176, -1,
      176, 177, 178, -1,
      176, 178, 179, -1,
      180, 176, 181, -1,
      170, 164, 180, -1,
      180, 164, 182, -1,
      180, 182, 176, -1,
      176, 182, 183, -1,
      176, 183, 174, -1,
      181, 184, 180, -1,
      180, 184, 185, -1,
      180, 185, 186, -1,
      179, 178, 187, -1,
      187, 178, 188, -1,
      187, 188, 189, -1,
      189, 188, 190, -1,
      189, 190, 191, -1,
      192, 193, 186, -1,
      186, 193, 194, -1,
      186, 194, 180, -1,
      195, 196, 121, -1,
      121, 196, 197, -1,
      121, 197, 122, -1,
      198, 1, 199, -1,
      199, 1, 0, -1,
      199, 0, 200, -1,
      200, 0, 43, -1,
      201, 202, 203, -1,
      201, 204, 205, -1,
      206, 207, 208, -1,
      208, 207, 209, -1,
      208, 209, 210, -1,
      210, 211, 208, -1,
      208, 211, 212, -1,
      208, 212, 213, -1,
      203, 214, 201, -1,
      201, 214, 215, -1,
      201, 215, 204, -1,
      216, 217, 208, -1,
      208, 217, 218, -1,
      208, 218, 206, -1,
      28, 219, 220, -1,
      202, 201, 221, -1,
      221, 201, 222, -1,
      221, 222, 223, -1,
      224, 225, 226, -1,
      227, 228, 229, -1,
      229, 228, 230, -1,
      113, 86, 123, -1,
      123, 86, 35, -1,
      123, 35, 231, -1,
      232, 233, 234, -1,
      234, 233, 224, -1,
      234, 224, 230, -1,
      231, 35, 225, -1,
      225, 35, 235, -1,
      225, 235, 226, -1,
      230, 224, 229, -1,
      229, 224, 226, -1,
      229, 226, 236, -1,
      236, 226, 237, -1,
      236, 237, 238, -1,
      238, 237, 239, -1,
      239, 237, 2, -1,
      239, 2, 240, -1,
      240, 2, 1, -1,
      240, 1, 241, -1,
      231, 242, 123, -1,
      123, 242, 241, -1,
      123, 241, 121, -1,
      121, 241, 1, -1,
      121, 1, 195, -1,
      195, 1, 198, -1,
      243, 244, 245, -1,
      245, 244, 246, -1,
      247, 248, 249, -1,
      248, 247, 250, -1,
      250, 247, 251, -1,
      250, 251, 252, -1,
      253, 254, 255, -1,
      255, 254, 256, -1,
      255, 256, 257, -1,
      243, 245, 258, -1,
      258, 245, 259, -1,
      258, 259, 260, -1,
      261, 256, 262, -1,
      262, 256, 254, -1,
      262, 254, 263, -1,
      263, 254, 253, -1,
      263, 253, 264, -1,
      265, 266, 267, -1,
      268, 269, 270, -1,
      270, 269, 271, -1,
      270, 271, 272, -1,
      273, 274, 275, -1,
      275, 274, 276, -1,
      275, 276, 266, -1,
      266, 276, 277, -1,
      266, 277, 267, -1,
      268, 278, 279, -1,
      279, 278, 280, -1,
      279, 280, 281, -1,
      272, 271, 282, -1,
      282, 271, 283, -1,
      282, 283, 284, -1,
      19, 18, 283, -1,
      283, 18, 285, -1,
      283, 285, 286, -1,
      287, 288, 289, -1,
      290, 291, 292, -1,
      292, 291, 293, -1,
      293, 294, 292, -1,
      292, 294, 295, -1,
      292, 295, 296, -1,
      296, 295, 297, -1,
      298, 299, 292, -1,
      292, 299, 300, -1,
      292, 300, 301, -1,
      284, 283, 289, -1,
      289, 283, 286, -1,
      289, 286, 287, -1,
      287, 286, 302, -1,
      287, 302, 292, -1,
      292, 302, 303, -1,
      292, 303, 298, -1,
      301, 304, 292, -1,
      292, 304, 305, -1,
      292, 305, 290, -1,
      306, 307, 308, -1,
      309, 310, 295, -1,
      295, 310, 311, -1,
      295, 311, 297, -1,
      306, 308, 295, -1,
      295, 308, 312, -1,
      295, 312, 309, -1,
      16, 313, 314, -1,
      315, 316, 317, -1,
      317, 316, 20, -1,
      314, 313, 317, -1,
      317, 313, 318, -1,
      317, 318, 315, -1,
      319, 320, 17, -1,
      17, 320, 321, -1,
      17, 321, 15, -1,
      322, 323, 17, -1,
      17, 323, 324, -1,
      17, 324, 319, -1,
      325, 326, 327, -1,
      327, 326, 328, -1,
      327, 328, 322, -1,
      322, 328, 329, -1,
      322, 329, 323, -1,
      330, 331, 332, -1,
      332, 331, 333, -1,
      332, 333, 334, -1,
      335, 336, 337, -1,
      337, 336, 338, -1,
      337, 338, 332, -1,
      332, 338, 339, -1,
      332, 339, 330, -1,
      22, 340, 23, -1,
      23, 340, 341, -1,
      23, 341, 342, -1,
      343, 344, 322, -1,
      322, 344, 345, -1,
      322, 345, 327, -1,
      327, 345, 346, -1,
      327, 346, 347, -1,
      348, 349, 350, -1,
      348, 350, 351, -1,
      351, 350, 352, -1,
      351, 352, 353, -1,
      354, 355, 356, -1,
      356, 355, 357, -1,
      356, 357, 353, -1,
      353, 357, 358, -1,
      353, 358, 351, -1,
      351, 358, 359, -1,
      360, 361, 362, -1,
      362, 361, 363, -1,
      362, 363, 359, -1,
      359, 363, 364, -1,
      359, 364, 351, -1,
      351, 364, 365, -1,
      366, 367, 368, -1,
      368, 367, 369, -1,
      368, 369, 365, -1,
      365, 369, 370, -1,
      365, 370, 351, -1,
      351, 370, 371, -1,
      372, 373, 374, -1,
      375, 376, 377, -1,
      377, 376, 378, -1,
      377, 378, 371, -1,
      371, 378, 379, -1,
      371, 379, 351, -1,
      351, 379, 380, -1,
      374, 373, 381, -1,
      381, 373, 382, -1,
      381, 382, 383, -1,
      384, 385, 208, -1,
      208, 385, 386, -1,
      387, 388, 389, -1,
      390, 391, 392, -1,
      392, 391, 393, -1,
      392, 393, 394, -1,
      395, 396, 397, -1,
      397, 396, 398, -1,
      397, 398, 399, -1,
      399, 398, 400, -1,
      399, 400, 401, -1,
      401, 400, 402, -1,
      403, 404, 405, -1,
      405, 404, 406, -1,
      405, 406, 394, -1,
      394, 406, 407, -1,
      394, 407, 392, -1,
      392, 407, 408, -1,
      409, 410, 411, -1,
      411, 410, 412, -1,
      411, 412, 408, -1,
      408, 412, 413, -1,
      408, 413, 392, -1,
      392, 413, 414, -1,
      415, 416, 417, -1,
      417, 416, 418, -1,
      417, 418, 414, -1,
      414, 418, 419, -1,
      414, 419, 392, -1,
      392, 419, 420, -1,
      421, 422, 423, -1,
      423, 422, 391, -1,
      423, 391, 424, -1,
      424, 391, 390, -1,
      424, 390, 397, -1,
      397, 390, 387, -1,
      397, 387, 395, -1,
      395, 387, 389, -1,
      425, 426, 427, -1,
      427, 426, 428, -1,
      427, 428, 420, -1,
      420, 428, 429, -1,
      420, 429, 392, -1,
      392, 429, 430, -1,
      205, 216, 201, -1,
      201, 216, 208, -1,
      201, 208, 396, -1,
      396, 208, 386, -1,
      396, 386, 398, -1,
      431, 432, 433, -1,
      433, 432, 434, -1,
      433, 434, 430, -1,
      430, 434, 435, -1,
      430, 435, 392, -1,
      392, 435, 436, -1,
      437, 392, 351, -1,
      351, 392, 436, -1,
      351, 436, 348, -1,
      348, 436, 438, -1,
      348, 438, 439, -1,
      12, 14, 440, -1,
      441, 442, 443, -1,
      444, 445, 446, -1,
      444, 446, 447, -1,
      447, 446, 448, -1,
      447, 448, 449, -1,
      445, 450, 446, -1,
      446, 450, 451, -1,
      446, 451, 452, -1,
      9, 11, 453, -1,
      454, 455, 456, -1,
      456, 455, 457, -1,
      458, 459, 460, -1,
      460, 459, 461, -1,
      460, 461, 457, -1,
      457, 461, 462, -1,
      457, 462, 456, -1,
      463, 464, 465, -1,
      465, 464, 466, -1,
      465, 466, 467, -1,
      468, 469, 455, -1,
      470, 471, 472, -1,
      472, 471, 473, -1,
      472, 473, 474, -1,
      468, 455, 475, -1,
      7, 476, 8, -1,
      8, 476, 477, -1,
      8, 477, 478, -1,
      479, 480, 481, -1,
      469, 472, 455, -1,
      455, 472, 474, -1,
      455, 474, 457, -1,
      457, 474, 482, -1,
      457, 482, 481, -1,
      481, 482, 483, -1,
      481, 483, 479, -1,
      480, 484, 481, -1,
      481, 484, 485, -1,
      481, 485, 486, -1,
      487, 488, 489, -1,
      489, 488, 490, -1,
      489, 490, 491, -1,
      489, 492, 487, -1,
      487, 492, 493, -1,
      487, 493, 494, -1,
      494, 495, 487, -1,
      487, 495, 496, -1,
      487, 496, 497, -1,
      497, 496, 498, -1,
      497, 498, 499, -1,
      499, 498, 500, -1,
      499, 500, 472, -1,
      472, 500, 501, -1,
      472, 501, 470, -1,
      502, 503, 491, -1,
      491, 503, 504, -1,
      491, 504, 489, -1,
      505, 506, 507, -1,
      508, 509, 510, -1,
      510, 509, 511, -1,
      510, 511, 512, -1,
      513, 514, 515, -1,
      515, 514, 516, -1,
      515, 516, 510, -1,
      517, 518, 519, -1,
      518, 508, 519, -1,
      519, 508, 510, -1,
      519, 510, 520, -1,
      520, 510, 516, -1,
      520, 516, 521, -1,
      521, 516, 481, -1,
      521, 481, 522, -1,
      522, 481, 486, -1,
      505, 507, 519, -1,
      519, 507, 523, -1,
      519, 523, 517, -1,
      524, 525, 506, -1,
      506, 525, 526, -1,
      506, 526, 507, -1,
      524, 527, 525, -1,
      525, 527, 528, -1,
      525, 528, 529, -1,
      529, 528, 530, -1,
      529, 531, 532, -1,
      530, 533, 529, -1,
      529, 533, 534, -1,
      529, 534, 535, -1,
      535, 536, 529, -1,
      529, 536, 537, -1,
      529, 537, 531, -1,
      532, 538, 529, -1,
      529, 538, 539, -1,
      529, 539, 540, -1,
      541, 542, 543, -1,
      543, 542, 544, -1,
      543, 544, 545, -1,
      213, 546, 14, -1,
      14, 546, 547, -1,
      14, 547, 440, -1,
      440, 547, 446, -1,
      440, 446, 460, -1,
      460, 446, 452, -1,
      460, 452, 458, -1,
      548, 29, 549, -1,
      549, 29, 550, -1,
      212, 27, 213, -1,
      213, 27, 29, -1,
      213, 29, 546, -1,
      546, 29, 548, -1,
      551, 552, 553, -1,
      553, 552, 554, -1,
      553, 554, 555, -1,
      555, 554, 548, -1,
      555, 548, 556, -1,
      556, 548, 549, -1,
      556, 549, 557, -1,
      549, 558, 557, -1,
      557, 558, 559, -1,
      557, 559, 560, -1,
      28, 220, 29, -1,
      29, 220, 561, -1,
      29, 561, 550, -1,
      443, 562, 441, -1,
      441, 562, 563, -1,
      441, 563, 10, -1,
      10, 563, 449, -1,
      10, 449, 11, -1,
      11, 449, 448, -1,
      11, 448, 564, -1,
      565, 566, 567, -1,
      567, 566, 568, -1,
      567, 568, 569, -1,
      570, 571, 572, -1,
      573, 574, 575, -1,
      576, 577, 578, -1,
      578, 577, 579, -1,
      578, 579, 580, -1,
      580, 579, 581, -1,
      582, 583, 581, -1,
      581, 583, 584, -1,
      581, 584, 580, -1,
      574, 573, 578, -1,
      585, 586, 567, -1,
      567, 586, 587, -1,
      567, 587, 565, -1,
      571, 588, 572, -1,
      572, 588, 589, -1,
      572, 589, 590, -1,
      590, 591, 572, -1,
      572, 591, 592, -1,
      572, 592, 573, -1,
      592, 593, 573, -1,
      573, 593, 594, -1,
      573, 594, 578, -1,
      578, 594, 595, -1,
      578, 595, 576, -1,
      596, 597, 510, -1,
      597, 598, 510, -1,
      510, 598, 599, -1,
      510, 599, 600, -1,
      600, 601, 510, -1,
      510, 601, 602, -1,
      510, 602, 603, -1,
      604, 605, 581, -1,
      581, 605, 606, -1,
      581, 606, 607, -1,
      603, 608, 510, -1,
      510, 608, 609, -1,
      510, 609, 515, -1,
      515, 609, 567, -1,
      515, 567, 572, -1,
      572, 567, 569, -1,
      572, 569, 570, -1,
      607, 610, 581, -1,
      581, 610, 611, -1,
      581, 611, 582, -1,
      575, 596, 573, -1,
      573, 596, 510, -1,
      573, 510, 612, -1,
      612, 510, 613, -1,
      612, 613, 337, -1,
      337, 613, 342, -1,
      337, 342, 335, -1,
      335, 342, 341, -1,
      4, 561, 5, -1,
      5, 561, 220, -1,
      5, 220, 251, -1,
      251, 220, 253, -1,
      251, 253, 252, -1,
      252, 253, 255, -1,
      219, 223, 220, -1,
      220, 223, 222, -1,
      220, 222, 253, -1,
      253, 222, 260, -1,
      253, 260, 264, -1,
      264, 260, 259, -1,
      614, 615, 616, -1,
      616, 615, 51, -1,
      616, 51, 617, -1,
      617, 51, 44, -1,
      617, 44, 347, -1,
      347, 44, 0, -1,
      347, 0, 327, -1,
      327, 0, 2, -1,
      235, 572, 226, -1,
      226, 572, 573, -1,
      226, 573, 237, -1,
      237, 573, 612, -1,
      237, 612, 2, -1,
      2, 612, 337, -1,
      2, 337, 327, -1,
      327, 337, 332, -1,
      327, 332, 325, -1,
      325, 332, 334, -1,
      512, 6, 510, -1,
      510, 6, 8, -1,
      510, 8, 613, -1,
      613, 8, 618, -1,
      613, 618, 342, -1,
      342, 618, 619, -1,
      342, 619, 23, -1,
      23, 619, 289, -1,
      23, 289, 21, -1,
      21, 289, 288, -1,
      478, 475, 8, -1,
      8, 475, 455, -1,
      8, 455, 618, -1,
      618, 455, 620, -1,
      618, 620, 619, -1,
      619, 620, 621, -1,
      619, 621, 289, -1,
      289, 621, 26, -1,
      289, 26, 284, -1,
      284, 26, 25, -1,
      465, 541, 463, -1,
      463, 541, 543, -1,
      463, 543, 454, -1,
      454, 543, 453, -1,
      454, 453, 455, -1,
      455, 453, 11, -1,
      455, 11, 620, -1,
      620, 11, 564, -1,
      620, 564, 621, -1,
      621, 564, 622, -1,
      621, 622, 26, -1,
      26, 622, 267, -1,
      26, 267, 24, -1,
      24, 267, 277, -1,
      623, 624, 267, -1,
      279, 265, 268, -1,
      268, 265, 267, -1,
      268, 267, 269, -1,
      269, 267, 624, -1,
      625, 626, 627, -1,
      627, 626, 628, -1,
      629, 630, 247, -1,
      247, 630, 631, -1,
      247, 631, 632, -1,
      624, 633, 269, -1,
      269, 633, 634, -1,
      269, 634, 626, -1,
      626, 634, 635, -1,
      626, 635, 636, -1,
      246, 244, 249, -1,
      249, 244, 626, -1,
      249, 626, 247, -1,
      247, 626, 625, -1,
      247, 625, 629, -1,
      632, 637, 247, -1,
      247, 637, 638, -1,
      247, 638, 639, -1,
      636, 640, 626, -1,
      626, 640, 641, -1,
      626, 641, 628, -1,
      639, 623, 247, -1,
      247, 623, 267, -1,
      247, 267, 251, -1,
      251, 267, 622, -1,
      251, 622, 5, -1,
      5, 622, 564, -1,
      5, 564, 3, -1,
      3, 564, 448, -1,
      396, 437, 201, -1,
      201, 437, 351, -1,
      201, 351, 222, -1,
      222, 351, 642, -1,
      222, 642, 260, -1,
      260, 642, 643, -1,
      260, 643, 258, -1,
      258, 643, 644, -1,
      258, 644, 243, -1,
      243, 644, 645, -1,
      646, 647, 648, -1,
      648, 647, 649, -1,
      648, 649, 380, -1,
      380, 649, 372, -1,
      380, 372, 351, -1,
      351, 372, 374, -1,
      351, 374, 642, -1,
      642, 374, 650, -1,
      642, 650, 643, -1,
      643, 650, 651, -1,
      643, 651, 644, -1,
      644, 651, 652, -1,
      644, 652, 645, -1,
      645, 652, 653, -1,
      16, 314, 17, -1,
      17, 314, 615, -1,
      17, 615, 322, -1,
      322, 615, 614, -1,
      322, 614, 343, -1,
      20, 19, 317, -1,
      317, 19, 283, -1,
      317, 283, 654, -1,
      654, 283, 271, -1,
      654, 271, 655, -1,
      655, 271, 269, -1,
      655, 269, 656, -1,
      656, 269, 626, -1,
      656, 626, 657, -1,
      657, 626, 244, -1,
      657, 244, 658, -1,
      658, 244, 243, -1,
      658, 243, 659, -1,
      659, 243, 645, -1,
      659, 645, 660, -1,
      660, 645, 653, -1,
      660, 653, 661, -1,
      49, 51, 56, -1,
      56, 51, 615, -1,
      56, 615, 662, -1,
      662, 615, 314, -1,
      662, 314, 663, -1,
      663, 314, 317, -1,
      663, 317, 664, -1,
      664, 317, 654, -1,
      664, 654, 665, -1,
      665, 654, 655, -1,
      665, 655, 666, -1,
      666, 655, 656, -1,
      666, 656, 667, -1,
      667, 656, 657, -1,
      667, 657, 668, -1,
      668, 657, 658, -1,
      668, 658, 669, -1,
      669, 658, 659, -1,
      669, 659, 670, -1,
      670, 659, 660, -1,
      670, 660, 671, -1,
      671, 660, 661, -1,
      671, 661, 672, -1,
    ]
  }
}

Shape {
  appearance Appearance {
    material Material {
      diffuseColor 0.6471 0.6196 0.5882
      specularColor 0.4510 0.4353 0.4118
      ambientIntensity 0.2
      transparency 0.0000
      shininess 0.5
    }
  }
  geometry IndexedFaceSet {
    ccw TRUE
    solid FALSE
    coord DEF co Coordinate {
      point [
        3.425197 0.531496 0.078740,
        3.425197 0.452756 0.078740,
        3.346457 0.531496 0.078740,
        3.346457 0.452756 0.078740,
        3.346457 -0.177165 0.078740,
        3.346457 -0.098425 0.078740,
        3.425197 -0.177165 0.078740,
        3.425197 -0.098425 0.078740,
        -3.425197 -0.177165 0.078740,
        -3.425197 -0.098425 0.078740,
        -3.346457 -0.177165 0.078740,
        -3.346457 -0.098425 0.078740,
      ]
    }
    coordIndex [
      0, 1, 2, -1,
      2, 1, 3, -1,
      4, 5, 6, -1,
      6, 5, 7, -1,
      8, 9, 10, -1,
      10, 9, 11, -1,
    ]
  }
}

Shape {
  appearance Appearance {
    material Material {
      diffuseColor 0.8431 0.8157 0.7529
      specularColor 0.4235 0.4078 0.3765
      ambientIntensity 0.2
      transparency 0.0000
      shininess 0.5
    }
  }
  geometry IndexedFaceSet {
    ccw TRUE
    solid FALSE
    coord DEF co Coordinate {
      point [
        2.519685 1.003937 0.177165,
        2.519685 1.003937 0.137795,
        2.453669 1.003937 0.137795,
        2.913386 1.003937 0.177165,
        2.913386 1.003937 0.137795,
        2.734297 1.003937 0.137795,
        3.543307 1.003937 0.883375,
        3.543307 1.003937 1.000024,
        3.543307 1.003937 1.476378,
        2.734297 1.003937 1.476378,
        3.543307 1.003937 0.987628,
        3.543307 1.003937 0.906273,
        3.543307 1.003937 0.860253,
        3.543307 1.003937 0.858698,
        2.992126 1.003937 0.236220,
        2.992126 1.003937 0.177165,
        3.543307 1.003937 0.137795,
        2.992126 1.003937 0.137795,
        2.913386 1.003937 0.236220,
        2.354302 1.003937 0.137795,
        2.429393 1.003937 0.137795,
        2.656881 1.003937 0.137795,
        -0.631559 1.003937 0.137795,
        -0.944882 1.003937 0.137795,
        -0.944882 1.003937 0.177165,
        -0.944882 1.003937 0.236220,
        -1.023622 1.003937 0.236220,
        -1.023622 1.003937 0.137795,
        -1.338583 1.003937 0.137795,
        -1.023622 1.003937 0.177165,
        -1.338583 1.003937 0.177165,
        -1.338583 1.003937 0.236220,
        -1.417323 1.003937 0.236220,
        -1.417323 1.003937 0.137795,
        -1.732283 1.003937 0.137795,
        -1.417323 1.003937 0.177165,
        -1.732283 1.003937 0.177165,
        -1.732283 1.003937 0.236220,
        -1.811024 1.003937 0.236220,
        -1.811024 1.003937 0.137795,
        -2.125984 1.003937 0.137795,
        -1.811024 1.003937 0.177165,
        -2.125984 1.003937 0.177165,
        -2.125984 1.003937 0.236220,
        -2.204724 1.003937 0.236220,
        -2.913386 1.003937 0.236220,
        -2.992126 1.003937 0.236220,
        -3.543307 1.003937 0.858698,
        -2.204724 1.003937 0.137795,
        -2.519685 1.003937 0.137795,
        -2.204724 1.003937 0.177165,
        -2.519685 1.003937 0.177165,
        -2.519685 1.003937 0.236220,
        -2.598425 1.003937 0.236220,
        -3.543307 1.003937 0.137795,
        -2.992126 1.003937 0.177165,
        -2.992126 1.003937 0.137795,
        2.204724 1.003937 0.137795,
        2.204724 1.003937 0.177165,
        2.204724 1.003937 0.236220,
        1.417323 1.003937 0.177165,
        1.417323 1.003937 0.236220,
        1.338583 1.003937 0.236220,
        1.811024 1.003937 0.236220,
        2.125984 1.003937 0.236220,
        1.811024 1.003937 0.177165,
        2.125984 1.003937 0.177165,
        1.811024 1.003937 0.137795,
        2.125984 1.003937 0.137795,
        1.338583 1.003937 0.137795,
        1.023622 1.003937 0.137795,
        1.338583 1.003937 0.177165,
        1.023622 1.003937 0.177165,
        1.023622 1.003937 0.236220,
        0.944882 1.003937 0.236220,
        0.944882 1.003937 0.137795,
        0.629921 1.003937 0.137795,
        0.944882 1.003937 0.177165,
        0.629921 1.003937 0.177165,
        0.629921 1.003937 0.236220,
        0.551181 1.003937 0.236220,
        0.551181 1.003937 0.137795,
        0.236220 1.003937 0.137795,
        0.551181 1.003937 0.177165,
        0.236220 1.003937 0.177165,
        0.236220 1.003937 0.236220,
        0.157480 1.003937 0.236220,
        1.732283 1.003937 0.137795,
        1.417323 1.003937 0.137795,
        1.732283 1.003937 0.177165,
        1.732283 1.003937 0.236220,
        0.157480 1.003937 0.137795,
        -0.157480 1.003937 0.137795,
        0.157480 1.003937 0.177165,
        -0.157480 1.003937 0.177165,
        -0.157480 1.003937 0.236220,
        -0.236220 1.003937 0.236220,
        -0.236220 1.003937 0.137795,
        -0.551181 1.003937 0.137795,
        -0.236220 1.003937 0.177165,
        -0.551181 1.003937 0.177165,
        -0.551181 1.003937 0.236220,
        -0.629921 1.003937 0.236220,
        -0.629921 1.003937 0.177165,
        -0.629921 1.003937 0.137795,
        2.519685 1.003937 0.236220,
        2.548095 1.003937 0.236220,
        2.528761 1.003937 0.236220,
        2.584498 1.003937 0.236220,
        2.598425 1.003937 0.137795,
        2.598425 1.003937 0.177165,
        2.598898 1.003937 0.137795,
        2.598425 1.003937 0.236220,
        2.652094 1.003937 0.137795,
        -2.598425 1.003937 0.137795,
        -2.913386 1.003937 0.137795,
        -2.598425 1.003937 0.177165,
        -2.913386 1.003937 0.177165,
        -3.543307 1.003937 0.860253,
        -3.543307 1.003937 0.883375,
        -3.543307 1.003937 0.906273,
        -3.543307 1.003937 0.987628,
        -3.543307 1.003937 1.000024,
        2.656881 1.003937 1.476378,
        2.652094 1.003937 1.476378,
        2.598898 1.003937 1.476378,
        2.584498 1.003937 1.476378,
        2.548095 1.003937 1.476378,
        2.528761 1.003937 1.476378,
        2.453669 1.003937 1.476378,
        2.429393 1.003937 1.476378,
        2.354302 1.003937 1.476378,
        -0.631559 1.003937 1.476378,
        -3.543307 1.003937 1.476378,
        3.188976 -0.767717 0.452756,
        3.188976 -0.755237 0.452756,
        2.755906 -0.755237 0.452756,
        -0.236220 -0.595826 0.452756,
        -0.157480 -0.595826 0.452756,
        0.000000 -0.482115 0.452756,
        -0.236220 -0.143407 0.452756,
        -0.157480 -0.143407 0.452756,
        0.000000 0.000000 0.452756,
        -0.236220 0.368404 0.452756,
        -0.157480 0.368404 0.452756,
        0.000000 0.482115 0.452756,
        -0.236220 0.742757 0.452756,
        -0.157480 0.742757 0.452756,
        0.000000 0.767717 0.452756,
        2.755906 0.767717 0.452756,
        2.913386 0.742757 0.452756,
        2.992126 0.742757 0.452756,
        2.913386 0.595826 0.452756,
        2.755906 0.482115 0.452756,
        2.992126 0.595826 0.452756,
        3.188976 0.482115 0.452756,
        3.188976 0.767717 0.452756,
        2.519685 0.595826 0.452756,
        2.362205 0.482115 0.452756,
        2.598425 0.595826 0.452756,
        2.598425 0.742757 0.452756,
        2.519685 0.742757 0.452756,
        2.362205 0.767717 0.452756,
        2.125984 0.595826 0.452756,
        1.968504 0.482115 0.452756,
        2.204724 0.595826 0.452756,
        2.204724 0.742757 0.452756,
        2.125984 0.742757 0.452756,
        1.968504 0.767717 0.452756,
        1.732283 0.595826 0.452756,
        1.574803 0.482115 0.452756,
        1.811024 0.595826 0.452756,
        1.811024 0.742757 0.452756,
        1.732283 0.742757 0.452756,
        1.574803 0.767717 0.452756,
        1.181102 0.767717 0.452756,
        1.338583 0.742757 0.452756,
        1.417323 0.742757 0.452756,
        1.338583 0.595826 0.452756,
        1.181102 0.482115 0.452756,
        1.417323 0.595826 0.452756,
        0.944882 0.595826 0.452756,
        0.787402 0.482115 0.452756,
        1.023622 0.595826 0.452756,
        1.023622 0.742757 0.452756,
        0.944882 0.742757 0.452756,
        0.787402 0.767717 0.452756,
        0.551181 0.595826 0.452756,
        0.393701 0.482115 0.452756,
        0.629921 0.595826 0.452756,
        0.629921 0.742757 0.452756,
        0.551181 0.742757 0.452756,
        0.393701 0.767717 0.452756,
        0.157480 0.595826 0.452756,
        0.236220 0.595826 0.452756,
        0.236220 0.742757 0.452756,
        0.157480 0.742757 0.452756,
        -0.157480 0.595826 0.452756,
        -0.236220 0.595826 0.452756,
        -0.551181 0.595826 0.452756,
        -0.629921 0.595826 0.452756,
        -0.787402 0.482115 0.452756,
        -0.787402 0.767717 0.452756,
        -0.629921 0.742757 0.452756,
        -0.551181 0.742757 0.452756,
        -1.023622 0.595826 0.452756,
        -1.181102 0.482115 0.452756,
        -0.944882 0.595826 0.452756,
        -0.944882 0.742757 0.452756,
        -1.023622 0.742757 0.452756,
        -1.181102 0.767717 0.452756,
        -1.417323 0.595826 0.452756,
        -1.574803 0.482115 0.452756,
        -1.338583 0.595826 0.452756,
        -1.338583 0.742757 0.452756,
        -1.417323 0.742757 0.452756,
        -1.574803 0.767717 0.452756,
        -1.811024 0.595826 0.452756,
        -1.968504 0.482115 0.452756,
        -1.732283 0.595826 0.452756,
        -1.732283 0.742757 0.452756,
        -1.811024 0.742757 0.452756,
        -1.968504 0.767717 0.452756,
        -2.204724 0.595826 0.452756,
        -2.362205 0.482115 0.452756,
        -2.125984 0.595826 0.452756,
        -2.125984 0.742757 0.452756,
        -2.204724 0.742757 0.452756,
        -2.362205 0.767717 0.452756,
        -2.598425 0.595826 0.452756,
        -2.755906 0.482115 0.452756,
        -2.519685 0.595826 0.452756,
        -2.519685 0.742757 0.452756,
        -2.598425 0.742757 0.452756,
        -2.755906 0.767717 0.452756,
        -3.090551 0.767717 0.452756,
        -2.992126 0.742757 0.452756,
        -2.913386 0.742757 0.452756,
        -2.992126 0.595826 0.452756,
        -3.090551 0.482115 0.452756,
        -2.913386 0.595826 0.452756,
        2.913386 0.368404 0.452756,
        2.913386 0.143407 0.452756,
        2.755906 0.000000 0.452756,
        2.992126 0.143407 0.452756,
        3.188976 0.000000 0.452756,
        2.992126 0.368404 0.452756,
        2.519685 0.368404 0.452756,
        2.519685 0.143407 0.452756,
        2.362205 0.000000 0.452756,
        2.598425 0.143407 0.452756,
        2.598425 0.368404 0.452756,
        2.125984 0.368404 0.452756,
        2.125984 0.143407 0.452756,
        1.968504 0.000000 0.452756,
        2.204724 0.143407 0.452756,
        2.204724 0.368404 0.452756,
        1.732283 0.368404 0.452756,
        1.732283 0.143407 0.452756,
        1.574803 0.000000 0.452756,
        1.811024 0.143407 0.452756,
        1.811024 0.368404 0.452756,
        1.338583 0.368404 0.452756,
        1.338583 0.143407 0.452756,
        1.181102 0.000000 0.452756,
        1.417323 0.143407 0.452756,
        1.417323 0.368404 0.452756,
        0.944882 0.368404 0.452756,
        0.944882 0.143407 0.452756,
        0.787402 0.000000 0.452756,
        1.023622 0.143407 0.452756,
        1.023622 0.368404 0.452756,
        0.551181 0.368404 0.452756,
        0.551181 0.143407 0.452756,
        0.393701 0.000000 0.452756,
        0.629921 0.143407 0.452756,
        0.629921 0.368404 0.452756,
        0.157480 0.368404 0.452756,
        0.157480 0.143407 0.452756,
        0.236220 0.143407 0.452756,
        0.236220 0.368404 0.452756,
        -0.551181 0.143407 0.452756,
        -0.629921 0.143407 0.452756,
        -0.787402 0.000000 0.452756,
        -0.157480 0.143407 0.452756,
        -0.236220 0.143407 0.452756,
        -0.629921 0.368404 0.452756,
        -0.551181 0.368404 0.452756,
        -1.023622 0.368404 0.452756,
        -1.023622 0.143407 0.452756,
        -1.181102 0.000000 0.452756,
        -0.944882 0.143407 0.452756,
        -0.944882 0.368404 0.452756,
        -1.417323 0.368404 0.452756,
        -1.417323 0.143407 0.452756,
        -1.574803 0.000000 0.452756,
        -1.338583 0.143407 0.452756,
        -1.338583 0.368404 0.452756,
        -1.811024 0.368404 0.452756,
        -1.811024 0.143407 0.452756,
        -1.968504 0.000000 0.452756,
        -1.732283 0.143407 0.452756,
        -1.732283 0.368404 0.452756,
        -2.204724 0.368404 0.452756,
        -2.204724 0.143407 0.452756,
        -2.362205 0.000000 0.452756,
        -2.125984 0.143407 0.452756,
        -2.125984 0.368404 0.452756,
        -2.598425 0.368404 0.452756,
        -2.598425 0.143407 0.452756,
        -2.755906 0.000000 0.452756,
        -2.519685 0.143407 0.452756,
        -2.519685 0.368404 0.452756,
        -2.992126 0.368404 0.452756,
        -2.992126 0.143407 0.452756,
        -3.090551 0.000000 0.452756,
        -2.913386 0.143407 0.452756,
        -2.913386 0.368404 0.452756,
        2.913386 -0.368404 0.452756,
        2.755906 -0.482115 0.452756,
        2.992126 -0.368404 0.452756,
        3.188976 -0.482115 0.452756,
        2.992126 -0.143407 0.452756,
        2.913386 -0.143407 0.452756,
        2.519685 -0.368404 0.452756,
        2.362205 -0.482115 0.452756,
        2.598425 -0.368404 0.452756,
        2.598425 -0.143407 0.452756,
        2.519685 -0.143407 0.452756,
        2.125984 -0.368404 0.452756,
        1.968504 -0.482115 0.452756,
        2.204724 -0.368404 0.452756,
        2.204724 -0.143407 0.452756,
        2.125984 -0.143407 0.452756,
        1.732283 -0.368404 0.452756,
        1.574803 -0.482115 0.452756,
        1.811024 -0.368404 0.452756,
        1.811024 -0.143407 0.452756,
        1.732283 -0.143407 0.452756,
        1.338583 -0.368404 0.452756,
        1.181102 -0.482115 0.452756,
        1.417323 -0.368404 0.452756,
        1.417323 -0.143407 0.452756,
        1.338583 -0.143407 0.452756,
        0.944882 -0.368404 0.452756,
        0.787402 -0.482115 0.452756,
        1.023622 -0.368404 0.452756,
        1.023622 -0.143407 0.452756,
        0.944882 -0.143407 0.452756,
        0.551181 -0.368404 0.452756,
        0.393701 -0.482115 0.452756,
        0.629921 -0.368404 0.452756,
        0.629921 -0.143407 0.452756,
        0.551181 -0.143407 0.452756,
        0.157480 -0.368404 0.452756,
        0.236220 -0.368404 0.452756,
        0.236220 -0.143407 0.452756,
        0.157480 -0.143407 0.452756,
        -0.157480 -0.368404 0.452756,
        -0.236220 -0.368404 0.452756,
        -0.551181 -0.368404 0.452756,
        -0.629921 -0.368404 0.452756,
        -0.787402 -0.482115 0.452756,
        -0.629921 -0.143407 0.452756,
        -0.551181 -0.143407 0.452756,
        -1.023622 -0.368404 0.452756,
        -1.181102 -0.482115 0.452756,
        -0.944882 -0.368404 0.452756,
        -0.944882 -0.143407 0.452756,
        -1.023622 -0.143407 0.452756,
        -1.417323 -0.368404 0.452756,
        -1.574803 -0.482115 0.452756,
        -1.338583 -0.368404 0.452756,
        -1.338583 -0.143407 0.452756,
        -1.417323 -0.143407 0.452756,
        -1.811024 -0.368404 0.452756,
        -1.968504 -0.482115 0.452756,
        -1.732283 -0.368404 0.452756,
        -1.732283 -0.143407 0.452756,
        -1.811024 -0.143407 0.452756,
        -2.204724 -0.368404 0.452756,
        -2.362205 -0.482115 0.452756,
        -2.125984 -0.368404 0.452756,
        -2.125984 -0.143407 0.452756,
        -2.204724 -0.143407 0.452756,
        -2.598425 -0.368404 0.452756,
        -2.755906 -0.482115 0.452756,
        -2.519685 -0.368404 0.452756,
        -2.519685 -0.143407 0.452756,
        -2.598425 -0.143407 0.452756,
        -2.992126 -0.368404 0.452756,
        -3.090551 -0.482115 0.452756,
        -2.913386 -0.368404 0.452756,
        -2.913386 -0.143407 0.452756,
        -2.992126 -0.143407 0.452756,
        2.913386 -0.742757 0.452756,
        2.992126 -0.742757 0.452756,
        2.992126 -0.595826 0.452756,
        2.913386 -0.595826 0.452756,
        2.519685 -0.742757 0.452756,
        2.362205 -0.755237 0.452756,
        2.598425 -0.742757 0.452756,
        2.598425 -0.595826 0.452756,
        2.519685 -0.595826 0.452756,
        2.125984 -0.742757 0.452756,
        1.968504 -0.755237 0.452756,
        2.204724 -0.742757 0.452756,
        2.204724 -0.595826 0.452756,
        2.125984 -0.595826 0.452756,
        1.732283 -0.742757 0.452756,
        1.574803 -0.755237 0.452756,
        1.811024 -0.742757 0.452756,
        1.811024 -0.595826 0.452756,
        1.732283 -0.595826 0.452756,
        1.338583 -0.742757 0.452756,
        1.181102 -0.755237 0.452756,
        1.417323 -0.742757 0.452756,
        1.417323 -0.595826 0.452756,
        1.338583 -0.595826 0.452756,
        0.944882 -0.742757 0.452756,
        0.787402 -0.755237 0.452756,
        1.023622 -0.742757 0.452756,
        1.023622 -0.595826 0.452756,
        0.944882 -0.595826 0.452756,
        0.551181 -0.742757 0.452756,
        0.393701 -0.755237 0.452756,
        0.629921 -0.742757 0.452756,
        0.629921 -0.595826 0.452756,
        0.551181 -0.595826 0.452756,
        0.157480 -0.742757 0.452756,
        0.000000 -0.755237 0.452756,
        0.236220 -0.742757 0.452756,
        0.236220 -0.595826 0.452756,
        0.157480 -0.595826 0.452756,
        -0.551181 -0.742757 0.452756,
        -0.629921 -0.742757 0.452756,
        -0.787402 -0.755237 0.452756,
        -0.157480 -0.742757 0.452756,
        -0.236220 -0.742757 0.452756,
        -0.629921 -0.595826 0.452756,
        -0.551181 -0.595826 0.452756,
        -1.023622 -0.742757 0.452756,
        -1.181102 -0.755237 0.452756,
        -0.944882 -0.742757 0.452756,
        -0.944882 -0.595826 0.452756,
        -1.023622 -0.595826 0.452756,
        -1.417323 -0.742757 0.452756,
        -1.574803 -0.755237 0.452756,
        -1.338583 -0.742757 0.452756,
        -1.338583 -0.595826 0.452756,
        -1.417323 -0.595826 0.452756,
        -1.811024 -0.742757 0.452756,
        -1.968504 -0.755237 0.452756,
        -1.732283 -0.742757 0.452756,
        -1.732283 -0.595826 0.452756,
        -1.811024 -0.595826 0.452756,
        -2.204724 -0.742757 0.452756,
        -2.362205 -0.755237 0.452756,
        -2.125984 -0.742757 0.452756,
        -2.125984 -0.595826 0.452756,
        -2.204724 -0.595826 0.452756,
        -2.598425 -0.742757 0.452756,
        -2.755906 -0.755237 0.452756,
        -2.519685 -0.742757 0.452756,
        -2.519685 -0.595826 0.452756,
        -2.598425 -0.595826 0.452756,
        -2.992126 -0.742757 0.452756,
        -3.090551 -0.755237 0.452756,
        -2.913386 -0.742757 0.452756,
        -2.913386 -0.595826 0.452756,
        -2.992126 -0.595826 0.452756,
        -3.188976 0.767717 0.452756,
        -3.188976 0.482115 0.452756,
        -3.188976 0.000000 0.452756,
        -3.188976 -0.482115 0.452756,
        -3.188976 -0.755237 0.452756,
        2.755906 -0.767717 0.452756,
        2.362205 -0.767717 0.452756,
        1.968504 -0.767717 0.452756,
        1.574803 -0.767717 0.452756,
        1.181102 -0.767717 0.452756,
        0.787402 -0.767717 0.452756,
        0.393701 -0.767717 0.452756,
        0.000000 -0.767717 0.452756,
        -0.787402 -0.767717 0.452756,
        -1.181102 -0.767717 0.452756,
        -1.574803 -0.767717 0.452756,
        -1.968504 -0.767717 0.452756,
        -2.362205 -0.767717 0.452756,
        -2.755906 -0.767717 0.452756,
        -3.090551 -0.767717 0.452756,
        -3.188976 -0.767717 0.452756,
        2.992126 -0.943641 0.233224,
        2.992126 -1.003937 0.236220,
        2.992126 -0.936255 0.235464,
        2.992126 -0.928574 0.236220,
        2.992126 -0.950447 0.229585,
        2.992126 -0.956413 0.224689,
        2.992126 -1.003937 0.177165,
        2.992126 -0.515189 0.098425,
        2.992126 -0.501969 0.098425,
        2.992126 -0.501969 0.078740,
        2.992126 -0.551181 0.078740,
        2.992126 -0.543027 0.086894,
        2.992126 -0.537061 0.091790,
        2.992126 -0.530255 0.095428,
        2.992126 -0.522869 0.097669,
        2.992126 -0.196850 0.137795,
        2.992126 -0.196850 0.078740,
        2.992126 -0.197837 0.129035,
        2.992126 -0.200749 0.120713,
        2.992126 -0.227460 0.099412,
        2.992126 -0.219139 0.102324,
        2.992126 -0.364173 0.078740,
        2.992126 -0.364173 0.098425,
        2.992126 -0.236220 0.098425,
        2.992126 -0.211674 0.107015,
        2.992126 -0.205440 0.113248,
        2.913386 -0.928574 0.236220,
        2.913386 -1.003937 0.236220,
        2.913386 -0.936255 0.235464,
        2.913386 -0.943641 0.233224,
        2.913386 -1.003937 0.177165,
        2.913386 -0.956413 0.224689,
        2.913386 -0.950447 0.229585,
        2.913386 -0.543027 0.086894,
        2.913386 -0.551181 0.078740,
        2.913386 -0.501969 0.078740,
        2.913386 -0.501969 0.098425,
        2.913386 -0.515189 0.098425,
        2.913386 -0.522869 0.097669,
        2.913386 -0.530255 0.095428,
        2.913386 -0.537061 0.091790,
        2.913386 -0.196850 0.137795,
        2.913386 -0.197837 0.129035,
        2.913386 -0.196850 0.078740,
        2.913386 -0.200749 0.120713,
        2.913386 -0.205440 0.113248,
        2.913386 -0.364173 0.098425,
        2.913386 -0.364173 0.078740,
        2.913386 -0.236220 0.098425,
        2.913386 -0.227460 0.099412,
        2.913386 -0.211674 0.107015,
        2.913386 -0.219139 0.102324,
        2.598425 -0.943641 0.233224,
        2.598425 -1.003937 0.236220,
        2.598425 -0.936255 0.235464,
        2.598425 -0.928574 0.236220,
        2.598425 -0.950447 0.229585,
        2.598425 -0.956413 0.224689,
        2.598425 -1.003937 0.177165,
        2.598425 -0.515189 0.098425,
        2.598425 -0.501969 0.098425,
        2.598425 -0.501969 0.078740,
        2.598425 -0.551181 0.078740,
        2.598425 -0.543027 0.086894,
        2.598425 -0.537061 0.091790,
        2.598425 -0.530255 0.095428,
        2.598425 -0.522869 0.097669,
        2.598425 -0.227460 0.099412,
        2.598425 -0.219139 0.102324,
        2.598425 -0.196850 0.078740,
        2.598425 -0.211674 0.107015,
        2.598425 -0.205440 0.113248,
        2.598425 -0.200749 0.120713,
        2.598425 -0.197837 0.129035,
        2.598425 -0.196850 0.137795,
        2.598425 -0.364173 0.078740,
        2.598425 -0.364173 0.098425,
        2.598425 -0.236220 0.098425,
        2.519685 -0.928574 0.236220,
        2.519685 -1.003937 0.236220,
        2.519685 -0.936255 0.235464,
        2.519685 -0.943641 0.233224,
        2.519685 -1.003937 0.177165,
        2.519685 -0.956413 0.224689,
        2.519685 -0.950447 0.229585,
        2.519685 -0.543027 0.086894,
        2.519685 -0.551181 0.078740,
        2.519685 -0.501969 0.078740,
        2.519685 -0.501969 0.098425,
        2.519685 -0.515189 0.098425,
        2.519685 -0.522869 0.097669,
        2.519685 -0.530255 0.095428,
        2.519685 -0.537061 0.091790,
        2.519685 -0.200749 0.120713,
        2.519685 -0.196850 0.078740,
        2.519685 -0.197837 0.129035,
        2.519685 -0.196850 0.137795,
        2.519685 -0.205440 0.113248,
        2.519685 -0.211674 0.107015,
        2.519685 -0.219139 0.102324,
        2.519685 -0.364173 0.098425,
        2.519685 -0.364173 0.078740,
        2.519685 -0.236220 0.098425,
        2.519685 -0.227460 0.099412,
        2.204724 -0.943641 0.233224,
        2.204724 -1.003937 0.236220,
        2.204724 -0.936255 0.235464,
        2.204724 -0.928574 0.236220,
        2.204724 -0.950447 0.229585,
        2.204724 -0.956413 0.224689,
        2.204724 -1.003937 0.177165,
        2.204724 -0.515189 0.098425,
        2.204724 -0.501969 0.098425,
        2.204724 -0.501969 0.078740,
        2.204724 -0.551181 0.078740,
        2.204724 -0.543027 0.086894,
        2.204724 -0.537061 0.091790,
        2.204724 -0.530255 0.095428,
        2.204724 -0.522869 0.097669,
        2.204724 -0.227460 0.099412,
        2.204724 -0.219139 0.102324,
        2.204724 -0.196850 0.078740,
        2.204724 -0.211674 0.107015,
        2.204724 -0.205440 0.113248,
        2.204724 -0.200749 0.120713,
        2.204724 -0.197837 0.129035,
        2.204724 -0.196850 0.137795,
        2.204724 -0.364173 0.078740,
        2.204724 -0.364173 0.098425,
        2.204724 -0.236220 0.098425,
        2.125984 -0.928574 0.236220,
        2.125984 -1.003937 0.236220,
        2.125984 -0.936255 0.235464,
        2.125984 -0.943641 0.233224,
        2.125984 -1.003937 0.177165,
        2.125984 -0.956413 0.224689,
        2.125984 -0.950447 0.229585,
        2.125984 -0.543027 0.086894,
        2.125984 -0.551181 0.078740,
        2.125984 -0.501969 0.078740,
        2.125984 -0.501969 0.098425,
        2.125984 -0.515189 0.098425,
        2.125984 -0.522869 0.097669,
        2.125984 -0.530255 0.095428,
        2.125984 -0.537061 0.091790,
        2.125984 -0.200749 0.120713,
        2.125984 -0.196850 0.078740,
        2.125984 -0.197837 0.129035,
        2.125984 -0.196850 0.137795,
        2.125984 -0.205440 0.113248,
        2.125984 -0.211674 0.107015,
        2.125984 -0.219139 0.102324,
        2.125984 -0.364173 0.098425,
        2.125984 -0.364173 0.078740,
        2.125984 -0.236220 0.098425,
        2.125984 -0.227460 0.099412,
        1.811024 -0.943641 0.233224,
        1.811024 -1.003937 0.236220,
        1.811024 -0.936255 0.235464,
        1.811024 -0.928574 0.236220,
        1.811024 -0.950447 0.229585,
        1.811024 -0.956413 0.224689,
        1.811024 -1.003937 0.177165,
        1.811024 -0.515189 0.098425,
        1.811024 -0.501969 0.098425,
        1.811024 -0.501969 0.078740,
        1.811024 -0.551181 0.078740,
        1.811024 -0.543027 0.086894,
        1.811024 -0.537061 0.091790,
        1.811024 -0.530255 0.095428,
        1.811024 -0.522869 0.097669,
        1.811024 -0.227460 0.099412,
        1.811024 -0.219139 0.102324,
        1.811024 -0.196850 0.078740,
        1.811024 -0.211674 0.107015,
        1.811024 -0.205440 0.113248,
        1.811024 -0.200749 0.120713,
        1.811024 -0.197837 0.129035,
        1.811024 -0.196850 0.137795,
        1.811024 -0.364173 0.078740,
        1.811024 -0.364173 0.098425,
        1.811024 -0.236220 0.098425,
        1.732283 -0.928574 0.236220,
        1.732283 -1.003937 0.236220,
        1.732283 -0.936255 0.235464,
        1.732283 -0.943641 0.233224,
        1.732283 -1.003937 0.177165,
        1.732283 -0.956413 0.224689,
        1.732283 -0.950447 0.229585,
        1.732283 -0.543027 0.086894,
        1.732283 -0.551181 0.078740,
        1.732283 -0.501969 0.078740,
        1.732283 -0.501969 0.098425,
        1.732283 -0.515189 0.098425,
        1.732283 -0.522869 0.097669,
        1.732283 -0.530255 0.095428,
        1.732283 -0.537061 0.091790,
        1.732283 -0.200749 0.120713,
        1.732283 -0.196850 0.078740,
        1.732283 -0.197837 0.129035,
        1.732283 -0.196850 0.137795,
        1.732283 -0.205440 0.113248,
        1.732283 -0.211674 0.107015,
        1.732283 -0.219139 0.102324,
        1.732283 -0.364173 0.098425,
        1.732283 -0.364173 0.078740,
        1.732283 -0.236220 0.098425,
        1.732283 -0.227460 0.099412,
        1.417323 -0.943641 0.233224,
        1.417323 -1.003937 0.236220,
        1.417323 -0.936255 0.235464,
        1.417323 -0.928574 0.236220,
        1.417323 -0.950447 0.229585,
        1.417323 -0.956413 0.224689,
        1.417323 -1.003937 0.177165,
        1.417323 -0.515189 0.098425,
        1.417323 -0.501969 0.098425,
        1.417323 -0.501969 0.078740,
        1.417323 -0.551181 0.078740,
        1.417323 -0.543027 0.086894,
        1.417323 -0.537061 0.091790,
        1.417323 -0.530255 0.095428,
        1.417323 -0.522869 0.097669,
        1.417323 -0.227460 0.099412,
        1.417323 -0.219139 0.102324,
        1.417323 -0.196850 0.078740,
        1.417323 -0.211674 0.107015,
        1.417323 -0.205440 0.113248,
        1.417323 -0.200749 0.120713,
        1.417323 -0.197837 0.129035,
        1.417323 -0.196850 0.137795,
        1.417323 -0.364173 0.078740,
        1.417323 -0.364173 0.098425,
        1.417323 -0.236220 0.098425,
        1.338583 -0.928574 0.236220,
        1.338583 -1.003937 0.236220,
        1.338583 -0.936255 0.235464,
        1.338583 -0.943641 0.233224,
        1.338583 -1.003937 0.177165,
        1.338583 -0.956413 0.224689,
        1.338583 -0.950447 0.229585,
        1.338583 -0.543027 0.086894,
        1.338583 -0.551181 0.078740,
        1.338583 -0.501969 0.078740,
        1.338583 -0.501969 0.098425,
        1.338583 -0.515189 0.098425,
        1.338583 -0.522869 0.097669,
        1.338583 -0.530255 0.095428,
        1.338583 -0.537061 0.091790,
        1.338583 -0.200749 0.120713,
        1.338583 -0.196850 0.078740,
        1.338583 -0.197837 0.129035,
        1.338583 -0.196850 0.137795,
        1.338583 -0.205440 0.113248,
        1.338583 -0.211674 0.107015,
        1.338583 -0.219139 0.102324,
        1.338583 -0.364173 0.098425,
        1.338583 -0.364173 0.078740,
        1.338583 -0.236220 0.098425,
        1.338583 -0.227460 0.099412,
        1.023622 -0.943641 0.233224,
        1.023622 -1.003937 0.236220,
        1.023622 -0.936255 0.235464,
        1.023622 -0.928574 0.236220,
        1.023622 -0.950447 0.229585,
        1.023622 -0.956413 0.224689,
        1.023622 -1.003937 0.177165,
        1.023622 -0.515189 0.098425,
        1.023622 -0.501969 0.098425,
        1.023622 -0.501969 0.078740,
        1.023622 -0.551181 0.078740,
        1.023622 -0.543027 0.086894,
        1.023622 -0.537061 0.091790,
        1.023622 -0.530255 0.095428,
        1.023622 -0.522869 0.097669,
        1.023622 -0.196850 0.137795,
        1.023622 -0.196850 0.078740,
        1.023622 -0.197837 0.129035,
        1.023622 -0.200749 0.120713,
        1.023622 -0.227460 0.099412,
        1.023622 -0.219139 0.102324,
        1.023622 -0.364173 0.078740,
        1.023622 -0.364173 0.098425,
        1.023622 -0.236220 0.098425,
        1.023622 -0.211674 0.107015,
        1.023622 -0.205440 0.113248,
        0.944882 -0.928574 0.236220,
        0.944882 -1.003937 0.236220,
        0.944882 -0.936255 0.235464,
        0.944882 -0.943641 0.233224,
        0.944882 -1.003937 0.177165,
        0.944882 -0.956413 0.224689,
        0.944882 -0.950447 0.229585,
        0.944882 -0.543027 0.086894,
        0.944882 -0.551181 0.078740,
        0.944882 -0.501969 0.078740,
        0.944882 -0.501969 0.098425,
        0.944882 -0.515189 0.098425,
        0.944882 -0.522869 0.097669,
        0.944882 -0.530255 0.095428,
        0.944882 -0.537061 0.091790,
        0.944882 -0.196850 0.137795,
        0.944882 -0.197837 0.129035,
        0.944882 -0.196850 0.078740,
        0.944882 -0.200749 0.120713,
        0.944882 -0.205440 0.113248,
        0.944882 -0.364173 0.098425,
        0.944882 -0.364173 0.078740,
        0.944882 -0.236220 0.098425,
        0.944882 -0.227460 0.099412,
        0.944882 -0.211674 0.107015,
        0.944882 -0.219139 0.102324,
        0.629921 -0.943641 0.233224,
        0.629921 -1.003937 0.236220,
        0.629921 -0.936255 0.235464,
        0.629921 -0.928574 0.236220,
        0.629921 -0.950447 0.229585,
        0.629921 -0.956413 0.224689,
        0.629921 -1.003937 0.177165,
        0.629921 -0.515189 0.098425,
        0.629921 -0.501969 0.098425,
        0.629921 -0.501969 0.078740,
        0.629921 -0.551181 0.078740,
        0.629921 -0.543027 0.086894,
        0.629921 -0.537061 0.091790,
        0.629921 -0.530255 0.095428,
        0.629921 -0.522869 0.097669,
        0.629921 -0.196850 0.137795,
        0.629921 -0.196850 0.078740,
        0.629921 -0.197837 0.129035,
        0.629921 -0.200749 0.120713,
        0.629921 -0.227460 0.099412,
        0.629921 -0.219139 0.102324,
        0.629921 -0.364173 0.078740,
        0.629921 -0.364173 0.098425,
        0.629921 -0.236220 0.098425,
        0.629921 -0.211674 0.107015,
        0.629921 -0.205440 0.113248,
        0.551181 -0.928574 0.236220,
        0.551181 -1.003937 0.236220,
        0.551181 -0.936255 0.235464,
        0.551181 -0.943641 0.233224,
        0.551181 -1.003937 0.177165,
        0.551181 -0.956413 0.224689,
        0.551181 -0.950447 0.229585,
        0.551181 -0.543027 0.086894,
        0.551181 -0.551181 0.078740,
        0.551181 -0.501969 0.078740,
        0.551181 -0.501969 0.098425,
        0.551181 -0.515189 0.098425,
        0.551181 -0.522869 0.097669,
        0.551181 -0.530255 0.095428,
        0.551181 -0.537061 0.091790,
        0.551181 -0.196850 0.137795,
        0.551181 -0.197837 0.129035,
        0.551181 -0.196850 0.078740,
        0.551181 -0.200749 0.120713,
        0.551181 -0.205440 0.113248,
        0.551181 -0.364173 0.098425,
        0.551181 -0.364173 0.078740,
        0.551181 -0.236220 0.098425,
        0.551181 -0.227460 0.099412,
        0.551181 -0.211674 0.107015,
        0.551181 -0.219139 0.102324,
        0.236220 -0.943641 0.233224,
        0.236220 -1.003937 0.236220,
        0.236220 -0.936255 0.235464,
        0.236220 -0.928574 0.236220,
        0.236220 -0.950447 0.229585,
        0.236220 -0.956413 0.224689,
        0.236220 -1.003937 0.177165,
        0.236220 -0.515189 0.098425,
        0.236220 -0.501969 0.098425,
        0.236220 -0.501969 0.078740,
        0.236220 -0.551181 0.078740,
        0.236220 -0.543027 0.086894,
        0.236220 -0.537061 0.091790,
        0.236220 -0.530255 0.095428,
        0.236220 -0.522869 0.097669,
        0.236220 -0.196850 0.137795,
        0.236220 -0.196850 0.078740,
        0.236220 -0.197837 0.129035,
        0.236220 -0.200749 0.120713,
        0.236220 -0.227460 0.099412,
        0.236220 -0.219139 0.102324,
        0.236220 -0.364173 0.078740,
        0.236220 -0.364173 0.098425,
        0.236220 -0.236220 0.098425,
        0.236220 -0.211674 0.107015,
        0.236220 -0.205440 0.113248,
        0.157480 -0.928574 0.236220,
        0.157480 -1.003937 0.236220,
        0.157480 -0.936255 0.235464,
        0.157480 -0.943641 0.233224,
        0.157480 -1.003937 0.177165,
        0.157480 -0.956413 0.224689,
        0.157480 -0.950447 0.229585,
        0.157480 -0.543027 0.086894,
        0.157480 -0.551181 0.078740,
        0.157480 -0.501969 0.078740,
        0.157480 -0.501969 0.098425,
        0.157480 -0.515189 0.098425,
        0.157480 -0.522869 0.097669,
        0.157480 -0.530255 0.095428,
        0.157480 -0.537061 0.091790,
        0.157480 -0.196850 0.137795,
        0.157480 -0.197837 0.129035,
        0.157480 -0.196850 0.078740,
        0.157480 -0.200749 0.120713,
        0.157480 -0.205440 0.113248,
        0.157480 -0.364173 0.098425,
        0.157480 -0.364173 0.078740,
        0.157480 -0.236220 0.098425,
        0.157480 -0.227460 0.099412,
        0.157480 -0.211674 0.107015,
        0.157480 -0.219139 0.102324,
        -0.157480 -0.943641 0.233224,
        -0.157480 -1.003937 0.236220,
        -0.157480 -0.936255 0.235464,
        -0.157480 -0.928574 0.236220,
        -0.157480 -0.950447 0.229585,
        -0.157480 -0.956413 0.224689,
        -0.157480 -1.003937 0.177165,
        -0.157480 -0.515189 0.098425,
        -0.157480 -0.501969 0.098425,
        -0.157480 -0.501969 0.078740,
        -0.157480 -0.551181 0.078740,
        -0.157480 -0.543027 0.086894,
        -0.157480 -0.537061 0.091790,
        -0.157480 -0.530255 0.095428,
        -0.157480 -0.522869 0.097669,
        -0.157480 -0.196850 0.137795,
        -0.157480 -0.196850 0.078740,
        -0.157480 -0.197837 0.129035,
        -0.157480 -0.200749 0.120713,
        -0.157480 -0.227460 0.099412,
        -0.157480 -0.219139 0.102324,
        -0.157480 -0.364173 0.078740,
        -0.157480 -0.364173 0.098425,
        -0.157480 -0.236220 0.098425,
        -0.157480 -0.211674 0.107015,
        -0.157480 -0.205440 0.113248,
        -0.236220 -0.928574 0.236220,
        -0.236220 -1.003937 0.236220,
        -0.236220 -0.936255 0.235464,
        -0.236220 -0.943641 0.233224,
        -0.236220 -1.003937 0.177165,
        -0.236220 -0.956413 0.224689,
        -0.236220 -0.950447 0.229585,
        -0.236220 -0.543027 0.086894,
        -0.236220 -0.551181 0.078740,
        -0.236220 -0.501969 0.078740,
        -0.236220 -0.501969 0.098425,
        -0.236220 -0.515189 0.098425,
        -0.236220 -0.522869 0.097669,
        -0.236220 -0.530255 0.095428,
        -0.236220 -0.537061 0.091790,
        -0.236220 -0.196850 0.137795,
        -0.236220 -0.197837 0.129035,
        -0.236220 -0.196850 0.078740,
        -0.236220 -0.200749 0.120713,
        -0.236220 -0.205440 0.113248,
        -0.236220 -0.364173 0.098425,
        -0.236220 -0.364173 0.078740,
        -0.236220 -0.236220 0.098425,
        -0.236220 -0.227460 0.099412,
        -0.236220 -0.211674 0.107015,
        -0.236220 -0.219139 0.102324,
        -0.551181 -0.943641 0.233224,
        -0.551181 -1.003937 0.236220,
        -0.551181 -0.936255 0.235464,
        -0.551181 -0.928574 0.236220,
        -0.551181 -0.950447 0.229585,
        -0.551181 -0.956413 0.224689,
        -0.551181 -1.003937 0.177165,
        -0.551181 -0.515189 0.098425,
        -0.551181 -0.501969 0.098425,
        -0.551181 -0.501969 0.078740,
        -0.551181 -0.551181 0.078740,
        -0.551181 -0.543027 0.086894,
        -0.551181 -0.537061 0.091790,
        -0.551181 -0.530255 0.095428,
        -0.551181 -0.522869 0.097669,
        -0.551181 -0.227460 0.099412,
        -0.551181 -0.219139 0.102324,
        -0.551181 -0.196850 0.078740,
        -0.551181 -0.211674 0.107015,
        -0.551181 -0.205440 0.113248,
        -0.551181 -0.200749 0.120713,
        -0.551181 -0.197837 0.129035,
        -0.551181 -0.196850 0.137795,
        -0.551181 -0.364173 0.078740,
        -0.551181 -0.364173 0.098425,
        -0.551181 -0.236220 0.098425,
        -0.629921 -0.928574 0.236220,
        -0.629921 -1.003937 0.236220,
        -0.629921 -0.936255 0.235464,
        -0.629921 -0.943641 0.233224,
        -0.629921 -1.003937 0.177165,
        -0.629921 -0.956413 0.224689,
        -0.629921 -0.950447 0.229585,
        -0.629921 -0.543027 0.086894,
        -0.629921 -0.551181 0.078740,
        -0.629921 -0.501969 0.078740,
        -0.629921 -0.501969 0.098425,
        -0.629921 -0.515189 0.098425,
        -0.629921 -0.522869 0.097669,
        -0.629921 -0.530255 0.095428,
        -0.629921 -0.537061 0.091790,
        -0.629921 -0.200749 0.120713,
        -0.629921 -0.196850 0.078740,
        -0.629921 -0.197837 0.129035,
        -0.629921 -0.196850 0.137795,
        -0.629921 -0.205440 0.113248,
        -0.629921 -0.211674 0.107015,
        -0.629921 -0.219139 0.102324,
        -0.629921 -0.364173 0.098425,
        -0.629921 -0.364173 0.078740,
        -0.629921 -0.236220 0.098425,
        -0.629921 -0.227460 0.099412,
        -0.944882 -0.943641 0.233224,
        -0.944882 -1.003937 0.236220,
        -0.944882 -0.936255 0.235464,
        -0.944882 -0.928574 0.236220,
        -0.944882 -0.950447 0.229585,
        -0.944882 -0.956413 0.224689,
        -0.944882 -1.003937 0.177165,
        -0.944882 -0.515189 0.098425,
        -0.944882 -0.501969 0.098425,
        -0.944882 -0.501969 0.078740,
        -0.944882 -0.551181 0.078740,
        -0.944882 -0.543027 0.086894,
        -0.944882 -0.537061 0.091790,
        -0.944882 -0.530255 0.095428,
        -0.944882 -0.522869 0.097669,
        -0.944882 -0.227460 0.099412,
        -0.944882 -0.219139 0.102324,
        -0.944882 -0.196850 0.078740,
        -0.944882 -0.211674 0.107015,
        -0.944882 -0.205440 0.113248,
        -0.944882 -0.200749 0.120713,
        -0.944882 -0.197837 0.129035,
        -0.944882 -0.196850 0.137795,
        -0.944882 -0.364173 0.078740,
        -0.944882 -0.364173 0.098425,
        -0.944882 -0.236220 0.098425,
        -1.023622 -0.928574 0.236220,
        -1.023622 -1.003937 0.236220,
        -1.023622 -0.936255 0.235464,
        -1.023622 -0.943641 0.233224,
        -1.023622 -1.003937 0.177165,
        -1.023622 -0.956413 0.224689,
        -1.023622 -0.950447 0.229585,
        -1.023622 -0.543027 0.086894,
        -1.023622 -0.551181 0.078740,
        -1.023622 -0.501969 0.078740,
        -1.023622 -0.501969 0.098425,
        -1.023622 -0.515189 0.098425,
        -1.023622 -0.522869 0.097669,
        -1.023622 -0.530255 0.095428,
        -1.023622 -0.537061 0.091790,
        -1.023622 -0.200749 0.120713,
        -1.023622 -0.196850 0.078740,
        -1.023622 -0.197837 0.129035,
        -1.023622 -0.196850 0.137795,
        -1.023622 -0.205440 0.113248,
        -1.023622 -0.211674 0.107015,
        -1.023622 -0.219139 0.102324,
        -1.023622 -0.364173 0.098425,
        -1.023622 -0.364173 0.078740,
        -1.023622 -0.236220 0.098425,
        -1.023622 -0.227460 0.099412,
        -1.338583 -0.943641 0.233224,
        -1.338583 -1.003937 0.236220,
        -1.338583 -0.936255 0.235464,
        -1.338583 -0.928574 0.236220,
        -1.338583 -0.950447 0.229585,
        -1.338583 -0.956413 0.224689,
        -1.338583 -1.003937 0.177165,
        -1.338583 -0.515189 0.098425,
        -1.338583 -0.501969 0.098425,
        -1.338583 -0.501969 0.078740,
        -1.338583 -0.551181 0.078740,
        -1.338583 -0.543027 0.086894,
        -1.338583 -0.537061 0.091790,
        -1.338583 -0.530255 0.095428,
        -1.338583 -0.522869 0.097669,
        -1.338583 -0.227460 0.099412,
        -1.338583 -0.219139 0.102324,
        -1.338583 -0.196850 0.078740,
        -1.338583 -0.211674 0.107015,
        -1.338583 -0.205440 0.113248,
        -1.338583 -0.200749 0.120713,
        -1.338583 -0.197837 0.129035,
        -1.338583 -0.196850 0.137795,
        -1.338583 -0.364173 0.078740,
        -1.338583 -0.364173 0.098425,
        -1.338583 -0.236220 0.098425,
        -1.417323 -0.928574 0.236220,
        -1.417323 -1.003937 0.236220,
        -1.417323 -0.936255 0.235464,
        -1.417323 -0.943641 0.233224,
        -1.417323 -1.003937 0.177165,
        -1.417323 -0.956413 0.224689,
        -1.417323 -0.950447 0.229585,
        -1.417323 -0.543027 0.086894,
        -1.417323 -0.551181 0.078740,
        -1.417323 -0.501969 0.078740,
        -1.417323 -0.501969 0.098425,
        -1.417323 -0.515189 0.098425,
        -1.417323 -0.522869 0.097669,
        -1.417323 -0.530255 0.095428,
        -1.417323 -0.537061 0.091790,
        -1.417323 -0.200749 0.120713,
        -1.417323 -0.196850 0.078740,
        -1.417323 -0.197837 0.129035,
        -1.417323 -0.196850 0.137795,
        -1.417323 -0.205440 0.113248,
        -1.417323 -0.211674 0.107015,
        -1.417323 -0.219139 0.102324,
        -1.417323 -0.364173 0.098425,
        -1.417323 -0.364173 0.078740,
        -1.417323 -0.236220 0.098425,
        -1.417323 -0.227460 0.099412,
        -1.732283 -0.943641 0.233224,
        -1.732283 -1.003937 0.236220,
        -1.732283 -0.936255 0.235464,
        -1.732283 -0.928574 0.236220,
        -1.732283 -0.950447 0.229585,
        -1.732283 -0.956413 0.224689,
        -1.732283 -1.003937 0.177165,
        -1.732283 -0.515189 0.098425,
        -1.732283 -0.501969 0.098425,
        -1.732283 -0.501969 0.078740,
        -1.732283 -0.551181 0.078740,
        -1.732283 -0.543027 0.086894,
        -1.732283 -0.537061 0.091790,
        -1.732283 -0.530255 0.095428,
        -1.732283 -0.522869 0.097669,
        -1.732283 -0.227460 0.099412,
        -1.732283 -0.219139 0.102324,
        -1.732283 -0.196850 0.078740,
        -1.732283 -0.211674 0.107015,
        -1.732283 -0.205440 0.113248,
        -1.732283 -0.200749 0.120713,
        -1.732283 -0.197837 0.129035,
        -1.732283 -0.196850 0.137795,
        -1.732283 -0.364173 0.078740,
        -1.732283 -0.364173 0.098425,
        -1.732283 -0.236220 0.098425,
        -1.811024 -0.928574 0.236220,
        -1.811024 -1.003937 0.236220,
        -1.811024 -0.936255 0.235464,
        -1.811024 -0.943641 0.233224,
        -1.811024 -1.003937 0.177165,
        -1.811024 -0.956413 0.224689,
        -1.811024 -0.950447 0.229585,
        -1.811024 -0.543027 0.086894,
        -1.811024 -0.551181 0.078740,
        -1.811024 -0.501969 0.078740,
        -1.811024 -0.501969 0.098425,
        -1.811024 -0.515189 0.098425,
        -1.811024 -0.522869 0.097669,
        -1.811024 -0.530255 0.095428,
        -1.811024 -0.537061 0.091790,
        -1.811024 -0.200749 0.120713,
        -1.811024 -0.196850 0.078740,
        -1.811024 -0.197837 0.129035,
        -1.811024 -0.196850 0.137795,
        -1.811024 -0.205440 0.113248,
        -1.811024 -0.211674 0.107015,
        -1.811024 -0.219139 0.102324,
        -1.811024 -0.364173 0.098425,
        -1.811024 -0.364173 0.078740,
        -1.811024 -0.236220 0.098425,
        -1.811024 -0.227460 0.099412,
        -2.125984 -0.943641 0.233224,
        -2.125984 -1.003937 0.236220,
        -2.125984 -0.936255 0.235464,
        -2.125984 -0.928574 0.236220,
        -2.125984 -0.950447 0.229585,
        -2.125984 -0.956413 0.224689,
        -2.125984 -1.003937 0.177165,
        -2.125984 -0.515189 0.098425,
        -2.125984 -0.501969 0.098425,
        -2.125984 -0.501969 0.078740,
        -2.125984 -0.551181 0.078740,
        -2.125984 -0.543027 0.086894,
        -2.125984 -0.537061 0.091790,
        -2.125984 -0.530255 0.095428,
        -2.125984 -0.522869 0.097669,
        -2.125984 -0.196850 0.137795,
        -2.125984 -0.196850 0.078740,
        -2.125984 -0.197837 0.129035,
        -2.125984 -0.200749 0.120713,
        -2.125984 -0.227460 0.099412,
        -2.125984 -0.219139 0.102324,
        -2.125984 -0.364173 0.078740,
        -2.125984 -0.364173 0.098425,
        -2.125984 -0.236220 0.098425,
        -2.125984 -0.211674 0.107015,
        -2.125984 -0.205440 0.113248,
        -2.204724 -0.928574 0.236220,
        -2.204724 -1.003937 0.236220,
        -2.204724 -0.936255 0.235464,
        -2.204724 -0.943641 0.233224,
        -2.204724 -1.003937 0.177165,
        -2.204724 -0.956413 0.224689,
        -2.204724 -0.950447 0.229585,
        -2.204724 -0.543027 0.086894,
        -2.204724 -0.551181 0.078740,
        -2.204724 -0.501969 0.078740,
        -2.204724 -0.501969 0.098425,
        -2.204724 -0.515189 0.098425,
        -2.204724 -0.522869 0.097669,
        -2.204724 -0.530255 0.095428,
        -2.204724 -0.537061 0.091790,
        -2.204724 -0.196850 0.137795,
        -2.204724 -0.197837 0.129035,
        -2.204724 -0.196850 0.078740,
        -2.204724 -0.200749 0.120713,
        -2.204724 -0.205440 0.113248,
        -2.204724 -0.364173 0.098425,
        -2.204724 -0.364173 0.078740,
        -2.204724 -0.236220 0.098425,
        -2.204724 -0.227460 0.099412,
        -2.204724 -0.211674 0.107015,
        -2.204724 -0.219139 0.102324,
        -2.519685 -0.943641 0.233224,
        -2.519685 -1.003937 0.236220,
        -2.519685 -0.936255 0.235464,
        -2.519685 -0.928574 0.236220,
        -2.519685 -0.950447 0.229585,
        -2.519685 -0.956413 0.224689,
        -2.519685 -1.003937 0.177165,
        -2.519685 -0.515189 0.098425,
        -2.519685 -0.501969 0.098425,
        -2.519685 -0.501969 0.078740,
        -2.519685 -0.551181 0.078740,
        -2.519685 -0.543027 0.086894,
        -2.519685 -0.537061 0.091790,
        -2.519685 -0.530255 0.095428,
        -2.519685 -0.522869 0.097669,
        -2.519685 -0.196850 0.137795,
        -2.519685 -0.196850 0.078740,
        -2.519685 -0.197837 0.129035,
        -2.519685 -0.200749 0.120713,
        -2.519685 -0.227460 0.099412,
        -2.519685 -0.219139 0.102324,
        -2.519685 -0.364173 0.078740,
        -2.519685 -0.364173 0.098425,
        -2.519685 -0.236220 0.098425,
        -2.519685 -0.211674 0.107015,
        -2.519685 -0.205440 0.113248,
        -2.598425 -0.928574 0.236220,
        -2.598425 -1.003937 0.236220,
        -2.598425 -0.936255 0.235464,
        -2.598425 -0.943641 0.233224,
        -2.598425 -1.003937 0.177165,
        -2.598425 -0.956413 0.224689,
        -2.598425 -0.950447 0.229585,
        -2.598425 -0.543027 0.086894,
        -2.598425 -0.551181 0.078740,
        -2.598425 -0.501969 0.078740,
        -2.598425 -0.501969 0.098425,
        -2.598425 -0.515189 0.098425,
        -2.598425 -0.522869 0.097669,
        -2.598425 -0.530255 0.095428,
        -2.598425 -0.537061 0.091790,
        -2.598425 -0.196850 0.137795,
        -2.598425 -0.197837 0.129035,
        -2.598425 -0.196850 0.078740,
        -2.598425 -0.200749 0.120713,
        -2.598425 -0.205440 0.113248,
        -2.598425 -0.364173 0.098425,
        -2.598425 -0.364173 0.078740,
        -2.598425 -0.236220 0.098425,
        -2.598425 -0.227460 0.099412,
        -2.598425 -0.211674 0.107015,
        -2.598425 -0.219139 0.102324,
        2.992126 0.200749 0.120713,
        2.992126 0.196850 0.078740,
        2.992126 0.197837 0.129035,
        2.992126 0.196850 0.137795,
        2.992126 0.205440 0.113248,
        2.992126 0.211674 0.107015,
        2.992126 0.219139 0.102324,
        2.992126 0.364173 0.098425,
        2.992126 0.364173 0.078740,
        2.992126 0.236220 0.098425,
        2.992126 0.227460 0.099412,
        2.992126 0.543027 0.086894,
        2.992126 0.551181 0.078740,
        2.992126 0.501969 0.078740,
        2.992126 0.501969 0.098425,
        2.992126 0.515189 0.098425,
        2.992126 0.522869 0.097669,
        2.992126 0.530255 0.095428,
        2.992126 0.537061 0.091790,
        2.992126 0.928574 0.236220,
        2.992126 0.936255 0.235464,
        2.992126 0.943641 0.233224,
        2.992126 0.956413 0.224689,
        2.992126 0.950447 0.229585,
        2.913386 0.227460 0.099412,
        2.913386 0.219139 0.102324,
        2.913386 0.196850 0.078740,
        2.913386 0.196850 0.137795,
        2.913386 0.197837 0.129035,
        2.913386 0.200749 0.120713,
        2.913386 0.211674 0.107015,
        2.913386 0.205440 0.113248,
        2.913386 0.364173 0.078740,
        2.913386 0.364173 0.098425,
        2.913386 0.236220 0.098425,
        2.913386 0.515189 0.098425,
        2.913386 0.501969 0.098425,
        2.913386 0.501969 0.078740,
        2.913386 0.551181 0.078740,
        2.913386 0.543027 0.086894,
        2.913386 0.537061 0.091790,
        2.913386 0.530255 0.095428,
        2.913386 0.522869 0.097669,
        2.913386 0.943641 0.233224,
        2.913386 0.936255 0.235464,
        2.913386 0.928574 0.236220,
        2.913386 0.950447 0.229585,
        2.913386 0.956413 0.224689,
        2.598425 0.200749 0.120713,
        2.598425 0.196850 0.078740,
        2.598425 0.197837 0.129035,
        2.598425 0.196850 0.137795,
        2.598425 0.205440 0.113248,
        2.598425 0.211674 0.107015,
        2.598425 0.219139 0.102324,
        2.598425 0.364173 0.098425,
        2.598425 0.364173 0.078740,
        2.598425 0.236220 0.098425,
        2.598425 0.227460 0.099412,
        2.598425 0.543027 0.086894,
        2.598425 0.551181 0.078740,
        2.598425 0.501969 0.078740,
        2.598425 0.501969 0.098425,
        2.598425 0.515189 0.098425,
        2.598425 0.522869 0.097669,
        2.598425 0.530255 0.095428,
        2.598425 0.537061 0.091790,
        2.598425 0.928574 0.236220,
        2.598425 0.936255 0.235464,
        2.598425 0.943641 0.233224,
        2.598425 0.956413 0.224689,
        2.598425 0.950447 0.229585,
        2.519685 0.227460 0.099412,
        2.519685 0.219139 0.102324,
        2.519685 0.196850 0.078740,
        2.519685 0.211674 0.107015,
        2.519685 0.205440 0.113248,
        2.519685 0.200749 0.120713,
        2.519685 0.197837 0.129035,
        2.519685 0.196850 0.137795,
        2.519685 0.364173 0.078740,
        2.519685 0.364173 0.098425,
        2.519685 0.236220 0.098425,
        2.519685 0.515189 0.098425,
        2.519685 0.501969 0.098425,
        2.519685 0.501969 0.078740,
        2.519685 0.551181 0.078740,
        2.519685 0.543027 0.086894,
        2.519685 0.537061 0.091790,
        2.519685 0.530255 0.095428,
        2.519685 0.522869 0.097669,
        2.519685 0.943641 0.233224,
        2.519685 0.936255 0.235464,
        2.519685 0.928574 0.236220,
        2.519685 0.950447 0.229585,
        2.519685 0.956413 0.224689,
        2.204724 0.200749 0.120713,
        2.204724 0.196850 0.078740,
        2.204724 0.197837 0.129035,
        2.204724 0.196850 0.137795,
        2.204724 0.205440 0.113248,
        2.204724 0.211674 0.107015,
        2.204724 0.219139 0.102324,
        2.204724 0.364173 0.098425,
        2.204724 0.364173 0.078740,
        2.204724 0.236220 0.098425,
        2.204724 0.227460 0.099412,
        2.204724 0.543027 0.086894,
        2.204724 0.551181 0.078740,
        2.204724 0.501969 0.078740,
        2.204724 0.501969 0.098425,
        2.204724 0.515189 0.098425,
        2.204724 0.522869 0.097669,
        2.204724 0.530255 0.095428,
        2.204724 0.537061 0.091790,
        2.204724 0.928574 0.236220,
        2.204724 0.936255 0.235464,
        2.204724 0.943641 0.233224,
        2.204724 0.956413 0.224689,
        2.204724 0.950447 0.229585,
        2.125984 0.227460 0.099412,
        2.125984 0.219139 0.102324,
        2.125984 0.196850 0.078740,
        2.125984 0.211674 0.107015,
        2.125984 0.205440 0.113248,
        2.125984 0.200749 0.120713,
        2.125984 0.197837 0.129035,
        2.125984 0.196850 0.137795,
        2.125984 0.364173 0.078740,
        2.125984 0.364173 0.098425,
        2.125984 0.236220 0.098425,
        2.125984 0.515189 0.098425,
        2.125984 0.501969 0.098425,
        2.125984 0.501969 0.078740,
        2.125984 0.551181 0.078740,
        2.125984 0.543027 0.086894,
        2.125984 0.537061 0.091790,
        2.125984 0.530255 0.095428,
        2.125984 0.522869 0.097669,
        2.125984 0.943641 0.233224,
        2.125984 0.936255 0.235464,
        2.125984 0.928574 0.236220,
        2.125984 0.950447 0.229585,
        2.125984 0.956413 0.224689,
        1.811024 0.200749 0.120713,
        1.811024 0.196850 0.078740,
        1.811024 0.197837 0.129035,
        1.811024 0.196850 0.137795,
        1.811024 0.205440 0.113248,
        1.811024 0.211674 0.107015,
        1.811024 0.219139 0.102324,
        1.811024 0.364173 0.098425,
        1.811024 0.364173 0.078740,
        1.811024 0.236220 0.098425,
        1.811024 0.227460 0.099412,
        1.811024 0.543027 0.086894,
        1.811024 0.551181 0.078740,
        1.811024 0.501969 0.078740,
        1.811024 0.501969 0.098425,
        1.811024 0.515189 0.098425,
        1.811024 0.522869 0.097669,
        1.811024 0.530255 0.095428,
        1.811024 0.537061 0.091790,
        1.811024 0.928574 0.236220,
        1.811024 0.936255 0.235464,
        1.811024 0.943641 0.233224,
        1.811024 0.956413 0.224689,
        1.811024 0.950447 0.229585,
        1.732283 0.227460 0.099412,
        1.732283 0.219139 0.102324,
        1.732283 0.196850 0.078740,
        1.732283 0.211674 0.107015,
        1.732283 0.205440 0.113248,
        1.732283 0.200749 0.120713,
        1.732283 0.197837 0.129035,
        1.732283 0.196850 0.137795,
        1.732283 0.364173 0.078740,
        1.732283 0.364173 0.098425,
        1.732283 0.236220 0.098425,
        1.732283 0.515189 0.098425,
        1.732283 0.501969 0.098425,
        1.732283 0.501969 0.078740,
        1.732283 0.551181 0.078740,
        1.732283 0.543027 0.086894,
        1.732283 0.537061 0.091790,
        1.732283 0.530255 0.095428,
        1.732283 0.522869 0.097669,
        1.732283 0.943641 0.233224,
        1.732283 0.936255 0.235464,
        1.732283 0.928574 0.236220,
        1.732283 0.950447 0.229585,
        1.732283 0.956413 0.224689,
        1.417323 0.200749 0.120713,
        1.417323 0.196850 0.078740,
        1.417323 0.197837 0.129035,
        1.417323 0.196850 0.137795,
        1.417323 0.205440 0.113248,
        1.417323 0.211674 0.107015,
        1.417323 0.219139 0.102324,
        1.417323 0.364173 0.098425,
        1.417323 0.364173 0.078740,
        1.417323 0.236220 0.098425,
        1.417323 0.227460 0.099412,
        1.417323 0.543027 0.086894,
        1.417323 0.551181 0.078740,
        1.417323 0.501969 0.078740,
        1.417323 0.501969 0.098425,
        1.417323 0.515189 0.098425,
        1.417323 0.522869 0.097669,
        1.417323 0.530255 0.095428,
        1.417323 0.537061 0.091790,
        1.417323 0.928574 0.236220,
        1.417323 0.936255 0.235464,
        1.417323 0.943641 0.233224,
        1.417323 0.956413 0.224689,
        1.417323 0.950447 0.229585,
        1.338583 0.227460 0.099412,
        1.338583 0.219139 0.102324,
        1.338583 0.196850 0.078740,
        1.338583 0.211674 0.107015,
        1.338583 0.205440 0.113248,
        1.338583 0.200749 0.120713,
        1.338583 0.197837 0.129035,
        1.338583 0.196850 0.137795,
        1.338583 0.364173 0.078740,
        1.338583 0.364173 0.098425,
        1.338583 0.236220 0.098425,
        1.338583 0.515189 0.098425,
        1.338583 0.501969 0.098425,
        1.338583 0.501969 0.078740,
        1.338583 0.551181 0.078740,
        1.338583 0.543027 0.086894,
        1.338583 0.537061 0.091790,
        1.338583 0.530255 0.095428,
        1.338583 0.522869 0.097669,
        1.338583 0.943641 0.233224,
        1.338583 0.936255 0.235464,
        1.338583 0.928574 0.236220,
        1.338583 0.950447 0.229585,
        1.338583 0.956413 0.224689,
        1.023622 0.200749 0.120713,
        1.023622 0.196850 0.078740,
        1.023622 0.197837 0.129035,
        1.023622 0.196850 0.137795,
        1.023622 0.205440 0.113248,
        1.023622 0.211674 0.107015,
        1.023622 0.219139 0.102324,
        1.023622 0.364173 0.098425,
        1.023622 0.364173 0.078740,
        1.023622 0.236220 0.098425,
        1.023622 0.227460 0.099412,
        1.023622 0.543027 0.086894,
        1.023622 0.551181 0.078740,
        1.023622 0.501969 0.078740,
        1.023622 0.501969 0.098425,
        1.023622 0.515189 0.098425,
        1.023622 0.522869 0.097669,
        1.023622 0.530255 0.095428,
        1.023622 0.537061 0.091790,
        1.023622 0.928574 0.236220,
        1.023622 0.936255 0.235464,
        1.023622 0.943641 0.233224,
        1.023622 0.956413 0.224689,
        1.023622 0.950447 0.229585,
        0.944882 0.227460 0.099412,
        0.944882 0.219139 0.102324,
        0.944882 0.196850 0.078740,
        0.944882 0.196850 0.137795,
        0.944882 0.197837 0.129035,
        0.944882 0.200749 0.120713,
        0.944882 0.211674 0.107015,
        0.944882 0.205440 0.113248,
        0.944882 0.364173 0.078740,
        0.944882 0.364173 0.098425,
        0.944882 0.236220 0.098425,
        0.944882 0.515189 0.098425,
        0.944882 0.501969 0.098425,
        0.944882 0.501969 0.078740,
        0.944882 0.551181 0.078740,
        0.944882 0.543027 0.086894,
        0.944882 0.537061 0.091790,
        0.944882 0.530255 0.095428,
        0.944882 0.522869 0.097669,
        0.944882 0.943641 0.233224,
        0.944882 0.936255 0.235464,
        0.944882 0.928574 0.236220,
        0.944882 0.950447 0.229585,
        0.944882 0.956413 0.224689,
        0.629921 0.200749 0.120713,
        0.629921 0.196850 0.078740,
        0.629921 0.197837 0.129035,
        0.629921 0.196850 0.137795,
        0.629921 0.205440 0.113248,
        0.629921 0.211674 0.107015,
        0.629921 0.219139 0.102324,
        0.629921 0.364173 0.098425,
        0.629921 0.364173 0.078740,
        0.629921 0.236220 0.098425,
        0.629921 0.227460 0.099412,
        0.629921 0.543027 0.086894,
        0.629921 0.551181 0.078740,
        0.629921 0.501969 0.078740,
        0.629921 0.501969 0.098425,
        0.629921 0.515189 0.098425,
        0.629921 0.522869 0.097669,
        0.629921 0.530255 0.095428,
        0.629921 0.537061 0.091790,
        0.629921 0.928574 0.236220,
        0.629921 0.936255 0.235464,
        0.629921 0.943641 0.233224,
        0.629921 0.956413 0.224689,
        0.629921 0.950447 0.229585,
        0.551181 0.227460 0.099412,
        0.551181 0.219139 0.102324,
        0.551181 0.196850 0.078740,
        0.551181 0.196850 0.137795,
        0.551181 0.197837 0.129035,
        0.551181 0.200749 0.120713,
        0.551181 0.211674 0.107015,
        0.551181 0.205440 0.113248,
        0.551181 0.364173 0.078740,
        0.551181 0.364173 0.098425,
        0.551181 0.236220 0.098425,
        0.551181 0.515189 0.098425,
        0.551181 0.501969 0.098425,
        0.551181 0.501969 0.078740,
        0.551181 0.551181 0.078740,
        0.551181 0.543027 0.086894,
        0.551181 0.537061 0.091790,
        0.551181 0.530255 0.095428,
        0.551181 0.522869 0.097669,
        0.551181 0.943641 0.233224,
        0.551181 0.936255 0.235464,
        0.551181 0.928574 0.236220,
        0.551181 0.950447 0.229585,
        0.551181 0.956413 0.224689,
        0.236220 0.200749 0.120713,
        0.236220 0.196850 0.078740,
        0.236220 0.197837 0.129035,
        0.236220 0.196850 0.137795,
        0.236220 0.205440 0.113248,
        0.236220 0.211674 0.107015,
        0.236220 0.219139 0.102324,
        0.236220 0.364173 0.098425,
        0.236220 0.364173 0.078740,
        0.236220 0.236220 0.098425,
        0.236220 0.227460 0.099412,
        0.236220 0.543027 0.086894,
        0.236220 0.551181 0.078740,
        0.236220 0.501969 0.078740,
        0.236220 0.501969 0.098425,
        0.236220 0.515189 0.098425,
        0.236220 0.522869 0.097669,
        0.236220 0.530255 0.095428,
        0.236220 0.537061 0.091790,
        0.236220 0.928574 0.236220,
        0.236220 0.936255 0.235464,
        0.236220 0.943641 0.233224,
        0.236220 0.956413 0.224689,
        0.236220 0.950447 0.229585,
        0.157480 0.227460 0.099412,
        0.157480 0.219139 0.102324,
        0.157480 0.196850 0.078740,
        0.157480 0.196850 0.137795,
        0.157480 0.197837 0.129035,
        0.157480 0.200749 0.120713,
        0.157480 0.211674 0.107015,
        0.157480 0.205440 0.113248,
        0.157480 0.364173 0.078740,
        0.157480 0.364173 0.098425,
        0.157480 0.236220 0.098425,
        0.157480 0.515189 0.098425,
        0.157480 0.501969 0.098425,
        0.157480 0.501969 0.078740,
        0.157480 0.551181 0.078740,
        0.157480 0.543027 0.086894,
        0.157480 0.537061 0.091790,
        0.157480 0.530255 0.095428,
        0.157480 0.522869 0.097669,
        0.157480 0.943641 0.233224,
        0.157480 0.936255 0.235464,
        0.157480 0.928574 0.236220,
        0.157480 0.950447 0.229585,
        0.157480 0.956413 0.224689,
        -0.157480 0.200749 0.120713,
        -0.157480 0.196850 0.078740,
        -0.157480 0.197837 0.129035,
        -0.157480 0.196850 0.137795,
        -0.157480 0.205440 0.113248,
        -0.157480 0.211674 0.107015,
        -0.157480 0.219139 0.102324,
        -0.157480 0.364173 0.098425,
        -0.157480 0.364173 0.078740,
        -0.157480 0.236220 0.098425,
        -0.157480 0.227460 0.099412,
        -0.157480 0.543027 0.086894,
        -0.157480 0.551181 0.078740,
        -0.157480 0.501969 0.078740,
        -0.157480 0.501969 0.098425,
        -0.157480 0.515189 0.098425,
        -0.157480 0.522869 0.097669,
        -0.157480 0.530255 0.095428,
        -0.157480 0.537061 0.091790,
        -0.157480 0.928574 0.236220,
        -0.157480 0.936255 0.235464,
        -0.157480 0.943641 0.233224,
        -0.157480 0.956413 0.224689,
        -0.157480 0.950447 0.229585,
        -0.236220 0.227460 0.099412,
        -0.236220 0.219139 0.102324,
        -0.236220 0.196850 0.078740,
        -0.236220 0.196850 0.137795,
        -0.236220 0.197837 0.129035,
        -0.236220 0.200749 0.120713,
        -0.236220 0.211674 0.107015,
        -0.236220 0.205440 0.113248,
        -0.236220 0.364173 0.078740,
        -0.236220 0.364173 0.098425,
        -0.236220 0.236220 0.098425,
        -0.236220 0.515189 0.098425,
        -0.236220 0.501969 0.098425,
        -0.236220 0.501969 0.078740,
        -0.236220 0.551181 0.078740,
        -0.236220 0.543027 0.086894,
        -0.236220 0.537061 0.091790,
        -0.236220 0.530255 0.095428,
        -0.236220 0.522869 0.097669,
        -0.236220 0.943641 0.233224,
        -0.236220 0.936255 0.235464,
        -0.236220 0.928574 0.236220,
        -0.236220 0.950447 0.229585,
        -0.236220 0.956413 0.224689,
        -0.551181 0.200749 0.120713,
        -0.551181 0.196850 0.078740,
        -0.551181 0.197837 0.129035,
        -0.551181 0.196850 0.137795,
        -0.551181 0.205440 0.113248,
        -0.551181 0.211674 0.107015,
        -0.551181 0.219139 0.102324,
        -0.551181 0.364173 0.098425,
        -0.551181 0.364173 0.078740,
        -0.551181 0.236220 0.098425,
        -0.551181 0.227460 0.099412,
        -0.551181 0.543027 0.086894,
        -0.551181 0.551181 0.078740,
        -0.551181 0.501969 0.078740,
        -0.551181 0.501969 0.098425,
        -0.551181 0.515189 0.098425,
        -0.551181 0.522869 0.097669,
        -0.551181 0.530255 0.095428,
        -0.551181 0.537061 0.091790,
        -0.551181 0.928574 0.236220,
        -0.551181 0.936255 0.235464,
        -0.551181 0.943641 0.233224,
        -0.551181 0.956413 0.224689,
        -0.551181 0.950447 0.229585,
        -0.629921 0.227460 0.099412,
        -0.629921 0.219139 0.102324,
        -0.629921 0.196850 0.078740,
        -0.629921 0.211674 0.107015,
        -0.629921 0.205440 0.113248,
        -0.629921 0.200749 0.120713,
        -0.629921 0.197837 0.129035,
        -0.629921 0.196850 0.137795,
        -0.629921 0.364173 0.078740,
        -0.629921 0.364173 0.098425,
        -0.629921 0.236220 0.098425,
        -0.629921 0.515189 0.098425,
        -0.629921 0.501969 0.098425,
        -0.629921 0.501969 0.078740,
        -0.629921 0.551181 0.078740,
        -0.629921 0.543027 0.086894,
        -0.629921 0.537061 0.091790,
        -0.629921 0.530255 0.095428,
        -0.629921 0.522869 0.097669,
        -0.629921 0.943641 0.233224,
        -0.629921 0.936255 0.235464,
        -0.629921 0.928574 0.236220,
        -0.629921 0.950447 0.229585,
        -0.629921 0.956413 0.224689,
        -0.944882 0.200749 0.120713,
        -0.944882 0.196850 0.078740,
        -0.944882 0.197837 0.129035,
        -0.944882 0.196850 0.137795,
        -0.944882 0.205440 0.113248,
        -0.944882 0.211674 0.107015,
        -0.944882 0.219139 0.102324,
        -0.944882 0.364173 0.098425,
        -0.944882 0.364173 0.078740,
        -0.944882 0.236220 0.098425,
        -0.944882 0.227460 0.099412,
        -0.944882 0.543027 0.086894,
        -0.944882 0.551181 0.078740,
        -0.944882 0.501969 0.078740,
        -0.944882 0.501969 0.098425,
        -0.944882 0.515189 0.098425,
        -0.944882 0.522869 0.097669,
        -0.944882 0.530255 0.095428,
        -0.944882 0.537061 0.091790,
        -0.944882 0.928574 0.236220,
        -0.944882 0.936255 0.235464,
        -0.944882 0.943641 0.233224,
        -0.944882 0.956413 0.224689,
        -0.944882 0.950447 0.229585,
        -1.023622 0.227460 0.099412,
        -1.023622 0.219139 0.102324,
        -1.023622 0.196850 0.078740,
        -1.023622 0.211674 0.107015,
        -1.023622 0.205440 0.113248,
        -1.023622 0.200749 0.120713,
        -1.023622 0.197837 0.129035,
        -1.023622 0.196850 0.137795,
        -1.023622 0.364173 0.078740,
        -1.023622 0.364173 0.098425,
        -1.023622 0.236220 0.098425,
        -1.023622 0.515189 0.098425,
        -1.023622 0.501969 0.098425,
        -1.023622 0.501969 0.078740,
        -1.023622 0.551181 0.078740,
        -1.023622 0.543027 0.086894,
        -1.023622 0.537061 0.091790,
        -1.023622 0.530255 0.095428,
        -1.023622 0.522869 0.097669,
        -1.023622 0.943641 0.233224,
        -1.023622 0.936255 0.235464,
        -1.023622 0.928574 0.236220,
        -1.023622 0.950447 0.229585,
        -1.023622 0.956413 0.224689,
        -1.338583 0.200749 0.120713,
        -1.338583 0.196850 0.078740,
        -1.338583 0.197837 0.129035,
        -1.338583 0.196850 0.137795,
        -1.338583 0.205440 0.113248,
        -1.338583 0.211674 0.107015,
        -1.338583 0.219139 0.102324,
        -1.338583 0.364173 0.098425,
        -1.338583 0.364173 0.078740,
        -1.338583 0.236220 0.098425,
        -1.338583 0.227460 0.099412,
        -1.338583 0.543027 0.086894,
        -1.338583 0.551181 0.078740,
        -1.338583 0.501969 0.078740,
        -1.338583 0.501969 0.098425,
        -1.338583 0.515189 0.098425,
        -1.338583 0.522869 0.097669,
        -1.338583 0.530255 0.095428,
        -1.338583 0.537061 0.091790,
        -1.338583 0.928574 0.236220,
        -1.338583 0.936255 0.235464,
        -1.338583 0.943641 0.233224,
        -1.338583 0.956413 0.224689,
        -1.338583 0.950447 0.229585,
        -1.417323 0.227460 0.099412,
        -1.417323 0.219139 0.102324,
        -1.417323 0.196850 0.078740,
        -1.417323 0.211674 0.107015,
        -1.417323 0.205440 0.113248,
        -1.417323 0.200749 0.120713,
        -1.417323 0.197837 0.129035,
        -1.417323 0.196850 0.137795,
        -1.417323 0.364173 0.078740,
        -1.417323 0.364173 0.098425,
        -1.417323 0.236220 0.098425,
        -1.417323 0.515189 0.098425,
        -1.417323 0.501969 0.098425,
        -1.417323 0.501969 0.078740,
        -1.417323 0.551181 0.078740,
        -1.417323 0.543027 0.086894,
        -1.417323 0.537061 0.091790,
        -1.417323 0.530255 0.095428,
        -1.417323 0.522869 0.097669,
        -1.417323 0.943641 0.233224,
        -1.417323 0.936255 0.235464,
        -1.417323 0.928574 0.236220,
        -1.417323 0.950447 0.229585,
        -1.417323 0.956413 0.224689,
        -1.732283 0.200749 0.120713,
        -1.732283 0.196850 0.078740,
        -1.732283 0.197837 0.129035,
        -1.732283 0.196850 0.137795,
        -1.732283 0.205440 0.113248,
        -1.732283 0.211674 0.107015,
        -1.732283 0.219139 0.102324,
        -1.732283 0.364173 0.098425,
        -1.732283 0.364173 0.078740,
        -1.732283 0.236220 0.098425,
        -1.732283 0.227460 0.099412,
        -1.732283 0.543027 0.086894,
        -1.732283 0.551181 0.078740,
        -1.732283 0.501969 0.078740,
        -1.732283 0.501969 0.098425,
        -1.732283 0.515189 0.098425,
        -1.732283 0.522869 0.097669,
        -1.732283 0.530255 0.095428,
        -1.732283 0.537061 0.091790,
        -1.732283 0.928574 0.236220,
        -1.732283 0.936255 0.235464,
        -1.732283 0.943641 0.233224,
        -1.732283 0.956413 0.224689,
        -1.732283 0.950447 0.229585,
        -1.811024 0.227460 0.099412,
        -1.811024 0.219139 0.102324,
        -1.811024 0.196850 0.078740,
        -1.811024 0.211674 0.107015,
        -1.811024 0.205440 0.113248,
        -1.811024 0.200749 0.120713,
        -1.811024 0.197837 0.129035,
        -1.811024 0.196850 0.137795,
        -1.811024 0.364173 0.078740,
        -1.811024 0.364173 0.098425,
        -1.811024 0.236220 0.098425,
        -1.811024 0.515189 0.098425,
        -1.811024 0.501969 0.098425,
        -1.811024 0.501969 0.078740,
        -1.811024 0.551181 0.078740,
        -1.811024 0.543027 0.086894,
        -1.811024 0.537061 0.091790,
        -1.811024 0.530255 0.095428,
        -1.811024 0.522869 0.097669,
        -1.811024 0.943641 0.233224,
        -1.811024 0.936255 0.235464,
        -1.811024 0.928574 0.236220,
        -1.811024 0.950447 0.229585,
        -1.811024 0.956413 0.224689,
        -2.125984 0.200749 0.120713,
        -2.125984 0.196850 0.078740,
        -2.125984 0.197837 0.129035,
        -2.125984 0.196850 0.137795,
        -2.125984 0.205440 0.113248,
        -2.125984 0.211674 0.107015,
        -2.125984 0.219139 0.102324,
        -2.125984 0.364173 0.098425,
        -2.125984 0.364173 0.078740,
        -2.125984 0.236220 0.098425,
        -2.125984 0.227460 0.099412,
        -2.125984 0.543027 0.086894,
        -2.125984 0.551181 0.078740,
        -2.125984 0.501969 0.078740,
        -2.125984 0.501969 0.098425,
        -2.125984 0.515189 0.098425,
        -2.125984 0.522869 0.097669,
        -2.125984 0.530255 0.095428,
        -2.125984 0.537061 0.091790,
        -2.125984 0.928574 0.236220,
        -2.125984 0.936255 0.235464,
        -2.125984 0.943641 0.233224,
        -2.125984 0.956413 0.224689,
        -2.125984 0.950447 0.229585,
        -2.204724 0.227460 0.099412,
        -2.204724 0.219139 0.102324,
        -2.204724 0.196850 0.078740,
        -2.204724 0.196850 0.137795,
        -2.204724 0.197837 0.129035,
        -2.204724 0.200749 0.120713,
        -2.204724 0.211674 0.107015,
        -2.204724 0.205440 0.113248,
        -2.204724 0.364173 0.078740,
        -2.204724 0.364173 0.098425,
        -2.204724 0.236220 0.098425,
        -2.204724 0.515189 0.098425,
        -2.204724 0.501969 0.098425,
        -2.204724 0.501969 0.078740,
        -2.204724 0.551181 0.078740,
        -2.204724 0.543027 0.086894,
        -2.204724 0.537061 0.091790,
        -2.204724 0.530255 0.095428,
        -2.204724 0.522869 0.097669,
        -2.204724 0.943641 0.233224,
        -2.204724 0.936255 0.235464,
        -2.204724 0.928574 0.236220,
        -2.204724 0.950447 0.229585,
        -2.204724 0.956413 0.224689,
        -2.519685 0.200749 0.120713,
        -2.519685 0.196850 0.078740,
        -2.519685 0.197837 0.129035,
        -2.519685 0.196850 0.137795,
        -2.519685 0.205440 0.113248,
        -2.519685 0.211674 0.107015,
        -2.519685 0.219139 0.102324,
        -2.519685 0.364173 0.098425,
        -2.519685 0.364173 0.078740,
        -2.519685 0.236220 0.098425,
        -2.519685 0.227460 0.099412,
        -2.519685 0.543027 0.086894,
        -2.519685 0.551181 0.078740,
        -2.519685 0.501969 0.078740,
        -2.519685 0.501969 0.098425,
        -2.519685 0.515189 0.098425,
        -2.519685 0.522869 0.097669,
        -2.519685 0.530255 0.095428,
        -2.519685 0.537061 0.091790,
        -2.519685 0.928574 0.236220,
        -2.519685 0.936255 0.235464,
        -2.519685 0.943641 0.233224,
        -2.519685 0.956413 0.224689,
        -2.519685 0.950447 0.229585,
        -2.598425 0.227460 0.099412,
        -2.598425 0.219139 0.102324,
        -2.598425 0.196850 0.078740,
        -2.598425 0.196850 0.137795,
        -2.598425 0.197837 0.129035,
        -2.598425 0.200749 0.120713,
        -2.598425 0.211674 0.107015,
        -2.598425 0.205440 0.113248,
        -2.598425 0.364173 0.078740,
        -2.598425 0.364173 0.098425,
        -2.598425 0.236220 0.098425,
        -2.598425 0.515189 0.098425,
        -2.598425 0.501969 0.098425,
        -2.598425 0.501969 0.078740,
        -2.598425 0.551181 0.078740,
        -2.598425 0.543027 0.086894,
        -2.598425 0.537061 0.091790,
        -2.598425 0.530255 0.095428,
        -2.598425 0.522869 0.097669,
        -2.598425 0.943641 0.233224,
        -2.598425 0.936255 0.235464,
        -2.598425 0.928574 0.236220,
        -2.598425 0.950447 0.229585,
        -2.598425 0.956413 0.224689,
        -2.913386 0.200749 0.120713,
        -2.913386 0.196850 0.078740,
        -2.913386 0.197837 0.129035,
        -2.913386 0.196850 0.137795,
        -2.913386 0.205440 0.113248,
        -2.913386 0.211674 0.107015,
        -2.913386 0.219139 0.102324,
        -2.913386 0.364173 0.098425,
        -2.913386 0.364173 0.078740,
        -2.913386 0.236220 0.098425,
        -2.913386 0.227460 0.099412,
        -2.913386 0.543027 0.086894,
        -2.913386 0.551181 0.078740,
        -2.913386 0.501969 0.078740,
        -2.913386 0.501969 0.098425,
        -2.913386 0.515189 0.098425,
        -2.913386 0.522869 0.097669,
        -2.913386 0.530255 0.095428,
        -2.913386 0.537061 0.091790,
        -2.913386 0.928574 0.236220,
        -2.913386 0.936255 0.235464,
        -2.913386 0.943641 0.233224,
        -2.913386 0.956413 0.224689,
        -2.913386 0.950447 0.229585,
        -2.992126 0.227460 0.099412,
        -2.992126 0.219139 0.102324,
        -2.992126 0.196850 0.078740,
        -2.992126 0.196850 0.137795,
        -2.992126 0.197837 0.129035,
        -2.992126 0.200749 0.120713,
        -2.992126 0.211674 0.107015,
        -2.992126 0.205440 0.113248,
        -2.992126 0.364173 0.078740,
        -2.992126 0.364173 0.098425,
        -2.992126 0.236220 0.098425,
        -2.992126 0.515189 0.098425,
        -2.992126 0.501969 0.098425,
        -2.992126 0.501969 0.078740,
        -2.992126 0.551181 0.078740,
        -2.992126 0.543027 0.086894,
        -2.992126 0.537061 0.091790,
        -2.992126 0.530255 0.095428,
        -2.992126 0.522869 0.097669,
        -2.992126 0.943641 0.233224,
        -2.992126 0.936255 0.235464,
        -2.992126 0.928574 0.236220,
        -2.992126 0.950447 0.229585,
        -2.992126 0.956413 0.224689,
        -2.913386 -0.943641 0.233224,
        -2.913386 -1.003937 0.236220,
        -2.913386 -0.936255 0.235464,
        -2.913386 -0.928574 0.236220,
        -2.913386 -0.950447 0.229585,
        -2.913386 -0.956413 0.224689,
        -2.913386 -1.003937 0.177165,
        -2.913386 -0.515189 0.098425,
        -2.913386 -0.501969 0.098425,
        -2.913386 -0.501969 0.078740,
        -2.913386 -0.551181 0.078740,
        -2.913386 -0.543027 0.086894,
        -2.913386 -0.537061 0.091790,
        -2.913386 -0.530255 0.095428,
        -2.913386 -0.522869 0.097669,
        -2.913386 -0.196850 0.137795,
        -2.913386 -0.196850 0.078740,
        -2.913386 -0.197837 0.129035,
        -2.913386 -0.200749 0.120713,
        -2.913386 -0.227460 0.099412,
        -2.913386 -0.219139 0.102324,
        -2.913386 -0.364173 0.078740,
        -2.913386 -0.364173 0.098425,
        -2.913386 -0.236220 0.098425,
        -2.913386 -0.211674 0.107015,
        -2.913386 -0.205440 0.113248,
        -2.992126 -0.928574 0.236220,
        -2.992126 -1.003937 0.236220,
        -2.992126 -0.936255 0.235464,
        -2.992126 -0.943641 0.233224,
        -2.992126 -1.003937 0.177165,
        -2.992126 -0.956413 0.224689,
        -2.992126 -0.950447 0.229585,
        -2.992126 -0.543027 0.086894,
        -2.992126 -0.551181 0.078740,
        -2.992126 -0.501969 0.078740,
        -2.992126 -0.501969 0.098425,
        -2.992126 -0.515189 0.098425,
        -2.992126 -0.522869 0.097669,
        -2.992126 -0.530255 0.095428,
        -2.992126 -0.537061 0.091790,
        -2.992126 -0.196850 0.137795,
        -2.992126 -0.197837 0.129035,
        -2.992126 -0.196850 0.078740,
        -2.992126 -0.200749 0.120713,
        -2.992126 -0.205440 0.113248,
        -2.992126 -0.364173 0.098425,
        -2.992126 -0.364173 0.078740,
        -2.992126 -0.236220 0.098425,
        -2.992126 -0.227460 0.099412,
        -2.992126 -0.211674 0.107015,
        -2.992126 -0.219139 0.102324,
        -2.204724 -0.944882 0.078740,
        -2.519685 -0.944882 0.078740,
        -1.811024 -0.944882 0.078740,
        -2.125984 -0.944882 0.078740,
        -1.417323 -0.944882 0.078740,
        -1.732283 -0.944882 0.078740,
        -1.023622 -0.944882 0.078740,
        -1.338583 -0.944882 0.078740,
        -0.629921 -0.944882 0.078740,
        -0.944882 -0.944882 0.078740,
        -0.236220 -0.944882 0.078740,
        -0.551181 -0.944882 0.078740,
        0.157480 -0.944882 0.078740,
        -0.157480 -0.944882 0.078740,
        0.551181 -0.944882 0.078740,
        0.236220 -0.944882 0.078740,
        0.944882 -0.944882 0.078740,
        0.629921 -0.944882 0.078740,
        1.338583 -0.944882 0.078740,
        1.023622 -0.944882 0.078740,
        1.732283 -0.944882 0.078740,
        1.417323 -0.944882 0.078740,
        2.125984 -0.944882 0.078740,
        1.811024 -0.944882 0.078740,
        2.519685 -0.944882 0.078740,
        2.204724 -0.944882 0.078740,
        2.913386 -0.944882 0.078740,
        2.598425 -0.944882 0.078740,
        3.543307 -0.501969 0.078740,
        3.543307 -0.944882 0.078740,
        2.992126 -0.944882 0.078740,
        -2.204724 -1.003937 0.137795,
        -2.519685 -1.003937 0.137795,
        -2.519685 -1.001925 0.122511,
        -2.204724 -1.001925 0.122511,
        -2.519685 -0.996025 0.108268,
        -2.204724 -0.996025 0.108268,
        -2.519685 -0.986640 0.096037,
        -2.204724 -0.986640 0.096037,
        -2.519685 -0.974409 0.086652,
        -2.204724 -0.974409 0.086652,
        -2.519685 -0.960167 0.080752,
        -2.204724 -0.960167 0.080752,
        -1.811024 -1.003937 0.137795,
        -2.125984 -1.003937 0.137795,
        -2.125984 -1.001925 0.122511,
        -1.811024 -1.001925 0.122511,
        -2.125984 -0.996025 0.108268,
        -1.811024 -0.996025 0.108268,
        -2.125984 -0.986640 0.096037,
        -1.811024 -0.986640 0.096037,
        -2.125984 -0.974409 0.086652,
        -1.811024 -0.974409 0.086652,
        -2.125984 -0.960167 0.080752,
        -1.811024 -0.960167 0.080752,
        -1.417323 -1.003937 0.137795,
        -1.732283 -1.003937 0.137795,
        -1.732283 -1.001925 0.122511,
        -1.417323 -1.001925 0.122511,
        -1.732283 -0.996025 0.108268,
        -1.417323 -0.996025 0.108268,
        -1.732283 -0.986640 0.096037,
        -1.417323 -0.986640 0.096037,
        -1.732283 -0.974409 0.086652,
        -1.417323 -0.974409 0.086652,
        -1.732283 -0.960167 0.080752,
        -1.417323 -0.960167 0.080752,
        -1.023622 -1.003937 0.137795,
        -1.338583 -1.003937 0.137795,
        -1.338583 -1.001925 0.122511,
        -1.023622 -1.001925 0.122511,
        -1.338583 -0.996025 0.108268,
        -1.023622 -0.996025 0.108268,
        -1.338583 -0.986640 0.096037,
        -1.023622 -0.986640 0.096037,
        -1.338583 -0.974409 0.086652,
        -1.023622 -0.974409 0.086652,
        -1.338583 -0.960167 0.080752,
        -1.023622 -0.960167 0.080752,
        -0.629921 -1.003937 0.137795,
        -0.944882 -1.003937 0.137795,
        -0.944882 -1.001925 0.122511,
        -0.629921 -1.001925 0.122511,
        -0.944882 -0.996025 0.108268,
        -0.629921 -0.996025 0.108268,
        -0.944882 -0.986640 0.096037,
        -0.629921 -0.986640 0.096037,
        -0.944882 -0.974409 0.086652,
        -0.629921 -0.974409 0.086652,
        -0.944882 -0.960167 0.080752,
        -0.629921 -0.960167 0.080752,
        -0.236220 -1.003937 0.137795,
        -0.551181 -1.003937 0.137795,
        -0.551181 -1.001925 0.122511,
        -0.236220 -1.001925 0.122511,
        -0.551181 -0.996025 0.108268,
        -0.236220 -0.996025 0.108268,
        -0.551181 -0.986640 0.096037,
        -0.236220 -0.986640 0.096037,
        -0.551181 -0.974409 0.086652,
        -0.236220 -0.974409 0.086652,
        -0.551181 -0.960167 0.080752,
        -0.236220 -0.960167 0.080752,
        0.157480 -1.003937 0.137795,
        -0.157480 -1.003937 0.137795,
        -0.157480 -1.001925 0.122511,
        0.157480 -1.001925 0.122511,
        -0.157480 -0.996025 0.108268,
        0.157480 -0.996025 0.108268,
        -0.157480 -0.986640 0.096037,
        0.157480 -0.986640 0.096037,
        -0.157480 -0.974409 0.086652,
        0.157480 -0.974409 0.086652,
        -0.157480 -0.960167 0.080752,
        0.157480 -0.960167 0.080752,
        0.551181 -1.003937 0.137795,
        0.236220 -1.003937 0.137795,
        0.236220 -1.001925 0.122511,
        0.551181 -1.001925 0.122511,
        0.236220 -0.996025 0.108268,
        0.551181 -0.996025 0.108268,
        0.236220 -0.986640 0.096037,
        0.551181 -0.986640 0.096037,
        0.236220 -0.974409 0.086652,
        0.551181 -0.974409 0.086652,
        0.236220 -0.960167 0.080752,
        0.551181 -0.960167 0.080752,
        0.944882 -1.003937 0.137795,
        0.629921 -1.003937 0.137795,
        0.629921 -1.001925 0.122511,
        0.944882 -1.001925 0.122511,
        0.629921 -0.996025 0.108268,
        0.944882 -0.996025 0.108268,
        0.629921 -0.986640 0.096037,
        0.944882 -0.986640 0.096037,
        0.629921 -0.974409 0.086652,
        0.944882 -0.974409 0.086652,
        0.629921 -0.960167 0.080752,
        0.944882 -0.960167 0.080752,
        1.338583 -1.003937 0.137795,
        1.023622 -1.003937 0.137795,
        1.023622 -1.001925 0.122511,
        1.338583 -1.001925 0.122511,
        1.023622 -0.996025 0.108268,
        1.338583 -0.996025 0.108268,
        1.023622 -0.986640 0.096037,
        1.338583 -0.986640 0.096037,
        1.023622 -0.974409 0.086652,
        1.338583 -0.974409 0.086652,
        1.023622 -0.960167 0.080752,
        1.338583 -0.960167 0.080752,
        1.732283 -1.003937 0.137795,
        1.417323 -1.003937 0.137795,
        1.417323 -1.001925 0.122511,
        1.732283 -1.001925 0.122511,
        1.417323 -0.996025 0.108268,
        1.732283 -0.996025 0.108268,
        1.417323 -0.986640 0.096037,
        1.732283 -0.986640 0.096037,
        1.417323 -0.974409 0.086652,
        1.732283 -0.974409 0.086652,
        1.417323 -0.960167 0.080752,
        1.732283 -0.960167 0.080752,
        2.125984 -1.003937 0.137795,
        1.811024 -1.003937 0.137795,
        1.811024 -1.001925 0.122511,
        2.125984 -1.001925 0.122511,
        1.811024 -0.996025 0.108268,
        2.125984 -0.996025 0.108268,
        1.811024 -0.986640 0.096037,
        2.125984 -0.986640 0.096037,
        1.811024 -0.974409 0.086652,
        2.125984 -0.974409 0.086652,
        1.811024 -0.960167 0.080752,
        2.125984 -0.960167 0.080752,
        2.519685 -1.003937 0.137795,
        2.204724 -1.003937 0.137795,
        2.204724 -1.001925 0.122511,
        2.519685 -1.001925 0.122511,
        2.204724 -0.996025 0.108268,
        2.519685 -0.996025 0.108268,
        2.204724 -0.986640 0.096037,
        2.519685 -0.986640 0.096037,
        2.204724 -0.974409 0.086652,
        2.519685 -0.974409 0.086652,
        2.204724 -0.960167 0.080752,
        2.519685 -0.960167 0.080752,
        2.913386 -1.003937 0.137795,
        2.598425 -1.003937 0.137795,
        2.598425 -1.001925 0.122511,
        2.913386 -1.001925 0.122511,
        2.598425 -0.996025 0.108268,
        2.913386 -0.996025 0.108268,
        2.598425 -0.986640 0.096037,
        2.913386 -0.986640 0.096037,
        2.598425 -0.974409 0.086652,
        2.913386 -0.974409 0.086652,
        2.598425 -0.960167 0.080752,
        2.913386 -0.960167 0.080752,
        3.543307 -1.003937 0.137795,
        2.992126 -1.003937 0.137795,
        2.992126 -1.001925 0.122511,
        3.543307 -1.001925 0.122511,
        2.992126 -0.996025 0.108268,
        3.543307 -0.996025 0.108268,
        2.992126 -0.986640 0.096037,
        3.543307 -0.986640 0.096037,
        2.992126 -0.974409 0.086652,
        3.543307 -0.974409 0.086652,
        2.992126 -0.960167 0.080752,
        3.543307 -0.960167 0.080752,
        -2.204724 -0.364173 0.196850,
        -2.519685 -0.364173 0.196850,
        -1.811024 -0.364173 0.196850,
        -2.125984 -0.364173 0.196850,
        -1.417323 -0.364173 0.196850,
        -1.732283 -0.364173 0.196850,
        -1.023622 -0.364173 0.196850,
        -1.338583 -0.364173 0.196850,
        -0.629921 -0.364173 0.196850,
        -0.944882 -0.364173 0.196850,
        -0.236220 -0.364173 0.196850,
        -0.551181 -0.364173 0.196850,
        0.157480 -0.364173 0.196850,
        -0.157480 -0.364173 0.196850,
        0.551181 -0.364173 0.196850,
        0.236220 -0.364173 0.196850,
        0.944882 -0.364173 0.196850,
        0.629921 -0.364173 0.196850,
        1.023622 -0.364173 0.196850,
        1.338583 -0.364173 0.196850,
        1.732283 -0.364173 0.196850,
        1.417323 -0.364173 0.196850,
        2.125984 -0.364173 0.196850,
        1.811024 -0.364173 0.196850,
        2.519685 -0.364173 0.196850,
        2.204724 -0.364173 0.196850,
        2.913386 -0.364173 0.196850,
        2.598425 -0.364173 0.196850,
        3.602363 -0.364173 0.137795,
        3.602363 -0.364173 0.196850,
        2.992126 -0.364173 0.196850,
        3.600350 -0.364173 0.122511,
        3.585065 -0.364173 0.096037,
        3.543307 -0.364173 0.078740,
        3.572835 -0.364173 0.086652,
        3.558592 -0.364173 0.080752,
        3.594450 -0.364173 0.108268,
        -2.204724 -0.501969 0.196850,
        -2.519685 -0.501969 0.196850,
        -1.811024 -0.501969 0.196850,
        -2.125984 -0.501969 0.196850,
        -1.417323 -0.501969 0.196850,
        -1.732283 -0.501969 0.196850,
        -1.023622 -0.501969 0.196850,
        -1.338583 -0.501969 0.196850,
        -0.629921 -0.501969 0.196850,
        -0.944882 -0.501969 0.196850,
        -0.236220 -0.501969 0.196850,
        -0.551181 -0.501969 0.196850,
        0.157480 -0.501969 0.196850,
        -0.157480 -0.501969 0.196850,
        0.551181 -0.501969 0.196850,
        0.236220 -0.501969 0.196850,
        0.944882 -0.501969 0.196850,
        0.629921 -0.501969 0.196850,
        1.023622 -0.501969 0.196850,
        1.338583 -0.501969 0.196850,
        1.732283 -0.501969 0.196850,
        1.417323 -0.501969 0.196850,
        2.125984 -0.501969 0.196850,
        1.811024 -0.501969 0.196850,
        2.519685 -0.501969 0.196850,
        2.204724 -0.501969 0.196850,
        2.913386 -0.501969 0.196850,
        2.598425 -0.501969 0.196850,
        2.992126 -0.501969 0.196850,
        3.602363 -0.501969 0.196850,
        3.602363 -0.501969 0.137795,
        3.600350 -0.501969 0.122511,
        3.594450 -0.501969 0.108268,
        3.585065 -0.501969 0.096037,
        3.572835 -0.501969 0.086652,
        3.558592 -0.501969 0.080752,
        2.992126 0.944882 0.078740,
        3.543307 0.944882 0.078740,
        3.307087 0.610236 0.078740,
        3.464567 0.610236 0.078740,
        3.543307 0.570866 0.078740,
        3.464567 0.570866 0.078740,
        -3.011811 0.364173 0.078740,
        -3.011811 0.501969 0.078740,
        -3.464567 0.570866 0.078740,
        -3.543307 0.570866 0.078740,
        -3.464567 0.610236 0.078740,
        -3.543307 0.944882 0.078740,
        -3.307087 0.610236 0.078740,
        -2.992126 0.944882 0.078740,
        -3.543307 -0.216535 0.078740,
        -3.464567 -0.216535 0.078740,
        -3.543307 -0.364173 0.078740,
        -3.464567 -0.255906 0.078740,
        -3.307087 -0.255906 0.078740,
        3.307087 -0.255906 0.078740,
        3.464567 -0.216535 0.078740,
        3.543307 -0.216535 0.078740,
        3.464567 -0.255906 0.078740,
        3.011811 0.364173 0.078740,
        3.011811 0.501969 0.078740,
        2.913386 0.944882 0.078740,
        2.598425 0.944882 0.078740,
        2.992126 0.960167 0.080752,
        3.543307 0.960167 0.080752,
        2.992126 0.974409 0.086652,
        3.543307 0.974409 0.086652,
        2.992126 0.986640 0.096037,
        3.543307 0.986640 0.096037,
        2.992126 0.996025 0.108268,
        3.543307 0.996025 0.108268,
        2.992126 1.001925 0.122511,
        3.543307 1.001925 0.122511,
        2.598425 0.960167 0.080752,
        2.598425 1.001925 0.122511,
        2.913386 0.960167 0.080752,
        2.598425 0.974409 0.086652,
        2.913386 0.974409 0.086652,
        2.598425 0.986640 0.096037,
        2.913386 0.986640 0.096037,
        2.598425 0.996025 0.108268,
        2.913386 0.996025 0.108268,
        2.913386 1.001925 0.122511,
        3.011811 0.501969 0.196850,
        2.992126 0.501969 0.196850,
        2.598425 0.501969 0.196850,
        2.913386 0.501969 0.196850,
        2.992126 0.364173 0.196850,
        3.011811 0.364173 0.196850,
        2.598425 0.364173 0.196850,
        2.913386 0.364173 0.196850,
        2.519685 0.944882 0.078740,
        2.204724 0.944882 0.078740,
        2.519685 1.001925 0.122511,
        2.204724 0.960167 0.080752,
        2.519685 0.960167 0.080752,
        2.204724 0.974409 0.086652,
        2.519685 0.974409 0.086652,
        2.204724 0.986640 0.096037,
        2.519685 0.986640 0.096037,
        2.204724 0.996025 0.108268,
        2.519685 0.996025 0.108268,
        2.204724 1.001925 0.122511,
        2.519685 0.501969 0.196850,
        2.204724 0.501969 0.196850,
        2.519685 0.364173 0.196850,
        2.204724 0.364173 0.196850,
        2.125984 0.944882 0.078740,
        1.811024 0.944882 0.078740,
        1.811024 0.960167 0.080752,
        2.125984 0.960167 0.080752,
        1.811024 0.974409 0.086652,
        2.125984 0.974409 0.086652,
        1.811024 0.986640 0.096037,
        2.125984 0.986640 0.096037,
        1.811024 0.996025 0.108268,
        2.125984 0.996025 0.108268,
        1.811024 1.001925 0.122511,
        2.125984 1.001925 0.122511,
        2.125984 0.501969 0.196850,
        1.811024 0.501969 0.196850,
        2.125984 0.364173 0.196850,
        1.811024 0.364173 0.196850,
        1.732283 0.944882 0.078740,
        1.417323 0.944882 0.078740,
        1.417323 0.960167 0.080752,
        1.732283 0.960167 0.080752,
        1.417323 0.974409 0.086652,
        1.732283 0.974409 0.086652,
        1.417323 0.986640 0.096037,
        1.732283 0.986640 0.096037,
        1.417323 0.996025 0.108268,
        1.732283 0.996025 0.108268,
        1.417323 1.001925 0.122511,
        1.732283 1.001925 0.122511,
        1.732283 0.501969 0.196850,
        1.417323 0.501969 0.196850,
        1.732283 0.364173 0.196850,
        1.417323 0.364173 0.196850,
        1.338583 0.944882 0.078740,
        1.023622 0.944882 0.078740,
        1.023622 0.960167 0.080752,
        1.338583 0.960167 0.080752,
        1.023622 0.974409 0.086652,
        1.338583 0.974409 0.086652,
        1.023622 0.986640 0.096037,
        1.338583 0.986640 0.096037,
        1.023622 0.996025 0.108268,
        1.338583 0.996025 0.108268,
        1.023622 1.001925 0.122511,
        1.338583 1.001925 0.122511,
        1.023622 0.501969 0.196850,
        1.338583 0.501969 0.196850,
        1.023622 0.364173 0.196850,
        1.338583 0.364173 0.196850,
        0.944882 0.944882 0.078740,
        0.629921 0.944882 0.078740,
        0.629921 0.960167 0.080752,
        0.944882 0.960167 0.080752,
        0.629921 0.974409 0.086652,
        0.944882 0.974409 0.086652,
        0.629921 0.986640 0.096037,
        0.944882 0.986640 0.096037,
        0.629921 0.996025 0.108268,
        0.944882 0.996025 0.108268,
        0.629921 1.001925 0.122511,
        0.944882 1.001925 0.122511,
        0.944882 0.501969 0.196850,
        0.629921 0.501969 0.196850,
        0.944882 0.364173 0.196850,
        0.629921 0.364173 0.196850,
        0.551181 0.944882 0.078740,
        0.236220 0.944882 0.078740,
        0.236220 0.960167 0.080752,
        0.551181 0.960167 0.080752,
        0.236220 0.974409 0.086652,
        0.551181 0.974409 0.086652,
        0.236220 0.986640 0.096037,
        0.551181 0.986640 0.096037,
        0.236220 0.996025 0.108268,
        0.551181 0.996025 0.108268,
        0.236220 1.001925 0.122511,
        0.551181 1.001925 0.122511,
        0.551181 0.501969 0.196850,
        0.236220 0.501969 0.196850,
        0.551181 0.364173 0.196850,
        0.236220 0.364173 0.196850,
        0.157480 0.944882 0.078740,
        -0.157480 0.944882 0.078740,
        -0.157480 0.960167 0.080752,
        0.157480 0.960167 0.080752,
        -0.157480 0.974409 0.086652,
        0.157480 0.974409 0.086652,
        -0.157480 0.986640 0.096037,
        0.157480 0.986640 0.096037,
        -0.157480 0.996025 0.108268,
        0.157480 0.996025 0.108268,
        -0.157480 1.001925 0.122511,
        0.157480 1.001925 0.122511,
        0.157480 0.501969 0.196850,
        -0.157480 0.501969 0.196850,
        0.157480 0.364173 0.196850,
        -0.157480 0.364173 0.196850,
        -0.236220 0.944882 0.078740,
        -0.551181 0.944882 0.078740,
        -0.551181 0.960167 0.080752,
        -0.236220 0.960167 0.080752,
        -0.551181 0.974409 0.086652,
        -0.236220 0.974409 0.086652,
        -0.551181 0.986640 0.096037,
        -0.236220 0.986640 0.096037,
        -0.551181 0.996025 0.108268,
        -0.236220 0.996025 0.108268,
        -0.551181 1.001925 0.122511,
        -0.236220 1.001925 0.122511,
        -0.236220 0.501969 0.196850,
        -0.551181 0.501969 0.196850,
        -0.236220 0.364173 0.196850,
        -0.551181 0.364173 0.196850,
        -0.629921 0.944882 0.078740,
        -0.944882 0.944882 0.078740,
        -0.944882 0.960167 0.080752,
        -0.944882 1.001925 0.122511,
        -0.629921 0.960167 0.080752,
        -0.944882 0.974409 0.086652,
        -0.629921 0.974409 0.086652,
        -0.944882 0.986640 0.096037,
        -0.629921 0.986640 0.096037,
        -0.944882 0.996025 0.108268,
        -0.629921 0.996025 0.108268,
        -0.629921 1.001925 0.122511,
        -0.629921 0.501969 0.196850,
        -0.944882 0.501969 0.196850,
        -0.629921 0.364173 0.196850,
        -0.944882 0.364173 0.196850,
        -1.023622 0.944882 0.078740,
        -1.338583 0.944882 0.078740,
        -1.338583 0.960167 0.080752,
        -1.023622 0.960167 0.080752,
        -1.338583 0.974409 0.086652,
        -1.023622 0.974409 0.086652,
        -1.338583 0.986640 0.096037,
        -1.023622 0.986640 0.096037,
        -1.338583 0.996025 0.108268,
        -1.023622 0.996025 0.108268,
        -1.338583 1.001925 0.122511,
        -1.023622 1.001925 0.122511,
        -1.023622 0.501969 0.196850,
        -1.338583 0.501969 0.196850,
        -1.023622 0.364173 0.196850,
        -1.338583 0.364173 0.196850,
        -1.417323 0.944882 0.078740,
        -1.732283 0.944882 0.078740,
        -1.732283 0.960167 0.080752,
        -1.417323 0.960167 0.080752,
        -1.732283 0.974409 0.086652,
        -1.417323 0.974409 0.086652,
        -1.732283 0.986640 0.096037,
        -1.417323 0.986640 0.096037,
        -1.732283 0.996025 0.108268,
        -1.417323 0.996025 0.108268,
        -1.732283 1.001925 0.122511,
        -1.417323 1.001925 0.122511,
        -1.417323 0.501969 0.196850,
        -1.732283 0.501969 0.196850,
        -1.417323 0.364173 0.196850,
        -1.732283 0.364173 0.196850,
        -1.811024 0.944882 0.078740,
        -2.125984 0.944882 0.078740,
        -2.125984 0.960167 0.080752,
        -1.811024 0.960167 0.080752,
        -2.125984 0.974409 0.086652,
        -1.811024 0.974409 0.086652,
        -2.125984 0.986640 0.096037,
        -1.811024 0.986640 0.096037,
        -2.125984 0.996025 0.108268,
        -1.811024 0.996025 0.108268,
        -2.125984 1.001925 0.122511,
        -1.811024 1.001925 0.122511,
        -1.811024 0.501969 0.196850,
        -2.125984 0.501969 0.196850,
        -1.811024 0.364173 0.196850,
        -2.125984 0.364173 0.196850,
        -2.204724 0.944882 0.078740,
        -2.519685 0.944882 0.078740,
        -2.519685 0.960167 0.080752,
        -2.204724 0.960167 0.080752,
        -2.519685 0.974409 0.086652,
        -2.204724 0.974409 0.086652,
        -2.519685 0.986640 0.096037,
        -2.204724 0.986640 0.096037,
        -2.519685 0.996025 0.108268,
        -2.204724 0.996025 0.108268,
        -2.519685 1.001925 0.122511,
        -2.204724 1.001925 0.122511,
        -2.204724 0.501969 0.196850,
        -2.519685 0.501969 0.196850,
        -2.204724 0.364173 0.196850,
        -2.519685 0.364173 0.196850,
        -2.598425 0.944882 0.078740,
        -2.913386 0.944882 0.078740,
        -2.913386 0.960167 0.080752,
        -2.598425 0.960167 0.080752,
        -2.913386 0.974409 0.086652,
        -2.598425 0.974409 0.086652,
        -2.913386 0.986640 0.096037,
        -2.598425 0.986640 0.096037,
        -2.913386 0.996025 0.108268,
        -2.598425 0.996025 0.108268,
        -2.913386 1.001925 0.122511,
        -2.598425 1.001925 0.122511,
        -2.598425 0.501969 0.196850,
        -2.913386 0.501969 0.196850,
        -2.598425 0.364173 0.196850,
        -2.913386 0.364173 0.196850,
        -3.543307 0.960167 0.080752,
        -2.992126 0.960167 0.080752,
        -3.543307 0.974409 0.086652,
        -2.992126 0.974409 0.086652,
        -3.543307 0.986640 0.096037,
        -2.992126 0.986640 0.096037,
        -3.543307 0.996025 0.108268,
        -2.992126 0.996025 0.108268,
        -3.543307 1.001925 0.122511,
        -2.992126 1.001925 0.122511,
        -2.992126 0.501969 0.196850,
        -3.011811 0.501969 0.196850,
        -3.011811 0.364173 0.196850,
        -2.992126 0.364173 0.196850,
        -2.598425 -0.944882 0.078740,
        -2.913386 -0.944882 0.078740,
        -2.598425 -1.003937 0.137795,
        -2.913386 -1.003937 0.137795,
        -2.913386 -1.001925 0.122511,
        -2.598425 -1.001925 0.122511,
        -2.913386 -0.996025 0.108268,
        -2.598425 -0.996025 0.108268,
        -2.913386 -0.986640 0.096037,
        -2.598425 -0.986640 0.096037,
        -2.913386 -0.974409 0.086652,
        -2.598425 -0.974409 0.086652,
        -2.913386 -0.960167 0.080752,
        -2.598425 -0.960167 0.080752,
        -2.598425 -0.364173 0.196850,
        -2.913386 -0.364173 0.196850,
        -2.598425 -0.501969 0.196850,
        -2.913386 -0.501969 0.196850,
        3.558592 0.944882 0.080752,
        3.558592 0.570866 0.080752,
        3.572835 0.944882 0.086652,
        3.572835 0.570866 0.086652,
        3.585065 0.944882 0.096037,
        3.585065 0.570866 0.096037,
        3.594450 0.944882 0.108268,
        3.594450 0.570866 0.108268,
        3.600350 0.944882 0.122511,
        3.600350 0.570866 0.122511,
        3.602363 0.944882 0.137795,
        3.602363 0.570866 0.137795,
        3.602363 0.944882 1.476378,
        3.602363 1.003937 1.476378,
        3.602363 1.003937 1.712598,
        3.602363 -0.944882 0.137795,
        3.602363 -0.944882 1.476378,
        3.602363 -0.216535 0.137795,
        3.602363 -0.216535 0.157480,
        3.602363 0.570866 0.157480,
        3.602363 -1.003937 1.712598,
        3.602363 -1.003937 1.476378,
        -3.558592 -0.364173 0.080752,
        -3.558592 -0.216535 0.080752,
        -3.572835 -0.364173 0.086652,
        -3.572835 -0.216535 0.086652,
        -3.585065 -0.364173 0.096037,
        -3.585065 -0.216535 0.096037,
        -3.594450 -0.364173 0.108268,
        -3.594450 -0.216535 0.108268,
        -3.600350 -0.364173 0.122511,
        -3.600350 -0.216535 0.122511,
        -3.602363 -0.364173 0.137795,
        -3.602363 -0.216535 0.137795,
        -3.602363 1.003937 1.712598,
        -3.602363 1.003937 1.476378,
        -3.602363 0.944882 1.476378,
        -3.602363 0.944882 0.137795,
        -3.602363 0.570866 0.157480,
        -3.602363 0.570866 0.137795,
        -3.602363 -0.703885 1.712598,
        -3.602363 -0.216535 0.157480,
        -3.602363 -0.501969 0.137795,
        -3.602363 -0.703885 0.137795,
        -3.602363 -0.501969 0.196850,
        -3.602363 -0.364173 0.196850,
        3.558592 -0.216535 0.080752,
        3.572835 -0.216535 0.086652,
        3.585065 -0.216535 0.096037,
        3.594450 -0.216535 0.108268,
        3.600350 -0.216535 0.122511,
        -3.558592 0.570866 0.080752,
        -3.558592 0.944882 0.080752,
        -3.572835 0.570866 0.086652,
        -3.572835 0.944882 0.086652,
        -3.585065 0.570866 0.096037,
        -3.585065 0.944882 0.096037,
        -3.594450 0.570866 0.108268,
        -3.594450 0.944882 0.108268,
        -3.600350 0.570866 0.122511,
        -3.600350 0.944882 0.122511,
        -3.543307 -0.501969 0.078740,
        -2.992126 -0.944882 0.078740,
        -3.302310 -0.944882 0.078740,
        -3.543307 -0.703885 0.078740,
        -3.543307 1.062992 1.712598,
        3.543307 1.062992 1.712598,
        -3.543307 1.062992 1.476378,
        3.543307 1.062992 1.476378,
        3.377026 0.734165 1.712598,
        3.405512 0.722365 1.712598,
        3.585065 1.045695 1.712598,
        3.572835 -1.055080 1.712598,
        3.585065 -1.045695 1.712598,
        3.405512 -0.722365 1.712598,
        3.594450 1.033465 1.712598,
        3.460543 0.650648 1.712598,
        3.448743 0.679134 1.712598,
        3.429973 0.703595 1.712598,
        3.464567 -0.620079 1.712598,
        3.460543 -0.650648 1.712598,
        -3.291263 -0.826772 1.712598,
        -3.303062 -0.798286 1.712598,
        -3.585065 -0.745643 1.712598,
        -3.307087 -0.767717 1.712598,
        -3.425197 -0.289294 1.712598,
        -3.449659 -0.270524 1.712598,
        -3.468428 -0.246063 1.712598,
        -3.480228 -0.217577 1.712598,
        3.600350 1.019222 1.712598,
        3.307087 -0.767717 1.712598,
        3.303062 -0.798286 1.712598,
        3.543307 -1.062992 1.712598,
        -3.396711 -0.301094 1.712598,
        -3.601228 -0.715406 1.712598,
        -3.597867 -0.726485 1.712598,
        -3.484252 -0.187008 1.712598,
        -3.484252 0.187008 1.712598,
        -3.480228 0.217577 1.712598,
        -3.468428 0.246063 1.712598,
        3.464567 0.620079 1.712598,
        3.464567 0.364173 1.712598,
        3.460543 0.333604 1.712598,
        3.448743 0.305118 1.712598,
        3.429973 0.280657 1.712598,
        3.405512 0.261887 1.712598,
        3.377026 0.250087 1.712598,
        3.405512 -0.261887 1.712598,
        3.429973 -0.280657 1.712598,
        3.346457 -0.738189 1.712598,
        3.307087 -0.738189 1.712598,
        3.291263 -0.826772 1.712598,
        3.272493 -0.851233 1.712598,
        3.248031 -0.870003 1.712598,
        -3.592410 -0.736694 1.712598,
        -3.366142 -0.305118 1.712598,
        -3.307087 -0.305118 1.712598,
        3.219546 0.881802 1.712598,
        3.248031 0.870003 1.712598,
        3.272493 0.851233 1.712598,
        3.558592 1.060980 1.712598,
        3.291263 0.826772 1.712598,
        3.307087 0.738189 1.712598,
        3.346457 0.738189 1.712598,
        3.307087 0.767717 1.712598,
        3.303062 0.798286 1.712598,
        3.572835 1.055080 1.712598,
        3.377026 -0.734165 1.712598,
        3.558592 -1.060980 1.712598,
        3.219546 -0.881802 1.712598,
        3.188976 -0.885827 1.712598,
        -3.243255 -1.062992 1.712598,
        -3.188976 -0.885827 1.712598,
        -3.254776 -1.061857 1.712598,
        -3.219546 -0.881802 1.712598,
        -3.272493 -0.851233 1.712598,
        -3.285013 -1.045695 1.712598,
        -3.248031 -0.870003 1.712598,
        -3.276064 -1.053040 1.712598,
        -3.265855 -1.058497 1.712598,
        -3.307087 0.305118 1.712598,
        -3.307087 0.767717 1.712598,
        -3.366142 0.305118 1.712598,
        -3.304125 0.793998 1.712598,
        -3.396711 0.301094 1.712598,
        3.448743 -0.679134 1.712598,
        3.429973 -0.703595 1.712598,
        3.600350 -1.019222 1.712598,
        3.594450 -1.033465 1.712598,
        -3.281319 0.841357 1.712598,
        -3.262617 0.860059 1.712598,
        -3.240222 0.874130 1.712598,
        3.307087 0.246063 1.712598,
        3.307087 -0.246063 1.712598,
        3.346457 0.246063 1.712598,
        3.346457 -0.246063 1.712598,
        3.377026 -0.250087 1.712598,
        3.448743 -0.305118 1.712598,
        3.460543 -0.333604 1.712598,
        3.464567 -0.364173 1.712598,
        -3.449659 0.270524 1.712598,
        -3.425197 0.289294 1.712598,
        -3.600350 1.019222 1.712598,
        -3.594450 1.033465 1.712598,
        -3.295390 0.818963 1.712598,
        -3.215259 0.882865 1.712598,
        -3.188976 0.885827 1.712598,
        3.188976 0.885827 1.712598,
        -3.558592 1.060980 1.712598,
        -3.572835 1.055080 1.712598,
        -3.585065 1.045695 1.712598,
        3.248031 -0.734165 0.678092,
        3.248031 -0.722365 0.649606,
        3.248031 -0.767717 0.511811,
        3.248031 -0.703595 0.625145,
        3.248031 -0.679134 0.606375,
        3.248031 -0.650648 0.594576,
        3.248031 -0.305118 0.606375,
        3.248031 -0.280657 0.625145,
        3.248031 0.767717 0.511811,
        3.248031 -0.261887 0.649606,
        3.248031 -0.250087 0.678092,
        3.248031 -0.246063 1.653543,
        3.248031 0.246063 1.653543,
        3.248031 -0.246063 0.708661,
        3.248031 0.246063 0.708661,
        3.248031 -0.738189 0.708661,
        3.248031 -0.767717 1.653543,
        3.248031 -0.738189 1.653543,
        3.248031 0.250087 0.678092,
        3.248031 0.261887 0.649606,
        3.248031 0.280657 0.625145,
        3.248031 0.620079 0.590551,
        3.248031 0.650648 0.594576,
        3.248031 0.679134 0.606375,
        3.248031 0.703595 0.625145,
        3.248031 0.722365 0.649606,
        3.248031 -0.620079 0.590551,
        3.248031 -0.364173 0.590551,
        3.248031 -0.333604 0.594576,
        3.248031 0.738189 1.653543,
        3.248031 0.767717 1.653543,
        3.248031 0.738189 0.708661,
        3.248031 0.734165 0.678092,
        3.248031 0.305118 0.606375,
        3.248031 0.333604 0.594576,
        3.248031 0.364173 0.590551,
        -3.248031 0.767717 1.653543,
        -3.248031 0.305118 1.653543,
        -3.248031 0.767717 0.511811,
        -3.248031 0.305118 0.708661,
        -3.248031 0.301094 0.678092,
        -3.248031 -0.246063 0.606375,
        -3.248031 -0.270524 0.625145,
        -3.248031 -0.767717 0.511811,
        -3.248031 -0.305118 1.653543,
        -3.248031 -0.767717 1.653543,
        -3.248031 -0.305118 0.708661,
        -3.248031 0.289294 0.649606,
        -3.248031 0.270524 0.625145,
        -3.248031 0.246063 0.606375,
        -3.248031 -0.217577 0.594576,
        -3.248031 -0.289294 0.649606,
        -3.248031 -0.301094 0.678092,
        -3.248031 0.217577 0.594576,
        -3.248031 0.187008 0.590551,
        -3.248031 -0.187008 0.590551,
        3.543307 -1.062992 1.476378,
        -3.243255 -1.062992 1.476378,
        3.188976 -0.826772 1.653543,
        3.188976 -0.826772 0.511811,
        -3.188976 -0.826772 1.653543,
        -3.188976 -0.826772 0.511811,
        -3.188976 0.826772 1.653543,
        -3.188976 0.826772 0.511811,
        3.188976 0.826772 1.653543,
        3.188976 0.826772 0.511811,
        -3.307087 -0.246063 1.653543,
        -3.307087 -0.246063 0.708661,
        -3.366142 -0.246063 1.653543,
        -3.366142 -0.246063 0.708661,
        -3.425197 -0.187008 1.653543,
        -3.425197 -0.187008 0.708661,
        -3.425197 0.187008 1.653543,
        -3.425197 0.187008 0.708661,
        -3.366142 0.246063 1.653543,
        -3.366142 0.246063 0.708661,
        -3.307087 0.246063 1.653543,
        -3.307087 0.246063 0.708661,
        -3.307087 -0.187008 0.649606,
        -3.307087 0.187008 0.649606,
        -3.366142 -0.187008 0.649606,
        -3.366142 0.187008 0.649606,
        3.346457 0.305118 1.653543,
        3.346457 0.305118 0.708661,
        3.307087 0.305118 1.653543,
        3.307087 0.305118 0.708661,
        3.307087 0.679134 1.653543,
        3.307087 0.679134 0.708661,
        3.346457 0.679134 1.653543,
        3.346457 0.679134 0.708661,
        3.307087 0.620079 0.649606,
        3.307087 0.364173 0.649606,
        3.346457 0.620079 0.649606,
        3.346457 0.364173 0.649606,
        3.405512 0.620079 1.653543,
        3.405512 0.620079 0.708661,
        3.405512 0.364173 1.653543,
        3.405512 0.364173 0.708661,
        3.307087 -0.305118 1.653543,
        3.307087 -0.305118 0.708661,
        3.346457 -0.305118 1.653543,
        3.346457 -0.305118 0.708661,
        3.346457 -0.679134 1.653543,
        3.346457 -0.679134 0.708661,
        3.307087 -0.679134 1.653543,
        3.307087 -0.679134 0.708661,
        3.307087 -0.620079 0.649606,
        3.346457 -0.620079 0.649606,
        3.307087 -0.364173 0.649606,
        3.346457 -0.364173 0.649606,
        3.405512 -0.364173 1.653543,
        3.405512 -0.364173 0.708661,
        3.405512 -0.620079 1.653543,
        3.405512 -0.620079 0.708661,
        3.361741 -0.677122 0.708661,
        3.361741 -0.677122 1.653543,
        3.375984 -0.671222 0.708661,
        3.375984 -0.671222 1.653543,
        3.388215 -0.661837 0.708661,
        3.388215 -0.661837 1.653543,
        3.397600 -0.649606 0.708661,
        3.397600 -0.649606 1.653543,
        3.403500 -0.635363 0.708661,
        3.403500 -0.635363 1.653543,
        3.361741 -0.307130 1.653543,
        3.361741 -0.307130 0.708661,
        3.375984 -0.313030 1.653543,
        3.375984 -0.313030 0.708661,
        3.388215 -0.322415 1.653543,
        3.388215 -0.322415 0.708661,
        3.397600 -0.334646 1.653543,
        3.397600 -0.334646 0.708661,
        3.403500 -0.348889 1.653543,
        3.403500 -0.348889 0.708661,
        3.361741 -0.364173 0.651619,
        3.361741 -0.620079 0.651619,
        3.375984 -0.364173 0.657518,
        3.375984 -0.620079 0.657518,
        3.388215 -0.364173 0.666903,
        3.388215 -0.620079 0.666903,
        3.397600 -0.364173 0.679134,
        3.397600 -0.620079 0.679134,
        3.403500 -0.364173 0.693377,
        3.403500 -0.620079 0.693377,
        3.357265 -0.630887 0.651619,
        3.354099 -0.633316 0.651619,
        3.361220 -0.645650 0.657518,
        3.361220 -0.624035 0.651619,
        3.359693 -0.627721 0.651619,
        3.374978 -0.627721 0.657518,
        3.372028 -0.634843 0.657518,
        3.367336 -0.640958 0.657518,
        3.357265 -0.660414 0.666903,
        3.354099 -0.648600 0.657518,
        3.350413 -0.634843 0.651619,
        3.386792 -0.630887 0.666903,
        3.382620 -0.640958 0.666903,
        3.375984 -0.649606 0.666903,
        3.367336 -0.656243 0.666903,
        3.346457 -0.671222 0.679134,
        3.346457 -0.661837 0.666903,
        3.346457 -0.649606 0.657518,
        3.346457 -0.635363 0.651619,
        3.395857 -0.633316 0.679134,
        3.390748 -0.645650 0.679134,
        3.382620 -0.656243 0.679134,
        3.372028 -0.664370 0.679134,
        3.359693 -0.669479 0.679134,
        3.346457 -0.677122 0.693377,
        3.361220 -0.675178 0.693377,
        3.374978 -0.669479 0.693377,
        3.386792 -0.660414 0.693377,
        3.395857 -0.648600 0.693377,
        3.401556 -0.634843 0.693377,
        3.357265 -0.353365 0.651619,
        3.359693 -0.356531 0.651619,
        3.372028 -0.349409 0.657518,
        3.350413 -0.349409 0.651619,
        3.346457 -0.348889 0.651619,
        3.354099 -0.350936 0.651619,
        3.346457 -0.334646 0.657518,
        3.354099 -0.335652 0.657518,
        3.361220 -0.338602 0.657518,
        3.367336 -0.343294 0.657518,
        3.386792 -0.353365 0.666903,
        3.374978 -0.356531 0.657518,
        3.361220 -0.360217 0.651619,
        3.346457 -0.322415 0.666903,
        3.357265 -0.323838 0.666903,
        3.367336 -0.328009 0.666903,
        3.375984 -0.334646 0.666903,
        3.382620 -0.343294 0.666903,
        3.346457 -0.313030 0.679134,
        3.359693 -0.314773 0.679134,
        3.372028 -0.319882 0.679134,
        3.382620 -0.328009 0.679134,
        3.390748 -0.338602 0.679134,
        3.395857 -0.350936 0.679134,
        3.401556 -0.349409 0.693377,
        3.395857 -0.335652 0.693377,
        3.386792 -0.323838 0.693377,
        3.374978 -0.314773 0.693377,
        3.361220 -0.309074 0.693377,
        3.346457 -0.307130 0.693377,
        3.307087 -0.635363 0.651619,
        3.307087 -0.649606 0.657518,
        3.307087 -0.661837 0.666903,
        3.307087 -0.671222 0.679134,
        3.307087 -0.677122 0.693377,
        3.291802 -0.681146 0.708661,
        3.291802 -0.681146 1.653543,
        3.277559 -0.687046 0.708661,
        3.277559 -0.687046 1.653543,
        3.265328 -0.696431 0.708661,
        3.265328 -0.696431 1.653543,
        3.255943 -0.708661 0.708661,
        3.255943 -0.708661 1.653543,
        3.250044 -0.722904 0.708661,
        3.250044 -0.722904 1.653543,
        3.291802 -0.303106 1.653543,
        3.291802 -0.303106 0.708661,
        3.277559 -0.297206 1.653543,
        3.277559 -0.297206 0.708661,
        3.265328 -0.287821 1.653543,
        3.265328 -0.287821 0.708661,
        3.255943 -0.275591 1.653543,
        3.255943 -0.275591 0.708661,
        3.250044 -0.261348 1.653543,
        3.250044 -0.261348 0.708661,
        3.307087 -0.348889 0.651619,
        3.307087 -0.334646 0.657518,
        3.307087 -0.322415 0.666903,
        3.307087 -0.313030 0.679134,
        3.307087 -0.307130 0.693377,
        3.250044 -0.620079 0.605836,
        3.250044 -0.646692 0.609339,
        3.255943 -0.620079 0.620079,
        3.255943 -0.643006 0.623097,
        3.265328 -0.620079 0.632309,
        3.265328 -0.639840 0.634911,
        3.277559 -0.620079 0.641694,
        3.277559 -0.637411 0.643976,
        3.291802 -0.620079 0.647594,
        3.291802 -0.635884 0.649675,
        3.250044 -0.671492 0.619612,
        3.255943 -0.664370 0.631946,
        3.265328 -0.658255 0.642539,
        3.277559 -0.653562 0.650666,
        3.291802 -0.650613 0.655776,
        3.250044 -0.692787 0.635953,
        3.255943 -0.682716 0.646024,
        3.265328 -0.674068 0.654672,
        3.277559 -0.667431 0.661309,
        3.291802 -0.663260 0.665480,
        3.250044 -0.709128 0.657248,
        3.255943 -0.696794 0.664370,
        3.265328 -0.686202 0.670485,
        3.277559 -0.678074 0.675178,
        3.291802 -0.672965 0.678128,
        3.250044 -0.719401 0.682048,
        3.255943 -0.705643 0.685735,
        3.265328 -0.693829 0.688900,
        3.277559 -0.684764 0.691329,
        3.291802 -0.679065 0.692856,
        3.250044 -0.264851 0.682048,
        3.255943 -0.278609 0.685735,
        3.265328 -0.290423 0.688900,
        3.277559 -0.299488 0.691329,
        3.291802 -0.305187 0.692856,
        3.250044 -0.275124 0.657248,
        3.255943 -0.287458 0.664370,
        3.265328 -0.298050 0.670485,
        3.277559 -0.306178 0.675178,
        3.291802 -0.311287 0.678128,
        3.250044 -0.291465 0.635953,
        3.255943 -0.301536 0.646024,
        3.265328 -0.310184 0.654672,
        3.277559 -0.316820 0.661309,
        3.291802 -0.320992 0.665480,
        3.250044 -0.312760 0.619612,
        3.255943 -0.319882 0.631946,
        3.265328 -0.325997 0.642539,
        3.277559 -0.330690 0.650666,
        3.291802 -0.333639 0.655776,
        3.250044 -0.337560 0.609339,
        3.255943 -0.341246 0.623097,
        3.265328 -0.344412 0.634911,
        3.277559 -0.346841 0.643976,
        3.291802 -0.348368 0.649675,
        3.250044 -0.364173 0.605836,
        3.255943 -0.364173 0.620079,
        3.265328 -0.364173 0.632309,
        3.277559 -0.364173 0.641694,
        3.291802 -0.364173 0.647594,
        3.291802 0.303106 0.708661,
        3.291802 0.303106 1.653543,
        3.277559 0.297206 0.708661,
        3.277559 0.297206 1.653543,
        3.265328 0.287821 0.708661,
        3.265328 0.287821 1.653543,
        3.255943 0.275591 0.708661,
        3.255943 0.275591 1.653543,
        3.250044 0.261348 0.708661,
        3.250044 0.261348 1.653543,
        3.403500 0.348889 1.653543,
        3.403500 0.348889 0.708661,
        3.397600 0.334646 1.653543,
        3.397600 0.334646 0.708661,
        3.388215 0.322415 1.653543,
        3.388215 0.322415 0.708661,
        3.375984 0.313030 1.653543,
        3.375984 0.313030 0.708661,
        3.361741 0.307130 1.653543,
        3.361741 0.307130 0.708661,
        3.307087 0.307130 0.693377,
        3.346457 0.307130 0.693377,
        3.307087 0.313030 0.679134,
        3.346457 0.313030 0.679134,
        3.307087 0.322415 0.666903,
        3.346457 0.322415 0.666903,
        3.307087 0.334646 0.657518,
        3.346457 0.334646 0.657518,
        3.307087 0.348889 0.651619,
        3.346457 0.348889 0.651619,
        3.250044 0.364173 0.605836,
        3.250044 0.337560 0.609339,
        3.255943 0.364173 0.620079,
        3.255943 0.341246 0.623097,
        3.265328 0.364173 0.632309,
        3.265328 0.344412 0.634911,
        3.277559 0.364173 0.641694,
        3.277559 0.346841 0.643976,
        3.291802 0.364173 0.647594,
        3.291802 0.348368 0.649675,
        3.250044 0.312760 0.619612,
        3.255943 0.319882 0.631946,
        3.265328 0.325997 0.642539,
        3.277559 0.330690 0.650666,
        3.291802 0.333639 0.655776,
        3.250044 0.291465 0.635953,
        3.255943 0.301536 0.646024,
        3.265328 0.310184 0.654672,
        3.277559 0.316820 0.661309,
        3.291802 0.320992 0.665480,
        3.250044 0.275124 0.657248,
        3.255943 0.287458 0.664370,
        3.265328 0.298050 0.670485,
        3.277559 0.306178 0.675178,
        3.291802 0.311287 0.678128,
        3.250044 0.264851 0.682048,
        3.255943 0.278609 0.685735,
        3.265328 0.290423 0.688900,
        3.277559 0.299488 0.691329,
        3.291802 0.305187 0.692856,
        3.357265 0.353365 0.651619,
        3.354099 0.350936 0.651619,
        3.361220 0.338602 0.657518,
        3.361220 0.360217 0.651619,
        3.361741 0.364173 0.651619,
        3.359693 0.356531 0.651619,
        3.375984 0.364173 0.657518,
        3.374978 0.356531 0.657518,
        3.372028 0.349409 0.657518,
        3.367336 0.343294 0.657518,
        3.357265 0.323838 0.666903,
        3.354099 0.335652 0.657518,
        3.350413 0.349409 0.651619,
        3.388215 0.364173 0.666903,
        3.386792 0.353365 0.666903,
        3.382620 0.343294 0.666903,
        3.375984 0.334646 0.666903,
        3.367336 0.328009 0.666903,
        3.397600 0.364173 0.679134,
        3.395857 0.350936 0.679134,
        3.390748 0.338602 0.679134,
        3.382620 0.328009 0.679134,
        3.372028 0.319882 0.679134,
        3.359693 0.314773 0.679134,
        3.361220 0.309074 0.693377,
        3.374978 0.314773 0.693377,
        3.386792 0.323838 0.693377,
        3.395857 0.335652 0.693377,
        3.401556 0.349409 0.693377,
        3.403500 0.364173 0.693377,
        3.291802 0.620079 0.647594,
        3.277559 0.620079 0.641694,
        3.265328 0.620079 0.632309,
        3.255943 0.620079 0.620079,
        3.250044 0.620079 0.605836,
        3.291802 0.681146 1.653543,
        3.291802 0.681146 0.708661,
        3.277559 0.687046 1.653543,
        3.277559 0.687046 0.708661,
        3.265328 0.696431 1.653543,
        3.265328 0.696431 0.708661,
        3.255943 0.708661 1.653543,
        3.255943 0.708661 0.708661,
        3.250044 0.722904 1.653543,
        3.250044 0.722904 0.708661,
        3.403500 0.635363 0.708661,
        3.403500 0.635363 1.653543,
        3.397600 0.649606 0.708661,
        3.397600 0.649606 1.653543,
        3.388215 0.661837 0.708661,
        3.388215 0.661837 1.653543,
        3.375984 0.671222 0.708661,
        3.375984 0.671222 1.653543,
        3.361741 0.677122 0.708661,
        3.361741 0.677122 1.653543,
        3.403500 0.620079 0.693377,
        3.397600 0.620079 0.679134,
        3.388215 0.620079 0.666903,
        3.375984 0.620079 0.657518,
        3.361741 0.620079 0.651619,
        3.250044 0.719401 0.682048,
        3.255943 0.705643 0.685735,
        3.265328 0.693829 0.688900,
        3.277559 0.684764 0.691329,
        3.291802 0.679065 0.692856,
        3.307087 0.677122 0.693377,
        3.250044 0.709128 0.657248,
        3.255943 0.696794 0.664370,
        3.265328 0.686202 0.670485,
        3.277559 0.678074 0.675178,
        3.291802 0.672965 0.678128,
        3.307087 0.671222 0.679134,
        3.250044 0.692787 0.635953,
        3.255943 0.682716 0.646024,
        3.265328 0.674068 0.654672,
        3.277559 0.667431 0.661309,
        3.291802 0.663260 0.665480,
        3.307087 0.661837 0.666903,
        3.250044 0.671492 0.619612,
        3.255943 0.664370 0.631946,
        3.265328 0.658255 0.642539,
        3.277559 0.653562 0.650666,
        3.291802 0.650613 0.655776,
        3.307087 0.649606 0.657518,
        3.250044 0.646692 0.609339,
        3.255943 0.643006 0.623097,
        3.265328 0.639840 0.634911,
        3.277559 0.637411 0.643976,
        3.291802 0.635884 0.649675,
        3.307087 0.635363 0.651619,
        3.357265 0.630887 0.651619,
        3.359693 0.627721 0.651619,
        3.372028 0.634843 0.657518,
        3.350413 0.634843 0.651619,
        3.346457 0.635363 0.651619,
        3.354099 0.633316 0.651619,
        3.346457 0.649606 0.657518,
        3.354099 0.648600 0.657518,
        3.361220 0.645650 0.657518,
        3.367336 0.640958 0.657518,
        3.386792 0.630887 0.666903,
        3.374978 0.627721 0.657518,
        3.361220 0.624035 0.651619,
        3.346457 0.661837 0.666903,
        3.357265 0.660414 0.666903,
        3.367336 0.656243 0.666903,
        3.375984 0.649606 0.666903,
        3.382620 0.640958 0.666903,
        3.346457 0.671222 0.679134,
        3.359693 0.669479 0.679134,
        3.372028 0.664370 0.679134,
        3.382620 0.656243 0.679134,
        3.390748 0.645650 0.679134,
        3.395857 0.633316 0.679134,
        3.401556 0.634843 0.693377,
        3.395857 0.648600 0.693377,
        3.386792 0.660414 0.693377,
        3.374978 0.669479 0.693377,
        3.361220 0.675178 0.693377,
        3.346457 0.677122 0.693377,
        -3.291802 0.248075 0.708661,
        -3.291802 0.248075 1.653543,
        -3.277559 0.253975 0.708661,
        -3.277559 0.253975 1.653543,
        -3.265328 0.263360 0.708661,
        -3.265328 0.263360 1.653543,
        -3.255943 0.275591 0.708661,
        -3.255943 0.275591 1.653543,
        -3.250044 0.289833 0.708661,
        -3.250044 0.289833 1.653543,
        -3.381426 0.244051 0.708661,
        -3.381426 0.244051 1.653543,
        -3.395669 0.238151 0.708661,
        -3.395669 0.238151 1.653543,
        -3.407900 0.228766 0.708661,
        -3.407900 0.228766 1.653543,
        -3.417285 0.216535 0.708661,
        -3.417285 0.216535 1.653543,
        -3.423185 0.202293 0.708661,
        -3.423185 0.202293 1.653543,
        -3.366142 0.202293 0.651619,
        -3.307087 0.202293 0.651619,
        -3.366142 0.216535 0.657518,
        -3.307087 0.216535 0.657518,
        -3.366142 0.228766 0.666903,
        -3.307087 0.228766 0.666903,
        -3.366142 0.238151 0.679134,
        -3.307087 0.238151 0.679134,
        -3.366142 0.244051 0.693377,
        -3.307087 0.244051 0.693377,
        -3.291802 0.245994 0.692856,
        -3.277559 0.251693 0.691329,
        -3.265328 0.260758 0.688900,
        -3.255943 0.272572 0.685735,
        -3.250044 0.286330 0.682048,
        -3.291802 0.239894 0.678128,
        -3.277559 0.245003 0.675178,
        -3.265328 0.253131 0.670485,
        -3.255943 0.263723 0.664370,
        -3.250044 0.276057 0.657248,
        -3.291802 0.230189 0.665480,
        -3.277559 0.234361 0.661309,
        -3.265328 0.240997 0.654672,
        -3.255943 0.249645 0.646024,
        -3.250044 0.259717 0.635953,
        -3.291802 0.217542 0.655776,
        -3.277559 0.220491 0.650666,
        -3.265328 0.225184 0.642539,
        -3.255943 0.231299 0.631946,
        -3.250044 0.238421 0.619612,
        -3.291802 0.202813 0.649675,
        -3.277559 0.204340 0.643976,
        -3.265328 0.206769 0.634911,
        -3.255943 0.209935 0.623097,
        -3.250044 0.213621 0.609339,
        -3.291802 0.187008 0.647594,
        -3.277559 0.187008 0.641694,
        -3.265328 0.187008 0.632309,
        -3.255943 0.187008 0.620079,
        -3.250044 0.187008 0.605836,
        -3.376950 0.197816 0.651619,
        -3.373784 0.200245 0.651619,
        -3.380906 0.212580 0.657518,
        -3.380906 0.190964 0.651619,
        -3.381426 0.187008 0.651619,
        -3.379378 0.194650 0.651619,
        -3.395669 0.187008 0.657518,
        -3.394663 0.194650 0.657518,
        -3.391713 0.201772 0.657518,
        -3.387021 0.207887 0.657518,
        -3.376950 0.227343 0.666903,
        -3.373784 0.215529 0.657518,
        -3.370098 0.201772 0.651619,
        -3.407900 0.187008 0.666903,
        -3.406477 0.197816 0.666903,
        -3.402306 0.207887 0.666903,
        -3.395669 0.216535 0.666903,
        -3.387021 0.223172 0.666903,
        -3.417285 0.187008 0.679134,
        -3.415542 0.200245 0.679134,
        -3.410433 0.212580 0.679134,
        -3.402306 0.223172 0.679134,
        -3.391713 0.231299 0.679134,
        -3.379378 0.236408 0.679134,
        -3.380906 0.242107 0.693377,
        -3.394663 0.236408 0.693377,
        -3.406477 0.227343 0.693377,
        -3.415542 0.215529 0.693377,
        -3.421241 0.201772 0.693377,
        -3.423185 0.187008 0.693377,
        -3.291802 -0.187008 0.647594,
        -3.277559 -0.187008 0.641694,
        -3.265328 -0.187008 0.632309,
        -3.255943 -0.187008 0.620079,
        -3.250044 -0.187008 0.605836,
        -3.291802 -0.248075 1.653543,
        -3.291802 -0.248075 0.708661,
        -3.277559 -0.253975 1.653543,
        -3.277559 -0.253975 0.708661,
        -3.265328 -0.263360 1.653543,
        -3.265328 -0.263360 0.708661,
        -3.255943 -0.275591 1.653543,
        -3.255943 -0.275591 0.708661,
        -3.250044 -0.289833 1.653543,
        -3.250044 -0.289833 0.708661,
        -3.381426 -0.244051 1.653543,
        -3.381426 -0.244051 0.708661,
        -3.395669 -0.238151 1.653543,
        -3.395669 -0.238151 0.708661,
        -3.407900 -0.228766 1.653543,
        -3.407900 -0.228766 0.708661,
        -3.417285 -0.216535 1.653543,
        -3.417285 -0.216535 0.708661,
        -3.423185 -0.202293 1.653543,
        -3.423185 -0.202293 0.708661,
        -3.381426 -0.187008 0.651619,
        -3.395669 -0.187008 0.657518,
        -3.407900 -0.187008 0.666903,
        -3.417285 -0.187008 0.679134,
        -3.423185 -0.187008 0.693377,
        -3.307087 -0.202293 0.651619,
        -3.291802 -0.202813 0.649675,
        -3.277559 -0.204340 0.643976,
        -3.265328 -0.206769 0.634911,
        -3.255943 -0.209935 0.623097,
        -3.250044 -0.213621 0.609339,
        -3.307087 -0.216535 0.657518,
        -3.291802 -0.217542 0.655776,
        -3.277559 -0.220491 0.650666,
        -3.265328 -0.225184 0.642539,
        -3.255943 -0.231299 0.631946,
        -3.250044 -0.238421 0.619612,
        -3.307087 -0.228766 0.666903,
        -3.291802 -0.230189 0.665480,
        -3.277559 -0.234361 0.661309,
        -3.265328 -0.240997 0.654672,
        -3.255943 -0.249645 0.646024,
        -3.250044 -0.259717 0.635953,
        -3.307087 -0.238151 0.679134,
        -3.291802 -0.239894 0.678128,
        -3.277559 -0.245003 0.675178,
        -3.265328 -0.253131 0.670485,
        -3.255943 -0.263723 0.664370,
        -3.250044 -0.276057 0.657248,
        -3.307087 -0.244051 0.693377,
        -3.291802 -0.245994 0.692856,
        -3.277559 -0.251693 0.691329,
        -3.265328 -0.260758 0.688900,
        -3.255943 -0.272572 0.685735,
        -3.250044 -0.286330 0.682048,
        -3.376950 -0.197816 0.651619,
        -3.379378 -0.194650 0.651619,
        -3.391713 -0.201772 0.657518,
        -3.370098 -0.201772 0.651619,
        -3.366142 -0.202293 0.651619,
        -3.373784 -0.200245 0.651619,
        -3.366142 -0.216535 0.657518,
        -3.373784 -0.215529 0.657518,
        -3.380906 -0.212580 0.657518,
        -3.387021 -0.207887 0.657518,
        -3.406477 -0.197816 0.666903,
        -3.394663 -0.194650 0.657518,
        -3.380906 -0.190964 0.651619,
        -3.366142 -0.228766 0.666903,
        -3.376950 -0.227343 0.666903,
        -3.387021 -0.223172 0.666903,
        -3.395669 -0.216535 0.666903,
        -3.402306 -0.207887 0.666903,
        -3.366142 -0.238151 0.679134,
        -3.379378 -0.236408 0.679134,
        -3.391713 -0.231299 0.679134,
        -3.402306 -0.223172 0.679134,
        -3.410433 -0.212580 0.679134,
        -3.415542 -0.200245 0.679134,
        -3.421241 -0.201772 0.693377,
        -3.415542 -0.215529 0.693377,
        -3.406477 -0.227343 0.693377,
        -3.394663 -0.236408 0.693377,
        -3.380906 -0.242107 0.693377,
        -3.366142 -0.244051 0.693377,
        3.204261 0.824759 1.653543,
        3.204261 0.824759 0.511811,
        3.218504 0.818860 1.653543,
        3.218504 0.818860 0.511811,
        3.230735 0.809475 1.653543,
        3.230735 0.809475 0.511811,
        3.240120 0.797244 1.653543,
        3.240120 0.797244 0.511811,
        3.246019 0.783001 1.653543,
        3.246019 0.783001 0.511811,
        -3.202085 0.825046 0.511811,
        -3.202117 0.825291 1.653543,
        -3.204261 0.824759 0.511811,
        -3.214600 0.820923 1.653543,
        -3.214441 0.820543 0.511811,
        -3.218504 0.818860 0.511811,
        -3.225796 0.813888 1.653543,
        -3.225495 0.813495 0.511811,
        -3.230735 0.809475 0.511811,
        -3.235148 0.804537 1.653543,
        -3.234755 0.804235 0.511811,
        -3.242183 0.793340 1.653543,
        -3.241802 0.793182 0.511811,
        -3.240120 0.797244 0.511811,
        -3.246551 0.780857 1.653543,
        -3.246306 0.780825 0.511811,
        -3.246019 0.783001 0.511811,
        3.188976 0.824759 0.496526,
        -3.188976 0.824759 0.496526,
        3.188976 0.818860 0.482283,
        -3.188976 0.818860 0.482283,
        3.188976 0.809475 0.470053,
        -3.188976 0.809475 0.470053,
        3.188976 0.797244 0.460668,
        -3.188976 0.797244 0.460668,
        3.188976 0.783001 0.454768,
        -3.188976 0.783001 0.454768,
        3.199784 0.778524 0.454768,
        3.202213 0.775359 0.454768,
        3.214548 0.782480 0.460668,
        3.192932 0.782480 0.454768,
        3.196619 0.780954 0.454768,
        3.196619 0.796238 0.460668,
        3.203740 0.793288 0.460668,
        3.209856 0.788596 0.460668,
        3.229312 0.778524 0.470053,
        3.217498 0.775359 0.460668,
        3.203740 0.771672 0.454768,
        3.199784 0.808052 0.470053,
        3.209856 0.803880 0.470053,
        3.218504 0.797244 0.470053,
        3.225140 0.788596 0.470053,
        3.240120 0.767717 0.482283,
        3.230735 0.767717 0.470053,
        3.218504 0.767717 0.460668,
        3.204261 0.767717 0.454768,
        3.202213 0.817117 0.482283,
        3.214548 0.812008 0.482283,
        3.225140 0.803880 0.482283,
        3.233268 0.793288 0.482283,
        3.238377 0.780954 0.482283,
        3.246019 0.767717 0.496526,
        3.244076 0.782480 0.496526,
        3.238377 0.796238 0.496526,
        3.229312 0.808052 0.496526,
        3.217498 0.817117 0.496526,
        3.203740 0.822816 0.496526,
        -3.203740 0.822816 0.496526,
        -3.217498 0.817117 0.496526,
        -3.229312 0.808052 0.496526,
        -3.202213 0.775359 0.454768,
        -3.199784 0.778524 0.454768,
        -3.209856 0.788596 0.460668,
        -3.209856 0.803880 0.470053,
        -3.203740 0.793288 0.460668,
        -3.196619 0.780954 0.454768,
        -3.202213 0.817117 0.482283,
        -3.199784 0.808052 0.470053,
        -3.196619 0.796238 0.460668,
        -3.192932 0.782480 0.454768,
        -3.238377 0.796238 0.496526,
        -3.244076 0.782480 0.496526,
        -3.238377 0.780954 0.482283,
        -3.230735 0.767717 0.470053,
        -3.240120 0.767717 0.482283,
        -3.246019 0.767717 0.496526,
        -3.233268 0.793288 0.482283,
        -3.229312 0.778524 0.470053,
        -3.218504 0.767717 0.460668,
        -3.225140 0.803880 0.482283,
        -3.225140 0.788596 0.470053,
        -3.217498 0.775359 0.460668,
        -3.204261 0.767717 0.454768,
        -3.214548 0.812008 0.482283,
        -3.218504 0.797244 0.470053,
        -3.214548 0.782480 0.460668,
        -3.203740 0.771672 0.454768,
        3.204261 -0.767717 0.454768,
        3.246019 -0.767717 0.496526,
        3.240120 -0.767717 0.482283,
        3.230735 -0.767717 0.470053,
        3.218504 -0.767717 0.460668,
        3.204261 -0.824759 0.511811,
        3.204261 -0.824759 1.653543,
        3.218504 -0.818860 0.511811,
        3.218504 -0.818860 1.653543,
        3.230735 -0.809475 0.511811,
        3.230735 -0.809475 1.653543,
        3.240120 -0.797244 0.511811,
        3.240120 -0.797244 1.653543,
        3.246019 -0.783001 0.511811,
        3.246019 -0.783001 1.653543,
        -3.204261 -0.824759 1.653543,
        -3.204261 -0.824759 0.511811,
        -3.218504 -0.818860 1.653543,
        -3.218504 -0.818860 0.511811,
        -3.230735 -0.809475 1.653543,
        -3.230735 -0.809475 0.511811,
        -3.240120 -0.797244 1.653543,
        -3.240120 -0.797244 0.511811,
        -3.246019 -0.783001 1.653543,
        -3.246019 -0.783001 0.511811,
        -3.204261 -0.767717 0.454768,
        -3.218504 -0.767717 0.460668,
        -3.230735 -0.767717 0.470053,
        -3.240120 -0.767717 0.482283,
        -3.246019 -0.767717 0.496526,
        3.199784 -0.778524 0.454768,
        3.196619 -0.780954 0.454768,
        3.203740 -0.793288 0.460668,
        3.203740 -0.771672 0.454768,
        3.202213 -0.775359 0.454768,
        3.217498 -0.775359 0.460668,
        3.214548 -0.782480 0.460668,
        3.209856 -0.788596 0.460668,
        3.199784 -0.808052 0.470053,
        3.196619 -0.796238 0.460668,
        3.192932 -0.782480 0.454768,
        3.229312 -0.778524 0.470053,
        3.225140 -0.788596 0.470053,
        3.218504 -0.797244 0.470053,
        3.209856 -0.803880 0.470053,
        3.188976 -0.818860 0.482283,
        3.188976 -0.809475 0.470053,
        3.188976 -0.797244 0.460668,
        3.188976 -0.783001 0.454768,
        3.238377 -0.780954 0.482283,
        3.233268 -0.793288 0.482283,
        3.225140 -0.803880 0.482283,
        3.214548 -0.812008 0.482283,
        3.202213 -0.817117 0.482283,
        3.188976 -0.824759 0.496526,
        3.203740 -0.822816 0.496526,
        3.217498 -0.817117 0.496526,
        3.229312 -0.808052 0.496526,
        3.238377 -0.796238 0.496526,
        3.244076 -0.782480 0.496526,
        -3.199784 -0.778524 0.454768,
        -3.202213 -0.775359 0.454768,
        -3.214548 -0.782480 0.460668,
        -3.192932 -0.782480 0.454768,
        -3.188976 -0.783001 0.454768,
        -3.196619 -0.780954 0.454768,
        -3.188976 -0.797244 0.460668,
        -3.196619 -0.796238 0.460668,
        -3.203740 -0.793288 0.460668,
        -3.209856 -0.788596 0.460668,
        -3.229312 -0.778524 0.470053,
        -3.217498 -0.775359 0.460668,
        -3.203740 -0.771672 0.454768,
        -3.188976 -0.809475 0.470053,
        -3.199784 -0.808052 0.470053,
        -3.209856 -0.803880 0.470053,
        -3.218504 -0.797244 0.470053,
        -3.225140 -0.788596 0.470053,
        -3.188976 -0.818860 0.482283,
        -3.202213 -0.817117 0.482283,
        -3.214548 -0.812008 0.482283,
        -3.225140 -0.803880 0.482283,
        -3.233268 -0.793288 0.482283,
        -3.238377 -0.780954 0.482283,
        -3.244076 -0.782480 0.496526,
        -3.238377 -0.796238 0.496526,
        -3.229312 -0.808052 0.496526,
        -3.217498 -0.817117 0.496526,
        -3.203740 -0.822816 0.496526,
        -3.188976 -0.824759 0.496526,
        -3.285013 -1.045695 1.476378,
        -3.344069 -0.986640 1.476378,
        -3.344069 -0.986640 0.137795,
        -3.585065 -0.745643 0.137795,
        -3.331838 -0.996025 1.476378,
        3.585065 -0.986640 1.476378,
        3.594450 -0.974409 1.476378,
        3.600350 -0.960167 1.476378,
        3.594450 -1.033465 1.476378,
        3.585065 -1.045695 1.476378,
        3.572835 -0.996025 1.476378,
        3.558592 -1.001925 1.476378,
        3.600350 -1.019222 1.476378,
        -3.254776 -1.061857 1.476378,
        -3.265855 -1.058497 1.476378,
        -3.302310 -1.003937 1.476378,
        3.572835 -1.055080 1.476378,
        3.558592 -1.060980 1.476378,
        3.543307 -1.003937 1.476378,
        -3.317594 -1.001925 1.476378,
        -3.276064 -1.053040 1.476378,
        -2.992126 -1.003937 0.137795,
        -3.302310 -1.003937 0.137795,
        3.600350 0.960167 1.476378,
        -3.585065 0.986640 1.476378,
        -3.594450 0.974409 1.476378,
        -3.600350 0.960167 1.476378,
        -3.594450 1.033465 1.476378,
        -3.585065 1.045695 1.476378,
        -3.572835 0.996025 1.476378,
        -3.558592 1.001925 1.476378,
        -3.600350 1.019222 1.476378,
        3.594450 0.974409 1.476378,
        3.585065 0.986640 1.476378,
        3.600350 1.019222 1.476378,
        3.572835 0.996025 1.476378,
        3.558592 1.001925 1.476378,
        3.585065 1.045695 1.476378,
        3.594450 1.033465 1.476378,
        -3.558592 1.060980 1.476378,
        -3.572835 1.055080 1.476378,
        3.558592 1.060980 1.476378,
        3.572835 1.055080 1.476378,
        3.558592 -1.001925 0.137795,
        3.572835 -0.996025 0.137795,
        3.585065 -0.986640 0.137795,
        3.594450 -0.974409 0.137795,
        3.600350 -0.960167 0.137795,
        3.598407 -0.959646 0.122511,
        3.592708 -0.973404 0.122511,
        3.592708 -0.958119 0.108268,
        3.587598 -0.970454 0.108268,
        3.583642 -0.955690 0.096037,
        3.579471 -0.965761 0.096037,
        3.571828 -0.952524 0.086652,
        3.568879 -0.959646 0.086652,
        3.558071 -0.948838 0.080752,
        3.556544 -0.952524 0.080752,
        3.583642 -0.985217 0.122511,
        3.579471 -0.981046 0.108268,
        3.572835 -0.974409 0.096037,
        3.564186 -0.965761 0.086652,
        3.554115 -0.955690 0.080752,
        3.600350 -0.944882 0.122511,
        3.594450 -0.944882 0.108268,
        3.585065 -0.944882 0.096037,
        3.572835 -0.944882 0.086652,
        3.558592 -0.944882 0.080752,
        3.571828 -0.994282 0.122511,
        3.558071 -0.999981 0.122511,
        3.568879 -0.989173 0.108268,
        3.556544 -0.994282 0.108268,
        3.564186 -0.981046 0.096037,
        3.554115 -0.985217 0.096037,
        3.558071 -0.970454 0.086652,
        3.550949 -0.973404 0.086652,
        3.550949 -0.958119 0.080752,
        3.547263 -0.959646 0.080752,
        3.558592 1.001925 0.137795,
        3.572835 0.996025 0.137795,
        3.585065 0.986640 0.137795,
        3.594450 0.974409 0.137795,
        3.600350 0.960167 0.137795,
        -3.335119 -0.993984 0.137795,
        -3.331719 -0.995802 0.137795,
        -3.324910 -0.999442 0.137795,
        -3.317521 -1.001683 0.137795,
        -3.313831 -1.002802 0.137795,
        -3.302310 -1.001925 0.122511,
        -2.992126 -1.001925 0.122511,
        -3.302310 -0.996025 0.108268,
        -2.992126 -0.996025 0.108268,
        -3.302310 -0.986640 0.096037,
        -2.992126 -0.986640 0.096037,
        -3.302310 -0.974409 0.086652,
        -2.992126 -0.974409 0.086652,
        -3.302310 -0.960167 0.080752,
        -2.992126 -0.960167 0.080752,
        3.558071 0.999981 0.122511,
        3.571828 0.994282 0.122511,
        3.556544 0.994282 0.108268,
        3.568879 0.989173 0.108268,
        3.554115 0.985217 0.096037,
        3.564186 0.981046 0.096037,
        3.550949 0.973404 0.086652,
        3.558071 0.970454 0.086652,
        3.547263 0.959646 0.080752,
        3.550949 0.958119 0.080752,
        3.583642 0.985217 0.122511,
        3.579471 0.981046 0.108268,
        3.572835 0.974409 0.096037,
        3.564186 0.965761 0.086652,
        3.554115 0.955690 0.080752,
        3.592708 0.973404 0.122511,
        3.598407 0.959646 0.122511,
        3.587598 0.970454 0.108268,
        3.592708 0.958119 0.108268,
        3.579471 0.965761 0.096037,
        3.583642 0.955690 0.096037,
        3.568879 0.959646 0.086652,
        3.571828 0.952524 0.086652,
        3.556544 0.952524 0.080752,
        3.558071 0.948838 0.080752,
        -3.334002 -0.992311 0.122511,
        -3.324140 -0.997583 0.122511,
        -3.313439 -1.000829 0.122511,
        -3.312288 -0.995043 0.108268,
        -3.310457 -0.985838 0.096037,
        -3.308070 -0.973842 0.086652,
        -3.305292 -0.959873 0.080752,
        -3.321882 -0.992132 0.108268,
        -3.330724 -0.987406 0.108268,
        -3.318291 -0.983461 0.096037,
        -3.325510 -0.979603 0.096037,
        -3.313610 -0.972162 0.086652,
        -3.318715 -0.969433 0.086652,
        -3.308159 -0.959003 0.080752,
        -3.310802 -0.957591 0.080752,
        -3.342646 -0.985217 0.122511,
        -3.338474 -0.981046 0.108268,
        -3.331838 -0.974409 0.096037,
        -3.323189 -0.965761 0.086652,
        -3.313118 -0.955690 0.080752,
        -3.600881 0.958023 0.137795,
        -3.600156 0.960098 0.137795,
        -3.596514 0.970505 0.137795,
        -3.594170 0.974234 0.137795,
        -3.589478 0.981702 0.137795,
        -3.584803 0.986378 0.137795,
        -3.580127 0.991053 0.137795,
        -3.572659 0.995746 0.137795,
        -3.568930 0.998089 0.137795,
        -3.558524 1.001730 0.137795,
        -3.556448 1.002456 0.137795,
        -3.594450 -0.733413 0.137795,
        -3.592109 -0.736464 0.137795,
        -3.600852 -0.715357 0.137795,
        -3.600350 -0.719170 0.137795,
        -3.597400 -0.726291 0.137795,
        -3.583642 -0.744220 0.122511,
        -3.579471 -0.740049 0.108268,
        -3.572835 -0.733413 0.096037,
        -3.564186 -0.724764 0.086652,
        -3.554115 -0.714693 0.080752,
        -3.546708 0.959783 0.080752,
        -3.549939 0.958653 0.080752,
        -3.552837 0.956832 0.080752,
        -3.555257 0.954412 0.080752,
        -3.557078 0.951514 0.080752,
        -3.558208 0.948283 0.080752,
        -3.572094 0.951452 0.086652,
        -3.584019 0.954174 0.096037,
        -3.593168 0.956262 0.108268,
        -3.598920 0.957575 0.122511,
        -3.594701 0.969632 0.122511,
        -3.587905 0.980448 0.122511,
        -3.578873 0.989480 0.122511,
        -3.568057 0.996276 0.122511,
        -3.556000 1.000494 0.122511,
        -3.589385 0.967072 0.108268,
        -3.583293 0.976769 0.108268,
        -3.575194 0.984867 0.108268,
        -3.565497 0.990960 0.108268,
        -3.554687 0.994743 0.108268,
        -3.580930 0.963000 0.096037,
        -3.575955 0.970918 0.096037,
        -3.569343 0.977530 0.096037,
        -3.561425 0.982505 0.096037,
        -3.552599 0.985593 0.096037,
        -3.569911 0.957693 0.086652,
        -3.566393 0.963292 0.086652,
        -3.561717 0.967967 0.086652,
        -3.556119 0.971485 0.086652,
        -3.549878 0.973669 0.086652,
        -3.600350 -0.703885 0.122511,
        -3.598407 -0.718649 0.122511,
        -3.592708 -0.732406 0.122511,
        -3.587598 -0.729457 0.108268,
        -3.592708 -0.717122 0.108268,
        -3.579471 -0.724764 0.096037,
        -3.583642 -0.714693 0.096037,
        -3.568879 -0.718649 0.086652,
        -3.571828 -0.711527 0.086652,
        -3.556544 -0.711527 0.080752,
        -3.558071 -0.707841 0.080752,
        -3.594450 -0.703885 0.108268,
        -3.585065 -0.703885 0.096037,
        -3.572835 -0.703885 0.086652,
        -3.558592 -0.703885 0.080752,
        -3.558592 -0.501969 0.080752,
        -3.572835 -0.501969 0.086652,
        -3.585065 -0.501969 0.096037,
        -3.594450 -0.501969 0.108268,
        -3.600350 -0.501969 0.122511,
        -2.992126 -0.364173 0.196850,
        -2.992126 -0.501969 0.196850,
        -3.543307 -0.177165 0.118110,
        -3.562992 -0.177165 0.157480,
        -3.425197 -0.177165 0.118110,
        -3.464567 -0.177165 0.157480,
        -3.425197 -0.177165 0.196850,
        -3.560355 -0.177165 0.127953,
        -3.562321 -0.177165 0.132700,
        -3.562992 -0.177165 0.137795,
        -3.548402 -0.177165 0.118781,
        -3.553150 -0.177165 0.120748,
        -3.557227 -0.177165 0.123876,
        -3.464567 0.531496 0.157480,
        -3.562992 0.531496 0.157480,
        -3.562992 0.531496 0.137795,
        -3.553150 0.531496 0.120748,
        -3.557227 0.531496 0.123876,
        -3.562321 0.531496 0.132700,
        -3.560355 0.531496 0.127953,
        -3.548402 0.531496 0.118781,
        -3.543307 0.531496 0.118110,
        -3.425197 0.531496 0.118110,
        -3.425197 0.531496 0.196850,
        3.562321 0.531496 0.132700,
        3.562992 0.531496 0.137795,
        3.543307 0.531496 0.118110,
        3.562992 0.531496 0.157480,
        3.425197 0.531496 0.118110,
        3.464567 0.531496 0.157480,
        3.425197 0.531496 0.196850,
        3.548402 0.531496 0.118781,
        3.553150 0.531496 0.120748,
        3.557227 0.531496 0.123876,
        3.560355 0.531496 0.127953,
        3.543307 -0.177165 0.118110,
        3.425197 -0.177165 0.118110,
        3.464567 -0.177165 0.157480,
        3.425197 -0.177165 0.196850,
        3.553150 -0.177165 0.120748,
        3.562992 -0.177165 0.137795,
        3.557227 -0.177165 0.123876,
        3.562321 -0.177165 0.132700,
        3.560355 -0.177165 0.127953,
        3.562992 -0.177165 0.157480,
        3.548402 -0.177165 0.118781,
        3.425197 0.570866 0.118110,
        3.346457 0.570866 0.118110,
        3.346457 -0.216535 0.118110,
        3.425197 -0.216535 0.118110,
        -3.425197 0.570866 0.118110,
        -3.346457 0.570866 0.118110,
        -3.346457 -0.216535 0.118110,
        -3.425197 -0.216535 0.118110,
      ]
    }
    coordIndex [
      134, 135, 136, -1,
      137, 138, 139, -1,
      140, 141, 142, -1,
      143, 144, 145, -1,
      146, 147, 148, -1,
      149, 150, 151, -1,
      150, 149, 152, -1,
      152, 149, 153, -1,
      152, 153, 154, -1,
      154, 153, 155, -1,
      154, 155, 151, -1,
      151, 155, 156, -1,
      151, 156, 149, -1,
      157, 158, 159, -1,
      159, 158, 153, -1,
      159, 153, 160, -1,
      160, 153, 149, -1,
      160, 149, 161, -1,
      161, 149, 162, -1,
      161, 162, 157, -1,
      157, 162, 158, -1,
      163, 164, 165, -1,
      165, 164, 158, -1,
      165, 158, 166, -1,
      166, 158, 162, -1,
      166, 162, 167, -1,
      167, 162, 168, -1,
      167, 168, 163, -1,
      163, 168, 164, -1,
      169, 170, 171, -1,
      171, 170, 164, -1,
      171, 164, 172, -1,
      172, 164, 168, -1,
      172, 168, 173, -1,
      173, 168, 174, -1,
      173, 174, 169, -1,
      169, 174, 170, -1,
      175, 176, 177, -1,
      176, 175, 178, -1,
      178, 175, 179, -1,
      178, 179, 180, -1,
      180, 179, 170, -1,
      180, 170, 177, -1,
      177, 170, 174, -1,
      177, 174, 175, -1,
      181, 182, 183, -1,
      183, 182, 179, -1,
      183, 179, 184, -1,
      184, 179, 175, -1,
      184, 175, 185, -1,
      185, 175, 186, -1,
      185, 186, 181, -1,
      181, 186, 182, -1,
      187, 188, 189, -1,
      189, 188, 182, -1,
      189, 182, 190, -1,
      190, 182, 186, -1,
      190, 186, 191, -1,
      191, 186, 192, -1,
      191, 192, 187, -1,
      187, 192, 188, -1,
      193, 145, 194, -1,
      194, 145, 188, -1,
      194, 188, 195, -1,
      195, 188, 192, -1,
      195, 192, 196, -1,
      196, 192, 148, -1,
      196, 148, 193, -1,
      193, 148, 145, -1,
      148, 147, 145, -1,
      145, 147, 197, -1,
      145, 197, 198, -1,
      199, 200, 201, -1,
      201, 200, 202, -1,
      202, 200, 203, -1,
      202, 203, 204, -1,
      205, 206, 207, -1,
      207, 206, 201, -1,
      207, 201, 208, -1,
      208, 201, 202, -1,
      208, 202, 209, -1,
      209, 202, 210, -1,
      209, 210, 205, -1,
      205, 210, 206, -1,
      211, 212, 213, -1,
      213, 212, 206, -1,
      213, 206, 214, -1,
      214, 206, 210, -1,
      214, 210, 215, -1,
      215, 210, 216, -1,
      215, 216, 211, -1,
      211, 216, 212, -1,
      217, 218, 219, -1,
      219, 218, 212, -1,
      219, 212, 220, -1,
      220, 212, 216, -1,
      220, 216, 221, -1,
      221, 216, 222, -1,
      221, 222, 217, -1,
      217, 222, 218, -1,
      223, 224, 225, -1,
      225, 224, 218, -1,
      225, 218, 226, -1,
      226, 218, 222, -1,
      226, 222, 227, -1,
      227, 222, 228, -1,
      227, 228, 223, -1,
      223, 228, 224, -1,
      229, 230, 231, -1,
      231, 230, 224, -1,
      231, 224, 232, -1,
      232, 224, 228, -1,
      232, 228, 233, -1,
      233, 228, 234, -1,
      233, 234, 229, -1,
      229, 234, 230, -1,
      235, 236, 237, -1,
      236, 235, 238, -1,
      238, 235, 239, -1,
      238, 239, 240, -1,
      240, 239, 230, -1,
      240, 230, 237, -1,
      237, 230, 234, -1,
      237, 234, 235, -1,
      241, 153, 242, -1,
      242, 153, 243, -1,
      242, 243, 244, -1,
      244, 243, 245, -1,
      244, 245, 246, -1,
      246, 245, 155, -1,
      246, 155, 241, -1,
      241, 155, 153, -1,
      247, 158, 248, -1,
      248, 158, 249, -1,
      248, 249, 250, -1,
      250, 249, 243, -1,
      250, 243, 251, -1,
      251, 243, 153, -1,
      251, 153, 247, -1,
      247, 153, 158, -1,
      252, 164, 253, -1,
      253, 164, 254, -1,
      253, 254, 255, -1,
      255, 254, 249, -1,
      255, 249, 256, -1,
      256, 249, 158, -1,
      256, 158, 252, -1,
      252, 158, 164, -1,
      257, 170, 258, -1,
      258, 170, 259, -1,
      258, 259, 260, -1,
      260, 259, 254, -1,
      260, 254, 261, -1,
      261, 254, 164, -1,
      261, 164, 257, -1,
      257, 164, 170, -1,
      262, 179, 263, -1,
      263, 179, 264, -1,
      263, 264, 265, -1,
      265, 264, 259, -1,
      265, 259, 266, -1,
      266, 259, 170, -1,
      266, 170, 262, -1,
      262, 170, 179, -1,
      267, 182, 268, -1,
      268, 182, 269, -1,
      268, 269, 270, -1,
      270, 269, 264, -1,
      270, 264, 271, -1,
      271, 264, 179, -1,
      271, 179, 267, -1,
      267, 179, 182, -1,
      272, 188, 273, -1,
      273, 188, 274, -1,
      273, 274, 275, -1,
      275, 274, 269, -1,
      275, 269, 276, -1,
      276, 269, 182, -1,
      276, 182, 272, -1,
      272, 182, 188, -1,
      277, 145, 278, -1,
      278, 145, 142, -1,
      278, 142, 279, -1,
      279, 142, 274, -1,
      279, 274, 280, -1,
      280, 274, 188, -1,
      280, 188, 277, -1,
      277, 188, 145, -1,
      281, 282, 283, -1,
      145, 144, 142, -1,
      142, 144, 284, -1,
      142, 284, 285, -1,
      283, 282, 201, -1,
      201, 282, 286, -1,
      201, 286, 287, -1,
      288, 206, 289, -1,
      289, 206, 290, -1,
      289, 290, 291, -1,
      291, 290, 283, -1,
      291, 283, 292, -1,
      292, 283, 201, -1,
      292, 201, 288, -1,
      288, 201, 206, -1,
      293, 212, 294, -1,
      294, 212, 295, -1,
      294, 295, 296, -1,
      296, 295, 290, -1,
      296, 290, 297, -1,
      297, 290, 206, -1,
      297, 206, 293, -1,
      293, 206, 212, -1,
      298, 218, 299, -1,
      299, 218, 300, -1,
      299, 300, 301, -1,
      301, 300, 295, -1,
      301, 295, 302, -1,
      302, 295, 212, -1,
      302, 212, 298, -1,
      298, 212, 218, -1,
      303, 224, 304, -1,
      304, 224, 305, -1,
      304, 305, 306, -1,
      306, 305, 300, -1,
      306, 300, 307, -1,
      307, 300, 218, -1,
      307, 218, 303, -1,
      303, 218, 224, -1,
      308, 230, 309, -1,
      309, 230, 310, -1,
      309, 310, 311, -1,
      311, 310, 305, -1,
      311, 305, 312, -1,
      312, 305, 224, -1,
      312, 224, 308, -1,
      308, 224, 230, -1,
      313, 239, 314, -1,
      314, 239, 315, -1,
      314, 315, 316, -1,
      316, 315, 310, -1,
      316, 310, 317, -1,
      317, 310, 230, -1,
      317, 230, 313, -1,
      313, 230, 239, -1,
      318, 319, 320, -1,
      320, 319, 321, -1,
      320, 321, 322, -1,
      322, 321, 245, -1,
      322, 245, 323, -1,
      323, 245, 243, -1,
      323, 243, 318, -1,
      318, 243, 319, -1,
      324, 325, 326, -1,
      326, 325, 319, -1,
      326, 319, 327, -1,
      327, 319, 243, -1,
      327, 243, 328, -1,
      328, 243, 249, -1,
      328, 249, 324, -1,
      324, 249, 325, -1,
      329, 330, 331, -1,
      331, 330, 325, -1,
      331, 325, 332, -1,
      332, 325, 249, -1,
      332, 249, 333, -1,
      333, 249, 254, -1,
      333, 254, 329, -1,
      329, 254, 330, -1,
      334, 335, 336, -1,
      336, 335, 330, -1,
      336, 330, 337, -1,
      337, 330, 254, -1,
      337, 254, 338, -1,
      338, 254, 259, -1,
      338, 259, 334, -1,
      334, 259, 335, -1,
      339, 340, 341, -1,
      341, 340, 335, -1,
      341, 335, 342, -1,
      342, 335, 259, -1,
      342, 259, 343, -1,
      343, 259, 264, -1,
      343, 264, 339, -1,
      339, 264, 340, -1,
      344, 345, 346, -1,
      346, 345, 340, -1,
      346, 340, 347, -1,
      347, 340, 264, -1,
      347, 264, 348, -1,
      348, 264, 269, -1,
      348, 269, 344, -1,
      344, 269, 345, -1,
      349, 350, 351, -1,
      351, 350, 345, -1,
      351, 345, 352, -1,
      352, 345, 269, -1,
      352, 269, 353, -1,
      353, 269, 274, -1,
      353, 274, 349, -1,
      349, 274, 350, -1,
      354, 139, 355, -1,
      355, 139, 350, -1,
      355, 350, 356, -1,
      356, 350, 274, -1,
      356, 274, 357, -1,
      357, 274, 142, -1,
      357, 142, 354, -1,
      354, 142, 139, -1,
      142, 141, 139, -1,
      139, 141, 358, -1,
      139, 358, 359, -1,
      360, 361, 362, -1,
      362, 361, 283, -1,
      283, 361, 363, -1,
      283, 363, 364, -1,
      365, 366, 367, -1,
      367, 366, 362, -1,
      367, 362, 368, -1,
      368, 362, 283, -1,
      368, 283, 369, -1,
      369, 283, 290, -1,
      369, 290, 365, -1,
      365, 290, 366, -1,
      370, 371, 372, -1,
      372, 371, 366, -1,
      372, 366, 373, -1,
      373, 366, 290, -1,
      373, 290, 374, -1,
      374, 290, 295, -1,
      374, 295, 370, -1,
      370, 295, 371, -1,
      375, 376, 377, -1,
      377, 376, 371, -1,
      377, 371, 378, -1,
      378, 371, 295, -1,
      378, 295, 379, -1,
      379, 295, 300, -1,
      379, 300, 375, -1,
      375, 300, 376, -1,
      380, 381, 382, -1,
      382, 381, 376, -1,
      382, 376, 383, -1,
      383, 376, 300, -1,
      383, 300, 384, -1,
      384, 300, 305, -1,
      384, 305, 380, -1,
      380, 305, 381, -1,
      385, 386, 387, -1,
      387, 386, 381, -1,
      387, 381, 388, -1,
      388, 381, 305, -1,
      388, 305, 389, -1,
      389, 305, 310, -1,
      389, 310, 385, -1,
      385, 310, 386, -1,
      390, 391, 392, -1,
      392, 391, 386, -1,
      392, 386, 393, -1,
      393, 386, 310, -1,
      393, 310, 394, -1,
      394, 310, 315, -1,
      394, 315, 390, -1,
      390, 315, 391, -1,
      395, 136, 396, -1,
      396, 136, 135, -1,
      396, 135, 397, -1,
      397, 135, 321, -1,
      397, 321, 398, -1,
      398, 321, 319, -1,
      398, 319, 395, -1,
      395, 319, 136, -1,
      399, 400, 401, -1,
      401, 400, 136, -1,
      401, 136, 402, -1,
      402, 136, 319, -1,
      402, 319, 403, -1,
      403, 319, 325, -1,
      403, 325, 399, -1,
      399, 325, 400, -1,
      404, 405, 406, -1,
      406, 405, 400, -1,
      406, 400, 407, -1,
      407, 400, 325, -1,
      407, 325, 408, -1,
      408, 325, 330, -1,
      408, 330, 404, -1,
      404, 330, 405, -1,
      409, 410, 411, -1,
      411, 410, 405, -1,
      411, 405, 412, -1,
      412, 405, 330, -1,
      412, 330, 413, -1,
      413, 330, 335, -1,
      413, 335, 409, -1,
      409, 335, 410, -1,
      414, 415, 416, -1,
      416, 415, 410, -1,
      416, 410, 417, -1,
      417, 410, 335, -1,
      417, 335, 418, -1,
      418, 335, 340, -1,
      418, 340, 414, -1,
      414, 340, 415, -1,
      419, 420, 421, -1,
      421, 420, 415, -1,
      421, 415, 422, -1,
      422, 415, 340, -1,
      422, 340, 423, -1,
      423, 340, 345, -1,
      423, 345, 419, -1,
      419, 345, 420, -1,
      424, 425, 426, -1,
      426, 425, 420, -1,
      426, 420, 427, -1,
      427, 420, 345, -1,
      427, 345, 428, -1,
      428, 345, 350, -1,
      428, 350, 424, -1,
      424, 350, 425, -1,
      429, 430, 431, -1,
      431, 430, 425, -1,
      431, 425, 432, -1,
      432, 425, 350, -1,
      432, 350, 433, -1,
      433, 350, 139, -1,
      433, 139, 429, -1,
      429, 139, 430, -1,
      434, 435, 436, -1,
      139, 138, 430, -1,
      430, 138, 437, -1,
      430, 437, 438, -1,
      436, 435, 362, -1,
      362, 435, 439, -1,
      362, 439, 440, -1,
      148, 202, 146, -1,
      146, 202, 204, -1,
      146, 204, 198, -1,
      198, 204, 199, -1,
      198, 199, 145, -1,
      145, 199, 201, -1,
      145, 201, 143, -1,
      143, 201, 287, -1,
      143, 287, 285, -1,
      285, 287, 281, -1,
      285, 281, 142, -1,
      142, 281, 283, -1,
      142, 283, 140, -1,
      140, 283, 364, -1,
      140, 364, 359, -1,
      359, 364, 360, -1,
      359, 360, 139, -1,
      139, 360, 362, -1,
      139, 362, 137, -1,
      137, 362, 440, -1,
      137, 440, 438, -1,
      438, 440, 434, -1,
      438, 434, 430, -1,
      430, 434, 436, -1,
      441, 442, 443, -1,
      443, 442, 436, -1,
      443, 436, 444, -1,
      444, 436, 362, -1,
      444, 362, 445, -1,
      445, 362, 366, -1,
      445, 366, 441, -1,
      441, 366, 442, -1,
      446, 447, 448, -1,
      448, 447, 442, -1,
      448, 442, 449, -1,
      449, 442, 366, -1,
      449, 366, 450, -1,
      450, 366, 371, -1,
      450, 371, 446, -1,
      446, 371, 447, -1,
      451, 452, 453, -1,
      453, 452, 447, -1,
      453, 447, 454, -1,
      454, 447, 371, -1,
      454, 371, 455, -1,
      455, 371, 376, -1,
      455, 376, 451, -1,
      451, 376, 452, -1,
      456, 457, 458, -1,
      458, 457, 452, -1,
      458, 452, 459, -1,
      459, 452, 376, -1,
      459, 376, 460, -1,
      460, 376, 381, -1,
      460, 381, 456, -1,
      456, 381, 457, -1,
      461, 462, 463, -1,
      463, 462, 457, -1,
      463, 457, 464, -1,
      464, 457, 381, -1,
      464, 381, 465, -1,
      465, 381, 386, -1,
      465, 386, 461, -1,
      461, 386, 462, -1,
      466, 467, 468, -1,
      468, 467, 462, -1,
      468, 462, 469, -1,
      469, 462, 386, -1,
      469, 386, 470, -1,
      470, 386, 391, -1,
      470, 391, 466, -1,
      466, 391, 467, -1,
      235, 471, 239, -1,
      239, 471, 472, -1,
      239, 472, 315, -1,
      315, 472, 473, -1,
      315, 473, 391, -1,
      391, 473, 474, -1,
      391, 474, 467, -1,
      467, 474, 475, -1,
      134, 136, 476, -1,
      476, 136, 400, -1,
      476, 400, 477, -1,
      477, 400, 405, -1,
      477, 405, 478, -1,
      478, 405, 410, -1,
      478, 410, 479, -1,
      479, 410, 415, -1,
      479, 415, 480, -1,
      480, 415, 420, -1,
      480, 420, 481, -1,
      481, 420, 425, -1,
      481, 425, 482, -1,
      482, 425, 430, -1,
      482, 430, 483, -1,
      483, 430, 436, -1,
      483, 436, 484, -1,
      484, 436, 442, -1,
      484, 442, 485, -1,
      485, 442, 447, -1,
      485, 447, 486, -1,
      486, 447, 452, -1,
      486, 452, 487, -1,
      487, 452, 457, -1,
      487, 457, 488, -1,
      488, 457, 462, -1,
      488, 462, 489, -1,
      489, 462, 467, -1,
      489, 467, 490, -1,
      490, 467, 475, -1,
      490, 475, 491, -1,
      492, 493, 494, -1,
      494, 493, 495, -1,
      492, 496, 493, -1,
      493, 496, 497, -1,
      493, 497, 498, -1,
      499, 500, 501, -1,
      502, 503, 501, -1,
      501, 503, 504, -1,
      504, 505, 501, -1,
      501, 505, 506, -1,
      501, 506, 499, -1,
      507, 508, 509, -1,
      509, 508, 510, -1,
      508, 511, 512, -1,
      513, 514, 508, -1,
      508, 514, 515, -1,
      508, 515, 511, -1,
      512, 516, 508, -1,
      508, 516, 517, -1,
      508, 517, 510, -1,
      518, 519, 520, -1,
      520, 519, 521, -1,
      522, 523, 519, -1,
      519, 523, 524, -1,
      519, 524, 521, -1,
      525, 526, 527, -1,
      528, 529, 527, -1,
      527, 529, 530, -1,
      530, 531, 527, -1,
      527, 531, 532, -1,
      527, 532, 525, -1,
      533, 534, 535, -1,
      535, 534, 536, -1,
      535, 536, 537, -1,
      538, 539, 540, -1,
      540, 539, 535, -1,
      540, 535, 541, -1,
      537, 542, 535, -1,
      535, 542, 543, -1,
      535, 543, 541, -1,
      535, 508, 533, -1,
      533, 508, 507, -1,
      495, 493, 518, -1,
      518, 493, 519, -1,
      544, 545, 546, -1,
      546, 545, 547, -1,
      544, 548, 545, -1,
      545, 548, 549, -1,
      545, 549, 550, -1,
      551, 552, 553, -1,
      554, 555, 553, -1,
      553, 555, 556, -1,
      556, 557, 553, -1,
      553, 557, 558, -1,
      553, 558, 551, -1,
      559, 560, 561, -1,
      561, 560, 562, -1,
      561, 562, 563, -1,
      563, 564, 561, -1,
      561, 564, 565, -1,
      561, 565, 566, -1,
      567, 568, 561, -1,
      561, 568, 569, -1,
      561, 569, 559, -1,
      570, 571, 572, -1,
      572, 571, 573, -1,
      574, 575, 571, -1,
      571, 575, 576, -1,
      571, 576, 573, -1,
      577, 578, 579, -1,
      580, 581, 579, -1,
      579, 581, 582, -1,
      582, 583, 579, -1,
      579, 583, 584, -1,
      579, 584, 577, -1,
      585, 586, 587, -1,
      587, 586, 588, -1,
      585, 589, 586, -1,
      586, 589, 590, -1,
      586, 590, 591, -1,
      592, 593, 594, -1,
      594, 593, 586, -1,
      594, 586, 595, -1,
      595, 586, 591, -1,
      586, 561, 588, -1,
      588, 561, 566, -1,
      547, 545, 570, -1,
      570, 545, 571, -1,
      596, 597, 598, -1,
      598, 597, 599, -1,
      596, 600, 597, -1,
      597, 600, 601, -1,
      597, 601, 602, -1,
      603, 604, 605, -1,
      606, 607, 605, -1,
      605, 607, 608, -1,
      608, 609, 605, -1,
      605, 609, 610, -1,
      605, 610, 603, -1,
      611, 612, 613, -1,
      613, 612, 614, -1,
      613, 614, 615, -1,
      615, 616, 613, -1,
      613, 616, 617, -1,
      613, 617, 618, -1,
      619, 620, 613, -1,
      613, 620, 621, -1,
      613, 621, 611, -1,
      622, 623, 624, -1,
      624, 623, 625, -1,
      626, 627, 623, -1,
      623, 627, 628, -1,
      623, 628, 625, -1,
      629, 630, 631, -1,
      632, 633, 631, -1,
      631, 633, 634, -1,
      634, 635, 631, -1,
      631, 635, 636, -1,
      631, 636, 629, -1,
      637, 638, 639, -1,
      639, 638, 640, -1,
      637, 641, 638, -1,
      638, 641, 642, -1,
      638, 642, 643, -1,
      644, 645, 646, -1,
      646, 645, 638, -1,
      646, 638, 647, -1,
      647, 638, 643, -1,
      638, 613, 640, -1,
      640, 613, 618, -1,
      599, 597, 622, -1,
      622, 597, 623, -1,
      648, 649, 650, -1,
      650, 649, 651, -1,
      648, 652, 649, -1,
      649, 652, 653, -1,
      649, 653, 654, -1,
      655, 656, 657, -1,
      658, 659, 657, -1,
      657, 659, 660, -1,
      660, 661, 657, -1,
      657, 661, 662, -1,
      657, 662, 655, -1,
      663, 664, 665, -1,
      665, 664, 666, -1,
      665, 666, 667, -1,
      667, 668, 665, -1,
      665, 668, 669, -1,
      665, 669, 670, -1,
      671, 672, 665, -1,
      665, 672, 673, -1,
      665, 673, 663, -1,
      674, 675, 676, -1,
      676, 675, 677, -1,
      678, 679, 675, -1,
      675, 679, 680, -1,
      675, 680, 677, -1,
      681, 682, 683, -1,
      684, 685, 683, -1,
      683, 685, 686, -1,
      686, 687, 683, -1,
      683, 687, 688, -1,
      683, 688, 681, -1,
      689, 690, 691, -1,
      691, 690, 692, -1,
      689, 693, 690, -1,
      690, 693, 694, -1,
      690, 694, 695, -1,
      696, 697, 698, -1,
      698, 697, 690, -1,
      698, 690, 699, -1,
      699, 690, 695, -1,
      690, 665, 692, -1,
      692, 665, 670, -1,
      651, 649, 674, -1,
      674, 649, 675, -1,
      700, 701, 702, -1,
      702, 701, 703, -1,
      700, 704, 701, -1,
      701, 704, 705, -1,
      701, 705, 706, -1,
      707, 708, 709, -1,
      710, 711, 709, -1,
      709, 711, 712, -1,
      712, 713, 709, -1,
      709, 713, 714, -1,
      709, 714, 707, -1,
      715, 716, 717, -1,
      717, 716, 718, -1,
      717, 718, 719, -1,
      719, 720, 717, -1,
      717, 720, 721, -1,
      717, 721, 722, -1,
      723, 724, 717, -1,
      717, 724, 725, -1,
      717, 725, 715, -1,
      726, 727, 728, -1,
      728, 727, 729, -1,
      730, 731, 727, -1,
      727, 731, 732, -1,
      727, 732, 729, -1,
      733, 734, 735, -1,
      736, 737, 735, -1,
      735, 737, 738, -1,
      738, 739, 735, -1,
      735, 739, 740, -1,
      735, 740, 733, -1,
      741, 742, 743, -1,
      743, 742, 744, -1,
      741, 745, 742, -1,
      742, 745, 746, -1,
      742, 746, 747, -1,
      748, 749, 750, -1,
      750, 749, 742, -1,
      750, 742, 751, -1,
      751, 742, 747, -1,
      742, 717, 744, -1,
      744, 717, 722, -1,
      703, 701, 726, -1,
      726, 701, 727, -1,
      752, 753, 754, -1,
      754, 753, 755, -1,
      752, 756, 753, -1,
      753, 756, 757, -1,
      753, 757, 758, -1,
      759, 760, 761, -1,
      762, 763, 761, -1,
      761, 763, 764, -1,
      764, 765, 761, -1,
      761, 765, 766, -1,
      761, 766, 759, -1,
      767, 768, 769, -1,
      769, 768, 770, -1,
      768, 771, 772, -1,
      773, 774, 768, -1,
      768, 774, 775, -1,
      768, 775, 771, -1,
      772, 776, 768, -1,
      768, 776, 777, -1,
      768, 777, 770, -1,
      778, 779, 780, -1,
      780, 779, 781, -1,
      782, 783, 779, -1,
      779, 783, 784, -1,
      779, 784, 781, -1,
      785, 786, 787, -1,
      788, 789, 787, -1,
      787, 789, 790, -1,
      790, 791, 787, -1,
      787, 791, 792, -1,
      787, 792, 785, -1,
      793, 794, 795, -1,
      795, 794, 796, -1,
      795, 796, 797, -1,
      798, 799, 800, -1,
      800, 799, 795, -1,
      800, 795, 801, -1,
      797, 802, 795, -1,
      795, 802, 803, -1,
      795, 803, 801, -1,
      795, 768, 793, -1,
      793, 768, 767, -1,
      755, 753, 778, -1,
      778, 753, 779, -1,
      804, 805, 806, -1,
      806, 805, 807, -1,
      804, 808, 805, -1,
      805, 808, 809, -1,
      805, 809, 810, -1,
      811, 812, 813, -1,
      814, 815, 813, -1,
      813, 815, 816, -1,
      816, 817, 813, -1,
      813, 817, 818, -1,
      813, 818, 811, -1,
      819, 820, 821, -1,
      821, 820, 822, -1,
      820, 823, 824, -1,
      825, 826, 820, -1,
      820, 826, 827, -1,
      820, 827, 823, -1,
      824, 828, 820, -1,
      820, 828, 829, -1,
      820, 829, 822, -1,
      830, 831, 832, -1,
      832, 831, 833, -1,
      834, 835, 831, -1,
      831, 835, 836, -1,
      831, 836, 833, -1,
      837, 838, 839, -1,
      840, 841, 839, -1,
      839, 841, 842, -1,
      842, 843, 839, -1,
      839, 843, 844, -1,
      839, 844, 837, -1,
      845, 846, 847, -1,
      847, 846, 848, -1,
      847, 848, 849, -1,
      850, 851, 852, -1,
      852, 851, 847, -1,
      852, 847, 853, -1,
      849, 854, 847, -1,
      847, 854, 855, -1,
      847, 855, 853, -1,
      847, 820, 845, -1,
      845, 820, 819, -1,
      807, 805, 830, -1,
      830, 805, 831, -1,
      856, 857, 858, -1,
      858, 857, 859, -1,
      856, 860, 857, -1,
      857, 860, 861, -1,
      857, 861, 862, -1,
      863, 864, 865, -1,
      866, 867, 865, -1,
      865, 867, 868, -1,
      868, 869, 865, -1,
      865, 869, 870, -1,
      865, 870, 863, -1,
      871, 872, 873, -1,
      873, 872, 874, -1,
      872, 875, 876, -1,
      877, 878, 872, -1,
      872, 878, 879, -1,
      872, 879, 875, -1,
      876, 880, 872, -1,
      872, 880, 881, -1,
      872, 881, 874, -1,
      882, 883, 884, -1,
      884, 883, 885, -1,
      886, 887, 883, -1,
      883, 887, 888, -1,
      883, 888, 885, -1,
      889, 890, 891, -1,
      892, 893, 891, -1,
      891, 893, 894, -1,
      894, 895, 891, -1,
      891, 895, 896, -1,
      891, 896, 889, -1,
      897, 898, 899, -1,
      899, 898, 900, -1,
      899, 900, 901, -1,
      902, 903, 904, -1,
      904, 903, 899, -1,
      904, 899, 905, -1,
      901, 906, 899, -1,
      899, 906, 907, -1,
      899, 907, 905, -1,
      899, 872, 897, -1,
      897, 872, 871, -1,
      859, 857, 882, -1,
      882, 857, 883, -1,
      908, 909, 910, -1,
      910, 909, 911, -1,
      908, 912, 909, -1,
      909, 912, 913, -1,
      909, 913, 914, -1,
      915, 916, 917, -1,
      918, 919, 917, -1,
      917, 919, 920, -1,
      920, 921, 917, -1,
      917, 921, 922, -1,
      917, 922, 915, -1,
      923, 924, 925, -1,
      925, 924, 926, -1,
      924, 927, 928, -1,
      929, 930, 924, -1,
      924, 930, 931, -1,
      924, 931, 927, -1,
      928, 932, 924, -1,
      924, 932, 933, -1,
      924, 933, 926, -1,
      934, 935, 936, -1,
      936, 935, 937, -1,
      938, 939, 935, -1,
      935, 939, 940, -1,
      935, 940, 937, -1,
      941, 942, 943, -1,
      944, 945, 943, -1,
      943, 945, 946, -1,
      946, 947, 943, -1,
      943, 947, 948, -1,
      943, 948, 941, -1,
      949, 950, 951, -1,
      951, 950, 952, -1,
      951, 952, 953, -1,
      954, 955, 956, -1,
      956, 955, 951, -1,
      956, 951, 957, -1,
      953, 958, 951, -1,
      951, 958, 959, -1,
      951, 959, 957, -1,
      951, 924, 949, -1,
      949, 924, 923, -1,
      911, 909, 934, -1,
      934, 909, 935, -1,
      960, 961, 962, -1,
      962, 961, 963, -1,
      960, 964, 961, -1,
      961, 964, 965, -1,
      961, 965, 966, -1,
      967, 968, 969, -1,
      970, 971, 969, -1,
      969, 971, 972, -1,
      972, 973, 969, -1,
      969, 973, 974, -1,
      969, 974, 967, -1,
      975, 976, 977, -1,
      977, 976, 978, -1,
      977, 978, 979, -1,
      979, 980, 977, -1,
      977, 980, 981, -1,
      977, 981, 982, -1,
      983, 984, 977, -1,
      977, 984, 985, -1,
      977, 985, 975, -1,
      986, 987, 988, -1,
      988, 987, 989, -1,
      990, 991, 987, -1,
      987, 991, 992, -1,
      987, 992, 989, -1,
      993, 994, 995, -1,
      996, 997, 995, -1,
      995, 997, 998, -1,
      998, 999, 995, -1,
      995, 999, 1000, -1,
      995, 1000, 993, -1,
      1001, 1002, 1003, -1,
      1003, 1002, 1004, -1,
      1001, 1005, 1002, -1,
      1002, 1005, 1006, -1,
      1002, 1006, 1007, -1,
      1008, 1009, 1010, -1,
      1010, 1009, 1002, -1,
      1010, 1002, 1011, -1,
      1011, 1002, 1007, -1,
      1002, 977, 1004, -1,
      1004, 977, 982, -1,
      963, 961, 986, -1,
      986, 961, 987, -1,
      1012, 1013, 1014, -1,
      1014, 1013, 1015, -1,
      1012, 1016, 1013, -1,
      1013, 1016, 1017, -1,
      1013, 1017, 1018, -1,
      1019, 1020, 1021, -1,
      1022, 1023, 1021, -1,
      1021, 1023, 1024, -1,
      1024, 1025, 1021, -1,
      1021, 1025, 1026, -1,
      1021, 1026, 1019, -1,
      1027, 1028, 1029, -1,
      1029, 1028, 1030, -1,
      1029, 1030, 1031, -1,
      1031, 1032, 1029, -1,
      1029, 1032, 1033, -1,
      1029, 1033, 1034, -1,
      1035, 1036, 1029, -1,
      1029, 1036, 1037, -1,
      1029, 1037, 1027, -1,
      1038, 1039, 1040, -1,
      1040, 1039, 1041, -1,
      1042, 1043, 1039, -1,
      1039, 1043, 1044, -1,
      1039, 1044, 1041, -1,
      1045, 1046, 1047, -1,
      1048, 1049, 1047, -1,
      1047, 1049, 1050, -1,
      1050, 1051, 1047, -1,
      1047, 1051, 1052, -1,
      1047, 1052, 1045, -1,
      1053, 1054, 1055, -1,
      1055, 1054, 1056, -1,
      1053, 1057, 1054, -1,
      1054, 1057, 1058, -1,
      1054, 1058, 1059, -1,
      1060, 1061, 1062, -1,
      1062, 1061, 1054, -1,
      1062, 1054, 1063, -1,
      1063, 1054, 1059, -1,
      1054, 1029, 1056, -1,
      1056, 1029, 1034, -1,
      1015, 1013, 1038, -1,
      1038, 1013, 1039, -1,
      1064, 1065, 1066, -1,
      1066, 1065, 1067, -1,
      1064, 1068, 1065, -1,
      1065, 1068, 1069, -1,
      1065, 1069, 1070, -1,
      1071, 1072, 1073, -1,
      1074, 1075, 1073, -1,
      1073, 1075, 1076, -1,
      1076, 1077, 1073, -1,
      1073, 1077, 1078, -1,
      1073, 1078, 1071, -1,
      1079, 1080, 1081, -1,
      1081, 1080, 1082, -1,
      1081, 1082, 1083, -1,
      1083, 1084, 1081, -1,
      1081, 1084, 1085, -1,
      1081, 1085, 1086, -1,
      1087, 1088, 1081, -1,
      1081, 1088, 1089, -1,
      1081, 1089, 1079, -1,
      1090, 1091, 1092, -1,
      1092, 1091, 1093, -1,
      1094, 1095, 1091, -1,
      1091, 1095, 1096, -1,
      1091, 1096, 1093, -1,
      1097, 1098, 1099, -1,
      1100, 1101, 1099, -1,
      1099, 1101, 1102, -1,
      1102, 1103, 1099, -1,
      1099, 1103, 1104, -1,
      1099, 1104, 1097, -1,
      1105, 1106, 1107, -1,
      1107, 1106, 1108, -1,
      1105, 1109, 1106, -1,
      1106, 1109, 1110, -1,
      1106, 1110, 1111, -1,
      1112, 1113, 1114, -1,
      1114, 1113, 1106, -1,
      1114, 1106, 1115, -1,
      1115, 1106, 1111, -1,
      1106, 1081, 1108, -1,
      1108, 1081, 1086, -1,
      1067, 1065, 1090, -1,
      1090, 1065, 1091, -1,
      1116, 1117, 1118, -1,
      1118, 1117, 1119, -1,
      1116, 1120, 1117, -1,
      1117, 1120, 1121, -1,
      1117, 1121, 1122, -1,
      1123, 1124, 1125, -1,
      1126, 1127, 1125, -1,
      1125, 1127, 1128, -1,
      1128, 1129, 1125, -1,
      1125, 1129, 1130, -1,
      1125, 1130, 1123, -1,
      1131, 1132, 1133, -1,
      1133, 1132, 1134, -1,
      1133, 1134, 1135, -1,
      1135, 1136, 1133, -1,
      1133, 1136, 1137, -1,
      1133, 1137, 1138, -1,
      1139, 1140, 1133, -1,
      1133, 1140, 1141, -1,
      1133, 1141, 1131, -1,
      1142, 1143, 1144, -1,
      1144, 1143, 1145, -1,
      1146, 1147, 1143, -1,
      1143, 1147, 1148, -1,
      1143, 1148, 1145, -1,
      1149, 1150, 1151, -1,
      1152, 1153, 1151, -1,
      1151, 1153, 1154, -1,
      1154, 1155, 1151, -1,
      1151, 1155, 1156, -1,
      1151, 1156, 1149, -1,
      1157, 1158, 1159, -1,
      1159, 1158, 1160, -1,
      1157, 1161, 1158, -1,
      1158, 1161, 1162, -1,
      1158, 1162, 1163, -1,
      1164, 1165, 1166, -1,
      1166, 1165, 1158, -1,
      1166, 1158, 1167, -1,
      1167, 1158, 1163, -1,
      1158, 1133, 1160, -1,
      1160, 1133, 1138, -1,
      1119, 1117, 1142, -1,
      1142, 1117, 1143, -1,
      1168, 1169, 1170, -1,
      1170, 1169, 1171, -1,
      1168, 1172, 1169, -1,
      1169, 1172, 1173, -1,
      1169, 1173, 1174, -1,
      1175, 1176, 1177, -1,
      1178, 1179, 1177, -1,
      1177, 1179, 1180, -1,
      1180, 1181, 1177, -1,
      1177, 1181, 1182, -1,
      1177, 1182, 1175, -1,
      1183, 1184, 1185, -1,
      1185, 1184, 1186, -1,
      1184, 1187, 1188, -1,
      1189, 1190, 1184, -1,
      1184, 1190, 1191, -1,
      1184, 1191, 1187, -1,
      1188, 1192, 1184, -1,
      1184, 1192, 1193, -1,
      1184, 1193, 1186, -1,
      1194, 1195, 1196, -1,
      1196, 1195, 1197, -1,
      1198, 1199, 1195, -1,
      1195, 1199, 1200, -1,
      1195, 1200, 1197, -1,
      1201, 1202, 1203, -1,
      1204, 1205, 1203, -1,
      1203, 1205, 1206, -1,
      1206, 1207, 1203, -1,
      1203, 1207, 1208, -1,
      1203, 1208, 1201, -1,
      1209, 1210, 1211, -1,
      1211, 1210, 1212, -1,
      1211, 1212, 1213, -1,
      1214, 1215, 1216, -1,
      1216, 1215, 1211, -1,
      1216, 1211, 1217, -1,
      1213, 1218, 1211, -1,
      1211, 1218, 1219, -1,
      1211, 1219, 1217, -1,
      1211, 1184, 1209, -1,
      1209, 1184, 1183, -1,
      1171, 1169, 1194, -1,
      1194, 1169, 1195, -1,
      1220, 1221, 1222, -1,
      1222, 1221, 1223, -1,
      1220, 1224, 1221, -1,
      1221, 1224, 1225, -1,
      1221, 1225, 1226, -1,
      1227, 1228, 1229, -1,
      1230, 1231, 1229, -1,
      1229, 1231, 1232, -1,
      1232, 1233, 1229, -1,
      1229, 1233, 1234, -1,
      1229, 1234, 1227, -1,
      1235, 1236, 1237, -1,
      1237, 1236, 1238, -1,
      1236, 1239, 1240, -1,
      1241, 1242, 1236, -1,
      1236, 1242, 1243, -1,
      1236, 1243, 1239, -1,
      1240, 1244, 1236, -1,
      1236, 1244, 1245, -1,
      1236, 1245, 1238, -1,
      1246, 1247, 1248, -1,
      1248, 1247, 1249, -1,
      1250, 1251, 1247, -1,
      1247, 1251, 1252, -1,
      1247, 1252, 1249, -1,
      1253, 1254, 1255, -1,
      1256, 1257, 1255, -1,
      1255, 1257, 1258, -1,
      1258, 1259, 1255, -1,
      1255, 1259, 1260, -1,
      1255, 1260, 1253, -1,
      1261, 1262, 1263, -1,
      1263, 1262, 1264, -1,
      1263, 1264, 1265, -1,
      1266, 1267, 1268, -1,
      1268, 1267, 1263, -1,
      1268, 1263, 1269, -1,
      1265, 1270, 1263, -1,
      1263, 1270, 1271, -1,
      1263, 1271, 1269, -1,
      1263, 1236, 1261, -1,
      1261, 1236, 1235, -1,
      1223, 1221, 1246, -1,
      1246, 1221, 1247, -1,
      1272, 1273, 1274, -1,
      1274, 1273, 1275, -1,
      1272, 1276, 1273, -1,
      1273, 1276, 1277, -1,
      1273, 1277, 1278, -1,
      1279, 1280, 1281, -1,
      1281, 1280, 1273, -1,
      1281, 1273, 1282, -1,
      1282, 1273, 1278, -1,
      1283, 1284, 1285, -1,
      1286, 1287, 1285, -1,
      1285, 1287, 1288, -1,
      1288, 1289, 1285, -1,
      1285, 1289, 1290, -1,
      1285, 1290, 1283, -1,
      1291, 14, 1292, -1,
      1292, 14, 1293, -1,
      15, 1294, 14, -1,
      14, 1294, 1295, -1,
      14, 1295, 1293, -1,
      1296, 1297, 1298, -1,
      1299, 1298, 1300, -1,
      1300, 1298, 1301, -1,
      1297, 1302, 1298, -1,
      1298, 1302, 1303, -1,
      1298, 1303, 1301, -1,
      1304, 1305, 1298, -1,
      1298, 1305, 1306, -1,
      1298, 1306, 1296, -1,
      1307, 1308, 1309, -1,
      1310, 1311, 1309, -1,
      1309, 1311, 1312, -1,
      1312, 1313, 1309, -1,
      1309, 1313, 1314, -1,
      1309, 1314, 1307, -1,
      1315, 18, 1316, -1,
      1316, 18, 1317, -1,
      1315, 1318, 18, -1,
      18, 1318, 1319, -1,
      18, 1319, 3, -1,
      1317, 18, 1291, -1,
      1291, 18, 14, -1,
      1320, 1321, 1322, -1,
      1322, 1321, 1323, -1,
      1320, 1324, 1321, -1,
      1321, 1324, 1325, -1,
      1321, 1325, 1326, -1,
      1327, 1328, 1329, -1,
      1329, 1328, 1321, -1,
      1329, 1321, 1330, -1,
      1330, 1321, 1326, -1,
      1331, 1332, 1333, -1,
      1334, 1335, 1333, -1,
      1333, 1335, 1336, -1,
      1336, 1337, 1333, -1,
      1333, 1337, 1338, -1,
      1333, 1338, 1331, -1,
      1339, 112, 1340, -1,
      1340, 112, 1341, -1,
      110, 1342, 112, -1,
      112, 1342, 1343, -1,
      112, 1343, 1341, -1,
      1344, 1345, 1346, -1,
      1346, 1345, 1347, -1,
      1346, 1347, 1348, -1,
      1348, 1349, 1346, -1,
      1346, 1349, 1350, -1,
      1346, 1350, 1351, -1,
      1352, 1353, 1346, -1,
      1346, 1353, 1354, -1,
      1346, 1354, 1344, -1,
      1355, 1356, 1357, -1,
      1358, 1359, 1357, -1,
      1357, 1359, 1360, -1,
      1360, 1361, 1357, -1,
      1357, 1361, 1362, -1,
      1357, 1362, 1355, -1,
      1363, 105, 1364, -1,
      1364, 105, 1365, -1,
      1363, 1366, 105, -1,
      105, 1366, 1367, -1,
      105, 1367, 0, -1,
      1365, 105, 107, -1,
      112, 1339, 108, -1,
      108, 1339, 1365, -1,
      108, 1365, 106, -1,
      106, 1365, 107, -1,
      1368, 1369, 1370, -1,
      1370, 1369, 1371, -1,
      1368, 1372, 1369, -1,
      1369, 1372, 1373, -1,
      1369, 1373, 1374, -1,
      1375, 1376, 1377, -1,
      1377, 1376, 1369, -1,
      1377, 1369, 1378, -1,
      1378, 1369, 1374, -1,
      1379, 1380, 1381, -1,
      1382, 1383, 1381, -1,
      1381, 1383, 1384, -1,
      1384, 1385, 1381, -1,
      1381, 1385, 1386, -1,
      1381, 1386, 1379, -1,
      1387, 59, 1388, -1,
      1388, 59, 1389, -1,
      58, 1390, 59, -1,
      59, 1390, 1391, -1,
      59, 1391, 1389, -1,
      1392, 1393, 1394, -1,
      1394, 1393, 1395, -1,
      1394, 1395, 1396, -1,
      1396, 1397, 1394, -1,
      1394, 1397, 1398, -1,
      1394, 1398, 1399, -1,
      1400, 1401, 1394, -1,
      1394, 1401, 1402, -1,
      1394, 1402, 1392, -1,
      1403, 1404, 1405, -1,
      1406, 1407, 1405, -1,
      1405, 1407, 1408, -1,
      1408, 1409, 1405, -1,
      1405, 1409, 1410, -1,
      1405, 1410, 1403, -1,
      1411, 64, 1412, -1,
      1412, 64, 1413, -1,
      1411, 1414, 64, -1,
      64, 1414, 1415, -1,
      64, 1415, 66, -1,
      1413, 64, 1387, -1,
      1387, 64, 59, -1,
      1416, 1417, 1418, -1,
      1418, 1417, 1419, -1,
      1416, 1420, 1417, -1,
      1417, 1420, 1421, -1,
      1417, 1421, 1422, -1,
      1423, 1424, 1425, -1,
      1425, 1424, 1417, -1,
      1425, 1417, 1426, -1,
      1426, 1417, 1422, -1,
      1427, 1428, 1429, -1,
      1430, 1431, 1429, -1,
      1429, 1431, 1432, -1,
      1432, 1433, 1429, -1,
      1429, 1433, 1434, -1,
      1429, 1434, 1427, -1,
      1435, 63, 1436, -1,
      1436, 63, 1437, -1,
      65, 1438, 63, -1,
      63, 1438, 1439, -1,
      63, 1439, 1437, -1,
      1440, 1441, 1442, -1,
      1442, 1441, 1443, -1,
      1442, 1443, 1444, -1,
      1444, 1445, 1442, -1,
      1442, 1445, 1446, -1,
      1442, 1446, 1447, -1,
      1448, 1449, 1442, -1,
      1442, 1449, 1450, -1,
      1442, 1450, 1440, -1,
      1451, 1452, 1453, -1,
      1454, 1455, 1453, -1,
      1453, 1455, 1456, -1,
      1456, 1457, 1453, -1,
      1453, 1457, 1458, -1,
      1453, 1458, 1451, -1,
      1459, 90, 1460, -1,
      1460, 90, 1461, -1,
      1459, 1462, 90, -1,
      90, 1462, 1463, -1,
      90, 1463, 89, -1,
      1461, 90, 1435, -1,
      1435, 90, 63, -1,
      1464, 1465, 1466, -1,
      1466, 1465, 1467, -1,
      1464, 1468, 1465, -1,
      1465, 1468, 1469, -1,
      1465, 1469, 1470, -1,
      1471, 1472, 1473, -1,
      1473, 1472, 1465, -1,
      1473, 1465, 1474, -1,
      1474, 1465, 1470, -1,
      1475, 1476, 1477, -1,
      1478, 1479, 1477, -1,
      1477, 1479, 1480, -1,
      1480, 1481, 1477, -1,
      1477, 1481, 1482, -1,
      1477, 1482, 1475, -1,
      1483, 61, 1484, -1,
      1484, 61, 1485, -1,
      60, 1486, 61, -1,
      61, 1486, 1487, -1,
      61, 1487, 1485, -1,
      1488, 1489, 1490, -1,
      1490, 1489, 1491, -1,
      1490, 1491, 1492, -1,
      1492, 1493, 1490, -1,
      1490, 1493, 1494, -1,
      1490, 1494, 1495, -1,
      1496, 1497, 1490, -1,
      1490, 1497, 1498, -1,
      1490, 1498, 1488, -1,
      1499, 1500, 1501, -1,
      1502, 1503, 1501, -1,
      1501, 1503, 1504, -1,
      1504, 1505, 1501, -1,
      1501, 1505, 1506, -1,
      1501, 1506, 1499, -1,
      1507, 62, 1508, -1,
      1508, 62, 1509, -1,
      1507, 1510, 62, -1,
      62, 1510, 1511, -1,
      62, 1511, 71, -1,
      1509, 62, 1483, -1,
      1483, 62, 61, -1,
      1512, 1513, 1514, -1,
      1514, 1513, 1515, -1,
      1512, 1516, 1513, -1,
      1513, 1516, 1517, -1,
      1513, 1517, 1518, -1,
      1519, 1520, 1521, -1,
      1521, 1520, 1513, -1,
      1521, 1513, 1522, -1,
      1522, 1513, 1518, -1,
      1523, 1524, 1525, -1,
      1526, 1527, 1525, -1,
      1525, 1527, 1528, -1,
      1528, 1529, 1525, -1,
      1525, 1529, 1530, -1,
      1525, 1530, 1523, -1,
      1531, 73, 1532, -1,
      1532, 73, 1533, -1,
      72, 1534, 73, -1,
      73, 1534, 1535, -1,
      73, 1535, 1533, -1,
      1536, 1537, 1538, -1,
      1539, 1538, 1540, -1,
      1540, 1538, 1541, -1,
      1537, 1542, 1538, -1,
      1538, 1542, 1543, -1,
      1538, 1543, 1541, -1,
      1544, 1545, 1538, -1,
      1538, 1545, 1546, -1,
      1538, 1546, 1536, -1,
      1547, 1548, 1549, -1,
      1550, 1551, 1549, -1,
      1549, 1551, 1552, -1,
      1552, 1553, 1549, -1,
      1549, 1553, 1554, -1,
      1549, 1554, 1547, -1,
      1555, 74, 1556, -1,
      1556, 74, 1557, -1,
      1555, 1558, 74, -1,
      74, 1558, 1559, -1,
      74, 1559, 77, -1,
      1557, 74, 1531, -1,
      1531, 74, 73, -1,
      1560, 1561, 1562, -1,
      1562, 1561, 1563, -1,
      1560, 1564, 1561, -1,
      1561, 1564, 1565, -1,
      1561, 1565, 1566, -1,
      1567, 1568, 1569, -1,
      1569, 1568, 1561, -1,
      1569, 1561, 1570, -1,
      1570, 1561, 1566, -1,
      1571, 1572, 1573, -1,
      1574, 1575, 1573, -1,
      1573, 1575, 1576, -1,
      1576, 1577, 1573, -1,
      1573, 1577, 1578, -1,
      1573, 1578, 1571, -1,
      1579, 79, 1580, -1,
      1580, 79, 1581, -1,
      78, 1582, 79, -1,
      79, 1582, 1583, -1,
      79, 1583, 1581, -1,
      1584, 1585, 1586, -1,
      1587, 1586, 1588, -1,
      1588, 1586, 1589, -1,
      1585, 1590, 1586, -1,
      1586, 1590, 1591, -1,
      1586, 1591, 1589, -1,
      1592, 1593, 1586, -1,
      1586, 1593, 1594, -1,
      1586, 1594, 1584, -1,
      1595, 1596, 1597, -1,
      1598, 1599, 1597, -1,
      1597, 1599, 1600, -1,
      1600, 1601, 1597, -1,
      1597, 1601, 1602, -1,
      1597, 1602, 1595, -1,
      1603, 80, 1604, -1,
      1604, 80, 1605, -1,
      1603, 1606, 80, -1,
      80, 1606, 1607, -1,
      80, 1607, 83, -1,
      1605, 80, 1579, -1,
      1579, 80, 79, -1,
      1608, 1609, 1610, -1,
      1610, 1609, 1611, -1,
      1608, 1612, 1609, -1,
      1609, 1612, 1613, -1,
      1609, 1613, 1614, -1,
      1615, 1616, 1617, -1,
      1617, 1616, 1609, -1,
      1617, 1609, 1618, -1,
      1618, 1609, 1614, -1,
      1619, 1620, 1621, -1,
      1622, 1623, 1621, -1,
      1621, 1623, 1624, -1,
      1624, 1625, 1621, -1,
      1621, 1625, 1626, -1,
      1621, 1626, 1619, -1,
      1627, 85, 1628, -1,
      1628, 85, 1629, -1,
      84, 1630, 85, -1,
      85, 1630, 1631, -1,
      85, 1631, 1629, -1,
      1632, 1633, 1634, -1,
      1635, 1634, 1636, -1,
      1636, 1634, 1637, -1,
      1633, 1638, 1634, -1,
      1634, 1638, 1639, -1,
      1634, 1639, 1637, -1,
      1640, 1641, 1634, -1,
      1634, 1641, 1642, -1,
      1634, 1642, 1632, -1,
      1643, 1644, 1645, -1,
      1646, 1647, 1645, -1,
      1645, 1647, 1648, -1,
      1648, 1649, 1645, -1,
      1645, 1649, 1650, -1,
      1645, 1650, 1643, -1,
      1651, 86, 1652, -1,
      1652, 86, 1653, -1,
      1651, 1654, 86, -1,
      86, 1654, 1655, -1,
      86, 1655, 93, -1,
      1653, 86, 1627, -1,
      1627, 86, 85, -1,
      1656, 1657, 1658, -1,
      1658, 1657, 1659, -1,
      1656, 1660, 1657, -1,
      1657, 1660, 1661, -1,
      1657, 1661, 1662, -1,
      1663, 1664, 1665, -1,
      1665, 1664, 1657, -1,
      1665, 1657, 1666, -1,
      1666, 1657, 1662, -1,
      1667, 1668, 1669, -1,
      1670, 1671, 1669, -1,
      1669, 1671, 1672, -1,
      1672, 1673, 1669, -1,
      1669, 1673, 1674, -1,
      1669, 1674, 1667, -1,
      1675, 95, 1676, -1,
      1676, 95, 1677, -1,
      94, 1678, 95, -1,
      95, 1678, 1679, -1,
      95, 1679, 1677, -1,
      1680, 1681, 1682, -1,
      1683, 1682, 1684, -1,
      1684, 1682, 1685, -1,
      1681, 1686, 1682, -1,
      1682, 1686, 1687, -1,
      1682, 1687, 1685, -1,
      1688, 1689, 1682, -1,
      1682, 1689, 1690, -1,
      1682, 1690, 1680, -1,
      1691, 1692, 1693, -1,
      1694, 1695, 1693, -1,
      1693, 1695, 1696, -1,
      1696, 1697, 1693, -1,
      1693, 1697, 1698, -1,
      1693, 1698, 1691, -1,
      1699, 96, 1700, -1,
      1700, 96, 1701, -1,
      1699, 1702, 96, -1,
      96, 1702, 1703, -1,
      96, 1703, 99, -1,
      1701, 96, 1675, -1,
      1675, 96, 95, -1,
      1704, 1705, 1706, -1,
      1706, 1705, 1707, -1,
      1704, 1708, 1705, -1,
      1705, 1708, 1709, -1,
      1705, 1709, 1710, -1,
      1711, 1712, 1713, -1,
      1713, 1712, 1705, -1,
      1713, 1705, 1714, -1,
      1714, 1705, 1710, -1,
      1715, 1716, 1717, -1,
      1718, 1719, 1717, -1,
      1717, 1719, 1720, -1,
      1720, 1721, 1717, -1,
      1717, 1721, 1722, -1,
      1717, 1722, 1715, -1,
      1723, 101, 1724, -1,
      1724, 101, 1725, -1,
      100, 1726, 101, -1,
      101, 1726, 1727, -1,
      101, 1727, 1725, -1,
      1728, 1729, 1730, -1,
      1730, 1729, 1731, -1,
      1730, 1731, 1732, -1,
      1732, 1733, 1730, -1,
      1730, 1733, 1734, -1,
      1730, 1734, 1735, -1,
      1736, 1737, 1730, -1,
      1730, 1737, 1738, -1,
      1730, 1738, 1728, -1,
      1739, 1740, 1741, -1,
      1742, 1743, 1741, -1,
      1741, 1743, 1744, -1,
      1744, 1745, 1741, -1,
      1741, 1745, 1746, -1,
      1741, 1746, 1739, -1,
      1747, 102, 1748, -1,
      1748, 102, 1749, -1,
      1747, 1750, 102, -1,
      102, 1750, 1751, -1,
      102, 1751, 103, -1,
      1749, 102, 1723, -1,
      1723, 102, 101, -1,
      1752, 1753, 1754, -1,
      1754, 1753, 1755, -1,
      1752, 1756, 1753, -1,
      1753, 1756, 1757, -1,
      1753, 1757, 1758, -1,
      1759, 1760, 1761, -1,
      1761, 1760, 1753, -1,
      1761, 1753, 1762, -1,
      1762, 1753, 1758, -1,
      1763, 1764, 1765, -1,
      1766, 1767, 1765, -1,
      1765, 1767, 1768, -1,
      1768, 1769, 1765, -1,
      1765, 1769, 1770, -1,
      1765, 1770, 1763, -1,
      1771, 25, 1772, -1,
      1772, 25, 1773, -1,
      24, 1774, 25, -1,
      25, 1774, 1775, -1,
      25, 1775, 1773, -1,
      1776, 1777, 1778, -1,
      1778, 1777, 1779, -1,
      1778, 1779, 1780, -1,
      1780, 1781, 1778, -1,
      1778, 1781, 1782, -1,
      1778, 1782, 1783, -1,
      1784, 1785, 1778, -1,
      1778, 1785, 1786, -1,
      1778, 1786, 1776, -1,
      1787, 1788, 1789, -1,
      1790, 1791, 1789, -1,
      1789, 1791, 1792, -1,
      1792, 1793, 1789, -1,
      1789, 1793, 1794, -1,
      1789, 1794, 1787, -1,
      1795, 26, 1796, -1,
      1796, 26, 1797, -1,
      1795, 1798, 26, -1,
      26, 1798, 1799, -1,
      26, 1799, 29, -1,
      1797, 26, 1771, -1,
      1771, 26, 25, -1,
      1800, 1801, 1802, -1,
      1802, 1801, 1803, -1,
      1800, 1804, 1801, -1,
      1801, 1804, 1805, -1,
      1801, 1805, 1806, -1,
      1807, 1808, 1809, -1,
      1809, 1808, 1801, -1,
      1809, 1801, 1810, -1,
      1810, 1801, 1806, -1,
      1811, 1812, 1813, -1,
      1814, 1815, 1813, -1,
      1813, 1815, 1816, -1,
      1816, 1817, 1813, -1,
      1813, 1817, 1818, -1,
      1813, 1818, 1811, -1,
      1819, 31, 1820, -1,
      1820, 31, 1821, -1,
      30, 1822, 31, -1,
      31, 1822, 1823, -1,
      31, 1823, 1821, -1,
      1824, 1825, 1826, -1,
      1826, 1825, 1827, -1,
      1826, 1827, 1828, -1,
      1828, 1829, 1826, -1,
      1826, 1829, 1830, -1,
      1826, 1830, 1831, -1,
      1832, 1833, 1826, -1,
      1826, 1833, 1834, -1,
      1826, 1834, 1824, -1,
      1835, 1836, 1837, -1,
      1838, 1839, 1837, -1,
      1837, 1839, 1840, -1,
      1840, 1841, 1837, -1,
      1837, 1841, 1842, -1,
      1837, 1842, 1835, -1,
      1843, 32, 1844, -1,
      1844, 32, 1845, -1,
      1843, 1846, 32, -1,
      32, 1846, 1847, -1,
      32, 1847, 35, -1,
      1845, 32, 1819, -1,
      1819, 32, 31, -1,
      1848, 1849, 1850, -1,
      1850, 1849, 1851, -1,
      1848, 1852, 1849, -1,
      1849, 1852, 1853, -1,
      1849, 1853, 1854, -1,
      1855, 1856, 1857, -1,
      1857, 1856, 1849, -1,
      1857, 1849, 1858, -1,
      1858, 1849, 1854, -1,
      1859, 1860, 1861, -1,
      1862, 1863, 1861, -1,
      1861, 1863, 1864, -1,
      1864, 1865, 1861, -1,
      1861, 1865, 1866, -1,
      1861, 1866, 1859, -1,
      1867, 37, 1868, -1,
      1868, 37, 1869, -1,
      36, 1870, 37, -1,
      37, 1870, 1871, -1,
      37, 1871, 1869, -1,
      1872, 1873, 1874, -1,
      1874, 1873, 1875, -1,
      1874, 1875, 1876, -1,
      1876, 1877, 1874, -1,
      1874, 1877, 1878, -1,
      1874, 1878, 1879, -1,
      1880, 1881, 1874, -1,
      1874, 1881, 1882, -1,
      1874, 1882, 1872, -1,
      1883, 1884, 1885, -1,
      1886, 1887, 1885, -1,
      1885, 1887, 1888, -1,
      1888, 1889, 1885, -1,
      1885, 1889, 1890, -1,
      1885, 1890, 1883, -1,
      1891, 38, 1892, -1,
      1892, 38, 1893, -1,
      1891, 1894, 38, -1,
      38, 1894, 1895, -1,
      38, 1895, 41, -1,
      1893, 38, 1867, -1,
      1867, 38, 37, -1,
      1896, 1897, 1898, -1,
      1898, 1897, 1899, -1,
      1896, 1900, 1897, -1,
      1897, 1900, 1901, -1,
      1897, 1901, 1902, -1,
      1903, 1904, 1905, -1,
      1905, 1904, 1897, -1,
      1905, 1897, 1906, -1,
      1906, 1897, 1902, -1,
      1907, 1908, 1909, -1,
      1910, 1911, 1909, -1,
      1909, 1911, 1912, -1,
      1912, 1913, 1909, -1,
      1909, 1913, 1914, -1,
      1909, 1914, 1907, -1,
      1915, 43, 1916, -1,
      1916, 43, 1917, -1,
      42, 1918, 43, -1,
      43, 1918, 1919, -1,
      43, 1919, 1917, -1,
      1920, 1921, 1922, -1,
      1923, 1922, 1924, -1,
      1924, 1922, 1925, -1,
      1921, 1926, 1922, -1,
      1922, 1926, 1927, -1,
      1922, 1927, 1925, -1,
      1928, 1929, 1922, -1,
      1922, 1929, 1930, -1,
      1922, 1930, 1920, -1,
      1931, 1932, 1933, -1,
      1934, 1935, 1933, -1,
      1933, 1935, 1936, -1,
      1936, 1937, 1933, -1,
      1933, 1937, 1938, -1,
      1933, 1938, 1931, -1,
      1939, 44, 1940, -1,
      1940, 44, 1941, -1,
      1939, 1942, 44, -1,
      44, 1942, 1943, -1,
      44, 1943, 50, -1,
      1941, 44, 1915, -1,
      1915, 44, 43, -1,
      1944, 1945, 1946, -1,
      1946, 1945, 1947, -1,
      1944, 1948, 1945, -1,
      1945, 1948, 1949, -1,
      1945, 1949, 1950, -1,
      1951, 1952, 1953, -1,
      1953, 1952, 1945, -1,
      1953, 1945, 1954, -1,
      1954, 1945, 1950, -1,
      1955, 1956, 1957, -1,
      1958, 1959, 1957, -1,
      1957, 1959, 1960, -1,
      1960, 1961, 1957, -1,
      1957, 1961, 1962, -1,
      1957, 1962, 1955, -1,
      1963, 52, 1964, -1,
      1964, 52, 1965, -1,
      51, 1966, 52, -1,
      52, 1966, 1967, -1,
      52, 1967, 1965, -1,
      1968, 1969, 1970, -1,
      1971, 1970, 1972, -1,
      1972, 1970, 1973, -1,
      1969, 1974, 1970, -1,
      1970, 1974, 1975, -1,
      1970, 1975, 1973, -1,
      1976, 1977, 1970, -1,
      1970, 1977, 1978, -1,
      1970, 1978, 1968, -1,
      1979, 1980, 1981, -1,
      1982, 1983, 1981, -1,
      1981, 1983, 1984, -1,
      1984, 1985, 1981, -1,
      1981, 1985, 1986, -1,
      1981, 1986, 1979, -1,
      1987, 53, 1988, -1,
      1988, 53, 1989, -1,
      1987, 1990, 53, -1,
      53, 1990, 1991, -1,
      53, 1991, 116, -1,
      1989, 53, 1963, -1,
      1963, 53, 52, -1,
      1992, 1993, 1994, -1,
      1994, 1993, 1995, -1,
      1992, 1996, 1993, -1,
      1993, 1996, 1997, -1,
      1993, 1997, 1998, -1,
      1999, 2000, 2001, -1,
      2001, 2000, 1993, -1,
      2001, 1993, 2002, -1,
      2002, 1993, 1998, -1,
      2003, 2004, 2005, -1,
      2006, 2007, 2005, -1,
      2005, 2007, 2008, -1,
      2008, 2009, 2005, -1,
      2005, 2009, 2010, -1,
      2005, 2010, 2003, -1,
      2011, 45, 2012, -1,
      2012, 45, 2013, -1,
      117, 2014, 45, -1,
      45, 2014, 2015, -1,
      45, 2015, 2013, -1,
      2016, 2017, 2018, -1,
      2019, 2018, 2020, -1,
      2020, 2018, 2021, -1,
      2017, 2022, 2018, -1,
      2018, 2022, 2023, -1,
      2018, 2023, 2021, -1,
      2024, 2025, 2018, -1,
      2018, 2025, 2026, -1,
      2018, 2026, 2016, -1,
      2027, 2028, 2029, -1,
      2030, 2031, 2029, -1,
      2029, 2031, 2032, -1,
      2032, 2033, 2029, -1,
      2029, 2033, 2034, -1,
      2029, 2034, 2027, -1,
      2035, 46, 2036, -1,
      2036, 46, 2037, -1,
      2035, 2038, 46, -1,
      46, 2038, 2039, -1,
      46, 2039, 55, -1,
      2037, 46, 2011, -1,
      2011, 46, 45, -1,
      2040, 2041, 2042, -1,
      2042, 2041, 2043, -1,
      2040, 2044, 2041, -1,
      2041, 2044, 2045, -1,
      2041, 2045, 2046, -1,
      2047, 2048, 2049, -1,
      2050, 2051, 2049, -1,
      2049, 2051, 2052, -1,
      2052, 2053, 2049, -1,
      2049, 2053, 2054, -1,
      2049, 2054, 2047, -1,
      2055, 2056, 2057, -1,
      2057, 2056, 2058, -1,
      2056, 2059, 2060, -1,
      2061, 2062, 2056, -1,
      2056, 2062, 2063, -1,
      2056, 2063, 2059, -1,
      2060, 2064, 2056, -1,
      2056, 2064, 2065, -1,
      2056, 2065, 2058, -1,
      2066, 2067, 2068, -1,
      2068, 2067, 2069, -1,
      2070, 2071, 2067, -1,
      2067, 2071, 2072, -1,
      2067, 2072, 2069, -1,
      2073, 2074, 2075, -1,
      2076, 2077, 2075, -1,
      2075, 2077, 2078, -1,
      2078, 2079, 2075, -1,
      2075, 2079, 2080, -1,
      2075, 2080, 2073, -1,
      2081, 2082, 2083, -1,
      2083, 2082, 2084, -1,
      2083, 2084, 2085, -1,
      2086, 2087, 2088, -1,
      2088, 2087, 2083, -1,
      2088, 2083, 2089, -1,
      2085, 2090, 2083, -1,
      2083, 2090, 2091, -1,
      2083, 2091, 2089, -1,
      2083, 2056, 2081, -1,
      2081, 2056, 2055, -1,
      2043, 2041, 2066, -1,
      2066, 2041, 2067, -1,
      2092, 2093, 1202, -1,
      1202, 2093, 1230, -1,
      1202, 1230, 1203, -1,
      1203, 1230, 1229, -1,
      2094, 2095, 1150, -1,
      1150, 2095, 1178, -1,
      1150, 1178, 1151, -1,
      1151, 1178, 1177, -1,
      2096, 2097, 1098, -1,
      1098, 2097, 1126, -1,
      1098, 1126, 1099, -1,
      1099, 1126, 1125, -1,
      2098, 2099, 1046, -1,
      1046, 2099, 1074, -1,
      1046, 1074, 1047, -1,
      1047, 1074, 1073, -1,
      2100, 2101, 994, -1,
      994, 2101, 1022, -1,
      994, 1022, 995, -1,
      995, 1022, 1021, -1,
      2102, 2103, 942, -1,
      942, 2103, 970, -1,
      942, 970, 943, -1,
      943, 970, 969, -1,
      2104, 2105, 890, -1,
      890, 2105, 918, -1,
      890, 918, 891, -1,
      891, 918, 917, -1,
      2106, 2107, 838, -1,
      838, 2107, 866, -1,
      838, 866, 839, -1,
      839, 866, 865, -1,
      2108, 2109, 786, -1,
      786, 2109, 814, -1,
      786, 814, 787, -1,
      787, 814, 813, -1,
      2110, 2111, 734, -1,
      734, 2111, 762, -1,
      734, 762, 735, -1,
      735, 762, 761, -1,
      2112, 2113, 682, -1,
      682, 2113, 710, -1,
      682, 710, 683, -1,
      683, 710, 709, -1,
      2114, 2115, 630, -1,
      630, 2115, 658, -1,
      630, 658, 631, -1,
      631, 658, 657, -1,
      2116, 2117, 578, -1,
      578, 2117, 606, -1,
      578, 606, 579, -1,
      579, 606, 605, -1,
      2118, 2119, 526, -1,
      526, 2119, 554, -1,
      526, 554, 527, -1,
      527, 554, 553, -1,
      501, 2120, 502, -1,
      502, 2120, 2121, -1,
      502, 2121, 2122, -1,
      2123, 2124, 2125, -1,
      2123, 2125, 2126, -1,
      2126, 2125, 2127, -1,
      2126, 2127, 2128, -1,
      2128, 2127, 2129, -1,
      2128, 2129, 2130, -1,
      2130, 2129, 2131, -1,
      2130, 2131, 2132, -1,
      2132, 2131, 2133, -1,
      2132, 2133, 2134, -1,
      2134, 2133, 2093, -1,
      2134, 2093, 2092, -1,
      2135, 2136, 2137, -1,
      2135, 2137, 2138, -1,
      2138, 2137, 2139, -1,
      2138, 2139, 2140, -1,
      2140, 2139, 2141, -1,
      2140, 2141, 2142, -1,
      2142, 2141, 2143, -1,
      2142, 2143, 2144, -1,
      2144, 2143, 2145, -1,
      2144, 2145, 2146, -1,
      2146, 2145, 2095, -1,
      2146, 2095, 2094, -1,
      2147, 2148, 2149, -1,
      2147, 2149, 2150, -1,
      2150, 2149, 2151, -1,
      2150, 2151, 2152, -1,
      2152, 2151, 2153, -1,
      2152, 2153, 2154, -1,
      2154, 2153, 2155, -1,
      2154, 2155, 2156, -1,
      2156, 2155, 2157, -1,
      2156, 2157, 2158, -1,
      2158, 2157, 2097, -1,
      2158, 2097, 2096, -1,
      2159, 2160, 2161, -1,
      2159, 2161, 2162, -1,
      2162, 2161, 2163, -1,
      2162, 2163, 2164, -1,
      2164, 2163, 2165, -1,
      2164, 2165, 2166, -1,
      2166, 2165, 2167, -1,
      2166, 2167, 2168, -1,
      2168, 2167, 2169, -1,
      2168, 2169, 2170, -1,
      2170, 2169, 2099, -1,
      2170, 2099, 2098, -1,
      2171, 2172, 2173, -1,
      2171, 2173, 2174, -1,
      2174, 2173, 2175, -1,
      2174, 2175, 2176, -1,
      2176, 2175, 2177, -1,
      2176, 2177, 2178, -1,
      2178, 2177, 2179, -1,
      2178, 2179, 2180, -1,
      2180, 2179, 2181, -1,
      2180, 2181, 2182, -1,
      2182, 2181, 2101, -1,
      2182, 2101, 2100, -1,
      2183, 2184, 2185, -1,
      2183, 2185, 2186, -1,
      2186, 2185, 2187, -1,
      2186, 2187, 2188, -1,
      2188, 2187, 2189, -1,
      2188, 2189, 2190, -1,
      2190, 2189, 2191, -1,
      2190, 2191, 2192, -1,
      2192, 2191, 2193, -1,
      2192, 2193, 2194, -1,
      2194, 2193, 2103, -1,
      2194, 2103, 2102, -1,
      2195, 2196, 2197, -1,
      2195, 2197, 2198, -1,
      2198, 2197, 2199, -1,
      2198, 2199, 2200, -1,
      2200, 2199, 2201, -1,
      2200, 2201, 2202, -1,
      2202, 2201, 2203, -1,
      2202, 2203, 2204, -1,
      2204, 2203, 2205, -1,
      2204, 2205, 2206, -1,
      2206, 2205, 2105, -1,
      2206, 2105, 2104, -1,
      2207, 2208, 2209, -1,
      2207, 2209, 2210, -1,
      2210, 2209, 2211, -1,
      2210, 2211, 2212, -1,
      2212, 2211, 2213, -1,
      2212, 2213, 2214, -1,
      2214, 2213, 2215, -1,
      2214, 2215, 2216, -1,
      2216, 2215, 2217, -1,
      2216, 2217, 2218, -1,
      2218, 2217, 2107, -1,
      2218, 2107, 2106, -1,
      2219, 2220, 2221, -1,
      2219, 2221, 2222, -1,
      2222, 2221, 2223, -1,
      2222, 2223, 2224, -1,
      2224, 2223, 2225, -1,
      2224, 2225, 2226, -1,
      2226, 2225, 2227, -1,
      2226, 2227, 2228, -1,
      2228, 2227, 2229, -1,
      2228, 2229, 2230, -1,
      2230, 2229, 2109, -1,
      2230, 2109, 2108, -1,
      2231, 2232, 2233, -1,
      2231, 2233, 2234, -1,
      2234, 2233, 2235, -1,
      2234, 2235, 2236, -1,
      2236, 2235, 2237, -1,
      2236, 2237, 2238, -1,
      2238, 2237, 2239, -1,
      2238, 2239, 2240, -1,
      2240, 2239, 2241, -1,
      2240, 2241, 2242, -1,
      2242, 2241, 2111, -1,
      2242, 2111, 2110, -1,
      2243, 2244, 2245, -1,
      2243, 2245, 2246, -1,
      2246, 2245, 2247, -1,
      2246, 2247, 2248, -1,
      2248, 2247, 2249, -1,
      2248, 2249, 2250, -1,
      2250, 2249, 2251, -1,
      2250, 2251, 2252, -1,
      2252, 2251, 2253, -1,
      2252, 2253, 2254, -1,
      2254, 2253, 2113, -1,
      2254, 2113, 2112, -1,
      2255, 2256, 2257, -1,
      2255, 2257, 2258, -1,
      2258, 2257, 2259, -1,
      2258, 2259, 2260, -1,
      2260, 2259, 2261, -1,
      2260, 2261, 2262, -1,
      2262, 2261, 2263, -1,
      2262, 2263, 2264, -1,
      2264, 2263, 2265, -1,
      2264, 2265, 2266, -1,
      2266, 2265, 2115, -1,
      2266, 2115, 2114, -1,
      2267, 2268, 2269, -1,
      2267, 2269, 2270, -1,
      2270, 2269, 2271, -1,
      2270, 2271, 2272, -1,
      2272, 2271, 2273, -1,
      2272, 2273, 2274, -1,
      2274, 2273, 2275, -1,
      2274, 2275, 2276, -1,
      2276, 2275, 2277, -1,
      2276, 2277, 2278, -1,
      2278, 2277, 2117, -1,
      2278, 2117, 2116, -1,
      2279, 2280, 2281, -1,
      2279, 2281, 2282, -1,
      2282, 2281, 2283, -1,
      2282, 2283, 2284, -1,
      2284, 2283, 2285, -1,
      2284, 2285, 2286, -1,
      2286, 2285, 2287, -1,
      2286, 2287, 2288, -1,
      2288, 2287, 2289, -1,
      2288, 2289, 2290, -1,
      2290, 2289, 2119, -1,
      2290, 2119, 2118, -1,
      2291, 2292, 2293, -1,
      2291, 2293, 2294, -1,
      2294, 2293, 2295, -1,
      2294, 2295, 2296, -1,
      2296, 2295, 2297, -1,
      2296, 2297, 2298, -1,
      2298, 2297, 2299, -1,
      2298, 2299, 2300, -1,
      2300, 2299, 2301, -1,
      2300, 2301, 2302, -1,
      2302, 2301, 2122, -1,
      2302, 2122, 2121, -1,
      2303, 2304, 1214, -1,
      1214, 2304, 1242, -1,
      1214, 1242, 1215, -1,
      1215, 1242, 1241, -1,
      2305, 2306, 1164, -1,
      1164, 2306, 1190, -1,
      1164, 1190, 1165, -1,
      1165, 1190, 1189, -1,
      2307, 2308, 1112, -1,
      1112, 2308, 1140, -1,
      1112, 1140, 1113, -1,
      1113, 1140, 1139, -1,
      2309, 2310, 1060, -1,
      1060, 2310, 1088, -1,
      1060, 1088, 1061, -1,
      1061, 1088, 1087, -1,
      2311, 2312, 1008, -1,
      1008, 2312, 1036, -1,
      1008, 1036, 1009, -1,
      1009, 1036, 1035, -1,
      2313, 2314, 954, -1,
      954, 2314, 984, -1,
      954, 984, 955, -1,
      955, 984, 983, -1,
      2315, 2316, 902, -1,
      902, 2316, 930, -1,
      902, 930, 903, -1,
      903, 930, 929, -1,
      2317, 2318, 850, -1,
      850, 2318, 878, -1,
      850, 878, 851, -1,
      851, 878, 877, -1,
      2319, 2320, 798, -1,
      798, 2320, 826, -1,
      798, 826, 799, -1,
      799, 826, 825, -1,
      773, 749, 774, -1,
      774, 749, 748, -1,
      774, 748, 2321, -1,
      2321, 748, 2322, -1,
      2323, 2324, 696, -1,
      696, 2324, 724, -1,
      696, 724, 697, -1,
      697, 724, 723, -1,
      2325, 2326, 644, -1,
      644, 2326, 672, -1,
      644, 672, 645, -1,
      645, 672, 671, -1,
      2327, 2328, 592, -1,
      592, 2328, 620, -1,
      592, 620, 593, -1,
      593, 620, 619, -1,
      2329, 2330, 538, -1,
      538, 2330, 568, -1,
      538, 568, 539, -1,
      539, 568, 567, -1,
      2331, 2332, 2333, -1,
      2331, 2333, 2334, -1,
      514, 513, 2335, -1,
      2335, 513, 2336, -1,
      2335, 2336, 2337, -1,
      2337, 2336, 2338, -1,
      514, 2335, 2333, -1,
      2333, 2335, 2339, -1,
      2333, 2339, 2334, -1,
      1203, 1229, 1204, -1,
      1204, 1229, 1228, -1,
      1204, 1228, 2340, -1,
      2340, 1228, 2341, -1,
      1151, 1177, 1152, -1,
      1152, 1177, 1176, -1,
      1152, 1176, 2342, -1,
      2342, 1176, 2343, -1,
      1099, 1125, 1100, -1,
      1100, 1125, 1124, -1,
      1100, 1124, 2344, -1,
      2344, 1124, 2345, -1,
      1047, 1073, 1048, -1,
      1048, 1073, 1072, -1,
      1048, 1072, 2346, -1,
      2346, 1072, 2347, -1,
      995, 1021, 996, -1,
      996, 1021, 1020, -1,
      996, 1020, 2348, -1,
      2348, 1020, 2349, -1,
      943, 969, 944, -1,
      944, 969, 968, -1,
      944, 968, 2350, -1,
      2350, 968, 2351, -1,
      891, 917, 892, -1,
      892, 917, 916, -1,
      892, 916, 2352, -1,
      2352, 916, 2353, -1,
      839, 865, 840, -1,
      840, 865, 864, -1,
      840, 864, 2354, -1,
      2354, 864, 2355, -1,
      787, 813, 788, -1,
      788, 813, 812, -1,
      788, 812, 2356, -1,
      2356, 812, 2357, -1,
      2358, 2359, 760, -1,
      760, 2359, 736, -1,
      760, 736, 761, -1,
      761, 736, 735, -1,
      683, 709, 684, -1,
      684, 709, 708, -1,
      684, 708, 2360, -1,
      2360, 708, 2361, -1,
      631, 657, 632, -1,
      632, 657, 656, -1,
      632, 656, 2362, -1,
      2362, 656, 2363, -1,
      579, 605, 580, -1,
      580, 605, 604, -1,
      580, 604, 2364, -1,
      2364, 604, 2365, -1,
      527, 553, 528, -1,
      528, 553, 552, -1,
      528, 552, 2366, -1,
      2366, 552, 2367, -1,
      2120, 501, 500, -1,
      2368, 2369, 2370, -1,
      2370, 2371, 2368, -1,
      2368, 2371, 2372, -1,
      2368, 2372, 500, -1,
      500, 2372, 2373, -1,
      500, 2373, 2120, -1,
      2120, 2373, 2374, -1,
      2120, 2374, 2375, -1,
      2304, 2303, 2341, -1,
      2341, 2303, 2340, -1,
      2306, 2305, 2343, -1,
      2343, 2305, 2342, -1,
      2308, 2307, 2345, -1,
      2345, 2307, 2344, -1,
      2310, 2309, 2347, -1,
      2347, 2309, 2346, -1,
      2312, 2311, 2349, -1,
      2349, 2311, 2348, -1,
      2314, 2313, 2351, -1,
      2351, 2313, 2350, -1,
      2316, 2315, 2353, -1,
      2353, 2315, 2352, -1,
      2318, 2317, 2355, -1,
      2355, 2317, 2354, -1,
      2320, 2319, 2357, -1,
      2357, 2319, 2356, -1,
      2321, 2322, 2358, -1,
      2358, 2322, 2359, -1,
      2324, 2323, 2361, -1,
      2361, 2323, 2360, -1,
      2326, 2325, 2363, -1,
      2363, 2325, 2362, -1,
      2328, 2327, 2365, -1,
      2365, 2327, 2364, -1,
      2330, 2329, 2367, -1,
      2367, 2329, 2366, -1,
      2333, 2332, 2368, -1,
      2368, 2332, 2369, -1,
      1284, 2376, 2377, -1,
      2378, 2377, 2379, -1,
      2379, 2377, 2380, -1,
      2379, 2380, 2381, -1,
      2382, 2024, 2018, -1,
      2030, 2029, 2383, -1,
      2384, 2385, 2386, -1,
      2386, 2385, 2387, -1,
      2386, 2387, 2388, -1,
      2388, 2387, 2389, -1,
      1993, 1236, 2018, -1,
      2018, 1236, 1263, -1,
      1945, 1184, 1970, -1,
      1970, 1184, 1211, -1,
      2000, 1976, 1993, -1,
      1993, 1976, 1970, -1,
      1993, 1970, 1236, -1,
      1236, 1970, 1211, -1,
      1236, 1211, 1241, -1,
      1241, 1211, 1215, -1,
      2390, 2391, 2392, -1,
      2392, 2391, 2393, -1,
      2392, 2393, 2087, -1,
      2087, 2393, 2394, -1,
      2087, 2394, 2083, -1,
      1267, 2061, 1263, -1,
      1263, 2061, 2056, -1,
      1263, 2056, 2018, -1,
      2018, 2056, 2083, -1,
      2018, 2083, 2382, -1,
      2382, 2083, 2394, -1,
      2382, 2394, 2383, -1,
      2383, 2394, 2388, -1,
      2383, 2388, 2030, -1,
      2030, 2388, 2389, -1,
      1897, 1133, 1922, -1,
      1922, 1133, 1158, -1,
      1952, 1928, 1945, -1,
      1945, 1928, 1922, -1,
      1945, 1922, 1184, -1,
      1184, 1922, 1158, -1,
      1184, 1158, 1189, -1,
      1189, 1158, 1165, -1,
      1849, 1081, 1874, -1,
      1874, 1081, 1106, -1,
      1904, 1880, 1897, -1,
      1897, 1880, 1874, -1,
      1897, 1874, 1133, -1,
      1133, 1874, 1106, -1,
      1133, 1106, 1139, -1,
      1139, 1106, 1113, -1,
      1801, 1029, 1826, -1,
      1826, 1029, 1054, -1,
      1856, 1832, 1849, -1,
      1849, 1832, 1826, -1,
      1849, 1826, 1081, -1,
      1081, 1826, 1054, -1,
      1081, 1054, 1087, -1,
      1087, 1054, 1061, -1,
      1753, 977, 1778, -1,
      1778, 977, 1002, -1,
      1808, 1784, 1801, -1,
      1801, 1784, 1778, -1,
      1801, 1778, 1029, -1,
      1029, 1778, 1002, -1,
      1029, 1002, 1035, -1,
      1035, 1002, 1009, -1,
      1705, 924, 1730, -1,
      1730, 924, 951, -1,
      1760, 1736, 1753, -1,
      1753, 1736, 1730, -1,
      1753, 1730, 977, -1,
      977, 1730, 951, -1,
      977, 951, 983, -1,
      983, 951, 955, -1,
      1657, 872, 1682, -1,
      1682, 872, 899, -1,
      1712, 1688, 1705, -1,
      1705, 1688, 1682, -1,
      1705, 1682, 924, -1,
      924, 1682, 899, -1,
      924, 899, 929, -1,
      929, 899, 903, -1,
      1609, 820, 1634, -1,
      1634, 820, 847, -1,
      1664, 1640, 1657, -1,
      1657, 1640, 1634, -1,
      1657, 1634, 872, -1,
      872, 1634, 847, -1,
      872, 847, 877, -1,
      877, 847, 851, -1,
      1561, 768, 1586, -1,
      1586, 768, 795, -1,
      1616, 1592, 1609, -1,
      1609, 1592, 1586, -1,
      1609, 1586, 820, -1,
      820, 1586, 795, -1,
      820, 795, 825, -1,
      825, 795, 799, -1,
      1513, 717, 1538, -1,
      1538, 717, 742, -1,
      1568, 1544, 1561, -1,
      1561, 1544, 1538, -1,
      1561, 1538, 768, -1,
      768, 1538, 742, -1,
      768, 742, 773, -1,
      773, 742, 749, -1,
      1465, 665, 1490, -1,
      1490, 665, 690, -1,
      1520, 1496, 1513, -1,
      1513, 1496, 1490, -1,
      1513, 1490, 717, -1,
      717, 1490, 690, -1,
      717, 690, 723, -1,
      723, 690, 697, -1,
      1417, 613, 1442, -1,
      1442, 613, 638, -1,
      1472, 1448, 1465, -1,
      1465, 1448, 1442, -1,
      1465, 1442, 665, -1,
      665, 1442, 638, -1,
      665, 638, 671, -1,
      671, 638, 645, -1,
      1369, 561, 1394, -1,
      1394, 561, 586, -1,
      1424, 1400, 1417, -1,
      1417, 1400, 1394, -1,
      1417, 1394, 613, -1,
      613, 1394, 586, -1,
      613, 586, 619, -1,
      619, 586, 593, -1,
      1321, 508, 1346, -1,
      1346, 508, 535, -1,
      1376, 1352, 1369, -1,
      1369, 1352, 1346, -1,
      1369, 1346, 561, -1,
      561, 1346, 535, -1,
      561, 535, 567, -1,
      567, 535, 539, -1,
      1298, 1273, 2395, -1,
      2396, 2397, 2398, -1,
      2398, 2397, 2336, -1,
      2398, 2336, 2395, -1,
      1273, 1280, 2395, -1,
      2395, 1280, 2399, -1,
      2395, 2399, 2378, -1,
      2378, 2399, 2400, -1,
      2378, 2400, 2377, -1,
      2377, 2400, 1285, -1,
      2377, 1285, 1284, -1,
      1328, 1304, 1321, -1,
      1321, 1304, 1298, -1,
      1321, 1298, 508, -1,
      508, 1298, 2395, -1,
      508, 2395, 513, -1,
      513, 2395, 2336, -1,
      1309, 1333, 1310, -1,
      1310, 1333, 1332, -1,
      1310, 1332, 2401, -1,
      2401, 1332, 2402, -1,
      2377, 2376, 2403, -1,
      2377, 2403, 2404, -1,
      2404, 2403, 2405, -1,
      2404, 2405, 2406, -1,
      2406, 2405, 2407, -1,
      2406, 2407, 2408, -1,
      2408, 2407, 2409, -1,
      2408, 2409, 2410, -1,
      2410, 2409, 2411, -1,
      2410, 2411, 2412, -1,
      2412, 2411, 17, -1,
      2412, 17, 16, -1,
      2401, 2402, 2413, -1,
      2414, 109, 111, -1,
      111, 113, 2414, -1,
      2414, 113, 21, -1,
      2414, 21, 5, -1,
      2401, 2413, 2415, -1,
      2415, 2413, 2416, -1,
      2415, 2416, 2417, -1,
      2417, 2416, 2418, -1,
      2417, 2418, 2419, -1,
      2419, 2418, 2420, -1,
      2419, 2420, 2421, -1,
      2421, 2420, 2414, -1,
      2421, 2414, 2422, -1,
      2422, 2414, 5, -1,
      2422, 5, 4, -1,
      2423, 2424, 2400, -1,
      2400, 2424, 1286, -1,
      2400, 1286, 1285, -1,
      1333, 1309, 1334, -1,
      1334, 1309, 1308, -1,
      1334, 1308, 2425, -1,
      2425, 1308, 2426, -1,
      2427, 2428, 1279, -1,
      1279, 2428, 2399, -1,
      1279, 2399, 1280, -1,
      2429, 2430, 1327, -1,
      1327, 2430, 1305, -1,
      1327, 1305, 1328, -1,
      1328, 1305, 1304, -1,
      2423, 2428, 2424, -1,
      2424, 2428, 2427, -1,
      2429, 2425, 2430, -1,
      2430, 2425, 2426, -1,
      1357, 1381, 1358, -1,
      1358, 1381, 1380, -1,
      1358, 1380, 2431, -1,
      2431, 1380, 2432, -1,
      2, 1, 2433, -1,
      2431, 2432, 2434, -1,
      2431, 2434, 2435, -1,
      2435, 2434, 2436, -1,
      2435, 2436, 2437, -1,
      2437, 2436, 2438, -1,
      2437, 2438, 2439, -1,
      2439, 2438, 2440, -1,
      2439, 2440, 2441, -1,
      2441, 2440, 2442, -1,
      2441, 2442, 2433, -1,
      2442, 57, 19, -1,
      2442, 19, 2433, -1,
      2433, 19, 20, -1,
      2433, 20, 2, -1,
      2443, 2444, 1356, -1,
      1356, 2444, 1382, -1,
      1356, 1382, 1357, -1,
      1357, 1382, 1381, -1,
      1352, 1376, 1353, -1,
      1353, 1376, 1375, -1,
      1353, 1375, 2445, -1,
      2445, 1375, 2446, -1,
      2446, 2444, 2445, -1,
      2445, 2444, 2443, -1,
      1405, 1429, 1406, -1,
      1406, 1429, 1428, -1,
      1406, 1428, 2447, -1,
      2447, 1428, 2448, -1,
      2447, 2448, 2449, -1,
      2447, 2449, 2450, -1,
      2450, 2449, 2451, -1,
      2450, 2451, 2452, -1,
      2452, 2451, 2453, -1,
      2452, 2453, 2454, -1,
      2454, 2453, 2455, -1,
      2454, 2455, 2456, -1,
      2456, 2455, 2457, -1,
      2456, 2457, 2458, -1,
      2458, 2457, 67, -1,
      2458, 67, 68, -1,
      2459, 2460, 1404, -1,
      1404, 2460, 1430, -1,
      1404, 1430, 1405, -1,
      1405, 1430, 1429, -1,
      1400, 1424, 1401, -1,
      1401, 1424, 1423, -1,
      1401, 1423, 2461, -1,
      2461, 1423, 2462, -1,
      2462, 2460, 2461, -1,
      2461, 2460, 2459, -1,
      1453, 1477, 1454, -1,
      1454, 1477, 1476, -1,
      1454, 1476, 2463, -1,
      2463, 1476, 2464, -1,
      2463, 2464, 2465, -1,
      2463, 2465, 2466, -1,
      2466, 2465, 2467, -1,
      2466, 2467, 2468, -1,
      2468, 2467, 2469, -1,
      2468, 2469, 2470, -1,
      2470, 2469, 2471, -1,
      2470, 2471, 2472, -1,
      2472, 2471, 2473, -1,
      2472, 2473, 2474, -1,
      2474, 2473, 88, -1,
      2474, 88, 87, -1,
      2475, 2476, 1452, -1,
      1452, 2476, 1478, -1,
      1452, 1478, 1453, -1,
      1453, 1478, 1477, -1,
      1448, 1472, 1449, -1,
      1449, 1472, 1471, -1,
      1449, 1471, 2477, -1,
      2477, 1471, 2478, -1,
      2478, 2476, 2477, -1,
      2477, 2476, 2475, -1,
      1501, 1525, 1502, -1,
      1502, 1525, 1524, -1,
      1502, 1524, 2479, -1,
      2479, 1524, 2480, -1,
      2479, 2480, 2481, -1,
      2479, 2481, 2482, -1,
      2482, 2481, 2483, -1,
      2482, 2483, 2484, -1,
      2484, 2483, 2485, -1,
      2484, 2485, 2486, -1,
      2486, 2485, 2487, -1,
      2486, 2487, 2488, -1,
      2488, 2487, 2489, -1,
      2488, 2489, 2490, -1,
      2490, 2489, 70, -1,
      2490, 70, 69, -1,
      1525, 1501, 1526, -1,
      1526, 1501, 1500, -1,
      1526, 1500, 2491, -1,
      2491, 1500, 2492, -1,
      2493, 2494, 1519, -1,
      1519, 2494, 1497, -1,
      1519, 1497, 1520, -1,
      1520, 1497, 1496, -1,
      2493, 2491, 2494, -1,
      2494, 2491, 2492, -1,
      1549, 1573, 1550, -1,
      1550, 1573, 1572, -1,
      1550, 1572, 2495, -1,
      2495, 1572, 2496, -1,
      2495, 2496, 2497, -1,
      2495, 2497, 2498, -1,
      2498, 2497, 2499, -1,
      2498, 2499, 2500, -1,
      2500, 2499, 2501, -1,
      2500, 2501, 2502, -1,
      2502, 2501, 2503, -1,
      2502, 2503, 2504, -1,
      2504, 2503, 2505, -1,
      2504, 2505, 2506, -1,
      2506, 2505, 76, -1,
      2506, 76, 75, -1,
      2507, 2508, 1548, -1,
      1548, 2508, 1574, -1,
      1548, 1574, 1549, -1,
      1549, 1574, 1573, -1,
      1544, 1568, 1545, -1,
      1545, 1568, 1567, -1,
      1545, 1567, 2509, -1,
      2509, 1567, 2510, -1,
      2510, 2508, 2509, -1,
      2509, 2508, 2507, -1,
      1597, 1621, 1598, -1,
      1598, 1621, 1620, -1,
      1598, 1620, 2511, -1,
      2511, 1620, 2512, -1,
      2511, 2512, 2513, -1,
      2511, 2513, 2514, -1,
      2514, 2513, 2515, -1,
      2514, 2515, 2516, -1,
      2516, 2515, 2517, -1,
      2516, 2517, 2518, -1,
      2518, 2517, 2519, -1,
      2518, 2519, 2520, -1,
      2520, 2519, 2521, -1,
      2520, 2521, 2522, -1,
      2522, 2521, 82, -1,
      2522, 82, 81, -1,
      2523, 2524, 1596, -1,
      1596, 2524, 1622, -1,
      1596, 1622, 1597, -1,
      1597, 1622, 1621, -1,
      1592, 1616, 1593, -1,
      1593, 1616, 1615, -1,
      1593, 1615, 2525, -1,
      2525, 1615, 2526, -1,
      2526, 2524, 2525, -1,
      2525, 2524, 2523, -1,
      1645, 1669, 1646, -1,
      1646, 1669, 1668, -1,
      1646, 1668, 2527, -1,
      2527, 1668, 2528, -1,
      2527, 2528, 2529, -1,
      2527, 2529, 2530, -1,
      2530, 2529, 2531, -1,
      2530, 2531, 2532, -1,
      2532, 2531, 2533, -1,
      2532, 2533, 2534, -1,
      2534, 2533, 2535, -1,
      2534, 2535, 2536, -1,
      2536, 2535, 2537, -1,
      2536, 2537, 2538, -1,
      2538, 2537, 92, -1,
      2538, 92, 91, -1,
      2539, 2540, 1644, -1,
      1644, 2540, 1670, -1,
      1644, 1670, 1645, -1,
      1645, 1670, 1669, -1,
      1640, 1664, 1641, -1,
      1641, 1664, 1663, -1,
      1641, 1663, 2541, -1,
      2541, 1663, 2542, -1,
      2542, 2540, 2541, -1,
      2541, 2540, 2539, -1,
      1693, 1717, 1694, -1,
      1694, 1717, 1716, -1,
      1694, 1716, 2543, -1,
      2543, 1716, 2544, -1,
      2543, 2544, 2545, -1,
      2543, 2545, 2546, -1,
      2546, 2545, 2547, -1,
      2546, 2547, 2548, -1,
      2548, 2547, 2549, -1,
      2548, 2549, 2550, -1,
      2550, 2549, 2551, -1,
      2550, 2551, 2552, -1,
      2552, 2551, 2553, -1,
      2552, 2553, 2554, -1,
      2554, 2553, 98, -1,
      2554, 98, 97, -1,
      2555, 2556, 1692, -1,
      1692, 2556, 1718, -1,
      1692, 1718, 1693, -1,
      1693, 1718, 1717, -1,
      1688, 1712, 1689, -1,
      1689, 1712, 1711, -1,
      1689, 1711, 2557, -1,
      2557, 1711, 2558, -1,
      2558, 2556, 2557, -1,
      2557, 2556, 2555, -1,
      1741, 1765, 1742, -1,
      1742, 1765, 1764, -1,
      1742, 1764, 2559, -1,
      2559, 1764, 2560, -1,
      2559, 2560, 2561, -1,
      2562, 23, 22, -1,
      2559, 2561, 2563, -1,
      2563, 2561, 2564, -1,
      2563, 2564, 2565, -1,
      2565, 2564, 2566, -1,
      2565, 2566, 2567, -1,
      2567, 2566, 2568, -1,
      2567, 2568, 2569, -1,
      2569, 2568, 2562, -1,
      2569, 2562, 2570, -1,
      2570, 2562, 22, -1,
      2570, 22, 104, -1,
      2571, 2572, 1740, -1,
      1740, 2572, 1766, -1,
      1740, 1766, 1741, -1,
      1741, 1766, 1765, -1,
      1736, 1760, 1737, -1,
      1737, 1760, 1759, -1,
      1737, 1759, 2573, -1,
      2573, 1759, 2574, -1,
      2574, 2572, 2573, -1,
      2573, 2572, 2571, -1,
      1789, 1813, 1790, -1,
      1790, 1813, 1812, -1,
      1790, 1812, 2575, -1,
      2575, 1812, 2576, -1,
      2575, 2576, 2577, -1,
      2575, 2577, 2578, -1,
      2578, 2577, 2579, -1,
      2578, 2579, 2580, -1,
      2580, 2579, 2581, -1,
      2580, 2581, 2582, -1,
      2582, 2581, 2583, -1,
      2582, 2583, 2584, -1,
      2584, 2583, 2585, -1,
      2584, 2585, 2586, -1,
      2586, 2585, 28, -1,
      2586, 28, 27, -1,
      2587, 2588, 1788, -1,
      1788, 2588, 1814, -1,
      1788, 1814, 1789, -1,
      1789, 1814, 1813, -1,
      1784, 1808, 1785, -1,
      1785, 1808, 1807, -1,
      1785, 1807, 2589, -1,
      2589, 1807, 2590, -1,
      2590, 2588, 2589, -1,
      2589, 2588, 2587, -1,
      1837, 1861, 1838, -1,
      1838, 1861, 1860, -1,
      1838, 1860, 2591, -1,
      2591, 1860, 2592, -1,
      2591, 2592, 2593, -1,
      2591, 2593, 2594, -1,
      2594, 2593, 2595, -1,
      2594, 2595, 2596, -1,
      2596, 2595, 2597, -1,
      2596, 2597, 2598, -1,
      2598, 2597, 2599, -1,
      2598, 2599, 2600, -1,
      2600, 2599, 2601, -1,
      2600, 2601, 2602, -1,
      2602, 2601, 34, -1,
      2602, 34, 33, -1,
      2603, 2604, 1836, -1,
      1836, 2604, 1862, -1,
      1836, 1862, 1837, -1,
      1837, 1862, 1861, -1,
      1832, 1856, 1833, -1,
      1833, 1856, 1855, -1,
      1833, 1855, 2605, -1,
      2605, 1855, 2606, -1,
      2606, 2604, 2605, -1,
      2605, 2604, 2603, -1,
      1885, 1909, 1886, -1,
      1886, 1909, 1908, -1,
      1886, 1908, 2607, -1,
      2607, 1908, 2608, -1,
      2607, 2608, 2609, -1,
      2607, 2609, 2610, -1,
      2610, 2609, 2611, -1,
      2610, 2611, 2612, -1,
      2612, 2611, 2613, -1,
      2612, 2613, 2614, -1,
      2614, 2613, 2615, -1,
      2614, 2615, 2616, -1,
      2616, 2615, 2617, -1,
      2616, 2617, 2618, -1,
      2618, 2617, 40, -1,
      2618, 40, 39, -1,
      2619, 2620, 1884, -1,
      1884, 2620, 1910, -1,
      1884, 1910, 1885, -1,
      1885, 1910, 1909, -1,
      1880, 1904, 1881, -1,
      1881, 1904, 1903, -1,
      1881, 1903, 2621, -1,
      2621, 1903, 2622, -1,
      2622, 2620, 2621, -1,
      2621, 2620, 2619, -1,
      1933, 1957, 1934, -1,
      1934, 1957, 1956, -1,
      1934, 1956, 2623, -1,
      2623, 1956, 2624, -1,
      2623, 2624, 2625, -1,
      2623, 2625, 2626, -1,
      2626, 2625, 2627, -1,
      2626, 2627, 2628, -1,
      2628, 2627, 2629, -1,
      2628, 2629, 2630, -1,
      2630, 2629, 2631, -1,
      2630, 2631, 2632, -1,
      2632, 2631, 2633, -1,
      2632, 2633, 2634, -1,
      2634, 2633, 49, -1,
      2634, 49, 48, -1,
      2635, 2636, 1932, -1,
      1932, 2636, 1958, -1,
      1932, 1958, 1933, -1,
      1933, 1958, 1957, -1,
      1928, 1952, 1929, -1,
      1929, 1952, 1951, -1,
      1929, 1951, 2637, -1,
      2637, 1951, 2638, -1,
      2638, 2636, 2637, -1,
      2637, 2636, 2635, -1,
      1981, 2005, 1982, -1,
      1982, 2005, 2004, -1,
      1982, 2004, 2639, -1,
      2639, 2004, 2640, -1,
      2639, 2640, 2641, -1,
      2639, 2641, 2642, -1,
      2642, 2641, 2643, -1,
      2642, 2643, 2644, -1,
      2644, 2643, 2645, -1,
      2644, 2645, 2646, -1,
      2646, 2645, 2647, -1,
      2646, 2647, 2648, -1,
      2648, 2647, 2649, -1,
      2648, 2649, 2650, -1,
      2650, 2649, 115, -1,
      2650, 115, 114, -1,
      2651, 2652, 1980, -1,
      1980, 2652, 2006, -1,
      1980, 2006, 1981, -1,
      1981, 2006, 2005, -1,
      1976, 2000, 1977, -1,
      1977, 2000, 1999, -1,
      1977, 1999, 2653, -1,
      2653, 1999, 2654, -1,
      2654, 2652, 2653, -1,
      2653, 2652, 2651, -1,
      2389, 2387, 2655, -1,
      2389, 2655, 2656, -1,
      2656, 2655, 2657, -1,
      2656, 2657, 2658, -1,
      2658, 2657, 2659, -1,
      2658, 2659, 2660, -1,
      2660, 2659, 2661, -1,
      2660, 2661, 2662, -1,
      2662, 2661, 2663, -1,
      2662, 2663, 2664, -1,
      2664, 2663, 54, -1,
      2664, 54, 56, -1,
      2665, 2666, 2028, -1,
      2028, 2666, 2383, -1,
      2028, 2383, 2029, -1,
      2667, 2668, 2382, -1,
      2382, 2668, 2025, -1,
      2382, 2025, 2024, -1,
      2667, 2666, 2668, -1,
      2668, 2666, 2665, -1,
      2669, 2670, 1254, -1,
      1254, 2670, 2050, -1,
      1254, 2050, 1255, -1,
      1255, 2050, 2049, -1,
      2671, 2672, 2673, -1,
      2671, 2673, 2674, -1,
      2674, 2673, 2675, -1,
      2674, 2675, 2676, -1,
      2676, 2675, 2677, -1,
      2676, 2677, 2678, -1,
      2678, 2677, 2679, -1,
      2678, 2679, 2680, -1,
      2680, 2679, 2681, -1,
      2680, 2681, 2682, -1,
      2682, 2681, 2670, -1,
      2682, 2670, 2669, -1,
      2683, 2684, 1266, -1,
      1266, 2684, 2062, -1,
      1266, 2062, 1267, -1,
      1267, 2062, 2061, -1,
      1255, 2049, 1256, -1,
      1256, 2049, 2048, -1,
      1256, 2048, 2685, -1,
      2685, 2048, 2686, -1,
      2685, 2686, 2683, -1,
      2683, 2686, 2684, -1,
      2380, 2377, 2687, -1,
      2380, 2687, 2688, -1,
      2688, 2687, 2689, -1,
      2688, 2689, 2690, -1,
      2690, 2689, 2691, -1,
      2690, 2691, 2692, -1,
      2692, 2691, 2693, -1,
      2692, 2693, 2694, -1,
      2694, 2693, 2695, -1,
      2694, 2695, 2696, -1,
      2696, 2695, 2697, -1,
      2696, 2697, 2698, -1,
      2699, 2700, 2701, -1,
      2702, 2370, 2703, -1,
      2703, 2370, 2369, -1,
      2703, 2369, 2332, -1,
      2331, 2704, 2332, -1,
      2332, 2704, 2705, -1,
      2332, 2705, 2703, -1,
      2703, 2705, 2706, -1,
      2706, 2698, 2697, -1,
      2697, 2699, 2706, -1,
      2706, 2699, 2701, -1,
      2706, 2701, 2703, -1,
      2703, 2701, 2707, -1,
      2703, 2707, 2708, -1,
      2390, 2392, 2709, -1,
      2390, 2709, 2710, -1,
      2710, 2709, 2711, -1,
      2710, 2711, 2712, -1,
      2712, 2711, 2713, -1,
      2712, 2713, 2714, -1,
      2714, 2713, 2715, -1,
      2714, 2715, 2716, -1,
      2716, 2715, 2717, -1,
      2716, 2717, 2718, -1,
      2718, 2717, 2719, -1,
      2718, 2719, 2720, -1,
      2721, 2722, 2723, -1,
      2723, 2724, 2725, -1,
      2725, 2724, 2726, -1,
      2721, 2723, 2727, -1,
      2727, 2723, 2725, -1,
      2727, 2725, 2728, -1,
      2729, 2730, 2731, -1,
      2731, 2730, 2727, -1,
      2731, 2727, 2732, -1,
      2732, 2727, 2728, -1,
      2732, 2728, 2719, -1,
      2719, 2728, 2720, -1,
      2336, 2397, 2733, -1,
      2336, 2733, 2338, -1,
      2338, 2733, 2734, -1,
      2338, 2734, 2337, -1,
      2337, 2734, 2735, -1,
      2337, 2735, 2335, -1,
      2335, 2735, 2736, -1,
      2335, 2736, 2339, -1,
      2339, 2736, 2737, -1,
      2339, 2737, 2334, -1,
      2334, 2737, 2704, -1,
      2334, 2704, 2331, -1,
      2387, 2385, 2738, -1,
      2387, 2738, 2739, -1,
      2739, 2738, 2740, -1,
      2739, 2740, 2741, -1,
      2741, 2740, 2742, -1,
      2741, 2742, 2743, -1,
      2743, 2742, 2744, -1,
      2743, 2744, 2745, -1,
      2745, 2744, 2746, -1,
      2745, 2746, 2747, -1,
      2747, 2746, 2726, -1,
      2747, 2726, 2724, -1,
      2748, 2075, 2074, -1,
      2749, 2750, 2074, -1,
      2074, 2750, 2751, -1,
      2074, 2751, 2748, -1,
      2752, 2753, 2754, -1,
      2754, 2753, 2755, -1,
      2756, 2757, 2758, -1,
      2759, 2760, 2761, -1,
      2758, 2757, 2762, -1,
      2763, 2701, 2764, -1,
      2764, 2701, 2765, -1,
      2766, 2767, 2707, -1,
      2768, 2769, 2770, -1,
      2770, 2769, 2771, -1,
      2772, 2773, 2727, -1,
      2727, 2773, 2774, -1,
      2727, 2774, 2775, -1,
      2765, 2701, 2757, -1,
      2757, 2701, 2776, -1,
      2757, 2776, 2762, -1,
      2777, 2778, 2779, -1,
      2772, 2727, 2780, -1,
      2780, 2727, 2781, -1,
      2780, 2781, 2782, -1,
      2775, 2783, 2727, -1,
      2727, 2783, 2784, -1,
      2727, 2784, 2721, -1,
      2721, 2784, 2785, -1,
      2721, 2785, 2786, -1,
      2763, 2787, 2701, -1,
      2701, 2787, 2788, -1,
      2701, 2788, 2707, -1,
      2707, 2788, 2789, -1,
      2707, 2789, 2790, -1,
      2790, 2791, 2707, -1,
      2707, 2791, 2792, -1,
      2707, 2792, 2793, -1,
      2793, 2794, 2795, -1,
      2796, 2797, 2777, -1,
      2778, 2798, 2779, -1,
      2779, 2798, 2799, -1,
      2779, 2799, 2800, -1,
      2782, 2801, 2780, -1,
      2780, 2801, 2770, -1,
      2780, 2770, 2802, -1,
      2802, 2770, 2771, -1,
      2802, 2771, 2803, -1,
      2804, 2805, 2753, -1,
      2753, 2805, 2806, -1,
      2753, 2806, 2807, -1,
      2807, 2806, 2808, -1,
      2809, 2810, 2811, -1,
      2811, 2810, 2756, -1,
      2811, 2756, 2812, -1,
      2812, 2756, 2758, -1,
      2812, 2758, 2808, -1,
      2808, 2758, 2813, -1,
      2808, 2813, 2807, -1,
      2796, 2777, 2814, -1,
      2814, 2777, 2779, -1,
      2814, 2779, 2761, -1,
      2761, 2779, 2815, -1,
      2761, 2815, 2759, -1,
      2800, 2816, 2779, -1,
      2779, 2816, 2817, -1,
      2779, 2817, 2818, -1,
      2818, 2817, 2819, -1,
      2818, 2819, 2820, -1,
      2820, 2819, 2821, -1,
      2768, 2770, 2822, -1,
      2822, 2770, 2823, -1,
      2822, 2823, 2824, -1,
      2824, 2823, 2825, -1,
      2824, 2825, 2821, -1,
      2821, 2825, 2826, -1,
      2821, 2826, 2820, -1,
      2827, 2828, 2829, -1,
      2829, 2828, 2830, -1,
      2829, 2830, 2831, -1,
      2767, 2832, 2707, -1,
      2707, 2832, 2833, -1,
      2707, 2833, 2834, -1,
      2834, 2833, 2761, -1,
      2834, 2761, 2835, -1,
      2835, 2761, 2760, -1,
      2836, 2837, 2752, -1,
      2752, 2837, 2838, -1,
      2839, 2840, 2841, -1,
      2841, 2840, 2842, -1,
      2841, 2842, 2793, -1,
      2793, 2842, 2843, -1,
      2793, 2843, 2794, -1,
      2795, 2844, 2793, -1,
      2793, 2844, 2845, -1,
      2793, 2845, 2707, -1,
      2707, 2845, 2846, -1,
      2707, 2846, 2766, -1,
      2786, 2847, 2721, -1,
      2721, 2847, 2848, -1,
      2721, 2848, 2849, -1,
      2849, 2848, 2831, -1,
      2849, 2831, 2850, -1,
      2850, 2831, 2830, -1,
      2850, 2830, 2851, -1,
      2838, 2852, 2752, -1,
      2752, 2852, 2853, -1,
      2752, 2853, 2753, -1,
      2753, 2853, 2854, -1,
      2753, 2854, 2804, -1,
      2752, 2855, 2836, -1,
      2836, 2855, 2856, -1,
      2836, 2856, 2851, -1,
      2851, 2856, 2857, -1,
      2851, 2857, 2850, -1,
      2858, 2859, 2860, -1,
      2859, 2861, 2860, -1,
      2860, 2861, 2862, -1,
      2860, 2862, 2863, -1,
      2864, 2865, 2866, -1,
      2866, 2865, 2867, -1,
      2866, 2867, 2868, -1,
      2869, 2870, 2871, -1,
      2871, 2870, 2872, -1,
      2871, 2872, 2868, -1,
      2858, 2860, 2873, -1,
      2873, 2860, 2874, -1,
      2873, 2874, 2875, -1,
      2872, 2876, 2868, -1,
      2868, 2876, 2877, -1,
      2868, 2877, 2878, -1,
      2879, 2880, 2866, -1,
      2880, 2881, 2866, -1,
      2866, 2881, 2882, -1,
      2866, 2882, 2883, -1,
      2863, 2884, 2860, -1,
      2860, 2884, 2885, -1,
      2860, 2885, 2866, -1,
      2866, 2885, 2886, -1,
      2866, 2886, 2864, -1,
      2887, 2888, 2889, -1,
      2889, 2888, 2866, -1,
      2889, 2866, 2890, -1,
      2890, 2866, 2883, -1,
      2878, 2891, 2868, -1,
      2868, 2891, 2892, -1,
      2868, 2892, 2866, -1,
      2866, 2892, 2893, -1,
      2866, 2893, 2879, -1,
      2894, 2895, 2896, -1,
      2896, 2895, 2897, -1,
      2896, 2897, 2898, -1,
      2899, 2900, 2901, -1,
      2902, 2903, 2904, -1,
      2904, 2903, 2901, -1,
      2898, 2905, 2896, -1,
      2896, 2905, 2906, -1,
      2896, 2906, 2907, -1,
      2899, 2901, 2908, -1,
      2900, 2909, 2901, -1,
      2901, 2909, 2910, -1,
      2901, 2910, 2904, -1,
      2907, 2911, 2896, -1,
      2896, 2911, 2912, -1,
      2896, 2912, 2901, -1,
      2901, 2912, 2913, -1,
      2901, 2913, 2908, -1,
      2779, 2818, 2914, -1,
      2914, 2818, 2915, -1,
      2916, 2917, 2918, -1,
      2918, 2917, 2919, -1,
      2920, 2921, 2922, -1,
      2922, 2921, 2923, -1,
      2924, 2925, 2926, -1,
      2926, 2925, 2927, -1,
      2928, 2929, 2930, -1,
      2930, 2929, 2931, -1,
      2932, 2933, 2934, -1,
      2934, 2933, 2935, -1,
      2936, 2937, 2938, -1,
      2938, 2937, 2939, -1,
      2940, 2941, 2942, -1,
      2942, 2941, 2943, -1,
      2944, 2945, 2946, -1,
      2946, 2945, 2947, -1,
      2948, 2949, 2950, -1,
      2950, 2949, 2951, -1,
      2952, 2953, 2954, -1,
      2954, 2953, 2955, -1,
      2956, 2957, 2958, -1,
      2958, 2957, 2959, -1,
      2960, 2961, 2962, -1,
      2962, 2961, 2963, -1,
      2964, 2965, 2966, -1,
      2966, 2965, 2967, -1,
      2968, 2969, 2970, -1,
      2970, 2969, 2971, -1,
      2961, 2960, 2972, -1,
      2972, 2960, 2973, -1,
      2972, 2973, 2974, -1,
      2974, 2973, 2975, -1,
      2974, 2975, 2976, -1,
      2976, 2975, 2977, -1,
      2976, 2977, 2978, -1,
      2978, 2977, 2979, -1,
      2978, 2979, 2980, -1,
      2980, 2979, 2981, -1,
      2980, 2981, 2971, -1,
      2971, 2981, 2970, -1,
      2958, 2959, 2982, -1,
      2982, 2959, 2983, -1,
      2982, 2983, 2984, -1,
      2984, 2983, 2985, -1,
      2984, 2985, 2986, -1,
      2986, 2985, 2987, -1,
      2986, 2987, 2988, -1,
      2988, 2987, 2989, -1,
      2988, 2989, 2990, -1,
      2990, 2989, 2991, -1,
      2990, 2991, 2968, -1,
      2968, 2991, 2969, -1,
      2967, 2965, 2992, -1,
      2992, 2965, 2993, -1,
      2992, 2993, 2994, -1,
      2994, 2993, 2995, -1,
      2994, 2995, 2996, -1,
      2996, 2995, 2997, -1,
      2996, 2997, 2998, -1,
      2998, 2997, 2999, -1,
      2998, 2999, 3000, -1,
      3000, 2999, 3001, -1,
      3000, 3001, 2969, -1,
      2969, 3001, 2971, -1,
      3002, 3003, 3004, -1,
      3003, 3002, 2965, -1,
      2965, 3005, 2993, -1,
      3006, 3005, 2965, -1,
      2995, 2993, 3007, -1,
      3007, 2993, 3005, -1,
      3007, 3005, 3008, -1,
      3008, 3005, 3006, -1,
      3008, 3006, 3009, -1,
      3010, 3004, 3011, -1,
      3011, 3004, 3003, -1,
      3011, 3003, 3012, -1,
      3012, 3003, 2965, -1,
      2997, 2995, 3013, -1,
      3013, 2995, 3007, -1,
      3013, 3007, 3014, -1,
      3014, 3007, 3008, -1,
      3014, 3008, 3015, -1,
      3015, 3008, 3009, -1,
      3015, 3009, 3016, -1,
      3017, 3010, 3018, -1,
      3018, 3010, 3011, -1,
      3018, 3011, 3019, -1,
      3019, 3011, 3012, -1,
      3019, 3012, 3020, -1,
      3020, 3012, 2965, -1,
      2999, 2997, 3021, -1,
      3021, 2997, 3013, -1,
      3021, 3013, 3022, -1,
      3022, 3013, 3014, -1,
      3022, 3014, 3023, -1,
      3023, 3014, 3015, -1,
      3023, 3015, 3024, -1,
      3024, 3015, 3016, -1,
      3024, 3016, 3025, -1,
      3017, 3025, 3010, -1,
      3010, 3025, 3016, -1,
      3010, 3016, 3004, -1,
      3004, 3016, 3009, -1,
      3004, 3009, 3002, -1,
      3002, 3009, 3006, -1,
      3002, 3006, 2965, -1,
      3017, 3026, 3025, -1,
      3025, 3026, 3027, -1,
      3025, 3027, 3024, -1,
      3024, 3027, 3028, -1,
      3024, 3028, 3023, -1,
      3023, 3028, 3029, -1,
      3023, 3029, 3022, -1,
      3022, 3029, 3030, -1,
      3022, 3030, 3021, -1,
      3021, 3030, 3031, -1,
      3021, 3031, 2999, -1,
      2999, 3031, 3001, -1,
      3026, 2961, 3027, -1,
      3027, 2961, 2972, -1,
      3027, 2972, 3028, -1,
      3028, 2972, 2974, -1,
      3028, 2974, 3029, -1,
      3029, 2974, 2976, -1,
      3029, 2976, 3030, -1,
      3030, 2976, 2978, -1,
      3030, 2978, 3031, -1,
      3031, 2978, 2980, -1,
      3031, 2980, 3001, -1,
      3001, 2980, 2971, -1,
      3032, 3033, 3034, -1,
      3033, 3032, 2967, -1,
      2967, 3035, 3036, -1,
      3037, 3035, 2967, -1,
      3038, 3036, 3039, -1,
      3039, 3036, 3035, -1,
      3039, 3035, 3040, -1,
      3040, 3035, 3037, -1,
      3040, 3037, 3041, -1,
      3042, 3034, 3043, -1,
      3043, 3034, 3033, -1,
      3043, 3033, 3044, -1,
      3044, 3033, 2967, -1,
      3045, 3038, 3046, -1,
      3046, 3038, 3039, -1,
      3046, 3039, 3047, -1,
      3047, 3039, 3040, -1,
      3047, 3040, 3048, -1,
      3048, 3040, 3041, -1,
      3048, 3041, 3049, -1,
      2998, 3042, 2996, -1,
      2996, 3042, 3043, -1,
      2996, 3043, 2994, -1,
      2994, 3043, 3044, -1,
      2994, 3044, 2992, -1,
      2992, 3044, 2967, -1,
      3050, 3045, 3051, -1,
      3051, 3045, 3046, -1,
      3051, 3046, 3052, -1,
      3052, 3046, 3047, -1,
      3052, 3047, 3053, -1,
      3053, 3047, 3048, -1,
      3053, 3048, 3054, -1,
      3054, 3048, 3049, -1,
      3054, 3049, 3055, -1,
      2998, 3055, 3042, -1,
      3042, 3055, 3049, -1,
      3042, 3049, 3034, -1,
      3034, 3049, 3041, -1,
      3034, 3041, 3032, -1,
      3032, 3041, 3037, -1,
      3032, 3037, 2967, -1,
      2998, 3000, 3055, -1,
      3055, 3000, 3056, -1,
      3055, 3056, 3054, -1,
      3054, 3056, 3057, -1,
      3054, 3057, 3053, -1,
      3053, 3057, 3058, -1,
      3053, 3058, 3052, -1,
      3052, 3058, 3059, -1,
      3052, 3059, 3051, -1,
      3051, 3059, 3060, -1,
      3051, 3060, 3050, -1,
      3050, 3060, 3061, -1,
      3000, 2969, 3056, -1,
      3056, 2969, 2991, -1,
      3056, 2991, 3057, -1,
      3057, 2991, 2989, -1,
      3057, 2989, 3058, -1,
      3058, 2989, 2987, -1,
      3058, 2987, 3059, -1,
      3059, 2987, 2985, -1,
      3059, 2985, 3060, -1,
      3060, 2985, 2983, -1,
      3060, 2983, 3061, -1,
      3061, 2983, 2959, -1,
      2965, 2964, 3020, -1,
      3020, 2964, 3062, -1,
      3020, 3062, 3019, -1,
      3019, 3062, 3063, -1,
      3019, 3063, 3018, -1,
      3018, 3063, 3064, -1,
      3018, 3064, 3017, -1,
      3017, 3064, 3065, -1,
      3017, 3065, 3026, -1,
      3026, 3065, 3066, -1,
      3026, 3066, 2961, -1,
      2961, 3066, 2963, -1,
      2962, 2963, 3067, -1,
      2962, 3067, 3068, -1,
      3068, 3067, 3069, -1,
      3068, 3069, 3070, -1,
      3070, 3069, 3071, -1,
      3070, 3071, 3072, -1,
      3072, 3071, 3073, -1,
      3072, 3073, 3074, -1,
      3074, 3073, 3075, -1,
      3074, 3075, 3076, -1,
      3076, 3075, 2873, -1,
      3076, 2873, 2875, -1,
      2957, 2956, 3077, -1,
      2957, 3077, 3078, -1,
      3078, 3077, 3079, -1,
      3078, 3079, 3080, -1,
      3080, 3079, 3081, -1,
      3080, 3081, 3082, -1,
      3082, 3081, 3083, -1,
      3082, 3083, 3084, -1,
      3084, 3083, 3085, -1,
      3084, 3085, 3086, -1,
      3086, 3085, 2869, -1,
      3086, 2869, 2871, -1,
      2966, 2967, 3087, -1,
      3087, 2967, 3036, -1,
      3087, 3036, 3088, -1,
      3088, 3036, 3038, -1,
      3088, 3038, 3089, -1,
      3089, 3038, 3045, -1,
      3089, 3045, 3090, -1,
      3090, 3045, 3050, -1,
      3090, 3050, 3091, -1,
      3091, 3050, 3061, -1,
      3091, 3061, 2957, -1,
      2957, 3061, 2959, -1,
      2884, 2863, 3092, -1,
      3092, 2863, 3093, -1,
      3092, 3093, 3094, -1,
      3094, 3093, 3095, -1,
      3094, 3095, 3096, -1,
      3096, 3095, 3097, -1,
      3096, 3097, 3098, -1,
      3098, 3097, 3099, -1,
      3098, 3099, 3100, -1,
      3100, 3099, 3101, -1,
      3100, 3101, 2964, -1,
      2964, 3101, 3062, -1,
      2863, 2862, 3093, -1,
      3093, 2862, 3102, -1,
      3093, 3102, 3095, -1,
      3095, 3102, 3103, -1,
      3095, 3103, 3097, -1,
      3097, 3103, 3104, -1,
      3097, 3104, 3099, -1,
      3099, 3104, 3105, -1,
      3099, 3105, 3101, -1,
      3101, 3105, 3106, -1,
      3101, 3106, 3062, -1,
      3062, 3106, 3063, -1,
      2862, 2861, 3102, -1,
      3102, 2861, 3107, -1,
      3102, 3107, 3103, -1,
      3103, 3107, 3108, -1,
      3103, 3108, 3104, -1,
      3104, 3108, 3109, -1,
      3104, 3109, 3105, -1,
      3105, 3109, 3110, -1,
      3105, 3110, 3106, -1,
      3106, 3110, 3111, -1,
      3106, 3111, 3063, -1,
      3063, 3111, 3064, -1,
      2861, 2859, 3107, -1,
      3107, 2859, 3112, -1,
      3107, 3112, 3108, -1,
      3108, 3112, 3113, -1,
      3108, 3113, 3109, -1,
      3109, 3113, 3114, -1,
      3109, 3114, 3110, -1,
      3110, 3114, 3115, -1,
      3110, 3115, 3111, -1,
      3111, 3115, 3116, -1,
      3111, 3116, 3064, -1,
      3064, 3116, 3065, -1,
      2859, 2858, 3112, -1,
      3112, 2858, 3117, -1,
      3112, 3117, 3113, -1,
      3113, 3117, 3118, -1,
      3113, 3118, 3114, -1,
      3114, 3118, 3119, -1,
      3114, 3119, 3115, -1,
      3115, 3119, 3120, -1,
      3115, 3120, 3116, -1,
      3116, 3120, 3121, -1,
      3116, 3121, 3065, -1,
      3065, 3121, 3066, -1,
      2858, 2873, 3117, -1,
      3117, 2873, 3075, -1,
      3117, 3075, 3118, -1,
      3118, 3075, 3073, -1,
      3118, 3073, 3119, -1,
      3119, 3073, 3071, -1,
      3119, 3071, 3120, -1,
      3120, 3071, 3069, -1,
      3120, 3069, 3121, -1,
      3121, 3069, 3067, -1,
      3121, 3067, 3066, -1,
      3066, 3067, 2963, -1,
      2871, 2868, 3086, -1,
      3086, 2868, 3122, -1,
      3086, 3122, 3084, -1,
      3084, 3122, 3123, -1,
      3084, 3123, 3082, -1,
      3082, 3123, 3124, -1,
      3082, 3124, 3080, -1,
      3080, 3124, 3125, -1,
      3080, 3125, 3078, -1,
      3078, 3125, 3126, -1,
      3078, 3126, 2957, -1,
      2957, 3126, 3091, -1,
      2868, 2867, 3122, -1,
      3122, 2867, 3127, -1,
      3122, 3127, 3123, -1,
      3123, 3127, 3128, -1,
      3123, 3128, 3124, -1,
      3124, 3128, 3129, -1,
      3124, 3129, 3125, -1,
      3125, 3129, 3130, -1,
      3125, 3130, 3126, -1,
      3126, 3130, 3131, -1,
      3126, 3131, 3091, -1,
      3091, 3131, 3090, -1,
      2867, 2865, 3127, -1,
      3127, 2865, 3132, -1,
      3127, 3132, 3128, -1,
      3128, 3132, 3133, -1,
      3128, 3133, 3129, -1,
      3129, 3133, 3134, -1,
      3129, 3134, 3130, -1,
      3130, 3134, 3135, -1,
      3130, 3135, 3131, -1,
      3131, 3135, 3136, -1,
      3131, 3136, 3090, -1,
      3090, 3136, 3089, -1,
      2865, 2864, 3132, -1,
      3132, 2864, 3137, -1,
      3132, 3137, 3133, -1,
      3133, 3137, 3138, -1,
      3133, 3138, 3134, -1,
      3134, 3138, 3139, -1,
      3134, 3139, 3135, -1,
      3135, 3139, 3140, -1,
      3135, 3140, 3136, -1,
      3136, 3140, 3141, -1,
      3136, 3141, 3089, -1,
      3089, 3141, 3088, -1,
      2864, 2886, 3137, -1,
      3137, 2886, 3142, -1,
      3137, 3142, 3138, -1,
      3138, 3142, 3143, -1,
      3138, 3143, 3139, -1,
      3139, 3143, 3144, -1,
      3139, 3144, 3140, -1,
      3140, 3144, 3145, -1,
      3140, 3145, 3141, -1,
      3141, 3145, 3146, -1,
      3141, 3146, 3088, -1,
      3088, 3146, 3087, -1,
      2886, 2885, 3142, -1,
      3142, 2885, 3147, -1,
      3142, 3147, 3143, -1,
      3143, 3147, 3148, -1,
      3143, 3148, 3144, -1,
      3144, 3148, 3149, -1,
      3144, 3149, 3145, -1,
      3145, 3149, 3150, -1,
      3145, 3150, 3146, -1,
      3146, 3150, 3151, -1,
      3146, 3151, 3087, -1,
      3087, 3151, 2966, -1,
      2964, 2966, 3151, -1,
      2964, 3151, 3100, -1,
      3100, 3151, 3150, -1,
      3100, 3150, 3098, -1,
      3098, 3150, 3149, -1,
      3098, 3149, 3096, -1,
      3096, 3149, 3148, -1,
      3096, 3148, 3094, -1,
      3094, 3148, 3147, -1,
      3094, 3147, 3092, -1,
      3092, 3147, 2885, -1,
      3092, 2885, 2884, -1,
      2942, 2943, 3152, -1,
      2942, 3152, 3153, -1,
      3153, 3152, 3154, -1,
      3153, 3154, 3155, -1,
      3155, 3154, 3156, -1,
      3155, 3156, 3157, -1,
      3157, 3156, 3158, -1,
      3157, 3158, 3159, -1,
      3159, 3158, 3160, -1,
      3159, 3160, 3161, -1,
      3161, 3160, 2872, -1,
      3161, 2872, 2870, -1,
      2954, 2955, 3162, -1,
      3162, 2955, 3163, -1,
      3162, 3163, 3164, -1,
      3164, 3163, 3165, -1,
      3164, 3165, 3166, -1,
      3166, 3165, 3167, -1,
      3166, 3167, 3168, -1,
      3168, 3167, 3169, -1,
      3168, 3169, 3170, -1,
      3170, 3169, 3171, -1,
      3170, 3171, 2940, -1,
      2940, 3171, 2941, -1,
      2943, 2941, 3172, -1,
      3172, 2941, 3173, -1,
      3172, 3173, 3174, -1,
      3174, 3173, 3175, -1,
      3174, 3175, 3176, -1,
      3176, 3175, 3177, -1,
      3176, 3177, 3178, -1,
      3178, 3177, 3179, -1,
      3178, 3179, 3180, -1,
      3180, 3179, 3181, -1,
      3180, 3181, 2949, -1,
      2949, 3181, 2951, -1,
      2893, 2892, 3182, -1,
      3182, 2892, 3183, -1,
      3182, 3183, 3184, -1,
      3184, 3183, 3185, -1,
      3184, 3185, 3186, -1,
      3186, 3185, 3187, -1,
      3186, 3187, 3188, -1,
      3188, 3187, 3189, -1,
      3188, 3189, 3190, -1,
      3190, 3189, 3191, -1,
      3190, 3191, 2949, -1,
      2949, 3191, 3180, -1,
      2892, 2891, 3183, -1,
      3183, 2891, 3192, -1,
      3183, 3192, 3185, -1,
      3185, 3192, 3193, -1,
      3185, 3193, 3187, -1,
      3187, 3193, 3194, -1,
      3187, 3194, 3189, -1,
      3189, 3194, 3195, -1,
      3189, 3195, 3191, -1,
      3191, 3195, 3196, -1,
      3191, 3196, 3180, -1,
      3180, 3196, 3178, -1,
      2891, 2878, 3192, -1,
      3192, 2878, 3197, -1,
      3192, 3197, 3193, -1,
      3193, 3197, 3198, -1,
      3193, 3198, 3194, -1,
      3194, 3198, 3199, -1,
      3194, 3199, 3195, -1,
      3195, 3199, 3200, -1,
      3195, 3200, 3196, -1,
      3196, 3200, 3201, -1,
      3196, 3201, 3178, -1,
      3178, 3201, 3176, -1,
      2878, 2877, 3197, -1,
      3197, 2877, 3202, -1,
      3197, 3202, 3198, -1,
      3198, 3202, 3203, -1,
      3198, 3203, 3199, -1,
      3199, 3203, 3204, -1,
      3199, 3204, 3200, -1,
      3200, 3204, 3205, -1,
      3200, 3205, 3201, -1,
      3201, 3205, 3206, -1,
      3201, 3206, 3176, -1,
      3176, 3206, 3174, -1,
      2877, 2876, 3202, -1,
      3202, 2876, 3207, -1,
      3202, 3207, 3203, -1,
      3203, 3207, 3208, -1,
      3203, 3208, 3204, -1,
      3204, 3208, 3209, -1,
      3204, 3209, 3205, -1,
      3205, 3209, 3210, -1,
      3205, 3210, 3206, -1,
      3206, 3210, 3211, -1,
      3206, 3211, 3174, -1,
      3174, 3211, 3172, -1,
      2876, 2872, 3207, -1,
      3207, 2872, 3160, -1,
      3207, 3160, 3208, -1,
      3208, 3160, 3158, -1,
      3208, 3158, 3209, -1,
      3209, 3158, 3156, -1,
      3209, 3156, 3210, -1,
      3210, 3156, 3154, -1,
      3210, 3154, 3211, -1,
      3211, 3154, 3152, -1,
      3211, 3152, 3172, -1,
      3172, 3152, 2943, -1,
      3212, 3213, 3214, -1,
      3213, 3212, 2951, -1,
      2951, 3215, 3216, -1,
      3217, 3215, 2951, -1,
      3218, 3216, 3219, -1,
      3219, 3216, 3215, -1,
      3219, 3215, 3220, -1,
      3220, 3215, 3217, -1,
      3220, 3217, 3221, -1,
      3222, 3214, 3223, -1,
      3223, 3214, 3213, -1,
      3223, 3213, 3224, -1,
      3224, 3213, 2951, -1,
      3225, 3218, 3226, -1,
      3226, 3218, 3219, -1,
      3226, 3219, 3227, -1,
      3227, 3219, 3220, -1,
      3227, 3220, 3228, -1,
      3228, 3220, 3221, -1,
      3228, 3221, 3229, -1,
      3175, 3222, 3177, -1,
      3177, 3222, 3223, -1,
      3177, 3223, 3179, -1,
      3179, 3223, 3224, -1,
      3179, 3224, 3181, -1,
      3181, 3224, 2951, -1,
      3230, 3225, 3231, -1,
      3231, 3225, 3226, -1,
      3231, 3226, 3232, -1,
      3232, 3226, 3227, -1,
      3232, 3227, 3233, -1,
      3233, 3227, 3228, -1,
      3233, 3228, 3234, -1,
      3234, 3228, 3229, -1,
      3234, 3229, 3235, -1,
      3175, 3235, 3222, -1,
      3222, 3235, 3229, -1,
      3222, 3229, 3214, -1,
      3214, 3229, 3221, -1,
      3214, 3221, 3212, -1,
      3212, 3221, 3217, -1,
      3212, 3217, 2951, -1,
      3175, 3173, 3235, -1,
      3235, 3173, 3236, -1,
      3235, 3236, 3234, -1,
      3234, 3236, 3237, -1,
      3234, 3237, 3233, -1,
      3233, 3237, 3238, -1,
      3233, 3238, 3232, -1,
      3232, 3238, 3239, -1,
      3232, 3239, 3231, -1,
      3231, 3239, 3240, -1,
      3231, 3240, 3230, -1,
      3230, 3240, 3241, -1,
      3173, 2941, 3236, -1,
      3236, 2941, 3171, -1,
      3236, 3171, 3237, -1,
      3237, 3171, 3169, -1,
      3237, 3169, 3238, -1,
      3238, 3169, 3167, -1,
      3238, 3167, 3239, -1,
      3239, 3167, 3165, -1,
      3239, 3165, 3240, -1,
      3240, 3165, 3163, -1,
      3240, 3163, 3241, -1,
      3241, 3163, 2955, -1,
      2949, 2948, 3242, -1,
      2949, 3242, 3190, -1,
      3190, 3242, 3243, -1,
      3190, 3243, 3188, -1,
      3188, 3243, 3244, -1,
      3188, 3244, 3186, -1,
      3186, 3244, 3245, -1,
      3186, 3245, 3184, -1,
      3184, 3245, 3246, -1,
      3184, 3246, 3182, -1,
      3182, 3246, 2879, -1,
      3182, 2879, 2893, -1,
      2945, 2944, 3247, -1,
      2945, 3247, 3248, -1,
      3248, 3247, 3249, -1,
      3248, 3249, 3250, -1,
      3250, 3249, 3251, -1,
      3250, 3251, 3252, -1,
      3252, 3251, 3253, -1,
      3252, 3253, 3254, -1,
      3254, 3253, 3255, -1,
      3254, 3255, 3256, -1,
      3256, 3255, 2887, -1,
      3256, 2887, 2889, -1,
      2953, 2952, 3257, -1,
      3257, 2952, 3258, -1,
      3257, 3258, 3259, -1,
      3259, 3258, 3260, -1,
      3259, 3260, 3261, -1,
      3261, 3260, 3262, -1,
      3261, 3262, 3263, -1,
      3263, 3262, 3264, -1,
      3263, 3264, 3265, -1,
      3265, 3264, 3266, -1,
      3265, 3266, 2947, -1,
      2947, 3266, 2946, -1,
      2955, 2953, 3241, -1,
      3241, 2953, 3267, -1,
      3241, 3267, 3230, -1,
      3230, 3267, 3268, -1,
      3230, 3268, 3225, -1,
      3225, 3268, 3269, -1,
      3225, 3269, 3218, -1,
      3218, 3269, 3270, -1,
      3218, 3270, 3216, -1,
      3216, 3270, 3271, -1,
      3216, 3271, 2951, -1,
      2951, 3271, 2950, -1,
      2889, 2890, 3256, -1,
      3256, 2890, 3272, -1,
      3256, 3272, 3254, -1,
      3254, 3272, 3273, -1,
      3254, 3273, 3252, -1,
      3252, 3273, 3274, -1,
      3252, 3274, 3250, -1,
      3250, 3274, 3275, -1,
      3250, 3275, 3248, -1,
      3248, 3275, 3276, -1,
      3248, 3276, 2945, -1,
      2945, 3276, 3277, -1,
      2890, 2883, 3272, -1,
      3272, 2883, 3278, -1,
      3272, 3278, 3273, -1,
      3273, 3278, 3279, -1,
      3273, 3279, 3274, -1,
      3274, 3279, 3280, -1,
      3274, 3280, 3275, -1,
      3275, 3280, 3281, -1,
      3275, 3281, 3276, -1,
      3276, 3281, 3282, -1,
      3276, 3282, 3277, -1,
      3277, 3282, 3283, -1,
      2883, 2882, 3278, -1,
      3278, 2882, 3284, -1,
      3278, 3284, 3279, -1,
      3279, 3284, 3285, -1,
      3279, 3285, 3280, -1,
      3280, 3285, 3286, -1,
      3280, 3286, 3281, -1,
      3281, 3286, 3287, -1,
      3281, 3287, 3282, -1,
      3282, 3287, 3288, -1,
      3282, 3288, 3283, -1,
      3283, 3288, 3289, -1,
      2882, 2881, 3284, -1,
      3284, 2881, 3290, -1,
      3284, 3290, 3285, -1,
      3285, 3290, 3291, -1,
      3285, 3291, 3286, -1,
      3286, 3291, 3292, -1,
      3286, 3292, 3287, -1,
      3287, 3292, 3293, -1,
      3287, 3293, 3288, -1,
      3288, 3293, 3294, -1,
      3288, 3294, 3289, -1,
      3289, 3294, 3295, -1,
      2881, 2880, 3290, -1,
      3290, 2880, 3296, -1,
      3290, 3296, 3291, -1,
      3291, 3296, 3297, -1,
      3291, 3297, 3292, -1,
      3292, 3297, 3298, -1,
      3292, 3298, 3293, -1,
      3293, 3298, 3299, -1,
      3293, 3299, 3294, -1,
      3294, 3299, 3300, -1,
      3294, 3300, 3295, -1,
      3295, 3300, 3301, -1,
      2880, 2879, 3296, -1,
      3296, 2879, 3246, -1,
      3296, 3246, 3297, -1,
      3297, 3246, 3245, -1,
      3297, 3245, 3298, -1,
      3298, 3245, 3244, -1,
      3298, 3244, 3299, -1,
      3299, 3244, 3243, -1,
      3299, 3243, 3300, -1,
      3300, 3243, 3242, -1,
      3300, 3242, 3301, -1,
      3301, 3242, 2948, -1,
      3302, 3303, 3304, -1,
      3303, 3302, 2950, -1,
      2950, 3305, 3306, -1,
      3307, 3305, 2950, -1,
      3308, 3306, 3309, -1,
      3309, 3306, 3305, -1,
      3309, 3305, 3310, -1,
      3310, 3305, 3307, -1,
      3310, 3307, 3311, -1,
      3312, 3304, 3313, -1,
      3313, 3304, 3303, -1,
      3313, 3303, 3314, -1,
      3314, 3303, 2950, -1,
      3315, 3308, 3316, -1,
      3316, 3308, 3309, -1,
      3316, 3309, 3317, -1,
      3317, 3309, 3310, -1,
      3317, 3310, 3318, -1,
      3318, 3310, 3311, -1,
      3318, 3311, 3319, -1,
      3268, 3312, 3269, -1,
      3269, 3312, 3313, -1,
      3269, 3313, 3270, -1,
      3270, 3313, 3314, -1,
      3270, 3314, 3271, -1,
      3271, 3314, 2950, -1,
      3320, 3315, 3321, -1,
      3321, 3315, 3316, -1,
      3321, 3316, 3322, -1,
      3322, 3316, 3317, -1,
      3322, 3317, 3323, -1,
      3323, 3317, 3318, -1,
      3323, 3318, 3324, -1,
      3324, 3318, 3319, -1,
      3324, 3319, 3325, -1,
      3268, 3325, 3312, -1,
      3312, 3325, 3319, -1,
      3312, 3319, 3304, -1,
      3304, 3319, 3311, -1,
      3304, 3311, 3302, -1,
      3302, 3311, 3307, -1,
      3302, 3307, 2950, -1,
      3268, 3267, 3325, -1,
      3325, 3267, 3326, -1,
      3325, 3326, 3324, -1,
      3324, 3326, 3327, -1,
      3324, 3327, 3323, -1,
      3323, 3327, 3328, -1,
      3323, 3328, 3322, -1,
      3322, 3328, 3329, -1,
      3322, 3329, 3321, -1,
      3321, 3329, 3330, -1,
      3321, 3330, 3320, -1,
      3320, 3330, 3331, -1,
      3267, 2953, 3326, -1,
      3326, 2953, 3257, -1,
      3326, 3257, 3327, -1,
      3327, 3257, 3259, -1,
      3327, 3259, 3328, -1,
      3328, 3259, 3261, -1,
      3328, 3261, 3329, -1,
      3329, 3261, 3263, -1,
      3329, 3263, 3330, -1,
      3330, 3263, 3265, -1,
      3330, 3265, 3331, -1,
      3331, 3265, 2947, -1,
      2947, 2945, 3331, -1,
      3331, 2945, 3277, -1,
      3331, 3277, 3320, -1,
      3320, 3277, 3283, -1,
      3320, 3283, 3315, -1,
      3315, 3283, 3289, -1,
      3315, 3289, 3308, -1,
      3308, 3289, 3295, -1,
      3308, 3295, 3306, -1,
      3306, 3295, 3301, -1,
      3306, 3301, 2950, -1,
      2950, 3301, 2948, -1,
      2934, 2935, 3332, -1,
      2934, 3332, 3333, -1,
      3333, 3332, 3334, -1,
      3333, 3334, 3335, -1,
      3335, 3334, 3336, -1,
      3335, 3336, 3337, -1,
      3337, 3336, 3338, -1,
      3337, 3338, 3339, -1,
      3339, 3338, 3340, -1,
      3339, 3340, 3341, -1,
      3341, 3340, 2897, -1,
      3341, 2897, 2895, -1,
      2933, 2932, 3342, -1,
      3342, 2932, 3343, -1,
      3342, 3343, 3344, -1,
      3344, 3343, 3345, -1,
      3344, 3345, 3346, -1,
      3346, 3345, 3347, -1,
      3346, 3347, 3348, -1,
      3348, 3347, 3349, -1,
      3348, 3349, 3350, -1,
      3350, 3349, 3351, -1,
      3350, 3351, 2931, -1,
      2931, 3351, 2930, -1,
      2939, 2937, 3352, -1,
      3352, 2937, 3353, -1,
      3352, 3353, 3354, -1,
      3354, 3353, 3355, -1,
      3354, 3355, 3356, -1,
      3356, 3355, 3357, -1,
      3356, 3357, 3358, -1,
      3358, 3357, 3359, -1,
      3358, 3359, 3360, -1,
      3360, 3359, 3361, -1,
      3360, 3361, 2933, -1,
      2933, 3361, 2935, -1,
      2935, 3361, 3332, -1,
      3332, 3361, 3362, -1,
      3332, 3362, 3334, -1,
      3334, 3362, 3363, -1,
      3334, 3363, 3336, -1,
      3336, 3363, 3364, -1,
      3336, 3364, 3338, -1,
      3338, 3364, 3365, -1,
      3338, 3365, 3340, -1,
      3340, 3365, 3366, -1,
      3340, 3366, 2897, -1,
      2897, 3366, 2898, -1,
      3361, 3359, 3362, -1,
      3362, 3359, 3367, -1,
      3362, 3367, 3363, -1,
      3363, 3367, 3368, -1,
      3363, 3368, 3364, -1,
      3364, 3368, 3369, -1,
      3364, 3369, 3365, -1,
      3365, 3369, 3370, -1,
      3365, 3370, 3366, -1,
      3366, 3370, 3371, -1,
      3366, 3371, 2898, -1,
      2898, 3371, 2905, -1,
      3359, 3357, 3367, -1,
      3367, 3357, 3372, -1,
      3367, 3372, 3368, -1,
      3368, 3372, 3373, -1,
      3368, 3373, 3369, -1,
      3369, 3373, 3374, -1,
      3369, 3374, 3370, -1,
      3370, 3374, 3375, -1,
      3370, 3375, 3371, -1,
      3371, 3375, 3376, -1,
      3371, 3376, 2905, -1,
      2905, 3376, 2906, -1,
      3357, 3355, 3372, -1,
      3372, 3355, 3377, -1,
      3372, 3377, 3373, -1,
      3373, 3377, 3378, -1,
      3373, 3378, 3374, -1,
      3374, 3378, 3379, -1,
      3374, 3379, 3375, -1,
      3375, 3379, 3380, -1,
      3375, 3380, 3376, -1,
      3376, 3380, 3381, -1,
      3376, 3381, 2906, -1,
      2906, 3381, 2907, -1,
      3355, 3353, 3377, -1,
      3377, 3353, 3382, -1,
      3377, 3382, 3378, -1,
      3378, 3382, 3383, -1,
      3378, 3383, 3379, -1,
      3379, 3383, 3384, -1,
      3379, 3384, 3380, -1,
      3380, 3384, 3385, -1,
      3380, 3385, 3381, -1,
      3381, 3385, 3386, -1,
      3381, 3386, 2907, -1,
      2907, 3386, 2911, -1,
      3353, 2937, 3382, -1,
      3382, 2937, 3387, -1,
      3382, 3387, 3383, -1,
      3383, 3387, 3388, -1,
      3383, 3388, 3384, -1,
      3384, 3388, 3389, -1,
      3384, 3389, 3385, -1,
      3385, 3389, 3390, -1,
      3385, 3390, 3386, -1,
      3386, 3390, 3391, -1,
      3386, 3391, 2911, -1,
      2911, 3391, 2912, -1,
      3392, 3393, 3394, -1,
      3393, 3392, 2939, -1,
      2939, 3395, 3396, -1,
      3397, 3395, 2939, -1,
      3398, 3396, 3399, -1,
      3399, 3396, 3395, -1,
      3399, 3395, 3400, -1,
      3400, 3395, 3397, -1,
      3400, 3397, 3401, -1,
      3402, 3394, 3403, -1,
      3403, 3394, 3393, -1,
      3403, 3393, 3404, -1,
      3404, 3393, 2939, -1,
      3405, 3398, 3406, -1,
      3406, 3398, 3399, -1,
      3406, 3399, 3407, -1,
      3407, 3399, 3400, -1,
      3407, 3400, 3408, -1,
      3408, 3400, 3401, -1,
      3408, 3401, 3409, -1,
      3358, 3402, 3356, -1,
      3356, 3402, 3403, -1,
      3356, 3403, 3354, -1,
      3354, 3403, 3404, -1,
      3354, 3404, 3352, -1,
      3352, 3404, 2939, -1,
      3410, 3405, 3411, -1,
      3411, 3405, 3406, -1,
      3411, 3406, 3412, -1,
      3412, 3406, 3407, -1,
      3412, 3407, 3413, -1,
      3413, 3407, 3408, -1,
      3413, 3408, 3414, -1,
      3414, 3408, 3409, -1,
      3414, 3409, 3415, -1,
      3358, 3415, 3402, -1,
      3402, 3415, 3409, -1,
      3402, 3409, 3394, -1,
      3394, 3409, 3401, -1,
      3394, 3401, 3392, -1,
      3392, 3401, 3397, -1,
      3392, 3397, 2939, -1,
      3358, 3360, 3415, -1,
      3415, 3360, 3416, -1,
      3415, 3416, 3414, -1,
      3414, 3416, 3417, -1,
      3414, 3417, 3413, -1,
      3413, 3417, 3418, -1,
      3413, 3418, 3412, -1,
      3412, 3418, 3419, -1,
      3412, 3419, 3411, -1,
      3411, 3419, 3420, -1,
      3411, 3420, 3410, -1,
      3410, 3420, 3421, -1,
      3360, 2933, 3416, -1,
      3416, 2933, 3342, -1,
      3416, 3342, 3417, -1,
      3417, 3342, 3344, -1,
      3417, 3344, 3418, -1,
      3418, 3344, 3346, -1,
      3418, 3346, 3419, -1,
      3419, 3346, 3348, -1,
      3419, 3348, 3420, -1,
      3420, 3348, 3350, -1,
      3420, 3350, 3421, -1,
      3421, 3350, 2931, -1,
      2937, 2936, 3422, -1,
      2937, 3422, 3387, -1,
      3387, 3422, 3423, -1,
      3387, 3423, 3388, -1,
      3388, 3423, 3424, -1,
      3388, 3424, 3389, -1,
      3389, 3424, 3425, -1,
      3389, 3425, 3390, -1,
      3390, 3425, 3426, -1,
      3390, 3426, 3391, -1,
      3391, 3426, 2913, -1,
      3391, 2913, 2912, -1,
      2925, 2924, 3427, -1,
      2925, 3427, 3428, -1,
      3428, 3427, 3429, -1,
      3428, 3429, 3430, -1,
      3430, 3429, 3431, -1,
      3430, 3431, 3432, -1,
      3432, 3431, 3433, -1,
      3432, 3433, 3434, -1,
      3434, 3433, 3435, -1,
      3434, 3435, 3436, -1,
      3436, 3435, 2902, -1,
      3436, 2902, 2904, -1,
      2926, 2927, 3437, -1,
      3437, 2927, 3438, -1,
      3437, 3438, 3439, -1,
      3439, 3438, 3440, -1,
      3439, 3440, 3441, -1,
      3441, 3440, 3442, -1,
      3441, 3442, 3443, -1,
      3443, 3442, 3444, -1,
      3443, 3444, 3445, -1,
      3445, 3444, 3446, -1,
      3445, 3446, 2928, -1,
      2928, 3446, 2929, -1,
      2938, 2939, 3447, -1,
      3447, 2939, 3396, -1,
      3447, 3396, 3448, -1,
      3448, 3396, 3398, -1,
      3448, 3398, 3449, -1,
      3449, 3398, 3405, -1,
      3449, 3405, 3450, -1,
      3450, 3405, 3410, -1,
      3450, 3410, 3451, -1,
      3451, 3410, 3421, -1,
      3451, 3421, 2929, -1,
      2929, 3421, 2931, -1,
      2936, 3452, 3422, -1,
      3422, 3452, 3453, -1,
      3422, 3453, 3423, -1,
      3423, 3453, 3454, -1,
      3423, 3454, 3424, -1,
      3424, 3454, 3455, -1,
      3424, 3455, 3425, -1,
      3425, 3455, 3456, -1,
      3425, 3456, 3426, -1,
      3426, 3456, 3457, -1,
      3426, 3457, 2913, -1,
      2913, 3457, 2908, -1,
      3452, 3458, 3453, -1,
      3453, 3458, 3459, -1,
      3453, 3459, 3454, -1,
      3454, 3459, 3460, -1,
      3454, 3460, 3455, -1,
      3455, 3460, 3461, -1,
      3455, 3461, 3456, -1,
      3456, 3461, 3462, -1,
      3456, 3462, 3457, -1,
      3457, 3462, 3463, -1,
      3457, 3463, 2908, -1,
      2908, 3463, 2899, -1,
      3458, 3464, 3459, -1,
      3459, 3464, 3465, -1,
      3459, 3465, 3460, -1,
      3460, 3465, 3466, -1,
      3460, 3466, 3461, -1,
      3461, 3466, 3467, -1,
      3461, 3467, 3462, -1,
      3462, 3467, 3468, -1,
      3462, 3468, 3463, -1,
      3463, 3468, 3469, -1,
      3463, 3469, 2899, -1,
      2899, 3469, 2900, -1,
      3464, 3470, 3465, -1,
      3465, 3470, 3471, -1,
      3465, 3471, 3466, -1,
      3466, 3471, 3472, -1,
      3466, 3472, 3467, -1,
      3467, 3472, 3473, -1,
      3467, 3473, 3468, -1,
      3468, 3473, 3474, -1,
      3468, 3474, 3469, -1,
      3469, 3474, 3475, -1,
      3469, 3475, 2900, -1,
      2900, 3475, 2909, -1,
      3470, 3476, 3471, -1,
      3471, 3476, 3477, -1,
      3471, 3477, 3472, -1,
      3472, 3477, 3478, -1,
      3472, 3478, 3473, -1,
      3473, 3478, 3479, -1,
      3473, 3479, 3474, -1,
      3474, 3479, 3480, -1,
      3474, 3480, 3475, -1,
      3475, 3480, 3481, -1,
      3475, 3481, 2909, -1,
      2909, 3481, 2910, -1,
      3476, 2925, 3477, -1,
      3477, 2925, 3428, -1,
      3477, 3428, 3478, -1,
      3478, 3428, 3430, -1,
      3478, 3430, 3479, -1,
      3479, 3430, 3432, -1,
      3479, 3432, 3480, -1,
      3480, 3432, 3434, -1,
      3480, 3434, 3481, -1,
      3481, 3434, 3436, -1,
      3481, 3436, 2910, -1,
      2910, 3436, 2904, -1,
      3482, 3483, 3484, -1,
      3483, 3482, 2938, -1,
      2938, 3485, 3486, -1,
      3487, 3485, 2938, -1,
      3488, 3486, 3489, -1,
      3489, 3486, 3485, -1,
      3489, 3485, 3490, -1,
      3490, 3485, 3487, -1,
      3490, 3487, 3491, -1,
      3492, 3484, 3493, -1,
      3493, 3484, 3483, -1,
      3493, 3483, 3494, -1,
      3494, 3483, 2938, -1,
      3495, 3488, 3496, -1,
      3496, 3488, 3489, -1,
      3496, 3489, 3497, -1,
      3497, 3489, 3490, -1,
      3497, 3490, 3498, -1,
      3498, 3490, 3491, -1,
      3498, 3491, 3499, -1,
      3450, 3492, 3449, -1,
      3449, 3492, 3493, -1,
      3449, 3493, 3448, -1,
      3448, 3493, 3494, -1,
      3448, 3494, 3447, -1,
      3447, 3494, 2938, -1,
      3500, 3495, 3501, -1,
      3501, 3495, 3496, -1,
      3501, 3496, 3502, -1,
      3502, 3496, 3497, -1,
      3502, 3497, 3503, -1,
      3503, 3497, 3498, -1,
      3503, 3498, 3504, -1,
      3504, 3498, 3499, -1,
      3504, 3499, 3505, -1,
      3450, 3505, 3492, -1,
      3492, 3505, 3499, -1,
      3492, 3499, 3484, -1,
      3484, 3499, 3491, -1,
      3484, 3491, 3482, -1,
      3482, 3491, 3487, -1,
      3482, 3487, 2938, -1,
      3450, 3451, 3505, -1,
      3505, 3451, 3506, -1,
      3505, 3506, 3504, -1,
      3504, 3506, 3507, -1,
      3504, 3507, 3503, -1,
      3503, 3507, 3508, -1,
      3503, 3508, 3502, -1,
      3502, 3508, 3509, -1,
      3502, 3509, 3501, -1,
      3501, 3509, 3510, -1,
      3501, 3510, 3500, -1,
      3500, 3510, 3511, -1,
      3451, 2929, 3506, -1,
      3506, 2929, 3446, -1,
      3506, 3446, 3507, -1,
      3507, 3446, 3444, -1,
      3507, 3444, 3508, -1,
      3508, 3444, 3442, -1,
      3508, 3442, 3509, -1,
      3509, 3442, 3440, -1,
      3509, 3440, 3510, -1,
      3510, 3440, 3438, -1,
      3510, 3438, 3511, -1,
      3511, 3438, 2927, -1,
      2936, 2938, 3452, -1,
      3452, 2938, 3486, -1,
      3452, 3486, 3458, -1,
      3458, 3486, 3488, -1,
      3458, 3488, 3464, -1,
      3464, 3488, 3495, -1,
      3464, 3495, 3470, -1,
      3470, 3495, 3500, -1,
      3470, 3500, 3476, -1,
      3476, 3500, 3511, -1,
      3476, 3511, 2925, -1,
      2925, 3511, 2927, -1,
      2922, 2923, 3512, -1,
      3512, 2923, 3513, -1,
      3512, 3513, 3514, -1,
      3514, 3513, 3515, -1,
      3514, 3515, 3516, -1,
      3516, 3515, 3517, -1,
      3516, 3517, 3518, -1,
      3518, 3517, 3519, -1,
      3518, 3519, 3520, -1,
      3520, 3519, 3521, -1,
      3520, 3521, 2888, -1,
      2888, 3521, 2866, -1,
      2921, 2920, 3522, -1,
      3522, 2920, 3523, -1,
      3522, 3523, 3524, -1,
      3524, 3523, 3525, -1,
      3524, 3525, 3526, -1,
      3526, 3525, 3527, -1,
      3527, 3525, 3528, -1,
      3527, 3528, 3529, -1,
      3529, 3528, 3530, -1,
      3530, 3528, 3531, -1,
      3530, 3531, 3532, -1,
      3533, 3534, 3531, -1,
      3531, 3534, 3535, -1,
      3531, 3535, 3532, -1,
      2894, 2896, 3536, -1,
      3536, 2896, 3537, -1,
      3536, 3537, 3533, -1,
      3533, 3537, 3538, -1,
      3533, 3538, 3534, -1,
      2923, 2921, 3539, -1,
      3539, 2921, 3540, -1,
      3539, 3540, 3541, -1,
      3541, 3540, 3542, -1,
      3541, 3542, 3543, -1,
      3543, 3542, 3544, -1,
      3543, 3544, 3545, -1,
      3545, 3544, 3546, -1,
      3545, 3546, 3547, -1,
      3547, 3546, 3548, -1,
      471, 235, 3548, -1,
      3548, 235, 234, -1,
      3548, 234, 228, -1,
      228, 222, 3548, -1,
      3548, 222, 216, -1,
      3548, 216, 210, -1,
      210, 202, 3548, -1,
      3548, 202, 148, -1,
      3548, 148, 3547, -1,
      3547, 148, 192, -1,
      3547, 192, 186, -1,
      186, 175, 3547, -1,
      3547, 175, 174, -1,
      3547, 174, 168, -1,
      168, 162, 3547, -1,
      3547, 162, 149, -1,
      3547, 149, 156, -1,
      3549, 3550, 3551, -1,
      3550, 3549, 156, -1,
      156, 3552, 3547, -1,
      3553, 3552, 156, -1,
      3545, 3547, 3554, -1,
      3554, 3547, 3552, -1,
      3554, 3552, 3555, -1,
      3555, 3552, 3553, -1,
      3555, 3553, 3556, -1,
      3557, 3551, 3558, -1,
      3558, 3551, 3550, -1,
      3558, 3550, 3559, -1,
      3559, 3550, 156, -1,
      3543, 3545, 3560, -1,
      3560, 3545, 3554, -1,
      3560, 3554, 3561, -1,
      3561, 3554, 3555, -1,
      3561, 3555, 3562, -1,
      3562, 3555, 3556, -1,
      3562, 3556, 3563, -1,
      3564, 3557, 3565, -1,
      3565, 3557, 3558, -1,
      3565, 3558, 3566, -1,
      3566, 3558, 3559, -1,
      3566, 3559, 3567, -1,
      3567, 3559, 156, -1,
      3541, 3543, 3568, -1,
      3568, 3543, 3560, -1,
      3568, 3560, 3569, -1,
      3569, 3560, 3561, -1,
      3569, 3561, 3570, -1,
      3570, 3561, 3562, -1,
      3570, 3562, 3571, -1,
      3571, 3562, 3563, -1,
      3571, 3563, 3572, -1,
      3564, 3572, 3557, -1,
      3557, 3572, 3563, -1,
      3557, 3563, 3551, -1,
      3551, 3563, 3556, -1,
      3551, 3556, 3549, -1,
      3549, 3556, 3553, -1,
      3549, 3553, 156, -1,
      3564, 3573, 3572, -1,
      3572, 3573, 3574, -1,
      3572, 3574, 3571, -1,
      3571, 3574, 3575, -1,
      3571, 3575, 3570, -1,
      3570, 3575, 3576, -1,
      3570, 3576, 3569, -1,
      3569, 3576, 3577, -1,
      3569, 3577, 3568, -1,
      3568, 3577, 3578, -1,
      3568, 3578, 3541, -1,
      3541, 3578, 3539, -1,
      3573, 2866, 3574, -1,
      3574, 2866, 3521, -1,
      3574, 3521, 3575, -1,
      3575, 3521, 3519, -1,
      3575, 3519, 3576, -1,
      3576, 3519, 3517, -1,
      3576, 3517, 3577, -1,
      3577, 3517, 3515, -1,
      3577, 3515, 3578, -1,
      3578, 3515, 3513, -1,
      3578, 3513, 3539, -1,
      3539, 3513, 2923, -1,
      3522, 3524, 3579, -1,
      3526, 3527, 3580, -1,
      3529, 3530, 3581, -1,
      3582, 3583, 3584, -1,
      3583, 3582, 471, -1,
      3585, 3584, 3586, -1,
      3586, 3584, 3583, -1,
      3586, 3583, 3587, -1,
      3587, 3583, 471, -1,
      3588, 3585, 3589, -1,
      3589, 3585, 3586, -1,
      3589, 3586, 3590, -1,
      3590, 3586, 3587, -1,
      3590, 3587, 3591, -1,
      3591, 3587, 471, -1,
      3540, 3588, 3542, -1,
      3542, 3588, 3589, -1,
      3542, 3589, 3544, -1,
      3544, 3589, 3590, -1,
      3544, 3590, 3546, -1,
      3546, 3590, 3591, -1,
      3546, 3591, 3548, -1,
      3548, 3591, 471, -1,
      3592, 3593, 3594, -1,
      3595, 3594, 3596, -1,
      3596, 3594, 3593, -1,
      3596, 3593, 3597, -1,
      3597, 3593, 3537, -1,
      3597, 3537, 2896, -1,
      3532, 3535, 3592, -1,
      3592, 3535, 3534, -1,
      3592, 3534, 3593, -1,
      3593, 3534, 3538, -1,
      3593, 3538, 3537, -1,
      3530, 3532, 3581, -1,
      3581, 3532, 3592, -1,
      3581, 3592, 3598, -1,
      3598, 3592, 3594, -1,
      3598, 3594, 3599, -1,
      3599, 3594, 3595, -1,
      3599, 3595, 3600, -1,
      3527, 3529, 3580, -1,
      3580, 3529, 3581, -1,
      3580, 3581, 3601, -1,
      3601, 3581, 3598, -1,
      3601, 3598, 3602, -1,
      3602, 3598, 3599, -1,
      3602, 3599, 3603, -1,
      3603, 3599, 3600, -1,
      3603, 3600, 3604, -1,
      3524, 3526, 3579, -1,
      3579, 3526, 3580, -1,
      3579, 3580, 3605, -1,
      3605, 3580, 3601, -1,
      3605, 3601, 3606, -1,
      3606, 3601, 3602, -1,
      3606, 3602, 3607, -1,
      3607, 3602, 3603, -1,
      3607, 3603, 3608, -1,
      3608, 3603, 3604, -1,
      3608, 3604, 471, -1,
      2921, 3522, 3540, -1,
      3540, 3522, 3579, -1,
      3540, 3579, 3588, -1,
      3588, 3579, 3605, -1,
      3588, 3605, 3585, -1,
      3585, 3605, 3606, -1,
      3585, 3606, 3584, -1,
      3584, 3606, 3607, -1,
      3584, 3607, 3582, -1,
      3582, 3607, 3608, -1,
      3582, 3608, 471, -1,
      135, 134, 3609, -1,
      2860, 2866, 3610, -1,
      3610, 2866, 3573, -1,
      3610, 3573, 3611, -1,
      3611, 3573, 3564, -1,
      3611, 3564, 3612, -1,
      3612, 3564, 3565, -1,
      3612, 3565, 3613, -1,
      3613, 3565, 3566, -1,
      3613, 3566, 3609, -1,
      3609, 3566, 3567, -1,
      156, 155, 3567, -1,
      3567, 155, 245, -1,
      3567, 245, 3609, -1,
      3609, 245, 321, -1,
      3609, 321, 135, -1,
      2917, 2916, 3614, -1,
      3614, 2916, 3615, -1,
      3614, 3615, 3616, -1,
      3616, 3615, 3617, -1,
      3616, 3617, 3618, -1,
      3618, 3617, 3619, -1,
      3618, 3619, 3620, -1,
      3620, 3619, 3621, -1,
      3620, 3621, 3622, -1,
      3622, 3621, 3623, -1,
      3622, 3623, 2860, -1,
      2860, 3623, 2874, -1,
      2918, 2919, 3624, -1,
      3624, 2919, 3625, -1,
      3624, 3625, 3626, -1,
      3626, 3625, 3627, -1,
      3626, 3627, 3628, -1,
      3628, 3627, 3629, -1,
      3628, 3629, 3630, -1,
      3630, 3629, 3631, -1,
      3630, 3631, 3632, -1,
      3632, 3631, 3633, -1,
      3632, 3633, 2903, -1,
      2903, 3633, 2901, -1,
      472, 471, 3604, -1,
      491, 475, 3634, -1,
      3634, 475, 474, -1,
      472, 3604, 473, -1,
      474, 473, 3634, -1,
      3634, 473, 3604, -1,
      3634, 3604, 3635, -1,
      3635, 3604, 3600, -1,
      3635, 3600, 3636, -1,
      3636, 3600, 3595, -1,
      3636, 3595, 3637, -1,
      3637, 3595, 3596, -1,
      3637, 3596, 3638, -1,
      3638, 3596, 3597, -1,
      3638, 3597, 2901, -1,
      2901, 3597, 2896, -1,
      3639, 3640, 3641, -1,
      3640, 3639, 134, -1,
      134, 3642, 3609, -1,
      3643, 3642, 134, -1,
      3613, 3609, 3644, -1,
      3644, 3609, 3642, -1,
      3644, 3642, 3645, -1,
      3645, 3642, 3643, -1,
      3645, 3643, 3646, -1,
      3647, 3641, 3648, -1,
      3648, 3641, 3640, -1,
      3648, 3640, 3649, -1,
      3649, 3640, 134, -1,
      3612, 3613, 3650, -1,
      3650, 3613, 3644, -1,
      3650, 3644, 3651, -1,
      3651, 3644, 3645, -1,
      3651, 3645, 3652, -1,
      3652, 3645, 3646, -1,
      3652, 3646, 3653, -1,
      3654, 3647, 3655, -1,
      3655, 3647, 3648, -1,
      3655, 3648, 3656, -1,
      3656, 3648, 3649, -1,
      3656, 3649, 3657, -1,
      3657, 3649, 134, -1,
      3611, 3612, 3658, -1,
      3658, 3612, 3650, -1,
      3658, 3650, 3659, -1,
      3659, 3650, 3651, -1,
      3659, 3651, 3660, -1,
      3660, 3651, 3652, -1,
      3660, 3652, 3661, -1,
      3661, 3652, 3653, -1,
      3661, 3653, 3662, -1,
      3654, 3662, 3647, -1,
      3647, 3662, 3653, -1,
      3647, 3653, 3641, -1,
      3641, 3653, 3646, -1,
      3641, 3646, 3639, -1,
      3639, 3646, 3643, -1,
      3639, 3643, 134, -1,
      3654, 3663, 3662, -1,
      3662, 3663, 3664, -1,
      3662, 3664, 3661, -1,
      3661, 3664, 3665, -1,
      3661, 3665, 3660, -1,
      3660, 3665, 3666, -1,
      3660, 3666, 3659, -1,
      3659, 3666, 3667, -1,
      3659, 3667, 3658, -1,
      3658, 3667, 3668, -1,
      3658, 3668, 3611, -1,
      3611, 3668, 3610, -1,
      3663, 2917, 3664, -1,
      3664, 2917, 3614, -1,
      3664, 3614, 3665, -1,
      3665, 3614, 3616, -1,
      3665, 3616, 3666, -1,
      3666, 3616, 3618, -1,
      3666, 3618, 3667, -1,
      3667, 3618, 3620, -1,
      3667, 3620, 3668, -1,
      3668, 3620, 3622, -1,
      3668, 3622, 3610, -1,
      3610, 3622, 2860, -1,
      3669, 3670, 3671, -1,
      3670, 3669, 491, -1,
      491, 3672, 3673, -1,
      3674, 3672, 491, -1,
      3675, 3673, 3676, -1,
      3676, 3673, 3672, -1,
      3676, 3672, 3677, -1,
      3677, 3672, 3674, -1,
      3677, 3674, 3678, -1,
      3679, 3671, 3680, -1,
      3680, 3671, 3670, -1,
      3680, 3670, 3681, -1,
      3681, 3670, 491, -1,
      3682, 3675, 3683, -1,
      3683, 3675, 3676, -1,
      3683, 3676, 3684, -1,
      3684, 3676, 3677, -1,
      3684, 3677, 3685, -1,
      3685, 3677, 3678, -1,
      3685, 3678, 3686, -1,
      3637, 3679, 3636, -1,
      3636, 3679, 3680, -1,
      3636, 3680, 3635, -1,
      3635, 3680, 3681, -1,
      3635, 3681, 3634, -1,
      3634, 3681, 491, -1,
      3687, 3682, 3688, -1,
      3688, 3682, 3683, -1,
      3688, 3683, 3689, -1,
      3689, 3683, 3684, -1,
      3689, 3684, 3690, -1,
      3690, 3684, 3685, -1,
      3690, 3685, 3691, -1,
      3691, 3685, 3686, -1,
      3691, 3686, 3692, -1,
      3637, 3692, 3679, -1,
      3679, 3692, 3686, -1,
      3679, 3686, 3671, -1,
      3671, 3686, 3678, -1,
      3671, 3678, 3669, -1,
      3669, 3678, 3674, -1,
      3669, 3674, 491, -1,
      3637, 3638, 3692, -1,
      3692, 3638, 3693, -1,
      3692, 3693, 3691, -1,
      3691, 3693, 3694, -1,
      3691, 3694, 3690, -1,
      3690, 3694, 3695, -1,
      3690, 3695, 3689, -1,
      3689, 3695, 3696, -1,
      3689, 3696, 3688, -1,
      3688, 3696, 3697, -1,
      3688, 3697, 3687, -1,
      3687, 3697, 3698, -1,
      3638, 2901, 3693, -1,
      3693, 2901, 3633, -1,
      3693, 3633, 3694, -1,
      3694, 3633, 3631, -1,
      3694, 3631, 3695, -1,
      3695, 3631, 3629, -1,
      3695, 3629, 3696, -1,
      3696, 3629, 3627, -1,
      3696, 3627, 3697, -1,
      3697, 3627, 3625, -1,
      3697, 3625, 3698, -1,
      3698, 3625, 2919, -1,
      2919, 2917, 3698, -1,
      3698, 2917, 3663, -1,
      3698, 3663, 3687, -1,
      3687, 3663, 3654, -1,
      3687, 3654, 3682, -1,
      3682, 3654, 3655, -1,
      3682, 3655, 3675, -1,
      3675, 3655, 3656, -1,
      3675, 3656, 3673, -1,
      3673, 3656, 3657, -1,
      134, 476, 3657, -1,
      3657, 476, 477, -1,
      3657, 477, 478, -1,
      478, 479, 3657, -1,
      3657, 479, 480, -1,
      3657, 480, 481, -1,
      481, 482, 3657, -1,
      3657, 482, 483, -1,
      3657, 483, 3673, -1,
      3673, 483, 484, -1,
      3673, 484, 485, -1,
      485, 486, 3673, -1,
      3673, 486, 487, -1,
      3673, 487, 488, -1,
      488, 489, 3673, -1,
      3673, 489, 490, -1,
      3673, 490, 491, -1,
      2958, 2842, 2956, -1,
      2956, 2842, 2840, -1,
      3077, 2956, 2840, -1,
      3077, 2840, 3079, -1,
      3081, 3079, 2840, -1,
      3083, 3081, 2840, -1,
      3085, 3083, 2840, -1,
      2869, 3085, 2840, -1,
      2968, 2846, 2990, -1,
      2990, 2846, 2845, -1,
      2990, 2845, 2988, -1,
      2988, 2845, 2844, -1,
      2988, 2844, 2986, -1,
      2986, 2844, 2795, -1,
      2986, 2795, 2984, -1,
      2984, 2795, 2794, -1,
      2984, 2794, 2982, -1,
      2982, 2794, 2843, -1,
      2982, 2843, 2958, -1,
      2958, 2843, 2842, -1,
      2839, 2870, 2840, -1,
      2840, 2870, 2869, -1,
      2970, 2766, 2968, -1,
      2968, 2766, 2846, -1,
      3161, 2870, 2839, -1,
      3161, 2839, 3159, -1,
      3157, 3159, 2839, -1,
      3155, 3157, 2839, -1,
      3153, 3155, 2839, -1,
      2942, 3153, 2839, -1,
      2960, 2796, 2973, -1,
      2973, 2796, 2814, -1,
      2973, 2814, 2975, -1,
      2975, 2814, 2761, -1,
      2975, 2761, 2977, -1,
      2977, 2761, 2833, -1,
      2977, 2833, 2979, -1,
      2979, 2833, 2832, -1,
      2979, 2832, 2981, -1,
      2981, 2832, 2767, -1,
      2981, 2767, 2970, -1,
      2970, 2767, 2766, -1,
      2841, 2940, 2839, -1,
      2839, 2940, 2942, -1,
      2962, 2797, 2960, -1,
      2960, 2797, 2796, -1,
      2940, 2841, 3170, -1,
      3170, 2841, 2793, -1,
      3170, 2793, 3168, -1,
      3168, 2793, 2792, -1,
      3168, 2792, 3166, -1,
      3166, 2792, 2791, -1,
      3166, 2791, 3164, -1,
      3164, 2791, 2790, -1,
      3164, 2790, 3162, -1,
      3162, 2790, 2789, -1,
      3162, 2789, 2954, -1,
      2954, 2789, 2788, -1,
      3076, 2875, 2797, -1,
      3076, 2797, 3074, -1,
      3072, 3074, 2797, -1,
      3070, 3072, 2797, -1,
      3068, 3070, 2797, -1,
      2962, 3068, 2797, -1,
      2787, 2952, 2788, -1,
      2788, 2952, 2954, -1,
      2874, 2777, 2875, -1,
      2875, 2777, 2797, -1,
      2952, 2787, 3258, -1,
      3258, 2787, 2763, -1,
      3258, 2763, 3260, -1,
      3260, 2763, 2764, -1,
      3260, 2764, 3262, -1,
      3262, 2764, 2765, -1,
      3262, 2765, 3264, -1,
      3264, 2765, 2757, -1,
      3264, 2757, 3266, -1,
      3266, 2757, 2756, -1,
      3266, 2756, 2946, -1,
      2946, 2756, 2810, -1,
      2916, 2817, 3615, -1,
      3615, 2817, 2816, -1,
      3615, 2816, 3617, -1,
      3617, 2816, 2800, -1,
      3617, 2800, 3619, -1,
      3619, 2800, 2799, -1,
      3619, 2799, 3621, -1,
      3621, 2799, 2798, -1,
      3621, 2798, 3623, -1,
      3623, 2798, 2778, -1,
      3623, 2778, 2874, -1,
      2874, 2778, 2777, -1,
      2809, 2944, 2810, -1,
      2810, 2944, 2946, -1,
      2918, 2819, 2916, -1,
      2916, 2819, 2817, -1,
      3247, 2944, 2809, -1,
      3247, 2809, 3249, -1,
      3251, 3249, 2809, -1,
      3253, 3251, 2809, -1,
      3255, 3253, 2809, -1,
      2887, 3255, 2809, -1,
      2903, 2771, 3632, -1,
      3632, 2771, 2769, -1,
      3632, 2769, 3630, -1,
      3630, 2769, 2768, -1,
      3630, 2768, 3628, -1,
      3628, 2768, 2822, -1,
      3628, 2822, 3626, -1,
      3626, 2822, 2824, -1,
      3626, 2824, 3624, -1,
      3624, 2824, 2821, -1,
      3624, 2821, 2918, -1,
      2918, 2821, 2819, -1,
      2811, 2888, 2809, -1,
      2809, 2888, 2887, -1,
      2902, 2803, 2903, -1,
      2903, 2803, 2771, -1,
      2888, 2811, 3520, -1,
      3520, 2811, 2812, -1,
      3520, 2812, 3518, -1,
      3518, 2812, 2808, -1,
      3518, 2808, 3516, -1,
      3516, 2808, 2806, -1,
      3516, 2806, 3514, -1,
      3514, 2806, 2805, -1,
      3514, 2805, 3512, -1,
      3512, 2805, 2804, -1,
      3512, 2804, 2922, -1,
      2922, 2804, 2854, -1,
      3427, 2924, 2803, -1,
      3427, 2803, 3429, -1,
      3431, 3429, 2803, -1,
      3433, 3431, 2803, -1,
      3435, 3433, 2803, -1,
      2902, 3435, 2803, -1,
      2853, 2920, 2854, -1,
      2854, 2920, 2922, -1,
      2926, 2802, 2924, -1,
      2924, 2802, 2803, -1,
      2920, 2853, 3523, -1,
      3523, 2853, 2852, -1,
      3523, 2852, 3525, -1,
      3525, 2852, 2838, -1,
      3525, 2838, 3528, -1,
      3528, 2838, 2837, -1,
      3528, 2837, 3531, -1,
      3531, 2837, 2836, -1,
      3531, 2836, 3533, -1,
      3533, 2836, 2851, -1,
      3533, 2851, 3536, -1,
      3536, 2851, 2830, -1,
      3536, 2830, 2894, -1,
      2894, 2830, 2828, -1,
      2928, 2783, 3445, -1,
      3445, 2783, 2775, -1,
      3445, 2775, 3443, -1,
      3443, 2775, 2774, -1,
      3443, 2774, 3441, -1,
      3441, 2774, 2773, -1,
      3441, 2773, 3439, -1,
      3439, 2773, 2772, -1,
      3439, 2772, 3437, -1,
      3437, 2772, 2780, -1,
      3437, 2780, 2926, -1,
      2926, 2780, 2802, -1,
      2827, 2895, 2828, -1,
      2828, 2895, 2894, -1,
      2930, 2784, 2928, -1,
      2928, 2784, 2783, -1,
      3341, 2895, 2827, -1,
      3341, 2827, 3339, -1,
      3337, 3339, 2827, -1,
      3335, 3337, 2827, -1,
      3333, 3335, 2827, -1,
      2934, 3333, 2827, -1,
      2932, 2829, 3343, -1,
      3343, 2829, 2831, -1,
      3343, 2831, 3345, -1,
      3345, 2831, 2848, -1,
      3345, 2848, 3347, -1,
      3347, 2848, 2847, -1,
      3347, 2847, 3349, -1,
      3349, 2847, 2786, -1,
      3349, 2786, 3351, -1,
      3351, 2786, 2785, -1,
      3351, 2785, 2930, -1,
      2930, 2785, 2784, -1,
      2829, 2932, 2827, -1,
      2827, 2932, 2934, -1,
      3699, 2823, 3700, -1,
      3700, 2823, 2770, -1,
      3700, 2770, 3701, -1,
      3701, 2770, 3702, -1,
      3699, 3700, 3703, -1,
      3704, 3705, 2708, -1,
      2708, 3705, 3706, -1,
      2708, 3706, 2703, -1,
      3707, 3708, 3709, -1,
      3709, 3708, 3710, -1,
      3704, 2708, 3709, -1,
      3709, 2708, 3711, -1,
      3709, 3711, 3707, -1,
      3712, 3713, 3714, -1,
      3708, 3715, 3710, -1,
      3710, 3715, 3716, -1,
      3710, 3716, 3717, -1,
      3717, 3716, 2914, -1,
      3717, 2914, 3714, -1,
      3714, 2914, 2915, -1,
      3714, 2915, 3712, -1,
      3703, 3718, 3699, -1,
      3699, 3718, 3714, -1,
      3699, 3714, 3719, -1,
      3719, 3714, 3713, -1,
      1143, 1117, 3717, -1,
      935, 909, 3717, -1,
      623, 597, 3717, -1,
      3720, 2070, 3721, -1,
      3721, 2070, 2067, -1,
      3721, 2067, 3714, -1,
      3714, 2067, 2041, -1,
      3714, 2041, 3717, -1,
      2136, 2135, 1174, -1,
      1174, 2135, 1146, -1,
      1174, 1146, 1169, -1,
      1221, 3717, 1247, -1,
      1247, 3717, 2041, -1,
      1247, 2041, 1250, -1,
      1250, 2041, 2046, -1,
      1250, 2046, 2671, -1,
      2671, 2046, 2672, -1,
      1146, 1143, 1169, -1,
      1169, 1143, 3717, -1,
      1169, 3717, 1195, -1,
      1195, 3717, 1221, -1,
      1195, 1221, 1198, -1,
      1198, 1221, 1226, -1,
      1198, 1226, 2123, -1,
      2123, 1226, 2124, -1,
      2256, 2255, 654, -1,
      654, 2255, 626, -1,
      654, 626, 649, -1,
      2184, 2183, 966, -1,
      966, 2183, 938, -1,
      966, 938, 961, -1,
      857, 3717, 883, -1,
      883, 3717, 909, -1,
      883, 909, 886, -1,
      886, 909, 914, -1,
      886, 914, 2195, -1,
      2195, 914, 2196, -1,
      545, 3717, 571, -1,
      571, 3717, 597, -1,
      571, 597, 574, -1,
      574, 597, 602, -1,
      574, 602, 2267, -1,
      2267, 602, 2268, -1,
      1065, 3717, 1091, -1,
      1091, 3717, 1117, -1,
      1091, 1117, 1094, -1,
      1094, 1117, 1122, -1,
      1094, 1122, 2147, -1,
      2147, 1122, 2148, -1,
      805, 3717, 831, -1,
      831, 3717, 857, -1,
      831, 857, 834, -1,
      834, 857, 862, -1,
      834, 862, 2207, -1,
      2207, 862, 2208, -1,
      2280, 2279, 550, -1,
      550, 2279, 522, -1,
      550, 522, 545, -1,
      545, 522, 519, -1,
      545, 519, 3717, -1,
      3717, 519, 493, -1,
      3717, 493, 2291, -1,
      2291, 493, 498, -1,
      2291, 498, 2292, -1,
      1013, 3717, 1039, -1,
      1039, 3717, 1065, -1,
      1039, 1065, 1042, -1,
      1042, 1065, 1070, -1,
      1042, 1070, 2159, -1,
      2159, 1070, 2160, -1,
      938, 935, 961, -1,
      961, 935, 3717, -1,
      961, 3717, 987, -1,
      987, 3717, 1013, -1,
      987, 1013, 990, -1,
      990, 1013, 1018, -1,
      990, 1018, 2171, -1,
      2171, 1018, 2172, -1,
      753, 3717, 779, -1,
      779, 3717, 805, -1,
      779, 805, 782, -1,
      782, 805, 810, -1,
      782, 810, 2219, -1,
      2219, 810, 2220, -1,
      701, 3717, 727, -1,
      727, 3717, 753, -1,
      727, 753, 730, -1,
      730, 753, 758, -1,
      730, 758, 2231, -1,
      2231, 758, 2232, -1,
      626, 623, 649, -1,
      649, 623, 3717, -1,
      649, 3717, 675, -1,
      675, 3717, 701, -1,
      675, 701, 678, -1,
      678, 701, 706, -1,
      678, 706, 2243, -1,
      2243, 706, 2244, -1,
      2700, 2699, 3722, -1,
      3723, 3724, 2722, -1,
      2722, 3724, 3725, -1,
      2722, 3725, 2723, -1,
      3726, 3727, 3728, -1,
      3728, 3727, 3729, -1,
      3723, 2722, 3728, -1,
      3728, 2722, 3730, -1,
      3728, 3730, 3726, -1,
      3722, 3731, 2700, -1,
      2700, 3731, 3732, -1,
      2700, 3732, 3733, -1,
      3733, 3732, 3734, -1,
      3735, 3736, 3734, -1,
      3734, 3736, 3737, -1,
      3734, 3737, 3733, -1,
      2754, 133, 3738, -1,
      3738, 133, 3729, -1,
      3738, 3729, 3739, -1,
      3739, 3729, 3727, -1,
      9, 2755, 8, -1,
      8, 2755, 3740, -1,
      8, 3740, 3735, -1,
      3735, 3740, 3741, -1,
      3735, 3741, 3736, -1,
      9, 123, 2755, -1,
      2755, 123, 124, -1,
      2755, 124, 2754, -1,
      124, 125, 2754, -1,
      2754, 125, 126, -1,
      2754, 126, 127, -1,
      127, 128, 2754, -1,
      2754, 128, 129, -1,
      2754, 129, 130, -1,
      130, 131, 2754, -1,
      2754, 131, 132, -1,
      2754, 132, 133, -1,
      3717, 2291, 3742, -1,
      3717, 3742, 3710, -1,
      3710, 3742, 3743, -1,
      3710, 3743, 3709, -1,
      3709, 3743, 3744, -1,
      3709, 3744, 3704, -1,
      3704, 3744, 3745, -1,
      3704, 3745, 3705, -1,
      3705, 3745, 3746, -1,
      3705, 3746, 3706, -1,
      3706, 3746, 2702, -1,
      3706, 2702, 2703, -1,
      3746, 3745, 3747, -1,
      3747, 3745, 3748, -1,
      3747, 3748, 3749, -1,
      3749, 3748, 3750, -1,
      3749, 3750, 3751, -1,
      3751, 3750, 3752, -1,
      3751, 3752, 3753, -1,
      3753, 3752, 3754, -1,
      3753, 3754, 3755, -1,
      3755, 3754, 3756, -1,
      3755, 3756, 2121, -1,
      3745, 3744, 3748, -1,
      3748, 3744, 3757, -1,
      3748, 3757, 3750, -1,
      3750, 3757, 3758, -1,
      3750, 3758, 3752, -1,
      3752, 3758, 3759, -1,
      3752, 3759, 3754, -1,
      3754, 3759, 3760, -1,
      3754, 3760, 3756, -1,
      3756, 3760, 3761, -1,
      3756, 3761, 2121, -1,
      2702, 3746, 3762, -1,
      3762, 3746, 3747, -1,
      3762, 3747, 3763, -1,
      3763, 3747, 3749, -1,
      3763, 3749, 3764, -1,
      3764, 3749, 3751, -1,
      3764, 3751, 3765, -1,
      3765, 3751, 3753, -1,
      3765, 3753, 3766, -1,
      3766, 3753, 3755, -1,
      3766, 3755, 2121, -1,
      3743, 3742, 3767, -1,
      3767, 3742, 3768, -1,
      3767, 3768, 3769, -1,
      3769, 3768, 3770, -1,
      3769, 3770, 3771, -1,
      3771, 3770, 3772, -1,
      3771, 3772, 3773, -1,
      3773, 3772, 3774, -1,
      3773, 3774, 3775, -1,
      3775, 3774, 3776, -1,
      3775, 3776, 2121, -1,
      3742, 2291, 3768, -1,
      3768, 2291, 2294, -1,
      3768, 2294, 3770, -1,
      3770, 2294, 2296, -1,
      3770, 2296, 3772, -1,
      3772, 2296, 2298, -1,
      3772, 2298, 3774, -1,
      3774, 2298, 2300, -1,
      3774, 2300, 3776, -1,
      3776, 2300, 2302, -1,
      3776, 2302, 2121, -1,
      3744, 3743, 3757, -1,
      3757, 3743, 3767, -1,
      3757, 3767, 3758, -1,
      3758, 3767, 3769, -1,
      3758, 3769, 3759, -1,
      3759, 3769, 3771, -1,
      3759, 3771, 3760, -1,
      3760, 3771, 3773, -1,
      3760, 3773, 3761, -1,
      3761, 3773, 3775, -1,
      3761, 3775, 2121, -1,
      2121, 2120, 2375, -1,
      2121, 2375, 3766, -1,
      3766, 2375, 2374, -1,
      3766, 2374, 3765, -1,
      3765, 2374, 2373, -1,
      3765, 2373, 3764, -1,
      3764, 2373, 2372, -1,
      3764, 2372, 3763, -1,
      3763, 2372, 2371, -1,
      3763, 2371, 3762, -1,
      3762, 2371, 2370, -1,
      3762, 2370, 2702, -1,
      3777, 3734, 3778, -1,
      3778, 3734, 3732, -1,
      3778, 3732, 3779, -1,
      3779, 3732, 3731, -1,
      3779, 3731, 3780, -1,
      3780, 3731, 3722, -1,
      3780, 3722, 3781, -1,
      3781, 3722, 2699, -1,
      3781, 2699, 2697, -1,
      16, 13, 3777, -1,
      3777, 13, 3735, -1,
      3777, 3735, 3734, -1,
      13, 12, 3735, -1,
      3735, 12, 6, -1,
      3735, 6, 11, -1,
      11, 10, 3735, -1,
      3735, 10, 7, -1,
      3735, 7, 8, -1,
      3701, 3782, 3700, -1,
      3700, 3782, 3703, -1,
      3782, 3783, 3703, -1,
      3703, 3783, 3784, -1,
      3703, 3784, 3718, -1,
      3718, 3784, 3785, -1,
      3718, 3785, 3714, -1,
      3714, 3785, 3786, -1,
      3714, 3786, 3721, -1,
      3720, 3721, 3787, -1,
      3720, 3787, 3788, -1,
      3788, 3787, 3789, -1,
      3788, 3789, 3790, -1,
      3790, 3789, 3791, -1,
      3790, 3791, 3792, -1,
      3792, 3791, 3793, -1,
      3792, 3793, 3794, -1,
      3794, 3793, 3795, -1,
      3794, 3795, 3796, -1,
      3796, 3795, 2750, -1,
      3796, 2750, 2749, -1,
      3777, 3778, 3797, -1,
      3797, 3778, 3798, -1,
      3797, 3798, 3799, -1,
      3799, 3798, 3800, -1,
      3799, 3800, 3801, -1,
      3801, 3800, 3802, -1,
      3801, 3802, 3803, -1,
      3803, 3802, 3804, -1,
      3803, 3804, 3805, -1,
      3805, 3804, 3806, -1,
      3805, 3806, 2377, -1,
      3778, 3779, 3798, -1,
      3798, 3779, 3807, -1,
      3798, 3807, 3800, -1,
      3800, 3807, 3808, -1,
      3800, 3808, 3802, -1,
      3802, 3808, 3809, -1,
      3802, 3809, 3804, -1,
      3804, 3809, 3810, -1,
      3804, 3810, 3806, -1,
      3806, 3810, 3811, -1,
      3806, 3811, 2377, -1,
      16, 3777, 2412, -1,
      2412, 3777, 3797, -1,
      2412, 3797, 2410, -1,
      2410, 3797, 3799, -1,
      2410, 3799, 2408, -1,
      2408, 3799, 3801, -1,
      2408, 3801, 2406, -1,
      2406, 3801, 3803, -1,
      2406, 3803, 2404, -1,
      2404, 3803, 3805, -1,
      2404, 3805, 2377, -1,
      3780, 3781, 3812, -1,
      3812, 3781, 3813, -1,
      3812, 3813, 3814, -1,
      3814, 3813, 3815, -1,
      3814, 3815, 3816, -1,
      3816, 3815, 3817, -1,
      3816, 3817, 3818, -1,
      3818, 3817, 3819, -1,
      3818, 3819, 3820, -1,
      3820, 3819, 3821, -1,
      3820, 3821, 2377, -1,
      3781, 2697, 3813, -1,
      3813, 2697, 2695, -1,
      3813, 2695, 3815, -1,
      3815, 2695, 2693, -1,
      3815, 2693, 3817, -1,
      3817, 2693, 2691, -1,
      3817, 2691, 3819, -1,
      3819, 2691, 2689, -1,
      3819, 2689, 3821, -1,
      3821, 2689, 2687, -1,
      3821, 2687, 2377, -1,
      3779, 3780, 3807, -1,
      3807, 3780, 3812, -1,
      3807, 3812, 3808, -1,
      3808, 3812, 3814, -1,
      3808, 3814, 3809, -1,
      3809, 3814, 3816, -1,
      3809, 3816, 3810, -1,
      3810, 3816, 3818, -1,
      3810, 3818, 3811, -1,
      3811, 3818, 3820, -1,
      3811, 3820, 2377, -1,
      3783, 3782, 3822, -1,
      3785, 3784, 3823, -1,
      3721, 3786, 3787, -1,
      3787, 3786, 3824, -1,
      3787, 3824, 3789, -1,
      3789, 3824, 3825, -1,
      3789, 3825, 3791, -1,
      3791, 3825, 3826, -1,
      3791, 3826, 3793, -1,
      3793, 3826, 3827, -1,
      3793, 3827, 3795, -1,
      3795, 3827, 3828, -1,
      3795, 3828, 2750, -1,
      3784, 3783, 3823, -1,
      3823, 3783, 3822, -1,
      3823, 3822, 3829, -1,
      3829, 3822, 3830, -1,
      3829, 3830, 3831, -1,
      3831, 3830, 3832, -1,
      3831, 3832, 3833, -1,
      3833, 3832, 3834, -1,
      3833, 3834, 3835, -1,
      3835, 3834, 3836, -1,
      3835, 3836, 2750, -1,
      3782, 3701, 3822, -1,
      3822, 3701, 3837, -1,
      3822, 3837, 3830, -1,
      3830, 3837, 3838, -1,
      3830, 3838, 3832, -1,
      3832, 3838, 3839, -1,
      3832, 3839, 3834, -1,
      3834, 3839, 3840, -1,
      3834, 3840, 3836, -1,
      3836, 3840, 3841, -1,
      3836, 3841, 2750, -1,
      3786, 3785, 3824, -1,
      3824, 3785, 3823, -1,
      3824, 3823, 3825, -1,
      3825, 3823, 3829, -1,
      3825, 3829, 3826, -1,
      3826, 3829, 3831, -1,
      3826, 3831, 3827, -1,
      3827, 3831, 3833, -1,
      3827, 3833, 3828, -1,
      3828, 3833, 3835, -1,
      3828, 3835, 2750, -1,
      3842, 2724, 2723, -1,
      3842, 2723, 3843, -1,
      3843, 2723, 3725, -1,
      3843, 3725, 3844, -1,
      3844, 3725, 3845, -1,
      3845, 3725, 3724, -1,
      3845, 3724, 3846, -1,
      3846, 3724, 3847, -1,
      3847, 3724, 3723, -1,
      3847, 3723, 3848, -1,
      3848, 3723, 3728, -1,
      3848, 3728, 3849, -1,
      133, 122, 3729, -1,
      3729, 122, 121, -1,
      3849, 3728, 3850, -1,
      3850, 3728, 3729, -1,
      3850, 3729, 3851, -1,
      3851, 3729, 121, -1,
      3851, 121, 3852, -1,
      3852, 121, 120, -1,
      3852, 120, 119, -1,
      119, 118, 3852, -1,
      3852, 118, 47, -1,
      3852, 47, 54, -1,
      3702, 2770, 2801, -1,
      2782, 3853, 2801, -1,
      2801, 3853, 3854, -1,
      2801, 3854, 3702, -1,
      3855, 3856, 2782, -1,
      2782, 3856, 3857, -1,
      2782, 3857, 3853, -1,
      2782, 2781, 3855, -1,
      3855, 2781, 2727, -1,
      3855, 2727, 2730, -1,
      3701, 3702, 3858, -1,
      3701, 3858, 3837, -1,
      3837, 3858, 3859, -1,
      3837, 3859, 3838, -1,
      3838, 3859, 3860, -1,
      3838, 3860, 3839, -1,
      3839, 3860, 3861, -1,
      3839, 3861, 3840, -1,
      3840, 3861, 3862, -1,
      3840, 3862, 3841, -1,
      3841, 3862, 2751, -1,
      3841, 2751, 2750, -1,
      3863, 2655, 2387, -1,
      3863, 2387, 3864, -1,
      3865, 3864, 2387, -1,
      3866, 3865, 2387, -1,
      3867, 3866, 2387, -1,
      3868, 3867, 2387, -1,
      2739, 3868, 2387, -1,
      2739, 2741, 3869, -1,
      2741, 2743, 3870, -1,
      2743, 2745, 3871, -1,
      2745, 2747, 3872, -1,
      2747, 2724, 3842, -1,
      2747, 3842, 3872, -1,
      3872, 3842, 3843, -1,
      3872, 3843, 3873, -1,
      3843, 3844, 3873, -1,
      3873, 3844, 3845, -1,
      3873, 3845, 3874, -1,
      3845, 3846, 3874, -1,
      3874, 3846, 3847, -1,
      3874, 3847, 3875, -1,
      3847, 3848, 3875, -1,
      3875, 3848, 3849, -1,
      3875, 3849, 3876, -1,
      3849, 3850, 3876, -1,
      3876, 3850, 3851, -1,
      3876, 3851, 3877, -1,
      3851, 3852, 3877, -1,
      3877, 3852, 54, -1,
      3877, 54, 2663, -1,
      2745, 3872, 3871, -1,
      3871, 3872, 3873, -1,
      3871, 3873, 3878, -1,
      3878, 3873, 3874, -1,
      3878, 3874, 3879, -1,
      3879, 3874, 3875, -1,
      3879, 3875, 3880, -1,
      3880, 3875, 3876, -1,
      3880, 3876, 3881, -1,
      3881, 3876, 3877, -1,
      3881, 3877, 3882, -1,
      3882, 3877, 2663, -1,
      3882, 2663, 2661, -1,
      2743, 3871, 3870, -1,
      3870, 3871, 3878, -1,
      3870, 3878, 3883, -1,
      3883, 3878, 3879, -1,
      3883, 3879, 3884, -1,
      3884, 3879, 3880, -1,
      3884, 3880, 3885, -1,
      3885, 3880, 3881, -1,
      3885, 3881, 3886, -1,
      3886, 3881, 3882, -1,
      3886, 3882, 3887, -1,
      3887, 3882, 2661, -1,
      3887, 2661, 2659, -1,
      2741, 3870, 3869, -1,
      3869, 3870, 3883, -1,
      3869, 3883, 3888, -1,
      3888, 3883, 3884, -1,
      3888, 3884, 3889, -1,
      3889, 3884, 3885, -1,
      3889, 3885, 3890, -1,
      3890, 3885, 3886, -1,
      3890, 3886, 3891, -1,
      3891, 3886, 3887, -1,
      3891, 3887, 3892, -1,
      3892, 3887, 2659, -1,
      3892, 2659, 2657, -1,
      2739, 3869, 3868, -1,
      3868, 3869, 3888, -1,
      3868, 3888, 3867, -1,
      3867, 3888, 3889, -1,
      3867, 3889, 3866, -1,
      3866, 3889, 3890, -1,
      3866, 3890, 3865, -1,
      3865, 3890, 3891, -1,
      3865, 3891, 3864, -1,
      3864, 3891, 3892, -1,
      3864, 3892, 3863, -1,
      3863, 3892, 2657, -1,
      3863, 2657, 2655, -1,
      3855, 2730, 3893, -1,
      3857, 3856, 3894, -1,
      3854, 3853, 3895, -1,
      3853, 3857, 3895, -1,
      3895, 3857, 3894, -1,
      3895, 3894, 3896, -1,
      3896, 3894, 3897, -1,
      3896, 3897, 3898, -1,
      3898, 3897, 3899, -1,
      3898, 3899, 3900, -1,
      3900, 3899, 3901, -1,
      3900, 3901, 3902, -1,
      3902, 3901, 3903, -1,
      3902, 3903, 2751, -1,
      3856, 3855, 3894, -1,
      3894, 3855, 3893, -1,
      3894, 3893, 3897, -1,
      3897, 3893, 3904, -1,
      3897, 3904, 3899, -1,
      3899, 3904, 3905, -1,
      3899, 3905, 3901, -1,
      3901, 3905, 3906, -1,
      3901, 3906, 3903, -1,
      3903, 3906, 3907, -1,
      3903, 3907, 2751, -1,
      3702, 3854, 3858, -1,
      3858, 3854, 3895, -1,
      3858, 3895, 3859, -1,
      3859, 3895, 3896, -1,
      3859, 3896, 3860, -1,
      3860, 3896, 3898, -1,
      3860, 3898, 3861, -1,
      3861, 3898, 3900, -1,
      3861, 3900, 3862, -1,
      3862, 3900, 3902, -1,
      3862, 3902, 2751, -1,
      2748, 2751, 3907, -1,
      2748, 3907, 3908, -1,
      3908, 3907, 3906, -1,
      3908, 3906, 3909, -1,
      3909, 3906, 3905, -1,
      3909, 3905, 3910, -1,
      3910, 3905, 3904, -1,
      3910, 3904, 3911, -1,
      3911, 3904, 3893, -1,
      3911, 3893, 3912, -1,
      3912, 3893, 2730, -1,
      3912, 2730, 2729, -1,
      2779, 2914, 3716, -1,
      2779, 3716, 2815, -1,
      2815, 3716, 3715, -1,
      2815, 3715, 2759, -1,
      2759, 3715, 3708, -1,
      2759, 3708, 2760, -1,
      2760, 3708, 3707, -1,
      2760, 3707, 2835, -1,
      2835, 3707, 3711, -1,
      2835, 3711, 2834, -1,
      2834, 3711, 2708, -1,
      2834, 2708, 2707, -1,
      2823, 3699, 3719, -1,
      2823, 3719, 2825, -1,
      2825, 3719, 3713, -1,
      2825, 3713, 2826, -1,
      2826, 3713, 3712, -1,
      2826, 3712, 2820, -1,
      2820, 3712, 2915, -1,
      2820, 2915, 2818, -1,
      2752, 2754, 3738, -1,
      2752, 3738, 2855, -1,
      2855, 3738, 3739, -1,
      2855, 3739, 2856, -1,
      2856, 3739, 3727, -1,
      2856, 3727, 2857, -1,
      2857, 3727, 3726, -1,
      2857, 3726, 2850, -1,
      2850, 3726, 3730, -1,
      2850, 3730, 2849, -1,
      2849, 3730, 2722, -1,
      2849, 2722, 2721, -1,
      2701, 2700, 3733, -1,
      2701, 3733, 2776, -1,
      2776, 3733, 3737, -1,
      2776, 3737, 2762, -1,
      2762, 3737, 3736, -1,
      2762, 3736, 2758, -1,
      2758, 3736, 3741, -1,
      2758, 3741, 2813, -1,
      2813, 3741, 3740, -1,
      2813, 3740, 2807, -1,
      2807, 3740, 2755, -1,
      2807, 2755, 2753, -1,
      2392, 2087, 2086, -1,
      3913, 2732, 2719, -1,
      2713, 2711, 2709, -1,
      2709, 2392, 2713, -1,
      2713, 2392, 2086, -1,
      2713, 2086, 2715, -1,
      2715, 2086, 3913, -1,
      2715, 3913, 2717, -1,
      2717, 3913, 2719, -1,
      2729, 2731, 3914, -1,
      2729, 3914, 3912, -1,
      3910, 2076, 2075, -1,
      2075, 2748, 3910, -1,
      3910, 2748, 3908, -1,
      3910, 3908, 3909, -1,
      2076, 3910, 3914, -1,
      3914, 3910, 3911, -1,
      3914, 3911, 3912, -1,
      3914, 2731, 3913, -1,
      3913, 2731, 2732, -1,
      2428, 2423, 2399, -1,
      2399, 2423, 2400, -1,
      2666, 2667, 2383, -1,
      2383, 2667, 2382, -1,
      3915, 3916, 3917, -1,
      3917, 3916, 3918, -1,
      3917, 3918, 3919, -1,
      3920, 3921, 3915, -1,
      3915, 3921, 3922, -1,
      3915, 3922, 3916, -1,
      3923, 3924, 3915, -1,
      3915, 3924, 3925, -1,
      3915, 3925, 3920, -1,
      3926, 3927, 3928, -1,
      3929, 3928, 3930, -1,
      3930, 3928, 3931, -1,
      3930, 3931, 3932, -1,
      3929, 3933, 3928, -1,
      3928, 3933, 3934, -1,
      3928, 3934, 3926, -1,
      3926, 3934, 3935, -1,
      3926, 3935, 3936, -1,
      3926, 3918, 3927, -1,
      3927, 3918, 3916, -1,
      3927, 3916, 2725, -1,
      2725, 3916, 2728, -1,
      3937, 3938, 3939, -1,
      3939, 3938, 3940, -1,
      3939, 3940, 3941, -1,
      3941, 3940, 3942, -1,
      3941, 3942, 3943, -1,
      3939, 3944, 3945, -1,
      3945, 3946, 3939, -1,
      3939, 3946, 3947, -1,
      3939, 3947, 3937, -1,
      3948, 3949, 3950, -1,
      3950, 3949, 3951, -1,
      3952, 3953, 3954, -1,
      3954, 3953, 3955, -1,
      3954, 3955, 3956, -1,
      3950, 3957, 3948, -1,
      3948, 3957, 3953, -1,
      3948, 3953, 3958, -1,
      3958, 3953, 3952, -1,
      3950, 3942, 3957, -1,
      3957, 3942, 3940, -1,
      3957, 3940, 2705, -1,
      2705, 3940, 2706, -1,
      3926, 3936, 3918, -1,
      3918, 3936, 3919, -1,
      3943, 3942, 3951, -1,
      3951, 3942, 3950, -1,
      3938, 2698, 3940, -1,
      3940, 2698, 2706, -1,
      3939, 2380, 2688, -1,
      3939, 2688, 3944, -1,
      3944, 2688, 2690, -1,
      3944, 2690, 3945, -1,
      3945, 2690, 2692, -1,
      3945, 2692, 3946, -1,
      3946, 2692, 2694, -1,
      3946, 2694, 3947, -1,
      3947, 2694, 2696, -1,
      3947, 2696, 3937, -1,
      3937, 2696, 2698, -1,
      3937, 2698, 3938, -1,
      3941, 2381, 3939, -1,
      3939, 2381, 2380, -1,
      3959, 2379, 3941, -1,
      3941, 2379, 2381, -1,
      3960, 2378, 3959, -1,
      3959, 2378, 2379, -1,
      3961, 2395, 3960, -1,
      3960, 2395, 2378, -1,
      3962, 2398, 3961, -1,
      3961, 2398, 2395, -1,
      3949, 2396, 3962, -1,
      3962, 2396, 2398, -1,
      3948, 2397, 3949, -1,
      3949, 2397, 2396, -1,
      3953, 2704, 2737, -1,
      3953, 2737, 3955, -1,
      3955, 2737, 2736, -1,
      3955, 2736, 3956, -1,
      3956, 2736, 2735, -1,
      3956, 2735, 3954, -1,
      3954, 2735, 2734, -1,
      3954, 2734, 3952, -1,
      3952, 2734, 2733, -1,
      3952, 2733, 3958, -1,
      3958, 2733, 2397, -1,
      3958, 2397, 3948, -1,
      2704, 3953, 2705, -1,
      2705, 3953, 3957, -1,
      2726, 3928, 2725, -1,
      2725, 3928, 3927, -1,
      3928, 2726, 2746, -1,
      3928, 2746, 3931, -1,
      3931, 2746, 2744, -1,
      3931, 2744, 3932, -1,
      3932, 2744, 2742, -1,
      3932, 2742, 3930, -1,
      3930, 2742, 2740, -1,
      3930, 2740, 3929, -1,
      3929, 2740, 2738, -1,
      3929, 2738, 3933, -1,
      3933, 2738, 2385, -1,
      3933, 2385, 3934, -1,
      2384, 3935, 2385, -1,
      2385, 3935, 3934, -1,
      2386, 3963, 2384, -1,
      2384, 3963, 3935, -1,
      2388, 3964, 2386, -1,
      2386, 3964, 3963, -1,
      2394, 3965, 2388, -1,
      2388, 3965, 3964, -1,
      2393, 3966, 2394, -1,
      2394, 3966, 3965, -1,
      2391, 3917, 2393, -1,
      2393, 3917, 3966, -1,
      2390, 3915, 2391, -1,
      2391, 3915, 3917, -1,
      3915, 2390, 2710, -1,
      3915, 2710, 3923, -1,
      3923, 2710, 2712, -1,
      3923, 2712, 3924, -1,
      3924, 2712, 2714, -1,
      3924, 2714, 3925, -1,
      3925, 2714, 2716, -1,
      3925, 2716, 3920, -1,
      3920, 2716, 2718, -1,
      3920, 2718, 3921, -1,
      3921, 2718, 2720, -1,
      3921, 2720, 3922, -1,
      3922, 2720, 3916, -1,
      3916, 2720, 2728, -1,
      1993, 2018, 1995, -1,
      1995, 2018, 2019, -1,
      1945, 1970, 1947, -1,
      1947, 1970, 1971, -1,
      1897, 1922, 1899, -1,
      1899, 1922, 1923, -1,
      1849, 1874, 1851, -1,
      1851, 1874, 1879, -1,
      1801, 1826, 1803, -1,
      1803, 1826, 1831, -1,
      1753, 1778, 1755, -1,
      1755, 1778, 1783, -1,
      1705, 1730, 1707, -1,
      1707, 1730, 1735, -1,
      1657, 1682, 1659, -1,
      1659, 1682, 1683, -1,
      1609, 1634, 1611, -1,
      1611, 1634, 1635, -1,
      1561, 1586, 1563, -1,
      1563, 1586, 1587, -1,
      1513, 1538, 1515, -1,
      1515, 1538, 1539, -1,
      1465, 1490, 1467, -1,
      1467, 1490, 1495, -1,
      1417, 1442, 1419, -1,
      1419, 1442, 1447, -1,
      1369, 1394, 1371, -1,
      1371, 1394, 1399, -1,
      1321, 1346, 1323, -1,
      1323, 1346, 1351, -1,
      1273, 1298, 1275, -1,
      1275, 1298, 1299, -1,
    ]
  }
}

Shape {
  appearance Appearance {
    material Material {
      diffuseColor 0.9686 0.8784 0.6000
      specularColor 0.6784 0.6157 0.4196
      ambientIntensity 0.2
      transparency 0.0000
      shininess 0.5
    }
  }
  geometry IndexedFaceSet {
    ccw TRUE
    solid FALSE
    coord DEF co Coordinate {
      point [
        2.519685 1.003937 0.177165,
        2.519685 1.003937 0.137795,
        2.913386 1.003937 0.177165,
        2.913386 1.003937 0.137795,
        2.992126 1.003937 0.177165,
        2.992126 1.003937 0.137795,
        -0.944882 1.003937 0.137795,
        -0.944882 1.003937 0.177165,
        -1.023622 1.003937 0.137795,
        -1.338583 1.003937 0.137795,
        -1.023622 1.003937 0.177165,
        -1.338583 1.003937 0.177165,
        -1.417323 1.003937 0.137795,
        -1.732283 1.003937 0.137795,
        -1.417323 1.003937 0.177165,
        -1.732283 1.003937 0.177165,
        -1.811024 1.003937 0.137795,
        -2.125984 1.003937 0.137795,
        -1.811024 1.003937 0.177165,
        -2.125984 1.003937 0.177165,
        -2.204724 1.003937 0.137795,
        -2.519685 1.003937 0.137795,
        -2.204724 1.003937 0.177165,
        -2.519685 1.003937 0.177165,
        -2.992126 1.003937 0.177165,
        -2.992126 1.003937 0.137795,
        2.204724 1.003937 0.137795,
        2.204724 1.003937 0.177165,
        1.417323 1.003937 0.177165,
        1.811024 1.003937 0.177165,
        2.125984 1.003937 0.177165,
        1.811024 1.003937 0.137795,
        2.125984 1.003937 0.137795,
        1.338583 1.003937 0.137795,
        1.023622 1.003937 0.137795,
        1.338583 1.003937 0.177165,
        1.023622 1.003937 0.177165,
        0.944882 1.003937 0.137795,
        0.629921 1.003937 0.137795,
        0.944882 1.003937 0.177165,
        0.629921 1.003937 0.177165,
        0.551181 1.003937 0.137795,
        0.236220 1.003937 0.137795,
        0.551181 1.003937 0.177165,
        0.236220 1.003937 0.177165,
        1.732283 1.003937 0.137795,
        1.417323 1.003937 0.137795,
        1.732283 1.003937 0.177165,
        0.157480 1.003937 0.137795,
        -0.157480 1.003937 0.137795,
        0.157480 1.003937 0.177165,
        -0.157480 1.003937 0.177165,
        -0.236220 1.003937 0.137795,
        -0.551181 1.003937 0.137795,
        -0.236220 1.003937 0.177165,
        -0.551181 1.003937 0.177165,
        -0.629921 1.003937 0.177165,
        -0.629921 1.003937 0.137795,
        2.598425 1.003937 0.137795,
        2.598425 1.003937 0.177165,
        -2.598425 1.003937 0.137795,
        -2.913386 1.003937 0.137795,
        -2.598425 1.003937 0.177165,
        -2.913386 1.003937 0.177165,
        -0.236220 -0.595826 0.452756,
        -0.157480 -0.595826 0.452756,
        -0.236220 -0.143407 0.452756,
        -0.157480 -0.143407 0.452756,
        -0.236220 0.368404 0.452756,
        -0.157480 0.368404 0.452756,
        -0.236220 0.742757 0.452756,
        -0.157480 0.742757 0.452756,
        2.913386 0.742757 0.452756,
        2.992126 0.742757 0.452756,
        2.913386 0.595826 0.452756,
        2.992126 0.595826 0.452756,
        2.519685 0.595826 0.452756,
        2.598425 0.595826 0.452756,
        2.598425 0.742757 0.452756,
        2.519685 0.742757 0.452756,
        2.125984 0.595826 0.452756,
        2.204724 0.595826 0.452756,
        2.204724 0.742757 0.452756,
        2.125984 0.742757 0.452756,
        1.732283 0.595826 0.452756,
        1.811024 0.595826 0.452756,
        1.811024 0.742757 0.452756,
        1.732283 0.742757 0.452756,
        1.338583 0.742757 0.452756,
        1.417323 0.742757 0.452756,
        1.338583 0.595826 0.452756,
        1.417323 0.595826 0.452756,
        0.944882 0.595826 0.452756,
        1.023622 0.595826 0.452756,
        1.023622 0.742757 0.452756,
        0.944882 0.742757 0.452756,
        0.551181 0.595826 0.452756,
        0.629921 0.595826 0.452756,
        0.629921 0.742757 0.452756,
        0.551181 0.742757 0.452756,
        0.157480 0.595826 0.452756,
        0.236220 0.595826 0.452756,
        0.236220 0.742757 0.452756,
        0.157480 0.742757 0.452756,
        -0.157480 0.595826 0.452756,
        -0.236220 0.595826 0.452756,
        -0.551181 0.595826 0.452756,
        -0.629921 0.595826 0.452756,
        -0.629921 0.742757 0.452756,
        -0.551181 0.742757 0.452756,
        -1.023622 0.595826 0.452756,
        -0.944882 0.595826 0.452756,
        -0.944882 0.742757 0.452756,
        -1.023622 0.742757 0.452756,
        -1.417323 0.595826 0.452756,
        -1.338583 0.595826 0.452756,
        -1.338583 0.742757 0.452756,
        -1.417323 0.742757 0.452756,
        -1.811024 0.595826 0.452756,
        -1.732283 0.595826 0.452756,
        -1.732283 0.742757 0.452756,
        -1.811024 0.742757 0.452756,
        -2.204724 0.595826 0.452756,
        -2.125984 0.595826 0.452756,
        -2.125984 0.742757 0.452756,
        -2.204724 0.742757 0.452756,
        -2.598425 0.595826 0.452756,
        -2.519685 0.595826 0.452756,
        -2.519685 0.742757 0.452756,
        -2.598425 0.742757 0.452756,
        -2.992126 0.742757 0.452756,
        -2.913386 0.742757 0.452756,
        -2.992126 0.595826 0.452756,
        -2.913386 0.595826 0.452756,
        2.913386 0.368404 0.452756,
        2.913386 0.143407 0.452756,
        2.992126 0.143407 0.452756,
        2.992126 0.368404 0.452756,
        2.519685 0.368404 0.452756,
        2.519685 0.143407 0.452756,
        2.598425 0.143407 0.452756,
        2.598425 0.368404 0.452756,
        2.125984 0.368404 0.452756,
        2.125984 0.143407 0.452756,
        2.204724 0.143407 0.452756,
        2.204724 0.368404 0.452756,
        1.732283 0.368404 0.452756,
        1.732283 0.143407 0.452756,
        1.811024 0.143407 0.452756,
        1.811024 0.368404 0.452756,
        1.338583 0.368404 0.452756,
        1.338583 0.143407 0.452756,
        1.417323 0.143407 0.452756,
        1.417323 0.368404 0.452756,
        0.944882 0.368404 0.452756,
        0.944882 0.143407 0.452756,
        1.023622 0.143407 0.452756,
        1.023622 0.368404 0.452756,
        0.551181 0.368404 0.452756,
        0.551181 0.143407 0.452756,
        0.629921 0.143407 0.452756,
        0.629921 0.368404 0.452756,
        0.157480 0.368404 0.452756,
        0.157480 0.143407 0.452756,
        0.236220 0.143407 0.452756,
        0.236220 0.368404 0.452756,
        -0.551181 0.143407 0.452756,
        -0.629921 0.143407 0.452756,
        -0.157480 0.143407 0.452756,
        -0.236220 0.143407 0.452756,
        -0.629921 0.368404 0.452756,
        -0.551181 0.368404 0.452756,
        -1.023622 0.368404 0.452756,
        -1.023622 0.143407 0.452756,
        -0.944882 0.143407 0.452756,
        -0.944882 0.368404 0.452756,
        -1.417323 0.368404 0.452756,
        -1.417323 0.143407 0.452756,
        -1.338583 0.143407 0.452756,
        -1.338583 0.368404 0.452756,
        -1.811024 0.368404 0.452756,
        -1.811024 0.143407 0.452756,
        -1.732283 0.143407 0.452756,
        -1.732283 0.368404 0.452756,
        -2.204724 0.368404 0.452756,
        -2.204724 0.143407 0.452756,
        -2.125984 0.143407 0.452756,
        -2.125984 0.368404 0.452756,
        -2.598425 0.368404 0.452756,
        -2.598425 0.143407 0.452756,
        -2.519685 0.143407 0.452756,
        -2.519685 0.368404 0.452756,
        -2.992126 0.368404 0.452756,
        -2.992126 0.143407 0.452756,
        -2.913386 0.143407 0.452756,
        -2.913386 0.368404 0.452756,
        2.913386 -0.368404 0.452756,
        2.992126 -0.368404 0.452756,
        2.992126 -0.143407 0.452756,
        2.913386 -0.143407 0.452756,
        2.519685 -0.368404 0.452756,
        2.598425 -0.368404 0.452756,
        2.598425 -0.143407 0.452756,
        2.519685 -0.143407 0.452756,
        2.125984 -0.368404 0.452756,
        2.204724 -0.368404 0.452756,
        2.204724 -0.143407 0.452756,
        2.125984 -0.143407 0.452756,
        1.732283 -0.368404 0.452756,
        1.811024 -0.368404 0.452756,
        1.811024 -0.143407 0.452756,
        1.732283 -0.143407 0.452756,
        1.338583 -0.368404 0.452756,
        1.417323 -0.368404 0.452756,
        1.417323 -0.143407 0.452756,
        1.338583 -0.143407 0.452756,
        0.944882 -0.368404 0.452756,
        1.023622 -0.368404 0.452756,
        1.023622 -0.143407 0.452756,
        0.944882 -0.143407 0.452756,
        0.551181 -0.368404 0.452756,
        0.629921 -0.368404 0.452756,
        0.629921 -0.143407 0.452756,
        0.551181 -0.143407 0.452756,
        0.157480 -0.368404 0.452756,
        0.236220 -0.368404 0.452756,
        0.236220 -0.143407 0.452756,
        0.157480 -0.143407 0.452756,
        -0.157480 -0.368404 0.452756,
        -0.236220 -0.368404 0.452756,
        -0.551181 -0.368404 0.452756,
        -0.629921 -0.368404 0.452756,
        -0.629921 -0.143407 0.452756,
        -0.551181 -0.143407 0.452756,
        -1.023622 -0.368404 0.452756,
        -0.944882 -0.368404 0.452756,
        -0.944882 -0.143407 0.452756,
        -1.023622 -0.143407 0.452756,
        -1.417323 -0.368404 0.452756,
        -1.338583 -0.368404 0.452756,
        -1.338583 -0.143407 0.452756,
        -1.417323 -0.143407 0.452756,
        -1.811024 -0.368404 0.452756,
        -1.732283 -0.368404 0.452756,
        -1.732283 -0.143407 0.452756,
        -1.811024 -0.143407 0.452756,
        -2.204724 -0.368404 0.452756,
        -2.125984 -0.368404 0.452756,
        -2.125984 -0.143407 0.452756,
        -2.204724 -0.143407 0.452756,
        -2.598425 -0.368404 0.452756,
        -2.519685 -0.368404 0.452756,
        -2.519685 -0.143407 0.452756,
        -2.598425 -0.143407 0.452756,
        -2.992126 -0.368404 0.452756,
        -2.913386 -0.368404 0.452756,
        -2.913386 -0.143407 0.452756,
        -2.992126 -0.143407 0.452756,
        2.913386 -0.742757 0.452756,
        2.992126 -0.742757 0.452756,
        2.992126 -0.595826 0.452756,
        2.913386 -0.595826 0.452756,
        2.519685 -0.742757 0.452756,
        2.598425 -0.742757 0.452756,
        2.598425 -0.595826 0.452756,
        2.519685 -0.595826 0.452756,
        2.125984 -0.742757 0.452756,
        2.204724 -0.742757 0.452756,
        2.204724 -0.595826 0.452756,
        2.125984 -0.595826 0.452756,
        1.732283 -0.742757 0.452756,
        1.811024 -0.742757 0.452756,
        1.811024 -0.595826 0.452756,
        1.732283 -0.595826 0.452756,
        1.338583 -0.742757 0.452756,
        1.417323 -0.742757 0.452756,
        1.417323 -0.595826 0.452756,
        1.338583 -0.595826 0.452756,
        0.944882 -0.742757 0.452756,
        1.023622 -0.742757 0.452756,
        1.023622 -0.595826 0.452756,
        0.944882 -0.595826 0.452756,
        0.551181 -0.742757 0.452756,
        0.629921 -0.742757 0.452756,
        0.629921 -0.595826 0.452756,
        0.551181 -0.595826 0.452756,
        0.157480 -0.742757 0.452756,
        0.236220 -0.742757 0.452756,
        0.236220 -0.595826 0.452756,
        0.157480 -0.595826 0.452756,
        -0.551181 -0.742757 0.452756,
        -0.629921 -0.742757 0.452756,
        -0.157480 -0.742757 0.452756,
        -0.236220 -0.742757 0.452756,
        -0.629921 -0.595826 0.452756,
        -0.551181 -0.595826 0.452756,
        -1.023622 -0.742757 0.452756,
        -0.944882 -0.742757 0.452756,
        -0.944882 -0.595826 0.452756,
        -1.023622 -0.595826 0.452756,
        -1.417323 -0.742757 0.452756,
        -1.338583 -0.742757 0.452756,
        -1.338583 -0.595826 0.452756,
        -1.417323 -0.595826 0.452756,
        -1.811024 -0.742757 0.452756,
        -1.732283 -0.742757 0.452756,
        -1.732283 -0.595826 0.452756,
        -1.811024 -0.595826 0.452756,
        -2.204724 -0.742757 0.452756,
        -2.125984 -0.742757 0.452756,
        -2.125984 -0.595826 0.452756,
        -2.204724 -0.595826 0.452756,
        -2.598425 -0.742757 0.452756,
        -2.519685 -0.742757 0.452756,
        -2.519685 -0.595826 0.452756,
        -2.598425 -0.595826 0.452756,
        -2.992126 -0.742757 0.452756,
        -2.913386 -0.742757 0.452756,
        -2.913386 -0.595826 0.452756,
        -2.992126 -0.595826 0.452756,
        2.992126 -0.943641 0.233224,
        2.992126 -0.936255 0.235464,
        2.992126 -0.928574 0.236220,
        2.992126 -0.950447 0.229585,
        2.992126 -0.956413 0.224689,
        2.992126 -1.003937 0.177165,
        2.992126 -0.515189 0.098425,
        2.992126 -0.501969 0.098425,
        2.992126 -0.551181 0.078740,
        2.992126 -0.543027 0.086894,
        2.992126 -0.537061 0.091790,
        2.992126 -0.530255 0.095428,
        2.992126 -0.522869 0.097669,
        2.992126 -0.196850 0.137795,
        2.992126 -0.197837 0.129035,
        2.992126 -0.200749 0.120713,
        2.992126 -0.227460 0.099412,
        2.992126 -0.219139 0.102324,
        2.992126 -0.364173 0.098425,
        2.992126 -0.236220 0.098425,
        2.992126 -0.211674 0.107015,
        2.992126 -0.205440 0.113248,
        2.913386 -0.928574 0.236220,
        2.913386 -0.936255 0.235464,
        2.913386 -0.943641 0.233224,
        2.913386 -1.003937 0.177165,
        2.913386 -0.956413 0.224689,
        2.913386 -0.950447 0.229585,
        2.913386 -0.543027 0.086894,
        2.913386 -0.551181 0.078740,
        2.913386 -0.501969 0.098425,
        2.913386 -0.515189 0.098425,
        2.913386 -0.522869 0.097669,
        2.913386 -0.530255 0.095428,
        2.913386 -0.537061 0.091790,
        2.913386 -0.196850 0.137795,
        2.913386 -0.197837 0.129035,
        2.913386 -0.200749 0.120713,
        2.913386 -0.205440 0.113248,
        2.913386 -0.364173 0.098425,
        2.913386 -0.236220 0.098425,
        2.913386 -0.227460 0.099412,
        2.913386 -0.211674 0.107015,
        2.913386 -0.219139 0.102324,
        2.598425 -0.943641 0.233224,
        2.598425 -0.936255 0.235464,
        2.598425 -0.928574 0.236220,
        2.598425 -0.950447 0.229585,
        2.598425 -0.956413 0.224689,
        2.598425 -1.003937 0.177165,
        2.598425 -0.515189 0.098425,
        2.598425 -0.501969 0.098425,
        2.598425 -0.551181 0.078740,
        2.598425 -0.543027 0.086894,
        2.598425 -0.537061 0.091790,
        2.598425 -0.530255 0.095428,
        2.598425 -0.522869 0.097669,
        2.598425 -0.227460 0.099412,
        2.598425 -0.219139 0.102324,
        2.598425 -0.211674 0.107015,
        2.598425 -0.205440 0.113248,
        2.598425 -0.200749 0.120713,
        2.598425 -0.197837 0.129035,
        2.598425 -0.196850 0.137795,
        2.598425 -0.364173 0.098425,
        2.598425 -0.236220 0.098425,
        2.519685 -0.928574 0.236220,
        2.519685 -0.936255 0.235464,
        2.519685 -0.943641 0.233224,
        2.519685 -1.003937 0.177165,
        2.519685 -0.956413 0.224689,
        2.519685 -0.950447 0.229585,
        2.519685 -0.543027 0.086894,
        2.519685 -0.551181 0.078740,
        2.519685 -0.501969 0.098425,
        2.519685 -0.515189 0.098425,
        2.519685 -0.522869 0.097669,
        2.519685 -0.530255 0.095428,
        2.519685 -0.537061 0.091790,
        2.519685 -0.200749 0.120713,
        2.519685 -0.197837 0.129035,
        2.519685 -0.196850 0.137795,
        2.519685 -0.205440 0.113248,
        2.519685 -0.211674 0.107015,
        2.519685 -0.219139 0.102324,
        2.519685 -0.364173 0.098425,
        2.519685 -0.236220 0.098425,
        2.519685 -0.227460 0.099412,
        2.204724 -0.943641 0.233224,
        2.204724 -0.936255 0.235464,
        2.204724 -0.928574 0.236220,
        2.204724 -0.950447 0.229585,
        2.204724 -0.956413 0.224689,
        2.204724 -1.003937 0.177165,
        2.204724 -0.515189 0.098425,
        2.204724 -0.501969 0.098425,
        2.204724 -0.551181 0.078740,
        2.204724 -0.543027 0.086894,
        2.204724 -0.537061 0.091790,
        2.204724 -0.530255 0.095428,
        2.204724 -0.522869 0.097669,
        2.204724 -0.227460 0.099412,
        2.204724 -0.219139 0.102324,
        2.204724 -0.211674 0.107015,
        2.204724 -0.205440 0.113248,
        2.204724 -0.200749 0.120713,
        2.204724 -0.197837 0.129035,
        2.204724 -0.196850 0.137795,
        2.204724 -0.364173 0.098425,
        2.204724 -0.236220 0.098425,
        2.125984 -0.928574 0.236220,
        2.125984 -0.936255 0.235464,
        2.125984 -0.943641 0.233224,
        2.125984 -1.003937 0.177165,
        2.125984 -0.956413 0.224689,
        2.125984 -0.950447 0.229585,
        2.125984 -0.543027 0.086894,
        2.125984 -0.551181 0.078740,
        2.125984 -0.501969 0.098425,
        2.125984 -0.515189 0.098425,
        2.125984 -0.522869 0.097669,
        2.125984 -0.530255 0.095428,
        2.125984 -0.537061 0.091790,
        2.125984 -0.200749 0.120713,
        2.125984 -0.197837 0.129035,
        2.125984 -0.196850 0.137795,
        2.125984 -0.205440 0.113248,
        2.125984 -0.211674 0.107015,
        2.125984 -0.219139 0.102324,
        2.125984 -0.364173 0.098425,
        2.125984 -0.236220 0.098425,
        2.125984 -0.227460 0.099412,
        1.811024 -0.943641 0.233224,
        1.811024 -0.936255 0.235464,
        1.811024 -0.928574 0.236220,
        1.811024 -0.950447 0.229585,
        1.811024 -0.956413 0.224689,
        1.811024 -1.003937 0.177165,
        1.811024 -0.515189 0.098425,
        1.811024 -0.501969 0.098425,
        1.811024 -0.551181 0.078740,
        1.811024 -0.543027 0.086894,
        1.811024 -0.537061 0.091790,
        1.811024 -0.530255 0.095428,
        1.811024 -0.522869 0.097669,
        1.811024 -0.227460 0.099412,
        1.811024 -0.219139 0.102324,
        1.811024 -0.211674 0.107015,
        1.811024 -0.205440 0.113248,
        1.811024 -0.200749 0.120713,
        1.811024 -0.197837 0.129035,
        1.811024 -0.196850 0.137795,
        1.811024 -0.364173 0.098425,
        1.811024 -0.236220 0.098425,
        1.732283 -0.928574 0.236220,
        1.732283 -0.936255 0.235464,
        1.732283 -0.943641 0.233224,
        1.732283 -1.003937 0.177165,
        1.732283 -0.956413 0.224689,
        1.732283 -0.950447 0.229585,
        1.732283 -0.543027 0.086894,
        1.732283 -0.551181 0.078740,
        1.732283 -0.501969 0.098425,
        1.732283 -0.515189 0.098425,
        1.732283 -0.522869 0.097669,
        1.732283 -0.530255 0.095428,
        1.732283 -0.537061 0.091790,
        1.732283 -0.200749 0.120713,
        1.732283 -0.197837 0.129035,
        1.732283 -0.196850 0.137795,
        1.732283 -0.205440 0.113248,
        1.732283 -0.211674 0.107015,
        1.732283 -0.219139 0.102324,
        1.732283 -0.364173 0.098425,
        1.732283 -0.236220 0.098425,
        1.732283 -0.227460 0.099412,
        1.417323 -0.943641 0.233224,
        1.417323 -0.936255 0.235464,
        1.417323 -0.928574 0.236220,
        1.417323 -0.950447 0.229585,
        1.417323 -0.956413 0.224689,
        1.417323 -1.003937 0.177165,
        1.417323 -0.515189 0.098425,
        1.417323 -0.501969 0.098425,
        1.417323 -0.551181 0.078740,
        1.417323 -0.543027 0.086894,
        1.417323 -0.537061 0.091790,
        1.417323 -0.530255 0.095428,
        1.417323 -0.522869 0.097669,
        1.417323 -0.227460 0.099412,
        1.417323 -0.219139 0.102324,
        1.417323 -0.211674 0.107015,
        1.417323 -0.205440 0.113248,
        1.417323 -0.200749 0.120713,
        1.417323 -0.197837 0.129035,
        1.417323 -0.196850 0.137795,
        1.417323 -0.364173 0.098425,
        1.417323 -0.236220 0.098425,
        1.338583 -0.928574 0.236220,
        1.338583 -0.936255 0.235464,
        1.338583 -0.943641 0.233224,
        1.338583 -1.003937 0.177165,
        1.338583 -0.956413 0.224689,
        1.338583 -0.950447 0.229585,
        1.338583 -0.543027 0.086894,
        1.338583 -0.551181 0.078740,
        1.338583 -0.501969 0.098425,
        1.338583 -0.515189 0.098425,
        1.338583 -0.522869 0.097669,
        1.338583 -0.530255 0.095428,
        1.338583 -0.537061 0.091790,
        1.338583 -0.200749 0.120713,
        1.338583 -0.197837 0.129035,
        1.338583 -0.196850 0.137795,
        1.338583 -0.205440 0.113248,
        1.338583 -0.211674 0.107015,
        1.338583 -0.219139 0.102324,
        1.338583 -0.364173 0.098425,
        1.338583 -0.236220 0.098425,
        1.338583 -0.227460 0.099412,
        1.023622 -0.943641 0.233224,
        1.023622 -0.936255 0.235464,
        1.023622 -0.928574 0.236220,
        1.023622 -0.950447 0.229585,
        1.023622 -0.956413 0.224689,
        1.023622 -1.003937 0.177165,
        1.023622 -0.515189 0.098425,
        1.023622 -0.501969 0.098425,
        1.023622 -0.551181 0.078740,
        1.023622 -0.543027 0.086894,
        1.023622 -0.537061 0.091790,
        1.023622 -0.530255 0.095428,
        1.023622 -0.522869 0.097669,
        1.023622 -0.196850 0.137795,
        1.023622 -0.197837 0.129035,
        1.023622 -0.200749 0.120713,
        1.023622 -0.227460 0.099412,
        1.023622 -0.219139 0.102324,
        1.023622 -0.364173 0.098425,
        1.023622 -0.236220 0.098425,
        1.023622 -0.211674 0.107015,
        1.023622 -0.205440 0.113248,
        0.944882 -0.928574 0.236220,
        0.944882 -0.936255 0.235464,
        0.944882 -0.943641 0.233224,
        0.944882 -1.003937 0.177165,
        0.944882 -0.956413 0.224689,
        0.944882 -0.950447 0.229585,
        0.944882 -0.543027 0.086894,
        0.944882 -0.551181 0.078740,
        0.944882 -0.501969 0.098425,
        0.944882 -0.515189 0.098425,
        0.944882 -0.522869 0.097669,
        0.944882 -0.530255 0.095428,
        0.944882 -0.537061 0.091790,
        0.944882 -0.196850 0.137795,
        0.944882 -0.197837 0.129035,
        0.944882 -0.200749 0.120713,
        0.944882 -0.205440 0.113248,
        0.944882 -0.364173 0.098425,
        0.944882 -0.236220 0.098425,
        0.944882 -0.227460 0.099412,
        0.944882 -0.211674 0.107015,
        0.944882 -0.219139 0.102324,
        0.629921 -0.943641 0.233224,
        0.629921 -0.936255 0.235464,
        0.629921 -0.928574 0.236220,
        0.629921 -0.950447 0.229585,
        0.629921 -0.956413 0.224689,
        0.629921 -1.003937 0.177165,
        0.629921 -0.515189 0.098425,
        0.629921 -0.501969 0.098425,
        0.629921 -0.551181 0.078740,
        0.629921 -0.543027 0.086894,
        0.629921 -0.537061 0.091790,
        0.629921 -0.530255 0.095428,
        0.629921 -0.522869 0.097669,
        0.629921 -0.196850 0.137795,
        0.629921 -0.197837 0.129035,
        0.629921 -0.200749 0.120713,
        0.629921 -0.227460 0.099412,
        0.629921 -0.219139 0.102324,
        0.629921 -0.364173 0.098425,
        0.629921 -0.236220 0.098425,
        0.629921 -0.211674 0.107015,
        0.629921 -0.205440 0.113248,
        0.551181 -0.928574 0.236220,
        0.551181 -0.936255 0.235464,
        0.551181 -0.943641 0.233224,
        0.551181 -1.003937 0.177165,
        0.551181 -0.956413 0.224689,
        0.551181 -0.950447 0.229585,
        0.551181 -0.543027 0.086894,
        0.551181 -0.551181 0.078740,
        0.551181 -0.501969 0.098425,
        0.551181 -0.515189 0.098425,
        0.551181 -0.522869 0.097669,
        0.551181 -0.530255 0.095428,
        0.551181 -0.537061 0.091790,
        0.551181 -0.196850 0.137795,
        0.551181 -0.197837 0.129035,
        0.551181 -0.200749 0.120713,
        0.551181 -0.205440 0.113248,
        0.551181 -0.364173 0.098425,
        0.551181 -0.236220 0.098425,
        0.551181 -0.227460 0.099412,
        0.551181 -0.211674 0.107015,
        0.551181 -0.219139 0.102324,
        0.236220 -0.943641 0.233224,
        0.236220 -0.936255 0.235464,
        0.236220 -0.928574 0.236220,
        0.236220 -0.950447 0.229585,
        0.236220 -0.956413 0.224689,
        0.236220 -1.003937 0.177165,
        0.236220 -0.515189 0.098425,
        0.236220 -0.501969 0.098425,
        0.236220 -0.551181 0.078740,
        0.236220 -0.543027 0.086894,
        0.236220 -0.537061 0.091790,
        0.236220 -0.530255 0.095428,
        0.236220 -0.522869 0.097669,
        0.236220 -0.196850 0.137795,
        0.236220 -0.197837 0.129035,
        0.236220 -0.200749 0.120713,
        0.236220 -0.227460 0.099412,
        0.236220 -0.219139 0.102324,
        0.236220 -0.364173 0.098425,
        0.236220 -0.236220 0.098425,
        0.236220 -0.211674 0.107015,
        0.236220 -0.205440 0.113248,
        0.157480 -0.928574 0.236220,
        0.157480 -0.936255 0.235464,
        0.157480 -0.943641 0.233224,
        0.157480 -1.003937 0.177165,
        0.157480 -0.956413 0.224689,
        0.157480 -0.950447 0.229585,
        0.157480 -0.543027 0.086894,
        0.157480 -0.551181 0.078740,
        0.157480 -0.501969 0.098425,
        0.157480 -0.515189 0.098425,
        0.157480 -0.522869 0.097669,
        0.157480 -0.530255 0.095428,
        0.157480 -0.537061 0.091790,
        0.157480 -0.196850 0.137795,
        0.157480 -0.197837 0.129035,
        0.157480 -0.200749 0.120713,
        0.157480 -0.205440 0.113248,
        0.157480 -0.364173 0.098425,
        0.157480 -0.236220 0.098425,
        0.157480 -0.227460 0.099412,
        0.157480 -0.211674 0.107015,
        0.157480 -0.219139 0.102324,
        -0.157480 -0.943641 0.233224,
        -0.157480 -0.936255 0.235464,
        -0.157480 -0.928574 0.236220,
        -0.157480 -0.950447 0.229585,
        -0.157480 -0.956413 0.224689,
        -0.157480 -1.003937 0.177165,
        -0.157480 -0.515189 0.098425,
        -0.157480 -0.501969 0.098425,
        -0.157480 -0.551181 0.078740,
        -0.157480 -0.543027 0.086894,
        -0.157480 -0.537061 0.091790,
        -0.157480 -0.530255 0.095428,
        -0.157480 -0.522869 0.097669,
        -0.157480 -0.196850 0.137795,
        -0.157480 -0.197837 0.129035,
        -0.157480 -0.200749 0.120713,
        -0.157480 -0.227460 0.099412,
        -0.157480 -0.219139 0.102324,
        -0.157480 -0.364173 0.098425,
        -0.157480 -0.236220 0.098425,
        -0.157480 -0.211674 0.107015,
        -0.157480 -0.205440 0.113248,
        -0.236220 -0.928574 0.236220,
        -0.236220 -0.936255 0.235464,
        -0.236220 -0.943641 0.233224,
        -0.236220 -1.003937 0.177165,
        -0.236220 -0.956413 0.224689,
        -0.236220 -0.950447 0.229585,
        -0.236220 -0.543027 0.086894,
        -0.236220 -0.551181 0.078740,
        -0.236220 -0.501969 0.098425,
        -0.236220 -0.515189 0.098425,
        -0.236220 -0.522869 0.097669,
        -0.236220 -0.530255 0.095428,
        -0.236220 -0.537061 0.091790,
        -0.236220 -0.196850 0.137795,
        -0.236220 -0.197837 0.129035,
        -0.236220 -0.200749 0.120713,
        -0.236220 -0.205440 0.113248,
        -0.236220 -0.364173 0.098425,
        -0.236220 -0.236220 0.098425,
        -0.236220 -0.227460 0.099412,
        -0.236220 -0.211674 0.107015,
        -0.236220 -0.219139 0.102324,
        -0.551181 -0.943641 0.233224,
        -0.551181 -0.936255 0.235464,
        -0.551181 -0.928574 0.236220,
        -0.551181 -0.950447 0.229585,
        -0.551181 -0.956413 0.224689,
        -0.551181 -1.003937 0.177165,
        -0.551181 -0.515189 0.098425,
        -0.551181 -0.501969 0.098425,
        -0.551181 -0.551181 0.078740,
        -0.551181 -0.543027 0.086894,
        -0.551181 -0.537061 0.091790,
        -0.551181 -0.530255 0.095428,
        -0.551181 -0.522869 0.097669,
        -0.551181 -0.227460 0.099412,
        -0.551181 -0.219139 0.102324,
        -0.551181 -0.211674 0.107015,
        -0.551181 -0.205440 0.113248,
        -0.551181 -0.200749 0.120713,
        -0.551181 -0.197837 0.129035,
        -0.551181 -0.196850 0.137795,
        -0.551181 -0.364173 0.098425,
        -0.551181 -0.236220 0.098425,
        -0.629921 -0.928574 0.236220,
        -0.629921 -0.936255 0.235464,
        -0.629921 -0.943641 0.233224,
        -0.629921 -1.003937 0.177165,
        -0.629921 -0.956413 0.224689,
        -0.629921 -0.950447 0.229585,
        -0.629921 -0.543027 0.086894,
        -0.629921 -0.551181 0.078740,
        -0.629921 -0.501969 0.098425,
        -0.629921 -0.515189 0.098425,
        -0.629921 -0.522869 0.097669,
        -0.629921 -0.530255 0.095428,
        -0.629921 -0.537061 0.091790,
        -0.629921 -0.200749 0.120713,
        -0.629921 -0.197837 0.129035,
        -0.629921 -0.196850 0.137795,
        -0.629921 -0.205440 0.113248,
        -0.629921 -0.211674 0.107015,
        -0.629921 -0.219139 0.102324,
        -0.629921 -0.364173 0.098425,
        -0.629921 -0.236220 0.098425,
        -0.629921 -0.227460 0.099412,
        -0.944882 -0.943641 0.233224,
        -0.944882 -0.936255 0.235464,
        -0.944882 -0.928574 0.236220,
        -0.944882 -0.950447 0.229585,
        -0.944882 -0.956413 0.224689,
        -0.944882 -1.003937 0.177165,
        -0.944882 -0.515189 0.098425,
        -0.944882 -0.501969 0.098425,
        -0.944882 -0.551181 0.078740,
        -0.944882 -0.543027 0.086894,
        -0.944882 -0.537061 0.091790,
        -0.944882 -0.530255 0.095428,
        -0.944882 -0.522869 0.097669,
        -0.944882 -0.227460 0.099412,
        -0.944882 -0.219139 0.102324,
        -0.944882 -0.211674 0.107015,
        -0.944882 -0.205440 0.113248,
        -0.944882 -0.200749 0.120713,
        -0.944882 -0.197837 0.129035,
        -0.944882 -0.196850 0.137795,
        -0.944882 -0.364173 0.098425,
        -0.944882 -0.236220 0.098425,
        -1.023622 -0.928574 0.236220,
        -1.023622 -0.936255 0.235464,
        -1.023622 -0.943641 0.233224,
        -1.023622 -1.003937 0.177165,
        -1.023622 -0.956413 0.224689,
        -1.023622 -0.950447 0.229585,
        -1.023622 -0.543027 0.086894,
        -1.023622 -0.551181 0.078740,
        -1.023622 -0.501969 0.098425,
        -1.023622 -0.515189 0.098425,
        -1.023622 -0.522869 0.097669,
        -1.023622 -0.530255 0.095428,
        -1.023622 -0.537061 0.091790,
        -1.023622 -0.200749 0.120713,
        -1.023622 -0.197837 0.129035,
        -1.023622 -0.196850 0.137795,
        -1.023622 -0.205440 0.113248,
        -1.023622 -0.211674 0.107015,
        -1.023622 -0.219139 0.102324,
        -1.023622 -0.364173 0.098425,
        -1.023622 -0.236220 0.098425,
        -1.023622 -0.227460 0.099412,
        -1.338583 -0.943641 0.233224,
        -1.338583 -0.936255 0.235464,
        -1.338583 -0.928574 0.236220,
        -1.338583 -0.950447 0.229585,
        -1.338583 -0.956413 0.224689,
        -1.338583 -1.003937 0.177165,
        -1.338583 -0.515189 0.098425,
        -1.338583 -0.501969 0.098425,
        -1.338583 -0.551181 0.078740,
        -1.338583 -0.543027 0.086894,
        -1.338583 -0.537061 0.091790,
        -1.338583 -0.530255 0.095428,
        -1.338583 -0.522869 0.097669,
        -1.338583 -0.227460 0.099412,
        -1.338583 -0.219139 0.102324,
        -1.338583 -0.211674 0.107015,
        -1.338583 -0.205440 0.113248,
        -1.338583 -0.200749 0.120713,
        -1.338583 -0.197837 0.129035,
        -1.338583 -0.196850 0.137795,
        -1.338583 -0.364173 0.098425,
        -1.338583 -0.236220 0.098425,
        -1.417323 -0.928574 0.236220,
        -1.417323 -0.936255 0.235464,
        -1.417323 -0.943641 0.233224,
        -1.417323 -1.003937 0.177165,
        -1.417323 -0.956413 0.224689,
        -1.417323 -0.950447 0.229585,
        -1.417323 -0.543027 0.086894,
        -1.417323 -0.551181 0.078740,
        -1.417323 -0.501969 0.098425,
        -1.417323 -0.515189 0.098425,
        -1.417323 -0.522869 0.097669,
        -1.417323 -0.530255 0.095428,
        -1.417323 -0.537061 0.091790,
        -1.417323 -0.200749 0.120713,
        -1.417323 -0.197837 0.129035,
        -1.417323 -0.196850 0.137795,
        -1.417323 -0.205440 0.113248,
        -1.417323 -0.211674 0.107015,
        -1.417323 -0.219139 0.102324,
        -1.417323 -0.364173 0.098425,
        -1.417323 -0.236220 0.098425,
        -1.417323 -0.227460 0.099412,
        -1.732283 -0.943641 0.233224,
        -1.732283 -0.936255 0.235464,
        -1.732283 -0.928574 0.236220,
        -1.732283 -0.950447 0.229585,
        -1.732283 -0.956413 0.224689,
        -1.732283 -1.003937 0.177165,
        -1.732283 -0.515189 0.098425,
        -1.732283 -0.501969 0.098425,
        -1.732283 -0.551181 0.078740,
        -1.732283 -0.543027 0.086894,
        -1.732283 -0.537061 0.091790,
        -1.732283 -0.530255 0.095428,
        -1.732283 -0.522869 0.097669,
        -1.732283 -0.227460 0.099412,
        -1.732283 -0.219139 0.102324,
        -1.732283 -0.211674 0.107015,
        -1.732283 -0.205440 0.113248,
        -1.732283 -0.200749 0.120713,
        -1.732283 -0.197837 0.129035,
        -1.732283 -0.196850 0.137795,
        -1.732283 -0.364173 0.098425,
        -1.732283 -0.236220 0.098425,
        -1.811024 -0.928574 0.236220,
        -1.811024 -0.936255 0.235464,
        -1.811024 -0.943641 0.233224,
        -1.811024 -1.003937 0.177165,
        -1.811024 -0.956413 0.224689,
        -1.811024 -0.950447 0.229585,
        -1.811024 -0.543027 0.086894,
        -1.811024 -0.551181 0.078740,
        -1.811024 -0.501969 0.098425,
        -1.811024 -0.515189 0.098425,
        -1.811024 -0.522869 0.097669,
        -1.811024 -0.530255 0.095428,
        -1.811024 -0.537061 0.091790,
        -1.811024 -0.200749 0.120713,
        -1.811024 -0.197837 0.129035,
        -1.811024 -0.196850 0.137795,
        -1.811024 -0.205440 0.113248,
        -1.811024 -0.211674 0.107015,
        -1.811024 -0.219139 0.102324,
        -1.811024 -0.364173 0.098425,
        -1.811024 -0.236220 0.098425,
        -1.811024 -0.227460 0.099412,
        -2.125984 -0.943641 0.233224,
        -2.125984 -0.936255 0.235464,
        -2.125984 -0.928574 0.236220,
        -2.125984 -0.950447 0.229585,
        -2.125984 -0.956413 0.224689,
        -2.125984 -1.003937 0.177165,
        -2.125984 -0.515189 0.098425,
        -2.125984 -0.501969 0.098425,
        -2.125984 -0.551181 0.078740,
        -2.125984 -0.543027 0.086894,
        -2.125984 -0.537061 0.091790,
        -2.125984 -0.530255 0.095428,
        -2.125984 -0.522869 0.097669,
        -2.125984 -0.196850 0.137795,
        -2.125984 -0.197837 0.129035,
        -2.125984 -0.200749 0.120713,
        -2.125984 -0.227460 0.099412,
        -2.125984 -0.219139 0.102324,
        -2.125984 -0.364173 0.098425,
        -2.125984 -0.236220 0.098425,
        -2.125984 -0.211674 0.107015,
        -2.125984 -0.205440 0.113248,
        -2.204724 -0.928574 0.236220,
        -2.204724 -0.936255 0.235464,
        -2.204724 -0.943641 0.233224,
        -2.204724 -1.003937 0.177165,
        -2.204724 -0.956413 0.224689,
        -2.204724 -0.950447 0.229585,
        -2.204724 -0.543027 0.086894,
        -2.204724 -0.551181 0.078740,
        -2.204724 -0.501969 0.098425,
        -2.204724 -0.515189 0.098425,
        -2.204724 -0.522869 0.097669,
        -2.204724 -0.530255 0.095428,
        -2.204724 -0.537061 0.091790,
        -2.204724 -0.196850 0.137795,
        -2.204724 -0.197837 0.129035,
        -2.204724 -0.200749 0.120713,
        -2.204724 -0.205440 0.113248,
        -2.204724 -0.364173 0.098425,
        -2.204724 -0.236220 0.098425,
        -2.204724 -0.227460 0.099412,
        -2.204724 -0.211674 0.107015,
        -2.204724 -0.219139 0.102324,
        -2.519685 -0.943641 0.233224,
        -2.519685 -0.936255 0.235464,
        -2.519685 -0.928574 0.236220,
        -2.519685 -0.950447 0.229585,
        -2.519685 -0.956413 0.224689,
        -2.519685 -1.003937 0.177165,
        -2.519685 -0.515189 0.098425,
        -2.519685 -0.501969 0.098425,
        -2.519685 -0.551181 0.078740,
        -2.519685 -0.543027 0.086894,
        -2.519685 -0.537061 0.091790,
        -2.519685 -0.530255 0.095428,
        -2.519685 -0.522869 0.097669,
        -2.519685 -0.196850 0.137795,
        -2.519685 -0.197837 0.129035,
        -2.519685 -0.200749 0.120713,
        -2.519685 -0.227460 0.099412,
        -2.519685 -0.219139 0.102324,
        -2.519685 -0.364173 0.098425,
        -2.519685 -0.236220 0.098425,
        -2.519685 -0.211674 0.107015,
        -2.519685 -0.205440 0.113248,
        -2.598425 -0.928574 0.236220,
        -2.598425 -0.936255 0.235464,
        -2.598425 -0.943641 0.233224,
        -2.598425 -1.003937 0.177165,
        -2.598425 -0.956413 0.224689,
        -2.598425 -0.950447 0.229585,
        -2.598425 -0.543027 0.086894,
        -2.598425 -0.551181 0.078740,
        -2.598425 -0.501969 0.098425,
        -2.598425 -0.515189 0.098425,
        -2.598425 -0.522869 0.097669,
        -2.598425 -0.530255 0.095428,
        -2.598425 -0.537061 0.091790,
        -2.598425 -0.196850 0.137795,
        -2.598425 -0.197837 0.129035,
        -2.598425 -0.200749 0.120713,
        -2.598425 -0.205440 0.113248,
        -2.598425 -0.364173 0.098425,
        -2.598425 -0.236220 0.098425,
        -2.598425 -0.227460 0.099412,
        -2.598425 -0.211674 0.107015,
        -2.598425 -0.219139 0.102324,
        2.992126 0.200749 0.120713,
        2.992126 0.197837 0.129035,
        2.992126 0.196850 0.137795,
        2.992126 0.205440 0.113248,
        2.992126 0.211674 0.107015,
        2.992126 0.219139 0.102324,
        2.992126 0.364173 0.098425,
        2.992126 0.236220 0.098425,
        2.992126 0.227460 0.099412,
        2.992126 0.543027 0.086894,
        2.992126 0.551181 0.078740,
        2.992126 0.501969 0.098425,
        2.992126 0.515189 0.098425,
        2.992126 0.522869 0.097669,
        2.992126 0.530255 0.095428,
        2.992126 0.537061 0.091790,
        2.992126 0.928574 0.236220,
        2.992126 0.936255 0.235464,
        2.992126 0.943641 0.233224,
        2.992126 0.956413 0.224689,
        2.992126 0.950447 0.229585,
        2.913386 0.227460 0.099412,
        2.913386 0.219139 0.102324,
        2.913386 0.196850 0.137795,
        2.913386 0.197837 0.129035,
        2.913386 0.200749 0.120713,
        2.913386 0.211674 0.107015,
        2.913386 0.205440 0.113248,
        2.913386 0.364173 0.098425,
        2.913386 0.236220 0.098425,
        2.913386 0.515189 0.098425,
        2.913386 0.501969 0.098425,
        2.913386 0.551181 0.078740,
        2.913386 0.543027 0.086894,
        2.913386 0.537061 0.091790,
        2.913386 0.530255 0.095428,
        2.913386 0.522869 0.097669,
        2.913386 0.943641 0.233224,
        2.913386 0.936255 0.235464,
        2.913386 0.928574 0.236220,
        2.913386 0.950447 0.229585,
        2.913386 0.956413 0.224689,
        2.598425 0.200749 0.120713,
        2.598425 0.197837 0.129035,
        2.598425 0.196850 0.137795,
        2.598425 0.205440 0.113248,
        2.598425 0.211674 0.107015,
        2.598425 0.219139 0.102324,
        2.598425 0.364173 0.098425,
        2.598425 0.236220 0.098425,
        2.598425 0.227460 0.099412,
        2.598425 0.543027 0.086894,
        2.598425 0.551181 0.078740,
        2.598425 0.501969 0.098425,
        2.598425 0.515189 0.098425,
        2.598425 0.522869 0.097669,
        2.598425 0.530255 0.095428,
        2.598425 0.537061 0.091790,
        2.598425 0.928574 0.236220,
        2.598425 0.936255 0.235464,
        2.598425 0.943641 0.233224,
        2.598425 0.956413 0.224689,
        2.598425 0.950447 0.229585,
        2.519685 0.227460 0.099412,
        2.519685 0.219139 0.102324,
        2.519685 0.211674 0.107015,
        2.519685 0.205440 0.113248,
        2.519685 0.200749 0.120713,
        2.519685 0.197837 0.129035,
        2.519685 0.196850 0.137795,
        2.519685 0.364173 0.098425,
        2.519685 0.236220 0.098425,
        2.519685 0.515189 0.098425,
        2.519685 0.501969 0.098425,
        2.519685 0.551181 0.078740,
        2.519685 0.543027 0.086894,
        2.519685 0.537061 0.091790,
        2.519685 0.530255 0.095428,
        2.519685 0.522869 0.097669,
        2.519685 0.943641 0.233224,
        2.519685 0.936255 0.235464,
        2.519685 0.928574 0.236220,
        2.519685 0.950447 0.229585,
        2.519685 0.956413 0.224689,
        2.204724 0.200749 0.120713,
        2.204724 0.197837 0.129035,
        2.204724 0.196850 0.137795,
        2.204724 0.205440 0.113248,
        2.204724 0.211674 0.107015,
        2.204724 0.219139 0.102324,
        2.204724 0.364173 0.098425,
        2.204724 0.236220 0.098425,
        2.204724 0.227460 0.099412,
        2.204724 0.543027 0.086894,
        2.204724 0.551181 0.078740,
        2.204724 0.501969 0.098425,
        2.204724 0.515189 0.098425,
        2.204724 0.522869 0.097669,
        2.204724 0.530255 0.095428,
        2.204724 0.537061 0.091790,
        2.204724 0.928574 0.236220,
        2.204724 0.936255 0.235464,
        2.204724 0.943641 0.233224,
        2.204724 0.956413 0.224689,
        2.204724 0.950447 0.229585,
        2.125984 0.227460 0.099412,
        2.125984 0.219139 0.102324,
        2.125984 0.211674 0.107015,
        2.125984 0.205440 0.113248,
        2.125984 0.200749 0.120713,
        2.125984 0.197837 0.129035,
        2.125984 0.196850 0.137795,
        2.125984 0.364173 0.098425,
        2.125984 0.236220 0.098425,
        2.125984 0.515189 0.098425,
        2.125984 0.501969 0.098425,
        2.125984 0.551181 0.078740,
        2.125984 0.543027 0.086894,
        2.125984 0.537061 0.091790,
        2.125984 0.530255 0.095428,
        2.125984 0.522869 0.097669,
        2.125984 0.943641 0.233224,
        2.125984 0.936255 0.235464,
        2.125984 0.928574 0.236220,
        2.125984 0.950447 0.229585,
        2.125984 0.956413 0.224689,
        1.811024 0.200749 0.120713,
        1.811024 0.197837 0.129035,
        1.811024 0.196850 0.137795,
        1.811024 0.205440 0.113248,
        1.811024 0.211674 0.107015,
        1.811024 0.219139 0.102324,
        1.811024 0.364173 0.098425,
        1.811024 0.236220 0.098425,
        1.811024 0.227460 0.099412,
        1.811024 0.543027 0.086894,
        1.811024 0.551181 0.078740,
        1.811024 0.501969 0.098425,
        1.811024 0.515189 0.098425,
        1.811024 0.522869 0.097669,
        1.811024 0.530255 0.095428,
        1.811024 0.537061 0.091790,
        1.811024 0.928574 0.236220,
        1.811024 0.936255 0.235464,
        1.811024 0.943641 0.233224,
        1.811024 0.956413 0.224689,
        1.811024 0.950447 0.229585,
        1.732283 0.227460 0.099412,
        1.732283 0.219139 0.102324,
        1.732283 0.211674 0.107015,
        1.732283 0.205440 0.113248,
        1.732283 0.200749 0.120713,
        1.732283 0.197837 0.129035,
        1.732283 0.196850 0.137795,
        1.732283 0.364173 0.098425,
        1.732283 0.236220 0.098425,
        1.732283 0.515189 0.098425,
        1.732283 0.501969 0.098425,
        1.732283 0.551181 0.078740,
        1.732283 0.543027 0.086894,
        1.732283 0.537061 0.091790,
        1.732283 0.530255 0.095428,
        1.732283 0.522869 0.097669,
        1.732283 0.943641 0.233224,
        1.732283 0.936255 0.235464,
        1.732283 0.928574 0.236220,
        1.732283 0.950447 0.229585,
        1.732283 0.956413 0.224689,
        1.417323 0.200749 0.120713,
        1.417323 0.197837 0.129035,
        1.417323 0.196850 0.137795,
        1.417323 0.205440 0.113248,
        1.417323 0.211674 0.107015,
        1.417323 0.219139 0.102324,
        1.417323 0.364173 0.098425,
        1.417323 0.236220 0.098425,
        1.417323 0.227460 0.099412,
        1.417323 0.543027 0.086894,
        1.417323 0.551181 0.078740,
        1.417323 0.501969 0.098425,
        1.417323 0.515189 0.098425,
        1.417323 0.522869 0.097669,
        1.417323 0.530255 0.095428,
        1.417323 0.537061 0.091790,
        1.417323 0.928574 0.236220,
        1.417323 0.936255 0.235464,
        1.417323 0.943641 0.233224,
        1.417323 0.956413 0.224689,
        1.417323 0.950447 0.229585,
        1.338583 0.227460 0.099412,
        1.338583 0.219139 0.102324,
        1.338583 0.211674 0.107015,
        1.338583 0.205440 0.113248,
        1.338583 0.200749 0.120713,
        1.338583 0.197837 0.129035,
        1.338583 0.196850 0.137795,
        1.338583 0.364173 0.098425,
        1.338583 0.236220 0.098425,
        1.338583 0.515189 0.098425,
        1.338583 0.501969 0.098425,
        1.338583 0.551181 0.078740,
        1.338583 0.543027 0.086894,
        1.338583 0.537061 0.091790,
        1.338583 0.530255 0.095428,
        1.338583 0.522869 0.097669,
        1.338583 0.943641 0.233224,
        1.338583 0.936255 0.235464,
        1.338583 0.928574 0.236220,
        1.338583 0.950447 0.229585,
        1.338583 0.956413 0.224689,
        1.023622 0.200749 0.120713,
        1.023622 0.197837 0.129035,
        1.023622 0.196850 0.137795,
        1.023622 0.205440 0.113248,
        1.023622 0.211674 0.107015,
        1.023622 0.219139 0.102324,
        1.023622 0.364173 0.098425,
        1.023622 0.236220 0.098425,
        1.023622 0.227460 0.099412,
        1.023622 0.543027 0.086894,
        1.023622 0.551181 0.078740,
        1.023622 0.501969 0.098425,
        1.023622 0.515189 0.098425,
        1.023622 0.522869 0.097669,
        1.023622 0.530255 0.095428,
        1.023622 0.537061 0.091790,
        1.023622 0.928574 0.236220,
        1.023622 0.936255 0.235464,
        1.023622 0.943641 0.233224,
        1.023622 0.956413 0.224689,
        1.023622 0.950447 0.229585,
        0.944882 0.227460 0.099412,
        0.944882 0.219139 0.102324,
        0.944882 0.196850 0.137795,
        0.944882 0.197837 0.129035,
        0.944882 0.200749 0.120713,
        0.944882 0.211674 0.107015,
        0.944882 0.205440 0.113248,
        0.944882 0.364173 0.098425,
        0.944882 0.236220 0.098425,
        0.944882 0.515189 0.098425,
        0.944882 0.501969 0.098425,
        0.944882 0.551181 0.078740,
        0.944882 0.543027 0.086894,
        0.944882 0.537061 0.091790,
        0.944882 0.530255 0.095428,
        0.944882 0.522869 0.097669,
        0.944882 0.943641 0.233224,
        0.944882 0.936255 0.235464,
        0.944882 0.928574 0.236220,
        0.944882 0.950447 0.229585,
        0.944882 0.956413 0.224689,
        0.629921 0.200749 0.120713,
        0.629921 0.197837 0.129035,
        0.629921 0.196850 0.137795,
        0.629921 0.205440 0.113248,
        0.629921 0.211674 0.107015,
        0.629921 0.219139 0.102324,
        0.629921 0.364173 0.098425,
        0.629921 0.236220 0.098425,
        0.629921 0.227460 0.099412,
        0.629921 0.543027 0.086894,
        0.629921 0.551181 0.078740,
        0.629921 0.501969 0.098425,
        0.629921 0.515189 0.098425,
        0.629921 0.522869 0.097669,
        0.629921 0.530255 0.095428,
        0.629921 0.537061 0.091790,
        0.629921 0.928574 0.236220,
        0.629921 0.936255 0.235464,
        0.629921 0.943641 0.233224,
        0.629921 0.956413 0.224689,
        0.629921 0.950447 0.229585,
        0.551181 0.227460 0.099412,
        0.551181 0.219139 0.102324,
        0.551181 0.196850 0.137795,
        0.551181 0.197837 0.129035,
        0.551181 0.200749 0.120713,
        0.551181 0.211674 0.107015,
        0.551181 0.205440 0.113248,
        0.551181 0.364173 0.098425,
        0.551181 0.236220 0.098425,
        0.551181 0.515189 0.098425,
        0.551181 0.501969 0.098425,
        0.551181 0.551181 0.078740,
        0.551181 0.543027 0.086894,
        0.551181 0.537061 0.091790,
        0.551181 0.530255 0.095428,
        0.551181 0.522869 0.097669,
        0.551181 0.943641 0.233224,
        0.551181 0.936255 0.235464,
        0.551181 0.928574 0.236220,
        0.551181 0.950447 0.229585,
        0.551181 0.956413 0.224689,
        0.236220 0.200749 0.120713,
        0.236220 0.197837 0.129035,
        0.236220 0.196850 0.137795,
        0.236220 0.205440 0.113248,
        0.236220 0.211674 0.107015,
        0.236220 0.219139 0.102324,
        0.236220 0.364173 0.098425,
        0.236220 0.236220 0.098425,
        0.236220 0.227460 0.099412,
        0.236220 0.543027 0.086894,
        0.236220 0.551181 0.078740,
        0.236220 0.501969 0.098425,
        0.236220 0.515189 0.098425,
        0.236220 0.522869 0.097669,
        0.236220 0.530255 0.095428,
        0.236220 0.537061 0.091790,
        0.236220 0.928574 0.236220,
        0.236220 0.936255 0.235464,
        0.236220 0.943641 0.233224,
        0.236220 0.956413 0.224689,
        0.236220 0.950447 0.229585,
        0.157480 0.227460 0.099412,
        0.157480 0.219139 0.102324,
        0.157480 0.196850 0.137795,
        0.157480 0.197837 0.129035,
        0.157480 0.200749 0.120713,
        0.157480 0.211674 0.107015,
        0.157480 0.205440 0.113248,
        0.157480 0.364173 0.098425,
        0.157480 0.236220 0.098425,
        0.157480 0.515189 0.098425,
        0.157480 0.501969 0.098425,
        0.157480 0.551181 0.078740,
        0.157480 0.543027 0.086894,
        0.157480 0.537061 0.091790,
        0.157480 0.530255 0.095428,
        0.157480 0.522869 0.097669,
        0.157480 0.943641 0.233224,
        0.157480 0.936255 0.235464,
        0.157480 0.928574 0.236220,
        0.157480 0.950447 0.229585,
        0.157480 0.956413 0.224689,
        -0.157480 0.200749 0.120713,
        -0.157480 0.197837 0.129035,
        -0.157480 0.196850 0.137795,
        -0.157480 0.205440 0.113248,
        -0.157480 0.211674 0.107015,
        -0.157480 0.219139 0.102324,
        -0.157480 0.364173 0.098425,
        -0.157480 0.236220 0.098425,
        -0.157480 0.227460 0.099412,
        -0.157480 0.543027 0.086894,
        -0.157480 0.551181 0.078740,
        -0.157480 0.501969 0.098425,
        -0.157480 0.515189 0.098425,
        -0.157480 0.522869 0.097669,
        -0.157480 0.530255 0.095428,
        -0.157480 0.537061 0.091790,
        -0.157480 0.928574 0.236220,
        -0.157480 0.936255 0.235464,
        -0.157480 0.943641 0.233224,
        -0.157480 0.956413 0.224689,
        -0.157480 0.950447 0.229585,
        -0.236220 0.227460 0.099412,
        -0.236220 0.219139 0.102324,
        -0.236220 0.196850 0.137795,
        -0.236220 0.197837 0.129035,
        -0.236220 0.200749 0.120713,
        -0.236220 0.211674 0.107015,
        -0.236220 0.205440 0.113248,
        -0.236220 0.364173 0.098425,
        -0.236220 0.236220 0.098425,
        -0.236220 0.515189 0.098425,
        -0.236220 0.501969 0.098425,
        -0.236220 0.551181 0.078740,
        -0.236220 0.543027 0.086894,
        -0.236220 0.537061 0.091790,
        -0.236220 0.530255 0.095428,
        -0.236220 0.522869 0.097669,
        -0.236220 0.943641 0.233224,
        -0.236220 0.936255 0.235464,
        -0.236220 0.928574 0.236220,
        -0.236220 0.950447 0.229585,
        -0.236220 0.956413 0.224689,
        -0.551181 0.200749 0.120713,
        -0.551181 0.197837 0.129035,
        -0.551181 0.196850 0.137795,
        -0.551181 0.205440 0.113248,
        -0.551181 0.211674 0.107015,
        -0.551181 0.219139 0.102324,
        -0.551181 0.364173 0.098425,
        -0.551181 0.236220 0.098425,
        -0.551181 0.227460 0.099412,
        -0.551181 0.543027 0.086894,
        -0.551181 0.551181 0.078740,
        -0.551181 0.501969 0.098425,
        -0.551181 0.515189 0.098425,
        -0.551181 0.522869 0.097669,
        -0.551181 0.530255 0.095428,
        -0.551181 0.537061 0.091790,
        -0.551181 0.928574 0.236220,
        -0.551181 0.936255 0.235464,
        -0.551181 0.943641 0.233224,
        -0.551181 0.956413 0.224689,
        -0.551181 0.950447 0.229585,
        -0.629921 0.227460 0.099412,
        -0.629921 0.219139 0.102324,
        -0.629921 0.211674 0.107015,
        -0.629921 0.205440 0.113248,
        -0.629921 0.200749 0.120713,
        -0.629921 0.197837 0.129035,
        -0.629921 0.196850 0.137795,
        -0.629921 0.364173 0.098425,
        -0.629921 0.236220 0.098425,
        -0.629921 0.515189 0.098425,
        -0.629921 0.501969 0.098425,
        -0.629921 0.551181 0.078740,
        -0.629921 0.543027 0.086894,
        -0.629921 0.537061 0.091790,
        -0.629921 0.530255 0.095428,
        -0.629921 0.522869 0.097669,
        -0.629921 0.943641 0.233224,
        -0.629921 0.936255 0.235464,
        -0.629921 0.928574 0.236220,
        -0.629921 0.950447 0.229585,
        -0.629921 0.956413 0.224689,
        -0.944882 0.200749 0.120713,
        -0.944882 0.197837 0.129035,
        -0.944882 0.196850 0.137795,
        -0.944882 0.205440 0.113248,
        -0.944882 0.211674 0.107015,
        -0.944882 0.219139 0.102324,
        -0.944882 0.364173 0.098425,
        -0.944882 0.236220 0.098425,
        -0.944882 0.227460 0.099412,
        -0.944882 0.543027 0.086894,
        -0.944882 0.551181 0.078740,
        -0.944882 0.501969 0.098425,
        -0.944882 0.515189 0.098425,
        -0.944882 0.522869 0.097669,
        -0.944882 0.530255 0.095428,
        -0.944882 0.537061 0.091790,
        -0.944882 0.928574 0.236220,
        -0.944882 0.936255 0.235464,
        -0.944882 0.943641 0.233224,
        -0.944882 0.956413 0.224689,
        -0.944882 0.950447 0.229585,
        -1.023622 0.227460 0.099412,
        -1.023622 0.219139 0.102324,
        -1.023622 0.211674 0.107015,
        -1.023622 0.205440 0.113248,
        -1.023622 0.200749 0.120713,
        -1.023622 0.197837 0.129035,
        -1.023622 0.196850 0.137795,
        -1.023622 0.364173 0.098425,
        -1.023622 0.236220 0.098425,
        -1.023622 0.515189 0.098425,
        -1.023622 0.501969 0.098425,
        -1.023622 0.551181 0.078740,
        -1.023622 0.543027 0.086894,
        -1.023622 0.537061 0.091790,
        -1.023622 0.530255 0.095428,
        -1.023622 0.522869 0.097669,
        -1.023622 0.943641 0.233224,
        -1.023622 0.936255 0.235464,
        -1.023622 0.928574 0.236220,
        -1.023622 0.950447 0.229585,
        -1.023622 0.956413 0.224689,
        -1.338583 0.200749 0.120713,
        -1.338583 0.197837 0.129035,
        -1.338583 0.196850 0.137795,
        -1.338583 0.205440 0.113248,
        -1.338583 0.211674 0.107015,
        -1.338583 0.219139 0.102324,
        -1.338583 0.364173 0.098425,
        -1.338583 0.236220 0.098425,
        -1.338583 0.227460 0.099412,
        -1.338583 0.543027 0.086894,
        -1.338583 0.551181 0.078740,
        -1.338583 0.501969 0.098425,
        -1.338583 0.515189 0.098425,
        -1.338583 0.522869 0.097669,
        -1.338583 0.530255 0.095428,
        -1.338583 0.537061 0.091790,
        -1.338583 0.928574 0.236220,
        -1.338583 0.936255 0.235464,
        -1.338583 0.943641 0.233224,
        -1.338583 0.956413 0.224689,
        -1.338583 0.950447 0.229585,
        -1.417323 0.227460 0.099412,
        -1.417323 0.219139 0.102324,
        -1.417323 0.211674 0.107015,
        -1.417323 0.205440 0.113248,
        -1.417323 0.200749 0.120713,
        -1.417323 0.197837 0.129035,
        -1.417323 0.196850 0.137795,
        -1.417323 0.364173 0.098425,
        -1.417323 0.236220 0.098425,
        -1.417323 0.515189 0.098425,
        -1.417323 0.501969 0.098425,
        -1.417323 0.551181 0.078740,
        -1.417323 0.543027 0.086894,
        -1.417323 0.537061 0.091790,
        -1.417323 0.530255 0.095428,
        -1.417323 0.522869 0.097669,
        -1.417323 0.943641 0.233224,
        -1.417323 0.936255 0.235464,
        -1.417323 0.928574 0.236220,
        -1.417323 0.950447 0.229585,
        -1.417323 0.956413 0.224689,
        -1.732283 0.200749 0.120713,
        -1.732283 0.197837 0.129035,
        -1.732283 0.196850 0.137795,
        -1.732283 0.205440 0.113248,
        -1.732283 0.211674 0.107015,
        -1.732283 0.219139 0.102324,
        -1.732283 0.364173 0.098425,
        -1.732283 0.236220 0.098425,
        -1.732283 0.227460 0.099412,
        -1.732283 0.543027 0.086894,
        -1.732283 0.551181 0.078740,
        -1.732283 0.501969 0.098425,
        -1.732283 0.515189 0.098425,
        -1.732283 0.522869 0.097669,
        -1.732283 0.530255 0.095428,
        -1.732283 0.537061 0.091790,
        -1.732283 0.928574 0.236220,
        -1.732283 0.936255 0.235464,
        -1.732283 0.943641 0.233224,
        -1.732283 0.956413 0.224689,
        -1.732283 0.950447 0.229585,
        -1.811024 0.227460 0.099412,
        -1.811024 0.219139 0.102324,
        -1.811024 0.211674 0.107015,
        -1.811024 0.205440 0.113248,
        -1.811024 0.200749 0.120713,
        -1.811024 0.197837 0.129035,
        -1.811024 0.196850 0.137795,
        -1.811024 0.364173 0.098425,
        -1.811024 0.236220 0.098425,
        -1.811024 0.515189 0.098425,
        -1.811024 0.501969 0.098425,
        -1.811024 0.551181 0.078740,
        -1.811024 0.543027 0.086894,
        -1.811024 0.537061 0.091790,
        -1.811024 0.530255 0.095428,
        -1.811024 0.522869 0.097669,
        -1.811024 0.943641 0.233224,
        -1.811024 0.936255 0.235464,
        -1.811024 0.928574 0.236220,
        -1.811024 0.950447 0.229585,
        -1.811024 0.956413 0.224689,
        -2.125984 0.200749 0.120713,
        -2.125984 0.197837 0.129035,
        -2.125984 0.196850 0.137795,
        -2.125984 0.205440 0.113248,
        -2.125984 0.211674 0.107015,
        -2.125984 0.219139 0.102324,
        -2.125984 0.364173 0.098425,
        -2.125984 0.236220 0.098425,
        -2.125984 0.227460 0.099412,
        -2.125984 0.543027 0.086894,
        -2.125984 0.551181 0.078740,
        -2.125984 0.501969 0.098425,
        -2.125984 0.515189 0.098425,
        -2.125984 0.522869 0.097669,
        -2.125984 0.530255 0.095428,
        -2.125984 0.537061 0.091790,
        -2.125984 0.928574 0.236220,
        -2.125984 0.936255 0.235464,
        -2.125984 0.943641 0.233224,
        -2.125984 0.956413 0.224689,
        -2.125984 0.950447 0.229585,
        -2.204724 0.227460 0.099412,
        -2.204724 0.219139 0.102324,
        -2.204724 0.196850 0.137795,
        -2.204724 0.197837 0.129035,
        -2.204724 0.200749 0.120713,
        -2.204724 0.211674 0.107015,
        -2.204724 0.205440 0.113248,
        -2.204724 0.364173 0.098425,
        -2.204724 0.236220 0.098425,
        -2.204724 0.515189 0.098425,
        -2.204724 0.501969 0.098425,
        -2.204724 0.551181 0.078740,
        -2.204724 0.543027 0.086894,
        -2.204724 0.537061 0.091790,
        -2.204724 0.530255 0.095428,
        -2.204724 0.522869 0.097669,
        -2.204724 0.943641 0.233224,
        -2.204724 0.936255 0.235464,
        -2.204724 0.928574 0.236220,
        -2.204724 0.950447 0.229585,
        -2.204724 0.956413 0.224689,
        -2.519685 0.200749 0.120713,
        -2.519685 0.197837 0.129035,
        -2.519685 0.196850 0.137795,
        -2.519685 0.205440 0.113248,
        -2.519685 0.211674 0.107015,
        -2.519685 0.219139 0.102324,
        -2.519685 0.364173 0.098425,
        -2.519685 0.236220 0.098425,
        -2.519685 0.227460 0.099412,
        -2.519685 0.543027 0.086894,
        -2.519685 0.551181 0.078740,
        -2.519685 0.501969 0.098425,
        -2.519685 0.515189 0.098425,
        -2.519685 0.522869 0.097669,
        -2.519685 0.530255 0.095428,
        -2.519685 0.537061 0.091790,
        -2.519685 0.928574 0.236220,
        -2.519685 0.936255 0.235464,
        -2.519685 0.943641 0.233224,
        -2.519685 0.956413 0.224689,
        -2.519685 0.950447 0.229585,
        -2.598425 0.227460 0.099412,
        -2.598425 0.219139 0.102324,
        -2.598425 0.196850 0.137795,
        -2.598425 0.197837 0.129035,
        -2.598425 0.200749 0.120713,
        -2.598425 0.211674 0.107015,
        -2.598425 0.205440 0.113248,
        -2.598425 0.364173 0.098425,
        -2.598425 0.236220 0.098425,
        -2.598425 0.515189 0.098425,
        -2.598425 0.501969 0.098425,
        -2.598425 0.551181 0.078740,
        -2.598425 0.543027 0.086894,
        -2.598425 0.537061 0.091790,
        -2.598425 0.530255 0.095428,
        -2.598425 0.522869 0.097669,
        -2.598425 0.943641 0.233224,
        -2.598425 0.936255 0.235464,
        -2.598425 0.928574 0.236220,
        -2.598425 0.950447 0.229585,
        -2.598425 0.956413 0.224689,
        -2.913386 0.200749 0.120713,
        -2.913386 0.197837 0.129035,
        -2.913386 0.196850 0.137795,
        -2.913386 0.205440 0.113248,
        -2.913386 0.211674 0.107015,
        -2.913386 0.219139 0.102324,
        -2.913386 0.364173 0.098425,
        -2.913386 0.236220 0.098425,
        -2.913386 0.227460 0.099412,
        -2.913386 0.543027 0.086894,
        -2.913386 0.551181 0.078740,
        -2.913386 0.501969 0.098425,
        -2.913386 0.515189 0.098425,
        -2.913386 0.522869 0.097669,
        -2.913386 0.530255 0.095428,
        -2.913386 0.537061 0.091790,
        -2.913386 0.928574 0.236220,
        -2.913386 0.936255 0.235464,
        -2.913386 0.943641 0.233224,
        -2.913386 0.956413 0.224689,
        -2.913386 0.950447 0.229585,
        -2.992126 0.227460 0.099412,
        -2.992126 0.219139 0.102324,
        -2.992126 0.196850 0.137795,
        -2.992126 0.197837 0.129035,
        -2.992126 0.200749 0.120713,
        -2.992126 0.211674 0.107015,
        -2.992126 0.205440 0.113248,
        -2.992126 0.364173 0.098425,
        -2.992126 0.236220 0.098425,
        -2.992126 0.515189 0.098425,
        -2.992126 0.501969 0.098425,
        -2.992126 0.551181 0.078740,
        -2.992126 0.543027 0.086894,
        -2.992126 0.537061 0.091790,
        -2.992126 0.530255 0.095428,
        -2.992126 0.522869 0.097669,
        -2.992126 0.943641 0.233224,
        -2.992126 0.936255 0.235464,
        -2.992126 0.928574 0.236220,
        -2.992126 0.950447 0.229585,
        -2.992126 0.956413 0.224689,
        -2.913386 -0.943641 0.233224,
        -2.913386 -0.936255 0.235464,
        -2.913386 -0.928574 0.236220,
        -2.913386 -0.950447 0.229585,
        -2.913386 -0.956413 0.224689,
        -2.913386 -1.003937 0.177165,
        -2.913386 -0.515189 0.098425,
        -2.913386 -0.501969 0.098425,
        -2.913386 -0.551181 0.078740,
        -2.913386 -0.543027 0.086894,
        -2.913386 -0.537061 0.091790,
        -2.913386 -0.530255 0.095428,
        -2.913386 -0.522869 0.097669,
        -2.913386 -0.196850 0.137795,
        -2.913386 -0.197837 0.129035,
        -2.913386 -0.200749 0.120713,
        -2.913386 -0.227460 0.099412,
        -2.913386 -0.219139 0.102324,
        -2.913386 -0.364173 0.098425,
        -2.913386 -0.236220 0.098425,
        -2.913386 -0.211674 0.107015,
        -2.913386 -0.205440 0.113248,
        -2.992126 -0.928574 0.236220,
        -2.992126 -0.936255 0.235464,
        -2.992126 -0.943641 0.233224,
        -2.992126 -1.003937 0.177165,
        -2.992126 -0.956413 0.224689,
        -2.992126 -0.950447 0.229585,
        -2.992126 -0.543027 0.086894,
        -2.992126 -0.551181 0.078740,
        -2.992126 -0.501969 0.098425,
        -2.992126 -0.515189 0.098425,
        -2.992126 -0.522869 0.097669,
        -2.992126 -0.530255 0.095428,
        -2.992126 -0.537061 0.091790,
        -2.992126 -0.196850 0.137795,
        -2.992126 -0.197837 0.129035,
        -2.992126 -0.200749 0.120713,
        -2.992126 -0.205440 0.113248,
        -2.992126 -0.364173 0.098425,
        -2.992126 -0.236220 0.098425,
        -2.992126 -0.227460 0.099412,
        -2.992126 -0.211674 0.107015,
        -2.992126 -0.219139 0.102324,
        -2.204724 -0.944882 0.078740,
        -2.519685 -0.944882 0.078740,
        -1.811024 -0.944882 0.078740,
        -2.125984 -0.944882 0.078740,
        -1.417323 -0.944882 0.078740,
        -1.732283 -0.944882 0.078740,
        -1.023622 -0.944882 0.078740,
        -1.338583 -0.944882 0.078740,
        -0.629921 -0.944882 0.078740,
        -0.944882 -0.944882 0.078740,
        -0.236220 -0.944882 0.078740,
        -0.551181 -0.944882 0.078740,
        0.157480 -0.944882 0.078740,
        -0.157480 -0.944882 0.078740,
        0.551181 -0.944882 0.078740,
        0.236220 -0.944882 0.078740,
        0.944882 -0.944882 0.078740,
        0.629921 -0.944882 0.078740,
        1.338583 -0.944882 0.078740,
        1.023622 -0.944882 0.078740,
        1.732283 -0.944882 0.078740,
        1.417323 -0.944882 0.078740,
        2.125984 -0.944882 0.078740,
        1.811024 -0.944882 0.078740,
        2.519685 -0.944882 0.078740,
        2.204724 -0.944882 0.078740,
        2.913386 -0.944882 0.078740,
        2.598425 -0.944882 0.078740,
        2.992126 -0.944882 0.078740,
        -2.204724 -1.003937 0.137795,
        -2.519685 -1.003937 0.137795,
        -2.519685 -1.001925 0.122511,
        -2.204724 -1.001925 0.122511,
        -2.519685 -0.996025 0.108268,
        -2.204724 -0.996025 0.108268,
        -2.519685 -0.986640 0.096037,
        -2.204724 -0.986640 0.096037,
        -2.519685 -0.974409 0.086652,
        -2.204724 -0.974409 0.086652,
        -2.519685 -0.960167 0.080752,
        -2.204724 -0.960167 0.080752,
        -1.811024 -1.003937 0.137795,
        -2.125984 -1.003937 0.137795,
        -2.125984 -1.001925 0.122511,
        -1.811024 -1.001925 0.122511,
        -2.125984 -0.996025 0.108268,
        -1.811024 -0.996025 0.108268,
        -2.125984 -0.986640 0.096037,
        -1.811024 -0.986640 0.096037,
        -2.125984 -0.974409 0.086652,
        -1.811024 -0.974409 0.086652,
        -2.125984 -0.960167 0.080752,
        -1.811024 -0.960167 0.080752,
        -1.417323 -1.003937 0.137795,
        -1.732283 -1.003937 0.137795,
        -1.732283 -1.001925 0.122511,
        -1.417323 -1.001925 0.122511,
        -1.732283 -0.996025 0.108268,
        -1.417323 -0.996025 0.108268,
        -1.732283 -0.986640 0.096037,
        -1.417323 -0.986640 0.096037,
        -1.732283 -0.974409 0.086652,
        -1.417323 -0.974409 0.086652,
        -1.732283 -0.960167 0.080752,
        -1.417323 -0.960167 0.080752,
        -1.023622 -1.003937 0.137795,
        -1.338583 -1.003937 0.137795,
        -1.338583 -1.001925 0.122511,
        -1.023622 -1.001925 0.122511,
        -1.338583 -0.996025 0.108268,
        -1.023622 -0.996025 0.108268,
        -1.338583 -0.986640 0.096037,
        -1.023622 -0.986640 0.096037,
        -1.338583 -0.974409 0.086652,
        -1.023622 -0.974409 0.086652,
        -1.338583 -0.960167 0.080752,
        -1.023622 -0.960167 0.080752,
        -0.629921 -1.003937 0.137795,
        -0.944882 -1.003937 0.137795,
        -0.944882 -1.001925 0.122511,
        -0.629921 -1.001925 0.122511,
        -0.944882 -0.996025 0.108268,
        -0.629921 -0.996025 0.108268,
        -0.944882 -0.986640 0.096037,
        -0.629921 -0.986640 0.096037,
        -0.944882 -0.974409 0.086652,
        -0.629921 -0.974409 0.086652,
        -0.944882 -0.960167 0.080752,
        -0.629921 -0.960167 0.080752,
        -0.236220 -1.003937 0.137795,
        -0.551181 -1.003937 0.137795,
        -0.551181 -1.001925 0.122511,
        -0.236220 -1.001925 0.122511,
        -0.551181 -0.996025 0.108268,
        -0.236220 -0.996025 0.108268,
        -0.551181 -0.986640 0.096037,
        -0.236220 -0.986640 0.096037,
        -0.551181 -0.974409 0.086652,
        -0.236220 -0.974409 0.086652,
        -0.551181 -0.960167 0.080752,
        -0.236220 -0.960167 0.080752,
        0.157480 -1.003937 0.137795,
        -0.157480 -1.003937 0.137795,
        -0.157480 -1.001925 0.122511,
        0.157480 -1.001925 0.122511,
        -0.157480 -0.996025 0.108268,
        0.157480 -0.996025 0.108268,
        -0.157480 -0.986640 0.096037,
        0.157480 -0.986640 0.096037,
        -0.157480 -0.974409 0.086652,
        0.157480 -0.974409 0.086652,
        -0.157480 -0.960167 0.080752,
        0.157480 -0.960167 0.080752,
        0.551181 -1.003937 0.137795,
        0.236220 -1.003937 0.137795,
        0.236220 -1.001925 0.122511,
        0.551181 -1.001925 0.122511,
        0.236220 -0.996025 0.108268,
        0.551181 -0.996025 0.108268,
        0.236220 -0.986640 0.096037,
        0.551181 -0.986640 0.096037,
        0.236220 -0.974409 0.086652,
        0.551181 -0.974409 0.086652,
        0.236220 -0.960167 0.080752,
        0.551181 -0.960167 0.080752,
        0.944882 -1.003937 0.137795,
        0.629921 -1.003937 0.137795,
        0.629921 -1.001925 0.122511,
        0.944882 -1.001925 0.122511,
        0.629921 -0.996025 0.108268,
        0.944882 -0.996025 0.108268,
        0.629921 -0.986640 0.096037,
        0.944882 -0.986640 0.096037,
        0.629921 -0.974409 0.086652,
        0.944882 -0.974409 0.086652,
        0.629921 -0.960167 0.080752,
        0.944882 -0.960167 0.080752,
        1.338583 -1.003937 0.137795,
        1.023622 -1.003937 0.137795,
        1.023622 -1.001925 0.122511,
        1.338583 -1.001925 0.122511,
        1.023622 -0.996025 0.108268,
        1.338583 -0.996025 0.108268,
        1.023622 -0.986640 0.096037,
        1.338583 -0.986640 0.096037,
        1.023622 -0.974409 0.086652,
        1.338583 -0.974409 0.086652,
        1.023622 -0.960167 0.080752,
        1.338583 -0.960167 0.080752,
        1.732283 -1.003937 0.137795,
        1.417323 -1.003937 0.137795,
        1.417323 -1.001925 0.122511,
        1.732283 -1.001925 0.122511,
        1.417323 -0.996025 0.108268,
        1.732283 -0.996025 0.108268,
        1.417323 -0.986640 0.096037,
        1.732283 -0.986640 0.096037,
        1.417323 -0.974409 0.086652,
        1.732283 -0.974409 0.086652,
        1.417323 -0.960167 0.080752,
        1.732283 -0.960167 0.080752,
        2.125984 -1.003937 0.137795,
        1.811024 -1.003937 0.137795,
        1.811024 -1.001925 0.122511,
        2.125984 -1.001925 0.122511,
        1.811024 -0.996025 0.108268,
        2.125984 -0.996025 0.108268,
        1.811024 -0.986640 0.096037,
        2.125984 -0.986640 0.096037,
        1.811024 -0.974409 0.086652,
        2.125984 -0.974409 0.086652,
        1.811024 -0.960167 0.080752,
        2.125984 -0.960167 0.080752,
        2.519685 -1.003937 0.137795,
        2.204724 -1.003937 0.137795,
        2.204724 -1.001925 0.122511,
        2.519685 -1.001925 0.122511,
        2.204724 -0.996025 0.108268,
        2.519685 -0.996025 0.108268,
        2.204724 -0.986640 0.096037,
        2.519685 -0.986640 0.096037,
        2.204724 -0.974409 0.086652,
        2.519685 -0.974409 0.086652,
        2.204724 -0.960167 0.080752,
        2.519685 -0.960167 0.080752,
        2.913386 -1.003937 0.137795,
        2.598425 -1.003937 0.137795,
        2.598425 -1.001925 0.122511,
        2.913386 -1.001925 0.122511,
        2.598425 -0.996025 0.108268,
        2.913386 -0.996025 0.108268,
        2.598425 -0.986640 0.096037,
        2.913386 -0.986640 0.096037,
        2.598425 -0.974409 0.086652,
        2.913386 -0.974409 0.086652,
        2.598425 -0.960167 0.080752,
        2.913386 -0.960167 0.080752,
        2.992126 -1.003937 0.137795,
        2.992126 -1.001925 0.122511,
        2.992126 -0.996025 0.108268,
        2.992126 -0.986640 0.096037,
        2.992126 -0.974409 0.086652,
        2.992126 -0.960167 0.080752,
        -2.204724 -0.364173 0.196850,
        -2.519685 -0.364173 0.196850,
        -1.811024 -0.364173 0.196850,
        -2.125984 -0.364173 0.196850,
        -1.417323 -0.364173 0.196850,
        -1.732283 -0.364173 0.196850,
        -1.023622 -0.364173 0.196850,
        -1.338583 -0.364173 0.196850,
        -0.629921 -0.364173 0.196850,
        -0.944882 -0.364173 0.196850,
        -0.236220 -0.364173 0.196850,
        -0.551181 -0.364173 0.196850,
        0.157480 -0.364173 0.196850,
        -0.157480 -0.364173 0.196850,
        0.551181 -0.364173 0.196850,
        0.236220 -0.364173 0.196850,
        0.944882 -0.364173 0.196850,
        0.629921 -0.364173 0.196850,
        1.023622 -0.364173 0.196850,
        1.338583 -0.364173 0.196850,
        1.732283 -0.364173 0.196850,
        1.417323 -0.364173 0.196850,
        2.125984 -0.364173 0.196850,
        1.811024 -0.364173 0.196850,
        2.519685 -0.364173 0.196850,
        2.204724 -0.364173 0.196850,
        2.913386 -0.364173 0.196850,
        2.598425 -0.364173 0.196850,
        2.992126 -0.364173 0.196850,
        -2.204724 -0.501969 0.196850,
        -2.519685 -0.501969 0.196850,
        -1.811024 -0.501969 0.196850,
        -2.125984 -0.501969 0.196850,
        -1.417323 -0.501969 0.196850,
        -1.732283 -0.501969 0.196850,
        -1.023622 -0.501969 0.196850,
        -1.338583 -0.501969 0.196850,
        -0.629921 -0.501969 0.196850,
        -0.944882 -0.501969 0.196850,
        -0.236220 -0.501969 0.196850,
        -0.551181 -0.501969 0.196850,
        0.157480 -0.501969 0.196850,
        -0.157480 -0.501969 0.196850,
        0.551181 -0.501969 0.196850,
        0.236220 -0.501969 0.196850,
        0.944882 -0.501969 0.196850,
        0.629921 -0.501969 0.196850,
        1.023622 -0.501969 0.196850,
        1.338583 -0.501969 0.196850,
        1.732283 -0.501969 0.196850,
        1.417323 -0.501969 0.196850,
        2.125984 -0.501969 0.196850,
        1.811024 -0.501969 0.196850,
        2.519685 -0.501969 0.196850,
        2.204724 -0.501969 0.196850,
        2.913386 -0.501969 0.196850,
        2.598425 -0.501969 0.196850,
        2.992126 -0.501969 0.196850,
        2.992126 0.944882 0.078740,
        -2.992126 0.944882 0.078740,
        2.913386 0.944882 0.078740,
        2.598425 0.944882 0.078740,
        2.992126 0.960167 0.080752,
        2.992126 0.974409 0.086652,
        2.992126 0.986640 0.096037,
        2.992126 0.996025 0.108268,
        2.992126 1.001925 0.122511,
        2.598425 0.960167 0.080752,
        2.598425 1.001925 0.122511,
        2.913386 0.960167 0.080752,
        2.598425 0.974409 0.086652,
        2.913386 0.974409 0.086652,
        2.598425 0.986640 0.096037,
        2.913386 0.986640 0.096037,
        2.598425 0.996025 0.108268,
        2.913386 0.996025 0.108268,
        2.913386 1.001925 0.122511,
        2.992126 0.501969 0.196850,
        2.598425 0.501969 0.196850,
        2.913386 0.501969 0.196850,
        2.992126 0.364173 0.196850,
        2.598425 0.364173 0.196850,
        2.913386 0.364173 0.196850,
        2.519685 0.944882 0.078740,
        2.204724 0.944882 0.078740,
        2.519685 1.001925 0.122511,
        2.204724 0.960167 0.080752,
        2.519685 0.960167 0.080752,
        2.204724 0.974409 0.086652,
        2.519685 0.974409 0.086652,
        2.204724 0.986640 0.096037,
        2.519685 0.986640 0.096037,
        2.204724 0.996025 0.108268,
        2.519685 0.996025 0.108268,
        2.204724 1.001925 0.122511,
        2.519685 0.501969 0.196850,
        2.204724 0.501969 0.196850,
        2.519685 0.364173 0.196850,
        2.204724 0.364173 0.196850,
        2.125984 0.944882 0.078740,
        1.811024 0.944882 0.078740,
        1.811024 0.960167 0.080752,
        2.125984 0.960167 0.080752,
        1.811024 0.974409 0.086652,
        2.125984 0.974409 0.086652,
        1.811024 0.986640 0.096037,
        2.125984 0.986640 0.096037,
        1.811024 0.996025 0.108268,
        2.125984 0.996025 0.108268,
        1.811024 1.001925 0.122511,
        2.125984 1.001925 0.122511,
        2.125984 0.501969 0.196850,
        1.811024 0.501969 0.196850,
        2.125984 0.364173 0.196850,
        1.811024 0.364173 0.196850,
        1.732283 0.944882 0.078740,
        1.417323 0.944882 0.078740,
        1.417323 0.960167 0.080752,
        1.732283 0.960167 0.080752,
        1.417323 0.974409 0.086652,
        1.732283 0.974409 0.086652,
        1.417323 0.986640 0.096037,
        1.732283 0.986640 0.096037,
        1.417323 0.996025 0.108268,
        1.732283 0.996025 0.108268,
        1.417323 1.001925 0.122511,
        1.732283 1.001925 0.122511,
        1.732283 0.501969 0.196850,
        1.417323 0.501969 0.196850,
        1.732283 0.364173 0.196850,
        1.417323 0.364173 0.196850,
        1.338583 0.944882 0.078740,
        1.023622 0.944882 0.078740,
        1.023622 0.960167 0.080752,
        1.338583 0.960167 0.080752,
        1.023622 0.974409 0.086652,
        1.338583 0.974409 0.086652,
        1.023622 0.986640 0.096037,
        1.338583 0.986640 0.096037,
        1.023622 0.996025 0.108268,
        1.338583 0.996025 0.108268,
        1.023622 1.001925 0.122511,
        1.338583 1.001925 0.122511,
        1.023622 0.501969 0.196850,
        1.338583 0.501969 0.196850,
        1.023622 0.364173 0.196850,
        1.338583 0.364173 0.196850,
        0.944882 0.944882 0.078740,
        0.629921 0.944882 0.078740,
        0.629921 0.960167 0.080752,
        0.944882 0.960167 0.080752,
        0.629921 0.974409 0.086652,
        0.944882 0.974409 0.086652,
        0.629921 0.986640 0.096037,
        0.944882 0.986640 0.096037,
        0.629921 0.996025 0.108268,
        0.944882 0.996025 0.108268,
        0.629921 1.001925 0.122511,
        0.944882 1.001925 0.122511,
        0.944882 0.501969 0.196850,
        0.629921 0.501969 0.196850,
        0.944882 0.364173 0.196850,
        0.629921 0.364173 0.196850,
        0.551181 0.944882 0.078740,
        0.236220 0.944882 0.078740,
        0.236220 0.960167 0.080752,
        0.551181 0.960167 0.080752,
        0.236220 0.974409 0.086652,
        0.551181 0.974409 0.086652,
        0.236220 0.986640 0.096037,
        0.551181 0.986640 0.096037,
        0.236220 0.996025 0.108268,
        0.551181 0.996025 0.108268,
        0.236220 1.001925 0.122511,
        0.551181 1.001925 0.122511,
        0.551181 0.501969 0.196850,
        0.236220 0.501969 0.196850,
        0.551181 0.364173 0.196850,
        0.236220 0.364173 0.196850,
        0.157480 0.944882 0.078740,
        -0.157480 0.944882 0.078740,
        -0.157480 0.960167 0.080752,
        0.157480 0.960167 0.080752,
        -0.157480 0.974409 0.086652,
        0.157480 0.974409 0.086652,
        -0.157480 0.986640 0.096037,
        0.157480 0.986640 0.096037,
        -0.157480 0.996025 0.108268,
        0.157480 0.996025 0.108268,
        -0.157480 1.001925 0.122511,
        0.157480 1.001925 0.122511,
        0.157480 0.501969 0.196850,
        -0.157480 0.501969 0.196850,
        0.157480 0.364173 0.196850,
        -0.157480 0.364173 0.196850,
        -0.236220 0.944882 0.078740,
        -0.551181 0.944882 0.078740,
        -0.551181 0.960167 0.080752,
        -0.236220 0.960167 0.080752,
        -0.551181 0.974409 0.086652,
        -0.236220 0.974409 0.086652,
        -0.551181 0.986640 0.096037,
        -0.236220 0.986640 0.096037,
        -0.551181 0.996025 0.108268,
        -0.236220 0.996025 0.108268,
        -0.551181 1.001925 0.122511,
        -0.236220 1.001925 0.122511,
        -0.236220 0.501969 0.196850,
        -0.551181 0.501969 0.196850,
        -0.236220 0.364173 0.196850,
        -0.551181 0.364173 0.196850,
        -0.629921 0.944882 0.078740,
        -0.944882 0.944882 0.078740,
        -0.944882 0.960167 0.080752,
        -0.944882 1.001925 0.122511,
        -0.629921 0.960167 0.080752,
        -0.944882 0.974409 0.086652,
        -0.629921 0.974409 0.086652,
        -0.944882 0.986640 0.096037,
        -0.629921 0.986640 0.096037,
        -0.944882 0.996025 0.108268,
        -0.629921 0.996025 0.108268,
        -0.629921 1.001925 0.122511,
        -0.629921 0.501969 0.196850,
        -0.944882 0.501969 0.196850,
        -0.629921 0.364173 0.196850,
        -0.944882 0.364173 0.196850,
        -1.023622 0.944882 0.078740,
        -1.338583 0.944882 0.078740,
        -1.338583 0.960167 0.080752,
        -1.023622 0.960167 0.080752,
        -1.338583 0.974409 0.086652,
        -1.023622 0.974409 0.086652,
        -1.338583 0.986640 0.096037,
        -1.023622 0.986640 0.096037,
        -1.338583 0.996025 0.108268,
        -1.023622 0.996025 0.108268,
        -1.338583 1.001925 0.122511,
        -1.023622 1.001925 0.122511,
        -1.023622 0.501969 0.196850,
        -1.338583 0.501969 0.196850,
        -1.023622 0.364173 0.196850,
        -1.338583 0.364173 0.196850,
        -1.417323 0.944882 0.078740,
        -1.732283 0.944882 0.078740,
        -1.732283 0.960167 0.080752,
        -1.417323 0.960167 0.080752,
        -1.732283 0.974409 0.086652,
        -1.417323 0.974409 0.086652,
        -1.732283 0.986640 0.096037,
        -1.417323 0.986640 0.096037,
        -1.732283 0.996025 0.108268,
        -1.417323 0.996025 0.108268,
        -1.732283 1.001925 0.122511,
        -1.417323 1.001925 0.122511,
        -1.417323 0.501969 0.196850,
        -1.732283 0.501969 0.196850,
        -1.417323 0.364173 0.196850,
        -1.732283 0.364173 0.196850,
        -1.811024 0.944882 0.078740,
        -2.125984 0.944882 0.078740,
        -2.125984 0.960167 0.080752,
        -1.811024 0.960167 0.080752,
        -2.125984 0.974409 0.086652,
        -1.811024 0.974409 0.086652,
        -2.125984 0.986640 0.096037,
        -1.811024 0.986640 0.096037,
        -2.125984 0.996025 0.108268,
        -1.811024 0.996025 0.108268,
        -2.125984 1.001925 0.122511,
        -1.811024 1.001925 0.122511,
        -1.811024 0.501969 0.196850,
        -2.125984 0.501969 0.196850,
        -1.811024 0.364173 0.196850,
        -2.125984 0.364173 0.196850,
        -2.204724 0.944882 0.078740,
        -2.519685 0.944882 0.078740,
        -2.519685 0.960167 0.080752,
        -2.204724 0.960167 0.080752,
        -2.519685 0.974409 0.086652,
        -2.204724 0.974409 0.086652,
        -2.519685 0.986640 0.096037,
        -2.204724 0.986640 0.096037,
        -2.519685 0.996025 0.108268,
        -2.204724 0.996025 0.108268,
        -2.519685 1.001925 0.122511,
        -2.204724 1.001925 0.122511,
        -2.204724 0.501969 0.196850,
        -2.519685 0.501969 0.196850,
        -2.204724 0.364173 0.196850,
        -2.519685 0.364173 0.196850,
        -2.598425 0.944882 0.078740,
        -2.913386 0.944882 0.078740,
        -2.913386 0.960167 0.080752,
        -2.598425 0.960167 0.080752,
        -2.913386 0.974409 0.086652,
        -2.598425 0.974409 0.086652,
        -2.913386 0.986640 0.096037,
        -2.598425 0.986640 0.096037,
        -2.913386 0.996025 0.108268,
        -2.598425 0.996025 0.108268,
        -2.913386 1.001925 0.122511,
        -2.598425 1.001925 0.122511,
        -2.598425 0.501969 0.196850,
        -2.913386 0.501969 0.196850,
        -2.598425 0.364173 0.196850,
        -2.913386 0.364173 0.196850,
        -2.992126 0.960167 0.080752,
        -2.992126 0.974409 0.086652,
        -2.992126 0.986640 0.096037,
        -2.992126 0.996025 0.108268,
        -2.992126 1.001925 0.122511,
        -2.992126 0.501969 0.196850,
        -2.992126 0.364173 0.196850,
        -2.598425 -0.944882 0.078740,
        -2.913386 -0.944882 0.078740,
        -2.598425 -1.003937 0.137795,
        -2.913386 -1.003937 0.137795,
        -2.913386 -1.001925 0.122511,
        -2.598425 -1.001925 0.122511,
        -2.913386 -0.996025 0.108268,
        -2.598425 -0.996025 0.108268,
        -2.913386 -0.986640 0.096037,
        -2.598425 -0.986640 0.096037,
        -2.913386 -0.974409 0.086652,
        -2.598425 -0.974409 0.086652,
        -2.913386 -0.960167 0.080752,
        -2.598425 -0.960167 0.080752,
        -2.598425 -0.364173 0.196850,
        -2.913386 -0.364173 0.196850,
        -2.598425 -0.501969 0.196850,
        -2.913386 -0.501969 0.196850,
        -2.992126 -0.944882 0.078740,
        -2.992126 -1.003937 0.137795,
        -2.992126 -1.001925 0.122511,
        -2.992126 -0.996025 0.108268,
        -2.992126 -0.986640 0.096037,
        -2.992126 -0.974409 0.086652,
        -2.992126 -0.960167 0.080752,
        -2.992126 -0.364173 0.196850,
        -2.992126 -0.501969 0.196850,
        -2.913386 -1.220472 0.098425,
        -2.913386 -1.098985 0.098425,
        -2.992126 -1.220472 0.098425,
        -2.992126 -1.098985 0.098425,
        -2.992126 -1.229233 0.097438,
        -2.913386 -1.229233 0.097438,
        -2.992126 -1.237554 0.094526,
        -2.913386 -1.237554 0.094526,
        -2.992126 -1.245019 0.089836,
        -2.913386 -1.245019 0.089836,
        -2.992126 -1.251253 0.083602,
        -2.913386 -1.251253 0.083602,
        -2.992126 -1.255944 0.076137,
        -2.913386 -1.255944 0.076137,
        -2.992126 -1.258856 0.067816,
        -2.913386 -1.258856 0.067816,
        -2.992126 -1.259843 0.059055,
        -2.913386 -1.259843 0.059055,
        -2.913386 -1.259843 0.039370,
        -2.992126 -1.259843 0.039370,
        -2.992126 -1.258856 0.030609,
        -2.913386 -1.258856 0.030609,
        -2.992126 -1.255944 0.022288,
        -2.913386 -1.255944 0.022288,
        -2.992126 -1.251253 0.014823,
        -2.913386 -1.251253 0.014823,
        -2.992126 -1.245019 0.008589,
        -2.913386 -1.245019 0.008589,
        -2.992126 -1.237554 0.003899,
        -2.913386 -1.237554 0.003899,
        -2.992126 -1.229233 0.000987,
        -2.913386 -1.229233 0.000987,
        -2.992126 -1.220472 -0.000000,
        -2.913386 -1.220472 -0.000000,
        -2.913386 -1.000559 -0.000000,
        -2.992126 -1.000559 -0.000000,
        -2.992126 -0.992879 0.000756,
        -2.913386 -0.992879 0.000756,
        -2.992126 -0.985493 0.002997,
        -2.913386 -0.985493 0.002997,
        -2.992126 -0.978687 0.006635,
        -2.913386 -0.978687 0.006635,
        -2.992126 -0.972721 0.011531,
        -2.913386 -0.972721 0.011531,
        -2.913386 -0.936728 0.047524,
        -2.992126 -0.936728 0.047524,
        -2.913386 -0.930762 0.052420,
        -2.992126 -0.930762 0.052420,
        -2.913386 -0.923956 0.056058,
        -2.992126 -0.923956 0.056058,
        -2.913386 -0.916570 0.058299,
        -2.992126 -0.916570 0.058299,
        -2.913386 -0.908889 0.059055,
        -2.992126 -0.908889 0.059055,
        -2.913386 -0.587174 0.059055,
        -2.992126 -0.587174 0.059055,
        -2.913386 -1.071146 0.109956,
        -2.992126 -1.071146 0.109956,
        -2.913386 -1.077112 0.105060,
        -2.992126 -1.077112 0.105060,
        -2.913386 -1.083919 0.101422,
        -2.992126 -1.083919 0.101422,
        -2.913386 -1.091304 0.099181,
        -2.992126 -1.091304 0.099181,
        -2.992126 -0.579493 0.059811,
        -2.913386 -0.579493 0.059811,
        -2.992126 -0.572107 0.062052,
        -2.913386 -0.572107 0.062052,
        -2.992126 -0.565301 0.065690,
        -2.913386 -0.565301 0.065690,
        -2.992126 -0.559335 0.070586,
        -2.913386 -0.559335 0.070586,
        -2.913386 -0.708661 0.472441,
        -2.913386 -0.629921 0.472441,
        -2.992126 -0.708661 0.472441,
        -2.992126 -0.629921 0.472441,
        -2.992126 -0.718851 0.471100,
        -2.992126 -0.728346 0.467166,
        -2.992126 -0.736500 0.460910,
        -2.992126 -0.619731 0.471100,
        -2.992126 -0.610236 0.467166,
        -2.992126 -0.602082 0.460910,
        -2.913386 -0.619731 0.471100,
        -2.913386 -0.610236 0.467166,
        -2.913386 -0.602082 0.460910,
        -2.913386 -0.718851 0.471100,
        -2.913386 -0.728346 0.467166,
        -2.913386 -0.736500 0.460910,
        -2.913386 -0.334557 1.165154,
        -2.913386 -0.177254 1.165154,
        -2.913386 -0.188994 1.202926,
        -2.913386 -0.201565 1.218401,
        -2.913386 -0.275683 1.237633,
        -2.913386 -0.294192 1.230223,
        -2.913386 -0.310246 1.218401,
        -2.913386 -0.180714 1.184789,
        -2.913386 -0.217619 1.230223,
        -2.913386 -0.236128 1.237633,
        -2.913386 -0.255906 1.240157,
        -2.913386 -0.322817 1.202926,
        -2.913386 -0.331097 1.184789,
        -2.992126 -0.294192 1.230223,
        -2.992126 -0.275683 1.237633,
        -2.992126 -0.177254 1.165154,
        -2.992126 -0.334557 1.165154,
        -2.992126 -0.331097 1.184789,
        -2.992126 -0.322817 1.202926,
        -2.992126 -0.310246 1.218401,
        -2.992126 -0.255906 1.240157,
        -2.992126 -0.236128 1.237633,
        -2.992126 -0.217619 1.230223,
        -2.992126 -0.201565 1.218401,
        -2.992126 -0.188994 1.202926,
        -2.992126 -0.180714 1.184789,
        -2.913386 0.908889 0.059055,
        -2.913386 0.587174 0.059055,
        -2.992126 0.908889 0.059055,
        -2.992126 0.587174 0.059055,
        -2.913386 0.916570 0.058299,
        -2.992126 0.916570 0.058299,
        -2.913386 0.923956 0.056058,
        -2.992126 0.923956 0.056058,
        -2.913386 0.930762 0.052420,
        -2.992126 0.930762 0.052420,
        -2.913386 0.936728 0.047524,
        -2.992126 0.936728 0.047524,
        -2.913386 0.972721 0.011531,
        -2.992126 0.972721 0.011531,
        -2.992126 0.978687 0.006635,
        -2.913386 0.978687 0.006635,
        -2.992126 0.985493 0.002997,
        -2.913386 0.985493 0.002997,
        -2.992126 0.992879 0.000756,
        -2.913386 0.992879 0.000756,
        -2.992126 1.000559 0.000000,
        -2.913386 1.000559 0.000000,
        -2.913386 1.220472 -0.000000,
        -2.992126 1.220472 -0.000000,
        -2.992126 1.229233 0.000987,
        -2.913386 1.229233 0.000987,
        -2.992126 1.237554 0.003899,
        -2.913386 1.237554 0.003899,
        -2.992126 1.245019 0.008589,
        -2.913386 1.245019 0.008589,
        -2.992126 1.251253 0.014823,
        -2.913386 1.251253 0.014823,
        -2.992126 1.255944 0.022288,
        -2.913386 1.255944 0.022288,
        -2.992126 1.258856 0.030609,
        -2.913386 1.258856 0.030609,
        -2.992126 1.259843 0.039370,
        -2.913386 1.259843 0.039370,
        -2.913386 1.259843 0.059055,
        -2.992126 1.259843 0.059055,
        -2.992126 1.258856 0.067816,
        -2.913386 1.258856 0.067816,
        -2.992126 1.255944 0.076137,
        -2.913386 1.255944 0.076137,
        -2.992126 1.251253 0.083602,
        -2.913386 1.251253 0.083602,
        -2.992126 1.245019 0.089836,
        -2.913386 1.245019 0.089836,
        -2.992126 1.237554 0.094526,
        -2.913386 1.237554 0.094526,
        -2.992126 1.229233 0.097438,
        -2.913386 1.229233 0.097438,
        -2.992126 1.220472 0.098425,
        -2.913386 1.220472 0.098425,
        -2.913386 1.098985 0.098425,
        -2.992126 1.098985 0.098425,
        -2.913386 0.559335 0.070586,
        -2.992126 0.559335 0.070586,
        -2.992126 0.565301 0.065690,
        -2.913386 0.565301 0.065690,
        -2.992126 0.572107 0.062052,
        -2.913386 0.572107 0.062052,
        -2.992126 0.579493 0.059811,
        -2.913386 0.579493 0.059811,
        -2.913386 1.091304 0.099181,
        -2.992126 1.091304 0.099181,
        -2.913386 1.083919 0.101422,
        -2.992126 1.083919 0.101422,
        -2.913386 1.077112 0.105060,
        -2.992126 1.077112 0.105060,
        -2.913386 1.071146 0.109956,
        -2.992126 1.071146 0.109956,
        -2.913386 0.334557 1.165154,
        -2.992126 0.334557 1.165154,
        -2.992126 0.331097 1.184789,
        -2.913386 0.331097 1.184789,
        -2.992126 0.322817 1.202926,
        -2.913386 0.322817 1.202926,
        -2.992126 0.310246 1.218401,
        -2.913386 0.310246 1.218401,
        -2.992126 0.294192 1.230223,
        -2.913386 0.294192 1.230223,
        -2.992126 0.275683 1.237633,
        -2.913386 0.275683 1.237633,
        -2.992126 0.255906 1.240157,
        -2.913386 0.255906 1.240157,
        -2.992126 0.236128 1.237633,
        -2.913386 0.236128 1.237633,
        -2.992126 0.217619 1.230223,
        -2.913386 0.217619 1.230223,
        -2.992126 0.201565 1.218401,
        -2.913386 0.201565 1.218401,
        -2.992126 0.188994 1.202926,
        -2.913386 0.188994 1.202926,
        -2.992126 0.180714 1.184789,
        -2.913386 0.180714 1.184789,
        -2.992126 0.177254 1.165154,
        -2.913386 0.177254 1.165154,
        -2.913386 0.718851 0.471100,
        -2.913386 0.708661 0.472441,
        -2.913386 0.728346 0.467166,
        -2.913386 0.736500 0.460910,
        -2.913386 0.629921 0.472441,
        -2.913386 0.619731 0.471100,
        -2.913386 0.610236 0.467166,
        -2.913386 0.602082 0.460910,
        -2.992126 0.619731 0.471100,
        -2.992126 0.629921 0.472441,
        -2.992126 0.610236 0.467166,
        -2.992126 0.602082 0.460910,
        -2.992126 0.708661 0.472441,
        -2.992126 0.718851 0.471100,
        -2.992126 0.728346 0.467166,
        -2.992126 0.736500 0.460910,
        -2.519685 0.908889 0.059055,
        -2.519685 0.587174 0.059055,
        -2.598425 0.908889 0.059055,
        -2.598425 0.587174 0.059055,
        -2.519685 0.916570 0.058299,
        -2.598425 0.916570 0.058299,
        -2.519685 0.923956 0.056058,
        -2.598425 0.923956 0.056058,
        -2.519685 0.930762 0.052420,
        -2.598425 0.930762 0.052420,
        -2.519685 0.936728 0.047524,
        -2.598425 0.936728 0.047524,
        -2.519685 0.972721 0.011531,
        -2.598425 0.972721 0.011531,
        -2.598425 0.978687 0.006635,
        -2.519685 0.978687 0.006635,
        -2.598425 0.985493 0.002997,
        -2.519685 0.985493 0.002997,
        -2.598425 0.992879 0.000756,
        -2.519685 0.992879 0.000756,
        -2.598425 1.000559 0.000000,
        -2.519685 1.000559 0.000000,
        -2.519685 1.220472 -0.000000,
        -2.598425 1.220472 -0.000000,
        -2.598425 1.229233 0.000987,
        -2.519685 1.229233 0.000987,
        -2.598425 1.237554 0.003899,
        -2.519685 1.237554 0.003899,
        -2.598425 1.245019 0.008589,
        -2.519685 1.245019 0.008589,
        -2.598425 1.251253 0.014823,
        -2.519685 1.251253 0.014823,
        -2.598425 1.255944 0.022288,
        -2.519685 1.255944 0.022288,
        -2.598425 1.258856 0.030609,
        -2.519685 1.258856 0.030609,
        -2.598425 1.259843 0.039370,
        -2.519685 1.259843 0.039370,
        -2.519685 1.259843 0.059055,
        -2.598425 1.259843 0.059055,
        -2.598425 1.258856 0.067816,
        -2.519685 1.258856 0.067816,
        -2.598425 1.255944 0.076137,
        -2.519685 1.255944 0.076137,
        -2.598425 1.251253 0.083602,
        -2.519685 1.251253 0.083602,
        -2.598425 1.245019 0.089836,
        -2.519685 1.245019 0.089836,
        -2.598425 1.237554 0.094526,
        -2.519685 1.237554 0.094526,
        -2.598425 1.229233 0.097438,
        -2.519685 1.229233 0.097438,
        -2.598425 1.220472 0.098425,
        -2.519685 1.220472 0.098425,
        -2.519685 1.098985 0.098425,
        -2.598425 1.098985 0.098425,
        -2.519685 0.559335 0.070586,
        -2.598425 0.559335 0.070586,
        -2.598425 0.565301 0.065690,
        -2.519685 0.565301 0.065690,
        -2.598425 0.572107 0.062052,
        -2.519685 0.572107 0.062052,
        -2.598425 0.579493 0.059811,
        -2.519685 0.579493 0.059811,
        -2.519685 1.091304 0.099181,
        -2.598425 1.091304 0.099181,
        -2.519685 1.083919 0.101422,
        -2.598425 1.083919 0.101422,
        -2.519685 1.077112 0.105060,
        -2.598425 1.077112 0.105060,
        -2.519685 1.071146 0.109956,
        -2.598425 1.071146 0.109956,
        -2.519685 0.334557 1.165154,
        -2.598425 0.334557 1.165154,
        -2.598425 0.331097 1.184789,
        -2.519685 0.331097 1.184789,
        -2.598425 0.322817 1.202926,
        -2.519685 0.322817 1.202926,
        -2.598425 0.310246 1.218401,
        -2.519685 0.310246 1.218401,
        -2.598425 0.294192 1.230223,
        -2.519685 0.294192 1.230223,
        -2.598425 0.275683 1.237633,
        -2.519685 0.275683 1.237633,
        -2.598425 0.255906 1.240157,
        -2.519685 0.255906 1.240157,
        -2.598425 0.236128 1.237633,
        -2.519685 0.236128 1.237633,
        -2.598425 0.217619 1.230223,
        -2.519685 0.217619 1.230223,
        -2.598425 0.201565 1.218401,
        -2.519685 0.201565 1.218401,
        -2.598425 0.188994 1.202926,
        -2.519685 0.188994 1.202926,
        -2.598425 0.180714 1.184789,
        -2.519685 0.180714 1.184789,
        -2.598425 0.177254 1.165154,
        -2.519685 0.177254 1.165154,
        -2.519685 0.718851 0.471100,
        -2.519685 0.708661 0.472441,
        -2.519685 0.728346 0.467166,
        -2.519685 0.736500 0.460910,
        -2.519685 0.629921 0.472441,
        -2.519685 0.619731 0.471100,
        -2.519685 0.610236 0.467166,
        -2.519685 0.602082 0.460910,
        -2.598425 0.619731 0.471100,
        -2.598425 0.629921 0.472441,
        -2.598425 0.610236 0.467166,
        -2.598425 0.602082 0.460910,
        -2.598425 0.708661 0.472441,
        -2.598425 0.718851 0.471100,
        -2.598425 0.728346 0.467166,
        -2.598425 0.736500 0.460910,
        -2.125984 0.908889 0.059055,
        -2.125984 0.587174 0.059055,
        -2.204724 0.908889 0.059055,
        -2.204724 0.587174 0.059055,
        -2.125984 0.916570 0.058299,
        -2.204724 0.916570 0.058299,
        -2.125984 0.923956 0.056058,
        -2.204724 0.923956 0.056058,
        -2.125984 0.930762 0.052420,
        -2.204724 0.930762 0.052420,
        -2.125984 0.936728 0.047524,
        -2.204724 0.936728 0.047524,
        -2.125984 0.972721 0.011531,
        -2.204724 0.972721 0.011531,
        -2.204724 0.978687 0.006635,
        -2.125984 0.978687 0.006635,
        -2.204724 0.985493 0.002997,
        -2.125984 0.985493 0.002997,
        -2.204724 0.992879 0.000756,
        -2.125984 0.992879 0.000756,
        -2.204724 1.000559 0.000000,
        -2.125984 1.000559 0.000000,
        -2.125984 1.220472 -0.000000,
        -2.204724 1.220472 -0.000000,
        -2.204724 1.229233 0.000987,
        -2.125984 1.229233 0.000987,
        -2.204724 1.237554 0.003899,
        -2.125984 1.237554 0.003899,
        -2.204724 1.245019 0.008589,
        -2.125984 1.245019 0.008589,
        -2.204724 1.251253 0.014823,
        -2.125984 1.251253 0.014823,
        -2.204724 1.255944 0.022288,
        -2.125984 1.255944 0.022288,
        -2.204724 1.258856 0.030609,
        -2.125984 1.258856 0.030609,
        -2.204724 1.259843 0.039370,
        -2.125984 1.259843 0.039370,
        -2.125984 1.259843 0.059055,
        -2.204724 1.259843 0.059055,
        -2.204724 1.258856 0.067816,
        -2.125984 1.258856 0.067816,
        -2.204724 1.255944 0.076137,
        -2.125984 1.255944 0.076137,
        -2.204724 1.251253 0.083602,
        -2.125984 1.251253 0.083602,
        -2.204724 1.245019 0.089836,
        -2.125984 1.245019 0.089836,
        -2.204724 1.237554 0.094526,
        -2.125984 1.237554 0.094526,
        -2.204724 1.229233 0.097438,
        -2.125984 1.229233 0.097438,
        -2.204724 1.220472 0.098425,
        -2.125984 1.220472 0.098425,
        -2.125984 1.098985 0.098425,
        -2.204724 1.098985 0.098425,
        -2.125984 0.559335 0.070586,
        -2.204724 0.559335 0.070586,
        -2.204724 0.565301 0.065690,
        -2.125984 0.565301 0.065690,
        -2.204724 0.572107 0.062052,
        -2.125984 0.572107 0.062052,
        -2.204724 0.579493 0.059811,
        -2.125984 0.579493 0.059811,
        -2.125984 1.091304 0.099181,
        -2.204724 1.091304 0.099181,
        -2.125984 1.083919 0.101422,
        -2.204724 1.083919 0.101422,
        -2.125984 1.077112 0.105060,
        -2.204724 1.077112 0.105060,
        -2.125984 1.071146 0.109956,
        -2.204724 1.071146 0.109956,
        -2.125984 0.334557 1.165154,
        -2.204724 0.334557 1.165154,
        -2.204724 0.331097 1.184789,
        -2.125984 0.331097 1.184789,
        -2.204724 0.322817 1.202926,
        -2.125984 0.322817 1.202926,
        -2.204724 0.310246 1.218401,
        -2.125984 0.310246 1.218401,
        -2.204724 0.294192 1.230223,
        -2.125984 0.294192 1.230223,
        -2.204724 0.275683 1.237633,
        -2.125984 0.275683 1.237633,
        -2.204724 0.255906 1.240157,
        -2.125984 0.255906 1.240157,
        -2.204724 0.236128 1.237633,
        -2.125984 0.236128 1.237633,
        -2.204724 0.217619 1.230223,
        -2.125984 0.217619 1.230223,
        -2.204724 0.201565 1.218401,
        -2.125984 0.201565 1.218401,
        -2.204724 0.188994 1.202926,
        -2.125984 0.188994 1.202926,
        -2.204724 0.180714 1.184789,
        -2.125984 0.180714 1.184789,
        -2.204724 0.177254 1.165154,
        -2.125984 0.177254 1.165154,
        -2.125984 0.718851 0.471100,
        -2.125984 0.708661 0.472441,
        -2.125984 0.728346 0.467166,
        -2.125984 0.736500 0.460910,
        -2.125984 0.629921 0.472441,
        -2.125984 0.619731 0.471100,
        -2.125984 0.610236 0.467166,
        -2.125984 0.602082 0.460910,
        -2.204724 0.619731 0.471100,
        -2.204724 0.629921 0.472441,
        -2.204724 0.610236 0.467166,
        -2.204724 0.602082 0.460910,
        -2.204724 0.708661 0.472441,
        -2.204724 0.718851 0.471100,
        -2.204724 0.728346 0.467166,
        -2.204724 0.736500 0.460910,
        -1.732283 0.908889 0.059055,
        -1.732283 0.587174 0.059055,
        -1.811024 0.908889 0.059055,
        -1.811024 0.587174 0.059055,
        -1.732283 0.916570 0.058299,
        -1.811024 0.916570 0.058299,
        -1.732283 0.923956 0.056058,
        -1.811024 0.923956 0.056058,
        -1.732283 0.930762 0.052420,
        -1.811024 0.930762 0.052420,
        -1.732283 0.936728 0.047524,
        -1.811024 0.936728 0.047524,
        -1.732283 0.972721 0.011531,
        -1.811024 0.972721 0.011531,
        -1.811024 0.978687 0.006635,
        -1.732283 0.978687 0.006635,
        -1.811024 0.985493 0.002997,
        -1.732283 0.985493 0.002997,
        -1.811024 0.992879 0.000756,
        -1.732283 0.992879 0.000756,
        -1.811024 1.000559 0.000000,
        -1.732283 1.000559 0.000000,
        -1.732283 1.220472 -0.000000,
        -1.811024 1.220472 -0.000000,
        -1.811024 1.229233 0.000987,
        -1.732283 1.229233 0.000987,
        -1.811024 1.237554 0.003899,
        -1.732283 1.237554 0.003899,
        -1.811024 1.245019 0.008589,
        -1.732283 1.245019 0.008589,
        -1.811024 1.251253 0.014823,
        -1.732283 1.251253 0.014823,
        -1.811024 1.255944 0.022288,
        -1.732283 1.255944 0.022288,
        -1.811024 1.258856 0.030609,
        -1.732283 1.258856 0.030609,
        -1.811024 1.259843 0.039370,
        -1.732283 1.259843 0.039370,
        -1.732283 1.259843 0.059055,
        -1.811024 1.259843 0.059055,
        -1.811024 1.258856 0.067816,
        -1.732283 1.258856 0.067816,
        -1.811024 1.255944 0.076137,
        -1.732283 1.255944 0.076137,
        -1.811024 1.251253 0.083602,
        -1.732283 1.251253 0.083602,
        -1.811024 1.245019 0.089836,
        -1.732283 1.245019 0.089836,
        -1.811024 1.237554 0.094526,
        -1.732283 1.237554 0.094526,
        -1.811024 1.229233 0.097438,
        -1.732283 1.229233 0.097438,
        -1.811024 1.220472 0.098425,
        -1.732283 1.220472 0.098425,
        -1.732283 1.098985 0.098425,
        -1.811024 1.098985 0.098425,
        -1.732283 0.559335 0.070586,
        -1.811024 0.559335 0.070586,
        -1.811024 0.565301 0.065690,
        -1.732283 0.565301 0.065690,
        -1.811024 0.572107 0.062052,
        -1.732283 0.572107 0.062052,
        -1.811024 0.579493 0.059811,
        -1.732283 0.579493 0.059811,
        -1.732283 1.091304 0.099181,
        -1.811024 1.091304 0.099181,
        -1.732283 1.083919 0.101422,
        -1.811024 1.083919 0.101422,
        -1.732283 1.077112 0.105060,
        -1.811024 1.077112 0.105060,
        -1.732283 1.071146 0.109956,
        -1.811024 1.071146 0.109956,
        -1.732283 0.334557 1.165154,
        -1.811024 0.334557 1.165154,
        -1.811024 0.331097 1.184789,
        -1.732283 0.331097 1.184789,
        -1.811024 0.322817 1.202926,
        -1.732283 0.322817 1.202926,
        -1.811024 0.310246 1.218401,
        -1.732283 0.310246 1.218401,
        -1.811024 0.294192 1.230223,
        -1.732283 0.294192 1.230223,
        -1.811024 0.275683 1.237633,
        -1.732283 0.275683 1.237633,
        -1.811024 0.255906 1.240157,
        -1.732283 0.255906 1.240157,
        -1.811024 0.236128 1.237633,
        -1.732283 0.236128 1.237633,
        -1.811024 0.217619 1.230223,
        -1.732283 0.217619 1.230223,
        -1.811024 0.201565 1.218401,
        -1.732283 0.201565 1.218401,
        -1.811024 0.188994 1.202926,
        -1.732283 0.188994 1.202926,
        -1.811024 0.180714 1.184789,
        -1.732283 0.180714 1.184789,
        -1.811024 0.177254 1.165154,
        -1.732283 0.177254 1.165154,
        -1.732283 0.718851 0.471100,
        -1.732283 0.708661 0.472441,
        -1.732283 0.728346 0.467166,
        -1.732283 0.736500 0.460910,
        -1.732283 0.629921 0.472441,
        -1.732283 0.619731 0.471100,
        -1.732283 0.610236 0.467166,
        -1.732283 0.602082 0.460910,
        -1.811024 0.619731 0.471100,
        -1.811024 0.629921 0.472441,
        -1.811024 0.610236 0.467166,
        -1.811024 0.602082 0.460910,
        -1.811024 0.708661 0.472441,
        -1.811024 0.718851 0.471100,
        -1.811024 0.728346 0.467166,
        -1.811024 0.736500 0.460910,
        -1.338583 0.908889 0.059055,
        -1.338583 0.587174 0.059055,
        -1.417323 0.908889 0.059055,
        -1.417323 0.587174 0.059055,
        -1.338583 0.916570 0.058299,
        -1.417323 0.916570 0.058299,
        -1.338583 0.923956 0.056058,
        -1.417323 0.923956 0.056058,
        -1.338583 0.930762 0.052420,
        -1.417323 0.930762 0.052420,
        -1.338583 0.936728 0.047524,
        -1.417323 0.936728 0.047524,
        -1.338583 0.972721 0.011531,
        -1.417323 0.972721 0.011531,
        -1.417323 0.978687 0.006635,
        -1.338583 0.978687 0.006635,
        -1.417323 0.985493 0.002997,
        -1.338583 0.985493 0.002997,
        -1.417323 0.992879 0.000756,
        -1.338583 0.992879 0.000756,
        -1.417323 1.000559 0.000000,
        -1.338583 1.000559 0.000000,
        -1.338583 1.220472 -0.000000,
        -1.417323 1.220472 -0.000000,
        -1.417323 1.229233 0.000987,
        -1.338583 1.229233 0.000987,
        -1.417323 1.237554 0.003899,
        -1.338583 1.237554 0.003899,
        -1.417323 1.245019 0.008589,
        -1.338583 1.245019 0.008589,
        -1.417323 1.251253 0.014823,
        -1.338583 1.251253 0.014823,
        -1.417323 1.255944 0.022288,
        -1.338583 1.255944 0.022288,
        -1.417323 1.258856 0.030609,
        -1.338583 1.258856 0.030609,
        -1.417323 1.259843 0.039370,
        -1.338583 1.259843 0.039370,
        -1.338583 1.259843 0.059055,
        -1.417323 1.259843 0.059055,
        -1.417323 1.258856 0.067816,
        -1.338583 1.258856 0.067816,
        -1.417323 1.255944 0.076137,
        -1.338583 1.255944 0.076137,
        -1.417323 1.251253 0.083602,
        -1.338583 1.251253 0.083602,
        -1.417323 1.245019 0.089836,
        -1.338583 1.245019 0.089836,
        -1.417323 1.237554 0.094526,
        -1.338583 1.237554 0.094526,
        -1.417323 1.229233 0.097438,
        -1.338583 1.229233 0.097438,
        -1.417323 1.220472 0.098425,
        -1.338583 1.220472 0.098425,
        -1.338583 1.098985 0.098425,
        -1.417323 1.098985 0.098425,
        -1.338583 0.559335 0.070586,
        -1.417323 0.559335 0.070586,
        -1.417323 0.565301 0.065690,
        -1.338583 0.565301 0.065690,
        -1.417323 0.572107 0.062052,
        -1.338583 0.572107 0.062052,
        -1.417323 0.579493 0.059811,
        -1.338583 0.579493 0.059811,
        -1.338583 1.091304 0.099181,
        -1.417323 1.091304 0.099181,
        -1.338583 1.083919 0.101422,
        -1.417323 1.083919 0.101422,
        -1.338583 1.077112 0.105060,
        -1.417323 1.077112 0.105060,
        -1.338583 1.071146 0.109956,
        -1.417323 1.071146 0.109956,
        -1.338583 0.334557 1.165154,
        -1.417323 0.334557 1.165154,
        -1.417323 0.331097 1.184789,
        -1.338583 0.331097 1.184789,
        -1.417323 0.322817 1.202926,
        -1.338583 0.322817 1.202926,
        -1.417323 0.310246 1.218401,
        -1.338583 0.310246 1.218401,
        -1.417323 0.294192 1.230223,
        -1.338583 0.294192 1.230223,
        -1.417323 0.275683 1.237633,
        -1.338583 0.275683 1.237633,
        -1.417323 0.255906 1.240157,
        -1.338583 0.255906 1.240157,
        -1.417323 0.236128 1.237633,
        -1.338583 0.236128 1.237633,
        -1.417323 0.217619 1.230223,
        -1.338583 0.217619 1.230223,
        -1.417323 0.201565 1.218401,
        -1.338583 0.201565 1.218401,
        -1.417323 0.188994 1.202926,
        -1.338583 0.188994 1.202926,
        -1.417323 0.180714 1.184789,
        -1.338583 0.180714 1.184789,
        -1.417323 0.177254 1.165154,
        -1.338583 0.177254 1.165154,
        -1.338583 0.718851 0.471100,
        -1.338583 0.708661 0.472441,
        -1.338583 0.728346 0.467166,
        -1.338583 0.736500 0.460910,
        -1.338583 0.629921 0.472441,
        -1.338583 0.619731 0.471100,
        -1.338583 0.610236 0.467166,
        -1.338583 0.602082 0.460910,
        -1.417323 0.619731 0.471100,
        -1.417323 0.629921 0.472441,
        -1.417323 0.610236 0.467166,
        -1.417323 0.602082 0.460910,
        -1.417323 0.708661 0.472441,
        -1.417323 0.718851 0.471100,
        -1.417323 0.728346 0.467166,
        -1.417323 0.736500 0.460910,
        -0.944882 0.908889 0.059055,
        -0.944882 0.587174 0.059055,
        -1.023622 0.908889 0.059055,
        -1.023622 0.587174 0.059055,
        -0.944882 0.916570 0.058299,
        -1.023622 0.916570 0.058299,
        -0.944882 0.923956 0.056058,
        -1.023622 0.923956 0.056058,
        -0.944882 0.930762 0.052420,
        -1.023622 0.930762 0.052420,
        -0.944882 0.936728 0.047524,
        -1.023622 0.936728 0.047524,
        -0.944882 0.972721 0.011531,
        -1.023622 0.972721 0.011531,
        -1.023622 0.978687 0.006635,
        -0.944882 0.978687 0.006635,
        -1.023622 0.985493 0.002997,
        -0.944882 0.985493 0.002997,
        -1.023622 0.992879 0.000756,
        -0.944882 0.992879 0.000756,
        -1.023622 1.000559 0.000000,
        -0.944882 1.000559 0.000000,
        -0.944882 1.220472 -0.000000,
        -1.023622 1.220472 -0.000000,
        -1.023622 1.229233 0.000987,
        -0.944882 1.229233 0.000987,
        -1.023622 1.237554 0.003899,
        -0.944882 1.237554 0.003899,
        -1.023622 1.245019 0.008589,
        -0.944882 1.245019 0.008589,
        -1.023622 1.251253 0.014823,
        -0.944882 1.251253 0.014823,
        -1.023622 1.255944 0.022288,
        -0.944882 1.255944 0.022288,
        -1.023622 1.258856 0.030609,
        -0.944882 1.258856 0.030609,
        -1.023622 1.259843 0.039370,
        -0.944882 1.259843 0.039370,
        -0.944882 1.259843 0.059055,
        -1.023622 1.259843 0.059055,
        -1.023622 1.258856 0.067816,
        -0.944882 1.258856 0.067816,
        -1.023622 1.255944 0.076137,
        -0.944882 1.255944 0.076137,
        -1.023622 1.251253 0.083602,
        -0.944882 1.251253 0.083602,
        -1.023622 1.245019 0.089836,
        -0.944882 1.245019 0.089836,
        -1.023622 1.237554 0.094526,
        -0.944882 1.237554 0.094526,
        -1.023622 1.229233 0.097438,
        -0.944882 1.229233 0.097438,
        -1.023622 1.220472 0.098425,
        -0.944882 1.220472 0.098425,
        -0.944882 1.098985 0.098425,
        -1.023622 1.098985 0.098425,
        -0.944882 0.559335 0.070586,
        -1.023622 0.559335 0.070586,
        -1.023622 0.565301 0.065690,
        -0.944882 0.565301 0.065690,
        -1.023622 0.572107 0.062052,
        -0.944882 0.572107 0.062052,
        -1.023622 0.579493 0.059811,
        -0.944882 0.579493 0.059811,
        -0.944882 1.091304 0.099181,
        -1.023622 1.091304 0.099181,
        -0.944882 1.083919 0.101422,
        -1.023622 1.083919 0.101422,
        -0.944882 1.077112 0.105060,
        -1.023622 1.077112 0.105060,
        -0.944882 1.071146 0.109956,
        -1.023622 1.071146 0.109956,
        -0.944882 0.334557 1.165154,
        -1.023622 0.334557 1.165154,
        -1.023622 0.331097 1.184789,
        -0.944882 0.331097 1.184789,
        -1.023622 0.322817 1.202926,
        -0.944882 0.322817 1.202926,
        -1.023622 0.310246 1.218401,
        -0.944882 0.310246 1.218401,
        -1.023622 0.294192 1.230223,
        -0.944882 0.294192 1.230223,
        -1.023622 0.275683 1.237633,
        -0.944882 0.275683 1.237633,
        -1.023622 0.255906 1.240157,
        -0.944882 0.255906 1.240157,
        -1.023622 0.236128 1.237633,
        -0.944882 0.236128 1.237633,
        -1.023622 0.217619 1.230223,
        -0.944882 0.217619 1.230223,
        -1.023622 0.201565 1.218401,
        -0.944882 0.201565 1.218401,
        -1.023622 0.188994 1.202926,
        -0.944882 0.188994 1.202926,
        -1.023622 0.180714 1.184789,
        -0.944882 0.180714 1.184789,
        -1.023622 0.177254 1.165154,
        -0.944882 0.177254 1.165154,
        -0.944882 0.718851 0.471100,
        -0.944882 0.708661 0.472441,
        -0.944882 0.728346 0.467166,
        -0.944882 0.736500 0.460910,
        -0.944882 0.629921 0.472441,
        -0.944882 0.619731 0.471100,
        -0.944882 0.610236 0.467166,
        -0.944882 0.602082 0.460910,
        -1.023622 0.619731 0.471100,
        -1.023622 0.629921 0.472441,
        -1.023622 0.610236 0.467166,
        -1.023622 0.602082 0.460910,
        -1.023622 0.708661 0.472441,
        -1.023622 0.718851 0.471100,
        -1.023622 0.728346 0.467166,
        -1.023622 0.736500 0.460910,
        -0.551181 0.908889 0.059055,
        -0.551181 0.587174 0.059055,
        -0.629921 0.908889 0.059055,
        -0.629921 0.587174 0.059055,
        -0.551181 0.916570 0.058299,
        -0.629921 0.916570 0.058299,
        -0.551181 0.923956 0.056058,
        -0.629921 0.923956 0.056058,
        -0.551181 0.930762 0.052420,
        -0.629921 0.930762 0.052420,
        -0.551181 0.936728 0.047524,
        -0.629921 0.936728 0.047524,
        -0.551181 0.972721 0.011531,
        -0.629921 0.972721 0.011531,
        -0.629921 0.978687 0.006635,
        -0.551181 0.978687 0.006635,
        -0.629921 0.985493 0.002997,
        -0.551181 0.985493 0.002997,
        -0.629921 0.992879 0.000756,
        -0.551181 0.992879 0.000756,
        -0.629921 1.000559 0.000000,
        -0.551181 1.000559 0.000000,
        -0.551181 1.220472 -0.000000,
        -0.629921 1.220472 -0.000000,
        -0.629921 1.229233 0.000987,
        -0.551181 1.229233 0.000987,
        -0.629921 1.237554 0.003899,
        -0.551181 1.237554 0.003899,
        -0.629921 1.245019 0.008589,
        -0.551181 1.245019 0.008589,
        -0.629921 1.251253 0.014823,
        -0.551181 1.251253 0.014823,
        -0.629921 1.255944 0.022288,
        -0.551181 1.255944 0.022288,
        -0.629921 1.258856 0.030609,
        -0.551181 1.258856 0.030609,
        -0.629921 1.259843 0.039370,
        -0.551181 1.259843 0.039370,
        -0.551181 1.259843 0.059055,
        -0.629921 1.259843 0.059055,
        -0.629921 1.258856 0.067816,
        -0.551181 1.258856 0.067816,
        -0.629921 1.255944 0.076137,
        -0.551181 1.255944 0.076137,
        -0.629921 1.251253 0.083602,
        -0.551181 1.251253 0.083602,
        -0.629921 1.245019 0.089836,
        -0.551181 1.245019 0.089836,
        -0.629921 1.237554 0.094526,
        -0.551181 1.237554 0.094526,
        -0.629921 1.229233 0.097438,
        -0.551181 1.229233 0.097438,
        -0.629921 1.220472 0.098425,
        -0.551181 1.220472 0.098425,
        -0.551181 1.098985 0.098425,
        -0.629921 1.098985 0.098425,
        -0.551181 0.559335 0.070586,
        -0.629921 0.559335 0.070586,
        -0.629921 0.565301 0.065690,
        -0.551181 0.565301 0.065690,
        -0.629921 0.572107 0.062052,
        -0.551181 0.572107 0.062052,
        -0.629921 0.579493 0.059811,
        -0.551181 0.579493 0.059811,
        -0.551181 1.091304 0.099181,
        -0.629921 1.091304 0.099181,
        -0.551181 1.083919 0.101422,
        -0.629921 1.083919 0.101422,
        -0.551181 1.077112 0.105060,
        -0.629921 1.077112 0.105060,
        -0.551181 1.071146 0.109956,
        -0.629921 1.071146 0.109956,
        -0.551181 0.334557 1.165154,
        -0.629921 0.334557 1.165154,
        -0.629921 0.331097 1.184789,
        -0.551181 0.331097 1.184789,
        -0.629921 0.322817 1.202926,
        -0.551181 0.322817 1.202926,
        -0.629921 0.310246 1.218401,
        -0.551181 0.310246 1.218401,
        -0.629921 0.294192 1.230223,
        -0.551181 0.294192 1.230223,
        -0.629921 0.275683 1.237633,
        -0.551181 0.275683 1.237633,
        -0.629921 0.255906 1.240157,
        -0.551181 0.255906 1.240157,
        -0.629921 0.236128 1.237633,
        -0.551181 0.236128 1.237633,
        -0.629921 0.217619 1.230223,
        -0.551181 0.217619 1.230223,
        -0.629921 0.201565 1.218401,
        -0.551181 0.201565 1.218401,
        -0.629921 0.188994 1.202926,
        -0.551181 0.188994 1.202926,
        -0.629921 0.180714 1.184789,
        -0.551181 0.180714 1.184789,
        -0.629921 0.177254 1.165154,
        -0.551181 0.177254 1.165154,
        -0.551181 0.718851 0.471100,
        -0.551181 0.708661 0.472441,
        -0.551181 0.728346 0.467166,
        -0.551181 0.736500 0.460910,
        -0.551181 0.629921 0.472441,
        -0.551181 0.619731 0.471100,
        -0.551181 0.610236 0.467166,
        -0.551181 0.602082 0.460910,
        -0.629921 0.619731 0.471100,
        -0.629921 0.629921 0.472441,
        -0.629921 0.610236 0.467166,
        -0.629921 0.602082 0.460910,
        -0.629921 0.708661 0.472441,
        -0.629921 0.718851 0.471100,
        -0.629921 0.728346 0.467166,
        -0.629921 0.736500 0.460910,
        -0.157480 0.908889 0.059055,
        -0.157480 0.587174 0.059055,
        -0.236220 0.908889 0.059055,
        -0.236220 0.587174 0.059055,
        -0.157480 0.916570 0.058299,
        -0.236220 0.916570 0.058299,
        -0.157480 0.923956 0.056058,
        -0.236220 0.923956 0.056058,
        -0.157480 0.930762 0.052420,
        -0.236220 0.930762 0.052420,
        -0.157480 0.936728 0.047524,
        -0.236220 0.936728 0.047524,
        -0.157480 0.972721 0.011531,
        -0.236220 0.972721 0.011531,
        -0.236220 0.978687 0.006635,
        -0.157480 0.978687 0.006635,
        -0.236220 0.985493 0.002997,
        -0.157480 0.985493 0.002997,
        -0.236220 0.992879 0.000756,
        -0.157480 0.992879 0.000756,
        -0.236220 1.000559 0.000000,
        -0.157480 1.000559 0.000000,
        -0.157480 1.220472 -0.000000,
        -0.236220 1.220472 -0.000000,
        -0.236220 1.229233 0.000987,
        -0.157480 1.229233 0.000987,
        -0.236220 1.237554 0.003899,
        -0.157480 1.237554 0.003899,
        -0.236220 1.245019 0.008589,
        -0.157480 1.245019 0.008589,
        -0.236220 1.251253 0.014823,
        -0.157480 1.251253 0.014823,
        -0.236220 1.255944 0.022288,
        -0.157480 1.255944 0.022288,
        -0.236220 1.258856 0.030609,
        -0.157480 1.258856 0.030609,
        -0.236220 1.259843 0.039370,
        -0.157480 1.259843 0.039370,
        -0.157480 1.259843 0.059055,
        -0.236220 1.259843 0.059055,
        -0.236220 1.258856 0.067816,
        -0.157480 1.258856 0.067816,
        -0.236220 1.255944 0.076137,
        -0.157480 1.255944 0.076137,
        -0.236220 1.251253 0.083602,
        -0.157480 1.251253 0.083602,
        -0.236220 1.245019 0.089836,
        -0.157480 1.245019 0.089836,
        -0.236220 1.237554 0.094526,
        -0.157480 1.237554 0.094526,
        -0.236220 1.229233 0.097438,
        -0.157480 1.229233 0.097438,
        -0.236220 1.220472 0.098425,
        -0.157480 1.220472 0.098425,
        -0.157480 1.098985 0.098425,
        -0.236220 1.098985 0.098425,
        -0.157480 0.559335 0.070586,
        -0.236220 0.559335 0.070586,
        -0.236220 0.565301 0.065690,
        -0.157480 0.565301 0.065690,
        -0.236220 0.572107 0.062052,
        -0.157480 0.572107 0.062052,
        -0.236220 0.579493 0.059811,
        -0.157480 0.579493 0.059811,
        -0.157480 1.091304 0.099181,
        -0.236220 1.091304 0.099181,
        -0.157480 1.083919 0.101422,
        -0.236220 1.083919 0.101422,
        -0.157480 1.077112 0.105060,
        -0.236220 1.077112 0.105060,
        -0.157480 1.071146 0.109956,
        -0.236220 1.071146 0.109956,
        -0.157480 0.334557 1.165154,
        -0.236220 0.334557 1.165154,
        -0.236220 0.331097 1.184789,
        -0.157480 0.331097 1.184789,
        -0.236220 0.322817 1.202926,
        -0.157480 0.322817 1.202926,
        -0.236220 0.310246 1.218401,
        -0.157480 0.310246 1.218401,
        -0.236220 0.294192 1.230223,
        -0.157480 0.294192 1.230223,
        -0.236220 0.275683 1.237633,
        -0.157480 0.275683 1.237633,
        -0.236220 0.255906 1.240157,
        -0.157480 0.255906 1.240157,
        -0.236220 0.236128 1.237633,
        -0.157480 0.236128 1.237633,
        -0.236220 0.217619 1.230223,
        -0.157480 0.217619 1.230223,
        -0.236220 0.201565 1.218401,
        -0.157480 0.201565 1.218401,
        -0.236220 0.188994 1.202926,
        -0.157480 0.188994 1.202926,
        -0.236220 0.180714 1.184789,
        -0.157480 0.180714 1.184789,
        -0.236220 0.177254 1.165154,
        -0.157480 0.177254 1.165154,
        -0.157480 0.718851 0.471100,
        -0.157480 0.708661 0.472441,
        -0.157480 0.728346 0.467166,
        -0.157480 0.736500 0.460910,
        -0.157480 0.629921 0.472441,
        -0.157480 0.619731 0.471100,
        -0.157480 0.610236 0.467166,
        -0.157480 0.602082 0.460910,
        -0.236220 0.619731 0.471100,
        -0.236220 0.629921 0.472441,
        -0.236220 0.610236 0.467166,
        -0.236220 0.602082 0.460910,
        -0.236220 0.708661 0.472441,
        -0.236220 0.718851 0.471100,
        -0.236220 0.728346 0.467166,
        -0.236220 0.736500 0.460910,
        0.236220 0.908889 0.059055,
        0.236220 0.587174 0.059055,
        0.157480 0.908889 0.059055,
        0.157480 0.587174 0.059055,
        0.236220 0.916570 0.058299,
        0.157480 0.916570 0.058299,
        0.236220 0.923956 0.056058,
        0.157480 0.923956 0.056058,
        0.236220 0.930762 0.052420,
        0.157480 0.930762 0.052420,
        0.236220 0.936728 0.047524,
        0.157480 0.936728 0.047524,
        0.236220 0.972721 0.011531,
        0.157480 0.972721 0.011531,
        0.157480 0.978687 0.006635,
        0.236220 0.978687 0.006635,
        0.157480 0.985493 0.002997,
        0.236220 0.985493 0.002997,
        0.157480 0.992879 0.000756,
        0.236220 0.992879 0.000756,
        0.157480 1.000559 0.000000,
        0.236220 1.000559 0.000000,
        0.236220 1.220472 -0.000000,
        0.157480 1.220472 -0.000000,
        0.157480 1.229233 0.000987,
        0.236220 1.229233 0.000987,
        0.157480 1.237554 0.003899,
        0.236220 1.237554 0.003899,
        0.157480 1.245019 0.008589,
        0.236220 1.245019 0.008589,
        0.157480 1.251253 0.014823,
        0.236220 1.251253 0.014823,
        0.157480 1.255944 0.022288,
        0.236220 1.255944 0.022288,
        0.157480 1.258856 0.030609,
        0.236220 1.258856 0.030609,
        0.157480 1.259843 0.039370,
        0.236220 1.259843 0.039370,
        0.236220 1.259843 0.059055,
        0.157480 1.259843 0.059055,
        0.157480 1.258856 0.067816,
        0.236220 1.258856 0.067816,
        0.157480 1.255944 0.076137,
        0.236220 1.255944 0.076137,
        0.157480 1.251253 0.083602,
        0.236220 1.251253 0.083602,
        0.157480 1.245019 0.089836,
        0.236220 1.245019 0.089836,
        0.157480 1.237554 0.094526,
        0.236220 1.237554 0.094526,
        0.157480 1.229233 0.097438,
        0.236220 1.229233 0.097438,
        0.157480 1.220472 0.098425,
        0.236220 1.220472 0.098425,
        0.236220 1.098985 0.098425,
        0.157480 1.098985 0.098425,
        0.236220 0.559335 0.070586,
        0.157480 0.559335 0.070586,
        0.157480 0.565301 0.065690,
        0.236220 0.565301 0.065690,
        0.157480 0.572107 0.062052,
        0.236220 0.572107 0.062052,
        0.157480 0.579493 0.059811,
        0.236220 0.579493 0.059811,
        0.236220 1.091304 0.099181,
        0.157480 1.091304 0.099181,
        0.236220 1.083919 0.101422,
        0.157480 1.083919 0.101422,
        0.236220 1.077112 0.105060,
        0.157480 1.077112 0.105060,
        0.236220 1.071146 0.109956,
        0.157480 1.071146 0.109956,
        0.236220 0.334557 1.165154,
        0.157480 0.334557 1.165154,
        0.157480 0.331097 1.184789,
        0.236220 0.331097 1.184789,
        0.157480 0.322817 1.202926,
        0.236220 0.322817 1.202926,
        0.157480 0.310246 1.218401,
        0.236220 0.310246 1.218401,
        0.157480 0.294192 1.230223,
        0.236220 0.294192 1.230223,
        0.157480 0.275683 1.237633,
        0.236220 0.275683 1.237633,
        0.157480 0.255906 1.240157,
        0.236220 0.255906 1.240157,
        0.157480 0.236128 1.237633,
        0.236220 0.236128 1.237633,
        0.157480 0.217619 1.230223,
        0.236220 0.217619 1.230223,
        0.157480 0.201565 1.218401,
        0.236220 0.201565 1.218401,
        0.157480 0.188994 1.202926,
        0.236220 0.188994 1.202926,
        0.157480 0.180714 1.184789,
        0.236220 0.180714 1.184789,
        0.157480 0.177254 1.165154,
        0.236220 0.177254 1.165154,
        0.236220 0.718851 0.471100,
        0.236220 0.708661 0.472441,
        0.236220 0.728346 0.467166,
        0.236220 0.736500 0.460910,
        0.236220 0.629921 0.472441,
        0.236220 0.619731 0.471100,
        0.236220 0.610236 0.467166,
        0.236220 0.602082 0.460910,
        0.157480 0.619731 0.471100,
        0.157480 0.629921 0.472441,
        0.157480 0.610236 0.467166,
        0.157480 0.602082 0.460910,
        0.157480 0.708661 0.472441,
        0.157480 0.718851 0.471100,
        0.157480 0.728346 0.467166,
        0.157480 0.736500 0.460910,
        0.629921 0.908889 0.059055,
        0.629921 0.587174 0.059055,
        0.551181 0.908889 0.059055,
        0.551181 0.587174 0.059055,
        0.629921 0.916570 0.058299,
        0.551181 0.916570 0.058299,
        0.629921 0.923956 0.056058,
        0.551181 0.923956 0.056058,
        0.629921 0.930762 0.052420,
        0.551181 0.930762 0.052420,
        0.629921 0.936728 0.047524,
        0.551181 0.936728 0.047524,
        0.629921 0.972721 0.011531,
        0.551181 0.972721 0.011531,
        0.551181 0.978687 0.006635,
        0.629921 0.978687 0.006635,
        0.551181 0.985493 0.002997,
        0.629921 0.985493 0.002997,
        0.551181 0.992879 0.000756,
        0.629921 0.992879 0.000756,
        0.551181 1.000559 0.000000,
        0.629921 1.000559 0.000000,
        0.629921 1.220472 -0.000000,
        0.551181 1.220472 -0.000000,
        0.551181 1.229233 0.000987,
        0.629921 1.229233 0.000987,
        0.551181 1.237554 0.003899,
        0.629921 1.237554 0.003899,
        0.551181 1.245019 0.008589,
        0.629921 1.245019 0.008589,
        0.551181 1.251253 0.014823,
        0.629921 1.251253 0.014823,
        0.551181 1.255944 0.022288,
        0.629921 1.255944 0.022288,
        0.551181 1.258856 0.030609,
        0.629921 1.258856 0.030609,
        0.551181 1.259843 0.039370,
        0.629921 1.259843 0.039370,
        0.629921 1.259843 0.059055,
        0.551181 1.259843 0.059055,
        0.551181 1.258856 0.067816,
        0.629921 1.258856 0.067816,
        0.551181 1.255944 0.076137,
        0.629921 1.255944 0.076137,
        0.551181 1.251253 0.083602,
        0.629921 1.251253 0.083602,
        0.551181 1.245019 0.089836,
        0.629921 1.245019 0.089836,
        0.551181 1.237554 0.094526,
        0.629921 1.237554 0.094526,
        0.551181 1.229233 0.097438,
        0.629921 1.229233 0.097438,
        0.551181 1.220472 0.098425,
        0.629921 1.220472 0.098425,
        0.629921 1.098985 0.098425,
        0.551181 1.098985 0.098425,
        0.629921 0.559335 0.070586,
        0.551181 0.559335 0.070586,
        0.551181 0.565301 0.065690,
        0.629921 0.565301 0.065690,
        0.551181 0.572107 0.062052,
        0.629921 0.572107 0.062052,
        0.551181 0.579493 0.059811,
        0.629921 0.579493 0.059811,
        0.629921 1.091304 0.099181,
        0.551181 1.091304 0.099181,
        0.629921 1.083919 0.101422,
        0.551181 1.083919 0.101422,
        0.629921 1.077112 0.105060,
        0.551181 1.077112 0.105060,
        0.629921 1.071146 0.109956,
        0.551181 1.071146 0.109956,
        0.629921 0.334557 1.165154,
        0.551181 0.334557 1.165154,
        0.551181 0.331097 1.184789,
        0.629921 0.331097 1.184789,
        0.551181 0.322817 1.202926,
        0.629921 0.322817 1.202926,
        0.551181 0.310246 1.218401,
        0.629921 0.310246 1.218401,
        0.551181 0.294192 1.230223,
        0.629921 0.294192 1.230223,
        0.551181 0.275683 1.237633,
        0.629921 0.275683 1.237633,
        0.551181 0.255906 1.240157,
        0.629921 0.255906 1.240157,
        0.551181 0.236128 1.237633,
        0.629921 0.236128 1.237633,
        0.551181 0.217619 1.230223,
        0.629921 0.217619 1.230223,
        0.551181 0.201565 1.218401,
        0.629921 0.201565 1.218401,
        0.551181 0.188994 1.202926,
        0.629921 0.188994 1.202926,
        0.551181 0.180714 1.184789,
        0.629921 0.180714 1.184789,
        0.551181 0.177254 1.165154,
        0.629921 0.177254 1.165154,
        0.629921 0.718851 0.471100,
        0.629921 0.708661 0.472441,
        0.629921 0.728346 0.467166,
        0.629921 0.736500 0.460910,
        0.629921 0.629921 0.472441,
        0.629921 0.619731 0.471100,
        0.629921 0.610236 0.467166,
        0.629921 0.602082 0.460910,
        0.551181 0.619731 0.471100,
        0.551181 0.629921 0.472441,
        0.551181 0.610236 0.467166,
        0.551181 0.602082 0.460910,
        0.551181 0.708661 0.472441,
        0.551181 0.718851 0.471100,
        0.551181 0.728346 0.467166,
        0.551181 0.736500 0.460910,
        1.023622 0.908889 0.059055,
        1.023622 0.587174 0.059055,
        0.944882 0.908889 0.059055,
        0.944882 0.587174 0.059055,
        1.023622 0.916570 0.058299,
        0.944882 0.916570 0.058299,
        1.023622 0.923956 0.056058,
        0.944882 0.923956 0.056058,
        1.023622 0.930762 0.052420,
        0.944882 0.930762 0.052420,
        1.023622 0.936728 0.047524,
        0.944882 0.936728 0.047524,
        1.023622 0.972721 0.011531,
        0.944882 0.972721 0.011531,
        0.944882 0.978687 0.006635,
        1.023622 0.978687 0.006635,
        0.944882 0.985493 0.002997,
        1.023622 0.985493 0.002997,
        0.944882 0.992879 0.000756,
        1.023622 0.992879 0.000756,
        0.944882 1.000559 0.000000,
        1.023622 1.000559 0.000000,
        1.023622 1.220472 -0.000000,
        0.944882 1.220472 -0.000000,
        0.944882 1.229233 0.000987,
        1.023622 1.229233 0.000987,
        0.944882 1.237554 0.003899,
        1.023622 1.237554 0.003899,
        0.944882 1.245019 0.008589,
        1.023622 1.245019 0.008589,
        0.944882 1.251253 0.014823,
        1.023622 1.251253 0.014823,
        0.944882 1.255944 0.022288,
        1.023622 1.255944 0.022288,
        0.944882 1.258856 0.030609,
        1.023622 1.258856 0.030609,
        0.944882 1.259843 0.039370,
        1.023622 1.259843 0.039370,
        1.023622 1.259843 0.059055,
        0.944882 1.259843 0.059055,
        0.944882 1.258856 0.067816,
        1.023622 1.258856 0.067816,
        0.944882 1.255944 0.076137,
        1.023622 1.255944 0.076137,
        0.944882 1.251253 0.083602,
        1.023622 1.251253 0.083602,
        0.944882 1.245019 0.089836,
        1.023622 1.245019 0.089836,
        0.944882 1.237554 0.094526,
        1.023622 1.237554 0.094526,
        0.944882 1.229233 0.097438,
        1.023622 1.229233 0.097438,
        0.944882 1.220472 0.098425,
        1.023622 1.220472 0.098425,
        1.023622 1.098985 0.098425,
        0.944882 1.098985 0.098425,
        1.023622 0.559335 0.070586,
        0.944882 0.559335 0.070586,
        0.944882 0.565301 0.065690,
        1.023622 0.565301 0.065690,
        0.944882 0.572107 0.062052,
        1.023622 0.572107 0.062052,
        0.944882 0.579493 0.059811,
        1.023622 0.579493 0.059811,
        1.023622 1.091304 0.099181,
        0.944882 1.091304 0.099181,
        1.023622 1.083919 0.101422,
        0.944882 1.083919 0.101422,
        1.023622 1.077112 0.105060,
        0.944882 1.077112 0.105060,
        1.023622 1.071146 0.109956,
        0.944882 1.071146 0.109956,
        1.023622 0.334557 1.165154,
        0.944882 0.334557 1.165154,
        0.944882 0.331097 1.184789,
        1.023622 0.331097 1.184789,
        0.944882 0.322817 1.202926,
        1.023622 0.322817 1.202926,
        0.944882 0.310246 1.218401,
        1.023622 0.310246 1.218401,
        0.944882 0.294192 1.230223,
        1.023622 0.294192 1.230223,
        0.944882 0.275683 1.237633,
        1.023622 0.275683 1.237633,
        0.944882 0.255906 1.240157,
        1.023622 0.255906 1.240157,
        0.944882 0.236128 1.237633,
        1.023622 0.236128 1.237633,
        0.944882 0.217619 1.230223,
        1.023622 0.217619 1.230223,
        0.944882 0.201565 1.218401,
        1.023622 0.201565 1.218401,
        0.944882 0.188994 1.202926,
        1.023622 0.188994 1.202926,
        0.944882 0.180714 1.184789,
        1.023622 0.180714 1.184789,
        0.944882 0.177254 1.165154,
        1.023622 0.177254 1.165154,
        1.023622 0.718851 0.471100,
        1.023622 0.708661 0.472441,
        1.023622 0.728346 0.467166,
        1.023622 0.736500 0.460910,
        1.023622 0.629921 0.472441,
        1.023622 0.619731 0.471100,
        1.023622 0.610236 0.467166,
        1.023622 0.602082 0.460910,
        0.944882 0.619731 0.471100,
        0.944882 0.629921 0.472441,
        0.944882 0.610236 0.467166,
        0.944882 0.602082 0.460910,
        0.944882 0.708661 0.472441,
        0.944882 0.718851 0.471100,
        0.944882 0.728346 0.467166,
        0.944882 0.736500 0.460910,
        1.417323 0.908889 0.059055,
        1.417323 0.587174 0.059055,
        1.338583 0.908889 0.059055,
        1.338583 0.587174 0.059055,
        1.417323 0.916570 0.058299,
        1.338583 0.916570 0.058299,
        1.417323 0.923956 0.056058,
        1.338583 0.923956 0.056058,
        1.417323 0.930762 0.052420,
        1.338583 0.930762 0.052420,
        1.417323 0.936728 0.047524,
        1.338583 0.936728 0.047524,
        1.417323 0.972721 0.011531,
        1.338583 0.972721 0.011531,
        1.338583 0.978687 0.006635,
        1.417323 0.978687 0.006635,
        1.338583 0.985493 0.002997,
        1.417323 0.985493 0.002997,
        1.338583 0.992879 0.000756,
        1.417323 0.992879 0.000756,
        1.338583 1.000559 0.000000,
        1.417323 1.000559 0.000000,
        1.417323 1.220472 -0.000000,
        1.338583 1.220472 -0.000000,
        1.338583 1.229233 0.000987,
        1.417323 1.229233 0.000987,
        1.338583 1.237554 0.003899,
        1.417323 1.237554 0.003899,
        1.338583 1.245019 0.008589,
        1.417323 1.245019 0.008589,
        1.338583 1.251253 0.014823,
        1.417323 1.251253 0.014823,
        1.338583 1.255944 0.022288,
        1.417323 1.255944 0.022288,
        1.338583 1.258856 0.030609,
        1.417323 1.258856 0.030609,
        1.338583 1.259843 0.039370,
        1.417323 1.259843 0.039370,
        1.417323 1.259843 0.059055,
        1.338583 1.259843 0.059055,
        1.338583 1.258856 0.067816,
        1.417323 1.258856 0.067816,
        1.338583 1.255944 0.076137,
        1.417323 1.255944 0.076137,
        1.338583 1.251253 0.083602,
        1.417323 1.251253 0.083602,
        1.338583 1.245019 0.089836,
        1.417323 1.245019 0.089836,
        1.338583 1.237554 0.094526,
        1.417323 1.237554 0.094526,
        1.338583 1.229233 0.097438,
        1.417323 1.229233 0.097438,
        1.338583 1.220472 0.098425,
        1.417323 1.220472 0.098425,
        1.417323 1.098985 0.098425,
        1.338583 1.098985 0.098425,
        1.417323 0.559335 0.070586,
        1.338583 0.559335 0.070586,
        1.338583 0.565301 0.065690,
        1.417323 0.565301 0.065690,
        1.338583 0.572107 0.062052,
        1.417323 0.572107 0.062052,
        1.338583 0.579493 0.059811,
        1.417323 0.579493 0.059811,
        1.417323 1.091304 0.099181,
        1.338583 1.091304 0.099181,
        1.417323 1.083919 0.101422,
        1.338583 1.083919 0.101422,
        1.417323 1.077112 0.105060,
        1.338583 1.077112 0.105060,
        1.417323 1.071146 0.109956,
        1.338583 1.071146 0.109956,
        1.417323 0.334557 1.165154,
        1.338583 0.334557 1.165154,
        1.338583 0.331097 1.184789,
        1.417323 0.331097 1.184789,
        1.338583 0.322817 1.202926,
        1.417323 0.322817 1.202926,
        1.338583 0.310246 1.218401,
        1.417323 0.310246 1.218401,
        1.338583 0.294192 1.230223,
        1.417323 0.294192 1.230223,
        1.338583 0.275683 1.237633,
        1.417323 0.275683 1.237633,
        1.338583 0.255906 1.240157,
        1.417323 0.255906 1.240157,
        1.338583 0.236128 1.237633,
        1.417323 0.236128 1.237633,
        1.338583 0.217619 1.230223,
        1.417323 0.217619 1.230223,
        1.338583 0.201565 1.218401,
        1.417323 0.201565 1.218401,
        1.338583 0.188994 1.202926,
        1.417323 0.188994 1.202926,
        1.338583 0.180714 1.184789,
        1.417323 0.180714 1.184789,
        1.338583 0.177254 1.165154,
        1.417323 0.177254 1.165154,
        1.417323 0.718851 0.471100,
        1.417323 0.708661 0.472441,
        1.417323 0.728346 0.467166,
        1.417323 0.736500 0.460910,
        1.417323 0.629921 0.472441,
        1.417323 0.619731 0.471100,
        1.417323 0.610236 0.467166,
        1.417323 0.602082 0.460910,
        1.338583 0.619731 0.471100,
        1.338583 0.629921 0.472441,
        1.338583 0.610236 0.467166,
        1.338583 0.602082 0.460910,
        1.338583 0.708661 0.472441,
        1.338583 0.718851 0.471100,
        1.338583 0.728346 0.467166,
        1.338583 0.736500 0.460910,
        1.811024 0.908889 0.059055,
        1.811024 0.587174 0.059055,
        1.732283 0.908889 0.059055,
        1.732283 0.587174 0.059055,
        1.811024 0.916570 0.058299,
        1.732283 0.916570 0.058299,
        1.811024 0.923956 0.056058,
        1.732283 0.923956 0.056058,
        1.811024 0.930762 0.052420,
        1.732283 0.930762 0.052420,
        1.811024 0.936728 0.047524,
        1.732283 0.936728 0.047524,
        1.811024 0.972721 0.011531,
        1.732283 0.972721 0.011531,
        1.732283 0.978687 0.006635,
        1.811024 0.978687 0.006635,
        1.732283 0.985493 0.002997,
        1.811024 0.985493 0.002997,
        1.732283 0.992879 0.000756,
        1.811024 0.992879 0.000756,
        1.732283 1.000559 0.000000,
        1.811024 1.000559 0.000000,
        1.811024 1.220472 -0.000000,
        1.732283 1.220472 -0.000000,
        1.732283 1.229233 0.000987,
        1.811024 1.229233 0.000987,
        1.732283 1.237554 0.003899,
        1.811024 1.237554 0.003899,
        1.732283 1.245019 0.008589,
        1.811024 1.245019 0.008589,
        1.732283 1.251253 0.014823,
        1.811024 1.251253 0.014823,
        1.732283 1.255944 0.022288,
        1.811024 1.255944 0.022288,
        1.732283 1.258856 0.030609,
        1.811024 1.258856 0.030609,
        1.732283 1.259843 0.039370,
        1.811024 1.259843 0.039370,
        1.811024 1.259843 0.059055,
        1.732283 1.259843 0.059055,
        1.732283 1.258856 0.067816,
        1.811024 1.258856 0.067816,
        1.732283 1.255944 0.076137,
        1.811024 1.255944 0.076137,
        1.732283 1.251253 0.083602,
        1.811024 1.251253 0.083602,
        1.732283 1.245019 0.089836,
        1.811024 1.245019 0.089836,
        1.732283 1.237554 0.094526,
        1.811024 1.237554 0.094526,
        1.732283 1.229233 0.097438,
        1.811024 1.229233 0.097438,
        1.732283 1.220472 0.098425,
        1.811024 1.220472 0.098425,
        1.811024 1.098985 0.098425,
        1.732283 1.098985 0.098425,
        1.811024 0.559335 0.070586,
        1.732283 0.559335 0.070586,
        1.732283 0.565301 0.065690,
        1.811024 0.565301 0.065690,
        1.732283 0.572107 0.062052,
        1.811024 0.572107 0.062052,
        1.732283 0.579493 0.059811,
        1.811024 0.579493 0.059811,
        1.811024 1.091304 0.099181,
        1.732283 1.091304 0.099181,
        1.811024 1.083919 0.101422,
        1.732283 1.083919 0.101422,
        1.811024 1.077112 0.105060,
        1.732283 1.077112 0.105060,
        1.811024 1.071146 0.109956,
        1.732283 1.071146 0.109956,
        1.811024 0.334557 1.165154,
        1.732283 0.334557 1.165154,
        1.732283 0.331097 1.184789,
        1.811024 0.331097 1.184789,
        1.732283 0.322817 1.202926,
        1.811024 0.322817 1.202926,
        1.732283 0.310246 1.218401,
        1.811024 0.310246 1.218401,
        1.732283 0.294192 1.230223,
        1.811024 0.294192 1.230223,
        1.732283 0.275683 1.237633,
        1.811024 0.275683 1.237633,
        1.732283 0.255906 1.240157,
        1.811024 0.255906 1.240157,
        1.732283 0.236128 1.237633,
        1.811024 0.236128 1.237633,
        1.732283 0.217619 1.230223,
        1.811024 0.217619 1.230223,
        1.732283 0.201565 1.218401,
        1.811024 0.201565 1.218401,
        1.732283 0.188994 1.202926,
        1.811024 0.188994 1.202926,
        1.732283 0.180714 1.184789,
        1.811024 0.180714 1.184789,
        1.732283 0.177254 1.165154,
        1.811024 0.177254 1.165154,
        1.811024 0.718851 0.471100,
        1.811024 0.708661 0.472441,
        1.811024 0.728346 0.467166,
        1.811024 0.736500 0.460910,
        1.811024 0.629921 0.472441,
        1.811024 0.619731 0.471100,
        1.811024 0.610236 0.467166,
        1.811024 0.602082 0.460910,
        1.732283 0.619731 0.471100,
        1.732283 0.629921 0.472441,
        1.732283 0.610236 0.467166,
        1.732283 0.602082 0.460910,
        1.732283 0.708661 0.472441,
        1.732283 0.718851 0.471100,
        1.732283 0.728346 0.467166,
        1.732283 0.736500 0.460910,
        2.204724 0.908889 0.059055,
        2.204724 0.587174 0.059055,
        2.125984 0.908889 0.059055,
        2.125984 0.587174 0.059055,
        2.204724 0.916570 0.058299,
        2.125984 0.916570 0.058299,
        2.204724 0.923956 0.056058,
        2.125984 0.923956 0.056058,
        2.204724 0.930762 0.052420,
        2.125984 0.930762 0.052420,
        2.204724 0.936728 0.047524,
        2.125984 0.936728 0.047524,
        2.204724 0.972721 0.011531,
        2.125984 0.972721 0.011531,
        2.125984 0.978687 0.006635,
        2.204724 0.978687 0.006635,
        2.125984 0.985493 0.002997,
        2.204724 0.985493 0.002997,
        2.125984 0.992879 0.000756,
        2.204724 0.992879 0.000756,
        2.125984 1.000559 0.000000,
        2.204724 1.000559 0.000000,
        2.204724 1.220472 -0.000000,
        2.125984 1.220472 -0.000000,
        2.125984 1.229233 0.000987,
        2.204724 1.229233 0.000987,
        2.125984 1.237554 0.003899,
        2.204724 1.237554 0.003899,
        2.125984 1.245019 0.008589,
        2.204724 1.245019 0.008589,
        2.125984 1.251253 0.014823,
        2.204724 1.251253 0.014823,
        2.125984 1.255944 0.022288,
        2.204724 1.255944 0.022288,
        2.125984 1.258856 0.030609,
        2.204724 1.258856 0.030609,
        2.125984 1.259843 0.039370,
        2.204724 1.259843 0.039370,
        2.204724 1.259843 0.059055,
        2.125984 1.259843 0.059055,
        2.125984 1.258856 0.067816,
        2.204724 1.258856 0.067816,
        2.125984 1.255944 0.076137,
        2.204724 1.255944 0.076137,
        2.125984 1.251253 0.083602,
        2.204724 1.251253 0.083602,
        2.125984 1.245019 0.089836,
        2.204724 1.245019 0.089836,
        2.125984 1.237554 0.094526,
        2.204724 1.237554 0.094526,
        2.125984 1.229233 0.097438,
        2.204724 1.229233 0.097438,
        2.125984 1.220472 0.098425,
        2.204724 1.220472 0.098425,
        2.204724 1.098985 0.098425,
        2.125984 1.098985 0.098425,
        2.204724 0.559335 0.070586,
        2.125984 0.559335 0.070586,
        2.125984 0.565301 0.065690,
        2.204724 0.565301 0.065690,
        2.125984 0.572107 0.062052,
        2.204724 0.572107 0.062052,
        2.125984 0.579493 0.059811,
        2.204724 0.579493 0.059811,
        2.204724 1.091304 0.099181,
        2.125984 1.091304 0.099181,
        2.204724 1.083919 0.101422,
        2.125984 1.083919 0.101422,
        2.204724 1.077112 0.105060,
        2.125984 1.077112 0.105060,
        2.204724 1.071146 0.109956,
        2.125984 1.071146 0.109956,
        2.204724 0.334557 1.165154,
        2.125984 0.334557 1.165154,
        2.125984 0.331097 1.184789,
        2.204724 0.331097 1.184789,
        2.125984 0.322817 1.202926,
        2.204724 0.322817 1.202926,
        2.125984 0.310246 1.218401,
        2.204724 0.310246 1.218401,
        2.125984 0.294192 1.230223,
        2.204724 0.294192 1.230223,
        2.125984 0.275683 1.237633,
        2.204724 0.275683 1.237633,
        2.125984 0.255906 1.240157,
        2.204724 0.255906 1.240157,
        2.125984 0.236128 1.237633,
        2.204724 0.236128 1.237633,
        2.125984 0.217619 1.230223,
        2.204724 0.217619 1.230223,
        2.125984 0.201565 1.218401,
        2.204724 0.201565 1.218401,
        2.125984 0.188994 1.202926,
        2.204724 0.188994 1.202926,
        2.125984 0.180714 1.184789,
        2.204724 0.180714 1.184789,
        2.125984 0.177254 1.165154,
        2.204724 0.177254 1.165154,
        2.204724 0.718851 0.471100,
        2.204724 0.708661 0.472441,
        2.204724 0.728346 0.467166,
        2.204724 0.736500 0.460910,
        2.204724 0.629921 0.472441,
        2.204724 0.619731 0.471100,
        2.204724 0.610236 0.467166,
        2.204724 0.602082 0.460910,
        2.125984 0.619731 0.471100,
        2.125984 0.629921 0.472441,
        2.125984 0.610236 0.467166,
        2.125984 0.602082 0.460910,
        2.125984 0.708661 0.472441,
        2.125984 0.718851 0.471100,
        2.125984 0.728346 0.467166,
        2.125984 0.736500 0.460910,
        2.598425 0.908889 0.059055,
        2.598425 0.587174 0.059055,
        2.519685 0.908889 0.059055,
        2.519685 0.587174 0.059055,
        2.598425 0.916570 0.058299,
        2.519685 0.916570 0.058299,
        2.598425 0.923956 0.056058,
        2.519685 0.923956 0.056058,
        2.598425 0.930762 0.052420,
        2.519685 0.930762 0.052420,
        2.598425 0.936728 0.047524,
        2.519685 0.936728 0.047524,
        2.598425 0.972721 0.011531,
        2.519685 0.972721 0.011531,
        2.519685 0.978687 0.006635,
        2.598425 0.978687 0.006635,
        2.519685 0.985493 0.002997,
        2.598425 0.985493 0.002997,
        2.519685 0.992879 0.000756,
        2.598425 0.992879 0.000756,
        2.519685 1.000559 0.000000,
        2.598425 1.000559 0.000000,
        2.598425 1.220472 -0.000000,
        2.519685 1.220472 -0.000000,
        2.519685 1.229233 0.000987,
        2.598425 1.229233 0.000987,
        2.519685 1.237554 0.003899,
        2.598425 1.237554 0.003899,
        2.519685 1.245019 0.008589,
        2.598425 1.245019 0.008589,
        2.519685 1.251253 0.014823,
        2.598425 1.251253 0.014823,
        2.519685 1.255944 0.022288,
        2.598425 1.255944 0.022288,
        2.519685 1.258856 0.030609,
        2.598425 1.258856 0.030609,
        2.519685 1.259843 0.039370,
        2.598425 1.259843 0.039370,
        2.598425 1.259843 0.059055,
        2.519685 1.259843 0.059055,
        2.519685 1.258856 0.067816,
        2.598425 1.258856 0.067816,
        2.519685 1.255944 0.076137,
        2.598425 1.255944 0.076137,
        2.519685 1.251253 0.083602,
        2.598425 1.251253 0.083602,
        2.519685 1.245019 0.089836,
        2.598425 1.245019 0.089836,
        2.519685 1.237554 0.094526,
        2.598425 1.237554 0.094526,
        2.519685 1.229233 0.097438,
        2.598425 1.229233 0.097438,
        2.519685 1.220472 0.098425,
        2.598425 1.220472 0.098425,
        2.598425 1.098985 0.098425,
        2.519685 1.098985 0.098425,
        2.598425 0.559335 0.070586,
        2.519685 0.559335 0.070586,
        2.519685 0.565301 0.065690,
        2.598425 0.565301 0.065690,
        2.519685 0.572107 0.062052,
        2.598425 0.572107 0.062052,
        2.519685 0.579493 0.059811,
        2.598425 0.579493 0.059811,
        2.598425 1.091304 0.099181,
        2.519685 1.091304 0.099181,
        2.598425 1.083919 0.101422,
        2.519685 1.083919 0.101422,
        2.598425 1.077112 0.105060,
        2.519685 1.077112 0.105060,
        2.598425 1.071146 0.109956,
        2.519685 1.071146 0.109956,
        2.598425 0.334557 1.165154,
        2.519685 0.334557 1.165154,
        2.519685 0.331097 1.184789,
        2.598425 0.331097 1.184789,
        2.519685 0.322817 1.202926,
        2.598425 0.322817 1.202926,
        2.519685 0.310246 1.218401,
        2.598425 0.310246 1.218401,
        2.519685 0.294192 1.230223,
        2.598425 0.294192 1.230223,
        2.519685 0.275683 1.237633,
        2.598425 0.275683 1.237633,
        2.519685 0.255906 1.240157,
        2.598425 0.255906 1.240157,
        2.519685 0.236128 1.237633,
        2.598425 0.236128 1.237633,
        2.519685 0.217619 1.230223,
        2.598425 0.217619 1.230223,
        2.519685 0.201565 1.218401,
        2.598425 0.201565 1.218401,
        2.519685 0.188994 1.202926,
        2.598425 0.188994 1.202926,
        2.519685 0.180714 1.184789,
        2.598425 0.180714 1.184789,
        2.519685 0.177254 1.165154,
        2.598425 0.177254 1.165154,
        2.598425 0.718851 0.471100,
        2.598425 0.708661 0.472441,
        2.598425 0.728346 0.467166,
        2.598425 0.736500 0.460910,
        2.598425 0.629921 0.472441,
        2.598425 0.619731 0.471100,
        2.598425 0.610236 0.467166,
        2.598425 0.602082 0.460910,
        2.519685 0.619731 0.471100,
        2.519685 0.629921 0.472441,
        2.519685 0.610236 0.467166,
        2.519685 0.602082 0.460910,
        2.519685 0.708661 0.472441,
        2.519685 0.718851 0.471100,
        2.519685 0.728346 0.467166,
        2.519685 0.736500 0.460910,
        2.992126 0.908889 0.059055,
        2.992126 0.587174 0.059055,
        2.913386 0.908889 0.059055,
        2.913386 0.587174 0.059055,
        2.992126 0.916570 0.058299,
        2.913386 0.916570 0.058299,
        2.992126 0.923956 0.056058,
        2.913386 0.923956 0.056058,
        2.992126 0.930762 0.052420,
        2.913386 0.930762 0.052420,
        2.992126 0.936728 0.047524,
        2.913386 0.936728 0.047524,
        2.992126 0.972721 0.011531,
        2.913386 0.972721 0.011531,
        2.913386 0.978687 0.006635,
        2.992126 0.978687 0.006635,
        2.913386 0.985493 0.002997,
        2.992126 0.985493 0.002997,
        2.913386 0.992879 0.000756,
        2.992126 0.992879 0.000756,
        2.913386 1.000559 0.000000,
        2.992126 1.000559 0.000000,
        2.992126 1.220472 -0.000000,
        2.913386 1.220472 -0.000000,
        2.913386 1.229233 0.000987,
        2.992126 1.229233 0.000987,
        2.913386 1.237554 0.003899,
        2.992126 1.237554 0.003899,
        2.913386 1.245019 0.008589,
        2.992126 1.245019 0.008589,
        2.913386 1.251253 0.014823,
        2.992126 1.251253 0.014823,
        2.913386 1.255944 0.022288,
        2.992126 1.255944 0.022288,
        2.913386 1.258856 0.030609,
        2.992126 1.258856 0.030609,
        2.913386 1.259843 0.039370,
        2.992126 1.259843 0.039370,
        2.992126 1.259843 0.059055,
        2.913386 1.259843 0.059055,
        2.913386 1.258856 0.067816,
        2.992126 1.258856 0.067816,
        2.913386 1.255944 0.076137,
        2.992126 1.255944 0.076137,
        2.913386 1.251253 0.083602,
        2.992126 1.251253 0.083602,
        2.913386 1.245019 0.089836,
        2.992126 1.245019 0.089836,
        2.913386 1.237554 0.094526,
        2.992126 1.237554 0.094526,
        2.913386 1.229233 0.097438,
        2.992126 1.229233 0.097438,
        2.913386 1.220472 0.098425,
        2.992126 1.220472 0.098425,
        2.992126 1.098985 0.098425,
        2.913386 1.098985 0.098425,
        2.992126 0.559335 0.070586,
        2.913386 0.559335 0.070586,
        2.913386 0.565301 0.065690,
        2.992126 0.565301 0.065690,
        2.913386 0.572107 0.062052,
        2.992126 0.572107 0.062052,
        2.913386 0.579493 0.059811,
        2.992126 0.579493 0.059811,
        2.992126 1.091304 0.099181,
        2.913386 1.091304 0.099181,
        2.992126 1.083919 0.101422,
        2.913386 1.083919 0.101422,
        2.992126 1.077112 0.105060,
        2.913386 1.077112 0.105060,
        2.992126 1.071146 0.109956,
        2.913386 1.071146 0.109956,
        2.992126 0.334557 1.165154,
        2.913386 0.334557 1.165154,
        2.913386 0.331097 1.184789,
        2.992126 0.331097 1.184789,
        2.913386 0.322817 1.202926,
        2.992126 0.322817 1.202926,
        2.913386 0.310246 1.218401,
        2.992126 0.310246 1.218401,
        2.913386 0.294192 1.230223,
        2.992126 0.294192 1.230223,
        2.913386 0.275683 1.237633,
        2.992126 0.275683 1.237633,
        2.913386 0.255906 1.240157,
        2.992126 0.255906 1.240157,
        2.913386 0.236128 1.237633,
        2.992126 0.236128 1.237633,
        2.913386 0.217619 1.230223,
        2.992126 0.217619 1.230223,
        2.913386 0.201565 1.218401,
        2.992126 0.201565 1.218401,
        2.913386 0.188994 1.202926,
        2.992126 0.188994 1.202926,
        2.913386 0.180714 1.184789,
        2.992126 0.180714 1.184789,
        2.913386 0.177254 1.165154,
        2.992126 0.177254 1.165154,
        2.992126 0.718851 0.471100,
        2.992126 0.708661 0.472441,
        2.992126 0.728346 0.467166,
        2.992126 0.736500 0.460910,
        2.992126 0.629921 0.472441,
        2.992126 0.619731 0.471100,
        2.992126 0.610236 0.467166,
        2.992126 0.602082 0.460910,
        2.913386 0.619731 0.471100,
        2.913386 0.629921 0.472441,
        2.913386 0.610236 0.467166,
        2.913386 0.602082 0.460910,
        2.913386 0.708661 0.472441,
        2.913386 0.718851 0.471100,
        2.913386 0.728346 0.467166,
        2.913386 0.736500 0.460910,
        -2.519685 -1.220472 0.098425,
        -2.519685 -1.098985 0.098425,
        -2.598425 -1.220472 0.098425,
        -2.598425 -1.098985 0.098425,
        -2.598425 -1.229233 0.097438,
        -2.519685 -1.229233 0.097438,
        -2.598425 -1.237554 0.094526,
        -2.519685 -1.237554 0.094526,
        -2.598425 -1.245019 0.089836,
        -2.519685 -1.245019 0.089836,
        -2.598425 -1.251253 0.083602,
        -2.519685 -1.251253 0.083602,
        -2.598425 -1.255944 0.076137,
        -2.519685 -1.255944 0.076137,
        -2.598425 -1.258856 0.067816,
        -2.519685 -1.258856 0.067816,
        -2.598425 -1.259843 0.059055,
        -2.519685 -1.259843 0.059055,
        -2.519685 -1.259843 0.039370,
        -2.598425 -1.259843 0.039370,
        -2.598425 -1.258856 0.030609,
        -2.519685 -1.258856 0.030609,
        -2.598425 -1.255944 0.022288,
        -2.519685 -1.255944 0.022288,
        -2.598425 -1.251253 0.014823,
        -2.519685 -1.251253 0.014823,
        -2.598425 -1.245019 0.008589,
        -2.519685 -1.245019 0.008589,
        -2.598425 -1.237554 0.003899,
        -2.519685 -1.237554 0.003899,
        -2.598425 -1.229233 0.000987,
        -2.519685 -1.229233 0.000987,
        -2.598425 -1.220472 -0.000000,
        -2.519685 -1.220472 -0.000000,
        -2.519685 -1.000559 -0.000000,
        -2.598425 -1.000559 -0.000000,
        -2.598425 -0.992879 0.000756,
        -2.519685 -0.992879 0.000756,
        -2.598425 -0.985493 0.002997,
        -2.519685 -0.985493 0.002997,
        -2.598425 -0.978687 0.006635,
        -2.519685 -0.978687 0.006635,
        -2.598425 -0.972721 0.011531,
        -2.519685 -0.972721 0.011531,
        -2.519685 -0.936728 0.047524,
        -2.598425 -0.936728 0.047524,
        -2.519685 -0.930762 0.052420,
        -2.598425 -0.930762 0.052420,
        -2.519685 -0.923956 0.056058,
        -2.598425 -0.923956 0.056058,
        -2.519685 -0.916570 0.058299,
        -2.598425 -0.916570 0.058299,
        -2.519685 -0.908889 0.059055,
        -2.598425 -0.908889 0.059055,
        -2.519685 -0.587174 0.059055,
        -2.598425 -0.587174 0.059055,
        -2.519685 -1.071146 0.109956,
        -2.598425 -1.071146 0.109956,
        -2.519685 -1.077112 0.105060,
        -2.598425 -1.077112 0.105060,
        -2.519685 -1.083919 0.101422,
        -2.598425 -1.083919 0.101422,
        -2.519685 -1.091304 0.099181,
        -2.598425 -1.091304 0.099181,
        -2.598425 -0.579493 0.059811,
        -2.519685 -0.579493 0.059811,
        -2.598425 -0.572107 0.062052,
        -2.519685 -0.572107 0.062052,
        -2.598425 -0.565301 0.065690,
        -2.519685 -0.565301 0.065690,
        -2.598425 -0.559335 0.070586,
        -2.519685 -0.559335 0.070586,
        -2.519685 -0.708661 0.472441,
        -2.519685 -0.629921 0.472441,
        -2.598425 -0.708661 0.472441,
        -2.598425 -0.629921 0.472441,
        -2.598425 -0.718851 0.471100,
        -2.598425 -0.728346 0.467166,
        -2.598425 -0.736500 0.460910,
        -2.598425 -0.619731 0.471100,
        -2.598425 -0.610236 0.467166,
        -2.598425 -0.602082 0.460910,
        -2.519685 -0.619731 0.471100,
        -2.519685 -0.610236 0.467166,
        -2.519685 -0.602082 0.460910,
        -2.519685 -0.718851 0.471100,
        -2.519685 -0.728346 0.467166,
        -2.519685 -0.736500 0.460910,
        -2.519685 -0.334557 1.165154,
        -2.519685 -0.177254 1.165154,
        -2.519685 -0.188994 1.202926,
        -2.519685 -0.201565 1.218401,
        -2.519685 -0.275683 1.237633,
        -2.519685 -0.294192 1.230223,
        -2.519685 -0.310246 1.218401,
        -2.519685 -0.180714 1.184789,
        -2.519685 -0.217619 1.230223,
        -2.519685 -0.236128 1.237633,
        -2.519685 -0.255906 1.240157,
        -2.519685 -0.322817 1.202926,
        -2.519685 -0.331097 1.184789,
        -2.598425 -0.294192 1.230223,
        -2.598425 -0.275683 1.237633,
        -2.598425 -0.177254 1.165154,
        -2.598425 -0.334557 1.165154,
        -2.598425 -0.331097 1.184789,
        -2.598425 -0.322817 1.202926,
        -2.598425 -0.310246 1.218401,
        -2.598425 -0.255906 1.240157,
        -2.598425 -0.236128 1.237633,
        -2.598425 -0.217619 1.230223,
        -2.598425 -0.201565 1.218401,
        -2.598425 -0.188994 1.202926,
        -2.598425 -0.180714 1.184789,
        -2.125984 -1.220472 0.098425,
        -2.125984 -1.098985 0.098425,
        -2.204724 -1.220472 0.098425,
        -2.204724 -1.098985 0.098425,
        -2.204724 -1.229233 0.097438,
        -2.125984 -1.229233 0.097438,
        -2.204724 -1.237554 0.094526,
        -2.125984 -1.237554 0.094526,
        -2.204724 -1.245019 0.089836,
        -2.125984 -1.245019 0.089836,
        -2.204724 -1.251253 0.083602,
        -2.125984 -1.251253 0.083602,
        -2.204724 -1.255944 0.076137,
        -2.125984 -1.255944 0.076137,
        -2.204724 -1.258856 0.067816,
        -2.125984 -1.258856 0.067816,
        -2.204724 -1.259843 0.059055,
        -2.125984 -1.259843 0.059055,
        -2.125984 -1.259843 0.039370,
        -2.204724 -1.259843 0.039370,
        -2.204724 -1.258856 0.030609,
        -2.125984 -1.258856 0.030609,
        -2.204724 -1.255944 0.022288,
        -2.125984 -1.255944 0.022288,
        -2.204724 -1.251253 0.014823,
        -2.125984 -1.251253 0.014823,
        -2.204724 -1.245019 0.008589,
        -2.125984 -1.245019 0.008589,
        -2.204724 -1.237554 0.003899,
        -2.125984 -1.237554 0.003899,
        -2.204724 -1.229233 0.000987,
        -2.125984 -1.229233 0.000987,
        -2.204724 -1.220472 -0.000000,
        -2.125984 -1.220472 -0.000000,
        -2.125984 -1.000559 -0.000000,
        -2.204724 -1.000559 -0.000000,
        -2.204724 -0.992879 0.000756,
        -2.125984 -0.992879 0.000756,
        -2.204724 -0.985493 0.002997,
        -2.125984 -0.985493 0.002997,
        -2.204724 -0.978687 0.006635,
        -2.125984 -0.978687 0.006635,
        -2.204724 -0.972721 0.011531,
        -2.125984 -0.972721 0.011531,
        -2.125984 -0.936728 0.047524,
        -2.204724 -0.936728 0.047524,
        -2.125984 -0.930762 0.052420,
        -2.204724 -0.930762 0.052420,
        -2.125984 -0.923956 0.056058,
        -2.204724 -0.923956 0.056058,
        -2.125984 -0.916570 0.058299,
        -2.204724 -0.916570 0.058299,
        -2.125984 -0.908889 0.059055,
        -2.204724 -0.908889 0.059055,
        -2.125984 -0.587174 0.059055,
        -2.204724 -0.587174 0.059055,
        -2.125984 -1.071146 0.109956,
        -2.204724 -1.071146 0.109956,
        -2.125984 -1.077112 0.105060,
        -2.204724 -1.077112 0.105060,
        -2.125984 -1.083919 0.101422,
        -2.204724 -1.083919 0.101422,
        -2.125984 -1.091304 0.099181,
        -2.204724 -1.091304 0.099181,
        -2.204724 -0.579493 0.059811,
        -2.125984 -0.579493 0.059811,
        -2.204724 -0.572107 0.062052,
        -2.125984 -0.572107 0.062052,
        -2.204724 -0.565301 0.065690,
        -2.125984 -0.565301 0.065690,
        -2.204724 -0.559335 0.070586,
        -2.125984 -0.559335 0.070586,
        -2.125984 -0.708661 0.472441,
        -2.125984 -0.629921 0.472441,
        -2.204724 -0.708661 0.472441,
        -2.204724 -0.629921 0.472441,
        -2.204724 -0.718851 0.471100,
        -2.204724 -0.728346 0.467166,
        -2.204724 -0.736500 0.460910,
        -2.204724 -0.619731 0.471100,
        -2.204724 -0.610236 0.467166,
        -2.204724 -0.602082 0.460910,
        -2.125984 -0.619731 0.471100,
        -2.125984 -0.610236 0.467166,
        -2.125984 -0.602082 0.460910,
        -2.125984 -0.718851 0.471100,
        -2.125984 -0.728346 0.467166,
        -2.125984 -0.736500 0.460910,
        -2.125984 -0.334557 1.165154,
        -2.125984 -0.177254 1.165154,
        -2.125984 -0.188994 1.202926,
        -2.125984 -0.201565 1.218401,
        -2.125984 -0.275683 1.237633,
        -2.125984 -0.294192 1.230223,
        -2.125984 -0.310246 1.218401,
        -2.125984 -0.180714 1.184789,
        -2.125984 -0.217619 1.230223,
        -2.125984 -0.236128 1.237633,
        -2.125984 -0.255906 1.240157,
        -2.125984 -0.322817 1.202926,
        -2.125984 -0.331097 1.184789,
        -2.204724 -0.294192 1.230223,
        -2.204724 -0.275683 1.237633,
        -2.204724 -0.177254 1.165154,
        -2.204724 -0.334557 1.165154,
        -2.204724 -0.331097 1.184789,
        -2.204724 -0.322817 1.202926,
        -2.204724 -0.310246 1.218401,
        -2.204724 -0.255906 1.240157,
        -2.204724 -0.236128 1.237633,
        -2.204724 -0.217619 1.230223,
        -2.204724 -0.201565 1.218401,
        -2.204724 -0.188994 1.202926,
        -2.204724 -0.180714 1.184789,
        -1.732283 -1.220472 0.098425,
        -1.732283 -1.098985 0.098425,
        -1.811024 -1.220472 0.098425,
        -1.811024 -1.098985 0.098425,
        -1.811024 -1.229233 0.097438,
        -1.732283 -1.229233 0.097438,
        -1.811024 -1.237554 0.094526,
        -1.732283 -1.237554 0.094526,
        -1.811024 -1.245019 0.089836,
        -1.732283 -1.245019 0.089836,
        -1.811024 -1.251253 0.083602,
        -1.732283 -1.251253 0.083602,
        -1.811024 -1.255944 0.076137,
        -1.732283 -1.255944 0.076137,
        -1.811024 -1.258856 0.067816,
        -1.732283 -1.258856 0.067816,
        -1.811024 -1.259843 0.059055,
        -1.732283 -1.259843 0.059055,
        -1.732283 -1.259843 0.039370,
        -1.811024 -1.259843 0.039370,
        -1.811024 -1.258856 0.030609,
        -1.732283 -1.258856 0.030609,
        -1.811024 -1.255944 0.022288,
        -1.732283 -1.255944 0.022288,
        -1.811024 -1.251253 0.014823,
        -1.732283 -1.251253 0.014823,
        -1.811024 -1.245019 0.008589,
        -1.732283 -1.245019 0.008589,
        -1.811024 -1.237554 0.003899,
        -1.732283 -1.237554 0.003899,
        -1.811024 -1.229233 0.000987,
        -1.732283 -1.229233 0.000987,
        -1.811024 -1.220472 -0.000000,
        -1.732283 -1.220472 -0.000000,
        -1.732283 -1.000559 -0.000000,
        -1.811024 -1.000559 -0.000000,
        -1.811024 -0.992879 0.000756,
        -1.732283 -0.992879 0.000756,
        -1.811024 -0.985493 0.002997,
        -1.732283 -0.985493 0.002997,
        -1.811024 -0.978687 0.006635,
        -1.732283 -0.978687 0.006635,
        -1.811024 -0.972721 0.011531,
        -1.732283 -0.972721 0.011531,
        -1.732283 -0.936728 0.047524,
        -1.811024 -0.936728 0.047524,
        -1.732283 -0.930762 0.052420,
        -1.811024 -0.930762 0.052420,
        -1.732283 -0.923956 0.056058,
        -1.811024 -0.923956 0.056058,
        -1.732283 -0.916570 0.058299,
        -1.811024 -0.916570 0.058299,
        -1.732283 -0.908889 0.059055,
        -1.811024 -0.908889 0.059055,
        -1.732283 -0.587174 0.059055,
        -1.811024 -0.587174 0.059055,
        -1.732283 -1.071146 0.109956,
        -1.811024 -1.071146 0.109956,
        -1.732283 -1.077112 0.105060,
        -1.811024 -1.077112 0.105060,
        -1.732283 -1.083919 0.101422,
        -1.811024 -1.083919 0.101422,
        -1.732283 -1.091304 0.099181,
        -1.811024 -1.091304 0.099181,
        -1.811024 -0.579493 0.059811,
        -1.732283 -0.579493 0.059811,
        -1.811024 -0.572107 0.062052,
        -1.732283 -0.572107 0.062052,
        -1.811024 -0.565301 0.065690,
        -1.732283 -0.565301 0.065690,
        -1.811024 -0.559335 0.070586,
        -1.732283 -0.559335 0.070586,
        -1.732283 -0.708661 0.472441,
        -1.732283 -0.629921 0.472441,
        -1.811024 -0.708661 0.472441,
        -1.811024 -0.629921 0.472441,
        -1.811024 -0.718851 0.471100,
        -1.811024 -0.728346 0.467166,
        -1.811024 -0.736500 0.460910,
        -1.811024 -0.619731 0.471100,
        -1.811024 -0.610236 0.467166,
        -1.811024 -0.602082 0.460910,
        -1.732283 -0.619731 0.471100,
        -1.732283 -0.610236 0.467166,
        -1.732283 -0.602082 0.460910,
        -1.732283 -0.718851 0.471100,
        -1.732283 -0.728346 0.467166,
        -1.732283 -0.736500 0.460910,
        -1.732283 -0.334557 1.165154,
        -1.732283 -0.177254 1.165154,
        -1.732283 -0.188994 1.202926,
        -1.732283 -0.201565 1.218401,
        -1.732283 -0.275683 1.237633,
        -1.732283 -0.294192 1.230223,
        -1.732283 -0.310246 1.218401,
        -1.732283 -0.180714 1.184789,
        -1.732283 -0.217619 1.230223,
        -1.732283 -0.236128 1.237633,
        -1.732283 -0.255906 1.240157,
        -1.732283 -0.322817 1.202926,
        -1.732283 -0.331097 1.184789,
        -1.811024 -0.294192 1.230223,
        -1.811024 -0.275683 1.237633,
        -1.811024 -0.177254 1.165154,
        -1.811024 -0.334557 1.165154,
        -1.811024 -0.331097 1.184789,
        -1.811024 -0.322817 1.202926,
        -1.811024 -0.310246 1.218401,
        -1.811024 -0.255906 1.240157,
        -1.811024 -0.236128 1.237633,
        -1.811024 -0.217619 1.230223,
        -1.811024 -0.201565 1.218401,
        -1.811024 -0.188994 1.202926,
        -1.811024 -0.180714 1.184789,
        -1.338583 -1.220472 0.098425,
        -1.338583 -1.098985 0.098425,
        -1.417323 -1.220472 0.098425,
        -1.417323 -1.098985 0.098425,
        -1.417323 -1.229233 0.097438,
        -1.338583 -1.229233 0.097438,
        -1.417323 -1.237554 0.094526,
        -1.338583 -1.237554 0.094526,
        -1.417323 -1.245019 0.089836,
        -1.338583 -1.245019 0.089836,
        -1.417323 -1.251253 0.083602,
        -1.338583 -1.251253 0.083602,
        -1.417323 -1.255944 0.076137,
        -1.338583 -1.255944 0.076137,
        -1.417323 -1.258856 0.067816,
        -1.338583 -1.258856 0.067816,
        -1.417323 -1.259843 0.059055,
        -1.338583 -1.259843 0.059055,
        -1.338583 -1.259843 0.039370,
        -1.417323 -1.259843 0.039370,
        -1.417323 -1.258856 0.030609,
        -1.338583 -1.258856 0.030609,
        -1.417323 -1.255944 0.022288,
        -1.338583 -1.255944 0.022288,
        -1.417323 -1.251253 0.014823,
        -1.338583 -1.251253 0.014823,
        -1.417323 -1.245019 0.008589,
        -1.338583 -1.245019 0.008589,
        -1.417323 -1.237554 0.003899,
        -1.338583 -1.237554 0.003899,
        -1.417323 -1.229233 0.000987,
        -1.338583 -1.229233 0.000987,
        -1.417323 -1.220472 -0.000000,
        -1.338583 -1.220472 -0.000000,
        -1.338583 -1.000559 -0.000000,
        -1.417323 -1.000559 -0.000000,
        -1.417323 -0.992879 0.000756,
        -1.338583 -0.992879 0.000756,
        -1.417323 -0.985493 0.002997,
        -1.338583 -0.985493 0.002997,
        -1.417323 -0.978687 0.006635,
        -1.338583 -0.978687 0.006635,
        -1.417323 -0.972721 0.011531,
        -1.338583 -0.972721 0.011531,
        -1.338583 -0.936728 0.047524,
        -1.417323 -0.936728 0.047524,
        -1.338583 -0.930762 0.052420,
        -1.417323 -0.930762 0.052420,
        -1.338583 -0.923956 0.056058,
        -1.417323 -0.923956 0.056058,
        -1.338583 -0.916570 0.058299,
        -1.417323 -0.916570 0.058299,
        -1.338583 -0.908889 0.059055,
        -1.417323 -0.908889 0.059055,
        -1.338583 -0.587174 0.059055,
        -1.417323 -0.587174 0.059055,
        -1.338583 -1.071146 0.109956,
        -1.417323 -1.071146 0.109956,
        -1.338583 -1.077112 0.105060,
        -1.417323 -1.077112 0.105060,
        -1.338583 -1.083919 0.101422,
        -1.417323 -1.083919 0.101422,
        -1.338583 -1.091304 0.099181,
        -1.417323 -1.091304 0.099181,
        -1.417323 -0.579493 0.059811,
        -1.338583 -0.579493 0.059811,
        -1.417323 -0.572107 0.062052,
        -1.338583 -0.572107 0.062052,
        -1.417323 -0.565301 0.065690,
        -1.338583 -0.565301 0.065690,
        -1.417323 -0.559335 0.070586,
        -1.338583 -0.559335 0.070586,
        -1.338583 -0.708661 0.472441,
        -1.338583 -0.629921 0.472441,
        -1.417323 -0.708661 0.472441,
        -1.417323 -0.629921 0.472441,
        -1.417323 -0.718851 0.471100,
        -1.417323 -0.728346 0.467166,
        -1.417323 -0.736500 0.460910,
        -1.417323 -0.619731 0.471100,
        -1.417323 -0.610236 0.467166,
        -1.417323 -0.602082 0.460910,
        -1.338583 -0.619731 0.471100,
        -1.338583 -0.610236 0.467166,
        -1.338583 -0.602082 0.460910,
        -1.338583 -0.718851 0.471100,
        -1.338583 -0.728346 0.467166,
        -1.338583 -0.736500 0.460910,
        -1.338583 -0.334557 1.165154,
        -1.338583 -0.177254 1.165154,
        -1.338583 -0.188994 1.202926,
        -1.338583 -0.201565 1.218401,
        -1.338583 -0.275683 1.237633,
        -1.338583 -0.294192 1.230223,
        -1.338583 -0.310246 1.218401,
        -1.338583 -0.180714 1.184789,
        -1.338583 -0.217619 1.230223,
        -1.338583 -0.236128 1.237633,
        -1.338583 -0.255906 1.240157,
        -1.338583 -0.322817 1.202926,
        -1.338583 -0.331097 1.184789,
        -1.417323 -0.294192 1.230223,
        -1.417323 -0.275683 1.237633,
        -1.417323 -0.177254 1.165154,
        -1.417323 -0.334557 1.165154,
        -1.417323 -0.331097 1.184789,
        -1.417323 -0.322817 1.202926,
        -1.417323 -0.310246 1.218401,
        -1.417323 -0.255906 1.240157,
        -1.417323 -0.236128 1.237633,
        -1.417323 -0.217619 1.230223,
        -1.417323 -0.201565 1.218401,
        -1.417323 -0.188994 1.202926,
        -1.417323 -0.180714 1.184789,
        -0.944882 -1.220472 0.098425,
        -0.944882 -1.098985 0.098425,
        -1.023622 -1.220472 0.098425,
        -1.023622 -1.098985 0.098425,
        -1.023622 -1.229233 0.097438,
        -0.944882 -1.229233 0.097438,
        -1.023622 -1.237554 0.094526,
        -0.944882 -1.237554 0.094526,
        -1.023622 -1.245019 0.089836,
        -0.944882 -1.245019 0.089836,
        -1.023622 -1.251253 0.083602,
        -0.944882 -1.251253 0.083602,
        -1.023622 -1.255944 0.076137,
        -0.944882 -1.255944 0.076137,
        -1.023622 -1.258856 0.067816,
        -0.944882 -1.258856 0.067816,
        -1.023622 -1.259843 0.059055,
        -0.944882 -1.259843 0.059055,
        -0.944882 -1.259843 0.039370,
        -1.023622 -1.259843 0.039370,
        -1.023622 -1.258856 0.030609,
        -0.944882 -1.258856 0.030609,
        -1.023622 -1.255944 0.022288,
        -0.944882 -1.255944 0.022288,
        -1.023622 -1.251253 0.014823,
        -0.944882 -1.251253 0.014823,
        -1.023622 -1.245019 0.008589,
        -0.944882 -1.245019 0.008589,
        -1.023622 -1.237554 0.003899,
        -0.944882 -1.237554 0.003899,
        -1.023622 -1.229233 0.000987,
        -0.944882 -1.229233 0.000987,
        -1.023622 -1.220472 -0.000000,
        -0.944882 -1.220472 -0.000000,
        -0.944882 -1.000559 -0.000000,
        -1.023622 -1.000559 -0.000000,
        -1.023622 -0.992879 0.000756,
        -0.944882 -0.992879 0.000756,
        -1.023622 -0.985493 0.002997,
        -0.944882 -0.985493 0.002997,
        -1.023622 -0.978687 0.006635,
        -0.944882 -0.978687 0.006635,
        -1.023622 -0.972721 0.011531,
        -0.944882 -0.972721 0.011531,
        -0.944882 -0.936728 0.047524,
        -1.023622 -0.936728 0.047524,
        -0.944882 -0.930762 0.052420,
        -1.023622 -0.930762 0.052420,
        -0.944882 -0.923956 0.056058,
        -1.023622 -0.923956 0.056058,
        -0.944882 -0.916570 0.058299,
        -1.023622 -0.916570 0.058299,
        -0.944882 -0.908889 0.059055,
        -1.023622 -0.908889 0.059055,
        -0.944882 -0.587174 0.059055,
        -1.023622 -0.587174 0.059055,
        -0.944882 -1.071146 0.109956,
        -1.023622 -1.071146 0.109956,
        -0.944882 -1.077112 0.105060,
        -1.023622 -1.077112 0.105060,
        -0.944882 -1.083919 0.101422,
        -1.023622 -1.083919 0.101422,
        -0.944882 -1.091304 0.099181,
        -1.023622 -1.091304 0.099181,
        -1.023622 -0.579493 0.059811,
        -0.944882 -0.579493 0.059811,
        -1.023622 -0.572107 0.062052,
        -0.944882 -0.572107 0.062052,
        -1.023622 -0.565301 0.065690,
        -0.944882 -0.565301 0.065690,
        -1.023622 -0.559335 0.070586,
        -0.944882 -0.559335 0.070586,
        -0.944882 -0.708661 0.472441,
        -0.944882 -0.629921 0.472441,
        -1.023622 -0.708661 0.472441,
        -1.023622 -0.629921 0.472441,
        -1.023622 -0.718851 0.471100,
        -1.023622 -0.728346 0.467166,
        -1.023622 -0.736500 0.460910,
        -1.023622 -0.619731 0.471100,
        -1.023622 -0.610236 0.467166,
        -1.023622 -0.602082 0.460910,
        -0.944882 -0.619731 0.471100,
        -0.944882 -0.610236 0.467166,
        -0.944882 -0.602082 0.460910,
        -0.944882 -0.718851 0.471100,
        -0.944882 -0.728346 0.467166,
        -0.944882 -0.736500 0.460910,
        -0.944882 -0.334557 1.165154,
        -0.944882 -0.177254 1.165154,
        -0.944882 -0.188994 1.202926,
        -0.944882 -0.201565 1.218401,
        -0.944882 -0.275683 1.237633,
        -0.944882 -0.294192 1.230223,
        -0.944882 -0.310246 1.218401,
        -0.944882 -0.180714 1.184789,
        -0.944882 -0.217619 1.230223,
        -0.944882 -0.236128 1.237633,
        -0.944882 -0.255906 1.240157,
        -0.944882 -0.322817 1.202926,
        -0.944882 -0.331097 1.184789,
        -1.023622 -0.294192 1.230223,
        -1.023622 -0.275683 1.237633,
        -1.023622 -0.177254 1.165154,
        -1.023622 -0.334557 1.165154,
        -1.023622 -0.331097 1.184789,
        -1.023622 -0.322817 1.202926,
        -1.023622 -0.310246 1.218401,
        -1.023622 -0.255906 1.240157,
        -1.023622 -0.236128 1.237633,
        -1.023622 -0.217619 1.230223,
        -1.023622 -0.201565 1.218401,
        -1.023622 -0.188994 1.202926,
        -1.023622 -0.180714 1.184789,
        -0.551181 -1.220472 0.098425,
        -0.551181 -1.098985 0.098425,
        -0.629921 -1.220472 0.098425,
        -0.629921 -1.098985 0.098425,
        -0.629921 -1.229233 0.097438,
        -0.551181 -1.229233 0.097438,
        -0.629921 -1.237554 0.094526,
        -0.551181 -1.237554 0.094526,
        -0.629921 -1.245019 0.089836,
        -0.551181 -1.245019 0.089836,
        -0.629921 -1.251253 0.083602,
        -0.551181 -1.251253 0.083602,
        -0.629921 -1.255944 0.076137,
        -0.551181 -1.255944 0.076137,
        -0.629921 -1.258856 0.067816,
        -0.551181 -1.258856 0.067816,
        -0.629921 -1.259843 0.059055,
        -0.551181 -1.259843 0.059055,
        -0.551181 -1.259843 0.039370,
        -0.629921 -1.259843 0.039370,
        -0.629921 -1.258856 0.030609,
        -0.551181 -1.258856 0.030609,
        -0.629921 -1.255944 0.022288,
        -0.551181 -1.255944 0.022288,
        -0.629921 -1.251253 0.014823,
        -0.551181 -1.251253 0.014823,
        -0.629921 -1.245019 0.008589,
        -0.551181 -1.245019 0.008589,
        -0.629921 -1.237554 0.003899,
        -0.551181 -1.237554 0.003899,
        -0.629921 -1.229233 0.000987,
        -0.551181 -1.229233 0.000987,
        -0.629921 -1.220472 -0.000000,
        -0.551181 -1.220472 -0.000000,
        -0.551181 -1.000559 -0.000000,
        -0.629921 -1.000559 -0.000000,
        -0.629921 -0.992879 0.000756,
        -0.551181 -0.992879 0.000756,
        -0.629921 -0.985493 0.002997,
        -0.551181 -0.985493 0.002997,
        -0.629921 -0.978687 0.006635,
        -0.551181 -0.978687 0.006635,
        -0.629921 -0.972721 0.011531,
        -0.551181 -0.972721 0.011531,
        -0.551181 -0.936728 0.047524,
        -0.629921 -0.936728 0.047524,
        -0.551181 -0.930762 0.052420,
        -0.629921 -0.930762 0.052420,
        -0.551181 -0.923956 0.056058,
        -0.629921 -0.923956 0.056058,
        -0.551181 -0.916570 0.058299,
        -0.629921 -0.916570 0.058299,
        -0.551181 -0.908889 0.059055,
        -0.629921 -0.908889 0.059055,
        -0.551181 -0.587174 0.059055,
        -0.629921 -0.587174 0.059055,
        -0.551181 -1.071146 0.109956,
        -0.629921 -1.071146 0.109956,
        -0.551181 -1.077112 0.105060,
        -0.629921 -1.077112 0.105060,
        -0.551181 -1.083919 0.101422,
        -0.629921 -1.083919 0.101422,
        -0.551181 -1.091304 0.099181,
        -0.629921 -1.091304 0.099181,
        -0.629921 -0.579493 0.059811,
        -0.551181 -0.579493 0.059811,
        -0.629921 -0.572107 0.062052,
        -0.551181 -0.572107 0.062052,
        -0.629921 -0.565301 0.065690,
        -0.551181 -0.565301 0.065690,
        -0.629921 -0.559335 0.070586,
        -0.551181 -0.559335 0.070586,
        -0.551181 -0.708661 0.472441,
        -0.551181 -0.629921 0.472441,
        -0.629921 -0.708661 0.472441,
        -0.629921 -0.629921 0.472441,
        -0.629921 -0.718851 0.471100,
        -0.629921 -0.728346 0.467166,
        -0.629921 -0.736500 0.460910,
        -0.629921 -0.619731 0.471100,
        -0.629921 -0.610236 0.467166,
        -0.629921 -0.602082 0.460910,
        -0.551181 -0.619731 0.471100,
        -0.551181 -0.610236 0.467166,
        -0.551181 -0.602082 0.460910,
        -0.551181 -0.718851 0.471100,
        -0.551181 -0.728346 0.467166,
        -0.551181 -0.736500 0.460910,
        -0.551181 -0.334557 1.165154,
        -0.551181 -0.177254 1.165154,
        -0.551181 -0.188994 1.202926,
        -0.551181 -0.201565 1.218401,
        -0.551181 -0.275683 1.237633,
        -0.551181 -0.294192 1.230223,
        -0.551181 -0.310246 1.218401,
        -0.551181 -0.180714 1.184789,
        -0.551181 -0.217619 1.230223,
        -0.551181 -0.236128 1.237633,
        -0.551181 -0.255906 1.240157,
        -0.551181 -0.322817 1.202926,
        -0.551181 -0.331097 1.184789,
        -0.629921 -0.294192 1.230223,
        -0.629921 -0.275683 1.237633,
        -0.629921 -0.177254 1.165154,
        -0.629921 -0.334557 1.165154,
        -0.629921 -0.331097 1.184789,
        -0.629921 -0.322817 1.202926,
        -0.629921 -0.310246 1.218401,
        -0.629921 -0.255906 1.240157,
        -0.629921 -0.236128 1.237633,
        -0.629921 -0.217619 1.230223,
        -0.629921 -0.201565 1.218401,
        -0.629921 -0.188994 1.202926,
        -0.629921 -0.180714 1.184789,
        -0.157480 -1.220472 0.098425,
        -0.157480 -1.098985 0.098425,
        -0.236220 -1.220472 0.098425,
        -0.236220 -1.098985 0.098425,
        -0.236220 -1.229233 0.097438,
        -0.157480 -1.229233 0.097438,
        -0.236220 -1.237554 0.094526,
        -0.157480 -1.237554 0.094526,
        -0.236220 -1.245019 0.089836,
        -0.157480 -1.245019 0.089836,
        -0.236220 -1.251253 0.083602,
        -0.157480 -1.251253 0.083602,
        -0.236220 -1.255944 0.076137,
        -0.157480 -1.255944 0.076137,
        -0.236220 -1.258856 0.067816,
        -0.157480 -1.258856 0.067816,
        -0.236220 -1.259843 0.059055,
        -0.157480 -1.259843 0.059055,
        -0.157480 -1.259843 0.039370,
        -0.236220 -1.259843 0.039370,
        -0.236220 -1.258856 0.030609,
        -0.157480 -1.258856 0.030609,
        -0.236220 -1.255944 0.022288,
        -0.157480 -1.255944 0.022288,
        -0.236220 -1.251253 0.014823,
        -0.157480 -1.251253 0.014823,
        -0.236220 -1.245019 0.008589,
        -0.157480 -1.245019 0.008589,
        -0.236220 -1.237554 0.003899,
        -0.157480 -1.237554 0.003899,
        -0.236220 -1.229233 0.000987,
        -0.157480 -1.229233 0.000987,
        -0.236220 -1.220472 -0.000000,
        -0.157480 -1.220472 -0.000000,
        -0.157480 -1.000559 -0.000000,
        -0.236220 -1.000559 -0.000000,
        -0.236220 -0.992879 0.000756,
        -0.157480 -0.992879 0.000756,
        -0.236220 -0.985493 0.002997,
        -0.157480 -0.985493 0.002997,
        -0.236220 -0.978687 0.006635,
        -0.157480 -0.978687 0.006635,
        -0.236220 -0.972721 0.011531,
        -0.157480 -0.972721 0.011531,
        -0.157480 -0.936728 0.047524,
        -0.236220 -0.936728 0.047524,
        -0.157480 -0.930762 0.052420,
        -0.236220 -0.930762 0.052420,
        -0.157480 -0.923956 0.056058,
        -0.236220 -0.923956 0.056058,
        -0.157480 -0.916570 0.058299,
        -0.236220 -0.916570 0.058299,
        -0.157480 -0.908889 0.059055,
        -0.236220 -0.908889 0.059055,
        -0.157480 -0.587174 0.059055,
        -0.236220 -0.587174 0.059055,
        -0.157480 -1.071146 0.109956,
        -0.236220 -1.071146 0.109956,
        -0.157480 -1.077112 0.105060,
        -0.236220 -1.077112 0.105060,
        -0.157480 -1.083919 0.101422,
        -0.236220 -1.083919 0.101422,
        -0.157480 -1.091304 0.099181,
        -0.236220 -1.091304 0.099181,
        -0.236220 -0.579493 0.059811,
        -0.157480 -0.579493 0.059811,
        -0.236220 -0.572107 0.062052,
        -0.157480 -0.572107 0.062052,
        -0.236220 -0.565301 0.065690,
        -0.157480 -0.565301 0.065690,
        -0.236220 -0.559335 0.070586,
        -0.157480 -0.559335 0.070586,
        -0.157480 -0.708661 0.472441,
        -0.157480 -0.629921 0.472441,
        -0.236220 -0.708661 0.472441,
        -0.236220 -0.629921 0.472441,
        -0.236220 -0.718851 0.471100,
        -0.236220 -0.728346 0.467166,
        -0.236220 -0.736500 0.460910,
        -0.236220 -0.619731 0.471100,
        -0.236220 -0.610236 0.467166,
        -0.236220 -0.602082 0.460910,
        -0.157480 -0.619731 0.471100,
        -0.157480 -0.610236 0.467166,
        -0.157480 -0.602082 0.460910,
        -0.157480 -0.718851 0.471100,
        -0.157480 -0.728346 0.467166,
        -0.157480 -0.736500 0.460910,
        -0.157480 -0.334557 1.165154,
        -0.157480 -0.177254 1.165154,
        -0.157480 -0.188994 1.202926,
        -0.157480 -0.201565 1.218401,
        -0.157480 -0.275683 1.237633,
        -0.157480 -0.294192 1.230223,
        -0.157480 -0.310246 1.218401,
        -0.157480 -0.180714 1.184789,
        -0.157480 -0.217619 1.230223,
        -0.157480 -0.236128 1.237633,
        -0.157480 -0.255906 1.240157,
        -0.157480 -0.322817 1.202926,
        -0.157480 -0.331097 1.184789,
        -0.236220 -0.294192 1.230223,
        -0.236220 -0.275683 1.237633,
        -0.236220 -0.177254 1.165154,
        -0.236220 -0.334557 1.165154,
        -0.236220 -0.331097 1.184789,
        -0.236220 -0.322817 1.202926,
        -0.236220 -0.310246 1.218401,
        -0.236220 -0.255906 1.240157,
        -0.236220 -0.236128 1.237633,
        -0.236220 -0.217619 1.230223,
        -0.236220 -0.201565 1.218401,
        -0.236220 -0.188994 1.202926,
        -0.236220 -0.180714 1.184789,
        0.236220 -1.220472 0.098425,
        0.236220 -1.098985 0.098425,
        0.157480 -1.220472 0.098425,
        0.157480 -1.098985 0.098425,
        0.157480 -1.229233 0.097438,
        0.236220 -1.229233 0.097438,
        0.157480 -1.237554 0.094526,
        0.236220 -1.237554 0.094526,
        0.157480 -1.245019 0.089836,
        0.236220 -1.245019 0.089836,
        0.157480 -1.251253 0.083602,
        0.236220 -1.251253 0.083602,
        0.157480 -1.255944 0.076137,
        0.236220 -1.255944 0.076137,
        0.157480 -1.258856 0.067816,
        0.236220 -1.258856 0.067816,
        0.157480 -1.259843 0.059055,
        0.236220 -1.259843 0.059055,
        0.236220 -1.259843 0.039370,
        0.157480 -1.259843 0.039370,
        0.157480 -1.258856 0.030609,
        0.236220 -1.258856 0.030609,
        0.157480 -1.255944 0.022288,
        0.236220 -1.255944 0.022288,
        0.157480 -1.251253 0.014823,
        0.236220 -1.251253 0.014823,
        0.157480 -1.245019 0.008589,
        0.236220 -1.245019 0.008589,
        0.157480 -1.237554 0.003899,
        0.236220 -1.237554 0.003899,
        0.157480 -1.229233 0.000987,
        0.236220 -1.229233 0.000987,
        0.157480 -1.220472 -0.000000,
        0.236220 -1.220472 -0.000000,
        0.236220 -1.000559 -0.000000,
        0.157480 -1.000559 -0.000000,
        0.157480 -0.992879 0.000756,
        0.236220 -0.992879 0.000756,
        0.157480 -0.985493 0.002997,
        0.236220 -0.985493 0.002997,
        0.157480 -0.978687 0.006635,
        0.236220 -0.978687 0.006635,
        0.157480 -0.972721 0.011531,
        0.236220 -0.972721 0.011531,
        0.236220 -0.936728 0.047524,
        0.157480 -0.936728 0.047524,
        0.236220 -0.930762 0.052420,
        0.157480 -0.930762 0.052420,
        0.236220 -0.923956 0.056058,
        0.157480 -0.923956 0.056058,
        0.236220 -0.916570 0.058299,
        0.157480 -0.916570 0.058299,
        0.236220 -0.908889 0.059055,
        0.157480 -0.908889 0.059055,
        0.236220 -0.587174 0.059055,
        0.157480 -0.587174 0.059055,
        0.236220 -1.071146 0.109956,
        0.157480 -1.071146 0.109956,
        0.236220 -1.077112 0.105060,
        0.157480 -1.077112 0.105060,
        0.236220 -1.083919 0.101422,
        0.157480 -1.083919 0.101422,
        0.236220 -1.091304 0.099181,
        0.157480 -1.091304 0.099181,
        0.157480 -0.579493 0.059811,
        0.236220 -0.579493 0.059811,
        0.157480 -0.572107 0.062052,
        0.236220 -0.572107 0.062052,
        0.157480 -0.565301 0.065690,
        0.236220 -0.565301 0.065690,
        0.157480 -0.559335 0.070586,
        0.236220 -0.559335 0.070586,
        0.236220 -0.708661 0.472441,
        0.236220 -0.629921 0.472441,
        0.157480 -0.708661 0.472441,
        0.157480 -0.629921 0.472441,
        0.157480 -0.718851 0.471100,
        0.157480 -0.728346 0.467166,
        0.157480 -0.736500 0.460910,
        0.157480 -0.619731 0.471100,
        0.157480 -0.610236 0.467166,
        0.157480 -0.602082 0.460910,
        0.236220 -0.619731 0.471100,
        0.236220 -0.610236 0.467166,
        0.236220 -0.602082 0.460910,
        0.236220 -0.718851 0.471100,
        0.236220 -0.728346 0.467166,
        0.236220 -0.736500 0.460910,
        0.236220 -0.334557 1.165154,
        0.236220 -0.177254 1.165154,
        0.236220 -0.188994 1.202926,
        0.236220 -0.201565 1.218401,
        0.236220 -0.275683 1.237633,
        0.236220 -0.294192 1.230223,
        0.236220 -0.310246 1.218401,
        0.236220 -0.180714 1.184789,
        0.236220 -0.217619 1.230223,
        0.236220 -0.236128 1.237633,
        0.236220 -0.255906 1.240157,
        0.236220 -0.322817 1.202926,
        0.236220 -0.331097 1.184789,
        0.157480 -0.294192 1.230223,
        0.157480 -0.275683 1.237633,
        0.157480 -0.177254 1.165154,
        0.157480 -0.334557 1.165154,
        0.157480 -0.331097 1.184789,
        0.157480 -0.322817 1.202926,
        0.157480 -0.310246 1.218401,
        0.157480 -0.255906 1.240157,
        0.157480 -0.236128 1.237633,
        0.157480 -0.217619 1.230223,
        0.157480 -0.201565 1.218401,
        0.157480 -0.188994 1.202926,
        0.157480 -0.180714 1.184789,
        0.629921 -1.220472 0.098425,
        0.629921 -1.098985 0.098425,
        0.551181 -1.220472 0.098425,
        0.551181 -1.098985 0.098425,
        0.551181 -1.229233 0.097438,
        0.629921 -1.229233 0.097438,
        0.551181 -1.237554 0.094526,
        0.629921 -1.237554 0.094526,
        0.551181 -1.245019 0.089836,
        0.629921 -1.245019 0.089836,
        0.551181 -1.251253 0.083602,
        0.629921 -1.251253 0.083602,
        0.551181 -1.255944 0.076137,
        0.629921 -1.255944 0.076137,
        0.551181 -1.258856 0.067816,
        0.629921 -1.258856 0.067816,
        0.551181 -1.259843 0.059055,
        0.629921 -1.259843 0.059055,
        0.629921 -1.259843 0.039370,
        0.551181 -1.259843 0.039370,
        0.551181 -1.258856 0.030609,
        0.629921 -1.258856 0.030609,
        0.551181 -1.255944 0.022288,
        0.629921 -1.255944 0.022288,
        0.551181 -1.251253 0.014823,
        0.629921 -1.251253 0.014823,
        0.551181 -1.245019 0.008589,
        0.629921 -1.245019 0.008589,
        0.551181 -1.237554 0.003899,
        0.629921 -1.237554 0.003899,
        0.551181 -1.229233 0.000987,
        0.629921 -1.229233 0.000987,
        0.551181 -1.220472 -0.000000,
        0.629921 -1.220472 -0.000000,
        0.629921 -1.000559 -0.000000,
        0.551181 -1.000559 -0.000000,
        0.551181 -0.992879 0.000756,
        0.629921 -0.992879 0.000756,
        0.551181 -0.985493 0.002997,
        0.629921 -0.985493 0.002997,
        0.551181 -0.978687 0.006635,
        0.629921 -0.978687 0.006635,
        0.551181 -0.972721 0.011531,
        0.629921 -0.972721 0.011531,
        0.629921 -0.936728 0.047524,
        0.551181 -0.936728 0.047524,
        0.629921 -0.930762 0.052420,
        0.551181 -0.930762 0.052420,
        0.629921 -0.923956 0.056058,
        0.551181 -0.923956 0.056058,
        0.629921 -0.916570 0.058299,
        0.551181 -0.916570 0.058299,
        0.629921 -0.908889 0.059055,
        0.551181 -0.908889 0.059055,
        0.629921 -0.587174 0.059055,
        0.551181 -0.587174 0.059055,
        0.629921 -1.071146 0.109956,
        0.551181 -1.071146 0.109956,
        0.629921 -1.077112 0.105060,
        0.551181 -1.077112 0.105060,
        0.629921 -1.083919 0.101422,
        0.551181 -1.083919 0.101422,
        0.629921 -1.091304 0.099181,
        0.551181 -1.091304 0.099181,
        0.551181 -0.579493 0.059811,
        0.629921 -0.579493 0.059811,
        0.551181 -0.572107 0.062052,
        0.629921 -0.572107 0.062052,
        0.551181 -0.565301 0.065690,
        0.629921 -0.565301 0.065690,
        0.551181 -0.559335 0.070586,
        0.629921 -0.559335 0.070586,
        0.629921 -0.708661 0.472441,
        0.629921 -0.629921 0.472441,
        0.551181 -0.708661 0.472441,
        0.551181 -0.629921 0.472441,
        0.551181 -0.718851 0.471100,
        0.551181 -0.728346 0.467166,
        0.551181 -0.736500 0.460910,
        0.551181 -0.619731 0.471100,
        0.551181 -0.610236 0.467166,
        0.551181 -0.602082 0.460910,
        0.629921 -0.619731 0.471100,
        0.629921 -0.610236 0.467166,
        0.629921 -0.602082 0.460910,
        0.629921 -0.718851 0.471100,
        0.629921 -0.728346 0.467166,
        0.629921 -0.736500 0.460910,
        0.629921 -0.334557 1.165154,
        0.629921 -0.177254 1.165154,
        0.629921 -0.188994 1.202926,
        0.629921 -0.201565 1.218401,
        0.629921 -0.275683 1.237633,
        0.629921 -0.294192 1.230223,
        0.629921 -0.310246 1.218401,
        0.629921 -0.180714 1.184789,
        0.629921 -0.217619 1.230223,
        0.629921 -0.236128 1.237633,
        0.629921 -0.255906 1.240157,
        0.629921 -0.322817 1.202926,
        0.629921 -0.331097 1.184789,
        0.551181 -0.294192 1.230223,
        0.551181 -0.275683 1.237633,
        0.551181 -0.177254 1.165154,
        0.551181 -0.334557 1.165154,
        0.551181 -0.331097 1.184789,
        0.551181 -0.322817 1.202926,
        0.551181 -0.310246 1.218401,
        0.551181 -0.255906 1.240157,
        0.551181 -0.236128 1.237633,
        0.551181 -0.217619 1.230223,
        0.551181 -0.201565 1.218401,
        0.551181 -0.188994 1.202926,
        0.551181 -0.180714 1.184789,
        1.023622 -1.220472 0.098425,
        1.023622 -1.098985 0.098425,
        0.944882 -1.220472 0.098425,
        0.944882 -1.098985 0.098425,
        0.944882 -1.229233 0.097438,
        1.023622 -1.229233 0.097438,
        0.944882 -1.237554 0.094526,
        1.023622 -1.237554 0.094526,
        0.944882 -1.245019 0.089836,
        1.023622 -1.245019 0.089836,
        0.944882 -1.251253 0.083602,
        1.023622 -1.251253 0.083602,
        0.944882 -1.255944 0.076137,
        1.023622 -1.255944 0.076137,
        0.944882 -1.258856 0.067816,
        1.023622 -1.258856 0.067816,
        0.944882 -1.259843 0.059055,
        1.023622 -1.259843 0.059055,
        1.023622 -1.259843 0.039370,
        0.944882 -1.259843 0.039370,
        0.944882 -1.258856 0.030609,
        1.023622 -1.258856 0.030609,
        0.944882 -1.255944 0.022288,
        1.023622 -1.255944 0.022288,
        0.944882 -1.251253 0.014823,
        1.023622 -1.251253 0.014823,
        0.944882 -1.245019 0.008589,
        1.023622 -1.245019 0.008589,
        0.944882 -1.237554 0.003899,
        1.023622 -1.237554 0.003899,
        0.944882 -1.229233 0.000987,
        1.023622 -1.229233 0.000987,
        0.944882 -1.220472 -0.000000,
        1.023622 -1.220472 -0.000000,
        1.023622 -1.000559 -0.000000,
        0.944882 -1.000559 -0.000000,
        0.944882 -0.992879 0.000756,
        1.023622 -0.992879 0.000756,
        0.944882 -0.985493 0.002997,
        1.023622 -0.985493 0.002997,
        0.944882 -0.978687 0.006635,
        1.023622 -0.978687 0.006635,
        0.944882 -0.972721 0.011531,
        1.023622 -0.972721 0.011531,
        1.023622 -0.936728 0.047524,
        0.944882 -0.936728 0.047524,
        1.023622 -0.930762 0.052420,
        0.944882 -0.930762 0.052420,
        1.023622 -0.923956 0.056058,
        0.944882 -0.923956 0.056058,
        1.023622 -0.916570 0.058299,
        0.944882 -0.916570 0.058299,
        1.023622 -0.908889 0.059055,
        0.944882 -0.908889 0.059055,
        1.023622 -0.587174 0.059055,
        0.944882 -0.587174 0.059055,
        1.023622 -1.071146 0.109956,
        0.944882 -1.071146 0.109956,
        1.023622 -1.077112 0.105060,
        0.944882 -1.077112 0.105060,
        1.023622 -1.083919 0.101422,
        0.944882 -1.083919 0.101422,
        1.023622 -1.091304 0.099181,
        0.944882 -1.091304 0.099181,
        0.944882 -0.579493 0.059811,
        1.023622 -0.579493 0.059811,
        0.944882 -0.572107 0.062052,
        1.023622 -0.572107 0.062052,
        0.944882 -0.565301 0.065690,
        1.023622 -0.565301 0.065690,
        0.944882 -0.559335 0.070586,
        1.023622 -0.559335 0.070586,
        1.023622 -0.708661 0.472441,
        1.023622 -0.629921 0.472441,
        0.944882 -0.708661 0.472441,
        0.944882 -0.629921 0.472441,
        0.944882 -0.718851 0.471100,
        0.944882 -0.728346 0.467166,
        0.944882 -0.736500 0.460910,
        0.944882 -0.619731 0.471100,
        0.944882 -0.610236 0.467166,
        0.944882 -0.602082 0.460910,
        1.023622 -0.619731 0.471100,
        1.023622 -0.610236 0.467166,
        1.023622 -0.602082 0.460910,
        1.023622 -0.718851 0.471100,
        1.023622 -0.728346 0.467166,
        1.023622 -0.736500 0.460910,
        1.023622 -0.334557 1.165154,
        1.023622 -0.177254 1.165154,
        1.023622 -0.188994 1.202926,
        1.023622 -0.201565 1.218401,
        1.023622 -0.275683 1.237633,
        1.023622 -0.294192 1.230223,
        1.023622 -0.310246 1.218401,
        1.023622 -0.180714 1.184789,
        1.023622 -0.217619 1.230223,
        1.023622 -0.236128 1.237633,
        1.023622 -0.255906 1.240157,
        1.023622 -0.322817 1.202926,
        1.023622 -0.331097 1.184789,
        0.944882 -0.294192 1.230223,
        0.944882 -0.275683 1.237633,
        0.944882 -0.177254 1.165154,
        0.944882 -0.334557 1.165154,
        0.944882 -0.331097 1.184789,
        0.944882 -0.322817 1.202926,
        0.944882 -0.310246 1.218401,
        0.944882 -0.255906 1.240157,
        0.944882 -0.236128 1.237633,
        0.944882 -0.217619 1.230223,
        0.944882 -0.201565 1.218401,
        0.944882 -0.188994 1.202926,
        0.944882 -0.180714 1.184789,
        1.417323 -1.220472 0.098425,
        1.417323 -1.098985 0.098425,
        1.338583 -1.220472 0.098425,
        1.338583 -1.098985 0.098425,
        1.338583 -1.229233 0.097438,
        1.417323 -1.229233 0.097438,
        1.338583 -1.237554 0.094526,
        1.417323 -1.237554 0.094526,
        1.338583 -1.245019 0.089836,
        1.417323 -1.245019 0.089836,
        1.338583 -1.251253 0.083602,
        1.417323 -1.251253 0.083602,
        1.338583 -1.255944 0.076137,
        1.417323 -1.255944 0.076137,
        1.338583 -1.258856 0.067816,
        1.417323 -1.258856 0.067816,
        1.338583 -1.259843 0.059055,
        1.417323 -1.259843 0.059055,
        1.417323 -1.259843 0.039370,
        1.338583 -1.259843 0.039370,
        1.338583 -1.258856 0.030609,
        1.417323 -1.258856 0.030609,
        1.338583 -1.255944 0.022288,
        1.417323 -1.255944 0.022288,
        1.338583 -1.251253 0.014823,
        1.417323 -1.251253 0.014823,
        1.338583 -1.245019 0.008589,
        1.417323 -1.245019 0.008589,
        1.338583 -1.237554 0.003899,
        1.417323 -1.237554 0.003899,
        1.338583 -1.229233 0.000987,
        1.417323 -1.229233 0.000987,
        1.338583 -1.220472 -0.000000,
        1.417323 -1.220472 -0.000000,
        1.417323 -1.000559 -0.000000,
        1.338583 -1.000559 -0.000000,
        1.338583 -0.992879 0.000756,
        1.417323 -0.992879 0.000756,
        1.338583 -0.985493 0.002997,
        1.417323 -0.985493 0.002997,
        1.338583 -0.978687 0.006635,
        1.417323 -0.978687 0.006635,
        1.338583 -0.972721 0.011531,
        1.417323 -0.972721 0.011531,
        1.417323 -0.936728 0.047524,
        1.338583 -0.936728 0.047524,
        1.417323 -0.930762 0.052420,
        1.338583 -0.930762 0.052420,
        1.417323 -0.923956 0.056058,
        1.338583 -0.923956 0.056058,
        1.417323 -0.916570 0.058299,
        1.338583 -0.916570 0.058299,
        1.417323 -0.908889 0.059055,
        1.338583 -0.908889 0.059055,
        1.417323 -0.587174 0.059055,
        1.338583 -0.587174 0.059055,
        1.417323 -1.071146 0.109956,
        1.338583 -1.071146 0.109956,
        1.417323 -1.077112 0.105060,
        1.338583 -1.077112 0.105060,
        1.417323 -1.083919 0.101422,
        1.338583 -1.083919 0.101422,
        1.417323 -1.091304 0.099181,
        1.338583 -1.091304 0.099181,
        1.338583 -0.579493 0.059811,
        1.417323 -0.579493 0.059811,
        1.338583 -0.572107 0.062052,
        1.417323 -0.572107 0.062052,
        1.338583 -0.565301 0.065690,
        1.417323 -0.565301 0.065690,
        1.338583 -0.559335 0.070586,
        1.417323 -0.559335 0.070586,
        1.417323 -0.708661 0.472441,
        1.417323 -0.629921 0.472441,
        1.338583 -0.708661 0.472441,
        1.338583 -0.629921 0.472441,
        1.338583 -0.718851 0.471100,
        1.338583 -0.728346 0.467166,
        1.338583 -0.736500 0.460910,
        1.338583 -0.619731 0.471100,
        1.338583 -0.610236 0.467166,
        1.338583 -0.602082 0.460910,
        1.417323 -0.619731 0.471100,
        1.417323 -0.610236 0.467166,
        1.417323 -0.602082 0.460910,
        1.417323 -0.718851 0.471100,
        1.417323 -0.728346 0.467166,
        1.417323 -0.736500 0.460910,
        1.417323 -0.334557 1.165154,
        1.417323 -0.177254 1.165154,
        1.417323 -0.188994 1.202926,
        1.417323 -0.201565 1.218401,
        1.417323 -0.275683 1.237633,
        1.417323 -0.294192 1.230223,
        1.417323 -0.310246 1.218401,
        1.417323 -0.180714 1.184789,
        1.417323 -0.217619 1.230223,
        1.417323 -0.236128 1.237633,
        1.417323 -0.255906 1.240157,
        1.417323 -0.322817 1.202926,
        1.417323 -0.331097 1.184789,
        1.338583 -0.294192 1.230223,
        1.338583 -0.275683 1.237633,
        1.338583 -0.177254 1.165154,
        1.338583 -0.334557 1.165154,
        1.338583 -0.331097 1.184789,
        1.338583 -0.322817 1.202926,
        1.338583 -0.310246 1.218401,
        1.338583 -0.255906 1.240157,
        1.338583 -0.236128 1.237633,
        1.338583 -0.217619 1.230223,
        1.338583 -0.201565 1.218401,
        1.338583 -0.188994 1.202926,
        1.338583 -0.180714 1.184789,
        1.811024 -1.220472 0.098425,
        1.811024 -1.098985 0.098425,
        1.732283 -1.220472 0.098425,
        1.732283 -1.098985 0.098425,
        1.732283 -1.229233 0.097438,
        1.811024 -1.229233 0.097438,
        1.732283 -1.237554 0.094526,
        1.811024 -1.237554 0.094526,
        1.732283 -1.245019 0.089836,
        1.811024 -1.245019 0.089836,
        1.732283 -1.251253 0.083602,
        1.811024 -1.251253 0.083602,
        1.732283 -1.255944 0.076137,
        1.811024 -1.255944 0.076137,
        1.732283 -1.258856 0.067816,
        1.811024 -1.258856 0.067816,
        1.732283 -1.259843 0.059055,
        1.811024 -1.259843 0.059055,
        1.811024 -1.259843 0.039370,
        1.732283 -1.259843 0.039370,
        1.732283 -1.258856 0.030609,
        1.811024 -1.258856 0.030609,
        1.732283 -1.255944 0.022288,
        1.811024 -1.255944 0.022288,
        1.732283 -1.251253 0.014823,
        1.811024 -1.251253 0.014823,
        1.732283 -1.245019 0.008589,
        1.811024 -1.245019 0.008589,
        1.732283 -1.237554 0.003899,
        1.811024 -1.237554 0.003899,
        1.732283 -1.229233 0.000987,
        1.811024 -1.229233 0.000987,
        1.732283 -1.220472 -0.000000,
        1.811024 -1.220472 -0.000000,
        1.811024 -1.000559 -0.000000,
        1.732283 -1.000559 -0.000000,
        1.732283 -0.992879 0.000756,
        1.811024 -0.992879 0.000756,
        1.732283 -0.985493 0.002997,
        1.811024 -0.985493 0.002997,
        1.732283 -0.978687 0.006635,
        1.811024 -0.978687 0.006635,
        1.732283 -0.972721 0.011531,
        1.811024 -0.972721 0.011531,
        1.811024 -0.936728 0.047524,
        1.732283 -0.936728 0.047524,
        1.811024 -0.930762 0.052420,
        1.732283 -0.930762 0.052420,
        1.811024 -0.923956 0.056058,
        1.732283 -0.923956 0.056058,
        1.811024 -0.916570 0.058299,
        1.732283 -0.916570 0.058299,
        1.811024 -0.908889 0.059055,
        1.732283 -0.908889 0.059055,
        1.811024 -0.587174 0.059055,
        1.732283 -0.587174 0.059055,
        1.811024 -1.071146 0.109956,
        1.732283 -1.071146 0.109956,
        1.811024 -1.077112 0.105060,
        1.732283 -1.077112 0.105060,
        1.811024 -1.083919 0.101422,
        1.732283 -1.083919 0.101422,
        1.811024 -1.091304 0.099181,
        1.732283 -1.091304 0.099181,
        1.732283 -0.579493 0.059811,
        1.811024 -0.579493 0.059811,
        1.732283 -0.572107 0.062052,
        1.811024 -0.572107 0.062052,
        1.732283 -0.565301 0.065690,
        1.811024 -0.565301 0.065690,
        1.732283 -0.559335 0.070586,
        1.811024 -0.559335 0.070586,
        1.811024 -0.708661 0.472441,
        1.811024 -0.629921 0.472441,
        1.732283 -0.708661 0.472441,
        1.732283 -0.629921 0.472441,
        1.732283 -0.718851 0.471100,
        1.732283 -0.728346 0.467166,
        1.732283 -0.736500 0.460910,
        1.732283 -0.619731 0.471100,
        1.732283 -0.610236 0.467166,
        1.732283 -0.602082 0.460910,
        1.811024 -0.619731 0.471100,
        1.811024 -0.610236 0.467166,
        1.811024 -0.602082 0.460910,
        1.811024 -0.718851 0.471100,
        1.811024 -0.728346 0.467166,
        1.811024 -0.736500 0.460910,
        1.811024 -0.334557 1.165154,
        1.811024 -0.177254 1.165154,
        1.811024 -0.188994 1.202926,
        1.811024 -0.201565 1.218401,
        1.811024 -0.275683 1.237633,
        1.811024 -0.294192 1.230223,
        1.811024 -0.310246 1.218401,
        1.811024 -0.180714 1.184789,
        1.811024 -0.217619 1.230223,
        1.811024 -0.236128 1.237633,
        1.811024 -0.255906 1.240157,
        1.811024 -0.322817 1.202926,
        1.811024 -0.331097 1.184789,
        1.732283 -0.294192 1.230223,
        1.732283 -0.275683 1.237633,
        1.732283 -0.177254 1.165154,
        1.732283 -0.334557 1.165154,
        1.732283 -0.331097 1.184789,
        1.732283 -0.322817 1.202926,
        1.732283 -0.310246 1.218401,
        1.732283 -0.255906 1.240157,
        1.732283 -0.236128 1.237633,
        1.732283 -0.217619 1.230223,
        1.732283 -0.201565 1.218401,
        1.732283 -0.188994 1.202926,
        1.732283 -0.180714 1.184789,
        2.204724 -1.220472 0.098425,
        2.204724 -1.098985 0.098425,
        2.125984 -1.220472 0.098425,
        2.125984 -1.098985 0.098425,
        2.125984 -1.229233 0.097438,
        2.204724 -1.229233 0.097438,
        2.125984 -1.237554 0.094526,
        2.204724 -1.237554 0.094526,
        2.125984 -1.245019 0.089836,
        2.204724 -1.245019 0.089836,
        2.125984 -1.251253 0.083602,
        2.204724 -1.251253 0.083602,
        2.125984 -1.255944 0.076137,
        2.204724 -1.255944 0.076137,
        2.125984 -1.258856 0.067816,
        2.204724 -1.258856 0.067816,
        2.125984 -1.259843 0.059055,
        2.204724 -1.259843 0.059055,
        2.204724 -1.259843 0.039370,
        2.125984 -1.259843 0.039370,
        2.125984 -1.258856 0.030609,
        2.204724 -1.258856 0.030609,
        2.125984 -1.255944 0.022288,
        2.204724 -1.255944 0.022288,
        2.125984 -1.251253 0.014823,
        2.204724 -1.251253 0.014823,
        2.125984 -1.245019 0.008589,
        2.204724 -1.245019 0.008589,
        2.125984 -1.237554 0.003899,
        2.204724 -1.237554 0.003899,
        2.125984 -1.229233 0.000987,
        2.204724 -1.229233 0.000987,
        2.125984 -1.220472 -0.000000,
        2.204724 -1.220472 -0.000000,
        2.204724 -1.000559 -0.000000,
        2.125984 -1.000559 -0.000000,
        2.125984 -0.992879 0.000756,
        2.204724 -0.992879 0.000756,
        2.125984 -0.985493 0.002997,
        2.204724 -0.985493 0.002997,
        2.125984 -0.978687 0.006635,
        2.204724 -0.978687 0.006635,
        2.125984 -0.972721 0.011531,
        2.204724 -0.972721 0.011531,
        2.204724 -0.936728 0.047524,
        2.125984 -0.936728 0.047524,
        2.204724 -0.930762 0.052420,
        2.125984 -0.930762 0.052420,
        2.204724 -0.923956 0.056058,
        2.125984 -0.923956 0.056058,
        2.204724 -0.916570 0.058299,
        2.125984 -0.916570 0.058299,
        2.204724 -0.908889 0.059055,
        2.125984 -0.908889 0.059055,
        2.204724 -0.587174 0.059055,
        2.125984 -0.587174 0.059055,
        2.204724 -1.071146 0.109956,
        2.125984 -1.071146 0.109956,
        2.204724 -1.077112 0.105060,
        2.125984 -1.077112 0.105060,
        2.204724 -1.083919 0.101422,
        2.125984 -1.083919 0.101422,
        2.204724 -1.091304 0.099181,
        2.125984 -1.091304 0.099181,
        2.125984 -0.579493 0.059811,
        2.204724 -0.579493 0.059811,
        2.125984 -0.572107 0.062052,
        2.204724 -0.572107 0.062052,
        2.125984 -0.565301 0.065690,
        2.204724 -0.565301 0.065690,
        2.125984 -0.559335 0.070586,
        2.204724 -0.559335 0.070586,
        2.204724 -0.708661 0.472441,
        2.204724 -0.629921 0.472441,
        2.125984 -0.708661 0.472441,
        2.125984 -0.629921 0.472441,
        2.125984 -0.718851 0.471100,
        2.125984 -0.728346 0.467166,
        2.125984 -0.736500 0.460910,
        2.125984 -0.619731 0.471100,
        2.125984 -0.610236 0.467166,
        2.125984 -0.602082 0.460910,
        2.204724 -0.619731 0.471100,
        2.204724 -0.610236 0.467166,
        2.204724 -0.602082 0.460910,
        2.204724 -0.718851 0.471100,
        2.204724 -0.728346 0.467166,
        2.204724 -0.736500 0.460910,
        2.204724 -0.334557 1.165154,
        2.204724 -0.177254 1.165154,
        2.204724 -0.188994 1.202926,
        2.204724 -0.201565 1.218401,
        2.204724 -0.275683 1.237633,
        2.204724 -0.294192 1.230223,
        2.204724 -0.310246 1.218401,
        2.204724 -0.180714 1.184789,
        2.204724 -0.217619 1.230223,
        2.204724 -0.236128 1.237633,
        2.204724 -0.255906 1.240157,
        2.204724 -0.322817 1.202926,
        2.204724 -0.331097 1.184789,
        2.125984 -0.294192 1.230223,
        2.125984 -0.275683 1.237633,
        2.125984 -0.177254 1.165154,
        2.125984 -0.334557 1.165154,
        2.125984 -0.331097 1.184789,
        2.125984 -0.322817 1.202926,
        2.125984 -0.310246 1.218401,
        2.125984 -0.255906 1.240157,
        2.125984 -0.236128 1.237633,
        2.125984 -0.217619 1.230223,
        2.125984 -0.201565 1.218401,
        2.125984 -0.188994 1.202926,
        2.125984 -0.180714 1.184789,
        2.598425 -1.220472 0.098425,
        2.598425 -1.098985 0.098425,
        2.519685 -1.220472 0.098425,
        2.519685 -1.098985 0.098425,
        2.519685 -1.229233 0.097438,
        2.598425 -1.229233 0.097438,
        2.519685 -1.237554 0.094526,
        2.598425 -1.237554 0.094526,
        2.519685 -1.245019 0.089836,
        2.598425 -1.245019 0.089836,
        2.519685 -1.251253 0.083602,
        2.598425 -1.251253 0.083602,
        2.519685 -1.255944 0.076137,
        2.598425 -1.255944 0.076137,
        2.519685 -1.258856 0.067816,
        2.598425 -1.258856 0.067816,
        2.519685 -1.259843 0.059055,
        2.598425 -1.259843 0.059055,
        2.598425 -1.259843 0.039370,
        2.519685 -1.259843 0.039370,
        2.519685 -1.258856 0.030609,
        2.598425 -1.258856 0.030609,
        2.519685 -1.255944 0.022288,
        2.598425 -1.255944 0.022288,
        2.519685 -1.251253 0.014823,
        2.598425 -1.251253 0.014823,
        2.519685 -1.245019 0.008589,
        2.598425 -1.245019 0.008589,
        2.519685 -1.237554 0.003899,
        2.598425 -1.237554 0.003899,
        2.519685 -1.229233 0.000987,
        2.598425 -1.229233 0.000987,
        2.519685 -1.220472 -0.000000,
        2.598425 -1.220472 -0.000000,
        2.598425 -1.000559 -0.000000,
        2.519685 -1.000559 -0.000000,
        2.519685 -0.992879 0.000756,
        2.598425 -0.992879 0.000756,
        2.519685 -0.985493 0.002997,
        2.598425 -0.985493 0.002997,
        2.519685 -0.978687 0.006635,
        2.598425 -0.978687 0.006635,
        2.519685 -0.972721 0.011531,
        2.598425 -0.972721 0.011531,
        2.598425 -0.936728 0.047524,
        2.519685 -0.936728 0.047524,
        2.598425 -0.930762 0.052420,
        2.519685 -0.930762 0.052420,
        2.598425 -0.923956 0.056058,
        2.519685 -0.923956 0.056058,
        2.598425 -0.916570 0.058299,
        2.519685 -0.916570 0.058299,
        2.598425 -0.908889 0.059055,
        2.519685 -0.908889 0.059055,
        2.598425 -0.587174 0.059055,
        2.519685 -0.587174 0.059055,
        2.598425 -1.071146 0.109956,
        2.519685 -1.071146 0.109956,
        2.598425 -1.077112 0.105060,
        2.519685 -1.077112 0.105060,
        2.598425 -1.083919 0.101422,
        2.519685 -1.083919 0.101422,
        2.598425 -1.091304 0.099181,
        2.519685 -1.091304 0.099181,
        2.519685 -0.579493 0.059811,
        2.598425 -0.579493 0.059811,
        2.519685 -0.572107 0.062052,
        2.598425 -0.572107 0.062052,
        2.519685 -0.565301 0.065690,
        2.598425 -0.565301 0.065690,
        2.519685 -0.559335 0.070586,
        2.598425 -0.559335 0.070586,
        2.598425 -0.708661 0.472441,
        2.598425 -0.629921 0.472441,
        2.519685 -0.708661 0.472441,
        2.519685 -0.629921 0.472441,
        2.519685 -0.718851 0.471100,
        2.519685 -0.728346 0.467166,
        2.519685 -0.736500 0.460910,
        2.519685 -0.619731 0.471100,
        2.519685 -0.610236 0.467166,
        2.519685 -0.602082 0.460910,
        2.598425 -0.619731 0.471100,
        2.598425 -0.610236 0.467166,
        2.598425 -0.602082 0.460910,
        2.598425 -0.718851 0.471100,
        2.598425 -0.728346 0.467166,
        2.598425 -0.736500 0.460910,
        2.598425 -0.334557 1.165154,
        2.598425 -0.177254 1.165154,
        2.598425 -0.188994 1.202926,
        2.598425 -0.201565 1.218401,
        2.598425 -0.275683 1.237633,
        2.598425 -0.294192 1.230223,
        2.598425 -0.310246 1.218401,
        2.598425 -0.180714 1.184789,
        2.598425 -0.217619 1.230223,
        2.598425 -0.236128 1.237633,
        2.598425 -0.255906 1.240157,
        2.598425 -0.322817 1.202926,
        2.598425 -0.331097 1.184789,
        2.519685 -0.294192 1.230223,
        2.519685 -0.275683 1.237633,
        2.519685 -0.177254 1.165154,
        2.519685 -0.334557 1.165154,
        2.519685 -0.331097 1.184789,
        2.519685 -0.322817 1.202926,
        2.519685 -0.310246 1.218401,
        2.519685 -0.255906 1.240157,
        2.519685 -0.236128 1.237633,
        2.519685 -0.217619 1.230223,
        2.519685 -0.201565 1.218401,
        2.519685 -0.188994 1.202926,
        2.519685 -0.180714 1.184789,
        2.992126 -1.220472 0.098425,
        2.992126 -1.098985 0.098425,
        2.913386 -1.220472 0.098425,
        2.913386 -1.098985 0.098425,
        2.913386 -1.229233 0.097438,
        2.992126 -1.229233 0.097438,
        2.913386 -1.237554 0.094526,
        2.992126 -1.237554 0.094526,
        2.913386 -1.245019 0.089836,
        2.992126 -1.245019 0.089836,
        2.913386 -1.251253 0.083602,
        2.992126 -1.251253 0.083602,
        2.913386 -1.255944 0.076137,
        2.992126 -1.255944 0.076137,
        2.913386 -1.258856 0.067816,
        2.992126 -1.258856 0.067816,
        2.913386 -1.259843 0.059055,
        2.992126 -1.259843 0.059055,
        2.992126 -1.259843 0.039370,
        2.913386 -1.259843 0.039370,
        2.913386 -1.258856 0.030609,
        2.992126 -1.258856 0.030609,
        2.913386 -1.255944 0.022288,
        2.992126 -1.255944 0.022288,
        2.913386 -1.251253 0.014823,
        2.992126 -1.251253 0.014823,
        2.913386 -1.245019 0.008589,
        2.992126 -1.245019 0.008589,
        2.913386 -1.237554 0.003899,
        2.992126 -1.237554 0.003899,
        2.913386 -1.229233 0.000987,
        2.992126 -1.229233 0.000987,
        2.913386 -1.220472 -0.000000,
        2.992126 -1.220472 -0.000000,
        2.992126 -1.000559 -0.000000,
        2.913386 -1.000559 -0.000000,
        2.913386 -0.992879 0.000756,
        2.992126 -0.992879 0.000756,
        2.913386 -0.985493 0.002997,
        2.992126 -0.985493 0.002997,
        2.913386 -0.978687 0.006635,
        2.992126 -0.978687 0.006635,
        2.913386 -0.972721 0.011531,
        2.992126 -0.972721 0.011531,
        2.992126 -0.936728 0.047524,
        2.913386 -0.936728 0.047524,
        2.992126 -0.930762 0.052420,
        2.913386 -0.930762 0.052420,
        2.992126 -0.923956 0.056058,
        2.913386 -0.923956 0.056058,
        2.992126 -0.916570 0.058299,
        2.913386 -0.916570 0.058299,
        2.992126 -0.908889 0.059055,
        2.913386 -0.908889 0.059055,
        2.992126 -0.587174 0.059055,
        2.913386 -0.587174 0.059055,
        2.992126 -1.071146 0.109956,
        2.913386 -1.071146 0.109956,
        2.992126 -1.077112 0.105060,
        2.913386 -1.077112 0.105060,
        2.992126 -1.083919 0.101422,
        2.913386 -1.083919 0.101422,
        2.992126 -1.091304 0.099181,
        2.913386 -1.091304 0.099181,
        2.913386 -0.579493 0.059811,
        2.992126 -0.579493 0.059811,
        2.913386 -0.572107 0.062052,
        2.992126 -0.572107 0.062052,
        2.913386 -0.565301 0.065690,
        2.992126 -0.565301 0.065690,
        2.913386 -0.559335 0.070586,
        2.992126 -0.559335 0.070586,
        2.992126 -0.708661 0.472441,
        2.992126 -0.629921 0.472441,
        2.913386 -0.708661 0.472441,
        2.913386 -0.629921 0.472441,
        2.913386 -0.718851 0.471100,
        2.913386 -0.728346 0.467166,
        2.913386 -0.736500 0.460910,
        2.913386 -0.619731 0.471100,
        2.913386 -0.610236 0.467166,
        2.913386 -0.602082 0.460910,
        2.992126 -0.619731 0.471100,
        2.992126 -0.610236 0.467166,
        2.992126 -0.602082 0.460910,
        2.992126 -0.718851 0.471100,
        2.992126 -0.728346 0.467166,
        2.992126 -0.736500 0.460910,
        2.992126 -0.334557 1.165154,
        2.992126 -0.177254 1.165154,
        2.992126 -0.188994 1.202926,
        2.992126 -0.201565 1.218401,
        2.992126 -0.275683 1.237633,
        2.992126 -0.294192 1.230223,
        2.992126 -0.310246 1.218401,
        2.992126 -0.180714 1.184789,
        2.992126 -0.217619 1.230223,
        2.992126 -0.236128 1.237633,
        2.992126 -0.255906 1.240157,
        2.992126 -0.322817 1.202926,
        2.992126 -0.331097 1.184789,
        2.913386 -0.294192 1.230223,
        2.913386 -0.275683 1.237633,
        2.913386 -0.177254 1.165154,
        2.913386 -0.334557 1.165154,
        2.913386 -0.331097 1.184789,
        2.913386 -0.322817 1.202926,
        2.913386 -0.310246 1.218401,
        2.913386 -0.255906 1.240157,
        2.913386 -0.236128 1.237633,
        2.913386 -0.217619 1.230223,
        2.913386 -0.201565 1.218401,
        2.913386 -0.188994 1.202926,
        2.913386 -0.180714 1.184789,
      ]
    }
    coordIndex [
      2240, 2241, 2242, -1,
      2242, 2241, 2243, -1,
      2240, 2242, 2244, -1,
      2240, 2244, 2245, -1,
      2245, 2244, 2246, -1,
      2245, 2246, 2247, -1,
      2247, 2246, 2248, -1,
      2247, 2248, 2249, -1,
      2249, 2248, 2250, -1,
      2249, 2250, 2251, -1,
      2251, 2250, 2252, -1,
      2251, 2252, 2253, -1,
      2253, 2252, 2254, -1,
      2253, 2254, 2255, -1,
      2255, 2254, 2256, -1,
      2255, 2256, 2257, -1,
      2258, 2257, 2259, -1,
      2259, 2257, 2256, -1,
      2258, 2259, 2260, -1,
      2258, 2260, 2261, -1,
      2261, 2260, 2262, -1,
      2261, 2262, 2263, -1,
      2263, 2262, 2264, -1,
      2263, 2264, 2265, -1,
      2265, 2264, 2266, -1,
      2265, 2266, 2267, -1,
      2267, 2266, 2268, -1,
      2267, 2268, 2269, -1,
      2269, 2268, 2270, -1,
      2269, 2270, 2271, -1,
      2271, 2270, 2272, -1,
      2271, 2272, 2273, -1,
      2274, 2273, 2275, -1,
      2275, 2273, 2272, -1,
      2274, 2275, 2276, -1,
      2274, 2276, 2277, -1,
      2277, 2276, 2278, -1,
      2277, 2278, 2279, -1,
      2279, 2278, 2280, -1,
      2279, 2280, 2281, -1,
      2281, 2280, 2282, -1,
      2281, 2282, 2283, -1,
      2284, 2283, 2285, -1,
      2285, 2283, 2282, -1,
      2284, 2285, 2286, -1,
      2286, 2285, 2287, -1,
      2286, 2287, 2288, -1,
      2288, 2287, 2289, -1,
      2288, 2289, 2290, -1,
      2290, 2289, 2291, -1,
      2290, 2291, 2292, -1,
      2292, 2291, 2293, -1,
      2294, 2292, 2295, -1,
      2295, 2292, 2293, -1,
      2296, 2297, 2298, -1,
      2298, 2297, 2299, -1,
      2298, 2299, 2300, -1,
      2300, 2299, 2301, -1,
      2300, 2301, 2302, -1,
      2302, 2301, 2303, -1,
      2302, 2303, 2241, -1,
      2241, 2303, 2243, -1,
      2294, 2295, 2304, -1,
      2294, 2304, 2305, -1,
      2305, 2304, 2306, -1,
      2305, 2306, 2307, -1,
      2307, 2306, 2308, -1,
      2307, 2308, 2309, -1,
      2309, 2308, 2310, -1,
      2309, 2310, 2311, -1,
      1654, 1674, 1675, -1,
      1654, 1675, 1653, -1,
      1653, 1675, 1676, -1,
      1653, 1676, 1652, -1,
      1652, 1676, 1679, -1,
      1652, 1679, 1655, -1,
      1655, 1679, 1678, -1,
      1655, 1678, 1656, -1,
      2297, 2296, 1677, -1,
      1677, 2296, 1657, -1,
      1677, 1657, 1678, -1,
      1678, 1657, 1656, -1,
      1671, 1692, 1693, -1,
      1671, 1693, 1668, -1,
      1668, 1693, 1695, -1,
      1668, 1695, 1669, -1,
      1669, 1695, 1694, -1,
      1669, 1694, 1672, -1,
      1672, 1694, 1690, -1,
      1672, 1690, 1673, -1,
      1673, 1690, 1689, -1,
      1673, 1689, 1667, -1,
      1667, 1689, 1688, -1,
      1667, 1688, 1666, -1,
      1666, 1688, 1687, -1,
      1666, 1687, 1665, -1,
      1692, 1671, 1691, -1,
      1691, 1671, 1670, -1,
      1691, 1670, 1682, -1,
      1682, 1670, 1659, -1,
      1682, 1659, 1683, -1,
      1683, 1659, 1658, -1,
      1661, 1680, 1662, -1,
      1662, 1680, 1686, -1,
      1662, 1686, 1663, -1,
      1663, 1686, 1685, -1,
      1663, 1685, 1664, -1,
      1664, 1685, 1684, -1,
      1664, 1684, 1658, -1,
      1658, 1684, 1683, -1,
      1680, 1661, 1681, -1,
      1681, 1661, 1660, -1,
      1681, 1660, 2310, -1,
      2310, 1660, 2311, -1,
      1682, 2239, 1691, -1,
      1691, 2239, 2238, -1,
      2234, 2235, 2272, -1,
      2297, 1677, 2232, -1,
      2293, 2291, 2231, -1,
      2233, 2303, 2301, -1,
      2272, 2235, 2275, -1,
      2275, 2235, 2236, -1,
      2275, 2236, 2276, -1,
      2233, 2301, 2232, -1,
      2232, 2301, 2299, -1,
      2232, 2299, 2297, -1,
      2231, 1681, 2310, -1,
      2291, 2289, 2231, -1,
      2231, 2289, 2287, -1,
      2231, 2287, 2237, -1,
      2237, 2287, 2285, -1,
      2285, 2282, 2237, -1,
      2237, 2282, 2280, -1,
      2237, 2280, 2236, -1,
      2236, 2280, 2278, -1,
      2236, 2278, 2276, -1,
      2268, 2266, 2243, -1,
      2293, 2231, 2295, -1,
      2295, 2231, 2310, -1,
      2295, 2310, 2304, -1,
      2304, 2310, 2308, -1,
      2304, 2308, 2306, -1,
      2233, 2234, 2303, -1,
      2303, 2234, 2272, -1,
      2303, 2272, 2243, -1,
      2243, 2272, 2270, -1,
      2243, 2270, 2268, -1,
      2252, 2250, 2242, -1,
      2266, 2264, 2243, -1,
      2243, 2264, 2262, -1,
      2243, 2262, 2260, -1,
      2260, 2259, 2243, -1,
      2243, 2259, 2256, -1,
      2243, 2256, 2242, -1,
      2242, 2256, 2254, -1,
      2242, 2254, 2252, -1,
      2250, 2248, 2242, -1,
      2242, 2248, 2246, -1,
      2242, 2246, 2244, -1,
      2311, 1660, 2214, -1,
      2273, 2274, 2223, -1,
      2223, 2221, 2273, -1,
      2273, 2221, 2219, -1,
      2273, 2219, 2217, -1,
      2281, 2225, 2279, -1,
      2279, 2225, 2223, -1,
      2279, 2223, 2277, -1,
      2277, 2223, 2274, -1,
      2281, 2283, 2225, -1,
      2225, 2283, 2284, -1,
      2225, 2284, 2214, -1,
      2214, 2284, 2286, -1,
      2214, 2286, 2288, -1,
      2288, 2290, 2214, -1,
      2214, 2290, 2292, -1,
      2214, 2292, 2311, -1,
      2298, 2300, 2217, -1,
      2217, 2300, 2302, -1,
      2217, 2302, 2273, -1,
      2273, 2302, 2241, -1,
      2273, 2241, 2240, -1,
      2298, 2217, 2296, -1,
      2296, 2217, 2216, -1,
      2296, 2216, 1657, -1,
      2292, 2294, 2311, -1,
      2311, 2294, 2305, -1,
      2311, 2305, 2309, -1,
      2309, 2305, 2307, -1,
      2263, 2265, 2273, -1,
      2240, 2245, 2257, -1,
      2257, 2245, 2247, -1,
      2257, 2247, 2249, -1,
      2249, 2251, 2257, -1,
      2257, 2251, 2253, -1,
      2257, 2253, 2255, -1,
      2263, 2273, 2261, -1,
      2240, 2257, 2273, -1,
      2273, 2257, 2258, -1,
      2273, 2258, 2261, -1,
      2265, 2267, 2273, -1,
      2273, 2267, 2269, -1,
      2273, 2269, 2271, -1,
      2228, 2230, 1670, -1,
      1670, 2230, 1659, -1,
      2312, 2313, 2314, -1,
      2314, 2313, 2315, -1,
      2316, 2314, 2317, -1,
      2317, 2314, 2318, -1,
      2315, 319, 2314, -1,
      2314, 319, 316, -1,
      2314, 316, 2318, -1,
      2319, 2320, 2315, -1,
      2315, 2320, 2321, -1,
      2315, 2321, 319, -1,
      2322, 2313, 2323, -1,
      2323, 2313, 2324, -1,
      2312, 317, 2313, -1,
      2313, 317, 318, -1,
      2313, 318, 2324, -1,
      2325, 2326, 2312, -1,
      2312, 2326, 2327, -1,
      2312, 2327, 317, -1,
      2312, 2314, 2316, -1,
      2312, 2316, 2325, -1,
      2325, 2316, 2317, -1,
      2325, 2317, 2326, -1,
      2326, 2317, 2318, -1,
      2326, 2318, 2327, -1,
      2327, 2318, 316, -1,
      2327, 316, 317, -1,
      318, 319, 2321, -1,
      318, 2321, 2324, -1,
      2324, 2321, 2320, -1,
      2324, 2320, 2323, -1,
      2323, 2320, 2319, -1,
      2323, 2319, 2322, -1,
      2322, 2319, 2315, -1,
      2322, 2315, 2313, -1,
      255, 256, 2328, -1,
      2328, 256, 2329, -1,
      2330, 2331, 2332, -1,
      2333, 2334, 2329, -1,
      2333, 2329, 2332, -1,
      2332, 2329, 2335, -1,
      2332, 2335, 2330, -1,
      2331, 2336, 2332, -1,
      2332, 2336, 2337, -1,
      2332, 2337, 2338, -1,
      2334, 2339, 2329, -1,
      2329, 2339, 2340, -1,
      2329, 2340, 2328, -1,
      2341, 2342, 2343, -1,
      257, 254, 2343, -1,
      2343, 254, 2344, -1,
      2343, 2344, 2345, -1,
      2345, 2346, 2343, -1,
      2343, 2346, 2347, -1,
      2343, 2347, 2341, -1,
      2348, 2349, 2342, -1,
      2342, 2349, 2350, -1,
      2342, 2350, 2351, -1,
      2351, 2352, 2342, -1,
      2342, 2352, 2353, -1,
      2342, 2353, 2343, -1,
      2343, 2329, 257, -1,
      257, 2329, 256, -1,
      2329, 2343, 2353, -1,
      2329, 2353, 2335, -1,
      2335, 2353, 2352, -1,
      2335, 2352, 2330, -1,
      2330, 2352, 2351, -1,
      2330, 2351, 2331, -1,
      2331, 2351, 2350, -1,
      2331, 2350, 2336, -1,
      2336, 2350, 2349, -1,
      2336, 2349, 2337, -1,
      2337, 2349, 2348, -1,
      2337, 2348, 2338, -1,
      2338, 2348, 2342, -1,
      2338, 2342, 2332, -1,
      2332, 2342, 2341, -1,
      2332, 2341, 2333, -1,
      2333, 2341, 2347, -1,
      2333, 2347, 2334, -1,
      2334, 2347, 2346, -1,
      2334, 2346, 2339, -1,
      2339, 2346, 2345, -1,
      2339, 2345, 2340, -1,
      2340, 2345, 2344, -1,
      2340, 2344, 2328, -1,
      2328, 2344, 255, -1,
      255, 2344, 254, -1,
      2354, 2355, 2356, -1,
      2356, 2355, 2357, -1,
      2354, 2356, 2358, -1,
      2358, 2356, 2359, -1,
      2358, 2359, 2360, -1,
      2360, 2359, 2361, -1,
      2360, 2361, 2362, -1,
      2362, 2361, 2363, -1,
      2362, 2363, 2364, -1,
      2364, 2363, 2365, -1,
      2366, 2364, 2367, -1,
      2367, 2364, 2365, -1,
      2366, 2367, 2368, -1,
      2366, 2368, 2369, -1,
      2369, 2368, 2370, -1,
      2369, 2370, 2371, -1,
      2371, 2370, 2372, -1,
      2371, 2372, 2373, -1,
      2373, 2372, 2374, -1,
      2373, 2374, 2375, -1,
      2376, 2375, 2377, -1,
      2377, 2375, 2374, -1,
      2376, 2377, 2378, -1,
      2376, 2378, 2379, -1,
      2379, 2378, 2380, -1,
      2379, 2380, 2381, -1,
      2381, 2380, 2382, -1,
      2381, 2382, 2383, -1,
      2383, 2382, 2384, -1,
      2383, 2384, 2385, -1,
      2385, 2384, 2386, -1,
      2385, 2386, 2387, -1,
      2387, 2386, 2388, -1,
      2387, 2388, 2389, -1,
      2389, 2388, 2390, -1,
      2389, 2390, 2391, -1,
      2392, 2391, 2393, -1,
      2393, 2391, 2390, -1,
      2392, 2393, 2394, -1,
      2392, 2394, 2395, -1,
      2395, 2394, 2396, -1,
      2395, 2396, 2397, -1,
      2397, 2396, 2398, -1,
      2397, 2398, 2399, -1,
      2399, 2398, 2400, -1,
      2399, 2400, 2401, -1,
      2401, 2400, 2402, -1,
      2401, 2402, 2403, -1,
      2403, 2402, 2404, -1,
      2403, 2404, 2405, -1,
      2405, 2404, 2406, -1,
      2405, 2406, 2407, -1,
      2408, 2407, 2409, -1,
      2409, 2407, 2406, -1,
      2410, 2411, 2412, -1,
      2410, 2412, 2413, -1,
      2413, 2412, 2414, -1,
      2413, 2414, 2415, -1,
      2415, 2414, 2416, -1,
      2415, 2416, 2417, -1,
      2417, 2416, 2357, -1,
      2417, 2357, 2355, -1,
      2408, 2409, 2418, -1,
      2418, 2409, 2419, -1,
      2418, 2419, 2420, -1,
      2420, 2419, 2421, -1,
      2420, 2421, 2422, -1,
      2422, 2421, 2423, -1,
      2422, 2423, 2424, -1,
      2424, 2423, 2425, -1,
      1612, 1633, 1634, -1,
      1612, 1634, 1611, -1,
      1611, 1634, 1635, -1,
      1611, 1635, 1610, -1,
      1610, 1635, 1637, -1,
      1610, 1637, 1613, -1,
      1613, 1637, 1636, -1,
      1613, 1636, 1614, -1,
      1614, 1636, 1632, -1,
      1614, 1632, 1615, -1,
      1615, 1632, 1631, -1,
      1615, 1631, 1618, -1,
      1618, 1631, 1639, -1,
      1618, 1639, 1617, -1,
      1619, 1643, 1620, -1,
      1620, 1643, 1642, -1,
      1620, 1642, 2410, -1,
      2410, 1642, 2411, -1,
      1622, 1640, 1623, -1,
      1623, 1640, 1646, -1,
      1623, 1646, 1624, -1,
      1624, 1646, 1645, -1,
      1624, 1645, 1625, -1,
      1625, 1645, 1644, -1,
      1625, 1644, 1619, -1,
      1619, 1644, 1643, -1,
      1617, 1639, 1616, -1,
      1616, 1639, 1638, -1,
      1616, 1638, 1621, -1,
      1621, 1638, 1641, -1,
      1621, 1641, 1622, -1,
      1622, 1641, 1640, -1,
      1638, 2212, 1641, -1,
      1641, 2212, 2211, -1,
      1629, 1651, 1650, -1,
      1629, 1650, 1630, -1,
      1630, 1650, 1647, -1,
      1630, 1647, 1628, -1,
      1628, 1647, 1648, -1,
      1628, 1648, 1627, -1,
      1627, 1648, 1649, -1,
      1627, 1649, 1626, -1,
      2424, 2425, 63, -1,
      63, 2425, 24, -1,
      63, 24, 1629, -1,
      1629, 24, 1651, -1,
      2411, 1642, 1958, -1,
      2377, 2374, 2207, -1,
      2368, 2206, 2370, -1,
      2370, 2206, 2207, -1,
      2370, 2207, 2372, -1,
      2372, 2207, 2374, -1,
      2207, 2208, 2377, -1,
      2377, 2208, 2209, -1,
      2377, 2209, 2210, -1,
      2368, 2367, 2206, -1,
      2206, 2367, 2365, -1,
      2206, 2365, 1958, -1,
      1958, 2365, 2363, -1,
      1958, 2363, 2361, -1,
      2361, 2359, 1958, -1,
      1958, 2359, 2356, -1,
      1958, 2356, 2411, -1,
      2423, 2210, 2425, -1,
      2425, 2210, 25, -1,
      2425, 25, 24, -1,
      2356, 2357, 2411, -1,
      2411, 2357, 2416, -1,
      2411, 2416, 2412, -1,
      2412, 2416, 2414, -1,
      2388, 2386, 2409, -1,
      2406, 2404, 2393, -1,
      2393, 2404, 2402, -1,
      2393, 2402, 2400, -1,
      2406, 2393, 2409, -1,
      2409, 2393, 2390, -1,
      2409, 2390, 2388, -1,
      2386, 2384, 2409, -1,
      2409, 2384, 2382, -1,
      2409, 2382, 2380, -1,
      2400, 2398, 2393, -1,
      2393, 2398, 2396, -1,
      2393, 2396, 2394, -1,
      2423, 2421, 2210, -1,
      2210, 2421, 2419, -1,
      2210, 2419, 2377, -1,
      2377, 2419, 2409, -1,
      2377, 2409, 2378, -1,
      2378, 2409, 2380, -1,
      2203, 2205, 1621, -1,
      1621, 2205, 1616, -1,
      2373, 2375, 2194, -1,
      2354, 2358, 2191, -1,
      2424, 63, 61, -1,
      2194, 2375, 2196, -1,
      2196, 2375, 2376, -1,
      2196, 2376, 2198, -1,
      2200, 2418, 2420, -1,
      2191, 1620, 2410, -1,
      2200, 2420, 61, -1,
      61, 2420, 2422, -1,
      61, 2422, 2424, -1,
      2358, 2360, 2191, -1,
      2191, 2360, 2362, -1,
      2191, 2362, 2192, -1,
      2192, 2362, 2364, -1,
      2364, 2366, 2192, -1,
      2192, 2366, 2369, -1,
      2192, 2369, 2194, -1,
      2194, 2369, 2371, -1,
      2194, 2371, 2373, -1,
      2381, 2383, 2408, -1,
      2354, 2191, 2355, -1,
      2355, 2191, 2410, -1,
      2355, 2410, 2417, -1,
      2417, 2410, 2413, -1,
      2417, 2413, 2415, -1,
      2200, 2198, 2418, -1,
      2418, 2198, 2376, -1,
      2418, 2376, 2408, -1,
      2408, 2376, 2379, -1,
      2408, 2379, 2381, -1,
      2383, 2385, 2408, -1,
      2408, 2385, 2387, -1,
      2408, 2387, 2389, -1,
      2389, 2391, 2408, -1,
      2408, 2391, 2392, -1,
      2408, 2392, 2407, -1,
      2407, 2392, 2395, -1,
      2407, 2395, 2397, -1,
      2397, 2399, 2407, -1,
      2407, 2399, 2401, -1,
      2407, 2401, 2405, -1,
      2405, 2401, 2403, -1,
      2426, 2427, 2428, -1,
      2426, 2428, 2429, -1,
      2429, 2428, 2430, -1,
      2429, 2430, 2431, -1,
      2431, 2430, 2432, -1,
      2431, 2432, 2433, -1,
      2433, 2432, 2434, -1,
      2433, 2434, 2435, -1,
      2435, 2434, 2436, -1,
      2435, 2436, 2437, -1,
      2437, 2436, 2438, -1,
      2437, 2438, 2439, -1,
      2439, 2438, 2440, -1,
      2439, 2440, 2441, -1,
      2441, 2440, 2442, -1,
      2441, 2442, 2443, -1,
      2443, 2442, 2444, -1,
      2443, 2444, 2445, -1,
      2445, 2444, 2446, -1,
      2445, 2446, 2447, -1,
      2447, 2446, 2448, -1,
      2447, 2448, 2449, -1,
      2449, 2448, 2450, -1,
      2449, 2450, 2451, -1,
      194, 195, 2451, -1,
      2451, 195, 2426, -1,
      2431, 2433, 2441, -1,
      2443, 2445, 2426, -1,
      2443, 2426, 2441, -1,
      2441, 2426, 2429, -1,
      2441, 2429, 2431, -1,
      2433, 2435, 2441, -1,
      2441, 2435, 2437, -1,
      2441, 2437, 2439, -1,
      2445, 2447, 2426, -1,
      2426, 2447, 2449, -1,
      2426, 2449, 2451, -1,
      2442, 2440, 2427, -1,
      192, 193, 2427, -1,
      2427, 193, 2450, -1,
      2427, 2450, 2448, -1,
      2448, 2446, 2427, -1,
      2427, 2446, 2444, -1,
      2427, 2444, 2442, -1,
      2438, 2436, 2440, -1,
      2440, 2436, 2434, -1,
      2440, 2434, 2432, -1,
      2432, 2430, 2440, -1,
      2440, 2430, 2428, -1,
      2440, 2428, 2427, -1,
      194, 2451, 193, -1,
      193, 2451, 2450, -1,
      192, 2427, 195, -1,
      195, 2427, 2426, -1,
      2452, 2453, 2454, -1,
      2454, 2453, 2455, -1,
      2456, 133, 2453, -1,
      2453, 133, 131, -1,
      2453, 131, 2455, -1,
      2457, 2458, 2456, -1,
      2456, 2458, 2459, -1,
      2456, 2459, 133, -1,
      2460, 2461, 2462, -1,
      2462, 2461, 2463, -1,
      2464, 130, 2461, -1,
      2461, 130, 132, -1,
      2461, 132, 2463, -1,
      2465, 2466, 2464, -1,
      2464, 2466, 2467, -1,
      2464, 2467, 130, -1,
      131, 130, 2467, -1,
      131, 2467, 2455, -1,
      2455, 2467, 2466, -1,
      2455, 2466, 2454, -1,
      2454, 2466, 2465, -1,
      2454, 2465, 2452, -1,
      2452, 2465, 2464, -1,
      2452, 2464, 2453, -1,
      2456, 2453, 2461, -1,
      2461, 2453, 2464, -1,
      2456, 2461, 2460, -1,
      2456, 2460, 2457, -1,
      2457, 2460, 2462, -1,
      2457, 2462, 2458, -1,
      2458, 2462, 2463, -1,
      2458, 2463, 2459, -1,
      2459, 2463, 132, -1,
      2459, 132, 133, -1,
      2468, 2469, 2470, -1,
      2470, 2469, 2471, -1,
      2468, 2470, 2472, -1,
      2472, 2470, 2473, -1,
      2472, 2473, 2474, -1,
      2474, 2473, 2475, -1,
      2474, 2475, 2476, -1,
      2476, 2475, 2477, -1,
      2476, 2477, 2478, -1,
      2478, 2477, 2479, -1,
      2480, 2478, 2481, -1,
      2481, 2478, 2479, -1,
      2480, 2481, 2482, -1,
      2480, 2482, 2483, -1,
      2483, 2482, 2484, -1,
      2483, 2484, 2485, -1,
      2485, 2484, 2486, -1,
      2485, 2486, 2487, -1,
      2487, 2486, 2488, -1,
      2487, 2488, 2489, -1,
      2490, 2489, 2491, -1,
      2491, 2489, 2488, -1,
      2490, 2491, 2492, -1,
      2490, 2492, 2493, -1,
      2493, 2492, 2494, -1,
      2493, 2494, 2495, -1,
      2495, 2494, 2496, -1,
      2495, 2496, 2497, -1,
      2497, 2496, 2498, -1,
      2497, 2498, 2499, -1,
      2499, 2498, 2500, -1,
      2499, 2500, 2501, -1,
      2501, 2500, 2502, -1,
      2501, 2502, 2503, -1,
      2503, 2502, 2504, -1,
      2503, 2504, 2505, -1,
      2506, 2505, 2507, -1,
      2507, 2505, 2504, -1,
      2506, 2507, 2508, -1,
      2506, 2508, 2509, -1,
      2509, 2508, 2510, -1,
      2509, 2510, 2511, -1,
      2511, 2510, 2512, -1,
      2511, 2512, 2513, -1,
      2513, 2512, 2514, -1,
      2513, 2514, 2515, -1,
      2515, 2514, 2516, -1,
      2515, 2516, 2517, -1,
      2517, 2516, 2518, -1,
      2517, 2518, 2519, -1,
      2519, 2518, 2520, -1,
      2519, 2520, 2521, -1,
      2522, 2521, 2523, -1,
      2523, 2521, 2520, -1,
      2524, 2525, 2526, -1,
      2524, 2526, 2527, -1,
      2527, 2526, 2528, -1,
      2527, 2528, 2529, -1,
      2529, 2528, 2530, -1,
      2529, 2530, 2531, -1,
      2531, 2530, 2471, -1,
      2531, 2471, 2469, -1,
      2522, 2523, 2532, -1,
      2532, 2523, 2533, -1,
      2532, 2533, 2534, -1,
      2534, 2533, 2535, -1,
      2534, 2535, 2536, -1,
      2536, 2535, 2537, -1,
      2536, 2537, 2538, -1,
      2538, 2537, 2539, -1,
      1570, 1591, 1592, -1,
      1570, 1592, 1569, -1,
      1569, 1592, 1593, -1,
      1569, 1593, 1568, -1,
      1568, 1593, 1595, -1,
      1568, 1595, 1571, -1,
      1571, 1595, 1594, -1,
      1571, 1594, 1572, -1,
      1572, 1594, 1590, -1,
      1572, 1590, 1573, -1,
      1573, 1590, 1589, -1,
      1573, 1589, 1576, -1,
      1576, 1589, 1597, -1,
      1576, 1597, 1575, -1,
      1577, 1601, 1578, -1,
      1578, 1601, 1600, -1,
      1578, 1600, 2524, -1,
      2524, 1600, 2525, -1,
      1580, 1598, 1581, -1,
      1581, 1598, 1604, -1,
      1581, 1604, 1582, -1,
      1582, 1604, 1603, -1,
      1582, 1603, 1583, -1,
      1583, 1603, 1602, -1,
      1583, 1602, 1577, -1,
      1577, 1602, 1601, -1,
      1575, 1597, 1574, -1,
      1574, 1597, 1596, -1,
      1574, 1596, 1579, -1,
      1579, 1596, 1599, -1,
      1579, 1599, 1580, -1,
      1580, 1599, 1598, -1,
      1596, 2204, 1599, -1,
      1599, 2204, 2202, -1,
      1587, 1609, 1608, -1,
      1587, 1608, 1588, -1,
      1588, 1608, 1605, -1,
      1588, 1605, 1586, -1,
      1586, 1605, 1606, -1,
      1586, 1606, 1585, -1,
      1585, 1606, 1607, -1,
      1585, 1607, 1584, -1,
      2538, 2539, 23, -1,
      23, 2539, 62, -1,
      23, 62, 1587, -1,
      1587, 62, 1609, -1,
      2525, 1600, 2190, -1,
      2491, 2488, 2195, -1,
      2482, 2193, 2484, -1,
      2484, 2193, 2195, -1,
      2484, 2195, 2486, -1,
      2486, 2195, 2488, -1,
      2195, 2197, 2491, -1,
      2491, 2197, 2199, -1,
      2491, 2199, 2201, -1,
      2482, 2481, 2193, -1,
      2193, 2481, 2479, -1,
      2193, 2479, 2190, -1,
      2190, 2479, 2477, -1,
      2190, 2477, 2475, -1,
      2475, 2473, 2190, -1,
      2190, 2473, 2470, -1,
      2190, 2470, 2525, -1,
      2537, 2201, 2539, -1,
      2539, 2201, 60, -1,
      2539, 60, 62, -1,
      2470, 2471, 2525, -1,
      2525, 2471, 2530, -1,
      2525, 2530, 2526, -1,
      2526, 2530, 2528, -1,
      2502, 2500, 2523, -1,
      2520, 2518, 2507, -1,
      2507, 2518, 2516, -1,
      2507, 2516, 2514, -1,
      2520, 2507, 2523, -1,
      2523, 2507, 2504, -1,
      2523, 2504, 2502, -1,
      2500, 2498, 2523, -1,
      2523, 2498, 2496, -1,
      2523, 2496, 2494, -1,
      2514, 2512, 2507, -1,
      2507, 2512, 2510, -1,
      2507, 2510, 2508, -1,
      2537, 2535, 2201, -1,
      2201, 2535, 2533, -1,
      2201, 2533, 2491, -1,
      2491, 2533, 2523, -1,
      2491, 2523, 2492, -1,
      2492, 2523, 2494, -1,
      2187, 2189, 1579, -1,
      1579, 2189, 1574, -1,
      2182, 2180, 2490, -1,
      2538, 23, 21, -1,
      2468, 2472, 2175, -1,
      2184, 2532, 2534, -1,
      2490, 2180, 2489, -1,
      2489, 2180, 2178, -1,
      2489, 2178, 2487, -1,
      2184, 2534, 21, -1,
      21, 2534, 2536, -1,
      21, 2536, 2538, -1,
      2175, 1578, 2524, -1,
      2472, 2474, 2175, -1,
      2175, 2474, 2476, -1,
      2175, 2476, 2176, -1,
      2176, 2476, 2478, -1,
      2478, 2480, 2176, -1,
      2176, 2480, 2483, -1,
      2176, 2483, 2178, -1,
      2178, 2483, 2485, -1,
      2178, 2485, 2487, -1,
      2495, 2497, 2522, -1,
      2468, 2175, 2469, -1,
      2469, 2175, 2524, -1,
      2469, 2524, 2531, -1,
      2531, 2524, 2527, -1,
      2531, 2527, 2529, -1,
      2184, 2182, 2532, -1,
      2532, 2182, 2490, -1,
      2532, 2490, 2522, -1,
      2522, 2490, 2493, -1,
      2522, 2493, 2495, -1,
      2497, 2499, 2522, -1,
      2522, 2499, 2501, -1,
      2522, 2501, 2503, -1,
      2503, 2505, 2522, -1,
      2522, 2505, 2506, -1,
      2522, 2506, 2521, -1,
      2521, 2506, 2509, -1,
      2521, 2509, 2511, -1,
      2511, 2513, 2521, -1,
      2521, 2513, 2515, -1,
      2521, 2515, 2519, -1,
      2519, 2515, 2517, -1,
      2540, 2541, 2542, -1,
      2540, 2542, 2543, -1,
      2543, 2542, 2544, -1,
      2543, 2544, 2545, -1,
      2545, 2544, 2546, -1,
      2545, 2546, 2547, -1,
      2547, 2546, 2548, -1,
      2547, 2548, 2549, -1,
      2549, 2548, 2550, -1,
      2549, 2550, 2551, -1,
      2551, 2550, 2552, -1,
      2551, 2552, 2553, -1,
      2553, 2552, 2554, -1,
      2553, 2554, 2555, -1,
      2555, 2554, 2556, -1,
      2555, 2556, 2557, -1,
      2557, 2556, 2558, -1,
      2557, 2558, 2559, -1,
      2559, 2558, 2560, -1,
      2559, 2560, 2561, -1,
      2561, 2560, 2562, -1,
      2561, 2562, 2563, -1,
      2563, 2562, 2564, -1,
      2563, 2564, 2565, -1,
      190, 191, 2565, -1,
      2565, 191, 2540, -1,
      2545, 2547, 2555, -1,
      2557, 2559, 2540, -1,
      2557, 2540, 2555, -1,
      2555, 2540, 2543, -1,
      2555, 2543, 2545, -1,
      2547, 2549, 2555, -1,
      2555, 2549, 2551, -1,
      2555, 2551, 2553, -1,
      2559, 2561, 2540, -1,
      2540, 2561, 2563, -1,
      2540, 2563, 2565, -1,
      2556, 2554, 2541, -1,
      188, 189, 2541, -1,
      2541, 189, 2564, -1,
      2541, 2564, 2562, -1,
      2562, 2560, 2541, -1,
      2541, 2560, 2558, -1,
      2541, 2558, 2556, -1,
      2552, 2550, 2554, -1,
      2554, 2550, 2548, -1,
      2554, 2548, 2546, -1,
      2546, 2544, 2554, -1,
      2554, 2544, 2542, -1,
      2554, 2542, 2541, -1,
      190, 2565, 189, -1,
      189, 2565, 2564, -1,
      188, 2541, 191, -1,
      191, 2541, 2540, -1,
      2566, 2567, 2568, -1,
      2568, 2567, 2569, -1,
      2570, 127, 2567, -1,
      2567, 127, 128, -1,
      2567, 128, 2569, -1,
      2571, 2572, 2570, -1,
      2570, 2572, 2573, -1,
      2570, 2573, 127, -1,
      2574, 2575, 2576, -1,
      2576, 2575, 2577, -1,
      2578, 129, 2575, -1,
      2575, 129, 126, -1,
      2575, 126, 2577, -1,
      2579, 2580, 2578, -1,
      2578, 2580, 2581, -1,
      2578, 2581, 129, -1,
      128, 129, 2581, -1,
      128, 2581, 2569, -1,
      2569, 2581, 2580, -1,
      2569, 2580, 2568, -1,
      2568, 2580, 2579, -1,
      2568, 2579, 2566, -1,
      2566, 2579, 2578, -1,
      2566, 2578, 2567, -1,
      2570, 2567, 2575, -1,
      2575, 2567, 2578, -1,
      2570, 2575, 2574, -1,
      2570, 2574, 2571, -1,
      2571, 2574, 2576, -1,
      2571, 2576, 2572, -1,
      2572, 2576, 2577, -1,
      2572, 2577, 2573, -1,
      2573, 2577, 126, -1,
      2573, 126, 127, -1,
      2582, 2583, 2584, -1,
      2584, 2583, 2585, -1,
      2582, 2584, 2586, -1,
      2586, 2584, 2587, -1,
      2586, 2587, 2588, -1,
      2588, 2587, 2589, -1,
      2588, 2589, 2590, -1,
      2590, 2589, 2591, -1,
      2590, 2591, 2592, -1,
      2592, 2591, 2593, -1,
      2594, 2592, 2595, -1,
      2595, 2592, 2593, -1,
      2594, 2595, 2596, -1,
      2594, 2596, 2597, -1,
      2597, 2596, 2598, -1,
      2597, 2598, 2599, -1,
      2599, 2598, 2600, -1,
      2599, 2600, 2601, -1,
      2601, 2600, 2602, -1,
      2601, 2602, 2603, -1,
      2604, 2603, 2605, -1,
      2605, 2603, 2602, -1,
      2604, 2605, 2606, -1,
      2604, 2606, 2607, -1,
      2607, 2606, 2608, -1,
      2607, 2608, 2609, -1,
      2609, 2608, 2610, -1,
      2609, 2610, 2611, -1,
      2611, 2610, 2612, -1,
      2611, 2612, 2613, -1,
      2613, 2612, 2614, -1,
      2613, 2614, 2615, -1,
      2615, 2614, 2616, -1,
      2615, 2616, 2617, -1,
      2617, 2616, 2618, -1,
      2617, 2618, 2619, -1,
      2620, 2619, 2621, -1,
      2621, 2619, 2618, -1,
      2620, 2621, 2622, -1,
      2620, 2622, 2623, -1,
      2623, 2622, 2624, -1,
      2623, 2624, 2625, -1,
      2625, 2624, 2626, -1,
      2625, 2626, 2627, -1,
      2627, 2626, 2628, -1,
      2627, 2628, 2629, -1,
      2629, 2628, 2630, -1,
      2629, 2630, 2631, -1,
      2631, 2630, 2632, -1,
      2631, 2632, 2633, -1,
      2633, 2632, 2634, -1,
      2633, 2634, 2635, -1,
      2636, 2635, 2637, -1,
      2637, 2635, 2634, -1,
      2638, 2639, 2640, -1,
      2638, 2640, 2641, -1,
      2641, 2640, 2642, -1,
      2641, 2642, 2643, -1,
      2643, 2642, 2644, -1,
      2643, 2644, 2645, -1,
      2645, 2644, 2585, -1,
      2645, 2585, 2583, -1,
      2636, 2637, 2646, -1,
      2646, 2637, 2647, -1,
      2646, 2647, 2648, -1,
      2648, 2647, 2649, -1,
      2648, 2649, 2650, -1,
      2650, 2649, 2651, -1,
      2650, 2651, 2652, -1,
      2652, 2651, 2653, -1,
      1528, 1549, 1550, -1,
      1528, 1550, 1527, -1,
      1527, 1550, 1551, -1,
      1527, 1551, 1526, -1,
      1526, 1551, 1553, -1,
      1526, 1553, 1529, -1,
      1529, 1553, 1552, -1,
      1529, 1552, 1530, -1,
      1530, 1552, 1548, -1,
      1530, 1548, 1531, -1,
      1531, 1548, 1547, -1,
      1531, 1547, 1534, -1,
      1534, 1547, 1555, -1,
      1534, 1555, 1533, -1,
      1535, 1559, 1536, -1,
      1536, 1559, 1558, -1,
      1536, 1558, 2638, -1,
      2638, 1558, 2639, -1,
      1538, 1556, 1539, -1,
      1539, 1556, 1562, -1,
      1539, 1562, 1540, -1,
      1540, 1562, 1561, -1,
      1540, 1561, 1541, -1,
      1541, 1561, 1560, -1,
      1541, 1560, 1535, -1,
      1535, 1560, 1559, -1,
      1533, 1555, 1532, -1,
      1532, 1555, 1554, -1,
      1532, 1554, 1537, -1,
      1537, 1554, 1557, -1,
      1537, 1557, 1538, -1,
      1538, 1557, 1556, -1,
      1554, 2188, 1557, -1,
      1557, 2188, 2186, -1,
      1545, 1567, 1566, -1,
      1545, 1566, 1546, -1,
      1546, 1566, 1563, -1,
      1546, 1563, 1544, -1,
      1544, 1563, 1564, -1,
      1544, 1564, 1543, -1,
      1543, 1564, 1565, -1,
      1543, 1565, 1542, -1,
      2652, 2653, 19, -1,
      19, 2653, 22, -1,
      19, 22, 1545, -1,
      1545, 22, 1567, -1,
      2639, 1558, 2174, -1,
      2605, 2602, 2179, -1,
      2179, 2181, 2605, -1,
      2605, 2181, 2183, -1,
      2605, 2183, 2185, -1,
      2596, 2177, 2598, -1,
      2598, 2177, 2179, -1,
      2598, 2179, 2600, -1,
      2600, 2179, 2602, -1,
      2596, 2595, 2177, -1,
      2177, 2595, 2593, -1,
      2177, 2593, 2174, -1,
      2174, 2593, 2591, -1,
      2174, 2591, 2589, -1,
      2589, 2587, 2174, -1,
      2174, 2587, 2584, -1,
      2174, 2584, 2639, -1,
      2651, 2185, 2653, -1,
      2653, 2185, 20, -1,
      2653, 20, 22, -1,
      2584, 2585, 2639, -1,
      2639, 2585, 2644, -1,
      2639, 2644, 2640, -1,
      2640, 2644, 2642, -1,
      2616, 2614, 2637, -1,
      2634, 2632, 2621, -1,
      2621, 2632, 2630, -1,
      2621, 2630, 2628, -1,
      2634, 2621, 2637, -1,
      2637, 2621, 2618, -1,
      2637, 2618, 2616, -1,
      2614, 2612, 2637, -1,
      2637, 2612, 2610, -1,
      2637, 2610, 2608, -1,
      2628, 2626, 2621, -1,
      2621, 2626, 2624, -1,
      2621, 2624, 2622, -1,
      2651, 2649, 2185, -1,
      2185, 2649, 2647, -1,
      2185, 2647, 2605, -1,
      2605, 2647, 2637, -1,
      2605, 2637, 2606, -1,
      2606, 2637, 2608, -1,
      2171, 2173, 1537, -1,
      1537, 2173, 1532, -1,
      2601, 2603, 2162, -1,
      2582, 2586, 2159, -1,
      2652, 19, 17, -1,
      2162, 2603, 2164, -1,
      2164, 2603, 2604, -1,
      2164, 2604, 2166, -1,
      2168, 2646, 2648, -1,
      2159, 1536, 2638, -1,
      2168, 2648, 17, -1,
      17, 2648, 2650, -1,
      17, 2650, 2652, -1,
      2586, 2588, 2159, -1,
      2159, 2588, 2590, -1,
      2159, 2590, 2160, -1,
      2160, 2590, 2592, -1,
      2592, 2594, 2160, -1,
      2160, 2594, 2597, -1,
      2160, 2597, 2162, -1,
      2162, 2597, 2599, -1,
      2162, 2599, 2601, -1,
      2609, 2611, 2636, -1,
      2582, 2159, 2583, -1,
      2583, 2159, 2638, -1,
      2583, 2638, 2645, -1,
      2645, 2638, 2641, -1,
      2645, 2641, 2643, -1,
      2168, 2166, 2646, -1,
      2646, 2166, 2604, -1,
      2646, 2604, 2636, -1,
      2636, 2604, 2607, -1,
      2636, 2607, 2609, -1,
      2611, 2613, 2636, -1,
      2636, 2613, 2615, -1,
      2636, 2615, 2617, -1,
      2617, 2619, 2636, -1,
      2636, 2619, 2620, -1,
      2636, 2620, 2635, -1,
      2635, 2620, 2623, -1,
      2635, 2623, 2625, -1,
      2625, 2627, 2635, -1,
      2635, 2627, 2629, -1,
      2635, 2629, 2633, -1,
      2633, 2629, 2631, -1,
      2654, 2655, 2656, -1,
      2654, 2656, 2657, -1,
      2657, 2656, 2658, -1,
      2657, 2658, 2659, -1,
      2659, 2658, 2660, -1,
      2659, 2660, 2661, -1,
      2661, 2660, 2662, -1,
      2661, 2662, 2663, -1,
      2663, 2662, 2664, -1,
      2663, 2664, 2665, -1,
      2665, 2664, 2666, -1,
      2665, 2666, 2667, -1,
      2667, 2666, 2668, -1,
      2667, 2668, 2669, -1,
      2669, 2668, 2670, -1,
      2669, 2670, 2671, -1,
      2671, 2670, 2672, -1,
      2671, 2672, 2673, -1,
      2673, 2672, 2674, -1,
      2673, 2674, 2675, -1,
      2675, 2674, 2676, -1,
      2675, 2676, 2677, -1,
      2677, 2676, 2678, -1,
      2677, 2678, 2679, -1,
      186, 187, 2679, -1,
      2679, 187, 2654, -1,
      2659, 2661, 2669, -1,
      2671, 2673, 2654, -1,
      2671, 2654, 2669, -1,
      2669, 2654, 2657, -1,
      2669, 2657, 2659, -1,
      2661, 2663, 2669, -1,
      2669, 2663, 2665, -1,
      2669, 2665, 2667, -1,
      2673, 2675, 2654, -1,
      2654, 2675, 2677, -1,
      2654, 2677, 2679, -1,
      2670, 2668, 2655, -1,
      184, 185, 2655, -1,
      2655, 185, 2678, -1,
      2655, 2678, 2676, -1,
      2676, 2674, 2655, -1,
      2655, 2674, 2672, -1,
      2655, 2672, 2670, -1,
      2666, 2664, 2668, -1,
      2668, 2664, 2662, -1,
      2668, 2662, 2660, -1,
      2660, 2658, 2668, -1,
      2668, 2658, 2656, -1,
      2668, 2656, 2655, -1,
      186, 2679, 185, -1,
      185, 2679, 2678, -1,
      184, 2655, 187, -1,
      187, 2655, 2654, -1,
      2680, 2681, 2682, -1,
      2682, 2681, 2683, -1,
      2684, 123, 2681, -1,
      2681, 123, 124, -1,
      2681, 124, 2683, -1,
      2685, 2686, 2684, -1,
      2684, 2686, 2687, -1,
      2684, 2687, 123, -1,
      2688, 2689, 2690, -1,
      2690, 2689, 2691, -1,
      2692, 125, 2689, -1,
      2689, 125, 122, -1,
      2689, 122, 2691, -1,
      2693, 2694, 2692, -1,
      2692, 2694, 2695, -1,
      2692, 2695, 125, -1,
      124, 125, 2695, -1,
      124, 2695, 2683, -1,
      2683, 2695, 2694, -1,
      2683, 2694, 2682, -1,
      2682, 2694, 2693, -1,
      2682, 2693, 2680, -1,
      2680, 2693, 2692, -1,
      2680, 2692, 2681, -1,
      2684, 2681, 2689, -1,
      2689, 2681, 2692, -1,
      2684, 2689, 2688, -1,
      2684, 2688, 2685, -1,
      2685, 2688, 2690, -1,
      2685, 2690, 2686, -1,
      2686, 2690, 2691, -1,
      2686, 2691, 2687, -1,
      2687, 2691, 122, -1,
      2687, 122, 123, -1,
      2696, 2697, 2698, -1,
      2698, 2697, 2699, -1,
      2696, 2698, 2700, -1,
      2700, 2698, 2701, -1,
      2700, 2701, 2702, -1,
      2702, 2701, 2703, -1,
      2702, 2703, 2704, -1,
      2704, 2703, 2705, -1,
      2704, 2705, 2706, -1,
      2706, 2705, 2707, -1,
      2708, 2706, 2709, -1,
      2709, 2706, 2707, -1,
      2708, 2709, 2710, -1,
      2708, 2710, 2711, -1,
      2711, 2710, 2712, -1,
      2711, 2712, 2713, -1,
      2713, 2712, 2714, -1,
      2713, 2714, 2715, -1,
      2715, 2714, 2716, -1,
      2715, 2716, 2717, -1,
      2718, 2717, 2719, -1,
      2719, 2717, 2716, -1,
      2718, 2719, 2720, -1,
      2718, 2720, 2721, -1,
      2721, 2720, 2722, -1,
      2721, 2722, 2723, -1,
      2723, 2722, 2724, -1,
      2723, 2724, 2725, -1,
      2725, 2724, 2726, -1,
      2725, 2726, 2727, -1,
      2727, 2726, 2728, -1,
      2727, 2728, 2729, -1,
      2729, 2728, 2730, -1,
      2729, 2730, 2731, -1,
      2731, 2730, 2732, -1,
      2731, 2732, 2733, -1,
      2734, 2733, 2735, -1,
      2735, 2733, 2732, -1,
      2734, 2735, 2736, -1,
      2734, 2736, 2737, -1,
      2737, 2736, 2738, -1,
      2737, 2738, 2739, -1,
      2739, 2738, 2740, -1,
      2739, 2740, 2741, -1,
      2741, 2740, 2742, -1,
      2741, 2742, 2743, -1,
      2743, 2742, 2744, -1,
      2743, 2744, 2745, -1,
      2745, 2744, 2746, -1,
      2745, 2746, 2747, -1,
      2747, 2746, 2748, -1,
      2747, 2748, 2749, -1,
      2750, 2749, 2751, -1,
      2751, 2749, 2748, -1,
      2752, 2753, 2754, -1,
      2752, 2754, 2755, -1,
      2755, 2754, 2756, -1,
      2755, 2756, 2757, -1,
      2757, 2756, 2758, -1,
      2757, 2758, 2759, -1,
      2759, 2758, 2699, -1,
      2759, 2699, 2697, -1,
      2750, 2751, 2760, -1,
      2760, 2751, 2761, -1,
      2760, 2761, 2762, -1,
      2762, 2761, 2763, -1,
      2762, 2763, 2764, -1,
      2764, 2763, 2765, -1,
      2764, 2765, 2766, -1,
      2766, 2765, 2767, -1,
      1486, 1511, 1510, -1,
      1486, 1510, 1485, -1,
      1485, 1510, 1509, -1,
      1485, 1509, 1484, -1,
      1484, 1509, 1508, -1,
      1484, 1508, 1487, -1,
      1487, 1508, 1507, -1,
      1487, 1507, 1488, -1,
      1488, 1507, 1506, -1,
      1488, 1506, 1489, -1,
      1489, 1506, 1505, -1,
      1489, 1505, 1492, -1,
      1492, 1505, 1513, -1,
      1492, 1513, 1491, -1,
      1493, 1517, 1494, -1,
      1494, 1517, 1516, -1,
      1494, 1516, 2752, -1,
      2752, 1516, 2753, -1,
      1496, 1514, 1497, -1,
      1497, 1514, 1520, -1,
      1497, 1520, 1498, -1,
      1498, 1520, 1519, -1,
      1498, 1519, 1499, -1,
      1499, 1519, 1518, -1,
      1499, 1518, 1493, -1,
      1493, 1518, 1517, -1,
      1491, 1513, 1490, -1,
      1490, 1513, 1512, -1,
      1490, 1512, 1495, -1,
      1495, 1512, 1515, -1,
      1495, 1515, 1496, -1,
      1496, 1515, 1514, -1,
      1512, 2172, 1515, -1,
      1515, 2172, 2170, -1,
      1503, 1525, 1524, -1,
      1503, 1524, 1504, -1,
      1504, 1524, 1521, -1,
      1504, 1521, 1502, -1,
      1502, 1521, 1522, -1,
      1502, 1522, 1501, -1,
      1501, 1522, 1523, -1,
      1501, 1523, 1500, -1,
      2766, 2767, 15, -1,
      15, 2767, 18, -1,
      15, 18, 1503, -1,
      1503, 18, 1525, -1,
      2753, 1516, 2158, -1,
      2719, 2716, 2163, -1,
      2710, 2161, 2712, -1,
      2712, 2161, 2163, -1,
      2712, 2163, 2714, -1,
      2714, 2163, 2716, -1,
      2163, 2165, 2719, -1,
      2719, 2165, 2167, -1,
      2719, 2167, 2169, -1,
      2710, 2709, 2161, -1,
      2161, 2709, 2707, -1,
      2161, 2707, 2158, -1,
      2158, 2707, 2705, -1,
      2158, 2705, 2703, -1,
      2703, 2701, 2158, -1,
      2158, 2701, 2698, -1,
      2158, 2698, 2753, -1,
      2765, 2169, 2767, -1,
      2767, 2169, 16, -1,
      2767, 16, 18, -1,
      2698, 2699, 2753, -1,
      2753, 2699, 2758, -1,
      2753, 2758, 2754, -1,
      2754, 2758, 2756, -1,
      2730, 2728, 2751, -1,
      2748, 2746, 2735, -1,
      2735, 2746, 2744, -1,
      2735, 2744, 2742, -1,
      2748, 2735, 2751, -1,
      2751, 2735, 2732, -1,
      2751, 2732, 2730, -1,
      2728, 2726, 2751, -1,
      2751, 2726, 2724, -1,
      2751, 2724, 2722, -1,
      2742, 2740, 2735, -1,
      2735, 2740, 2738, -1,
      2735, 2738, 2736, -1,
      2765, 2763, 2169, -1,
      2169, 2763, 2761, -1,
      2169, 2761, 2719, -1,
      2719, 2761, 2751, -1,
      2719, 2751, 2720, -1,
      2720, 2751, 2722, -1,
      2155, 2157, 1495, -1,
      1495, 2157, 1490, -1,
      2715, 2717, 2146, -1,
      2696, 2700, 2143, -1,
      2766, 15, 13, -1,
      2146, 2717, 2148, -1,
      2148, 2717, 2718, -1,
      2148, 2718, 2150, -1,
      2152, 2760, 2762, -1,
      2143, 1494, 2752, -1,
      2152, 2762, 13, -1,
      13, 2762, 2764, -1,
      13, 2764, 2766, -1,
      2700, 2702, 2143, -1,
      2143, 2702, 2704, -1,
      2143, 2704, 2144, -1,
      2144, 2704, 2706, -1,
      2706, 2708, 2144, -1,
      2144, 2708, 2711, -1,
      2144, 2711, 2146, -1,
      2146, 2711, 2713, -1,
      2146, 2713, 2715, -1,
      2723, 2725, 2750, -1,
      2696, 2143, 2697, -1,
      2697, 2143, 2752, -1,
      2697, 2752, 2759, -1,
      2759, 2752, 2755, -1,
      2759, 2755, 2757, -1,
      2152, 2150, 2760, -1,
      2760, 2150, 2718, -1,
      2760, 2718, 2750, -1,
      2750, 2718, 2721, -1,
      2750, 2721, 2723, -1,
      2725, 2727, 2750, -1,
      2750, 2727, 2729, -1,
      2750, 2729, 2731, -1,
      2731, 2733, 2750, -1,
      2750, 2733, 2734, -1,
      2750, 2734, 2749, -1,
      2749, 2734, 2737, -1,
      2749, 2737, 2739, -1,
      2739, 2741, 2749, -1,
      2749, 2741, 2743, -1,
      2749, 2743, 2747, -1,
      2747, 2743, 2745, -1,
      2768, 2769, 2770, -1,
      2768, 2770, 2771, -1,
      2771, 2770, 2772, -1,
      2771, 2772, 2773, -1,
      2773, 2772, 2774, -1,
      2773, 2774, 2775, -1,
      2775, 2774, 2776, -1,
      2775, 2776, 2777, -1,
      2777, 2776, 2778, -1,
      2777, 2778, 2779, -1,
      2779, 2778, 2780, -1,
      2779, 2780, 2781, -1,
      2781, 2780, 2782, -1,
      2781, 2782, 2783, -1,
      2783, 2782, 2784, -1,
      2783, 2784, 2785, -1,
      2785, 2784, 2786, -1,
      2785, 2786, 2787, -1,
      2787, 2786, 2788, -1,
      2787, 2788, 2789, -1,
      2789, 2788, 2790, -1,
      2789, 2790, 2791, -1,
      2791, 2790, 2792, -1,
      2791, 2792, 2793, -1,
      182, 183, 2793, -1,
      2793, 183, 2768, -1,
      2773, 2775, 2783, -1,
      2785, 2787, 2768, -1,
      2785, 2768, 2783, -1,
      2783, 2768, 2771, -1,
      2783, 2771, 2773, -1,
      2775, 2777, 2783, -1,
      2783, 2777, 2779, -1,
      2783, 2779, 2781, -1,
      2787, 2789, 2768, -1,
      2768, 2789, 2791, -1,
      2768, 2791, 2793, -1,
      2784, 2782, 2769, -1,
      180, 181, 2769, -1,
      2769, 181, 2792, -1,
      2769, 2792, 2790, -1,
      2790, 2788, 2769, -1,
      2769, 2788, 2786, -1,
      2769, 2786, 2784, -1,
      2780, 2778, 2782, -1,
      2782, 2778, 2776, -1,
      2782, 2776, 2774, -1,
      2774, 2772, 2782, -1,
      2782, 2772, 2770, -1,
      2782, 2770, 2769, -1,
      182, 2793, 181, -1,
      181, 2793, 2792, -1,
      180, 2769, 183, -1,
      183, 2769, 2768, -1,
      2794, 2795, 2796, -1,
      2796, 2795, 2797, -1,
      2798, 119, 2795, -1,
      2795, 119, 120, -1,
      2795, 120, 2797, -1,
      2799, 2800, 2798, -1,
      2798, 2800, 2801, -1,
      2798, 2801, 119, -1,
      2802, 2803, 2804, -1,
      2804, 2803, 2805, -1,
      2806, 121, 2803, -1,
      2803, 121, 118, -1,
      2803, 118, 2805, -1,
      2807, 2808, 2806, -1,
      2806, 2808, 2809, -1,
      2806, 2809, 121, -1,
      120, 121, 2809, -1,
      120, 2809, 2797, -1,
      2797, 2809, 2808, -1,
      2797, 2808, 2796, -1,
      2796, 2808, 2807, -1,
      2796, 2807, 2794, -1,
      2794, 2807, 2806, -1,
      2794, 2806, 2795, -1,
      2798, 2795, 2803, -1,
      2803, 2795, 2806, -1,
      2798, 2803, 2802, -1,
      2798, 2802, 2799, -1,
      2799, 2802, 2804, -1,
      2799, 2804, 2800, -1,
      2800, 2804, 2805, -1,
      2800, 2805, 2801, -1,
      2801, 2805, 118, -1,
      2801, 118, 119, -1,
      2810, 2811, 2812, -1,
      2812, 2811, 2813, -1,
      2810, 2812, 2814, -1,
      2814, 2812, 2815, -1,
      2814, 2815, 2816, -1,
      2816, 2815, 2817, -1,
      2816, 2817, 2818, -1,
      2818, 2817, 2819, -1,
      2818, 2819, 2820, -1,
      2820, 2819, 2821, -1,
      2822, 2820, 2823, -1,
      2823, 2820, 2821, -1,
      2822, 2823, 2824, -1,
      2822, 2824, 2825, -1,
      2825, 2824, 2826, -1,
      2825, 2826, 2827, -1,
      2827, 2826, 2828, -1,
      2827, 2828, 2829, -1,
      2829, 2828, 2830, -1,
      2829, 2830, 2831, -1,
      2832, 2831, 2833, -1,
      2833, 2831, 2830, -1,
      2832, 2833, 2834, -1,
      2832, 2834, 2835, -1,
      2835, 2834, 2836, -1,
      2835, 2836, 2837, -1,
      2837, 2836, 2838, -1,
      2837, 2838, 2839, -1,
      2839, 2838, 2840, -1,
      2839, 2840, 2841, -1,
      2841, 2840, 2842, -1,
      2841, 2842, 2843, -1,
      2843, 2842, 2844, -1,
      2843, 2844, 2845, -1,
      2845, 2844, 2846, -1,
      2845, 2846, 2847, -1,
      2848, 2847, 2849, -1,
      2849, 2847, 2846, -1,
      2848, 2849, 2850, -1,
      2848, 2850, 2851, -1,
      2851, 2850, 2852, -1,
      2851, 2852, 2853, -1,
      2853, 2852, 2854, -1,
      2853, 2854, 2855, -1,
      2855, 2854, 2856, -1,
      2855, 2856, 2857, -1,
      2857, 2856, 2858, -1,
      2857, 2858, 2859, -1,
      2859, 2858, 2860, -1,
      2859, 2860, 2861, -1,
      2861, 2860, 2862, -1,
      2861, 2862, 2863, -1,
      2864, 2863, 2865, -1,
      2865, 2863, 2862, -1,
      2866, 2867, 2868, -1,
      2866, 2868, 2869, -1,
      2869, 2868, 2870, -1,
      2869, 2870, 2871, -1,
      2871, 2870, 2872, -1,
      2871, 2872, 2873, -1,
      2873, 2872, 2813, -1,
      2873, 2813, 2811, -1,
      2864, 2865, 2874, -1,
      2874, 2865, 2875, -1,
      2874, 2875, 2876, -1,
      2876, 2875, 2877, -1,
      2876, 2877, 2878, -1,
      2878, 2877, 2879, -1,
      2878, 2879, 2880, -1,
      2880, 2879, 2881, -1,
      1444, 1469, 1468, -1,
      1444, 1468, 1443, -1,
      1443, 1468, 1467, -1,
      1443, 1467, 1442, -1,
      1442, 1467, 1466, -1,
      1442, 1466, 1445, -1,
      1445, 1466, 1465, -1,
      1445, 1465, 1446, -1,
      1446, 1465, 1464, -1,
      1446, 1464, 1447, -1,
      1447, 1464, 1463, -1,
      1447, 1463, 1450, -1,
      1450, 1463, 1471, -1,
      1450, 1471, 1449, -1,
      1451, 1475, 1452, -1,
      1452, 1475, 1474, -1,
      1452, 1474, 2866, -1,
      2866, 1474, 2867, -1,
      1454, 1472, 1455, -1,
      1455, 1472, 1478, -1,
      1455, 1478, 1456, -1,
      1456, 1478, 1477, -1,
      1456, 1477, 1457, -1,
      1457, 1477, 1476, -1,
      1457, 1476, 1451, -1,
      1451, 1476, 1475, -1,
      1449, 1471, 1448, -1,
      1448, 1471, 1470, -1,
      1448, 1470, 1453, -1,
      1453, 1470, 1473, -1,
      1453, 1473, 1454, -1,
      1454, 1473, 1472, -1,
      1470, 2156, 1473, -1,
      1473, 2156, 2154, -1,
      1461, 1483, 1482, -1,
      1461, 1482, 1462, -1,
      1462, 1482, 1479, -1,
      1462, 1479, 1460, -1,
      1460, 1479, 1480, -1,
      1460, 1480, 1459, -1,
      1459, 1480, 1481, -1,
      1459, 1481, 1458, -1,
      2880, 2881, 11, -1,
      11, 2881, 14, -1,
      11, 14, 1461, -1,
      1461, 14, 1483, -1,
      2867, 1474, 2142, -1,
      2833, 2830, 2147, -1,
      2824, 2145, 2826, -1,
      2826, 2145, 2147, -1,
      2826, 2147, 2828, -1,
      2828, 2147, 2830, -1,
      2147, 2149, 2833, -1,
      2833, 2149, 2151, -1,
      2833, 2151, 2153, -1,
      2824, 2823, 2145, -1,
      2145, 2823, 2821, -1,
      2145, 2821, 2142, -1,
      2142, 2821, 2819, -1,
      2142, 2819, 2817, -1,
      2817, 2815, 2142, -1,
      2142, 2815, 2812, -1,
      2142, 2812, 2867, -1,
      2879, 2153, 2881, -1,
      2881, 2153, 12, -1,
      2881, 12, 14, -1,
      2812, 2813, 2867, -1,
      2867, 2813, 2872, -1,
      2867, 2872, 2868, -1,
      2868, 2872, 2870, -1,
      2844, 2842, 2865, -1,
      2862, 2860, 2849, -1,
      2849, 2860, 2858, -1,
      2849, 2858, 2856, -1,
      2862, 2849, 2865, -1,
      2865, 2849, 2846, -1,
      2865, 2846, 2844, -1,
      2842, 2840, 2865, -1,
      2865, 2840, 2838, -1,
      2865, 2838, 2836, -1,
      2856, 2854, 2849, -1,
      2849, 2854, 2852, -1,
      2849, 2852, 2850, -1,
      2879, 2877, 2153, -1,
      2153, 2877, 2875, -1,
      2153, 2875, 2833, -1,
      2833, 2875, 2865, -1,
      2833, 2865, 2834, -1,
      2834, 2865, 2836, -1,
      2139, 2141, 1453, -1,
      1453, 2141, 1448, -1,
      2810, 2814, 2127, -1,
      2880, 11, 9, -1,
      2127, 1452, 2866, -1,
      2136, 2874, 2876, -1,
      2814, 2816, 2127, -1,
      2127, 2816, 2818, -1,
      2127, 2818, 2128, -1,
      2128, 2818, 2820, -1,
      2136, 2876, 9, -1,
      9, 2876, 2878, -1,
      9, 2878, 2880, -1,
      2820, 2822, 2128, -1,
      2128, 2822, 2825, -1,
      2128, 2825, 2130, -1,
      2130, 2825, 2827, -1,
      2827, 2829, 2130, -1,
      2130, 2829, 2831, -1,
      2130, 2831, 2132, -1,
      2132, 2831, 2832, -1,
      2132, 2832, 2134, -1,
      2837, 2839, 2864, -1,
      2810, 2127, 2811, -1,
      2811, 2127, 2866, -1,
      2811, 2866, 2873, -1,
      2873, 2866, 2869, -1,
      2873, 2869, 2871, -1,
      2136, 2134, 2874, -1,
      2874, 2134, 2832, -1,
      2874, 2832, 2864, -1,
      2864, 2832, 2835, -1,
      2864, 2835, 2837, -1,
      2839, 2841, 2864, -1,
      2864, 2841, 2843, -1,
      2864, 2843, 2845, -1,
      2845, 2847, 2864, -1,
      2864, 2847, 2848, -1,
      2864, 2848, 2863, -1,
      2863, 2848, 2851, -1,
      2863, 2851, 2853, -1,
      2853, 2855, 2863, -1,
      2863, 2855, 2857, -1,
      2863, 2857, 2861, -1,
      2861, 2857, 2859, -1,
      2882, 2883, 2884, -1,
      2882, 2884, 2885, -1,
      2885, 2884, 2886, -1,
      2885, 2886, 2887, -1,
      2887, 2886, 2888, -1,
      2887, 2888, 2889, -1,
      2889, 2888, 2890, -1,
      2889, 2890, 2891, -1,
      2891, 2890, 2892, -1,
      2891, 2892, 2893, -1,
      2893, 2892, 2894, -1,
      2893, 2894, 2895, -1,
      2895, 2894, 2896, -1,
      2895, 2896, 2897, -1,
      2897, 2896, 2898, -1,
      2897, 2898, 2899, -1,
      2899, 2898, 2900, -1,
      2899, 2900, 2901, -1,
      2901, 2900, 2902, -1,
      2901, 2902, 2903, -1,
      2903, 2902, 2904, -1,
      2903, 2904, 2905, -1,
      2905, 2904, 2906, -1,
      2905, 2906, 2907, -1,
      178, 179, 2907, -1,
      2907, 179, 2882, -1,
      2887, 2889, 2897, -1,
      2899, 2901, 2882, -1,
      2899, 2882, 2897, -1,
      2897, 2882, 2885, -1,
      2897, 2885, 2887, -1,
      2889, 2891, 2897, -1,
      2897, 2891, 2893, -1,
      2897, 2893, 2895, -1,
      2901, 2903, 2882, -1,
      2882, 2903, 2905, -1,
      2882, 2905, 2907, -1,
      2898, 2896, 2883, -1,
      176, 177, 2883, -1,
      2883, 177, 2906, -1,
      2883, 2906, 2904, -1,
      2904, 2902, 2883, -1,
      2883, 2902, 2900, -1,
      2883, 2900, 2898, -1,
      2894, 2892, 2896, -1,
      2896, 2892, 2890, -1,
      2896, 2890, 2888, -1,
      2888, 2886, 2896, -1,
      2896, 2886, 2884, -1,
      2896, 2884, 2883, -1,
      178, 2907, 177, -1,
      177, 2907, 2906, -1,
      176, 2883, 179, -1,
      179, 2883, 2882, -1,
      2908, 2909, 2910, -1,
      2910, 2909, 2911, -1,
      2912, 115, 2909, -1,
      2909, 115, 116, -1,
      2909, 116, 2911, -1,
      2913, 2914, 2912, -1,
      2912, 2914, 2915, -1,
      2912, 2915, 115, -1,
      2916, 2917, 2918, -1,
      2918, 2917, 2919, -1,
      2920, 117, 2917, -1,
      2917, 117, 114, -1,
      2917, 114, 2919, -1,
      2921, 2922, 2920, -1,
      2920, 2922, 2923, -1,
      2920, 2923, 117, -1,
      116, 117, 2923, -1,
      116, 2923, 2911, -1,
      2911, 2923, 2922, -1,
      2911, 2922, 2910, -1,
      2910, 2922, 2921, -1,
      2910, 2921, 2908, -1,
      2908, 2921, 2920, -1,
      2908, 2920, 2909, -1,
      2912, 2909, 2917, -1,
      2917, 2909, 2920, -1,
      2912, 2917, 2916, -1,
      2912, 2916, 2913, -1,
      2913, 2916, 2918, -1,
      2913, 2918, 2914, -1,
      2914, 2918, 2919, -1,
      2914, 2919, 2915, -1,
      2915, 2919, 114, -1,
      2915, 114, 115, -1,
      2924, 2925, 2926, -1,
      2926, 2925, 2927, -1,
      2924, 2926, 2928, -1,
      2928, 2926, 2929, -1,
      2928, 2929, 2930, -1,
      2930, 2929, 2931, -1,
      2930, 2931, 2932, -1,
      2932, 2931, 2933, -1,
      2932, 2933, 2934, -1,
      2934, 2933, 2935, -1,
      2936, 2934, 2937, -1,
      2937, 2934, 2935, -1,
      2936, 2937, 2938, -1,
      2936, 2938, 2939, -1,
      2939, 2938, 2940, -1,
      2939, 2940, 2941, -1,
      2941, 2940, 2942, -1,
      2941, 2942, 2943, -1,
      2943, 2942, 2944, -1,
      2943, 2944, 2945, -1,
      2946, 2945, 2947, -1,
      2947, 2945, 2944, -1,
      2946, 2947, 2948, -1,
      2946, 2948, 2949, -1,
      2949, 2948, 2950, -1,
      2949, 2950, 2951, -1,
      2951, 2950, 2952, -1,
      2951, 2952, 2953, -1,
      2953, 2952, 2954, -1,
      2953, 2954, 2955, -1,
      2955, 2954, 2956, -1,
      2955, 2956, 2957, -1,
      2957, 2956, 2958, -1,
      2957, 2958, 2959, -1,
      2959, 2958, 2960, -1,
      2959, 2960, 2961, -1,
      2962, 2961, 2963, -1,
      2963, 2961, 2960, -1,
      2962, 2963, 2964, -1,
      2962, 2964, 2965, -1,
      2965, 2964, 2966, -1,
      2965, 2966, 2967, -1,
      2967, 2966, 2968, -1,
      2967, 2968, 2969, -1,
      2969, 2968, 2970, -1,
      2969, 2970, 2971, -1,
      2971, 2970, 2972, -1,
      2971, 2972, 2973, -1,
      2973, 2972, 2974, -1,
      2973, 2974, 2975, -1,
      2975, 2974, 2976, -1,
      2975, 2976, 2977, -1,
      2978, 2977, 2979, -1,
      2979, 2977, 2976, -1,
      2980, 2981, 2982, -1,
      2980, 2982, 2983, -1,
      2983, 2982, 2984, -1,
      2983, 2984, 2985, -1,
      2985, 2984, 2986, -1,
      2985, 2986, 2987, -1,
      2987, 2986, 2927, -1,
      2987, 2927, 2925, -1,
      2978, 2979, 2988, -1,
      2988, 2979, 2989, -1,
      2988, 2989, 2990, -1,
      2990, 2989, 2991, -1,
      2990, 2991, 2992, -1,
      2992, 2991, 2993, -1,
      2992, 2993, 2994, -1,
      2994, 2993, 2995, -1,
      1402, 1427, 1426, -1,
      1402, 1426, 1401, -1,
      1401, 1426, 1425, -1,
      1401, 1425, 1400, -1,
      1400, 1425, 1424, -1,
      1400, 1424, 1403, -1,
      1403, 1424, 1423, -1,
      1403, 1423, 1404, -1,
      1404, 1423, 1422, -1,
      1404, 1422, 1405, -1,
      1405, 1422, 1421, -1,
      1405, 1421, 1408, -1,
      1408, 1421, 1429, -1,
      1408, 1429, 1407, -1,
      1409, 1433, 1410, -1,
      1410, 1433, 1432, -1,
      1410, 1432, 2980, -1,
      2980, 1432, 2981, -1,
      1412, 1430, 1413, -1,
      1413, 1430, 1436, -1,
      1413, 1436, 1414, -1,
      1414, 1436, 1435, -1,
      1414, 1435, 1415, -1,
      1415, 1435, 1434, -1,
      1415, 1434, 1409, -1,
      1409, 1434, 1433, -1,
      1407, 1429, 1406, -1,
      1406, 1429, 1428, -1,
      1406, 1428, 1411, -1,
      1411, 1428, 1431, -1,
      1411, 1431, 1412, -1,
      1412, 1431, 1430, -1,
      1428, 2140, 1431, -1,
      1431, 2140, 2138, -1,
      1419, 1441, 1440, -1,
      1419, 1440, 1420, -1,
      1420, 1440, 1437, -1,
      1420, 1437, 1418, -1,
      1418, 1437, 1438, -1,
      1418, 1438, 1417, -1,
      1417, 1438, 1439, -1,
      1417, 1439, 1416, -1,
      2994, 2995, 7, -1,
      7, 2995, 10, -1,
      7, 10, 1419, -1,
      1419, 10, 1441, -1,
      2981, 1432, 2126, -1,
      2126, 2933, 2931, -1,
      2947, 2135, 2137, -1,
      2933, 2126, 2935, -1,
      2935, 2126, 2129, -1,
      2935, 2129, 2937, -1,
      2931, 2929, 2126, -1,
      2126, 2929, 2926, -1,
      2126, 2926, 2981, -1,
      2944, 2942, 2131, -1,
      2131, 2942, 2940, -1,
      2131, 2940, 2129, -1,
      2129, 2940, 2938, -1,
      2129, 2938, 2937, -1,
      2944, 2131, 2947, -1,
      2947, 2131, 2133, -1,
      2947, 2133, 2135, -1,
      2926, 2927, 2981, -1,
      2981, 2927, 2986, -1,
      2981, 2986, 2982, -1,
      2982, 2986, 2984, -1,
      2993, 2137, 2995, -1,
      2995, 2137, 8, -1,
      2995, 8, 10, -1,
      2958, 2956, 2979, -1,
      2976, 2974, 2963, -1,
      2963, 2974, 2972, -1,
      2963, 2972, 2970, -1,
      2976, 2963, 2979, -1,
      2979, 2963, 2960, -1,
      2979, 2960, 2958, -1,
      2956, 2954, 2979, -1,
      2979, 2954, 2952, -1,
      2979, 2952, 2950, -1,
      2970, 2968, 2963, -1,
      2963, 2968, 2966, -1,
      2963, 2966, 2964, -1,
      2993, 2991, 2137, -1,
      2137, 2991, 2989, -1,
      2137, 2989, 2947, -1,
      2947, 2989, 2979, -1,
      2947, 2979, 2948, -1,
      2948, 2979, 2950, -1,
      2123, 2125, 1411, -1,
      1411, 2125, 1406, -1,
      2119, 2117, 2946, -1,
      2994, 7, 6, -1,
      2924, 2928, 2111, -1,
      2113, 2988, 2990, -1,
      2946, 2117, 2945, -1,
      2945, 2117, 2115, -1,
      2945, 2115, 2943, -1,
      2113, 2990, 6, -1,
      6, 2990, 2992, -1,
      6, 2992, 2994, -1,
      2111, 1410, 2980, -1,
      2928, 2930, 2111, -1,
      2111, 2930, 2932, -1,
      2111, 2932, 2112, -1,
      2112, 2932, 2934, -1,
      2934, 2936, 2112, -1,
      2112, 2936, 2939, -1,
      2112, 2939, 2115, -1,
      2115, 2939, 2941, -1,
      2115, 2941, 2943, -1,
      2951, 2953, 2978, -1,
      2924, 2111, 2925, -1,
      2925, 2111, 2980, -1,
      2925, 2980, 2987, -1,
      2987, 2980, 2983, -1,
      2987, 2983, 2985, -1,
      2113, 2119, 2988, -1,
      2988, 2119, 2946, -1,
      2988, 2946, 2978, -1,
      2978, 2946, 2949, -1,
      2978, 2949, 2951, -1,
      2953, 2955, 2978, -1,
      2978, 2955, 2957, -1,
      2978, 2957, 2959, -1,
      2959, 2961, 2978, -1,
      2978, 2961, 2962, -1,
      2978, 2962, 2977, -1,
      2977, 2962, 2965, -1,
      2977, 2965, 2967, -1,
      2967, 2969, 2977, -1,
      2977, 2969, 2971, -1,
      2977, 2971, 2975, -1,
      2975, 2971, 2973, -1,
      2996, 2997, 2998, -1,
      2996, 2998, 2999, -1,
      2999, 2998, 3000, -1,
      2999, 3000, 3001, -1,
      3001, 3000, 3002, -1,
      3001, 3002, 3003, -1,
      3003, 3002, 3004, -1,
      3003, 3004, 3005, -1,
      3005, 3004, 3006, -1,
      3005, 3006, 3007, -1,
      3007, 3006, 3008, -1,
      3007, 3008, 3009, -1,
      3009, 3008, 3010, -1,
      3009, 3010, 3011, -1,
      3011, 3010, 3012, -1,
      3011, 3012, 3013, -1,
      3013, 3012, 3014, -1,
      3013, 3014, 3015, -1,
      3015, 3014, 3016, -1,
      3015, 3016, 3017, -1,
      3017, 3016, 3018, -1,
      3017, 3018, 3019, -1,
      3019, 3018, 3020, -1,
      3019, 3020, 3021, -1,
      174, 175, 3021, -1,
      3021, 175, 2996, -1,
      3001, 3003, 3011, -1,
      3013, 3015, 2996, -1,
      3013, 2996, 3011, -1,
      3011, 2996, 2999, -1,
      3011, 2999, 3001, -1,
      3003, 3005, 3011, -1,
      3011, 3005, 3007, -1,
      3011, 3007, 3009, -1,
      3015, 3017, 2996, -1,
      2996, 3017, 3019, -1,
      2996, 3019, 3021, -1,
      3012, 3010, 2997, -1,
      172, 173, 2997, -1,
      2997, 173, 3020, -1,
      2997, 3020, 3018, -1,
      3018, 3016, 2997, -1,
      2997, 3016, 3014, -1,
      2997, 3014, 3012, -1,
      3008, 3006, 3010, -1,
      3010, 3006, 3004, -1,
      3010, 3004, 3002, -1,
      3002, 3000, 3010, -1,
      3010, 3000, 2998, -1,
      3010, 2998, 2997, -1,
      174, 3021, 173, -1,
      173, 3021, 3020, -1,
      172, 2997, 175, -1,
      175, 2997, 2996, -1,
      3022, 3023, 3024, -1,
      3024, 3023, 3025, -1,
      3026, 111, 3023, -1,
      3023, 111, 112, -1,
      3023, 112, 3025, -1,
      3027, 3028, 3026, -1,
      3026, 3028, 3029, -1,
      3026, 3029, 111, -1,
      3030, 3031, 3032, -1,
      3032, 3031, 3033, -1,
      3034, 113, 3031, -1,
      3031, 113, 110, -1,
      3031, 110, 3033, -1,
      3035, 3036, 3034, -1,
      3034, 3036, 3037, -1,
      3034, 3037, 113, -1,
      112, 113, 3037, -1,
      112, 3037, 3025, -1,
      3025, 3037, 3036, -1,
      3025, 3036, 3024, -1,
      3024, 3036, 3035, -1,
      3024, 3035, 3022, -1,
      3022, 3035, 3034, -1,
      3022, 3034, 3023, -1,
      3026, 3023, 3031, -1,
      3031, 3023, 3034, -1,
      3026, 3031, 3030, -1,
      3026, 3030, 3027, -1,
      3027, 3030, 3032, -1,
      3027, 3032, 3028, -1,
      3028, 3032, 3033, -1,
      3028, 3033, 3029, -1,
      3029, 3033, 110, -1,
      3029, 110, 111, -1,
      3038, 3039, 3040, -1,
      3040, 3039, 3041, -1,
      3038, 3040, 3042, -1,
      3042, 3040, 3043, -1,
      3042, 3043, 3044, -1,
      3044, 3043, 3045, -1,
      3044, 3045, 3046, -1,
      3046, 3045, 3047, -1,
      3046, 3047, 3048, -1,
      3048, 3047, 3049, -1,
      3050, 3048, 3051, -1,
      3051, 3048, 3049, -1,
      3050, 3051, 3052, -1,
      3050, 3052, 3053, -1,
      3053, 3052, 3054, -1,
      3053, 3054, 3055, -1,
      3055, 3054, 3056, -1,
      3055, 3056, 3057, -1,
      3057, 3056, 3058, -1,
      3057, 3058, 3059, -1,
      3060, 3059, 3061, -1,
      3061, 3059, 3058, -1,
      3060, 3061, 3062, -1,
      3060, 3062, 3063, -1,
      3063, 3062, 3064, -1,
      3063, 3064, 3065, -1,
      3065, 3064, 3066, -1,
      3065, 3066, 3067, -1,
      3067, 3066, 3068, -1,
      3067, 3068, 3069, -1,
      3069, 3068, 3070, -1,
      3069, 3070, 3071, -1,
      3071, 3070, 3072, -1,
      3071, 3072, 3073, -1,
      3073, 3072, 3074, -1,
      3073, 3074, 3075, -1,
      3076, 3075, 3077, -1,
      3077, 3075, 3074, -1,
      3076, 3077, 3078, -1,
      3076, 3078, 3079, -1,
      3079, 3078, 3080, -1,
      3079, 3080, 3081, -1,
      3081, 3080, 3082, -1,
      3081, 3082, 3083, -1,
      3083, 3082, 3084, -1,
      3083, 3084, 3085, -1,
      3085, 3084, 3086, -1,
      3085, 3086, 3087, -1,
      3087, 3086, 3088, -1,
      3087, 3088, 3089, -1,
      3089, 3088, 3090, -1,
      3089, 3090, 3091, -1,
      3092, 3091, 3093, -1,
      3093, 3091, 3090, -1,
      3094, 3095, 3096, -1,
      3094, 3096, 3097, -1,
      3097, 3096, 3098, -1,
      3097, 3098, 3099, -1,
      3099, 3098, 3100, -1,
      3099, 3100, 3101, -1,
      3101, 3100, 3041, -1,
      3101, 3041, 3039, -1,
      3092, 3093, 3102, -1,
      3102, 3093, 3103, -1,
      3102, 3103, 3104, -1,
      3104, 3103, 3105, -1,
      3104, 3105, 3106, -1,
      3106, 3105, 3107, -1,
      3106, 3107, 3108, -1,
      3108, 3107, 3109, -1,
      1360, 1385, 1384, -1,
      1360, 1384, 1359, -1,
      1359, 1384, 1383, -1,
      1359, 1383, 1358, -1,
      1358, 1383, 1382, -1,
      1358, 1382, 1361, -1,
      1361, 1382, 1381, -1,
      1361, 1381, 1362, -1,
      1362, 1381, 1380, -1,
      1362, 1380, 1363, -1,
      1363, 1380, 1379, -1,
      1363, 1379, 1366, -1,
      1366, 1379, 1387, -1,
      1366, 1387, 1365, -1,
      1367, 1391, 1368, -1,
      1368, 1391, 1390, -1,
      1368, 1390, 3094, -1,
      3094, 1390, 3095, -1,
      1370, 1388, 1371, -1,
      1371, 1388, 1394, -1,
      1371, 1394, 1372, -1,
      1372, 1394, 1393, -1,
      1372, 1393, 1373, -1,
      1373, 1393, 1392, -1,
      1373, 1392, 1367, -1,
      1367, 1392, 1391, -1,
      1365, 1387, 1364, -1,
      1364, 1387, 1386, -1,
      1364, 1386, 1369, -1,
      1369, 1386, 1389, -1,
      1369, 1389, 1370, -1,
      1370, 1389, 1388, -1,
      1386, 2124, 1389, -1,
      1389, 2124, 2122, -1,
      1377, 1399, 1398, -1,
      1377, 1398, 1378, -1,
      1378, 1398, 1395, -1,
      1378, 1395, 1376, -1,
      1376, 1395, 1396, -1,
      1376, 1396, 1375, -1,
      1375, 1396, 1397, -1,
      1375, 1397, 1374, -1,
      3108, 3109, 55, -1,
      55, 3109, 56, -1,
      55, 56, 1377, -1,
      1377, 56, 1399, -1,
      3095, 1390, 2110, -1,
      3061, 3058, 2116, -1,
      2116, 2118, 3061, -1,
      3061, 2118, 2120, -1,
      3061, 2120, 2121, -1,
      3052, 2114, 3054, -1,
      3054, 2114, 2116, -1,
      3054, 2116, 3056, -1,
      3056, 2116, 3058, -1,
      3052, 3051, 2114, -1,
      2114, 3051, 3049, -1,
      2114, 3049, 2110, -1,
      2110, 3049, 3047, -1,
      2110, 3047, 3045, -1,
      3045, 3043, 2110, -1,
      2110, 3043, 3040, -1,
      2110, 3040, 3095, -1,
      3107, 2121, 3109, -1,
      3109, 2121, 57, -1,
      3109, 57, 56, -1,
      3040, 3041, 3095, -1,
      3095, 3041, 3100, -1,
      3095, 3100, 3096, -1,
      3096, 3100, 3098, -1,
      3072, 3070, 3093, -1,
      3090, 3088, 3077, -1,
      3077, 3088, 3086, -1,
      3077, 3086, 3084, -1,
      3090, 3077, 3093, -1,
      3093, 3077, 3074, -1,
      3093, 3074, 3072, -1,
      3070, 3068, 3093, -1,
      3093, 3068, 3066, -1,
      3093, 3066, 3064, -1,
      3084, 3082, 3077, -1,
      3077, 3082, 3080, -1,
      3077, 3080, 3078, -1,
      3107, 3105, 2121, -1,
      2121, 3105, 3103, -1,
      2121, 3103, 3061, -1,
      3061, 3103, 3093, -1,
      3061, 3093, 3062, -1,
      3062, 3093, 3064, -1,
      2107, 2109, 1369, -1,
      1369, 2109, 1364, -1,
      2102, 2100, 3060, -1,
      3108, 55, 53, -1,
      3038, 3042, 2095, -1,
      2104, 3102, 3104, -1,
      3060, 2100, 3059, -1,
      3059, 2100, 2098, -1,
      3059, 2098, 3057, -1,
      2104, 3104, 53, -1,
      53, 3104, 3106, -1,
      53, 3106, 3108, -1,
      2095, 1368, 3094, -1,
      3042, 3044, 2095, -1,
      2095, 3044, 3046, -1,
      2095, 3046, 2096, -1,
      2096, 3046, 3048, -1,
      3048, 3050, 2096, -1,
      2096, 3050, 3053, -1,
      2096, 3053, 2098, -1,
      2098, 3053, 3055, -1,
      2098, 3055, 3057, -1,
      3065, 3067, 3092, -1,
      3038, 2095, 3039, -1,
      3039, 2095, 3094, -1,
      3039, 3094, 3101, -1,
      3101, 3094, 3097, -1,
      3101, 3097, 3099, -1,
      2104, 2102, 3102, -1,
      3102, 2102, 3060, -1,
      3102, 3060, 3092, -1,
      3092, 3060, 3063, -1,
      3092, 3063, 3065, -1,
      3067, 3069, 3092, -1,
      3092, 3069, 3071, -1,
      3092, 3071, 3073, -1,
      3073, 3075, 3092, -1,
      3092, 3075, 3076, -1,
      3092, 3076, 3091, -1,
      3091, 3076, 3079, -1,
      3091, 3079, 3081, -1,
      3081, 3083, 3091, -1,
      3091, 3083, 3085, -1,
      3091, 3085, 3089, -1,
      3089, 3085, 3087, -1,
      3110, 3111, 3112, -1,
      3110, 3112, 3113, -1,
      3113, 3112, 3114, -1,
      3113, 3114, 3115, -1,
      3115, 3114, 3116, -1,
      3115, 3116, 3117, -1,
      3117, 3116, 3118, -1,
      3117, 3118, 3119, -1,
      3119, 3118, 3120, -1,
      3119, 3120, 3121, -1,
      3121, 3120, 3122, -1,
      3121, 3122, 3123, -1,
      3123, 3122, 3124, -1,
      3123, 3124, 3125, -1,
      3125, 3124, 3126, -1,
      3125, 3126, 3127, -1,
      3127, 3126, 3128, -1,
      3127, 3128, 3129, -1,
      3129, 3128, 3130, -1,
      3129, 3130, 3131, -1,
      3131, 3130, 3132, -1,
      3131, 3132, 3133, -1,
      3133, 3132, 3134, -1,
      3133, 3134, 3135, -1,
      166, 171, 3135, -1,
      3135, 171, 3110, -1,
      3115, 3117, 3125, -1,
      3127, 3129, 3110, -1,
      3127, 3110, 3125, -1,
      3125, 3110, 3113, -1,
      3125, 3113, 3115, -1,
      3117, 3119, 3125, -1,
      3125, 3119, 3121, -1,
      3125, 3121, 3123, -1,
      3129, 3131, 3110, -1,
      3110, 3131, 3133, -1,
      3110, 3133, 3135, -1,
      3126, 3124, 3111, -1,
      170, 167, 3111, -1,
      3111, 167, 3134, -1,
      3111, 3134, 3132, -1,
      3132, 3130, 3111, -1,
      3111, 3130, 3128, -1,
      3111, 3128, 3126, -1,
      3122, 3120, 3124, -1,
      3124, 3120, 3118, -1,
      3124, 3118, 3116, -1,
      3116, 3114, 3124, -1,
      3124, 3114, 3112, -1,
      3124, 3112, 3111, -1,
      166, 3135, 167, -1,
      167, 3135, 3134, -1,
      170, 3111, 171, -1,
      171, 3111, 3110, -1,
      3136, 3137, 3138, -1,
      3138, 3137, 3139, -1,
      3140, 106, 3137, -1,
      3137, 106, 109, -1,
      3137, 109, 3139, -1,
      3141, 3142, 3140, -1,
      3140, 3142, 3143, -1,
      3140, 3143, 106, -1,
      3144, 3145, 3146, -1,
      3146, 3145, 3147, -1,
      3148, 108, 3145, -1,
      3145, 108, 107, -1,
      3145, 107, 3147, -1,
      3149, 3150, 3148, -1,
      3148, 3150, 3151, -1,
      3148, 3151, 108, -1,
      109, 108, 3151, -1,
      109, 3151, 3139, -1,
      3139, 3151, 3150, -1,
      3139, 3150, 3138, -1,
      3138, 3150, 3149, -1,
      3138, 3149, 3136, -1,
      3136, 3149, 3148, -1,
      3136, 3148, 3137, -1,
      3140, 3137, 3145, -1,
      3145, 3137, 3148, -1,
      3140, 3145, 3144, -1,
      3140, 3144, 3141, -1,
      3141, 3144, 3146, -1,
      3141, 3146, 3142, -1,
      3142, 3146, 3147, -1,
      3142, 3147, 3143, -1,
      3143, 3147, 107, -1,
      3143, 107, 106, -1,
      3152, 3153, 3154, -1,
      3154, 3153, 3155, -1,
      3152, 3154, 3156, -1,
      3156, 3154, 3157, -1,
      3156, 3157, 3158, -1,
      3158, 3157, 3159, -1,
      3158, 3159, 3160, -1,
      3160, 3159, 3161, -1,
      3160, 3161, 3162, -1,
      3162, 3161, 3163, -1,
      3164, 3162, 3165, -1,
      3165, 3162, 3163, -1,
      3164, 3165, 3166, -1,
      3164, 3166, 3167, -1,
      3167, 3166, 3168, -1,
      3167, 3168, 3169, -1,
      3169, 3168, 3170, -1,
      3169, 3170, 3171, -1,
      3171, 3170, 3172, -1,
      3171, 3172, 3173, -1,
      3174, 3173, 3175, -1,
      3175, 3173, 3172, -1,
      3174, 3175, 3176, -1,
      3174, 3176, 3177, -1,
      3177, 3176, 3178, -1,
      3177, 3178, 3179, -1,
      3179, 3178, 3180, -1,
      3179, 3180, 3181, -1,
      3181, 3180, 3182, -1,
      3181, 3182, 3183, -1,
      3183, 3182, 3184, -1,
      3183, 3184, 3185, -1,
      3185, 3184, 3186, -1,
      3185, 3186, 3187, -1,
      3187, 3186, 3188, -1,
      3187, 3188, 3189, -1,
      3190, 3189, 3191, -1,
      3191, 3189, 3188, -1,
      3190, 3191, 3192, -1,
      3190, 3192, 3193, -1,
      3193, 3192, 3194, -1,
      3193, 3194, 3195, -1,
      3195, 3194, 3196, -1,
      3195, 3196, 3197, -1,
      3197, 3196, 3198, -1,
      3197, 3198, 3199, -1,
      3199, 3198, 3200, -1,
      3199, 3200, 3201, -1,
      3201, 3200, 3202, -1,
      3201, 3202, 3203, -1,
      3203, 3202, 3204, -1,
      3203, 3204, 3205, -1,
      3206, 3205, 3207, -1,
      3207, 3205, 3204, -1,
      3208, 3209, 3210, -1,
      3208, 3210, 3211, -1,
      3211, 3210, 3212, -1,
      3211, 3212, 3213, -1,
      3213, 3212, 3214, -1,
      3213, 3214, 3215, -1,
      3215, 3214, 3155, -1,
      3215, 3155, 3153, -1,
      3206, 3207, 3216, -1,
      3216, 3207, 3217, -1,
      3216, 3217, 3218, -1,
      3218, 3217, 3219, -1,
      3218, 3219, 3220, -1,
      3220, 3219, 3221, -1,
      3220, 3221, 3222, -1,
      3222, 3221, 3223, -1,
      1318, 1339, 1340, -1,
      1318, 1340, 1317, -1,
      1317, 1340, 1341, -1,
      1317, 1341, 1316, -1,
      1316, 1341, 1343, -1,
      1316, 1343, 1319, -1,
      1319, 1343, 1342, -1,
      1319, 1342, 1320, -1,
      1320, 1342, 1338, -1,
      1320, 1338, 1321, -1,
      1321, 1338, 1337, -1,
      1321, 1337, 1324, -1,
      1324, 1337, 1345, -1,
      1324, 1345, 1323, -1,
      1325, 1349, 1326, -1,
      1326, 1349, 1348, -1,
      1326, 1348, 3208, -1,
      3208, 1348, 3209, -1,
      1328, 1346, 1329, -1,
      1329, 1346, 1352, -1,
      1329, 1352, 1330, -1,
      1330, 1352, 1351, -1,
      1330, 1351, 1331, -1,
      1331, 1351, 1350, -1,
      1331, 1350, 1325, -1,
      1325, 1350, 1349, -1,
      1323, 1345, 1322, -1,
      1322, 1345, 1344, -1,
      1322, 1344, 1327, -1,
      1327, 1344, 1347, -1,
      1327, 1347, 1328, -1,
      1328, 1347, 1346, -1,
      1344, 2108, 1347, -1,
      1347, 2108, 2106, -1,
      1335, 1357, 1356, -1,
      1335, 1356, 1336, -1,
      1336, 1356, 1353, -1,
      1336, 1353, 1334, -1,
      1334, 1353, 1354, -1,
      1334, 1354, 1333, -1,
      1333, 1354, 1355, -1,
      1333, 1355, 1332, -1,
      3222, 3223, 51, -1,
      51, 3223, 54, -1,
      51, 54, 1335, -1,
      1335, 54, 1357, -1,
      3209, 1348, 2094, -1,
      3175, 3172, 2099, -1,
      2099, 2101, 3175, -1,
      3175, 2101, 2103, -1,
      3175, 2103, 2105, -1,
      3166, 2097, 3168, -1,
      3168, 2097, 2099, -1,
      3168, 2099, 3170, -1,
      3170, 2099, 3172, -1,
      3166, 3165, 2097, -1,
      2097, 3165, 3163, -1,
      2097, 3163, 2094, -1,
      2094, 3163, 3161, -1,
      2094, 3161, 3159, -1,
      3159, 3157, 2094, -1,
      2094, 3157, 3154, -1,
      2094, 3154, 3209, -1,
      3221, 2105, 3223, -1,
      3223, 2105, 52, -1,
      3223, 52, 54, -1,
      3154, 3155, 3209, -1,
      3209, 3155, 3214, -1,
      3209, 3214, 3210, -1,
      3210, 3214, 3212, -1,
      3186, 3184, 3207, -1,
      3204, 3202, 3191, -1,
      3191, 3202, 3200, -1,
      3191, 3200, 3198, -1,
      3204, 3191, 3207, -1,
      3207, 3191, 3188, -1,
      3207, 3188, 3186, -1,
      3184, 3182, 3207, -1,
      3207, 3182, 3180, -1,
      3207, 3180, 3178, -1,
      3198, 3196, 3191, -1,
      3191, 3196, 3194, -1,
      3191, 3194, 3192, -1,
      3221, 3219, 2105, -1,
      2105, 3219, 3217, -1,
      2105, 3217, 3175, -1,
      3175, 3217, 3207, -1,
      3175, 3207, 3176, -1,
      3176, 3207, 3178, -1,
      2091, 2093, 1327, -1,
      1327, 2093, 1322, -1,
      3171, 3173, 2082, -1,
      3152, 3156, 2079, -1,
      3222, 51, 49, -1,
      2082, 3173, 2084, -1,
      2084, 3173, 3174, -1,
      2084, 3174, 2086, -1,
      2088, 3216, 3218, -1,
      2079, 1326, 3208, -1,
      2088, 3218, 49, -1,
      49, 3218, 3220, -1,
      49, 3220, 3222, -1,
      3156, 3158, 2079, -1,
      2079, 3158, 3160, -1,
      2079, 3160, 2080, -1,
      2080, 3160, 3162, -1,
      3162, 3164, 2080, -1,
      2080, 3164, 3167, -1,
      2080, 3167, 2082, -1,
      2082, 3167, 3169, -1,
      2082, 3169, 3171, -1,
      3179, 3181, 3206, -1,
      3152, 2079, 3153, -1,
      3153, 2079, 3208, -1,
      3153, 3208, 3215, -1,
      3215, 3208, 3211, -1,
      3215, 3211, 3213, -1,
      2088, 2086, 3216, -1,
      3216, 2086, 3174, -1,
      3216, 3174, 3206, -1,
      3206, 3174, 3177, -1,
      3206, 3177, 3179, -1,
      3181, 3183, 3206, -1,
      3206, 3183, 3185, -1,
      3206, 3185, 3187, -1,
      3187, 3189, 3206, -1,
      3206, 3189, 3190, -1,
      3206, 3190, 3205, -1,
      3205, 3190, 3193, -1,
      3205, 3193, 3195, -1,
      3195, 3197, 3205, -1,
      3205, 3197, 3199, -1,
      3205, 3199, 3203, -1,
      3203, 3199, 3201, -1,
      3224, 3225, 3226, -1,
      3224, 3226, 3227, -1,
      3227, 3226, 3228, -1,
      3227, 3228, 3229, -1,
      3229, 3228, 3230, -1,
      3229, 3230, 3231, -1,
      3231, 3230, 3232, -1,
      3231, 3232, 3233, -1,
      3233, 3232, 3234, -1,
      3233, 3234, 3235, -1,
      3235, 3234, 3236, -1,
      3235, 3236, 3237, -1,
      3237, 3236, 3238, -1,
      3237, 3238, 3239, -1,
      3239, 3238, 3240, -1,
      3239, 3240, 3241, -1,
      3241, 3240, 3242, -1,
      3241, 3242, 3243, -1,
      3243, 3242, 3244, -1,
      3243, 3244, 3245, -1,
      3245, 3244, 3246, -1,
      3245, 3246, 3247, -1,
      3247, 3246, 3248, -1,
      3247, 3248, 3249, -1,
      168, 69, 3249, -1,
      3249, 69, 3224, -1,
      3229, 3231, 3239, -1,
      3241, 3243, 3224, -1,
      3241, 3224, 3239, -1,
      3239, 3224, 3227, -1,
      3239, 3227, 3229, -1,
      3231, 3233, 3239, -1,
      3239, 3233, 3235, -1,
      3239, 3235, 3237, -1,
      3243, 3245, 3224, -1,
      3224, 3245, 3247, -1,
      3224, 3247, 3249, -1,
      3240, 3238, 3225, -1,
      68, 169, 3225, -1,
      3225, 169, 3248, -1,
      3225, 3248, 3246, -1,
      3246, 3244, 3225, -1,
      3225, 3244, 3242, -1,
      3225, 3242, 3240, -1,
      3236, 3234, 3238, -1,
      3238, 3234, 3232, -1,
      3238, 3232, 3230, -1,
      3230, 3228, 3238, -1,
      3238, 3228, 3226, -1,
      3238, 3226, 3225, -1,
      168, 3249, 169, -1,
      169, 3249, 3248, -1,
      68, 3225, 69, -1,
      69, 3225, 3224, -1,
      3250, 3251, 3252, -1,
      3252, 3251, 3253, -1,
      3254, 104, 3251, -1,
      3251, 104, 71, -1,
      3251, 71, 3253, -1,
      3255, 3256, 3254, -1,
      3254, 3256, 3257, -1,
      3254, 3257, 104, -1,
      3258, 3259, 3260, -1,
      3260, 3259, 3261, -1,
      3262, 70, 3259, -1,
      3259, 70, 105, -1,
      3259, 105, 3261, -1,
      3263, 3264, 3262, -1,
      3262, 3264, 3265, -1,
      3262, 3265, 70, -1,
      71, 70, 3265, -1,
      71, 3265, 3253, -1,
      3253, 3265, 3264, -1,
      3253, 3264, 3252, -1,
      3252, 3264, 3263, -1,
      3252, 3263, 3250, -1,
      3250, 3263, 3262, -1,
      3250, 3262, 3251, -1,
      3254, 3251, 3259, -1,
      3259, 3251, 3262, -1,
      3254, 3259, 3258, -1,
      3254, 3258, 3255, -1,
      3255, 3258, 3260, -1,
      3255, 3260, 3256, -1,
      3256, 3260, 3261, -1,
      3256, 3261, 3257, -1,
      3257, 3261, 105, -1,
      3257, 105, 104, -1,
      3266, 3267, 3268, -1,
      3268, 3267, 3269, -1,
      3266, 3268, 3270, -1,
      3270, 3268, 3271, -1,
      3270, 3271, 3272, -1,
      3272, 3271, 3273, -1,
      3272, 3273, 3274, -1,
      3274, 3273, 3275, -1,
      3274, 3275, 3276, -1,
      3276, 3275, 3277, -1,
      3278, 3276, 3279, -1,
      3279, 3276, 3277, -1,
      3278, 3279, 3280, -1,
      3278, 3280, 3281, -1,
      3281, 3280, 3282, -1,
      3281, 3282, 3283, -1,
      3283, 3282, 3284, -1,
      3283, 3284, 3285, -1,
      3285, 3284, 3286, -1,
      3285, 3286, 3287, -1,
      3288, 3287, 3289, -1,
      3289, 3287, 3286, -1,
      3288, 3289, 3290, -1,
      3288, 3290, 3291, -1,
      3291, 3290, 3292, -1,
      3291, 3292, 3293, -1,
      3293, 3292, 3294, -1,
      3293, 3294, 3295, -1,
      3295, 3294, 3296, -1,
      3295, 3296, 3297, -1,
      3297, 3296, 3298, -1,
      3297, 3298, 3299, -1,
      3299, 3298, 3300, -1,
      3299, 3300, 3301, -1,
      3301, 3300, 3302, -1,
      3301, 3302, 3303, -1,
      3304, 3303, 3305, -1,
      3305, 3303, 3302, -1,
      3304, 3305, 3306, -1,
      3304, 3306, 3307, -1,
      3307, 3306, 3308, -1,
      3307, 3308, 3309, -1,
      3309, 3308, 3310, -1,
      3309, 3310, 3311, -1,
      3311, 3310, 3312, -1,
      3311, 3312, 3313, -1,
      3313, 3312, 3314, -1,
      3313, 3314, 3315, -1,
      3315, 3314, 3316, -1,
      3315, 3316, 3317, -1,
      3317, 3316, 3318, -1,
      3317, 3318, 3319, -1,
      3320, 3319, 3321, -1,
      3321, 3319, 3318, -1,
      3322, 3323, 3324, -1,
      3322, 3324, 3325, -1,
      3325, 3324, 3326, -1,
      3325, 3326, 3327, -1,
      3327, 3326, 3328, -1,
      3327, 3328, 3329, -1,
      3329, 3328, 3269, -1,
      3329, 3269, 3267, -1,
      3320, 3321, 3330, -1,
      3330, 3321, 3331, -1,
      3330, 3331, 3332, -1,
      3332, 3331, 3333, -1,
      3332, 3333, 3334, -1,
      3334, 3333, 3335, -1,
      3334, 3335, 3336, -1,
      3336, 3335, 3337, -1,
      1276, 1297, 1298, -1,
      1276, 1298, 1275, -1,
      1275, 1298, 1299, -1,
      1275, 1299, 1274, -1,
      1274, 1299, 1301, -1,
      1274, 1301, 1277, -1,
      1277, 1301, 1300, -1,
      1277, 1300, 1278, -1,
      1278, 1300, 1296, -1,
      1278, 1296, 1279, -1,
      1279, 1296, 1295, -1,
      1279, 1295, 1282, -1,
      1282, 1295, 1303, -1,
      1282, 1303, 1281, -1,
      1283, 1307, 1284, -1,
      1284, 1307, 1306, -1,
      1284, 1306, 3322, -1,
      3322, 1306, 3323, -1,
      1286, 1304, 1287, -1,
      1287, 1304, 1310, -1,
      1287, 1310, 1288, -1,
      1288, 1310, 1309, -1,
      1288, 1309, 1289, -1,
      1289, 1309, 1308, -1,
      1289, 1308, 1283, -1,
      1283, 1308, 1307, -1,
      1281, 1303, 1280, -1,
      1280, 1303, 1302, -1,
      1280, 1302, 1285, -1,
      1285, 1302, 1305, -1,
      1285, 1305, 1286, -1,
      1286, 1305, 1304, -1,
      1302, 2092, 1305, -1,
      1305, 2092, 2090, -1,
      1293, 1315, 1314, -1,
      1293, 1314, 1294, -1,
      1294, 1314, 1311, -1,
      1294, 1311, 1292, -1,
      1292, 1311, 1312, -1,
      1292, 1312, 1291, -1,
      1291, 1312, 1313, -1,
      1291, 1313, 1290, -1,
      3336, 3337, 44, -1,
      44, 3337, 50, -1,
      44, 50, 1293, -1,
      1293, 50, 1315, -1,
      3323, 1306, 2078, -1,
      3289, 3286, 2083, -1,
      3280, 2081, 3282, -1,
      3282, 2081, 2083, -1,
      3282, 2083, 3284, -1,
      3284, 2083, 3286, -1,
      2083, 2085, 3289, -1,
      3289, 2085, 2087, -1,
      3289, 2087, 2089, -1,
      3280, 3279, 2081, -1,
      2081, 3279, 3277, -1,
      2081, 3277, 2078, -1,
      2078, 3277, 3275, -1,
      2078, 3275, 3273, -1,
      3273, 3271, 2078, -1,
      2078, 3271, 3268, -1,
      2078, 3268, 3323, -1,
      3335, 2089, 3337, -1,
      3337, 2089, 48, -1,
      3337, 48, 50, -1,
      3268, 3269, 3323, -1,
      3323, 3269, 3328, -1,
      3323, 3328, 3324, -1,
      3324, 3328, 3326, -1,
      3300, 3298, 3321, -1,
      3318, 3316, 3305, -1,
      3305, 3316, 3314, -1,
      3305, 3314, 3312, -1,
      3318, 3305, 3321, -1,
      3321, 3305, 3302, -1,
      3321, 3302, 3300, -1,
      3298, 3296, 3321, -1,
      3321, 3296, 3294, -1,
      3321, 3294, 3292, -1,
      3312, 3310, 3305, -1,
      3305, 3310, 3308, -1,
      3305, 3308, 3306, -1,
      3335, 3333, 2089, -1,
      2089, 3333, 3331, -1,
      2089, 3331, 3289, -1,
      3289, 3331, 3321, -1,
      3289, 3321, 3290, -1,
      3290, 3321, 3292, -1,
      2075, 2077, 1285, -1,
      1285, 2077, 1280, -1,
      3285, 3287, 2066, -1,
      3266, 3270, 2063, -1,
      3336, 44, 42, -1,
      2066, 3287, 2068, -1,
      2068, 3287, 3288, -1,
      2068, 3288, 2070, -1,
      2072, 3330, 3332, -1,
      2063, 1284, 3322, -1,
      2072, 3332, 42, -1,
      42, 3332, 3334, -1,
      42, 3334, 3336, -1,
      3270, 3272, 2063, -1,
      2063, 3272, 3274, -1,
      2063, 3274, 2064, -1,
      2064, 3274, 3276, -1,
      3276, 3278, 2064, -1,
      2064, 3278, 3281, -1,
      2064, 3281, 2066, -1,
      2066, 3281, 3283, -1,
      2066, 3283, 3285, -1,
      3293, 3295, 3320, -1,
      3266, 2063, 3267, -1,
      3267, 2063, 3322, -1,
      3267, 3322, 3329, -1,
      3329, 3322, 3325, -1,
      3329, 3325, 3327, -1,
      2072, 2070, 3330, -1,
      3330, 2070, 3288, -1,
      3330, 3288, 3320, -1,
      3320, 3288, 3291, -1,
      3320, 3291, 3293, -1,
      3295, 3297, 3320, -1,
      3320, 3297, 3299, -1,
      3320, 3299, 3301, -1,
      3301, 3303, 3320, -1,
      3320, 3303, 3304, -1,
      3320, 3304, 3319, -1,
      3319, 3304, 3307, -1,
      3319, 3307, 3309, -1,
      3309, 3311, 3319, -1,
      3319, 3311, 3313, -1,
      3319, 3313, 3317, -1,
      3317, 3313, 3315, -1,
      3338, 3339, 3340, -1,
      3338, 3340, 3341, -1,
      3341, 3340, 3342, -1,
      3341, 3342, 3343, -1,
      3343, 3342, 3344, -1,
      3343, 3344, 3345, -1,
      3345, 3344, 3346, -1,
      3345, 3346, 3347, -1,
      3347, 3346, 3348, -1,
      3347, 3348, 3349, -1,
      3349, 3348, 3350, -1,
      3349, 3350, 3351, -1,
      3351, 3350, 3352, -1,
      3351, 3352, 3353, -1,
      3353, 3352, 3354, -1,
      3353, 3354, 3355, -1,
      3355, 3354, 3356, -1,
      3355, 3356, 3357, -1,
      3357, 3356, 3358, -1,
      3357, 3358, 3359, -1,
      3359, 3358, 3360, -1,
      3359, 3360, 3361, -1,
      3361, 3360, 3362, -1,
      3361, 3362, 3363, -1,
      164, 165, 3363, -1,
      3363, 165, 3338, -1,
      3343, 3345, 3353, -1,
      3355, 3357, 3338, -1,
      3355, 3338, 3353, -1,
      3353, 3338, 3341, -1,
      3353, 3341, 3343, -1,
      3345, 3347, 3353, -1,
      3353, 3347, 3349, -1,
      3353, 3349, 3351, -1,
      3357, 3359, 3338, -1,
      3338, 3359, 3361, -1,
      3338, 3361, 3363, -1,
      3354, 3352, 3339, -1,
      162, 163, 3339, -1,
      3339, 163, 3362, -1,
      3339, 3362, 3360, -1,
      3360, 3358, 3339, -1,
      3339, 3358, 3356, -1,
      3339, 3356, 3354, -1,
      3350, 3348, 3352, -1,
      3352, 3348, 3346, -1,
      3352, 3346, 3344, -1,
      3344, 3342, 3352, -1,
      3352, 3342, 3340, -1,
      3352, 3340, 3339, -1,
      164, 3363, 163, -1,
      163, 3363, 3362, -1,
      162, 3339, 165, -1,
      165, 3339, 3338, -1,
      3364, 3365, 3366, -1,
      3366, 3365, 3367, -1,
      3368, 101, 3365, -1,
      3365, 101, 102, -1,
      3365, 102, 3367, -1,
      3369, 3370, 3368, -1,
      3368, 3370, 3371, -1,
      3368, 3371, 101, -1,
      3372, 3373, 3374, -1,
      3374, 3373, 3375, -1,
      3376, 103, 3373, -1,
      3373, 103, 100, -1,
      3373, 100, 3375, -1,
      3377, 3378, 3376, -1,
      3376, 3378, 3379, -1,
      3376, 3379, 103, -1,
      102, 103, 3379, -1,
      102, 3379, 3367, -1,
      3367, 3379, 3378, -1,
      3367, 3378, 3366, -1,
      3366, 3378, 3377, -1,
      3366, 3377, 3364, -1,
      3364, 3377, 3376, -1,
      3364, 3376, 3365, -1,
      3368, 3365, 3373, -1,
      3373, 3365, 3376, -1,
      3368, 3373, 3372, -1,
      3368, 3372, 3369, -1,
      3369, 3372, 3374, -1,
      3369, 3374, 3370, -1,
      3370, 3374, 3375, -1,
      3370, 3375, 3371, -1,
      3371, 3375, 100, -1,
      3371, 100, 101, -1,
      3380, 3381, 3382, -1,
      3382, 3381, 3383, -1,
      3380, 3382, 3384, -1,
      3384, 3382, 3385, -1,
      3384, 3385, 3386, -1,
      3386, 3385, 3387, -1,
      3386, 3387, 3388, -1,
      3388, 3387, 3389, -1,
      3388, 3389, 3390, -1,
      3390, 3389, 3391, -1,
      3392, 3390, 3393, -1,
      3393, 3390, 3391, -1,
      3392, 3393, 3394, -1,
      3392, 3394, 3395, -1,
      3395, 3394, 3396, -1,
      3395, 3396, 3397, -1,
      3397, 3396, 3398, -1,
      3397, 3398, 3399, -1,
      3399, 3398, 3400, -1,
      3399, 3400, 3401, -1,
      3402, 3401, 3403, -1,
      3403, 3401, 3400, -1,
      3402, 3403, 3404, -1,
      3402, 3404, 3405, -1,
      3405, 3404, 3406, -1,
      3405, 3406, 3407, -1,
      3407, 3406, 3408, -1,
      3407, 3408, 3409, -1,
      3409, 3408, 3410, -1,
      3409, 3410, 3411, -1,
      3411, 3410, 3412, -1,
      3411, 3412, 3413, -1,
      3413, 3412, 3414, -1,
      3413, 3414, 3415, -1,
      3415, 3414, 3416, -1,
      3415, 3416, 3417, -1,
      3418, 3417, 3419, -1,
      3419, 3417, 3416, -1,
      3418, 3419, 3420, -1,
      3418, 3420, 3421, -1,
      3421, 3420, 3422, -1,
      3421, 3422, 3423, -1,
      3423, 3422, 3424, -1,
      3423, 3424, 3425, -1,
      3425, 3424, 3426, -1,
      3425, 3426, 3427, -1,
      3427, 3426, 3428, -1,
      3427, 3428, 3429, -1,
      3429, 3428, 3430, -1,
      3429, 3430, 3431, -1,
      3431, 3430, 3432, -1,
      3431, 3432, 3433, -1,
      3434, 3433, 3435, -1,
      3435, 3433, 3432, -1,
      3436, 3437, 3438, -1,
      3436, 3438, 3439, -1,
      3439, 3438, 3440, -1,
      3439, 3440, 3441, -1,
      3441, 3440, 3442, -1,
      3441, 3442, 3443, -1,
      3443, 3442, 3383, -1,
      3443, 3383, 3381, -1,
      3434, 3435, 3444, -1,
      3444, 3435, 3445, -1,
      3444, 3445, 3446, -1,
      3446, 3445, 3447, -1,
      3446, 3447, 3448, -1,
      3448, 3447, 3449, -1,
      3448, 3449, 3450, -1,
      3450, 3449, 3451, -1,
      1234, 1255, 1256, -1,
      1234, 1256, 1233, -1,
      1233, 1256, 1257, -1,
      1233, 1257, 1232, -1,
      1232, 1257, 1259, -1,
      1232, 1259, 1235, -1,
      1235, 1259, 1258, -1,
      1235, 1258, 1236, -1,
      1236, 1258, 1254, -1,
      1236, 1254, 1237, -1,
      1237, 1254, 1253, -1,
      1237, 1253, 1240, -1,
      1240, 1253, 1261, -1,
      1240, 1261, 1239, -1,
      1241, 1265, 1242, -1,
      1242, 1265, 1264, -1,
      1242, 1264, 3436, -1,
      3436, 1264, 3437, -1,
      1244, 1262, 1245, -1,
      1245, 1262, 1268, -1,
      1245, 1268, 1246, -1,
      1246, 1268, 1267, -1,
      1246, 1267, 1247, -1,
      1247, 1267, 1266, -1,
      1247, 1266, 1241, -1,
      1241, 1266, 1265, -1,
      1239, 1261, 1238, -1,
      1238, 1261, 1260, -1,
      1238, 1260, 1243, -1,
      1243, 1260, 1263, -1,
      1243, 1263, 1244, -1,
      1244, 1263, 1262, -1,
      1260, 2076, 1263, -1,
      1263, 2076, 2074, -1,
      1251, 1273, 1272, -1,
      1251, 1272, 1252, -1,
      1252, 1272, 1269, -1,
      1252, 1269, 1250, -1,
      1250, 1269, 1270, -1,
      1250, 1270, 1249, -1,
      1249, 1270, 1271, -1,
      1249, 1271, 1248, -1,
      3450, 3451, 40, -1,
      40, 3451, 43, -1,
      40, 43, 1251, -1,
      1251, 43, 1273, -1,
      3437, 1264, 2062, -1,
      3403, 3400, 2067, -1,
      3394, 2065, 3396, -1,
      3396, 2065, 2067, -1,
      3396, 2067, 3398, -1,
      3398, 2067, 3400, -1,
      2067, 2069, 3403, -1,
      3403, 2069, 2071, -1,
      3403, 2071, 2073, -1,
      3394, 3393, 2065, -1,
      2065, 3393, 3391, -1,
      2065, 3391, 2062, -1,
      2062, 3391, 3389, -1,
      2062, 3389, 3387, -1,
      3387, 3385, 2062, -1,
      2062, 3385, 3382, -1,
      2062, 3382, 3437, -1,
      3449, 2073, 3451, -1,
      3451, 2073, 41, -1,
      3451, 41, 43, -1,
      3382, 3383, 3437, -1,
      3437, 3383, 3442, -1,
      3437, 3442, 3438, -1,
      3438, 3442, 3440, -1,
      3414, 3412, 3435, -1,
      3432, 3430, 3419, -1,
      3419, 3430, 3428, -1,
      3419, 3428, 3426, -1,
      3432, 3419, 3435, -1,
      3435, 3419, 3416, -1,
      3435, 3416, 3414, -1,
      3412, 3410, 3435, -1,
      3435, 3410, 3408, -1,
      3435, 3408, 3406, -1,
      3426, 3424, 3419, -1,
      3419, 3424, 3422, -1,
      3419, 3422, 3420, -1,
      3449, 3447, 2073, -1,
      2073, 3447, 3445, -1,
      2073, 3445, 3403, -1,
      3403, 3445, 3435, -1,
      3403, 3435, 3404, -1,
      3404, 3435, 3406, -1,
      2059, 2061, 1243, -1,
      1243, 2061, 1238, -1,
      3380, 3384, 2047, -1,
      3450, 40, 38, -1,
      2047, 1242, 3436, -1,
      2056, 3444, 3446, -1,
      3384, 3386, 2047, -1,
      2047, 3386, 3388, -1,
      2047, 3388, 2048, -1,
      2048, 3388, 3390, -1,
      2056, 3446, 38, -1,
      38, 3446, 3448, -1,
      38, 3448, 3450, -1,
      3390, 3392, 2048, -1,
      2048, 3392, 3395, -1,
      2048, 3395, 2050, -1,
      2050, 3395, 3397, -1,
      3397, 3399, 2050, -1,
      2050, 3399, 3401, -1,
      2050, 3401, 2052, -1,
      2052, 3401, 3402, -1,
      2052, 3402, 2054, -1,
      3407, 3409, 3434, -1,
      3380, 2047, 3381, -1,
      3381, 2047, 3436, -1,
      3381, 3436, 3443, -1,
      3443, 3436, 3439, -1,
      3443, 3439, 3441, -1,
      2056, 2054, 3444, -1,
      3444, 2054, 3402, -1,
      3444, 3402, 3434, -1,
      3434, 3402, 3405, -1,
      3434, 3405, 3407, -1,
      3409, 3411, 3434, -1,
      3434, 3411, 3413, -1,
      3434, 3413, 3415, -1,
      3415, 3417, 3434, -1,
      3434, 3417, 3418, -1,
      3434, 3418, 3433, -1,
      3433, 3418, 3421, -1,
      3433, 3421, 3423, -1,
      3423, 3425, 3433, -1,
      3433, 3425, 3427, -1,
      3433, 3427, 3431, -1,
      3431, 3427, 3429, -1,
      3452, 3453, 3454, -1,
      3452, 3454, 3455, -1,
      3455, 3454, 3456, -1,
      3455, 3456, 3457, -1,
      3457, 3456, 3458, -1,
      3457, 3458, 3459, -1,
      3459, 3458, 3460, -1,
      3459, 3460, 3461, -1,
      3461, 3460, 3462, -1,
      3461, 3462, 3463, -1,
      3463, 3462, 3464, -1,
      3463, 3464, 3465, -1,
      3465, 3464, 3466, -1,
      3465, 3466, 3467, -1,
      3467, 3466, 3468, -1,
      3467, 3468, 3469, -1,
      3469, 3468, 3470, -1,
      3469, 3470, 3471, -1,
      3471, 3470, 3472, -1,
      3471, 3472, 3473, -1,
      3473, 3472, 3474, -1,
      3473, 3474, 3475, -1,
      3475, 3474, 3476, -1,
      3475, 3476, 3477, -1,
      160, 161, 3477, -1,
      3477, 161, 3452, -1,
      3457, 3459, 3467, -1,
      3469, 3471, 3452, -1,
      3469, 3452, 3467, -1,
      3467, 3452, 3455, -1,
      3467, 3455, 3457, -1,
      3459, 3461, 3467, -1,
      3467, 3461, 3463, -1,
      3467, 3463, 3465, -1,
      3471, 3473, 3452, -1,
      3452, 3473, 3475, -1,
      3452, 3475, 3477, -1,
      3468, 3466, 3453, -1,
      158, 159, 3453, -1,
      3453, 159, 3476, -1,
      3453, 3476, 3474, -1,
      3474, 3472, 3453, -1,
      3453, 3472, 3470, -1,
      3453, 3470, 3468, -1,
      3464, 3462, 3466, -1,
      3466, 3462, 3460, -1,
      3466, 3460, 3458, -1,
      3458, 3456, 3466, -1,
      3466, 3456, 3454, -1,
      3466, 3454, 3453, -1,
      160, 3477, 159, -1,
      159, 3477, 3476, -1,
      158, 3453, 161, -1,
      161, 3453, 3452, -1,
      3478, 3479, 3480, -1,
      3480, 3479, 3481, -1,
      3482, 97, 3479, -1,
      3479, 97, 98, -1,
      3479, 98, 3481, -1,
      3483, 3484, 3482, -1,
      3482, 3484, 3485, -1,
      3482, 3485, 97, -1,
      3486, 3487, 3488, -1,
      3488, 3487, 3489, -1,
      3490, 99, 3487, -1,
      3487, 99, 96, -1,
      3487, 96, 3489, -1,
      3491, 3492, 3490, -1,
      3490, 3492, 3493, -1,
      3490, 3493, 99, -1,
      98, 99, 3493, -1,
      98, 3493, 3481, -1,
      3481, 3493, 3492, -1,
      3481, 3492, 3480, -1,
      3480, 3492, 3491, -1,
      3480, 3491, 3478, -1,
      3478, 3491, 3490, -1,
      3478, 3490, 3479, -1,
      3482, 3479, 3487, -1,
      3487, 3479, 3490, -1,
      3482, 3487, 3486, -1,
      3482, 3486, 3483, -1,
      3483, 3486, 3488, -1,
      3483, 3488, 3484, -1,
      3484, 3488, 3489, -1,
      3484, 3489, 3485, -1,
      3485, 3489, 96, -1,
      3485, 96, 97, -1,
      3494, 3495, 3496, -1,
      3496, 3495, 3497, -1,
      3494, 3496, 3498, -1,
      3498, 3496, 3499, -1,
      3498, 3499, 3500, -1,
      3500, 3499, 3501, -1,
      3500, 3501, 3502, -1,
      3502, 3501, 3503, -1,
      3502, 3503, 3504, -1,
      3504, 3503, 3505, -1,
      3506, 3504, 3507, -1,
      3507, 3504, 3505, -1,
      3506, 3507, 3508, -1,
      3506, 3508, 3509, -1,
      3509, 3508, 3510, -1,
      3509, 3510, 3511, -1,
      3511, 3510, 3512, -1,
      3511, 3512, 3513, -1,
      3513, 3512, 3514, -1,
      3513, 3514, 3515, -1,
      3516, 3515, 3517, -1,
      3517, 3515, 3514, -1,
      3516, 3517, 3518, -1,
      3516, 3518, 3519, -1,
      3519, 3518, 3520, -1,
      3519, 3520, 3521, -1,
      3521, 3520, 3522, -1,
      3521, 3522, 3523, -1,
      3523, 3522, 3524, -1,
      3523, 3524, 3525, -1,
      3525, 3524, 3526, -1,
      3525, 3526, 3527, -1,
      3527, 3526, 3528, -1,
      3527, 3528, 3529, -1,
      3529, 3528, 3530, -1,
      3529, 3530, 3531, -1,
      3532, 3531, 3533, -1,
      3533, 3531, 3530, -1,
      3532, 3533, 3534, -1,
      3532, 3534, 3535, -1,
      3535, 3534, 3536, -1,
      3535, 3536, 3537, -1,
      3537, 3536, 3538, -1,
      3537, 3538, 3539, -1,
      3539, 3538, 3540, -1,
      3539, 3540, 3541, -1,
      3541, 3540, 3542, -1,
      3541, 3542, 3543, -1,
      3543, 3542, 3544, -1,
      3543, 3544, 3545, -1,
      3545, 3544, 3546, -1,
      3545, 3546, 3547, -1,
      3548, 3547, 3549, -1,
      3549, 3547, 3546, -1,
      3550, 3551, 3552, -1,
      3550, 3552, 3553, -1,
      3553, 3552, 3554, -1,
      3553, 3554, 3555, -1,
      3555, 3554, 3556, -1,
      3555, 3556, 3557, -1,
      3557, 3556, 3497, -1,
      3557, 3497, 3495, -1,
      3548, 3549, 3558, -1,
      3558, 3549, 3559, -1,
      3558, 3559, 3560, -1,
      3560, 3559, 3561, -1,
      3560, 3561, 3562, -1,
      3562, 3561, 3563, -1,
      3562, 3563, 3564, -1,
      3564, 3563, 3565, -1,
      1192, 1213, 1214, -1,
      1192, 1214, 1191, -1,
      1191, 1214, 1215, -1,
      1191, 1215, 1190, -1,
      1190, 1215, 1217, -1,
      1190, 1217, 1193, -1,
      1193, 1217, 1216, -1,
      1193, 1216, 1194, -1,
      1194, 1216, 1212, -1,
      1194, 1212, 1195, -1,
      1195, 1212, 1211, -1,
      1195, 1211, 1198, -1,
      1198, 1211, 1219, -1,
      1198, 1219, 1197, -1,
      1199, 1223, 1200, -1,
      1200, 1223, 1222, -1,
      1200, 1222, 3550, -1,
      3550, 1222, 3551, -1,
      1202, 1220, 1203, -1,
      1203, 1220, 1226, -1,
      1203, 1226, 1204, -1,
      1204, 1226, 1225, -1,
      1204, 1225, 1205, -1,
      1205, 1225, 1224, -1,
      1205, 1224, 1199, -1,
      1199, 1224, 1223, -1,
      1197, 1219, 1196, -1,
      1196, 1219, 1218, -1,
      1196, 1218, 1201, -1,
      1201, 1218, 1221, -1,
      1201, 1221, 1202, -1,
      1202, 1221, 1220, -1,
      1218, 2060, 1221, -1,
      1221, 2060, 2058, -1,
      1209, 1231, 1230, -1,
      1209, 1230, 1210, -1,
      1210, 1230, 1227, -1,
      1210, 1227, 1208, -1,
      1208, 1227, 1228, -1,
      1208, 1228, 1207, -1,
      1207, 1228, 1229, -1,
      1207, 1229, 1206, -1,
      3564, 3565, 36, -1,
      36, 3565, 39, -1,
      36, 39, 1209, -1,
      1209, 39, 1231, -1,
      3551, 1222, 2046, -1,
      2046, 3503, 3501, -1,
      3517, 2055, 2057, -1,
      3503, 2046, 3505, -1,
      3505, 2046, 2049, -1,
      3505, 2049, 3507, -1,
      3501, 3499, 2046, -1,
      2046, 3499, 3496, -1,
      2046, 3496, 3551, -1,
      3514, 3512, 2051, -1,
      2051, 3512, 3510, -1,
      2051, 3510, 2049, -1,
      2049, 3510, 3508, -1,
      2049, 3508, 3507, -1,
      3514, 2051, 3517, -1,
      3517, 2051, 2053, -1,
      3517, 2053, 2055, -1,
      3496, 3497, 3551, -1,
      3551, 3497, 3556, -1,
      3551, 3556, 3552, -1,
      3552, 3556, 3554, -1,
      3563, 2057, 3565, -1,
      3565, 2057, 37, -1,
      3565, 37, 39, -1,
      3528, 3526, 3549, -1,
      3546, 3544, 3533, -1,
      3533, 3544, 3542, -1,
      3533, 3542, 3540, -1,
      3546, 3533, 3549, -1,
      3549, 3533, 3530, -1,
      3549, 3530, 3528, -1,
      3526, 3524, 3549, -1,
      3549, 3524, 3522, -1,
      3549, 3522, 3520, -1,
      3540, 3538, 3533, -1,
      3533, 3538, 3536, -1,
      3533, 3536, 3534, -1,
      3563, 3561, 2057, -1,
      2057, 3561, 3559, -1,
      2057, 3559, 3517, -1,
      3517, 3559, 3549, -1,
      3517, 3549, 3518, -1,
      3518, 3549, 3520, -1,
      2042, 2044, 1201, -1,
      1201, 2044, 1196, -1,
      2038, 2036, 3516, -1,
      3564, 36, 34, -1,
      3494, 3498, 2031, -1,
      2040, 3558, 3560, -1,
      3516, 2036, 3515, -1,
      3515, 2036, 2034, -1,
      3515, 2034, 3513, -1,
      2040, 3560, 34, -1,
      34, 3560, 3562, -1,
      34, 3562, 3564, -1,
      2031, 1200, 3550, -1,
      3498, 3500, 2031, -1,
      2031, 3500, 3502, -1,
      2031, 3502, 2032, -1,
      2032, 3502, 3504, -1,
      3504, 3506, 2032, -1,
      2032, 3506, 3509, -1,
      2032, 3509, 2034, -1,
      2034, 3509, 3511, -1,
      2034, 3511, 3513, -1,
      3521, 3523, 3548, -1,
      3494, 2031, 3495, -1,
      3495, 2031, 3550, -1,
      3495, 3550, 3557, -1,
      3557, 3550, 3553, -1,
      3557, 3553, 3555, -1,
      2040, 2038, 3558, -1,
      3558, 2038, 3516, -1,
      3558, 3516, 3548, -1,
      3548, 3516, 3519, -1,
      3548, 3519, 3521, -1,
      3523, 3525, 3548, -1,
      3548, 3525, 3527, -1,
      3548, 3527, 3529, -1,
      3529, 3531, 3548, -1,
      3548, 3531, 3532, -1,
      3548, 3532, 3547, -1,
      3547, 3532, 3535, -1,
      3547, 3535, 3537, -1,
      3537, 3539, 3547, -1,
      3547, 3539, 3541, -1,
      3547, 3541, 3545, -1,
      3545, 3541, 3543, -1,
      3566, 3567, 3568, -1,
      3566, 3568, 3569, -1,
      3569, 3568, 3570, -1,
      3569, 3570, 3571, -1,
      3571, 3570, 3572, -1,
      3571, 3572, 3573, -1,
      3573, 3572, 3574, -1,
      3573, 3574, 3575, -1,
      3575, 3574, 3576, -1,
      3575, 3576, 3577, -1,
      3577, 3576, 3578, -1,
      3577, 3578, 3579, -1,
      3579, 3578, 3580, -1,
      3579, 3580, 3581, -1,
      3581, 3580, 3582, -1,
      3581, 3582, 3583, -1,
      3583, 3582, 3584, -1,
      3583, 3584, 3585, -1,
      3585, 3584, 3586, -1,
      3585, 3586, 3587, -1,
      3587, 3586, 3588, -1,
      3587, 3588, 3589, -1,
      3589, 3588, 3590, -1,
      3589, 3590, 3591, -1,
      156, 157, 3591, -1,
      3591, 157, 3566, -1,
      3571, 3573, 3581, -1,
      3583, 3585, 3566, -1,
      3583, 3566, 3581, -1,
      3581, 3566, 3569, -1,
      3581, 3569, 3571, -1,
      3573, 3575, 3581, -1,
      3581, 3575, 3577, -1,
      3581, 3577, 3579, -1,
      3585, 3587, 3566, -1,
      3566, 3587, 3589, -1,
      3566, 3589, 3591, -1,
      3582, 3580, 3567, -1,
      154, 155, 3567, -1,
      3567, 155, 3590, -1,
      3567, 3590, 3588, -1,
      3588, 3586, 3567, -1,
      3567, 3586, 3584, -1,
      3567, 3584, 3582, -1,
      3578, 3576, 3580, -1,
      3580, 3576, 3574, -1,
      3580, 3574, 3572, -1,
      3572, 3570, 3580, -1,
      3580, 3570, 3568, -1,
      3580, 3568, 3567, -1,
      156, 3591, 155, -1,
      155, 3591, 3590, -1,
      154, 3567, 157, -1,
      157, 3567, 3566, -1,
      3592, 3593, 3594, -1,
      3594, 3593, 3595, -1,
      3596, 93, 3593, -1,
      3593, 93, 94, -1,
      3593, 94, 3595, -1,
      3597, 3598, 3596, -1,
      3596, 3598, 3599, -1,
      3596, 3599, 93, -1,
      3600, 3601, 3602, -1,
      3602, 3601, 3603, -1,
      3604, 95, 3601, -1,
      3601, 95, 92, -1,
      3601, 92, 3603, -1,
      3605, 3606, 3604, -1,
      3604, 3606, 3607, -1,
      3604, 3607, 95, -1,
      94, 95, 3607, -1,
      94, 3607, 3595, -1,
      3595, 3607, 3606, -1,
      3595, 3606, 3594, -1,
      3594, 3606, 3605, -1,
      3594, 3605, 3592, -1,
      3592, 3605, 3604, -1,
      3592, 3604, 3593, -1,
      3596, 3593, 3601, -1,
      3601, 3593, 3604, -1,
      3596, 3601, 3600, -1,
      3596, 3600, 3597, -1,
      3597, 3600, 3602, -1,
      3597, 3602, 3598, -1,
      3598, 3602, 3603, -1,
      3598, 3603, 3599, -1,
      3599, 3603, 92, -1,
      3599, 92, 93, -1,
      3608, 3609, 3610, -1,
      3610, 3609, 3611, -1,
      3608, 3610, 3612, -1,
      3612, 3610, 3613, -1,
      3612, 3613, 3614, -1,
      3614, 3613, 3615, -1,
      3614, 3615, 3616, -1,
      3616, 3615, 3617, -1,
      3616, 3617, 3618, -1,
      3618, 3617, 3619, -1,
      3620, 3618, 3621, -1,
      3621, 3618, 3619, -1,
      3620, 3621, 3622, -1,
      3620, 3622, 3623, -1,
      3623, 3622, 3624, -1,
      3623, 3624, 3625, -1,
      3625, 3624, 3626, -1,
      3625, 3626, 3627, -1,
      3627, 3626, 3628, -1,
      3627, 3628, 3629, -1,
      3630, 3629, 3631, -1,
      3631, 3629, 3628, -1,
      3630, 3631, 3632, -1,
      3630, 3632, 3633, -1,
      3633, 3632, 3634, -1,
      3633, 3634, 3635, -1,
      3635, 3634, 3636, -1,
      3635, 3636, 3637, -1,
      3637, 3636, 3638, -1,
      3637, 3638, 3639, -1,
      3639, 3638, 3640, -1,
      3639, 3640, 3641, -1,
      3641, 3640, 3642, -1,
      3641, 3642, 3643, -1,
      3643, 3642, 3644, -1,
      3643, 3644, 3645, -1,
      3646, 3645, 3647, -1,
      3647, 3645, 3644, -1,
      3646, 3647, 3648, -1,
      3646, 3648, 3649, -1,
      3649, 3648, 3650, -1,
      3649, 3650, 3651, -1,
      3651, 3650, 3652, -1,
      3651, 3652, 3653, -1,
      3653, 3652, 3654, -1,
      3653, 3654, 3655, -1,
      3655, 3654, 3656, -1,
      3655, 3656, 3657, -1,
      3657, 3656, 3658, -1,
      3657, 3658, 3659, -1,
      3659, 3658, 3660, -1,
      3659, 3660, 3661, -1,
      3662, 3661, 3663, -1,
      3663, 3661, 3660, -1,
      3664, 3665, 3666, -1,
      3664, 3666, 3667, -1,
      3667, 3666, 3668, -1,
      3667, 3668, 3669, -1,
      3669, 3668, 3670, -1,
      3669, 3670, 3671, -1,
      3671, 3670, 3611, -1,
      3671, 3611, 3609, -1,
      3662, 3663, 3672, -1,
      3672, 3663, 3673, -1,
      3672, 3673, 3674, -1,
      3674, 3673, 3675, -1,
      3674, 3675, 3676, -1,
      3676, 3675, 3677, -1,
      3676, 3677, 3678, -1,
      3678, 3677, 3679, -1,
      1150, 1175, 1174, -1,
      1150, 1174, 1149, -1,
      1149, 1174, 1173, -1,
      1149, 1173, 1148, -1,
      1148, 1173, 1172, -1,
      1148, 1172, 1151, -1,
      1151, 1172, 1171, -1,
      1151, 1171, 1152, -1,
      1152, 1171, 1170, -1,
      1152, 1170, 1153, -1,
      1153, 1170, 1169, -1,
      1153, 1169, 1156, -1,
      1156, 1169, 1177, -1,
      1156, 1177, 1155, -1,
      1157, 1181, 1158, -1,
      1158, 1181, 1180, -1,
      1158, 1180, 3664, -1,
      3664, 1180, 3665, -1,
      1160, 1178, 1161, -1,
      1161, 1178, 1184, -1,
      1161, 1184, 1162, -1,
      1162, 1184, 1183, -1,
      1162, 1183, 1163, -1,
      1163, 1183, 1182, -1,
      1163, 1182, 1157, -1,
      1157, 1182, 1181, -1,
      1155, 1177, 1154, -1,
      1154, 1177, 1176, -1,
      1154, 1176, 1159, -1,
      1159, 1176, 1179, -1,
      1159, 1179, 1160, -1,
      1160, 1179, 1178, -1,
      1176, 2045, 1179, -1,
      1179, 2045, 2043, -1,
      1167, 1189, 1188, -1,
      1167, 1188, 1168, -1,
      1168, 1188, 1185, -1,
      1168, 1185, 1166, -1,
      1166, 1185, 1186, -1,
      1166, 1186, 1165, -1,
      1165, 1186, 1187, -1,
      1165, 1187, 1164, -1,
      3678, 3679, 28, -1,
      28, 3679, 35, -1,
      28, 35, 1167, -1,
      1167, 35, 1189, -1,
      3665, 1180, 2030, -1,
      3631, 3628, 2035, -1,
      2035, 2037, 3631, -1,
      3631, 2037, 2039, -1,
      3631, 2039, 2041, -1,
      3622, 2033, 3624, -1,
      3624, 2033, 2035, -1,
      3624, 2035, 3626, -1,
      3626, 2035, 3628, -1,
      3622, 3621, 2033, -1,
      2033, 3621, 3619, -1,
      2033, 3619, 2030, -1,
      2030, 3619, 3617, -1,
      2030, 3617, 3615, -1,
      3615, 3613, 2030, -1,
      2030, 3613, 3610, -1,
      2030, 3610, 3665, -1,
      3677, 2041, 3679, -1,
      3679, 2041, 33, -1,
      3679, 33, 35, -1,
      3610, 3611, 3665, -1,
      3665, 3611, 3670, -1,
      3665, 3670, 3666, -1,
      3666, 3670, 3668, -1,
      3642, 3640, 3663, -1,
      3660, 3658, 3647, -1,
      3647, 3658, 3656, -1,
      3647, 3656, 3654, -1,
      3660, 3647, 3663, -1,
      3663, 3647, 3644, -1,
      3663, 3644, 3642, -1,
      3640, 3638, 3663, -1,
      3663, 3638, 3636, -1,
      3663, 3636, 3634, -1,
      3654, 3652, 3647, -1,
      3647, 3652, 3650, -1,
      3647, 3650, 3648, -1,
      3677, 3675, 2041, -1,
      2041, 3675, 3673, -1,
      2041, 3673, 3631, -1,
      3631, 3673, 3663, -1,
      3631, 3663, 3632, -1,
      3632, 3663, 3634, -1,
      2027, 2029, 1159, -1,
      1159, 2029, 1154, -1,
      3627, 3629, 2018, -1,
      3608, 3612, 2015, -1,
      3678, 28, 46, -1,
      2018, 3629, 2020, -1,
      2020, 3629, 3630, -1,
      2020, 3630, 2022, -1,
      2024, 3672, 3674, -1,
      2015, 1158, 3664, -1,
      2024, 3674, 46, -1,
      46, 3674, 3676, -1,
      46, 3676, 3678, -1,
      3612, 3614, 2015, -1,
      2015, 3614, 3616, -1,
      2015, 3616, 2016, -1,
      2016, 3616, 3618, -1,
      3618, 3620, 2016, -1,
      2016, 3620, 3623, -1,
      2016, 3623, 2018, -1,
      2018, 3623, 3625, -1,
      2018, 3625, 3627, -1,
      3635, 3637, 3662, -1,
      3608, 2015, 3609, -1,
      3609, 2015, 3664, -1,
      3609, 3664, 3671, -1,
      3671, 3664, 3667, -1,
      3671, 3667, 3669, -1,
      2024, 2022, 3672, -1,
      3672, 2022, 3630, -1,
      3672, 3630, 3662, -1,
      3662, 3630, 3633, -1,
      3662, 3633, 3635, -1,
      3637, 3639, 3662, -1,
      3662, 3639, 3641, -1,
      3662, 3641, 3643, -1,
      3643, 3645, 3662, -1,
      3662, 3645, 3646, -1,
      3662, 3646, 3661, -1,
      3661, 3646, 3649, -1,
      3661, 3649, 3651, -1,
      3651, 3653, 3661, -1,
      3661, 3653, 3655, -1,
      3661, 3655, 3659, -1,
      3659, 3655, 3657, -1,
      3680, 3681, 3682, -1,
      3680, 3682, 3683, -1,
      3683, 3682, 3684, -1,
      3683, 3684, 3685, -1,
      3685, 3684, 3686, -1,
      3685, 3686, 3687, -1,
      3687, 3686, 3688, -1,
      3687, 3688, 3689, -1,
      3689, 3688, 3690, -1,
      3689, 3690, 3691, -1,
      3691, 3690, 3692, -1,
      3691, 3692, 3693, -1,
      3693, 3692, 3694, -1,
      3693, 3694, 3695, -1,
      3695, 3694, 3696, -1,
      3695, 3696, 3697, -1,
      3697, 3696, 3698, -1,
      3697, 3698, 3699, -1,
      3699, 3698, 3700, -1,
      3699, 3700, 3701, -1,
      3701, 3700, 3702, -1,
      3701, 3702, 3703, -1,
      3703, 3702, 3704, -1,
      3703, 3704, 3705, -1,
      152, 153, 3705, -1,
      3705, 153, 3680, -1,
      3685, 3687, 3695, -1,
      3697, 3699, 3680, -1,
      3697, 3680, 3695, -1,
      3695, 3680, 3683, -1,
      3695, 3683, 3685, -1,
      3687, 3689, 3695, -1,
      3695, 3689, 3691, -1,
      3695, 3691, 3693, -1,
      3699, 3701, 3680, -1,
      3680, 3701, 3703, -1,
      3680, 3703, 3705, -1,
      3696, 3694, 3681, -1,
      150, 151, 3681, -1,
      3681, 151, 3704, -1,
      3681, 3704, 3702, -1,
      3702, 3700, 3681, -1,
      3681, 3700, 3698, -1,
      3681, 3698, 3696, -1,
      3692, 3690, 3694, -1,
      3694, 3690, 3688, -1,
      3694, 3688, 3686, -1,
      3686, 3684, 3694, -1,
      3694, 3684, 3682, -1,
      3694, 3682, 3681, -1,
      152, 3705, 151, -1,
      151, 3705, 3704, -1,
      150, 3681, 153, -1,
      153, 3681, 3680, -1,
      3706, 3707, 3708, -1,
      3708, 3707, 3709, -1,
      3710, 91, 3707, -1,
      3707, 91, 89, -1,
      3707, 89, 3709, -1,
      3711, 3712, 3710, -1,
      3710, 3712, 3713, -1,
      3710, 3713, 91, -1,
      3714, 3715, 3716, -1,
      3716, 3715, 3717, -1,
      3718, 88, 3715, -1,
      3715, 88, 90, -1,
      3715, 90, 3717, -1,
      3719, 3720, 3718, -1,
      3718, 3720, 3721, -1,
      3718, 3721, 88, -1,
      89, 88, 3721, -1,
      89, 3721, 3709, -1,
      3709, 3721, 3720, -1,
      3709, 3720, 3708, -1,
      3708, 3720, 3719, -1,
      3708, 3719, 3706, -1,
      3706, 3719, 3718, -1,
      3706, 3718, 3707, -1,
      3710, 3707, 3715, -1,
      3715, 3707, 3718, -1,
      3710, 3715, 3714, -1,
      3710, 3714, 3711, -1,
      3711, 3714, 3716, -1,
      3711, 3716, 3712, -1,
      3712, 3716, 3717, -1,
      3712, 3717, 3713, -1,
      3713, 3717, 90, -1,
      3713, 90, 91, -1,
      3722, 3723, 3724, -1,
      3724, 3723, 3725, -1,
      3722, 3724, 3726, -1,
      3726, 3724, 3727, -1,
      3726, 3727, 3728, -1,
      3728, 3727, 3729, -1,
      3728, 3729, 3730, -1,
      3730, 3729, 3731, -1,
      3730, 3731, 3732, -1,
      3732, 3731, 3733, -1,
      3734, 3732, 3735, -1,
      3735, 3732, 3733, -1,
      3734, 3735, 3736, -1,
      3734, 3736, 3737, -1,
      3737, 3736, 3738, -1,
      3737, 3738, 3739, -1,
      3739, 3738, 3740, -1,
      3739, 3740, 3741, -1,
      3741, 3740, 3742, -1,
      3741, 3742, 3743, -1,
      3744, 3743, 3745, -1,
      3745, 3743, 3742, -1,
      3744, 3745, 3746, -1,
      3744, 3746, 3747, -1,
      3747, 3746, 3748, -1,
      3747, 3748, 3749, -1,
      3749, 3748, 3750, -1,
      3749, 3750, 3751, -1,
      3751, 3750, 3752, -1,
      3751, 3752, 3753, -1,
      3753, 3752, 3754, -1,
      3753, 3754, 3755, -1,
      3755, 3754, 3756, -1,
      3755, 3756, 3757, -1,
      3757, 3756, 3758, -1,
      3757, 3758, 3759, -1,
      3760, 3759, 3761, -1,
      3761, 3759, 3758, -1,
      3760, 3761, 3762, -1,
      3760, 3762, 3763, -1,
      3763, 3762, 3764, -1,
      3763, 3764, 3765, -1,
      3765, 3764, 3766, -1,
      3765, 3766, 3767, -1,
      3767, 3766, 3768, -1,
      3767, 3768, 3769, -1,
      3769, 3768, 3770, -1,
      3769, 3770, 3771, -1,
      3771, 3770, 3772, -1,
      3771, 3772, 3773, -1,
      3773, 3772, 3774, -1,
      3773, 3774, 3775, -1,
      3776, 3775, 3777, -1,
      3777, 3775, 3774, -1,
      3778, 3779, 3780, -1,
      3778, 3780, 3781, -1,
      3781, 3780, 3782, -1,
      3781, 3782, 3783, -1,
      3783, 3782, 3784, -1,
      3783, 3784, 3785, -1,
      3785, 3784, 3725, -1,
      3785, 3725, 3723, -1,
      3776, 3777, 3786, -1,
      3786, 3777, 3787, -1,
      3786, 3787, 3788, -1,
      3788, 3787, 3789, -1,
      3788, 3789, 3790, -1,
      3790, 3789, 3791, -1,
      3790, 3791, 3792, -1,
      3792, 3791, 3793, -1,
      1108, 1133, 1132, -1,
      1108, 1132, 1107, -1,
      1107, 1132, 1131, -1,
      1107, 1131, 1106, -1,
      1106, 1131, 1130, -1,
      1106, 1130, 1109, -1,
      1109, 1130, 1129, -1,
      1109, 1129, 1110, -1,
      1110, 1129, 1128, -1,
      1110, 1128, 1111, -1,
      1111, 1128, 1127, -1,
      1111, 1127, 1114, -1,
      1114, 1127, 1135, -1,
      1114, 1135, 1113, -1,
      1115, 1139, 1116, -1,
      1116, 1139, 1138, -1,
      1116, 1138, 3778, -1,
      3778, 1138, 3779, -1,
      1118, 1136, 1119, -1,
      1119, 1136, 1142, -1,
      1119, 1142, 1120, -1,
      1120, 1142, 1141, -1,
      1120, 1141, 1121, -1,
      1121, 1141, 1140, -1,
      1121, 1140, 1115, -1,
      1115, 1140, 1139, -1,
      1113, 1135, 1112, -1,
      1112, 1135, 1134, -1,
      1112, 1134, 1117, -1,
      1117, 1134, 1137, -1,
      1117, 1137, 1118, -1,
      1118, 1137, 1136, -1,
      1134, 2028, 1137, -1,
      1137, 2028, 2026, -1,
      1125, 1147, 1146, -1,
      1125, 1146, 1126, -1,
      1126, 1146, 1143, -1,
      1126, 1143, 1124, -1,
      1124, 1143, 1144, -1,
      1124, 1144, 1123, -1,
      1123, 1144, 1145, -1,
      1123, 1145, 1122, -1,
      3792, 3793, 29, -1,
      29, 3793, 47, -1,
      29, 47, 1125, -1,
      1125, 47, 1147, -1,
      3779, 1138, 2014, -1,
      3745, 3742, 2019, -1,
      3736, 2017, 3738, -1,
      3738, 2017, 2019, -1,
      3738, 2019, 3740, -1,
      3740, 2019, 3742, -1,
      2019, 2021, 3745, -1,
      3745, 2021, 2023, -1,
      3745, 2023, 2025, -1,
      3736, 3735, 2017, -1,
      2017, 3735, 3733, -1,
      2017, 3733, 2014, -1,
      2014, 3733, 3731, -1,
      2014, 3731, 3729, -1,
      3729, 3727, 2014, -1,
      2014, 3727, 3724, -1,
      2014, 3724, 3779, -1,
      3791, 2025, 3793, -1,
      3793, 2025, 45, -1,
      3793, 45, 47, -1,
      3724, 3725, 3779, -1,
      3779, 3725, 3784, -1,
      3779, 3784, 3780, -1,
      3780, 3784, 3782, -1,
      3756, 3754, 3777, -1,
      3774, 3772, 3761, -1,
      3761, 3772, 3770, -1,
      3761, 3770, 3768, -1,
      3774, 3761, 3777, -1,
      3777, 3761, 3758, -1,
      3777, 3758, 3756, -1,
      3754, 3752, 3777, -1,
      3777, 3752, 3750, -1,
      3777, 3750, 3748, -1,
      3768, 3766, 3761, -1,
      3761, 3766, 3764, -1,
      3761, 3764, 3762, -1,
      3791, 3789, 2025, -1,
      2025, 3789, 3787, -1,
      2025, 3787, 3745, -1,
      3745, 3787, 3777, -1,
      3745, 3777, 3746, -1,
      3746, 3777, 3748, -1,
      2011, 2013, 1117, -1,
      1117, 2013, 1112, -1,
      3741, 3743, 2002, -1,
      3722, 3726, 1999, -1,
      3792, 29, 31, -1,
      2002, 3743, 2004, -1,
      2004, 3743, 3744, -1,
      2004, 3744, 2006, -1,
      2008, 3786, 3788, -1,
      1999, 1116, 3778, -1,
      2008, 3788, 31, -1,
      31, 3788, 3790, -1,
      31, 3790, 3792, -1,
      3726, 3728, 1999, -1,
      1999, 3728, 3730, -1,
      1999, 3730, 2000, -1,
      2000, 3730, 3732, -1,
      3732, 3734, 2000, -1,
      2000, 3734, 3737, -1,
      2000, 3737, 2002, -1,
      2002, 3737, 3739, -1,
      2002, 3739, 3741, -1,
      3749, 3751, 3776, -1,
      3722, 1999, 3723, -1,
      3723, 1999, 3778, -1,
      3723, 3778, 3785, -1,
      3785, 3778, 3781, -1,
      3785, 3781, 3783, -1,
      2008, 2006, 3786, -1,
      3786, 2006, 3744, -1,
      3786, 3744, 3776, -1,
      3776, 3744, 3747, -1,
      3776, 3747, 3749, -1,
      3751, 3753, 3776, -1,
      3776, 3753, 3755, -1,
      3776, 3755, 3757, -1,
      3757, 3759, 3776, -1,
      3776, 3759, 3760, -1,
      3776, 3760, 3775, -1,
      3775, 3760, 3763, -1,
      3775, 3763, 3765, -1,
      3765, 3767, 3775, -1,
      3775, 3767, 3769, -1,
      3775, 3769, 3773, -1,
      3773, 3769, 3771, -1,
      3794, 3795, 3796, -1,
      3794, 3796, 3797, -1,
      3797, 3796, 3798, -1,
      3797, 3798, 3799, -1,
      3799, 3798, 3800, -1,
      3799, 3800, 3801, -1,
      3801, 3800, 3802, -1,
      3801, 3802, 3803, -1,
      3803, 3802, 3804, -1,
      3803, 3804, 3805, -1,
      3805, 3804, 3806, -1,
      3805, 3806, 3807, -1,
      3807, 3806, 3808, -1,
      3807, 3808, 3809, -1,
      3809, 3808, 3810, -1,
      3809, 3810, 3811, -1,
      3811, 3810, 3812, -1,
      3811, 3812, 3813, -1,
      3813, 3812, 3814, -1,
      3813, 3814, 3815, -1,
      3815, 3814, 3816, -1,
      3815, 3816, 3817, -1,
      3817, 3816, 3818, -1,
      3817, 3818, 3819, -1,
      148, 149, 3819, -1,
      3819, 149, 3794, -1,
      3799, 3801, 3809, -1,
      3811, 3813, 3794, -1,
      3811, 3794, 3809, -1,
      3809, 3794, 3797, -1,
      3809, 3797, 3799, -1,
      3801, 3803, 3809, -1,
      3809, 3803, 3805, -1,
      3809, 3805, 3807, -1,
      3813, 3815, 3794, -1,
      3794, 3815, 3817, -1,
      3794, 3817, 3819, -1,
      3810, 3808, 3795, -1,
      146, 147, 3795, -1,
      3795, 147, 3818, -1,
      3795, 3818, 3816, -1,
      3816, 3814, 3795, -1,
      3795, 3814, 3812, -1,
      3795, 3812, 3810, -1,
      3806, 3804, 3808, -1,
      3808, 3804, 3802, -1,
      3808, 3802, 3800, -1,
      3800, 3798, 3808, -1,
      3808, 3798, 3796, -1,
      3808, 3796, 3795, -1,
      148, 3819, 147, -1,
      147, 3819, 3818, -1,
      146, 3795, 149, -1,
      149, 3795, 3794, -1,
      3820, 3821, 3822, -1,
      3822, 3821, 3823, -1,
      3824, 85, 3821, -1,
      3821, 85, 86, -1,
      3821, 86, 3823, -1,
      3825, 3826, 3824, -1,
      3824, 3826, 3827, -1,
      3824, 3827, 85, -1,
      3828, 3829, 3830, -1,
      3830, 3829, 3831, -1,
      3832, 87, 3829, -1,
      3829, 87, 84, -1,
      3829, 84, 3831, -1,
      3833, 3834, 3832, -1,
      3832, 3834, 3835, -1,
      3832, 3835, 87, -1,
      86, 87, 3835, -1,
      86, 3835, 3823, -1,
      3823, 3835, 3834, -1,
      3823, 3834, 3822, -1,
      3822, 3834, 3833, -1,
      3822, 3833, 3820, -1,
      3820, 3833, 3832, -1,
      3820, 3832, 3821, -1,
      3824, 3821, 3829, -1,
      3829, 3821, 3832, -1,
      3824, 3829, 3828, -1,
      3824, 3828, 3825, -1,
      3825, 3828, 3830, -1,
      3825, 3830, 3826, -1,
      3826, 3830, 3831, -1,
      3826, 3831, 3827, -1,
      3827, 3831, 84, -1,
      3827, 84, 85, -1,
      3836, 3837, 3838, -1,
      3838, 3837, 3839, -1,
      3836, 3838, 3840, -1,
      3840, 3838, 3841, -1,
      3840, 3841, 3842, -1,
      3842, 3841, 3843, -1,
      3842, 3843, 3844, -1,
      3844, 3843, 3845, -1,
      3844, 3845, 3846, -1,
      3846, 3845, 3847, -1,
      3848, 3846, 3849, -1,
      3849, 3846, 3847, -1,
      3848, 3849, 3850, -1,
      3848, 3850, 3851, -1,
      3851, 3850, 3852, -1,
      3851, 3852, 3853, -1,
      3853, 3852, 3854, -1,
      3853, 3854, 3855, -1,
      3855, 3854, 3856, -1,
      3855, 3856, 3857, -1,
      3858, 3857, 3859, -1,
      3859, 3857, 3856, -1,
      3858, 3859, 3860, -1,
      3858, 3860, 3861, -1,
      3861, 3860, 3862, -1,
      3861, 3862, 3863, -1,
      3863, 3862, 3864, -1,
      3863, 3864, 3865, -1,
      3865, 3864, 3866, -1,
      3865, 3866, 3867, -1,
      3867, 3866, 3868, -1,
      3867, 3868, 3869, -1,
      3869, 3868, 3870, -1,
      3869, 3870, 3871, -1,
      3871, 3870, 3872, -1,
      3871, 3872, 3873, -1,
      3874, 3873, 3875, -1,
      3875, 3873, 3872, -1,
      3874, 3875, 3876, -1,
      3874, 3876, 3877, -1,
      3877, 3876, 3878, -1,
      3877, 3878, 3879, -1,
      3879, 3878, 3880, -1,
      3879, 3880, 3881, -1,
      3881, 3880, 3882, -1,
      3881, 3882, 3883, -1,
      3883, 3882, 3884, -1,
      3883, 3884, 3885, -1,
      3885, 3884, 3886, -1,
      3885, 3886, 3887, -1,
      3887, 3886, 3888, -1,
      3887, 3888, 3889, -1,
      3890, 3889, 3891, -1,
      3891, 3889, 3888, -1,
      3892, 3893, 3894, -1,
      3892, 3894, 3895, -1,
      3895, 3894, 3896, -1,
      3895, 3896, 3897, -1,
      3897, 3896, 3898, -1,
      3897, 3898, 3899, -1,
      3899, 3898, 3839, -1,
      3899, 3839, 3837, -1,
      3890, 3891, 3900, -1,
      3900, 3891, 3901, -1,
      3900, 3901, 3902, -1,
      3902, 3901, 3903, -1,
      3902, 3903, 3904, -1,
      3904, 3903, 3905, -1,
      3904, 3905, 3906, -1,
      3906, 3905, 3907, -1,
      1066, 1091, 1090, -1,
      1066, 1090, 1065, -1,
      1065, 1090, 1089, -1,
      1065, 1089, 1064, -1,
      1064, 1089, 1088, -1,
      1064, 1088, 1067, -1,
      1067, 1088, 1087, -1,
      1067, 1087, 1068, -1,
      1068, 1087, 1086, -1,
      1068, 1086, 1069, -1,
      1069, 1086, 1085, -1,
      1069, 1085, 1072, -1,
      1072, 1085, 1093, -1,
      1072, 1093, 1071, -1,
      1073, 1097, 1074, -1,
      1074, 1097, 1096, -1,
      1074, 1096, 3892, -1,
      3892, 1096, 3893, -1,
      1076, 1094, 1077, -1,
      1077, 1094, 1100, -1,
      1077, 1100, 1078, -1,
      1078, 1100, 1099, -1,
      1078, 1099, 1079, -1,
      1079, 1099, 1098, -1,
      1079, 1098, 1073, -1,
      1073, 1098, 1097, -1,
      1071, 1093, 1070, -1,
      1070, 1093, 1092, -1,
      1070, 1092, 1075, -1,
      1075, 1092, 1095, -1,
      1075, 1095, 1076, -1,
      1076, 1095, 1094, -1,
      1092, 2012, 1095, -1,
      1095, 2012, 2010, -1,
      1083, 1105, 1104, -1,
      1083, 1104, 1084, -1,
      1084, 1104, 1101, -1,
      1084, 1101, 1082, -1,
      1082, 1101, 1102, -1,
      1082, 1102, 1081, -1,
      1081, 1102, 1103, -1,
      1081, 1103, 1080, -1,
      3906, 3907, 27, -1,
      27, 3907, 30, -1,
      27, 30, 1083, -1,
      1083, 30, 1105, -1,
      3893, 1096, 1998, -1,
      3859, 3856, 2003, -1,
      3850, 2001, 3852, -1,
      3852, 2001, 2003, -1,
      3852, 2003, 3854, -1,
      3854, 2003, 3856, -1,
      2003, 2005, 3859, -1,
      3859, 2005, 2007, -1,
      3859, 2007, 2009, -1,
      3850, 3849, 2001, -1,
      2001, 3849, 3847, -1,
      2001, 3847, 1998, -1,
      1998, 3847, 3845, -1,
      1998, 3845, 3843, -1,
      3843, 3841, 1998, -1,
      1998, 3841, 3838, -1,
      1998, 3838, 3893, -1,
      3905, 2009, 3907, -1,
      3907, 2009, 32, -1,
      3907, 32, 30, -1,
      3838, 3839, 3893, -1,
      3893, 3839, 3898, -1,
      3893, 3898, 3894, -1,
      3894, 3898, 3896, -1,
      3870, 3868, 3891, -1,
      3888, 3886, 3875, -1,
      3875, 3886, 3884, -1,
      3875, 3884, 3882, -1,
      3888, 3875, 3891, -1,
      3891, 3875, 3872, -1,
      3891, 3872, 3870, -1,
      3868, 3866, 3891, -1,
      3891, 3866, 3864, -1,
      3891, 3864, 3862, -1,
      3882, 3880, 3875, -1,
      3875, 3880, 3878, -1,
      3875, 3878, 3876, -1,
      3905, 3903, 2009, -1,
      2009, 3903, 3901, -1,
      2009, 3901, 3859, -1,
      3859, 3901, 3891, -1,
      3859, 3891, 3860, -1,
      3860, 3891, 3862, -1,
      1995, 1997, 1075, -1,
      1075, 1997, 1070, -1,
      3836, 3840, 1983, -1,
      3906, 27, 26, -1,
      1983, 1074, 3892, -1,
      1993, 3900, 3902, -1,
      3840, 3842, 1983, -1,
      1983, 3842, 3844, -1,
      1983, 3844, 1985, -1,
      1985, 3844, 3846, -1,
      1993, 3902, 26, -1,
      26, 3902, 3904, -1,
      26, 3904, 3906, -1,
      3846, 3848, 1985, -1,
      1985, 3848, 3851, -1,
      1985, 3851, 1987, -1,
      1987, 3851, 3853, -1,
      3853, 3855, 1987, -1,
      1987, 3855, 3857, -1,
      1987, 3857, 1989, -1,
      1989, 3857, 3858, -1,
      1989, 3858, 1991, -1,
      3863, 3865, 3890, -1,
      3836, 1983, 3837, -1,
      3837, 1983, 3892, -1,
      3837, 3892, 3899, -1,
      3899, 3892, 3895, -1,
      3899, 3895, 3897, -1,
      1993, 1991, 3900, -1,
      3900, 1991, 3858, -1,
      3900, 3858, 3890, -1,
      3890, 3858, 3861, -1,
      3890, 3861, 3863, -1,
      3865, 3867, 3890, -1,
      3890, 3867, 3869, -1,
      3890, 3869, 3871, -1,
      3871, 3873, 3890, -1,
      3890, 3873, 3874, -1,
      3890, 3874, 3889, -1,
      3889, 3874, 3877, -1,
      3889, 3877, 3879, -1,
      3879, 3881, 3889, -1,
      3889, 3881, 3883, -1,
      3889, 3883, 3887, -1,
      3887, 3883, 3885, -1,
      3908, 3909, 3910, -1,
      3908, 3910, 3911, -1,
      3911, 3910, 3912, -1,
      3911, 3912, 3913, -1,
      3913, 3912, 3914, -1,
      3913, 3914, 3915, -1,
      3915, 3914, 3916, -1,
      3915, 3916, 3917, -1,
      3917, 3916, 3918, -1,
      3917, 3918, 3919, -1,
      3919, 3918, 3920, -1,
      3919, 3920, 3921, -1,
      3921, 3920, 3922, -1,
      3921, 3922, 3923, -1,
      3923, 3922, 3924, -1,
      3923, 3924, 3925, -1,
      3925, 3924, 3926, -1,
      3925, 3926, 3927, -1,
      3927, 3926, 3928, -1,
      3927, 3928, 3929, -1,
      3929, 3928, 3930, -1,
      3929, 3930, 3931, -1,
      3931, 3930, 3932, -1,
      3931, 3932, 3933, -1,
      144, 145, 3933, -1,
      3933, 145, 3908, -1,
      3913, 3915, 3923, -1,
      3925, 3927, 3908, -1,
      3925, 3908, 3923, -1,
      3923, 3908, 3911, -1,
      3923, 3911, 3913, -1,
      3915, 3917, 3923, -1,
      3923, 3917, 3919, -1,
      3923, 3919, 3921, -1,
      3927, 3929, 3908, -1,
      3908, 3929, 3931, -1,
      3908, 3931, 3933, -1,
      3924, 3922, 3909, -1,
      142, 143, 3909, -1,
      3909, 143, 3932, -1,
      3909, 3932, 3930, -1,
      3930, 3928, 3909, -1,
      3909, 3928, 3926, -1,
      3909, 3926, 3924, -1,
      3920, 3918, 3922, -1,
      3922, 3918, 3916, -1,
      3922, 3916, 3914, -1,
      3914, 3912, 3922, -1,
      3922, 3912, 3910, -1,
      3922, 3910, 3909, -1,
      144, 3933, 143, -1,
      143, 3933, 3932, -1,
      142, 3909, 145, -1,
      145, 3909, 3908, -1,
      3934, 3935, 3936, -1,
      3936, 3935, 3937, -1,
      3938, 81, 3935, -1,
      3935, 81, 82, -1,
      3935, 82, 3937, -1,
      3939, 3940, 3938, -1,
      3938, 3940, 3941, -1,
      3938, 3941, 81, -1,
      3942, 3943, 3944, -1,
      3944, 3943, 3945, -1,
      3946, 83, 3943, -1,
      3943, 83, 80, -1,
      3943, 80, 3945, -1,
      3947, 3948, 3946, -1,
      3946, 3948, 3949, -1,
      3946, 3949, 83, -1,
      82, 83, 3949, -1,
      82, 3949, 3937, -1,
      3937, 3949, 3948, -1,
      3937, 3948, 3936, -1,
      3936, 3948, 3947, -1,
      3936, 3947, 3934, -1,
      3934, 3947, 3946, -1,
      3934, 3946, 3935, -1,
      3938, 3935, 3943, -1,
      3943, 3935, 3946, -1,
      3938, 3943, 3942, -1,
      3938, 3942, 3939, -1,
      3939, 3942, 3944, -1,
      3939, 3944, 3940, -1,
      3940, 3944, 3945, -1,
      3940, 3945, 3941, -1,
      3941, 3945, 80, -1,
      3941, 80, 81, -1,
      3950, 3951, 3952, -1,
      3952, 3951, 3953, -1,
      3950, 3952, 3954, -1,
      3954, 3952, 3955, -1,
      3954, 3955, 3956, -1,
      3956, 3955, 3957, -1,
      3956, 3957, 3958, -1,
      3958, 3957, 3959, -1,
      3958, 3959, 3960, -1,
      3960, 3959, 3961, -1,
      3962, 3960, 3963, -1,
      3963, 3960, 3961, -1,
      3962, 3963, 3964, -1,
      3962, 3964, 3965, -1,
      3965, 3964, 3966, -1,
      3965, 3966, 3967, -1,
      3967, 3966, 3968, -1,
      3967, 3968, 3969, -1,
      3969, 3968, 3970, -1,
      3969, 3970, 3971, -1,
      3972, 3971, 3973, -1,
      3973, 3971, 3970, -1,
      3972, 3973, 3974, -1,
      3972, 3974, 3975, -1,
      3975, 3974, 3976, -1,
      3975, 3976, 3977, -1,
      3977, 3976, 3978, -1,
      3977, 3978, 3979, -1,
      3979, 3978, 3980, -1,
      3979, 3980, 3981, -1,
      3981, 3980, 3982, -1,
      3981, 3982, 3983, -1,
      3983, 3982, 3984, -1,
      3983, 3984, 3985, -1,
      3985, 3984, 3986, -1,
      3985, 3986, 3987, -1,
      3988, 3987, 3989, -1,
      3989, 3987, 3986, -1,
      3988, 3989, 3990, -1,
      3988, 3990, 3991, -1,
      3991, 3990, 3992, -1,
      3991, 3992, 3993, -1,
      3993, 3992, 3994, -1,
      3993, 3994, 3995, -1,
      3995, 3994, 3996, -1,
      3995, 3996, 3997, -1,
      3997, 3996, 3998, -1,
      3997, 3998, 3999, -1,
      3999, 3998, 4000, -1,
      3999, 4000, 4001, -1,
      4001, 4000, 4002, -1,
      4001, 4002, 4003, -1,
      4004, 4003, 4005, -1,
      4005, 4003, 4002, -1,
      4006, 4007, 4008, -1,
      4006, 4008, 4009, -1,
      4009, 4008, 4010, -1,
      4009, 4010, 4011, -1,
      4011, 4010, 4012, -1,
      4011, 4012, 4013, -1,
      4013, 4012, 3953, -1,
      4013, 3953, 3951, -1,
      4004, 4005, 4014, -1,
      4014, 4005, 4015, -1,
      4014, 4015, 4016, -1,
      4016, 4015, 4017, -1,
      4016, 4017, 4018, -1,
      4018, 4017, 4019, -1,
      4018, 4019, 4020, -1,
      4020, 4019, 4021, -1,
      1024, 1049, 1048, -1,
      1024, 1048, 1023, -1,
      1023, 1048, 1047, -1,
      1023, 1047, 1022, -1,
      1022, 1047, 1046, -1,
      1022, 1046, 1025, -1,
      1025, 1046, 1045, -1,
      1025, 1045, 1026, -1,
      1026, 1045, 1044, -1,
      1026, 1044, 1027, -1,
      1027, 1044, 1043, -1,
      1027, 1043, 1030, -1,
      1030, 1043, 1051, -1,
      1030, 1051, 1029, -1,
      1031, 1055, 1032, -1,
      1032, 1055, 1054, -1,
      1032, 1054, 4006, -1,
      4006, 1054, 4007, -1,
      1034, 1052, 1035, -1,
      1035, 1052, 1058, -1,
      1035, 1058, 1036, -1,
      1036, 1058, 1057, -1,
      1036, 1057, 1037, -1,
      1037, 1057, 1056, -1,
      1037, 1056, 1031, -1,
      1031, 1056, 1055, -1,
      1029, 1051, 1028, -1,
      1028, 1051, 1050, -1,
      1028, 1050, 1033, -1,
      1033, 1050, 1053, -1,
      1033, 1053, 1034, -1,
      1034, 1053, 1052, -1,
      1050, 1996, 1053, -1,
      1053, 1996, 1994, -1,
      1041, 1063, 1062, -1,
      1041, 1062, 1042, -1,
      1042, 1062, 1059, -1,
      1042, 1059, 1040, -1,
      1040, 1059, 1060, -1,
      1040, 1060, 1039, -1,
      1039, 1060, 1061, -1,
      1039, 1061, 1038, -1,
      4020, 4021, 59, -1,
      59, 4021, 0, -1,
      59, 0, 1041, -1,
      1041, 0, 1063, -1,
      4007, 1054, 1982, -1,
      1982, 3959, 3957, -1,
      3973, 1992, 1984, -1,
      3959, 1982, 3961, -1,
      3961, 1982, 1986, -1,
      3961, 1986, 3963, -1,
      3957, 3955, 1982, -1,
      1982, 3955, 3952, -1,
      1982, 3952, 4007, -1,
      3970, 3968, 1988, -1,
      1988, 3968, 3966, -1,
      1988, 3966, 1986, -1,
      1986, 3966, 3964, -1,
      1986, 3964, 3963, -1,
      3970, 1988, 3973, -1,
      3973, 1988, 1990, -1,
      3973, 1990, 1992, -1,
      3952, 3953, 4007, -1,
      4007, 3953, 4012, -1,
      4007, 4012, 4008, -1,
      4008, 4012, 4010, -1,
      4019, 1984, 4021, -1,
      4021, 1984, 1, -1,
      4021, 1, 0, -1,
      3984, 3982, 4005, -1,
      4002, 4000, 3989, -1,
      3989, 4000, 3998, -1,
      3989, 3998, 3996, -1,
      4002, 3989, 4005, -1,
      4005, 3989, 3986, -1,
      4005, 3986, 3984, -1,
      3982, 3980, 4005, -1,
      4005, 3980, 3978, -1,
      4005, 3978, 3976, -1,
      3996, 3994, 3989, -1,
      3989, 3994, 3992, -1,
      3989, 3992, 3990, -1,
      4019, 4017, 1984, -1,
      1984, 4017, 4015, -1,
      1984, 4015, 3973, -1,
      3973, 4015, 4005, -1,
      3973, 4005, 3974, -1,
      3974, 4005, 3976, -1,
      1977, 1980, 1033, -1,
      1033, 1980, 1028, -1,
      3969, 3971, 1969, -1,
      3950, 3954, 1960, -1,
      4020, 59, 58, -1,
      1969, 3971, 1971, -1,
      1971, 3971, 3972, -1,
      1971, 3972, 1973, -1,
      1967, 4014, 4016, -1,
      1960, 1032, 4006, -1,
      1967, 4016, 58, -1,
      58, 4016, 4018, -1,
      58, 4018, 4020, -1,
      3954, 3956, 1960, -1,
      1960, 3956, 3958, -1,
      1960, 3958, 1966, -1,
      1966, 3958, 3960, -1,
      3960, 3962, 1966, -1,
      1966, 3962, 3965, -1,
      1966, 3965, 1969, -1,
      1969, 3965, 3967, -1,
      1969, 3967, 3969, -1,
      3977, 3979, 4004, -1,
      3950, 1960, 3951, -1,
      3951, 1960, 4006, -1,
      3951, 4006, 4013, -1,
      4013, 4006, 4009, -1,
      4013, 4009, 4011, -1,
      1967, 1973, 4014, -1,
      4014, 1973, 3972, -1,
      4014, 3972, 4004, -1,
      4004, 3972, 3975, -1,
      4004, 3975, 3977, -1,
      3979, 3981, 4004, -1,
      4004, 3981, 3983, -1,
      4004, 3983, 3985, -1,
      3985, 3987, 4004, -1,
      4004, 3987, 3988, -1,
      4004, 3988, 4003, -1,
      4003, 3988, 3991, -1,
      4003, 3991, 3993, -1,
      3993, 3995, 4003, -1,
      4003, 3995, 3997, -1,
      4003, 3997, 4001, -1,
      4001, 3997, 3999, -1,
      4022, 4023, 4024, -1,
      4022, 4024, 4025, -1,
      4025, 4024, 4026, -1,
      4025, 4026, 4027, -1,
      4027, 4026, 4028, -1,
      4027, 4028, 4029, -1,
      4029, 4028, 4030, -1,
      4029, 4030, 4031, -1,
      4031, 4030, 4032, -1,
      4031, 4032, 4033, -1,
      4033, 4032, 4034, -1,
      4033, 4034, 4035, -1,
      4035, 4034, 4036, -1,
      4035, 4036, 4037, -1,
      4037, 4036, 4038, -1,
      4037, 4038, 4039, -1,
      4039, 4038, 4040, -1,
      4039, 4040, 4041, -1,
      4041, 4040, 4042, -1,
      4041, 4042, 4043, -1,
      4043, 4042, 4044, -1,
      4043, 4044, 4045, -1,
      4045, 4044, 4046, -1,
      4045, 4046, 4047, -1,
      140, 141, 4047, -1,
      4047, 141, 4022, -1,
      4027, 4029, 4037, -1,
      4039, 4041, 4022, -1,
      4039, 4022, 4037, -1,
      4037, 4022, 4025, -1,
      4037, 4025, 4027, -1,
      4029, 4031, 4037, -1,
      4037, 4031, 4033, -1,
      4037, 4033, 4035, -1,
      4041, 4043, 4022, -1,
      4022, 4043, 4045, -1,
      4022, 4045, 4047, -1,
      4038, 4036, 4023, -1,
      138, 139, 4023, -1,
      4023, 139, 4046, -1,
      4023, 4046, 4044, -1,
      4044, 4042, 4023, -1,
      4023, 4042, 4040, -1,
      4023, 4040, 4038, -1,
      4034, 4032, 4036, -1,
      4036, 4032, 4030, -1,
      4036, 4030, 4028, -1,
      4028, 4026, 4036, -1,
      4036, 4026, 4024, -1,
      4036, 4024, 4023, -1,
      140, 4047, 139, -1,
      139, 4047, 4046, -1,
      138, 4023, 141, -1,
      141, 4023, 4022, -1,
      4048, 4049, 4050, -1,
      4050, 4049, 4051, -1,
      4052, 77, 4049, -1,
      4049, 77, 78, -1,
      4049, 78, 4051, -1,
      4053, 4054, 4052, -1,
      4052, 4054, 4055, -1,
      4052, 4055, 77, -1,
      4056, 4057, 4058, -1,
      4058, 4057, 4059, -1,
      4060, 79, 4057, -1,
      4057, 79, 76, -1,
      4057, 76, 4059, -1,
      4061, 4062, 4060, -1,
      4060, 4062, 4063, -1,
      4060, 4063, 79, -1,
      78, 79, 4063, -1,
      78, 4063, 4051, -1,
      4051, 4063, 4062, -1,
      4051, 4062, 4050, -1,
      4050, 4062, 4061, -1,
      4050, 4061, 4048, -1,
      4048, 4061, 4060, -1,
      4048, 4060, 4049, -1,
      4052, 4049, 4057, -1,
      4057, 4049, 4060, -1,
      4052, 4057, 4056, -1,
      4052, 4056, 4053, -1,
      4053, 4056, 4058, -1,
      4053, 4058, 4054, -1,
      4054, 4058, 4059, -1,
      4054, 4059, 4055, -1,
      4055, 4059, 76, -1,
      4055, 76, 77, -1,
      4064, 4065, 4066, -1,
      4066, 4065, 4067, -1,
      4064, 4066, 4068, -1,
      4068, 4066, 4069, -1,
      4068, 4069, 4070, -1,
      4070, 4069, 4071, -1,
      4070, 4071, 4072, -1,
      4072, 4071, 4073, -1,
      4072, 4073, 4074, -1,
      4074, 4073, 4075, -1,
      4076, 4074, 4077, -1,
      4077, 4074, 4075, -1,
      4076, 4077, 4078, -1,
      4076, 4078, 4079, -1,
      4079, 4078, 4080, -1,
      4079, 4080, 4081, -1,
      4081, 4080, 4082, -1,
      4081, 4082, 4083, -1,
      4083, 4082, 4084, -1,
      4083, 4084, 4085, -1,
      4086, 4085, 4087, -1,
      4087, 4085, 4084, -1,
      4086, 4087, 4088, -1,
      4086, 4088, 4089, -1,
      4089, 4088, 4090, -1,
      4089, 4090, 4091, -1,
      4091, 4090, 4092, -1,
      4091, 4092, 4093, -1,
      4093, 4092, 4094, -1,
      4093, 4094, 4095, -1,
      4095, 4094, 4096, -1,
      4095, 4096, 4097, -1,
      4097, 4096, 4098, -1,
      4097, 4098, 4099, -1,
      4099, 4098, 4100, -1,
      4099, 4100, 4101, -1,
      4102, 4101, 4103, -1,
      4103, 4101, 4100, -1,
      4102, 4103, 4104, -1,
      4102, 4104, 4105, -1,
      4105, 4104, 4106, -1,
      4105, 4106, 4107, -1,
      4107, 4106, 4108, -1,
      4107, 4108, 4109, -1,
      4109, 4108, 4110, -1,
      4109, 4110, 4111, -1,
      4111, 4110, 4112, -1,
      4111, 4112, 4113, -1,
      4113, 4112, 4114, -1,
      4113, 4114, 4115, -1,
      4115, 4114, 4116, -1,
      4115, 4116, 4117, -1,
      4118, 4117, 4119, -1,
      4119, 4117, 4116, -1,
      4120, 4121, 4122, -1,
      4120, 4122, 4123, -1,
      4123, 4122, 4124, -1,
      4123, 4124, 4125, -1,
      4125, 4124, 4126, -1,
      4125, 4126, 4127, -1,
      4127, 4126, 4067, -1,
      4127, 4067, 4065, -1,
      4118, 4119, 4128, -1,
      4128, 4119, 4129, -1,
      4128, 4129, 4130, -1,
      4130, 4129, 4131, -1,
      4130, 4131, 4132, -1,
      4132, 4131, 4133, -1,
      4132, 4133, 4134, -1,
      4134, 4133, 4135, -1,
      982, 1003, 1004, -1,
      982, 1004, 981, -1,
      981, 1004, 1005, -1,
      981, 1005, 980, -1,
      980, 1005, 1007, -1,
      980, 1007, 983, -1,
      983, 1007, 1006, -1,
      983, 1006, 984, -1,
      984, 1006, 1002, -1,
      984, 1002, 985, -1,
      985, 1002, 1001, -1,
      985, 1001, 988, -1,
      988, 1001, 1009, -1,
      988, 1009, 987, -1,
      989, 1013, 990, -1,
      990, 1013, 1012, -1,
      990, 1012, 4120, -1,
      4120, 1012, 4121, -1,
      992, 1010, 993, -1,
      993, 1010, 1016, -1,
      993, 1016, 994, -1,
      994, 1016, 1015, -1,
      994, 1015, 995, -1,
      995, 1015, 1014, -1,
      995, 1014, 989, -1,
      989, 1014, 1013, -1,
      987, 1009, 986, -1,
      986, 1009, 1008, -1,
      986, 1008, 991, -1,
      991, 1008, 1011, -1,
      991, 1011, 992, -1,
      992, 1011, 1010, -1,
      1008, 1981, 1011, -1,
      1011, 1981, 1978, -1,
      1976, 1979, 991, -1,
      991, 1979, 986, -1,
      999, 1021, 1020, -1,
      999, 1020, 1000, -1,
      1000, 1020, 1017, -1,
      1000, 1017, 998, -1,
      998, 1017, 1018, -1,
      998, 1018, 997, -1,
      997, 1018, 1019, -1,
      997, 1019, 996, -1,
      4134, 4135, 4, -1,
      4, 4135, 2, -1,
      4, 2, 999, -1,
      999, 2, 1021, -1,
      4121, 1012, 1959, -1,
      4087, 4084, 1970, -1,
      4078, 1968, 4080, -1,
      4080, 1968, 1970, -1,
      4080, 1970, 4082, -1,
      4082, 1970, 4084, -1,
      1970, 1972, 4087, -1,
      4087, 1972, 1974, -1,
      4087, 1974, 1975, -1,
      4078, 4077, 1968, -1,
      1968, 4077, 4075, -1,
      1968, 4075, 1959, -1,
      1959, 4075, 4073, -1,
      1959, 4073, 4071, -1,
      4071, 4069, 1959, -1,
      1959, 4069, 4066, -1,
      1959, 4066, 4121, -1,
      4133, 1975, 4135, -1,
      4135, 1975, 3, -1,
      4135, 3, 2, -1,
      4066, 4067, 4121, -1,
      4121, 4067, 4126, -1,
      4121, 4126, 4122, -1,
      4122, 4126, 4124, -1,
      4098, 4096, 4119, -1,
      4116, 4114, 4103, -1,
      4103, 4114, 4112, -1,
      4103, 4112, 4110, -1,
      4116, 4103, 4119, -1,
      4119, 4103, 4100, -1,
      4119, 4100, 4098, -1,
      4096, 4094, 4119, -1,
      4119, 4094, 4092, -1,
      4119, 4092, 4090, -1,
      4110, 4108, 4103, -1,
      4103, 4108, 4106, -1,
      4103, 4106, 4104, -1,
      4133, 4131, 1975, -1,
      1975, 4131, 4129, -1,
      1975, 4129, 4087, -1,
      4087, 4129, 4119, -1,
      4087, 4119, 4088, -1,
      4088, 4119, 4090, -1,
      4083, 4085, 1962, -1,
      4064, 4068, 1957, -1,
      4134, 4, 5, -1,
      1962, 4085, 1963, -1,
      1963, 4085, 4086, -1,
      1963, 4086, 1964, -1,
      1965, 4128, 4130, -1,
      1957, 990, 4120, -1,
      1965, 4130, 5, -1,
      5, 4130, 4132, -1,
      5, 4132, 4134, -1,
      4068, 4070, 1957, -1,
      1957, 4070, 4072, -1,
      1957, 4072, 1961, -1,
      1961, 4072, 4074, -1,
      4074, 4076, 1961, -1,
      1961, 4076, 4079, -1,
      1961, 4079, 1962, -1,
      1962, 4079, 4081, -1,
      1962, 4081, 4083, -1,
      4091, 4093, 4118, -1,
      4064, 1957, 4065, -1,
      4065, 1957, 4120, -1,
      4065, 4120, 4127, -1,
      4127, 4120, 4123, -1,
      4127, 4123, 4125, -1,
      1965, 1964, 4128, -1,
      4128, 1964, 4086, -1,
      4128, 4086, 4118, -1,
      4118, 4086, 4089, -1,
      4118, 4089, 4091, -1,
      4093, 4095, 4118, -1,
      4118, 4095, 4097, -1,
      4118, 4097, 4099, -1,
      4099, 4101, 4118, -1,
      4118, 4101, 4102, -1,
      4118, 4102, 4117, -1,
      4117, 4102, 4105, -1,
      4117, 4105, 4107, -1,
      4107, 4109, 4117, -1,
      4117, 4109, 4111, -1,
      4117, 4111, 4115, -1,
      4115, 4111, 4113, -1,
      4136, 4137, 4138, -1,
      4136, 4138, 4139, -1,
      4139, 4138, 4140, -1,
      4139, 4140, 4141, -1,
      4141, 4140, 4142, -1,
      4141, 4142, 4143, -1,
      4143, 4142, 4144, -1,
      4143, 4144, 4145, -1,
      4145, 4144, 4146, -1,
      4145, 4146, 4147, -1,
      4147, 4146, 4148, -1,
      4147, 4148, 4149, -1,
      4149, 4148, 4150, -1,
      4149, 4150, 4151, -1,
      4151, 4150, 4152, -1,
      4151, 4152, 4153, -1,
      4153, 4152, 4154, -1,
      4153, 4154, 4155, -1,
      4155, 4154, 4156, -1,
      4155, 4156, 4157, -1,
      4157, 4156, 4158, -1,
      4157, 4158, 4159, -1,
      4159, 4158, 4160, -1,
      4159, 4160, 4161, -1,
      136, 137, 4161, -1,
      4161, 137, 4136, -1,
      4141, 4143, 4151, -1,
      4153, 4155, 4136, -1,
      4153, 4136, 4151, -1,
      4151, 4136, 4139, -1,
      4151, 4139, 4141, -1,
      4143, 4145, 4151, -1,
      4151, 4145, 4147, -1,
      4151, 4147, 4149, -1,
      4155, 4157, 4136, -1,
      4136, 4157, 4159, -1,
      4136, 4159, 4161, -1,
      4152, 4150, 4137, -1,
      134, 135, 4137, -1,
      4137, 135, 4160, -1,
      4137, 4160, 4158, -1,
      4158, 4156, 4137, -1,
      4137, 4156, 4154, -1,
      4137, 4154, 4152, -1,
      4148, 4146, 4150, -1,
      4150, 4146, 4144, -1,
      4150, 4144, 4142, -1,
      4142, 4140, 4150, -1,
      4150, 4140, 4138, -1,
      4150, 4138, 4137, -1,
      136, 4161, 135, -1,
      135, 4161, 4160, -1,
      134, 4137, 137, -1,
      137, 4137, 4136, -1,
      4162, 4163, 4164, -1,
      4164, 4163, 4165, -1,
      4166, 75, 4163, -1,
      4163, 75, 73, -1,
      4163, 73, 4165, -1,
      4167, 4168, 4166, -1,
      4166, 4168, 4169, -1,
      4166, 4169, 75, -1,
      4170, 4171, 4172, -1,
      4172, 4171, 4173, -1,
      4174, 72, 4171, -1,
      4171, 72, 74, -1,
      4171, 74, 4173, -1,
      4175, 4176, 4174, -1,
      4174, 4176, 4177, -1,
      4174, 4177, 72, -1,
      73, 72, 4177, -1,
      73, 4177, 4165, -1,
      4165, 4177, 4176, -1,
      4165, 4176, 4164, -1,
      4164, 4176, 4175, -1,
      4164, 4175, 4162, -1,
      4162, 4175, 4174, -1,
      4162, 4174, 4163, -1,
      4166, 4163, 4171, -1,
      4171, 4163, 4174, -1,
      4166, 4171, 4170, -1,
      4166, 4170, 4167, -1,
      4167, 4170, 4172, -1,
      4167, 4172, 4168, -1,
      4168, 4172, 4173, -1,
      4168, 4173, 4169, -1,
      4169, 4173, 74, -1,
      4169, 74, 75, -1,
      4178, 4179, 4180, -1,
      4180, 4179, 4181, -1,
      4178, 4180, 4182, -1,
      4178, 4182, 4183, -1,
      4183, 4182, 4184, -1,
      4183, 4184, 4185, -1,
      4185, 4184, 4186, -1,
      4185, 4186, 4187, -1,
      4187, 4186, 4188, -1,
      4187, 4188, 4189, -1,
      4189, 4188, 4190, -1,
      4189, 4190, 4191, -1,
      4191, 4190, 4192, -1,
      4191, 4192, 4193, -1,
      4193, 4192, 4194, -1,
      4193, 4194, 4195, -1,
      4196, 4195, 4197, -1,
      4197, 4195, 4194, -1,
      4196, 4197, 4198, -1,
      4196, 4198, 4199, -1,
      4199, 4198, 4200, -1,
      4199, 4200, 4201, -1,
      4201, 4200, 4202, -1,
      4201, 4202, 4203, -1,
      4203, 4202, 4204, -1,
      4203, 4204, 4205, -1,
      4205, 4204, 4206, -1,
      4205, 4206, 4207, -1,
      4207, 4206, 4208, -1,
      4207, 4208, 4209, -1,
      4209, 4208, 4210, -1,
      4209, 4210, 4211, -1,
      4212, 4211, 4213, -1,
      4213, 4211, 4210, -1,
      4212, 4213, 4214, -1,
      4212, 4214, 4215, -1,
      4215, 4214, 4216, -1,
      4215, 4216, 4217, -1,
      4217, 4216, 4218, -1,
      4217, 4218, 4219, -1,
      4219, 4218, 4220, -1,
      4219, 4220, 4221, -1,
      4222, 4221, 4223, -1,
      4223, 4221, 4220, -1,
      4222, 4223, 4224, -1,
      4224, 4223, 4225, -1,
      4224, 4225, 4226, -1,
      4226, 4225, 4227, -1,
      4226, 4227, 4228, -1,
      4228, 4227, 4229, -1,
      4228, 4229, 4230, -1,
      4230, 4229, 4231, -1,
      4232, 4230, 4233, -1,
      4233, 4230, 4231, -1,
      4234, 4235, 4236, -1,
      4236, 4235, 4237, -1,
      4236, 4237, 4238, -1,
      4238, 4237, 4239, -1,
      4238, 4239, 4240, -1,
      4240, 4239, 4241, -1,
      4240, 4241, 4179, -1,
      4179, 4241, 4181, -1,
      4232, 4233, 4242, -1,
      4232, 4242, 4243, -1,
      4243, 4242, 4244, -1,
      4243, 4244, 4245, -1,
      4245, 4244, 4246, -1,
      4245, 4246, 4247, -1,
      4247, 4246, 4248, -1,
      4247, 4248, 4249, -1,
      938, 958, 959, -1,
      938, 959, 937, -1,
      937, 959, 960, -1,
      937, 960, 936, -1,
      936, 960, 963, -1,
      936, 963, 939, -1,
      939, 963, 962, -1,
      939, 962, 940, -1,
      4235, 4234, 961, -1,
      961, 4234, 941, -1,
      961, 941, 962, -1,
      962, 941, 940, -1,
      955, 976, 977, -1,
      955, 977, 952, -1,
      952, 977, 979, -1,
      952, 979, 953, -1,
      953, 979, 978, -1,
      953, 978, 956, -1,
      956, 978, 974, -1,
      956, 974, 957, -1,
      957, 974, 973, -1,
      957, 973, 951, -1,
      951, 973, 972, -1,
      951, 972, 950, -1,
      950, 972, 971, -1,
      950, 971, 949, -1,
      976, 955, 975, -1,
      975, 955, 954, -1,
      975, 954, 966, -1,
      966, 954, 943, -1,
      966, 943, 967, -1,
      967, 943, 942, -1,
      945, 964, 946, -1,
      946, 964, 970, -1,
      946, 970, 947, -1,
      947, 970, 969, -1,
      947, 969, 948, -1,
      948, 969, 968, -1,
      948, 968, 942, -1,
      942, 968, 967, -1,
      964, 945, 965, -1,
      965, 945, 944, -1,
      965, 944, 4248, -1,
      4248, 944, 4249, -1,
      2220, 2222, 4210, -1,
      4235, 961, 2215, -1,
      4231, 4229, 2213, -1,
      2218, 4241, 4239, -1,
      4210, 2222, 4213, -1,
      4213, 2222, 2224, -1,
      4213, 2224, 4214, -1,
      2218, 4239, 2215, -1,
      2215, 4239, 4237, -1,
      2215, 4237, 4235, -1,
      2213, 965, 4248, -1,
      4229, 4227, 2213, -1,
      2213, 4227, 4225, -1,
      2213, 4225, 2226, -1,
      2226, 4225, 4223, -1,
      4223, 4220, 2226, -1,
      2226, 4220, 4218, -1,
      2226, 4218, 2224, -1,
      2224, 4218, 4216, -1,
      2224, 4216, 4214, -1,
      4206, 4204, 4181, -1,
      4231, 2213, 4233, -1,
      4233, 2213, 4248, -1,
      4233, 4248, 4242, -1,
      4242, 4248, 4246, -1,
      4242, 4246, 4244, -1,
      2218, 2220, 4241, -1,
      4241, 2220, 4210, -1,
      4241, 4210, 4181, -1,
      4181, 4210, 4208, -1,
      4181, 4208, 4206, -1,
      4190, 4188, 4180, -1,
      4204, 4202, 4181, -1,
      4181, 4202, 4200, -1,
      4181, 4200, 4198, -1,
      4198, 4197, 4181, -1,
      4181, 4197, 4194, -1,
      4181, 4194, 4180, -1,
      4180, 4194, 4192, -1,
      4180, 4192, 4190, -1,
      4188, 4186, 4180, -1,
      4180, 4186, 4184, -1,
      4180, 4184, 4182, -1,
      4249, 944, 1697, -1,
      4211, 4212, 1733, -1,
      1733, 1731, 4211, -1,
      4211, 1731, 1729, -1,
      4211, 1729, 1727, -1,
      4219, 1735, 4217, -1,
      4217, 1735, 1733, -1,
      4217, 1733, 4215, -1,
      4215, 1733, 4212, -1,
      4219, 4221, 1735, -1,
      1735, 4221, 4222, -1,
      1735, 4222, 1697, -1,
      1697, 4222, 4224, -1,
      1697, 4224, 4226, -1,
      4226, 4228, 1697, -1,
      1697, 4228, 4230, -1,
      1697, 4230, 4249, -1,
      4236, 4238, 1727, -1,
      1727, 4238, 4240, -1,
      1727, 4240, 4211, -1,
      4211, 4240, 4179, -1,
      4211, 4179, 4178, -1,
      4236, 1727, 4234, -1,
      4234, 1727, 1726, -1,
      4234, 1726, 941, -1,
      4230, 4232, 4249, -1,
      4249, 4232, 4243, -1,
      4249, 4243, 4247, -1,
      4247, 4243, 4245, -1,
      4201, 4203, 4211, -1,
      4178, 4183, 4195, -1,
      4195, 4183, 4185, -1,
      4195, 4185, 4187, -1,
      4187, 4189, 4195, -1,
      4195, 4189, 4191, -1,
      4195, 4191, 4193, -1,
      4201, 4211, 4199, -1,
      4178, 4195, 4211, -1,
      4211, 4195, 4196, -1,
      4211, 4196, 4199, -1,
      4203, 4205, 4211, -1,
      4211, 4205, 4207, -1,
      4211, 4207, 4209, -1,
      966, 2229, 975, -1,
      975, 2229, 2227, -1,
      1900, 1929, 954, -1,
      954, 1929, 943, -1,
      4250, 4251, 4252, -1,
      4252, 4251, 4253, -1,
      4254, 4252, 4255, -1,
      4255, 4252, 4256, -1,
      4253, 315, 4252, -1,
      4252, 315, 312, -1,
      4252, 312, 4256, -1,
      4257, 4258, 4253, -1,
      4253, 4258, 4259, -1,
      4253, 4259, 315, -1,
      4260, 4251, 4261, -1,
      4261, 4251, 4262, -1,
      4250, 313, 4251, -1,
      4251, 313, 314, -1,
      4251, 314, 4262, -1,
      4263, 4264, 4250, -1,
      4250, 4264, 4265, -1,
      4250, 4265, 313, -1,
      4250, 4252, 4254, -1,
      4250, 4254, 4263, -1,
      4263, 4254, 4255, -1,
      4263, 4255, 4264, -1,
      4264, 4255, 4256, -1,
      4264, 4256, 4265, -1,
      4265, 4256, 312, -1,
      4265, 312, 313, -1,
      314, 315, 4259, -1,
      314, 4259, 4262, -1,
      4262, 4259, 4258, -1,
      4262, 4258, 4261, -1,
      4261, 4258, 4257, -1,
      4261, 4257, 4260, -1,
      4260, 4257, 4253, -1,
      4260, 4253, 4251, -1,
      251, 252, 4266, -1,
      4266, 252, 4267, -1,
      4268, 4269, 4270, -1,
      4271, 4272, 4267, -1,
      4271, 4267, 4270, -1,
      4270, 4267, 4273, -1,
      4270, 4273, 4268, -1,
      4269, 4274, 4270, -1,
      4270, 4274, 4275, -1,
      4270, 4275, 4276, -1,
      4272, 4277, 4267, -1,
      4267, 4277, 4278, -1,
      4267, 4278, 4266, -1,
      4279, 4280, 4281, -1,
      253, 250, 4281, -1,
      4281, 250, 4282, -1,
      4281, 4282, 4283, -1,
      4283, 4284, 4281, -1,
      4281, 4284, 4285, -1,
      4281, 4285, 4279, -1,
      4286, 4287, 4280, -1,
      4280, 4287, 4288, -1,
      4280, 4288, 4289, -1,
      4289, 4290, 4280, -1,
      4280, 4290, 4291, -1,
      4280, 4291, 4281, -1,
      4281, 4267, 253, -1,
      253, 4267, 252, -1,
      4267, 4281, 4291, -1,
      4267, 4291, 4273, -1,
      4273, 4291, 4290, -1,
      4273, 4290, 4268, -1,
      4268, 4290, 4289, -1,
      4268, 4289, 4269, -1,
      4269, 4289, 4288, -1,
      4269, 4288, 4274, -1,
      4274, 4288, 4287, -1,
      4274, 4287, 4275, -1,
      4275, 4287, 4286, -1,
      4275, 4286, 4276, -1,
      4276, 4286, 4280, -1,
      4276, 4280, 4270, -1,
      4270, 4280, 4279, -1,
      4270, 4279, 4271, -1,
      4271, 4279, 4285, -1,
      4271, 4285, 4272, -1,
      4272, 4285, 4284, -1,
      4272, 4284, 4277, -1,
      4277, 4284, 4283, -1,
      4277, 4283, 4278, -1,
      4278, 4283, 4282, -1,
      4278, 4282, 4266, -1,
      4266, 4282, 251, -1,
      251, 4282, 250, -1,
      4292, 4293, 4294, -1,
      4294, 4293, 4295, -1,
      4292, 4294, 4296, -1,
      4292, 4296, 4297, -1,
      4297, 4296, 4298, -1,
      4297, 4298, 4299, -1,
      4299, 4298, 4300, -1,
      4299, 4300, 4301, -1,
      4301, 4300, 4302, -1,
      4301, 4302, 4303, -1,
      4303, 4302, 4304, -1,
      4303, 4304, 4305, -1,
      4305, 4304, 4306, -1,
      4305, 4306, 4307, -1,
      4307, 4306, 4308, -1,
      4307, 4308, 4309, -1,
      4310, 4309, 4311, -1,
      4311, 4309, 4308, -1,
      4310, 4311, 4312, -1,
      4310, 4312, 4313, -1,
      4313, 4312, 4314, -1,
      4313, 4314, 4315, -1,
      4315, 4314, 4316, -1,
      4315, 4316, 4317, -1,
      4317, 4316, 4318, -1,
      4317, 4318, 4319, -1,
      4319, 4318, 4320, -1,
      4319, 4320, 4321, -1,
      4321, 4320, 4322, -1,
      4321, 4322, 4323, -1,
      4323, 4322, 4324, -1,
      4323, 4324, 4325, -1,
      4326, 4325, 4327, -1,
      4327, 4325, 4324, -1,
      4326, 4327, 4328, -1,
      4326, 4328, 4329, -1,
      4329, 4328, 4330, -1,
      4329, 4330, 4331, -1,
      4331, 4330, 4332, -1,
      4331, 4332, 4333, -1,
      4333, 4332, 4334, -1,
      4333, 4334, 4335, -1,
      4336, 4335, 4337, -1,
      4337, 4335, 4334, -1,
      4336, 4337, 4338, -1,
      4338, 4337, 4339, -1,
      4338, 4339, 4340, -1,
      4340, 4339, 4341, -1,
      4340, 4341, 4342, -1,
      4342, 4341, 4343, -1,
      4342, 4343, 4344, -1,
      4344, 4343, 4345, -1,
      4346, 4344, 4347, -1,
      4347, 4344, 4345, -1,
      4348, 4349, 4350, -1,
      4350, 4349, 4351, -1,
      4350, 4351, 4352, -1,
      4352, 4351, 4353, -1,
      4352, 4353, 4354, -1,
      4354, 4353, 4355, -1,
      4354, 4355, 4293, -1,
      4293, 4355, 4295, -1,
      4346, 4347, 4356, -1,
      4346, 4356, 4357, -1,
      4357, 4356, 4358, -1,
      4357, 4358, 4359, -1,
      4359, 4358, 4360, -1,
      4359, 4360, 4361, -1,
      4361, 4360, 4362, -1,
      4361, 4362, 4363, -1,
      894, 914, 915, -1,
      894, 915, 893, -1,
      893, 915, 916, -1,
      893, 916, 892, -1,
      892, 916, 919, -1,
      892, 919, 895, -1,
      895, 919, 918, -1,
      895, 918, 896, -1,
      4349, 4348, 917, -1,
      917, 4348, 897, -1,
      917, 897, 918, -1,
      918, 897, 896, -1,
      911, 932, 933, -1,
      911, 933, 908, -1,
      908, 933, 935, -1,
      908, 935, 909, -1,
      909, 935, 934, -1,
      909, 934, 912, -1,
      912, 934, 930, -1,
      912, 930, 913, -1,
      913, 930, 929, -1,
      913, 929, 907, -1,
      907, 929, 928, -1,
      907, 928, 906, -1,
      906, 928, 927, -1,
      906, 927, 905, -1,
      932, 911, 931, -1,
      931, 911, 910, -1,
      931, 910, 922, -1,
      922, 910, 899, -1,
      922, 899, 923, -1,
      923, 899, 898, -1,
      901, 920, 902, -1,
      902, 920, 926, -1,
      902, 926, 903, -1,
      903, 926, 925, -1,
      903, 925, 904, -1,
      904, 925, 924, -1,
      904, 924, 898, -1,
      898, 924, 923, -1,
      920, 901, 921, -1,
      921, 901, 900, -1,
      921, 900, 4362, -1,
      4362, 900, 4363, -1,
      1730, 1732, 4324, -1,
      4345, 4343, 1696, -1,
      4349, 917, 1725, -1,
      4324, 1732, 4327, -1,
      4327, 1732, 1734, -1,
      4327, 1734, 4328, -1,
      1728, 4355, 4353, -1,
      1696, 921, 4362, -1,
      1728, 4353, 1725, -1,
      1725, 4353, 4351, -1,
      1725, 4351, 4349, -1,
      4343, 4341, 1696, -1,
      1696, 4341, 4339, -1,
      1696, 4339, 1736, -1,
      1736, 4339, 4337, -1,
      4337, 4334, 1736, -1,
      1736, 4334, 4332, -1,
      1736, 4332, 1734, -1,
      1734, 4332, 4330, -1,
      1734, 4330, 4328, -1,
      4320, 4318, 4295, -1,
      4345, 1696, 4347, -1,
      4347, 1696, 4362, -1,
      4347, 4362, 4356, -1,
      4356, 4362, 4360, -1,
      4356, 4360, 4358, -1,
      1728, 1730, 4355, -1,
      4355, 1730, 4324, -1,
      4355, 4324, 4295, -1,
      4295, 4324, 4322, -1,
      4295, 4322, 4320, -1,
      4304, 4302, 4294, -1,
      4318, 4316, 4295, -1,
      4295, 4316, 4314, -1,
      4295, 4314, 4312, -1,
      4312, 4311, 4295, -1,
      4295, 4311, 4308, -1,
      4295, 4308, 4294, -1,
      4294, 4308, 4306, -1,
      4294, 4306, 4304, -1,
      4302, 4300, 4294, -1,
      4294, 4300, 4298, -1,
      4294, 4298, 4296, -1,
      4363, 900, 1699, -1,
      4325, 4326, 1745, -1,
      1745, 1743, 4325, -1,
      4325, 1743, 1741, -1,
      4325, 1741, 1739, -1,
      4333, 1747, 4331, -1,
      4331, 1747, 1745, -1,
      4331, 1745, 4329, -1,
      4329, 1745, 4326, -1,
      4333, 4335, 1747, -1,
      1747, 4335, 4336, -1,
      1747, 4336, 1699, -1,
      1699, 4336, 4338, -1,
      1699, 4338, 4340, -1,
      4340, 4342, 1699, -1,
      1699, 4342, 4344, -1,
      1699, 4344, 4363, -1,
      4350, 4352, 1739, -1,
      1739, 4352, 4354, -1,
      1739, 4354, 4325, -1,
      4325, 4354, 4293, -1,
      4325, 4293, 4292, -1,
      4350, 1739, 4348, -1,
      4348, 1739, 1738, -1,
      4348, 1738, 897, -1,
      4344, 4346, 4363, -1,
      4363, 4346, 4357, -1,
      4363, 4357, 4361, -1,
      4361, 4357, 4359, -1,
      4315, 4317, 4325, -1,
      4292, 4297, 4309, -1,
      4309, 4297, 4299, -1,
      4309, 4299, 4301, -1,
      4301, 4303, 4309, -1,
      4309, 4303, 4305, -1,
      4309, 4305, 4307, -1,
      4315, 4325, 4313, -1,
      4292, 4309, 4325, -1,
      4325, 4309, 4310, -1,
      4325, 4310, 4313, -1,
      4317, 4319, 4325, -1,
      4325, 4319, 4321, -1,
      4325, 4321, 4323, -1,
      1902, 1931, 910, -1,
      910, 1931, 899, -1,
      922, 1928, 931, -1,
      931, 1928, 1899, -1,
      4364, 4365, 4366, -1,
      4366, 4365, 4367, -1,
      4368, 4366, 4369, -1,
      4369, 4366, 4370, -1,
      4367, 311, 4366, -1,
      4366, 311, 308, -1,
      4366, 308, 4370, -1,
      4371, 4372, 4367, -1,
      4367, 4372, 4373, -1,
      4367, 4373, 311, -1,
      4374, 4365, 4375, -1,
      4375, 4365, 4376, -1,
      4364, 309, 4365, -1,
      4365, 309, 310, -1,
      4365, 310, 4376, -1,
      4377, 4378, 4364, -1,
      4364, 4378, 4379, -1,
      4364, 4379, 309, -1,
      4364, 4366, 4368, -1,
      4364, 4368, 4377, -1,
      4377, 4368, 4369, -1,
      4377, 4369, 4378, -1,
      4378, 4369, 4370, -1,
      4378, 4370, 4379, -1,
      4379, 4370, 308, -1,
      4379, 308, 309, -1,
      310, 311, 4373, -1,
      310, 4373, 4376, -1,
      4376, 4373, 4372, -1,
      4376, 4372, 4375, -1,
      4375, 4372, 4371, -1,
      4375, 4371, 4374, -1,
      4374, 4371, 4367, -1,
      4374, 4367, 4365, -1,
      247, 248, 4380, -1,
      4380, 248, 4381, -1,
      4382, 4383, 4384, -1,
      4385, 4386, 4381, -1,
      4385, 4381, 4384, -1,
      4384, 4381, 4387, -1,
      4384, 4387, 4382, -1,
      4383, 4388, 4384, -1,
      4384, 4388, 4389, -1,
      4384, 4389, 4390, -1,
      4386, 4391, 4381, -1,
      4381, 4391, 4392, -1,
      4381, 4392, 4380, -1,
      4393, 4394, 4395, -1,
      249, 246, 4395, -1,
      4395, 246, 4396, -1,
      4395, 4396, 4397, -1,
      4397, 4398, 4395, -1,
      4395, 4398, 4399, -1,
      4395, 4399, 4393, -1,
      4400, 4401, 4394, -1,
      4394, 4401, 4402, -1,
      4394, 4402, 4403, -1,
      4403, 4404, 4394, -1,
      4394, 4404, 4405, -1,
      4394, 4405, 4395, -1,
      4395, 4381, 249, -1,
      249, 4381, 248, -1,
      4381, 4395, 4405, -1,
      4381, 4405, 4387, -1,
      4387, 4405, 4404, -1,
      4387, 4404, 4382, -1,
      4382, 4404, 4403, -1,
      4382, 4403, 4383, -1,
      4383, 4403, 4402, -1,
      4383, 4402, 4388, -1,
      4388, 4402, 4401, -1,
      4388, 4401, 4389, -1,
      4389, 4401, 4400, -1,
      4389, 4400, 4390, -1,
      4390, 4400, 4394, -1,
      4390, 4394, 4384, -1,
      4384, 4394, 4393, -1,
      4384, 4393, 4385, -1,
      4385, 4393, 4399, -1,
      4385, 4399, 4386, -1,
      4386, 4399, 4398, -1,
      4386, 4398, 4391, -1,
      4391, 4398, 4397, -1,
      4391, 4397, 4392, -1,
      4392, 4397, 4396, -1,
      4392, 4396, 4380, -1,
      4380, 4396, 247, -1,
      247, 4396, 246, -1,
      4406, 4407, 4408, -1,
      4408, 4407, 4409, -1,
      4406, 4408, 4410, -1,
      4406, 4410, 4411, -1,
      4411, 4410, 4412, -1,
      4411, 4412, 4413, -1,
      4413, 4412, 4414, -1,
      4413, 4414, 4415, -1,
      4415, 4414, 4416, -1,
      4415, 4416, 4417, -1,
      4417, 4416, 4418, -1,
      4417, 4418, 4419, -1,
      4419, 4418, 4420, -1,
      4419, 4420, 4421, -1,
      4421, 4420, 4422, -1,
      4421, 4422, 4423, -1,
      4424, 4423, 4425, -1,
      4425, 4423, 4422, -1,
      4424, 4425, 4426, -1,
      4424, 4426, 4427, -1,
      4427, 4426, 4428, -1,
      4427, 4428, 4429, -1,
      4429, 4428, 4430, -1,
      4429, 4430, 4431, -1,
      4431, 4430, 4432, -1,
      4431, 4432, 4433, -1,
      4433, 4432, 4434, -1,
      4433, 4434, 4435, -1,
      4435, 4434, 4436, -1,
      4435, 4436, 4437, -1,
      4437, 4436, 4438, -1,
      4437, 4438, 4439, -1,
      4440, 4439, 4441, -1,
      4441, 4439, 4438, -1,
      4440, 4441, 4442, -1,
      4440, 4442, 4443, -1,
      4443, 4442, 4444, -1,
      4443, 4444, 4445, -1,
      4445, 4444, 4446, -1,
      4445, 4446, 4447, -1,
      4447, 4446, 4448, -1,
      4447, 4448, 4449, -1,
      4450, 4449, 4451, -1,
      4451, 4449, 4448, -1,
      4450, 4451, 4452, -1,
      4452, 4451, 4453, -1,
      4452, 4453, 4454, -1,
      4454, 4453, 4455, -1,
      4454, 4455, 4456, -1,
      4456, 4455, 4457, -1,
      4456, 4457, 4458, -1,
      4458, 4457, 4459, -1,
      4460, 4458, 4461, -1,
      4461, 4458, 4459, -1,
      4462, 4463, 4464, -1,
      4464, 4463, 4465, -1,
      4464, 4465, 4466, -1,
      4466, 4465, 4467, -1,
      4466, 4467, 4468, -1,
      4468, 4467, 4469, -1,
      4468, 4469, 4407, -1,
      4407, 4469, 4409, -1,
      4460, 4461, 4470, -1,
      4460, 4470, 4471, -1,
      4471, 4470, 4472, -1,
      4471, 4472, 4473, -1,
      4473, 4472, 4474, -1,
      4473, 4474, 4475, -1,
      4475, 4474, 4476, -1,
      4475, 4476, 4477, -1,
      850, 870, 871, -1,
      850, 871, 849, -1,
      849, 871, 872, -1,
      849, 872, 848, -1,
      848, 872, 875, -1,
      848, 875, 851, -1,
      851, 875, 874, -1,
      851, 874, 852, -1,
      4463, 4462, 873, -1,
      873, 4462, 853, -1,
      873, 853, 874, -1,
      874, 853, 852, -1,
      869, 890, 891, -1,
      869, 891, 861, -1,
      861, 891, 888, -1,
      861, 888, 862, -1,
      862, 888, 887, -1,
      862, 887, 863, -1,
      863, 887, 886, -1,
      863, 886, 864, -1,
      864, 886, 883, -1,
      864, 883, 865, -1,
      865, 883, 884, -1,
      865, 884, 866, -1,
      866, 884, 885, -1,
      866, 885, 867, -1,
      890, 869, 889, -1,
      889, 869, 868, -1,
      889, 868, 878, -1,
      878, 868, 855, -1,
      878, 855, 879, -1,
      879, 855, 854, -1,
      857, 876, 858, -1,
      858, 876, 882, -1,
      858, 882, 859, -1,
      859, 882, 881, -1,
      859, 881, 860, -1,
      860, 881, 880, -1,
      860, 880, 854, -1,
      854, 880, 879, -1,
      876, 857, 877, -1,
      877, 857, 856, -1,
      877, 856, 4476, -1,
      4476, 856, 4477, -1,
      1742, 1744, 4438, -1,
      4463, 873, 1737, -1,
      4459, 4457, 1698, -1,
      1740, 4469, 4467, -1,
      4438, 1744, 4441, -1,
      4441, 1744, 1746, -1,
      4441, 1746, 4442, -1,
      1740, 4467, 1737, -1,
      1737, 4467, 4465, -1,
      1737, 4465, 4463, -1,
      1698, 877, 4476, -1,
      4457, 4455, 1698, -1,
      1698, 4455, 4453, -1,
      1698, 4453, 1748, -1,
      1748, 4453, 4451, -1,
      4451, 4448, 1748, -1,
      1748, 4448, 4446, -1,
      1748, 4446, 1746, -1,
      1746, 4446, 4444, -1,
      1746, 4444, 4442, -1,
      4434, 4432, 4409, -1,
      4459, 1698, 4461, -1,
      4461, 1698, 4476, -1,
      4461, 4476, 4470, -1,
      4470, 4476, 4474, -1,
      4470, 4474, 4472, -1,
      1740, 1742, 4469, -1,
      4469, 1742, 4438, -1,
      4469, 4438, 4409, -1,
      4409, 4438, 4436, -1,
      4409, 4436, 4434, -1,
      4418, 4416, 4408, -1,
      4432, 4430, 4409, -1,
      4409, 4430, 4428, -1,
      4409, 4428, 4426, -1,
      4426, 4425, 4409, -1,
      4409, 4425, 4422, -1,
      4409, 4422, 4408, -1,
      4408, 4422, 4420, -1,
      4408, 4420, 4418, -1,
      4416, 4414, 4408, -1,
      4408, 4414, 4412, -1,
      4408, 4412, 4410, -1,
      4477, 856, 1701, -1,
      4439, 4440, 1757, -1,
      1757, 1755, 4439, -1,
      4439, 1755, 1753, -1,
      4439, 1753, 1751, -1,
      4447, 1759, 4445, -1,
      4445, 1759, 1757, -1,
      4445, 1757, 4443, -1,
      4443, 1757, 4440, -1,
      4447, 4449, 1759, -1,
      1759, 4449, 4450, -1,
      1759, 4450, 1701, -1,
      1701, 4450, 4452, -1,
      1701, 4452, 4454, -1,
      4454, 4456, 1701, -1,
      1701, 4456, 4458, -1,
      1701, 4458, 4477, -1,
      4464, 4466, 1751, -1,
      1751, 4466, 4468, -1,
      1751, 4468, 4439, -1,
      4439, 4468, 4407, -1,
      4439, 4407, 4406, -1,
      4464, 1751, 4462, -1,
      4462, 1751, 1750, -1,
      4462, 1750, 853, -1,
      4458, 4460, 4477, -1,
      4477, 4460, 4471, -1,
      4477, 4471, 4475, -1,
      4475, 4471, 4473, -1,
      4429, 4431, 4439, -1,
      4406, 4411, 4423, -1,
      4423, 4411, 4413, -1,
      4423, 4413, 4415, -1,
      4415, 4417, 4423, -1,
      4423, 4417, 4419, -1,
      4423, 4419, 4421, -1,
      4429, 4439, 4427, -1,
      4406, 4423, 4439, -1,
      4439, 4423, 4424, -1,
      4439, 4424, 4427, -1,
      4431, 4433, 4439, -1,
      4439, 4433, 4435, -1,
      4439, 4435, 4437, -1,
      1904, 1933, 868, -1,
      868, 1933, 855, -1,
      878, 1930, 889, -1,
      889, 1930, 1901, -1,
      4478, 4479, 4480, -1,
      4480, 4479, 4481, -1,
      4482, 4480, 4483, -1,
      4483, 4480, 4484, -1,
      4481, 307, 4480, -1,
      4480, 307, 304, -1,
      4480, 304, 4484, -1,
      4485, 4486, 4481, -1,
      4481, 4486, 4487, -1,
      4481, 4487, 307, -1,
      4488, 4479, 4489, -1,
      4489, 4479, 4490, -1,
      4478, 305, 4479, -1,
      4479, 305, 306, -1,
      4479, 306, 4490, -1,
      4491, 4492, 4478, -1,
      4478, 4492, 4493, -1,
      4478, 4493, 305, -1,
      4478, 4480, 4482, -1,
      4478, 4482, 4491, -1,
      4491, 4482, 4483, -1,
      4491, 4483, 4492, -1,
      4492, 4483, 4484, -1,
      4492, 4484, 4493, -1,
      4493, 4484, 304, -1,
      4493, 304, 305, -1,
      306, 307, 4487, -1,
      306, 4487, 4490, -1,
      4490, 4487, 4486, -1,
      4490, 4486, 4489, -1,
      4489, 4486, 4485, -1,
      4489, 4485, 4488, -1,
      4488, 4485, 4481, -1,
      4488, 4481, 4479, -1,
      243, 244, 4494, -1,
      4494, 244, 4495, -1,
      4496, 4497, 4498, -1,
      4499, 4500, 4495, -1,
      4499, 4495, 4498, -1,
      4498, 4495, 4501, -1,
      4498, 4501, 4496, -1,
      4497, 4502, 4498, -1,
      4498, 4502, 4503, -1,
      4498, 4503, 4504, -1,
      4500, 4505, 4495, -1,
      4495, 4505, 4506, -1,
      4495, 4506, 4494, -1,
      4507, 4508, 4509, -1,
      245, 242, 4509, -1,
      4509, 242, 4510, -1,
      4509, 4510, 4511, -1,
      4511, 4512, 4509, -1,
      4509, 4512, 4513, -1,
      4509, 4513, 4507, -1,
      4514, 4515, 4508, -1,
      4508, 4515, 4516, -1,
      4508, 4516, 4517, -1,
      4517, 4518, 4508, -1,
      4508, 4518, 4519, -1,
      4508, 4519, 4509, -1,
      4509, 4495, 245, -1,
      245, 4495, 244, -1,
      4495, 4509, 4519, -1,
      4495, 4519, 4501, -1,
      4501, 4519, 4518, -1,
      4501, 4518, 4496, -1,
      4496, 4518, 4517, -1,
      4496, 4517, 4497, -1,
      4497, 4517, 4516, -1,
      4497, 4516, 4502, -1,
      4502, 4516, 4515, -1,
      4502, 4515, 4503, -1,
      4503, 4515, 4514, -1,
      4503, 4514, 4504, -1,
      4504, 4514, 4508, -1,
      4504, 4508, 4498, -1,
      4498, 4508, 4507, -1,
      4498, 4507, 4499, -1,
      4499, 4507, 4513, -1,
      4499, 4513, 4500, -1,
      4500, 4513, 4512, -1,
      4500, 4512, 4505, -1,
      4505, 4512, 4511, -1,
      4505, 4511, 4506, -1,
      4506, 4511, 4510, -1,
      4506, 4510, 4494, -1,
      4494, 4510, 243, -1,
      243, 4510, 242, -1,
      4520, 4521, 4522, -1,
      4522, 4521, 4523, -1,
      4520, 4522, 4524, -1,
      4520, 4524, 4525, -1,
      4525, 4524, 4526, -1,
      4525, 4526, 4527, -1,
      4527, 4526, 4528, -1,
      4527, 4528, 4529, -1,
      4529, 4528, 4530, -1,
      4529, 4530, 4531, -1,
      4531, 4530, 4532, -1,
      4531, 4532, 4533, -1,
      4533, 4532, 4534, -1,
      4533, 4534, 4535, -1,
      4535, 4534, 4536, -1,
      4535, 4536, 4537, -1,
      4538, 4537, 4539, -1,
      4539, 4537, 4536, -1,
      4538, 4539, 4540, -1,
      4538, 4540, 4541, -1,
      4541, 4540, 4542, -1,
      4541, 4542, 4543, -1,
      4543, 4542, 4544, -1,
      4543, 4544, 4545, -1,
      4545, 4544, 4546, -1,
      4545, 4546, 4547, -1,
      4547, 4546, 4548, -1,
      4547, 4548, 4549, -1,
      4549, 4548, 4550, -1,
      4549, 4550, 4551, -1,
      4551, 4550, 4552, -1,
      4551, 4552, 4553, -1,
      4554, 4553, 4555, -1,
      4555, 4553, 4552, -1,
      4554, 4555, 4556, -1,
      4554, 4556, 4557, -1,
      4557, 4556, 4558, -1,
      4557, 4558, 4559, -1,
      4559, 4558, 4560, -1,
      4559, 4560, 4561, -1,
      4561, 4560, 4562, -1,
      4561, 4562, 4563, -1,
      4564, 4563, 4565, -1,
      4565, 4563, 4562, -1,
      4564, 4565, 4566, -1,
      4566, 4565, 4567, -1,
      4566, 4567, 4568, -1,
      4568, 4567, 4569, -1,
      4568, 4569, 4570, -1,
      4570, 4569, 4571, -1,
      4570, 4571, 4572, -1,
      4572, 4571, 4573, -1,
      4574, 4572, 4575, -1,
      4575, 4572, 4573, -1,
      4576, 4577, 4578, -1,
      4578, 4577, 4579, -1,
      4578, 4579, 4580, -1,
      4580, 4579, 4581, -1,
      4580, 4581, 4582, -1,
      4582, 4581, 4583, -1,
      4582, 4583, 4521, -1,
      4521, 4583, 4523, -1,
      4574, 4575, 4584, -1,
      4574, 4584, 4585, -1,
      4585, 4584, 4586, -1,
      4585, 4586, 4587, -1,
      4587, 4586, 4588, -1,
      4587, 4588, 4589, -1,
      4589, 4588, 4590, -1,
      4589, 4590, 4591, -1,
      806, 826, 827, -1,
      806, 827, 805, -1,
      805, 827, 828, -1,
      805, 828, 804, -1,
      804, 828, 831, -1,
      804, 831, 807, -1,
      807, 831, 830, -1,
      807, 830, 808, -1,
      4577, 4576, 829, -1,
      829, 4576, 809, -1,
      829, 809, 830, -1,
      830, 809, 808, -1,
      825, 846, 847, -1,
      825, 847, 817, -1,
      817, 847, 844, -1,
      817, 844, 818, -1,
      818, 844, 843, -1,
      818, 843, 819, -1,
      819, 843, 842, -1,
      819, 842, 820, -1,
      820, 842, 839, -1,
      820, 839, 821, -1,
      821, 839, 840, -1,
      821, 840, 822, -1,
      822, 840, 841, -1,
      822, 841, 823, -1,
      846, 825, 845, -1,
      845, 825, 824, -1,
      845, 824, 834, -1,
      834, 824, 811, -1,
      834, 811, 835, -1,
      835, 811, 810, -1,
      813, 832, 814, -1,
      814, 832, 838, -1,
      814, 838, 815, -1,
      815, 838, 837, -1,
      815, 837, 816, -1,
      816, 837, 836, -1,
      816, 836, 810, -1,
      810, 836, 835, -1,
      832, 813, 833, -1,
      833, 813, 812, -1,
      833, 812, 4590, -1,
      4590, 812, 4591, -1,
      1754, 1756, 4552, -1,
      4577, 829, 1749, -1,
      4573, 4571, 1700, -1,
      1752, 4583, 4581, -1,
      4552, 1756, 4555, -1,
      4555, 1756, 1758, -1,
      4555, 1758, 4556, -1,
      1752, 4581, 1749, -1,
      1749, 4581, 4579, -1,
      1749, 4579, 4577, -1,
      1700, 833, 4590, -1,
      4571, 4569, 1700, -1,
      1700, 4569, 4567, -1,
      1700, 4567, 1760, -1,
      1760, 4567, 4565, -1,
      4565, 4562, 1760, -1,
      1760, 4562, 4560, -1,
      1760, 4560, 1758, -1,
      1758, 4560, 4558, -1,
      1758, 4558, 4556, -1,
      4548, 4546, 4523, -1,
      4573, 1700, 4575, -1,
      4575, 1700, 4590, -1,
      4575, 4590, 4584, -1,
      4584, 4590, 4588, -1,
      4584, 4588, 4586, -1,
      1752, 1754, 4583, -1,
      4583, 1754, 4552, -1,
      4583, 4552, 4523, -1,
      4523, 4552, 4550, -1,
      4523, 4550, 4548, -1,
      4532, 4530, 4522, -1,
      4546, 4544, 4523, -1,
      4523, 4544, 4542, -1,
      4523, 4542, 4540, -1,
      4540, 4539, 4523, -1,
      4523, 4539, 4536, -1,
      4523, 4536, 4522, -1,
      4522, 4536, 4534, -1,
      4522, 4534, 4532, -1,
      4530, 4528, 4522, -1,
      4522, 4528, 4526, -1,
      4522, 4526, 4524, -1,
      4591, 812, 1703, -1,
      4553, 4554, 1769, -1,
      4561, 1771, 4559, -1,
      4559, 1771, 1769, -1,
      4559, 1769, 4557, -1,
      4557, 1769, 4554, -1,
      1769, 1767, 4553, -1,
      4553, 1767, 1765, -1,
      4553, 1765, 1763, -1,
      4561, 4563, 1771, -1,
      1771, 4563, 4564, -1,
      1771, 4564, 1703, -1,
      1703, 4564, 4566, -1,
      1703, 4566, 4568, -1,
      4568, 4570, 1703, -1,
      1703, 4570, 4572, -1,
      1703, 4572, 4591, -1,
      4578, 4580, 1763, -1,
      1763, 4580, 4582, -1,
      1763, 4582, 4553, -1,
      4553, 4582, 4521, -1,
      4553, 4521, 4520, -1,
      4578, 1763, 4576, -1,
      4576, 1763, 1762, -1,
      4576, 1762, 809, -1,
      4572, 4574, 4591, -1,
      4591, 4574, 4585, -1,
      4591, 4585, 4589, -1,
      4589, 4585, 4587, -1,
      4543, 4545, 4553, -1,
      4520, 4525, 4537, -1,
      4537, 4525, 4527, -1,
      4537, 4527, 4529, -1,
      4529, 4531, 4537, -1,
      4537, 4531, 4533, -1,
      4537, 4533, 4535, -1,
      4543, 4553, 4541, -1,
      4520, 4537, 4553, -1,
      4553, 4537, 4538, -1,
      4553, 4538, 4541, -1,
      4545, 4547, 4553, -1,
      4553, 4547, 4549, -1,
      4553, 4549, 4551, -1,
      1906, 1935, 824, -1,
      824, 1935, 811, -1,
      834, 1932, 845, -1,
      845, 1932, 1903, -1,
      4592, 4593, 4594, -1,
      4594, 4593, 4595, -1,
      4596, 4594, 4597, -1,
      4597, 4594, 4598, -1,
      4595, 303, 4594, -1,
      4594, 303, 300, -1,
      4594, 300, 4598, -1,
      4599, 4600, 4595, -1,
      4595, 4600, 4601, -1,
      4595, 4601, 303, -1,
      4602, 4593, 4603, -1,
      4603, 4593, 4604, -1,
      4592, 301, 4593, -1,
      4593, 301, 302, -1,
      4593, 302, 4604, -1,
      4605, 4606, 4592, -1,
      4592, 4606, 4607, -1,
      4592, 4607, 301, -1,
      4592, 4594, 4596, -1,
      4592, 4596, 4605, -1,
      4605, 4596, 4597, -1,
      4605, 4597, 4606, -1,
      4606, 4597, 4598, -1,
      4606, 4598, 4607, -1,
      4607, 4598, 300, -1,
      4607, 300, 301, -1,
      302, 303, 4601, -1,
      302, 4601, 4604, -1,
      4604, 4601, 4600, -1,
      4604, 4600, 4603, -1,
      4603, 4600, 4599, -1,
      4603, 4599, 4602, -1,
      4602, 4599, 4595, -1,
      4602, 4595, 4593, -1,
      239, 240, 4608, -1,
      4608, 240, 4609, -1,
      4610, 4611, 4612, -1,
      4613, 4614, 4609, -1,
      4613, 4609, 4612, -1,
      4612, 4609, 4615, -1,
      4612, 4615, 4610, -1,
      4611, 4616, 4612, -1,
      4612, 4616, 4617, -1,
      4612, 4617, 4618, -1,
      4614, 4619, 4609, -1,
      4609, 4619, 4620, -1,
      4609, 4620, 4608, -1,
      4621, 4622, 4623, -1,
      241, 238, 4623, -1,
      4623, 238, 4624, -1,
      4623, 4624, 4625, -1,
      4625, 4626, 4623, -1,
      4623, 4626, 4627, -1,
      4623, 4627, 4621, -1,
      4628, 4629, 4622, -1,
      4622, 4629, 4630, -1,
      4622, 4630, 4631, -1,
      4631, 4632, 4622, -1,
      4622, 4632, 4633, -1,
      4622, 4633, 4623, -1,
      4623, 4609, 241, -1,
      241, 4609, 240, -1,
      4609, 4623, 4633, -1,
      4609, 4633, 4615, -1,
      4615, 4633, 4632, -1,
      4615, 4632, 4610, -1,
      4610, 4632, 4631, -1,
      4610, 4631, 4611, -1,
      4611, 4631, 4630, -1,
      4611, 4630, 4616, -1,
      4616, 4630, 4629, -1,
      4616, 4629, 4617, -1,
      4617, 4629, 4628, -1,
      4617, 4628, 4618, -1,
      4618, 4628, 4622, -1,
      4618, 4622, 4612, -1,
      4612, 4622, 4621, -1,
      4612, 4621, 4613, -1,
      4613, 4621, 4627, -1,
      4613, 4627, 4614, -1,
      4614, 4627, 4626, -1,
      4614, 4626, 4619, -1,
      4619, 4626, 4625, -1,
      4619, 4625, 4620, -1,
      4620, 4625, 4624, -1,
      4620, 4624, 4608, -1,
      4608, 4624, 239, -1,
      239, 4624, 238, -1,
      4634, 4635, 4636, -1,
      4636, 4635, 4637, -1,
      4634, 4636, 4638, -1,
      4634, 4638, 4639, -1,
      4639, 4638, 4640, -1,
      4639, 4640, 4641, -1,
      4641, 4640, 4642, -1,
      4641, 4642, 4643, -1,
      4643, 4642, 4644, -1,
      4643, 4644, 4645, -1,
      4645, 4644, 4646, -1,
      4645, 4646, 4647, -1,
      4647, 4646, 4648, -1,
      4647, 4648, 4649, -1,
      4649, 4648, 4650, -1,
      4649, 4650, 4651, -1,
      4652, 4651, 4653, -1,
      4653, 4651, 4650, -1,
      4652, 4653, 4654, -1,
      4652, 4654, 4655, -1,
      4655, 4654, 4656, -1,
      4655, 4656, 4657, -1,
      4657, 4656, 4658, -1,
      4657, 4658, 4659, -1,
      4659, 4658, 4660, -1,
      4659, 4660, 4661, -1,
      4661, 4660, 4662, -1,
      4661, 4662, 4663, -1,
      4663, 4662, 4664, -1,
      4663, 4664, 4665, -1,
      4665, 4664, 4666, -1,
      4665, 4666, 4667, -1,
      4668, 4667, 4669, -1,
      4669, 4667, 4666, -1,
      4668, 4669, 4670, -1,
      4668, 4670, 4671, -1,
      4671, 4670, 4672, -1,
      4671, 4672, 4673, -1,
      4673, 4672, 4674, -1,
      4673, 4674, 4675, -1,
      4675, 4674, 4676, -1,
      4675, 4676, 4677, -1,
      4678, 4677, 4679, -1,
      4679, 4677, 4676, -1,
      4678, 4679, 4680, -1,
      4680, 4679, 4681, -1,
      4680, 4681, 4682, -1,
      4682, 4681, 4683, -1,
      4682, 4683, 4684, -1,
      4684, 4683, 4685, -1,
      4684, 4685, 4686, -1,
      4686, 4685, 4687, -1,
      4688, 4686, 4689, -1,
      4689, 4686, 4687, -1,
      4690, 4691, 4692, -1,
      4692, 4691, 4693, -1,
      4692, 4693, 4694, -1,
      4694, 4693, 4695, -1,
      4694, 4695, 4696, -1,
      4696, 4695, 4697, -1,
      4696, 4697, 4635, -1,
      4635, 4697, 4637, -1,
      4688, 4689, 4698, -1,
      4688, 4698, 4699, -1,
      4699, 4698, 4700, -1,
      4699, 4700, 4701, -1,
      4701, 4700, 4702, -1,
      4701, 4702, 4703, -1,
      4703, 4702, 4704, -1,
      4703, 4704, 4705, -1,
      762, 782, 783, -1,
      762, 783, 761, -1,
      761, 783, 784, -1,
      761, 784, 760, -1,
      760, 784, 787, -1,
      760, 787, 763, -1,
      763, 787, 786, -1,
      763, 786, 764, -1,
      4691, 4690, 785, -1,
      785, 4690, 765, -1,
      785, 765, 786, -1,
      786, 765, 764, -1,
      781, 802, 803, -1,
      781, 803, 773, -1,
      773, 803, 800, -1,
      773, 800, 774, -1,
      774, 800, 799, -1,
      774, 799, 775, -1,
      775, 799, 798, -1,
      775, 798, 776, -1,
      776, 798, 795, -1,
      776, 795, 777, -1,
      777, 795, 796, -1,
      777, 796, 778, -1,
      778, 796, 797, -1,
      778, 797, 779, -1,
      802, 781, 801, -1,
      801, 781, 780, -1,
      801, 780, 790, -1,
      790, 780, 767, -1,
      790, 767, 791, -1,
      791, 767, 766, -1,
      769, 788, 770, -1,
      770, 788, 794, -1,
      770, 794, 771, -1,
      771, 794, 793, -1,
      771, 793, 772, -1,
      772, 793, 792, -1,
      772, 792, 766, -1,
      766, 792, 791, -1,
      788, 769, 789, -1,
      789, 769, 768, -1,
      789, 768, 4704, -1,
      4704, 768, 4705, -1,
      4670, 4669, 1770, -1,
      4687, 4685, 1702, -1,
      4691, 785, 1761, -1,
      1770, 4669, 1768, -1,
      1768, 4669, 4666, -1,
      1768, 4666, 1766, -1,
      1764, 4697, 4695, -1,
      1702, 789, 4704, -1,
      1764, 4695, 1761, -1,
      1761, 4695, 4693, -1,
      1761, 4693, 4691, -1,
      4685, 4683, 1702, -1,
      1702, 4683, 4681, -1,
      1702, 4681, 1772, -1,
      1772, 4681, 4679, -1,
      4679, 4676, 1772, -1,
      1772, 4676, 4674, -1,
      1772, 4674, 1770, -1,
      1770, 4674, 4672, -1,
      1770, 4672, 4670, -1,
      4662, 4660, 4637, -1,
      4687, 1702, 4689, -1,
      4689, 1702, 4704, -1,
      4689, 4704, 4698, -1,
      4698, 4704, 4702, -1,
      4698, 4702, 4700, -1,
      1764, 1766, 4697, -1,
      4697, 1766, 4666, -1,
      4697, 4666, 4637, -1,
      4637, 4666, 4664, -1,
      4637, 4664, 4662, -1,
      4646, 4644, 4636, -1,
      4660, 4658, 4637, -1,
      4637, 4658, 4656, -1,
      4637, 4656, 4654, -1,
      4654, 4653, 4637, -1,
      4637, 4653, 4650, -1,
      4637, 4650, 4636, -1,
      4636, 4650, 4648, -1,
      4636, 4648, 4646, -1,
      4644, 4642, 4636, -1,
      4636, 4642, 4640, -1,
      4636, 4640, 4638, -1,
      4705, 768, 1705, -1,
      4667, 4668, 1781, -1,
      1781, 1779, 4667, -1,
      4667, 1779, 1777, -1,
      4667, 1777, 1775, -1,
      4675, 1783, 4673, -1,
      4673, 1783, 1781, -1,
      4673, 1781, 4671, -1,
      4671, 1781, 4668, -1,
      4675, 4677, 1783, -1,
      1783, 4677, 4678, -1,
      1783, 4678, 1705, -1,
      1705, 4678, 4680, -1,
      1705, 4680, 4682, -1,
      4682, 4684, 1705, -1,
      1705, 4684, 4686, -1,
      1705, 4686, 4705, -1,
      4692, 4694, 1775, -1,
      1775, 4694, 4696, -1,
      1775, 4696, 4667, -1,
      4667, 4696, 4635, -1,
      4667, 4635, 4634, -1,
      4692, 1775, 4690, -1,
      4690, 1775, 1774, -1,
      4690, 1774, 765, -1,
      4686, 4688, 4705, -1,
      4705, 4688, 4699, -1,
      4705, 4699, 4703, -1,
      4703, 4699, 4701, -1,
      4657, 4659, 4667, -1,
      4634, 4639, 4651, -1,
      4651, 4639, 4641, -1,
      4651, 4641, 4643, -1,
      4643, 4645, 4651, -1,
      4651, 4645, 4647, -1,
      4651, 4647, 4649, -1,
      4657, 4667, 4655, -1,
      4634, 4651, 4667, -1,
      4667, 4651, 4652, -1,
      4667, 4652, 4655, -1,
      4659, 4661, 4667, -1,
      4667, 4661, 4663, -1,
      4667, 4663, 4665, -1,
      1908, 1937, 780, -1,
      780, 1937, 767, -1,
      790, 1934, 801, -1,
      801, 1934, 1905, -1,
      4706, 4707, 4708, -1,
      4708, 4707, 4709, -1,
      4710, 4708, 4711, -1,
      4711, 4708, 4712, -1,
      4709, 299, 4708, -1,
      4708, 299, 296, -1,
      4708, 296, 4712, -1,
      4713, 4714, 4709, -1,
      4709, 4714, 4715, -1,
      4709, 4715, 299, -1,
      4716, 4707, 4717, -1,
      4717, 4707, 4718, -1,
      4706, 297, 4707, -1,
      4707, 297, 298, -1,
      4707, 298, 4718, -1,
      4719, 4720, 4706, -1,
      4706, 4720, 4721, -1,
      4706, 4721, 297, -1,
      4706, 4708, 4710, -1,
      4706, 4710, 4719, -1,
      4719, 4710, 4711, -1,
      4719, 4711, 4720, -1,
      4720, 4711, 4712, -1,
      4720, 4712, 4721, -1,
      4721, 4712, 296, -1,
      4721, 296, 297, -1,
      298, 299, 4715, -1,
      298, 4715, 4718, -1,
      4718, 4715, 4714, -1,
      4718, 4714, 4717, -1,
      4717, 4714, 4713, -1,
      4717, 4713, 4716, -1,
      4716, 4713, 4709, -1,
      4716, 4709, 4707, -1,
      235, 236, 4722, -1,
      4722, 236, 4723, -1,
      4724, 4725, 4726, -1,
      4727, 4728, 4723, -1,
      4727, 4723, 4726, -1,
      4726, 4723, 4729, -1,
      4726, 4729, 4724, -1,
      4725, 4730, 4726, -1,
      4726, 4730, 4731, -1,
      4726, 4731, 4732, -1,
      4728, 4733, 4723, -1,
      4723, 4733, 4734, -1,
      4723, 4734, 4722, -1,
      4735, 4736, 4737, -1,
      237, 234, 4737, -1,
      4737, 234, 4738, -1,
      4737, 4738, 4739, -1,
      4739, 4740, 4737, -1,
      4737, 4740, 4741, -1,
      4737, 4741, 4735, -1,
      4742, 4743, 4736, -1,
      4736, 4743, 4744, -1,
      4736, 4744, 4745, -1,
      4745, 4746, 4736, -1,
      4736, 4746, 4747, -1,
      4736, 4747, 4737, -1,
      4737, 4723, 237, -1,
      237, 4723, 236, -1,
      4723, 4737, 4747, -1,
      4723, 4747, 4729, -1,
      4729, 4747, 4746, -1,
      4729, 4746, 4724, -1,
      4724, 4746, 4745, -1,
      4724, 4745, 4725, -1,
      4725, 4745, 4744, -1,
      4725, 4744, 4730, -1,
      4730, 4744, 4743, -1,
      4730, 4743, 4731, -1,
      4731, 4743, 4742, -1,
      4731, 4742, 4732, -1,
      4732, 4742, 4736, -1,
      4732, 4736, 4726, -1,
      4726, 4736, 4735, -1,
      4726, 4735, 4727, -1,
      4727, 4735, 4741, -1,
      4727, 4741, 4728, -1,
      4728, 4741, 4740, -1,
      4728, 4740, 4733, -1,
      4733, 4740, 4739, -1,
      4733, 4739, 4734, -1,
      4734, 4739, 4738, -1,
      4734, 4738, 4722, -1,
      4722, 4738, 235, -1,
      235, 4738, 234, -1,
      4748, 4749, 4750, -1,
      4750, 4749, 4751, -1,
      4748, 4750, 4752, -1,
      4748, 4752, 4753, -1,
      4753, 4752, 4754, -1,
      4753, 4754, 4755, -1,
      4755, 4754, 4756, -1,
      4755, 4756, 4757, -1,
      4757, 4756, 4758, -1,
      4757, 4758, 4759, -1,
      4759, 4758, 4760, -1,
      4759, 4760, 4761, -1,
      4761, 4760, 4762, -1,
      4761, 4762, 4763, -1,
      4763, 4762, 4764, -1,
      4763, 4764, 4765, -1,
      4766, 4765, 4767, -1,
      4767, 4765, 4764, -1,
      4766, 4767, 4768, -1,
      4766, 4768, 4769, -1,
      4769, 4768, 4770, -1,
      4769, 4770, 4771, -1,
      4771, 4770, 4772, -1,
      4771, 4772, 4773, -1,
      4773, 4772, 4774, -1,
      4773, 4774, 4775, -1,
      4775, 4774, 4776, -1,
      4775, 4776, 4777, -1,
      4777, 4776, 4778, -1,
      4777, 4778, 4779, -1,
      4779, 4778, 4780, -1,
      4779, 4780, 4781, -1,
      4782, 4781, 4783, -1,
      4783, 4781, 4780, -1,
      4782, 4783, 4784, -1,
      4782, 4784, 4785, -1,
      4785, 4784, 4786, -1,
      4785, 4786, 4787, -1,
      4787, 4786, 4788, -1,
      4787, 4788, 4789, -1,
      4789, 4788, 4790, -1,
      4789, 4790, 4791, -1,
      4792, 4791, 4793, -1,
      4793, 4791, 4790, -1,
      4792, 4793, 4794, -1,
      4794, 4793, 4795, -1,
      4794, 4795, 4796, -1,
      4796, 4795, 4797, -1,
      4796, 4797, 4798, -1,
      4798, 4797, 4799, -1,
      4798, 4799, 4800, -1,
      4800, 4799, 4801, -1,
      4802, 4800, 4803, -1,
      4803, 4800, 4801, -1,
      4804, 4805, 4806, -1,
      4806, 4805, 4807, -1,
      4806, 4807, 4808, -1,
      4808, 4807, 4809, -1,
      4808, 4809, 4810, -1,
      4810, 4809, 4811, -1,
      4810, 4811, 4749, -1,
      4749, 4811, 4751, -1,
      4802, 4803, 4812, -1,
      4802, 4812, 4813, -1,
      4813, 4812, 4814, -1,
      4813, 4814, 4815, -1,
      4815, 4814, 4816, -1,
      4815, 4816, 4817, -1,
      4817, 4816, 4818, -1,
      4817, 4818, 4819, -1,
      718, 738, 739, -1,
      718, 739, 717, -1,
      717, 739, 740, -1,
      717, 740, 716, -1,
      716, 740, 743, -1,
      716, 743, 719, -1,
      719, 743, 742, -1,
      719, 742, 720, -1,
      4805, 4804, 741, -1,
      741, 4804, 721, -1,
      741, 721, 742, -1,
      742, 721, 720, -1,
      737, 758, 759, -1,
      737, 759, 729, -1,
      729, 759, 756, -1,
      729, 756, 730, -1,
      730, 756, 755, -1,
      730, 755, 731, -1,
      731, 755, 754, -1,
      731, 754, 732, -1,
      732, 754, 751, -1,
      732, 751, 733, -1,
      733, 751, 752, -1,
      733, 752, 734, -1,
      734, 752, 753, -1,
      734, 753, 735, -1,
      758, 737, 757, -1,
      757, 737, 736, -1,
      757, 736, 746, -1,
      746, 736, 723, -1,
      746, 723, 747, -1,
      747, 723, 722, -1,
      725, 744, 726, -1,
      726, 744, 750, -1,
      726, 750, 727, -1,
      727, 750, 749, -1,
      727, 749, 728, -1,
      728, 749, 748, -1,
      728, 748, 722, -1,
      722, 748, 747, -1,
      744, 725, 745, -1,
      745, 725, 724, -1,
      745, 724, 4818, -1,
      4818, 724, 4819, -1,
      1778, 1780, 4780, -1,
      4805, 741, 1773, -1,
      4801, 4799, 1704, -1,
      1776, 4811, 4809, -1,
      4780, 1780, 4783, -1,
      4783, 1780, 1782, -1,
      4783, 1782, 4784, -1,
      1776, 4809, 1773, -1,
      1773, 4809, 4807, -1,
      1773, 4807, 4805, -1,
      1704, 745, 4818, -1,
      4799, 4797, 1704, -1,
      1704, 4797, 4795, -1,
      1704, 4795, 1784, -1,
      1784, 4795, 4793, -1,
      4793, 4790, 1784, -1,
      1784, 4790, 4788, -1,
      1784, 4788, 1782, -1,
      1782, 4788, 4786, -1,
      1782, 4786, 4784, -1,
      4776, 4774, 4751, -1,
      4801, 1704, 4803, -1,
      4803, 1704, 4818, -1,
      4803, 4818, 4812, -1,
      4812, 4818, 4816, -1,
      4812, 4816, 4814, -1,
      1776, 1778, 4811, -1,
      4811, 1778, 4780, -1,
      4811, 4780, 4751, -1,
      4751, 4780, 4778, -1,
      4751, 4778, 4776, -1,
      4760, 4758, 4750, -1,
      4774, 4772, 4751, -1,
      4751, 4772, 4770, -1,
      4751, 4770, 4768, -1,
      4768, 4767, 4751, -1,
      4751, 4767, 4764, -1,
      4751, 4764, 4750, -1,
      4750, 4764, 4762, -1,
      4750, 4762, 4760, -1,
      4758, 4756, 4750, -1,
      4750, 4756, 4754, -1,
      4750, 4754, 4752, -1,
      4819, 724, 1707, -1,
      4781, 4782, 1793, -1,
      1793, 1791, 4781, -1,
      4781, 1791, 1789, -1,
      4781, 1789, 1787, -1,
      4789, 1795, 4787, -1,
      4787, 1795, 1793, -1,
      4787, 1793, 4785, -1,
      4785, 1793, 4782, -1,
      4789, 4791, 1795, -1,
      1795, 4791, 4792, -1,
      1795, 4792, 1707, -1,
      1707, 4792, 4794, -1,
      1707, 4794, 4796, -1,
      4796, 4798, 1707, -1,
      1707, 4798, 4800, -1,
      1707, 4800, 4819, -1,
      4806, 4808, 1787, -1,
      1787, 4808, 4810, -1,
      1787, 4810, 4781, -1,
      4781, 4810, 4749, -1,
      4781, 4749, 4748, -1,
      4806, 1787, 4804, -1,
      4804, 1787, 1786, -1,
      4804, 1786, 721, -1,
      4800, 4802, 4819, -1,
      4819, 4802, 4813, -1,
      4819, 4813, 4817, -1,
      4817, 4813, 4815, -1,
      4771, 4773, 4781, -1,
      4748, 4753, 4765, -1,
      4765, 4753, 4755, -1,
      4765, 4755, 4757, -1,
      4757, 4759, 4765, -1,
      4765, 4759, 4761, -1,
      4765, 4761, 4763, -1,
      4771, 4781, 4769, -1,
      4748, 4765, 4781, -1,
      4781, 4765, 4766, -1,
      4781, 4766, 4769, -1,
      4773, 4775, 4781, -1,
      4781, 4775, 4777, -1,
      4781, 4777, 4779, -1,
      1910, 1939, 736, -1,
      736, 1939, 723, -1,
      746, 1936, 757, -1,
      757, 1936, 1907, -1,
      4820, 4821, 4822, -1,
      4822, 4821, 4823, -1,
      4824, 4822, 4825, -1,
      4825, 4822, 4826, -1,
      4823, 294, 4822, -1,
      4822, 294, 291, -1,
      4822, 291, 4826, -1,
      4827, 4828, 4823, -1,
      4823, 4828, 4829, -1,
      4823, 4829, 294, -1,
      4830, 4821, 4831, -1,
      4831, 4821, 4832, -1,
      4820, 290, 4821, -1,
      4821, 290, 295, -1,
      4821, 295, 4832, -1,
      4833, 4834, 4820, -1,
      4820, 4834, 4835, -1,
      4820, 4835, 290, -1,
      4820, 4822, 4824, -1,
      4820, 4824, 4833, -1,
      4833, 4824, 4825, -1,
      4833, 4825, 4834, -1,
      4834, 4825, 4826, -1,
      4834, 4826, 4835, -1,
      4835, 4826, 291, -1,
      4835, 291, 290, -1,
      295, 294, 4829, -1,
      295, 4829, 4832, -1,
      4832, 4829, 4828, -1,
      4832, 4828, 4831, -1,
      4831, 4828, 4827, -1,
      4831, 4827, 4830, -1,
      4830, 4827, 4823, -1,
      4830, 4823, 4821, -1,
      230, 233, 4836, -1,
      4836, 233, 4837, -1,
      4838, 4839, 4840, -1,
      4841, 4842, 4837, -1,
      4841, 4837, 4840, -1,
      4840, 4837, 4843, -1,
      4840, 4843, 4838, -1,
      4839, 4844, 4840, -1,
      4840, 4844, 4845, -1,
      4840, 4845, 4846, -1,
      4842, 4847, 4837, -1,
      4837, 4847, 4848, -1,
      4837, 4848, 4836, -1,
      4849, 4850, 4851, -1,
      232, 231, 4851, -1,
      4851, 231, 4852, -1,
      4851, 4852, 4853, -1,
      4853, 4854, 4851, -1,
      4851, 4854, 4855, -1,
      4851, 4855, 4849, -1,
      4856, 4857, 4850, -1,
      4850, 4857, 4858, -1,
      4850, 4858, 4859, -1,
      4859, 4860, 4850, -1,
      4850, 4860, 4861, -1,
      4850, 4861, 4851, -1,
      4851, 4837, 232, -1,
      232, 4837, 233, -1,
      4837, 4851, 4861, -1,
      4837, 4861, 4843, -1,
      4843, 4861, 4860, -1,
      4843, 4860, 4838, -1,
      4838, 4860, 4859, -1,
      4838, 4859, 4839, -1,
      4839, 4859, 4858, -1,
      4839, 4858, 4844, -1,
      4844, 4858, 4857, -1,
      4844, 4857, 4845, -1,
      4845, 4857, 4856, -1,
      4845, 4856, 4846, -1,
      4846, 4856, 4850, -1,
      4846, 4850, 4840, -1,
      4840, 4850, 4849, -1,
      4840, 4849, 4841, -1,
      4841, 4849, 4855, -1,
      4841, 4855, 4842, -1,
      4842, 4855, 4854, -1,
      4842, 4854, 4847, -1,
      4847, 4854, 4853, -1,
      4847, 4853, 4848, -1,
      4848, 4853, 4852, -1,
      4848, 4852, 4836, -1,
      4836, 4852, 230, -1,
      230, 4852, 231, -1,
      4862, 4863, 4864, -1,
      4864, 4863, 4865, -1,
      4862, 4864, 4866, -1,
      4862, 4866, 4867, -1,
      4867, 4866, 4868, -1,
      4867, 4868, 4869, -1,
      4869, 4868, 4870, -1,
      4869, 4870, 4871, -1,
      4871, 4870, 4872, -1,
      4871, 4872, 4873, -1,
      4873, 4872, 4874, -1,
      4873, 4874, 4875, -1,
      4875, 4874, 4876, -1,
      4875, 4876, 4877, -1,
      4877, 4876, 4878, -1,
      4877, 4878, 4879, -1,
      4880, 4879, 4881, -1,
      4881, 4879, 4878, -1,
      4880, 4881, 4882, -1,
      4880, 4882, 4883, -1,
      4883, 4882, 4884, -1,
      4883, 4884, 4885, -1,
      4885, 4884, 4886, -1,
      4885, 4886, 4887, -1,
      4887, 4886, 4888, -1,
      4887, 4888, 4889, -1,
      4889, 4888, 4890, -1,
      4889, 4890, 4891, -1,
      4891, 4890, 4892, -1,
      4891, 4892, 4893, -1,
      4893, 4892, 4894, -1,
      4893, 4894, 4895, -1,
      4896, 4895, 4897, -1,
      4897, 4895, 4894, -1,
      4896, 4897, 4898, -1,
      4896, 4898, 4899, -1,
      4899, 4898, 4900, -1,
      4899, 4900, 4901, -1,
      4901, 4900, 4902, -1,
      4901, 4902, 4903, -1,
      4903, 4902, 4904, -1,
      4903, 4904, 4905, -1,
      4906, 4905, 4907, -1,
      4907, 4905, 4904, -1,
      4906, 4907, 4908, -1,
      4908, 4907, 4909, -1,
      4908, 4909, 4910, -1,
      4910, 4909, 4911, -1,
      4910, 4911, 4912, -1,
      4912, 4911, 4913, -1,
      4912, 4913, 4914, -1,
      4914, 4913, 4915, -1,
      4916, 4914, 4917, -1,
      4917, 4914, 4915, -1,
      4918, 4919, 4920, -1,
      4920, 4919, 4921, -1,
      4920, 4921, 4922, -1,
      4922, 4921, 4923, -1,
      4922, 4923, 4924, -1,
      4924, 4923, 4925, -1,
      4924, 4925, 4863, -1,
      4863, 4925, 4865, -1,
      4916, 4917, 4926, -1,
      4916, 4926, 4927, -1,
      4927, 4926, 4928, -1,
      4927, 4928, 4929, -1,
      4929, 4928, 4930, -1,
      4929, 4930, 4931, -1,
      4931, 4930, 4932, -1,
      4931, 4932, 4933, -1,
      674, 694, 695, -1,
      674, 695, 673, -1,
      673, 695, 696, -1,
      673, 696, 672, -1,
      672, 696, 699, -1,
      672, 699, 675, -1,
      675, 699, 698, -1,
      675, 698, 676, -1,
      4919, 4918, 697, -1,
      697, 4918, 677, -1,
      697, 677, 698, -1,
      698, 677, 676, -1,
      691, 712, 713, -1,
      691, 713, 688, -1,
      688, 713, 715, -1,
      688, 715, 689, -1,
      689, 715, 714, -1,
      689, 714, 692, -1,
      692, 714, 710, -1,
      692, 710, 693, -1,
      693, 710, 709, -1,
      693, 709, 687, -1,
      687, 709, 708, -1,
      687, 708, 686, -1,
      686, 708, 707, -1,
      686, 707, 685, -1,
      712, 691, 711, -1,
      711, 691, 690, -1,
      711, 690, 702, -1,
      702, 690, 679, -1,
      702, 679, 703, -1,
      703, 679, 678, -1,
      681, 700, 682, -1,
      682, 700, 706, -1,
      682, 706, 683, -1,
      683, 706, 705, -1,
      683, 705, 684, -1,
      684, 705, 704, -1,
      684, 704, 678, -1,
      678, 704, 703, -1,
      700, 681, 701, -1,
      701, 681, 680, -1,
      701, 680, 4932, -1,
      4932, 680, 4933, -1,
      1790, 1792, 4894, -1,
      4919, 697, 1785, -1,
      4915, 4913, 1706, -1,
      1788, 4925, 4923, -1,
      4894, 1792, 4897, -1,
      4897, 1792, 1794, -1,
      4897, 1794, 4898, -1,
      1788, 4923, 1785, -1,
      1785, 4923, 4921, -1,
      1785, 4921, 4919, -1,
      1706, 701, 4932, -1,
      4913, 4911, 1706, -1,
      1706, 4911, 4909, -1,
      1706, 4909, 1796, -1,
      1796, 4909, 4907, -1,
      4907, 4904, 1796, -1,
      1796, 4904, 4902, -1,
      1796, 4902, 1794, -1,
      1794, 4902, 4900, -1,
      1794, 4900, 4898, -1,
      4890, 4888, 4865, -1,
      4915, 1706, 4917, -1,
      4917, 1706, 4932, -1,
      4917, 4932, 4926, -1,
      4926, 4932, 4930, -1,
      4926, 4930, 4928, -1,
      1788, 1790, 4925, -1,
      4925, 1790, 4894, -1,
      4925, 4894, 4865, -1,
      4865, 4894, 4892, -1,
      4865, 4892, 4890, -1,
      4874, 4872, 4864, -1,
      4888, 4886, 4865, -1,
      4865, 4886, 4884, -1,
      4865, 4884, 4882, -1,
      4882, 4881, 4865, -1,
      4865, 4881, 4878, -1,
      4865, 4878, 4864, -1,
      4864, 4878, 4876, -1,
      4864, 4876, 4874, -1,
      4872, 4870, 4864, -1,
      4864, 4870, 4868, -1,
      4864, 4868, 4866, -1,
      4933, 680, 1709, -1,
      4895, 4896, 1805, -1,
      1805, 1803, 4895, -1,
      4895, 1803, 1801, -1,
      4895, 1801, 1799, -1,
      4903, 1807, 4901, -1,
      4901, 1807, 1805, -1,
      4901, 1805, 4899, -1,
      4899, 1805, 4896, -1,
      4903, 4905, 1807, -1,
      1807, 4905, 4906, -1,
      1807, 4906, 1709, -1,
      1709, 4906, 4908, -1,
      1709, 4908, 4910, -1,
      4910, 4912, 1709, -1,
      1709, 4912, 4914, -1,
      1709, 4914, 4933, -1,
      4920, 4922, 1799, -1,
      1799, 4922, 4924, -1,
      1799, 4924, 4895, -1,
      4895, 4924, 4863, -1,
      4895, 4863, 4862, -1,
      4920, 1799, 4918, -1,
      4918, 1799, 1798, -1,
      4918, 1798, 677, -1,
      4914, 4916, 4933, -1,
      4933, 4916, 4927, -1,
      4933, 4927, 4931, -1,
      4931, 4927, 4929, -1,
      4885, 4887, 4895, -1,
      4862, 4867, 4879, -1,
      4879, 4867, 4869, -1,
      4879, 4869, 4871, -1,
      4871, 4873, 4879, -1,
      4879, 4873, 4875, -1,
      4879, 4875, 4877, -1,
      4885, 4895, 4883, -1,
      4862, 4879, 4895, -1,
      4895, 4879, 4880, -1,
      4895, 4880, 4883, -1,
      4887, 4889, 4895, -1,
      4895, 4889, 4891, -1,
      4895, 4891, 4893, -1,
      1912, 1941, 690, -1,
      690, 1941, 679, -1,
      702, 1938, 711, -1,
      711, 1938, 1909, -1,
      4934, 4935, 4936, -1,
      4936, 4935, 4937, -1,
      4938, 4936, 4939, -1,
      4939, 4936, 4940, -1,
      4937, 64, 4936, -1,
      4936, 64, 293, -1,
      4936, 293, 4940, -1,
      4941, 4942, 4937, -1,
      4937, 4942, 4943, -1,
      4937, 4943, 64, -1,
      4944, 4935, 4945, -1,
      4945, 4935, 4946, -1,
      4934, 292, 4935, -1,
      4935, 292, 65, -1,
      4935, 65, 4946, -1,
      4947, 4948, 4934, -1,
      4934, 4948, 4949, -1,
      4934, 4949, 292, -1,
      4934, 4936, 4938, -1,
      4934, 4938, 4947, -1,
      4947, 4938, 4939, -1,
      4947, 4939, 4948, -1,
      4948, 4939, 4940, -1,
      4948, 4940, 4949, -1,
      4949, 4940, 293, -1,
      4949, 293, 292, -1,
      65, 64, 4943, -1,
      65, 4943, 4946, -1,
      4946, 4943, 4942, -1,
      4946, 4942, 4945, -1,
      4945, 4942, 4941, -1,
      4945, 4941, 4944, -1,
      4944, 4941, 4937, -1,
      4944, 4937, 4935, -1,
      228, 67, 4950, -1,
      4950, 67, 4951, -1,
      4952, 4953, 4954, -1,
      4955, 4956, 4951, -1,
      4955, 4951, 4954, -1,
      4954, 4951, 4957, -1,
      4954, 4957, 4952, -1,
      4953, 4958, 4954, -1,
      4954, 4958, 4959, -1,
      4954, 4959, 4960, -1,
      4956, 4961, 4951, -1,
      4951, 4961, 4962, -1,
      4951, 4962, 4950, -1,
      4963, 4964, 4965, -1,
      66, 229, 4965, -1,
      4965, 229, 4966, -1,
      4965, 4966, 4967, -1,
      4967, 4968, 4965, -1,
      4965, 4968, 4969, -1,
      4965, 4969, 4963, -1,
      4970, 4971, 4964, -1,
      4964, 4971, 4972, -1,
      4964, 4972, 4973, -1,
      4973, 4974, 4964, -1,
      4964, 4974, 4975, -1,
      4964, 4975, 4965, -1,
      4965, 4951, 66, -1,
      66, 4951, 67, -1,
      4951, 4965, 4975, -1,
      4951, 4975, 4957, -1,
      4957, 4975, 4974, -1,
      4957, 4974, 4952, -1,
      4952, 4974, 4973, -1,
      4952, 4973, 4953, -1,
      4953, 4973, 4972, -1,
      4953, 4972, 4958, -1,
      4958, 4972, 4971, -1,
      4958, 4971, 4959, -1,
      4959, 4971, 4970, -1,
      4959, 4970, 4960, -1,
      4960, 4970, 4964, -1,
      4960, 4964, 4954, -1,
      4954, 4964, 4963, -1,
      4954, 4963, 4955, -1,
      4955, 4963, 4969, -1,
      4955, 4969, 4956, -1,
      4956, 4969, 4968, -1,
      4956, 4968, 4961, -1,
      4961, 4968, 4967, -1,
      4961, 4967, 4962, -1,
      4962, 4967, 4966, -1,
      4962, 4966, 4950, -1,
      4950, 4966, 228, -1,
      228, 4966, 229, -1,
      4976, 4977, 4978, -1,
      4978, 4977, 4979, -1,
      4976, 4978, 4980, -1,
      4976, 4980, 4981, -1,
      4981, 4980, 4982, -1,
      4981, 4982, 4983, -1,
      4983, 4982, 4984, -1,
      4983, 4984, 4985, -1,
      4985, 4984, 4986, -1,
      4985, 4986, 4987, -1,
      4987, 4986, 4988, -1,
      4987, 4988, 4989, -1,
      4989, 4988, 4990, -1,
      4989, 4990, 4991, -1,
      4991, 4990, 4992, -1,
      4991, 4992, 4993, -1,
      4994, 4993, 4995, -1,
      4995, 4993, 4992, -1,
      4994, 4995, 4996, -1,
      4994, 4996, 4997, -1,
      4997, 4996, 4998, -1,
      4997, 4998, 4999, -1,
      4999, 4998, 5000, -1,
      4999, 5000, 5001, -1,
      5001, 5000, 5002, -1,
      5001, 5002, 5003, -1,
      5003, 5002, 5004, -1,
      5003, 5004, 5005, -1,
      5005, 5004, 5006, -1,
      5005, 5006, 5007, -1,
      5007, 5006, 5008, -1,
      5007, 5008, 5009, -1,
      5010, 5009, 5011, -1,
      5011, 5009, 5008, -1,
      5010, 5011, 5012, -1,
      5010, 5012, 5013, -1,
      5013, 5012, 5014, -1,
      5013, 5014, 5015, -1,
      5015, 5014, 5016, -1,
      5015, 5016, 5017, -1,
      5017, 5016, 5018, -1,
      5017, 5018, 5019, -1,
      5020, 5019, 5021, -1,
      5021, 5019, 5018, -1,
      5020, 5021, 5022, -1,
      5022, 5021, 5023, -1,
      5022, 5023, 5024, -1,
      5024, 5023, 5025, -1,
      5024, 5025, 5026, -1,
      5026, 5025, 5027, -1,
      5026, 5027, 5028, -1,
      5028, 5027, 5029, -1,
      5030, 5028, 5031, -1,
      5031, 5028, 5029, -1,
      5032, 5033, 5034, -1,
      5034, 5033, 5035, -1,
      5034, 5035, 5036, -1,
      5036, 5035, 5037, -1,
      5036, 5037, 5038, -1,
      5038, 5037, 5039, -1,
      5038, 5039, 4977, -1,
      4977, 5039, 4979, -1,
      5030, 5031, 5040, -1,
      5030, 5040, 5041, -1,
      5041, 5040, 5042, -1,
      5041, 5042, 5043, -1,
      5043, 5042, 5044, -1,
      5043, 5044, 5045, -1,
      5045, 5044, 5046, -1,
      5045, 5046, 5047, -1,
      630, 650, 651, -1,
      630, 651, 629, -1,
      629, 651, 652, -1,
      629, 652, 628, -1,
      628, 652, 655, -1,
      628, 655, 631, -1,
      631, 655, 654, -1,
      631, 654, 632, -1,
      5033, 5032, 653, -1,
      653, 5032, 633, -1,
      653, 633, 654, -1,
      654, 633, 632, -1,
      647, 668, 669, -1,
      647, 669, 644, -1,
      644, 669, 671, -1,
      644, 671, 645, -1,
      645, 671, 670, -1,
      645, 670, 648, -1,
      648, 670, 666, -1,
      648, 666, 649, -1,
      649, 666, 665, -1,
      649, 665, 643, -1,
      643, 665, 664, -1,
      643, 664, 642, -1,
      642, 664, 663, -1,
      642, 663, 641, -1,
      668, 647, 667, -1,
      667, 647, 646, -1,
      667, 646, 658, -1,
      658, 646, 635, -1,
      658, 635, 659, -1,
      659, 635, 634, -1,
      637, 656, 638, -1,
      638, 656, 662, -1,
      638, 662, 639, -1,
      639, 662, 661, -1,
      639, 661, 640, -1,
      640, 661, 660, -1,
      640, 660, 634, -1,
      634, 660, 659, -1,
      656, 637, 657, -1,
      657, 637, 636, -1,
      657, 636, 5046, -1,
      5046, 636, 5047, -1,
      1802, 1804, 5008, -1,
      5033, 653, 1797, -1,
      5029, 5027, 1708, -1,
      1800, 5039, 5037, -1,
      5008, 1804, 5011, -1,
      5011, 1804, 1806, -1,
      5011, 1806, 5012, -1,
      1800, 5037, 1797, -1,
      1797, 5037, 5035, -1,
      1797, 5035, 5033, -1,
      1708, 657, 5046, -1,
      5027, 5025, 1708, -1,
      1708, 5025, 5023, -1,
      1708, 5023, 1808, -1,
      1808, 5023, 5021, -1,
      5021, 5018, 1808, -1,
      1808, 5018, 5016, -1,
      1808, 5016, 1806, -1,
      1806, 5016, 5014, -1,
      1806, 5014, 5012, -1,
      5004, 5002, 4979, -1,
      5029, 1708, 5031, -1,
      5031, 1708, 5046, -1,
      5031, 5046, 5040, -1,
      5040, 5046, 5044, -1,
      5040, 5044, 5042, -1,
      1800, 1802, 5039, -1,
      5039, 1802, 5008, -1,
      5039, 5008, 4979, -1,
      4979, 5008, 5006, -1,
      4979, 5006, 5004, -1,
      4988, 4986, 4978, -1,
      5002, 5000, 4979, -1,
      4979, 5000, 4998, -1,
      4979, 4998, 4996, -1,
      4996, 4995, 4979, -1,
      4979, 4995, 4992, -1,
      4979, 4992, 4978, -1,
      4978, 4992, 4990, -1,
      4978, 4990, 4988, -1,
      4986, 4984, 4978, -1,
      4978, 4984, 4982, -1,
      4978, 4982, 4980, -1,
      5047, 636, 1711, -1,
      5009, 5010, 1817, -1,
      1817, 1815, 5009, -1,
      5009, 1815, 1813, -1,
      5009, 1813, 1811, -1,
      5017, 1819, 5015, -1,
      5015, 1819, 1817, -1,
      5015, 1817, 5013, -1,
      5013, 1817, 5010, -1,
      5017, 5019, 1819, -1,
      1819, 5019, 5020, -1,
      1819, 5020, 1711, -1,
      1711, 5020, 5022, -1,
      1711, 5022, 5024, -1,
      5024, 5026, 1711, -1,
      1711, 5026, 5028, -1,
      1711, 5028, 5047, -1,
      5034, 5036, 1811, -1,
      1811, 5036, 5038, -1,
      1811, 5038, 5009, -1,
      5009, 5038, 4977, -1,
      5009, 4977, 4976, -1,
      5034, 1811, 5032, -1,
      5032, 1811, 1810, -1,
      5032, 1810, 633, -1,
      5028, 5030, 5047, -1,
      5047, 5030, 5041, -1,
      5047, 5041, 5045, -1,
      5045, 5041, 5043, -1,
      4999, 5001, 5009, -1,
      4976, 4981, 4993, -1,
      4993, 4981, 4983, -1,
      4993, 4983, 4985, -1,
      4985, 4987, 4993, -1,
      4993, 4987, 4989, -1,
      4993, 4989, 4991, -1,
      4999, 5009, 4997, -1,
      4976, 4993, 5009, -1,
      5009, 4993, 4994, -1,
      5009, 4994, 4997, -1,
      5001, 5003, 5009, -1,
      5009, 5003, 5005, -1,
      5009, 5005, 5007, -1,
      1914, 1943, 646, -1,
      646, 1943, 635, -1,
      658, 1940, 667, -1,
      667, 1940, 1911, -1,
      5048, 5049, 5050, -1,
      5050, 5049, 5051, -1,
      5052, 5050, 5053, -1,
      5053, 5050, 5054, -1,
      5051, 289, 5050, -1,
      5050, 289, 286, -1,
      5050, 286, 5054, -1,
      5055, 5056, 5051, -1,
      5051, 5056, 5057, -1,
      5051, 5057, 289, -1,
      5058, 5049, 5059, -1,
      5059, 5049, 5060, -1,
      5048, 287, 5049, -1,
      5049, 287, 288, -1,
      5049, 288, 5060, -1,
      5061, 5062, 5048, -1,
      5048, 5062, 5063, -1,
      5048, 5063, 287, -1,
      5048, 5050, 5052, -1,
      5048, 5052, 5061, -1,
      5061, 5052, 5053, -1,
      5061, 5053, 5062, -1,
      5062, 5053, 5054, -1,
      5062, 5054, 5063, -1,
      5063, 5054, 286, -1,
      5063, 286, 287, -1,
      288, 289, 5057, -1,
      288, 5057, 5060, -1,
      5060, 5057, 5056, -1,
      5060, 5056, 5059, -1,
      5059, 5056, 5055, -1,
      5059, 5055, 5058, -1,
      5058, 5055, 5051, -1,
      5058, 5051, 5049, -1,
      225, 226, 5064, -1,
      5064, 226, 5065, -1,
      5066, 5067, 5068, -1,
      5069, 5070, 5065, -1,
      5069, 5065, 5068, -1,
      5068, 5065, 5071, -1,
      5068, 5071, 5066, -1,
      5067, 5072, 5068, -1,
      5068, 5072, 5073, -1,
      5068, 5073, 5074, -1,
      5070, 5075, 5065, -1,
      5065, 5075, 5076, -1,
      5065, 5076, 5064, -1,
      5077, 5078, 5079, -1,
      227, 224, 5079, -1,
      5079, 224, 5080, -1,
      5079, 5080, 5081, -1,
      5081, 5082, 5079, -1,
      5079, 5082, 5083, -1,
      5079, 5083, 5077, -1,
      5084, 5085, 5078, -1,
      5078, 5085, 5086, -1,
      5078, 5086, 5087, -1,
      5087, 5088, 5078, -1,
      5078, 5088, 5089, -1,
      5078, 5089, 5079, -1,
      5079, 5065, 227, -1,
      227, 5065, 226, -1,
      5065, 5079, 5089, -1,
      5065, 5089, 5071, -1,
      5071, 5089, 5088, -1,
      5071, 5088, 5066, -1,
      5066, 5088, 5087, -1,
      5066, 5087, 5067, -1,
      5067, 5087, 5086, -1,
      5067, 5086, 5072, -1,
      5072, 5086, 5085, -1,
      5072, 5085, 5073, -1,
      5073, 5085, 5084, -1,
      5073, 5084, 5074, -1,
      5074, 5084, 5078, -1,
      5074, 5078, 5068, -1,
      5068, 5078, 5077, -1,
      5068, 5077, 5069, -1,
      5069, 5077, 5083, -1,
      5069, 5083, 5070, -1,
      5070, 5083, 5082, -1,
      5070, 5082, 5075, -1,
      5075, 5082, 5081, -1,
      5075, 5081, 5076, -1,
      5076, 5081, 5080, -1,
      5076, 5080, 5064, -1,
      5064, 5080, 225, -1,
      225, 5080, 224, -1,
      5090, 5091, 5092, -1,
      5092, 5091, 5093, -1,
      5090, 5092, 5094, -1,
      5090, 5094, 5095, -1,
      5095, 5094, 5096, -1,
      5095, 5096, 5097, -1,
      5097, 5096, 5098, -1,
      5097, 5098, 5099, -1,
      5099, 5098, 5100, -1,
      5099, 5100, 5101, -1,
      5101, 5100, 5102, -1,
      5101, 5102, 5103, -1,
      5103, 5102, 5104, -1,
      5103, 5104, 5105, -1,
      5105, 5104, 5106, -1,
      5105, 5106, 5107, -1,
      5108, 5107, 5109, -1,
      5109, 5107, 5106, -1,
      5108, 5109, 5110, -1,
      5108, 5110, 5111, -1,
      5111, 5110, 5112, -1,
      5111, 5112, 5113, -1,
      5113, 5112, 5114, -1,
      5113, 5114, 5115, -1,
      5115, 5114, 5116, -1,
      5115, 5116, 5117, -1,
      5117, 5116, 5118, -1,
      5117, 5118, 5119, -1,
      5119, 5118, 5120, -1,
      5119, 5120, 5121, -1,
      5121, 5120, 5122, -1,
      5121, 5122, 5123, -1,
      5124, 5123, 5125, -1,
      5125, 5123, 5122, -1,
      5124, 5125, 5126, -1,
      5124, 5126, 5127, -1,
      5127, 5126, 5128, -1,
      5127, 5128, 5129, -1,
      5129, 5128, 5130, -1,
      5129, 5130, 5131, -1,
      5131, 5130, 5132, -1,
      5131, 5132, 5133, -1,
      5134, 5133, 5135, -1,
      5135, 5133, 5132, -1,
      5134, 5135, 5136, -1,
      5136, 5135, 5137, -1,
      5136, 5137, 5138, -1,
      5138, 5137, 5139, -1,
      5138, 5139, 5140, -1,
      5140, 5139, 5141, -1,
      5140, 5141, 5142, -1,
      5142, 5141, 5143, -1,
      5144, 5142, 5145, -1,
      5145, 5142, 5143, -1,
      5146, 5147, 5148, -1,
      5148, 5147, 5149, -1,
      5148, 5149, 5150, -1,
      5150, 5149, 5151, -1,
      5150, 5151, 5152, -1,
      5152, 5151, 5153, -1,
      5152, 5153, 5091, -1,
      5091, 5153, 5093, -1,
      5144, 5145, 5154, -1,
      5144, 5154, 5155, -1,
      5155, 5154, 5156, -1,
      5155, 5156, 5157, -1,
      5157, 5156, 5158, -1,
      5157, 5158, 5159, -1,
      5159, 5158, 5160, -1,
      5159, 5160, 5161, -1,
      586, 606, 607, -1,
      586, 607, 585, -1,
      585, 607, 608, -1,
      585, 608, 584, -1,
      584, 608, 611, -1,
      584, 611, 587, -1,
      587, 611, 610, -1,
      587, 610, 588, -1,
      5147, 5146, 609, -1,
      609, 5146, 589, -1,
      609, 589, 610, -1,
      610, 589, 588, -1,
      603, 624, 625, -1,
      603, 625, 600, -1,
      600, 625, 627, -1,
      600, 627, 601, -1,
      601, 627, 626, -1,
      601, 626, 604, -1,
      604, 626, 622, -1,
      604, 622, 605, -1,
      605, 622, 621, -1,
      605, 621, 599, -1,
      599, 621, 620, -1,
      599, 620, 598, -1,
      598, 620, 619, -1,
      598, 619, 597, -1,
      624, 603, 623, -1,
      623, 603, 602, -1,
      623, 602, 614, -1,
      614, 602, 591, -1,
      614, 591, 615, -1,
      615, 591, 590, -1,
      593, 612, 594, -1,
      594, 612, 618, -1,
      594, 618, 595, -1,
      595, 618, 617, -1,
      595, 617, 596, -1,
      596, 617, 616, -1,
      596, 616, 590, -1,
      590, 616, 615, -1,
      612, 593, 613, -1,
      613, 593, 592, -1,
      613, 592, 5160, -1,
      5160, 592, 5161, -1,
      1814, 1816, 5122, -1,
      5147, 609, 1809, -1,
      5143, 5141, 1710, -1,
      1812, 5153, 5151, -1,
      5122, 1816, 5125, -1,
      5125, 1816, 1818, -1,
      5125, 1818, 5126, -1,
      1812, 5151, 1809, -1,
      1809, 5151, 5149, -1,
      1809, 5149, 5147, -1,
      1710, 613, 5160, -1,
      5141, 5139, 1710, -1,
      1710, 5139, 5137, -1,
      1710, 5137, 1820, -1,
      1820, 5137, 5135, -1,
      5135, 5132, 1820, -1,
      1820, 5132, 5130, -1,
      1820, 5130, 1818, -1,
      1818, 5130, 5128, -1,
      1818, 5128, 5126, -1,
      5118, 5116, 5093, -1,
      5143, 1710, 5145, -1,
      5145, 1710, 5160, -1,
      5145, 5160, 5154, -1,
      5154, 5160, 5158, -1,
      5154, 5158, 5156, -1,
      1812, 1814, 5153, -1,
      5153, 1814, 5122, -1,
      5153, 5122, 5093, -1,
      5093, 5122, 5120, -1,
      5093, 5120, 5118, -1,
      5102, 5100, 5092, -1,
      5116, 5114, 5093, -1,
      5093, 5114, 5112, -1,
      5093, 5112, 5110, -1,
      5110, 5109, 5093, -1,
      5093, 5109, 5106, -1,
      5093, 5106, 5092, -1,
      5092, 5106, 5104, -1,
      5092, 5104, 5102, -1,
      5100, 5098, 5092, -1,
      5092, 5098, 5096, -1,
      5092, 5096, 5094, -1,
      5161, 592, 1713, -1,
      5123, 5124, 1829, -1,
      5131, 1831, 5129, -1,
      5129, 1831, 1829, -1,
      5129, 1829, 5127, -1,
      5127, 1829, 5124, -1,
      1829, 1827, 5123, -1,
      5123, 1827, 1825, -1,
      5123, 1825, 1823, -1,
      5131, 5133, 1831, -1,
      1831, 5133, 5134, -1,
      1831, 5134, 1713, -1,
      1713, 5134, 5136, -1,
      1713, 5136, 5138, -1,
      5138, 5140, 1713, -1,
      1713, 5140, 5142, -1,
      1713, 5142, 5161, -1,
      5148, 5150, 1823, -1,
      1823, 5150, 5152, -1,
      1823, 5152, 5123, -1,
      5123, 5152, 5091, -1,
      5123, 5091, 5090, -1,
      5148, 1823, 5146, -1,
      5146, 1823, 1822, -1,
      5146, 1822, 589, -1,
      5142, 5144, 5161, -1,
      5161, 5144, 5155, -1,
      5161, 5155, 5159, -1,
      5159, 5155, 5157, -1,
      5113, 5115, 5123, -1,
      5090, 5095, 5107, -1,
      5107, 5095, 5097, -1,
      5107, 5097, 5099, -1,
      5099, 5101, 5107, -1,
      5107, 5101, 5103, -1,
      5107, 5103, 5105, -1,
      5113, 5123, 5111, -1,
      5090, 5107, 5123, -1,
      5123, 5107, 5108, -1,
      5123, 5108, 5111, -1,
      5115, 5117, 5123, -1,
      5123, 5117, 5119, -1,
      5123, 5119, 5121, -1,
      1916, 1945, 602, -1,
      602, 1945, 591, -1,
      614, 1942, 623, -1,
      623, 1942, 1913, -1,
      5162, 5163, 5164, -1,
      5164, 5163, 5165, -1,
      5166, 5164, 5167, -1,
      5167, 5164, 5168, -1,
      5165, 285, 5164, -1,
      5164, 285, 282, -1,
      5164, 282, 5168, -1,
      5169, 5170, 5165, -1,
      5165, 5170, 5171, -1,
      5165, 5171, 285, -1,
      5172, 5163, 5173, -1,
      5173, 5163, 5174, -1,
      5162, 283, 5163, -1,
      5163, 283, 284, -1,
      5163, 284, 5174, -1,
      5175, 5176, 5162, -1,
      5162, 5176, 5177, -1,
      5162, 5177, 283, -1,
      5162, 5164, 5166, -1,
      5162, 5166, 5175, -1,
      5175, 5166, 5167, -1,
      5175, 5167, 5176, -1,
      5176, 5167, 5168, -1,
      5176, 5168, 5177, -1,
      5177, 5168, 282, -1,
      5177, 282, 283, -1,
      284, 285, 5171, -1,
      284, 5171, 5174, -1,
      5174, 5171, 5170, -1,
      5174, 5170, 5173, -1,
      5173, 5170, 5169, -1,
      5173, 5169, 5172, -1,
      5172, 5169, 5165, -1,
      5172, 5165, 5163, -1,
      221, 222, 5178, -1,
      5178, 222, 5179, -1,
      5180, 5181, 5182, -1,
      5183, 5184, 5179, -1,
      5183, 5179, 5182, -1,
      5182, 5179, 5185, -1,
      5182, 5185, 5180, -1,
      5181, 5186, 5182, -1,
      5182, 5186, 5187, -1,
      5182, 5187, 5188, -1,
      5184, 5189, 5179, -1,
      5179, 5189, 5190, -1,
      5179, 5190, 5178, -1,
      5191, 5192, 5193, -1,
      223, 220, 5193, -1,
      5193, 220, 5194, -1,
      5193, 5194, 5195, -1,
      5195, 5196, 5193, -1,
      5193, 5196, 5197, -1,
      5193, 5197, 5191, -1,
      5198, 5199, 5192, -1,
      5192, 5199, 5200, -1,
      5192, 5200, 5201, -1,
      5201, 5202, 5192, -1,
      5192, 5202, 5203, -1,
      5192, 5203, 5193, -1,
      5193, 5179, 223, -1,
      223, 5179, 222, -1,
      5179, 5193, 5203, -1,
      5179, 5203, 5185, -1,
      5185, 5203, 5202, -1,
      5185, 5202, 5180, -1,
      5180, 5202, 5201, -1,
      5180, 5201, 5181, -1,
      5181, 5201, 5200, -1,
      5181, 5200, 5186, -1,
      5186, 5200, 5199, -1,
      5186, 5199, 5187, -1,
      5187, 5199, 5198, -1,
      5187, 5198, 5188, -1,
      5188, 5198, 5192, -1,
      5188, 5192, 5182, -1,
      5182, 5192, 5191, -1,
      5182, 5191, 5183, -1,
      5183, 5191, 5197, -1,
      5183, 5197, 5184, -1,
      5184, 5197, 5196, -1,
      5184, 5196, 5189, -1,
      5189, 5196, 5195, -1,
      5189, 5195, 5190, -1,
      5190, 5195, 5194, -1,
      5190, 5194, 5178, -1,
      5178, 5194, 221, -1,
      221, 5194, 220, -1,
      5204, 5205, 5206, -1,
      5206, 5205, 5207, -1,
      5204, 5206, 5208, -1,
      5204, 5208, 5209, -1,
      5209, 5208, 5210, -1,
      5209, 5210, 5211, -1,
      5211, 5210, 5212, -1,
      5211, 5212, 5213, -1,
      5213, 5212, 5214, -1,
      5213, 5214, 5215, -1,
      5215, 5214, 5216, -1,
      5215, 5216, 5217, -1,
      5217, 5216, 5218, -1,
      5217, 5218, 5219, -1,
      5219, 5218, 5220, -1,
      5219, 5220, 5221, -1,
      5222, 5221, 5223, -1,
      5223, 5221, 5220, -1,
      5222, 5223, 5224, -1,
      5222, 5224, 5225, -1,
      5225, 5224, 5226, -1,
      5225, 5226, 5227, -1,
      5227, 5226, 5228, -1,
      5227, 5228, 5229, -1,
      5229, 5228, 5230, -1,
      5229, 5230, 5231, -1,
      5231, 5230, 5232, -1,
      5231, 5232, 5233, -1,
      5233, 5232, 5234, -1,
      5233, 5234, 5235, -1,
      5235, 5234, 5236, -1,
      5235, 5236, 5237, -1,
      5238, 5237, 5239, -1,
      5239, 5237, 5236, -1,
      5238, 5239, 5240, -1,
      5238, 5240, 5241, -1,
      5241, 5240, 5242, -1,
      5241, 5242, 5243, -1,
      5243, 5242, 5244, -1,
      5243, 5244, 5245, -1,
      5245, 5244, 5246, -1,
      5245, 5246, 5247, -1,
      5248, 5247, 5249, -1,
      5249, 5247, 5246, -1,
      5248, 5249, 5250, -1,
      5250, 5249, 5251, -1,
      5250, 5251, 5252, -1,
      5252, 5251, 5253, -1,
      5252, 5253, 5254, -1,
      5254, 5253, 5255, -1,
      5254, 5255, 5256, -1,
      5256, 5255, 5257, -1,
      5258, 5256, 5259, -1,
      5259, 5256, 5257, -1,
      5260, 5261, 5262, -1,
      5262, 5261, 5263, -1,
      5262, 5263, 5264, -1,
      5264, 5263, 5265, -1,
      5264, 5265, 5266, -1,
      5266, 5265, 5267, -1,
      5266, 5267, 5205, -1,
      5205, 5267, 5207, -1,
      5258, 5259, 5268, -1,
      5258, 5268, 5269, -1,
      5269, 5268, 5270, -1,
      5269, 5270, 5271, -1,
      5271, 5270, 5272, -1,
      5271, 5272, 5273, -1,
      5273, 5272, 5274, -1,
      5273, 5274, 5275, -1,
      542, 562, 563, -1,
      542, 563, 541, -1,
      541, 563, 564, -1,
      541, 564, 540, -1,
      540, 564, 567, -1,
      540, 567, 543, -1,
      543, 567, 566, -1,
      543, 566, 544, -1,
      5261, 5260, 565, -1,
      565, 5260, 545, -1,
      565, 545, 566, -1,
      566, 545, 544, -1,
      559, 580, 581, -1,
      559, 581, 556, -1,
      556, 581, 583, -1,
      556, 583, 557, -1,
      557, 583, 582, -1,
      557, 582, 560, -1,
      560, 582, 578, -1,
      560, 578, 561, -1,
      561, 578, 577, -1,
      561, 577, 555, -1,
      555, 577, 576, -1,
      555, 576, 554, -1,
      554, 576, 575, -1,
      554, 575, 553, -1,
      580, 559, 579, -1,
      579, 559, 558, -1,
      579, 558, 570, -1,
      570, 558, 547, -1,
      570, 547, 571, -1,
      571, 547, 546, -1,
      549, 568, 550, -1,
      550, 568, 574, -1,
      550, 574, 551, -1,
      551, 574, 573, -1,
      551, 573, 552, -1,
      552, 573, 572, -1,
      552, 572, 546, -1,
      546, 572, 571, -1,
      568, 549, 569, -1,
      569, 549, 548, -1,
      569, 548, 5274, -1,
      5274, 548, 5275, -1,
      5240, 5239, 1830, -1,
      5257, 5255, 1712, -1,
      5261, 565, 1821, -1,
      1830, 5239, 1828, -1,
      1828, 5239, 5236, -1,
      1828, 5236, 1826, -1,
      1824, 5267, 5265, -1,
      1712, 569, 5274, -1,
      1824, 5265, 1821, -1,
      1821, 5265, 5263, -1,
      1821, 5263, 5261, -1,
      5255, 5253, 1712, -1,
      1712, 5253, 5251, -1,
      1712, 5251, 1832, -1,
      1832, 5251, 5249, -1,
      5249, 5246, 1832, -1,
      1832, 5246, 5244, -1,
      1832, 5244, 1830, -1,
      1830, 5244, 5242, -1,
      1830, 5242, 5240, -1,
      5232, 5230, 5207, -1,
      5257, 1712, 5259, -1,
      5259, 1712, 5274, -1,
      5259, 5274, 5268, -1,
      5268, 5274, 5272, -1,
      5268, 5272, 5270, -1,
      1824, 1826, 5267, -1,
      5267, 1826, 5236, -1,
      5267, 5236, 5207, -1,
      5207, 5236, 5234, -1,
      5207, 5234, 5232, -1,
      5216, 5214, 5206, -1,
      5230, 5228, 5207, -1,
      5207, 5228, 5226, -1,
      5207, 5226, 5224, -1,
      5224, 5223, 5207, -1,
      5207, 5223, 5220, -1,
      5207, 5220, 5206, -1,
      5206, 5220, 5218, -1,
      5206, 5218, 5216, -1,
      5214, 5212, 5206, -1,
      5206, 5212, 5210, -1,
      5206, 5210, 5208, -1,
      5275, 548, 1715, -1,
      5237, 5238, 1841, -1,
      1841, 1839, 5237, -1,
      5237, 1839, 1837, -1,
      5237, 1837, 1835, -1,
      5245, 1843, 5243, -1,
      5243, 1843, 1841, -1,
      5243, 1841, 5241, -1,
      5241, 1841, 5238, -1,
      5245, 5247, 1843, -1,
      1843, 5247, 5248, -1,
      1843, 5248, 1715, -1,
      1715, 5248, 5250, -1,
      1715, 5250, 5252, -1,
      5252, 5254, 1715, -1,
      1715, 5254, 5256, -1,
      1715, 5256, 5275, -1,
      5262, 5264, 1835, -1,
      1835, 5264, 5266, -1,
      1835, 5266, 5237, -1,
      5237, 5266, 5205, -1,
      5237, 5205, 5204, -1,
      5262, 1835, 5260, -1,
      5260, 1835, 1834, -1,
      5260, 1834, 545, -1,
      5256, 5258, 5275, -1,
      5275, 5258, 5269, -1,
      5275, 5269, 5273, -1,
      5273, 5269, 5271, -1,
      5227, 5229, 5237, -1,
      5204, 5209, 5221, -1,
      5221, 5209, 5211, -1,
      5221, 5211, 5213, -1,
      5213, 5215, 5221, -1,
      5221, 5215, 5217, -1,
      5221, 5217, 5219, -1,
      5227, 5237, 5225, -1,
      5204, 5221, 5237, -1,
      5237, 5221, 5222, -1,
      5237, 5222, 5225, -1,
      5229, 5231, 5237, -1,
      5237, 5231, 5233, -1,
      5237, 5233, 5235, -1,
      1917, 1946, 558, -1,
      558, 1946, 547, -1,
      570, 1944, 579, -1,
      579, 1944, 1915, -1,
      5276, 5277, 5278, -1,
      5278, 5277, 5279, -1,
      5280, 5278, 5281, -1,
      5281, 5278, 5282, -1,
      5279, 281, 5278, -1,
      5278, 281, 278, -1,
      5278, 278, 5282, -1,
      5283, 5284, 5279, -1,
      5279, 5284, 5285, -1,
      5279, 5285, 281, -1,
      5286, 5277, 5287, -1,
      5287, 5277, 5288, -1,
      5276, 279, 5277, -1,
      5277, 279, 280, -1,
      5277, 280, 5288, -1,
      5289, 5290, 5276, -1,
      5276, 5290, 5291, -1,
      5276, 5291, 279, -1,
      5276, 5278, 5280, -1,
      5276, 5280, 5289, -1,
      5289, 5280, 5281, -1,
      5289, 5281, 5290, -1,
      5290, 5281, 5282, -1,
      5290, 5282, 5291, -1,
      5291, 5282, 278, -1,
      5291, 278, 279, -1,
      280, 281, 5285, -1,
      280, 5285, 5288, -1,
      5288, 5285, 5284, -1,
      5288, 5284, 5287, -1,
      5287, 5284, 5283, -1,
      5287, 5283, 5286, -1,
      5286, 5283, 5279, -1,
      5286, 5279, 5277, -1,
      217, 218, 5292, -1,
      5292, 218, 5293, -1,
      5294, 5295, 5296, -1,
      5297, 5298, 5293, -1,
      5297, 5293, 5296, -1,
      5296, 5293, 5299, -1,
      5296, 5299, 5294, -1,
      5295, 5300, 5296, -1,
      5296, 5300, 5301, -1,
      5296, 5301, 5302, -1,
      5298, 5303, 5293, -1,
      5293, 5303, 5304, -1,
      5293, 5304, 5292, -1,
      5305, 5306, 5307, -1,
      219, 216, 5307, -1,
      5307, 216, 5308, -1,
      5307, 5308, 5309, -1,
      5309, 5310, 5307, -1,
      5307, 5310, 5311, -1,
      5307, 5311, 5305, -1,
      5312, 5313, 5306, -1,
      5306, 5313, 5314, -1,
      5306, 5314, 5315, -1,
      5315, 5316, 5306, -1,
      5306, 5316, 5317, -1,
      5306, 5317, 5307, -1,
      5307, 5293, 219, -1,
      219, 5293, 218, -1,
      5293, 5307, 5317, -1,
      5293, 5317, 5299, -1,
      5299, 5317, 5316, -1,
      5299, 5316, 5294, -1,
      5294, 5316, 5315, -1,
      5294, 5315, 5295, -1,
      5295, 5315, 5314, -1,
      5295, 5314, 5300, -1,
      5300, 5314, 5313, -1,
      5300, 5313, 5301, -1,
      5301, 5313, 5312, -1,
      5301, 5312, 5302, -1,
      5302, 5312, 5306, -1,
      5302, 5306, 5296, -1,
      5296, 5306, 5305, -1,
      5296, 5305, 5297, -1,
      5297, 5305, 5311, -1,
      5297, 5311, 5298, -1,
      5298, 5311, 5310, -1,
      5298, 5310, 5303, -1,
      5303, 5310, 5309, -1,
      5303, 5309, 5304, -1,
      5304, 5309, 5308, -1,
      5304, 5308, 5292, -1,
      5292, 5308, 217, -1,
      217, 5308, 216, -1,
      5318, 5319, 5320, -1,
      5320, 5319, 5321, -1,
      5318, 5320, 5322, -1,
      5318, 5322, 5323, -1,
      5323, 5322, 5324, -1,
      5323, 5324, 5325, -1,
      5325, 5324, 5326, -1,
      5325, 5326, 5327, -1,
      5327, 5326, 5328, -1,
      5327, 5328, 5329, -1,
      5329, 5328, 5330, -1,
      5329, 5330, 5331, -1,
      5331, 5330, 5332, -1,
      5331, 5332, 5333, -1,
      5333, 5332, 5334, -1,
      5333, 5334, 5335, -1,
      5336, 5335, 5337, -1,
      5337, 5335, 5334, -1,
      5336, 5337, 5338, -1,
      5336, 5338, 5339, -1,
      5339, 5338, 5340, -1,
      5339, 5340, 5341, -1,
      5341, 5340, 5342, -1,
      5341, 5342, 5343, -1,
      5343, 5342, 5344, -1,
      5343, 5344, 5345, -1,
      5345, 5344, 5346, -1,
      5345, 5346, 5347, -1,
      5347, 5346, 5348, -1,
      5347, 5348, 5349, -1,
      5349, 5348, 5350, -1,
      5349, 5350, 5351, -1,
      5352, 5351, 5353, -1,
      5353, 5351, 5350, -1,
      5352, 5353, 5354, -1,
      5352, 5354, 5355, -1,
      5355, 5354, 5356, -1,
      5355, 5356, 5357, -1,
      5357, 5356, 5358, -1,
      5357, 5358, 5359, -1,
      5359, 5358, 5360, -1,
      5359, 5360, 5361, -1,
      5362, 5361, 5363, -1,
      5363, 5361, 5360, -1,
      5362, 5363, 5364, -1,
      5364, 5363, 5365, -1,
      5364, 5365, 5366, -1,
      5366, 5365, 5367, -1,
      5366, 5367, 5368, -1,
      5368, 5367, 5369, -1,
      5368, 5369, 5370, -1,
      5370, 5369, 5371, -1,
      5372, 5370, 5373, -1,
      5373, 5370, 5371, -1,
      5374, 5375, 5376, -1,
      5376, 5375, 5377, -1,
      5376, 5377, 5378, -1,
      5378, 5377, 5379, -1,
      5378, 5379, 5380, -1,
      5380, 5379, 5381, -1,
      5380, 5381, 5319, -1,
      5319, 5381, 5321, -1,
      5372, 5373, 5382, -1,
      5372, 5382, 5383, -1,
      5383, 5382, 5384, -1,
      5383, 5384, 5385, -1,
      5385, 5384, 5386, -1,
      5385, 5386, 5387, -1,
      5387, 5386, 5388, -1,
      5387, 5388, 5389, -1,
      498, 518, 519, -1,
      498, 519, 497, -1,
      497, 519, 520, -1,
      497, 520, 496, -1,
      496, 520, 523, -1,
      496, 523, 499, -1,
      499, 523, 522, -1,
      499, 522, 500, -1,
      5375, 5374, 521, -1,
      521, 5374, 501, -1,
      521, 501, 522, -1,
      522, 501, 500, -1,
      517, 538, 539, -1,
      517, 539, 509, -1,
      509, 539, 536, -1,
      509, 536, 510, -1,
      510, 536, 535, -1,
      510, 535, 511, -1,
      511, 535, 534, -1,
      511, 534, 512, -1,
      512, 534, 531, -1,
      512, 531, 513, -1,
      513, 531, 532, -1,
      513, 532, 514, -1,
      514, 532, 533, -1,
      514, 533, 515, -1,
      538, 517, 537, -1,
      537, 517, 516, -1,
      537, 516, 526, -1,
      526, 516, 503, -1,
      526, 503, 527, -1,
      527, 503, 502, -1,
      505, 524, 506, -1,
      506, 524, 530, -1,
      506, 530, 507, -1,
      507, 530, 529, -1,
      507, 529, 508, -1,
      508, 529, 528, -1,
      508, 528, 502, -1,
      502, 528, 527, -1,
      524, 505, 525, -1,
      525, 505, 504, -1,
      525, 504, 5388, -1,
      5388, 504, 5389, -1,
      1838, 1840, 5350, -1,
      5371, 5369, 1714, -1,
      5375, 521, 1833, -1,
      5350, 1840, 5353, -1,
      5353, 1840, 1842, -1,
      5353, 1842, 5354, -1,
      1836, 5381, 5379, -1,
      1714, 525, 5388, -1,
      1836, 5379, 1833, -1,
      1833, 5379, 5377, -1,
      1833, 5377, 5375, -1,
      5369, 5367, 1714, -1,
      1714, 5367, 5365, -1,
      1714, 5365, 1844, -1,
      1844, 5365, 5363, -1,
      5363, 5360, 1844, -1,
      1844, 5360, 5358, -1,
      1844, 5358, 1842, -1,
      1842, 5358, 5356, -1,
      1842, 5356, 5354, -1,
      5346, 5344, 5321, -1,
      5371, 1714, 5373, -1,
      5373, 1714, 5388, -1,
      5373, 5388, 5382, -1,
      5382, 5388, 5386, -1,
      5382, 5386, 5384, -1,
      1836, 1838, 5381, -1,
      5381, 1838, 5350, -1,
      5381, 5350, 5321, -1,
      5321, 5350, 5348, -1,
      5321, 5348, 5346, -1,
      5330, 5328, 5320, -1,
      5344, 5342, 5321, -1,
      5321, 5342, 5340, -1,
      5321, 5340, 5338, -1,
      5338, 5337, 5321, -1,
      5321, 5337, 5334, -1,
      5321, 5334, 5320, -1,
      5320, 5334, 5332, -1,
      5320, 5332, 5330, -1,
      5328, 5326, 5320, -1,
      5320, 5326, 5324, -1,
      5320, 5324, 5322, -1,
      5389, 504, 1717, -1,
      5351, 5352, 1853, -1,
      1853, 1851, 5351, -1,
      5351, 1851, 1849, -1,
      5351, 1849, 1847, -1,
      5359, 1855, 5357, -1,
      5357, 1855, 1853, -1,
      5357, 1853, 5355, -1,
      5355, 1853, 5352, -1,
      5359, 5361, 1855, -1,
      1855, 5361, 5362, -1,
      1855, 5362, 1717, -1,
      1717, 5362, 5364, -1,
      1717, 5364, 5366, -1,
      5366, 5368, 1717, -1,
      1717, 5368, 5370, -1,
      1717, 5370, 5389, -1,
      5376, 5378, 1847, -1,
      1847, 5378, 5380, -1,
      1847, 5380, 5351, -1,
      5351, 5380, 5319, -1,
      5351, 5319, 5318, -1,
      5376, 1847, 5374, -1,
      5374, 1847, 1846, -1,
      5374, 1846, 501, -1,
      5370, 5372, 5389, -1,
      5389, 5372, 5383, -1,
      5389, 5383, 5387, -1,
      5387, 5383, 5385, -1,
      5341, 5343, 5351, -1,
      5318, 5323, 5335, -1,
      5335, 5323, 5325, -1,
      5335, 5325, 5327, -1,
      5327, 5329, 5335, -1,
      5335, 5329, 5331, -1,
      5335, 5331, 5333, -1,
      5341, 5351, 5339, -1,
      5318, 5335, 5351, -1,
      5351, 5335, 5336, -1,
      5351, 5336, 5339, -1,
      5343, 5345, 5351, -1,
      5351, 5345, 5347, -1,
      5351, 5347, 5349, -1,
      1920, 1949, 516, -1,
      516, 1949, 503, -1,
      526, 1947, 537, -1,
      537, 1947, 1918, -1,
      5390, 5391, 5392, -1,
      5392, 5391, 5393, -1,
      5394, 5392, 5395, -1,
      5395, 5392, 5396, -1,
      5393, 277, 5392, -1,
      5392, 277, 274, -1,
      5392, 274, 5396, -1,
      5397, 5398, 5393, -1,
      5393, 5398, 5399, -1,
      5393, 5399, 277, -1,
      5400, 5391, 5401, -1,
      5401, 5391, 5402, -1,
      5390, 275, 5391, -1,
      5391, 275, 276, -1,
      5391, 276, 5402, -1,
      5403, 5404, 5390, -1,
      5390, 5404, 5405, -1,
      5390, 5405, 275, -1,
      5390, 5392, 5394, -1,
      5390, 5394, 5403, -1,
      5403, 5394, 5395, -1,
      5403, 5395, 5404, -1,
      5404, 5395, 5396, -1,
      5404, 5396, 5405, -1,
      5405, 5396, 274, -1,
      5405, 274, 275, -1,
      276, 277, 5399, -1,
      276, 5399, 5402, -1,
      5402, 5399, 5398, -1,
      5402, 5398, 5401, -1,
      5401, 5398, 5397, -1,
      5401, 5397, 5400, -1,
      5400, 5397, 5393, -1,
      5400, 5393, 5391, -1,
      213, 214, 5406, -1,
      5406, 214, 5407, -1,
      5408, 5409, 5410, -1,
      5411, 5412, 5407, -1,
      5411, 5407, 5410, -1,
      5410, 5407, 5413, -1,
      5410, 5413, 5408, -1,
      5409, 5414, 5410, -1,
      5410, 5414, 5415, -1,
      5410, 5415, 5416, -1,
      5412, 5417, 5407, -1,
      5407, 5417, 5418, -1,
      5407, 5418, 5406, -1,
      5419, 5420, 5421, -1,
      215, 212, 5421, -1,
      5421, 212, 5422, -1,
      5421, 5422, 5423, -1,
      5423, 5424, 5421, -1,
      5421, 5424, 5425, -1,
      5421, 5425, 5419, -1,
      5426, 5427, 5420, -1,
      5420, 5427, 5428, -1,
      5420, 5428, 5429, -1,
      5429, 5430, 5420, -1,
      5420, 5430, 5431, -1,
      5420, 5431, 5421, -1,
      5421, 5407, 215, -1,
      215, 5407, 214, -1,
      5407, 5421, 5431, -1,
      5407, 5431, 5413, -1,
      5413, 5431, 5430, -1,
      5413, 5430, 5408, -1,
      5408, 5430, 5429, -1,
      5408, 5429, 5409, -1,
      5409, 5429, 5428, -1,
      5409, 5428, 5414, -1,
      5414, 5428, 5427, -1,
      5414, 5427, 5415, -1,
      5415, 5427, 5426, -1,
      5415, 5426, 5416, -1,
      5416, 5426, 5420, -1,
      5416, 5420, 5410, -1,
      5410, 5420, 5419, -1,
      5410, 5419, 5411, -1,
      5411, 5419, 5425, -1,
      5411, 5425, 5412, -1,
      5412, 5425, 5424, -1,
      5412, 5424, 5417, -1,
      5417, 5424, 5423, -1,
      5417, 5423, 5418, -1,
      5418, 5423, 5422, -1,
      5418, 5422, 5406, -1,
      5406, 5422, 213, -1,
      213, 5422, 212, -1,
      5432, 5433, 5434, -1,
      5434, 5433, 5435, -1,
      5432, 5434, 5436, -1,
      5432, 5436, 5437, -1,
      5437, 5436, 5438, -1,
      5437, 5438, 5439, -1,
      5439, 5438, 5440, -1,
      5439, 5440, 5441, -1,
      5441, 5440, 5442, -1,
      5441, 5442, 5443, -1,
      5443, 5442, 5444, -1,
      5443, 5444, 5445, -1,
      5445, 5444, 5446, -1,
      5445, 5446, 5447, -1,
      5447, 5446, 5448, -1,
      5447, 5448, 5449, -1,
      5450, 5449, 5451, -1,
      5451, 5449, 5448, -1,
      5450, 5451, 5452, -1,
      5450, 5452, 5453, -1,
      5453, 5452, 5454, -1,
      5453, 5454, 5455, -1,
      5455, 5454, 5456, -1,
      5455, 5456, 5457, -1,
      5457, 5456, 5458, -1,
      5457, 5458, 5459, -1,
      5459, 5458, 5460, -1,
      5459, 5460, 5461, -1,
      5461, 5460, 5462, -1,
      5461, 5462, 5463, -1,
      5463, 5462, 5464, -1,
      5463, 5464, 5465, -1,
      5466, 5465, 5467, -1,
      5467, 5465, 5464, -1,
      5466, 5467, 5468, -1,
      5466, 5468, 5469, -1,
      5469, 5468, 5470, -1,
      5469, 5470, 5471, -1,
      5471, 5470, 5472, -1,
      5471, 5472, 5473, -1,
      5473, 5472, 5474, -1,
      5473, 5474, 5475, -1,
      5476, 5475, 5477, -1,
      5477, 5475, 5474, -1,
      5476, 5477, 5478, -1,
      5478, 5477, 5479, -1,
      5478, 5479, 5480, -1,
      5480, 5479, 5481, -1,
      5480, 5481, 5482, -1,
      5482, 5481, 5483, -1,
      5482, 5483, 5484, -1,
      5484, 5483, 5485, -1,
      5486, 5484, 5487, -1,
      5487, 5484, 5485, -1,
      5488, 5489, 5490, -1,
      5490, 5489, 5491, -1,
      5490, 5491, 5492, -1,
      5492, 5491, 5493, -1,
      5492, 5493, 5494, -1,
      5494, 5493, 5495, -1,
      5494, 5495, 5433, -1,
      5433, 5495, 5435, -1,
      5486, 5487, 5496, -1,
      5486, 5496, 5497, -1,
      5497, 5496, 5498, -1,
      5497, 5498, 5499, -1,
      5499, 5498, 5500, -1,
      5499, 5500, 5501, -1,
      5501, 5500, 5502, -1,
      5501, 5502, 5503, -1,
      454, 474, 475, -1,
      454, 475, 453, -1,
      453, 475, 476, -1,
      453, 476, 452, -1,
      452, 476, 479, -1,
      452, 479, 455, -1,
      455, 479, 478, -1,
      455, 478, 456, -1,
      5489, 5488, 477, -1,
      477, 5488, 457, -1,
      477, 457, 478, -1,
      478, 457, 456, -1,
      473, 494, 495, -1,
      473, 495, 465, -1,
      465, 495, 492, -1,
      465, 492, 466, -1,
      466, 492, 491, -1,
      466, 491, 467, -1,
      467, 491, 490, -1,
      467, 490, 468, -1,
      468, 490, 487, -1,
      468, 487, 469, -1,
      469, 487, 488, -1,
      469, 488, 470, -1,
      470, 488, 489, -1,
      470, 489, 471, -1,
      494, 473, 493, -1,
      493, 473, 472, -1,
      493, 472, 482, -1,
      482, 472, 459, -1,
      482, 459, 483, -1,
      483, 459, 458, -1,
      461, 480, 462, -1,
      462, 480, 486, -1,
      462, 486, 463, -1,
      463, 486, 485, -1,
      463, 485, 464, -1,
      464, 485, 484, -1,
      464, 484, 458, -1,
      458, 484, 483, -1,
      480, 461, 481, -1,
      481, 461, 460, -1,
      481, 460, 5502, -1,
      5502, 460, 5503, -1,
      1850, 1852, 5464, -1,
      5489, 477, 1845, -1,
      5485, 5483, 1716, -1,
      1848, 5495, 5493, -1,
      5464, 1852, 5467, -1,
      5467, 1852, 1854, -1,
      5467, 1854, 5468, -1,
      1848, 5493, 1845, -1,
      1845, 5493, 5491, -1,
      1845, 5491, 5489, -1,
      1716, 481, 5502, -1,
      5483, 5481, 1716, -1,
      1716, 5481, 5479, -1,
      1716, 5479, 1856, -1,
      1856, 5479, 5477, -1,
      5477, 5474, 1856, -1,
      1856, 5474, 5472, -1,
      1856, 5472, 1854, -1,
      1854, 5472, 5470, -1,
      1854, 5470, 5468, -1,
      5460, 5458, 5435, -1,
      5485, 1716, 5487, -1,
      5487, 1716, 5502, -1,
      5487, 5502, 5496, -1,
      5496, 5502, 5500, -1,
      5496, 5500, 5498, -1,
      1848, 1850, 5495, -1,
      5495, 1850, 5464, -1,
      5495, 5464, 5435, -1,
      5435, 5464, 5462, -1,
      5435, 5462, 5460, -1,
      5444, 5442, 5434, -1,
      5458, 5456, 5435, -1,
      5435, 5456, 5454, -1,
      5435, 5454, 5452, -1,
      5452, 5451, 5435, -1,
      5435, 5451, 5448, -1,
      5435, 5448, 5434, -1,
      5434, 5448, 5446, -1,
      5434, 5446, 5444, -1,
      5442, 5440, 5434, -1,
      5434, 5440, 5438, -1,
      5434, 5438, 5436, -1,
      5503, 460, 1719, -1,
      5465, 5466, 1865, -1,
      1865, 1863, 5465, -1,
      5465, 1863, 1861, -1,
      5465, 1861, 1859, -1,
      5473, 1867, 5471, -1,
      5471, 1867, 1865, -1,
      5471, 1865, 5469, -1,
      5469, 1865, 5466, -1,
      5473, 5475, 1867, -1,
      1867, 5475, 5476, -1,
      1867, 5476, 1719, -1,
      1719, 5476, 5478, -1,
      1719, 5478, 5480, -1,
      5480, 5482, 1719, -1,
      1719, 5482, 5484, -1,
      1719, 5484, 5503, -1,
      5490, 5492, 1859, -1,
      1859, 5492, 5494, -1,
      1859, 5494, 5465, -1,
      5465, 5494, 5433, -1,
      5465, 5433, 5432, -1,
      5490, 1859, 5488, -1,
      5488, 1859, 1858, -1,
      5488, 1858, 457, -1,
      5484, 5486, 5503, -1,
      5503, 5486, 5497, -1,
      5503, 5497, 5501, -1,
      5501, 5497, 5499, -1,
      5455, 5457, 5465, -1,
      5432, 5437, 5449, -1,
      5449, 5437, 5439, -1,
      5449, 5439, 5441, -1,
      5441, 5443, 5449, -1,
      5449, 5443, 5445, -1,
      5449, 5445, 5447, -1,
      5455, 5465, 5453, -1,
      5432, 5449, 5465, -1,
      5465, 5449, 5450, -1,
      5465, 5450, 5453, -1,
      5457, 5459, 5465, -1,
      5465, 5459, 5461, -1,
      5465, 5461, 5463, -1,
      1922, 1951, 472, -1,
      472, 1951, 459, -1,
      482, 1948, 493, -1,
      493, 1948, 1919, -1,
      5504, 5505, 5506, -1,
      5506, 5505, 5507, -1,
      5508, 5506, 5509, -1,
      5509, 5506, 5510, -1,
      5507, 273, 5506, -1,
      5506, 273, 270, -1,
      5506, 270, 5510, -1,
      5511, 5512, 5507, -1,
      5507, 5512, 5513, -1,
      5507, 5513, 273, -1,
      5514, 5505, 5515, -1,
      5515, 5505, 5516, -1,
      5504, 271, 5505, -1,
      5505, 271, 272, -1,
      5505, 272, 5516, -1,
      5517, 5518, 5504, -1,
      5504, 5518, 5519, -1,
      5504, 5519, 271, -1,
      5504, 5506, 5508, -1,
      5504, 5508, 5517, -1,
      5517, 5508, 5509, -1,
      5517, 5509, 5518, -1,
      5518, 5509, 5510, -1,
      5518, 5510, 5519, -1,
      5519, 5510, 270, -1,
      5519, 270, 271, -1,
      272, 273, 5513, -1,
      272, 5513, 5516, -1,
      5516, 5513, 5512, -1,
      5516, 5512, 5515, -1,
      5515, 5512, 5511, -1,
      5515, 5511, 5514, -1,
      5514, 5511, 5507, -1,
      5514, 5507, 5505, -1,
      209, 210, 5520, -1,
      5520, 210, 5521, -1,
      5522, 5523, 5524, -1,
      5525, 5526, 5521, -1,
      5525, 5521, 5524, -1,
      5524, 5521, 5527, -1,
      5524, 5527, 5522, -1,
      5523, 5528, 5524, -1,
      5524, 5528, 5529, -1,
      5524, 5529, 5530, -1,
      5526, 5531, 5521, -1,
      5521, 5531, 5532, -1,
      5521, 5532, 5520, -1,
      5533, 5534, 5535, -1,
      211, 208, 5535, -1,
      5535, 208, 5536, -1,
      5535, 5536, 5537, -1,
      5537, 5538, 5535, -1,
      5535, 5538, 5539, -1,
      5535, 5539, 5533, -1,
      5540, 5541, 5534, -1,
      5534, 5541, 5542, -1,
      5534, 5542, 5543, -1,
      5543, 5544, 5534, -1,
      5534, 5544, 5545, -1,
      5534, 5545, 5535, -1,
      5535, 5521, 211, -1,
      211, 5521, 210, -1,
      5521, 5535, 5545, -1,
      5521, 5545, 5527, -1,
      5527, 5545, 5544, -1,
      5527, 5544, 5522, -1,
      5522, 5544, 5543, -1,
      5522, 5543, 5523, -1,
      5523, 5543, 5542, -1,
      5523, 5542, 5528, -1,
      5528, 5542, 5541, -1,
      5528, 5541, 5529, -1,
      5529, 5541, 5540, -1,
      5529, 5540, 5530, -1,
      5530, 5540, 5534, -1,
      5530, 5534, 5524, -1,
      5524, 5534, 5533, -1,
      5524, 5533, 5525, -1,
      5525, 5533, 5539, -1,
      5525, 5539, 5526, -1,
      5526, 5539, 5538, -1,
      5526, 5538, 5531, -1,
      5531, 5538, 5537, -1,
      5531, 5537, 5532, -1,
      5532, 5537, 5536, -1,
      5532, 5536, 5520, -1,
      5520, 5536, 209, -1,
      209, 5536, 208, -1,
      5546, 5547, 5548, -1,
      5548, 5547, 5549, -1,
      5546, 5548, 5550, -1,
      5546, 5550, 5551, -1,
      5551, 5550, 5552, -1,
      5551, 5552, 5553, -1,
      5553, 5552, 5554, -1,
      5553, 5554, 5555, -1,
      5555, 5554, 5556, -1,
      5555, 5556, 5557, -1,
      5557, 5556, 5558, -1,
      5557, 5558, 5559, -1,
      5559, 5558, 5560, -1,
      5559, 5560, 5561, -1,
      5561, 5560, 5562, -1,
      5561, 5562, 5563, -1,
      5564, 5563, 5565, -1,
      5565, 5563, 5562, -1,
      5564, 5565, 5566, -1,
      5564, 5566, 5567, -1,
      5567, 5566, 5568, -1,
      5567, 5568, 5569, -1,
      5569, 5568, 5570, -1,
      5569, 5570, 5571, -1,
      5571, 5570, 5572, -1,
      5571, 5572, 5573, -1,
      5573, 5572, 5574, -1,
      5573, 5574, 5575, -1,
      5575, 5574, 5576, -1,
      5575, 5576, 5577, -1,
      5577, 5576, 5578, -1,
      5577, 5578, 5579, -1,
      5580, 5579, 5581, -1,
      5581, 5579, 5578, -1,
      5580, 5581, 5582, -1,
      5580, 5582, 5583, -1,
      5583, 5582, 5584, -1,
      5583, 5584, 5585, -1,
      5585, 5584, 5586, -1,
      5585, 5586, 5587, -1,
      5587, 5586, 5588, -1,
      5587, 5588, 5589, -1,
      5590, 5589, 5591, -1,
      5591, 5589, 5588, -1,
      5590, 5591, 5592, -1,
      5592, 5591, 5593, -1,
      5592, 5593, 5594, -1,
      5594, 5593, 5595, -1,
      5594, 5595, 5596, -1,
      5596, 5595, 5597, -1,
      5596, 5597, 5598, -1,
      5598, 5597, 5599, -1,
      5600, 5598, 5601, -1,
      5601, 5598, 5599, -1,
      5602, 5603, 5604, -1,
      5604, 5603, 5605, -1,
      5604, 5605, 5606, -1,
      5606, 5605, 5607, -1,
      5606, 5607, 5608, -1,
      5608, 5607, 5609, -1,
      5608, 5609, 5547, -1,
      5547, 5609, 5549, -1,
      5600, 5601, 5610, -1,
      5600, 5610, 5611, -1,
      5611, 5610, 5612, -1,
      5611, 5612, 5613, -1,
      5613, 5612, 5614, -1,
      5613, 5614, 5615, -1,
      5615, 5614, 5616, -1,
      5615, 5616, 5617, -1,
      410, 430, 431, -1,
      410, 431, 409, -1,
      409, 431, 432, -1,
      409, 432, 408, -1,
      408, 432, 435, -1,
      408, 435, 411, -1,
      411, 435, 434, -1,
      411, 434, 412, -1,
      5603, 5602, 433, -1,
      433, 5602, 413, -1,
      433, 413, 434, -1,
      434, 413, 412, -1,
      429, 450, 451, -1,
      429, 451, 421, -1,
      421, 451, 448, -1,
      421, 448, 422, -1,
      422, 448, 447, -1,
      422, 447, 423, -1,
      423, 447, 446, -1,
      423, 446, 424, -1,
      424, 446, 443, -1,
      424, 443, 425, -1,
      425, 443, 444, -1,
      425, 444, 426, -1,
      426, 444, 445, -1,
      426, 445, 427, -1,
      450, 429, 449, -1,
      449, 429, 428, -1,
      449, 428, 438, -1,
      438, 428, 415, -1,
      438, 415, 439, -1,
      439, 415, 414, -1,
      417, 436, 418, -1,
      418, 436, 442, -1,
      418, 442, 419, -1,
      419, 442, 441, -1,
      419, 441, 420, -1,
      420, 441, 440, -1,
      420, 440, 414, -1,
      414, 440, 439, -1,
      436, 417, 437, -1,
      437, 417, 416, -1,
      437, 416, 5616, -1,
      5616, 416, 5617, -1,
      1862, 1864, 5578, -1,
      5603, 433, 1857, -1,
      5599, 5597, 1718, -1,
      1860, 5609, 5607, -1,
      5578, 1864, 5581, -1,
      5581, 1864, 1866, -1,
      5581, 1866, 5582, -1,
      1860, 5607, 1857, -1,
      1857, 5607, 5605, -1,
      1857, 5605, 5603, -1,
      1718, 437, 5616, -1,
      5597, 5595, 1718, -1,
      1718, 5595, 5593, -1,
      1718, 5593, 1868, -1,
      1868, 5593, 5591, -1,
      5591, 5588, 1868, -1,
      1868, 5588, 5586, -1,
      1868, 5586, 1866, -1,
      1866, 5586, 5584, -1,
      1866, 5584, 5582, -1,
      5574, 5572, 5549, -1,
      5599, 1718, 5601, -1,
      5601, 1718, 5616, -1,
      5601, 5616, 5610, -1,
      5610, 5616, 5614, -1,
      5610, 5614, 5612, -1,
      1860, 1862, 5609, -1,
      5609, 1862, 5578, -1,
      5609, 5578, 5549, -1,
      5549, 5578, 5576, -1,
      5549, 5576, 5574, -1,
      5558, 5556, 5548, -1,
      5572, 5570, 5549, -1,
      5549, 5570, 5568, -1,
      5549, 5568, 5566, -1,
      5566, 5565, 5549, -1,
      5549, 5565, 5562, -1,
      5549, 5562, 5548, -1,
      5548, 5562, 5560, -1,
      5548, 5560, 5558, -1,
      5556, 5554, 5548, -1,
      5548, 5554, 5552, -1,
      5548, 5552, 5550, -1,
      5617, 416, 1721, -1,
      5579, 5580, 1877, -1,
      5587, 1879, 5585, -1,
      5585, 1879, 1877, -1,
      5585, 1877, 5583, -1,
      5583, 1877, 5580, -1,
      1877, 1875, 5579, -1,
      5579, 1875, 1873, -1,
      5579, 1873, 1871, -1,
      5587, 5589, 1879, -1,
      1879, 5589, 5590, -1,
      1879, 5590, 1721, -1,
      1721, 5590, 5592, -1,
      1721, 5592, 5594, -1,
      5594, 5596, 1721, -1,
      1721, 5596, 5598, -1,
      1721, 5598, 5617, -1,
      5604, 5606, 1871, -1,
      1871, 5606, 5608, -1,
      1871, 5608, 5579, -1,
      5579, 5608, 5547, -1,
      5579, 5547, 5546, -1,
      5604, 1871, 5602, -1,
      5602, 1871, 1870, -1,
      5602, 1870, 413, -1,
      5598, 5600, 5617, -1,
      5617, 5600, 5611, -1,
      5617, 5611, 5615, -1,
      5615, 5611, 5613, -1,
      5569, 5571, 5579, -1,
      5546, 5551, 5563, -1,
      5563, 5551, 5553, -1,
      5563, 5553, 5555, -1,
      5555, 5557, 5563, -1,
      5563, 5557, 5559, -1,
      5563, 5559, 5561, -1,
      5569, 5579, 5567, -1,
      5546, 5563, 5579, -1,
      5579, 5563, 5564, -1,
      5579, 5564, 5567, -1,
      5571, 5573, 5579, -1,
      5579, 5573, 5575, -1,
      5579, 5575, 5577, -1,
      1924, 1953, 428, -1,
      428, 1953, 415, -1,
      438, 1950, 449, -1,
      449, 1950, 1921, -1,
      5618, 5619, 5620, -1,
      5620, 5619, 5621, -1,
      5622, 5620, 5623, -1,
      5623, 5620, 5624, -1,
      5621, 269, 5620, -1,
      5620, 269, 266, -1,
      5620, 266, 5624, -1,
      5625, 5626, 5621, -1,
      5621, 5626, 5627, -1,
      5621, 5627, 269, -1,
      5628, 5619, 5629, -1,
      5629, 5619, 5630, -1,
      5618, 267, 5619, -1,
      5619, 267, 268, -1,
      5619, 268, 5630, -1,
      5631, 5632, 5618, -1,
      5618, 5632, 5633, -1,
      5618, 5633, 267, -1,
      5618, 5620, 5622, -1,
      5618, 5622, 5631, -1,
      5631, 5622, 5623, -1,
      5631, 5623, 5632, -1,
      5632, 5623, 5624, -1,
      5632, 5624, 5633, -1,
      5633, 5624, 266, -1,
      5633, 266, 267, -1,
      268, 269, 5627, -1,
      268, 5627, 5630, -1,
      5630, 5627, 5626, -1,
      5630, 5626, 5629, -1,
      5629, 5626, 5625, -1,
      5629, 5625, 5628, -1,
      5628, 5625, 5621, -1,
      5628, 5621, 5619, -1,
      205, 206, 5634, -1,
      5634, 206, 5635, -1,
      5636, 5637, 5638, -1,
      5639, 5640, 5635, -1,
      5639, 5635, 5638, -1,
      5638, 5635, 5641, -1,
      5638, 5641, 5636, -1,
      5637, 5642, 5638, -1,
      5638, 5642, 5643, -1,
      5638, 5643, 5644, -1,
      5640, 5645, 5635, -1,
      5635, 5645, 5646, -1,
      5635, 5646, 5634, -1,
      5647, 5648, 5649, -1,
      207, 204, 5649, -1,
      5649, 204, 5650, -1,
      5649, 5650, 5651, -1,
      5651, 5652, 5649, -1,
      5649, 5652, 5653, -1,
      5649, 5653, 5647, -1,
      5654, 5655, 5648, -1,
      5648, 5655, 5656, -1,
      5648, 5656, 5657, -1,
      5657, 5658, 5648, -1,
      5648, 5658, 5659, -1,
      5648, 5659, 5649, -1,
      5649, 5635, 207, -1,
      207, 5635, 206, -1,
      5635, 5649, 5659, -1,
      5635, 5659, 5641, -1,
      5641, 5659, 5658, -1,
      5641, 5658, 5636, -1,
      5636, 5658, 5657, -1,
      5636, 5657, 5637, -1,
      5637, 5657, 5656, -1,
      5637, 5656, 5642, -1,
      5642, 5656, 5655, -1,
      5642, 5655, 5643, -1,
      5643, 5655, 5654, -1,
      5643, 5654, 5644, -1,
      5644, 5654, 5648, -1,
      5644, 5648, 5638, -1,
      5638, 5648, 5647, -1,
      5638, 5647, 5639, -1,
      5639, 5647, 5653, -1,
      5639, 5653, 5640, -1,
      5640, 5653, 5652, -1,
      5640, 5652, 5645, -1,
      5645, 5652, 5651, -1,
      5645, 5651, 5646, -1,
      5646, 5651, 5650, -1,
      5646, 5650, 5634, -1,
      5634, 5650, 205, -1,
      205, 5650, 204, -1,
      5660, 5661, 5662, -1,
      5662, 5661, 5663, -1,
      5660, 5662, 5664, -1,
      5660, 5664, 5665, -1,
      5665, 5664, 5666, -1,
      5665, 5666, 5667, -1,
      5667, 5666, 5668, -1,
      5667, 5668, 5669, -1,
      5669, 5668, 5670, -1,
      5669, 5670, 5671, -1,
      5671, 5670, 5672, -1,
      5671, 5672, 5673, -1,
      5673, 5672, 5674, -1,
      5673, 5674, 5675, -1,
      5675, 5674, 5676, -1,
      5675, 5676, 5677, -1,
      5678, 5677, 5679, -1,
      5679, 5677, 5676, -1,
      5678, 5679, 5680, -1,
      5678, 5680, 5681, -1,
      5681, 5680, 5682, -1,
      5681, 5682, 5683, -1,
      5683, 5682, 5684, -1,
      5683, 5684, 5685, -1,
      5685, 5684, 5686, -1,
      5685, 5686, 5687, -1,
      5687, 5686, 5688, -1,
      5687, 5688, 5689, -1,
      5689, 5688, 5690, -1,
      5689, 5690, 5691, -1,
      5691, 5690, 5692, -1,
      5691, 5692, 5693, -1,
      5694, 5693, 5695, -1,
      5695, 5693, 5692, -1,
      5694, 5695, 5696, -1,
      5694, 5696, 5697, -1,
      5697, 5696, 5698, -1,
      5697, 5698, 5699, -1,
      5699, 5698, 5700, -1,
      5699, 5700, 5701, -1,
      5701, 5700, 5702, -1,
      5701, 5702, 5703, -1,
      5704, 5703, 5705, -1,
      5705, 5703, 5702, -1,
      5704, 5705, 5706, -1,
      5706, 5705, 5707, -1,
      5706, 5707, 5708, -1,
      5708, 5707, 5709, -1,
      5708, 5709, 5710, -1,
      5710, 5709, 5711, -1,
      5710, 5711, 5712, -1,
      5712, 5711, 5713, -1,
      5714, 5712, 5715, -1,
      5715, 5712, 5713, -1,
      5716, 5717, 5718, -1,
      5718, 5717, 5719, -1,
      5718, 5719, 5720, -1,
      5720, 5719, 5721, -1,
      5720, 5721, 5722, -1,
      5722, 5721, 5723, -1,
      5722, 5723, 5661, -1,
      5661, 5723, 5663, -1,
      5714, 5715, 5724, -1,
      5714, 5724, 5725, -1,
      5725, 5724, 5726, -1,
      5725, 5726, 5727, -1,
      5727, 5726, 5728, -1,
      5727, 5728, 5729, -1,
      5729, 5728, 5730, -1,
      5729, 5730, 5731, -1,
      366, 386, 387, -1,
      366, 387, 365, -1,
      365, 387, 388, -1,
      365, 388, 364, -1,
      364, 388, 391, -1,
      364, 391, 367, -1,
      367, 391, 390, -1,
      367, 390, 368, -1,
      5717, 5716, 389, -1,
      389, 5716, 369, -1,
      389, 369, 390, -1,
      390, 369, 368, -1,
      385, 406, 407, -1,
      385, 407, 377, -1,
      377, 407, 404, -1,
      377, 404, 378, -1,
      378, 404, 403, -1,
      378, 403, 379, -1,
      379, 403, 402, -1,
      379, 402, 380, -1,
      380, 402, 399, -1,
      380, 399, 381, -1,
      381, 399, 400, -1,
      381, 400, 382, -1,
      382, 400, 401, -1,
      382, 401, 383, -1,
      406, 385, 405, -1,
      405, 385, 384, -1,
      405, 384, 394, -1,
      394, 384, 371, -1,
      394, 371, 395, -1,
      395, 371, 370, -1,
      373, 392, 374, -1,
      374, 392, 398, -1,
      374, 398, 375, -1,
      375, 398, 397, -1,
      375, 397, 376, -1,
      376, 397, 396, -1,
      376, 396, 370, -1,
      370, 396, 395, -1,
      392, 373, 393, -1,
      393, 373, 372, -1,
      393, 372, 5730, -1,
      5730, 372, 5731, -1,
      5696, 5695, 1878, -1,
      5713, 5711, 1720, -1,
      5717, 389, 1869, -1,
      1878, 5695, 1876, -1,
      1876, 5695, 5692, -1,
      1876, 5692, 1874, -1,
      1872, 5723, 5721, -1,
      1720, 393, 5730, -1,
      1872, 5721, 1869, -1,
      1869, 5721, 5719, -1,
      1869, 5719, 5717, -1,
      5711, 5709, 1720, -1,
      1720, 5709, 5707, -1,
      1720, 5707, 1880, -1,
      1880, 5707, 5705, -1,
      5705, 5702, 1880, -1,
      1880, 5702, 5700, -1,
      1880, 5700, 1878, -1,
      1878, 5700, 5698, -1,
      1878, 5698, 5696, -1,
      5688, 5686, 5663, -1,
      5713, 1720, 5715, -1,
      5715, 1720, 5730, -1,
      5715, 5730, 5724, -1,
      5724, 5730, 5728, -1,
      5724, 5728, 5726, -1,
      1872, 1874, 5723, -1,
      5723, 1874, 5692, -1,
      5723, 5692, 5663, -1,
      5663, 5692, 5690, -1,
      5663, 5690, 5688, -1,
      5672, 5670, 5662, -1,
      5686, 5684, 5663, -1,
      5663, 5684, 5682, -1,
      5663, 5682, 5680, -1,
      5680, 5679, 5663, -1,
      5663, 5679, 5676, -1,
      5663, 5676, 5662, -1,
      5662, 5676, 5674, -1,
      5662, 5674, 5672, -1,
      5670, 5668, 5662, -1,
      5662, 5668, 5666, -1,
      5662, 5666, 5664, -1,
      5731, 372, 1723, -1,
      5693, 5694, 1889, -1,
      1889, 1887, 5693, -1,
      5693, 1887, 1885, -1,
      5693, 1885, 1883, -1,
      5701, 1891, 5699, -1,
      5699, 1891, 1889, -1,
      5699, 1889, 5697, -1,
      5697, 1889, 5694, -1,
      5701, 5703, 1891, -1,
      1891, 5703, 5704, -1,
      1891, 5704, 1723, -1,
      1723, 5704, 5706, -1,
      1723, 5706, 5708, -1,
      5708, 5710, 1723, -1,
      1723, 5710, 5712, -1,
      1723, 5712, 5731, -1,
      5718, 5720, 1883, -1,
      1883, 5720, 5722, -1,
      1883, 5722, 5693, -1,
      5693, 5722, 5661, -1,
      5693, 5661, 5660, -1,
      5718, 1883, 5716, -1,
      5716, 1883, 1882, -1,
      5716, 1882, 369, -1,
      5712, 5714, 5731, -1,
      5731, 5714, 5725, -1,
      5731, 5725, 5729, -1,
      5729, 5725, 5727, -1,
      5683, 5685, 5693, -1,
      5660, 5665, 5677, -1,
      5677, 5665, 5667, -1,
      5677, 5667, 5669, -1,
      5669, 5671, 5677, -1,
      5677, 5671, 5673, -1,
      5677, 5673, 5675, -1,
      5683, 5693, 5681, -1,
      5660, 5677, 5693, -1,
      5693, 5677, 5678, -1,
      5693, 5678, 5681, -1,
      5685, 5687, 5693, -1,
      5693, 5687, 5689, -1,
      5693, 5689, 5691, -1,
      1926, 1955, 384, -1,
      384, 1955, 371, -1,
      394, 1952, 405, -1,
      405, 1952, 1923, -1,
      5732, 5733, 5734, -1,
      5734, 5733, 5735, -1,
      5736, 5734, 5737, -1,
      5737, 5734, 5738, -1,
      5735, 265, 5734, -1,
      5734, 265, 262, -1,
      5734, 262, 5738, -1,
      5739, 5740, 5735, -1,
      5735, 5740, 5741, -1,
      5735, 5741, 265, -1,
      5742, 5733, 5743, -1,
      5743, 5733, 5744, -1,
      5732, 263, 5733, -1,
      5733, 263, 264, -1,
      5733, 264, 5744, -1,
      5745, 5746, 5732, -1,
      5732, 5746, 5747, -1,
      5732, 5747, 263, -1,
      5732, 5734, 5736, -1,
      5732, 5736, 5745, -1,
      5745, 5736, 5737, -1,
      5745, 5737, 5746, -1,
      5746, 5737, 5738, -1,
      5746, 5738, 5747, -1,
      5747, 5738, 262, -1,
      5747, 262, 263, -1,
      264, 265, 5741, -1,
      264, 5741, 5744, -1,
      5744, 5741, 5740, -1,
      5744, 5740, 5743, -1,
      5743, 5740, 5739, -1,
      5743, 5739, 5742, -1,
      5742, 5739, 5735, -1,
      5742, 5735, 5733, -1,
      201, 202, 5748, -1,
      5748, 202, 5749, -1,
      5750, 5751, 5752, -1,
      5753, 5754, 5749, -1,
      5753, 5749, 5752, -1,
      5752, 5749, 5755, -1,
      5752, 5755, 5750, -1,
      5751, 5756, 5752, -1,
      5752, 5756, 5757, -1,
      5752, 5757, 5758, -1,
      5754, 5759, 5749, -1,
      5749, 5759, 5760, -1,
      5749, 5760, 5748, -1,
      5761, 5762, 5763, -1,
      203, 200, 5763, -1,
      5763, 200, 5764, -1,
      5763, 5764, 5765, -1,
      5765, 5766, 5763, -1,
      5763, 5766, 5767, -1,
      5763, 5767, 5761, -1,
      5768, 5769, 5762, -1,
      5762, 5769, 5770, -1,
      5762, 5770, 5771, -1,
      5771, 5772, 5762, -1,
      5762, 5772, 5773, -1,
      5762, 5773, 5763, -1,
      5763, 5749, 203, -1,
      203, 5749, 202, -1,
      5749, 5763, 5773, -1,
      5749, 5773, 5755, -1,
      5755, 5773, 5772, -1,
      5755, 5772, 5750, -1,
      5750, 5772, 5771, -1,
      5750, 5771, 5751, -1,
      5751, 5771, 5770, -1,
      5751, 5770, 5756, -1,
      5756, 5770, 5769, -1,
      5756, 5769, 5757, -1,
      5757, 5769, 5768, -1,
      5757, 5768, 5758, -1,
      5758, 5768, 5762, -1,
      5758, 5762, 5752, -1,
      5752, 5762, 5761, -1,
      5752, 5761, 5753, -1,
      5753, 5761, 5767, -1,
      5753, 5767, 5754, -1,
      5754, 5767, 5766, -1,
      5754, 5766, 5759, -1,
      5759, 5766, 5765, -1,
      5759, 5765, 5760, -1,
      5760, 5765, 5764, -1,
      5760, 5764, 5748, -1,
      5748, 5764, 201, -1,
      201, 5764, 200, -1,
      5774, 5775, 5776, -1,
      5776, 5775, 5777, -1,
      5774, 5776, 5778, -1,
      5774, 5778, 5779, -1,
      5779, 5778, 5780, -1,
      5779, 5780, 5781, -1,
      5781, 5780, 5782, -1,
      5781, 5782, 5783, -1,
      5783, 5782, 5784, -1,
      5783, 5784, 5785, -1,
      5785, 5784, 5786, -1,
      5785, 5786, 5787, -1,
      5787, 5786, 5788, -1,
      5787, 5788, 5789, -1,
      5789, 5788, 5790, -1,
      5789, 5790, 5791, -1,
      5792, 5791, 5793, -1,
      5793, 5791, 5790, -1,
      5792, 5793, 5794, -1,
      5792, 5794, 5795, -1,
      5795, 5794, 5796, -1,
      5795, 5796, 5797, -1,
      5797, 5796, 5798, -1,
      5797, 5798, 5799, -1,
      5799, 5798, 5800, -1,
      5799, 5800, 5801, -1,
      5801, 5800, 5802, -1,
      5801, 5802, 5803, -1,
      5803, 5802, 5804, -1,
      5803, 5804, 5805, -1,
      5805, 5804, 5806, -1,
      5805, 5806, 5807, -1,
      5808, 5807, 5809, -1,
      5809, 5807, 5806, -1,
      5808, 5809, 5810, -1,
      5808, 5810, 5811, -1,
      5811, 5810, 5812, -1,
      5811, 5812, 5813, -1,
      5813, 5812, 5814, -1,
      5813, 5814, 5815, -1,
      5815, 5814, 5816, -1,
      5815, 5816, 5817, -1,
      5818, 5817, 5819, -1,
      5819, 5817, 5816, -1,
      5818, 5819, 5820, -1,
      5820, 5819, 5821, -1,
      5820, 5821, 5822, -1,
      5822, 5821, 5823, -1,
      5822, 5823, 5824, -1,
      5824, 5823, 5825, -1,
      5824, 5825, 5826, -1,
      5826, 5825, 5827, -1,
      5828, 5826, 5829, -1,
      5829, 5826, 5827, -1,
      5830, 5831, 5832, -1,
      5832, 5831, 5833, -1,
      5832, 5833, 5834, -1,
      5834, 5833, 5835, -1,
      5834, 5835, 5836, -1,
      5836, 5835, 5837, -1,
      5836, 5837, 5775, -1,
      5775, 5837, 5777, -1,
      5828, 5829, 5838, -1,
      5828, 5838, 5839, -1,
      5839, 5838, 5840, -1,
      5839, 5840, 5841, -1,
      5841, 5840, 5842, -1,
      5841, 5842, 5843, -1,
      5843, 5842, 5844, -1,
      5843, 5844, 5845, -1,
      322, 342, 343, -1,
      322, 343, 321, -1,
      321, 343, 344, -1,
      321, 344, 320, -1,
      320, 344, 347, -1,
      320, 347, 323, -1,
      323, 347, 346, -1,
      323, 346, 324, -1,
      5831, 5830, 345, -1,
      345, 5830, 325, -1,
      345, 325, 346, -1,
      346, 325, 324, -1,
      339, 360, 361, -1,
      339, 361, 336, -1,
      336, 361, 363, -1,
      336, 363, 337, -1,
      337, 363, 362, -1,
      337, 362, 340, -1,
      340, 362, 358, -1,
      340, 358, 341, -1,
      341, 358, 357, -1,
      341, 357, 335, -1,
      335, 357, 356, -1,
      335, 356, 334, -1,
      334, 356, 355, -1,
      334, 355, 333, -1,
      360, 339, 359, -1,
      359, 339, 338, -1,
      359, 338, 350, -1,
      350, 338, 327, -1,
      350, 327, 351, -1,
      351, 327, 326, -1,
      329, 348, 330, -1,
      330, 348, 354, -1,
      330, 354, 331, -1,
      331, 354, 353, -1,
      331, 353, 332, -1,
      332, 353, 352, -1,
      332, 352, 326, -1,
      326, 352, 351, -1,
      348, 329, 349, -1,
      349, 329, 328, -1,
      349, 328, 5844, -1,
      5844, 328, 5845, -1,
      1886, 1888, 5806, -1,
      5831, 345, 1881, -1,
      5827, 5825, 1722, -1,
      1884, 5837, 5835, -1,
      5806, 1888, 5809, -1,
      5809, 1888, 1890, -1,
      5809, 1890, 5810, -1,
      1884, 5835, 1881, -1,
      1881, 5835, 5833, -1,
      1881, 5833, 5831, -1,
      1722, 349, 5844, -1,
      5825, 5823, 1722, -1,
      1722, 5823, 5821, -1,
      1722, 5821, 1892, -1,
      1892, 5821, 5819, -1,
      5819, 5816, 1892, -1,
      1892, 5816, 5814, -1,
      1892, 5814, 1890, -1,
      1890, 5814, 5812, -1,
      1890, 5812, 5810, -1,
      5802, 5800, 5777, -1,
      5827, 1722, 5829, -1,
      5829, 1722, 5844, -1,
      5829, 5844, 5838, -1,
      5838, 5844, 5842, -1,
      5838, 5842, 5840, -1,
      1884, 1886, 5837, -1,
      5837, 1886, 5806, -1,
      5837, 5806, 5777, -1,
      5777, 5806, 5804, -1,
      5777, 5804, 5802, -1,
      5786, 5784, 5776, -1,
      5800, 5798, 5777, -1,
      5777, 5798, 5796, -1,
      5777, 5796, 5794, -1,
      5794, 5793, 5777, -1,
      5777, 5793, 5790, -1,
      5777, 5790, 5776, -1,
      5776, 5790, 5788, -1,
      5776, 5788, 5786, -1,
      5784, 5782, 5776, -1,
      5776, 5782, 5780, -1,
      5776, 5780, 5778, -1,
      5845, 328, 1724, -1,
      5807, 5808, 1897, -1,
      1897, 1896, 5807, -1,
      5807, 1896, 1895, -1,
      5807, 1895, 1894, -1,
      5815, 1898, 5813, -1,
      5813, 1898, 1897, -1,
      5813, 1897, 5811, -1,
      5811, 1897, 5808, -1,
      5815, 5817, 1898, -1,
      1898, 5817, 5818, -1,
      1898, 5818, 1724, -1,
      1724, 5818, 5820, -1,
      1724, 5820, 5822, -1,
      5822, 5824, 1724, -1,
      1724, 5824, 5826, -1,
      1724, 5826, 5845, -1,
      5832, 5834, 1894, -1,
      1894, 5834, 5836, -1,
      1894, 5836, 5807, -1,
      5807, 5836, 5775, -1,
      5807, 5775, 5774, -1,
      5832, 1894, 5830, -1,
      5830, 1894, 1893, -1,
      5830, 1893, 325, -1,
      5826, 5828, 5845, -1,
      5845, 5828, 5839, -1,
      5845, 5839, 5843, -1,
      5843, 5839, 5841, -1,
      5797, 5799, 5807, -1,
      5774, 5779, 5791, -1,
      5791, 5779, 5781, -1,
      5791, 5781, 5783, -1,
      5783, 5785, 5791, -1,
      5791, 5785, 5787, -1,
      5791, 5787, 5789, -1,
      5797, 5807, 5795, -1,
      5774, 5791, 5807, -1,
      5807, 5791, 5792, -1,
      5807, 5792, 5795, -1,
      5799, 5801, 5807, -1,
      5807, 5801, 5803, -1,
      5807, 5803, 5805, -1,
      1927, 1956, 338, -1,
      338, 1956, 327, -1,
      350, 1954, 359, -1,
      359, 1954, 1925, -1,
      5846, 5847, 5848, -1,
      5848, 5847, 5849, -1,
      5850, 5848, 5851, -1,
      5851, 5848, 5852, -1,
      5849, 261, 5848, -1,
      5848, 261, 258, -1,
      5848, 258, 5852, -1,
      5853, 5854, 5849, -1,
      5849, 5854, 5855, -1,
      5849, 5855, 261, -1,
      5856, 5847, 5857, -1,
      5857, 5847, 5858, -1,
      5846, 259, 5847, -1,
      5847, 259, 260, -1,
      5847, 260, 5858, -1,
      5859, 5860, 5846, -1,
      5846, 5860, 5861, -1,
      5846, 5861, 259, -1,
      5846, 5848, 5850, -1,
      5846, 5850, 5859, -1,
      5859, 5850, 5851, -1,
      5859, 5851, 5860, -1,
      5860, 5851, 5852, -1,
      5860, 5852, 5861, -1,
      5861, 5852, 258, -1,
      5861, 258, 259, -1,
      260, 261, 5855, -1,
      260, 5855, 5858, -1,
      5858, 5855, 5854, -1,
      5858, 5854, 5857, -1,
      5857, 5854, 5853, -1,
      5857, 5853, 5856, -1,
      5856, 5853, 5849, -1,
      5856, 5849, 5847, -1,
      197, 198, 5862, -1,
      5862, 198, 5863, -1,
      5864, 5865, 5866, -1,
      5867, 5868, 5863, -1,
      5867, 5863, 5866, -1,
      5866, 5863, 5869, -1,
      5866, 5869, 5864, -1,
      5865, 5870, 5866, -1,
      5866, 5870, 5871, -1,
      5866, 5871, 5872, -1,
      5868, 5873, 5863, -1,
      5863, 5873, 5874, -1,
      5863, 5874, 5862, -1,
      5875, 5876, 5877, -1,
      199, 196, 5877, -1,
      5877, 196, 5878, -1,
      5877, 5878, 5879, -1,
      5879, 5880, 5877, -1,
      5877, 5880, 5881, -1,
      5877, 5881, 5875, -1,
      5882, 5883, 5876, -1,
      5876, 5883, 5884, -1,
      5876, 5884, 5885, -1,
      5885, 5886, 5876, -1,
      5876, 5886, 5887, -1,
      5876, 5887, 5877, -1,
      5877, 5863, 199, -1,
      199, 5863, 198, -1,
      5863, 5877, 5887, -1,
      5863, 5887, 5869, -1,
      5869, 5887, 5886, -1,
      5869, 5886, 5864, -1,
      5864, 5886, 5885, -1,
      5864, 5885, 5865, -1,
      5865, 5885, 5884, -1,
      5865, 5884, 5870, -1,
      5870, 5884, 5883, -1,
      5870, 5883, 5871, -1,
      5871, 5883, 5882, -1,
      5871, 5882, 5872, -1,
      5872, 5882, 5876, -1,
      5872, 5876, 5866, -1,
      5866, 5876, 5875, -1,
      5866, 5875, 5867, -1,
      5867, 5875, 5881, -1,
      5867, 5881, 5868, -1,
      5868, 5881, 5880, -1,
      5868, 5880, 5873, -1,
      5873, 5880, 5879, -1,
      5873, 5879, 5874, -1,
      5874, 5879, 5878, -1,
      5874, 5878, 5862, -1,
      5862, 5878, 197, -1,
      197, 5878, 196, -1,
    ]
  }
}

Shape {
  appearance Appearance {
    material Material {
      diffuseColor 0.6471 0.6196 0.5882
      specularColor 0.4510 0.4353 0.4118
      ambientIntensity 0.2
      transparency 0.0000
      shininess 0.5
    }
  }
  geometry IndexedFaceSet {
    ccw TRUE
    solid FALSE
    coord DEF co Coordinate {
      point [
        3.425197 0.531496 0.078740,
        3.425197 0.452756 0.078740,
        3.346457 0.531496 0.078740,
        3.346457 0.452756 0.078740,
        3.346457 -0.177165 0.078740,
        3.346457 -0.098425 0.078740,
        3.425197 -0.177165 0.078740,
        3.425197 -0.098425 0.078740,
        -3.425197 -0.177165 0.078740,
        -3.425197 -0.098425 0.078740,
        -3.346457 -0.177165 0.078740,
        -3.346457 -0.098425 0.078740,
        -3.425197 -0.177165 0.118110,
        -3.425197 -0.177165 0.196850,
        -3.425197 0.531496 0.118110,
        -3.425197 0.531496 0.196850,
        3.425197 0.531496 0.118110,
        3.425197 0.531496 0.196850,
        3.425197 -0.177165 0.118110,
        3.425197 -0.177165 0.196850,
        3.425197 0.570866 0.118110,
        3.346457 0.570866 0.118110,
        3.346457 -0.216535 0.118110,
        3.425197 -0.216535 0.118110,
        -3.425197 0.570866 0.118110,
        -3.346457 0.570866 0.118110,
        -3.346457 -0.216535 0.118110,
        -3.425197 -0.216535 0.118110,
        -3.346457 0.424917 0.067209,
        -3.346457 0.433071 0.073466,
        -3.346457 -0.088235 0.077399,
        -3.346457 -0.078740 0.073466,
        -3.346457 -0.070586 0.067209,
        -3.346457 -0.064330 0.059055,
        -3.346457 -0.060396 0.049560,
        -3.346457 0.418661 0.059055,
        -3.346457 0.442566 0.077399,
        -3.346457 0.452756 0.078740,
        -3.346457 0.531496 0.078740,
        -3.346457 0.541686 0.080081,
        -3.346457 -0.205004 0.090271,
        -3.346457 -0.211261 0.098425,
        -3.346457 -0.215194 0.107920,
        -3.346457 0.412044 0.029180,
        -3.346457 0.413386 0.039370,
        -3.346457 0.374016 -0.000000,
        -3.346457 0.565592 0.098425,
        -3.346457 0.569525 0.107920,
        -3.346457 0.559335 0.090271,
        -3.346457 0.551181 0.084015,
        -3.346457 -0.196850 0.084015,
        -3.346457 -0.187355 0.080081,
        -3.346457 -0.053781 0.019685,
        -3.346457 -0.047524 0.011531,
        -3.346457 -0.039370 0.005274,
        -3.346457 0.414727 0.049560,
        -3.346457 -0.059055 0.039370,
        -3.346457 -0.019685 -0.000000,
        -3.346457 0.393701 0.005274,
        -3.346457 0.401855 0.011531,
        -3.346457 0.408111 0.019685,
        -3.346457 -0.057714 0.029180,
        -3.346457 -0.029875 0.001341,
        -3.346457 0.384206 0.001341,
        -3.425197 -0.187355 0.080081,
        -3.425197 -0.196850 0.084015,
        -3.425197 -0.215194 0.107920,
        -3.425197 -0.088235 0.077399,
        -3.425197 -0.211261 0.098425,
        -3.425197 -0.205004 0.090271,
        -3.425197 0.433071 0.073466,
        -3.425197 0.442566 0.077399,
        -3.425197 0.452756 0.078740,
        -3.425197 0.531496 0.078740,
        -3.425197 -0.060396 0.049560,
        -3.425197 0.424917 0.067209,
        -3.425197 0.418661 0.059055,
        -3.425197 0.414727 0.049560,
        -3.425197 0.413386 0.039370,
        -3.425197 -0.059055 0.039370,
        -3.425197 -0.064330 0.059055,
        -3.425197 -0.070586 0.067209,
        -3.425197 -0.078740 0.073466,
        -3.425197 0.569525 0.107920,
        -3.425197 0.565592 0.098425,
        -3.425197 0.559335 0.090271,
        -3.425197 0.551181 0.084015,
        -3.425197 0.541686 0.080081,
        -3.425197 0.408111 0.019685,
        -3.425197 0.401855 0.011531,
        -3.425197 0.393701 0.005274,
        -3.425197 0.384206 0.001341,
        -3.425197 0.374016 -0.000000,
        -3.425197 0.412044 0.029180,
        -3.425197 -0.029875 0.001341,
        -3.425197 -0.057714 0.029180,
        -3.425197 -0.019685 -0.000000,
        -3.425197 -0.039370 0.005274,
        -3.425197 -0.047524 0.011531,
        -3.425197 -0.053781 0.019685,
        3.425197 0.442566 0.077399,
        3.425197 0.566967 0.101028,
        3.425197 0.569879 0.109350,
        3.425197 0.424917 0.067209,
        3.425197 0.433071 0.073466,
        3.425197 0.548578 0.082639,
        3.425197 0.556043 0.087330,
        3.425197 0.540257 0.079727,
        3.425197 0.562277 0.093563,
        3.425197 0.413386 0.039370,
        3.425197 0.414727 0.049560,
        3.425197 -0.059055 0.039370,
        3.425197 -0.060396 0.049560,
        3.425197 -0.070586 0.067209,
        3.425197 -0.064330 0.059055,
        3.425197 0.418661 0.059055,
        3.425197 -0.215548 0.109350,
        3.425197 -0.212637 0.101028,
        3.425197 -0.207946 0.093563,
        3.425197 -0.201712 0.087330,
        3.425197 -0.194247 0.082639,
        3.425197 -0.185926 0.079727,
        3.425197 0.412044 0.029180,
        3.425197 0.374016 -0.000000,
        3.425197 -0.088235 0.077399,
        3.425197 -0.078740 0.073466,
        3.425197 -0.019685 -0.000000,
        3.425197 -0.057714 0.029180,
        3.425197 -0.053781 0.019685,
        3.425197 -0.047524 0.011531,
        3.425197 -0.039370 0.005274,
        3.425197 -0.029875 0.001341,
        3.425197 0.384206 0.001341,
        3.425197 0.393701 0.005274,
        3.425197 0.401855 0.011531,
        3.425197 0.408111 0.019685,
        3.346457 0.424917 0.067209,
        3.346457 0.433071 0.073466,
        3.346457 0.442566 0.077399,
        3.346457 0.418661 0.059055,
        3.346457 0.414727 0.049560,
        3.346457 -0.060396 0.049560,
        3.346457 0.413386 0.039370,
        3.346457 -0.059055 0.039370,
        3.346457 -0.064330 0.059055,
        3.346457 -0.070586 0.067209,
        3.346457 -0.078740 0.073466,
        3.346457 -0.088235 0.077399,
        3.346457 -0.057714 0.029180,
        3.346457 -0.019685 -0.000000,
        3.346457 0.548578 0.082639,
        3.346457 0.566967 0.101028,
        3.346457 0.556043 0.087330,
        3.346457 0.562277 0.093563,
        3.346457 0.569879 0.109350,
        3.346457 0.540257 0.079727,
        3.346457 0.374016 -0.000000,
        3.346457 -0.039370 0.005274,
        3.346457 -0.047524 0.011531,
        3.346457 -0.053781 0.019685,
        3.346457 -0.185926 0.079727,
        3.346457 -0.194247 0.082639,
        3.346457 -0.201712 0.087330,
        3.346457 -0.207946 0.093563,
        3.346457 -0.212637 0.101028,
        3.346457 -0.215548 0.109350,
        3.346457 0.412044 0.029180,
        3.346457 0.408111 0.019685,
        3.346457 -0.029875 0.001341,
        3.346457 0.401855 0.011531,
        3.346457 0.393701 0.005274,
        3.346457 0.384206 0.001341,
      ]
    }
    coordIndex [
      26, 28, 29, -1,
      10, 11, 26, -1,
      26, 11, 30, -1,
      26, 30, 28, -1,
      28, 30, 31, -1,
      28, 31, 32, -1,
      32, 33, 28, -1,
      28, 33, 34, -1,
      28, 34, 35, -1,
      29, 36, 26, -1,
      26, 36, 37, -1,
      26, 37, 25, -1,
      25, 37, 38, -1,
      25, 38, 39, -1,
      40, 26, 41, -1,
      41, 26, 42, -1,
      43, 44, 45, -1,
      46, 47, 48, -1,
      48, 47, 25, -1,
      48, 25, 49, -1,
      49, 25, 39, -1,
      40, 50, 26, -1,
      26, 50, 51, -1,
      26, 51, 10, -1,
      52, 53, 54, -1,
      35, 34, 55, -1,
      55, 34, 56, -1,
      55, 56, 44, -1,
      44, 56, 57, -1,
      44, 57, 45, -1,
      58, 59, 60, -1,
      56, 61, 57, -1,
      57, 61, 52, -1,
      57, 52, 62, -1,
      62, 52, 54, -1,
      43, 45, 60, -1,
      60, 45, 63, -1,
      60, 63, 58, -1,
      8, 64, 9, -1,
      9, 64, 65, -1,
      66, 67, 68, -1,
      68, 67, 9, -1,
      68, 9, 69, -1,
      69, 9, 65, -1,
      70, 13, 71, -1,
      71, 13, 15, -1,
      71, 15, 72, -1,
      72, 15, 14, -1,
      72, 14, 73, -1,
      74, 75, 76, -1,
      76, 77, 74, -1,
      74, 77, 78, -1,
      74, 78, 79, -1,
      74, 80, 75, -1,
      75, 80, 81, -1,
      75, 81, 82, -1,
      24, 83, 14, -1,
      14, 83, 84, -1,
      14, 84, 85, -1,
      85, 86, 14, -1,
      14, 86, 87, -1,
      14, 87, 73, -1,
      70, 75, 13, -1,
      13, 75, 82, -1,
      13, 82, 12, -1,
      12, 82, 67, -1,
      12, 67, 27, -1,
      27, 67, 66, -1,
      88, 89, 90, -1,
      90, 91, 88, -1,
      88, 91, 92, -1,
      88, 92, 93, -1,
      94, 95, 96, -1,
      96, 95, 79, -1,
      96, 79, 92, -1,
      92, 79, 78, -1,
      92, 78, 93, -1,
      94, 97, 95, -1,
      95, 97, 98, -1,
      95, 98, 99, -1,
      38, 37, 73, -1,
      73, 37, 72, -1,
      96, 92, 57, -1,
      57, 92, 45, -1,
      8, 10, 51, -1,
      8, 51, 64, -1,
      64, 51, 50, -1,
      64, 50, 65, -1,
      65, 50, 40, -1,
      65, 40, 69, -1,
      69, 40, 41, -1,
      69, 41, 68, -1,
      68, 41, 42, -1,
      68, 42, 66, -1,
      66, 42, 26, -1,
      66, 26, 27, -1,
      96, 57, 62, -1,
      96, 62, 94, -1,
      94, 62, 54, -1,
      94, 54, 97, -1,
      97, 54, 53, -1,
      97, 53, 98, -1,
      98, 53, 52, -1,
      98, 52, 99, -1,
      99, 52, 61, -1,
      99, 61, 95, -1,
      95, 61, 56, -1,
      95, 56, 79, -1,
      11, 9, 30, -1,
      30, 9, 67, -1,
      30, 67, 31, -1,
      31, 67, 82, -1,
      31, 82, 32, -1,
      32, 82, 81, -1,
      32, 81, 33, -1,
      33, 81, 80, -1,
      33, 80, 34, -1,
      34, 80, 74, -1,
      34, 74, 56, -1,
      56, 74, 79, -1,
      38, 73, 87, -1,
      38, 87, 39, -1,
      39, 87, 86, -1,
      39, 86, 49, -1,
      49, 86, 85, -1,
      49, 85, 48, -1,
      48, 85, 84, -1,
      48, 84, 46, -1,
      46, 84, 83, -1,
      46, 83, 47, -1,
      47, 83, 24, -1,
      47, 24, 25, -1,
      72, 37, 71, -1,
      71, 37, 36, -1,
      71, 36, 70, -1,
      70, 36, 29, -1,
      70, 29, 75, -1,
      75, 29, 28, -1,
      75, 28, 76, -1,
      76, 28, 35, -1,
      76, 35, 77, -1,
      77, 35, 55, -1,
      77, 55, 78, -1,
      78, 55, 44, -1,
      45, 92, 91, -1,
      45, 91, 63, -1,
      63, 91, 90, -1,
      63, 90, 58, -1,
      58, 90, 89, -1,
      58, 89, 59, -1,
      59, 89, 88, -1,
      59, 88, 60, -1,
      60, 88, 93, -1,
      60, 93, 43, -1,
      43, 93, 78, -1,
      43, 78, 44, -1,
      100, 101, 102, -1,
      19, 103, 104, -1,
      102, 20, 100, -1,
      100, 20, 16, -1,
      100, 16, 104, -1,
      104, 16, 17, -1,
      104, 17, 19, -1,
      105, 106, 107, -1,
      107, 106, 0, -1,
      100, 1, 101, -1,
      101, 1, 0, -1,
      101, 0, 108, -1,
      108, 0, 106, -1,
      109, 110, 111, -1,
      111, 110, 112, -1,
      113, 114, 103, -1,
      103, 114, 112, -1,
      103, 112, 115, -1,
      115, 112, 110, -1,
      23, 116, 18, -1,
      18, 116, 117, -1,
      18, 117, 118, -1,
      118, 119, 18, -1,
      18, 119, 120, -1,
      18, 120, 121, -1,
      122, 109, 123, -1,
      121, 6, 18, -1,
      18, 6, 7, -1,
      18, 7, 19, -1,
      19, 7, 124, -1,
      19, 124, 103, -1,
      103, 124, 125, -1,
      103, 125, 113, -1,
      123, 109, 126, -1,
      109, 111, 126, -1,
      126, 111, 127, -1,
      126, 127, 128, -1,
      128, 129, 126, -1,
      126, 129, 130, -1,
      126, 130, 131, -1,
      123, 132, 133, -1,
      133, 134, 123, -1,
      123, 134, 135, -1,
      123, 135, 122, -1,
      136, 22, 137, -1,
      137, 22, 138, -1,
      138, 22, 3, -1,
      3, 22, 21, -1,
      3, 21, 2, -1,
      139, 140, 141, -1,
      141, 140, 142, -1,
      141, 142, 143, -1,
      139, 141, 136, -1,
      136, 141, 144, -1,
      136, 144, 145, -1,
      145, 146, 136, -1,
      136, 146, 147, -1,
      136, 147, 22, -1,
      22, 147, 5, -1,
      22, 5, 4, -1,
      148, 143, 149, -1,
      150, 151, 152, -1,
      152, 151, 153, -1,
      21, 154, 2, -1,
      2, 154, 151, -1,
      2, 151, 155, -1,
      155, 151, 150, -1,
      149, 143, 156, -1,
      157, 158, 159, -1,
      4, 160, 22, -1,
      22, 160, 161, -1,
      22, 161, 162, -1,
      162, 163, 22, -1,
      22, 163, 164, -1,
      22, 164, 165, -1,
      143, 142, 156, -1,
      156, 142, 166, -1,
      156, 166, 167, -1,
      148, 149, 159, -1,
      159, 149, 168, -1,
      159, 168, 157, -1,
      169, 170, 167, -1,
      167, 170, 171, -1,
      167, 171, 156, -1,
      149, 156, 126, -1,
      126, 156, 123, -1,
      4, 6, 121, -1,
      4, 121, 160, -1,
      160, 121, 120, -1,
      160, 120, 161, -1,
      161, 120, 119, -1,
      161, 119, 162, -1,
      162, 119, 118, -1,
      162, 118, 163, -1,
      163, 118, 117, -1,
      163, 117, 164, -1,
      164, 117, 116, -1,
      164, 116, 165, -1,
      165, 116, 23, -1,
      165, 23, 22, -1,
      149, 126, 131, -1,
      149, 131, 168, -1,
      168, 131, 130, -1,
      168, 130, 157, -1,
      157, 130, 129, -1,
      157, 129, 158, -1,
      158, 129, 128, -1,
      158, 128, 159, -1,
      159, 128, 127, -1,
      159, 127, 148, -1,
      148, 127, 111, -1,
      148, 111, 143, -1,
      7, 5, 124, -1,
      124, 5, 147, -1,
      124, 147, 125, -1,
      125, 147, 146, -1,
      125, 146, 113, -1,
      113, 146, 145, -1,
      113, 145, 114, -1,
      114, 145, 144, -1,
      114, 144, 112, -1,
      112, 144, 141, -1,
      112, 141, 111, -1,
      111, 141, 143, -1,
      0, 2, 155, -1,
      0, 155, 107, -1,
      107, 155, 150, -1,
      107, 150, 105, -1,
      105, 150, 152, -1,
      105, 152, 106, -1,
      106, 152, 153, -1,
      106, 153, 108, -1,
      108, 153, 151, -1,
      108, 151, 101, -1,
      101, 151, 154, -1,
      101, 154, 102, -1,
      102, 154, 21, -1,
      102, 21, 20, -1,
      3, 1, 138, -1,
      138, 1, 100, -1,
      138, 100, 137, -1,
      137, 100, 104, -1,
      137, 104, 136, -1,
      136, 104, 103, -1,
      136, 103, 139, -1,
      139, 103, 115, -1,
      139, 115, 140, -1,
      140, 115, 110, -1,
      140, 110, 142, -1,
      142, 110, 109, -1,
      123, 156, 171, -1,
      123, 171, 132, -1,
      132, 171, 170, -1,
      132, 170, 133, -1,
      133, 170, 169, -1,
      133, 169, 134, -1,
      134, 169, 167, -1,
      134, 167, 135, -1,
      135, 167, 166, -1,
      135, 166, 122, -1,
      122, 166, 142, -1,
      122, 142, 109, -1,
    ]
  }
}

Shape {
  appearance Appearance {
    material Material {
      diffuseColor 0.0000 0.0000 0.0000
      specularColor 0.0000 0.0000 0.0000
      ambientIntensity 0.2
      transparency 0.0000
      shininess 0.5
    }
  }
  geometry IndexedFaceSet {
    ccw TRUE
    solid FALSE
    coord DEF co Coordinate {
      point [
        2.632943 1.003937 0.984726,
        2.624650 1.003937 0.987628,
        2.598898 1.003937 0.986608,
        2.602241 1.003937 0.987628,
        2.596791 1.003937 0.909888,
        2.598898 1.003937 0.909213,
        2.536356 1.003937 0.906824,
        2.548095 1.003937 0.906907,
        2.540128 1.003937 0.952085,
        2.540193 1.003937 0.942916,
        2.537675 1.003937 0.977694,
        2.537609 1.003937 0.986904,
        2.548095 1.003937 0.986979,
        2.568827 1.003937 0.943119,
        2.569018 1.003937 0.916184,
        2.548095 1.003937 0.942972,
        2.548095 1.003937 0.916036,
        2.536291 1.003937 0.915952,
        2.548095 1.003937 0.977768,
        2.548095 1.003937 0.952142,
        2.568580 1.003937 0.977913,
        2.568762 1.003937 0.952288,
        2.578851 1.003937 0.987197,
        2.579419 1.003937 0.907129,
        2.594890 1.003937 0.985387,
        2.594967 1.003937 0.974580,
        2.595350 1.003937 0.920465,
        2.595421 1.003937 0.910559,
        2.636589 1.003937 0.969739,
        2.640406 1.003937 0.964108,
        2.598898 1.003937 0.918914,
        2.643041 1.003937 0.957060,
        2.644268 1.003937 0.946724,
        2.644267 1.003937 0.945977,
        2.603456 1.003937 0.916922,
        2.612562 1.003937 0.915346,
        2.604051 1.003937 0.978240,
        2.613804 1.003937 0.979462,
        2.617351 1.003937 0.979324,
        2.624265 1.003937 0.977946,
        2.595941 1.003937 0.975113,
        2.598898 1.003937 0.976253,
        2.630539 1.003937 0.974983,
        2.635685 1.003937 0.970734,
        2.643078 1.003937 0.936138,
        2.640605 1.003937 0.929596,
        2.636570 1.003937 0.923827,
        2.629331 1.003937 0.918275,
        2.623542 1.003937 0.916132,
        2.616061 1.003937 0.915249,
        2.634637 1.003937 0.921923,
        2.624393 1.003937 0.987717,
        2.613105 1.003937 0.988787,
        2.602756 1.003937 0.987784,
        2.613840 1.003937 0.988796,
        2.649119 1.003937 0.969798,
        2.643335 1.003937 0.977215,
        2.640882 1.003937 0.979489,
        2.653015 1.003937 0.960952,
        2.652094 1.003937 0.963043,
        2.652094 1.003937 0.929061,
        2.654038 1.003937 0.934866,
        2.655119 1.003937 0.946187,
        2.654935 1.003937 0.950547,
        2.638304 1.003937 0.911557,
        2.645050 1.003937 0.917174,
        2.646637 1.003937 0.919005,
        2.651106 1.003937 0.926109,
        2.617620 1.003937 0.906049,
        2.621967 1.003937 0.906263,
        2.622011 1.003937 0.906273,
        2.630716 1.003937 0.908028,
        2.605408 1.003937 0.907129,
        2.615093 1.003937 0.906273,
        2.689990 1.003937 0.987628,
        2.690491 1.003937 0.917046,
        2.658603 1.003937 0.916820,
        2.658668 1.003937 0.907691,
        2.700891 1.003937 0.907991,
        2.689987 1.003937 0.987985,
        2.700323 1.003937 0.988058,
        2.700326 1.003937 0.987628,
        2.499208 1.003937 0.906560,
        2.521230 1.003937 0.906717,
        2.455751 1.003937 0.947311,
        2.456829 1.003937 0.957619,
        2.459607 1.003937 0.965407,
        2.456025 1.003937 0.942241,
        2.458026 1.003937 0.932876,
        2.462022 1.003937 0.924620,
        2.468039 1.003937 0.917556,
        2.520663 1.003937 0.986784,
        2.497821 1.003937 0.986622,
        2.485153 1.003937 0.985072,
        2.475576 1.003937 0.981380,
        2.470106 1.003937 0.915780,
        2.478103 1.003937 0.910793,
        2.487660 1.003937 0.907642,
        2.467626 1.003937 0.975805,
        2.464406 1.003937 0.972556,
        2.658603 1.004331 0.916820,
        2.658668 1.004331 0.907691,
        2.690491 1.004331 0.917046,
        2.689987 1.004331 0.987985,
        2.700323 1.004331 0.988058,
        2.700891 1.004331 0.907991,
        2.595421 1.004331 0.910559,
        2.596791 1.004331 0.909888,
        2.617620 1.004331 0.906049,
        2.605408 1.004331 0.907129,
        2.595350 1.004331 0.920465,
        2.603456 1.004331 0.916922,
        2.612562 1.004331 0.915346,
        2.616061 1.004331 0.915249,
        2.623542 1.004331 0.916132,
        2.629331 1.004331 0.918275,
        2.634637 1.004331 0.921923,
        2.636570 1.004331 0.923827,
        2.640605 1.004331 0.929596,
        2.643078 1.004331 0.936138,
        2.644267 1.004331 0.945977,
        2.644268 1.004331 0.946724,
        2.643041 1.004331 0.957060,
        2.640406 1.004331 0.964108,
        2.636589 1.004331 0.969739,
        2.635685 1.004331 0.970734,
        2.630539 1.004331 0.974983,
        2.624265 1.004331 0.977946,
        2.617351 1.004331 0.979324,
        2.613804 1.004331 0.979462,
        2.594967 1.004331 0.974580,
        2.595941 1.004331 0.975113,
        2.604051 1.004331 0.978240,
        2.594890 1.004331 0.985387,
        2.602756 1.004331 0.987784,
        2.613105 1.004331 0.988787,
        2.613840 1.004331 0.988796,
        2.624393 1.004331 0.987717,
        2.632943 1.004331 0.984726,
        2.640882 1.004331 0.979489,
        2.643335 1.004331 0.977215,
        2.649119 1.004331 0.969798,
        2.653015 1.004331 0.960952,
        2.654935 1.004331 0.950547,
        2.655119 1.004331 0.946187,
        2.654038 1.004331 0.934866,
        2.651106 1.004331 0.926109,
        2.646637 1.004331 0.919005,
        2.645050 1.004331 0.917174,
        2.621967 1.004331 0.906263,
        2.638304 1.004331 0.911557,
        2.630716 1.004331 0.908028,
        2.536291 1.004331 0.915952,
        2.536356 1.004331 0.906824,
        2.569018 1.004331 0.916184,
        2.568827 1.004331 0.943119,
        2.540193 1.004331 0.942916,
        2.540128 1.004331 0.952085,
        2.568762 1.004331 0.952288,
        2.568580 1.004331 0.977913,
        2.537675 1.004331 0.977694,
        2.537609 1.004331 0.986904,
        2.578851 1.004331 0.987197,
        2.579419 1.004331 0.907129,
        2.472952 1.004331 0.967419,
        2.464406 1.004331 0.972556,
        2.475242 1.004331 0.969719,
        2.467626 1.004331 0.975805,
        2.481369 1.004331 0.973801,
        2.475576 1.004331 0.981380,
        2.488361 1.004331 0.976293,
        2.485153 1.004331 0.985072,
        2.498296 1.004331 0.977415,
        2.497821 1.004331 0.986622,
        2.510392 1.004331 0.977500,
        2.520663 1.004331 0.986784,
        2.510830 1.004331 0.915772,
        2.521230 1.004331 0.906717,
        2.499204 1.004331 0.915689,
        2.499208 1.004331 0.906560,
        2.488774 1.004331 0.916770,
        2.487660 1.004331 0.907642,
        2.481973 1.004331 0.919197,
        2.478103 1.004331 0.910793,
        2.476682 1.004331 0.922663,
        2.470106 1.004331 0.915780,
        2.475342 1.004331 0.923871,
        2.468039 1.004331 0.917556,
        2.471122 1.004331 0.929110,
        2.462022 1.004331 0.924620,
        2.468395 1.004331 0.935107,
        2.458026 1.004331 0.932876,
        2.466865 1.004331 0.942551,
        2.456025 1.004331 0.942241,
        2.466621 1.004331 0.947102,
        2.455751 1.004331 0.947311,
        2.467702 1.004331 0.956987,
        2.456829 1.004331 0.957619,
        2.469898 1.004331 0.962888,
        2.459607 1.004331 0.965407,
        2.498296 1.003937 0.977415,
        2.510392 1.003937 0.977500,
        2.510830 1.003937 0.915772,
        2.499204 1.003937 0.915689,
        2.475342 1.003937 0.923871,
        2.476682 1.003937 0.922663,
        2.481973 1.003937 0.919197,
        2.488774 1.003937 0.916770,
        2.466621 1.003937 0.947102,
        2.466865 1.003937 0.942551,
        2.468395 1.003937 0.935107,
        2.471122 1.003937 0.929110,
        2.475242 1.003937 0.969719,
        2.472952 1.003937 0.967419,
        2.469898 1.003937 0.962888,
        2.467702 1.003937 0.956987,
        2.488361 1.003937 0.976293,
        2.481369 1.003937 0.973801,
      ]
    }
    coordIndex [
      100, 101, 76, -1,
      76, 101, 77, -1,
      102, 100, 75, -1,
      75, 100, 76, -1,
      102, 75, 103, -1,
      103, 75, 74, -1,
      103, 74, 79, -1,
      104, 103, 80, -1,
      80, 103, 79, -1,
      78, 105, 81, -1,
      81, 105, 104, -1,
      81, 104, 80, -1,
      101, 105, 77, -1,
      77, 105, 78, -1,
      103, 104, 102, -1,
      102, 104, 105, -1,
      102, 105, 100, -1,
      100, 105, 101, -1,
      27, 106, 107, -1,
      108, 68, 73, -1,
      108, 73, 109, -1,
      73, 72, 109, -1,
      109, 72, 5, -1,
      109, 5, 107, -1,
      107, 5, 4, -1,
      107, 4, 27, -1,
      110, 106, 26, -1,
      26, 106, 27, -1,
      110, 26, 30, -1,
      110, 30, 111, -1,
      30, 34, 111, -1,
      111, 34, 35, -1,
      111, 35, 112, -1,
      112, 35, 49, -1,
      112, 49, 113, -1,
      113, 49, 48, -1,
      113, 48, 114, -1,
      114, 48, 47, -1,
      114, 47, 115, -1,
      115, 47, 50, -1,
      115, 50, 116, -1,
      116, 50, 46, -1,
      116, 46, 117, -1,
      117, 46, 45, -1,
      117, 45, 118, -1,
      118, 45, 44, -1,
      118, 44, 119, -1,
      119, 44, 33, -1,
      119, 33, 120, -1,
      120, 33, 32, -1,
      120, 32, 121, -1,
      121, 32, 31, -1,
      121, 31, 122, -1,
      122, 31, 29, -1,
      122, 29, 123, -1,
      123, 29, 28, -1,
      123, 28, 124, -1,
      124, 28, 43, -1,
      124, 43, 125, -1,
      125, 43, 42, -1,
      125, 42, 126, -1,
      126, 42, 39, -1,
      126, 39, 127, -1,
      127, 39, 38, -1,
      127, 38, 128, -1,
      128, 38, 37, -1,
      128, 37, 129, -1,
      25, 130, 131, -1,
      129, 37, 36, -1,
      129, 36, 132, -1,
      132, 36, 41, -1,
      132, 41, 131, -1,
      131, 41, 40, -1,
      131, 40, 25, -1,
      133, 130, 24, -1,
      24, 130, 25, -1,
      3, 134, 2, -1,
      2, 134, 133, -1,
      2, 133, 24, -1,
      3, 53, 134, -1,
      134, 53, 52, -1,
      134, 52, 135, -1,
      135, 52, 54, -1,
      135, 54, 136, -1,
      136, 54, 51, -1,
      136, 51, 137, -1,
      137, 51, 1, -1,
      137, 1, 138, -1,
      1, 0, 138, -1,
      138, 0, 57, -1,
      138, 57, 139, -1,
      139, 57, 56, -1,
      139, 56, 140, -1,
      140, 56, 55, -1,
      140, 55, 141, -1,
      141, 55, 59, -1,
      141, 59, 142, -1,
      59, 58, 142, -1,
      142, 58, 63, -1,
      142, 63, 143, -1,
      143, 63, 62, -1,
      143, 62, 144, -1,
      144, 62, 61, -1,
      144, 61, 145, -1,
      145, 61, 60, -1,
      145, 60, 146, -1,
      60, 67, 146, -1,
      146, 67, 66, -1,
      146, 66, 147, -1,
      147, 66, 65, -1,
      147, 65, 148, -1,
      68, 108, 149, -1,
      148, 65, 64, -1,
      148, 64, 150, -1,
      150, 64, 71, -1,
      150, 71, 151, -1,
      151, 71, 70, -1,
      151, 70, 149, -1,
      149, 70, 69, -1,
      149, 69, 68, -1,
      131, 130, 133, -1,
      118, 119, 145, -1,
      106, 110, 107, -1,
      107, 110, 111, -1,
      145, 119, 144, -1,
      131, 133, 132, -1,
      132, 133, 134, -1,
      132, 134, 129, -1,
      129, 134, 135, -1,
      129, 135, 128, -1,
      128, 135, 136, -1,
      128, 136, 127, -1,
      127, 136, 137, -1,
      127, 137, 126, -1,
      145, 146, 118, -1,
      118, 146, 147, -1,
      118, 147, 117, -1,
      117, 147, 148, -1,
      117, 148, 116, -1,
      116, 148, 150, -1,
      116, 150, 115, -1,
      115, 150, 151, -1,
      115, 151, 114, -1,
      114, 151, 149, -1,
      114, 149, 113, -1,
      113, 149, 108, -1,
      113, 108, 112, -1,
      119, 120, 144, -1,
      144, 120, 121, -1,
      144, 121, 143, -1,
      143, 121, 122, -1,
      143, 122, 142, -1,
      140, 125, 139, -1,
      139, 125, 126, -1,
      139, 126, 138, -1,
      138, 126, 137, -1,
      142, 122, 141, -1,
      141, 122, 123, -1,
      141, 123, 140, -1,
      140, 123, 124, -1,
      140, 124, 125, -1,
      112, 108, 111, -1,
      111, 108, 109, -1,
      111, 109, 107, -1,
      152, 153, 17, -1,
      17, 153, 6, -1,
      14, 154, 16, -1,
      16, 154, 152, -1,
      16, 152, 17, -1,
      155, 154, 13, -1,
      13, 154, 14, -1,
      9, 156, 15, -1,
      15, 156, 155, -1,
      15, 155, 13, -1,
      157, 156, 8, -1,
      8, 156, 9, -1,
      21, 158, 19, -1,
      19, 158, 157, -1,
      19, 157, 8, -1,
      159, 158, 20, -1,
      20, 158, 21, -1,
      10, 160, 18, -1,
      18, 160, 159, -1,
      18, 159, 20, -1,
      161, 160, 11, -1,
      11, 160, 10, -1,
      22, 162, 12, -1,
      12, 162, 161, -1,
      12, 161, 11, -1,
      163, 162, 23, -1,
      23, 162, 22, -1,
      6, 153, 7, -1,
      7, 153, 163, -1,
      7, 163, 23, -1,
      163, 153, 152, -1,
      152, 154, 163, -1,
      163, 154, 155, -1,
      163, 155, 162, -1,
      160, 161, 159, -1,
      159, 161, 162, -1,
      159, 162, 158, -1,
      158, 162, 155, -1,
      158, 155, 157, -1,
      157, 155, 156, -1,
      164, 165, 166, -1,
      166, 165, 167, -1,
      166, 167, 168, -1,
      168, 167, 169, -1,
      168, 169, 170, -1,
      170, 169, 171, -1,
      170, 171, 172, -1,
      172, 171, 173, -1,
      172, 173, 174, -1,
      174, 173, 175, -1,
      174, 175, 176, -1,
      176, 175, 177, -1,
      176, 177, 178, -1,
      178, 177, 179, -1,
      178, 179, 180, -1,
      180, 179, 181, -1,
      180, 181, 182, -1,
      182, 181, 183, -1,
      182, 183, 184, -1,
      184, 183, 185, -1,
      184, 185, 186, -1,
      186, 185, 187, -1,
      186, 187, 188, -1,
      188, 187, 189, -1,
      188, 189, 190, -1,
      190, 189, 191, -1,
      190, 191, 192, -1,
      192, 191, 193, -1,
      192, 193, 194, -1,
      194, 193, 195, -1,
      194, 195, 196, -1,
      196, 195, 197, -1,
      196, 197, 198, -1,
      198, 197, 199, -1,
      198, 199, 164, -1,
      164, 199, 165, -1,
      179, 177, 82, -1,
      82, 177, 83, -1,
      179, 82, 97, -1,
      179, 97, 181, -1,
      181, 97, 96, -1,
      181, 96, 183, -1,
      183, 96, 95, -1,
      183, 95, 185, -1,
      185, 95, 90, -1,
      185, 90, 187, -1,
      187, 90, 89, -1,
      187, 89, 189, -1,
      189, 89, 88, -1,
      189, 88, 191, -1,
      191, 88, 87, -1,
      191, 87, 193, -1,
      193, 87, 84, -1,
      193, 84, 195, -1,
      195, 84, 85, -1,
      195, 85, 197, -1,
      197, 85, 86, -1,
      197, 86, 199, -1,
      199, 86, 99, -1,
      199, 99, 165, -1,
      165, 99, 98, -1,
      165, 98, 167, -1,
      167, 98, 94, -1,
      167, 94, 169, -1,
      169, 94, 93, -1,
      169, 93, 171, -1,
      171, 93, 92, -1,
      171, 92, 173, -1,
      175, 173, 91, -1,
      91, 173, 92, -1,
      177, 175, 83, -1,
      83, 175, 91, -1,
      172, 174, 200, -1,
      200, 174, 201, -1,
      174, 176, 201, -1,
      201, 176, 202, -1,
      176, 178, 202, -1,
      202, 178, 203, -1,
      186, 204, 205, -1,
      186, 205, 184, -1,
      184, 205, 206, -1,
      184, 206, 182, -1,
      182, 206, 207, -1,
      182, 207, 180, -1,
      180, 207, 203, -1,
      180, 203, 178, -1,
      194, 208, 209, -1,
      194, 209, 192, -1,
      192, 209, 210, -1,
      192, 210, 190, -1,
      190, 210, 211, -1,
      190, 211, 188, -1,
      188, 211, 204, -1,
      188, 204, 186, -1,
      166, 212, 213, -1,
      166, 213, 164, -1,
      164, 213, 214, -1,
      164, 214, 198, -1,
      198, 214, 215, -1,
      198, 215, 196, -1,
      196, 215, 208, -1,
      196, 208, 194, -1,
      172, 200, 216, -1,
      172, 216, 170, -1,
      170, 216, 217, -1,
      170, 217, 168, -1,
      168, 217, 212, -1,
      168, 212, 166, -1,
    ]
  }
}

Shape {
  appearance Appearance {
    material Material {
      diffuseColor 0.8431 0.8157 0.7529
      specularColor 0.4235 0.4078 0.3765
      ambientIntensity 0.2
      transparency 0.0000
      shininess 0.5
    }
  }
  geometry IndexedFaceSet {
    ccw TRUE
    solid FALSE
    coord DEF co Coordinate {
      point [
        2.498296 1.003937 0.977415,
        2.510392 1.003937 0.977500,
        2.510830 1.003937 0.915772,
        2.499204 1.003937 0.915689,
        2.475342 1.003937 0.923871,
        2.476682 1.003937 0.922663,
        2.481973 1.003937 0.919197,
        2.488774 1.003937 0.916770,
        2.466621 1.003937 0.947102,
        2.466865 1.003937 0.942551,
        2.468395 1.003937 0.935107,
        2.471122 1.003937 0.929110,
        2.475242 1.003937 0.969719,
        2.472952 1.003937 0.967419,
        2.469898 1.003937 0.962888,
        2.467702 1.003937 0.956987,
        2.488361 1.003937 0.976293,
        2.481369 1.003937 0.973801,
      ]
    }
    coordIndex [
      1, 2, 0, -1,
      0, 2, 3, -1,
      0, 5, 4, -1,
      3, 7, 0, -1,
      0, 7, 6, -1,
      0, 6, 5, -1,
      4, 11, 0, -1,
      0, 11, 10, -1,
      0, 10, 9, -1,
      9, 8, 0, -1,
      0, 8, 15, -1,
      0, 15, 14, -1,
      14, 13, 0, -1,
      0, 13, 12, -1,
      0, 12, 16, -1,
      16, 12, 17, -1,
    ]
  }
}

Shape {
  appearance Appearance {
    material Material {
      diffuseColor 0.0000 0.0000 0.0000
      specularColor 0.0000 0.0000 0.0000
      ambientIntensity 0.2
      transparency 0.0000
      shininess 0.5
    }
  }
  geometry IndexedFaceSet {
    ccw TRUE
    solid FALSE
    coord DEF co Coordinate {
      point [
        2.409485 1.003937 0.985996,
        2.420537 1.003937 0.986074,
        2.451581 1.003937 0.906273,
        2.429393 1.003937 0.963310,
        2.451601 1.003937 0.906222,
        2.440181 1.003937 0.906142,
        2.440133 1.003937 0.906273,
        2.429393 1.003937 0.927966,
        2.432330 1.003937 0.927987,
        2.379766 1.003937 0.906273,
        2.398989 1.003937 0.927750,
        2.391152 1.003937 0.906273,
        2.390977 1.003937 0.905793,
        2.379557 1.003937 0.905712,
        2.428991 1.004331 0.937010,
        2.416781 1.004331 0.970205,
        2.420537 1.004331 0.986074,
        2.451601 1.004331 0.906222,
        2.440181 1.004331 0.906142,
        2.432330 1.004331 0.927987,
        2.416071 1.004331 0.972589,
        2.415431 1.004331 0.975804,
        2.409485 1.004331 0.985996,
        2.415186 1.004331 0.975802,
        2.414563 1.004331 0.972410,
        2.413977 1.004331 0.970185,
        2.402117 1.004331 0.936820,
        2.379557 1.004331 0.905712,
        2.390977 1.004331 0.905793,
        2.398989 1.004331 0.927750,
        2.428991 1.003937 0.937010,
        2.402117 1.003937 0.936820,
        2.413977 1.003937 0.970185,
        2.415186 1.003937 0.975802,
        2.414563 1.003937 0.972410,
        2.415431 1.003937 0.975804,
        2.416781 1.003937 0.970205,
        2.416071 1.003937 0.972589,
      ]
    }
    coordIndex [
      14, 15, 16, -1,
      17, 18, 19, -1,
      15, 20, 16, -1,
      16, 20, 21, -1,
      16, 21, 22, -1,
      22, 21, 23, -1,
      22, 23, 24, -1,
      24, 25, 22, -1,
      22, 25, 26, -1,
      22, 26, 27, -1,
      28, 27, 29, -1,
      29, 27, 26, -1,
      29, 26, 19, -1,
      19, 26, 14, -1,
      19, 14, 17, -1,
      17, 14, 16, -1,
      0, 22, 9, -1,
      9, 22, 27, -1,
      9, 27, 13, -1,
      16, 22, 1, -1,
      1, 22, 0, -1,
      2, 4, 17, -1,
      2, 17, 3, -1,
      3, 17, 16, -1,
      3, 16, 1, -1,
      18, 17, 5, -1,
      5, 17, 4, -1,
      8, 19, 6, -1,
      6, 19, 18, -1,
      6, 18, 5, -1,
      10, 29, 7, -1,
      7, 29, 19, -1,
      7, 19, 8, -1,
      29, 10, 28, -1,
      28, 10, 11, -1,
      28, 11, 12, -1,
      27, 28, 13, -1,
      13, 28, 12, -1,
      14, 26, 30, -1,
      30, 26, 31, -1,
      26, 25, 31, -1,
      31, 25, 32, -1,
      23, 33, 34, -1,
      23, 34, 24, -1,
      24, 34, 32, -1,
      24, 32, 25, -1,
      23, 21, 33, -1,
      33, 21, 35, -1,
      15, 36, 37, -1,
      15, 37, 20, -1,
      20, 37, 35, -1,
      20, 35, 21, -1,
      15, 14, 36, -1,
      36, 14, 30, -1,
    ]
  }
}

Shape {
  appearance Appearance {
    material Material {
      diffuseColor 0.8431 0.8157 0.7529
      specularColor 0.4235 0.4078 0.3765
      ambientIntensity 0.2
      transparency 0.0000
      shininess 0.5
    }
  }
  geometry IndexedFaceSet {
    ccw TRUE
    solid FALSE
    coord DEF co Coordinate {
      point [
        2.428991 1.003937 0.937010,
        2.402117 1.003937 0.936820,
        2.413977 1.003937 0.970185,
        2.415186 1.003937 0.975802,
        2.414563 1.003937 0.972410,
        2.415431 1.003937 0.975804,
        2.416781 1.003937 0.970205,
        2.416071 1.003937 0.972589,
      ]
    }
    coordIndex [
      3, 5, 4, -1,
      4, 5, 7, -1,
      4, 7, 2, -1,
      2, 7, 6, -1,
      2, 6, 1, -1,
      1, 6, 0, -1,
    ]
  }
}

Shape {
  appearance Appearance {
    material Material {
      diffuseColor 0.0000 0.0000 0.0000
      specularColor 0.0000 0.0000 0.0000
      ambientIntensity 0.2
      transparency 0.0000
      shininess 0.5
    }
  }
  geometry IndexedFaceSet {
    ccw TRUE
    solid FALSE
    coord DEF co Coordinate {
      point [
        2.658664 1.003937 0.789794,
        2.658729 1.003937 0.780666,
        2.690954 1.003937 0.851756,
        2.691135 1.003937 0.826131,
        2.660048 1.003937 0.851536,
        2.662502 1.003937 0.825928,
        2.701792 1.003937 0.780971,
        2.691200 1.003937 0.816961,
        2.691391 1.003937 0.790026,
        2.662567 1.003937 0.816758,
        2.659997 1.003937 0.858698,
        2.659986 1.003937 0.860253,
        2.659983 1.003937 0.860746,
        2.701224 1.003937 0.861039,
        2.701230 1.003937 0.860253,
        2.701241 1.003937 0.858698,
        2.618184 1.003937 0.783432,
        2.621754 1.003937 0.781094,
        2.613210 1.003937 0.780343,
        2.625831 1.003937 0.779654,
        2.631006 1.003937 0.779119,
        2.637000 1.003937 0.779858,
        2.640835 1.003937 0.781335,
        2.643165 1.003937 0.833732,
        2.640810 1.003937 0.835060,
        2.644867 1.003937 0.807851,
        2.641765 1.003937 0.810491,
        2.643235 1.003937 0.823990,
        2.637456 1.003937 0.812646,
        2.636774 1.003937 0.828064,
        2.629916 1.003937 0.814439,
        2.621043 1.003937 0.830394,
        2.624437 1.003937 0.830775,
        2.630492 1.003937 0.830180,
        2.613147 1.003937 0.789185,
        2.613413 1.003937 0.789187,
        2.614993 1.003937 0.786820,
        2.644196 1.003937 0.783715,
        2.645309 1.003937 0.784860,
        2.647371 1.003937 0.787957,
        2.648560 1.003937 0.791358,
        2.649022 1.003937 0.795907,
        2.648982 1.003937 0.797162,
        2.648306 1.003937 0.801476,
        2.646898 1.003937 0.804998,
        2.633281 1.003937 0.837834,
        2.623438 1.003937 0.838914,
        2.617436 1.003937 0.838333,
        2.613209 1.003937 0.837024,
        2.609885 1.003937 0.835101,
        2.607225 1.003937 0.832530,
        2.605193 1.003937 0.829281,
        2.603652 1.003937 0.824719,
        2.612952 1.003937 0.816693,
        2.613270 1.003937 0.821130,
        2.614281 1.003937 0.824708,
        2.615445 1.003937 0.826782,
        2.602920 1.003937 0.817072,
        2.603181 1.003937 0.780272,
        2.616950 1.003937 0.828406,
        2.618722 1.003937 0.829565,
        2.658664 1.004331 0.789794,
        2.658729 1.004331 0.780666,
        2.691391 1.004331 0.790026,
        2.691200 1.004331 0.816961,
        2.662567 1.004331 0.816758,
        2.662502 1.004331 0.825928,
        2.691135 1.004331 0.826131,
        2.690954 1.004331 0.851756,
        2.660048 1.004331 0.851536,
        2.659983 1.004331 0.860746,
        2.701224 1.004331 0.861039,
        2.701792 1.004331 0.780971,
        2.613210 1.004331 0.780343,
        2.603181 1.004331 0.780272,
        2.613147 1.004331 0.789185,
        2.602920 1.004331 0.817072,
        2.612952 1.004331 0.816693,
        2.634597 1.004331 0.805006,
        2.632062 1.004331 0.806114,
        2.626405 1.004331 0.807332,
        2.613007 1.004331 0.809038,
        2.613046 1.004331 0.803553,
        2.613413 1.004331 0.789187,
        2.618693 1.004331 0.790697,
        2.614993 1.004331 0.786820,
        2.621540 1.004331 0.788805,
        2.613060 1.004331 0.802887,
        2.613737 1.004331 0.798417,
        2.615234 1.004331 0.794850,
        2.617426 1.004331 0.791917,
        2.613270 1.004331 0.821130,
        2.603652 1.004331 0.824719,
        2.614281 1.004331 0.824708,
        2.605193 1.004331 0.829281,
        2.615445 1.004331 0.826782,
        2.607225 1.004331 0.832530,
        2.616950 1.004331 0.828406,
        2.609885 1.004331 0.835101,
        2.618722 1.004331 0.829565,
        2.613209 1.004331 0.837024,
        2.621043 1.004331 0.830394,
        2.617436 1.004331 0.838333,
        2.624437 1.004331 0.830775,
        2.623438 1.004331 0.838914,
        2.630492 1.004331 0.830180,
        2.633281 1.004331 0.837834,
        2.636774 1.004331 0.828064,
        2.640810 1.004331 0.835060,
        2.643235 1.004331 0.823990,
        2.643165 1.004331 0.833732,
        2.636831 1.004331 0.790824,
        2.644196 1.004331 0.783715,
        2.635984 1.004331 0.789961,
        2.640835 1.004331 0.781335,
        2.633996 1.004331 0.788582,
        2.637000 1.004331 0.779858,
        2.631733 1.004331 0.787733,
        2.631006 1.004331 0.779119,
        2.628348 1.004331 0.787328,
        2.625831 1.004331 0.779654,
        2.624591 1.004331 0.787721,
        2.621754 1.004331 0.781094,
        2.618184 1.004331 0.783432,
        2.638747 1.004331 0.798245,
        2.648982 1.004331 0.797162,
        2.638843 1.004331 0.796654,
        2.649022 1.004331 0.795907,
        2.638605 1.004331 0.794350,
        2.648560 1.004331 0.791358,
        2.637959 1.004331 0.792523,
        2.647371 1.004331 0.787957,
        2.645309 1.004331 0.784860,
        2.629916 1.004331 0.814439,
        2.637456 1.004331 0.812646,
        2.636131 1.004331 0.803880,
        2.641765 1.004331 0.810491,
        2.637343 1.004331 0.802403,
        2.644867 1.004331 0.807851,
        2.638236 1.004331 0.800539,
        2.646898 1.004331 0.804998,
        2.648306 1.004331 0.801476,
        2.636131 1.003937 0.803880,
        2.634597 1.003937 0.805006,
        2.632062 1.003937 0.806114,
        2.626405 1.003937 0.807332,
        2.638843 1.003937 0.796654,
        2.638747 1.003937 0.798245,
        2.638236 1.003937 0.800539,
        2.637343 1.003937 0.802403,
        2.635984 1.003937 0.789961,
        2.636831 1.003937 0.790824,
        2.637959 1.003937 0.792523,
        2.638605 1.003937 0.794350,
        2.628348 1.003937 0.787328,
        2.631733 1.003937 0.787733,
        2.633996 1.003937 0.788582,
        2.617426 1.003937 0.791917,
        2.618693 1.003937 0.790697,
        2.621540 1.003937 0.788805,
        2.624591 1.003937 0.787721,
        2.613046 1.003937 0.803553,
        2.613060 1.003937 0.802887,
        2.613737 1.003937 0.798417,
        2.615234 1.003937 0.794850,
        2.613007 1.003937 0.809038,
      ]
    }
    coordIndex [
      61, 62, 0, -1,
      0, 62, 1, -1,
      63, 61, 8, -1,
      8, 61, 0, -1,
      64, 63, 7, -1,
      7, 63, 8, -1,
      65, 64, 9, -1,
      9, 64, 7, -1,
      66, 65, 5, -1,
      5, 65, 9, -1,
      67, 66, 3, -1,
      3, 66, 5, -1,
      68, 67, 2, -1,
      2, 67, 3, -1,
      69, 68, 4, -1,
      4, 68, 2, -1,
      11, 12, 70, -1,
      11, 70, 10, -1,
      10, 70, 69, -1,
      10, 69, 4, -1,
      71, 70, 13, -1,
      13, 70, 12, -1,
      6, 72, 15, -1,
      15, 72, 71, -1,
      15, 71, 14, -1,
      14, 71, 13, -1,
      62, 72, 1, -1,
      1, 72, 6, -1,
      72, 62, 61, -1,
      61, 63, 72, -1,
      72, 63, 64, -1,
      72, 64, 71, -1,
      69, 70, 68, -1,
      68, 70, 71, -1,
      68, 71, 67, -1,
      67, 71, 64, -1,
      67, 64, 66, -1,
      66, 64, 65, -1,
      73, 74, 75, -1,
      75, 74, 76, -1,
      77, 78, 79, -1,
      80, 81, 76, -1,
      76, 81, 82, -1,
      83, 84, 85, -1,
      85, 84, 86, -1,
      82, 87, 76, -1,
      76, 87, 88, -1,
      76, 88, 75, -1,
      75, 88, 89, -1,
      75, 89, 83, -1,
      83, 89, 90, -1,
      83, 90, 84, -1,
      79, 80, 77, -1,
      77, 80, 76, -1,
      77, 76, 91, -1,
      91, 76, 92, -1,
      91, 92, 93, -1,
      93, 92, 94, -1,
      93, 94, 95, -1,
      95, 94, 96, -1,
      95, 96, 97, -1,
      97, 96, 98, -1,
      97, 98, 99, -1,
      99, 98, 100, -1,
      99, 100, 101, -1,
      101, 100, 102, -1,
      101, 102, 103, -1,
      103, 102, 104, -1,
      103, 104, 105, -1,
      105, 104, 106, -1,
      105, 106, 107, -1,
      107, 106, 108, -1,
      107, 108, 109, -1,
      109, 108, 110, -1,
      111, 112, 113, -1,
      113, 112, 114, -1,
      113, 114, 115, -1,
      115, 114, 116, -1,
      115, 116, 117, -1,
      117, 116, 118, -1,
      117, 118, 119, -1,
      119, 118, 120, -1,
      119, 120, 121, -1,
      121, 120, 122, -1,
      121, 122, 86, -1,
      86, 122, 123, -1,
      86, 123, 85, -1,
      124, 125, 126, -1,
      126, 125, 127, -1,
      126, 127, 128, -1,
      128, 127, 129, -1,
      128, 129, 130, -1,
      130, 129, 131, -1,
      130, 131, 111, -1,
      111, 131, 132, -1,
      111, 132, 112, -1,
      77, 133, 78, -1,
      78, 133, 134, -1,
      78, 134, 135, -1,
      135, 134, 136, -1,
      135, 136, 137, -1,
      137, 136, 138, -1,
      137, 138, 139, -1,
      139, 138, 140, -1,
      139, 140, 124, -1,
      124, 140, 141, -1,
      124, 141, 125, -1,
      104, 46, 45, -1,
      104, 45, 106, -1,
      106, 45, 24, -1,
      106, 24, 108, -1,
      108, 24, 23, -1,
      108, 23, 110, -1,
      109, 110, 27, -1,
      27, 110, 23, -1,
      109, 27, 29, -1,
      109, 29, 107, -1,
      107, 29, 33, -1,
      107, 33, 105, -1,
      105, 33, 32, -1,
      105, 32, 103, -1,
      103, 32, 31, -1,
      103, 31, 101, -1,
      101, 31, 60, -1,
      101, 60, 99, -1,
      99, 60, 59, -1,
      99, 59, 97, -1,
      97, 59, 56, -1,
      97, 56, 95, -1,
      95, 56, 55, -1,
      95, 55, 93, -1,
      93, 55, 54, -1,
      93, 54, 91, -1,
      91, 54, 53, -1,
      91, 53, 77, -1,
      133, 77, 30, -1,
      30, 77, 53, -1,
      133, 30, 28, -1,
      133, 28, 134, -1,
      134, 28, 26, -1,
      134, 26, 136, -1,
      136, 26, 25, -1,
      136, 25, 138, -1,
      138, 25, 44, -1,
      138, 44, 140, -1,
      140, 44, 43, -1,
      140, 43, 141, -1,
      141, 43, 42, -1,
      141, 42, 125, -1,
      125, 42, 41, -1,
      125, 41, 127, -1,
      127, 41, 40, -1,
      127, 40, 129, -1,
      129, 40, 39, -1,
      129, 39, 131, -1,
      131, 39, 38, -1,
      131, 38, 132, -1,
      132, 38, 37, -1,
      132, 37, 112, -1,
      112, 37, 22, -1,
      112, 22, 114, -1,
      114, 22, 21, -1,
      114, 21, 116, -1,
      116, 21, 20, -1,
      116, 20, 118, -1,
      118, 20, 19, -1,
      118, 19, 120, -1,
      120, 19, 17, -1,
      120, 17, 122, -1,
      122, 17, 16, -1,
      122, 16, 123, -1,
      123, 16, 36, -1,
      123, 36, 85, -1,
      85, 36, 35, -1,
      85, 35, 83, -1,
      75, 83, 34, -1,
      34, 83, 35, -1,
      73, 75, 18, -1,
      18, 75, 34, -1,
      74, 73, 58, -1,
      58, 73, 18, -1,
      76, 74, 57, -1,
      57, 74, 58, -1,
      76, 57, 52, -1,
      76, 52, 92, -1,
      92, 52, 51, -1,
      92, 51, 94, -1,
      94, 51, 50, -1,
      94, 50, 96, -1,
      96, 50, 49, -1,
      96, 49, 98, -1,
      98, 49, 48, -1,
      98, 48, 100, -1,
      100, 48, 47, -1,
      100, 47, 102, -1,
      102, 47, 46, -1,
      102, 46, 104, -1,
      135, 142, 143, -1,
      135, 143, 78, -1,
      78, 143, 144, -1,
      78, 144, 79, -1,
      79, 144, 145, -1,
      79, 145, 80, -1,
      126, 146, 147, -1,
      126, 147, 124, -1,
      124, 147, 148, -1,
      124, 148, 139, -1,
      139, 148, 149, -1,
      139, 149, 137, -1,
      137, 149, 142, -1,
      137, 142, 135, -1,
      113, 150, 151, -1,
      113, 151, 111, -1,
      111, 151, 152, -1,
      111, 152, 130, -1,
      130, 152, 153, -1,
      130, 153, 128, -1,
      128, 153, 146, -1,
      128, 146, 126, -1,
      119, 154, 155, -1,
      119, 155, 117, -1,
      117, 155, 156, -1,
      117, 156, 115, -1,
      115, 156, 150, -1,
      115, 150, 113, -1,
      90, 157, 158, -1,
      90, 158, 84, -1,
      84, 158, 159, -1,
      84, 159, 86, -1,
      86, 159, 160, -1,
      86, 160, 121, -1,
      121, 160, 154, -1,
      121, 154, 119, -1,
      82, 161, 162, -1,
      82, 162, 87, -1,
      87, 162, 163, -1,
      87, 163, 88, -1,
      88, 163, 164, -1,
      88, 164, 89, -1,
      89, 164, 157, -1,
      89, 157, 90, -1,
      82, 81, 161, -1,
      161, 81, 165, -1,
      81, 80, 165, -1,
      165, 80, 145, -1,
    ]
  }
}

Shape {
  appearance Appearance {
    material Material {
      diffuseColor 0.8431 0.8157 0.7529
      specularColor 0.4235 0.4078 0.3765
      ambientIntensity 0.2
      transparency 0.0000
      shininess 0.5
    }
  }
  geometry IndexedFaceSet {
    ccw TRUE
    solid FALSE
    coord DEF co Coordinate {
      point [
        2.636131 1.003937 0.803880,
        2.634597 1.003937 0.805006,
        2.632062 1.003937 0.806114,
        2.626405 1.003937 0.807332,
        2.638843 1.003937 0.796654,
        2.638747 1.003937 0.798245,
        2.638236 1.003937 0.800539,
        2.637343 1.003937 0.802403,
        2.635984 1.003937 0.789961,
        2.636831 1.003937 0.790824,
        2.637959 1.003937 0.792523,
        2.638605 1.003937 0.794350,
        2.628348 1.003937 0.787328,
        2.631733 1.003937 0.787733,
        2.633996 1.003937 0.788582,
        2.617426 1.003937 0.791917,
        2.618693 1.003937 0.790697,
        2.621540 1.003937 0.788805,
        2.624591 1.003937 0.787721,
        2.613046 1.003937 0.803553,
        2.613060 1.003937 0.802887,
        2.613737 1.003937 0.798417,
        2.615234 1.003937 0.794850,
        2.613007 1.003937 0.809038,
      ]
    }
    coordIndex [
      23, 3, 19, -1,
      19, 3, 2, -1,
      2, 1, 19, -1,
      19, 1, 0, -1,
      19, 0, 20, -1,
      20, 0, 21, -1,
      21, 0, 7, -1,
      21, 7, 22, -1,
      9, 8, 16, -1,
      9, 16, 10, -1,
      17, 16, 18, -1,
      18, 16, 12, -1,
      7, 6, 22, -1,
      22, 6, 5, -1,
      22, 5, 15, -1,
      15, 5, 4, -1,
      15, 4, 16, -1,
      16, 4, 11, -1,
      16, 11, 10, -1,
      8, 14, 16, -1,
      16, 14, 13, -1,
      16, 13, 12, -1,
    ]
  }
}

Shape {
  appearance Appearance {
    material Material {
      diffuseColor 0.0000 0.0000 0.0000
      specularColor 0.0000 0.0000 0.0000
      ambientIntensity 0.2
      transparency 0.0000
      shininess 0.5
    }
  }
  geometry IndexedFaceSet {
    ccw TRUE
    solid FALSE
    coord DEF co Coordinate {
      point [
        2.479483 1.003937 0.859467,
        2.453669 1.003937 0.859283,
        2.585712 1.003937 0.831429,
        2.584498 1.003937 0.832506,
        2.534129 1.003937 0.836970,
        2.528761 1.003937 0.821167,
        2.421863 1.003937 0.778986,
        2.421297 1.003937 0.858698,
        2.385785 1.003937 0.857342,
        2.376209 1.003937 0.853650,
        2.360239 1.003937 0.837677,
        2.357461 1.003937 0.829889,
        2.362655 1.003937 0.796889,
        2.368671 1.003937 0.789826,
        2.370738 1.003937 0.788050,
        2.378735 1.003937 0.783063,
        2.388292 1.003937 0.779911,
        2.399840 1.003937 0.778830,
        2.368257 1.003937 0.848075,
        2.365038 1.003937 0.844825,
        2.356383 1.003937 0.819581,
        2.356657 1.003937 0.814511,
        2.358658 1.003937 0.805146,
        2.421295 1.003937 0.859054,
        2.396875 1.003937 0.858698,
        2.398454 1.003937 0.858892,
        2.519493 1.003937 0.793883,
        2.518298 1.003937 0.789167,
        2.518032 1.003937 0.789165,
        2.516871 1.003937 0.771022,
        2.521474 1.003937 0.762213,
        2.480051 1.003937 0.779399,
        2.490452 1.003937 0.836661,
        2.479488 1.003937 0.858698,
        2.500849 1.003937 0.836735,
        2.525175 1.003937 0.757831,
        2.525863 1.003937 0.757209,
        2.528761 1.003937 0.755215,
        2.545345 1.003937 0.837050,
        2.543805 1.003937 0.762658,
        2.543869 1.003937 0.753734,
        2.529383 1.003937 0.754786,
        2.533352 1.003937 0.753307,
        2.537407 1.003937 0.752869,
        2.539620 1.003937 0.752965,
        2.541758 1.003937 0.761971,
        2.538123 1.003937 0.761471,
        2.531661 1.003937 0.763797,
        2.535713 1.003937 0.761724,
        2.533511 1.003937 0.762532,
        2.561320 1.003937 0.838096,
        2.553315 1.003937 0.835878,
        2.554149 1.003937 0.804937,
        2.552296 1.003937 0.802161,
        2.553384 1.003937 0.826136,
        2.551247 1.003937 0.799196,
        2.550859 1.003937 0.795457,
        2.566846 1.003937 0.838513,
        2.582720 1.003937 0.834081,
        2.579771 1.003937 0.835819,
        2.574265 1.003937 0.837754,
        2.554507 1.003937 0.785630,
        2.557394 1.003937 0.783141,
        2.551365 1.003937 0.791431,
        2.552619 1.003937 0.788261,
        2.560298 1.003937 0.781440,
        2.565766 1.003937 0.779546,
        2.574087 1.003937 0.778715,
        2.567887 1.003937 0.830374,
        2.570857 1.003937 0.830172,
        2.578891 1.003937 0.822756,
        2.573545 1.003937 0.829481,
        2.575802 1.003937 0.828301,
        2.578809 1.003937 0.821421,
        2.578422 1.003937 0.819860,
        2.577709 1.003937 0.818502,
        2.576739 1.003937 0.817419,
        2.573219 1.003937 0.815183,
        2.561306 1.003937 0.829578,
        2.567031 1.003937 0.812437,
        2.555664 1.003937 0.827464,
        2.563159 1.003937 0.810839,
        2.556525 1.003937 0.807087,
        2.577325 1.003937 0.826974,
        2.578194 1.003937 0.825704,
        2.578698 1.003937 0.824354,
        2.585600 1.003937 0.790085,
        2.584498 1.003937 0.789662,
        2.584498 1.003937 0.810915,
        2.588830 1.003937 0.818031,
        2.589233 1.003937 0.821928,
        2.588812 1.003937 0.825511,
        2.587595 1.003937 0.828732,
        2.586453 1.003937 0.812862,
        2.587746 1.003937 0.814961,
        2.589504 1.003937 0.792538,
        2.589577 1.003937 0.782181,
        2.584498 1.003937 0.780369,
        2.582419 1.003937 0.779626,
        2.584824 1.003937 0.811134,
        2.579328 1.003937 0.787674,
        2.574165 1.003937 0.805201,
        2.580123 1.003937 0.807984,
        2.573046 1.003937 0.786895,
        2.572603 1.003937 0.786894,
        2.567599 1.003937 0.802396,
        2.567458 1.003937 0.787434,
        2.561161 1.003937 0.794547,
        2.561250 1.003937 0.795796,
        2.564863 1.003937 0.788363,
        2.563945 1.003937 0.788911,
        2.562787 1.003937 0.789924,
        2.561902 1.003937 0.791213,
        2.561382 1.003937 0.792635,
        2.561695 1.003937 0.797365,
        2.562461 1.003937 0.798700,
        2.563701 1.003937 0.800010,
        2.529779 1.003937 0.765877,
        2.528761 1.003937 0.767714,
        2.528761 1.003937 0.793969,
        2.527792 1.003937 0.769462,
        2.523317 1.003937 0.779828,
        2.436988 1.003937 0.779093,
        2.453669 1.003937 0.779212,
        2.436923 1.003937 0.788222,
        2.438307 1.003937 0.849964,
        2.438245 1.003937 0.858698,
        2.469459 1.003937 0.815389,
        2.469650 1.003937 0.788454,
        2.453669 1.003937 0.815277,
        2.453669 1.003937 0.788341,
        2.440826 1.003937 0.815185,
        2.440761 1.003937 0.824355,
        2.453669 1.003937 0.824446,
        2.453669 1.003937 0.850072,
        2.469212 1.003937 0.850183,
        2.469394 1.003937 0.824558,
        2.438241 1.003937 0.859174,
        2.517557 1.003937 0.791122,
        2.516771 1.003937 0.793782,
        2.573046 1.004331 0.786895,
        2.585600 1.004331 0.790085,
        2.579328 1.004331 0.787674,
        2.589504 1.004331 0.792538,
        2.589577 1.004331 0.782181,
        2.574087 1.004331 0.778715,
        2.582419 1.004331 0.779626,
        2.565766 1.004331 0.779546,
        2.560298 1.004331 0.781440,
        2.557394 1.004331 0.783141,
        2.554507 1.004331 0.785630,
        2.552619 1.004331 0.788261,
        2.551365 1.004331 0.791431,
        2.550859 1.004331 0.795457,
        2.551247 1.004331 0.799196,
        2.552296 1.004331 0.802161,
        2.554149 1.004331 0.804937,
        2.556525 1.004331 0.807087,
        2.563159 1.004331 0.810839,
        2.567031 1.004331 0.812437,
        2.573219 1.004331 0.815183,
        2.576739 1.004331 0.817419,
        2.577709 1.004331 0.818502,
        2.578422 1.004331 0.819860,
        2.578809 1.004331 0.821421,
        2.578891 1.004331 0.822756,
        2.578698 1.004331 0.824354,
        2.578194 1.004331 0.825704,
        2.577325 1.004331 0.826974,
        2.575802 1.004331 0.828301,
        2.573545 1.004331 0.829481,
        2.570857 1.004331 0.830172,
        2.567887 1.004331 0.830374,
        2.561306 1.004331 0.829578,
        2.555664 1.004331 0.827464,
        2.553384 1.004331 0.826136,
        2.553315 1.004331 0.835878,
        2.561320 1.004331 0.838096,
        2.566846 1.004331 0.838513,
        2.574265 1.004331 0.837754,
        2.579771 1.004331 0.835819,
        2.582720 1.004331 0.834081,
        2.585712 1.004331 0.831429,
        2.587595 1.004331 0.828732,
        2.588812 1.004331 0.825511,
        2.589233 1.004331 0.821928,
        2.588830 1.004331 0.818031,
        2.587746 1.004331 0.814961,
        2.586453 1.004331 0.812862,
        2.574165 1.004331 0.805201,
        2.580123 1.004331 0.807984,
        2.584824 1.004331 0.811134,
        2.567599 1.004331 0.802396,
        2.563701 1.004331 0.800010,
        2.562461 1.004331 0.798700,
        2.561695 1.004331 0.797365,
        2.561250 1.004331 0.795796,
        2.561161 1.004331 0.794547,
        2.561382 1.004331 0.792635,
        2.561902 1.004331 0.791213,
        2.562787 1.004331 0.789924,
        2.563945 1.004331 0.788911,
        2.564863 1.004331 0.788363,
        2.567458 1.004331 0.787434,
        2.572603 1.004331 0.786894,
        2.500849 1.004331 0.836735,
        2.490452 1.004331 0.836661,
        2.516771 1.004331 0.793782,
        2.517557 1.004331 0.791122,
        2.518032 1.004331 0.789165,
        2.518298 1.004331 0.789167,
        2.519493 1.004331 0.793883,
        2.534129 1.004331 0.836970,
        2.545345 1.004331 0.837050,
        2.523317 1.004331 0.779828,
        2.527792 1.004331 0.769462,
        2.529779 1.004331 0.765877,
        2.531661 1.004331 0.763797,
        2.533511 1.004331 0.762532,
        2.535713 1.004331 0.761724,
        2.538123 1.004331 0.761471,
        2.541758 1.004331 0.761971,
        2.543805 1.004331 0.762658,
        2.543869 1.004331 0.753734,
        2.539620 1.004331 0.752965,
        2.537407 1.004331 0.752869,
        2.533352 1.004331 0.753307,
        2.529383 1.004331 0.754786,
        2.525863 1.004331 0.757209,
        2.525175 1.004331 0.757831,
        2.521474 1.004331 0.762213,
        2.516871 1.004331 0.771022,
        2.436923 1.004331 0.788222,
        2.436988 1.004331 0.779093,
        2.469650 1.004331 0.788454,
        2.469459 1.004331 0.815389,
        2.440826 1.004331 0.815185,
        2.440761 1.004331 0.824355,
        2.469394 1.004331 0.824558,
        2.469212 1.004331 0.850183,
        2.438307 1.004331 0.849964,
        2.438241 1.004331 0.859174,
        2.479483 1.004331 0.859467,
        2.480051 1.004331 0.779399,
        2.373584 1.004331 0.839689,
        2.365038 1.004331 0.844825,
        2.375874 1.004331 0.841989,
        2.368257 1.004331 0.848075,
        2.382001 1.004331 0.846070,
        2.376209 1.004331 0.853650,
        2.388994 1.004331 0.848562,
        2.385785 1.004331 0.857342,
        2.398928 1.004331 0.849684,
        2.398454 1.004331 0.858892,
        2.411024 1.004331 0.849770,
        2.421295 1.004331 0.859054,
        2.411462 1.004331 0.788041,
        2.421863 1.004331 0.778986,
        2.399837 1.004331 0.787959,
        2.399840 1.004331 0.778830,
        2.389407 1.004331 0.789040,
        2.388292 1.004331 0.779911,
        2.382605 1.004331 0.791467,
        2.378735 1.004331 0.783063,
        2.377315 1.004331 0.794933,
        2.370738 1.004331 0.788050,
        2.375974 1.004331 0.796141,
        2.368671 1.004331 0.789826,
        2.371754 1.004331 0.801380,
        2.362655 1.004331 0.796889,
        2.369027 1.004331 0.807377,
        2.358658 1.004331 0.805146,
        2.367497 1.004331 0.814820,
        2.356657 1.004331 0.814511,
        2.367254 1.004331 0.819371,
        2.356383 1.004331 0.819581,
        2.368334 1.004331 0.829257,
        2.357461 1.004331 0.829889,
        2.370531 1.004331 0.835157,
        2.360239 1.004331 0.837677,
        2.398928 1.003937 0.849684,
        2.411024 1.003937 0.849770,
        2.411462 1.003937 0.788041,
        2.399837 1.003937 0.787959,
        2.375974 1.003937 0.796141,
        2.377315 1.003937 0.794933,
        2.382605 1.003937 0.791467,
        2.389407 1.003937 0.789040,
        2.367254 1.003937 0.819371,
        2.367497 1.003937 0.814820,
        2.369027 1.003937 0.807377,
        2.371754 1.003937 0.801380,
        2.375874 1.003937 0.841989,
        2.373584 1.003937 0.839689,
        2.370531 1.003937 0.835157,
        2.368334 1.003937 0.829257,
        2.388994 1.003937 0.848562,
        2.382001 1.003937 0.846070,
      ]
    }
    coordIndex [
      140, 103, 100, -1,
      87, 141, 100, -1,
      100, 141, 142, -1,
      100, 142, 140, -1,
      87, 86, 141, -1,
      141, 86, 95, -1,
      141, 95, 143, -1,
      144, 143, 96, -1,
      96, 143, 95, -1,
      67, 145, 146, -1,
      144, 96, 97, -1,
      144, 97, 146, -1,
      146, 97, 98, -1,
      146, 98, 67, -1,
      145, 67, 66, -1,
      145, 66, 147, -1,
      147, 66, 65, -1,
      147, 65, 148, -1,
      148, 65, 62, -1,
      148, 62, 149, -1,
      149, 62, 61, -1,
      149, 61, 150, -1,
      150, 61, 64, -1,
      150, 64, 151, -1,
      151, 64, 63, -1,
      151, 63, 152, -1,
      152, 63, 56, -1,
      152, 56, 153, -1,
      153, 56, 55, -1,
      153, 55, 154, -1,
      154, 55, 53, -1,
      154, 53, 155, -1,
      155, 53, 52, -1,
      155, 52, 156, -1,
      156, 52, 82, -1,
      156, 82, 157, -1,
      157, 82, 81, -1,
      157, 81, 158, -1,
      158, 81, 79, -1,
      158, 79, 159, -1,
      159, 79, 77, -1,
      159, 77, 160, -1,
      160, 77, 76, -1,
      160, 76, 161, -1,
      161, 76, 75, -1,
      161, 75, 162, -1,
      162, 75, 74, -1,
      162, 74, 163, -1,
      163, 74, 73, -1,
      163, 73, 164, -1,
      164, 73, 70, -1,
      164, 70, 165, -1,
      165, 70, 85, -1,
      165, 85, 166, -1,
      166, 85, 84, -1,
      166, 84, 167, -1,
      167, 84, 83, -1,
      167, 83, 168, -1,
      168, 83, 72, -1,
      168, 72, 169, -1,
      169, 72, 71, -1,
      169, 71, 170, -1,
      170, 71, 69, -1,
      170, 69, 171, -1,
      171, 69, 68, -1,
      171, 68, 172, -1,
      172, 68, 78, -1,
      172, 78, 173, -1,
      173, 78, 80, -1,
      173, 80, 174, -1,
      174, 80, 54, -1,
      174, 54, 175, -1,
      176, 175, 51, -1,
      51, 175, 54, -1,
      176, 51, 50, -1,
      176, 50, 177, -1,
      177, 50, 57, -1,
      177, 57, 178, -1,
      178, 57, 60, -1,
      178, 60, 179, -1,
      179, 60, 59, -1,
      179, 59, 180, -1,
      180, 59, 58, -1,
      180, 58, 181, -1,
      182, 181, 3, -1,
      3, 181, 58, -1,
      3, 2, 182, -1,
      182, 2, 92, -1,
      182, 92, 183, -1,
      183, 92, 91, -1,
      183, 91, 184, -1,
      184, 91, 90, -1,
      184, 90, 185, -1,
      185, 90, 89, -1,
      185, 89, 186, -1,
      186, 89, 94, -1,
      186, 94, 187, -1,
      187, 94, 93, -1,
      187, 93, 188, -1,
      101, 189, 190, -1,
      188, 93, 99, -1,
      188, 99, 191, -1,
      191, 99, 88, -1,
      191, 88, 190, -1,
      190, 88, 102, -1,
      190, 102, 101, -1,
      189, 101, 105, -1,
      189, 105, 192, -1,
      192, 105, 116, -1,
      192, 116, 193, -1,
      193, 116, 115, -1,
      193, 115, 194, -1,
      194, 115, 114, -1,
      194, 114, 195, -1,
      195, 114, 108, -1,
      195, 108, 196, -1,
      196, 108, 107, -1,
      196, 107, 197, -1,
      197, 107, 113, -1,
      197, 113, 198, -1,
      198, 113, 112, -1,
      198, 112, 199, -1,
      199, 112, 111, -1,
      199, 111, 200, -1,
      200, 111, 110, -1,
      200, 110, 201, -1,
      201, 110, 109, -1,
      201, 109, 202, -1,
      202, 109, 106, -1,
      202, 106, 203, -1,
      203, 106, 104, -1,
      203, 104, 204, -1,
      204, 104, 103, -1,
      204, 103, 140, -1,
      168, 169, 180, -1,
      180, 169, 179, -1,
      192, 159, 189, -1,
      189, 159, 160, -1,
      148, 149, 200, -1,
      200, 149, 150, -1,
      200, 150, 199, -1,
      199, 150, 151, -1,
      199, 151, 198, -1,
      198, 151, 152, -1,
      198, 152, 197, -1,
      197, 152, 153, -1,
      197, 153, 196, -1,
      196, 153, 154, -1,
      196, 154, 195, -1,
      195, 154, 155, -1,
      195, 155, 194, -1,
      194, 155, 156, -1,
      194, 156, 193, -1,
      193, 156, 157, -1,
      193, 157, 192, -1,
      192, 157, 158, -1,
      192, 158, 159, -1,
      145, 140, 146, -1,
      146, 140, 142, -1,
      146, 142, 144, -1,
      144, 142, 141, -1,
      144, 141, 143, -1,
      169, 170, 179, -1,
      179, 170, 171, -1,
      179, 171, 178, -1,
      178, 171, 172, -1,
      178, 172, 177, -1,
      177, 172, 173, -1,
      177, 173, 176, -1,
      176, 173, 174, -1,
      176, 174, 175, -1,
      200, 201, 148, -1,
      148, 201, 202, -1,
      148, 202, 147, -1,
      147, 202, 203, -1,
      147, 203, 145, -1,
      145, 203, 204, -1,
      145, 204, 140, -1,
      180, 181, 168, -1,
      168, 181, 182, -1,
      168, 182, 167, -1,
      167, 182, 183, -1,
      167, 183, 166, -1,
      166, 183, 184, -1,
      166, 184, 165, -1,
      165, 184, 185, -1,
      165, 185, 164, -1,
      164, 185, 186, -1,
      164, 186, 163, -1,
      163, 186, 187, -1,
      163, 187, 162, -1,
      162, 187, 188, -1,
      162, 188, 161, -1,
      161, 188, 191, -1,
      161, 191, 160, -1,
      160, 191, 190, -1,
      160, 190, 189, -1,
      205, 206, 34, -1,
      34, 206, 32, -1,
      207, 205, 139, -1,
      139, 205, 34, -1,
      207, 139, 138, -1,
      207, 138, 208, -1,
      208, 138, 28, -1,
      208, 28, 209, -1,
      210, 209, 27, -1,
      27, 209, 28, -1,
      211, 210, 26, -1,
      26, 210, 27, -1,
      4, 212, 5, -1,
      5, 212, 211, -1,
      5, 211, 26, -1,
      213, 212, 38, -1,
      38, 212, 4, -1,
      121, 214, 119, -1,
      119, 214, 213, -1,
      119, 213, 38, -1,
      215, 214, 120, -1,
      120, 214, 121, -1,
      215, 120, 118, -1,
      215, 118, 216, -1,
      118, 117, 216, -1,
      216, 117, 47, -1,
      216, 47, 217, -1,
      217, 47, 49, -1,
      217, 49, 218, -1,
      218, 49, 48, -1,
      218, 48, 219, -1,
      219, 48, 46, -1,
      219, 46, 220, -1,
      220, 46, 45, -1,
      220, 45, 221, -1,
      221, 45, 39, -1,
      221, 39, 222, -1,
      223, 222, 40, -1,
      40, 222, 39, -1,
      223, 40, 44, -1,
      223, 44, 224, -1,
      224, 44, 43, -1,
      224, 43, 225, -1,
      225, 43, 42, -1,
      225, 42, 226, -1,
      226, 42, 41, -1,
      226, 41, 227, -1,
      227, 41, 37, -1,
      227, 37, 228, -1,
      37, 36, 228, -1,
      228, 36, 35, -1,
      228, 35, 229, -1,
      229, 35, 30, -1,
      229, 30, 230, -1,
      230, 30, 29, -1,
      230, 29, 231, -1,
      206, 231, 32, -1,
      32, 231, 29, -1,
      208, 209, 231, -1,
      206, 205, 231, -1,
      231, 205, 207, -1,
      231, 207, 208, -1,
      212, 213, 211, -1,
      211, 213, 214, -1,
      211, 214, 210, -1,
      230, 216, 229, -1,
      229, 216, 217, -1,
      222, 223, 221, -1,
      221, 223, 224, -1,
      221, 224, 220, -1,
      220, 224, 225, -1,
      220, 225, 219, -1,
      219, 225, 226, -1,
      219, 226, 218, -1,
      218, 226, 227, -1,
      218, 227, 217, -1,
      217, 227, 228, -1,
      217, 228, 229, -1,
      209, 210, 231, -1,
      231, 210, 214, -1,
      231, 214, 230, -1,
      230, 214, 215, -1,
      230, 215, 216, -1,
      232, 233, 124, -1,
      124, 233, 122, -1,
      128, 234, 130, -1,
      130, 234, 232, -1,
      130, 232, 124, -1,
      235, 234, 127, -1,
      127, 234, 128, -1,
      131, 236, 129, -1,
      129, 236, 235, -1,
      129, 235, 127, -1,
      237, 236, 132, -1,
      132, 236, 131, -1,
      136, 238, 133, -1,
      133, 238, 237, -1,
      133, 237, 132, -1,
      239, 238, 135, -1,
      135, 238, 136, -1,
      125, 240, 134, -1,
      134, 240, 239, -1,
      134, 239, 135, -1,
      240, 125, 241, -1,
      241, 125, 126, -1,
      241, 126, 137, -1,
      0, 242, 1, -1,
      1, 242, 241, -1,
      1, 241, 137, -1,
      31, 243, 33, -1,
      33, 243, 242, -1,
      33, 242, 0, -1,
      122, 233, 123, -1,
      123, 233, 243, -1,
      123, 243, 31, -1,
      243, 233, 232, -1,
      232, 234, 243, -1,
      243, 234, 235, -1,
      243, 235, 242, -1,
      240, 241, 239, -1,
      239, 241, 242, -1,
      239, 242, 238, -1,
      238, 242, 235, -1,
      238, 235, 237, -1,
      237, 235, 236, -1,
      244, 245, 246, -1,
      246, 245, 247, -1,
      246, 247, 248, -1,
      248, 247, 249, -1,
      248, 249, 250, -1,
      250, 249, 251, -1,
      250, 251, 252, -1,
      252, 251, 253, -1,
      252, 253, 254, -1,
      254, 253, 255, -1,
      254, 255, 256, -1,
      256, 255, 257, -1,
      256, 257, 258, -1,
      258, 257, 259, -1,
      258, 259, 260, -1,
      260, 259, 261, -1,
      260, 261, 262, -1,
      262, 261, 263, -1,
      262, 263, 264, -1,
      264, 263, 265, -1,
      264, 265, 266, -1,
      266, 265, 267, -1,
      266, 267, 268, -1,
      268, 267, 269, -1,
      268, 269, 270, -1,
      270, 269, 271, -1,
      270, 271, 272, -1,
      272, 271, 273, -1,
      272, 273, 274, -1,
      274, 273, 275, -1,
      274, 275, 276, -1,
      276, 275, 277, -1,
      276, 277, 278, -1,
      278, 277, 279, -1,
      278, 279, 244, -1,
      244, 279, 245, -1,
      259, 257, 17, -1,
      17, 257, 6, -1,
      259, 17, 16, -1,
      259, 16, 261, -1,
      261, 16, 15, -1,
      261, 15, 263, -1,
      263, 15, 14, -1,
      263, 14, 265, -1,
      265, 14, 13, -1,
      265, 13, 267, -1,
      267, 13, 12, -1,
      267, 12, 269, -1,
      269, 12, 22, -1,
      269, 22, 271, -1,
      271, 22, 21, -1,
      271, 21, 273, -1,
      273, 21, 20, -1,
      273, 20, 275, -1,
      275, 20, 11, -1,
      275, 11, 277, -1,
      277, 11, 10, -1,
      277, 10, 279, -1,
      279, 10, 19, -1,
      279, 19, 245, -1,
      245, 19, 18, -1,
      245, 18, 247, -1,
      25, 253, 24, -1,
      24, 253, 251, -1,
      24, 251, 8, -1,
      8, 251, 249, -1,
      8, 249, 9, -1,
      9, 249, 247, -1,
      9, 247, 18, -1,
      255, 253, 23, -1,
      23, 253, 25, -1,
      6, 257, 7, -1,
      7, 257, 255, -1,
      7, 255, 23, -1,
      252, 254, 280, -1,
      280, 254, 281, -1,
      254, 256, 281, -1,
      281, 256, 282, -1,
      256, 258, 282, -1,
      282, 258, 283, -1,
      266, 284, 285, -1,
      266, 285, 264, -1,
      264, 285, 286, -1,
      264, 286, 262, -1,
      262, 286, 287, -1,
      262, 287, 260, -1,
      260, 287, 283, -1,
      260, 283, 258, -1,
      274, 288, 289, -1,
      274, 289, 272, -1,
      272, 289, 290, -1,
      272, 290, 270, -1,
      270, 290, 291, -1,
      270, 291, 268, -1,
      268, 291, 284, -1,
      268, 284, 266, -1,
      246, 292, 293, -1,
      246, 293, 244, -1,
      244, 293, 294, -1,
      244, 294, 278, -1,
      278, 294, 295, -1,
      278, 295, 276, -1,
      276, 295, 288, -1,
      276, 288, 274, -1,
      252, 280, 296, -1,
      252, 296, 250, -1,
      250, 296, 297, -1,
      250, 297, 248, -1,
      248, 297, 292, -1,
      248, 292, 246, -1,
    ]
  }
}

Shape {
  appearance Appearance {
    material Material {
      diffuseColor 0.8431 0.8157 0.7529
      specularColor 0.4235 0.4078 0.3765
      ambientIntensity 0.2
      transparency 0.0000
      shininess 0.5
    }
  }
  geometry IndexedFaceSet {
    ccw TRUE
    solid FALSE
    coord DEF co Coordinate {
      point [
        2.398928 1.003937 0.849684,
        2.411024 1.003937 0.849770,
        2.411462 1.003937 0.788041,
        2.399837 1.003937 0.787959,
        2.375974 1.003937 0.796141,
        2.377315 1.003937 0.794933,
        2.382605 1.003937 0.791467,
        2.389407 1.003937 0.789040,
        2.367254 1.003937 0.819371,
        2.367497 1.003937 0.814820,
        2.369027 1.003937 0.807377,
        2.371754 1.003937 0.801380,
        2.375874 1.003937 0.841989,
        2.373584 1.003937 0.839689,
        2.370531 1.003937 0.835157,
        2.368334 1.003937 0.829257,
        2.388994 1.003937 0.848562,
        2.382001 1.003937 0.846070,
      ]
    }
    coordIndex [
      1, 2, 0, -1,
      0, 2, 3, -1,
      0, 5, 4, -1,
      3, 7, 0, -1,
      0, 7, 6, -1,
      0, 6, 5, -1,
      4, 11, 0, -1,
      0, 11, 10, -1,
      0, 10, 9, -1,
      9, 8, 0, -1,
      0, 8, 15, -1,
      0, 15, 14, -1,
      14, 13, 0, -1,
      0, 13, 12, -1,
      0, 12, 16, -1,
      16, 12, 17, -1,
    ]
  }
}

Shape {
  appearance Appearance {
    material Material {
      diffuseColor 0.0000 0.0000 0.0000
      specularColor 0.0000 0.0000 0.0000
      ambientIntensity 0.2
      transparency 0.0000
      shininess 0.5
    }
  }
  geometry IndexedFaceSet {
    ccw TRUE
    solid FALSE
    coord DEF co Coordinate {
      point [
        2.291609 1.003937 0.778062,
        2.299620 1.003937 0.800020,
        2.332962 1.003937 0.800257,
        2.280189 1.003937 0.777981,
        2.310117 1.003937 0.858265,
        2.340813 1.003937 0.778411,
        2.352233 1.003937 0.778492,
        2.321169 1.003937 0.858344,
        2.329623 1.004331 0.809280,
        2.317413 1.004331 0.842474,
        2.321169 1.004331 0.858344,
        2.352233 1.004331 0.778492,
        2.340813 1.004331 0.778411,
        2.332962 1.004331 0.800257,
        2.316703 1.004331 0.844859,
        2.316064 1.004331 0.848073,
        2.310117 1.004331 0.858265,
        2.315818 1.004331 0.848072,
        2.315195 1.004331 0.844680,
        2.314609 1.004331 0.842455,
        2.302749 1.004331 0.809089,
        2.280189 1.004331 0.777981,
        2.291609 1.004331 0.778062,
        2.299620 1.004331 0.800020,
        2.329623 1.003937 0.809280,
        2.302749 1.003937 0.809089,
        2.314609 1.003937 0.842455,
        2.315818 1.003937 0.848072,
        2.315195 1.003937 0.844680,
        2.316064 1.003937 0.848073,
        2.317413 1.003937 0.842474,
        2.316703 1.003937 0.844859,
      ]
    }
    coordIndex [
      8, 9, 10, -1,
      11, 12, 13, -1,
      9, 14, 10, -1,
      10, 14, 15, -1,
      10, 15, 16, -1,
      16, 15, 17, -1,
      16, 17, 18, -1,
      18, 19, 16, -1,
      16, 19, 20, -1,
      16, 20, 21, -1,
      22, 21, 23, -1,
      23, 21, 20, -1,
      23, 20, 13, -1,
      13, 20, 8, -1,
      13, 8, 11, -1,
      11, 8, 10, -1,
      16, 21, 4, -1,
      4, 21, 3, -1,
      10, 16, 7, -1,
      7, 16, 4, -1,
      11, 10, 6, -1,
      6, 10, 7, -1,
      12, 11, 5, -1,
      5, 11, 6, -1,
      13, 12, 2, -1,
      2, 12, 5, -1,
      23, 13, 1, -1,
      1, 13, 2, -1,
      22, 23, 0, -1,
      0, 23, 1, -1,
      21, 22, 3, -1,
      3, 22, 0, -1,
      8, 20, 24, -1,
      24, 20, 25, -1,
      20, 19, 25, -1,
      25, 19, 26, -1,
      17, 27, 28, -1,
      17, 28, 18, -1,
      18, 28, 26, -1,
      18, 26, 19, -1,
      17, 15, 27, -1,
      27, 15, 29, -1,
      9, 30, 31, -1,
      9, 31, 14, -1,
      14, 31, 29, -1,
      14, 29, 15, -1,
      9, 8, 30, -1,
      30, 8, 24, -1,
    ]
  }
}

Shape {
  appearance Appearance {
    material Material {
      diffuseColor 0.8431 0.8157 0.7529
      specularColor 0.4235 0.4078 0.3765
      ambientIntensity 0.2
      transparency 0.0000
      shininess 0.5
    }
  }
  geometry IndexedFaceSet {
    ccw TRUE
    solid FALSE
    coord DEF co Coordinate {
      point [
        2.329623 1.003937 0.809280,
        2.302749 1.003937 0.809089,
        2.314609 1.003937 0.842455,
        2.315818 1.003937 0.848072,
        2.315195 1.003937 0.844680,
        2.316064 1.003937 0.848073,
        2.317413 1.003937 0.842474,
        2.316703 1.003937 0.844859,
      ]
    }
    coordIndex [
      3, 5, 4, -1,
      4, 5, 7, -1,
      4, 7, 2, -1,
      2, 7, 6, -1,
      2, 6, 1, -1,
      1, 6, 0, -1,
    ]
  }
}

Shape {
  appearance Appearance {
    material Material {
      diffuseColor 0.0000 0.0000 0.0000
      specularColor 0.0000 0.0000 0.0000
      ambientIntensity 0.2
      transparency 0.0000
      shininess 0.5
    }
  }
  geometry IndexedFaceSet {
    ccw TRUE
    solid FALSE
    coord DEF co Coordinate {
      point [
        2.997425 1.003937 0.858698,
        2.927608 1.003937 0.858698,
        2.924581 1.003937 0.860253,
        3.129725 1.003937 0.879654,
        3.129036 1.003937 0.883375,
        2.984780 1.003937 0.997965,
        2.979325 1.003937 1.000024,
        2.803030 1.003937 0.926389,
        2.787668 1.003937 0.913233,
        2.853053 1.003937 0.981022,
        2.834374 1.003937 0.959100,
        2.822631 1.003937 0.935831,
        2.819918 1.003937 0.934899,
        2.906818 1.003937 1.008542,
        2.883182 1.003937 1.000024,
        2.878322 1.003937 0.998272,
        2.862729 1.003937 0.987628,
        2.958458 1.003937 1.007902,
        2.930264 1.003937 1.011173,
        3.000900 1.003937 0.987628,
        2.998735 1.003937 0.989456,
        3.059521 1.003937 0.963198,
        3.037045 1.003937 0.965817,
        3.012193 1.003937 0.978094,
        3.030501 1.003937 0.965415,
        3.023960 1.003937 0.964585,
        3.102705 1.003937 0.938956,
        3.098859 1.003937 0.942546,
        3.080665 1.003937 0.955153,
        3.125764 1.003937 0.901024,
        3.123396 1.003937 0.906273,
        3.116545 1.003937 0.921461,
        3.129921 1.003937 0.874249,
        3.128288 1.003937 0.860253,
        3.128107 1.003937 0.858698,
        2.880765 1.003937 0.815150,
        2.876848 1.003937 0.816666,
        2.869930 1.003937 0.849064,
        2.884283 1.003937 0.812694,
        2.872433 1.003937 0.817201,
        2.871879 1.003937 0.817157,
        2.870174 1.003937 0.816766,
        3.106452 1.003937 0.812029,
        3.119288 1.003937 0.830621,
        3.127310 1.003937 0.851869,
        2.877025 1.003937 0.782454,
        2.953813 1.003937 0.781691,
        2.873822 1.003937 0.781914,
        2.840235 1.003937 0.781676,
        2.890205 1.003937 0.799678,
        2.890045 1.003937 0.801924,
        2.949926 1.003937 0.807503,
        2.888871 1.003937 0.806249,
        2.886654 1.003937 0.810117,
        2.880780 1.003937 0.783963,
        2.884453 1.003937 0.786613,
        2.885767 1.003937 0.787970,
        2.888223 1.003937 0.791563,
        2.889695 1.003937 0.795434,
        2.950337 1.003937 0.795708,
        2.949967 1.003937 0.801810,
        2.813113 1.003937 0.831354,
        2.807018 1.003937 0.840339,
        2.803278 1.003937 0.850554,
        2.875474 1.003937 0.858698,
        2.776810 1.003937 0.822636,
        2.788249 1.003937 0.806926,
        3.055446 1.003937 0.772069,
        3.047039 1.003937 0.761569,
        3.035953 1.003937 0.753111,
        2.869021 1.003937 0.816607,
        2.843404 1.003937 0.816426,
        2.836542 1.003937 0.817413,
        2.767094 1.003937 0.858698,
        2.769543 1.003937 0.840615,
        3.088829 1.003937 0.796778,
        3.068331 1.003937 0.786601,
        3.061104 1.003937 0.784381,
        2.826098 1.003937 0.821196,
        2.817086 1.003937 0.827358,
        2.993450 1.003937 0.746900,
        3.007298 1.003937 0.745287,
        3.009420 1.003937 0.745340,
        3.022849 1.003937 0.747515,
        2.803802 1.003937 0.793943,
        2.821229 1.003937 0.785558,
        2.960674 1.003937 0.769077,
        2.969336 1.003937 0.759522,
        2.980724 1.003937 0.751700,
        2.802318 1.003937 0.858698,
        2.802135 1.003937 0.860253,
        2.876368 1.003937 0.860253,
        2.802102 1.003937 0.860538,
        3.091693 1.003937 0.860253,
        3.093405 1.003937 0.866186,
        2.887363 1.003937 0.879360,
        3.094049 1.003937 0.875133,
        3.092970 1.003937 0.883375,
        2.985895 1.003937 0.855761,
        2.973854 1.003937 0.849211,
        2.963928 1.003937 0.840052,
        3.032759 1.003937 0.853380,
        3.020155 1.003937 0.858116,
        3.091245 1.003937 0.858698,
        3.015161 1.003937 0.858698,
        3.006486 1.003937 0.859710,
        2.999618 1.003937 0.859257,
        3.089382 1.003937 0.852243,
        3.053924 1.003937 0.834656,
        3.044447 1.003937 0.845362,
        3.082780 1.003937 0.840848,
        3.072656 1.003937 0.830280,
        3.060264 1.003937 0.822518,
        2.846189 1.003937 0.905256,
        2.850744 1.003937 0.905289,
        2.808585 1.003937 0.883375,
        2.836346 1.003937 0.904084,
        2.802324 1.003937 0.865326,
        2.804870 1.003937 0.876293,
        3.092240 1.003937 0.888956,
        3.087260 1.003937 0.901613,
        2.810065 1.003937 0.886197,
        2.817450 1.003937 0.894404,
        2.826358 1.003937 0.900417,
        2.862876 1.003937 0.939737,
        2.875644 1.003937 0.955136,
        3.006607 1.003937 0.922904,
        2.876884 1.003937 0.956281,
        2.892793 1.003937 0.967507,
        2.997759 1.003937 0.940885,
        3.083961 1.003937 0.906273,
        3.010454 1.003937 0.925052,
        2.850954 1.003937 0.906273,
        2.854177 1.003937 0.921355,
        3.023178 1.003937 0.929857,
        3.036718 1.003937 0.931657,
        3.042824 1.003937 0.931372,
        2.984874 1.003937 0.956042,
        2.910591 1.003937 0.974488,
        2.969603 1.003937 0.967035,
        2.929937 1.003937 0.977013,
        2.950960 1.003937 0.974450,
        3.056890 1.003937 0.928097,
        3.069600 1.003937 0.921415,
        3.079276 1.003937 0.912889,
        2.769294 1.003937 0.879535,
        2.766802 1.003937 0.860857,
        2.766884 1.003937 0.860253,
        2.770804 1.003937 0.883375,
        2.776148 1.003937 0.896967,
        2.782739 1.003937 0.906273,
        3.055446 1.004331 0.772069,
        3.047039 1.004331 0.761569,
        3.060264 1.004331 0.822518,
        2.869930 1.004331 0.849064,
        2.887363 1.004331 0.879360,
        2.963928 1.004331 0.840052,
        3.002574 1.004331 0.823302,
        2.997301 1.004331 0.821372,
        3.069600 1.004331 0.921415,
        3.056890 1.004331 0.928097,
        3.059521 1.004331 0.963198,
        3.023960 1.004331 0.964585,
        3.006607 1.004331 0.922904,
        2.997759 1.004331 0.940885,
        3.072656 1.004331 0.830280,
        3.068331 1.004331 0.786601,
        3.061104 1.004331 0.784381,
        3.037045 1.004331 0.965817,
        2.992743 1.004331 0.818248,
        2.989105 1.004331 0.814128,
        2.949926 1.004331 0.807503,
        3.012882 1.004331 0.823176,
        3.020155 1.004331 0.858116,
        3.017868 1.004331 0.821248,
        3.032759 1.004331 0.853380,
        3.022341 1.004331 0.818115,
        3.044447 1.004331 0.845362,
        3.024608 1.004331 0.815752,
        3.053924 1.004331 0.834656,
        3.027584 1.004331 0.811064,
        3.029300 1.004331 0.805718,
        3.029622 1.004331 0.800172,
        2.985895 1.004331 0.855761,
        2.999618 1.004331 0.859257,
        3.006486 1.004331 0.859710,
        2.826358 1.004331 0.900417,
        2.817450 1.004331 0.894404,
        2.787668 1.004331 0.913233,
        2.810065 1.004331 0.886197,
        2.776148 1.004331 0.896967,
        2.804870 1.004331 0.876293,
        2.769294 1.004331 0.879535,
        2.766802 1.004331 0.860857,
        3.012193 1.004331 0.978094,
        2.984874 1.004331 0.956042,
        2.998735 1.004331 0.989456,
        2.969603 1.004331 0.967035,
        2.984780 1.004331 0.997965,
        3.042824 1.004331 0.931372,
        3.036718 1.004331 0.931657,
        3.030501 1.004331 0.965415,
        3.023178 1.004331 0.929857,
        3.010454 1.004331 0.925052,
        2.986665 1.004331 0.809437,
        2.985403 1.004331 0.804150,
        2.949967 1.004331 0.801810,
        2.985431 1.004331 0.798941,
        2.950337 1.004331 0.795708,
        2.850744 1.004331 0.905289,
        2.846189 1.004331 0.905256,
        2.822631 1.004331 0.935831,
        2.836346 1.004331 0.904084,
        2.819918 1.004331 0.934899,
        2.803030 1.004331 0.926389,
        2.788249 1.004331 0.806926,
        2.817086 1.004331 0.827358,
        2.803802 1.004331 0.793943,
        2.826098 1.004331 0.821196,
        2.821229 1.004331 0.785558,
        2.836542 1.004331 0.817413,
        2.840235 1.004331 0.781676,
        2.843404 1.004331 0.816426,
        2.873822 1.004331 0.781914,
        2.869021 1.004331 0.816607,
        2.877025 1.004331 0.782454,
        3.007309 1.004331 0.823850,
        2.973854 1.004331 0.849211,
        2.802324 1.004331 0.865326,
        2.802102 1.004331 0.860538,
        2.769543 1.004331 0.840615,
        2.803278 1.004331 0.850554,
        2.776810 1.004331 0.822636,
        2.807018 1.004331 0.840339,
        2.813113 1.004331 0.831354,
        2.853053 1.004331 0.981022,
        2.875644 1.004331 0.955136,
        2.834374 1.004331 0.959100,
        2.862876 1.004331 0.939737,
        2.854177 1.004331 0.921355,
        3.092240 1.004331 0.888956,
        3.129725 1.004331 0.879654,
        3.094049 1.004331 0.875133,
        3.129921 1.004331 0.874249,
        3.093405 1.004331 0.866186,
        3.127310 1.004331 0.851869,
        3.089382 1.004331 0.852243,
        3.119288 1.004331 0.830621,
        3.082780 1.004331 0.840848,
        3.106452 1.004331 0.812029,
        3.088829 1.004331 0.796778,
        3.080665 1.004331 0.955153,
        3.098859 1.004331 0.942546,
        3.079276 1.004331 0.912889,
        3.102705 1.004331 0.938956,
        3.087260 1.004331 0.901613,
        3.116545 1.004331 0.921461,
        3.125764 1.004331 0.901024,
        3.028606 1.004331 0.794826,
        3.026386 1.004331 0.790024,
        2.958458 1.004331 1.007902,
        2.950960 1.004331 0.974450,
        2.930264 1.004331 1.011173,
        2.929937 1.004331 0.977013,
        2.906818 1.004331 1.008542,
        2.910591 1.004331 0.974488,
        2.878322 1.004331 0.998272,
        2.892793 1.004331 0.967507,
        2.876884 1.004331 0.956281,
        2.953813 1.004331 0.781691,
        2.986830 1.004331 0.793487,
        2.960674 1.004331 0.769077,
        2.989511 1.004331 0.788616,
        2.969336 1.004331 0.759522,
        2.992626 1.004331 0.785147,
        2.980724 1.004331 0.751700,
        2.996972 1.004331 0.782077,
        2.993450 1.004331 0.746900,
        3.001918 1.004331 0.780142,
        3.007298 1.004331 0.745287,
        3.007625 1.004331 0.779447,
        3.009420 1.004331 0.745340,
        3.008594 1.004331 0.779475,
        3.022849 1.004331 0.747515,
        3.013699 1.004331 0.780344,
        3.035953 1.004331 0.753111,
        3.018830 1.004331 0.782591,
        3.023163 1.004331 0.785962,
        2.871879 1.004331 0.817157,
        2.885767 1.004331 0.787970,
        2.884453 1.004331 0.786613,
        2.870174 1.004331 0.816766,
        2.880780 1.004331 0.783963,
        2.890205 1.004331 0.799678,
        2.889695 1.004331 0.795434,
        2.888223 1.004331 0.791563,
        2.876848 1.004331 0.816666,
        2.880765 1.004331 0.815150,
        2.890045 1.004331 0.801924,
        2.884283 1.004331 0.812694,
        2.886654 1.004331 0.810117,
        2.888871 1.004331 0.806249,
        2.872433 1.004331 0.817201,
        3.007309 1.003937 0.823850,
        3.002574 1.003937 0.823302,
        2.997301 1.003937 0.821372,
        2.992743 1.003937 0.818248,
        2.989105 1.003937 0.814128,
        2.986665 1.003937 0.809437,
        2.985403 1.003937 0.804150,
        2.985431 1.003937 0.798941,
        2.986830 1.003937 0.793487,
        2.989511 1.003937 0.788616,
        2.992626 1.003937 0.785147,
        2.996972 1.003937 0.782077,
        3.001918 1.003937 0.780142,
        3.007625 1.003937 0.779447,
        3.008594 1.003937 0.779475,
        3.013699 1.003937 0.780344,
        3.018830 1.003937 0.782591,
        3.023163 1.003937 0.785962,
        3.026386 1.003937 0.790024,
        3.028606 1.003937 0.794826,
        3.029622 1.003937 0.800172,
        3.029300 1.003937 0.805718,
        3.027584 1.003937 0.811064,
        3.024608 1.003937 0.815752,
        3.022341 1.003937 0.818115,
        3.017868 1.003937 0.821248,
        3.012882 1.003937 0.823176,
      ]
    }
    coordIndex [
      151, 152, 153, -1,
      154, 155, 156, -1,
      157, 158, 154, -1,
      159, 160, 161, -1,
      162, 163, 164, -1,
      165, 166, 153, -1,
      153, 166, 167, -1,
      153, 167, 151, -1,
      161, 160, 168, -1,
      158, 169, 154, -1,
      154, 169, 170, -1,
      154, 170, 171, -1,
      172, 173, 174, -1,
      174, 173, 175, -1,
      174, 175, 176, -1,
      176, 175, 177, -1,
      176, 177, 178, -1,
      178, 177, 179, -1,
      178, 179, 180, -1,
      180, 179, 153, -1,
      180, 153, 181, -1,
      181, 153, 182, -1,
      183, 184, 172, -1,
      172, 184, 185, -1,
      172, 185, 173, -1,
      186, 187, 188, -1,
      188, 187, 189, -1,
      188, 189, 190, -1,
      190, 189, 191, -1,
      190, 191, 192, -1,
      192, 191, 193, -1,
      162, 164, 194, -1,
      194, 164, 195, -1,
      194, 195, 196, -1,
      196, 195, 197, -1,
      196, 197, 198, -1,
      160, 199, 168, -1,
      168, 199, 200, -1,
      168, 200, 201, -1,
      201, 200, 202, -1,
      201, 202, 162, -1,
      162, 202, 203, -1,
      162, 203, 163, -1,
      170, 204, 171, -1,
      171, 204, 205, -1,
      171, 205, 206, -1,
      206, 205, 207, -1,
      206, 207, 208, -1,
      209, 210, 211, -1,
      211, 210, 212, -1,
      211, 212, 213, -1,
      213, 212, 186, -1,
      213, 186, 214, -1,
      214, 186, 188, -1,
      215, 216, 217, -1,
      217, 216, 218, -1,
      217, 218, 219, -1,
      219, 218, 220, -1,
      219, 220, 221, -1,
      221, 220, 222, -1,
      221, 222, 223, -1,
      223, 222, 224, -1,
      223, 224, 225, -1,
      157, 154, 226, -1,
      226, 154, 156, -1,
      226, 156, 172, -1,
      172, 156, 227, -1,
      172, 227, 183, -1,
      191, 228, 193, -1,
      193, 228, 229, -1,
      193, 229, 230, -1,
      230, 229, 231, -1,
      230, 231, 232, -1,
      232, 231, 233, -1,
      232, 233, 215, -1,
      215, 233, 234, -1,
      215, 234, 216, -1,
      235, 236, 237, -1,
      237, 236, 238, -1,
      237, 238, 211, -1,
      211, 238, 239, -1,
      211, 239, 209, -1,
      240, 241, 242, -1,
      242, 241, 243, -1,
      242, 243, 244, -1,
      244, 243, 245, -1,
      244, 245, 246, -1,
      246, 245, 247, -1,
      246, 247, 248, -1,
      248, 247, 249, -1,
      248, 249, 165, -1,
      165, 249, 250, -1,
      165, 250, 166, -1,
      161, 251, 159, -1,
      159, 251, 252, -1,
      159, 252, 253, -1,
      253, 252, 254, -1,
      253, 254, 255, -1,
      255, 254, 256, -1,
      255, 256, 240, -1,
      240, 256, 257, -1,
      240, 257, 241, -1,
      182, 153, 258, -1,
      258, 153, 152, -1,
      258, 152, 259, -1,
      198, 197, 260, -1,
      260, 197, 261, -1,
      260, 261, 262, -1,
      262, 261, 263, -1,
      262, 263, 264, -1,
      264, 263, 265, -1,
      264, 265, 266, -1,
      266, 265, 267, -1,
      266, 267, 235, -1,
      235, 267, 268, -1,
      235, 268, 236, -1,
      208, 207, 269, -1,
      269, 207, 270, -1,
      269, 270, 271, -1,
      271, 270, 272, -1,
      271, 272, 273, -1,
      273, 272, 274, -1,
      273, 274, 275, -1,
      275, 274, 276, -1,
      275, 276, 277, -1,
      277, 276, 278, -1,
      277, 278, 279, -1,
      279, 278, 280, -1,
      279, 280, 281, -1,
      281, 280, 282, -1,
      281, 282, 283, -1,
      283, 282, 284, -1,
      283, 284, 285, -1,
      285, 284, 286, -1,
      285, 286, 152, -1,
      152, 286, 287, -1,
      152, 287, 259, -1,
      288, 289, 290, -1,
      224, 291, 225, -1,
      225, 291, 288, -1,
      225, 288, 292, -1,
      292, 288, 290, -1,
      293, 294, 288, -1,
      288, 294, 295, -1,
      288, 295, 289, -1,
      296, 297, 298, -1,
      297, 299, 298, -1,
      298, 299, 300, -1,
      298, 300, 301, -1,
      293, 288, 298, -1,
      298, 288, 302, -1,
      298, 302, 296, -1,
      193, 146, 145, -1,
      150, 188, 190, -1,
      193, 145, 192, -1,
      192, 145, 148, -1,
      192, 148, 190, -1,
      190, 148, 149, -1,
      190, 149, 150, -1,
      150, 8, 188, -1,
      188, 8, 7, -1,
      188, 7, 214, -1,
      214, 7, 12, -1,
      214, 12, 213, -1,
      213, 12, 11, -1,
      213, 11, 211, -1,
      211, 11, 10, -1,
      211, 10, 237, -1,
      237, 10, 9, -1,
      237, 9, 235, -1,
      18, 262, 264, -1,
      235, 9, 16, -1,
      235, 16, 266, -1,
      16, 15, 266, -1,
      266, 15, 14, -1,
      266, 14, 264, -1,
      264, 14, 13, -1,
      264, 13, 18, -1,
      20, 196, 198, -1,
      262, 18, 17, -1,
      262, 17, 260, -1,
      260, 17, 6, -1,
      260, 6, 198, -1,
      198, 6, 5, -1,
      198, 5, 20, -1,
      25, 162, 194, -1,
      196, 20, 19, -1,
      196, 19, 194, -1,
      194, 19, 23, -1,
      194, 23, 25, -1,
      162, 25, 24, -1,
      162, 24, 201, -1,
      201, 24, 22, -1,
      201, 22, 168, -1,
      168, 22, 21, -1,
      168, 21, 161, -1,
      161, 21, 28, -1,
      161, 28, 251, -1,
      251, 28, 27, -1,
      251, 27, 252, -1,
      252, 27, 26, -1,
      252, 26, 254, -1,
      32, 243, 241, -1,
      254, 26, 31, -1,
      254, 31, 256, -1,
      256, 31, 30, -1,
      256, 30, 257, -1,
      30, 29, 257, -1,
      257, 29, 4, -1,
      257, 4, 241, -1,
      241, 4, 3, -1,
      241, 3, 32, -1,
      34, 245, 33, -1,
      33, 245, 243, -1,
      33, 243, 32, -1,
      34, 44, 245, -1,
      245, 44, 43, -1,
      245, 43, 247, -1,
      247, 43, 42, -1,
      247, 42, 249, -1,
      249, 42, 75, -1,
      249, 75, 250, -1,
      250, 75, 76, -1,
      250, 76, 166, -1,
      166, 76, 77, -1,
      166, 77, 167, -1,
      167, 77, 67, -1,
      167, 67, 151, -1,
      151, 67, 68, -1,
      151, 68, 152, -1,
      152, 68, 69, -1,
      152, 69, 285, -1,
      285, 69, 83, -1,
      285, 83, 283, -1,
      283, 83, 82, -1,
      283, 82, 281, -1,
      281, 82, 81, -1,
      281, 81, 279, -1,
      279, 81, 80, -1,
      279, 80, 277, -1,
      277, 80, 88, -1,
      277, 88, 275, -1,
      275, 88, 87, -1,
      275, 87, 273, -1,
      273, 87, 86, -1,
      273, 86, 271, -1,
      271, 86, 46, -1,
      271, 46, 269, -1,
      269, 46, 59, -1,
      269, 59, 208, -1,
      208, 59, 60, -1,
      208, 60, 206, -1,
      171, 206, 51, -1,
      51, 206, 60, -1,
      154, 171, 37, -1,
      37, 171, 51, -1,
      37, 64, 154, -1,
      154, 64, 91, -1,
      154, 91, 155, -1,
      155, 91, 95, -1,
      1, 100, 156, -1,
      1, 156, 2, -1,
      2, 156, 155, -1,
      2, 155, 95, -1,
      105, 185, 184, -1,
      156, 100, 99, -1,
      156, 99, 227, -1,
      227, 99, 98, -1,
      227, 98, 183, -1,
      183, 98, 0, -1,
      183, 0, 184, -1,
      184, 0, 106, -1,
      184, 106, 105, -1,
      173, 185, 104, -1,
      104, 185, 105, -1,
      104, 102, 173, -1,
      173, 102, 101, -1,
      173, 101, 175, -1,
      175, 101, 109, -1,
      175, 109, 177, -1,
      177, 109, 108, -1,
      177, 108, 179, -1,
      179, 108, 112, -1,
      179, 112, 153, -1,
      93, 244, 103, -1,
      103, 244, 246, -1,
      103, 246, 107, -1,
      107, 246, 248, -1,
      107, 248, 110, -1,
      110, 248, 165, -1,
      110, 165, 111, -1,
      111, 165, 153, -1,
      111, 153, 112, -1,
      93, 94, 244, -1,
      244, 94, 96, -1,
      244, 96, 242, -1,
      240, 242, 97, -1,
      97, 242, 96, -1,
      97, 119, 240, -1,
      240, 119, 120, -1,
      240, 120, 255, -1,
      255, 120, 130, -1,
      255, 130, 253, -1,
      130, 144, 253, -1,
      253, 144, 143, -1,
      253, 143, 159, -1,
      159, 143, 142, -1,
      159, 142, 160, -1,
      160, 142, 136, -1,
      160, 136, 199, -1,
      199, 136, 135, -1,
      199, 135, 200, -1,
      200, 135, 134, -1,
      200, 134, 202, -1,
      202, 134, 131, -1,
      202, 131, 203, -1,
      203, 131, 126, -1,
      203, 126, 163, -1,
      163, 126, 129, -1,
      163, 129, 164, -1,
      164, 129, 137, -1,
      164, 137, 195, -1,
      195, 137, 139, -1,
      195, 139, 197, -1,
      197, 139, 141, -1,
      197, 141, 261, -1,
      261, 141, 140, -1,
      261, 140, 263, -1,
      263, 140, 138, -1,
      263, 138, 265, -1,
      265, 138, 128, -1,
      265, 128, 267, -1,
      267, 128, 127, -1,
      267, 127, 268, -1,
      268, 127, 125, -1,
      268, 125, 236, -1,
      236, 125, 124, -1,
      236, 124, 238, -1,
      238, 124, 133, -1,
      238, 133, 239, -1,
      239, 133, 209, -1,
      209, 133, 132, -1,
      209, 132, 114, -1,
      210, 209, 113, -1,
      113, 209, 114, -1,
      210, 113, 116, -1,
      210, 116, 212, -1,
      212, 116, 123, -1,
      212, 123, 186, -1,
      186, 123, 122, -1,
      186, 122, 187, -1,
      187, 122, 121, -1,
      187, 121, 189, -1,
      189, 121, 115, -1,
      189, 115, 191, -1,
      115, 118, 191, -1,
      191, 118, 117, -1,
      191, 117, 228, -1,
      228, 117, 92, -1,
      228, 92, 229, -1,
      92, 90, 229, -1,
      229, 90, 89, -1,
      229, 89, 231, -1,
      89, 63, 231, -1,
      231, 63, 62, -1,
      231, 62, 233, -1,
      233, 62, 61, -1,
      233, 61, 234, -1,
      234, 61, 79, -1,
      234, 79, 216, -1,
      216, 79, 78, -1,
      216, 78, 218, -1,
      218, 78, 72, -1,
      218, 72, 220, -1,
      220, 72, 71, -1,
      220, 71, 222, -1,
      224, 222, 70, -1,
      70, 222, 71, -1,
      224, 70, 41, -1,
      224, 41, 291, -1,
      291, 41, 40, -1,
      291, 40, 288, -1,
      288, 40, 39, -1,
      288, 39, 302, -1,
      302, 39, 36, -1,
      302, 36, 296, -1,
      296, 36, 35, -1,
      296, 35, 297, -1,
      297, 35, 38, -1,
      297, 38, 299, -1,
      299, 38, 53, -1,
      299, 53, 300, -1,
      300, 53, 52, -1,
      300, 52, 301, -1,
      301, 52, 50, -1,
      301, 50, 298, -1,
      298, 50, 49, -1,
      298, 49, 293, -1,
      293, 49, 58, -1,
      293, 58, 294, -1,
      294, 58, 57, -1,
      294, 57, 295, -1,
      295, 57, 56, -1,
      295, 56, 289, -1,
      289, 56, 55, -1,
      289, 55, 290, -1,
      290, 55, 54, -1,
      290, 54, 292, -1,
      292, 54, 45, -1,
      292, 45, 225, -1,
      225, 45, 47, -1,
      225, 47, 223, -1,
      221, 223, 48, -1,
      48, 223, 47, -1,
      221, 48, 85, -1,
      221, 85, 219, -1,
      219, 85, 84, -1,
      219, 84, 217, -1,
      217, 84, 66, -1,
      217, 66, 215, -1,
      215, 66, 65, -1,
      215, 65, 232, -1,
      232, 65, 74, -1,
      232, 74, 230, -1,
      230, 74, 73, -1,
      230, 73, 193, -1,
      193, 73, 147, -1,
      193, 147, 146, -1,
      226, 303, 304, -1,
      226, 304, 157, -1,
      157, 304, 305, -1,
      157, 305, 158, -1,
      158, 305, 306, -1,
      158, 306, 169, -1,
      169, 306, 307, -1,
      169, 307, 170, -1,
      170, 307, 308, -1,
      170, 308, 204, -1,
      204, 308, 309, -1,
      204, 309, 205, -1,
      205, 309, 310, -1,
      205, 310, 207, -1,
      207, 310, 311, -1,
      207, 311, 270, -1,
      270, 311, 312, -1,
      270, 312, 272, -1,
      272, 312, 313, -1,
      272, 313, 274, -1,
      274, 313, 314, -1,
      274, 314, 276, -1,
      276, 314, 315, -1,
      276, 315, 278, -1,
      278, 315, 316, -1,
      278, 316, 280, -1,
      280, 316, 317, -1,
      280, 317, 282, -1,
      282, 317, 318, -1,
      282, 318, 284, -1,
      284, 318, 319, -1,
      284, 319, 286, -1,
      286, 319, 320, -1,
      286, 320, 287, -1,
      287, 320, 321, -1,
      287, 321, 259, -1,
      259, 321, 322, -1,
      259, 322, 258, -1,
      258, 322, 323, -1,
      258, 323, 182, -1,
      182, 323, 324, -1,
      182, 324, 181, -1,
      181, 324, 325, -1,
      181, 325, 180, -1,
      180, 325, 326, -1,
      180, 326, 178, -1,
      178, 326, 327, -1,
      178, 327, 176, -1,
      176, 327, 328, -1,
      176, 328, 174, -1,
      174, 328, 329, -1,
      174, 329, 172, -1,
      172, 329, 303, -1,
      172, 303, 226, -1,
    ]
  }
}

Shape {
  appearance Appearance {
    material Material {
      diffuseColor 0.8431 0.8157 0.7529
      specularColor 0.4235 0.4078 0.3765
      ambientIntensity 0.2
      transparency 0.0000
      shininess 0.5
    }
  }
  geometry IndexedFaceSet {
    ccw TRUE
    solid FALSE
    coord DEF co Coordinate {
      point [
        3.007309 1.003937 0.823850,
        3.002574 1.003937 0.823302,
        2.997301 1.003937 0.821372,
        2.992743 1.003937 0.818248,
        2.989105 1.003937 0.814128,
        2.986665 1.003937 0.809437,
        2.985403 1.003937 0.804150,
        2.985431 1.003937 0.798941,
        2.986830 1.003937 0.793487,
        2.989511 1.003937 0.788616,
        2.992626 1.003937 0.785147,
        2.996972 1.003937 0.782077,
        3.001918 1.003937 0.780142,
        3.007625 1.003937 0.779447,
        3.008594 1.003937 0.779475,
        3.013699 1.003937 0.780344,
        3.018830 1.003937 0.782591,
        3.023163 1.003937 0.785962,
        3.026386 1.003937 0.790024,
        3.028606 1.003937 0.794826,
        3.029622 1.003937 0.800172,
        3.029300 1.003937 0.805718,
        3.027584 1.003937 0.811064,
        3.024608 1.003937 0.815752,
        3.022341 1.003937 0.818115,
        3.017868 1.003937 0.821248,
        3.012882 1.003937 0.823176,
      ]
    }
    coordIndex [
      14, 24, 23, -1,
      12, 11, 1, -1,
      0, 26, 14, -1,
      14, 26, 25, -1,
      14, 25, 24, -1,
      19, 18, 23, -1,
      23, 18, 17, -1,
      0, 14, 1, -1,
      1, 14, 13, -1,
      1, 13, 12, -1,
      22, 21, 23, -1,
      23, 21, 20, -1,
      23, 20, 19, -1,
      17, 16, 23, -1,
      23, 16, 15, -1,
      23, 15, 14, -1,
      11, 10, 1, -1,
      1, 10, 9, -1,
      1, 9, 8, -1,
      8, 7, 1, -1,
      1, 7, 6, -1,
      1, 6, 5, -1,
      5, 4, 1, -1,
      1, 4, 3, -1,
      1, 3, 2, -1,
    ]
  }
}
