#VRML V2.0 utf8

Shape {
  appearance Appearance {
    material Material {
      diffuseColor 0.2510 0.2510 0.2510
      specularColor 0.1255 0.1255 0.1255
      ambientIntensity 0.2
      transparency 0.0000
      shininess 0.5
    }
  }
  geometry IndexedFaceSet {
    ccw TRUE
    solid FALSE
    coord DEF co Coordinate {
      point [
        3.240157 -0.324580 0.139248,
        3.240157 -0.324580 0.096958,
        3.240157 -0.221820 0.096958,
        3.240157 -0.324580 0.308611,
        3.240157 -0.324580 0.277309,
        3.240157 -0.221820 0.277309,
        3.240157 -0.053872 0.118853,
        3.240157 -0.051393 0.121628,
        3.240157 -0.051393 0.139248,
        3.240157 -0.153547 0.309266,
        3.240157 -0.160398 0.308611,
        3.240157 -0.125077 0.308611,
        3.240157 -0.105114 0.403991,
        3.240157 -0.105114 0.369823,
        3.240157 -0.076281 0.369823,
        3.240157 0.132366 0.309512,
        3.240157 0.121477 0.338712,
        3.240157 0.082302 0.338712,
        3.240157 -0.099867 0.139447,
        3.240157 -0.101806 0.139248,
        3.240157 -0.076281 0.139248,
        3.240157 -0.122541 0.139678,
        3.240157 -0.125077 0.140593,
        3.240157 -0.125077 0.139248,
        3.240157 0.028581 0.188234,
        3.240157 0.028581 0.152320,
        3.240157 0.048571 0.152320,
        3.240157 -0.354331 0.748031,
        3.240157 -0.354331 2.125984,
        3.240157 -0.928254 2.125984,
        3.240157 -0.417140 0.333025,
        3.240157 -0.396550 0.315614,
        3.240157 -0.324580 0.417172,
        3.240157 -0.501611 0.417172,
        3.240157 -0.484431 0.405445,
        3.240157 -0.459195 0.376209,
        3.240157 -0.443443 0.345480,
        3.240157 -0.439729 0.344232,
        3.240157 -0.675725 0.417172,
        3.240157 -0.659298 0.427276,
        3.240157 -0.624233 0.440533,
        3.240157 -0.587662 0.444916,
        3.240157 -0.554131 0.441136,
        3.240157 -0.928254 0.417172,
        3.240157 -0.759510 0.379738,
        3.240157 -0.729604 0.383433,
        3.240157 -0.928254 0.308611,
        3.240157 -0.841791 0.308611,
        3.240157 -0.835147 0.323600,
        3.240157 -0.816894 0.346998,
        3.240157 -0.678748 0.415313,
        3.240157 -0.696585 0.400037,
        3.240157 -0.720875 0.382958,
        3.240157 -0.712146 0.381915,
        3.240157 -0.811771 0.351848,
        3.240157 -0.787628 0.368820,
        3.240157 -0.759966 0.141296,
        3.240157 -0.769566 0.144169,
        3.240157 -0.928254 0.139248,
        3.240157 -0.796999 0.157531,
        3.240157 -0.820690 0.177731,
        3.240157 -0.838019 0.202470,
        3.240157 -0.848895 0.230728,
        3.240157 -0.928254 0.277309,
        3.240157 -0.852570 0.260467,
        3.240157 -0.852356 0.267745,
        3.240157 -0.850647 0.277309,
        3.240157 -0.847259 0.296272,
        3.240157 -0.726196 0.099876,
        3.240157 -0.741048 0.111063,
        3.240157 -0.928254 0.096958,
        3.240157 -0.752342 0.124991,
        3.240157 -0.759008 0.139248,
        3.240157 -0.656433 0.096958,
        3.240157 -0.669466 0.091948,
        3.240157 -0.324580 0.000000,
        3.240157 -0.687856 0.089681,
        3.240157 -0.928254 0.000000,
        3.240157 -0.690757 0.089735,
        3.240157 -0.708680 0.092524,
        3.240157 -0.719244 0.096958,
        3.240157 -0.616739 0.139248,
        3.240157 -0.616821 0.138903,
        3.240157 -0.625811 0.121993,
        3.240157 -0.637422 0.108980,
        3.240157 -0.652539 0.098455,
        3.240157 -0.371773 0.270840,
        3.240157 -0.368297 0.246045,
        3.240157 -0.519811 0.184027,
        3.240157 -0.514603 0.186085,
        3.240157 -0.505685 0.229346,
        3.240157 -0.396381 0.173935,
        3.240157 -0.417030 0.156456,
        3.240157 -0.630928 0.216442,
        3.240157 -0.529215 0.269576,
        3.240157 -0.644206 0.228530,
        3.240157 -0.660315 0.237159,
        3.240157 -0.524479 0.180719,
        3.240157 -0.381310 0.194933,
        3.240157 -0.415735 0.251987,
        3.240157 -0.419313 0.266563,
        3.240157 -0.425117 0.277309,
        3.240157 -0.802860 0.277309,
        3.240157 -0.371777 0.218965,
        3.240157 -0.508721 0.186839,
        3.240157 -0.507982 0.186786,
        3.240157 -0.505705 0.186281,
        3.240157 -0.798380 0.231667,
        3.240157 -0.789366 0.216335,
        3.240157 -0.750827 0.208456,
        3.240157 -0.775760 0.202351,
        3.240157 -0.759207 0.192153,
        3.240157 -0.722763 0.233594,
        3.240157 -0.738281 0.222808,
        3.240157 -0.804750 0.261985,
        3.240157 -0.803834 0.250238,
        3.240157 -0.705998 0.240012,
        3.240157 -0.687856 0.242250,
        3.240157 -0.678639 0.241704,
        3.240157 -0.532251 0.163309,
        3.240157 -0.532059 0.166304,
        3.240157 -0.611951 0.173176,
        3.240157 -0.530534 0.172081,
        3.240157 -0.527615 0.177260,
        3.240157 -0.430773 0.205130,
        3.240157 -0.422419 0.216967,
        3.240157 -0.417184 0.230493,
        3.240157 -0.415358 0.245286,
        3.240157 -0.514515 0.140467,
        3.240157 -0.519536 0.142444,
        3.240157 -0.524459 0.145944,
        3.240157 -0.526223 0.147740,
        3.240157 -0.529531 0.152508,
        3.240157 -0.531531 0.157655,
        3.240157 -0.612368 0.157637,
        3.240157 -0.611951 0.165586,
        3.240157 -0.440189 0.145121,
        3.240157 -0.465455 0.139778,
        3.240157 -0.510239 0.139778,
        3.240157 -0.504167 0.186080,
        3.240157 -0.470009 0.186080,
        3.240157 -0.456349 0.188702,
        3.240157 -0.442960 0.194915,
        3.240157 -0.431743 0.204087,
        3.240157 -0.480636 0.304492,
        3.240157 -0.795976 0.297303,
        3.240157 -0.802482 0.280375,
        3.240157 -0.474564 0.304492,
        3.240157 -0.426381 0.279651,
        3.240157 -0.435094 0.289376,
        3.240157 -0.446865 0.297601,
        3.240157 -0.460111 0.302707,
        3.240157 -0.497025 0.350134,
        3.240157 -0.514156 0.370579,
        3.240157 -0.688615 0.326504,
        3.240157 -0.516022 0.372278,
        3.240157 -0.537347 0.387081,
        3.240157 -0.677015 0.350522,
        3.240157 -0.788102 0.308611,
        3.240157 -0.693970 0.329435,
        3.240157 -0.481543 0.308611,
        3.240157 -0.485300 0.325683,
        3.240157 -0.710988 0.335670,
        3.240157 -0.728845 0.337890,
        3.240157 -0.736793 0.337474,
        3.240157 -0.659988 0.370859,
        3.240157 -0.561148 0.396205,
        3.240157 -0.639652 0.385719,
        3.240157 -0.586903 0.399373,
        3.240157 -0.614856 0.395771,
        3.240157 -0.755528 0.333020,
        3.240157 -0.772438 0.324030,
        3.240157 -0.785451 0.312419,
        3.240157 -0.391525 0.308611,
        3.240157 -0.381055 0.294021,
        3.240157 -0.374363 0.277309,
        3.240157 0.066760 0.200460,
        3.240157 0.066760 0.188234,
        3.240157 0.082302 0.139248,
        3.240157 0.082302 0.277309,
        3.240157 0.069789 0.246908,
        3.240157 0.069789 0.234628,
        3.240157 0.048571 0.139248,
        3.240157 0.072218 0.140148,
        3.240157 0.072218 0.152320,
        3.240157 0.048571 0.188234,
        3.240157 0.048571 0.234628,
        3.240157 0.048571 0.200460,
        3.240157 0.028581 0.234628,
        3.240157 0.028581 0.200460,
        3.240157 0.048571 0.140148,
        3.240157 0.014800 0.140148,
        3.240157 0.007595 0.139248,
        3.240157 0.014800 0.246908,
        3.240157 -0.205301 0.176433,
        3.240157 -0.203195 0.198059,
        3.240157 -0.207959 0.172593,
        3.240157 -0.209777 0.167867,
        3.240157 -0.131258 0.156632,
        3.240157 -0.149379 0.189217,
        3.240157 -0.131258 0.142823,
        3.240157 -0.149379 0.140148,
        3.240157 -0.169458 0.144180,
        3.240157 -0.174131 0.141079,
        3.240157 -0.162751 0.140148,
        3.240157 -0.179184 0.139248,
        3.240157 -0.190414 0.216520,
        3.240157 -0.215421 0.277309,
        3.240157 -0.200369 0.212682,
        3.240157 -0.203195 0.211048,
        3.240157 -0.215421 0.096958,
        3.240157 -0.194221 0.139248,
        3.240157 -0.215421 0.139248,
        3.240157 -0.194465 0.139276,
        3.240157 -0.199593 0.141209,
        3.240157 -0.201226 0.179994,
        3.240157 -0.195567 0.182917,
        3.240157 -0.194791 0.203469,
        3.240157 -0.185347 0.185450,
        3.240157 -0.173667 0.206808,
        3.240157 -0.178197 0.207283,
        3.240157 -0.186440 0.206394,
        3.240157 -0.204096 0.144351,
        3.240157 -0.205590 0.145866,
        3.240157 -0.208369 0.149974,
        3.240157 -0.158947 0.213270,
        3.240157 -0.155356 0.209896,
        3.240157 -0.129056 0.204907,
        3.240157 -0.162751 0.151938,
        3.240157 -0.163106 0.151938,
        3.240157 -0.165230 0.148712,
        3.240157 -0.209986 0.154498,
        3.240157 -0.210645 0.160562,
        3.240157 -0.126392 0.153589,
        3.240157 -0.125077 0.153078,
        3.240157 -0.125077 0.181393,
        3.240157 -0.130648 0.200602,
        3.240157 -0.150478 0.199627,
        3.240157 -0.130601 0.190629,
        3.240157 -0.176942 0.218144,
        3.240157 -0.169113 0.217461,
        3.240157 -0.163420 0.215778,
        3.240157 -0.162751 0.188616,
        3.240157 -0.163216 0.194529,
        3.240157 -0.164598 0.199290,
        3.240157 -0.166170 0.202044,
        3.240157 -0.152598 0.205623,
        3.240157 -0.131176 0.195821,
        3.240157 -0.125195 0.181470,
        3.240157 -0.127383 0.183758,
        3.240157 -0.129126 0.186545,
        3.240157 -0.168191 0.204194,
        3.240157 -0.170565 0.205724,
        3.240157 -0.118672 0.139248,
        3.240157 -0.125077 0.096958,
        3.240157 -0.110572 0.138347,
        3.240157 -0.083418 0.214760,
        3.240157 -0.083418 0.201770,
        3.240157 -0.080397 0.155516,
        3.240157 -0.082039 0.151279,
        3.240157 -0.084532 0.147752,
        3.240157 -0.126571 0.208522,
        3.240157 -0.125077 0.209865,
        3.240157 -0.125077 0.277309,
        3.240157 -0.122607 0.212086,
        3.240157 -0.118726 0.214412,
        3.240157 -0.111412 0.217052,
        3.240157 -0.101484 0.218144,
        3.240157 -0.076281 0.277309,
        3.240157 -0.092670 0.217413,
        3.240157 -0.084237 0.173497,
        3.240157 -0.081741 0.169814,
        3.240157 -0.080314 0.165871,
        3.240157 -0.079761 0.160889,
        3.240157 -0.088357 0.144406,
        3.240157 -0.092500 0.141971,
        3.240157 -0.102794 0.207283,
        3.240157 -0.106752 0.206986,
        3.240157 -0.117394 0.197021,
        3.240157 -0.110330 0.206039,
        3.240157 -0.113328 0.204444,
        3.240157 -0.117272 0.195243,
        3.240157 -0.116742 0.193165,
        3.240157 -0.115779 0.191361,
        3.240157 -0.114474 0.189926,
        3.240157 -0.109760 0.186979,
        3.240157 -0.093691 0.206207,
        3.240157 -0.101484 0.183376,
        3.240157 -0.086097 0.203327,
        3.240157 -0.096306 0.181281,
        3.240157 -0.087425 0.176342,
        3.240157 -0.115346 0.202661,
        3.240157 -0.116492 0.200959,
        3.240157 -0.117152 0.199154,
        3.240157 -0.118025 0.150337,
        3.240157 -0.110927 0.173661,
        3.240157 -0.118897 0.177315,
        3.240157 -0.109262 0.149263,
        3.240157 -0.108671 0.149267,
        3.240157 -0.102146 0.169983,
        3.240157 -0.101817 0.150035,
        3.240157 -0.093488 0.159579,
        3.240157 -0.093619 0.161243,
        3.240157 -0.098366 0.151298,
        3.240157 -0.097146 0.152038,
        3.240157 -0.095612 0.153400,
        3.240157 -0.094445 0.155126,
        3.240157 -0.093765 0.157028,
        3.240157 -0.094227 0.163331,
        3.240157 -0.095261 0.165104,
        3.240157 -0.096927 0.166839,
        3.240157 0.147594 0.309512,
        3.240157 0.082302 0.308611,
        3.240157 0.106931 0.416271,
        3.240157 1.003937 0.308611,
        3.240157 1.003937 0.417172,
        3.240157 0.077021 0.338712,
        3.240157 0.066760 0.309512,
        3.240157 0.048571 0.308611,
        3.240157 0.051532 0.309512,
        3.240157 0.048571 0.417172,
        3.240157 0.082302 0.390298,
        3.240157 0.082302 0.417172,
        3.240157 0.092194 0.416271,
        3.240157 0.007595 0.308611,
        3.240157 0.006076 0.311690,
        3.240157 -0.011945 0.309512,
        3.240157 -0.051393 0.308611,
        3.240157 -0.041309 0.309512,
        3.240157 -0.041309 0.416271,
        3.240157 -0.051393 0.417172,
        3.240157 -0.010854 0.416271,
        3.240157 0.007595 0.417172,
        3.240157 0.033324 0.398398,
        3.240157 0.039920 0.389074,
        3.240157 0.029509 0.402135,
        3.240157 0.042100 0.343241,
        3.240157 0.036443 0.332419,
        3.240157 0.005448 0.414471,
        3.240157 0.007595 0.413687,
        3.240157 0.018333 0.409764,
        3.240157 0.029509 0.324467,
        3.240157 0.018267 0.316423,
        3.240157 0.007595 0.312280,
        3.240157 0.043854 0.378878,
        3.240157 0.045610 0.364256,
        3.240157 0.045060 0.355429,
        3.240157 -0.061477 0.321683,
        3.240157 -0.061477 0.309512,
        3.240157 -0.076281 0.308611,
        3.240157 -0.076281 0.417172,
        3.240157 -0.063906 0.416271,
        3.240157 -0.076281 0.416271,
        3.240157 -0.063906 0.403991,
        3.240157 -0.066935 0.357597,
        3.240157 -0.076281 0.357597,
        3.240157 -0.076281 0.321683,
        3.240157 -0.105114 0.357597,
        3.240157 -0.105114 0.321683,
        3.240157 -0.066935 0.369823,
        3.240157 -0.076281 0.403991,
        3.240157 -0.118895 0.416271,
        3.240157 -0.125077 0.417172,
        3.240157 -0.118895 0.309512,
        3.240157 1.003937 2.125984,
        3.240157 0.354331 2.125984,
        3.240157 0.354331 0.748031,
        3.240157 -0.221820 0.417172,
        3.240157 -0.221820 0.748031,
        3.240157 -0.324580 0.748031,
        3.240157 -0.180920 0.416217,
        3.240157 -0.173014 0.417172,
        3.240157 -0.215421 0.417172,
        3.240157 -0.215421 0.748031,
        3.240157 -0.165562 0.418072,
        3.240157 -0.154100 0.417172,
        3.240157 -0.125077 0.748031,
        3.240157 0.082302 0.748031,
        3.240157 0.048571 0.748031,
        3.240157 0.007595 0.748031,
        3.240157 0.000000 0.748031,
        3.240157 -0.151582 0.416974,
        3.240157 -0.140264 0.413706,
        3.240157 -0.051393 0.748031,
        3.240157 -0.076281 0.748031,
        3.240157 -0.076281 0.309512,
        3.240157 -0.140264 0.399297,
        3.240157 -0.142085 0.313026,
        3.240157 -0.167827 0.319991,
        3.240157 -0.161153 0.320329,
        3.240157 -0.141452 0.399938,
        3.240157 -0.205607 0.357593,
        3.240157 -0.203874 0.346946,
        3.240157 -0.149343 0.322890,
        3.240157 -0.140264 0.327141,
        3.240157 -0.140264 0.313933,
        3.240157 -0.195296 0.392928,
        3.240157 -0.200442 0.385494,
        3.240157 -0.200401 0.338359,
        3.240157 -0.195254 0.331235,
        3.240157 -0.192609 0.328672,
        3.240157 -0.165425 0.405628,
        3.240157 -0.169869 0.405436,
        3.240157 -0.194517 0.393784,
        3.240157 -0.179114 0.403589,
        3.240157 -0.187479 0.399638,
        3.240157 -0.204002 0.376250,
        3.240157 -0.205733 0.361691,
        3.240157 -0.185487 0.323870,
        3.240157 -0.177735 0.321081,
        3.240157 -0.152281 0.404059,
        3.240157 -0.215421 0.385452,
        3.240157 -0.212517 0.392243,
        3.240157 -0.204778 0.402353,
        3.240157 -0.202415 0.404624,
        3.240157 -0.192088 0.411901,
        3.240157 -0.217587 0.380385,
        3.240157 -0.215421 0.336643,
        3.240157 -0.218121 0.343606,
        3.240157 -0.221820 0.308611,
        3.240157 -0.220197 0.360872,
        3.240157 -0.220009 0.366448,
        3.240157 -0.198900 0.315798,
        3.240157 -0.206497 0.322283,
        3.240157 -0.215421 0.308611,
        3.240157 -0.207439 0.323314,
        3.240157 -0.213792 0.332442,
        3.240157 -0.169819 0.307711,
        3.240157 -0.177641 0.308165,
        3.240157 -0.179567 0.308611,
        3.240157 -0.188981 0.310792,
        3.240157 -0.179550 0.139116,
        3.240157 -0.186466 0.138347,
        3.240157 -0.013473 0.216398,
        3.240157 0.000390 0.216398,
        3.240157 0.007595 0.277309,
        3.240157 0.048571 0.246908,
        3.240157 0.048571 0.277309,
        3.240157 -0.030028 0.139248,
        3.240157 -0.037925 0.159088,
        3.240157 -0.036288 0.152811,
        3.240157 -0.035933 0.152811,
        3.240157 -0.051393 0.277309,
        3.240157 -0.051393 0.197831,
        3.240157 -0.034296 0.158979,
        3.240157 -0.035319 0.155424,
        3.240157 -0.051393 0.161937,
        3.240157 -0.072802 0.216398,
        3.240157 -0.057847 0.216398,
        3.240157 -0.043343 0.139248,
        3.240157 -0.042892 0.140312,
        3.240157 -0.051381 0.121641,
        3.240157 -0.048759 0.126449,
        3.240157 -0.076281 0.096958,
        3.240157 -0.070046 0.105326,
        3.240157 -0.070046 0.117225,
        3.240157 -0.067310 0.116328,
        3.240157 -0.062459 0.115696,
        3.240157 -0.051393 0.106619,
        3.240157 -0.056020 0.104856,
        3.240157 -0.051393 0.096958,
        3.240157 -0.061422 0.104235,
        3.240157 -0.064374 0.104341,
        3.240157 -0.059224 0.116062,
        3.240157 -0.056298 0.117166,
        3.240157 -0.034214 0.128632,
        3.240157 -0.040267 0.116843,
        3.240157 0.007595 0.096958,
        3.240157 -0.045161 0.110966,
        3.240157 -0.046072 0.110130,
        3.240157 -0.050743 0.106866,
        3.240157 -1.003937 0.000000,
        3.240157 -1.003937 0.096958,
        3.240157 -1.003937 0.139248,
        3.240157 -1.003937 0.277309,
        3.240157 -1.003937 0.308611,
        3.240157 -1.003937 0.417172,
        3.240157 -1.003937 2.125984,
        3.240157 -0.516243 0.427159,
        3.240157 -0.267081 0.416271,
        3.240157 -0.267081 0.321683,
        3.240157 -0.224563 0.321683,
        3.240157 -0.224563 0.309512,
        3.240157 -0.280863 0.309512,
        3.240157 -0.280863 0.416271,
        3.240157 -0.225873 0.234628,
        3.240157 -0.221820 0.139248,
        3.240157 -0.223444 0.152320,
        3.240157 -0.223444 0.140148,
        3.240157 -0.280863 0.140148,
        3.240157 -0.267081 0.188234,
        3.240157 -0.267081 0.152320,
        3.240157 -0.228902 0.188234,
        3.240157 -0.228902 0.200460,
        3.240157 -0.267081 0.200460,
        3.240157 -0.267081 0.234628,
        3.240157 -0.280863 0.246908,
        3.240157 -0.225873 0.246908,
        3.240157 1.003937 0.277309,
        3.240157 0.266061 0.140148,
        3.240157 0.255172 0.169349,
        3.240157 0.210716 0.169349,
        3.240157 0.092385 0.140148,
        3.240157 0.092385 0.246908,
        3.240157 0.139771 0.142327,
        3.240157 0.121750 0.140148,
        3.240157 0.185227 0.140148,
        3.240157 0.225889 0.246908,
        3.240157 0.240626 0.246908,
        3.240157 0.200455 0.140148,
        3.240157 0.281289 0.140148,
        3.240157 1.003937 0.139248,
        3.240157 0.163204 0.232772,
        3.240157 0.167019 0.229034,
        3.240157 0.173615 0.219711,
        3.240157 0.177549 0.209514,
        3.240157 0.122841 0.246908,
        3.240157 0.139143 0.245108,
        3.240157 0.152028 0.240401,
        3.240157 0.170138 0.163056,
        3.240157 0.163204 0.155104,
        3.240157 0.151962 0.147060,
        3.240157 0.179305 0.194893,
        3.240157 0.178755 0.186066,
        3.240157 0.175795 0.173878,
        3.240157 0.048571 0.096958,
        3.240157 0.082302 0.096958,
        3.240157 1.003937 0.096958,
        3.240157 -0.221820 0.000000,
        3.240157 -0.215421 0.000000,
        3.240157 -0.125077 0.000000,
        3.240157 -0.076281 0.000000,
        3.240157 -0.051393 0.000000,
        3.240157 0.007595 0.000000,
        3.240157 0.048571 0.000000,
        3.240157 0.082302 0.000000,
        3.240157 1.003937 0.000000,
        -2.964567 0.354331 0.748031,
        -2.964567 0.728346 0.748031,
        -2.964567 0.354331 2.007874,
        -2.964567 0.728346 2.007874,
        -2.964567 -0.354331 0.748031,
        -2.964567 -0.354331 2.007874,
        -2.964567 -0.666339 0.748031,
        -2.964567 -0.728346 2.007874,
        -2.964567 -0.728346 0.748031,
        3.082677 0.354331 2.125984,
        3.082677 0.846457 2.125984,
        -3.082677 0.846457 2.125984,
        -3.240157 1.003937 2.125984,
        -3.082677 0.354331 2.125984,
        -3.240157 0.354331 2.125984,
        -3.082677 -0.354331 2.125984,
        -3.240157 -0.354331 2.125984,
        -3.082677 -0.846457 2.125984,
        -3.240157 -1.003937 2.125984,
        -0.462598 -0.846457 2.125984,
        -0.462598 -1.003937 2.125984,
        -3.240157 0.354331 0.748031,
        -3.240157 1.003937 0.000000,
        -3.240157 -1.003937 0.000000,
        -3.240157 -0.354331 0.748031,
        -3.240157 0.000000 0.748031,
        2.964567 -0.728346 0.748031,
        2.964567 -0.728346 2.007874,
        2.964567 -0.666339 0.748031,
        2.964567 -0.354331 2.007874,
        2.964567 -0.354331 0.748031,
        3.082677 -0.846457 2.125984,
        0.462598 -0.846457 2.125984,
        0.462598 -1.003937 2.125984,
        3.082677 -0.354331 2.125984,
        1.828740 -0.171260 0.748031,
        2.534449 0.000000 0.748031,
        1.500000 0.000000 0.748031,
        2.964567 0.728346 0.748031,
        2.534449 0.728346 0.748031,
        2.964567 0.354331 0.748031,
        2.534449 -0.666339 0.748031,
        2.534449 -0.728346 0.748031,
        1.500000 -0.728346 0.748031,
        1.500000 -0.666339 0.748031,
        1.000000 -0.728346 0.748031,
        1.000000 -0.666339 0.748031,
        0.500000 -0.728346 0.748031,
        0.500000 -0.666339 0.748031,
        0.462598 -0.728346 0.748031,
        -0.000000 -0.666339 0.748031,
        0.462598 -1.003937 0.748031,
        -0.462598 -0.728346 0.748031,
        -0.500000 -0.666339 0.748031,
        -0.000000 -1.003937 0.748031,
        -0.462598 -1.003937 0.748031,
        -1.500000 -0.666339 0.748031,
        -1.500000 -0.728346 0.748031,
        -1.000000 -0.666339 0.748031,
        -1.000000 -0.728346 0.748031,
        -0.500000 -0.728346 0.748031,
        -1.671260 -0.328740 0.748031,
        -1.671260 -0.171260 0.748031,
        -1.500000 0.000000 0.748031,
        -1.828740 -0.171260 0.748031,
        -1.828740 -0.328740 0.748031,
        -1.828740 0.171260 0.748031,
        -1.828740 0.328740 0.748031,
        -1.500000 0.728346 0.748031,
        -1.671260 0.328740 0.748031,
        -1.671260 0.171260 0.748031,
        -1.328740 -0.171260 0.748031,
        -1.328740 -0.328740 0.748031,
        -1.171260 -0.328740 0.748031,
        -1.171260 -0.171260 0.748031,
        -1.000000 0.000000 0.748031,
        -0.828740 -0.171260 0.748031,
        -0.828740 -0.328740 0.748031,
        -0.671260 -0.328740 0.748031,
        -0.671260 -0.171260 0.748031,
        -0.500000 0.000000 0.748031,
        -0.328740 -0.171260 0.748031,
        -0.328740 -0.328740 0.748031,
        -0.171260 -0.328740 0.748031,
        -0.171260 -0.171260 0.748031,
        -0.000000 0.000000 0.748031,
        0.171260 -0.171260 0.748031,
        0.171260 -0.328740 0.748031,
        0.328740 -0.328740 0.748031,
        0.328740 -0.171260 0.748031,
        0.500000 0.000000 0.748031,
        0.671260 -0.171260 0.748031,
        0.671260 -0.328740 0.748031,
        0.828740 -0.328740 0.748031,
        0.828740 -0.171260 0.748031,
        1.000000 0.000000 0.748031,
        1.171260 -0.171260 0.748031,
        1.171260 -0.328740 0.748031,
        1.328740 -0.328740 0.748031,
        1.328740 -0.171260 0.748031,
        1.828740 -0.328740 0.748031,
        1.671260 -0.328740 0.748031,
        1.671260 -0.171260 0.748031,
        -1.328740 0.328740 0.748031,
        -1.328740 0.171260 0.748031,
        -1.171260 0.171260 0.748031,
        -1.171260 0.328740 0.748031,
        -1.000000 0.728346 0.748031,
        -0.828740 0.328740 0.748031,
        -0.828740 0.171260 0.748031,
        -0.671260 0.171260 0.748031,
        -0.671260 0.328740 0.748031,
        -0.500000 0.728346 0.748031,
        -0.328740 0.328740 0.748031,
        -0.328740 0.171260 0.748031,
        -0.171260 0.171260 0.748031,
        -0.171260 0.328740 0.748031,
        -0.000000 0.728346 0.748031,
        0.171260 0.328740 0.748031,
        0.171260 0.171260 0.748031,
        0.328740 0.171260 0.748031,
        0.328740 0.328740 0.748031,
        0.500000 0.728346 0.748031,
        0.671260 0.328740 0.748031,
        0.671260 0.171260 0.748031,
        0.828740 0.171260 0.748031,
        0.828740 0.328740 0.748031,
        1.000000 0.728346 0.748031,
        1.171260 0.328740 0.748031,
        1.171260 0.171260 0.748031,
        1.328740 0.171260 0.748031,
        1.328740 0.328740 0.748031,
        1.500000 0.728346 0.748031,
        1.671260 0.328740 0.748031,
        1.671260 0.171260 0.748031,
        1.828740 0.171260 0.748031,
        1.828740 0.328740 0.748031,
        -1.131890 1.003937 0.000000,
        -0.868110 1.003937 0.000000,
        -1.131890 -1.003937 0.000000,
        -0.868110 -1.003937 0.000000,
        -0.631890 1.003937 0.000000,
        -0.368110 1.003937 0.000000,
        -0.631890 -1.003937 0.000000,
        -0.368110 -1.003937 0.000000,
        -0.131890 1.003937 0.000000,
        0.131890 1.003937 0.000000,
        -0.131890 -1.003937 0.000000,
        0.131890 -1.003937 0.000000,
        0.368110 1.003937 0.000000,
        0.631890 1.003937 0.000000,
        0.368110 -1.003937 0.000000,
        0.631890 -1.003937 0.000000,
        0.868110 1.003937 0.000000,
        1.131890 1.003937 0.000000,
        0.868110 -1.003937 0.000000,
        1.131890 -1.003937 0.000000,
        1.368110 1.003937 0.000000,
        1.631890 1.003937 0.000000,
        1.368110 -1.003937 0.000000,
        1.631890 -1.003937 0.000000,
        1.868110 1.003937 0.000000,
        1.868110 -1.003937 0.000000,
        -1.368110 -1.003937 0.000000,
        -1.631890 -1.003937 0.000000,
        -1.368110 1.003937 0.000000,
        -1.631890 1.003937 0.000000,
        -0.462598 -0.728346 2.007874,
        2.964567 0.728346 2.007874,
        2.964567 0.354331 2.007874,
        2.396654 0.728346 0.748031,
        0.462598 -0.728346 2.007874,
        2.396654 -0.728346 0.748031,
        -1.868110 -1.003937 0.000000,
        -1.868110 1.003937 0.000000,
        -1.368110 1.003937 0.196850,
        -1.868110 1.003937 0.196850,
        -1.631890 1.003937 0.196850,
        -0.368110 1.003937 0.196850,
        1.868110 1.003937 0.196850,
        1.631890 1.003937 0.196850,
        -0.868110 1.003937 0.196850,
        -1.131890 1.003937 0.196850,
        1.368110 1.003937 0.196850,
        1.131890 1.003937 0.196850,
        0.868110 1.003937 0.196850,
        0.631890 1.003937 0.196850,
        0.368110 1.003937 0.196850,
        0.131890 1.003937 0.196850,
        -0.631890 1.003937 0.196850,
        -0.131890 1.003937 0.196850,
        -1.868110 -1.003937 0.196850,
        -1.631890 -1.003937 0.196850,
        1.631890 -1.003937 0.196850,
        1.868110 -1.003937 0.196850,
        1.368110 -1.003937 0.196850,
        -0.631890 -1.003937 0.196850,
        -1.368110 -1.003937 0.196850,
        -1.131890 -1.003937 0.196850,
        -1.744094 -1.003937 1.598728,
        -1.980315 -1.003937 2.007874,
        -1.507874 -1.003937 2.007874,
        -0.368110 -1.003937 0.196850,
        -0.868110 -1.003937 0.196850,
        -0.131890 -1.003937 0.196850,
        0.131890 -1.003937 0.196850,
        0.368110 -1.003937 0.196850,
        0.631890 -1.003937 0.196850,
        0.868110 -1.003937 0.196850,
        1.131890 -1.003937 0.196850,
      ]
    }
    coordIndex [
      0, 1, 2, -1,
      3, 4, 5, -1,
      6, 7, 8, -1,
      9, 10, 11, -1,
      12, 13, 14, -1,
      15, 16, 17, -1,
      18, 19, 20, -1,
      21, 22, 23, -1,
      24, 25, 26, -1,
      27, 28, 29, -1,
      30, 31, 32, -1,
      32, 31, 3, -1,
      33, 34, 32, -1,
      32, 34, 35, -1,
      35, 36, 32, -1,
      32, 36, 37, -1,
      32, 37, 30, -1,
      27, 38, 39, -1,
      39, 40, 27, -1,
      27, 40, 41, -1,
      27, 41, 42, -1,
      43, 44, 45, -1,
      46, 47, 43, -1,
      43, 47, 48, -1,
      43, 48, 49, -1,
      27, 29, 38, -1,
      38, 29, 43, -1,
      38, 43, 50, -1,
      50, 43, 45, -1,
      50, 45, 51, -1,
      51, 45, 52, -1,
      51, 52, 53, -1,
      49, 54, 43, -1,
      43, 54, 55, -1,
      43, 55, 44, -1,
      56, 57, 58, -1,
      58, 57, 59, -1,
      58, 59, 60, -1,
      60, 61, 58, -1,
      58, 61, 62, -1,
      58, 62, 63, -1,
      63, 62, 64, -1,
      64, 65, 63, -1,
      63, 65, 66, -1,
      63, 66, 46, -1,
      46, 66, 67, -1,
      46, 67, 47, -1,
      68, 69, 70, -1,
      70, 69, 71, -1,
      70, 71, 58, -1,
      58, 71, 72, -1,
      58, 72, 56, -1,
      73, 74, 75, -1,
      75, 74, 76, -1,
      75, 76, 77, -1,
      76, 78, 77, -1,
      77, 78, 79, -1,
      77, 79, 70, -1,
      70, 79, 80, -1,
      70, 80, 68, -1,
      0, 81, 1, -1,
      1, 81, 82, -1,
      1, 82, 83, -1,
      83, 84, 1, -1,
      1, 84, 85, -1,
      1, 85, 73, -1,
      86, 87, 4, -1,
      88, 89, 90, -1,
      91, 92, 0, -1,
      93, 94, 95, -1,
      95, 94, 96, -1,
      88, 90, 97, -1,
      91, 0, 98, -1,
      99, 100, 94, -1,
      94, 100, 101, -1,
      94, 101, 102, -1,
      4, 87, 0, -1,
      0, 87, 103, -1,
      0, 103, 98, -1,
      89, 104, 90, -1,
      90, 104, 105, -1,
      90, 105, 106, -1,
      107, 108, 109, -1,
      109, 108, 110, -1,
      109, 110, 111, -1,
      112, 102, 113, -1,
      113, 102, 114, -1,
      113, 114, 109, -1,
      109, 114, 115, -1,
      109, 115, 107, -1,
      112, 116, 102, -1,
      102, 116, 117, -1,
      102, 117, 94, -1,
      94, 117, 118, -1,
      94, 118, 96, -1,
      119, 120, 121, -1,
      121, 120, 122, -1,
      121, 122, 90, -1,
      90, 122, 123, -1,
      90, 123, 97, -1,
      124, 125, 90, -1,
      90, 125, 126, -1,
      90, 126, 94, -1,
      94, 126, 127, -1,
      94, 127, 99, -1,
      128, 129, 81, -1,
      81, 129, 130, -1,
      81, 130, 131, -1,
      131, 132, 81, -1,
      81, 132, 133, -1,
      81, 133, 134, -1,
      134, 133, 119, -1,
      134, 119, 135, -1,
      135, 119, 121, -1,
      92, 136, 0, -1,
      0, 136, 137, -1,
      0, 137, 81, -1,
      81, 137, 138, -1,
      81, 138, 128, -1,
      106, 139, 90, -1,
      90, 139, 140, -1,
      90, 140, 141, -1,
      141, 142, 90, -1,
      90, 142, 143, -1,
      90, 143, 124, -1,
      144, 145, 146, -1,
      146, 102, 144, -1,
      144, 102, 101, -1,
      144, 101, 147, -1,
      147, 101, 148, -1,
      148, 149, 147, -1,
      147, 149, 150, -1,
      147, 150, 151, -1,
      152, 153, 154, -1,
      153, 155, 154, -1,
      154, 155, 156, -1,
      154, 156, 157, -1,
      158, 154, 159, -1,
      145, 144, 158, -1,
      158, 144, 160, -1,
      158, 160, 154, -1,
      154, 160, 161, -1,
      154, 161, 152, -1,
      159, 162, 158, -1,
      158, 162, 163, -1,
      158, 163, 164, -1,
      157, 156, 165, -1,
      165, 156, 166, -1,
      165, 166, 167, -1,
      167, 166, 168, -1,
      167, 168, 169, -1,
      170, 171, 164, -1,
      164, 171, 172, -1,
      164, 172, 158, -1,
      31, 173, 3, -1,
      3, 173, 174, -1,
      3, 174, 4, -1,
      4, 174, 175, -1,
      4, 175, 86, -1,
      176, 177, 178, -1,
      179, 180, 181, -1,
      182, 178, 183, -1,
      183, 178, 184, -1,
      184, 178, 177, -1,
      184, 177, 26, -1,
      26, 177, 185, -1,
      26, 185, 24, -1,
      181, 186, 187, -1,
      187, 186, 188, -1,
      187, 188, 189, -1,
      183, 190, 182, -1,
      182, 190, 191, -1,
      182, 191, 192, -1,
      192, 191, 193, -1,
      194, 195, 196, -1,
      196, 195, 197, -1,
      198, 199, 200, -1,
      200, 199, 201, -1,
      200, 201, 22, -1,
      202, 203, 204, -1,
      204, 203, 205, -1,
      204, 205, 201, -1,
      206, 207, 208, -1,
      208, 207, 209, -1,
      210, 211, 212, -1,
      212, 211, 213, -1,
      212, 213, 214, -1,
      194, 215, 195, -1,
      195, 215, 216, -1,
      195, 216, 217, -1,
      217, 216, 218, -1,
      219, 220, 218, -1,
      218, 220, 221, -1,
      218, 221, 217, -1,
      214, 222, 212, -1,
      212, 222, 223, -1,
      212, 223, 224, -1,
      225, 226, 227, -1,
      228, 229, 204, -1,
      204, 229, 230, -1,
      204, 230, 202, -1,
      224, 231, 212, -1,
      212, 231, 232, -1,
      212, 232, 207, -1,
      207, 232, 197, -1,
      207, 197, 209, -1,
      209, 197, 195, -1,
      233, 234, 235, -1,
      227, 226, 236, -1,
      237, 199, 238, -1,
      206, 239, 207, -1,
      207, 239, 240, -1,
      207, 240, 241, -1,
      242, 243, 218, -1,
      218, 243, 244, -1,
      218, 244, 245, -1,
      233, 235, 198, -1,
      226, 246, 236, -1,
      236, 246, 237, -1,
      236, 237, 247, -1,
      247, 237, 238, -1,
      235, 248, 198, -1,
      198, 248, 249, -1,
      198, 249, 199, -1,
      199, 249, 250, -1,
      199, 250, 238, -1,
      245, 251, 218, -1,
      218, 251, 252, -1,
      218, 252, 219, -1,
      21, 23, 253, -1,
      253, 23, 254, -1,
      253, 254, 255, -1,
      256, 257, 20, -1,
      258, 259, 20, -1,
      20, 259, 260, -1,
      261, 262, 263, -1,
      263, 262, 264, -1,
      263, 264, 265, -1,
      265, 266, 263, -1,
      263, 266, 267, -1,
      263, 267, 268, -1,
      268, 267, 269, -1,
      268, 269, 256, -1,
      270, 271, 257, -1,
      257, 271, 272, -1,
      257, 272, 20, -1,
      20, 272, 273, -1,
      20, 273, 258, -1,
      260, 274, 20, -1,
      20, 274, 275, -1,
      20, 275, 18, -1,
      276, 277, 278, -1,
      278, 277, 279, -1,
      278, 279, 280, -1,
      278, 281, 276, -1,
      276, 281, 282, -1,
      276, 282, 283, -1,
      283, 284, 276, -1,
      276, 284, 285, -1,
      276, 285, 286, -1,
      286, 285, 287, -1,
      286, 287, 288, -1,
      288, 287, 289, -1,
      288, 289, 257, -1,
      257, 289, 290, -1,
      257, 290, 270, -1,
      291, 292, 280, -1,
      280, 292, 293, -1,
      280, 293, 278, -1,
      294, 295, 234, -1,
      234, 295, 296, -1,
      234, 296, 235, -1,
      294, 297, 295, -1,
      295, 297, 298, -1,
      295, 298, 299, -1,
      299, 298, 300, -1,
      299, 301, 302, -1,
      300, 303, 299, -1,
      299, 303, 304, -1,
      299, 304, 305, -1,
      305, 306, 299, -1,
      299, 306, 307, -1,
      299, 307, 301, -1,
      302, 308, 299, -1,
      299, 308, 309, -1,
      299, 309, 310, -1,
      311, 15, 312, -1,
      313, 314, 315, -1,
      15, 17, 312, -1,
      312, 17, 316, -1,
      312, 316, 317, -1,
      318, 319, 320, -1,
      320, 319, 321, -1,
      320, 321, 322, -1,
      322, 321, 323, -1,
      324, 325, 326, -1,
      324, 326, 327, -1,
      328, 329, 330, -1,
      330, 329, 331, -1,
      330, 331, 332, -1,
      333, 334, 320, -1,
      333, 320, 335, -1,
      318, 336, 337, -1,
      331, 338, 332, -1,
      332, 338, 339, -1,
      332, 339, 320, -1,
      320, 339, 340, -1,
      320, 340, 335, -1,
      337, 341, 318, -1,
      318, 341, 342, -1,
      318, 342, 324, -1,
      324, 342, 343, -1,
      324, 343, 325, -1,
      334, 344, 320, -1,
      320, 344, 345, -1,
      320, 345, 318, -1,
      318, 345, 346, -1,
      318, 346, 336, -1,
      347, 348, 327, -1,
      327, 348, 349, -1,
      330, 350, 351, -1,
      351, 350, 352, -1,
      326, 328, 327, -1,
      327, 328, 330, -1,
      327, 330, 353, -1,
      353, 330, 351, -1,
      354, 355, 356, -1,
      356, 355, 357, -1,
      356, 357, 358, -1,
      356, 347, 354, -1,
      354, 347, 327, -1,
      354, 327, 359, -1,
      359, 327, 353, -1,
      359, 353, 14, -1,
      14, 353, 360, -1,
      14, 360, 12, -1,
      352, 350, 361, -1,
      361, 350, 362, -1,
      361, 362, 363, -1,
      315, 364, 365, -1,
      365, 366, 315, -1,
      315, 366, 322, -1,
      315, 322, 313, -1,
      313, 322, 323, -1,
      367, 368, 369, -1,
      370, 371, 372, -1,
      372, 371, 373, -1,
      372, 373, 368, -1,
      371, 374, 373, -1,
      373, 374, 375, -1,
      373, 375, 376, -1,
      366, 377, 322, -1,
      322, 377, 378, -1,
      322, 378, 320, -1,
      320, 378, 379, -1,
      320, 379, 332, -1,
      332, 379, 380, -1,
      332, 380, 330, -1,
      381, 382, 362, -1,
      380, 383, 330, -1,
      330, 383, 384, -1,
      330, 384, 350, -1,
      350, 384, 376, -1,
      350, 376, 362, -1,
      362, 376, 375, -1,
      362, 375, 381, -1,
      348, 385, 349, -1,
      349, 385, 363, -1,
      349, 363, 11, -1,
      11, 363, 362, -1,
      11, 362, 386, -1,
      386, 362, 382, -1,
      9, 11, 387, -1,
      386, 388, 389, -1,
      390, 391, 386, -1,
      386, 391, 392, -1,
      389, 393, 386, -1,
      386, 393, 394, -1,
      386, 394, 11, -1,
      11, 394, 395, -1,
      11, 395, 387, -1,
      390, 396, 397, -1,
      392, 398, 386, -1,
      386, 398, 399, -1,
      386, 399, 400, -1,
      401, 402, 403, -1,
      403, 402, 404, -1,
      403, 404, 405, -1,
      397, 406, 390, -1,
      390, 406, 407, -1,
      390, 407, 391, -1,
      400, 408, 386, -1,
      386, 408, 409, -1,
      386, 409, 388, -1,
      396, 390, 403, -1,
      403, 390, 410, -1,
      403, 410, 401, -1,
      411, 412, 372, -1,
      372, 412, 413, -1,
      413, 414, 372, -1,
      372, 414, 415, -1,
      372, 415, 370, -1,
      368, 367, 372, -1,
      372, 367, 416, -1,
      372, 416, 411, -1,
      417, 418, 419, -1,
      419, 418, 420, -1,
      419, 420, 367, -1,
      367, 420, 421, -1,
      367, 421, 416, -1,
      422, 423, 424, -1,
      424, 423, 425, -1,
      424, 425, 426, -1,
      427, 428, 207, -1,
      207, 428, 429, -1,
      207, 429, 424, -1,
      424, 429, 430, -1,
      424, 430, 422, -1,
      225, 227, 241, -1,
      241, 227, 261, -1,
      241, 261, 207, -1,
      207, 261, 263, -1,
      207, 263, 427, -1,
      22, 201, 23, -1,
      23, 201, 205, -1,
      23, 205, 254, -1,
      254, 205, 431, -1,
      254, 431, 210, -1,
      210, 431, 432, -1,
      210, 432, 211, -1,
      433, 434, 435, -1,
      180, 179, 436, -1,
      436, 179, 437, -1,
      436, 437, 193, -1,
      193, 437, 435, -1,
      193, 435, 192, -1,
      192, 435, 434, -1,
      192, 434, 438, -1,
      439, 440, 441, -1,
      435, 442, 433, -1,
      433, 442, 443, -1,
      433, 443, 444, -1,
      444, 443, 439, -1,
      444, 439, 445, -1,
      445, 439, 441, -1,
      446, 447, 20, -1,
      256, 20, 268, -1,
      268, 20, 447, -1,
      268, 447, 442, -1,
      442, 447, 448, -1,
      442, 448, 443, -1,
      20, 8, 446, -1,
      446, 8, 449, -1,
      446, 449, 450, -1,
      7, 451, 8, -1,
      8, 451, 452, -1,
      8, 452, 449, -1,
      453, 454, 455, -1,
      255, 254, 19, -1,
      19, 254, 453, -1,
      19, 453, 20, -1,
      20, 453, 455, -1,
      20, 455, 8, -1,
      8, 455, 456, -1,
      8, 456, 457, -1,
      458, 459, 460, -1,
      460, 459, 461, -1,
      460, 461, 453, -1,
      453, 461, 462, -1,
      453, 462, 454, -1,
      457, 463, 8, -1,
      8, 463, 464, -1,
      8, 464, 6, -1,
      465, 466, 467, -1,
      465, 467, 438, -1,
      466, 468, 467, -1,
      467, 468, 469, -1,
      467, 469, 460, -1,
      460, 469, 470, -1,
      460, 470, 458, -1,
      471, 77, 472, -1,
      472, 77, 70, -1,
      472, 70, 473, -1,
      473, 70, 58, -1,
      473, 58, 474, -1,
      474, 58, 63, -1,
      474, 63, 475, -1,
      475, 63, 46, -1,
      475, 46, 476, -1,
      476, 46, 43, -1,
      476, 43, 477, -1,
      477, 43, 29, -1,
      42, 478, 27, -1,
      27, 478, 33, -1,
      27, 33, 369, -1,
      369, 33, 32, -1,
      369, 32, 367, -1,
      367, 32, 479, -1,
      479, 480, 367, -1,
      367, 480, 481, -1,
      367, 481, 419, -1,
      419, 481, 482, -1,
      419, 482, 483, -1,
      5, 419, 3, -1,
      3, 419, 483, -1,
      3, 483, 32, -1,
      32, 483, 484, -1,
      32, 484, 479, -1,
      485, 486, 5, -1,
      485, 487, 486, -1,
      486, 487, 488, -1,
      486, 488, 489, -1,
      490, 491, 492, -1,
      492, 491, 487, -1,
      492, 487, 493, -1,
      493, 487, 485, -1,
      493, 485, 494, -1,
      494, 485, 495, -1,
      2, 486, 0, -1,
      0, 486, 489, -1,
      0, 489, 4, -1,
      4, 489, 496, -1,
      4, 496, 5, -1,
      5, 496, 497, -1,
      5, 497, 485, -1,
      2, 210, 486, -1,
      486, 210, 212, -1,
      486, 212, 5, -1,
      5, 212, 207, -1,
      5, 207, 419, -1,
      419, 207, 424, -1,
      419, 424, 417, -1,
      417, 424, 426, -1,
      179, 318, 437, -1,
      437, 318, 324, -1,
      437, 324, 435, -1,
      435, 324, 327, -1,
      435, 327, 442, -1,
      442, 327, 349, -1,
      442, 349, 268, -1,
      268, 349, 11, -1,
      268, 11, 263, -1,
      263, 11, 10, -1,
      263, 10, 427, -1,
      313, 311, 314, -1,
      314, 311, 312, -1,
      314, 312, 498, -1,
      499, 500, 501, -1,
      187, 176, 181, -1,
      181, 176, 178, -1,
      181, 178, 179, -1,
      179, 178, 502, -1,
      179, 502, 503, -1,
      504, 505, 506, -1,
      179, 507, 508, -1,
      509, 506, 178, -1,
      178, 506, 505, -1,
      178, 505, 502, -1,
      501, 509, 499, -1,
      499, 509, 178, -1,
      499, 178, 510, -1,
      510, 178, 511, -1,
      510, 511, 508, -1,
      508, 511, 498, -1,
      508, 498, 179, -1,
      179, 498, 312, -1,
      179, 312, 318, -1,
      318, 312, 317, -1,
      318, 317, 319, -1,
      512, 513, 507, -1,
      507, 513, 514, -1,
      507, 514, 515, -1,
      503, 516, 179, -1,
      179, 516, 517, -1,
      179, 517, 507, -1,
      507, 517, 518, -1,
      507, 518, 512, -1,
      519, 520, 506, -1,
      506, 520, 521, -1,
      506, 521, 504, -1,
      515, 522, 507, -1,
      507, 522, 523, -1,
      507, 523, 506, -1,
      506, 523, 524, -1,
      506, 524, 519, -1,
      438, 467, 192, -1,
      192, 467, 525, -1,
      192, 525, 182, -1,
      182, 525, 526, -1,
      182, 526, 178, -1,
      178, 526, 527, -1,
      178, 527, 511, -1,
      73, 75, 1, -1,
      1, 75, 528, -1,
      1, 528, 2, -1,
      2, 528, 529, -1,
      2, 529, 210, -1,
      210, 529, 530, -1,
      210, 530, 254, -1,
      254, 530, 531, -1,
      254, 531, 453, -1,
      453, 531, 532, -1,
      453, 532, 460, -1,
      460, 532, 533, -1,
      460, 533, 467, -1,
      467, 533, 534, -1,
      467, 534, 525, -1,
      525, 534, 535, -1,
      525, 535, 526, -1,
      526, 535, 536, -1,
      526, 536, 527, -1,
      537, 538, 539, -1,
      539, 538, 540, -1,
      541, 542, 543, -1,
      543, 542, 544, -1,
      543, 544, 545, -1,
      546, 365, 547, -1,
      547, 365, 364, -1,
      547, 364, 548, -1,
      548, 364, 549, -1,
      548, 549, 550, -1,
      550, 549, 551, -1,
      552, 553, 554, -1,
      554, 553, 555, -1,
      554, 555, 556, -1,
      556, 555, 557, -1,
      551, 549, 558, -1,
      558, 549, 559, -1,
      555, 553, 560, -1,
      560, 553, 561, -1,
      560, 561, 559, -1,
      559, 561, 562, -1,
      559, 562, 558, -1,
      539, 540, 550, -1,
      550, 540, 548, -1,
      552, 554, 542, -1,
      542, 554, 544, -1,
      563, 564, 565, -1,
      565, 564, 566, -1,
      565, 566, 567, -1,
      568, 569, 570, -1,
      28, 571, 29, -1,
      29, 571, 568, -1,
      29, 568, 477, -1,
      477, 568, 570, -1,
      564, 568, 566, -1,
      566, 568, 571, -1,
      572, 573, 574, -1,
      537, 558, 562, -1,
      575, 576, 577, -1,
      577, 576, 573, -1,
      366, 577, 377, -1,
      377, 577, 573, -1,
      377, 573, 378, -1,
      378, 573, 379, -1,
      578, 565, 573, -1,
      573, 565, 567, -1,
      368, 573, 369, -1,
      369, 573, 567, -1,
      369, 567, 27, -1,
      368, 373, 573, -1,
      573, 373, 376, -1,
      573, 376, 384, -1,
      384, 383, 573, -1,
      573, 383, 380, -1,
      573, 380, 379, -1,
      563, 565, 579, -1,
      579, 565, 578, -1,
      579, 578, 580, -1,
      580, 578, 581, -1,
      580, 581, 582, -1,
      582, 581, 583, -1,
      582, 583, 584, -1,
      584, 583, 585, -1,
      584, 585, 586, -1,
      586, 585, 587, -1,
      586, 587, 588, -1,
      589, 587, 590, -1,
      588, 587, 591, -1,
      591, 587, 589, -1,
      591, 589, 592, -1,
      593, 594, 595, -1,
      595, 594, 596, -1,
      595, 596, 590, -1,
      590, 596, 597, -1,
      590, 597, 589, -1,
      598, 593, 599, -1,
      599, 593, 600, -1,
      599, 600, 601, -1,
      562, 561, 602, -1,
      602, 561, 541, -1,
      602, 541, 598, -1,
      598, 541, 543, -1,
      598, 543, 593, -1,
      593, 543, 545, -1,
      593, 545, 594, -1,
      602, 601, 562, -1,
      562, 601, 600, -1,
      562, 600, 537, -1,
      537, 600, 603, -1,
      537, 603, 538, -1,
      538, 603, 604, -1,
      538, 604, 605, -1,
      605, 604, 606, -1,
      605, 606, 600, -1,
      600, 606, 607, -1,
      600, 607, 603, -1,
      608, 600, 609, -1,
      609, 600, 593, -1,
      609, 593, 610, -1,
      610, 593, 595, -1,
      610, 595, 611, -1,
      611, 595, 612, -1,
      611, 612, 608, -1,
      608, 612, 600, -1,
      613, 612, 614, -1,
      614, 612, 595, -1,
      614, 595, 615, -1,
      615, 595, 590, -1,
      615, 590, 616, -1,
      616, 590, 617, -1,
      616, 617, 613, -1,
      613, 617, 612, -1,
      618, 617, 619, -1,
      619, 617, 590, -1,
      619, 590, 620, -1,
      620, 590, 587, -1,
      620, 587, 621, -1,
      621, 587, 622, -1,
      621, 622, 618, -1,
      618, 622, 617, -1,
      623, 622, 624, -1,
      624, 622, 587, -1,
      624, 587, 625, -1,
      625, 587, 585, -1,
      625, 585, 626, -1,
      626, 585, 627, -1,
      626, 627, 623, -1,
      623, 627, 622, -1,
      628, 627, 629, -1,
      629, 627, 585, -1,
      629, 585, 630, -1,
      630, 585, 583, -1,
      630, 583, 631, -1,
      631, 583, 632, -1,
      631, 632, 628, -1,
      628, 632, 627, -1,
      633, 632, 634, -1,
      634, 632, 583, -1,
      634, 583, 635, -1,
      635, 583, 581, -1,
      635, 581, 636, -1,
      636, 581, 574, -1,
      636, 574, 633, -1,
      633, 574, 632, -1,
      573, 572, 578, -1,
      578, 572, 637, -1,
      578, 637, 581, -1,
      581, 637, 638, -1,
      581, 638, 574, -1,
      574, 638, 639, -1,
      574, 639, 572, -1,
      640, 605, 641, -1,
      641, 605, 600, -1,
      641, 600, 642, -1,
      642, 600, 612, -1,
      642, 612, 643, -1,
      643, 612, 644, -1,
      643, 644, 640, -1,
      640, 644, 605, -1,
      645, 644, 646, -1,
      646, 644, 612, -1,
      646, 612, 647, -1,
      647, 612, 617, -1,
      647, 617, 648, -1,
      648, 617, 649, -1,
      648, 649, 645, -1,
      645, 649, 644, -1,
      650, 649, 651, -1,
      651, 649, 617, -1,
      651, 617, 652, -1,
      652, 617, 622, -1,
      652, 622, 653, -1,
      653, 622, 654, -1,
      653, 654, 650, -1,
      650, 654, 649, -1,
      655, 654, 656, -1,
      656, 654, 622, -1,
      656, 622, 657, -1,
      657, 622, 627, -1,
      657, 627, 658, -1,
      658, 627, 659, -1,
      658, 659, 655, -1,
      655, 659, 654, -1,
      660, 659, 661, -1,
      661, 659, 627, -1,
      661, 627, 662, -1,
      662, 627, 632, -1,
      662, 632, 663, -1,
      663, 632, 664, -1,
      663, 664, 660, -1,
      660, 664, 659, -1,
      665, 664, 666, -1,
      666, 664, 632, -1,
      666, 632, 667, -1,
      667, 632, 574, -1,
      667, 574, 668, -1,
      668, 574, 669, -1,
      668, 669, 665, -1,
      665, 669, 664, -1,
      670, 669, 671, -1,
      671, 669, 574, -1,
      671, 574, 672, -1,
      672, 574, 573, -1,
      672, 573, 673, -1,
      673, 573, 576, -1,
      673, 576, 670, -1,
      670, 576, 669, -1,
      674, 675, 676, -1,
      676, 675, 677, -1,
      678, 679, 680, -1,
      680, 679, 681, -1,
      682, 683, 684, -1,
      684, 683, 685, -1,
      686, 687, 688, -1,
      688, 687, 689, -1,
      690, 691, 692, -1,
      692, 691, 693, -1,
      694, 695, 696, -1,
      696, 695, 697, -1,
      698, 536, 699, -1,
      699, 536, 471, -1,
      700, 701, 702, -1,
      702, 701, 703, -1,
      704, 589, 597, -1,
      545, 544, 594, -1,
      594, 544, 704, -1,
      594, 704, 596, -1,
      596, 704, 597, -1,
      544, 554, 704, -1,
      704, 554, 556, -1,
      705, 575, 706, -1,
      706, 575, 577, -1,
      540, 538, 605, -1,
      605, 644, 540, -1,
      540, 644, 649, -1,
      540, 649, 705, -1,
      649, 654, 705, -1,
      705, 654, 659, -1,
      705, 659, 664, -1,
      664, 669, 705, -1,
      705, 669, 707, -1,
      705, 707, 575, -1,
      580, 708, 709, -1,
      709, 708, 564, -1,
      709, 564, 563, -1,
      580, 582, 708, -1,
      708, 582, 584, -1,
      708, 584, 586, -1,
      710, 560, 711, -1,
      711, 560, 559, -1,
      712, 702, 703, -1,
      711, 559, 713, -1,
      713, 559, 549, -1,
      713, 549, 714, -1,
      715, 679, 678, -1,
      536, 698, 364, -1,
      364, 698, 716, -1,
      364, 716, 717, -1,
      675, 674, 718, -1,
      718, 674, 719, -1,
      695, 694, 717, -1,
      717, 694, 720, -1,
      717, 720, 364, -1,
      364, 720, 721, -1,
      691, 690, 721, -1,
      721, 690, 722, -1,
      721, 722, 364, -1,
      364, 722, 723, -1,
      687, 686, 723, -1,
      723, 686, 724, -1,
      723, 724, 364, -1,
      364, 724, 725, -1,
      678, 726, 715, -1,
      715, 726, 364, -1,
      715, 364, 727, -1,
      727, 364, 725, -1,
      727, 725, 682, -1,
      682, 725, 683, -1,
      703, 714, 712, -1,
      712, 714, 549, -1,
      712, 549, 719, -1,
      719, 549, 364, -1,
      719, 364, 718, -1,
      718, 364, 726, -1,
      560, 710, 555, -1,
      555, 710, 728, -1,
      555, 728, 729, -1,
      730, 731, 477, -1,
      732, 696, 697, -1,
      699, 471, 472, -1,
      733, 680, 681, -1,
      592, 734, 591, -1,
      591, 734, 735, -1,
      591, 735, 588, -1,
      701, 700, 729, -1,
      729, 700, 736, -1,
      729, 736, 555, -1,
      555, 736, 737, -1,
      555, 737, 557, -1,
      557, 737, 738, -1,
      557, 738, 592, -1,
      592, 738, 736, -1,
      592, 736, 734, -1,
      734, 736, 700, -1,
      681, 739, 733, -1,
      733, 739, 588, -1,
      733, 588, 740, -1,
      740, 588, 735, -1,
      740, 735, 677, -1,
      677, 735, 676, -1,
      699, 472, 731, -1,
      731, 472, 473, -1,
      731, 473, 474, -1,
      684, 685, 741, -1,
      741, 685, 742, -1,
      474, 475, 731, -1,
      731, 475, 476, -1,
      731, 476, 477, -1,
      477, 570, 588, -1,
      743, 688, 689, -1,
      744, 745, 477, -1,
      689, 744, 743, -1,
      743, 744, 477, -1,
      743, 477, 742, -1,
      742, 477, 588, -1,
      742, 588, 741, -1,
      741, 588, 739, -1,
      697, 730, 732, -1,
      732, 730, 477, -1,
      732, 477, 746, -1,
      746, 477, 745, -1,
      746, 745, 693, -1,
      693, 745, 692, -1,
      568, 564, 569, -1,
      569, 564, 708, -1,
      705, 547, 540, -1,
      540, 547, 548, -1,
      547, 705, 546, -1,
      546, 705, 706, -1,
      589, 704, 592, -1,
      592, 704, 556, -1,
      592, 556, 557, -1,
      708, 586, 569, -1,
      569, 586, 588, -1,
      569, 588, 570, -1,
    ]
  }
}

Shape {
  appearance Appearance {
    material Material {
      diffuseColor 0.9686 0.8784 0.6000
      specularColor 0.6784 0.6157 0.4196
      ambientIntensity 0.2
      transparency 0.0000
      shininess 0.5
    }
  }
  geometry IndexedFaceSet {
    ccw TRUE
    solid FALSE
    coord DEF co Coordinate {
      point [
        -1.671260 -0.328740 0.748031,
        -1.671260 -0.171260 0.748031,
        -1.828740 -0.171260 0.748031,
        -1.828740 -0.328740 0.748031,
        -1.828740 0.171260 0.748031,
        -1.828740 0.328740 0.748031,
        -1.671260 0.328740 0.748031,
        -1.671260 0.171260 0.748031,
        -1.671260 -0.328740 1.850394,
        -1.671260 -0.171260 1.850394,
        -1.828740 -0.171260 1.850394,
        -1.828740 -0.328740 1.850394,
        -1.714248 -0.285752 1.968504,
        -1.714248 -0.214248 1.968504,
        -1.785752 -0.285752 1.968504,
        -1.785752 -0.214248 1.968504,
        -1.828740 0.328740 1.850394,
        -1.828740 0.171260 1.850394,
        -1.671260 0.171260 1.850394,
        -1.671260 0.328740 1.850394,
        -1.785752 0.285752 1.968504,
        -1.785752 0.214248 1.968504,
        -1.714248 0.285752 1.968504,
        -1.714248 0.214248 1.968504,
      ]
    }
    coordIndex [
      8, 0, 9, -1,
      9, 0, 1, -1,
      9, 1, 10, -1,
      10, 1, 2, -1,
      10, 2, 11, -1,
      11, 2, 3, -1,
      11, 3, 8, -1,
      8, 3, 0, -1,
      12, 13, 14, -1,
      14, 13, 15, -1,
      16, 5, 17, -1,
      17, 5, 4, -1,
      17, 4, 18, -1,
      18, 4, 7, -1,
      18, 7, 19, -1,
      19, 7, 6, -1,
      19, 6, 16, -1,
      16, 6, 5, -1,
      20, 21, 22, -1,
      22, 21, 23, -1,
      18, 23, 17, -1,
      17, 23, 21, -1,
      19, 22, 18, -1,
      18, 22, 23, -1,
      20, 16, 21, -1,
      21, 16, 17, -1,
      16, 20, 19, -1,
      19, 20, 22, -1,
      10, 15, 9, -1,
      9, 15, 13, -1,
      11, 14, 10, -1,
      10, 14, 15, -1,
      12, 8, 13, -1,
      13, 8, 9, -1,
      8, 12, 11, -1,
      11, 12, 14, -1,
    ]
  }
}

Shape {
  appearance Appearance {
    material Material {
      diffuseColor 0.2510 0.2510 0.2510
      specularColor 0.1255 0.1255 0.1255
      ambientIntensity 0.2
      transparency 0.0000
      shininess 0.5
    }
  }
  geometry IndexedFaceSet {
    ccw TRUE
    solid FALSE
    coord DEF co Coordinate {
      point [
        -1.631890 -1.003937 0.000000,
        -1.631890 1.003937 0.000000,
        -1.868110 -1.003937 0.000000,
        -1.868110 1.003937 0.000000,
        -1.868110 1.003937 0.196850,
        -1.631890 1.003937 0.196850,
        -1.868110 -1.003937 0.196850,
        -1.631890 -1.003937 0.196850,
        -1.828740 0.171260 0.196850,
        -1.671260 0.171260 0.196850,
        -1.671260 0.328740 0.196850,
        -1.828740 0.328740 0.196850,
        -1.671260 -0.171260 0.196850,
        -1.828740 -0.171260 0.196850,
        -1.828740 -0.328740 0.196850,
        -1.671260 -0.328740 0.196850,
      ]
    }
    coordIndex [
      7, 5, 0, -1,
      0, 5, 1, -1,
      4, 6, 3, -1,
      3, 6, 2, -1,
      8, 6, 4, -1,
      9, 10, 5, -1,
      5, 10, 4, -1,
      4, 10, 11, -1,
      4, 11, 8, -1,
      5, 7, 9, -1,
      9, 7, 12, -1,
      9, 12, 8, -1,
      8, 12, 13, -1,
      8, 13, 6, -1,
      6, 13, 14, -1,
      6, 14, 7, -1,
      7, 14, 15, -1,
      7, 15, 12, -1,
    ]
  }
}

Shape {
  appearance Appearance {
    material Material {
      diffuseColor 0.9686 0.8784 0.6000
      specularColor 0.6784 0.6157 0.4196
      ambientIntensity 0.2
      transparency 0.0000
      shininess 0.5
    }
  }
  geometry IndexedFaceSet {
    ccw TRUE
    solid FALSE
    coord DEF co Coordinate {
      point [
        -1.828740 0.171260 0.196850,
        -1.671260 0.171260 0.196850,
        -1.671260 0.328740 0.196850,
        -1.828740 0.328740 0.196850,
        -1.671260 -0.171260 0.196850,
        -1.828740 -0.171260 0.196850,
        -1.828740 -0.328740 0.196850,
        -1.671260 -0.328740 0.196850,
        -1.671260 -0.328740 -0.708661,
        -1.828740 -0.328740 -0.708661,
        -1.828740 -0.171260 -0.708661,
        -1.671260 -0.171260 -0.708661,
        -1.714248 -0.214248 -0.826772,
        -1.714248 -0.285752 -0.826772,
        -1.785752 -0.214248 -0.826772,
        -1.785752 -0.285752 -0.826772,
        -1.828740 0.328740 -0.708661,
        -1.671260 0.328740 -0.708661,
        -1.714248 0.285752 -0.826772,
        -1.714248 0.214248 -0.826772,
        -1.785752 0.285752 -0.826772,
        -1.785752 0.214248 -0.826772,
        -1.671260 0.171260 -0.708661,
        -1.828740 0.171260 -0.708661,
      ]
    }
    coordIndex [
      8, 7, 9, -1,
      9, 7, 6, -1,
      10, 5, 11, -1,
      11, 5, 4, -1,
      12, 13, 14, -1,
      14, 13, 15, -1,
      9, 6, 10, -1,
      10, 6, 5, -1,
      11, 4, 8, -1,
      8, 4, 7, -1,
      16, 3, 17, -1,
      17, 3, 2, -1,
      18, 19, 20, -1,
      20, 19, 21, -1,
      22, 1, 23, -1,
      23, 1, 0, -1,
      23, 0, 16, -1,
      16, 0, 3, -1,
      17, 2, 22, -1,
      22, 2, 1, -1,
      23, 21, 22, -1,
      22, 21, 19, -1,
      16, 20, 23, -1,
      23, 20, 21, -1,
      18, 17, 19, -1,
      19, 17, 22, -1,
      17, 18, 16, -1,
      16, 18, 20, -1,
      9, 15, 8, -1,
      8, 15, 13, -1,
      10, 14, 9, -1,
      9, 14, 15, -1,
      12, 11, 13, -1,
      13, 11, 8, -1,
      11, 12, 10, -1,
      10, 12, 14, -1,
    ]
  }
}

Shape {
  appearance Appearance {
    material Material {
      diffuseColor 0.2510 0.2510 0.2510
      specularColor 0.1255 0.1255 0.1255
      ambientIntensity 0.2
      transparency 0.0000
      shininess 0.5
    }
  }
  geometry IndexedFaceSet {
    ccw TRUE
    solid FALSE
    coord DEF co Coordinate {
      point [
        -1.131890 1.003937 0.000000,
        -0.868110 1.003937 0.000000,
        -1.131890 -1.003937 0.000000,
        -0.868110 -1.003937 0.000000,
        -0.631890 1.003937 0.000000,
        -0.368110 1.003937 0.000000,
        -0.631890 -1.003937 0.000000,
        -0.368110 -1.003937 0.000000,
        -0.131890 1.003937 0.000000,
        0.131890 1.003937 0.000000,
        -0.131890 -1.003937 0.000000,
        0.131890 -1.003937 0.000000,
        0.368110 1.003937 0.000000,
        0.631890 1.003937 0.000000,
        0.368110 -1.003937 0.000000,
        0.631890 -1.003937 0.000000,
        0.868110 1.003937 0.000000,
        1.131890 1.003937 0.000000,
        0.868110 -1.003937 0.000000,
        1.131890 -1.003937 0.000000,
        1.368110 1.003937 0.000000,
        1.631890 1.003937 0.000000,
        1.368110 -1.003937 0.000000,
        1.631890 -1.003937 0.000000,
        1.868110 1.003937 0.000000,
        1.868110 -1.003937 0.000000,
        -1.368110 -1.003937 0.000000,
        -1.368110 1.003937 0.000000,
        -1.368110 1.003937 0.196850,
        -0.368110 1.003937 0.196850,
        1.868110 1.003937 0.196850,
        1.631890 1.003937 0.196850,
        -0.868110 1.003937 0.196850,
        -1.131890 1.003937 0.196850,
        1.368110 1.003937 0.196850,
        1.131890 1.003937 0.196850,
        0.868110 1.003937 0.196850,
        0.631890 1.003937 0.196850,
        0.368110 1.003937 0.196850,
        0.131890 1.003937 0.196850,
        -0.631890 1.003937 0.196850,
        -0.131890 1.003937 0.196850,
        1.631890 -1.003937 0.196850,
        1.868110 -1.003937 0.196850,
        1.368110 -1.003937 0.196850,
        -0.631890 -1.003937 0.196850,
        -1.368110 -1.003937 0.196850,
        -1.131890 -1.003937 0.196850,
        -0.368110 -1.003937 0.196850,
        -0.868110 -1.003937 0.196850,
        -0.131890 -1.003937 0.196850,
        0.131890 -1.003937 0.196850,
        0.368110 -1.003937 0.196850,
        0.631890 -1.003937 0.196850,
        0.868110 -1.003937 0.196850,
        1.131890 -1.003937 0.196850,
        1.671260 0.171260 0.196850,
        1.828740 0.171260 0.196850,
        1.828740 0.328740 0.196850,
        1.671260 0.328740 0.196850,
        1.828740 -0.171260 0.196850,
        1.671260 -0.171260 0.196850,
        1.671260 -0.328740 0.196850,
        1.828740 -0.328740 0.196850,
        1.328740 -0.171260 0.196850,
        1.171260 0.171260 0.196850,
        1.171260 0.328740 0.196850,
        1.328740 0.328740 0.196850,
        1.328740 0.171260 0.196850,
        1.171260 -0.171260 0.196850,
        1.171260 -0.328740 0.196850,
        1.328740 -0.328740 0.196850,
        0.828740 -0.171260 0.196850,
        0.671260 0.171260 0.196850,
        0.671260 0.328740 0.196850,
        0.828740 0.328740 0.196850,
        0.828740 0.171260 0.196850,
        0.671260 -0.171260 0.196850,
        0.671260 -0.328740 0.196850,
        0.828740 -0.328740 0.196850,
        0.171260 0.171260 0.196850,
        0.328740 0.171260 0.196850,
        0.328740 0.328740 0.196850,
        0.171260 0.328740 0.196850,
        0.328740 -0.171260 0.196850,
        0.171260 -0.171260 0.196850,
        0.171260 -0.328740 0.196850,
        0.328740 -0.328740 0.196850,
        -0.328740 0.171260 0.196850,
        -0.171260 0.171260 0.196850,
        -0.171260 0.328740 0.196850,
        -0.328740 0.328740 0.196850,
        -0.171260 -0.171260 0.196850,
        -0.328740 -0.171260 0.196850,
        -0.328740 -0.328740 0.196850,
        -0.171260 -0.328740 0.196850,
        -0.828740 0.171260 0.196850,
        -0.671260 0.171260 0.196850,
        -0.671260 0.328740 0.196850,
        -0.828740 0.328740 0.196850,
        -0.671260 -0.171260 0.196850,
        -0.828740 -0.171260 0.196850,
        -0.828740 -0.328740 0.196850,
        -0.671260 -0.328740 0.196850,
        -1.171260 -0.171260 0.196850,
        -1.328740 0.171260 0.196850,
        -1.328740 0.328740 0.196850,
        -1.171260 0.328740 0.196850,
        -1.171260 0.171260 0.196850,
        -1.328740 -0.171260 0.196850,
        -1.328740 -0.328740 0.196850,
        -1.171260 -0.328740 0.196850,
      ]
    }
    coordIndex [
      43, 30, 25, -1,
      25, 30, 24, -1,
      31, 42, 21, -1,
      21, 42, 23, -1,
      56, 42, 31, -1,
      57, 58, 30, -1,
      30, 58, 31, -1,
      31, 58, 59, -1,
      31, 59, 56, -1,
      30, 43, 57, -1,
      57, 43, 60, -1,
      57, 60, 56, -1,
      56, 60, 61, -1,
      56, 61, 42, -1,
      42, 61, 62, -1,
      42, 62, 43, -1,
      43, 62, 63, -1,
      43, 63, 60, -1,
      44, 34, 22, -1,
      22, 34, 20, -1,
      35, 55, 17, -1,
      17, 55, 19, -1,
      64, 34, 44, -1,
      55, 35, 65, -1,
      65, 35, 66, -1,
      66, 35, 67, -1,
      67, 35, 34, -1,
      67, 34, 68, -1,
      68, 34, 64, -1,
      68, 64, 65, -1,
      65, 64, 69, -1,
      65, 69, 55, -1,
      55, 69, 70, -1,
      55, 70, 44, -1,
      44, 70, 71, -1,
      44, 71, 64, -1,
      54, 36, 18, -1,
      18, 36, 16, -1,
      37, 53, 13, -1,
      13, 53, 15, -1,
      72, 36, 54, -1,
      53, 37, 73, -1,
      73, 37, 74, -1,
      74, 37, 75, -1,
      75, 37, 36, -1,
      75, 36, 76, -1,
      76, 36, 72, -1,
      76, 72, 73, -1,
      73, 72, 77, -1,
      73, 77, 53, -1,
      53, 77, 78, -1,
      53, 78, 54, -1,
      54, 78, 79, -1,
      54, 79, 72, -1,
      52, 38, 14, -1,
      14, 38, 12, -1,
      39, 51, 9, -1,
      9, 51, 11, -1,
      80, 51, 39, -1,
      81, 82, 38, -1,
      38, 82, 39, -1,
      39, 82, 83, -1,
      39, 83, 80, -1,
      38, 52, 81, -1,
      81, 52, 84, -1,
      81, 84, 80, -1,
      80, 84, 85, -1,
      80, 85, 51, -1,
      51, 85, 86, -1,
      51, 86, 52, -1,
      52, 86, 87, -1,
      52, 87, 84, -1,
      50, 41, 10, -1,
      10, 41, 8, -1,
      29, 48, 5, -1,
      5, 48, 7, -1,
      88, 48, 29, -1,
      89, 90, 41, -1,
      41, 90, 29, -1,
      29, 90, 91, -1,
      29, 91, 88, -1,
      41, 50, 89, -1,
      89, 50, 92, -1,
      89, 92, 88, -1,
      88, 92, 93, -1,
      88, 93, 48, -1,
      48, 93, 94, -1,
      48, 94, 50, -1,
      50, 94, 95, -1,
      50, 95, 92, -1,
      45, 40, 6, -1,
      6, 40, 4, -1,
      32, 49, 1, -1,
      1, 49, 3, -1,
      96, 49, 32, -1,
      97, 98, 40, -1,
      40, 98, 32, -1,
      32, 98, 99, -1,
      32, 99, 96, -1,
      40, 45, 97, -1,
      97, 45, 100, -1,
      97, 100, 96, -1,
      96, 100, 101, -1,
      96, 101, 49, -1,
      49, 101, 102, -1,
      49, 102, 45, -1,
      45, 102, 103, -1,
      45, 103, 100, -1,
      47, 33, 2, -1,
      2, 33, 0, -1,
      28, 46, 27, -1,
      27, 46, 26, -1,
      104, 33, 47, -1,
      46, 28, 105, -1,
      105, 28, 106, -1,
      106, 28, 107, -1,
      107, 28, 33, -1,
      107, 33, 108, -1,
      108, 33, 104, -1,
      108, 104, 105, -1,
      105, 104, 109, -1,
      105, 109, 46, -1,
      46, 109, 110, -1,
      46, 110, 47, -1,
      47, 110, 111, -1,
      47, 111, 104, -1,
    ]
  }
}

Shape {
  appearance Appearance {
    material Material {
      diffuseColor 0.9686 0.8784 0.6000
      specularColor 0.6784 0.6157 0.4196
      ambientIntensity 0.2
      transparency 0.0000
      shininess 0.5
    }
  }
  geometry IndexedFaceSet {
    ccw TRUE
    solid FALSE
    coord DEF co Coordinate {
      point [
        1.828740 -0.171260 0.748031,
        -1.328740 -0.171260 0.748031,
        -1.328740 -0.328740 0.748031,
        -1.171260 -0.328740 0.748031,
        -1.171260 -0.171260 0.748031,
        -0.828740 -0.171260 0.748031,
        -0.828740 -0.328740 0.748031,
        -0.671260 -0.328740 0.748031,
        -0.671260 -0.171260 0.748031,
        -0.328740 -0.171260 0.748031,
        -0.328740 -0.328740 0.748031,
        -0.171260 -0.328740 0.748031,
        -0.171260 -0.171260 0.748031,
        0.171260 -0.171260 0.748031,
        0.171260 -0.328740 0.748031,
        0.328740 -0.328740 0.748031,
        0.328740 -0.171260 0.748031,
        0.671260 -0.171260 0.748031,
        0.671260 -0.328740 0.748031,
        0.828740 -0.328740 0.748031,
        0.828740 -0.171260 0.748031,
        1.171260 -0.171260 0.748031,
        1.171260 -0.328740 0.748031,
        1.328740 -0.328740 0.748031,
        1.328740 -0.171260 0.748031,
        1.828740 -0.328740 0.748031,
        1.671260 -0.328740 0.748031,
        1.671260 -0.171260 0.748031,
        -1.328740 0.328740 0.748031,
        -1.328740 0.171260 0.748031,
        -1.171260 0.171260 0.748031,
        -1.171260 0.328740 0.748031,
        -0.828740 0.328740 0.748031,
        -0.828740 0.171260 0.748031,
        -0.671260 0.171260 0.748031,
        -0.671260 0.328740 0.748031,
        -0.328740 0.328740 0.748031,
        -0.328740 0.171260 0.748031,
        -0.171260 0.171260 0.748031,
        -0.171260 0.328740 0.748031,
        0.171260 0.328740 0.748031,
        0.171260 0.171260 0.748031,
        0.328740 0.171260 0.748031,
        0.328740 0.328740 0.748031,
        0.671260 0.328740 0.748031,
        0.671260 0.171260 0.748031,
        0.828740 0.171260 0.748031,
        0.828740 0.328740 0.748031,
        1.171260 0.328740 0.748031,
        1.171260 0.171260 0.748031,
        1.328740 0.171260 0.748031,
        1.328740 0.328740 0.748031,
        1.671260 0.328740 0.748031,
        1.671260 0.171260 0.748031,
        1.828740 0.171260 0.748031,
        1.828740 0.328740 0.748031,
        -0.328740 -0.328740 0.196850,
        -0.171260 -0.328740 0.196850,
        -0.671260 -0.171260 0.196850,
        -0.828740 -0.171260 0.196850,
        -0.828740 -0.328740 0.196850,
        -0.671260 -0.328740 0.196850,
        -1.171260 -0.171260 0.196850,
        -1.328740 -0.171260 0.196850,
        -1.328740 -0.328740 0.196850,
        -1.171260 -0.328740 0.196850,
        -1.171260 -0.328740 1.850394,
        -1.171260 -0.171260 1.850394,
        -1.328740 -0.171260 1.850394,
        -1.328740 -0.328740 1.850394,
        -1.214248 -0.285752 1.968504,
        -1.214248 -0.214248 1.968504,
        -1.285752 -0.285752 1.968504,
        -1.285752 -0.214248 1.968504,
        -1.328740 0.328740 1.850394,
        -1.328740 0.171260 1.850394,
        -1.171260 0.171260 1.850394,
        -1.171260 0.328740 1.850394,
        -1.285752 0.285752 1.968504,
        -1.285752 0.214248 1.968504,
        -1.214248 0.285752 1.968504,
        -1.214248 0.214248 1.968504,
        -0.671260 -0.328740 1.850394,
        -0.671260 -0.171260 1.850394,
        -0.828740 -0.171260 1.850394,
        -0.828740 -0.328740 1.850394,
        -0.714248 -0.285752 1.968504,
        -0.714248 -0.214248 1.968504,
        -0.785752 -0.285752 1.968504,
        -0.785752 -0.214248 1.968504,
        -0.828740 0.328740 1.850394,
        -0.828740 0.171260 1.850394,
        -0.671260 0.171260 1.850394,
        -0.671260 0.328740 1.850394,
        -0.785752 0.285752 1.968504,
        -0.785752 0.214248 1.968504,
        -0.714248 0.285752 1.968504,
        -0.714248 0.214248 1.968504,
        -0.171260 -0.328740 1.850394,
        -0.171260 -0.171260 1.850394,
        -0.328740 -0.171260 1.850394,
        -0.328740 -0.328740 1.850394,
        -0.214248 -0.285752 1.968504,
        -0.214248 -0.214248 1.968504,
        -0.285752 -0.285752 1.968504,
        -0.285752 -0.214248 1.968504,
        -0.328740 0.328740 1.850394,
        -0.328740 0.171260 1.850394,
        -0.171260 0.171260 1.850394,
        -0.171260 0.328740 1.850394,
        -0.285752 0.285752 1.968504,
        -0.285752 0.214248 1.968504,
        -0.214248 0.285752 1.968504,
        -0.214248 0.214248 1.968504,
        0.328740 -0.328740 1.850394,
        0.328740 -0.171260 1.850394,
        0.171260 -0.171260 1.850394,
        0.171260 -0.328740 1.850394,
        0.285752 -0.285752 1.968504,
        0.285752 -0.214248 1.968504,
        0.214248 -0.285752 1.968504,
        0.214248 -0.214248 1.968504,
        0.171260 0.328740 1.850394,
        0.171260 0.171260 1.850394,
        0.328740 0.171260 1.850394,
        0.328740 0.328740 1.850394,
        0.214248 0.285752 1.968504,
        0.214248 0.214248 1.968504,
        0.285752 0.285752 1.968504,
        0.285752 0.214248 1.968504,
        0.828740 -0.328740 1.850394,
        0.828740 -0.171260 1.850394,
        0.671260 -0.171260 1.850394,
        0.671260 -0.328740 1.850394,
        0.785752 -0.285752 1.968504,
        0.785752 -0.214248 1.968504,
        0.714248 -0.285752 1.968504,
        0.714248 -0.214248 1.968504,
        0.671260 0.328740 1.850394,
        0.671260 0.171260 1.850394,
        0.828740 0.171260 1.850394,
        0.828740 0.328740 1.850394,
        0.714248 0.285752 1.968504,
        0.714248 0.214248 1.968504,
        0.785752 0.285752 1.968504,
        0.785752 0.214248 1.968504,
        1.328740 -0.328740 1.850394,
        1.328740 -0.171260 1.850394,
        1.171260 -0.171260 1.850394,
        1.171260 -0.328740 1.850394,
        1.285752 -0.285752 1.968504,
        1.285752 -0.214248 1.968504,
        1.214248 -0.285752 1.968504,
        1.214248 -0.214248 1.968504,
        1.171260 0.328740 1.850394,
        1.171260 0.171260 1.850394,
        1.328740 0.171260 1.850394,
        1.328740 0.328740 1.850394,
        1.214248 0.285752 1.968504,
        1.214248 0.214248 1.968504,
        1.285752 0.285752 1.968504,
        1.285752 0.214248 1.968504,
        1.828740 -0.328740 1.850394,
        1.828740 -0.171260 1.850394,
        1.671260 -0.171260 1.850394,
        1.671260 -0.328740 1.850394,
        1.785752 -0.285752 1.968504,
        1.785752 -0.214248 1.968504,
        1.714248 -0.285752 1.968504,
        1.714248 -0.214248 1.968504,
        1.671260 0.328740 1.850394,
        1.671260 0.171260 1.850394,
        1.828740 0.171260 1.850394,
        1.828740 0.328740 1.850394,
        1.714248 0.285752 1.968504,
        1.714248 0.214248 1.968504,
        1.785752 0.285752 1.968504,
        1.785752 0.214248 1.968504,
        -1.171260 -0.328740 -0.708661,
        -1.328740 -0.328740 -0.708661,
        -1.328740 -0.171260 -0.708661,
        -1.171260 -0.171260 -0.708661,
        -1.214248 -0.214248 -0.826772,
        -1.214248 -0.285752 -0.826772,
        -1.285752 -0.214248 -0.826772,
        -1.285752 -0.285752 -0.826772,
        -0.671260 -0.328740 -0.708661,
        -0.828740 -0.328740 -0.708661,
        -0.828740 -0.171260 -0.708661,
        -0.671260 -0.171260 -0.708661,
        -0.714248 -0.214248 -0.826772,
        -0.714248 -0.285752 -0.826772,
        -0.785752 -0.214248 -0.826772,
        -0.785752 -0.285752 -0.826772,
        -0.171260 -0.328740 -0.708661,
        -0.328740 -0.328740 -0.708661,
      ]
    }
    coordIndex [
      66, 3, 67, -1,
      67, 3, 4, -1,
      67, 4, 68, -1,
      68, 4, 1, -1,
      68, 1, 69, -1,
      69, 1, 2, -1,
      69, 2, 66, -1,
      66, 2, 3, -1,
      70, 71, 72, -1,
      72, 71, 73, -1,
      74, 28, 75, -1,
      75, 28, 29, -1,
      75, 29, 76, -1,
      76, 29, 30, -1,
      76, 30, 77, -1,
      77, 30, 31, -1,
      77, 31, 74, -1,
      74, 31, 28, -1,
      78, 79, 80, -1,
      80, 79, 81, -1,
      82, 7, 83, -1,
      83, 7, 8, -1,
      83, 8, 84, -1,
      84, 8, 5, -1,
      84, 5, 85, -1,
      85, 5, 6, -1,
      85, 6, 82, -1,
      82, 6, 7, -1,
      86, 87, 88, -1,
      88, 87, 89, -1,
      90, 32, 91, -1,
      91, 32, 33, -1,
      91, 33, 92, -1,
      92, 33, 34, -1,
      92, 34, 93, -1,
      93, 34, 35, -1,
      93, 35, 90, -1,
      90, 35, 32, -1,
      94, 95, 96, -1,
      96, 95, 97, -1,
      98, 11, 99, -1,
      99, 11, 12, -1,
      99, 12, 100, -1,
      100, 12, 9, -1,
      100, 9, 101, -1,
      101, 9, 10, -1,
      101, 10, 98, -1,
      98, 10, 11, -1,
      102, 103, 104, -1,
      104, 103, 105, -1,
      106, 36, 107, -1,
      107, 36, 37, -1,
      107, 37, 108, -1,
      108, 37, 38, -1,
      108, 38, 109, -1,
      109, 38, 39, -1,
      109, 39, 106, -1,
      106, 39, 36, -1,
      110, 111, 112, -1,
      112, 111, 113, -1,
      114, 15, 115, -1,
      115, 15, 16, -1,
      115, 16, 116, -1,
      116, 16, 13, -1,
      116, 13, 117, -1,
      117, 13, 14, -1,
      117, 14, 114, -1,
      114, 14, 15, -1,
      118, 119, 120, -1,
      120, 119, 121, -1,
      122, 40, 123, -1,
      123, 40, 41, -1,
      123, 41, 124, -1,
      124, 41, 42, -1,
      124, 42, 125, -1,
      125, 42, 43, -1,
      125, 43, 122, -1,
      122, 43, 40, -1,
      126, 127, 128, -1,
      128, 127, 129, -1,
      130, 19, 131, -1,
      131, 19, 20, -1,
      131, 20, 132, -1,
      132, 20, 17, -1,
      132, 17, 133, -1,
      133, 17, 18, -1,
      133, 18, 130, -1,
      130, 18, 19, -1,
      134, 135, 136, -1,
      136, 135, 137, -1,
      138, 44, 139, -1,
      139, 44, 45, -1,
      139, 45, 140, -1,
      140, 45, 46, -1,
      140, 46, 141, -1,
      141, 46, 47, -1,
      141, 47, 138, -1,
      138, 47, 44, -1,
      142, 143, 144, -1,
      144, 143, 145, -1,
      146, 23, 147, -1,
      147, 23, 24, -1,
      147, 24, 148, -1,
      148, 24, 21, -1,
      148, 21, 149, -1,
      149, 21, 22, -1,
      149, 22, 146, -1,
      146, 22, 23, -1,
      150, 151, 152, -1,
      152, 151, 153, -1,
      154, 48, 155, -1,
      155, 48, 49, -1,
      155, 49, 156, -1,
      156, 49, 50, -1,
      156, 50, 157, -1,
      157, 50, 51, -1,
      157, 51, 154, -1,
      154, 51, 48, -1,
      158, 159, 160, -1,
      160, 159, 161, -1,
      162, 25, 163, -1,
      163, 25, 0, -1,
      163, 0, 164, -1,
      164, 0, 27, -1,
      164, 27, 165, -1,
      165, 27, 26, -1,
      165, 26, 162, -1,
      162, 26, 25, -1,
      166, 167, 168, -1,
      168, 167, 169, -1,
      170, 52, 171, -1,
      171, 52, 53, -1,
      171, 53, 172, -1,
      172, 53, 54, -1,
      172, 54, 173, -1,
      173, 54, 55, -1,
      173, 55, 170, -1,
      170, 55, 52, -1,
      174, 175, 176, -1,
      176, 175, 177, -1,
      76, 81, 75, -1,
      75, 81, 79, -1,
      77, 80, 76, -1,
      76, 80, 81, -1,
      78, 74, 79, -1,
      79, 74, 75, -1,
      74, 78, 77, -1,
      77, 78, 80, -1,
      68, 73, 67, -1,
      67, 73, 71, -1,
      69, 72, 68, -1,
      68, 72, 73, -1,
      70, 66, 71, -1,
      71, 66, 67, -1,
      66, 70, 69, -1,
      69, 70, 72, -1,
      92, 97, 91, -1,
      91, 97, 95, -1,
      93, 96, 92, -1,
      92, 96, 97, -1,
      94, 90, 95, -1,
      95, 90, 91, -1,
      90, 94, 93, -1,
      93, 94, 96, -1,
      84, 89, 83, -1,
      83, 89, 87, -1,
      85, 88, 84, -1,
      84, 88, 89, -1,
      86, 82, 87, -1,
      87, 82, 83, -1,
      82, 86, 85, -1,
      85, 86, 88, -1,
      108, 113, 107, -1,
      107, 113, 111, -1,
      109, 112, 108, -1,
      108, 112, 113, -1,
      110, 106, 111, -1,
      111, 106, 107, -1,
      106, 110, 109, -1,
      109, 110, 112, -1,
      100, 105, 99, -1,
      99, 105, 103, -1,
      101, 104, 100, -1,
      100, 104, 105, -1,
      102, 98, 103, -1,
      103, 98, 99, -1,
      98, 102, 101, -1,
      101, 102, 104, -1,
      124, 129, 123, -1,
      123, 129, 127, -1,
      125, 128, 124, -1,
      124, 128, 129, -1,
      126, 122, 127, -1,
      127, 122, 123, -1,
      122, 126, 125, -1,
      125, 126, 128, -1,
      116, 121, 115, -1,
      115, 121, 119, -1,
      117, 120, 116, -1,
      116, 120, 121, -1,
      118, 114, 119, -1,
      119, 114, 115, -1,
      114, 118, 117, -1,
      117, 118, 120, -1,
      140, 145, 139, -1,
      139, 145, 143, -1,
      141, 144, 140, -1,
      140, 144, 145, -1,
      142, 138, 143, -1,
      143, 138, 139, -1,
      138, 142, 141, -1,
      141, 142, 144, -1,
      132, 137, 131, -1,
      131, 137, 135, -1,
      133, 136, 132, -1,
      132, 136, 137, -1,
      134, 130, 135, -1,
      135, 130, 131, -1,
      130, 134, 133, -1,
      133, 134, 136, -1,
      156, 161, 155, -1,
      155, 161, 159, -1,
      157, 160, 156, -1,
      156, 160, 161, -1,
      158, 154, 159, -1,
      159, 154, 155, -1,
      154, 158, 157, -1,
      157, 158, 160, -1,
      148, 153, 147, -1,
      147, 153, 151, -1,
      149, 152, 148, -1,
      148, 152, 153, -1,
      150, 146, 151, -1,
      151, 146, 147, -1,
      146, 150, 149, -1,
      149, 150, 152, -1,
      172, 177, 171, -1,
      171, 177, 175, -1,
      173, 176, 172, -1,
      172, 176, 177, -1,
      174, 170, 175, -1,
      175, 170, 171, -1,
      170, 174, 173, -1,
      173, 174, 176, -1,
      164, 169, 163, -1,
      163, 169, 167, -1,
      165, 168, 164, -1,
      164, 168, 169, -1,
      166, 162, 167, -1,
      167, 162, 163, -1,
      162, 166, 165, -1,
      165, 166, 168, -1,
      178, 65, 179, -1,
      179, 65, 64, -1,
      180, 63, 181, -1,
      181, 63, 62, -1,
      182, 183, 184, -1,
      184, 183, 185, -1,
      179, 64, 180, -1,
      180, 64, 63, -1,
      181, 62, 178, -1,
      178, 62, 65, -1,
      186, 61, 187, -1,
      187, 61, 60, -1,
      188, 59, 189, -1,
      189, 59, 58, -1,
      190, 191, 192, -1,
      192, 191, 193, -1,
      187, 60, 188, -1,
      188, 60, 59, -1,
      189, 58, 186, -1,
      186, 58, 61, -1,
      194, 57, 195, -1,
      195, 57, 56, -1,
    ]
  }
}

Shape {
  appearance Appearance {
    material Material {
      diffuseColor 0.7529 0.7529 0.7529
      specularColor 0.3765 0.3765 0.3765
      ambientIntensity 0.2
      transparency 0.0000
      shininess 0.5
    }
  }
  geometry IndexedFaceSet {
    ccw TRUE
    solid FALSE
    coord DEF co Coordinate {
      point [
        -0.171260 -0.171260 0.196850,
        -0.328740 -0.171260 0.196850,
        -0.328740 -0.171260 -0.708661,
        -0.171260 -0.171260 -0.708661,
      ]
    }
    coordIndex [
      2, 1, 3, -1,
      3, 1, 0, -1,
    ]
  }
}

Shape {
  appearance Appearance {
    material Material {
      diffuseColor 0.9686 0.8784 0.6000
      specularColor 0.6784 0.6157 0.4196
      ambientIntensity 0.2
      transparency 0.0000
      shininess 0.5
    }
  }
  geometry IndexedFaceSet {
    ccw TRUE
    solid FALSE
    coord DEF co Coordinate {
      point [
        -0.214248 -0.214248 -0.826772,
        -0.214248 -0.285752 -0.826772,
        -0.285752 -0.214248 -0.826772,
        -0.285752 -0.285752 -0.826772,
      ]
    }
    coordIndex [
      0, 1, 2, -1,
      2, 1, 3, -1,
    ]
  }
}

Shape {
  appearance Appearance {
    material Material {
      diffuseColor 0.7529 0.7529 0.7529
      specularColor 0.3765 0.3765 0.3765
      ambientIntensity 0.2
      transparency 0.0000
      shininess 0.5
    }
  }
  geometry IndexedFaceSet {
    ccw TRUE
    solid FALSE
    coord DEF co Coordinate {
      point [
        -0.171260 -0.171260 0.196850,
        -0.328740 -0.171260 0.196850,
        -0.328740 -0.328740 0.196850,
        -0.171260 -0.328740 0.196850,
        -0.171260 -0.328740 -0.708661,
        -0.328740 -0.328740 -0.708661,
        -0.328740 -0.171260 -0.708661,
        -0.171260 -0.171260 -0.708661,
      ]
    }
    coordIndex [
      5, 2, 6, -1,
      6, 2, 1, -1,
      7, 0, 4, -1,
      4, 0, 3, -1,
    ]
  }
}

Shape {
  appearance Appearance {
    material Material {
      diffuseColor 0.9686 0.8784 0.6000
      specularColor 0.6784 0.6157 0.4196
      ambientIntensity 0.2
      transparency 0.0000
      shininess 0.5
    }
  }
  geometry IndexedFaceSet {
    ccw TRUE
    solid FALSE
    coord DEF co Coordinate {
      point [
        0.171260 -0.328740 0.196850,
        0.328740 -0.328740 0.196850,
        0.328740 -0.328740 -0.708661,
        0.171260 -0.328740 -0.708661,
      ]
    }
    coordIndex [
      2, 1, 3, -1,
      3, 1, 0, -1,
    ]
  }
}

Shape {
  appearance Appearance {
    material Material {
      diffuseColor 0.7529 0.7529 0.7529
      specularColor 0.3765 0.3765 0.3765
      ambientIntensity 0.2
      transparency 0.0000
      shininess 0.5
    }
  }
  geometry IndexedFaceSet {
    ccw TRUE
    solid FALSE
    coord DEF co Coordinate {
      point [
        0.328740 -0.171260 0.196850,
        0.171260 -0.171260 0.196850,
        0.171260 -0.171260 -0.708661,
        0.328740 -0.171260 -0.708661,
      ]
    }
    coordIndex [
      2, 1, 3, -1,
      3, 1, 0, -1,
    ]
  }
}

Shape {
  appearance Appearance {
    material Material {
      diffuseColor 0.9686 0.8784 0.6000
      specularColor 0.6784 0.6157 0.4196
      ambientIntensity 0.2
      transparency 0.0000
      shininess 0.5
    }
  }
  geometry IndexedFaceSet {
    ccw TRUE
    solid FALSE
    coord DEF co Coordinate {
      point [
        0.285752 -0.214248 -0.826772,
        0.285752 -0.285752 -0.826772,
        0.214248 -0.214248 -0.826772,
        0.214248 -0.285752 -0.826772,
      ]
    }
    coordIndex [
      0, 1, 2, -1,
      2, 1, 3, -1,
    ]
  }
}

Shape {
  appearance Appearance {
    material Material {
      diffuseColor 0.7529 0.7529 0.7529
      specularColor 0.3765 0.3765 0.3765
      ambientIntensity 0.2
      transparency 0.0000
      shininess 0.5
    }
  }
  geometry IndexedFaceSet {
    ccw TRUE
    solid FALSE
    coord DEF co Coordinate {
      point [
        0.328740 -0.171260 0.196850,
        0.171260 -0.171260 0.196850,
        0.171260 -0.328740 0.196850,
        0.328740 -0.328740 0.196850,
        0.328740 -0.328740 -0.708661,
        0.171260 -0.328740 -0.708661,
        0.171260 -0.171260 -0.708661,
        0.328740 -0.171260 -0.708661,
      ]
    }
    coordIndex [
      5, 2, 6, -1,
      6, 2, 1, -1,
      7, 0, 4, -1,
      4, 0, 3, -1,
    ]
  }
}

Shape {
  appearance Appearance {
    material Material {
      diffuseColor 0.9686 0.8784 0.6000
      specularColor 0.6784 0.6157 0.4196
      ambientIntensity 0.2
      transparency 0.0000
      shininess 0.5
    }
  }
  geometry IndexedFaceSet {
    ccw TRUE
    solid FALSE
    coord DEF co Coordinate {
      point [
        0.671260 -0.328740 0.196850,
        0.828740 -0.328740 0.196850,
        0.828740 -0.328740 -0.708661,
        0.671260 -0.328740 -0.708661,
      ]
    }
    coordIndex [
      2, 1, 3, -1,
      3, 1, 0, -1,
    ]
  }
}

Shape {
  appearance Appearance {
    material Material {
      diffuseColor 0.7529 0.7529 0.7529
      specularColor 0.3765 0.3765 0.3765
      ambientIntensity 0.2
      transparency 0.0000
      shininess 0.5
    }
  }
  geometry IndexedFaceSet {
    ccw TRUE
    solid FALSE
    coord DEF co Coordinate {
      point [
        0.828740 -0.171260 0.196850,
        0.671260 -0.171260 0.196850,
        0.671260 -0.171260 -0.708661,
        0.828740 -0.171260 -0.708661,
      ]
    }
    coordIndex [
      2, 1, 3, -1,
      3, 1, 0, -1,
    ]
  }
}

Shape {
  appearance Appearance {
    material Material {
      diffuseColor 0.9686 0.8784 0.6000
      specularColor 0.6784 0.6157 0.4196
      ambientIntensity 0.2
      transparency 0.0000
      shininess 0.5
    }
  }
  geometry IndexedFaceSet {
    ccw TRUE
    solid FALSE
    coord DEF co Coordinate {
      point [
        0.785752 -0.214248 -0.826772,
        0.785752 -0.285752 -0.826772,
        0.714248 -0.214248 -0.826772,
        0.714248 -0.285752 -0.826772,
      ]
    }
    coordIndex [
      0, 1, 2, -1,
      2, 1, 3, -1,
    ]
  }
}

Shape {
  appearance Appearance {
    material Material {
      diffuseColor 0.7529 0.7529 0.7529
      specularColor 0.3765 0.3765 0.3765
      ambientIntensity 0.2
      transparency 0.0000
      shininess 0.5
    }
  }
  geometry IndexedFaceSet {
    ccw TRUE
    solid FALSE
    coord DEF co Coordinate {
      point [
        0.828740 -0.171260 0.196850,
        0.671260 -0.171260 0.196850,
        0.671260 -0.328740 0.196850,
        0.828740 -0.328740 0.196850,
        0.828740 -0.328740 -0.708661,
        0.671260 -0.328740 -0.708661,
        0.671260 -0.171260 -0.708661,
        0.828740 -0.171260 -0.708661,
      ]
    }
    coordIndex [
      5, 2, 6, -1,
      6, 2, 1, -1,
      7, 0, 4, -1,
      4, 0, 3, -1,
    ]
  }
}

Shape {
  appearance Appearance {
    material Material {
      diffuseColor 0.9686 0.8784 0.6000
      specularColor 0.6784 0.6157 0.4196
      ambientIntensity 0.2
      transparency 0.0000
      shininess 0.5
    }
  }
  geometry IndexedFaceSet {
    ccw TRUE
    solid FALSE
    coord DEF co Coordinate {
      point [
        1.171260 -0.328740 0.196850,
        1.328740 -0.328740 0.196850,
        1.328740 -0.328740 -0.708661,
        1.171260 -0.328740 -0.708661,
      ]
    }
    coordIndex [
      2, 1, 3, -1,
      3, 1, 0, -1,
    ]
  }
}

Shape {
  appearance Appearance {
    material Material {
      diffuseColor 0.7529 0.7529 0.7529
      specularColor 0.3765 0.3765 0.3765
      ambientIntensity 0.2
      transparency 0.0000
      shininess 0.5
    }
  }
  geometry IndexedFaceSet {
    ccw TRUE
    solid FALSE
    coord DEF co Coordinate {
      point [
        1.328740 -0.171260 0.196850,
        1.171260 -0.171260 0.196850,
        1.171260 -0.171260 -0.708661,
        1.328740 -0.171260 -0.708661,
      ]
    }
    coordIndex [
      2, 1, 3, -1,
      3, 1, 0, -1,
    ]
  }
}

Shape {
  appearance Appearance {
    material Material {
      diffuseColor 0.9686 0.8784 0.6000
      specularColor 0.6784 0.6157 0.4196
      ambientIntensity 0.2
      transparency 0.0000
      shininess 0.5
    }
  }
  geometry IndexedFaceSet {
    ccw TRUE
    solid FALSE
    coord DEF co Coordinate {
      point [
        1.285752 -0.214248 -0.826772,
        1.285752 -0.285752 -0.826772,
        1.214248 -0.214248 -0.826772,
        1.214248 -0.285752 -0.826772,
      ]
    }
    coordIndex [
      0, 1, 2, -1,
      2, 1, 3, -1,
    ]
  }
}

Shape {
  appearance Appearance {
    material Material {
      diffuseColor 0.7529 0.7529 0.7529
      specularColor 0.3765 0.3765 0.3765
      ambientIntensity 0.2
      transparency 0.0000
      shininess 0.5
    }
  }
  geometry IndexedFaceSet {
    ccw TRUE
    solid FALSE
    coord DEF co Coordinate {
      point [
        1.328740 -0.171260 0.196850,
        1.171260 -0.171260 0.196850,
        1.171260 -0.328740 0.196850,
        1.328740 -0.328740 0.196850,
        1.328740 -0.328740 -0.708661,
        1.171260 -0.328740 -0.708661,
        1.171260 -0.171260 -0.708661,
        1.328740 -0.171260 -0.708661,
      ]
    }
    coordIndex [
      5, 2, 6, -1,
      6, 2, 1, -1,
      7, 0, 4, -1,
      4, 0, 3, -1,
    ]
  }
}

Shape {
  appearance Appearance {
    material Material {
      diffuseColor 0.9686 0.8784 0.6000
      specularColor 0.6784 0.6157 0.4196
      ambientIntensity 0.2
      transparency 0.0000
      shininess 0.5
    }
  }
  geometry IndexedFaceSet {
    ccw TRUE
    solid FALSE
    coord DEF co Coordinate {
      point [
        1.671260 -0.328740 0.196850,
        1.828740 -0.328740 0.196850,
        1.828740 -0.328740 -0.708661,
        1.671260 -0.328740 -0.708661,
      ]
    }
    coordIndex [
      2, 1, 3, -1,
      3, 1, 0, -1,
    ]
  }
}

Shape {
  appearance Appearance {
    material Material {
      diffuseColor 0.7529 0.7529 0.7529
      specularColor 0.3765 0.3765 0.3765
      ambientIntensity 0.2
      transparency 0.0000
      shininess 0.5
    }
  }
  geometry IndexedFaceSet {
    ccw TRUE
    solid FALSE
    coord DEF co Coordinate {
      point [
        1.828740 -0.171260 0.196850,
        1.671260 -0.171260 0.196850,
        1.671260 -0.171260 -0.708661,
        1.828740 -0.171260 -0.708661,
      ]
    }
    coordIndex [
      2, 1, 3, -1,
      3, 1, 0, -1,
    ]
  }
}

Shape {
  appearance Appearance {
    material Material {
      diffuseColor 0.9686 0.8784 0.6000
      specularColor 0.6784 0.6157 0.4196
      ambientIntensity 0.2
      transparency 0.0000
      shininess 0.5
    }
  }
  geometry IndexedFaceSet {
    ccw TRUE
    solid FALSE
    coord DEF co Coordinate {
      point [
        1.785752 -0.214248 -0.826772,
        1.785752 -0.285752 -0.826772,
        1.714248 -0.214248 -0.826772,
        1.714248 -0.285752 -0.826772,
      ]
    }
    coordIndex [
      0, 1, 2, -1,
      2, 1, 3, -1,
    ]
  }
}

Shape {
  appearance Appearance {
    material Material {
      diffuseColor 0.7529 0.7529 0.7529
      specularColor 0.3765 0.3765 0.3765
      ambientIntensity 0.2
      transparency 0.0000
      shininess 0.5
    }
  }
  geometry IndexedFaceSet {
    ccw TRUE
    solid FALSE
    coord DEF co Coordinate {
      point [
        1.828740 -0.171260 0.196850,
        1.671260 -0.171260 0.196850,
        1.671260 -0.328740 0.196850,
        1.828740 -0.328740 0.196850,
        1.828740 -0.328740 -0.708661,
        1.671260 -0.328740 -0.708661,
        1.671260 -0.171260 -0.708661,
        1.828740 -0.171260 -0.708661,
      ]
    }
    coordIndex [
      5, 2, 6, -1,
      6, 2, 1, -1,
      7, 0, 4, -1,
      4, 0, 3, -1,
    ]
  }
}

Shape {
  appearance Appearance {
    material Material {
      diffuseColor 0.9686 0.8784 0.6000
      specularColor 0.6784 0.6157 0.4196
      ambientIntensity 0.2
      transparency 0.0000
      shininess 0.5
    }
  }
  geometry IndexedFaceSet {
    ccw TRUE
    solid FALSE
    coord DEF co Coordinate {
      point [
        -0.828740 0.171260 0.196850,
        -0.671260 0.171260 0.196850,
        -0.671260 0.328740 0.196850,
        -0.828740 0.328740 0.196850,
        -1.328740 0.171260 0.196850,
        -1.328740 0.328740 0.196850,
        -1.171260 0.328740 0.196850,
        -1.171260 0.171260 0.196850,
        -1.328740 0.328740 -0.708661,
        -1.171260 0.328740 -0.708661,
        -1.214248 0.285752 -0.826772,
        -1.214248 0.214248 -0.826772,
        -1.285752 0.285752 -0.826772,
        -1.285752 0.214248 -0.826772,
        -1.171260 0.171260 -0.708661,
        -1.328740 0.171260 -0.708661,
        -0.828740 0.328740 -0.708661,
        -0.671260 0.328740 -0.708661,
        -0.714248 0.285752 -0.826772,
        -0.714248 0.214248 -0.826772,
        -0.785752 0.285752 -0.826772,
        -0.785752 0.214248 -0.826772,
        -0.671260 0.171260 -0.708661,
        -0.828740 0.171260 -0.708661,
      ]
    }
    coordIndex [
      8, 5, 9, -1,
      9, 5, 6, -1,
      10, 11, 12, -1,
      12, 11, 13, -1,
      14, 7, 15, -1,
      15, 7, 4, -1,
      15, 4, 8, -1,
      8, 4, 5, -1,
      9, 6, 14, -1,
      14, 6, 7, -1,
      16, 3, 17, -1,
      17, 3, 2, -1,
      18, 19, 20, -1,
      20, 19, 21, -1,
      22, 1, 23, -1,
      23, 1, 0, -1,
      23, 0, 16, -1,
      16, 0, 3, -1,
      17, 2, 22, -1,
      22, 2, 1, -1,
    ]
  }
}

Shape {
  appearance Appearance {
    material Material {
      diffuseColor 0.7529 0.7529 0.7529
      specularColor 0.3765 0.3765 0.3765
      ambientIntensity 0.2
      transparency 0.0000
      shininess 0.5
    }
  }
  geometry IndexedFaceSet {
    ccw TRUE
    solid FALSE
    coord DEF co Coordinate {
      point [
        -0.171260 0.328740 0.196850,
        -0.328740 0.328740 0.196850,
        -0.328740 0.328740 -0.708661,
        -0.171260 0.328740 -0.708661,
      ]
    }
    coordIndex [
      2, 1, 3, -1,
      3, 1, 0, -1,
    ]
  }
}

Shape {
  appearance Appearance {
    material Material {
      diffuseColor 0.9686 0.8784 0.6000
      specularColor 0.6784 0.6157 0.4196
      ambientIntensity 0.2
      transparency 0.0000
      shininess 0.5
    }
  }
  geometry IndexedFaceSet {
    ccw TRUE
    solid FALSE
    coord DEF co Coordinate {
      point [
        -0.328740 0.171260 0.196850,
        -0.171260 0.171260 0.196850,
        -0.214248 0.285752 -0.826772,
        -0.214248 0.214248 -0.826772,
        -0.285752 0.285752 -0.826772,
        -0.285752 0.214248 -0.826772,
        -0.171260 0.171260 -0.708661,
        -0.328740 0.171260 -0.708661,
      ]
    }
    coordIndex [
      2, 3, 4, -1,
      4, 3, 5, -1,
      6, 1, 7, -1,
      7, 1, 0, -1,
    ]
  }
}

Shape {
  appearance Appearance {
    material Material {
      diffuseColor 0.7529 0.7529 0.7529
      specularColor 0.3765 0.3765 0.3765
      ambientIntensity 0.2
      transparency 0.0000
      shininess 0.5
    }
  }
  geometry IndexedFaceSet {
    ccw TRUE
    solid FALSE
    coord DEF co Coordinate {
      point [
        0.328740 0.328740 0.196850,
        0.171260 0.328740 0.196850,
        -0.328740 0.171260 0.196850,
        -0.171260 0.171260 0.196850,
        -0.171260 0.328740 0.196850,
        -0.328740 0.328740 0.196850,
        -0.328740 0.328740 -0.708661,
        -0.171260 0.328740 -0.708661,
        -0.171260 0.171260 -0.708661,
        -0.328740 0.171260 -0.708661,
        0.171260 0.328740 -0.708661,
        0.328740 0.328740 -0.708661,
      ]
    }
    coordIndex [
      9, 2, 6, -1,
      6, 2, 5, -1,
      7, 4, 8, -1,
      8, 4, 3, -1,
      10, 1, 11, -1,
      11, 1, 0, -1,
    ]
  }
}

Shape {
  appearance Appearance {
    material Material {
      diffuseColor 0.9686 0.8784 0.6000
      specularColor 0.6784 0.6157 0.4196
      ambientIntensity 0.2
      transparency 0.0000
      shininess 0.5
    }
  }
  geometry IndexedFaceSet {
    ccw TRUE
    solid FALSE
    coord DEF co Coordinate {
      point [
        0.171260 0.171260 0.196850,
        0.328740 0.171260 0.196850,
        0.285752 0.285752 -0.826772,
        0.285752 0.214248 -0.826772,
        0.214248 0.285752 -0.826772,
        0.214248 0.214248 -0.826772,
        0.328740 0.171260 -0.708661,
        0.171260 0.171260 -0.708661,
      ]
    }
    coordIndex [
      2, 3, 4, -1,
      4, 3, 5, -1,
      6, 1, 7, -1,
      7, 1, 0, -1,
    ]
  }
}

Shape {
  appearance Appearance {
    material Material {
      diffuseColor 0.7529 0.7529 0.7529
      specularColor 0.3765 0.3765 0.3765
      ambientIntensity 0.2
      transparency 0.0000
      shininess 0.5
    }
  }
  geometry IndexedFaceSet {
    ccw TRUE
    solid FALSE
    coord DEF co Coordinate {
      point [
        0.671260 0.328740 0.196850,
        0.828740 0.328740 0.196850,
        0.171260 0.171260 0.196850,
        0.328740 0.171260 0.196850,
        0.328740 0.328740 0.196850,
        0.171260 0.328740 0.196850,
        0.171260 0.328740 -0.708661,
        0.328740 0.328740 -0.708661,
        0.328740 0.171260 -0.708661,
        0.171260 0.171260 -0.708661,
        0.671260 0.328740 -0.708661,
        0.828740 0.328740 -0.708661,
      ]
    }
    coordIndex [
      9, 2, 6, -1,
      6, 2, 5, -1,
      7, 4, 8, -1,
      8, 4, 3, -1,
      10, 0, 11, -1,
      11, 0, 1, -1,
    ]
  }
}

Shape {
  appearance Appearance {
    material Material {
      diffuseColor 0.9686 0.8784 0.6000
      specularColor 0.6784 0.6157 0.4196
      ambientIntensity 0.2
      transparency 0.0000
      shininess 0.5
    }
  }
  geometry IndexedFaceSet {
    ccw TRUE
    solid FALSE
    coord DEF co Coordinate {
      point [
        0.671260 0.171260 0.196850,
        0.828740 0.171260 0.196850,
        0.785752 0.285752 -0.826772,
        0.785752 0.214248 -0.826772,
        0.714248 0.285752 -0.826772,
        0.714248 0.214248 -0.826772,
        0.828740 0.171260 -0.708661,
        0.671260 0.171260 -0.708661,
      ]
    }
    coordIndex [
      2, 3, 4, -1,
      4, 3, 5, -1,
      6, 1, 7, -1,
      7, 1, 0, -1,
    ]
  }
}

Shape {
  appearance Appearance {
    material Material {
      diffuseColor 0.7529 0.7529 0.7529
      specularColor 0.3765 0.3765 0.3765
      ambientIntensity 0.2
      transparency 0.0000
      shininess 0.5
    }
  }
  geometry IndexedFaceSet {
    ccw TRUE
    solid FALSE
    coord DEF co Coordinate {
      point [
        1.171260 0.328740 0.196850,
        1.328740 0.328740 0.196850,
        0.671260 0.171260 0.196850,
        0.671260 0.328740 0.196850,
        0.828740 0.328740 0.196850,
        0.828740 0.171260 0.196850,
        0.671260 0.328740 -0.708661,
        0.828740 0.328740 -0.708661,
        0.828740 0.171260 -0.708661,
        0.671260 0.171260 -0.708661,
        1.171260 0.328740 -0.708661,
        1.328740 0.328740 -0.708661,
      ]
    }
    coordIndex [
      9, 2, 6, -1,
      6, 2, 3, -1,
      7, 4, 8, -1,
      8, 4, 5, -1,
      10, 0, 11, -1,
      11, 0, 1, -1,
    ]
  }
}

Shape {
  appearance Appearance {
    material Material {
      diffuseColor 0.9686 0.8784 0.6000
      specularColor 0.6784 0.6157 0.4196
      ambientIntensity 0.2
      transparency 0.0000
      shininess 0.5
    }
  }
  geometry IndexedFaceSet {
    ccw TRUE
    solid FALSE
    coord DEF co Coordinate {
      point [
        1.171260 0.171260 0.196850,
        1.328740 0.171260 0.196850,
        1.285752 0.285752 -0.826772,
        1.285752 0.214248 -0.826772,
        1.214248 0.285752 -0.826772,
        1.214248 0.214248 -0.826772,
        1.328740 0.171260 -0.708661,
        1.171260 0.171260 -0.708661,
      ]
    }
    coordIndex [
      2, 3, 4, -1,
      4, 3, 5, -1,
      6, 1, 7, -1,
      7, 1, 0, -1,
    ]
  }
}

Shape {
  appearance Appearance {
    material Material {
      diffuseColor 0.7529 0.7529 0.7529
      specularColor 0.3765 0.3765 0.3765
      ambientIntensity 0.2
      transparency 0.0000
      shininess 0.5
    }
  }
  geometry IndexedFaceSet {
    ccw TRUE
    solid FALSE
    coord DEF co Coordinate {
      point [
        1.828740 0.328740 0.196850,
        1.671260 0.328740 0.196850,
        1.171260 0.171260 0.196850,
        1.171260 0.328740 0.196850,
        1.328740 0.328740 0.196850,
        1.328740 0.171260 0.196850,
        1.171260 0.328740 -0.708661,
        1.328740 0.328740 -0.708661,
        1.328740 0.171260 -0.708661,
        1.171260 0.171260 -0.708661,
        1.671260 0.328740 -0.708661,
        1.828740 0.328740 -0.708661,
      ]
    }
    coordIndex [
      9, 2, 6, -1,
      6, 2, 3, -1,
      7, 4, 8, -1,
      8, 4, 5, -1,
      10, 1, 11, -1,
      11, 1, 0, -1,
    ]
  }
}

Shape {
  appearance Appearance {
    material Material {
      diffuseColor 0.9686 0.8784 0.6000
      specularColor 0.6784 0.6157 0.4196
      ambientIntensity 0.2
      transparency 0.0000
      shininess 0.5
    }
  }
  geometry IndexedFaceSet {
    ccw TRUE
    solid FALSE
    coord DEF co Coordinate {
      point [
        1.671260 0.171260 0.196850,
        1.828740 0.171260 0.196850,
        1.785752 0.285752 -0.826772,
        1.785752 0.214248 -0.826772,
        1.714248 0.285752 -0.826772,
        1.714248 0.214248 -0.826772,
        1.828740 0.171260 -0.708661,
        1.671260 0.171260 -0.708661,
      ]
    }
    coordIndex [
      2, 3, 4, -1,
      4, 3, 5, -1,
      6, 1, 7, -1,
      7, 1, 0, -1,
    ]
  }
}

Shape {
  appearance Appearance {
    material Material {
      diffuseColor 0.7529 0.7529 0.7529
      specularColor 0.3765 0.3765 0.3765
      ambientIntensity 0.2
      transparency 0.0000
      shininess 0.5
    }
  }
  geometry IndexedFaceSet {
    ccw TRUE
    solid FALSE
    coord DEF co Coordinate {
      point [
        1.671260 0.171260 0.196850,
        1.828740 0.171260 0.196850,
        1.828740 0.328740 0.196850,
        1.671260 0.328740 0.196850,
        1.671260 0.328740 -0.708661,
        1.828740 0.328740 -0.708661,
        1.828740 0.171260 -0.708661,
        1.671260 0.171260 -0.708661,
      ]
    }
    coordIndex [
      7, 0, 4, -1,
      4, 0, 3, -1,
      5, 2, 6, -1,
      6, 2, 1, -1,
    ]
  }
}

Shape {
  appearance Appearance {
    material Material {
      diffuseColor 0.9686 0.8784 0.6000
      specularColor 0.6784 0.6157 0.4196
      ambientIntensity 0.2
      transparency 0.0000
      shininess 0.5
    }
  }
  geometry IndexedFaceSet {
    ccw TRUE
    solid FALSE
    coord DEF co Coordinate {
      point [
        -1.171260 -0.328740 -0.708661,
        -1.328740 -0.328740 -0.708661,
        -1.328740 -0.171260 -0.708661,
        -1.171260 -0.171260 -0.708661,
        -1.214248 -0.214248 -0.826772,
        -1.214248 -0.285752 -0.826772,
        -1.285752 -0.214248 -0.826772,
        -1.285752 -0.285752 -0.826772,
        -0.671260 -0.328740 -0.708661,
        -0.828740 -0.328740 -0.708661,
        -0.828740 -0.171260 -0.708661,
        -0.671260 -0.171260 -0.708661,
        -0.714248 -0.214248 -0.826772,
        -0.714248 -0.285752 -0.826772,
        -0.785752 -0.214248 -0.826772,
        -0.785752 -0.285752 -0.826772,
        -0.171260 -0.328740 -0.708661,
        -0.328740 -0.328740 -0.708661,
        -0.328740 -0.171260 -0.708661,
        -0.171260 -0.171260 -0.708661,
        -0.214248 -0.214248 -0.826772,
        -0.214248 -0.285752 -0.826772,
        -0.285752 -0.214248 -0.826772,
        -0.285752 -0.285752 -0.826772,
        0.328740 -0.328740 -0.708661,
        0.171260 -0.328740 -0.708661,
        0.171260 -0.171260 -0.708661,
        0.328740 -0.171260 -0.708661,
        0.285752 -0.214248 -0.826772,
        0.285752 -0.285752 -0.826772,
        0.214248 -0.214248 -0.826772,
        0.214248 -0.285752 -0.826772,
        0.828740 -0.328740 -0.708661,
        0.671260 -0.328740 -0.708661,
        0.671260 -0.171260 -0.708661,
        0.828740 -0.171260 -0.708661,
        0.785752 -0.214248 -0.826772,
        0.785752 -0.285752 -0.826772,
        0.714248 -0.214248 -0.826772,
        0.714248 -0.285752 -0.826772,
        1.328740 -0.328740 -0.708661,
        1.171260 -0.328740 -0.708661,
        1.171260 -0.171260 -0.708661,
        1.328740 -0.171260 -0.708661,
        1.285752 -0.214248 -0.826772,
        1.285752 -0.285752 -0.826772,
        1.214248 -0.214248 -0.826772,
        1.214248 -0.285752 -0.826772,
        1.828740 -0.328740 -0.708661,
        1.671260 -0.328740 -0.708661,
        1.671260 -0.171260 -0.708661,
        1.828740 -0.171260 -0.708661,
        1.785752 -0.214248 -0.826772,
        1.785752 -0.285752 -0.826772,
        1.714248 -0.214248 -0.826772,
        1.714248 -0.285752 -0.826772,
        -1.328740 0.328740 -0.708661,
        -1.171260 0.328740 -0.708661,
        -1.214248 0.285752 -0.826772,
        -1.214248 0.214248 -0.826772,
        -1.285752 0.285752 -0.826772,
        -1.285752 0.214248 -0.826772,
        -1.171260 0.171260 -0.708661,
        -1.328740 0.171260 -0.708661,
        -0.828740 0.328740 -0.708661,
        -0.671260 0.328740 -0.708661,
        -0.714248 0.285752 -0.826772,
        -0.714248 0.214248 -0.826772,
        -0.785752 0.285752 -0.826772,
        -0.785752 0.214248 -0.826772,
        -0.671260 0.171260 -0.708661,
        -0.828740 0.171260 -0.708661,
        -0.328740 0.328740 -0.708661,
        -0.171260 0.328740 -0.708661,
        -0.214248 0.285752 -0.826772,
        -0.214248 0.214248 -0.826772,
        -0.285752 0.285752 -0.826772,
        -0.285752 0.214248 -0.826772,
        -0.171260 0.171260 -0.708661,
        -0.328740 0.171260 -0.708661,
        0.171260 0.328740 -0.708661,
        0.328740 0.328740 -0.708661,
        0.285752 0.285752 -0.826772,
        0.285752 0.214248 -0.826772,
        0.214248 0.285752 -0.826772,
        0.214248 0.214248 -0.826772,
        0.328740 0.171260 -0.708661,
        0.171260 0.171260 -0.708661,
        0.671260 0.328740 -0.708661,
        0.828740 0.328740 -0.708661,
        0.785752 0.285752 -0.826772,
        0.785752 0.214248 -0.826772,
        0.714248 0.285752 -0.826772,
        0.714248 0.214248 -0.826772,
        0.828740 0.171260 -0.708661,
        0.671260 0.171260 -0.708661,
        1.171260 0.328740 -0.708661,
        1.328740 0.328740 -0.708661,
        1.285752 0.285752 -0.826772,
        1.285752 0.214248 -0.826772,
        1.214248 0.285752 -0.826772,
        1.214248 0.214248 -0.826772,
        1.328740 0.171260 -0.708661,
        1.171260 0.171260 -0.708661,
        1.671260 0.328740 -0.708661,
        1.828740 0.328740 -0.708661,
        1.785752 0.285752 -0.826772,
        1.785752 0.214248 -0.826772,
        1.714248 0.285752 -0.826772,
        1.714248 0.214248 -0.826772,
        1.828740 0.171260 -0.708661,
        1.671260 0.171260 -0.708661,
      ]
    }
    coordIndex [
      63, 61, 62, -1,
      62, 61, 59, -1,
      56, 60, 63, -1,
      63, 60, 61, -1,
      58, 57, 59, -1,
      59, 57, 62, -1,
      57, 58, 56, -1,
      56, 58, 60, -1,
      1, 7, 0, -1,
      0, 7, 5, -1,
      2, 6, 1, -1,
      1, 6, 7, -1,
      4, 3, 5, -1,
      5, 3, 0, -1,
      3, 4, 2, -1,
      2, 4, 6, -1,
      71, 69, 70, -1,
      70, 69, 67, -1,
      64, 68, 71, -1,
      71, 68, 69, -1,
      66, 65, 67, -1,
      67, 65, 70, -1,
      65, 66, 64, -1,
      64, 66, 68, -1,
      9, 15, 8, -1,
      8, 15, 13, -1,
      10, 14, 9, -1,
      9, 14, 15, -1,
      12, 11, 13, -1,
      13, 11, 8, -1,
      11, 12, 10, -1,
      10, 12, 14, -1,
      79, 77, 78, -1,
      78, 77, 75, -1,
      72, 76, 79, -1,
      79, 76, 77, -1,
      74, 73, 75, -1,
      75, 73, 78, -1,
      73, 74, 72, -1,
      72, 74, 76, -1,
      17, 23, 16, -1,
      16, 23, 21, -1,
      18, 22, 17, -1,
      17, 22, 23, -1,
      20, 19, 21, -1,
      21, 19, 16, -1,
      19, 20, 18, -1,
      18, 20, 22, -1,
      87, 85, 86, -1,
      86, 85, 83, -1,
      80, 84, 87, -1,
      87, 84, 85, -1,
      82, 81, 83, -1,
      83, 81, 86, -1,
      81, 82, 80, -1,
      80, 82, 84, -1,
      25, 31, 24, -1,
      24, 31, 29, -1,
      26, 30, 25, -1,
      25, 30, 31, -1,
      28, 27, 29, -1,
      29, 27, 24, -1,
      27, 28, 26, -1,
      26, 28, 30, -1,
      95, 93, 94, -1,
      94, 93, 91, -1,
      88, 92, 95, -1,
      95, 92, 93, -1,
      90, 89, 91, -1,
      91, 89, 94, -1,
      89, 90, 88, -1,
      88, 90, 92, -1,
      33, 39, 32, -1,
      32, 39, 37, -1,
      34, 38, 33, -1,
      33, 38, 39, -1,
      36, 35, 37, -1,
      37, 35, 32, -1,
      35, 36, 34, -1,
      34, 36, 38, -1,
      103, 101, 102, -1,
      102, 101, 99, -1,
      96, 100, 103, -1,
      103, 100, 101, -1,
      98, 97, 99, -1,
      99, 97, 102, -1,
      97, 98, 96, -1,
      96, 98, 100, -1,
      41, 47, 40, -1,
      40, 47, 45, -1,
      42, 46, 41, -1,
      41, 46, 47, -1,
      44, 43, 45, -1,
      45, 43, 40, -1,
      43, 44, 42, -1,
      42, 44, 46, -1,
      111, 109, 110, -1,
      110, 109, 107, -1,
      104, 108, 111, -1,
      111, 108, 109, -1,
      106, 105, 107, -1,
      107, 105, 110, -1,
      105, 106, 104, -1,
      104, 106, 108, -1,
      49, 55, 48, -1,
      48, 55, 53, -1,
      50, 54, 49, -1,
      49, 54, 55, -1,
      52, 51, 53, -1,
      53, 51, 48, -1,
      51, 52, 50, -1,
      50, 52, 54, -1,
    ]
  }
}

Shape {
  appearance Appearance {
    material Material {
      diffuseColor 0.2510 0.2510 0.2510
      specularColor 0.1255 0.1255 0.1255
      ambientIntensity 0.2
      transparency 0.0000
      shininess 0.5
    }
  }
  geometry IndexedFaceSet {
    ccw TRUE
    solid FALSE
    coord DEF co Coordinate {
      point [
        3.240157 -0.354331 0.748031,
        3.240157 -0.354331 2.125984,
        3.240157 0.354331 2.125984,
        3.240157 0.354331 0.748031,
        -2.964567 0.354331 0.748031,
        -2.964567 0.354331 2.007874,
        -2.964567 -0.354331 0.748031,
        -2.964567 -0.354331 2.007874,
        3.082677 0.354331 2.125984,
        -3.082677 0.354331 2.125984,
        -3.240157 0.354331 2.125984,
        -3.082677 -0.354331 2.125984,
        -3.240157 -0.354331 2.125984,
        -3.240157 0.354331 0.748031,
        -3.240157 -0.354331 0.748031,
        2.964567 -0.354331 2.007874,
        2.964567 -0.354331 0.748031,
        3.082677 -0.354331 2.125984,
        2.964567 0.354331 0.748031,
        2.964567 0.354331 2.007874,
        -1.744094 -1.003937 1.598728,
        -1.980315 -1.003937 2.007874,
        -1.507874 -1.003937 2.007874,
        -1.507874 -1.000000 2.007874,
        -1.744094 -1.000000 1.598728,
        -1.980315 -1.000000 2.007874,
      ]
    }
    coordIndex [
      22, 23, 20, -1,
      20, 23, 24, -1,
      21, 25, 22, -1,
      22, 25, 23, -1,
      21, 20, 25, -1,
      25, 20, 24, -1,
      25, 24, 23, -1,
      16, 15, 0, -1,
      0, 15, 17, -1,
      0, 17, 1, -1,
      19, 18, 8, -1,
      8, 18, 3, -1,
      8, 3, 2, -1,
      4, 5, 13, -1,
      13, 5, 9, -1,
      13, 9, 10, -1,
      7, 6, 11, -1,
      11, 6, 14, -1,
      11, 14, 12, -1,
    ]
  }
}

Shape {
  appearance Appearance {
    material Material {
      diffuseColor 1.0000 1.0000 1.0000
      specularColor 0.5020 0.5020 0.5020
      ambientIntensity 0.2
      transparency 0.0000
      shininess 0.5
    }
  }
  geometry IndexedFaceSet {
    ccw TRUE
    solid FALSE
    coord DEF co Coordinate {
      point [
        3.240157 -0.153547 0.309266,
        3.240157 -0.160398 0.308611,
        3.240157 -0.105114 0.403991,
        3.240157 -0.105114 0.369823,
        3.240157 -0.076281 0.369823,
        3.240157 0.006076 0.311690,
        3.240157 -0.011945 0.309512,
        3.240157 -0.041309 0.309512,
        3.240157 -0.041309 0.416271,
        3.240157 -0.010854 0.416271,
        3.240157 0.033324 0.398398,
        3.240157 0.039920 0.389074,
        3.240157 0.029509 0.402135,
        3.240157 0.042100 0.343241,
        3.240157 0.036443 0.332419,
        3.240157 0.005448 0.414471,
        3.240157 0.007595 0.413687,
        3.240157 0.018333 0.409764,
        3.240157 0.029509 0.324467,
        3.240157 0.018267 0.316423,
        3.240157 0.007595 0.312280,
        3.240157 0.043854 0.378878,
        3.240157 0.045610 0.364256,
        3.240157 0.045060 0.355429,
        3.240157 -0.061477 0.321683,
        3.240157 -0.061477 0.309512,
        3.240157 -0.063906 0.416271,
        3.240157 -0.076281 0.416271,
        3.240157 -0.063906 0.403991,
        3.240157 -0.066935 0.357597,
        3.240157 -0.076281 0.357597,
        3.240157 -0.076281 0.321683,
        3.240157 -0.105114 0.357597,
        3.240157 -0.105114 0.321683,
        3.240157 -0.066935 0.369823,
        3.240157 -0.076281 0.403991,
        3.240157 -0.118895 0.416271,
        3.240157 -0.118895 0.309512,
        3.240157 -0.180920 0.416217,
        3.240157 -0.173014 0.417172,
        3.240157 -0.165562 0.418072,
        3.240157 -0.154100 0.417172,
        3.240157 -0.151582 0.416974,
        3.240157 -0.140264 0.413706,
        3.240157 -0.076281 0.309512,
        3.240157 -0.140264 0.399297,
        3.240157 -0.142085 0.313026,
        3.240157 -0.167827 0.319991,
        3.240157 -0.161153 0.320329,
        3.240157 -0.141452 0.399938,
        3.240157 -0.205607 0.357593,
        3.240157 -0.203874 0.346946,
        3.240157 -0.149343 0.322890,
        3.240157 -0.140264 0.327141,
        3.240157 -0.140264 0.313933,
        3.240157 -0.195296 0.392928,
        3.240157 -0.200442 0.385494,
        3.240157 -0.200401 0.338359,
        3.240157 -0.195254 0.331235,
        3.240157 -0.192609 0.328672,
        3.240157 -0.165425 0.405628,
        3.240157 -0.169869 0.405436,
        3.240157 -0.194517 0.393784,
        3.240157 -0.179114 0.403589,
        3.240157 -0.187479 0.399638,
        3.240157 -0.204002 0.376250,
        3.240157 -0.205733 0.361691,
        3.240157 -0.185487 0.323870,
        3.240157 -0.177735 0.321081,
        3.240157 -0.152281 0.404059,
        3.240157 -0.215421 0.385452,
        3.240157 -0.212517 0.392243,
        3.240157 -0.204778 0.402353,
        3.240157 -0.202415 0.404624,
        3.240157 -0.192088 0.411901,
        3.240157 -0.217587 0.380385,
        3.240157 -0.215421 0.336643,
        3.240157 -0.218121 0.343606,
        3.240157 -0.220197 0.360872,
        3.240157 -0.220009 0.366448,
        3.240157 -0.198900 0.315798,
        3.240157 -0.206497 0.322283,
        3.240157 -0.207439 0.323314,
        3.240157 -0.213792 0.332442,
        3.240157 -0.169819 0.307711,
        3.240157 -0.177641 0.308165,
        3.240157 -0.179567 0.308611,
        3.240157 -0.188981 0.310792,
        3.240157 -0.267081 0.416271,
        3.240157 -0.267081 0.321683,
        3.240157 -0.224563 0.321683,
        3.240157 -0.224563 0.309512,
        3.240157 -0.280863 0.309512,
        3.240157 -0.280863 0.416271,
        3.244095 -0.224563 0.321683,
        3.244095 -0.224563 0.309512,
        3.244095 -0.267081 0.321683,
        3.244095 -0.267081 0.416271,
        3.244095 -0.280863 0.416271,
        3.244095 -0.280863 0.309512,
        3.244095 -0.169819 0.307711,
        3.244095 -0.153547 0.309266,
        3.244095 -0.142085 0.313026,
        3.244095 -0.140264 0.313933,
        3.244095 -0.140264 0.327141,
        3.244095 -0.149343 0.322890,
        3.244095 -0.161153 0.320329,
        3.244095 -0.167827 0.319991,
        3.244095 -0.177735 0.321081,
        3.244095 -0.185487 0.323870,
        3.244095 -0.192609 0.328672,
        3.244095 -0.195254 0.331235,
        3.244095 -0.200401 0.338359,
        3.244095 -0.203874 0.346946,
        3.244095 -0.205607 0.357593,
        3.244095 -0.205733 0.361691,
        3.244095 -0.204002 0.376250,
        3.244095 -0.200442 0.385494,
        3.244095 -0.195296 0.392928,
        3.244095 -0.194517 0.393784,
        3.244095 -0.187479 0.399638,
        3.244095 -0.179114 0.403589,
        3.244095 -0.169869 0.405436,
        3.244095 -0.165425 0.405628,
        3.244095 -0.152281 0.404059,
        3.244095 -0.141452 0.399938,
        3.244095 -0.140264 0.399297,
        3.244095 -0.140264 0.413706,
        3.244095 -0.165562 0.418072,
        3.244095 -0.151582 0.416974,
        3.244095 -0.180920 0.416217,
        3.244095 -0.192088 0.411901,
        3.244095 -0.202415 0.404624,
        3.244095 -0.204778 0.402353,
        3.244095 -0.217587 0.380385,
        3.244095 -0.212517 0.392243,
        3.244095 -0.220009 0.366448,
        3.244095 -0.220197 0.360872,
        3.244095 -0.213792 0.332442,
        3.244095 -0.218121 0.343606,
        3.244095 -0.207439 0.323314,
        3.244095 -0.206497 0.322283,
        3.244095 -0.177641 0.308165,
        3.244095 -0.198900 0.315798,
        3.244095 -0.188981 0.310792,
        3.244095 -0.061477 0.321683,
        3.244095 -0.061477 0.309512,
        3.244095 -0.105114 0.321683,
        3.244095 -0.105114 0.357597,
        3.244095 -0.066935 0.357597,
        3.244095 -0.066935 0.369823,
        3.244095 -0.105114 0.369823,
        3.244095 -0.105114 0.403991,
        3.244095 -0.063906 0.403991,
        3.244095 -0.063906 0.416271,
        3.244095 -0.118895 0.416271,
        3.244095 -0.118895 0.309512,
        3.244095 0.025076 0.339493,
        3.244095 0.019712 0.332818,
        3.244095 0.029509 0.324467,
        3.244095 0.018393 0.331591,
        3.244095 0.018267 0.316423,
        3.244095 0.011489 0.326822,
        3.244095 0.006076 0.311690,
        3.244095 0.002643 0.323418,
        3.244095 -0.011945 0.309512,
        3.244095 -0.012027 0.321683,
        3.244095 -0.041309 0.309512,
        3.244095 -0.027528 0.321683,
        3.244095 -0.041309 0.416271,
        3.244095 -0.027528 0.403991,
        3.244095 -0.010854 0.416271,
        3.244095 -0.011399 0.403991,
        3.244095 0.005448 0.414471,
        3.244095 0.002735 0.402378,
        3.244095 0.018333 0.409764,
        3.244095 0.011928 0.398971,
        3.244095 0.029509 0.402135,
        3.244095 0.019411 0.393948,
        3.244095 0.033324 0.398398,
        3.244095 0.023362 0.389856,
        3.244095 0.039920 0.389074,
        3.244095 0.027259 0.383565,
        3.244095 0.043854 0.378878,
        3.244095 0.030015 0.375215,
        3.244095 0.045610 0.364256,
        3.244095 0.031119 0.363874,
        3.244095 0.045060 0.355429,
        3.244095 0.030781 0.357253,
        3.244095 0.042100 0.343241,
        3.244095 0.028731 0.347440,
        3.244095 0.036443 0.332419,
        3.240157 -0.011399 0.403991,
        3.240157 -0.027528 0.403991,
        3.240157 -0.027528 0.321683,
        3.240157 -0.012027 0.321683,
        3.240157 0.019712 0.332818,
        3.240157 0.018393 0.331591,
        3.240157 0.011489 0.326822,
        3.240157 0.002643 0.323418,
        3.240157 0.031119 0.363874,
        3.240157 0.030781 0.357253,
        3.240157 0.028731 0.347440,
        3.240157 0.025076 0.339493,
        3.240157 0.019411 0.393948,
        3.240157 0.023362 0.389856,
        3.240157 0.027259 0.383565,
        3.240157 0.030015 0.375215,
        3.240157 0.002735 0.402378,
        3.240157 0.011928 0.398971,
      ]
    }
    coordIndex [
      94, 95, 90, -1,
      90, 95, 91, -1,
      96, 94, 89, -1,
      89, 94, 90, -1,
      97, 96, 88, -1,
      88, 96, 89, -1,
      98, 97, 93, -1,
      93, 97, 88, -1,
      99, 98, 92, -1,
      92, 98, 93, -1,
      95, 99, 91, -1,
      91, 99, 92, -1,
      97, 98, 96, -1,
      96, 98, 99, -1,
      96, 99, 94, -1,
      94, 99, 95, -1,
      100, 84, 101, -1,
      101, 84, 1, -1,
      1, 0, 101, -1,
      101, 0, 46, -1,
      101, 46, 102, -1,
      102, 46, 54, -1,
      102, 54, 103, -1,
      104, 103, 53, -1,
      53, 103, 54, -1,
      104, 53, 52, -1,
      104, 52, 105, -1,
      105, 52, 48, -1,
      105, 48, 106, -1,
      106, 48, 47, -1,
      106, 47, 107, -1,
      107, 47, 68, -1,
      107, 68, 108, -1,
      108, 68, 67, -1,
      108, 67, 109, -1,
      109, 67, 59, -1,
      109, 59, 110, -1,
      110, 59, 58, -1,
      110, 58, 111, -1,
      111, 58, 57, -1,
      111, 57, 112, -1,
      112, 57, 51, -1,
      112, 51, 113, -1,
      113, 51, 50, -1,
      113, 50, 114, -1,
      114, 50, 66, -1,
      114, 66, 115, -1,
      115, 66, 65, -1,
      115, 65, 116, -1,
      116, 65, 56, -1,
      116, 56, 117, -1,
      117, 56, 55, -1,
      117, 55, 118, -1,
      118, 55, 62, -1,
      118, 62, 119, -1,
      119, 62, 64, -1,
      119, 64, 120, -1,
      120, 64, 63, -1,
      120, 63, 121, -1,
      121, 63, 61, -1,
      121, 61, 122, -1,
      122, 61, 60, -1,
      122, 60, 123, -1,
      123, 60, 69, -1,
      123, 69, 124, -1,
      124, 69, 49, -1,
      124, 49, 125, -1,
      125, 49, 45, -1,
      125, 45, 126, -1,
      127, 126, 43, -1,
      43, 126, 45, -1,
      40, 128, 41, -1,
      41, 128, 129, -1,
      41, 129, 42, -1,
      42, 129, 127, -1,
      42, 127, 43, -1,
      128, 40, 39, -1,
      128, 39, 130, -1,
      39, 38, 130, -1,
      130, 38, 74, -1,
      130, 74, 131, -1,
      131, 74, 73, -1,
      131, 73, 132, -1,
      132, 73, 72, -1,
      132, 72, 133, -1,
      133, 72, 71, -1,
      70, 134, 71, -1,
      71, 134, 135, -1,
      71, 135, 133, -1,
      70, 75, 134, -1,
      134, 75, 79, -1,
      134, 79, 136, -1,
      136, 79, 78, -1,
      136, 78, 137, -1,
      137, 78, 77, -1,
      76, 138, 77, -1,
      77, 138, 139, -1,
      77, 139, 137, -1,
      76, 83, 138, -1,
      138, 83, 82, -1,
      138, 82, 140, -1,
      140, 82, 81, -1,
      140, 81, 141, -1,
      84, 100, 142, -1,
      141, 81, 80, -1,
      141, 80, 143, -1,
      143, 80, 87, -1,
      143, 87, 144, -1,
      144, 87, 86, -1,
      144, 86, 142, -1,
      142, 86, 85, -1,
      142, 85, 84, -1,
      116, 117, 135, -1,
      120, 121, 130, -1,
      135, 117, 133, -1,
      130, 121, 128, -1,
      130, 131, 120, -1,
      120, 131, 132, -1,
      120, 132, 119, -1,
      119, 132, 133, -1,
      119, 133, 118, -1,
      118, 133, 117, -1,
      121, 122, 128, -1,
      128, 122, 123, -1,
      128, 123, 129, -1,
      129, 123, 124, -1,
      129, 124, 127, -1,
      127, 124, 125, -1,
      127, 125, 126, -1,
      137, 115, 136, -1,
      136, 115, 116, -1,
      136, 116, 134, -1,
      134, 116, 135, -1,
      103, 104, 102, -1,
      102, 104, 105, -1,
      102, 105, 101, -1,
      101, 105, 106, -1,
      101, 106, 100, -1,
      100, 106, 107, -1,
      100, 107, 142, -1,
      142, 107, 108, -1,
      142, 108, 144, -1,
      144, 108, 109, -1,
      144, 109, 143, -1,
      143, 109, 110, -1,
      143, 110, 141, -1,
      141, 110, 111, -1,
      141, 111, 140, -1,
      140, 111, 112, -1,
      140, 112, 138, -1,
      138, 112, 139, -1,
      139, 112, 113, -1,
      139, 113, 137, -1,
      137, 113, 114, -1,
      137, 114, 115, -1,
      145, 146, 24, -1,
      24, 146, 25, -1,
      33, 147, 31, -1,
      31, 147, 145, -1,
      31, 145, 24, -1,
      148, 147, 32, -1,
      32, 147, 33, -1,
      148, 32, 149, -1,
      149, 32, 30, -1,
      149, 30, 29, -1,
      150, 149, 34, -1,
      34, 149, 29, -1,
      3, 151, 4, -1,
      4, 151, 150, -1,
      4, 150, 34, -1,
      152, 151, 2, -1,
      2, 151, 3, -1,
      28, 153, 35, -1,
      35, 153, 152, -1,
      35, 152, 2, -1,
      154, 153, 26, -1,
      26, 153, 28, -1,
      36, 155, 27, -1,
      27, 155, 154, -1,
      27, 154, 26, -1,
      156, 155, 37, -1,
      37, 155, 36, -1,
      25, 146, 44, -1,
      44, 146, 156, -1,
      44, 156, 37, -1,
      156, 146, 145, -1,
      145, 147, 156, -1,
      156, 147, 148, -1,
      156, 148, 155, -1,
      153, 154, 152, -1,
      152, 154, 155, -1,
      152, 155, 151, -1,
      151, 155, 148, -1,
      151, 148, 150, -1,
      150, 148, 149, -1,
      157, 158, 159, -1,
      159, 158, 160, -1,
      159, 160, 161, -1,
      161, 160, 162, -1,
      161, 162, 163, -1,
      163, 162, 164, -1,
      163, 164, 165, -1,
      165, 164, 166, -1,
      165, 166, 167, -1,
      167, 166, 168, -1,
      167, 168, 169, -1,
      169, 168, 170, -1,
      169, 170, 171, -1,
      171, 170, 172, -1,
      171, 172, 173, -1,
      173, 172, 174, -1,
      173, 174, 175, -1,
      175, 174, 176, -1,
      175, 176, 177, -1,
      177, 176, 178, -1,
      177, 178, 179, -1,
      179, 178, 180, -1,
      179, 180, 181, -1,
      181, 180, 182, -1,
      181, 182, 183, -1,
      183, 182, 184, -1,
      183, 184, 185, -1,
      185, 184, 186, -1,
      185, 186, 187, -1,
      187, 186, 188, -1,
      187, 188, 189, -1,
      189, 188, 190, -1,
      189, 190, 191, -1,
      191, 190, 157, -1,
      191, 157, 159, -1,
      165, 167, 6, -1,
      6, 167, 7, -1,
      18, 159, 161, -1,
      165, 6, 5, -1,
      165, 5, 163, -1,
      163, 5, 20, -1,
      163, 20, 161, -1,
      161, 20, 19, -1,
      161, 19, 18, -1,
      159, 18, 14, -1,
      159, 14, 191, -1,
      191, 14, 13, -1,
      191, 13, 189, -1,
      189, 13, 23, -1,
      189, 23, 187, -1,
      187, 23, 22, -1,
      187, 22, 185, -1,
      185, 22, 21, -1,
      185, 21, 183, -1,
      183, 21, 11, -1,
      183, 11, 181, -1,
      181, 11, 10, -1,
      181, 10, 179, -1,
      179, 10, 12, -1,
      179, 12, 177, -1,
      177, 12, 17, -1,
      16, 173, 17, -1,
      17, 173, 175, -1,
      17, 175, 177, -1,
      16, 15, 173, -1,
      173, 15, 9, -1,
      173, 9, 171, -1,
      169, 171, 8, -1,
      8, 171, 9, -1,
      167, 169, 7, -1,
      7, 169, 8, -1,
      172, 170, 192, -1,
      192, 170, 193, -1,
      170, 168, 193, -1,
      193, 168, 194, -1,
      168, 166, 194, -1,
      194, 166, 195, -1,
      158, 196, 197, -1,
      158, 197, 160, -1,
      160, 197, 198, -1,
      160, 198, 162, -1,
      162, 198, 199, -1,
      162, 199, 164, -1,
      164, 199, 195, -1,
      164, 195, 166, -1,
      186, 200, 201, -1,
      186, 201, 188, -1,
      188, 201, 202, -1,
      188, 202, 190, -1,
      190, 202, 203, -1,
      190, 203, 157, -1,
      157, 203, 196, -1,
      157, 196, 158, -1,
      178, 204, 205, -1,
      178, 205, 180, -1,
      180, 205, 206, -1,
      180, 206, 182, -1,
      182, 206, 207, -1,
      182, 207, 184, -1,
      184, 207, 200, -1,
      184, 200, 186, -1,
      172, 192, 208, -1,
      172, 208, 174, -1,
      174, 208, 209, -1,
      174, 209, 176, -1,
      176, 209, 204, -1,
      176, 204, 178, -1,
    ]
  }
}

Shape {
  appearance Appearance {
    material Material {
      diffuseColor 0.2510 0.2510 0.2510
      specularColor 0.1255 0.1255 0.1255
      ambientIntensity 0.2
      transparency 0.0000
      shininess 0.5
    }
  }
  geometry IndexedFaceSet {
    ccw TRUE
    solid FALSE
    coord DEF co Coordinate {
      point [
        3.240157 -0.011399 0.403991,
        3.240157 -0.027528 0.403991,
        3.240157 -0.027528 0.321683,
        3.240157 -0.012027 0.321683,
        3.240157 0.019712 0.332818,
        3.240157 0.018393 0.331591,
        3.240157 0.011489 0.326822,
        3.240157 0.002643 0.323418,
        3.240157 0.031119 0.363874,
        3.240157 0.030781 0.357253,
        3.240157 0.028731 0.347440,
        3.240157 0.025076 0.339493,
        3.240157 0.019411 0.393948,
        3.240157 0.023362 0.389856,
        3.240157 0.027259 0.383565,
        3.240157 0.030015 0.375215,
        3.240157 0.002735 0.402378,
        3.240157 0.011928 0.398971,
      ]
    }
    coordIndex [
      1, 2, 0, -1,
      0, 2, 3, -1,
      3, 7, 0, -1,
      0, 7, 6, -1,
      0, 6, 5, -1,
      8, 12, 17, -1,
      5, 4, 0, -1,
      0, 4, 11, -1,
      0, 11, 10, -1,
      12, 8, 13, -1,
      13, 8, 15, -1,
      13, 15, 14, -1,
      10, 9, 0, -1,
      0, 9, 8, -1,
      0, 8, 16, -1,
      16, 8, 17, -1,
    ]
  }
}

Shape {
  appearance Appearance {
    material Material {
      diffuseColor 1.0000 1.0000 1.0000
      specularColor 0.5020 0.5020 0.5020
      ambientIntensity 0.2
      transparency 0.0000
      shininess 0.5
    }
  }
  geometry IndexedFaceSet {
    ccw TRUE
    solid FALSE
    coord DEF co Coordinate {
      point [
        3.240157 0.132366 0.309512,
        3.240157 0.121477 0.338712,
        3.240157 0.082302 0.338712,
        3.240157 0.147594 0.309512,
        3.240157 0.106931 0.416271,
        3.240157 0.077021 0.338712,
        3.240157 0.066760 0.309512,
        3.240157 0.051532 0.309512,
        3.240157 0.082302 0.390298,
        3.240157 0.092194 0.416271,
        3.244095 0.081388 0.350775,
        3.244095 0.077021 0.338712,
        3.244095 0.117220 0.350775,
        3.244095 0.121477 0.338712,
        3.244095 0.097352 0.395148,
        3.244095 0.092194 0.416271,
        3.244095 0.051532 0.309512,
        3.244095 0.066760 0.309512,
        3.244095 0.098277 0.398335,
        3.244095 0.099099 0.402626,
        3.244095 0.106931 0.416271,
        3.244095 0.099426 0.402626,
        3.244095 0.100289 0.398109,
        3.244095 0.101091 0.395148,
        3.244095 0.147594 0.309512,
        3.244095 0.132366 0.309512,
        3.240157 0.081388 0.350775,
        3.240157 0.117220 0.350775,
        3.240157 0.101091 0.395148,
        3.240157 0.099426 0.402626,
        3.240157 0.100289 0.398109,
        3.240157 0.099099 0.402626,
        3.240157 0.097352 0.395148,
        3.240157 0.098277 0.398335,
      ]
    }
    coordIndex [
      10, 11, 12, -1,
      12, 11, 13, -1,
      14, 15, 10, -1,
      10, 15, 16, -1,
      10, 16, 11, -1,
      11, 16, 17, -1,
      14, 18, 15, -1,
      15, 18, 19, -1,
      15, 19, 20, -1,
      20, 19, 21, -1,
      20, 21, 22, -1,
      22, 23, 20, -1,
      20, 23, 12, -1,
      20, 12, 24, -1,
      24, 12, 13, -1,
      24, 13, 25, -1,
      20, 24, 4, -1,
      4, 24, 3, -1,
      15, 20, 9, -1,
      9, 20, 4, -1,
      7, 16, 8, -1,
      8, 16, 15, -1,
      8, 15, 9, -1,
      17, 16, 6, -1,
      6, 16, 7, -1,
      11, 17, 5, -1,
      5, 17, 6, -1,
      1, 13, 2, -1,
      2, 13, 11, -1,
      2, 11, 5, -1,
      25, 13, 0, -1,
      0, 13, 1, -1,
      24, 25, 3, -1,
      3, 25, 0, -1,
      10, 12, 26, -1,
      26, 12, 27, -1,
      12, 23, 27, -1,
      27, 23, 28, -1,
      21, 29, 30, -1,
      21, 30, 22, -1,
      22, 30, 28, -1,
      22, 28, 23, -1,
      21, 19, 29, -1,
      29, 19, 31, -1,
      14, 32, 33, -1,
      14, 33, 18, -1,
      18, 33, 31, -1,
      18, 31, 19, -1,
      14, 10, 32, -1,
      32, 10, 26, -1,
    ]
  }
}

Shape {
  appearance Appearance {
    material Material {
      diffuseColor 0.2510 0.2510 0.2510
      specularColor 0.1255 0.1255 0.1255
      ambientIntensity 0.2
      transparency 0.0000
      shininess 0.5
    }
  }
  geometry IndexedFaceSet {
    ccw TRUE
    solid FALSE
    coord DEF co Coordinate {
      point [
        3.240157 0.081388 0.350775,
        3.240157 0.117220 0.350775,
        3.240157 0.101091 0.395148,
        3.240157 0.099426 0.402626,
        3.240157 0.100289 0.398109,
        3.240157 0.099099 0.402626,
        3.240157 0.097352 0.395148,
        3.240157 0.098277 0.398335,
      ]
    }
    coordIndex [
      3, 5, 4, -1,
      4, 5, 7, -1,
      4, 7, 2, -1,
      2, 7, 6, -1,
      2, 6, 1, -1,
      1, 6, 0, -1,
    ]
  }
}

Shape {
  appearance Appearance {
    material Material {
      diffuseColor 1.0000 1.0000 1.0000
      specularColor 0.5020 0.5020 0.5020
      ambientIntensity 0.2
      transparency 0.0000
      shininess 0.5
    }
  }
  geometry IndexedFaceSet {
    ccw TRUE
    solid FALSE
    coord DEF co Coordinate {
      point [
        3.240157 -0.205301 0.176433,
        3.240157 -0.203195 0.198059,
        3.240157 -0.207959 0.172593,
        3.240157 -0.209777 0.167867,
        3.240157 -0.149379 0.189217,
        3.240157 -0.149379 0.140148,
        3.240157 -0.169458 0.144180,
        3.240157 -0.174131 0.141079,
        3.240157 -0.162751 0.140148,
        3.240157 -0.179184 0.139248,
        3.240157 -0.190414 0.216520,
        3.240157 -0.200369 0.212682,
        3.240157 -0.203195 0.211048,
        3.240157 -0.194221 0.139248,
        3.240157 -0.194465 0.139276,
        3.240157 -0.199593 0.141209,
        3.240157 -0.201226 0.179994,
        3.240157 -0.195567 0.182917,
        3.240157 -0.194791 0.203469,
        3.240157 -0.185347 0.185450,
        3.240157 -0.173667 0.206808,
        3.240157 -0.178197 0.207283,
        3.240157 -0.186440 0.206394,
        3.240157 -0.204096 0.144351,
        3.240157 -0.205590 0.145866,
        3.240157 -0.208369 0.149974,
        3.240157 -0.158947 0.213270,
        3.240157 -0.155356 0.209896,
        3.240157 -0.162751 0.151938,
        3.240157 -0.163106 0.151938,
        3.240157 -0.165230 0.148712,
        3.240157 -0.209986 0.154498,
        3.240157 -0.210645 0.160562,
        3.240157 -0.150478 0.199627,
        3.240157 -0.176942 0.218144,
        3.240157 -0.169113 0.217461,
        3.240157 -0.163420 0.215778,
        3.240157 -0.162751 0.188616,
        3.240157 -0.163216 0.194529,
        3.240157 -0.164598 0.199290,
        3.240157 -0.166170 0.202044,
        3.240157 -0.152598 0.205623,
        3.240157 -0.168191 0.204194,
        3.240157 -0.170565 0.205724,
        3.240157 -0.179550 0.139116,
        3.240157 -0.186466 0.138347,
        3.240157 -0.225873 0.234628,
        3.240157 -0.223444 0.152320,
        3.240157 -0.223444 0.140148,
        3.240157 -0.280863 0.140148,
        3.240157 -0.267081 0.188234,
        3.240157 -0.267081 0.152320,
        3.240157 -0.228902 0.188234,
        3.240157 -0.228902 0.200460,
        3.240157 -0.267081 0.200460,
        3.240157 -0.267081 0.234628,
        3.240157 -0.280863 0.246908,
        3.240157 -0.225873 0.246908,
        3.244095 -0.223444 0.152320,
        3.244095 -0.223444 0.140148,
        3.244095 -0.267081 0.152320,
        3.244095 -0.267081 0.188234,
        3.244095 -0.228902 0.188234,
        3.244095 -0.228902 0.200460,
        3.244095 -0.267081 0.200460,
        3.244095 -0.267081 0.234628,
        3.244095 -0.225873 0.234628,
        3.244095 -0.225873 0.246908,
        3.244095 -0.280863 0.246908,
        3.244095 -0.280863 0.140148,
        3.244095 -0.163106 0.151938,
        3.244095 -0.162751 0.151938,
        3.244095 -0.163625 0.164242,
        3.244095 -0.162764 0.170208,
        3.244095 -0.149379 0.189217,
        3.244095 -0.162751 0.171096,
        3.244095 -0.162751 0.178409,
        3.244095 -0.162751 0.140148,
        3.244095 -0.149379 0.140148,
        3.244095 -0.191820 0.172635,
        3.244095 -0.188670 0.174138,
        3.244095 -0.195567 0.182917,
        3.244095 -0.165586 0.159471,
        3.244095 -0.168482 0.155540,
        3.244095 -0.165230 0.148712,
        3.244095 -0.170159 0.153902,
        3.244095 -0.169458 0.144180,
        3.244095 -0.173937 0.151352,
        3.244095 -0.174131 0.141079,
        3.244095 -0.177994 0.149878,
        3.244095 -0.179550 0.139116,
        3.244095 -0.183000 0.149318,
        3.244095 -0.186466 0.138347,
        3.244095 -0.187517 0.149827,
        3.244095 -0.194465 0.139276,
        3.244095 -0.190542 0.150937,
        3.244095 -0.199593 0.141209,
        3.244095 -0.193207 0.152757,
        3.244095 -0.204096 0.144351,
        3.244095 -0.194344 0.153900,
        3.244095 -0.185347 0.185450,
        3.244095 -0.180598 0.176008,
        3.244095 -0.162751 0.188616,
        3.244095 -0.193534 0.171314,
        3.244095 -0.201226 0.179994,
        3.244095 -0.195135 0.169332,
        3.244095 -0.205301 0.176433,
        3.244095 -0.196308 0.166838,
        3.244095 -0.207959 0.172593,
        3.244095 -0.196969 0.163776,
        3.244095 -0.209777 0.167867,
        3.244095 -0.197082 0.161653,
        3.244095 -0.210645 0.160562,
        3.244095 -0.196742 0.158583,
        3.244095 -0.209986 0.154498,
        3.244095 -0.195863 0.156154,
        3.244095 -0.208369 0.149974,
        3.244095 -0.205590 0.145866,
        3.244095 -0.203195 0.211048,
        3.244095 -0.203195 0.198059,
        3.244095 -0.200369 0.212682,
        3.244095 -0.194791 0.203469,
        3.244095 -0.190414 0.216520,
        3.244095 -0.186440 0.206394,
        3.244095 -0.176942 0.218144,
        3.244095 -0.178197 0.207283,
        3.244095 -0.169113 0.217461,
        3.244095 -0.173667 0.206808,
        3.244095 -0.163420 0.215778,
        3.244095 -0.170565 0.205724,
        3.244095 -0.158947 0.213270,
        3.244095 -0.168191 0.204194,
        3.244095 -0.155356 0.209896,
        3.244095 -0.166170 0.202044,
        3.244095 -0.152598 0.205623,
        3.244095 -0.164598 0.199290,
        3.244095 -0.150478 0.199627,
        3.244095 -0.163216 0.194529,
        3.240157 -0.193534 0.171314,
        3.240157 -0.191820 0.172635,
        3.240157 -0.188670 0.174138,
        3.240157 -0.180598 0.176008,
        3.240157 -0.197082 0.161653,
        3.240157 -0.196969 0.163776,
        3.240157 -0.196308 0.166838,
        3.240157 -0.195135 0.169332,
        3.240157 -0.193207 0.152757,
        3.240157 -0.194344 0.153900,
        3.240157 -0.195863 0.156154,
        3.240157 -0.196742 0.158583,
        3.240157 -0.183000 0.149318,
        3.240157 -0.187517 0.149827,
        3.240157 -0.190542 0.150937,
        3.240157 -0.168482 0.155540,
        3.240157 -0.170159 0.153902,
        3.240157 -0.173937 0.151352,
        3.240157 -0.177994 0.149878,
        3.240157 -0.162751 0.171096,
        3.240157 -0.162764 0.170208,
        3.240157 -0.163625 0.164242,
        3.240157 -0.165586 0.159471,
        3.240157 -0.162751 0.178409,
      ]
    }
    coordIndex [
      58, 59, 47, -1,
      47, 59, 48, -1,
      60, 58, 51, -1,
      51, 58, 47, -1,
      61, 60, 50, -1,
      50, 60, 51, -1,
      62, 61, 52, -1,
      52, 61, 50, -1,
      63, 62, 53, -1,
      53, 62, 52, -1,
      64, 63, 54, -1,
      54, 63, 53, -1,
      65, 64, 55, -1,
      55, 64, 54, -1,
      66, 65, 46, -1,
      46, 65, 55, -1,
      67, 66, 57, -1,
      57, 66, 46, -1,
      68, 67, 56, -1,
      56, 67, 57, -1,
      69, 68, 49, -1,
      49, 68, 56, -1,
      59, 69, 48, -1,
      48, 69, 49, -1,
      69, 59, 58, -1,
      58, 60, 69, -1,
      69, 60, 61, -1,
      69, 61, 68, -1,
      66, 67, 65, -1,
      65, 67, 68, -1,
      65, 68, 64, -1,
      64, 68, 61, -1,
      64, 61, 63, -1,
      63, 61, 62, -1,
      70, 71, 72, -1,
      73, 74, 75, -1,
      75, 74, 76, -1,
      77, 78, 71, -1,
      71, 78, 74, -1,
      71, 74, 72, -1,
      72, 74, 73, -1,
      79, 80, 81, -1,
      72, 82, 70, -1,
      70, 82, 83, -1,
      70, 83, 84, -1,
      84, 83, 85, -1,
      84, 85, 86, -1,
      86, 85, 87, -1,
      86, 87, 88, -1,
      88, 87, 89, -1,
      88, 89, 90, -1,
      90, 89, 91, -1,
      90, 91, 92, -1,
      92, 91, 93, -1,
      92, 93, 94, -1,
      94, 93, 95, -1,
      94, 95, 96, -1,
      96, 95, 97, -1,
      96, 97, 98, -1,
      98, 97, 99, -1,
      81, 80, 100, -1,
      100, 80, 101, -1,
      100, 101, 102, -1,
      79, 81, 103, -1,
      103, 81, 104, -1,
      103, 104, 105, -1,
      105, 104, 106, -1,
      105, 106, 107, -1,
      107, 106, 108, -1,
      107, 108, 109, -1,
      109, 108, 110, -1,
      109, 110, 111, -1,
      111, 110, 112, -1,
      111, 112, 113, -1,
      113, 112, 114, -1,
      113, 114, 115, -1,
      115, 114, 116, -1,
      115, 116, 99, -1,
      99, 116, 117, -1,
      99, 117, 98, -1,
      118, 119, 120, -1,
      120, 119, 121, -1,
      120, 121, 122, -1,
      122, 121, 123, -1,
      122, 123, 124, -1,
      124, 123, 125, -1,
      124, 125, 126, -1,
      126, 125, 127, -1,
      126, 127, 128, -1,
      128, 127, 129, -1,
      128, 129, 130, -1,
      130, 129, 131, -1,
      130, 131, 132, -1,
      132, 131, 133, -1,
      132, 133, 134, -1,
      134, 133, 135, -1,
      134, 135, 136, -1,
      136, 135, 137, -1,
      136, 137, 74, -1,
      74, 137, 102, -1,
      74, 102, 76, -1,
      76, 102, 101, -1,
      124, 34, 10, -1,
      124, 10, 122, -1,
      122, 10, 11, -1,
      122, 11, 120, -1,
      120, 11, 12, -1,
      120, 12, 118, -1,
      119, 118, 1, -1,
      1, 118, 12, -1,
      119, 1, 18, -1,
      119, 18, 121, -1,
      121, 18, 22, -1,
      121, 22, 123, -1,
      123, 22, 21, -1,
      123, 21, 125, -1,
      125, 21, 20, -1,
      125, 20, 127, -1,
      127, 20, 43, -1,
      127, 43, 129, -1,
      129, 43, 42, -1,
      129, 42, 131, -1,
      131, 42, 40, -1,
      131, 40, 133, -1,
      133, 40, 39, -1,
      133, 39, 135, -1,
      135, 39, 38, -1,
      135, 38, 137, -1,
      137, 38, 37, -1,
      137, 37, 102, -1,
      100, 102, 19, -1,
      19, 102, 37, -1,
      100, 19, 17, -1,
      100, 17, 81, -1,
      81, 17, 16, -1,
      81, 16, 104, -1,
      104, 16, 0, -1,
      104, 0, 106, -1,
      106, 0, 2, -1,
      106, 2, 108, -1,
      108, 2, 3, -1,
      108, 3, 110, -1,
      110, 3, 32, -1,
      110, 32, 112, -1,
      112, 32, 31, -1,
      112, 31, 114, -1,
      114, 31, 25, -1,
      114, 25, 116, -1,
      116, 25, 24, -1,
      116, 24, 117, -1,
      117, 24, 23, -1,
      117, 23, 98, -1,
      45, 92, 13, -1,
      13, 92, 94, -1,
      13, 94, 14, -1,
      14, 94, 96, -1,
      14, 96, 15, -1,
      15, 96, 98, -1,
      15, 98, 23, -1,
      92, 45, 44, -1,
      92, 44, 90, -1,
      90, 44, 9, -1,
      90, 9, 88, -1,
      9, 7, 88, -1,
      88, 7, 6, -1,
      88, 6, 86, -1,
      86, 6, 30, -1,
      86, 30, 84, -1,
      84, 30, 29, -1,
      84, 29, 70, -1,
      71, 70, 28, -1,
      28, 70, 29, -1,
      77, 71, 8, -1,
      8, 71, 28, -1,
      78, 77, 5, -1,
      5, 77, 8, -1,
      74, 78, 4, -1,
      4, 78, 5, -1,
      74, 4, 33, -1,
      74, 33, 136, -1,
      136, 33, 41, -1,
      136, 41, 134, -1,
      134, 41, 27, -1,
      134, 27, 132, -1,
      132, 27, 26, -1,
      132, 26, 130, -1,
      130, 26, 36, -1,
      130, 36, 128, -1,
      128, 36, 35, -1,
      128, 35, 126, -1,
      126, 35, 34, -1,
      126, 34, 124, -1,
      103, 138, 139, -1,
      103, 139, 79, -1,
      79, 139, 140, -1,
      79, 140, 80, -1,
      80, 140, 141, -1,
      80, 141, 101, -1,
      111, 142, 143, -1,
      111, 143, 109, -1,
      109, 143, 144, -1,
      109, 144, 107, -1,
      107, 144, 145, -1,
      107, 145, 105, -1,
      105, 145, 138, -1,
      105, 138, 103, -1,
      97, 146, 147, -1,
      97, 147, 99, -1,
      99, 147, 148, -1,
      99, 148, 115, -1,
      115, 148, 149, -1,
      115, 149, 113, -1,
      113, 149, 142, -1,
      113, 142, 111, -1,
      91, 150, 151, -1,
      91, 151, 93, -1,
      93, 151, 152, -1,
      93, 152, 95, -1,
      95, 152, 146, -1,
      95, 146, 97, -1,
      83, 153, 154, -1,
      83, 154, 85, -1,
      85, 154, 155, -1,
      85, 155, 87, -1,
      87, 155, 156, -1,
      87, 156, 89, -1,
      89, 156, 150, -1,
      89, 150, 91, -1,
      75, 157, 158, -1,
      75, 158, 73, -1,
      73, 158, 159, -1,
      73, 159, 72, -1,
      72, 159, 160, -1,
      72, 160, 82, -1,
      82, 160, 153, -1,
      82, 153, 83, -1,
      75, 76, 157, -1,
      157, 76, 161, -1,
      76, 101, 161, -1,
      161, 101, 141, -1,
    ]
  }
}

Shape {
  appearance Appearance {
    material Material {
      diffuseColor 0.2510 0.2510 0.2510
      specularColor 0.1255 0.1255 0.1255
      ambientIntensity 0.2
      transparency 0.0000
      shininess 0.5
    }
  }
  geometry IndexedFaceSet {
    ccw TRUE
    solid FALSE
    coord DEF co Coordinate {
      point [
        3.240157 -0.193534 0.171314,
        3.240157 -0.191820 0.172635,
        3.240157 -0.188670 0.174138,
        3.240157 -0.180598 0.176008,
        3.240157 -0.197082 0.161653,
        3.240157 -0.196969 0.163776,
        3.240157 -0.196308 0.166838,
        3.240157 -0.195135 0.169332,
        3.240157 -0.193207 0.152757,
        3.240157 -0.194344 0.153900,
        3.240157 -0.195863 0.156154,
        3.240157 -0.196742 0.158583,
        3.240157 -0.183000 0.149318,
        3.240157 -0.187517 0.149827,
        3.240157 -0.190542 0.150937,
        3.240157 -0.168482 0.155540,
        3.240157 -0.170159 0.153902,
        3.240157 -0.173937 0.151352,
        3.240157 -0.177994 0.149878,
        3.240157 -0.162751 0.171096,
        3.240157 -0.162764 0.170208,
        3.240157 -0.163625 0.164242,
        3.240157 -0.165586 0.159471,
        3.240157 -0.162751 0.178409,
      ]
    }
    coordIndex [
      20, 19, 0, -1,
      19, 23, 3, -1,
      3, 2, 19, -1,
      19, 2, 1, -1,
      19, 1, 0, -1,
      20, 0, 21, -1,
      21, 0, 7, -1,
      21, 7, 22, -1,
      9, 8, 16, -1,
      9, 16, 10, -1,
      17, 16, 18, -1,
      18, 16, 12, -1,
      7, 6, 22, -1,
      22, 6, 5, -1,
      22, 5, 15, -1,
      15, 5, 4, -1,
      15, 4, 16, -1,
      16, 4, 11, -1,
      16, 11, 10, -1,
      8, 14, 16, -1,
      16, 14, 13, -1,
      16, 13, 12, -1,
    ]
  }
}

Shape {
  appearance Appearance {
    material Material {
      diffuseColor 1.0000 1.0000 1.0000
      specularColor 0.5020 0.5020 0.5020
      ambientIntensity 0.2
      transparency 0.0000
      shininess 0.5
    }
  }
  geometry IndexedFaceSet {
    ccw TRUE
    solid FALSE
    coord DEF co Coordinate {
      point [
        3.240157 -0.053872 0.118853,
        3.240157 -0.051393 0.121628,
        3.240157 -0.099867 0.139447,
        3.240157 -0.101806 0.139248,
        3.240157 -0.122541 0.139678,
        3.240157 -0.125077 0.140593,
        3.240157 0.028581 0.188234,
        3.240157 0.028581 0.152320,
        3.240157 0.048571 0.152320,
        3.240157 0.066760 0.200460,
        3.240157 0.066760 0.188234,
        3.240157 0.069789 0.246908,
        3.240157 0.069789 0.234628,
        3.240157 0.072218 0.140148,
        3.240157 0.072218 0.152320,
        3.240157 0.048571 0.188234,
        3.240157 0.048571 0.234628,
        3.240157 0.048571 0.200460,
        3.240157 0.028581 0.234628,
        3.240157 0.028581 0.200460,
        3.240157 0.048571 0.140148,
        3.240157 0.014800 0.140148,
        3.240157 0.014800 0.246908,
        3.240157 -0.131258 0.156632,
        3.240157 -0.131258 0.142823,
        3.240157 -0.129056 0.204907,
        3.240157 -0.126392 0.153589,
        3.240157 -0.125077 0.153078,
        3.240157 -0.125077 0.181393,
        3.240157 -0.130648 0.200602,
        3.240157 -0.130601 0.190629,
        3.240157 -0.131176 0.195821,
        3.240157 -0.125195 0.181470,
        3.240157 -0.127383 0.183758,
        3.240157 -0.129126 0.186545,
        3.240157 -0.118672 0.139248,
        3.240157 -0.110572 0.138347,
        3.240157 -0.083418 0.214760,
        3.240157 -0.083418 0.201770,
        3.240157 -0.080397 0.155516,
        3.240157 -0.082039 0.151279,
        3.240157 -0.084532 0.147752,
        3.240157 -0.126571 0.208522,
        3.240157 -0.125077 0.209865,
        3.240157 -0.122607 0.212086,
        3.240157 -0.118726 0.214412,
        3.240157 -0.111412 0.217052,
        3.240157 -0.101484 0.218144,
        3.240157 -0.092670 0.217413,
        3.240157 -0.084237 0.173497,
        3.240157 -0.081741 0.169814,
        3.240157 -0.080314 0.165871,
        3.240157 -0.079761 0.160889,
        3.240157 -0.088357 0.144406,
        3.240157 -0.092500 0.141971,
        3.240157 -0.102794 0.207283,
        3.240157 -0.106752 0.206986,
        3.240157 -0.117394 0.197021,
        3.240157 -0.110330 0.206039,
        3.240157 -0.113328 0.204444,
        3.240157 -0.117272 0.195243,
        3.240157 -0.116742 0.193165,
        3.240157 -0.115779 0.191361,
        3.240157 -0.114474 0.189926,
        3.240157 -0.109760 0.186979,
        3.240157 -0.093691 0.206207,
        3.240157 -0.101484 0.183376,
        3.240157 -0.086097 0.203327,
        3.240157 -0.096306 0.181281,
        3.240157 -0.087425 0.176342,
        3.240157 -0.115346 0.202661,
        3.240157 -0.116492 0.200959,
        3.240157 -0.117152 0.199154,
        3.240157 -0.118025 0.150337,
        3.240157 -0.110927 0.173661,
        3.240157 -0.118897 0.177315,
        3.240157 -0.109262 0.149263,
        3.240157 -0.108671 0.149267,
        3.240157 -0.102146 0.169983,
        3.240157 -0.101817 0.150035,
        3.240157 -0.093488 0.159579,
        3.240157 -0.093619 0.161243,
        3.240157 -0.098366 0.151298,
        3.240157 -0.097146 0.152038,
        3.240157 -0.095612 0.153400,
        3.240157 -0.094445 0.155126,
        3.240157 -0.093765 0.157028,
        3.240157 -0.094227 0.163331,
        3.240157 -0.095261 0.165104,
        3.240157 -0.096927 0.166839,
        3.240157 -0.013473 0.216398,
        3.240157 0.000390 0.216398,
        3.240157 0.048571 0.246908,
        3.240157 -0.030028 0.139248,
        3.240157 -0.037925 0.159088,
        3.240157 -0.036288 0.152811,
        3.240157 -0.035933 0.152811,
        3.240157 -0.051393 0.197831,
        3.240157 -0.034296 0.158979,
        3.240157 -0.035319 0.155424,
        3.240157 -0.051393 0.161937,
        3.240157 -0.072802 0.216398,
        3.240157 -0.057847 0.216398,
        3.240157 -0.043343 0.139248,
        3.240157 -0.042892 0.140312,
        3.240157 -0.051381 0.121641,
        3.240157 -0.048759 0.126449,
        3.240157 -0.070046 0.105326,
        3.240157 -0.070046 0.117225,
        3.240157 -0.067310 0.116328,
        3.240157 -0.062459 0.115696,
        3.240157 -0.051393 0.106619,
        3.240157 -0.056020 0.104856,
        3.240157 -0.061422 0.104235,
        3.240157 -0.064374 0.104341,
        3.240157 -0.059224 0.116062,
        3.240157 -0.056298 0.117166,
        3.240157 -0.034214 0.128632,
        3.240157 -0.040267 0.116843,
        3.240157 -0.045161 0.110966,
        3.240157 -0.046072 0.110130,
        3.240157 -0.050743 0.106866,
        3.240157 0.092385 0.140148,
        3.240157 0.092385 0.246908,
        3.240157 0.139771 0.142327,
        3.240157 0.121750 0.140148,
        3.240157 0.163204 0.232772,
        3.240157 0.167019 0.229034,
        3.240157 0.173615 0.219711,
        3.240157 0.177549 0.209514,
        3.240157 0.122841 0.246908,
        3.240157 0.139143 0.245108,
        3.240157 0.152028 0.240401,
        3.240157 0.170138 0.163056,
        3.240157 0.163204 0.155104,
        3.240157 0.151962 0.147060,
        3.240157 0.179305 0.194893,
        3.240157 0.178755 0.186066,
        3.240157 0.175795 0.173878,
        3.244095 -0.131258 0.156632,
        3.244095 -0.126392 0.153589,
        3.244095 -0.109262 0.149263,
        3.244095 -0.118025 0.150337,
        3.244095 -0.131258 0.142823,
        3.244095 -0.122541 0.139678,
        3.244095 -0.110572 0.138347,
        3.244095 -0.099867 0.139447,
        3.244095 -0.092500 0.141971,
        3.244095 -0.088357 0.144406,
        3.244095 -0.084532 0.147752,
        3.244095 -0.082039 0.151279,
        3.244095 -0.080397 0.155516,
        3.244095 -0.079761 0.160889,
        3.244095 -0.080314 0.165871,
        3.244095 -0.081741 0.169814,
        3.244095 -0.084237 0.173497,
        3.244095 -0.087425 0.176342,
        3.244095 -0.096306 0.181281,
        3.244095 -0.101484 0.183376,
        3.244095 -0.109760 0.186979,
        3.244095 -0.114474 0.189926,
        3.244095 -0.115779 0.191361,
        3.244095 -0.116742 0.193165,
        3.244095 -0.117272 0.195243,
        3.244095 -0.117394 0.197021,
        3.244095 -0.117152 0.199154,
        3.244095 -0.116492 0.200959,
        3.244095 -0.115346 0.202661,
        3.244095 -0.113328 0.204444,
        3.244095 -0.110330 0.206039,
        3.244095 -0.106752 0.206986,
        3.244095 -0.102794 0.207283,
        3.244095 -0.093691 0.206207,
        3.244095 -0.086097 0.203327,
        3.244095 -0.083418 0.201770,
        3.244095 -0.083418 0.214760,
        3.244095 -0.092670 0.217413,
        3.244095 -0.101484 0.218144,
        3.244095 -0.111412 0.217052,
        3.244095 -0.118726 0.214412,
        3.244095 -0.122607 0.212086,
        3.244095 -0.126571 0.208522,
        3.244095 -0.129056 0.204907,
        3.244095 -0.130648 0.200602,
        3.244095 -0.131176 0.195821,
        3.244095 -0.130601 0.190629,
        3.244095 -0.129126 0.186545,
        3.244095 -0.127383 0.183758,
        3.244095 -0.110927 0.173661,
        3.244095 -0.118897 0.177315,
        3.244095 -0.125195 0.181470,
        3.244095 -0.102146 0.169983,
        3.244095 -0.096927 0.166839,
        3.244095 -0.095261 0.165104,
        3.244095 -0.094227 0.163331,
        3.244095 -0.093619 0.161243,
        3.244095 -0.093488 0.159579,
        3.244095 -0.093765 0.157028,
        3.244095 -0.094445 0.155126,
        3.244095 -0.095612 0.153400,
        3.244095 -0.097146 0.152038,
        3.244095 -0.098366 0.151298,
        3.244095 -0.101817 0.150035,
        3.244095 -0.108671 0.149267,
        3.244095 -0.013473 0.216398,
        3.244095 0.000390 0.216398,
        3.244095 -0.034296 0.158979,
        3.244095 -0.035319 0.155424,
        3.244095 -0.035933 0.152811,
        3.244095 -0.036288 0.152811,
        3.244095 -0.037925 0.159088,
        3.244095 -0.057847 0.216398,
        3.244095 -0.072802 0.216398,
        3.244095 -0.042892 0.140312,
        3.244095 -0.048759 0.126449,
        3.244095 -0.053872 0.118853,
        3.244095 -0.051381 0.121641,
        3.244095 -0.056298 0.117166,
        3.244095 -0.059224 0.116062,
        3.244095 -0.062459 0.115696,
        3.244095 -0.067310 0.116328,
        3.244095 -0.070046 0.117225,
        3.244095 -0.070046 0.105326,
        3.244095 -0.064374 0.104341,
        3.244095 -0.061422 0.104235,
        3.244095 -0.056020 0.104856,
        3.244095 -0.050743 0.106866,
        3.244095 -0.046072 0.110130,
        3.244095 -0.045161 0.110966,
        3.244095 -0.040267 0.116843,
        3.244095 -0.034214 0.128632,
        3.244095 0.072218 0.152320,
        3.244095 0.072218 0.140148,
        3.244095 0.028581 0.152320,
        3.244095 0.028581 0.188234,
        3.244095 0.066760 0.188234,
        3.244095 0.066760 0.200460,
        3.244095 0.028581 0.200460,
        3.244095 0.028581 0.234628,
        3.244095 0.069789 0.234628,
        3.244095 0.069789 0.246908,
        3.244095 0.014800 0.246908,
        3.244095 0.014800 0.140148,
        3.244095 0.158770 0.170130,
        3.244095 0.153407 0.163454,
        3.244095 0.163204 0.155104,
        3.244095 0.152088 0.162228,
        3.244095 0.151962 0.147060,
        3.244095 0.145184 0.157459,
        3.244095 0.139771 0.142327,
        3.244095 0.136337 0.154055,
        3.244095 0.121750 0.140148,
        3.244095 0.121668 0.152320,
        3.244095 0.092385 0.140148,
        3.244095 0.106167 0.152320,
        3.244095 0.092385 0.246908,
        3.244095 0.106167 0.234628,
        3.244095 0.122841 0.246908,
        3.244095 0.122296 0.234628,
        3.244095 0.139143 0.245108,
        3.244095 0.136430 0.233015,
        3.244095 0.152028 0.240401,
        3.244095 0.145623 0.229607,
        3.244095 0.163204 0.232772,
        3.244095 0.153106 0.224585,
        3.244095 0.167019 0.229034,
        3.244095 0.157057 0.220493,
        3.244095 0.173615 0.219711,
        3.244095 0.160954 0.214202,
        3.244095 0.177549 0.209514,
        3.244095 0.163710 0.205852,
        3.244095 0.179305 0.194893,
        3.244095 0.164814 0.194511,
        3.244095 0.178755 0.186066,
        3.244095 0.164476 0.187890,
        3.244095 0.175795 0.173878,
        3.244095 0.162426 0.178077,
        3.244095 0.170138 0.163056,
        3.240157 0.122296 0.234628,
        3.240157 0.106167 0.234628,
        3.240157 0.106167 0.152320,
        3.240157 0.121668 0.152320,
        3.240157 0.153407 0.163454,
        3.240157 0.152088 0.162228,
        3.240157 0.145184 0.157459,
        3.240157 0.136337 0.154055,
        3.240157 0.164814 0.194511,
        3.240157 0.164476 0.187890,
        3.240157 0.162426 0.178077,
        3.240157 0.158770 0.170130,
        3.240157 0.153106 0.224585,
        3.240157 0.157057 0.220493,
        3.240157 0.160954 0.214202,
        3.240157 0.163710 0.205852,
        3.240157 0.136430 0.233015,
        3.240157 0.145623 0.229607,
      ]
    }
    coordIndex [
      23, 139, 140, -1,
      141, 76, 73, -1,
      141, 73, 142, -1,
      142, 73, 27, -1,
      142, 27, 140, -1,
      140, 27, 26, -1,
      140, 26, 23, -1,
      143, 139, 24, -1,
      24, 139, 23, -1,
      143, 24, 144, -1,
      144, 24, 5, -1,
      36, 145, 35, -1,
      35, 145, 144, -1,
      35, 144, 4, -1,
      4, 144, 5, -1,
      36, 3, 145, -1,
      145, 3, 146, -1,
      3, 2, 146, -1,
      146, 2, 54, -1,
      146, 54, 147, -1,
      147, 54, 53, -1,
      147, 53, 148, -1,
      148, 53, 41, -1,
      148, 41, 149, -1,
      149, 41, 40, -1,
      149, 40, 150, -1,
      150, 40, 39, -1,
      150, 39, 151, -1,
      151, 39, 52, -1,
      151, 52, 152, -1,
      152, 52, 51, -1,
      152, 51, 153, -1,
      153, 51, 50, -1,
      153, 50, 154, -1,
      154, 50, 49, -1,
      154, 49, 155, -1,
      155, 49, 69, -1,
      155, 69, 156, -1,
      156, 69, 68, -1,
      156, 68, 157, -1,
      157, 68, 66, -1,
      157, 66, 158, -1,
      158, 66, 64, -1,
      158, 64, 159, -1,
      159, 64, 63, -1,
      159, 63, 160, -1,
      160, 63, 62, -1,
      160, 62, 161, -1,
      161, 62, 61, -1,
      161, 61, 162, -1,
      162, 61, 60, -1,
      162, 60, 163, -1,
      163, 60, 57, -1,
      163, 57, 164, -1,
      164, 57, 72, -1,
      164, 72, 165, -1,
      165, 72, 71, -1,
      165, 71, 166, -1,
      166, 71, 70, -1,
      166, 70, 167, -1,
      167, 70, 59, -1,
      167, 59, 168, -1,
      168, 59, 58, -1,
      168, 58, 169, -1,
      169, 58, 56, -1,
      169, 56, 170, -1,
      170, 56, 55, -1,
      170, 55, 171, -1,
      171, 55, 65, -1,
      171, 65, 172, -1,
      172, 65, 67, -1,
      172, 67, 173, -1,
      173, 67, 38, -1,
      173, 38, 174, -1,
      175, 174, 37, -1,
      37, 174, 38, -1,
      175, 37, 48, -1,
      175, 48, 176, -1,
      176, 48, 47, -1,
      176, 47, 177, -1,
      177, 47, 46, -1,
      177, 46, 178, -1,
      178, 46, 45, -1,
      178, 45, 179, -1,
      179, 45, 44, -1,
      179, 44, 180, -1,
      44, 43, 180, -1,
      180, 43, 181, -1,
      43, 42, 181, -1,
      181, 42, 25, -1,
      181, 25, 182, -1,
      182, 25, 29, -1,
      182, 29, 183, -1,
      183, 29, 31, -1,
      183, 31, 184, -1,
      184, 31, 30, -1,
      184, 30, 185, -1,
      185, 30, 34, -1,
      185, 34, 186, -1,
      186, 34, 33, -1,
      186, 33, 187, -1,
      74, 188, 189, -1,
      187, 33, 32, -1,
      187, 32, 190, -1,
      190, 32, 28, -1,
      190, 28, 189, -1,
      189, 28, 75, -1,
      189, 75, 74, -1,
      188, 74, 78, -1,
      188, 78, 191, -1,
      191, 78, 89, -1,
      191, 89, 192, -1,
      192, 89, 88, -1,
      192, 88, 193, -1,
      193, 88, 87, -1,
      193, 87, 194, -1,
      194, 87, 81, -1,
      194, 81, 195, -1,
      195, 81, 80, -1,
      195, 80, 196, -1,
      196, 80, 86, -1,
      196, 86, 197, -1,
      197, 86, 85, -1,
      197, 85, 198, -1,
      198, 85, 84, -1,
      198, 84, 199, -1,
      199, 84, 83, -1,
      199, 83, 200, -1,
      200, 83, 82, -1,
      200, 82, 201, -1,
      201, 82, 79, -1,
      201, 79, 202, -1,
      202, 79, 77, -1,
      202, 77, 203, -1,
      203, 77, 76, -1,
      203, 76, 141, -1,
      167, 168, 179, -1,
      179, 168, 178, -1,
      191, 158, 188, -1,
      188, 158, 159, -1,
      147, 148, 199, -1,
      199, 148, 149, -1,
      199, 149, 198, -1,
      198, 149, 150, -1,
      198, 150, 197, -1,
      197, 150, 151, -1,
      197, 151, 196, -1,
      196, 151, 152, -1,
      196, 152, 195, -1,
      195, 152, 153, -1,
      195, 153, 194, -1,
      194, 153, 154, -1,
      194, 154, 193, -1,
      193, 154, 155, -1,
      193, 155, 192, -1,
      192, 155, 156, -1,
      192, 156, 191, -1,
      191, 156, 157, -1,
      191, 157, 158, -1,
      145, 141, 144, -1,
      144, 141, 142, -1,
      144, 142, 143, -1,
      143, 142, 140, -1,
      143, 140, 139, -1,
      168, 169, 178, -1,
      178, 169, 170, -1,
      178, 170, 177, -1,
      177, 170, 171, -1,
      177, 171, 176, -1,
      176, 171, 172, -1,
      176, 172, 175, -1,
      175, 172, 173, -1,
      175, 173, 174, -1,
      199, 200, 147, -1,
      147, 200, 201, -1,
      147, 201, 146, -1,
      146, 201, 202, -1,
      146, 202, 145, -1,
      145, 202, 203, -1,
      145, 203, 141, -1,
      179, 180, 167, -1,
      167, 180, 181, -1,
      167, 181, 166, -1,
      166, 181, 182, -1,
      166, 182, 165, -1,
      165, 182, 183, -1,
      165, 183, 164, -1,
      164, 183, 184, -1,
      164, 184, 163, -1,
      163, 184, 185, -1,
      163, 185, 162, -1,
      162, 185, 186, -1,
      162, 186, 161, -1,
      161, 186, 187, -1,
      161, 187, 160, -1,
      160, 187, 190, -1,
      160, 190, 159, -1,
      159, 190, 189, -1,
      159, 189, 188, -1,
      204, 205, 90, -1,
      90, 205, 91, -1,
      206, 204, 98, -1,
      98, 204, 90, -1,
      206, 98, 99, -1,
      206, 99, 207, -1,
      207, 99, 96, -1,
      207, 96, 208, -1,
      209, 208, 95, -1,
      95, 208, 96, -1,
      210, 209, 94, -1,
      94, 209, 95, -1,
      102, 211, 97, -1,
      97, 211, 210, -1,
      97, 210, 94, -1,
      212, 211, 101, -1,
      101, 211, 102, -1,
      104, 213, 100, -1,
      100, 213, 212, -1,
      100, 212, 101, -1,
      106, 214, 103, -1,
      103, 214, 213, -1,
      103, 213, 104, -1,
      214, 106, 105, -1,
      1, 215, 105, -1,
      105, 215, 216, -1,
      105, 216, 214, -1,
      1, 0, 215, -1,
      215, 0, 116, -1,
      215, 116, 217, -1,
      217, 116, 115, -1,
      217, 115, 218, -1,
      218, 115, 110, -1,
      218, 110, 219, -1,
      219, 110, 109, -1,
      219, 109, 220, -1,
      220, 109, 108, -1,
      220, 108, 221, -1,
      222, 221, 107, -1,
      107, 221, 108, -1,
      222, 107, 114, -1,
      222, 114, 223, -1,
      223, 114, 113, -1,
      223, 113, 224, -1,
      224, 113, 112, -1,
      224, 112, 225, -1,
      225, 112, 111, -1,
      225, 111, 226, -1,
      111, 121, 226, -1,
      226, 121, 120, -1,
      226, 120, 227, -1,
      227, 120, 119, -1,
      227, 119, 228, -1,
      228, 119, 118, -1,
      228, 118, 229, -1,
      229, 118, 117, -1,
      229, 117, 230, -1,
      91, 205, 93, -1,
      93, 205, 230, -1,
      93, 230, 117, -1,
      207, 208, 230, -1,
      205, 204, 230, -1,
      230, 204, 206, -1,
      230, 206, 207, -1,
      211, 212, 210, -1,
      210, 212, 213, -1,
      210, 213, 209, -1,
      221, 222, 220, -1,
      220, 222, 223, -1,
      220, 223, 219, -1,
      219, 223, 224, -1,
      219, 224, 218, -1,
      218, 224, 225, -1,
      218, 225, 217, -1,
      217, 225, 226, -1,
      217, 226, 215, -1,
      229, 216, 228, -1,
      228, 216, 215, -1,
      228, 215, 227, -1,
      227, 215, 226, -1,
      208, 209, 230, -1,
      230, 209, 213, -1,
      230, 213, 229, -1,
      229, 213, 214, -1,
      229, 214, 216, -1,
      231, 232, 14, -1,
      14, 232, 13, -1,
      7, 233, 8, -1,
      8, 233, 231, -1,
      8, 231, 14, -1,
      234, 233, 6, -1,
      6, 233, 7, -1,
      10, 235, 15, -1,
      15, 235, 234, -1,
      15, 234, 6, -1,
      236, 235, 9, -1,
      9, 235, 10, -1,
      19, 237, 17, -1,
      17, 237, 236, -1,
      17, 236, 9, -1,
      238, 237, 18, -1,
      18, 237, 19, -1,
      12, 239, 16, -1,
      16, 239, 238, -1,
      16, 238, 18, -1,
      240, 239, 11, -1,
      11, 239, 12, -1,
      22, 241, 92, -1,
      92, 241, 240, -1,
      92, 240, 11, -1,
      242, 241, 21, -1,
      21, 241, 22, -1,
      13, 232, 20, -1,
      20, 232, 242, -1,
      20, 242, 21, -1,
      242, 232, 231, -1,
      231, 233, 242, -1,
      242, 233, 234, -1,
      242, 234, 241, -1,
      239, 240, 238, -1,
      238, 240, 241, -1,
      238, 241, 237, -1,
      237, 241, 234, -1,
      237, 234, 236, -1,
      236, 234, 235, -1,
      243, 244, 245, -1,
      245, 244, 246, -1,
      245, 246, 247, -1,
      247, 246, 248, -1,
      247, 248, 249, -1,
      249, 248, 250, -1,
      249, 250, 251, -1,
      251, 250, 252, -1,
      251, 252, 253, -1,
      253, 252, 254, -1,
      253, 254, 255, -1,
      255, 254, 256, -1,
      255, 256, 257, -1,
      257, 256, 258, -1,
      257, 258, 259, -1,
      259, 258, 260, -1,
      259, 260, 261, -1,
      261, 260, 262, -1,
      261, 262, 263, -1,
      263, 262, 264, -1,
      263, 264, 265, -1,
      265, 264, 266, -1,
      265, 266, 267, -1,
      267, 266, 268, -1,
      267, 268, 269, -1,
      269, 268, 270, -1,
      269, 270, 271, -1,
      271, 270, 272, -1,
      271, 272, 273, -1,
      273, 272, 274, -1,
      273, 274, 275, -1,
      275, 274, 276, -1,
      275, 276, 277, -1,
      277, 276, 243, -1,
      277, 243, 245, -1,
      251, 253, 125, -1,
      125, 253, 122, -1,
      251, 125, 124, -1,
      251, 124, 249, -1,
      249, 124, 135, -1,
      249, 135, 247, -1,
      247, 135, 134, -1,
      247, 134, 245, -1,
      245, 134, 133, -1,
      245, 133, 277, -1,
      277, 133, 138, -1,
      277, 138, 275, -1,
      275, 138, 137, -1,
      275, 137, 273, -1,
      273, 137, 136, -1,
      273, 136, 271, -1,
      271, 136, 129, -1,
      271, 129, 269, -1,
      269, 129, 128, -1,
      269, 128, 267, -1,
      267, 128, 127, -1,
      267, 127, 265, -1,
      265, 127, 126, -1,
      265, 126, 263, -1,
      263, 126, 132, -1,
      263, 132, 261, -1,
      261, 132, 131, -1,
      261, 131, 259, -1,
      259, 131, 130, -1,
      259, 130, 257, -1,
      255, 257, 123, -1,
      123, 257, 130, -1,
      253, 255, 122, -1,
      122, 255, 123, -1,
      258, 256, 278, -1,
      278, 256, 279, -1,
      256, 254, 279, -1,
      279, 254, 280, -1,
      254, 252, 280, -1,
      280, 252, 281, -1,
      244, 282, 283, -1,
      244, 283, 246, -1,
      246, 283, 284, -1,
      246, 284, 248, -1,
      248, 284, 285, -1,
      248, 285, 250, -1,
      250, 285, 281, -1,
      250, 281, 252, -1,
      272, 286, 287, -1,
      272, 287, 274, -1,
      274, 287, 288, -1,
      274, 288, 276, -1,
      276, 288, 289, -1,
      276, 289, 243, -1,
      243, 289, 282, -1,
      243, 282, 244, -1,
      264, 290, 291, -1,
      264, 291, 266, -1,
      266, 291, 292, -1,
      266, 292, 268, -1,
      268, 292, 293, -1,
      268, 293, 270, -1,
      270, 293, 286, -1,
      270, 286, 272, -1,
      258, 278, 294, -1,
      258, 294, 260, -1,
      260, 294, 295, -1,
      260, 295, 262, -1,
      262, 295, 290, -1,
      262, 290, 264, -1,
    ]
  }
}

Shape {
  appearance Appearance {
    material Material {
      diffuseColor 0.2510 0.2510 0.2510
      specularColor 0.1255 0.1255 0.1255
      ambientIntensity 0.2
      transparency 0.0000
      shininess 0.5
    }
  }
  geometry IndexedFaceSet {
    ccw TRUE
    solid FALSE
    coord DEF co Coordinate {
      point [
        3.240157 0.122296 0.234628,
        3.240157 0.106167 0.234628,
        3.240157 0.106167 0.152320,
        3.240157 0.121668 0.152320,
        3.240157 0.153407 0.163454,
        3.240157 0.152088 0.162228,
        3.240157 0.145184 0.157459,
        3.240157 0.136337 0.154055,
        3.240157 0.164814 0.194511,
        3.240157 0.164476 0.187890,
        3.240157 0.162426 0.178077,
        3.240157 0.158770 0.170130,
        3.240157 0.153106 0.224585,
        3.240157 0.157057 0.220493,
        3.240157 0.160954 0.214202,
        3.240157 0.163710 0.205852,
        3.240157 0.136430 0.233015,
        3.240157 0.145623 0.229607,
      ]
    }
    coordIndex [
      1, 2, 0, -1,
      0, 2, 3, -1,
      3, 7, 0, -1,
      0, 7, 6, -1,
      0, 6, 5, -1,
      8, 12, 17, -1,
      5, 4, 0, -1,
      0, 4, 11, -1,
      0, 11, 10, -1,
      12, 8, 13, -1,
      13, 8, 15, -1,
      13, 15, 14, -1,
      10, 9, 0, -1,
      0, 9, 8, -1,
      0, 8, 16, -1,
      16, 8, 17, -1,
    ]
  }
}

Shape {
  appearance Appearance {
    material Material {
      diffuseColor 1.0000 1.0000 1.0000
      specularColor 0.5020 0.5020 0.5020
      ambientIntensity 0.2
      transparency 0.0000
      shininess 0.5
    }
  }
  geometry IndexedFaceSet {
    ccw TRUE
    solid FALSE
    coord DEF co Coordinate {
      point [
        3.240157 0.266061 0.140148,
        3.240157 0.255172 0.169349,
        3.240157 0.210716 0.169349,
        3.240157 0.185227 0.140148,
        3.240157 0.225889 0.246908,
        3.240157 0.240626 0.246908,
        3.240157 0.200455 0.140148,
        3.240157 0.281289 0.140148,
        3.244095 0.215083 0.181411,
        3.244095 0.210716 0.169349,
        3.244095 0.250915 0.181411,
        3.244095 0.255172 0.169349,
        3.244095 0.231047 0.225785,
        3.244095 0.225889 0.246908,
        3.244095 0.185227 0.140148,
        3.244095 0.200455 0.140148,
        3.244095 0.231972 0.228972,
        3.244095 0.232794 0.233263,
        3.244095 0.240626 0.246908,
        3.244095 0.233121 0.233263,
        3.244095 0.233984 0.228746,
        3.244095 0.234786 0.225785,
        3.244095 0.281289 0.140148,
        3.244095 0.266061 0.140148,
        3.240157 0.215083 0.181411,
        3.240157 0.250915 0.181411,
        3.240157 0.234786 0.225785,
        3.240157 0.233121 0.233263,
        3.240157 0.233984 0.228746,
        3.240157 0.232794 0.233263,
        3.240157 0.231047 0.225785,
        3.240157 0.231972 0.228972,
      ]
    }
    coordIndex [
      8, 9, 10, -1,
      10, 9, 11, -1,
      12, 13, 8, -1,
      8, 13, 14, -1,
      8, 14, 9, -1,
      9, 14, 15, -1,
      12, 16, 13, -1,
      13, 16, 17, -1,
      13, 17, 18, -1,
      18, 17, 19, -1,
      18, 19, 20, -1,
      20, 21, 18, -1,
      18, 21, 10, -1,
      18, 10, 22, -1,
      22, 10, 11, -1,
      22, 11, 23, -1,
      18, 22, 5, -1,
      5, 22, 7, -1,
      13, 18, 4, -1,
      4, 18, 5, -1,
      14, 13, 3, -1,
      3, 13, 4, -1,
      15, 14, 6, -1,
      6, 14, 3, -1,
      9, 15, 2, -1,
      2, 15, 6, -1,
      11, 9, 1, -1,
      1, 9, 2, -1,
      23, 11, 0, -1,
      0, 11, 1, -1,
      22, 23, 7, -1,
      7, 23, 0, -1,
      8, 10, 24, -1,
      24, 10, 25, -1,
      10, 21, 25, -1,
      25, 21, 26, -1,
      19, 27, 28, -1,
      19, 28, 20, -1,
      20, 28, 26, -1,
      20, 26, 21, -1,
      19, 17, 27, -1,
      27, 17, 29, -1,
      12, 30, 31, -1,
      12, 31, 16, -1,
      16, 31, 29, -1,
      16, 29, 17, -1,
      12, 8, 30, -1,
      30, 8, 24, -1,
    ]
  }
}

Shape {
  appearance Appearance {
    material Material {
      diffuseColor 0.2510 0.2510 0.2510
      specularColor 0.1255 0.1255 0.1255
      ambientIntensity 0.2
      transparency 0.0000
      shininess 0.5
    }
  }
  geometry IndexedFaceSet {
    ccw TRUE
    solid FALSE
    coord DEF co Coordinate {
      point [
        3.240157 0.215083 0.181411,
        3.240157 0.250915 0.181411,
        3.240157 0.234786 0.225785,
        3.240157 0.233121 0.233263,
        3.240157 0.233984 0.228746,
        3.240157 0.232794 0.233263,
        3.240157 0.231047 0.225785,
        3.240157 0.231972 0.228972,
      ]
    }
    coordIndex [
      3, 5, 4, -1,
      4, 5, 7, -1,
      4, 7, 2, -1,
      2, 7, 6, -1,
      2, 6, 1, -1,
      1, 6, 0, -1,
    ]
  }
}

Shape {
  appearance Appearance {
    material Material {
      diffuseColor 1.0000 1.0000 1.0000
      specularColor 0.5020 0.5020 0.5020
      ambientIntensity 0.2
      transparency 0.0000
      shininess 0.5
    }
  }
  geometry IndexedFaceSet {
    ccw TRUE
    solid FALSE
    coord DEF co Coordinate {
      point [
        3.240157 -0.417140 0.333025,
        3.240157 -0.396550 0.315614,
        3.240157 -0.501611 0.417172,
        3.240157 -0.484431 0.405445,
        3.240157 -0.459195 0.376209,
        3.240157 -0.443443 0.345480,
        3.240157 -0.439729 0.344232,
        3.240157 -0.675725 0.417172,
        3.240157 -0.659298 0.427276,
        3.240157 -0.624233 0.440533,
        3.240157 -0.587662 0.444916,
        3.240157 -0.554131 0.441136,
        3.240157 -0.759510 0.379738,
        3.240157 -0.729604 0.383433,
        3.240157 -0.841791 0.308611,
        3.240157 -0.835147 0.323600,
        3.240157 -0.816894 0.346998,
        3.240157 -0.678748 0.415313,
        3.240157 -0.696585 0.400037,
        3.240157 -0.720875 0.382958,
        3.240157 -0.712146 0.381915,
        3.240157 -0.811771 0.351848,
        3.240157 -0.787628 0.368820,
        3.240157 -0.759966 0.141296,
        3.240157 -0.769566 0.144169,
        3.240157 -0.796999 0.157531,
        3.240157 -0.820690 0.177731,
        3.240157 -0.838019 0.202470,
        3.240157 -0.848895 0.230728,
        3.240157 -0.852570 0.260467,
        3.240157 -0.852356 0.267745,
        3.240157 -0.850647 0.277309,
        3.240157 -0.847259 0.296272,
        3.240157 -0.726196 0.099876,
        3.240157 -0.741048 0.111063,
        3.240157 -0.752342 0.124991,
        3.240157 -0.759008 0.139248,
        3.240157 -0.656433 0.096958,
        3.240157 -0.669466 0.091948,
        3.240157 -0.687856 0.089681,
        3.240157 -0.690757 0.089735,
        3.240157 -0.708680 0.092524,
        3.240157 -0.719244 0.096958,
        3.240157 -0.616739 0.139248,
        3.240157 -0.616821 0.138903,
        3.240157 -0.625811 0.121993,
        3.240157 -0.637422 0.108980,
        3.240157 -0.652539 0.098455,
        3.240157 -0.371773 0.270840,
        3.240157 -0.368297 0.246045,
        3.240157 -0.519811 0.184027,
        3.240157 -0.514603 0.186085,
        3.240157 -0.505685 0.229346,
        3.240157 -0.396381 0.173935,
        3.240157 -0.417030 0.156456,
        3.240157 -0.630928 0.216442,
        3.240157 -0.529215 0.269576,
        3.240157 -0.644206 0.228530,
        3.240157 -0.660315 0.237159,
        3.240157 -0.524479 0.180719,
        3.240157 -0.381310 0.194933,
        3.240157 -0.415735 0.251987,
        3.240157 -0.419313 0.266563,
        3.240157 -0.425117 0.277309,
        3.240157 -0.802860 0.277309,
        3.240157 -0.371777 0.218965,
        3.240157 -0.508721 0.186839,
        3.240157 -0.507982 0.186786,
        3.240157 -0.505705 0.186281,
        3.240157 -0.798380 0.231667,
        3.240157 -0.789366 0.216335,
        3.240157 -0.750827 0.208456,
        3.240157 -0.775760 0.202351,
        3.240157 -0.759207 0.192153,
        3.240157 -0.722763 0.233594,
        3.240157 -0.738281 0.222808,
        3.240157 -0.804750 0.261985,
        3.240157 -0.803834 0.250238,
        3.240157 -0.705998 0.240012,
        3.240157 -0.687856 0.242250,
        3.240157 -0.678639 0.241704,
        3.240157 -0.532251 0.163309,
        3.240157 -0.532059 0.166304,
        3.240157 -0.611951 0.173176,
        3.240157 -0.530534 0.172081,
        3.240157 -0.527615 0.177260,
        3.240157 -0.430773 0.205130,
        3.240157 -0.422419 0.216967,
        3.240157 -0.417184 0.230493,
        3.240157 -0.415358 0.245286,
        3.240157 -0.514515 0.140467,
        3.240157 -0.519536 0.142444,
        3.240157 -0.524459 0.145944,
        3.240157 -0.526223 0.147740,
        3.240157 -0.529531 0.152508,
        3.240157 -0.531531 0.157655,
        3.240157 -0.612368 0.157637,
        3.240157 -0.611951 0.165586,
        3.240157 -0.440189 0.145121,
        3.240157 -0.465455 0.139778,
        3.240157 -0.510239 0.139778,
        3.240157 -0.504167 0.186080,
        3.240157 -0.470009 0.186080,
        3.240157 -0.456349 0.188702,
        3.240157 -0.442960 0.194915,
        3.240157 -0.431743 0.204087,
        3.240157 -0.480636 0.304492,
        3.240157 -0.795976 0.297303,
        3.240157 -0.802482 0.280375,
        3.240157 -0.474564 0.304492,
        3.240157 -0.426381 0.279651,
        3.240157 -0.435094 0.289376,
        3.240157 -0.446865 0.297601,
        3.240157 -0.460111 0.302707,
        3.240157 -0.497025 0.350134,
        3.240157 -0.514156 0.370579,
        3.240157 -0.688615 0.326504,
        3.240157 -0.516022 0.372278,
        3.240157 -0.537347 0.387081,
        3.240157 -0.677015 0.350522,
        3.240157 -0.788102 0.308611,
        3.240157 -0.693970 0.329435,
        3.240157 -0.481543 0.308611,
        3.240157 -0.485300 0.325683,
        3.240157 -0.710988 0.335670,
        3.240157 -0.728845 0.337890,
        3.240157 -0.736793 0.337474,
        3.240157 -0.659988 0.370859,
        3.240157 -0.561148 0.396205,
        3.240157 -0.639652 0.385719,
        3.240157 -0.586903 0.399373,
        3.240157 -0.614856 0.395771,
        3.240157 -0.755528 0.333020,
        3.240157 -0.772438 0.324030,
        3.240157 -0.785451 0.312419,
        3.240157 -0.391525 0.308611,
        3.240157 -0.381055 0.294021,
        3.240157 -0.374363 0.277309,
        3.240157 -0.516243 0.427159,
        3.244095 -0.772438 0.324030,
        3.244095 -0.755528 0.333020,
        3.244095 -0.759510 0.379738,
        3.244095 -0.625811 0.121993,
        3.244095 -0.616821 0.138903,
        3.244095 -0.612368 0.157637,
        3.244095 -0.712146 0.381915,
        3.244095 -0.688615 0.326504,
        3.244095 -0.677015 0.350522,
        3.244095 -0.716735 0.155530,
        3.244095 -0.718140 0.162648,
        3.244095 -0.759207 0.192153,
        3.244095 -0.759966 0.141296,
        3.244095 -0.769566 0.144169,
        3.244095 -0.775760 0.202351,
        3.244095 -0.729604 0.383433,
        3.244095 -0.505685 0.229346,
        3.244095 -0.529215 0.269576,
        3.244095 -0.611951 0.173176,
        3.244095 -0.630928 0.216442,
        3.244095 -0.611951 0.165586,
        3.244095 -0.652539 0.098455,
        3.244095 -0.637422 0.108980,
        3.244095 -0.713730 0.149150,
        3.244095 -0.741048 0.111063,
        3.244095 -0.752342 0.124991,
        3.244095 -0.480636 0.304492,
        3.244095 -0.474564 0.304492,
        3.244095 -0.443443 0.345480,
        3.244095 -0.460111 0.302707,
        3.244095 -0.439729 0.344232,
        3.244095 -0.446865 0.297601,
        3.244095 -0.417140 0.333025,
        3.244095 -0.396550 0.315614,
        3.244095 -0.696585 0.400037,
        3.244095 -0.659988 0.370859,
        3.244095 -0.678748 0.415313,
        3.244095 -0.639652 0.385719,
        3.244095 -0.659298 0.427276,
        3.244095 -0.736793 0.337474,
        3.244095 -0.728845 0.337890,
        3.244095 -0.720875 0.382958,
        3.244095 -0.710988 0.335670,
        3.244095 -0.693970 0.329435,
        3.244095 -0.664552 0.147620,
        3.244095 -0.668672 0.142966,
        3.244095 -0.674438 0.138831,
        3.244095 -0.669466 0.091948,
        3.244095 -0.681012 0.136204,
        3.244095 -0.687856 0.089681,
        3.244095 -0.688615 0.135224,
        3.244095 -0.690757 0.089735,
        3.244095 -0.689909 0.135252,
        3.244095 -0.708680 0.092524,
        3.244095 -0.696723 0.136363,
        3.244095 -0.726196 0.099876,
        3.244095 -0.703584 0.139310,
        3.244095 -0.709394 0.143763,
        3.244095 -0.660954 0.175408,
        3.244095 -0.659220 0.168370,
        3.244095 -0.659209 0.161425,
        3.244095 -0.661022 0.154140,
        3.244095 -0.396381 0.173935,
        3.244095 -0.431743 0.204087,
        3.244095 -0.417030 0.156456,
        3.244095 -0.442960 0.194915,
        3.244095 -0.440189 0.145121,
        3.244095 -0.456349 0.188702,
        3.244095 -0.465455 0.139778,
        3.244095 -0.470009 0.186080,
        3.244095 -0.510239 0.139778,
        3.244095 -0.504167 0.186080,
        3.244095 -0.514515 0.140467,
        3.244095 -0.717763 0.170046,
        3.244095 -0.715526 0.177190,
        3.244095 -0.750827 0.208456,
        3.244095 -0.711602 0.183469,
        3.244095 -0.738281 0.222808,
        3.244095 -0.708602 0.186641,
        3.244095 -0.722763 0.233594,
        3.244095 -0.702667 0.190861,
        3.244095 -0.705998 0.240012,
        3.244095 -0.696039 0.193478,
        3.244095 -0.687856 0.242250,
        3.244095 -0.688615 0.194430,
        3.244095 -0.678639 0.241704,
        3.244095 -0.682296 0.193743,
        3.244095 -0.660315 0.237159,
        3.244095 -0.675247 0.191220,
        3.244095 -0.644206 0.228530,
        3.244095 -0.669141 0.187098,
        3.244095 -0.664250 0.181640,
        3.244095 -0.435094 0.289376,
        3.244095 -0.426381 0.279651,
        3.244095 -0.381055 0.294021,
        3.244095 -0.419313 0.266563,
        3.244095 -0.371773 0.270840,
        3.244095 -0.415735 0.251987,
        3.244095 -0.368297 0.246045,
        3.244095 -0.415358 0.245286,
        3.244095 -0.371777 0.218965,
        3.244095 -0.417184 0.230493,
        3.244095 -0.381310 0.194933,
        3.244095 -0.422419 0.216967,
        3.244095 -0.430773 0.205130,
        3.244095 -0.484431 0.405445,
        3.244095 -0.514156 0.370579,
        3.244095 -0.459195 0.376209,
        3.244095 -0.497025 0.350134,
        3.244095 -0.485300 0.325683,
        3.244095 -0.802482 0.280375,
        3.244095 -0.852356 0.267745,
        3.244095 -0.804750 0.261985,
        3.244095 -0.852570 0.260467,
        3.244095 -0.803834 0.250238,
        3.244095 -0.848895 0.230728,
        3.244095 -0.798380 0.231667,
        3.244095 -0.838019 0.202470,
        3.244095 -0.789366 0.216335,
        3.244095 -0.820690 0.177731,
        3.244095 -0.796999 0.157531,
        3.244095 -0.624233 0.440533,
        3.244095 -0.614856 0.395771,
        3.244095 -0.587662 0.444916,
        3.244095 -0.586903 0.399373,
        3.244095 -0.554131 0.441136,
        3.244095 -0.561148 0.396205,
        3.244095 -0.516243 0.427159,
        3.244095 -0.537347 0.387081,
        3.244095 -0.516022 0.372278,
        3.244095 -0.787628 0.368820,
        3.244095 -0.811771 0.351848,
        3.244095 -0.785451 0.312419,
        3.244095 -0.816894 0.346998,
        3.244095 -0.795976 0.297303,
        3.244095 -0.835147 0.323600,
        3.244095 -0.847259 0.296272,
        3.244095 -0.507982 0.186786,
        3.244095 -0.526223 0.147740,
        3.244095 -0.524459 0.145944,
        3.244095 -0.505705 0.186281,
        3.244095 -0.519536 0.142444,
        3.244095 -0.532251 0.163309,
        3.244095 -0.531531 0.157655,
        3.244095 -0.529531 0.152508,
        3.244095 -0.514603 0.186085,
        3.244095 -0.519811 0.184027,
        3.244095 -0.532059 0.166304,
        3.244095 -0.524479 0.180719,
        3.244095 -0.527615 0.177260,
        3.244095 -0.530534 0.172081,
        3.244095 -0.508721 0.186839,
        3.240157 -0.688615 0.194430,
        3.240157 -0.682296 0.193743,
        3.240157 -0.675247 0.191220,
        3.240157 -0.669141 0.187098,
        3.240157 -0.664250 0.181640,
        3.240157 -0.660954 0.175408,
        3.240157 -0.659220 0.168370,
        3.240157 -0.659209 0.161425,
        3.240157 -0.661022 0.154140,
        3.240157 -0.664552 0.147620,
        3.240157 -0.668672 0.142966,
        3.240157 -0.674438 0.138831,
        3.240157 -0.681012 0.136204,
        3.240157 -0.688615 0.135224,
        3.240157 -0.689909 0.135252,
        3.240157 -0.696723 0.136363,
        3.240157 -0.703584 0.139310,
        3.240157 -0.709394 0.143763,
        3.240157 -0.713730 0.149150,
        3.240157 -0.716735 0.155530,
        3.240157 -0.718140 0.162648,
        3.240157 -0.717763 0.170046,
        3.240157 -0.715526 0.177190,
        3.240157 -0.711602 0.183469,
        3.240157 -0.708602 0.186641,
        3.240157 -0.702667 0.190861,
        3.240157 -0.696039 0.193478,
      ]
    }
    coordIndex [
      139, 140, 141, -1,
      142, 143, 144, -1,
      145, 146, 147, -1,
      148, 149, 150, -1,
      151, 150, 152, -1,
      152, 150, 153, -1,
      141, 140, 154, -1,
      155, 156, 157, -1,
      157, 156, 158, -1,
      157, 158, 159, -1,
      159, 158, 160, -1,
      159, 160, 144, -1,
      144, 160, 161, -1,
      144, 161, 142, -1,
      162, 148, 163, -1,
      163, 148, 150, -1,
      163, 150, 164, -1,
      164, 150, 151, -1,
      165, 166, 167, -1,
      167, 166, 168, -1,
      167, 168, 169, -1,
      169, 168, 170, -1,
      169, 170, 171, -1,
      171, 170, 172, -1,
      145, 147, 173, -1,
      173, 147, 174, -1,
      173, 174, 175, -1,
      175, 174, 176, -1,
      175, 176, 177, -1,
      140, 178, 154, -1,
      154, 178, 179, -1,
      154, 179, 180, -1,
      180, 179, 181, -1,
      180, 181, 145, -1,
      145, 181, 182, -1,
      145, 182, 146, -1,
      183, 184, 160, -1,
      160, 184, 185, -1,
      160, 185, 186, -1,
      186, 185, 187, -1,
      186, 187, 188, -1,
      188, 187, 189, -1,
      188, 189, 190, -1,
      190, 189, 191, -1,
      190, 191, 192, -1,
      192, 191, 193, -1,
      192, 193, 194, -1,
      194, 193, 195, -1,
      194, 195, 163, -1,
      163, 195, 196, -1,
      163, 196, 162, -1,
      197, 198, 158, -1,
      158, 198, 199, -1,
      158, 199, 160, -1,
      160, 199, 200, -1,
      160, 200, 183, -1,
      201, 202, 203, -1,
      203, 202, 204, -1,
      203, 204, 205, -1,
      205, 204, 206, -1,
      205, 206, 207, -1,
      207, 206, 208, -1,
      207, 208, 209, -1,
      209, 208, 210, -1,
      209, 210, 211, -1,
      149, 212, 150, -1,
      150, 212, 213, -1,
      150, 213, 214, -1,
      214, 213, 215, -1,
      214, 215, 216, -1,
      216, 215, 217, -1,
      216, 217, 218, -1,
      218, 217, 219, -1,
      218, 219, 220, -1,
      220, 219, 221, -1,
      220, 221, 222, -1,
      222, 221, 223, -1,
      222, 223, 224, -1,
      224, 223, 225, -1,
      224, 225, 226, -1,
      226, 225, 227, -1,
      226, 227, 228, -1,
      228, 227, 229, -1,
      228, 229, 158, -1,
      158, 229, 230, -1,
      158, 230, 197, -1,
      170, 231, 172, -1,
      172, 231, 232, -1,
      172, 232, 233, -1,
      233, 232, 234, -1,
      233, 234, 235, -1,
      235, 234, 236, -1,
      235, 236, 237, -1,
      237, 236, 238, -1,
      237, 238, 239, -1,
      239, 238, 240, -1,
      239, 240, 241, -1,
      241, 240, 242, -1,
      241, 242, 201, -1,
      201, 242, 243, -1,
      201, 243, 202, -1,
      244, 245, 246, -1,
      246, 245, 247, -1,
      246, 247, 167, -1,
      167, 247, 248, -1,
      167, 248, 165, -1,
      249, 250, 251, -1,
      251, 250, 252, -1,
      251, 252, 253, -1,
      253, 252, 254, -1,
      253, 254, 255, -1,
      255, 254, 256, -1,
      255, 256, 257, -1,
      257, 256, 258, -1,
      257, 258, 153, -1,
      153, 258, 259, -1,
      153, 259, 152, -1,
      177, 176, 260, -1,
      260, 176, 261, -1,
      260, 261, 262, -1,
      262, 261, 263, -1,
      262, 263, 264, -1,
      264, 263, 265, -1,
      264, 265, 266, -1,
      266, 265, 267, -1,
      266, 267, 244, -1,
      244, 267, 268, -1,
      244, 268, 245, -1,
      141, 269, 139, -1,
      139, 269, 270, -1,
      139, 270, 271, -1,
      271, 270, 272, -1,
      271, 272, 273, -1,
      273, 272, 274, -1,
      273, 274, 249, -1,
      249, 274, 275, -1,
      249, 275, 250, -1,
      276, 277, 278, -1,
      210, 279, 211, -1,
      211, 279, 276, -1,
      211, 276, 280, -1,
      280, 276, 278, -1,
      281, 282, 276, -1,
      276, 282, 283, -1,
      276, 283, 277, -1,
      284, 285, 286, -1,
      285, 287, 286, -1,
      286, 287, 288, -1,
      286, 288, 289, -1,
      281, 276, 286, -1,
      286, 276, 290, -1,
      286, 290, 284, -1,
      135, 172, 136, -1,
      136, 172, 233, -1,
      136, 233, 137, -1,
      137, 233, 235, -1,
      137, 235, 48, -1,
      48, 235, 237, -1,
      48, 237, 49, -1,
      135, 1, 172, -1,
      172, 1, 0, -1,
      172, 0, 171, -1,
      171, 0, 6, -1,
      171, 6, 169, -1,
      169, 6, 5, -1,
      169, 5, 167, -1,
      167, 5, 4, -1,
      167, 4, 246, -1,
      246, 4, 3, -1,
      246, 3, 244, -1,
      266, 244, 2, -1,
      2, 244, 3, -1,
      2, 138, 266, -1,
      266, 138, 11, -1,
      266, 11, 264, -1,
      264, 11, 10, -1,
      264, 10, 262, -1,
      262, 10, 9, -1,
      262, 9, 260, -1,
      260, 9, 8, -1,
      260, 8, 177, -1,
      177, 8, 175, -1,
      175, 8, 7, -1,
      175, 7, 17, -1,
      175, 17, 18, -1,
      175, 18, 173, -1,
      173, 18, 20, -1,
      173, 20, 145, -1,
      145, 20, 19, -1,
      145, 19, 180, -1,
      180, 19, 13, -1,
      180, 13, 154, -1,
      154, 13, 12, -1,
      154, 12, 141, -1,
      141, 12, 22, -1,
      141, 22, 269, -1,
      269, 22, 21, -1,
      269, 21, 270, -1,
      270, 21, 16, -1,
      270, 16, 272, -1,
      31, 250, 32, -1,
      32, 250, 275, -1,
      32, 275, 14, -1,
      14, 275, 274, -1,
      14, 274, 15, -1,
      15, 274, 272, -1,
      15, 272, 16, -1,
      31, 30, 250, -1,
      250, 30, 29, -1,
      250, 29, 252, -1,
      252, 29, 28, -1,
      252, 28, 254, -1,
      254, 28, 27, -1,
      254, 27, 256, -1,
      256, 27, 26, -1,
      256, 26, 258, -1,
      258, 26, 25, -1,
      258, 25, 259, -1,
      259, 25, 24, -1,
      259, 24, 152, -1,
      152, 24, 23, -1,
      152, 23, 151, -1,
      151, 23, 36, -1,
      151, 36, 164, -1,
      36, 35, 164, -1,
      164, 35, 34, -1,
      164, 34, 163, -1,
      163, 34, 33, -1,
      163, 33, 194, -1,
      194, 33, 42, -1,
      194, 42, 192, -1,
      42, 41, 192, -1,
      192, 41, 40, -1,
      192, 40, 190, -1,
      190, 40, 39, -1,
      190, 39, 188, -1,
      97, 159, 144, -1,
      188, 39, 38, -1,
      37, 160, 38, -1,
      38, 160, 186, -1,
      38, 186, 188, -1,
      37, 47, 160, -1,
      160, 47, 46, -1,
      160, 46, 161, -1,
      161, 46, 45, -1,
      161, 45, 142, -1,
      142, 45, 44, -1,
      142, 44, 143, -1,
      143, 44, 43, -1,
      143, 43, 144, -1,
      144, 43, 96, -1,
      144, 96, 97, -1,
      157, 159, 83, -1,
      83, 159, 97, -1,
      155, 157, 52, -1,
      52, 157, 83, -1,
      156, 155, 56, -1,
      56, 155, 52, -1,
      158, 156, 55, -1,
      55, 156, 56, -1,
      158, 55, 57, -1,
      158, 57, 228, -1,
      228, 57, 58, -1,
      228, 58, 226, -1,
      226, 58, 80, -1,
      226, 80, 224, -1,
      224, 80, 79, -1,
      224, 79, 222, -1,
      222, 79, 78, -1,
      222, 78, 220, -1,
      220, 78, 74, -1,
      220, 74, 218, -1,
      218, 74, 75, -1,
      218, 75, 216, -1,
      216, 75, 71, -1,
      216, 71, 214, -1,
      214, 71, 73, -1,
      214, 73, 150, -1,
      150, 73, 72, -1,
      150, 72, 153, -1,
      153, 72, 70, -1,
      153, 70, 257, -1,
      257, 70, 69, -1,
      257, 69, 255, -1,
      255, 69, 77, -1,
      255, 77, 253, -1,
      253, 77, 76, -1,
      253, 76, 251, -1,
      249, 251, 76, -1,
      76, 64, 249, -1,
      249, 64, 108, -1,
      249, 108, 107, -1,
      120, 271, 107, -1,
      107, 271, 273, -1,
      107, 273, 249, -1,
      120, 134, 271, -1,
      271, 134, 133, -1,
      271, 133, 139, -1,
      139, 133, 132, -1,
      139, 132, 140, -1,
      140, 132, 126, -1,
      140, 126, 178, -1,
      178, 126, 125, -1,
      178, 125, 179, -1,
      179, 125, 124, -1,
      179, 124, 181, -1,
      181, 124, 121, -1,
      181, 121, 182, -1,
      182, 121, 116, -1,
      182, 116, 146, -1,
      146, 116, 119, -1,
      146, 119, 147, -1,
      147, 119, 127, -1,
      147, 127, 174, -1,
      174, 127, 129, -1,
      174, 129, 176, -1,
      176, 129, 131, -1,
      176, 131, 261, -1,
      261, 131, 130, -1,
      261, 130, 263, -1,
      263, 130, 128, -1,
      263, 128, 265, -1,
      265, 128, 118, -1,
      265, 118, 267, -1,
      267, 118, 117, -1,
      267, 117, 268, -1,
      268, 117, 115, -1,
      268, 115, 245, -1,
      245, 115, 114, -1,
      245, 114, 247, -1,
      247, 114, 123, -1,
      247, 123, 248, -1,
      248, 123, 165, -1,
      165, 123, 122, -1,
      165, 122, 106, -1,
      166, 165, 109, -1,
      109, 165, 106, -1,
      166, 109, 113, -1,
      166, 113, 168, -1,
      168, 113, 112, -1,
      168, 112, 170, -1,
      170, 112, 111, -1,
      170, 111, 231, -1,
      231, 111, 110, -1,
      231, 110, 232, -1,
      232, 110, 63, -1,
      232, 63, 234, -1,
      63, 62, 234, -1,
      234, 62, 61, -1,
      234, 61, 236, -1,
      236, 61, 89, -1,
      236, 89, 238, -1,
      238, 89, 88, -1,
      238, 88, 240, -1,
      240, 88, 87, -1,
      240, 87, 242, -1,
      242, 87, 86, -1,
      242, 86, 243, -1,
      243, 86, 105, -1,
      243, 105, 202, -1,
      202, 105, 104, -1,
      202, 104, 204, -1,
      204, 104, 103, -1,
      204, 103, 206, -1,
      206, 103, 102, -1,
      206, 102, 208, -1,
      210, 208, 101, -1,
      101, 208, 102, -1,
      210, 101, 68, -1,
      210, 68, 279, -1,
      279, 68, 67, -1,
      279, 67, 276, -1,
      276, 67, 66, -1,
      276, 66, 290, -1,
      290, 66, 51, -1,
      290, 51, 284, -1,
      284, 51, 50, -1,
      284, 50, 285, -1,
      285, 50, 59, -1,
      285, 59, 287, -1,
      287, 59, 85, -1,
      287, 85, 288, -1,
      288, 85, 84, -1,
      288, 84, 289, -1,
      289, 84, 82, -1,
      289, 82, 286, -1,
      286, 82, 81, -1,
      286, 81, 281, -1,
      281, 81, 95, -1,
      281, 95, 282, -1,
      282, 95, 94, -1,
      282, 94, 283, -1,
      283, 94, 93, -1,
      283, 93, 277, -1,
      277, 93, 92, -1,
      277, 92, 278, -1,
      278, 92, 91, -1,
      278, 91, 280, -1,
      280, 91, 90, -1,
      280, 90, 211, -1,
      211, 90, 100, -1,
      211, 100, 209, -1,
      207, 209, 99, -1,
      99, 209, 100, -1,
      207, 99, 98, -1,
      207, 98, 205, -1,
      205, 98, 54, -1,
      205, 54, 203, -1,
      203, 54, 53, -1,
      203, 53, 201, -1,
      201, 53, 60, -1,
      201, 60, 241, -1,
      241, 60, 65, -1,
      241, 65, 239, -1,
      239, 65, 49, -1,
      239, 49, 237, -1,
      223, 291, 292, -1,
      223, 292, 225, -1,
      225, 292, 293, -1,
      225, 293, 227, -1,
      227, 293, 294, -1,
      227, 294, 229, -1,
      229, 294, 295, -1,
      229, 295, 230, -1,
      230, 295, 296, -1,
      230, 296, 197, -1,
      197, 296, 297, -1,
      197, 297, 198, -1,
      198, 297, 298, -1,
      198, 298, 199, -1,
      199, 298, 299, -1,
      199, 299, 200, -1,
      200, 299, 300, -1,
      200, 300, 183, -1,
      183, 300, 301, -1,
      183, 301, 184, -1,
      184, 301, 302, -1,
      184, 302, 185, -1,
      185, 302, 303, -1,
      185, 303, 187, -1,
      187, 303, 304, -1,
      187, 304, 189, -1,
      189, 304, 305, -1,
      189, 305, 191, -1,
      191, 305, 306, -1,
      191, 306, 193, -1,
      193, 306, 307, -1,
      193, 307, 195, -1,
      195, 307, 308, -1,
      195, 308, 196, -1,
      196, 308, 309, -1,
      196, 309, 162, -1,
      162, 309, 310, -1,
      162, 310, 148, -1,
      148, 310, 311, -1,
      148, 311, 149, -1,
      149, 311, 312, -1,
      149, 312, 212, -1,
      212, 312, 313, -1,
      212, 313, 213, -1,
      213, 313, 314, -1,
      213, 314, 215, -1,
      215, 314, 315, -1,
      215, 315, 217, -1,
      217, 315, 316, -1,
      217, 316, 219, -1,
      219, 316, 317, -1,
      219, 317, 221, -1,
      221, 317, 291, -1,
      221, 291, 223, -1,
    ]
  }
}

Shape {
  appearance Appearance {
    material Material {
      diffuseColor 0.2510 0.2510 0.2510
      specularColor 0.1255 0.1255 0.1255
      ambientIntensity 0.2
      transparency 0.0000
      shininess 0.5
    }
  }
  geometry IndexedFaceSet {
    ccw TRUE
    solid FALSE
    coord DEF co Coordinate {
      point [
        3.240157 -0.688615 0.194430,
        3.240157 -0.682296 0.193743,
        3.240157 -0.675247 0.191220,
        3.240157 -0.669141 0.187098,
        3.240157 -0.664250 0.181640,
        3.240157 -0.660954 0.175408,
        3.240157 -0.659220 0.168370,
        3.240157 -0.659209 0.161425,
        3.240157 -0.661022 0.154140,
        3.240157 -0.664552 0.147620,
        3.240157 -0.668672 0.142966,
        3.240157 -0.674438 0.138831,
        3.240157 -0.681012 0.136204,
        3.240157 -0.688615 0.135224,
        3.240157 -0.689909 0.135252,
        3.240157 -0.696723 0.136363,
        3.240157 -0.703584 0.139310,
        3.240157 -0.709394 0.143763,
        3.240157 -0.713730 0.149150,
        3.240157 -0.716735 0.155530,
        3.240157 -0.718140 0.162648,
        3.240157 -0.717763 0.170046,
        3.240157 -0.715526 0.177190,
        3.240157 -0.711602 0.183469,
        3.240157 -0.708602 0.186641,
        3.240157 -0.702667 0.190861,
        3.240157 -0.696039 0.193478,
      ]
    }
    coordIndex [
      14, 24, 23, -1,
      12, 11, 1, -1,
      0, 26, 14, -1,
      14, 26, 25, -1,
      14, 25, 24, -1,
      19, 18, 23, -1,
      23, 18, 17, -1,
      0, 14, 1, -1,
      1, 14, 13, -1,
      1, 13, 12, -1,
      22, 21, 23, -1,
      23, 21, 20, -1,
      23, 20, 19, -1,
      17, 16, 23, -1,
      23, 16, 15, -1,
      23, 15, 14, -1,
      11, 10, 1, -1,
      1, 10, 9, -1,
      1, 9, 8, -1,
      8, 7, 1, -1,
      1, 7, 6, -1,
      1, 6, 5, -1,
      5, 4, 1, -1,
      1, 4, 3, -1,
      1, 3, 2, -1,
    ]
  }
}
