#VRML V2.0 utf8

Shape {
  appearance Appearance {
    material Material {
      diffuseColor 1.0000 1.0000 1.0000
      specularColor 0.5020 0.5020 0.5020
      ambientIntensity 0.2
      transparency 0.0000
      shininess 0.5
    }
  }
  geometry IndexedFaceSet {
    ccw TRUE
    solid FALSE
    coord DEF co Coordinate {
      point [
        2.460630 -0.075879 -0.575435,
        2.460630 -0.075879 -0.658199,
        2.460630 -0.038676 -0.658199,
        2.460630 0.196196 -0.608178,
        2.460630 0.197726 -0.620948,
        2.460630 0.200317 -0.574647,
        2.460630 0.827957 -0.697026,
        2.460630 0.827957 -0.574647,
        2.460630 0.317300 -0.574647,
        2.460630 1.251969 -1.161417,
        2.460630 1.251969 -0.854834,
        2.460630 0.827957 -0.854834,
        2.460630 -0.000467 -0.575478,
        2.460630 0.006419 -0.574647,
        2.460630 -0.030676 -0.574647,
        2.460630 0.070657 -0.817605,
        2.460630 0.068525 -0.817830,
        2.460630 0.091071 -0.817830,
        2.460630 0.050802 -0.817503,
        2.460630 0.048375 -0.816635,
        2.460630 0.048375 -0.817830,
        2.460630 -0.294692 -0.565495,
        2.460630 -0.281194 -0.574647,
        2.460630 -0.126190 -0.574647,
        2.460630 -0.266060 -0.584907,
        2.460630 -0.243994 -0.610467,
        2.460630 -0.169750 -0.697026,
        2.460630 -0.126190 -0.697026,
        2.460630 -0.175611 -0.682394,
        2.460630 -0.189172 -0.663502,
        2.460630 -0.207190 -0.648269,
        2.460630 -0.230195 -0.637377,
        2.460630 -0.226957 -0.638465,
        2.460630 -0.389215 -0.554411,
        2.460630 -0.356387 -0.550371,
        2.460630 -0.126190 0.305523,
        2.460630 -0.327925 -0.553481,
        2.460630 -0.419842 -0.566213,
        2.460630 -1.503937 0.305523,
        2.460630 -0.433460 -0.574647,
        2.460630 -1.503937 -0.574647,
        2.460630 -0.436087 -0.576273,
        2.460630 -0.572941 -0.656530,
        2.460630 -0.556965 -0.636048,
        2.460630 -0.506758 -0.607403,
        2.460630 -0.480586 -0.604169,
        2.460630 -0.451695 -0.589640,
        2.460630 -0.472948 -0.604583,
        2.460630 -0.465310 -0.605497,
        2.460630 -0.552486 -0.631808,
        2.460630 -0.531361 -0.616957,
        2.460630 -0.539564 -0.801828,
        2.460630 -0.560286 -0.784157,
        2.460630 -1.503937 -0.817830,
        2.460630 -0.515561 -0.813521,
        2.460630 -0.575444 -0.762520,
        2.460630 -0.584963 -0.737794,
        2.460630 -1.503937 -0.697026,
        2.460630 -0.588181 -0.711763,
        2.460630 -0.587994 -0.705404,
        2.460630 -0.586498 -0.697026,
        2.460630 -0.583537 -0.680442,
        2.460630 -0.507153 -0.816038,
        2.460630 -0.506315 -0.817830,
        2.460630 -0.500477 -0.830312,
        2.460630 -0.490593 -0.842498,
        2.460630 -0.427959 -0.859215,
        2.460630 -0.444057 -0.861201,
        2.460630 -0.126190 -1.161417,
        2.460630 -0.446587 -0.861154,
        2.460630 -1.503937 -1.161417,
        2.460630 -0.462269 -0.858716,
        2.460630 -1.503937 -0.854834,
        2.460630 -0.471521 -0.854834,
        2.460630 -0.477597 -0.852285,
        2.460630 -0.381832 -0.817830,
        2.460630 -0.381909 -0.818154,
        2.460630 -0.126190 -0.854834,
        2.460630 -0.389780 -0.832947,
        2.460630 -0.399922 -0.844310,
        2.460630 -0.413148 -0.853521,
        2.460630 -0.416563 -0.854834,
        2.460630 -0.297017 -0.778648,
        2.460630 -0.292460 -0.776848,
        2.460630 -0.284657 -0.738994,
        2.460630 -0.394244 -0.750285,
        2.460630 -0.305246 -0.703793,
        2.460630 -0.405868 -0.739705,
        2.460630 -0.419965 -0.732156,
        2.460630 -0.301102 -0.781543,
        2.460630 -0.175825 -0.769098,
        2.460630 -0.189017 -0.787479,
        2.460630 -0.126190 -0.817830,
        2.460630 -0.205953 -0.719163,
        2.460630 -0.209089 -0.706411,
        2.460630 -0.214161 -0.697026,
        2.460630 -0.544685 -0.697026,
        2.460630 -0.167487 -0.702677,
        2.460630 -0.164443 -0.724383,
        2.460630 -0.167485 -0.748070,
        2.460630 -0.287313 -0.776188,
        2.460630 -0.286667 -0.776234,
        2.460630 -0.284674 -0.776676,
        2.460630 -0.540756 -0.736983,
        2.460630 -0.532882 -0.750373,
        2.460630 -0.499161 -0.757280,
        2.460630 -0.520978 -0.762611,
        2.460630 -0.506489 -0.771539,
        2.460630 -0.474608 -0.735281,
        2.460630 -0.488185 -0.744721,
        2.460630 -0.546339 -0.710435,
        2.460630 -0.545534 -0.720736,
        2.460630 -0.459939 -0.729664,
        2.460630 -0.444057 -0.727704,
        2.460630 -0.435998 -0.728180,
        2.460630 -0.207080 -0.802770,
        2.460630 -0.227344 -0.812689,
        2.460630 -0.249456 -0.817366,
        2.460630 -0.307902 -0.796777,
        2.460630 -0.307734 -0.794156,
        2.460630 -0.377640 -0.788143,
        2.460630 -0.306400 -0.789101,
        2.460630 -0.303846 -0.784569,
        2.460630 -0.219113 -0.760188,
        2.460630 -0.211802 -0.749831,
        2.460630 -0.207220 -0.737996,
        2.460630 -0.205621 -0.725047,
        2.460630 -0.288642 -0.817366,
        2.460630 -0.292383 -0.816763,
        2.460630 -0.296776 -0.815034,
        2.460630 -0.301084 -0.811971,
        2.460630 -0.302628 -0.810400,
        2.460630 -0.305523 -0.806228,
        2.460630 -0.307272 -0.801724,
        2.460630 -0.378007 -0.801763,
        2.460630 -0.377640 -0.794784,
        2.460630 -0.283328 -0.776852,
        2.460630 -0.253441 -0.776852,
        2.460630 -0.241472 -0.774553,
        2.460630 -0.229759 -0.769113,
        2.460630 -0.219946 -0.761084,
        2.460630 -0.277093 -0.633284,
        2.460630 -0.292087 -0.615399,
        2.460630 -0.444721 -0.653981,
        2.460630 -0.293696 -0.613934,
        2.460630 -0.312354 -0.600980,
        2.460630 -0.434567 -0.632960,
        2.460630 -0.449380 -0.651430,
        2.460630 -0.464269 -0.645967,
        2.460630 -0.215278 -0.694961,
        2.460630 -0.222885 -0.686473,
        2.460630 -0.257426 -0.673242,
        2.460630 -0.233184 -0.679274,
        2.460630 -0.244774 -0.674805,
        2.460630 -0.262739 -0.673242,
        2.460630 -0.266828 -0.654675,
        2.460630 -0.503291 -0.648287,
        2.460630 -0.518084 -0.656159,
        2.460630 -0.486900 -0.644385,
        2.460630 -0.529448 -0.666300,
        2.460630 -0.538658 -0.679526,
        2.460630 -0.419668 -0.615166,
        2.460630 -0.333180 -0.592994,
        2.460630 -0.401883 -0.602171,
        2.460630 -0.355722 -0.590221,
        2.460630 -0.380188 -0.593374,
        2.460630 -0.479922 -0.644019,
        2.460630 -0.544353 -0.694337,
        2.460630 0.218883 -0.734373,
        2.460630 0.221008 -0.806392,
        2.460630 0.229831 -0.697026,
        2.460630 0.229831 -0.817830,
        2.460630 0.221008 -0.817042,
        2.460630 0.200317 -0.817830,
        2.460630 0.200317 -0.764270,
        2.460630 0.216232 -0.764270,
        2.460630 0.216232 -0.774967,
        2.460630 0.200317 -0.806392,
        2.460630 0.200317 -0.774967,
        2.460630 0.182826 -0.774967,
        2.460630 0.182826 -0.806392,
        2.460630 0.200317 -0.734373,
        2.460630 0.182826 -0.734373,
        2.460630 0.182826 -0.764270,
        2.460630 0.200317 -0.817042,
        2.460630 0.170767 -0.817042,
        2.460630 0.131543 -0.817830,
        2.460630 0.158159 -0.750324,
        2.460630 0.124633 -0.800470,
        2.460630 0.126065 -0.805962,
        2.460630 0.126376 -0.805962,
        2.460630 0.112848 -0.697026,
        2.460630 0.170767 -0.723628,
        2.460630 0.200317 -0.697026,
        2.460630 0.200317 -0.723628,
        2.460630 0.218883 -0.723628,
        2.460630 0.126913 -0.803676,
        2.460630 0.127809 -0.800566,
        2.460630 0.112848 -0.766570,
        2.460630 0.146028 -0.750324,
        2.460630 0.042967 -0.802619,
        2.460630 0.031099 -0.697026,
        2.460630 0.031099 -0.817830,
        2.460630 0.042967 -0.814702,
        2.460630 0.047044 -0.805184,
        2.460630 0.048375 -0.805711,
        2.460630 0.048375 -0.780954,
        2.460630 0.046357 -0.778883,
        2.460630 0.044832 -0.776445,
        2.460630 0.043541 -0.772872,
        2.460630 0.043038 -0.768329,
        2.460630 0.043500 -0.764145,
        2.460630 0.048272 -0.780885,
        2.460630 0.048375 -0.854834,
        2.460630 0.061067 -0.818618,
        2.460630 0.053815 -0.817830,
        2.460630 0.091071 -0.854834,
        2.460630 0.084826 -0.751757,
        2.460630 0.084826 -0.763123,
        2.460630 0.050536 -0.754097,
        2.460630 0.053767 -0.752146,
        2.460630 0.048375 -0.697026,
        2.460630 0.087470 -0.803595,
        2.460630 0.086033 -0.807303,
        2.460630 0.083852 -0.810389,
        2.460630 0.044893 -0.760378,
        2.460630 0.047067 -0.757216,
        2.460630 0.048375 -0.756040,
        2.460630 0.060123 -0.749802,
        2.460630 0.069019 -0.748796,
        2.460630 0.091071 -0.697026,
        2.460630 0.076515 -0.749398,
        2.460630 0.084110 -0.787862,
        2.460630 0.086294 -0.791085,
        2.460630 0.087543 -0.794535,
        2.460630 0.088026 -0.798894,
        2.460630 0.080504 -0.813317,
        2.460630 0.077048 -0.815366,
        2.460630 0.067872 -0.758300,
        2.460630 0.064409 -0.758559,
        2.460630 0.055097 -0.767278,
        2.460630 0.061279 -0.759388,
        2.460630 0.058655 -0.760783,
        2.460630 0.055204 -0.768835,
        2.460630 0.055668 -0.770652,
        2.460630 0.056511 -0.772231,
        2.460630 0.057652 -0.773487,
        2.460630 0.061777 -0.776066,
        2.460630 0.076031 -0.759290,
        2.460630 0.069019 -0.779218,
        2.460630 0.082652 -0.761851,
        2.460630 0.073549 -0.781051,
        2.460630 0.081320 -0.785373,
        2.460630 0.056890 -0.762343,
        2.460630 0.055887 -0.763833,
        2.460630 0.055309 -0.765412,
        2.460630 0.054356 -0.808079,
        2.460630 0.060757 -0.787719,
        2.460630 0.053782 -0.784522,
        2.460630 0.062213 -0.809067,
        2.460630 0.062730 -0.809063,
        2.460630 0.068440 -0.790937,
        2.460630 0.068728 -0.808391,
        2.460630 0.076015 -0.800040,
        2.460630 0.075901 -0.798585,
        2.460630 0.071747 -0.807286,
        2.460630 0.072814 -0.806639,
        2.460630 0.074157 -0.805447,
        2.460630 0.075178 -0.803937,
        2.460630 0.075773 -0.802272,
        2.460630 0.075369 -0.796757,
        2.460630 0.074465 -0.795207,
        2.460630 0.073006 -0.793689,
        2.460630 0.264110 -0.643299,
        2.460630 0.229831 -0.643299,
        2.460630 0.273637 -0.668849,
        2.460630 0.286962 -0.668849,
        2.460630 0.317300 -0.697026,
        2.460630 0.251382 -0.575435,
        2.460630 0.202908 -0.668849,
        2.460630 0.216232 -0.668849,
        2.460630 0.225211 -0.643299,
        2.460630 0.091071 -0.574647,
        2.460630 0.101900 -0.575435,
        2.460630 0.112848 -0.574647,
        2.460630 0.101900 -0.586180,
        2.460630 0.099249 -0.616077,
        2.460630 0.099249 -0.626774,
        2.460630 0.104025 -0.658199,
        2.460630 0.091071 -0.658199,
        2.460630 0.091071 -0.626774,
        2.460630 0.065843 -0.626774,
        2.460630 0.065843 -0.658199,
        2.460630 0.091071 -0.586180,
        2.460630 0.091071 -0.616077,
        2.460630 0.065843 -0.586180,
        2.460630 0.065843 -0.616077,
        2.460630 0.053784 -0.668849,
        2.460630 0.091071 -0.668849,
        2.460630 0.104025 -0.668849,
        2.460630 0.048375 -0.574647,
        2.460630 0.053784 -0.575435,
        2.460630 0.091071 -0.575435,
        2.460630 -1.503937 1.161417,
        2.460630 -1.503937 0.767717,
        2.460630 -0.126190 1.161417,
        2.460630 -0.637795 0.767717,
        2.460630 -0.567710 0.759820,
        2.460630 -0.501139 0.736526,
        2.460630 -0.441420 0.699002,
        2.460630 -0.391549 0.649131,
        2.460630 -0.354026 0.589412,
        2.460630 -0.330731 0.522841,
        2.460630 -1.503937 0.374016,
        2.460630 -0.322835 0.374016,
        2.460630 -0.322835 0.452756,
        2.460630 0.031099 -0.666560,
        2.460630 0.033493 -0.665775,
        2.460630 0.035087 -0.664981,
        2.460630 0.035087 -0.653424,
        2.460630 0.010969 -0.659680,
        2.460630 0.016552 -0.659410,
        2.460630 0.031099 -0.588506,
        2.460630 0.026925 -0.657217,
        2.460630 0.031099 -0.655277,
        2.460630 0.032694 -0.589049,
        2.460630 0.035087 -0.590287,
        2.460630 -0.013084 -0.595880,
        2.460630 -0.017582 -0.602389,
        2.460630 -0.020693 -0.610485,
        2.460630 -0.012385 -0.595111,
        2.460630 0.023049 -0.585768,
        2.460630 0.013070 -0.584748,
        2.460630 -0.022199 -0.623193,
        2.460630 -0.022183 -0.624599,
        2.460630 -0.020630 -0.635886,
        2.460630 -0.010851 -0.651965,
        2.460630 -0.004657 -0.656199,
        2.460630 0.002089 -0.658677,
        2.460630 0.009405 -0.584896,
        2.460630 0.001284 -0.586470,
        2.460630 -0.006057 -0.589881,
        2.460630 -0.017628 -0.643435,
        2.460630 -0.013030 -0.649842,
        2.460630 0.022272 -0.574647,
        2.460630 0.026637 -0.575092,
        2.460630 0.031099 -0.574647,
        2.460630 0.031099 -0.576458,
        2.460630 0.035087 -0.577680,
        2.460630 -0.030676 0.305523,
        2.460630 0.012951 -0.573859,
        2.460630 0.031099 0.305523,
        2.460630 0.014715 -0.573876,
        2.460630 -0.010242 -0.579250,
        2.460630 -0.027322 -0.595121,
        2.460630 -0.021363 -0.587613,
        2.460630 -0.019281 -0.585614,
        2.460630 -0.029265 -0.648760,
        2.460630 -0.030676 -0.645112,
        2.460630 -0.030676 -0.697026,
        2.460630 -0.036276 -0.697026,
        2.460630 -0.030676 -0.817830,
        2.460630 -0.036276 -0.574647,
        2.460630 -0.032085 -0.605272,
        2.460630 -0.030676 -0.602269,
        2.460630 -0.033048 -0.638984,
        2.460630 -0.034855 -0.623909,
        2.460630 -0.034530 -0.617112,
        2.460630 -0.007327 -0.667806,
        2.460630 -0.016035 -0.663473,
        2.460630 -0.022868 -0.657674,
        2.460630 -0.023710 -0.656752,
        2.460630 0.023463 -0.669064,
        2.460630 0.009226 -0.670425,
        2.460630 0.002637 -0.670058,
        2.460630 -0.021911 -0.785395,
        2.460630 -0.019978 -0.766371,
        2.460630 -0.024416 -0.789182,
        2.460630 -0.025891 -0.793421,
        2.460630 0.009563 -0.813496,
        2.460630 0.005444 -0.816232,
        2.460630 0.015410 -0.817042,
        2.460630 0.001028 -0.817830,
        2.460630 -0.016826 -0.816114,
        2.460630 -0.012340 -0.817805,
        2.460630 -0.012126 -0.817830,
        2.460630 0.021793 -0.755908,
        2.460630 0.024223 -0.759609,
        2.460630 -0.018387 -0.782267,
        2.460630 -0.013507 -0.779699,
        2.460630 -0.012428 -0.761542,
        2.460630 -0.004361 -0.777403,
        2.460630 0.005859 -0.758715,
        2.460630 0.001895 -0.758300,
        2.460630 -0.005116 -0.759033,
        2.460630 -0.020766 -0.813365,
        2.460630 -0.022075 -0.812038,
        2.460630 -0.024506 -0.808443,
        2.460630 0.009728 -0.749372,
        2.460630 0.014738 -0.750830,
        2.460630 0.018667 -0.753008,
        2.460630 0.026098 -0.764788,
        2.460630 0.027111 -0.774108,
        2.460630 0.027111 -0.817042,
        2.460630 0.015410 -0.806726,
        2.460630 0.015100 -0.806726,
        2.460630 0.013260 -0.809524,
        2.460630 -0.025921 -0.804484,
        2.460630 -0.026497 -0.799181,
        2.460630 -0.019978 -0.755005,
        2.460630 0.015410 -0.774633,
        2.460630 0.015003 -0.769459,
        2.460630 0.013794 -0.765293,
        2.460630 0.012419 -0.762883,
        2.460630 -0.016063 -0.752848,
        2.460630 -0.007079 -0.749814,
        2.460630 0.002993 -0.748796,
        2.460630 0.010650 -0.761002,
        2.460630 0.008573 -0.759663,
        2.460630 -0.005341 -0.818618,
        2.460630 -0.030676 -0.854834,
        2.460630 0.000702 -0.817948,
        2.460630 0.031099 -0.854834,
        2.460630 0.112848 -0.797977,
        2.460630 0.094115 -0.750324,
        2.460630 0.107201 -0.750324,
        2.460630 0.119893 -0.817830,
        2.460630 0.120287 -0.816899,
        2.460630 0.112848 -0.833246,
        2.460630 0.112864 -0.833229,
        2.460630 0.112848 -0.817830,
        2.460630 0.115153 -0.829030,
        2.460630 0.096527 -0.837100,
        2.460630 0.096527 -0.847511,
        2.460630 0.098921 -0.837885,
        2.460630 0.103165 -0.838438,
        2.460630 0.105975 -0.838123,
        2.460630 0.112848 -0.846381,
        2.460630 0.108800 -0.847923,
        2.460630 0.112848 -0.854834,
        2.460630 0.104073 -0.848467,
        2.460630 0.101490 -0.848374,
        2.460630 0.108537 -0.837162,
        2.460630 0.110685 -0.835671,
        2.460630 0.127880 -0.827119,
        2.460630 0.122583 -0.837435,
        2.460630 0.200317 -0.854834,
        2.460630 0.118302 -0.842577,
        2.460630 0.117504 -0.843308,
        2.460630 0.113417 -0.846164,
        2.460630 1.251969 -0.574647,
        2.460630 1.251969 -0.697026,
        2.460630 1.251969 -0.817830,
        2.460630 0.827957 -0.817830,
        2.460630 0.333215 -0.817042,
        2.460630 0.319891 -0.817042,
        2.460630 0.317300 -0.817830,
        2.460630 0.390620 -0.817042,
        2.460630 0.381093 -0.791492,
        2.460630 0.342194 -0.791492,
        2.460630 0.355470 -0.723628,
        2.460630 0.368365 -0.723628,
        2.460630 0.403945 -0.817042,
        2.460630 0.229831 -0.574647,
        2.460630 0.238487 -0.575435,
        2.460630 0.229831 -0.598161,
        2.460630 0.309741 -0.747444,
        2.460630 0.313179 -0.756370,
        2.460630 0.314709 -0.769141,
        2.460630 0.314261 -0.776604,
        2.460630 0.311720 -0.787307,
        2.460630 0.306823 -0.796804,
        2.460630 0.300620 -0.803956,
        2.460630 0.290760 -0.811007,
        2.460630 0.280087 -0.815144,
        2.460630 0.264348 -0.817042,
        2.460630 0.238655 -0.817042,
        2.460630 0.238655 -0.723628,
        2.460630 0.265304 -0.723628,
        2.460630 0.279567 -0.725203,
        2.460630 0.290841 -0.729321,
        2.460630 0.300620 -0.735997,
        2.460630 0.303972 -0.739282,
        2.460630 0.229831 -0.854834,
        2.460630 0.317300 -0.854834,
        2.460630 0.121672 -0.668849,
        2.460630 0.192757 -0.599251,
        2.460630 0.197278 -0.628411,
        2.460630 0.194737 -0.639114,
        2.460630 0.189840 -0.648611,
        2.460630 0.183638 -0.655764,
        2.460630 0.173777 -0.662815,
        2.460630 0.163104 -0.666951,
        2.460630 0.147365 -0.668849,
        2.460630 0.121672 -0.575435,
        2.460630 0.148320 -0.575435,
        2.460630 0.162584 -0.577010,
        2.460630 0.173858 -0.581128,
        2.460630 0.183638 -0.587804,
        2.460630 0.186989 -0.591089,
        2.460630 0.048375 0.305523,
        2.460630 0.091071 0.305523,
        2.460630 0.112848 0.305523,
        2.460630 0.200317 0.305523,
        2.460630 0.229831 0.305523,
        2.460630 0.317300 0.305523,
        2.460630 0.827957 0.305523,
        2.460630 1.251969 0.305523,
        2.460630 0.827957 -1.161417,
        2.460630 0.317300 -1.161417,
        2.460630 0.229831 -1.161417,
        2.460630 0.200317 -1.161417,
        2.460630 0.112848 -1.161417,
        2.460630 0.091071 -1.161417,
        2.460630 0.048375 -1.161417,
        2.460630 0.031099 -1.161417,
        2.460630 -0.030676 -1.161417,
        2.460630 -0.036276 -0.854834,
        2.460630 -0.036276 -1.161417,
        2.460630 -0.037696 -0.806392,
        2.460630 -0.037696 -0.817042,
        2.460630 -0.036276 -0.817830,
        2.460630 -0.087938 -0.817042,
        2.460630 -0.039822 -0.734373,
        2.460630 -0.087938 -0.723628,
        2.460630 -0.039822 -0.723628,
        2.460630 -0.075879 -0.774967,
        2.460630 -0.075879 -0.806392,
        2.460630 -0.042472 -0.774967,
        2.460630 -0.042472 -0.764270,
        2.460630 -0.075879 -0.764270,
        2.460630 -0.075879 -0.734373,
        2.460630 -0.087938 -0.668849,
        2.460630 -0.087938 -0.575435,
        2.460630 -0.038676 -0.668849,
        2.460630 -0.036276 0.305523,
        2.460630 -0.036276 1.161417,
        2.460630 -0.030676 1.161417,
        2.460630 0.031099 1.161417,
        2.460630 0.048375 1.161417,
        2.460630 0.091071 1.161417,
        2.460630 0.112848 1.161417,
        2.460630 0.200317 1.161417,
        2.460630 0.229831 1.161417,
        2.460630 0.317300 1.161417,
        2.460630 0.827957 1.161417,
        2.460630 1.251969 1.161417,
        -1.673228 -1.503937 1.161417,
        -2.460630 -1.503937 1.161417,
        -1.673228 -1.503937 0.767717,
        -2.460630 -1.503937 0.767717,
        -1.161417 -1.503937 0.767717,
        1.161417 -1.503937 0.767717,
        -1.161417 -1.503937 1.161417,
        1.161417 -1.503937 1.161417,
        1.673228 -1.503937 0.767717,
        1.673228 -1.503937 1.161417,
        -2.066929 -0.501139 0.736526,
        -2.066929 0.267717 0.767717,
        -2.066929 -0.567710 0.759820,
        -2.066929 -0.637795 0.767717,
        -2.066929 -0.441420 0.699002,
        -2.066929 -0.391549 0.649131,
        -2.066929 -0.354026 0.589412,
        -2.066929 -1.385827 -0.767717,
        -2.066929 0.149606 -0.767717,
        -2.066929 -1.385827 0.374016,
        -2.066929 0.149606 -0.255906,
        -2.066929 -0.322835 0.374016,
        -2.066929 0.267717 -0.137795,
        -2.066929 -0.322835 0.452756,
        -2.066929 -0.330731 0.522841,
        2.066929 -0.441420 0.699002,
        2.066929 -0.501139 0.736526,
        2.066929 0.267717 0.767717,
        2.066929 -0.567710 0.759820,
        2.066929 -0.637795 0.767717,
        2.066929 0.149606 -0.767717,
        2.066929 -1.385827 -0.767717,
        2.066929 0.149606 -0.255906,
        2.066929 -1.385827 0.374016,
        2.066929 0.267717 -0.137795,
        2.066929 -0.322835 0.374016,
        2.066929 -0.322835 0.452756,
        2.066929 -0.330731 0.522841,
        2.066929 -0.354026 0.589412,
        2.066929 -0.391549 0.649131,
        1.350394 0.267717 0.224409,
        0.618110 0.267717 0.224409,
        1.350394 0.267717 -0.027559,
        0.618110 0.267717 -0.027559,
        0.366142 0.267717 -0.027559,
        -0.366142 0.267717 -0.027559,
        -0.618110 0.267717 -0.027559,
        -1.602362 0.267717 0.224409,
        -1.350394 0.267717 0.224409,
        -1.602362 0.267717 -0.027559,
        -1.350394 0.267717 -0.027559,
        -0.618110 0.267717 0.224409,
        -0.366142 0.267717 0.224409,
        0.366142 0.267717 0.224409,
        1.602362 0.267717 0.224409,
        1.602362 0.267717 -0.027559,
        -1.712598 1.251969 -1.161417,
        -2.460630 1.251969 -1.161417,
        -1.712598 1.251969 1.161417,
        -2.460630 1.251969 1.161417,
        1.240157 1.251969 -1.161417,
        0.728346 1.251969 -1.161417,
        1.240157 1.251969 1.161417,
        0.728346 1.251969 1.161417,
        0.255906 1.251969 -1.161417,
        -0.255906 1.251969 -1.161417,
        0.255906 1.251969 1.161417,
        -0.255906 1.251969 1.161417,
        -1.240157 1.251969 1.161417,
        -0.728346 1.251969 1.161417,
        -1.240157 1.251969 -1.161417,
        -0.728346 1.251969 -1.161417,
        -2.460630 -1.503937 -1.161417,
        -2.460630 -1.503937 0.374016,
        -2.460630 -0.322835 0.374016,
        -2.460630 -0.322835 0.452756,
        -2.460630 -0.330731 0.522841,
        -2.460630 -0.354026 0.589412,
        -2.460630 -0.391549 0.649131,
        -2.460630 -0.441420 0.699002,
        -2.460630 -0.501139 0.736526,
        -2.460630 -0.567710 0.759820,
        -2.460630 -0.637795 0.767717,
        2.185039 -1.503937 -0.885827,
        -2.185039 -1.503937 0.374016,
        -2.185039 -1.503937 -0.885827,
        2.185039 -1.503937 0.374016,
        1.712598 1.251969 1.161417,
        1.712598 1.251969 -1.161417,
        -0.255906 0.768528 1.161417,
        -1.476378 -0.204724 1.161417,
        -1.161417 -0.204724 1.161417,
        -0.728346 0.768528 1.161417,
        -1.615572 -0.262381 1.161417,
        -1.574803 -0.231097 1.161417,
        1.161417 -0.204724 1.161417,
        1.673228 -1.408635 1.161417,
        -1.527327 -0.211432 1.161417,
        1.240157 0.768528 1.161417,
        0.255906 0.768528 1.161417,
        0.728346 0.768528 1.161417,
        -1.673228 -1.408635 1.161417,
        1.527327 -0.211432 1.161417,
        1.574803 -0.231097 1.161417,
        1.712598 0.768528 1.161417,
        1.555118 -1.221460 1.161417,
        -1.673228 -0.401575 1.161417,
        -1.673228 -1.038639 1.161417,
        -1.555118 -1.221460 1.161417,
        1.673228 -0.401575 1.161417,
        1.673228 -1.038639 1.161417,
        -1.666521 -0.350626 1.161417,
        -1.712598 0.768528 1.161417,
        -1.646855 -0.303150 1.161417,
        -1.240157 0.768528 1.161417,
        1.476378 -0.204724 1.161417,
        1.646855 -0.303150 1.161417,
        1.666521 -0.350626 1.161417,
        1.615572 -0.262381 1.161417,
        -1.240157 0.768528 -1.161417,
        -0.728346 0.768528 -1.161417,
        -0.255906 0.768528 -1.161417,
        -1.712598 0.768528 -1.161417,
        0.728346 0.768528 -1.161417,
        1.240157 0.768528 -1.161417,
        0.255906 0.768528 -1.161417,
        1.712598 0.768528 -1.161417,
        -1.673228 -1.408635 0.767717,
        1.673228 -1.408635 0.767717,
        -1.555118 -1.221460 0.767717,
        -1.673228 -1.038639 0.767717,
        1.555118 -1.221460 0.767717,
        1.673228 -1.038639 0.767717,
        1.673228 -0.401575 0.767717,
        1.666521 -0.350626 0.767717,
        1.646855 -0.303150 0.767717,
        1.615572 -0.262381 0.767717,
        1.574803 -0.231097 0.767717,
        1.527327 -0.211432 0.767717,
        1.476378 -0.204724 0.767717,
        1.161417 -0.204724 0.767717,
        -1.615572 -0.262381 0.767717,
        -1.574803 -0.231097 0.767717,
        -1.527327 -0.211432 0.767717,
        -1.161417 -0.204724 0.767717,
        -1.476378 -0.204724 0.767717,
        -1.646855 -0.303150 0.767717,
        -1.666521 -0.350626 0.767717,
        -1.673228 -0.401575 0.767717,
        -0.728346 1.055118 -0.374016,
        -0.728346 1.055118 0.374016,
        -0.255906 1.055118 0.374016,
        -0.255906 1.055118 -0.374016,
        -0.618110 1.055118 -0.027559,
        -0.366142 1.055118 -0.027559,
        -0.366142 1.055118 0.224409,
        -0.618110 1.055118 0.224409,
        0.255906 1.055118 -0.374016,
        0.255906 1.055118 0.374016,
        0.728346 1.055118 0.374016,
        0.728346 1.055118 -0.374016,
        0.366142 1.055118 -0.027559,
        0.618110 1.055118 -0.027559,
        0.618110 1.055118 0.224409,
        0.366142 1.055118 0.224409,
        1.240157 1.055118 -0.374016,
        1.240157 1.055118 0.374016,
        1.712598 1.055118 0.374016,
        1.712598 1.055118 -0.374016,
        1.350394 1.055118 -0.027559,
        1.602362 1.055118 -0.027559,
        1.602362 1.055118 0.224409,
        1.350394 1.055118 0.224409,
        -1.712598 1.055118 -0.374016,
        -1.712598 1.055118 0.374016,
        -1.240157 1.055118 0.374016,
        -1.240157 1.055118 -0.374016,
        -1.602362 1.055118 -0.027559,
        -1.350394 1.055118 -0.027559,
        -1.350394 1.055118 0.224409,
        -1.602362 1.055118 0.224409,
      ]
    }
    coordIndex [
      0, 1, 2, -1,
      3, 4, 5, -1,
      6, 7, 8, -1,
      9, 10, 11, -1,
      12, 13, 14, -1,
      15, 16, 17, -1,
      18, 19, 20, -1,
      21, 22, 23, -1,
      23, 22, 24, -1,
      23, 24, 25, -1,
      26, 27, 28, -1,
      28, 27, 23, -1,
      28, 23, 29, -1,
      29, 23, 30, -1,
      25, 31, 23, -1,
      23, 31, 32, -1,
      23, 32, 30, -1,
      33, 34, 35, -1,
      35, 34, 36, -1,
      35, 36, 21, -1,
      33, 35, 37, -1,
      37, 35, 38, -1,
      37, 38, 39, -1,
      39, 38, 40, -1,
      39, 40, 41, -1,
      40, 42, 43, -1,
      40, 44, 41, -1,
      41, 44, 45, -1,
      41, 45, 46, -1,
      46, 45, 47, -1,
      46, 47, 48, -1,
      43, 49, 40, -1,
      40, 49, 50, -1,
      40, 50, 44, -1,
      51, 52, 53, -1,
      51, 53, 54, -1,
      52, 55, 53, -1,
      53, 55, 56, -1,
      53, 56, 57, -1,
      57, 56, 58, -1,
      58, 59, 57, -1,
      57, 59, 60, -1,
      57, 60, 40, -1,
      40, 60, 61, -1,
      40, 61, 42, -1,
      62, 54, 63, -1,
      63, 54, 53, -1,
      63, 53, 64, -1,
      64, 53, 65, -1,
      66, 67, 68, -1,
      68, 67, 69, -1,
      68, 69, 70, -1,
      70, 69, 71, -1,
      70, 71, 72, -1,
      72, 71, 73, -1,
      72, 73, 53, -1,
      53, 73, 74, -1,
      53, 74, 65, -1,
      75, 76, 77, -1,
      77, 76, 78, -1,
      78, 79, 77, -1,
      77, 79, 80, -1,
      77, 80, 81, -1,
      82, 83, 84, -1,
      85, 86, 87, -1,
      87, 86, 88, -1,
      82, 84, 89, -1,
      90, 91, 92, -1,
      93, 94, 86, -1,
      86, 94, 95, -1,
      86, 95, 96, -1,
      26, 97, 27, -1,
      27, 97, 98, -1,
      27, 98, 92, -1,
      92, 98, 99, -1,
      92, 99, 90, -1,
      83, 100, 84, -1,
      84, 100, 101, -1,
      84, 101, 102, -1,
      103, 104, 105, -1,
      105, 104, 106, -1,
      105, 106, 107, -1,
      108, 96, 109, -1,
      109, 96, 110, -1,
      109, 110, 105, -1,
      105, 110, 111, -1,
      105, 111, 103, -1,
      108, 112, 96, -1,
      96, 112, 113, -1,
      96, 113, 86, -1,
      86, 113, 114, -1,
      86, 114, 88, -1,
      91, 115, 92, -1,
      92, 115, 116, -1,
      92, 116, 117, -1,
      118, 119, 120, -1,
      120, 119, 121, -1,
      120, 121, 84, -1,
      84, 121, 122, -1,
      84, 122, 89, -1,
      123, 124, 84, -1,
      84, 124, 125, -1,
      84, 125, 86, -1,
      86, 125, 126, -1,
      86, 126, 93, -1,
      127, 128, 75, -1,
      128, 129, 75, -1,
      75, 129, 130, -1,
      75, 130, 131, -1,
      131, 132, 75, -1,
      75, 132, 133, -1,
      75, 133, 134, -1,
      134, 133, 118, -1,
      134, 118, 135, -1,
      135, 118, 120, -1,
      102, 136, 84, -1,
      84, 136, 137, -1,
      84, 137, 138, -1,
      138, 139, 84, -1,
      84, 139, 140, -1,
      84, 140, 123, -1,
      141, 142, 143, -1,
      142, 144, 143, -1,
      143, 144, 145, -1,
      143, 145, 146, -1,
      95, 143, 96, -1,
      96, 143, 147, -1,
      96, 147, 148, -1,
      149, 150, 151, -1,
      151, 150, 152, -1,
      151, 152, 153, -1,
      149, 151, 95, -1,
      95, 151, 154, -1,
      95, 154, 143, -1,
      143, 154, 155, -1,
      143, 155, 141, -1,
      156, 157, 158, -1,
      158, 157, 159, -1,
      158, 159, 160, -1,
      146, 145, 161, -1,
      161, 145, 162, -1,
      161, 162, 163, -1,
      163, 162, 164, -1,
      163, 164, 165, -1,
      148, 166, 96, -1,
      96, 166, 158, -1,
      96, 158, 167, -1,
      167, 158, 160, -1,
      168, 169, 170, -1,
      170, 169, 171, -1,
      171, 169, 172, -1,
      171, 172, 173, -1,
      174, 175, 168, -1,
      168, 175, 169, -1,
      169, 175, 176, -1,
      169, 176, 177, -1,
      176, 178, 177, -1,
      177, 178, 179, -1,
      177, 179, 180, -1,
      168, 181, 174, -1,
      174, 181, 182, -1,
      174, 182, 183, -1,
      172, 184, 173, -1,
      173, 184, 185, -1,
      173, 185, 186, -1,
      186, 185, 187, -1,
      188, 189, 190, -1,
      191, 192, 193, -1,
      193, 192, 194, -1,
      193, 194, 170, -1,
      170, 194, 195, -1,
      170, 195, 168, -1,
      190, 196, 188, -1,
      188, 196, 197, -1,
      188, 197, 198, -1,
      198, 197, 199, -1,
      198, 199, 191, -1,
      191, 199, 187, -1,
      191, 187, 192, -1,
      192, 187, 185, -1,
      200, 201, 202, -1,
      20, 19, 202, -1,
      202, 19, 203, -1,
      202, 203, 200, -1,
      204, 205, 206, -1,
      207, 208, 200, -1,
      208, 209, 200, -1,
      200, 209, 210, -1,
      200, 210, 201, -1,
      201, 210, 211, -1,
      204, 206, 200, -1,
      200, 206, 212, -1,
      200, 212, 207, -1,
      213, 214, 215, -1,
      214, 213, 16, -1,
      16, 213, 216, -1,
      16, 216, 17, -1,
      217, 218, 17, -1,
      219, 220, 221, -1,
      222, 223, 17, -1,
      17, 223, 224, -1,
      211, 225, 201, -1,
      201, 225, 226, -1,
      201, 226, 221, -1,
      221, 226, 227, -1,
      221, 227, 219, -1,
      220, 228, 221, -1,
      221, 228, 229, -1,
      221, 229, 230, -1,
      230, 229, 231, -1,
      230, 231, 217, -1,
      232, 233, 218, -1,
      218, 233, 234, -1,
      218, 234, 17, -1,
      17, 234, 235, -1,
      17, 235, 222, -1,
      224, 236, 17, -1,
      17, 236, 237, -1,
      17, 237, 15, -1,
      238, 239, 240, -1,
      240, 239, 241, -1,
      240, 241, 242, -1,
      240, 243, 238, -1,
      238, 243, 244, -1,
      238, 244, 245, -1,
      245, 246, 238, -1,
      238, 246, 247, -1,
      238, 247, 248, -1,
      248, 247, 249, -1,
      248, 249, 250, -1,
      250, 249, 251, -1,
      250, 251, 218, -1,
      218, 251, 252, -1,
      218, 252, 232, -1,
      253, 254, 242, -1,
      242, 254, 255, -1,
      242, 255, 240, -1,
      256, 257, 205, -1,
      205, 257, 258, -1,
      205, 258, 206, -1,
      256, 259, 257, -1,
      257, 259, 260, -1,
      257, 260, 261, -1,
      261, 260, 262, -1,
      261, 263, 264, -1,
      262, 265, 261, -1,
      261, 265, 266, -1,
      261, 266, 267, -1,
      267, 268, 261, -1,
      261, 268, 269, -1,
      261, 269, 263, -1,
      264, 270, 261, -1,
      261, 270, 271, -1,
      261, 271, 272, -1,
      273, 274, 275, -1,
      275, 274, 170, -1,
      275, 170, 276, -1,
      276, 170, 277, -1,
      276, 277, 278, -1,
      279, 193, 280, -1,
      280, 193, 170, -1,
      280, 170, 281, -1,
      281, 170, 274, -1,
      282, 283, 284, -1,
      284, 283, 285, -1,
      286, 287, 288, -1,
      288, 287, 289, -1,
      287, 290, 289, -1,
      289, 290, 291, -1,
      289, 291, 292, -1,
      285, 293, 294, -1,
      294, 293, 295, -1,
      294, 295, 296, -1,
      297, 221, 298, -1,
      298, 221, 230, -1,
      298, 230, 299, -1,
      299, 230, 191, -1,
      299, 191, 288, -1,
      300, 301, 282, -1,
      282, 301, 302, -1,
      282, 302, 283, -1,
      303, 304, 305, -1,
      305, 304, 306, -1,
      306, 307, 305, -1,
      305, 307, 308, -1,
      305, 308, 309, -1,
      309, 310, 305, -1,
      305, 310, 311, -1,
      305, 311, 312, -1,
      313, 38, 314, -1,
      314, 38, 35, -1,
      314, 35, 315, -1,
      315, 35, 312, -1,
      316, 201, 317, -1,
      317, 201, 221, -1,
      317, 221, 318, -1,
      318, 221, 319, -1,
      320, 321, 322, -1,
      321, 323, 322, -1,
      322, 323, 324, -1,
      322, 324, 325, -1,
      325, 324, 319, -1,
      325, 319, 326, -1,
      326, 319, 221, -1,
      326, 221, 300, -1,
      300, 221, 297, -1,
      300, 297, 301, -1,
      327, 328, 322, -1,
      322, 328, 329, -1,
      327, 322, 330, -1,
      330, 322, 331, -1,
      330, 331, 332, -1,
      329, 333, 322, -1,
      322, 333, 334, -1,
      322, 334, 335, -1,
      336, 337, 322, -1,
      322, 337, 338, -1,
      322, 338, 320, -1,
      332, 339, 330, -1,
      330, 339, 340, -1,
      330, 340, 341, -1,
      335, 342, 322, -1,
      322, 342, 343, -1,
      322, 343, 336, -1,
      344, 345, 346, -1,
      346, 345, 347, -1,
      346, 347, 300, -1,
      300, 347, 348, -1,
      300, 348, 326, -1,
      349, 350, 351, -1,
      351, 350, 352, -1,
      351, 352, 344, -1,
      12, 14, 353, -1,
      354, 355, 14, -1,
      14, 355, 356, -1,
      14, 356, 353, -1,
      357, 358, 359, -1,
      359, 358, 360, -1,
      359, 360, 361, -1,
      362, 363, 14, -1,
      14, 363, 364, -1,
      14, 364, 354, -1,
      358, 365, 360, -1,
      360, 365, 366, -1,
      360, 366, 362, -1,
      362, 366, 367, -1,
      362, 367, 363, -1,
      368, 369, 359, -1,
      369, 370, 359, -1,
      359, 370, 371, -1,
      359, 371, 357, -1,
      316, 372, 201, -1,
      201, 372, 373, -1,
      201, 373, 359, -1,
      359, 373, 374, -1,
      359, 374, 368, -1,
      375, 376, 377, -1,
      377, 376, 378, -1,
      379, 380, 381, -1,
      381, 380, 382, -1,
      381, 382, 202, -1,
      383, 361, 384, -1,
      384, 361, 385, -1,
      201, 386, 387, -1,
      375, 388, 376, -1,
      376, 388, 389, -1,
      376, 389, 390, -1,
      390, 389, 391, -1,
      392, 393, 391, -1,
      391, 393, 394, -1,
      391, 394, 390, -1,
      383, 395, 361, -1,
      361, 395, 396, -1,
      361, 396, 397, -1,
      398, 399, 201, -1,
      201, 399, 400, -1,
      201, 400, 386, -1,
      387, 401, 201, -1,
      201, 401, 402, -1,
      201, 402, 202, -1,
      202, 402, 403, -1,
      202, 403, 381, -1,
      404, 405, 381, -1,
      381, 405, 406, -1,
      381, 406, 379, -1,
      397, 407, 361, -1,
      361, 407, 408, -1,
      361, 408, 359, -1,
      359, 408, 378, -1,
      359, 378, 409, -1,
      409, 378, 376, -1,
      410, 411, 391, -1,
      391, 411, 412, -1,
      391, 412, 413, -1,
      409, 414, 359, -1,
      359, 414, 415, -1,
      359, 415, 201, -1,
      201, 415, 416, -1,
      201, 416, 398, -1,
      413, 417, 391, -1,
      391, 417, 418, -1,
      391, 418, 392, -1,
      419, 420, 421, -1,
      421, 420, 422, -1,
      421, 422, 382, -1,
      423, 424, 17, -1,
      217, 17, 230, -1,
      230, 17, 424, -1,
      230, 424, 191, -1,
      191, 424, 425, -1,
      191, 425, 198, -1,
      426, 427, 423, -1,
      428, 429, 430, -1,
      430, 429, 431, -1,
      430, 431, 426, -1,
      426, 423, 430, -1,
      430, 423, 17, -1,
      430, 17, 432, -1,
      432, 17, 216, -1,
      432, 216, 433, -1,
      432, 434, 430, -1,
      430, 434, 435, -1,
      430, 435, 436, -1,
      437, 438, 439, -1,
      439, 438, 440, -1,
      439, 440, 216, -1,
      216, 440, 441, -1,
      216, 441, 433, -1,
      436, 442, 430, -1,
      430, 442, 443, -1,
      430, 443, 428, -1,
      444, 445, 446, -1,
      444, 446, 186, -1,
      445, 447, 446, -1,
      446, 447, 448, -1,
      446, 448, 439, -1,
      439, 448, 449, -1,
      439, 449, 437, -1,
      450, 7, 451, -1,
      451, 7, 6, -1,
      451, 6, 452, -1,
      452, 6, 453, -1,
      454, 455, 456, -1,
      457, 458, 459, -1,
      456, 455, 277, -1,
      277, 455, 460, -1,
      277, 460, 461, -1,
      459, 454, 457, -1,
      457, 454, 456, -1,
      457, 456, 462, -1,
      462, 456, 453, -1,
      462, 453, 461, -1,
      461, 453, 6, -1,
      461, 6, 277, -1,
      277, 6, 8, -1,
      277, 8, 278, -1,
      278, 8, 463, -1,
      278, 463, 464, -1,
      464, 463, 465, -1,
      466, 467, 277, -1,
      277, 467, 468, -1,
      277, 468, 456, -1,
      456, 468, 469, -1,
      456, 469, 470, -1,
      470, 471, 456, -1,
      456, 471, 472, -1,
      456, 472, 473, -1,
      473, 474, 456, -1,
      456, 474, 475, -1,
      456, 475, 171, -1,
      171, 475, 476, -1,
      171, 476, 170, -1,
      476, 477, 170, -1,
      170, 477, 478, -1,
      170, 478, 277, -1,
      277, 478, 479, -1,
      277, 479, 480, -1,
      480, 481, 277, -1,
      277, 481, 482, -1,
      277, 482, 466, -1,
      186, 446, 173, -1,
      173, 446, 483, -1,
      173, 483, 171, -1,
      171, 483, 484, -1,
      171, 484, 456, -1,
      456, 484, 11, -1,
      456, 11, 453, -1,
      453, 11, 10, -1,
      453, 10, 452, -1,
      294, 286, 285, -1,
      285, 286, 288, -1,
      285, 288, 284, -1,
      284, 288, 191, -1,
      284, 191, 485, -1,
      3, 5, 486, -1,
      465, 463, 279, -1,
      279, 463, 5, -1,
      279, 5, 193, -1,
      193, 5, 4, -1,
      193, 4, 487, -1,
      487, 488, 193, -1,
      193, 488, 489, -1,
      193, 489, 490, -1,
      490, 491, 193, -1,
      193, 491, 492, -1,
      193, 492, 191, -1,
      191, 492, 493, -1,
      191, 493, 485, -1,
      485, 494, 284, -1,
      284, 494, 495, -1,
      284, 495, 5, -1,
      5, 495, 496, -1,
      5, 496, 497, -1,
      497, 498, 5, -1,
      5, 498, 499, -1,
      5, 499, 486, -1,
      382, 422, 202, -1,
      202, 422, 213, -1,
      202, 213, 20, -1,
      20, 213, 215, -1,
      20, 215, 18, -1,
      344, 346, 351, -1,
      351, 346, 300, -1,
      351, 300, 500, -1,
      500, 300, 282, -1,
      500, 282, 501, -1,
      501, 282, 284, -1,
      501, 284, 502, -1,
      502, 284, 5, -1,
      502, 5, 503, -1,
      503, 5, 463, -1,
      503, 463, 504, -1,
      504, 463, 8, -1,
      504, 8, 505, -1,
      505, 8, 7, -1,
      505, 7, 506, -1,
      506, 7, 450, -1,
      506, 450, 507, -1,
      9, 11, 508, -1,
      508, 11, 484, -1,
      508, 484, 509, -1,
      509, 484, 483, -1,
      509, 483, 510, -1,
      510, 483, 446, -1,
      510, 446, 511, -1,
      511, 446, 439, -1,
      511, 439, 512, -1,
      512, 439, 216, -1,
      512, 216, 513, -1,
      513, 216, 213, -1,
      513, 213, 514, -1,
      514, 213, 422, -1,
      514, 422, 515, -1,
      515, 422, 420, -1,
      515, 420, 516, -1,
      517, 518, 516, -1,
      518, 77, 68, -1,
      68, 77, 81, -1,
      68, 81, 66, -1,
      518, 517, 77, -1,
      77, 517, 92, -1,
      77, 92, 75, -1,
      75, 92, 117, -1,
      75, 117, 127, -1,
      519, 520, 521, -1,
      521, 520, 522, -1,
      419, 385, 420, -1,
      420, 385, 361, -1,
      420, 361, 521, -1,
      521, 361, 360, -1,
      521, 360, 519, -1,
      519, 360, 523, -1,
      516, 420, 517, -1,
      517, 420, 521, -1,
      517, 521, 92, -1,
      92, 521, 522, -1,
      92, 522, 27, -1,
      27, 522, 524, -1,
      27, 524, 360, -1,
      360, 524, 525, -1,
      360, 525, 523, -1,
      526, 527, 528, -1,
      528, 527, 519, -1,
      528, 519, 529, -1,
      529, 519, 523, -1,
      529, 523, 530, -1,
      530, 523, 531, -1,
      532, 533, 23, -1,
      23, 533, 0, -1,
      23, 0, 362, -1,
      362, 0, 2, -1,
      362, 2, 360, -1,
      360, 2, 534, -1,
      360, 534, 27, -1,
      27, 534, 532, -1,
      27, 532, 23, -1,
      21, 23, 35, -1,
      35, 23, 362, -1,
      35, 362, 535, -1,
      535, 362, 14, -1,
      535, 14, 349, -1,
      349, 14, 13, -1,
      349, 13, 350, -1,
      312, 35, 305, -1,
      305, 35, 535, -1,
      305, 535, 536, -1,
      536, 535, 349, -1,
      536, 349, 537, -1,
      537, 349, 351, -1,
      537, 351, 538, -1,
      538, 351, 500, -1,
      538, 500, 539, -1,
      539, 500, 501, -1,
      539, 501, 540, -1,
      540, 501, 502, -1,
      540, 502, 541, -1,
      541, 502, 503, -1,
      541, 503, 542, -1,
      542, 503, 504, -1,
      542, 504, 543, -1,
      543, 504, 505, -1,
      543, 505, 544, -1,
      544, 505, 506, -1,
      544, 506, 545, -1,
      545, 506, 507, -1,
      545, 507, 546, -1,
      547, 548, 549, -1,
      549, 548, 550, -1,
      551, 552, 553, -1,
      553, 552, 554, -1,
      555, 304, 556, -1,
      556, 304, 303, -1,
      557, 558, 559, -1,
      559, 558, 560, -1,
      557, 561, 558, -1,
      558, 561, 562, -1,
      558, 562, 563, -1,
      564, 565, 566, -1,
      566, 565, 567, -1,
      566, 567, 568, -1,
      568, 567, 569, -1,
      568, 569, 570, -1,
      570, 569, 558, -1,
      570, 558, 571, -1,
      571, 558, 563, -1,
      572, 573, 574, -1,
      574, 573, 575, -1,
      574, 575, 576, -1,
      577, 578, 579, -1,
      579, 578, 580, -1,
      579, 580, 581, -1,
      581, 580, 582, -1,
      581, 582, 574, -1,
      574, 582, 583, -1,
      574, 583, 584, -1,
      584, 585, 574, -1,
      574, 585, 586, -1,
      574, 586, 572, -1,
      578, 577, 564, -1,
      564, 577, 565, -1,
      587, 588, 589, -1,
      589, 588, 590, -1,
      589, 590, 581, -1,
      581, 590, 591, -1,
      569, 592, 593, -1,
      558, 594, 595, -1,
      594, 558, 596, -1,
      596, 558, 569, -1,
      596, 569, 597, -1,
      597, 569, 593, -1,
      597, 593, 595, -1,
      595, 593, 598, -1,
      595, 598, 558, -1,
      558, 598, 599, -1,
      558, 599, 600, -1,
      600, 599, 592, -1,
      600, 592, 591, -1,
      591, 592, 569, -1,
      591, 569, 581, -1,
      600, 588, 558, -1,
      558, 588, 587, -1,
      558, 587, 574, -1,
      574, 587, 601, -1,
      574, 601, 581, -1,
      581, 601, 602, -1,
      581, 602, 589, -1,
      603, 604, 605, -1,
      605, 604, 606, -1,
      607, 608, 609, -1,
      609, 608, 610, -1,
      611, 612, 613, -1,
      613, 612, 614, -1,
      615, 616, 617, -1,
      617, 616, 618, -1,
      619, 620, 604, -1,
      604, 620, 621, -1,
      604, 621, 606, -1,
      606, 621, 622, -1,
      606, 622, 623, -1,
      623, 624, 606, -1,
      606, 624, 625, -1,
      606, 625, 626, -1,
      626, 627, 606, -1,
      606, 627, 628, -1,
      606, 628, 548, -1,
      548, 628, 629, -1,
      548, 629, 550, -1,
      630, 72, 53, -1,
      631, 620, 632, -1,
      632, 620, 619, -1,
      632, 619, 630, -1,
      630, 619, 70, -1,
      630, 70, 72, -1,
      53, 57, 630, -1,
      630, 57, 40, -1,
      630, 40, 633, -1,
      633, 40, 38, -1,
      633, 38, 313, -1,
      634, 546, 507, -1,
      634, 507, 635, -1,
      635, 507, 450, -1,
      635, 450, 451, -1,
      451, 452, 635, -1,
      635, 452, 10, -1,
      635, 10, 9, -1,
      636, 637, 638, -1,
      639, 640, 641, -1,
      553, 554, 642, -1,
      643, 556, 303, -1,
      639, 641, 636, -1,
      636, 641, 644, -1,
      636, 644, 637, -1,
      553, 642, 638, -1,
      645, 609, 610, -1,
      614, 636, 613, -1,
      613, 636, 638, -1,
      613, 638, 646, -1,
      646, 638, 642, -1,
      646, 642, 647, -1,
      548, 547, 648, -1,
      649, 650, 651, -1,
      643, 303, 652, -1,
      653, 548, 654, -1,
      654, 548, 648, -1,
      654, 648, 655, -1,
      540, 541, 651, -1,
      651, 541, 542, -1,
      651, 542, 543, -1,
      305, 656, 303, -1,
      303, 656, 657, -1,
      303, 657, 652, -1,
      653, 658, 548, -1,
      548, 658, 659, -1,
      548, 659, 606, -1,
      606, 659, 605, -1,
      546, 634, 545, -1,
      545, 634, 651, -1,
      545, 651, 544, -1,
      544, 651, 543, -1,
      650, 538, 651, -1,
      651, 538, 539, -1,
      651, 539, 540, -1,
      658, 660, 659, -1,
      659, 660, 640, -1,
      659, 640, 661, -1,
      661, 640, 639, -1,
      661, 639, 615, -1,
      615, 639, 616, -1,
      610, 647, 645, -1,
      645, 647, 642, -1,
      645, 642, 651, -1,
      651, 642, 662, -1,
      651, 662, 649, -1,
      536, 663, 305, -1,
      305, 663, 664, -1,
      305, 664, 656, -1,
      650, 665, 538, -1,
      538, 665, 663, -1,
      538, 663, 537, -1,
      537, 663, 536, -1,
      666, 617, 618, -1,
      667, 668, 70, -1,
      618, 667, 666, -1,
      666, 667, 70, -1,
      666, 70, 669, -1,
      669, 70, 619, -1,
      669, 619, 603, -1,
      603, 619, 604, -1,
      608, 607, 670, -1,
      670, 607, 671, -1,
      670, 671, 518, -1,
      612, 611, 668, -1,
      668, 611, 672, -1,
      668, 672, 70, -1,
      70, 672, 670, -1,
      70, 670, 68, -1,
      68, 670, 518, -1,
      512, 513, 673, -1,
      513, 514, 673, -1,
      673, 514, 515, -1,
      673, 515, 671, -1,
      671, 515, 516, -1,
      671, 516, 518, -1,
      635, 9, 673, -1,
      673, 9, 508, -1,
      673, 508, 509, -1,
      509, 510, 673, -1,
      673, 510, 511, -1,
      673, 511, 512, -1,
      674, 549, 550, -1,
      304, 555, 675, -1,
      676, 674, 677, -1,
      677, 674, 550, -1,
      677, 550, 560, -1,
      560, 550, 629, -1,
      675, 678, 304, -1,
      304, 678, 679, -1,
      304, 679, 306, -1,
      306, 679, 576, -1,
      576, 679, 680, -1,
      576, 680, 574, -1,
      574, 680, 681, -1,
      574, 681, 682, -1,
      682, 683, 574, -1,
      574, 683, 684, -1,
      574, 684, 685, -1,
      685, 686, 574, -1,
      574, 686, 687, -1,
      574, 687, 558, -1,
      688, 558, 689, -1,
      689, 558, 690, -1,
      552, 551, 687, -1,
      687, 551, 691, -1,
      687, 691, 558, -1,
      558, 691, 692, -1,
      558, 692, 690, -1,
      688, 693, 558, -1,
      558, 693, 694, -1,
      558, 694, 560, -1,
      560, 694, 695, -1,
      560, 695, 677, -1,
      696, 667, 618, -1,
      696, 618, 697, -1,
      697, 618, 616, -1,
      697, 616, 639, -1,
      698, 636, 614, -1,
      698, 614, 699, -1,
      699, 614, 612, -1,
      699, 612, 668, -1,
      700, 696, 697, -1,
      696, 700, 699, -1,
      699, 700, 701, -1,
      699, 701, 698, -1,
      698, 701, 702, -1,
      698, 702, 697, -1,
      697, 702, 703, -1,
      697, 703, 700, -1,
      667, 696, 668, -1,
      668, 696, 699, -1,
      636, 698, 639, -1,
      639, 698, 697, -1,
      704, 672, 611, -1,
      704, 611, 705, -1,
      705, 611, 613, -1,
      705, 613, 646, -1,
      706, 647, 610, -1,
      706, 610, 707, -1,
      707, 610, 608, -1,
      707, 608, 670, -1,
      708, 704, 705, -1,
      704, 708, 707, -1,
      707, 708, 709, -1,
      707, 709, 706, -1,
      706, 709, 710, -1,
      706, 710, 705, -1,
      705, 710, 711, -1,
      705, 711, 708, -1,
      712, 671, 607, -1,
      712, 607, 713, -1,
      713, 607, 609, -1,
      713, 609, 645, -1,
      714, 651, 634, -1,
      714, 634, 715, -1,
      715, 634, 635, -1,
      715, 635, 673, -1,
      716, 712, 713, -1,
      712, 716, 715, -1,
      715, 716, 717, -1,
      715, 717, 714, -1,
      714, 717, 718, -1,
      714, 718, 713, -1,
      713, 718, 719, -1,
      713, 719, 716, -1,
      720, 669, 603, -1,
      720, 603, 721, -1,
      721, 603, 605, -1,
      721, 605, 659, -1,
      722, 661, 615, -1,
      722, 615, 723, -1,
      723, 615, 617, -1,
      723, 617, 666, -1,
      724, 720, 721, -1,
      720, 724, 723, -1,
      723, 724, 725, -1,
      723, 725, 722, -1,
      722, 725, 726, -1,
      722, 726, 721, -1,
      721, 726, 727, -1,
      721, 727, 724, -1,
      672, 704, 670, -1,
      670, 704, 707, -1,
      647, 706, 646, -1,
      646, 706, 705, -1,
      671, 712, 673, -1,
      673, 712, 715, -1,
      651, 714, 645, -1,
      645, 714, 713, -1,
      669, 720, 666, -1,
      666, 720, 723, -1,
      661, 722, 659, -1,
      659, 722, 721, -1,
    ]
  }
}

Shape {
  appearance Appearance {
    material Material {
      diffuseColor 0.7529 0.7529 0.7529
      specularColor 0.3765 0.3765 0.3765
      ambientIntensity 0.2
      transparency 0.0000
      shininess 0.5
    }
  }
  geometry IndexedFaceSet {
    ccw TRUE
    solid FALSE
    coord DEF co Coordinate {
      point [
        1.350394 0.267717 0.224409,
        0.618110 0.267717 0.224409,
        1.350394 0.267717 -0.027559,
        0.618110 0.267717 -0.027559,
        0.366142 0.267717 -0.027559,
        -0.366142 0.267717 -0.027559,
        -0.618110 0.267717 -0.027559,
        -1.602362 0.267717 0.224409,
        -1.350394 0.267717 0.224409,
        -1.602362 0.267717 -0.027559,
        -1.350394 0.267717 -0.027559,
        -0.618110 0.267717 0.224409,
        -0.366142 0.267717 0.224409,
        0.366142 0.267717 0.224409,
        1.602362 0.267717 0.224409,
        1.602362 0.267717 -0.027559,
        -0.618110 1.055118 -0.027559,
        -0.366142 1.055118 -0.027559,
        -0.366142 1.055118 0.224409,
        -0.618110 1.055118 0.224409,
        0.366142 1.055118 -0.027559,
        0.618110 1.055118 -0.027559,
        0.618110 1.055118 0.224409,
        0.366142 1.055118 0.224409,
        1.350394 1.055118 -0.027559,
        1.602362 1.055118 -0.027559,
        1.602362 1.055118 0.224409,
        1.350394 1.055118 0.224409,
        -1.602362 1.055118 -0.027559,
        -1.350394 1.055118 -0.027559,
        -1.350394 1.055118 0.224409,
        -1.602362 1.055118 0.224409,
        -0.618110 1.181102 0.224409,
        -0.366142 1.181102 0.224409,
        -0.366142 1.264658 0.213409,
        -0.618110 1.264658 0.213409,
        -0.366142 1.342520 0.181158,
        -0.618110 1.342520 0.181158,
        -0.366142 1.409381 0.129854,
        -0.618110 1.409381 0.129854,
        -0.366142 1.460685 0.062992,
        -0.618110 1.460685 0.062992,
        -0.366142 1.492937 -0.014869,
        -0.618110 1.492937 -0.014869,
        -0.366142 1.503937 -0.098425,
        -0.618110 1.503937 -0.098425,
        -0.618110 1.503937 -2.303150,
        -0.366142 1.503937 -2.303150,
        -0.437789 1.432289 -2.500000,
        -0.437789 1.323616 -2.500000,
        -0.546463 1.432289 -2.500000,
        -0.546463 1.323616 -2.500000,
        -0.366142 1.251969 -2.303150,
        -0.366142 1.251969 -0.098425,
        -0.618110 1.251969 -2.303150,
        -0.618110 1.251969 -0.098425,
        -0.618110 1.249554 -0.080084,
        -0.366142 1.249554 -0.080084,
        -0.618110 1.242474 -0.062992,
        -0.366142 1.242474 -0.062992,
        -0.618110 1.231212 -0.048315,
        -0.366142 1.231212 -0.048315,
        -0.618110 1.216535 -0.037053,
        -0.366142 1.216535 -0.037053,
        -0.618110 1.199444 -0.029974,
        -0.366142 1.199444 -0.029974,
        -0.618110 1.181102 -0.027559,
        -0.366142 1.181102 -0.027559,
        -0.618110 -0.866142 -0.027559,
        -0.366142 -0.866142 -0.027559,
        -0.366142 -0.866142 0.224409,
        -0.618110 -0.866142 0.224409,
        -0.437789 -1.062992 0.044089,
        -0.437789 -1.062992 0.152762,
        -0.546463 -1.062992 0.044089,
        -0.546463 -1.062992 0.152762,
        -1.602362 1.181102 0.224409,
        -1.350394 1.181102 0.224409,
        -1.350394 1.264658 0.213409,
        -1.602362 1.264658 0.213409,
        -1.350394 1.342520 0.181158,
        -1.602362 1.342520 0.181158,
        -1.350394 1.409381 0.129854,
        -1.602362 1.409381 0.129854,
        -1.350394 1.460685 0.062992,
        -1.602362 1.460685 0.062992,
        -1.350394 1.492937 -0.014869,
        -1.602362 1.492937 -0.014869,
        -1.350394 1.503937 -0.098425,
        -1.602362 1.503937 -0.098425,
        -1.602362 1.503937 -2.303150,
        -1.350394 1.503937 -2.303150,
        -1.422041 1.432289 -2.500000,
        -1.422041 1.323616 -2.500000,
        -1.530715 1.432289 -2.500000,
        -1.530715 1.323616 -2.500000,
        -1.350394 1.251969 -2.303150,
        -1.350394 1.251969 -0.098425,
        -1.602362 1.251969 -2.303150,
        -1.602362 1.251969 -0.098425,
        -1.602362 1.249554 -0.080084,
        -1.350394 1.249554 -0.080084,
        -1.602362 1.242474 -0.062992,
        -1.350394 1.242474 -0.062992,
        -1.602362 1.231212 -0.048315,
        -1.350394 1.231212 -0.048315,
        -1.602362 1.216535 -0.037053,
        -1.350394 1.216535 -0.037053,
        -1.602362 1.199444 -0.029974,
        -1.350394 1.199444 -0.029974,
        -1.602362 1.181102 -0.027559,
        -1.350394 1.181102 -0.027559,
        -1.602362 -0.866142 -0.027559,
        -1.350394 -0.866142 -0.027559,
        -1.350394 -0.866142 0.224409,
        -1.602362 -0.866142 0.224409,
        -1.422041 -1.062992 0.044089,
        -1.422041 -1.062992 0.152762,
        -1.530715 -1.062992 0.044089,
        -1.530715 -1.062992 0.152762,
        0.366142 1.181102 0.224409,
        0.618110 1.181102 0.224409,
        0.618110 1.264658 0.213409,
        0.366142 1.264658 0.213409,
        0.618110 1.342520 0.181158,
        0.366142 1.342520 0.181158,
        0.618110 1.409381 0.129854,
        0.366142 1.409381 0.129854,
        0.618110 1.460685 0.062992,
        0.366142 1.460685 0.062992,
        0.618110 1.492937 -0.014869,
        0.366142 1.492937 -0.014869,
        0.618110 1.503937 -0.098425,
        0.366142 1.503937 -0.098425,
        0.366142 1.503937 -2.303150,
        0.618110 1.503937 -2.303150,
        0.546463 1.432289 -2.500000,
        0.546463 1.323616 -2.500000,
        0.437789 1.432289 -2.500000,
        0.437789 1.323616 -2.500000,
        0.618110 1.251969 -2.303150,
        0.618110 1.251969 -0.098425,
        0.366142 1.251969 -2.303150,
        0.366142 1.251969 -0.098425,
        0.366142 1.249554 -0.080084,
        0.618110 1.249554 -0.080084,
        0.366142 1.242474 -0.062992,
        0.618110 1.242474 -0.062992,
        0.366142 1.231212 -0.048315,
        0.618110 1.231212 -0.048315,
        0.366142 1.216535 -0.037053,
        0.618110 1.216535 -0.037053,
        0.366142 1.199444 -0.029974,
        0.618110 1.199444 -0.029974,
        0.366142 1.181102 -0.027559,
        0.618110 1.181102 -0.027559,
        0.366142 -0.866142 -0.027559,
        0.618110 -0.866142 -0.027559,
        0.618110 -0.866142 0.224409,
        0.366142 -0.866142 0.224409,
        0.546463 -1.062992 0.044089,
        0.546463 -1.062992 0.152762,
        0.437789 -1.062992 0.044089,
        0.437789 -1.062992 0.152762,
        1.350394 1.181102 0.224409,
        1.602362 1.181102 0.224409,
        1.602362 1.264658 0.213409,
        1.350394 1.264658 0.213409,
        1.602362 1.342520 0.181158,
        1.350394 1.342520 0.181158,
        1.602362 1.409381 0.129854,
        1.350394 1.409381 0.129854,
        1.602362 1.460685 0.062992,
        1.350394 1.460685 0.062992,
        1.602362 1.492937 -0.014869,
        1.350394 1.492937 -0.014869,
        1.602362 1.503937 -0.098425,
        1.350394 1.503937 -0.098425,
        1.350394 1.503937 -2.303150,
        1.602362 1.503937 -2.303150,
        1.530715 1.432289 -2.500000,
        1.530715 1.323616 -2.500000,
        1.422041 1.432289 -2.500000,
        1.422041 1.323616 -2.500000,
        1.602362 1.251969 -2.303150,
        1.602362 1.251969 -0.098425,
        1.350394 1.251969 -2.303150,
        1.350394 1.251969 -0.098425,
        1.350394 1.249554 -0.080084,
        1.602362 1.249554 -0.080084,
        1.350394 1.242474 -0.062992,
        1.602362 1.242474 -0.062992,
        1.350394 1.231212 -0.048315,
        1.602362 1.231212 -0.048315,
        1.350394 1.216535 -0.037053,
        1.602362 1.216535 -0.037053,
        1.350394 1.199444 -0.029974,
        1.602362 1.199444 -0.029974,
        1.350394 1.181102 -0.027559,
        1.602362 1.181102 -0.027559,
        1.350394 -0.866142 -0.027559,
        1.602362 -0.866142 -0.027559,
        1.602362 -0.866142 0.224409,
        1.350394 -0.866142 0.224409,
        1.530715 -1.062992 0.044089,
        1.530715 -1.062992 0.152762,
        1.422041 -1.062992 0.044089,
        1.422041 -1.062992 0.152762,
      ]
    }
    coordIndex [
      32, 33, 34, -1,
      32, 34, 35, -1,
      35, 34, 36, -1,
      35, 36, 37, -1,
      37, 36, 38, -1,
      37, 38, 39, -1,
      39, 38, 40, -1,
      39, 40, 41, -1,
      41, 40, 42, -1,
      41, 42, 43, -1,
      43, 42, 44, -1,
      43, 44, 45, -1,
      46, 45, 47, -1,
      47, 45, 44, -1,
      48, 49, 50, -1,
      50, 49, 51, -1,
      52, 53, 54, -1,
      54, 53, 55, -1,
      55, 53, 56, -1,
      56, 53, 57, -1,
      56, 57, 58, -1,
      58, 57, 59, -1,
      58, 59, 60, -1,
      60, 59, 61, -1,
      60, 61, 62, -1,
      62, 61, 63, -1,
      62, 63, 64, -1,
      64, 63, 65, -1,
      64, 65, 66, -1,
      66, 65, 67, -1,
      16, 19, 66, -1,
      66, 19, 32, -1,
      66, 32, 64, -1,
      64, 32, 35, -1,
      64, 35, 62, -1,
      62, 35, 37, -1,
      62, 37, 60, -1,
      60, 37, 39, -1,
      60, 39, 58, -1,
      58, 39, 41, -1,
      58, 41, 56, -1,
      56, 41, 43, -1,
      56, 43, 55, -1,
      55, 43, 45, -1,
      55, 45, 54, -1,
      54, 45, 46, -1,
      52, 47, 53, -1,
      53, 47, 44, -1,
      53, 44, 57, -1,
      57, 44, 42, -1,
      57, 42, 59, -1,
      59, 42, 40, -1,
      59, 40, 61, -1,
      61, 40, 38, -1,
      61, 38, 63, -1,
      63, 38, 36, -1,
      63, 36, 65, -1,
      65, 36, 34, -1,
      65, 34, 67, -1,
      67, 34, 33, -1,
      67, 33, 17, -1,
      17, 33, 18, -1,
      33, 32, 18, -1,
      18, 32, 19, -1,
      16, 66, 17, -1,
      17, 66, 67, -1,
      68, 6, 69, -1,
      69, 6, 5, -1,
      70, 12, 71, -1,
      71, 12, 11, -1,
      71, 11, 68, -1,
      68, 11, 6, -1,
      69, 5, 70, -1,
      70, 5, 12, -1,
      72, 73, 74, -1,
      74, 73, 75, -1,
      71, 75, 70, -1,
      70, 75, 73, -1,
      68, 74, 71, -1,
      71, 74, 75, -1,
      72, 69, 73, -1,
      73, 69, 70, -1,
      69, 72, 68, -1,
      68, 72, 74, -1,
      54, 51, 52, -1,
      52, 51, 49, -1,
      46, 50, 54, -1,
      54, 50, 51, -1,
      48, 47, 49, -1,
      49, 47, 52, -1,
      47, 48, 46, -1,
      46, 48, 50, -1,
      76, 77, 78, -1,
      76, 78, 79, -1,
      79, 78, 80, -1,
      79, 80, 81, -1,
      81, 80, 82, -1,
      81, 82, 83, -1,
      83, 82, 84, -1,
      83, 84, 85, -1,
      85, 84, 86, -1,
      85, 86, 87, -1,
      87, 86, 88, -1,
      87, 88, 89, -1,
      90, 89, 91, -1,
      91, 89, 88, -1,
      92, 93, 94, -1,
      94, 93, 95, -1,
      96, 97, 98, -1,
      98, 97, 99, -1,
      99, 97, 100, -1,
      100, 97, 101, -1,
      100, 101, 102, -1,
      102, 101, 103, -1,
      102, 103, 104, -1,
      104, 103, 105, -1,
      104, 105, 106, -1,
      106, 105, 107, -1,
      106, 107, 108, -1,
      108, 107, 109, -1,
      108, 109, 110, -1,
      110, 109, 111, -1,
      28, 31, 110, -1,
      110, 31, 76, -1,
      110, 76, 108, -1,
      108, 76, 79, -1,
      108, 79, 106, -1,
      106, 79, 81, -1,
      106, 81, 104, -1,
      104, 81, 83, -1,
      104, 83, 102, -1,
      102, 83, 85, -1,
      102, 85, 100, -1,
      100, 85, 87, -1,
      100, 87, 99, -1,
      99, 87, 89, -1,
      99, 89, 98, -1,
      98, 89, 90, -1,
      96, 91, 97, -1,
      97, 91, 88, -1,
      97, 88, 101, -1,
      101, 88, 86, -1,
      101, 86, 103, -1,
      103, 86, 84, -1,
      103, 84, 105, -1,
      105, 84, 82, -1,
      105, 82, 107, -1,
      107, 82, 80, -1,
      107, 80, 109, -1,
      109, 80, 78, -1,
      109, 78, 111, -1,
      111, 78, 77, -1,
      111, 77, 29, -1,
      29, 77, 30, -1,
      77, 76, 30, -1,
      30, 76, 31, -1,
      28, 110, 29, -1,
      29, 110, 111, -1,
      112, 9, 113, -1,
      113, 9, 10, -1,
      114, 8, 115, -1,
      115, 8, 7, -1,
      115, 7, 112, -1,
      112, 7, 9, -1,
      113, 10, 114, -1,
      114, 10, 8, -1,
      116, 117, 118, -1,
      118, 117, 119, -1,
      120, 121, 122, -1,
      120, 122, 123, -1,
      123, 122, 124, -1,
      123, 124, 125, -1,
      125, 124, 126, -1,
      125, 126, 127, -1,
      127, 126, 128, -1,
      127, 128, 129, -1,
      129, 128, 130, -1,
      129, 130, 131, -1,
      131, 130, 132, -1,
      131, 132, 133, -1,
      134, 133, 135, -1,
      135, 133, 132, -1,
      136, 137, 138, -1,
      138, 137, 139, -1,
      140, 141, 142, -1,
      142, 141, 143, -1,
      143, 141, 144, -1,
      144, 141, 145, -1,
      144, 145, 146, -1,
      146, 145, 147, -1,
      146, 147, 148, -1,
      148, 147, 149, -1,
      148, 149, 150, -1,
      150, 149, 151, -1,
      150, 151, 152, -1,
      152, 151, 153, -1,
      152, 153, 154, -1,
      154, 153, 155, -1,
      20, 23, 154, -1,
      154, 23, 120, -1,
      154, 120, 152, -1,
      152, 120, 123, -1,
      152, 123, 150, -1,
      150, 123, 125, -1,
      150, 125, 148, -1,
      148, 125, 127, -1,
      148, 127, 146, -1,
      146, 127, 129, -1,
      146, 129, 144, -1,
      144, 129, 131, -1,
      144, 131, 143, -1,
      143, 131, 133, -1,
      143, 133, 142, -1,
      142, 133, 134, -1,
      140, 135, 141, -1,
      141, 135, 132, -1,
      141, 132, 145, -1,
      145, 132, 130, -1,
      145, 130, 147, -1,
      147, 130, 128, -1,
      147, 128, 149, -1,
      149, 128, 126, -1,
      149, 126, 151, -1,
      151, 126, 124, -1,
      151, 124, 153, -1,
      153, 124, 122, -1,
      153, 122, 155, -1,
      155, 122, 121, -1,
      155, 121, 21, -1,
      21, 121, 22, -1,
      121, 120, 22, -1,
      22, 120, 23, -1,
      20, 154, 21, -1,
      21, 154, 155, -1,
      156, 4, 157, -1,
      157, 4, 3, -1,
      158, 1, 159, -1,
      159, 1, 13, -1,
      159, 13, 156, -1,
      156, 13, 4, -1,
      157, 3, 158, -1,
      158, 3, 1, -1,
      160, 161, 162, -1,
      162, 161, 163, -1,
      164, 165, 166, -1,
      164, 166, 167, -1,
      167, 166, 168, -1,
      167, 168, 169, -1,
      169, 168, 170, -1,
      169, 170, 171, -1,
      171, 170, 172, -1,
      171, 172, 173, -1,
      173, 172, 174, -1,
      173, 174, 175, -1,
      175, 174, 176, -1,
      175, 176, 177, -1,
      178, 177, 179, -1,
      179, 177, 176, -1,
      180, 181, 182, -1,
      182, 181, 183, -1,
      184, 185, 186, -1,
      186, 185, 187, -1,
      187, 185, 188, -1,
      188, 185, 189, -1,
      188, 189, 190, -1,
      190, 189, 191, -1,
      190, 191, 192, -1,
      192, 191, 193, -1,
      192, 193, 194, -1,
      194, 193, 195, -1,
      194, 195, 196, -1,
      196, 195, 197, -1,
      196, 197, 198, -1,
      198, 197, 199, -1,
      24, 27, 198, -1,
      198, 27, 164, -1,
      198, 164, 196, -1,
      196, 164, 167, -1,
      196, 167, 194, -1,
      194, 167, 169, -1,
      194, 169, 192, -1,
      192, 169, 171, -1,
      192, 171, 190, -1,
      190, 171, 173, -1,
      190, 173, 188, -1,
      188, 173, 175, -1,
      188, 175, 187, -1,
      187, 175, 177, -1,
      187, 177, 186, -1,
      186, 177, 178, -1,
      184, 179, 185, -1,
      185, 179, 176, -1,
      185, 176, 189, -1,
      189, 176, 174, -1,
      189, 174, 191, -1,
      191, 174, 172, -1,
      191, 172, 193, -1,
      193, 172, 170, -1,
      193, 170, 195, -1,
      195, 170, 168, -1,
      195, 168, 197, -1,
      197, 168, 166, -1,
      197, 166, 199, -1,
      199, 166, 165, -1,
      199, 165, 25, -1,
      25, 165, 26, -1,
      165, 164, 26, -1,
      26, 164, 27, -1,
      24, 198, 25, -1,
      25, 198, 199, -1,
      200, 2, 201, -1,
      201, 2, 15, -1,
      202, 14, 203, -1,
      203, 14, 0, -1,
      203, 0, 200, -1,
      200, 0, 2, -1,
      201, 15, 202, -1,
      202, 15, 14, -1,
      204, 205, 206, -1,
      206, 205, 207, -1,
      115, 119, 114, -1,
      114, 119, 117, -1,
      112, 118, 115, -1,
      115, 118, 119, -1,
      116, 113, 117, -1,
      117, 113, 114, -1,
      113, 116, 112, -1,
      112, 116, 118, -1,
      98, 95, 96, -1,
      96, 95, 93, -1,
      90, 94, 98, -1,
      98, 94, 95, -1,
      92, 91, 93, -1,
      93, 91, 96, -1,
      91, 92, 90, -1,
      90, 92, 94, -1,
      159, 163, 158, -1,
      158, 163, 161, -1,
      156, 162, 159, -1,
      159, 162, 163, -1,
      160, 157, 161, -1,
      161, 157, 158, -1,
      157, 160, 156, -1,
      156, 160, 162, -1,
      142, 139, 140, -1,
      140, 139, 137, -1,
      134, 138, 142, -1,
      142, 138, 139, -1,
      136, 135, 137, -1,
      137, 135, 140, -1,
      135, 136, 134, -1,
      134, 136, 138, -1,
      203, 207, 202, -1,
      202, 207, 205, -1,
      200, 206, 203, -1,
      203, 206, 207, -1,
      204, 201, 205, -1,
      205, 201, 202, -1,
      201, 204, 200, -1,
      200, 204, 206, -1,
      186, 183, 184, -1,
      184, 183, 181, -1,
      178, 182, 186, -1,
      186, 182, 183, -1,
      180, 179, 181, -1,
      181, 179, 184, -1,
      179, 180, 178, -1,
      178, 180, 182, -1,
    ]
  }
}

Shape {
  appearance Appearance {
    material Material {
      diffuseColor 1.0000 1.0000 1.0000
      specularColor 0.5020 0.5020 0.5020
      ambientIntensity 0.2
      transparency 0.0000
      shininess 0.5
    }
  }
  geometry IndexedFaceSet {
    ccw TRUE
    solid FALSE
    coord DEF co Coordinate {
      point [
        2.460630 -0.637795 0.767717,
        2.460630 -0.567710 0.759820,
        2.460630 -0.501139 0.736526,
        2.460630 -0.441420 0.699002,
        2.460630 -0.391549 0.649131,
        2.460630 -0.354026 0.589412,
        2.460630 -0.330731 0.522841,
        2.460630 -1.503937 0.374016,
        2.460630 -0.322835 0.374016,
        2.460630 -0.322835 0.452756,
        -1.673228 -1.503937 1.161417,
        -1.673228 -1.503937 0.767717,
        -1.161417 -1.503937 0.767717,
        1.161417 -1.503937 0.767717,
        -1.161417 -1.503937 1.161417,
        1.161417 -1.503937 1.161417,
        1.673228 -1.503937 0.767717,
        1.673228 -1.503937 1.161417,
        -2.066929 -0.501139 0.736526,
        -2.066929 -0.567710 0.759820,
        -2.066929 -0.637795 0.767717,
        -2.066929 -0.441420 0.699002,
        -2.066929 -0.391549 0.649131,
        -2.066929 -0.354026 0.589412,
        -2.066929 0.149606 -0.767717,
        -2.066929 -1.385827 0.374016,
        -2.066929 0.149606 -0.255906,
        -2.066929 -0.322835 0.374016,
        -2.066929 0.267717 -0.137795,
        -2.066929 -0.322835 0.452756,
        -2.066929 -0.330731 0.522841,
        2.066929 -0.441420 0.699002,
        2.066929 -0.501139 0.736526,
        2.066929 -0.567710 0.759820,
        2.066929 -0.637795 0.767717,
        2.066929 0.149606 -0.767717,
        2.066929 0.149606 -0.255906,
        2.066929 -1.385827 0.374016,
        2.066929 0.267717 -0.137795,
        2.066929 -0.322835 0.374016,
        2.066929 -0.322835 0.452756,
        2.066929 -0.330731 0.522841,
        2.066929 -0.354026 0.589412,
        2.066929 -0.391549 0.649131,
        -2.460630 -1.503937 0.374016,
        -2.460630 -0.322835 0.374016,
        -2.460630 -0.322835 0.452756,
        -2.460630 -0.330731 0.522841,
        -2.460630 -0.354026 0.589412,
        -2.460630 -0.391549 0.649131,
        -2.460630 -0.441420 0.699002,
        -2.460630 -0.501139 0.736526,
        -2.460630 -0.567710 0.759820,
        -2.460630 -0.637795 0.767717,
        -2.185039 -1.503937 0.374016,
        2.185039 -1.503937 0.374016,
        -1.476378 -0.204724 1.161417,
        -1.161417 -0.204724 1.161417,
        -1.615572 -0.262381 1.161417,
        -1.574803 -0.231097 1.161417,
        1.161417 -0.204724 1.161417,
        1.673228 -1.408635 1.161417,
        -1.527327 -0.211432 1.161417,
        -1.673228 -1.408635 1.161417,
        1.527327 -0.211432 1.161417,
        1.574803 -0.231097 1.161417,
        1.555118 -1.221460 1.161417,
        -1.673228 -0.401575 1.161417,
        -1.673228 -1.038639 1.161417,
        -1.555118 -1.221460 1.161417,
        1.673228 -0.401575 1.161417,
        1.673228 -1.038639 1.161417,
        -1.666521 -0.350626 1.161417,
        -1.646855 -0.303150 1.161417,
        1.476378 -0.204724 1.161417,
        1.646855 -0.303150 1.161417,
        1.666521 -0.350626 1.161417,
        1.615572 -0.262381 1.161417,
        -1.673228 -1.408635 0.767717,
        1.673228 -1.408635 0.767717,
        -1.555118 -1.221460 0.767717,
        -1.673228 -1.038639 0.767717,
        1.555118 -1.221460 0.767717,
        1.673228 -1.038639 0.767717,
        1.673228 -0.401575 0.767717,
        1.666521 -0.350626 0.767717,
        1.646855 -0.303150 0.767717,
        1.615572 -0.262381 0.767717,
        1.574803 -0.231097 0.767717,
        1.527327 -0.211432 0.767717,
        1.476378 -0.204724 0.767717,
        1.161417 -0.204724 0.767717,
        -1.615572 -0.262381 0.767717,
        -1.574803 -0.231097 0.767717,
        -1.527327 -0.211432 0.767717,
        -1.161417 -0.204724 0.767717,
        -1.476378 -0.204724 0.767717,
        -1.646855 -0.303150 0.767717,
        -1.666521 -0.350626 0.767717,
        -1.673228 -0.401575 0.767717,
      ]
    }
    coordIndex [
      35, 36, 24, -1,
      24, 36, 26, -1,
      28, 26, 38, -1,
      38, 26, 36, -1,
      55, 7, 37, -1,
      37, 7, 8, -1,
      37, 8, 39, -1,
      9, 40, 8, -1,
      8, 40, 39, -1,
      40, 9, 41, -1,
      41, 9, 6, -1,
      41, 6, 42, -1,
      42, 6, 5, -1,
      42, 5, 43, -1,
      43, 5, 4, -1,
      43, 4, 31, -1,
      31, 4, 3, -1,
      31, 3, 32, -1,
      32, 3, 2, -1,
      32, 2, 33, -1,
      33, 2, 1, -1,
      33, 1, 34, -1,
      34, 1, 0, -1,
      45, 27, 46, -1,
      46, 27, 29, -1,
      25, 27, 54, -1,
      54, 27, 45, -1,
      54, 45, 44, -1,
      46, 29, 47, -1,
      47, 29, 30, -1,
      47, 30, 48, -1,
      48, 30, 23, -1,
      48, 23, 49, -1,
      49, 23, 22, -1,
      49, 22, 50, -1,
      50, 22, 21, -1,
      50, 21, 51, -1,
      51, 21, 18, -1,
      51, 18, 52, -1,
      52, 18, 19, -1,
      52, 19, 53, -1,
      53, 19, 20, -1,
      13, 91, 15, -1,
      15, 91, 60, -1,
      74, 60, 90, -1,
      90, 60, 91, -1,
      84, 83, 70, -1,
      70, 83, 71, -1,
      83, 82, 71, -1,
      71, 82, 66, -1,
      82, 79, 66, -1,
      66, 79, 61, -1,
      79, 16, 61, -1,
      61, 16, 17, -1,
      11, 78, 10, -1,
      10, 78, 63, -1,
      78, 80, 63, -1,
      63, 80, 69, -1,
      80, 81, 69, -1,
      69, 81, 68, -1,
      67, 68, 99, -1,
      99, 68, 81, -1,
      96, 95, 56, -1,
      56, 95, 57, -1,
      95, 12, 57, -1,
      57, 12, 14, -1,
      67, 99, 72, -1,
      72, 99, 98, -1,
      72, 98, 73, -1,
      73, 98, 97, -1,
      73, 97, 58, -1,
      58, 97, 92, -1,
      58, 92, 59, -1,
      59, 92, 93, -1,
      59, 93, 62, -1,
      62, 93, 94, -1,
      62, 94, 56, -1,
      56, 94, 96, -1,
      74, 90, 64, -1,
      64, 90, 89, -1,
      64, 89, 65, -1,
      65, 89, 88, -1,
      65, 88, 77, -1,
      77, 88, 87, -1,
      77, 87, 75, -1,
      75, 87, 86, -1,
      75, 86, 76, -1,
      76, 86, 85, -1,
      76, 85, 70, -1,
      70, 85, 84, -1,
    ]
  }
}

Shape {
  appearance Appearance {
    material Material {
      diffuseColor 0.0000 0.0000 0.0000
      specularColor 0.0000 0.0000 0.0000
      ambientIntensity 0.2
      transparency 0.0000
      shininess 0.5
    }
  }
  geometry IndexedFaceSet {
    ccw TRUE
    solid FALSE
    coord DEF co Coordinate {
      point [
        2.460630 -0.075879 -0.575435,
        2.460630 -0.075879 -0.658199,
        2.460630 -0.038676 -0.658199,
        2.460630 0.196196 -0.608178,
        2.460630 0.197726 -0.620948,
        2.460630 -0.000467 -0.575478,
        2.460630 0.006419 -0.574647,
        2.460630 0.101900 -0.575435,
        2.460630 0.101900 -0.586180,
        2.460630 0.099249 -0.616077,
        2.460630 0.099249 -0.626774,
        2.460630 0.104025 -0.658199,
        2.460630 0.091071 -0.658199,
        2.460630 0.091071 -0.626774,
        2.460630 0.065843 -0.626774,
        2.460630 0.065843 -0.658199,
        2.460630 0.091071 -0.586180,
        2.460630 0.091071 -0.616077,
        2.460630 0.065843 -0.586180,
        2.460630 0.065843 -0.616077,
        2.460630 0.053784 -0.668849,
        2.460630 0.091071 -0.668849,
        2.460630 0.104025 -0.668849,
        2.460630 0.053784 -0.575435,
        2.460630 0.091071 -0.575435,
        2.460630 0.031099 -0.666560,
        2.460630 0.033493 -0.665775,
        2.460630 0.035087 -0.664981,
        2.460630 0.035087 -0.653424,
        2.460630 0.010969 -0.659680,
        2.460630 0.016552 -0.659410,
        2.460630 0.031099 -0.588506,
        2.460630 0.026925 -0.657217,
        2.460630 0.031099 -0.655277,
        2.460630 0.032694 -0.589049,
        2.460630 0.035087 -0.590287,
        2.460630 -0.013084 -0.595880,
        2.460630 -0.017582 -0.602389,
        2.460630 -0.020693 -0.610485,
        2.460630 -0.012385 -0.595111,
        2.460630 0.023049 -0.585768,
        2.460630 0.013070 -0.584748,
        2.460630 -0.022199 -0.623193,
        2.460630 -0.022183 -0.624599,
        2.460630 -0.020630 -0.635886,
        2.460630 -0.010851 -0.651965,
        2.460630 -0.004657 -0.656199,
        2.460630 0.002089 -0.658677,
        2.460630 0.009405 -0.584896,
        2.460630 0.001284 -0.586470,
        2.460630 -0.006057 -0.589881,
        2.460630 -0.017628 -0.643435,
        2.460630 -0.013030 -0.649842,
        2.460630 0.022272 -0.574647,
        2.460630 0.026637 -0.575092,
        2.460630 0.031099 -0.576458,
        2.460630 0.035087 -0.577680,
        2.460630 0.012951 -0.573859,
        2.460630 0.014715 -0.573876,
        2.460630 -0.010242 -0.579250,
        2.460630 -0.027322 -0.595121,
        2.460630 -0.021363 -0.587613,
        2.460630 -0.019281 -0.585614,
        2.460630 -0.029265 -0.648760,
        2.460630 -0.030676 -0.645112,
        2.460630 -0.032085 -0.605272,
        2.460630 -0.030676 -0.602269,
        2.460630 -0.033048 -0.638984,
        2.460630 -0.034855 -0.623909,
        2.460630 -0.034530 -0.617112,
        2.460630 -0.007327 -0.667806,
        2.460630 -0.016035 -0.663473,
        2.460630 -0.022868 -0.657674,
        2.460630 -0.023710 -0.656752,
        2.460630 0.023463 -0.669064,
        2.460630 0.009226 -0.670425,
        2.460630 0.002637 -0.670058,
        2.460630 0.121672 -0.668849,
        2.460630 0.192757 -0.599251,
        2.460630 0.197278 -0.628411,
        2.460630 0.194737 -0.639114,
        2.460630 0.189840 -0.648611,
        2.460630 0.183638 -0.655764,
        2.460630 0.173777 -0.662815,
        2.460630 0.163104 -0.666951,
        2.460630 0.147365 -0.668849,
        2.460630 0.121672 -0.575435,
        2.460630 0.148320 -0.575435,
        2.460630 0.162584 -0.577010,
        2.460630 0.173858 -0.581128,
        2.460630 0.183638 -0.587804,
        2.460630 0.186989 -0.591089,
        2.460630 -0.087938 -0.668849,
        2.460630 -0.087938 -0.575435,
        2.460630 -0.038676 -0.668849,
        2.464567 -0.038676 -0.658199,
        2.464567 -0.038676 -0.668849,
        2.464567 -0.075879 -0.658199,
        2.464567 -0.075879 -0.575435,
        2.464567 -0.087938 -0.575435,
        2.464567 -0.087938 -0.668849,
        2.464567 0.009226 -0.670425,
        2.464567 0.033493 -0.665775,
        2.464567 0.023463 -0.669064,
        2.464567 0.035087 -0.664981,
        2.464567 0.035087 -0.653424,
        2.464567 0.026925 -0.657217,
        2.464567 0.016552 -0.659410,
        2.464567 0.010969 -0.659680,
        2.464567 0.002089 -0.658677,
        2.464567 -0.004657 -0.656199,
        2.464567 -0.010851 -0.651965,
        2.464567 -0.013030 -0.649842,
        2.464567 -0.017628 -0.643435,
        2.464567 -0.020630 -0.635886,
        2.464567 -0.022183 -0.624599,
        2.464567 -0.022199 -0.623193,
        2.464567 -0.020693 -0.610485,
        2.464567 -0.017582 -0.602389,
        2.464567 -0.013084 -0.595880,
        2.464567 -0.012385 -0.595111,
        2.464567 -0.006057 -0.589881,
        2.464567 0.001284 -0.586470,
        2.464567 0.009405 -0.584896,
        2.464567 0.013070 -0.584748,
        2.464567 0.035087 -0.590287,
        2.464567 0.032694 -0.589049,
        2.464567 0.023049 -0.585768,
        2.464567 0.035087 -0.577680,
        2.464567 0.012951 -0.573859,
        2.464567 0.014715 -0.573876,
        2.464567 0.026637 -0.575092,
        2.464567 -0.000467 -0.575478,
        2.464567 -0.010242 -0.579250,
        2.464567 -0.019281 -0.585614,
        2.464567 -0.021363 -0.587613,
        2.464567 -0.032085 -0.605272,
        2.464567 -0.027322 -0.595121,
        2.464567 -0.034530 -0.617112,
        2.464567 -0.034855 -0.623909,
        2.464567 -0.029265 -0.648760,
        2.464567 -0.033048 -0.638984,
        2.464567 -0.023710 -0.656752,
        2.464567 -0.022868 -0.657674,
        2.464567 -0.016035 -0.663473,
        2.464567 -0.007327 -0.667806,
        2.464567 0.002637 -0.670058,
        2.464567 0.104025 -0.658199,
        2.464567 0.104025 -0.668849,
        2.464567 0.065843 -0.658199,
        2.464567 0.065843 -0.626774,
        2.464567 0.099249 -0.626774,
        2.464567 0.099249 -0.616077,
        2.464567 0.065843 -0.616077,
        2.464567 0.065843 -0.586180,
        2.464567 0.101900 -0.586180,
        2.464567 0.101900 -0.575435,
        2.464567 0.053784 -0.575435,
        2.464567 0.053784 -0.668849,
        2.464567 0.179858 -0.642454,
        2.464567 0.175065 -0.648457,
        2.464567 0.183638 -0.655764,
        2.464567 0.173890 -0.649548,
        2.464567 0.173777 -0.662815,
        2.464567 0.167844 -0.653717,
        2.464567 0.163104 -0.666951,
        2.464567 0.160094 -0.656691,
        2.464567 0.147365 -0.668849,
        2.464567 0.147294 -0.658199,
        2.464567 0.121672 -0.668849,
        2.464567 0.133731 -0.658199,
        2.464567 0.121672 -0.575435,
        2.464567 0.133731 -0.586180,
        2.464567 0.148320 -0.575435,
        2.464567 0.147843 -0.586180,
        2.464567 0.162584 -0.577010,
        2.464567 0.159992 -0.587537,
        2.464567 0.173858 -0.581128,
        2.464567 0.168074 -0.590481,
        2.464567 0.183638 -0.587804,
        2.464567 0.174802 -0.594968,
        2.464567 0.186989 -0.591089,
        2.464567 0.178151 -0.598414,
        2.464567 0.192757 -0.599251,
        2.464567 0.181588 -0.603882,
        2.464567 0.196196 -0.608178,
        2.464567 0.184029 -0.611120,
        2.464567 0.197726 -0.620948,
        2.464567 0.185046 -0.621282,
        2.464567 0.197278 -0.628411,
        2.464567 0.184777 -0.626821,
        2.464567 0.194737 -0.639114,
        2.464567 0.183021 -0.635465,
        2.464567 0.189840 -0.648611,
        2.460630 0.147843 -0.586180,
        2.460630 0.133731 -0.586180,
        2.460630 0.133731 -0.658199,
        2.460630 0.147294 -0.658199,
        2.460630 0.175065 -0.648457,
        2.460630 0.173890 -0.649548,
        2.460630 0.167844 -0.653717,
        2.460630 0.160094 -0.656691,
        2.460630 0.185046 -0.621282,
        2.460630 0.184777 -0.626821,
        2.460630 0.183021 -0.635465,
        2.460630 0.179858 -0.642454,
        2.460630 0.174802 -0.594968,
        2.460630 0.178151 -0.598414,
        2.460630 0.181588 -0.603882,
        2.460630 0.184029 -0.611120,
        2.460630 0.159992 -0.587537,
        2.460630 0.168074 -0.590481,
      ]
    }
    coordIndex [
      95, 96, 2, -1,
      2, 96, 94, -1,
      97, 95, 1, -1,
      1, 95, 2, -1,
      98, 97, 0, -1,
      0, 97, 1, -1,
      99, 98, 93, -1,
      93, 98, 0, -1,
      100, 99, 92, -1,
      92, 99, 93, -1,
      96, 100, 94, -1,
      94, 100, 92, -1,
      98, 99, 97, -1,
      97, 99, 100, -1,
      97, 100, 95, -1,
      95, 100, 96, -1,
      101, 75, 74, -1,
      25, 102, 74, -1,
      74, 102, 103, -1,
      74, 103, 101, -1,
      25, 26, 102, -1,
      102, 26, 27, -1,
      102, 27, 104, -1,
      105, 104, 28, -1,
      28, 104, 27, -1,
      105, 28, 33, -1,
      105, 33, 106, -1,
      33, 32, 106, -1,
      106, 32, 30, -1,
      106, 30, 107, -1,
      107, 30, 29, -1,
      107, 29, 108, -1,
      108, 29, 47, -1,
      108, 47, 109, -1,
      109, 47, 46, -1,
      109, 46, 110, -1,
      110, 46, 45, -1,
      110, 45, 111, -1,
      111, 45, 52, -1,
      111, 52, 112, -1,
      112, 52, 51, -1,
      112, 51, 113, -1,
      113, 51, 44, -1,
      113, 44, 114, -1,
      114, 44, 43, -1,
      114, 43, 115, -1,
      115, 43, 42, -1,
      115, 42, 116, -1,
      116, 42, 38, -1,
      116, 38, 117, -1,
      117, 38, 37, -1,
      117, 37, 118, -1,
      118, 37, 36, -1,
      118, 36, 119, -1,
      119, 36, 39, -1,
      119, 39, 120, -1,
      120, 39, 50, -1,
      120, 50, 121, -1,
      121, 50, 49, -1,
      121, 49, 122, -1,
      122, 49, 48, -1,
      122, 48, 123, -1,
      123, 48, 41, -1,
      123, 41, 124, -1,
      35, 125, 126, -1,
      124, 41, 40, -1,
      124, 40, 127, -1,
      127, 40, 31, -1,
      127, 31, 126, -1,
      126, 31, 34, -1,
      126, 34, 35, -1,
      128, 125, 56, -1,
      56, 125, 35, -1,
      57, 129, 130, -1,
      128, 56, 55, -1,
      128, 55, 131, -1,
      55, 54, 131, -1,
      131, 54, 53, -1,
      131, 53, 130, -1,
      130, 53, 58, -1,
      130, 58, 57, -1,
      129, 57, 6, -1,
      129, 6, 132, -1,
      6, 5, 132, -1,
      132, 5, 59, -1,
      132, 59, 133, -1,
      133, 59, 62, -1,
      133, 62, 134, -1,
      134, 62, 61, -1,
      134, 61, 135, -1,
      135, 61, 60, -1,
      66, 136, 60, -1,
      60, 136, 137, -1,
      60, 137, 135, -1,
      66, 65, 136, -1,
      136, 65, 69, -1,
      136, 69, 138, -1,
      138, 69, 68, -1,
      138, 68, 139, -1,
      139, 68, 67, -1,
      64, 140, 67, -1,
      67, 140, 141, -1,
      67, 141, 139, -1,
      64, 63, 140, -1,
      140, 63, 73, -1,
      140, 73, 142, -1,
      142, 73, 72, -1,
      142, 72, 143, -1,
      143, 72, 71, -1,
      143, 71, 144, -1,
      144, 71, 70, -1,
      144, 70, 145, -1,
      145, 70, 76, -1,
      145, 76, 146, -1,
      146, 76, 75, -1,
      146, 75, 101, -1,
      126, 125, 128, -1,
      121, 122, 132, -1,
      117, 118, 137, -1,
      132, 122, 129, -1,
      137, 118, 135, -1,
      126, 128, 127, -1,
      132, 133, 121, -1,
      121, 133, 134, -1,
      121, 134, 120, -1,
      120, 134, 135, -1,
      120, 135, 119, -1,
      119, 135, 118, -1,
      122, 123, 129, -1,
      129, 123, 124, -1,
      129, 124, 130, -1,
      130, 124, 127, -1,
      130, 127, 131, -1,
      131, 127, 128, -1,
      139, 116, 138, -1,
      138, 116, 117, -1,
      138, 117, 136, -1,
      136, 117, 137, -1,
      104, 105, 102, -1,
      102, 105, 106, -1,
      102, 106, 103, -1,
      103, 106, 107, -1,
      103, 107, 101, -1,
      101, 107, 108, -1,
      101, 108, 146, -1,
      146, 108, 109, -1,
      146, 109, 145, -1,
      145, 109, 110, -1,
      145, 110, 144, -1,
      144, 110, 111, -1,
      144, 111, 143, -1,
      143, 111, 112, -1,
      143, 112, 142, -1,
      142, 112, 113, -1,
      142, 113, 140, -1,
      140, 113, 141, -1,
      141, 113, 114, -1,
      141, 114, 139, -1,
      139, 114, 115, -1,
      139, 115, 116, -1,
      147, 148, 11, -1,
      11, 148, 22, -1,
      15, 149, 12, -1,
      12, 149, 147, -1,
      12, 147, 11, -1,
      150, 149, 14, -1,
      14, 149, 15, -1,
      150, 14, 151, -1,
      151, 14, 13, -1,
      151, 13, 10, -1,
      152, 151, 9, -1,
      9, 151, 10, -1,
      19, 153, 17, -1,
      17, 153, 152, -1,
      17, 152, 9, -1,
      154, 153, 18, -1,
      18, 153, 19, -1,
      154, 18, 155, -1,
      155, 18, 16, -1,
      155, 16, 8, -1,
      156, 155, 7, -1,
      7, 155, 8, -1,
      23, 157, 24, -1,
      24, 157, 156, -1,
      24, 156, 7, -1,
      158, 157, 20, -1,
      20, 157, 23, -1,
      22, 148, 21, -1,
      21, 148, 158, -1,
      21, 158, 20, -1,
      158, 148, 147, -1,
      147, 149, 158, -1,
      158, 149, 150, -1,
      158, 150, 157, -1,
      155, 156, 154, -1,
      154, 156, 157, -1,
      154, 157, 153, -1,
      153, 157, 150, -1,
      153, 150, 152, -1,
      152, 150, 151, -1,
      159, 160, 161, -1,
      161, 160, 162, -1,
      161, 162, 163, -1,
      163, 162, 164, -1,
      163, 164, 165, -1,
      165, 164, 166, -1,
      165, 166, 167, -1,
      167, 166, 168, -1,
      167, 168, 169, -1,
      169, 168, 170, -1,
      169, 170, 171, -1,
      171, 170, 172, -1,
      171, 172, 173, -1,
      173, 172, 174, -1,
      173, 174, 175, -1,
      175, 174, 176, -1,
      175, 176, 177, -1,
      177, 176, 178, -1,
      177, 178, 179, -1,
      179, 178, 180, -1,
      179, 180, 181, -1,
      181, 180, 182, -1,
      181, 182, 183, -1,
      183, 182, 184, -1,
      183, 184, 185, -1,
      185, 184, 186, -1,
      185, 186, 187, -1,
      187, 186, 188, -1,
      187, 188, 189, -1,
      189, 188, 190, -1,
      189, 190, 191, -1,
      191, 190, 192, -1,
      191, 192, 193, -1,
      193, 192, 159, -1,
      193, 159, 161, -1,
      167, 169, 85, -1,
      85, 169, 77, -1,
      167, 85, 84, -1,
      167, 84, 165, -1,
      165, 84, 83, -1,
      165, 83, 163, -1,
      163, 83, 82, -1,
      163, 82, 161, -1,
      161, 82, 81, -1,
      161, 81, 193, -1,
      193, 81, 80, -1,
      193, 80, 191, -1,
      191, 80, 79, -1,
      191, 79, 189, -1,
      189, 79, 4, -1,
      189, 4, 187, -1,
      187, 4, 3, -1,
      187, 3, 185, -1,
      185, 3, 78, -1,
      185, 78, 183, -1,
      183, 78, 91, -1,
      183, 91, 181, -1,
      181, 91, 90, -1,
      181, 90, 179, -1,
      179, 90, 89, -1,
      179, 89, 177, -1,
      177, 89, 88, -1,
      177, 88, 175, -1,
      175, 88, 87, -1,
      175, 87, 173, -1,
      171, 173, 86, -1,
      86, 173, 87, -1,
      169, 171, 77, -1,
      77, 171, 86, -1,
      174, 172, 194, -1,
      194, 172, 195, -1,
      172, 170, 195, -1,
      195, 170, 196, -1,
      170, 168, 196, -1,
      196, 168, 197, -1,
      160, 198, 199, -1,
      160, 199, 162, -1,
      162, 199, 200, -1,
      162, 200, 164, -1,
      164, 200, 201, -1,
      164, 201, 166, -1,
      166, 201, 197, -1,
      166, 197, 168, -1,
      188, 202, 203, -1,
      188, 203, 190, -1,
      190, 203, 204, -1,
      190, 204, 192, -1,
      192, 204, 205, -1,
      192, 205, 159, -1,
      159, 205, 198, -1,
      159, 198, 160, -1,
      180, 206, 207, -1,
      180, 207, 182, -1,
      182, 207, 208, -1,
      182, 208, 184, -1,
      184, 208, 209, -1,
      184, 209, 186, -1,
      186, 209, 202, -1,
      186, 202, 188, -1,
      174, 194, 210, -1,
      174, 210, 176, -1,
      176, 210, 211, -1,
      176, 211, 178, -1,
      178, 211, 206, -1,
      178, 206, 180, -1,
    ]
  }
}

Shape {
  appearance Appearance {
    material Material {
      diffuseColor 1.0000 1.0000 1.0000
      specularColor 0.5020 0.5020 0.5020
      ambientIntensity 0.2
      transparency 0.0000
      shininess 0.5
    }
  }
  geometry IndexedFaceSet {
    ccw TRUE
    solid FALSE
    coord DEF co Coordinate {
      point [
        2.460630 0.147843 -0.586180,
        2.460630 0.133731 -0.586180,
        2.460630 0.133731 -0.658199,
        2.460630 0.147294 -0.658199,
        2.460630 0.175065 -0.648457,
        2.460630 0.173890 -0.649548,
        2.460630 0.167844 -0.653717,
        2.460630 0.160094 -0.656691,
        2.460630 0.185046 -0.621282,
        2.460630 0.184777 -0.626821,
        2.460630 0.183021 -0.635465,
        2.460630 0.179858 -0.642454,
        2.460630 0.174802 -0.594968,
        2.460630 0.178151 -0.598414,
        2.460630 0.181588 -0.603882,
        2.460630 0.184029 -0.611120,
        2.460630 0.159992 -0.587537,
        2.460630 0.168074 -0.590481,
      ]
    }
    coordIndex [
      1, 2, 0, -1,
      0, 2, 3, -1,
      0, 3, 7, -1,
      7, 6, 0, -1,
      0, 6, 5, -1,
      0, 5, 4, -1,
      9, 8, 0, -1,
      0, 8, 15, -1,
      0, 15, 14, -1,
      14, 13, 0, -1,
      0, 13, 12, -1,
      0, 12, 16, -1,
      16, 12, 17, -1,
      4, 11, 0, -1,
      0, 11, 10, -1,
      0, 10, 9, -1,
    ]
  }
}

Shape {
  appearance Appearance {
    material Material {
      diffuseColor 0.0000 0.0000 0.0000
      specularColor 0.0000 0.0000 0.0000
      ambientIntensity 0.2
      transparency 0.0000
      shininess 0.5
    }
  }
  geometry IndexedFaceSet {
    ccw TRUE
    solid FALSE
    coord DEF co Coordinate {
      point [
        2.460630 0.264110 -0.643299,
        2.460630 0.229831 -0.643299,
        2.460630 0.273637 -0.668849,
        2.460630 0.286962 -0.668849,
        2.460630 0.251382 -0.575435,
        2.460630 0.202908 -0.668849,
        2.460630 0.216232 -0.668849,
        2.460630 0.225211 -0.643299,
        2.460630 0.238487 -0.575435,
        2.460630 0.229831 -0.598161,
        2.464567 0.229031 -0.632744,
        2.464567 0.225211 -0.643299,
        2.464567 0.260385 -0.632744,
        2.464567 0.264110 -0.643299,
        2.464567 0.243001 -0.593917,
        2.464567 0.238487 -0.575435,
        2.464567 0.202908 -0.668849,
        2.464567 0.216232 -0.668849,
        2.464567 0.243809 -0.591129,
        2.464567 0.244529 -0.587374,
        2.464567 0.251382 -0.575435,
        2.464567 0.244815 -0.587374,
        2.464567 0.245570 -0.591326,
        2.464567 0.246272 -0.593917,
        2.464567 0.286962 -0.668849,
        2.464567 0.273637 -0.668849,
        2.460630 0.229031 -0.632744,
        2.460630 0.260385 -0.632744,
        2.460630 0.246272 -0.593917,
        2.460630 0.244815 -0.587374,
        2.460630 0.245570 -0.591326,
        2.460630 0.244529 -0.587374,
        2.460630 0.243001 -0.593917,
        2.460630 0.243809 -0.591129,
      ]
    }
    coordIndex [
      10, 11, 12, -1,
      12, 11, 13, -1,
      14, 15, 10, -1,
      10, 15, 16, -1,
      10, 16, 11, -1,
      11, 16, 17, -1,
      14, 18, 15, -1,
      15, 18, 19, -1,
      15, 19, 20, -1,
      20, 19, 21, -1,
      20, 21, 22, -1,
      22, 23, 20, -1,
      20, 23, 12, -1,
      20, 12, 24, -1,
      24, 12, 13, -1,
      24, 13, 25, -1,
      20, 24, 4, -1,
      4, 24, 3, -1,
      15, 20, 8, -1,
      8, 20, 4, -1,
      5, 16, 9, -1,
      9, 16, 15, -1,
      9, 15, 8, -1,
      17, 16, 6, -1,
      6, 16, 5, -1,
      11, 17, 7, -1,
      7, 17, 6, -1,
      0, 13, 1, -1,
      1, 13, 11, -1,
      1, 11, 7, -1,
      25, 13, 2, -1,
      2, 13, 0, -1,
      24, 25, 3, -1,
      3, 25, 2, -1,
      10, 12, 26, -1,
      26, 12, 27, -1,
      12, 23, 27, -1,
      27, 23, 28, -1,
      21, 29, 30, -1,
      21, 30, 22, -1,
      22, 30, 28, -1,
      22, 28, 23, -1,
      21, 19, 29, -1,
      29, 19, 31, -1,
      14, 32, 33, -1,
      14, 33, 18, -1,
      18, 33, 31, -1,
      18, 31, 19, -1,
      14, 10, 32, -1,
      32, 10, 26, -1,
    ]
  }
}

Shape {
  appearance Appearance {
    material Material {
      diffuseColor 1.0000 1.0000 1.0000
      specularColor 0.5020 0.5020 0.5020
      ambientIntensity 0.2
      transparency 0.0000
      shininess 0.5
    }
  }
  geometry IndexedFaceSet {
    ccw TRUE
    solid FALSE
    coord DEF co Coordinate {
      point [
        2.460630 0.229031 -0.632744,
        2.460630 0.260385 -0.632744,
        2.460630 0.246272 -0.593917,
        2.460630 0.244815 -0.587374,
        2.460630 0.245570 -0.591326,
        2.460630 0.244529 -0.587374,
        2.460630 0.243001 -0.593917,
        2.460630 0.243809 -0.591129,
      ]
    }
    coordIndex [
      3, 5, 4, -1,
      4, 5, 7, -1,
      4, 7, 2, -1,
      2, 7, 6, -1,
      2, 6, 1, -1,
      1, 6, 0, -1,
    ]
  }
}

Shape {
  appearance Appearance {
    material Material {
      diffuseColor 0.0000 0.0000 0.0000
      specularColor 0.0000 0.0000 0.0000
      ambientIntensity 0.2
      transparency 0.0000
      shininess 0.5
    }
  }
  geometry IndexedFaceSet {
    ccw TRUE
    solid FALSE
    coord DEF co Coordinate {
      point [
        2.460630 -0.021911 -0.785395,
        2.460630 -0.019978 -0.766371,
        2.460630 -0.024416 -0.789182,
        2.460630 -0.025891 -0.793421,
        2.460630 0.009563 -0.813496,
        2.460630 0.005444 -0.816232,
        2.460630 0.015410 -0.817042,
        2.460630 0.001028 -0.817830,
        2.460630 -0.016826 -0.816114,
        2.460630 -0.012340 -0.817805,
        2.460630 -0.012126 -0.817830,
        2.460630 0.021793 -0.755908,
        2.460630 0.024223 -0.759609,
        2.460630 -0.018387 -0.782267,
        2.460630 -0.013507 -0.779699,
        2.460630 -0.012428 -0.761542,
        2.460630 -0.004361 -0.777403,
        2.460630 0.005859 -0.758715,
        2.460630 0.001895 -0.758300,
        2.460630 -0.005116 -0.759033,
        2.460630 -0.020766 -0.813365,
        2.460630 -0.022075 -0.812038,
        2.460630 -0.024506 -0.808443,
        2.460630 0.009728 -0.749372,
        2.460630 0.014738 -0.750830,
        2.460630 0.018667 -0.753008,
        2.460630 0.026098 -0.764788,
        2.460630 0.027111 -0.774108,
        2.460630 0.027111 -0.817042,
        2.460630 0.015410 -0.806726,
        2.460630 0.015100 -0.806726,
        2.460630 0.013260 -0.809524,
        2.460630 -0.025921 -0.804484,
        2.460630 -0.026497 -0.799181,
        2.460630 -0.019978 -0.755005,
        2.460630 0.015410 -0.774633,
        2.460630 0.015003 -0.769459,
        2.460630 0.013794 -0.765293,
        2.460630 0.012419 -0.762883,
        2.460630 -0.016063 -0.752848,
        2.460630 -0.007079 -0.749814,
        2.460630 0.002993 -0.748796,
        2.460630 0.010650 -0.761002,
        2.460630 0.008573 -0.759663,
        2.460630 -0.005341 -0.818618,
        2.460630 0.000702 -0.817948,
        2.460630 -0.037696 -0.806392,
        2.460630 -0.037696 -0.817042,
        2.460630 -0.087938 -0.817042,
        2.460630 -0.039822 -0.734373,
        2.460630 -0.087938 -0.723628,
        2.460630 -0.039822 -0.723628,
        2.460630 -0.075879 -0.774967,
        2.460630 -0.075879 -0.806392,
        2.460630 -0.042472 -0.774967,
        2.460630 -0.042472 -0.764270,
        2.460630 -0.075879 -0.764270,
        2.460630 -0.075879 -0.734373,
        2.464567 -0.037696 -0.806392,
        2.464567 -0.037696 -0.817042,
        2.464567 -0.075879 -0.806392,
        2.464567 -0.075879 -0.774967,
        2.464567 -0.042472 -0.774967,
        2.464567 -0.042472 -0.764270,
        2.464567 -0.075879 -0.764270,
        2.464567 -0.075879 -0.734373,
        2.464567 -0.039822 -0.734373,
        2.464567 -0.039822 -0.723628,
        2.464567 -0.087938 -0.723628,
        2.464567 -0.087938 -0.817042,
        2.464567 0.015100 -0.806726,
        2.464567 0.015410 -0.806726,
        2.464567 0.014646 -0.795961,
        2.464567 0.015399 -0.790740,
        2.464567 0.027111 -0.774108,
        2.464567 0.015410 -0.789963,
        2.464567 0.015410 -0.783564,
        2.464567 0.015410 -0.817042,
        2.464567 0.027111 -0.817042,
        2.464567 -0.009983 -0.788591,
        2.464567 -0.007198 -0.787275,
        2.464567 -0.013507 -0.779699,
        2.464567 0.012930 -0.800135,
        2.464567 0.010396 -0.803574,
        2.464567 0.013260 -0.809524,
        2.464567 0.008929 -0.805008,
        2.464567 0.009563 -0.813496,
        2.464567 0.005622 -0.807239,
        2.464567 0.005444 -0.816232,
        2.464567 0.002072 -0.808529,
        2.464567 0.000702 -0.817948,
        2.464567 -0.002308 -0.809019,
        2.464567 -0.005341 -0.818618,
        2.464567 -0.006260 -0.808574,
        2.464567 -0.012340 -0.817805,
        2.464567 -0.008907 -0.807602,
        2.464567 -0.016826 -0.816114,
        2.464567 -0.011239 -0.806010,
        2.464567 -0.020766 -0.813365,
        2.464567 -0.012233 -0.805010,
        2.464567 -0.004361 -0.777403,
        2.464567 -0.000206 -0.785665,
        2.464567 0.015410 -0.774633,
        2.464567 -0.011525 -0.789772,
        2.464567 -0.018387 -0.782267,
        2.464567 -0.012926 -0.791506,
        2.464567 -0.021911 -0.785395,
        2.464567 -0.013952 -0.793689,
        2.464567 -0.024416 -0.789182,
        2.464567 -0.014530 -0.796369,
        2.464567 -0.025891 -0.793421,
        2.464567 -0.014630 -0.798226,
        2.464567 -0.026497 -0.799181,
        2.464567 -0.014332 -0.800912,
        2.464567 -0.025921 -0.804484,
        2.464567 -0.013563 -0.803037,
        2.464567 -0.024506 -0.808443,
        2.464567 -0.022075 -0.812038,
        2.464567 -0.019978 -0.755005,
        2.464567 -0.019978 -0.766371,
        2.464567 -0.016063 -0.752848,
        2.464567 -0.012428 -0.761542,
        2.464567 -0.007079 -0.749814,
        2.464567 -0.005116 -0.759033,
        2.464567 0.002993 -0.748796,
        2.464567 0.001895 -0.758300,
        2.464567 0.009728 -0.749372,
        2.464567 0.005859 -0.758715,
        2.464567 0.014738 -0.750830,
        2.464567 0.008573 -0.759663,
        2.464567 0.018667 -0.753008,
        2.464567 0.010650 -0.761002,
        2.464567 0.021793 -0.755908,
        2.464567 0.012419 -0.762883,
        2.464567 0.024223 -0.759609,
        2.464567 0.013794 -0.765293,
        2.464567 0.026098 -0.764788,
        2.464567 0.015003 -0.769459,
        2.460630 -0.011525 -0.789772,
        2.460630 -0.009983 -0.788591,
        2.460630 -0.007198 -0.787275,
        2.460630 -0.000206 -0.785665,
        2.460630 -0.014630 -0.798226,
        2.460630 -0.014530 -0.796369,
        2.460630 -0.013952 -0.793689,
        2.460630 -0.012926 -0.791506,
        2.460630 -0.011239 -0.806010,
        2.460630 -0.012233 -0.805010,
        2.460630 -0.013563 -0.803037,
        2.460630 -0.014332 -0.800912,
        2.460630 -0.002308 -0.809019,
        2.460630 -0.006260 -0.808574,
        2.460630 -0.008907 -0.807602,
        2.460630 0.010396 -0.803574,
        2.460630 0.008929 -0.805008,
        2.460630 0.005622 -0.807239,
        2.460630 0.002072 -0.808529,
        2.460630 0.015410 -0.789963,
        2.460630 0.015399 -0.790740,
        2.460630 0.014646 -0.795961,
        2.460630 0.012930 -0.800135,
        2.460630 0.015410 -0.783564,
      ]
    }
    coordIndex [
      58, 59, 46, -1,
      46, 59, 47, -1,
      60, 58, 53, -1,
      53, 58, 46, -1,
      61, 60, 52, -1,
      52, 60, 53, -1,
      62, 61, 54, -1,
      54, 61, 52, -1,
      63, 62, 55, -1,
      55, 62, 54, -1,
      64, 63, 56, -1,
      56, 63, 55, -1,
      65, 64, 57, -1,
      57, 64, 56, -1,
      66, 65, 49, -1,
      49, 65, 57, -1,
      67, 66, 51, -1,
      51, 66, 49, -1,
      68, 67, 50, -1,
      50, 67, 51, -1,
      69, 68, 48, -1,
      48, 68, 50, -1,
      59, 69, 47, -1,
      47, 69, 48, -1,
      66, 67, 65, -1,
      65, 67, 68, -1,
      65, 68, 64, -1,
      59, 58, 69, -1,
      69, 58, 60, -1,
      69, 60, 61, -1,
      62, 63, 61, -1,
      61, 63, 64, -1,
      61, 64, 69, -1,
      69, 64, 68, -1,
      70, 71, 72, -1,
      73, 74, 75, -1,
      75, 74, 76, -1,
      77, 78, 71, -1,
      71, 78, 74, -1,
      71, 74, 72, -1,
      72, 74, 73, -1,
      79, 80, 81, -1,
      72, 82, 70, -1,
      70, 82, 83, -1,
      70, 83, 84, -1,
      84, 83, 85, -1,
      84, 85, 86, -1,
      86, 85, 87, -1,
      86, 87, 88, -1,
      88, 87, 89, -1,
      88, 89, 90, -1,
      90, 89, 91, -1,
      90, 91, 92, -1,
      92, 91, 93, -1,
      92, 93, 94, -1,
      94, 93, 95, -1,
      94, 95, 96, -1,
      96, 95, 97, -1,
      96, 97, 98, -1,
      98, 97, 99, -1,
      81, 80, 100, -1,
      100, 80, 101, -1,
      100, 101, 102, -1,
      79, 81, 103, -1,
      103, 81, 104, -1,
      103, 104, 105, -1,
      105, 104, 106, -1,
      105, 106, 107, -1,
      107, 106, 108, -1,
      107, 108, 109, -1,
      109, 108, 110, -1,
      109, 110, 111, -1,
      111, 110, 112, -1,
      111, 112, 113, -1,
      113, 112, 114, -1,
      113, 114, 115, -1,
      115, 114, 116, -1,
      115, 116, 99, -1,
      99, 116, 117, -1,
      99, 117, 98, -1,
      118, 119, 120, -1,
      120, 119, 121, -1,
      120, 121, 122, -1,
      122, 121, 123, -1,
      122, 123, 124, -1,
      124, 123, 125, -1,
      124, 125, 126, -1,
      126, 125, 127, -1,
      126, 127, 128, -1,
      128, 127, 129, -1,
      128, 129, 130, -1,
      130, 129, 131, -1,
      130, 131, 132, -1,
      132, 131, 133, -1,
      132, 133, 134, -1,
      134, 133, 135, -1,
      134, 135, 136, -1,
      136, 135, 137, -1,
      136, 137, 74, -1,
      74, 137, 102, -1,
      74, 102, 76, -1,
      76, 102, 101, -1,
      124, 41, 40, -1,
      124, 40, 122, -1,
      122, 40, 39, -1,
      122, 39, 120, -1,
      120, 39, 34, -1,
      120, 34, 118, -1,
      119, 118, 1, -1,
      1, 118, 34, -1,
      119, 1, 15, -1,
      119, 15, 121, -1,
      121, 15, 19, -1,
      121, 19, 123, -1,
      123, 19, 18, -1,
      123, 18, 125, -1,
      125, 18, 17, -1,
      125, 17, 127, -1,
      127, 17, 43, -1,
      127, 43, 129, -1,
      129, 43, 42, -1,
      129, 42, 131, -1,
      131, 42, 38, -1,
      131, 38, 133, -1,
      133, 38, 37, -1,
      133, 37, 135, -1,
      135, 37, 36, -1,
      135, 36, 137, -1,
      137, 36, 35, -1,
      137, 35, 102, -1,
      100, 102, 16, -1,
      16, 102, 35, -1,
      100, 16, 14, -1,
      100, 14, 81, -1,
      81, 14, 13, -1,
      81, 13, 104, -1,
      104, 13, 0, -1,
      104, 0, 106, -1,
      106, 0, 2, -1,
      106, 2, 108, -1,
      108, 2, 3, -1,
      108, 3, 110, -1,
      110, 3, 33, -1,
      110, 33, 112, -1,
      112, 33, 32, -1,
      112, 32, 114, -1,
      114, 32, 22, -1,
      114, 22, 116, -1,
      116, 22, 21, -1,
      116, 21, 117, -1,
      117, 21, 20, -1,
      117, 20, 98, -1,
      44, 92, 10, -1,
      10, 92, 94, -1,
      10, 94, 9, -1,
      9, 94, 96, -1,
      9, 96, 8, -1,
      8, 96, 98, -1,
      8, 98, 20, -1,
      92, 44, 45, -1,
      92, 45, 90, -1,
      90, 45, 7, -1,
      90, 7, 88, -1,
      7, 5, 88, -1,
      88, 5, 4, -1,
      88, 4, 86, -1,
      86, 4, 31, -1,
      86, 31, 84, -1,
      84, 31, 30, -1,
      84, 30, 70, -1,
      71, 70, 29, -1,
      29, 70, 30, -1,
      77, 71, 6, -1,
      6, 71, 29, -1,
      78, 77, 28, -1,
      28, 77, 6, -1,
      74, 78, 27, -1,
      27, 78, 28, -1,
      74, 27, 26, -1,
      74, 26, 136, -1,
      136, 26, 12, -1,
      136, 12, 134, -1,
      134, 12, 11, -1,
      134, 11, 132, -1,
      132, 11, 25, -1,
      132, 25, 130, -1,
      130, 25, 24, -1,
      130, 24, 128, -1,
      128, 24, 23, -1,
      128, 23, 126, -1,
      126, 23, 41, -1,
      126, 41, 124, -1,
      103, 138, 139, -1,
      103, 139, 79, -1,
      79, 139, 140, -1,
      79, 140, 80, -1,
      80, 140, 141, -1,
      80, 141, 101, -1,
      111, 142, 143, -1,
      111, 143, 109, -1,
      109, 143, 144, -1,
      109, 144, 107, -1,
      107, 144, 145, -1,
      107, 145, 105, -1,
      105, 145, 138, -1,
      105, 138, 103, -1,
      97, 146, 147, -1,
      97, 147, 99, -1,
      99, 147, 148, -1,
      99, 148, 115, -1,
      115, 148, 149, -1,
      115, 149, 113, -1,
      113, 149, 142, -1,
      113, 142, 111, -1,
      91, 150, 151, -1,
      91, 151, 93, -1,
      93, 151, 152, -1,
      93, 152, 95, -1,
      95, 152, 146, -1,
      95, 146, 97, -1,
      83, 153, 154, -1,
      83, 154, 85, -1,
      85, 154, 155, -1,
      85, 155, 87, -1,
      87, 155, 156, -1,
      87, 156, 89, -1,
      89, 156, 150, -1,
      89, 150, 91, -1,
      75, 157, 158, -1,
      75, 158, 73, -1,
      73, 158, 159, -1,
      73, 159, 72, -1,
      72, 159, 160, -1,
      72, 160, 82, -1,
      82, 160, 153, -1,
      82, 153, 83, -1,
      75, 76, 157, -1,
      157, 76, 161, -1,
      76, 101, 161, -1,
      161, 101, 141, -1,
    ]
  }
}

Shape {
  appearance Appearance {
    material Material {
      diffuseColor 1.0000 1.0000 1.0000
      specularColor 0.5020 0.5020 0.5020
      ambientIntensity 0.2
      transparency 0.0000
      shininess 0.5
    }
  }
  geometry IndexedFaceSet {
    ccw TRUE
    solid FALSE
    coord DEF co Coordinate {
      point [
        2.460630 -0.011525 -0.789772,
        2.460630 -0.009983 -0.788591,
        2.460630 -0.007198 -0.787275,
        2.460630 -0.000206 -0.785665,
        2.460630 -0.014630 -0.798226,
        2.460630 -0.014530 -0.796369,
        2.460630 -0.013952 -0.793689,
        2.460630 -0.012926 -0.791506,
        2.460630 -0.011239 -0.806010,
        2.460630 -0.012233 -0.805010,
        2.460630 -0.013563 -0.803037,
        2.460630 -0.014332 -0.800912,
        2.460630 -0.002308 -0.809019,
        2.460630 -0.006260 -0.808574,
        2.460630 -0.008907 -0.807602,
        2.460630 0.010396 -0.803574,
        2.460630 0.008929 -0.805008,
        2.460630 0.005622 -0.807239,
        2.460630 0.002072 -0.808529,
        2.460630 0.015410 -0.789963,
        2.460630 0.015399 -0.790740,
        2.460630 0.014646 -0.795961,
        2.460630 0.012930 -0.800135,
        2.460630 0.015410 -0.783564,
      ]
    }
    coordIndex [
      20, 19, 0, -1,
      19, 23, 3, -1,
      3, 2, 19, -1,
      19, 2, 1, -1,
      19, 1, 0, -1,
      20, 0, 21, -1,
      21, 0, 7, -1,
      21, 7, 22, -1,
      9, 8, 16, -1,
      9, 16, 10, -1,
      17, 16, 18, -1,
      18, 16, 12, -1,
      7, 6, 22, -1,
      22, 6, 5, -1,
      22, 5, 15, -1,
      15, 5, 4, -1,
      15, 4, 16, -1,
      16, 4, 11, -1,
      16, 11, 10, -1,
      8, 14, 16, -1,
      16, 14, 13, -1,
      16, 13, 12, -1,
    ]
  }
}

Shape {
  appearance Appearance {
    material Material {
      diffuseColor 0.0000 0.0000 0.0000
      specularColor 0.0000 0.0000 0.0000
      ambientIntensity 0.2
      transparency 0.0000
      shininess 0.5
    }
  }
  geometry IndexedFaceSet {
    ccw TRUE
    solid FALSE
    coord DEF co Coordinate {
      point [
        2.460630 0.070657 -0.817605,
        2.460630 0.068525 -0.817830,
        2.460630 0.050802 -0.817503,
        2.460630 0.048375 -0.816635,
        2.460630 0.218883 -0.734373,
        2.460630 0.221008 -0.806392,
        2.460630 0.221008 -0.817042,
        2.460630 0.200317 -0.764270,
        2.460630 0.216232 -0.764270,
        2.460630 0.216232 -0.774967,
        2.460630 0.200317 -0.806392,
        2.460630 0.200317 -0.774967,
        2.460630 0.182826 -0.774967,
        2.460630 0.182826 -0.806392,
        2.460630 0.200317 -0.734373,
        2.460630 0.182826 -0.734373,
        2.460630 0.182826 -0.764270,
        2.460630 0.200317 -0.817042,
        2.460630 0.170767 -0.817042,
        2.460630 0.131543 -0.817830,
        2.460630 0.158159 -0.750324,
        2.460630 0.124633 -0.800470,
        2.460630 0.126065 -0.805962,
        2.460630 0.126376 -0.805962,
        2.460630 0.170767 -0.723628,
        2.460630 0.200317 -0.723628,
        2.460630 0.218883 -0.723628,
        2.460630 0.126913 -0.803676,
        2.460630 0.127809 -0.800566,
        2.460630 0.112848 -0.766570,
        2.460630 0.146028 -0.750324,
        2.460630 0.042967 -0.802619,
        2.460630 0.042967 -0.814702,
        2.460630 0.047044 -0.805184,
        2.460630 0.048375 -0.805711,
        2.460630 0.048375 -0.780954,
        2.460630 0.046357 -0.778883,
        2.460630 0.044832 -0.776445,
        2.460630 0.043541 -0.772872,
        2.460630 0.043038 -0.768329,
        2.460630 0.043500 -0.764145,
        2.460630 0.048272 -0.780885,
        2.460630 0.061067 -0.818618,
        2.460630 0.053815 -0.817830,
        2.460630 0.084826 -0.751757,
        2.460630 0.084826 -0.763123,
        2.460630 0.050536 -0.754097,
        2.460630 0.053767 -0.752146,
        2.460630 0.087470 -0.803595,
        2.460630 0.086033 -0.807303,
        2.460630 0.083852 -0.810389,
        2.460630 0.044893 -0.760378,
        2.460630 0.047067 -0.757216,
        2.460630 0.048375 -0.756040,
        2.460630 0.060123 -0.749802,
        2.460630 0.069019 -0.748796,
        2.460630 0.076515 -0.749398,
        2.460630 0.084110 -0.787862,
        2.460630 0.086294 -0.791085,
        2.460630 0.087543 -0.794535,
        2.460630 0.088026 -0.798894,
        2.460630 0.080504 -0.813317,
        2.460630 0.077048 -0.815366,
        2.460630 0.067872 -0.758300,
        2.460630 0.064409 -0.758559,
        2.460630 0.055097 -0.767278,
        2.460630 0.061279 -0.759388,
        2.460630 0.058655 -0.760783,
        2.460630 0.055204 -0.768835,
        2.460630 0.055668 -0.770652,
        2.460630 0.056511 -0.772231,
        2.460630 0.057652 -0.773487,
        2.460630 0.061777 -0.776066,
        2.460630 0.076031 -0.759290,
        2.460630 0.069019 -0.779218,
        2.460630 0.082652 -0.761851,
        2.460630 0.073549 -0.781051,
        2.460630 0.081320 -0.785373,
        2.460630 0.056890 -0.762343,
        2.460630 0.055887 -0.763833,
        2.460630 0.055309 -0.765412,
        2.460630 0.054356 -0.808079,
        2.460630 0.060757 -0.787719,
        2.460630 0.053782 -0.784522,
        2.460630 0.062213 -0.809067,
        2.460630 0.062730 -0.809063,
        2.460630 0.068440 -0.790937,
        2.460630 0.068728 -0.808391,
        2.460630 0.076015 -0.800040,
        2.460630 0.075901 -0.798585,
        2.460630 0.071747 -0.807286,
        2.460630 0.072814 -0.806639,
        2.460630 0.074157 -0.805447,
        2.460630 0.075178 -0.803937,
        2.460630 0.075773 -0.802272,
        2.460630 0.075369 -0.796757,
        2.460630 0.074465 -0.795207,
        2.460630 0.073006 -0.793689,
        2.460630 0.112848 -0.797977,
        2.460630 0.094115 -0.750324,
        2.460630 0.107201 -0.750324,
        2.460630 0.119893 -0.817830,
        2.460630 0.120287 -0.816899,
        2.460630 0.112848 -0.833246,
        2.460630 0.112864 -0.833229,
        2.460630 0.115153 -0.829030,
        2.460630 0.096527 -0.837100,
        2.460630 0.096527 -0.847511,
        2.460630 0.098921 -0.837885,
        2.460630 0.103165 -0.838438,
        2.460630 0.105975 -0.838123,
        2.460630 0.112848 -0.846381,
        2.460630 0.108800 -0.847923,
        2.460630 0.104073 -0.848467,
        2.460630 0.101490 -0.848374,
        2.460630 0.108537 -0.837162,
        2.460630 0.110685 -0.835671,
        2.460630 0.127880 -0.827119,
        2.460630 0.122583 -0.837435,
        2.460630 0.118302 -0.842577,
        2.460630 0.117504 -0.843308,
        2.460630 0.113417 -0.846164,
        2.460630 0.309741 -0.747444,
        2.460630 0.313179 -0.756370,
        2.460630 0.314709 -0.769141,
        2.460630 0.314261 -0.776604,
        2.460630 0.311720 -0.787307,
        2.460630 0.306823 -0.796804,
        2.460630 0.300620 -0.803956,
        2.460630 0.290760 -0.811007,
        2.460630 0.280087 -0.815144,
        2.460630 0.264348 -0.817042,
        2.460630 0.238655 -0.817042,
        2.460630 0.238655 -0.723628,
        2.460630 0.265304 -0.723628,
        2.460630 0.279567 -0.725203,
        2.460630 0.290841 -0.729321,
        2.460630 0.300620 -0.735997,
        2.460630 0.303972 -0.739282,
        2.464567 0.042967 -0.802619,
        2.464567 0.047044 -0.805184,
        2.464567 0.062213 -0.809067,
        2.464567 0.054356 -0.808079,
        2.464567 0.042967 -0.814702,
        2.464567 0.050802 -0.817503,
        2.464567 0.061067 -0.818618,
        2.464567 0.070657 -0.817605,
        2.464567 0.077048 -0.815366,
        2.464567 0.080504 -0.813317,
        2.464567 0.083852 -0.810389,
        2.464567 0.086033 -0.807303,
        2.464567 0.087470 -0.803595,
        2.464567 0.088026 -0.798894,
        2.464567 0.087543 -0.794535,
        2.464567 0.086294 -0.791085,
        2.464567 0.084110 -0.787862,
        2.464567 0.081320 -0.785373,
        2.464567 0.073549 -0.781051,
        2.464567 0.069019 -0.779218,
        2.464567 0.061777 -0.776066,
        2.464567 0.057652 -0.773487,
        2.464567 0.056511 -0.772231,
        2.464567 0.055668 -0.770652,
        2.464567 0.055204 -0.768835,
        2.464567 0.055097 -0.767278,
        2.464567 0.055309 -0.765412,
        2.464567 0.055887 -0.763833,
        2.464567 0.056890 -0.762343,
        2.464567 0.058655 -0.760783,
        2.464567 0.061279 -0.759388,
        2.464567 0.064409 -0.758559,
        2.464567 0.067872 -0.758300,
        2.464567 0.076031 -0.759290,
        2.464567 0.082652 -0.761851,
        2.464567 0.084826 -0.763123,
        2.464567 0.084826 -0.751757,
        2.464567 0.076515 -0.749398,
        2.464567 0.069019 -0.748796,
        2.464567 0.060123 -0.749802,
        2.464567 0.053767 -0.752146,
        2.464567 0.050536 -0.754097,
        2.464567 0.047067 -0.757216,
        2.464567 0.044893 -0.760378,
        2.464567 0.043500 -0.764145,
        2.464567 0.043038 -0.768329,
        2.464567 0.043541 -0.772872,
        2.464567 0.044832 -0.776445,
        2.464567 0.046357 -0.778883,
        2.464567 0.060757 -0.787719,
        2.464567 0.053782 -0.784522,
        2.464567 0.048272 -0.780885,
        2.464567 0.068440 -0.790937,
        2.464567 0.073006 -0.793689,
        2.464567 0.074465 -0.795207,
        2.464567 0.075369 -0.796757,
        2.464567 0.075901 -0.798585,
        2.464567 0.076015 -0.800040,
        2.464567 0.075773 -0.802272,
        2.464567 0.075178 -0.803937,
        2.464567 0.074157 -0.805447,
        2.464567 0.072814 -0.806639,
        2.464567 0.071747 -0.807286,
        2.464567 0.068728 -0.808391,
        2.464567 0.062730 -0.809063,
        2.464567 0.146028 -0.750324,
        2.464567 0.158159 -0.750324,
        2.464567 0.127809 -0.800566,
        2.464567 0.126913 -0.803676,
        2.464567 0.126376 -0.805962,
        2.464567 0.126065 -0.805962,
        2.464567 0.124633 -0.800470,
        2.464567 0.107201 -0.750324,
        2.464567 0.094115 -0.750324,
        2.464567 0.120287 -0.816899,
        2.464567 0.115153 -0.829030,
        2.464567 0.112864 -0.833229,
        2.464567 0.110685 -0.835671,
        2.464567 0.108537 -0.837162,
        2.464567 0.105975 -0.838123,
        2.464567 0.103165 -0.838438,
        2.464567 0.098921 -0.837885,
        2.464567 0.096527 -0.837100,
        2.464567 0.096527 -0.847511,
        2.464567 0.101490 -0.848374,
        2.464567 0.104073 -0.848467,
        2.464567 0.108800 -0.847923,
        2.464567 0.113417 -0.846164,
        2.464567 0.117504 -0.843308,
        2.464567 0.118302 -0.842577,
        2.464567 0.122583 -0.837435,
        2.464567 0.127880 -0.827119,
        2.464567 0.221008 -0.806392,
        2.464567 0.221008 -0.817042,
        2.464567 0.182826 -0.806392,
        2.464567 0.182826 -0.774967,
        2.464567 0.216232 -0.774967,
        2.464567 0.216232 -0.764270,
        2.464567 0.182826 -0.764270,
        2.464567 0.182826 -0.734373,
        2.464567 0.218883 -0.734373,
        2.464567 0.218883 -0.723628,
        2.464567 0.170767 -0.723628,
        2.464567 0.170767 -0.817042,
        2.464567 0.296841 -0.790646,
        2.464567 0.292048 -0.796650,
        2.464567 0.300620 -0.803956,
        2.464567 0.290873 -0.797741,
        2.464567 0.290760 -0.811007,
        2.464567 0.284827 -0.801909,
        2.464567 0.280087 -0.815144,
        2.464567 0.277077 -0.804883,
        2.464567 0.264348 -0.817042,
        2.464567 0.264277 -0.806392,
        2.464567 0.238655 -0.817042,
        2.464567 0.250714 -0.806392,
        2.464567 0.238655 -0.723628,
        2.464567 0.250714 -0.734373,
        2.464567 0.265304 -0.723628,
        2.464567 0.264826 -0.734373,
        2.464567 0.279567 -0.725203,
        2.464567 0.276975 -0.735730,
        2.464567 0.290841 -0.729321,
        2.464567 0.285057 -0.738674,
        2.464567 0.300620 -0.735997,
        2.464567 0.291785 -0.743161,
        2.464567 0.303972 -0.739282,
        2.464567 0.295134 -0.746607,
        2.464567 0.309741 -0.747444,
        2.464567 0.298571 -0.752075,
        2.464567 0.313179 -0.756370,
        2.464567 0.301012 -0.759313,
        2.464567 0.314709 -0.769141,
        2.464567 0.302030 -0.769475,
        2.464567 0.314261 -0.776604,
        2.464567 0.301760 -0.775013,
        2.464567 0.311720 -0.787307,
        2.464567 0.300004 -0.783658,
        2.464567 0.306823 -0.796804,
        2.460630 0.264826 -0.734373,
        2.460630 0.250714 -0.734373,
        2.460630 0.250714 -0.806392,
        2.460630 0.264277 -0.806392,
        2.460630 0.292048 -0.796650,
        2.460630 0.290873 -0.797741,
        2.460630 0.284827 -0.801909,
        2.460630 0.277077 -0.804883,
        2.460630 0.302030 -0.769475,
        2.460630 0.301760 -0.775013,
        2.460630 0.300004 -0.783658,
        2.460630 0.296841 -0.790646,
        2.460630 0.291785 -0.743161,
        2.460630 0.295134 -0.746607,
        2.460630 0.298571 -0.752075,
        2.460630 0.301012 -0.759313,
        2.460630 0.276975 -0.735730,
        2.460630 0.285057 -0.738674,
      ]
    }
    coordIndex [
      31, 139, 140, -1,
      141, 84, 81, -1,
      141, 81, 142, -1,
      142, 81, 34, -1,
      142, 34, 140, -1,
      140, 34, 33, -1,
      140, 33, 31, -1,
      143, 139, 32, -1,
      32, 139, 31, -1,
      143, 32, 144, -1,
      144, 32, 3, -1,
      42, 145, 43, -1,
      43, 145, 144, -1,
      43, 144, 2, -1,
      2, 144, 3, -1,
      42, 1, 145, -1,
      145, 1, 146, -1,
      1, 0, 146, -1,
      146, 0, 62, -1,
      146, 62, 147, -1,
      147, 62, 61, -1,
      147, 61, 148, -1,
      148, 61, 50, -1,
      148, 50, 149, -1,
      149, 50, 49, -1,
      149, 49, 150, -1,
      150, 49, 48, -1,
      150, 48, 151, -1,
      151, 48, 60, -1,
      151, 60, 152, -1,
      152, 60, 59, -1,
      152, 59, 153, -1,
      153, 59, 58, -1,
      153, 58, 154, -1,
      154, 58, 57, -1,
      154, 57, 155, -1,
      155, 57, 77, -1,
      155, 77, 156, -1,
      156, 77, 76, -1,
      156, 76, 157, -1,
      157, 76, 74, -1,
      157, 74, 158, -1,
      158, 74, 72, -1,
      158, 72, 159, -1,
      159, 72, 71, -1,
      159, 71, 160, -1,
      160, 71, 70, -1,
      160, 70, 161, -1,
      161, 70, 69, -1,
      161, 69, 162, -1,
      162, 69, 68, -1,
      162, 68, 163, -1,
      163, 68, 65, -1,
      163, 65, 164, -1,
      164, 65, 80, -1,
      164, 80, 165, -1,
      165, 80, 79, -1,
      165, 79, 166, -1,
      166, 79, 78, -1,
      166, 78, 167, -1,
      167, 78, 67, -1,
      167, 67, 168, -1,
      168, 67, 66, -1,
      168, 66, 169, -1,
      169, 66, 64, -1,
      169, 64, 170, -1,
      170, 64, 63, -1,
      170, 63, 171, -1,
      171, 63, 73, -1,
      171, 73, 172, -1,
      172, 73, 75, -1,
      172, 75, 173, -1,
      173, 75, 45, -1,
      173, 45, 174, -1,
      175, 174, 44, -1,
      44, 174, 45, -1,
      175, 44, 56, -1,
      175, 56, 176, -1,
      176, 56, 55, -1,
      176, 55, 177, -1,
      177, 55, 54, -1,
      177, 54, 178, -1,
      178, 54, 47, -1,
      178, 47, 179, -1,
      179, 47, 46, -1,
      179, 46, 180, -1,
      46, 53, 180, -1,
      180, 53, 181, -1,
      53, 52, 181, -1,
      181, 52, 51, -1,
      181, 51, 182, -1,
      182, 51, 40, -1,
      182, 40, 183, -1,
      183, 40, 39, -1,
      183, 39, 184, -1,
      184, 39, 38, -1,
      184, 38, 185, -1,
      185, 38, 37, -1,
      185, 37, 186, -1,
      186, 37, 36, -1,
      186, 36, 187, -1,
      82, 188, 189, -1,
      187, 36, 41, -1,
      187, 41, 190, -1,
      190, 41, 35, -1,
      190, 35, 189, -1,
      189, 35, 83, -1,
      189, 83, 82, -1,
      188, 82, 86, -1,
      188, 86, 191, -1,
      191, 86, 97, -1,
      191, 97, 192, -1,
      192, 97, 96, -1,
      192, 96, 193, -1,
      193, 96, 95, -1,
      193, 95, 194, -1,
      194, 95, 89, -1,
      194, 89, 195, -1,
      195, 89, 88, -1,
      195, 88, 196, -1,
      196, 88, 94, -1,
      196, 94, 197, -1,
      197, 94, 93, -1,
      197, 93, 198, -1,
      198, 93, 92, -1,
      198, 92, 199, -1,
      199, 92, 91, -1,
      199, 91, 200, -1,
      200, 91, 90, -1,
      200, 90, 201, -1,
      201, 90, 87, -1,
      201, 87, 202, -1,
      202, 87, 85, -1,
      202, 85, 203, -1,
      203, 85, 84, -1,
      203, 84, 141, -1,
      167, 168, 179, -1,
      179, 168, 178, -1,
      191, 158, 188, -1,
      188, 158, 159, -1,
      145, 141, 144, -1,
      144, 141, 142, -1,
      144, 142, 143, -1,
      143, 142, 140, -1,
      143, 140, 139, -1,
      168, 169, 178, -1,
      178, 169, 170, -1,
      178, 170, 177, -1,
      177, 170, 171, -1,
      177, 171, 176, -1,
      176, 171, 172, -1,
      176, 172, 175, -1,
      175, 172, 173, -1,
      175, 173, 174, -1,
      147, 148, 199, -1,
      199, 148, 149, -1,
      199, 149, 198, -1,
      198, 149, 150, -1,
      198, 150, 197, -1,
      197, 150, 151, -1,
      197, 151, 196, -1,
      196, 151, 152, -1,
      196, 152, 195, -1,
      195, 152, 153, -1,
      195, 153, 194, -1,
      194, 153, 154, -1,
      194, 154, 193, -1,
      193, 154, 155, -1,
      193, 155, 192, -1,
      192, 155, 156, -1,
      192, 156, 191, -1,
      191, 156, 157, -1,
      191, 157, 158, -1,
      199, 200, 147, -1,
      147, 200, 201, -1,
      147, 201, 146, -1,
      146, 201, 202, -1,
      146, 202, 145, -1,
      145, 202, 203, -1,
      145, 203, 141, -1,
      179, 180, 167, -1,
      167, 180, 181, -1,
      167, 181, 166, -1,
      166, 181, 182, -1,
      166, 182, 165, -1,
      165, 182, 183, -1,
      165, 183, 164, -1,
      164, 183, 184, -1,
      164, 184, 163, -1,
      163, 184, 185, -1,
      163, 185, 162, -1,
      162, 185, 186, -1,
      162, 186, 161, -1,
      161, 186, 187, -1,
      161, 187, 160, -1,
      160, 187, 190, -1,
      160, 190, 159, -1,
      159, 190, 189, -1,
      159, 189, 188, -1,
      204, 205, 30, -1,
      30, 205, 20, -1,
      206, 204, 28, -1,
      28, 204, 30, -1,
      206, 28, 27, -1,
      206, 27, 207, -1,
      207, 27, 23, -1,
      207, 23, 208, -1,
      209, 208, 22, -1,
      22, 208, 23, -1,
      210, 209, 21, -1,
      21, 209, 22, -1,
      100, 211, 29, -1,
      29, 211, 210, -1,
      29, 210, 21, -1,
      212, 211, 99, -1,
      99, 211, 100, -1,
      102, 213, 98, -1,
      98, 213, 212, -1,
      98, 212, 99, -1,
      105, 214, 101, -1,
      101, 214, 213, -1,
      101, 213, 102, -1,
      214, 105, 104, -1,
      214, 104, 215, -1,
      215, 104, 103, -1,
      215, 103, 216, -1,
      103, 116, 216, -1,
      216, 116, 115, -1,
      216, 115, 217, -1,
      217, 115, 110, -1,
      217, 110, 218, -1,
      218, 110, 109, -1,
      218, 109, 219, -1,
      219, 109, 108, -1,
      219, 108, 220, -1,
      220, 108, 106, -1,
      220, 106, 221, -1,
      222, 221, 107, -1,
      107, 221, 106, -1,
      222, 107, 114, -1,
      222, 114, 223, -1,
      223, 114, 113, -1,
      223, 113, 224, -1,
      224, 113, 112, -1,
      224, 112, 225, -1,
      225, 112, 111, -1,
      225, 111, 226, -1,
      111, 121, 226, -1,
      226, 121, 120, -1,
      226, 120, 227, -1,
      227, 120, 119, -1,
      227, 119, 228, -1,
      228, 119, 118, -1,
      228, 118, 229, -1,
      229, 118, 117, -1,
      229, 117, 230, -1,
      20, 205, 19, -1,
      19, 205, 230, -1,
      19, 230, 117, -1,
      207, 208, 230, -1,
      205, 204, 230, -1,
      230, 204, 206, -1,
      230, 206, 207, -1,
      211, 212, 210, -1,
      210, 212, 213, -1,
      210, 213, 209, -1,
      229, 215, 228, -1,
      228, 215, 216, -1,
      221, 222, 220, -1,
      220, 222, 223, -1,
      220, 223, 219, -1,
      219, 223, 224, -1,
      219, 224, 218, -1,
      218, 224, 225, -1,
      218, 225, 217, -1,
      217, 225, 226, -1,
      217, 226, 216, -1,
      216, 226, 227, -1,
      216, 227, 228, -1,
      208, 209, 230, -1,
      230, 209, 213, -1,
      230, 213, 229, -1,
      229, 213, 214, -1,
      229, 214, 215, -1,
      231, 232, 5, -1,
      5, 232, 6, -1,
      13, 233, 10, -1,
      10, 233, 231, -1,
      10, 231, 5, -1,
      234, 233, 12, -1,
      12, 233, 13, -1,
      9, 235, 11, -1,
      11, 235, 234, -1,
      11, 234, 12, -1,
      236, 235, 8, -1,
      8, 235, 9, -1,
      16, 237, 7, -1,
      7, 237, 236, -1,
      7, 236, 8, -1,
      238, 237, 15, -1,
      15, 237, 16, -1,
      4, 239, 14, -1,
      14, 239, 238, -1,
      14, 238, 15, -1,
      240, 239, 26, -1,
      26, 239, 4, -1,
      24, 241, 25, -1,
      25, 241, 240, -1,
      25, 240, 26, -1,
      242, 241, 18, -1,
      18, 241, 24, -1,
      6, 232, 17, -1,
      17, 232, 242, -1,
      17, 242, 18, -1,
      242, 232, 231, -1,
      231, 233, 242, -1,
      242, 233, 234, -1,
      242, 234, 241, -1,
      239, 240, 238, -1,
      238, 240, 241, -1,
      238, 241, 237, -1,
      237, 241, 234, -1,
      237, 234, 236, -1,
      236, 234, 235, -1,
      243, 244, 245, -1,
      245, 244, 246, -1,
      245, 246, 247, -1,
      247, 246, 248, -1,
      247, 248, 249, -1,
      249, 248, 250, -1,
      249, 250, 251, -1,
      251, 250, 252, -1,
      251, 252, 253, -1,
      253, 252, 254, -1,
      253, 254, 255, -1,
      255, 254, 256, -1,
      255, 256, 257, -1,
      257, 256, 258, -1,
      257, 258, 259, -1,
      259, 258, 260, -1,
      259, 260, 261, -1,
      261, 260, 262, -1,
      261, 262, 263, -1,
      263, 262, 264, -1,
      263, 264, 265, -1,
      265, 264, 266, -1,
      265, 266, 267, -1,
      267, 266, 268, -1,
      267, 268, 269, -1,
      269, 268, 270, -1,
      269, 270, 271, -1,
      271, 270, 272, -1,
      271, 272, 273, -1,
      273, 272, 274, -1,
      273, 274, 275, -1,
      275, 274, 276, -1,
      275, 276, 277, -1,
      277, 276, 243, -1,
      277, 243, 245, -1,
      251, 253, 131, -1,
      131, 253, 132, -1,
      251, 131, 130, -1,
      251, 130, 249, -1,
      249, 130, 129, -1,
      249, 129, 247, -1,
      247, 129, 128, -1,
      247, 128, 245, -1,
      245, 128, 127, -1,
      245, 127, 277, -1,
      277, 127, 126, -1,
      277, 126, 275, -1,
      275, 126, 125, -1,
      275, 125, 273, -1,
      273, 125, 124, -1,
      273, 124, 271, -1,
      271, 124, 123, -1,
      271, 123, 269, -1,
      269, 123, 122, -1,
      269, 122, 267, -1,
      267, 122, 138, -1,
      267, 138, 265, -1,
      265, 138, 137, -1,
      265, 137, 263, -1,
      263, 137, 136, -1,
      263, 136, 261, -1,
      261, 136, 135, -1,
      261, 135, 259, -1,
      259, 135, 134, -1,
      259, 134, 257, -1,
      255, 257, 133, -1,
      133, 257, 134, -1,
      253, 255, 132, -1,
      132, 255, 133, -1,
      258, 256, 278, -1,
      278, 256, 279, -1,
      256, 254, 279, -1,
      279, 254, 280, -1,
      254, 252, 280, -1,
      280, 252, 281, -1,
      244, 282, 283, -1,
      244, 283, 246, -1,
      246, 283, 284, -1,
      246, 284, 248, -1,
      248, 284, 285, -1,
      248, 285, 250, -1,
      250, 285, 281, -1,
      250, 281, 252, -1,
      272, 286, 287, -1,
      272, 287, 274, -1,
      274, 287, 288, -1,
      274, 288, 276, -1,
      276, 288, 289, -1,
      276, 289, 243, -1,
      243, 289, 282, -1,
      243, 282, 244, -1,
      264, 290, 291, -1,
      264, 291, 266, -1,
      266, 291, 292, -1,
      266, 292, 268, -1,
      268, 292, 293, -1,
      268, 293, 270, -1,
      270, 293, 286, -1,
      270, 286, 272, -1,
      258, 278, 294, -1,
      258, 294, 260, -1,
      260, 294, 295, -1,
      260, 295, 262, -1,
      262, 295, 290, -1,
      262, 290, 264, -1,
    ]
  }
}

Shape {
  appearance Appearance {
    material Material {
      diffuseColor 1.0000 1.0000 1.0000
      specularColor 0.5020 0.5020 0.5020
      ambientIntensity 0.2
      transparency 0.0000
      shininess 0.5
    }
  }
  geometry IndexedFaceSet {
    ccw TRUE
    solid FALSE
    coord DEF co Coordinate {
      point [
        2.460630 0.264826 -0.734373,
        2.460630 0.250714 -0.734373,
        2.460630 0.250714 -0.806392,
        2.460630 0.264277 -0.806392,
        2.460630 0.292048 -0.796650,
        2.460630 0.290873 -0.797741,
        2.460630 0.284827 -0.801909,
        2.460630 0.277077 -0.804883,
        2.460630 0.302030 -0.769475,
        2.460630 0.301760 -0.775013,
        2.460630 0.300004 -0.783658,
        2.460630 0.296841 -0.790646,
        2.460630 0.291785 -0.743161,
        2.460630 0.295134 -0.746607,
        2.460630 0.298571 -0.752075,
        2.460630 0.301012 -0.759313,
        2.460630 0.276975 -0.735730,
        2.460630 0.285057 -0.738674,
      ]
    }
    coordIndex [
      1, 2, 0, -1,
      0, 2, 3, -1,
      0, 3, 7, -1,
      7, 6, 0, -1,
      0, 6, 5, -1,
      0, 5, 4, -1,
      9, 8, 0, -1,
      0, 8, 15, -1,
      0, 15, 14, -1,
      14, 13, 0, -1,
      0, 13, 12, -1,
      0, 12, 16, -1,
      16, 12, 17, -1,
      4, 11, 0, -1,
      0, 11, 10, -1,
      0, 10, 9, -1,
    ]
  }
}

Shape {
  appearance Appearance {
    material Material {
      diffuseColor 0.0000 0.0000 0.0000
      specularColor 0.0000 0.0000 0.0000
      ambientIntensity 0.2
      transparency 0.0000
      shininess 0.5
    }
  }
  geometry IndexedFaceSet {
    ccw TRUE
    solid FALSE
    coord DEF co Coordinate {
      point [
        2.460630 0.333215 -0.817042,
        2.460630 0.319891 -0.817042,
        2.460630 0.390620 -0.817042,
        2.460630 0.381093 -0.791492,
        2.460630 0.342194 -0.791492,
        2.460630 0.355470 -0.723628,
        2.460630 0.368365 -0.723628,
        2.460630 0.403945 -0.817042,
        2.464567 0.346015 -0.780937,
        2.464567 0.342194 -0.791492,
        2.464567 0.377368 -0.780937,
        2.464567 0.381093 -0.791492,
        2.464567 0.359984 -0.742110,
        2.464567 0.355470 -0.723628,
        2.464567 0.319891 -0.817042,
        2.464567 0.333215 -0.817042,
        2.464567 0.360793 -0.739322,
        2.464567 0.361512 -0.735567,
        2.464567 0.368365 -0.723628,
        2.464567 0.361798 -0.735567,
        2.464567 0.362554 -0.739519,
        2.464567 0.363255 -0.742110,
        2.464567 0.403945 -0.817042,
        2.464567 0.390620 -0.817042,
        2.460630 0.346015 -0.780937,
        2.460630 0.377368 -0.780937,
        2.460630 0.363255 -0.742110,
        2.460630 0.361798 -0.735567,
        2.460630 0.362554 -0.739519,
        2.460630 0.361512 -0.735567,
        2.460630 0.359984 -0.742110,
        2.460630 0.360793 -0.739322,
      ]
    }
    coordIndex [
      8, 9, 10, -1,
      10, 9, 11, -1,
      12, 13, 8, -1,
      8, 13, 14, -1,
      8, 14, 9, -1,
      9, 14, 15, -1,
      12, 16, 13, -1,
      13, 16, 17, -1,
      13, 17, 18, -1,
      18, 17, 19, -1,
      18, 19, 20, -1,
      20, 21, 18, -1,
      18, 21, 10, -1,
      18, 10, 22, -1,
      22, 10, 11, -1,
      22, 11, 23, -1,
      18, 22, 6, -1,
      6, 22, 7, -1,
      13, 18, 5, -1,
      5, 18, 6, -1,
      14, 13, 1, -1,
      1, 13, 5, -1,
      15, 14, 0, -1,
      0, 14, 1, -1,
      9, 15, 4, -1,
      4, 15, 0, -1,
      11, 9, 3, -1,
      3, 9, 4, -1,
      23, 11, 2, -1,
      2, 11, 3, -1,
      22, 23, 7, -1,
      7, 23, 2, -1,
      8, 10, 24, -1,
      24, 10, 25, -1,
      10, 21, 25, -1,
      25, 21, 26, -1,
      19, 27, 28, -1,
      19, 28, 20, -1,
      20, 28, 26, -1,
      20, 26, 21, -1,
      19, 17, 27, -1,
      27, 17, 29, -1,
      12, 30, 31, -1,
      12, 31, 16, -1,
      16, 31, 29, -1,
      16, 29, 17, -1,
      12, 8, 30, -1,
      30, 8, 24, -1,
    ]
  }
}

Shape {
  appearance Appearance {
    material Material {
      diffuseColor 1.0000 1.0000 1.0000
      specularColor 0.5020 0.5020 0.5020
      ambientIntensity 0.2
      transparency 0.0000
      shininess 0.5
    }
  }
  geometry IndexedFaceSet {
    ccw TRUE
    solid FALSE
    coord DEF co Coordinate {
      point [
        2.460630 0.346015 -0.780937,
        2.460630 0.377368 -0.780937,
        2.460630 0.363255 -0.742110,
        2.460630 0.361798 -0.735567,
        2.460630 0.362554 -0.739519,
        2.460630 0.361512 -0.735567,
        2.460630 0.359984 -0.742110,
        2.460630 0.360793 -0.739322,
      ]
    }
    coordIndex [
      3, 5, 4, -1,
      4, 5, 7, -1,
      4, 7, 2, -1,
      2, 7, 6, -1,
      2, 6, 1, -1,
      1, 6, 0, -1,
    ]
  }
}

Shape {
  appearance Appearance {
    material Material {
      diffuseColor 0.0000 0.0000 0.0000
      specularColor 0.0000 0.0000 0.0000
      ambientIntensity 0.2
      transparency 0.0000
      shininess 0.5
    }
  }
  geometry IndexedFaceSet {
    ccw TRUE
    solid FALSE
    coord DEF co Coordinate {
      point [
        2.460630 -0.294692 -0.565495,
        2.460630 -0.281194 -0.574647,
        2.460630 -0.266060 -0.584907,
        2.460630 -0.243994 -0.610467,
        2.460630 -0.169750 -0.697026,
        2.460630 -0.175611 -0.682394,
        2.460630 -0.189172 -0.663502,
        2.460630 -0.207190 -0.648269,
        2.460630 -0.230195 -0.637377,
        2.460630 -0.226957 -0.638465,
        2.460630 -0.389215 -0.554411,
        2.460630 -0.356387 -0.550371,
        2.460630 -0.327925 -0.553481,
        2.460630 -0.419842 -0.566213,
        2.460630 -0.433460 -0.574647,
        2.460630 -0.436087 -0.576273,
        2.460630 -0.572941 -0.656530,
        2.460630 -0.556965 -0.636048,
        2.460630 -0.506758 -0.607403,
        2.460630 -0.480586 -0.604169,
        2.460630 -0.451695 -0.589640,
        2.460630 -0.472948 -0.604583,
        2.460630 -0.465310 -0.605497,
        2.460630 -0.552486 -0.631808,
        2.460630 -0.531361 -0.616957,
        2.460630 -0.539564 -0.801828,
        2.460630 -0.560286 -0.784157,
        2.460630 -0.515561 -0.813521,
        2.460630 -0.575444 -0.762520,
        2.460630 -0.584963 -0.737794,
        2.460630 -0.588181 -0.711763,
        2.460630 -0.587994 -0.705404,
        2.460630 -0.586498 -0.697026,
        2.460630 -0.583537 -0.680442,
        2.460630 -0.507153 -0.816038,
        2.460630 -0.506315 -0.817830,
        2.460630 -0.500477 -0.830312,
        2.460630 -0.490593 -0.842498,
        2.460630 -0.427959 -0.859215,
        2.460630 -0.444057 -0.861201,
        2.460630 -0.446587 -0.861154,
        2.460630 -0.462269 -0.858716,
        2.460630 -0.471521 -0.854834,
        2.460630 -0.477597 -0.852285,
        2.460630 -0.381832 -0.817830,
        2.460630 -0.381909 -0.818154,
        2.460630 -0.389780 -0.832947,
        2.460630 -0.399922 -0.844310,
        2.460630 -0.413148 -0.853521,
        2.460630 -0.416563 -0.854834,
        2.460630 -0.297017 -0.778648,
        2.460630 -0.292460 -0.776848,
        2.460630 -0.284657 -0.738994,
        2.460630 -0.394244 -0.750285,
        2.460630 -0.305246 -0.703793,
        2.460630 -0.405868 -0.739705,
        2.460630 -0.419965 -0.732156,
        2.460630 -0.301102 -0.781543,
        2.460630 -0.175825 -0.769098,
        2.460630 -0.189017 -0.787479,
        2.460630 -0.205953 -0.719163,
        2.460630 -0.209089 -0.706411,
        2.460630 -0.214161 -0.697026,
        2.460630 -0.544685 -0.697026,
        2.460630 -0.167487 -0.702677,
        2.460630 -0.164443 -0.724383,
        2.460630 -0.167485 -0.748070,
        2.460630 -0.287313 -0.776188,
        2.460630 -0.286667 -0.776234,
        2.460630 -0.284674 -0.776676,
        2.460630 -0.540756 -0.736983,
        2.460630 -0.532882 -0.750373,
        2.460630 -0.499161 -0.757280,
        2.460630 -0.520978 -0.762611,
        2.460630 -0.506489 -0.771539,
        2.460630 -0.474608 -0.735281,
        2.460630 -0.488185 -0.744721,
        2.460630 -0.546339 -0.710435,
        2.460630 -0.545534 -0.720736,
        2.460630 -0.459939 -0.729664,
        2.460630 -0.444057 -0.727704,
        2.460630 -0.435998 -0.728180,
        2.460630 -0.207080 -0.802770,
        2.460630 -0.227344 -0.812689,
        2.460630 -0.249456 -0.817366,
        2.460630 -0.307902 -0.796777,
        2.460630 -0.307734 -0.794156,
        2.460630 -0.377640 -0.788143,
        2.460630 -0.306400 -0.789101,
        2.460630 -0.303846 -0.784569,
        2.460630 -0.219113 -0.760188,
        2.460630 -0.211802 -0.749831,
        2.460630 -0.207220 -0.737996,
        2.460630 -0.205621 -0.725047,
        2.460630 -0.288642 -0.817366,
        2.460630 -0.292383 -0.816763,
        2.460630 -0.296776 -0.815034,
        2.460630 -0.301084 -0.811971,
        2.460630 -0.302628 -0.810400,
        2.460630 -0.305523 -0.806228,
        2.460630 -0.307272 -0.801724,
        2.460630 -0.378007 -0.801763,
        2.460630 -0.377640 -0.794784,
        2.460630 -0.283328 -0.776852,
        2.460630 -0.253441 -0.776852,
        2.460630 -0.241472 -0.774553,
        2.460630 -0.229759 -0.769113,
        2.460630 -0.219946 -0.761084,
        2.460630 -0.277093 -0.633284,
        2.460630 -0.292087 -0.615399,
        2.460630 -0.444721 -0.653981,
        2.460630 -0.293696 -0.613934,
        2.460630 -0.312354 -0.600980,
        2.460630 -0.434567 -0.632960,
        2.460630 -0.449380 -0.651430,
        2.460630 -0.464269 -0.645967,
        2.460630 -0.215278 -0.694961,
        2.460630 -0.222885 -0.686473,
        2.460630 -0.257426 -0.673242,
        2.460630 -0.233184 -0.679274,
        2.460630 -0.244774 -0.674805,
        2.460630 -0.262739 -0.673242,
        2.460630 -0.266828 -0.654675,
        2.460630 -0.503291 -0.648287,
        2.460630 -0.518084 -0.656159,
        2.460630 -0.486900 -0.644385,
        2.460630 -0.529448 -0.666300,
        2.460630 -0.538658 -0.679526,
        2.460630 -0.419668 -0.615166,
        2.460630 -0.333180 -0.592994,
        2.460630 -0.401883 -0.602171,
        2.460630 -0.355722 -0.590221,
        2.460630 -0.380188 -0.593374,
        2.460630 -0.479922 -0.644019,
        2.460630 -0.544353 -0.694337,
        2.464567 -0.500477 -0.830312,
        2.464567 -0.490593 -0.842498,
        2.464567 -0.506489 -0.771539,
        2.464567 -0.518084 -0.656159,
        2.464567 -0.503291 -0.648287,
        2.464567 -0.506758 -0.607403,
        2.464567 -0.465310 -0.605497,
        2.464567 -0.444721 -0.653981,
        2.464567 -0.434567 -0.632960,
        2.464567 -0.520978 -0.762611,
        2.464567 -0.515561 -0.813521,
        2.464567 -0.507153 -0.816038,
        2.464567 -0.480586 -0.604169,
        2.464567 -0.439192 -0.770147,
        2.464567 -0.433024 -0.772355,
        2.464567 -0.377640 -0.788143,
        2.464567 -0.427681 -0.775961,
        2.464567 -0.423402 -0.780737,
        2.464567 -0.284657 -0.738994,
        2.464567 -0.305246 -0.703793,
        2.464567 -0.394244 -0.750285,
        2.464567 -0.444721 -0.769546,
        2.464567 -0.451217 -0.770379,
        2.464567 -0.459939 -0.729664,
        2.464567 -0.457017 -0.772669,
        2.464567 -0.474608 -0.735281,
        2.464567 -0.462209 -0.776361,
        2.464567 -0.488185 -0.744721,
        2.464567 -0.464835 -0.779137,
        2.464567 -0.499161 -0.757280,
        2.464567 -0.468267 -0.784631,
        2.464567 -0.470225 -0.790881,
        2.464567 -0.470555 -0.797355,
        2.464567 -0.419965 -0.732156,
        2.464567 -0.435998 -0.728180,
        2.464567 -0.444057 -0.727704,
        2.464567 -0.420517 -0.786190,
        2.464567 -0.419000 -0.792348,
        2.464567 -0.377640 -0.794784,
        2.464567 -0.418991 -0.798426,
        2.464567 -0.378007 -0.801763,
        2.464567 -0.262739 -0.673242,
        2.464567 -0.257426 -0.673242,
        2.464567 -0.230195 -0.637377,
        2.464567 -0.244774 -0.674805,
        2.464567 -0.226957 -0.638465,
        2.464567 -0.233184 -0.679274,
        2.464567 -0.207190 -0.648269,
        2.464567 -0.189172 -0.663502,
        2.464567 -0.451695 -0.589640,
        2.464567 -0.419668 -0.615166,
        2.464567 -0.436087 -0.576273,
        2.464567 -0.401883 -0.602171,
        2.464567 -0.419842 -0.566213,
        2.464567 -0.486900 -0.644385,
        2.464567 -0.479922 -0.644019,
        2.464567 -0.472948 -0.604583,
        2.464567 -0.464269 -0.645967,
        2.464567 -0.449380 -0.651430,
        2.464567 -0.405868 -0.739705,
        2.464567 -0.189017 -0.787479,
        2.464567 -0.219946 -0.761084,
        2.464567 -0.207080 -0.802770,
        2.464567 -0.229759 -0.769113,
        2.464567 -0.227344 -0.812689,
        2.464567 -0.241472 -0.774553,
        2.464567 -0.249456 -0.817366,
        2.464567 -0.253441 -0.776852,
        2.464567 -0.288642 -0.817366,
        2.464567 -0.283328 -0.776852,
        2.464567 -0.292383 -0.816763,
        2.464567 -0.469325 -0.803583,
        2.464567 -0.466696 -0.809166,
        2.464567 -0.222885 -0.686473,
        2.464567 -0.215278 -0.694961,
        2.464567 -0.175611 -0.682394,
        2.464567 -0.209089 -0.706411,
        2.464567 -0.167487 -0.702677,
        2.464567 -0.205953 -0.719163,
        2.464567 -0.164443 -0.724383,
        2.464567 -0.205621 -0.725047,
        2.464567 -0.167485 -0.748070,
        2.464567 -0.207220 -0.737996,
        2.464567 -0.175825 -0.769098,
        2.464567 -0.211802 -0.749831,
        2.464567 -0.219113 -0.760188,
        2.464567 -0.266060 -0.584907,
        2.464567 -0.292087 -0.615399,
        2.464567 -0.243994 -0.610467,
        2.464567 -0.277093 -0.633284,
        2.464567 -0.266828 -0.654675,
        2.464567 -0.544353 -0.694337,
        2.464567 -0.587994 -0.705404,
        2.464567 -0.546339 -0.710435,
        2.464567 -0.588181 -0.711763,
        2.464567 -0.545534 -0.720736,
        2.464567 -0.584963 -0.737794,
        2.464567 -0.540756 -0.736983,
        2.464567 -0.575444 -0.762520,
        2.464567 -0.532882 -0.750373,
        2.464567 -0.560286 -0.784157,
        2.464567 -0.539564 -0.801828,
        2.464567 -0.381909 -0.818154,
        2.464567 -0.420577 -0.804800,
        2.464567 -0.389780 -0.832947,
        2.464567 -0.423665 -0.810504,
        2.464567 -0.399922 -0.844310,
        2.464567 -0.427270 -0.814577,
        2.464567 -0.413148 -0.853521,
        2.464567 -0.432316 -0.818195,
        2.464567 -0.427959 -0.859215,
        2.464567 -0.438069 -0.820493,
        2.464567 -0.444057 -0.861201,
        2.464567 -0.444721 -0.821351,
        2.464567 -0.446587 -0.861154,
        2.464567 -0.445853 -0.821326,
        2.464567 -0.462269 -0.858716,
        2.464567 -0.451815 -0.820354,
        2.464567 -0.477597 -0.852285,
        2.464567 -0.457819 -0.817776,
        2.464567 -0.462903 -0.813879,
        2.464567 -0.389215 -0.554411,
        2.464567 -0.380188 -0.593374,
        2.464567 -0.356387 -0.550371,
        2.464567 -0.355722 -0.590221,
        2.464567 -0.327925 -0.553481,
        2.464567 -0.333180 -0.592994,
        2.464567 -0.294692 -0.565495,
        2.464567 -0.312354 -0.600980,
        2.464567 -0.293696 -0.613934,
        2.464567 -0.531361 -0.616957,
        2.464567 -0.552486 -0.631808,
        2.464567 -0.529448 -0.666300,
        2.464567 -0.556965 -0.636048,
        2.464567 -0.538658 -0.679526,
        2.464567 -0.572941 -0.656530,
        2.464567 -0.583537 -0.680442,
        2.464567 -0.286667 -0.776234,
        2.464567 -0.302628 -0.810400,
        2.464567 -0.301084 -0.811971,
        2.464567 -0.284674 -0.776676,
        2.464567 -0.296776 -0.815034,
        2.464567 -0.307902 -0.796777,
        2.464567 -0.307272 -0.801724,
        2.464567 -0.305523 -0.806228,
        2.464567 -0.292460 -0.776848,
        2.464567 -0.297017 -0.778648,
        2.464567 -0.307734 -0.794156,
        2.464567 -0.301102 -0.781543,
        2.464567 -0.303846 -0.784569,
        2.464567 -0.306400 -0.789101,
        2.464567 -0.287313 -0.776188,
        2.460630 -0.444721 -0.769546,
        2.460630 -0.439192 -0.770147,
        2.460630 -0.433024 -0.772355,
        2.460630 -0.427681 -0.775961,
        2.460630 -0.423402 -0.780737,
        2.460630 -0.420517 -0.786190,
        2.460630 -0.419000 -0.792348,
        2.460630 -0.418991 -0.798426,
        2.460630 -0.420577 -0.804800,
        2.460630 -0.423665 -0.810504,
        2.460630 -0.427270 -0.814577,
        2.460630 -0.432316 -0.818195,
        2.460630 -0.438069 -0.820493,
        2.460630 -0.444721 -0.821351,
        2.460630 -0.445853 -0.821326,
        2.460630 -0.451815 -0.820354,
        2.460630 -0.457819 -0.817776,
        2.460630 -0.462903 -0.813879,
        2.460630 -0.466696 -0.809166,
        2.460630 -0.469325 -0.803583,
        2.460630 -0.470555 -0.797355,
        2.460630 -0.470225 -0.790881,
        2.460630 -0.468267 -0.784631,
        2.460630 -0.464835 -0.779137,
        2.460630 -0.462209 -0.776361,
        2.460630 -0.457017 -0.772669,
        2.460630 -0.451217 -0.770379,
      ]
    }
    coordIndex [
      135, 136, 137, -1,
      138, 139, 140, -1,
      141, 142, 143, -1,
      144, 145, 137, -1,
      137, 145, 146, -1,
      137, 146, 135, -1,
      140, 139, 147, -1,
      148, 149, 150, -1,
      150, 149, 151, -1,
      150, 151, 152, -1,
      153, 154, 150, -1,
      150, 154, 155, -1,
      150, 155, 148, -1,
      148, 155, 156, -1,
      157, 158, 159, -1,
      159, 158, 160, -1,
      159, 160, 161, -1,
      161, 160, 162, -1,
      161, 162, 163, -1,
      163, 162, 164, -1,
      163, 164, 165, -1,
      165, 164, 137, -1,
      165, 137, 166, -1,
      166, 137, 167, -1,
      168, 169, 157, -1,
      157, 169, 170, -1,
      157, 170, 158, -1,
      152, 171, 150, -1,
      150, 171, 172, -1,
      150, 172, 173, -1,
      173, 172, 174, -1,
      173, 174, 175, -1,
      176, 177, 178, -1,
      178, 177, 179, -1,
      178, 179, 180, -1,
      180, 179, 181, -1,
      180, 181, 182, -1,
      182, 181, 183, -1,
      141, 143, 184, -1,
      184, 143, 185, -1,
      184, 185, 186, -1,
      186, 185, 187, -1,
      186, 187, 188, -1,
      139, 189, 147, -1,
      147, 189, 190, -1,
      147, 190, 191, -1,
      191, 190, 192, -1,
      191, 192, 141, -1,
      141, 192, 193, -1,
      141, 193, 142, -1,
      156, 155, 157, -1,
      157, 155, 194, -1,
      157, 194, 168, -1,
      195, 196, 197, -1,
      197, 196, 198, -1,
      197, 198, 199, -1,
      199, 198, 200, -1,
      199, 200, 201, -1,
      201, 200, 202, -1,
      201, 202, 203, -1,
      203, 202, 204, -1,
      203, 204, 205, -1,
      167, 137, 206, -1,
      206, 137, 136, -1,
      206, 136, 207, -1,
      181, 208, 183, -1,
      183, 208, 209, -1,
      183, 209, 210, -1,
      210, 209, 211, -1,
      210, 211, 212, -1,
      212, 211, 213, -1,
      212, 213, 214, -1,
      214, 213, 215, -1,
      214, 215, 216, -1,
      216, 215, 217, -1,
      216, 217, 218, -1,
      218, 217, 219, -1,
      218, 219, 195, -1,
      195, 219, 220, -1,
      195, 220, 196, -1,
      221, 222, 223, -1,
      223, 222, 224, -1,
      223, 224, 178, -1,
      178, 224, 225, -1,
      178, 225, 176, -1,
      226, 227, 228, -1,
      228, 227, 229, -1,
      228, 229, 230, -1,
      230, 229, 231, -1,
      230, 231, 232, -1,
      232, 231, 233, -1,
      232, 233, 234, -1,
      234, 233, 235, -1,
      234, 235, 144, -1,
      144, 235, 236, -1,
      144, 236, 145, -1,
      175, 174, 237, -1,
      237, 174, 238, -1,
      237, 238, 239, -1,
      239, 238, 240, -1,
      239, 240, 241, -1,
      241, 240, 242, -1,
      241, 242, 243, -1,
      243, 242, 244, -1,
      243, 244, 245, -1,
      245, 244, 246, -1,
      245, 246, 247, -1,
      247, 246, 248, -1,
      247, 248, 249, -1,
      249, 248, 250, -1,
      249, 250, 251, -1,
      251, 250, 252, -1,
      251, 252, 253, -1,
      253, 252, 254, -1,
      253, 254, 136, -1,
      136, 254, 255, -1,
      136, 255, 207, -1,
      188, 187, 256, -1,
      256, 187, 257, -1,
      256, 257, 258, -1,
      258, 257, 259, -1,
      258, 259, 260, -1,
      260, 259, 261, -1,
      260, 261, 262, -1,
      262, 261, 263, -1,
      262, 263, 221, -1,
      221, 263, 264, -1,
      221, 264, 222, -1,
      140, 265, 138, -1,
      138, 265, 266, -1,
      138, 266, 267, -1,
      267, 266, 268, -1,
      267, 268, 269, -1,
      269, 268, 270, -1,
      269, 270, 226, -1,
      226, 270, 271, -1,
      226, 271, 227, -1,
      272, 273, 274, -1,
      204, 275, 205, -1,
      205, 275, 272, -1,
      205, 272, 276, -1,
      276, 272, 274, -1,
      277, 278, 272, -1,
      272, 278, 279, -1,
      272, 279, 273, -1,
      280, 281, 282, -1,
      281, 283, 282, -1,
      282, 283, 284, -1,
      282, 284, 285, -1,
      277, 272, 282, -1,
      282, 272, 286, -1,
      282, 286, 280, -1,
      214, 65, 64, -1,
      214, 64, 212, -1,
      212, 64, 4, -1,
      212, 4, 210, -1,
      4, 5, 210, -1,
      210, 5, 6, -1,
      210, 6, 183, -1,
      183, 6, 7, -1,
      183, 7, 182, -1,
      182, 7, 9, -1,
      182, 9, 180, -1,
      180, 9, 8, -1,
      180, 8, 178, -1,
      178, 8, 3, -1,
      178, 3, 223, -1,
      223, 3, 2, -1,
      223, 2, 221, -1,
      262, 221, 1, -1,
      1, 221, 2, -1,
      1, 0, 262, -1,
      262, 0, 12, -1,
      262, 12, 260, -1,
      260, 12, 11, -1,
      260, 11, 258, -1,
      258, 11, 10, -1,
      258, 10, 256, -1,
      256, 10, 13, -1,
      256, 13, 188, -1,
      188, 13, 186, -1,
      186, 13, 14, -1,
      186, 14, 15, -1,
      186, 15, 20, -1,
      186, 20, 184, -1,
      184, 20, 22, -1,
      184, 22, 141, -1,
      141, 22, 21, -1,
      141, 21, 191, -1,
      191, 21, 19, -1,
      191, 19, 147, -1,
      147, 19, 18, -1,
      147, 18, 140, -1,
      140, 18, 24, -1,
      140, 24, 265, -1,
      265, 24, 23, -1,
      265, 23, 266, -1,
      266, 23, 17, -1,
      266, 17, 268, -1,
      33, 270, 16, -1,
      16, 270, 268, -1,
      16, 268, 17, -1,
      32, 227, 33, -1,
      33, 227, 271, -1,
      33, 271, 270, -1,
      32, 31, 227, -1,
      227, 31, 30, -1,
      227, 30, 229, -1,
      229, 30, 29, -1,
      229, 29, 231, -1,
      231, 29, 28, -1,
      231, 28, 233, -1,
      233, 28, 26, -1,
      233, 26, 235, -1,
      235, 26, 25, -1,
      235, 25, 236, -1,
      236, 25, 27, -1,
      236, 27, 145, -1,
      145, 27, 34, -1,
      145, 34, 146, -1,
      146, 34, 35, -1,
      146, 35, 135, -1,
      35, 36, 135, -1,
      135, 36, 37, -1,
      135, 37, 136, -1,
      136, 37, 43, -1,
      136, 43, 253, -1,
      253, 43, 42, -1,
      253, 42, 251, -1,
      42, 41, 251, -1,
      251, 41, 40, -1,
      251, 40, 249, -1,
      249, 40, 39, -1,
      249, 39, 247, -1,
      102, 173, 175, -1,
      247, 39, 38, -1,
      49, 243, 38, -1,
      38, 243, 245, -1,
      38, 245, 247, -1,
      49, 48, 243, -1,
      243, 48, 47, -1,
      243, 47, 241, -1,
      241, 47, 46, -1,
      241, 46, 239, -1,
      239, 46, 45, -1,
      239, 45, 237, -1,
      237, 45, 44, -1,
      237, 44, 175, -1,
      175, 44, 101, -1,
      175, 101, 102, -1,
      150, 173, 87, -1,
      87, 173, 102, -1,
      153, 150, 52, -1,
      52, 150, 87, -1,
      154, 153, 54, -1,
      54, 153, 52, -1,
      155, 154, 53, -1,
      53, 154, 54, -1,
      155, 53, 55, -1,
      155, 55, 194, -1,
      194, 55, 56, -1,
      194, 56, 168, -1,
      168, 56, 81, -1,
      168, 81, 169, -1,
      169, 81, 80, -1,
      169, 80, 170, -1,
      170, 80, 79, -1,
      170, 79, 158, -1,
      158, 79, 75, -1,
      158, 75, 160, -1,
      160, 75, 76, -1,
      160, 76, 162, -1,
      162, 76, 72, -1,
      162, 72, 164, -1,
      164, 72, 74, -1,
      164, 74, 137, -1,
      137, 74, 73, -1,
      137, 73, 144, -1,
      144, 73, 71, -1,
      144, 71, 234, -1,
      234, 71, 70, -1,
      234, 70, 232, -1,
      232, 70, 78, -1,
      232, 78, 230, -1,
      230, 78, 77, -1,
      230, 77, 228, -1,
      228, 77, 226, -1,
      226, 77, 63, -1,
      63, 134, 226, -1,
      226, 134, 127, -1,
      226, 127, 269, -1,
      269, 127, 126, -1,
      269, 126, 267, -1,
      267, 126, 124, -1,
      267, 124, 138, -1,
      138, 124, 123, -1,
      138, 123, 139, -1,
      139, 123, 125, -1,
      139, 125, 189, -1,
      189, 125, 133, -1,
      189, 133, 190, -1,
      190, 133, 115, -1,
      190, 115, 192, -1,
      192, 115, 114, -1,
      192, 114, 193, -1,
      193, 114, 110, -1,
      193, 110, 142, -1,
      142, 110, 113, -1,
      142, 113, 143, -1,
      143, 113, 128, -1,
      143, 128, 185, -1,
      185, 128, 130, -1,
      185, 130, 187, -1,
      187, 130, 132, -1,
      187, 132, 257, -1,
      257, 132, 131, -1,
      257, 131, 259, -1,
      259, 131, 129, -1,
      259, 129, 261, -1,
      261, 129, 112, -1,
      261, 112, 263, -1,
      263, 112, 111, -1,
      263, 111, 264, -1,
      264, 111, 109, -1,
      264, 109, 222, -1,
      222, 109, 108, -1,
      222, 108, 224, -1,
      224, 108, 122, -1,
      224, 122, 225, -1,
      225, 122, 121, -1,
      225, 121, 176, -1,
      177, 176, 118, -1,
      118, 176, 121, -1,
      177, 118, 120, -1,
      177, 120, 179, -1,
      179, 120, 119, -1,
      179, 119, 181, -1,
      181, 119, 117, -1,
      181, 117, 208, -1,
      208, 117, 116, -1,
      208, 116, 209, -1,
      209, 116, 62, -1,
      209, 62, 211, -1,
      62, 61, 211, -1,
      211, 61, 60, -1,
      211, 60, 213, -1,
      213, 60, 93, -1,
      213, 93, 215, -1,
      215, 93, 92, -1,
      215, 92, 217, -1,
      217, 92, 91, -1,
      217, 91, 219, -1,
      219, 91, 90, -1,
      219, 90, 220, -1,
      220, 90, 107, -1,
      220, 107, 196, -1,
      196, 107, 106, -1,
      196, 106, 198, -1,
      198, 106, 105, -1,
      198, 105, 200, -1,
      200, 105, 104, -1,
      200, 104, 202, -1,
      204, 202, 103, -1,
      103, 202, 104, -1,
      204, 103, 69, -1,
      204, 69, 275, -1,
      275, 69, 68, -1,
      275, 68, 272, -1,
      272, 68, 67, -1,
      272, 67, 286, -1,
      286, 67, 51, -1,
      286, 51, 280, -1,
      280, 51, 50, -1,
      280, 50, 281, -1,
      281, 50, 57, -1,
      281, 57, 283, -1,
      283, 57, 89, -1,
      283, 89, 284, -1,
      284, 89, 88, -1,
      284, 88, 285, -1,
      285, 88, 86, -1,
      285, 86, 282, -1,
      282, 86, 85, -1,
      282, 85, 277, -1,
      277, 85, 100, -1,
      277, 100, 278, -1,
      278, 100, 99, -1,
      278, 99, 279, -1,
      279, 99, 98, -1,
      279, 98, 273, -1,
      273, 98, 97, -1,
      273, 97, 274, -1,
      274, 97, 96, -1,
      274, 96, 276, -1,
      276, 96, 95, -1,
      276, 95, 205, -1,
      205, 95, 94, -1,
      205, 94, 203, -1,
      201, 203, 84, -1,
      84, 203, 94, -1,
      201, 84, 83, -1,
      201, 83, 199, -1,
      199, 83, 82, -1,
      199, 82, 197, -1,
      197, 82, 59, -1,
      197, 59, 195, -1,
      195, 59, 58, -1,
      195, 58, 218, -1,
      218, 58, 66, -1,
      218, 66, 216, -1,
      216, 66, 65, -1,
      216, 65, 214, -1,
      156, 287, 288, -1,
      156, 288, 148, -1,
      148, 288, 289, -1,
      148, 289, 149, -1,
      149, 289, 290, -1,
      149, 290, 151, -1,
      151, 290, 291, -1,
      151, 291, 152, -1,
      152, 291, 292, -1,
      152, 292, 171, -1,
      171, 292, 293, -1,
      171, 293, 172, -1,
      172, 293, 294, -1,
      172, 294, 174, -1,
      174, 294, 295, -1,
      174, 295, 238, -1,
      238, 295, 296, -1,
      238, 296, 240, -1,
      240, 296, 297, -1,
      240, 297, 242, -1,
      242, 297, 298, -1,
      242, 298, 244, -1,
      244, 298, 299, -1,
      244, 299, 246, -1,
      246, 299, 300, -1,
      246, 300, 248, -1,
      248, 300, 301, -1,
      248, 301, 250, -1,
      250, 301, 302, -1,
      250, 302, 252, -1,
      252, 302, 303, -1,
      252, 303, 254, -1,
      254, 303, 304, -1,
      254, 304, 255, -1,
      255, 304, 305, -1,
      255, 305, 207, -1,
      207, 305, 306, -1,
      207, 306, 206, -1,
      206, 306, 307, -1,
      206, 307, 167, -1,
      167, 307, 308, -1,
      167, 308, 166, -1,
      166, 308, 309, -1,
      166, 309, 165, -1,
      165, 309, 310, -1,
      165, 310, 163, -1,
      163, 310, 311, -1,
      163, 311, 161, -1,
      161, 311, 312, -1,
      161, 312, 159, -1,
      159, 312, 313, -1,
      159, 313, 157, -1,
      157, 313, 287, -1,
      157, 287, 156, -1,
    ]
  }
}

Shape {
  appearance Appearance {
    material Material {
      diffuseColor 1.0000 1.0000 1.0000
      specularColor 0.5020 0.5020 0.5020
      ambientIntensity 0.2
      transparency 0.0000
      shininess 0.5
    }
  }
  geometry IndexedFaceSet {
    ccw TRUE
    solid FALSE
    coord DEF co Coordinate {
      point [
        -2.066929 -1.385827 -0.767717,
        -2.066929 -1.385827 0.374016,
        2.066929 -1.385827 -0.767717,
        2.066929 -1.385827 0.374016,
        2.185039 -1.503937 -0.885827,
        -2.185039 -1.503937 0.374016,
        -2.185039 -1.503937 -0.885827,
        2.185039 -1.503937 0.374016,
        2.460630 -0.444721 -0.769546,
        2.460630 -0.439192 -0.770147,
        2.460630 -0.433024 -0.772355,
        2.460630 -0.427681 -0.775961,
        2.460630 -0.423402 -0.780737,
        2.460630 -0.420517 -0.786190,
        2.460630 -0.419000 -0.792348,
        2.460630 -0.418991 -0.798426,
        2.460630 -0.420577 -0.804800,
        2.460630 -0.423665 -0.810504,
        2.460630 -0.427270 -0.814577,
        2.460630 -0.432316 -0.818195,
        2.460630 -0.438069 -0.820493,
        2.460630 -0.444721 -0.821351,
        2.460630 -0.445853 -0.821326,
        2.460630 -0.451815 -0.820354,
        2.460630 -0.457819 -0.817776,
        2.460630 -0.462903 -0.813879,
        2.460630 -0.466696 -0.809166,
        2.460630 -0.469325 -0.803583,
        2.460630 -0.470555 -0.797355,
        2.460630 -0.470225 -0.790881,
        2.460630 -0.468267 -0.784631,
        2.460630 -0.464835 -0.779137,
        2.460630 -0.462209 -0.776361,
        2.460630 -0.457017 -0.772669,
        2.460630 -0.451217 -0.770379,
      ]
    }
    coordIndex [
      22, 32, 31, -1,
      20, 19, 9, -1,
      8, 34, 22, -1,
      22, 34, 33, -1,
      22, 33, 32, -1,
      27, 26, 31, -1,
      31, 26, 25, -1,
      8, 22, 9, -1,
      9, 22, 21, -1,
      9, 21, 20, -1,
      30, 29, 31, -1,
      31, 29, 28, -1,
      31, 28, 27, -1,
      25, 24, 31, -1,
      31, 24, 23, -1,
      31, 23, 22, -1,
      19, 18, 9, -1,
      9, 18, 17, -1,
      9, 17, 16, -1,
      16, 15, 9, -1,
      9, 15, 14, -1,
      9, 14, 13, -1,
      13, 12, 9, -1,
      9, 12, 11, -1,
      9, 11, 10, -1,
      6, 0, 5, -1,
      5, 0, 1, -1,
      4, 2, 6, -1,
      6, 2, 0, -1,
      7, 3, 4, -1,
      4, 3, 2, -1,
    ]
  }
}
