** Drc report for svea_powerboard_rev3.kicad_pcb **
** Created on 2026-03-03T13:50:21+0100 **

** Found 1093 DRC violations **
[clearance]: Clearance violation (netclass 'Default' clearance 0.2000 mm; actual 0.1982 mm)
    Rule: netclass 'Default'; error
    @(123.1593 mm, 20.1172 mm): Track [+5V] on In2.Cu, length 1.2390 mm
    @(123.5492 mm, 21.0682 mm): PTH pad 16 [GND] of U83
[clearance]: Clearance violation (netclass 'Default' clearance 0.2000 mm; actual 0.1835 mm)
    Rule: netclass 'Default'; error
    @(118.5931 mm, 41.4020 mm): Track [Net-(U102-SS)] on B.Cu, length 0.6871 mm
    @(119.3780 mm, 41.5290 mm): Pad 1 [Net-(U102-ILM)] of R113 on B.Cu
[hole_clearance]: Hole clearance violation (board setup constraints hole clearance 0.2500 mm; actual 0.2260 mm)
    Rule: board setup constraints hole; error
    @(134.7297 mm, 23.6260 mm): Polygon [<no net>] of NT7 on B.Cu
    @(133.1667 mm, 23.2500 mm): Via [/Battery System/mt9700-efuse1/OUT] on F.Cu - B.Cu
[hole_clearance]: Hole clearance violation (board setup constraints hole clearance 0.2500 mm; actual 0.2260 mm)
    Rule: board setup constraints hole; error
    @(134.7297 mm, 23.6260 mm): Polygon [<no net>] of NT7 on B.Cu
    @(134.1667 mm, 23.2500 mm): Via [/Battery System/mt9700-efuse1/OUT] on F.Cu - B.Cu
[clearance]: Clearance violation (netclass 'Default' clearance 0.2000 mm; actual 0.1576 mm)
    Rule: netclass 'Default'; error
    @(33.7958 mm, 65.7490 mm): Track [/Battery System/ServoConnectors/Steering] on In3.Cu, length 1.6788 mm
    @(31.5600 mm, 64.4250 mm): PTH pad 7 [GND] of H4
[clearance]: Clearance violation (netclass 'Default' clearance 0.2000 mm; actual 0.1487 mm)
    Rule: netclass 'Default'; error
    @(32.6087 mm, 64.5619 mm): Track [/Battery System/ServoConnectors/Steering] on In3.Cu, length 0.7079 mm
    @(31.5600 mm, 64.4250 mm): PTH pad 7 [GND] of H4
[clearance]: Clearance violation (netclass 'Default' clearance 0.2000 mm; actual 0.1567 mm)
    Rule: netclass 'Default'; error
    @(31.5600 mm, 61.8850 mm): PTH pad 4 [GND] of H4
    @(31.3896 mm, 63.2090 mm): Track [/Battery System/ServoConnectors/Steering] on In3.Cu, length 9.3687 mm
[clearance]: Clearance violation (netclass 'Default' clearance 0.2000 mm; actual 0.1567 mm)
    Rule: netclass 'Default'; error
    @(33.9297 mm, 63.2090 mm): Track [/Battery System/ServoConnectors/Extra2] on In3.Cu, length 1.3901 mm
    @(34.1000 mm, 61.8850 mm): PTH pad 5 [servo_vcc_indicator] of H4
[clearance]: Clearance violation (netclass 'Default' clearance 0.2000 mm; actual 0.1487 mm)
    Rule: netclass 'Default'; error
    @(35.1487 mm, 60.3310 mm): Track [/Battery System/ServoConnectors/Extra1] on In3.Cu, length 1.5571 mm
    @(34.1000 mm, 59.3450 mm): PTH pad 2 [servo_vcc_indicator] of H4
[clearance]: Clearance violation (netclass 'Default' clearance 0.2000 mm; actual 0.4300 mm)
    Rule: netclass 'Default'; error
    @(70.7500 mm, 41.8700 mm): Pad 2 [PACK+] of R189 on B.Cu
    @(70.3500 mm, 40.8500 mm): Via [+3V3] on F.Cu - B.Cu
[clearance]: Clearance violation (netclass 'Default' clearance 0.2000 mm; actual 0.1392 mm)
    Rule: netclass 'Default'; error
    @(139.5327 mm, 59.9729 mm): Track [+3V3] on B.Cu, length 1.2134 mm
    @(140.4157 mm, 59.9809 mm): Pad 1 [Net-(U90-RESET#)] of R269 on B.Cu
[clearance]: Clearance violation (netclass 'Default' clearance 0.2000 mm; actual 0.1800 mm)
    Rule: netclass 'Default'; error
    @(118.2456 mm, 32.8141 mm): Pad 1 [Power/5V-Buck/PGOOD] of U74 on F.Cu
    @(118.0707 mm, 31.8341 mm): Pad 11 [Net-(U74-RT)] of U74 on F.Cu
[clearance]: Clearance violation (netclass 'Default' clearance 0.2000 mm; actual 0.1600 mm)
    Rule: netclass 'Default'; error
    @(118.2456 mm, 29.8741 mm): Pad 8 [Net-(U74-VCC)] of U74 on F.Cu
    @(118.0707 mm, 30.8341 mm): Pad 9 [Net-(U74-FB)] of U74 on F.Cu
[clearance]: Clearance violation (netclass 'Default' clearance 0.2000 mm; actual 0.1850 mm)
    Rule: netclass 'Default'; error
    @(118.0707 mm, 30.8341 mm): Pad 9 [Net-(U74-FB)] of U74 on F.Cu
    @(118.4457 mm, 31.3341 mm): Pad 10 [GND] of U74 on F.Cu
[clearance]: Clearance violation (netclass 'Default' clearance 0.2000 mm; actual 0.1850 mm)
    Rule: netclass 'Default'; error
    @(118.4457 mm, 31.3341 mm): Pad 10 [GND] of U74 on F.Cu
    @(118.0707 mm, 31.8341 mm): Pad 11 [Net-(U74-RT)] of U74 on F.Cu
[clearance]: Clearance violation (netclass 'Default' clearance 0.2000 mm; actual 0.0758 mm)
    Rule: netclass 'Default'; error
    @(31.5600 mm, 59.3450 mm): PTH pad 1 [GND] of H4
    @(29.1922 mm, 46.7492 mm): Zone 'stitch_zone_26' [servo_vcc_indicator] on B.Cu and In2.Cu, priority 31
[clearance]: Clearance violation (netclass 'Default' clearance 0.2000 mm; actual 0.0758 mm)
    Rule: netclass 'Default'; error
    @(31.5600 mm, 59.3450 mm): PTH pad 1 [GND] of H4
    @(29.1922 mm, 46.7492 mm): Zone 'stitch_zone_26' [servo_vcc_indicator] on B.Cu and In2.Cu, priority 31
[clearance]: Clearance violation (netclass 'Default' clearance 0.2000 mm; actual 0.0742 mm)
    Rule: netclass 'Default'; error
    @(34.1000 mm, 59.3450 mm): PTH pad 2 [servo_vcc_indicator] of H4
    @(7.9832 mm, 7.9271 mm): Zone 'stitch_zone_12' [GND] on In1.Cu and In4.Cu, priority 99999
[clearance]: Clearance violation (netclass 'Default' clearance 0.2000 mm; actual 0.0742 mm)
    Rule: netclass 'Default'; error
    @(34.1000 mm, 59.3450 mm): PTH pad 2 [servo_vcc_indicator] of H4
    @(7.9832 mm, 7.9271 mm): Zone 'stitch_zone_12' [GND] on In1.Cu and In4.Cu, priority 99999
[clearance]: Clearance violation (netclass 'Default' clearance 0.2000 mm; actual 0.1486 mm)
    Rule: netclass 'Default'; error
    @(36.6400 mm, 59.3450 mm): PTH pad 3 [/Battery System/ServoConnectors/Gear] of H4
    @(29.1922 mm, 46.7492 mm): Zone 'stitch_zone_26' [servo_vcc_indicator] on B.Cu and In2.Cu, priority 31
[clearance]: Clearance violation (netclass 'Default' clearance 0.2000 mm; actual 0.0742 mm)
    Rule: netclass 'Default'; error
    @(36.6400 mm, 59.3450 mm): PTH pad 3 [/Battery System/ServoConnectors/Gear] of H4
    @(7.9832 mm, 7.9271 mm): Zone 'stitch_zone_12' [GND] on In1.Cu and In4.Cu, priority 99999
[clearance]: Clearance violation (netclass 'Default' clearance 0.2000 mm; actual 0.1486 mm)
    Rule: netclass 'Default'; error
    @(36.6400 mm, 59.3450 mm): PTH pad 3 [/Battery System/ServoConnectors/Gear] of H4
    @(29.1922 mm, 46.7492 mm): Zone 'stitch_zone_26' [servo_vcc_indicator] on B.Cu and In2.Cu, priority 31
[clearance]: Clearance violation (netclass 'Default' clearance 0.2000 mm; actual 0.0742 mm)
    Rule: netclass 'Default'; error
    @(36.6400 mm, 59.3450 mm): PTH pad 3 [/Battery System/ServoConnectors/Gear] of H4
    @(7.9832 mm, 7.9271 mm): Zone 'stitch_zone_12' [GND] on In1.Cu and In4.Cu, priority 99999
[clearance]: Clearance violation (netclass 'Default' clearance 0.2000 mm; actual 0.0742 mm)
    Rule: netclass 'Default'; error
    @(31.5600 mm, 61.8850 mm): PTH pad 4 [GND] of H4
    @(29.1922 mm, 46.7492 mm): Zone 'stitch_zone_26' [servo_vcc_indicator] on B.Cu and In2.Cu, priority 31
[clearance]: Clearance violation (netclass 'Default' clearance 0.2000 mm; actual 0.0742 mm)
    Rule: netclass 'Default'; error
    @(31.5600 mm, 61.8850 mm): PTH pad 4 [GND] of H4
    @(29.1922 mm, 46.7492 mm): Zone 'stitch_zone_26' [servo_vcc_indicator] on B.Cu and In2.Cu, priority 31
[clearance]: Clearance violation (netclass 'Default' clearance 0.2000 mm; actual 0.0742 mm)
    Rule: netclass 'Default'; error
    @(34.1000 mm, 61.8850 mm): PTH pad 5 [servo_vcc_indicator] of H4
    @(7.9832 mm, 7.9271 mm): Zone 'stitch_zone_12' [GND] on In1.Cu and In4.Cu, priority 99999
[clearance]: Clearance violation (netclass 'Default' clearance 0.2000 mm; actual 0.0742 mm)
    Rule: netclass 'Default'; error
    @(34.1000 mm, 61.8850 mm): PTH pad 5 [servo_vcc_indicator] of H4
    @(7.9832 mm, 7.9271 mm): Zone 'stitch_zone_12' [GND] on In1.Cu and In4.Cu, priority 99999
[clearance]: Clearance violation (netclass 'Default' clearance 0.2000 mm; actual 0.1471 mm)
    Rule: netclass 'Default'; error
    @(36.6400 mm, 61.8850 mm): PTH pad 6 [/Battery System/ServoConnectors/Extra1] of H4
    @(29.1922 mm, 46.7492 mm): Zone 'stitch_zone_26' [servo_vcc_indicator] on B.Cu and In2.Cu, priority 31
[clearance]: Clearance violation (netclass 'Default' clearance 0.2000 mm; actual 0.0742 mm)
    Rule: netclass 'Default'; error
    @(36.6400 mm, 61.8850 mm): PTH pad 6 [/Battery System/ServoConnectors/Extra1] of H4
    @(7.9832 mm, 7.9271 mm): Zone 'stitch_zone_12' [GND] on In1.Cu and In4.Cu, priority 99999
[clearance]: Clearance violation (netclass 'Default' clearance 0.2000 mm; actual 0.1471 mm)
    Rule: netclass 'Default'; error
    @(36.6400 mm, 61.8850 mm): PTH pad 6 [/Battery System/ServoConnectors/Extra1] of H4
    @(29.1922 mm, 46.7492 mm): Zone 'stitch_zone_26' [servo_vcc_indicator] on B.Cu and In2.Cu, priority 31
[clearance]: Clearance violation (netclass 'Default' clearance 0.2000 mm; actual 0.0742 mm)
    Rule: netclass 'Default'; error
    @(36.6400 mm, 61.8850 mm): PTH pad 6 [/Battery System/ServoConnectors/Extra1] of H4
    @(7.9832 mm, 7.9271 mm): Zone 'stitch_zone_12' [GND] on In1.Cu and In4.Cu, priority 99999
[clearance]: Clearance violation (netclass 'Default' clearance 0.2000 mm; actual 0.0742 mm)
    Rule: netclass 'Default'; error
    @(31.5600 mm, 64.4250 mm): PTH pad 7 [GND] of H4
    @(29.1922 mm, 46.7492 mm): Zone 'stitch_zone_26' [servo_vcc_indicator] on B.Cu and In2.Cu, priority 31
[clearance]: Clearance violation (netclass 'Default' clearance 0.2000 mm; actual 0.0742 mm)
    Rule: netclass 'Default'; error
    @(31.5600 mm, 64.4250 mm): PTH pad 7 [GND] of H4
    @(29.1922 mm, 46.7492 mm): Zone 'stitch_zone_26' [servo_vcc_indicator] on B.Cu and In2.Cu, priority 31
[clearance]: Clearance violation (netclass 'Default' clearance 0.2000 mm; actual 0.0742 mm)
    Rule: netclass 'Default'; error
    @(34.1000 mm, 64.4250 mm): PTH pad 8 [servo_vcc_indicator] of H4
    @(7.9832 mm, 7.9271 mm): Zone 'stitch_zone_12' [GND] on In1.Cu and In4.Cu, priority 99999
[clearance]: Clearance violation (netclass 'Default' clearance 0.2000 mm; actual 0.0742 mm)
    Rule: netclass 'Default'; error
    @(34.1000 mm, 64.4250 mm): PTH pad 8 [servo_vcc_indicator] of H4
    @(7.9832 mm, 7.9271 mm): Zone 'stitch_zone_12' [GND] on In1.Cu and In4.Cu, priority 99999
[clearance]: Clearance violation (netclass 'Default' clearance 0.2000 mm; actual 0.1457 mm)
    Rule: netclass 'Default'; error
    @(36.6400 mm, 64.4250 mm): PTH pad 9 [/Battery System/ServoConnectors/Extra2] of H4
    @(29.1922 mm, 46.7492 mm): Zone 'stitch_zone_26' [servo_vcc_indicator] on B.Cu and In2.Cu, priority 31
[clearance]: Clearance violation (netclass 'Default' clearance 0.2000 mm; actual 0.0742 mm)
    Rule: netclass 'Default'; error
    @(36.6400 mm, 64.4250 mm): PTH pad 9 [/Battery System/ServoConnectors/Extra2] of H4
    @(7.9832 mm, 7.9271 mm): Zone 'stitch_zone_12' [GND] on In1.Cu and In4.Cu, priority 99999
[clearance]: Clearance violation (netclass 'Default' clearance 0.2000 mm; actual 0.1457 mm)
    Rule: netclass 'Default'; error
    @(36.6400 mm, 64.4250 mm): PTH pad 9 [/Battery System/ServoConnectors/Extra2] of H4
    @(29.1922 mm, 46.7492 mm): Zone 'stitch_zone_26' [servo_vcc_indicator] on B.Cu and In2.Cu, priority 31
[clearance]: Clearance violation (netclass 'Default' clearance 0.2000 mm; actual 0.1545 mm)
    Rule: netclass 'Default'; error
    @(36.6400 mm, 64.4250 mm): PTH pad 9 [/Battery System/ServoConnectors/Extra2] of H4
    @(74.2000 mm, 62.0295 mm): Zone 'stitch_zone_19' [CHARGE_DIRECT] on In2.Cu, priority 34
[clearance]: Clearance violation (netclass 'Default' clearance 0.2000 mm; actual 0.0742 mm)
    Rule: netclass 'Default'; error
    @(36.6400 mm, 64.4250 mm): PTH pad 9 [/Battery System/ServoConnectors/Extra2] of H4
    @(7.9832 mm, 7.9271 mm): Zone 'stitch_zone_12' [GND] on In1.Cu and In4.Cu, priority 99999
[clearance]: Clearance violation (netclass 'Default' clearance 0.2000 mm; actual 0.0742 mm)
    Rule: netclass 'Default'; error
    @(31.5600 mm, 66.9650 mm): PTH pad 10 [GND] of H4
    @(29.1922 mm, 46.7492 mm): Zone 'stitch_zone_26' [servo_vcc_indicator] on B.Cu and In2.Cu, priority 31
[clearance]: Clearance violation (netclass 'Default' clearance 0.2000 mm; actual 0.0742 mm)
    Rule: netclass 'Default'; error
    @(31.5600 mm, 66.9650 mm): PTH pad 10 [GND] of H4
    @(29.1922 mm, 46.7492 mm): Zone 'stitch_zone_26' [servo_vcc_indicator] on B.Cu and In2.Cu, priority 31
[clearance]: Clearance violation (netclass 'Default' clearance 0.2000 mm; actual 0.0742 mm)
    Rule: netclass 'Default'; error
    @(34.1000 mm, 66.9650 mm): PTH pad 11 [servo_vcc_indicator] of H4
    @(7.9832 mm, 7.9271 mm): Zone 'stitch_zone_12' [GND] on In1.Cu and In4.Cu, priority 99999
[clearance]: Clearance violation (netclass 'Default' clearance 0.2000 mm; actual 0.0742 mm)
    Rule: netclass 'Default'; error
    @(34.1000 mm, 66.9650 mm): PTH pad 11 [servo_vcc_indicator] of H4
    @(7.9832 mm, 7.9271 mm): Zone 'stitch_zone_12' [GND] on In1.Cu and In4.Cu, priority 99999
[clearance]: Clearance violation (netclass 'Default' clearance 0.2000 mm; actual 0.1443 mm)
    Rule: netclass 'Default'; error
    @(36.6400 mm, 66.9650 mm): PTH pad 12 [/Battery System/ServoConnectors/Steering] of H4
    @(29.1922 mm, 46.7492 mm): Zone 'stitch_zone_26' [servo_vcc_indicator] on B.Cu and In2.Cu, priority 31
[clearance]: Clearance violation (netclass 'Default' clearance 0.2000 mm; actual 0.0742 mm)
    Rule: netclass 'Default'; error
    @(36.6400 mm, 66.9650 mm): PTH pad 12 [/Battery System/ServoConnectors/Steering] of H4
    @(7.9832 mm, 7.9271 mm): Zone 'stitch_zone_12' [GND] on In1.Cu and In4.Cu, priority 99999
[clearance]: Clearance violation (netclass 'Default' clearance 0.2000 mm; actual 0.1443 mm)
    Rule: netclass 'Default'; error
    @(36.6400 mm, 66.9650 mm): PTH pad 12 [/Battery System/ServoConnectors/Steering] of H4
    @(29.1922 mm, 46.7492 mm): Zone 'stitch_zone_26' [servo_vcc_indicator] on B.Cu and In2.Cu, priority 31
[clearance]: Clearance violation (netclass 'Default' clearance 0.2000 mm; actual 0.1567 mm)
    Rule: netclass 'Default'; error
    @(36.6400 mm, 66.9650 mm): PTH pad 12 [/Battery System/ServoConnectors/Steering] of H4
    @(74.2000 mm, 62.0295 mm): Zone 'stitch_zone_19' [CHARGE_DIRECT] on In2.Cu, priority 34
[clearance]: Clearance violation (netclass 'Default' clearance 0.2000 mm; actual 0.0742 mm)
    Rule: netclass 'Default'; error
    @(36.6400 mm, 66.9650 mm): PTH pad 12 [/Battery System/ServoConnectors/Steering] of H4
    @(7.9832 mm, 7.9271 mm): Zone 'stitch_zone_12' [GND] on In1.Cu and In4.Cu, priority 99999
[clearance]: Clearance violation (netclass 'Default' clearance 0.2000 mm; actual 0.1778 mm)
    Rule: netclass 'Default'; error
    @(93.5064 mm, 77.0000 mm): Pad 1 [GND] of JP3601 on F.Cu
    @(92.6936 mm, 77.0000 mm): Pad 2 [Net-(JP3601-B)] of JP3601 on F.Cu
[clearance]: Clearance violation (netclass 'Default' clearance 0.2000 mm; actual 0.1148 mm)
    Rule: netclass 'Default'; error
    @(37.1800 mm, 35.0500 mm): PTH pad 2 [/Battery System/VCC_ESC] of +ESC-CONNECTOR-1
    @(7.9832 mm, 7.9271 mm): Zone 'stitch_zone_12' [GND] on In1.Cu and In4.Cu, priority 99999
[clearance]: Clearance violation (netclass 'Default' clearance 0.2000 mm; actual 0.1148 mm)
    Rule: netclass 'Default'; error
    @(37.1800 mm, 35.0500 mm): PTH pad 2 [/Battery System/VCC_ESC] of +ESC-CONNECTOR-1
    @(7.9832 mm, 7.9271 mm): Zone 'stitch_zone_12' [GND] on In1.Cu and In4.Cu, priority 99999
[clearance]: Clearance violation (netclass 'Default' clearance 0.2000 mm; actual 0.1149 mm)
    Rule: netclass 'Default'; error
    @(31.1800 mm, 31.9000 mm): PTH pad 3 [unconnected-(+ESC-CONNECTOR-1-Pad3)] of +ESC-CONNECTOR-1
    @(7.9832 mm, 7.9271 mm): Zone 'stitch_zone_12' [GND] on In1.Cu and In4.Cu, priority 99999
[clearance]: Clearance violation (netclass 'Default' clearance 0.2000 mm; actual 0.1149 mm)
    Rule: netclass 'Default'; error
    @(31.1800 mm, 31.9000 mm): PTH pad 3 [unconnected-(+ESC-CONNECTOR-1-Pad3)] of +ESC-CONNECTOR-1
    @(7.9832 mm, 7.9271 mm): Zone 'stitch_zone_12' [GND] on In1.Cu and In4.Cu, priority 99999
[clearance]: Clearance violation (netclass 'Default' clearance 0.2000 mm; actual 0.1149 mm)
    Rule: netclass 'Default'; error
    @(31.1800 mm, 45.4000 mm): PTH pad 4 [unconnected-(+ESC-CONNECTOR-1-Pad4)] of +ESC-CONNECTOR-1
    @(7.9832 mm, 7.9271 mm): Zone 'stitch_zone_12' [GND] on In1.Cu and In4.Cu, priority 99999
[clearance]: Clearance violation (netclass 'Default' clearance 0.2000 mm; actual 0.1439 mm)
    Rule: netclass 'Default'; error
    @(31.1800 mm, 45.4000 mm): PTH pad 4 [unconnected-(+ESC-CONNECTOR-1-Pad4)] of +ESC-CONNECTOR-1
    @(7.9832 mm, 7.9271 mm): Zone 'stitch_zone_12' [GND] on In1.Cu and In4.Cu, priority 99999
[clearance]: Clearance violation (netclass 'Default' clearance 0.2000 mm; actual 0.1936 mm)
    Rule: netclass 'Default'; error
    @(134.1500 mm, 28.3000 mm): PTH pad 2 [/Battery System/mt9700-efuse1/OUT] of J101
    @(134.4041 mm, 26.7564 mm): Pad 1 [Net-(D9-IO1)] of D9 on B.Cu
[hole_clearance]: Hole clearance violation (board setup constraints hole clearance 0.2500 mm; actual 0.0000 mm)
    Rule: board setup constraints hole; error
    @(70.7500 mm, 41.8700 mm): Pad 2 [PACK+] of R189 on B.Cu
    @(70.3500 mm, 40.8500 mm): Via [+3V3] on F.Cu - B.Cu
[clearance]: Clearance violation (netclass 'Default' clearance 0.2000 mm; actual 0.1778 mm)
    Rule: netclass 'Default'; error
    @(29.6672 mm, 51.4096 mm): Pad 1 [Net-(JP2101-A)] of JP2101 on B.Cu
    @(29.6672 mm, 50.5968 mm): Pad 2 [servo_vcc_indicator] of JP2101 on B.Cu
[clearance]: Clearance violation (netclass 'Default' clearance 0.2000 mm; actual 0.1778 mm)
    Rule: netclass 'Default'; error
    @(88.9628 mm, 52.7500 mm): Pad 1 [Net-(JP1403-A)] of JP1403 on B.Cu
    @(88.1500 mm, 52.7500 mm): Pad 2 [Net-(JP1403-B)] of JP1403 on B.Cu
[shorting_items]: Items shorting two nets (nets  and GND)
    Local override; error
    @(211.5550 mm, 122.8900 mm): Polygon [<no net>] of JP1 on F.Cu
    @(210.6550 mm, 123.1900 mm): Pad 1 [GND] of JP1 on F.Cu
[shorting_items]: Items shorting two nets (nets  and /Battery System/12v_LTM8055_BUCK/LTM8055-SYNC)
    Local override; error
    @(211.5550 mm, 122.8900 mm): Polygon [<no net>] of JP1 on F.Cu
    @(211.9550 mm, 123.1900 mm): Pad 2 [/Battery System/12v_LTM8055_BUCK/LTM8055-SYNC] of JP1 on F.Cu
[shorting_items]: Items shorting two nets (nets  and Net-(U60-B))
    Local override; error
    @(111.6500 mm, 58.5500 mm): Polygon [<no net>] of U60 on F.Cu
    @(111.9500 mm, 57.6500 mm): Pad 2 [Net-(U60-B)] of U60 on F.Cu
[shorting_items]: Items shorting two nets (nets  and GND)
    Local override; error
    @(111.6500 mm, 58.5500 mm): Polygon [<no net>] of U60 on F.Cu
    @(111.9500 mm, 58.9500 mm): Pad 1 [GND] of U60 on F.Cu
[shorting_items]: Items shorting two nets (nets  and /Battery System/Battery BMS Interface/BQ-BAT)
    Local override; error
    @(64.6631 mm, 63.7711 mm): Polygon [<no net>] of JP4 on F.Cu
    @(63.7631 mm, 64.0711 mm): Pad 1 [/Battery System/Battery BMS Interface/BQ-BAT] of JP4 on F.Cu
[shorting_items]: Items shorting two nets (nets Net-(JP4-B) and )
    Local override; error
    @(65.0631 mm, 64.0711 mm): Pad 2 [Net-(JP4-B)] of JP4 on F.Cu
    @(64.6631 mm, 63.7711 mm): Polygon [<no net>] of JP4 on F.Cu
[shorting_items]: Items shorting two nets (nets  and Net-(U55-RBOOT))
    Local override; error
    @(47.8330 mm, 78.7844 mm): Polygon [<no net>] of U56 on B.Cu
    @(48.1330 mm, 78.3844 mm): Pad 1 [Net-(U55-RBOOT)] of U56 on B.Cu
[shorting_items]: Items shorting two nets (nets  and Net-(U55-CBOOT))
    Local override; error
    @(47.8330 mm, 78.7844 mm): Polygon [<no net>] of U56 on B.Cu
    @(48.1330 mm, 79.6844 mm): Pad 2 [Net-(U55-CBOOT)] of U56 on B.Cu
[courtyards_overlap]: Courtyards overlap
    Rule: board setup constraints courtyard; error
    @(84.7000 mm, 79.8500 mm): Footprint D33
    @(79.2694 mm, 81.7515 mm): Footprint BatBalConn1
[courtyards_overlap]: Courtyards overlap
    Rule: board setup constraints courtyard; error
    @(54.3250 mm, 60.2750 mm): Footprint D29
    @(57.8500 mm, 59.4500 mm): Footprint D27
[courtyards_overlap]: Courtyards overlap
    Rule: board setup constraints courtyard; error
    @(54.3250 mm, 60.2750 mm): Footprint D29
    @(51.4000 mm, 60.4000 mm): Footprint Q16
[courtyards_overlap]: Courtyards overlap
    Rule: board setup constraints courtyard; error
    @(54.3250 mm, 60.2750 mm): Footprint D29
    @(63.9482 mm, 31.9488 mm): Footprint frankyface101
[courtyards_overlap]: Courtyards overlap
    Rule: board setup constraints courtyard; error
    @(54.3250 mm, 60.2750 mm): Footprint D29
    @(56.9500 mm, 61.4000 mm): Footprint R204
[courtyards_overlap]: Courtyards overlap
    Rule: board setup constraints courtyard; error
    @(54.3250 mm, 60.2750 mm): Footprint D29
    @(53.9250 mm, 57.6250 mm): Footprint R203
[courtyards_overlap]: Courtyards overlap
    Rule: board setup constraints courtyard; error
    @(74.2250 mm, 25.0750 mm): Footprint C3
    @(74.0000 mm, 26.9500 mm): Footprint C4
[courtyards_overlap]: Courtyards overlap
    Rule: board setup constraints courtyard; error
    @(36.6750 mm, 84.1250 mm): Footprint C1601
    @(33.2200 mm, 85.6234 mm): Footprint U105
[courtyards_overlap]: Courtyards overlap
    Rule: board setup constraints courtyard; error
    @(36.6750 mm, 84.1250 mm): Footprint C1601
    @(36.5500 mm, 81.5000 mm): Footprint C1602
[courtyards_overlap]: Courtyards overlap
    Rule: board setup constraints courtyard; error
    @(36.6750 mm, 84.1250 mm): Footprint C1601
    @(31.0749 mm, 75.4798 mm): Footprint C143
[courtyards_overlap]: Courtyards overlap
    Rule: board setup constraints courtyard; error
    @(76.6572 mm, 63.8048 mm): Footprint C114
    @(76.5000 mm, 61.5000 mm): Footprint R215
[courtyards_overlap]: Courtyards overlap
    Rule: board setup constraints courtyard; error
    @(76.6572 mm, 63.8048 mm): Footprint C114
    @(74.3559 mm, 64.5668 mm): Footprint R185
[courtyards_overlap]: Courtyards overlap
    Rule: board setup constraints courtyard; error
    @(76.6572 mm, 63.8048 mm): Footprint C114
    @(74.3559 mm, 63.0428 mm): Footprint R187
[courtyards_overlap]: Courtyards overlap
    Rule: board setup constraints courtyard; error
    @(76.6572 mm, 63.8048 mm): Footprint C114
    @(78.2320 mm, 63.8048 mm): Footprint C115
[courtyards_overlap]: Courtyards overlap
    Rule: board setup constraints courtyard; error
    @(48.0568 mm, 36.8046 mm): Footprint NT18
    @(50.1142 mm, 36.1188 mm): Footprint R18
[courtyards_overlap]: Courtyards overlap
    Rule: board setup constraints courtyard; error
    @(85.6234 mm, 33.2994 mm): Footprint R1402
    @(88.0110 mm, 41.7830 mm): Footprint U47
[courtyards_overlap]: Courtyards overlap
    Rule: board setup constraints courtyard; error
    @(85.6234 mm, 33.2994 mm): Footprint R1402
    @(86.9950 mm, 32.8442 mm): Footprint R1405
[courtyards_overlap]: Courtyards overlap
    Rule: board setup constraints courtyard; error
    @(47.5453 mm, 66.9250 mm): Footprint D24
    @(44.8915 mm, 69.1900 mm): Footprint R201
[courtyards_overlap]: Courtyards overlap
    Rule: board setup constraints courtyard; error
    @(47.5453 mm, 66.9250 mm): Footprint D24
    @(44.0217 mm, 65.8256 mm): Footprint D26
[courtyards_overlap]: Courtyards overlap
    Rule: board setup constraints courtyard; error
    @(47.5453 mm, 66.9250 mm): Footprint D24
    @(44.8915 mm, 67.7168 mm): Footprint R202
[courtyards_overlap]: Courtyards overlap
    Rule: board setup constraints courtyard; error
    @(47.5453 mm, 66.9250 mm): Footprint D24
    @(43.3250 mm, 60.1050 mm): Footprint Q15
[courtyards_overlap]: Courtyards overlap
    Rule: board setup constraints courtyard; error
    @(47.5453 mm, 66.9250 mm): Footprint D24
    @(49.7000 mm, 63.6215 mm): Footprint R209
[courtyards_overlap]: Courtyards overlap
    Rule: board setup constraints courtyard; error
    @(57.0000 mm, 55.3500 mm): Footprint D28
    @(63.9482 mm, 31.9488 mm): Footprint frankyface101
[courtyards_overlap]: Courtyards overlap
    Rule: board setup constraints courtyard; error
    @(57.0000 mm, 55.3500 mm): Footprint D28
    @(59.0000 mm, 56.0000 mm): Footprint R205
[courtyards_overlap]: Courtyards overlap
    Rule: board setup constraints courtyard; error
    @(145.9157 mm, 55.2899 mm): Footprint U303
    @(141.3500 mm, 55.2825 mm): Footprint U90
[courtyards_overlap]: Courtyards overlap
    Rule: board setup constraints courtyard; error
    @(118.6000 mm, 26.0500 mm): Footprint C2601
    @(111.6750 mm, 26.0615 mm): Footprint U2601
[courtyards_overlap]: Courtyards overlap
    Rule: board setup constraints courtyard; error
    @(118.6000 mm, 26.0500 mm): Footprint C2601
    @(118.2500 mm, 28.1750 mm): Footprint C2602
[courtyards_overlap]: Courtyards overlap
    Rule: board setup constraints courtyard; error
    @(128.0800 mm, 62.4910 mm): Footprint R608
    @(133.6040 mm, 64.8970 mm): Footprint C32
[courtyards_overlap]: Courtyards overlap
    Rule: board setup constraints courtyard; error
    @(142.1000 mm, 66.8000 mm): Footprint NT602
    @(142.1130 mm, 64.5160 mm): Footprint R86
[courtyards_overlap]: Courtyards overlap
    Rule: board setup constraints courtyard; error
    @(126.1500 mm, 68.9500 mm): Footprint D101
    @(120.9750 mm, 67.4900 mm): Footprint C803
[courtyards_overlap]: Courtyards overlap
    Rule: board setup constraints courtyard; error
    @(78.9010 mm, 48.2500 mm): Footprint JP1401
    @(78.5368 mm, 49.9284 mm): Footprint NT1401
[courtyards_overlap]: Courtyards overlap
    Rule: board setup constraints courtyard; error
    @(61.8500 mm, 25.2175 mm): Footprint C141
    @(60.5750 mm, 24.7345 mm): Footprint R243
[courtyards_overlap]: Courtyards overlap
    Rule: board setup constraints courtyard; error
    @(73.1750 mm, 26.7850 mm): Footprint CN101
    @(82.7700 mm, 33.2750 mm): Footprint C1404
[courtyards_overlap]: Courtyards overlap
    Rule: board setup constraints courtyard; error
    @(73.1750 mm, 26.7850 mm): Footprint CN101
    @(87.9100 mm, 29.9750 mm): Footprint U501
[courtyards_overlap]: Courtyards overlap
    Rule: board setup constraints courtyard; error
    @(73.1750 mm, 26.7850 mm): Footprint CN101
    @(84.2010 mm, 32.8422 mm): Footprint R1403
[courtyards_overlap]: Courtyards overlap
    Rule: board setup constraints courtyard; error
    @(103.7500 mm, 42.0000 mm): Footprint C1503
    @(106.0000 mm, 41.5000 mm): Footprint C1501
[courtyards_overlap]: Courtyards overlap
    Rule: board setup constraints courtyard; error
    @(57.8500 mm, 59.4500 mm): Footprint D27
    @(63.9482 mm, 31.9488 mm): Footprint frankyface101
[courtyards_overlap]: Courtyards overlap
    Rule: board setup constraints courtyard; error
    @(57.8500 mm, 59.4500 mm): Footprint D27
    @(59.2500 mm, 62.1250 mm): Footprint C124
[courtyards_overlap]: Courtyards overlap
    Rule: board setup constraints courtyard; error
    @(57.8500 mm, 59.4500 mm): Footprint D27
    @(56.9500 mm, 61.4000 mm): Footprint R204
[courtyards_overlap]: Courtyards overlap
    Rule: board setup constraints courtyard; error
    @(57.8500 mm, 59.4500 mm): Footprint D27
    @(53.9250 mm, 57.6250 mm): Footprint R203
[courtyards_overlap]: Courtyards overlap
    Rule: board setup constraints courtyard; error
    @(87.9348 mm, 32.8650 mm): Footprint C1405
    @(88.0110 mm, 41.7830 mm): Footprint U47
[courtyards_overlap]: Courtyards overlap
    Rule: board setup constraints courtyard; error
    @(76.6800 mm, 44.1000 mm): Footprint U901
    @(63.9482 mm, 31.9488 mm): Footprint frankyface101
[courtyards_overlap]: Courtyards overlap
    Rule: board setup constraints courtyard; error
    @(76.6800 mm, 44.1000 mm): Footprint U901
    @(72.7459 mm, 47.1750 mm): Footprint C903
[courtyards_overlap]: Courtyards overlap
    Rule: board setup constraints courtyard; error
    @(117.4739 mm, 52.8250 mm): Footprint C21
    @(119.1239 mm, 52.8250 mm): Footprint C23
[courtyards_overlap]: Courtyards overlap
    Rule: board setup constraints courtyard; error
    @(117.4739 mm, 52.8250 mm): Footprint C21
    @(115.4927 mm, 52.8250 mm): Footprint C20
[courtyards_overlap]: Courtyards overlap
    Rule: board setup constraints courtyard; error
    @(77.8256 mm, 86.0064 mm): Footprint C3603
    @(57.6097 mm, 90.1138 mm): Footprint tore101
[courtyards_overlap]: Courtyards overlap
    Rule: board setup constraints courtyard; error
    @(51.4000 mm, 60.4000 mm): Footprint Q16
    @(63.9482 mm, 31.9488 mm): Footprint frankyface101
[courtyards_overlap]: Courtyards overlap
    Rule: board setup constraints courtyard; error
    @(51.4000 mm, 60.4000 mm): Footprint Q16
    @(49.7000 mm, 63.6215 mm): Footprint R209
[courtyards_overlap]: Courtyards overlap
    Rule: board setup constraints courtyard; error
    @(130.1000 mm, 35.9000 mm): Footprint C108
    @(132.7000 mm, 42.6200 mm): Footprint C85
[courtyards_overlap]: Courtyards overlap
    Rule: board setup constraints courtyard; error
    @(130.1000 mm, 35.9000 mm): Footprint C108
    @(125.0400 mm, 38.4447 mm): Footprint C98
[courtyards_overlap]: Courtyards overlap
    Rule: board setup constraints courtyard; error
    @(130.1000 mm, 35.9000 mm): Footprint C108
    @(130.1000 mm, 34.5000 mm): Footprint C107
[courtyards_overlap]: Courtyards overlap
    Rule: board setup constraints courtyard; error
    @(116.8300 mm, 57.2000 mm): Footprint C606
    @(114.4270 mm, 51.0540 mm): Footprint C602
[courtyards_overlap]: Courtyards overlap
    Rule: board setup constraints courtyard; error
    @(121.7650 mm, 59.4810 mm): Footprint U30
    @(114.4270 mm, 51.0540 mm): Footprint C602
[courtyards_overlap]: Courtyards overlap
    Rule: board setup constraints courtyard; error
    @(121.7650 mm, 59.4810 mm): Footprint U30
    @(126.2100 mm, 62.2910 mm): Footprint R602
[courtyards_overlap]: Courtyards overlap
    Rule: board setup constraints courtyard; error
    @(121.7650 mm, 59.4810 mm): Footprint U30
    @(122.9000 mm, 64.0987 mm): Footprint Q1
[courtyards_overlap]: Courtyards overlap
    Rule: board setup constraints courtyard; error
    @(95.6310 mm, 68.7925 mm): Footprint Q18
    @(92.2020 mm, 69.8500 mm): Footprint R214
[courtyards_overlap]: Courtyards overlap
    Rule: board setup constraints courtyard; error
    @(95.6310 mm, 68.7925 mm): Footprint Q18
    @(92.2020 mm, 68.4530 mm): Footprint C130
[courtyards_overlap]: Courtyards overlap
    Rule: board setup constraints courtyard; error
    @(95.6310 mm, 68.7925 mm): Footprint Q18
    @(92.9640 mm, 66.3590 mm): Footprint C134
[courtyards_overlap]: Courtyards overlap
    Rule: board setup constraints courtyard; error
    @(95.6310 mm, 68.7925 mm): Footprint Q18
    @(94.9960 mm, 71.2470 mm): Footprint D32
[courtyards_overlap]: Courtyards overlap
    Rule: board setup constraints courtyard; error
    @(90.6000 mm, 67.1500 mm): Footprint C119
    @(92.8000 mm, 64.5750 mm): Footprint R197
[courtyards_overlap]: Courtyards overlap
    Rule: board setup constraints courtyard; error
    @(90.6000 mm, 67.1500 mm): Footprint C119
    @(92.0500 mm, 68.4000 mm): Footprint C120
[courtyards_overlap]: Courtyards overlap
    Rule: board setup constraints courtyard; error
    @(90.6000 mm, 67.1500 mm): Footprint C119
    @(84.2741 mm, 64.0548 mm): Footprint U80
[courtyards_overlap]: Courtyards overlap
    Rule: board setup constraints courtyard; error
    @(90.6000 mm, 67.1500 mm): Footprint C119
    @(92.8000 mm, 66.1000 mm): Footprint R196
[courtyards_overlap]: Courtyards overlap
    Rule: board setup constraints courtyard; error
    @(101.1950 mm, 77.6224 mm): Footprint C2001
    @(101.9556 mm, 79.0956 mm): Footprint D34
[courtyards_overlap]: Courtyards overlap
    Rule: board setup constraints courtyard; error
    @(101.1950 mm, 77.6224 mm): Footprint C2001
    @(101.7300 mm, 72.2900 mm): Footprint Q9
[courtyards_overlap]: Courtyards overlap
    Rule: board setup constraints courtyard; error
    @(40.1776 mm, 75.6828 mm): Footprint C66
    @(45.8276 mm, 75.6828 mm): Footprint C65
[courtyards_overlap]: Courtyards overlap
    Rule: board setup constraints courtyard; error
    @(40.1776 mm, 75.6828 mm): Footprint C66
    @(43.0276 mm, 81.4828 mm): Footprint U55
[courtyards_overlap]: Courtyards overlap
    Rule: board setup constraints courtyard; error
    @(97.6500 mm, 43.5950 mm): Footprint C1003
    @(96.2299 mm, 42.9750 mm): Footprint R101
[courtyards_overlap]: Courtyards overlap
    Rule: board setup constraints courtyard; error
    @(97.6500 mm, 43.5950 mm): Footprint C1003
    @(100.8864 mm, 44.3250 mm): Footprint CUR_1
[courtyards_overlap]: Courtyards overlap
    Rule: board setup constraints courtyard; error
    @(97.6500 mm, 43.5950 mm): Footprint C1003
    @(95.9549 mm, 46.5500 mm): Footprint RN1
[courtyards_overlap]: Courtyards overlap
    Rule: board setup constraints courtyard; error
    @(97.6500 mm, 43.5950 mm): Footprint C1003
    @(96.2299 mm, 44.0798 mm): Footprint R102
[courtyards_overlap]: Courtyards overlap
    Rule: board setup constraints courtyard; error
    @(88.0000 mm, 25.7000 mm): Footprint C502
    @(88.0000 mm, 27.4500 mm): Footprint C501
[courtyards_overlap]: Courtyards overlap
    Rule: board setup constraints courtyard; error
    @(104.1629 mm, 43.5450 mm): Footprint C1001
    @(100.8864 mm, 44.3250 mm): Footprint CUR_1
[courtyards_overlap]: Courtyards overlap
    Rule: board setup constraints courtyard; error
    @(104.1629 mm, 43.5450 mm): Footprint C1001
    @(105.5879 mm, 43.0250 mm): Footprint R96
[courtyards_overlap]: Courtyards overlap
    Rule: board setup constraints courtyard; error
    @(104.1629 mm, 43.5450 mm): Footprint C1001
    @(105.5879 mm, 44.1000 mm): Footprint R97
[courtyards_overlap]: Courtyards overlap
    Rule: board setup constraints courtyard; error
    @(82.6008 mm, 71.9704 mm): Footprint R174
    @(81.0260 mm, 71.9704 mm): Footprint C111
[courtyards_overlap]: Courtyards overlap
    Rule: board setup constraints courtyard; error
    @(82.6008 mm, 71.9704 mm): Footprint R174
    @(84.1756 mm, 71.9704 mm): Footprint C113
[courtyards_overlap]: Courtyards overlap
    Rule: board setup constraints courtyard; error
    @(122.8500 mm, 25.2500 mm): Footprint R52
    @(122.8500 mm, 26.6750 mm): Footprint R51
[courtyards_overlap]: Courtyards overlap
    Rule: board setup constraints courtyard; error
    @(122.8500 mm, 25.2500 mm): Footprint R52
    @(122.8750 mm, 23.8250 mm): Footprint C131
[courtyards_overlap]: Courtyards overlap
    Rule: board setup constraints courtyard; error
    @(109.7500 mm, 36.0000 mm): Footprint C1502
    @(109.2674 mm, 33.2500 mm): Footprint C1504
[courtyards_overlap]: Courtyards overlap
    Rule: board setup constraints courtyard; error
    @(109.5200 mm, 40.0000 mm): Footprint U1501
    @(114.4270 mm, 51.0540 mm): Footprint C602
[courtyards_overlap]: Courtyards overlap
    Rule: board setup constraints courtyard; error
    @(109.5200 mm, 40.0000 mm): Footprint U1501
    @(106.0000 mm, 41.5000 mm): Footprint C1501
[courtyards_overlap]: Courtyards overlap
    Rule: board setup constraints courtyard; error
    @(76.5000 mm, 61.5000 mm): Footprint R215
    @(74.3559 mm, 63.0428 mm): Footprint R187
[courtyards_overlap]: Courtyards overlap
    Rule: board setup constraints courtyard; error
    @(101.9556 mm, 79.0956 mm): Footprint D34
    @(102.3042 mm, 83.1894 mm): Footprint USB2002
[courtyards_overlap]: Courtyards overlap
    Rule: board setup constraints courtyard; error
    @(101.9556 mm, 79.0956 mm): Footprint D34
    @(103.0752 mm, 77.6224 mm): Footprint R2005
[courtyards_overlap]: Courtyards overlap
    Rule: board setup constraints courtyard; error
    @(96.6964 mm, 32.7045 mm): Footprint D14
    @(96.7598 mm, 35.9107 mm): Footprint R104
[courtyards_overlap]: Courtyards overlap
    Rule: board setup constraints courtyard; error
    @(80.1750 mm, 36.8000 mm): Footprint R9
    @(78.6500 mm, 39.1000 mm): Footprint NT24
[courtyards_overlap]: Courtyards overlap
    Rule: board setup constraints courtyard; error
    @(80.1750 mm, 36.8000 mm): Footprint R9
    @(78.6500 mm, 34.5750 mm): Footprint NT25
[courtyards_overlap]: Courtyards overlap
    Rule: board setup constraints courtyard; error
    @(102.3042 mm, 83.1894 mm): Footprint USB2002
    @(97.1042 mm, 77.9018 mm): Footprint D18
[courtyards_overlap]: Courtyards overlap
    Rule: board setup constraints courtyard; error
    @(32.5120 mm, 70.3326 mm): Footprint NT28
    @(34.1376 mm, 72.7456 mm): Footprint R16
[courtyards_overlap]: Courtyards overlap
    Rule: board setup constraints courtyard; error
    @(63.9482 mm, 31.9488 mm): Footprint frankyface101
    @(57.7500 mm, 63.6785 mm): Footprint R200
[courtyards_overlap]: Courtyards overlap
    Rule: board setup constraints courtyard; error
    @(63.9482 mm, 31.9488 mm): Footprint frankyface101
    @(59.2500 mm, 62.1250 mm): Footprint C124
[courtyards_overlap]: Courtyards overlap
    Rule: board setup constraints courtyard; error
    @(63.9482 mm, 31.9488 mm): Footprint frankyface101
    @(63.2500 mm, 62.3750 mm): Footprint R211
[courtyards_overlap]: Courtyards overlap
    Rule: board setup constraints courtyard; error
    @(63.9482 mm, 31.9488 mm): Footprint frankyface101
    @(61.2000 mm, 64.4000 mm): Footprint D31
[courtyards_overlap]: Courtyards overlap
    Rule: board setup constraints courtyard; error
    @(63.9482 mm, 31.9488 mm): Footprint frankyface101
    @(67.7672 mm, 61.9506 mm): Footprint NT3601
[courtyards_overlap]: Courtyards overlap
    Rule: board setup constraints courtyard; error
    @(63.9482 mm, 31.9488 mm): Footprint frankyface101
    @(61.5250 mm, 68.3250 mm): Footprint R210
[courtyards_overlap]: Courtyards overlap
    Rule: board setup constraints courtyard; error
    @(63.9482 mm, 31.9488 mm): Footprint frankyface101
    @(68.2500 mm, 36.2000 mm): Footprint NT23
[courtyards_overlap]: Courtyards overlap
    Rule: board setup constraints courtyard; error
    @(63.9482 mm, 31.9488 mm): Footprint frankyface101
    @(63.6000 mm, 67.0000 mm): Footprint D25
[courtyards_overlap]: Courtyards overlap
    Rule: board setup constraints courtyard; error
    @(63.9482 mm, 31.9488 mm): Footprint frankyface101
    @(70.7500 mm, 38.0600 mm): Footprint R189
[courtyards_overlap]: Courtyards overlap
    Rule: board setup constraints courtyard; error
    @(63.9482 mm, 31.9488 mm): Footprint frankyface101
    @(54.2250 mm, 64.7650 mm): Footprint D23
[courtyards_overlap]: Courtyards overlap
    Rule: board setup constraints courtyard; error
    @(63.9482 mm, 31.9488 mm): Footprint frankyface101
    @(74.9557 mm, 48.7624 mm): Footprint C901
[courtyards_overlap]: Courtyards overlap
    Rule: board setup constraints courtyard; error
    @(63.9482 mm, 31.9488 mm): Footprint frankyface101
    @(72.7459 mm, 47.1750 mm): Footprint C903
[courtyards_overlap]: Courtyards overlap
    Rule: board setup constraints courtyard; error
    @(63.9482 mm, 31.9488 mm): Footprint frankyface101
    @(55.8250 mm, 39.2336 mm): Footprint U72
[courtyards_overlap]: Courtyards overlap
    Rule: board setup constraints courtyard; error
    @(63.9482 mm, 31.9488 mm): Footprint frankyface101
    @(59.0000 mm, 56.0000 mm): Footprint R205
[courtyards_overlap]: Courtyards overlap
    Rule: board setup constraints courtyard; error
    @(63.9482 mm, 31.9488 mm): Footprint frankyface101
    @(56.9500 mm, 61.4000 mm): Footprint R204
[courtyards_overlap]: Courtyards overlap
    Rule: board setup constraints courtyard; error
    @(63.9482 mm, 31.9488 mm): Footprint frankyface101
    @(65.5500 mm, 33.2750 mm): Footprint C5
[courtyards_overlap]: Courtyards overlap
    Rule: board setup constraints courtyard; error
    @(63.9482 mm, 31.9488 mm): Footprint frankyface101
    @(82.4853 mm, 48.0878 mm): Footprint C902
[courtyards_overlap]: Courtyards overlap
    Rule: board setup constraints courtyard; error
    @(63.9482 mm, 31.9488 mm): Footprint frankyface101
    @(53.9250 mm, 57.6250 mm): Footprint R203
[courtyards_overlap]: Courtyards overlap
    Rule: board setup constraints courtyard; error
    @(63.9482 mm, 31.9488 mm): Footprint frankyface101
    @(58.8750 mm, 68.5000 mm): Footprint Q17
[courtyards_overlap]: Courtyards overlap
    Rule: board setup constraints courtyard; error
    @(63.9482 mm, 31.9488 mm): Footprint frankyface101
    @(45.2120 mm, 48.3329 mm): Footprint R3604
[courtyards_overlap]: Courtyards overlap
    Rule: board setup constraints courtyard; error
    @(63.9482 mm, 31.9488 mm): Footprint frankyface101
    @(68.2500 mm, 39.9000 mm): Footprint NT22
[courtyards_overlap]: Courtyards overlap
    Rule: board setup constraints courtyard; error
    @(63.9482 mm, 31.9488 mm): Footprint frankyface101
    @(51.6128 mm, 56.3880 mm): Footprint R208
[courtyards_overlap]: Courtyards overlap
    Rule: board setup constraints courtyard; error
    @(63.9482 mm, 31.9488 mm): Footprint frankyface101
    @(43.3250 mm, 60.1050 mm): Footprint Q15
[courtyards_overlap]: Courtyards overlap
    Rule: board setup constraints courtyard; error
    @(63.9482 mm, 31.9488 mm): Footprint frankyface101
    @(60.8750 mm, 46.7500 mm): Footprint C128
[courtyards_overlap]: Courtyards overlap
    Rule: board setup constraints courtyard; error
    @(63.9482 mm, 31.9488 mm): Footprint frankyface101
    @(62.7500 mm, 46.7500 mm): Footprint C129
[courtyards_overlap]: Courtyards overlap
    Rule: board setup constraints courtyard; error
    @(63.9482 mm, 31.9488 mm): Footprint frankyface101
    @(60.6000 mm, 56.0000 mm): Footprint C125
[courtyards_overlap]: Courtyards overlap
    Rule: board setup constraints courtyard; error
    @(63.9482 mm, 31.9488 mm): Footprint frankyface101
    @(68.4784 mm, 65.5828 mm): Footprint NT30
[courtyards_overlap]: Courtyards overlap
    Rule: board setup constraints courtyard; error
    @(63.9482 mm, 31.9488 mm): Footprint frankyface101
    @(68.4784 mm, 61.9252 mm): Footprint NT31
[courtyards_overlap]: Courtyards overlap
    Rule: board setup constraints courtyard; error
    @(63.9482 mm, 31.9488 mm): Footprint frankyface101
    @(68.5000 mm, 64.0000 mm): Footprint R207
[courtyards_overlap]: Courtyards overlap
    Rule: board setup constraints courtyard; error
    @(63.9482 mm, 31.9488 mm): Footprint frankyface101
    @(83.0903 mm, 50.8056 mm): Footprint C904
[courtyards_overlap]: Courtyards overlap
    Rule: board setup constraints courtyard; error
    @(63.9482 mm, 31.9488 mm): Footprint frankyface101
    @(56.2102 mm, 65.5828 mm): Footprint R198
[courtyards_overlap]: Courtyards overlap
    Rule: board setup constraints courtyard; error
    @(62.6282 mm, 53.1491 mm): Footprint C13
    @(78.6679 mm, 59.3598 mm): Footprint C1402
[courtyards_overlap]: Courtyards overlap
    Rule: board setup constraints courtyard; error
    @(124.0700 mm, 51.4860 mm): Footprint Q602
    @(114.4270 mm, 51.0540 mm): Footprint C602
[courtyards_overlap]: Courtyards overlap
    Rule: board setup constraints courtyard; error
    @(63.2460 mm, 41.5290 mm): Footprint ZD1
    @(64.8970 mm, 40.9750 mm): Footprint R148
[courtyards_overlap]: Courtyards overlap
    Rule: board setup constraints courtyard; error
    @(63.2460 mm, 41.5290 mm): Footprint ZD1
    @(65.7606 mm, 39.2938 mm): Footprint R149
[courtyards_overlap]: Courtyards overlap
    Rule: board setup constraints courtyard; error
    @(76.3016 mm, 71.9704 mm): Footprint R172
    @(77.8764 mm, 71.9704 mm): Footprint C110
[courtyards_overlap]: Courtyards overlap
    Rule: board setup constraints courtyard; error
    @(105.3250 mm, 35.7500 mm): Footprint R402
    @(107.2500 mm, 35.9500 mm): Footprint NT11
[courtyards_overlap]: Courtyards overlap
    Rule: board setup constraints courtyard; error
    @(105.3250 mm, 35.7500 mm): Footprint R402
    @(105.1750 mm, 32.5750 mm): Footprint D402
[courtyards_overlap]: Courtyards overlap
    Rule: board setup constraints courtyard; error
    @(105.3250 mm, 35.7500 mm): Footprint R402
    @(103.3000 mm, 37.2500 mm): Footprint NT10
[courtyards_overlap]: Courtyards overlap
    Rule: board setup constraints courtyard; error
    @(105.1750 mm, 25.6250 mm): Footprint C404
    @(105.1750 mm, 27.2750 mm): Footprint C403
[courtyards_overlap]: Courtyards overlap
    Rule: board setup constraints courtyard; error
    @(96.7598 mm, 35.9107 mm): Footprint R104
    @(94.8000 mm, 37.4000 mm): Footprint NT13
[courtyards_overlap]: Courtyards overlap
    Rule: board setup constraints courtyard; error
    @(96.7598 mm, 35.9107 mm): Footprint R104
    @(98.8500 mm, 34.4000 mm): Footprint NT12
[courtyards_overlap]: Courtyards overlap
    Rule: board setup constraints courtyard; error
    @(50.5206 mm, 42.7482 mm): Footprint C87
    @(50.4190 mm, 44.5982 mm): Footprint C88
[courtyards_overlap]: Courtyards overlap
    Rule: board setup constraints courtyard; error
    @(110.8750 mm, 62.5250 mm): Footprint R1905
    @(109.0350 mm, 62.5250 mm): Footprint R1906
[courtyards_overlap]: Courtyards overlap
    Rule: board setup constraints courtyard; error
    @(139.4500 mm, 37.1501 mm): Footprint CN2301
    @(144.6000 mm, 46.5000 mm): Footprint U70
[courtyards_overlap]: Courtyards overlap
    Rule: board setup constraints courtyard; error
    @(139.4500 mm, 37.1501 mm): Footprint CN2301
    @(135.4500 mm, 36.0500 mm): Footprint U69
[courtyards_overlap]: Courtyards overlap
    Rule: board setup constraints courtyard; error
    @(139.4500 mm, 37.1501 mm): Footprint CN2301
    @(132.7000 mm, 42.6200 mm): Footprint C85
[courtyards_overlap]: Courtyards overlap
    Rule: board setup constraints courtyard; error
    @(59.2050 mm, 39.1160 mm): Footprint Q11
    @(50.1142 mm, 36.1188 mm): Footprint R18
[courtyards_overlap]: Courtyards overlap
    Rule: board setup constraints courtyard; error
    @(140.4157 mm, 59.5479 mm): Footprint R269
    @(139.2907 mm, 59.5399 mm): Footprint R268
[courtyards_overlap]: Courtyards overlap
    Rule: board setup constraints courtyard; error
    @(100.3299 mm, 39.6830 mm): Footprint R100
    @(100.8799 mm, 41.1000 mm): Footprint C1002
[courtyards_overlap]: Courtyards overlap
    Rule: board setup constraints courtyard; error
    @(100.3299 mm, 39.6830 mm): Footprint R100
    @(101.4049 mm, 39.6830 mm): Footprint R99
[courtyards_overlap]: Courtyards overlap
    Rule: board setup constraints courtyard; error
    @(142.1130 mm, 55.1410 mm): Footprint U31
    @(142.1130 mm, 64.5160 mm): Footprint R86
[courtyards_overlap]: Courtyards overlap
    Rule: board setup constraints courtyard; error
    @(142.1130 mm, 55.1410 mm): Footprint U31
    @(146.1500 mm, 64.5000 mm): Footprint R87
[courtyards_overlap]: Courtyards overlap
    Rule: board setup constraints courtyard; error
    @(142.1130 mm, 55.1410 mm): Footprint U31
    @(133.6040 mm, 64.8970 mm): Footprint C32
[courtyards_overlap]: Courtyards overlap
    Rule: board setup constraints courtyard; error
    @(112.9750 mm, 65.4750 mm): Footprint C1802
    @(115.6250 mm, 66.6174 mm): Footprint C1804
[courtyards_overlap]: Courtyards overlap
    Rule: board setup constraints courtyard; error
    @(133.1000 mm, 36.0500 mm): Footprint C83
    @(135.4500 mm, 36.0500 mm): Footprint U69
[courtyards_overlap]: Courtyards overlap
    Rule: board setup constraints courtyard; error
    @(133.1000 mm, 36.0500 mm): Footprint C83
    @(132.7000 mm, 42.6200 mm): Footprint C85
[courtyards_overlap]: Courtyards overlap
    Rule: board setup constraints courtyard; error
    @(74.3559 mm, 64.5668 mm): Footprint R185
    @(74.3559 mm, 63.0428 mm): Footprint R187
[courtyards_overlap]: Courtyards overlap
    Rule: board setup constraints courtyard; error
    @(106.1212 mm, 73.6600 mm): Footprint R2003
    @(106.0958 mm, 74.6934 mm): Footprint NT2001
[courtyards_overlap]: Courtyards overlap
    Rule: board setup constraints courtyard; error
    @(83.9348 mm, 76.0222 mm): Footprint R175
    @(86.2076 mm, 76.7842 mm): Footprint C112
[courtyards_overlap]: Courtyards overlap
    Rule: board setup constraints courtyard; error
    @(83.9348 mm, 76.0222 mm): Footprint R175
    @(86.7410 mm, 72.0090 mm): Footprint U84
[courtyards_overlap]: Courtyards overlap
    Rule: board setup constraints courtyard; error
    @(64.8970 mm, 40.9750 mm): Footprint R148
    @(65.7606 mm, 39.2938 mm): Footprint R149
[courtyards_overlap]: Courtyards overlap
    Rule: board setup constraints courtyard; error
    @(81.0260 mm, 71.9704 mm): Footprint C111
    @(79.4512 mm, 71.9704 mm): Footprint R173
[courtyards_overlap]: Courtyards overlap
    Rule: board setup constraints courtyard; error
    @(110.7000 mm, 46.2750 mm): Footprint C703
    @(110.0000 mm, 50.1500 mm): Footprint U701
[courtyards_overlap]: Courtyards overlap
    Rule: board setup constraints courtyard; error
    @(110.7000 mm, 46.2750 mm): Footprint C703
    @(111.3800 mm, 44.0800 mm): Footprint C701
[courtyards_overlap]: Courtyards overlap
    Rule: board setup constraints courtyard; error
    @(78.7654 mm, 84.1268 mm): Footprint R3612
    @(57.6097 mm, 90.1138 mm): Footprint tore101
[courtyards_overlap]: Courtyards overlap
    Rule: board setup constraints courtyard; error
    @(118.6754 mm, 35.5092 mm): Footprint C2701
    @(119.6332 mm, 31.3341 mm): Footprint U74
[courtyards_overlap]: Courtyards overlap
    Rule: board setup constraints courtyard; error
    @(118.6754 mm, 35.5092 mm): Footprint C2701
    @(125.0400 mm, 38.4447 mm): Footprint C98
[courtyards_overlap]: Courtyards overlap
    Rule: board setup constraints courtyard; error
    @(51.8000 mm, 64.6000 mm): Footprint D30
    @(54.2250 mm, 64.7650 mm): Footprint D23
[courtyards_overlap]: Courtyards overlap
    Rule: board setup constraints courtyard; error
    @(51.8000 mm, 64.6000 mm): Footprint D30
    @(49.7000 mm, 63.6215 mm): Footprint R209
[courtyards_overlap]: Courtyards overlap
    Rule: board setup constraints courtyard; error
    @(93.6000 mm, 68.4000 mm): Footprint C121
    @(92.0500 mm, 68.4000 mm): Footprint C120
[courtyards_overlap]: Courtyards overlap
    Rule: board setup constraints courtyard; error
    @(93.6000 mm, 68.4000 mm): Footprint C121
    @(92.8000 mm, 66.1000 mm): Footprint R196
[courtyards_overlap]: Courtyards overlap
    Rule: board setup constraints courtyard; error
    @(119.6332 mm, 31.3341 mm): Footprint U74
    @(124.5362 mm, 30.9626 mm): Footprint C2704
[courtyards_overlap]: Courtyards overlap
    Rule: board setup constraints courtyard; error
    @(119.6332 mm, 31.3341 mm): Footprint U74
    @(118.9736 mm, 28.2194 mm): Footprint C99
[courtyards_overlap]: Courtyards overlap
    Rule: board setup constraints courtyard; error
    @(119.6332 mm, 31.3341 mm): Footprint U74
    @(125.0400 mm, 38.4447 mm): Footprint C98
[courtyards_overlap]: Courtyards overlap
    Rule: board setup constraints courtyard; error
    @(142.1130 mm, 64.5160 mm): Footprint R86
    @(138.8110 mm, 66.0400 mm): Footprint C601
[courtyards_overlap]: Courtyards overlap
    Rule: board setup constraints courtyard; error
    @(142.1130 mm, 64.5160 mm): Footprint R86
    @(146.1500 mm, 64.5000 mm): Footprint R87
[courtyards_overlap]: Courtyards overlap
    Rule: board setup constraints courtyard; error
    @(96.2299 mm, 42.9750 mm): Footprint R101
    @(96.2299 mm, 44.0798 mm): Footprint R102
[courtyards_overlap]: Courtyards overlap
    Rule: board setup constraints courtyard; error
    @(97.1042 mm, 42.4942 mm): Footprint C1409
    @(100.3250 mm, 43.1113 mm): Footprint C1408
[courtyards_overlap]: Courtyards overlap
    Rule: board setup constraints courtyard; error
    @(37.8250 mm, 80.2500 mm): Footprint NT1702
    @(38.4000 mm, 79.5000 mm): Footprint R1702
[courtyards_overlap]: Courtyards overlap
    Rule: board setup constraints courtyard; error
    @(37.8250 mm, 80.2500 mm): Footprint NT1702
    @(37.8793 mm, 81.3250 mm): Footprint JP1701
[courtyards_overlap]: Courtyards overlap
    Rule: board setup constraints courtyard; error
    @(128.1430 mm, 30.9626 mm): Footprint C2703
    @(124.5362 mm, 30.9626 mm): Footprint C2704
[courtyards_overlap]: Courtyards overlap
    Rule: board setup constraints courtyard; error
    @(128.1430 mm, 30.9626 mm): Footprint C2703
    @(125.0400 mm, 38.4447 mm): Footprint C98
[courtyards_overlap]: Courtyards overlap
    Rule: board setup constraints courtyard; error
    @(128.1430 mm, 30.9626 mm): Footprint C2703
    @(131.7830 mm, 31.9430 mm): Footprint U76
[courtyards_overlap]: Courtyards overlap
    Rule: board setup constraints courtyard; error
    @(128.1430 mm, 30.9626 mm): Footprint C2703
    @(130.1000 mm, 34.5000 mm): Footprint C107
[courtyards_overlap]: Courtyards overlap
    Rule: board setup constraints courtyard; error
    @(96.6328 mm, 25.6237 mm): Footprint C47
    @(96.6328 mm, 27.3197 mm): Footprint C46
[courtyards_overlap]: Courtyards overlap
    Rule: board setup constraints courtyard; error
    @(91.2750 mm, 33.9750 mm): Footprint NT14
    @(88.1585 mm, 36.1000 mm): Footprint R501
[courtyards_overlap]: Courtyards overlap
    Rule: board setup constraints courtyard; error
    @(144.6000 mm, 46.5000 mm): Footprint U70
    @(140.4500 mm, 47.2500 mm): Footprint C84
[courtyards_overlap]: Courtyards overlap
    Rule: board setup constraints courtyard; error
    @(92.8000 mm, 64.5750 mm): Footprint R197
    @(92.8000 mm, 63.0500 mm): Footprint R193
[courtyards_overlap]: Courtyards overlap
    Rule: board setup constraints courtyard; error
    @(92.8000 mm, 64.5750 mm): Footprint R197
    @(92.8000 mm, 66.1000 mm): Footprint R196
[courtyards_overlap]: Courtyards overlap
    Rule: board setup constraints courtyard; error
    @(57.7500 mm, 63.6785 mm): Footprint R200
    @(59.2500 mm, 62.1250 mm): Footprint C124
[courtyards_overlap]: Courtyards overlap
    Rule: board setup constraints courtyard; error
    @(57.7500 mm, 63.6785 mm): Footprint R200
    @(56.9500 mm, 61.4000 mm): Footprint R204
[courtyards_overlap]: Courtyards overlap
    Rule: board setup constraints courtyard; error
    @(57.7500 mm, 63.6785 mm): Footprint R200
    @(56.2102 mm, 65.5828 mm): Footprint R198
[courtyards_overlap]: Courtyards overlap
    Rule: board setup constraints courtyard; error
    @(45.8276 mm, 75.6828 mm): Footprint C65
    @(48.1330 mm, 79.0344 mm): Footprint U56
[courtyards_overlap]: Courtyards overlap
    Rule: board setup constraints courtyard; error
    @(45.8276 mm, 75.6828 mm): Footprint C65
    @(43.0276 mm, 81.4828 mm): Footprint U55
[courtyards_overlap]: Courtyards overlap
    Rule: board setup constraints courtyard; error
    @(33.2200 mm, 85.6234 mm): Footprint U105
    @(31.0749 mm, 75.4798 mm): Footprint C143
[courtyards_overlap]: Courtyards overlap
    Rule: board setup constraints courtyard; error
    @(92.2020 mm, 69.8500 mm): Footprint R214
    @(92.2020 mm, 68.4530 mm): Footprint C130
[courtyards_overlap]: Courtyards overlap
    Rule: board setup constraints courtyard; error
    @(92.2020 mm, 69.8500 mm): Footprint R214
    @(91.3750 mm, 72.9700 mm): Footprint F5
[courtyards_overlap]: Courtyards overlap
    Rule: board setup constraints courtyard; error
    @(48.1330 mm, 79.0344 mm): Footprint U56
    @(43.0276 mm, 81.4828 mm): Footprint U55
[courtyards_overlap]: Courtyards overlap
    Rule: board setup constraints courtyard; error
    @(59.2500 mm, 62.1250 mm): Footprint C124
    @(61.2000 mm, 64.4000 mm): Footprint D31
[courtyards_overlap]: Courtyards overlap
    Rule: board setup constraints courtyard; error
    @(59.2500 mm, 62.1250 mm): Footprint C124
    @(56.9500 mm, 61.4000 mm): Footprint R204
[courtyards_overlap]: Courtyards overlap
    Rule: board setup constraints courtyard; error
    @(45.6924 mm, 87.5000 mm): Footprint C1702
    @(40.0924 mm, 87.5000 mm): Footprint C1703
[courtyards_overlap]: Courtyards overlap
    Rule: board setup constraints courtyard; error
    @(70.2500 mm, 38.8698 mm): Footprint R164
    @(71.7000 mm, 39.4000 mm): Footprint C2802
[courtyards_overlap]: Courtyards overlap
    Rule: board setup constraints courtyard; error
    @(70.2500 mm, 38.8698 mm): Footprint R164
    @(70.2500 mm, 39.9500 mm): Footprint R163
[courtyards_overlap]: Courtyards overlap
    Rule: board setup constraints courtyard; error
    @(88.4240 mm, 55.1688 mm): Footprint C1403
    @(88.4240 mm, 51.6128 mm): Footprint C1401
[courtyards_overlap]: Courtyards overlap
    Rule: board setup constraints courtyard; error
    @(88.4240 mm, 55.1688 mm): Footprint C1403
    @(78.6679 mm, 59.3598 mm): Footprint C1402
[courtyards_overlap]: Courtyards overlap
    Rule: board setup constraints courtyard; error
    @(88.4240 mm, 55.1688 mm): Footprint C1403
    @(81.6287 mm, 51.8414 mm): Footprint R1404
[courtyards_overlap]: Courtyards overlap
    Rule: board setup constraints courtyard; error
    @(60.5750 mm, 24.7345 mm): Footprint R243
    @(56.9750 mm, 27.0425 mm): Footprint U85
[courtyards_overlap]: Courtyards overlap
    Rule: board setup constraints courtyard; error
    @(38.4000 mm, 79.5000 mm): Footprint R1702
    @(43.0276 mm, 81.4828 mm): Footprint U55
[copper_edge_clearance]: Board edge clearance violation (board setup constraints edge clearance 0.5 mm; actual 0.499999 mm)
    Rule: board setup constraints edge; error
    @(148.8500 mm, 22.1000 mm): Segment of H1 on Edge.Cuts
    @(148.0500 mm, 55.0500 mm): Via [USB-C/HUSB238A/INT] on F.Cu - B.Cu
[solder_mask_bridge]: Rear solder mask aperture bridges items with different nets
    Rule: board setup solder mask min width; error
    @(70.3500 mm, 40.8500 mm): Via [+3V3] on F.Cu - B.Cu
    @(70.7500 mm, 41.8700 mm): Pad 2 [PACK+] of R189 on B.Cu
[solder_mask_bridge]: Front solder mask aperture bridges items with different nets
    Rule: board setup solder mask min width; error
    @(211.5550 mm, 122.8900 mm): Polygon [<no net>] of JP1 on F.Cu
    @(210.6550 mm, 123.1900 mm): Pad 1 [GND] of JP1 on F.Cu
[solder_mask_bridge]: Front solder mask aperture bridges items with different nets
    Rule: board setup solder mask min width; error
    @(211.5550 mm, 122.8900 mm): Polygon [<no net>] of JP1 on F.Cu
    @(211.9550 mm, 123.1900 mm): Pad 2 [/Battery System/12v_LTM8055_BUCK/LTM8055-SYNC] of JP1 on F.Cu
[solder_mask_bridge]: Front solder mask aperture bridges items with different nets
    Rule: board setup solder mask min width; error
    @(111.6500 mm, 58.5500 mm): Polygon [<no net>] of U60 on F.Cu
    @(111.9500 mm, 58.9500 mm): Pad 1 [GND] of U60 on F.Cu
[solder_mask_bridge]: Front solder mask aperture bridges items with different nets
    Rule: board setup solder mask min width; error
    @(111.6500 mm, 58.5500 mm): Polygon [<no net>] of U60 on F.Cu
    @(111.9500 mm, 57.6500 mm): Pad 2 [Net-(U60-B)] of U60 on F.Cu
[solder_mask_bridge]: Front solder mask aperture bridges items with different nets
    Rule: board setup solder mask min width; error
    @(64.6631 mm, 63.7711 mm): Polygon [<no net>] of JP4 on F.Cu
    @(63.7631 mm, 64.0711 mm): Pad 1 [/Battery System/Battery BMS Interface/BQ-BAT] of JP4 on F.Cu
[solder_mask_bridge]: Front solder mask aperture bridges items with different nets
    Rule: board setup solder mask min width; error
    @(64.6631 mm, 63.7711 mm): Polygon [<no net>] of JP4 on F.Cu
    @(65.0631 mm, 64.0711 mm): Pad 2 [Net-(JP4-B)] of JP4 on F.Cu
[solder_mask_bridge]: Rear solder mask aperture bridges items with different nets
    Rule: board setup solder mask min width; error
    @(47.8330 mm, 78.7844 mm): Polygon [<no net>] of U56 on B.Cu
    @(48.1330 mm, 78.3844 mm): Pad 1 [Net-(U55-RBOOT)] of U56 on B.Cu
[solder_mask_bridge]: Rear solder mask aperture bridges items with different nets
    Rule: board setup solder mask min width; error
    @(47.8330 mm, 78.7844 mm): Polygon [<no net>] of U56 on B.Cu
    @(48.1330 mm, 79.6844 mm): Pad 2 [Net-(U55-CBOOT)] of U56 on B.Cu
[via_dangling]: Via is not connected or connected on only one layer
    Local override; warning
    @(196.7990 mm, 22.4255 mm): Via [GND] on F.Cu - B.Cu
[via_dangling]: Via is not connected or connected on only one layer
    Local override; warning
    @(109.2962 mm, 77.0636 mm): Via [+3V3] on F.Cu - B.Cu
[via_dangling]: Via is not connected or connected on only one layer
    Local override; warning
    @(53.8000 mm, 40.8500 mm): Via [+3V3] on F.Cu - B.Cu
[via_dangling]: Via is not connected or connected on only one layer
    Local override; warning
    @(36.7030 mm, 86.4870 mm): Via [+3V3] on F.Cu - B.Cu
[via_dangling]: Via is not connected or connected on only one layer
    Local override; warning
    @(147.1320 mm, 63.7838 mm): Via [+3V3] on F.Cu - B.Cu
[via_dangling]: Via is not connected or connected on only one layer
    Local override; warning
    @(94.2500 mm, 52.3000 mm): Via [+3V3] on F.Cu - B.Cu
[via_dangling]: Via is not connected or connected on only one layer
    Local override; warning
    @(121.7135 mm, 38.6067 mm): Via [VCC] on F.Cu - B.Cu
[via_dangling]: Via is not connected or connected on only one layer
    Local override; warning
    @(82.0420 mm, 64.8970 mm): Via [VSS] on F.Cu - B.Cu
[track_dangling]: Track has unconnected end
    Local override; warning
    @(132.6500 mm, 46.5500 mm): Track [+12V] on In2.Cu, length 0.9500 mm
[via_dangling]: Via is not connected or connected on only one layer
    Local override; warning
    @(127.4300 mm, 57.8410 mm): Via [IN-CHARGING-VCC-LIMITED] on F.Cu - B.Cu
[via_dangling]: Via is not connected or connected on only one layer
    Local override; warning
    @(144.9141 mm, 64.8849 mm): Via [SDA_SLOW] on F.Cu - B.Cu
[via_dangling]: Via is not connected or connected on only one layer
    Local override; warning
    @(99.8900 mm, 48.2700 mm): Via [SDA_SLOW] on F.Cu - B.Cu
[via_dangling]: Via is not connected or connected on only one layer
    Local override; warning
    @(85.7250 mm, 64.0080 mm): Via [SDA_SLOW] on F.Cu - B.Cu
[via_dangling]: Via is not connected or connected on only one layer
    Local override; warning
    @(77.7231 mm, 38.9869 mm): Via [SDA_SLOW] on F.Cu - B.Cu
[via_dangling]: Via is not connected or connected on only one layer
    Local override; warning
    @(100.8000 mm, 48.2500 mm): Via [SDA_SLOW] on F.Cu - B.Cu
[via_dangling]: Via is not connected or connected on only one layer
    Local override; warning
    @(109.4000 mm, 72.8000 mm): Via [SDA_SLOW] on F.Cu - B.Cu
[via_dangling]: Via is not connected or connected on only one layer
    Local override; warning
    @(63.2996 mm, 38.8328 mm): Via [SDA_SLOW] on F.Cu - B.Cu
[via_dangling]: Via is not connected or connected on only one layer
    Local override; warning
    @(92.1500 mm, 59.6500 mm): Via [SDA_SLOW] on F.Cu - B.Cu
[via_dangling]: Via is not connected or connected on only one layer
    Local override; warning
    @(61.1013 mm, 27.8974 mm): Via [SDA_SLOW] on F.Cu - B.Cu
[via_dangling]: Via is not connected or connected on only one layer
    Local override; warning
    @(79.1500 mm, 41.0500 mm): Via [SDA_SLOW] on F.Cu - B.Cu
[via_dangling]: Via is not connected or connected on only one layer
    Local override; warning
    @(62.6000 mm, 38.3500 mm): Via [SCL_SLOW] on F.Cu - B.Cu
[via_dangling]: Via is not connected or connected on only one layer
    Local override; warning
    @(117.5000 mm, 74.2000 mm): Via [SCL_SLOW] on F.Cu - B.Cu
[via_dangling]: Via is not connected or connected on only one layer
    Local override; warning
    @(84.7090 mm, 64.1350 mm): Via [SCL_SLOW] on F.Cu - B.Cu
[via_dangling]: Via is not connected or connected on only one layer
    Local override; warning
    @(91.1000 mm, 59.7000 mm): Via [SCL_SLOW] on F.Cu - B.Cu
[via_dangling]: Via is not connected or connected on only one layer
    Local override; warning
    @(60.5178 mm, 27.3124 mm): Via [SCL_SLOW] on F.Cu - B.Cu
[via_dangling]: Via is not connected or connected on only one layer
    Local override; warning
    @(145.8461 mm, 64.6037 mm): Via [SCL_SLOW] on F.Cu - B.Cu
[via_dangling]: Via is not connected or connected on only one layer
    Local override; warning
    @(148.0500 mm, 53.4250 mm): Via [Button/LOW] on F.Cu - B.Cu
[via_dangling]: Via is not connected or connected on only one layer
    Local override; warning
    @(144.6250 mm, 49.3500 mm): Via [Power/Charging-VCC-Limited-Diode/EN#] on F.Cu - B.Cu
[track_dangling]: Track has unconnected end
    Local override; warning
    @(87.2744 mm, 85.7504 mm): Track [/Battery System/Battery BMS Interface/BQ-BAT] on F.Cu, length 0.1437 mm
[via_dangling]: Via is not connected or connected on only one layer
    Local override; warning
    @(137.6460 mm, 22.9500 mm): Via [/Battery System/Battery BMS Interface/BQ-BAT] on F.Cu - B.Cu
[via_dangling]: Via is not connected or connected on only one layer
    Local override; warning
    @(136.6460 mm, 22.9500 mm): Via [/Battery System/Battery BMS Interface/BQ-BAT] on F.Cu - B.Cu
[via_dangling]: Via is not connected or connected on only one layer
    Local override; warning
    @(90.7783 mm, 61.9230 mm): Via [/Battery System/Battery BMS Interface/PCHG] on F.Cu - B.Cu
[via_dangling]: Via is not connected or connected on only one layer
    Local override; warning
    @(131.5750 mm, 49.3000 mm): Via [Current/INA3221-CUR1/WARNING] on F.Cu - B.Cu
[via_dangling]: Via is not connected or connected on only one layer
    Local override; warning
    @(133.2745 mm, 49.2699 mm): Via [Current/INA3221-CUR1/TC] on F.Cu - B.Cu
[via_dangling]: Via is not connected or connected on only one layer
    Local override; warning
    @(132.4250 mm, 49.3000 mm): Via [Current/INA3221-CUR1/POWERVALID] on F.Cu - B.Cu
[via_dangling]: Via is not connected or connected on only one layer
    Local override; warning
    @(131.1250 mm, 48.5250 mm): Via [Current/INA3221-CUR1/CRITICAL] on F.Cu - B.Cu
[via_dangling]: Via is not connected or connected on only one layer
    Local override; warning
    @(134.9500 mm, 49.0750 mm): Via [Current/INA3221-CUR2/WARNING] on F.Cu - B.Cu
[via_dangling]: Via is not connected or connected on only one layer
    Local override; warning
    @(136.6628 mm, 49.4092 mm): Via [Current/INA3221-CUR2/TC] on F.Cu - B.Cu
[via_dangling]: Via is not connected or connected on only one layer
    Local override; warning
    @(135.8130 mm, 48.7750 mm): Via [Current/INA3221-CUR2/POWERVALID] on F.Cu - B.Cu
[via_dangling]: Via is not connected or connected on only one layer
    Local override; warning
    @(134.1208 mm, 49.3485 mm): Via [Current/INA3221-CUR2/CRITICAL] on F.Cu - B.Cu
[via_dangling]: Via is not connected or connected on only one layer
    Local override; warning
    @(52.6250 mm, 32.4250 mm): Via [Button/DIGITAL] on F.Cu - B.Cu
[via_dangling]: Via is not connected or connected on only one layer
    Local override; warning
    @(50.5000 mm, 28.9250 mm): Via [ESC/EN] on F.Cu - B.Cu
[via_dangling]: Via is not connected or connected on only one layer
    Local override; warning
    @(123.2113 mm, 34.4061 mm): Via [Power/5V-Buck/EN#] on F.Cu - B.Cu
[via_dangling]: Via is not connected or connected on only one layer
    Local override; warning
    @(54.4343 mm, 32.4435 mm): Via [Power/5V-Buck/EN#] on F.Cu - B.Cu
[via_dangling]: Via is not connected or connected on only one layer
    Local override; warning
    @(59.7000 mm, 32.1250 mm): Via [BQ/ALERT] on F.Cu - B.Cu
[via_dangling]: Via is not connected or connected on only one layer
    Local override; warning
    @(60.3000 mm, 32.8000 mm): Via [BQ/RST-SHUT] on F.Cu - B.Cu
[via_dangling]: Via is not connected or connected on only one layer
    Local override; warning
    @(59.8000 mm, 31.1750 mm): Via [USB-C/HUSB238A/EN#] on F.Cu - B.Cu
[via_dangling]: Via is not connected or connected on only one layer
    Local override; warning
    @(50.7750 mm, 32.4500 mm): Via [Power/3V3/PGOOD] on F.Cu - B.Cu
[via_dangling]: Via is not connected or connected on only one layer
    Local override; warning
    @(116.9311 mm, 33.2198 mm): Via [Power/5V-Buck/PGOOD] on F.Cu - B.Cu
[via_dangling]: Via is not connected or connected on only one layer
    Local override; warning
    @(51.7250 mm, 32.4500 mm): Via [Power/5V-Buck/PGOOD] on F.Cu - B.Cu
[via_dangling]: Via is not connected or connected on only one layer
    Local override; warning
    @(148.0500 mm, 55.0500 mm): Via [USB-C/HUSB238A/INT] on F.Cu - B.Cu
[via_dangling]: Via is not connected or connected on only one layer
    Local override; warning
    @(107.6000 mm, 72.3000 mm): Via [USB-C/I2C/EN] on F.Cu - B.Cu
[via_dangling]: Via is not connected or connected on only one layer
    Local override; warning
    @(137.0500 mm, 46.7000 mm): Via [USB-C/I2C/EN] on F.Cu - B.Cu
[via_dangling]: Via is not connected or connected on only one layer
    Local override; warning
    @(50.0839 mm, 28.1838 mm): Via [Servo/TPS/EN] on F.Cu - B.Cu
[via_dangling]: Via is not connected or connected on only one layer
    Local override; warning
    @(50.2242 mm, 27.3454 mm): Via [Servo/TPS/PGOOD] on F.Cu - B.Cu
[via_dangling]: Via is not connected or connected on only one layer
    Local override; warning
    @(50.2543 mm, 26.4960 mm): Via [BQ/CFETOFF] on F.Cu - B.Cu
[via_dangling]: Via is not connected or connected on only one layer
    Local override; warning
    @(50.3192 mm, 25.6521 mm): Via [Power/12V-Buck/EN] on F.Cu - B.Cu
[via_dangling]: Via is not connected or connected on only one layer
    Local override; warning
    @(112.2399 mm, 55.9919 mm): Via [eFuse/TPS16630/FAULT] on F.Cu - B.Cu
[via_dangling]: Via is not connected or connected on only one layer
    Local override; warning
    @(60.0000 mm, 21.5250 mm): Via [eFuse/TPS16630/FAULT] on F.Cu - B.Cu
[via_dangling]: Via is not connected or connected on only one layer
    Local override; warning
    @(59.6750 mm, 20.7250 mm): Via [eFuse/TPS16630/SHDN] on F.Cu - B.Cu
[via_dangling]: Via is not connected or connected on only one layer
    Local override; warning
    @(110.5592 mm, 20.6750 mm): Via [IO-Expander/Primary/INT] on F.Cu - B.Cu
[via_dangling]: Via is not connected or connected on only one layer
    Local override; warning
    @(110.8804 mm, 55.6417 mm): Via [eFuse/TPS16630/IMON] on F.Cu - B.Cu
[via_dangling]: Via is not connected or connected on only one layer
    Local override; warning
    @(55.1250 mm, 20.2000 mm): Via [Receiver/EN] on F.Cu - B.Cu
[via_dangling]: Via is not connected or connected on only one layer
    Local override; warning
    @(138.0500 mm, 48.1000 mm): Via [BQ/DFETOFF] on F.Cu - B.Cu
[via_dangling]: Via is not connected or connected on only one layer
    Local override; warning
    @(137.2750 mm, 47.5000 mm): Via [BQ/DCHG] on F.Cu - B.Cu
[via_dangling]: Via is not connected or connected on only one layer
    Local override; warning
    @(54.3299 mm, 20.2883 mm): Via [eFuse/TPS16630/PGOOD] on F.Cu - B.Cu
[via_dangling]: Via is not connected or connected on only one layer
    Local override; warning
    @(112.3500 mm, 55.2500 mm): Via [eFuse/TPS16630/PGOOD] on F.Cu - B.Cu
[via_dangling]: Via is not connected or connected on only one layer
    Local override; warning
    @(62.1496 mm, 39.0709 mm): Via [Current/INA226-ESC-0x4E/ALERT] on F.Cu - B.Cu
[via_dangling]: Via is not connected or connected on only one layer
    Local override; warning
    @(136.6250 mm, 48.4250 mm): Via [Current/INA226-ESC-0x4E/ALERT] on F.Cu - B.Cu
[via_dangling]: Via is not connected or connected on only one layer
    Local override; warning
    @(138.1000 mm, 49.0250 mm): Via [Current/INA226-SERVO-0x4F/ALERT] on F.Cu - B.Cu
[via_dangling]: Via is not connected or connected on only one layer
    Local override; warning
    @(117.1000 mm, 59.4000 mm): Via [Charger/CN3072/CHG-DONE] on F.Cu - B.Cu
[via_dangling]: Via is not connected or connected on only one layer
    Local override; warning
    @(137.6500 mm, 46.0750 mm): Via [Charger/CN3072/CHG-DONE] on F.Cu - B.Cu
[via_dangling]: Via is not connected or connected on only one layer
    Local override; warning
    @(117.2000 mm, 58.5000 mm): Via [Charger/CN3072/CHG-ACTIVE] on F.Cu - B.Cu
[via_dangling]: Via is not connected or connected on only one layer
    Local override; warning
    @(138.0000 mm, 45.3250 mm): Via [Charger/CN3072/CHG-ACTIVE] on F.Cu - B.Cu
[via_dangling]: Via is not connected or connected on only one layer
    Local override; warning
    @(147.8000 mm, 64.6750 mm): Via [IMU/INT1] on F.Cu - B.Cu
[via_dangling]: Via is not connected or connected on only one layer
    Local override; warning
    @(148.0500 mm, 62.8633 mm): Via [IMU/INT2] on F.Cu - B.Cu
[via_dangling]: Via is not connected or connected on only one layer
    Local override; warning
    @(107.5690 mm, 77.4192 mm): Via [USB-C/HUSB238A/FAULT-OUT2] on F.Cu - B.Cu
[via_dangling]: Via is not connected or connected on only one layer
    Local override; warning
    @(148.0500 mm, 52.6250 mm): Via [USB-C/HUSB238A/FAULT-OUT2] on F.Cu - B.Cu
[via_dangling]: Via is not connected or connected on only one layer
    Local override; warning
    @(51.0750 mm, 29.5500 mm): Via [IO-Expander/Secondary/INT] on F.Cu - B.Cu
[via_dangling]: Via is not connected or connected on only one layer
    Local override; warning
    @(80.2386 mm, 36.2458 mm): Via [Power/12V-Buck/IOUTMON] on F.Cu - B.Cu
[via_dangling]: Via is not connected or connected on only one layer
    Local override; warning
    @(132.2070 mm, 33.9090 mm): Via [/Battery System/mt9700-efuse1/OUT] on F.Cu - B.Cu
[via_dangling]: Via is not connected or connected on only one layer
    Local override; warning
    @(133.7310 mm, 33.9090 mm): Via [/Battery System/mt9700-efuse1/OUT] on F.Cu - B.Cu
[track_dangling]: Track has unconnected end
    Local override; warning
    @(121.0132 mm, 23.4088 mm): Track [/Battery System/Mikroe mikroBus Shuttle Clone VITAL/SDI] on In3.Cu, length 3.1763 mm
[via_dangling]: Via is not connected or connected on only one layer
    Local override; warning
    @(148.0500 mm, 59.9250 mm): Via [/Battery System/IO-ExpanderSecondary/P2_5] on F.Cu - B.Cu
[via_dangling]: Via is not connected or connected on only one layer
    Local override; warning
    @(148.0500 mm, 55.9000 mm): Via [/Battery System/IO-ExpanderSecondary/P2_4] on F.Cu - B.Cu
[via_dangling]: Via is not connected or connected on only one layer
    Local override; warning
    @(148.0500 mm, 54.2250 mm): Via [/Battery System/IO-ExpanderSecondary/P2_2] on F.Cu - B.Cu
[track_dangling]: Track has unconnected end
    Local override; warning
    @(198.6643 mm, 25.9842 mm): Track [Net-(U85-P2_7)] on F.Cu, length 1.1701 mm
[track_dangling]: Track has unconnected end
    Local override; warning
    @(198.6643 mm, 24.8141 mm): Track [Net-(U85-P2_7)] on F.Cu, length 0.0131 mm
[track_dangling]: Track has unconnected end
    Local override; warning
    @(198.1642 mm, 25.9842 mm): Track [Net-(U85-P2_6)] on F.Cu, length 1.1700 mm
[track_dangling]: Track has unconnected end
    Local override; warning
    @(198.1642 mm, 24.8142 mm): Track [Net-(U85-P2_6)] on F.Cu, length 0.0133 mm
[track_dangling]: Track has unconnected end
    Local override; warning
    @(197.6643 mm, 24.8141 mm): Track [Net-(U85-P2_5)] on F.Cu, length 0.0131 mm
[track_dangling]: Track has unconnected end
    Local override; warning
    @(197.6643 mm, 25.9842 mm): Track [Net-(U85-P2_5)] on F.Cu, length 1.1701 mm
[track_dangling]: Track has unconnected end
    Local override; warning
    @(197.1642 mm, 25.9842 mm): Track [Net-(U85-P2_4)] on F.Cu, length 1.1700 mm
[track_dangling]: Track has unconnected end
    Local override; warning
    @(197.1642 mm, 24.8142 mm): Track [Net-(U85-P2_4)] on F.Cu, length 0.0133 mm
[track_dangling]: Track has unconnected end
    Local override; warning
    @(196.6643 mm, 24.8141 mm): Track [Net-(U85-P2_3)] on F.Cu, length 0.0131 mm
[track_dangling]: Track has unconnected end
    Local override; warning
    @(196.6643 mm, 25.9842 mm): Track [Net-(U85-P2_3)] on F.Cu, length 1.1701 mm
[track_dangling]: Track has unconnected end
    Local override; warning
    @(196.1642 mm, 24.8142 mm): Track [Net-(U85-P2_2)] on F.Cu, length 0.0133 mm
[track_dangling]: Track has unconnected end
    Local override; warning
    @(196.1642 mm, 25.9842 mm): Track [Net-(U85-P2_2)] on F.Cu, length 1.1700 mm
[track_dangling]: Track has unconnected end
    Local override; warning
    @(195.6736 mm, 25.9749 mm): Track [Net-(U85-P2_1)] on F.Cu, length 0.0131 mm
[track_dangling]: Track has unconnected end
    Local override; warning
    @(195.6736 mm, 24.8048 mm): Track [Net-(U85-P2_1)] on F.Cu, length 1.1701 mm
[track_dangling]: Track has unconnected end
    Local override; warning
    @(195.1736 mm, 24.8048 mm): Track [Net-(U85-P2_0)] on F.Cu, length 1.1700 mm
[track_dangling]: Track has unconnected end
    Local override; warning
    @(195.1736 mm, 25.9748 mm): Track [Net-(U85-P2_0)] on F.Cu, length 0.0133 mm
[via_dangling]: Via is not connected or connected on only one layer
    Local override; warning
    @(121.0310 mm, 38.1000 mm): Via [CHARGE_DIRECT] on F.Cu - B.Cu
[track_dangling]: Track has unconnected end
    Local override; warning
    @(74.7248 mm, 86.0502 mm): Track [Net-(F3601-Pad2)] on B.Cu, length 1.1670 mm
[via_dangling]: Via is not connected or connected on only one layer
    Local override; warning
    @(52.7500 mm, 24.2250 mm): Via [MCU-VCC-KICKSTART] on F.Cu - B.Cu
[via_dangling]: Via is not connected or connected on only one layer
    Local override; warning
    @(117.6020 mm, 38.3540 mm): Via [/Battery System/MicrocontrollerKickstart/out] on F.Cu - B.Cu
[via_dangling]: Via is not connected or connected on only one layer
    Local override; warning
    @(51.5750 mm, 24.1750 mm): Via [/Battery System/IO-ExpanderPrimary/P1_6] on F.Cu - B.Cu
[via_dangling]: Via is not connected or connected on only one layer
    Local override; warning
    @(59.0250 mm, 20.2000 mm): Via [/Battery System/IO-ExpanderPrimary/P2_5] on F.Cu - B.Cu
[via_dangling]: Via is not connected or connected on only one layer
    Local override; warning
    @(57.6667 mm, 20.1411 mm): Via [/Battery System/IO-ExpanderPrimary/P2_4] on F.Cu - B.Cu
[via_dangling]: Via is not connected or connected on only one layer
    Local override; warning
    @(56.0156 mm, 20.1714 mm): Via [/Battery System/IO-ExpanderPrimary/P2_2] on F.Cu - B.Cu
[via_dangling]: Via is not connected or connected on only one layer
    Local override; warning
    @(56.8242 mm, 20.2535 mm): Via [/Battery System/IO-ExpanderPrimary/P2_3] on F.Cu - B.Cu
[via_dangling]: Via is not connected or connected on only one layer
    Local override; warning
    @(118.7000 mm, 26.1250 mm): Via [Net-(U74-VCC)] on F.Cu - B.Cu
[via_dangling]: Via is not connected or connected on only one layer
    Local override; warning
    @(53.6000 mm, 32.3750 mm): Via [/Battery System/IO-ExpanderPrimary/P0_6] on F.Cu - B.Cu
[isolated_copper]: Isolated copper fill
    Local override; warning
    @(44.7498 mm, 67.7364 mm): Zone 'stitch_zone_21' [CHARGE_DIRECT] on B.Cu, priority 61
[pth_inside_courtyard]: PTH inside courtyard
    Local override; warning
    @(59.5564 mm, 50.9982 mm): PTH pad 1 [PACK+] of C13
    @(63.9482 mm, 31.9488 mm): Footprint frankyface101
[pth_inside_courtyard]: PTH inside courtyard
    Local override; warning
    @(65.7000 mm, 55.3000 mm): PTH pad 2 [GND] of C13
    @(63.9482 mm, 31.9488 mm): Footprint frankyface101
[pth_inside_courtyard]: PTH inside courtyard
    Local override; warning
    @(121.6850 mm, 45.9250 mm): PTH pad 3 [+3V3] of J103
    @(114.4270 mm, 51.0540 mm): Footprint C602
[pth_inside_courtyard]: PTH inside courtyard
    Local override; warning
    @(107.4162 mm, 29.9500 mm): PTH pad 2 [GND] of U401
    @(111.6750 mm, 26.0615 mm): Footprint U2601
[pth_inside_courtyard]: PTH inside courtyard
    Local override; warning
    @(75.5193 mm, 81.7515 mm): PTH pad 1 [Net-(BatBalConn1-Pad1)] of BatBalConn1
    @(57.6097 mm, 90.1138 mm): Footprint tore101
[pth_inside_courtyard]: PTH inside courtyard
    Local override; warning
    @(78.0195 mm, 81.7515 mm): PTH pad 2 [Net-(BatBalConn1-Pad2)] of BatBalConn1
    @(57.6097 mm, 90.1138 mm): Footprint tore101
[pth_inside_courtyard]: PTH inside courtyard
    Local override; warning
    @(80.5193 mm, 81.7515 mm): PTH pad 3 [Net-(BatBalConn1-Pad3)] of BatBalConn1
    @(57.6097 mm, 90.1138 mm): Footprint tore101
[pth_inside_courtyard]: PTH inside courtyard
    Local override; warning
    @(83.0195 mm, 81.7515 mm): PTH pad 4 [/Battery System/Battery BMS Interface/BAL_CELL_BOT-] of BatBalConn1
    @(57.6097 mm, 90.1138 mm): Footprint tore101
[pth_inside_courtyard]: PTH inside courtyard
    Local override; warning
    @(114.6592 mm, 22.3382 mm): PTH pad 1 [/Battery System/Mikroe mikroBus Shuttle Clone VITAL/AN] of U83
    @(111.6750 mm, 26.0615 mm): Footprint U2601
[pth_inside_courtyard]: PTH inside courtyard
    Local override; warning
    @(115.9292 mm, 22.3382 mm): PTH pad 3 [/Battery System/Mikroe mikroBus Shuttle Clone VITAL/RST] of U83
    @(111.6750 mm, 26.0615 mm): Footprint U2601
[pth_inside_courtyard]: PTH inside courtyard
    Local override; warning
    @(31.5600 mm, 66.9650 mm): PTH pad 10 [GND] of H4
    @(31.0749 mm, 75.4798 mm): Footprint C143
[pth_inside_courtyard]: PTH inside courtyard
    Local override; warning
    @(34.1000 mm, 66.9650 mm): PTH pad 11 [servo_vcc_indicator] of H4
    @(31.0749 mm, 75.4798 mm): Footprint C143
[pth_inside_courtyard]: PTH inside courtyard
    Local override; warning
    @(57.5862 mm, 78.8000 mm): PTH pad 3 [unconnected-(-BatMains+1-Pad3)] of -BatMains+1
    @(57.6097 mm, 90.1138 mm): Footprint tore101
[pth_inside_courtyard]: PTH inside courtyard
    Local override; warning
    @(71.0862 mm, 78.8000 mm): PTH pad 4 [unconnected-(-BatMains+1-Pad4)] of -BatMains+1
    @(57.6097 mm, 90.1138 mm): Footprint tore101
[pth_inside_courtyard]: PTH inside courtyard
    Local override; warning
    @(87.4215 mm, 82.1579 mm): PTH pad 3 [GND] of SW2
    @(57.6097 mm, 90.1138 mm): Footprint tore101
[silk_edge_clearance]: Silkscreen clipped by board edge
    Rule: board setup constraints silk; warning
    @(144.8500 mm, 91.1000 mm): Segment of H1 on Edge.Cuts
[silk_edge_clearance]: Silkscreen clipped by board edge
    Rule: board setup constraints silk; warning
    @(144.8500 mm, 91.1000 mm): Segment of H1 on Edge.Cuts
[hole_to_hole]: Drilled hole too close to other hole (board setup constraints min 0.2495 mm; actual 0.2322 mm)
    Rule: board setup constraints; warning
    @(117.8250 mm, 53.4250 mm): Via [GND] on F.Cu - B.Cu
    @(117.4739 mm, 53.8250 mm): Via [GND] on F.Cu - B.Cu
[hole_to_hole]: Drilled hole too close to other hole (board setup constraints min 0.2495 mm; actual 0.2322 mm)
    Rule: board setup constraints; warning
    @(117.4739 mm, 53.8250 mm): Via [GND] on F.Cu - B.Cu
    @(117.8250 mm, 54.2250 mm): Via [GND] on F.Cu - B.Cu
[hole_to_hole]: Drilled hole too close to other hole (board setup constraints min 0.2495 mm; actual 0.2476 mm)
    Rule: board setup constraints; warning
    @(117.4739 mm, 53.8250 mm): Via [GND] on F.Cu - B.Cu
    @(117.1000 mm, 54.2250 mm): Via [GND] on F.Cu - B.Cu
[hole_to_hole]: Drilled hole too close to other hole (board setup constraints min 0.2495 mm; actual 0.2476 mm)
    Rule: board setup constraints; warning
    @(117.4739 mm, 53.8250 mm): Via [GND] on F.Cu - B.Cu
    @(117.1000 mm, 53.4250 mm): Via [GND] on F.Cu - B.Cu
[hole_to_hole]: Drilled hole too close to other hole (board setup constraints min 0.2495 mm; actual 0.2268 mm)
    Rule: board setup constraints; warning
    @(115.1500 mm, 53.4250 mm): Via [GND] on F.Cu - B.Cu
    @(115.4927 mm, 53.8250 mm): Via [GND] on F.Cu - B.Cu
[hole_to_hole]: Drilled hole too close to other hole (board setup constraints min 0.2495 mm; actual 0.2363 mm)
    Rule: board setup constraints; warning
    @(115.4927 mm, 53.8250 mm): Via [GND] on F.Cu - B.Cu
    @(115.8500 mm, 54.2250 mm): Via [GND] on F.Cu - B.Cu
[hole_to_hole]: Drilled hole too close to other hole (board setup constraints min 0.2495 mm; actual 0.2434 mm)
    Rule: board setup constraints; warning
    @(115.4927 mm, 53.8250 mm): Via [GND] on F.Cu - B.Cu
    @(115.1250 mm, 54.2250 mm): Via [GND] on F.Cu - B.Cu
[hole_to_hole]: Drilled hole too close to other hole (board setup constraints min 0.2495 mm; actual 0.2490 mm)
    Rule: board setup constraints; warning
    @(117.8500 mm, 52.2250 mm): Via [IN-CHARGING-VCC-LIMITED] on F.Cu - B.Cu
    @(117.4739 mm, 51.8250 mm): Via [IN-CHARGING-VCC-LIMITED] on F.Cu - B.Cu
[hole_to_hole]: Drilled hole too close to other hole (board setup constraints min 0.2495 mm; actual 0.2322 mm)
    Rule: board setup constraints; warning
    @(117.4739 mm, 51.8250 mm): Via [IN-CHARGING-VCC-LIMITED] on F.Cu - B.Cu
    @(117.8250 mm, 51.4250 mm): Via [IN-CHARGING-VCC-LIMITED] on F.Cu - B.Cu
[lib_footprint_mismatch]: Footprint 'DC-IN-TH_DC005' does not match copy in library '5v rail sm-easyedapro'.
    Local override; warning
    @(116.1034 mm, 78.5622 mm): Footprint DC1
[lib_footprint_mismatch]: Footprint 'ESD9X5VU' does not match copy in library 'JLCImport'.
    Local override; warning
    @(84.7000 mm, 79.8500 mm): Footprint D33
[lib_footprint_issues]: The footprint library 'Resistor_SMD' was not found at '/opt/homebrew/bin/SharedSupport/footprints//Resistor_SMD.pretty'.
    Local override; warning
    @(112.7900 mm, 62.5250 mm): Footprint R1904
[lib_footprint_mismatch]: Footprint 'C0603' does not match copy in library 'EasyEDA'.
    Local override; warning
    @(36.6750 mm, 84.1250 mm): Footprint C1601
[lib_footprint_mismatch]: Footprint 'C0603' does not match copy in library '5v rail sm-easyedapro'.
    Local override; warning
    @(282.7582 mm, 105.5102 mm): Footprint C14
[lib_footprint_issues]: The footprint library 'Resistor_SMD' was not found at '/opt/homebrew/bin/SharedSupport/footprints//Resistor_SMD.pretty'.
    Local override; warning
    @(85.6234 mm, 33.2994 mm): Footprint R1402
[lib_footprint_mismatch]: Footprint 'C0603' does not match copy in library '5v rail sm-easyedapro'.
    Local override; warning
    @(275.2607 mm, 147.8152 mm): Footprint C80
[lib_footprint_mismatch]: Footprint 'HGC1206R5107M100NSPJ' does not match copy in library 'JLCImport'.
    Local override; warning
    @(224.6898 mm, 60.6314 mm): Footprint C11
[lib_footprint_issues]: The footprint library 'Resistor_SMD' was not found at '/opt/homebrew/bin/SharedSupport/footprints//Resistor_SMD.pretty'.
    Local override; warning
    @(128.0800 mm, 62.4910 mm): Footprint R608
[lib_footprint_mismatch]: Footprint 'DB142R-5_08-4P' does not match copy in library 'JLCImport'.
    Local override; warning
    @(73.1750 mm, 26.7850 mm): Footprint CN101
[lib_footprint_mismatch]: Footprint 'C1206' does not match copy in library 'EasyEDA'.
    Local override; warning
    @(103.7500 mm, 42.0000 mm): Footprint C1503
[lib_footprint_issues]: The footprint library 'Capacitor_SMD' was not found at '/opt/homebrew/bin/SharedSupport/footprints//Capacitor_SMD.pretty'.
    Local override; warning
    @(87.9348 mm, 32.8650 mm): Footprint C1405
[lib_footprint_mismatch]: Footprint 'R0603' does not match copy in library '5v rail sm-easyedapro'.
    Local override; warning
    @(192.0350 mm, 94.6900 mm): Footprint R17
[lib_footprint_issues]: The footprint library 'Symbol' was not found at '/opt/homebrew/bin/SharedSupport/footprints//Symbol.pretty'.
    Local override; warning
    @(90.9250 mm, 85.6250 mm): Footprint warninglogo1
[lib_footprint_mismatch]: Footprint 'C0603' does not match copy in library '5v rail sm-easyedapro'.
    Local override; warning
    @(130.1000 mm, 35.9000 mm): Footprint C108
[lib_footprint_issues]: The footprint library 'Capacitor_SMD' was not found at '/opt/homebrew/bin/SharedSupport/footprints//Capacitor_SMD.pretty'.
    Local override; warning
    @(116.8300 mm, 57.2000 mm): Footprint C606
[lib_footprint_mismatch]: Footprint 'TSSOP-16_L5.0-W4.4-P0.65-LS6.4-BL' does not match copy in library '5v rail sm-easyedapro'.
    Local override; warning
    @(121.7650 mm, 59.4810 mm): Footprint U30
[lib_footprint_mismatch]: Footprint 'SOT-23-3_L3.0-W1.7-P0.95-LS2.9-BR' does not match copy in library '5v rail sm-easyedapro'.
    Local override; warning
    @(95.6310 mm, 68.7925 mm): Footprint Q18
[lib_footprint_issues]: The footprint library 'Capacitor_SMD' was not found at '/opt/homebrew/bin/SharedSupport/footprints//Capacitor_SMD.pretty'.
    Local override; warning
    @(101.1950 mm, 77.6224 mm): Footprint C2001
[lib_footprint_mismatch]: Footprint 'X1270WV-2X08B-6TV01' does not match copy in library 'JLCImport'.
    Local override; warning
    @(113.4650 mm, 105.9800 mm): Footprint U28
[lib_footprint_mismatch]: Footprint 'R0603' does not match copy in library '5v rail sm-easyedapro'.
    Local override; warning
    @(82.6008 mm, 71.9704 mm): Footprint R174
[lib_footprint_mismatch]: Footprint 'C0603' does not match copy in library 'EasyEDA'.
    Local override; warning
    @(109.7500 mm, 36.0000 mm): Footprint C1502
[lib_footprint_mismatch]: Footprint 'TYPE-C_6P_073' does not match copy in library 'JLCImport'.
    Local override; warning
    @(133.6996 mm, 23.1128 mm): Footprint USB1
[lib_footprint_mismatch]: Footprint 'TDSON-8_L5.9-W5.2-P1.27-BL-1' does not match copy in library 'EasyEDA'.
    Local override; warning
    @(109.5200 mm, 40.0000 mm): Footprint U1501
[lib_footprint_mismatch]: Footprint 'SMF24A_C19077514' does not match copy in library 'JLCImport'.
    Local override; warning
    @(101.9556 mm, 79.0956 mm): Footprint D34
[lib_footprint_mismatch]: Footprint 'UC23-0B16F00P11' does not match copy in library 'JLCImport'.
    Local override; warning
    @(102.3042 mm, 83.1894 mm): Footprint USB2002
[lib_footprint_mismatch]: Footprint 'CAP-TH_BD16.0-P7.50-D0.8-FD' does not match copy in library '5v rail sm-easyedapro'.
    Local override; warning
    @(62.6282 mm, 53.1491 mm): Footprint C13
[lib_footprint_mismatch]: Footprint 'AO4459' does not match copy in library 'JLCImport'.
    Local override; warning
    @(124.0700 mm, 51.4860 mm): Footprint Q602
[lib_footprint_mismatch]: Footprint 'BZT52C12_C43491' does not match copy in library 'JLCImport'.
    Local override; warning
    @(63.2460 mm, 41.5290 mm): Footprint ZD1
[lib_footprint_mismatch]: Footprint 'R0603' does not match copy in library '5v rail sm-easyedapro'.
    Local override; warning
    @(76.3016 mm, 71.9704 mm): Footprint R172
[lib_footprint_mismatch]: Footprint 'C0805' does not match copy in library '5v rail sm-easyedapro'.
    Local override; warning
    @(50.5206 mm, 42.7482 mm): Footprint C87
[lib_footprint_mismatch]: Footprint 'VSSOP-10_L3.0-W3.0-P0.50-LS4.9-BL' does not match copy in library '5v rail sm-easyedapro'.
    Local override; warning
    @(204.1250 mm, 128.6250 mm): Footprint U45
[lib_footprint_issues]: The footprint library 'Resistor_SMD' was not found at '/opt/homebrew/bin/SharedSupport/footprints//Resistor_SMD.pretty'.
    Local override; warning
    @(110.8750 mm, 62.5250 mm): Footprint R1905
[lib_footprint_mismatch]: Footprint 'S4B-XH-A_LF_SN' does not match copy in library 'JLCImport'.
    Local override; warning
    @(139.4500 mm, 37.1501 mm): Footprint CN2301
[lib_footprint_mismatch]: Footprint 'SIRA99DP-T1-GE3' does not match copy in library 'JLCImport'.
    Local override; warning
    @(59.2050 mm, 39.1160 mm): Footprint Q11
[lib_footprint_issues]: The footprint library 'Resistor_SMD' was not found at '/opt/homebrew/bin/SharedSupport/footprints//Resistor_SMD.pretty'.
    Local override; warning
    @(230.4278 mm, 21.1554 mm): Footprint R117
[lib_footprint_issues]: The footprint library 'Connector_PinHeader_2.54mm' was not found at '/opt/homebrew/bin/SharedSupport/footprints//Connector_PinHeader_2.54mm.pretty'.
    Local override; warning
    @(95.0850 mm, 103.7400 mm): Footprint J104
[lib_footprint_mismatch]: Footprint 'IND-SMD_2P-L11.3-W10.0-XAL1010-153MED' does not match copy in library '5v rail sm-easyedapro'.
    Local override; warning
    @(142.1130 mm, 55.1410 mm): Footprint U31
[lib_footprint_issues]: The footprint library 'Capacitor_SMD' was not found at '/opt/homebrew/bin/SharedSupport/footprints//Capacitor_SMD.pretty'.
    Local override; warning
    @(115.2906 mm, 30.1752 mm): Footprint C2705
[lib_footprint_mismatch]: Footprint 'C0603' does not match copy in library '5v rail sm-easyedapro'.
    Local override; warning
    @(133.1000 mm, 36.0500 mm): Footprint C83
[lib_footprint_issues]: The footprint library 'Resistor_SMD' was not found at '/opt/homebrew/bin/SharedSupport/footprints//Resistor_SMD.pretty'.
    Local override; warning
    @(106.1212 mm, 73.6600 mm): Footprint R2003
[lib_footprint_mismatch]: Footprint 'R0603' does not match copy in library '5v rail sm-easyedapro'.
    Local override; warning
    @(83.9348 mm, 76.0222 mm): Footprint R175
[lib_footprint_mismatch]: Footprint 'R0402' does not match copy in library '5v rail sm-easyedapro'.
    Local override; warning
    @(64.8970 mm, 40.9750 mm): Footprint R148
[lib_footprint_mismatch]: Footprint 'C0603' does not match copy in library '5v rail sm-easyedapro'.
    Local override; warning
    @(81.0260 mm, 71.9704 mm): Footprint C111
[lib_footprint_issues]: The footprint library 'Resistor_SMD' was not found at '/opt/homebrew/bin/SharedSupport/footprints//Resistor_SMD.pretty'.
    Local override; warning
    @(128.0800 mm, 60.6210 mm): Footprint R607
[lib_footprint_mismatch]: Footprint 'CL32B475KBUYNNE' does not match copy in library 'JLCImport'.
    Local override; warning
    @(118.6754 mm, 35.5092 mm): Footprint C2701
[lib_footprint_issues]: The footprint library 'Resistor_SMD' was not found at '/opt/homebrew/bin/SharedSupport/footprints//Resistor_SMD.pretty'.
    Local override; warning
    @(230.4278 mm, 26.1754 mm): Footprint R119
[lib_footprint_mismatch]: Footprint 'QFN-11_L4.5-W3.5-P0.50-TL_TPSM365R6FRDNR' does not match copy in library '5v rail sm-easyedapro'.
    Local override; warning
    @(119.6332 mm, 31.3341 mm): Footprint U74
[lib_footprint_mismatch]: Footprint 'R2512' does not match copy in library '5v rail sm-easyedapro'.
    Local override; warning
    @(142.1130 mm, 64.5160 mm): Footprint R86
[lib_footprint_mismatch]: Footprint 'CL21A226MAYNNNE' does not match copy in library 'JLCImport'.
    Local override; warning
    @(97.1042 mm, 42.4942 mm): Footprint C1409
[lib_footprint_mismatch]: Footprint 'C0603' does not match copy in library '5v rail sm-easyedapro'.
    Local override; warning
    @(50.4190 mm, 44.5982 mm): Footprint C88
[lib_footprint_mismatch]: Footprint 'CL32B226KAJNNNE' does not match copy in library 'JLCImport'.
    Local override; warning
    @(128.1430 mm, 30.9626 mm): Footprint C2703
[lib_footprint_mismatch]: Footprint 'LED-SMD_6P-L5.0-W5.0-TL' does not match copy in library '5v rail sm-easyedapro'.
    Local override; warning
    @(144.6000 mm, 46.5000 mm): Footprint U70
[lib_footprint_mismatch]: Footprint 'TDSON-8_L5.9-W5.2-P1.27-BL-1' does not match copy in library 'EasyEDA'.
    Local override; warning
    @(33.2200 mm, 85.6234 mm): Footprint U105
[lib_footprint_issues]: The footprint library 'Resistor_SMD' was not found at '/opt/homebrew/bin/SharedSupport/footprints//Resistor_SMD.pretty'.
    Local override; warning
    @(68.8328 mm, 130.4166 mm): Footprint R74
[lib_footprint_mismatch]: Footprint 'R0603' does not match copy in library '5v rail sm-easyedapro'.
    Local override; warning
    @(92.2020 mm, 69.8500 mm): Footprint R214
[lib_footprint_mismatch]: Footprint 'SMA_L4.3-W2.6-LS5.0-RD' does not match copy in library '5v rail sm-easyedapro'.
    Local override; warning
    @(59.6500 mm, 67.7500 mm): Footprint D1
[lib_footprint_mismatch]: Footprint 'R0402' does not match copy in library '5v rail sm-easyedapro'.
    Local override; warning
    @(70.2500 mm, 38.8698 mm): Footprint R164
[lib_footprint_mismatch]: Footprint 'CL32B475KBUYNNE' does not match copy in library 'JLCImport'.
    Local override; warning
    @(88.4240 mm, 55.1688 mm): Footprint C1403
[lib_footprint_mismatch]: Footprint 'R0603' does not match copy in library '5v rail sm-easyedapro'.
    Local override; warning
    @(275.2607 mm, 150.3252 mm): Footprint R145
[lib_footprint_issues]: The footprint library 'Resistor_SMD' was not found at '/opt/homebrew/bin/SharedSupport/footprints//Resistor_SMD.pretty'.
    Local override; warning
    @(116.8654 mm, 30.8356 mm): Footprint R2702
[lib_footprint_mismatch]: Footprint 'R0402' does not match copy in library '5v rail sm-easyedapro'.
    Local override; warning
    @(28.1190 mm, 20.7010 mm): Footprint R183
[lib_footprint_issues]: The footprint library 'Connector_PinHeader_2.54mm' was not found at '/opt/homebrew/bin/SharedSupport/footprints//Connector_PinHeader_2.54mm.pretty'.
    Local override; warning
    @(99.6750 mm, 103.7400 mm): Footprint J105
[lib_footprint_mismatch]: Footprint 'CL32B475KBUYNNE' does not match copy in library 'JLCImport'.
    Local override; warning
    @(88.4240 mm, 51.6128 mm): Footprint C1401
[lib_footprint_mismatch]: Footprint 'C0603' does not match copy in library 'EasyEDA'.
    Local override; warning
    @(36.5500 mm, 81.5000 mm): Footprint C1602
[lib_footprint_mismatch]: Footprint 'C0805' does not match copy in library '5v rail sm-easyedapro'.
    Local override; warning
    @(44.7548 mm, 41.2844 mm): Footprint C2401
[lib_footprint_issues]: The footprint library 'Resistor_SMD' was not found at '/opt/homebrew/bin/SharedSupport/footprints//Resistor_SMD.pretty'.
    Local override; warning
    @(109.7500 mm, 57.1500 mm): Footprint R1902
[lib_footprint_mismatch]: Footprint 'QFN-16_L4.0-W4.0-P0.65-TL-EP2.2' does not match copy in library '5v rail sm-easyedapro'.
    Local override; warning
    @(74.9685 mm, 39.4250 mm): Footprint CUR_2
[lib_footprint_mismatch]: Footprint '0440007_WR' does not match copy in library 'JLCImport'.
    Local override; warning
    @(117.9322 mm, 72.3900 mm): Footprint U10
[lib_footprint_issues]: The footprint library 'Resistor_SMD' was not found at '/opt/homebrew/bin/SharedSupport/footprints//Resistor_SMD.pretty'.
    Local override; warning
    @(93.3500 mm, 72.2750 mm): Footprint R212
[lib_footprint_issues]: The footprint library 'Resistor_SMD' was not found at '/opt/homebrew/bin/SharedSupport/footprints//Resistor_SMD.pretty'.
    Local override; warning
    @(96.3000 mm, 60.7500 mm): Footprint R1908
[lib_footprint_issues]: The footprint library 'Capacitor_SMD' was not found at '/opt/homebrew/bin/SharedSupport/footprints//Capacitor_SMD.pretty'.
    Local override; warning
    @(91.2394 mm, 80.1370 mm): Footprint C3601
[lib_footprint_issues]: The footprint library 'Resistor_SMD' was not found at '/opt/homebrew/bin/SharedSupport/footprints//Resistor_SMD.pretty'.
    Local override; warning
    @(72.6846 mm, 131.7911 mm): Footprint R609
[lib_footprint_mismatch]: Footprint 'R0603' does not match copy in library '5v rail sm-easyedapro'.
    Local override; warning
    @(79.4512 mm, 71.9704 mm): Footprint R173
[lib_footprint_issues]: The footprint library 'Connector_PinHeader_2.54mm' was not found at '/opt/homebrew/bin/SharedSupport/footprints//Connector_PinHeader_2.54mm.pretty'.
    Local override; warning
    @(126.7650 mm, 45.9250 mm): Footprint J103
[lib_footprint_mismatch]: Footprint 'C0603' does not match copy in library '5v rail sm-easyedapro'.
    Local override; warning
    @(245.7907 mm, 152.3252 mm): Footprint C117
[lib_footprint_mismatch]: Footprint 'XL-1608UBC-04' does not match copy in library 'JLCImport'.
    Local override; warning
    @(173.5490 mm, 30.6438 mm): Footprint LED1
[lib_footprint_mismatch]: Footprint 'F1206' does not match copy in library '5v rail sm-easyedapro'.
    Local override; warning
    @(75.9500 mm, 76.6000 mm): Footprint F2
[lib_footprint_mismatch]: Footprint 'VH3_96-2P_WZ' does not match copy in library 'JLCImport'.
    Local override; warning
    @(105.4350 mm, 29.9500 mm): Footprint U401
[lib_footprint_mismatch]: Footprint 'ZX-XH2_54-4PWZ' does not match copy in library 'JLCImport'.
    Local override; warning
    @(79.2694 mm, 81.7515 mm): Footprint BatBalConn1
[lib_footprint_issues]: The footprint library 'Capacitor_SMD' was not found at '/opt/homebrew/bin/SharedSupport/footprints//Capacitor_SMD.pretty'.
    Local override; warning
    @(119.3900 mm, 62.8710 mm): Footprint C603
[lib_footprint_mismatch]: Footprint 'C1206' does not match copy in library 'EasyEDA'.
    Local override; warning
    @(48.8750 mm, 83.2100 mm): Footprint C1603
[lib_footprint_issues]: The footprint library 'Resistor_SMD' was not found at '/opt/homebrew/bin/SharedSupport/footprints//Resistor_SMD.pretty'.
    Local override; warning
    @(103.0752 mm, 77.6224 mm): Footprint R2005
[lib_footprint_mismatch]: Footprint 'TDSON-8_L5.9-W5.2-P1.27-BL-1' does not match copy in library 'EasyEDA'.
    Local override; warning
    @(107.9420 mm, 67.9196 mm): Footprint U1801
[lib_footprint_mismatch]: Footprint 'SMBJ24A_C224017' does not match copy in library 'JLCImport'.
    Local override; warning
    @(102.1913 mm, 62.6000 mm): Footprint D36
[lib_footprint_mismatch]: Footprint 'R0603' does not match copy in library '5v rail sm-easyedapro'.
    Local override; warning
    @(89.0000 mm, 77.3250 mm): Footprint R216
[lib_footprint_mismatch]: Footprint 'VH3_96-2P_WZ' does not match copy in library 'JLCImport'.
    Local override; warning
    @(96.6944 mm, 29.9589 mm): Footprint U42
[lib_footprint_mismatch]: Footprint 'R2512' does not match copy in library '5v rail sm-easyedapro'.
    Local override; warning
    @(100.2284 mm, 33.7058 mm): Footprint R112
[lib_footprint_mismatch]: Footprint 'TJ-S1608SW6THBLC2R-A5' does not match copy in library 'JLCImport'.
    Local override; warning
    @(0.5125 mm, 74.6500 mm): Footprint LED8
[lib_footprint_issues]: The footprint library 'Resistor_SMD' was not found at '/opt/homebrew/bin/SharedSupport/footprints//Resistor_SMD.pretty'.
    Local override; warning
    @(91.3130 mm, 79.1210 mm): Footprint R3601
[lib_footprint_mismatch]: Footprint 'BGA121C127P11X11_1500X1500X512N' does not match copy in library 'Snapeda'.
    Local override; warning
    @(88.0110 mm, 41.7830 mm): Footprint U47
[lib_footprint_mismatch]: Footprint 'HSOF-8_IPT007N06N' does not match copy in library '5v rail sm-easyedapro'.
    Local override; warning
    @(47.9625 mm, 64.9775 mm): Footprint Q13
[lib_footprint_issues]: The footprint library 'Capacitor_SMD' was not found at '/opt/homebrew/bin/SharedSupport/footprints//Capacitor_SMD.pretty'.
    Local override; warning
    @(126.6300 mm, 57.2710 mm): Footprint C608
[lib_footprint_mismatch]: Footprint 'C0603' does not match copy in library '5v rail sm-easyedapro'.
    Local override; warning
    @(92.2020 mm, 68.4530 mm): Footprint C130
[lib_footprint_issues]: The footprint library 'Capacitor_SMD' was not found at '/opt/homebrew/bin/SharedSupport/footprints//Capacitor_SMD.pretty'.
    Local override; warning
    @(71.7000 mm, 39.4000 mm): Footprint C2802
[lib_footprint_mismatch]: Footprint 'CL32B475KBUYNNE' does not match copy in library 'JLCImport'.
    Local override; warning
    @(109.2674 mm, 33.2500 mm): Footprint C1504
[lib_footprint_issues]: The footprint library 'Capacitor_SMD' was not found at '/opt/homebrew/bin/SharedSupport/footprints//Capacitor_SMD.pretty'.
    Local override; warning
    @(138.8110 mm, 66.0400 mm): Footprint C601
[lib_footprint_mismatch]: Footprint 'SOT-23-3_L3.0-W1.7-P0.95-LS2.9-BR' does not match copy in library '5v rail sm-easyedapro'.
    Local override; warning
    @(68.0720 mm, 43.0000 mm): Footprint Q10
[lib_footprint_mismatch]: Footprint 'HDR-TH_12P-P2.54-H-M-R3-C4_TSW-104-08-XXX-T-RA' does not match copy in library '5v rail sm-easyedapro'.
    Local override; warning
    @(34.1000 mm, 63.1550 mm): Footprint H4
[lib_footprint_mismatch]: Footprint 'CONN-TH_XF-507P' does not match copy in library '5v rail sm-easyedapro'.
    Local override; warning
    @(52.7500 mm, 79.1750 mm): Footprint F1
[lib_footprint_mismatch]: Footprint 'C0603' does not match copy in library '5v rail sm-easyedapro'.
    Local override; warning
    @(306.0782 mm, 167.0647 mm): Footprint C78
[lib_footprint_issues]: The footprint library 'Resistor_SMD' was not found at '/opt/homebrew/bin/SharedSupport/footprints//Resistor_SMD.pretty'.
    Local override; warning
    @(107.7722 mm, 75.5396 mm): Footprint R2004
[lib_footprint_mismatch]: Footprint 'RES-ARRAY-SMD_0603-8P-L3.2-W1.6-BL' does not match copy in library '5v rail sm-easyedapro'.
    Local override; warning
    @(77.4750 mm, 34.8250 mm): Footprint RN2
[lib_footprint_mismatch]: Footprint 'R0402' does not match copy in library '5v rail sm-easyedapro'.
    Local override; warning
    @(74.8435 mm, 44.1500 mm): Footprint R161
[lib_footprint_issues]: The footprint library 'Capacitor_SMD' was not found at '/opt/homebrew/bin/SharedSupport/footprints//Capacitor_SMD.pretty'.
    Local override; warning
    @(74.3450 mm, 36.1750 mm): Footprint C2803
[lib_footprint_mismatch]: Footprint 'POWERDI-5_L5.4-W4.0-LS6.5-RD' does not match copy in library '5v rail sm-easyedapro'.
    Local override; warning
    @(131.3320 mm, 52.0510 mm): Footprint D11
[lib_footprint_mismatch]: Footprint 'C0603' does not match copy in library '5v rail sm-easyedapro'.
    Local override; warning
    @(84.1756 mm, 71.9704 mm): Footprint C113
[lib_footprint_mismatch]: Footprint 'UWT1H221MNL1GS' does not match copy in library 'JLCImport'.
    Local override; warning
    @(114.4270 mm, 51.0540 mm): Footprint C602
[lib_footprint_issues]: The footprint library 'Capacitor_SMD' was not found at '/opt/homebrew/bin/SharedSupport/footprints//Capacitor_SMD.pretty'.
    Local override; warning
    @(82.7700 mm, 33.2750 mm): Footprint C1404
[lib_footprint_mismatch]: Footprint 'C0603' does not match copy in library '5v rail sm-easyedapro'.
    Local override; warning
    @(92.9640 mm, 66.3590 mm): Footprint C134
[lib_footprint_issues]: The footprint library 'Resistor_SMD' was not found at '/opt/homebrew/bin/SharedSupport/footprints//Resistor_SMD.pretty'.
    Local override; warning
    @(230.4278 mm, 28.6854 mm): Footprint R120
[lib_footprint_mismatch]: Footprint 'C0603' does not match copy in library '5v rail sm-easyedapro'.
    Local override; warning
    @(77.3000 mm, 44.8000 mm): Footprint C102
[lib_footprint_mismatch]: Footprint 'HSOF-8_IPT007N06N' does not match copy in library '5v rail sm-easyedapro'.
    Local override; warning
    @(47.9775 mm, 53.6590 mm): Footprint Q14
[lib_footprint_issues]: The footprint library 'Resistor_SMD' was not found at '/opt/homebrew/bin/SharedSupport/footprints//Resistor_SMD.pretty'.
    Local override; warning
    @(65.7606 mm, 39.2938 mm): Footprint R149
[lib_footprint_mismatch]: Footprint 'C0603' does not match copy in library '5v rail sm-easyedapro'.
    Local override; warning
    @(309.4602 mm, 121.1962 mm): Footprint C19
[lib_footprint_issues]: The footprint library 'Capacitor_SMD' was not found at '/opt/homebrew/bin/SharedSupport/footprints//Capacitor_SMD.pretty'.
    Local override; warning
    @(127.1500 mm, 60.6210 mm): Footprint C607
[lib_footprint_issues]: The footprint library 'Capacitor_SMD' was not found at '/opt/homebrew/bin/SharedSupport/footprints//Capacitor_SMD.pretty'.
    Local override; warning
    @(116.2050 mm, 39.8780 mm): Footprint C135
[lib_footprint_mismatch]: Footprint 'R0603' does not match copy in library '5v rail sm-easyedapro'.
    Local override; warning
    @(192.0350 mm, 89.6700 mm): Footprint R11
[lib_footprint_mismatch]: Footprint '0603WAF1500T5E' does not match copy in library 'JLCImport'.
    Local override; warning
    @(170.2524 mm, 27.1688 mm): Footprint R5
[lib_footprint_mismatch]: Footprint 'SOD-123_L2.8-W1.8-LS3.7-RD' does not match copy in library '5v rail sm-easyedapro'.
    Local override; warning
    @(73.8500 mm, 67.1250 mm): Footprint D22
[lib_footprint_mismatch]: Footprint 'CL32B226KAJNNNE' does not match copy in library 'JLCImport'.
    Local override; warning
    @(124.5362 mm, 30.9626 mm): Footprint C2704
[lib_footprint_mismatch]: Footprint 'HGC1206R5107M100NSPJ' does not match copy in library 'JLCImport'.
    Local override; warning
    @(224.6898 mm, 57.2938 mm): Footprint C10
[lib_footprint_mismatch]: Footprint 'R0603' does not match copy in library '5v rail sm-easyedapro'.
    Local override; warning
    @(206.4350 mm, 107.6100 mm): Footprint R107
[lib_footprint_mismatch]: Footprint 'CONN-TH_XT60PW-M' does not match copy in library '5v rail sm-easyedapro'.
    Local override; warning
    @(64.3362 mm, 75.8000 mm): Footprint -BatMains+1
[lib_footprint_mismatch]: Footprint 'TDSON-8_L5.9-W5.2-P1.27-BL-1' does not match copy in library 'EasyEDA'.
    Local override; warning
    @(117.5846 mm, 67.9146 mm): Footprint U801
[lib_footprint_issues]: The footprint library 'Resistor_SMD' was not found at '/opt/homebrew/bin/SharedSupport/footprints//Resistor_SMD.pretty'.
    Local override; warning
    @(115.8900 mm, 59.7510 mm): Footprint R606
[lib_footprint_mismatch]: Footprint 'SOD-123_L2.7-W1.6-LS3.7-RD' does not match copy in library '5v rail sm-easyedapro'.
    Local override; warning
    @(97.1042 mm, 77.9018 mm): Footprint D18
[lib_footprint_mismatch]: Footprint 'FRC0603F1001TS' does not match copy in library 'JLCImport'.
    Local override; warning
    @(170.2524 mm, 23.6438 mm): Footprint R8
[lib_footprint_mismatch]: Footprint 'C0603' does not match copy in library '5v rail sm-easyedapro'.
    Local override; warning
    @(233.9750 mm, 41.9000 mm): Footprint C79
[lib_footprint_mismatch]: Footprint 'DC-IN-TH_DC005' does not match copy in library '5v rail sm-easyedapro'.
    Local override; warning
    @(128.0292 mm, 78.5610 mm): Footprint DC2
[lib_footprint_mismatch]: Footprint 'R0603' does not match copy in library '5v rail sm-easyedapro'.
    Local override; warning
    @(91.5670 mm, 66.1670 mm): Footprint R213
[lib_footprint_mismatch]: Footprint 'C0603' does not match copy in library '5v rail sm-easyedapro'.
    Local override; warning
    @(245.7907 mm, 154.8352 mm): Footprint C118
[lib_footprint_issues]: The footprint library 'Connector_PinHeader_2.54mm' was not found at '/opt/homebrew/bin/SharedSupport/footprints//Connector_PinHeader_2.54mm.pretty'.
    Local override; warning
    @(90.4950 mm, 103.7400 mm): Footprint J102
[lib_footprint_mismatch]: Footprint 'SS54_C123946' does not match copy in library 'JLCImport'.
    Local override; warning
    @(105.0000 mm, 48.9500 mm): Footprint D35
[lib_footprint_mismatch]: Footprint 'TSOT-23-5_L2.9-W1.6-P0.95-LS2.8-BL' does not match copy in library '5v rail sm-easyedapro'.
    Local override; warning
    @(87.8840 mm, 67.0560 mm): Footprint U82
[lib_footprint_mismatch]: Footprint 'TPSC686M016R0200' does not match copy in library 'JLCImport'.
    Local override; warning
    @(100.3250 mm, 43.1113 mm): Footprint C1408
[lib_footprint_mismatch]: Footprint 'HDR-TH_2P-P2.54-V-M' does not match copy in library '5v rail sm-easyedapro'.
    Local override; warning
    @(297.0582 mm, 65.3502 mm): Footprint ONBOARD_5V1
[lib_footprint_mismatch]: Footprint 'UUD1H221MNL1GS' does not match copy in library 'JLCImport'.
    Local override; warning
    @(78.6679 mm, 59.3598 mm): Footprint C1402
[lib_footprint_mismatch]: Footprint 'TO-252-2_L6.6-W6.1-P4.58-LS9.9-TL' does not match copy in library '5v rail sm-easyedapro'.
    Local override; warning
    @(101.7300 mm, 72.2900 mm): Footprint Q9
[lib_footprint_mismatch]: Footprint 'SOT-23-5_L2.9-W1.6-P0.95-LS2.9-BL' does not match copy in library '5v rail sm-easyedapro'.
    Local override; warning
    @(265.4407 mm, 157.1902 mm): Footprint U67
[lib_footprint_mismatch]: Footprint 'XL-1608UBC-04' does not match copy in library 'JLCImport'.
    Local override; warning
    @(173.5490 mm, 28.8947 mm): Footprint LED2
[lib_footprint_mismatch]: Footprint 'R0603' does not match copy in library '5v rail sm-easyedapro'.
    Local override; warning
    @(155.8000 mm, 74.7750 mm): Footprint R21
[lib_footprint_mismatch]: Footprint 'TPS2121RUXR' does not match copy in library 'JLCImport'.
    Local override; warning
    @(119.3399 mm, 39.4661 mm): Footprint U103
[lib_footprint_issues]: The footprint library 'Resistor_SMD' was not found at '/opt/homebrew/bin/SharedSupport/footprints//Resistor_SMD.pretty'.
    Local override; warning
    @(114.6810 mm, 59.8170 mm): Footprint R603
[lib_footprint_mismatch]: Footprint '0603WAF3401T5E' does not match copy in library 'JLCImport'.
    Local override; warning
    @(134.4930 mm, 31.6144 mm): Footprint R12
[lib_footprint_mismatch]: Footprint 'C0603' does not match copy in library 'EasyEDA'.
    Local override; warning
    @(106.0000 mm, 41.5000 mm): Footprint C1501
[lib_footprint_mismatch]: Footprint 'SOD-123_L2.8-W1.8-LS3.7-RD' does not match copy in library '5v rail sm-easyedapro'.
    Local override; warning
    @(68.5835 mm, 64.1219 mm): Footprint D21
[lib_footprint_mismatch]: Footprint 'SOT-353_L2.1-W1.3-P0.65-LS2.3-BL' does not match copy in library '5v rail sm-easyedapro'.
    Local override; warning
    @(135.4500 mm, 36.0500 mm): Footprint U69
[lib_footprint_mismatch]: Footprint 'VKME1651E102MV' does not match copy in library 'JLCImport'.
    Local override; warning
    @(31.0749 mm, 75.4798 mm): Footprint C143
[lib_footprint_issues]: The footprint library 'Resistor_SMD' was not found at '/opt/homebrew/bin/SharedSupport/footprints//Resistor_SMD.pretty'.
    Local override; warning
    @(79.0468 mm, 39.2684 mm): Footprint R1401
[lib_footprint_mismatch]: Footprint 'R0402' does not match copy in library '5v rail sm-easyedapro'.
    Local override; warning
    @(74.8750 mm, 34.7500 mm): Footprint R166
[lib_footprint_mismatch]: Footprint 'R2512' does not match copy in library '5v rail sm-easyedapro'.
    Local override; warning
    @(81.6287 mm, 51.8414 mm): Footprint R1404
[lib_footprint_issues]: The footprint library 'Resistor_SMD' was not found at '/opt/homebrew/bin/SharedSupport/footprints//Resistor_SMD.pretty'.
    Local override; warning
    @(96.2500 mm, 59.3750 mm): Footprint R1907
[lib_footprint_mismatch]: Footprint 'C0805' does not match copy in library '5v rail sm-easyedapro'.
    Local override; warning
    @(77.3685 mm, 43.1685 mm): Footprint C103
[lib_footprint_mismatch]: Footprint 'C0603' does not match copy in library '5v rail sm-easyedapro'.
    Local override; warning
    @(118.9736 mm, 28.2194 mm): Footprint C99
[lib_footprint_mismatch]: Footprint 'R0402' does not match copy in library '5v rail sm-easyedapro'.
    Local override; warning
    @(70.2500 mm, 39.9500 mm): Footprint R163
[lib_footprint_mismatch]: Footprint 'C0603' does not match copy in library '5v rail sm-easyedapro'.
    Local override; warning
    @(192.0350 mm, 87.1600 mm): Footprint C15
[lib_footprint_mismatch]: Footprint 'CAP-SMD_BD6.3-L6.6-W6.6-LS7.6-RD' does not match copy in library '5v rail sm-easyedapro'.
    Local override; warning
    @(132.7000 mm, 42.6200 mm): Footprint C85
[lib_footprint_mismatch]: Footprint 'R2512' does not match copy in library '5v rail sm-easyedapro'.
    Local override; warning
    @(146.1500 mm, 64.5000 mm): Footprint R87
[lib_footprint_mismatch]: Footprint 'CAP-SMD_BD5.0-L5.3-W5.3-LS6.3-FD' does not match copy in library '5v rail sm-easyedapro'.
    Local override; warning
    @(44.6250 mm, 84.3250 mm): Footprint C68
[lib_footprint_mismatch]: Footprint 'XL-1608UBC-04' does not match copy in library 'JLCImport'.
    Local override; warning
    @(196.1046 mm, 79.7066 mm): Footprint AnyPower1
[lib_footprint_mismatch]: Footprint 'C0603' does not match copy in library '5v rail sm-easyedapro'.
    Local override; warning
    @(242.1950 mm, 12.7153 mm): Footprint C109
[lib_footprint_mismatch]: Footprint '0603WAF4021T5E_C23040' does not match copy in library 'JLCImport'.
    Local override; warning
    @(200.0813 mm, 103.1199 mm): Footprint R10
[lib_footprint_issues]: The footprint library 'Resistor_SMD' was not found at '/opt/homebrew/bin/SharedSupport/footprints//Resistor_SMD.pretty'.
    Local override; warning
    @(162.7250 mm, 72.9250 mm): Footprint R20
[lib_footprint_mismatch]: Footprint 'F1206' does not match copy in library '5v rail sm-easyedapro'.
    Local override; warning
    @(91.3750 mm, 72.9700 mm): Footprint F5
[lib_footprint_mismatch]: Footprint 'C0603' does not match copy in library '5v rail sm-easyedapro'.
    Local override; warning
    @(86.2076 mm, 76.7842 mm): Footprint C112
[lib_footprint_mismatch]: Footprint 'SOT-23-3_L3.0-W1.7-P0.95-LS2.9-BR' does not match copy in library '5v rail sm-easyedapro'.
    Local override; warning
    @(158.6725 mm, 74.7300 mm): Footprint Q3
[lib_footprint_mismatch]: Footprint 'R0603' does not match copy in library '5v rail sm-easyedapro'.
    Local override; warning
    @(118.5430 mm, 16.6400 mm): Footprint R69
[lib_footprint_mismatch]: Footprint 'VH3_96-2P_WZ' does not match copy in library 'JLCImport'.
    Local override; warning
    @(87.9100 mm, 29.9750 mm): Footprint U501
[lib_footprint_mismatch]: Footprint 'C0603' does not match copy in library '5v rail sm-easyedapro'.
    Local override; warning
    @(140.4500 mm, 47.2500 mm): Footprint C84
[lib_footprint_mismatch]: Footprint 'X1270WV-2X08B-6TV01' does not match copy in library 'JLCImport'.
    Local override; warning
    @(119.1042 mm, 21.7032 mm): Footprint U83
[lib_footprint_issues]: The footprint library 'Capacitor_SMD' was not found at '/opt/homebrew/bin/SharedSupport/footprints//Capacitor_SMD.pretty'.
    Local override; warning
    @(126.2100 mm, 64.1710 mm): Footprint C604
[lib_footprint_mismatch]: Footprint 'C0603' does not match copy in library '5v rail sm-easyedapro'.
    Local override; warning
    @(89.1540 mm, 73.7870 mm): Footprint C132
[lib_footprint_issues]: The footprint library 'Capacitor_SMD' was not found at '/opt/homebrew/bin/SharedSupport/footprints//Capacitor_SMD.pretty'.
    Local override; warning
    @(127.1400 mm, 64.1710 mm): Footprint C605
[lib_footprint_mismatch]: Footprint 'TSSOP-28_L9.7-W4.4-P0.65-LS6.4-TL' does not match copy in library '5v rail sm-easyedapro'.
    Local override; warning
    @(34.5044 mm, 24.9368 mm): Footprint U78
[lib_footprint_mismatch]: Footprint 'SMA_L4.3-W2.6-LS5.0-RD' does not match copy in library '5v rail sm-easyedapro'.
    Local override; warning
    @(41.9000 mm, 39.5000 mm): Footprint D10
[lib_footprint_issues]: The footprint library 'Resistor_SMD' was not found at '/opt/homebrew/bin/SharedSupport/footprints//Resistor_SMD.pretty'.
    Local override; warning
    @(125.2000 mm, 64.2100 mm): Footprint R604
[lib_footprint_mismatch]: Footprint 'R0603' does not match copy in library '5v rail sm-easyedapro'.
    Local override; warning
    @(192.0350 mm, 92.1800 mm): Footprint R15
[lib_footprint_issues]: The footprint library 'Resistor_SMD' was not found at '/opt/homebrew/bin/SharedSupport/footprints//Resistor_SMD.pretty'.
    Local override; warning
    @(109.0350 mm, 62.5250 mm): Footprint R1906
[lib_footprint_mismatch]: Footprint 'R0402' does not match copy in library '5v rail sm-easyedapro'.
    Local override; warning
    @(78.3185 mm, 41.2355 mm): Footprint R162
[lib_footprint_mismatch]: Footprint 'R1206' does not match copy in library '5v rail sm-easyedapro'.
    Local override; warning
    @(78.6000 mm, 67.1250 mm): Footprint R190
[lib_footprint_issues]: The footprint library 'Resistor_SMD' was not found at '/opt/homebrew/bin/SharedSupport/footprints//Resistor_SMD.pretty'.
    Local override; warning
    @(117.6020 mm, 40.7670 mm): Footprint R114
[lib_footprint_mismatch]: Footprint 'C0603' does not match copy in library '5v rail sm-easyedapro'.
    Local override; warning
    @(309.4602 mm, 118.5222 mm): Footprint C18
[lib_footprint_mismatch]: Footprint 'C0603' does not match copy in library '5v rail sm-easyedapro'.
    Local override; warning
    @(202.4250 mm, 115.1400 mm): Footprint C56
[lib_footprint_mismatch]: Footprint 'XL-1608UBC-04' does not match copy in library 'JLCImport'.
    Local override; warning
    @(173.5490 mm, 25.3964 mm): Footprint LED4
[lib_footprint_mismatch]: Footprint 'HDR-TH_12P-P2.54-H-M-R3-C4_TSW-104-08-XXX-T-RA' does not match copy in library '5v rail sm-easyedapro'.
    Local override; warning
    @(34.0477 mm, 52.2400 mm): Footprint H3
[lib_footprint_mismatch]: Footprint 'R0603' does not match copy in library '5v rail sm-easyedapro'.
    Local override; warning
    @(71.2470 mm, 45.8385 mm): Footprint R150
[lib_footprint_mismatch]: Footprint 'DFN1006-2L-RD' does not match copy in library '5v rail sm-easyedapro'.
    Local override; warning
    @(94.9960 mm, 71.2470 mm): Footprint D32
[lib_footprint_mismatch]: Footprint 'LED0603-RD_GREEN' does not match copy in library '5v rail sm-easyedapro'.
    Local override; warning
    @(72.8249 mm, 127.1803 mm): Footprint LED6
[lib_footprint_issues]: The footprint library 'Resistor_SMD' was not found at '/opt/homebrew/bin/SharedSupport/footprints//Resistor_SMD.pretty'.
    Local override; warning
    @(126.2100 mm, 62.2910 mm): Footprint R602
[lib_footprint_mismatch]: Footprint 'CAP-SMD_BD6.3-L6.6-W6.6-LS7.6-FD' does not match copy in library '5v rail sm-easyedapro'.
    Local override; warning
    @(125.0400 mm, 38.4447 mm): Footprint C98
[lib_footprint_mismatch]: Footprint 'stm32f7MikroeClick4Model' does not match copy in library '5v rail sm-easyedapro'.
    Local override; warning
    @(26.6024 mm, 83.6884 mm): Footprint H1
[lib_footprint_mismatch]: Footprint 'R3920' does not match copy in library '5v rail sm-easyedapro'.
    Local override; warning
    @(50.1142 mm, 36.1188 mm): Footprint R18
[lib_footprint_mismatch]: Footprint 'VFQFPN-24_L4.0-W4.0-P0.50-BL-EP2.8' does not match copy in library '5v rail sm-easyedapro'.
    Local override; warning
    @(106.2000 mm, 57.6000 mm): Footprint U62
[lib_footprint_mismatch]: Footprint 'FRC0603F1001TS' does not match copy in library 'JLCImport'.
    Local override; warning
    @(170.2524 mm, 28.9313 mm): Footprint R4
[lib_footprint_mismatch]: Footprint 'SOT-23-5_L2.9-W1.6-P0.95-LS2.9-BL' does not match copy in library '5v rail sm-easyedapro'.
    Local override; warning
    @(131.7830 mm, 31.9430 mm): Footprint U76
[lib_footprint_issues]: The footprint library 'Resistor_SMD' was not found at '/opt/homebrew/bin/SharedSupport/footprints//Resistor_SMD.pretty'.
    Local override; warning
    @(115.8240 mm, 29.2354 mm): Footprint R2701
[lib_footprint_mismatch]: Footprint 'POWERDI-5_L5.4-W4.0-LS6.5-RD' does not match copy in library '5v rail sm-easyedapro'.
    Local override; warning
    @(131.3340 mm, 56.6910 mm): Footprint D12
[lib_footprint_mismatch]: Footprint '0603WAF4021T5E_C23040' does not match copy in library 'JLCImport'.
    Local override; warning
    @(170.2524 mm, 25.4063 mm): Footprint R7
[lib_footprint_mismatch]: Footprint 'XL-1608UBC-04' does not match copy in library 'JLCImport'.
    Local override; warning
    @(173.5490 mm, 23.6473 mm): Footprint LED5
[lib_footprint_issues]: The footprint library 'Resistor_SMD' was not found at '/opt/homebrew/bin/SharedSupport/footprints//Resistor_SMD.pretty'.
    Local override; warning
    @(119.4000 mm, 63.8010 mm): Footprint R601
[lib_footprint_mismatch]: Footprint 'C0603' does not match copy in library '5v rail sm-easyedapro'.
    Local override; warning
    @(107.3500 mm, 61.1750 mm): Footprint C74
[lib_footprint_mismatch]: Footprint 'RVT1H220M0605' does not match copy in library 'JLCImport'.
    Local override; warning
    @(133.6040 mm, 64.8970 mm): Footprint C32
[lib_footprint_mismatch]: Footprint 'R0402' does not match copy in library '5v rail sm-easyedapro'.
    Local override; warning
    @(69.0628 mm, 134.0366 mm): Footprint R79
[lib_footprint_issues]: The footprint library 'Capacitor_SMD' was not found at '/opt/homebrew/bin/SharedSupport/footprints//Capacitor_SMD.pretty'.
    Local override; warning
    @(74.3000 mm, 42.7000 mm): Footprint C2801
[lib_footprint_mismatch]: Footprint 'R0402' does not match copy in library '5v rail sm-easyedapro'.
    Local override; warning
    @(73.7849 mm, 34.7500 mm): Footprint R165
[lib_footprint_mismatch]: Footprint 'C0603' does not match copy in library '5v rail sm-easyedapro'.
    Local override; warning
    @(102.9000 mm, 58.9500 mm): Footprint C16
[lib_footprint_mismatch]: Footprint 'SOD-128_L3.7-W2.5-LS4.7-RD' does not match copy in library '5v rail sm-easyedapro'.
    Local override; warning
    @(86.7410 mm, 72.0090 mm): Footprint U84
[lib_footprint_mismatch]: Footprint 'CONN-TH_XT60PW-M' does not match copy in library '5v rail sm-easyedapro'.
    Local override; warning
    @(34.1800 mm, 38.6500 mm): Footprint +ESC-CONNECTOR-1
[lib_footprint_mismatch]: Footprint 'R0603' does not match copy in library '5v rail sm-easyedapro'.
    Local override; warning
    @(115.5465 mm, 16.6250 mm): Footprint R71
[lib_footprint_mismatch]: Footprint 'GRM32ER71A476ME15L' does not match copy in library 'JLCImport'.
    Local override; warning
    @(39.9250 mm, 83.9674 mm): Footprint C1704
[lib_footprint_issues]: The footprint library 'Resistor_SMD' was not found at '/opt/homebrew/bin/SharedSupport/footprints//Resistor_SMD.pretty'.
    Local override; warning
    @(84.2010 mm, 32.8422 mm): Footprint R1403
[lib_footprint_mismatch]: Footprint 'SMBJ24A_C224017' does not match copy in library 'JLCImport'.
    Local override; warning
    @(105.0000 mm, 52.7000 mm): Footprint D17
[lib_footprint_mismatch]: Footprint 'HGC1206R5107M100NSPJ' does not match copy in library 'JLCImport'.
    Local override; warning
    @(224.6898 mm, 63.9690 mm): Footprint C12
[lib_footprint_mismatch]: Footprint 'C0603' does not match copy in library '5v rail sm-easyedapro'.
    Local override; warning
    @(130.1000 mm, 34.5000 mm): Footprint C107
[lib_footprint_mismatch]: Footprint 'CONN-SMD_5017' does not match copy in library '5v rail sm-easyedapro'.
    Local override; warning
    @(222.5390 mm, 78.3450 mm): Footprint CN2
[lib_footprint_mismatch]: Footprint '0603WAF4701T5E' does not match copy in library 'JLCImport'.
    Local override; warning
    @(170.2524 mm, 30.6938 mm): Footprint R2
[lib_footprint_mismatch]: Footprint 'LED0603-RD' does not match copy in library '5v rail sm-easyedapro'.
    Local override; warning
    @(72.8249 mm, 125.6848 mm): Footprint LED7
[lib_footprint_issues]: The footprint library 'Resistor_SMD' was not found at '/opt/homebrew/bin/SharedSupport/footprints//Resistor_SMD.pretty'.
    Local override; warning
    @(230.4278 mm, 23.6654 mm): Footprint R118
[lib_footprint_mismatch]: Footprint 'XL-1608UOC-06' does not match copy in library 'JLCImport'.
    Local override; warning
    @(162.6991 mm, 74.7500 mm): Footprint LED9
[lib_footprint_mismatch]: Footprint 'R0402' does not match copy in library '5v rail sm-easyedapro'.
    Local override; warning
    @(73.7435 mm, 44.1500 mm): Footprint R160
[lib_footprint_mismatch]: Footprint 'SW-SMD_L3.9-W3.0-P4.45' does not match copy in library '5v rail sm-easyedapro'.
    Local override; warning
    @(90.9320 mm, 87.4776 mm): Footprint BMS_Bypass_5V_SW3601
[lib_footprint_mismatch]: Footprint 'R0402' does not match copy in library '5v rail sm-easyedapro'.
    Local override; warning
    @(28.1190 mm, 19.5580 mm): Footprint R182
[lib_footprint_mismatch]: Footprint 'R0402' does not match copy in library '5v rail sm-easyedapro'.
    Local override; warning
    @(28.1190 mm, 21.8440 mm): Footprint R184
[lib_footprint_mismatch]: Footprint 'XL-1608UBC-04' does not match copy in library 'JLCImport'.
    Local override; warning
    @(173.5490 mm, 27.1456 mm): Footprint LED3
[lib_footprint_mismatch]: Footprint 'F1206' does not match copy in library '5v rail sm-easyedapro'.
    Local override; warning
    @(78.3875 mm, 76.6000 mm): Footprint F3
[lib_footprint_issues]: The footprint library 'Resistor_SMD' was not found at '/opt/homebrew/bin/SharedSupport/footprints//Resistor_SMD.pretty'.
    Local override; warning
    @(86.9950 mm, 32.8442 mm): Footprint R1405
[lib_footprint_mismatch]: Footprint 'L2N7002SLLT1G' does not match copy in library 'JLCImport'.
    Local override; warning
    @(122.9000 mm, 64.0987 mm): Footprint Q1
[lib_footprint_mismatch]: Footprint 'F1206' does not match copy in library '5v rail sm-easyedapro'.
    Local override; warning
    @(80.8250 mm, 76.6000 mm): Footprint F4
[lib_footprint_issues]: The footprint library 'Resistor_SMD' was not found at '/opt/homebrew/bin/SharedSupport/footprints//Resistor_SMD.pretty'.
    Local override; warning
    @(115.8900 mm, 61.6110 mm): Footprint R605
[lib_footprint_mismatch]: Footprint 'R0402' does not match copy in library '5v rail sm-easyedapro'.
    Local override; warning
    @(69.6128 mm, 113.2266 mm): Footprint R77
[lib_footprint_mismatch]: Footprint 'C0603' does not match copy in library '5v rail sm-easyedapro'.
    Local override; warning
    @(77.8764 mm, 71.9704 mm): Footprint C110
[lib_footprint_mismatch]: Footprint 'SOD-323_L1.8-W1.3-LS2.5-RD' does not match copy in library '5v rail sm-easyedapro'.
    Local override; warning
    @(54.3250 mm, 60.2750 mm): Footprint D29
[lib_footprint_mismatch]: Footprint 'C0805' does not match copy in library '5v rail sm-easyedapro'.
    Local override; warning
    @(74.2250 mm, 25.0750 mm): Footprint C3
[lib_footprint_mismatch]: Footprint 'C0603' does not match copy in library '5v rail sm-easyedapro'.
    Local override; warning
    @(76.6572 mm, 63.8048 mm): Footprint C114
[lib_footprint_mismatch]: Footprint 'R0603' does not match copy in library '5v rail sm-easyedapro'.
    Local override; warning
    @(137.1000 mm, 35.1465 mm): Footprint R147
[lib_footprint_mismatch]: Footprint 'SOD-123_L2.7-W1.6-LS3.7-RD' does not match copy in library '5v rail sm-easyedapro'.
    Local override; warning
    @(47.5453 mm, 66.9250 mm): Footprint D24
[lib_footprint_mismatch]: Footprint 'SOD-123_L2.7-W1.6-LS3.7-RD' does not match copy in library '5v rail sm-easyedapro'.
    Local override; warning
    @(57.0000 mm, 55.3500 mm): Footprint D28
[lib_footprint_mismatch]: Footprint 'EXB2HV102JV' does not match copy in library 'JLCImport'.
    Local override; warning
    @(145.9157 mm, 55.2899 mm): Footprint U303
[lib_footprint_mismatch]: Footprint 'EXB2HV102JV' does not match copy in library 'JLCImport'.
    Local override; warning
    @(56.9751 mm, 22.3421 mm): Footprint U3403
[lib_footprint_mismatch]: Footprint 'TAJA106K016RNJ' does not match copy in library 'JLCImport'.
    Local override; warning
    @(118.6000 mm, 26.0500 mm): Footprint C2601
[lib_footprint_mismatch]: Footprint 'SMBJ24A_C224017' does not match copy in library 'JLCImport'.
    Local override; warning
    @(126.1500 mm, 68.9500 mm): Footprint D101
[lib_footprint_mismatch]: Footprint 'C0603' does not match copy in library '5v rail sm-easyedapro'.
    Local override; warning
    @(61.8500 mm, 25.2175 mm): Footprint C141
[lib_footprint_mismatch]: Footprint 'SOD-123_L2.8-W1.8-LS3.7-RD' does not match copy in library '5v rail sm-easyedapro'.
    Local override; warning
    @(57.8500 mm, 59.4500 mm): Footprint D27
[lib_footprint_mismatch]: Footprint 'TDSON-8_L5.9-W5.2-P1.27-BL-1' does not match copy in library 'EasyEDA'.
    Local override; warning
    @(76.6800 mm, 44.1000 mm): Footprint U901
[lib_footprint_mismatch]: Footprint 'C0805' does not match copy in library '5v rail sm-easyedapro'.
    Local override; warning
    @(117.4739 mm, 52.8250 mm): Footprint C21
[lib_footprint_issues]: The footprint library 'Capacitor_SMD' was not found at '/opt/homebrew/bin/SharedSupport/footprints//Capacitor_SMD.pretty'.
    Local override; warning
    @(77.8256 mm, 86.0064 mm): Footprint C3603
[lib_footprint_mismatch]: Footprint 'SOT-23_L2.9-W1.3-P1.90-LS2.4-BR' does not match copy in library '5v rail sm-easyedapro'.
    Local override; warning
    @(51.4000 mm, 60.4000 mm): Footprint Q16
[lib_footprint_mismatch]: Footprint 'C0603' does not match copy in library '5v rail sm-easyedapro'.
    Local override; warning
    @(90.6000 mm, 67.1500 mm): Footprint C119
[lib_footprint_issues]: The footprint library 'Capacitor_SMD' was not found at '/opt/homebrew/bin/SharedSupport/footprints//Capacitor_SMD.pretty'.
    Local override; warning
    @(91.5800 mm, 53.5500 mm): Footprint C1406
[lib_footprint_mismatch]: Footprint 'C1210' does not match copy in library '5v rail sm-easyedapro'.
    Local override; warning
    @(40.1776 mm, 75.6828 mm): Footprint C66
[lib_footprint_issues]: The footprint library 'Resistor_SMD' was not found at '/opt/homebrew/bin/SharedSupport/footprints//Resistor_SMD.pretty'.
    Local override; warning
    @(106.1720 mm, 72.6674 mm): Footprint R2001
[lib_footprint_issues]: The footprint library 'Capacitor_SMD' was not found at '/opt/homebrew/bin/SharedSupport/footprints//Capacitor_SMD.pretty'.
    Local override; warning
    @(97.6500 mm, 43.5950 mm): Footprint C1003
[lib_footprint_mismatch]: Footprint 'C0603' does not match copy in library '5v rail sm-easyedapro'.
    Local override; warning
    @(88.0000 mm, 25.7000 mm): Footprint C502
[lib_footprint_issues]: The footprint library 'Capacitor_SMD' was not found at '/opt/homebrew/bin/SharedSupport/footprints//Capacitor_SMD.pretty'.
    Local override; warning
    @(104.1629 mm, 43.5450 mm): Footprint C1001
[lib_footprint_mismatch]: Footprint 'SOT-23-6_L2.9-W1.6-P0.95-LS2.8-BL' does not match copy in library '5v rail sm-easyedapro'.
    Local override; warning
    @(91.0800 mm, 55.9510 mm): Footprint U44
[lib_footprint_mismatch]: Footprint 'R0603' does not match copy in library '5v rail sm-easyedapro'.
    Local override; warning
    @(122.8500 mm, 25.2500 mm): Footprint R52
[lib_footprint_mismatch]: Footprint 'R0603' does not match copy in library '5v rail sm-easyedapro'.
    Local override; warning
    @(76.5000 mm, 61.5000 mm): Footprint R215
[lib_footprint_mismatch]: Footprint 'SOD-123FL_L2.8-W1.8-LS3.6-RD' does not match copy in library '5v rail sm-easyedapro'.
    Local override; warning
    @(96.6964 mm, 32.7045 mm): Footprint D14
[lib_footprint_issues]: The footprint library 'Resistor_SMD' was not found at '/opt/homebrew/bin/SharedSupport/footprints//Resistor_SMD.pretty'.
    Local override; warning
    @(109.1966 mm, 75.9968 mm): Footprint R2008
[lib_footprint_issues]: The footprint library 'Resistor_SMD' was not found at '/opt/homebrew/bin/SharedSupport/footprints//Resistor_SMD.pretty'.
    Local override; warning
    @(78.7654 mm, 84.1268 mm): Footprint R3612
[lib_footprint_issues]: The footprint library 'Resistor_SMD' was not found at '/opt/homebrew/bin/SharedSupport/footprints//Resistor_SMD.pretty'.
    Local override; warning
    @(37.5000 mm, 83.5000 mm): Footprint R1701
[lib_footprint_issues]: The footprint library 'Resistor_SMD' was not found at '/opt/homebrew/bin/SharedSupport/footprints//Resistor_SMD.pretty'.
    Local override; warning
    @(38.4000 mm, 79.5000 mm): Footprint R1702
[lib_footprint_issues]: The footprint library 'Resistor_SMD' was not found at '/opt/homebrew/bin/SharedSupport/footprints//Resistor_SMD.pretty'.
    Local override; warning
    @(78.7654 mm, 86.0064 mm): Footprint R3610
[lib_footprint_issues]: The footprint library 'Resistor_SMD' was not found at '/opt/homebrew/bin/SharedSupport/footprints//Resistor_SMD.pretty'.
    Local override; warning
    @(48.7900 mm, 84.9500 mm): Footprint R1704
[lib_footprint_issues]: The footprint library 'Resistor_SMD' was not found at '/opt/homebrew/bin/SharedSupport/footprints//Resistor_SMD.pretty'.
    Local override; warning
    @(75.9460 mm, 86.0038 mm): Footprint R3609
[lib_footprint_issues]: The footprint library 'Connector_PinHeader_2.54mm' was not found at '/opt/homebrew/bin/SharedSupport/footprints//Connector_PinHeader_2.54mm.pretty'.
    Local override; warning
    @(136.6900 mm, 28.3000 mm): Footprint J101
[lib_footprint_issues]: The footprint library 'Capacitor_SMD' was not found at '/opt/homebrew/bin/SharedSupport/footprints//Capacitor_SMD.pretty'.
    Local override; warning
    @(100.8799 mm, 41.1000 mm): Footprint C1002
[lib_footprint_issues]: The footprint library 'NetTie' was not found at '/opt/homebrew/bin/SharedSupport/footprints//NetTie.pretty'.
    Local override; warning
    @(133.7297 mm, 23.8760 mm): Footprint NT7
[lib_footprint_issues]: The footprint library 'Resistor_SMD' was not found at '/opt/homebrew/bin/SharedSupport/footprints//Resistor_SMD.pretty'.
    Local override; warning
    @(38.7350 mm, 83.5000 mm): Footprint R1703
[lib_footprint_issues]: The footprint library 'Resistor_SMD' was not found at '/opt/homebrew/bin/SharedSupport/footprints//Resistor_SMD.pretty'.
    Local override; warning
    @(119.8880 mm, 41.5290 mm): Footprint R113
[lib_footprint_issues]: The footprint library 'Resistor_SMD' was not found at '/opt/homebrew/bin/SharedSupport/footprints//Resistor_SMD.pretty'.
    Local override; warning
    @(111.3000 mm, 57.7000 mm): Footprint R1903
[lib_footprint_issues]: The footprint library 'NetTie' was not found at '/opt/homebrew/bin/SharedSupport/footprints//NetTie.pretty'.
    Local override; warning
    @(83.5750 mm, 79.9500 mm): Footprint NT1
[lib_footprint_issues]: The footprint library 'Resistor_SMD' was not found at '/opt/homebrew/bin/SharedSupport/footprints//Resistor_SMD.pretty'.
    Local override; warning
    @(131.7752 mm, 25.0566 mm): Footprint R14
[lib_footprint_issues]: The footprint library 'Capacitor_SMD' was not found at '/opt/homebrew/bin/SharedSupport/footprints//Capacitor_SMD.pretty'.
    Local override; warning
    @(116.4590 mm, 39.8780 mm): Footprint C101
[lib_footprint_issues]: The footprint library 'Resistor_SMD' was not found at '/opt/homebrew/bin/SharedSupport/footprints//Resistor_SMD.pretty'.
    Local override; warning
    @(117.2288 mm, 70.5500 mm): Footprint R2010
[lib_footprint_issues]: The footprint library 'Resistor_SMD' was not found at '/opt/homebrew/bin/SharedSupport/footprints//Resistor_SMD.pretty'.
    Local override; warning
    @(118.4148 mm, 32.9692 mm): Footprint R2704
[lib_footprint_issues]: The footprint library 'Capacitor_SMD' was not found at '/opt/homebrew/bin/SharedSupport/footprints//Capacitor_SMD.pretty'.
    Local override; warning
    @(78.1050 mm, 59.0550 mm): Footprint C116
[lib_footprint_issues]: The footprint library 'NetTie' was not found at '/opt/homebrew/bin/SharedSupport/footprints//NetTie.pretty'.
    Local override; warning
    @(68.4500 mm, 75.6750 mm): Footprint NT2
[lib_footprint_issues]: The footprint library 'Resistor_SMD' was not found at '/opt/homebrew/bin/SharedSupport/footprints//Resistor_SMD.pretty'.
    Local override; warning
    @(125.4719 mm, 34.0251 mm): Footprint R2705
[lib_footprint_issues]: The footprint library 'Capacitor_SMD' was not found at '/opt/homebrew/bin/SharedSupport/footprints//Capacitor_SMD.pretty'.
    Local override; warning
    @(48.6664 mm, 82.2527 mm): Footprint C1701
[lib_footprint_issues]: The footprint library 'Resistor_SMD' was not found at '/opt/homebrew/bin/SharedSupport/footprints//Resistor_SMD.pretty'.
    Local override; warning
    @(112.2118 mm, 70.6000 mm): Footprint R2009
[lib_footprint_issues]: The footprint library 'Capacitor_SMD' was not found at '/opt/homebrew/bin/SharedSupport/footprints//Capacitor_SMD.pretty'.
    Local override; warning
    @(76.9112 mm, 86.0064 mm): Footprint C3602
[lib_footprint_issues]: The footprint library 'Resistor_SMD' was not found at '/opt/homebrew/bin/SharedSupport/footprints//Resistor_SMD.pretty'.
    Local override; warning
    @(47.3000 mm, 84.4750 mm): Footprint R1705
[lib_footprint_issues]: The footprint library 'Resistor_SMD' was not found at '/opt/homebrew/bin/SharedSupport/footprints//Resistor_SMD.pretty'.
    Local override; warning
    @(69.0890 mm, 81.7118 mm): Footprint R3603
[lib_footprint_issues]: The footprint library 'Resistor_SMD' was not found at '/opt/homebrew/bin/SharedSupport/footprints//Resistor_SMD.pretty'.
    Local override; warning
    @(107.5944 mm, 73.1266 mm): Footprint R2007
[lib_footprint_issues]: The footprint library 'Fuse' was not found at '/opt/homebrew/bin/SharedSupport/footprints//Fuse.pretty'.
    Local override; warning
    @(72.3362 mm, 84.6074 mm): Footprint F3602
[lib_footprint_issues]: The footprint library 'Fuse' was not found at '/opt/homebrew/bin/SharedSupport/footprints//Fuse.pretty'.
    Local override; warning
    @(72.3412 mm, 86.8754 mm): Footprint F3601
[lib_footprint_issues]: The footprint library 'Resistor_SMD' was not found at '/opt/homebrew/bin/SharedSupport/footprints//Resistor_SMD.pretty'.
    Local override; warning
    @(75.9460 mm, 84.1502 mm): Footprint R3611
[lib_footprint_issues]: The footprint library 'Capacitor_SMD' was not found at '/opt/homebrew/bin/SharedSupport/footprints//Capacitor_SMD.pretty'.
    Local override; warning
    @(91.8450 mm, 52.3000 mm): Footprint C1407
[lib_footprint_issues]: The footprint library 'Resistor_SMD' was not found at '/opt/homebrew/bin/SharedSupport/footprints//Resistor_SMD.pretty'.
    Local override; warning
    @(118.1080 mm, 31.7500 mm): Footprint R2703
[lib_footprint_issues]: The footprint library 'Resistor_SMD' was not found at '/opt/homebrew/bin/SharedSupport/footprints//Resistor_SMD.pretty'.
    Local override; warning
    @(93.2180 mm, 79.9592 mm): Footprint R3602
[lib_footprint_issues]: The footprint library 'Resistor_SMD' was not found at '/opt/homebrew/bin/SharedSupport/footprints//Resistor_SMD.pretty'.
    Local override; warning
    @(135.7376 mm, 25.0566 mm): Footprint R13
[lib_footprint_issues]: The footprint library 'Resistor_SMD' was not found at '/opt/homebrew/bin/SharedSupport/footprints//Resistor_SMD.pretty'.
    Local override; warning
    @(99.7712 mm, 77.8002 mm): Footprint R2002
[lib_footprint_issues]: The footprint library 'Resistor_SMD' was not found at '/opt/homebrew/bin/SharedSupport/footprints//Resistor_SMD.pretty'.
    Local override; warning
    @(110.8500 mm, 56.3000 mm): Footprint R1901
[lib_footprint_issues]: The footprint library 'Resistor_SMD' was not found at '/opt/homebrew/bin/SharedSupport/footprints//Resistor_SMD.pretty'.
    Local override; warning
    @(108.0262 mm, 78.4606 mm): Footprint R2006
[text_thickness]: Text thickness out of range (board setup constraints silk text thickness min thickness 0.0800 mm; actual 0.0600 mm)
    Rule: board setup constraints silk text thickness; warning
    @(116.2050 mm, 39.8780 mm): Footprint text of C135 (C135)
[text_height]: Text height out of range (board setup constraints silk text height min height 0.8000 mm; actual 0.4000 mm)
    Rule: board setup constraints silk text height; warning
    @(116.2050 mm, 39.8780 mm): Footprint text of C135 (C135)
[text_thickness]: Text thickness out of range (board setup constraints silk text thickness min thickness 0.0800 mm; actual 0.0600 mm)
    Rule: board setup constraints silk text thickness; warning
    @(116.4590 mm, 39.8780 mm): Footprint text of C101 (C101)
[text_height]: Text height out of range (board setup constraints silk text height min height 0.8000 mm; actual 0.4000 mm)
    Rule: board setup constraints silk text height; warning
    @(116.4590 mm, 39.8780 mm): Footprint text of C101 (C101)
[text_thickness]: Text thickness out of range (board setup constraints silk text thickness min thickness 0.0800 mm; actual 0.0600 mm)
    Rule: board setup constraints silk text thickness; warning
    @(48.6664 mm, 82.2527 mm): Footprint text of C1701 (C1701)
[text_height]: Text height out of range (board setup constraints silk text height min height 0.8000 mm; actual 0.4000 mm)
    Rule: board setup constraints silk text height; warning
    @(48.6664 mm, 82.2527 mm): Footprint text of C1701 (C1701)
[text_thickness]: Text thickness out of range (board setup constraints silk text thickness min thickness 0.0800 mm; actual 0.0600 mm)
    Rule: board setup constraints silk text thickness; warning
    @(91.8450 mm, 52.3000 mm): Footprint text of C1407 (C1407)
[text_height]: Text height out of range (board setup constraints silk text height min height 0.8000 mm; actual 0.4000 mm)
    Rule: board setup constraints silk text height; warning
    @(91.8450 mm, 52.3000 mm): Footprint text of C1407 (C1407)
[silk_over_copper]: Silkscreen clipped by solder mask
    Local override; warning
    @(95.6108 mm, 58.7679 mm): Polygon on F.Silkscreen
[silk_over_copper]: Silkscreen clipped by solder mask
    Local override; warning
    @(95.5352 mm, 61.2828 mm): Polygon on F.Silkscreen
[silk_over_copper]: Silkscreen clipped by solder mask
    Local override; warning
    @(95.3036 mm, 59.5434 mm): Polygon on F.Silkscreen
[silk_over_copper]: Silkscreen clipped by solder mask
    Local override; warning
    @(138.4750 mm, 89.8000 mm): PCB text 'SVEA PMB rev3
Nils Kiefer 2026
github.com/nilskiefer' on F.Silkscreen
[silk_over_copper]: Silkscreen clipped by solder mask
    Local override; warning
    @(36.2750 mm, 83.3250 mm): Circle of C1601 on F.Silkscreen
[silk_over_copper]: Silkscreen clipped by solder mask
    Local override; warning
    @(275.2607 mm, 149.7452 mm): Reference field of C80
[silk_over_copper]: Silkscreen clipped by solder mask
    Local override; warning
    @(104.5500 mm, 43.6000 mm): Circle of C1503 on F.Silkscreen
[silk_over_copper]: Silkscreen clipped by solder mask
    Local override; warning
    @(86.9250 mm, 89.0850 mm): Segment of warninglogo1 on F.Silkscreen
[silk_over_copper]: Silkscreen clipped by solder mask
    Local override; warning
    @(90.9250 mm, 82.1650 mm): Segment of warninglogo1 on F.Silkscreen
[silk_over_copper]: Silkscreen clipped by solder mask
    Local override; warning
    @(108.9500 mm, 36.4000 mm): Circle of C1502 on F.Silkscreen
[silk_over_copper]: Silkscreen clipped by solder mask
    Local override; warning
    @(102.3042 mm, 79.4394 mm): Reference field of USB2002
[silk_over_copper]: Silkscreen clipped by solder mask
    Local override; warning
    @(139.4500 mm, 31.9700 mm): Segment of CN2301 on F.Silkscreen
[silk_over_copper]: Silkscreen clipped by solder mask
    Local override; warning
    @(139.4500 mm, 41.0871 mm): Segment of CN2301 on F.Silkscreen
[silk_over_copper]: Silkscreen clipped by solder mask
    Local override; warning
    @(139.4500 mm, 42.2301 mm): Segment of CN2301 on F.Silkscreen
[silk_over_copper]: Silkscreen clipped by solder mask
    Local override; warning
    @(63.2470 mm, 40.9750 mm): Reference field of R148
[silk_over_copper]: Silkscreen clipped by solder mask
    Local override; warning
    @(117.9331 mm, 33.8340 mm): Circle of U74 on F.Silkscreen
[silk_over_copper]: Silkscreen clipped by solder mask
    Local override; warning
    @(141.2000 mm, 44.9000 mm): Circle of U70 on F.Silkscreen
[silk_over_copper]: Silkscreen clipped by solder mask
    Local override; warning
    @(59.6500 mm, 71.2600 mm): Reference field of D1
[silk_over_copper]: Silkscreen clipped by solder mask
    Local override; warning
    @(37.3500 mm, 81.1000 mm): Circle of C1602 on F.Silkscreen
[silk_over_copper]: Silkscreen clipped by solder mask
    Local override; warning
    @(245.7907 mm, 154.2552 mm): Reference field of C117
[silk_over_copper]: Silkscreen clipped by solder mask
    Local override; warning
    @(48.0750 mm, 81.6100 mm): Circle of C1603 on F.Silkscreen
[silk_over_copper]: Silkscreen clipped by solder mask
    Local override; warning
    @(68.0720 mm, 39.8300 mm): Reference field of Q10
[silk_over_copper]: Silkscreen clipped by solder mask
    Local override; warning
    @(230.4278 mm, 27.2554 mm): Reference field of R120
[silk_over_copper]: Silkscreen clipped by solder mask
    Local override; warning
    @(116.2050 mm, 39.8780 mm): Footprint text of C135 (C135)
[silk_over_copper]: Silkscreen clipped by solder mask
    Local override; warning
    @(192.0350 mm, 91.6200 mm): Reference field of R11
[silk_over_copper]: Silkscreen clipped by solder mask
    Local override; warning
    @(96.1782 mm, 76.5258 mm): Segment of D18 on F.Silkscreen
[silk_over_copper]: Silkscreen clipped by solder mask
    Local override; warning
    @(98.0302 mm, 76.5258 mm): Segment of D18 on F.Silkscreen
[silk_over_copper]: Silkscreen clipped by solder mask
    Local override; warning
    @(106.4000 mm, 42.3000 mm): Circle of C1501 on F.Silkscreen
[silk_over_copper]: Silkscreen clipped by solder mask
    Local override; warning
    @(192.0350 mm, 89.0900 mm): Reference field of C15
[silk_over_copper]: Silkscreen clipped by solder mask
    Local override; warning
    @(38.3900 mm, 39.5000 mm): Reference field of D10
[silk_over_copper]: Silkscreen clipped by solder mask
    Local override; warning
    @(192.0350 mm, 94.1300 mm): Reference field of R15
[silk_over_copper]: Silkscreen clipped by solder mask
    Local override; warning
    @(131.3340 mm, 52.4210 mm): Reference field of D12
[silk_over_copper]: Silkscreen clipped by solder mask
    Local override; warning
    @(51.9950 mm, 60.2750 mm): Reference field of D29
[silk_over_copper]: Silkscreen clipped by solder mask
    Local override; warning
    @(74.6260 mm, 24.1715 mm): Segment of C3 on B.Silkscreen
[silk_over_copper]: Silkscreen clipped by solder mask
    Local override; warning
    @(78.5872 mm, 63.8048 mm): Reference field of C114
[silk_over_copper]: Silkscreen clipped by solder mask
    Local override; warning
    @(44.9353 mm, 66.9250 mm): Reference field of D24
[silk_over_copper]: Silkscreen clipped by solder mask
    Local override; warning
    @(46.6193 mm, 65.5490 mm): Segment of D24 on B.Silkscreen
[silk_over_copper]: Silkscreen clipped by solder mask
    Local override; warning
    @(48.4713 mm, 65.5490 mm): Segment of D24 on B.Silkscreen
[silk_over_copper]: Silkscreen clipped by solder mask
    Local override; warning
    @(56.0740 mm, 53.9740 mm): Segment of D28 on B.Silkscreen
[silk_over_copper]: Silkscreen clipped by solder mask
    Local override; warning
    @(57.9260 mm, 53.9740 mm): Segment of D28 on B.Silkscreen
[silk_over_copper]: Silkscreen clipped by solder mask
    Local override; warning
    @(115.6000 mm, 27.5500 mm): Segment of C2601 on B.Silkscreen
[silk_over_copper]: Silkscreen clipped by solder mask
    Local override; warning
    @(57.8500 mm, 56.7200 mm): Reference field of D27
[silk_over_copper]: Silkscreen clipped by solder mask
    Local override; warning
    @(51.4000 mm, 57.2700 mm): Reference field of Q16
[silk_over_copper]: Silkscreen clipped by solder mask
    Local override; warning
    @(76.5000 mm, 59.5500 mm): Reference field of R215
[silk_over_copper]: Silkscreen clipped by solder mask
    Local override; warning
    @(96.6964 mm, 29.9745 mm): Reference field of D14
[silk_over_copper]: Silkscreen clipped by solder mask
    Local override; warning
    @(59.5255 mm, 50.4808 mm): Polygon of frankyface101 on B.Silkscreen
[silk_over_copper]: Silkscreen clipped by solder mask
    Local override; warning
    @(65.9796 mm, 54.5677 mm): Polygon of frankyface101 on B.Silkscreen
[silk_over_copper]: Silkscreen clipped by solder mask
    Local override; warning
    @(71.1577 mm, 42.7653 mm): Polygon of frankyface101 on B.Silkscreen
[silk_over_copper]: Silkscreen clipped by solder mask
    Local override; warning
    @(72.3244 mm, 42.1425 mm): Polygon of frankyface101 on B.Silkscreen
[silk_over_copper]: Silkscreen clipped by solder mask
    Local override; warning
    @(71.5632 mm, 42.9492 mm): Polygon of frankyface101 on B.Silkscreen
[silk_over_copper]: Silkscreen clipped by solder mask
    Local override; warning
    @(69.5307 mm, 43.6442 mm): Polygon of frankyface101 on B.Silkscreen
[silk_over_copper]: Silkscreen clipped by solder mask
    Local override; warning
    @(69.0558 mm, 41.9472 mm): Polygon of frankyface101 on B.Silkscreen
[silk_over_copper]: Silkscreen clipped by solder mask
    Local override; warning
    @(72.0352 mm, 42.7829 mm): Polygon of frankyface101 on B.Silkscreen
[silk_over_copper]: Silkscreen clipped by solder mask
    Local override; warning
    @(68.7794 mm, 42.7395 mm): Polygon of frankyface101 on B.Silkscreen
[silk_over_copper]: Silkscreen clipped by solder mask
    Local override; warning
    @(72.3313 mm, 43.2964 mm): Polygon of frankyface101 on B.Silkscreen
[silk_over_copper]: Silkscreen clipped by solder mask
    Local override; warning
    @(68.1629 mm, 42.4432 mm): Polygon of frankyface101 on B.Silkscreen
[silk_over_copper]: Silkscreen clipped by solder mask
    Local override; warning
    @(72.3749 mm, 42.5341 mm): Polygon of frankyface101 on B.Silkscreen
[silk_over_copper]: Silkscreen clipped by solder mask
    Local override; warning
    @(72.6714 mm, 42.4925 mm): Polygon of frankyface101 on B.Silkscreen
[silk_over_copper]: Silkscreen clipped by solder mask
    Local override; warning
    @(71.3857 mm, 43.3789 mm): Polygon of frankyface101 on B.Silkscreen
[silk_over_copper]: Silkscreen clipped by solder mask
    Local override; warning
    @(70.4113 mm, 42.6633 mm): Polygon of frankyface101 on B.Silkscreen
[silk_over_copper]: Silkscreen clipped by solder mask
    Local override; warning
    @(56.0152 mm, 59.9245 mm): Polygon of frankyface101 on B.Silkscreen
[silk_over_copper]: Silkscreen clipped by solder mask
    Local override; warning
    @(56.0851 mm, 60.1086 mm): Polygon of frankyface101 on B.Silkscreen
[silk_over_copper]: Silkscreen clipped by solder mask
    Local override; warning
    @(60.8793 mm, 51.2598 mm): Polygon of frankyface101 on B.Silkscreen
[silk_over_copper]: Silkscreen clipped by solder mask
    Local override; warning
    @(69.1184 mm, 60.9631 mm): Polygon of frankyface101 on B.Silkscreen
[silk_over_copper]: Silkscreen clipped by solder mask
    Local override; warning
    @(62.1800 mm, 46.1598 mm): Polygon of frankyface101 on B.Silkscreen
[silk_over_copper]: Silkscreen clipped by solder mask
    Local override; warning
    @(59.9635 mm, 52.6085 mm): Polygon of frankyface101 on B.Silkscreen
[silk_over_copper]: Silkscreen clipped by solder mask
    Local override; warning
    @(63.3586 mm, 54.5424 mm): Polygon of frankyface101 on B.Silkscreen
[silk_over_copper]: Silkscreen clipped by solder mask
    Local override; warning
    @(62.5920 mm, 39.7762 mm): Polygon of frankyface101 on B.Silkscreen
[silk_over_copper]: Silkscreen clipped by solder mask
    Local override; warning
    @(64.9724 mm, 40.8296 mm): Polygon of frankyface101 on B.Silkscreen
[silk_over_copper]: Silkscreen clipped by solder mask
    Local override; warning
    @(55.4440 mm, 63.1285 mm): Polygon of frankyface101 on B.Silkscreen
[silk_over_copper]: Silkscreen clipped by solder mask
    Local override; warning
    @(113.3750 mm, 64.6750 mm): Circle of C1802 on B.Silkscreen
[silk_over_copper]: Silkscreen clipped by solder mask
    Local override; warning
    @(74.3559 mm, 62.6168 mm): Reference field of R185
[silk_over_copper]: Silkscreen clipped by solder mask
    Local override; warning
    @(112.3000 mm, 47.0750 mm): Circle of C703 on B.Silkscreen
[silk_over_copper]: Silkscreen clipped by solder mask
    Local override; warning
    @(54.4100 mm, 64.6000 mm): Reference field of D30
[silk_over_copper]: Silkscreen clipped by solder mask
    Local override; warning
    @(50.8740 mm, 65.9760 mm): Segment of D30 on B.Silkscreen
[silk_over_copper]: Silkscreen clipped by solder mask
    Local override; warning
    @(52.7260 mm, 65.9760 mm): Segment of D30 on B.Silkscreen
[silk_over_copper]: Silkscreen clipped by solder mask
    Local override; warning
    @(96.6328 mm, 27.5537 mm): Reference field of C47
[silk_over_copper]: Silkscreen clipped by solder mask
    Local override; warning
    @(55.8000 mm, 63.6785 mm): Reference field of R200
[silk_over_copper]: Silkscreen clipped by solder mask
    Local override; warning
    @(57.3200 mm, 62.1250 mm): Reference field of C124
[silk_over_copper]: Silkscreen clipped by solder mask
    Local override; warning
    @(61.3000 mm, 62.3750 mm): Reference field of R211
[silk_over_copper]: Silkscreen clipped by solder mask
    Local override; warning
    @(63.8000 mm, 64.4000 mm): Reference field of D31
[silk_over_copper]: Silkscreen clipped by solder mask
    Local override; warning
    @(59.5750 mm, 68.3250 mm): Reference field of R210
[silk_over_copper]: Silkscreen clipped by solder mask
    Local override; warning
    @(66.3300 mm, 67.0000 mm): Reference field of D25
[silk_over_copper]: Silkscreen clipped by solder mask
    Local override; warning
    @(74.3559 mm, 61.0928 mm): Reference field of R187
[silk_over_copper]: Silkscreen clipped by solder mask
    Local override; warning
[silk_over_copper]: Silkscreen clipped by solder mask
    Local override; warning
    @(135.4200 mm, 26.9200 mm): Segment of J101 on B.Silkscreen
[silk_over_copper]: Silkscreen clipped by solder mask
    Local override; warning
    @(58.7350 mm, 30.2225 mm): Circle of U85 on B.Silkscreen
[silk_over_copper]: Silkscreen clipped by solder mask
    Local override; warning
    @(119.6000 mm, 72.4500 mm): Reference field of USBC_SCL1
[silk_over_copper]: Silkscreen clipped by solder mask
    Local override; warning
    @(117.3500 mm, 71.0500 mm): Segment of USBC_SCL1 on B.Silkscreen
[silk_over_copper]: Silkscreen clipped by solder mask
    Local override; warning
    @(51.6150 mm, 64.7650 mm): Reference field of D23
[silk_over_copper]: Silkscreen clipped by solder mask
    Local override; warning
    @(53.2990 mm, 63.3890 mm): Segment of D23 on B.Silkscreen
[silk_over_copper]: Silkscreen clipped by solder mask
    Local override; warning
    @(55.1510 mm, 63.3890 mm): Segment of D23 on B.Silkscreen
[silk_over_copper]: Silkscreen clipped by solder mask
    Local override; warning
    @(47.2276 mm, 78.5829 mm): Circle of U55 on B.Silkscreen
[silk_over_copper]: Silkscreen clipped by solder mask
    Local override; warning
    @(84.3250 mm, 56.6250 mm): Reference field of R191
[silk_over_copper]: Silkscreen clipped by solder mask
    Local override; warning
    @(109.9000 mm, 68.6800 mm): Circle of C802 on B.Silkscreen
[silk_over_copper]: Silkscreen clipped by solder mask
    Local override; warning
    @(74.5557 mm, 49.5624 mm): Circle of C901 on B.Silkscreen
[silk_over_copper]: Silkscreen clipped by solder mask
    Local override; warning
    @(71.9459 mm, 48.7750 mm): Circle of C903 on B.Silkscreen
[silk_over_copper]: Silkscreen clipped by solder mask
    Local override; warning
    @(106.4500 mm, 50.8000 mm): Circle of C702 on B.Silkscreen
[silk_over_copper]: Silkscreen clipped by solder mask
    Local override; warning
    @(103.7000 mm, 70.4400 mm): Circle of C1803 on B.Silkscreen
[silk_over_copper]: Silkscreen clipped by solder mask
    Local override; warning
    @(119.1750 mm, 66.1250 mm): Circle of C801 on B.Silkscreen
[silk_over_copper]: Silkscreen clipped by solder mask
    Local override; warning
    @(30.6832 mm, 51.8668 mm): Segment of JP2101 on B.Silkscreen
[silk_over_copper]: Silkscreen clipped by solder mask
    Local override; warning
    @(44.0217 mm, 63.0956 mm): Reference field of D26
[silk_over_copper]: Silkscreen clipped by solder mask
    Local override; warning
    @(116.4590 mm, 39.8780 mm): Footprint text of C101 (C101)
[silk_over_copper]: Silkscreen clipped by solder mask
    Local override; warning
    @(28.5100 mm, 68.8590 mm): Reference field of C126
[silk_over_copper]: Silkscreen clipped by solder mask
    Local override; warning
    @(60.9500 mm, 56.0000 mm): Reference field of R205
[silk_over_copper]: Silkscreen clipped by solder mask
    Local override; warning
    @(101.9000 mm, 69.2000 mm): Circle of C1801 on B.Silkscreen
[silk_over_copper]: Silkscreen clipped by solder mask
    Local override; warning
    @(56.9500 mm, 63.3500 mm): Reference field of R204
[silk_over_copper]: Silkscreen clipped by solder mask
    Local override; warning
    @(65.5500 mm, 30.9450 mm): Reference field of C5
[silk_over_copper]: Silkscreen clipped by solder mask
    Local override; warning
    @(44.8915 mm, 65.7668 mm): Reference field of R202
[silk_over_copper]: Silkscreen clipped by solder mask
    Local override; warning
    @(112.1800 mm, 44.4800 mm): Circle of C701 on B.Silkscreen
[silk_over_copper]: Silkscreen clipped by solder mask
    Local override; warning
    @(96.6328 mm, 29.6497 mm): Reference field of C46
[silk_over_copper]: Silkscreen clipped by solder mask
    Local override; warning
    @(66.4800 mm, 81.1850 mm): Reference field of C122
[silk_over_copper]: Silkscreen clipped by solder mask
    Local override; warning
    @(48.6664 mm, 82.2527 mm): Footprint text of C1701 (C1701)
[silk_over_copper]: Silkscreen clipped by solder mask
    Local override; warning
    @(83.2853 mm, 48.4878 mm): Circle of C902 on B.Silkscreen
[silk_over_copper]: Silkscreen clipped by solder mask
    Local override; warning
    @(87.2714 mm, 83.4690 mm): Segment of SW2 on B.Silkscreen
[silk_over_copper]: Silkscreen clipped by solder mask
    Local override; warning
    @(87.2714 mm, 87.1082 mm): Segment of SW2 on B.Silkscreen
[silk_over_copper]: Silkscreen clipped by solder mask
    Local override; warning
    @(94.5714 mm, 87.1082 mm): Segment of SW2 on B.Silkscreen
[silk_over_copper]: Silkscreen clipped by solder mask
    Local override; warning
    @(58.8750 mm, 65.3800 mm): Reference field of Q17
[silk_over_copper]: Silkscreen clipped by solder mask
    Local override; warning
    @(138.1700 mm, 57.0425 mm): Circle of U90 on B.Silkscreen
[silk_over_copper]: Silkscreen clipped by solder mask
    Local override; warning
    @(76.5241 mm, 64.0548 mm): Reference field of U80
[silk_over_copper]: Silkscreen clipped by solder mask
    Local override; warning
    @(53.5628 mm, 56.3880 mm): Reference field of R208
[silk_over_copper]: Silkscreen clipped by solder mask
    Local override; warning
    @(76.6842 mm, 86.7464 mm): Polygon of tore101 on B.Silkscreen
[silk_over_copper]: Silkscreen clipped by solder mask
    Local override; warning
    @(71.4212 mm, 79.7200 mm): Polygon of tore101 on B.Silkscreen
[silk_over_copper]: Silkscreen clipped by solder mask
    Local override; warning
    @(73.2493 mm, 85.1166 mm): Polygon of tore101 on B.Silkscreen
[silk_over_copper]: Silkscreen clipped by solder mask
    Local override; warning
    @(83.1571 mm, 84.8408 mm): Polygon of tore101 on B.Silkscreen
[silk_over_copper]: Silkscreen clipped by solder mask
    Local override; warning
    @(74.2312 mm, 87.3935 mm): Polygon of tore101 on B.Silkscreen
[silk_over_copper]: Silkscreen clipped by solder mask
    Local override; warning
    @(74.1622 mm, 86.6738 mm): Polygon of tore101 on B.Silkscreen
[silk_over_copper]: Silkscreen clipped by solder mask
    Local override; warning
    @(76.2778 mm, 81.7195 mm): Polygon of tore101 on B.Silkscreen
[silk_over_copper]: Silkscreen clipped by solder mask
    Local override; warning
    @(75.9649 mm, 83.7445 mm): Polygon of tore101 on B.Silkscreen
[silk_over_copper]: Silkscreen clipped by solder mask
    Local override; warning
    @(83.1949 mm, 84.9771 mm): Polygon of tore101 on B.Silkscreen
[silk_over_copper]: Silkscreen clipped by solder mask
    Local override; warning
    @(83.1957 mm, 84.0511 mm): Polygon of tore101 on B.Silkscreen
[silk_over_copper]: Silkscreen clipped by solder mask
    Local override; warning
    @(80.3041 mm, 83.5896 mm): Polygon of tore101 on B.Silkscreen
[silk_over_copper]: Silkscreen clipped by solder mask
    Local override; warning
    @(83.0558 mm, 85.0212 mm): Polygon of tore101 on B.Silkscreen
[silk_over_copper]: Silkscreen clipped by solder mask
    Local override; warning
    @(83.6418 mm, 84.8076 mm): Polygon of tore101 on B.Silkscreen
[silk_over_copper]: Silkscreen clipped by solder mask
    Local override; warning
    @(83.2300 mm, 84.5874 mm): Polygon of tore101 on B.Silkscreen
[silk_over_copper]: Silkscreen clipped by solder mask
    Local override; warning
    @(74.8577 mm, 82.0893 mm): Polygon of tore101 on B.Silkscreen
[silk_over_copper]: Silkscreen clipped by solder mask
    Local override; warning
    @(71.7832 mm, 87.4924 mm): Polygon of tore101 on B.Silkscreen
[silk_over_copper]: Silkscreen clipped by solder mask
    Local override; warning
    @(83.4940 mm, 83.9769 mm): Polygon of tore101 on B.Silkscreen
[silk_over_copper]: Silkscreen clipped by solder mask
    Local override; warning
    @(83.5811 mm, 85.1977 mm): Polygon of tore101 on B.Silkscreen
[silk_over_copper]: Silkscreen clipped by solder mask
    Local override; warning
    @(76.2021 mm, 84.6092 mm): Polygon of tore101 on B.Silkscreen
[silk_over_copper]: Silkscreen clipped by solder mask
    Local override; warning
    @(70.5878 mm, 85.9377 mm): Polygon of tore101 on B.Silkscreen
[silk_over_copper]: Silkscreen clipped by solder mask
    Local override; warning
    @(71.1992 mm, 84.3606 mm): Polygon of tore101 on B.Silkscreen
[silk_over_copper]: Silkscreen clipped by solder mask
    Local override; warning
    @(71.5381 mm, 86.3028 mm): Polygon of tore101 on B.Silkscreen
[silk_over_copper]: Silkscreen clipped by solder mask
    Local override; warning
    @(80.7264 mm, 81.2863 mm): Polygon of tore101 on B.Silkscreen
[silk_over_copper]: Silkscreen clipped by solder mask
    Local override; warning
    @(73.9483 mm, 83.4067 mm): Polygon of tore101 on B.Silkscreen
[silk_over_copper]: Silkscreen clipped by solder mask
    Local override; warning
    @(76.0289 mm, 80.2506 mm): Polygon of tore101 on B.Silkscreen
[silk_over_copper]: Silkscreen clipped by solder mask
    Local override; warning
    @(84.4249 mm, 85.9453 mm): Polygon of tore101 on B.Silkscreen
[silk_over_copper]: Silkscreen clipped by solder mask
    Local override; warning
    @(73.2243 mm, 86.8423 mm): Polygon of tore101 on B.Silkscreen
[silk_over_copper]: Silkscreen clipped by solder mask
    Local override; warning
    @(75.5384 mm, 80.5087 mm): Polygon of tore101 on B.Silkscreen
[silk_over_copper]: Silkscreen clipped by solder mask
    Local override; warning
    @(71.1595 mm, 85.8633 mm): Polygon of tore101 on B.Silkscreen
[silk_over_copper]: Silkscreen clipped by solder mask
    Local override; warning
    @(66.2900 mm, 80.5753 mm): Polygon of tore101 on B.Silkscreen
[silk_over_copper]: Silkscreen clipped by solder mask
    Local override; warning
    @(76.8804 mm, 80.5121 mm): Polygon of tore101 on B.Silkscreen
[silk_over_copper]: Silkscreen clipped by solder mask
    Local override; warning
    @(80.7109 mm, 83.2499 mm): Polygon of tore101 on B.Silkscreen
[silk_over_copper]: Silkscreen clipped by solder mask
    Local override; warning
    @(84.4132 mm, 84.8316 mm): Polygon of tore101 on B.Silkscreen
[silk_over_copper]: Silkscreen clipped by solder mask
    Local override; warning
    @(80.3559 mm, 81.0878 mm): Polygon of tore101 on B.Silkscreen
[silk_over_copper]: Silkscreen clipped by solder mask
    Local override; warning
    @(83.7808 mm, 83.8334 mm): Polygon of tore101 on B.Silkscreen
[silk_over_copper]: Silkscreen clipped by solder mask
    Local override; warning
    @(72.2961 mm, 84.5726 mm): Polygon of tore101 on B.Silkscreen
[silk_over_copper]: Silkscreen clipped by solder mask
    Local override; warning
    @(86.8403 mm, 85.1961 mm): Polygon of tore101 on B.Silkscreen
[silk_over_copper]: Silkscreen clipped by solder mask
    Local override; warning
    @(80.6450 mm, 59.8620 mm): Reference field of R195
[silk_over_copper]: Silkscreen clipped by solder mask
    Local override; warning
    @(114.1000 mm, 73.0250 mm): Reference field of USBC_SDA1
[silk_over_copper]: Silkscreen clipped by solder mask
    Local override; warning
    @(66.4800 mm, 78.1850 mm): Reference field of C123
[silk_over_copper]: Silkscreen clipped by solder mask
    Local override; warning
    @(54.5250 mm, 69.8500 mm): Reference field of R199
[silk_over_copper]: Silkscreen clipped by solder mask
    Local override; warning
    @(76.6020 mm, 63.8048 mm): Reference field of C115
[silk_over_copper]: Silkscreen clipped by solder mask
    Local override; warning
    @(62.8050 mm, 46.7500 mm): Reference field of C128
[silk_over_copper]: Silkscreen clipped by solder mask
    Local override; warning
    @(60.8200 mm, 46.7500 mm): Reference field of C129
[silk_over_copper]: Silkscreen clipped by solder mask
    Local override; warning
    @(58.6700 mm, 56.0000 mm): Reference field of C125
[silk_over_copper]: Silkscreen clipped by solder mask
    Local override; warning
    @(91.8450 mm, 52.3000 mm): Footprint text of C1407 (C1407)
[silk_over_copper]: Silkscreen clipped by solder mask
    Local override; warning
    @(121.7750 mm, 65.8900 mm): Circle of C803 on B.Silkscreen
[silk_over_copper]: Silkscreen clipped by solder mask
    Local override; warning
    @(51.6500 mm, 63.6215 mm): Reference field of R209
[silk_over_copper]: Silkscreen clipped by solder mask
    Local override; warning
    @(58.1602 mm, 65.5828 mm): Reference field of R198
[silk_overlap]: Silkscreen overlap
    Rule: board setup constraints silk; warning
    @(138.4750 mm, 89.8000 mm): PCB text 'SVEA PMB rev3
Nils Kiefer 2026
github.com/nilskiefer' on F.Silkscreen
    @(137.9010 mm, 66.7513 mm): Segment of C601 on F.Silkscreen
[silk_overlap]: Silkscreen overlap
    Rule: board setup constraints silk; warning
    @(140.1565 mm, 68.4520 mm): Segment of R86 on F.Silkscreen
    @(144.1935 mm, 67.0010 mm): Segment of R87 on F.Silkscreen
[silk_overlap]: Silkscreen overlap
    Rule: board setup constraints silk; warning
    @(140.1565 mm, 68.4520 mm): Segment of R86 on F.Silkscreen
    @(144.1935 mm, 68.4360 mm): Segment of R87 on F.Silkscreen
[silk_overlap]: Silkscreen overlap
    Rule: board setup constraints silk; warning
    @(144.0695 mm, 68.4520 mm): Segment of R86 on F.Silkscreen
    @(144.1935 mm, 67.0010 mm): Segment of R87 on F.Silkscreen
[silk_overlap]: Silkscreen overlap
    Rule: board setup constraints silk; warning
    @(144.0695 mm, 68.4520 mm): Segment of R86 on F.Silkscreen
    @(144.1935 mm, 68.4360 mm): Segment of R87 on F.Silkscreen
[silk_overlap]: Silkscreen overlap
    Rule: board setup constraints silk; warning
    @(144.0695 mm, 60.5800 mm): Segment of R86 on F.Silkscreen
    @(144.1935 mm, 60.5640 mm): Segment of R87 on F.Silkscreen
[silk_overlap]: Silkscreen overlap
    Rule: board setup constraints silk; warning
    @(144.0695 mm, 60.5800 mm): Segment of R86 on F.Silkscreen
    @(144.1935 mm, 61.9990 mm): Segment of R87 on F.Silkscreen
[silk_overlap]: Silkscreen overlap
    Rule: board setup constraints silk; warning
    @(134.1788 mm, 37.1955 mm): Arc of U69 on F.Silkscreen
    @(133.4995 mm, 37.1300 mm): Arc of C83 on F.Silkscreen
[silk_overlap]: Silkscreen overlap
    Rule: board setup constraints silk; warning
    @(140.1565 mm, 60.5800 mm): Segment of R86 on F.Silkscreen
    @(144.1935 mm, 60.5640 mm): Segment of R87 on F.Silkscreen
[silk_overlap]: Silkscreen overlap
    Rule: board setup constraints silk; warning
    @(140.1565 mm, 60.5800 mm): Segment of R86 on F.Silkscreen
    @(144.1935 mm, 61.9990 mm): Segment of R87 on F.Silkscreen
[silk_overlap]: Silkscreen overlap
    Rule: board setup constraints silk; warning
    @(129.8200 mm, 35.1900 mm): Segment of C108 on F.Silkscreen
    @(129.8200 mm, 35.2095 mm): Segment of C107 on F.Silkscreen
[silk_overlap]: Silkscreen overlap
    Rule: board setup constraints silk; warning
    @(129.8200 mm, 35.1900 mm): Segment of C108 on F.Silkscreen
    @(129.0200 mm, 34.8995 mm): Arc of C107 on F.Silkscreen
[silk_overlap]: Silkscreen overlap
    Rule: board setup constraints silk; warning
    @(129.0191 mm, 35.4991 mm): Arc of C108 on F.Silkscreen
    @(129.8200 mm, 35.2095 mm): Segment of C107 on F.Silkscreen
[silk_overlap]: Silkscreen overlap
    Rule: board setup constraints silk; warning
    @(129.0191 mm, 35.4991 mm): Arc of C108 on F.Silkscreen
    @(129.0200 mm, 34.8995 mm): Arc of C107 on F.Silkscreen
[silk_overlap]: Silkscreen overlap
    Rule: board setup constraints silk; warning
    @(129.3240 mm, 39.2440 mm): Segment of C85 on F.Silkscreen
    @(129.1450 mm, 45.9250 mm): Reference field of J103
[silk_overlap]: Silkscreen overlap
    Rule: board setup constraints silk; warning
    @(129.1450 mm, 45.9250 mm): Reference field of J103
    @(129.3240 mm, 44.6000 mm): Segment of C85 on F.Silkscreen
[silk_overlap]: Silkscreen overlap
    Rule: board setup constraints silk; warning
    @(117.8992 mm, 33.9306 mm): Segment of C2701 on F.Silkscreen
    @(117.9331 mm, 33.8340 mm): Circle of U74 on F.Silkscreen
[silk_overlap]: Silkscreen overlap
    Rule: board setup constraints silk; warning
    @(131.1800 mm, 34.9000 mm): Arc of C107 on F.Silkscreen
    @(131.1797 mm, 35.5008 mm): Arc of C108 on F.Silkscreen
[silk_overlap]: Silkscreen overlap
    Rule: board setup constraints silk; warning
    @(131.1797 mm, 35.5008 mm): Arc of C108 on F.Silkscreen
    @(130.3805 mm, 35.2100 mm): Segment of C107 on F.Silkscreen
[silk_overlap]: Silkscreen overlap
    Rule: board setup constraints silk; warning
    @(130.3805 mm, 35.1905 mm): Segment of C108 on F.Silkscreen
    @(131.1800 mm, 34.9000 mm): Arc of C107 on F.Silkscreen
[silk_overlap]: Silkscreen overlap
    Rule: board setup constraints silk; warning
    @(130.3805 mm, 35.1905 mm): Segment of C108 on F.Silkscreen
    @(130.3805 mm, 35.2100 mm): Segment of C107 on F.Silkscreen
[silk_overlap]: Silkscreen overlap
    Rule: board setup constraints silk; warning
    @(74.3765 mm, 33.8060 mm): Segment of R166 on F.Silkscreen
    @(73.2864 mm, 33.8060 mm): Segment of R165 on F.Silkscreen
[silk_overlap]: Silkscreen overlap
    Rule: board setup constraints silk; warning
    @(74.3765 mm, 33.8060 mm): Segment of R166 on F.Silkscreen
    @(73.1750 mm, 33.3481 mm): Reference field of CN101
[silk_overlap]: Silkscreen overlap
    Rule: board setup constraints silk; warning
    @(74.3765 mm, 33.8060 mm): Segment of R166 on F.Silkscreen
    @(74.2834 mm, 33.8060 mm): Segment of R165 on F.Silkscreen
[silk_overlap]: Silkscreen overlap
    Rule: board setup constraints silk; warning
    @(74.3765 mm, 34.5240 mm): Segment of R166 on F.Silkscreen
    @(73.2864 mm, 33.8060 mm): Segment of R165 on F.Silkscreen
[silk_overlap]: Silkscreen overlap
    Rule: board setup constraints silk; warning
    @(74.3765 mm, 34.5240 mm): Segment of R166 on F.Silkscreen
    @(73.1750 mm, 33.3481 mm): Reference field of CN101
[silk_overlap]: Silkscreen overlap
    Rule: board setup constraints silk; warning
    @(74.3765 mm, 34.5240 mm): Segment of R166 on F.Silkscreen
    @(74.2834 mm, 33.8060 mm): Segment of R165 on F.Silkscreen
[silk_overlap]: Silkscreen overlap
    Rule: board setup constraints silk; warning
    @(74.3765 mm, 34.9760 mm): Segment of R166 on F.Silkscreen
    @(74.4528 mm, 35.8150 mm): Segment of C2803 on F.Silkscreen
[silk_overlap]: Silkscreen overlap
    Rule: board setup constraints silk; warning
    @(74.3765 mm, 34.9760 mm): Segment of R166 on F.Silkscreen
    @(73.2864 mm, 35.6940 mm): Segment of R165 on F.Silkscreen
[silk_overlap]: Silkscreen overlap
    Rule: board setup constraints silk; warning
    @(74.3765 mm, 34.9760 mm): Segment of R166 on F.Silkscreen
    @(74.2834 mm, 35.6940 mm): Segment of R165 on F.Silkscreen
[silk_overlap]: Silkscreen overlap
    Rule: board setup constraints silk; warning
    @(75.3735 mm, 33.8060 mm): Segment of R166 on F.Silkscreen
    @(73.1750 mm, 33.3481 mm): Reference field of CN101
[silk_overlap]: Silkscreen overlap
    Rule: board setup constraints silk; warning
    @(74.3765 mm, 35.6940 mm): Segment of R166 on F.Silkscreen
    @(74.4528 mm, 35.8150 mm): Segment of C2803 on F.Silkscreen
[silk_overlap]: Silkscreen overlap
    Rule: board setup constraints silk; warning
    @(74.3765 mm, 35.6940 mm): Segment of R166 on F.Silkscreen
    @(73.2864 mm, 35.6940 mm): Segment of R165 on F.Silkscreen
[silk_overlap]: Silkscreen overlap
    Rule: board setup constraints silk; warning
    @(74.3765 mm, 35.6940 mm): Segment of R166 on F.Silkscreen
    @(74.2834 mm, 35.6940 mm): Segment of R165 on F.Silkscreen
[silk_overlap]: Silkscreen overlap
    Rule: board setup constraints silk; warning
    @(75.3420 mm, 43.2060 mm): Segment of R161 on F.Silkscreen
    @(75.4050 mm, 43.9195 mm): Segment of C103 on F.Silkscreen
[silk_overlap]: Silkscreen overlap
    Rule: board setup constraints silk; warning
    @(75.3420 mm, 43.9240 mm): Segment of R161 on F.Silkscreen
    @(75.4050 mm, 43.9195 mm): Segment of C103 on F.Silkscreen
[silk_overlap]: Silkscreen overlap
    Rule: board setup constraints silk; warning
    @(76.9675 mm, 44.0720 mm): Segment of C103 on F.Silkscreen
    @(77.0200 mm, 44.0900 mm): Segment of C102 on F.Silkscreen
[silk_overlap]: Silkscreen overlap
    Rule: board setup constraints silk; warning
    @(76.9675 mm, 44.0720 mm): Segment of C103 on F.Silkscreen
    @(76.2191 mm, 44.3991 mm): Arc of C102 on F.Silkscreen
[silk_overlap]: Silkscreen overlap
    Rule: board setup constraints silk; warning
    @(75.5575 mm, 43.9195 mm): Arc of C103 on F.Silkscreen
    @(75.3420 mm, 43.9240 mm): Segment of R161 on F.Silkscreen
[silk_overlap]: Silkscreen overlap
    Rule: board setup constraints silk; warning
    @(77.7695 mm, 44.0720 mm): Segment of C103 on F.Silkscreen
    @(77.5805 mm, 44.0905 mm): Segment of C102 on F.Silkscreen
[silk_overlap]: Silkscreen overlap
    Rule: board setup constraints silk; warning
    @(78.3796 mm, 44.4008 mm): Arc of C102 on F.Silkscreen
    @(77.7695 mm, 44.0720 mm): Segment of C103 on F.Silkscreen
[silk_overlap]: Silkscreen overlap
    Rule: board setup constraints silk; warning
    @(77.8200 mm, 41.4615 mm): Segment of R162 on F.Silkscreen
    @(79.1795 mm, 42.2650 mm): Segment of C103 on F.Silkscreen
[silk_overlap]: Silkscreen overlap
    Rule: board setup constraints silk; warning
    @(77.8200 mm, 42.1795 mm): Segment of R162 on F.Silkscreen
    @(79.1795 mm, 42.2650 mm): Segment of C103 on F.Silkscreen
[silk_overlap]: Silkscreen overlap
    Rule: board setup constraints silk; warning
    @(78.8170 mm, 42.1795 mm): Segment of R162 on F.Silkscreen
    @(79.1795 mm, 42.2650 mm): Segment of C103 on F.Silkscreen
[silk_overlap]: Silkscreen overlap
    Rule: board setup constraints silk; warning
    @(68.0720 mm, 39.8300 mm): Reference field of Q10
    @(69.3060 mm, 39.4515 mm): Segment of R163 on F.Silkscreen
[silk_overlap]: Silkscreen overlap
    Rule: board setup constraints silk; warning
    @(68.0720 mm, 39.8300 mm): Reference field of Q10
    @(69.3060 mm, 40.4485 mm): Segment of R163 on F.Silkscreen
[silk_overlap]: Silkscreen overlap
    Rule: board setup constraints silk; warning
    @(68.0720 mm, 39.8300 mm): Reference field of Q10
    @(69.3060 mm, 39.3683 mm): Segment of R164 on F.Silkscreen
[silk_overlap]: Silkscreen overlap
    Rule: board setup constraints silk; warning
    @(70.0240 mm, 39.3683 mm): Segment of R164 on F.Silkscreen
    @(68.0720 mm, 39.8300 mm): Reference field of Q10
[silk_overlap]: Silkscreen overlap
    Rule: board setup constraints silk; warning
    @(74.4528 mm, 35.8150 mm): Segment of C2803 on F.Silkscreen
    @(73.2864 mm, 35.6940 mm): Segment of R165 on F.Silkscreen
[silk_overlap]: Silkscreen overlap
    Rule: board setup constraints silk; warning
    @(74.4528 mm, 35.8150 mm): Segment of C2803 on F.Silkscreen
    @(74.2834 mm, 35.6940 mm): Segment of R165 on F.Silkscreen
[silk_overlap]: Silkscreen overlap
    Rule: board setup constraints silk; warning
    @(69.3060 mm, 39.4515 mm): Segment of R163 on F.Silkscreen
    @(69.3060 mm, 39.3683 mm): Segment of R164 on F.Silkscreen
[silk_overlap]: Silkscreen overlap
    Rule: board setup constraints silk; warning
    @(70.0240 mm, 39.3683 mm): Segment of R164 on F.Silkscreen
    @(69.3060 mm, 39.4515 mm): Segment of R163 on F.Silkscreen
[silk_overlap]: Silkscreen overlap
    Rule: board setup constraints silk; warning
    @(70.4760 mm, 39.3683 mm): Segment of R164 on F.Silkscreen
    @(71.1940 mm, 39.4515 mm): Segment of R163 on F.Silkscreen
[silk_overlap]: Silkscreen overlap
    Rule: board setup constraints silk; warning
    @(71.1940 mm, 39.3683 mm): Segment of R164 on F.Silkscreen
    @(71.1940 mm, 39.4515 mm): Segment of R163 on F.Silkscreen
[silk_overlap]: Silkscreen overlap
    Rule: board setup constraints silk; warning
    @(70.4760 mm, 39.3683 mm): Segment of R164 on F.Silkscreen
    @(71.1940 mm, 40.4485 mm): Segment of R163 on F.Silkscreen
[silk_overlap]: Silkscreen overlap
    Rule: board setup constraints silk; warning
    @(71.1940 mm, 39.3683 mm): Segment of R164 on F.Silkscreen
    @(71.1940 mm, 40.4485 mm): Segment of R163 on F.Silkscreen
[silk_overlap]: Silkscreen overlap
    Rule: board setup constraints silk; warning
    @(69.3060 mm, 40.4485 mm): Segment of R163 on F.Silkscreen
    @(69.3060 mm, 39.3683 mm): Segment of R164 on F.Silkscreen
[silk_overlap]: Silkscreen overlap
    Rule: board setup constraints silk; warning
    @(70.0240 mm, 39.3683 mm): Segment of R164 on F.Silkscreen
    @(69.3060 mm, 40.4485 mm): Segment of R163 on F.Silkscreen
[silk_overlap]: Silkscreen overlap
    Rule: board setup constraints silk; warning
    @(74.2420 mm, 43.2060 mm): Segment of R160 on F.Silkscreen
    @(74.3450 mm, 43.2060 mm): Segment of R161 on F.Silkscreen
[silk_overlap]: Silkscreen overlap
    Rule: board setup constraints silk; warning
    @(74.2420 mm, 43.9240 mm): Segment of R160 on F.Silkscreen
    @(74.3450 mm, 43.2060 mm): Segment of R161 on F.Silkscreen
[silk_overlap]: Silkscreen overlap
    Rule: board setup constraints silk; warning
    @(74.3450 mm, 45.0940 mm): Segment of R161 on F.Silkscreen
    @(74.2420 mm, 44.3760 mm): Segment of R160 on F.Silkscreen
[silk_overlap]: Silkscreen overlap
    Rule: board setup constraints silk; warning
    @(74.3450 mm, 45.0940 mm): Segment of R161 on F.Silkscreen
    @(74.2420 mm, 45.0940 mm): Segment of R160 on F.Silkscreen
[silk_overlap]: Silkscreen overlap
    Rule: board setup constraints silk; warning
    @(74.2420 mm, 43.2060 mm): Segment of R160 on F.Silkscreen
    @(75.3420 mm, 43.2060 mm): Segment of R161 on F.Silkscreen
[silk_overlap]: Silkscreen overlap
    Rule: board setup constraints silk; warning
    @(75.3420 mm, 43.2060 mm): Segment of R161 on F.Silkscreen
    @(74.2420 mm, 43.9240 mm): Segment of R160 on F.Silkscreen
[silk_overlap]: Silkscreen overlap
    Rule: board setup constraints silk; warning
    @(75.3420 mm, 45.0940 mm): Segment of R161 on F.Silkscreen
    @(74.2420 mm, 44.3760 mm): Segment of R160 on F.Silkscreen
[silk_overlap]: Silkscreen overlap
    Rule: board setup constraints silk; warning
    @(75.3420 mm, 45.0940 mm): Segment of R161 on F.Silkscreen
    @(74.2420 mm, 45.0940 mm): Segment of R160 on F.Silkscreen
[silk_overlap]: Silkscreen overlap
    Rule: board setup constraints silk; warning
    @(73.4416 mm, 64.5860 mm): Segment of C1402 on F.Silkscreen
    @(73.8500 mm, 64.3950 mm): Reference field of D22
[silk_overlap]: Silkscreen overlap
    Rule: board setup constraints silk; warning
    @(73.8500 mm, 64.3950 mm): Reference field of D22
    @(73.4416 mm, 60.3649 mm): Segment of C1402 on F.Silkscreen
[silk_overlap]: Silkscreen overlap
    Rule: board setup constraints silk; warning
    @(73.4416 mm, 64.5860 mm): Segment of C1402 on F.Silkscreen
    @(78.6000 mm, 64.5250 mm): Reference field of R190
[silk_overlap]: Silkscreen overlap
    Rule: board setup constraints silk; warning
    @(91.9215 mm, 69.1625 mm): Segment of C130 on F.Silkscreen
    @(91.7760 mm, 69.1895 mm): Segment of R214 on F.Silkscreen
[silk_overlap]: Silkscreen overlap
    Rule: board setup constraints silk; warning
    @(92.6280 mm, 69.1895 mm): Segment of R214 on F.Silkscreen
    @(92.4820 mm, 69.1630 mm): Segment of C130 on F.Silkscreen
[silk_overlap]: Silkscreen overlap
    Rule: board setup constraints silk; warning
    @(90.9065 mm, 67.5520 mm): Segment of R213 on F.Silkscreen
    @(91.9215 mm, 67.7430 mm): Segment of C130 on F.Silkscreen
[silk_overlap]: Silkscreen overlap
    Rule: board setup constraints silk; warning
    @(90.9065 mm, 67.5520 mm): Segment of R213 on F.Silkscreen
    @(91.1220 mm, 68.0530 mm): Arc of C130 on F.Silkscreen
[silk_overlap]: Silkscreen overlap
    Rule: board setup constraints silk; warning
    @(91.1223 mm, 68.8521 mm): Arc of C130 on F.Silkscreen
    @(91.7760 mm, 69.1895 mm): Segment of R214 on F.Silkscreen
[silk_overlap]: Silkscreen overlap
    Rule: board setup constraints silk; warning
    @(90.8170 mm, 69.1895 mm): Segment of R214 on F.Silkscreen
    @(91.1223 mm, 68.8521 mm): Arc of C130 on F.Silkscreen
[silk_overlap]: Silkscreen overlap
    Rule: board setup constraints silk; warning
    @(92.2540 mm, 66.6390 mm): Segment of C134 on F.Silkscreen
    @(90.9065 mm, 67.5520 mm): Segment of R213 on F.Silkscreen
[silk_overlap]: Silkscreen overlap
    Rule: board setup constraints silk; warning
    @(90.9065 mm, 67.5520 mm): Segment of R213 on F.Silkscreen
    @(92.5631 mm, 67.4399 mm): Arc of C134 on F.Silkscreen
[silk_overlap]: Silkscreen overlap
    Rule: board setup constraints silk; warning
    @(92.4820 mm, 67.7435 mm): Segment of C130 on F.Silkscreen
    @(93.3635 mm, 67.7490 mm): Segment of C134 on F.Silkscreen
[silk_overlap]: Silkscreen overlap
    Rule: board setup constraints silk; warning
    @(92.5631 mm, 67.4399 mm): Arc of C134 on F.Silkscreen
    @(92.4820 mm, 67.7435 mm): Segment of C130 on F.Silkscreen
[silk_overlap]: Silkscreen overlap
    Rule: board setup constraints silk; warning
    @(93.3635 mm, 67.4390 mm): Arc of C134 on F.Silkscreen
    @(92.4820 mm, 67.7435 mm): Segment of C130 on F.Silkscreen
[silk_overlap]: Silkscreen overlap
    Rule: board setup constraints silk; warning
    @(93.2820 mm, 68.0535 mm): Arc of C130 on F.Silkscreen
    @(93.3635 mm, 67.7490 mm): Segment of C134 on F.Silkscreen
[silk_overlap]: Silkscreen overlap
    Rule: board setup constraints silk; warning
    @(93.2820 mm, 68.0535 mm): Arc of C130 on F.Silkscreen
    @(93.3635 mm, 67.4390 mm): Arc of C134 on F.Silkscreen
[silk_overlap]: Silkscreen overlap
    Rule: board setup constraints silk; warning
    @(92.6280 mm, 69.1895 mm): Segment of R214 on F.Silkscreen
    @(93.2829 mm, 68.8539 mm): Arc of C130 on F.Silkscreen
[silk_overlap]: Silkscreen overlap
    Rule: board setup constraints silk; warning
    @(93.5870 mm, 69.1895 mm): Segment of R214 on F.Silkscreen
    @(93.2829 mm, 68.8539 mm): Arc of C130 on F.Silkscreen
[silk_overlap]: Silkscreen overlap
    Rule: board setup constraints silk; warning
    @(92.2540 mm, 66.6390 mm): Segment of C134 on F.Silkscreen
    @(92.2275 mm, 67.5520 mm): Segment of R213 on F.Silkscreen
[silk_overlap]: Silkscreen overlap
    Rule: board setup constraints silk; warning
    @(92.5631 mm, 67.4399 mm): Arc of C134 on F.Silkscreen
    @(92.2275 mm, 67.5520 mm): Segment of R213 on F.Silkscreen
[silk_overlap]: Silkscreen overlap
    Rule: board setup constraints silk; warning
    @(92.2275 mm, 64.7820 mm): Segment of R213 on F.Silkscreen
    @(92.2545 mm, 66.0785 mm): Segment of C134 on F.Silkscreen
[silk_overlap]: Silkscreen overlap
    Rule: board setup constraints silk; warning
    @(93.3078 mm, 64.7272 mm): Polygon on F.Silkscreen
    @(92.5640 mm, 64.9690 mm): Segment of C134 on F.Silkscreen
[silk_overlap]: Silkscreen overlap
    Rule: board setup constraints silk; warning
    @(92.2275 mm, 64.7820 mm): Segment of R213 on F.Silkscreen
    @(92.5649 mm, 65.2793 mm): Arc of C134 on F.Silkscreen
[silk_overlap]: Silkscreen overlap
    Rule: board setup constraints silk; warning
    @(93.3078 mm, 64.7272 mm): Polygon on F.Silkscreen
    @(93.3640 mm, 65.2790 mm): Arc of C134 on F.Silkscreen
[silk_overlap]: Silkscreen overlap
    Rule: board setup constraints silk; warning
    @(73.1750 mm, 33.3481 mm): Reference field of CN101
    @(75.6050 mm, 34.3750 mm): Segment of RN2 on F.Silkscreen
[silk_overlap]: Silkscreen overlap
    Rule: board setup constraints silk; warning
    @(89.3484 mm, 18.4139 mm): Segment of U501 on F.Silkscreen
    @(87.9100 mm, 18.4350 mm): Footprint text of U501 (↓12V↑)
[silk_overlap]: Silkscreen overlap
    Rule: board setup constraints silk; warning
    @(87.9100 mm, 18.4350 mm): Footprint text of U501 (↓12V↑)
    @(85.3101 mm, 18.3751 mm): Segment of U501 on F.Silkscreen
[silk_overlap]: Silkscreen overlap
    Rule: board setup constraints silk; warning
    @(87.9100 mm, 18.4350 mm): Footprint text of U501 (↓12V↑)
    @(86.5099 mm, 19.6750 mm): Segment of U501 on F.Silkscreen
[silk_overlap]: Silkscreen overlap
    Rule: board setup constraints silk; warning
    @(86.5099 mm, 18.3751 mm): Segment of U501 on F.Silkscreen
    @(87.9100 mm, 18.4350 mm): Footprint text of U501 (↓12V↑)
[silk_overlap]: Silkscreen overlap
    Rule: board setup constraints silk; warning
    @(105.4350 mm, 18.4100 mm): Footprint text of U401 (↓12V↑)
    @(104.0349 mm, 19.6500 mm): Segment of U401 on F.Silkscreen
[silk_overlap]: Silkscreen overlap
    Rule: board setup constraints silk; warning
    @(106.8734 mm, 18.3889 mm): Segment of U401 on F.Silkscreen
    @(105.4350 mm, 18.4100 mm): Footprint text of U401 (↓12V↑)
[silk_overlap]: Silkscreen overlap
    Rule: board setup constraints silk; warning
    @(190.6500 mm, 94.0295 mm): Segment of R17 on F.Silkscreen
    @(192.0350 mm, 94.1300 mm): Reference field of R15
[silk_overlap]: Silkscreen overlap
    Rule: board setup constraints silk; warning
    @(193.4200 mm, 94.0295 mm): Segment of R17 on F.Silkscreen
    @(192.0350 mm, 94.1300 mm): Reference field of R15
[silk_overlap]: Silkscreen overlap
    Rule: board setup constraints silk; warning
    @(193.4200 mm, 95.3505 mm): Segment of R17 on F.Silkscreen
    @(192.0350 mm, 94.1300 mm): Reference field of R15
[silk_overlap]: Silkscreen overlap
    Rule: board setup constraints silk; warning
    @(192.0350 mm, 91.6200 mm): Reference field of R11
    @(190.6500 mm, 91.5195 mm): Segment of R15 on F.Silkscreen
[silk_overlap]: Silkscreen overlap
    Rule: board setup constraints silk; warning
    @(192.0350 mm, 91.6200 mm): Reference field of R11
    @(193.4200 mm, 92.8405 mm): Segment of R15 on F.Silkscreen
[silk_overlap]: Silkscreen overlap
    Rule: board setup constraints silk; warning
    @(192.0350 mm, 91.6200 mm): Reference field of R11
    @(193.4200 mm, 91.5195 mm): Segment of R15 on F.Silkscreen
[silk_overlap]: Silkscreen overlap
    Rule: board setup constraints silk; warning
    @(192.0350 mm, 89.0900 mm): Reference field of C15
    @(193.4200 mm, 90.3305 mm): Segment of R11 on F.Silkscreen
[silk_overlap]: Silkscreen overlap
    Rule: board setup constraints silk; warning
    @(192.0350 mm, 89.0900 mm): Reference field of C15
    @(193.4200 mm, 89.0095 mm): Segment of R11 on F.Silkscreen
[silk_overlap]: Silkscreen overlap
    Rule: board setup constraints silk; warning
    @(192.0350 mm, 89.0900 mm): Reference field of C15
    @(190.6500 mm, 90.3305 mm): Segment of R11 on F.Silkscreen
[silk_overlap]: Silkscreen overlap
    Rule: board setup constraints silk; warning
    @(192.0350 mm, 89.0900 mm): Reference field of C15
    @(190.6500 mm, 89.0095 mm): Segment of R11 on F.Silkscreen
[silk_overlap]: Silkscreen overlap
    Rule: board setup constraints silk; warning
    @(244.4007 mm, 155.2347 mm): Segment of C118 on F.Silkscreen
    @(245.7907 mm, 154.2552 mm): Reference field of C117
[silk_overlap]: Silkscreen overlap
    Rule: board setup constraints silk; warning
    @(245.5107 mm, 154.1252 mm): Segment of C118 on F.Silkscreen
    @(245.7907 mm, 154.2552 mm): Reference field of C117
[silk_overlap]: Silkscreen overlap
    Rule: board setup constraints silk; warning
    @(247.1807 mm, 154.4352 mm): Segment of C118 on F.Silkscreen
    @(245.7907 mm, 154.2552 mm): Reference field of C117
[silk_overlap]: Silkscreen overlap
    Rule: board setup constraints silk; warning
    @(273.8757 mm, 150.9857 mm): Segment of R145 on F.Silkscreen
    @(275.2607 mm, 149.7452 mm): Reference field of C80
[silk_overlap]: Silkscreen overlap
    Rule: board setup constraints silk; warning
    @(273.8757 mm, 149.6647 mm): Segment of R145 on F.Silkscreen
    @(275.2607 mm, 149.7452 mm): Reference field of C80
[silk_overlap]: Silkscreen overlap
    Rule: board setup constraints silk; warning
    @(275.2607 mm, 149.7452 mm): Reference field of C80
    @(276.6457 mm, 149.6647 mm): Segment of R145 on F.Silkscreen
[silk_overlap]: Silkscreen overlap
    Rule: board setup constraints silk; warning
    @(275.2607 mm, 149.7452 mm): Reference field of C80
    @(276.6457 mm, 150.9857 mm): Segment of R145 on F.Silkscreen
[silk_overlap]: Silkscreen overlap
    Rule: board setup constraints silk; warning
    @(246.0712 mm, 154.1257 mm): Segment of C118 on F.Silkscreen
    @(245.7907 mm, 154.2552 mm): Reference field of C117
[silk_overlap]: Silkscreen overlap
    Rule: board setup constraints silk; warning
    @(245.7907 mm, 154.2552 mm): Reference field of C117
    @(246.8704 mm, 154.4360 mm): Arc of C118 on F.Silkscreen
[silk_overlap]: Silkscreen overlap
    Rule: board setup constraints silk; warning
    @(73.1750 mm, 33.3481 mm): Reference field of CN101
    @(73.2864 mm, 33.8060 mm): Segment of R165 on F.Silkscreen
[silk_overlap]: Silkscreen overlap
    Rule: board setup constraints silk; warning
    @(73.2864 mm, 34.5240 mm): Segment of R165 on F.Silkscreen
    @(73.1750 mm, 33.3481 mm): Reference field of CN101
[silk_overlap]: Silkscreen overlap
    Rule: board setup constraints silk; warning
    @(73.1750 mm, 33.3481 mm): Reference field of CN101
    @(74.2834 mm, 33.8060 mm): Segment of R165 on F.Silkscreen
[silk_overlap]: Silkscreen overlap
    Rule: board setup constraints silk; warning
    @(62.3798 mm, 42.4990 mm): Segment of ZD1 on F.Silkscreen
    @(63.2470 mm, 40.9750 mm): Reference field of R148
[silk_overlap]: Silkscreen overlap
    Rule: board setup constraints silk; warning
    @(62.3798 mm, 42.3561 mm): Segment of ZD1 on F.Silkscreen
    @(63.2470 mm, 40.9750 mm): Reference field of R148
[silk_overlap]: Silkscreen overlap
    Rule: board setup constraints silk; warning
    @(86.9250 mm, 89.0850 mm): Segment of warninglogo1 on F.Silkscreen
    @(88.9060 mm, 85.9366 mm): Segment of BMS_Bypass_5V_SW3601 on F.Silkscreen
[silk_overlap]: Silkscreen overlap
    Rule: board setup constraints silk; warning
    @(86.9250 mm, 89.0850 mm): Segment of warninglogo1 on F.Silkscreen
    @(92.9580 mm, 85.9366 mm): Segment of BMS_Bypass_5V_SW3601 on F.Silkscreen
[silk_overlap]: Silkscreen overlap
    Rule: board setup constraints silk; warning
    @(94.9250 mm, 89.0850 mm): Segment of warninglogo1 on F.Silkscreen
    @(88.9060 mm, 89.0186 mm): Segment of BMS_Bypass_5V_SW3601 on F.Silkscreen
[silk_overlap]: Silkscreen overlap
    Rule: board setup constraints silk; warning
    @(94.9250 mm, 89.0850 mm): Segment of warninglogo1 on F.Silkscreen
    @(92.9580 mm, 88.5876 mm): Segment of BMS_Bypass_5V_SW3601 on F.Silkscreen
[silk_overlap]: Silkscreen overlap
    Rule: board setup constraints silk; warning
    @(92.9580 mm, 85.9366 mm): Segment of BMS_Bypass_5V_SW3601 on F.Silkscreen
    @(90.6750 mm, 87.1250 mm): Polygon of warninglogo1 on F.Silkscreen
[silk_overlap]: Silkscreen overlap
    Rule: board setup constraints silk; warning
    @(90.9320 mm, 87.4776 mm): Circle of BMS_Bypass_5V_SW3601 on F.Silkscreen
    @(90.6750 mm, 87.1250 mm): Polygon of warninglogo1 on F.Silkscreen
[silk_overlap]: Silkscreen overlap
    Rule: board setup constraints silk; warning
    @(90.9250 mm, 82.1650 mm): Segment of warninglogo1 on F.Silkscreen
    @(92.9580 mm, 85.9366 mm): Segment of BMS_Bypass_5V_SW3601 on F.Silkscreen
[silk_overlap]: Silkscreen overlap
    Rule: board setup constraints silk; warning
    @(90.9250 mm, 82.1650 mm): Segment of warninglogo1 on F.Silkscreen
    @(92.9580 mm, 85.9366 mm): Segment of BMS_Bypass_5V_SW3601 on F.Silkscreen
[silk_overlap]: Silkscreen overlap
    Rule: board setup constraints silk; warning
    @(94.9250 mm, 89.0850 mm): Segment of warninglogo1 on F.Silkscreen
    @(92.9580 mm, 89.0186 mm): Segment of BMS_Bypass_5V_SW3601 on F.Silkscreen
[silk_overlap]: Silkscreen overlap
    Rule: board setup constraints silk; warning
    @(90.9320 mm, 87.4776 mm): Circle of BMS_Bypass_5V_SW3601 on F.Silkscreen
    @(90.9250 mm, 88.1250 mm): Circle of warninglogo1 on F.Silkscreen
[silk_overlap]: Silkscreen overlap
    Rule: board setup constraints silk; warning
    @(85.3198 mm, 76.6827 mm): Segment of R175 on F.Silkscreen
    @(85.4981 mm, 76.5037 mm): Segment of C112 on F.Silkscreen
[silk_overlap]: Silkscreen overlap
    Rule: board setup constraints silk; warning
    @(85.3198 mm, 76.6827 mm): Segment of R175 on F.Silkscreen
    @(85.8084 mm, 75.7045 mm): Arc of C112 on F.Silkscreen
[silk_overlap]: Silkscreen overlap
    Rule: board setup constraints silk; warning
    @(90.1908 mm, 57.3550 mm): Polygon on F.Silkscreen
    @(90.8352 mm, 56.7474 mm): Segment of C1403 on F.Silkscreen
[silk_overlap]: Silkscreen overlap
    Rule: board setup constraints silk; warning
    @(90.1908 mm, 57.3550 mm): Polygon on F.Silkscreen
    @(90.8352 mm, 56.5950 mm): Arc of C1403 on F.Silkscreen
[silk_overlap]: Silkscreen overlap
    Rule: board setup constraints silk; warning
    @(104.8025 mm, 60.3925 mm): Polygon of U62 on F.Silkscreen
    @(99.9343 mm, 60.6950 mm): Segment of D36 on F.Silkscreen
[silk_overlap]: Silkscreen overlap
    Rule: board setup constraints silk; warning
    @(102.8351 mm, 18.3501 mm): Segment of U401 on F.Silkscreen
    @(105.4350 mm, 18.4100 mm): Footprint text of U401 (↓12V↑)
[silk_overlap]: Silkscreen overlap
    Rule: board setup constraints silk; warning
    @(105.4350 mm, 18.4100 mm): Footprint text of U401 (↓12V↑)
    @(104.0349 mm, 18.3501 mm): Segment of U401 on F.Silkscreen
[silk_overlap]: Silkscreen overlap
    Rule: board setup constraints silk; warning
    @(96.6944 mm, 18.4189 mm): Footprint text of U42 (↓12V↑)
    @(98.1328 mm, 18.3978 mm): Segment of U42 on F.Silkscreen
[silk_overlap]: Silkscreen overlap
    Rule: board setup constraints silk; warning
    @(96.6944 mm, 18.4189 mm): Footprint text of U42 (↓12V↑)
    @(95.2944 mm, 19.6590 mm): Segment of U42 on F.Silkscreen
[silk_overlap]: Silkscreen overlap
    Rule: board setup constraints silk; warning
    @(96.6944 mm, 18.4189 mm): Footprint text of U42 (↓12V↑)
    @(95.2944 mm, 18.3590 mm): Segment of U42 on F.Silkscreen
[silk_overlap]: Silkscreen overlap
    Rule: board setup constraints silk; warning
    @(96.6944 mm, 18.4189 mm): Footprint text of U42 (↓12V↑)
    @(94.0945 mm, 18.3590 mm): Segment of U42 on F.Silkscreen
[silk_overlap]: Silkscreen overlap
    Rule: board setup constraints silk; warning
    @(102.3042 mm, 79.4394 mm): Reference field of USB2002
    @(100.5794 mm, 80.0218 mm): Segment of D34 on F.Silkscreen
[silk_overlap]: Silkscreen overlap
    Rule: board setup constraints silk; warning
    @(102.3042 mm, 79.4394 mm): Reference field of USB2002
    @(103.3318 mm, 80.0218 mm): Segment of D34 on F.Silkscreen
[silk_overlap]: Silkscreen overlap
    Rule: board setup constraints silk; warning
    @(102.3042 mm, 79.4394 mm): Reference field of USB2002
    @(102.6724 mm, 79.9718 mm): Segment of D34 on F.Silkscreen
[silk_overlap]: Silkscreen overlap
    Rule: board setup constraints silk; warning
    @(103.2556 mm, 80.0980 mm): Polygon of D34 on F.Silkscreen
    @(102.3042 mm, 79.4394 mm): Reference field of USB2002
[silk_overlap]: Silkscreen overlap
    Rule: board setup constraints silk; warning
    @(72.6854 mm, 126.4308 mm): Segment of LED7 on F.Silkscreen
    @(71.3354 mm, 126.7258 mm): Segment of LED6 on F.Silkscreen
[silk_overlap]: Silkscreen overlap
    Rule: board setup constraints silk; warning
    @(71.3354 mm, 126.7258 mm): Segment of LED6 on F.Silkscreen
    @(71.3354 mm, 126.1308 mm): Segment of LED7 on F.Silkscreen
[silk_overlap]: Silkscreen overlap
    Rule: board setup constraints silk; warning
    @(72.6854 mm, 126.4308 mm): Segment of LED7 on F.Silkscreen
    @(72.6854 mm, 126.4257 mm): Segment of LED6 on F.Silkscreen
[silk_overlap]: Silkscreen overlap
    Rule: board setup constraints silk; warning
    @(72.6854 mm, 126.4257 mm): Segment of LED6 on F.Silkscreen
    @(71.3354 mm, 126.1308 mm): Segment of LED7 on F.Silkscreen
[silk_overlap]: Silkscreen overlap
    Rule: board setup constraints silk; warning
    @(73.0654 mm, 126.4237 mm): Segment of LED6 on F.Silkscreen
    @(73.0654 mm, 126.4283 mm): Segment of LED7 on F.Silkscreen
[silk_overlap]: Silkscreen overlap
    Rule: board setup constraints silk; warning
    @(73.0654 mm, 126.4237 mm): Segment of LED6 on F.Silkscreen
    @(74.2154 mm, 124.9283 mm): Segment of LED7 on F.Silkscreen
[silk_overlap]: Silkscreen overlap
    Rule: board setup constraints silk; warning
    @(74.2154 mm, 126.4237 mm): Segment of LED6 on F.Silkscreen
    @(73.0654 mm, 126.4283 mm): Segment of LED7 on F.Silkscreen
[silk_overlap]: Silkscreen overlap
    Rule: board setup constraints silk; warning
    @(74.2154 mm, 126.4237 mm): Segment of LED6 on F.Silkscreen
    @(74.2154 mm, 124.9283 mm): Segment of LED7 on F.Silkscreen
[silk_overlap]: Silkscreen overlap
    Rule: board setup constraints silk; warning
    @(230.4278 mm, 27.2554 mm): Reference field of R120
    @(230.1905 mm, 26.6979 mm): Segment of R119 on F.Silkscreen
[silk_overlap]: Silkscreen overlap
    Rule: board setup constraints silk; warning
    @(47.0848 mm, 41.2844 mm): Reference field of C2401
    @(56.2102 mm, 33.0708 mm): Polygon of R18 on F.Silkscreen
[silk_overlap]: Silkscreen overlap
    Rule: board setup constraints silk; warning
[silk_overlap]: Silkscreen overlap
    Rule: board setup constraints silk; warning
    @(59.6500 mm, 71.2600 mm): Reference field of D1
    @(58.2742 mm, 70.8350 mm): Segment of -BatMains+1 on F.Silkscreen
[silk_overlap]: Silkscreen overlap
    Rule: board setup constraints silk; warning
    @(27.1750 mm, 20.2025 mm): Segment of R183 on F.Silkscreen
    @(27.1750 mm, 20.0565 mm): Segment of R182 on F.Silkscreen
[silk_overlap]: Silkscreen overlap
    Rule: board setup constraints silk; warning
    @(27.1750 mm, 20.2025 mm): Segment of R183 on F.Silkscreen
    @(27.8930 mm, 20.0565 mm): Segment of R182 on F.Silkscreen
[silk_overlap]: Silkscreen overlap
    Rule: board setup constraints silk; warning
    @(27.1750 mm, 21.1995 mm): Segment of R183 on F.Silkscreen
    @(27.1750 mm, 20.0565 mm): Segment of R182 on F.Silkscreen
[silk_overlap]: Silkscreen overlap
    Rule: board setup constraints silk; warning
    @(27.8930 mm, 20.0565 mm): Segment of R182 on F.Silkscreen
    @(27.1750 mm, 21.1995 mm): Segment of R183 on F.Silkscreen
[silk_overlap]: Silkscreen overlap
    Rule: board setup constraints silk; warning
    @(27.1750 mm, 21.3455 mm): Segment of R184 on F.Silkscreen
    @(27.1750 mm, 21.1995 mm): Segment of R183 on F.Silkscreen
[silk_overlap]: Silkscreen overlap
    Rule: board setup constraints silk; warning
    @(27.1750 mm, 22.3425 mm): Segment of R184 on F.Silkscreen
    @(27.1750 mm, 21.1995 mm): Segment of R183 on F.Silkscreen
[silk_overlap]: Silkscreen overlap
    Rule: board setup constraints silk; warning
    @(27.1750 mm, 21.3455 mm): Segment of R184 on F.Silkscreen
    @(27.8930 mm, 21.1995 mm): Segment of R183 on F.Silkscreen
[silk_overlap]: Silkscreen overlap
    Rule: board setup constraints silk; warning
    @(27.1750 mm, 22.3425 mm): Segment of R184 on F.Silkscreen
    @(27.8930 mm, 21.1995 mm): Segment of R183 on F.Silkscreen
[silk_overlap]: Silkscreen overlap
    Rule: board setup constraints silk; warning
    @(29.0630 mm, 21.1995 mm): Segment of R183 on F.Silkscreen
    @(28.3450 mm, 20.0565 mm): Segment of R182 on F.Silkscreen
[silk_overlap]: Silkscreen overlap
    Rule: board setup constraints silk; warning
    @(29.0630 mm, 21.1995 mm): Segment of R183 on F.Silkscreen
    @(29.0630 mm, 20.0565 mm): Segment of R182 on F.Silkscreen
[silk_overlap]: Silkscreen overlap
    Rule: board setup constraints silk; warning
    @(29.0630 mm, 21.1995 mm): Segment of R183 on F.Silkscreen
    @(29.0630 mm, 22.3425 mm): Segment of R184 on F.Silkscreen
[silk_overlap]: Silkscreen overlap
    Rule: board setup constraints silk; warning
    @(29.0630 mm, 21.1995 mm): Segment of R183 on F.Silkscreen
    @(29.0630 mm, 21.3455 mm): Segment of R184 on F.Silkscreen
[silk_overlap]: Silkscreen overlap
    Rule: board setup constraints silk; warning
    @(28.3450 mm, 21.1995 mm): Segment of R183 on F.Silkscreen
    @(29.0630 mm, 22.3425 mm): Segment of R184 on F.Silkscreen
[silk_overlap]: Silkscreen overlap
    Rule: board setup constraints silk; warning
    @(29.0630 mm, 21.3455 mm): Segment of R184 on F.Silkscreen
    @(28.3450 mm, 21.1995 mm): Segment of R183 on F.Silkscreen
[silk_overlap]: Silkscreen overlap
    Rule: board setup constraints silk; warning
    @(29.0630 mm, 20.2025 mm): Segment of R183 on F.Silkscreen
    @(28.3450 mm, 20.0565 mm): Segment of R182 on F.Silkscreen
[silk_overlap]: Silkscreen overlap
    Rule: board setup constraints silk; warning
    @(29.0630 mm, 20.2025 mm): Segment of R183 on F.Silkscreen
    @(29.0630 mm, 20.0565 mm): Segment of R182 on F.Silkscreen
[silk_overlap]: Silkscreen overlap
    Rule: board setup constraints silk; warning
    @(20.4470 mm, 47.1170 mm): Rectangle on F.Silkscreen
    @(29.9232 mm, 47.1600 mm): Segment of H3 on F.Silkscreen
[silk_overlap]: Silkscreen overlap
    Rule: board setup constraints silk; warning
    @(20.4470 mm, 47.1170 mm): Rectangle on F.Silkscreen
    @(27.3832 mm, 47.1600 mm): Segment of H3 on F.Silkscreen
[silk_overlap]: Silkscreen overlap
    Rule: board setup constraints silk; warning
    @(20.4470 mm, 47.1170 mm): Rectangle on F.Silkscreen
    @(29.9232 mm, 47.1600 mm): Segment of H3 on F.Silkscreen
[silk_overlap]: Silkscreen overlap
    Rule: board setup constraints silk; warning
    @(139.9172 mm, 58.6039 mm): Segment of R269 on B.Silkscreen
    @(139.7892 mm, 58.5959 mm): Segment of R268 on B.Silkscreen
[silk_overlap]: Silkscreen overlap
    Rule: board setup constraints silk; warning
    @(139.9172 mm, 58.6039 mm): Segment of R269 on B.Silkscreen
    @(139.7892 mm, 59.3139 mm): Segment of R268 on B.Silkscreen
[silk_overlap]: Silkscreen overlap
    Rule: board setup constraints silk; warning
    @(139.7892 mm, 58.5959 mm): Segment of R268 on B.Silkscreen
    @(139.9172 mm, 59.3219 mm): Segment of R269 on B.Silkscreen
[silk_overlap]: Silkscreen overlap
    Rule: board setup constraints silk; warning
    @(139.7892 mm, 59.3139 mm): Segment of R268 on B.Silkscreen
    @(139.9172 mm, 59.3219 mm): Segment of R269 on B.Silkscreen
[silk_overlap]: Silkscreen overlap
    Rule: board setup constraints silk; warning
    @(139.7892 mm, 59.7659 mm): Segment of R268 on B.Silkscreen
    @(139.9172 mm, 59.7739 mm): Segment of R269 on B.Silkscreen
[silk_overlap]: Silkscreen overlap
    Rule: board setup constraints silk; warning
    @(139.7892 mm, 60.4839 mm): Segment of R268 on B.Silkscreen
    @(139.9172 mm, 59.7739 mm): Segment of R269 on B.Silkscreen
[silk_overlap]: Silkscreen overlap
    Rule: board setup constraints silk; warning
    @(139.9172 mm, 60.4919 mm): Segment of R269 on B.Silkscreen
    @(139.7892 mm, 59.7659 mm): Segment of R268 on B.Silkscreen
[silk_overlap]: Silkscreen overlap
    Rule: board setup constraints silk; warning
    @(139.9172 mm, 60.4919 mm): Segment of R269 on B.Silkscreen
    @(139.7892 mm, 60.4839 mm): Segment of R268 on B.Silkscreen
[silk_overlap]: Silkscreen overlap
    Rule: board setup constraints silk; warning
    @(115.6000 mm, 27.5500 mm): Segment of C2601 on B.Silkscreen
    @(116.2864 mm, 27.4238 mm): Segment of C2602 on B.Silkscreen
[silk_overlap]: Silkscreen overlap
    Rule: board setup constraints silk; warning
    @(115.6000 mm, 27.5500 mm): Segment of C2601 on B.Silkscreen
    @(116.4388 mm, 27.4238 mm): Arc of C2602 on B.Silkscreen
[silk_overlap]: Silkscreen overlap
    Rule: board setup constraints silk; warning
    @(116.1000 mm, 28.0500 mm): Segment of C2601 on B.Silkscreen
    @(116.2864 mm, 27.4238 mm): Segment of C2602 on B.Silkscreen
[silk_overlap]: Silkscreen overlap
    Rule: board setup constraints silk; warning
    @(116.4388 mm, 27.4238 mm): Arc of C2602 on B.Silkscreen
    @(116.1000 mm, 28.0500 mm): Segment of C2601 on B.Silkscreen
[silk_overlap]: Silkscreen overlap
    Rule: board setup constraints silk; warning
    @(122.5945 mm, 24.5350 mm): Segment of C131 on B.Silkscreen
    @(121.4650 mm, 24.5895 mm): Segment of R52 on B.Silkscreen
[silk_overlap]: Silkscreen overlap
    Rule: board setup constraints silk; warning
    @(121.7950 mm, 24.2250 mm): Arc of C131 on B.Silkscreen
    @(121.4650 mm, 24.5895 mm): Segment of R52 on B.Silkscreen
[silk_overlap]: Silkscreen overlap
    Rule: board setup constraints silk; warning
    @(121.4650 mm, 25.9105 mm): Segment of R52 on B.Silkscreen
    @(121.4650 mm, 26.0145 mm): Segment of R51 on B.Silkscreen
[silk_overlap]: Silkscreen overlap
    Rule: board setup constraints silk; warning
    @(121.4650 mm, 25.9105 mm): Segment of R52 on B.Silkscreen
    @(121.4650 mm, 27.3355 mm): Segment of R51 on B.Silkscreen
[silk_overlap]: Silkscreen overlap
    Rule: board setup constraints silk; warning
    @(121.4650 mm, 25.9105 mm): Segment of R52 on B.Silkscreen
    @(121.7950 mm, 24.2250 mm): Arc of C131 on B.Silkscreen
[silk_overlap]: Silkscreen overlap
    Rule: board setup constraints silk; warning
    @(121.4650 mm, 26.0145 mm): Segment of R51 on B.Silkscreen
    @(122.4240 mm, 25.9105 mm): Segment of R52 on B.Silkscreen
[silk_overlap]: Silkscreen overlap
    Rule: board setup constraints silk; warning
    @(121.4650 mm, 27.3355 mm): Segment of R51 on B.Silkscreen
    @(122.4240 mm, 25.9105 mm): Segment of R52 on B.Silkscreen
[silk_overlap]: Silkscreen overlap
    Rule: board setup constraints silk; warning
    @(123.2760 mm, 25.9105 mm): Segment of R52 on B.Silkscreen
    @(124.2350 mm, 26.0145 mm): Segment of R51 on B.Silkscreen
[silk_overlap]: Silkscreen overlap
    Rule: board setup constraints silk; warning
    @(123.2760 mm, 25.9105 mm): Segment of R52 on B.Silkscreen
    @(124.2350 mm, 27.3355 mm): Segment of R51 on B.Silkscreen
[silk_overlap]: Silkscreen overlap
    Rule: board setup constraints silk; warning
    @(124.2350 mm, 24.5895 mm): Segment of R52 on B.Silkscreen
    @(123.1550 mm, 24.5345 mm): Segment of C131 on B.Silkscreen
[copper_sliver]: Copper sliver (F.Cu)
    Local override; warning
[copper_sliver]: Copper sliver (F.Cu)
    Local override; warning
[copper_sliver]: Copper sliver (F.Cu)
    Local override; warning

** Found 220 unconnected pads **
[unconnected_items]: Missing connection between items
    Local override; error
    @(31.3044 mm, 29.1618 mm): Pad 14 [GND] of U78 on F.Cu
    @(34.7572 mm, 24.5110 mm): Track [GND] on B.Cu, length 0.9297 mm
[unconnected_items]: Missing connection between items
    Local override; error
    @(56.9750 mm, 27.0425 mm): Pad 33 [GND] of U85 on B.Cu
    @(60.3735 mm, 24.3015 mm): Track [GND] on B.Cu, length 1.4015 mm
[unconnected_items]: Missing connection between items
    Local override; error
    @(100.3250 mm, 47.8750 mm): Zone [GND] on F.Cu, priority 72
    @(95.7900 mm, 60.7500 mm): Pad 1 [GND] of R1908 on F.Cu
[unconnected_items]: Missing connection between items
    Local override; error
    @(100.7150 mm, 77.6224 mm): Pad 2 [GND] of C2001 on F.Cu
    @(102.3272 mm, 78.6702 mm): Track [GND] on B.Cu, length 0.8000 mm
[unconnected_items]: Missing connection between items
    Local override; error
    @(117.9100 mm, 105.3450 mm): PTH pad 16 [GND] of U28
    @(117.9100 mm, 106.6150 mm): PTH pad 15 [GND] of U28
[unconnected_items]: Missing connection between items
    Local override; error
    @(117.9100 mm, 105.3450 mm): PTH pad 16 [GND] of U28
    @(106.6292 mm, 85.3694 mm): PTH pad 18 [GND] of USB2002
[unconnected_items]: Missing connection between items
    Local override; error
    @(140.0000 mm, 62.5000 mm): Zone [GND] on F.Cu, priority 64
    @(155.8000 mm, 75.5285 mm): Pad 2 [GND] of R21 on F.Cu
[unconnected_items]: Missing connection between items
    Local override; error
    @(143.5750 mm, 32.6750 mm): Pad 2 [GND] of U1 on B.Cu
    @(144.0750 mm, 32.6750 mm): Pad 3 [GND] of U1 on B.Cu
[unconnected_items]: Missing connection between items
    Local override; error
    @(143.5750 mm, 32.6750 mm): Pad 2 [GND] of U1 on B.Cu
    @(139.4500 mm, 33.4002 mm): PTH pad 4 [GND] of CN2301
[unconnected_items]: Missing connection between items
    Local override; error
    @(144.0750 mm, 32.6750 mm): Pad 3 [GND] of U1 on B.Cu
    @(144.7500 mm, 33.8500 mm): Pad 6 [GND] of U1 on B.Cu
[unconnected_items]: Missing connection between items
    Local override; error
    @(144.7500 mm, 34.3500 mm): Pad 7 [GND] of U1 on B.Cu
    @(144.7500 mm, 33.8500 mm): Pad 6 [GND] of U1 on B.Cu
[unconnected_items]: Missing connection between items
    Local override; error
    @(155.8000 mm, 75.5285 mm): Pad 2 [GND] of R21 on F.Cu
    @(159.7740 mm, 73.7800 mm): Pad 2 [GND] of Q3 on F.Cu
[unconnected_items]: Missing connection between items
    Local override; error
    @(159.7740 mm, 73.7800 mm): Pad 2 [GND] of Q3 on F.Cu
    @(192.7350 mm, 87.1600 mm): Pad 2 [GND] of C15 on F.Cu
[unconnected_items]: Missing connection between items
    Local override; error
    @(169.4990 mm, 23.6438 mm): Pad 1 [GND] of R8 on F.Cu
    @(169.4990 mm, 25.4063 mm): Pad 1 [GND] of R7 on F.Cu
[unconnected_items]: Missing connection between items
    Local override; error
    @(169.4990 mm, 23.6438 mm): Pad 1 [GND] of R8 on F.Cu
    @(196.7990 mm, 22.4255 mm): Via [GND] on F.Cu - B.Cu
[unconnected_items]: Missing connection between items
    Local override; error
    @(169.4990 mm, 27.1688 mm): Pad 1 [GND] of R5 on F.Cu
    @(169.4990 mm, 25.4063 mm): Pad 1 [GND] of R7 on F.Cu
[unconnected_items]: Missing connection between items
    Local override; error
    @(169.4990 mm, 27.1688 mm): Pad 1 [GND] of R5 on F.Cu
    @(169.4990 mm, 28.9313 mm): Pad 1 [GND] of R4 on F.Cu
[unconnected_items]: Missing connection between items
    Local override; error
    @(169.4990 mm, 28.9313 mm): Pad 1 [GND] of R4 on F.Cu
    @(169.4990 mm, 30.6938 mm): Pad 1 [GND] of R2 on F.Cu
[unconnected_items]: Missing connection between items
    Local override; error
    @(169.4990 mm, 30.6938 mm): Pad 1 [GND] of R2 on F.Cu
    @(144.7500 mm, 33.8500 mm): Pad 6 [GND] of U1 on B.Cu
[unconnected_items]: Missing connection between items
    Local override; error
    @(191.2815 mm, 92.1800 mm): Pad 1 [GND] of R15 on F.Cu
    @(199.3279 mm, 103.1199 mm): Pad 1 [GND] of R10 on F.Cu
[unconnected_items]: Missing connection between items
    Local override; error
    @(192.7350 mm, 87.1600 mm): Pad 2 [GND] of C15 on F.Cu
    @(191.2815 mm, 92.1800 mm): Pad 1 [GND] of R15 on F.Cu
[unconnected_items]: Missing connection between items
    Local override; error
    @(192.7350 mm, 87.1600 mm): Pad 2 [GND] of C15 on F.Cu
    @(222.5390 mm, 78.3450 mm): Pad 1 [GND] of CN2 on F.Cu
[unconnected_items]: Missing connection between items
    Local override; error
    @(201.7250 mm, 115.1400 mm): Pad 1 [GND] of C56 on F.Cu
    @(210.6550 mm, 123.1900 mm): Pad 1 [GND] of JP1 on F.Cu
[unconnected_items]: Missing connection between items
    Local override; error
    @(201.7250 mm, 115.1400 mm): Pad 1 [GND] of C56 on F.Cu
    @(199.3279 mm, 103.1199 mm): Pad 1 [GND] of R10 on F.Cu
[unconnected_items]: Missing connection between items
    Local override; error
    @(210.6550 mm, 123.1900 mm): Pad 1 [GND] of JP1 on F.Cu
    @(204.1250 mm, 130.9750 mm): Pad 3 [GND] of U45 on F.Cu
[unconnected_items]: Missing connection between items
    Local override; error
    @(223.0972 mm, 57.2938 mm): Pad 1 [GND] of C10 on F.Cu
    @(233.2750 mm, 41.9000 mm): Pad 1 [GND] of C79 on F.Cu
[unconnected_items]: Missing connection between items
    Local override; error
    @(223.0972 mm, 60.6314 mm): Pad 1 [GND] of C11 on F.Cu
    @(223.0972 mm, 57.2938 mm): Pad 1 [GND] of C10 on F.Cu
[unconnected_items]: Missing connection between items
    Local override; error
    @(223.0972 mm, 63.9690 mm): Pad 1 [GND] of C12 on F.Cu
    @(223.0972 mm, 60.6314 mm): Pad 1 [GND] of C11 on F.Cu
[unconnected_items]: Missing connection between items
    Local override; error
    @(223.0972 mm, 63.9690 mm): Pad 1 [GND] of C12 on F.Cu
    @(222.5390 mm, 78.3450 mm): Pad 1 [GND] of CN2 on F.Cu
[unconnected_items]: Missing connection between items
    Local override; error
    @(233.2750 mm, 41.9000 mm): Pad 1 [GND] of C79 on F.Cu
    @(241.4950 mm, 12.7153 mm): Pad 1 [GND] of C109 on F.Cu
[unconnected_items]: Missing connection between items
    Local override; error
    @(245.0907 mm, 152.3252 mm): Pad 1 [GND] of C117 on F.Cu
    @(210.6550 mm, 123.1900 mm): Pad 1 [GND] of JP1 on F.Cu
[unconnected_items]: Missing connection between items
    Local override; error
    @(245.0907 mm, 154.8352 mm): Pad 1 [GND] of C118 on F.Cu
    @(245.0907 mm, 152.3252 mm): Pad 1 [GND] of C117 on F.Cu
[unconnected_items]: Missing connection between items
    Local override; error
    @(245.0907 mm, 154.8352 mm): Pad 1 [GND] of C118 on F.Cu
    @(265.4407 mm, 158.2902 mm): Pad 2 [GND] of U67 on F.Cu
[unconnected_items]: Missing connection between items
    Local override; error
    @(274.5607 mm, 147.8152 mm): Pad 1 [GND] of C80 on F.Cu
    @(265.4407 mm, 158.2902 mm): Pad 2 [GND] of U67 on F.Cu
[unconnected_items]: Missing connection between items
    Local override; error
    @(282.0582 mm, 105.5102 mm): Pad 1 [GND] of C14 on F.Cu
    @(308.7602 mm, 118.5222 mm): Pad 1 [GND] of C18 on F.Cu
[unconnected_items]: Missing connection between items
    Local override; error
    @(282.0582 mm, 105.5102 mm): Pad 1 [GND] of C14 on F.Cu
    @(274.5607 mm, 147.8152 mm): Pad 1 [GND] of C80 on F.Cu
[unconnected_items]: Missing connection between items
    Local override; error
    @(305.3782 mm, 167.0647 mm): Pad 1 [GND] of C78 on F.Cu
    @(274.5607 mm, 147.8152 mm): Pad 1 [GND] of C80 on F.Cu
[unconnected_items]: Missing connection between items
    Local override; error
    @(308.7602 mm, 121.1962 mm): Pad 1 [GND] of C19 on F.Cu
    @(308.7602 mm, 118.5222 mm): Pad 1 [GND] of C18 on F.Cu
[unconnected_items]: Missing connection between items
    Local override; error
    @(29.2226 mm, 68.4276 mm): Pad 6 [+3V3] of U81 on B.Cu
    @(37.5000 mm, 84.0100 mm): Pad 1 [+3V3] of R1701 on B.Cu
[unconnected_items]: Missing connection between items
    Local override; error
    @(37.7044 mm, 20.7118 mm): Pad 28 [+3V3] of U78 on F.Cu
    @(37.7044 mm, 23.3118 mm): Pad 24 [+3V3] of U78 on F.Cu
[unconnected_items]: Missing connection between items
    Local override; error
    @(49.3000 mm, 36.1500 mm): Track [+3V3] on B.Cu, length 3.4500 mm
    @(37.7044 mm, 23.3118 mm): Pad 24 [+3V3] of U78 on F.Cu
[unconnected_items]: Missing connection between items
    Local override; error
    @(53.1813 mm, 40.8500 mm): Track [+3V3] on B.Cu, length 2.3538 mm
    @(29.2100 mm, 65.3542 mm): Track [+3V3] on B.Cu, length 1.4986 mm
[unconnected_items]: Missing connection between items
    Local override; error
    @(53.3000 mm, 35.3000 mm): Pad 1 [+3V3] of C89 on B.Cu
    @(59.8424 mm, 28.3005 mm): Track [+3V3] on B.Cu, length 0.4599 mm
[unconnected_items]: Missing connection between items
    Local override; error
    @(59.3825 mm, 26.2925 mm): Pad 27 [+3V3] of U85 on B.Cu
    @(59.3825 mm, 28.2925 mm): Pad 31 [+3V3] of U85 on B.Cu
[unconnected_items]: Missing connection between items
    Local override; error
    @(61.6750 mm, 29.5835 mm): Pad 2 [+3V3] of R242 on B.Cu
    @(60.6250 mm, 28.6900 mm): Pad 2 [+3V3] of R241 on B.Cu
[unconnected_items]: Missing connection between items
    Local override; error
    @(61.6750 mm, 29.5835 mm): Pad 2 [+3V3] of R242 on B.Cu
    @(72.1682 mm, 40.8500 mm): Track [+3V3] on In3.Cu, length 1.8182 mm
[unconnected_items]: Missing connection between items
    Local override; error
    @(69.4958 mm, 134.0366 mm): Pad 2 [+3V3] of R79 on F.Cu
    @(72.1746 mm, 131.7911 mm): Pad 1 [+3V3] of R609 on F.Cu
[unconnected_items]: Missing connection between items
    Local override; error
    @(69.4958 mm, 134.0366 mm): Pad 2 [+3V3] of R79 on F.Cu
    @(68.3228 mm, 130.4166 mm): Pad 1 [+3V3] of R74 on F.Cu
[unconnected_items]: Missing connection between items
    Local override; error
    @(70.0458 mm, 113.2266 mm): Pad 2 [+3V3] of R77 on F.Cu
    @(68.3228 mm, 130.4166 mm): Pad 1 [+3V3] of R74 on F.Cu
[unconnected_items]: Missing connection between items
    Local override; error
    @(70.0458 mm, 113.2266 mm): Pad 2 [+3V3] of R77 on F.Cu
    @(36.7030 mm, 84.8070 mm): Track [+3V3] on B.Cu, length 1.6800 mm
[unconnected_items]: Missing connection between items
    Local override; error
    @(92.0300 mm, 54.8020 mm): Pad 3 [+3V3] of U44 on B.Cu
    @(95.7400 mm, 59.3750 mm): Pad 2 [+3V3] of R1907 on F.Cu
[unconnected_items]: Missing connection between items
    Local override; error
    @(92.6200 mm, 52.3000 mm): Track [+3V3] on B.Cu, length 0.6900 mm
    @(78.3685 mm, 43.1685 mm): Track [+3V3] on F.Cu, length 1.7630 mm
[unconnected_items]: Missing connection between items
    Local override; error
    @(96.0539 mm, 48.3760 mm): Track [+3V3] on B.Cu, length 2.7701 mm
    @(94.2500 mm, 52.3000 mm): Track [+3V3] on B.Cu, length 1.6300 mm
[unconnected_items]: Missing connection between items
    Local override; error
    @(106.2549 mm, 45.6750 mm): Track [+3V3] on B.Cu, length 1.4750 mm
    @(111.3600 mm, 56.3000 mm): Pad 1 [+3V3] of R1901 on B.Cu
[unconnected_items]: Missing connection between items
    Local override; error
    @(109.7066 mm, 75.9968 mm): Pad 1 [+3V3] of R2008 on B.Cu
    @(111.3600 mm, 56.3000 mm): Pad 1 [+3V3] of R1901 on B.Cu
[unconnected_items]: Missing connection between items
    Local override; error
    @(111.3600 mm, 56.3000 mm): Pad 1 [+3V3] of R1901 on B.Cu
    @(121.6850 mm, 45.9250 mm): PTH pad 3 [+3V3] of J103
[unconnected_items]: Missing connection between items
    Local override; error
    @(116.6400 mm, 106.6150 mm): PTH pad 13 [+3V3] of U28
    @(109.7066 mm, 76.6532 mm): Track [+3V3] on B.Cu, length 0.5804 mm
[unconnected_items]: Missing connection between items
    Local override; error
    @(117.7895 mm, 16.6400 mm): Pad 2 [+3V3] of R69 on F.Cu
    @(116.3000 mm, 16.6250 mm): Pad 2 [+3V3] of R71 on F.Cu
[unconnected_items]: Missing connection between items
    Local override; error
    @(117.7895 mm, 16.6400 mm): Pad 2 [+3V3] of R69 on F.Cu
    @(122.2792 mm, 23.0542 mm): Track [+3V3] on In3.Cu, length 0.7160 mm
[unconnected_items]: Missing connection between items
    Local override; error
    @(123.9100 mm, 43.7000 mm): Track [+3V3] on In3.Cu, length 1.2150 mm
    @(137.4157 mm, 59.6899 mm): Track [+3V3] on B.Cu, length 1.6420 mm
[unconnected_items]: Missing connection between items
    Local override; error
    @(142.2590 mm, 59.0433 mm): Track [+3V3] on B.Cu, length 1.0077 mm
    @(140.4407 mm, 59.1149 mm): Track [+3V3] on B.Cu, length 0.0750 mm
[unconnected_items]: Missing connection between items
    Local override; error
    @(143.0750 mm, 32.6750 mm): Pad 1 [+3V3] of U1 on B.Cu
    @(125.1250 mm, 33.3750 mm): Track [+3V3] on In3.Cu, length 4.1366 mm
[unconnected_items]: Missing connection between items
    Local override; error
    @(144.5750 mm, 35.0250 mm): Pad 8 [+3V3] of U1 on B.Cu
    @(144.7500 mm, 33.3500 mm): Pad 5 [+3V3] of U1 on B.Cu
[unconnected_items]: Missing connection between items
    Local override; error
    @(144.7500 mm, 33.3500 mm): Pad 5 [+3V3] of U1 on B.Cu
    @(143.0750 mm, 32.6750 mm): Pad 1 [+3V3] of U1 on B.Cu
[unconnected_items]: Missing connection between items
    Local override; error
    @(144.2157 mm, 60.8675 mm): Track [+3V3] on B.Cu, length 4.1243 mm
    @(161.9000 mm, 72.9250 mm): Pad 1 [+3V3] of R20 on F.Cu
[unconnected_items]: Missing connection between items
    Local override; error
    @(172.8000 mm, 27.1492 mm): Pad 2 [+3V3] of LED3 on F.Cu
    @(144.7500 mm, 33.3500 mm): Pad 5 [+3V3] of U1 on B.Cu
[unconnected_items]: Missing connection between items
    Local override; error
    @(191.3350 mm, 87.1600 mm): Pad 1 [+3V3] of C15 on F.Cu
    @(192.7885 mm, 94.6900 mm): Pad 2 [+3V3] of R17 on F.Cu
[unconnected_items]: Missing connection between items
    Local override; error
    @(191.3350 mm, 87.1600 mm): Pad 1 [+3V3] of C15 on F.Cu
    @(161.9000 mm, 72.9250 mm): Pad 1 [+3V3] of R20 on F.Cu
[unconnected_items]: Missing connection between items
    Local override; error
    @(192.7885 mm, 94.6900 mm): Pad 2 [+3V3] of R17 on F.Cu
    @(207.1885 mm, 107.6100 mm): Pad 2 [+3V3] of R107 on F.Cu
[unconnected_items]: Missing connection between items
    Local override; error
    @(203.1250 mm, 115.1400 mm): Pad 2 [+3V3] of C56 on F.Cu
    @(204.1250 mm, 126.2750 mm): Pad 8 [+3V3] of U45 on F.Cu
[unconnected_items]: Missing connection between items
    Local override; error
    @(203.1250 mm, 130.9750 mm): Pad 1 [+3V3] of U45 on F.Cu
    @(246.4907 mm, 152.3252 mm): Pad 2 [+3V3] of C117 on F.Cu
[unconnected_items]: Missing connection between items
    Local override; error
    @(204.1250 mm, 126.2750 mm): Pad 8 [+3V3] of U45 on F.Cu
    @(203.1250 mm, 130.9750 mm): Pad 1 [+3V3] of U45 on F.Cu
[unconnected_items]: Missing connection between items
    Local override; error
    @(207.1885 mm, 107.6100 mm): Pad 2 [+3V3] of R107 on F.Cu
    @(203.1250 mm, 115.1400 mm): Pad 2 [+3V3] of C56 on F.Cu
[unconnected_items]: Missing connection between items
    Local override; error
    @(231.2528 mm, 21.1554 mm): Pad 2 [+3V3] of R117 on F.Cu
    @(231.2528 mm, 23.6654 mm): Pad 2 [+3V3] of R118 on F.Cu
[unconnected_items]: Missing connection between items
    Local override; error
    @(231.2528 mm, 23.6654 mm): Pad 2 [+3V3] of R118 on F.Cu
    @(231.2528 mm, 26.1754 mm): Pad 2 [+3V3] of R119 on F.Cu
[unconnected_items]: Missing connection between items
    Local override; error
    @(231.2528 mm, 26.1754 mm): Pad 2 [+3V3] of R119 on F.Cu
    @(172.8000 mm, 27.1492 mm): Pad 2 [+3V3] of LED3 on F.Cu
[unconnected_items]: Missing connection between items
    Local override; error
    @(231.2528 mm, 28.6854 mm): Pad 2 [+3V3] of R120 on F.Cu
    @(231.2528 mm, 26.1754 mm): Pad 2 [+3V3] of R119 on F.Cu
[unconnected_items]: Missing connection between items
    Local override; error
    @(234.6750 mm, 41.9000 mm): Pad 2 [+3V3] of C79 on F.Cu
    @(231.2528 mm, 28.6854 mm): Pad 2 [+3V3] of R120 on F.Cu
[unconnected_items]: Missing connection between items
    Local override; error
    @(246.4907 mm, 154.8352 mm): Pad 2 [+3V3] of C118 on F.Cu
    @(246.4907 mm, 152.3252 mm): Pad 2 [+3V3] of C117 on F.Cu
[unconnected_items]: Missing connection between items
    Local override; error
    @(246.4907 mm, 154.8352 mm): Pad 2 [+3V3] of C118 on F.Cu
    @(264.4907 mm, 156.0902 mm): Pad 5 [+3V3] of U67 on F.Cu
[unconnected_items]: Missing connection between items
    Local override; error
    @(276.0142 mm, 150.3252 mm): Pad 2 [+3V3] of R145 on F.Cu
    @(264.4907 mm, 156.0902 mm): Pad 5 [+3V3] of U67 on F.Cu
[unconnected_items]: Missing connection between items
    Local override; error
    @(276.0142 mm, 150.3252 mm): Pad 2 [+3V3] of R145 on F.Cu
    @(283.4582 mm, 105.5102 mm): Pad 2 [+3V3] of C14 on F.Cu
[unconnected_items]: Missing connection between items
    Local override; error
    @(306.7782 mm, 167.0647 mm): Pad 2 [+3V3] of C78 on F.Cu
    @(276.0142 mm, 150.3252 mm): Pad 2 [+3V3] of R145 on F.Cu
[unconnected_items]: Missing connection between items
    Local override; error
    @(310.1602 mm, 118.5222 mm): Pad 2 [+3V3] of C18 on F.Cu
    @(283.4582 mm, 105.5102 mm): Pad 2 [+3V3] of C14 on F.Cu
[unconnected_items]: Missing connection between items
    Local override; error
    @(133.1000 mm, 35.3500 mm): Pad 2 [+5V] of C83 on F.Cu
    @(116.6400 mm, 105.3450 mm): PTH pad 14 [+5V] of U28
[unconnected_items]: Missing connection between items
    Local override; error
    @(172.8000 mm, 28.8983 mm): Pad 2 [+5V] of LED2 on F.Cu
    @(135.4000 mm, 32.1490 mm): Track [+5V] on B.Cu, length 1.5510 mm
[unconnected_items]: Missing connection between items
    Local override; error
    @(310.1602 mm, 121.1962 mm): Pad 2 [+5V] of C19 on F.Cu
    @(172.8000 mm, 28.8983 mm): Pad 2 [+5V] of LED2 on F.Cu
[unconnected_items]: Missing connection between items
    Local override; error
    @(110.0000 mm, 51.9200 mm): Pad 5 [VCC] of U701 on B.Cu
    @(120.0147 mm, 39.1163 mm): Pad 2 [VCC] of U103 on F.Cu
[unconnected_items]: Missing connection between items
    Local override; error
    @(121.2039 mm, 39.1163 mm): Track [VCC] on F.Cu, length 0.7206 mm
    @(172.8000 mm, 25.4000 mm): Pad 2 [VCC] of LED4 on F.Cu
[unconnected_items]: Missing connection between items
    Local override; error
    @(89.0315 mm, 67.0560 mm): Track [VSS] on F.Cu, length 2.4000 mm
    @(87.0251 mm, 63.7239 mm): Track [VSS] on B.Cu, length 1.6590 mm
[unconnected_items]: Missing connection between items
    Local override; error
    @(74.9557 mm, 48.0624 mm): Pad 2 [PACK+] of C901 on B.Cu
    @(73.2796 mm, 46.0000 mm): Track [PACK+] on In3.Cu, length 2.3340 mm
[unconnected_items]: Missing connection between items
    Local override; error
    @(142.2500 mm, 46.5000 mm): Track [+12V] on F.Cu, length 0.0707 mm
    @(172.8000 mm, 30.6474 mm): Pad 2 [+12V] of LED1 on F.Cu
[unconnected_items]: Missing connection between items
    Local override; error
    @(124.6310 mm, 57.8560 mm): Pad 15 [IN-CHARGING-VCC-LIMITED] of U30 on F.Cu
    @(121.1700 mm, 52.1210 mm): Pad 3 [IN-CHARGING-VCC-LIMITED] of Q602 on F.Cu
[unconnected_items]: Missing connection between items
    Local override; error
    @(25.0026 mm, 68.9276 mm): Pad 4 [SDA_SLOW] of U81 on B.Cu
    @(56.7412 mm, 39.0630 mm): Track [SDA_SLOW] on B.Cu, length 0.3412 mm
[unconnected_items]: Missing connection between items
    Local override; error
    @(37.7044 mm, 21.3618 mm): Pad 27 [SDA_SLOW] of U78 on F.Cu
    @(59.3825 mm, 27.7925 mm): Pad 30 [SDA_SLOW] of U85 on B.Cu
[unconnected_items]: Missing connection between items
    Local override; error
    @(57.9350 mm, 38.7336 mm): Pad 2 [SDA_SLOW] of U72 on B.Cu
    @(60.0810 mm, 27.7985 mm): Track [SDA_SLOW] on B.Cu, length 0.3638 mm
[unconnected_items]: Missing connection between items
    Local override; error
    @(62.4118 mm, 39.7336 mm): Track [SDA_SLOW] on B.Cu, length 1.2554 mm
    @(76.9370 mm, 39.1000 mm): Pad 7 [SDA_SLOW] of CUR_2 on F.Cu
[unconnected_items]: Missing connection between items
    Local override; error
    @(76.9370 mm, 39.7500 mm): Pad 6 [SDA_SLOW] of CUR_2 on F.Cu
    @(76.9370 mm, 39.1000 mm): Pad 7 [SDA_SLOW] of CUR_2 on F.Cu
[unconnected_items]: Missing connection between items
    Local override; error
    @(79.1500 mm, 40.5090 mm): Track [SDA_SLOW] on F.Cu, length 0.5410 mm
    @(82.5241 mm, 59.8548 mm): Pad 27 [SDA_SLOW] of U80 on B.Cu
[unconnected_items]: Missing connection between items
    Local override; error
    @(92.0300 mm, 57.1000 mm): Track [SDA_SLOW] on B.Cu, length 2.4300 mm
    @(82.5241 mm, 60.8071 mm): Track [SDA_SLOW] on B.Cu, length 4.5268 mm
[unconnected_items]: Missing connection between items
    Local override; error
    @(100.5614 mm, 47.5986 mm): Track [SDA_SLOW] on B.Cu, length 0.9495 mm
    @(92.0300 mm, 57.1000 mm): Pad 4 [SDA_SLOW] of U44 on B.Cu
[unconnected_items]: Missing connection between items
    Local override; error
    @(100.5614 mm, 46.2935 mm): Pad 7 [SDA_SLOW] of CUR_1 on B.Cu
    @(101.2114 mm, 46.2935 mm): Pad 6 [SDA_SLOW] of CUR_1 on B.Cu
[unconnected_items]: Missing connection between items
    Local override; error
    @(101.2114 mm, 46.2935 mm): Pad 6 [SDA_SLOW] of CUR_1 on B.Cu
    @(123.6035 mm, 25.2500 mm): Track [SDA_SLOW] on B.Cu, length 1.5860 mm
[unconnected_items]: Missing connection between items
    Local override; error
    @(109.7064 mm, 72.0436 mm): Track [SDA_SLOW] on B.Cu, length 0.4333 mm
    @(92.1500 mm, 59.6500 mm): Via [SDA_SLOW] on F.Cu - B.Cu
[unconnected_items]: Missing connection between items
    Local override; error
    @(140.6000 mm, 57.6900 mm): Pad 30 [SDA_SLOW] of U90 on B.Cu
    @(142.9000 mm, 33.3500 mm): Pad 14 [SDA_SLOW] of U1 on B.Cu
[unconnected_items]: Missing connection between items
    Local override; error
    @(142.9000 mm, 33.3500 mm): Pad 14 [SDA_SLOW] of U1 on B.Cu
    @(124.7250 mm, 24.1285 mm): Track [SDA_SLOW] on B.Cu, length 1.7285 mm
[unconnected_items]: Missing connection between items
    Local override; error
    @(144.9141 mm, 64.8849 mm): Via [SDA_SLOW] on F.Cu - B.Cu
    @(203.6250 mm, 126.2750 mm): Pad 9 [SDA_SLOW] of U45 on F.Cu
[unconnected_items]: Missing connection between items
    Local override; error
    @(229.6028 mm, 23.6654 mm): Pad 1 [SDA_SLOW] of R118 on F.Cu
    @(142.9000 mm, 33.3500 mm): Pad 14 [SDA_SLOW] of U1 on B.Cu
[unconnected_items]: Missing connection between items
    Local override; error
    @(25.0001 mm, 68.4016 mm): Track [SCL_SLOW] on B.Cu, length 0.0368 mm
    @(56.2078 mm, 39.6494 mm): Track [SCL_SLOW] on B.Cu, length 0.7601 mm
[unconnected_items]: Missing connection between items
    Local override; error
    @(59.3825 mm, 27.2925 mm): Pad 29 [SCL_SLOW] of U85 on B.Cu
    @(37.7044 mm, 22.0118 mm): Pad 26 [SCL_SLOW] of U78 on F.Cu
[unconnected_items]: Missing connection between items
    Local override; error
    @(59.3825 mm, 27.2965 mm): Track [SCL_SLOW] on B.Cu, length 1.1194 mm
    @(57.9350 mm, 38.2336 mm): Pad 1 [SCL_SLOW] of U72 on B.Cu
[unconnected_items]: Missing connection between items
    Local override; error
    @(62.6000 mm, 38.3500 mm): Via [SCL_SLOW] on F.Cu - B.Cu
    @(82.0241 mm, 59.8548 mm): Pad 26 [SCL_SLOW] of U80 on B.Cu
[unconnected_items]: Missing connection between items
    Local override; error
    @(91.0800 mm, 57.1000 mm): Track [SCL_SLOW] on B.Cu, length 2.5800 mm
    @(82.0241 mm, 61.0906 mm): Track [SCL_SLOW] on B.Cu, length 3.7970 mm
[unconnected_items]: Missing connection between items
    Local override; error
    @(115.5083 mm, 72.0436 mm): Track [SCL_SLOW] on B.Cu, length 0.5067 mm
    @(91.1000 mm, 59.7000 mm): Via [SCL_SLOW] on F.Cu - B.Cu
[unconnected_items]: Missing connection between items
    Local override; error
    @(116.3500 mm, 71.7250 mm): Pad 1 [SCL_SLOW] of USBC_SCL1 on B.Cu
    @(141.3990 mm, 58.5383 mm): Track [SCL_SLOW] on B.Cu, length 0.8334 mm
[unconnected_items]: Missing connection between items
    Local override; error
    @(125.4905 mm, 24.7880 mm): Track [SCL_SLOW] on B.Cu, length 0.3874 mm
    @(142.9000 mm, 33.8500 mm): Pad 13 [SCL_SLOW] of U1 on B.Cu
[unconnected_items]: Missing connection between items
    Local override; error
    @(142.9000 mm, 33.8500 mm): Pad 13 [SCL_SLOW] of U1 on B.Cu
    @(141.1000 mm, 57.6900 mm): Pad 29 [SCL_SLOW] of U90 on B.Cu
[unconnected_items]: Missing connection between items
    Local override; error
    @(142.9000 mm, 33.8500 mm): Pad 13 [SCL_SLOW] of U1 on B.Cu
    @(229.6028 mm, 21.1554 mm): Pad 1 [SCL_SLOW] of R117 on F.Cu
[unconnected_items]: Missing connection between items
    Local override; error
    @(145.8461 mm, 64.6037 mm): Via [SCL_SLOW] on F.Cu - B.Cu
    @(203.1250 mm, 126.2750 mm): Pad 10 [SCL_SLOW] of U45 on F.Cu
[unconnected_items]: Missing connection between items
    Local override; error
    @(114.7930 mm, 16.6250 mm): Pad 1 [SCL_FAST] of R71 on F.Cu
    @(114.1000 mm, 105.3450 mm): PTH pad 10 [SCL_FAST] of U28
[unconnected_items]: Missing connection between items
    Local override; error
    @(229.6028 mm, 28.6854 mm): Pad 1 [SCL_FAST] of R120 on F.Cu
    @(114.7930 mm, 16.6250 mm): Pad 1 [SCL_FAST] of R71 on F.Cu
[unconnected_items]: Missing connection between items
    Local override; error
    @(119.2965 mm, 16.6400 mm): Pad 1 [SDA_FAST] of R69 on F.Cu
    @(115.3700 mm, 105.3450 mm): PTH pad 12 [SDA_FAST] of U28
[unconnected_items]: Missing connection between items
    Local override; error
    @(229.6028 mm, 26.1754 mm): Pad 1 [SDA_FAST] of R119 on F.Cu
    @(119.2965 mm, 16.6400 mm): Pad 1 [SDA_FAST] of R69 on F.Cu
[unconnected_items]: Missing connection between items
    Local override; error
    @(34.0477 mm, 48.4300 mm): PTH pad 2 [/Battery System/ServoConnectors/3v3] of H3
    @(264.4907 mm, 158.2902 mm): Pad 1 [/Battery System/ServoConnectors/3v3] of U67 on F.Cu
[unconnected_items]: Missing connection between items
    Local override; error
    @(264.4907 mm, 158.2902 mm): Pad 1 [/Battery System/ServoConnectors/3v3] of U67 on F.Cu
    @(275.9607 mm, 147.8152 mm): Pad 2 [/Battery System/ServoConnectors/3v3] of C80 on F.Cu
[unconnected_items]: Missing connection between items
    Local override; error
    @(146.7486 mm, 54.0400 mm): Pad 10 [Button/LOW] of U303 on B.Cu
    @(96.5810 mm, 69.8940 mm): Pad 2 [Button/LOW] of Q18 on F.Cu
[unconnected_items]: Missing connection between items
    Local override; error
    @(84.7000 mm, 80.2000 mm): Pad 1 [/Battery System/bms_button_logic/Button/HIGH] of D33 on F.Cu
    @(82.2960 mm, 75.8190 mm): Track [/Battery System/bms_button_logic/Button/HIGH] on B.Cu, length 5.3340 mm
[unconnected_items]: Missing connection between items
    Local override; error
    @(91.3750 mm, 74.4150 mm): Pad 2 [/Battery System/Battery BMS Interface/BQ-BAT] of F5 on F.Cu
    @(136.6460 mm, 22.9500 mm): Via [/Battery System/Battery BMS Interface/BQ-BAT] on F.Cu - B.Cu
[unconnected_items]: Missing connection between items
    Local override; error
    @(137.6460 mm, 22.9500 mm): Via [/Battery System/Battery BMS Interface/BQ-BAT] on F.Cu - B.Cu
    @(136.6460 mm, 22.9500 mm): Via [/Battery System/Battery BMS Interface/BQ-BAT] on F.Cu - B.Cu
[unconnected_items]: Missing connection between items
    Local override; error
    @(131.5750 mm, 49.3000 mm): Via [Current/INA3221-CUR1/WARNING] on F.Cu - B.Cu
    @(99.2549 mm, 46.9500 mm): Track [Current/INA3221-CUR1/WARNING] on B.Cu, length 0.9284 mm
[unconnected_items]: Missing connection between items
    Local override; error
    @(45.8776 mm, 81.4828 mm): Pad 5 [/Battery System/Ideal_Diode_OR_SERVO/IN] of U55 on B.Cu
    @(45.7775 mm, 84.4079 mm): Pad 9 [/Battery System/Ideal_Diode_OR_SERVO/IN] of U55 on B.Cu
[unconnected_items]: Missing connection between items
    Local override; error
    @(48.8127 mm, 81.4827 mm): Track [/Battery System/Ideal_Diode_OR_SERVO/IN] on B.Cu, length 2.9350 mm
    @(226.2824 mm, 63.9690 mm): Pad 2 [/Battery System/Ideal_Diode_OR_SERVO/IN] of C12 on F.Cu
[unconnected_items]: Missing connection between items
    Local override; error
    @(226.2824 mm, 60.6314 mm): Pad 2 [/Battery System/Ideal_Diode_OR_SERVO/IN] of C11 on F.Cu
    @(226.2824 mm, 57.2938 mm): Pad 2 [/Battery System/Ideal_Diode_OR_SERVO/IN] of C10 on F.Cu
[unconnected_items]: Missing connection between items
    Local override; error
    @(226.2824 mm, 63.9690 mm): Pad 2 [/Battery System/Ideal_Diode_OR_SERVO/IN] of C12 on F.Cu
    @(226.2824 mm, 60.6314 mm): Pad 2 [/Battery System/Ideal_Diode_OR_SERVO/IN] of C11 on F.Cu
[unconnected_items]: Missing connection between items
    Local override; error
    @(98.1710 mm, 65.2526 mm): Zone 'stitch_zone_20' [/Battery System/USBC_VCC] on F.Cu and B.Cu, priority 42
    @(98.1710 mm, 65.2526 mm): Zone 'stitch_zone_20' [/Battery System/USBC_VCC] on F.Cu and B.Cu, priority 42
[unconnected_items]: Missing connection between items
    Local override; error
    @(85.4710 mm, 36.7030 mm): Pad H2 [/Battery System/12v_LTM8055_BUCK/LTM8055-SYNC] of U47 on F.Cu
    @(211.9550 mm, 123.1900 mm): Pad 2 [/Battery System/12v_LTM8055_BUCK/LTM8055-SYNC] of JP1 on F.Cu
[unconnected_items]: Missing connection between items
    Local override; error
    @(133.1996 mm, 49.3449 mm): Track [Current/INA3221-CUR1/TC] on B.Cu, length 0.1059 mm
    @(99.9114 mm, 42.3565 mm): Track [Current/INA3221-CUR1/TC] on B.Cu, length 0.7895 mm
[unconnected_items]: Missing connection between items
    Local override; error
    @(131.9000 mm, 30.8465 mm): Pad 1 [/Battery System/mt9700-efuse1/EN] of R168 on B.Cu
    @(192.7885 mm, 89.6700 mm): Pad 2 [/Battery System/mt9700-efuse1/EN] of R11 on F.Cu
[unconnected_items]: Missing connection between items
    Local override; error
    @(192.7885 mm, 92.1800 mm): Pad 2 [/Battery System/mt9700-efuse/SET] of R15 on F.Cu
    @(266.3907 mm, 158.2902 mm): Pad 3 [/Battery System/mt9700-efuse/SET] of U67 on F.Cu
[unconnected_items]: Missing connection between items
    Local override; error
    @(98.8679 mm, 44.7000 mm): Track [Current/INA3221-CUR1/POWERVALID] on B.Cu, length 0.0707 mm
    @(132.3500 mm, 49.3750 mm): Track [Current/INA3221-CUR1/POWERVALID] on B.Cu, length 0.1061 mm
[unconnected_items]: Missing connection between items
    Local override; error
    @(130.7500 mm, 48.9000 mm): Track [Current/INA3221-CUR1/CRITICAL] on B.Cu, length 0.5303 mm
    @(98.0679 mm, 46.1500 mm): Track [Current/INA3221-CUR1/CRITICAL] on B.Cu, length 1.2021 mm
[unconnected_items]: Missing connection between items
    Local override; error
    @(134.8245 mm, 49.2005 mm): Track [Current/INA3221-CUR2/WARNING] on B.Cu, length 0.1774 mm
    @(77.8750 mm, 37.5120 mm): Track [Current/INA3221-CUR2/WARNING] on F.Cu, length 1.3265 mm
[unconnected_items]: Missing connection between items
    Local override; error
    @(79.3510 mm, 34.9490 mm): Track [Current/INA3221-CUR2/TC] on F.Cu, length 1.6750 mm
    @(136.6628 mm, 49.4092 mm): Via [Current/INA3221-CUR2/TC] on F.Cu - B.Cu
[unconnected_items]: Missing connection between items
    Local override; error
    @(75.4610 mm, 36.5390 mm): Track [Current/INA3221-CUR2/POWERVALID] on F.Cu, length 1.1512 mm
    @(135.2500 mm, 49.9925 mm): Track [Current/INA3221-CUR2/POWERVALID] on B.Cu, length 0.7962 mm
[unconnected_items]: Missing connection between items
    Local override; error
    @(77.0750 mm, 36.3250 mm): Track [Current/INA3221-CUR2/CRITICAL] on F.Cu, length 0.7000 mm
    @(134.0468 mm, 49.4225 mm): Track [Current/INA3221-CUR2/CRITICAL] on B.Cu, length 0.1048 mm
[unconnected_items]: Missing connection between items
    Local override; error
    @(56.1761 mm, 33.0935 mm): Track [Button/DIGITAL] on B.Cu, length 2.8826 mm
    @(92.9995 mm, 69.8940 mm): Track [Button/DIGITAL] on F.Cu, length 0.0622 mm
[unconnected_items]: Missing connection between items
    Local override; error
    @(34.0477 mm, 53.5100 mm): PTH pad 8 [servo_vcc_indicator] of H3
    @(172.8000 mm, 23.6509 mm): Pad 2 [servo_vcc_indicator] of LED5 on F.Cu
[unconnected_items]: Missing connection between items
    Local override; error
    @(51.5750 mm, 28.2925 mm): Track [ESC/EN] on B.Cu, length 0.4425 mm
    @(69.4980 mm, 42.0500 mm): Track [ESC/EN] on F.Cu, length 2.5275 mm
[unconnected_items]: Missing connection between items
    Local override; error
    @(122.2613 mm, 34.5999 mm): Track [Power/5V-Buck/EN#] on B.Cu, length 0.7561 mm
    @(55.2250 mm, 32.4425 mm): Track [Power/5V-Buck/EN#] on B.Cu, length 0.7897 mm
[unconnected_items]: Missing connection between items
    Local override; error
    @(81.5241 mm, 57.7259 mm): Track [BQ/ALERT] on B.Cu, length 0.0366 mm
    @(59.3825 mm, 32.4425 mm): Track [BQ/ALERT] on B.Cu, length 0.4490 mm
[unconnected_items]: Missing connection between items
    Local override; error
    @(155.8000 mm, 74.0215 mm): Pad 1 [BQ/ALERT] of R21 on F.Cu
    @(159.7740 mm, 75.6800 mm): Pad 1 [BQ/ALERT] of Q3 on F.Cu
[unconnected_items]: Missing connection between items
    Local override; error
    @(155.8000 mm, 74.0215 mm): Pad 1 [BQ/ALERT] of R21 on F.Cu
    @(81.5241 mm, 59.8548 mm): Track [BQ/ALERT] on B.Cu, length 0.0106 mm
[unconnected_items]: Missing connection between items
    Local override; error
    @(84.7500 mm, 57.3785 mm): Pad 1 [BQ/RST-SHUT] of R192 on B.Cu
    @(60.3000 mm, 32.8000 mm): Via [BQ/RST-SHUT] on F.Cu - B.Cu
[unconnected_items]: Missing connection between items
    Local override; error
    @(107.0864 mm, 76.3524 mm): Track [USB-C/HUSB238A/EN#] on B.Cu, length 0.5080 mm
    @(59.8000 mm, 31.1750 mm): Via [USB-C/HUSB238A/EN#] on F.Cu - B.Cu
[unconnected_items]: Missing connection between items
    Local override; error
    @(117.1701 mm, 33.2198 mm): Track [Power/5V-Buck/PGOOD] on F.Cu, length 0.2390 mm
    @(56.7251 mm, 33.1102 mm): Track [Power/5V-Buck/PGOOD] on B.Cu, length 0.5421 mm
[unconnected_items]: Missing connection between items
    Local override; error
    @(108.5422 mm, 75.8524 mm): Track [USB-C/HUSB238A/INT] on B.Cu, length 0.2042 mm
    @(146.7486 mm, 55.0400 mm): Track [USB-C/HUSB238A/INT] on B.Cu, length 1.2914 mm
[unconnected_items]: Missing connection between items
    Local override; error
    @(108.1044 mm, 72.8044 mm): Track [USB-C/I2C/EN] on B.Cu, length 0.7133 mm
    @(137.0500 mm, 46.7000 mm): Via [USB-C/I2C/EN] on F.Cu - B.Cu
[unconnected_items]: Missing connection between items
    Local override; error
    @(38.9215 mm, 79.5227 mm): Track [Servo/TPS/EN] on B.Cu, length 1.2460 mm
    @(50.0839 mm, 28.1838 mm): Via [Servo/TPS/EN] on F.Cu - B.Cu
[unconnected_items]: Missing connection between items
    Local override; error
    @(40.1776 mm, 82.1328 mm): Pad 13 [Servo/TPS/PGOOD] of U55 on B.Cu
    @(50.2242 mm, 27.3454 mm): Via [Servo/TPS/PGOOD] on F.Cu - B.Cu
[unconnected_items]: Missing connection between items
    Local override; error
    @(79.5568 mm, 39.2684 mm): Track [Power/12V-Buck/EN] on F.Cu, length 2.0788 mm
    @(51.5750 mm, 26.2925 mm): Track [Power/12V-Buck/EN] on B.Cu, length 0.6677 mm
[unconnected_items]: Missing connection between items
    Local override; error
    @(96.7600 mm, 59.3750 mm): Pad 1 [eFuse/TPS16630/FAULT] of R1907 on F.Cu
    @(106.9500 mm, 55.6000 mm): Track [eFuse/TPS16630/FAULT] on F.Cu, length 0.5920 mm
[unconnected_items]: Missing connection between items
    Local override; error
    @(96.7600 mm, 59.3750 mm): Pad 1 [eFuse/TPS16630/FAULT] of R1907 on F.Cu
    @(60.0000 mm, 21.5250 mm): Via [eFuse/TPS16630/FAULT] on F.Cu - B.Cu
[unconnected_items]: Missing connection between items
    Local override; error
    @(59.6750 mm, 20.7250 mm): Via [eFuse/TPS16630/SHDN] on F.Cu - B.Cu
    @(108.2000 mm, 56.3500 mm): Track [eFuse/TPS16630/SHDN] on F.Cu, length 1.1484 mm
[unconnected_items]: Missing connection between items
    Local override; error
    @(60.6250 mm, 29.5560 mm): Pad 1 [IO-Expander/Primary/INT] of R241 on B.Cu
    @(110.5592 mm, 20.6750 mm): Via [IO-Expander/Primary/INT] on F.Cu - B.Cu
[unconnected_items]: Missing connection between items
    Local override; error
    @(107.4500 mm, 55.6000 mm): Track [eFuse/TPS16630/IMON] on F.Cu, length 3.3888 mm
    @(96.8100 mm, 60.7500 mm): Pad 2 [eFuse/TPS16630/IMON] of R1908 on F.Cu
[unconnected_items]: Missing connection between items
    Local override; error
    @(204.6250 mm, 130.9750 mm): Pad 4 [eFuse/TPS16630/IMON] of U45 on F.Cu
    @(110.8388 mm, 55.6000 mm): Track [eFuse/TPS16630/IMON] on F.Cu, length 0.0589 mm
[unconnected_items]: Missing connection between items
    Local override; error
    @(55.7251 mm, 21.5093 mm): Track [Receiver/EN] on B.Cu, length 0.7091 mm
    @(266.3907 mm, 156.0902 mm): Pad 4 [Receiver/EN] of U67 on F.Cu
[unconnected_items]: Missing connection between items
    Local override; error
    @(266.3907 mm, 156.0902 mm): Pad 4 [Receiver/EN] of U67 on F.Cu
    @(274.5072 mm, 150.3252 mm): Pad 1 [Receiver/EN] of R145 on F.Cu
[unconnected_items]: Missing connection between items
    Local override; error
    @(55.2250 mm, 21.5093 mm): Track [eFuse/TPS16630/PGOOD] on B.Cu, length 0.3258 mm
    @(105.9500 mm, 54.9920 mm): Track [eFuse/TPS16630/PGOOD] on F.Cu, length 0.6265 mm
[unconnected_items]: Missing connection between items
    Local override; error
    @(136.6250 mm, 48.4250 mm): Via [Current/INA226-ESC-0x4E/ALERT] on F.Cu - B.Cu
    @(62.1496 mm, 39.0709 mm): Via [Current/INA226-ESC-0x4E/ALERT] on F.Cu - B.Cu
[unconnected_items]: Missing connection between items
    Local override; error
    @(138.1000 mm, 49.0250 mm): Via [Current/INA226-SERVO-0x4F/ALERT] on F.Cu - B.Cu
    @(25.0026 mm, 69.4276 mm): Pad 3 [Current/INA226-SERVO-0x4F/ALERT] of U81 on B.Cu
[unconnected_items]: Missing connection between items
    Local override; error
    @(72.0254 mm, 127.1838 mm): Pad 1 [Charger/CN3072/CHG-DONE] of LED6 on F.Cu
    @(69.3428 mm, 130.4166 mm): Pad 2 [Charger/CN3072/CHG-DONE] of R74 on F.Cu
[unconnected_items]: Missing connection between items
    Local override; error
    @(72.0254 mm, 127.1838 mm): Pad 1 [Charger/CN3072/CHG-DONE] of LED6 on F.Cu
    @(117.5060 mm, 59.8060 mm): Track [Charger/CN3072/CHG-DONE] on F.Cu, length 0.5742 mm
[unconnected_items]: Missing connection between items
    Local override; error
    @(118.8990 mm, 59.8060 mm): Track [Charger/CN3072/CHG-DONE] on F.Cu, length 1.3930 mm
    @(137.6500 mm, 46.0750 mm): Via [Charger/CN3072/CHG-DONE] on F.Cu - B.Cu
[unconnected_items]: Missing connection between items
    Local override; error
    @(72.0254 mm, 125.6848 mm): Pad 1 [Charger/CN3072/CHG-ACTIVE] of LED7 on F.Cu
    @(73.1946 mm, 131.7911 mm): Pad 2 [Charger/CN3072/CHG-ACTIVE] of R609 on F.Cu
[unconnected_items]: Missing connection between items
    Local override; error
    @(72.0254 mm, 125.6848 mm): Pad 1 [Charger/CN3072/CHG-ACTIVE] of LED7 on F.Cu
    @(118.8990 mm, 59.1560 mm): Track [Charger/CN3072/CHG-ACTIVE] on F.Cu, length 1.0430 mm
[unconnected_items]: Missing connection between items
    Local override; error
    @(138.0000 mm, 45.3250 mm): Via [Charger/CN3072/CHG-ACTIVE] on F.Cu - B.Cu
    @(118.8990 mm, 59.1560 mm): Track [Charger/CN3072/CHG-ACTIVE] on F.Cu, length 1.0430 mm
[unconnected_items]: Missing connection between items
    Local override; error
    @(144.5750 mm, 32.6750 mm): Pad 4 [IMU/INT1] of U1 on B.Cu
    @(146.7486 mm, 57.0400 mm): Track [IMU/INT1] on B.Cu, length 5.4412 mm
[unconnected_items]: Missing connection between items
    Local override; error
    @(144.0750 mm, 35.0250 mm): Pad 9 [IMU/INT2] of U1 on B.Cu
    @(146.7486 mm, 56.5398 mm): Track [IMU/INT2] on B.Cu, length 0.4564 mm
[unconnected_items]: Missing connection between items
    Local override; error
    @(107.5690 mm, 77.4192 mm): Via [USB-C/HUSB238A/FAULT-OUT2] on F.Cu - B.Cu
    @(146.7486 mm, 53.5398 mm): Track [USB-C/HUSB238A/FAULT-OUT2] on B.Cu, length 1.2938 mm
[unconnected_items]: Missing connection between items
    Local override; error
    @(139.2907 mm, 59.1069 mm): Pad 1 [IO-Expander/Secondary/INT] of R268 on B.Cu
    @(110.2900 mm, 105.3450 mm): PTH pad 4 [IO-Expander/Secondary/INT] of U28
[unconnected_items]: Missing connection between items
    Local override; error
    @(139.4157 mm, 59.1399 mm): Track [IO-Expander/Secondary/INT] on B.Cu, length 1.2656 mm
    @(51.5750 mm, 29.0500 mm): Track [IO-Expander/Secondary/INT] on B.Cu, length 0.7071 mm
[unconnected_items]: Missing connection between items
    Local override; error
    @(204.6250 mm, 126.2750 mm): Pad 7 [Power/12V-Buck/IOUTMON] of U45 on F.Cu
    @(81.6610 mm, 36.7030 mm): Track [Power/12V-Buck/IOUTMON] on F.Cu, length 0.9652 mm
[unconnected_items]: Missing connection between items
    Local override; error
    @(81.6610 mm, 37.9730 mm): Pad L3 [Power/12V-Buck/IINMON] of U47 on F.Cu
    @(205.1250 mm, 130.9750 mm): Pad 5 [Power/12V-Buck/IINMON] of U45 on F.Cu
[unconnected_items]: Missing connection between items
    Local override; error
    @(132.7500 mm, 25.8500 mm): Zone 'stitch_zone_11' [/Battery System/mt9700-efuse1/OUT] on F.Cu, B.Cu and In2.Cu, priority 12
    @(242.8950 mm, 12.7153 mm): Pad 2 [/Battery System/mt9700-efuse1/OUT] of C109 on F.Cu
[unconnected_items]: Missing connection between items
    Local override; error
    @(126.2100 mm, 62.8010 mm): Pad 2 [Net-(C604-Pad1)] of R602 on F.Cu
    @(126.2100 mm, 63.6910 mm): Pad 1 [Net-(C604-Pad1)] of C604 on F.Cu
[unconnected_items]: Missing connection between items
    Local override; error
    @(124.6310 mm, 61.7560 mm): Pad 9 [Net-(U30-COM2)] of U30 on F.Cu
    @(126.2100 mm, 61.7810 mm): Pad 1 [Net-(U30-COM2)] of R602 on F.Cu
[unconnected_items]: Missing connection between items
    Local override; error
    @(203.6250 mm, 130.9750 mm): Pad 2 [Net-(U45-ALERT/RDY)] of U45 on F.Cu
    @(205.6815 mm, 107.6100 mm): Pad 1 [Net-(U45-ALERT/RDY)] of R107 on F.Cu
[unconnected_items]: Missing connection between items
    Local override; error
    @(198.6643 mm, 25.9842 mm): Track [Net-(U85-P2_7)] on F.Cu, length 1.1701 mm
    @(58.7250 mm, 24.6350 mm): Track [Net-(U85-P2_7)] on B.Cu, length 1.4599 mm
[unconnected_items]: Missing connection between items
    Local override; error
    @(198.1642 mm, 25.9842 mm): Track [Net-(U85-P2_6)] on F.Cu, length 1.1700 mm
    @(58.2250 mm, 23.1750 mm): Track [Net-(U85-P2_6)] on B.Cu, length 1.4600 mm
[unconnected_items]: Missing connection between items
    Local override; error
    @(197.6643 mm, 24.8141 mm): Track [Net-(U85-P2_5)] on F.Cu, length 0.0131 mm
    @(57.7250 mm, 24.6350 mm): Track [Net-(U85-P2_5)] on B.Cu, length 1.4599 mm
[unconnected_items]: Missing connection between items
    Local override; error
    @(197.1642 mm, 25.9842 mm): Track [Net-(U85-P2_4)] on F.Cu, length 1.1700 mm
    @(57.2250 mm, 23.1750 mm): Track [Net-(U85-P2_4)] on B.Cu, length 1.4600 mm
[unconnected_items]: Missing connection between items
    Local override; error
    @(196.6643 mm, 24.8141 mm): Track [Net-(U85-P2_3)] on F.Cu, length 0.0131 mm
    @(56.7250 mm, 24.6350 mm): Track [Net-(U85-P2_3)] on B.Cu, length 1.4599 mm
[unconnected_items]: Missing connection between items
    Local override; error
    @(196.1642 mm, 24.8142 mm): Track [Net-(U85-P2_2)] on F.Cu, length 0.0133 mm
    @(56.2250 mm, 23.1750 mm): Track [Net-(U85-P2_2)] on B.Cu, length 1.4600 mm
[unconnected_items]: Missing connection between items
    Local override; error
    @(195.6736 mm, 25.9749 mm): Track [Net-(U85-P2_1)] on F.Cu, length 0.0131 mm
    @(55.7251 mm, 23.1750 mm): Track [Net-(U85-P2_1)] on B.Cu, length 1.4599 mm
[unconnected_items]: Missing connection between items
    Local override; error
    @(55.2250 mm, 23.1750 mm): Track [Net-(U85-P2_0)] on B.Cu, length 1.4600 mm
    @(195.1736 mm, 25.9748 mm): Track [Net-(U85-P2_0)] on F.Cu, length 0.0133 mm
[unconnected_items]: Missing connection between items
    Local override; error
    @(59.3825 mm, 25.7925 mm): Pad 26 [/Battery System/IO-ExpanderPrimary/ADDR] of U85 on B.Cu
    @(60.5750 mm, 25.1675 mm): Pad 2 [/Battery System/IO-ExpanderPrimary/ADDR] of R243 on B.Cu
[unconnected_items]: Missing connection between items
    Local override; error
    @(120.6967 mm, 37.3779 mm): Zone 'stitch_zone_20' [/Battery System/danger_rail] on F.Cu and B.Cu, priority 33
    @(196.8536 mm, 79.7030 mm): Pad 2 [/Battery System/danger_rail] of AnyPower1 on F.Cu
[unconnected_items]: Missing connection between items
    Local override; error
    @(127.1800 mm, 60.1110 mm): Track [CHARGE_DIRECT] on F.Cu, length 0.0424 mm
    @(120.1874 mm, 39.1163 mm): Track [CHARGE_DIRECT] on B.Cu, length 1.1930 mm
[unconnected_items]: Missing connection between items
    Local override; error
    @(73.7860 mm, 82.2452 mm): Pad 2 [Net-(U3601-VDD)] of D3601 on B.Cu
    @(74.5564 mm, 83.7872 mm): Track [Net-(U3601-VDD)] on B.Cu, length 1.2426 mm
[unconnected_items]: Missing connection between items
    Local override; error
    @(93.7280 mm, 79.9592 mm): Pad 1 [Net-(D3602-A)] of R3602 on B.Cu
    @(73.6092 mm, 75.0072 mm): Track [Net-(D3602-A)] on F.Cu, length 3.1237 mm
[unconnected_items]: Missing connection between items
    Local override; error
    @(118.3643 mm, 39.1163 mm): Track [/Battery System/MicrocontrollerKickstart/out] on F.Cu, length 1.0780 mm
    @(68.1380 mm, 77.8556 mm): Pad 3 [/Battery System/MicrocontrollerKickstart/out] of Q3603 on B.Cu
[unconnected_items]: Missing connection between items
    Local override; error
    @(157.5710 mm, 74.7300 mm): Pad 3 [Net-(LED9-A)] of Q3 on F.Cu
    @(161.8482 mm, 74.7500 mm): Pad 2 [Net-(LED9-A)] of LED9 on F.Cu
[unconnected_items]: Missing connection between items
    Local override; error
    @(163.5500 mm, 72.9250 mm): Pad 2 [Net-(LED9-K)] of R20 on F.Cu
    @(163.5500 mm, 74.7500 mm): Pad 1 [Net-(LED9-K)] of LED9 on F.Cu
[unconnected_items]: Missing connection between items
    Local override; error
    @(137.6064 mm, 57.0399 mm): Pad 16 [Net-(U90-P0_0)] of U301 on B.Cu
    @(138.9425 mm, 57.0325 mm): Pad 1 [Net-(U90-P0_0)] of U90 on B.Cu
[unconnected_items]: Missing connection between items
    Local override; error
    @(63.6000 mm, 65.3075 mm): Pad 1 [Net-(D25-Pad1)] of D25 on B.Cu
    @(93.5535 mm, 64.5750 mm): Pad 2 [Net-(D25-Pad1)] of R197 on B.Cu
[unconnected_items]: Missing connection between items
    Local override; error
    @(93.5535 mm, 66.1000 mm): Pad 2 [Net-(D23-C)] of R196 on B.Cu
    @(56.2102 mm, 66.3363 mm): Pad 2 [Net-(D23-C)] of R198 on B.Cu
[unconnected_items]: Missing connection between items
    Local override; error
    @(91.3750 mm, 71.6500 mm): Track [Net-(U82-IN)] on F.Cu, length 0.3500 mm
    @(91.5020 mm, 68.4530 mm): Track [Net-(U82-IN)] on F.Cu, length 2.0235 mm
[unconnected_items]: Missing connection between items
    Local override; error
    @(88.4741 mm, 66.3048 mm): Track [Net-(U80-BAT)] on B.Cu, length 1.2000 mm
    @(80.0790 mm, 67.1250 mm): Pad 1 [Net-(U80-BAT)] of R190 on F.Cu
[unconnected_items]: Missing connection between items
    Local override; error
    @(69.1798 mm, 113.2266 mm): Pad 1 [Net-(LED6-A)] of R77 on F.Cu
    @(73.6244 mm, 127.1767 mm): Pad 2 [Net-(LED6-A)] of LED6 on F.Cu
[unconnected_items]: Missing connection between items
    Local override; error
    @(68.6298 mm, 134.0366 mm): Pad 1 [Net-(LED7-+)] of R79 on F.Cu
    @(73.6244 mm, 125.6848 mm): Pad 2 [Net-(LED7-+)] of LED7 on F.Cu
[unconnected_items]: Missing connection between items
    Local override; error
    @(142.9000 mm, 34.3500 mm): Pad 12 [Net-(U1-CS)] of U1 on B.Cu
    @(191.2815 mm, 94.6900 mm): Pad 1 [Net-(U1-CS)] of R17 on F.Cu
[unconnected_items]: Missing connection between items
    Local override; error
    @(171.0058 mm, 28.9313 mm): Pad 2 [Net-(LED2-K)] of R4 on F.Cu
    @(174.2980 mm, 28.8911 mm): Pad 1 [Net-(LED2-K)] of LED2 on F.Cu
[unconnected_items]: Missing connection between items
    Local override; error
    @(171.0058 mm, 30.6938 mm): Pad 2 [Net-(LED1-K)] of R2 on F.Cu
    @(174.2980 mm, 30.6402 mm): Pad 1 [Net-(LED1-K)] of LED1 on F.Cu
[unconnected_items]: Missing connection between items
    Local override; error
    @(171.0058 mm, 27.1688 mm): Pad 2 [Net-(LED3-K)] of R5 on F.Cu
    @(174.2980 mm, 27.1420 mm): Pad 1 [Net-(LED3-K)] of LED3 on F.Cu
[unconnected_items]: Missing connection between items
    Local override; error
    @(195.3556 mm, 79.7102 mm): Pad 1 [Net-(AnyPower1-K)] of AnyPower1 on F.Cu
    @(200.8347 mm, 103.1199 mm): Pad 2 [Net-(AnyPower1-K)] of R10 on F.Cu
[unconnected_items]: Missing connection between items
    Local override; error
    @(171.0058 mm, 23.6438 mm): Pad 2 [Net-(LED5-K)] of R8 on F.Cu
    @(174.2980 mm, 23.6437 mm): Pad 1 [Net-(LED5-K)] of LED5 on F.Cu
[unconnected_items]: Missing connection between items
    Local override; error
    @(171.0058 mm, 25.4063 mm): Pad 2 [Net-(LED4-K)] of R7 on F.Cu
    @(174.2980 mm, 25.3928 mm): Pad 1 [Net-(LED4-K)] of LED4 on F.Cu
[unconnected_items]: Missing connection between items
    Local override; error
    @(130.6830 mm, 32.8930 mm): Track [/Battery System/5v rail/5V buck rail] on F.Cu, length 1.4900 mm
    @(131.8000 mm, 32.4000 mm): Pad 2 [/Battery System/5v rail/5V buck rail] of NT2701 on B.Cu
[unconnected_items]: Missing connection between items
    Local override; error
    @(130.8000 mm, 34.5000 mm): Track [/Battery System/5v rail/5V buck rail] on F.Cu, length 1.4000 mm
    @(191.2815 mm, 89.6700 mm): Pad 1 [/Battery System/5v rail/5V buck rail] of R11 on F.Cu

** Found 0 Footprint errors **

** End of Report **
