ERC report (2026-03-02T23:07:10+0100, Encoding UTF8)

***** Sheet /Battery System/
[power_pin_not_driven]: Input Power pin not driven by any Output Power pins
    ; error
    @(31.75 mm, 27.94 mm): Symbol -BatMains+1 Pin 1 [-, Power input, Line]
[pin_to_pin]: Pins of type Power output and Power output are connected
    ; error
    @(95.25 mm, 21.59 mm): Symbol F1 Pin 3 [3, Power output, Line]
    @(95.25 mm, 21.59 mm): Symbol F1 Pin 4 [4, Power output, Line]
[power_pin_not_driven]: Input Power pin not driven by any Output Power pins
    ; error
    @(34.29 mm, 129.54 mm): Symbol #PWR01 Pin 1 [Power input, Line]
[pin_not_connected]: Pin not connected
    ; error
    @(135.89 mm, 53.34 mm): Hierarchical Sheet Pin TS1
[pin_not_connected]: Pin not connected
    ; error
    @(138.43 mm, 53.34 mm): Hierarchical Sheet Pin TS3
[hier_label_mismatch]: Sheet pin #EN has no matching hierarchical label inside the sheet
    ; error
    @(77.47 mm, 127.00 mm): Hierarchical Sheet Pin #EN
[pin_not_connected]: Pin not connected
    ; error
    @(77.47 mm, 127.00 mm): Hierarchical Sheet Pin #EN
[hier_label_mismatch]: Sheet pin GND has no matching hierarchical label inside the sheet
    ; error
    @(92.71 mm, 127.00 mm): Hierarchical Sheet Pin GND
[pin_not_connected]: Pin not connected
    ; error
    @(152.40 mm, 68.58 mm): Hierarchical Sheet Pin PCHG
[hier_label_mismatch]: Sheet pin #EN has no matching hierarchical label inside the sheet
    ; error
    @(77.47 mm, 167.64 mm): Hierarchical Sheet Pin #EN
[pin_not_connected]: Pin not connected
    ; error
    @(77.47 mm, 167.64 mm): Hierarchical Sheet Pin #EN
[hier_label_mismatch]: Sheet pin GND has no matching hierarchical label inside the sheet
    ; error
    @(85.09 mm, 170.18 mm): Hierarchical Sheet Pin GND
[pin_not_connected]: Pin not connected
    ; error
    @(48.26 mm, 189.23 mm): Symbol J105 Pin 1 [Passive, Line]
[pin_not_connected]: Pin not connected
    ; error
    @(48.26 mm, 191.77 mm): Symbol J105 Pin 2 [Passive, Line]
[pin_not_connected]: Pin not connected
    ; error
    @(59.69 mm, 189.23 mm): Symbol J104 Pin 1 [Passive, Line]
[pin_not_connected]: Pin not connected
    ; error
    @(48.26 mm, 194.31 mm): Symbol J105 Pin 3 [Passive, Line]
[pin_not_connected]: Pin not connected
    ; error
    @(59.69 mm, 191.77 mm): Symbol J104 Pin 2 [Passive, Line]
[pin_not_connected]: Pin not connected
    ; error
    @(69.85 mm, 189.23 mm): Symbol J102 Pin 1 [Passive, Line]
[pin_not_connected]: Pin not connected
    ; error
    @(48.26 mm, 196.85 mm): Symbol J105 Pin 4 [Passive, Line]
[pin_not_connected]: Pin not connected
    ; error
    @(59.69 mm, 194.31 mm): Symbol J104 Pin 3 [Passive, Line]
[pin_not_connected]: Pin not connected
    ; error
    @(69.85 mm, 191.77 mm): Symbol J102 Pin 2 [Passive, Line]
[pin_not_connected]: Pin not connected
    ; error
    @(48.26 mm, 199.39 mm): Symbol J105 Pin 5 [Passive, Line]
[pin_not_connected]: Pin not connected
    ; error
    @(59.69 mm, 196.85 mm): Symbol J104 Pin 4 [Passive, Line]
[pin_not_connected]: Pin not connected
    ; error
    @(69.85 mm, 194.31 mm): Symbol J102 Pin 3 [Passive, Line]
[pin_not_connected]: Pin not connected
    ; error
    @(48.26 mm, 201.93 mm): Symbol J105 Pin 6 [Passive, Line]
[pin_not_connected]: Pin not connected
    ; error
    @(59.69 mm, 199.39 mm): Symbol J104 Pin 5 [Passive, Line]
[pin_not_connected]: Pin not connected
    ; error
    @(69.85 mm, 196.85 mm): Symbol J102 Pin 4 [Passive, Line]
[power_pin_not_driven]: Input Power pin not driven by any Output Power pins
    ; error
    @(172.72 mm, 119.38 mm): Symbol #PWR018 Pin 1 [Power input, Line]
[pin_not_connected]: Pin not connected
    ; error
    @(48.26 mm, 204.47 mm): Symbol J105 Pin 7 [Passive, Line]
[pin_not_connected]: Pin not connected
    ; error
    @(59.69 mm, 201.93 mm): Symbol J104 Pin 6 [Passive, Line]
[pin_not_connected]: Pin not connected
    ; error
    @(69.85 mm, 199.39 mm): Symbol J102 Pin 5 [Passive, Line]
[pin_not_connected]: Pin not connected
    ; error
    @(48.26 mm, 207.01 mm): Symbol J105 Pin 8 [Passive, Line]
[pin_not_connected]: Pin not connected
    ; error
    @(59.69 mm, 204.47 mm): Symbol J104 Pin 7 [Passive, Line]
[pin_not_connected]: Pin not connected
    ; error
    @(69.85 mm, 201.93 mm): Symbol J102 Pin 6 [Passive, Line]
[pin_not_connected]: Pin not connected
    ; error
    @(48.26 mm, 209.55 mm): Symbol J105 Pin 9 [Passive, Line]
[pin_not_connected]: Pin not connected
    ; error
    @(59.69 mm, 207.01 mm): Symbol J104 Pin 8 [Passive, Line]
[pin_not_connected]: Pin not connected
    ; error
    @(69.85 mm, 204.47 mm): Symbol J102 Pin 7 [Passive, Line]
[pin_not_connected]: Pin not connected
    ; error
    @(48.26 mm, 212.09 mm): Symbol J105 Pin 10 [Passive, Line]
[pin_not_connected]: Pin not connected
    ; error
    @(59.69 mm, 209.55 mm): Symbol J104 Pin 9 [Passive, Line]
[pin_not_connected]: Pin not connected
    ; error
    @(69.85 mm, 207.01 mm): Symbol J102 Pin 8 [Passive, Line]
[pin_not_connected]: Pin not connected
    ; error
    @(59.69 mm, 212.09 mm): Symbol J104 Pin 10 [Passive, Line]
[pin_not_connected]: Pin not connected
    ; error
    @(69.85 mm, 209.55 mm): Symbol J102 Pin 9 [Passive, Line]
[pin_not_connected]: Pin not connected
    ; error
    @(69.85 mm, 212.09 mm): Symbol J102 Pin 10 [Passive, Line]
[hier_label_mismatch]: Sheet pin #EN has no matching hierarchical label inside the sheet
    ; error
    @(184.15 mm, 176.53 mm): Hierarchical Sheet Pin #EN
[pin_not_connected]: Pin not connected
    ; error
    @(184.15 mm, 176.53 mm): Hierarchical Sheet Pin #EN
[power_pin_not_driven]: Input Power pin not driven by any Output Power pins
    ; error
    @(172.72 mm, 191.77 mm): Symbol #PWR019 Pin 1 [Power input, Line]
[hier_label_mismatch]: Sheet pin GND has no matching hierarchical label inside the sheet
    ; error
    @(194.31 mm, 177.80 mm): Hierarchical Sheet Pin GND
[hier_label_mismatch]: Sheet pin #EN has no matching hierarchical label inside the sheet
    ; error
    @(184.15 mm, 205.74 mm): Hierarchical Sheet Pin #EN
[pin_not_connected]: Pin not connected
    ; error
    @(184.15 mm, 205.74 mm): Hierarchical Sheet Pin #EN
[hier_label_mismatch]: Sheet pin GND has no matching hierarchical label inside the sheet
    ; error
    @(194.31 mm, 207.01 mm): Hierarchical Sheet Pin GND
[power_pin_not_driven]: Input Power pin not driven by any Output Power pins
    ; error
    @(308.61 mm, 77.47 mm): Symbol #PWR034 Pin 1 [Power input, Line]
[power_pin_not_driven]: Input Power pin not driven by any Output Power pins
    ; error
    @(60.96 mm, 360.68 mm): Symbol #PWR03 Pin 1 [Power input, Line]
[pin_not_driven]: Input pin not driven by any Output pins
    ; error
    @(299.72 mm, 252.73 mm): Symbol R107 Pin 1 [1, Input, Line]
[hier_label_mismatch]: Sheet pin #EN has no matching hierarchical label inside the sheet
    ; error
    @(367.03 mm, 223.52 mm): Hierarchical Sheet Pin #EN
[pin_not_connected]: Pin not connected
    ; error
    @(367.03 mm, 223.52 mm): Hierarchical Sheet Pin #EN
[pin_not_connected]: Pin not connected
    ; error
    @(337.82 mm, 266.70 mm): Symbol U45 Pin 6 [AIN2, Unspecified, Line]
[hier_label_mismatch]: Sheet pin GND has no matching hierarchical label inside the sheet
    ; error
    @(381.00 mm, 228.60 mm): Hierarchical Sheet Pin GND
[power_pin_not_driven]: Input Power pin not driven by any Output Power pins
    ; error
    @(114.30 mm, 444.50 mm): Symbol #PWR07 Pin 1 [Power input, Line]
[power_pin_not_driven]: Input Power pin not driven by any Output Power pins
    ; error
    @(130.81 mm, 444.50 mm): Symbol #PWR011 Pin 1 [Power input, Line]
[power_pin_not_driven]: Input Power pin not driven by any Output Power pins
    ; error
    @(147.32 mm, 444.50 mm): Symbol #PWR013 Pin 1 [Power input, Line]
[pin_not_driven]: Input pin not driven by any Output pins
    ; error
    @(114.30 mm, 454.66 mm): Symbol R2 Pin 2 [2, Input, Line]
[power_pin_not_driven]: Input Power pin not driven by any Output Power pins
    ; error
    @(162.56 mm, 444.50 mm): Symbol #PWR016 Pin 1 [Power input, Line]
[pin_not_driven]: Input pin not driven by any Output pins
    ; error
    @(147.32 mm, 454.66 mm): Symbol R5 Pin 2 [2, Input, Line]
[pin_not_connected]: Pin not connected
    ; error
    @(195.58 mm, 444.50 mm): Symbol LED8 Pin 2 [A, Unspecified, Line]
[pin_not_connected]: Pin not connected
    ; error
    @(195.58 mm, 454.66 mm): Symbol LED8 Pin 1 [C, Unspecified, Line]
[pin_not_driven]: Input pin not driven by any Output pins
    ; error
    @(515.62 mm, 109.22 mm): Symbol R12 Pin 2 [2, Input, Line]
[pin_not_connected]: Pin not connected
    ; error
    @(528.32 mm, 81.28 mm): Symbol ONBOARD_5V1 Pin 2 [2, Unspecified, Line]
[pin_not_connected]: Pin not connected
    ; error
    @(528.32 mm, 83.82 mm): Symbol ONBOARD_5V1 Pin 1 [1, Unspecified, Line]
[hier_label_mismatch]: Sheet pin #EN has no matching hierarchical label inside the sheet
    ; error
    @(483.87 mm, 312.42 mm): Hierarchical Sheet Pin #EN
[hier_label_mismatch]: Sheet pin GND has no matching hierarchical label inside the sheet
    ; error
    @(495.30 mm, 316.23 mm): Hierarchical Sheet Pin GND
[pin_not_driven]: Input pin not driven by any Output pins
    ; error
    @(509.27 mm, 344.17 mm): Symbol R15 Pin 2 [2, Input, Line]
[pin_not_driven]: Input pin not driven by any Output pins
    ; error
    @(707.39 mm, 134.62 mm): Symbol R69 Pin 1 [1, Input, Line]
[pin_not_driven]: Input pin not driven by any Output pins
    ; error
    @(720.09 mm, 134.62 mm): Symbol R71 Pin 1 [1, Input, Line]
[pin_not_driven]: Input pin not driven by any Output pins
    ; error
    @(746.76 mm, 53.34 mm): Symbol R17 Pin 1 [1, Input, Line]
[pin_not_connected]: Pin not connected
    ; error
    @(716.28 mm, 274.32 mm): Hierarchical Sheet Pin SDI
[pin_not_connected]: Pin not connected
    ; error
    @(685.80 mm, 411.48 mm): Hierarchical Sheet Pin P0_6
[pin_not_connected]: Pin not connected
    ; error
    @(767.08 mm, 311.15 mm): Hierarchical Sheet Pin SDI
[pin_not_connected]: Pin not connected
    ; error
    @(767.08 mm, 314.96 mm): Hierarchical Sheet Pin PWM
[pin_not_connected]: Pin not connected
    ; error
    @(767.08 mm, 322.58 mm): Hierarchical Sheet Pin CS
[pin_not_connected]: Pin not connected
    ; error
    @(767.08 mm, 326.39 mm): Hierarchical Sheet Pin AN
[pin_not_connected]: Pin not connected
    ; error
    @(767.08 mm, 330.20 mm): Hierarchical Sheet Pin SCK
[pin_not_connected]: Pin not connected
    ; error
    @(767.08 mm, 334.01 mm): Hierarchical Sheet Pin SDO
[pin_not_driven]: Input pin not driven by any Output pins
    ; error
    @(731.52 mm, 410.21 mm): Symbol R243 Pin 2 [2, Input, Line]
[pin_not_connected]: Pin not connected
    ; error
    @(789.94 mm, 309.88 mm): Hierarchical Sheet Pin RX
[pin_not_connected]: Pin not connected
    ; error
    @(789.94 mm, 313.69 mm): Hierarchical Sheet Pin TX
[pin_not_connected]: Pin not connected
    ; error
    @(789.94 mm, 336.55 mm): Hierarchical Sheet Pin RST
[pin_not_driven]: Input pin not driven by any Output pins
    ; error
    @(736.60 mm, 472.44 mm): Symbol R19 Pin 2 [2, Input, Line]
[pin_not_connected]: Pin not connected
    ; error
    @(730.25 mm, 483.87 mm): Hierarchical Sheet Pin P2_5
[pin_not_connected]: Pin not connected
    ; error
    @(730.25 mm, 486.41 mm): Hierarchical Sheet Pin P2_4
[pin_not_connected]: Pin not connected
    ; error
    @(730.25 mm, 491.49 mm): Hierarchical Sheet Pin P2_2
[label_dangling]: Label not connected to anything
    ; error
    @(199.39 mm, 115.57 mm): Hierarchical Label 'TS1'
[label_dangling]: Label not connected to anything
    ; error
    @(199.39 mm, 120.65 mm): Hierarchical Label 'TS3'
[label_dangling]: Label not connected to anything
    ; error
    @(242.57 mm, 85.09 mm): Hierarchical Label 'PCHG'
[label_dangling]: Label not connected to anything
    ; error
    @(67.31 mm, 142.24 mm): Hierarchical Label 'EN'
[label_dangling]: Label not connected to anything
    ; error
    @(36.83 mm, 86.36 mm): Hierarchical Label 'P0_3'
[label_dangling]: Label not connected to anything
    ; error
    @(36.83 mm, 93.98 mm): Hierarchical Label 'P0_6'
[label_dangling]: Label not connected to anything
    ; error
    @(36.83 mm, 109.22 mm): Hierarchical Label 'P1_4'
[label_dangling]: Label not connected to anything
    ; error
    @(36.83 mm, 114.30 mm): Hierarchical Label 'P1_6'
[label_dangling]: Label not connected to anything
    ; error
    @(36.83 mm, 116.84 mm): Hierarchical Label 'P1_7'
[label_dangling]: Label not connected to anything
    ; error
    @(208.28 mm, 104.14 mm): Hierarchical Label 'P2_5'
[label_dangling]: Label not connected to anything
    ; error
    @(208.28 mm, 106.68 mm): Hierarchical Label 'P2_4'
[label_dangling]: Label not connected to anything
    ; error
    @(208.28 mm, 109.22 mm): Hierarchical Label 'P2_3'
[label_dangling]: Label not connected to anything
    ; error
    @(208.28 mm, 111.76 mm): Hierarchical Label 'P2_2'
[label_dangling]: Label not connected to anything
    ; error
    @(128.27 mm, 87.63 mm): Hierarchical Label 'SDI'
[lib_symbol_mismatch]: Symbol 'XT60PW-M' doesn't match copy in library '5v rail sm-easyedapro'
    ; warning
    @(26.67 mm, 24.13 mm): Symbol -BatMains+1 [XT60PW-M]
[lib_symbol_mismatch]: Symbol 'B2B-XH-A (LF)(SN)' doesn't match copy in library '5v rail sm-easyedapro'
    ; warning
    @(27.94 mm, 63.50 mm): Symbol CN1 [B2B-XH-A (LF)(SN)]
[pin_to_pin]: Pins of type Unspecified and Unspecified are connected
    ; warning
    @(34.29 mm, 62.23 mm): Symbol CN1 Pin 1 [1, Unspecified, Line]
    @(152.40 mm, 80.01 mm): Symbol U84 Pin 1 [K, Unspecified, Line]
[pin_to_pin]: Pins of type Unspecified and Unspecified are connected
    ; warning
    @(34.29 mm, 64.77 mm): Symbol CN1 Pin 2 [2, Unspecified, Line]
    @(182.88 mm, 114.30 mm): Symbol U3403 Pin 10 [10, Unspecified, Line]
[pin_to_pin]: Pins of type Unspecified and Unspecified are connected
    ; warning
    @(29.21 mm, 78.74 mm): Symbol BatBalConn1 Pin 1 [1, Unspecified, Line]
    @(87.63 mm, 78.74 mm): Symbol F2 Pin 1 [1, Unspecified, Line]
[lib_symbol_mismatch]: Symbol 'ZX-XH2_54-4PWZ' doesn't match copy in library 'JLCImport'
    ; warning
    @(24.13 mm, 82.55 mm): Symbol BatBalConn1 [ZX-XH2_54-4PWZ]
[pin_to_pin]: Pins of type Unspecified and Unspecified are connected
    ; warning
    @(29.21 mm, 81.28 mm): Symbol BatBalConn1 Pin 2 [2, Unspecified, Line]
    @(87.63 mm, 81.28 mm): Symbol F3 Pin 1 [1, Unspecified, Line]
[pin_to_pin]: Pins of type Unspecified and Unspecified are connected
    ; warning
    @(29.21 mm, 83.82 mm): Symbol BatBalConn1 Pin 3 [3, Unspecified, Line]
    @(87.63 mm, 83.82 mm): Symbol F4 Pin 1 [1, Unspecified, Line]
[pin_to_pin]: Pins of type Unspecified and Passive are connected
    ; warning
    @(29.21 mm, 86.36 mm): Symbol BatBalConn1 Pin 4 [4, Unspecified, Line]
    @(86.36 mm, 87.63 mm): Symbol NT1 Pin 2 [2, Passive, Line]
[footprint_link_issues]: Footprint 'NetTie-2_SMD_Pad0.5mm' not found in library 'NetTie'.
    ; warning
    @(100.33 mm, 40.64 mm): Symbol NT2 [NetTie_2]
[lib_symbol_issues]: The symbol library 'Device' was not found at '/opt/homebrew/bin/SharedSupport/symbols//Device.kicad_sym'.
    ; warning
    @(100.33 mm, 40.64 mm): Symbol NT2 [NetTie_2]
[pin_to_pin]: Pins of type Unspecified and Power output are connected
    ; warning
    @(114.30 mm, 21.59 mm): Symbol D1 Pin 1 [1, Unspecified, Line]
    @(95.25 mm, 21.59 mm): Symbol F1 Pin 3 [3, Power output, Line]
[lib_symbol_mismatch]: Symbol 'SMAJ16A_C908770' doesn't match copy in library '5v rail sm-easyedapro'
    ; warning
    @(114.30 mm, 26.67 mm): Symbol D1 [SMAJ16A_C908770]
[pin_to_pin]: Pins of type Unspecified and Passive are connected
    ; warning
    @(114.30 mm, 31.75 mm): Symbol D1 Pin 2 [2, Unspecified, Line]
    @(100.33 mm, 38.10 mm): Symbol NT2 Pin 2 [2, Passive, Line]
[lib_symbol_mismatch]: Symbol '0466001.NRHF' doesn't match copy in library '5v rail sm-easyedapro'
    ; warning
    @(92.71 mm, 78.74 mm): Symbol F2 [0466001.NRHF]
[lib_symbol_mismatch]: Symbol '0466001.NRHF' doesn't match copy in library '5v rail sm-easyedapro'
    ; warning
    @(92.71 mm, 81.28 mm): Symbol F3 [0466001.NRHF]
[footprint_link_issues]: Footprint 'NetTie-2_SMD_Pad0.5mm' not found in library 'NetTie'.
    ; warning
    @(86.36 mm, 90.17 mm): Symbol NT1 [NetTie_2]
[lib_symbol_issues]: The symbol library 'Device' was not found at '/opt/homebrew/bin/SharedSupport/symbols//Device.kicad_sym'.
    ; warning
    @(86.36 mm, 90.17 mm): Symbol NT1 [NetTie_2]
[lib_symbol_mismatch]: Symbol '0466001.NRHF' doesn't match copy in library '5v rail sm-easyedapro'
    ; warning
    @(92.71 mm, 83.82 mm): Symbol F4 [0466001.NRHF]
[pin_to_pin]: Pins of type Unspecified and Passive are connected
    ; warning
    @(97.79 mm, 78.74 mm): Symbol F2 Pin 2 [2, Unspecified, Line]
    @(198.12 mm, 44.45 mm): Symbol U79 Pin 2 [B, Passive, Line]
[pin_to_pin]: Pins of type Unspecified and Unspecified are connected
    ; warning
    @(97.79 mm, 81.28 mm): Symbol F3 Pin 2 [2, Unspecified, Line]
    @(57.15 mm, 73.66 mm): Symbol R173 Pin 1 [1, Unspecified, Line]
[pin_to_pin]: Pins of type Unspecified and Unspecified are connected
    ; warning
    @(97.79 mm, 83.82 mm): Symbol F4 Pin 2 [2, Unspecified, Line]
    @(57.15 mm, 90.17 mm): Symbol R174 Pin 1 [1, Unspecified, Line]
[pin_to_pin]: Pins of type Unspecified and Passive are connected
    ; warning
    @(48.26 mm, 123.19 mm): Symbol D101 Pin 1 [1, Unspecified, Line]
    @(43.18 mm, 123.19 mm): Symbol U10 Pin 2 [2, Passive, Line]
[lib_symbol_issues]: The symbol library 'power' was not found at '/opt/homebrew/bin/SharedSupport/symbols//power.kicad_sym'.
    ; warning
    @(34.29 mm, 129.54 mm): Symbol #PWR01 [GND]
[lib_symbol_mismatch]: Symbol 'SMBJ24A_C224017' doesn't match copy in library 'JLCImport'
    ; warning
    @(48.26 mm, 128.27 mm): Symbol D101 [SMBJ24A_C224017]
[lib_symbol_issues]: The symbol library 'power' was not found at '/opt/homebrew/bin/SharedSupport/symbols//power.kicad_sym'.
    ; warning
    @(48.26 mm, 133.35 mm): Symbol #PWR0184 [GND]
[pin_to_pin]: Pins of type Unspecified and Power input are connected
    ; warning
    @(48.26 mm, 133.35 mm): Symbol D101 Pin 2 [2, Unspecified, Line]
    @(48.26 mm, 133.35 mm): Symbol #PWR0184 Pin 1 [Power input, Line]
[lib_symbol_issues]: The symbol library 'power' was not found at '/opt/homebrew/bin/SharedSupport/symbols//power.kicad_sym'.
    ; warning
    @(100.33 mm, 129.54 mm): Symbol #PWR06 [GND]
[same_local_global_label]: Local and global labels have same name
    ; warning
    @(158.75 mm, 86.36 mm): Global Label 'SCL_SLOW'
    @(129.54 mm, 90.17 mm): Label 'SCL_SLOW'
[lib_symbol_issues]: The symbol library 'power' was not found at '/opt/homebrew/bin/SharedSupport/symbols//power.kicad_sym'.
    ; warning
    @(85.09 mm, 171.45 mm): Symbol #PWR04 [GND]
[footprint_link_issues]: Footprint 'PinHeader_1x10_P2.54mm_Vertical' not found in library 'Connector_PinHeader_2.54mm'.
    ; warning
    @(52.07 mm, 200.66 mm): Symbol J105 [PINHD_1x10_Male]
[lib_symbol_issues]: The symbol library 'power' was not found at '/opt/homebrew/bin/SharedSupport/symbols//power.kicad_sym'.
    ; warning
    @(172.72 mm, 119.38 mm): Symbol #PWR018 [+5VP]
[footprint_link_issues]: Footprint 'PinHeader_1x10_P2.54mm_Vertical' not found in library 'Connector_PinHeader_2.54mm'.
    ; warning
    @(63.50 mm, 200.66 mm): Symbol J104 [PINHD_1x10_Male]
[footprint_link_issues]: Footprint 'PinHeader_1x10_P2.54mm_Vertical' not found in library 'Connector_PinHeader_2.54mm'.
    ; warning
    @(73.66 mm, 200.66 mm): Symbol J102 [PINHD_1x10_Male]
[lib_symbol_issues]: The symbol library 'power' was not found at '/opt/homebrew/bin/SharedSupport/symbols//power.kicad_sym'.
    ; warning
    @(193.04 mm, 106.68 mm): Symbol #PWR023 [GND]
[lib_symbol_issues]: The symbol library 'power' was not found at '/opt/homebrew/bin/SharedSupport/symbols//power.kicad_sym'.
    ; warning
    @(201.93 mm, 100.33 mm): Symbol #PWR027 [+5VP]
[lib_symbol_issues]: The symbol library 'power' was not found at '/opt/homebrew/bin/SharedSupport/symbols//power.kicad_sym'.
    ; warning
    @(172.72 mm, 191.77 mm): Symbol #PWR019 [+5VP]
[lib_symbol_issues]: The symbol library 'power' was not found at '/opt/homebrew/bin/SharedSupport/symbols//power.kicad_sym'.
    ; warning
    @(227.33 mm, 124.46 mm): Symbol #PWR0190 [IN-CHARGING-VCC-USBC]
[lib_symbol_issues]: The symbol library 'power' was not found at '/opt/homebrew/bin/SharedSupport/symbols//power.kicad_sym'.
    ; warning
    @(194.31 mm, 179.07 mm): Symbol #PWR024 [GND]
[lib_symbol_issues]: The symbol library 'power' was not found at '/opt/homebrew/bin/SharedSupport/symbols//power.kicad_sym'.
    ; warning
    @(213.36 mm, 163.83 mm): Symbol #PWR029 [VCC]
[lib_symbol_issues]: The symbol library 'power' was not found at '/opt/homebrew/bin/SharedSupport/symbols//power.kicad_sym'.
    ; warning
    @(232.41 mm, 139.70 mm): Symbol #PWR0179 [GND]
[lib_symbol_mismatch]: Symbol 'DC005_C431533' doesn't match copy in library '5v rail sm-easyedapro'
    ; warning
    @(241.30 mm, 127.00 mm): Symbol DC2 [DC005_C431533]
[lib_symbol_issues]: The symbol library 'power' was not found at '/opt/homebrew/bin/SharedSupport/symbols//power.kicad_sym'.
    ; warning
    @(194.31 mm, 208.28 mm): Symbol #PWR025 [GND]
[lib_symbol_issues]: The symbol library 'power' was not found at '/opt/homebrew/bin/SharedSupport/symbols//power.kicad_sym'.
    ; warning
    @(306.07 mm, 36.83 mm): Symbol #PWR037 [VCC]
[lib_symbol_issues]: The symbol library 'power' was not found at '/opt/homebrew/bin/SharedSupport/symbols//power.kicad_sym'.
    ; warning
    @(308.61 mm, 66.04 mm): Symbol #PWR032 [IN-CHARGING-VCC-USBC]
[lib_symbol_issues]: The symbol library 'power' was not found at '/opt/homebrew/bin/SharedSupport/symbols//power.kicad_sym'.
    ; warning
    @(130.81 mm, 288.29 mm): Symbol #PWR010 [+12V]
[lib_symbol_issues]: The symbol library 'power' was not found at '/opt/homebrew/bin/SharedSupport/symbols//power.kicad_sym'.
    ; warning
    @(308.61 mm, 77.47 mm): Symbol #PWR034 [IN-CHARGING-VCC-USBC]
[lib_symbol_issues]: The symbol library 'power' was not found at '/opt/homebrew/bin/SharedSupport/symbols//power.kicad_sym'.
    ; warning
    @(196.85 mm, 252.73 mm): Symbol #PWR026 [GND]
[pin_to_pin]: Pins of type Unspecified and Unspecified are connected
    ; warning
    @(320.04 mm, 34.29 mm): Symbol U103 Pin 1 [OUT, Unspecified, Line]
    @(337.82 mm, 44.45 mm): Symbol U103 Pin 8 [OUT, Unspecified, Line]
[pin_to_pin]: Pins of type Unspecified and Power input are connected
    ; warning
    @(320.04 mm, 36.83 mm): Symbol U103 Pin 2 [IN2, Unspecified, Line]
    @(306.07 mm, 36.83 mm): Symbol #PWR037 Pin 1 [Power input, Line]
[pin_to_pin]: Pins of type Unspecified and Unspecified are connected
    ; warning
    @(320.04 mm, 39.37 mm): Symbol U103 Pin 3 [CP2, Unspecified, Line]
    @(320.04 mm, 41.91 mm): Symbol U103 Pin 4 [OV2, Unspecified, Line]
[pin_to_pin]: Pins of type Unspecified and Unspecified are connected
    ; warning
    @(320.04 mm, 41.91 mm): Symbol U103 Pin 4 [OV2, Unspecified, Line]
    @(320.04 mm, 44.45 mm): Symbol U103 Pin 5 [OV1, Unspecified, Line]
[pin_to_pin]: Pins of type Unspecified and Unspecified are connected
    ; warning
    @(320.04 mm, 44.45 mm): Symbol U103 Pin 5 [OV1, Unspecified, Line]
    @(320.04 mm, 46.99 mm): Symbol U103 Pin 6 [PR1, Unspecified, Line]
[pin_to_pin]: Pins of type Unspecified and Power input are connected
    ; warning
    @(320.04 mm, 46.99 mm): Symbol U103 Pin 6 [PR1, Unspecified, Line]
    @(328.93 mm, 58.42 mm): Symbol #PWR0103 Pin 1 [Power input, Line]
[pin_to_pin]: Pins of type Unspecified and Unspecified are connected
    ; warning
    @(320.04 mm, 74.93 mm): Symbol U102 Pin 1 [OUT, Unspecified, Line]
    @(337.82 mm, 85.09 mm): Symbol U102 Pin 8 [OUT, Unspecified, Line]
[pin_to_pin]: Pins of type Unspecified and Power input are connected
    ; warning
    @(320.04 mm, 77.47 mm): Symbol U102 Pin 2 [IN2, Unspecified, Line]
    @(308.61 mm, 77.47 mm): Symbol #PWR034 Pin 1 [Power input, Line]
[pin_to_pin]: Pins of type Unspecified and Unspecified are connected
    ; warning
    @(320.04 mm, 80.01 mm): Symbol U102 Pin 3 [CP2, Unspecified, Line]
    @(320.04 mm, 82.55 mm): Symbol U102 Pin 4 [OV2, Unspecified, Line]
[pin_to_pin]: Pins of type Unspecified and Unspecified are connected
    ; warning
    @(320.04 mm, 82.55 mm): Symbol U102 Pin 4 [OV2, Unspecified, Line]
    @(320.04 mm, 85.09 mm): Symbol U102 Pin 5 [OV1, Unspecified, Line]
[pin_to_pin]: Pins of type Unspecified and Unspecified are connected
    ; warning
    @(320.04 mm, 85.09 mm): Symbol U102 Pin 5 [OV1, Unspecified, Line]
    @(320.04 mm, 87.63 mm): Symbol U102 Pin 6 [PR1, Unspecified, Line]
[lib_symbol_mismatch]: Symbol 'TPS2121RUXR' doesn't match copy in library 'JLCImport'
    ; warning
    @(328.93 mm, 40.64 mm): Symbol U103 [TPS2121RUXR]
[pin_to_pin]: Pins of type Unspecified and Power input are connected
    ; warning
    @(320.04 mm, 87.63 mm): Symbol U102 Pin 6 [PR1, Unspecified, Line]
    @(328.93 mm, 99.06 mm): Symbol #PWR0193 Pin 1 [Power input, Line]
[lib_symbol_issues]: The symbol library 'power' was not found at '/opt/homebrew/bin/SharedSupport/symbols//power.kicad_sym'.
    ; warning
    @(328.93 mm, 58.42 mm): Symbol #PWR0103 [GND]
[lib_symbol_mismatch]: Symbol 'TPS2121RUXR' doesn't match copy in library 'JLCImport'
    ; warning
    @(328.93 mm, 81.28 mm): Symbol U102 [TPS2121RUXR]
[pin_to_pin]: Pins of type Unspecified and Power input are connected
    ; warning
    @(337.82 mm, 34.29 mm): Symbol U103 Pin 12 [GND, Unspecified, Line]
    @(328.93 mm, 58.42 mm): Symbol #PWR0103 Pin 1 [Power input, Line]
[pin_to_pin]: Pins of type Unspecified and Passive are connected
    ; warning
    @(337.82 mm, 36.83 mm): Symbol U103 Pin 11 [SS, Unspecified, Line]
    @(354.33 mm, 46.99 mm): Symbol C135 Pin 1 [Passive, Line]
[pin_to_pin]: Pins of type Unspecified and Passive are connected
    ; warning
    @(337.82 mm, 39.37 mm): Symbol U103 Pin 10 [ILM, Unspecified, Line]
    @(365.76 mm, 46.99 mm): Symbol R114 Pin 1 [Passive, Line]
[pin_to_pin]: Pins of type Unspecified and Unspecified are connected
    ; warning
    @(337.82 mm, 41.91 mm): Symbol U103 Pin 9 [ST, Unspecified, Line]
    @(337.82 mm, 34.29 mm): Symbol U103 Pin 12 [GND, Unspecified, Line]
[pin_to_pin]: Pins of type Unspecified and Passive are connected
    ; warning
    @(337.82 mm, 44.45 mm): Symbol U103 Pin 8 [OUT, Unspecified, Line]
    @(107.95 mm, 82.55 mm): Symbol R2704 Pin 1 [Passive, Line]
[lib_symbol_issues]: The symbol library 'power' was not found at '/opt/homebrew/bin/SharedSupport/symbols//power.kicad_sym'.
    ; warning
    @(328.93 mm, 99.06 mm): Symbol #PWR0193 [GND]
[pin_to_pin]: Pins of type Unspecified and Power input are connected
    ; warning
    @(337.82 mm, 74.93 mm): Symbol U102 Pin 12 [GND, Unspecified, Line]
    @(328.93 mm, 58.42 mm): Symbol #PWR0103 Pin 1 [Power input, Line]
[pin_to_pin]: Pins of type Unspecified and Passive are connected
    ; warning
    @(337.82 mm, 77.47 mm): Symbol U102 Pin 11 [SS, Unspecified, Line]
    @(354.33 mm, 87.63 mm): Symbol C101 Pin 1 [Passive, Line]
[pin_to_pin]: Pins of type Unspecified and Passive are connected
    ; warning
    @(337.82 mm, 80.01 mm): Symbol U102 Pin 10 [ILM, Unspecified, Line]
    @(365.76 mm, 87.63 mm): Symbol R113 Pin 1 [Passive, Line]
[pin_to_pin]: Pins of type Unspecified and Unspecified are connected
    ; warning
    @(337.82 mm, 82.55 mm): Symbol U102 Pin 9 [ST, Unspecified, Line]
    @(337.82 mm, 74.93 mm): Symbol U102 Pin 12 [GND, Unspecified, Line]
[pin_to_pin]: Pins of type Unspecified and Unspecified are connected
    ; warning
    @(337.82 mm, 85.09 mm): Symbol U102 Pin 8 [OUT, Unspecified, Line]
    @(337.82 mm, 44.45 mm): Symbol U103 Pin 8 [OUT, Unspecified, Line]
[pin_to_pin]: Pins of type Unspecified and Power input are connected
    ; warning
    @(337.82 mm, 87.63 mm): Symbol U102 Pin 7 [IN1, Unspecified, Line]
    @(308.61 mm, 66.04 mm): Symbol #PWR032 Pin 1 [Power input, Line]
[lib_symbol_issues]: The symbol library 'power' was not found at '/opt/homebrew/bin/SharedSupport/symbols//power.kicad_sym'.
    ; warning
    @(205.74 mm, 290.83 mm): Symbol #PWR028 [GND]
[footprint_link_issues]: Footprint 'C_0603_1608Metric' not found in library 'Capacitor_SMD'.
    ; warning
    @(354.33 mm, 50.80 mm): Symbol C135 [C]
[lib_symbol_issues]: The symbol library 'Device' was not found at '/opt/homebrew/bin/SharedSupport/symbols//Device.kicad_sym'.
    ; warning
    @(354.33 mm, 50.80 mm): Symbol C135 [C]
[lib_symbol_issues]: The symbol library 'power' was not found at '/opt/homebrew/bin/SharedSupport/symbols//power.kicad_sym'.
    ; warning
    @(60.96 mm, 360.68 mm): Symbol #PWR03 [+5V]
[footprint_link_issues]: Footprint 'C_0603_1608Metric' not found in library 'Capacitor_SMD'.
    ; warning
    @(354.33 mm, 91.44 mm): Symbol C101 [C]
[lib_symbol_issues]: The symbol library 'Device' was not found at '/opt/homebrew/bin/SharedSupport/symbols//Device.kicad_sym'.
    ; warning
    @(354.33 mm, 91.44 mm): Symbol C101 [C]
[lib_symbol_issues]: The symbol library 'power' was not found at '/opt/homebrew/bin/SharedSupport/symbols//power.kicad_sym'.
    ; warning
    @(303.53 mm, 205.74 mm): Symbol #PWR033 [VCC]
[footprint_link_issues]: Footprint 'R_0402_1005Metric' not found in library 'Resistor_SMD'.
    ; warning
    @(365.76 mm, 50.80 mm): Symbol R114 [R]
[lib_symbol_issues]: The symbol library 'Device' was not found at '/opt/homebrew/bin/SharedSupport/symbols//Device.kicad_sym'.
    ; warning
    @(365.76 mm, 50.80 mm): Symbol R114 [R]
[lib_symbol_issues]: The symbol library 'power' was not found at '/opt/homebrew/bin/SharedSupport/symbols//power.kicad_sym'.
    ; warning
    @(86.36 mm, 359.41 mm): Symbol #PWR09 [+12V]
[pin_to_pin]: Pins of type Unspecified and Power input are connected
    ; warning
    @(74.93 mm, 365.76 mm): Symbol R1 Pin 2 [2, Unspecified, Line]
    @(60.96 mm, 360.68 mm): Symbol #PWR03 Pin 1 [Power input, Line]
[lib_symbol_mismatch]: Symbol 'LR123WF160MT4E' doesn't match copy in library '5v rail sm-easyedapro'
    ; warning
    @(80.01 mm, 365.76 mm): Symbol R1 [LR123WF160MT4E]
[footprint_link_issues]: Footprint 'R_0402_1005Metric' not found in library 'Resistor_SMD'.
    ; warning
    @(365.76 mm, 91.44 mm): Symbol R113 [R]
[lib_symbol_issues]: The symbol library 'Device' was not found at '/opt/homebrew/bin/SharedSupport/symbols//Device.kicad_sym'.
    ; warning
    @(365.76 mm, 91.44 mm): Symbol R113 [R]
[lib_symbol_issues]: The symbol library 'power' was not found at '/opt/homebrew/bin/SharedSupport/symbols//power.kicad_sym'.
    ; warning
    @(129.54 mm, 354.33 mm): Symbol #PWR0185 [+5VP]
[pin_to_pin]: Pins of type Unspecified and Power input are connected
    ; warning
    @(113.03 mm, 360.68 mm): Symbol R3 Pin 2 [2, Unspecified, Line]
    @(86.36 mm, 359.41 mm): Symbol #PWR09 Pin 1 [Power input, Line]
[pin_to_pin]: Pins of type Unspecified and Unspecified are connected
    ; warning
    @(88.90 mm, 368.30 mm): Symbol C1 Pin 2 [2, Unspecified, Line]
    @(85.09 mm, 365.76 mm): Symbol R1 Pin 1 [1, Unspecified, Line]
[lib_symbol_mismatch]: Symbol 'LR123WF160MT4E' doesn't match copy in library '5v rail sm-easyedapro'
    ; warning
    @(118.11 mm, 360.68 mm): Symbol R3 [LR123WF160MT4E]
[pin_to_pin]: Pins of type Unspecified and Input are connected
    ; warning
    @(123.19 mm, 360.68 mm): Symbol R3 Pin 1 [1, Unspecified, Line]
    @(123.19 mm, 367.03 mm): Symbol D3 Pin 1 [K, Input, Line]
[pin_to_pin]: Pins of type Unspecified and Unspecified are connected
    ; warning
    @(100.33 mm, 368.30 mm): Symbol C2 Pin 2 [2, Unspecified, Line]
    @(85.09 mm, 365.76 mm): Symbol R1 Pin 1 [1, Unspecified, Line]
[lib_symbol_mismatch]: Symbol 'GRM21BR61H106KE43L' doesn't match copy in library '5v rail sm-easyedapro'
    ; warning
    @(88.90 mm, 373.38 mm): Symbol C1 [GRM21BR61H106KE43L]
[lib_symbol_issues]: The symbol library 'power' was not found at '/opt/homebrew/bin/SharedSupport/symbols//power.kicad_sym'.
    ; warning
    @(299.72 mm, 240.03 mm): Symbol #PWR093 [+3V3]
[lib_symbol_mismatch]: Symbol 'CC0603KRX7R9BB104' doesn't match copy in library '5v rail sm-easyedapro'
    ; warning
    @(100.33 mm, 373.38 mm): Symbol C2 [CC0603KRX7R9BB104]
[same_local_global_label]: Local and global labels have same name
    ; warning
    @(233.68 mm, 308.61 mm): Global Label 'SDA_SLOW'
    @(129.54 mm, 92.71 mm): Label 'SDA_SLOW'
[pin_to_pin]: Pins of type Unspecified and Power input are connected
    ; warning
    @(153.67 mm, 355.60 mm): Symbol R189 Pin 2 [2, Unspecified, Line]
    @(129.54 mm, 354.33 mm): Symbol #PWR0185 Pin 1 [Power input, Line]
[pin_to_pin]: Pins of type Unspecified and Unspecified are connected
    ; warning
    @(88.90 mm, 378.46 mm): Symbol C1 Pin 1 [1, Unspecified, Line]
    @(100.33 mm, 378.46 mm): Symbol C2 Pin 1 [1, Unspecified, Line]
[lib_symbol_mismatch]: Symbol 'PEWM3920F1L00K9' doesn't match copy in library '5v rail sm-easyedapro'
    ; warning
    @(158.75 mm, 355.60 mm): Symbol R189 [PEWM3920F1L00K9]
[pin_to_pin]: Pins of type Unspecified and Unspecified are connected
    ; warning
    @(133.35 mm, 367.03 mm): Symbol C5 Pin 2 [2, Unspecified, Line]
    @(143.51 mm, 367.03 mm): Symbol C6 Pin 2 [2, Unspecified, Line]
[pin_to_pin]: Pins of type Unspecified and Passive are connected
    ; warning
    @(163.83 mm, 355.60 mm): Symbol R189 Pin 1 [1, Unspecified, Line]
    @(168.91 mm, 41.91 mm): Symbol NT23 Pin 2 [2, Passive, Line]
[pin_to_pin]: Pins of type Unspecified and Input are connected
    ; warning
    @(100.33 mm, 378.46 mm): Symbol C2 Pin 1 [1, Unspecified, Line]
    @(123.19 mm, 377.19 mm): Symbol D3 Pin 2 [A, Input, Line]
[lib_symbol_issues]: The symbol library 'power' was not found at '/opt/homebrew/bin/SharedSupport/symbols//power.kicad_sym'.
    ; warning
    @(182.88 mm, 347.98 mm): Symbol #PWR022 [VCC]
[pin_to_pin]: Pins of type Unspecified and Input are connected
    ; warning
    @(143.51 mm, 367.03 mm): Symbol C6 Pin 2 [2, Unspecified, Line]
    @(123.19 mm, 367.03 mm): Symbol D3 Pin 1 [K, Input, Line]
[lib_symbol_mismatch]: Symbol 'GRM21BR61H106KE43L' doesn't match copy in library '5v rail sm-easyedapro'
    ; warning
    @(133.35 mm, 372.11 mm): Symbol C5 [GRM21BR61H106KE43L]
[lib_symbol_issues]: The symbol library 'power' was not found at '/opt/homebrew/bin/SharedSupport/symbols//power.kicad_sym'.
    ; warning
    @(220.98 mm, 328.93 mm): Symbol #PWR031 [+3V3]
[lib_symbol_mismatch]: Symbol 'CC0603KRX7R9BB104' doesn't match copy in library '5v rail sm-easyedapro'
    ; warning
    @(143.51 mm, 372.11 mm): Symbol C6 [CC0603KRX7R9BB104]
[pin_to_pin]: Pins of type Unspecified and Unspecified are connected
    ; warning
    @(133.35 mm, 377.19 mm): Symbol C5 Pin 1 [1, Unspecified, Line]
    @(143.51 mm, 377.19 mm): Symbol C6 Pin 1 [1, Unspecified, Line]
[pin_to_pin]: Pins of type Unspecified and Input are connected
    ; warning
    @(307.34 mm, 256.54 mm): Symbol U45 Pin 1 [ADDR, Unspecified, Line]
    @(299.72 mm, 242.57 mm): Symbol R107 Pin 2 [2, Input, Line]
[pin_to_pin]: Pins of type Unspecified and Input are connected
    ; warning
    @(307.34 mm, 259.08 mm): Symbol U45 Pin 2 [ALERT/RDY, Unspecified, Line]
    @(299.72 mm, 252.73 mm): Symbol R107 Pin 1 [1, Input, Line]
[pin_to_pin]: Pins of type Unspecified and Power input are connected
    ; warning
    @(196.85 mm, 350.52 mm): Symbol R9 Pin 2 [2, Unspecified, Line]
    @(182.88 mm, 347.98 mm): Symbol #PWR022 Pin 1 [Power input, Line]
[pin_to_pin]: Pins of type Unspecified and Input are connected
    ; warning
    @(143.51 mm, 377.19 mm): Symbol C6 Pin 1 [1, Unspecified, Line]
    @(123.19 mm, 377.19 mm): Symbol D3 Pin 2 [A, Input, Line]
[pin_to_pin]: Pins of type Unspecified and Power input are connected
    ; warning
    @(307.34 mm, 261.62 mm): Symbol U45 Pin 3 [GND, Unspecified, Line]
    @(299.72 mm, 276.86 mm): Symbol #PWR094 Pin 1 [Power input, Line]
[lib_symbol_mismatch]: Symbol 'LR123WF160MT4E' doesn't match copy in library '5v rail sm-easyedapro'
    ; warning
    @(201.93 mm, 350.52 mm): Symbol R9 [LR123WF160MT4E]
[pin_to_pin]: Pins of type Unspecified and Unspecified are connected
    ; warning
    @(307.34 mm, 264.16 mm): Symbol U45 Pin 4 [AIN0, Unspecified, Line]
    @(186.69 mm, 107.95 mm): Symbol U62 Pin 13 [IMON, Unspecified, Line]
[pin_to_pin]: Pins of type Unspecified and Unspecified are connected
    ; warning
    @(167.64 mm, 369.57 mm): Symbol C4 Pin 2 [2, Unspecified, Line]
    @(163.83 mm, 355.60 mm): Symbol R189 Pin 1 [1, Unspecified, Line]
[pin_to_pin]: Pins of type Unspecified and Input are connected
    ; warning
    @(307.34 mm, 266.70 mm): Symbol U45 Pin 5 [AIN1, Unspecified, Line]
    @(160.02 mm, 78.74 mm): Symbol U47 Pin L3 [IINMON, Input, Line]
[pin_to_pin]: Pins of type Unspecified and Passive are connected
    ; warning
    @(207.01 mm, 350.52 mm): Symbol R9 Pin 1 [1, Unspecified, Line]
    @(247.65 mm, 111.76 mm): Symbol NT25 Pin 1 [1, Passive, Line]
[lib_symbol_issues]: The symbol library 'power' was not found at '/opt/homebrew/bin/SharedSupport/symbols//power.kicad_sym'.
    ; warning
    @(299.72 mm, 276.86 mm): Symbol #PWR094 [GND]
[lib_symbol_mismatch]: Symbol 'CC0603KRX7R9BB104' doesn't match copy in library '5v rail sm-easyedapro'
    ; warning
    @(167.64 mm, 374.65 mm): Symbol C4 [CC0603KRX7R9BB104]
[pin_to_pin]: Pins of type Unspecified and Unspecified are connected
    ; warning
    @(179.07 mm, 369.57 mm): Symbol C3 Pin 2 [2, Unspecified, Line]
    @(167.64 mm, 369.57 mm): Symbol C4 Pin 2 [2, Unspecified, Line]
[pin_to_pin]: Pins of type Unspecified and Unspecified are connected
    ; warning
    @(167.64 mm, 379.73 mm): Symbol C4 Pin 1 [1, Unspecified, Line]
    @(143.51 mm, 377.19 mm): Symbol C6 Pin 1 [1, Unspecified, Line]
[lib_symbol_mismatch]: Symbol 'GRM21BR61H106KE43L' doesn't match copy in library '5v rail sm-easyedapro'
    ; warning
    @(179.07 mm, 374.65 mm): Symbol C3 [GRM21BR61H106KE43L]
[lib_symbol_mismatch]: Symbol 'ADS1115IDGST' doesn't match copy in library '5v rail sm-easyedapro'
    ; warning
    @(322.58 mm, 261.62 mm): Symbol U45 [ADS1115IDGST]
[pin_to_pin]: Pins of type Unspecified and Unspecified are connected
    ; warning
    @(179.07 mm, 379.73 mm): Symbol C3 Pin 1 [1, Unspecified, Line]
    @(167.64 mm, 379.73 mm): Symbol C4 Pin 1 [1, Unspecified, Line]
[pin_to_pin]: Pins of type Unspecified and Input are connected
    ; warning
    @(337.82 mm, 256.54 mm): Symbol U45 Pin 10 [SCL, Unspecified, Line]
    @(520.70 mm, 44.45 mm): Symbol R117 Pin 1 [1, Input, Line]
[pin_to_pin]: Pins of type Unspecified and Input are connected
    ; warning
    @(337.82 mm, 259.08 mm): Symbol U45 Pin 9 [SDA, Unspecified, Line]
    @(533.40 mm, 44.45 mm): Symbol R118 Pin 1 [1, Input, Line]
[pin_to_pin]: Pins of type Unspecified and Power input are connected
    ; warning
    @(337.82 mm, 261.62 mm): Symbol U45 Pin 8 [VDD, Unspecified, Line]
    @(378.46 mm, 248.92 mm): Symbol #PWR098 Pin 1 [Power input, Line]
[pin_to_pin]: Pins of type Unspecified and Output are connected
    ; warning
    @(337.82 mm, 264.16 mm): Symbol U45 Pin 7 [AIN3, Unspecified, Line]
    @(200.66 mm, 78.74 mm): Symbol U47 Pin L2 [IOUTMON, Output, Line]
[pin_to_pin]: Pins of type Unspecified and Unspecified are connected
    ; warning
    @(246.38 mm, 353.06 mm): Symbol CN101 Pin 1 [1, Unspecified, Line]
    @(207.01 mm, 350.52 mm): Symbol R9 Pin 1 [1, Unspecified, Line]
[pin_to_pin]: Pins of type Unspecified and Unspecified are connected
    ; warning
    @(419.10 mm, 106.68 mm): Symbol AnyPower1 Pin 2 [A, Unspecified, Line]
    @(337.82 mm, 85.09 mm): Symbol U102 Pin 8 [OUT, Unspecified, Line]
[pin_to_pin]: Pins of type Unspecified and Unspecified are connected
    ; warning
    @(246.38 mm, 355.60 mm): Symbol CN101 Pin 2 [2, Unspecified, Line]
    @(163.83 mm, 355.60 mm): Symbol R189 Pin 1 [1, Unspecified, Line]
[lib_symbol_mismatch]: Symbol 'XL-1608UBC-04' doesn't match copy in library 'JLCImport'
    ; warning
    @(419.10 mm, 111.76 mm): Symbol AnyPower1 [XL-1608UBC-04]
[pin_to_pin]: Pins of type Unspecified and Unspecified are connected
    ; warning
    @(246.38 mm, 358.14 mm): Symbol CN101 Pin 3 [3, Unspecified, Line]
    @(123.19 mm, 360.68 mm): Symbol R3 Pin 1 [1, Unspecified, Line]
[pin_to_pin]: Pins of type Unspecified and Unspecified are connected
    ; warning
    @(419.10 mm, 116.84 mm): Symbol AnyPower1 Pin 1 [K, Unspecified, Line]
    @(419.10 mm, 116.84 mm): Symbol R10 Pin 2 [2, Unspecified, Line]
[lib_symbol_mismatch]: Symbol '0603WAF4021T5E_C23040' doesn't match copy in library 'JLCImport'
    ; warning
    @(419.10 mm, 121.92 mm): Symbol R10 [0603WAF4021T5E_C23040]
[lib_symbol_mismatch]: Symbol 'DB142R-5_08-4P' doesn't match copy in library 'JLCImport'
    ; warning
    @(251.46 mm, 356.87 mm): Symbol CN101 [DB142R-5_08-4P]
[pin_to_pin]: Pins of type Unspecified and Power input are connected
    ; warning
    @(246.38 mm, 360.68 mm): Symbol CN101 Pin 4 [4, Unspecified, Line]
    @(215.90 mm, 393.70 mm): Symbol #PWR015 Pin 1 [Power input, Line]
[lib_symbol_issues]: The symbol library 'power' was not found at '/opt/homebrew/bin/SharedSupport/symbols//power.kicad_sym'.
    ; warning
    @(419.10 mm, 127.00 mm): Symbol #PWR035 [GND]
[pin_to_pin]: Pins of type Unspecified and Power input are connected
    ; warning
    @(419.10 mm, 127.00 mm): Symbol R10 Pin 1 [1, Unspecified, Line]
    @(419.10 mm, 127.00 mm): Symbol #PWR035 Pin 1 [Power input, Line]
[lib_symbol_issues]: The symbol library 'power' was not found at '/opt/homebrew/bin/SharedSupport/symbols//power.kicad_sym'.
    ; warning
    @(381.00 mm, 228.60 mm): Symbol #PWR0128 [GND]
[lib_symbol_issues]: The symbol library 'power' was not found at '/opt/homebrew/bin/SharedSupport/symbols//power.kicad_sym'.
    ; warning
    @(335.28 mm, 298.45 mm): Symbol #PWR039 [+5VP]
[lib_symbol_issues]: The symbol library 'power' was not found at '/opt/homebrew/bin/SharedSupport/symbols//power.kicad_sym'.
    ; warning
    @(215.90 mm, 393.70 mm): Symbol #PWR015 [GND]
[lib_symbol_issues]: The symbol library 'power' was not found at '/opt/homebrew/bin/SharedSupport/symbols//power.kicad_sym'.
    ; warning
    @(397.51 mm, 209.55 mm): Symbol #PWR043 [+12V]
[lib_symbol_issues]: The symbol library 'power' was not found at '/opt/homebrew/bin/SharedSupport/symbols//power.kicad_sym'.
    ; warning
    @(378.46 mm, 248.92 mm): Symbol #PWR098 [+3V3]
[lib_symbol_issues]: The symbol library 'power' was not found at '/opt/homebrew/bin/SharedSupport/symbols//power.kicad_sym'.
    ; warning
    @(114.30 mm, 444.50 mm): Symbol #PWR07 [+12V]
[pin_to_pin]: Pins of type Unspecified and Power input are connected
    ; warning
    @(114.30 mm, 444.50 mm): Symbol LED1 Pin 2 [A, Unspecified, Line]
    @(114.30 mm, 444.50 mm): Symbol #PWR07 Pin 1 [Power input, Line]
[pin_to_pin]: Pins of type Unspecified and Power input are connected
    ; warning
    @(378.46 mm, 264.16 mm): Symbol C56 Pin 2 [2, Unspecified, Line]
    @(378.46 mm, 248.92 mm): Symbol #PWR098 Pin 1 [Power input, Line]
[lib_symbol_issues]: The symbol library 'power' was not found at '/opt/homebrew/bin/SharedSupport/symbols//power.kicad_sym'.
    ; warning
    @(130.81 mm, 444.50 mm): Symbol #PWR011 [+5V]
[pin_to_pin]: Pins of type Unspecified and Power input are connected
    ; warning
    @(130.81 mm, 444.50 mm): Symbol LED2 Pin 2 [A, Unspecified, Line]
    @(130.81 mm, 444.50 mm): Symbol #PWR011 Pin 1 [Power input, Line]
[lib_symbol_mismatch]: Symbol 'XL-1608UBC-04' doesn't match copy in library 'JLCImport'
    ; warning
    @(114.30 mm, 449.58 mm): Symbol LED1 [XL-1608UBC-04]
[lib_symbol_mismatch]: Symbol 'CC0603KRX7R9BB104' doesn't match copy in library '5v rail sm-easyedapro'
    ; warning
    @(378.46 mm, 269.24 mm): Symbol C56 [CC0603KRX7R9BB104]
[lib_symbol_issues]: The symbol library 'power' was not found at '/opt/homebrew/bin/SharedSupport/symbols//power.kicad_sym'.
    ; warning
    @(335.28 mm, 322.58 mm): Symbol #PWR040 [GND]
[pin_to_pin]: Pins of type Unspecified and Power input are connected
    ; warning
    @(378.46 mm, 274.32 mm): Symbol C56 Pin 1 [1, Unspecified, Line]
    @(378.46 mm, 275.59 mm): Symbol #PWR099 Pin 1 [Power input, Line]
[lib_symbol_issues]: The symbol library 'power' was not found at '/opt/homebrew/bin/SharedSupport/symbols//power.kicad_sym'.
    ; warning
    @(378.46 mm, 275.59 mm): Symbol #PWR099 [GND]
[lib_symbol_mismatch]: Symbol 'XL-1608UBC-04' doesn't match copy in library 'JLCImport'
    ; warning
    @(130.81 mm, 449.58 mm): Symbol LED2 [XL-1608UBC-04]
[lib_symbol_issues]: The symbol library 'power' was not found at '/opt/homebrew/bin/SharedSupport/symbols//power.kicad_sym'.
    ; warning
    @(147.32 mm, 444.50 mm): Symbol #PWR013 [+3V3]
[pin_to_pin]: Pins of type Unspecified and Power input are connected
    ; warning
    @(147.32 mm, 444.50 mm): Symbol LED3 Pin 2 [A, Unspecified, Line]
    @(147.32 mm, 444.50 mm): Symbol #PWR013 Pin 1 [Power input, Line]
[pin_to_pin]: Pins of type Unspecified and Input are connected
    ; warning
    @(114.30 mm, 454.66 mm): Symbol LED1 Pin 1 [K, Unspecified, Line]
    @(114.30 mm, 454.66 mm): Symbol R2 Pin 2 [2, Input, Line]
[lib_symbol_mismatch]: Symbol 'XL-1608UBC-04' doesn't match copy in library 'JLCImport'
    ; warning
    @(147.32 mm, 449.58 mm): Symbol LED3 [XL-1608UBC-04]
[pin_to_pin]: Pins of type Unspecified and Unspecified are connected
    ; warning
    @(130.81 mm, 454.66 mm): Symbol LED2 Pin 1 [K, Unspecified, Line]
    @(130.81 mm, 454.66 mm): Symbol R4 Pin 2 [2, Unspecified, Line]
[lib_symbol_issues]: The symbol library 'power' was not found at '/opt/homebrew/bin/SharedSupport/symbols//power.kicad_sym'.
    ; warning
    @(162.56 mm, 444.50 mm): Symbol #PWR016 [+3V3]
[pin_to_pin]: Pins of type Unspecified and Power input are connected
    ; warning
    @(162.56 mm, 444.50 mm): Symbol LED4 Pin 2 [A, Unspecified, Line]
    @(162.56 mm, 444.50 mm): Symbol #PWR016 Pin 1 [Power input, Line]
[lib_symbol_issues]: The symbol library 'power' was not found at '/opt/homebrew/bin/SharedSupport/symbols//power.kicad_sym'.
    ; warning
    @(347.98 mm, 322.58 mm): Symbol #PWR042 [GND]
[multiple_net_names]: Both GND and SERVO-GND are attached to the same items; GND will be used in the netlist
    ; warning
    @(548.64 mm, 344.17 mm): Symbol #PWR0181 Pin 1 [Power input, Line]
    @(347.98 mm, 322.58 mm): Symbol #PWR042 Pin 1 [Power input, Line]
[pin_to_pin]: Pins of type Unspecified and Input are connected
    ; warning
    @(147.32 mm, 454.66 mm): Symbol LED3 Pin 1 [K, Unspecified, Line]
    @(147.32 mm, 454.66 mm): Symbol R5 Pin 2 [2, Input, Line]
[lib_symbol_mismatch]: Symbol 'FRC0603F1001TS' doesn't match copy in library 'JLCImport'
    ; warning
    @(130.81 mm, 459.74 mm): Symbol R4 [FRC0603F1001TS]
[lib_symbol_mismatch]: Symbol 'XL-1608UBC-04' doesn't match copy in library 'JLCImport'
    ; warning
    @(162.56 mm, 449.58 mm): Symbol LED4 [XL-1608UBC-04]
[lib_symbol_issues]: The symbol library 'power' was not found at '/opt/homebrew/bin/SharedSupport/symbols//power.kicad_sym'.
    ; warning
    @(114.30 mm, 464.82 mm): Symbol #PWR08 [GND]
[lib_symbol_issues]: The symbol library 'power' was not found at '/opt/homebrew/bin/SharedSupport/symbols//power.kicad_sym'.
    ; warning
    @(177.80 mm, 444.50 mm): Symbol #PWR020 [+5V]
[pin_to_pin]: Pins of type Unspecified and Power input are connected
    ; warning
    @(177.80 mm, 444.50 mm): Symbol LED5 Pin 2 [A, Unspecified, Line]
    @(177.80 mm, 444.50 mm): Symbol #PWR020 Pin 1 [Power input, Line]
[pin_to_pin]: Pins of type Unspecified and Unspecified are connected
    ; warning
    @(162.56 mm, 454.66 mm): Symbol LED4 Pin 1 [K, Unspecified, Line]
    @(162.56 mm, 454.66 mm): Symbol R7 Pin 2 [2, Unspecified, Line]
[lib_symbol_issues]: The symbol library 'power' was not found at '/opt/homebrew/bin/SharedSupport/symbols//power.kicad_sym'.
    ; warning
    @(130.81 mm, 464.82 mm): Symbol #PWR012 [GND]
[pin_to_pin]: Pins of type Unspecified and Power input are connected
    ; warning
    @(130.81 mm, 464.82 mm): Symbol R4 Pin 1 [1, Unspecified, Line]
    @(130.81 mm, 464.82 mm): Symbol #PWR012 Pin 1 [Power input, Line]
[lib_symbol_mismatch]: Symbol 'XL-1608UBC-04' doesn't match copy in library 'JLCImport'
    ; warning
    @(177.80 mm, 449.58 mm): Symbol LED5 [XL-1608UBC-04]
[lib_symbol_issues]: The symbol library 'power' was not found at '/opt/homebrew/bin/SharedSupport/symbols//power.kicad_sym'.
    ; warning
    @(147.32 mm, 464.82 mm): Symbol #PWR014 [GND]
[lib_symbol_mismatch]: Symbol '0603WAF4021T5E_C23040' doesn't match copy in library 'JLCImport'
    ; warning
    @(162.56 mm, 459.74 mm): Symbol R7 [0603WAF4021T5E_C23040]
[pin_to_pin]: Pins of type Unspecified and Unspecified are connected
    ; warning
    @(177.80 mm, 454.66 mm): Symbol LED5 Pin 1 [K, Unspecified, Line]
    @(177.80 mm, 454.66 mm): Symbol R8 Pin 2 [2, Unspecified, Line]
[lib_symbol_mismatch]: Symbol 'TJ-S1608SW6THBLC2R-A5' doesn't match copy in library 'JLCImport'
    ; warning
    @(195.58 mm, 449.58 mm): Symbol LED8 [TJ-S1608SW6THBLC2R-A5]
[footprint_link_issues]: Footprint 'PinHeader_1x03_P2.54mm_Vertical' not found in library 'Connector_PinHeader_2.54mm'.
    ; warning
    @(462.28 mm, 167.64 mm): Symbol J103 [PINHD_1x3_Male]
[lib_symbol_issues]: The symbol library 'power' was not found at '/opt/homebrew/bin/SharedSupport/symbols//power.kicad_sym'.
    ; warning
    @(162.56 mm, 464.82 mm): Symbol #PWR017 [GND]
[pin_to_pin]: Pins of type Unspecified and Power input are connected
    ; warning
    @(162.56 mm, 464.82 mm): Symbol R7 Pin 1 [1, Unspecified, Line]
    @(162.56 mm, 464.82 mm): Symbol #PWR017 Pin 1 [Power input, Line]
[lib_symbol_mismatch]: Symbol 'FRC0603F1001TS' doesn't match copy in library 'JLCImport'
    ; warning
    @(177.80 mm, 459.74 mm): Symbol R8 [FRC0603F1001TS]
[pin_to_pin]: Pins of type Unspecified and Unspecified are connected
    ; warning
    @(270.51 mm, 106.68 mm): Symbol R192 Pin 1 [1, Unspecified, Line]
    @(124.46 mm, 152.40 mm): Symbol U2601 Pin 3 [VIN, Unspecified, Line]
[lib_symbol_issues]: The symbol library 'power' was not found at '/opt/homebrew/bin/SharedSupport/symbols//power.kicad_sym'.
    ; warning
    @(177.80 mm, 464.82 mm): Symbol #PWR021 [GND]
[pin_to_pin]: Pins of type Unspecified and Power input are connected
    ; warning
    @(177.80 mm, 464.82 mm): Symbol R8 Pin 1 [1, Unspecified, Line]
    @(177.80 mm, 464.82 mm): Symbol #PWR021 Pin 1 [Power input, Line]
[lib_symbol_issues]: The symbol library 'power' was not found at '/opt/homebrew/bin/SharedSupport/symbols//power.kicad_sym'.
    ; warning
    @(243.84 mm, 434.34 mm): Symbol #PWR063 [+3V3]
[lib_symbol_mismatch]: Symbol 'FRC0603J104 TS' doesn't match copy in library '5v rail sm-easyedapro'
    ; warning
    @(487.68 mm, 105.41 mm): Symbol R11 [FRC0603J104 TS]
[lib_symbol_issues]: The symbol library 'power' was not found at '/opt/homebrew/bin/SharedSupport/symbols//power.kicad_sym'.
    ; warning
    @(472.44 mm, 162.56 mm): Symbol #PWR0124 [+5V]
[lib_symbol_issues]: The symbol library 'power' was not found at '/opt/homebrew/bin/SharedSupport/symbols//power.kicad_sym'.
    ; warning
    @(472.44 mm, 172.72 mm): Symbol #PWR0186 [GND]
[pin_to_pin]: Pins of type Unspecified and Unspecified are connected
    ; warning
    @(280.67 mm, 106.68 mm): Symbol R192 Pin 2 [2, Unspecified, Line]
    @(133.35 mm, 81.28 mm): Symbol U76 Pin 4 [EN, Unspecified, Line]
[footprint_link_issues]: Footprint 'R_0603_1608Metric' not found in library 'Resistor_SMD'.
    ; warning
    @(243.84 mm, 441.96 mm): Symbol R20 [R]
[lib_symbol_issues]: The symbol library 'Device' was not found at '/opt/homebrew/bin/SharedSupport/symbols//Device.kicad_sym'.
    ; warning
    @(243.84 mm, 441.96 mm): Symbol R20 [R]
[pin_to_pin]: Pins of type Unspecified and Passive are connected
    ; warning
    @(243.84 mm, 445.77 mm): Symbol LED9 Pin 1 [K, Unspecified, Line]
    @(243.84 mm, 445.77 mm): Symbol R20 Pin 2 [Passive, Line]
[lib_symbol_mismatch]: Symbol 'XL-1608UOC-06' doesn't match copy in library 'JLCImport'
    ; warning
    @(243.84 mm, 450.85 mm): Symbol LED9 [XL-1608UOC-06]
[unconnected_wire_endpoint]: Unconnected wire endpoint
    ; warning
    @(393.70 mm, 330.20 mm): Horizontal Wire, length 17.78 mm
[pin_to_pin]: Pins of type Unspecified and Unspecified are connected
    ; warning
    @(243.84 mm, 455.93 mm): Symbol LED9 Pin 2 [A, Unspecified, Line]
    @(243.84 mm, 455.93 mm): Symbol Q3 Pin 3 [D, Unspecified, Line]
[unconnected_wire_endpoint]: Unconnected wire endpoint
    ; warning
    @(393.70 mm, 340.36 mm): Horizontal Wire, length 30.48 mm
[lib_symbol_mismatch]: Symbol 'L2N7002SLLT1G' doesn't match copy in library '5v rail sm-easyedapro'
    ; warning
    @(243.84 mm, 461.01 mm): Symbol Q3 [L2N7002SLLT1G]
[footprint_link_issues]: Footprint 'R_0603_1608Metric' not found in library 'Resistor_SMD'.
    ; warning
    @(520.70 mm, 39.37 mm): Symbol R117 [0603WAF4701T5E]
[pin_to_pin]: Pins of type Unspecified and Unspecified are connected
    ; warning
    @(251.46 mm, 461.01 mm): Symbol Q3 Pin 1 [G, Unspecified, Line]
    @(254.00 mm, 466.09 mm): Symbol R21 Pin 1 [1, Unspecified, Line]
[pin_to_pin]: Pins of type Unspecified and Unspecified are connected
    ; warning
    @(243.84 mm, 466.09 mm): Symbol Q3 Pin 2 [S, Unspecified, Line]
    @(254.00 mm, 476.25 mm): Symbol R21 Pin 2 [2, Unspecified, Line]
[unconnected_wire_endpoint]: Unconnected wire endpoint
    ; warning
    @(411.48 mm, 330.20 mm): Vertical Wire, length 2.54 mm
[lib_symbol_mismatch]: Symbol 'PZ254V-11-02P' doesn't match copy in library '5v rail sm-easyedapro'
    ; warning
    @(523.24 mm, 82.55 mm): Symbol ONBOARD_5V1 [PZ254V-11-02P]
[lib_symbol_issues]: The symbol library 'power' was not found at '/opt/homebrew/bin/SharedSupport/symbols//power.kicad_sym'.
    ; warning
    @(515.62 mm, 121.92 mm): Symbol #PWR044 [GND]
[pin_to_pin]: Pins of type Unspecified and Unspecified are connected
    ; warning
    @(254.00 mm, 466.09 mm): Symbol R21 Pin 1 [1, Unspecified, Line]
    @(83.82 mm, 78.74 mm): Symbol U3401 Pin 1 [1, Unspecified, Line]
[lib_symbol_issues]: The symbol library 'power' was not found at '/opt/homebrew/bin/SharedSupport/symbols//power.kicad_sym'.
    ; warning
    @(429.26 mm, 317.50 mm): Symbol #PWR0182 [GND]
[footprint_link_issues]: Footprint 'R_0603_1608Metric' not found in library 'Resistor_SMD'.
    ; warning
    @(533.40 mm, 39.37 mm): Symbol R118 [0603WAF4701T5E]
[lib_symbol_mismatch]: Symbol 'FRC0603J104 TS' doesn't match copy in library '5v rail sm-easyedapro'
    ; warning
    @(254.00 mm, 471.17 mm): Symbol R21 [FRC0603J104 TS]
[pin_to_pin]: Pins of type Unspecified and Power input are connected
    ; warning
    @(254.00 mm, 476.25 mm): Symbol R21 Pin 2 [2, Unspecified, Line]
    @(248.92 mm, 482.60 mm): Symbol #PWR062 Pin 1 [Power input, Line]
[lib_symbol_issues]: The symbol library 'power' was not found at '/opt/homebrew/bin/SharedSupport/symbols//power.kicad_sym'.
    ; warning
    @(542.29 mm, 16.51 mm): Symbol #PWR0191 [+3V3]
[lib_symbol_issues]: The symbol library 'power' was not found at '/opt/homebrew/bin/SharedSupport/symbols//power.kicad_sym'.
    ; warning
    @(248.92 mm, 482.60 mm): Symbol #PWR062 [GND]
[lib_symbol_issues]: The symbol library 'power' was not found at '/opt/homebrew/bin/SharedSupport/symbols//power.kicad_sym'.
    ; warning
    @(537.21 mm, 81.28 mm): Symbol #PWR045 [+5V]
[lib_symbol_issues]: The symbol library 'power' was not found at '/opt/homebrew/bin/SharedSupport/symbols//power.kicad_sym'.
    ; warning
    @(424.18 mm, 340.36 mm): Symbol #PWR0183 [GND]
[pin_to_pin]: Pins of type Unspecified and Unspecified are connected
    ; warning
    @(435.61 mm, 330.20 mm): Symbol C10 Pin 2 [2, Unspecified, Line]
    @(441.96 mm, 330.20 mm): Symbol C11 Pin 2 [2, Unspecified, Line]
[lib_symbol_mismatch]: Symbol 'HGC1206R5107M100NSPJ' doesn't match copy in library 'JLCImport'
    ; warning
    @(435.61 mm, 335.28 mm): Symbol C10 [HGC1206R5107M100NSPJ]
[footprint_link_issues]: Footprint 'R_0603_1608Metric' not found in library 'Resistor_SMD'.
    ; warning
    @(549.91 mm, 40.64 mm): Symbol R119 [0603WAF2201T5E]
[pin_to_pin]: Pins of type Unspecified and Unspecified are connected
    ; warning
    @(441.96 mm, 330.20 mm): Symbol C11 Pin 2 [2, Unspecified, Line]
    @(448.31 mm, 330.20 mm): Symbol C12 Pin 2 [2, Unspecified, Line]
[pin_to_pin]: Pins of type Unspecified and Unspecified are connected
    ; warning
    @(435.61 mm, 340.36 mm): Symbol C10 Pin 1 [1, Unspecified, Line]
    @(441.96 mm, 340.36 mm): Symbol C11 Pin 1 [1, Unspecified, Line]
[lib_symbol_issues]: The symbol library 'power' was not found at '/opt/homebrew/bin/SharedSupport/symbols//power.kicad_sym'.
    ; warning
    @(546.10 mm, 86.36 mm): Symbol #PWR0119 [GND]
[lib_symbol_mismatch]: Symbol 'HGC1206R5107M100NSPJ' doesn't match copy in library 'JLCImport'
    ; warning
    @(441.96 mm, 335.28 mm): Symbol C11 [HGC1206R5107M100NSPJ]
[pin_to_pin]: Pins of type Unspecified and Unspecified are connected
    ; warning
    @(448.31 mm, 330.20 mm): Symbol C12 Pin 2 [2, Unspecified, Line]
    @(132.08 mm, 52.07 mm): Symbol U1801 Pin 3 [IN, Unspecified, Line]
[pin_to_pin]: Pins of type Unspecified and Unspecified are connected
    ; warning
    @(441.96 mm, 340.36 mm): Symbol C11 Pin 1 [1, Unspecified, Line]
    @(448.31 mm, 340.36 mm): Symbol C12 Pin 1 [1, Unspecified, Line]
[lib_symbol_mismatch]: Symbol '5017_C9900015874' doesn't match copy in library '5v rail sm-easyedapro'
    ; warning
    @(38.10 mm, 557.53 mm): Symbol CN2 [5017_C9900015874]
[pin_to_pin]: Pins of type Unspecified and Power input are connected
    ; warning
    @(43.18 mm, 557.53 mm): Symbol CN2 Pin 1 [1, Unspecified, Line]
    @(45.72 mm, 561.34 mm): Symbol #PWR02 Pin 1 [Power input, Line]
[pin_to_pin]: Pins of type Unspecified and Passive are connected
    ; warning
    @(547.37 mm, 115.57 mm): Symbol D8 Pin 1 [C, Unspecified, Line]
    @(563.88 mm, 97.79 mm): Symbol NT7 Pin 2 [2, Passive, Line]
[footprint_link_issues]: Footprint 'PinHeader_1x03_P2.54mm_Vertical' not found in library 'Connector_PinHeader_2.54mm'.
    ; warning
    @(552.45 mm, 88.90 mm): Symbol J101 [PINHD_1x3_Male]
[lib_symbol_mismatch]: Symbol 'HGC1206R5107M100NSPJ' doesn't match copy in library 'JLCImport'
    ; warning
    @(448.31 mm, 335.28 mm): Symbol C12 [HGC1206R5107M100NSPJ]
[lib_symbol_mismatch]: Symbol 'SMF5_0A_C2857263' doesn't match copy in library 'JLCImport'
    ; warning
    @(547.37 mm, 120.65 mm): Symbol D8 [SMF5_0A_C2857263]
[pin_to_pin]: Pins of type Unspecified and Unspecified are connected
    ; warning
    @(547.37 mm, 125.73 mm): Symbol D8 Pin 2 [A, Unspecified, Line]
    @(576.58 mm, 121.92 mm): Symbol USB1 Pin A12 [GND, Unspecified, Line]
[pin_to_pin]: Pins of type Unspecified and Power input are connected
    ; warning
    @(448.31 mm, 340.36 mm): Symbol C12 Pin 1 [1, Unspecified, Line]
    @(424.18 mm, 340.36 mm): Symbol #PWR0183 Pin 1 [Power input, Line]
[lib_symbol_issues]: The symbol library 'power' was not found at '/opt/homebrew/bin/SharedSupport/symbols//power.kicad_sym'.
    ; warning
    @(45.72 mm, 561.34 mm): Symbol #PWR02 [GND]
[footprint_link_issues]: Footprint 'R_0603_1608Metric' not found in library 'Resistor_SMD'.
    ; warning
    @(562.61 mm, 40.64 mm): Symbol R120 [0603WAF2201T5E]
[footprint_link_issues]: Footprint 'Symbol_Attention_Triangle_8x7mm_Copper' not found in library 'Symbol'.
    ; warning
    @(76.20 mm, 563.88 mm): Symbol warninglogo1 [wasologo]
[lib_symbol_issues]: The symbol library 'power' was not found at '/opt/homebrew/bin/SharedSupport/symbols//power.kicad_sym'.
    ; warning
    @(525.78 mm, 226.06 mm): Symbol #PWR056 [PACK+]
[footprint_link_issues]: Footprint 'NetTie-3_SMD_Pad0.5mm' not found in library 'NetTie'.
    ; warning
    @(563.88 mm, 100.33 mm): Symbol NT7 [NetTie_3]
[lib_symbol_issues]: The symbol library 'Device' was not found at '/opt/homebrew/bin/SharedSupport/symbols//Device.kicad_sym'.
    ; warning
    @(563.88 mm, 100.33 mm): Symbol NT7 [NetTie_3]
[footprint_link_issues]: Footprint 'R_0603_1608Metric' not found in library 'Resistor_SMD'.
    ; warning
    @(563.88 mm, 106.68 mm): Symbol R13 [R]
[lib_symbol_issues]: The symbol library 'Device' was not found at '/opt/homebrew/bin/SharedSupport/symbols//Device.kicad_sym'.
    ; warning
    @(563.88 mm, 106.68 mm): Symbol R13 [R]
[global_label_dangling]: Global label not connected anywhere else in the schematic
    ; warning
    @(483.87 mm, 312.42 mm): Global Label 'Servo/VCC-Diode/EN#'
[lib_symbol_issues]: The symbol library 'power' was not found at '/opt/homebrew/bin/SharedSupport/symbols//power.kicad_sym'.
    ; warning
    @(520.70 mm, 246.38 mm): Symbol #PWR055 [GND]
[footprint_link_issues]: Footprint 'R_0603_1608Metric' not found in library 'Resistor_SMD'.
    ; warning
    @(566.42 mm, 106.68 mm): Symbol R14 [R]
[lib_symbol_issues]: The symbol library 'Device' was not found at '/opt/homebrew/bin/SharedSupport/symbols//Device.kicad_sym'.
    ; warning
    @(566.42 mm, 106.68 mm): Symbol R14 [R]
[lib_symbol_issues]: The symbol library 'power' was not found at '/opt/homebrew/bin/SharedSupport/symbols//power.kicad_sym'.
    ; warning
    @(483.87 mm, 330.20 mm): Symbol #PWR052 [+3V3]
[pin_to_pin]: Pins of type Unspecified and Power input are connected
    ; warning
    @(576.58 mm, 109.22 mm): Symbol USB1 Pin B12 [GND, Unspecified, Line]
    @(601.98 mm, 114.30 mm): Symbol #PWR0187 Pin 1 [Power input, Line]
[pin_to_pin]: Pins of type Unspecified and Passive are connected
    ; warning
    @(576.58 mm, 111.76 mm): Symbol USB1 Pin B9 [VBUS, Unspecified, Line]
    @(563.88 mm, 97.79 mm): Symbol NT7 Pin 2 [2, Passive, Line]
[pin_to_pin]: Pins of type Unspecified and Passive are connected
    ; warning
    @(576.58 mm, 114.30 mm): Symbol USB1 Pin A5 [CC1, Unspecified, Line]
    @(563.88 mm, 110.49 mm): Symbol R13 Pin 2 [Passive, Line]
[pin_to_pin]: Pins of type Unspecified and Passive are connected
    ; warning
    @(576.58 mm, 116.84 mm): Symbol USB1 Pin B5 [CC2, Unspecified, Line]
    @(566.42 mm, 110.49 mm): Symbol R14 Pin 2 [Passive, Line]
[pin_to_pin]: Pins of type Unspecified and Unspecified are connected
    ; warning
    @(576.58 mm, 119.38 mm): Symbol USB1 Pin A9 [VBUS, Unspecified, Line]
    @(576.58 mm, 111.76 mm): Symbol USB1 Pin B9 [VBUS, Unspecified, Line]
[pin_to_pin]: Pins of type Unspecified and Unspecified are connected
    ; warning
    @(576.58 mm, 121.92 mm): Symbol USB1 Pin A12 [GND, Unspecified, Line]
    @(576.58 mm, 109.22 mm): Symbol USB1 Pin B12 [GND, Unspecified, Line]
[lib_symbol_issues]: The symbol library 'power' was not found at '/opt/homebrew/bin/SharedSupport/symbols//power.kicad_sym'.
    ; warning
    @(574.04 mm, 138.43 mm): Symbol #PWR048 [GND]
[lib_symbol_issues]: The symbol library 'power' was not found at '/opt/homebrew/bin/SharedSupport/symbols//power.kicad_sym'.
    ; warning
    @(495.30 mm, 322.58 mm): Symbol #PWR0180 [GND]
[pin_to_pin]: Pins of type Unspecified and Unspecified are connected
    ; warning
    @(579.12 mm, 128.27 mm): Symbol D9 Pin 1 [IO1, Unspecified, Line]
    @(576.58 mm, 114.30 mm): Symbol USB1 Pin A5 [CC1, Unspecified, Line]
[pin_to_pin]: Pins of type Unspecified and Unspecified are connected
    ; warning
    @(579.12 mm, 130.81 mm): Symbol D9 Pin 2 [IO2, Unspecified, Line]
    @(576.58 mm, 116.84 mm): Symbol USB1 Pin B5 [CC2, Unspecified, Line]
[pin_to_pin]: Pins of type Unspecified and Unspecified are connected
    ; warning
    @(511.81 mm, 309.88 mm): Symbol C143 Pin 1 [1, Unspecified, Line]
    @(514.35 mm, 308.61 mm): Symbol R16 Pin 1 [1, Unspecified, Line]
[pin_to_pin]: Pins of type Unspecified and Unspecified are connected
    ; warning
    @(514.35 mm, 308.61 mm): Symbol R16 Pin 1 [1, Unspecified, Line]
    @(149.86 mm, 46.99 mm): Symbol U1801 Pin 5 [OUT, Unspecified, Line]
[lib_symbol_mismatch]: Symbol 'TYPE-C_6P_073' doesn't match copy in library 'JLCImport'
    ; warning
    @(589.28 mm, 114.30 mm): Symbol USB1 [TYPE-C_6P_073]
[lib_symbol_mismatch]: Symbol 'VKME1651E102MV' doesn't match copy in library 'JLCImport'
    ; warning
    @(511.81 mm, 314.96 mm): Symbol C143 [VKME1651E102MV]
[lib_symbol_mismatch]: Symbol 'TPD2E2U06DCKR' doesn't match copy in library 'JLCImport'
    ; warning
    @(588.01 mm, 129.54 mm): Symbol D9 [TPD2E2U06DCKR]
[lib_symbol_issues]: The symbol library 'power' was not found at '/opt/homebrew/bin/SharedSupport/symbols//power.kicad_sym'.
    ; warning
    @(511.81 mm, 320.04 mm): Symbol #PWR0108 [GND]
[pin_to_pin]: Pins of type Unspecified and Power input are connected
    ; warning
    @(511.81 mm, 320.04 mm): Symbol C143 Pin 2 [2, Unspecified, Line]
    @(511.81 mm, 320.04 mm): Symbol #PWR0108 Pin 1 [Power input, Line]
[lib_symbol_mismatch]: Symbol 'RLM25FEER005' doesn't match copy in library 'JLCImport'
    ; warning
    @(519.43 mm, 308.61 mm): Symbol R16 [RLM25FEER005]
[pin_to_pin]: Pins of type Unspecified and Power input are connected
    ; warning
    @(524.51 mm, 308.61 mm): Symbol R16 Pin 2 [2, Unspecified, Line]
    @(177.80 mm, 444.50 mm): Symbol #PWR020 Pin 1 [Power input, Line]
[pin_to_pin]: Pins of type Unspecified and Power input are connected
    ; warning
    @(596.90 mm, 129.54 mm): Symbol D9 Pin 3 [GND, Unspecified, Line]
    @(598.17 mm, 138.43 mm): Symbol #PWR049 Pin 1 [Power input, Line]
[lib_symbol_issues]: The symbol library 'power' was not found at '/opt/homebrew/bin/SharedSupport/symbols//power.kicad_sym'.
    ; warning
    @(601.98 mm, 114.30 mm): Symbol #PWR0187 [GND]
[pin_to_pin]: Pins of type Unspecified and Power input are connected
    ; warning
    @(601.98 mm, 114.30 mm): Symbol USB1 Pin 7 [EH, Unspecified, Line]
    @(601.98 mm, 114.30 mm): Symbol #PWR0187 Pin 1 [Power input, Line]
[lib_symbol_issues]: The symbol library 'power' was not found at '/opt/homebrew/bin/SharedSupport/symbols//power.kicad_sym'.
    ; warning
    @(598.17 mm, 138.43 mm): Symbol #PWR049 [GND]
[lib_symbol_issues]: The symbol library 'power' was not found at '/opt/homebrew/bin/SharedSupport/symbols//power.kicad_sym'.
    ; warning
    @(509.27 mm, 360.68 mm): Symbol #PWR054 [GND]
[pin_to_pin]: Pins of type Unspecified and Passive are connected
    ; warning
    @(591.82 mm, 229.87 mm): Symbol R18 Pin 1 [1, Unspecified, Line]
    @(177.80 mm, 76.20 mm): Symbol NT29 Pin 1 [1, Passive, Line]
[lib_symbol_mismatch]: Symbol 'PEWM3920F1L00K9' doesn't match copy in library '5v rail sm-easyedapro'
    ; warning
    @(596.90 mm, 229.87 mm): Symbol R18 [PEWM3920F1L00K9]
[pin_to_pin]: Pins of type Unspecified and Power output are connected
    ; warning
    @(601.98 mm, 229.87 mm): Symbol R18 Pin 2 [2, Unspecified, Line]
    @(632.46 mm, 238.76 mm): Symbol +ESC-CONNECTOR-1 Pin 2 [+, Power output, Line]
[lib_symbol_issues]: The symbol library 'power' was not found at '/opt/homebrew/bin/SharedSupport/symbols//power.kicad_sym'.
    ; warning
    @(548.64 mm, 344.17 mm): Symbol #PWR0181 [GND]
[pin_to_pin]: Pins of type Unspecified and Unspecified are connected
    ; warning
    @(605.79 mm, 229.87 mm): Symbol D10 Pin 1 [1, Unspecified, Line]
    @(601.98 mm, 229.87 mm): Symbol R18 Pin 2 [2, Unspecified, Line]
[lib_symbol_mismatch]: Symbol 'SMAJ16A_C908770' doesn't match copy in library '5v rail sm-easyedapro'
    ; warning
    @(605.79 mm, 234.95 mm): Symbol D10 [SMAJ16A_C908770]
[pin_to_pin]: Pins of type Unspecified and Power input are connected
    ; warning
    @(605.79 mm, 240.03 mm): Symbol D10 Pin 2 [2, Unspecified, Line]
    @(632.46 mm, 241.30 mm): Symbol +ESC-CONNECTOR-1 Pin 1 [-, Power input, Line]
[pin_to_pin]: Pins of type Unspecified and Unspecified are connected
    ; warning
    @(618.49 mm, 231.14 mm): Symbol C2401 Pin 2 [2, Unspecified, Line]
    @(605.79 mm, 229.87 mm): Symbol D10 Pin 1 [1, Unspecified, Line]
[lib_symbol_issues]: The symbol library 'power' was not found at '/opt/homebrew/bin/SharedSupport/symbols//power.kicad_sym'.
    ; warning
    @(659.13 mm, 39.37 mm): Symbol #PWR050 [+3V3]
[lib_symbol_mismatch]: Symbol 'GRM21BR61H106KE43L' doesn't match copy in library '5v rail sm-easyedapro'
    ; warning
    @(618.49 mm, 236.22 mm): Symbol C2401 [GRM21BR61H106KE43L]
[pin_to_pin]: Pins of type Unspecified and Power input are connected
    ; warning
    @(661.67 mm, 48.26 mm): Symbol U1 Pin 1 [SDO/SA0, Unspecified, Line]
    @(659.13 mm, 39.37 mm): Symbol #PWR050 Pin 1 [Power input, Line]
[pin_to_pin]: Pins of type Unspecified and Unspecified are connected
    ; warning
    @(661.67 mm, 50.80 mm): Symbol U1 Pin 2 [SDX, Unspecified, Line]
    @(661.67 mm, 53.34 mm): Symbol U1 Pin 3 [SCX, Unspecified, Line]
[lib_symbol_issues]: The symbol library 'power' was not found at '/opt/homebrew/bin/SharedSupport/symbols//power.kicad_sym'.
    ; warning
    @(659.13 mm, 77.47 mm): Symbol #PWR051 [GND]
[pin_to_pin]: Pins of type Unspecified and Unspecified are connected
    ; warning
    @(661.67 mm, 53.34 mm): Symbol U1 Pin 3 [SCX, Unspecified, Line]
    @(661.67 mm, 60.96 mm): Symbol U1 Pin 6 [GND, Unspecified, Line]
[pin_to_pin]: Pins of type Unspecified and Unspecified are connected
    ; warning
    @(618.49 mm, 241.30 mm): Symbol C2401 Pin 1 [1, Unspecified, Line]
    @(605.79 mm, 240.03 mm): Symbol D10 Pin 2 [2, Unspecified, Line]
[pin_to_pin]: Pins of type Unspecified and Unspecified are connected
    ; warning
    @(661.67 mm, 55.88 mm): Symbol U1 Pin 4 [INT1, Unspecified, Line]
    @(182.88 mm, 99.06 mm): Symbol U3403 Pin 16 [16, Unspecified, Line]
[pin_to_pin]: Pins of type Unspecified and Power input are connected
    ; warning
    @(661.67 mm, 58.42 mm): Symbol U1 Pin 5 [VDDIO, Unspecified, Line]
    @(659.13 mm, 39.37 mm): Symbol #PWR050 Pin 1 [Power input, Line]
[pin_to_pin]: Pins of type Unspecified and Unspecified are connected
    ; warning
    @(661.67 mm, 60.96 mm): Symbol U1 Pin 6 [GND, Unspecified, Line]
    @(661.67 mm, 63.50 mm): Symbol U1 Pin 7 [GND, Unspecified, Line]
[pin_to_pin]: Pins of type Unspecified and Power input are connected
    ; warning
    @(661.67 mm, 63.50 mm): Symbol U1 Pin 7 [GND, Unspecified, Line]
    @(659.13 mm, 77.47 mm): Symbol #PWR051 Pin 1 [Power input, Line]
[lib_symbol_mismatch]: Symbol 'XT60PW-M' doesn't match copy in library '5v rail sm-easyedapro'
    ; warning
    @(637.54 mm, 237.49 mm): Symbol +ESC-CONNECTOR-1 [XT60PW-M]
[lib_symbol_mismatch]: Symbol 'LSM6DSOXTR' doesn't match copy in library '5v rail sm-easyedapro'
    ; warning
    @(678.18 mm, 55.88 mm): Symbol U1 [LSM6DSOXTR]
[pin_to_pin]: Pins of type Unspecified and Input are connected
    ; warning
    @(694.69 mm, 48.26 mm): Symbol U1 Pin 14 [SDA, Unspecified, Line]
    @(690.88 mm, 133.35 mm): Symbol R52 Pin 1 [1, Input, Line]
[pin_to_pin]: Pins of type Unspecified and Input are connected
    ; warning
    @(694.69 mm, 50.80 mm): Symbol U1 Pin 13 [SCL, Unspecified, Line]
    @(678.18 mm, 133.35 mm): Symbol R51 Pin 1 [1, Input, Line]
[pin_to_pin]: Pins of type Unspecified and Input are connected
    ; warning
    @(694.69 mm, 53.34 mm): Symbol U1 Pin 12 [CS, Unspecified, Line]
    @(746.76 mm, 53.34 mm): Symbol R17 Pin 1 [1, Input, Line]
[pin_to_pin]: Pins of type Unspecified and Unspecified are connected
    ; warning
    @(694.69 mm, 60.96 mm): Symbol U1 Pin 9 [INT2, Unspecified, Line]
    @(182.88 mm, 101.60 mm): Symbol U3403 Pin 15 [15, Unspecified, Line]
[pin_to_pin]: Pins of type Unspecified and Power input are connected
    ; warning
    @(694.69 mm, 63.50 mm): Symbol U1 Pin 8 [VDD, Unspecified, Line]
    @(699.77 mm, 105.41 mm): Symbol #PWR061 Pin 1 [Power input, Line]
[lib_symbol_issues]: The symbol library 'power' was not found at '/opt/homebrew/bin/SharedSupport/symbols//power.kicad_sym'.
    ; warning
    @(699.77 mm, 105.41 mm): Symbol #PWR061 [+3V3]
[pin_to_pin]: Pins of type Unspecified and Input are connected
    ; warning
    @(751.84 mm, 67.31 mm): Symbol C14 Pin 2 [2, Unspecified, Line]
    @(756.92 mm, 53.34 mm): Symbol R17 Pin 2 [2, Input, Line]
[lib_symbol_mismatch]: Symbol 'CC0603KRX7R9BB104' doesn't match copy in library '5v rail sm-easyedapro'
    ; warning
    @(751.84 mm, 72.39 mm): Symbol C14 [CC0603KRX7R9BB104]
[pin_to_pin]: Pins of type Unspecified and Power input are connected
    ; warning
    @(751.84 mm, 77.47 mm): Symbol C14 Pin 1 [1, Unspecified, Line]
    @(759.46 mm, 85.09 mm): Symbol #PWR060 Pin 1 [Power input, Line]
[lib_symbol_issues]: The symbol library 'power' was not found at '/opt/homebrew/bin/SharedSupport/symbols//power.kicad_sym'.
    ; warning
    @(759.46 mm, 50.80 mm): Symbol #PWR059 [+3V3]
[lib_symbol_issues]: The symbol library 'power' was not found at '/opt/homebrew/bin/SharedSupport/symbols//power.kicad_sym'.
    ; warning
    @(759.46 mm, 85.09 mm): Symbol #PWR060 [GND]
[lib_symbol_issues]: The symbol library 'power' was not found at '/opt/homebrew/bin/SharedSupport/symbols//power.kicad_sym'.
    ; warning
    @(725.17 mm, 256.54 mm): Symbol #PWR066 [+5V]
[pin_to_pin]: Pins of type Unspecified and Input are connected
    ; warning
    @(767.08 mm, 67.31 mm): Symbol C15 Pin 1 [1, Unspecified, Line]
    @(756.92 mm, 53.34 mm): Symbol R17 Pin 2 [2, Input, Line]
[lib_symbol_mismatch]: Symbol 'CL10B105KB8NQNC' doesn't match copy in library '5v rail sm-easyedapro'
    ; warning
    @(767.08 mm, 72.39 mm): Symbol C15 [CL10B105KB8NQNC]
[pin_to_pin]: Pins of type Unspecified and Power input are connected
    ; warning
    @(767.08 mm, 77.47 mm): Symbol C15 Pin 2 [2, Unspecified, Line]
    @(759.46 mm, 85.09 mm): Symbol #PWR060 Pin 1 [Power input, Line]
[lib_symbol_issues]: The symbol library 'power' was not found at '/opt/homebrew/bin/SharedSupport/symbols//power.kicad_sym'.
    ; warning
    @(731.52 mm, 255.27 mm): Symbol #PWR067 [+3V3]
[global_label_dangling]: Global label not connected anywhere else in the schematic
    ; warning
    @(681.99 mm, 403.86 mm): Global Label 'Power/3V3/PGOOD'
[global_label_dangling]: Global label not connected anywhere else in the schematic
    ; warning
    @(681.99 mm, 426.72 mm): Global Label 'BQ/CFETOFF'
[unconnected_wire_endpoint]: Unconnected wire endpoint
    ; warning
    @(681.99 mm, 431.80 mm): Horizontal Wire, length 3.81 mm
[global_label_dangling]: Global label not connected anywhere else in the schematic
    ; warning
    @(681.99 mm, 434.34 mm): Global Label 'MCU-VCC-KICKSTART'
[lib_symbol_issues]: The symbol library 'power' was not found at '/opt/homebrew/bin/SharedSupport/symbols//power.kicad_sym'.
    ; warning
    @(775.97 mm, 292.10 mm): Symbol #PWR070 [+5V]
[lib_symbol_issues]: The symbol library 'power' was not found at '/opt/homebrew/bin/SharedSupport/symbols//power.kicad_sym'.
    ; warning
    @(782.32 mm, 292.10 mm): Symbol #PWR071 [+3V3]
[global_label_dangling]: Global label not connected anywhere else in the schematic
    ; warning
    @(685.80 mm, 483.87 mm): Global Label 'BQ/DFETOFF'
[global_label_dangling]: Global label not connected anywhere else in the schematic
    ; warning
    @(685.80 mm, 486.41 mm): Global Label 'BQ/DCHG'
[unconnected_wire_endpoint]: Unconnected wire endpoint
    ; warning
    @(730.25 mm, 421.64 mm): Horizontal Wire, length 2.54 mm
[unconnected_wire_endpoint]: Unconnected wire endpoint
    ; warning
    @(730.25 mm, 424.18 mm): Horizontal Wire, length 2.54 mm
[unconnected_wire_endpoint]: Unconnected wire endpoint
    ; warning
    @(730.25 mm, 426.72 mm): Horizontal Wire, length 2.54 mm
[global_label_dangling]: Global label not connected anywhere else in the schematic
    ; warning
    @(685.80 mm, 496.57 mm): Global Label 'Power/Charging-VCC-Limited-Diode/EN#'
[unconnected_wire_endpoint]: Unconnected wire endpoint
    ; warning
    @(730.25 mm, 429.26 mm): Horizontal Wire, length 2.54 mm
[lib_symbol_issues]: The symbol library 'power' was not found at '/opt/homebrew/bin/SharedSupport/symbols//power.kicad_sym'.
    ; warning
    @(746.76 mm, 410.21 mm): Symbol #PWR0174 [GND]
[global_label_dangling]: Global label not connected anywhere else in the schematic
    ; warning
    @(674.37 mm, 570.23 mm): Global Label 'IMU/SPI-SELECT-OD'
[global_label_dangling]: Global label not connected anywhere else in the schematic
    ; warning
    @(674.37 mm, 574.04 mm): Global Label 'Current/INA3221-CUR1/POWERVALID'
[lib_symbol_issues]: The symbol library 'power' was not found at '/opt/homebrew/bin/SharedSupport/symbols//power.kicad_sym'.
    ; warning
    @(751.84 mm, 472.44 mm): Symbol #PWR0178 [+3V3]
[global_label_dangling]: Global label not connected anywhere else in the schematic
    ; warning
    @(674.37 mm, 577.85 mm): Global Label 'Current/INA3221-CUR1/CRITICAL'
[global_label_dangling]: Global label not connected anywhere else in the schematic
    ; warning
    @(674.37 mm, 581.66 mm): Global Label 'Current/INA3221-CUR1/WARNING'
[global_label_dangling]: Global label not connected anywhere else in the schematic
    ; warning
    @(674.37 mm, 585.47 mm): Global Label 'Current/INA3221-CUR1/TC'
[global_label_dangling]: Global label not connected anywhere else in the schematic
    ; warning
    @(674.37 mm, 589.28 mm): Global Label 'eFuse/TPS16630/IMON'
[lib_symbol_mismatch]: Symbol 'TYPE-C-31-M-12' doesn't match copy in library '5v rail sm-easyedapro'
    ; warning
    @(49.53 mm, 55.88 mm): Symbol USBC1 [TYPE-C-31-M-12]
[lib_symbol_issues]: The symbol library 'power' was not found at '/opt/homebrew/bin/SharedSupport/symbols//power.kicad_sym'.
    ; warning
    @(68.58 mm, 77.47 mm): Symbol #PWR0120 [GND]
[lib_symbol_issues]: The symbol library 'power' was not found at '/opt/homebrew/bin/SharedSupport/symbols//power.kicad_sym'.
    ; warning
    @(43.18 mm, 110.49 mm): Symbol #PWR02008 [GND]
[lib_symbol_issues]: The symbol library 'power' was not found at '/opt/homebrew/bin/SharedSupport/symbols//power.kicad_sym'.
    ; warning
    @(48.26 mm, 110.49 mm): Symbol #PWR02007 [GND]
[lib_symbol_issues]: The symbol library 'power' was not found at '/opt/homebrew/bin/SharedSupport/symbols//power.kicad_sym'.
    ; warning
    @(30.48 mm, 120.65 mm): Symbol #PWR02003 [GND]
[lib_symbol_issues]: The symbol library 'power' was not found at '/opt/homebrew/bin/SharedSupport/symbols//power.kicad_sym'.
    ; warning
    @(60.96 mm, 120.65 mm): Symbol #PWR02004 [GND]
[lib_symbol_mismatch]: Symbol 'UC23-0B16F00P11' doesn't match copy in library 'JLCImport'
    ; warning
    @(45.72 mm, 133.35 mm): Symbol USB2002 [UC23-0B16F00P11]
[lib_symbol_mismatch]: Symbol 'CGA0603X5R105K500JT' doesn't match copy in library '5v rail sm-easyedapro'
    ; warning
    @(142.24 mm, 40.64 mm): Symbol C76 [CGA0603X5R105K500JT]
[lib_symbol_issues]: The symbol library 'power' was not found at '/opt/homebrew/bin/SharedSupport/symbols//power.kicad_sym'.
    ; warning
    @(30.48 mm, 148.59 mm): Symbol #PWR02002 [GND]
[lib_symbol_mismatch]: Symbol 'TPD4E02B04DQAR' doesn't match copy in library '5v rail sm-easyedapro'
    ; warning
    @(93.98 mm, 121.92 mm): Symbol D16 [TPD4E02B04DQAR]
[lib_symbol_issues]: The symbol library 'power' was not found at '/opt/homebrew/bin/SharedSupport/symbols//power.kicad_sym'.
    ; warning
    @(60.96 mm, 148.59 mm): Symbol #PWR02001 [GND]
[lib_symbol_issues]: The symbol library 'power' was not found at '/opt/homebrew/bin/SharedSupport/symbols//power.kicad_sym'.
    ; warning
    @(153.67 mm, 49.53 mm): Symbol #PWR0122 [GND]
[lib_symbol_issues]: The symbol library 'power' was not found at '/opt/homebrew/bin/SharedSupport/symbols//power.kicad_sym'.
    ; warning
    @(43.18 mm, 156.21 mm): Symbol #PWR02006 [GND]
[lib_symbol_issues]: The symbol library 'power' was not found at '/opt/homebrew/bin/SharedSupport/symbols//power.kicad_sym'.
    ; warning
    @(48.26 mm, 156.21 mm): Symbol #PWR02005 [GND]
[lib_symbol_issues]: The symbol library 'power' was not found at '/opt/homebrew/bin/SharedSupport/symbols//power.kicad_sym'.
    ; warning
    @(93.98 mm, 137.16 mm): Symbol #PWR0121 [GND]
[lib_symbol_issues]: The symbol library 'Jumper' was not found at '/opt/homebrew/bin/SharedSupport/symbols//Jumper.kicad_sym'.
    ; warning
    @(144.78 mm, 90.17 mm): Symbol USBC_SCL1 [Jumper_2_Open]
[lib_symbol_issues]: The symbol library 'Jumper' was not found at '/opt/homebrew/bin/SharedSupport/symbols//Jumper.kicad_sym'.
    ; warning
    @(144.78 mm, 92.71 mm): Symbol USBC_SDA1 [Jumper_2_Open]
[lib_symbol_mismatch]: Symbol 'SMF24A_C19077514' doesn't match copy in library 'JLCImport'
    ; warning
    @(187.96 mm, 40.64 mm): Symbol D34 [SMF24A_C19077514]
[footprint_link_issues]: Footprint 'R_0402_1005Metric' not found in library 'Resistor_SMD'.
    ; warning
    @(210.82 mm, 69.85 mm): Symbol R2001 [R]
[lib_symbol_issues]: The symbol library 'Device' was not found at '/opt/homebrew/bin/SharedSupport/symbols//Device.kicad_sym'.
    ; warning
    @(210.82 mm, 69.85 mm): Symbol R2001 [R]
[lib_symbol_issues]: The symbol library 'Jumper' was not found at '/opt/homebrew/bin/SharedSupport/symbols//Jumper.kicad_sym'.
    ; warning
    @(193.04 mm, 116.84 mm): Symbol U63 [Jumper_2_Bridged]
[footprint_link_issues]: Footprint 'R_0603_1608Metric' not found in library 'Resistor_SMD'.
    ; warning
    @(193.04 mm, 133.35 mm): Symbol R2010 [R]
[lib_symbol_issues]: The symbol library 'Device' was not found at '/opt/homebrew/bin/SharedSupport/symbols//Device.kicad_sym'.
    ; warning
    @(193.04 mm, 133.35 mm): Symbol R2010 [R]
[lib_symbol_issues]: The symbol library 'Jumper' was not found at '/opt/homebrew/bin/SharedSupport/symbols//Jumper.kicad_sym'.
    ; warning
    @(204.47 mm, 116.84 mm): Symbol U2001 [Jumper_2_Bridged]
[footprint_link_issues]: Footprint 'R_0603_1608Metric' not found in library 'Resistor_SMD'.
    ; warning
    @(204.47 mm, 133.35 mm): Symbol R2009 [R]
[lib_symbol_issues]: The symbol library 'Device' was not found at '/opt/homebrew/bin/SharedSupport/symbols//Device.kicad_sym'.
    ; warning
    @(204.47 mm, 133.35 mm): Symbol R2009 [R]
[footprint_link_issues]: Footprint 'R_0402_1005Metric' not found in library 'Resistor_SMD'.
    ; warning
    @(215.90 mm, 133.35 mm): Symbol R2004 [R]
[lib_symbol_issues]: The symbol library 'Device' was not found at '/opt/homebrew/bin/SharedSupport/symbols//Device.kicad_sym'.
    ; warning
    @(215.90 mm, 133.35 mm): Symbol R2004 [R]
[lib_symbol_issues]: The symbol library 'Device' was not found at '/opt/homebrew/bin/SharedSupport/symbols//Device.kicad_sym'.
    ; warning
    @(210.82 mm, 154.94 mm): Symbol NT2001 [NetTie_2]
[footprint_link_issues]: Footprint 'R_0402_1005Metric' not found in library 'Resistor_SMD'.
    ; warning
    @(227.33 mm, 133.35 mm): Symbol R2003 [R]
[lib_symbol_issues]: The symbol library 'Device' was not found at '/opt/homebrew/bin/SharedSupport/symbols//Device.kicad_sym'.
    ; warning
    @(227.33 mm, 133.35 mm): Symbol R2003 [R]
[lib_symbol_issues]: The symbol library 'power' was not found at '/opt/homebrew/bin/SharedSupport/symbols//power.kicad_sym'.
    ; warning
    @(210.82 mm, 162.56 mm): Symbol #PWR0123 [GND]
[lib_symbol_mismatch]: Symbol 'HUSB238A-BB001-QN16R' doesn't match copy in library '5v rail sm-easyedapro'
    ; warning
    @(256.54 mm, 82.55 mm): Symbol U65 [HUSB238A-BB001-QN16R]
[footprint_link_issues]: Footprint 'R_0402_1005Metric' not found in library 'Resistor_SMD'.
    ; warning
    @(298.45 mm, 40.64 mm): Symbol R2005 [R]
[lib_symbol_issues]: The symbol library 'Device' was not found at '/opt/homebrew/bin/SharedSupport/symbols//Device.kicad_sym'.
    ; warning
    @(298.45 mm, 40.64 mm): Symbol R2005 [R]
[lib_symbol_issues]: The symbol library 'power' was not found at '/opt/homebrew/bin/SharedSupport/symbols//power.kicad_sym'.
    ; warning
    @(283.21 mm, 107.95 mm): Symbol #PWR0125 [GND]
[footprint_link_issues]: Footprint 'C_0402_1005Metric' not found in library 'Capacitor_SMD'.
    ; warning
    @(298.45 mm, 55.88 mm): Symbol C2001 [C]
[lib_symbol_issues]: The symbol library 'Device' was not found at '/opt/homebrew/bin/SharedSupport/symbols//Device.kicad_sym'.
    ; warning
    @(298.45 mm, 55.88 mm): Symbol C2001 [C]
[lib_symbol_issues]: The symbol library 'power' was not found at '/opt/homebrew/bin/SharedSupport/symbols//power.kicad_sym'.
    ; warning
    @(298.45 mm, 64.77 mm): Symbol #PWR0126 [GND]
[footprint_link_issues]: Footprint 'R_0402_1005Metric' not found in library 'Resistor_SMD'.
    ; warning
    @(309.88 mm, 39.37 mm): Symbol R2002 [R]
[lib_symbol_issues]: The symbol library 'Device' was not found at '/opt/homebrew/bin/SharedSupport/symbols//Device.kicad_sym'.
    ; warning
    @(309.88 mm, 39.37 mm): Symbol R2002 [R]
[footprint_link_issues]: Footprint 'R_0402_1005Metric' not found in library 'Resistor_SMD'.
    ; warning
    @(309.88 mm, 55.88 mm): Symbol R2006 [R]
[lib_symbol_issues]: The symbol library 'Device' was not found at '/opt/homebrew/bin/SharedSupport/symbols//Device.kicad_sym'.
    ; warning
    @(309.88 mm, 55.88 mm): Symbol R2006 [R]
[lib_symbol_mismatch]: Symbol 'BZT52C15' doesn't match copy in library '5v rail sm-easyedapro'
    ; warning
    @(325.12 mm, 39.37 mm): Symbol D18 [BZT52C15]
[footprint_link_issues]: Footprint 'R_0402_1005Metric' not found in library 'Resistor_SMD'.
    ; warning
    @(321.31 mm, 77.47 mm): Symbol R2007 [R]
[lib_symbol_issues]: The symbol library 'Device' was not found at '/opt/homebrew/bin/SharedSupport/symbols//Device.kicad_sym'.
    ; warning
    @(321.31 mm, 77.47 mm): Symbol R2007 [R]
[lib_symbol_mismatch]: Symbol 'DMP3028LK3-13' doesn't match copy in library '5v rail sm-easyedapro'
    ; warning
    @(341.63 mm, 31.75 mm): Symbol Q9 [DMP3028LK3-13]
[lib_symbol_issues]: The symbol library 'power' was not found at '/opt/homebrew/bin/SharedSupport/symbols//power.kicad_sym'.
    ; warning
    @(369.57 mm, 67.31 mm): Symbol #PWR0127 [+3V3]
[footprint_link_issues]: Footprint 'R_0402_1005Metric' not found in library 'Resistor_SMD'.
    ; warning
    @(369.57 mm, 76.20 mm): Symbol R2008 [R]
[lib_symbol_issues]: The symbol library 'Device' was not found at '/opt/homebrew/bin/SharedSupport/symbols//Device.kicad_sym'.
    ; warning
    @(369.57 mm, 76.20 mm): Symbol R2008 [R]
[lib_symbol_mismatch]: Symbol 'JK-NSMD050-30V' doesn't match copy in library '5v rail sm-easyedapro'
    ; warning
    @(49.53 mm, 78.74 mm): Symbol F5 [JK-NSMD050-30V]
[footprint_link_issues]: Footprint 'R_0603_1608Metric' not found in library 'Resistor_SMD'.
    ; warning
    @(49.53 mm, 83.82 mm): Symbol R212 [R]
[lib_symbol_issues]: The symbol library 'Device' was not found at '/opt/homebrew/bin/SharedSupport/symbols//Device.kicad_sym'.
    ; warning
    @(49.53 mm, 83.82 mm): Symbol R212 [R]
[lib_symbol_mismatch]: Symbol 'CL10A105KB8NNNC' doesn't match copy in library '5v rail sm-easyedapro'
    ; warning
    @(60.96 mm, 96.52 mm): Symbol C130 [CL10A105KB8NNNC]
[lib_symbol_mismatch]: Symbol 'NCP718ASN330T1G' doesn't match copy in library '5v rail sm-easyedapro'
    ; warning
    @(90.17 mm, 81.28 mm): Symbol U82 [NCP718ASN330T1G]
[lib_symbol_mismatch]: Symbol 'FRC0603J104 TS' doesn't match copy in library '5v rail sm-easyedapro'
    ; warning
    @(76.20 mm, 97.79 mm): Symbol R213 [FRC0603J104 TS]
[lib_symbol_mismatch]: Symbol 'CL10A105KB8NNNC' doesn't match copy in library '5v rail sm-easyedapro'
    ; warning
    @(105.41 mm, 93.98 mm): Symbol C132 [CL10A105KB8NNNC]
[lib_symbol_mismatch]: Symbol 'PMEG10030ELPX_C5260346' doesn't match copy in library '5v rail sm-easyedapro'
    ; warning
    @(147.32 mm, 80.01 mm): Symbol U84 [PMEG10030ELPX_C5260346]
[lib_symbol_mismatch]: Symbol 'FRC0603J104 TS' doesn't match copy in library '5v rail sm-easyedapro'
    ; warning
    @(158.75 mm, 124.46 mm): Symbol R214 [FRC0603J104 TS]
[lib_symbol_mismatch]: Symbol 'L2N7002SLLT1G' doesn't match copy in library '5v rail sm-easyedapro'
    ; warning
    @(186.69 mm, 95.25 mm): Symbol Q18 [L2N7002SLLT1G]
[lib_symbol_mismatch]: Symbol 'UCLAMP3301P' doesn't match copy in library '5v rail sm-easyedapro'
    ; warning
    @(172.72 mm, 125.73 mm): Symbol D32 [UCLAMP3301P]
[lib_symbol_mismatch]: Symbol 'FRC0603F5101TS' doesn't match copy in library '5v rail sm-easyedapro'
    ; warning
    @(207.01 mm, 68.58 mm): Symbol R215 [FRC0603F5101TS]
[lib_symbol_mismatch]: Symbol 'CC0603KRX7R9BB104' doesn't match copy in library '5v rail sm-easyedapro'
    ; warning
    @(186.69 mm, 124.46 mm): Symbol C134 [CC0603KRX7R9BB104]
[lib_symbol_mismatch]: Symbol 'TS-1088-AR02016' doesn't match copy in library '5v rail sm-easyedapro'
    ; warning
    @(207.01 mm, 92.71 mm): Symbol BMS_Bypass_5V_SW3601 [TS-1088-AR02016]
[lib_symbol_mismatch]: Symbol 'FRC0603F5101TS' doesn't match copy in library '5v rail sm-easyedapro'
    ; warning
    @(207.01 mm, 124.46 mm): Symbol R216 [FRC0603F5101TS]
[lib_symbol_mismatch]: Symbol 'ESD9X5VU' doesn't match copy in library 'JLCImport'
    ; warning
    @(234.95 mm, 95.25 mm): Symbol D33 [ESD9X5VU]
[lib_symbol_mismatch]: Symbol 'TCC1206X7R105M500HT' doesn't match copy in library 'EasyEDA'
    ; warning
    @(91.44 mm, 50.80 mm): Symbol C1803 [TCC1206X7R105M500HT]
[lib_symbol_mismatch]: Symbol 'MX5050D4005' doesn't match copy in library 'EasyEDA'
    ; warning
    @(132.08 mm, 44.45 mm): Symbol U1801 [MX5050D4005]
[lib_symbol_issues]: The symbol library 'power' was not found at '/opt/homebrew/bin/SharedSupport/symbols//power.kicad_sym'.
    ; warning
    @(128.27 mm, 72.39 mm): Symbol #PWR01801 [GND]
[lib_symbol_mismatch]: Symbol 'CL32B475KBUYNNE' doesn't match copy in library 'JLCImport'
    ; warning
    @(166.37 mm, 55.88 mm): Symbol C1804 [CL32B475KBUYNNE]
[lib_symbol_mismatch]: Symbol 'FRC0603F20R0TS' doesn't match copy in library '5v rail sm-easyedapro'
    ; warning
    @(62.23 mm, 55.88 mm): Symbol R172 [FRC0603F20R0TS]
[lib_symbol_mismatch]: Symbol 'FRC0603F20R0TS' doesn't match copy in library '5v rail sm-easyedapro'
    ; warning
    @(62.23 mm, 73.66 mm): Symbol R173 [FRC0603F20R0TS]
[lib_symbol_mismatch]: Symbol 'FRC0603F20R0TS' doesn't match copy in library '5v rail sm-easyedapro'
    ; warning
    @(62.23 mm, 90.17 mm): Symbol R174 [FRC0603F20R0TS]
[lib_symbol_mismatch]: Symbol 'FRC0603F20R0TS' doesn't match copy in library '5v rail sm-easyedapro'
    ; warning
    @(62.23 mm, 102.87 mm): Symbol R175 [FRC0603F20R0TS]
[lib_symbol_issues]: The symbol library 'Jumper' was not found at '/opt/homebrew/bin/SharedSupport/symbols//Jumper.kicad_sym'.
    ; warning
    @(203.20 mm, 31.75 mm): Symbol JP4 [Jumper_2_Bridged]
[lib_symbol_issues]: The symbol library 'Jumper' was not found at '/opt/homebrew/bin/SharedSupport/symbols//Jumper.kicad_sym'.
    ; warning
    @(203.20 mm, 44.45 mm): Symbol U79 [Jumper_2_Open]
[lib_symbol_mismatch]: Symbol 'TCC0603X7R104K500CT' doesn't match copy in library '5v rail sm-easyedapro'
    ; warning
    @(171.45 mm, 135.89 mm): Symbol C114 [TCC0603X7R104K500CT]
[lib_symbol_mismatch]: Symbol 'BAT46W-7-F' doesn't match copy in library '5v rail sm-easyedapro'
    ; warning
    @(218.44 mm, 31.75 mm): Symbol D21 [BAT46W-7-F]
[lib_symbol_mismatch]: Symbol 'BAT46W-7-F' doesn't match copy in library '5v rail sm-easyedapro'
    ; warning
    @(218.44 mm, 44.45 mm): Symbol D22 [BAT46W-7-F]
[lib_symbol_mismatch]: Symbol 'FCC0402N101J500AT' doesn't match copy in library '5v rail sm-easyedapro'
    ; warning
    @(171.45 mm, 147.32 mm): Symbol C115 [FCC0402N101J500AT]
[footprint_link_issues]: Footprint 'C_0603_1608Metric' not found in library 'Capacitor_SMD'.
    ; warning
    @(199.39 mm, 129.54 mm): Symbol C116 [C]
[lib_symbol_issues]: The symbol library 'Device' was not found at '/opt/homebrew/bin/SharedSupport/symbols//Device.kicad_sym'.
    ; warning
    @(199.39 mm, 129.54 mm): Symbol C116 [C]
[lib_symbol_mismatch]: Symbol 'BQ7694202PFBR' doesn't match copy in library '5v rail sm-easyedapro'
    ; warning
    @(220.98 mm, 95.25 mm): Symbol U80 [BQ7694202PFBR]
[lib_symbol_mismatch]: Symbol 'FRC0603F8202TS' doesn't match copy in library '5v rail sm-easyedapro'
    ; warning
    @(275.59 mm, 97.79 mm): Symbol R191 [FRC0603F8202TS]
[lib_symbol_mismatch]: Symbol 'CGA0603X5R105K500JT' doesn't match copy in library '5v rail sm-easyedapro'
    ; warning
    @(289.56 mm, 54.61 mm): Symbol C120 [CGA0603X5R105K500JT]
[lib_symbol_mismatch]: Symbol 'FRC0603J104 TS' doesn't match copy in library '5v rail sm-easyedapro'
    ; warning
    @(275.59 mm, 106.68 mm): Symbol R192 [FRC0603J104 TS]
[lib_symbol_issues]: The symbol library 'power' was not found at '/opt/homebrew/bin/SharedSupport/symbols//power.kicad_sym'.
    ; warning
    @(46.99 mm, 95.25 mm): Symbol #PWR0153 [+3V3]
[lib_symbol_issues]: The symbol library 'Device' was not found at '/opt/homebrew/bin/SharedSupport/symbols//Device.kicad_sym'.
    ; warning
    @(90.17 mm, 97.79 mm): Symbol NT20 [NetTie_2]
[lib_symbol_mismatch]: Symbol 'CC0603KRX7R9BB104' doesn't match copy in library '5v rail sm-easyedapro'
    ; warning
    @(46.99 mm, 127.00 mm): Symbol C102 [CC0603KRX7R9BB104]
[lib_symbol_mismatch]: Symbol 'GRM21BR61H106KE43L' doesn't match copy in library '5v rail sm-easyedapro'
    ; warning
    @(63.50 mm, 127.00 mm): Symbol C103 [GRM21BR61H106KE43L]
[lib_symbol_issues]: The symbol library 'Device' was not found at '/opt/homebrew/bin/SharedSupport/symbols//Device.kicad_sym'.
    ; warning
    @(91.44 mm, 111.76 mm): Symbol NT21 [NetTie_2]
[footprint_link_issues]: Footprint 'C_0402_1005Metric' not found in library 'Capacitor_SMD'.
    ; warning
    @(114.30 mm, 105.41 mm): Symbol C2801 [C]
[lib_symbol_issues]: The symbol library 'Device' was not found at '/opt/homebrew/bin/SharedSupport/symbols//Device.kicad_sym'.
    ; warning
    @(114.30 mm, 105.41 mm): Symbol C2801 [C]
[lib_symbol_issues]: The symbol library 'power' was not found at '/opt/homebrew/bin/SharedSupport/symbols//power.kicad_sym'.
    ; warning
    @(63.50 mm, 142.24 mm): Symbol #PWR0154 [GND]
[lib_symbol_issues]: The symbol library 'Device' was not found at '/opt/homebrew/bin/SharedSupport/symbols//Device.kicad_sym'.
    ; warning
    @(154.94 mm, 44.45 mm): Symbol NT22 [NetTie_2]
[lib_symbol_issues]: The symbol library 'Device' was not found at '/opt/homebrew/bin/SharedSupport/symbols//Device.kicad_sym'.
    ; warning
    @(168.91 mm, 44.45 mm): Symbol NT23 [NetTie_2]
[footprint_link_issues]: Footprint 'C_0402_1005Metric' not found in library 'Capacitor_SMD'.
    ; warning
    @(161.29 mm, 80.01 mm): Symbol C2802 [C]
[lib_symbol_issues]: The symbol library 'Device' was not found at '/opt/homebrew/bin/SharedSupport/symbols//Device.kicad_sym'.
    ; warning
    @(161.29 mm, 80.01 mm): Symbol C2802 [C]
[endpoint_off_grid]: Symbol pin or wire end off connection grid
    ; warning
    @(168.885 mm, 80.01 mm): Horizontal Wire, length 3.785 mm
[endpoint_off_grid]: Symbol pin or wire end off connection grid
    ; warning
    @(168.91 mm, 80.01 mm): Horizontal Wire, length 0.025 mm
[endpoint_off_grid]: Symbol pin or wire end off connection grid
    ; warning
    @(168.885 mm, 90.17 mm): Vertical Wire, length 10.16 mm
[endpoint_off_grid]: Symbol pin or wire end off connection grid
    ; warning
    @(168.885 mm, 90.17 mm): Horizontal Wire, length 11.405 mm
[lib_symbol_mismatch]: Symbol 'INA3221AIRGVR' doesn't match copy in library '5v rail sm-easyedapro'
    ; warning
    @(156.21 mm, 113.03 mm): Symbol CUR_2 [INA3221AIRGVR]
[lib_symbol_issues]: The symbol library 'power' was not found at '/opt/homebrew/bin/SharedSupport/symbols//power.kicad_sym'.
    ; warning
    @(186.69 mm, 50.80 mm): Symbol #PWR0155 [+3V3]
[footprint_link_issues]: Footprint 'C_0402_1005Metric' not found in library 'Capacitor_SMD'.
    ; warning
    @(224.79 mm, 105.41 mm): Symbol C2803 [C]
[lib_symbol_issues]: The symbol library 'Device' was not found at '/opt/homebrew/bin/SharedSupport/symbols//Device.kicad_sym'.
    ; warning
    @(224.79 mm, 105.41 mm): Symbol C2803 [C]
[lib_symbol_issues]: The symbol library 'Device' was not found at '/opt/homebrew/bin/SharedSupport/symbols//Device.kicad_sym'.
    ; warning
    @(245.11 mm, 97.79 mm): Symbol NT24 [NetTie_2]
[lib_symbol_issues]: The symbol library 'Device' was not found at '/opt/homebrew/bin/SharedSupport/symbols//Device.kicad_sym'.
    ; warning
    @(245.11 mm, 111.76 mm): Symbol NT25 [NetTie_2]
[lib_symbol_mismatch]: Symbol 'CL10B105KB8NQNC' doesn't match copy in library '5v rail sm-easyedapro'
    ; warning
    @(63.50 mm, 68.58 mm): Symbol C16 [CL10B105KB8NQNC]
[lib_symbol_mismatch]: Symbol 'CC0603KRX7R9BB104' doesn't match copy in library '5v rail sm-easyedapro'
    ; warning
    @(73.66 mm, 68.58 mm): Symbol C74 [CC0603KRX7R9BB104]
[lib_symbol_mismatch]: Symbol 'SMBJ24A_C224017' doesn't match copy in library 'JLCImport'
    ; warning
    @(87.63 mm, 68.58 mm): Symbol D36 [SMBJ24A_C224017]
[footprint_link_issues]: Footprint 'R_0402_1005Metric' not found in library 'Resistor_SMD'.
    ; warning
    @(114.30 mm, 54.61 mm): Symbol R1904 [R]
[lib_symbol_issues]: The symbol library 'Device' was not found at '/opt/homebrew/bin/SharedSupport/symbols//Device.kicad_sym'.
    ; warning
    @(114.30 mm, 54.61 mm): Symbol R1904 [R]
[footprint_link_issues]: Footprint 'R_0402_1005Metric' not found in library 'Resistor_SMD'.
    ; warning
    @(114.30 mm, 68.58 mm): Symbol R1905 [R]
[lib_symbol_issues]: The symbol library 'Device' was not found at '/opt/homebrew/bin/SharedSupport/symbols//Device.kicad_sym'.
    ; warning
    @(114.30 mm, 68.58 mm): Symbol R1905 [R]
[footprint_link_issues]: Footprint 'R_0402_1005Metric' not found in library 'Resistor_SMD'.
    ; warning
    @(114.30 mm, 82.55 mm): Symbol R1906 [R]
[lib_symbol_issues]: The symbol library 'Device' was not found at '/opt/homebrew/bin/SharedSupport/symbols//Device.kicad_sym'.
    ; warning
    @(114.30 mm, 82.55 mm): Symbol R1906 [R]
[footprint_link_issues]: Footprint 'R_0402_1005Metric' not found in library 'Resistor_SMD'.
    ; warning
    @(69.85 mm, 130.81 mm): Symbol R1902 [R]
[lib_symbol_issues]: The symbol library 'Device' was not found at '/opt/homebrew/bin/SharedSupport/symbols//Device.kicad_sym'.
    ; warning
    @(69.85 mm, 130.81 mm): Symbol R1902 [R]
[lib_symbol_issues]: The symbol library 'Jumper' was not found at '/opt/homebrew/bin/SharedSupport/symbols//Jumper.kicad_sym'.
    ; warning
    @(66.04 mm, 148.59 mm): Symbol U60 [Jumper_2_Bridged]
[footprint_link_issues]: Footprint 'R_0402_1005Metric' not found in library 'Resistor_SMD'.
    ; warning
    @(73.66 mm, 148.59 mm): Symbol R1903 [R]
[lib_symbol_issues]: The symbol library 'Device' was not found at '/opt/homebrew/bin/SharedSupport/symbols//Device.kicad_sym'.
    ; warning
    @(73.66 mm, 148.59 mm): Symbol R1903 [R]
[lib_symbol_issues]: The symbol library 'power' was not found at '/opt/homebrew/bin/SharedSupport/symbols//power.kicad_sym'.
    ; warning
    @(118.11 mm, 116.84 mm): Symbol #PWR0116 [+3V3]
[endpoint_off_grid]: Symbol pin or wire end off connection grid
    ; warning
    @(87.63 mm, 97.79 mm): Vertical Wire, length 46.965 mm
[endpoint_off_grid]: Symbol pin or wire end off connection grid
    ; warning
    @(87.63 mm, 144.755 mm): Horizontal Wire, length 59.69 mm
[footprint_link_issues]: Footprint 'R_0402_1005Metric' not found in library 'Resistor_SMD'.
    ; warning
    @(127.00 mm, 118.11 mm): Symbol R1901 [R]
[lib_symbol_issues]: The symbol library 'Device' was not found at '/opt/homebrew/bin/SharedSupport/symbols//Device.kicad_sym'.
    ; warning
    @(127.00 mm, 118.11 mm): Symbol R1901 [R]
[lib_symbol_issues]: The symbol library 'power' was not found at '/opt/homebrew/bin/SharedSupport/symbols//power.kicad_sym'.
    ; warning
    @(69.85 mm, 163.83 mm): Symbol #PWR0114 [GND]
[lib_symbol_mismatch]: Symbol 'TCC0603X7R223M500CT' doesn't match copy in library '5v rail sm-easyedapro'
    ; warning
    @(147.32 mm, 124.46 mm): Symbol C75 [TCC0603X7R223M500CT]
[lib_symbol_mismatch]: Symbol 'TPS16630RGER' doesn't match copy in library '5v rail sm-easyedapro'
    ; warning
    @(175.26 mm, 93.98 mm): Symbol U62 [TPS16630RGER]
[endpoint_off_grid]: Symbol pin or wire end off connection grid
    ; warning
    @(147.32 mm, 144.78 mm): Vertical Wire, length 0.025 mm
[endpoint_off_grid]: Symbol pin or wire end off connection grid
    ; warning
    @(147.32 mm, 144.755 mm): Vertical Wire, length 15.215 mm
[lib_symbol_issues]: The symbol library 'power' was not found at '/opt/homebrew/bin/SharedSupport/symbols//power.kicad_sym'.
    ; warning
    @(195.58 mm, 83.82 mm): Symbol #PWR01901 [GND]
[lib_symbol_issues]: The symbol library 'power' was not found at '/opt/homebrew/bin/SharedSupport/symbols//power.kicad_sym'.
    ; warning
    @(147.32 mm, 153.67 mm): Symbol #PWR0115 [GND]
[lib_symbol_issues]: The symbol library 'power' was not found at '/opt/homebrew/bin/SharedSupport/symbols//power.kicad_sym'.
    ; warning
    @(218.44 mm, 116.84 mm): Symbol #PWR0117 [+3V3]
[footprint_link_issues]: Footprint 'R_0402_1005Metric' not found in library 'Resistor_SMD'.
    ; warning
    @(218.44 mm, 123.19 mm): Symbol R1907 [R]
[lib_symbol_issues]: The symbol library 'Device' was not found at '/opt/homebrew/bin/SharedSupport/symbols//Device.kicad_sym'.
    ; warning
    @(218.44 mm, 123.19 mm): Symbol R1907 [R]
[lib_symbol_mismatch]: Symbol 'SMBJ24A_C224017' doesn't match copy in library 'JLCImport'
    ; warning
    @(236.22 mm, 101.60 mm): Symbol D17 [SMBJ24A_C224017]
[footprint_link_issues]: Footprint 'R_0402_1005Metric' not found in library 'Resistor_SMD'.
    ; warning
    @(218.44 mm, 140.97 mm): Symbol R1908 [R]
[lib_symbol_issues]: The symbol library 'Device' was not found at '/opt/homebrew/bin/SharedSupport/symbols//Device.kicad_sym'.
    ; warning
    @(218.44 mm, 140.97 mm): Symbol R1908 [R]
[lib_symbol_issues]: The symbol library 'power' was not found at '/opt/homebrew/bin/SharedSupport/symbols//power.kicad_sym'.
    ; warning
    @(218.44 mm, 147.32 mm): Symbol #PWR0118 [GND]
[lib_symbol_issues]: The symbol library 'power' was not found at '/opt/homebrew/bin/SharedSupport/symbols//power.kicad_sym'.
    ; warning
    @(251.46 mm, 111.76 mm): Symbol #PWR065 [GND]
[lib_symbol_mismatch]: Symbol 'SS54_C123946' doesn't match copy in library 'JLCImport'
    ; warning
    @(266.70 mm, 101.60 mm): Symbol D35 [SS54_C123946]
[lib_symbol_mismatch]: Symbol 'VH3_96-2P_WZ' doesn't match copy in library 'JLCImport'
    ; warning
    @(97.79 mm, 96.52 mm): Symbol U42 [VH3_96-2P_WZ]
[lib_symbol_mismatch]: Symbol 'GRM21BR61H106KE43L' doesn't match copy in library '5v rail sm-easyedapro'
    ; warning
    @(128.27 mm, 96.52 mm): Symbol C46 [GRM21BR61H106KE43L]
[lib_symbol_mismatch]: Symbol 'CC0603KRX7R9BB104' doesn't match copy in library '5v rail sm-easyedapro'
    ; warning
    @(139.70 mm, 96.52 mm): Symbol C47 [CC0603KRX7R9BB104]
[lib_symbol_mismatch]: Symbol 'LR123WF160MT4E' doesn't match copy in library '5v rail sm-easyedapro'
    ; warning
    @(160.02 mm, 91.44 mm): Symbol R104 [LR123WF160MT4E]
[lib_symbol_mismatch]: Symbol 'BAT46W-7-F' doesn't match copy in library '5v rail sm-easyedapro'
    ; warning
    @(116.84 mm, 101.60 mm): Symbol D25 [BAT46W-7-F]
[lib_symbol_mismatch]: Symbol 'FRC0603F1001TS' doesn't match copy in library '5v rail sm-easyedapro'
    ; warning
    @(130.81 mm, 92.71 mm): Symbol R200 [FRC0603F1001TS]
[lib_symbol_mismatch]: Symbol 'FRC0603J470 TS' doesn't match copy in library '5v rail sm-easyedapro'
    ; warning
    @(116.84 mm, 119.38 mm): Symbol R199 [FRC0603J470 TS]
[lib_symbol_mismatch]: Symbol 'CL10B104KC8NNNC' doesn't match copy in library '5v rail sm-easyedapro'
    ; warning
    @(96.52 mm, 143.51 mm): Symbol C122 [CL10B104KC8NNNC]
[lib_symbol_mismatch]: Symbol 'BAT46W-7-F' doesn't match copy in library '5v rail sm-easyedapro'
    ; warning
    @(152.40 mm, 92.71 mm): Symbol D27 [BAT46W-7-F]
[lib_symbol_mismatch]: Symbol 'IPT012N08N5(TOKMAS)' doesn't match copy in library '5v rail sm-easyedapro'
    ; warning
    @(123.19 mm, 133.35 mm): Symbol Q13 [IPT012N08N5(TOKMAS)]
[lib_symbol_mismatch]: Symbol 'FRC0603J470 TS' doesn't match copy in library '5v rail sm-easyedapro'
    ; warning
    @(147.32 mm, 119.38 mm): Symbol R203 [FRC0603J470 TS]
[lib_symbol_mismatch]: Symbol 'CL10B104KC8NNNC' doesn't match copy in library '5v rail sm-easyedapro'
    ; warning
    @(96.52 mm, 165.10 mm): Symbol C123 [CL10B104KC8NNNC]
[lib_symbol_mismatch]: Symbol 'IPT012N08N5(TOKMAS)' doesn't match copy in library '5v rail sm-easyedapro'
    ; warning
    @(140.97 mm, 133.35 mm): Symbol Q14 [IPT012N08N5(TOKMAS)]
[lib_symbol_mismatch]: Symbol 'CL10B104KC8NNNC' doesn't match copy in library '5v rail sm-easyedapro'
    ; warning
    @(125.73 mm, 148.59 mm): Symbol C124 [CL10B104KC8NNNC]
[lib_symbol_mismatch]: Symbol 'CL10B104KC8NNNC' doesn't match copy in library '5v rail sm-easyedapro'
    ; warning
    @(138.43 mm, 148.59 mm): Symbol C125 [CL10B104KC8NNNC]
[lib_symbol_mismatch]: Symbol 'BZT52C5V1S-7-F' doesn't match copy in library '5v rail sm-easyedapro'
    ; warning
    @(203.20 mm, 83.82 mm): Symbol D29 [BZT52C5V1S-7-F]
[lib_symbol_mismatch]: Symbol 'MMSZ5267BT1G' doesn't match copy in library '5v rail sm-easyedapro'
    ; warning
    @(113.03 mm, 209.55 mm): Symbol D24 [MMSZ5267BT1G]
[lib_symbol_mismatch]: Symbol 'BSS84AK,215' doesn't match copy in library '5v rail sm-easyedapro'
    ; warning
    @(220.98 mm, 92.71 mm): Symbol Q16 [BSS84AK,215]
[lib_symbol_issues]: The symbol library 'power' was not found at '/opt/homebrew/bin/SharedSupport/symbols//power.kicad_sym'.
    ; warning
    @(113.03 mm, 214.63 mm): Symbol #PWR0163 [VSS]
[lib_symbol_mismatch]: Symbol 'FRC0603J470 TS' doesn't match copy in library '5v rail sm-easyedapro'
    ; warning
    @(220.98 mm, 106.68 mm): Symbol R208 [FRC0603J470 TS]
[lib_symbol_issues]: The symbol library 'Device' was not found at '/opt/homebrew/bin/SharedSupport/symbols//Device.kicad_sym'.
    ; warning
    @(189.23 mm, 179.07 mm): Symbol NT30 [NetTie_2]
[lib_symbol_mismatch]: Symbol 'FRC0603J471 TS' doesn't match copy in library '5v rail sm-easyedapro'
    ; warning
    @(251.46 mm, 76.20 mm): Symbol R209 [FRC0603J471 TS]
[lib_symbol_mismatch]: Symbol 'SEWF3920F1L00P9' doesn't match copy in library 'JLCImport'
    ; warning
    @(195.58 mm, 182.88 mm): Symbol R207 [SEWF3920F1L00P9]
[lib_symbol_issues]: The symbol library 'Device' was not found at '/opt/homebrew/bin/SharedSupport/symbols//Device.kicad_sym'.
    ; warning
    @(201.93 mm, 179.07 mm): Symbol NT31 [NetTie_2]
[lib_symbol_mismatch]: Symbol 'BSS123NH6327XTSA1_C5205497' doesn't match copy in library '5v rail sm-easyedapro'
    ; warning
    @(269.24 mm, 64.77 mm): Symbol Q17 [BSS123NH6327XTSA1_C5205497]
[lib_symbol_mismatch]: Symbol 'ZXMP10A17G' doesn't match copy in library '5v rail sm-easyedapro'
    ; warning
    @(146.05 mm, 238.76 mm): Symbol Q15 [ZXMP10A17G]
[lib_symbol_mismatch]: Symbol 'PWR263S-35-40R0J' doesn't match copy in library 'JLCImport'
    ; warning
    @(165.10 mm, 241.30 mm): Symbol R3604 [PWR263S-35-40R0J]
[lib_symbol_mismatch]: Symbol 'BAT46W_C7420332' doesn't match copy in library '5v rail sm-easyedapro'
    ; warning
    @(292.10 mm, 74.93 mm): Symbol D31 [BAT46W_C7420332]
[lib_symbol_mismatch]: Symbol 'CL10B104KC8NNNC' doesn't match copy in library '5v rail sm-easyedapro'
    ; warning
    @(287.02 mm, 143.51 mm): Symbol C128 [CL10B104KC8NNNC]
[lib_symbol_mismatch]: Symbol 'CL10B104KC8NNNC' doesn't match copy in library '5v rail sm-easyedapro'
    ; warning
    @(287.02 mm, 165.10 mm): Symbol C129 [CL10B104KC8NNNC]
[footprint_link_issues]: Footprint 'R_0402_1005Metric' not found in library 'Resistor_SMD'.
    ; warning
    @(58.42 mm, 12.70 mm): Symbol R74 [R]
[lib_symbol_issues]: The symbol library 'Device' was not found at '/opt/homebrew/bin/SharedSupport/symbols//Device.kicad_sym'.
    ; warning
    @(58.42 mm, 12.70 mm): Symbol R74 [R]
[unconnected_wire_endpoint]: Unconnected wire endpoint
    ; warning
    @(8.89 mm, 74.93 mm): Vertical Wire, length 1.27 mm
[lib_symbol_mismatch]: Symbol 'PSC-1608U50GC-G4' doesn't match copy in library '5v rail sm-easyedapro'
    ; warning
    @(73.66 mm, 30.48 mm): Symbol LED6 [PSC-1608U50GC-G4]
[lib_symbol_mismatch]: Symbol 'UWT1H221MNL1GS' doesn't match copy in library 'JLCImport'
    ; warning
    @(3.81 mm, 81.28 mm): Symbol C602 [UWT1H221MNL1GS]
[endpoint_off_grid]: Symbol pin or wire end off connection grid
    ; warning
    @(58.42 mm, 39.37 mm): Horizontal Wire, length 15.215 mm
[endpoint_off_grid]: Symbol pin or wire end off connection grid
    ; warning
    @(73.635 mm, 39.37 mm): Wire, length 71.12 mm
[endpoint_off_grid]: Symbol pin or wire end off connection grid
    ; warning
    @(73.66 mm, 35.56 mm): Wire, length 3.81 mm
[lib_symbol_mismatch]: Symbol 'CC0603KRX7R9BB104' doesn't match copy in library '5v rail sm-easyedapro'
    ; warning
    @(41.91 mm, 81.28 mm): Symbol C23 [CC0603KRX7R9BB104]
[lib_symbol_issues]: The symbol library 'power' was not found at '/opt/homebrew/bin/SharedSupport/symbols//power.kicad_sym'.
    ; warning
    @(97.79 mm, 1.27 mm): Symbol #PWR078 [+3V3]
[lib_symbol_issues]: The symbol library 'power' was not found at '/opt/homebrew/bin/SharedSupport/symbols//power.kicad_sym'.
    ; warning
    @(29.21 mm, 93.98 mm): Symbol #PWR076 [GND]
[footprint_link_issues]: Footprint 'R_0402_1005Metric' not found in library 'Resistor_SMD'.
    ; warning
    @(60.96 mm, 97.79 mm): Symbol R606 [R]
[lib_symbol_issues]: The symbol library 'Device' was not found at '/opt/homebrew/bin/SharedSupport/symbols//Device.kicad_sym'.
    ; warning
    @(60.96 mm, 97.79 mm): Symbol R606 [R]
[lib_symbol_mismatch]: Symbol '19-217UYOC/S3112/TR8' doesn't match copy in library '5v rail sm-easyedapro'
    ; warning
    @(121.92 mm, 30.48 mm): Symbol LED7 [19-217UYOC/S3112/TR8]
[footprint_link_issues]: Footprint 'R_0402_1005Metric' not found in library 'Resistor_SMD'.
    ; warning
    @(130.81 mm, 12.70 mm): Symbol R609 [R]
[lib_symbol_issues]: The symbol library 'Device' was not found at '/opt/homebrew/bin/SharedSupport/symbols//Device.kicad_sym'.
    ; warning
    @(130.81 mm, 12.70 mm): Symbol R609 [R]
[footprint_link_issues]: Footprint 'R_0402_1005Metric' not found in library 'Resistor_SMD'.
    ; warning
    @(60.96 mm, 137.16 mm): Symbol R605 [R]
[lib_symbol_issues]: The symbol library 'Device' was not found at '/opt/homebrew/bin/SharedSupport/symbols//Device.kicad_sym'.
    ; warning
    @(60.96 mm, 137.16 mm): Symbol R605 [R]
[footprint_link_issues]: Footprint 'C_0402_1005Metric' not found in library 'Capacitor_SMD'.
    ; warning
    @(128.27 mm, 96.52 mm): Symbol C606 [C]
[lib_symbol_issues]: The symbol library 'Device' was not found at '/opt/homebrew/bin/SharedSupport/symbols//Device.kicad_sym'.
    ; warning
    @(128.27 mm, 96.52 mm): Symbol C606 [C]
[lib_symbol_mismatch]: Symbol 'AO4459' doesn't match copy in library 'JLCImport'
    ; warning
    @(148.59 mm, 72.39 mm): Symbol Q602 [AO4459]
[footprint_link_issues]: Footprint 'R_0402_1005Metric' not found in library 'Resistor_SMD'.
    ; warning
    @(99.06 mm, 135.89 mm): Symbol R604 [R]
[lib_symbol_issues]: The symbol library 'Device' was not found at '/opt/homebrew/bin/SharedSupport/symbols//Device.kicad_sym'.
    ; warning
    @(99.06 mm, 135.89 mm): Symbol R604 [R]
[lib_symbol_mismatch]: Symbol 'L2N7002SLLT1G' doesn't match copy in library 'JLCImport'
    ; warning
    @(110.49 mm, 127.00 mm): Symbol Q1 [L2N7002SLLT1G]
[footprint_link_issues]: Footprint 'R_0402_1005Metric' not found in library 'Resistor_SMD'.
    ; warning
    @(134.62 mm, 129.54 mm): Symbol R603 [R]
[lib_symbol_issues]: The symbol library 'Device' was not found at '/opt/homebrew/bin/SharedSupport/symbols//Device.kicad_sym'.
    ; warning
    @(134.62 mm, 129.54 mm): Symbol R603 [R]
[footprint_link_issues]: Footprint 'R_0402_1005Metric' not found in library 'Resistor_SMD'.
    ; warning
    @(154.94 mm, 130.81 mm): Symbol R601 [R]
[lib_symbol_issues]: The symbol library 'Device' was not found at '/opt/homebrew/bin/SharedSupport/symbols//Device.kicad_sym'.
    ; warning
    @(154.94 mm, 130.81 mm): Symbol R601 [R]
[lib_symbol_mismatch]: Symbol 'SBR8U60P5-13' doesn't match copy in library '5v rail sm-easyedapro'
    ; warning
    @(191.77 mm, 74.93 mm): Symbol D11 [SBR8U60P5-13]
[lib_symbol_mismatch]: Symbol 'CN3722' doesn't match copy in library '5v rail sm-easyedapro'
    ; warning
    @(181.61 mm, 110.49 mm): Symbol U30 [CN3722]
[footprint_link_issues]: Footprint 'C_0402_1005Metric' not found in library 'Capacitor_SMD'.
    ; warning
    @(167.64 mm, 130.81 mm): Symbol C603 [C]
[lib_symbol_issues]: The symbol library 'Device' was not found at '/opt/homebrew/bin/SharedSupport/symbols//Device.kicad_sym'.
    ; warning
    @(167.64 mm, 130.81 mm): Symbol C603 [C]
[lib_symbol_issues]: The symbol library 'power' was not found at '/opt/homebrew/bin/SharedSupport/symbols//power.kicad_sym'.
    ; warning
    @(111.76 mm, 184.15 mm): Symbol #PWR079 [GND]
[footprint_link_issues]: Footprint 'C_0402_1005Metric' not found in library 'Capacitor_SMD'.
    ; warning
    @(203.20 mm, 95.25 mm): Symbol C608 [C]
[lib_symbol_issues]: The symbol library 'Device' was not found at '/opt/homebrew/bin/SharedSupport/symbols//Device.kicad_sym'.
    ; warning
    @(203.20 mm, 95.25 mm): Symbol C608 [C]
[lib_symbol_mismatch]: Symbol 'SBR8U60P5-13' doesn't match copy in library '5v rail sm-easyedapro'
    ; warning
    @(217.17 mm, 86.36 mm): Symbol D12 [SBR8U60P5-13]
[footprint_link_issues]: Footprint 'R_0402_1005Metric' not found in library 'Resistor_SMD'.
    ; warning
    @(198.12 mm, 124.46 mm): Symbol R602 [R]
[lib_symbol_issues]: The symbol library 'Device' was not found at '/opt/homebrew/bin/SharedSupport/symbols//Device.kicad_sym'.
    ; warning
    @(198.12 mm, 124.46 mm): Symbol R602 [R]
[lib_symbol_issues]: The symbol library 'power' was not found at '/opt/homebrew/bin/SharedSupport/symbols//power.kicad_sym'.
    ; warning
    @(217.17 mm, 97.79 mm): Symbol #PWR081 [GND]
[footprint_link_issues]: Footprint 'C_0402_1005Metric' not found in library 'Capacitor_SMD'.
    ; warning
    @(198.12 mm, 137.16 mm): Symbol C604 [C]
[lib_symbol_issues]: The symbol library 'Device' was not found at '/opt/homebrew/bin/SharedSupport/symbols//Device.kicad_sym'.
    ; warning
    @(198.12 mm, 137.16 mm): Symbol C604 [C]
[lib_symbol_mismatch]: Symbol 'XAL1010-153MED' doesn't match copy in library '5v rail sm-easyedapro'
    ; warning
    @(232.41 mm, 74.93 mm): Symbol U31 [XAL1010-153MED]
[footprint_link_issues]: Footprint 'C_0402_1005Metric' not found in library 'Capacitor_SMD'.
    ; warning
    @(212.09 mm, 130.81 mm): Symbol C605 [C]
[lib_symbol_issues]: The symbol library 'Device' was not found at '/opt/homebrew/bin/SharedSupport/symbols//Device.kicad_sym'.
    ; warning
    @(212.09 mm, 130.81 mm): Symbol C605 [C]
[lib_symbol_mismatch]: Symbol 'PE2512FKE7W0R06L' doesn't match copy in library '5v rail sm-easyedapro'
    ; warning
    @(264.16 mm, 74.93 mm): Symbol R86 [PE2512FKE7W0R06L]
[lib_symbol_mismatch]: Symbol 'PE2512FKE7W0R06L' doesn't match copy in library '5v rail sm-easyedapro'
    ; warning
    @(264.16 mm, 83.82 mm): Symbol R87 [PE2512FKE7W0R06L]
[footprint_link_issues]: Footprint 'R_0402_1005Metric' not found in library 'Resistor_SMD'.
    ; warning
    @(265.43 mm, 111.76 mm): Symbol R607 [R]
[lib_symbol_issues]: The symbol library 'Device' was not found at '/opt/homebrew/bin/SharedSupport/symbols//Device.kicad_sym'.
    ; warning
    @(265.43 mm, 111.76 mm): Symbol R607 [R]
[lib_symbol_issues]: The symbol library 'Device' was not found at '/opt/homebrew/bin/SharedSupport/symbols//Device.kicad_sym'.
    ; warning
    @(278.13 mm, 88.90 mm): Symbol NT602 [NetTie_2]
[footprint_link_issues]: Footprint 'R_0402_1005Metric' not found in library 'Resistor_SMD'.
    ; warning
    @(265.43 mm, 121.92 mm): Symbol R608 [R]
[lib_symbol_issues]: The symbol library 'Device' was not found at '/opt/homebrew/bin/SharedSupport/symbols//Device.kicad_sym'.
    ; warning
    @(265.43 mm, 121.92 mm): Symbol R608 [R]
[lib_symbol_issues]: The symbol library 'power' was not found at '/opt/homebrew/bin/SharedSupport/symbols//power.kicad_sym'.
    ; warning
    @(265.43 mm, 127.00 mm): Symbol #PWR082 [GND]
[lib_symbol_issues]: The symbol library 'power' was not found at '/opt/homebrew/bin/SharedSupport/symbols//power.kicad_sym'.
    ; warning
    @(288.29 mm, 92.71 mm): Symbol #PWR083 [GND]
[footprint_link_issues]: Footprint 'C_0402_1005Metric' not found in library 'Capacitor_SMD'.
    ; warning
    @(283.21 mm, 113.03 mm): Symbol C607 [C]
[lib_symbol_issues]: The symbol library 'Device' was not found at '/opt/homebrew/bin/SharedSupport/symbols//Device.kicad_sym'.
    ; warning
    @(283.21 mm, 113.03 mm): Symbol C607 [C]
[footprint_link_issues]: Footprint 'C_1206_3216Metric' not found in library 'Capacitor_SMD'.
    ; warning
    @(299.72 mm, 83.82 mm): Symbol C601 [C]
[lib_symbol_issues]: The symbol library 'Device' was not found at '/opt/homebrew/bin/SharedSupport/symbols//Device.kicad_sym'.
    ; warning
    @(299.72 mm, 83.82 mm): Symbol C601 [C]
[footprint_link_issues]: Footprint 'Fuse_1206_3216Metric' not found in library 'Fuse'.
    ; warning
    @(143.51 mm, 102.87 mm): Symbol F3601 [0466001.NRHF]
[lib_symbol_mismatch]: Symbol '0466001.NRHF' doesn't match copy in library '5v rail sm-easyedapro'
    ; warning
    @(143.51 mm, 102.87 mm): Symbol F3601 [0466001.NRHF]
[footprint_link_issues]: Footprint 'Fuse_1206_3216Metric' not found in library 'Fuse'.
    ; warning
    @(165.10 mm, 102.87 mm): Symbol F3602 [JK-NSMD050-30V]
[lib_symbol_mismatch]: Symbol 'JK-NSMD050-30V' doesn't match copy in library '5v rail sm-easyedapro'
    ; warning
    @(165.10 mm, 102.87 mm): Symbol F3602 [JK-NSMD050-30V]
[lib_symbol_mismatch]: Symbol 'BAT46W-7-F' doesn't match copy in library '5v rail sm-easyedapro'
    ; warning
    @(207.01 mm, 102.87 mm): Symbol D3601 [BAT46W-7-F]
[footprint_link_issues]: Footprint 'R_0402_1005Metric' not found in library 'Resistor_SMD'.
    ; warning
    @(156.21 mm, 177.80 mm): Symbol R3611 [R]
[lib_symbol_issues]: The symbol library 'Device' was not found at '/opt/homebrew/bin/SharedSupport/symbols//Device.kicad_sym'.
    ; warning
    @(156.21 mm, 177.80 mm): Symbol R3611 [R]
[footprint_link_issues]: Footprint 'C_0402_1005Metric' not found in library 'Capacitor_SMD'.
    ; warning
    @(143.51 mm, 196.85 mm): Symbol C3602 [C]
[lib_symbol_issues]: The symbol library 'Device' was not found at '/opt/homebrew/bin/SharedSupport/symbols//Device.kicad_sym'.
    ; warning
    @(143.51 mm, 196.85 mm): Symbol C3602 [C]
[footprint_link_issues]: Footprint 'R_0402_1005Metric' not found in library 'Resistor_SMD'.
    ; warning
    @(156.21 mm, 195.58 mm): Symbol R3609 [R]
[lib_symbol_issues]: The symbol library 'Device' was not found at '/opt/homebrew/bin/SharedSupport/symbols//Device.kicad_sym'.
    ; warning
    @(156.21 mm, 195.58 mm): Symbol R3609 [R]
[footprint_link_issues]: Footprint 'R_0402_1005Metric' not found in library 'Resistor_SMD'.
    ; warning
    @(179.07 mm, 177.80 mm): Symbol R3612 [R]
[lib_symbol_issues]: The symbol library 'Device' was not found at '/opt/homebrew/bin/SharedSupport/symbols//Device.kicad_sym'.
    ; warning
    @(179.07 mm, 177.80 mm): Symbol R3612 [R]
[footprint_link_issues]: Footprint 'R_0402_1005Metric' not found in library 'Resistor_SMD'.
    ; warning
    @(240.03 mm, 109.22 mm): Symbol R3603 [R]
[lib_symbol_issues]: The symbol library 'Device' was not found at '/opt/homebrew/bin/SharedSupport/symbols//Device.kicad_sym'.
    ; warning
    @(240.03 mm, 109.22 mm): Symbol R3603 [R]
[footprint_link_issues]: Footprint 'R_0402_1005Metric' not found in library 'Resistor_SMD'.
    ; warning
    @(179.07 mm, 195.58 mm): Symbol R3610 [R]
[lib_symbol_issues]: The symbol library 'Device' was not found at '/opt/homebrew/bin/SharedSupport/symbols//Device.kicad_sym'.
    ; warning
    @(179.07 mm, 195.58 mm): Symbol R3610 [R]
[footprint_link_issues]: Footprint 'C_0402_1005Metric' not found in library 'Capacitor_SMD'.
    ; warning
    @(191.77 mm, 196.85 mm): Symbol C3603 [C]
[lib_symbol_issues]: The symbol library 'Device' was not found at '/opt/homebrew/bin/SharedSupport/symbols//Device.kicad_sym'.
    ; warning
    @(191.77 mm, 196.85 mm): Symbol C3603 [C]
[lib_symbol_mismatch]: Symbol 'BZT52C15' doesn't match copy in library '5v rail sm-easyedapro'
    ; warning
    @(255.27 mm, 109.22 mm): Symbol D3602 [BZT52C15]
[lib_symbol_mismatch]: Symbol 'TPS3700DDCR' doesn't match copy in library '5v rail sm-easyedapro'
    ; warning
    @(217.17 mm, 173.99 mm): Symbol U3601 [TPS3700DDCR]
[lib_symbol_mismatch]: Symbol 'SI2309A' doesn't match copy in library '5v rail sm-easyedapro'
    ; warning
    @(280.67 mm, 102.87 mm): Symbol Q3603 [SI2309A]
[lib_symbol_issues]: The symbol library 'power' was not found at '/opt/homebrew/bin/SharedSupport/symbols//power.kicad_sym'.
    ; warning
    @(270.51 mm, 137.16 mm): Symbol #PWR04502 [GND]
[footprint_link_issues]: Footprint 'R_0402_1005Metric' not found in library 'Resistor_SMD'.
    ; warning
    @(259.08 mm, 163.83 mm): Symbol R3601 [R]
[lib_symbol_issues]: The symbol library 'Device' was not found at '/opt/homebrew/bin/SharedSupport/symbols//Device.kicad_sym'.
    ; warning
    @(259.08 mm, 163.83 mm): Symbol R3601 [R]
[footprint_link_issues]: Footprint 'R_0402_1005Metric' not found in library 'Resistor_SMD'.
    ; warning
    @(280.67 mm, 125.73 mm): Symbol R3602 [R]
[lib_symbol_issues]: The symbol library 'Device' was not found at '/opt/homebrew/bin/SharedSupport/symbols//Device.kicad_sym'.
    ; warning
    @(280.67 mm, 125.73 mm): Symbol R3602 [R]
[lib_symbol_mismatch]: Symbol 'TC-6615-5-260G' doesn't match copy in library 'JLCImport'
    ; warning
    @(273.05 mm, 142.24 mm): Symbol SW2 [TC-6615-5-260G]
[lib_symbol_issues]: The symbol library 'power' was not found at '/opt/homebrew/bin/SharedSupport/symbols//power.kicad_sym'.
    ; warning
    @(270.51 mm, 147.32 mm): Symbol #PWR04501 [GND]
[lib_symbol_issues]: The symbol library 'Device' was not found at '/opt/homebrew/bin/SharedSupport/symbols//Device.kicad_sym'.
    ; warning
    @(238.76 mm, 214.63 mm): Symbol NT3601 [NetTie_2]
[lib_symbol_mismatch]: Symbol 'L2N7002SLLT1G' doesn't match copy in library '5v rail sm-easyedapro'
    ; warning
    @(273.05 mm, 171.45 mm): Symbol Q3602 [L2N7002SLLT1G]
[lib_symbol_issues]: The symbol library 'power' was not found at '/opt/homebrew/bin/SharedSupport/symbols//power.kicad_sym'.
    ; warning
    @(238.76 mm, 218.44 mm): Symbol #PWR0195 [GND]
[lib_symbol_issues]: The symbol library 'power' was not found at '/opt/homebrew/bin/SharedSupport/symbols//power.kicad_sym'.
    ; warning
    @(273.05 mm, 191.77 mm): Symbol #PWR0192 [GND]
[footprint_link_issues]: Footprint 'C_0402_1005Metric' not found in library 'Capacitor_SMD'.
    ; warning
    @(303.53 mm, 146.05 mm): Symbol C3601 [C]
[lib_symbol_issues]: The symbol library 'Device' was not found at '/opt/homebrew/bin/SharedSupport/symbols//Device.kicad_sym'.
    ; warning
    @(303.53 mm, 146.05 mm): Symbol C3601 [C]
[lib_symbol_issues]: The symbol library 'Jumper' was not found at '/opt/homebrew/bin/SharedSupport/symbols//Jumper.kicad_sym'.
    ; warning
    @(303.53 mm, 167.64 mm): Symbol JP3601 [Jumper_2_Open]
[lib_symbol_mismatch]: Symbol 'JER2512F3R007' doesn't match copy in library '5v rail sm-easyedapro'
    ; warning
    @(11.43 mm, 66.04 mm): Symbol R1404 [JER2512F3R007]
[lib_symbol_mismatch]: Symbol 'UUD1H221MNL1GS' doesn't match copy in library 'JLCImport'
    ; warning
    @(21.59 mm, 92.71 mm): Symbol C1402 [UUD1H221MNL1GS]
[lib_symbol_mismatch]: Symbol 'CL32B475KBUYNNE' doesn't match copy in library 'JLCImport'
    ; warning
    @(30.48 mm, 92.71 mm): Symbol C1403 [CL32B475KBUYNNE]
[lib_symbol_mismatch]: Symbol 'CL32B475KBUYNNE' doesn't match copy in library 'JLCImport'
    ; warning
    @(43.18 mm, 92.71 mm): Symbol C1401 [CL32B475KBUYNNE]
[unconnected_wire_endpoint]: Unconnected wire endpoint
    ; warning
    @(43.18 mm, 95.25 mm): Vertical Wire, length 2.54 mm
[footprint_link_issues]: Footprint 'R_0402_1005Metric' not found in library 'Resistor_SMD'.
    ; warning
    @(54.61 mm, 91.44 mm): Symbol R1401 [R]
[lib_symbol_issues]: The symbol library 'Device' was not found at '/opt/homebrew/bin/SharedSupport/symbols//Device.kicad_sym'.
    ; warning
    @(54.61 mm, 91.44 mm): Symbol R1401 [R]
[lib_symbol_issues]: The symbol library 'Jumper' was not found at '/opt/homebrew/bin/SharedSupport/symbols//Jumper.kicad_sym'.
    ; warning
    @(83.82 mm, 88.90 mm): Symbol JP1403 [Jumper_2_Open]
[lib_symbol_issues]: The symbol library 'power' was not found at '/opt/homebrew/bin/SharedSupport/symbols//power.kicad_sym'.
    ; warning
    @(30.48 mm, 119.38 mm): Symbol #PWR090 [GND]
[footprint_link_issues]: Footprint 'C_0402_1005Metric' not found in library 'Capacitor_SMD'.
    ; warning
    @(95.25 mm, 104.14 mm): Symbol C1404 [C]
[lib_symbol_issues]: The symbol library 'Device' was not found at '/opt/homebrew/bin/SharedSupport/symbols//Device.kicad_sym'.
    ; warning
    @(95.25 mm, 104.14 mm): Symbol C1404 [C]
[lib_symbol_issues]: The symbol library 'Device' was not found at '/opt/homebrew/bin/SharedSupport/symbols//Device.kicad_sym'.
    ; warning
    @(124.46 mm, 71.12 mm): Symbol NT1401 [NetTie_2]
[lib_symbol_issues]: The symbol library 'power' was not found at '/opt/homebrew/bin/SharedSupport/symbols//power.kicad_sym'.
    ; warning
    @(95.25 mm, 110.49 mm): Symbol #PWR095 [GND]
[lib_symbol_issues]: The symbol library 'Jumper' was not found at '/opt/homebrew/bin/SharedSupport/symbols//Jumper.kicad_sym'.
    ; warning
    @(110.49 mm, 102.87 mm): Symbol JP1 [Jumper_2_Bridged]
[lib_symbol_issues]: The symbol library 'Jumper' was not found at '/opt/homebrew/bin/SharedSupport/symbols//Jumper.kicad_sym'.
    ; warning
    @(139.70 mm, 68.58 mm): Symbol JP1401 [Jumper_2_Bridged]
[lib_symbol_issues]: The symbol library 'power' was not found at '/opt/homebrew/bin/SharedSupport/symbols//power.kicad_sym'.
    ; warning
    @(64.77 mm, 142.24 mm): Symbol #PWR091 [+3V3]
[footprint_link_issues]: Footprint 'R_0402_1005Metric' not found in library 'Resistor_SMD'.
    ; warning
    @(120.65 mm, 106.68 mm): Symbol R1405 [R]
[lib_symbol_issues]: The symbol library 'Device' was not found at '/opt/homebrew/bin/SharedSupport/symbols//Device.kicad_sym'.
    ; warning
    @(120.65 mm, 106.68 mm): Symbol R1405 [R]
[footprint_link_issues]: Footprint 'C_0402_1005Metric' not found in library 'Capacitor_SMD'.
    ; warning
    @(64.77 mm, 154.94 mm): Symbol C1406 [C]
[lib_symbol_issues]: The symbol library 'Device' was not found at '/opt/homebrew/bin/SharedSupport/symbols//Device.kicad_sym'.
    ; warning
    @(64.77 mm, 154.94 mm): Symbol C1406 [C]
[lib_symbol_issues]: The symbol library 'power' was not found at '/opt/homebrew/bin/SharedSupport/symbols//power.kicad_sym'.
    ; warning
    @(120.65 mm, 120.65 mm): Symbol #PWR097 [GND]
[footprint_link_issues]: Footprint 'C_0603_1608Metric' not found in library 'Capacitor_SMD'.
    ; warning
    @(80.01 mm, 154.94 mm): Symbol C1407 [C]
[lib_symbol_issues]: The symbol library 'Device' was not found at '/opt/homebrew/bin/SharedSupport/symbols//Device.kicad_sym'.
    ; warning
    @(80.01 mm, 154.94 mm): Symbol C1407 [C]
[lib_symbol_mismatch]: Symbol 'MCP4725A0T-E/CH' doesn't match copy in library '5v rail sm-easyedapro'
    ; warning
    @(106.68 mm, 144.78 mm): Symbol U44 [MCP4725A0T-E/CH]
[lib_symbol_issues]: The symbol library 'power' was not found at '/opt/homebrew/bin/SharedSupport/symbols//power.kicad_sym'.
    ; warning
    @(72.39 mm, 168.91 mm): Symbol #PWR092 [GND]
[lib_symbol_issues]: The symbol library 'power' was not found at '/opt/homebrew/bin/SharedSupport/symbols//power.kicad_sym'.
    ; warning
    @(106.68 mm, 162.56 mm): Symbol #PWR096 [GND]
[lib_symbol_mismatch]: Symbol 'LTM8055IY_PBF' doesn't match copy in library 'Snapeda'
    ; warning
    @(180.34 mm, 83.82 mm): Symbol U47 [LTM8055IY_PBF]
[footprint_link_issues]: Footprint 'C_0402_1005Metric' not found in library 'Capacitor_SMD'.
    ; warning
    @(180.34 mm, 135.89 mm): Symbol C1405 [C]
[lib_symbol_issues]: The symbol library 'Device' was not found at '/opt/homebrew/bin/SharedSupport/symbols//Device.kicad_sym'.
    ; warning
    @(180.34 mm, 135.89 mm): Symbol C1405 [C]
[lib_symbol_issues]: The symbol library 'power' was not found at '/opt/homebrew/bin/SharedSupport/symbols//power.kicad_sym'.
    ; warning
    @(200.66 mm, 106.68 mm): Symbol #PWR0101 [GND]
[lib_symbol_issues]: The symbol library 'power' was not found at '/opt/homebrew/bin/SharedSupport/symbols//power.kicad_sym'.
    ; warning
    @(180.34 mm, 144.78 mm): Symbol #PWR0100 [GND]
[footprint_link_issues]: Footprint 'R_0402_1005Metric' not found in library 'Resistor_SMD'.
    ; warning
    @(227.33 mm, 73.66 mm): Symbol R1402 [R]
[lib_symbol_issues]: The symbol library 'Device' was not found at '/opt/homebrew/bin/SharedSupport/symbols//Device.kicad_sym'.
    ; warning
    @(227.33 mm, 73.66 mm): Symbol R1402 [R]
[footprint_link_issues]: Footprint 'R_0402_1005Metric' not found in library 'Resistor_SMD'.
    ; warning
    @(227.33 mm, 90.17 mm): Symbol R1403 [R]
[lib_symbol_issues]: The symbol library 'Device' was not found at '/opt/homebrew/bin/SharedSupport/symbols//Device.kicad_sym'.
    ; warning
    @(227.33 mm, 90.17 mm): Symbol R1403 [R]
[lib_symbol_mismatch]: Symbol 'CL21A226MAYNNNE' doesn't match copy in library 'JLCImport'
    ; warning
    @(238.76 mm, 82.55 mm): Symbol C1409 [CL21A226MAYNNNE]
[lib_symbol_issues]: The symbol library 'power' was not found at '/opt/homebrew/bin/SharedSupport/symbols//power.kicad_sym'.
    ; warning
    @(238.76 mm, 105.41 mm): Symbol #PWR0102 [GND]
[lib_symbol_mismatch]: Symbol 'JER2512F3R007' doesn't match copy in library '5v rail sm-easyedapro'
    ; warning
    @(257.81 mm, 66.04 mm): Symbol R112 [JER2512F3R007]
[lib_symbol_issues]: The symbol library 'Device' was not found at '/opt/homebrew/bin/SharedSupport/symbols//Device.kicad_sym'.
    ; warning
    @(261.62 mm, 57.15 mm): Symbol NT16 [NetTie_2]
[unconnected_wire_endpoint]: Unconnected wire endpoint
    ; warning
    @(266.70 mm, 78.74 mm): Vertical Wire, length 12.70 mm
[unconnected_wire_endpoint]: Unconnected wire endpoint
    ; warning
    @(266.70 mm, 99.06 mm): Vertical Wire, length 12.70 mm
[unconnected_wire_endpoint]: Unconnected wire endpoint
    ; warning
    @(276.86 mm, 66.04 mm): Vertical Wire, length 10.16 mm
[unconnected_wire_endpoint]: Unconnected wire endpoint
    ; warning
    @(276.86 mm, 86.36 mm): Vertical Wire, length 12.70 mm
[footprint_link_issues]: Footprint 'R_0402_1005Metric' not found in library 'Resistor_SMD'.
    ; warning
    @(36.83 mm, 116.84 mm): Symbol R1703 [R]
[lib_symbol_issues]: The symbol library 'Device' was not found at '/opt/homebrew/bin/SharedSupport/symbols//Device.kicad_sym'.
    ; warning
    @(36.83 mm, 116.84 mm): Symbol R1703 [R]
[lib_symbol_issues]: The symbol library 'Device' was not found at '/opt/homebrew/bin/SharedSupport/symbols//Device.kicad_sym'.
    ; warning
    @(52.07 mm, 116.84 mm): Symbol NT1702 [NetTie_2]
[lib_symbol_issues]: The symbol library 'power' was not found at '/opt/homebrew/bin/SharedSupport/symbols//power.kicad_sym'.
    ; warning
    @(44.45 mm, 132.08 mm): Symbol #PWR0105 [GNDA]
[lib_symbol_issues]: The symbol library 'Jumper' was not found at '/opt/homebrew/bin/SharedSupport/symbols//Jumper.kicad_sym'.
    ; warning
    @(92.71 mm, 114.30 mm): Symbol JP1701 [Jumper_2_Small_Bridged]
[footprint_link_issues]: Footprint 'R_0402_1005Metric' not found in library 'Resistor_SMD'.
    ; warning
    @(115.57 mm, 107.95 mm): Symbol R1702 [R]
[lib_symbol_issues]: The symbol library 'Device' was not found at '/opt/homebrew/bin/SharedSupport/symbols//Device.kicad_sym'.
    ; warning
    @(115.57 mm, 107.95 mm): Symbol R1702 [R]
[lib_symbol_issues]: The symbol library 'power' was not found at '/opt/homebrew/bin/SharedSupport/symbols//power.kicad_sym'.
    ; warning
    @(92.71 mm, 128.27 mm): Symbol #PWR0106 [GNDA]
[lib_symbol_issues]: The symbol library 'power' was not found at '/opt/homebrew/bin/SharedSupport/symbols//power.kicad_sym'.
    ; warning
    @(157.48 mm, 63.50 mm): Symbol #PWR0109 [+3V3]
[lib_symbol_issues]: The symbol library 'power' was not found at '/opt/homebrew/bin/SharedSupport/symbols//power.kicad_sym'.
    ; warning
    @(115.57 mm, 127.00 mm): Symbol #PWR0107 [GNDA]
[footprint_link_issues]: Footprint 'R_0402_1005Metric' not found in library 'Resistor_SMD'.
    ; warning
    @(157.48 mm, 69.85 mm): Symbol R1701 [R]
[lib_symbol_issues]: The symbol library 'Device' was not found at '/opt/homebrew/bin/SharedSupport/symbols//Device.kicad_sym'.
    ; warning
    @(157.48 mm, 69.85 mm): Symbol R1701 [R]
[lib_symbol_mismatch]: Symbol 'GCM32EC71H106KA03L' doesn't match copy in library '5v rail sm-easyedapro'
    ; warning
    @(139.70 mm, 125.73 mm): Symbol C65 [GCM32EC71H106KA03L]
[lib_symbol_mismatch]: Symbol 'TPSM63610RDFR' doesn't match copy in library 'JLCImport'
    ; warning
    @(173.99 mm, 92.71 mm): Symbol U55 [TPSM63610RDFR]
[lib_symbol_mismatch]: Symbol 'GCM32EC71H106KA03L' doesn't match copy in library '5v rail sm-easyedapro'
    ; warning
    @(166.37 mm, 125.73 mm): Symbol C66 [GCM32EC71H106KA03L]
[footprint_link_issues]: Footprint 'C_0603_1608Metric' not found in library 'Capacitor_SMD'.
    ; warning
    @(193.04 mm, 113.03 mm): Symbol C1701 [C]
[lib_symbol_issues]: The symbol library 'Device' was not found at '/opt/homebrew/bin/SharedSupport/symbols//Device.kicad_sym'.
    ; warning
    @(193.04 mm, 113.03 mm): Symbol C1701 [C]
[lib_symbol_issues]: The symbol library 'power' was not found at '/opt/homebrew/bin/SharedSupport/symbols//power.kicad_sym'.
    ; warning
    @(201.93 mm, 138.43 mm): Symbol #PWR0110 [GNDA]
[lib_symbol_issues]: The symbol library 'Jumper' was not found at '/opt/homebrew/bin/SharedSupport/symbols//Jumper.kicad_sym'.
    ; warning
    @(220.98 mm, 107.95 mm): Symbol U56 [Jumper_2_Bridged]
[lib_symbol_mismatch]: Symbol 'FRC0603J101 TS' doesn't match copy in library '5v rail sm-easyedapro'
    ; warning
    @(234.95 mm, 107.95 mm): Symbol R121 [FRC0603J101 TS]
[lib_symbol_issues]: The symbol library 'power' was not found at '/opt/homebrew/bin/SharedSupport/symbols//power.kicad_sym'.
    ; warning
    @(243.84 mm, 144.78 mm): Symbol #PWR0111 [GNDA]
[footprint_link_issues]: Footprint 'R_0402_1005Metric' not found in library 'Resistor_SMD'.
    ; warning
    @(279.40 mm, 92.71 mm): Symbol R1705 [R]
[lib_symbol_issues]: The symbol library 'Device' was not found at '/opt/homebrew/bin/SharedSupport/symbols//Device.kicad_sym'.
    ; warning
    @(279.40 mm, 92.71 mm): Symbol R1705 [R]
[footprint_link_issues]: Footprint 'R_0402_1005Metric' not found in library 'Resistor_SMD'.
    ; warning
    @(279.40 mm, 113.03 mm): Symbol R1704 [R]
[lib_symbol_issues]: The symbol library 'Device' was not found at '/opt/homebrew/bin/SharedSupport/symbols//Device.kicad_sym'.
    ; warning
    @(279.40 mm, 113.03 mm): Symbol R1704 [R]
[lib_symbol_issues]: The symbol library 'power' was not found at '/opt/homebrew/bin/SharedSupport/symbols//power.kicad_sym'.
    ; warning
    @(279.40 mm, 137.16 mm): Symbol #PWR0112 [GNDA]
[lib_symbol_mismatch]: Symbol 'GRM32ER71A476ME15L' doesn't match copy in library 'JLCImport'
    ; warning
    @(307.34 mm, 92.71 mm): Symbol C1702 [GRM32ER71A476ME15L]
[lib_symbol_mismatch]: Symbol 'GRM32ER71A476ME15L' doesn't match copy in library 'JLCImport'
    ; warning
    @(320.04 mm, 92.71 mm): Symbol C1703 [GRM32ER71A476ME15L]
[lib_symbol_mismatch]: Symbol 'GRM32ER71A476ME15L' doesn't match copy in library 'JLCImport'
    ; warning
    @(334.01 mm, 92.71 mm): Symbol C1704 [GRM32ER71A476ME15L]
[unconnected_wire_endpoint]: Unconnected wire endpoint
    ; warning
    @(359.41 mm, 87.63 mm): Vertical Wire, length 2.54 mm
[lib_symbol_mismatch]: Symbol 'CC0603KRX7R9BB104' doesn't match copy in library '5v rail sm-easyedapro'
    ; warning
    @(49.53 mm, 93.98 mm): Symbol C96 [CC0603KRX7R9BB104]
[lib_symbol_mismatch]: Symbol 'CL32B475KBUYNNE' doesn't match copy in library 'JLCImport'
    ; warning
    @(64.77 mm, 95.25 mm): Symbol C2701 [CL32B475KBUYNNE]
[lib_symbol_mismatch]: Symbol 'CL32B475KBUYNNE' doesn't match copy in library 'JLCImport'
    ; warning
    @(73.66 mm, 95.25 mm): Symbol C2702 [CL32B475KBUYNNE]
[lib_symbol_issues]: The symbol library 'power' was not found at '/opt/homebrew/bin/SharedSupport/symbols//power.kicad_sym'.
    ; warning
    @(64.77 mm, 110.49 mm): Symbol #PWR0149 [GND]
[footprint_link_issues]: Footprint 'R_0402_1005Metric' not found in library 'Resistor_SMD'.
    ; warning
    @(111.76 mm, 82.55 mm): Symbol R2704 [R]
[lib_symbol_issues]: The symbol library 'Device' was not found at '/opt/homebrew/bin/SharedSupport/symbols//Device.kicad_sym'.
    ; warning
    @(111.76 mm, 82.55 mm): Symbol R2704 [R]
[lib_symbol_mismatch]: Symbol 'TPSM33625RDNR' doesn't match copy in library '5v rail sm-easyedapro'
    ; warning
    @(138.43 mm, 83.82 mm): Symbol U74 [TPSM33625RDNR]
[lib_symbol_mismatch]: Symbol 'L2N7002SLLT1G' doesn't match copy in library '5v rail sm-easyedapro'
    ; warning
    @(121.92 mm, 109.22 mm): Symbol Q12 [L2N7002SLLT1G]
[footprint_link_issues]: Footprint 'R_0402_1005Metric' not found in library 'Resistor_SMD'.
    ; warning
    @(111.76 mm, 120.65 mm): Symbol R2705 [R]
[lib_symbol_issues]: The symbol library 'Device' was not found at '/opt/homebrew/bin/SharedSupport/symbols//Device.kicad_sym'.
    ; warning
    @(111.76 mm, 120.65 mm): Symbol R2705 [R]
[lib_symbol_issues]: The symbol library 'power' was not found at '/opt/homebrew/bin/SharedSupport/symbols//power.kicad_sym'.
    ; warning
    @(121.92 mm, 129.54 mm): Symbol #PWR0150 [GND]
[footprint_link_issues]: Footprint 'R_0402_1005Metric' not found in library 'Resistor_SMD'.
    ; warning
    @(162.56 mm, 77.47 mm): Symbol R2703 [R]
[lib_symbol_issues]: The symbol library 'Device' was not found at '/opt/homebrew/bin/SharedSupport/symbols//Device.kicad_sym'.
    ; warning
    @(162.56 mm, 77.47 mm): Symbol R2703 [R]
[lib_symbol_mismatch]: Symbol 'CL10A105KB8NNNC' doesn't match copy in library '5v rail sm-easyedapro'
    ; warning
    @(157.48 mm, 99.06 mm): Symbol C99 [CL10A105KB8NNNC]
[footprint_link_issues]: Footprint 'R_0402_1005Metric' not found in library 'Resistor_SMD'.
    ; warning
    @(180.34 mm, 73.66 mm): Symbol R2701 [R]
[lib_symbol_issues]: The symbol library 'Device' was not found at '/opt/homebrew/bin/SharedSupport/symbols//Device.kicad_sym'.
    ; warning
    @(180.34 mm, 73.66 mm): Symbol R2701 [R]
[lib_symbol_issues]: The symbol library 'Device' was not found at '/opt/homebrew/bin/SharedSupport/symbols//Device.kicad_sym'.
    ; warning
    @(187.96 mm, 64.77 mm): Symbol NT2701 [NetTie_2]
[footprint_link_issues]: Footprint 'R_0402_1005Metric' not found in library 'Resistor_SMD'.
    ; warning
    @(180.34 mm, 93.98 mm): Symbol R2702 [R]
[lib_symbol_issues]: The symbol library 'Device' was not found at '/opt/homebrew/bin/SharedSupport/symbols//Device.kicad_sym'.
    ; warning
    @(180.34 mm, 93.98 mm): Symbol R2702 [R]
[footprint_link_issues]: Footprint 'C_0402_1005Metric_Pad0.74x0.62mm_HandSolder' not found in library 'Capacitor_SMD'.
    ; warning
    @(194.31 mm, 73.66 mm): Symbol C2705 [C]
[lib_symbol_issues]: The symbol library 'Device' was not found at '/opt/homebrew/bin/SharedSupport/symbols//Device.kicad_sym'.
    ; warning
    @(194.31 mm, 73.66 mm): Symbol C2705 [C]
[lib_symbol_issues]: The symbol library 'power' was not found at '/opt/homebrew/bin/SharedSupport/symbols//power.kicad_sym'.
    ; warning
    @(180.34 mm, 119.38 mm): Symbol #PWR0151 [GND]
[lib_symbol_mismatch]: Symbol 'CL32B226KAJNNNE' doesn't match copy in library 'JLCImport'
    ; warning
    @(222.25 mm, 68.58 mm): Symbol C2703 [CL32B226KAJNNNE]
[lib_symbol_issues]: The symbol library 'power' was not found at '/opt/homebrew/bin/SharedSupport/symbols//power.kicad_sym'.
    ; warning
    @(229.87 mm, 78.74 mm): Symbol #PWR0152 [GND]
[lib_symbol_mismatch]: Symbol 'CL32B226KAJNNNE' doesn't match copy in library 'JLCImport'
    ; warning
    @(237.49 mm, 68.58 mm): Symbol C2704 [CL32B226KAJNNNE]
[lib_symbol_mismatch]: Symbol 'CL21A106KAYNNNE' doesn't match copy in library 'JLCImport'
    ; warning
    @(105.41 mm, 160.02 mm): Symbol C2602 [CL21A106KAYNNNE]
[lib_symbol_issues]: The symbol library 'power' was not found at '/opt/homebrew/bin/SharedSupport/symbols//power.kicad_sym'.
    ; warning
    @(124.46 mm, 147.32 mm): Symbol #PWR02602 [GND]
[lib_symbol_issues]: The symbol library 'power' was not found at '/opt/homebrew/bin/SharedSupport/symbols//power.kicad_sym'.
    ; warning
    @(110.49 mm, 167.64 mm): Symbol #PWR02603 [GND]
[lib_symbol_mismatch]: Symbol 'AMS1117-3_3_C347222' doesn't match copy in library 'JLCImport'
    ; warning
    @(139.70 mm, 149.86 mm): Symbol U2601 [AMS1117-3_3_C347222]
[lib_symbol_issues]: The symbol library 'power' was not found at '/opt/homebrew/bin/SharedSupport/symbols//power.kicad_sym'.
    ; warning
    @(156.21 mm, 154.94 mm): Symbol #PWR02601 [GND]
[lib_symbol_mismatch]: Symbol 'CC0603KRX7R9BB104' doesn't match copy in library '5v rail sm-easyedapro'
    ; warning
    @(69.85 mm, 88.90 mm): Symbol C107 [CC0603KRX7R9BB104]
[lib_symbol_mismatch]: Symbol 'CL10A226MP8NUNE' doesn't match copy in library '5v rail sm-easyedapro'
    ; warning
    @(86.36 mm, 88.90 mm): Symbol C108 [CL10A226MP8NUNE]
[lib_symbol_issues]: The symbol library 'power' was not found at '/opt/homebrew/bin/SharedSupport/symbols//power.kicad_sym'.
    ; warning
    @(78.74 mm, 105.41 mm): Symbol #PWR0156 [GND]
[lib_symbol_mismatch]: Symbol 'FRC0603J104 TS' doesn't match copy in library '5v rail sm-easyedapro'
    ; warning
    @(116.84 mm, 83.82 mm): Symbol R168 [FRC0603J104 TS]
[lib_symbol_mismatch]: Symbol 'MT9700-N' doesn't match copy in library '5v rail sm-easyedapro'
    ; warning
    @(143.51 mm, 78.74 mm): Symbol U76 [MT9700-N]
[lib_symbol_issues]: The symbol library 'power' was not found at '/opt/homebrew/bin/SharedSupport/symbols//power.kicad_sym'.
    ; warning
    @(160.02 mm, 102.87 mm): Symbol #PWR0158 [GND]
[lib_symbol_mismatch]: Symbol 'CC0603KRX7R9BB104' doesn't match copy in library '5v rail sm-easyedapro'
    ; warning
    @(194.31 mm, 88.90 mm): Symbol C109 [CC0603KRX7R9BB104]
[unconnected_wire_endpoint]: Unconnected wire endpoint
    ; warning
    @(180.34 mm, 76.20 mm): Vertical Wire, length 7.62 mm
[unconnected_wire_endpoint]: Unconnected wire endpoint
    ; warning
    @(180.34 mm, 100.33 mm): Vertical Wire, length 6.35 mm
[lib_symbol_mismatch]: Symbol 'INA226AIDGSR' doesn't match copy in library '5v rail sm-easyedapro'
    ; warning
    @(134.62 mm, 81.28 mm): Symbol U81 [INA226AIDGSR]
[lib_symbol_issues]: The symbol library 'power' was not found at '/opt/homebrew/bin/SharedSupport/symbols//power.kicad_sym'.
    ; warning
    @(151.13 mm, 91.44 mm): Symbol #PWR0164 [GND]
[lib_symbol_issues]: The symbol library 'Device' was not found at '/opt/homebrew/bin/SharedSupport/symbols//Device.kicad_sym'.
    ; warning
    @(175.26 mm, 76.20 mm): Symbol NT29 [NetTie_2]
[lib_symbol_issues]: The symbol library 'Device' was not found at '/opt/homebrew/bin/SharedSupport/symbols//Device.kicad_sym'.
    ; warning
    @(175.26 mm, 78.74 mm): Symbol NT28 [NetTie_2]
[lib_symbol_mismatch]: Symbol 'CL10B105KB8NQNC' doesn't match copy in library '5v rail sm-easyedapro'
    ; warning
    @(187.96 mm, 93.98 mm): Symbol C126 [CL10B105KB8NQNC]
[lib_symbol_issues]: The symbol library 'power' was not found at '/opt/homebrew/bin/SharedSupport/symbols//power.kicad_sym'.
    ; warning
    @(194.31 mm, 83.82 mm): Symbol #PWR0165 [+3V3]
[lib_symbol_issues]: The symbol library 'power' was not found at '/opt/homebrew/bin/SharedSupport/symbols//power.kicad_sym'.
    ; warning
    @(194.31 mm, 104.14 mm): Symbol #PWR0166 [GND]
[lib_symbol_mismatch]: Symbol 'CC0603KRX7R9BB104' doesn't match copy in library '5v rail sm-easyedapro'
    ; warning
    @(200.66 mm, 93.98 mm): Symbol C127 [CC0603KRX7R9BB104]
[lib_symbol_mismatch]: Symbol 'PZ254V-11-02P' doesn't match copy in library '5v rail sm-easyedapro'
    ; warning
    @(85.09 mm, 87.63 mm): Symbol ESC-6V1 [PZ254V-11-02P]
[lib_symbol_issues]: The symbol library 'Jumper' was not found at '/opt/homebrew/bin/SharedSupport/symbols//Jumper.kicad_sym'.
    ; warning
    @(99.06 mm, 82.55 mm): Symbol JP2101 [Jumper_2_Open]
[lib_symbol_mismatch]: Symbol 'TSW-104-08-T-T-RA' doesn't match copy in library '5v rail sm-easyedapro'
    ; warning
    @(157.48 mm, 85.09 mm): Symbol H3 [TSW-104-08-T-T-RA]
[lib_symbol_mismatch]: Symbol 'TSW-104-08-T-T-RA' doesn't match copy in library '5v rail sm-easyedapro'
    ; warning
    @(157.48 mm, 110.49 mm): Symbol H4 [TSW-104-08-T-T-RA]
[lib_symbol_mismatch]: Symbol '74AHCT1G125GW,125-JSM' doesn't match copy in library '5v rail sm-easyedapro'
    ; warning
    @(74.93 mm, 54.61 mm): Symbol U69 [74AHCT1G125GW,125-JSM]
[lib_symbol_issues]: The symbol library 'power' was not found at '/opt/homebrew/bin/SharedSupport/symbols//power.kicad_sym'.
    ; warning
    @(87.63 mm, 44.45 mm): Symbol #PWR0135 [+5V]
[lib_symbol_issues]: The symbol library 'power' was not found at '/opt/homebrew/bin/SharedSupport/symbols//power.kicad_sym'.
    ; warning
    @(74.93 mm, 78.74 mm): Symbol #PWR0134 [GND]
[lib_symbol_mismatch]: Symbol 'CC0603KRX7R9BB104' doesn't match copy in library '5v rail sm-easyedapro'
    ; warning
    @(87.63 mm, 64.77 mm): Symbol C83 [CC0603KRX7R9BB104]
[lib_symbol_issues]: The symbol library 'power' was not found at '/opt/homebrew/bin/SharedSupport/symbols//power.kicad_sym'.
    ; warning
    @(106.68 mm, 58.42 mm): Symbol #PWR0136 [GND]
[lib_symbol_mismatch]: Symbol 'WS2815F' doesn't match copy in library '5v rail sm-easyedapro'
    ; warning
    @(120.65 mm, 53.34 mm): Symbol U70 [WS2815F]
[lib_symbol_issues]: The symbol library 'power' was not found at '/opt/homebrew/bin/SharedSupport/symbols//power.kicad_sym'.
    ; warning
    @(134.62 mm, 38.10 mm): Symbol #PWR0139 [+12V]
[lib_symbol_issues]: The symbol library 'power' was not found at '/opt/homebrew/bin/SharedSupport/symbols//power.kicad_sym'.
    ; warning
    @(128.27 mm, 115.57 mm): Symbol #PWR0137 [+12V]
[lib_symbol_mismatch]: Symbol 'CC0603KRX7R9BB104' doesn't match copy in library '5v rail sm-easyedapro'
    ; warning
    @(119.38 mm, 152.40 mm): Symbol C84 [CC0603KRX7R9BB104]
[lib_symbol_issues]: The symbol library 'power' was not found at '/opt/homebrew/bin/SharedSupport/symbols//power.kicad_sym'.
    ; warning
    @(128.27 mm, 170.18 mm): Symbol #PWR0138 [GND]
[lib_symbol_issues]: The symbol library 'power' was not found at '/opt/homebrew/bin/SharedSupport/symbols//power.kicad_sym'.
    ; warning
    @(185.42 mm, 140.97 mm): Symbol #PWR0140 [GND]
[lib_symbol_mismatch]: Symbol 'S4B-XH-A_LF_SN' doesn't match copy in library 'JLCImport'
    ; warning
    @(198.12 mm, 133.35 mm): Symbol CN2301 [S4B-XH-A_LF_SN]
[unconnected_wire_endpoint]: Unconnected wire endpoint
    ; warning
    @(29.21 mm, 101.60 mm): Vertical Wire, length 7.62 mm
[unconnected_wire_endpoint]: Unconnected wire endpoint
    ; warning
    @(29.21 mm, 111.76 mm): Vertical Wire, length 5.08 mm
[lib_symbol_mismatch]: Symbol 'GRM21BR61H106KE43L' doesn't match copy in library '5v rail sm-easyedapro'
    ; warning
    @(58.42 mm, 106.68 mm): Symbol C87 [GRM21BR61H106KE43L]
[unconnected_wire_endpoint]: Unconnected wire endpoint
    ; warning
    @(29.21 mm, 118.11 mm): Vertical Wire, length 1.27 mm
[lib_symbol_mismatch]: Symbol 'CC0603KRX7R9BB104' doesn't match copy in library '5v rail sm-easyedapro'
    ; warning
    @(71.12 mm, 106.68 mm): Symbol C88 [CC0603KRX7R9BB104]
[lib_symbol_mismatch]: Symbol 'BZT52C12_C43491' doesn't match copy in library 'JLCImport'
    ; warning
    @(92.71 mm, 99.06 mm): Symbol ZD1 [BZT52C12_C43491]
[lib_symbol_mismatch]: Symbol 'SIRA99DP-T1-GE3' doesn't match copy in library 'JLCImport'
    ; warning
    @(119.38 mm, 96.52 mm): Symbol Q11 [SIRA99DP-T1-GE3]
[footprint_link_issues]: Footprint 'R_0603_1608Metric' not found in library 'Resistor_SMD'.
    ; warning
    @(111.76 mm, 134.62 mm): Symbol R149 [R]
[lib_symbol_issues]: The symbol library 'Device' was not found at '/opt/homebrew/bin/SharedSupport/symbols//Device.kicad_sym'.
    ; warning
    @(111.76 mm, 134.62 mm): Symbol R149 [R]
[lib_symbol_mismatch]: Symbol 'L2N7002SLLT1G' doesn't match copy in library '5v rail sm-easyedapro'
    ; warning
    @(111.76 mm, 147.32 mm): Symbol Q10 [L2N7002SLLT1G]
[lib_symbol_mismatch]: Symbol 'FRC0603J104 TS' doesn't match copy in library '5v rail sm-easyedapro'
    ; warning
    @(121.92 mm, 157.48 mm): Symbol R150 [FRC0603J104 TS]
[lib_symbol_issues]: The symbol library 'power' was not found at '/opt/homebrew/bin/SharedSupport/symbols//power.kicad_sym'.
    ; warning
    @(116.84 mm, 168.91 mm): Symbol #PWR0141 [GND]
[lib_symbol_issues]: The symbol library 'power' was not found at '/opt/homebrew/bin/SharedSupport/symbols//power.kicad_sym'.
    ; warning
    @(121.92 mm, 92.71 mm): Symbol #PWR0159 [GND]
[lib_symbol_mismatch]: Symbol 'EXB2HV102JV' doesn't match copy in library 'JLCImport'
    ; warning
    @(127.00 mm, 115.57 mm): Symbol U3201 [EXB2HV102JV]
[lib_symbol_mismatch]: Symbol 'PCA9685PW,118' doesn't match copy in library '5v rail sm-easyedapro'
    ; warning
    @(171.45 mm, 111.76 mm): Symbol U78 [PCA9685PW,118]
[lib_symbol_issues]: The symbol library 'power' was not found at '/opt/homebrew/bin/SharedSupport/symbols//power.kicad_sym'.
    ; warning
    @(172.72 mm, 146.05 mm): Symbol #PWR0160 [GND]
[lib_symbol_mismatch]: Symbol 'CC0603KRX7R9BB104' doesn't match copy in library '5v rail sm-easyedapro'
    ; warning
    @(236.22 mm, 74.93 mm): Symbol C117 [CC0603KRX7R9BB104]
[lib_symbol_issues]: The symbol library 'power' was not found at '/opt/homebrew/bin/SharedSupport/symbols//power.kicad_sym'.
    ; warning
    @(243.84 mm, 60.96 mm): Symbol #PWR0161 [+3V3]
[lib_symbol_issues]: The symbol library 'power' was not found at '/opt/homebrew/bin/SharedSupport/symbols//power.kicad_sym'.
    ; warning
    @(243.84 mm, 87.63 mm): Symbol #PWR0162 [GND]
[lib_symbol_mismatch]: Symbol 'CL10A105KB8NNNC' doesn't match copy in library '5v rail sm-easyedapro'
    ; warning
    @(251.46 mm, 74.93 mm): Symbol C118 [CL10A105KB8NNNC]
[lib_symbol_mismatch]: Symbol 'EXB2HV102JV' doesn't match copy in library 'JLCImport'
    ; warning
    @(92.71 mm, 86.36 mm): Symbol U3401 [EXB2HV102JV]
[lib_symbol_mismatch]: Symbol 'EXB2HV102JV' doesn't match copy in library 'JLCImport'
    ; warning
    @(77.47 mm, 106.68 mm): Symbol U3402 [EXB2HV102JV]
[lib_symbol_mismatch]: Symbol 'PCAL6524HEAZ' doesn't match copy in library '5v rail sm-easyedapro'
    ; warning
    @(121.92 mm, 99.06 mm): Symbol U85 [PCAL6524HEAZ]
[lib_symbol_issues]: The symbol library 'power' was not found at '/opt/homebrew/bin/SharedSupport/symbols//power.kicad_sym'.
    ; warning
    @(144.78 mm, 81.28 mm): Symbol #PWR03401 [+3V3]
[lib_symbol_issues]: The symbol library 'power' was not found at '/opt/homebrew/bin/SharedSupport/symbols//power.kicad_sym'.
    ; warning
    @(162.56 mm, 60.96 mm): Symbol #PWR0172 [+3V3]
[lib_symbol_issues]: The symbol library 'power' was not found at '/opt/homebrew/bin/SharedSupport/symbols//power.kicad_sym'.
    ; warning
    @(144.78 mm, 96.52 mm): Symbol #PWR0171 [GND]
[lib_symbol_mismatch]: Symbol 'EXB2HV102JV' doesn't match copy in library 'JLCImport'
    ; warning
    @(176.53 mm, 106.68 mm): Symbol U3403 [EXB2HV102JV]
[lib_symbol_mismatch]: Symbol 'CC0603KRX7R9BB104' doesn't match copy in library '5v rail sm-easyedapro'
    ; warning
    @(207.01 mm, 73.66 mm): Symbol C141 [CC0603KRX7R9BB104]
[lib_symbol_issues]: The symbol library 'power' was not found at '/opt/homebrew/bin/SharedSupport/symbols//power.kicad_sym'.
    ; warning
    @(207.01 mm, 78.74 mm): Symbol #PWR0173 [GND]
[lib_symbol_issues]: The symbol library 'power' was not found at '/opt/homebrew/bin/SharedSupport/symbols//power.kicad_sym'.
    ; warning
    @(107.95 mm, 97.79 mm): Symbol #PWR0167 [GND]
[lib_symbol_issues]: The symbol library 'power' was not found at '/opt/homebrew/bin/SharedSupport/symbols//power.kicad_sym'.
    ; warning
    @(121.92 mm, 97.79 mm): Symbol #PWR0168 [GND]
[lib_symbol_mismatch]: Symbol 'X1270WV-2X08B-6TV01' doesn't match copy in library 'JLCImport'
    ; warning
    @(135.89 mm, 83.82 mm): Symbol U83 [X1270WV-2X08B-6TV01]
[lib_symbol_issues]: The symbol library 'power' was not found at '/opt/homebrew/bin/SharedSupport/symbols//power.kicad_sym'.
    ; warning
    @(151.13 mm, 100.33 mm): Symbol #PWR0169 [GND]
[lib_symbol_issues]: The symbol library 'power' was not found at '/opt/homebrew/bin/SharedSupport/symbols//power.kicad_sym'.
    ; warning
    @(162.56 mm, 97.79 mm): Symbol #PWR0170 [GND]

***** Sheet /Battery System/Mikroe mikroBus Shuttle Clone1/
[pin_to_pin]: Pins of type Unspecified and Input are connected
    ; warning
    @(128.27 mm, 90.17 mm): Symbol U83 Pin 13 [13, Unspecified, Line]
    @(107.95 mm, 90.17 mm): Symbol C131 Pin 2 [2, Input, Line]
[pin_to_pin]: Pins of type Unspecified and Power input are connected
    ; warning
    @(128.27 mm, 92.71 mm): Symbol U83 Pin 15 [15, Unspecified, Line]
    @(121.92 mm, 97.79 mm): Symbol #PWR0168 Pin 1 [Power input, Line]
[pin_to_pin]: Pins of type Unspecified and Unspecified are connected
    ; warning
    @(143.51 mm, 77.47 mm): Symbol U83 Pin 4 [4, Unspecified, Line]
    @(68.58 mm, 99.06 mm): Symbol U3402 Pin 1 [1, Unspecified, Line]
[pin_to_pin]: Pins of type Unspecified and Input are connected
    ; warning
    @(143.51 mm, 85.09 mm): Symbol U83 Pin 10 [10, Unspecified, Line]
    @(562.61 mm, 45.72 mm): Symbol R120 Pin 1 [1, Input, Line]
[pin_to_pin]: Pins of type Unspecified and Input are connected
    ; warning
    @(143.51 mm, 87.63 mm): Symbol U83 Pin 12 [12, Unspecified, Line]
    @(549.91 mm, 45.72 mm): Symbol R119 Pin 1 [1, Input, Line]
[pin_to_pin]: Pins of type Unspecified and Input are connected
    ; warning
    @(143.51 mm, 90.17 mm): Symbol U83 Pin 14 [14, Unspecified, Line]
    @(162.56 mm, 90.17 mm): Symbol C133 Pin 2 [2, Input, Line]
[pin_to_pin]: Pins of type Unspecified and Power input are connected
    ; warning
    @(143.51 mm, 92.71 mm): Symbol U83 Pin 16 [16, Unspecified, Line]
    @(151.13 mm, 100.33 mm): Symbol #PWR0169 Pin 1 [Power input, Line]

***** Sheet /Battery System/IO-ExpanderSecondary/
[pin_not_driven]: Input pin not driven by any Output pins
    ; error
    @(162.56 mm, 73.66 mm): Symbol R241 Pin 1 [1, Input, Line]
[pin_not_driven]: Input pin not driven by any Output pins
    ; error
    @(189.23 mm, 73.66 mm): Symbol R242 Pin 1 [1, Input, Line]
[pin_to_pin]: Pins of type Unspecified and Input are connected
    ; warning
    @(83.82 mm, 78.74 mm): Symbol U3401 Pin 1 [1, Unspecified, Line]
    @(184.15 mm, 73.66 mm): Symbol RN2 Pin 2 [2, Input, Line]
[pin_to_pin]: Pins of type Unspecified and Input are connected
    ; warning
    @(83.82 mm, 81.28 mm): Symbol U3401 Pin 2 [2, Unspecified, Line]
    @(186.69 mm, 73.66 mm): Symbol RN2 Pin 3 [3, Input, Line]
[pin_to_pin]: Pins of type Unspecified and Input are connected
    ; warning
    @(83.82 mm, 83.82 mm): Symbol U3401 Pin 3 [3, Unspecified, Line]
    @(181.61 mm, 73.66 mm): Symbol RN2 Pin 1 [1, Input, Line]
[pin_to_pin]: Pins of type Unspecified and Input are connected
    ; warning
    @(83.82 mm, 86.36 mm): Symbol U3401 Pin 4 [4, Unspecified, Line]
    @(189.23 mm, 73.66 mm): Symbol RN2 Pin 4 [4, Input, Line]
[pin_to_pin]: Pins of type Unspecified and Input are connected
    ; warning
    @(83.82 mm, 88.90 mm): Symbol U3401 Pin 5 [5, Unspecified, Line]
    @(184.15 mm, 73.66 mm): Symbol RN2 Pin 2 [2, Input, Line]
[pin_to_pin]: Pins of type Unspecified and Input are connected
    ; warning
    @(83.82 mm, 91.44 mm): Symbol U3401 Pin 6 [6, Unspecified, Line]
    @(186.69 mm, 73.66 mm): Symbol RN2 Pin 3 [3, Input, Line]
[pin_to_pin]: Pins of type Unspecified and Input are connected
    ; warning
    @(83.82 mm, 93.98 mm): Symbol U3401 Pin 7 [7, Unspecified, Line]
    @(181.61 mm, 73.66 mm): Symbol RN2 Pin 1 [1, Input, Line]
[pin_to_pin]: Pins of type Unspecified and Input are connected
    ; warning
    @(83.82 mm, 96.52 mm): Symbol U3401 Pin 8 [8, Unspecified, Line]
    @(189.23 mm, 73.66 mm): Symbol RN2 Pin 4 [4, Input, Line]
[pin_to_pin]: Pins of type Unspecified and Passive are connected
    ; warning
    @(68.58 mm, 109.22 mm): Symbol U3402 Pin 5 [5, Unspecified, Line]
    @(325.12 mm, 77.47 mm): Symbol R2007 Pin 1 [Passive, Line]
[pin_to_pin]: Pins of type Unspecified and Unspecified are connected
    ; warning
    @(104.14 mm, 78.74 mm): Symbol U85 Pin 1 [P0_0, Unspecified, Line]
    @(99.06 mm, 78.74 mm): Symbol U3401 Pin 16 [16, Unspecified, Line]
[pin_to_pin]: Pins of type Unspecified and Passive are connected
    ; warning
    @(68.58 mm, 111.76 mm): Symbol U3402 Pin 6 [6, Unspecified, Line]
    @(58.42 mm, 16.51 mm): Symbol R74 Pin 2 [Passive, Line]
[pin_to_pin]: Pins of type Unspecified and Unspecified are connected
    ; warning
    @(104.14 mm, 81.28 mm): Symbol U85 Pin 2 [P0_1, Unspecified, Line]
    @(99.06 mm, 81.28 mm): Symbol U3401 Pin 15 [15, Unspecified, Line]
[pin_to_pin]: Pins of type Unspecified and Passive are connected
    ; warning
    @(68.58 mm, 114.30 mm): Symbol U3402 Pin 7 [7, Unspecified, Line]
    @(130.81 mm, 16.51 mm): Symbol R609 Pin 2 [Passive, Line]
[pin_to_pin]: Pins of type Unspecified and Unspecified are connected
    ; warning
    @(104.14 mm, 83.82 mm): Symbol U85 Pin 3 [P0_2, Unspecified, Line]
    @(99.06 mm, 83.82 mm): Symbol U3401 Pin 14 [14, Unspecified, Line]
[pin_to_pin]: Pins of type Unspecified and Unspecified are connected
    ; warning
    @(104.14 mm, 86.36 mm): Symbol U85 Pin 4 [P0_3, Unspecified, Line]
    @(99.06 mm, 86.36 mm): Symbol U3401 Pin 13 [13, Unspecified, Line]
[pin_to_pin]: Pins of type Unspecified and Unspecified are connected
    ; warning
    @(104.14 mm, 88.90 mm): Symbol U85 Pin 5 [P0_4, Unspecified, Line]
    @(99.06 mm, 88.90 mm): Symbol U3401 Pin 12 [12, Unspecified, Line]
[pin_to_pin]: Pins of type Unspecified and Unspecified are connected
    ; warning
    @(104.14 mm, 91.44 mm): Symbol U85 Pin 6 [P0_5, Unspecified, Line]
    @(99.06 mm, 91.44 mm): Symbol U3401 Pin 11 [11, Unspecified, Line]
[pin_to_pin]: Pins of type Unspecified and Unspecified are connected
    ; warning
    @(104.14 mm, 93.98 mm): Symbol U85 Pin 7 [P0_6, Unspecified, Line]
    @(99.06 mm, 93.98 mm): Symbol U3401 Pin 10 [10, Unspecified, Line]
[pin_to_pin]: Pins of type Unspecified and Unspecified are connected
    ; warning
    @(104.14 mm, 96.52 mm): Symbol U85 Pin 8 [P0_7, Unspecified, Line]
    @(99.06 mm, 96.52 mm): Symbol U3401 Pin 9 [9, Unspecified, Line]
[pin_to_pin]: Pins of type Unspecified and Unspecified are connected
    ; warning
    @(104.14 mm, 99.06 mm): Symbol U85 Pin 9 [P1_0, Unspecified, Line]
    @(83.82 mm, 99.06 mm): Symbol U3402 Pin 16 [16, Unspecified, Line]
[pin_to_pin]: Pins of type Unspecified and Unspecified are connected
    ; warning
    @(104.14 mm, 101.60 mm): Symbol U85 Pin 10 [P1_1, Unspecified, Line]
    @(83.82 mm, 101.60 mm): Symbol U3402 Pin 15 [15, Unspecified, Line]
[pin_to_pin]: Pins of type Unspecified and Unspecified are connected
    ; warning
    @(104.14 mm, 104.14 mm): Symbol U85 Pin 11 [P1_2, Unspecified, Line]
    @(83.82 mm, 104.14 mm): Symbol U3402 Pin 14 [14, Unspecified, Line]
[pin_to_pin]: Pins of type Unspecified and Unspecified are connected
    ; warning
    @(104.14 mm, 106.68 mm): Symbol U85 Pin 12 [P1_3, Unspecified, Line]
    @(83.82 mm, 106.68 mm): Symbol U3402 Pin 13 [13, Unspecified, Line]
[pin_to_pin]: Pins of type Unspecified and Unspecified are connected
    ; warning
    @(104.14 mm, 109.22 mm): Symbol U85 Pin 13 [P1_4, Unspecified, Line]
    @(83.82 mm, 109.22 mm): Symbol U3402 Pin 12 [12, Unspecified, Line]
[pin_to_pin]: Pins of type Unspecified and Unspecified are connected
    ; warning
    @(104.14 mm, 111.76 mm): Symbol U85 Pin 14 [P1_5, Unspecified, Line]
    @(83.82 mm, 111.76 mm): Symbol U3402 Pin 11 [11, Unspecified, Line]
[pin_to_pin]: Pins of type Unspecified and Unspecified are connected
    ; warning
    @(104.14 mm, 114.30 mm): Symbol U85 Pin 15 [P1_6, Unspecified, Line]
    @(83.82 mm, 114.30 mm): Symbol U3402 Pin 10 [10, Unspecified, Line]
[pin_to_pin]: Pins of type Unspecified and Unspecified are connected
    ; warning
    @(104.14 mm, 116.84 mm): Symbol U85 Pin 16 [P1_7, Unspecified, Line]
    @(83.82 mm, 116.84 mm): Symbol U3402 Pin 9 [9, Unspecified, Line]
[pin_to_pin]: Pins of type Unspecified and Power input are connected
    ; warning
    @(139.70 mm, 76.20 mm): Symbol U85 Pin 33 [EP, Unspecified, Line]
    @(144.78 mm, 96.52 mm): Symbol #PWR0171 Pin 1 [Power input, Line]
[pin_to_pin]: Pins of type Unspecified and Input are connected
    ; warning
    @(139.70 mm, 78.74 mm): Symbol U85 Pin 32 [INT#, Unspecified, Line]
    @(162.56 mm, 73.66 mm): Symbol R241 Pin 1 [1, Input, Line]
[pin_to_pin]: Pins of type Unspecified and Power input are connected
    ; warning
    @(139.70 mm, 81.28 mm): Symbol U85 Pin 31 [VDD(I2C-bus), Unspecified, Line]
    @(144.78 mm, 81.28 mm): Symbol #PWR03401 Pin 1 [Power input, Line]
[pin_to_pin]: Pins of type Unspecified and Passive are connected
    ; warning
    @(139.70 mm, 83.82 mm): Symbol U85 Pin 30 [SDA, Unspecified, Line]
    @(139.70 mm, 92.71 mm): Symbol USBC_SDA1 Pin 1 [A, Passive, Line]
[pin_to_pin]: Pins of type Unspecified and Passive are connected
    ; warning
    @(139.70 mm, 86.36 mm): Symbol U85 Pin 29 [SCL, Unspecified, Line]
    @(139.70 mm, 90.17 mm): Symbol USBC_SCL1 Pin 1 [A, Passive, Line]
[pin_to_pin]: Pins of type Unspecified and Input are connected
    ; warning
    @(139.70 mm, 88.90 mm): Symbol U85 Pin 28 [RESET#, Unspecified, Line]
    @(189.23 mm, 73.66 mm): Symbol R242 Pin 1 [1, Input, Line]
[pin_to_pin]: Pins of type Unspecified and Unspecified are connected
    ; warning
    @(139.70 mm, 91.44 mm): Symbol U85 Pin 27 [VDD(P), Unspecified, Line]
    @(139.70 mm, 81.28 mm): Symbol U85 Pin 31 [VDD(I2C-bus), Unspecified, Line]
[pin_to_pin]: Pins of type Unspecified and Input are connected
    ; warning
    @(139.70 mm, 93.98 mm): Symbol U85 Pin 26 [ADDR, Unspecified, Line]
    @(736.60 mm, 472.44 mm): Symbol R19 Pin 2 [2, Input, Line]
[pin_to_pin]: Pins of type Unspecified and Power input are connected
    ; warning
    @(139.70 mm, 96.52 mm): Symbol U85 Pin 25 [VSS, Unspecified, Line]
    @(144.78 mm, 96.52 mm): Symbol #PWR0171 Pin 1 [Power input, Line]
[pin_to_pin]: Pins of type Unspecified and Unspecified are connected
    ; warning
    @(139.70 mm, 99.06 mm): Symbol U85 Pin 24 [P2_7, Unspecified, Line]
    @(167.64 mm, 99.06 mm): Symbol U3403 Pin 1 [1, Unspecified, Line]
[pin_to_pin]: Pins of type Unspecified and Unspecified are connected
    ; warning
    @(139.70 mm, 101.60 mm): Symbol U85 Pin 23 [P2_6, Unspecified, Line]
    @(167.64 mm, 101.60 mm): Symbol U3403 Pin 2 [2, Unspecified, Line]
[pin_to_pin]: Pins of type Unspecified and Unspecified are connected
    ; warning
    @(139.70 mm, 104.14 mm): Symbol U85 Pin 22 [P2_5, Unspecified, Line]
    @(167.64 mm, 104.14 mm): Symbol U3403 Pin 3 [3, Unspecified, Line]
[pin_to_pin]: Pins of type Unspecified and Unspecified are connected
    ; warning
    @(139.70 mm, 106.68 mm): Symbol U85 Pin 21 [P2_4, Unspecified, Line]
    @(167.64 mm, 106.68 mm): Symbol U3403 Pin 4 [4, Unspecified, Line]
[pin_to_pin]: Pins of type Unspecified and Unspecified are connected
    ; warning
    @(139.70 mm, 109.22 mm): Symbol U85 Pin 20 [P2_3, Unspecified, Line]
    @(167.64 mm, 109.22 mm): Symbol U3403 Pin 5 [5, Unspecified, Line]
[pin_to_pin]: Pins of type Unspecified and Unspecified are connected
    ; warning
    @(139.70 mm, 111.76 mm): Symbol U85 Pin 19 [P2_2, Unspecified, Line]
    @(167.64 mm, 111.76 mm): Symbol U3403 Pin 6 [6, Unspecified, Line]
[pin_to_pin]: Pins of type Unspecified and Unspecified are connected
    ; warning
    @(139.70 mm, 114.30 mm): Symbol U85 Pin 18 [P2_1, Unspecified, Line]
    @(167.64 mm, 114.30 mm): Symbol U3403 Pin 7 [7, Unspecified, Line]
[pin_to_pin]: Pins of type Unspecified and Unspecified are connected
    ; warning
    @(139.70 mm, 116.84 mm): Symbol U85 Pin 17 [P2_0, Unspecified, Line]
    @(167.64 mm, 116.84 mm): Symbol U3403 Pin 8 [8, Unspecified, Line]
[pin_to_pin]: Pins of type Unspecified and Passive are connected
    ; warning
    @(182.88 mm, 109.22 mm): Symbol U3403 Pin 12 [12, Unspecified, Line]
    @(369.57 mm, 80.01 mm): Symbol R2008 Pin 2 [Passive, Line]
[pin_to_pin]: Pins of type Unspecified and Input are connected
    ; warning
    @(207.01 mm, 68.58 mm): Symbol C141 Pin 2 [2, Unspecified, Line]
    @(189.23 mm, 63.50 mm): Symbol R242 Pin 2 [2, Input, Line]
[pin_to_pin]: Pins of type Unspecified and Power input are connected
    ; warning
    @(207.01 mm, 78.74 mm): Symbol C141 Pin 1 [1, Unspecified, Line]
    @(207.01 mm, 78.74 mm): Symbol #PWR0173 Pin 1 [Power input, Line]

***** Sheet /Battery System/JST-VH-12V-PIN/
[pin_to_pin]: Pins of type Unspecified and Input are connected
    ; warning
    @(102.87 mm, 95.25 mm): Symbol U42 Pin 1 [1, Unspecified, Line]
    @(152.40 mm, 91.44 mm): Symbol D14 Pin 1 [K, Input, Line]
[pin_to_pin]: Pins of type Unspecified and Input are connected
    ; warning
    @(102.87 mm, 97.79 mm): Symbol U42 Pin 2 [2, Unspecified, Line]
    @(152.40 mm, 101.60 mm): Symbol D14 Pin 2 [A, Input, Line]
[pin_to_pin]: Pins of type Unspecified and Unspecified are connected
    ; warning
    @(128.27 mm, 91.44 mm): Symbol C46 Pin 2 [2, Unspecified, Line]
    @(139.70 mm, 91.44 mm): Symbol C47 Pin 2 [2, Unspecified, Line]
[pin_to_pin]: Pins of type Unspecified and Unspecified are connected
    ; warning
    @(128.27 mm, 101.60 mm): Symbol C46 Pin 1 [1, Unspecified, Line]
    @(139.70 mm, 101.60 mm): Symbol C47 Pin 1 [1, Unspecified, Line]
[pin_to_pin]: Pins of type Unspecified and Input are connected
    ; warning
    @(139.70 mm, 91.44 mm): Symbol C47 Pin 2 [2, Unspecified, Line]
    @(152.40 mm, 91.44 mm): Symbol D14 Pin 1 [K, Input, Line]
[pin_to_pin]: Pins of type Unspecified and Input are connected
    ; warning
    @(139.70 mm, 101.60 mm): Symbol C47 Pin 1 [1, Unspecified, Line]
    @(152.40 mm, 101.60 mm): Symbol D14 Pin 2 [A, Input, Line]
[pin_to_pin]: Pins of type Unspecified and Input are connected
    ; warning
    @(154.94 mm, 91.44 mm): Symbol R104 Pin 2 [2, Unspecified, Line]
    @(152.40 mm, 91.44 mm): Symbol D14 Pin 1 [K, Input, Line]
[pin_to_pin]: Pins of type Unspecified and Unspecified are connected
    ; warning
    @(165.10 mm, 91.44 mm): Symbol R104 Pin 1 [1, Unspecified, Line]
    @(149.86 mm, 46.99 mm): Symbol U1801 Pin 5 [OUT, Unspecified, Line]

***** Sheet /Battery System/JST-VH-12V-PIN2/
[pin_to_pin]: Pins of type Unspecified and Input are connected
    ; warning
    @(102.87 mm, 95.25 mm): Symbol U42 Pin 1 [1, Unspecified, Line]
    @(152.40 mm, 91.44 mm): Symbol D14 Pin 1 [K, Input, Line]
[pin_to_pin]: Pins of type Unspecified and Input are connected
    ; warning
    @(102.87 mm, 97.79 mm): Symbol U42 Pin 2 [2, Unspecified, Line]
    @(152.40 mm, 101.60 mm): Symbol D14 Pin 2 [A, Input, Line]
[pin_to_pin]: Pins of type Unspecified and Unspecified are connected
    ; warning
    @(128.27 mm, 91.44 mm): Symbol C46 Pin 2 [2, Unspecified, Line]
    @(139.70 mm, 91.44 mm): Symbol C47 Pin 2 [2, Unspecified, Line]
[pin_to_pin]: Pins of type Unspecified and Unspecified are connected
    ; warning
    @(128.27 mm, 101.60 mm): Symbol C46 Pin 1 [1, Unspecified, Line]
    @(139.70 mm, 101.60 mm): Symbol C47 Pin 1 [1, Unspecified, Line]
[pin_to_pin]: Pins of type Unspecified and Input are connected
    ; warning
    @(139.70 mm, 91.44 mm): Symbol C47 Pin 2 [2, Unspecified, Line]
    @(152.40 mm, 91.44 mm): Symbol D14 Pin 1 [K, Input, Line]
[pin_to_pin]: Pins of type Unspecified and Input are connected
    ; warning
    @(139.70 mm, 101.60 mm): Symbol C47 Pin 1 [1, Unspecified, Line]
    @(152.40 mm, 101.60 mm): Symbol D14 Pin 2 [A, Input, Line]
[pin_to_pin]: Pins of type Unspecified and Input are connected
    ; warning
    @(154.94 mm, 91.44 mm): Symbol R104 Pin 2 [2, Unspecified, Line]
    @(152.40 mm, 91.44 mm): Symbol D14 Pin 1 [K, Input, Line]
[pin_to_pin]: Pins of type Unspecified and Unspecified are connected
    ; warning
    @(165.10 mm, 91.44 mm): Symbol R104 Pin 1 [1, Unspecified, Line]
    @(149.86 mm, 46.99 mm): Symbol U1801 Pin 5 [OUT, Unspecified, Line]

***** Sheet /Battery System/Charger Buck Stage/
[pin_not_driven]: Input pin not driven by any Output pins
    ; error
    @(73.66 mm, 17.78 mm): Symbol R77 Pin 1 [1, Input, Line]
[pin_not_driven]: Input pin not driven by any Output pins
    ; error
    @(121.92 mm, 17.78 mm): Symbol R79 Pin 1 [1, Input, Line]
[pin_to_pin]: Pins of type Unspecified and Input are connected
    ; warning
    @(3.81 mm, 76.20 mm): Symbol C602 Pin 1 [1, Unspecified, Line]
    @(16.51 mm, 76.20 mm): Symbol C20 Pin 2 [2, Input, Line]
[pin_to_pin]: Pins of type Unspecified and Input are connected
    ; warning
    @(73.66 mm, 25.40 mm): Symbol LED6 Pin 2 [A, Unspecified, Line]
    @(73.66 mm, 17.78 mm): Symbol R77 Pin 1 [1, Input, Line]
[pin_to_pin]: Pins of type Unspecified and Passive are connected
    ; warning
    @(73.66 mm, 35.56 mm): Symbol LED6 Pin 1 [K, Unspecified, Line]
    @(58.42 mm, 16.51 mm): Symbol R74 Pin 2 [Passive, Line]
[pin_to_pin]: Pins of type Unspecified and Input are connected
    ; warning
    @(3.81 mm, 86.36 mm): Symbol C602 Pin 2 [2, Unspecified, Line]
    @(16.51 mm, 86.36 mm): Symbol C20 Pin 1 [1, Input, Line]
[pin_to_pin]: Pins of type Unspecified and Input are connected
    ; warning
    @(41.91 mm, 76.20 mm): Symbol C23 Pin 2 [2, Unspecified, Line]
    @(29.21 mm, 76.20 mm): Symbol C21 Pin 2 [2, Input, Line]
[pin_to_pin]: Pins of type Unspecified and Input are connected
    ; warning
    @(41.91 mm, 86.36 mm): Symbol C23 Pin 1 [1, Unspecified, Line]
    @(29.21 mm, 86.36 mm): Symbol C21 Pin 1 [1, Input, Line]
[pin_to_pin]: Pins of type Unspecified and Input are connected
    ; warning
    @(121.92 mm, 25.40 mm): Symbol LED7 Pin 2 [+, Unspecified, Line]
    @(121.92 mm, 17.78 mm): Symbol R79 Pin 1 [1, Input, Line]
[pin_to_pin]: Pins of type Unspecified and Passive are connected
    ; warning
    @(121.92 mm, 35.56 mm): Symbol LED7 Pin 1 [-, Unspecified, Line]
    @(130.81 mm, 16.51 mm): Symbol R609 Pin 2 [Passive, Line]
[pin_to_pin]: Pins of type Unspecified and Unspecified are connected
    ; warning
    @(140.97 mm, 69.85 mm): Symbol Q602 Pin 2 [S, Unspecified, Line]
    @(140.97 mm, 74.93 mm): Symbol Q602 Pin 3 [S, Unspecified, Line]
[pin_to_pin]: Pins of type Unspecified and Unspecified are connected
    ; warning
    @(140.97 mm, 72.39 mm): Symbol Q602 Pin 1 [S, Unspecified, Line]
    @(140.97 mm, 69.85 mm): Symbol Q602 Pin 2 [S, Unspecified, Line]
[pin_to_pin]: Pins of type Unspecified and Passive are connected
    ; warning
    @(140.97 mm, 74.93 mm): Symbol Q602 Pin 3 [S, Unspecified, Line]
    @(128.27 mm, 92.71 mm): Symbol C606 Pin 1 [Passive, Line]
[pin_to_pin]: Pins of type Unspecified and Passive are connected
    ; warning
    @(102.87 mm, 127.00 mm): Symbol Q1 Pin 1 [G, Unspecified, Line]
    @(99.06 mm, 132.08 mm): Symbol R604 Pin 1 [Passive, Line]
[pin_to_pin]: Pins of type Unspecified and Passive are connected
    ; warning
    @(110.49 mm, 121.92 mm): Symbol Q1 Pin 3 [D, Unspecified, Line]
    @(134.62 mm, 125.73 mm): Symbol R603 Pin 1 [Passive, Line]
[pin_to_pin]: Pins of type Unspecified and Unspecified are connected
    ; warning
    @(148.59 mm, 80.01 mm): Symbol Q602 Pin 4 [G, Unspecified, Line]
    @(193.04 mm, 101.60 mm): Symbol U30 Pin 16 [DRV, Unspecified, Line]
[pin_to_pin]: Pins of type Unspecified and Unspecified are connected
    ; warning
    @(156.21 mm, 69.85 mm): Symbol Q602 Pin 6 [D, Unspecified, Line]
    @(156.21 mm, 67.31 mm): Symbol Q602 Pin 8 [D, Unspecified, Line]
[pin_to_pin]: Pins of type Unspecified and Unspecified are connected
    ; warning
    @(156.21 mm, 72.39 mm): Symbol Q602 Pin 5 [D, Unspecified, Line]
    @(156.21 mm, 69.85 mm): Symbol Q602 Pin 6 [D, Unspecified, Line]
[pin_to_pin]: Pins of type Unspecified and Passive are connected
    ; warning
    @(110.49 mm, 132.08 mm): Symbol Q1 Pin 2 [S, Unspecified, Line]
    @(99.06 mm, 139.70 mm): Symbol R604 Pin 2 [Passive, Line]
[pin_to_pin]: Pins of type Unspecified and Unspecified are connected
    ; warning
    @(156.21 mm, 74.93 mm): Symbol Q602 Pin 7 [D, Unspecified, Line]
    @(156.21 mm, 67.31 mm): Symbol Q602 Pin 8 [D, Unspecified, Line]
[pin_to_pin]: Pins of type Unspecified and Unspecified are connected
    ; warning
    @(184.15 mm, 72.39 mm): Symbol D11 Pin 1 [1, Unspecified, Line]
    @(184.15 mm, 77.47 mm): Symbol D11 Pin 2 [2, Unspecified, Line]
[pin_to_pin]: Pins of type Unspecified and Passive are connected
    ; warning
    @(170.18 mm, 101.60 mm): Symbol U30 Pin 1 [VG, Unspecified, Line]
    @(128.27 mm, 100.33 mm): Symbol C606 Pin 2 [Passive, Line]
[pin_to_pin]: Pins of type Unspecified and Unspecified are connected
    ; warning
    @(170.18 mm, 104.14 mm): Symbol U30 Pin 2 [PGND, Unspecified, Line]
    @(170.18 mm, 106.68 mm): Symbol U30 Pin 3 [GND, Unspecified, Line]
[pin_to_pin]: Pins of type Unspecified and Unspecified are connected
    ; warning
    @(184.15 mm, 77.47 mm): Symbol D11 Pin 2 [2, Unspecified, Line]
    @(156.21 mm, 74.93 mm): Symbol Q602 Pin 7 [D, Unspecified, Line]
[pin_to_pin]: Pins of type Unspecified and Passive are connected
    ; warning
    @(170.18 mm, 106.68 mm): Symbol U30 Pin 3 [GND, Unspecified, Line]
    @(167.64 mm, 134.62 mm): Symbol C603 Pin 2 [Passive, Line]
[pin_to_pin]: Pins of type Unspecified and Passive are connected
    ; warning
    @(170.18 mm, 109.22 mm): Symbol U30 Pin 4 [CHRG#, Unspecified, Line]
    @(130.81 mm, 16.51 mm): Symbol R609 Pin 2 [Passive, Line]
[pin_to_pin]: Pins of type Unspecified and Passive are connected
    ; warning
    @(170.18 mm, 111.76 mm): Symbol U30 Pin 5 [DONE#, Unspecified, Line]
    @(58.42 mm, 16.51 mm): Symbol R74 Pin 2 [Passive, Line]
[pin_to_pin]: Pins of type Unspecified and Passive are connected
    ; warning
    @(170.18 mm, 114.30 mm): Symbol U30 Pin 6 [TEMP, Unspecified, Line]
    @(134.62 mm, 125.73 mm): Symbol R603 Pin 1 [Passive, Line]
[pin_to_pin]: Pins of type Unspecified and Passive are connected
    ; warning
    @(170.18 mm, 116.84 mm): Symbol U30 Pin 7 [MPPT, Unspecified, Line]
    @(60.96 mm, 101.60 mm): Symbol R606 Pin 2 [Passive, Line]
[pin_to_pin]: Pins of type Unspecified and Passive are connected
    ; warning
    @(170.18 mm, 119.38 mm): Symbol U30 Pin 8 [COM1, Unspecified, Line]
    @(167.64 mm, 127.00 mm): Symbol C603 Pin 1 [Passive, Line]
[pin_to_pin]: Pins of type Unspecified and Unspecified are connected
    ; warning
    @(199.39 mm, 74.93 mm): Symbol D11 Pin 3 [3, Unspecified, Line]
    @(217.17 mm, 78.74 mm): Symbol D12 Pin 3 [3, Unspecified, Line]
[pin_to_pin]: Pins of type Unspecified and Passive are connected
    ; warning
    @(193.04 mm, 104.14 mm): Symbol U30 Pin 15 [VCC, Unspecified, Line]
    @(199.39 mm, 95.25 mm): Symbol C608 Pin 1 [Passive, Line]
[pin_to_pin]: Pins of type Unspecified and Passive are connected
    ; warning
    @(193.04 mm, 106.68 mm): Symbol U30 Pin 14 [BAT, Unspecified, Line]
    @(278.13 mm, 91.44 mm): Symbol NT602 Pin 1 [1, Passive, Line]
[pin_to_pin]: Pins of type Unspecified and Unspecified are connected
    ; warning
    @(193.04 mm, 109.22 mm): Symbol U30 Pin 13 [CSP, Unspecified, Line]
    @(237.49 mm, 74.93 mm): Symbol U31 Pin 2 [2, Unspecified, Line]
[pin_to_pin]: Pins of type Unspecified and Passive are connected
    ; warning
    @(193.04 mm, 114.30 mm): Symbol U30 Pin 11 [COM3, Unspecified, Line]
    @(212.09 mm, 127.00 mm): Symbol C605 Pin 1 [Passive, Line]
[pin_to_pin]: Pins of type Unspecified and Passive are connected
    ; warning
    @(193.04 mm, 116.84 mm): Symbol U30 Pin 10 [FB, Unspecified, Line]
    @(265.43 mm, 115.57 mm): Symbol R607 Pin 2 [Passive, Line]
[pin_to_pin]: Pins of type Unspecified and Passive are connected
    ; warning
    @(193.04 mm, 119.38 mm): Symbol U30 Pin 9 [COM2, Unspecified, Line]
    @(198.12 mm, 120.65 mm): Symbol R602 Pin 1 [Passive, Line]
[pin_to_pin]: Pins of type Unspecified and Unspecified are connected
    ; warning
    @(217.17 mm, 78.74 mm): Symbol D12 Pin 3 [3, Unspecified, Line]
    @(227.33 mm, 74.93 mm): Symbol U31 Pin 1 [1, Unspecified, Line]
[pin_to_pin]: Pins of type Unspecified and Power input are connected
    ; warning
    @(214.63 mm, 93.98 mm): Symbol D12 Pin 1 [1, Unspecified, Line]
    @(217.17 mm, 97.79 mm): Symbol #PWR081 Pin 1 [Power input, Line]
[pin_to_pin]: Pins of type Unspecified and Power input are connected
    ; warning
    @(219.71 mm, 93.98 mm): Symbol D12 Pin 2 [2, Unspecified, Line]
    @(217.17 mm, 97.79 mm): Symbol #PWR081 Pin 1 [Power input, Line]
[pin_to_pin]: Pins of type Unspecified and Unspecified are connected
    ; warning
    @(259.08 mm, 74.93 mm): Symbol R86 Pin 1 [1, Unspecified, Line]
    @(259.08 mm, 83.82 mm): Symbol R87 Pin 1 [1, Unspecified, Line]
[pin_to_pin]: Pins of type Unspecified and Unspecified are connected
    ; warning
    @(259.08 mm, 83.82 mm): Symbol R87 Pin 1 [1, Unspecified, Line]
    @(237.49 mm, 74.93 mm): Symbol U31 Pin 2 [2, Unspecified, Line]
[pin_to_pin]: Pins of type Unspecified and Unspecified are connected
    ; warning
    @(269.24 mm, 74.93 mm): Symbol R86 Pin 2 [2, Unspecified, Line]
    @(269.24 mm, 83.82 mm): Symbol R87 Pin 2 [2, Unspecified, Line]
[pin_to_pin]: Pins of type Unspecified and Passive are connected
    ; warning
    @(269.24 mm, 83.82 mm): Symbol R87 Pin 2 [2, Unspecified, Line]
    @(278.13 mm, 86.36 mm): Symbol NT602 Pin 2 [2, Passive, Line]

***** Sheet /Battery System/Ideal_Diode_OR_CHARGING_PORT/
[pin_to_pin]: Pins of type Unspecified and Input are connected
    ; warning
    @(88.90 mm, 50.80 mm): Symbol C1803 Pin 2 [2, Unspecified, Line]
    @(101.60 mm, 52.07 mm): Symbol C1801 Pin 2 [2, Input, Line]
[pin_to_pin]: Pins of type Unspecified and Input are connected
    ; warning
    @(88.90 mm, 60.96 mm): Symbol C1803 Pin 1 [1, Unspecified, Line]
    @(101.60 mm, 59.69 mm): Symbol C1801 Pin 1 [1, Input, Line]
[pin_to_pin]: Pins of type Unspecified and Unspecified are connected
    ; warning
    @(132.08 mm, 46.99 mm): Symbol U1801 Pin 1 [IN, Unspecified, Line]
    @(132.08 mm, 49.53 mm): Symbol U1801 Pin 2 [IN, Unspecified, Line]
[pin_to_pin]: Pins of type Unspecified and Unspecified are connected
    ; warning
    @(132.08 mm, 49.53 mm): Symbol U1801 Pin 2 [IN, Unspecified, Line]
    @(132.08 mm, 52.07 mm): Symbol U1801 Pin 3 [IN, Unspecified, Line]
[pin_to_pin]: Pins of type Unspecified and Input are connected
    ; warning
    @(132.08 mm, 52.07 mm): Symbol U1801 Pin 3 [IN, Unspecified, Line]
    @(101.60 mm, 52.07 mm): Symbol C1801 Pin 2 [2, Input, Line]
[pin_to_pin]: Pins of type Unspecified and Power input are connected
    ; warning
    @(132.08 mm, 54.61 mm): Symbol U1801 Pin 4 [GND, Unspecified, Line]
    @(128.27 mm, 72.39 mm): Symbol #PWR01801 Pin 1 [Power input, Line]
[pin_to_pin]: Pins of type Unspecified and Input are connected
    ; warning
    @(149.86 mm, 46.99 mm): Symbol U1801 Pin 5 [OUT, Unspecified, Line]
    @(154.94 mm, 52.07 mm): Symbol C1802 Pin 2 [2, Input, Line]
[pin_to_pin]: Pins of type Unspecified and Input are connected
    ; warning
    @(166.37 mm, 50.80 mm): Symbol C1804 Pin 2 [2, Unspecified, Line]
    @(154.94 mm, 52.07 mm): Symbol C1802 Pin 2 [2, Input, Line]
[pin_to_pin]: Pins of type Unspecified and Input are connected
    ; warning
    @(166.37 mm, 60.96 mm): Symbol C1804 Pin 1 [1, Unspecified, Line]
    @(154.94 mm, 59.69 mm): Symbol C1802 Pin 1 [1, Input, Line]

***** Sheet /Battery System/Ideal_Diode_OR_DC_PORT/
[pin_to_pin]: Pins of type Unspecified and Input are connected
    ; warning
    @(88.90 mm, 50.80 mm): Symbol C1803 Pin 2 [2, Unspecified, Line]
    @(101.60 mm, 52.07 mm): Symbol C1801 Pin 2 [2, Input, Line]
[pin_to_pin]: Pins of type Unspecified and Input are connected
    ; warning
    @(88.90 mm, 60.96 mm): Symbol C1803 Pin 1 [1, Unspecified, Line]
    @(101.60 mm, 59.69 mm): Symbol C1801 Pin 1 [1, Input, Line]
[pin_to_pin]: Pins of type Unspecified and Unspecified are connected
    ; warning
    @(132.08 mm, 46.99 mm): Symbol U1801 Pin 1 [IN, Unspecified, Line]
    @(132.08 mm, 49.53 mm): Symbol U1801 Pin 2 [IN, Unspecified, Line]
[pin_to_pin]: Pins of type Unspecified and Unspecified are connected
    ; warning
    @(132.08 mm, 49.53 mm): Symbol U1801 Pin 2 [IN, Unspecified, Line]
    @(132.08 mm, 52.07 mm): Symbol U1801 Pin 3 [IN, Unspecified, Line]
[pin_to_pin]: Pins of type Unspecified and Input are connected
    ; warning
    @(132.08 mm, 52.07 mm): Symbol U1801 Pin 3 [IN, Unspecified, Line]
    @(101.60 mm, 52.07 mm): Symbol C1801 Pin 2 [2, Input, Line]
[pin_to_pin]: Pins of type Unspecified and Power input are connected
    ; warning
    @(132.08 mm, 54.61 mm): Symbol U1801 Pin 4 [GND, Unspecified, Line]
    @(128.27 mm, 72.39 mm): Symbol #PWR01801 Pin 1 [Power input, Line]
[pin_to_pin]: Pins of type Unspecified and Input are connected
    ; warning
    @(149.86 mm, 46.99 mm): Symbol U1801 Pin 5 [OUT, Unspecified, Line]
    @(154.94 mm, 52.07 mm): Symbol C1802 Pin 2 [2, Input, Line]
[pin_to_pin]: Pins of type Unspecified and Input are connected
    ; warning
    @(166.37 mm, 50.80 mm): Symbol C1804 Pin 2 [2, Unspecified, Line]
    @(154.94 mm, 52.07 mm): Symbol C1802 Pin 2 [2, Input, Line]
[pin_to_pin]: Pins of type Unspecified and Input are connected
    ; warning
    @(166.37 mm, 60.96 mm): Symbol C1804 Pin 1 [1, Unspecified, Line]
    @(154.94 mm, 59.69 mm): Symbol C1802 Pin 1 [1, Input, Line]

***** Sheet /Battery System/Ideal_Diode_OR_PACK+_VCC/
[similar_labels]: Labels are similar (lower/upper case difference only)
    ; warning
    @(83.82 mm, 46.99 mm): Hierarchical Label 'IN'
    @(128.27 mm, 102.87 mm): Hierarchical Label 'in'
[pin_to_pin]: Pins of type Unspecified and Input are connected
    ; warning
    @(88.90 mm, 50.80 mm): Symbol C1803 Pin 2 [2, Unspecified, Line]
    @(101.60 mm, 52.07 mm): Symbol C1801 Pin 2 [2, Input, Line]
[pin_to_pin]: Pins of type Unspecified and Input are connected
    ; warning
    @(88.90 mm, 60.96 mm): Symbol C1803 Pin 1 [1, Unspecified, Line]
    @(101.60 mm, 59.69 mm): Symbol C1801 Pin 1 [1, Input, Line]
[pin_to_pin]: Pins of type Unspecified and Unspecified are connected
    ; warning
    @(132.08 mm, 46.99 mm): Symbol U1801 Pin 1 [IN, Unspecified, Line]
    @(132.08 mm, 49.53 mm): Symbol U1801 Pin 2 [IN, Unspecified, Line]
[pin_to_pin]: Pins of type Unspecified and Unspecified are connected
    ; warning
    @(132.08 mm, 49.53 mm): Symbol U1801 Pin 2 [IN, Unspecified, Line]
    @(132.08 mm, 52.07 mm): Symbol U1801 Pin 3 [IN, Unspecified, Line]
[pin_to_pin]: Pins of type Unspecified and Input are connected
    ; warning
    @(132.08 mm, 52.07 mm): Symbol U1801 Pin 3 [IN, Unspecified, Line]
    @(101.60 mm, 52.07 mm): Symbol C1801 Pin 2 [2, Input, Line]
[pin_to_pin]: Pins of type Unspecified and Power input are connected
    ; warning
    @(132.08 mm, 54.61 mm): Symbol U1801 Pin 4 [GND, Unspecified, Line]
    @(128.27 mm, 72.39 mm): Symbol #PWR01801 Pin 1 [Power input, Line]
[pin_to_pin]: Pins of type Unspecified and Input are connected
    ; warning
    @(149.86 mm, 46.99 mm): Symbol U1801 Pin 5 [OUT, Unspecified, Line]
    @(154.94 mm, 52.07 mm): Symbol C1802 Pin 2 [2, Input, Line]
[pin_to_pin]: Pins of type Unspecified and Input are connected
    ; warning
    @(166.37 mm, 50.80 mm): Symbol C1804 Pin 2 [2, Unspecified, Line]
    @(154.94 mm, 52.07 mm): Symbol C1802 Pin 2 [2, Input, Line]
[pin_to_pin]: Pins of type Unspecified and Input are connected
    ; warning
    @(166.37 mm, 60.96 mm): Symbol C1804 Pin 1 [1, Unspecified, Line]
    @(154.94 mm, 59.69 mm): Symbol C1802 Pin 1 [1, Input, Line]

***** Sheet /Battery System/CUR1/
[pin_not_driven]: Input pin not driven by any Output pins
    ; error
    @(181.61 mm, 73.66 mm): Symbol RN2 Pin 1 [1, Input, Line]
[pin_not_driven]: Input pin not driven by any Output pins
    ; error
    @(184.15 mm, 73.66 mm): Symbol RN2 Pin 2 [2, Input, Line]
[pin_not_driven]: Input pin not driven by any Output pins
    ; error
    @(186.69 mm, 73.66 mm): Symbol RN2 Pin 3 [3, Input, Line]
[pin_not_driven]: Input pin not driven by any Output pins
    ; error
    @(147.32 mm, 138.43 mm): Symbol R162 Pin 1 [1, Input, Line]
[pin_not_driven]: Input pin not driven by any Output pins
    ; error
    @(189.23 mm, 73.66 mm): Symbol RN2 Pin 4 [4, Input, Line]
[pin_to_pin]: Pins of type Unspecified and Unspecified are connected
    ; warning
    @(46.99 mm, 121.92 mm): Symbol C102 Pin 2 [2, Unspecified, Line]
    @(63.50 mm, 121.92 mm): Symbol C103 Pin 2 [2, Unspecified, Line]
[pin_to_pin]: Pins of type Unspecified and Power input are connected
    ; warning
    @(63.50 mm, 121.92 mm): Symbol C103 Pin 2 [2, Unspecified, Line]
    @(46.99 mm, 95.25 mm): Symbol #PWR0153 Pin 1 [Power input, Line]
[pin_to_pin]: Pins of type Unspecified and Unspecified are connected
    ; warning
    @(46.99 mm, 132.08 mm): Symbol C102 Pin 1 [1, Unspecified, Line]
    @(63.50 mm, 132.08 mm): Symbol C103 Pin 1 [1, Unspecified, Line]
[pin_to_pin]: Pins of type Unspecified and Power input are connected
    ; warning
    @(63.50 mm, 132.08 mm): Symbol C103 Pin 1 [1, Unspecified, Line]
    @(63.50 mm, 142.24 mm): Symbol #PWR0154 Pin 1 [Power input, Line]
[pin_to_pin]: Pins of type Unspecified and Passive are connected
    ; warning
    @(133.35 mm, 109.22 mm): Symbol CUR_2 Pin 1 [IN-3, Unspecified, Line]
    @(114.30 mm, 101.60 mm): Symbol C2801 Pin 1 [Passive, Line]
[pin_to_pin]: Pins of type Unspecified and Passive are connected
    ; warning
    @(133.35 mm, 111.76 mm): Symbol CUR_2 Pin 2 [IN+3, Unspecified, Line]
    @(114.30 mm, 109.22 mm): Symbol C2801 Pin 2 [Passive, Line]
[pin_to_pin]: Pins of type Unspecified and Input are connected
    ; warning
    @(133.35 mm, 114.30 mm): Symbol CUR_2 Pin 3 [GND, Unspecified, Line]
    @(137.16 mm, 138.43 mm): Symbol R162 Pin 2 [2, Input, Line]
[pin_to_pin]: Pins of type Unspecified and Unspecified are connected
    ; warning
    @(133.35 mm, 116.84 mm): Symbol CUR_2 Pin 4 [VS, Unspecified, Line]
    @(152.40 mm, 93.98 mm): Symbol CUR_2 Pin 16 [VPU, Unspecified, Line]
[pin_to_pin]: Pins of type Unspecified and Input are connected
    ; warning
    @(152.40 mm, 93.98 mm): Symbol CUR_2 Pin 16 [VPU, Unspecified, Line]
    @(181.61 mm, 55.88 mm): Symbol RN2 Pin 8 [8, Input, Line]
[pin_to_pin]: Pins of type Unspecified and Passive are connected
    ; warning
    @(154.94 mm, 93.98 mm): Symbol CUR_2 Pin 15 [IN+2, Unspecified, Line]
    @(157.48 mm, 80.01 mm): Symbol C2802 Pin 1 [Passive, Line]
[pin_to_pin]: Pins of type Unspecified and Passive are connected
    ; warning
    @(157.48 mm, 93.98 mm): Symbol CUR_2 Pin 14 [IN-2, Unspecified, Line]
    @(165.10 mm, 80.01 mm): Symbol C2802 Pin 2 [Passive, Line]
[pin_to_pin]: Pins of type Unspecified and Input are connected
    ; warning
    @(160.02 mm, 93.98 mm): Symbol CUR_2 Pin 13 [TC, Unspecified, Line]
    @(189.23 mm, 73.66 mm): Symbol RN2 Pin 4 [4, Input, Line]
[pin_to_pin]: Pins of type Unspecified and Input are connected
    ; warning
    @(152.40 mm, 132.08 mm): Symbol CUR_2 Pin 5 [A0, Unspecified, Line]
    @(147.32 mm, 138.43 mm): Symbol R162 Pin 1 [1, Input, Line]
[pin_to_pin]: Pins of type Unspecified and Unspecified are connected
    ; warning
    @(154.94 mm, 132.08 mm): Symbol CUR_2 Pin 6 [SCL, Unspecified, Line]
    @(157.48 mm, 132.08 mm): Symbol CUR_2 Pin 7 [SDA, Unspecified, Line]
[pin_to_pin]: Pins of type Unspecified and Passive are connected
    ; warning
    @(157.48 mm, 132.08 mm): Symbol CUR_2 Pin 7 [SDA, Unspecified, Line]
    @(139.70 mm, 92.71 mm): Symbol USBC_SDA1 Pin 1 [A, Passive, Line]
[pin_to_pin]: Pins of type Unspecified and Input are connected
    ; warning
    @(160.02 mm, 132.08 mm): Symbol CUR_2 Pin 8 [WARNING, Unspecified, Line]
    @(186.69 mm, 73.66 mm): Symbol RN2 Pin 3 [3, Input, Line]
[pin_to_pin]: Pins of type Unspecified and Passive are connected
    ; warning
    @(179.07 mm, 109.22 mm): Symbol CUR_2 Pin 12 [IN+1, Unspecified, Line]
    @(224.79 mm, 101.60 mm): Symbol C2803 Pin 2 [Passive, Line]
[pin_to_pin]: Pins of type Unspecified and Passive are connected
    ; warning
    @(179.07 mm, 111.76 mm): Symbol CUR_2 Pin 11 [IN-1, Unspecified, Line]
    @(224.79 mm, 109.22 mm): Symbol C2803 Pin 1 [Passive, Line]
[pin_to_pin]: Pins of type Unspecified and Input are connected
    ; warning
    @(179.07 mm, 114.30 mm): Symbol CUR_2 Pin 10 [PV, Unspecified, Line]
    @(181.61 mm, 73.66 mm): Symbol RN2 Pin 1 [1, Input, Line]
[pin_to_pin]: Pins of type Unspecified and Input are connected
    ; warning
    @(179.07 mm, 116.84 mm): Symbol CUR_2 Pin 9 [CRITICAL, Unspecified, Line]
    @(184.15 mm, 73.66 mm): Symbol RN2 Pin 2 [2, Input, Line]

***** Sheet /Battery System/JST-VH-12V-PIN1/
[pin_to_pin]: Pins of type Unspecified and Input are connected
    ; warning
    @(102.87 mm, 95.25 mm): Symbol U42 Pin 1 [1, Unspecified, Line]
    @(152.40 mm, 91.44 mm): Symbol D14 Pin 1 [K, Input, Line]
[pin_to_pin]: Pins of type Unspecified and Input are connected
    ; warning
    @(102.87 mm, 97.79 mm): Symbol U42 Pin 2 [2, Unspecified, Line]
    @(152.40 mm, 101.60 mm): Symbol D14 Pin 2 [A, Input, Line]
[pin_to_pin]: Pins of type Unspecified and Unspecified are connected
    ; warning
    @(128.27 mm, 91.44 mm): Symbol C46 Pin 2 [2, Unspecified, Line]
    @(139.70 mm, 91.44 mm): Symbol C47 Pin 2 [2, Unspecified, Line]
[pin_to_pin]: Pins of type Unspecified and Unspecified are connected
    ; warning
    @(128.27 mm, 101.60 mm): Symbol C46 Pin 1 [1, Unspecified, Line]
    @(139.70 mm, 101.60 mm): Symbol C47 Pin 1 [1, Unspecified, Line]
[pin_to_pin]: Pins of type Unspecified and Input are connected
    ; warning
    @(139.70 mm, 91.44 mm): Symbol C47 Pin 2 [2, Unspecified, Line]
    @(152.40 mm, 91.44 mm): Symbol D14 Pin 1 [K, Input, Line]
[pin_to_pin]: Pins of type Unspecified and Input are connected
    ; warning
    @(139.70 mm, 101.60 mm): Symbol C47 Pin 1 [1, Unspecified, Line]
    @(152.40 mm, 101.60 mm): Symbol D14 Pin 2 [A, Input, Line]
[pin_to_pin]: Pins of type Unspecified and Input are connected
    ; warning
    @(154.94 mm, 91.44 mm): Symbol R104 Pin 2 [2, Unspecified, Line]
    @(152.40 mm, 91.44 mm): Symbol D14 Pin 1 [K, Input, Line]
[multiple_net_names]: Both 12V and OUT+ are attached to the same items; 12V will be used in the netlist
    ; warning
    @(177.80 mm, 83.82 mm): Hierarchical Label '12V'
    @(167.64 mm, 71.12 mm): Hierarchical Label 'OUT+'
[pin_to_pin]: Pins of type Unspecified and Unspecified are connected
    ; warning
    @(165.10 mm, 91.44 mm): Symbol R104 Pin 1 [1, Unspecified, Line]
    @(149.86 mm, 46.99 mm): Symbol U1801 Pin 5 [OUT, Unspecified, Line]

***** Sheet /Battery System/12v_LTM8055_BUCK/
[pin_not_driven]: Input pin not driven by any Output pins
    ; error
    @(160.02 mm, 78.74 mm): Symbol U47 Pin L3 [IINMON, Input, Line]
[pin_to_pin]: Pins of type Unspecified and Passive are connected
    ; warning
    @(6.35 mm, 66.04 mm): Symbol R1404 Pin 1 [1, Unspecified, Line]
    @(121.92 mm, 71.12 mm): Symbol NT1401 Pin 1 [1, Passive, Line]
[pin_to_pin]: Pins of type Unspecified and Passive are connected
    ; warning
    @(16.51 mm, 66.04 mm): Symbol R1404 Pin 2 [2, Unspecified, Line]
    @(144.78 mm, 68.58 mm): Symbol JP1401 Pin 1 [A, Passive, Line]
[pin_to_pin]: Pins of type Unspecified and Unspecified are connected
    ; warning
    @(21.59 mm, 87.63 mm): Symbol C1402 Pin 1 [1, Unspecified, Line]
    @(30.48 mm, 87.63 mm): Symbol C1403 Pin 2 [2, Unspecified, Line]
[pin_to_pin]: Pins of type Unspecified and Unspecified are connected
    ; warning
    @(30.48 mm, 87.63 mm): Symbol C1403 Pin 2 [2, Unspecified, Line]
    @(16.51 mm, 66.04 mm): Symbol R1404 Pin 2 [2, Unspecified, Line]
[pin_to_pin]: Pins of type Unspecified and Unspecified are connected
    ; warning
    @(43.18 mm, 87.63 mm): Symbol C1401 Pin 2 [2, Unspecified, Line]
    @(30.48 mm, 87.63 mm): Symbol C1403 Pin 2 [2, Unspecified, Line]
[pin_to_pin]: Pins of type Unspecified and Unspecified are connected
    ; warning
    @(21.59 mm, 97.79 mm): Symbol C1402 Pin 2 [2, Unspecified, Line]
    @(30.48 mm, 97.79 mm): Symbol C1403 Pin 1 [1, Unspecified, Line]
[pin_to_pin]: Pins of type Unspecified and Power input are connected
    ; warning
    @(30.48 mm, 97.79 mm): Symbol C1403 Pin 1 [1, Unspecified, Line]
    @(30.48 mm, 119.38 mm): Symbol #PWR090 Pin 1 [Power input, Line]
[pin_to_pin]: Pins of type Unspecified and Passive are connected
    ; warning
    @(43.18 mm, 97.79 mm): Symbol C1401 Pin 1 [1, Unspecified, Line]
    @(54.61 mm, 95.25 mm): Symbol R1401 Pin 2 [Passive, Line]
[pin_to_pin]: Pins of type Unspecified and Input are connected
    ; warning
    @(238.76 mm, 77.47 mm): Symbol C1409 Pin 2 [2, Unspecified, Line]
    @(250.19 mm, 77.47 mm): Symbol C1408 Pin 1 [1, Input, Line]
[pin_to_pin]: Pins of type Unspecified and Input are connected
    ; warning
    @(238.76 mm, 87.63 mm): Symbol C1409 Pin 1 [1, Unspecified, Line]
    @(250.19 mm, 87.63 mm): Symbol C1408 Pin 2 [2, Input, Line]
[pin_to_pin]: Pins of type Unspecified and Input are connected
    ; warning
    @(252.73 mm, 66.04 mm): Symbol R112 Pin 1 [1, Unspecified, Line]
    @(250.19 mm, 77.47 mm): Symbol C1408 Pin 1 [1, Input, Line]
[pin_to_pin]: Pins of type Unspecified and Passive are connected
    ; warning
    @(262.89 mm, 66.04 mm): Symbol R112 Pin 2 [2, Unspecified, Line]
    @(264.16 mm, 57.15 mm): Symbol NT16 Pin 2 [2, Passive, Line]

***** Sheet /Battery System/Ideal_Diode_OR_12V_BUCK/
[pin_to_pin]: Pins of type Unspecified and Input are connected
    ; warning
    @(88.90 mm, 50.80 mm): Symbol C1803 Pin 2 [2, Unspecified, Line]
    @(101.60 mm, 52.07 mm): Symbol C1801 Pin 2 [2, Input, Line]
[pin_to_pin]: Pins of type Unspecified and Input are connected
    ; warning
    @(88.90 mm, 60.96 mm): Symbol C1803 Pin 1 [1, Unspecified, Line]
    @(101.60 mm, 59.69 mm): Symbol C1801 Pin 1 [1, Input, Line]
[pin_to_pin]: Pins of type Unspecified and Unspecified are connected
    ; warning
    @(132.08 mm, 46.99 mm): Symbol U1801 Pin 1 [IN, Unspecified, Line]
    @(132.08 mm, 49.53 mm): Symbol U1801 Pin 2 [IN, Unspecified, Line]
[pin_to_pin]: Pins of type Unspecified and Unspecified are connected
    ; warning
    @(132.08 mm, 49.53 mm): Symbol U1801 Pin 2 [IN, Unspecified, Line]
    @(132.08 mm, 52.07 mm): Symbol U1801 Pin 3 [IN, Unspecified, Line]
[pin_to_pin]: Pins of type Unspecified and Input are connected
    ; warning
    @(132.08 mm, 52.07 mm): Symbol U1801 Pin 3 [IN, Unspecified, Line]
    @(101.60 mm, 52.07 mm): Symbol C1801 Pin 2 [2, Input, Line]
[pin_to_pin]: Pins of type Unspecified and Power input are connected
    ; warning
    @(132.08 mm, 54.61 mm): Symbol U1801 Pin 4 [GND, Unspecified, Line]
    @(128.27 mm, 72.39 mm): Symbol #PWR01801 Pin 1 [Power input, Line]
[pin_to_pin]: Pins of type Unspecified and Input are connected
    ; warning
    @(149.86 mm, 46.99 mm): Symbol U1801 Pin 5 [OUT, Unspecified, Line]
    @(154.94 mm, 52.07 mm): Symbol C1802 Pin 2 [2, Input, Line]
[pin_to_pin]: Pins of type Unspecified and Input are connected
    ; warning
    @(166.37 mm, 50.80 mm): Symbol C1804 Pin 2 [2, Unspecified, Line]
    @(154.94 mm, 52.07 mm): Symbol C1802 Pin 2 [2, Input, Line]
[pin_to_pin]: Pins of type Unspecified and Input are connected
    ; warning
    @(166.37 mm, 60.96 mm): Symbol C1804 Pin 1 [1, Unspecified, Line]
    @(154.94 mm, 59.69 mm): Symbol C1802 Pin 1 [1, Input, Line]

***** Sheet /Battery System/Ideal_Diode_OR_SERVO/
[pin_to_pin]: Pins of type Unspecified and Input are connected
    ; warning
    @(88.90 mm, 50.80 mm): Symbol C1803 Pin 2 [2, Unspecified, Line]
    @(101.60 mm, 52.07 mm): Symbol C1801 Pin 2 [2, Input, Line]
[pin_to_pin]: Pins of type Unspecified and Input are connected
    ; warning
    @(88.90 mm, 60.96 mm): Symbol C1803 Pin 1 [1, Unspecified, Line]
    @(101.60 mm, 59.69 mm): Symbol C1801 Pin 1 [1, Input, Line]
[pin_to_pin]: Pins of type Unspecified and Unspecified are connected
    ; warning
    @(132.08 mm, 46.99 mm): Symbol U1801 Pin 1 [IN, Unspecified, Line]
    @(132.08 mm, 49.53 mm): Symbol U1801 Pin 2 [IN, Unspecified, Line]
[pin_to_pin]: Pins of type Unspecified and Unspecified are connected
    ; warning
    @(132.08 mm, 49.53 mm): Symbol U1801 Pin 2 [IN, Unspecified, Line]
    @(132.08 mm, 52.07 mm): Symbol U1801 Pin 3 [IN, Unspecified, Line]
[pin_to_pin]: Pins of type Unspecified and Input are connected
    ; warning
    @(132.08 mm, 52.07 mm): Symbol U1801 Pin 3 [IN, Unspecified, Line]
    @(101.60 mm, 52.07 mm): Symbol C1801 Pin 2 [2, Input, Line]
[pin_to_pin]: Pins of type Unspecified and Power input are connected
    ; warning
    @(132.08 mm, 54.61 mm): Symbol U1801 Pin 4 [GND, Unspecified, Line]
    @(128.27 mm, 72.39 mm): Symbol #PWR01801 Pin 1 [Power input, Line]
[pin_to_pin]: Pins of type Unspecified and Input are connected
    ; warning
    @(149.86 mm, 46.99 mm): Symbol U1801 Pin 5 [OUT, Unspecified, Line]
    @(154.94 mm, 52.07 mm): Symbol C1802 Pin 2 [2, Input, Line]
[pin_to_pin]: Pins of type Unspecified and Input are connected
    ; warning
    @(166.37 mm, 50.80 mm): Symbol C1804 Pin 2 [2, Unspecified, Line]
    @(154.94 mm, 52.07 mm): Symbol C1802 Pin 2 [2, Input, Line]
[pin_to_pin]: Pins of type Unspecified and Input are connected
    ; warning
    @(166.37 mm, 60.96 mm): Symbol C1804 Pin 1 [1, Unspecified, Line]
    @(154.94 mm, 59.69 mm): Symbol C1802 Pin 1 [1, Input, Line]

***** Sheet /Battery System/Servo Power Buck/
[similar_labels]: Labels are similar (lower/upper case difference only)
    ; warning
    @(128.27 mm, 125.73 mm): Hierarchical Label 'IN'
    @(128.27 mm, 102.87 mm): Hierarchical Label 'in'
[pin_to_pin]: Pins of type Unspecified and Passive are connected
    ; warning
    @(161.29 mm, 80.01 mm): Symbol U55 Pin 12 [RT, Unspecified, Line]
    @(36.83 mm, 113.03 mm): Symbol R1703 Pin 1 [Passive, Line]
[pin_to_pin]: Pins of type Unspecified and Passive are connected
    ; warning
    @(161.29 mm, 82.55 mm): Symbol U55 Pin 13 [PG, Unspecified, Line]
    @(157.48 mm, 73.66 mm): Symbol R1701 Pin 2 [Passive, Line]
[similar_labels]: Labels are similar (lower/upper case difference only)
    ; warning
    @(154.94 mm, 95.25 mm): Hierarchical Label 'IN'
    @(128.27 mm, 102.87 mm): Hierarchical Label 'in'
[pin_to_pin]: Pins of type Unspecified and Passive are connected
    ; warning
    @(161.29 mm, 85.09 mm): Symbol U55 Pin 14 [SPSP, Unspecified, Line]
    @(92.71 mm, 111.76 mm): Symbol JP1701 Pin 1 [A, Passive, Line]
[pin_to_pin]: Pins of type Unspecified and Passive are connected
    ; warning
    @(161.29 mm, 87.63 mm): Symbol U55 Pin 15 [MODE, Unspecified, Line]
    @(52.07 mm, 114.30 mm): Symbol NT1702 Pin 2 [2, Passive, Line]
[pin_to_pin]: Pins of type Unspecified and Unspecified are connected
    ; warning
    @(134.62 mm, 125.73 mm): Symbol C65 Pin 2 [2, Unspecified, Line]
    @(171.45 mm, 125.73 mm): Symbol C66 Pin 1 [1, Unspecified, Line]
[pin_to_pin]: Pins of type Unspecified and Passive are connected
    ; warning
    @(161.29 mm, 92.71 mm): Symbol U55 Pin 17 [EN, Unspecified, Line]
    @(115.57 mm, 104.14 mm): Symbol R1702 Pin 1 [Passive, Line]
[pin_to_pin]: Pins of type Unspecified and Unspecified are connected
    ; warning
    @(161.29 mm, 95.25 mm): Symbol U55 Pin 18 [VIN2, Unspecified, Line]
    @(92.71 mm, 93.98 mm): Symbol ZD1 Pin 1 [K, Unspecified, Line]
[pin_to_pin]: Pins of type Unspecified and Unspecified are connected
    ; warning
    @(161.29 mm, 97.79 mm): Symbol U55 Pin 19 [PGND, Unspecified, Line]
    @(161.29 mm, 100.33 mm): Symbol U55 Pin 20 [PGND, Unspecified, Line]
[pin_to_pin]: Pins of type Unspecified and Unspecified are connected
    ; warning
    @(161.29 mm, 100.33 mm): Symbol U55 Pin 20 [PGND, Unspecified, Line]
    @(161.29 mm, 102.87 mm): Symbol U55 Pin 21 [AGND, Unspecified, Line]
[pin_to_pin]: Pins of type Unspecified and Unspecified are connected
    ; warning
    @(161.29 mm, 102.87 mm): Symbol U55 Pin 21 [AGND, Unspecified, Line]
    @(161.29 mm, 105.41 mm): Symbol U55 Pin 22 [AGND, Unspecified, Line]
[pin_to_pin]: Pins of type Unspecified and Unspecified are connected
    ; warning
    @(144.78 mm, 125.73 mm): Symbol C65 Pin 1 [1, Unspecified, Line]
    @(161.29 mm, 125.73 mm): Symbol C66 Pin 2 [2, Unspecified, Line]
[pin_to_pin]: Pins of type Unspecified and Passive are connected
    ; warning
    @(161.29 mm, 105.41 mm): Symbol U55 Pin 22 [AGND, Unspecified, Line]
    @(193.04 mm, 116.84 mm): Symbol C1701 Pin 1 [Passive, Line]
[pin_to_pin]: Pins of type Unspecified and Unspecified are connected
    ; warning
    @(186.69 mm, 80.01 mm): Symbol U55 Pin 11 [AGND, Unspecified, Line]
    @(161.29 mm, 97.79 mm): Symbol U55 Pin 19 [PGND, Unspecified, Line]
[pin_to_pin]: Pins of type Unspecified and Passive are connected
    ; warning
    @(186.69 mm, 82.55 mm): Symbol U55 Pin 10 [VOUT2, Unspecified, Line]
    @(193.04 mm, 109.22 mm): Symbol C1701 Pin 2 [Passive, Line]
[pin_to_pin]: Pins of type Unspecified and Unspecified are connected
    ; warning
    @(161.29 mm, 125.73 mm): Symbol C66 Pin 2 [2, Unspecified, Line]
    @(161.29 mm, 105.41 mm): Symbol U55 Pin 22 [AGND, Unspecified, Line]
[pin_to_pin]: Pins of type Unspecified and Unspecified are connected
    ; warning
    @(186.69 mm, 85.09 mm): Symbol U55 Pin 9 [VOUT1, Unspecified, Line]
    @(186.69 mm, 82.55 mm): Symbol U55 Pin 10 [VOUT2, Unspecified, Line]
[pin_to_pin]: Pins of type Unspecified and Passive are connected
    ; warning
    @(186.69 mm, 87.63 mm): Symbol U55 Pin 8 [FB, Unspecified, Line]
    @(279.40 mm, 96.52 mm): Symbol R1705 Pin 2 [Passive, Line]
[pin_to_pin]: Pins of type Unspecified and Unspecified are connected
    ; warning
    @(186.69 mm, 90.17 mm): Symbol U55 Pin 7 [AGND, Unspecified, Line]
    @(186.69 mm, 80.01 mm): Symbol U55 Pin 11 [AGND, Unspecified, Line]
[pin_to_pin]: Pins of type Unspecified and Unspecified are connected
    ; warning
    @(186.69 mm, 95.25 mm): Symbol U55 Pin 5 [VLDOIN, Unspecified, Line]
    @(186.69 mm, 85.09 mm): Symbol U55 Pin 9 [VOUT1, Unspecified, Line]
[pin_to_pin]: Pins of type Unspecified and Passive are connected
    ; warning
    @(186.69 mm, 100.33 mm): Symbol U55 Pin 3 [CBOOT, Unspecified, Line]
    @(220.98 mm, 102.87 mm): Symbol U56 Pin 2 [B, Passive, Line]
[pin_to_pin]: Pins of type Unspecified and Unspecified are connected
    ; warning
    @(171.45 mm, 125.73 mm): Symbol C66 Pin 1 [1, Unspecified, Line]
    @(186.69 mm, 105.41 mm): Symbol U55 Pin 1 [VIN1, Unspecified, Line]
[pin_to_pin]: Pins of type Unspecified and Passive are connected
    ; warning
    @(186.69 mm, 102.87 mm): Symbol U55 Pin 2 [RBOOT, Unspecified, Line]
    @(220.98 mm, 113.03 mm): Symbol U56 Pin 1 [A, Passive, Line]
[pin_to_pin]: Pins of type Unspecified and Unspecified are connected
    ; warning
    @(186.69 mm, 105.41 mm): Symbol U55 Pin 1 [VIN1, Unspecified, Line]
    @(161.29 mm, 95.25 mm): Symbol U55 Pin 18 [VIN2, Unspecified, Line]
[similar_labels]: Labels are similar (lower/upper case difference only)
    ; warning
    @(176.53 mm, 125.73 mm): Hierarchical Label 'IN'
    @(128.27 mm, 102.87 mm): Hierarchical Label 'in'
[similar_labels]: Labels are similar (lower/upper case difference only)
    ; warning
    @(196.85 mm, 105.41 mm): Hierarchical Label 'IN'
    @(128.27 mm, 102.87 mm): Hierarchical Label 'in'
[pin_to_pin]: Pins of type Unspecified and Passive are connected
    ; warning
    @(234.95 mm, 102.87 mm): Symbol R121 Pin 1 [1, Unspecified, Line]
    @(220.98 mm, 102.87 mm): Symbol U56 Pin 2 [B, Passive, Line]
[pin_to_pin]: Pins of type Unspecified and Passive are connected
    ; warning
    @(234.95 mm, 113.03 mm): Symbol R121 Pin 2 [2, Unspecified, Line]
    @(220.98 mm, 113.03 mm): Symbol U56 Pin 1 [A, Passive, Line]
[pin_to_pin]: Pins of type Unspecified and Unspecified are connected
    ; warning
    @(307.34 mm, 87.63 mm): Symbol C1702 Pin 2 [2, Unspecified, Line]
    @(320.04 mm, 87.63 mm): Symbol C1703 Pin 2 [2, Unspecified, Line]
[pin_to_pin]: Pins of type Unspecified and Unspecified are connected
    ; warning
    @(307.34 mm, 97.79 mm): Symbol C1702 Pin 1 [1, Unspecified, Line]
    @(320.04 mm, 97.79 mm): Symbol C1703 Pin 1 [1, Unspecified, Line]
[pin_to_pin]: Pins of type Unspecified and Unspecified are connected
    ; warning
    @(320.04 mm, 87.63 mm): Symbol C1703 Pin 2 [2, Unspecified, Line]
    @(334.01 mm, 87.63 mm): Symbol C1704 Pin 2 [2, Unspecified, Line]
[pin_to_pin]: Pins of type Unspecified and Unspecified are connected
    ; warning
    @(320.04 mm, 97.79 mm): Symbol C1703 Pin 1 [1, Unspecified, Line]
    @(334.01 mm, 97.79 mm): Symbol C1704 Pin 1 [1, Unspecified, Line]
[pin_to_pin]: Pins of type Unspecified and Input are connected
    ; warning
    @(334.01 mm, 87.63 mm): Symbol C1704 Pin 2 [2, Unspecified, Line]
    @(294.64 mm, 88.90 mm): Symbol C68 Pin 1 [1, Input, Line]
[pin_to_pin]: Pins of type Unspecified and Input are connected
    ; warning
    @(334.01 mm, 97.79 mm): Symbol C1704 Pin 1 [1, Unspecified, Line]
    @(294.64 mm, 96.52 mm): Symbol C68 Pin 2 [2, Input, Line]
[multiple_net_names]: Both GNDA and GND are attached to the same items; GNDA will be used in the netlist
    ; warning
    @(243.84 mm, 144.78 mm): Symbol #PWR0111 Pin 1 [Power input, Line]
    @(334.01 mm, 100.33 mm): Hierarchical Label 'GND'

***** Sheet /Battery System/Ideal_Diode_OR_USBC/
[pin_not_driven]: Input pin not driven by any Output pins
    ; error
    @(101.60 mm, 52.07 mm): Symbol C1801 Pin 2 [2, Input, Line]
[pin_to_pin]: Pins of type Unspecified and Input are connected
    ; warning
    @(88.90 mm, 50.80 mm): Symbol C1803 Pin 2 [2, Unspecified, Line]
    @(101.60 mm, 52.07 mm): Symbol C1801 Pin 2 [2, Input, Line]
[pin_to_pin]: Pins of type Unspecified and Input are connected
    ; warning
    @(88.90 mm, 60.96 mm): Symbol C1803 Pin 1 [1, Unspecified, Line]
    @(101.60 mm, 59.69 mm): Symbol C1801 Pin 1 [1, Input, Line]
[pin_to_pin]: Pins of type Unspecified and Unspecified are connected
    ; warning
    @(132.08 mm, 46.99 mm): Symbol U1801 Pin 1 [IN, Unspecified, Line]
    @(132.08 mm, 49.53 mm): Symbol U1801 Pin 2 [IN, Unspecified, Line]
[pin_to_pin]: Pins of type Unspecified and Unspecified are connected
    ; warning
    @(132.08 mm, 49.53 mm): Symbol U1801 Pin 2 [IN, Unspecified, Line]
    @(132.08 mm, 52.07 mm): Symbol U1801 Pin 3 [IN, Unspecified, Line]
[pin_to_pin]: Pins of type Unspecified and Input are connected
    ; warning
    @(132.08 mm, 52.07 mm): Symbol U1801 Pin 3 [IN, Unspecified, Line]
    @(101.60 mm, 52.07 mm): Symbol C1801 Pin 2 [2, Input, Line]
[pin_to_pin]: Pins of type Unspecified and Power input are connected
    ; warning
    @(132.08 mm, 54.61 mm): Symbol U1801 Pin 4 [GND, Unspecified, Line]
    @(128.27 mm, 72.39 mm): Symbol #PWR01801 Pin 1 [Power input, Line]
[pin_to_pin]: Pins of type Unspecified and Input are connected
    ; warning
    @(149.86 mm, 46.99 mm): Symbol U1801 Pin 5 [OUT, Unspecified, Line]
    @(154.94 mm, 52.07 mm): Symbol C1802 Pin 2 [2, Input, Line]
[pin_to_pin]: Pins of type Unspecified and Input are connected
    ; warning
    @(166.37 mm, 50.80 mm): Symbol C1804 Pin 2 [2, Unspecified, Line]
    @(154.94 mm, 52.07 mm): Symbol C1802 Pin 2 [2, Input, Line]
[pin_to_pin]: Pins of type Unspecified and Input are connected
    ; warning
    @(166.37 mm, 60.96 mm): Symbol C1804 Pin 1 [1, Unspecified, Line]
    @(154.94 mm, 59.69 mm): Symbol C1802 Pin 1 [1, Input, Line]

***** Sheet /Battery System/TPS16630RGER_CHARGING_EFUSE/
[pin_not_connected]: Pin not connected
    ; error
    @(163.83 mm, 85.09 mm): Symbol U62 Pin 3 [N.C, Unspecified, Line]
[pin_not_connected]: Pin not connected
    ; error
    @(163.83 mm, 87.63 mm): Symbol U62 Pin 4 [N.C, Unspecified, Line]
[pin_to_pin]: Pins of type Unspecified and Unspecified are connected
    ; warning
    @(63.50 mm, 63.50 mm): Symbol C16 Pin 1 [1, Unspecified, Line]
    @(73.66 mm, 63.50 mm): Symbol C74 Pin 2 [2, Unspecified, Line]
[pin_to_pin]: Pins of type Unspecified and Unspecified are connected
    ; warning
    @(73.66 mm, 63.50 mm): Symbol C74 Pin 2 [2, Unspecified, Line]
    @(87.63 mm, 63.50 mm): Symbol D36 Pin 1 [1, Unspecified, Line]
[pin_to_pin]: Pins of type Unspecified and Unspecified are connected
    ; warning
    @(73.66 mm, 73.66 mm): Symbol C74 Pin 1 [1, Unspecified, Line]
    @(87.63 mm, 73.66 mm): Symbol D36 Pin 2 [2, Unspecified, Line]
[pin_to_pin]: Pins of type Unspecified and Passive are connected
    ; warning
    @(87.63 mm, 63.50 mm): Symbol D36 Pin 1 [1, Unspecified, Line]
    @(114.30 mm, 50.80 mm): Symbol R1904 Pin 2 [Passive, Line]
[pin_to_pin]: Pins of type Unspecified and Passive are connected
    ; warning
    @(87.63 mm, 73.66 mm): Symbol D36 Pin 2 [2, Unspecified, Line]
    @(114.30 mm, 86.36 mm): Symbol R1906 Pin 1 [Passive, Line]
[pin_to_pin]: Pins of type Unspecified and Unspecified are connected
    ; warning
    @(163.83 mm, 80.01 mm): Symbol U62 Pin 1 [IN, Unspecified, Line]
    @(163.83 mm, 82.55 mm): Symbol U62 Pin 2 [IN, Unspecified, Line]
[pin_to_pin]: Pins of type Unspecified and Unspecified are connected
    ; warning
    @(163.83 mm, 82.55 mm): Symbol U62 Pin 2 [IN, Unspecified, Line]
    @(163.83 mm, 90.17 mm): Symbol U62 Pin 5 [P_IN, Unspecified, Line]
[pin_to_pin]: Pins of type Unspecified and Unspecified are connected
    ; warning
    @(163.83 mm, 90.17 mm): Symbol U62 Pin 5 [P_IN, Unspecified, Line]
    @(186.69 mm, 80.01 mm): Symbol U62 Pin 24 [N.C, Unspecified, Line]
[pin_to_pin]: Pins of type Unspecified and Passive are connected
    ; warning
    @(163.83 mm, 92.71 mm): Symbol U62 Pin 6 [UVLO, Unspecified, Line]
    @(114.30 mm, 64.77 mm): Symbol R1905 Pin 2 [Passive, Line]
[pin_to_pin]: Pins of type Unspecified and Passive are connected
    ; warning
    @(163.83 mm, 95.25 mm): Symbol U62 Pin 7 [OVP, Unspecified, Line]
    @(114.30 mm, 78.74 mm): Symbol R1906 Pin 2 [Passive, Line]
[pin_to_pin]: Pins of type Unspecified and Unspecified are connected
    ; warning
    @(147.32 mm, 119.38 mm): Symbol C75 Pin 2 [2, Unspecified, Line]
    @(163.83 mm, 100.33 mm): Symbol U62 Pin 9 [dVdT, Unspecified, Line]
[pin_to_pin]: Pins of type Unspecified and Unspecified are connected
    ; warning
    @(163.83 mm, 97.79 mm): Symbol U62 Pin 8 [GND, Unspecified, Line]
    @(163.83 mm, 105.41 mm): Symbol U62 Pin 11 [MODE, Unspecified, Line]
[pin_to_pin]: Pins of type Unspecified and Passive are connected
    ; warning
    @(163.83 mm, 102.87 mm): Symbol U62 Pin 10 [ILIM, Unspecified, Line]
    @(69.85 mm, 127.00 mm): Symbol R1902 Pin 2 [Passive, Line]
[pin_to_pin]: Pins of type Unspecified and Unspecified are connected
    ; warning
    @(163.83 mm, 105.41 mm): Symbol U62 Pin 11 [MODE, Unspecified, Line]
    @(186.69 mm, 92.71 mm): Symbol U62 Pin 19 [N.C, Unspecified, Line]
[pin_to_pin]: Pins of type Unspecified and Power input are connected
    ; warning
    @(147.32 mm, 129.54 mm): Symbol C75 Pin 1 [1, Unspecified, Line]
    @(147.32 mm, 153.67 mm): Symbol #PWR0115 Pin 1 [Power input, Line]
[pin_to_pin]: Pins of type Unspecified and Passive are connected
    ; warning
    @(163.83 mm, 107.95 mm): Symbol U62 Pin 12 [SHDN#, Unspecified, Line]
    @(130.81 mm, 118.11 mm): Symbol R1901 Pin 2 [Passive, Line]
[pin_to_pin]: Pins of type Unspecified and Power input are connected
    ; warning
    @(186.69 mm, 77.47 mm): Symbol U62 Pin 25 [EP, Unspecified, Line]
    @(195.58 mm, 83.82 mm): Symbol #PWR01901 Pin 1 [Power input, Line]
[pin_to_pin]: Pins of type Unspecified and Passive are connected
    ; warning
    @(186.69 mm, 80.01 mm): Symbol U62 Pin 24 [N.C, Unspecified, Line]
    @(114.30 mm, 50.80 mm): Symbol R1904 Pin 2 [Passive, Line]
[pin_to_pin]: Pins of type Unspecified and Unspecified are connected
    ; warning
    @(186.69 mm, 82.55 mm): Symbol U62 Pin 23 [N.C, Unspecified, Line]
    @(186.69 mm, 77.47 mm): Symbol U62 Pin 25 [EP, Unspecified, Line]
[pin_to_pin]: Pins of type Unspecified and Unspecified are connected
    ; warning
    @(186.69 mm, 85.09 mm): Symbol U62 Pin 22 [N.C, Unspecified, Line]
    @(186.69 mm, 82.55 mm): Symbol U62 Pin 23 [N.C, Unspecified, Line]
[pin_to_pin]: Pins of type Unspecified and Unspecified are connected
    ; warning
    @(186.69 mm, 87.63 mm): Symbol U62 Pin 21 [N.C, Unspecified, Line]
    @(186.69 mm, 85.09 mm): Symbol U62 Pin 22 [N.C, Unspecified, Line]
[pin_to_pin]: Pins of type Unspecified and Unspecified are connected
    ; warning
    @(186.69 mm, 90.17 mm): Symbol U62 Pin 20 [N.C, Unspecified, Line]
    @(186.69 mm, 87.63 mm): Symbol U62 Pin 21 [N.C, Unspecified, Line]
[pin_to_pin]: Pins of type Unspecified and Unspecified are connected
    ; warning
    @(186.69 mm, 92.71 mm): Symbol U62 Pin 19 [N.C, Unspecified, Line]
    @(186.69 mm, 90.17 mm): Symbol U62 Pin 20 [N.C, Unspecified, Line]
[pin_to_pin]: Pins of type Unspecified and Unspecified are connected
    ; warning
    @(186.69 mm, 95.25 mm): Symbol U62 Pin 18 [OUT, Unspecified, Line]
    @(132.08 mm, 52.07 mm): Symbol U1801 Pin 3 [IN, Unspecified, Line]
[pin_to_pin]: Pins of type Unspecified and Unspecified are connected
    ; warning
    @(186.69 mm, 97.79 mm): Symbol U62 Pin 17 [OUT, Unspecified, Line]
    @(186.69 mm, 95.25 mm): Symbol U62 Pin 18 [OUT, Unspecified, Line]
[pin_to_pin]: Pins of type Unspecified and Unspecified are connected
    ; warning
    @(186.69 mm, 100.33 mm): Symbol U62 Pin 16 [PGOOD, Unspecified, Line]
    @(182.88 mm, 116.84 mm): Symbol U3403 Pin 9 [9, Unspecified, Line]
[pin_to_pin]: Pins of type Unspecified and Passive are connected
    ; warning
    @(186.69 mm, 105.41 mm): Symbol U62 Pin 14 [FLT#, Unspecified, Line]
    @(218.44 mm, 127.00 mm): Symbol R1907 Pin 1 [Passive, Line]
[pin_to_pin]: Pins of type Unspecified and Passive are connected
    ; warning
    @(186.69 mm, 107.95 mm): Symbol U62 Pin 13 [IMON, Unspecified, Line]
    @(218.44 mm, 137.16 mm): Symbol R1908 Pin 2 [Passive, Line]
[pin_to_pin]: Pins of type Unspecified and Unspecified are connected
    ; warning
    @(236.22 mm, 96.52 mm): Symbol D17 Pin 1 [1, Unspecified, Line]
    @(266.70 mm, 96.52 mm): Symbol D35 Pin 1 [K, Unspecified, Line]
[pin_to_pin]: Pins of type Unspecified and Power input are connected
    ; warning
    @(236.22 mm, 106.68 mm): Symbol D17 Pin 2 [2, Unspecified, Line]
    @(251.46 mm, 111.76 mm): Symbol #PWR065 Pin 1 [Power input, Line]
[pin_to_pin]: Pins of type Unspecified and Unspecified are connected
    ; warning
    @(266.70 mm, 96.52 mm): Symbol D35 Pin 1 [K, Unspecified, Line]
    @(186.69 mm, 97.79 mm): Symbol U62 Pin 17 [OUT, Unspecified, Line]
[pin_to_pin]: Pins of type Unspecified and Power input are connected
    ; warning
    @(266.70 mm, 106.68 mm): Symbol D35 Pin 2 [A, Unspecified, Line]
    @(251.46 mm, 111.76 mm): Symbol #PWR065 Pin 1 [Power input, Line]

***** Sheet /Battery System/USB-C Input/
[pin_to_pin]: Pins of type Unspecified and Unspecified are connected
    ; warning
    @(38.10 mm, 41.91 mm): Symbol USBC1 Pin B1 [GND, Unspecified, Line]
    @(38.10 mm, 69.85 mm): Symbol USBC1 Pin B12 [GND, Unspecified, Line]
[pin_to_pin]: Pins of type Unspecified and Unspecified are connected
    ; warning
    @(38.10 mm, 49.53 mm): Symbol USBC1 Pin B4 [VBUS, Unspecified, Line]
    @(38.10 mm, 62.23 mm): Symbol USBC1 Pin B9 [VBUS, Unspecified, Line]
[pin_to_pin]: Pins of type Unspecified and Passive are connected
    ; warning
    @(38.10 mm, 62.23 mm): Symbol USBC1 Pin B9 [VBUS, Unspecified, Line]
    @(298.45 mm, 36.83 mm): Symbol R2005 Pin 2 [Passive, Line]
[pin_to_pin]: Pins of type Unspecified and Power input are connected
    ; warning
    @(60.96 mm, 41.91 mm): Symbol USBC1 Pin A12 [GND, Unspecified, Line]
    @(68.58 mm, 77.47 mm): Symbol #PWR0120 Pin 1 [Power input, Line]
[pin_to_pin]: Pins of type Unspecified and Unspecified are connected
    ; warning
    @(60.96 mm, 49.53 mm): Symbol USBC1 Pin A9 [VBUS, Unspecified, Line]
    @(38.10 mm, 49.53 mm): Symbol USBC1 Pin B4 [VBUS, Unspecified, Line]
[pin_to_pin]: Pins of type Unspecified and Unspecified are connected
    ; warning
    @(60.96 mm, 54.61 mm): Symbol USBC1 Pin A7 [DN1, Unspecified, Line]
    @(38.10 mm, 57.15 mm): Symbol USBC1 Pin B7 [DN2, Unspecified, Line]
[pin_to_pin]: Pins of type Unspecified and Unspecified are connected
    ; warning
    @(60.96 mm, 57.15 mm): Symbol USBC1 Pin A6 [DP1, Unspecified, Line]
    @(38.10 mm, 54.61 mm): Symbol USBC1 Pin B6 [DP2, Unspecified, Line]
[pin_to_pin]: Pins of type Unspecified and Unspecified are connected
    ; warning
    @(60.96 mm, 62.23 mm): Symbol USBC1 Pin A4 [VBUS, Unspecified, Line]
    @(60.96 mm, 49.53 mm): Symbol USBC1 Pin A9 [VBUS, Unspecified, Line]
[pin_to_pin]: Pins of type Unspecified and Power input are connected
    ; warning
    @(60.96 mm, 69.85 mm): Symbol USBC1 Pin A1 [GND, Unspecified, Line]
    @(68.58 mm, 77.47 mm): Symbol #PWR0120 Pin 1 [Power input, Line]
[pin_to_pin]: Pins of type Unspecified and Power input are connected
    ; warning
    @(43.18 mm, 110.49 mm): Symbol USB2002 Pin 18 [SHELL, Unspecified, Line]
    @(43.18 mm, 110.49 mm): Symbol #PWR02008 Pin 1 [Power input, Line]
[pin_to_pin]: Pins of type Unspecified and Power input are connected
    ; warning
    @(48.26 mm, 110.49 mm): Symbol USB2002 Pin 17 [SHELL, Unspecified, Line]
    @(48.26 mm, 110.49 mm): Symbol #PWR02007 Pin 1 [Power input, Line]
[pin_to_pin]: Pins of type Unspecified and Power input are connected
    ; warning
    @(30.48 mm, 120.65 mm): Symbol USB2002 Pin A1 [GND, Unspecified, Line]
    @(30.48 mm, 120.65 mm): Symbol #PWR02003 Pin 1 [Power input, Line]
[pin_to_pin]: Pins of type Unspecified and Unspecified are connected
    ; warning
    @(30.48 mm, 128.27 mm): Symbol USB2002 Pin A4 [VBUS, Unspecified, Line]
    @(30.48 mm, 140.97 mm): Symbol USB2002 Pin A9 [VBUS, Unspecified, Line]
[pin_to_pin]: Pins of type Unspecified and Unspecified are connected
    ; warning
    @(30.48 mm, 130.81 mm): Symbol USB2002 Pin A5 [CC1, Unspecified, Line]
    @(60.96 mm, 59.69 mm): Symbol USBC1 Pin A5 [CC1, Unspecified, Line]
[pin_to_pin]: Pins of type Unspecified and Power input are connected
    ; warning
    @(60.96 mm, 120.65 mm): Symbol USB2002 Pin B12 [GND, Unspecified, Line]
    @(60.96 mm, 120.65 mm): Symbol #PWR02004 Pin 1 [Power input, Line]
[pin_to_pin]: Pins of type Unspecified and Unspecified are connected
    ; warning
    @(30.48 mm, 133.35 mm): Symbol USB2002 Pin A6 [DP1, Unspecified, Line]
    @(60.96 mm, 135.89 mm): Symbol USB2002 Pin B6 [DP2, Unspecified, Line]
[pin_to_pin]: Pins of type Unspecified and Unspecified are connected
    ; warning
    @(83.82 mm, 109.22 mm): Symbol D16 Pin 5 [IO4, Unspecified, Line]
    @(83.82 mm, 132.08 mm): Symbol D16 Pin 6 [NC, Unspecified, Line]
[pin_to_pin]: Pins of type Unspecified and Unspecified are connected
    ; warning
    @(30.48 mm, 135.89 mm): Symbol USB2002 Pin A7 [DN1, Unspecified, Line]
    @(60.96 mm, 133.35 mm): Symbol USB2002 Pin B7 [DN2, Unspecified, Line]
[pin_to_pin]: Pins of type Unspecified and Unspecified are connected
    ; warning
    @(88.90 mm, 109.22 mm): Symbol D16 Pin 4 [IO3, Unspecified, Line]
    @(88.90 mm, 132.08 mm): Symbol D16 Pin 7 [NC, Unspecified, Line]
[pin_to_pin]: Pins of type Unspecified and Unspecified are connected
    ; warning
    @(60.96 mm, 128.27 mm): Symbol USB2002 Pin B9 [VBUS, Unspecified, Line]
    @(60.96 mm, 62.23 mm): Symbol USBC1 Pin A4 [VBUS, Unspecified, Line]
[pin_to_pin]: Pins of type Unspecified and Unspecified are connected
    ; warning
    @(93.98 mm, 109.22 mm): Symbol D16 Pin 3 [GND, Unspecified, Line]
    @(93.98 mm, 132.08 mm): Symbol D16 Pin 8 [GND, Unspecified, Line]
[pin_to_pin]: Pins of type Unspecified and Unspecified are connected
    ; warning
    @(30.48 mm, 140.97 mm): Symbol USB2002 Pin A9 [VBUS, Unspecified, Line]
    @(60.96 mm, 140.97 mm): Symbol USB2002 Pin B4 [VBUS, Unspecified, Line]
[pin_to_pin]: Pins of type Unspecified and Unspecified are connected
    ; warning
    @(142.24 mm, 35.56 mm): Symbol C76 Pin 2 [2, Unspecified, Line]
    @(187.96 mm, 35.56 mm): Symbol D34 Pin 1 [K, Unspecified, Line]
[pin_to_pin]: Pins of type Unspecified and Unspecified are connected
    ; warning
    @(60.96 mm, 133.35 mm): Symbol USB2002 Pin B7 [DN2, Unspecified, Line]
    @(60.96 mm, 54.61 mm): Symbol USBC1 Pin A7 [DN1, Unspecified, Line]
[pin_to_pin]: Pins of type Unspecified and Unspecified are connected
    ; warning
    @(99.06 mm, 109.22 mm): Symbol D16 Pin 2 [IO2, Unspecified, Line]
    @(99.06 mm, 132.08 mm): Symbol D16 Pin 9 [NC, Unspecified, Line]
[pin_to_pin]: Pins of type Unspecified and Unspecified are connected
    ; warning
    @(60.96 mm, 135.89 mm): Symbol USB2002 Pin B6 [DP2, Unspecified, Line]
    @(60.96 mm, 57.15 mm): Symbol USBC1 Pin A6 [DP1, Unspecified, Line]
[pin_to_pin]: Pins of type Unspecified and Power input are connected
    ; warning
    @(142.24 mm, 45.72 mm): Symbol C76 Pin 1 [1, Unspecified, Line]
    @(153.67 mm, 49.53 mm): Symbol #PWR0122 Pin 1 [Power input, Line]
[pin_to_pin]: Pins of type Unspecified and Unspecified are connected
    ; warning
    @(104.14 mm, 109.22 mm): Symbol D16 Pin 1 [IO1, Unspecified, Line]
    @(104.14 mm, 132.08 mm): Symbol D16 Pin 10 [NC, Unspecified, Line]
[pin_to_pin]: Pins of type Unspecified and Unspecified are connected
    ; warning
    @(60.96 mm, 138.43 mm): Symbol USB2002 Pin B5 [CC2, Unspecified, Line]
    @(38.10 mm, 52.07 mm): Symbol USBC1 Pin B5 [CC2, Unspecified, Line]
[pin_to_pin]: Pins of type Unspecified and Power input are connected
    ; warning
    @(30.48 mm, 148.59 mm): Symbol USB2002 Pin A12 [GND, Unspecified, Line]
    @(30.48 mm, 148.59 mm): Symbol #PWR02002 Pin 1 [Power input, Line]
[pin_to_pin]: Pins of type Unspecified and Unspecified are connected
    ; warning
    @(60.96 mm, 140.97 mm): Symbol USB2002 Pin B4 [VBUS, Unspecified, Line]
    @(60.96 mm, 128.27 mm): Symbol USB2002 Pin B9 [VBUS, Unspecified, Line]
[pin_to_pin]: Pins of type Unspecified and Unspecified are connected
    ; warning
    @(83.82 mm, 132.08 mm): Symbol D16 Pin 6 [NC, Unspecified, Line]
    @(30.48 mm, 130.81 mm): Symbol USB2002 Pin A5 [CC1, Unspecified, Line]
[pin_to_pin]: Pins of type Unspecified and Unspecified are connected
    ; warning
    @(88.90 mm, 132.08 mm): Symbol D16 Pin 7 [NC, Unspecified, Line]
    @(60.96 mm, 135.89 mm): Symbol USB2002 Pin B6 [DP2, Unspecified, Line]
[pin_to_pin]: Pins of type Unspecified and Power input are connected
    ; warning
    @(60.96 mm, 148.59 mm): Symbol USB2002 Pin B1 [GND, Unspecified, Line]
    @(60.96 mm, 148.59 mm): Symbol #PWR02001 Pin 1 [Power input, Line]
[pin_to_pin]: Pins of type Unspecified and Power input are connected
    ; warning
    @(43.18 mm, 156.21 mm): Symbol USB2002 Pin 19 [SHELL, Unspecified, Line]
    @(43.18 mm, 156.21 mm): Symbol #PWR02006 Pin 1 [Power input, Line]
[pin_to_pin]: Pins of type Unspecified and Power input are connected
    ; warning
    @(93.98 mm, 132.08 mm): Symbol D16 Pin 8 [GND, Unspecified, Line]
    @(93.98 mm, 137.16 mm): Symbol #PWR0121 Pin 1 [Power input, Line]
[pin_to_pin]: Pins of type Unspecified and Power input are connected
    ; warning
    @(48.26 mm, 156.21 mm): Symbol USB2002 Pin 20 [SHELL, Unspecified, Line]
    @(48.26 mm, 156.21 mm): Symbol #PWR02005 Pin 1 [Power input, Line]
[pin_to_pin]: Pins of type Unspecified and Unspecified are connected
    ; warning
    @(99.06 mm, 132.08 mm): Symbol D16 Pin 9 [NC, Unspecified, Line]
    @(60.96 mm, 133.35 mm): Symbol USB2002 Pin B7 [DN2, Unspecified, Line]
[pin_to_pin]: Pins of type Unspecified and Unspecified are connected
    ; warning
    @(104.14 mm, 132.08 mm): Symbol D16 Pin 10 [NC, Unspecified, Line]
    @(60.96 mm, 138.43 mm): Symbol USB2002 Pin B5 [CC2, Unspecified, Line]
[pin_to_pin]: Pins of type Unspecified and Unspecified are connected
    ; warning
    @(187.96 mm, 35.56 mm): Symbol D34 Pin 1 [K, Unspecified, Line]
    @(281.94 mm, 85.09 mm): Symbol U65 Pin 16 [VBUS, Unspecified, Line]
[pin_to_pin]: Pins of type Unspecified and Power input are connected
    ; warning
    @(187.96 mm, 45.72 mm): Symbol D34 Pin 2 [A, Unspecified, Line]
    @(153.67 mm, 49.53 mm): Symbol #PWR0122 Pin 1 [Power input, Line]
[pin_to_pin]: Pins of type Unspecified and Unspecified are connected
    ; warning
    @(231.14 mm, 59.69 mm): Symbol U65 Pin 3 [CC1, Unspecified, Line]
    @(60.96 mm, 59.69 mm): Symbol USBC1 Pin A5 [CC1, Unspecified, Line]
[pin_to_pin]: Pins of type Unspecified and Unspecified are connected
    ; warning
    @(231.14 mm, 62.23 mm): Symbol U65 Pin 4 [CC2, Unspecified, Line]
    @(60.96 mm, 138.43 mm): Symbol USB2002 Pin B5 [CC2, Unspecified, Line]
[pin_to_pin]: Pins of type Unspecified and Passive are connected
    ; warning
    @(231.14 mm, 69.85 mm): Symbol U65 Pin 7 [EN_HVDCP/OUT1, Unspecified, Line]
    @(214.63 mm, 69.85 mm): Symbol R2001 Pin 2 [Passive, Line]
[pin_to_pin]: Pins of type Unspecified and Passive are connected
    ; warning
    @(231.14 mm, 72.39 mm): Symbol U65 Pin 12 [EN_N, Unspecified, Line]
    @(215.90 mm, 129.54 mm): Symbol R2004 Pin 1 [Passive, Line]
[pin_to_pin]: Pins of type Unspecified and Unspecified are connected
    ; warning
    @(231.14 mm, 80.01 mm): Symbol U65 Pin 13 [FAULT/OUT2, Unspecified, Line]
    @(182.88 mm, 116.84 mm): Symbol U3403 Pin 9 [9, Unspecified, Line]
[pin_to_pin]: Pins of type Unspecified and Passive are connected
    ; warning
    @(231.14 mm, 90.17 mm): Symbol U65 Pin 10 [SCL/SNK_ISET, Unspecified, Line]
    @(193.04 mm, 111.76 mm): Symbol U63 Pin 2 [B, Passive, Line]
[pin_to_pin]: Pins of type Unspecified and Passive are connected
    ; warning
    @(231.14 mm, 92.71 mm): Symbol U65 Pin 9 [SDA/SNK_VSET, Unspecified, Line]
    @(204.47 mm, 111.76 mm): Symbol U2001 Pin 2 [B, Passive, Line]
[pin_to_pin]: Pins of type Unspecified and Unspecified are connected
    ; warning
    @(231.14 mm, 100.33 mm): Symbol U65 Pin 1 [D+, Unspecified, Line]
    @(60.96 mm, 135.89 mm): Symbol USB2002 Pin B6 [DP2, Unspecified, Line]
[pin_to_pin]: Pins of type Unspecified and Unspecified are connected
    ; warning
    @(231.14 mm, 102.87 mm): Symbol U65 Pin 2 [D-, Unspecified, Line]
    @(60.96 mm, 133.35 mm): Symbol USB2002 Pin B7 [DN2, Unspecified, Line]
[pin_to_pin]: Pins of type Unspecified and Passive are connected
    ; warning
    @(231.14 mm, 105.41 mm): Symbol U65 Pin 6 [DBG_N, Unspecified, Line]
    @(227.33 mm, 129.54 mm): Symbol R2003 Pin 1 [Passive, Line]
[pin_to_pin]: Pins of type Unspecified and Passive are connected
    ; warning
    @(281.94 mm, 59.69 mm): Symbol U65 Pin 5 [VDD, Unspecified, Line]
    @(298.45 mm, 52.07 mm): Symbol C2001 Pin 1 [Passive, Line]
[pin_to_pin]: Pins of type Unspecified and Passive are connected
    ; warning
    @(281.94 mm, 77.47 mm): Symbol U65 Pin 8 [ADDR/ORIENT, Unspecified, Line]
    @(317.50 mm, 77.47 mm): Symbol R2007 Pin 2 [Passive, Line]
[pin_to_pin]: Pins of type Unspecified and Passive are connected
    ; warning
    @(281.94 mm, 80.01 mm): Symbol U65 Pin 15 [GATE, Unspecified, Line]
    @(309.88 mm, 59.69 mm): Symbol R2006 Pin 1 [Passive, Line]
[pin_to_pin]: Pins of type Unspecified and Passive are connected
    ; warning
    @(281.94 mm, 82.55 mm): Symbol U65 Pin 11 [INT_N, Unspecified, Line]
    @(369.57 mm, 80.01 mm): Symbol R2008 Pin 2 [Passive, Line]
[pin_to_pin]: Pins of type Unspecified and Passive are connected
    ; warning
    @(281.94 mm, 85.09 mm): Symbol U65 Pin 16 [VBUS, Unspecified, Line]
    @(298.45 mm, 36.83 mm): Symbol R2005 Pin 2 [Passive, Line]
[pin_to_pin]: Pins of type Unspecified and Power input are connected
    ; warning
    @(281.94 mm, 105.41 mm): Symbol U65 Pin 17 [GND, Unspecified, Line]
    @(283.21 mm, 107.95 mm): Symbol #PWR0125 Pin 1 [Power input, Line]
[pin_to_pin]: Pins of type Unspecified and Unspecified are connected
    ; warning
    @(325.12 mm, 34.29 mm): Symbol D18 Pin 1 [K, Unspecified, Line]
    @(336.55 mm, 31.75 mm): Symbol Q9 Pin 3 [S, Unspecified, Line]
[pin_to_pin]: Pins of type Unspecified and Passive are connected
    ; warning
    @(325.12 mm, 44.45 mm): Symbol D18 Pin 2 [A, Unspecified, Line]
    @(309.88 mm, 43.18 mm): Symbol R2002 Pin 1 [Passive, Line]
[pin_to_pin]: Pins of type Unspecified and Passive are connected
    ; warning
    @(336.55 mm, 31.75 mm): Symbol Q9 Pin 3 [S, Unspecified, Line]
    @(309.88 mm, 35.56 mm): Symbol R2002 Pin 2 [Passive, Line]
[pin_to_pin]: Pins of type Unspecified and Passive are connected
    ; warning
    @(341.63 mm, 36.83 mm): Symbol Q9 Pin 1 [G, Unspecified, Line]
    @(309.88 mm, 43.18 mm): Symbol R2002 Pin 1 [Passive, Line]
[pin_to_pin]: Pins of type Unspecified and Unspecified are connected
    ; warning
    @(346.71 mm, 31.75 mm): Symbol Q9 Pin 2 [D, Unspecified, Line]
    @(132.08 mm, 52.07 mm): Symbol U1801 Pin 3 [IN, Unspecified, Line]

***** Sheet /Battery System/ServoConnectors/
[pin_to_pin]: Pins of type Unspecified and Passive are connected
    ; warning
    @(90.17 mm, 86.36 mm): Symbol ESC-6V1 Pin 2 [2, Unspecified, Line]
    @(99.06 mm, 77.47 mm): Symbol JP2101 Pin 2 [B, Passive, Line]
[pin_to_pin]: Pins of type Unspecified and Passive are connected
    ; warning
    @(90.17 mm, 88.90 mm): Symbol ESC-6V1 Pin 1 [1, Unspecified, Line]
    @(99.06 mm, 87.63 mm): Symbol JP2101 Pin 1 [A, Passive, Line]
[multiple_net_names]: Both SBUS Receiver and 3v3_DATA are attached to the same items; SBUS Receiver will be used in the netlist
    ; warning
    @(143.51 mm, 83.82 mm): Label 'SBUS Receiver'
    @(127.00 mm, 83.82 mm): Hierarchical Label '3v3_DATA'
[multiple_net_names]: Both Throttle and THROTTLE_DATA_(SERVO_0) are attached to the same items; Throttle will be used in the netlist
    ; warning
    @(142.24 mm, 91.44 mm): Label 'Throttle'
    @(140.97 mm, 91.44 mm): Hierarchical Label 'THROTTLE_DATA_(SERVO_0)'
[multiple_net_names]: Both Gear and SERVO4 are attached to the same items; Gear will be used in the netlist
    ; warning
    @(134.62 mm, 109.22 mm): Label 'Gear'
    @(130.81 mm, 109.22 mm): Hierarchical Label 'SERVO4'
[pin_to_pin]: Pins of type Unspecified and Unspecified are connected
    ; warning
    @(151.13 mm, 81.28 mm): Symbol H3 Pin 2 [2, Unspecified, Line]
    @(153.67 mm, 76.20 mm): Symbol U76 Pin 1 [VOUT, Unspecified, Line]
[pin_to_pin]: Pins of type Unspecified and Unspecified are connected
    ; warning
    @(151.13 mm, 83.82 mm): Symbol H3 Pin 3 [3, Unspecified, Line]
    @(143.51 mm, 80.01 mm): Symbol U83 Pin 6 [6, Unspecified, Line]
[multiple_net_names]: Both Extra1 and SERVO5 are attached to the same items; Extra1 will be used in the netlist
    ; warning
    @(130.81 mm, 116.84 mm): Label 'Extra1'
    @(128.27 mm, 116.84 mm): Hierarchical Label 'SERVO5'
[pin_to_pin]: Pins of type Unspecified and Unspecified are connected
    ; warning
    @(151.13 mm, 86.36 mm): Symbol H3 Pin 4 [4, Unspecified, Line]
    @(163.83 mm, 83.82 mm): Symbol H3 Pin 10 [10, Unspecified, Line]
[pin_to_pin]: Pins of type Unspecified and Passive are connected
    ; warning
    @(151.13 mm, 88.90 mm): Symbol H3 Pin 5 [5, Unspecified, Line]
    @(99.06 mm, 87.63 mm): Symbol JP2101 Pin 1 [A, Passive, Line]
[pin_to_pin]: Pins of type Unspecified and Unspecified are connected
    ; warning
    @(151.13 mm, 91.44 mm): Symbol H3 Pin 6 [6, Unspecified, Line]
    @(120.65 mm, 107.95 mm): Symbol U3201 Pin 16 [16, Unspecified, Line]
[pin_to_pin]: Pins of type Unspecified and Unspecified are connected
    ; warning
    @(163.83 mm, 78.74 mm): Symbol H3 Pin 12 [12, Unspecified, Line]
    @(120.65 mm, 115.57 mm): Symbol U3201 Pin 13 [13, Unspecified, Line]
[pin_to_pin]: Pins of type Unspecified and Unspecified are connected
    ; warning
    @(163.83 mm, 81.28 mm): Symbol H3 Pin 11 [11, Unspecified, Line]
    @(163.83 mm, 106.68 mm): Symbol H4 Pin 11 [11, Unspecified, Line]
[pin_to_pin]: Pins of type Unspecified and Unspecified are connected
    ; warning
    @(151.13 mm, 104.14 mm): Symbol H4 Pin 1 [1, Unspecified, Line]
    @(151.13 mm, 111.76 mm): Symbol H4 Pin 4 [4, Unspecified, Line]
[pin_to_pin]: Pins of type Unspecified and Unspecified are connected
    ; warning
    @(163.83 mm, 83.82 mm): Symbol H3 Pin 10 [10, Unspecified, Line]
    @(151.13 mm, 104.14 mm): Symbol H4 Pin 1 [1, Unspecified, Line]
[pin_to_pin]: Pins of type Unspecified and Unspecified are connected
    ; warning
    @(151.13 mm, 106.68 mm): Symbol H4 Pin 2 [2, Unspecified, Line]
    @(151.13 mm, 114.30 mm): Symbol H4 Pin 5 [5, Unspecified, Line]
[pin_to_pin]: Pins of type Unspecified and Unspecified are connected
    ; warning
    @(163.83 mm, 86.36 mm): Symbol H3 Pin 9 [9, Unspecified, Line]
    @(120.65 mm, 113.03 mm): Symbol U3201 Pin 14 [14, Unspecified, Line]
[pin_to_pin]: Pins of type Unspecified and Unspecified are connected
    ; warning
    @(163.83 mm, 88.90 mm): Symbol H3 Pin 8 [8, Unspecified, Line]
    @(163.83 mm, 81.28 mm): Symbol H3 Pin 11 [11, Unspecified, Line]
[pin_to_pin]: Pins of type Unspecified and Unspecified are connected
    ; warning
    @(151.13 mm, 109.22 mm): Symbol H4 Pin 3 [3, Unspecified, Line]
    @(120.65 mm, 118.11 mm): Symbol U3201 Pin 12 [12, Unspecified, Line]
[pin_to_pin]: Pins of type Unspecified and Unspecified are connected
    ; warning
    @(163.83 mm, 91.44 mm): Symbol H3 Pin 7 [7, Unspecified, Line]
    @(163.83 mm, 83.82 mm): Symbol H3 Pin 10 [10, Unspecified, Line]
[pin_to_pin]: Pins of type Unspecified and Unspecified are connected
    ; warning
    @(151.13 mm, 111.76 mm): Symbol H4 Pin 4 [4, Unspecified, Line]
    @(163.83 mm, 109.22 mm): Symbol H4 Pin 10 [10, Unspecified, Line]
[pin_to_pin]: Pins of type Unspecified and Unspecified are connected
    ; warning
    @(151.13 mm, 114.30 mm): Symbol H4 Pin 5 [5, Unspecified, Line]
    @(163.83 mm, 114.30 mm): Symbol H4 Pin 8 [8, Unspecified, Line]
[pin_to_pin]: Pins of type Unspecified and Unspecified are connected
    ; warning
    @(151.13 mm, 116.84 mm): Symbol H4 Pin 6 [6, Unspecified, Line]
    @(120.65 mm, 120.65 mm): Symbol U3201 Pin 11 [11, Unspecified, Line]
[pin_to_pin]: Pins of type Unspecified and Unspecified are connected
    ; warning
    @(163.83 mm, 104.14 mm): Symbol H4 Pin 12 [12, Unspecified, Line]
    @(120.65 mm, 110.49 mm): Symbol U3201 Pin 15 [15, Unspecified, Line]
[pin_to_pin]: Pins of type Unspecified and Passive are connected
    ; warning
    @(163.83 mm, 106.68 mm): Symbol H4 Pin 11 [11, Unspecified, Line]
    @(99.06 mm, 77.47 mm): Symbol JP2101 Pin 2 [B, Passive, Line]
[multiple_net_names]: Both RearDiff and SERVO3 are attached to the same items; RearDiff will be used in the netlist
    ; warning
    @(168.91 mm, 78.74 mm): Label 'RearDiff'
    @(180.34 mm, 78.74 mm): Hierarchical Label 'SERVO3'
[pin_to_pin]: Pins of type Unspecified and Unspecified are connected
    ; warning
    @(163.83 mm, 109.22 mm): Symbol H4 Pin 10 [10, Unspecified, Line]
    @(60.96 mm, 41.91 mm): Symbol USBC1 Pin A12 [GND, Unspecified, Line]
[pin_to_pin]: Pins of type Unspecified and Unspecified are connected
    ; warning
    @(163.83 mm, 111.76 mm): Symbol H4 Pin 9 [9, Unspecified, Line]
    @(120.65 mm, 123.19 mm): Symbol U3201 Pin 10 [10, Unspecified, Line]
[multiple_net_names]: Both FrontDiff and SERVO2 are attached to the same items; FrontDiff will be used in the netlist
    ; warning
    @(167.64 mm, 86.36 mm): Label 'FrontDiff'
    @(179.07 mm, 86.36 mm): Hierarchical Label 'SERVO2'
[pin_to_pin]: Pins of type Unspecified and Unspecified are connected
    ; warning
    @(163.83 mm, 114.30 mm): Symbol H4 Pin 8 [8, Unspecified, Line]
    @(163.83 mm, 106.68 mm): Symbol H4 Pin 11 [11, Unspecified, Line]
[pin_to_pin]: Pins of type Unspecified and Unspecified are connected
    ; warning
    @(163.83 mm, 116.84 mm): Symbol H4 Pin 7 [7, Unspecified, Line]
    @(163.83 mm, 109.22 mm): Symbol H4 Pin 10 [10, Unspecified, Line]
[multiple_net_names]: Both Steering and SERVO1 are attached to the same items; Steering will be used in the netlist
    ; warning
    @(175.26 mm, 104.14 mm): Label 'Steering'
    @(175.26 mm, 104.14 mm): Hierarchical Label 'SERVO1'
[multiple_net_names]: Both Extra2 and SERVO6 are attached to the same items; Extra2 will be used in the netlist
    ; warning
    @(170.18 mm, 111.76 mm): Label 'Extra2'
    @(184.15 mm, 111.76 mm): Hierarchical Label 'SERVO6'

***** Sheet /Battery System/mt9700-efuse/
[similar_labels]: Labels are similar (lower/upper case difference only)
    ; warning
    @(66.04 mm, 76.20 mm): Hierarchical Label 'IN'
    @(128.27 mm, 102.87 mm): Hierarchical Label 'in'
[pin_to_pin]: Pins of type Unspecified and Unspecified are connected
    ; warning
    @(69.85 mm, 83.82 mm): Symbol C107 Pin 2 [2, Unspecified, Line]
    @(86.36 mm, 83.82 mm): Symbol C108 Pin 2 [2, Unspecified, Line]
[pin_to_pin]: Pins of type Unspecified and Power input are connected
    ; warning
    @(69.85 mm, 93.98 mm): Symbol C107 Pin 1 [1, Unspecified, Line]
    @(78.74 mm, 105.41 mm): Symbol #PWR0156 Pin 1 [Power input, Line]
[pin_to_pin]: Pins of type Unspecified and Unspecified are connected
    ; warning
    @(86.36 mm, 83.82 mm): Symbol C108 Pin 2 [2, Unspecified, Line]
    @(116.84 mm, 78.74 mm): Symbol R168 Pin 2 [2, Unspecified, Line]
[pin_to_pin]: Pins of type Unspecified and Power input are connected
    ; warning
    @(86.36 mm, 93.98 mm): Symbol C108 Pin 1 [1, Unspecified, Line]
    @(78.74 mm, 105.41 mm): Symbol #PWR0156 Pin 1 [Power input, Line]
[pin_to_pin]: Pins of type Unspecified and Unspecified are connected
    ; warning
    @(116.84 mm, 78.74 mm): Symbol R168 Pin 2 [2, Unspecified, Line]
    @(133.35 mm, 76.20 mm): Symbol U76 Pin 5 [VIN, Unspecified, Line]
[pin_to_pin]: Pins of type Unspecified and Unspecified are connected
    ; warning
    @(116.84 mm, 88.90 mm): Symbol R168 Pin 1 [1, Unspecified, Line]
    @(133.35 mm, 81.28 mm): Symbol U76 Pin 4 [EN, Unspecified, Line]
[pin_to_pin]: Pins of type Unspecified and Unspecified are connected
    ; warning
    @(133.35 mm, 76.20 mm): Symbol U76 Pin 5 [VIN, Unspecified, Line]
    @(139.70 mm, 81.28 mm): Symbol U85 Pin 31 [VDD(I2C-bus), Unspecified, Line]
[pin_to_pin]: Pins of type Unspecified and Unspecified are connected
    ; warning
    @(133.35 mm, 81.28 mm): Symbol U76 Pin 4 [EN, Unspecified, Line]
    @(182.88 mm, 114.30 mm): Symbol U3403 Pin 10 [10, Unspecified, Line]
[pin_to_pin]: Pins of type Unspecified and Power input are connected
    ; warning
    @(153.67 mm, 78.74 mm): Symbol U76 Pin 2 [GND, Unspecified, Line]
    @(160.02 mm, 102.87 mm): Symbol #PWR0158 Pin 1 [Power input, Line]
[pin_to_pin]: Pins of type Unspecified and Input are connected
    ; warning
    @(153.67 mm, 81.28 mm): Symbol U76 Pin 3 [SET, Unspecified, Line]
    @(509.27 mm, 344.17 mm): Symbol R15 Pin 2 [2, Input, Line]
[pin_to_pin]: Pins of type Unspecified and Unspecified are connected
    ; warning
    @(194.31 mm, 83.82 mm): Symbol C109 Pin 2 [2, Unspecified, Line]
    @(153.67 mm, 76.20 mm): Symbol U76 Pin 1 [VOUT, Unspecified, Line]
[pin_to_pin]: Pins of type Unspecified and Power input are connected
    ; warning
    @(194.31 mm, 93.98 mm): Symbol C109 Pin 1 [1, Unspecified, Line]
    @(160.02 mm, 102.87 mm): Symbol #PWR0158 Pin 1 [Power input, Line]

***** Sheet /Battery System/Status LEDs/
[pin_not_driven]: Input pin not driven by any Output pins
    ; error
    @(88.90 mm, 55.88 mm): Symbol R147 Pin 1 [1, Input, Line]
[pin_not_driven]: Input pin not driven by any Output pins
    ; error
    @(99.06 mm, 55.88 mm): Symbol R147 Pin 2 [2, Input, Line]
[pin_to_pin]: Pins of type Unspecified and Unspecified are connected
    ; warning
    @(66.04 mm, 52.07 mm): Symbol U69 Pin 1 [OE#, Unspecified, Line]
    @(66.04 mm, 57.15 mm): Symbol U69 Pin 3 [GND, Unspecified, Line]
[pin_to_pin]: Pins of type Unspecified and Unspecified are connected
    ; warning
    @(66.04 mm, 54.61 mm): Symbol U69 Pin 2 [A, Unspecified, Line]
    @(143.51 mm, 74.93 mm): Symbol U83 Pin 2 [2, Unspecified, Line]
[pin_to_pin]: Pins of type Unspecified and Power input are connected
    ; warning
    @(66.04 mm, 57.15 mm): Symbol U69 Pin 3 [GND, Unspecified, Line]
    @(74.93 mm, 78.74 mm): Symbol #PWR0134 Pin 1 [Power input, Line]
[pin_to_pin]: Pins of type Unspecified and Power input are connected
    ; warning
    @(83.82 mm, 53.34 mm): Symbol U69 Pin 5 [VCC, Unspecified, Line]
    @(87.63 mm, 44.45 mm): Symbol #PWR0135 Pin 1 [Power input, Line]
[pin_to_pin]: Pins of type Unspecified and Input are connected
    ; warning
    @(83.82 mm, 55.88 mm): Symbol U69 Pin 4 [Y, Unspecified, Line]
    @(88.90 mm, 55.88 mm): Symbol R147 Pin 1 [1, Input, Line]
[pin_to_pin]: Pins of type Unspecified and Unspecified are connected
    ; warning
    @(87.63 mm, 59.69 mm): Symbol C83 Pin 2 [2, Unspecified, Line]
    @(83.82 mm, 53.34 mm): Symbol U69 Pin 5 [VCC, Unspecified, Line]
[pin_to_pin]: Pins of type Unspecified and Power input are connected
    ; warning
    @(87.63 mm, 69.85 mm): Symbol C83 Pin 1 [1, Unspecified, Line]
    @(74.93 mm, 78.74 mm): Symbol #PWR0134 Pin 1 [Power input, Line]
[pin_to_pin]: Pins of type Unspecified and Power input are connected
    ; warning
    @(110.49 mm, 53.34 mm): Symbol U70 Pin 5 [GND, Unspecified, Line]
    @(106.68 mm, 58.42 mm): Symbol #PWR0136 Pin 1 [Power input, Line]
[pin_to_pin]: Pins of type Unspecified and Input are connected
    ; warning
    @(110.49 mm, 55.88 mm): Symbol U70 Pin 4 [DIN1, Unspecified, Line]
    @(99.06 mm, 55.88 mm): Symbol R147 Pin 2 [2, Input, Line]
[pin_to_pin]: Pins of type Unspecified and Power input are connected
    ; warning
    @(130.81 mm, 53.34 mm): Symbol U70 Pin 2 [VDD, Unspecified, Line]
    @(134.62 mm, 38.10 mm): Symbol #PWR0139 Pin 1 [Power input, Line]
[pin_to_pin]: Pins of type Unspecified and Input are connected
    ; warning
    @(119.38 mm, 147.32 mm): Symbol C84 Pin 2 [2, Unspecified, Line]
    @(137.16 mm, 147.32 mm): Symbol C85 Pin 1 [1, Input, Line]
[pin_to_pin]: Pins of type Unspecified and Power input are connected
    ; warning
    @(119.38 mm, 157.48 mm): Symbol C84 Pin 1 [1, Unspecified, Line]
    @(128.27 mm, 170.18 mm): Symbol #PWR0138 Pin 1 [Power input, Line]
[pin_to_pin]: Pins of type Unspecified and Input are connected
    ; warning
    @(191.77 mm, 129.54 mm): Symbol CN2301 Pin 1 [1, Unspecified, Line]
    @(137.16 mm, 147.32 mm): Symbol C85 Pin 1 [1, Input, Line]
[pin_to_pin]: Pins of type Unspecified and Unspecified are connected
    ; warning
    @(191.77 mm, 134.62 mm): Symbol CN2301 Pin 3 [3, Unspecified, Line]
    @(130.81 mm, 55.88 mm): Symbol U70 Pin 3 [DO, Unspecified, Line]
[pin_to_pin]: Pins of type Unspecified and Power input are connected
    ; warning
    @(191.77 mm, 137.16 mm): Symbol CN2301 Pin 4 [4, Unspecified, Line]
    @(185.42 mm, 140.97 mm): Symbol #PWR0140 Pin 1 [Power input, Line]

***** Sheet /Battery System/ESC FET/
[pin_to_pin]: Pins of type Unspecified and Unspecified are connected
    ; warning
    @(58.42 mm, 101.60 mm): Symbol C87 Pin 2 [2, Unspecified, Line]
    @(71.12 mm, 101.60 mm): Symbol C88 Pin 2 [2, Unspecified, Line]
[pin_to_pin]: Pins of type Unspecified and Input are connected
    ; warning
    @(71.12 mm, 101.60 mm): Symbol C88 Pin 2 [2, Unspecified, Line]
    @(80.01 mm, 93.98 mm): Symbol R148 Pin 2 [2, Input, Line]
[pin_to_pin]: Pins of type Unspecified and Unspecified are connected
    ; warning
    @(58.42 mm, 111.76 mm): Symbol C87 Pin 1 [1, Unspecified, Line]
    @(71.12 mm, 111.76 mm): Symbol C88 Pin 1 [1, Unspecified, Line]
[pin_to_pin]: Pins of type Unspecified and Input are connected
    ; warning
    @(92.71 mm, 93.98 mm): Symbol ZD1 Pin 1 [K, Unspecified, Line]
    @(80.01 mm, 93.98 mm): Symbol R148 Pin 2 [2, Input, Line]
[pin_to_pin]: Pins of type Unspecified and Input are connected
    ; warning
    @(71.12 mm, 111.76 mm): Symbol C88 Pin 1 [1, Unspecified, Line]
    @(44.45 mm, 111.76 mm): Symbol C86 Pin 2 [2, Input, Line]
[pin_to_pin]: Pins of type Unspecified and Input are connected
    ; warning
    @(92.71 mm, 104.14 mm): Symbol ZD1 Pin 2 [A, Unspecified, Line]
    @(80.01 mm, 104.14 mm): Symbol R148 Pin 1 [1, Input, Line]
[pin_to_pin]: Pins of type Unspecified and Unspecified are connected
    ; warning
    @(111.76 mm, 91.44 mm): Symbol Q11 Pin 1 [S, Unspecified, Line]
    @(111.76 mm, 93.98 mm): Symbol Q11 Pin 2 [S, Unspecified, Line]
[pin_to_pin]: Pins of type Unspecified and Unspecified are connected
    ; warning
    @(111.76 mm, 93.98 mm): Symbol Q11 Pin 2 [S, Unspecified, Line]
    @(111.76 mm, 96.52 mm): Symbol Q11 Pin 3 [S, Unspecified, Line]
[pin_to_pin]: Pins of type Unspecified and Unspecified are connected
    ; warning
    @(111.76 mm, 96.52 mm): Symbol Q11 Pin 3 [S, Unspecified, Line]
    @(92.71 mm, 93.98 mm): Symbol ZD1 Pin 1 [K, Unspecified, Line]
[pin_to_pin]: Pins of type Unspecified and Unspecified are connected
    ; warning
    @(111.76 mm, 99.06 mm): Symbol Q11 Pin 4 [G, Unspecified, Line]
    @(92.71 mm, 104.14 mm): Symbol ZD1 Pin 2 [A, Unspecified, Line]
[pin_to_pin]: Pins of type Unspecified and Unspecified are connected
    ; warning
    @(127.00 mm, 91.44 mm): Symbol Q11 Pin 8 [D, Unspecified, Line]
    @(591.82 mm, 229.87 mm): Symbol R18 Pin 1 [1, Unspecified, Line]
[pin_to_pin]: Pins of type Unspecified and Unspecified are connected
    ; warning
    @(127.00 mm, 93.98 mm): Symbol Q11 Pin 7 [D, Unspecified, Line]
    @(127.00 mm, 91.44 mm): Symbol Q11 Pin 8 [D, Unspecified, Line]
[pin_to_pin]: Pins of type Unspecified and Unspecified are connected
    ; warning
    @(127.00 mm, 96.52 mm): Symbol Q11 Pin 6 [D, Unspecified, Line]
    @(127.00 mm, 93.98 mm): Symbol Q11 Pin 7 [D, Unspecified, Line]
[pin_to_pin]: Pins of type Unspecified and Unspecified are connected
    ; warning
    @(127.00 mm, 99.06 mm): Symbol Q11 Pin 5 [D, Unspecified, Line]
    @(127.00 mm, 96.52 mm): Symbol Q11 Pin 6 [D, Unspecified, Line]
[pin_to_pin]: Pins of type Unspecified and Passive are connected
    ; warning
    @(111.76 mm, 142.24 mm): Symbol Q10 Pin 3 [D, Unspecified, Line]
    @(111.76 mm, 138.43 mm): Symbol R149 Pin 2 [Passive, Line]
[multiple_net_names]: Both IN- and OUT- are attached to the same items; IN- will be used in the netlist
    ; warning
    @(25.40 mm, 116.84 mm): Hierarchical Label 'IN-'
    @(143.51 mm, 116.84 mm): Hierarchical Label 'OUT-'
[pin_to_pin]: Pins of type Unspecified and Unspecified are connected
    ; warning
    @(111.76 mm, 152.40 mm): Symbol Q10 Pin 2 [S, Unspecified, Line]
    @(121.92 mm, 162.56 mm): Symbol R150 Pin 2 [2, Unspecified, Line]
[pin_to_pin]: Pins of type Unspecified and Unspecified are connected
    ; warning
    @(119.38 mm, 147.32 mm): Symbol Q10 Pin 1 [G, Unspecified, Line]
    @(121.92 mm, 152.40 mm): Symbol R150 Pin 1 [1, Unspecified, Line]
[pin_to_pin]: Pins of type Unspecified and Unspecified are connected
    ; warning
    @(121.92 mm, 152.40 mm): Symbol R150 Pin 1 [1, Unspecified, Line]
    @(68.58 mm, 101.60 mm): Symbol U3402 Pin 2 [2, Unspecified, Line]
[pin_to_pin]: Pins of type Unspecified and Power input are connected
    ; warning
    @(121.92 mm, 162.56 mm): Symbol R150 Pin 2 [2, Unspecified, Line]
    @(116.84 mm, 168.91 mm): Symbol #PWR0141 Pin 1 [Power input, Line]

***** Sheet /Battery System/INA226_SINGLE_CURR_SENSOR_ESC/
[pin_to_pin]: Pins of type Unspecified and Unspecified are connected
    ; warning
    @(121.92 mm, 76.20 mm): Symbol U81 Pin 1 [A1, Unspecified, Line]
    @(121.92 mm, 86.36 mm): Symbol U81 Pin 5 [SCL, Unspecified, Line]
[pin_to_pin]: Pins of type Unspecified and Unspecified are connected
    ; warning
    @(121.92 mm, 78.74 mm): Symbol U81 Pin 2 [A0, Unspecified, Line]
    @(121.92 mm, 83.82 mm): Symbol U81 Pin 4 [SDA, Unspecified, Line]
[pin_to_pin]: Pins of type Unspecified and Unspecified are connected
    ; warning
    @(121.92 mm, 81.28 mm): Symbol U81 Pin 3 [Alert, Unspecified, Line]
    @(68.58 mm, 99.06 mm): Symbol U3402 Pin 1 [1, Unspecified, Line]
[pin_to_pin]: Pins of type Unspecified and Passive are connected
    ; warning
    @(121.92 mm, 83.82 mm): Symbol U81 Pin 4 [SDA, Unspecified, Line]
    @(139.70 mm, 92.71 mm): Symbol USBC_SDA1 Pin 1 [A, Passive, Line]
[pin_to_pin]: Pins of type Unspecified and Passive are connected
    ; warning
    @(121.92 mm, 86.36 mm): Symbol U81 Pin 5 [SCL, Unspecified, Line]
    @(139.70 mm, 90.17 mm): Symbol USBC_SCL1 Pin 1 [A, Passive, Line]
[pin_to_pin]: Pins of type Unspecified and Passive are connected
    ; warning
    @(147.32 mm, 76.20 mm): Symbol U81 Pin 10 [VIN+, Unspecified, Line]
    @(172.72 mm, 76.20 mm): Symbol NT29 Pin 2 [2, Passive, Line]
[pin_to_pin]: Pins of type Unspecified and Passive are connected
    ; warning
    @(147.32 mm, 78.74 mm): Symbol U81 Pin 9 [VIN-, Unspecified, Line]
    @(172.72 mm, 78.74 mm): Symbol NT28 Pin 2 [2, Passive, Line]
[pin_to_pin]: Pins of type Unspecified and Unspecified are connected
    ; warning
    @(147.32 mm, 81.28 mm): Symbol U81 Pin 8 [VBUS, Unspecified, Line]
    @(147.32 mm, 76.20 mm): Symbol U81 Pin 10 [VIN+, Unspecified, Line]
[pin_to_pin]: Pins of type Unspecified and Power input are connected
    ; warning
    @(147.32 mm, 83.82 mm): Symbol U81 Pin 7 [GND, Unspecified, Line]
    @(151.13 mm, 91.44 mm): Symbol #PWR0164 Pin 1 [Power input, Line]
[pin_to_pin]: Pins of type Unspecified and Power input are connected
    ; warning
    @(147.32 mm, 86.36 mm): Symbol U81 Pin 6 [VS+, Unspecified, Line]
    @(194.31 mm, 83.82 mm): Symbol #PWR0165 Pin 1 [Power input, Line]
[pin_to_pin]: Pins of type Unspecified and Power input are connected
    ; warning
    @(187.96 mm, 88.90 mm): Symbol C126 Pin 1 [1, Unspecified, Line]
    @(194.31 mm, 83.82 mm): Symbol #PWR0165 Pin 1 [Power input, Line]
[pin_to_pin]: Pins of type Unspecified and Power input are connected
    ; warning
    @(187.96 mm, 99.06 mm): Symbol C126 Pin 2 [2, Unspecified, Line]
    @(194.31 mm, 104.14 mm): Symbol #PWR0166 Pin 1 [Power input, Line]
[pin_to_pin]: Pins of type Unspecified and Power input are connected
    ; warning
    @(200.66 mm, 88.90 mm): Symbol C127 Pin 2 [2, Unspecified, Line]
    @(194.31 mm, 83.82 mm): Symbol #PWR0165 Pin 1 [Power input, Line]
[pin_to_pin]: Pins of type Unspecified and Power input are connected
    ; warning
    @(200.66 mm, 99.06 mm): Symbol C127 Pin 1 [1, Unspecified, Line]
    @(194.31 mm, 104.14 mm): Symbol #PWR0166 Pin 1 [Power input, Line]

***** Sheet /Battery System/3v3 rail/
[pin_to_pin]: Pins of type Unspecified and Unspecified are connected
    ; warning
    @(105.41 mm, 154.94 mm): Symbol C2602 Pin 1 [1, Unspecified, Line]
    @(124.46 mm, 152.40 mm): Symbol U2601 Pin 3 [VIN, Unspecified, Line]
[pin_to_pin]: Pins of type Unspecified and Power input are connected
    ; warning
    @(124.46 mm, 147.32 mm): Symbol U2601 Pin 1 [ADJ(GND), Unspecified, Line]
    @(124.46 mm, 147.32 mm): Symbol #PWR02602 Pin 1 [Power input, Line]
[pin_to_pin]: Pins of type Unspecified and Input are connected
    ; warning
    @(124.46 mm, 149.86 mm): Symbol U2601 Pin 2 [VOUT(TAB), Unspecified, Line]
    @(115.57 mm, 154.94 mm): Symbol C2601 Pin 1 [1, Input, Line]
[pin_to_pin]: Pins of type Unspecified and Power input are connected
    ; warning
    @(105.41 mm, 165.10 mm): Symbol C2602 Pin 2 [2, Unspecified, Line]
    @(110.49 mm, 167.64 mm): Symbol #PWR02603 Pin 1 [Power input, Line]
[pin_to_pin]: Pins of type Unspecified and Passive are connected
    ; warning
    @(124.46 mm, 152.40 mm): Symbol U2601 Pin 3 [VIN, Unspecified, Line]
    @(187.96 mm, 62.23 mm): Symbol NT2701 Pin 2 [2, Passive, Line]
[pin_to_pin]: Pins of type Unspecified and Power input are connected
    ; warning
    @(152.40 mm, 149.86 mm): Symbol U2601 Pin 4 [TAB, Unspecified, Line]
    @(156.21 mm, 154.94 mm): Symbol #PWR02601 Pin 1 [Power input, Line]

***** Sheet /Battery System/5v rail/
[pin_to_pin]: Pins of type Unspecified and Unspecified are connected
    ; warning
    @(49.53 mm, 88.90 mm): Symbol C96 Pin 2 [2, Unspecified, Line]
    @(64.77 mm, 90.17 mm): Symbol C2701 Pin 1 [1, Unspecified, Line]
[pin_to_pin]: Pins of type Unspecified and Unspecified are connected
    ; warning
    @(49.53 mm, 99.06 mm): Symbol C96 Pin 1 [1, Unspecified, Line]
    @(64.77 mm, 100.33 mm): Symbol C2701 Pin 2 [2, Unspecified, Line]
[pin_to_pin]: Pins of type Unspecified and Unspecified are connected
    ; warning
    @(64.77 mm, 90.17 mm): Symbol C2701 Pin 1 [1, Unspecified, Line]
    @(73.66 mm, 90.17 mm): Symbol C2702 Pin 1 [1, Unspecified, Line]
[pin_to_pin]: Pins of type Unspecified and Input are connected
    ; warning
    @(73.66 mm, 90.17 mm): Symbol C2702 Pin 1 [1, Unspecified, Line]
    @(88.90 mm, 91.44 mm): Symbol C98 Pin 1 [1, Input, Line]
[pin_to_pin]: Pins of type Unspecified and Unspecified are connected
    ; warning
    @(64.77 mm, 100.33 mm): Symbol C2701 Pin 2 [2, Unspecified, Line]
    @(73.66 mm, 100.33 mm): Symbol C2702 Pin 2 [2, Unspecified, Line]
[pin_to_pin]: Pins of type Unspecified and Power input are connected
    ; warning
    @(73.66 mm, 100.33 mm): Symbol C2702 Pin 2 [2, Unspecified, Line]
    @(64.77 mm, 110.49 mm): Symbol #PWR0149 Pin 1 [Power input, Line]
[pin_to_pin]: Pins of type Unspecified and Unspecified are connected
    ; warning
    @(127.00 mm, 80.01 mm): Symbol U74 Pin 1 [PGOOD, Unspecified, Line]
    @(83.82 mm, 88.90 mm): Symbol U3401 Pin 5 [5, Unspecified, Line]
[pin_to_pin]: Pins of type Unspecified and Passive are connected
    ; warning
    @(127.00 mm, 82.55 mm): Symbol U74 Pin 2 [EN, Unspecified, Line]
    @(115.57 mm, 82.55 mm): Symbol R2704 Pin 2 [Passive, Line]
[pin_to_pin]: Pins of type Unspecified and Passive are connected
    ; warning
    @(127.00 mm, 85.09 mm): Symbol U74 Pin 3 [VIN, Unspecified, Line]
    @(107.95 mm, 82.55 mm): Symbol R2704 Pin 1 [Passive, Line]
[pin_to_pin]: Pins of type Unspecified and Passive are connected
    ; warning
    @(127.00 mm, 87.63 mm): Symbol U74 Pin 4 [VOUT, Unspecified, Line]
    @(187.96 mm, 62.23 mm): Symbol NT2701 Pin 2 [2, Passive, Line]
[pin_to_pin]: Pins of type Unspecified and Passive are connected
    ; warning
    @(114.30 mm, 109.22 mm): Symbol Q12 Pin 1 [G, Unspecified, Line]
    @(111.76 mm, 116.84 mm): Symbol R2705 Pin 2 [Passive, Line]
[pin_to_pin]: Pins of type Unspecified and Unspecified are connected
    ; warning
    @(121.92 mm, 104.14 mm): Symbol Q12 Pin 3 [D, Unspecified, Line]
    @(127.00 mm, 82.55 mm): Symbol U74 Pin 2 [EN, Unspecified, Line]
[pin_to_pin]: Pins of type Unspecified and Passive are connected
    ; warning
    @(121.92 mm, 114.30 mm): Symbol Q12 Pin 2 [S, Unspecified, Line]
    @(111.76 mm, 124.46 mm): Symbol R2705 Pin 1 [Passive, Line]
[pin_to_pin]: Pins of type Unspecified and Passive are connected
    ; warning
    @(149.86 mm, 77.47 mm): Symbol U74 Pin 11 [RT, Unspecified, Line]
    @(158.75 mm, 77.47 mm): Symbol R2703 Pin 1 [Passive, Line]
[pin_to_pin]: Pins of type Unspecified and Passive are connected
    ; warning
    @(149.86 mm, 80.01 mm): Symbol U74 Pin 10 [GND, Unspecified, Line]
    @(166.37 mm, 77.47 mm): Symbol R2703 Pin 2 [Passive, Line]
[pin_to_pin]: Pins of type Unspecified and Passive are connected
    ; warning
    @(149.86 mm, 82.55 mm): Symbol U74 Pin 9 [FB, Unspecified, Line]
    @(180.34 mm, 77.47 mm): Symbol R2701 Pin 2 [Passive, Line]
[pin_to_pin]: Pins of type Unspecified and Unspecified are connected
    ; warning
    @(157.48 mm, 93.98 mm): Symbol C99 Pin 2 [2, Unspecified, Line]
    @(149.86 mm, 85.09 mm): Symbol U74 Pin 8 [VCC, Unspecified, Line]
[pin_to_pin]: Pins of type Unspecified and Passive are connected
    ; warning
    @(157.48 mm, 104.14 mm): Symbol C99 Pin 1 [1, Unspecified, Line]
    @(180.34 mm, 97.79 mm): Symbol R2702 Pin 2 [Passive, Line]
[pin_to_pin]: Pins of type Unspecified and Unspecified are connected
    ; warning
    @(222.25 mm, 63.50 mm): Symbol C2703 Pin 2 [2, Unspecified, Line]
    @(237.49 mm, 63.50 mm): Symbol C2704 Pin 2 [2, Unspecified, Line]
[pin_to_pin]: Pins of type Unspecified and Power input are connected
    ; warning
    @(222.25 mm, 73.66 mm): Symbol C2703 Pin 1 [1, Unspecified, Line]
    @(229.87 mm, 78.74 mm): Symbol #PWR0152 Pin 1 [Power input, Line]
[multiple_net_names]: Both 5V buck rail and 5V-OUT are attached to the same items; 5V buck rail will be used in the netlist
    ; warning
    @(212.09 mm, 59.69 mm): Label '5V buck rail'
    @(237.49 mm, 58.42 mm): Hierarchical Label '5V-OUT'
[pin_to_pin]: Pins of type Unspecified and Passive are connected
    ; warning
    @(237.49 mm, 63.50 mm): Symbol C2704 Pin 2 [2, Unspecified, Line]
    @(187.96 mm, 62.23 mm): Symbol NT2701 Pin 2 [2, Passive, Line]
[pin_to_pin]: Pins of type Unspecified and Power input are connected
    ; warning
    @(237.49 mm, 73.66 mm): Symbol C2704 Pin 1 [1, Unspecified, Line]
    @(229.87 mm, 78.74 mm): Symbol #PWR0152 Pin 1 [Power input, Line]

***** Sheet /Battery System/CUR2/
[pin_not_driven]: Input pin not driven by any Output pins
    ; error
    @(181.61 mm, 73.66 mm): Symbol RN2 Pin 1 [1, Input, Line]
[pin_not_driven]: Input pin not driven by any Output pins
    ; error
    @(184.15 mm, 73.66 mm): Symbol RN2 Pin 2 [2, Input, Line]
[pin_not_driven]: Input pin not driven by any Output pins
    ; error
    @(186.69 mm, 73.66 mm): Symbol RN2 Pin 3 [3, Input, Line]
[pin_not_driven]: Input pin not driven by any Output pins
    ; error
    @(147.32 mm, 138.43 mm): Symbol R162 Pin 1 [1, Input, Line]
[pin_not_driven]: Input pin not driven by any Output pins
    ; error
    @(189.23 mm, 73.66 mm): Symbol RN2 Pin 4 [4, Input, Line]
[pin_to_pin]: Pins of type Unspecified and Unspecified are connected
    ; warning
    @(46.99 mm, 121.92 mm): Symbol C102 Pin 2 [2, Unspecified, Line]
    @(63.50 mm, 121.92 mm): Symbol C103 Pin 2 [2, Unspecified, Line]
[pin_to_pin]: Pins of type Unspecified and Power input are connected
    ; warning
    @(63.50 mm, 121.92 mm): Symbol C103 Pin 2 [2, Unspecified, Line]
    @(46.99 mm, 95.25 mm): Symbol #PWR0153 Pin 1 [Power input, Line]
[pin_to_pin]: Pins of type Unspecified and Unspecified are connected
    ; warning
    @(46.99 mm, 132.08 mm): Symbol C102 Pin 1 [1, Unspecified, Line]
    @(63.50 mm, 132.08 mm): Symbol C103 Pin 1 [1, Unspecified, Line]
[pin_to_pin]: Pins of type Unspecified and Power input are connected
    ; warning
    @(63.50 mm, 132.08 mm): Symbol C103 Pin 1 [1, Unspecified, Line]
    @(63.50 mm, 142.24 mm): Symbol #PWR0154 Pin 1 [Power input, Line]
[pin_to_pin]: Pins of type Unspecified and Passive are connected
    ; warning
    @(133.35 mm, 109.22 mm): Symbol CUR_2 Pin 1 [IN-3, Unspecified, Line]
    @(114.30 mm, 101.60 mm): Symbol C2801 Pin 1 [Passive, Line]
[pin_to_pin]: Pins of type Unspecified and Passive are connected
    ; warning
    @(133.35 mm, 111.76 mm): Symbol CUR_2 Pin 2 [IN+3, Unspecified, Line]
    @(114.30 mm, 109.22 mm): Symbol C2801 Pin 2 [Passive, Line]
[pin_to_pin]: Pins of type Unspecified and Power input are connected
    ; warning
    @(133.35 mm, 114.30 mm): Symbol CUR_2 Pin 3 [GND, Unspecified, Line]
    @(63.50 mm, 142.24 mm): Symbol #PWR0154 Pin 1 [Power input, Line]
[pin_to_pin]: Pins of type Unspecified and Input are connected
    ; warning
    @(133.35 mm, 116.84 mm): Symbol CUR_2 Pin 4 [VS, Unspecified, Line]
    @(137.16 mm, 138.43 mm): Symbol R162 Pin 2 [2, Input, Line]
[pin_to_pin]: Pins of type Unspecified and Input are connected
    ; warning
    @(152.40 mm, 93.98 mm): Symbol CUR_2 Pin 16 [VPU, Unspecified, Line]
    @(137.16 mm, 138.43 mm): Symbol R162 Pin 2 [2, Input, Line]
[pin_to_pin]: Pins of type Unspecified and Passive are connected
    ; warning
    @(154.94 mm, 93.98 mm): Symbol CUR_2 Pin 15 [IN+2, Unspecified, Line]
    @(157.48 mm, 80.01 mm): Symbol C2802 Pin 1 [Passive, Line]
[pin_to_pin]: Pins of type Unspecified and Passive are connected
    ; warning
    @(157.48 mm, 93.98 mm): Symbol CUR_2 Pin 14 [IN-2, Unspecified, Line]
    @(165.10 mm, 80.01 mm): Symbol C2802 Pin 2 [Passive, Line]
[pin_to_pin]: Pins of type Unspecified and Input are connected
    ; warning
    @(160.02 mm, 93.98 mm): Symbol CUR_2 Pin 13 [TC, Unspecified, Line]
    @(189.23 mm, 73.66 mm): Symbol RN2 Pin 4 [4, Input, Line]
[pin_to_pin]: Pins of type Unspecified and Input are connected
    ; warning
    @(152.40 mm, 132.08 mm): Symbol CUR_2 Pin 5 [A0, Unspecified, Line]
    @(147.32 mm, 138.43 mm): Symbol R162 Pin 1 [1, Input, Line]
[pin_to_pin]: Pins of type Unspecified and Unspecified are connected
    ; warning
    @(154.94 mm, 132.08 mm): Symbol CUR_2 Pin 6 [SCL, Unspecified, Line]
    @(157.48 mm, 132.08 mm): Symbol CUR_2 Pin 7 [SDA, Unspecified, Line]
[pin_to_pin]: Pins of type Unspecified and Passive are connected
    ; warning
    @(157.48 mm, 132.08 mm): Symbol CUR_2 Pin 7 [SDA, Unspecified, Line]
    @(139.70 mm, 92.71 mm): Symbol USBC_SDA1 Pin 1 [A, Passive, Line]
[pin_to_pin]: Pins of type Unspecified and Input are connected
    ; warning
    @(160.02 mm, 132.08 mm): Symbol CUR_2 Pin 8 [WARNING, Unspecified, Line]
    @(186.69 mm, 73.66 mm): Symbol RN2 Pin 3 [3, Input, Line]
[pin_to_pin]: Pins of type Unspecified and Passive are connected
    ; warning
    @(179.07 mm, 109.22 mm): Symbol CUR_2 Pin 12 [IN+1, Unspecified, Line]
    @(224.79 mm, 101.60 mm): Symbol C2803 Pin 2 [Passive, Line]
[pin_to_pin]: Pins of type Unspecified and Passive are connected
    ; warning
    @(179.07 mm, 111.76 mm): Symbol CUR_2 Pin 11 [IN-1, Unspecified, Line]
    @(224.79 mm, 109.22 mm): Symbol C2803 Pin 1 [Passive, Line]
[pin_to_pin]: Pins of type Unspecified and Input are connected
    ; warning
    @(179.07 mm, 114.30 mm): Symbol CUR_2 Pin 10 [PV, Unspecified, Line]
    @(181.61 mm, 73.66 mm): Symbol RN2 Pin 1 [1, Input, Line]
[pin_to_pin]: Pins of type Unspecified and Input are connected
    ; warning
    @(179.07 mm, 116.84 mm): Symbol CUR_2 Pin 9 [CRITICAL, Unspecified, Line]
    @(184.15 mm, 73.66 mm): Symbol RN2 Pin 2 [2, Input, Line]

***** Sheet /Battery System/mt9700-efuse1/
[pin_to_pin]: Pins of type Unspecified and Unspecified are connected
    ; warning
    @(69.85 mm, 83.82 mm): Symbol C107 Pin 2 [2, Unspecified, Line]
    @(86.36 mm, 83.82 mm): Symbol C108 Pin 2 [2, Unspecified, Line]
[pin_to_pin]: Pins of type Unspecified and Power input are connected
    ; warning
    @(69.85 mm, 93.98 mm): Symbol C107 Pin 1 [1, Unspecified, Line]
    @(78.74 mm, 105.41 mm): Symbol #PWR0156 Pin 1 [Power input, Line]
[pin_to_pin]: Pins of type Unspecified and Unspecified are connected
    ; warning
    @(86.36 mm, 83.82 mm): Symbol C108 Pin 2 [2, Unspecified, Line]
    @(116.84 mm, 78.74 mm): Symbol R168 Pin 2 [2, Unspecified, Line]
[pin_to_pin]: Pins of type Unspecified and Power input are connected
    ; warning
    @(86.36 mm, 93.98 mm): Symbol C108 Pin 1 [1, Unspecified, Line]
    @(78.74 mm, 105.41 mm): Symbol #PWR0156 Pin 1 [Power input, Line]
[pin_to_pin]: Pins of type Unspecified and Unspecified are connected
    ; warning
    @(116.84 mm, 78.74 mm): Symbol R168 Pin 2 [2, Unspecified, Line]
    @(133.35 mm, 76.20 mm): Symbol U76 Pin 5 [VIN, Unspecified, Line]
[pin_to_pin]: Pins of type Unspecified and Unspecified are connected
    ; warning
    @(116.84 mm, 88.90 mm): Symbol R168 Pin 1 [1, Unspecified, Line]
    @(133.35 mm, 81.28 mm): Symbol U76 Pin 4 [EN, Unspecified, Line]
[pin_to_pin]: Pins of type Unspecified and Unspecified are connected
    ; warning
    @(133.35 mm, 76.20 mm): Symbol U76 Pin 5 [VIN, Unspecified, Line]
    @(124.46 mm, 152.40 mm): Symbol U2601 Pin 3 [VIN, Unspecified, Line]
[pin_to_pin]: Pins of type Unspecified and Unspecified are connected
    ; warning
    @(153.67 mm, 76.20 mm): Symbol U76 Pin 1 [VOUT, Unspecified, Line]
    @(576.58 mm, 111.76 mm): Symbol USB1 Pin B9 [VBUS, Unspecified, Line]
[pin_to_pin]: Pins of type Unspecified and Power input are connected
    ; warning
    @(153.67 mm, 78.74 mm): Symbol U76 Pin 2 [GND, Unspecified, Line]
    @(160.02 mm, 102.87 mm): Symbol #PWR0158 Pin 1 [Power input, Line]
[pin_to_pin]: Pins of type Unspecified and Input are connected
    ; warning
    @(153.67 mm, 81.28 mm): Symbol U76 Pin 3 [SET, Unspecified, Line]
    @(515.62 mm, 109.22 mm): Symbol R12 Pin 2 [2, Input, Line]
[pin_to_pin]: Pins of type Unspecified and Unspecified are connected
    ; warning
    @(194.31 mm, 83.82 mm): Symbol C109 Pin 2 [2, Unspecified, Line]
    @(153.67 mm, 76.20 mm): Symbol U76 Pin 1 [VOUT, Unspecified, Line]
[pin_to_pin]: Pins of type Unspecified and Power input are connected
    ; warning
    @(194.31 mm, 93.98 mm): Symbol C109 Pin 1 [1, Unspecified, Line]
    @(160.02 mm, 102.87 mm): Symbol #PWR0158 Pin 1 [Power input, Line]

***** Sheet /Battery System/PWM Driver/
[pin_not_driven]: Input pin not driven by any Output pins
    ; error
    @(135.89 mm, 64.77 mm): Symbol R181 Pin 2 [2, Input, Line]
[pin_not_driven]: Input pin not driven by any Output pins
    ; error
    @(135.89 mm, 72.39 mm): Symbol R182 Pin 2 [2, Input, Line]
[pin_not_driven]: Input pin not driven by any Output pins
    ; error
    @(135.89 mm, 80.01 mm): Symbol R183 Pin 2 [2, Input, Line]
[pin_not_driven]: Input pin not driven by any Output pins
    ; error
    @(135.89 mm, 87.63 mm): Symbol R184 Pin 2 [2, Input, Line]
[pin_not_driven]: Input pin not driven by any Output pins
    ; error
    @(161.29 mm, 64.77 mm): Symbol R186 Pin 1 [1, Input, Line]
[pin_not_connected]: Pin not connected
    ; error
    @(120.65 mm, 125.73 mm): Symbol U3201 Pin 9 [9, Unspecified, Line]
[pin_not_connected]: Pin not connected
    ; error
    @(135.89 mm, 125.73 mm): Symbol U3201 Pin 8 [8, Unspecified, Line]
[pin_not_driven]: Input pin not driven by any Output pins
    ; error
    @(158.75 mm, 107.95 mm): Symbol U78 Pin 6 [LED0, Input, Line]
[pin_not_driven]: Input pin not driven by any Output pins
    ; error
    @(158.75 mm, 110.49 mm): Symbol U78 Pin 7 [LED1, Input, Line]
[pin_not_driven]: Input pin not driven by any Output pins
    ; error
    @(158.75 mm, 113.03 mm): Symbol U78 Pin 8 [LED2, Input, Line]
[pin_not_driven]: Input pin not driven by any Output pins
    ; error
    @(158.75 mm, 115.57 mm): Symbol U78 Pin 9 [LED3, Input, Line]
[pin_not_driven]: Input pin not driven by any Output pins
    ; error
    @(158.75 mm, 118.11 mm): Symbol U78 Pin 10 [LED4, Input, Line]
[pin_not_driven]: Input pin not driven by any Output pins
    ; error
    @(158.75 mm, 120.65 mm): Symbol U78 Pin 11 [LED5, Input, Line]
[pin_not_driven]: Input pin not driven by any Output pins
    ; error
    @(158.75 mm, 123.19 mm): Symbol U78 Pin 12 [LED6, Input, Line]
[pin_not_connected]: Pin not connected
    ; error
    @(158.75 mm, 125.73 mm): Symbol U78 Pin 13 [LED7, Input, Line]
[pin_not_driven]: Input pin not driven by any Output pins
    ; error
    @(158.75 mm, 125.73 mm): Symbol U78 Pin 13 [LED7, Input, Line]
[pin_not_connected]: Pin not connected
    ; error
    @(184.15 mm, 110.49 mm): Symbol U78 Pin 22 [LED15, Input, Line]
[pin_not_driven]: Input pin not driven by any Output pins
    ; error
    @(184.15 mm, 110.49 mm): Symbol U78 Pin 22 [LED15, Input, Line]
[pin_not_connected]: Pin not connected
    ; error
    @(184.15 mm, 113.03 mm): Symbol U78 Pin 21 [LED14, Input, Line]
[pin_not_driven]: Input pin not driven by any Output pins
    ; error
    @(184.15 mm, 113.03 mm): Symbol U78 Pin 21 [LED14, Input, Line]
[pin_not_connected]: Pin not connected
    ; error
    @(184.15 mm, 115.57 mm): Symbol U78 Pin 20 [LED13, Input, Line]
[pin_not_driven]: Input pin not driven by any Output pins
    ; error
    @(184.15 mm, 115.57 mm): Symbol U78 Pin 20 [LED13, Input, Line]
[pin_not_connected]: Pin not connected
    ; error
    @(184.15 mm, 118.11 mm): Symbol U78 Pin 19 [LED12, Input, Line]
[pin_not_driven]: Input pin not driven by any Output pins
    ; error
    @(184.15 mm, 118.11 mm): Symbol U78 Pin 19 [LED12, Input, Line]
[pin_not_driven]: Input pin not driven by any Output pins
    ; error
    @(191.77 mm, 107.95 mm): Symbol R188 Pin 1 [1, Input, Line]
[pin_not_connected]: Pin not connected
    ; error
    @(184.15 mm, 120.65 mm): Symbol U78 Pin 18 [LED11, Input, Line]
[pin_not_driven]: Input pin not driven by any Output pins
    ; error
    @(184.15 mm, 120.65 mm): Symbol U78 Pin 18 [LED11, Input, Line]
[pin_not_connected]: Pin not connected
    ; error
    @(184.15 mm, 123.19 mm): Symbol U78 Pin 17 [LED10, Input, Line]
[pin_not_driven]: Input pin not driven by any Output pins
    ; error
    @(184.15 mm, 123.19 mm): Symbol U78 Pin 17 [LED10, Input, Line]
[pin_not_connected]: Pin not connected
    ; error
    @(184.15 mm, 125.73 mm): Symbol U78 Pin 16 [LED9, Input, Line]
[pin_not_driven]: Input pin not driven by any Output pins
    ; error
    @(184.15 mm, 125.73 mm): Symbol U78 Pin 16 [LED9, Input, Line]
[pin_not_connected]: Pin not connected
    ; error
    @(184.15 mm, 128.27 mm): Symbol U78 Pin 15 [LED8, Input, Line]
[pin_not_driven]: Input pin not driven by any Output pins
    ; error
    @(184.15 mm, 128.27 mm): Symbol U78 Pin 15 [LED8, Input, Line]
[pin_to_pin]: Pins of type Unspecified and Input are connected
    ; warning
    @(135.89 mm, 107.95 mm): Symbol U3201 Pin 1 [1, Unspecified, Line]
    @(158.75 mm, 107.95 mm): Symbol U78 Pin 6 [LED0, Input, Line]
[pin_to_pin]: Pins of type Unspecified and Input are connected
    ; warning
    @(135.89 mm, 110.49 mm): Symbol U3201 Pin 2 [2, Unspecified, Line]
    @(158.75 mm, 110.49 mm): Symbol U78 Pin 7 [LED1, Input, Line]
[pin_to_pin]: Pins of type Unspecified and Input are connected
    ; warning
    @(135.89 mm, 113.03 mm): Symbol U3201 Pin 3 [3, Unspecified, Line]
    @(158.75 mm, 113.03 mm): Symbol U78 Pin 8 [LED2, Input, Line]
[pin_to_pin]: Pins of type Unspecified and Input are connected
    ; warning
    @(135.89 mm, 115.57 mm): Symbol U3201 Pin 4 [4, Unspecified, Line]
    @(158.75 mm, 115.57 mm): Symbol U78 Pin 9 [LED3, Input, Line]
[pin_to_pin]: Pins of type Unspecified and Input are connected
    ; warning
    @(135.89 mm, 118.11 mm): Symbol U3201 Pin 5 [5, Unspecified, Line]
    @(158.75 mm, 118.11 mm): Symbol U78 Pin 10 [LED4, Input, Line]
[pin_to_pin]: Pins of type Unspecified and Input are connected
    ; warning
    @(135.89 mm, 120.65 mm): Symbol U3201 Pin 6 [6, Unspecified, Line]
    @(158.75 mm, 120.65 mm): Symbol U78 Pin 11 [LED5, Input, Line]
[pin_to_pin]: Pins of type Unspecified and Input are connected
    ; warning
    @(135.89 mm, 123.19 mm): Symbol U3201 Pin 7 [7, Unspecified, Line]
    @(158.75 mm, 123.19 mm): Symbol U78 Pin 12 [LED6, Input, Line]
[pin_to_pin]: Pins of type Unspecified and Power input are connected
    ; warning
    @(236.22 mm, 69.85 mm): Symbol C117 Pin 2 [2, Unspecified, Line]
    @(243.84 mm, 60.96 mm): Symbol #PWR0161 Pin 1 [Power input, Line]
[pin_to_pin]: Pins of type Unspecified and Power input are connected
    ; warning
    @(236.22 mm, 80.01 mm): Symbol C117 Pin 1 [1, Unspecified, Line]
    @(243.84 mm, 87.63 mm): Symbol #PWR0162 Pin 1 [Power input, Line]
[pin_to_pin]: Pins of type Unspecified and Power input are connected
    ; warning
    @(251.46 mm, 69.85 mm): Symbol C118 Pin 2 [2, Unspecified, Line]
    @(243.84 mm, 60.96 mm): Symbol #PWR0161 Pin 1 [Power input, Line]
[pin_to_pin]: Pins of type Unspecified and Power input are connected
    ; warning
    @(251.46 mm, 80.01 mm): Symbol C118 Pin 1 [1, Unspecified, Line]
    @(243.84 mm, 87.63 mm): Symbol #PWR0162 Pin 1 [Power input, Line]

***** Sheet /Battery System/INA226_SINGLE_CURR_SENSOR_SERVO/
[pin_to_pin]: Pins of type Unspecified and Unspecified are connected
    ; warning
    @(121.92 mm, 76.20 mm): Symbol U81 Pin 1 [A1, Unspecified, Line]
    @(121.92 mm, 78.74 mm): Symbol U81 Pin 2 [A0, Unspecified, Line]
[pin_to_pin]: Pins of type Unspecified and Unspecified are connected
    ; warning
    @(121.92 mm, 78.74 mm): Symbol U81 Pin 2 [A0, Unspecified, Line]
    @(121.92 mm, 86.36 mm): Symbol U81 Pin 5 [SCL, Unspecified, Line]
[pin_to_pin]: Pins of type Unspecified and Unspecified are connected
    ; warning
    @(121.92 mm, 81.28 mm): Symbol U81 Pin 3 [Alert, Unspecified, Line]
    @(68.58 mm, 101.60 mm): Symbol U3402 Pin 2 [2, Unspecified, Line]
[pin_to_pin]: Pins of type Unspecified and Passive are connected
    ; warning
    @(121.92 mm, 83.82 mm): Symbol U81 Pin 4 [SDA, Unspecified, Line]
    @(139.70 mm, 92.71 mm): Symbol USBC_SDA1 Pin 1 [A, Passive, Line]
[pin_to_pin]: Pins of type Unspecified and Passive are connected
    ; warning
    @(121.92 mm, 86.36 mm): Symbol U81 Pin 5 [SCL, Unspecified, Line]
    @(139.70 mm, 90.17 mm): Symbol USBC_SCL1 Pin 1 [A, Passive, Line]
[pin_to_pin]: Pins of type Unspecified and Passive are connected
    ; warning
    @(147.32 mm, 76.20 mm): Symbol U81 Pin 10 [VIN+, Unspecified, Line]
    @(172.72 mm, 76.20 mm): Symbol NT29 Pin 2 [2, Passive, Line]
[pin_to_pin]: Pins of type Unspecified and Passive are connected
    ; warning
    @(147.32 mm, 78.74 mm): Symbol U81 Pin 9 [VIN-, Unspecified, Line]
    @(172.72 mm, 78.74 mm): Symbol NT28 Pin 2 [2, Passive, Line]
[pin_to_pin]: Pins of type Unspecified and Unspecified are connected
    ; warning
    @(147.32 mm, 81.28 mm): Symbol U81 Pin 8 [VBUS, Unspecified, Line]
    @(147.32 mm, 76.20 mm): Symbol U81 Pin 10 [VIN+, Unspecified, Line]
[pin_to_pin]: Pins of type Unspecified and Power input are connected
    ; warning
    @(147.32 mm, 83.82 mm): Symbol U81 Pin 7 [GND, Unspecified, Line]
    @(151.13 mm, 91.44 mm): Symbol #PWR0164 Pin 1 [Power input, Line]
[pin_to_pin]: Pins of type Unspecified and Power input are connected
    ; warning
    @(147.32 mm, 86.36 mm): Symbol U81 Pin 6 [VS+, Unspecified, Line]
    @(194.31 mm, 83.82 mm): Symbol #PWR0165 Pin 1 [Power input, Line]
[pin_to_pin]: Pins of type Unspecified and Power input are connected
    ; warning
    @(187.96 mm, 88.90 mm): Symbol C126 Pin 1 [1, Unspecified, Line]
    @(194.31 mm, 83.82 mm): Symbol #PWR0165 Pin 1 [Power input, Line]
[pin_to_pin]: Pins of type Unspecified and Power input are connected
    ; warning
    @(187.96 mm, 99.06 mm): Symbol C126 Pin 2 [2, Unspecified, Line]
    @(194.31 mm, 104.14 mm): Symbol #PWR0166 Pin 1 [Power input, Line]
[pin_to_pin]: Pins of type Unspecified and Power input are connected
    ; warning
    @(200.66 mm, 88.90 mm): Symbol C127 Pin 2 [2, Unspecified, Line]
    @(194.31 mm, 83.82 mm): Symbol #PWR0165 Pin 1 [Power input, Line]
[pin_to_pin]: Pins of type Unspecified and Power input are connected
    ; warning
    @(200.66 mm, 99.06 mm): Symbol C127 Pin 1 [1, Unspecified, Line]
    @(194.31 mm, 104.14 mm): Symbol #PWR0166 Pin 1 [Power input, Line]

***** Sheet /Battery System/IO-ExpanderPrimary/
[pin_not_driven]: Input pin not driven by any Output pins
    ; error
    @(162.56 mm, 73.66 mm): Symbol R241 Pin 1 [1, Input, Line]
[pin_not_driven]: Input pin not driven by any Output pins
    ; error
    @(189.23 mm, 73.66 mm): Symbol R242 Pin 1 [1, Input, Line]
[pin_to_pin]: Pins of type Unspecified and Input are connected
    ; warning
    @(83.82 mm, 78.74 mm): Symbol U3401 Pin 1 [1, Unspecified, Line]
    @(318.77 mm, 116.84 mm): Symbol R195 Pin 1 [1, Input, Line]
[pin_to_pin]: Pins of type Unspecified and Passive are connected
    ; warning
    @(83.82 mm, 83.82 mm): Symbol U3401 Pin 3 [3, Unspecified, Line]
    @(215.90 mm, 129.54 mm): Symbol R2004 Pin 1 [Passive, Line]
[pin_to_pin]: Pins of type Unspecified and Input are connected
    ; warning
    @(68.58 mm, 99.06 mm): Symbol U3402 Pin 1 [1, Unspecified, Line]
    @(162.56 mm, 73.66 mm): Symbol R241 Pin 1 [1, Input, Line]
[pin_to_pin]: Pins of type Unspecified and Passive are connected
    ; warning
    @(68.58 mm, 104.14 mm): Symbol U3402 Pin 3 [3, Unspecified, Line]
    @(115.57 mm, 104.14 mm): Symbol R1702 Pin 1 [Passive, Line]
[pin_to_pin]: Pins of type Unspecified and Passive are connected
    ; warning
    @(68.58 mm, 106.68 mm): Symbol U3402 Pin 4 [4, Unspecified, Line]
    @(157.48 mm, 73.66 mm): Symbol R1701 Pin 2 [Passive, Line]
[pin_to_pin]: Pins of type Unspecified and Passive are connected
    ; warning
    @(83.82 mm, 96.52 mm): Symbol U3401 Pin 8 [8, Unspecified, Line]
    @(111.76 mm, 116.84 mm): Symbol R2705 Pin 2 [Passive, Line]
[pin_to_pin]: Pins of type Unspecified and Unspecified are connected
    ; warning
    @(104.14 mm, 78.74 mm): Symbol U85 Pin 1 [P0_0, Unspecified, Line]
    @(99.06 mm, 78.74 mm): Symbol U3401 Pin 16 [16, Unspecified, Line]
[pin_to_pin]: Pins of type Unspecified and Input are connected
    ; warning
    @(68.58 mm, 111.76 mm): Symbol U3402 Pin 6 [6, Unspecified, Line]
    @(160.02 mm, 73.66 mm): Symbol U47 Pin L4 [RUN, Input, Line]
[pin_to_pin]: Pins of type Unspecified and Unspecified are connected
    ; warning
    @(104.14 mm, 81.28 mm): Symbol U85 Pin 2 [P0_1, Unspecified, Line]
    @(99.06 mm, 81.28 mm): Symbol U3401 Pin 15 [15, Unspecified, Line]
[pin_to_pin]: Pins of type Unspecified and Unspecified are connected
    ; warning
    @(104.14 mm, 83.82 mm): Symbol U85 Pin 3 [P0_2, Unspecified, Line]
    @(99.06 mm, 83.82 mm): Symbol U3401 Pin 14 [14, Unspecified, Line]
[pin_to_pin]: Pins of type Unspecified and Unspecified are connected
    ; warning
    @(104.14 mm, 86.36 mm): Symbol U85 Pin 4 [P0_3, Unspecified, Line]
    @(99.06 mm, 86.36 mm): Symbol U3401 Pin 13 [13, Unspecified, Line]
[pin_to_pin]: Pins of type Unspecified and Unspecified are connected
    ; warning
    @(104.14 mm, 88.90 mm): Symbol U85 Pin 5 [P0_4, Unspecified, Line]
    @(99.06 mm, 88.90 mm): Symbol U3401 Pin 12 [12, Unspecified, Line]
[pin_to_pin]: Pins of type Unspecified and Unspecified are connected
    ; warning
    @(104.14 mm, 91.44 mm): Symbol U85 Pin 6 [P0_5, Unspecified, Line]
    @(99.06 mm, 91.44 mm): Symbol U3401 Pin 11 [11, Unspecified, Line]
[pin_to_pin]: Pins of type Unspecified and Unspecified are connected
    ; warning
    @(104.14 mm, 93.98 mm): Symbol U85 Pin 7 [P0_6, Unspecified, Line]
    @(99.06 mm, 93.98 mm): Symbol U3401 Pin 10 [10, Unspecified, Line]
[pin_to_pin]: Pins of type Unspecified and Unspecified are connected
    ; warning
    @(104.14 mm, 96.52 mm): Symbol U85 Pin 8 [P0_7, Unspecified, Line]
    @(99.06 mm, 96.52 mm): Symbol U3401 Pin 9 [9, Unspecified, Line]
[pin_to_pin]: Pins of type Unspecified and Unspecified are connected
    ; warning
    @(104.14 mm, 99.06 mm): Symbol U85 Pin 9 [P1_0, Unspecified, Line]
    @(83.82 mm, 99.06 mm): Symbol U3402 Pin 16 [16, Unspecified, Line]
[pin_to_pin]: Pins of type Unspecified and Unspecified are connected
    ; warning
    @(104.14 mm, 101.60 mm): Symbol U85 Pin 10 [P1_1, Unspecified, Line]
    @(83.82 mm, 101.60 mm): Symbol U3402 Pin 15 [15, Unspecified, Line]
[pin_to_pin]: Pins of type Unspecified and Unspecified are connected
    ; warning
    @(104.14 mm, 104.14 mm): Symbol U85 Pin 11 [P1_2, Unspecified, Line]
    @(83.82 mm, 104.14 mm): Symbol U3402 Pin 14 [14, Unspecified, Line]
[pin_to_pin]: Pins of type Unspecified and Unspecified are connected
    ; warning
    @(104.14 mm, 106.68 mm): Symbol U85 Pin 12 [P1_3, Unspecified, Line]
    @(83.82 mm, 106.68 mm): Symbol U3402 Pin 13 [13, Unspecified, Line]
[pin_to_pin]: Pins of type Unspecified and Unspecified are connected
    ; warning
    @(104.14 mm, 109.22 mm): Symbol U85 Pin 13 [P1_4, Unspecified, Line]
    @(83.82 mm, 109.22 mm): Symbol U3402 Pin 12 [12, Unspecified, Line]
[pin_to_pin]: Pins of type Unspecified and Unspecified are connected
    ; warning
    @(104.14 mm, 111.76 mm): Symbol U85 Pin 14 [P1_5, Unspecified, Line]
    @(83.82 mm, 111.76 mm): Symbol U3402 Pin 11 [11, Unspecified, Line]
[pin_to_pin]: Pins of type Unspecified and Unspecified are connected
    ; warning
    @(104.14 mm, 114.30 mm): Symbol U85 Pin 15 [P1_6, Unspecified, Line]
    @(83.82 mm, 114.30 mm): Symbol U3402 Pin 10 [10, Unspecified, Line]
[pin_to_pin]: Pins of type Unspecified and Unspecified are connected
    ; warning
    @(104.14 mm, 116.84 mm): Symbol U85 Pin 16 [P1_7, Unspecified, Line]
    @(83.82 mm, 116.84 mm): Symbol U3402 Pin 9 [9, Unspecified, Line]
[pin_to_pin]: Pins of type Unspecified and Power input are connected
    ; warning
    @(139.70 mm, 76.20 mm): Symbol U85 Pin 33 [EP, Unspecified, Line]
    @(144.78 mm, 96.52 mm): Symbol #PWR0171 Pin 1 [Power input, Line]
[pin_to_pin]: Pins of type Unspecified and Input are connected
    ; warning
    @(139.70 mm, 78.74 mm): Symbol U85 Pin 32 [INT#, Unspecified, Line]
    @(162.56 mm, 73.66 mm): Symbol R241 Pin 1 [1, Input, Line]
[pin_to_pin]: Pins of type Unspecified and Power input are connected
    ; warning
    @(139.70 mm, 81.28 mm): Symbol U85 Pin 31 [VDD(I2C-bus), Unspecified, Line]
    @(144.78 mm, 81.28 mm): Symbol #PWR03401 Pin 1 [Power input, Line]
[pin_to_pin]: Pins of type Unspecified and Passive are connected
    ; warning
    @(139.70 mm, 83.82 mm): Symbol U85 Pin 30 [SDA, Unspecified, Line]
    @(139.70 mm, 92.71 mm): Symbol USBC_SDA1 Pin 1 [A, Passive, Line]
[pin_to_pin]: Pins of type Unspecified and Passive are connected
    ; warning
    @(139.70 mm, 86.36 mm): Symbol U85 Pin 29 [SCL, Unspecified, Line]
    @(139.70 mm, 90.17 mm): Symbol USBC_SCL1 Pin 1 [A, Passive, Line]
[pin_to_pin]: Pins of type Unspecified and Input are connected
    ; warning
    @(139.70 mm, 88.90 mm): Symbol U85 Pin 28 [RESET#, Unspecified, Line]
    @(189.23 mm, 73.66 mm): Symbol R242 Pin 1 [1, Input, Line]
[pin_to_pin]: Pins of type Unspecified and Unspecified are connected
    ; warning
    @(139.70 mm, 91.44 mm): Symbol U85 Pin 27 [VDD(P), Unspecified, Line]
    @(139.70 mm, 81.28 mm): Symbol U85 Pin 31 [VDD(I2C-bus), Unspecified, Line]
[pin_to_pin]: Pins of type Unspecified and Input are connected
    ; warning
    @(139.70 mm, 93.98 mm): Symbol U85 Pin 26 [ADDR, Unspecified, Line]
    @(731.52 mm, 410.21 mm): Symbol R243 Pin 2 [2, Input, Line]
[pin_to_pin]: Pins of type Unspecified and Power input are connected
    ; warning
    @(139.70 mm, 96.52 mm): Symbol U85 Pin 25 [VSS, Unspecified, Line]
    @(144.78 mm, 96.52 mm): Symbol #PWR0171 Pin 1 [Power input, Line]
[pin_to_pin]: Pins of type Unspecified and Unspecified are connected
    ; warning
    @(139.70 mm, 99.06 mm): Symbol U85 Pin 24 [P2_7, Unspecified, Line]
    @(167.64 mm, 99.06 mm): Symbol U3403 Pin 1 [1, Unspecified, Line]
[pin_to_pin]: Pins of type Unspecified and Unspecified are connected
    ; warning
    @(139.70 mm, 101.60 mm): Symbol U85 Pin 23 [P2_6, Unspecified, Line]
    @(167.64 mm, 101.60 mm): Symbol U3403 Pin 2 [2, Unspecified, Line]
[pin_to_pin]: Pins of type Unspecified and Unspecified are connected
    ; warning
    @(139.70 mm, 104.14 mm): Symbol U85 Pin 22 [P2_5, Unspecified, Line]
    @(167.64 mm, 104.14 mm): Symbol U3403 Pin 3 [3, Unspecified, Line]
[pin_to_pin]: Pins of type Unspecified and Unspecified are connected
    ; warning
    @(139.70 mm, 106.68 mm): Symbol U85 Pin 21 [P2_4, Unspecified, Line]
    @(167.64 mm, 106.68 mm): Symbol U3403 Pin 4 [4, Unspecified, Line]
[pin_to_pin]: Pins of type Unspecified and Unspecified are connected
    ; warning
    @(139.70 mm, 109.22 mm): Symbol U85 Pin 20 [P2_3, Unspecified, Line]
    @(167.64 mm, 109.22 mm): Symbol U3403 Pin 5 [5, Unspecified, Line]
[pin_to_pin]: Pins of type Unspecified and Unspecified are connected
    ; warning
    @(139.70 mm, 111.76 mm): Symbol U85 Pin 19 [P2_2, Unspecified, Line]
    @(167.64 mm, 111.76 mm): Symbol U3403 Pin 6 [6, Unspecified, Line]
[pin_to_pin]: Pins of type Unspecified and Unspecified are connected
    ; warning
    @(139.70 mm, 114.30 mm): Symbol U85 Pin 18 [P2_1, Unspecified, Line]
    @(167.64 mm, 114.30 mm): Symbol U3403 Pin 7 [7, Unspecified, Line]
[pin_to_pin]: Pins of type Unspecified and Unspecified are connected
    ; warning
    @(139.70 mm, 116.84 mm): Symbol U85 Pin 17 [P2_0, Unspecified, Line]
    @(167.64 mm, 116.84 mm): Symbol U3403 Pin 8 [8, Unspecified, Line]
[pin_to_pin]: Pins of type Unspecified and Passive are connected
    ; warning
    @(182.88 mm, 99.06 mm): Symbol U3403 Pin 16 [16, Unspecified, Line]
    @(218.44 mm, 127.00 mm): Symbol R1907 Pin 1 [Passive, Line]
[pin_to_pin]: Pins of type Unspecified and Passive are connected
    ; warning
    @(182.88 mm, 101.60 mm): Symbol U3403 Pin 15 [15, Unspecified, Line]
    @(130.81 mm, 118.11 mm): Symbol R1901 Pin 2 [Passive, Line]
[pin_to_pin]: Pins of type Unspecified and Input are connected
    ; warning
    @(207.01 mm, 68.58 mm): Symbol C141 Pin 2 [2, Unspecified, Line]
    @(189.23 mm, 63.50 mm): Symbol R242 Pin 2 [2, Input, Line]
[pin_to_pin]: Pins of type Unspecified and Power input are connected
    ; warning
    @(207.01 mm, 78.74 mm): Symbol C141 Pin 1 [1, Unspecified, Line]
    @(207.01 mm, 78.74 mm): Symbol #PWR0173 Pin 1 [Power input, Line]

***** Sheet /Battery System/MicrocontrollerKickstart/
[similar_labels]: Labels are similar (lower/upper case difference only)
    ; warning
    @(128.27 mm, 102.87 mm): Hierarchical Label 'in'
    @(83.82 mm, 46.99 mm): Hierarchical Label 'IN'
[similar_labels]: Labels are similar (lower/upper case difference only)
    ; warning
    @(128.27 mm, 102.87 mm): Hierarchical Label 'in'
    @(83.82 mm, 46.99 mm): Hierarchical Label 'IN'
[similar_labels]: Labels are similar (lower/upper case difference only)
    ; warning
    @(128.27 mm, 102.87 mm): Hierarchical Label 'in'
    @(83.82 mm, 46.99 mm): Hierarchical Label 'IN'
[similar_labels]: Labels are similar (lower/upper case difference only)
    ; warning
    @(128.27 mm, 102.87 mm): Hierarchical Label 'in'
    @(83.82 mm, 46.99 mm): Hierarchical Label 'IN'
[similar_labels]: Labels are similar (lower/upper case difference only)
    ; warning
    @(128.27 mm, 102.87 mm): Hierarchical Label 'in'
    @(83.82 mm, 46.99 mm): Hierarchical Label 'IN'
[similar_labels]: Labels are similar (lower/upper case difference only)
    ; warning
    @(128.27 mm, 102.87 mm): Hierarchical Label 'in'
    @(3.81 mm, 71.12 mm): Hierarchical Label 'IN'
[similar_labels]: Labels are similar (lower/upper case difference only)
    ; warning
    @(128.27 mm, 102.87 mm): Hierarchical Label 'in'
    @(119.38 mm, 71.12 mm): Hierarchical Label 'IN'
[similar_labels]: Labels are similar (lower/upper case difference only)
    ; warning
    @(128.27 mm, 102.87 mm): Hierarchical Label 'in'
    @(3.81 mm, 66.04 mm): Hierarchical Label 'IN'
[similar_labels]: Labels are similar (lower/upper case difference only)
    ; warning
    @(128.27 mm, 102.87 mm): Hierarchical Label 'in'
    @(66.04 mm, 76.20 mm): Hierarchical Label 'IN'
[pin_to_pin]: Pins of type Unspecified and Input are connected
    ; warning
    @(138.43 mm, 102.87 mm): Symbol F3601 Pin 1 [1, Unspecified, Line]
    @(107.95 mm, 130.81 mm): Symbol R198 Pin 1 [1, Input, Line]
[pin_to_pin]: Pins of type Unspecified and Unspecified are connected
    ; warning
    @(148.59 mm, 102.87 mm): Symbol F3601 Pin 2 [2, Unspecified, Line]
    @(157.48 mm, 102.87 mm): Symbol F3602 Pin 1 [1, Unspecified, Line]
[pin_to_pin]: Pins of type Unspecified and Passive are connected
    ; warning
    @(172.72 mm, 102.87 mm): Symbol F3602 Pin 2 [2, Unspecified, Line]
    @(179.07 mm, 173.99 mm): Symbol R3612 Pin 1 [Passive, Line]
[pin_to_pin]: Pins of type Unspecified and Unspecified are connected
    ; warning
    @(201.93 mm, 102.87 mm): Symbol D3601 Pin 2 [2, Unspecified, Line]
    @(172.72 mm, 102.87 mm): Symbol F3602 Pin 2 [2, Unspecified, Line]
[pin_to_pin]: Pins of type Unspecified and Passive are connected
    ; warning
    @(212.09 mm, 102.87 mm): Symbol D3601 Pin 1 [1, Unspecified, Line]
    @(240.03 mm, 105.41 mm): Symbol R3603 Pin 1 [Passive, Line]
[pin_to_pin]: Pins of type Unspecified and Passive are connected
    ; warning
    @(255.27 mm, 104.14 mm): Symbol D3602 Pin 1 [K, Unspecified, Line]
    @(240.03 mm, 105.41 mm): Symbol R3603 Pin 1 [Passive, Line]
[pin_to_pin]: Pins of type Unspecified and Passive are connected
    ; warning
    @(255.27 mm, 114.30 mm): Symbol D3602 Pin 2 [A, Unspecified, Line]
    @(240.03 mm, 113.03 mm): Symbol R3603 Pin 2 [Passive, Line]
[pin_to_pin]: Pins of type Unspecified and Passive are connected
    ; warning
    @(275.59 mm, 102.87 mm): Symbol Q3603 Pin 2 [S, Unspecified, Line]
    @(240.03 mm, 105.41 mm): Symbol R3603 Pin 1 [Passive, Line]
[pin_to_pin]: Pins of type Unspecified and Passive are connected
    ; warning
    @(280.67 mm, 107.95 mm): Symbol Q3603 Pin 1 [G, Unspecified, Line]
    @(280.67 mm, 121.92 mm): Symbol R3602 Pin 1 [Passive, Line]
[pin_to_pin]: Pins of type Unspecified and Power input are connected
    ; warning
    @(270.51 mm, 137.16 mm): Symbol SW2 Pin 3 [3, Unspecified, Line]
    @(270.51 mm, 137.16 mm): Symbol #PWR04502 Pin 1 [Power input, Line]
[pin_to_pin]: Pins of type Unspecified and Unspecified are connected
    ; warning
    @(285.75 mm, 102.87 mm): Symbol Q3603 Pin 3 [D, Unspecified, Line]
    @(337.82 mm, 46.99 mm): Symbol U103 Pin 7 [IN1, Unspecified, Line]
[pin_to_pin]: Pins of type Unspecified and Passive are connected
    ; warning
    @(273.05 mm, 137.16 mm): Symbol SW2 Pin 1 [1, Unspecified, Line]
    @(280.67 mm, 129.54 mm): Symbol R3602 Pin 2 [Passive, Line]
[pin_to_pin]: Pins of type Unspecified and Power input are connected
    ; warning
    @(270.51 mm, 147.32 mm): Symbol SW2 Pin 4 [4, Unspecified, Line]
    @(270.51 mm, 147.32 mm): Symbol #PWR04501 Pin 1 [Power input, Line]
[pin_to_pin]: Pins of type Unspecified and Passive are connected
    ; warning
    @(273.05 mm, 147.32 mm): Symbol SW2 Pin 2 [2, Unspecified, Line]
    @(259.08 mm, 160.02 mm): Symbol R3601 Pin 1 [Passive, Line]
[pin_to_pin]: Pins of type Unspecified and Passive are connected
    ; warning
    @(265.43 mm, 171.45 mm): Symbol Q3602 Pin 1 [G, Unspecified, Line]
    @(259.08 mm, 167.64 mm): Symbol R3601 Pin 2 [Passive, Line]
[pin_to_pin]: Pins of type Unspecified and Passive are connected
    ; warning
    @(273.05 mm, 166.37 mm): Symbol Q3602 Pin 3 [D, Unspecified, Line]
    @(259.08 mm, 160.02 mm): Symbol R3601 Pin 1 [Passive, Line]
[similar_labels]: Labels are similar (lower/upper case difference only)
    ; warning
    @(307.34 mm, 102.87 mm): Hierarchical Label 'out'
    @(276.86 mm, 66.04 mm): Hierarchical Label 'OUT'
[similar_labels]: Labels are similar (lower/upper case difference only)
    ; warning
    @(307.34 mm, 102.87 mm): Hierarchical Label 'out'
    @(372.11 mm, 85.09 mm): Hierarchical Label 'OUT'
[similar_labels]: Labels are similar (lower/upper case difference only)
    ; warning
    @(307.34 mm, 102.87 mm): Hierarchical Label 'out'
    @(318.77 mm, 74.93 mm): Hierarchical Label 'OUT'
[similar_labels]: Labels are similar (lower/upper case difference only)
    ; warning
    @(307.34 mm, 102.87 mm): Hierarchical Label 'out'
    @(227.33 mm, 76.20 mm): Hierarchical Label 'OUT'
[similar_labels]: Labels are similar (lower/upper case difference only)
    ; warning
    @(307.34 mm, 102.87 mm): Hierarchical Label 'out'
    @(227.33 mm, 76.20 mm): Hierarchical Label 'OUT'
[similar_labels]: Labels are similar (lower/upper case difference only)
    ; warning
    @(307.34 mm, 102.87 mm): Hierarchical Label 'out'
    @(353.06 mm, 31.75 mm): Hierarchical Label 'OUT'
[similar_labels]: Labels are similar (lower/upper case difference only)
    ; warning
    @(307.34 mm, 102.87 mm): Hierarchical Label 'out'
    @(173.99 mm, 46.99 mm): Hierarchical Label 'OUT'
[similar_labels]: Labels are similar (lower/upper case difference only)
    ; warning
    @(307.34 mm, 102.87 mm): Hierarchical Label 'out'
    @(173.99 mm, 46.99 mm): Hierarchical Label 'OUT'
[similar_labels]: Labels are similar (lower/upper case difference only)
    ; warning
    @(307.34 mm, 102.87 mm): Hierarchical Label 'out'
    @(173.99 mm, 46.99 mm): Hierarchical Label 'OUT'
[similar_labels]: Labels are similar (lower/upper case difference only)
    ; warning
    @(307.34 mm, 102.87 mm): Hierarchical Label 'out'
    @(173.99 mm, 46.99 mm): Hierarchical Label 'OUT'
[similar_labels]: Labels are similar (lower/upper case difference only)
    ; warning
    @(307.34 mm, 102.87 mm): Hierarchical Label 'out'
    @(173.99 mm, 46.99 mm): Hierarchical Label 'OUT'
[similar_labels]: Labels are similar (lower/upper case difference only)
    ; warning
    @(307.34 mm, 102.87 mm): Hierarchical Label 'out'
    @(173.99 mm, 46.99 mm): Hierarchical Label 'OUT'
[pin_to_pin]: Pins of type Unspecified and Power input are connected
    ; warning
    @(273.05 mm, 176.53 mm): Symbol Q3602 Pin 2 [S, Unspecified, Line]
    @(273.05 mm, 191.77 mm): Symbol #PWR0192 Pin 1 [Power input, Line]

***** Sheet /Battery System/bms_button_logic/
[pin_to_pin]: Pins of type Unspecified and Input are connected
    ; warning
    @(41.91 mm, 78.74 mm): Symbol F5 Pin 2 [2, Unspecified, Line]
    @(107.95 mm, 130.81 mm): Symbol R198 Pin 1 [1, Input, Line]
[pin_to_pin]: Pins of type Unspecified and Unspecified are connected
    ; warning
    @(57.15 mm, 78.74 mm): Symbol F5 Pin 1 [1, Unspecified, Line]
    @(78.74 mm, 78.74 mm): Symbol U82 Pin 1 [IN, Unspecified, Line]
[pin_to_pin]: Pins of type Unspecified and Unspecified are connected
    ; warning
    @(60.96 mm, 91.44 mm): Symbol C130 Pin 2 [2, Unspecified, Line]
    @(57.15 mm, 78.74 mm): Symbol F5 Pin 1 [1, Unspecified, Line]
[pin_to_pin]: Pins of type Unspecified and Passive are connected
    ; warning
    @(78.74 mm, 81.28 mm): Symbol U82 Pin 2 [GND, Unspecified, Line]
    @(100.33 mm, 43.18 mm): Symbol NT2 Pin 1 [1, Passive, Line]
[pin_to_pin]: Pins of type Unspecified and Passive are connected
    ; warning
    @(78.74 mm, 83.82 mm): Symbol U82 Pin 3 [EM, Unspecified, Line]
    @(53.34 mm, 83.82 mm): Symbol R212 Pin 1 [Passive, Line]
[pin_to_pin]: Pins of type Unspecified and Unspecified are connected
    ; warning
    @(60.96 mm, 101.60 mm): Symbol C130 Pin 1 [1, Unspecified, Line]
    @(76.20 mm, 102.87 mm): Symbol R213 Pin 2 [2, Unspecified, Line]
[pin_to_pin]: Pins of type Unspecified and Unspecified are connected
    ; warning
    @(76.20 mm, 92.71 mm): Symbol R213 Pin 1 [1, Unspecified, Line]
    @(78.74 mm, 83.82 mm): Symbol U82 Pin 3 [EM, Unspecified, Line]
[pin_to_pin]: Pins of type Unspecified and Unspecified are connected
    ; warning
    @(76.20 mm, 102.87 mm): Symbol R213 Pin 2 [2, Unspecified, Line]
    @(78.74 mm, 81.28 mm): Symbol U82 Pin 2 [GND, Unspecified, Line]
[pin_to_pin]: Pins of type Unspecified and Unspecified are connected
    ; warning
    @(101.60 mm, 80.01 mm): Symbol U82 Pin 5 [OUT, Unspecified, Line]
    @(142.24 mm, 80.01 mm): Symbol U84 Pin 2 [A, Unspecified, Line]
[pin_to_pin]: Pins of type Unspecified and Unspecified are connected
    ; warning
    @(105.41 mm, 88.90 mm): Symbol C132 Pin 2 [2, Unspecified, Line]
    @(101.60 mm, 80.01 mm): Symbol U82 Pin 5 [OUT, Unspecified, Line]
[pin_to_pin]: Pins of type Unspecified and Unspecified are connected
    ; warning
    @(105.41 mm, 99.06 mm): Symbol C132 Pin 1 [1, Unspecified, Line]
    @(76.20 mm, 102.87 mm): Symbol R213 Pin 2 [2, Unspecified, Line]
[pin_to_pin]: Pins of type Unspecified and Input are connected
    ; warning
    @(142.24 mm, 80.01 mm): Symbol U84 Pin 2 [A, Unspecified, Line]
    @(318.77 mm, 106.68 mm): Symbol R195 Pin 2 [2, Input, Line]
[pin_to_pin]: Pins of type Unspecified and Unspecified are connected
    ; warning
    @(158.75 mm, 119.38 mm): Symbol R214 Pin 1 [1, Unspecified, Line]
    @(83.82 mm, 91.44 mm): Symbol U3401 Pin 6 [6, Unspecified, Line]
[pin_to_pin]: Pins of type Unspecified and Unspecified are connected
    ; warning
    @(179.07 mm, 95.25 mm): Symbol Q18 Pin 1 [G, Unspecified, Line]
    @(158.75 mm, 119.38 mm): Symbol R214 Pin 1 [1, Unspecified, Line]
[pin_to_pin]: Pins of type Unspecified and Unspecified are connected
    ; warning
    @(158.75 mm, 129.54 mm): Symbol R214 Pin 2 [2, Unspecified, Line]
    @(207.01 mm, 129.54 mm): Symbol R216 Pin 1 [1, Unspecified, Line]
[pin_to_pin]: Pins of type Unspecified and Unspecified are connected
    ; warning
    @(186.69 mm, 90.17 mm): Symbol Q18 Pin 3 [D, Unspecified, Line]
    @(207.01 mm, 73.66 mm): Symbol R215 Pin 1 [1, Unspecified, Line]
[pin_to_pin]: Pins of type Unspecified and Unspecified are connected
    ; warning
    @(172.72 mm, 119.38 mm): Symbol D32 Pin 1 [K, Unspecified, Line]
    @(158.75 mm, 119.38 mm): Symbol R214 Pin 1 [1, Unspecified, Line]
[pin_to_pin]: Pins of type Unspecified and Unspecified are connected
    ; warning
    @(186.69 mm, 100.33 mm): Symbol Q18 Pin 2 [S, Unspecified, Line]
    @(207.01 mm, 119.38 mm): Symbol R216 Pin 2 [2, Unspecified, Line]
[pin_to_pin]: Pins of type Unspecified and Unspecified are connected
    ; warning
    @(172.72 mm, 129.54 mm): Symbol D32 Pin 2 [A, Unspecified, Line]
    @(158.75 mm, 129.54 mm): Symbol R214 Pin 2 [2, Unspecified, Line]
[pin_to_pin]: Pins of type Unspecified and Unspecified are connected
    ; warning
    @(207.01 mm, 63.50 mm): Symbol R215 Pin 2 [2, Unspecified, Line]
    @(205.74 mm, 118.11 mm): Symbol U80 Pin 22 [TS2, Unspecified, Line]
[pin_to_pin]: Pins of type Unspecified and Unspecified are connected
    ; warning
    @(207.01 mm, 73.66 mm): Symbol R215 Pin 1 [1, Unspecified, Line]
    @(152.40 mm, 80.01 mm): Symbol U84 Pin 1 [K, Unspecified, Line]
[pin_to_pin]: Pins of type Unspecified and Unspecified are connected
    ; warning
    @(186.69 mm, 119.38 mm): Symbol C134 Pin 2 [2, Unspecified, Line]
    @(186.69 mm, 100.33 mm): Symbol Q18 Pin 2 [S, Unspecified, Line]
[pin_to_pin]: Pins of type Unspecified and Unspecified are connected
    ; warning
    @(207.01 mm, 85.09 mm): Symbol BMS_Bypass_5V_SW3601 Pin 2 [2, Unspecified, Line]
    @(207.01 mm, 73.66 mm): Symbol R215 Pin 1 [1, Unspecified, Line]
[pin_to_pin]: Pins of type Unspecified and Unspecified are connected
    ; warning
    @(186.69 mm, 129.54 mm): Symbol C134 Pin 1 [1, Unspecified, Line]
    @(172.72 mm, 129.54 mm): Symbol D32 Pin 2 [A, Unspecified, Line]
[pin_to_pin]: Pins of type Unspecified and Unspecified are connected
    ; warning
    @(207.01 mm, 100.33 mm): Symbol BMS_Bypass_5V_SW3601 Pin 1 [1, Unspecified, Line]
    @(207.01 mm, 119.38 mm): Symbol R216 Pin 2 [2, Unspecified, Line]
[pin_to_pin]: Pins of type Unspecified and Unspecified are connected
    ; warning
    @(207.01 mm, 119.38 mm): Symbol R216 Pin 2 [2, Unspecified, Line]
    @(182.88 mm, 114.30 mm): Symbol U3403 Pin 10 [10, Unspecified, Line]
[pin_to_pin]: Pins of type Unspecified and Unspecified are connected
    ; warning
    @(207.01 mm, 129.54 mm): Symbol R216 Pin 1 [1, Unspecified, Line]
    @(78.74 mm, 81.28 mm): Symbol U82 Pin 2 [GND, Unspecified, Line]
[pin_to_pin]: Pins of type Unspecified and Unspecified are connected
    ; warning
    @(234.95 mm, 87.63 mm): Symbol D33 Pin 1 [1, Unspecified, Line]
    @(207.01 mm, 73.66 mm): Symbol R215 Pin 1 [1, Unspecified, Line]
[pin_to_pin]: Pins of type Unspecified and Unspecified are connected
    ; warning
    @(234.95 mm, 102.87 mm): Symbol D33 Pin 2 [2, Unspecified, Line]
    @(207.01 mm, 129.54 mm): Symbol R216 Pin 1 [1, Unspecified, Line]

***** Sheet /Battery System/Mikroe mikroBus Shuttle Clone VITAL/
[pin_to_pin]: Pins of type Unspecified and Input are connected
    ; warning
    @(128.27 mm, 90.17 mm): Symbol U83 Pin 13 [13, Unspecified, Line]
    @(107.95 mm, 90.17 mm): Symbol C131 Pin 2 [2, Input, Line]
[pin_to_pin]: Pins of type Unspecified and Power input are connected
    ; warning
    @(128.27 mm, 92.71 mm): Symbol U83 Pin 15 [15, Unspecified, Line]
    @(121.92 mm, 97.79 mm): Symbol #PWR0168 Pin 1 [Power input, Line]
[pin_to_pin]: Pins of type Unspecified and Unspecified are connected
    ; warning
    @(143.51 mm, 77.47 mm): Symbol U83 Pin 4 [4, Unspecified, Line]
    @(139.70 mm, 78.74 mm): Symbol U85 Pin 32 [INT#, Unspecified, Line]
[pin_to_pin]: Pins of type Unspecified and Passive are connected
    ; warning
    @(143.51 mm, 85.09 mm): Symbol U83 Pin 10 [10, Unspecified, Line]
    @(139.70 mm, 90.17 mm): Symbol USBC_SCL1 Pin 1 [A, Passive, Line]
[pin_to_pin]: Pins of type Unspecified and Passive are connected
    ; warning
    @(143.51 mm, 87.63 mm): Symbol U83 Pin 12 [12, Unspecified, Line]
    @(139.70 mm, 92.71 mm): Symbol USBC_SDA1 Pin 1 [A, Passive, Line]
[pin_to_pin]: Pins of type Unspecified and Input are connected
    ; warning
    @(143.51 mm, 90.17 mm): Symbol U83 Pin 14 [14, Unspecified, Line]
    @(162.56 mm, 90.17 mm): Symbol C133 Pin 2 [2, Input, Line]
[pin_to_pin]: Pins of type Unspecified and Power input are connected
    ; warning
    @(143.51 mm, 92.71 mm): Symbol U83 Pin 16 [16, Unspecified, Line]
    @(151.13 mm, 100.33 mm): Symbol #PWR0169 Pin 1 [Power input, Line]

***** Sheet /

***** Sheet /Battery System/Battery BMS Interface/
[pin_not_driven]: Input pin not driven by any Output pins
    ; error
    @(78.74 mm, 60.96 mm): Symbol C110 Pin 2 [2, Input, Line]
[pin_not_driven]: Input pin not driven by any Output pins
    ; error
    @(78.74 mm, 68.58 mm): Symbol C110 Pin 1 [1, Input, Line]
[pin_not_driven]: Input pin not driven by any Output pins
    ; error
    @(78.74 mm, 85.09 mm): Symbol C111 Pin 1 [1, Input, Line]
[pin_not_driven]: Input pin not driven by any Output pins
    ; error
    @(78.74 mm, 124.46 mm): Symbol C112 Pin 2 [2, Input, Line]
[pin_not_driven]: Input pin not driven by any Output pins
    ; error
    @(157.48 mm, 154.94 mm): Symbol R185 Pin 2 [2, Input, Line]
[pin_not_driven]: Input pin not driven by any Output pins
    ; error
    @(184.15 mm, 156.21 mm): Symbol R187 Pin 2 [2, Input, Line]
[pin_not_driven]: Input pin not driven by any Output pins
    ; error
    @(240.03 mm, 44.45 mm): Symbol R190 Pin 2 [2, Input, Line]
[pin_not_connected]: Pin not connected
    ; error
    @(236.22 mm, 90.17 mm): Symbol U80 Pin 38 [FUSE, Unspecified, Line]
[pin_not_connected]: Pin not connected
    ; error
    @(236.22 mm, 105.41 mm): Symbol U80 Pin 32 [DDSG, Unspecified, Line]
[pin_not_connected]: Pin not connected
    ; error
    @(236.22 mm, 107.95 mm): Symbol U80 Pin 31 [DCHG, Unspecified, Line]
[pin_not_connected]: Pin not connected
    ; error
    @(236.22 mm, 110.49 mm): Symbol U80 Pin 30 [DFETOFF, Unspecified, Line]
[pin_not_connected]: Pin not connected
    ; error
    @(236.22 mm, 113.03 mm): Symbol U80 Pin 29 [CFETOFF, Unspecified, Line]
[pin_not_connected]: Pin not connected
    ; error
    @(236.22 mm, 115.57 mm): Symbol U80 Pin 28 [HDQ, Unspecified, Line]
[pin_not_driven]: Input pin not driven by any Output pins
    ; error
    @(275.59 mm, 49.53 mm): Symbol C119 Pin 2 [2, Input, Line]
[pin_not_driven]: Input pin not driven by any Output pins
    ; error
    @(275.59 mm, 57.15 mm): Symbol C119 Pin 1 [1, Input, Line]
[pin_not_driven]: Input pin not driven by any Output pins
    ; error
    @(283.21 mm, 80.01 mm): Symbol R193 Pin 1 [1, Input, Line]
[pin_not_driven]: Input pin not driven by any Output pins
    ; error
    @(283.21 mm, 90.17 mm): Symbol R194 Pin 1 [1, Input, Line]
[pin_not_driven]: Input pin not driven by any Output pins
    ; error
    @(318.77 mm, 106.68 mm): Symbol R195 Pin 2 [2, Input, Line]
[pin_not_driven]: Input pin not driven by any Output pins
    ; error
    @(318.77 mm, 116.84 mm): Symbol R195 Pin 1 [1, Input, Line]
[pin_to_pin]: Pins of type Unspecified and Passive are connected
    ; warning
    @(57.15 mm, 55.88 mm): Symbol R172 Pin 1 [1, Unspecified, Line]
    @(198.12 mm, 44.45 mm): Symbol U79 Pin 2 [B, Passive, Line]
[pin_to_pin]: Pins of type Unspecified and Input are connected
    ; warning
    @(67.31 mm, 55.88 mm): Symbol R172 Pin 2 [2, Unspecified, Line]
    @(78.74 mm, 60.96 mm): Symbol C110 Pin 2 [2, Input, Line]
[pin_to_pin]: Pins of type Unspecified and Input are connected
    ; warning
    @(67.31 mm, 73.66 mm): Symbol R173 Pin 2 [2, Unspecified, Line]
    @(78.74 mm, 77.47 mm): Symbol C111 Pin 2 [2, Input, Line]
[pin_to_pin]: Pins of type Unspecified and Input are connected
    ; warning
    @(67.31 mm, 90.17 mm): Symbol R174 Pin 2 [2, Unspecified, Line]
    @(78.74 mm, 85.09 mm): Symbol C111 Pin 1 [1, Input, Line]
[pin_to_pin]: Pins of type Unspecified and Passive are connected
    ; warning
    @(57.15 mm, 102.87 mm): Symbol R175 Pin 1 [1, Unspecified, Line]
    @(86.36 mm, 87.63 mm): Symbol NT1 Pin 2 [2, Passive, Line]
[pin_to_pin]: Pins of type Unspecified and Input are connected
    ; warning
    @(67.31 mm, 102.87 mm): Symbol R175 Pin 2 [2, Unspecified, Line]
    @(78.74 mm, 124.46 mm): Symbol C112 Pin 2 [2, Input, Line]
[pin_to_pin]: Pins of type Unspecified and Unspecified are connected
    ; warning
    @(166.37 mm, 135.89 mm): Symbol C114 Pin 2 [2, Unspecified, Line]
    @(166.37 mm, 147.32 mm): Symbol C115 Pin 1 [1, Unspecified, Line]
[pin_to_pin]: Pins of type Unspecified and Passive are connected
    ; warning
    @(213.36 mm, 31.75 mm): Symbol D21 Pin 2 [2, Unspecified, Line]
    @(208.28 mm, 31.75 mm): Symbol JP4 Pin 2 [B, Passive, Line]
[pin_to_pin]: Pins of type Unspecified and Unspecified are connected
    ; warning
    @(205.74 mm, 67.31 mm): Symbol U80 Pin 2 [VC9, Unspecified, Line]
    @(205.74 mm, 72.39 mm): Symbol U80 Pin 4 [VC8, Unspecified, Line]
[pin_to_pin]: Pins of type Unspecified and Passive are connected
    ; warning
    @(213.36 mm, 44.45 mm): Symbol D22 Pin 2 [2, Unspecified, Line]
    @(208.28 mm, 44.45 mm): Symbol U79 Pin 1 [A, Passive, Line]
[pin_to_pin]: Pins of type Unspecified and Unspecified are connected
    ; warning
    @(205.74 mm, 72.39 mm): Symbol U80 Pin 4 [VC8, Unspecified, Line]
    @(205.74 mm, 77.47 mm): Symbol U80 Pin 6 [VC7, Unspecified, Line]
[pin_to_pin]: Pins of type Unspecified and Unspecified are connected
    ; warning
    @(205.74 mm, 77.47 mm): Symbol U80 Pin 6 [VC7, Unspecified, Line]
    @(205.74 mm, 82.55 mm): Symbol U80 Pin 8 [VC6, Unspecified, Line]
[pin_to_pin]: Pins of type Unspecified and Unspecified are connected
    ; warning
    @(205.74 mm, 82.55 mm): Symbol U80 Pin 8 [VC6, Unspecified, Line]
    @(205.74 mm, 87.63 mm): Symbol U80 Pin 10 [VC5, Unspecified, Line]
[pin_to_pin]: Pins of type Unspecified and Input are connected
    ; warning
    @(166.37 mm, 147.32 mm): Symbol C115 Pin 1 [1, Unspecified, Line]
    @(157.48 mm, 154.94 mm): Symbol R185 Pin 2 [2, Input, Line]
[pin_to_pin]: Pins of type Unspecified and Unspecified are connected
    ; warning
    @(176.53 mm, 135.89 mm): Symbol C114 Pin 1 [1, Unspecified, Line]
    @(176.53 mm, 147.32 mm): Symbol C115 Pin 2 [2, Unspecified, Line]
[pin_to_pin]: Pins of type Unspecified and Unspecified are connected
    ; warning
    @(205.74 mm, 87.63 mm): Symbol U80 Pin 10 [VC5, Unspecified, Line]
    @(205.74 mm, 92.71 mm): Symbol U80 Pin 12 [VC4, Unspecified, Line]
[pin_to_pin]: Pins of type Unspecified and Unspecified are connected
    ; warning
    @(205.74 mm, 92.71 mm): Symbol U80 Pin 12 [VC4, Unspecified, Line]
    @(205.74 mm, 95.25 mm): Symbol U80 Pin 13 [VC3, Unspecified, Line]
[pin_to_pin]: Pins of type Unspecified and Unspecified are connected
    ; warning
    @(223.52 mm, 31.75 mm): Symbol D21 Pin 1 [1, Unspecified, Line]
    @(223.52 mm, 44.45 mm): Symbol D22 Pin 1 [1, Unspecified, Line]
[pin_to_pin]: Pins of type Unspecified and Unspecified are connected
    ; warning
    @(205.74 mm, 95.25 mm): Symbol U80 Pin 13 [VC3, Unspecified, Line]
    @(205.74 mm, 97.79 mm): Symbol U80 Pin 14 [VC2, Unspecified, Line]
[pin_to_pin]: Pins of type Unspecified and Input are connected
    ; warning
    @(205.74 mm, 97.79 mm): Symbol U80 Pin 14 [VC2, Unspecified, Line]
    @(78.74 mm, 77.47 mm): Symbol C111 Pin 2 [2, Input, Line]
[pin_to_pin]: Pins of type Unspecified and Input are connected
    ; warning
    @(223.52 mm, 44.45 mm): Symbol D22 Pin 1 [1, Unspecified, Line]
    @(240.03 mm, 44.45 mm): Symbol R190 Pin 2 [2, Input, Line]
[pin_to_pin]: Pins of type Unspecified and Input are connected
    ; warning
    @(205.74 mm, 100.33 mm): Symbol U80 Pin 15 [VC1, Unspecified, Line]
    @(111.76 mm, 92.71 mm): Symbol C113 Pin 2 [2, Input, Line]
[pin_to_pin]: Pins of type Unspecified and Input are connected
    ; warning
    @(176.53 mm, 147.32 mm): Symbol C115 Pin 2 [2, Unspecified, Line]
    @(184.15 mm, 156.21 mm): Symbol R187 Pin 2 [2, Input, Line]
[pin_to_pin]: Pins of type Unspecified and Input are connected
    ; warning
    @(205.74 mm, 102.87 mm): Symbol U80 Pin 16 [VC0, Unspecified, Line]
    @(78.74 mm, 124.46 mm): Symbol C112 Pin 2 [2, Input, Line]
[pin_to_pin]: Pins of type Unspecified and Passive are connected
    ; warning
    @(205.74 mm, 105.41 mm): Symbol U80 Pin 17 [VSS, Unspecified, Line]
    @(199.39 mm, 133.35 mm): Symbol C116 Pin 2 [Passive, Line]
[pin_to_pin]: Pins of type Unspecified and Input are connected
    ; warning
    @(205.74 mm, 107.95 mm): Symbol U80 Pin 18 [SRP, Unspecified, Line]
    @(157.48 mm, 154.94 mm): Symbol R185 Pin 2 [2, Input, Line]
[pin_to_pin]: Pins of type Unspecified and Input are connected
    ; warning
    @(205.74 mm, 113.03 mm): Symbol U80 Pin 20 [SRN, Unspecified, Line]
    @(184.15 mm, 156.21 mm): Symbol R187 Pin 2 [2, Input, Line]
[pin_to_pin]: Pins of type Unspecified and Passive are connected
    ; warning
    @(205.74 mm, 123.19 mm): Symbol U80 Pin 24 [REG18, Unspecified, Line]
    @(199.39 mm, 125.73 mm): Symbol C116 Pin 1 [Passive, Line]
[pin_to_pin]: Pins of type Unspecified and Input are connected
    ; warning
    @(236.22 mm, 64.77 mm): Symbol U80 Pin 48 [VC10, Unspecified, Line]
    @(78.74 mm, 60.96 mm): Symbol C110 Pin 2 [2, Input, Line]
[pin_to_pin]: Pins of type Unspecified and Input are connected
    ; warning
    @(236.22 mm, 67.31 mm): Symbol U80 Pin 47 [BAT, Unspecified, Line]
    @(250.19 mm, 44.45 mm): Symbol R190 Pin 1 [1, Input, Line]
[pin_to_pin]: Pins of type Unspecified and Input are connected
    ; warning
    @(236.22 mm, 69.85 mm): Symbol U80 Pin 46 [CP1, Unspecified, Line]
    @(275.59 mm, 57.15 mm): Symbol C119 Pin 1 [1, Input, Line]
[pin_to_pin]: Pins of type Unspecified and Input are connected
    ; warning
    @(236.22 mm, 72.39 mm): Symbol U80 Pin 45 [CHG, Unspecified, Line]
    @(83.82 mm, 119.38 mm): Symbol R196 Pin 1 [1, Input, Line]
[pin_to_pin]: Pins of type Unspecified and Input are connected
    ; warning
    @(236.22 mm, 77.47 mm): Symbol U80 Pin 43 [DSG, Unspecified, Line]
    @(97.79 mm, 92.71 mm): Symbol R197 Pin 1 [1, Input, Line]
[pin_to_pin]: Pins of type Unspecified and Input are connected
    ; warning
    @(236.22 mm, 80.01 mm): Symbol U80 Pin 42 [PACK, Unspecified, Line]
    @(283.21 mm, 80.01 mm): Symbol R193 Pin 1 [1, Input, Line]
[pin_to_pin]: Pins of type Unspecified and Input are connected
    ; warning
    @(236.22 mm, 82.55 mm): Symbol U80 Pin 41 [LD, Unspecified, Line]
    @(283.21 mm, 90.17 mm): Symbol R194 Pin 1 [1, Input, Line]
[pin_to_pin]: Pins of type Unspecified and Input are connected
    ; warning
    @(236.22 mm, 87.63 mm): Symbol U80 Pin 39 [PDSG, Unspecified, Line]
    @(129.54 mm, 204.47 mm): Symbol R201 Pin 1 [1, Input, Line]
[pin_to_pin]: Pins of type Unspecified and Passive are connected
    ; warning
    @(236.22 mm, 92.71 mm): Symbol U80 Pin 37 [BREG, Unspecified, Line]
    @(199.39 mm, 133.35 mm): Symbol C116 Pin 2 [Passive, Line]
[pin_to_pin]: Pins of type Unspecified and Unspecified are connected
    ; warning
    @(236.22 mm, 95.25 mm): Symbol U80 Pin 36 [REGIN, Unspecified, Line]
    @(236.22 mm, 92.71 mm): Symbol U80 Pin 37 [BREG, Unspecified, Line]
[pin_to_pin]: Pins of type Unspecified and Unspecified are connected
    ; warning
    @(236.22 mm, 100.33 mm): Symbol U80 Pin 34 [REG2, Unspecified, Line]
    @(236.22 mm, 97.79 mm): Symbol U80 Pin 35 [REG1, Unspecified, Line]
[pin_to_pin]: Pins of type Unspecified and Unspecified are connected
    ; warning
    @(236.22 mm, 102.87 mm): Symbol U80 Pin 33 [RST_SHUT, Unspecified, Line]
    @(83.82 mm, 81.28 mm): Symbol U3401 Pin 2 [2, Unspecified, Line]
[pin_to_pin]: Pins of type Unspecified and Passive are connected
    ; warning
    @(236.22 mm, 118.11 mm): Symbol U80 Pin 27 [SDA, Unspecified, Line]
    @(139.70 mm, 92.71 mm): Symbol USBC_SDA1 Pin 1 [A, Passive, Line]
[pin_to_pin]: Pins of type Unspecified and Passive are connected
    ; warning
    @(236.22 mm, 120.65 mm): Symbol U80 Pin 26 [SCL, Unspecified, Line]
    @(139.70 mm, 90.17 mm): Symbol USBC_SCL1 Pin 1 [A, Passive, Line]
[pin_to_pin]: Pins of type Unspecified and Input are connected
    ; warning
    @(236.22 mm, 123.19 mm): Symbol U80 Pin 25 [ALERT, Unspecified, Line]
    @(318.77 mm, 116.84 mm): Symbol R195 Pin 1 [1, Input, Line]
[pin_to_pin]: Pins of type Unspecified and Unspecified are connected
    ; warning
    @(270.51 mm, 97.79 mm): Symbol R191 Pin 1 [1, Unspecified, Line]
    @(236.22 mm, 97.79 mm): Symbol U80 Pin 35 [REG1, Unspecified, Line]
[pin_to_pin]: Pins of type Unspecified and Unspecified are connected
    ; warning
    @(270.51 mm, 106.68 mm): Symbol R192 Pin 1 [1, Unspecified, Line]
    @(236.22 mm, 102.87 mm): Symbol U80 Pin 33 [RST_SHUT, Unspecified, Line]
[pin_to_pin]: Pins of type Unspecified and Input are connected
    ; warning
    @(289.56 mm, 49.53 mm): Symbol C120 Pin 2 [2, Unspecified, Line]
    @(302.26 mm, 49.53 mm): Symbol C121 Pin 1 [1, Input, Line]
[pin_to_pin]: Pins of type Unspecified and Input are connected
    ; warning
    @(289.56 mm, 59.69 mm): Symbol C120 Pin 1 [1, Unspecified, Line]
    @(302.26 mm, 59.69 mm): Symbol C121 Pin 2 [2, Input, Line]
[pin_to_pin]: Pins of type Unspecified and Unspecified are connected
    ; warning
    @(280.67 mm, 106.68 mm): Symbol R192 Pin 2 [2, Unspecified, Line]
    @(236.22 mm, 95.25 mm): Symbol U80 Pin 36 [REGIN, Unspecified, Line]

***** Sheet /Battery System/Battery Power Path/
[pin_not_driven]: Input pin not driven by any Output pins
    ; error
    @(97.79 mm, 92.71 mm): Symbol R197 Pin 1 [1, Input, Line]
[pin_not_driven]: Input pin not driven by any Output pins
    ; error
    @(107.95 mm, 92.71 mm): Symbol R197 Pin 2 [2, Input, Line]
[pin_not_driven]: Input pin not driven by any Output pins
    ; error
    @(83.82 mm, 119.38 mm): Symbol R196 Pin 1 [1, Input, Line]
[pin_not_driven]: Input pin not driven by any Output pins
    ; error
    @(96.52 mm, 120.65 mm): Symbol D23 Pin 1 [C, Input, Line]
[pin_not_driven]: Input pin not driven by any Output pins
    ; error
    @(147.32 mm, 82.55 mm): Symbol R204 Pin 1 [1, Input, Line]
[pin_not_driven]: Input pin not driven by any Output pins
    ; error
    @(157.48 mm, 82.55 mm): Symbol R204 Pin 2 [2, Input, Line]
[pin_not_driven]: Input pin not driven by any Output pins
    ; error
    @(168.91 mm, 119.38 mm): Symbol D28 Pin 1 [C, Input, Line]
[pin_not_driven]: Input pin not driven by any Output pins
    ; error
    @(129.54 mm, 204.47 mm): Symbol R201 Pin 1 [1, Input, Line]
[power_pin_not_driven]: Input Power pin not driven by any Output Power pins
    ; error
    @(113.03 mm, 214.63 mm): Symbol #PWR0163 Pin 1 [Power input, Line]
[pin_not_driven]: Input pin not driven by any Output pins
    ; error
    @(140.97 mm, 218.44 mm): Symbol D26 Pin 2 [2, Input, Line]
[pin_not_driven]: Input pin not driven by any Output pins
    ; error
    @(292.10 mm, 62.23 mm): Symbol D30 Pin 1 [C, Input, Line]
[pin_not_driven]: Input pin not driven by any Output pins
    ; error
    @(292.10 mm, 83.82 mm): Symbol R211 Pin 1 [1, Input, Line]
[pin_to_pin]: Pins of type Unspecified and Input are connected
    ; warning
    @(116.84 mm, 96.52 mm): Symbol D25 Pin 1 [1, Unspecified, Line]
    @(107.95 mm, 92.71 mm): Symbol R197 Pin 2 [2, Input, Line]
[pin_to_pin]: Pins of type Unspecified and Input are connected
    ; warning
    @(125.73 mm, 92.71 mm): Symbol R200 Pin 1 [1, Unspecified, Line]
    @(107.95 mm, 92.71 mm): Symbol R197 Pin 2 [2, Input, Line]
[pin_to_pin]: Pins of type Unspecified and Power input are connected
    ; warning
    @(116.84 mm, 106.68 mm): Symbol D25 Pin 2 [2, Unspecified, Line]
    @(113.03 mm, 214.63 mm): Symbol #PWR0163 Pin 1 [Power input, Line]
[pin_to_pin]: Pins of type Unspecified and Input are connected
    ; warning
    @(111.76 mm, 119.38 mm): Symbol R199 Pin 1 [1, Unspecified, Line]
    @(107.95 mm, 120.65 mm): Symbol R198 Pin 2 [2, Input, Line]
[pin_to_pin]: Pins of type Unspecified and Input are connected
    ; warning
    @(135.89 mm, 92.71 mm): Symbol R200 Pin 2 [2, Unspecified, Line]
    @(147.32 mm, 82.55 mm): Symbol R204 Pin 1 [1, Input, Line]
[pin_to_pin]: Pins of type Unspecified and Input are connected
    ; warning
    @(96.52 mm, 138.43 mm): Symbol C122 Pin 2 [2, Unspecified, Line]
    @(96.52 mm, 130.81 mm): Symbol D23 Pin 2 [A, Input, Line]
[pin_to_pin]: Pins of type Unspecified and Input are connected
    ; warning
    @(147.32 mm, 92.71 mm): Symbol D27 Pin 2 [2, Unspecified, Line]
    @(147.32 mm, 82.55 mm): Symbol R204 Pin 1 [1, Input, Line]
[pin_to_pin]: Pins of type Unspecified and Unspecified are connected
    ; warning
    @(123.19 mm, 125.73 mm): Symbol Q13 Pin 1 [G, Unspecified, Line]
    @(121.92 mm, 119.38 mm): Symbol R199 Pin 2 [2, Unspecified, Line]
[pin_to_pin]: Pins of type Unspecified and Unspecified are connected
    ; warning
    @(96.52 mm, 148.59 mm): Symbol C122 Pin 1 [1, Unspecified, Line]
    @(96.52 mm, 160.02 mm): Symbol C123 Pin 2 [2, Unspecified, Line]
[pin_to_pin]: Pins of type Unspecified and Input are connected
    ; warning
    @(118.11 mm, 133.35 mm): Symbol Q13 Pin 2 [S, Unspecified, Line]
    @(107.95 mm, 130.81 mm): Symbol R198 Pin 1 [1, Input, Line]
[pin_to_pin]: Pins of type Unspecified and Input are connected
    ; warning
    @(157.48 mm, 92.71 mm): Symbol D27 Pin 1 [1, Unspecified, Line]
    @(157.48 mm, 82.55 mm): Symbol R204 Pin 2 [2, Input, Line]
[pin_to_pin]: Pins of type Unspecified and Unspecified are connected
    ; warning
    @(128.27 mm, 133.35 mm): Symbol Q13 Pin 3 [D, Unspecified, Line]
    @(135.89 mm, 133.35 mm): Symbol Q14 Pin 3 [D, Unspecified, Line]
[pin_to_pin]: Pins of type Unspecified and Unspecified are connected
    ; warning
    @(140.97 mm, 125.73 mm): Symbol Q14 Pin 1 [G, Unspecified, Line]
    @(142.24 mm, 119.38 mm): Symbol R203 Pin 1 [1, Unspecified, Line]
[pin_to_pin]: Pins of type Unspecified and Input are connected
    ; warning
    @(135.89 mm, 133.35 mm): Symbol Q14 Pin 3 [D, Unspecified, Line]
    @(130.81 mm, 218.44 mm): Symbol D26 Pin 1 [1, Input, Line]
[pin_to_pin]: Pins of type Unspecified and Unspecified are connected
    ; warning
    @(120.65 mm, 148.59 mm): Symbol C124 Pin 1 [1, Unspecified, Line]
    @(118.11 mm, 133.35 mm): Symbol Q13 Pin 2 [S, Unspecified, Line]
[pin_to_pin]: Pins of type Unspecified and Input are connected
    ; warning
    @(152.40 mm, 119.38 mm): Symbol R203 Pin 2 [2, Unspecified, Line]
    @(156.21 mm, 119.38 mm): Symbol R205 Pin 2 [2, Input, Line]
[pin_to_pin]: Pins of type Unspecified and Passive are connected
    ; warning
    @(96.52 mm, 170.18 mm): Symbol C123 Pin 1 [1, Unspecified, Line]
    @(189.23 mm, 181.61 mm): Symbol NT30 Pin 2 [2, Passive, Line]
[pin_to_pin]: Pins of type Unspecified and Input are connected
    ; warning
    @(146.05 mm, 133.35 mm): Symbol Q14 Pin 2 [S, Unspecified, Line]
    @(156.21 mm, 129.54 mm): Symbol R205 Pin 1 [1, Input, Line]
[pin_to_pin]: Pins of type Unspecified and Unspecified are connected
    ; warning
    @(130.81 mm, 148.59 mm): Symbol C124 Pin 2 [2, Unspecified, Line]
    @(133.35 mm, 148.59 mm): Symbol C125 Pin 1 [1, Unspecified, Line]
[pin_to_pin]: Pins of type Unspecified and Unspecified are connected
    ; warning
    @(143.51 mm, 148.59 mm): Symbol C125 Pin 2 [2, Unspecified, Line]
    @(146.05 mm, 133.35 mm): Symbol Q14 Pin 2 [S, Unspecified, Line]
[pin_to_pin]: Pins of type Unspecified and Unspecified are connected
    ; warning
    @(203.20 mm, 78.74 mm): Symbol D29 Pin 1 [C, Unspecified, Line]
    @(220.98 mm, 85.09 mm): Symbol Q16 Pin 2 [S, Unspecified, Line]
[pin_to_pin]: Pins of type Unspecified and Unspecified are connected
    ; warning
    @(203.20 mm, 88.90 mm): Symbol D29 Pin 2 [A, Unspecified, Line]
    @(213.36 mm, 92.71 mm): Symbol Q16 Pin 1 [G, Unspecified, Line]
[pin_to_pin]: Pins of type Unspecified and Input are connected
    ; warning
    @(213.36 mm, 92.71 mm): Symbol Q16 Pin 1 [G, Unspecified, Line]
    @(157.48 mm, 82.55 mm): Symbol R204 Pin 2 [2, Input, Line]
[pin_to_pin]: Pins of type Unspecified and Input are connected
    ; warning
    @(113.03 mm, 204.47 mm): Symbol D24 Pin 1 [C, Unspecified, Line]
    @(129.54 mm, 204.47 mm): Symbol R201 Pin 1 [1, Input, Line]
[pin_to_pin]: Pins of type Unspecified and Unspecified are connected
    ; warning
    @(220.98 mm, 85.09 mm): Symbol Q16 Pin 2 [S, Unspecified, Line]
    @(246.38 mm, 76.20 mm): Symbol R209 Pin 1 [1, Unspecified, Line]
[pin_to_pin]: Pins of type Unspecified and Unspecified are connected
    ; warning
    @(220.98 mm, 97.79 mm): Symbol Q16 Pin 3 [D, Unspecified, Line]
    @(220.98 mm, 101.60 mm): Symbol R208 Pin 2 [2, Unspecified, Line]
[pin_to_pin]: Pins of type Unspecified and Power input are connected
    ; warning
    @(113.03 mm, 214.63 mm): Symbol D24 Pin 2 [A, Unspecified, Line]
    @(113.03 mm, 214.63 mm): Symbol #PWR0163 Pin 1 [Power input, Line]
[pin_to_pin]: Pins of type Unspecified and Input are connected
    ; warning
    @(220.98 mm, 111.76 mm): Symbol R208 Pin 1 [1, Unspecified, Line]
    @(168.91 mm, 129.54 mm): Symbol D28 Pin 2 [A, Input, Line]
[multiple_net_names]: Both bat_shunt_P and SHUNT_P are attached to the same items; bat_shunt_P will be used in the netlist
    ; warning
    @(189.23 mm, 175.26 mm): Label 'bat_shunt_P'
    @(189.23 mm, 160.02 mm): Hierarchical Label 'SHUNT_P'
[multiple_net_names]: Both bat_shunt_N and SHUNT_N are attached to the same items; bat_shunt_N will be used in the netlist
    ; warning
    @(201.93 mm, 175.26 mm): Label 'bat_shunt_N'
    @(201.93 mm, 160.02 mm): Hierarchical Label 'SHUNT_N'
[pin_to_pin]: Pins of type Unspecified and Input are connected
    ; warning
    @(246.38 mm, 76.20 mm): Symbol R209 Pin 1 [1, Unspecified, Line]
    @(168.91 mm, 119.38 mm): Symbol D28 Pin 1 [C, Input, Line]
[pin_to_pin]: Pins of type Unspecified and Passive are connected
    ; warning
    @(190.50 mm, 182.88 mm): Symbol R207 Pin 1 [1, Unspecified, Line]
    @(189.23 mm, 181.61 mm): Symbol NT30 Pin 2 [2, Passive, Line]
[pin_to_pin]: Pins of type Unspecified and Passive are connected
    ; warning
    @(200.66 mm, 182.88 mm): Symbol R207 Pin 2 [2, Unspecified, Line]
    @(201.93 mm, 181.61 mm): Symbol NT31 Pin 2 [2, Passive, Line]
[pin_to_pin]: Pins of type Unspecified and Input are connected
    ; warning
    @(146.05 mm, 233.68 mm): Symbol Q15 Pin 1 [G, Unspecified, Line]
    @(140.97 mm, 229.87 mm): Symbol R202 Pin 2 [2, Input, Line]
[pin_to_pin]: Pins of type Unspecified and Input are connected
    ; warning
    @(269.24 mm, 59.69 mm): Symbol Q17 Pin 2 [S, Unspecified, Line]
    @(279.40 mm, 52.07 mm): Symbol R210 Pin 1 [1, Input, Line]
[pin_to_pin]: Pins of type Unspecified and Unspecified are connected
    ; warning
    @(269.24 mm, 69.85 mm): Symbol Q17 Pin 3 [D, Unspecified, Line]
    @(256.54 mm, 76.20 mm): Symbol R209 Pin 2 [2, Unspecified, Line]
[pin_to_pin]: Pins of type Unspecified and Input are connected
    ; warning
    @(140.97 mm, 241.30 mm): Symbol Q15 Pin 3 [S, Unspecified, Line]
    @(130.81 mm, 229.87 mm): Symbol R202 Pin 1 [1, Input, Line]
[pin_to_pin]: Pins of type Unspecified and Input are connected
    ; warning
    @(274.32 mm, 64.77 mm): Symbol Q17 Pin 1 [G, Unspecified, Line]
    @(279.40 mm, 62.23 mm): Symbol R210 Pin 2 [2, Input, Line]
[pin_to_pin]: Pins of type Unspecified and Unspecified are connected
    ; warning
    @(151.13 mm, 241.30 mm): Symbol Q15 Pin 2 [D, Unspecified, Line]
    @(160.02 mm, 241.30 mm): Symbol R3604 Pin 2 [2, Unspecified, Line]
[pin_to_pin]: Pins of type Unspecified and Unspecified are connected
    ; warning
    @(151.13 mm, 241.30 mm): Symbol Q15 Pin 4 [D, Unspecified, Line]
    @(160.02 mm, 241.30 mm): Symbol R3604 Pin 2 [2, Unspecified, Line]
[pin_to_pin]: Pins of type Unspecified and Unspecified are connected
    ; warning
    @(160.02 mm, 241.30 mm): Symbol R3604 Pin 2 [2, Unspecified, Line]
    @(160.02 mm, 238.76 mm): Symbol R3604 Pin 3 [3, Unspecified, Line]
[pin_to_pin]: Pins of type Unspecified and Input are connected
    ; warning
    @(170.18 mm, 241.30 mm): Symbol R3604 Pin 1 [1, Unspecified, Line]
    @(168.91 mm, 129.54 mm): Symbol D28 Pin 2 [A, Input, Line]
[pin_to_pin]: Pins of type Unspecified and Input are connected
    ; warning
    @(292.10 mm, 69.85 mm): Symbol D31 Pin 2 [K, Unspecified, Line]
    @(292.10 mm, 62.23 mm): Symbol D30 Pin 1 [C, Input, Line]
[pin_to_pin]: Pins of type Unspecified and Input are connected
    ; warning
    @(292.10 mm, 80.01 mm): Symbol D31 Pin 1 [A, Unspecified, Line]
    @(292.10 mm, 83.82 mm): Symbol R211 Pin 1 [1, Input, Line]
[pin_to_pin]: Pins of type Unspecified and Unspecified are connected
    ; warning
    @(287.02 mm, 138.43 mm): Symbol C128 Pin 2 [2, Unspecified, Line]
    @(220.98 mm, 111.76 mm): Symbol R208 Pin 1 [1, Unspecified, Line]
[pin_to_pin]: Pins of type Unspecified and Unspecified are connected
    ; warning
    @(287.02 mm, 148.59 mm): Symbol C128 Pin 1 [1, Unspecified, Line]
    @(287.02 mm, 160.02 mm): Symbol C129 Pin 2 [2, Unspecified, Line]
[pin_to_pin]: Pins of type Unspecified and Input are connected
    ; warning
    @(287.02 mm, 170.18 mm): Symbol C129 Pin 1 [1, Unspecified, Line]
    @(292.10 mm, 93.98 mm): Symbol R211 Pin 2 [2, Input, Line]

 ** ERC messages: 1687  Errors 190  Warnings 1497
