ISO-10303-21;
HEADER;
FILE_DESCRIPTION (( 'STEP AP214' ),
    '1' );
FILE_NAME ('VQFN-HR-9_2.0-W1.5-P0.5-TL_TI_RQF0009A.STEP',
    '2022-05-04T13:19:44',
    ( '' ),
    ( '' ),
    'SwSTEP 2.0',
    'SolidWorks 2020',
    '' );
FILE_SCHEMA (( 'AUTOMOTIVE_DESIGN' ));
ENDSEC;

DATA;
#1 = FILL_AREA_STYLE ('',( #2855 ) ) ;
#2 = ORIENTED_EDGE ( 'NONE', *, *, #1716, .F. ) ;
#3 = ORIENTED_EDGE ( 'NONE', *, *, #5865, .T. ) ;
#4 = SURFACE_STYLE_FILL_AREA ( #4943 ) ;
#5 = LINE ( 'NONE', #548, #3919 ) ;
#6 = VERTEX_POINT ( 'NONE', #6069 ) ;
#7 = EDGE_CURVE ( 'NONE', #2404, #3445, #2219, .T. ) ;
#8 = PRESENTATION_STYLE_ASSIGNMENT (( #3984 ) ) ;
#9 = STYLED_ITEM ( 'NONE', ( #5513 ), #2602 ) ;
#10 = CARTESIAN_POINT ( 'NONE',  ( 0.3736371188332211490, -0.4959556969312476915, 0.000000000000000000 ) ) ;
#11 = DIRECTION ( 'NONE',  ( 0.000000000000000000, 0.000000000000000000, -1.000000000000000000 ) ) ;
#12 =( NAMED_UNIT ( * ) SI_UNIT ( $, .STERADIAN. ) SOLID_ANGLE_UNIT ( ) );
#13 = SURFACE_STYLE_USAGE ( .BOTH. , #4372 ) ;
#14 = ORIENTED_EDGE ( 'NONE', *, *, #5858, .F. ) ;
#15 = PLANE ( 'NONE',  #6013 ) ;
#16 = DIRECTION ( 'NONE',  ( -0.9406672605435401069, 0.3393303772748790803, 0.000000000000000000 ) ) ;
#17 = EDGE_CURVE ( 'NONE', #6947, #1813, #2254, .T. ) ;
#18 = UNCERTAINTY_MEASURE_WITH_UNIT (LENGTH_MEASURE( 1.000000000000000082E-05 ), #5071, 'distance_accuracy_value', 'NONE');
#19 = CARTESIAN_POINT ( 'NONE',  ( 0.2284303642084910546, -0.5861649688326564522, 0.001000000000000000021 ) ) ;
#20 = ORIENTED_EDGE ( 'NONE', *, *, #2212, .F. ) ;
#21 = PRESENTATION_STYLE_ASSIGNMENT (( #3364 ) ) ;
#22 = AXIS2_PLACEMENT_3D ( 'NONE', #6083, #6494, #2707 ) ;
#23 = CARTESIAN_POINT ( 'NONE',  ( 0.3526375371329639186, -0.4879616318174282985, 0.001000000000000000021 ) ) ;
#24 = FILL_AREA_STYLE_COLOUR ( '', #3813 ) ;
#25 = VERTEX_POINT ( 'NONE', #4945 ) ;
#26 = CARTESIAN_POINT ( 'NONE',  ( 0.4053628305292275580, -0.5131820706653680286, 0.000000000000000000 ) ) ;
#27 = PRESENTATION_STYLE_ASSIGNMENT (( #5035 ) ) ;
#28 = ORIENTED_EDGE ( 'NONE', *, *, #264, .T. ) ;
#29 = STYLED_ITEM ( 'NONE', ( #1001 ), #3280 ) ;
#30 = PRODUCT_DEFINITION_SHAPE ( 'NONE', 'NONE',  #6187 ) ;
#31 = PLANE ( 'NONE',  #1274 ) ;
#32 = ORIENTED_EDGE ( 'NONE', *, *, #6940, .F. ) ;
#33 = CIRCLE ( 'NONE', #3440, 0.1199999999999999956 ) ;
#34 = ORIENTED_EDGE ( 'NONE', *, *, #2638, .T. ) ;
#35 = CARTESIAN_POINT ( 'NONE',  ( -1.000000000000000222, 0.3749999999999998890, 0.9799999999999999822 ) ) ;
#36 = ORIENTED_EDGE ( 'NONE', *, *, #2441, .F. ) ;
#37 = VECTOR ( 'NONE', #4849, 1000.000000000000000 ) ;
#38 = CARTESIAN_POINT ( 'NONE',  ( 0.1042392529795625883, -0.5581508188824672034, 0.001000000000000000021 ) ) ;
#39 = ORIENTED_EDGE ( 'NONE', *, *, #4251, .T. ) ;
#40 = SURFACE_SIDE_STYLE ('',( #659 ) ) ;
#41 = UNCERTAINTY_MEASURE_WITH_UNIT (LENGTH_MEASURE( 1.000000000000000082E-05 ), #4119, 'distance_accuracy_value', 'NONE');
#42 = LINE ( 'NONE', #510, #6923 ) ;
#43 = EDGE_LOOP ( 'NONE', ( #2856, #6011, #3492, #603, #5489, #6936, #3868, #6713 ) ) ;
#44 = LINE ( 'NONE', #7203, #3125 ) ;
#45 = COLOUR_RGB ( '',0.000000000000000000, 0.000000000000000000, 0.000000000000000000 ) ;
#46 = FILL_AREA_STYLE_COLOUR ( '', #429 ) ;
#47 = FACE_OUTER_BOUND ( 'NONE', #1818, .T. ) ;
#48 = CARTESIAN_POINT ( 'NONE',  ( 0.3736371188332211490, -0.4959556969312476915, 0.001000000000000000021 ) ) ;
#49 = EDGE_CURVE ( 'NONE', #6139, #4637, #2794, .T. ) ;
#50 = FACE_OUTER_BOUND ( 'NONE', #5102, .T. ) ;
#51 = CARTESIAN_POINT ( 'NONE',  ( -0.1250000000000000000, 0.5300000000000002487, 0.1000000000000000056 ) ) ;
#52 = LINE ( 'NONE', #166, #4490 ) ;
#53 = ORIENTED_EDGE ( 'NONE', *, *, #1013, .T. ) ;
#54 = ORIENTED_EDGE ( 'NONE', *, *, #3860, .T. ) ;
#55 = CARTESIAN_POINT ( 'NONE',  ( 0.2043136090304496499, -0.5808149622657607924, 0.001000000000000000021 ) ) ;
#56 = DIRECTION ( 'NONE',  ( 1.000000000000000000, 0.000000000000000000, -0.000000000000000000 ) ) ;
#57 = CARTESIAN_POINT ( 'NONE',  ( 0.3725819058622789059, -0.4959716509908816406, 0.001000000000000000021 ) ) ;
#58 = ORIENTED_EDGE ( 'NONE', *, *, #3469, .T. ) ;
#59 = CARTESIAN_POINT ( 'NONE',  ( 0.4106171646710967127, -0.5283205455509889514, 0.000000000000000000 ) ) ;
#60 = FILL_AREA_STYLE_COLOUR ( '', #1064 ) ;
#61 = CARTESIAN_POINT ( 'NONE',  ( 0.3172918444429772555, -0.5752239896141745357, 0.001000000000000000021 ) ) ;
#62 = LINE ( 'NONE', #5315, #6014 ) ;
#63 = EDGE_LOOP ( 'NONE', ( #5106, #4031, #6837, #4596, #4491, #661 ) ) ;
#64 = EDGE_LOOP ( 'NONE', ( #498, #5678, #5724, #4032 ) ) ;
#65 = CARTESIAN_POINT ( 'NONE',  ( 0.2819259907844406388, -0.5301020383946623005, 0.001000000000000000021 ) ) ;
#66 = CIRCLE ( 'NONE', #1700, 0.1199999999999999956 ) ;
#67 = AXIS2_PLACEMENT_3D ( 'NONE', #2851, #3490, #4570 ) ;
#68 =( NAMED_UNIT ( * ) PLANE_ANGLE_UNIT ( ) SI_UNIT ( $, .RADIAN. ) );
#69 = VECTOR ( 'NONE', #7149, 1000.000000000000000 ) ;
#70 = DIRECTION ( 'NONE',  ( 0.000000000000000000, 1.000000000000000000, -0.000000000000000000 ) ) ;
#71 = EDGE_CURVE ( 'NONE', #1747, #2244, #4916, .T. ) ;
#72 = PRESENTATION_LAYER_ASSIGNMENT (  '', '', ( #6842 ) ) ;
#73 = SURFACE_SIDE_STYLE ('',( #4 ) ) ;
#74 = EDGE_LOOP ( 'NONE', ( #1360, #5098, #4830, #5013, #6347, #3476 ) ) ;
#75 = DIRECTION ( 'NONE',  ( 0.000000000000000000, -0.000000000000000000, -1.000000000000000000 ) ) ;
#76 = DIRECTION ( 'NONE',  ( 0.000000000000000000, -1.000000000000000000, 0.000000000000000000 ) ) ;
#77 = DIRECTION ( 'NONE',  ( 1.000000000000000000, 0.000000000000000000, 0.000000000000000000 ) ) ;
#78 = MECHANICAL_DESIGN_GEOMETRIC_PRESENTATION_REPRESENTATION (  '', ( #5457 ), #1959 ) ;
#79 = ORIENTED_EDGE ( 'NONE', *, *, #4239, .T. ) ;
#80 = EDGE_CURVE ( 'NONE', #5038, #1747, #1026, .T. ) ;
#81 = CARTESIAN_POINT ( 'NONE',  ( 1.010000000000000009, -0.1250000000000001110, 0.1000000000000000056 ) ) ;
#82 = COLOUR_RGB ( '',0.000000000000000000, 0.000000000000000000, 0.000000000000000000 ) ;
#83 = AXIS2_PLACEMENT_3D ( 'NONE', #1617, #1731, #1101 ) ;
#84 = SURFACE_STYLE_USAGE ( .BOTH. , #1770 ) ;
#85 = CARTESIAN_POINT ( 'NONE',  ( 0.3777339176137089471, -0.5874191115653940587, 0.001000000000000000021 ) ) ;
#86 = SURFACE_STYLE_USAGE ( .BOTH. , #5791 ) ;
#87 = ORIENTED_EDGE ( 'NONE', *, *, #3987, .T. ) ;
#88 = CARTESIAN_POINT ( 'NONE',  ( 0.1249999999999998890, 0.7500000000000002220, 0.9799999999999999822 ) ) ;
#89 = STYLED_ITEM ( 'NONE', ( #5523 ), #1075 ) ;
#90 = CARTESIAN_POINT ( 'NONE',  ( -0.1250000000000000000, 0.000000000000000000, 0.000000000000000000 ) ) ;
#91 = CARTESIAN_POINT ( 'NONE',  ( 0.000000000000000000, 0.04000000000000021594, 0.000000000000000000 ) ) ;
#92 = VERTEX_POINT ( 'NONE', #5562 ) ;
#93 = LINE ( 'NONE', #1039, #896 ) ;
#94 = SURFACE_STYLE_FILL_AREA ( #5107 ) ;
#95 =( LENGTH_UNIT ( ) NAMED_UNIT ( * ) SI_UNIT ( .MILLI., .METRE. ) );
#96 = SURFACE_STYLE_USAGE ( .BOTH. , #3529 ) ;
#97 = CARTESIAN_POINT ( 'NONE',  ( 0.4032505474956825653, -0.5099893995983434403, 0.000000000000000000 ) ) ;
#98 = EDGE_CURVE ( 'NONE', #728, #4517, #5466, .T. ) ;
#99 = VERTEX_POINT ( 'NONE', #416 ) ;
#100 = AXIS2_PLACEMENT_3D ( 'NONE', #4439, #1772, #4017 ) ;
#101 = LINE ( 'NONE', #3095, #3720 ) ;
#102 = LINE ( 'NONE', #2396, #5837 ) ;
#103 = AXIS2_PLACEMENT_3D ( 'NONE', #4387, #1207, #5014 ) ;
#104 = ORIENTED_EDGE ( 'NONE', *, *, #3509, .T. ) ;
#105 = ORIENTED_EDGE ( 'NONE', *, *, #3872, .T. ) ;
#106 = DIRECTION ( 'NONE',  ( -1.000000000000000000, 0.000000000000000000, -0.000000000000000000 ) ) ;
#107 = CARTESIAN_POINT ( 'NONE',  ( 0.4843650151746846100, -0.4861995993702720176, 0.000000000000000000 ) ) ;
#108 = EDGE_CURVE ( 'NONE', #1510, #4379, #3276, .T. ) ;
#109 = LINE ( 'NONE', #2431, #5504 ) ;
#110 =( LENGTH_UNIT ( ) NAMED_UNIT ( * ) SI_UNIT ( .MILLI., .METRE. ) );
#111 = AXIS2_PLACEMENT_3D ( 'NONE', #4785, #3106, #4310 ) ;
#112 = EDGE_LOOP ( 'NONE', ( #171, #1533, #4414, #6416 ) ) ;
#113 = DIRECTION ( 'NONE',  ( 0.000000000000000000, -1.000000000000000000, 0.000000000000000000 ) ) ;
#114 =( NAMED_UNIT ( * ) SI_UNIT ( $, .STERADIAN. ) SOLID_ANGLE_UNIT ( ) );
#115 = UNCERTAINTY_MEASURE_WITH_UNIT (LENGTH_MEASURE( 1.000000000000000082E-05 ), #6543, 'distance_accuracy_value', 'NONE');
#116 = ORIENTED_EDGE ( 'NONE', *, *, #2472, .F. ) ;
#117 = LINE ( 'NONE', #2372, #1122 ) ;
#118 = PRESENTATION_STYLE_ASSIGNMENT (( #3577 ) ) ;
#119 = CARTESIAN_POINT ( 'NONE',  ( -0.6599999999999999201, 7.155734338404310332E-15, 0.000000000000000000 ) ) ;
#120 = VECTOR ( 'NONE', #3315, 1000.000000000000000 ) ;
#121 = EDGE_CURVE ( 'NONE', #3418, #7183, #4329, .T. ) ;
#122 = ADVANCED_FACE ( 'NONE', ( #2152 ), #1611, .T. ) ;
#123 = CARTESIAN_POINT ( 'NONE',  ( 0.1918852713115827835, -0.5223716259049961952, 0.000000000000000000 ) ) ;
#124 = CARTESIAN_POINT ( 'NONE',  ( 0.3815315268658405756, -0.4966029508409767756, 0.000000000000000000 ) ) ;
#125 = CARTESIAN_POINT ( 'NONE',  ( 0.4709503810283431346, -0.5752239896141745357, 0.000000000000000000 ) ) ;
#126 = CARTESIAN_POINT ( 'NONE',  ( 0.4238825865918723901, -0.5486179057210359700, 0.001000000000000000021 ) ) ;
#127 = FACE_OUTER_BOUND ( 'NONE', #1991, .T. ) ;
#128 = ORIENTED_EDGE ( 'NONE', *, *, #1659, .T. ) ;
#129 = DIRECTION ( 'NONE',  ( -1.000000000000000000, 0.000000000000000000, 0.000000000000000000 ) ) ;
#130 = FILL_AREA_STYLE_COLOUR ( '', #2664 ) ;
#131 =( NAMED_UNIT ( * ) SI_UNIT ( $, .STERADIAN. ) SOLID_ANGLE_UNIT ( ) );
#132 = VERTEX_POINT ( 'NONE', #3046 ) ;
#133 = STYLED_ITEM ( 'NONE', ( #4374 ), #4047 ) ;
#134 = ADVANCED_FACE ( 'NONE', ( #3614 ), #5745, .T. ) ;
#135 = ORIENTED_EDGE ( 'NONE', *, *, #6248, .F. ) ;
#136 =( NAMED_UNIT ( * ) PLANE_ANGLE_UNIT ( ) SI_UNIT ( $, .RADIAN. ) );
#137 =( NAMED_UNIT ( * ) SI_UNIT ( $, .STERADIAN. ) SOLID_ANGLE_UNIT ( ) );
#138 = FILL_AREA_STYLE_COLOUR ( '', #6651 ) ;
#139 =( LENGTH_UNIT ( ) NAMED_UNIT ( * ) SI_UNIT ( .MILLI., .METRE. ) );
#140 = VECTOR ( 'NONE', #6308, 1000.000000000000000 ) ;
#141 = EDGE_CURVE ( 'NONE', #5760, #364, #861, .T. ) ;
#142 = CARTESIAN_POINT ( 'NONE',  ( 0.000000000000000000, -0.6250000000000001110, 0.000000000000000000 ) ) ;
#143 = VERTEX_POINT ( 'NONE', #3008 ) ;
#144 = CARTESIAN_POINT ( 'NONE',  ( 0.1256569359063918478, -0.4983947213214915406, 0.001000000000000000021 ) ) ;
#145 = PRESENTATION_STYLE_ASSIGNMENT (( #1160 ) ) ;
#146 = ADVANCED_FACE ( 'NONE', ( #5226 ), #5264, .T. ) ;
#147 = LINE ( 'NONE', #1228, #3989 ) ;
#148 = EDGE_CURVE ( 'NONE', #92, #2498, #5616, .T. ) ;
#149 = EDGE_LOOP ( 'NONE', ( #3371, #1677, #201, #2107 ) ) ;
#150 = VERTEX_POINT ( 'NONE', #7179 ) ;
#151 = DIRECTION ( 'NONE',  ( -1.000000000000000000, 0.000000000000000000, 0.000000000000000000 ) ) ;
#152 = CARTESIAN_POINT ( 'NONE',  ( -0.1250000000000000000, 0.7600000000000002309, -0.01000000000000000021 ) ) ;
#153 = SURFACE_SIDE_STYLE ('',( #3499 ) ) ;
#154 = ORIENTED_EDGE ( 'NONE', *, *, #354, .T. ) ;
#155 = CARTESIAN_POINT ( 'NONE',  ( 0.2238760795229987333, -0.4863208384366833337, -2.117582368135750848E-19 ) ) ;
#156 = VERTEX_POINT ( 'NONE', #602 ) ;
#157 = LINE ( 'NONE', #6328, #3607 ) ;
#158 = DIRECTION ( 'NONE',  ( 0.000000000000000000, -1.000000000000000000, 0.000000000000000000 ) ) ;
#159 = CARTESIAN_POINT ( 'NONE',  ( 0.1964293885649910087, -0.5120550643864322238, 0.001000000000000000021 ) ) ;
#160 =( GEOMETRIC_REPRESENTATION_CONTEXT ( 3 ) GLOBAL_UNCERTAINTY_ASSIGNED_CONTEXT ( ( #887 ) ) GLOBAL_UNIT_ASSIGNED_CONTEXT ( ( #1578, #1025, #483 ) ) REPRESENTATION_CONTEXT ( 'NONE', 'WORKASPACE' ) );
#161 = CIRCLE ( 'NONE', #5180, 0.1199999999999999956 ) ;
#162 = CARTESIAN_POINT ( 'NONE',  ( 0.2211040578713036608, -0.4977071096869619127, 0.000000000000000000 ) ) ;
#163 = LINE ( 'NONE', #6845, #5481 ) ;
#164 = MECHANICAL_DESIGN_GEOMETRIC_PRESENTATION_REPRESENTATION (  '', ( #5057 ), #285 ) ;
#165 = CARTESIAN_POINT ( 'NONE',  ( 0.3828645832353611000, -0.5873046829403482105, 0.000000000000000000 ) ) ;
#166 = CARTESIAN_POINT ( 'NONE',  ( 0.1550967224917576825, -0.5861995993702721064, 0.001000000000000000021 ) ) ;
#167 = VERTEX_POINT ( 'NONE', #379 ) ;
#168 = DIRECTION ( 'NONE',  ( 0.000000000000000000, -1.000000000000000000, -0.000000000000000000 ) ) ;
#169 =( LENGTH_UNIT ( ) NAMED_UNIT ( * ) SI_UNIT ( .MILLI., .METRE. ) );
#170 = DIRECTION ( 'NONE',  ( 0.000000000000000000, -0.000000000000000000, 1.000000000000000000 ) ) ;
#171 = ORIENTED_EDGE ( 'NONE', *, *, #715, .F. ) ;
#172 = FILL_AREA_STYLE ('',( #3590 ) ) ;
#173 = ORIENTED_EDGE ( 'NONE', *, *, #80, .T. ) ;
#174 = SURFACE_STYLE_USAGE ( .BOTH. , #1221 ) ;
#175 = FILL_AREA_STYLE ('',( #6311 ) ) ;
#176 = CARTESIAN_POINT ( 'NONE',  ( 0.3511379067241536256, -0.5705588182027100386, 0.001000000000000000021 ) ) ;
#177 = FACE_OUTER_BOUND ( 'NONE', #371, .T. ) ;
#178 = ORIENTED_EDGE ( 'NONE', *, *, #3453, .F. ) ;
#179 = ORIENTED_EDGE ( 'NONE', *, *, #1317, .T. ) ;
#180 = DIRECTION ( 'NONE',  ( -1.445602896647339163E-16, 1.000000000000000000, 0.000000000000000000 ) ) ;
#181 = EDGE_CURVE ( 'NONE', #1332, #1162, #161, .T. ) ;
#182 = ORIENTED_EDGE ( 'NONE', *, *, #4341, .F. ) ;
#183 = CARTESIAN_POINT ( 'NONE',  ( 0.7800000000000001377, -0.4950000000000001066, 0.000000000000000000 ) ) ;
#184 = DIRECTION ( 'NONE',  ( -0.3222024856061130316, 0.9466707760722533616, 0.000000000000000000 ) ) ;
#185 = CARTESIAN_POINT ( 'NONE',  ( 0.2550000000000000044, -0.2199999999999998068, 0.000000000000000000 ) ) ;
#186 = CARTESIAN_POINT ( 'NONE',  ( -0.2449999999999999956, 0.04000000000000021594, 0.1000000000000000056 ) ) ;
#187 = CARTESIAN_POINT ( 'NONE',  ( 0.1962585315022893073, -0.5589402527573333890, 0.000000000000000000 ) ) ;
#188 = SHAPE_DEFINITION_REPRESENTATION ( #30, #6680 ) ;
#189 = UNCERTAINTY_MEASURE_WITH_UNIT (LENGTH_MEASURE( 1.000000000000000082E-05 ), #1495, 'distance_accuracy_value', 'NONE');
#190 = MECHANICAL_DESIGN_GEOMETRIC_PRESENTATION_REPRESENTATION (  '', ( #1819 ), #6958 ) ;
#191 = ORIENTED_EDGE ( 'NONE', *, *, #3903, .F. ) ;
#192 = DIRECTION ( 'NONE',  ( 0.000000000000000000, -1.000000000000000000, 0.000000000000000000 ) ) ;
#193 =( NAMED_UNIT ( * ) PLANE_ANGLE_UNIT ( ) SI_UNIT ( $, .RADIAN. ) );
#194 = VECTOR ( 'NONE', #1511, 1000.000000000000000 ) ;
#195 = UNCERTAINTY_MEASURE_WITH_UNIT (LENGTH_MEASURE( 1.000000000000000082E-05 ), #7013, 'distance_accuracy_value', 'NONE');
#196 = CARTESIAN_POINT ( 'NONE',  ( -1.000000000000000222, 0.7500000000000002220, 0.000000000000000000 ) ) ;
#197 = CARTESIAN_POINT ( 'NONE',  ( 0.3920529923625599156, -0.5002560195266124721, 0.000000000000000000 ) ) ;
#198 = AXIS2_PLACEMENT_3D ( 'NONE', #2495, #2424, #4746 ) ;
#199 = CARTESIAN_POINT ( 'NONE',  ( 0.4246089176137089471, -0.5380860322971012799, 0.000000000000000000 ) ) ;
#200 = DIRECTION ( 'NONE',  ( 1.000000000000000000, 0.000000000000000000, 0.000000000000000000 ) ) ;
#201 = ORIENTED_EDGE ( 'NONE', *, *, #6141, .T. ) ;
#202 = CARTESIAN_POINT ( 'NONE',  ( -1.000000000000000222, 0.7500000000000002220, 0.1000000000000000472 ) ) ;
#203 = MECHANICAL_DESIGN_GEOMETRIC_PRESENTATION_REPRESENTATION (  '', ( #2679 ), #440 ) ;
#204 = COLOUR_RGB ( '',0.000000000000000000, 0.000000000000000000, 0.000000000000000000 ) ;
#205 = CARTESIAN_POINT ( 'NONE',  ( 0.3980892408681375727, -0.5044739854952781100, 0.001000000000000000021 ) ) ;
#206 = AXIS2_PLACEMENT_3D ( 'NONE', #3818, #4862, #4270 ) ;
#207 = ADVANCED_FACE ( 'NONE', ( #4488 ), #570, .F. ) ;
#208 = CARTESIAN_POINT ( 'NONE',  ( 0.3653848834747094321, -0.5755927682690417102, 0.000000000000000000 ) ) ;
#209 = STYLED_ITEM ( 'NONE', ( #439 ), #5832 ) ;
#210 = ORIENTED_EDGE ( 'NONE', *, *, #457, .T. ) ;
#211 =( NAMED_UNIT ( * ) PLANE_ANGLE_UNIT ( ) SI_UNIT ( $, .RADIAN. ) );
#212 = CARTESIAN_POINT ( 'NONE',  ( -0.7800000000000002487, -0.5050000000000001155, -0.01000000000000000021 ) ) ;
#213 = VECTOR ( 'NONE', #2600, 1000.000000000000000 ) ;
#214 = DIRECTION ( 'NONE',  ( 1.000000000000000000, 0.000000000000000000, -0.000000000000000000 ) ) ;
#215 = EDGE_LOOP ( 'NONE', ( #2554, #6091, #867, #4079, #1338, #6851 ) ) ;
#216 = EDGE_CURVE ( 'NONE', #1251, #2371, #6161, .T. ) ;
#217 = COLOUR_RGB ( '',1.000000000000000000, 1.000000000000000000, 1.000000000000000000 ) ;
#218 = PRESENTATION_LAYER_ASSIGNMENT (  '', '', ( #3378 ) ) ;
#219 = B_SPLINE_SURFACE_WITH_KNOTS ( 'NONE', 3, 1, ( 
 ( #1515, #411 ),
 ( #918, #3160 ),
 ( #6948, #6481 ),
 ( #2047, #4181 ),
 ( #5965, #274 ),
 ( #876, #5898 ),
 ( #2120, #2004 ),
 ( #5861, #841 ),
 ( #4325, #6551 ),
 ( #3087, #345 ),
 ( #949, #1546 ),
 ( #1438, #6985 ),
 ( #3194, #5347 ),
 ( #5428, #5270 ),
 ( #2592, #2550 ),
 ( #4764, #7024 ),
 ( #4219, #3693 ),
 ( #6444, #990 ),
 ( #2512, #4805 ) ),
 .UNSPECIFIED., .F., .F., .F.,
 ( 4, 1, 1, 1, 1, 1, 1, 1, 1, 1, 1, 1, 1, 1, 1, 1, 4 ),
 ( 2, 2 ),
 ( 0.000000000000000000, 0.07430379644281456808, 0.1443936103644170854, 0.2104994961032789491, 0.2735426065034672893, 0.3338247445790724077, 0.3925296724085032829, 0.4500874545995854348, 0.5078206115557873934, 0.5654649127768468508, 0.6231487223336193981, 0.6812971927909354797, 0.7409134981565809186, 0.8018557521958581402, 0.8652412377209434124, 0.9309416570467442531, 1.000000000000000000 ),
 ( 0.000000000000000000, 1.000000000000000000 ),
 .UNSPECIFIED. ) ;
#220 = EDGE_CURVE ( 'NONE', #5486, #132, #1302, .T. ) ;
#221 = CYLINDRICAL_SURFACE ( 'NONE', #4100, 0.1200000000000000927 ) ;
#222 =( GEOMETRIC_REPRESENTATION_CONTEXT ( 3 ) GLOBAL_UNCERTAINTY_ASSIGNED_CONTEXT ( ( #3574 ) ) GLOBAL_UNIT_ASSIGNED_CONTEXT ( ( #4364, #4327, #1549 ) ) REPRESENTATION_CONTEXT ( 'NONE', 'WORKASPACE' ) );
#223 = ORIENTED_EDGE ( 'NONE', *, *, #1202, .F. ) ;
#224 = DIRECTION ( 'NONE',  ( 0.000000000000000000, 0.000000000000000000, -1.000000000000000000 ) ) ;
#225 = CARTESIAN_POINT ( 'NONE',  ( 0.1697308688332211102, -0.5861995993702721064, 0.001000000000000000021 ) ) ;
#226 =( GEOMETRIC_REPRESENTATION_CONTEXT ( 3 ) GLOBAL_UNCERTAINTY_ASSIGNED_CONTEXT ( ( #6671 ) ) GLOBAL_UNIT_ASSIGNED_CONTEXT ( ( #3228, #448, #6692 ) ) REPRESENTATION_CONTEXT ( 'NONE', 'WORKASPACE' ) );
#227 = AXIS2_PLACEMENT_3D ( 'NONE', #1909, #3682, #1945 ) ;
#228 =( LENGTH_UNIT ( ) NAMED_UNIT ( * ) SI_UNIT ( .MILLI., .METRE. ) );
#229 = FILL_AREA_STYLE_COLOUR ( '', #4316 ) ;
#230 = SURFACE_STYLE_FILL_AREA ( #6908 ) ;
#231 = VECTOR ( 'NONE', #6907, 1000.000000000000000 ) ;
#232 = ORIENTED_EDGE ( 'NONE', *, *, #3589, .F. ) ;
#233 =( LENGTH_UNIT ( ) NAMED_UNIT ( * ) SI_UNIT ( .MILLI., .METRE. ) );
#234 = LINE ( 'NONE', #3717, #4243 ) ;
#235 = EDGE_CURVE ( 'NONE', #6136, #2717, #6751, .T. ) ;
#236 = DIRECTION ( 'NONE',  ( -0.000000000000000000, 0.000000000000000000, -1.000000000000000000 ) ) ;
#237 = COLOUR_RGB ( '',1.000000000000000000, 1.000000000000000000, 1.000000000000000000 ) ;
#238 = CARTESIAN_POINT ( 'NONE',  ( 0.1237895578576114070, -0.5054069164434428219, 0.000000000000000000 ) ) ;
#239 = FILL_AREA_STYLE ('',( #1958 ) ) ;
#240 = LINE ( 'NONE', #2479, #7208 ) ;
#241 = ADVANCED_FACE ( 'NONE', ( #1592 ), #1043, .T. ) ;
#242 =( LENGTH_UNIT ( ) NAMED_UNIT ( * ) SI_UNIT ( .MILLI., .METRE. ) );
#243 = FACE_OUTER_BOUND ( 'NONE', #3709, .T. ) ;
#244 = SURFACE_STYLE_FILL_AREA ( #2986 ) ;
#245 = DIRECTION ( 'NONE',  ( 0.000000000000000000, 0.000000000000000000, -1.000000000000000000 ) ) ;
#246 = UNCERTAINTY_MEASURE_WITH_UNIT (LENGTH_MEASURE( 1.000000000000000082E-05 ), #6356, 'distance_accuracy_value', 'NONE');
#247 = ADVANCED_FACE ( 'NONE', ( #5181 ), #6273, .T. ) ;
#248 = CARTESIAN_POINT ( 'NONE',  ( 0.6600000000000001421, -0.004999999999999213407, 0.000000000000000000 ) ) ;
#249 = ORIENTED_EDGE ( 'NONE', *, *, #4112, .F. ) ;
#250 = CARTESIAN_POINT ( 'NONE',  ( 0.3669889712574649909, -0.4852087325517581706, 0.001000000000000000021 ) ) ;
#251 = PLANE ( 'NONE',  #4253 ) ;
#252 = ADVANCED_FACE ( 'NONE', ( #1222 ), #4026, .T. ) ;
#253 = VECTOR ( 'NONE', #2344, 1000.000000000000000 ) ;
#254 = VECTOR ( 'NONE', #2919, 1000.000000000000000 ) ;
#255 = SURFACE_SIDE_STYLE ('',( #797 ) ) ;
#256 = ORIENTED_EDGE ( 'NONE', *, *, #2410, .F. ) ;
#257 = ORIENTED_EDGE ( 'NONE', *, *, #1845, .F. ) ;
#258 = PLANE ( 'NONE',  #2423 ) ;
#259 = EDGE_LOOP ( 'NONE', ( #6270, #6929, #4567, #128 ) ) ;
#260 = DIRECTION ( 'NONE',  ( -0.000000000000000000, 0.000000000000000000, 1.000000000000000000 ) ) ;
#261 = FACE_OUTER_BOUND ( 'NONE', #1135, .T. ) ;
#262 = CARTESIAN_POINT ( 'NONE',  ( 0.3758855944429772000, -0.5764435018092963769, 0.000000000000000000 ) ) ;
#263 = CARTESIAN_POINT ( 'NONE',  ( 0.1550967224917576825, -0.5861995993702721064, 0.001000000000000000021 ) ) ;
#264 = EDGE_CURVE ( 'NONE', #5539, #4379, #3481, .T. ) ;
#265 = SURFACE_SIDE_STYLE ('',( #230 ) ) ;
#266 = CARTESIAN_POINT ( 'NONE',  ( 0.1919054542627673943, -0.4993728881301389699, 0.001000000000000000021 ) ) ;
#267 = VECTOR ( 'NONE', #4188, 1000.000000000000000 ) ;
#268 = EDGE_LOOP ( 'NONE', ( #6437, #5661, #381, #4731 ) ) ;
#269 = FILL_AREA_STYLE ('',( #3656 ) ) ;
#270 = STYLED_ITEM ( 'NONE', ( #3807 ), #122 ) ;
#271 = PRESENTATION_STYLE_ASSIGNMENT (( #773 ) ) ;
#272 = PRESENTATION_LAYER_ASSIGNMENT (  '', '', ( #6217 ) ) ;
#273 = UNCERTAINTY_MEASURE_WITH_UNIT (LENGTH_MEASURE( 1.000000000000000082E-05 ), #4492, 'distance_accuracy_value', 'NONE');
#274 = CARTESIAN_POINT ( 'NONE',  ( 0.1918852713115827835, -0.5223716259049961952, 0.000000000000000000 ) ) ;
#275 = CARTESIAN_POINT ( 'NONE',  ( 0.3951621247624321764, -0.5022044002578234245, 0.001000000000000000021 ) ) ;
#276 = CARTESIAN_POINT ( 'NONE',  ( 0.3771702619440989168, -0.5764103920009081561, -0.000000000000000000 ) ) ;
#277 = SURFACE_SIDE_STYLE ('',( #4223 ) ) ;
#278 = ORIENTED_EDGE ( 'NONE', *, *, #6472, .F. ) ;
#279 = DIRECTION ( 'NONE',  ( -0.000000000000000000, -0.000000000000000000, -1.000000000000000000 ) ) ;
#280 = PRESENTATION_LAYER_ASSIGNMENT (  '', '', ( #971 ) ) ;
#281 = CARTESIAN_POINT ( 'NONE',  ( 0.3951621247624321764, -0.5022044002578234245, 0.001000000000000000021 ) ) ;
#282 = FILL_AREA_STYLE ('',( #1406 ) ) ;
#283 = ADVANCED_FACE ( 'NONE', ( #3031 ), #5244, .T. ) ;
#284 = CARTESIAN_POINT ( 'NONE',  ( 0.3559157336931340621, -0.5728750904011101763, 0.000000000000000000 ) ) ;
#285 =( GEOMETRIC_REPRESENTATION_CONTEXT ( 3 ) GLOBAL_UNCERTAINTY_ASSIGNED_CONTEXT ( ( #2021 ) ) GLOBAL_UNIT_ASSIGNED_CONTEXT ( ( #4867, #5951, #6570 ) ) REPRESENTATION_CONTEXT ( 'NONE', 'WORKASPACE' ) );
#286 = ORIENTED_EDGE ( 'NONE', *, *, #6820, .F. ) ;
#287 = CARTESIAN_POINT ( 'NONE',  ( 0.07948696639419673693, -0.5861995993702721064, 0.000000000000000000 ) ) ;
#288 = CARTESIAN_POINT ( 'NONE',  ( -0.3750000000000000000, 0.7600000000000002309, 0.1000000000000000056 ) ) ;
#289 = CARTESIAN_POINT ( 'NONE',  ( -0.7800000000000000266, 0.3749999999999998890, 0.1000000000000000056 ) ) ;
#290 = ORIENTED_EDGE ( 'NONE', *, *, #5009, .F. ) ;
#291 = CARTESIAN_POINT ( 'NONE',  ( -1.010000000000000009, 0.1249999999999998890, 0.1000000000000000056 ) ) ;
#292 = LINE ( 'NONE', #4864, #3397 ) ;
#293 = ORIENTED_EDGE ( 'NONE', *, *, #1280, .T. ) ;
#294 = ORIENTED_EDGE ( 'NONE', *, *, #3963, .T. ) ;
#295 = CARTESIAN_POINT ( 'NONE',  ( 0.1267796897059235706, -0.5039658851669900352, 0.000000000000000000 ) ) ;
#296 = ORIENTED_EDGE ( 'NONE', *, *, #5364, .F. ) ;
#297 = FILL_AREA_STYLE_COLOUR ( '', #1366 ) ;
#298 =( LENGTH_UNIT ( ) NAMED_UNIT ( * ) SI_UNIT ( .MILLI., .METRE. ) );
#299 = SURFACE_SIDE_STYLE ('',( #1834 ) ) ;
#300 = CARTESIAN_POINT ( 'NONE',  ( 0.1884156267069211910, -0.5028067035789234307, -2.117582368135750848E-19 ) ) ;
#301 = ORIENTED_EDGE ( 'NONE', *, *, #5653, .F. ) ;
#302 = DIRECTION ( 'NONE',  ( 1.000000000000000000, -0.000000000000000000, -0.000000000000000000 ) ) ;
#303 = CARTESIAN_POINT ( 'NONE',  ( 0.2101691899950891562, -0.5008442177408949370, 0.001000000000000000021 ) ) ;
#304 = EDGE_CURVE ( 'NONE', #3620, #99, #1488, .T. ) ;
#305 = CARTESIAN_POINT ( 'NONE',  ( -1.000000000000000000, -0.7499999999999997780, 0.1000000000000000472 ) ) ;
#306 = LINE ( 'NONE', #6951, #4186 ) ;
#307 = CARTESIAN_POINT ( 'NONE',  ( 0.4098909608343748734, -0.5496927200667039992, 0.000000000000000000 ) ) ;
#308 = SURFACE_STYLE_FILL_AREA ( #7067 ) ;
#309 = CARTESIAN_POINT ( 'NONE',  ( 0.7800000000000001377, -0.005000000000000135413, 0.1000000000000000056 ) ) ;
#310 = CARTESIAN_POINT ( 'NONE',  ( 1.010000000000000009, 0.6249999999999998890, 0.1000000000000000056 ) ) ;
#311 = AXIS2_PLACEMENT_3D ( 'NONE', #4470, #2864, #5087 ) ;
#312 = COLOUR_RGB ( '',1.000000000000000000, 1.000000000000000000, 1.000000000000000000 ) ;
#313 = PRESENTATION_LAYER_ASSIGNMENT (  '', '', ( #4511 ) ) ;
#314 = LINE ( 'NONE', #1522, #213 ) ;
#315 = DIRECTION ( 'NONE',  ( 1.000000000000000000, 0.000000000000000000, 0.000000000000000000 ) ) ;
#316 = CARTESIAN_POINT ( 'NONE',  ( 0.3579167514625200552, -0.4864820415363548256, 0.001000000000000000021 ) ) ;
#317 = CIRCLE ( 'NONE', #2891, 0.1200000000000000927 ) ;
#318 = SURFACE_STYLE_FILL_AREA ( #6489 ) ;
#319 =( LENGTH_UNIT ( ) NAMED_UNIT ( * ) SI_UNIT ( .MILLI., .METRE. ) );
#320 = STYLED_ITEM ( 'NONE', ( #4118 ), #4538 ) ;
#321 =( LENGTH_UNIT ( ) NAMED_UNIT ( * ) SI_UNIT ( .MILLI., .METRE. ) );
#322 = ADVANCED_FACE ( 'NONE', ( #931 ), #2645, .T. ) ;
#323 = DIRECTION ( 'NONE',  ( -1.000000000000000000, -0.000000000000000000, -0.000000000000000000 ) ) ;
#324 = UNCERTAINTY_MEASURE_WITH_UNIT (LENGTH_MEASURE( 1.000000000000000082E-05 ), #139, 'distance_accuracy_value', 'NONE');
#325 = LINE ( 'NONE', #7080, #5219 ) ;
#326 = PRESENTATION_STYLE_ASSIGNMENT (( #5250 ) ) ;
#327 = MECHANICAL_DESIGN_GEOMETRIC_PRESENTATION_REPRESENTATION (  '', ( #4642 ), #1721 ) ;
#328 = LINE ( 'NONE', #3786, #2926 ) ;
#329 = EDGE_CURVE ( 'NONE', #3604, #6686, #5319, .T. ) ;
#330 = VERTEX_POINT ( 'NONE', #967 ) ;
#331 = MECHANICAL_DESIGN_GEOMETRIC_PRESENTATION_REPRESENTATION (  '', ( #671 ), #4652 ) ;
#332 = DIRECTION ( 'NONE',  ( -0.000000000000000000, 0.000000000000000000, 1.000000000000000000 ) ) ;
#333 = CARTESIAN_POINT ( 'NONE',  ( 0.4014942297820810468, -0.5659004789658110823, 0.001000000000000000021 ) ) ;
#334 = SURFACE_STYLE_FILL_AREA ( #1390 ) ;
#335 = AXIS2_PLACEMENT_3D ( 'NONE', #7103, #1439, #7063 ) ;
#336 =( NAMED_UNIT ( * ) PLANE_ANGLE_UNIT ( ) SI_UNIT ( $, .RADIAN. ) );
#337 = CARTESIAN_POINT ( 'NONE',  ( 0.7800000000000008038, 0.6249999999999998890, -0.01000000000000000021 ) ) ;
#338 = ORIENTED_EDGE ( 'NONE', *, *, #3081, .T. ) ;
#339 =( NAMED_UNIT ( * ) PLANE_ANGLE_UNIT ( ) SI_UNIT ( $, .RADIAN. ) );
#340 = EDGE_CURVE ( 'NONE', #5415, #2343, #7039, .T. ) ;
#341 = VECTOR ( 'NONE', #2858, 1000.000000000000000 ) ;
#342 = STYLED_ITEM ( 'NONE', ( #5854 ), #1717 ) ;
#343 = STYLED_ITEM ( 'NONE', ( #1746 ), #247 ) ;
#344 = UNCERTAINTY_MEASURE_WITH_UNIT (LENGTH_MEASURE( 1.000000000000000082E-05 ), #4113, 'distance_accuracy_value', 'NONE');
#345 = CARTESIAN_POINT ( 'NONE',  ( 0.2011440701130378372, -0.5066716354701391589, 0.000000000000000000 ) ) ;
#346 = SURFACE_SIDE_STYLE ('',( #951 ) ) ;
#347 = STYLED_ITEM ( 'NONE', ( #5297 ), #6565 ) ;
#348 = CARTESIAN_POINT ( 'NONE',  ( 0.4175165125597961602, -0.5666096851550030955, 0.000000000000000000 ) ) ;
#349 = COLOUR_RGB ( '',1.000000000000000000, 1.000000000000000000, 1.000000000000000000 ) ;
#350 = DIRECTION ( 'NONE',  ( 1.084202172485501752E-14, 1.000000000000000000, 0.000000000000000000 ) ) ;
#351 =( LENGTH_UNIT ( ) NAMED_UNIT ( * ) SI_UNIT ( .MILLI., .METRE. ) );
#352 =( LENGTH_UNIT ( ) NAMED_UNIT ( * ) SI_UNIT ( .MILLI., .METRE. ) );
#353 =( LENGTH_UNIT ( ) NAMED_UNIT ( * ) SI_UNIT ( .MILLI., .METRE. ) );
#354 = EDGE_CURVE ( 'NONE', #1507, #5432, #2098, .T. ) ;
#355 = MECHANICAL_DESIGN_GEOMETRIC_PRESENTATION_REPRESENTATION (  '', ( #4677 ), #3042 ) ;
#356 = EDGE_CURVE ( 'NONE', #828, #5139, #3749, .T. ) ;
#357 = CARTESIAN_POINT ( 'NONE',  ( 0.1697308688332211102, -0.5861995993702721064, 0.001000000000000000021 ) ) ;
#358 = CARTESIAN_POINT ( 'NONE',  ( 0.4238026174696209458, -0.5267651501915496803, 0.001000000000000000021 ) ) ;
#359 = CARTESIAN_POINT ( 'NONE',  ( -0.6600000000000001421, 0.6249999999999998890, -0.01000000000000000021 ) ) ;
#360 = DIRECTION ( 'NONE',  ( -1.000000000000000000, 0.000000000000000000, 0.000000000000000000 ) ) ;
#361 = CARTESIAN_POINT ( 'NONE',  ( 0.2303444359063918645, -0.5861995993702721064, 0.001000000000000000021 ) ) ;
#362 = COLOUR_RGB ( '',0.5019607843137254832, 0.2509803921568627416, 0.2509803921568627416 ) ;
#363 = DIRECTION ( 'NONE',  ( -1.000000000000000000, 0.000000000000000000, 0.000000000000000000 ) ) ;
#364 = VERTEX_POINT ( 'NONE', #6420 ) ;
#365 = LINE ( 'NONE', #4894, #950 ) ;
#366 = ORIENTED_EDGE ( 'NONE', *, *, #5123, .F. ) ;
#367 = COLOUR_RGB ( '',1.000000000000000000, 1.000000000000000000, 1.000000000000000000 ) ;
#368 = CARTESIAN_POINT ( 'NONE',  ( -0.7800000000000002487, 0.004999999999999890817, 0.1000000000000000056 ) ) ;
#369 = CARTESIAN_POINT ( 'NONE',  ( 0.1249384642518904798, -0.5005819106841349342, 0.000000000000000000 ) ) ;
#370 = VECTOR ( 'NONE', #363, 1000.000000000000000 ) ;
#371 = EDGE_LOOP ( 'NONE', ( #4506, #278, #1722, #2138 ) ) ;
#372 = LINE ( 'NONE', #739, #6687 ) ;
#373 = SURFACE_SIDE_STYLE ('',( #3215 ) ) ;
#374 = EDGE_CURVE ( 'NONE', #5203, #6975, #6749, .T. ) ;
#375 = FILL_AREA_STYLE ('',( #3610 ) ) ;
#376 = VERTEX_POINT ( 'NONE', #288 ) ;
#377 = CARTESIAN_POINT ( 'NONE',  ( 0.4111122439210322943, -0.5415842800899547393, 0.000000000000000000 ) ) ;
#378 =( NAMED_UNIT ( * ) PLANE_ANGLE_UNIT ( ) SI_UNIT ( $, .RADIAN. ) );
#379 = CARTESIAN_POINT ( 'NONE',  ( -0.1250000000000000000, 0.7500000000000002220, 0.1000000000000000056 ) ) ;
#380 = CARTESIAN_POINT ( 'NONE',  ( 0.1770479420039528240, -0.5349419774190524723, 0.001000000000000000021 ) ) ;
#381 = ORIENTED_EDGE ( 'NONE', *, *, #6381, .F. ) ;
#382 = VECTOR ( 'NONE', #4561, 1000.000000000000000 ) ;
#383 =( NAMED_UNIT ( * ) PLANE_ANGLE_UNIT ( ) SI_UNIT ( $, .RADIAN. ) );
#384 =( GEOMETRIC_REPRESENTATION_CONTEXT ( 3 ) GLOBAL_UNCERTAINTY_ASSIGNED_CONTEXT ( ( #6596 ) ) GLOBAL_UNIT_ASSIGNED_CONTEXT ( ( #897, #4780, #7001 ) ) REPRESENTATION_CONTEXT ( 'NONE', 'WORKASPACE' ) );
#385 = CARTESIAN_POINT ( 'NONE',  ( 0.7800000000000001377, 0.4949999999999998845, -0.01000000000000000021 ) ) ;
#386 = DIRECTION ( 'NONE',  ( 1.000000000000000000, 0.000000000000000000, 0.000000000000000000 ) ) ;
#387 = DIRECTION ( 'NONE',  ( -0.9407669869669987861, 0.3390537954853695690, 0.000000000000000000 ) ) ;
#388 = CARTESIAN_POINT ( 'NONE',  ( 0.7800000000000009148, -0.3750000000000001110, 0.1000000000000000056 ) ) ;
#389 = CARTESIAN_POINT ( 'NONE',  ( 0.1984107680887519376, -0.5619776370931452991, 0.001000000000000000021 ) ) ;
#390 = PRESENTATION_LAYER_ASSIGNMENT (  '', '', ( #5628 ) ) ;
#391 = CARTESIAN_POINT ( 'NONE',  ( 0.1259938268262289218, -0.5004520062989307183, 0.001000000000000000021 ) ) ;
#392 =( NAMED_UNIT ( * ) SI_UNIT ( $, .STERADIAN. ) SOLID_ANGLE_UNIT ( ) );
#393 = CARTESIAN_POINT ( 'NONE',  ( 0.4103025151256051717, -0.4995246500495573727, 0.000000000000000000 ) ) ;
#394 = AXIS2_PLACEMENT_3D ( 'NONE', #1315, #3504, #1839 ) ;
#395 = CARTESIAN_POINT ( 'NONE',  ( 0.3638142435446613532, -0.4854971034235741056, 0.001000000000000000021 ) ) ;
#396 = CYLINDRICAL_SURFACE ( 'NONE', #1196, 0.1199999999999999956 ) ;
#397 = DIRECTION ( 'NONE',  ( 1.000000000000000000, 0.000000000000000000, 0.000000000000000000 ) ) ;
#398 = DIRECTION ( 'NONE',  ( 0.000000000000000000, 0.000000000000000000, -1.000000000000000000 ) ) ;
#399 = VECTOR ( 'NONE', #5016, 1000.000000000000000 ) ;
#400 = DIRECTION ( 'NONE',  ( 0.000000000000000000, -1.000000000000000000, 0.000000000000000000 ) ) ;
#401 = ORIENTED_EDGE ( 'NONE', *, *, #4729, .T. ) ;
#402 = CARTESIAN_POINT ( 'NONE',  ( 0.1778928058928685996, -0.5244159772276635323, 0.000000000000000000 ) ) ;
#403 = ORIENTED_EDGE ( 'NONE', *, *, #4066, .F. ) ;
#404 = SURFACE_STYLE_USAGE ( .BOTH. , #6012 ) ;
#405 = SURFACE_STYLE_FILL_AREA ( #2499 ) ;
#406 = CARTESIAN_POINT ( 'NONE',  ( -0.2449999999999999956, 0.04000000000000021594, 0.000000000000000000 ) ) ;
#407 = EDGE_CURVE ( 'NONE', #5097, #1090, #3413, .T. ) ;
#408 = DIRECTION ( 'NONE',  ( 0.000000000000000000, 0.000000000000000000, -1.000000000000000000 ) ) ;
#409 = VERTEX_POINT ( 'NONE', #1623 ) ;
#410 = CARTESIAN_POINT ( 'NONE',  ( 0.2039404725972004118, -0.5044465587911198812, 0.001000000000000000021 ) ) ;
#411 = CARTESIAN_POINT ( 'NONE',  ( 0.1904625761502943271, -0.5352278005897842528, 0.000000000000000000 ) ) ;
#412 = CARTESIAN_POINT ( 'NONE',  ( 0.6600000000000000311, 0.4950000000000007727, 0.000000000000000000 ) ) ;
#413 = FACE_OUTER_BOUND ( 'NONE', #2170, .T. ) ;
#414 = LINE ( 'NONE', #6952, #2636 ) ;
#415 = SURFACE_SIDE_STYLE ('',( #5431 ) ) ;
#416 = CARTESIAN_POINT ( 'NONE',  ( -1.000000000000000000, 0.1249999999999998890, 0.1000000000000000056 ) ) ;
#417 = CARTESIAN_POINT ( 'NONE',  ( -0.7800000000000002487, -0.005000000000000135413, 0.1000000000000000056 ) ) ;
#418 = PRESENTATION_LAYER_ASSIGNMENT (  '', '', ( #1832 ) ) ;
#419 = DIRECTION ( 'NONE',  ( -1.000000000000000000, 0.000000000000000000, 0.000000000000000000 ) ) ;
#420 = CARTESIAN_POINT ( 'NONE',  ( 0.1256569359063918478, -0.4983947213214915406, 0.001000000000000000021 ) ) ;
#421 = FILL_AREA_STYLE_COLOUR ( '', #4210 ) ;
#422 = CARTESIAN_POINT ( 'NONE',  ( -1.000000000000000222, 0.7500000000000002220, 0.9799999999999999822 ) ) ;
#423 = CARTESIAN_POINT ( 'NONE',  ( 0.4246089176137089471, -0.5380860322971012799, 0.001000000000000000021 ) ) ;
#424 = VECTOR ( 'NONE', #4669, 1000.000000000000000 ) ;
#425 = COLOUR_RGB ( '',1.000000000000000000, 1.000000000000000000, 1.000000000000000000 ) ;
#426 =( LENGTH_UNIT ( ) NAMED_UNIT ( * ) SI_UNIT ( .MILLI., .METRE. ) );
#427 = EDGE_CURVE ( 'NONE', #3830, #376, #7170, .T. ) ;
#428 = VECTOR ( 'NONE', #756, 1000.000000000000000 ) ;
#429 = COLOUR_RGB ( '',1.000000000000000000, 1.000000000000000000, 1.000000000000000000 ) ;
#430 = STYLED_ITEM ( 'NONE', ( #2064 ), #2074 ) ;
#431 = PLANE ( 'NONE',  #2640 ) ;
#432 = VERTEX_POINT ( 'NONE', #4892 ) ;
#433 = STYLED_ITEM ( 'NONE', ( #5006 ), #5465 ) ;
#434 = VECTOR ( 'NONE', #2399, 1000.000000000000000 ) ;
#435 = CARTESIAN_POINT ( 'NONE',  ( -0.3750000000000000000, 0.7600000000000002309, 0.1000000000000000056 ) ) ;
#436 = PRESENTATION_LAYER_ASSIGNMENT (  '', '', ( #3126 ) ) ;
#437 = EDGE_CURVE ( 'NONE', #3904, #619, #6080, .T. ) ;
#438 = CARTESIAN_POINT ( 'NONE',  ( 0.2293726371259040553, -0.4971752091263696438, 0.000000000000000000 ) ) ;
#439 = PRESENTATION_STYLE_ASSIGNMENT (( #1573 ) ) ;
#440 =( GEOMETRIC_REPRESENTATION_CONTEXT ( 3 ) GLOBAL_UNCERTAINTY_ASSIGNED_CONTEXT ( ( #597 ) ) GLOBAL_UNIT_ASSIGNED_CONTEXT ( ( #4836, #2655, #1503 ) ) REPRESENTATION_CONTEXT ( 'NONE', 'WORKASPACE' ) );
#441 = FACE_OUTER_BOUND ( 'NONE', #3664, .T. ) ;
#442 = AXIS2_PLACEMENT_3D ( 'NONE', #5400, #1483, #4332 ) ;
#443 = VERTEX_POINT ( 'NONE', #6037 ) ;
#444 = DIRECTION ( 'NONE',  ( -0.9353882635801357148, -0.3536223923290756077, 0.000000000000000000 ) ) ;
#445 = CARTESIAN_POINT ( 'NONE',  ( 0.2069401720423963420, -0.5024883817759747684, 0.001000000000000000021 ) ) ;
#446 = STYLED_ITEM ( 'NONE', ( #1398 ), #1065 ) ;
#447 = CARTESIAN_POINT ( 'NONE',  ( -0.7800000000000002487, 0.004999999999999890817, 0.000000000000000000 ) ) ;
#448 =( NAMED_UNIT ( * ) PLANE_ANGLE_UNIT ( ) SI_UNIT ( $, .RADIAN. ) );
#449 = PRESENTATION_STYLE_ASSIGNMENT (( #6582 ) ) ;
#450 = CARTESIAN_POINT ( 'NONE',  ( -1.010000000000000009, 0.6249999999999998890, -0.01000000000000000021 ) ) ;
#451 = EDGE_CURVE ( 'NONE', #1290, #6724, #1002, .T. ) ;
#452 = DIRECTION ( 'NONE',  ( -1.000000000000000000, 0.000000000000000000, -0.000000000000000000 ) ) ;
#453 = PRESENTATION_STYLE_ASSIGNMENT (( #958 ) ) ;
#454 = VECTOR ( 'NONE', #5392, 1000.000000000000000 ) ;
#455 = AXIS2_PLACEMENT_3D ( 'NONE', #5932, #7026, #1548 ) ;
#456 = LINE ( 'NONE', #6559, #6514 ) ;
#457 = EDGE_CURVE ( 'NONE', #7192, #5692, #4655, .T. ) ;
#458 = CARTESIAN_POINT ( 'NONE',  ( 0.4709503810283431346, -0.5752239896141745357, 0.000000000000000000 ) ) ;
#459 = VECTOR ( 'NONE', #5893, 1000.000000000000000 ) ;
#460 = CARTESIAN_POINT ( 'NONE',  ( 0.4245653652681926626, -0.5361404811861215647, 0.000000000000000000 ) ) ;
#461 = CARTESIAN_POINT ( 'NONE',  ( -0.3750000000000000000, 0.5300000000000002487, 0.1000000000000000056 ) ) ;
#462 = AXIS2_PLACEMENT_3D ( 'NONE', #539, #6613, #6655 ) ;
#463 = SURFACE_SIDE_STYLE ('',( #3249 ) ) ;
#464 = UNCERTAINTY_MEASURE_WITH_UNIT (LENGTH_MEASURE( 1.000000000000000082E-05 ), #5772, 'distance_accuracy_value', 'NONE');
#465 = ADVANCED_FACE ( 'NONE', ( #2229 ), #3245, .T. ) ;
#466 = DIRECTION ( 'NONE',  ( 1.000000000000000000, -0.000000000000000000, -0.000000000000000000 ) ) ;
#467 = SURFACE_STYLE_USAGE ( .BOTH. , #5507 ) ;
#468 = CARTESIAN_POINT ( 'NONE',  ( -0.7800000000000010258, -0.1250000000000001110, 0.1000000000000000056 ) ) ;
#469 = ADVANCED_FACE ( 'NONE', ( #6114 ), #2803, .T. ) ;
#470 = ORIENTED_EDGE ( 'NONE', *, *, #304, .F. ) ;
#471 = CARTESIAN_POINT ( 'NONE',  ( 0.1253330029795625966, -0.4983947213214915406, 0.000000000000000000 ) ) ;
#472 = ORIENTED_EDGE ( 'NONE', *, *, #2557, .T. ) ;
#473 = VERTEX_POINT ( 'NONE', #2909 ) ;
#474 = ORIENTED_EDGE ( 'NONE', *, *, #235, .F. ) ;
#475 = SURFACE_STYLE_USAGE ( .BOTH. , #5989 ) ;
#476 = PRESENTATION_STYLE_ASSIGNMENT (( #1017 ) ) ;
#477 = ORIENTED_EDGE ( 'NONE', *, *, #6171, .F. ) ;
#478 = EDGE_CURVE ( 'NONE', #443, #2509, #2869, .T. ) ;
#479 = SURFACE_STYLE_FILL_AREA ( #7197 ) ;
#480 = DIRECTION ( 'NONE',  ( 1.000000000000000000, 0.000000000000000000, -0.000000000000000000 ) ) ;
#481 = CARTESIAN_POINT ( 'NONE',  ( 0.6600000000000001421, -0.004999999999999213407, -0.01000000000000000021 ) ) ;
#482 = VECTOR ( 'NONE', #3540, 1000.000000000000000 ) ;
#483 =( NAMED_UNIT ( * ) SI_UNIT ( $, .STERADIAN. ) SOLID_ANGLE_UNIT ( ) );
#484 = CARTESIAN_POINT ( 'NONE',  ( 0.2284184717121613695, -0.5751914187224956843, 0.001000000000000000021 ) ) ;
#485 = PLANE ( 'NONE',  #4632 ) ;
#486 = CIRCLE ( 'NONE', #4824, 0.1199999999999999956 ) ;
#487 = EDGE_CURVE ( 'NONE', #1384, #5539, #52, .T. ) ;
#488 =( LENGTH_UNIT ( ) NAMED_UNIT ( * ) SI_UNIT ( .MILLI., .METRE. ) );
#489 = CARTESIAN_POINT ( 'NONE',  ( 0.4166113026921673956, -0.5073989636303181117, 0.000000000000000000 ) ) ;
#490 = SURFACE_STYLE_USAGE ( .BOTH. , #1525 ) ;
#491 =( NAMED_UNIT ( * ) SI_UNIT ( $, .STERADIAN. ) SOLID_ANGLE_UNIT ( ) );
#492 =( NAMED_UNIT ( * ) PLANE_ANGLE_UNIT ( ) SI_UNIT ( $, .RADIAN. ) );
#493 = COLOUR_RGB ( '',1.000000000000000000, 1.000000000000000000, 1.000000000000000000 ) ;
#494 = CARTESIAN_POINT ( 'NONE',  ( -1.010000000000000231, -0.6250000000000001110, -0.01000000000000000021 ) ) ;
#495 = COLOUR_RGB ( '',1.000000000000000000, 1.000000000000000000, 1.000000000000000000 ) ;
#496 = CARTESIAN_POINT ( 'NONE',  ( 0.1245724858571516380, -0.5025252758820560883, 0.001000000000000000021 ) ) ;
#497 = CARTESIAN_POINT ( 'NONE',  ( 0.2087434681003543790, -0.4894329508148206886, 0.000000000000000000 ) ) ;
#498 = ORIENTED_EDGE ( 'NONE', *, *, #3340, .F. ) ;
#499 = STYLED_ITEM ( 'NONE', ( #2260 ), #3349 ) ;
#500 = SURFACE_STYLE_FILL_AREA ( #4413 ) ;
#501 = VECTOR ( 'NONE', #2123, 1000.000000000000000 ) ;
#502 = ORIENTED_EDGE ( 'NONE', *, *, #6109, .F. ) ;
#503 = SURFACE_STYLE_USAGE ( .BOTH. , #1015 ) ;
#504 = PRESENTATION_LAYER_ASSIGNMENT (  '', '', ( #1203 ) ) ;
#505 = SURFACE_STYLE_USAGE ( .BOTH. , #3866 ) ;
#506 = ORIENTED_EDGE ( 'NONE', *, *, #4772, .T. ) ;
#507 = CARTESIAN_POINT ( 'NONE',  ( 1.000000000000000000, -0.1250000000000001110, 0.000000000000000000 ) ) ;
#508 = SURFACE_STYLE_FILL_AREA ( #1 ) ;
#509 = CARTESIAN_POINT ( 'NONE',  ( 0.3777339176137089471, -0.5874191115653940587, 0.001000000000000000021 ) ) ;
#510 = CARTESIAN_POINT ( 'NONE',  ( 0.1237895578576113653, -0.5054069164434428219, 0.001000000000000000021 ) ) ;
#511 = DIRECTION ( 'NONE',  ( 0.000000000000000000, 1.000000000000000000, 0.000000000000000000 ) ) ;
#512 = CARTESIAN_POINT ( 'NONE',  ( 0.1910379018463814471, -0.5441110819413355060, 0.000000000000000000 ) ) ;
#513 = ADVANCED_FACE ( 'NONE', ( #127 ), #6277, .T. ) ;
#514 = FILL_AREA_STYLE ('',( #46 ) ) ;
#515 = FILL_AREA_STYLE ('',( #2292 ) ) ;
#516 = CARTESIAN_POINT ( 'NONE',  ( 0.3852342661840178484, -0.4974422447642035672, 0.000000000000000000 ) ) ;
#517 = DIRECTION ( 'NONE',  ( -0.000000000000000000, -0.000000000000000000, -1.000000000000000000 ) ) ;
#518 = ORIENTED_EDGE ( 'NONE', *, *, #3609, .F. ) ;
#519 = SURFACE_SIDE_STYLE ('',( #1072 ) ) ;
#520 = DIRECTION ( 'NONE',  ( 0.000000000000000000, 0.000000000000000000, -1.000000000000000000 ) ) ;
#521 =( NAMED_UNIT ( * ) PLANE_ANGLE_UNIT ( ) SI_UNIT ( $, .RADIAN. ) );
#522 = UNCERTAINTY_MEASURE_WITH_UNIT (LENGTH_MEASURE( 1.000000000000000082E-05 ), #426, 'distance_accuracy_value', 'NONE');
#523 = LINE ( 'NONE', #2767, #5919 ) ;
#524 = CARTESIAN_POINT ( 'NONE',  ( -0.1250000000000000000, 0.5300000000000002487, 0.1000000000000000056 ) ) ;
#525 = CARTESIAN_POINT ( 'NONE',  ( 0.1253330029795625966, -0.4983947213214915406, 0.001000000000000000021 ) ) ;
#526 = AXIS2_PLACEMENT_3D ( 'NONE', #3146, #3110, #6976 ) ;
#527 = DIRECTION ( 'NONE',  ( 0.000000000000000000, -0.000000000000000000, 1.000000000000000000 ) ) ;
#528 = ORIENTED_EDGE ( 'NONE', *, *, #3168, .T. ) ;
#529 = CARTESIAN_POINT ( 'NONE',  ( 0.4246089176137089471, -0.5380860322971012799, 0.001000000000000000021 ) ) ;
#530 = VERTEX_POINT ( 'NONE', #3471 ) ;
#531 =( NAMED_UNIT ( * ) SI_UNIT ( $, .STERADIAN. ) SOLID_ANGLE_UNIT ( ) );
#532 = ORIENTED_EDGE ( 'NONE', *, *, #1085, .F. ) ;
#533 = LINE ( 'NONE', #7154, #7196 ) ;
#534 =( GEOMETRIC_REPRESENTATION_CONTEXT ( 3 ) GLOBAL_UNCERTAINTY_ASSIGNED_CONTEXT ( ( #5964 ) ) GLOBAL_UNIT_ASSIGNED_CONTEXT ( ( #2704, #1519, #3236 ) ) REPRESENTATION_CONTEXT ( 'NONE', 'WORKASPACE' ) );
#535 = STYLED_ITEM ( 'NONE', ( #808 ), #4565 ) ;
#536 = PRESENTATION_LAYER_ASSIGNMENT (  '', '', ( #4289 ) ) ;
#537 =( NAMED_UNIT ( * ) SI_UNIT ( $, .STERADIAN. ) SOLID_ANGLE_UNIT ( ) );
#538 = ADVANCED_FACE ( 'NONE', ( #243 ), #3129, .T. ) ;
#539 = CARTESIAN_POINT ( 'NONE',  ( 0.000000000000000000, 0.000000000000000000, 0.000000000000000000 ) ) ;
#540 = VECTOR ( 'NONE', #4608, 1000.000000000000000 ) ;
#541 =( GEOMETRIC_REPRESENTATION_CONTEXT ( 3 ) GLOBAL_UNCERTAINTY_ASSIGNED_CONTEXT ( ( #4708 ) ) GLOBAL_UNIT_ASSIGNED_CONTEXT ( ( #4422, #4461, #1604 ) ) REPRESENTATION_CONTEXT ( 'NONE', 'WORKASPACE' ) );
#542 = ORIENTED_EDGE ( 'NONE', *, *, #6840, .T. ) ;
#543 = COLOUR_RGB ( '',0.000000000000000000, 0.000000000000000000, 0.000000000000000000 ) ;
#544 = PRESENTATION_LAYER_ASSIGNMENT (  '', '', ( #209 ) ) ;
#545 = CARTESIAN_POINT ( 'NONE',  ( 0.2770479420039528295, -0.5752239896141745357, 0.000000000000000000 ) ) ;
#546 = ORIENTED_EDGE ( 'NONE', *, *, #2201, .T. ) ;
#547 = UNCERTAINTY_MEASURE_WITH_UNIT (LENGTH_MEASURE( 1.000000000000000082E-05 ), #3562, 'distance_accuracy_value', 'NONE');
#548 = CARTESIAN_POINT ( 'NONE',  ( -0.1250000000000000000, -0.7599999999999997868, 0.1000000000000000056 ) ) ;
#549 = EDGE_CURVE ( 'NONE', #5486, #3611, #2050, .T. ) ;
#550 = SURFACE_SIDE_STYLE ('',( #1656 ) ) ;
#551 = CARTESIAN_POINT ( 'NONE',  ( 0.1904625761502943271, -0.5352278005897842528, 0.000000000000000000 ) ) ;
#552 = COLOUR_RGB ( '',0.000000000000000000, 0.000000000000000000, 0.000000000000000000 ) ;
#553 = VECTOR ( 'NONE', #1690, 1000.000000000000000 ) ;
#554 = CARTESIAN_POINT ( 'NONE',  ( -1.000000000000000000, -0.7499999999999997780, 0.9799999999999999822 ) ) ;
#555 =( LENGTH_UNIT ( ) NAMED_UNIT ( * ) SI_UNIT ( .MILLI., .METRE. ) );
#556 = FILL_AREA_STYLE ('',( #628 ) ) ;
#557 = PRESENTATION_LAYER_ASSIGNMENT (  '', '', ( #6865 ) ) ;
#558 = CARTESIAN_POINT ( 'NONE',  ( 0.4226909316292755681, -0.5214857506460300884, 0.000000000000000000 ) ) ;
#559 = ORIENTED_EDGE ( 'NONE', *, *, #6054, .F. ) ;
#560 = LINE ( 'NONE', #4402, #253 ) ;
#561 = ADVANCED_FACE ( 'NONE', ( #4850 ), #1518, .T. ) ;
#562 = SURFACE_SIDE_STYLE ('',( #6703 ) ) ;
#563 = ORIENTED_EDGE ( 'NONE', *, *, #2800, .T. ) ;
#564 = STYLED_ITEM ( 'NONE', ( #4502 ), #1640 ) ;
#565 = PRESENTATION_LAYER_ASSIGNMENT (  '', '', ( #343 ) ) ;
#566 = CARTESIAN_POINT ( 'NONE',  ( 0.2303444359063918645, -0.5861995993702721064, 0.001000000000000000021 ) ) ;
#567 = ORIENTED_EDGE ( 'NONE', *, *, #4045, .F. ) ;
#568 = DIRECTION ( 'NONE',  ( 1.000000000000000000, 0.000000000000000000, 0.000000000000000000 ) ) ;
#569 = SURFACE_STYLE_USAGE ( .BOTH. , #3892 ) ;
#570 = PLANE ( 'NONE',  #3874 ) ;
#571 = ORIENTED_EDGE ( 'NONE', *, *, #49, .F. ) ;
#572 = MECHANICAL_DESIGN_GEOMETRIC_PRESENTATION_REPRESENTATION (  '', ( #347 ), #4904 ) ;
#573 = CARTESIAN_POINT ( 'NONE',  ( 0.3722970945369922791, -0.5763963876954305565, 0.001000000000000000021 ) ) ;
#574 = ORIENTED_EDGE ( 'NONE', *, *, #2708, .F. ) ;
#575 = CIRCLE ( 'NONE', #5721, 0.1199999999999999956 ) ;
#576 = SURFACE_STYLE_FILL_AREA ( #6017 ) ;
#577 = VERTEX_POINT ( 'NONE', #6448 ) ;
#578 = MECHANICAL_DESIGN_GEOMETRIC_PRESENTATION_REPRESENTATION (  '', ( #6545 ), #4437 ) ;
#579 = EDGE_LOOP ( 'NONE', ( #7041, #1263, #5769, #945, #6657, #6708 ) ) ;
#580 =( LENGTH_UNIT ( ) NAMED_UNIT ( * ) SI_UNIT ( .MILLI., .METRE. ) );
#581 = ORIENTED_EDGE ( 'NONE', *, *, #437, .T. ) ;
#582 = EDGE_CURVE ( 'NONE', #5147, #1281, #6484, .T. ) ;
#583 = CARTESIAN_POINT ( 'NONE',  ( 0.3172918444429772555, -0.5301020383946623005, 0.001000000000000000021 ) ) ;
#584 = VERTEX_POINT ( 'NONE', #3698 ) ;
#585 = CARTESIAN_POINT ( 'NONE',  ( 0.3172918444429772555, -0.5301020383946623005, 0.001000000000000000021 ) ) ;
#586 = CARTESIAN_POINT ( 'NONE',  ( 0.09412111273566012293, -0.5861995993702721064, 0.001000000000000000021 ) ) ;
#587 = ORIENTED_EDGE ( 'NONE', *, *, #549, .T. ) ;
#588 = CARTESIAN_POINT ( 'NONE',  ( 0.2211954229232719060, -0.5746232990102400073, 0.001000000000000000021 ) ) ;
#589 = PLANE ( 'NONE',  #5326 ) ;
#590 = LINE ( 'NONE', #554, #3015 ) ;
#591 =( NAMED_UNIT ( * ) SI_UNIT ( $, .STERADIAN. ) SOLID_ANGLE_UNIT ( ) );
#592 = CARTESIAN_POINT ( 'NONE',  ( 0.7800000000000008038, 0.3749999999999998890, 0.1000000000000000056 ) ) ;
#593 = CARTESIAN_POINT ( 'NONE',  ( 0.4066147196533461128, -0.4961072993994339320, 0.000000000000000000 ) ) ;
#594 = CARTESIAN_POINT ( 'NONE',  ( 0.000000000000000000, 0.6249999999999998890, 0.000000000000000000 ) ) ;
#595 = UNCERTAINTY_MEASURE_WITH_UNIT (LENGTH_MEASURE( 1.000000000000000082E-05 ), #2314, 'distance_accuracy_value', 'NONE');
#596 = ORIENTED_EDGE ( 'NONE', *, *, #4510, .T. ) ;
#597 = UNCERTAINTY_MEASURE_WITH_UNIT (LENGTH_MEASURE( 1.000000000000000082E-05 ), #4836, 'distance_accuracy_value', 'NONE');
#598 = CARTESIAN_POINT ( 'NONE',  ( 0.2191931468073259615, -0.5853992541790034032, 0.001000000000000000021 ) ) ;
#599 = VERTEX_POINT ( 'NONE', #1478 ) ;
#600 = CARTESIAN_POINT ( 'NONE',  ( 0.2246789528608645614, -0.5860970960398411700, 0.001000000000000000021 ) ) ;
#601 =( GEOMETRIC_REPRESENTATION_CONTEXT ( 3 ) GLOBAL_UNCERTAINTY_ASSIGNED_CONTEXT ( ( #522 ) ) GLOBAL_UNIT_ASSIGNED_CONTEXT ( ( #426, #2608, #4955 ) ) REPRESENTATION_CONTEXT ( 'NONE', 'WORKASPACE' ) );
#602 = CARTESIAN_POINT ( 'NONE',  ( 0.2770479420039528295, -0.5752239896141745357, 0.000000000000000000 ) ) ;
#603 = ORIENTED_EDGE ( 'NONE', *, *, #487, .F. ) ;
#604 = DIRECTION ( 'NONE',  ( 0.000000000000000000, 0.000000000000000000, 1.000000000000000000 ) ) ;
#605 = FILL_AREA_STYLE_COLOUR ( '', #4699 ) ;
#606 = EDGE_CURVE ( 'NONE', #5119, #4130, #6363, .T. ) ;
#607 = MECHANICAL_DESIGN_GEOMETRIC_PRESENTATION_REPRESENTATION (  '', ( #29 ), #1553 ) ;
#608 = DIRECTION ( 'NONE',  ( 1.000000000000000000, 0.000000000000000000, -0.000000000000000000 ) ) ;
#609 = ORIENTED_EDGE ( 'NONE', *, *, #5420, .T. ) ;
#610 = VECTOR ( 'NONE', #2728, 1000.000000000000000 ) ;
#611 = EDGE_LOOP ( 'NONE', ( #2008, #6718, #1647, #2284, #2398, #645 ) ) ;
#612 = PLANE ( 'NONE',  #4384 ) ;
#613 = PLANE ( 'NONE',  #1127 ) ;
#614 = EDGE_CURVE ( 'NONE', #4007, #1779, #2515, .T. ) ;
#615 = ORIENTED_EDGE ( 'NONE', *, *, #4510, .F. ) ;
#616 = AXIS2_PLACEMENT_3D ( 'NONE', #289, #2390, #5802 ) ;
#617 = DIRECTION ( 'NONE',  ( -0.000000000000000000, -0.000000000000000000, -1.000000000000000000 ) ) ;
#618 = CARTESIAN_POINT ( 'NONE',  ( -0.6600000000000001421, -0.005000000000000135413, 0.000000000000000000 ) ) ;
#619 = VERTEX_POINT ( 'NONE', #4810 ) ;
#620 = SURFACE_SIDE_STYLE ('',( #7112 ) ) ;
#621 = CARTESIAN_POINT ( 'NONE',  ( 0.1241992050602268166, -0.5040971818394416326, 0.001000000000000000021 ) ) ;
#622 = UNCERTAINTY_MEASURE_WITH_UNIT (LENGTH_MEASURE( 1.000000000000000082E-05 ), #4257, 'distance_accuracy_value', 'NONE');
#623 = SURFACE_STYLE_FILL_AREA ( #6186 ) ;
#624 = ORIENTED_EDGE ( 'NONE', *, *, #5324, .F. ) ;
#625 = SURFACE_STYLE_FILL_AREA ( #514 ) ;
#626 =( NAMED_UNIT ( * ) PLANE_ANGLE_UNIT ( ) SI_UNIT ( $, .RADIAN. ) );
#627 =( NAMED_UNIT ( * ) PLANE_ANGLE_UNIT ( ) SI_UNIT ( $, .RADIAN. ) );
#628 = FILL_AREA_STYLE_COLOUR ( '', #217 ) ;
#629 = ADVANCED_FACE ( 'NONE', ( #6953 ), #3177, .F. ) ;
#630 = PLANE ( 'NONE',  #2734 ) ;
#631 = DIRECTION ( 'NONE',  ( 0.000000000000000000, -0.000000000000000000, 1.000000000000000000 ) ) ;
#632 = ORIENTED_EDGE ( 'NONE', *, *, #1530, .T. ) ;
#633 = LINE ( 'NONE', #2841, #3896 ) ;
#634 = CARTESIAN_POINT ( 'NONE',  ( 0.7800000000000001377, 0.004999999999999890817, 0.000000000000000000 ) ) ;
#635 = ORIENTED_EDGE ( 'NONE', *, *, #4216, .T. ) ;
#636 = CARTESIAN_POINT ( 'NONE',  ( 0.1957556076764391251, -0.5755188484735554999, 0.000000000000000000 ) ) ;
#637 = VERTEX_POINT ( 'NONE', #1008 ) ;
#638 = LINE ( 'NONE', #3326, #6085 ) ;
#639 = CARTESIAN_POINT ( 'NONE',  ( -0.2449999999999999956, 0.5300000000000002487, 0.1000000000000000056 ) ) ;
#640 = VERTEX_POINT ( 'NONE', #5325 ) ;
#641 = LINE ( 'NONE', #4489, #4030 ) ;
#642 = EDGE_CURVE ( 'NONE', #1238, #3417, #325, .T. ) ;
#643 = LINE ( 'NONE', #684, #4344 ) ;
#644 = ORIENTED_EDGE ( 'NONE', *, *, #899, .T. ) ;
#645 = ORIENTED_EDGE ( 'NONE', *, *, #2725, .T. ) ;
#646 = PRESENTATION_LAYER_ASSIGNMENT (  '', '', ( #6600 ) ) ;
#647 = DIRECTION ( 'NONE',  ( -1.000000000000000000, 0.000000000000000000, 0.000000000000000000 ) ) ;
#648 = FILL_AREA_STYLE_COLOUR ( '', #5012 ) ;
#649 = ORIENTED_EDGE ( 'NONE', *, *, #654, .T. ) ;
#650 = ORIENTED_EDGE ( 'NONE', *, *, #5617, .T. ) ;
#651 = CARTESIAN_POINT ( 'NONE',  ( -1.000000000000000000, -0.7499999999999997780, 0.000000000000000000 ) ) ;
#652 = CARTESIAN_POINT ( 'NONE',  ( 0.1918956925196227403, -0.5722662920586952806, 0.000000000000000000 ) ) ;
#653 = EDGE_CURVE ( 'NONE', #729, #3401, #7006, .T. ) ;
#654 = EDGE_CURVE ( 'NONE', #2176, #5342, #6007, .T. ) ;
#655 = VECTOR ( 'NONE', #1630, 1000.000000000000000 ) ;
#656 = CARTESIAN_POINT ( 'NONE',  ( 0.4331455029795626133, -0.5752239896141745357, 0.001000000000000000021 ) ) ;
#657 = VECTOR ( 'NONE', #4143, 1000.000000000000114 ) ;
#658 = ORIENTED_EDGE ( 'NONE', *, *, #4240, .T. ) ;
#659 = SURFACE_STYLE_FILL_AREA ( #1681 ) ;
#660 = VECTOR ( 'NONE', #5238, 1000.000000000000000 ) ;
#661 = ORIENTED_EDGE ( 'NONE', *, *, #181, .T. ) ;
#662 = CARTESIAN_POINT ( 'NONE',  ( 0.2441211127356601451, -0.4971752091263696438, 0.000000000000000000 ) ) ;
#663 = LINE ( 'NONE', #1882, #4021 ) ;
#664 = EDGE_CURVE ( 'NONE', #819, #6752, #2022, .T. ) ;
#665 = MECHANICAL_DESIGN_GEOMETRIC_PRESENTATION_REPRESENTATION (  '', ( #6377 ), #5916 ) ;
#666 = CARTESIAN_POINT ( 'NONE',  ( 0.1986197152704076707, -0.5092025927099153026, 0.000000000000000000 ) ) ;
#667 = ADVANCED_FACE ( 'NONE', ( #3784 ), #4082, .T. ) ;
#668 = LINE ( 'NONE', #1320, #2275 ) ;
#669 = VERTEX_POINT ( 'NONE', #1664 ) ;
#670 = CARTESIAN_POINT ( 'NONE',  ( 0.3643603967926992149, -0.4968089677664301873, 0.000000000000000000 ) ) ;
#671 = STYLED_ITEM ( 'NONE', ( #6589 ), #1275 ) ;
#672 = DIRECTION ( 'NONE',  ( 1.000000000000000000, 0.000000000000000000, -0.000000000000000000 ) ) ;
#673 = FILL_AREA_STYLE ('',( #2384 ) ) ;
#674 = ORIENTED_EDGE ( 'NONE', *, *, #5324, .T. ) ;
#675 = ADVANCED_FACE ( 'NONE', ( #6198, #4559 ), #2303, .T. ) ;
#676 = EDGE_CURVE ( 'NONE', #132, #6693, #93, .T. ) ;
#677 =( NAMED_UNIT ( * ) SI_UNIT ( $, .STERADIAN. ) SOLID_ANGLE_UNIT ( ) );
#678 = VERTEX_POINT ( 'NONE', #6643 ) ;
#679 = CARTESIAN_POINT ( 'NONE',  ( -0.7800000000000010258, 0.1249999999999998890, 0.1000000000000000056 ) ) ;
#680 = PRESENTATION_LAYER_ASSIGNMENT (  '', '', ( #5588 ) ) ;
#681 = SURFACE_STYLE_FILL_AREA ( #2991 ) ;
#682 = FILL_AREA_STYLE ('',( #4601 ) ) ;
#683 = CARTESIAN_POINT ( 'NONE',  ( 0.3887427493158798764, -0.4986706164920930440, 0.000000000000000000 ) ) ;
#684 = CARTESIAN_POINT ( 'NONE',  ( 0.2575357468820015927, -0.4861995993702720176, 0.001000000000000000021 ) ) ;
#685 = VERTEX_POINT ( 'NONE', #494 ) ;
#686 = STYLED_ITEM ( 'NONE', ( #2181 ), #1613 ) ;
#687 = EDGE_LOOP ( 'NONE', ( #6817, #1089, #829, #5739 ) ) ;
#688 = FILL_AREA_STYLE ('',( #6208 ) ) ;
#689 = FILL_AREA_STYLE_COLOUR ( '', #312 ) ;
#690 = PRESENTATION_LAYER_ASSIGNMENT (  '', '', ( #6987 ) ) ;
#691 =( NAMED_UNIT ( * ) SI_UNIT ( $, .STERADIAN. ) SOLID_ANGLE_UNIT ( ) );
#692 = VECTOR ( 'NONE', #408, 1000.000000000000000 ) ;
#693 = VERTEX_POINT ( 'NONE', #2739 ) ;
#694 = VERTEX_POINT ( 'NONE', #2192 ) ;
#695 = ORIENTED_EDGE ( 'NONE', *, *, #5488, .T. ) ;
#696 =( NAMED_UNIT ( * ) SI_UNIT ( $, .STERADIAN. ) SOLID_ANGLE_UNIT ( ) );
#697 = CARTESIAN_POINT ( 'NONE',  ( 0.1770479420039528240, -0.5349419774190524723, 0.000000000000000000 ) ) ;
#698 =( GEOMETRIC_REPRESENTATION_CONTEXT ( 3 ) GLOBAL_UNCERTAINTY_ASSIGNED_CONTEXT ( ( #7060 ) ) GLOBAL_UNIT_ASSIGNED_CONTEXT ( ( #110, #2368, #5156 ) ) REPRESENTATION_CONTEXT ( 'NONE', 'WORKASPACE' ) );
#699 = DIRECTION ( 'NONE',  ( 0.3363908276654493101, -0.9417224702971433992, 0.000000000000000000 ) ) ;
#700 = VECTOR ( 'NONE', #6568, 1000.000000000000000 ) ;
#701 = EDGE_LOOP ( 'NONE', ( #5697, #1675, #3066, #4117 ) ) ;
#702 = DIRECTION ( 'NONE',  ( -1.445602896647339163E-16, 1.000000000000000000, 0.000000000000000000 ) ) ;
#703 = ORIENTED_EDGE ( 'NONE', *, *, #4958, .F. ) ;
#704 = DIRECTION ( 'NONE',  ( 0.000000000000000000, -0.000000000000000000, 1.000000000000000000 ) ) ;
#705 = DIRECTION ( 'NONE',  ( 1.000000000000000000, 0.000000000000000000, -0.000000000000000000 ) ) ;
#706 = FILL_AREA_STYLE_COLOUR ( '', #3132 ) ;
#707 = CARTESIAN_POINT ( 'NONE',  ( 0.4709503810283431346, -0.4861995993702720176, 0.000000000000000000 ) ) ;
#708 = PRESENTATION_STYLE_ASSIGNMENT (( #2444 ) ) ;
#709 = CARTESIAN_POINT ( 'NONE',  ( 0.4085917715648227921, -0.5770921134461473034, 0.000000000000000000 ) ) ;
#710 = CARTESIAN_POINT ( 'NONE',  ( 0.3643603967926992149, -0.4968089677664301873, 0.000000000000000000 ) ) ;
#711 = SURFACE_STYLE_USAGE ( .BOTH. , #5720 ) ;
#712 = CARTESIAN_POINT ( 'NONE',  ( 1.010000000000000009, 0.1249999999999998890, -0.01000000000000000021 ) ) ;
#713 =( LENGTH_UNIT ( ) NAMED_UNIT ( * ) SI_UNIT ( .MILLI., .METRE. ) );
#714 = ORIENTED_EDGE ( 'NONE', *, *, #6145, .F. ) ;
#715 = EDGE_CURVE ( 'NONE', #2498, #1510, #3890, .T. ) ;
#716 =( GEOMETRIC_REPRESENTATION_CONTEXT ( 3 ) GLOBAL_UNCERTAINTY_ASSIGNED_CONTEXT ( ( #901 ) ) GLOBAL_UNIT_ASSIGNED_CONTEXT ( ( #321, #4268, #7040 ) ) REPRESENTATION_CONTEXT ( 'NONE', 'WORKASPACE' ) );
#717 = CARTESIAN_POINT ( 'NONE',  ( 0.3502186737112699677, -0.5700410627849062939, 0.001000000000000000021 ) ) ;
#718 = ORIENTED_EDGE ( 'NONE', *, *, #898, .T. ) ;
#719 =( NAMED_UNIT ( * ) PLANE_ANGLE_UNIT ( ) SI_UNIT ( $, .RADIAN. ) );
#720 = DIRECTION ( 'NONE',  ( -0.000000000000000000, 0.000000000000000000, -1.000000000000000000 ) ) ;
#721 = CARTESIAN_POINT ( 'NONE',  ( 0.3559157336931340621, -0.5728750904011101763, 0.001000000000000000021 ) ) ;
#722 = COLOUR_RGB ( '',0.000000000000000000, 0.000000000000000000, 0.000000000000000000 ) ;
#723 =( NAMED_UNIT ( * ) SI_UNIT ( $, .STERADIAN. ) SOLID_ANGLE_UNIT ( ) );
#724 = ORIENTED_EDGE ( 'NONE', *, *, #1929, .F. ) ;
#725 = ORIENTED_EDGE ( 'NONE', *, *, #457, .F. ) ;
#726 = CARTESIAN_POINT ( 'NONE',  ( -0.1250000000000000000, 0.7500000000000002220, 0.000000000000000000 ) ) ;
#727 = DIRECTION ( 'NONE',  ( 0.000000000000000000, 0.000000000000000000, -1.000000000000000000 ) ) ;
#728 = VERTEX_POINT ( 'NONE', #5544 ) ;
#729 = VERTEX_POINT ( 'NONE', #4484 ) ;
#730 = FILL_AREA_STYLE ('',( #6242 ) ) ;
#731 = COLOUR_RGB ( '',0.000000000000000000, 0.000000000000000000, 0.000000000000000000 ) ;
#732 = AXIS2_PLACEMENT_3D ( 'NONE', #4211, #3082, #6475 ) ;
#733 = CARTESIAN_POINT ( 'NONE',  ( 0.3669889712574649909, -0.4852087325517581706, 0.000000000000000000 ) ) ;
#734 = STYLED_ITEM ( 'NONE', ( #1212 ), #3216 ) ;
#735 = CARTESIAN_POINT ( 'NONE',  ( 0.2133834851460488236, -0.5726779900760262665, 0.000000000000000000 ) ) ;
#736 = APPLICATION_PROTOCOL_DEFINITION ( 'draft international standard', 'automotive_design', 1998, #5128 ) ;
#737 = SURFACE_STYLE_USAGE ( .BOTH. , #3654 ) ;
#738 = ORIENTED_EDGE ( 'NONE', *, *, #5300, .F. ) ;
#739 = CARTESIAN_POINT ( 'NONE',  ( 0.4331455029795626133, -0.5752239896141745357, 0.001000000000000000021 ) ) ;
#740 = EDGE_CURVE ( 'NONE', #4931, #862, #523, .T. ) ;
#741 = VECTOR ( 'NONE', #517, 1000.000000000000000 ) ;
#742 = LINE ( 'NONE', #196, #3627 ) ;
#743 = SURFACE_STYLE_FILL_AREA ( #4183 ) ;
#744 = CARTESIAN_POINT ( 'NONE',  ( 0.4011064398495329808, -0.5822229610236315800, 0.000000000000000000 ) ) ;
#745 = EDGE_CURVE ( 'NONE', #2847, #3569, #4992, .T. ) ;
#746 = CARTESIAN_POINT ( 'NONE',  ( 0.3643603967926992149, -0.4968089677664301873, 0.001000000000000000021 ) ) ;
#747 = ORIENTED_EDGE ( 'NONE', *, *, #1440, .T. ) ;
#748 =( NAMED_UNIT ( * ) PLANE_ANGLE_UNIT ( ) SI_UNIT ( $, .RADIAN. ) );
#749 = CARTESIAN_POINT ( 'NONE',  ( 0.3852342661840178484, -0.4974422447642035672, 0.001000000000000000021 ) ) ;
#750 = FILL_AREA_STYLE ('',( #3554 ) ) ;
#751 = EDGE_CURVE ( 'NONE', #4180, #1384, #4627, .T. ) ;
#752 = VERTEX_POINT ( 'NONE', #248 ) ;
#753 = FACE_OUTER_BOUND ( 'NONE', #2937, .T. ) ;
#754 =( NAMED_UNIT ( * ) SI_UNIT ( $, .STERADIAN. ) SOLID_ANGLE_UNIT ( ) );
#755 = ORIENTED_EDGE ( 'NONE', *, *, #1375, .F. ) ;
#756 = DIRECTION ( 'NONE',  ( 0.000000000000000000, 0.000000000000000000, -1.000000000000000000 ) ) ;
#757 = CARTESIAN_POINT ( 'NONE',  ( 0.3750000000000000000, -0.2199999999999998068, 0.1000000000000000056 ) ) ;
#758 = ADVANCED_FACE ( 'NONE', ( #6306 ), #5765, .T. ) ;
#759 = ORIENTED_EDGE ( 'NONE', *, *, #2744, .F. ) ;
#760 = CARTESIAN_POINT ( 'NONE',  ( -0.6600000000000002531, -0.4950000000000009948, 0.1000000000000000056 ) ) ;
#761 = CARTESIAN_POINT ( 'NONE',  ( 0.2043136090304496499, -0.5808149622657607924, 0.000000000000000000 ) ) ;
#762 = COLOUR_RGB ( '',1.000000000000000000, 1.000000000000000000, 1.000000000000000000 ) ;
#763 = ADVANCED_FACE ( 'NONE', ( #4710 ), #3024, .T. ) ;
#764 =( NAMED_UNIT ( * ) SI_UNIT ( $, .STERADIAN. ) SOLID_ANGLE_UNIT ( ) );
#765 = SURFACE_STYLE_FILL_AREA ( #2897 ) ;
#766 = DIRECTION ( 'NONE',  ( 1.000000000000000000, 0.000000000000000000, 0.000000000000000000 ) ) ;
#767 = CARTESIAN_POINT ( 'NONE',  ( 0.2185936651043855483, -0.4869307339609779683, 0.001000000000000000021 ) ) ;
#768 = UNCERTAINTY_MEASURE_WITH_UNIT (LENGTH_MEASURE( 1.000000000000000082E-05 ), #845, 'distance_accuracy_value', 'NONE');
#769 = VECTOR ( 'NONE', #3553, 1000.000000000000000 ) ;
#770 = EDGE_LOOP ( 'NONE', ( #2711, #4497, #747, #5928, #7151 ) ) ;
#771 = LINE ( 'NONE', #3463, #2548 ) ;
#772 = DIRECTION ( 'NONE',  ( 1.000000000000000000, 0.000000000000000000, 0.000000000000000000 ) ) ;
#773 = SURFACE_STYLE_USAGE ( .BOTH. , #6330 ) ;
#774 = EDGE_CURVE ( 'NONE', #3827, #2488, #2013, .T. ) ;
#775 = COLOUR_RGB ( '',0.2235294117647058654, 0.2235294117647058654, 0.2235294117647058654 ) ;
#776 = UNCERTAINTY_MEASURE_WITH_UNIT (LENGTH_MEASURE( 1.000000000000000082E-05 ), #95, 'distance_accuracy_value', 'NONE');
#777 = COLOUR_RGB ( '',0.000000000000000000, 0.000000000000000000, 0.000000000000000000 ) ;
#778 = CARTESIAN_POINT ( 'NONE',  ( 0.2011440701130378372, -0.5066716354701391589, 0.000000000000000000 ) ) ;
#779 = CARTESIAN_POINT ( 'NONE',  ( 0.4111596520194230053, -0.5357220634467220188, 0.001000000000000000021 ) ) ;
#780 = APPLICATION_CONTEXT ( 'automotive_design' ) ;
#781 = ORIENTED_EDGE ( 'NONE', *, *, #5617, .F. ) ;
#782 = SURFACE_SIDE_STYLE ('',( #244 ) ) ;
#783 = VECTOR ( 'NONE', #3339, 1000.000000000000000 ) ;
#784 = VECTOR ( 'NONE', #1906, 1000.000000000000000 ) ;
#785 = STYLED_ITEM ( 'NONE', ( #5350 ), #561 ) ;
#786 = CARTESIAN_POINT ( 'NONE',  ( 0.3722970945369922791, -0.5763963876954305565, 0.001000000000000000021 ) ) ;
#787 = MECHANICAL_DESIGN_GEOMETRIC_PRESENTATION_REPRESENTATION (  '', ( #7095 ), #900 ) ;
#788 = ORIENTED_EDGE ( 'NONE', *, *, #6305, .T. ) ;
#789 = SURFACE_STYLE_FILL_AREA ( #5209 ) ;
#790 = FACE_OUTER_BOUND ( 'NONE', #5389, .T. ) ;
#791 = COLOUR_RGB ( '',0.000000000000000000, 0.000000000000000000, 0.000000000000000000 ) ;
#792 = DIRECTION ( 'NONE',  ( -0.000000000000000000, -0.000000000000000000, -1.000000000000000000 ) ) ;
#793 = ORIENTED_EDGE ( 'NONE', *, *, #989, .F. ) ;
#794 = MECHANICAL_DESIGN_GEOMETRIC_PRESENTATION_REPRESENTATION (  '', ( #3968 ), #6396 ) ;
#795 = B_SPLINE_SURFACE_WITH_KNOTS ( 'NONE', 3, 1, ( 
 ( #4581, #5711 ),
 ( #5192, #2938 ),
 ( #5159, #155 ),
 ( #767, #4654 ),
 ( #6872, #6833 ),
 ( #1878, #1345 ),
 ( #4115, #5819 ),
 ( #3573, #3047 ),
 ( #5783, #3009 ),
 ( #266, #7056 ),
 ( #4842, #300 ),
 ( #2586, #6476 ),
 ( #3116, #2079 ),
 ( #4284, #6981 ),
 ( #6513, #5298 ),
 ( #2539, #4758 ),
 ( #7018, #1998 ),
 ( #4212, #6438 ),
 ( #380, #1468 ) ),
 .UNSPECIFIED., .F., .F., .F.,
 ( 4, 1, 1, 1, 1, 1, 1, 1, 1, 1, 1, 1, 1, 1, 1, 1, 4 ),
 ( 2, 2 ),
 ( 0.000000000000000000, 0.06863117867660104010, 0.1345664660386768630, 0.1983281540108809970, 0.2607897666408450221, 0.3219991514841584745, 0.3827217465030195442, 0.4435374740357291845, 0.5051334294849250117, 0.5662138747646717762, 0.6261058646175461373, 0.6853493221605171382, 0.7449958703477970179, 0.8054158418145624942, 0.8676362663459531444, 0.9323077823023293575, 1.000000000000000000 ),
 ( 0.000000000000000000, 1.000000000000000000 ),
 .UNSPECIFIED. ) ;
#796 = CARTESIAN_POINT ( 'NONE',  ( 0.2303444359063918645, -0.5861995993702721064, 0.001000000000000000021 ) ) ;
#797 = SURFACE_STYLE_FILL_AREA ( #6239 ) ;
#798 = DIRECTION ( 'NONE',  ( -0.000000000000000000, -0.000000000000000000, -1.000000000000000000 ) ) ;
#799 = MECHANICAL_DESIGN_GEOMETRIC_PRESENTATION_REPRESENTATION (  '', ( #6635 ), #5703 ) ;
#800 = ORIENTED_EDGE ( 'NONE', *, *, #3025, .F. ) ;
#801 = ORIENTED_EDGE ( 'NONE', *, *, #121, .F. ) ;
#802 = CARTESIAN_POINT ( 'NONE',  ( 0.1455502285893186809, -0.5581508188824672034, 0.001000000000000000021 ) ) ;
#803 = VECTOR ( 'NONE', #2947, 1000.000000000000000 ) ;
#804 = LINE ( 'NONE', #6323, #5716 ) ;
#805 = CARTESIAN_POINT ( 'NONE',  ( 0.2299252285893187142, -0.5752239896141745357, 0.000000000000000000 ) ) ;
#806 = DIRECTION ( 'NONE',  ( -0.000000000000000000, -0.000000000000000000, -1.000000000000000000 ) ) ;
#807 = ORIENTED_EDGE ( 'NONE', *, *, #5175, .F. ) ;
#808 = PRESENTATION_STYLE_ASSIGNMENT (( #2439 ) ) ;
#809 = EDGE_CURVE ( 'NONE', #4058, #2939, #314, .T. ) ;
#810 = CARTESIAN_POINT ( 'NONE',  ( 0.2039404725972004118, -0.5044465587911198812, 0.000000000000000000 ) ) ;
#811 = CARTESIAN_POINT ( 'NONE',  ( 0.4032505474956825653, -0.5099893995983434403, 0.001000000000000000021 ) ) ;
#812 = FILL_AREA_STYLE_COLOUR ( '', #3859 ) ;
#813 = CARTESIAN_POINT ( 'NONE',  ( 0.4014942297820810468, -0.5659004789658110823, 0.000000000000000000 ) ) ;
#814 = FILL_AREA_STYLE ('',( #1359 ) ) ;
#815 = LINE ( 'NONE', #5687, #4333 ) ;
#816 = STYLED_ITEM ( 'NONE', ( #1293 ), #7015 ) ;
#817 = LINE ( 'NONE', #5764, #5870 ) ;
#818 = SURFACE_STYLE_USAGE ( .BOTH. , #5141 ) ;
#819 = VERTEX_POINT ( 'NONE', #3777 ) ;
#820 = LINE ( 'NONE', #1448, #3021 ) ;
#821 =( NAMED_UNIT ( * ) SI_UNIT ( $, .STERADIAN. ) SOLID_ANGLE_UNIT ( ) );
#822 = LINE ( 'NONE', #4063, #2374 ) ;
#823 = SURFACE_SIDE_STYLE ('',( #1374 ) ) ;
#824 = ORIENTED_EDGE ( 'NONE', *, *, #3369, .T. ) ;
#825 = DIRECTION ( 'NONE',  ( -0.000000000000000000, -0.000000000000000000, -1.000000000000000000 ) ) ;
#826 = AXIS2_PLACEMENT_3D ( 'NONE', #3993, #6818, #3891 ) ;
#827 = CARTESIAN_POINT ( 'NONE',  ( -1.000000000000000222, 0.7500000000000002220, 0.000000000000000000 ) ) ;
#828 = VERTEX_POINT ( 'NONE', #5356 ) ;
#829 = ORIENTED_EDGE ( 'NONE', *, *, #6468, .T. ) ;
#830 = ADVANCED_FACE ( 'NONE', ( #5314 ), #6486, .T. ) ;
#831 = LINE ( 'NONE', #6742, #4742 ) ;
#832 =( LENGTH_UNIT ( ) NAMED_UNIT ( * ) SI_UNIT ( .MILLI., .METRE. ) );
#833 = ORIENTED_EDGE ( 'NONE', *, *, #108, .T. ) ;
#834 = CARTESIAN_POINT ( 'NONE',  ( 0.3962295991526613159, -0.5705463902090777140, 0.000000000000000000 ) ) ;
#835 = FILL_AREA_STYLE_COLOUR ( '', #6178 ) ;
#836 =( NAMED_UNIT ( * ) PLANE_ANGLE_UNIT ( ) SI_UNIT ( $, .RADIAN. ) );
#837 = ORIENTED_EDGE ( 'NONE', *, *, #2774, .T. ) ;
#838 = LINE ( 'NONE', #3120, #4515 ) ;
#839 = FILL_AREA_STYLE ('',( #948 ) ) ;
#840 = PRODUCT_DEFINITION_CONTEXT ( 'detailed design', #780, 'design' ) ;
#841 = CARTESIAN_POINT ( 'NONE',  ( 0.1964293885649910087, -0.5120550643864322238, 0.000000000000000000 ) ) ;
#842 = LINE ( 'NONE', #5307, #4663 ) ;
#843 =( LENGTH_UNIT ( ) NAMED_UNIT ( * ) SI_UNIT ( .MILLI., .METRE. ) );
#844 = CARTESIAN_POINT ( 'NONE',  ( 0.4011064398495329808, -0.5822229610236315800, 0.000000000000000000 ) ) ;
#845 =( LENGTH_UNIT ( ) NAMED_UNIT ( * ) SI_UNIT ( .MILLI., .METRE. ) );
#846 = DIRECTION ( 'NONE',  ( 0.000000000000000000, -0.000000000000000000, 1.000000000000000000 ) ) ;
#847 = CARTESIAN_POINT ( 'NONE',  ( 0.4007896885180974311, -0.5070930892206888529, 0.001000000000000000021 ) ) ;
#848 = CARTESIAN_POINT ( 'NONE',  ( 0.1259938268262289218, -0.5004520062989307183, 0.000000000000000000 ) ) ;
#849 = EDGE_CURVE ( 'NONE', #4804, #4623, #456, .T. ) ;
#850 = PRESENTATION_LAYER_ASSIGNMENT (  '', '', ( #4845 ) ) ;
#851 =( NAMED_UNIT ( * ) SI_UNIT ( $, .STERADIAN. ) SOLID_ANGLE_UNIT ( ) );
#852 = CARTESIAN_POINT ( 'NONE',  ( -0.1250000000000000000, 0.5300000000000002487, -0.01000000000000000021 ) ) ;
#853 = DIRECTION ( 'NONE',  ( 0.000000000000000000, -1.000000000000000000, 0.000000000000000000 ) ) ;
#854 = CARTESIAN_POINT ( 'NONE',  ( -1.000000000000000222, 0.7500000000000002220, 0.9799999999999999822 ) ) ;
#855 = DIRECTION ( 'NONE',  ( -0.000000000000000000, 0.000000000000000000, 1.000000000000000000 ) ) ;
#856 = PLANE ( 'NONE',  #4928 ) ;
#857 = ORIENTED_EDGE ( 'NONE', *, *, #740, .F. ) ;
#858 = LINE ( 'NONE', #5840, #4166 ) ;
#859 = FACE_OUTER_BOUND ( 'NONE', #5621, .T. ) ;
#860 = EDGE_CURVE ( 'NONE', #5539, #2881, #1554, .T. ) ;
#861 = B_SPLINE_CURVE_WITH_KNOTS ( 'NONE', 3,
 ( #805, #4653, #1467, #3572, #6945, #735, #4725, #2974, #4693, #4114, #1997, #187, #6436, #6871, #1877, #6324, #1310, #1912, #5782 ),
 .UNSPECIFIED., .F., .F.,
 ( 4, 1, 1, 1, 1, 1, 1, 1, 1, 1, 1, 1, 1, 1, 1, 1, 4 ),
 ( 0.000000000000000000, 0.07082657255516335015, 0.1381690332797999576, 0.2024753315338420068, 0.2639737544135196123, 0.3233803205980372297, 0.3817976227131847367, 0.4393900745193887181, 0.4969027245459969322, 0.5546621696093696485, 0.6127418784921965234, 0.6715388363911721781, 0.7316557220901982461, 0.7942978116139520761, 0.8594822049793571228, 0.9276813254527892516, 1.000000000000000000 ),
 .UNSPECIFIED. ) ;
#862 = VERTEX_POINT ( 'NONE', #3240 ) ;
#863 = CARTESIAN_POINT ( 'NONE',  ( 0.2819259907844406388, -0.5410776481507598712, 0.001000000000000000021 ) ) ;
#864 = ORIENTED_EDGE ( 'NONE', *, *, #6054, .T. ) ;
#865 =( NAMED_UNIT ( * ) SI_UNIT ( $, .STERADIAN. ) SOLID_ANGLE_UNIT ( ) );
#866 = SURFACE_SIDE_STYLE ('',( #6392 ) ) ;
#867 = ORIENTED_EDGE ( 'NONE', *, *, #1766, .T. ) ;
#868 =( NAMED_UNIT ( * ) PLANE_ANGLE_UNIT ( ) SI_UNIT ( $, .RADIAN. ) );
#869 = SURFACE_STYLE_USAGE ( .BOTH. , #4321 ) ;
#870 = ORIENTED_EDGE ( 'NONE', *, *, #3833, .F. ) ;
#871 = CARTESIAN_POINT ( 'NONE',  ( 0.2794869663941967897, -0.4861995993702720176, 0.001000000000000000021 ) ) ;
#872 = EDGE_CURVE ( 'NONE', #5950, #2847, #1038, .T. ) ;
#873 = VERTEX_POINT ( 'NONE', #7141 ) ;
#874 = CARTESIAN_POINT ( 'NONE',  ( 1.000000000000000000, -0.3750000000000001110, 0.9799999999999999822 ) ) ;
#875 = CARTESIAN_POINT ( 'NONE',  ( 0.1853734146160060936, -0.5065621709452242660, 0.001000000000000000021 ) ) ;
#876 = CARTESIAN_POINT ( 'NONE',  ( 0.1930661523789636846, -0.5186417512240982797, 0.001000000000000000021 ) ) ;
#877 = PRESENTATION_STYLE_ASSIGNMENT (( #2084 ) ) ;
#878 =( GEOMETRIC_REPRESENTATION_CONTEXT ( 3 ) GLOBAL_UNCERTAINTY_ASSIGNED_CONTEXT ( ( #5060 ) ) GLOBAL_UNIT_ASSIGNED_CONTEXT ( ( #1265, #5736, #2966 ) ) REPRESENTATION_CONTEXT ( 'NONE', 'WORKASPACE' ) );
#879 = SURFACE_STYLE_FILL_AREA ( #3055 ) ;
#880 = DIRECTION ( 'NONE',  ( -1.445602896647339163E-16, 1.000000000000000000, -0.000000000000000000 ) ) ;
#881 = ADVANCED_FACE ( 'NONE', ( #962 ), #4190, .T. ) ;
#882 =( NAMED_UNIT ( * ) PLANE_ANGLE_UNIT ( ) SI_UNIT ( $, .RADIAN. ) );
#883 = CARTESIAN_POINT ( 'NONE',  ( 0.3635374780701772224, -0.5860318449207634339, 0.001000000000000000021 ) ) ;
#884 = COLOUR_RGB ( '',0.000000000000000000, 0.000000000000000000, 0.000000000000000000 ) ;
#885 = VECTOR ( 'NONE', #1210, 1000.000000000000000 ) ;
#886 = MECHANICAL_DESIGN_GEOMETRIC_PRESENTATION_REPRESENTATION (  '', ( #6649 ), #1708 ) ;
#887 = UNCERTAINTY_MEASURE_WITH_UNIT (LENGTH_MEASURE( 1.000000000000000082E-05 ), #1578, 'distance_accuracy_value', 'NONE');
#888 = EDGE_CURVE ( 'NONE', #4533, #752, #2257, .T. ) ;
#889 = CARTESIAN_POINT ( 'NONE',  ( 0.1271064032695086721, -0.5049511286427665890, 0.000000000000000000 ) ) ;
#890 = CARTESIAN_POINT ( 'NONE',  ( -0.7800000000000010258, 0.1250000000000000555, -0.01000000000000000021 ) ) ;
#891 = CARTESIAN_POINT ( 'NONE',  ( -0.1250000000000000000, 0.5300000000000002487, 0.1000000000000000056 ) ) ;
#892 = MECHANICAL_DESIGN_GEOMETRIC_PRESENTATION_REPRESENTATION (  '', ( #5565 ), #3848 ) ;
#893 = DIRECTION ( 'NONE',  ( -0.000000000000000000, 0.000000000000000000, 1.000000000000000000 ) ) ;
#894 =( NAMED_UNIT ( * ) PLANE_ANGLE_UNIT ( ) SI_UNIT ( $, .RADIAN. ) );
#895 = DIRECTION ( 'NONE',  ( -0.000000000000000000, -0.000000000000000000, -1.000000000000000000 ) ) ;
#896 = VECTOR ( 'NONE', #5506, 1000.000000000000000 ) ;
#897 =( LENGTH_UNIT ( ) NAMED_UNIT ( * ) SI_UNIT ( .MILLI., .METRE. ) );
#898 = EDGE_CURVE ( 'NONE', #6686, #4382, #590, .T. ) ;
#899 = EDGE_CURVE ( 'NONE', #3182, #2066, #5497, .T. ) ;
#900 =( GEOMETRIC_REPRESENTATION_CONTEXT ( 3 ) GLOBAL_UNCERTAINTY_ASSIGNED_CONTEXT ( ( #6480 ) ) GLOBAL_UNIT_ASSIGNED_CONTEXT ( ( #3651, #868, #3684 ) ) REPRESENTATION_CONTEXT ( 'NONE', 'WORKASPACE' ) );
#901 = UNCERTAINTY_MEASURE_WITH_UNIT (LENGTH_MEASURE( 1.000000000000000082E-05 ), #321, 'distance_accuracy_value', 'NONE');
#902 = LINE ( 'NONE', #3754, #655 ) ;
#903 = SURFACE_SIDE_STYLE ('',( #4164 ) ) ;
#904 = SURFACE_STYLE_FILL_AREA ( #975 ) ;
#905 = ORIENTED_EDGE ( 'NONE', *, *, #6133, .F. ) ;
#906 = FILL_AREA_STYLE_COLOUR ( '', #3832 ) ;
#907 =( NAMED_UNIT ( * ) SI_UNIT ( $, .STERADIAN. ) SOLID_ANGLE_UNIT ( ) );
#908 = B_SPLINE_CURVE_WITH_KNOTS ( 'NONE', 3,
 ( #1954, #3465, #6358, #1351, #4585, #6805, #6252, #159, #2589, #5303, #410, #445, #303, #3767, #3657, #5458, #2663, #5963, #3691 ),
 .UNSPECIFIED., .F., .F.,
 ( 4, 1, 1, 1, 1, 1, 1, 1, 1, 1, 1, 1, 1, 1, 1, 1, 4 ),
 ( 0.000000000000000000, 0.07430379644281456808, 0.1443936103644170854, 0.2104994961032789491, 0.2735426065034672893, 0.3338247445790724077, 0.3925296724085032829, 0.4500874545995854348, 0.5078206115557873934, 0.5654649127768468508, 0.6231487223336193981, 0.6812971927909354797, 0.7409134981565809186, 0.8018557521958581402, 0.8652412377209434124, 0.9309416570467442531, 1.000000000000000000 ),
 .UNSPECIFIED. ) ;
#909 = SURFACE_SIDE_STYLE ('',( #6435 ) ) ;
#910 = COLOUR_RGB ( '',1.000000000000000000, 1.000000000000000000, 1.000000000000000000 ) ;
#911 = CARTESIAN_POINT ( 'NONE',  ( 1.000000000000000000, -0.7499999999999997780, 0.9799999999999999822 ) ) ;
#912 = SURFACE_STYLE_USAGE ( .BOTH. , #5926 ) ;
#913 = ORIENTED_EDGE ( 'NONE', *, *, #1192, .T. ) ;
#914 =( NAMED_UNIT ( * ) SI_UNIT ( $, .STERADIAN. ) SOLID_ANGLE_UNIT ( ) );
#915 = CARTESIAN_POINT ( 'NONE',  ( 0.7800000000000009148, -0.6250000000000001110, 0.1000000000000000056 ) ) ;
#916 = MECHANICAL_DESIGN_GEOMETRIC_PRESENTATION_REPRESENTATION (  '', ( #3979 ), #4199 ) ;
#917 = UNCERTAINTY_MEASURE_WITH_UNIT (LENGTH_MEASURE( 1.000000000000000082E-05 ), #169, 'distance_accuracy_value', 'NONE');
#918 = CARTESIAN_POINT ( 'NONE',  ( 0.1904953542085354168, -0.5336957120760308371, 0.001000000000000000021 ) ) ;
#919 = FILL_AREA_STYLE ('',( #7062 ) ) ;
#920 = AXIS2_PLACEMENT_3D ( 'NONE', #2659, #7017, #2077 ) ;
#921 = LINE ( 'NONE', #3274, #5352 ) ;
#922 = CARTESIAN_POINT ( 'NONE',  ( 0.4111665014823547848, -0.5387287931105809724, -0.000000000000000000 ) ) ;
#923 =( GEOMETRIC_REPRESENTATION_CONTEXT ( 3 ) GLOBAL_UNCERTAINTY_ASSIGNED_CONTEXT ( ( #4147 ) ) GLOBAL_UNIT_ASSIGNED_CONTEXT ( ( #1643, #1049, #6654 ) ) REPRESENTATION_CONTEXT ( 'NONE', 'WORKASPACE' ) );
#924 = VECTOR ( 'NONE', #792, 1000.000000000000000 ) ;
#925 = CARTESIAN_POINT ( 'NONE',  ( 0.2065980851551378894, -0.5693678681574837475, 0.001000000000000000021 ) ) ;
#926 =( GEOMETRIC_REPRESENTATION_CONTEXT ( 3 ) GLOBAL_UNCERTAINTY_ASSIGNED_CONTEXT ( ( #3658 ) ) GLOBAL_UNIT_ASSIGNED_CONTEXT ( ( #6018, #6684, #7157 ) ) REPRESENTATION_CONTEXT ( 'NONE', 'WORKASPACE' ) );
#927 = CARTESIAN_POINT ( 'NONE',  ( 0.1259938268262289218, -0.5004520062989307183, 0.001000000000000000021 ) ) ;
#928 = LINE ( 'NONE', #6560, #2425 ) ;
#929 = CARTESIAN_POINT ( 'NONE',  ( 0.3510146860623354348, -0.4886203828462093446, 0.000000000000000000 ) ) ;
#930 = FILL_AREA_STYLE_COLOUR ( '', #1665 ) ;
#931 = FACE_OUTER_BOUND ( 'NONE', #1149, .T. ) ;
#932 = PRESENTATION_LAYER_ASSIGNMENT (  '', '', ( #7227 ) ) ;
#933 = LINE ( 'NONE', #4893, #6074 ) ;
#934 = ADVANCED_FACE ( 'NONE', ( #47 ), #6736, .T. ) ;
#935 = SURFACE_SIDE_STYLE ('',( #3252 ) ) ;
#936 = DIRECTION ( 'NONE',  ( 1.000000000000000000, 0.000000000000000000, 0.000000000000000000 ) ) ;
#937 = ORIENTED_EDGE ( 'NONE', *, *, #676, .F. ) ;
#938 = DIRECTION ( 'NONE',  ( -0.000000000000000000, 0.000000000000000000, -1.000000000000000000 ) ) ;
#939 = AXIS2_PLACEMENT_3D ( 'NONE', #5829, #168, #6364 ) ;
#940 = ORIENTED_EDGE ( 'NONE', *, *, #2313, .F. ) ;
#941 = PLANE ( 'NONE',  #1294 ) ;
#942 = DIRECTION ( 'NONE',  ( -0.000000000000000000, 0.000000000000000000, 1.000000000000000000 ) ) ;
#943 = AXIS2_PLACEMENT_3D ( 'NONE', #185, #4650, #2622 ) ;
#944 = CARTESIAN_POINT ( 'NONE',  ( 0.3833744601349394210, -0.5758406365142872962, 0.001000000000000000021 ) ) ;
#945 = ORIENTED_EDGE ( 'NONE', *, *, #2708, .T. ) ;
#946 = FACE_OUTER_BOUND ( 'NONE', #6376, .T. ) ;
#947 =( GEOMETRIC_REPRESENTATION_CONTEXT ( 3 ) GLOBAL_UNCERTAINTY_ASSIGNED_CONTEXT ( ( #4481 ) ) GLOBAL_UNIT_ASSIGNED_CONTEXT ( ( #1596, #3898, #3450 ) ) REPRESENTATION_CONTEXT ( 'NONE', 'WORKASPACE' ) );
#948 = FILL_AREA_STYLE_COLOUR ( '', #775 ) ;
#949 = CARTESIAN_POINT ( 'NONE',  ( 0.2039404725972004118, -0.5044465587911198812, 0.001000000000000000021 ) ) ;
#950 = VECTOR ( 'NONE', #3783, 1000.000000000000000 ) ;
#951 = SURFACE_STYLE_FILL_AREA ( #6026 ) ;
#952 = CARTESIAN_POINT ( 'NONE',  ( 0.1550967224917576825, -0.5861995993702721064, 0.000000000000000000 ) ) ;
#953 = CARTESIAN_POINT ( 'NONE',  ( 0.4119302693639949609, -0.5739433643428666354, 0.000000000000000000 ) ) ;
#954 = EDGE_CURVE ( 'NONE', #6301, #1281, #3882, .T. ) ;
#955 = FILL_AREA_STYLE ('',( #3198 ) ) ;
#956 = EDGE_CURVE ( 'NONE', #6206, #2542, #4983, .T. ) ;
#957 = CARTESIAN_POINT ( 'NONE',  ( 0.2794869663941967897, -0.4861995993702720176, 0.001000000000000000021 ) ) ;
#958 = SURFACE_STYLE_USAGE ( .BOTH. , #4225 ) ;
#959 = CYLINDRICAL_SURFACE ( 'NONE', #6726, 0.1199999999999999956 ) ;
#960 = VECTOR ( 'NONE', #7070, 1000.000000000000000 ) ;
#961 = PRESENTATION_LAYER_ASSIGNMENT (  '', '', ( #4589 ) ) ;
#962 = FACE_OUTER_BOUND ( 'NONE', #1193, .T. ) ;
#963 = CARTESIAN_POINT ( 'NONE',  ( -0.3750000000000000000, -0.7599999999999997868, 0.1000000000000000056 ) ) ;
#964 = PRESENTATION_LAYER_ASSIGNMENT (  '', '', ( #499 ) ) ;
#965 = CARTESIAN_POINT ( 'NONE',  ( 0.1319259907844406166, -0.4861995993702720176, 0.001000000000000000021 ) ) ;
#966 = PLANE ( 'NONE',  #5633 ) ;
#967 = CARTESIAN_POINT ( 'NONE',  ( 1.010000000000000009, 0.6249999999999998890, -0.01000000000000000021 ) ) ;
#968 = CARTESIAN_POINT ( 'NONE',  ( 0.2575357468820015927, -0.4861995993702720176, 0.000000000000000000 ) ) ;
#969 = ADVANCED_FACE ( 'NONE', ( #2156 ), #6587, .T. ) ;
#970 = CARTESIAN_POINT ( 'NONE',  ( 0.3932935511389196725, -0.5723596228921552509, 0.001000000000000000021 ) ) ;
#971 = STYLED_ITEM ( 'NONE', ( #2445 ), #3375 ) ;
#972 = CARTESIAN_POINT ( 'NONE',  ( 0.1778910721471239076, -0.5459362768067417271, 0.000000000000000000 ) ) ;
#973 = CARTESIAN_POINT ( 'NONE',  ( 0.3502186737112699677, -0.5810166725410037536, 0.001000000000000000021 ) ) ;
#974 = ORIENTED_EDGE ( 'NONE', *, *, #5535, .F. ) ;
#975 = FILL_AREA_STYLE ('',( #1045 ) ) ;
#976 = VERTEX_POINT ( 'NONE', #238 ) ;
#977 = PLANE ( 'NONE',  #6319 ) ;
#978 = DIRECTION ( 'NONE',  ( -0.000000000000000000, -0.000000000000000000, -1.000000000000000000 ) ) ;
#979 = ORIENTED_EDGE ( 'NONE', *, *, #5395, .F. ) ;
#980 = CARTESIAN_POINT ( 'NONE',  ( -1.010000000000000009, 0.1249999999999998890, -0.01000000000000000021 ) ) ;
#981 = DIRECTION ( 'NONE',  ( 0.000000000000000000, 0.000000000000000000, 1.000000000000000000 ) ) ;
#982 = ORIENTED_EDGE ( 'NONE', *, *, #71, .T. ) ;
#983 = ADVANCED_FACE ( 'NONE', ( #4587 ), #4617, .T. ) ;
#984 = CARTESIAN_POINT ( 'NONE',  ( 0.3796922195263783828, -0.5763453934450639693, 0.000000000000000000 ) ) ;
#985 = PLANE ( 'NONE',  #920 ) ;
#986 = ORIENTED_EDGE ( 'NONE', *, *, #5075, .F. ) ;
#987 = DIRECTION ( 'NONE',  ( -0.000000000000000000, -0.000000000000000000, -1.000000000000000000 ) ) ;
#988 = SURFACE_SIDE_STYLE ('',( #4878 ) ) ;
#989 = EDGE_CURVE ( 'NONE', #364, #3956, #7068, .T. ) ;
#990 = CARTESIAN_POINT ( 'NONE',  ( 0.2279487095052601109, -0.4972045085432790223, 0.000000000000000000 ) ) ;
#991 = PLANE ( 'NONE',  #455 ) ;
#992 = CARTESIAN_POINT ( 'NONE',  ( 0.4709503810283431346, -0.4861995993702720176, 0.000000000000000000 ) ) ;
#993 = CARTESIAN_POINT ( 'NONE',  ( -0.1250000000000000000, -0.7599999999999997868, -0.01000000000000000021 ) ) ;
#994 = CARTESIAN_POINT ( 'NONE',  ( 0.1253330029795625966, -0.4983947213214915406, 0.001000000000000000021 ) ) ;
#995 = EDGE_CURVE ( 'NONE', #2359, #3897, #742, .T. ) ;
#996 = SURFACE_SIDE_STYLE ('',( #7069 ) ) ;
#997 = STYLED_ITEM ( 'NONE', ( #5627 ), #4794 ) ;
#998 =( LENGTH_UNIT ( ) NAMED_UNIT ( * ) SI_UNIT ( .MILLI., .METRE. ) );
#999 = CARTESIAN_POINT ( 'NONE',  ( 0.7800000000000001377, -0.5050000000000001155, -0.01000000000000000021 ) ) ;
#1000 =( LENGTH_UNIT ( ) NAMED_UNIT ( * ) SI_UNIT ( .MILLI., .METRE. ) );
#1001 = PRESENTATION_STYLE_ASSIGNMENT (( #3812 ) ) ;
#1002 = LINE ( 'NONE', #6150, #6639 ) ;
#1003 = CARTESIAN_POINT ( 'NONE',  ( 0.1455502285893186809, -0.5581508188824672034, 0.001000000000000000021 ) ) ;
#1004 = AXIS2_PLACEMENT_3D ( 'NONE', #3954, #7210, #672 ) ;
#1005 = STYLED_ITEM ( 'NONE', ( #4370 ), #6006 ) ;
#1006 = PLANE ( 'NONE',  #4707 ) ;
#1007 = VECTOR ( 'NONE', #3412, 1000.000000000000000 ) ;
#1008 = CARTESIAN_POINT ( 'NONE',  ( 0.2449999999999999956, -0.3399999999999997469, -0.01000000000000000021 ) ) ;
#1009 = CARTESIAN_POINT ( 'NONE',  ( 0.3638142435446613532, -0.4854971034235741056, 0.001000000000000000021 ) ) ;
#1010 = VERTEX_POINT ( 'NONE', #3769 ) ;
#1011 = CARTESIAN_POINT ( 'NONE',  ( 0.1237895578576114070, -0.5054069164434428219, 0.000000000000000000 ) ) ;
#1012 = ORIENTED_EDGE ( 'NONE', *, *, #2441, .T. ) ;
#1013 = EDGE_CURVE ( 'NONE', #2066, #2527, #5306, .T. ) ;
#1014 =( NAMED_UNIT ( * ) SI_UNIT ( $, .STERADIAN. ) SOLID_ANGLE_UNIT ( ) );
#1015 = SURFACE_SIDE_STYLE ('',( #5552 ) ) ;
#1016 = ORIENTED_EDGE ( 'NONE', *, *, #1716, .T. ) ;
#1017 = SURFACE_STYLE_USAGE ( .BOTH. , #3829 ) ;
#1018 = COLOUR_RGB ( '',0.000000000000000000, 0.000000000000000000, 0.000000000000000000 ) ;
#1019 = ORIENTED_EDGE ( 'NONE', *, *, #220, .F. ) ;
#1020 = CARTESIAN_POINT ( 'NONE',  ( 0.4190739941734889507, -0.5118091474197109525, 0.001000000000000000021 ) ) ;
#1021 = CARTESIAN_POINT ( 'NONE',  ( 0.6600000000000001421, 0.004999999999999144885, 0.1000000000000000056 ) ) ;
#1022 = MECHANICAL_DESIGN_GEOMETRIC_PRESENTATION_REPRESENTATION (  '', ( #5588 ), #1382 ) ;
#1023 = PRESENTATION_STYLE_ASSIGNMENT (( #2665 ) ) ;
#1024 = CARTESIAN_POINT ( 'NONE',  ( -0.3750000000000000000, 0.000000000000000000, 0.000000000000000000 ) ) ;
#1025 =( NAMED_UNIT ( * ) PLANE_ANGLE_UNIT ( ) SI_UNIT ( $, .RADIAN. ) );
#1026 = LINE ( 'NONE', #2756, #2167 ) ;
#1027 = CARTESIAN_POINT ( 'NONE',  ( 0.2008502424780320705, -0.5647517801650155933, 0.000000000000000000 ) ) ;
#1028 = COLOUR_RGB ( '',0.2235294117647058654, 0.2235294117647058654, 0.2235294117647058654 ) ;
#1029 =( GEOMETRIC_REPRESENTATION_CONTEXT ( 3 ) GLOBAL_UNCERTAINTY_ASSIGNED_CONTEXT ( ( #3124 ) ) GLOBAL_UNIT_ASSIGNED_CONTEXT ( ( #4220, #2048, #5997 ) ) REPRESENTATION_CONTEXT ( 'NONE', 'WORKASPACE' ) );
#1030 = LINE ( 'NONE', #963, #1116 ) ;
#1031 = MECHANICAL_DESIGN_GEOMETRIC_PRESENTATION_REPRESENTATION (  '', ( #686 ), #6173 ) ;
#1032 = MECHANICAL_DESIGN_GEOMETRIC_PRESENTATION_REPRESENTATION (  '', ( #1742 ), #2576 ) ;
#1033 = CARTESIAN_POINT ( 'NONE',  ( 0.4210999631953447619, -0.5165026613780857589, 0.000000000000000000 ) ) ;
#1034 = CARTESIAN_POINT ( 'NONE',  ( 0.3750000000000000000, 0.000000000000000000, 0.000000000000000000 ) ) ;
#1035 = DIRECTION ( 'NONE',  ( -0.000000000000000000, 0.000000000000000000, 1.000000000000000000 ) ) ;
#1036 = PRESENTATION_LAYER_ASSIGNMENT (  '', '', ( #2922 ) ) ;
#1037 = CARTESIAN_POINT ( 'NONE',  ( -0.1250000000000000000, -0.7599999999999997868, 0.1000000000000000056 ) ) ;
#1038 = B_SPLINE_CURVE_WITH_KNOTS ( 'NONE', 3,
 ( #3744, #5939, #391, #5471, #5973, #4917, #6527 ),
 .UNSPECIFIED., .F., .F.,
 ( 4, 1, 1, 1, 4 ),
 ( 0.000000000000000000, 0.3005411131585124518, 0.5677471464835970316, 0.8000336137369759015, 0.9999999999999998890 ),
 .UNSPECIFIED. ) ;
#1039 = CARTESIAN_POINT ( 'NONE',  ( 0.3736371188332211490, -0.4959556969312476915, 0.001000000000000000021 ) ) ;
#1040 = PRESENTATION_STYLE_ASSIGNMENT (( #6498 ) ) ;
#1041 =( GEOMETRIC_REPRESENTATION_CONTEXT ( 3 ) GLOBAL_UNCERTAINTY_ASSIGNED_CONTEXT ( ( #6403 ) ) GLOBAL_UNIT_ASSIGNED_CONTEXT ( ( #1866, #2967, #691 ) ) REPRESENTATION_CONTEXT ( 'NONE', 'WORKASPACE' ) );
#1042 = CARTESIAN_POINT ( 'NONE',  ( 0.1251943333793232582, -0.4991634587185909688, 0.001000000000000000021 ) ) ;
#1043 = PLANE ( 'NONE',  #6642 ) ;
#1044 = ORIENTED_EDGE ( 'NONE', *, *, #7212, .T. ) ;
#1045 = FILL_AREA_STYLE_COLOUR ( '', #6810 ) ;
#1046 = ORIENTED_EDGE ( 'NONE', *, *, #899, .F. ) ;
#1047 = FACE_BOUND ( 'NONE', #6970, .T. ) ;
#1048 = PRESENTATION_LAYER_ASSIGNMENT (  '', '', ( #3537 ) ) ;
#1049 =( NAMED_UNIT ( * ) PLANE_ANGLE_UNIT ( ) SI_UNIT ( $, .RADIAN. ) );
#1050 =( NAMED_UNIT ( * ) SI_UNIT ( $, .STERADIAN. ) SOLID_ANGLE_UNIT ( ) );
#1051 = PRESENTATION_STYLE_ASSIGNMENT (( #1574 ) ) ;
#1052 = ORIENTED_EDGE ( 'NONE', *, *, #4027, .T. ) ;
#1053 = CARTESIAN_POINT ( 'NONE',  ( 0.1904625761502943271, -0.5352278005897842528, 0.001000000000000000021 ) ) ;
#1054 = DIRECTION ( 'NONE',  ( -1.000000000000000000, 0.000000000000000000, 0.000000000000000000 ) ) ;
#1055 = AXIS2_PLACEMENT_3D ( 'NONE', #5503, #1691, #2736 ) ;
#1056 = SURFACE_SIDE_STYLE ('',( #2722 ) ) ;
#1057 = CARTESIAN_POINT ( 'NONE',  ( 0.3530473001460126548, -0.5825779591675227520, 0.001000000000000000021 ) ) ;
#1058 = CARTESIAN_POINT ( 'NONE',  ( 0.1249384642518904798, -0.5005819106841349342, 0.001000000000000000021 ) ) ;
#1059 = PRESENTATION_LAYER_ASSIGNMENT (  '', '', ( #4340 ) ) ;
#1060 = DIRECTION ( 'NONE',  ( -0.000000000000000000, 0.000000000000000000, 1.000000000000000000 ) ) ;
#1061 = CARTESIAN_POINT ( 'NONE',  ( 0.1250000000000000000, -0.2199999999999998068, 0.1000000000000000056 ) ) ;
#1062 = CARTESIAN_POINT ( 'NONE',  ( 0.1962585315022893073, -0.5589402527573333890, 0.000000000000000000 ) ) ;
#1063 =( NAMED_UNIT ( * ) PLANE_ANGLE_UNIT ( ) SI_UNIT ( $, .RADIAN. ) );
#1064 = COLOUR_RGB ( '',1.000000000000000000, 1.000000000000000000, 1.000000000000000000 ) ;
#1065 = ADVANCED_FACE ( 'NONE', ( #7061 ), #219, .T. ) ;
#1066 = PRESENTATION_STYLE_ASSIGNMENT (( #4395 ) ) ;
#1067 = SURFACE_STYLE_FILL_AREA ( #5644 ) ;
#1068 = LINE ( 'NONE', #2228, #2114 ) ;
#1069 = LINE ( 'NONE', #965, #120 ) ;
#1070 = CARTESIAN_POINT ( 'NONE',  ( -0.2449999999999999956, -0.07999999999999977962, 0.000000000000000000 ) ) ;
#1071 = ORIENTED_EDGE ( 'NONE', *, *, #3260, .F. ) ;
#1072 = SURFACE_STYLE_FILL_AREA ( #1736 ) ;
#1073 = STYLED_ITEM ( 'NONE', ( #5723 ), #2896 ) ;
#1074 = SURFACE_STYLE_USAGE ( .BOTH. , #463 ) ;
#1075 = ADVANCED_FACE ( 'NONE', ( #1472 ), #3737, .T. ) ;
#1076 = CARTESIAN_POINT ( 'NONE',  ( 0.2139620110340468007, -0.5843377563333956859, 0.000000000000000000 ) ) ;
#1077 = CARTESIAN_POINT ( 'NONE',  ( 0.1250000000000000000, 0.7600000000000002309, -0.01000000000000000021 ) ) ;
#1078 = CARTESIAN_POINT ( 'NONE',  ( 0.1237895578576113653, -0.5054069164434428219, 0.001000000000000000021 ) ) ;
#1079 = DIRECTION ( 'NONE',  ( 0.000000000000000000, -0.000000000000000000, -1.000000000000000000 ) ) ;
#1080 = ORIENTED_EDGE ( 'NONE', *, *, #3300, .F. ) ;
#1081 = CARTESIAN_POINT ( 'NONE',  ( 0.2819259907844406388, -0.5301020383946623005, 0.001000000000000000021 ) ) ;
#1082 = ORIENTED_EDGE ( 'NONE', *, *, #2190, .F. ) ;
#1083 = VECTOR ( 'NONE', #1725, 1000.000000000000000 ) ;
#1084 = CARTESIAN_POINT ( 'NONE',  ( 0.000000000000000000, 0.000000000000000000, 0.001000000000000000021 ) ) ;
#1085 = EDGE_CURVE ( 'NONE', #4860, #2369, #5817, .T. ) ;
#1086 = CARTESIAN_POINT ( 'NONE',  ( 0.3172918444429772555, -0.5301020383946623005, 0.000000000000000000 ) ) ;
#1087 =( NAMED_UNIT ( * ) PLANE_ANGLE_UNIT ( ) SI_UNIT ( $, .RADIAN. ) );
#1088 = VECTOR ( 'NONE', #3788, 1000.000000000000000 ) ;
#1089 = ORIENTED_EDGE ( 'NONE', *, *, #4193, .F. ) ;
#1090 = VERTEX_POINT ( 'NONE', #3272 ) ;
#1091 = CARTESIAN_POINT ( 'NONE',  ( 0.7800000000000001377, -0.005000000000000135413, -0.01000000000000000021 ) ) ;
#1092 = DIRECTION ( 'NONE',  ( 0.000000000000000000, 0.000000000000000000, 1.000000000000000000 ) ) ;
#1093 =( GEOMETRIC_REPRESENTATION_CONTEXT ( 3 ) GLOBAL_UNCERTAINTY_ASSIGNED_CONTEXT ( ( #2471 ) ) GLOBAL_UNIT_ASSIGNED_CONTEXT ( ( #5202, #6261, #5170 ) ) REPRESENTATION_CONTEXT ( 'NONE', 'WORKASPACE' ) );
#1094 = CARTESIAN_POINT ( 'NONE',  ( 1.010000000000000009, 0.3749999999999998890, 0.1000000000000000056 ) ) ;
#1095 = EDGE_CURVE ( 'NONE', #1269, #2066, #2699, .T. ) ;
#1096 = ADVANCED_FACE ( 'NONE', ( #7133 ), #1292, .F. ) ;
#1097 = EDGE_LOOP ( 'NONE', ( #6827, #6059, #4401, #6866 ) ) ;
#1098 = FILL_AREA_STYLE_COLOUR ( '', #1028 ) ;
#1099 = FACE_OUTER_BOUND ( 'NONE', #149, .T. ) ;
#1100 = CARTESIAN_POINT ( 'NONE',  ( 0.1918581295821872312, -0.5482039182634793617, 0.001000000000000000021 ) ) ;
#1101 = DIRECTION ( 'NONE',  ( -0.000000000000000000, 0.000000000000000000, 1.000000000000000000 ) ) ;
#1102 = FILL_AREA_STYLE_COLOUR ( '', #5088 ) ;
#1103 =( NAMED_UNIT ( * ) SI_UNIT ( $, .STERADIAN. ) SOLID_ANGLE_UNIT ( ) );
#1104 = DIRECTION ( 'NONE',  ( 0.000000000000000000, -0.000000000000000000, 1.000000000000000000 ) ) ;
#1105 = CARTESIAN_POINT ( 'NONE',  ( 0.4026356039356868699, -0.4931252571186743872, 0.000000000000000000 ) ) ;
#1106 = CARTESIAN_POINT ( 'NONE',  ( 0.000000000000000000, 0.000000000000000000, 0.000000000000000000 ) ) ;
#1107 =( NAMED_UNIT ( * ) SI_UNIT ( $, .STERADIAN. ) SOLID_ANGLE_UNIT ( ) );
#1108 =( NAMED_UNIT ( * ) SI_UNIT ( $, .STERADIAN. ) SOLID_ANGLE_UNIT ( ) );
#1109 = ORIENTED_EDGE ( 'NONE', *, *, #3556, .F. ) ;
#1110 = AXIS2_PLACEMENT_3D ( 'NONE', #4323, #2625, #6478 ) ;
#1111 = UNCERTAINTY_MEASURE_WITH_UNIT (LENGTH_MEASURE( 1.000000000000000082E-05 ), #5334, 'distance_accuracy_value', 'NONE');
#1112 = CARTESIAN_POINT ( 'NONE',  ( 0.2284303642084910546, -0.5861649688326564522, 0.000000000000000000 ) ) ;
#1113 = SURFACE_SIDE_STYLE ('',( #94 ) ) ;
#1114 = CARTESIAN_POINT ( 'NONE',  ( 0.3579167514625200552, -0.4864820415363548256, 0.001000000000000000021 ) ) ;
#1115 = CARTESIAN_POINT ( 'NONE',  ( 0.7800000000000009148, -0.3750000000000001110, -0.01000000000000000021 ) ) ;
#1116 = VECTOR ( 'NONE', #4949, 1000.000000000000000 ) ;
#1117 = ORIENTED_EDGE ( 'NONE', *, *, #6620, .T. ) ;
#1118 = CARTESIAN_POINT ( 'NONE',  ( 0.3758855944429772000, -0.5764435018092963769, 0.001000000000000000021 ) ) ;
#1119 = EDGE_CURVE ( 'NONE', #99, #6548, #5834, .T. ) ;
#1120 = FACE_OUTER_BOUND ( 'NONE', #6510, .T. ) ;
#1121 = AXIS2_PLACEMENT_3D ( 'NONE', #5269, #2375, #2510 ) ;
#1122 = VECTOR ( 'NONE', #4044, 1000.000000000000000 ) ;
#1123 = SURFACE_STYLE_FILL_AREA ( #1197 ) ;
#1124 = COLOUR_RGB ( '',1.000000000000000000, 1.000000000000000000, 1.000000000000000000 ) ;
#1125 = DIRECTION ( 'NONE',  ( -1.000000000000000000, 0.000000000000000000, -0.000000000000000000 ) ) ;
#1126 = DIRECTION ( 'NONE',  ( -1.000000000000000000, 0.000000000000000000, 0.000000000000000000 ) ) ;
#1127 = AXIS2_PLACEMENT_3D ( 'NONE', #3870, #3379, #1092 ) ;
#1128 = ORIENTED_EDGE ( 'NONE', *, *, #7, .T. ) ;
#1129 =( GEOMETRIC_REPRESENTATION_CONTEXT ( 3 ) GLOBAL_UNCERTAINTY_ASSIGNED_CONTEXT ( ( #6834 ) ) GLOBAL_UNIT_ASSIGNED_CONTEXT ( ( #2102, #2063, #2682 ) ) REPRESENTATION_CONTEXT ( 'NONE', 'WORKASPACE' ) );
#1130 = CARTESIAN_POINT ( 'NONE',  ( 0.3502186737112699677, -0.5023581359556379411, 0.001000000000000000021 ) ) ;
#1131 = ORIENTED_EDGE ( 'NONE', *, *, #5892, .F. ) ;
#1132 = LINE ( 'NONE', #3459, #482 ) ;
#1133 = B_SPLINE_CURVE_WITH_KNOTS ( 'NONE', 3,
 ( #6066, #1136, #621, #6137, #1058, #5527, #1172 ),
 .UNSPECIFIED., .F., .F.,
 ( 4, 1, 1, 1, 4 ),
 ( 0.000000000000000000, 0.1744817153170560020, 0.3982857591281081522, 0.6738978473986653173, 1.000000000000000000 ),
 .UNSPECIFIED. ) ;
#1134 = PRESENTATION_LAYER_ASSIGNMENT (  '', '', ( #5462 ) ) ;
#1135 = EDGE_LOOP ( 'NONE', ( #4442, #5887, #2199, #5809, #4997, #4420 ) ) ;
#1136 = CARTESIAN_POINT ( 'NONE',  ( 0.1239143483699504389, -0.5050079329981318477, 0.001000000000000000021 ) ) ;
#1137 = PRODUCT ( 'VQFN-HR-9_2.0-W1.5-P0.5-TL_TI_RQF0009A', 'VQFN-HR-9_2.0-W1.5-P0.5-TL_TI_RQF0009A', '', ( #4041 ) ) ;
#1138 = SURFACE_STYLE_USAGE ( .BOTH. , #2253 ) ;
#1139 = ORIENTED_EDGE ( 'NONE', *, *, #653, .T. ) ;
#1140 = CARTESIAN_POINT ( 'NONE',  ( -0.8039474647183502132, 0.6011454912595581845, 0.9799999999999999822 ) ) ;
#1141 = AXIS2_PLACEMENT_3D ( 'NONE', #4913, #4942, #3226 ) ;
#1142 = MECHANICAL_DESIGN_GEOMETRIC_PRESENTATION_REPRESENTATION (  '', ( #3378 ), #2336 ) ;
#1143 = DIRECTION ( 'NONE',  ( 0.000000000000000000, 0.000000000000000000, 1.000000000000000000 ) ) ;
#1144 = CARTESIAN_POINT ( 'NONE',  ( -0.6600000000000001421, -0.005000000000000135413, -0.01000000000000000021 ) ) ;
#1145 = CARTESIAN_POINT ( 'NONE',  ( 0.2441211127356601451, -0.5752239896141745357, 0.001000000000000000021 ) ) ;
#1146 = SURFACE_STYLE_FILL_AREA ( #2871 ) ;
#1147 = FACE_OUTER_BOUND ( 'NONE', #63, .T. ) ;
#1148 =( LENGTH_UNIT ( ) NAMED_UNIT ( * ) SI_UNIT ( .MILLI., .METRE. ) );
#1149 = EDGE_LOOP ( 'NONE', ( #257, #4501, #5050, #4649 ) ) ;
#1150 =( GEOMETRIC_REPRESENTATION_CONTEXT ( 3 ) GLOBAL_UNCERTAINTY_ASSIGNED_CONTEXT ( ( #6911 ) ) GLOBAL_UNIT_ASSIGNED_CONTEXT ( ( #228, #1426, #764 ) ) REPRESENTATION_CONTEXT ( 'NONE', 'WORKASPACE' ) );
#1151 = CARTESIAN_POINT ( 'NONE',  ( 0.2090093198767008220, -0.5827786810270670914, 0.000000000000000000 ) ) ;
#1152 = ORIENTED_EDGE ( 'NONE', *, *, #329, .F. ) ;
#1153 = CARTESIAN_POINT ( 'NONE',  ( 0.1778910721471239076, -0.5459362768067417271, 0.001000000000000000021 ) ) ;
#1154 = CARTESIAN_POINT ( 'NONE',  ( 0.1249384642518904798, -0.5005819106841349342, 0.000000000000000000 ) ) ;
#1155 = PRESENTATION_LAYER_ASSIGNMENT (  '', '', ( #347 ) ) ;
#1156 = EDGE_CURVE ( 'NONE', #3219, #5784, #6995, .T. ) ;
#1157 = CARTESIAN_POINT ( 'NONE',  ( 0.4086612983437096225, -0.5202569516974697716, 0.000000000000000000 ) ) ;
#1158 = VECTOR ( 'NONE', #4271, 1000.000000000000000 ) ;
#1159 = ORIENTED_EDGE ( 'NONE', *, *, #148, .T. ) ;
#1160 = SURFACE_STYLE_USAGE ( .BOTH. , #5149 ) ;
#1161 = DIRECTION ( 'NONE',  ( 0.000000000000000000, 0.000000000000000000, -1.000000000000000000 ) ) ;
#1162 = VERTEX_POINT ( 'NONE', #4194 ) ;
#1163 = AXIS2_PLACEMENT_3D ( 'NONE', #212, #4676, #56 ) ;
#1164 = EDGE_LOOP ( 'NONE', ( #6351, #5451, #2131, #5301, #6744, #6681 ) ) ;
#1165 = CARTESIAN_POINT ( 'NONE',  ( 0.3984131659448709728, -0.4906051822297093912, 0.001000000000000000021 ) ) ;
#1166 = PRESENTATION_STYLE_ASSIGNMENT (( #2282 ) ) ;
#1167 = EDGE_LOOP ( 'NONE', ( #3933, #4320, #4801, #28 ) ) ;
#1168 = DIRECTION ( 'NONE',  ( -1.000000000000000000, 0.000000000000000000, 0.000000000000000000 ) ) ;
#1169 =( GEOMETRIC_REPRESENTATION_CONTEXT ( 3 ) GLOBAL_UNCERTAINTY_ASSIGNED_CONTEXT ( ( #5232 ) ) GLOBAL_UNIT_ASSIGNED_CONTEXT ( ( #4080, #3653, #2538 ) ) REPRESENTATION_CONTEXT ( 'NONE', 'WORKASPACE' ) );
#1170 = DIRECTION ( 'NONE',  ( 0.000000000000000000, 0.000000000000000000, -1.000000000000000000 ) ) ;
#1171 = ORIENTED_EDGE ( 'NONE', *, *, #6808, .F. ) ;
#1172 = CARTESIAN_POINT ( 'NONE',  ( 0.1253330029795625966, -0.4983947213214915406, 0.001000000000000000021 ) ) ;
#1173 =( NAMED_UNIT ( * ) PLANE_ANGLE_UNIT ( ) SI_UNIT ( $, .RADIAN. ) );
#1174 = VERTEX_POINT ( 'NONE', #2563 ) ;
#1175 = CARTESIAN_POINT ( 'NONE',  ( 0.2299252285893187142, -0.5752239896141745357, 0.000000000000000000 ) ) ;
#1176 = AXIS2_PLACEMENT_3D ( 'NONE', #5136, #5792, #129 ) ;
#1177 = CARTESIAN_POINT ( 'NONE',  ( 0.2449999999999999956, -0.2199999999999998068, -0.01000000000000000021 ) ) ;
#1178 = CARTESIAN_POINT ( 'NONE',  ( -0.6600000000000001421, -0.005000000000000135413, 0.1000000000000000056 ) ) ;
#1179 = DIRECTION ( 'NONE',  ( -1.000000000000000000, 0.000000000000000000, 0.000000000000000000 ) ) ;
#1180 = EDGE_CURVE ( 'NONE', #3417, #3679, #5873, .T. ) ;
#1181 = FILL_AREA_STYLE ('',( #3849 ) ) ;
#1182 = VERTEX_POINT ( 'NONE', #2418 ) ;
#1183 = FACE_OUTER_BOUND ( 'NONE', #7129, .T. ) ;
#1184 = CARTESIAN_POINT ( 'NONE',  ( 0.1272575456624893964, -0.5054069164434428219, 0.001000000000000000021 ) ) ;
#1185 = VERTEX_POINT ( 'NONE', #4230 ) ;
#1186 = PRESENTATION_LAYER_ASSIGNMENT (  '', '', ( #2493 ) ) ;
#1187 = ORIENTED_EDGE ( 'NONE', *, *, #3310, .F. ) ;
#1188 = CARTESIAN_POINT ( 'NONE',  ( 0.1042392529795625883, -0.5581508188824672034, 0.001000000000000000021 ) ) ;
#1189 = VECTOR ( 'NONE', #7115, 1000.000000000000000 ) ;
#1190 = SURFACE_STYLE_USAGE ( .BOTH. , #6201 ) ;
#1191 = DIRECTION ( 'NONE',  ( -1.000000000000000000, 0.000000000000000000, -0.000000000000000000 ) ) ;
#1192 = EDGE_CURVE ( 'NONE', #3318, #1185, #4630, .T. ) ;
#1193 = EDGE_LOOP ( 'NONE', ( #286, #5550, #4085, #2357 ) ) ;
#1194 = CARTESIAN_POINT ( 'NONE',  ( -0.1250000000000000000, -0.7599999999999997868, 0.1000000000000000056 ) ) ;
#1195 = ORIENTED_EDGE ( 'NONE', *, *, #2496, .F. ) ;
#1196 = AXIS2_PLACEMENT_3D ( 'NONE', #6966, #4196, #360 ) ;
#1197 = FILL_AREA_STYLE ('',( #6716 ) ) ;
#1198 = ORIENTED_EDGE ( 'NONE', *, *, #2774, .F. ) ;
#1199 = ORIENTED_EDGE ( 'NONE', *, *, #3730, .T. ) ;
#1200 = CARTESIAN_POINT ( 'NONE',  ( -0.6600000000000002531, -0.4950000000000009948, -0.01000000000000000021 ) ) ;
#1201 = PLANE ( 'NONE',  #3735 ) ;
#1202 = EDGE_CURVE ( 'NONE', #6136, #530, #820, .T. ) ;
#1203 = STYLED_ITEM ( 'NONE', ( #4134 ), #4028 ) ;
#1204 = CARTESIAN_POINT ( 'NONE',  ( 1.000000000000000000, -0.3750000000000001110, 0.1000000000000000056 ) ) ;
#1205 = CARTESIAN_POINT ( 'NONE',  ( -0.1250000000000000000, 0.7600000000000002309, 0.1000000000000000056 ) ) ;
#1206 = VERTEX_POINT ( 'NONE', #5903 ) ;
#1207 = DIRECTION ( 'NONE',  ( 0.000000000000000000, 0.000000000000000000, -1.000000000000000000 ) ) ;
#1208 = UNCERTAINTY_MEASURE_WITH_UNIT (LENGTH_MEASURE( 1.000000000000000082E-05 ), #2997, 'distance_accuracy_value', 'NONE');
#1209 = ORIENTED_EDGE ( 'NONE', *, *, #6920, .F. ) ;
#1210 = DIRECTION ( 'NONE',  ( -0.000000000000000000, -0.000000000000000000, -1.000000000000000000 ) ) ;
#1211 = EDGE_CURVE ( 'NONE', #4747, #1971, #3635, .T. ) ;
#1212 = PRESENTATION_STYLE_ASSIGNMENT (( #4275 ) ) ;
#1213 = DIRECTION ( 'NONE',  ( 0.000000000000000000, 0.000000000000000000, -1.000000000000000000 ) ) ;
#1214 = SURFACE_STYLE_FILL_AREA ( #2837 ) ;
#1215 = FILL_AREA_STYLE ('',( #2412 ) ) ;
#1216 = CARTESIAN_POINT ( 'NONE',  ( 0.3736371188332211490, -0.4959556969312476915, 0.000000000000000000 ) ) ;
#1217 = DIRECTION ( 'NONE',  ( -0.000000000000000000, 0.000000000000000000, -1.000000000000000000 ) ) ;
#1218 = PRESENTATION_STYLE_ASSIGNMENT (( #3359 ) ) ;
#1219 = ORIENTED_EDGE ( 'NONE', *, *, #3271, .F. ) ;
#1220 = SURFACE_STYLE_USAGE ( .BOTH. , #1970 ) ;
#1221 = SURFACE_SIDE_STYLE ('',( #681 ) ) ;
#1222 = FACE_OUTER_BOUND ( 'NONE', #2687, .T. ) ;
#1223 = CARTESIAN_POINT ( 'NONE',  ( 0.3749920550196721436, -0.4959848305398453228, -0.000000000000000000 ) ) ;
#1224 = SURFACE_SIDE_STYLE ('',( #3931 ) ) ;
#1225 = ORIENTED_EDGE ( 'NONE', *, *, #5427, .T. ) ;
#1226 = ORIENTED_EDGE ( 'NONE', *, *, #2207, .F. ) ;
#1227 = VECTOR ( 'NONE', #4314, 1000.000000000000000 ) ;
#1228 = CARTESIAN_POINT ( 'NONE',  ( 0.7800000000000008038, 0.3749999999999998890, 0.1000000000000000056 ) ) ;
#1229 = ORIENTED_EDGE ( 'NONE', *, *, #407, .F. ) ;
#1230 = EDGE_CURVE ( 'NONE', #5648, #5961, #2522, .T. ) ;
#1231 = ORIENTED_EDGE ( 'NONE', *, *, #3860, .F. ) ;
#1232 = LINE ( 'NONE', #6283, #1340 ) ;
#1233 =( GEOMETRIC_REPRESENTATION_CONTEXT ( 3 ) GLOBAL_UNCERTAINTY_ASSIGNED_CONTEXT ( ( #3736 ) ) GLOBAL_UNIT_ASSIGNED_CONTEXT ( ( #5019, #5603, #6733 ) ) REPRESENTATION_CONTEXT ( 'NONE', 'WORKASPACE' ) );
#1234 = STYLED_ITEM ( 'NONE', ( #5401 ), #5952 ) ;
#1235 = CARTESIAN_POINT ( 'NONE',  ( 0.1421775151746845489, -0.5471752091263696327, 0.000000000000000000 ) ) ;
#1236 = CARTESIAN_POINT ( 'NONE',  ( 0.3511570127887688186, -0.5815345975079931895, 0.000000000000000000 ) ) ;
#1237 = AXIS2_PLACEMENT_3D ( 'NONE', #2009, #387, #4851 ) ;
#1238 = VERTEX_POINT ( 'NONE', #1856 ) ;
#1239 = CARTESIAN_POINT ( 'NONE',  ( 0.2575357468820015927, -0.5861995993702721064, 0.001000000000000000021 ) ) ;
#1240 = ADVANCED_FACE ( 'NONE', ( #790 ), #1914, .T. ) ;
#1241 = ORIENTED_EDGE ( 'NONE', *, *, #956, .F. ) ;
#1242 = CARTESIAN_POINT ( 'NONE',  ( 0.1250000000000000000, 0.000000000000000000, 0.000000000000000000 ) ) ;
#1243 =( LENGTH_UNIT ( ) NAMED_UNIT ( * ) SI_UNIT ( .MILLI., .METRE. ) );
#1244 = PRESENTATION_LAYER_ASSIGNMENT (  '', '', ( #4399 ) ) ;
#1245 = VECTOR ( 'NONE', #3353, 1000.000000000000000 ) ;
#1246 = PRESENTATION_STYLE_ASSIGNMENT (( #3466 ) ) ;
#1247 = SURFACE_SIDE_STYLE ('',( #3550 ) ) ;
#1248 = SURFACE_SIDE_STYLE ('',( #2552 ) ) ;
#1249 = CARTESIAN_POINT ( 'NONE',  ( 0.4245776627645285739, -0.5398981788667867043, 0.001000000000000000021 ) ) ;
#1250 = CARTESIAN_POINT ( 'NONE',  ( 0.3584897801377889270, -0.4984163844915233677, 0.000000000000000000 ) ) ;
#1251 = VERTEX_POINT ( 'NONE', #1556 ) ;
#1252 = FILL_AREA_STYLE ('',( #4052 ) ) ;
#1253 = CARTESIAN_POINT ( 'NONE',  ( -0.6600000000000002531, -0.5050000000000001155, 0.1000000000000000056 ) ) ;
#1254 = CYLINDRICAL_SURFACE ( 'NONE', #2836, 0.1199999999999999956 ) ;
#1255 = ORIENTED_EDGE ( 'NONE', *, *, #6799, .T. ) ;
#1256 =( LENGTH_UNIT ( ) NAMED_UNIT ( * ) SI_UNIT ( .MILLI., .METRE. ) );
#1257 = EDGE_LOOP ( 'NONE', ( #5254, #6280, #2549, #5897 ) ) ;
#1258 =( NAMED_UNIT ( * ) SI_UNIT ( $, .STERADIAN. ) SOLID_ANGLE_UNIT ( ) );
#1259 = CARTESIAN_POINT ( 'NONE',  ( -0.9603633550760954929, 0.6011454912595581845, 0.9799999999999999822 ) ) ;
#1260 = FILL_AREA_STYLE ('',( #6894 ) ) ;
#1261 = VECTOR ( 'NONE', #1618, 1000.000000000000000 ) ;
#1262 = VECTOR ( 'NONE', #2436, 1000.000000000000000 ) ;
#1263 = ORIENTED_EDGE ( 'NONE', *, *, #1268, .T. ) ;
#1264 = CARTESIAN_POINT ( 'NONE',  ( -0.7800000000000002487, -0.4950000000000001066, 0.1000000000000000056 ) ) ;
#1265 =( LENGTH_UNIT ( ) NAMED_UNIT ( * ) SI_UNIT ( .MILLI., .METRE. ) );
#1266 = STYLED_ITEM ( 'NONE', ( #1674 ), #6594 ) ;
#1267 = SURFACE_STYLE_USAGE ( .BOTH. , #255 ) ;
#1268 = EDGE_CURVE ( 'NONE', #873, #4007, #5582, .T. ) ;
#1269 = VERTEX_POINT ( 'NONE', #2095 ) ;
#1270 = VECTOR ( 'NONE', #5362, 1000.000000000000000 ) ;
#1271 = VERTEX_POINT ( 'NONE', #3206 ) ;
#1272 = DIRECTION ( 'NONE',  ( -1.000000000000000000, 0.000000000000000000, 0.000000000000000000 ) ) ;
#1273 = CARTESIAN_POINT ( 'NONE',  ( 0.2284303642084910546, -0.5861649688326564522, -0.000000000000000000 ) ) ;
#1274 = AXIS2_PLACEMENT_3D ( 'NONE', #2278, #6057, #4493 ) ;
#1275 = ADVANCED_FACE ( 'NONE', ( #5473 ), #3282, .T. ) ;
#1276 = CARTESIAN_POINT ( 'NONE',  ( 0.6600000000000001421, -0.5049999999999992273, 0.1000000000000000056 ) ) ;
#1277 =( NAMED_UNIT ( * ) SI_UNIT ( $, .STERADIAN. ) SOLID_ANGLE_UNIT ( ) );
#1278 = LINE ( 'NONE', #4176, #5707 ) ;
#1279 = UNCERTAINTY_MEASURE_WITH_UNIT (LENGTH_MEASURE( 1.000000000000000082E-05 ), #4695, 'distance_accuracy_value', 'NONE');
#1280 = EDGE_CURVE ( 'NONE', #3462, #3318, #2259, .T. ) ;
#1281 = VERTEX_POINT ( 'NONE', #1144 ) ;
#1282 = SURFACE_STYLE_FILL_AREA ( #2903 ) ;
#1283 =( NAMED_UNIT ( * ) SI_UNIT ( $, .STERADIAN. ) SOLID_ANGLE_UNIT ( ) );
#1284 = CARTESIAN_POINT ( 'NONE',  ( 0.2251700919548385582, -0.4972616827091995151, 0.000000000000000000 ) ) ;
#1285 = CARTESIAN_POINT ( 'NONE',  ( 0.4110922129393423385, -0.5327141898929043107, 0.000000000000000000 ) ) ;
#1286 = MECHANICAL_DESIGN_GEOMETRIC_PRESENTATION_REPRESENTATION (  '', ( #4221 ), #7132 ) ;
#1287 = CARTESIAN_POINT ( 'NONE',  ( 0.4085917715648227921, -0.5770921134461473034, 0.001000000000000000021 ) ) ;
#1288 = PLANE ( 'NONE',  #3351 ) ;
#1289 = VECTOR ( 'NONE', #2827, 1000.000000000000000 ) ;
#1290 = VERTEX_POINT ( 'NONE', #1688 ) ;
#1291 = LINE ( 'NONE', #3527, #2142 ) ;
#1292 = PLANE ( 'NONE',  #2109 ) ;
#1293 = PRESENTATION_STYLE_ASSIGNMENT (( #3480 ) ) ;
#1294 = AXIS2_PLACEMENT_3D ( 'NONE', #6506, #4411, #3858 ) ;
#1295 = EDGE_CURVE ( 'NONE', #2238, #4324, #2867, .T. ) ;
#1296 = VERTEX_POINT ( 'NONE', #5094 ) ;
#1297 = VERTEX_POINT ( 'NONE', #1805 ) ;
#1298 = MECHANICAL_DESIGN_GEOMETRIC_PRESENTATION_REPRESENTATION (  '', ( #1778 ), #384 ) ;
#1299 = FILL_AREA_STYLE_COLOUR ( '', #6257 ) ;
#1300 = DIRECTION ( 'NONE',  ( -1.000000000000000000, 0.000000000000000000, 0.000000000000000000 ) ) ;
#1301 =( LENGTH_UNIT ( ) NAMED_UNIT ( * ) SI_UNIT ( .MILLI., .METRE. ) );
#1302 = B_SPLINE_CURVE_WITH_KNOTS ( 'NONE', 3,
 ( #7217, #6601, #5064, #3408, #5510, #3725, #5584, #1633, #2237, #57, #5925 ),
 .UNSPECIFIED., .F., .F.,
 ( 4, 1, 1, 1, 1, 1, 1, 1, 4 ),
 ( 0.000000000000000000, 0.1252796967356265279, 0.2494199707420510781, 0.3733567994928200795, 0.4966812787822845188, 0.6202029157439812312, 0.7450863201614555953, 0.8712691950190969425, 1.000000000000000000 ),
 .UNSPECIFIED. ) ;
#1303 = ORIENTED_EDGE ( 'NONE', *, *, #6715, .F. ) ;
#1304 = DIRECTION ( 'NONE',  ( 0.000000000000000000, -1.000000000000000000, 0.000000000000000000 ) ) ;
#1305 = AXIS2_PLACEMENT_3D ( 'NONE', #2807, #6782, #4480 ) ;
#1306 = LINE ( 'NONE', #5225, #3363 ) ;
#1307 = ADVANCED_FACE ( 'NONE', ( #50 ), #2802, .T. ) ;
#1308 = PRESENTATION_LAYER_ASSIGNMENT (  '', '', ( #1907 ) ) ;
#1309 = LINE ( 'NONE', #186, #231 ) ;
#1310 = CARTESIAN_POINT ( 'NONE',  ( 0.1905641450408090132, -0.5397549380783919215, 0.000000000000000000 ) ) ;
#1311 = APPLICATION_PROTOCOL_DEFINITION ( 'draft international standard', 'automotive_design', 1998, #780 ) ;
#1312 = FACE_OUTER_BOUND ( 'NONE', #4171, .T. ) ;
#1313 = EDGE_LOOP ( 'NONE', ( #5579, #4962, #3564, #4560 ) ) ;
#1314 = DIRECTION ( 'NONE',  ( 0.000000000000000000, 1.000000000000000000, 0.000000000000000000 ) ) ;
#1315 = CARTESIAN_POINT ( 'NONE',  ( -0.6599999999999998090, 0.4949999999999998845, 0.1000000000000000056 ) ) ;
#1316 = VECTOR ( 'NONE', #5537, 1000.000000000000000 ) ;
#1317 = EDGE_CURVE ( 'NONE', #5416, #3059, #1068, .T. ) ;
#1318 = CARTESIAN_POINT ( 'NONE',  ( 0.1910546728069712485, -0.5264003234185783420, 0.000000000000000000 ) ) ;
#1319 = CARTESIAN_POINT ( 'NONE',  ( 0.4110922129393423385, -0.5327141898929043107, 0.001000000000000000021 ) ) ;
#1320 = CARTESIAN_POINT ( 'NONE',  ( 0.2794869663941967897, -0.4971752091263696438, 0.001000000000000000021 ) ) ;
#1321 = CARTESIAN_POINT ( 'NONE',  ( -0.000000000000000000, 0.3749999999999998890, 0.000000000000000000 ) ) ;
#1322 = DIRECTION ( 'NONE',  ( -0.000000000000000000, 1.000000000000000000, -0.000000000000000000 ) ) ;
#1323 = CARTESIAN_POINT ( 'NONE',  ( 0.4032505474956825653, -0.5099893995983434403, 0.001000000000000000021 ) ) ;
#1324 = SURFACE_STYLE_USAGE ( .BOTH. , #4126 ) ;
#1325 = CARTESIAN_POINT ( 'NONE',  ( 0.3758855944429772555, -0.5764435018092964880, 0.001000000000000000021 ) ) ;
#1326 = ORIENTED_EDGE ( 'NONE', *, *, #4571, .F. ) ;
#1327 = CARTESIAN_POINT ( 'NONE',  ( -1.000000000000000222, 0.6249999999999998890, 0.000000000000000000 ) ) ;
#1328 = SURFACE_SIDE_STYLE ('',( #4132 ) ) ;
#1329 =( NAMED_UNIT ( * ) PLANE_ANGLE_UNIT ( ) SI_UNIT ( $, .RADIAN. ) );
#1330 =( NAMED_UNIT ( * ) SI_UNIT ( $, .STERADIAN. ) SOLID_ANGLE_UNIT ( ) );
#1331 = FACE_OUTER_BOUND ( 'NONE', #1600, .T. ) ;
#1332 = VERTEX_POINT ( 'NONE', #2339 ) ;
#1333 = LINE ( 'NONE', #4238, #428 ) ;
#1334 = CARTESIAN_POINT ( 'NONE',  ( -0.1250000000000000000, -0.7599999999999997868, 0.1000000000000000056 ) ) ;
#1335 = ADVANCED_FACE ( 'NONE', ( #6666 ), #4553, .T. ) ;
#1336 = EDGE_LOOP ( 'NONE', ( #4002, #6429, #3617, #1199 ) ) ;
#1337 = FACE_OUTER_BOUND ( 'NONE', #7088, .T. ) ;
#1338 = ORIENTED_EDGE ( 'NONE', *, *, #1685, .F. ) ;
#1339 = DIRECTION ( 'NONE',  ( -1.000000000000000000, 0.000000000000000000, 0.000000000000000000 ) ) ;
#1340 = VECTOR ( 'NONE', #1272, 1000.000000000000000 ) ;
#1341 =( LENGTH_UNIT ( ) NAMED_UNIT ( * ) SI_UNIT ( .MILLI., .METRE. ) );
#1342 = CARTESIAN_POINT ( 'NONE',  ( 0.1250000000000000278, -0.2199999999999998068, -0.01000000000000000021 ) ) ;
#1343 = FILL_AREA_STYLE_COLOUR ( '', #6683 ) ;
#1344 = CARTESIAN_POINT ( 'NONE',  ( 0.000000000000000000, 0.000000000000000000, 0.000000000000000000 ) ) ;
#1345 = CARTESIAN_POINT ( 'NONE',  ( 0.2087434681003543790, -0.4894329508148206886, -2.117582368135750848E-19 ) ) ;
#1346 = UNCERTAINTY_MEASURE_WITH_UNIT (LENGTH_MEASURE( 1.000000000000000082E-05 ), #4096, 'distance_accuracy_value', 'NONE');
#1347 = COLOUR_RGB ( '',0.000000000000000000, 0.000000000000000000, 0.000000000000000000 ) ;
#1348 = VERTEX_POINT ( 'NONE', #125 ) ;
#1349 =( NAMED_UNIT ( * ) PLANE_ANGLE_UNIT ( ) SI_UNIT ( $, .RADIAN. ) );
#1350 = MECHANICAL_DESIGN_GEOMETRIC_PRESENTATION_REPRESENTATION (  '', ( #430 ), #3232 ) ;
#1351 = CARTESIAN_POINT ( 'NONE',  ( 0.1910546728069712485, -0.5264003234185783420, 0.001000000000000000021 ) ) ;
#1352 = VECTOR ( 'NONE', #4508, 1000.000000000000000 ) ;
#1353 = UNCERTAINTY_MEASURE_WITH_UNIT (LENGTH_MEASURE( 1.000000000000000082E-05 ), #6881, 'distance_accuracy_value', 'NONE');
#1354 = COLOUR_RGB ( '',0.000000000000000000, 0.000000000000000000, 0.000000000000000000 ) ;
#1355 = CARTESIAN_POINT ( 'NONE',  ( 0.1964293885649910087, -0.5120550643864322238, 0.000000000000000000 ) ) ;
#1356 = CARTESIAN_POINT ( 'NONE',  ( 0.4053628305292275580, -0.5131820706653680286, 0.001000000000000000021 ) ) ;
#1357 = FACE_OUTER_BOUND ( 'NONE', #7116, .T. ) ;
#1358 = SURFACE_SIDE_STYLE ('',( #6811 ) ) ;
#1359 = FILL_AREA_STYLE_COLOUR ( '', #7091 ) ;
#1360 = ORIENTED_EDGE ( 'NONE', *, *, #5776, .T. ) ;
#1361 = MECHANICAL_DESIGN_GEOMETRIC_PRESENTATION_REPRESENTATION (  '', ( #433 ), #5459 ) ;
#1362 = PRESENTATION_LAYER_ASSIGNMENT (  '', '', ( #5444 ) ) ;
#1363 = CARTESIAN_POINT ( 'NONE',  ( 0.4086612983437096225, -0.5202569516974697716, 0.001000000000000000021 ) ) ;
#1364 = AXIS2_PLACEMENT_3D ( 'NONE', #5935, #2007, #3773 ) ;
#1365 = CARTESIAN_POINT ( 'NONE',  ( 0.3621088083893477805, -0.5748820967968468754, 0.000000000000000000 ) ) ;
#1366 = COLOUR_RGB ( '',1.000000000000000000, 1.000000000000000000, 1.000000000000000000 ) ;
#1367 = ORIENTED_EDGE ( 'NONE', *, *, #809, .F. ) ;
#1368 = ADVANCED_FACE ( 'NONE', ( #1660 ), #6809, .T. ) ;
#1369 =( NAMED_UNIT ( * ) SI_UNIT ( $, .STERADIAN. ) SOLID_ANGLE_UNIT ( ) );
#1370 = LINE ( 'NONE', #4304, #2469 ) ;
#1371 = VECTOR ( 'NONE', #419, 1000.000000000000000 ) ;
#1372 = SURFACE_STYLE_FILL_AREA ( #1411 ) ;
#1373 = FACE_OUTER_BOUND ( 'NONE', #4035, .T. ) ;
#1374 = SURFACE_STYLE_FILL_AREA ( #6375 ) ;
#1375 = EDGE_CURVE ( 'NONE', #6816, #409, #6988, .T. ) ;
#1376 = ORIENTED_EDGE ( 'NONE', *, *, #2093, .F. ) ;
#1377 = COLOUR_RGB ( '',0.000000000000000000, 0.000000000000000000, 0.000000000000000000 ) ;
#1378 = AXIS2_PLACEMENT_3D ( 'NONE', #1070, #1035, #3317 ) ;
#1379 = SURFACE_SIDE_STYLE ('',( #1863 ) ) ;
#1380 = EDGE_CURVE ( 'NONE', #669, #3219, #3583, .T. ) ;
#1381 =( LENGTH_UNIT ( ) NAMED_UNIT ( * ) SI_UNIT ( .MILLI., .METRE. ) );
#1382 =( GEOMETRIC_REPRESENTATION_CONTEXT ( 3 ) GLOBAL_UNCERTAINTY_ASSIGNED_CONTEXT ( ( #1724 ) ) GLOBAL_UNIT_ASSIGNED_CONTEXT ( ( #5536, #6701, #5569 ) ) REPRESENTATION_CONTEXT ( 'NONE', 'WORKASPACE' ) );
#1383 = ORIENTED_EDGE ( 'NONE', *, *, #1587, .F. ) ;
#1384 = VERTEX_POINT ( 'NONE', #5308 ) ;
#1385 = STYLED_ITEM ( 'NONE', ( #3312 ), #6068 ) ;
#1386 = STYLED_ITEM ( 'NONE', ( #6977 ), #1817 ) ;
#1387 = DIRECTION ( 'NONE',  ( 0.000000000000000000, 0.000000000000000000, -1.000000000000000000 ) ) ;
#1388 = ORIENTED_EDGE ( 'NONE', *, *, #2132, .F. ) ;
#1389 = CARTESIAN_POINT ( 'NONE',  ( 0.4057743215371354406, -0.5601302578776834462, 0.000000000000000000 ) ) ;
#1390 = FILL_AREA_STYLE ('',( #3686 ) ) ;
#1391 = FILL_AREA_STYLE_COLOUR ( '', #6334 ) ;
#1392 = DIRECTION ( 'NONE',  ( 0.000000000000000000, -1.000000000000000000, 0.000000000000000000 ) ) ;
#1393 = PRESENTATION_LAYER_ASSIGNMENT (  '', '', ( #6647 ) ) ;
#1394 = ORIENTED_EDGE ( 'NONE', *, *, #3995, .T. ) ;
#1395 = CARTESIAN_POINT ( 'NONE',  ( 0.2185936651043855483, -0.4869307339609779683, 0.001000000000000000021 ) ) ;
#1396 = EDGE_CURVE ( 'NONE', #1452, #5228, #5757, .T. ) ;
#1397 = EDGE_LOOP ( 'NONE', ( #2521, #1388, #6623, #6602 ) ) ;
#1398 = PRESENTATION_STYLE_ASSIGNMENT (( #2083 ) ) ;
#1399 = CARTESIAN_POINT ( 'NONE',  ( 0.4106171646710967127, -0.5283205455509889514, 0.000000000000000000 ) ) ;
#1400 = PRESENTATION_STYLE_ASSIGNMENT (( #4122 ) ) ;
#1401 = LINE ( 'NONE', #6989, #3568 ) ;
#1402 = SURFACE_STYLE_USAGE ( .BOTH. , #277 ) ;
#1403 = CARTESIAN_POINT ( 'NONE',  ( 0.2819259907844406388, -0.5301020383946623005, 0.001000000000000000021 ) ) ;
#1405 = CARTESIAN_POINT ( 'NONE',  ( 0.3776493790946902629, -0.4960419678724320436, 0.001000000000000000021 ) ) ;
#1404 = PRESENTATION_LAYER_ASSIGNMENT (  '', '', ( #5957 ) ) ;
#1406 = FILL_AREA_STYLE_COLOUR ( '', #1901 ) ;
#1407 = EDGE_CURVE ( 'NONE', #2885, #5993, #306, .T. ) ;
#1408 = PRESENTATION_STYLE_ASSIGNMENT (( #2676 ) ) ;
#1409 = EDGE_LOOP ( 'NONE', ( #3494, #6393, #290, #4158 ) ) ;
#1410 = DIRECTION ( 'NONE',  ( 1.000000000000000000, -0.000000000000000000, -0.000000000000000000 ) ) ;
#1411 = FILL_AREA_STYLE ('',( #3174 ) ) ;
#1412 = SURFACE_STYLE_USAGE ( .BOTH. , #2993 ) ;
#1413 = CARTESIAN_POINT ( 'NONE',  ( 0.7800000000000001377, -0.4950000000000001066, -0.01000000000000000021 ) ) ;
#1414 = ORIENTED_EDGE ( 'NONE', *, *, #4136, .F. ) ;
#1415 = PRESENTATION_LAYER_ASSIGNMENT (  '', '', ( #4221 ) ) ;
#1416 = UNCERTAINTY_MEASURE_WITH_UNIT (LENGTH_MEASURE( 1.000000000000000082E-05 ), #1625, 'distance_accuracy_value', 'NONE');
#1417 = FACE_OUTER_BOUND ( 'NONE', #2773, .T. ) ;
#1418 = ADVANCED_FACE ( 'NONE', ( #6258 ), #5789, .T. ) ;
#1419 = EDGE_CURVE ( 'NONE', #2421, #4324, #240, .T. ) ;
#1420 = MECHANICAL_DESIGN_GEOMETRIC_PRESENTATION_REPRESENTATION (  '', ( #4340 ), #6204 ) ;
#1421 = CARTESIAN_POINT ( 'NONE',  ( -0.2550000000000000044, 0.5300000000000002487, 0.000000000000000000 ) ) ;
#1422 = LINE ( 'NONE', #5222, #5880 ) ;
#1423 = ORIENTED_EDGE ( 'NONE', *, *, #1407, .F. ) ;
#1424 = SURFACE_STYLE_FILL_AREA ( #5955 ) ;
#1425 = CARTESIAN_POINT ( 'NONE',  ( 0.3172918444429772555, -0.5410776481507598712, 0.000000000000000000 ) ) ;
#1426 =( NAMED_UNIT ( * ) PLANE_ANGLE_UNIT ( ) SI_UNIT ( $, .RADIAN. ) );
#1427 = ADVANCED_FACE ( 'NONE', ( #1357 ), #3623, .T. ) ;
#1428 = CARTESIAN_POINT ( 'NONE',  ( 0.3989611749466454027, -0.5683740441768257989, 0.001000000000000000021 ) ) ;
#1429 = B_SPLINE_CURVE_WITH_KNOTS ( 'NONE', 3,
 ( #3975, #5078, #1057, #6768, #3303, #6181, #1763, #5524, #6659, #5492, #509 ),
 .UNSPECIFIED., .F., .F.,
 ( 4, 1, 1, 1, 1, 1, 1, 1, 4 ),
 ( 0.000000000000000000, 0.1124483899088015715, 0.2265276752126776372, 0.3444019493260268017, 0.4658649724874586173, 0.5916594493521168951, 0.7221684870248867849, 0.8586063875549251323, 0.9999999999999998890 ),
 .UNSPECIFIED. ) ;
#1430 = CARTESIAN_POINT ( 'NONE',  ( 0.3737395375826473853, -0.5873722642106351532, 0.001000000000000000021 ) ) ;
#1431 = LINE ( 'NONE', #3688, #459 ) ;
#1432 = PRESENTATION_LAYER_ASSIGNMENT (  '', '', ( #4351 ) ) ;
#1433 = VERTEX_POINT ( 'NONE', #4881 ) ;
#1434 = LINE ( 'NONE', #2001, #2300 ) ;
#1435 = MECHANICAL_DESIGN_GEOMETRIC_PRESENTATION_REPRESENTATION (  '', ( #4589 ), #4829 ) ;
#1436 = EDGE_CURVE ( 'NONE', #2359, #1010, #4297, .T. ) ;
#1437 = UNCERTAINTY_MEASURE_WITH_UNIT (LENGTH_MEASURE( 1.000000000000000082E-05 ), #7225, 'distance_accuracy_value', 'NONE');
#1438 = CARTESIAN_POINT ( 'NONE',  ( 0.2069401720423963420, -0.5024883817759747684, 0.001000000000000000021 ) ) ;
#1439 = DIRECTION ( 'NONE',  ( 1.000000000000000000, 0.000000000000000000, -0.000000000000000000 ) ) ;
#1440 = EDGE_CURVE ( 'NONE', #6832, #5760, #1476, .T. ) ;
#1441 = CARTESIAN_POINT ( 'NONE',  ( 0.6600000000000000311, 0.5049999999999991163, -0.01000000000000000021 ) ) ;
#1442 = EDGE_CURVE ( 'NONE', #1460, #6382, #921, .T. ) ;
#1443 = CARTESIAN_POINT ( 'NONE',  ( 0.3502186737112699677, -0.5023581359556379411, 0.001000000000000000021 ) ) ;
#1444 =( NAMED_UNIT ( * ) PLANE_ANGLE_UNIT ( ) SI_UNIT ( $, .RADIAN. ) );
#1445 =( NAMED_UNIT ( * ) SI_UNIT ( $, .STERADIAN. ) SOLID_ANGLE_UNIT ( ) );
#1446 = COLOUR_RGB ( '',1.000000000000000000, 1.000000000000000000, 1.000000000000000000 ) ;
#1447 = CYLINDRICAL_SURFACE ( 'NONE', #4971, 0.1199999999999999956 ) ;
#1448 = CARTESIAN_POINT ( 'NONE',  ( 0.9999999999999997780, 0.7500000000000002220, 0.9799999999999999822 ) ) ;
#1449 = LINE ( 'NONE', #4267, #4594 ) ;
#1450 = CARTESIAN_POINT ( 'NONE',  ( 0.3172918444429772555, -0.4971752091263696438, 0.001000000000000000021 ) ) ;
#1451 = PLANE ( 'NONE',  #1650 ) ;
#1452 = VERTEX_POINT ( 'NONE', #5493 ) ;
#1453 = CARTESIAN_POINT ( 'NONE',  ( 0.7800000000000009148, -0.6250000000000001110, 0.1000000000000000056 ) ) ;
#1454 = VERTEX_POINT ( 'NONE', #3696 ) ;
#1455 =( NAMED_UNIT ( * ) SI_UNIT ( $, .STERADIAN. ) SOLID_ANGLE_UNIT ( ) );
#1456 = LINE ( 'NONE', #291, #6960 ) ;
#1457 =( NAMED_UNIT ( * ) PLANE_ANGLE_UNIT ( ) SI_UNIT ( $, .RADIAN. ) );
#1458 = VERTEX_POINT ( 'NONE', #481 ) ;
#1459 = CARTESIAN_POINT ( 'NONE',  ( 0.2238760795229987333, -0.4863208384366833337, 0.000000000000000000 ) ) ;
#1460 = VERTEX_POINT ( 'NONE', #2121 ) ;
#1461 = FILL_AREA_STYLE_COLOUR ( '', #4357 ) ;
#1462 = CARTESIAN_POINT ( 'NONE',  ( -1.010000000000000231, -0.3750000000000001110, -0.01000000000000000021 ) ) ;
#1463 = DIRECTION ( 'NONE',  ( -1.000000000000000000, 0.000000000000000000, 0.000000000000000000 ) ) ;
#1464 = ORIENTED_EDGE ( 'NONE', *, *, #181, .F. ) ;
#1465 = PRESENTATION_STYLE_ASSIGNMENT (( #1946 ) ) ;
#1466 = CARTESIAN_POINT ( 'NONE',  ( 0.3560702665944723289, -0.5838653681787420169, 0.000000000000000000 ) ) ;
#1467 = CARTESIAN_POINT ( 'NONE',  ( 0.2254790785777219531, -0.5751278791715334071, 0.000000000000000000 ) ) ;
#1468 = CARTESIAN_POINT ( 'NONE',  ( 0.1770479420039528240, -0.5349419774190524723, -2.117582368135750848E-19 ) ) ;
#1469 = EDGE_LOOP ( 'NONE', ( #974, #1080, #2146, #7093 ) ) ;
#1470 =( LENGTH_UNIT ( ) NAMED_UNIT ( * ) SI_UNIT ( .MILLI., .METRE. ) );
#1471 = CARTESIAN_POINT ( 'NONE',  ( 0.1778928058928685996, -0.5244159772276635323, 0.001000000000000000021 ) ) ;
#1472 = FACE_OUTER_BOUND ( 'NONE', #687, .T. ) ;
#1473 = SURFACE_STYLE_FILL_AREA ( #919 ) ;
#1474 = VECTOR ( 'NONE', #5940, 1000.000000000000000 ) ;
#1475 = ADVANCED_FACE ( 'NONE', ( #413 ), #4807, .T. ) ;
#1476 = LINE ( 'NONE', #2633, #4412 ) ;
#1477 = CARTESIAN_POINT ( 'NONE',  ( 0.3796922195263783828, -0.5763453934450639693, 0.000000000000000000 ) ) ;
#1478 = CARTESIAN_POINT ( 'NONE',  ( 0.7800000000000009148, -0.6250000000000001110, 0.000000000000000000 ) ) ;
#1479 = SURFACE_STYLE_FILL_AREA ( #5999 ) ;
#1480 = CARTESIAN_POINT ( 'NONE',  ( 0.2299252285893187142, -0.5752239896141745357, 0.001000000000000000021 ) ) ;
#1481 = STYLED_ITEM ( 'NONE', ( #271 ), #5323 ) ;
#1482 = VECTOR ( 'NONE', #3712, 1000.000000000000000 ) ;
#1483 = DIRECTION ( 'NONE',  ( -1.000000000000000000, 0.000000000000000000, 0.000000000000000000 ) ) ;
#1484 = SURFACE_STYLE_FILL_AREA ( #2641 ) ;
#1485 = DIRECTION ( 'NONE',  ( 0.000000000000000000, 0.000000000000000000, -1.000000000000000000 ) ) ;
#1486 = PRESENTATION_LAYER_ASSIGNMENT (  '', '', ( #5565 ) ) ;
#1487 = SURFACE_SIDE_STYLE ('',( #318 ) ) ;
#1488 = LINE ( 'NONE', #1527, #1270 ) ;
#1489 = VECTOR ( 'NONE', #1304, 1000.000000000000000 ) ;
#1490 = PRESENTATION_LAYER_ASSIGNMENT (  '', '', ( #4642 ) ) ;
#1491 = CARTESIAN_POINT ( 'NONE',  ( 0.4037757197618213612, -0.5631421430411219786, 0.001000000000000000021 ) ) ;
#1492 =( GEOMETRIC_REPRESENTATION_CONTEXT ( 3 ) GLOBAL_UNCERTAINTY_ASSIGNED_CONTEXT ( ( #2629 ) ) GLOBAL_UNIT_ASSIGNED_CONTEXT ( ( #7189, #1087, #537 ) ) REPRESENTATION_CONTEXT ( 'NONE', 'WORKASPACE' ) );
#1493 = ORIENTED_EDGE ( 'NONE', *, *, #1535, .T. ) ;
#1494 = CARTESIAN_POINT ( 'NONE',  ( 0.1790461417554730927, -0.5510559801009682346, 0.001000000000000000021 ) ) ;
#1495 =( LENGTH_UNIT ( ) NAMED_UNIT ( * ) SI_UNIT ( .MILLI., .METRE. ) );
#1496 = PRESENTATION_LAYER_ASSIGNMENT (  '', '', ( #6741 ) ) ;
#1497 = FILL_AREA_STYLE_COLOUR ( '', #237 ) ;
#1498 = ORIENTED_EDGE ( 'NONE', *, *, #6825, .F. ) ;
#1499 = CARTESIAN_POINT ( 'NONE',  ( 0.3925154570999159209, -0.5856045762247794606, 0.001000000000000000021 ) ) ;
#1500 = VERTEX_POINT ( 'NONE', #992 ) ;
#1501 = FILL_AREA_STYLE ('',( #2203 ) ) ;
#1502 = AXIS2_PLACEMENT_3D ( 'NONE', #2678, #4889, #5683 ) ;
#1503 =( NAMED_UNIT ( * ) SI_UNIT ( $, .STERADIAN. ) SOLID_ANGLE_UNIT ( ) );
#1504 = COLOUR_RGB ( '',0.000000000000000000, 0.000000000000000000, 0.000000000000000000 ) ;
#1505 = EDGE_CURVE ( 'NONE', #5069, #5530, #3127, .T. ) ;
#1506 = PRESENTATION_STYLE_ASSIGNMENT (( #475 ) ) ;
#1507 = VERTEX_POINT ( 'NONE', #7136 ) ;
#1508 = CARTESIAN_POINT ( 'NONE',  ( 0.3932935511389196725, -0.5723596228921552509, 0.000000000000000000 ) ) ;
#1509 = CARTESIAN_POINT ( 'NONE',  ( 0.3661478697659977799, -0.5865729455708171836, 0.000000000000000000 ) ) ;
#1510 = VERTEX_POINT ( 'NONE', #952 ) ;
#1511 = DIRECTION ( 'NONE',  ( 0.000000000000000000, 1.000000000000000000, 0.000000000000000000 ) ) ;
#1512 = VECTOR ( 'NONE', #4765, 1000.000000000000000 ) ;
#1513 = EDGE_CURVE ( 'NONE', #2035, #167, #3196, .T. ) ;
#1514 = VECTOR ( 'NONE', #806, 1000.000000000000000 ) ;
#1515 = CARTESIAN_POINT ( 'NONE',  ( 0.1904625761502943271, -0.5352278005897842528, 0.001000000000000000021 ) ) ;
#1516 = EDGE_CURVE ( 'NONE', #2343, #1905, #6102, .T. ) ;
#1517 = CARTESIAN_POINT ( 'NONE',  ( 0.4238825865918723901, -0.5486179057210359700, 0.000000000000000000 ) ) ;
#1518 = PLANE ( 'NONE',  #1364 ) ;
#1519 =( NAMED_UNIT ( * ) PLANE_ANGLE_UNIT ( ) SI_UNIT ( $, .RADIAN. ) );
#1520 = CARTESIAN_POINT ( 'NONE',  ( 0.1962585315022893073, -0.5589402527573333890, 0.001000000000000000021 ) ) ;
#1521 = MECHANICAL_DESIGN_GEOMETRIC_PRESENTATION_REPRESENTATION (  '', ( #2231 ), #1041 ) ;
#1522 = CARTESIAN_POINT ( 'NONE',  ( 0.2441211127356601451, -0.4971752091263696438, 0.001000000000000000021 ) ) ;
#1523 = SURFACE_STYLE_FILL_AREA ( #7142 ) ;
#1524 = CARTESIAN_POINT ( 'NONE',  ( 0.4026356039356868699, -0.4931252571186743872, 0.000000000000000000 ) ) ;
#1525 = SURFACE_SIDE_STYLE ('',( #5501 ) ) ;
#1526 = CYLINDRICAL_SURFACE ( 'NONE', #6916, 0.1199999999999999956 ) ;
#1527 = CARTESIAN_POINT ( 'NONE',  ( -1.000000000000000222, 0.1249999999999998890, 0.9799999999999999822 ) ) ;
#1528 = DIRECTION ( 'NONE',  ( 1.000000000000000000, 0.000000000000000000, 0.000000000000000000 ) ) ;
#1529 = CARTESIAN_POINT ( 'NONE',  ( 0.3962295991526613159, -0.5705463902090777140, 0.001000000000000000021 ) ) ;
#1530 = EDGE_CURVE ( 'NONE', #330, #2653, #3304, .T. ) ;
#1531 = PLANE ( 'NONE',  #2377 ) ;
#1532 = LINE ( 'NONE', #827, #6182 ) ;
#1533 = ORIENTED_EDGE ( 'NONE', *, *, #6341, .F. ) ;
#1534 = CARTESIAN_POINT ( 'NONE',  ( -0.6599999999999998090, 0.4949999999999998845, 0.1000000000000000056 ) ) ;
#1535 = EDGE_CURVE ( 'NONE', #3119, #1894, #1133, .T. ) ;
#1536 = VECTOR ( 'NONE', #5320, 1000.000000000000000 ) ;
#1537 = EDGE_LOOP ( 'NONE', ( #6469, #3655, #2651, #4178 ) ) ;
#1538 =( LENGTH_UNIT ( ) NAMED_UNIT ( * ) SI_UNIT ( .MILLI., .METRE. ) );
#1539 =( GEOMETRIC_REPRESENTATION_CONTEXT ( 3 ) GLOBAL_UNCERTAINTY_ASSIGNED_CONTEXT ( ( #115 ) ) GLOBAL_UNIT_ASSIGNED_CONTEXT ( ( #6543, #2714, #531 ) ) REPRESENTATION_CONTEXT ( 'NONE', 'WORKASPACE' ) );
#1540 = ORIENTED_EDGE ( 'NONE', *, *, #6052, .T. ) ;
#1541 = CARTESIAN_POINT ( 'NONE',  ( 0.4111122439210322943, -0.5415842800899547393, 0.001000000000000000021 ) ) ;
#1542 = EDGE_CURVE ( 'NONE', #3102, #6139, #1765, .T. ) ;
#1543 = CARTESIAN_POINT ( 'NONE',  ( 0.3763867182503496944, -0.5874033111843546262, 0.001000000000000000021 ) ) ;
#1544 = ORIENTED_EDGE ( 'NONE', *, *, #2546, .T. ) ;
#1545 = CARTESIAN_POINT ( 'NONE',  ( 0.2794869663941967897, -0.4971752091263696438, 0.001000000000000000021 ) ) ;
#1546 = CARTESIAN_POINT ( 'NONE',  ( 0.2039404725972004118, -0.5044465587911198812, 0.000000000000000000 ) ) ;
#1547 =( GEOMETRIC_REPRESENTATION_CONTEXT ( 3 ) GLOBAL_UNCERTAINTY_ASSIGNED_CONTEXT ( ( #4404 ) ) GLOBAL_UNIT_ASSIGNED_CONTEXT ( ( #2299, #521, #131 ) ) REPRESENTATION_CONTEXT ( 'NONE', 'WORKASPACE' ) );
#1548 = DIRECTION ( 'NONE',  ( 1.000000000000000000, 0.000000000000000000, -0.000000000000000000 ) ) ;
#1549 =( NAMED_UNIT ( * ) SI_UNIT ( $, .STERADIAN. ) SOLID_ANGLE_UNIT ( ) );
#1550 = CARTESIAN_POINT ( 'NONE',  ( 0.1185113566380991690, -0.4861995993702720176, 0.000000000000000000 ) ) ;
#1551 = CARTESIAN_POINT ( 'NONE',  ( -0.000000000000000000, -0.3750000000000001110, 0.000000000000000000 ) ) ;
#1552 = CARTESIAN_POINT ( 'NONE',  ( 0.1253330029795625966, -0.4983947213214915406, 0.000000000000000000 ) ) ;
#1553 =( GEOMETRIC_REPRESENTATION_CONTEXT ( 3 ) GLOBAL_UNCERTAINTY_ASSIGNED_CONTEXT ( ( #2599 ) ) GLOBAL_UNIT_ASSIGNED_CONTEXT ( ( #4776, #4890, #12 ) ) REPRESENTATION_CONTEXT ( 'NONE', 'WORKASPACE' ) );
#1554 = LINE ( 'NONE', #357, #2684 ) ;
#1555 = CARTESIAN_POINT ( 'NONE',  ( 1.000000000000000000, 0.6249999999999998890, 0.000000000000000000 ) ) ;
#1556 = CARTESIAN_POINT ( 'NONE',  ( 0.7800000000000009148, -0.3750000000000001110, -0.01000000000000000021 ) ) ;
#1557 = VECTOR ( 'NONE', #6661, 1000.000000000000000 ) ;
#1558 = FILL_AREA_STYLE_COLOUR ( '', #5173 ) ;
#1559 = CARTESIAN_POINT ( 'NONE',  ( 0.3842946468234111346, -0.4858093401534626099, 0.000000000000000000 ) ) ;
#1560 = LINE ( 'NONE', #3209, #1886 ) ;
#1561 = CARTESIAN_POINT ( 'NONE',  ( 0.3771702619440989168, -0.5764103920009081561, 0.001000000000000000021 ) ) ;
#1562 = STYLED_ITEM ( 'NONE', ( #4101 ), #4037 ) ;
#1563 = DIRECTION ( 'NONE',  ( 0.000000000000000000, -1.000000000000000000, 0.000000000000000000 ) ) ;
#1564 = VECTOR ( 'NONE', #4365, 1000.000000000000000 ) ;
#1565 = DIRECTION ( 'NONE',  ( 1.000000000000000000, 0.000000000000000000, 0.000000000000000000 ) ) ;
#1566 = VERTEX_POINT ( 'NONE', #3383 ) ;
#1567 = CARTESIAN_POINT ( 'NONE',  ( 0.1998356559150057388, -0.4935881224418607882, 0.000000000000000000 ) ) ;
#1568 = ORIENTED_EDGE ( 'NONE', *, *, #6401, .F. ) ;
#1569 = CARTESIAN_POINT ( 'NONE',  ( -1.010000000000000231, -0.3750000000000001110, -0.01000000000000000021 ) ) ;
#1570 = CARTESIAN_POINT ( 'NONE',  ( 0.2299252285893187142, -0.5752239896141745357, 0.000000000000000000 ) ) ;
#1571 = EDGE_CURVE ( 'NONE', #5124, #3928, #1723, .T. ) ;
#1572 = LINE ( 'NONE', #6509, #2580 ) ;
#1573 = SURFACE_STYLE_USAGE ( .BOTH. , #2277 ) ;
#1574 = SURFACE_STYLE_USAGE ( .BOTH. , #7190 ) ;
#1575 = ORIENTED_EDGE ( 'NONE', *, *, #6200, .T. ) ;
#1576 = CARTESIAN_POINT ( 'NONE',  ( 0.2550000000000000044, -0.3399999999999997469, -0.01000000000000000021 ) ) ;
#1577 = FILL_AREA_STYLE_COLOUR ( '', #7100 ) ;
#1578 =( LENGTH_UNIT ( ) NAMED_UNIT ( * ) SI_UNIT ( .MILLI., .METRE. ) );
#1579 =( NAMED_UNIT ( * ) SI_UNIT ( $, .STERADIAN. ) SOLID_ANGLE_UNIT ( ) );
#1580 = SURFACE_STYLE_FILL_AREA ( #4472 ) ;
#1581 = CARTESIAN_POINT ( 'NONE',  ( 0.4245653652681926626, -0.5361404811861215647, 0.001000000000000000021 ) ) ;
#1582 = PRESENTATION_STYLE_ASSIGNMENT (( #2160 ) ) ;
#1583 = CARTESIAN_POINT ( 'NONE',  ( 0.4136718725746709180, -0.5032948326515900295, 0.000000000000000000 ) ) ;
#1584 = LINE ( 'NONE', #2565, #370 ) ;
#1585 = AXIS2_PLACEMENT_3D ( 'NONE', #6127, #1125, #3374 ) ;
#1586 = FACE_OUTER_BOUND ( 'NONE', #5658, .T. ) ;
#1587 = EDGE_CURVE ( 'NONE', #4749, #5331, #4542, .T. ) ;
#1588 = PRESENTATION_LAYER_ASSIGNMENT (  '', '', ( #4639 ) ) ;
#1589 = PRESENTATION_LAYER_ASSIGNMENT (  '', '', ( #4393 ) ) ;
#1590 = CARTESIAN_POINT ( 'NONE',  ( 0.1241992050602268166, -0.5040971818394416326, 0.000000000000000000 ) ) ;
#1591 =( GEOMETRIC_REPRESENTATION_CONTEXT ( 3 ) GLOBAL_UNCERTAINTY_ASSIGNED_CONTEXT ( ( #768 ) ) GLOBAL_UNIT_ASSIGNED_CONTEXT ( ( #845, #882, #6410 ) ) REPRESENTATION_CONTEXT ( 'NONE', 'WORKASPACE' ) );
#1592 = FACE_OUTER_BOUND ( 'NONE', #6875, .T. ) ;
#1593 = EDGE_LOOP ( 'NONE', ( #3337, #2039, #1394, #191 ) ) ;
#1594 = CARTESIAN_POINT ( 'NONE',  ( 0.9999999999999997780, 0.7500000000000002220, 0.000000000000000000 ) ) ;
#1595 = ORIENTED_EDGE ( 'NONE', *, *, #849, .F. ) ;
#1596 =( LENGTH_UNIT ( ) NAMED_UNIT ( * ) SI_UNIT ( .MILLI., .METRE. ) );
#1597 = ORIENTED_EDGE ( 'NONE', *, *, #5043, .F. ) ;
#1598 = STYLED_ITEM ( 'NONE', ( #5452 ), #5807 ) ;
#1599 =( GEOMETRIC_REPRESENTATION_CONTEXT ( 3 ) GLOBAL_UNCERTAINTY_ASSIGNED_CONTEXT ( ( #5599 ) ) GLOBAL_UNIT_ASSIGNED_CONTEXT ( ( #2224, #1658, #4369 ) ) REPRESENTATION_CONTEXT ( 'NONE', 'WORKASPACE' ) );
#1600 = EDGE_LOOP ( 'NONE', ( #4213, #6231, #1680, #5424 ) ) ;
#1601 = LINE ( 'NONE', #6546, #692 ) ;
#1602 = LINE ( 'NONE', #1709, #5595 ) ;
#1603 = EDGE_LOOP ( 'NONE', ( #4137, #6175, #4072, #3545 ) ) ;
#1604 =( NAMED_UNIT ( * ) SI_UNIT ( $, .STERADIAN. ) SOLID_ANGLE_UNIT ( ) );
#1605 = EDGE_CURVE ( 'NONE', #4167, #4721, #3461, .T. ) ;
#1606 = MECHANICAL_DESIGN_GEOMETRIC_PRESENTATION_REPRESENTATION (  '', ( #3862 ), #2787 ) ;
#1607 = DIRECTION ( 'NONE',  ( 1.000000000000000000, 0.000000000000000000, 0.000000000000000000 ) ) ;
#1608 = PLANE ( 'NONE',  #2572 ) ;
#1609 = DIRECTION ( 'NONE',  ( -0.000000000000000000, -0.000000000000000000, -1.000000000000000000 ) ) ;
#1610 = LINE ( 'NONE', #2792, #4715 ) ;
#1611 = PLANE ( 'NONE',  #3436 ) ;
#1612 = CARTESIAN_POINT ( 'NONE',  ( 0.1918581295821872312, -0.5482039182634793617, 0.000000000000000000 ) ) ;
#1613 = ADVANCED_FACE ( 'NONE', ( #2250 ), #3426, .T. ) ;
#1614 = CARTESIAN_POINT ( 'NONE',  ( 0.9999999999999997780, 0.6249999999999998890, 0.9799999999999999822 ) ) ;
#1615 = VECTOR ( 'NONE', #4282, 1000.000000000000000 ) ;
#1616 = AXIS2_PLACEMENT_3D ( 'NONE', #263, #4610, #3613 ) ;
#1617 = CARTESIAN_POINT ( 'NONE',  ( -1.010000000000000231, -0.3750000000000001110, 0.1000000000000000056 ) ) ;
#1618 = DIRECTION ( 'NONE',  ( 1.000000000000000000, 0.000000000000000000, 0.000000000000000000 ) ) ;
#1619 = AXIS2_PLACEMENT_3D ( 'NONE', #6575, #981, #4319 ) ;
#1620 = STYLED_ITEM ( 'NONE', ( #2921 ), #252 ) ;
#1621 = CARTESIAN_POINT ( 'NONE',  ( 0.4136718725746709180, -0.5032948326515900295, 0.001000000000000000021 ) ) ;
#1622 = FILL_AREA_STYLE ('',( #6113 ) ) ;
#1623 = CARTESIAN_POINT ( 'NONE',  ( 0.7800000000000009148, 0.1249999999999998890, -0.01000000000000000021 ) ) ;
#1624 = ORIENTED_EDGE ( 'NONE', *, *, #4193, .T. ) ;
#1625 =( LENGTH_UNIT ( ) NAMED_UNIT ( * ) SI_UNIT ( .MILLI., .METRE. ) );
#1626 = CARTESIAN_POINT ( 'NONE',  ( 0.3868761071660521966, -0.5750256954996062486, 0.001000000000000000021 ) ) ;
#1627 = UNCERTAINTY_MEASURE_WITH_UNIT (LENGTH_MEASURE( 1.000000000000000082E-05 ), #353, 'distance_accuracy_value', 'NONE');
#1628 = EDGE_CURVE ( 'NONE', #3679, #6, #3911, .T. ) ;
#1629 = CARTESIAN_POINT ( 'NONE',  ( 0.2191931468073259615, -0.5853992541790034032, 0.000000000000000000 ) ) ;
#1630 = DIRECTION ( 'NONE',  ( -0.000000000000000000, -0.000000000000000000, -1.000000000000000000 ) ) ;
#1631 = VECTOR ( 'NONE', #3959, 1000.000000000000000 ) ;
#1632 =( NAMED_UNIT ( * ) PLANE_ANGLE_UNIT ( ) SI_UNIT ( $, .RADIAN. ) );
#1633 = CARTESIAN_POINT ( 'NONE',  ( 0.3673939253267216043, -0.4963273066951488510, 0.001000000000000000021 ) ) ;
#1634 = ORIENTED_EDGE ( 'NONE', *, *, #2800, .F. ) ;
#1635 = DIRECTION ( 'NONE',  ( 0.000000000000000000, 0.000000000000000000, 1.000000000000000000 ) ) ;
#1636 = ORIENTED_EDGE ( 'NONE', *, *, #4033, .T. ) ;
#1637 = SURFACE_STYLE_FILL_AREA ( #3823 ) ;
#1638 = DIRECTION ( 'NONE',  ( 0.000000000000000000, 0.000000000000000000, -1.000000000000000000 ) ) ;
#1639 = MECHANICAL_DESIGN_GEOMETRIC_PRESENTATION_REPRESENTATION (  '', ( #5144 ), #4912 ) ;
#1640 = ADVANCED_FACE ( 'NONE', ( #5081 ), #4466, .F. ) ;
#1641 = EDGE_CURVE ( 'NONE', #2881, #1833, #4042, .T. ) ;
#1642 = ORIENTED_EDGE ( 'NONE', *, *, #549, .F. ) ;
#1643 =( LENGTH_UNIT ( ) NAMED_UNIT ( * ) SI_UNIT ( .MILLI., .METRE. ) );
#1644 =( NAMED_UNIT ( * ) PLANE_ANGLE_UNIT ( ) SI_UNIT ( $, .RADIAN. ) );
#1645 = FILL_AREA_STYLE_COLOUR ( '', #3273 ) ;
#1646 = VERTEX_POINT ( 'NONE', #4081 ) ;
#1647 = ORIENTED_EDGE ( 'NONE', *, *, #5402, .T. ) ;
#1648 = CARTESIAN_POINT ( 'NONE',  ( -0.6600000000000001421, 0.6249999999999998890, 0.1000000000000000056 ) ) ;
#1649 = SURFACE_SIDE_STYLE ('',( #6177 ) ) ;
#1650 = AXIS2_PLACEMENT_3D ( 'NONE', #2646, #5906, #6593 ) ;
#1651 = CARTESIAN_POINT ( 'NONE',  ( 1.010000000000000009, 0.6249999999999998890, 0.1000000000000000056 ) ) ;
#1652 = CARTESIAN_POINT ( 'NONE',  ( 0.4843650151746846100, -0.4861995993702720176, 0.001000000000000000021 ) ) ;
#1653 = UNCERTAINTY_MEASURE_WITH_UNIT (LENGTH_MEASURE( 1.000000000000000082E-05 ), #2815, 'distance_accuracy_value', 'NONE');
#1654 = AXIS2_PLACEMENT_3D ( 'NONE', #4599, #3405, #2305 ) ;
#1655 = LINE ( 'NONE', #3912, #5768 ) ;
#1656 = SURFACE_STYLE_FILL_AREA ( #2729 ) ;
#1657 = MECHANICAL_DESIGN_GEOMETRIC_PRESENTATION_REPRESENTATION (  '', ( #6792 ), #3785 ) ;
#1658 =( NAMED_UNIT ( * ) PLANE_ANGLE_UNIT ( ) SI_UNIT ( $, .RADIAN. ) );
#1659 = EDGE_CURVE ( 'NONE', #5085, #3382, #3543, .T. ) ;
#1660 = FACE_OUTER_BOUND ( 'NONE', #4482, .T. ) ;
#1661 =( NAMED_UNIT ( * ) PLANE_ANGLE_UNIT ( ) SI_UNIT ( $, .RADIAN. ) );
#1662 = DIRECTION ( 'NONE',  ( -0.000000000000000000, 0.000000000000000000, 1.000000000000000000 ) ) ;
#1663 = DIRECTION ( 'NONE',  ( 0.000000000000000000, -0.000000000000000000, 1.000000000000000000 ) ) ;
#1664 = CARTESIAN_POINT ( 'NONE',  ( -1.010000000000000009, 0.6249999999999998890, 0.1000000000000000056 ) ) ;
#1665 = COLOUR_RGB ( '',1.000000000000000000, 1.000000000000000000, 1.000000000000000000 ) ;
#1666 = DIRECTION ( 'NONE',  ( 1.000000000000000000, -0.000000000000000000, -0.000000000000000000 ) ) ;
#1667 = CARTESIAN_POINT ( 'NONE',  ( 0.3703188957543319670, -0.4850046926251788681, 0.001000000000000000021 ) ) ;
#1668 = CARTESIAN_POINT ( 'NONE',  ( 0.4110922129393423385, -0.5327141898929043107, 0.000000000000000000 ) ) ;
#1669 = LINE ( 'NONE', #142, #2955 ) ;
#1671 = ORIENTED_EDGE ( 'NONE', *, *, #6030, .F. ) ;
#1670 = AXIS2_PLACEMENT_3D ( 'NONE', #5529, #1060, #3384 ) ;
#1672 = LINE ( 'NONE', #144, #1007 ) ;
#1673 = MECHANICAL_DESIGN_GEOMETRIC_PRESENTATION_REPRESENTATION (  '', ( #4845 ), #3451 ) ;
#1674 = PRESENTATION_STYLE_ASSIGNMENT (( #505 ) ) ;
#1675 = ORIENTED_EDGE ( 'NONE', *, *, #6164, .F. ) ;
#1676 = SURFACE_SIDE_STYLE ('',( #4383 ) ) ;
#1677 = ORIENTED_EDGE ( 'NONE', *, *, #2694, .F. ) ;
#1678 = VECTOR ( 'NONE', #1888, 1000.000000000000000 ) ;
#1679 = CARTESIAN_POINT ( 'NONE',  ( -0.3750000000000000000, 0.7500000000000002220, 0.000000000000000000 ) ) ;
#1680 = ORIENTED_EDGE ( 'NONE', *, *, #437, .F. ) ;
#1681 = FILL_AREA_STYLE ('',( #1098 ) ) ;
#1682 = DIRECTION ( 'NONE',  ( -1.000000000000000000, 0.000000000000000000, 0.000000000000000000 ) ) ;
#1683 =( NAMED_UNIT ( * ) SI_UNIT ( $, .STERADIAN. ) SOLID_ANGLE_UNIT ( ) );
#1684 = CARTESIAN_POINT ( 'NONE',  ( 0.2254790785777219531, -0.5751278791715334071, 0.001000000000000000021 ) ) ;
#1685 = EDGE_CURVE ( 'NONE', #4960, #3969, #1278, .T. ) ;
#1686 = CARTESIAN_POINT ( 'NONE',  ( 0.4843650151746846100, -0.5861995993702721064, 0.001000000000000000021 ) ) ;
#1687 = CARTESIAN_POINT ( 'NONE',  ( 0.3749920550196721436, -0.4959848305398453228, 0.001000000000000000021 ) ) ;
#1688 = CARTESIAN_POINT ( 'NONE',  ( -0.6600000000000001421, 0.6249999999999998890, -0.01000000000000000021 ) ) ;
#1689 = FACE_OUTER_BOUND ( 'NONE', #2269, .T. ) ;
#1690 = DIRECTION ( 'NONE',  ( 0.000000000000000000, 1.000000000000000000, 0.000000000000000000 ) ) ;
#1691 = DIRECTION ( 'NONE',  ( -0.000000000000000000, -0.000000000000000000, 1.000000000000000000 ) ) ;
#1692 = PRESENTATION_STYLE_ASSIGNMENT (( #6229 ) ) ;
#1693 = DIRECTION ( 'NONE',  ( 0.000000000000000000, 1.000000000000000000, 0.000000000000000000 ) ) ;
#1694 =( GEOMETRIC_REPRESENTATION_CONTEXT ( 3 ) GLOBAL_UNCERTAINTY_ASSIGNED_CONTEXT ( ( #6383 ) ) GLOBAL_UNIT_ASSIGNED_CONTEXT ( ( #6867, #5153, #696 ) ) REPRESENTATION_CONTEXT ( 'NONE', 'WORKASPACE' ) );
#1695 = UNCERTAINTY_MEASURE_WITH_UNIT (LENGTH_MEASURE( 1.000000000000000082E-05 ), #555, 'distance_accuracy_value', 'NONE');
#1696 = CARTESIAN_POINT ( 'NONE',  ( 0.1884054875627858561, -0.5686321363318865840, 0.000000000000000000 ) ) ;
#1697 = EDGE_LOOP ( 'NONE', ( #3514, #6569, #5727, #2624 ) ) ;
#1698 = DIRECTION ( 'NONE',  ( 0.000000000000000000, 0.000000000000000000, -1.000000000000000000 ) ) ;
#1699 = CARTESIAN_POINT ( 'NONE',  ( 0.3502186737112700232, -0.4889435018092966323, 0.001000000000000000021 ) ) ;
#1700 = AXIS2_PLACEMENT_3D ( 'NONE', #634, #1662, #2911 ) ;
#1701 = DIRECTION ( 'NONE',  ( 1.000000000000000000, 0.000000000000000000, 0.000000000000000000 ) ) ;
#1702 = AXIS2_PLACEMENT_3D ( 'NONE', #3669, #2320, #315 ) ;
#1703 = LINE ( 'NONE', #3895, #4367 ) ;
#1704 =( NAMED_UNIT ( * ) SI_UNIT ( $, .STERADIAN. ) SOLID_ANGLE_UNIT ( ) );
#1705 = ORIENTED_EDGE ( 'NONE', *, *, #4861, .T. ) ;
#1706 =( GEOMETRIC_REPRESENTATION_CONTEXT ( 3 ) GLOBAL_UNCERTAINTY_ASSIGNED_CONTEXT ( ( #246 ) ) GLOBAL_UNIT_ASSIGNED_CONTEXT ( ( #6356, #1349, #5194 ) ) REPRESENTATION_CONTEXT ( 'NONE', 'WORKASPACE' ) );
#1707 = EDGE_LOOP ( 'NONE', ( #6616, #2820, #5559, #6477 ) ) ;
#1708 =( GEOMETRIC_REPRESENTATION_CONTEXT ( 3 ) GLOBAL_UNCERTAINTY_ASSIGNED_CONTEXT ( ( #3876 ) ) GLOBAL_UNIT_ASSIGNED_CONTEXT ( ( #7187, #5623, #6169 ) ) REPRESENTATION_CONTEXT ( 'NONE', 'WORKASPACE' ) );
#1709 = CARTESIAN_POINT ( 'NONE',  ( 0.2449999999999999956, -0.3399999999999997469, 0.1000000000000000056 ) ) ;
#1710 = VERTEX_POINT ( 'NONE', #6397 ) ;
#1711 = MECHANICAL_DESIGN_GEOMETRIC_PRESENTATION_REPRESENTATION (  '', ( #6373 ), #4292 ) ;
#1712 = ORIENTED_EDGE ( 'NONE', *, *, #3730, .F. ) ;
#1713 = COLOUR_RGB ( '',1.000000000000000000, 1.000000000000000000, 1.000000000000000000 ) ;
#1714 = DIRECTION ( 'NONE',  ( 0.000000000000000000, 0.000000000000000000, -1.000000000000000000 ) ) ;
#1715 = ORIENTED_EDGE ( 'NONE', *, *, #664, .T. ) ;
#1716 = EDGE_CURVE ( 'NONE', #4108, #432, #6325, .T. ) ;
#1717 = ADVANCED_FACE ( 'NONE', ( #1312 ), #795, .T. ) ;
#1718 = AXIS2_PLACEMENT_3D ( 'NONE', #7128, #6170, #4354 ) ;
#1719 = DIRECTION ( 'NONE',  ( -0.000000000000000000, -0.000000000000000000, -1.000000000000000000 ) ) ;
#1720 = LINE ( 'NONE', #2180, #4417 ) ;
#1721 =( GEOMETRIC_REPRESENTATION_CONTEXT ( 3 ) GLOBAL_UNCERTAINTY_ASSIGNED_CONTEXT ( ( #1879 ) ) GLOBAL_UNIT_ASSIGNED_CONTEXT ( ( #1256, #1812, #6927 ) ) REPRESENTATION_CONTEXT ( 'NONE', 'WORKASPACE' ) );
#1722 = ORIENTED_EDGE ( 'NONE', *, *, #1781, .F. ) ;
#1723 = LINE ( 'NONE', #1652, #7213 ) ;
#1724 = UNCERTAINTY_MEASURE_WITH_UNIT (LENGTH_MEASURE( 1.000000000000000082E-05 ), #5536, 'distance_accuracy_value', 'NONE');
#1725 = DIRECTION ( 'NONE',  ( 0.000000000000000000, 1.000000000000000000, 0.000000000000000000 ) ) ;
#1726 = ORIENTED_EDGE ( 'NONE', *, *, #6937, .F. ) ;
#1727 = FILL_AREA_STYLE_COLOUR ( '', #777 ) ;
#1728 = CARTESIAN_POINT ( 'NONE',  ( 0.2550000000000000044, -0.3399999999999998024, -0.01000000000000000021 ) ) ;
#1729 = VECTOR ( 'NONE', #4847, 1000.000000000000000 ) ;
#1730 = EDGE_CURVE ( 'NONE', #6282, #7183, #1431, .T. ) ;
#1731 = DIRECTION ( 'NONE',  ( -1.000000000000000000, 0.000000000000000000, -0.000000000000000000 ) ) ;
#1732 = SURFACE_STYLE_USAGE ( .BOTH. , #3467 ) ;
#1733 = SURFACE_STYLE_USAGE ( .BOTH. , #2908 ) ;
#1734 = LINE ( 'NONE', #4440, #5287 ) ;
#1735 = MECHANICAL_DESIGN_GEOMETRIC_PRESENTATION_REPRESENTATION (  '', ( #6865 ), #222 ) ;
#1736 = FILL_AREA_STYLE ('',( #2297 ) ) ;
#1737 = SURFACE_SIDE_STYLE ('',( #3398 ) ) ;
#1738 = CARTESIAN_POINT ( 'NONE',  ( 0.2819259907844406388, -0.5410776481507598712, 0.001000000000000000021 ) ) ;
#1739 = ORIENTED_EDGE ( 'NONE', *, *, #5535, .T. ) ;
#1740 = PRESENTATION_LAYER_ASSIGNMENT (  '', '', ( #1385 ) ) ;
#1741 = VECTOR ( 'NONE', #5675, 1000.000000000000000 ) ;
#1742 = STYLED_ITEM ( 'NONE', ( #6675 ), #241 ) ;
#1743 = SURFACE_SIDE_STYLE ('',( #3925 ) ) ;
#1744 = ORIENTED_EDGE ( 'NONE', *, *, #860, .T. ) ;
#1745 = FACE_OUTER_BOUND ( 'NONE', #2886, .T. ) ;
#1746 = PRESENTATION_STYLE_ASSIGNMENT (( #5731 ) ) ;
#1747 = VERTEX_POINT ( 'NONE', #871 ) ;
#1748 = CARTESIAN_POINT ( 'NONE',  ( 0.4085917715648227921, -0.5770921134461473034, 0.001000000000000000021 ) ) ;
#1749 = EDGE_CURVE ( 'NONE', #6752, #330, #5341, .T. ) ;
#1750 = EDGE_LOOP ( 'NONE', ( #7155, #6249, #105, #635 ) ) ;
#1751 = PRESENTATION_LAYER_ASSIGNMENT (  '', '', ( #4677 ) ) ;
#1752 = ORIENTED_EDGE ( 'NONE', *, *, #7023, .T. ) ;
#1753 = CARTESIAN_POINT ( 'NONE',  ( 0.1185113566380991690, -0.4861995993702720176, 0.001000000000000000021 ) ) ;
#1754 = SURFACE_SIDE_STYLE ('',( #3534 ) ) ;
#1755 = ADVANCED_FACE ( 'NONE', ( #4249 ), #3149, .T. ) ;
#1756 = ORIENTED_EDGE ( 'NONE', *, *, #1872, .F. ) ;
#1757 = MECHANICAL_DESIGN_GEOMETRIC_PRESENTATION_REPRESENTATION (  '', ( #5957 ), #4104 ) ;
#1758 = ORIENTED_EDGE ( 'NONE', *, *, #3271, .T. ) ;
#1759 = SURFACE_STYLE_FILL_AREA ( #2854 ) ;
#1760 = CARTESIAN_POINT ( 'NONE',  ( 0.1806675179414819477, -0.5558892585848453916, 0.000000000000000000 ) ) ;
#1761 = EDGE_CURVE ( 'NONE', #1767, #685, #5922, .T. ) ;
#1762 = DIRECTION ( 'NONE',  ( 0.000000000000000000, 1.000000000000000000, 0.000000000000000000 ) ) ;
#1763 = CARTESIAN_POINT ( 'NONE',  ( 0.3661478697659977799, -0.5865729455708171836, 0.001000000000000000021 ) ) ;
#1764 = ORIENTED_EDGE ( 'NONE', *, *, #5265, .T. ) ;
#1765 = LINE ( 'NONE', #6220, #4901 ) ;
#1766 = EDGE_CURVE ( 'NONE', #4349, #3460, #3721, .T. ) ;
#1767 = VERTEX_POINT ( 'NONE', #1874 ) ;
#1768 =( NAMED_UNIT ( * ) PLANE_ANGLE_UNIT ( ) SI_UNIT ( $, .RADIAN. ) );
#1769 = AXIS2_PLACEMENT_3D ( 'NONE', #1106, #4478, #5058 ) ;
#1770 = SURFACE_SIDE_STYLE ('',( #5021 ) ) ;
#1771 = VECTOR ( 'NONE', #699, 1000.000000000000227 ) ;
#1772 = DIRECTION ( 'NONE',  ( 0.000000000000000000, 0.000000000000000000, -1.000000000000000000 ) ) ;
#1773 = CARTESIAN_POINT ( 'NONE',  ( 0.3794698237688591269, -0.5873803958569089323, 0.000000000000000000 ) ) ;
#1774 = CARTESIAN_POINT ( 'NONE',  ( 0.3556554558226934781, -0.4995303983089320332, 0.000000000000000000 ) ) ;
#1775 = PRESENTATION_STYLE_ASSIGNMENT (( #4443 ) ) ;
#1776 = LINE ( 'NONE', #91, #2256 ) ;
#1777 = ORIENTED_EDGE ( 'NONE', *, *, #4016, .T. ) ;
#1778 = STYLED_ITEM ( 'NONE', ( #4102 ), #2726 ) ;
#1779 = VERTEX_POINT ( 'NONE', #4245 ) ;
#1780 = CARTESIAN_POINT ( 'NONE',  ( 0.1827667265525063645, -0.5604326261197909442, 0.001000000000000000021 ) ) ;
#1781 = EDGE_CURVE ( 'NONE', #3217, #2371, #7016, .T. ) ;
#1782 = AXIS2_PLACEMENT_3D ( 'NONE', #1037, #3284, #398 ) ;
#1783 = CARTESIAN_POINT ( 'NONE',  ( 0.3172918444429772555, -0.5410776481507598712, 0.001000000000000000021 ) ) ;
#1784 = DIRECTION ( 'NONE',  ( 1.000000000000000000, 0.000000000000000000, 0.000000000000000000 ) ) ;
#1785 = ORIENTED_EDGE ( 'NONE', *, *, #5900, .T. ) ;
#1786 = ORIENTED_EDGE ( 'NONE', *, *, #3776, .T. ) ;
#1787 = SURFACE_STYLE_USAGE ( .BOTH. , #5663 ) ;
#1788 = AXIS2_PLACEMENT_3D ( 'NONE', #2772, #2271, #527 ) ;
#1789 = ADVANCED_FACE ( 'NONE', ( #4722 ), #4207, .T. ) ;
#1790 = LINE ( 'NONE', #757, #2806 ) ;
#1791 = ORIENTED_EDGE ( 'NONE', *, *, #2816, .F. ) ;
#1792 = MECHANICAL_DESIGN_GEOMETRIC_PRESENTATION_REPRESENTATION (  '', ( #4362 ), #160 ) ;
#1793 = ORIENTED_EDGE ( 'NONE', *, *, #2925, .F. ) ;
#1794 = LINE ( 'NONE', #5741, #2099 ) ;
#1795 = SURFACE_STYLE_USAGE ( .BOTH. , #6321 ) ;
#1796 = VECTOR ( 'NONE', #4884, 1000.000000000000000 ) ;
#1797 = CARTESIAN_POINT ( 'NONE',  ( 0.1185113566380991690, -0.4861995993702720176, 0.001000000000000000021 ) ) ;
#1798 =( GEOMETRIC_REPRESENTATION_CONTEXT ( 3 ) GLOBAL_UNCERTAINTY_ASSIGNED_CONTEXT ( ( #2976 ) ) GLOBAL_UNIT_ASSIGNED_CONTEXT ( ( #5494, #5017, #1683 ) ) REPRESENTATION_CONTEXT ( 'NONE', 'WORKASPACE' ) );
#1799 = ORIENTED_EDGE ( 'NONE', *, *, #1085, .T. ) ;
#1800 = UNCERTAINTY_MEASURE_WITH_UNIT (LENGTH_MEASURE( 1.000000000000000082E-05 ), #4233, 'distance_accuracy_value', 'NONE');
#1801 = ORIENTED_EDGE ( 'NONE', *, *, #4729, .F. ) ;
#1802 = DIRECTION ( 'NONE',  ( -0.7071067811865482389, -0.7071067811865469066, 0.000000000000000000 ) ) ;
#1803 = CARTESIAN_POINT ( 'NONE',  ( 0.2101691899950891562, -0.5008442177408949370, 0.000000000000000000 ) ) ;
#1804 = CARTESIAN_POINT ( 'NONE',  ( 0.4007896885180974311, -0.5070930892206888529, 0.000000000000000000 ) ) ;
#1805 = CARTESIAN_POINT ( 'NONE',  ( 1.010000000000000009, 0.3749999999999998890, 0.1000000000000000056 ) ) ;
#1806 = CARTESIAN_POINT ( 'NONE',  ( 0.4049996726976652917, -0.5798895679841798989, 0.001000000000000000021 ) ) ;
#1807 = CARTESIAN_POINT ( 'NONE',  ( 0.3528747126613135943, -0.5008147772515417762, 0.000000000000000000 ) ) ;
#1808 = EDGE_LOOP ( 'NONE', ( #3789, #6571, #1752, #2018, #6812, #7019, #1915, #4242, #1152, #2996, #5221, #4832, #6046, #6770, #6153, #3964 ) ) ;
#1809 = CARTESIAN_POINT ( 'NONE',  ( 0.3725819058622789059, -0.4959716509908816406, -0.000000000000000000 ) ) ;
#1810 = CARTESIAN_POINT ( 'NONE',  ( 0.000000000000000000, -0.1250000000000001110, 0.000000000000000000 ) ) ;
#1811 = EDGE_LOOP ( 'NONE', ( #4312, #6729, #5673, #4408 ) ) ;
#1812 =( NAMED_UNIT ( * ) PLANE_ANGLE_UNIT ( ) SI_UNIT ( $, .RADIAN. ) );
#1813 = VERTEX_POINT ( 'NONE', #5260 ) ;
#1814 = FACE_OUTER_BOUND ( 'NONE', #2812, .T. ) ;
#1815 =( NAMED_UNIT ( * ) PLANE_ANGLE_UNIT ( ) SI_UNIT ( $, .RADIAN. ) );
#1816 = CARTESIAN_POINT ( 'NONE',  ( 0.7800000000000001377, -0.4950000000000001066, 0.1000000000000000056 ) ) ;
#1817 = ADVANCED_FACE ( 'NONE', ( #261 ), #6941, .T. ) ;
#1818 = EDGE_LOOP ( 'NONE', ( #658, #2532, #301, #1544 ) ) ;
#1819 = STYLED_ITEM ( 'NONE', ( #4368 ), #5169 ) ;
#1820 = SURFACE_SIDE_STYLE ('',( #6126 ) ) ;
#1821 = DIRECTION ( 'NONE',  ( 0.3363908276654493101, -0.9417224702971433992, 0.000000000000000000 ) ) ;
#1822 = DIRECTION ( 'NONE',  ( -1.000000000000000000, 0.000000000000000000, 0.000000000000000000 ) ) ;
#1823 = ORIENTED_EDGE ( 'NONE', *, *, #3026, .F. ) ;
#1824 = VERTEX_POINT ( 'NONE', #2691 ) ;
#1825 = LINE ( 'NONE', #651, #434 ) ;
#1826 = COLOUR_RGB ( '',0.000000000000000000, 0.000000000000000000, 0.000000000000000000 ) ;
#1827 = CARTESIAN_POINT ( 'NONE',  ( -0.3750000000000000000, 0.7600000000000002309, -0.01000000000000000021 ) ) ;
#1828 = MANIFOLD_SOLID_BREP ( 'ÇÐ³ý-À­Éì2', #5650 ) ;
#1829 = PRESENTATION_LAYER_ASSIGNMENT (  '', '', ( #2312 ) ) ;
#1830 = DIRECTION ( 'NONE',  ( -0.000000000000000000, 1.000000000000000000, -0.000000000000000000 ) ) ;
#1831 = DIRECTION ( 'NONE',  ( 0.000000000000000000, 0.000000000000000000, -1.000000000000000000 ) ) ;
#1832 = STYLED_ITEM ( 'NONE', ( #5895 ), #4665 ) ;
#1833 = VERTEX_POINT ( 'NONE', #6610 ) ;
#1834 = SURFACE_STYLE_FILL_AREA ( #6909 ) ;
#1835 = CARTESIAN_POINT ( 'NONE',  ( 0.1319259907844406166, -0.4861995993702720176, 0.001000000000000000021 ) ) ;
#1836 = VECTOR ( 'NONE', #6086, 1000.000000000000000 ) ;
#1837 = ORIENTED_EDGE ( 'NONE', *, *, #3578, .F. ) ;
#1838 = FILL_AREA_STYLE ('',( #4086 ) ) ;
#1839 = DIRECTION ( 'NONE',  ( 0.7071067811865482389, 0.7071067811865469066, 0.000000000000000000 ) ) ;
#1840 = AXIS2_PLACEMENT_3D ( 'NONE', #1084, #2716, #3861 ) ;
#1841 = STYLED_ITEM ( 'NONE', ( #1246 ), #983 ) ;
#1842 = CARTESIAN_POINT ( 'NONE',  ( 0.2293726371259040553, -0.4971752091263696438, 0.000000000000000000 ) ) ;
#1843 = DIRECTION ( 'NONE',  ( -1.000000000000000000, 0.000000000000000000, 0.000000000000000000 ) ) ;
#1844 =( NAMED_UNIT ( * ) SI_UNIT ( $, .STERADIAN. ) SOLID_ANGLE_UNIT ( ) );
#1845 = EDGE_CURVE ( 'NONE', #4579, #6832, #1572, .T. ) ;
#1846 = CARTESIAN_POINT ( 'NONE',  ( 0.4149091045274900247, -0.5704203536367586924, 0.000000000000000000 ) ) ;
#1847 = DIRECTION ( 'NONE',  ( 0.000000000000000000, 1.000000000000000000, 0.000000000000000000 ) ) ;
#1848 = ORIENTED_EDGE ( 'NONE', *, *, #4659, .T. ) ;
#1849 =( NAMED_UNIT ( * ) SI_UNIT ( $, .STERADIAN. ) SOLID_ANGLE_UNIT ( ) );
#1850 =( NAMED_UNIT ( * ) SI_UNIT ( $, .STERADIAN. ) SOLID_ANGLE_UNIT ( ) );
#1851 = LINE ( 'NONE', #310, #2494 ) ;
#1852 = EDGE_LOOP ( 'NONE', ( #256, #2290, #2042, #5953 ) ) ;
#1853 = SURFACE_STYLE_FILL_AREA ( #3558 ) ;
#1854 = ORIENTED_EDGE ( 'NONE', *, *, #3026, .T. ) ;
#1855 = VECTOR ( 'NONE', #5348, 1000.000000000000000 ) ;
#1856 = CARTESIAN_POINT ( 'NONE',  ( -1.010000000000000231, -0.3750000000000001110, 0.1000000000000000056 ) ) ;
#1857 = DIRECTION ( 'NONE',  ( -0.000000000000000000, 0.000000000000000000, -1.000000000000000000 ) ) ;
#1858 =( LENGTH_UNIT ( ) NAMED_UNIT ( * ) SI_UNIT ( .MILLI., .METRE. ) );
#1859 = EDGE_CURVE ( 'NONE', #1452, #6301, #6049, .T. ) ;
#1860 = VECTOR ( 'NONE', #4588, 1000.000000000000000 ) ;
#1861 = LINE ( 'NONE', #1453, #4120 ) ;
#1862 = EDGE_LOOP ( 'NONE', ( #5030, #2406, #5920, #7057 ) ) ;
#1863 = SURFACE_STYLE_FILL_AREA ( #6863 ) ;
#1864 = B_SPLINE_CURVE_WITH_KNOTS ( 'NONE', 3,
 ( #1480, #2672, #4813, #6526, #6485, #3743, #5937, #925, #5398, #3167, #389, #1520, #5435, #3775, #5972, #3202, #7012, #5376, #2408 ),
 .UNSPECIFIED., .F., .F.,
 ( 4, 1, 1, 1, 1, 1, 1, 1, 1, 1, 1, 1, 1, 1, 1, 1, 4 ),
 ( 0.000000000000000000, 0.07082657255516335015, 0.1381690332797999576, 0.2024753315338420068, 0.2639737544135196123, 0.3233803205980372297, 0.3817976227131847367, 0.4393900745193887181, 0.4969027245459969322, 0.5546621696093696485, 0.6127418784921965234, 0.6715388363911721781, 0.7316557220901982461, 0.7942978116139520761, 0.8594822049793571228, 0.9276813254527892516, 1.000000000000000000 ),
 .UNSPECIFIED. ) ;
#1865 = SURFACE_STYLE_FILL_AREA ( #2014 ) ;
#1866 =( LENGTH_UNIT ( ) NAMED_UNIT ( * ) SI_UNIT ( .MILLI., .METRE. ) );
#1867 = VECTOR ( 'NONE', #5419, 1000.000000000000000 ) ;
#1868 = PRESENTATION_LAYER_ASSIGNMENT (  '', '', ( #3524 ) ) ;
#1869 = EDGE_LOOP ( 'NONE', ( #2918, #5519, #1777, #596 ) ) ;
#1870 = CARTESIAN_POINT ( 'NONE',  ( 0.4026356039356868699, -0.4931252571186743872, 0.001000000000000000021 ) ) ;
#1871 = SURFACE_STYLE_FILL_AREA ( #3004 ) ;
#1872 = EDGE_CURVE ( 'NONE', #2238, #4721, #2143, .T. ) ;
#1873 = VECTOR ( 'NONE', #5251, 1000.000000000000000 ) ;
#1874 = CARTESIAN_POINT ( 'NONE',  ( -0.7800000000000010258, -0.6250000000000001110, -0.01000000000000000021 ) ) ;
#1875 = FACE_OUTER_BOUND ( 'NONE', #1167, .T. ) ;
#1876 = AXIS2_PLACEMENT_3D ( 'NONE', #1783, #4631, #720 ) ;
#1877 = CARTESIAN_POINT ( 'NONE',  ( 0.1918581295821872312, -0.5482039182634793617, 0.000000000000000000 ) ) ;
#1878 = CARTESIAN_POINT ( 'NONE',  ( 0.2087434681003543790, -0.4894329508148206886, 0.001000000000000000021 ) ) ;
#1879 = UNCERTAINTY_MEASURE_WITH_UNIT (LENGTH_MEASURE( 1.000000000000000082E-05 ), #1256, 'distance_accuracy_value', 'NONE');
#1880 = ORIENTED_EDGE ( 'NONE', *, *, #1396, .T. ) ;
#1881 = CARTESIAN_POINT ( 'NONE',  ( 0.4331455029795626133, -0.5861995993702721064, 0.001000000000000000021 ) ) ;
#1882 = CARTESIAN_POINT ( 'NONE',  ( 0.2770479420039528295, -0.5861995993702721064, 0.001000000000000000021 ) ) ;
#1883 = CARTESIAN_POINT ( 'NONE',  ( 0.3777339176137089471, -0.5874191115653940587, 0.000000000000000000 ) ) ;
#1884 = UNCERTAINTY_MEASURE_WITH_UNIT (LENGTH_MEASURE( 1.000000000000000082E-05 ), #1301, 'distance_accuracy_value', 'NONE');
#1885 = CARTESIAN_POINT ( 'NONE',  ( -0.2449999999999999956, -0.07999999999999977962, 0.1000000000000000056 ) ) ;
#1886 = VECTOR ( 'NONE', #4821, 1000.000000000000000 ) ;
#1887 =( NAMED_UNIT ( * ) PLANE_ANGLE_UNIT ( ) SI_UNIT ( $, .RADIAN. ) );
#1888 = DIRECTION ( 'NONE',  ( 1.000000000000000000, 0.000000000000000000, 0.000000000000000000 ) ) ;
#1889 = CARTESIAN_POINT ( 'NONE',  ( 0.1697308688332211102, -0.5861995993702721064, 0.000000000000000000 ) ) ;
#1890 = SURFACE_STYLE_FILL_AREA ( #4736 ) ;
#1891 = CARTESIAN_POINT ( 'NONE',  ( -1.000000000000000000, -0.7499999999999997780, 0.9799999999999999822 ) ) ;
#1892 = VECTOR ( 'NONE', #1762, 1000.000000000000000 ) ;
#1893 = EDGE_CURVE ( 'NONE', #3956, #4579, #5517, .T. ) ;
#1894 = VERTEX_POINT ( 'NONE', #3218 ) ;
#1895 = DIRECTION ( 'NONE',  ( 1.445602896647339163E-16, -1.000000000000000000, 0.000000000000000000 ) ) ;
#1896 = CARTESIAN_POINT ( 'NONE',  ( -1.000000000000000222, 0.7500000000000002220, 0.000000000000000000 ) ) ;
#1897 = VECTOR ( 'NONE', #6606, 1000.000000000000000 ) ;
#1898 = CARTESIAN_POINT ( 'NONE',  ( 0.3502186737112699677, -0.4889435018092965213, 0.001000000000000000021 ) ) ;
#1899 = ORIENTED_EDGE ( 'NONE', *, *, #4360, .T. ) ;
#1900 = EDGE_LOOP ( 'NONE', ( #1414, #6826, #1744, #5218 ) ) ;
#1901 = COLOUR_RGB ( '',1.000000000000000000, 1.000000000000000000, 1.000000000000000000 ) ;
#1902 = SURFACE_STYLE_USAGE ( .BOTH. , #1379 ) ;
#1903 = EDGE_LOOP ( 'NONE', ( #4034, #1187, #5357, #1950 ) ) ;
#1904 = DIRECTION ( 'NONE',  ( 0.000000000000000000, 1.000000000000000000, 0.000000000000000000 ) ) ;
#1905 = VERTEX_POINT ( 'NONE', #1086 ) ;
#1906 = DIRECTION ( 'NONE',  ( 0.000000000000000000, 0.000000000000000000, -1.000000000000000000 ) ) ;
#1907 = STYLED_ITEM ( 'NONE', ( #1974 ), #3235 ) ;
#1908 = PRESENTATION_STYLE_ASSIGNMENT (( #1795 ) ) ;
#1909 = CARTESIAN_POINT ( 'NONE',  ( 0.7800000000000001377, 0.004999999999999890817, -0.01000000000000000021 ) ) ;
#1910 = ORIENTED_EDGE ( 'NONE', *, *, #5103, .T. ) ;
#1911 = CIRCLE ( 'NONE', #3444, 0.1200000000000000927 ) ;
#1912 = CARTESIAN_POINT ( 'NONE',  ( 0.1904970877523339545, -0.5367660547401835736, -0.000000000000000000 ) ) ;
#1913 = PRESENTATION_STYLE_ASSIGNMENT (( #3542 ) ) ;
#1914 = B_SPLINE_SURFACE_WITH_KNOTS ( 'NONE', 3, 1, ( 
 ( #6891, #6930 ),
 ( #1581, #460 ),
 ( #7111, #2126 ),
 ( #358, #6529 ),
 ( #4335, #7037 ),
 ( #5437, #1033 ),
 ( #6001, #2603 ),
 ( #5360, #489 ),
 ( #1621, #4950 ),
 ( #3810, #393 ),
 ( #2733, #4371 ),
 ( #7168, #1524 ),
 ( #3846, #6034 ),
 ( #2642, #7143 ),
 ( #6561, #6077 ),
 ( #4303, #3172 ),
 ( #5403, #4855 ),
 ( #3745, #2158 ),
 ( #2188, #7073 ) ),
 .UNSPECIFIED., .F., .F., .F.,
 ( 4, 1, 1, 1, 1, 1, 1, 1, 1, 1, 1, 1, 1, 1, 1, 1, 4 ),
 ( 2, 2 ),
 ( 0.000000000000000000, 0.07064371857535320376, 0.1382567155089041155, 0.2033641242175797947, 0.2663240938030566052, 0.3279047615429894202, 0.3887377151730923019, 0.4494235281093024170, 0.5108610114593153950, 0.5720793960475145656, 0.6317344287314452522, 0.6911172105788382369, 0.7503600294901705547, 0.8100329005312622010, 0.8713624508287367565, 0.9344271412311535574, 1.000000000000000000 ),
 ( 0.000000000000000000, 1.000000000000000000 ),
 .UNSPECIFIED. ) ;
#1915 = ORIENTED_EDGE ( 'NONE', *, *, #6558, .T. ) ;
#1916 = DIRECTION ( 'NONE',  ( 1.000000000000000000, 0.000000000000000000, -0.000000000000000000 ) ) ;
#1917 = CARTESIAN_POINT ( 'NONE',  ( 0.3592511598867642597, -0.5849758190397712498, 0.000000000000000000 ) ) ;
#1918 = AXIS2_PLACEMENT_3D ( 'NONE', #2848, #1635, #6090 ) ;
#1919 = EDGE_CURVE ( 'NONE', #5331, #5239, #1601, .T. ) ;
#1920 = SURFACE_STYLE_FILL_AREA ( #6255 ) ;
#1921 = CARTESIAN_POINT ( 'NONE',  ( 0.3951621247624321764, -0.5022044002578234245, 0.000000000000000000 ) ) ;
#1922 = DIRECTION ( 'NONE',  ( -1.000000000000000000, -0.000000000000000000, -0.000000000000000000 ) ) ;
#1923 = SURFACE_STYLE_USAGE ( .BOTH. , #1358 ) ;
#1924 =( NAMED_UNIT ( * ) SI_UNIT ( $, .STERADIAN. ) SOLID_ANGLE_UNIT ( ) );
#1925 = PRESENTATION_LAYER_ASSIGNMENT (  '', '', ( #4145 ) ) ;
#1926 = CARTESIAN_POINT ( 'NONE',  ( -1.000000000000000000, -0.7499999999999997780, 0.000000000000000000 ) ) ;
#1927 = LINE ( 'NONE', #6265, #2534 ) ;
#1928 = DIRECTION ( 'NONE',  ( 0.000000000000000000, -0.000000000000000000, 1.000000000000000000 ) ) ;
#1929 = EDGE_CURVE ( 'NONE', #3591, #5734, #2657, .T. ) ;
#1930 = ORIENTED_EDGE ( 'NONE', *, *, #4435, .T. ) ;
#1931 = B_SPLINE_CURVE_WITH_KNOTS ( 'NONE', 3,
 ( #2877, #2235, #6199, #1153, #6158, #5545, #1780, #5656, #6233, #2769, #4521, #6748, #55, #7215, #2845, #2352, #600, #4449, #6673 ),
 .UNSPECIFIED., .F., .F.,
 ( 4, 1, 1, 1, 1, 1, 1, 1, 1, 1, 1, 1, 1, 1, 1, 1, 4 ),
 ( 0.000000000000000000, 0.06806869584499457282, 0.1334274328189550829, 0.1961460338131570114, 0.2570485924493124963, 0.3168826631591622478, 0.3761872086663219372, 0.4359603353635462253, 0.4965352368627262147, 0.5574653434807335106, 0.6176868634101474465, 0.6779436406969060469, 0.7388052848060403521, 0.8009493367665840857, 0.8648146674702263947, 0.9310247810786568268, 1.000000000000000000 ),
 .UNSPECIFIED. ) ;
#1932 = CARTESIAN_POINT ( 'NONE',  ( -1.000000000000000222, 0.7500000000000002220, 0.1000000000000000472 ) ) ;
#1933 = CARTESIAN_POINT ( 'NONE',  ( 0.3510146860623354348, -0.4886203828462093446, 0.001000000000000000021 ) ) ;
#1934 = SURFACE_SIDE_STYLE ('',( #1372 ) ) ;
#1935 = CARTESIAN_POINT ( 'NONE',  ( 0.3502186737112699677, -0.5700410627849062939, 0.001000000000000000021 ) ) ;
#1936 = VERTEX_POINT ( 'NONE', #2748 ) ;
#1937 = FACE_OUTER_BOUND ( 'NONE', #2615, .T. ) ;
#1938 = DIRECTION ( 'NONE',  ( 1.000000000000000000, 0.000000000000000000, 0.000000000000000000 ) ) ;
#1939 = ORIENTED_EDGE ( 'NONE', *, *, #1380, .T. ) ;
#1940 = EDGE_CURVE ( 'NONE', #5813, #1433, #5010, .T. ) ;
#1941 = ORIENTED_EDGE ( 'NONE', *, *, #4605, .F. ) ;
#1942 = DIRECTION ( 'NONE',  ( 0.9417224702971433992, 0.3363908276654493101, -0.000000000000000000 ) ) ;
#1943 = ORIENTED_EDGE ( 'NONE', *, *, #451, .F. ) ;
#1944 = STYLED_ITEM ( 'NONE', ( #2786 ), #4761 ) ;
#1945 = DIRECTION ( 'NONE',  ( -1.000000000000000000, 0.000000000000000000, -0.000000000000000000 ) ) ;
#1946 = SURFACE_STYLE_USAGE ( .BOTH. , #909 ) ;
#1947 = SURFACE_STYLE_FILL_AREA ( #2435 ) ;
#1948 =( GEOMETRIC_REPRESENTATION_CONTEXT ( 3 ) GLOBAL_UNCERTAINTY_ASSIGNED_CONTEXT ( ( #6984 ) ) GLOBAL_UNIT_ASSIGNED_CONTEXT ( ( #3791, #3320, #6544 ) ) REPRESENTATION_CONTEXT ( 'NONE', 'WORKASPACE' ) );
#1949 = AXIS2_PLACEMENT_3D ( 'NONE', #4106, #6318, #1300 ) ;
#1950 = ORIENTED_EDGE ( 'NONE', *, *, #7126, .T. ) ;
#1951 = CARTESIAN_POINT ( 'NONE',  ( 0.3307064785893187309, -0.4861995993702720176, 0.001000000000000000021 ) ) ;
#1952 = ADVANCED_FACE ( 'NONE', ( #6055 ), #3334, .F. ) ;
#1953 = VECTOR ( 'NONE', #2648, 1000.000000000000000 ) ;
#1954 = CARTESIAN_POINT ( 'NONE',  ( 0.1904625761502943271, -0.5352278005897842528, 0.001000000000000000021 ) ) ;
#1955 = CIRCLE ( 'NONE', #6019, 0.1199999999999999678 ) ;
#1956 = UNCERTAINTY_MEASURE_WITH_UNIT (LENGTH_MEASURE( 1.000000000000000082E-05 ), #3243, 'distance_accuracy_value', 'NONE');
#1957 = AXIS2_PLACEMENT_3D ( 'NONE', #3699, #7030, #846 ) ;
#1958 = FILL_AREA_STYLE_COLOUR ( '', #7108 ) ;
#1959 =( GEOMETRIC_REPRESENTATION_CONTEXT ( 3 ) GLOBAL_UNCERTAINTY_ASSIGNED_CONTEXT ( ( #4083 ) ) GLOBAL_UNIT_ASSIGNED_CONTEXT ( ( #5581, #5061, #3362 ) ) REPRESENTATION_CONTEXT ( 'NONE', 'WORKASPACE' ) );
#1960 = FILL_AREA_STYLE_COLOUR ( '', #5118 ) ;
#1961 = CARTESIAN_POINT ( 'NONE',  ( -0.1250000000000000000, -0.7599999999999997868, 0.1000000000000000056 ) ) ;
#1962 = PRESENTATION_STYLE_ASSIGNMENT (( #2179 ) ) ;
#1963 = DIRECTION ( 'NONE',  ( 1.000000000000000000, -0.000000000000000000, -0.000000000000000000 ) ) ;
#1964 = VECTOR ( 'NONE', #151, 1000.000000000000000 ) ;
#1965 = CARTESIAN_POINT ( 'NONE',  ( 0.2575357468820015927, -0.5861995993702721064, 0.001000000000000000021 ) ) ;
#1966 = CARTESIAN_POINT ( 'NONE',  ( -0.7800000000000010258, -0.3750000000000001110, 0.1000000000000000056 ) ) ;
#1967 =( GEOMETRIC_REPRESENTATION_CONTEXT ( 3 ) GLOBAL_UNCERTAINTY_ASSIGNED_CONTEXT ( ( #6694 ) ) GLOBAL_UNIT_ASSIGNED_CONTEXT ( ( #5054, #626, #3948 ) ) REPRESENTATION_CONTEXT ( 'NONE', 'WORKASPACE' ) );
#1968 = ADVANCED_FACE ( 'NONE', ( #6682 ), #2850, .T. ) ;
#1969 = EDGE_CURVE ( 'NONE', #5950, #1454, #1672, .T. ) ;
#1970 = SURFACE_SIDE_STYLE ('',( #6961 ) ) ;
#1971 = VERTEX_POINT ( 'NONE', #3999 ) ;
#1972 = PRESENTATION_STYLE_ASSIGNMENT (( #4098 ) ) ;
#1973 = CARTESIAN_POINT ( 'NONE',  ( 0.3579167514625200552, -0.4864820415363548256, 0.000000000000000000 ) ) ;
#1974 = PRESENTATION_STYLE_ASSIGNMENT (( #3747 ) ) ;
#1975 = PRESENTATION_LAYER_ASSIGNMENT (  '', '', ( #6632 ) ) ;
#1976 = DIRECTION ( 'NONE',  ( 1.000000000000000000, 0.000000000000000000, -0.000000000000000000 ) ) ;
#1977 = CARTESIAN_POINT ( 'NONE',  ( 0.3687859063528910464, -0.5760755902005445517, 0.001000000000000000021 ) ) ;
#1978 = VERTEX_POINT ( 'NONE', #61 ) ;
#1979 = ADVANCED_FACE ( 'NONE', ( #3932 ), #5735, .T. ) ;
#1980 =( GEOMETRIC_REPRESENTATION_CONTEXT ( 3 ) GLOBAL_UNCERTAINTY_ASSIGNED_CONTEXT ( ( #6247 ) ) GLOBAL_UNIT_ASSIGNED_CONTEXT ( ( #2411, #6408, #1844 ) ) REPRESENTATION_CONTEXT ( 'NONE', 'WORKASPACE' ) );
#1981 = VERTEX_POINT ( 'NONE', #3533 ) ;
#1982 = AXIS2_PLACEMENT_3D ( 'NONE', #5836, #3067, #5283 ) ;
#1983 = CARTESIAN_POINT ( 'NONE',  ( 1.010000000000000009, 0.1249999999999998890, 0.1000000000000000056 ) ) ;
#1984 = CARTESIAN_POINT ( 'NONE',  ( 0.3687859063528910464, -0.5760755902005445517, 0.000000000000000000 ) ) ;
#1985 = EDGE_CURVE ( 'NONE', #530, #3980, #4683, .T. ) ;
#1986 = ORIENTED_EDGE ( 'NONE', *, *, #3123, .T. ) ;
#1987 = CARTESIAN_POINT ( 'NONE',  ( -0.7800000000000002487, -0.005000000000000135413, -0.01000000000000000021 ) ) ;
#1988 =( GEOMETRIC_REPRESENTATION_CONTEXT ( 3 ) GLOBAL_UNCERTAINTY_ASSIGNED_CONTEXT ( ( #4582 ) ) GLOBAL_UNIT_ASSIGNED_CONTEXT ( ( #6627, #4726, #3083 ) ) REPRESENTATION_CONTEXT ( 'NONE', 'WORKASPACE' ) );
#1989 = ORIENTED_EDGE ( 'NONE', *, *, #1419, .T. ) ;
#1990 =( NAMED_UNIT ( * ) PLANE_ANGLE_UNIT ( ) SI_UNIT ( $, .RADIAN. ) );
#1991 = EDGE_LOOP ( 'NONE', ( #4091, #1642, #2115, #6117 ) ) ;
#1992 = MECHANICAL_DESIGN_GEOMETRIC_PRESENTATION_REPRESENTATION (  '', ( #1385 ), #3032 ) ;
#1993 = ORIENTED_EDGE ( 'NONE', *, *, #5300, .T. ) ;
#1994 = ADVANCED_FACE ( 'NONE', ( #6317 ), #2023, .T. ) ;
#1995 =( NAMED_UNIT ( * ) PLANE_ANGLE_UNIT ( ) SI_UNIT ( $, .RADIAN. ) );
#1996 = CARTESIAN_POINT ( 'NONE',  ( 0.3901804090712877593, -0.5738632129802957449, 0.001000000000000000021 ) ) ;
#1997 = CARTESIAN_POINT ( 'NONE',  ( 0.1984107680887519376, -0.5619776370931452991, 0.000000000000000000 ) ) ;
#1998 = CARTESIAN_POINT ( 'NONE',  ( 0.1771659111227881778, -0.5295847773363554500, -2.117582368135750848E-19 ) ) ;
#1999 = MECHANICAL_DESIGN_GEOMETRIC_PRESENTATION_REPRESENTATION (  '', ( #6647 ), #3520 ) ;
#2000 = ORIENTED_EDGE ( 'NONE', *, *, #1859, .F. ) ;
#2001 = CARTESIAN_POINT ( 'NONE',  ( 0.2770479420039528295, -0.5752239896141745357, 0.001000000000000000021 ) ) ;
#2002 = ORIENTED_EDGE ( 'NONE', *, *, #5290, .F. ) ;
#2003 = VECTOR ( 'NONE', #2270, 1000.000000000000000 ) ;
#2004 = CARTESIAN_POINT ( 'NONE',  ( 0.1945734054149713399, -0.5151963172293416715, 0.000000000000000000 ) ) ;
#2005 = DIRECTION ( 'NONE',  ( 0.000000000000000000, 0.000000000000000000, -1.000000000000000000 ) ) ;
#2006 = CARTESIAN_POINT ( 'NONE',  ( 0.3969378367236452987, -0.5841106687935859743, 0.000000000000000000 ) ) ;
#2007 = DIRECTION ( 'NONE',  ( 1.000000000000000000, 0.000000000000000000, -0.000000000000000000 ) ) ;
#2008 = ORIENTED_EDGE ( 'NONE', *, *, #5313, .F. ) ;
#2009 = CARTESIAN_POINT ( 'NONE',  ( 0.1087362041990747596, -0.5471752091263696327, 0.001000000000000000021 ) ) ;
#2010 = PRESENTATION_STYLE_ASSIGNMENT (( #6991 ) ) ;
#2011 = CARTESIAN_POINT ( 'NONE',  ( 0.2441211127356601451, -0.5752239896141745357, 0.001000000000000000021 ) ) ;
#2012 = UNCERTAINTY_MEASURE_WITH_UNIT (LENGTH_MEASURE( 1.000000000000000082E-05 ), #3316, 'distance_accuracy_value', 'NONE');
#2013 = LINE ( 'NONE', #3702, #1371 ) ;
#2014 = FILL_AREA_STYLE ('',( #6823 ) ) ;
#2015 = DIRECTION ( 'NONE',  ( 1.445602896647339163E-16, -1.000000000000000000, 0.000000000000000000 ) ) ;
#2016 = DIRECTION ( 'NONE',  ( -0.000000000000000000, 0.000000000000000000, 1.000000000000000000 ) ) ;
#2017 = FILL_AREA_STYLE_COLOUR ( '', #3555 ) ;
#2018 = ORIENTED_EDGE ( 'NONE', *, *, #4112, .T. ) ;
#2019 = MECHANICAL_DESIGN_GEOMETRIC_PRESENTATION_REPRESENTATION (  '', ( #6315 ), #4572 ) ;
#2020 = EDGE_CURVE ( 'NONE', #150, #2347, #1333, .T. ) ;
#2021 = UNCERTAINTY_MEASURE_WITH_UNIT (LENGTH_MEASURE( 1.000000000000000082E-05 ), #4867, 'distance_accuracy_value', 'NONE');
#2022 = LINE ( 'NONE', #4825, #2197 ) ;
#2023 = PLANE ( 'NONE',  #2675 ) ;
#2024 = CIRCLE ( 'NONE', #943, 0.1199999999999999956 ) ;
#2025 =( LENGTH_UNIT ( ) NAMED_UNIT ( * ) SI_UNIT ( .MILLI., .METRE. ) );
#2026 = VERTEX_POINT ( 'NONE', #3565 ) ;
#2027 = DIRECTION ( 'NONE',  ( 1.000000000000000000, 0.000000000000000000, -0.000000000000000000 ) ) ;
#2028 = VERTEX_POINT ( 'NONE', #796 ) ;
#2029 = CARTESIAN_POINT ( 'NONE',  ( 0.1237895578576114070, -0.5054069164434428219, 0.001000000000000000021 ) ) ;
#2030 = LINE ( 'NONE', #2073, #2768 ) ;
#2031 = AXIS2_PLACEMENT_3D ( 'NONE', #1816, #5183, #2392 ) ;
#2032 = EDGE_CURVE ( 'NONE', #1566, #6342, #1456, .T. ) ;
#2033 = ORIENTED_EDGE ( 'NONE', *, *, #4626, .T. ) ;
#2034 = FILL_AREA_STYLE_COLOUR ( '', #6761 ) ;
#2035 = VERTEX_POINT ( 'NONE', #726 ) ;
#2036 = CARTESIAN_POINT ( 'NONE',  ( 0.4111942834673675273, -0.5372666725410037980, 0.001000000000000000021 ) ) ;
#2037 = DIRECTION ( 'NONE',  ( 1.445602896647339163E-16, -1.000000000000000000, 0.000000000000000000 ) ) ;
#2038 =( LENGTH_UNIT ( ) NAMED_UNIT ( * ) SI_UNIT ( .MILLI., .METRE. ) );
#2039 = ORIENTED_EDGE ( 'NONE', *, *, #6171, .T. ) ;
#2040 = DIRECTION ( 'NONE',  ( 1.000000000000000000, 0.000000000000000000, 0.000000000000000000 ) ) ;
#2041 = VECTOR ( 'NONE', #6304, 1000.000000000000000 ) ;
#2042 = ORIENTED_EDGE ( 'NONE', *, *, #4861, .F. ) ;
#2043 = SURFACE_STYLE_FILL_AREA ( #269 ) ;
#2044 = CARTESIAN_POINT ( 'NONE',  ( 0.9999999999999997780, 0.7500000000000002220, 0.9799999999999999822 ) ) ;
#2045 = UNCERTAINTY_MEASURE_WITH_UNIT (LENGTH_MEASURE( 1.000000000000000082E-05 ), #832, 'distance_accuracy_value', 'NONE');
#2046 = ORIENTED_EDGE ( 'NONE', *, *, #2088, .T. ) ;
#2047 = CARTESIAN_POINT ( 'NONE',  ( 0.1910546728069712485, -0.5264003234185783420, 0.001000000000000000021 ) ) ;
#2048 =( NAMED_UNIT ( * ) PLANE_ANGLE_UNIT ( ) SI_UNIT ( $, .RADIAN. ) );
#2049 = CARTESIAN_POINT ( 'NONE',  ( 0.3828645832353611000, -0.5873046829403482105, 0.000000000000000000 ) ) ;
#2050 = LINE ( 'NONE', #1443, #660 ) ;
#2051 = DIRECTION ( 'NONE',  ( 0.000000000000000000, 1.000000000000000000, 0.000000000000000000 ) ) ;
#2052 = DIRECTION ( 'NONE',  ( 1.000000000000000000, 0.000000000000000000, -0.000000000000000000 ) ) ;
#2053 = FILL_AREA_STYLE_COLOUR ( '', #4075 ) ;
#2054 = VECTOR ( 'NONE', #3672, 1000.000000000000000 ) ;
#2055 = CARTESIAN_POINT ( 'NONE',  ( -0.6600000000000002531, -0.5050000000000001155, -0.01000000000000000021 ) ) ;
#2056 = SURFACE_STYLE_FILL_AREA ( #4397 ) ;
#2057 = LINE ( 'NONE', #6488, #5249 ) ;
#2058 = PRESENTATION_STYLE_ASSIGNMENT (( #3099 ) ) ;
#2059 = CYLINDRICAL_SURFACE ( 'NONE', #1055, 0.07820794517887262598 ) ;
#2060 = CARTESIAN_POINT ( 'NONE',  ( 0.2770479420039528295, -0.5752239896141745357, 0.001000000000000000021 ) ) ;
#2061 = ORIENTED_EDGE ( 'NONE', *, *, #1202, .T. ) ;
#2062 = ADVANCED_FACE ( 'NONE', ( #1937 ), #5881, .T. ) ;
#2063 =( NAMED_UNIT ( * ) PLANE_ANGLE_UNIT ( ) SI_UNIT ( $, .RADIAN. ) );
#2064 = PRESENTATION_STYLE_ASSIGNMENT (( #467 ) ) ;
#2065 = LINE ( 'NONE', #3755, #1158 ) ;
#2066 = VERTEX_POINT ( 'NONE', #6379 ) ;
#2067 = CARTESIAN_POINT ( 'NONE',  ( 0.1245724858571516380, -0.5025252758820560883, 0.000000000000000000 ) ) ;
#2068 = EDGE_CURVE ( 'NONE', #4003, #25, #858, .T. ) ;
#2069 = EDGE_LOOP ( 'NONE', ( #1171, #5812, #559, #4465 ) ) ;
#2070 = SURFACE_STYLE_FILL_AREA ( #7052 ) ;
#2071 = SURFACE_SIDE_STYLE ('',( #1424 ) ) ;
#2072 = ORIENTED_EDGE ( 'NONE', *, *, #642, .F. ) ;
#2073 = CARTESIAN_POINT ( 'NONE',  ( -1.010000000000000231, -0.6250000000000001110, 0.1000000000000000056 ) ) ;
#2074 = ADVANCED_FACE ( 'NONE', ( #1417 ), #3676, .T. ) ;
#2075 = FILL_AREA_STYLE_COLOUR ( '', #5947 ) ;
#2076 = CARTESIAN_POINT ( 'NONE',  ( 0.4037757197618213612, -0.5631421430411219786, 0.000000000000000000 ) ) ;
#2077 = DIRECTION ( 'NONE',  ( 0.000000000000000000, -0.000000000000000000, 1.000000000000000000 ) ) ;
#2078 = CARTESIAN_POINT ( 'NONE',  ( -1.000000000000000222, 0.7500000000000002220, 0.9799999999999999822 ) ) ;
#2079 = CARTESIAN_POINT ( 'NONE',  ( 0.1827688085821395636, -0.5105890614055188514, -2.117582368135750848E-19 ) ) ;
#2080 = ORIENTED_EDGE ( 'NONE', *, *, #1730, .F. ) ;
#2081 = DIRECTION ( 'NONE',  ( 1.000000000000000000, 0.000000000000000000, 0.000000000000000000 ) ) ;
#2082 = AXIS2_PLACEMENT_3D ( 'NONE', #1091, #3970, #3905 ) ;
#2083 = SURFACE_STYLE_USAGE ( .BOTH. , #4880 ) ;
#2084 = SURFACE_STYLE_USAGE ( .BOTH. , #2148 ) ;
#2085 = MECHANICAL_DESIGN_GEOMETRIC_PRESENTATION_REPRESENTATION (  '', ( #4279 ), #4057 ) ;
#2086 = DIRECTION ( 'NONE',  ( 1.000000000000000000, 0.000000000000000000, 0.000000000000000000 ) ) ;
#2087 = CARTESIAN_POINT ( 'NONE',  ( 0.3777339176137089471, -0.5874191115653940587, 0.000000000000000000 ) ) ;
#2088 = EDGE_CURVE ( 'NONE', #599, #4043, #7176, .T. ) ;
#2089 = PRESENTATION_STYLE_ASSIGNMENT (( #2125 ) ) ;
#2090 = DIRECTION ( 'NONE',  ( 0.000000000000000000, -0.000000000000000000, 1.000000000000000000 ) ) ;
#2091 = PRESENTATION_LAYER_ASSIGNMENT (  '', '', ( #3003 ) ) ;
#2092 = SURFACE_SIDE_STYLE ('',( #2561 ) ) ;
#2093 = EDGE_CURVE ( 'NONE', #4623, #432, #5412, .T. ) ;
#2094 = DIRECTION ( 'NONE',  ( -1.000000000000000000, 0.000000000000000000, -0.000000000000000000 ) ) ;
#2095 = CARTESIAN_POINT ( 'NONE',  ( -0.3750000000000000000, -0.7599999999999997868, 0.1000000000000000056 ) ) ;
#2096 = CARTESIAN_POINT ( 'NONE',  ( 0.3526375371329639186, -0.4879616318174282985, 0.000000000000000000 ) ) ;
#2097 = SURFACE_SIDE_STYLE ('',( #5438 ) ) ;
#2098 = LINE ( 'NONE', #3707, #6862 ) ;
#2099 = VECTOR ( 'NONE', #106, 1000.000000000000000 ) ;
#2100 = DIRECTION ( 'NONE',  ( -1.000000000000000000, 0.000000000000000000, 0.000000000000000000 ) ) ;
#2101 = CARTESIAN_POINT ( 'NONE',  ( 0.2575357468820015927, -0.5861995993702721064, 0.001000000000000000021 ) ) ;
#2102 =( LENGTH_UNIT ( ) NAMED_UNIT ( * ) SI_UNIT ( .MILLI., .METRE. ) );
#2103 = STYLED_ITEM ( 'NONE', ( #2337 ), #969 ) ;
#2104 = CARTESIAN_POINT ( 'NONE',  ( -0.6599999999999998090, 0.4949999999999998845, -0.01000000000000000021 ) ) ;
#2105 = ORIENTED_EDGE ( 'NONE', *, *, #1295, .T. ) ;
#2106 = CARTESIAN_POINT ( 'NONE',  ( -0.3750000000000000000, 0.7500000000000002220, 0.1000000000000000056 ) ) ;
#2107 = ORIENTED_EDGE ( 'NONE', *, *, #6900, .T. ) ;
#2108 =( NAMED_UNIT ( * ) SI_UNIT ( $, .STERADIAN. ) SOLID_ANGLE_UNIT ( ) );
#2109 = AXIS2_PLACEMENT_3D ( 'NONE', #4774, #3561, #6371 ) ;
#2110 = FILL_AREA_STYLE_COLOUR ( '', #6971 ) ;
#2111 = DIRECTION ( 'NONE',  ( 1.000000000000000000, 0.000000000000000000, 0.000000000000000000 ) ) ;
#2112 = VERTEX_POINT ( 'NONE', #2194 ) ;
#2113 = PLANE ( 'NONE',  #462 ) ;
#2114 = VECTOR ( 'NONE', #2295, 1000.000000000000000 ) ;
#2115 = ORIENTED_EDGE ( 'NONE', *, *, #220, .T. ) ;
#2116 = PLANE ( 'NONE',  #1110 ) ;
#2117 = CARTESIAN_POINT ( 'NONE',  ( 0.2238760795229987333, -0.4863208384366833337, 0.001000000000000000021 ) ) ;
#2118 = VECTOR ( 'NONE', #5899, 1000.000000000000000 ) ;
#2119 = PRESENTATION_LAYER_ASSIGNMENT (  '', '', ( #342 ) ) ;
#2120 = CARTESIAN_POINT ( 'NONE',  ( 0.1945734054149713399, -0.5151963172293416715, 0.001000000000000000021 ) ) ;
#2121 = CARTESIAN_POINT ( 'NONE',  ( 0.9999999999999997780, 0.6249999999999998890, 0.1000000000000000056 ) ) ;
#2122 = CARTESIAN_POINT ( 'NONE',  ( 0.3502186737112700232, -0.4889435018092966323, 0.001000000000000000021 ) ) ;
#2123 = DIRECTION ( 'NONE',  ( 1.000000000000000000, 0.000000000000000000, 0.000000000000000000 ) ) ;
#2124 =( NAMED_UNIT ( * ) SI_UNIT ( $, .STERADIAN. ) SOLID_ANGLE_UNIT ( ) );
#2125 = SURFACE_STYLE_USAGE ( .BOTH. , #996 ) ;
#2126 = CARTESIAN_POINT ( 'NONE',  ( 0.4244801290382034797, -0.5323328460292630071, 0.000000000000000000 ) ) ;
#2127 =( NAMED_UNIT ( * ) PLANE_ANGLE_UNIT ( ) SI_UNIT ( $, .RADIAN. ) );
#2128 = VECTOR ( 'NONE', #4133, 1000.000000000000000 ) ;
#2129 = DIRECTION ( 'NONE',  ( -0.000000000000000000, -0.000000000000000000, -1.000000000000000000 ) ) ;
#2130 = CARTESIAN_POINT ( 'NONE',  ( 0.4111942834673675273, -0.5372666725410037980, 0.001000000000000000021 ) ) ;
#2131 = ORIENTED_EDGE ( 'NONE', *, *, #5653, .T. ) ;
#2132 = EDGE_CURVE ( 'NONE', #1978, #3575, #902, .T. ) ;
#2133 = CARTESIAN_POINT ( 'NONE',  ( 0.1806675179414819477, -0.5558892585848453916, 0.000000000000000000 ) ) ;
#2134 = LINE ( 'NONE', #4343, #3900 ) ;
#2135 = DIRECTION ( 'NONE',  ( -1.000000000000000000, 0.000000000000000000, 0.000000000000000000 ) ) ;
#2136 = ORIENTED_EDGE ( 'NONE', *, *, #7065, .F. ) ;
#2137 = CARTESIAN_POINT ( 'NONE',  ( 0.4011064398495329808, -0.5822229610236315800, 0.001000000000000000021 ) ) ;
#2138 = ORIENTED_EDGE ( 'NONE', *, *, #6145, .T. ) ;
#2139 = PLANE ( 'NONE',  #1840 ) ;
#2140 = UNCERTAINTY_MEASURE_WITH_UNIT (LENGTH_MEASURE( 1.000000000000000082E-05 ), #351, 'distance_accuracy_value', 'NONE');
#2141 = EDGE_LOOP ( 'NONE', ( #1131, #940, #2310, #2927 ) ) ;
#2142 = VECTOR ( 'NONE', #5797, 1000.000000000000000 ) ;
#2143 = LINE ( 'NONE', #3901, #1867 ) ;
#2144 = ORIENTED_EDGE ( 'NONE', *, *, #2866, .T. ) ;
#2145 = CARTESIAN_POINT ( 'NONE',  ( 0.3530473001460126548, -0.5825779591675227520, 0.000000000000000000 ) ) ;
#2146 = ORIENTED_EDGE ( 'NONE', *, *, #2274, .T. ) ;
#2147 = DIRECTION ( 'NONE',  ( 0.3536223923290756077, -0.9353882635801357148, 0.000000000000000000 ) ) ;
#2148 = SURFACE_SIDE_STYLE ('',( #1473 ) ) ;
#2149 = CARTESIAN_POINT ( 'NONE',  ( -0.1250000000000000000, 0.7500000000000002220, 0.9799999999999999822 ) ) ;
#2150 = DIRECTION ( 'NONE',  ( 0.3390537954853696245, 0.9407669869669986751, 0.000000000000000000 ) ) ;
#2151 = B_SPLINE_CURVE_WITH_KNOTS ( 'NONE', 3,
 ( #3473, #3060, #4124, #6262, #6338, #2516, #670, #4593, #3586, #1809, #2910 ),
 .UNSPECIFIED., .F., .F.,
 ( 4, 1, 1, 1, 1, 1, 1, 1, 4 ),
 ( 0.000000000000000000, 0.1252796967356265279, 0.2494199707420510781, 0.3733567994928200795, 0.4966812787822845188, 0.6202029157439812312, 0.7450863201614555953, 0.8712691950190969425, 1.000000000000000000 ),
 .UNSPECIFIED. ) ;
#2152 = FACE_OUTER_BOUND ( 'NONE', #3756, .T. ) ;
#2153 = CARTESIAN_POINT ( 'NONE',  ( 0.2133834851460488236, -0.5726779900760262665, 0.000000000000000000 ) ) ;
#2154 = EDGE_CURVE ( 'NONE', #3969, #3460, #5479, .T. ) ;
#2155 =( GEOMETRIC_REPRESENTATION_CONTEXT ( 3 ) GLOBAL_UNCERTAINTY_ASSIGNED_CONTEXT ( ( #3093 ) ) GLOBAL_UNIT_ASSIGNED_CONTEXT ( ( #6002, #5405, #3671 ) ) REPRESENTATION_CONTEXT ( 'NONE', 'WORKASPACE' ) );
#2156 = FACE_OUTER_BOUND ( 'NONE', #5293, .T. ) ;
#2157 = CARTESIAN_POINT ( 'NONE',  ( -0.6599999999999998090, 0.4949999999999998845, 0.000000000000000000 ) ) ;
#2158 = CARTESIAN_POINT ( 'NONE',  ( 0.3755575657984851490, -0.4850221096764953388, 0.000000000000000000 ) ) ;
#2159 = VECTOR ( 'NONE', #798, 1000.000000000000000 ) ;
#2160 = SURFACE_STYLE_USAGE ( .BOTH. , #7207 ) ;
#2161 = CARTESIAN_POINT ( 'NONE',  ( 0.2441211127356601451, -0.4971752091263696438, 0.001000000000000000021 ) ) ;
#2162 = CARTESIAN_POINT ( 'NONE',  ( 0.4014942297820810468, -0.5659004789658110823, 0.001000000000000000021 ) ) ;
#2163 = UNCERTAINTY_MEASURE_WITH_UNIT (LENGTH_MEASURE( 1.000000000000000082E-05 ), #6092, 'distance_accuracy_value', 'NONE');
#2164 = ORIENTED_EDGE ( 'NONE', *, *, #374, .T. ) ;
#2165 = COLOUR_RGB ( '',0.000000000000000000, 0.000000000000000000, 0.000000000000000000 ) ;
#2166 = DIRECTION ( 'NONE',  ( -0.000000000000000000, -1.000000000000000000, -0.000000000000000000 ) ) ;
#2167 = VECTOR ( 'NONE', #6105, 1000.000000000000000 ) ;
#2168 =( NAMED_UNIT ( * ) SI_UNIT ( $, .STERADIAN. ) SOLID_ANGLE_UNIT ( ) );
#2169 = CARTESIAN_POINT ( 'NONE',  ( 0.4331455029795626133, -0.5752239896141745357, 0.001000000000000000021 ) ) ;
#2170 = EDGE_LOOP ( 'NONE', ( #2660, #6787, #2189, #3716, #5048, #3377 ) ) ;
#2171 = SURFACE_STYLE_FILL_AREA ( #4903 ) ;
#2172 = LINE ( 'NONE', #4378, #4301 ) ;
#2173 = FACE_OUTER_BOUND ( 'NONE', #6540, .T. ) ;
#2174 = ADVANCED_FACE ( 'NONE', ( #6598 ), #1531, .T. ) ;
#2175 = CARTESIAN_POINT ( 'NONE',  ( 0.1421775151746845489, -0.5471752091263696327, 0.001000000000000000021 ) ) ;
#2176 = VERTEX_POINT ( 'NONE', #2683 ) ;
#2177 = CARTESIAN_POINT ( 'NONE',  ( 0.4103025151256051717, -0.4995246500495573727, 0.001000000000000000021 ) ) ;
#2178 = PLANE ( 'NONE',  #4174 ) ;
#2179 = SURFACE_STYLE_USAGE ( .BOTH. , #1056 ) ;
#2180 = CARTESIAN_POINT ( 'NONE',  ( 0.1455502285893186809, -0.5581508188824672034, 0.001000000000000000021 ) ) ;
#2181 = PRESENTATION_STYLE_ASSIGNMENT (( #2216 ) ) ;
#2182 = LINE ( 'NONE', #6067, #4841 ) ;
#2183 = EDGE_CURVE ( 'NONE', #6763, #6205, #2134, .T. ) ;
#2184 = FILL_AREA_STYLE ('',( #1727 ) ) ;
#2185 = PRESENTATION_LAYER_ASSIGNMENT (  '', '', ( #3477 ) ) ;
#2186 = SURFACE_SIDE_STYLE ('',( #3311 ) ) ;
#2187 = CARTESIAN_POINT ( 'NONE',  ( -1.000000000000000222, 0.3749999999999998890, 0.000000000000000000 ) ) ;
#2188 = CARTESIAN_POINT ( 'NONE',  ( 0.3737514481015138945, -0.4849800871751501208, 0.001000000000000000021 ) ) ;
#2189 = ORIENTED_EDGE ( 'NONE', *, *, #6179, .T. ) ;
#2190 = EDGE_CURVE ( 'NONE', #6028, #2885, #3819, .T. ) ;
#2191 = AXIS2_PLACEMENT_3D ( 'NONE', #1264, #6757, #647 ) ;
#2192 = CARTESIAN_POINT ( 'NONE',  ( -0.2550000000000000044, 0.4100000000000001976, 0.000000000000000000 ) ) ;
#2193 = VECTOR ( 'NONE', #1714, 1000.000000000000000 ) ;
#2194 = CARTESIAN_POINT ( 'NONE',  ( 1.010000000000000231, -0.6250000000000001110, 0.1000000000000000056 ) ) ;
#2195 = MECHANICAL_DESIGN_GEOMETRIC_PRESENTATION_REPRESENTATION (  '', ( #6020 ), #3728 ) ;
#2196 = CARTESIAN_POINT ( 'NONE',  ( 0.2293154724917577103, -0.4861995993702720176, 0.001000000000000000021 ) ) ;
#2197 = VECTOR ( 'NONE', #5411, 1000.000000000000000 ) ;
#2198 = FILL_AREA_STYLE ('',( #24 ) ) ;
#2199 = ORIENTED_EDGE ( 'NONE', *, *, #6940, .T. ) ;
#2200 = CARTESIAN_POINT ( 'NONE',  ( 0.9999999999999997780, 0.7500000000000002220, 0.000000000000000000 ) ) ;
#2201 = EDGE_CURVE ( 'NONE', #6342, #99, #3479, .T. ) ;
#2202 = ORIENTED_EDGE ( 'NONE', *, *, #17, .T. ) ;
#2203 = FILL_AREA_STYLE_COLOUR ( '', #7137 ) ;
#2204 = MECHANICAL_DESIGN_GEOMETRIC_PRESENTATION_REPRESENTATION (  '', ( #4399 ), #1492 ) ;
#2205 = CARTESIAN_POINT ( 'NONE',  ( -0.1250000000000000000, -0.7499999999999997780, 0.000000000000000000 ) ) ;
#2206 =( GEOMETRIC_REPRESENTATION_CONTEXT ( 3 ) GLOBAL_UNCERTAINTY_ASSIGNED_CONTEXT ( ( #2830 ) ) GLOBAL_UNIT_ASSIGNED_CONTEXT ( ( #4551, #6297, #3507 ) ) REPRESENTATION_CONTEXT ( 'NONE', 'WORKASPACE' ) );
#2207 = EDGE_CURVE ( 'NONE', #150, #167, #5614, .T. ) ;
#2208 = AXIS2_PLACEMENT_3D ( 'NONE', #447, #6624, #1607 ) ;
#2209 = ORIENTED_EDGE ( 'NONE', *, *, #3618, .T. ) ;
#2210 = FILL_AREA_STYLE ('',( #5456 ) ) ;
#2211 = LINE ( 'NONE', #1576, #3612 ) ;
#2212 = EDGE_CURVE ( 'NONE', #7192, #1162, #638, .T. ) ;
#2213 = EDGE_CURVE ( 'NONE', #2452, #4180, #3926, .T. ) ;
#2214 = VECTOR ( 'NONE', #6299, 1000.000000000000000 ) ;
#2215 = CARTESIAN_POINT ( 'NONE',  ( -0.2449999999999999956, 0.4100000000000001976, 0.1000000000000000056 ) ) ;
#2216 = SURFACE_STYLE_USAGE ( .BOTH. , #3977 ) ;
#2217 = CARTESIAN_POINT ( 'NONE',  ( -1.000000000000000222, 0.1249999999999998890, 0.000000000000000000 ) ) ;
#2218 = CIRCLE ( 'NONE', #6287, 0.1199999999999999956 ) ;
#2219 = LINE ( 'NONE', #6662, #1564 ) ;
#2220 = CARTESIAN_POINT ( 'NONE',  ( 0.2133834851460488236, -0.5726779900760262665, 0.001000000000000000021 ) ) ;
#2221 = FILL_AREA_STYLE ('',( #5533 ) ) ;
#2222 = MECHANICAL_DESIGN_GEOMETRIC_PRESENTATION_REPRESENTATION (  '', ( #343 ), #3152 ) ;
#2223 = PRESENTATION_LAYER_ASSIGNMENT (  '', '', ( #1266 ) ) ;
#2224 =( LENGTH_UNIT ( ) NAMED_UNIT ( * ) SI_UNIT ( .MILLI., .METRE. ) );
#2225 = CARTESIAN_POINT ( 'NONE',  ( 0.3887427493158798764, -0.4986706164920930440, 0.000000000000000000 ) ) ;
#2226 = VECTOR ( 'NONE', #6096, 1000.000000000000000 ) ;
#2227 = AXIS2_PLACEMENT_3D ( 'NONE', #639, #6345, #2879 ) ;
#2228 = CARTESIAN_POINT ( 'NONE',  ( 0.2794869663941967897, -0.4971752091263696438, 0.001000000000000000021 ) ) ;
#2229 = FACE_OUTER_BOUND ( 'NONE', #2351, .T. ) ;
#2230 = DIRECTION ( 'NONE',  ( 0.000000000000000000, 0.000000000000000000, -1.000000000000000000 ) ) ;
#2232 = CARTESIAN_POINT ( 'NONE',  ( 0.2819259907844406388, -0.5410776481507598712, 0.000000000000000000 ) ) ;
#2231 = STYLED_ITEM ( 'NONE', ( #6279 ), #6678 ) ;
#2233 = FACE_OUTER_BOUND ( 'NONE', #1409, .T. ) ;
#2234 = CARTESIAN_POINT ( 'NONE',  ( 0.2303444359063918645, -0.5861995993702721064, 0.000000000000000000 ) ) ;
#2235 = CARTESIAN_POINT ( 'NONE',  ( 0.1770883287242173698, -0.5368307358696875475, 0.001000000000000000021 ) ) ;
#2236 = CARTESIAN_POINT ( 'NONE',  ( 0.3725887620391317712, -0.4849884216187109742, 0.001000000000000000021 ) ) ;
#2237 = CARTESIAN_POINT ( 'NONE',  ( 0.3704923654335046668, -0.4960032433362431270, 0.001000000000000000021 ) ) ;
#2238 = VERTEX_POINT ( 'NONE', #6118 ) ;
#2239 = DIRECTION ( 'NONE',  ( -0.000000000000000000, -0.000000000000000000, 1.000000000000000000 ) ) ;
#2240 = CYLINDRICAL_SURFACE ( 'NONE', #2031, 0.1199999999999999956 ) ;
#2241 = ORIENTED_EDGE ( 'NONE', *, *, #3521, .T. ) ;
#2242 =( NAMED_UNIT ( * ) PLANE_ANGLE_UNIT ( ) SI_UNIT ( $, .RADIAN. ) );
#2243 = COLOUR_RGB ( '',1.000000000000000000, 1.000000000000000000, 1.000000000000000000 ) ;
#2244 = VERTEX_POINT ( 'NONE', #4993 ) ;
#2245 = FACE_OUTER_BOUND ( 'NONE', #5076, .T. ) ;
#2246 = EDGE_CURVE ( 'NONE', #2404, #3217, #3958, .T. ) ;
#2247 = EDGE_LOOP ( 'NONE', ( #6983, #5913, #4254, #571 ) ) ;
#2248 = MECHANICAL_DESIGN_GEOMETRIC_PRESENTATION_REPRESENTATION (  '', ( #6670 ), #1539 ) ;
#2249 = ORIENTED_EDGE ( 'NONE', *, *, #3505, .F. ) ;
#2250 = FACE_OUTER_BOUND ( 'NONE', #2720, .T. ) ;
#2251 = UNCERTAINTY_MEASURE_WITH_UNIT (LENGTH_MEASURE( 1.000000000000000082E-05 ), #4896, 'distance_accuracy_value', 'NONE');
#2252 = STYLED_ITEM ( 'NONE', ( #5285 ), #2732 ) ;
#2253 = SURFACE_SIDE_STYLE ('',( #3944 ) ) ;
#2254 = LINE ( 'NONE', #7164, #4948 ) ;
#2255 = PLANE ( 'NONE',  #5689 ) ;
#2256 = VECTOR ( 'NONE', #6669, 1000.000000000000000 ) ;
#2257 = LINE ( 'NONE', #3391, #6973 ) ;
#2258 = CARTESIAN_POINT ( 'NONE',  ( 0.3887427493158798764, -0.4986706164920930440, 0.001000000000000000021 ) ) ;
#2259 = LINE ( 'NONE', #6191, #2448 ) ;
#2260 = PRESENTATION_STYLE_ASSIGNMENT (( #3393 ) ) ;
#2261 = SURFACE_SIDE_STYLE ('',( #3356 ) ) ;
#2262 = DIRECTION ( 'NONE',  ( 1.000000000000000000, -0.000000000000000000, -0.000000000000000000 ) ) ;
#2263 = MECHANICAL_DESIGN_GEOMETRIC_PRESENTATION_REPRESENTATION (  '', ( #1073 ), #4586 ) ;
#2264 = DIRECTION ( 'NONE',  ( -1.000000000000000000, 0.000000000000000000, 0.000000000000000000 ) ) ;
#2265 = B_SPLINE_SURFACE_WITH_KNOTS ( 'NONE', 3, 1, ( 
 ( #1078, #4898 ),
 ( #7120, #5546 ),
 ( #6599, #1590 ),
 ( #496, #3286 ),
 ( #6044, #1154 ),
 ( #1042, #5509 ),
 ( #525, #3327 ) ),
 .UNSPECIFIED., .F., .F., .F.,
 ( 4, 1, 1, 1, 4 ),
 ( 2, 2 ),
 ( 0.000000000000000000, 0.1744817153170560020, 0.3982857591281081522, 0.6738978473986653173, 1.000000000000000000 ),
 ( 0.000000000000000000, 1.000000000000000000 ),
 .UNSPECIFIED. ) ;
#2266 = ORIENTED_EDGE ( 'NONE', *, *, #582, .F. ) ;
#2267 = CARTESIAN_POINT ( 'NONE',  ( 0.1455502285893186809, -0.5581508188824672034, 0.000000000000000000 ) ) ;
#2268 = MECHANICAL_DESIGN_GEOMETRIC_PRESENTATION_REPRESENTATION (  '', ( #1907 ), #2155 ) ;
#2269 = EDGE_LOOP ( 'NONE', ( #6542, #4719, #4421, #5079 ) ) ;
#2270 = DIRECTION ( 'NONE',  ( -0.000000000000000000, -0.000000000000000000, -1.000000000000000000 ) ) ;
#2271 = DIRECTION ( 'NONE',  ( -0.000000000000000000, 1.000000000000000000, 0.000000000000000000 ) ) ;
#2272 = VERTEX_POINT ( 'NONE', #1077 ) ;
#2273 = CARTESIAN_POINT ( 'NONE',  ( 0.4843650151746846100, -0.4861995993702720176, 0.000000000000000000 ) ) ;
#2274 = EDGE_CURVE ( 'NONE', #3011, #2028, #1931, .T. ) ;
#2275 = VECTOR ( 'NONE', #6882, 1000.000000000000000 ) ;
#2276 =( NAMED_UNIT ( * ) SI_UNIT ( $, .STERADIAN. ) SOLID_ANGLE_UNIT ( ) );
#2277 = SURFACE_SIDE_STYLE ('',( #3264 ) ) ;
#2278 = CARTESIAN_POINT ( 'NONE',  ( 0.2550000000000000044, -0.3399999999999997469, 0.1000000000000000056 ) ) ;
#2279 = ORIENTED_EDGE ( 'NONE', *, *, #2701, .T. ) ;
#2280 = EDGE_LOOP ( 'NONE', ( #6650, #1241, #1117, #2840 ) ) ;
#2281 = SURFACE_STYLE_USAGE ( .BOTH. , #6060 ) ;
#2282 = SURFACE_STYLE_USAGE ( .BOTH. , #1649 ) ;
#2283 = ADVANCED_FACE ( 'NONE', ( #1745 ), #2387, .T. ) ;
#2284 = ORIENTED_EDGE ( 'NONE', *, *, #5933, .F. ) ;
#2285 = CARTESIAN_POINT ( 'NONE',  ( 0.3638142435446613532, -0.4854971034235741056, 0.000000000000000000 ) ) ;
#2286 = ORIENTED_EDGE ( 'NONE', *, *, #1542, .T. ) ;
#2287 = ORIENTED_EDGE ( 'NONE', *, *, #2834, .T. ) ;
#2288 = SURFACE_STYLE_USAGE ( .BOTH. , #40 ) ;
#2289 = CARTESIAN_POINT ( 'NONE',  ( 0.3502186737112699677, -0.5023581359556379411, 0.000000000000000000 ) ) ;
#2290 = ORIENTED_EDGE ( 'NONE', *, *, #5132, .T. ) ;
#2291 = CARTESIAN_POINT ( 'NONE',  ( 0.2035870819632988604, -0.5672192862362273047, 0.001000000000000000021 ) ) ;
#2292 = FILL_AREA_STYLE_COLOUR ( '', #5575 ) ;
#2293 = CARTESIAN_POINT ( 'NONE',  ( -0.2550000000000000044, 0.5300000000000002487, -0.01000000000000000021 ) ) ;
#2294 = EDGE_CURVE ( 'NONE', #1206, #599, #5967, .T. ) ;
#2295 = DIRECTION ( 'NONE',  ( -0.000000000000000000, -0.000000000000000000, -1.000000000000000000 ) ) ;
#2296 =( NAMED_UNIT ( * ) PLANE_ANGLE_UNIT ( ) SI_UNIT ( $, .RADIAN. ) );
#2297 = FILL_AREA_STYLE_COLOUR ( '', #3778 ) ;
#2298 = CARTESIAN_POINT ( 'NONE',  ( 0.7800000000000001377, 0.004999999999999890817, -0.01000000000000000021 ) ) ;
#2299 =( LENGTH_UNIT ( ) NAMED_UNIT ( * ) SI_UNIT ( .MILLI., .METRE. ) );
#2300 = VECTOR ( 'NONE', #5425, 1000.000000000000000 ) ;
#2301 = EDGE_CURVE ( 'NONE', #2849, #3462, #6087, .T. ) ;
#2302 = UNCERTAINTY_MEASURE_WITH_UNIT (LENGTH_MEASURE( 1.000000000000000082E-05 ), #6547, 'distance_accuracy_value', 'NONE');
#2303 = PLANE ( 'NONE',  #6023 ) ;
#2304 = ORIENTED_EDGE ( 'NONE', *, *, #6937, .T. ) ;
#2305 = DIRECTION ( 'NONE',  ( -0.000000000000000000, 0.000000000000000000, -1.000000000000000000 ) ) ;
#2306 = FILL_AREA_STYLE_COLOUR ( '', #4562 ) ;
#2307 = MECHANICAL_DESIGN_GEOMETRIC_PRESENTATION_REPRESENTATION (  '', ( #6600 ), #4056 ) ;
#2308 =( NAMED_UNIT ( * ) SI_UNIT ( $, .STERADIAN. ) SOLID_ANGLE_UNIT ( ) );
#2309 = CIRCLE ( 'NONE', #2758, 0.1200000000000000927 ) ;
#2310 = ORIENTED_EDGE ( 'NONE', *, *, #2934, .F. ) ;
#2311 = CARTESIAN_POINT ( 'NONE',  ( 0.4229071329093481713, -0.5535249773642895166, 0.001000000000000000021 ) ) ;
#2312 = STYLED_ITEM ( 'NONE', ( #3642 ), #2062 ) ;
#2313 = EDGE_CURVE ( 'NONE', #1297, #5291, #1291, .T. ) ;
#2314 =( LENGTH_UNIT ( ) NAMED_UNIT ( * ) SI_UNIT ( .MILLI., .METRE. ) );
#2315 = EDGE_LOOP ( 'NONE', ( #624, #3233, #6130, #1367, #5774 ) ) ;
#2316 = STYLED_ITEM ( 'NONE', ( #3547 ), #5299 ) ;
#2317 = STYLED_ITEM ( 'NONE', ( #6070 ), #4527 ) ;
#2318 = EDGE_CURVE ( 'NONE', #6423, #2272, #3592, .T. ) ;
#2319 = PRESENTATION_LAYER_ASSIGNMENT (  '', '', ( #5457 ) ) ;
#2320 = DIRECTION ( 'NONE',  ( 0.000000000000000000, 0.000000000000000000, 1.000000000000000000 ) ) ;
#2321 = CARTESIAN_POINT ( 'NONE',  ( 0.2575357468820015927, -0.4861995993702720176, 0.000000000000000000 ) ) ;
#2322 = VECTOR ( 'NONE', #5670, 1000.000000000000000 ) ;
#2323 = VERTEX_POINT ( 'NONE', #1327 ) ;
#2324 =( GEOMETRIC_REPRESENTATION_CONTEXT ( 3 ) GLOBAL_UNCERTAINTY_ASSIGNED_CONTEXT ( ( #2810 ) ) GLOBAL_UNIT_ASSIGNED_CONTEXT ( ( #3332, #5551, #1014 ) ) REPRESENTATION_CONTEXT ( 'NONE', 'WORKASPACE' ) );
#2325 = LINE ( 'NONE', #4578, #1771 ) ;
#2326 = PRESENTATION_STYLE_ASSIGNMENT (( #3381 ) ) ;
#2327 = ORIENTED_EDGE ( 'NONE', *, *, #6391, .F. ) ;
#2328 = FILL_AREA_STYLE ('',( #2370 ) ) ;
#2329 = DIRECTION ( 'NONE',  ( -0.000000000000000000, -0.000000000000000000, -1.000000000000000000 ) ) ;
#2330 = UNCERTAINTY_MEASURE_WITH_UNIT (LENGTH_MEASURE( 1.000000000000000082E-05 ), #4919, 'distance_accuracy_value', 'NONE');
#2331 = CARTESIAN_POINT ( 'NONE',  ( -1.000000000000000000, -0.7499999999999997780, 0.000000000000000000 ) ) ;
#2332 = EDGE_LOOP ( 'NONE', ( #2587, #563, #3997, #801 ) ) ;
#2333 = SURFACE_SIDE_STYLE ('',( #2940 ) ) ;
#2334 = PRESENTATION_LAYER_ASSIGNMENT (  '', '', ( #3968 ) ) ;
#2335 = ADVANCED_FACE ( 'NONE', ( #753 ), #4629, .T. ) ;
#2336 =( GEOMETRIC_REPRESENTATION_CONTEXT ( 3 ) GLOBAL_UNCERTAINTY_ASSIGNED_CONTEXT ( ( #4431 ) ) GLOBAL_UNIT_ASSIGNED_CONTEXT ( ( #3394, #2127, #2760 ) ) REPRESENTATION_CONTEXT ( 'NONE', 'WORKASPACE' ) );
#2337 = PRESENTATION_STYLE_ASSIGNMENT (( #84 ) ) ;
#2338 = CARTESIAN_POINT ( 'NONE',  ( 0.3749920550196721436, -0.4959848305398453228, 0.000000000000000000 ) ) ;
#2339 = CARTESIAN_POINT ( 'NONE',  ( -0.2449999999999999956, 0.04000000000000021594, -0.01000000000000000021 ) ) ;
#2340 = CARTESIAN_POINT ( 'NONE',  ( 0.3925154570999159209, -0.5856045762247794606, 0.001000000000000000021 ) ) ;
#2341 = CARTESIAN_POINT ( 'NONE',  ( 0.3704923654335046668, -0.4960032433362431270, 0.000000000000000000 ) ) ;
#2342 = VERTEX_POINT ( 'NONE', #2990 ) ;
#2343 = VERTEX_POINT ( 'NONE', #5770 ) ;
#2344 = DIRECTION ( 'NONE',  ( 0.000000000000000000, 0.000000000000000000, -1.000000000000000000 ) ) ;
#2345 = DIRECTION ( 'NONE',  ( 0.000000000000000000, 1.000000000000000000, 0.000000000000000000 ) ) ;
#2346 = FACE_OUTER_BOUND ( 'NONE', #6576, .T. ) ;
#2347 = VERTEX_POINT ( 'NONE', #152 ) ;
#2348 = VECTOR ( 'NONE', #7134, 1000.000000000000000 ) ;
#2349 = COLOUR_RGB ( '',1.000000000000000000, 1.000000000000000000, 1.000000000000000000 ) ;
#2350 = CARTESIAN_POINT ( 'NONE',  ( 0.1957556076764391251, -0.5755188484735554999, 0.001000000000000000021 ) ) ;
#2351 = EDGE_LOOP ( 'NONE', ( #4235, #800, #1052, #4144 ) ) ;
#2352 = CARTESIAN_POINT ( 'NONE',  ( 0.2191931468073259615, -0.5853992541790034032, 0.001000000000000000021 ) ) ;
#2353 = DIRECTION ( 'NONE',  ( 0.000000000000000000, 0.000000000000000000, -1.000000000000000000 ) ) ;
#2354 = EDGE_LOOP ( 'NONE', ( #1726, #4598, #7139, #3526 ) ) ;
#2355 = COLOUR_RGB ( '',1.000000000000000000, 1.000000000000000000, 1.000000000000000000 ) ;
#2356 = CARTESIAN_POINT ( 'NONE',  ( 0.4111596520194230053, -0.5357220634467220188, -0.000000000000000000 ) ) ;
#2357 = ORIENTED_EDGE ( 'NONE', *, *, #1571, .T. ) ;
#2358 = CIRCLE ( 'NONE', #111, 0.1199999999999999956 ) ;
#2359 = VERTEX_POINT ( 'NONE', #1679 ) ;
#2360 =( LENGTH_UNIT ( ) NAMED_UNIT ( * ) SI_UNIT ( .MILLI., .METRE. ) );
#2361 = DIRECTION ( 'NONE',  ( 0.000000000000000000, 0.000000000000000000, -1.000000000000000000 ) ) ;
#2362 = ORIENTED_EDGE ( 'NONE', *, *, #1513, .T. ) ;
#2363 = VECTOR ( 'NONE', #7038, 1000.000000000000000 ) ;
#2364 = ORIENTED_EDGE ( 'NONE', *, *, #4435, .F. ) ;
#2365 = DIRECTION ( 'NONE',  ( 1.000000000000000000, 0.000000000000000000, 0.000000000000000000 ) ) ;
#2366 = CARTESIAN_POINT ( 'NONE',  ( 0.2090093198767008220, -0.5827786810270670914, 0.000000000000000000 ) ) ;
#2367 = LINE ( 'NONE', #1797, #2611 ) ;
#2368 =( NAMED_UNIT ( * ) PLANE_ANGLE_UNIT ( ) SI_UNIT ( $, .RADIAN. ) );
#2369 = VERTEX_POINT ( 'NONE', #6800 ) ;
#2370 = FILL_AREA_STYLE_COLOUR ( '', #6190 ) ;
#2371 = VERTEX_POINT ( 'NONE', #3423 ) ;
#2372 = CARTESIAN_POINT ( 'NONE',  ( 0.3172918444429772555, -0.5301020383946623005, 0.000000000000000000 ) ) ;
#2373 = DIRECTION ( 'NONE',  ( 1.000000000000000000, 0.000000000000000000, 0.000000000000000000 ) ) ;
#2374 = VECTOR ( 'NONE', #6274, 1000.000000000000000 ) ;
#2375 = DIRECTION ( 'NONE',  ( -0.000000000000000000, -0.000000000000000000, 1.000000000000000000 ) ) ;
#2376 = CARTESIAN_POINT ( 'NONE',  ( 0.2069401720423963420, -0.5024883817759747684, 0.000000000000000000 ) ) ;
#2377 = AXIS2_PLACEMENT_3D ( 'NONE', #7118, #5979, #5442 ) ;
#2378 = CARTESIAN_POINT ( 'NONE',  ( -1.000000000000000222, 0.7500000000000002220, 0.000000000000000000 ) ) ;
#2379 = DIRECTION ( 'NONE',  ( 0.000000000000000000, -0.000000000000000000, -1.000000000000000000 ) ) ;
#2380 = CARTESIAN_POINT ( 'NONE',  ( 0.4049996726976652917, -0.5798895679841798989, 0.000000000000000000 ) ) ;
#2381 = VERTEX_POINT ( 'NONE', #6831 ) ;
#2382 = FACE_OUTER_BOUND ( 'NONE', #1336, .T. ) ;
#2383 = LINE ( 'NONE', #1253, #424 ) ;
#2384 = FILL_AREA_STYLE_COLOUR ( '', #731 ) ;
#2385 = ORIENTED_EDGE ( 'NONE', *, *, #1535, .F. ) ;
#2386 = ORIENTED_EDGE ( 'NONE', *, *, #1516, .F. ) ;
#2387 = PLANE ( 'NONE',  #1654 ) ;
#2388 = STYLED_ITEM ( 'NONE', ( #3588 ), #3051 ) ;
#2389 =( LENGTH_UNIT ( ) NAMED_UNIT ( * ) SI_UNIT ( .MILLI., .METRE. ) );
#2390 = DIRECTION ( 'NONE',  ( 0.000000000000000000, -1.000000000000000000, -0.000000000000000000 ) ) ;
#2391 = STYLED_ITEM ( 'NONE', ( #4799 ), #134 ) ;
#2392 = DIRECTION ( 'NONE',  ( -1.000000000000000000, 0.000000000000000000, 0.000000000000000000 ) ) ;
#2393 = ORIENTED_EDGE ( 'NONE', *, *, #2032, .T. ) ;
#2394 = MECHANICAL_DESIGN_GEOMETRIC_PRESENTATION_REPRESENTATION (  '', ( #6217 ), #5422 ) ;
#2395 = EDGE_CURVE ( 'NONE', #1206, #4007, #3937, .T. ) ;
#2396 = CARTESIAN_POINT ( 'NONE',  ( -0.2550000000000000044, 0.4100000000000001976, 0.1000000000000000056 ) ) ;
#2397 = VECTOR ( 'NONE', #77, 1000.000000000000000 ) ;
#2398 = ORIENTED_EDGE ( 'NONE', *, *, #7046, .F. ) ;
#2399 = DIRECTION ( 'NONE',  ( 1.000000000000000000, 0.000000000000000000, 0.000000000000000000 ) ) ;
#2400 = CARTESIAN_POINT ( 'NONE',  ( 0.2191931468073259615, -0.5853992541790034032, 0.000000000000000000 ) ) ;
#2401 = EDGE_CURVE ( 'NONE', #2028, #2901, #5077, .T. ) ;
#2402 = LINE ( 'NONE', #4609, #4457 ) ;
#2403 = PRESENTATION_STYLE_ASSIGNMENT (( #6290 ) ) ;
#2404 = VERTEX_POINT ( 'NONE', #1204 ) ;
#2405 = UNCERTAINTY_MEASURE_WITH_UNIT (LENGTH_MEASURE( 1.000000000000000082E-05 ), #5996, 'distance_accuracy_value', 'NONE');
#2406 = ORIENTED_EDGE ( 'NONE', *, *, #7135, .F. ) ;
#2407 = CARTESIAN_POINT ( 'NONE',  ( 0.2550000000000000044, -0.2199999999999998068, 0.1000000000000000056 ) ) ;
#2408 = CARTESIAN_POINT ( 'NONE',  ( 0.1904625761502943271, -0.5352278005897842528, 0.001000000000000000021 ) ) ;
#2409 = FACE_OUTER_BOUND ( 'NONE', #6168, .T. ) ;
#2410 = EDGE_CURVE ( 'NONE', #678, #640, #3498, .T. ) ;
#2411 =( LENGTH_UNIT ( ) NAMED_UNIT ( * ) SI_UNIT ( .MILLI., .METRE. ) );
#2412 = FILL_AREA_STYLE_COLOUR ( '', #4023 ) ;
#2413 = ORIENTED_EDGE ( 'NONE', *, *, #2093, .T. ) ;
#2414 = DIRECTION ( 'NONE',  ( 1.000000000000000000, 0.000000000000000000, 0.000000000000000000 ) ) ;
#2415 = ORIENTED_EDGE ( 'NONE', *, *, #4659, .F. ) ;
#2416 = CARTESIAN_POINT ( 'NONE',  ( 0.1272575456624893964, -0.5054069164434428219, 0.001000000000000000021 ) ) ;
#2417 = ORIENTED_EDGE ( 'NONE', *, *, #7135, .T. ) ;
#2418 = CARTESIAN_POINT ( 'NONE',  ( 0.07948696639419673693, -0.5861995993702721064, 0.001000000000000000021 ) ) ;
#2419 = EDGE_CURVE ( 'NONE', #3569, #2542, #2325, .T. ) ;
#2420 = EDGE_CURVE ( 'NONE', #2381, #1290, #1132, .T. ) ;
#2421 = VERTEX_POINT ( 'NONE', #3380 ) ;
#2422 = ORIENTED_EDGE ( 'NONE', *, *, #5395, .T. ) ;
#2423 = AXIS2_PLACEMENT_3D ( 'NONE', #5377, #1942, #4170 ) ;
#2424 = DIRECTION ( 'NONE',  ( -0.000000000000000000, 1.000000000000000000, 0.000000000000000000 ) ) ;
#2425 = VECTOR ( 'NONE', #7167, 1000.000000000000000 ) ;
#2426 = VERTEX_POINT ( 'NONE', #5596 ) ;
#2427 = CARTESIAN_POINT ( 'NONE',  ( -1.000000000000000222, -0.1250000000000001110, 0.000000000000000000 ) ) ;
#2428 = VECTOR ( 'NONE', #3050, 1000.000000000000000 ) ;
#2429 = CARTESIAN_POINT ( 'NONE',  ( 0.1771674942839210898, -0.5405330572988684690, 0.000000000000000000 ) ) ;
#2430 = PRESENTATION_LAYER_ASSIGNMENT (  '', '', ( #3121 ) ) ;
#2431 = CARTESIAN_POINT ( 'NONE',  ( -0.7800000000000010258, -0.1250000000000001110, -0.01000000000000000021 ) ) ;
#2432 = COLOUR_RGB ( '',0.000000000000000000, 0.000000000000000000, 0.000000000000000000 ) ;
#2433 = DIRECTION ( 'NONE',  ( -0.000000000000000000, -0.000000000000000000, -1.000000000000000000 ) ) ;
#2434 = COLOUR_RGB ( '',1.000000000000000000, 1.000000000000000000, 1.000000000000000000 ) ;
#2435 = FILL_AREA_STYLE ('',( #1391 ) ) ;
#2436 = DIRECTION ( 'NONE',  ( -0.000000000000000000, -0.000000000000000000, -1.000000000000000000 ) ) ;
#2437 = STYLED_ITEM ( 'NONE', ( #5969 ), #629 ) ;
#2438 = EDGE_LOOP ( 'NONE', ( #3425, #7087, #4681, #5286 ) ) ;
#2439 = SURFACE_STYLE_USAGE ( .BOTH. , #6915 ) ;
#2440 = DIRECTION ( 'NONE',  ( -1.000000000000000000, 0.000000000000000000, 0.000000000000000000 ) ) ;
#2441 = EDGE_CURVE ( 'NONE', #2343, #4003, #5632, .T. ) ;
#2442 =( GEOMETRIC_REPRESENTATION_CONTEXT ( 3 ) GLOBAL_UNCERTAINTY_ASSIGNED_CONTEXT ( ( #4661 ) ) GLOBAL_UNIT_ASSIGNED_CONTEXT ( ( #4380, #1644, #1050 ) ) REPRESENTATION_CONTEXT ( 'NONE', 'WORKASPACE' ) );
#2443 = FACE_OUTER_BOUND ( 'NONE', #6398, .T. ) ;
#2444 = SURFACE_STYLE_USAGE ( .BOTH. , #5200 ) ;
#2445 = PRESENTATION_STYLE_ASSIGNMENT (( #1923 ) ) ;
#2446 = CARTESIAN_POINT ( 'NONE',  ( -0.7800000000000010258, -0.3750000000000001110, 0.1000000000000000056 ) ) ;
#2447 = DIRECTION ( 'NONE',  ( 1.000000000000000000, 0.000000000000000000, 0.000000000000000000 ) ) ;
#2448 = VECTOR ( 'NONE', #5056, 1000.000000000000114 ) ;
#2449 = CARTESIAN_POINT ( 'NONE',  ( 0.4106171646710967127, -0.5283205455509889514, 0.001000000000000000021 ) ) ;
#2450 = LINE ( 'NONE', #6366, #3793 ) ;
#2451 = CARTESIAN_POINT ( 'NONE',  ( 0.3529842778476456333, -0.5715987815624522517, 0.000000000000000000 ) ) ;
#2452 = VERTEX_POINT ( 'NONE', #5708 ) ;
#2453 = CARTESIAN_POINT ( 'NONE',  ( 0.1250000000000000000, -0.2199999999999998068, -0.01000000000000000021 ) ) ;
#2454 = DIRECTION ( 'NONE',  ( 1.000000000000000000, 0.000000000000000000, 0.000000000000000000 ) ) ;
#2455 = SURFACE_SIDE_STYLE ('',( #2491 ) ) ;
#2456 = PRESENTATION_STYLE_ASSIGNMENT (( #3597 ) ) ;
#2457 = ORIENTED_EDGE ( 'NONE', *, *, #3158, .T. ) ;
#2458 =( GEOMETRIC_REPRESENTATION_CONTEXT ( 3 ) GLOBAL_UNCERTAINTY_ASSIGNED_CONTEXT ( ( #5082 ) ) GLOBAL_UNIT_ASSIGNED_CONTEXT ( ( #1341, #1995, #907 ) ) REPRESENTATION_CONTEXT ( 'NONE', 'WORKASPACE' ) );
#2459 = ORIENTED_EDGE ( 'NONE', *, *, #6062, .F. ) ;
#2460 = AXIS2_PLACEMENT_3D ( 'NONE', #3416, #6172, #4935 ) ;
#2461 = DIRECTION ( 'NONE',  ( 0.000000000000000000, 0.000000000000000000, -1.000000000000000000 ) ) ;
#2462 = EDGE_LOOP ( 'NONE', ( #5375, #3037, #4534, #1109 ) ) ;
#2463 = LINE ( 'NONE', #863, #2159 ) ;
#2464 = ORIENTED_EDGE ( 'NONE', *, *, #6621, .T. ) ;
#2465 = CARTESIAN_POINT ( 'NONE',  ( -0.6599999999999999201, 0.004999999999999889949, 0.000000000000000000 ) ) ;
#2466 = CARTESIAN_POINT ( 'NONE',  ( 0.1998830913044560009, -0.5784115296995466782, 0.000000000000000000 ) ) ;
#2467 = AXIS2_PLACEMENT_3D ( 'NONE', #1421, #6539, #1938 ) ;
#2468 = CARTESIAN_POINT ( 'NONE',  ( 0.07948696639419673693, -0.5861995993702721064, 0.001000000000000000021 ) ) ;
#2469 = VECTOR ( 'NONE', #6530, 1000.000000000000000 ) ;
#2470 = CARTESIAN_POINT ( 'NONE',  ( 0.3502186737112699677, -0.5700410627849062939, 0.000000000000000000 ) ) ;
#2471 = UNCERTAINTY_MEASURE_WITH_UNIT (LENGTH_MEASURE( 1.000000000000000082E-05 ), #5202, 'distance_accuracy_value', 'NONE');
#2472 = EDGE_CURVE ( 'NONE', #2272, #3969, #6289, .T. ) ;
#2473 = ORIENTED_EDGE ( 'NONE', *, *, #3352, .F. ) ;
#2474 = LINE ( 'NONE', #5679, #2428 ) ;
#2475 = CARTESIAN_POINT ( 'NONE',  ( 0.3511570127887688186, -0.5815345975079931895, -0.000000000000000000 ) ) ;
#2476 = UNCERTAINTY_MEASURE_WITH_UNIT (LENGTH_MEASURE( 1.000000000000000082E-05 ), #1538, 'distance_accuracy_value', 'NONE');
#2477 = CARTESIAN_POINT ( 'NONE',  ( -0.2550000000000000044, -0.07999999999999977962, 0.1000000000000000056 ) ) ;
#2478 = CARTESIAN_POINT ( 'NONE',  ( 0.4111942834673675273, -0.5372666725410037980, 0.000000000000000000 ) ) ;
#2479 = CARTESIAN_POINT ( 'NONE',  ( 0.7800000000000009148, -0.1250000000000001110, -0.01000000000000000021 ) ) ;
#2480 = AXIS2_PLACEMENT_3D ( 'NONE', #4092, #1217, #2447 ) ;
#2481 = CARTESIAN_POINT ( 'NONE',  ( 0.3878238294219084059, -0.5866678277144539155, 0.001000000000000000021 ) ) ;
#2482 = EDGE_LOOP ( 'NONE', ( #6705, #4902, #4563, #6443 ) ) ;
#2483 = PRESENTATION_STYLE_ASSIGNMENT (( #5761 ) ) ;
#2484 = DIRECTION ( 'NONE',  ( -0.000000000000000000, -0.000000000000000000, -1.000000000000000000 ) ) ;
#2485 =( NAMED_UNIT ( * ) PLANE_ANGLE_UNIT ( ) SI_UNIT ( $, .RADIAN. ) );
#2486 = MECHANICAL_DESIGN_GEOMETRIC_PRESENTATION_REPRESENTATION (  '', ( #6611 ), #5268 ) ;
#2487 = CARTESIAN_POINT ( 'NONE',  ( 0.3687859063528910464, -0.5760755902005445517, 0.000000000000000000 ) ) ;
#2488 = VERTEX_POINT ( 'NONE', #4539 ) ;
#2489 = DIRECTION ( 'NONE',  ( 0.000000000000000000, 0.000000000000000000, -1.000000000000000000 ) ) ;
#2490 = CARTESIAN_POINT ( 'NONE',  ( 0.3758855944429772000, -0.5764435018092963769, 0.000000000000000000 ) ) ;
#2491 = SURFACE_STYLE_FILL_AREA ( #175 ) ;
#2492 = CARTESIAN_POINT ( 'NONE',  ( 0.000000000000000000, 0.000000000000000000, 0.001000000000000000021 ) ) ;
#2493 = STYLED_ITEM ( 'NONE', ( #2456 ), #2718 ) ;
#2494 = VECTOR ( 'NONE', #2559, 1000.000000000000000 ) ;
#2495 = CARTESIAN_POINT ( 'NONE',  ( 0.7800000000000009148, -0.3750000000000001110, 0.1000000000000000056 ) ) ;
#2496 = EDGE_CURVE ( 'NONE', #4613, #5124, #6767, .T. ) ;
#2497 = LINE ( 'NONE', #3567, #5522 ) ;
#2498 = VERTEX_POINT ( 'NONE', #5045 ) ;
#2499 = FILL_AREA_STYLE ('',( #906 ) ) ;
#2501 = ORIENTED_EDGE ( 'NONE', *, *, #4883, .F. ) ;
#2500 = COLOUR_RGB ( '',0.000000000000000000, 0.000000000000000000, 0.000000000000000000 ) ;
#2502 = SURFACE_STYLE_USAGE ( .BOTH. , #373 ) ;
#2503 = FACE_OUTER_BOUND ( 'NONE', #2931, .T. ) ;
#2504 =( GEOMETRIC_REPRESENTATION_CONTEXT ( 3 ) GLOBAL_UNCERTAINTY_ASSIGNED_CONTEXT ( ( #3701 ) ) GLOBAL_UNIT_ASSIGNED_CONTEXT ( ( #5608, #1661, #491 ) ) REPRESENTATION_CONTEXT ( 'NONE', 'WORKASPACE' ) );
#2505 = CARTESIAN_POINT ( 'NONE',  ( 1.010000000000000231, -0.3750000000000001110, -0.01000000000000000021 ) ) ;
#2506 = FILL_AREA_STYLE_COLOUR ( '', #6041 ) ;
#2507 = B_SPLINE_SURFACE_WITH_KNOTS ( 'NONE', 3, 1, ( 
 ( #48, #10 ),
 ( #1687, #2338 ),
 ( #2907, #5133 ),
 ( #4984, #124 ),
 ( #4396, #516 ),
 ( #2258, #2225 ),
 ( #6147, #197 ),
 ( #275, #1921 ),
 ( #6807, #3016 ),
 ( #5788, #1804 ),
 ( #811, #6333 ),
 ( #1356, #4151 ),
 ( #5198, #2983 ),
 ( #4182, #6298 ),
 ( #4049, #6256 ),
 ( #6405, #1399 ),
 ( #1319, #1285 ),
 ( #779, #3582 ),
 ( #6360, #2478 ) ),
 .UNSPECIFIED., .F., .F., .F.,
 ( 4, 1, 1, 1, 1, 1, 1, 1, 1, 1, 1, 1, 1, 1, 1, 1, 4 ),
 ( 2, 2 ),
 ( 0.000000000000000000, 0.06460397028839146016, 0.1267024139629466528, 0.1867568140356178630, 0.2455056873654376248, 0.3036520244499755772, 0.3615030739706256435, 0.4202402229284677437, 0.4800333407766952387, 0.5406781347755161837, 0.6011918063807818458, 0.6623335024774419377, 0.7247395102972320480, 0.7894677361728869025, 0.8565048600438299742, 0.9263120958391908299, 1.000000000000000000 ),
 ( 0.000000000000000000, 1.000000000000000000 ),
 .UNSPECIFIED. ) ;
#2508 = EDGE_CURVE ( 'NONE', #2452, #92, #2935, .T. ) ;
#2509 = VERTEX_POINT ( 'NONE', #4006 ) ;
#2510 = DIRECTION ( 'NONE',  ( 1.000000000000000000, 0.000000000000000000, 0.000000000000000000 ) ) ;
#2511 = COLOUR_RGB ( '',1.000000000000000000, 1.000000000000000000, 1.000000000000000000 ) ;
#2512 = CARTESIAN_POINT ( 'NONE',  ( 0.2293726371259040553, -0.4971752091263696438, 0.001000000000000000021 ) ) ;
#2513 = SURFACE_STYLE_USAGE ( .BOTH. , #1247 ) ;
#2514 = LINE ( 'NONE', #1961, #6100 ) ;
#2515 = LINE ( 'NONE', #3058, #4982 ) ;
#2516 = CARTESIAN_POINT ( 'NONE',  ( 0.3613975272932808402, -0.4975270844085546984, 0.000000000000000000 ) ) ;
#2517 = CARTESIAN_POINT ( 'NONE',  ( 0.4246089176137089471, -0.5380860322971012799, 0.000000000000000000 ) ) ;
#2518 = DIRECTION ( 'NONE',  ( 0.000000000000000000, 1.000000000000000000, 0.000000000000000000 ) ) ;
#2519 = EDGE_CURVE ( 'NONE', #1090, #3488, #6354, .T. ) ;
#2520 = CARTESIAN_POINT ( 'NONE',  ( 0.3511379067241536256, -0.5705588182027100386, 0.001000000000000000021 ) ) ;
#2521 = ORIENTED_EDGE ( 'NONE', *, *, #5525, .F. ) ;
#2522 = LINE ( 'NONE', #5281, #4891 ) ;
#2523 = CARTESIAN_POINT ( 'NONE',  ( 0.3703188957543319670, -0.4850046926251788681, 0.001000000000000000021 ) ) ;
#2524 = CARTESIAN_POINT ( 'NONE',  ( 0.4246089176137089471, -0.5380860322971012799, 0.000000000000000000 ) ) ;
#2525 =( NAMED_UNIT ( * ) SI_UNIT ( $, .STERADIAN. ) SOLID_ANGLE_UNIT ( ) );
#2526 = EDGE_CURVE ( 'NONE', #5228, #4723, #109, .T. ) ;
#2527 = VERTEX_POINT ( 'NONE', #5155 ) ;
#2528 = VERTEX_POINT ( 'NONE', #656 ) ;
#2529 = DIRECTION ( 'NONE',  ( -0.000000000000000000, 1.000000000000000000, -0.000000000000000000 ) ) ;
#2530 = ORIENTED_EDGE ( 'NONE', *, *, #427, .F. ) ;
#2531 = EDGE_CURVE ( 'NONE', #2849, #1182, #2367, .T. ) ;
#2532 = ORIENTED_EDGE ( 'NONE', *, *, #2607, .F. ) ;
#2533 =( NAMED_UNIT ( * ) SI_UNIT ( $, .STERADIAN. ) SOLID_ANGLE_UNIT ( ) );
#2534 = VECTOR ( 'NONE', #2484, 1000.000000000000000 ) ;
#2535 =( NAMED_UNIT ( * ) PLANE_ANGLE_UNIT ( ) SI_UNIT ( $, .RADIAN. ) );
#2536 = ORIENTED_EDGE ( 'NONE', *, *, #6926, .T. ) ;
#2537 = FILL_AREA_STYLE ('',( #297 ) ) ;
#2538 =( NAMED_UNIT ( * ) SI_UNIT ( $, .STERADIAN. ) SOLID_ANGLE_UNIT ( ) );
#2539 = CARTESIAN_POINT ( 'NONE',  ( 0.1778928058928685996, -0.5244159772276635323, 0.001000000000000000021 ) ) ;
#2540 = MECHANICAL_DESIGN_GEOMETRIC_PRESENTATION_REPRESENTATION (  '', ( #2316 ), #6253 ) ;
#2541 = AXIS2_PLACEMENT_3D ( 'NONE', #4604, #4229, #4643 ) ;
#2542 = VERTEX_POINT ( 'NONE', #1235 ) ;
#2543 = CARTESIAN_POINT ( 'NONE',  ( 0.1250000000000000000, 0.7600000000000002309, 0.1000000000000000056 ) ) ;
#2544 = COLOUR_RGB ( '',0.000000000000000000, 0.000000000000000000, 0.000000000000000000 ) ;
#2545 = CARTESIAN_POINT ( 'NONE',  ( 0.2041562546954868163, -0.4912774532693362506, 0.001000000000000000021 ) ) ;
#2546 = EDGE_CURVE ( 'NONE', #693, #1238, #2402, .T. ) ;
#2547 = UNCERTAINTY_MEASURE_WITH_UNIT (LENGTH_MEASURE( 1.000000000000000082E-05 ), #352, 'distance_accuracy_value', 'NONE');
#2548 = VECTOR ( 'NONE', #1802, 1000.000000000000000 ) ;
#2549 = ORIENTED_EDGE ( 'NONE', *, *, #5921, .T. ) ;
#2550 = CARTESIAN_POINT ( 'NONE',  ( 0.2172509204613785327, -0.4984388697806704793, 0.000000000000000000 ) ) ;
#2551 = LINE ( 'NONE', #6552, #2697 ) ;
#2552 = SURFACE_STYLE_FILL_AREA ( #5272 ) ;
#2553 = CARTESIAN_POINT ( 'NONE',  ( 0.3901804090712877593, -0.5738632129802957449, 0.000000000000000000 ) ) ;
#2554 = ORIENTED_EDGE ( 'NONE', *, *, #6052, .F. ) ;
#2555 = CARTESIAN_POINT ( 'NONE',  ( 0.4331455029795626133, -0.5752239896141745357, 0.001000000000000000021 ) ) ;
#2556 = PRESENTATION_LAYER_ASSIGNMENT (  '', '', ( #7095 ) ) ;
#2557 = EDGE_CURVE ( 'NONE', #5331, #4349, #2024, .T. ) ;
#2558 = DIRECTION ( 'NONE',  ( -1.000000000000000000, 0.000000000000000000, 0.000000000000000000 ) ) ;
#2559 = DIRECTION ( 'NONE',  ( 0.000000000000000000, -1.000000000000000000, 0.000000000000000000 ) ) ;
#2560 = COLOUR_RGB ( '',0.000000000000000000, 0.000000000000000000, 0.000000000000000000 ) ;
#2561 = SURFACE_STYLE_FILL_AREA ( #2639 ) ;
#2562 = CARTESIAN_POINT ( 'NONE',  ( -0.3750000000000000000, 0.000000000000000000, 0.000000000000000000 ) ) ;
#2563 = CARTESIAN_POINT ( 'NONE',  ( 0.1770479420039528240, -0.5349419774190524723, 0.000000000000000000 ) ) ;
#2564 = LINE ( 'NONE', #4818, #2363 ) ;
#2565 = CARTESIAN_POINT ( 'NONE',  ( 0.000000000000000000, 0.1249999999999998890, 0.000000000000000000 ) ) ;
#2566 = ADVANCED_FACE ( 'NONE', ( #5984 ), #977, .F. ) ;
#2567 = MECHANICAL_DESIGN_GEOMETRIC_PRESENTATION_REPRESENTATION (  '', ( #3973 ), #5823 ) ;
#2568 = DIRECTION ( 'NONE',  ( -0.000000000000000000, 1.000000000000000000, -0.000000000000000000 ) ) ;
#2569 =( LENGTH_UNIT ( ) NAMED_UNIT ( * ) SI_UNIT ( .MILLI., .METRE. ) );
#2570 = CARTESIAN_POINT ( 'NONE',  ( 0.3621088083893477805, -0.5748820967968468754, 0.000000000000000000 ) ) ;
#2571 = ORIENTED_EDGE ( 'NONE', *, *, #1419, .F. ) ;
#2572 = AXIS2_PLACEMENT_3D ( 'NONE', #1205, #4500, #4975 ) ;
#2573 = FILL_AREA_STYLE ('',( #4686 ) ) ;
#2574 =( GEOMETRIC_REPRESENTATION_CONTEXT ( 3 ) GLOBAL_UNCERTAINTY_ASSIGNED_CONTEXT ( ( #1279 ) ) GLOBAL_UNIT_ASSIGNED_CONTEXT ( ( #4695, #4612, #114 ) ) REPRESENTATION_CONTEXT ( 'NONE', 'WORKASPACE' ) );
#2575 = ORIENTED_EDGE ( 'NONE', *, *, #2557, .F. ) ;
#2576 =( GEOMETRIC_REPRESENTATION_CONTEXT ( 3 ) GLOBAL_UNCERTAINTY_ASSIGNED_CONTEXT ( ( #1653 ) ) GLOBAL_UNIT_ASSIGNED_CONTEXT ( ( #2815, #5109, #5210 ) ) REPRESENTATION_CONTEXT ( 'NONE', 'WORKASPACE' ) );
#2577 = CARTESIAN_POINT ( 'NONE',  ( -0.3750000000000000000, -0.7499999999999997780, 0.000000000000000000 ) ) ;
#2578 = PRESENTATION_STYLE_ASSIGNMENT (( #2893 ) ) ;
#2579 = STYLED_ITEM ( 'NONE', ( #2403 ), #6432 ) ;
#2580 = VECTOR ( 'NONE', #5958, 1000.000000000000000 ) ;
#2581 = ORIENTED_EDGE ( 'NONE', *, *, #6578, .T. ) ;
#2582 = CARTESIAN_POINT ( 'NONE',  ( 0.3868761071660521966, -0.5750256954996062486, 0.000000000000000000 ) ) ;
#2583 = AXIS2_PLACEMENT_3D ( 'NONE', #6856, #214, #1857 ) ;
#2584 = CARTESIAN_POINT ( 'NONE',  ( 0.3626178211347001468, -0.5858613039959079671, 0.000000000000000000 ) ) ;
#2585 =( NAMED_UNIT ( * ) SI_UNIT ( $, .STERADIAN. ) SOLID_ANGLE_UNIT ( ) );
#2586 = CARTESIAN_POINT ( 'NONE',  ( 0.1853734146160060936, -0.5065621709452242660, 0.001000000000000000021 ) ) ;
#2587 = ORIENTED_EDGE ( 'NONE', *, *, #2968, .F. ) ;
#2588 = LINE ( 'NONE', #874, #3246 ) ;
#2589 = CARTESIAN_POINT ( 'NONE',  ( 0.1986197152704076707, -0.5092025927099153026, 0.001000000000000000021 ) ) ;
#2590 = ORIENTED_EDGE ( 'NONE', *, *, #6381, .T. ) ;
#2591 = VECTOR ( 'NONE', #2454, 1000.000000000000000 ) ;
#2592 = CARTESIAN_POINT ( 'NONE',  ( 0.2172509204613785327, -0.4984388697806704793, 0.001000000000000000021 ) ) ;
#2593 = CARTESIAN_POINT ( 'NONE',  ( -0.2449999999999999956, 0.04000000000000021594, -0.01000000000000000021 ) ) ;
#2594 = DIRECTION ( 'NONE',  ( 0.000000000000000000, 0.000000000000000000, 1.000000000000000000 ) ) ;
#2595 = CARTESIAN_POINT ( 'NONE',  ( 0.4088297266646034878, -0.5534028231846632728, 0.000000000000000000 ) ) ;
#2596 = DIRECTION ( 'NONE',  ( 1.000000000000000000, 0.000000000000000000, -0.000000000000000000 ) ) ;
#2597 = CARTESIAN_POINT ( 'NONE',  ( 0.2770479420039528295, -0.5861995993702721064, 0.001000000000000000021 ) ) ;
#2598 = CARTESIAN_POINT ( 'NONE',  ( 0.2794869663941967897, -0.4971752091263696438, 0.000000000000000000 ) ) ;
#2599 = UNCERTAINTY_MEASURE_WITH_UNIT (LENGTH_MEASURE( 1.000000000000000082E-05 ), #4776, 'distance_accuracy_value', 'NONE');
#2600 = DIRECTION ( 'NONE',  ( 0.000000000000000000, -1.000000000000000000, 0.000000000000000000 ) ) ;
#2601 = DIRECTION ( 'NONE',  ( -0.000000000000000000, 0.000000000000000000, -1.000000000000000000 ) ) ;
#2602 = ADVANCED_FACE ( 'NONE', ( #6051 ), #941, .T. ) ;
#2603 = CARTESIAN_POINT ( 'NONE',  ( 0.4190739941734889507, -0.5118091474197109525, 0.000000000000000000 ) ) ;
#2604 = LINE ( 'NONE', #5874, #3532 ) ;
#2605 = FILL_AREA_STYLE ('',( #2680 ) ) ;
#2606 = ORIENTED_EDGE ( 'NONE', *, *, #1587, .T. ) ;
#2607 = EDGE_CURVE ( 'NONE', #685, #5630, #6652, .T. ) ;
#2608 =( NAMED_UNIT ( * ) PLANE_ANGLE_UNIT ( ) SI_UNIT ( $, .RADIAN. ) );
#2609 = VECTOR ( 'NONE', #3708, 1000.000000000000114 ) ;
#2610 = CARTESIAN_POINT ( 'NONE',  ( 0.1770479420039528240, -0.5349419774190524723, 0.001000000000000000021 ) ) ;
#2611 = VECTOR ( 'NONE', #6244, 1000.000000000000114 ) ;
#2612 = CARTESIAN_POINT ( 'NONE',  ( 0.7800000000000009148, 0.1249999999999998890, 0.000000000000000000 ) ) ;
#2613 = ORIENTED_EDGE ( 'NONE', *, *, #5313, .T. ) ;
#2614 = CARTESIAN_POINT ( 'NONE',  ( 0.1770878587933302772, -0.5331292807619542051, -0.000000000000000000 ) ) ;
#2615 = EDGE_LOOP ( 'NONE', ( #2415, #3765, #6974, #6605, #807, #3442 ) ) ;
#2616 = LINE ( 'NONE', #1242, #2842 ) ;
#2617 = PRESENTATION_STYLE_ASSIGNMENT (( #2502 ) ) ;
#2618 =( GEOMETRIC_REPRESENTATION_CONTEXT ( 3 ) GLOBAL_UNCERTAINTY_ASSIGNED_CONTEXT ( ( #464 ) ) GLOBAL_UNIT_ASSIGNED_CONTEXT ( ( #5772, #5322, #754 ) ) REPRESENTATION_CONTEXT ( 'NONE', 'WORKASPACE' ) );
#2619 = SURFACE_STYLE_FILL_AREA ( #375 ) ;
#2620 = ORIENTED_EDGE ( 'NONE', *, *, #7102, .F. ) ;
#2621 = CARTESIAN_POINT ( 'NONE',  ( 0.3737395375826473853, -0.5873722642106351532, 0.000000000000000000 ) ) ;
#2622 = DIRECTION ( 'NONE',  ( 1.000000000000000000, 0.000000000000000000, 0.000000000000000000 ) ) ;
#2623 =( GEOMETRIC_REPRESENTATION_CONTEXT ( 3 ) GLOBAL_UNCERTAINTY_ASSIGNED_CONTEXT ( ( #7175 ) ) GLOBAL_UNIT_ASSIGNED_CONTEXT ( ( #6969, #5410, #2681 ) ) REPRESENTATION_CONTEXT ( 'NONE', 'WORKASPACE' ) );
#2624 = ORIENTED_EDGE ( 'NONE', *, *, #5436, .T. ) ;
#2625 = DIRECTION ( 'NONE',  ( 0.000000000000000000, 1.000000000000000000, 0.000000000000000000 ) ) ;
#2626 = PRESENTATION_LAYER_ASSIGNMENT (  '', '', ( #270 ) ) ;
#2627 = ADVANCED_FACE ( 'NONE', ( #3761 ), #2240, .T. ) ;
#2628 =( GEOMETRIC_REPRESENTATION_CONTEXT ( 3 ) GLOBAL_UNCERTAINTY_ASSIGNED_CONTEXT ( ( #6084 ) ) GLOBAL_UNIT_ASSIGNED_CONTEXT ( ( #5750, #3013, #6839 ) ) REPRESENTATION_CONTEXT ( 'NONE', 'WORKASPACE' ) );
#2629 = UNCERTAINTY_MEASURE_WITH_UNIT (LENGTH_MEASURE( 1.000000000000000082E-05 ), #7189, 'distance_accuracy_value', 'NONE');
#2630 = ORIENTED_EDGE ( 'NONE', *, *, #7150, .F. ) ;
#2631 = FILL_AREA_STYLE_COLOUR ( '', #5476 ) ;
#2632 = CARTESIAN_POINT ( 'NONE',  ( 0.4331455029795626133, -0.5752239896141745357, 0.000000000000000000 ) ) ;
#2633 = CARTESIAN_POINT ( 'NONE',  ( 0.2441211127356601451, -0.5752239896141745357, 0.000000000000000000 ) ) ;
#2634 = CARTESIAN_POINT ( 'NONE',  ( -0.3750000000000000000, -0.07999999999999977962, 0.000000000000000000 ) ) ;
#2635 = LINE ( 'NONE', #2555, #3842 ) ;
#2636 = VECTOR ( 'NONE', #880, 1000.000000000000000 ) ;
#2637 = DIRECTION ( 'NONE',  ( 0.000000000000000000, 0.000000000000000000, -1.000000000000000000 ) ) ;
#2638 = EDGE_CURVE ( 'NONE', #409, #5127, #6165, .T. ) ;
#2639 = FILL_AREA_STYLE ('',( #2053 ) ) ;
#2640 = AXIS2_PLACEMENT_3D ( 'NONE', #2169, #2027, #938 ) ;
#2641 = FILL_AREA_STYLE ('',( #3204 ) ) ;
#2642 = CARTESIAN_POINT ( 'NONE',  ( 0.3939533823349847808, -0.4885304565887013672, 0.001000000000000000021 ) ) ;
#2643 = CARTESIAN_POINT ( 'NONE',  ( 0.1253330029795625966, -0.4983947213214915406, 0.000000000000000000 ) ) ;
#2644 =( NAMED_UNIT ( * ) SI_UNIT ( $, .STERADIAN. ) SOLID_ANGLE_UNIT ( ) );
#2645 = PLANE ( 'NONE',  #3239 ) ;
#2646 = CARTESIAN_POINT ( 'NONE',  ( 0.3750000000000000000, -0.2199999999999998068, 0.1000000000000000056 ) ) ;
#2647 = LINE ( 'NONE', #3817, #1189 ) ;
#2648 = DIRECTION ( 'NONE',  ( -0.000000000000000000, -0.000000000000000000, -1.000000000000000000 ) ) ;
#2649 = ADVANCED_FACE ( 'NONE', ( #1120 ), #6755, .T. ) ;
#2650 =( NAMED_UNIT ( * ) SI_UNIT ( $, .STERADIAN. ) SOLID_ANGLE_UNIT ( ) );
#2651 = ORIENTED_EDGE ( 'NONE', *, *, #2213, .T. ) ;
#2652 = LINE ( 'NONE', #1594, #5532 ) ;
#2653 = VERTEX_POINT ( 'NONE', #5620 ) ;
#2654 = SURFACE_STYLE_USAGE ( .BOTH. , #2071 ) ;
#2655 =( NAMED_UNIT ( * ) PLANE_ANGLE_UNIT ( ) SI_UNIT ( $, .RADIAN. ) );
#2656 = UNCERTAINTY_MEASURE_WITH_UNIT (LENGTH_MEASURE( 1.000000000000000082E-05 ), #3431, 'distance_accuracy_value', 'NONE');
#2657 = LINE ( 'NONE', #4352, #4782 ) ;
#2658 = FACE_OUTER_BOUND ( 'NONE', #1903, .T. ) ;
#2659 = CARTESIAN_POINT ( 'NONE',  ( 0.7800000000000008038, 0.6249999999999998890, 0.1000000000000000056 ) ) ;
#2660 = ORIENTED_EDGE ( 'NONE', *, *, #4259, .F. ) ;
#2661 = PRESENTATION_STYLE_ASSIGNMENT (( #3766 ) ) ;
#2662 = COLOUR_RGB ( '',1.000000000000000000, 1.000000000000000000, 1.000000000000000000 ) ;
#2663 = CARTESIAN_POINT ( 'NONE',  ( 0.2251700919548385582, -0.4972616827091995151, 0.001000000000000000021 ) ) ;
#2664 = COLOUR_RGB ( '',0.000000000000000000, 0.000000000000000000, 0.000000000000000000 ) ;
#2665 = SURFACE_STYLE_USAGE ( .BOTH. , #346 ) ;
#2666 =( GEOMETRIC_REPRESENTATION_CONTEXT ( 3 ) GLOBAL_UNCERTAINTY_ASSIGNED_CONTEXT ( ( #6917 ) ) GLOBAL_UNIT_ASSIGNED_CONTEXT ( ( #4265, #5902, #392 ) ) REPRESENTATION_CONTEXT ( 'NONE', 'WORKASPACE' ) );
#2667 = CARTESIAN_POINT ( 'NONE',  ( 0.4246089176137089471, -0.5380860322971012799, 0.000000000000000000 ) ) ;
#2668 = ADVANCED_FACE ( 'NONE', ( #177 ), #5696, .T. ) ;
#2669 = SURFACE_STYLE_USAGE ( .BOTH. , #415 ) ;
#2670 = ORIENTED_EDGE ( 'NONE', *, *, #2944, .F. ) ;
#2671 = PLANE ( 'NONE',  #311 ) ;
#2672 = CARTESIAN_POINT ( 'NONE',  ( 0.2284184717121613695, -0.5751914187224956843, 0.001000000000000000021 ) ) ;
#2673 =( GEOMETRIC_REPRESENTATION_CONTEXT ( 3 ) GLOBAL_UNCERTAINTY_ASSIGNED_CONTEXT ( ( #4149 ) ) GLOBAL_UNIT_ASSIGNED_CONTEXT ( ( #5641, #1063, #2835 ) ) REPRESENTATION_CONTEXT ( 'NONE', 'WORKASPACE' ) );
#2674 =( GEOMETRIC_REPRESENTATION_CONTEXT ( 3 ) GLOBAL_UNCERTAINTY_ASSIGNED_CONTEXT ( ( #5484 ) ) GLOBAL_UNIT_ASSIGNED_CONTEXT ( ( #2703, #3200, #7140 ) ) REPRESENTATION_CONTEXT ( 'NONE', 'WORKASPACE' ) );
#2675 = AXIS2_PLACEMENT_3D ( 'NONE', #1983, #5775, #6348 ) ;
#2676 = SURFACE_STYLE_USAGE ( .BOTH. , #2092 ) ;
#2677 = CARTESIAN_POINT ( 'NONE',  ( 0.7800000000000001377, 0.004999999999999890817, 0.1000000000000000056 ) ) ;
#2678 = CARTESIAN_POINT ( 'NONE',  ( 0.3172918444429772555, -0.5752239896141745357, 0.001000000000000000021 ) ) ;
#2679 = STYLED_ITEM ( 'NONE', ( #2617 ), #5667 ) ;
#2680 = FILL_AREA_STYLE_COLOUR ( '', #6197 ) ;
#2681 =( NAMED_UNIT ( * ) SI_UNIT ( $, .STERADIAN. ) SOLID_ANGLE_UNIT ( ) );
#2682 =( NAMED_UNIT ( * ) SI_UNIT ( $, .STERADIAN. ) SOLID_ANGLE_UNIT ( ) );
#2683 = CARTESIAN_POINT ( 'NONE',  ( 0.2819259907844406388, -0.5410776481507598712, 0.001000000000000000021 ) ) ;
#2684 = VECTOR ( 'NONE', #4854, 1000.000000000000114 ) ;
#2685 = CARTESIAN_POINT ( 'NONE',  ( 0.2770479420039528295, -0.5752239896141745357, 0.001000000000000000021 ) ) ;
#2686 = CARTESIAN_POINT ( 'NONE',  ( 0.1957342655095414274, -0.4962846513017513117, 0.000000000000000000 ) ) ;
#2687 = EDGE_LOOP ( 'NONE', ( #1568, #3404, #542, #2692 ) ) ;
#2688 =( GEOMETRIC_REPRESENTATION_CONTEXT ( 3 ) GLOBAL_UNCERTAINTY_ASSIGNED_CONTEXT ( ( #41 ) ) GLOBAL_UNIT_ASSIGNED_CONTEXT ( ( #4119, #4014, #4150 ) ) REPRESENTATION_CONTEXT ( 'NONE', 'WORKASPACE' ) );
#2689 = DIRECTION ( 'NONE',  ( 0.000000000000000000, -1.000000000000000000, 0.000000000000000000 ) ) ;
#2690 = PRESENTATION_LAYER_ASSIGNMENT (  '', '', ( #3862 ) ) ;
#2691 = CARTESIAN_POINT ( 'NONE',  ( 0.2575357468820015927, -0.4861995993702720176, 0.001000000000000000021 ) ) ;
#2692 = ORIENTED_EDGE ( 'NONE', *, *, #5123, .T. ) ;
#2693 = FACE_OUTER_BOUND ( 'NONE', #74, .T. ) ;
#2694 = EDGE_CURVE ( 'NONE', #1824, #4141, #643, .T. ) ;
#2695 = ORIENTED_EDGE ( 'NONE', *, *, #3714, .F. ) ;
#2696 = CARTESIAN_POINT ( 'NONE',  ( 0.1806727861530306734, -0.5149192151908491555, 0.001000000000000000021 ) ) ;
#2697 = VECTOR ( 'NONE', #3694, 1000.000000000000000 ) ;
#2698 = STYLED_ITEM ( 'NONE', ( #5816 ), #1789 ) ;
#2699 = LINE ( 'NONE', #6064, #5931 ) ;
#2700 = STYLED_ITEM ( 'NONE', ( #1051 ), #6612 ) ;
#2701 = EDGE_CURVE ( 'NONE', #6, #6237, #1669, .T. ) ;
#2702 = CARTESIAN_POINT ( 'NONE',  ( -1.000000000000000000, -0.6250000000000001110, 0.1000000000000000056 ) ) ;
#2703 =( LENGTH_UNIT ( ) NAMED_UNIT ( * ) SI_UNIT ( .MILLI., .METRE. ) );
#2704 =( LENGTH_UNIT ( ) NAMED_UNIT ( * ) SI_UNIT ( .MILLI., .METRE. ) );
#2705 = STYLED_ITEM ( 'NONE', ( #6089 ), #6874 ) ;
#2706 = CARTESIAN_POINT ( 'NONE',  ( 0.3984131659448709728, -0.4906051822297093912, 0.000000000000000000 ) ) ;
#2707 = DIRECTION ( 'NONE',  ( 1.000000000000000000, 0.000000000000000000, 0.000000000000000000 ) ) ;
#2708 = EDGE_CURVE ( 'NONE', #1779, #1251, #486, .T. ) ;
#2709 = CARTESIAN_POINT ( 'NONE',  ( 0.6600000000000000311, 0.5049999999999991163, -0.01000000000000000021 ) ) ;
#2710 = FACE_OUTER_BOUND ( 'NONE', #6516, .T. ) ;
#2711 = ORIENTED_EDGE ( 'NONE', *, *, #1893, .T. ) ;
#2712 = SURFACE_SIDE_STYLE ('',( #904 ) ) ;
#2713 = ORIENTED_EDGE ( 'NONE', *, *, #3963, .F. ) ;
#2714 =( NAMED_UNIT ( * ) PLANE_ANGLE_UNIT ( ) SI_UNIT ( $, .RADIAN. ) );
#2715 = ORIENTED_EDGE ( 'NONE', *, *, #2834, .F. ) ;
#2716 = DIRECTION ( 'NONE',  ( -0.000000000000000000, 0.000000000000000000, 1.000000000000000000 ) ) ;
#2717 = VERTEX_POINT ( 'NONE', #3710 ) ;
#2718 = ADVANCED_FACE ( 'NONE', ( #3101 ), #856, .T. ) ;
#2719 = LINE ( 'NONE', #2175, #1873 ) ;
#2720 = EDGE_LOOP ( 'NONE', ( #6211, #6439, #2002, #3257 ) ) ;
#2721 = CARTESIAN_POINT ( 'NONE',  ( 0.4246089176137089471, -0.5380860322971012799, 0.001000000000000000021 ) ) ;
#2722 = SURFACE_STYLE_FILL_AREA ( #5491 ) ;
#2723 = CIRCLE ( 'NONE', #6912, 0.1199999999999999956 ) ;
#2724 = LINE ( 'NONE', #6727, #341 ) ;
#2725 = EDGE_CURVE ( 'NONE', #2112, #3445, #1861, .T. ) ;
#2726 = ADVANCED_FACE ( 'NONE', ( #3638 ), #6895, .T. ) ;
#2727 = SURFACE_SIDE_STYLE ('',( #879 ) ) ;
#2728 = DIRECTION ( 'NONE',  ( -0.000000000000000000, -0.000000000000000000, -1.000000000000000000 ) ) ;
#2729 = FILL_AREA_STYLE ('',( #6696 ) ) ;
#2730 = CARTESIAN_POINT ( 'NONE',  ( 0.2211954229232719060, -0.5746232990102400073, 0.000000000000000000 ) ) ;
#2731 = STYLED_ITEM ( 'NONE', ( #118 ), #3142 ) ;
#2732 = ADVANCED_FACE ( 'NONE', ( #1331 ), #3033, .T. ) ;
#2733 = CARTESIAN_POINT ( 'NONE',  ( 0.4066147196533461128, -0.4961072993994339320, 0.001000000000000000021 ) ) ;
#2734 = AXIS2_PLACEMENT_3D ( 'NONE', #1145, #6079, #4951 ) ;
#2735 = CARTESIAN_POINT ( 'NONE',  ( 0.7800000000000009148, -0.6250000000000001110, 0.1000000000000000056 ) ) ;
#2736 = DIRECTION ( 'NONE',  ( 1.000000000000000000, 0.000000000000000000, 0.000000000000000000 ) ) ;
#2737 = EDGE_CURVE ( 'NONE', #4167, #2342, #2647, .T. ) ;
#2738 = AXIS2_PLACEMENT_3D ( 'NONE', #7010, #1904, #4543 ) ;
#2739 = CARTESIAN_POINT ( 'NONE',  ( -1.010000000000000231, -0.6250000000000001110, 0.1000000000000000056 ) ) ;
#2740 = FILL_AREA_STYLE ('',( #4375 ) ) ;
#2741 =( LENGTH_UNIT ( ) NAMED_UNIT ( * ) SI_UNIT ( .MILLI., .METRE. ) );
#2742 = PRESENTATION_STYLE_ASSIGNMENT (( #6045 ) ) ;
#2743 = CARTESIAN_POINT ( 'NONE',  ( 0.2041562546954868163, -0.4912774532693362506, 0.000000000000000000 ) ) ;
#2744 = EDGE_CURVE ( 'NONE', #143, #2426, #4283, .T. ) ;
#2745 = EDGE_CURVE ( 'NONE', #3401, #6752, #5164, .T. ) ;
#2746 = ORIENTED_EDGE ( 'NONE', *, *, #6424, .F. ) ;
#2747 = SURFACE_SIDE_STYLE ('',( #500 ) ) ;
#2748 = CARTESIAN_POINT ( 'NONE',  ( 1.010000000000000231, -0.6250000000000001110, -0.01000000000000000021 ) ) ;
#2749 = ORIENTED_EDGE ( 'NONE', *, *, #4783, .T. ) ;
#2750 = CARTESIAN_POINT ( 'NONE',  ( -1.010000000000000009, -0.1250000000000001110, -0.01000000000000000021 ) ) ;
#2751 = DIRECTION ( 'NONE',  ( 0.000000000000000000, 0.000000000000000000, -1.000000000000000000 ) ) ;
#2752 = SURFACE_STYLE_USAGE ( .BOTH. , #3301 ) ;
#2753 =( LENGTH_UNIT ( ) NAMED_UNIT ( * ) SI_UNIT ( .MILLI., .METRE. ) );
#2754 = UNCERTAINTY_MEASURE_WITH_UNIT (LENGTH_MEASURE( 1.000000000000000082E-05 ), #2038, 'distance_accuracy_value', 'NONE');
#2755 = CARTESIAN_POINT ( 'NONE',  ( 1.000000000000000000, 0.1249999999999998890, 0.1000000000000000056 ) ) ;
#2756 = CARTESIAN_POINT ( 'NONE',  ( 0.3307064785893187309, -0.4861995993702720176, 0.001000000000000000021 ) ) ;
#2757 = CARTESIAN_POINT ( 'NONE',  ( 0.1905641450408090132, -0.5397549380783919215, 0.001000000000000000021 ) ) ;
#2758 = AXIS2_PLACEMENT_3D ( 'NONE', #6455, #2601, #7036 ) ;
#2759 = SURFACE_STYLE_FILL_AREA ( #6148 ) ;
#2760 =( NAMED_UNIT ( * ) SI_UNIT ( $, .STERADIAN. ) SOLID_ANGLE_UNIT ( ) );
#2761 = EDGE_LOOP ( 'NONE', ( #293, #913, #5611, #1159, #4606, #833, #4272, #4908 ) ) ;
#2762 = PRESENTATION_LAYER_ASSIGNMENT (  '', '', ( #1481 ) ) ;
#2763 = MECHANICAL_DESIGN_GEOMETRIC_PRESENTATION_REPRESENTATION (  '', ( #2317 ), #5100 ) ;
#2764 = PLANE ( 'NONE',  #1004 ) ;
#2765 = SURFACE_SIDE_STYLE ('',( #3955 ) ) ;
#2766 = MECHANICAL_DESIGN_GEOMETRIC_PRESENTATION_REPRESENTATION (  '', ( #2312 ), #3361 ) ;
#2767 = CARTESIAN_POINT ( 'NONE',  ( 1.010000000000000009, 0.1249999999999998890, 0.1000000000000000056 ) ) ;
#2768 = VECTOR ( 'NONE', #3111, 1000.000000000000000 ) ;
#2769 = CARTESIAN_POINT ( 'NONE',  ( 0.1918956925196227403, -0.5722662920586952806, 0.001000000000000000021 ) ) ;
#2770 = FILL_AREA_STYLE ('',( #4450 ) ) ;
#2771 = VECTOR ( 'NONE', #5767, 1000.000000000000000 ) ;
#2772 = CARTESIAN_POINT ( 'NONE',  ( 0.7800000000000009148, 0.1249999999999998890, 0.1000000000000000056 ) ) ;
#2773 = EDGE_LOOP ( 'NONE', ( #532, #2464, #6222, #403 ) ) ;
#2774 = EDGE_CURVE ( 'NONE', #5085, #1824, #4924, .T. ) ;
#2775 = CARTESIAN_POINT ( 'NONE',  ( 0.000000000000000000, 0.1249999999999998890, 0.000000000000000000 ) ) ;
#2776 = VERTEX_POINT ( 'NONE', #2060 ) ;
#2777 =( NAMED_UNIT ( * ) PLANE_ANGLE_UNIT ( ) SI_UNIT ( $, .RADIAN. ) );
#2778 = EDGE_LOOP ( 'NONE', ( #5666, #703, #4353, #4953 ) ) ;
#2779 = PRESENTATION_LAYER_ASSIGNMENT (  '', '', ( #3742 ) ) ;
#2780 = CARTESIAN_POINT ( 'NONE',  ( 0.2293726371259040553, -0.4971752091263696438, 0.001000000000000000021 ) ) ;
#2781 = MECHANICAL_DESIGN_GEOMETRIC_PRESENTATION_REPRESENTATION (  '', ( #1841 ), #2688 ) ;
#2782 = B_SPLINE_SURFACE_WITH_KNOTS ( 'NONE', 3, 1, ( 
 ( #85, #6260 ),
 ( #6847, #1773 ),
 ( #5168, #165 ),
 ( #2481, #3018 ),
 ( #2340, #4701 ),
 ( #3552, #2868 ),
 ( #4554, #744 ),
 ( #1806, #2380 ),
 ( #1287, #709 ),
 ( #6362, #5236 ),
 ( #4619, #1846 ),
 ( #4018, #3624 ),
 ( #6336, #3470 ),
 ( #5684, #2984 ),
 ( #5758, #5134 ),
 ( #126, #4050 ),
 ( #5201, #4590 ),
 ( #1249, #3512 ),
 ( #5718, #199 ) ),
 .UNSPECIFIED., .F., .F., .F.,
 ( 4, 1, 1, 1, 1, 1, 1, 1, 1, 1, 1, 1, 1, 1, 1, 1, 4 ),
 ( 2, 2 ),
 ( 0.000000000000000000, 0.06783324845577305695, 0.1326555365079040427, 0.1950508840508278496, 0.2555829330687766632, 0.3147998341472891815, 0.3736004728263742081, 0.4325455953267433595, 0.4924306292835654020, 0.5526712559629695098, 0.6125130441881163623, 0.6726102503570059454, 0.7338383693139461927, 0.7965942385677733384, 0.8614497992905728596, 0.9291989423509054991, 1.000000000000000000 ),
 ( 0.000000000000000000, 1.000000000000000000 ),
 .UNSPECIFIED. ) ;
#2783 = CARTESIAN_POINT ( 'NONE',  ( 0.7800000000000001377, 0.4949999999999998845, -0.01000000000000000021 ) ) ;
#2784 = FILL_AREA_STYLE_COLOUR ( '', #2355 ) ;
#2785 = ORIENTED_EDGE ( 'NONE', *, *, #340, .F. ) ;
#2786 = PRESENTATION_STYLE_ASSIGNMENT (( #2823 ) ) ;
#2787 =( GEOMETRIC_REPRESENTATION_CONTEXT ( 3 ) GLOBAL_UNCERTAINTY_ASSIGNED_CONTEXT ( ( #1800 ) ) GLOBAL_UNIT_ASSIGNED_CONTEXT ( ( #4233, #894, #4858 ) ) REPRESENTATION_CONTEXT ( 'NONE', 'WORKASPACE' ) );
#2788 =( NAMED_UNIT ( * ) SI_UNIT ( $, .STERADIAN. ) SOLID_ANGLE_UNIT ( ) );
#2789 = PRESENTATION_LAYER_ASSIGNMENT (  '', '', ( #7106 ) ) ;
#2790 = DIRECTION ( 'NONE',  ( 0.000000000000000000, -1.000000000000000000, 0.000000000000000000 ) ) ;
#2791 = CARTESIAN_POINT ( 'NONE',  ( -1.000000000000000000, -0.6250000000000001110, 0.9799999999999999822 ) ) ;
#2792 = CARTESIAN_POINT ( 'NONE',  ( 0.3502186737112699677, -0.4889435018092965213, 0.001000000000000000021 ) ) ;
#2793 = COLOUR_RGB ( '',0.000000000000000000, 0.000000000000000000, 0.000000000000000000 ) ;
#2794 = LINE ( 'NONE', #1061, #3454 ) ;
#2795 = CARTESIAN_POINT ( 'NONE',  ( 0.6600000000000001421, 0.004999999999999144885, 0.000000000000000000 ) ) ;
#2796 = MECHANICAL_DESIGN_GEOMETRIC_PRESENTATION_REPRESENTATION (  '', ( #564 ), #1988 ) ;
#2797 = COLOUR_RGB ( '',1.000000000000000000, 1.000000000000000000, 1.000000000000000000 ) ;
#2798 = MECHANICAL_DESIGN_GEOMETRIC_PRESENTATION_REPRESENTATION (  '', ( #2579 ), #6766 ) ;
#2799 = FILL_AREA_STYLE ('',( #5567 ) ) ;
#2800 = EDGE_CURVE ( 'NONE', #1296, #5740, #365, .T. ) ;
#2801 = COLOUR_RGB ( '',0.000000000000000000, 0.000000000000000000, 0.000000000000000000 ) ;
#2802 = PLANE ( 'NONE',  #6281 ) ;
#2803 = PLANE ( 'NONE',  #3930 ) ;
#2804 = ORIENTED_EDGE ( 'NONE', *, *, #7171, .F. ) ;
#2805 = FACE_BOUND ( 'NONE', #5005, .T. ) ;
#2806 = VECTOR ( 'NONE', #4532, 1000.000000000000000 ) ;
#2807 = CARTESIAN_POINT ( 'NONE',  ( -0.7800000000000002487, -0.5050000000000001155, -0.01000000000000000021 ) ) ;
#2808 = ORIENTED_EDGE ( 'NONE', *, *, #2318, .T. ) ;
#2809 = ADVANCED_FACE ( 'NONE', ( #1586 ), #1006, .T. ) ;
#2810 = UNCERTAINTY_MEASURE_WITH_UNIT (LENGTH_MEASURE( 1.000000000000000082E-05 ), #3332, 'distance_accuracy_value', 'NONE');
#2811 = CARTESIAN_POINT ( 'NONE',  ( 0.1998830913044560009, -0.5784115296995466782, 0.001000000000000000021 ) ) ;
#2812 = EDGE_LOOP ( 'NONE', ( #4224, #3328, #2536, #2989 ) ) ;
#2813 =( LENGTH_UNIT ( ) NAMED_UNIT ( * ) SI_UNIT ( .MILLI., .METRE. ) );
#2814 = VECTOR ( 'NONE', #1410, 1000.000000000000000 ) ;
#2815 =( LENGTH_UNIT ( ) NAMED_UNIT ( * ) SI_UNIT ( .MILLI., .METRE. ) );
#2816 = EDGE_CURVE ( 'NONE', #5692, #1296, #1776, .T. ) ;
#2817 = ORIENTED_EDGE ( 'NONE', *, *, #2294, .T. ) ;
#2818 = LINE ( 'NONE', #6235, #7050 ) ;
#2819 = DIRECTION ( 'NONE',  ( 0.000000000000000000, -0.000000000000000000, -1.000000000000000000 ) ) ;
#2820 = ORIENTED_EDGE ( 'NONE', *, *, #1380, .F. ) ;
#2821 = VERTEX_POINT ( 'NONE', #6266 ) ;
#2822 = ORIENTED_EDGE ( 'NONE', *, *, #6620, .F. ) ;
#2823 = SURFACE_STYLE_USAGE ( .BOTH. , #1676 ) ;
#2824 = ORIENTED_EDGE ( 'NONE', *, *, #3369, .F. ) ;
#2825 = AXIS2_PLACEMENT_3D ( 'NONE', #3560, #6271, #6853 ) ;
#2826 = ADVANCED_FACE ( 'NONE', ( #4054 ), #6815, .T. ) ;
#2827 = DIRECTION ( 'NONE',  ( -1.000000000000000000, 0.000000000000000000, 0.000000000000000000 ) ) ;
#2828 = DIRECTION ( 'NONE',  ( 0.000000000000000000, -0.000000000000000000, 1.000000000000000000 ) ) ;
#2829 = ORIENTED_EDGE ( 'NONE', *, *, #4550, .F. ) ;
#2830 = UNCERTAINTY_MEASURE_WITH_UNIT (LENGTH_MEASURE( 1.000000000000000082E-05 ), #4551, 'distance_accuracy_value', 'NONE');
#2831 = CARTESIAN_POINT ( 'NONE',  ( -1.010000000000000009, 0.3749999999999998890, 0.1000000000000000056 ) ) ;
#2832 = ORIENTED_EDGE ( 'NONE', *, *, #6926, .F. ) ;
#2833 = CARTESIAN_POINT ( 'NONE',  ( 0.2171637364090860667, -0.5738130395585934185, 0.000000000000000000 ) ) ;
#2834 = EDGE_CURVE ( 'NONE', #6021, #819, #5027, .T. ) ;
#2835 =( NAMED_UNIT ( * ) SI_UNIT ( $, .STERADIAN. ) SOLID_ANGLE_UNIT ( ) );
#2836 = AXIS2_PLACEMENT_3D ( 'NONE', #5577, #6743, #2912 ) ;
#2837 = FILL_AREA_STYLE ('',( #1102 ) ) ;
#2838 = ADVANCED_FACE ( 'NONE', ( #2233 ), #1254, .T. ) ;
#2839 = FACE_OUTER_BOUND ( 'NONE', #2141, .T. ) ;
#2840 = ORIENTED_EDGE ( 'NONE', *, *, #4355, .T. ) ;
#2841 = CARTESIAN_POINT ( 'NONE',  ( 0.3750000000000000000, 0.7600000000000002309, 0.1000000000000000056 ) ) ;
#2842 = VECTOR ( 'NONE', #158, 1000.000000000000000 ) ;
#2843 = DIRECTION ( 'NONE',  ( 0.000000000000000000, 0.000000000000000000, 1.000000000000000000 ) ) ;
#2844 = COLOUR_RGB ( '',1.000000000000000000, 1.000000000000000000, 1.000000000000000000 ) ;
#2845 = CARTESIAN_POINT ( 'NONE',  ( 0.2139620110340468007, -0.5843377563333956859, 0.001000000000000000021 ) ) ;
#2846 =( LENGTH_UNIT ( ) NAMED_UNIT ( * ) SI_UNIT ( .MILLI., .METRE. ) );
#2847 = VERTEX_POINT ( 'NONE', #1184 ) ;
#2848 = CARTESIAN_POINT ( 'NONE',  ( -0.8821554098972228530, 0.6011454912595581845, 0.9799999999999999822 ) ) ;
#2849 = VERTEX_POINT ( 'NONE', #3441 ) ;
#2850 = PLANE ( 'NONE',  #5803 ) ;
#2851 = CARTESIAN_POINT ( 'NONE',  ( -0.7800000000000002487, -0.5050000000000001155, 0.000000000000000000 ) ) ;
#2852 = EDGE_LOOP ( 'NONE', ( #6939, #6803, #5626, #3395 ) ) ;
#2853 = ORIENTED_EDGE ( 'NONE', *, *, #6920, .T. ) ;
#2854 = FILL_AREA_STYLE ('',( #6764 ) ) ;
#2855 = FILL_AREA_STYLE_COLOUR ( '', #82 ) ;
#2856 = ORIENTED_EDGE ( 'NONE', *, *, #2531, .F. ) ;
#2857 = CARTESIAN_POINT ( 'NONE',  ( 0.2303444359063918645, -0.5861995993702721064, 0.001000000000000000021 ) ) ;
#2858 = DIRECTION ( 'NONE',  ( -0.000000000000000000, 1.000000000000000000, -0.000000000000000000 ) ) ;
#2859 = ORIENTED_EDGE ( 'NONE', *, *, #3158, .F. ) ;
#2860 = SURFACE_STYLE_USAGE ( .BOTH. , #620 ) ;
#2861 = FILL_AREA_STYLE_COLOUR ( '', #2511 ) ;
#2862 = EDGE_LOOP ( 'NONE', ( #6796, #2930, #1575, #179 ) ) ;
#2863 = CARTESIAN_POINT ( 'NONE',  ( 0.2171637364090860667, -0.5738130395585934185, 0.001000000000000000021 ) ) ;
#2864 = DIRECTION ( 'NONE',  ( 0.000000000000000000, 1.000000000000000000, 0.000000000000000000 ) ) ;
#2865 = CARTESIAN_POINT ( 'NONE',  ( -0.3750000000000000000, -0.7499999999999997780, 0.9799999999999999822 ) ) ;
#2866 = EDGE_CURVE ( 'NONE', #5983, #1767, #5041, .T. ) ;
#2867 = LINE ( 'NONE', #6112, #6519 ) ;
#2868 = CARTESIAN_POINT ( 'NONE',  ( 0.3969378367236452987, -0.5841106687935859743, 0.000000000000000000 ) ) ;
#2869 = LINE ( 'NONE', #1321, #1678 ) ;
#2870 = ORIENTED_EDGE ( 'NONE', *, *, #2816, .T. ) ;
#2871 = FILL_AREA_STYLE ('',( #6151 ) ) ;
#2872 = CARTESIAN_POINT ( 'NONE',  ( -1.000000000000000222, 0.7500000000000002220, 0.9799999999999999822 ) ) ;
#2873 = CARTESIAN_POINT ( 'NONE',  ( 0.1319259907844406166, -0.4861995993702720176, 0.001000000000000000021 ) ) ;
#2874 = EDGE_LOOP ( 'NONE', ( #5257, #3822, #5032, #5855 ) ) ;
#2875 = STYLED_ITEM ( 'NONE', ( #5888 ), #4895 ) ;
#2876 = CARTESIAN_POINT ( 'NONE',  ( 0.1998830913044560009, -0.5784115296995466782, 0.000000000000000000 ) ) ;
#2877 = CARTESIAN_POINT ( 'NONE',  ( 0.1770479420039528240, -0.5349419774190524723, 0.001000000000000000021 ) ) ;
#2878 = VECTOR ( 'NONE', #245, 1000.000000000000000 ) ;
#2879 = DIRECTION ( 'NONE',  ( 1.000000000000000000, 0.000000000000000000, -0.000000000000000000 ) ) ;
#2880 = MECHANICAL_DESIGN_GEOMETRIC_PRESENTATION_REPRESENTATION (  '', ( #1005 ), #2998 ) ;
#2881 = VERTEX_POINT ( 'NONE', #2873 ) ;
#2882 = DIRECTION ( 'NONE',  ( -1.000000000000000000, -0.000000000000000000, -0.000000000000000000 ) ) ;
#2883 = VECTOR ( 'NONE', #2166, 1000.000000000000000 ) ;
#2884 = DIRECTION ( 'NONE',  ( -0.000000000000000000, -0.000000000000000000, -1.000000000000000000 ) ) ;
#2885 = VERTEX_POINT ( 'NONE', #5651 ) ;
#2886 = EDGE_LOOP ( 'NONE', ( #4097, #2473, #3888, #5480 ) ) ;
#2887 = AXIS2_PLACEMENT_3D ( 'NONE', #4767, #4702, #350 ) ;
#2888 = CYLINDRICAL_SURFACE ( 'NONE', #1949, 0.1199999999999999678 ) ;
#2889 = DIRECTION ( 'NONE',  ( 0.000000000000000000, 0.000000000000000000, -1.000000000000000000 ) ) ;
#2890 = ORIENTED_EDGE ( 'NONE', *, *, #5962, .T. ) ;
#2891 = AXIS2_PLACEMENT_3D ( 'NONE', #3458, #260, #4537 ) ;
#2892 = ORIENTED_EDGE ( 'NONE', *, *, #740, .T. ) ;
#2893 = SURFACE_STYLE_USAGE ( .BOTH. , #4004 ) ;
#2894 = LINE ( 'NONE', #4110, #657 ) ;
#2895 = CARTESIAN_POINT ( 'NONE',  ( -0.6600000000000002531, 0.000000000000000000, 0.000000000000000000 ) ) ;
#2896 = ADVANCED_FACE ( 'NONE', ( #2346 ), #5242, .T. ) ;
#2897 = FILL_AREA_STYLE ('',( #229 ) ) ;
#2898 = ORIENTED_EDGE ( 'NONE', *, *, #1749, .T. ) ;
#2899 = PLANE ( 'NONE',  #6063 ) ;
#2900 = UNCERTAINTY_MEASURE_WITH_UNIT (LENGTH_MEASURE( 1.000000000000000082E-05 ), #2813, 'distance_accuracy_value', 'NONE');
#2901 = VERTEX_POINT ( 'NONE', #3629 ) ;
#2902 = LINE ( 'NONE', #81, #6499 ) ;
#2903 = FILL_AREA_STYLE ('',( #1461 ) ) ;
#2904 = CARTESIAN_POINT ( 'NONE',  ( 0.3530473001460126548, -0.5825779591675227520, 0.000000000000000000 ) ) ;
#2905 = STYLED_ITEM ( 'NONE', ( #6563 ), #469 ) ;
#2906 = CARTESIAN_POINT ( 'NONE',  ( 0.1904953542085354168, -0.5336957120760308371, -0.000000000000000000 ) ) ;
#2907 = CARTESIAN_POINT ( 'NONE',  ( 0.3776493790946902629, -0.4960419678724320436, 0.001000000000000000021 ) ) ;
#2908 = SURFACE_SIDE_STYLE ('',( #2759 ) ) ;
#2909 = CARTESIAN_POINT ( 'NONE',  ( -1.010000000000000009, 0.3749999999999998890, -0.01000000000000000021 ) ) ;
#2910 = CARTESIAN_POINT ( 'NONE',  ( 0.3736371188332211490, -0.4959556969312476915, 0.000000000000000000 ) ) ;
#2911 = DIRECTION ( 'NONE',  ( 1.000000000000000000, 0.000000000000000000, 0.000000000000000000 ) ) ;
#2912 = DIRECTION ( 'NONE',  ( -1.000000000000000000, 0.000000000000000000, 0.000000000000000000 ) ) ;
#2913 = ORIENTED_EDGE ( 'NONE', *, *, #3310, .T. ) ;
#2914 = EDGE_CURVE ( 'NONE', #5127, #2421, #6850, .T. ) ;
#2915 = MECHANICAL_DESIGN_GEOMETRIC_PRESENTATION_REPRESENTATION (  '', ( #5366 ), #923 ) ;
#2916 =( GEOMETRIC_REPRESENTATION_CONTEXT ( 3 ) GLOBAL_UNCERTAINTY_ASSIGNED_CONTEXT ( ( #3942 ) ) GLOBAL_UNIT_ASSIGNED_CONTEXT ( ( #2846, #5547, #2308 ) ) REPRESENTATION_CONTEXT ( 'NONE', 'WORKASPACE' ) );
#2917 = FILL_AREA_STYLE_COLOUR ( '', #543 ) ;
#2918 = ORIENTED_EDGE ( 'NONE', *, *, #6706, .F. ) ;
#2919 = DIRECTION ( 'NONE',  ( -0.000000000000000000, -1.000000000000000000, -0.000000000000000000 ) ) ;
#2920 = FACE_OUTER_BOUND ( 'NONE', #4022, .T. ) ;
#2921 = PRESENTATION_STYLE_ASSIGNMENT (( #96 ) ) ;
#2922 = STYLED_ITEM ( 'NONE', ( #3006 ), #6515 ) ;
#2923 = CARTESIAN_POINT ( 'NONE',  ( 0.4238825865918723901, -0.5486179057210359700, 0.001000000000000000021 ) ) ;
#2924 = FILL_AREA_STYLE ('',( #605 ) ) ;
#2925 = EDGE_CURVE ( 'NONE', #1894, #5148, #6992, .T. ) ;
#2926 = VECTOR ( 'NONE', #2529, 1000.000000000000000 ) ;
#2927 = ORIENTED_EDGE ( 'NONE', *, *, #1442, .F. ) ;
#2928 =( NAMED_UNIT ( * ) PLANE_ANGLE_UNIT ( ) SI_UNIT ( $, .RADIAN. ) );
#2929 = SURFACE_STYLE_FILL_AREA ( #6899 ) ;
#2930 = ORIENTED_EDGE ( 'NONE', *, *, #71, .F. ) ;
#2931 = EDGE_LOOP ( 'NONE', ( #470, #7005, #5710, #3296, #2501, #546 ) ) ;
#2932 = CARTESIAN_POINT ( 'NONE',  ( 0.3737514481015138945, -0.4849800871751501208, 0.001000000000000000021 ) ) ;
#2933 = CARTESIAN_POINT ( 'NONE',  ( 0.1884054875627858561, -0.5686321363318865840, 0.000000000000000000 ) ) ;
#2934 = EDGE_CURVE ( 'NONE', #6382, #1297, #1851, .T. ) ;
#2935 = LINE ( 'NONE', #38, #5857 ) ;
#2936 = DIRECTION ( 'NONE',  ( 0.000000000000000000, -1.000000000000000000, 0.000000000000000000 ) ) ;
#2937 = EDGE_LOOP ( 'NONE', ( #5555, #6461, #173, #982 ) ) ;
#2938 = CARTESIAN_POINT ( 'NONE',  ( 0.2274782860851227440, -0.4862405485655302839, -2.117582368135750848E-19 ) ) ;
#2939 = VERTEX_POINT ( 'NONE', #2011 ) ;
#2940 = SURFACE_STYLE_FILL_AREA ( #4697 ) ;
#2941 =( NAMED_UNIT ( * ) PLANE_ANGLE_UNIT ( ) SI_UNIT ( $, .RADIAN. ) );
#2942 = MECHANICAL_DESIGN_GEOMETRIC_PRESENTATION_REPRESENTATION (  '', ( #133 ), #716 ) ;
#2943 = EDGE_CURVE ( 'NONE', #752, #1458, #4226, .T. ) ;
#2944 = EDGE_CURVE ( 'NONE', #2323, #3219, #817, .T. ) ;
#2945 = CARTESIAN_POINT ( 'NONE',  ( 0.1904625761502943271, -0.5352278005897842528, 0.000000000000000000 ) ) ;
#2946 =( GEOMETRIC_REPRESENTATION_CONTEXT ( 3 ) GLOBAL_UNCERTAINTY_ASSIGNED_CONTEXT ( ( #2900 ) ) GLOBAL_UNIT_ASSIGNED_CONTEXT ( ( #2813, #136, #4486 ) ) REPRESENTATION_CONTEXT ( 'NONE', 'WORKASPACE' ) );
#2947 = DIRECTION ( 'NONE',  ( 0.000000000000000000, -1.000000000000000000, 0.000000000000000000 ) ) ;
#2948 = DIRECTION ( 'NONE',  ( 0.000000000000000000, -0.000000000000000000, -1.000000000000000000 ) ) ;
#2949 = LINE ( 'NONE', #5790, #4940 ) ;
#2950 = CARTESIAN_POINT ( 'NONE',  ( 0.3528747126613135943, -0.5008147772515417762, 0.001000000000000000021 ) ) ;
#2951 = ORIENTED_EDGE ( 'NONE', *, *, #6840, .F. ) ;
#2952 = LINE ( 'NONE', #6954, #6897 ) ;
#2953 = SURFACE_STYLE_USAGE ( .BOTH. , #4125 ) ;
#2954 = EDGE_LOOP ( 'NONE', ( #7009, #4611, #5243, #6355, #1195, #2804 ) ) ;
#2955 = VECTOR ( 'NONE', #5112, 1000.000000000000000 ) ;
#2956 = CARTESIAN_POINT ( 'NONE',  ( 0.3529842778476456333, -0.5715987815624522517, 0.001000000000000000021 ) ) ;
#2957 = ORIENTED_EDGE ( 'NONE', *, *, #5009, .T. ) ;
#2958 = PRESENTATION_LAYER_ASSIGNMENT (  '', '', ( #1073 ) ) ;
#2959 = CARTESIAN_POINT ( 'NONE',  ( -1.010000000000000009, -0.1250000000000001110, 0.1000000000000000056 ) ) ;
#2960 =( LENGTH_UNIT ( ) NAMED_UNIT ( * ) SI_UNIT ( .MILLI., .METRE. ) );
#2961 = SURFACE_STYLE_FILL_AREA ( #3595 ) ;
#2962 = DIRECTION ( 'NONE',  ( 0.000000000000000000, -1.000000000000000000, 0.000000000000000000 ) ) ;
#2963 = ORIENTED_EDGE ( 'NONE', *, *, #4772, .F. ) ;
#2964 = VECTOR ( 'NONE', #3145, 1000.000000000000114 ) ;
#2965 = ORIENTED_EDGE ( 'NONE', *, *, #6062, .T. ) ;
#2966 =( NAMED_UNIT ( * ) SI_UNIT ( $, .STERADIAN. ) SOLID_ANGLE_UNIT ( ) );
#2967 =( NAMED_UNIT ( * ) PLANE_ANGLE_UNIT ( ) SI_UNIT ( $, .RADIAN. ) );
#2968 = EDGE_CURVE ( 'NONE', #1296, #3418, #2723, .T. ) ;
#2969 = ORIENTED_EDGE ( 'NONE', *, *, #1317, .F. ) ;
#2970 = CARTESIAN_POINT ( 'NONE',  ( 0.1790461417554730927, -0.5510559801009682346, 0.000000000000000000 ) ) ;
#2971 =( GEOMETRIC_REPRESENTATION_CONTEXT ( 3 ) GLOBAL_UNCERTAINTY_ASSIGNED_CONTEXT ( ( #7034 ) ) GLOBAL_UNIT_ASSIGNED_CONTEXT ( ( #1381, #3978, #4010 ) ) REPRESENTATION_CONTEXT ( 'NONE', 'WORKASPACE' ) );
#2972 = CARTESIAN_POINT ( 'NONE',  ( 0.3552049067664026505, -0.4871797993888946632, 0.000000000000000000 ) ) ;
#2973 = DIRECTION ( 'NONE',  ( -1.000000000000000000, 0.000000000000000000, 0.000000000000000000 ) ) ;
#2974 = CARTESIAN_POINT ( 'NONE',  ( 0.2065980851551378894, -0.5693678681574837475, 0.000000000000000000 ) ) ;
#2975 = SURFACE_STYLE_FILL_AREA ( #3615 ) ;
#2976 = UNCERTAINTY_MEASURE_WITH_UNIT (LENGTH_MEASURE( 1.000000000000000082E-05 ), #5494, 'distance_accuracy_value', 'NONE');
#2977 = ORIENTED_EDGE ( 'NONE', *, *, #1929, .T. ) ;
#2978 =( NAMED_UNIT ( * ) SI_UNIT ( $, .STERADIAN. ) SOLID_ANGLE_UNIT ( ) );
#2979 = CARTESIAN_POINT ( 'NONE',  ( 0.1087362041990748152, -0.5471752091263696327, 0.000000000000000000 ) ) ;
#2980 =( NAMED_UNIT ( * ) SI_UNIT ( $, .STERADIAN. ) SOLID_ANGLE_UNIT ( ) );
#2981 = UNCERTAINTY_MEASURE_WITH_UNIT (LENGTH_MEASURE( 1.000000000000000082E-05 ), #4438, 'distance_accuracy_value', 'NONE');
#2982 = DIRECTION ( 'NONE',  ( -1.000000000000000000, 0.000000000000000000, 0.000000000000000000 ) ) ;
#2983 = CARTESIAN_POINT ( 'NONE',  ( 0.4071945005513232796, -0.5165846886741461974, 0.000000000000000000 ) ) ;
#2984 = CARTESIAN_POINT ( 'NONE',  ( 0.4215122695674641817, -0.5581586889235382598, 0.000000000000000000 ) ) ;
#2985 = CARTESIAN_POINT ( 'NONE',  ( 0.3673939253267216043, -0.4963273066951488510, 0.001000000000000000021 ) ) ;
#2986 = FILL_AREA_STYLE ('',( #5574 ) ) ;
#2987 = CARTESIAN_POINT ( 'NONE',  ( 0.4111596520194230053, -0.5357220634467220188, 0.001000000000000000021 ) ) ;
#2988 = CARTESIAN_POINT ( 'NONE',  ( 0.3758855944429772555, -0.5764435018092964880, 0.000000000000000000 ) ) ;
#2989 = ORIENTED_EDGE ( 'NONE', *, *, #3453, .T. ) ;
#2990 = CARTESIAN_POINT ( 'NONE',  ( 0.7800000000000009148, -0.3750000000000001110, 0.000000000000000000 ) ) ;
#2991 = FILL_AREA_STYLE ('',( #3447 ) ) ;
#2992 = CARTESIAN_POINT ( 'NONE',  ( 0.1697308688332211102, -0.5861995993702721064, 0.001000000000000000021 ) ) ;
#2993 = SURFACE_SIDE_STYLE ('',( #5182 ) ) ;
#2994 = PRESENTATION_LAYER_ASSIGNMENT (  '', '', ( #997 ) ) ;
#2995 = DIRECTION ( 'NONE',  ( 0.000000000000000000, 0.000000000000000000, -1.000000000000000000 ) ) ;
#2996 = ORIENTED_EDGE ( 'NONE', *, *, #4987, .T. ) ;
#2997 =( LENGTH_UNIT ( ) NAMED_UNIT ( * ) SI_UNIT ( .MILLI., .METRE. ) );
#2998 =( GEOMETRIC_REPRESENTATION_CONTEXT ( 3 ) GLOBAL_UNCERTAINTY_ASSIGNED_CONTEXT ( ( #4483 ) ) GLOBAL_UNIT_ASSIGNED_CONTEXT ( ( #488, #5358, #6588 ) ) REPRESENTATION_CONTEXT ( 'NONE', 'WORKASPACE' ) );
#2999 = EDGE_CURVE ( 'NONE', #5686, #3575, #2450, .T. ) ;
#3000 = ORIENTED_EDGE ( 'NONE', *, *, #6830, .T. ) ;
#3001 = ORIENTED_EDGE ( 'NONE', *, *, #6109, .T. ) ;
#3002 = CARTESIAN_POINT ( 'NONE',  ( 0.3791007170109748636, -0.4851045473143322240, 0.001000000000000000021 ) ) ;
#3003 = STYLED_ITEM ( 'NONE', ( #453 ), #4474 ) ;
#3004 = FILL_AREA_STYLE ('',( #3571 ) ) ;
#3005 = CARTESIAN_POINT ( 'NONE',  ( 0.000000000000000000, 0.000000000000000000, 0.1000000000000000056 ) ) ;
#3006 = PRESENTATION_STYLE_ASSIGNMENT (( #3541 ) ) ;
#3007 = PRESENTATION_LAYER_ASSIGNMENT (  '', '', ( #6714 ) ) ;
#3008 = CARTESIAN_POINT ( 'NONE',  ( 0.4111942834673675273, -0.5372666725410037980, 0.001000000000000000021 ) ) ;
#3009 = CARTESIAN_POINT ( 'NONE',  ( 0.1957342655095414274, -0.4962846513017513117, -2.117582368135750848E-19 ) ) ;
#3010 =( GEOMETRIC_REPRESENTATION_CONTEXT ( 3 ) GLOBAL_UNCERTAINTY_ASSIGNED_CONTEXT ( ( #3048 ) ) GLOBAL_UNIT_ASSIGNED_CONTEXT ( ( #4591, #4667, #4019 ) ) REPRESENTATION_CONTEXT ( 'NONE', 'WORKASPACE' ) );
#3011 = VERTEX_POINT ( 'NONE', #6957 ) ;
#3012 = FILL_AREA_STYLE_COLOUR ( '', #6728 ) ;
#3013 =( NAMED_UNIT ( * ) PLANE_ANGLE_UNIT ( ) SI_UNIT ( $, .RADIAN. ) );
#3014 = AXIS2_PLACEMENT_3D ( 'NONE', #4206, #942, #3184 ) ;
#3015 = VECTOR ( 'NONE', #6110, 1000.000000000000000 ) ;
#3016 = CARTESIAN_POINT ( 'NONE',  ( 0.3980892408681375727, -0.5044739854952781100, 0.000000000000000000 ) ) ;
#3017 = DIRECTION ( 'NONE',  ( 0.000000000000000000, -1.000000000000000000, 0.000000000000000000 ) ) ;
#3018 = CARTESIAN_POINT ( 'NONE',  ( 0.3878238294219084059, -0.5866678277144539155, 0.000000000000000000 ) ) ;
#3019 = FILL_AREA_STYLE_COLOUR ( '', #1713 ) ;
#3020 = ORIENTED_EDGE ( 'NONE', *, *, #2914, .F. ) ;
#3021 = VECTOR ( 'NONE', #3705, 1000.000000000000000 ) ;
#3022 = CARTESIAN_POINT ( 'NONE',  ( 0.4097972482681468964, -0.5241706840843834980, 0.001000000000000000021 ) ) ;
#3023 = DIRECTION ( 'NONE',  ( 0.000000000000000000, -1.000000000000000000, 0.000000000000000000 ) ) ;
#3024 = B_SPLINE_SURFACE_WITH_KNOTS ( 'NONE', 3, 1, ( 
 ( #5176, #7071 ),
 ( #3667, #3169 ),
 ( #927, #848 ),
 ( #3203, #6415 ),
 ( #7035, #4815 ),
 ( #6000, #889 ),
 ( #5872, #3094 ) ),
 .UNSPECIFIED., .F., .F., .F.,
 ( 4, 1, 1, 1, 4 ),
 ( 2, 2 ),
 ( 0.000000000000000000, 0.3005411131585124518, 0.5677471464835970316, 0.8000336137369759015, 0.9999999999999998890 ),
 ( 0.000000000000000000, 1.000000000000000000 ),
 .UNSPECIFIED. ) ;
#3025 = EDGE_CURVE ( 'NONE', #5749, #3956, #5276, .T. ) ;
#3026 = EDGE_CURVE ( 'NONE', #728, #5691, #4622, .T. ) ;
#3027 = CARTESIAN_POINT ( 'NONE',  ( 0.3589464489915808465, -0.5739924965118476941, 0.000000000000000000 ) ) ;
#3028 = ORIENTED_EDGE ( 'NONE', *, *, #6073, .T. ) ;
#3029 = SURFACE_SIDE_STYLE ('',( #789 ) ) ;
#3030 = CARTESIAN_POINT ( 'NONE',  ( 0.3669889712574649909, -0.4852087325517581706, 0.000000000000000000 ) ) ;
#3031 = FACE_OUTER_BOUND ( 'NONE', #259, .T. ) ;
#3032 =( GEOMETRIC_REPRESENTATION_CONTEXT ( 3 ) GLOBAL_UNCERTAINTY_ASSIGNED_CONTEXT ( ( #1695 ) ) GLOBAL_UNIT_ASSIGNED_CONTEXT ( ( #555, #627, #5534 ) ) REPRESENTATION_CONTEXT ( 'NONE', 'WORKASPACE' ) );
#3033 = PLANE ( 'NONE',  #1782 ) ;
#3034 = VECTOR ( 'NONE', #76, 1000.000000000000000 ) ;
#3035 = EDGE_CURVE ( 'NONE', #6686, #6136, #5869, .T. ) ;
#3036 = VECTOR ( 'NONE', #2790, 1000.000000000000000 ) ;
#3037 = ORIENTED_EDGE ( 'NONE', *, *, #1095, .F. ) ;
#3038 = FACE_OUTER_BOUND ( 'NONE', #3291, .T. ) ;
#3039 = ORIENTED_EDGE ( 'NONE', *, *, #1442, .T. ) ;
#3040 = ORIENTED_EDGE ( 'NONE', *, *, #5290, .T. ) ;
#3041 =( NAMED_UNIT ( * ) PLANE_ANGLE_UNIT ( ) SI_UNIT ( $, .RADIAN. ) );
#3042 =( GEOMETRIC_REPRESENTATION_CONTEXT ( 3 ) GLOBAL_UNCERTAINTY_ASSIGNED_CONTEXT ( ( #1884 ) ) GLOBAL_UNIT_ASSIGNED_CONTEXT ( ( #1301, #5220, #6760 ) ) REPRESENTATION_CONTEXT ( 'NONE', 'WORKASPACE' ) );
#3043 = DIRECTION ( 'NONE',  ( 1.000000000000000000, 0.000000000000000000, -0.000000000000000000 ) ) ;
#3044 = CARTESIAN_POINT ( 'NONE',  ( 0.2303444359063918645, -0.5861995993702721064, 0.001000000000000000021 ) ) ;
#3045 = VECTOR ( 'NONE', #3847, 1000.000000000000000 ) ;
#3046 = CARTESIAN_POINT ( 'NONE',  ( 0.3736371188332211490, -0.4959556969312476915, 0.001000000000000000021 ) ) ;
#3047 = CARTESIAN_POINT ( 'NONE',  ( 0.1998356559150057388, -0.4935881224418607882, -2.117582368135750848E-19 ) ) ;
#3048 = UNCERTAINTY_MEASURE_WITH_UNIT (LENGTH_MEASURE( 1.000000000000000082E-05 ), #4591, 'distance_accuracy_value', 'NONE');
#3049 = ORIENTED_EDGE ( 'NONE', *, *, #2207, .T. ) ;
#3050 = DIRECTION ( 'NONE',  ( -1.000000000000000000, -0.000000000000000000, -0.000000000000000000 ) ) ;
#3051 = ADVANCED_FACE ( 'NONE', ( #6413 ), #3666, .T. ) ;
#3052 = CARTESIAN_POINT ( 'NONE',  ( 0.3626178211347001468, -0.5858613039959079671, 0.000000000000000000 ) ) ;
#3053 = UNCERTAINTY_MEASURE_WITH_UNIT (LENGTH_MEASURE( 1.000000000000000082E-05 ), #1000, 'distance_accuracy_value', 'NONE');
#3054 = CARTESIAN_POINT ( 'NONE',  ( 0.2136022331834427634, -0.4994931251373205816, 0.000000000000000000 ) ) ;
#3055 = FILL_AREA_STYLE ('',( #812 ) ) ;
#3056 = EDGE_CURVE ( 'NONE', #5223, #1090, #4853, .T. ) ;
#3057 = CARTESIAN_POINT ( 'NONE',  ( 0.4111942834673675273, -0.5372666725410037980, 0.000000000000000000 ) ) ;
#3058 = CARTESIAN_POINT ( 'NONE',  ( 0.6600000000000001421, -0.4950000000000008837, -0.01000000000000000021 ) ) ;
#3059 = VERTEX_POINT ( 'NONE', #2598 ) ;
#3060 = CARTESIAN_POINT ( 'NONE',  ( 0.3511067122740457735, -0.5018421186564900882, -0.000000000000000000 ) ) ;
#3061 = DIRECTION ( 'NONE',  ( -1.445602896647339163E-16, 1.000000000000000000, -0.000000000000000000 ) ) ;
#3062 = CARTESIAN_POINT ( 'NONE',  ( -0.2550000000000000044, -0.07999999999999977962, 0.000000000000000000 ) ) ;
#3063 = VECTOR ( 'NONE', #5122, 1000.000000000000000 ) ;
#3064 = EDGE_CURVE ( 'NONE', #3214, #4727, #1864, .T. ) ;
#3065 = CARTESIAN_POINT ( 'NONE',  ( 0.3687859063528910464, -0.5760755902005445517, 0.001000000000000000021 ) ) ;
#3066 = ORIENTED_EDGE ( 'NONE', *, *, #7102, .T. ) ;
#3067 = DIRECTION ( 'NONE',  ( 0.000000000000000000, 0.000000000000000000, 1.000000000000000000 ) ) ;
#3068 = FILL_AREA_STYLE_COLOUR ( '', #2165 ) ;
#3069 = SURFACE_STYLE_USAGE ( .BOTH. , #823 ) ;
#3070 = SURFACE_STYLE_FILL_AREA ( #6934 ) ;
#3071 = SURFACE_STYLE_USAGE ( .BOTH. , #903 ) ;
#3072 = PRESENTATION_LAYER_ASSIGNMENT (  '', '', ( #2391 ) ) ;
#3073 = SURFACE_STYLE_FILL_AREA ( #2573 ) ;
#3074 = EDGE_LOOP ( 'NONE', ( #2459, #2969, #824, #5573 ) ) ;
#3075 =( NAMED_UNIT ( * ) PLANE_ANGLE_UNIT ( ) SI_UNIT ( $, .RADIAN. ) );
#3076 = ORIENTED_EDGE ( 'NONE', *, *, #1095, .T. ) ;
#3077 = CARTESIAN_POINT ( 'NONE',  ( -1.010000000000000009, 0.1249999999999998890, 0.1000000000000000056 ) ) ;
#3078 =( LENGTH_UNIT ( ) NAMED_UNIT ( * ) SI_UNIT ( .MILLI., .METRE. ) );
#3079 = CARTESIAN_POINT ( 'NONE',  ( 0.3771702619440989168, -0.5764103920009081561, 0.000000000000000000 ) ) ;
#3080 =( GEOMETRIC_REPRESENTATION_CONTEXT ( 3 ) GLOBAL_UNCERTAINTY_ASSIGNED_CONTEXT ( ( #4264 ) ) GLOBAL_UNIT_ASSIGNED_CONTEXT ( ( #242, #1887, #4153 ) ) REPRESENTATION_CONTEXT ( 'NONE', 'WORKASPACE' ) );
#3081 = EDGE_CURVE ( 'NONE', #752, #2238, #33, .T. ) ;
#3082 = DIRECTION ( 'NONE',  ( -1.000000000000000000, 0.000000000000000000, -0.000000000000000000 ) ) ;
#3083 =( NAMED_UNIT ( * ) SI_UNIT ( $, .STERADIAN. ) SOLID_ANGLE_UNIT ( ) );
#3084 = EDGE_LOOP ( 'NONE', ( #5117, #6921, #5252, #2136, #6822, #3049 ) ) ;
#3085 =( LENGTH_UNIT ( ) NAMED_UNIT ( * ) SI_UNIT ( .MILLI., .METRE. ) );
#3086 = AXIS2_PLACEMENT_3D ( 'NONE', #1987, #5778, #5810 ) ;
#3087 = CARTESIAN_POINT ( 'NONE',  ( 0.2011440701130378372, -0.5066716354701391589, 0.001000000000000000021 ) ) ;
#3088 =( NAMED_UNIT ( * ) PLANE_ANGLE_UNIT ( ) SI_UNIT ( $, .RADIAN. ) );
#3089 = CARTESIAN_POINT ( 'NONE',  ( 0.4229071329093481713, -0.5535249773642895166, 0.000000000000000000 ) ) ;
#3090 = PLANE ( 'NONE',  #1237 ) ;
#3091 = CARTESIAN_POINT ( 'NONE',  ( 0.3920529923625599156, -0.5002560195266124721, 0.001000000000000000021 ) ) ;
#3092 = CARTESIAN_POINT ( 'NONE',  ( 0.3750000000000000000, 0.7600000000000002309, 0.1000000000000000056 ) ) ;
#3093 = UNCERTAINTY_MEASURE_WITH_UNIT (LENGTH_MEASURE( 1.000000000000000082E-05 ), #6002, 'distance_accuracy_value', 'NONE');
#3094 = CARTESIAN_POINT ( 'NONE',  ( 0.1272575456624893964, -0.5054069164434428219, 0.000000000000000000 ) ) ;
#3095 = CARTESIAN_POINT ( 'NONE',  ( 0.9999999999999997780, 0.3749999999999998890, 0.9799999999999999822 ) ) ;
#3096 = CARTESIAN_POINT ( 'NONE',  ( -1.000000000000000222, 0.7500000000000002220, 0.1000000000000000472 ) ) ;
#3097 = LINE ( 'NONE', #852, #4798 ) ;
#3098 = DIRECTION ( 'NONE',  ( -1.000000000000000000, 0.000000000000000000, 0.000000000000000000 ) ) ;
#3099 = SURFACE_STYLE_USAGE ( .BOTH. , #4197 ) ;
#3100 = LINE ( 'NONE', #7146, #1536 ) ;
#3101 = FACE_OUTER_BOUND ( 'NONE', #579, .T. ) ;
#3102 = VERTEX_POINT ( 'NONE', #4615 ) ;
#3103 = ORIENTED_EDGE ( 'NONE', *, *, #5842, .F. ) ;
#3104 = CARTESIAN_POINT ( 'NONE',  ( 0.1853694325188725289, -0.5646694838221201218, 0.001000000000000000021 ) ) ;
#3105 =( NAMED_UNIT ( * ) PLANE_ANGLE_UNIT ( ) SI_UNIT ( $, .RADIAN. ) );
#3106 = DIRECTION ( 'NONE',  ( -0.000000000000000000, 0.000000000000000000, -1.000000000000000000 ) ) ;
#3107 = UNCERTAINTY_MEASURE_WITH_UNIT (LENGTH_MEASURE( 1.000000000000000082E-05 ), #4720, 'distance_accuracy_value', 'NONE');
#3108 = DIRECTION ( 'NONE',  ( 0.000000000000000000, 0.000000000000000000, -1.000000000000000000 ) ) ;
#3109 = ORIENTED_EDGE ( 'NONE', *, *, #4793, .F. ) ;
#3110 = DIRECTION ( 'NONE',  ( 0.000000000000000000, 1.000000000000000000, 0.000000000000000000 ) ) ;
#3111 = DIRECTION ( 'NONE',  ( 0.000000000000000000, 0.000000000000000000, -1.000000000000000000 ) ) ;
#3112 =( GEOMETRIC_REPRESENTATION_CONTEXT ( 3 ) GLOBAL_UNCERTAINTY_ASSIGNED_CONTEXT ( ( #917 ) ) GLOBAL_UNIT_ASSIGNED_CONTEXT ( ( #169, #5275, #1850 ) ) REPRESENTATION_CONTEXT ( 'NONE', 'WORKASPACE' ) );
#3113 = PRESENTATION_LAYER_ASSIGNMENT (  '', '', ( #4279 ) ) ;
#3114 = CARTESIAN_POINT ( 'NONE',  ( 0.4106460852587017762, -0.5457520478822367460, 0.001000000000000000021 ) ) ;
#3115 = CARTESIAN_POINT ( 'NONE',  ( 0.3592511598867642597, -0.5849758190397712498, 0.001000000000000000021 ) ) ;
#3116 = CARTESIAN_POINT ( 'NONE',  ( 0.1827688085821395636, -0.5105890614055188514, 0.001000000000000000021 ) ) ;
#3117 = VECTOR ( 'NONE', #5751, 1000.000000000000000 ) ;
#3118 = COLOUR_RGB ( '',1.000000000000000000, 1.000000000000000000, 1.000000000000000000 ) ;
#3119 = VERTEX_POINT ( 'NONE', #2029 ) ;
#3120 = CARTESIAN_POINT ( 'NONE',  ( -0.7800000000000010258, -0.3750000000000001110, -0.01000000000000000021 ) ) ;
#3121 = STYLED_ITEM ( 'NONE', ( #326 ), #1994 ) ;
#3122 = CARTESIAN_POINT ( 'NONE',  ( 0.1884156267069211910, -0.5028067035789234307, 0.001000000000000000021 ) ) ;
#3123 = EDGE_CURVE ( 'NONE', #5157, #1710, #663, .T. ) ;
#3124 = UNCERTAINTY_MEASURE_WITH_UNIT (LENGTH_MEASURE( 1.000000000000000082E-05 ), #4220, 'distance_accuracy_value', 'NONE');
#3125 = VECTOR ( 'NONE', #4507, 1000.000000000000000 ) ;
#3126 = STYLED_ITEM ( 'NONE', ( #5948 ), #667 ) ;
#3127 = LINE ( 'NONE', #3162, #454 ) ;
#3128 = CARTESIAN_POINT ( 'NONE',  ( 0.4245165003218918653, -0.5434443585324807424, 0.000000000000000000 ) ) ;
#3129 = PLANE ( 'NONE',  #2887 ) ;
#3130 = ORIENTED_EDGE ( 'NONE', *, *, #5921, .F. ) ;
#3131 = PLANE ( 'NONE',  #1957 ) ;
#3132 = COLOUR_RGB ( '',1.000000000000000000, 1.000000000000000000, 1.000000000000000000 ) ;
#3133 = CARTESIAN_POINT ( 'NONE',  ( 0.3638142435446613532, -0.4854971034235741056, 0.000000000000000000 ) ) ;
#3134 = SURFACE_STYLE_FILL_AREA ( #4062 ) ;
#3135 = CARTESIAN_POINT ( 'NONE',  ( 0.4843650151746846100, -0.5861995993702721064, 0.000000000000000000 ) ) ;
#3136 =( GEOMETRIC_REPRESENTATION_CONTEXT ( 3 ) GLOBAL_UNCERTAINTY_ASSIGNED_CONTEXT ( ( #6185 ) ) GLOBAL_UNIT_ASSIGNED_CONTEXT ( ( #3313, #6738, #1103 ) ) REPRESENTATION_CONTEXT ( 'NONE', 'WORKASPACE' ) );
#3137 = CARTESIAN_POINT ( 'NONE',  ( 0.1771674942839210898, -0.5405330572988684690, 0.000000000000000000 ) ) ;
#3138 = FILL_AREA_STYLE ('',( #3178 ) ) ;
#3139 = CARTESIAN_POINT ( 'NONE',  ( 0.6600000000000000311, 0.5049999999999991163, 0.000000000000000000 ) ) ;
#3140 = VECTOR ( 'NONE', #3342, 1000.000000000000000 ) ;
#3141 = CARTESIAN_POINT ( 'NONE',  ( 0.2185936651043855483, -0.4869307339609779683, 0.000000000000000000 ) ) ;
#3142 = ADVANCED_FACE ( 'NONE', ( #6294 ), #6329, .T. ) ;
#3143 = VECTOR ( 'NONE', #4691, 1000.000000000000000 ) ;
#3144 = ORIENTED_EDGE ( 'NONE', *, *, #5310, .T. ) ;
#3145 = DIRECTION ( 'NONE',  ( 0.3393303772748790248, 0.9406672605435399959, 0.000000000000000000 ) ) ;
#3146 = CARTESIAN_POINT ( 'NONE',  ( -1.000000000000000000, -0.7499999999999997780, 0.9799999999999999822 ) ) ;
#3147 = FILL_AREA_STYLE ('',( #2110 ) ) ;
#3148 =( GEOMETRIC_REPRESENTATION_CONTEXT ( 3 ) GLOBAL_UNCERTAINTY_ASSIGNED_CONTEXT ( ( #6773 ) ) GLOBAL_UNIT_ASSIGNED_CONTEXT ( ( #3078, #2535, #4905 ) ) REPRESENTATION_CONTEXT ( 'NONE', 'WORKASPACE' ) );
#3149 = PLANE ( 'NONE',  #227 ) ;
#3150 = ORIENTED_EDGE ( 'NONE', *, *, #6133, .T. ) ;
#3151 = CARTESIAN_POINT ( 'NONE',  ( 0.4088297266646034878, -0.5534028231846632728, 0.001000000000000000021 ) ) ;
#3152 =( GEOMETRIC_REPRESENTATION_CONTEXT ( 3 ) GLOBAL_UNCERTAINTY_ASSIGNED_CONTEXT ( ( #3345 ) ) GLOBAL_UNIT_ASSIGNED_CONTEXT ( ( #2960, #5694, #4633 ) ) REPRESENTATION_CONTEXT ( 'NONE', 'WORKASPACE' ) );
#3153 = FILL_AREA_STYLE ('',( #6645 ) ) ;
#3154 = FILL_AREA_STYLE_COLOUR ( '', #3759 ) ;
#3155 =( GEOMETRIC_REPRESENTATION_CONTEXT ( 3 ) GLOBAL_UNCERTAINTY_ASSIGNED_CONTEXT ( ( #5824 ) ) GLOBAL_UNIT_ASSIGNED_CONTEXT ( ( #2741, #1632, #2168 ) ) REPRESENTATION_CONTEXT ( 'NONE', 'WORKASPACE' ) );
#3156 = ORIENTED_EDGE ( 'NONE', *, *, #17, .F. ) ;
#3157 = FILL_AREA_STYLE_COLOUR ( '', #5917 ) ;
#3158 = EDGE_CURVE ( 'NONE', #3830, #2359, #234, .T. ) ;
#3159 = CARTESIAN_POINT ( 'NONE',  ( 0.1919054542627673943, -0.4993728881301389699, 0.001000000000000000021 ) ) ;
#3160 = CARTESIAN_POINT ( 'NONE',  ( 0.1904953542085354168, -0.5336957120760308371, 0.000000000000000000 ) ) ;
#3161 = LINE ( 'NONE', #4256, #2118 ) ;
#3162 = CARTESIAN_POINT ( 'NONE',  ( -0.3750000000000000000, 0.5300000000000002487, -0.01000000000000000021 ) ) ;
#3163 = CARTESIAN_POINT ( 'NONE',  ( 0.3833744601349394210, -0.5758406365142872962, 0.000000000000000000 ) ) ;
#3164 = SURFACE_STYLE_FILL_AREA ( #5867 ) ;
#3165 = SURFACE_STYLE_USAGE ( .BOTH. , #4768 ) ;
#3166 = LINE ( 'NONE', #388, #5800 ) ;
#3167 = CARTESIAN_POINT ( 'NONE',  ( 0.2008502424780320705, -0.5647517801650155933, 0.001000000000000000021 ) ) ;
#3168 = EDGE_CURVE ( 'NONE', #3387, #2452, #4087, .T. ) ;
#3169 = CARTESIAN_POINT ( 'NONE',  ( 0.1257735441536374787, -0.4991068105503137509, 0.000000000000000000 ) ) ;
#3170 = PRESENTATION_LAYER_ASSIGNMENT (  '', '', ( #6315 ) ) ;
#3171 = PLANE ( 'NONE',  #5908 ) ;
#3172 = CARTESIAN_POINT ( 'NONE',  ( 0.3842946468234111346, -0.4858093401534626099, 0.000000000000000000 ) ) ;
#3173 = LINE ( 'NONE', #2643, #6425 ) ;
#3174 = FILL_AREA_STYLE_COLOUR ( '', #5354 ) ;
#3175 = SURFACE_STYLE_USAGE ( .BOTH. , #6491 ) ;
#3176 = COLOUR_RGB ( '',0.000000000000000000, 0.000000000000000000, 0.000000000000000000 ) ;
#3177 = PLANE ( 'NONE',  #206 ) ;
#3178 = FILL_AREA_STYLE_COLOUR ( '', #2544 ) ;
#3179 = LINE ( 'NONE', #5413, #6058 ) ;
#3180 = ORIENTED_EDGE ( 'NONE', *, *, #2526, .T. ) ;
#3181 = CARTESIAN_POINT ( 'NONE',  ( 0.2293154724917577103, -0.4861995993702720176, 0.000000000000000000 ) ) ;
#3182 = VERTEX_POINT ( 'NONE', #2577 ) ;
#3183 = SURFACE_SIDE_STYLE ('',( #2171 ) ) ;
#3184 = DIRECTION ( 'NONE',  ( 1.000000000000000000, 0.000000000000000000, 0.000000000000000000 ) ) ;
#3185 = VECTOR ( 'NONE', #5831, 1000.000000000000000 ) ;
#3186 = EDGE_CURVE ( 'NONE', #2528, #7011, #372, .T. ) ;
#3187 = DIRECTION ( 'NONE',  ( -0.000000000000000000, 0.000000000000000000, 1.000000000000000000 ) ) ;
#3188 = CARTESIAN_POINT ( 'NONE',  ( 0.3833744601349394210, -0.5758406365142872962, 0.000000000000000000 ) ) ;
#3189 = PRESENTATION_LAYER_ASSIGNMENT (  '', '', ( #2731 ) ) ;
#3190 = VERTEX_POINT ( 'NONE', #2979 ) ;
#3191 =( GEOMETRIC_REPRESENTATION_CONTEXT ( 3 ) GLOBAL_UNCERTAINTY_ASSIGNED_CONTEXT ( ( #2754 ) ) GLOBAL_UNIT_ASSIGNED_CONTEXT ( ( #2038, #336, #2585 ) ) REPRESENTATION_CONTEXT ( 'NONE', 'WORKASPACE' ) );
#3192 = FACE_OUTER_BOUND ( 'NONE', #7226, .T. ) ;
#3193 = ORIENTED_EDGE ( 'NONE', *, *, #4373, .F. ) ;
#3194 = CARTESIAN_POINT ( 'NONE',  ( 0.2101691899950891562, -0.5008442177408949370, 0.001000000000000000021 ) ) ;
#3195 = FACE_OUTER_BOUND ( 'NONE', #2462, .T. ) ;
#3196 = LINE ( 'NONE', #2149, #3389 ) ;
#3197 = CARTESIAN_POINT ( 'NONE',  ( 0.3868761071660521966, -0.5750256954996062486, 0.000000000000000000 ) ) ;
#3198 = FILL_AREA_STYLE_COLOUR ( '', #4518 ) ;
#3199 = DIRECTION ( 'NONE',  ( 0.000000000000000000, 1.000000000000000000, 0.000000000000000000 ) ) ;
#3200 =( NAMED_UNIT ( * ) PLANE_ANGLE_UNIT ( ) SI_UNIT ( $, .RADIAN. ) );
#3201 =( NAMED_UNIT ( * ) PLANE_ANGLE_UNIT ( ) SI_UNIT ( $, .RADIAN. ) );
#3202 = CARTESIAN_POINT ( 'NONE',  ( 0.1910379018463814471, -0.5441110819413355060, 0.001000000000000000021 ) ) ;
#3203 = CARTESIAN_POINT ( 'NONE',  ( 0.1263656756470095677, -0.5023369040446530320, 0.001000000000000000021 ) ) ;
#3204 = FILL_AREA_STYLE_COLOUR ( '', #3118 ) ;
#3205 = MECHANICAL_DESIGN_GEOMETRIC_PRESENTATION_REPRESENTATION (  '', ( #2905 ), #1093 ) ;
#3206 = CARTESIAN_POINT ( 'NONE',  ( 0.6600000000000001421, -0.4950000000000008837, 0.000000000000000000 ) ) ;
#3207 = LINE ( 'NONE', #1034, #3045 ) ;
#3208 = DIRECTION ( 'NONE',  ( -0.000000000000000000, -0.000000000000000000, -1.000000000000000000 ) ) ;
#3209 = CARTESIAN_POINT ( 'NONE',  ( 0.1550967224917576825, -0.5861995993702721064, 0.001000000000000000021 ) ) ;
#3210 = EDGE_CURVE ( 'NONE', #1646, #1981, #2616, .T. ) ;
#3211 = CARTESIAN_POINT ( 'NONE',  ( 0.1790461417554730927, -0.5510559801009682346, 0.000000000000000000 ) ) ;
#3212 = CARTESIAN_POINT ( 'NONE',  ( 0.3511379067241536256, -0.5705588182027100386, -0.000000000000000000 ) ) ;
#3213 = PRESENTATION_STYLE_ASSIGNMENT (( #4347 ) ) ;
#3214 = VERTEX_POINT ( 'NONE', #5195 ) ;
#3215 = SURFACE_STYLE_FILL_AREA ( #3718 ) ;
#3216 = ADVANCED_FACE ( 'NONE', ( #4833 ), #1526, .T. ) ;
#3217 = VERTEX_POINT ( 'NONE', #5945 ) ;
#3218 = CARTESIAN_POINT ( 'NONE',  ( 0.1253330029795625966, -0.4983947213214915406, 0.001000000000000000021 ) ) ;
#3219 = VERTEX_POINT ( 'NONE', #4819 ) ;
#3220 = CARTESIAN_POINT ( 'NONE',  ( -0.9603633550760954929, 0.6011454912595581845, 0.9699999999999999734 ) ) ;
#3221 = CARTESIAN_POINT ( 'NONE',  ( -1.000000000000000222, 0.7500000000000002220, 0.000000000000000000 ) ) ;
#3222 = ORIENTED_EDGE ( 'NONE', *, *, #2472, .T. ) ;
#3223 = DIRECTION ( 'NONE',  ( -2.502005013428086882E-15, 1.000000000000000000, 0.000000000000000000 ) ) ;
#3224 = AXIS2_PLACEMENT_3D ( 'NONE', #7058, #4214, #2081 ) ;
#3225 = CARTESIAN_POINT ( 'NONE',  ( 0.1998356559150057388, -0.4935881224418607882, 0.001000000000000000021 ) ) ;
#3226 = DIRECTION ( 'NONE',  ( 0.000000000000000000, -0.000000000000000000, -1.000000000000000000 ) ) ;
#3227 = STYLED_ITEM ( 'NONE', ( #1692 ), #4989 ) ;
#3228 =( LENGTH_UNIT ( ) NAMED_UNIT ( * ) SI_UNIT ( .MILLI., .METRE. ) );
#3229 = STYLED_ITEM ( 'NONE', ( #6209 ), #5930 ) ;
#3230 =( NAMED_UNIT ( * ) SI_UNIT ( $, .STERADIAN. ) SOLID_ANGLE_UNIT ( ) );
#3231 = CARTESIAN_POINT ( 'NONE',  ( 0.3172918444429772555, -0.5752239896141745357, 0.000000000000000000 ) ) ;
#3232 =( GEOMETRIC_REPRESENTATION_CONTEXT ( 3 ) GLOBAL_UNCERTAINTY_ASSIGNED_CONTEXT ( ( #5676 ) ) GLOBAL_UNIT_ASSIGNED_CONTEXT ( ( #6644, #4897, #5370 ) ) REPRESENTATION_CONTEXT ( 'NONE', 'WORKASPACE' ) );
#3233 = ORIENTED_EDGE ( 'NONE', *, *, #3064, .F. ) ;
#3234 = FILL_AREA_STYLE_COLOUR ( '', #3487 ) ;
#3235 = ADVANCED_FACE ( 'NONE', ( #6531 ), #396, .T. ) ;
#3236 =( NAMED_UNIT ( * ) SI_UNIT ( $, .STERADIAN. ) SOLID_ANGLE_UNIT ( ) );
#3237 = PRESENTATION_LAYER_ASSIGNMENT (  '', '', ( #6373 ) ) ;
#3238 = MECHANICAL_DESIGN_GEOMETRIC_PRESENTATION_REPRESENTATION (  '', ( #785 ), #6618 ) ;
#3239 = AXIS2_PLACEMENT_3D ( 'NONE', #7076, #1976, #4820 ) ;
#3240 = CARTESIAN_POINT ( 'NONE',  ( 1.010000000000000009, -0.1250000000000001110, 0.1000000000000000056 ) ) ;
#3241 = FILL_AREA_STYLE_COLOUR ( '', #425 ) ;
#3242 = DIRECTION ( 'NONE',  ( 1.000000000000000000, 0.000000000000000000, 0.000000000000000000 ) ) ;
#3243 =( LENGTH_UNIT ( ) NAMED_UNIT ( * ) SI_UNIT ( .MILLI., .METRE. ) );
#3244 = VECTOR ( 'NONE', #1054, 1000.000000000000000 ) ;
#3245 = PLANE ( 'NONE',  #3259 ) ;
#3246 = VECTOR ( 'NONE', #5994, 1000.000000000000000 ) ;
#3247 = CARTESIAN_POINT ( 'NONE',  ( 0.4709503810283431346, -0.5752239896141745357, 0.001000000000000000021 ) ) ;
#3248 = STYLED_ITEM ( 'NONE', ( #1408 ), #830 ) ;
#3249 = SURFACE_STYLE_FILL_AREA ( #6566 ) ;
#3250 = EDGE_CURVE ( 'NONE', #3591, #4931, #6419, .T. ) ;
#3251 = FILL_AREA_STYLE_COLOUR ( '', #6735 ) ;
#3252 = SURFACE_STYLE_FILL_AREA ( #3138 ) ;
#3253 = MECHANICAL_DESIGN_GEOMETRIC_PRESENTATION_REPRESENTATION (  '', ( #446 ), #3376 ) ;
#3254 = LINE ( 'NONE', #468, #1631 ) ;
#3255 = ORIENTED_EDGE ( 'NONE', *, *, #1766, .F. ) ;
#3256 = CARTESIAN_POINT ( 'NONE',  ( 0.1884156267069211910, -0.5028067035789234307, 0.000000000000000000 ) ) ;
#3257 = ORIENTED_EDGE ( 'NONE', *, *, #6583, .F. ) ;
#3258 = DIRECTION ( 'NONE',  ( 0.000000000000000000, -0.000000000000000000, 1.000000000000000000 ) ) ;
#3259 = AXIS2_PLACEMENT_3D ( 'NONE', #3920, #4922, #4985 ) ;
#3260 = EDGE_CURVE ( 'NONE', #530, #3604, #7075, .T. ) ;
#3261 = EDGE_CURVE ( 'NONE', #2244, #3059, #5976, .T. ) ;
#3262 = PRESENTATION_STYLE_ASSIGNMENT (( #503 ) ) ;
#3263 = ORIENTED_EDGE ( 'NONE', *, *, #3601, .T. ) ;
#3264 = SURFACE_STYLE_FILL_AREA ( #6097 ) ;
#3265 = MECHANICAL_DESIGN_GEOMETRIC_PRESENTATION_REPRESENTATION (  '', ( #7106 ), #1980 ) ;
#3266 = ORIENTED_EDGE ( 'NONE', *, *, #4966, .T. ) ;
#3267 = B_SPLINE_CURVE_WITH_KNOTS ( 'NONE', 3,
 ( #2087, #5934, #2049, #3805, #4298, #2006, #844, #4258, #4328, #953, #6409, #348, #3662, #6555, #3089, #1517, #3128, #3697, #2667 ),
 .UNSPECIFIED., .F., .F.,
 ( 4, 1, 1, 1, 1, 1, 1, 1, 1, 1, 1, 1, 1, 1, 1, 1, 4 ),
 ( 0.000000000000000000, 0.06783324845577305695, 0.1326555365079040427, 0.1950508840508278496, 0.2555829330687766632, 0.3147998341472891815, 0.3736004728263742081, 0.4325455953267433595, 0.4924306292835654020, 0.5526712559629695098, 0.6125130441881163623, 0.6726102503570059454, 0.7338383693139461927, 0.7965942385677733384, 0.8614497992905728596, 0.9291989423509054991, 1.000000000000000000 ),
 .UNSPECIFIED. ) ;
#3268 = SURFACE_STYLE_USAGE ( .BOTH. , #6689 ) ;
#3269 = VECTOR ( 'NONE', #6986, 1000.000000000000000 ) ;
#3270 = VECTOR ( 'NONE', #3941, 1000.000000000000000 ) ;
#3271 = EDGE_CURVE ( 'NONE', #819, #6763, #6457, .T. ) ;
#3272 = CARTESIAN_POINT ( 'NONE',  ( 0.3737514481015138945, -0.4849800871751501208, 0.000000000000000000 ) ) ;
#3273 = COLOUR_RGB ( '',1.000000000000000000, 1.000000000000000000, 1.000000000000000000 ) ;
#3274 = CARTESIAN_POINT ( 'NONE',  ( 0.7800000000000008038, 0.6249999999999998890, 0.1000000000000000056 ) ) ;
#3275 = EDGE_CURVE ( 'NONE', #2939, #3214, #1449, .T. ) ;
#3276 = LINE ( 'NONE', #7105, #501 ) ;
#3277 = CARTESIAN_POINT ( 'NONE',  ( 0.1984107680887519376, -0.5619776370931452991, 0.000000000000000000 ) ) ;
#3278 = FILL_AREA_STYLE ('',( #7107 ) ) ;
#3279 = AXIS2_PLACEMENT_3D ( 'NONE', #3713, #3644, #4828 ) ;
#3280 = ADVANCED_FACE ( 'NONE', ( #5475 ), #966, .T. ) ;
#3281 = FACE_OUTER_BOUND ( 'NONE', #268, .T. ) ;
#3282 = PLANE ( 'NONE',  #1502 ) ;
#3283 = CARTESIAN_POINT ( 'NONE',  ( -0.1250000000000000000, -0.7599999999999997868, 0.1000000000000000056 ) ) ;
#3284 = DIRECTION ( 'NONE',  ( 0.000000000000000000, -1.000000000000000000, -0.000000000000000000 ) ) ;
#3285 = FILL_AREA_STYLE_COLOUR ( '', #4069 ) ;
#3286 = CARTESIAN_POINT ( 'NONE',  ( 0.1245724858571516380, -0.5025252758820560883, 0.000000000000000000 ) ) ;
#3287 = SURFACE_SIDE_STYLE ('',( #3367 ) ) ;
#3288 = VECTOR ( 'NONE', #895, 1000.000000000000000 ) ;
#3289 = ORIENTED_EDGE ( 'NONE', *, *, #2745, .T. ) ;
#3290 = PRESENTATION_STYLE_ASSIGNMENT (( #404 ) ) ;
#3291 = EDGE_LOOP ( 'NONE', ( #4410, #2746, #4358, #3263 ) ) ;
#3292 = PRESENTATION_LAYER_ASSIGNMENT (  '', '', ( #3549 ) ) ;
#3293 = CARTESIAN_POINT ( 'NONE',  ( -0.7800000000000010258, -0.1250000000000001110, 0.1000000000000000056 ) ) ;
#3294 = FACE_OUTER_BOUND ( 'NONE', #3336, .T. ) ;
#3295 = ADVANCED_FACE ( 'NONE', ( #1689 ), #630, .T. ) ;
#3296 = ORIENTED_EDGE ( 'NONE', *, *, #1230, .F. ) ;
#3297 = SURFACE_STYLE_FILL_AREA ( #5593 ) ;
#3298 = AXIS2_PLACEMENT_3D ( 'NONE', #1898, #4135, #6346 ) ;
#3299 = LINE ( 'NONE', #5594, #3244 ) ;
#3300 = EDGE_CURVE ( 'NONE', #3011, #1174, #1734, .T. ) ;
#3301 = SURFACE_SIDE_STYLE ('',( #479 ) ) ;
#3302 = MECHANICAL_DESIGN_GEOMETRIC_PRESENTATION_REPRESENTATION (  '', ( #2388 ), #6801 ) ;
#3303 = CARTESIAN_POINT ( 'NONE',  ( 0.3592511598867642597, -0.5849758190397712498, 0.001000000000000000021 ) ) ;
#3304 = LINE ( 'NONE', #3875, #3034 ) ;
#3305 = DIRECTION ( 'NONE',  ( 0.3390537954853696245, 0.9407669869669986751, 0.000000000000000000 ) ) ;
#3306 = ORIENTED_EDGE ( 'NONE', *, *, #4600, .T. ) ;
#3307 = CARTESIAN_POINT ( 'NONE',  ( 0.2098710464478993898, -0.5711734280051132817, 0.000000000000000000 ) ) ;
#3308 = DIRECTION ( 'NONE',  ( 0.000000000000000000, 0.000000000000000000, -1.000000000000000000 ) ) ;
#3309 = AXIS2_PLACEMENT_3D ( 'NONE', #4232, #893, #6459 ) ;
#3310 = EDGE_CURVE ( 'NONE', #143, #2026, #7145, .T. ) ;
#3311 = SURFACE_STYLE_FILL_AREA ( #515 ) ;
#3312 = PRESENTATION_STYLE_ASSIGNMENT (( #1732 ) ) ;
#3313 =( LENGTH_UNIT ( ) NAMED_UNIT ( * ) SI_UNIT ( .MILLI., .METRE. ) );
#3314 = STYLED_ITEM ( 'NONE', ( #5084 ), #3806 ) ;
#3315 = DIRECTION ( 'NONE',  ( -1.000000000000000000, 0.000000000000000000, 0.000000000000000000 ) ) ;
#3316 =( LENGTH_UNIT ( ) NAMED_UNIT ( * ) SI_UNIT ( .MILLI., .METRE. ) );
#3317 = DIRECTION ( 'NONE',  ( 1.000000000000000000, 0.000000000000000000, 0.000000000000000000 ) ) ;
#3318 = VERTEX_POINT ( 'NONE', #3985 ) ;
#3319 = SURFACE_STYLE_USAGE ( .BOTH. , #3396 ) ;
#3320 =( NAMED_UNIT ( * ) PLANE_ANGLE_UNIT ( ) SI_UNIT ( $, .RADIAN. ) );
#3321 = VECTOR ( 'NONE', #4468, 1000.000000000000000 ) ;
#3322 = CARTESIAN_POINT ( 'NONE',  ( 0.4088297266646034878, -0.5534028231846632728, 0.001000000000000000021 ) ) ;
#3323 = UNCERTAINTY_MEASURE_WITH_UNIT (LENGTH_MEASURE( 1.000000000000000082E-05 ), #4046, 'distance_accuracy_value', 'NONE');
#3324 =( GEOMETRIC_REPRESENTATION_CONTEXT ( 3 ) GLOBAL_UNCERTAINTY_ASSIGNED_CONTEXT ( ( #324 ) ) GLOBAL_UNIT_ASSIGNED_CONTEXT ( ( #139, #5246, #5212 ) ) REPRESENTATION_CONTEXT ( 'NONE', 'WORKASPACE' ) );
#3325 = DIRECTION ( 'NONE',  ( 0.000000000000000000, 0.000000000000000000, -1.000000000000000000 ) ) ;
#3326 = CARTESIAN_POINT ( 'NONE',  ( -0.1250000000000000000, -0.07999999999999977962, 0.1000000000000000056 ) ) ;
#3327 = CARTESIAN_POINT ( 'NONE',  ( 0.1253330029795625966, -0.4983947213214915406, 0.000000000000000000 ) ) ;
#3328 = ORIENTED_EDGE ( 'NONE', *, *, #3056, .F. ) ;
#3329 = LINE ( 'NONE', #2775, #6107 ) ;
#3330 = ORIENTED_EDGE ( 'NONE', *, *, #2968, .T. ) ;
#3331 = PRESENTATION_STYLE_ASSIGNMENT (( #3790 ) ) ;
#3332 =( LENGTH_UNIT ( ) NAMED_UNIT ( * ) SI_UNIT ( .MILLI., .METRE. ) );
#3333 = ORIENTED_EDGE ( 'NONE', *, *, #1919, .T. ) ;
#3334 = PLANE ( 'NONE',  #5449 ) ;
#3335 =( NAMED_UNIT ( * ) SI_UNIT ( $, .STERADIAN. ) SOLID_ANGLE_UNIT ( ) );
#3336 = EDGE_LOOP ( 'NONE', ( #1219, #1715, #6861, #7180 ) ) ;
#3337 = ORIENTED_EDGE ( 'NONE', *, *, #1940, .F. ) ;
#3338 = FACE_OUTER_BOUND ( 'NONE', #1900, .T. ) ;
#3339 = DIRECTION ( 'NONE',  ( -0.000000000000000000, -0.000000000000000000, -1.000000000000000000 ) ) ;
#3340 = EDGE_CURVE ( 'NONE', #1833, #3462, #6192, .T. ) ;
#3341 = ORIENTED_EDGE ( 'NONE', *, *, #6754, .T. ) ;
#3342 = DIRECTION ( 'NONE',  ( 0.000000000000000000, 0.000000000000000000, -1.000000000000000000 ) ) ;
#3343 = ORIENTED_EDGE ( 'NONE', *, *, #2154, .T. ) ;
#3344 = DIRECTION ( 'NONE',  ( 0.000000000000000000, 0.000000000000000000, 1.000000000000000000 ) ) ;
#3345 = UNCERTAINTY_MEASURE_WITH_UNIT (LENGTH_MEASURE( 1.000000000000000082E-05 ), #2960, 'distance_accuracy_value', 'NONE');
#3346 = PLANE ( 'NONE',  #3685 ) ;
#3347 = ORIENTED_EDGE ( 'NONE', *, *, #3987, .F. ) ;
#3348 = CARTESIAN_POINT ( 'NONE',  ( 0.1904970877523339545, -0.5367660547401835736, 0.000000000000000000 ) ) ;
#3349 = ADVANCED_FACE ( 'NONE', ( #2839 ), #5023, .T. ) ;
#3350 = SURFACE_STYLE_USAGE ( .BOTH. , #5564 ) ;
#3351 = AXIS2_PLACEMENT_3D ( 'NONE', #5830, #2051, #7031 ) ;
#3352 = EDGE_CURVE ( 'NONE', #5415, #3538, #2949, .T. ) ;
#3353 = DIRECTION ( 'NONE',  ( -0.000000000000000000, -0.000000000000000000, -1.000000000000000000 ) ) ;
#3354 = CARTESIAN_POINT ( 'NONE',  ( 0.2794869663941967897, -0.4971752091263696438, 0.000000000000000000 ) ) ;
#3355 =( NAMED_UNIT ( * ) SI_UNIT ( $, .STERADIAN. ) SOLID_ANGLE_UNIT ( ) );
#3356 = SURFACE_STYLE_FILL_AREA ( #5502 ) ;
#3357 = PRESENTATION_LAYER_ASSIGNMENT (  '', '', ( #6020 ) ) ;
#3358 = LINE ( 'NONE', #2872, #1227 ) ;
#3359 = SURFACE_STYLE_USAGE ( .BOTH. , #4445 ) ;
#3360 = ORIENTED_EDGE ( 'NONE', *, *, #6141, .F. ) ;
#3361 =( GEOMETRIC_REPRESENTATION_CONTEXT ( 3 ) GLOBAL_UNCERTAINTY_ASSIGNED_CONTEXT ( ( #1208 ) ) GLOBAL_UNIT_ASSIGNED_CONTEXT ( ( #2997, #3105, #5288 ) ) REPRESENTATION_CONTEXT ( 'NONE', 'WORKASPACE' ) );
#3362 =( NAMED_UNIT ( * ) SI_UNIT ( $, .STERADIAN. ) SOLID_ANGLE_UNIT ( ) );
#3363 = VECTOR ( 'NONE', #5154, 1000.000000000000000 ) ;
#3364 = SURFACE_STYLE_USAGE ( .BOTH. , #1113 ) ;
#3365 = LINE ( 'NONE', #4995, #7222 ) ;
#3366 = VECTOR ( 'NONE', #386, 1000.000000000000000 ) ;
#3367 = SURFACE_STYLE_FILL_AREA ( #3153 ) ;
#3368 = LINE ( 'NONE', #5695, #5886 ) ;
#3369 = EDGE_CURVE ( 'NONE', #5416, #5415, #668, .T. ) ;
#3370 = PRESENTATION_STYLE_ASSIGNMENT (( #4065 ) ) ;
#3371 = ORIENTED_EDGE ( 'NONE', *, *, #6595, .F. ) ;
#3372 = MECHANICAL_DESIGN_GEOMETRIC_PRESENTATION_REPRESENTATION (  '', ( #6741 ), #1967 ) ;
#3373 = PRESENTATION_STYLE_ASSIGNMENT (( #5114 ) ) ;
#3374 = DIRECTION ( 'NONE',  ( -0.000000000000000000, 0.000000000000000000, 1.000000000000000000 ) ) ;
#3375 = ADVANCED_FACE ( 'NONE', ( #6226 ), #2782, .T. ) ;
#3376 =( GEOMETRIC_REPRESENTATION_CONTEXT ( 3 ) GLOBAL_UNCERTAINTY_ASSIGNED_CONTEXT ( ( #2405 ) ) GLOBAL_UNIT_ASSIGNED_CONTEXT ( ( #5996, #4255, #4732 ) ) REPRESENTATION_CONTEXT ( 'NONE', 'WORKASPACE' ) );
#3377 = ORIENTED_EDGE ( 'NONE', *, *, #3210, .F. ) ;
#3378 = STYLED_ITEM ( 'NONE', ( #5609 ), #465 ) ;
#3379 = DIRECTION ( 'NONE',  ( -1.000000000000000000, 0.000000000000000000, 0.000000000000000000 ) ) ;
#3380 = CARTESIAN_POINT ( 'NONE',  ( 1.010000000000000009, -0.1250000000000001110, -0.01000000000000000021 ) ) ;
#3381 = SURFACE_STYLE_USAGE ( .BOTH. , #73 ) ;
#3382 = VERTEX_POINT ( 'NONE', #4666 ) ;
#3383 = CARTESIAN_POINT ( 'NONE',  ( -1.010000000000000009, -0.1250000000000001110, 0.1000000000000000056 ) ) ;
#3384 = DIRECTION ( 'NONE',  ( 1.000000000000000000, 0.000000000000000000, 0.000000000000000000 ) ) ;
#3385 = PRODUCT_RELATED_PRODUCT_CATEGORY ( 'part', '', ( #1137 ) ) ;
#3386 = COLOUR_RGB ( '',1.000000000000000000, 1.000000000000000000, 1.000000000000000000 ) ;
#3387 = VERTEX_POINT ( 'NONE', #7028 ) ;
#3388 =( NAMED_UNIT ( * ) PLANE_ANGLE_UNIT ( ) SI_UNIT ( $, .RADIAN. ) );
#3389 = VECTOR ( 'NONE', #3344, 1000.000000000000000 ) ;
#3390 = MECHANICAL_DESIGN_GEOMETRIC_PRESENTATION_REPRESENTATION (  '', ( #2700 ), #926 ) ;
#3391 = CARTESIAN_POINT ( 'NONE',  ( 0.6600000000000001421, 0.000000000000000000, 0.000000000000000000 ) ) ;
#3392 = SURFACE_STYLE_FILL_AREA ( #556 ) ;
#3393 = SURFACE_STYLE_USAGE ( .BOTH. , #6035 ) ;
#3394 =( LENGTH_UNIT ( ) NAMED_UNIT ( * ) SI_UNIT ( .MILLI., .METRE. ) );
#3395 = ORIENTED_EDGE ( 'NONE', *, *, #2934, .T. ) ;
#3396 = SURFACE_SIDE_STYLE ('',( #1146 ) ) ;
#3398 = SURFACE_STYLE_FILL_AREA ( #4988 ) ;
#3397 = VECTOR ( 'NONE', #7047, 1000.000000000000000 ) ;
#3399 = FILL_AREA_STYLE_COLOUR ( '', #6797 ) ;
#3400 = UNCERTAINTY_MEASURE_WITH_UNIT (LENGTH_MEASURE( 1.000000000000000082E-05 ), #4566, 'distance_accuracy_value', 'NONE');
#3401 = VERTEX_POINT ( 'NONE', #1441 ) ;
#3402 = UNCERTAINTY_MEASURE_WITH_UNIT (LENGTH_MEASURE( 1.000000000000000082E-05 ), #4464, 'distance_accuracy_value', 'NONE');
#3403 = CARTESIAN_POINT ( 'NONE',  ( 0.1918956925196227403, -0.5722662920586952806, 0.001000000000000000021 ) ) ;
#3404 = ORIENTED_EDGE ( 'NONE', *, *, #4644, .F. ) ;
#3405 = DIRECTION ( 'NONE',  ( 1.000000000000000000, 0.000000000000000000, -0.000000000000000000 ) ) ;
#3406 =( GEOMETRIC_REPRESENTATION_CONTEXT ( 3 ) GLOBAL_UNCERTAINTY_ASSIGNED_CONTEXT ( ( #6154 ) ) GLOBAL_UNIT_ASSIGNED_CONTEXT ( ( #2389, #1329, #137 ) ) REPRESENTATION_CONTEXT ( 'NONE', 'WORKASPACE' ) );
#3407 = CARTESIAN_POINT ( 'NONE',  ( -0.000000000000000000, 0.4100000000000001976, 0.000000000000000000 ) ) ;
#3408 = CARTESIAN_POINT ( 'NONE',  ( 0.3556554558226934781, -0.4995303983089320332, 0.001000000000000000021 ) ) ;
#3409 = CARTESIAN_POINT ( 'NONE',  ( 0.3750000000000000000, 0.7600000000000002309, -0.01000000000000000021 ) ) ;
#3410 = CARTESIAN_POINT ( 'NONE',  ( 1.010000000000000231, -0.3750000000000001110, 0.1000000000000000056 ) ) ;
#3411 = EDGE_LOOP ( 'NONE', ( #3156, #6276, #2422, #4105 ) ) ;
#3412 = DIRECTION ( 'NONE',  ( -0.000000000000000000, -0.000000000000000000, -1.000000000000000000 ) ) ;
#3413 = B_SPLINE_CURVE_WITH_KNOTS ( 'NONE', 3,
 ( #2524, #6702, #5572, #6592, #558, #4400, #3850, #6636, #1583, #3951, #593, #1105, #2706, #6003, #6667, #1559, #3814, #7209, #7113 ),
 .UNSPECIFIED., .F., .F.,
 ( 4, 1, 1, 1, 1, 1, 1, 1, 1, 1, 1, 1, 1, 1, 1, 1, 4 ),
 ( 0.000000000000000000, 0.07064371857535320376, 0.1382567155089041155, 0.2033641242175797947, 0.2663240938030566052, 0.3279047615429894202, 0.3887377151730923019, 0.4494235281093024170, 0.5108610114593153950, 0.5720793960475145656, 0.6317344287314452522, 0.6911172105788382369, 0.7503600294901705547, 0.8100329005312622010, 0.8713624508287367565, 0.9344271412311535574, 1.000000000000000000 ),
 .UNSPECIFIED. ) ;
#3414 =( NAMED_UNIT ( * ) SI_UNIT ( $, .STERADIAN. ) SOLID_ANGLE_UNIT ( ) );
#3415 = VECTOR ( 'NONE', #279, 1000.000000000000000 ) ;
#3416 = CARTESIAN_POINT ( 'NONE',  ( 0.7800000000000000266, 0.5049999999999998934, 0.1000000000000000056 ) ) ;
#3417 = VERTEX_POINT ( 'NONE', #7104 ) ;
#3418 = VERTEX_POINT ( 'NONE', #2634 ) ;
#3419 =( LENGTH_UNIT ( ) NAMED_UNIT ( * ) SI_UNIT ( .MILLI., .METRE. ) );
#3420 = ORIENTED_EDGE ( 'NONE', *, *, #888, .F. ) ;
#3421 = VECTOR ( 'NONE', #6134, 1000.000000000000000 ) ;
#3422 = EDGE_CURVE ( 'NONE', #6763, #3401, #6523, .T. ) ;
#3423 = CARTESIAN_POINT ( 'NONE',  ( 1.010000000000000231, -0.3750000000000001110, -0.01000000000000000021 ) ) ;
#3424 = DIRECTION ( 'NONE',  ( -0.000000000000000000, 0.000000000000000000, -1.000000000000000000 ) ) ;
#3425 = ORIENTED_EDGE ( 'NONE', *, *, #606, .F. ) ;
#3426 = CYLINDRICAL_SURFACE ( 'NONE', #103, 0.1199999999999999678 ) ;
#3427 = UNCERTAINTY_MEASURE_WITH_UNIT (LENGTH_MEASURE( 1.000000000000000082E-05 ), #4427, 'distance_accuracy_value', 'NONE');
#3428 = STYLED_ITEM ( 'NONE', ( #3290 ), #2627 ) ;
#3429 = DIRECTION ( 'NONE',  ( 0.000000000000000000, -1.000000000000000000, 0.000000000000000000 ) ) ;
#3430 = ORIENTED_EDGE ( 'NONE', *, *, #4783, .F. ) ;
#3431 =( LENGTH_UNIT ( ) NAMED_UNIT ( * ) SI_UNIT ( .MILLI., .METRE. ) );
#3432 = CARTESIAN_POINT ( 'NONE',  ( 0.9999999999999997780, 0.3749999999999998890, 0.1000000000000000056 ) ) ;
#3433 = COLOUR_RGB ( '',0.000000000000000000, 0.000000000000000000, 0.000000000000000000 ) ;
#3434 = DIRECTION ( 'NONE',  ( 0.000000000000000000, 0.000000000000000000, -1.000000000000000000 ) ) ;
#3435 = FACE_OUTER_BOUND ( 'NONE', #2482, .T. ) ;
#3436 = AXIS2_PLACEMENT_3D ( 'NONE', #994, #6584, #3878 ) ;
#3437 = DIRECTION ( 'NONE',  ( -0.000000000000000000, -0.000000000000000000, -1.000000000000000000 ) ) ;
#3438 = CARTESIAN_POINT ( 'NONE',  ( 0.3584897801377889270, -0.4984163844915233677, 0.001000000000000000021 ) ) ;
#3439 = ORIENTED_EDGE ( 'NONE', *, *, #954, .T. ) ;
#3440 = AXIS2_PLACEMENT_3D ( 'NONE', #4788, #6251, #2373 ) ;
#3441 = CARTESIAN_POINT ( 'NONE',  ( 0.1185113566380991690, -0.4861995993702720176, 0.001000000000000000021 ) ) ;
#3442 = ORIENTED_EDGE ( 'NONE', *, *, #2737, .F. ) ;
#3443 = DIRECTION ( 'NONE',  ( -1.000000000000000000, 0.000000000000000000, -0.000000000000000000 ) ) ;
#3444 = AXIS2_PLACEMENT_3D ( 'NONE', #385, #4222, #4184 ) ;
#3445 = VERTEX_POINT ( 'NONE', #5273 ) ;
#3446 = CARTESIAN_POINT ( 'NONE',  ( 0.7800000000000009148, -0.3750000000000001110, 0.1000000000000000056 ) ) ;
#3447 = FILL_AREA_STYLE_COLOUR ( '', #5020 ) ;
#3448 = ORIENTED_EDGE ( 'NONE', *, *, #4240, .F. ) ;
#3449 = CARTESIAN_POINT ( 'NONE',  ( 0.4245165003218918653, -0.5434443585324807424, 0.001000000000000000021 ) ) ;
#3450 =( NAMED_UNIT ( * ) SI_UNIT ( $, .STERADIAN. ) SOLID_ANGLE_UNIT ( ) );
#3452 = ORIENTED_EDGE ( 'NONE', *, *, #2925, .T. ) ;
#3451 =( GEOMETRIC_REPRESENTATION_CONTEXT ( 3 ) GLOBAL_UNCERTAINTY_ASSIGNED_CONTEXT ( ( #6463 ) ) GLOBAL_UNIT_ASSIGNED_CONTEXT ( ( #6384, #1173, #6221 ) ) REPRESENTATION_CONTEXT ( 'NONE', 'WORKASPACE' ) );
#3453 = EDGE_CURVE ( 'NONE', #2821, #3488, #4734, .T. ) ;
#3454 = VECTOR ( 'NONE', #511, 1000.000000000000000 ) ;
#3455 = EDGE_LOOP ( 'NONE', ( #3306, #3020, #4687, #2892 ) ) ;
#3456 = ORIENTED_EDGE ( 'NONE', *, *, #3609, .T. ) ;
#3457 = LINE ( 'NONE', #6903, #784 ) ;
#3458 = CARTESIAN_POINT ( 'NONE',  ( 0.7800000000000001377, 0.4949999999999998845, 0.000000000000000000 ) ) ;
#3459 = CARTESIAN_POINT ( 'NONE',  ( -0.6600000000000001421, 0.6249999999999998890, 0.1000000000000000056 ) ) ;
#3460 = VERTEX_POINT ( 'NONE', #4809 ) ;
#3461 = LINE ( 'NONE', #5598, #5941 ) ;
#3462 = VERTEX_POINT ( 'NONE', #1550 ) ;
#3463 = CARTESIAN_POINT ( 'NONE',  ( -0.6599999999999998090, 0.4949999999999998845, -0.01000000000000000021 ) ) ;
#3464 = CARTESIAN_POINT ( 'NONE',  ( 0.09412111273566012293, -0.5861995993702721064, 0.001000000000000000021 ) ) ;
#3465 = CARTESIAN_POINT ( 'NONE',  ( 0.1904953542085354168, -0.5336957120760308371, 0.001000000000000000021 ) ) ;
#3466 = SURFACE_STYLE_USAGE ( .BOTH. , #6844 ) ;
#3467 = SURFACE_SIDE_STYLE ('',( #1067 ) ) ;
#3468 = FILL_AREA_STYLE_COLOUR ( '', #910 ) ;
#3469 = EDGE_CURVE ( 'NONE', #5139, #5097, #3267, .T. ) ;
#3470 = CARTESIAN_POINT ( 'NONE',  ( 0.4197223674175032393, -0.5625232113922682409, 0.000000000000000000 ) ) ;
#3471 = CARTESIAN_POINT ( 'NONE',  ( 0.9999999999999997780, 0.7500000000000002220, 0.9799999999999999822 ) ) ;
#3472 = ORIENTED_EDGE ( 'NONE', *, *, #1571, .F. ) ;
#3473 = CARTESIAN_POINT ( 'NONE',  ( 0.3502186737112699677, -0.5023581359556379411, 0.000000000000000000 ) ) ;
#3474 = FACE_OUTER_BOUND ( 'NONE', #3411, .T. ) ;
#3475 = CARTESIAN_POINT ( 'NONE',  ( 0.09412111273566012293, -0.5861995993702721064, 0.001000000000000000021 ) ) ;
#3476 = ORIENTED_EDGE ( 'NONE', *, *, #2419, .T. ) ;
#3477 = STYLED_ITEM ( 'NONE', ( #6340 ), #5140 ) ;
#3478 =( NAMED_UNIT ( * ) PLANE_ANGLE_UNIT ( ) SI_UNIT ( $, .RADIAN. ) );
#3479 = LINE ( 'NONE', #679, #4227 ) ;
#3480 = SURFACE_STYLE_USAGE ( .BOTH. , #6750 ) ;
#3481 = LINE ( 'NONE', #2992, #924 ) ;
#3482 = VECTOR ( 'NONE', #1821, 1000.000000000000227 ) ;
#3483 = CARTESIAN_POINT ( 'NONE',  ( 0.3776493790946902629, -0.4960419678724320436, 0.000000000000000000 ) ) ;
#3484 = EDGE_CURVE ( 'NONE', #2026, #7051, #5001, .T. ) ;
#3485 = ORIENTED_EDGE ( 'NONE', *, *, #2420, .T. ) ;
#3486 = COLOUR_RGB ( '',0.000000000000000000, 0.000000000000000000, 0.000000000000000000 ) ;
#3487 = COLOUR_RGB ( '',1.000000000000000000, 1.000000000000000000, 1.000000000000000000 ) ;
#3488 = VERTEX_POINT ( 'NONE', #5349 ) ;
#3489 = MECHANICAL_DESIGN_GEOMETRIC_PRESENTATION_REPRESENTATION (  '', ( #4394 ), #1591 ) ;
#3490 = DIRECTION ( 'NONE',  ( -0.000000000000000000, 0.000000000000000000, 1.000000000000000000 ) ) ;
#3491 = CARTESIAN_POINT ( 'NONE',  ( 0.3736371188332211490, -0.4959556969312476915, 0.000000000000000000 ) ) ;
#3492 = ORIENTED_EDGE ( 'NONE', *, *, #860, .F. ) ;
#3493 = MECHANICAL_DESIGN_GEOMETRIC_PRESENTATION_REPRESENTATION (  '', ( #209 ), #4529 ) ;
#3494 = ORIENTED_EDGE ( 'NONE', *, *, #4966, .F. ) ;
#3495 = CARTESIAN_POINT ( 'NONE',  ( 0.3892398582015095809, -0.4869467303022292914, 0.001000000000000000021 ) ) ;
#3496 = MECHANICAL_DESIGN_GEOMETRIC_PRESENTATION_REPRESENTATION (  '', ( #2103 ), #2206 ) ;
#3497 = EDGE_CURVE ( 'NONE', #3904, #1269, #2514, .T. ) ;
#3498 = LINE ( 'NONE', #2895, #4814 ) ;
#3499 = SURFACE_STYLE_FILL_AREA ( #4651 ) ;
#3500 = PRESENTATION_LAYER_ASSIGNMENT (  '', '', ( #671 ) ) ;
#3501 = ORIENTED_EDGE ( 'NONE', *, *, #3250, .T. ) ;
#3502 = UNCERTAINTY_MEASURE_WITH_UNIT (LENGTH_MEASURE( 1.000000000000000082E-05 ), #2360, 'distance_accuracy_value', 'NONE');
#3503 = ORIENTED_EDGE ( 'NONE', *, *, #5103, .F. ) ;
#3504 = DIRECTION ( 'NONE',  ( 0.7071067811865469066, -0.7071067811865482389, 0.000000000000000000 ) ) ;
#3505 = EDGE_CURVE ( 'NONE', #6021, #3980, #414, .T. ) ;
#3506 = CARTESIAN_POINT ( 'NONE',  ( 1.000000000000000000, -0.6250000000000001110, 0.9799999999999999822 ) ) ;
#3507 =( NAMED_UNIT ( * ) SI_UNIT ( $, .STERADIAN. ) SOLID_ANGLE_UNIT ( ) );
#3508 = DIRECTION ( 'NONE',  ( 1.000000000000000000, 0.000000000000000000, 0.000000000000000000 ) ) ;
#3509 = EDGE_CURVE ( 'NONE', #6762, #729, #1911, .T. ) ;
#3510 =( GEOMETRIC_REPRESENTATION_CONTEXT ( 3 ) GLOBAL_UNCERTAINTY_ASSIGNED_CONTEXT ( ( #3402 ) ) GLOBAL_UNIT_ASSIGNED_CONTEXT ( ( #4464, #3938, #7161 ) ) REPRESENTATION_CONTEXT ( 'NONE', 'WORKASPACE' ) );
#3511 = DIRECTION ( 'NONE',  ( -0.000000000000000000, 0.000000000000000000, 1.000000000000000000 ) ) ;
#3512 = CARTESIAN_POINT ( 'NONE',  ( 0.4245776627645285739, -0.5398981788667867043, 0.000000000000000000 ) ) ;
#3513 = AXIS2_PLACEMENT_3D ( 'NONE', #6291, #6910, #702 ) ;
#3514 = ORIENTED_EDGE ( 'NONE', *, *, #5743, .F. ) ;
#3515 = COLOUR_RGB ( '',1.000000000000000000, 1.000000000000000000, 1.000000000000000000 ) ;
#3516 = SURFACE_STYLE_FILL_AREA ( #1252 ) ;
#3517 = FACE_OUTER_BOUND ( 'NONE', #1537, .T. ) ;
#3518 = SURFACE_STYLE_USAGE ( .BOTH. , #5174 ) ;
#3519 = ORIENTED_EDGE ( 'NONE', *, *, #2638, .F. ) ;
#3520 =( GEOMETRIC_REPRESENTATION_CONTEXT ( 3 ) GLOBAL_UNCERTAINTY_ASSIGNED_CONTEXT ( ( #4217 ) ) GLOBAL_UNIT_ASSIGNED_CONTEXT ( ( #5381, #378, #5992 ) ) REPRESENTATION_CONTEXT ( 'NONE', 'WORKASPACE' ) );
#3521 = EDGE_CURVE ( 'NONE', #1458, #5704, #1401, .T. ) ;
#3522 = EDGE_CURVE ( 'NONE', #3190, #976, #2182, .T. ) ;
#3523 = PRESENTATION_LAYER_ASSIGNMENT (  '', '', ( #6649 ) ) ;
#3524 = STYLED_ITEM ( 'NONE', ( #2058 ), #283 ) ;
#3525 = CARTESIAN_POINT ( 'NONE',  ( 0.3746780523864015611, -0.5764276477545544619, 0.000000000000000000 ) ) ;
#3526 = ORIENTED_EDGE ( 'NONE', *, *, #6369, .F. ) ;
#3527 = CARTESIAN_POINT ( 'NONE',  ( 0.7800000000000008038, 0.3749999999999998890, 0.1000000000000000056 ) ) ;
#3528 =( NAMED_UNIT ( * ) SI_UNIT ( $, .STERADIAN. ) SOLID_ANGLE_UNIT ( ) );
#3529 = SURFACE_SIDE_STYLE ('',( #3594 ) ) ;
#3530 = PRESENTATION_LAYER_ASSIGNMENT (  '', '', ( #6421 ) ) ;
#3531 = CARTESIAN_POINT ( 'NONE',  ( 0.3621088083893477805, -0.5748820967968468754, 0.001000000000000000021 ) ) ;
#3532 = VECTOR ( 'NONE', #1485, 1000.000000000000000 ) ;
#3533 = CARTESIAN_POINT ( 'NONE',  ( 0.1250000000000000278, -0.2199999999999998068, 0.000000000000000000 ) ) ;
#3534 = SURFACE_STYLE_FILL_AREA ( #4531 ) ;
#3535 = CARTESIAN_POINT ( 'NONE',  ( -1.000000000000000000, -0.7499999999999997780, 0.9799999999999999822 ) ) ;
#3536 = ORIENTED_EDGE ( 'NONE', *, *, #5754, .T. ) ;
#3537 = STYLED_ITEM ( 'NONE', ( #4060 ), #6955 ) ;
#3538 = VERTEX_POINT ( 'NONE', #6138 ) ;
#3539 = VECTOR ( 'NONE', #2100, 1000.000000000000000 ) ;
#3540 = DIRECTION ( 'NONE',  ( 0.000000000000000000, 0.000000000000000000, -1.000000000000000000 ) ) ;
#3541 = SURFACE_STYLE_USAGE ( .BOTH. , #6944 ) ;
#3542 = SURFACE_STYLE_USAGE ( .BOTH. , #299 ) ;
#3543 = LINE ( 'NONE', #1239, #1514 ) ;
#3544 = B_SPLINE_CURVE_WITH_KNOTS ( 'NONE', 3,
 ( #4029, #1223, #3483, #5033, #5110, #683, #7182, #4525, #5587, #5618, #97, #26, #6753, #1157, #5066, #59, #1668, #2356, #6710 ),
 .UNSPECIFIED., .F., .F.,
 ( 4, 1, 1, 1, 1, 1, 1, 1, 1, 1, 1, 1, 1, 1, 1, 1, 4 ),
 ( 0.000000000000000000, 0.06460397028839146016, 0.1267024139629466528, 0.1867568140356178630, 0.2455056873654376248, 0.3036520244499755772, 0.3615030739706256435, 0.4202402229284677437, 0.4800333407766952387, 0.5406781347755161837, 0.6011918063807818458, 0.6623335024774419377, 0.7247395102972320480, 0.7894677361728869025, 0.8565048600438299742, 0.9263120958391908299, 1.000000000000000000 ),
 .UNSPECIFIED. ) ;
#3545 = ORIENTED_EDGE ( 'NONE', *, *, #6424, .T. ) ;
#3546 = VECTOR ( 'NONE', #397, 1000.000000000000000 ) ;
#3547 = PRESENTATION_STYLE_ASSIGNMENT (( #6108 ) ) ;
#3548 = CARTESIAN_POINT ( 'NONE',  ( 0.2279487095052601109, -0.4972045085432790223, -0.000000000000000000 ) ) ;
#3549 = STYLED_ITEM ( 'NONE', ( #21 ), #2283 ) ;
#3550 = SURFACE_STYLE_FILL_AREA ( #239 ) ;
#3551 = DIRECTION ( 'NONE',  ( 0.000000000000000000, 0.000000000000000000, -1.000000000000000000 ) ) ;
#3552 = CARTESIAN_POINT ( 'NONE',  ( 0.3969378367236452987, -0.5841106687935859743, 0.001000000000000000021 ) ) ;
#3553 = DIRECTION ( 'NONE',  ( -0.000000000000000000, -1.000000000000000000, -0.000000000000000000 ) ) ;
#3554 = FILL_AREA_STYLE_COLOUR ( '', #493 ) ;
#3555 = COLOUR_RGB ( '',0.000000000000000000, 0.000000000000000000, 0.000000000000000000 ) ;
#3556 = EDGE_CURVE ( 'NONE', #2527, #3904, #5, .T. ) ;
#3557 = B_SPLINE_CURVE_WITH_KNOTS ( 'NONE', 3,
 ( #5680, #2475, #2904, #4048, #1917, #3052, #4616, #5822, #5785, #6400, #1883 ),
 .UNSPECIFIED., .F., .F.,
 ( 4, 1, 1, 1, 1, 1, 1, 1, 4 ),
 ( 0.000000000000000000, 0.1124483899088015715, 0.2265276752126776372, 0.3444019493260268017, 0.4658649724874586173, 0.5916594493521168951, 0.7221684870248867849, 0.8586063875549251323, 0.9999999999999998890 ),
 .UNSPECIFIED. ) ;
#3558 = FILL_AREA_STYLE ('',( #2917 ) ) ;
#3559 = ORIENTED_EDGE ( 'NONE', *, *, #6820, .T. ) ;
#3560 = CARTESIAN_POINT ( 'NONE',  ( 0.3307064785893187309, -0.4861995993702720176, 0.001000000000000000021 ) ) ;
#3561 = DIRECTION ( 'NONE',  ( 0.000000000000000000, 0.000000000000000000, 1.000000000000000000 ) ) ;
#3562 =( LENGTH_UNIT ( ) NAMED_UNIT ( * ) SI_UNIT ( .MILLI., .METRE. ) );
#3563 = ORIENTED_EDGE ( 'NONE', *, *, #5516, .F. ) ;
#3564 = ORIENTED_EDGE ( 'NONE', *, *, #1268, .F. ) ;
#3565 = CARTESIAN_POINT ( 'NONE',  ( 0.4111942834673675273, -0.5372666725410037980, 0.000000000000000000 ) ) ;
#3566 = ORIENTED_EDGE ( 'NONE', *, *, #3422, .T. ) ;
#3567 = CARTESIAN_POINT ( 'NONE',  ( 0.3502186737112699677, -0.4889435018092965213, 0.000000000000000000 ) ) ;
#3568 = VECTOR ( 'NONE', #6447, 1000.000000000000000 ) ;
#3569 = VERTEX_POINT ( 'NONE', #5998 ) ;
#3570 = SURFACE_SIDE_STYLE ('',( #5224 ) ) ;
#3571 = FILL_AREA_STYLE_COLOUR ( '', #3486 ) ;
#3572 = CARTESIAN_POINT ( 'NONE',  ( 0.2211954229232719060, -0.5746232990102400073, 0.000000000000000000 ) ) ;
#3573 = CARTESIAN_POINT ( 'NONE',  ( 0.1998356559150057388, -0.4935881224418607882, 0.001000000000000000021 ) ) ;
#3574 = UNCERTAINTY_MEASURE_WITH_UNIT (LENGTH_MEASURE( 1.000000000000000082E-05 ), #4364, 'distance_accuracy_value', 'NONE');
#3575 = VERTEX_POINT ( 'NONE', #3231 ) ;
#3576 = DIRECTION ( 'NONE',  ( 0.000000000000000000, -0.000000000000000000, 1.000000000000000000 ) ) ;
#3577 = SURFACE_STYLE_USAGE ( .BOTH. , #5130 ) ;
#3578 = EDGE_CURVE ( 'NONE', #640, #728, #5986, .T. ) ;
#3579 =( NAMED_UNIT ( * ) PLANE_ANGLE_UNIT ( ) SI_UNIT ( $, .RADIAN. ) );
#3580 = UNCERTAINTY_MEASURE_WITH_UNIT (LENGTH_MEASURE( 1.000000000000000082E-05 ), #4698, 'distance_accuracy_value', 'NONE');
#3581 = CARTESIAN_POINT ( 'NONE',  ( 0.1945734054149713399, -0.5151963172293416715, 0.000000000000000000 ) ) ;
#3582 = CARTESIAN_POINT ( 'NONE',  ( 0.4111596520194230053, -0.5357220634467220188, 0.000000000000000000 ) ) ;
#3583 = LINE ( 'NONE', #4733, #2214 ) ;
#3584 = FILL_AREA_STYLE_COLOUR ( '', #45 ) ;
#3585 = ORIENTED_EDGE ( 'NONE', *, *, #6406, .F. ) ;
#3586 = CARTESIAN_POINT ( 'NONE',  ( 0.3704923654335046668, -0.4960032433362431270, 0.000000000000000000 ) ) ;
#3587 = CARTESIAN_POINT ( 'NONE',  ( 0.3749920550196721436, -0.4959848305398453228, 0.001000000000000000021 ) ) ;
#3588 = PRESENTATION_STYLE_ASSIGNMENT (( #1324 ) ) ;
#3589 = EDGE_CURVE ( 'NONE', #3119, #976, #42, .T. ) ;
#3590 = FILL_AREA_STYLE_COLOUR ( '', #6626 ) ;
#3591 = VERTEX_POINT ( 'NONE', #2755 ) ;
#3592 = LINE ( 'NONE', #2453, #6441 ) ;
#3593 = FACE_OUTER_BOUND ( 'NONE', #611, .T. ) ;
#3594 = SURFACE_STYLE_FILL_AREA ( #682 ) ;
#3595 = FILL_AREA_STYLE ('',( #3068 ) ) ;
#3596 = MECHANICAL_DESIGN_GEOMETRIC_PRESENTATION_REPRESENTATION (  '', ( #6714 ), #5460 ) ;
#3597 = SURFACE_STYLE_USAGE ( .BOTH. , #5804 ) ;
#3598 = EDGE_LOOP ( 'NONE', ( #6016, #178, #3456, #587 ) ) ;
#3599 = MECHANICAL_DESIGN_GEOMETRIC_PRESENTATION_REPRESENTATION (  '', ( #3229 ), #878 ) ;
#3600 = FILL_AREA_STYLE_COLOUR ( '', #5137 ) ;
#3601 = EDGE_CURVE ( 'NONE', #3387, #1185, #4944, .T. ) ;
#3602 = ORIENTED_EDGE ( 'NONE', *, *, #4838, .T. ) ;
#3603 = SURFACE_SIDE_STYLE ('',( #3073 ) ) ;
#3604 = VERTEX_POINT ( 'NONE', #5049 ) ;
#3605 = PRESENTATION_STYLE_ASSIGNMENT (( #6387 ) ) ;
#3606 = MECHANICAL_DESIGN_GEOMETRIC_PRESENTATION_REPRESENTATION (  '', ( #3841 ), #2673 ) ;
#3607 = VECTOR ( 'NONE', #6838, 1000.000000000000000 ) ;
#3608 = CARTESIAN_POINT ( 'NONE',  ( 0.1853694325188725289, -0.5646694838221201218, 0.000000000000000000 ) ) ;
#3609 = EDGE_CURVE ( 'NONE', #2821, #5486, #1610, .T. ) ;
#3610 = FILL_AREA_STYLE_COLOUR ( '', #2349 ) ;
#3611 = VERTEX_POINT ( 'NONE', #2289 ) ;
#3612 = VECTOR ( 'NONE', #3971, 1000.000000000000000 ) ;
#3613 = DIRECTION ( 'NONE',  ( 0.000000000000000000, -0.000000000000000000, 1.000000000000000000 ) ) ;
#3614 = FACE_OUTER_BOUND ( 'NONE', #3787, .T. ) ;
#3615 = FILL_AREA_STYLE ('',( #2506 ) ) ;
#3616 = VECTOR ( 'NONE', #2568, 1000.000000000000000 ) ;
#3617 = ORIENTED_EDGE ( 'NONE', *, *, #4786, .T. ) ;
#3618 = EDGE_CURVE ( 'NONE', #5784, #6081, #3877, .T. ) ;
#3619 = COLOUR_RGB ( '',0.000000000000000000, 0.000000000000000000, 0.000000000000000000 ) ;
#3620 = VERTEX_POINT ( 'NONE', #2217 ) ;
#3621 = CYLINDRICAL_SURFACE ( 'NONE', #3757, 0.1199999999999999956 ) ;
#3622 = EDGE_CURVE ( 'NONE', #577, #3119, #6628, .T. ) ;
#3623 = PLANE ( 'NONE',  #335 ) ;
#3624 = CARTESIAN_POINT ( 'NONE',  ( 0.4175165125597961602, -0.5666096851550030955, 0.000000000000000000 ) ) ;
#3625 = CARTESIAN_POINT ( 'NONE',  ( 0.4331455029795626133, -0.5861995993702721064, 0.000000000000000000 ) ) ;
#3626 = CARTESIAN_POINT ( 'NONE',  ( 0.1087362041990747596, -0.5471752091263696327, 0.001000000000000000021 ) ) ;
#3627 = VECTOR ( 'NONE', #6880, 1000.000000000000000 ) ;
#3628 = CARTESIAN_POINT ( 'NONE',  ( 0.3777339176137089471, -0.5874191115653940587, 0.000000000000000000 ) ) ;
#3629 = CARTESIAN_POINT ( 'NONE',  ( 0.2303444359063918645, -0.5861995993702721064, 0.000000000000000000 ) ) ;
#3630 = B_SPLINE_SURFACE_WITH_KNOTS ( 'NONE', 3, 1, ( 
 ( #2036, #3763 ),
 ( #3723, #4246 ),
 ( #1541, #377 ),
 ( #3114, #6943 ),
 ( #4840, #3796 ),
 ( #3151, #5380 ),
 ( #6394, #6474 ),
 ( #7054, #1389 ),
 ( #4280, #2076 ),
 ( #333, #5891 ),
 ( #1428, #6511 ),
 ( #5852, #834 ),
 ( #5991, #1508 ),
 ( #1996, #4208 ),
 ( #5959, #2582 ),
 ( #944, #3188 ),
 ( #4796, #984 ),
 ( #5262, #3079 ),
 ( #5421, #262 ) ),
 .UNSPECIFIED., .F., .F., .F.,
 ( 4, 1, 1, 1, 1, 1, 1, 1, 1, 1, 1, 1, 1, 1, 1, 1, 4 ),
 ( 2, 2 ),
 ( 0.000000000000000000, 0.07377411937406358478, 0.1440791147260405969, 0.2113485183089111874, 0.2760768857398832599, 0.3385209158196763601, 0.3998851166931334244, 0.4602540674652133568, 0.5205889643912482434, 0.5802076845630447233, 0.6386329085525460636, 0.6963645494905235100, 0.7540017746600126136, 0.8128056813744971576, 0.8727544255255602623, 0.9351819969782664277, 1.000000000000000000 ),
 ( 0.000000000000000000, 1.000000000000000000 ),
 .UNSPECIFIED. ) ;
#3631 = B_SPLINE_CURVE_WITH_KNOTS ( 'NONE', 3,
 ( #697, #4689, #2429, #5258, #2970, #1760, #5742, #3608, #2933, #652, #6798, #2466, #761, #2366, #5815, #2400, #6904, #1273, #4076 ),
 .UNSPECIFIED., .F., .F.,
 ( 4, 1, 1, 1, 1, 1, 1, 1, 1, 1, 1, 1, 1, 1, 1, 1, 4 ),
 ( 0.000000000000000000, 0.06806869584499457282, 0.1334274328189550829, 0.1961460338131570114, 0.2570485924493124963, 0.3168826631591622478, 0.3761872086663219372, 0.4359603353635462253, 0.4965352368627262147, 0.5574653434807335106, 0.6176868634101474465, 0.6779436406969060469, 0.7388052848060403521, 0.8009493367665840857, 0.8648146674702263947, 0.9310247810786568268, 1.000000000000000000 ),
 .UNSPECIFIED. ) ;
#3632 = PRESENTATION_STYLE_ASSIGNMENT (( #818 ) ) ;
#3633 = ORIENTED_EDGE ( 'NONE', *, *, #6200, .F. ) ;
#3634 = AXIS2_PLACEMENT_3D ( 'NONE', #3660, #5235, #3511 ) ;
#3635 = LINE ( 'NONE', #891, #4179 ) ;
#3636 = CARTESIAN_POINT ( 'NONE',  ( 0.3725887620391317712, -0.4849884216187109742, 0.000000000000000000 ) ) ;
#3637 = PRESENTATION_LAYER_ASSIGNMENT (  '', '', ( #6047 ) ) ;
#3638 = FACE_OUTER_BOUND ( 'NONE', #3598, .T. ) ;
#3639 = ORIENTED_EDGE ( 'NONE', *, *, #3995, .F. ) ;
#3640 = VECTOR ( 'NONE', #1609, 1000.000000000000000 ) ;
#3641 = EDGE_CURVE ( 'NONE', #4747, #2035, #4388, .T. ) ;
#3642 = PRESENTATION_STYLE_ASSIGNMENT (( #1902 ) ) ;
#3643 = CIRCLE ( 'NONE', #4094, 0.1200000000000002037 ) ;
#3644 = DIRECTION ( 'NONE',  ( 0.000000000000000000, -0.000000000000000000, 1.000000000000000000 ) ) ;
#3645 = VERTEX_POINT ( 'NONE', #5600 ) ;
#3646 = PLANE ( 'NONE',  #526 ) ;
#3647 = ORIENTED_EDGE ( 'NONE', *, *, #5132, .F. ) ;
#3648 = CARTESIAN_POINT ( 'NONE',  ( 0.1271064032695086721, -0.5049511286427665890, -0.000000000000000000 ) ) ;
#3649 = MECHANICAL_DESIGN_GEOMETRIC_PRESENTATION_REPRESENTATION (  '', ( #2705 ), #3155 ) ;
#3650 = SURFACE_STYLE_USAGE ( .BOTH. , #866 ) ;
#3651 =( LENGTH_UNIT ( ) NAMED_UNIT ( * ) SI_UNIT ( .MILLI., .METRE. ) );
#3652 = MECHANICAL_DESIGN_GEOMETRIC_PRESENTATION_REPRESENTATION (  '', ( #816 ), #3406 ) ;
#3653 =( NAMED_UNIT ( * ) PLANE_ANGLE_UNIT ( ) SI_UNIT ( $, .RADIAN. ) );
#3654 = SURFACE_SIDE_STYLE ('',( #2975 ) ) ;
#3655 = ORIENTED_EDGE ( 'NONE', *, *, #2508, .F. ) ;
#3656 = FILL_AREA_STYLE_COLOUR ( '', #5454 ) ;
#3657 = CARTESIAN_POINT ( 'NONE',  ( 0.2172509204613785327, -0.4984388697806704793, 0.001000000000000000021 ) ) ;
#3658 = UNCERTAINTY_MEASURE_WITH_UNIT (LENGTH_MEASURE( 1.000000000000000082E-05 ), #6018, 'distance_accuracy_value', 'NONE');
#3659 = ORIENTED_EDGE ( 'NONE', *, *, #4838, .F. ) ;
#3660 = CARTESIAN_POINT ( 'NONE',  ( 0.6600000000000001421, -0.4950000000000008837, 0.1000000000000000056 ) ) ;
#3661 = COLOUR_RGB ( '',0.000000000000000000, 0.000000000000000000, 0.000000000000000000 ) ;
#3662 = CARTESIAN_POINT ( 'NONE',  ( 0.4197223674175032393, -0.5625232113922682409, 0.000000000000000000 ) ) ;
#3663 = SURFACE_STYLE_USAGE ( .BOTH. , #4260 ) ;
#3664 = EDGE_LOOP ( 'NONE', ( #6099, #3039, #5482, #5295, #5062, #2715 ) ) ;
#3665 = CARTESIAN_POINT ( 'NONE',  ( 0.4110922129393423385, -0.5327141898929043107, 0.001000000000000000021 ) ) ;
#3666 = PLANE ( 'NONE',  #5978 ) ;
#3667 = CARTESIAN_POINT ( 'NONE',  ( 0.1257735441536374787, -0.4991068105503137509, 0.001000000000000000021 ) ) ;
#3668 = ORIENTED_EDGE ( 'NONE', *, *, #356, .T. ) ;
#3669 = CARTESIAN_POINT ( 'NONE',  ( -0.8821554098972228530, 0.6011454912595581845, 0.9699999999999999734 ) ) ;
#3670 =( NAMED_UNIT ( * ) PLANE_ANGLE_UNIT ( ) SI_UNIT ( $, .RADIAN. ) );
#3671 =( NAMED_UNIT ( * ) SI_UNIT ( $, .STERADIAN. ) SOLID_ANGLE_UNIT ( ) );
#3672 = DIRECTION ( 'NONE',  ( 0.000000000000000000, 0.000000000000000000, -1.000000000000000000 ) ) ;
#3673 = FILL_AREA_STYLE_COLOUR ( '', #5036 ) ;
#3674 = ORIENTED_EDGE ( 'NONE', *, *, #4216, .F. ) ;
#3675 = VECTOR ( 'NONE', #6451, 1000.000000000000000 ) ;
#3676 = CYLINDRICAL_SURFACE ( 'NONE', #5091, 0.1200000000000002037 ) ;
#3677 = DIRECTION ( 'NONE',  ( 1.445602896647339163E-16, -1.000000000000000000, 0.000000000000000000 ) ) ;
#3678 = EDGE_LOOP ( 'NONE', ( #1791, #5333, #4024, #1634 ) ) ;
#3679 = VERTEX_POINT ( 'NONE', #2702 ) ;
#3680 = FILL_AREA_STYLE_COLOUR ( '', #3719 ) ;
#3681 = SURFACE_STYLE_FILL_AREA ( #3147 ) ;
#3682 = DIRECTION ( 'NONE',  ( 0.000000000000000000, 0.000000000000000000, -1.000000000000000000 ) ) ;
#3683 = VERTEX_POINT ( 'NONE', #4505 ) ;
#3684 =( NAMED_UNIT ( * ) SI_UNIT ( $, .STERADIAN. ) SOLID_ANGLE_UNIT ( ) );
#3685 = AXIS2_PLACEMENT_3D ( 'NONE', #5885, #3429, #5844 ) ;
#3686 = FILL_AREA_STYLE_COLOUR ( '', #4784 ) ;
#3687 =( NAMED_UNIT ( * ) SI_UNIT ( $, .STERADIAN. ) SOLID_ANGLE_UNIT ( ) );
#3688 = CARTESIAN_POINT ( 'NONE',  ( -0.3750000000000000000, -0.7599999999999997868, -0.01000000000000000021 ) ) ;
#3689 = ORIENTED_EDGE ( 'NONE', *, *, #2313, .T. ) ;
#3690 = FACE_BOUND ( 'NONE', #6609, .T. ) ;
#3691 = CARTESIAN_POINT ( 'NONE',  ( 0.2293726371259040553, -0.4971752091263696438, 0.001000000000000000021 ) ) ;
#3692 = VECTOR ( 'NONE', #6312, 1000.000000000000000 ) ;
#3693 = CARTESIAN_POINT ( 'NONE',  ( 0.2251700919548385582, -0.4972616827091995151, 0.000000000000000000 ) ) ;
#3694 = DIRECTION ( 'NONE',  ( -0.000000000000000000, -0.000000000000000000, 1.000000000000000000 ) ) ;
#3695 = EDGE_CURVE ( 'NONE', #6081, #473, #4432, .T. ) ;
#3696 = CARTESIAN_POINT ( 'NONE',  ( 0.1256569359063918478, -0.4983947213214915406, 0.000000000000000000 ) ) ;
#3697 = CARTESIAN_POINT ( 'NONE',  ( 0.4245776627645285739, -0.5398981788667867043, -0.000000000000000000 ) ) ;
#3698 = CARTESIAN_POINT ( 'NONE',  ( 0.3750000000000001110, 0.7500000000000002220, 0.000000000000000000 ) ) ;
#3699 = CARTESIAN_POINT ( 'NONE',  ( -0.6600000000000001421, 0.6249999999999998890, 0.1000000000000000056 ) ) ;
#3700 =( NAMED_UNIT ( * ) PLANE_ANGLE_UNIT ( ) SI_UNIT ( $, .RADIAN. ) );
#3701 = UNCERTAINTY_MEASURE_WITH_UNIT (LENGTH_MEASURE( 1.000000000000000082E-05 ), #5608, 'distance_accuracy_value', 'NONE');
#3702 = CARTESIAN_POINT ( 'NONE',  ( -0.2449999999999999956, 0.4100000000000001976, -0.01000000000000000021 ) ) ;
#3703 = EDGE_CURVE ( 'NONE', #619, #6282, #5464, .T. ) ;
#3704 = DIRECTION ( 'NONE',  ( 0.000000000000000000, 0.000000000000000000, -1.000000000000000000 ) ) ;
#3705 = DIRECTION ( 'NONE',  ( -1.445602896647339163E-16, 1.000000000000000000, -0.000000000000000000 ) ) ;
#3706 = CARTESIAN_POINT ( 'NONE',  ( 0.3552049067664026505, -0.4871797993888946632, 0.001000000000000000021 ) ) ;
#3707 = CARTESIAN_POINT ( 'NONE',  ( 0.4709503810283431346, -0.4861995993702720176, 0.001000000000000000021 ) ) ;
#3708 = DIRECTION ( 'NONE',  ( -0.3536223923290756077, 0.9353882635801357148, 0.000000000000000000 ) ) ;
#3709 = EDGE_LOOP ( 'NONE', ( #738, #3439, #2266, #4787 ) ) ;
#3710 = CARTESIAN_POINT ( 'NONE',  ( 1.000000000000000000, -0.7499999999999997780, 0.000000000000000000 ) ) ;
#3711 = EDGE_LOOP ( 'NONE', ( #793, #5601, #674, #6411 ) ) ;
#3712 = DIRECTION ( 'NONE',  ( -0.000000000000000000, -0.000000000000000000, -1.000000000000000000 ) ) ;
#3713 = CARTESIAN_POINT ( 'NONE',  ( -0.7800000000000002487, -0.5050000000000001155, 0.1000000000000000056 ) ) ;
#3714 = EDGE_CURVE ( 'NONE', #6205, #729, #1655, .T. ) ;
#3715 = ORIENTED_EDGE ( 'NONE', *, *, #1436, .T. ) ;
#3716 = ORIENTED_EDGE ( 'NONE', *, *, #2318, .F. ) ;
#3717 = CARTESIAN_POINT ( 'NONE',  ( -0.3750000000000000000, 0.7500000000000002220, 0.9799999999999999822 ) ) ;
#3718 = FILL_AREA_STYLE ('',( #5848 ) ) ;
#3719 = COLOUR_RGB ( '',0.2235294117647058654, 0.2235294117647058654, 0.2235294117647058654 ) ;
#3720 = VECTOR ( 'NONE', #5115, 1000.000000000000000 ) ;
#3721 = LINE ( 'NONE', #4753, #4311 ) ;
#3722 = VERTEX_POINT ( 'NONE', #450 ) ;
#3723 = CARTESIAN_POINT ( 'NONE',  ( 0.4111665014823547848, -0.5387287931105809724, 0.001000000000000000021 ) ) ;
#3724 = FILL_AREA_STYLE ('',( #835 ) ) ;
#3725 = CARTESIAN_POINT ( 'NONE',  ( 0.3613975272932808402, -0.4975270844085546984, 0.001000000000000000021 ) ) ;
#3726 = SURFACE_STYLE_FILL_AREA ( #4800 ) ;
#3727 = MECHANICAL_DESIGN_GEOMETRIC_PRESENTATION_REPRESENTATION (  '', ( #1481 ), #6497 ) ;
#3728 =( GEOMETRIC_REPRESENTATION_CONTEXT ( 3 ) GLOBAL_UNCERTAINTY_ASSIGNED_CONTEXT ( ( #2140 ) ) GLOBAL_UNIT_ASSIGNED_CONTEXT ( ( #351, #6524, #3774 ) ) REPRESENTATION_CONTEXT ( 'NONE', 'WORKASPACE' ) );
#3729 = ADVANCED_FACE ( 'NONE', ( #1099 ), #3346, .T. ) ;
#3730 = EDGE_CURVE ( 'NONE', #2176, #5025, #2463, .T. ) ;
#3731 = ORIENTED_EDGE ( 'NONE', *, *, #3695, .T. ) ;
#3732 = FILL_AREA_STYLE_COLOUR ( '', #762 ) ;
#3733 =( GEOMETRIC_REPRESENTATION_CONTEXT ( 3 ) GLOBAL_UNCERTAINTY_ASSIGNED_CONTEXT ( ( #3502 ) ) GLOBAL_UNIT_ASSIGNED_CONTEXT ( ( #2360, #2928, #4068 ) ) REPRESENTATION_CONTEXT ( 'NONE', 'WORKASPACE' ) );
#3734 = CARTESIAN_POINT ( 'NONE',  ( 0.2087434681003543790, -0.4894329508148206886, 0.001000000000000000021 ) ) ;
#3735 = AXIS2_PLACEMENT_3D ( 'NONE', #802, #6243, #184 ) ;
#3736 = UNCERTAINTY_MEASURE_WITH_UNIT (LENGTH_MEASURE( 1.000000000000000082E-05 ), #5019, 'distance_accuracy_value', 'NONE');
#3737 = PLANE ( 'NONE',  #1141 ) ;
#3738 = LINE ( 'NONE', #2593, #6407 ) ;
#3739 = VECTOR ( 'NONE', #4597, 1000.000000000000000 ) ;
#3740 = SURFACE_STYLE_USAGE ( .BOTH. , #2727 ) ;
#3741 = CARTESIAN_POINT ( 'NONE',  ( 0.4037757197618213612, -0.5631421430411219786, 0.000000000000000000 ) ) ;
#3742 = STYLED_ITEM ( 'NONE', ( #6093 ), #5733 ) ;
#3743 = CARTESIAN_POINT ( 'NONE',  ( 0.2133834851460488236, -0.5726779900760262665, 0.001000000000000000021 ) ) ;
#3744 = CARTESIAN_POINT ( 'NONE',  ( 0.1256569359063918478, -0.4983947213214915406, 0.001000000000000000021 ) ) ;
#3745 = CARTESIAN_POINT ( 'NONE',  ( 0.3755575657984851490, -0.4850221096764953388, 0.001000000000000000021 ) ) ;
#3746 = DIRECTION ( 'NONE',  ( 1.000000000000000000, -0.000000000000000000, -0.000000000000000000 ) ) ;
#3747 = SURFACE_STYLE_USAGE ( .BOTH. , #2097 ) ;
#3748 = PRESENTATION_LAYER_ASSIGNMENT (  '', '', ( #446 ) ) ;
#3749 = LINE ( 'NONE', #6532, #3751 ) ;
#3750 = DIRECTION ( 'NONE',  ( 0.000000000000000000, 0.000000000000000000, -1.000000000000000000 ) ) ;
#3751 = VECTOR ( 'NONE', #3208, 1000.000000000000000 ) ;
#3752 = CARTESIAN_POINT ( 'NONE',  ( 0.3796922195263783828, -0.5763453934450639693, 0.001000000000000000021 ) ) ;
#3753 = EDGE_CURVE ( 'NONE', #3488, #3611, #2497, .T. ) ;
#3754 = CARTESIAN_POINT ( 'NONE',  ( 0.3172918444429772555, -0.5752239896141745357, 0.001000000000000000021 ) ) ;
#3755 = CARTESIAN_POINT ( 'NONE',  ( 0.4709503810283431346, -0.4861995993702720176, 0.001000000000000000021 ) ) ;
#3756 = EDGE_LOOP ( 'NONE', ( #2630, #1793, #3001, #4073 ) ) ;
#3757 = AXIS2_PLACEMENT_3D ( 'NONE', #1885, #4121, #6950 ) ;
#3758 = CARTESIAN_POINT ( 'NONE',  ( 0.3969378367236452987, -0.5841106687935859743, 0.001000000000000000021 ) ) ;
#3759 = COLOUR_RGB ( '',1.000000000000000000, 1.000000000000000000, 1.000000000000000000 ) ;
#3760 = ORIENTED_EDGE ( 'NONE', *, *, #5279, .T. ) ;
#3761 = FACE_OUTER_BOUND ( 'NONE', #6314, .T. ) ;
#3762 = CARTESIAN_POINT ( 'NONE',  ( 0.7800000000000001377, -0.4950000000000001066, 0.1000000000000000056 ) ) ;
#3763 = CARTESIAN_POINT ( 'NONE',  ( 0.4111942834673675273, -0.5372666725410037980, 0.000000000000000000 ) ) ;
#3764 = SURFACE_STYLE_FILL_AREA ( #3724 ) ;
#3765 = ORIENTED_EDGE ( 'NONE', *, *, #2246, .T. ) ;
#3766 = SURFACE_STYLE_USAGE ( .BOTH. , #6440 ) ;
#3767 = CARTESIAN_POINT ( 'NONE',  ( 0.2136022331834427634, -0.4994931251373205816, 0.001000000000000000021 ) ) ;
#3768 = VECTOR ( 'NONE', #4775, 1000.000000000000000 ) ;
#3769 = CARTESIAN_POINT ( 'NONE',  ( -0.3750000000000000000, 0.5300000000000002487, 0.000000000000000000 ) ) ;
#3770 = PLANE ( 'NONE',  #5234 ) ;
#3771 = DIRECTION ( 'NONE',  ( -1.000000000000000000, 0.000000000000000000, 0.000000000000000000 ) ) ;
#3772 = CARTESIAN_POINT ( 'NONE',  ( 0.3989611749466454027, -0.5683740441768257989, 0.000000000000000000 ) ) ;
#3773 = DIRECTION ( 'NONE',  ( -0.000000000000000000, 0.000000000000000000, -1.000000000000000000 ) ) ;
#3774 =( NAMED_UNIT ( * ) SI_UNIT ( $, .STERADIAN. ) SOLID_ANGLE_UNIT ( ) );
#3775 = CARTESIAN_POINT ( 'NONE',  ( 0.1929896314649083844, -0.5520447942737197744, 0.001000000000000000021 ) ) ;
#3776 = EDGE_CURVE ( 'NONE', #5702, #2717, #6938, .T. ) ;
#3777 = CARTESIAN_POINT ( 'NONE',  ( 0.7800000000000008038, 0.6249999999999998890, 0.000000000000000000 ) ) ;
#3778 = COLOUR_RGB ( '',0.2235294117647058654, 0.2235294117647058654, 0.2235294117647058654 ) ;
#3779 =( NAMED_UNIT ( * ) SI_UNIT ( $, .STERADIAN. ) SOLID_ANGLE_UNIT ( ) );
#3780 = CARTESIAN_POINT ( 'NONE',  ( 0.7800000000000009148, 0.1249999999999998890, 0.1000000000000000056 ) ) ;
#3781 = DIRECTION ( 'NONE',  ( 0.000000000000000000, -0.000000000000000000, 1.000000000000000000 ) ) ;
#3782 = EDGE_CURVE ( 'NONE', #6548, #4781, #1422, .T. ) ;
#3783 = DIRECTION ( 'NONE',  ( 0.000000000000000000, 0.000000000000000000, -1.000000000000000000 ) ) ;
#3784 = FACE_OUTER_BOUND ( 'NONE', #1469, .T. ) ;
#3785 =( GEOMETRIC_REPRESENTATION_CONTEXT ( 3 ) GLOBAL_UNCERTAINTY_ASSIGNED_CONTEXT ( ( #3400 ) ) GLOBAL_UNIT_ASSIGNED_CONTEXT ( ( #4566, #5660, #723 ) ) REPRESENTATION_CONTEXT ( 'NONE', 'WORKASPACE' ) );
#3786 = CARTESIAN_POINT ( 'NONE',  ( -1.010000000000000009, 0.6249999999999998890, 0.1000000000000000056 ) ) ;
#3787 = EDGE_LOOP ( 'NONE', ( #3420, #609, #5796, #5004 ) ) ;
#3788 = DIRECTION ( 'NONE',  ( 0.000000000000000000, 0.000000000000000000, -1.000000000000000000 ) ) ;
#3789 = ORIENTED_EDGE ( 'NONE', *, *, #1119, .T. ) ;
#3790 = SURFACE_STYLE_USAGE ( .BOTH. , #4963 ) ;
#3791 =( LENGTH_UNIT ( ) NAMED_UNIT ( * ) SI_UNIT ( .MILLI., .METRE. ) );
#3792 = DIRECTION ( 'NONE',  ( -1.000000000000000000, 0.000000000000000000, -0.000000000000000000 ) ) ;
#3793 = VECTOR ( 'NONE', #3023, 1000.000000000000000 ) ;
#3794 = CARTESIAN_POINT ( 'NONE',  ( -0.7800000000000002487, -0.005000000000000135413, 0.000000000000000000 ) ) ;
#3795 = ORIENTED_EDGE ( 'NONE', *, *, #2519, .T. ) ;
#3796 = CARTESIAN_POINT ( 'NONE',  ( 0.4098909608343748734, -0.5496927200667039992, 0.000000000000000000 ) ) ;
#3797 = SURFACE_STYLE_USAGE ( .BOTH. , #5924 ) ;
#3798 = PRESENTATION_LAYER_ASSIGNMENT (  '', '', ( #29 ) ) ;
#3799 = ORIENTED_EDGE ( 'NONE', *, *, #3853, .F. ) ;
#3800 = PLANE ( 'NONE',  #3224 ) ;
#3801 = LINE ( 'NONE', #1021, #2193 ) ;
#3802 = VECTOR ( 'NONE', #1682, 1000.000000000000000 ) ;
#3803 = DIRECTION ( 'NONE',  ( 1.000000000000000000, -0.000000000000000000, -0.000000000000000000 ) ) ;
#3804 = CARTESIAN_POINT ( 'NONE',  ( 0.1250000000000000000, -0.2199999999999998068, 0.1000000000000000056 ) ) ;
#3805 = CARTESIAN_POINT ( 'NONE',  ( 0.3878238294219084059, -0.5866678277144539155, 0.000000000000000000 ) ) ;
#3806 = ADVANCED_FACE ( 'NONE', ( #3038 ), #4717, .T. ) ;
#3807 = PRESENTATION_STYLE_ASSIGNMENT (( #3913 ) ) ;
#3808 =( GEOMETRIC_REPRESENTATION_CONTEXT ( 3 ) GLOBAL_UNCERTAINTY_ASSIGNED_CONTEXT ( ( #5368 ) ) GLOBAL_UNIT_ASSIGNED_CONTEXT ( ( #1858, #4635, #2525 ) ) REPRESENTATION_CONTEXT ( 'NONE', 'WORKASPACE' ) );
#3809 = FILL_AREA_STYLE_COLOUR ( '', #4970 ) ;
#3810 = CARTESIAN_POINT ( 'NONE',  ( 0.4103025151256051717, -0.4995246500495573727, 0.001000000000000000021 ) ) ;
#3811 =( NAMED_UNIT ( * ) PLANE_ANGLE_UNIT ( ) SI_UNIT ( $, .RADIAN. ) );
#3812 = SURFACE_STYLE_USAGE ( .BOTH. , #1487 ) ;
#3813 = COLOUR_RGB ( '',0.2235294117647058654, 0.2235294117647058654, 0.2235294117647058654 ) ;
#3814 = CARTESIAN_POINT ( 'NONE',  ( 0.3791007170109748636, -0.4851045473143322240, 0.000000000000000000 ) ) ;
#3815 = CARTESIAN_POINT ( 'NONE',  ( 0.3307064785893187309, -0.4861995993702720176, 0.000000000000000000 ) ) ;
#3816 = ADVANCED_FACE ( 'NONE', ( #1337 ), #5638, .F. ) ;
#3817 = CARTESIAN_POINT ( 'NONE',  ( -0.000000000000000000, -0.3750000000000001110, 0.000000000000000000 ) ) ;
#3818 = CARTESIAN_POINT ( 'NONE',  ( 0.000000000000000000, 0.000000000000000000, 0.000000000000000000 ) ) ;
#3819 = LINE ( 'NONE', #6008, #7021 ) ;
#3820 = ORIENTED_EDGE ( 'NONE', *, *, #4259, .T. ) ;
#3821 = CARTESIAN_POINT ( 'NONE',  ( 0.1239143483699504389, -0.5050079329981318477, -0.000000000000000000 ) ) ;
#3822 = ORIENTED_EDGE ( 'NONE', *, *, #2201, .F. ) ;
#3823 = FILL_AREA_STYLE ('',( #5954 ) ) ;
#3824 = SURFACE_STYLE_USAGE ( .BOTH. , #2747 ) ;
#3825 = UNCERTAINTY_MEASURE_WITH_UNIT (LENGTH_MEASURE( 1.000000000000000082E-05 ), #5241, 'distance_accuracy_value', 'NONE');
#3826 = ORIENTED_EDGE ( 'NONE', *, *, #4786, .F. ) ;
#3827 = VERTEX_POINT ( 'NONE', #5914 ) ;
#3828 = EDGE_CURVE ( 'NONE', #5734, #2509, #2652, .T. ) ;
#3829 = SURFACE_SIDE_STYLE ('',( #576 ) ) ;
#3830 = VERTEX_POINT ( 'NONE', #2106 ) ;
#3831 = CARTESIAN_POINT ( 'NONE',  ( 0.4226909316292755681, -0.5214857506460300884, 0.001000000000000000021 ) ) ;
#3832 = COLOUR_RGB ( '',0.000000000000000000, 0.000000000000000000, 0.000000000000000000 ) ;
#3833 = EDGE_CURVE ( 'NONE', #976, #5148, #5878, .T. ) ;
#3834 = STYLED_ITEM ( 'NONE', ( #2089 ), #5188 ) ;
#3835 = FACE_OUTER_BOUND ( 'NONE', #3894, .T. ) ;
#3836 = MECHANICAL_DESIGN_GEOMETRIC_PRESENTATION_REPRESENTATION (  '', ( #4625 ), #6493 ) ;
#3837 = PRESENTATION_STYLE_ASSIGNMENT (( #3740 ) ) ;
#3838 = ADVANCED_FACE ( 'NONE', ( #7086 ), #431, .T. ) ;
#3839 = CARTESIAN_POINT ( 'NONE',  ( 0.2065980851551378894, -0.5693678681574837475, 0.000000000000000000 ) ) ;
#3840 = FACE_OUTER_BOUND ( 'NONE', #3678, .T. ) ;
#3841 = STYLED_ITEM ( 'NONE', ( #2010 ), #5199 ) ;
#3842 = VECTOR ( 'NONE', #4185, 1000.000000000000000 ) ;
#3843 = PRESENTATION_LAYER_ASSIGNMENT (  '', '', ( #2437 ) ) ;
#3844 = FILL_AREA_STYLE_COLOUR ( '', #791 ) ;
#3845 = SURFACE_STYLE_USAGE ( .BOTH. , #5499 ) ;
#3846 = CARTESIAN_POINT ( 'NONE',  ( 0.3984131659448709728, -0.4906051822297093912, 0.001000000000000000021 ) ) ;
#3847 = DIRECTION ( 'NONE',  ( 0.000000000000000000, 1.000000000000000000, 0.000000000000000000 ) ) ;
#3848 =( GEOMETRIC_REPRESENTATION_CONTEXT ( 3 ) GLOBAL_UNCERTAINTY_ASSIGNED_CONTEXT ( ( #5580 ) ) GLOBAL_UNIT_ASSIGNED_CONTEXT ( ( #6352, #3041, #4577 ) ) REPRESENTATION_CONTEXT ( 'NONE', 'WORKASPACE' ) );
#3849 = FILL_AREA_STYLE_COLOUR ( '', #2844 ) ;
#3850 = CARTESIAN_POINT ( 'NONE',  ( 0.4190739941734889507, -0.5118091474197109525, 0.000000000000000000 ) ) ;
#3851 = MECHANICAL_DESIGN_GEOMETRIC_PRESENTATION_REPRESENTATION (  '', ( #6380 ), #6152 ) ;
#3852 = CARTESIAN_POINT ( 'NONE',  ( 0.4074459161457096301, -0.5568789237923160718, 0.001000000000000000021 ) ) ;
#3853 = EDGE_CURVE ( 'NONE', #7085, #1174, #6313, .T. ) ;
#3854 = AXIS2_PLACEMENT_3D ( 'NONE', #999, #4817, #3242 ) ;
#3855 = SURFACE_SIDE_STYLE ('',( #4959 ) ) ;
#3856 = DIRECTION ( 'NONE',  ( -1.445602896647339163E-16, 1.000000000000000000, -0.000000000000000000 ) ) ;
#3857 = EDGE_LOOP ( 'NONE', ( #2, #615, #6353, #2413 ) ) ;
#3858 = DIRECTION ( 'NONE',  ( 0.000000000000000000, -0.000000000000000000, -1.000000000000000000 ) ) ;
#3859 = COLOUR_RGB ( '',0.000000000000000000, 0.000000000000000000, 0.000000000000000000 ) ;
#3860 = EDGE_CURVE ( 'NONE', #5993, #6724, #6541, .T. ) ;
#3861 = DIRECTION ( 'NONE',  ( 1.000000000000000000, 0.000000000000000000, 0.000000000000000000 ) ) ;
#3862 = STYLED_ITEM ( 'NONE', ( #5406 ), #322 ) ;
#3863 = ORIENTED_EDGE ( 'NONE', *, *, #5111, .T. ) ;
#3864 = DIRECTION ( 'NONE',  ( 0.000000000000000000, 0.000000000000000000, -1.000000000000000000 ) ) ;
#3865 = DIRECTION ( 'NONE',  ( 0.000000000000000000, -0.000000000000000000, 1.000000000000000000 ) ) ;
#3866 = SURFACE_SIDE_STYLE ('',( #5002 ) ) ;
#3867 = PRESENTATION_LAYER_ASSIGNMENT (  '', '', ( #564 ) ) ;
#3868 = ORIENTED_EDGE ( 'NONE', *, *, #3168, .F. ) ;
#3869 = PRESENTATION_STYLE_ASSIGNMENT (( #2281 ) ) ;
#3870 = CARTESIAN_POINT ( 'NONE',  ( -0.3750000000000000000, -0.7599999999999997868, 0.1000000000000000056 ) ) ;
#3871 = PRESENTATION_LAYER_ASSIGNMENT (  '', '', ( #5938 ) ) ;
#3872 = EDGE_CURVE ( 'NONE', #828, #5171, #6919, .T. ) ;
#3873 = AXIS2_PLACEMENT_3D ( 'NONE', #3794, #3187, #2111 ) ;
#3874 = AXIS2_PLACEMENT_3D ( 'NONE', #2078, #6121, #1079 ) ;
#3875 = CARTESIAN_POINT ( 'NONE',  ( 1.010000000000000009, 0.6249999999999998890, -0.01000000000000000021 ) ) ;
#3876 = UNCERTAINTY_MEASURE_WITH_UNIT (LENGTH_MEASURE( 1.000000000000000082E-05 ), #7187, 'distance_accuracy_value', 'NONE');
#3877 = LINE ( 'NONE', #7201, #3802 ) ;
#3878 = DIRECTION ( 'NONE',  ( 0.000000000000000000, -0.000000000000000000, 1.000000000000000000 ) ) ;
#3879 = CARTESIAN_POINT ( 'NONE',  ( 0.1910379018463814471, -0.5441110819413355060, 0.001000000000000000021 ) ) ;
#3880 = LINE ( 'NONE', #6224, #5453 ) ;
#3881 = VECTOR ( 'NONE', #6009, 1000.000000000000000 ) ;
#3882 = LINE ( 'NONE', #1178, #5693 ) ;
#3883 = SURFACE_STYLE_USAGE ( .BOTH. , #4552 ) ;
#3884 = SURFACE_STYLE_USAGE ( .BOTH. , #6634 ) ;
#3885 = CARTESIAN_POINT ( 'NONE',  ( -0.3750000000000000000, -0.07999999999999977962, -0.01000000000000000021 ) ) ;
#3886 = CARTESIAN_POINT ( 'NONE',  ( 0.7800000000000001377, 0.4949999999999998845, 0.1000000000000000056 ) ) ;
#3887 = DIRECTION ( 'NONE',  ( 0.000000000000000000, 0.000000000000000000, -1.000000000000000000 ) ) ;
#3888 = ORIENTED_EDGE ( 'NONE', *, *, #340, .T. ) ;
#3889 = CARTESIAN_POINT ( 'NONE',  ( 0.3758855944429772000, -0.5764435018092963769, 0.001000000000000000021 ) ) ;
#3890 = LINE ( 'NONE', #2267, #1836 ) ;
#3891 = DIRECTION ( 'NONE',  ( 1.000000000000000000, 0.000000000000000000, 0.000000000000000000 ) ) ;
#3892 = SURFACE_SIDE_STYLE ('',( #4929 ) ) ;
#3893 = DIRECTION ( 'NONE',  ( -0.000000000000000000, -0.000000000000000000, -1.000000000000000000 ) ) ;
#3894 = EDGE_LOOP ( 'NONE', ( #4020, #2417, #4999, #2590, #4657, #864 ) ) ;
#3895 = CARTESIAN_POINT ( 'NONE',  ( -1.010000000000000009, 0.6249999999999998890, 0.1000000000000000056 ) ) ;
#3896 = VECTOR ( 'NONE', #2262, 1000.000000000000000 ) ;
#3897 = VERTEX_POINT ( 'NONE', #6163 ) ;
#3898 =( NAMED_UNIT ( * ) PLANE_ANGLE_UNIT ( ) SI_UNIT ( $, .RADIAN. ) );
#3899 = LINE ( 'NONE', #5514, #6385 ) ;
#3900 = VECTOR ( 'NONE', #1563, 1000.000000000000000 ) ;
#3901 = CARTESIAN_POINT ( 'NONE',  ( 0.000000000000000000, -0.1250000000000001110, 0.000000000000000000 ) ) ;
#3902 = DIRECTION ( 'NONE',  ( 1.445602896647339163E-16, -1.000000000000000000, 0.000000000000000000 ) ) ;
#3903 = EDGE_CURVE ( 'NONE', #1433, #5203, #2818, .T. ) ;
#3904 = VERTEX_POINT ( 'NONE', #1194 ) ;
#3905 = DIRECTION ( 'NONE',  ( 1.000000000000000000, 0.000000000000000000, 0.000000000000000000 ) ) ;
#3906 = STYLED_ITEM ( 'NONE', ( #27 ), #2668 ) ;
#3907 = FILL_AREA_STYLE ('',( #5042 ) ) ;
#3908 = EDGE_CURVE ( 'NONE', #1182, #3387, #3368, .T. ) ;
#3909 = AXIS2_PLACEMENT_3D ( 'NONE', #3092, #2518, #170 ) ;
#3910 = CARTESIAN_POINT ( 'NONE',  ( 1.000000000000000000, -0.1250000000000001110, 0.1000000000000000056 ) ) ;
#3911 = LINE ( 'NONE', #2791, #1741 ) ;
#3912 = CARTESIAN_POINT ( 'NONE',  ( 0.6600000000000000311, 0.4950000000000007727, 0.1000000000000000056 ) ) ;
#3913 = SURFACE_STYLE_USAGE ( .BOTH. , #550 ) ;
#3914 = DIRECTION ( 'NONE',  ( -1.000000000000000000, 0.000000000000000000, 0.000000000000000000 ) ) ;
#3915 = MECHANICAL_DESIGN_GEOMETRIC_PRESENTATION_REPRESENTATION (  '', ( #734 ), #6339 ) ;
#3916 = SURFACE_SIDE_STYLE ('',( #1580 ) ) ;
#3917 = DIRECTION ( 'NONE',  ( 0.000000000000000000, 0.000000000000000000, 1.000000000000000000 ) ) ;
#3918 = DIRECTION ( 'NONE',  ( 0.000000000000000000, -1.000000000000000000, 0.000000000000000000 ) ) ;
#3919 = VECTOR ( 'NONE', #6730, 1000.000000000000000 ) ;
#3920 = CARTESIAN_POINT ( 'NONE',  ( 0.2293726371259040553, -0.4971752091263696438, 0.001000000000000000021 ) ) ;
#3921 = FILL_AREA_STYLE ('',( #3990 ) ) ;
#3922 = UNCERTAINTY_MEASURE_WITH_UNIT (LENGTH_MEASURE( 1.000000000000000082E-05 ), #1148, 'distance_accuracy_value', 'NONE');
#3923 = EDGE_CURVE ( 'NONE', #669, #3722, #1703, .T. ) ;
#3924 = VECTOR ( 'NONE', #604, 1000.000000000000000 ) ;
#3925 = SURFACE_STYLE_FILL_AREA ( #5029 ) ;
#3926 = LINE ( 'NONE', #1188, #6554 ) ;
#3927 = CARTESIAN_POINT ( 'NONE',  ( 0.3669889712574649909, -0.4852087325517581706, 0.001000000000000000021 ) ) ;
#3928 = VERTEX_POINT ( 'NONE', #2273 ) ;
#3929 = CARTESIAN_POINT ( 'NONE',  ( 0.6600000000000001421, -0.5049999999999992273, -0.01000000000000000021 ) ) ;
#3930 = AXIS2_PLACEMENT_3D ( 'NONE', #2446, #1847, #631 ) ;
#3931 = SURFACE_STYLE_FILL_AREA ( #6679 ) ;
#3932 = FACE_OUTER_BOUND ( 'NONE', #3991, .T. ) ;
#3933 = ORIENTED_EDGE ( 'NONE', *, *, #108, .F. ) ;
#3934 = EDGE_LOOP ( 'NONE', ( #6795, #1128, #5851, #714 ) ) ;
#3935 = DIRECTION ( 'NONE',  ( 1.000000000000000000, 2.502005013428086882E-15, 0.000000000000000000 ) ) ;
#3936 = ORIENTED_EDGE ( 'NONE', *, *, #2546, .F. ) ;
#3937 = LINE ( 'NONE', #1276, #3421 ) ;
#3938 =( NAMED_UNIT ( * ) PLANE_ANGLE_UNIT ( ) SI_UNIT ( $, .RADIAN. ) );
#3939 = EDGE_CURVE ( 'NONE', #3980, #584, #641, .T. ) ;
#3940 = ORIENTED_EDGE ( 'NONE', *, *, #6779, .T. ) ;
#3941 = DIRECTION ( 'NONE',  ( 1.000000000000000000, 0.000000000000000000, 0.000000000000000000 ) ) ;
#3942 = UNCERTAINTY_MEASURE_WITH_UNIT (LENGTH_MEASURE( 1.000000000000000082E-05 ), #2846, 'distance_accuracy_value', 'NONE');
#3943 = MECHANICAL_DESIGN_GEOMETRIC_PRESENTATION_REPRESENTATION (  '', ( #1944 ), #541 ) ;
#3944 = SURFACE_STYLE_FILL_AREA ( #5561 ) ;
#3945 = DIRECTION ( 'NONE',  ( 0.000000000000000000, 0.000000000000000000, -1.000000000000000000 ) ) ;
#3946 = VECTOR ( 'NONE', #6886, 1000.000000000000000 ) ;
#3947 = AXIS2_PLACEMENT_3D ( 'NONE', #4015, #6633, #1179 ) ;
#3948 =( NAMED_UNIT ( * ) SI_UNIT ( $, .STERADIAN. ) SOLID_ANGLE_UNIT ( ) );
#3949 = DIRECTION ( 'NONE',  ( -1.000000000000000000, 0.000000000000000000, 0.000000000000000000 ) ) ;
#3950 = DIRECTION ( 'NONE',  ( 0.000000000000000000, 0.000000000000000000, -1.000000000000000000 ) ) ;
#3951 = CARTESIAN_POINT ( 'NONE',  ( 0.4103025151256051717, -0.4995246500495573727, 0.000000000000000000 ) ) ;
#3952 = DIRECTION ( 'NONE',  ( 0.000000000000000000, 0.000000000000000000, -1.000000000000000000 ) ) ;
#3953 =( GEOMETRIC_REPRESENTATION_CONTEXT ( 3 ) GLOBAL_UNCERTAINTY_ASSIGNED_CONTEXT ( ( #4317 ) ) GLOBAL_UNIT_ASSIGNED_CONTEXT ( ( #233, #1768, #2978 ) ) REPRESENTATION_CONTEXT ( 'NONE', 'WORKASPACE' ) );
#3954 = CARTESIAN_POINT ( 'NONE',  ( -0.2449999999999999956, -0.07999999999999977962, -0.01000000000000000021 ) ) ;
#3955 = SURFACE_STYLE_FILL_AREA ( #673 ) ;
#3956 = VERTEX_POINT ( 'NONE', #6677 ) ;
#3957 = EDGE_LOOP ( 'NONE', ( #4148, #3193, #32, #2393 ) ) ;
#3958 = LINE ( 'NONE', #3446, #382 ) ;
#3959 = DIRECTION ( 'NONE',  ( -1.000000000000000000, 0.000000000000000000, 0.000000000000000000 ) ) ;
#3960 =( GEOMETRIC_REPRESENTATION_CONTEXT ( 3 ) GLOBAL_UNCERTAINTY_ASSIGNED_CONTEXT ( ( #2251 ) ) GLOBAL_UNIT_ASSIGNED_CONTEXT ( ( #4896, #7148, #1455 ) ) REPRESENTATION_CONTEXT ( 'NONE', 'WORKASPACE' ) );
#3961 = CARTESIAN_POINT ( 'NONE',  ( 0.1042392529795625883, -0.5581508188824672034, 0.000000000000000000 ) ) ;
#3962 = CARTESIAN_POINT ( 'NONE',  ( 0.4197223674175032393, -0.5625232113922682409, 0.001000000000000000021 ) ) ;
#3963 = EDGE_CURVE ( 'NONE', #6693, #2026, #3544, .T. ) ;
#3964 = ORIENTED_EDGE ( 'NONE', *, *, #304, .T. ) ;
#3965 = VERTEX_POINT ( 'NONE', #4564 ) ;
#3966 = LINE ( 'NONE', #5591, #4424 ) ;
#3967 = ORIENTED_EDGE ( 'NONE', *, *, #3123, .F. ) ;
#3968 = STYLED_ITEM ( 'NONE', ( #1962 ), #1096 ) ;
#3969 = VERTEX_POINT ( 'NONE', #3409 ) ;
#3970 = DIRECTION ( 'NONE',  ( -0.000000000000000000, 0.000000000000000000, -1.000000000000000000 ) ) ;
#3971 = DIRECTION ( 'NONE',  ( -1.000000000000000000, 0.000000000000000000, 0.000000000000000000 ) ) ;
#3972 = ORIENTED_EDGE ( 'NONE', *, *, #4139, .T. ) ;
#3973 = STYLED_ITEM ( 'NONE', ( #1400 ), #1368 ) ;
#3974 = CARTESIAN_POINT ( 'NONE',  ( 0.3737514481015138945, -0.4849800871751501208, 0.000000000000000000 ) ) ;
#3975 = CARTESIAN_POINT ( 'NONE',  ( 0.3502186737112699677, -0.5810166725410037536, 0.001000000000000000021 ) ) ;
#3976 = ORIENTED_EDGE ( 'NONE', *, *, #3695, .F. ) ;
#3977 = SURFACE_SIDE_STYLE ('',( #5637 ) ) ;
#3978 =( NAMED_UNIT ( * ) PLANE_ANGLE_UNIT ( ) SI_UNIT ( $, .RADIAN. ) );
#3979 = STYLED_ITEM ( 'NONE', ( #4700 ), #6076 ) ;
#3980 = VERTEX_POINT ( 'NONE', #2200 ) ;
#3981 = SURFACE_SIDE_STYLE ('',( #6697 ) ) ;
#3982 = LINE ( 'NONE', #4013, #6965 ) ;
#3983 = MECHANICAL_DESIGN_GEOMETRIC_PRESENTATION_REPRESENTATION (  '', ( #2922 ), #698 ) ;
#3984 = SURFACE_STYLE_USAGE ( .BOTH. , #3916 ) ;
#3985 = CARTESIAN_POINT ( 'NONE',  ( 0.07948696639419673693, -0.5861995993702721064, 0.000000000000000000 ) ) ;
#3986 = CARTESIAN_POINT ( 'NONE',  ( 0.3511067122740457735, -0.5018421186564900882, 0.001000000000000000021 ) ) ;
#3987 = EDGE_CURVE ( 'NONE', #4721, #6388, #4409, .T. ) ;
#3988 =( NAMED_UNIT ( * ) PLANE_ANGLE_UNIT ( ) SI_UNIT ( $, .RADIAN. ) );
#3990 = FILL_AREA_STYLE_COLOUR ( '', #5556 ) ;
#3989 = VECTOR ( 'NONE', #2889, 1000.000000000000000 ) ;
#3991 = EDGE_LOOP ( 'NONE', ( #1837, #1636, #2364, #1823 ) ) ;
#3992 = EDGE_LOOP ( 'NONE', ( #2000, #1880, #1671, #5698 ) ) ;
#3993 = CARTESIAN_POINT ( 'NONE',  ( 0.7800000000000001377, -0.5050000000000001155, 0.000000000000000000 ) ) ;
#3994 = SURFACE_STYLE_FILL_AREA ( #4522 ) ;
#3995 = EDGE_CURVE ( 'NONE', #6975, #5203, #4718, .T. ) ;
#3996 = CARTESIAN_POINT ( 'NONE',  ( 0.4245776627645285739, -0.5398981788667867043, 0.001000000000000000021 ) ) ;
#3997 = ORIENTED_EDGE ( 'NONE', *, *, #6711, .F. ) ;
#3998 = ORIENTED_EDGE ( 'NONE', *, *, #2183, .T. ) ;
#3999 = CARTESIAN_POINT ( 'NONE',  ( -0.1250000000000000000, 0.5300000000000002487, -0.01000000000000000021 ) ) ;
#4000 = DIRECTION ( 'NONE',  ( 0.000000000000000000, -1.000000000000000000, 0.000000000000000000 ) ) ;
#4001 = PRESENTATION_LAYER_ASSIGNMENT (  '', '', ( #5150 ) ) ;
#4002 = ORIENTED_EDGE ( 'NONE', *, *, #5640, .F. ) ;
#4003 = VERTEX_POINT ( 'NONE', #1081 ) ;
#4004 = SURFACE_SIDE_STYLE ('',( #1759 ) ) ;
#4005 = EDGE_CURVE ( 'NONE', #2369, #3620, #3329, .T. ) ;
#4006 = CARTESIAN_POINT ( 'NONE',  ( 0.9999999999999997780, 0.3749999999999998890, 0.000000000000000000 ) ) ;
#4007 = VERTEX_POINT ( 'NONE', #3929 ) ;
#4008 = UNCERTAINTY_MEASURE_WITH_UNIT (LENGTH_MEASURE( 1.000000000000000082E-05 ), #2569, 'distance_accuracy_value', 'NONE');
#4009 = AXIS2_PLACEMENT_3D ( 'NONE', #5068, #2962, #2819 ) ;
#4010 =( NAMED_UNIT ( * ) SI_UNIT ( $, .STERADIAN. ) SOLID_ANGLE_UNIT ( ) );
#4011 = ORIENTED_EDGE ( 'NONE', *, *, #1872, .T. ) ;
#4012 = LINE ( 'NONE', #6223, #885 ) ;
#4013 = CARTESIAN_POINT ( 'NONE',  ( -0.7800000000000010258, -0.6250000000000001110, 0.1000000000000000056 ) ) ;
#4014 =( NAMED_UNIT ( * ) PLANE_ANGLE_UNIT ( ) SI_UNIT ( $, .RADIAN. ) );
#4015 = CARTESIAN_POINT ( 'NONE',  ( 0.7800000000000001377, 0.4949999999999998845, 0.1000000000000000056 ) ) ;
#4016 = EDGE_CURVE ( 'NONE', #2426, #4804, #6120, .T. ) ;
#4017 = DIRECTION ( 'NONE',  ( -1.000000000000000000, 0.000000000000000000, 0.000000000000000000 ) ) ;
#4018 = CARTESIAN_POINT ( 'NONE',  ( 0.4175165125597961602, -0.5666096851550030955, 0.001000000000000000021 ) ) ;
#4019 =( NAMED_UNIT ( * ) SI_UNIT ( $, .STERADIAN. ) SOLID_ANGLE_UNIT ( ) );
#4020 = ORIENTED_EDGE ( 'NONE', *, *, #1505, .T. ) ;
#4021 = VECTOR ( 'NONE', #772, 1000.000000000000000 ) ;
#4022 = EDGE_LOOP ( 'NONE', ( #4968, #2033, #1930, #1705, #2144, #6350 ) ) ;
#4023 = COLOUR_RGB ( '',0.000000000000000000, 0.000000000000000000, 0.000000000000000000 ) ;
#4024 = ORIENTED_EDGE ( 'NONE', *, *, #6259, .F. ) ;
#4025 = PRESENTATION_STYLE_ASSIGNMENT (( #1190 ) ) ;
#4026 = PLANE ( 'NONE',  #2583 ) ;
#4027 = EDGE_CURVE ( 'NONE', #5749, #4058, #4198, .T. ) ;
#4028 = ADVANCED_FACE ( 'NONE', ( #1373 ), #4713, .T. ) ;
#4029 = CARTESIAN_POINT ( 'NONE',  ( 0.3736371188332211490, -0.4959556969312476915, 0.000000000000000000 ) ) ;
#4031 = ORIENTED_EDGE ( 'NONE', *, *, #3703, .T. ) ;
#4030 = VECTOR ( 'NONE', #2882, 1000.000000000000000 ) ;
#4032 = ORIENTED_EDGE ( 'NONE', *, *, #2301, .T. ) ;
#4033 = EDGE_CURVE ( 'NONE', #640, #4790, #5771, .T. ) ;
#4034 = ORIENTED_EDGE ( 'NONE', *, *, #3484, .F. ) ;
#4035 = EDGE_LOOP ( 'NONE', ( #5335, #2209, #3731, #5639, #6202, #1082 ) ) ;
#4036 = FACE_OUTER_BOUND ( 'NONE', #1852, .T. ) ;
#4037 = ADVANCED_FACE ( 'NONE', ( #5877 ), #251, .F. ) ;
#4038 = CARTESIAN_POINT ( 'NONE',  ( 0.3510146860623354348, -0.4886203828462093446, -0.000000000000000000 ) ) ;
#4039 = CARTESIAN_POINT ( 'NONE',  ( 0.3502186737112699677, -0.5810166725410037536, 0.001000000000000000021 ) ) ;
#4040 = ORIENTED_EDGE ( 'NONE', *, *, #5230, .T. ) ;
#4041 = PRODUCT_CONTEXT ( 'NONE', #5128, 'mechanical' ) ;
#4042 = LINE ( 'NONE', #1835, #1262 ) ;
#4043 = VERTEX_POINT ( 'NONE', #5838 ) ;
#4044 = DIRECTION ( 'NONE',  ( -1.000000000000000000, 0.000000000000000000, 0.000000000000000000 ) ) ;
#4045 = EDGE_CURVE ( 'NONE', #3382, #4141, #822, .T. ) ;
#4046 =( LENGTH_UNIT ( ) NAMED_UNIT ( * ) SI_UNIT ( .MILLI., .METRE. ) );
#4047 = ADVANCED_FACE ( 'NONE', ( #7077 ), #1451, .T. ) ;
#4048 = CARTESIAN_POINT ( 'NONE',  ( 0.3560702665944723289, -0.5838653681787420169, 0.000000000000000000 ) ) ;
#4049 = CARTESIAN_POINT ( 'NONE',  ( 0.4097972482681468964, -0.5241706840843834980, 0.001000000000000000021 ) ) ;
#4050 = CARTESIAN_POINT ( 'NONE',  ( 0.4238825865918723901, -0.5486179057210359700, 0.000000000000000000 ) ) ;
#4051 = CARTESIAN_POINT ( 'NONE',  ( 0.3613975272932808402, -0.4975270844085546984, 0.001000000000000000021 ) ) ;
#4052 = FILL_AREA_STYLE_COLOUR ( '', #3661 ) ;
#4053 = CARTESIAN_POINT ( 'NONE',  ( 1.010000000000000009, 0.1249999999999998890, 0.1000000000000000056 ) ) ;
#4054 = FACE_OUTER_BOUND ( 'NONE', #5585, .T. ) ;
#4055 = EDGE_LOOP ( 'NONE', ( #53, #3000, #1786, #474, #4545, #718, #2749, #644 ) ) ;
#4056 =( GEOMETRIC_REPRESENTATION_CONTEXT ( 3 ) GLOBAL_UNCERTAINTY_ASSIGNED_CONTEXT ( ( #1111 ) ) GLOBAL_UNIT_ASSIGNED_CONTEXT ( ( #5334, #5256, #4834 ) ) REPRESENTATION_CONTEXT ( 'NONE', 'WORKASPACE' ) );
#4057 =( GEOMETRIC_REPRESENTATION_CONTEXT ( 3 ) GLOBAL_UNCERTAINTY_ASSIGNED_CONTEXT ( ( #18 ) ) GLOBAL_UNIT_ASSIGNED_CONTEXT ( ( #5071, #6864, #3414 ) ) REPRESENTATION_CONTEXT ( 'NONE', 'WORKASPACE' ) );
#4058 = VERTEX_POINT ( 'NONE', #2161 ) ;
#4059 =( LENGTH_UNIT ( ) NAMED_UNIT ( * ) SI_UNIT ( .MILLI., .METRE. ) );
#4060 = PRESENTATION_STYLE_ASSIGNMENT (( #174 ) ) ;
#4061 = PRESENTATION_LAYER_ASSIGNMENT (  '', '', ( #3841 ) ) ;
#4062 = FILL_AREA_STYLE ('',( #138 ) ) ;
#4063 = CARTESIAN_POINT ( 'NONE',  ( 0.2575357468820015927, -0.5861995993702721064, 0.000000000000000000 ) ) ;
#4064 =( GEOMETRIC_REPRESENTATION_CONTEXT ( 3 ) GLOBAL_UNCERTAINTY_ASSIGNED_CONTEXT ( ( #5528 ) ) GLOBAL_UNIT_ASSIGNED_CONTEXT ( ( #5000, #4458, #2276 ) ) REPRESENTATION_CONTEXT ( 'NONE', 'WORKASPACE' ) );
#4065 = SURFACE_STYLE_USAGE ( .BOTH. , #1224 ) ;
#4066 = EDGE_CURVE ( 'NONE', #2369, #5961, #7000, .T. ) ;
#4067 = VECTOR ( 'NONE', #1339, 1000.000000000000000 ) ;
#4068 =( NAMED_UNIT ( * ) SI_UNIT ( $, .STERADIAN. ) SOLID_ANGLE_UNIT ( ) );
#4069 = COLOUR_RGB ( '',0.000000000000000000, 0.000000000000000000, 0.000000000000000000 ) ;
#4070 = SURFACE_STYLE_USAGE ( .BOTH. , #1754 ) ;
#4071 = CARTESIAN_POINT ( 'NONE',  ( 0.3722970945369922791, -0.5763963876954305565, 0.000000000000000000 ) ) ;
#4072 = ORIENTED_EDGE ( 'NONE', *, *, #2531, .T. ) ;
#4073 = ORIENTED_EDGE ( 'NONE', *, *, #1969, .T. ) ;
#4074 = CARTESIAN_POINT ( 'NONE',  ( 0.3502186737112699677, -0.5700410627849062939, 0.001000000000000000021 ) ) ;
#4075 = COLOUR_RGB ( '',1.000000000000000000, 1.000000000000000000, 1.000000000000000000 ) ;
#4076 = CARTESIAN_POINT ( 'NONE',  ( 0.2303444359063918645, -0.5861995993702721064, 0.000000000000000000 ) ) ;
#4077 = CARTESIAN_POINT ( 'NONE',  ( 0.3750000000000000000, 0.7600000000000002309, -0.01000000000000000021 ) ) ;
#4078 = VECTOR ( 'NONE', #6854, 1000.000000000000000 ) ;
#4079 = ORIENTED_EDGE ( 'NONE', *, *, #2154, .F. ) ;
#4080 =( LENGTH_UNIT ( ) NAMED_UNIT ( * ) SI_UNIT ( .MILLI., .METRE. ) );
#4081 = CARTESIAN_POINT ( 'NONE',  ( 0.1250000000000000000, 0.7500000000000002220, 0.000000000000000000 ) ) ;
#4082 = B_SPLINE_SURFACE_WITH_KNOTS ( 'NONE', 3, 1, ( 
 ( #2610, #4309 ),
 ( #6042, #5369 ),
 ( #5977, #3137 ),
 ( #7043, #972 ),
 ( #1494, #3211 ),
 ( #5441, #2133 ),
 ( #7117, #4342 ),
 ( #3104, #6156 ),
 ( #7214, #1696 ),
 ( #3403, #5654 ),
 ( #2350, #636 ),
 ( #2811, #2876 ),
 ( #6746, #4956 ),
 ( #5104, #1151 ),
 ( #4448, #1076 ),
 ( #598, #1629 ),
 ( #6672, #4406 ),
 ( #19, #1112 ),
 ( #566, #2234 ) ),
 .UNSPECIFIED., .F., .F., .F.,
 ( 4, 1, 1, 1, 1, 1, 1, 1, 1, 1, 1, 1, 1, 1, 1, 1, 4 ),
 ( 2, 2 ),
 ( 0.000000000000000000, 0.06806869584499457282, 0.1334274328189550829, 0.1961460338131570114, 0.2570485924493124963, 0.3168826631591622478, 0.3761872086663219372, 0.4359603353635462253, 0.4965352368627262147, 0.5574653434807335106, 0.6176868634101474465, 0.6779436406969060469, 0.7388052848060403521, 0.8009493367665840857, 0.8648146674702263947, 0.9310247810786568268, 1.000000000000000000 ),
 ( 0.000000000000000000, 1.000000000000000000 ),
 .UNSPECIFIED. ) ;
#4083 = UNCERTAINTY_MEASURE_WITH_UNIT (LENGTH_MEASURE( 1.000000000000000082E-05 ), #5581, 'distance_accuracy_value', 'NONE');
#4084 = EDGE_CURVE ( 'NONE', #2653, #6762, #933, .T. ) ;
#4085 = ORIENTED_EDGE ( 'NONE', *, *, #2496, .T. ) ;
#4086 = FILL_AREA_STYLE_COLOUR ( '', #6843 ) ;
#4087 = LINE ( 'NONE', #3464, #2964 ) ;
#4088 = PRESENTATION_LAYER_ASSIGNMENT (  '', '', ( #3973 ) ) ;
#4089 = LINE ( 'NONE', #6445, #5827 ) ;
#4090 = MECHANICAL_DESIGN_GEOMETRIC_PRESENTATION_REPRESENTATION (  '', ( #2698 ), #1150 ) ;
#4091 = ORIENTED_EDGE ( 'NONE', *, *, #4405, .F. ) ;
#4092 = CARTESIAN_POINT ( 'NONE',  ( 0.2550000000000000044, -0.2199999999999998068, -0.01000000000000000021 ) ) ;
#4093 = CARTESIAN_POINT ( 'NONE',  ( 0.2293726371259040553, -0.4971752091263696438, 0.001000000000000000021 ) ) ;
#4094 = AXIS2_PLACEMENT_3D ( 'NONE', #5672, #1831, #5781 ) ;
#4095 = MECHANICAL_DESIGN_GEOMETRIC_PRESENTATION_REPRESENTATION (  '', ( #1386 ), #3148 ) ;
#4096 =( LENGTH_UNIT ( ) NAMED_UNIT ( * ) SI_UNIT ( .MILLI., .METRE. ) );
#4097 = ORIENTED_EDGE ( 'NONE', *, *, #6799, .F. ) ;
#4098 = SURFACE_STYLE_USAGE ( .BOTH. , #1328 ) ;
#4099 = CARTESIAN_POINT ( 'NONE',  ( 0.4331455029795626133, -0.5861995993702721064, 0.001000000000000000021 ) ) ;
#4100 = AXIS2_PLACEMENT_3D ( 'NONE', #5665, #2361, #1822 ) ;
#4101 = PRESENTATION_STYLE_ASSIGNMENT (( #6857 ) ) ;
#4102 = PRESENTATION_STYLE_ASSIGNMENT (( #5214 ) ) ;
#4103 = EDGE_LOOP ( 'NONE', ( #6241, #1764, #4846, #3647 ) ) ;
#4104 =( GEOMETRIC_REPRESENTATION_CONTEXT ( 3 ) GLOBAL_UNCERTAINTY_ASSIGNED_CONTEXT ( ( #5753 ) ) GLOBAL_UNIT_ASSIGNED_CONTEXT ( ( #5904, #5835, #6996 ) ) REPRESENTATION_CONTEXT ( 'NONE', 'WORKASPACE' ) );
#4105 = ORIENTED_EDGE ( 'NONE', *, *, #4679, .T. ) ;
#4106 = CARTESIAN_POINT ( 'NONE',  ( 0.2550000000000000044, -0.2199999999999998068, 0.1000000000000000056 ) ) ;
#4107 = EDGE_CURVE ( 'NONE', #1813, #2244, #6038, .T. ) ;
#4108 = VERTEX_POINT ( 'NONE', #6004 ) ;
#4109 = DIRECTION ( 'NONE',  ( -0.000000000000000000, 0.000000000000000000, 1.000000000000000000 ) ) ;
#4110 = CARTESIAN_POINT ( 'NONE',  ( 0.09412111273566012293, -0.5861995993702721064, 0.000000000000000000 ) ) ;
#4111 = VECTOR ( 'NONE', #3750, 1000.000000000000000 ) ;
#4112 = EDGE_CURVE ( 'NONE', #4517, #3417, #3100, .T. ) ;
#4113 =( LENGTH_UNIT ( ) NAMED_UNIT ( * ) SI_UNIT ( .MILLI., .METRE. ) );
#4114 = CARTESIAN_POINT ( 'NONE',  ( 0.2008502424780320705, -0.5647517801650155933, 0.000000000000000000 ) ) ;
#4115 = CARTESIAN_POINT ( 'NONE',  ( 0.2041562546954868163, -0.4912774532693362506, 0.001000000000000000021 ) ) ;
#4116 = EDGE_CURVE ( 'NONE', #5625, #6947, #5477, .T. ) ;
#4117 = ORIENTED_EDGE ( 'NONE', *, *, #2132, .T. ) ;
#4118 = PRESENTATION_STYLE_ASSIGNMENT (( #4546 ) ) ;
#4119 =( LENGTH_UNIT ( ) NAMED_UNIT ( * ) SI_UNIT ( .MILLI., .METRE. ) );
#4120 = VECTOR ( 'NONE', #323, 1000.000000000000000 ) ;
#4121 = DIRECTION ( 'NONE',  ( 0.000000000000000000, 0.000000000000000000, -1.000000000000000000 ) ) ;
#4122 = SURFACE_STYLE_USAGE ( .BOTH. , #1248 ) ;
#4123 = FILL_AREA_STYLE ('',( #3584 ) ) ;
#4124 = CARTESIAN_POINT ( 'NONE',  ( 0.3528747126613135943, -0.5008147772515417762, 0.000000000000000000 ) ) ;
#4125 = SURFACE_SIDE_STYLE ('',( #1890 ) ) ;
#4126 = SURFACE_SIDE_STYLE ('',( #4670 ) ) ;
#4127 = MECHANICAL_DESIGN_GEOMETRIC_PRESENTATION_REPRESENTATION (  '', ( #6214 ), #1547 ) ;
#4128 = EDGE_CURVE ( 'NONE', #5734, #6816, #1584, .T. ) ;
#4129 = CARTESIAN_POINT ( 'NONE',  ( 0.3746780523864015611, -0.5764276477545544619, 0.001000000000000000021 ) ) ;
#4130 = VERTEX_POINT ( 'NONE', #3135 ) ;
#4131 = SURFACE_STYLE_USAGE ( .BOTH. , #3029 ) ;
#4132 = SURFACE_STYLE_FILL_AREA ( #6963 ) ;
#4133 = DIRECTION ( 'NONE',  ( 1.445602896647339163E-16, -1.000000000000000000, 0.000000000000000000 ) ) ;
#4134 = PRESENTATION_STYLE_ASSIGNMENT (( #1412 ) ) ;
#4135 = DIRECTION ( 'NONE',  ( 1.000000000000000000, 0.000000000000000000, -0.000000000000000000 ) ) ;
#4136 = EDGE_CURVE ( 'NONE', #4379, #1833, #6564, .T. ) ;
#4137 = ORIENTED_EDGE ( 'NONE', *, *, #1280, .F. ) ;
#4138 = MECHANICAL_DESIGN_GEOMETRIC_PRESENTATION_REPRESENTATION (  '', ( #971 ), #3080 ) ;
#4139 = EDGE_CURVE ( 'NONE', #1981, #4749, #6433, .T. ) ;
#4140 = AXIS2_PLACEMENT_3D ( 'NONE', #3886, #1104, #6149 ) ;
#4141 = VERTEX_POINT ( 'NONE', #968 ) ;
#4142 = FACE_OUTER_BOUND ( 'NONE', #3934, .T. ) ;
#4143 = DIRECTION ( 'NONE',  ( 0.3393303772748790248, 0.9406672605435399959, 0.000000000000000000 ) ) ;
#4144 = ORIENTED_EDGE ( 'NONE', *, *, #4558, .T. ) ;
#4145 = STYLED_ITEM ( 'NONE', ( #6300 ), #513 ) ;
#4146 = SURFACE_STYLE_USAGE ( .BOTH. , #265 ) ;
#4147 = UNCERTAINTY_MEASURE_WITH_UNIT (LENGTH_MEASURE( 1.000000000000000082E-05 ), #1643, 'distance_accuracy_value', 'NONE');
#4148 = ORIENTED_EDGE ( 'NONE', *, *, #4883, .T. ) ;
#4149 = UNCERTAINTY_MEASURE_WITH_UNIT (LENGTH_MEASURE( 1.000000000000000082E-05 ), #5641, 'distance_accuracy_value', 'NONE');
#4150 =( NAMED_UNIT ( * ) SI_UNIT ( $, .STERADIAN. ) SOLID_ANGLE_UNIT ( ) );
#4151 = CARTESIAN_POINT ( 'NONE',  ( 0.4053628305292275580, -0.5131820706653680286, 0.000000000000000000 ) ) ;
#4152 = CARTESIAN_POINT ( 'NONE',  ( 0.4843650151746846100, -0.4861995993702720176, 0.001000000000000000021 ) ) ;
#4153 =( NAMED_UNIT ( * ) SI_UNIT ( $, .STERADIAN. ) SOLID_ANGLE_UNIT ( ) );
#4154 = EDGE_LOOP ( 'NONE', ( #1989, #401, #2241, #2957, #34, #5072 ) ) ;
#4155 = CARTESIAN_POINT ( 'NONE',  ( 0.4843650151746846100, -0.4861995993702720176, 0.001000000000000000021 ) ) ;
#4156 = DIRECTION ( 'NONE',  ( -0.000000000000000000, 0.000000000000000000, 1.000000000000000000 ) ) ;
#4157 = CARTESIAN_POINT ( 'NONE',  ( 0.1455502285893186809, -0.5581508188824672034, 0.001000000000000000021 ) ) ;
#4158 = ORIENTED_EDGE ( 'NONE', *, *, #5420, .F. ) ;
#4159 =( LENGTH_UNIT ( ) NAMED_UNIT ( * ) SI_UNIT ( .MILLI., .METRE. ) );
#4160 = LINE ( 'NONE', #4856, #5490 ) ;
#4161 = SURFACE_STYLE_USAGE ( .BOTH. , #1934 ) ;
#4162 = ORIENTED_EDGE ( 'NONE', *, *, #6305, .F. ) ;
#4163 =( GEOMETRIC_REPRESENTATION_CONTEXT ( 3 ) GLOBAL_UNCERTAINTY_ASSIGNED_CONTEXT ( ( #2476 ) ) GLOBAL_UNIT_ASSIGNED_CONTEXT ( ( #1538, #5576, #1107 ) ) REPRESENTATION_CONTEXT ( 'NONE', 'WORKASPACE' ) );
#4164 = SURFACE_STYLE_FILL_AREA ( #7083 ) ;
#4165 = EDGE_CURVE ( 'NONE', #1384, #1510, #1560, .T. ) ;
#4166 = VECTOR ( 'NONE', #825, 1000.000000000000000 ) ;
#4167 = VERTEX_POINT ( 'NONE', #4234 ) ;
#4168 = SURFACE_STYLE_USAGE ( .BOTH. , #6428 ) ;
#4169 = ORIENTED_EDGE ( 'NONE', *, *, #4084, .F. ) ;
#4170 = DIRECTION ( 'NONE',  ( -0.3363908276654493101, 0.9417224702971433992, 0.000000000000000000 ) ) ;
#4171 = EDGE_LOOP ( 'NONE', ( #3799, #4574, #5008, #6503 ) ) ;
#4172 = PLANE ( 'NONE',  #3014 ) ;
#4173 = FILL_AREA_STYLE ('',( #2034 ) ) ;
#4174 = AXIS2_PLACEMENT_3D ( 'NONE', #7160, #6061, #6131 ) ;
#4175 = LINE ( 'NONE', #2505, #5712 ) ;
#4176 = CARTESIAN_POINT ( 'NONE',  ( 0.3750000000000000000, 0.7600000000000002309, 0.1000000000000000056 ) ) ;
#4177 = PRESENTATION_LAYER_ASSIGNMENT (  '', '', ( #6380 ) ) ;
#4178 = ORIENTED_EDGE ( 'NONE', *, *, #6341, .T. ) ;
#4179 = VECTOR ( 'NONE', #2489, 1000.000000000000000 ) ;
#4180 = VERTEX_POINT ( 'NONE', #1003 ) ;
#4181 = CARTESIAN_POINT ( 'NONE',  ( 0.1910546728069712485, -0.5264003234185783420, 0.000000000000000000 ) ) ;
#4182 = CARTESIAN_POINT ( 'NONE',  ( 0.4086612983437096225, -0.5202569516974697716, 0.001000000000000000021 ) ) ;
#4183 = FILL_AREA_STYLE ('',( #1960 ) ) ;
#4184 = DIRECTION ( 'NONE',  ( 1.000000000000000000, 0.000000000000000000, 0.000000000000000000 ) ) ;
#4185 = DIRECTION ( 'NONE',  ( -0.000000000000000000, -0.000000000000000000, -1.000000000000000000 ) ) ;
#4186 = VECTOR ( 'NONE', #6335, 999.9999999999998863 ) ;
#4187 = CARTESIAN_POINT ( 'NONE',  ( 0.4053628305292275580, -0.5131820706653680286, 0.001000000000000000021 ) ) ;
#4188 = DIRECTION ( 'NONE',  ( 1.000000000000000000, 0.000000000000000000, 0.000000000000000000 ) ) ;
#4189 = VECTOR ( 'NONE', #6998, 1000.000000000000000 ) ;
#4190 = PLANE ( 'NONE',  #6027 ) ;
#4191 = ORIENTED_EDGE ( 'NONE', *, *, #582, .T. ) ;
#4192 = VECTOR ( 'NONE', #3551, 1000.000000000000000 ) ;
#4193 = EDGE_CURVE ( 'NONE', #5432, #1348, #6460, .T. ) ;
#4194 = CARTESIAN_POINT ( 'NONE',  ( -0.1250000000000000000, -0.07999999999999977962, -0.01000000000000000021 ) ) ;
#4195 = CARTESIAN_POINT ( 'NONE',  ( 0.3725887620391317712, -0.4849884216187109742, 0.001000000000000000021 ) ) ;
#4196 = DIRECTION ( 'NONE',  ( 0.000000000000000000, 0.000000000000000000, -1.000000000000000000 ) ) ;
#4197 = SURFACE_SIDE_STYLE ('',( #3134 ) ) ;
#4198 = LINE ( 'NONE', #5732, #3692 ) ;
#4199 =( GEOMETRIC_REPRESENTATION_CONTEXT ( 3 ) GLOBAL_UNCERTAINTY_ASSIGNED_CONTEXT ( ( #1353 ) ) GLOBAL_UNIT_ASSIGNED_CONTEXT ( ( #6881, #5826, #5756 ) ) REPRESENTATION_CONTEXT ( 'NONE', 'WORKASPACE' ) );
#4200 = ORIENTED_EDGE ( 'NONE', *, *, #6501, .T. ) ;
#4201 = COLOUR_RGB ( '',1.000000000000000000, 1.000000000000000000, 1.000000000000000000 ) ;
#4202 = CARTESIAN_POINT ( 'NONE',  ( 0.3559157336931340621, -0.5728750904011101763, 0.000000000000000000 ) ) ;
#4203 = ORIENTED_EDGE ( 'NONE', *, *, #3484, .T. ) ;
#4204 = ORIENTED_EDGE ( 'NONE', *, *, #6558, .F. ) ;
#4205 = DIRECTION ( 'NONE',  ( 0.000000000000000000, 0.000000000000000000, -1.000000000000000000 ) ) ;
#4206 = CARTESIAN_POINT ( 'NONE',  ( 0.000000000000000000, 0.000000000000000000, 0.001000000000000000021 ) ) ;
#4207 = PLANE ( 'NONE',  #5237 ) ;
#4208 = CARTESIAN_POINT ( 'NONE',  ( 0.3901804090712877593, -0.5738632129802957449, 0.000000000000000000 ) ) ;
#4209 = CARTESIAN_POINT ( 'NONE',  ( 0.3777339176137089471, -0.5874191115653940587, 0.001000000000000000021 ) ) ;
#4210 = COLOUR_RGB ( '',0.000000000000000000, 0.000000000000000000, 0.000000000000000000 ) ;
#4211 = CARTESIAN_POINT ( 'NONE',  ( 0.6600000000000001421, 0.004999999999999159631, 0.1000000000000000056 ) ) ;
#4212 = CARTESIAN_POINT ( 'NONE',  ( 0.1770878587933302772, -0.5331292807619542051, 0.001000000000000000021 ) ) ;
#4213 = ORIENTED_EDGE ( 'NONE', *, *, #5988, .T. ) ;
#4214 = DIRECTION ( 'NONE',  ( -0.000000000000000000, 0.000000000000000000, 1.000000000000000000 ) ) ;
#4215 =( NAMED_UNIT ( * ) SI_UNIT ( $, .STERADIAN. ) SOLID_ANGLE_UNIT ( ) );
#4216 = EDGE_CURVE ( 'NONE', #5171, #5097, #5439, .T. ) ;
#4217 = UNCERTAINTY_MEASURE_WITH_UNIT (LENGTH_MEASURE( 1.000000000000000082E-05 ), #5381, 'distance_accuracy_value', 'NONE');
#4218 = ORIENTED_EDGE ( 'NONE', *, *, #2694, .T. ) ;
#4219 = CARTESIAN_POINT ( 'NONE',  ( 0.2251700919548385582, -0.4972616827091995151, 0.001000000000000000021 ) ) ;
#4220 =( LENGTH_UNIT ( ) NAMED_UNIT ( * ) SI_UNIT ( .MILLI., .METRE. ) );
#4221 = STYLED_ITEM ( 'NONE', ( #5026 ), #4228 ) ;
#4222 = DIRECTION ( 'NONE',  ( -0.000000000000000000, 0.000000000000000000, -1.000000000000000000 ) ) ;
#4223 = SURFACE_STYLE_FILL_AREA ( #814 ) ;
#4224 = ORIENTED_EDGE ( 'NONE', *, *, #2519, .F. ) ;
#4225 = SURFACE_SIDE_STYLE ('',( #5467 ) ) ;
#4226 = LINE ( 'NONE', #6925, #3185 ) ;
#4227 = VECTOR ( 'NONE', #1666, 1000.000000000000000 ) ;
#4228 = ADVANCED_FACE ( 'NONE', ( #4338 ), #2059, .F. ) ;
#4229 = DIRECTION ( 'NONE',  ( 0.000000000000000000, -1.000000000000000000, -0.000000000000000000 ) ) ;
#4230 = CARTESIAN_POINT ( 'NONE',  ( 0.09412111273566012293, -0.5861995993702721064, 0.000000000000000000 ) ) ;
#4231 = CARTESIAN_POINT ( 'NONE',  ( 0.3552049067664026505, -0.4871797993888946632, 0.000000000000000000 ) ) ;
#4232 = CARTESIAN_POINT ( 'NONE',  ( 0.7800000000000000266, 0.5049999999999998934, 0.000000000000000000 ) ) ;
#4233 =( LENGTH_UNIT ( ) NAMED_UNIT ( * ) SI_UNIT ( .MILLI., .METRE. ) );
#4234 = CARTESIAN_POINT ( 'NONE',  ( 1.000000000000000000, -0.3750000000000001110, 0.000000000000000000 ) ) ;
#4235 = ORIENTED_EDGE ( 'NONE', *, *, #1893, .F. ) ;
#4236 = SURFACE_STYLE_FILL_AREA ( #6496 ) ;
#4237 = AXIS2_PLACEMENT_3D ( 'NONE', #3475, #16, #5542 ) ;
#4238 = CARTESIAN_POINT ( 'NONE',  ( -0.1250000000000000000, 0.7600000000000002309, 0.1000000000000000056 ) ) ;
#4239 = EDGE_CURVE ( 'NONE', #2885, #3645, #6740, .T. ) ;
#4240 = EDGE_CURVE ( 'NONE', #1238, #5630, #560, .T. ) ;
#4241 = CARTESIAN_POINT ( 'NONE',  ( 0.1827688085821395636, -0.5105890614055188514, 0.000000000000000000 ) ) ;
#4242 = ORIENTED_EDGE ( 'NONE', *, *, #898, .F. ) ;
#4244 = ORIENTED_EDGE ( 'NONE', *, *, #1659, .F. ) ;
#4243 = VECTOR ( 'NONE', #6876, 1000.000000000000000 ) ;
#4245 = CARTESIAN_POINT ( 'NONE',  ( 0.6600000000000001421, -0.4950000000000008837, -0.01000000000000000021 ) ) ;
#4246 = CARTESIAN_POINT ( 'NONE',  ( 0.4111665014823547848, -0.5387287931105809724, 0.000000000000000000 ) ) ;
#4247 = PRESENTATION_LAYER_ASSIGNMENT (  '', '', ( #3314 ) ) ;
#4248 =( NAMED_UNIT ( * ) PLANE_ANGLE_UNIT ( ) SI_UNIT ( $, .RADIAN. ) );
#4249 = FACE_OUTER_BOUND ( 'NONE', #4154, .T. ) ;
#4250 = ORIENTED_EDGE ( 'NONE', *, *, #3505, .T. ) ;
#4251 = EDGE_CURVE ( 'NONE', #4637, #4960, #633, .T. ) ;
#4252 = CARTESIAN_POINT ( 'NONE',  ( 0.2293154724917577103, -0.4861995993702720176, 0.001000000000000000021 ) ) ;
#4253 = AXIS2_PLACEMENT_3D ( 'NONE', #2492, #855, #6374 ) ;
#4254 = ORIENTED_EDGE ( 'NONE', *, *, #4251, .F. ) ;
#4255 =( NAMED_UNIT ( * ) PLANE_ANGLE_UNIT ( ) SI_UNIT ( $, .RADIAN. ) );
#4256 = CARTESIAN_POINT ( 'NONE',  ( 0.3172918444429772555, -0.5410776481507598712, 0.001000000000000000021 ) ) ;
#4257 =( LENGTH_UNIT ( ) NAMED_UNIT ( * ) SI_UNIT ( .MILLI., .METRE. ) );
#4258 = CARTESIAN_POINT ( 'NONE',  ( 0.4049996726976652917, -0.5798895679841798989, 0.000000000000000000 ) ) ;
#4259 = EDGE_CURVE ( 'NONE', #6139, #1646, #4954, .T. ) ;
#4260 = SURFACE_SIDE_STYLE ('',( #3164 ) ) ;
#4261 = FACE_OUTER_BOUND ( 'NONE', #4714, .T. ) ;
#4262 = CARTESIAN_POINT ( 'NONE',  ( 0.3737514481015138945, -0.4849800871751501208, 0.001000000000000000021 ) ) ;
#4263 = UNCERTAINTY_MEASURE_WITH_UNIT (LENGTH_MEASURE( 1.000000000000000082E-05 ), #1470, 'distance_accuracy_value', 'NONE');
#4264 = UNCERTAINTY_MEASURE_WITH_UNIT (LENGTH_MEASURE( 1.000000000000000082E-05 ), #242, 'distance_accuracy_value', 'NONE');
#4265 =( LENGTH_UNIT ( ) NAMED_UNIT ( * ) SI_UNIT ( .MILLI., .METRE. ) );
#4266 = CARTESIAN_POINT ( 'NONE',  ( 0.3502186737112700232, -0.4889435018092966323, 0.000000000000000000 ) ) ;
#4267 = CARTESIAN_POINT ( 'NONE',  ( 0.2441211127356601451, -0.5752239896141745357, 0.001000000000000000021 ) ) ;
#4268 =( NAMED_UNIT ( * ) PLANE_ANGLE_UNIT ( ) SI_UNIT ( $, .RADIAN. ) );
#4269 = CARTESIAN_POINT ( 'NONE',  ( 0.3989611749466454027, -0.5683740441768257989, 0.001000000000000000021 ) ) ;
#4270 = DIRECTION ( 'NONE',  ( 1.000000000000000000, 0.000000000000000000, 0.000000000000000000 ) ) ;
#4271 = DIRECTION ( 'NONE',  ( -0.000000000000000000, -0.000000000000000000, -1.000000000000000000 ) ) ;
#4272 = ORIENTED_EDGE ( 'NONE', *, *, #4136, .T. ) ;
#4273 = CARTESIAN_POINT ( 'NONE',  ( 0.3777339176137089471, -0.5874191115653940587, 0.001000000000000000021 ) ) ;
#4274 = ORIENTED_EDGE ( 'NONE', *, *, #2420, .F. ) ;
#4275 = SURFACE_STYLE_USAGE ( .BOTH. , #6804 ) ;
#4276 = EDGE_LOOP ( 'NONE', ( #1383, #6802, #5039, #6212 ) ) ;
#4277 = CARTESIAN_POINT ( 'NONE',  ( 0.1272575456624893964, -0.5054069164434428219, 0.000000000000000000 ) ) ;
#4278 = MECHANICAL_DESIGN_GEOMETRIC_PRESENTATION_REPRESENTATION (  '', ( #2875 ), #4624 ) ;
#4279 = STYLED_ITEM ( 'NONE', ( #145 ), #5850 ) ;
#4280 = CARTESIAN_POINT ( 'NONE',  ( 0.4037757197618213612, -0.5631421430411219786, 0.001000000000000000021 ) ) ;
#4281 = LINE ( 'NONE', #3221, #5007 ) ;
#4282 = DIRECTION ( 'NONE',  ( 1.000000000000000000, 0.000000000000000000, 0.000000000000000000 ) ) ;
#4283 = B_SPLINE_CURVE_WITH_KNOTS ( 'NONE', 3,
 ( #2130, #6535, #4339, #4308, #6640, #3322, #3852, #4859, #1491, #2162, #4269, #1529, #970, #4403, #1626, #7174, #3752, #1561, #3889 ),
 .UNSPECIFIED., .F., .F.,
 ( 4, 1, 1, 1, 1, 1, 1, 1, 1, 1, 1, 1, 1, 1, 1, 1, 4 ),
 ( 0.000000000000000000, 0.07377411937406358478, 0.1440791147260405969, 0.2113485183089111874, 0.2760768857398832599, 0.3385209158196763601, 0.3998851166931334244, 0.4602540674652133568, 0.5205889643912482434, 0.5802076845630447233, 0.6386329085525460636, 0.6963645494905235100, 0.7540017746600126136, 0.8128056813744971576, 0.8727544255255602623, 0.9351819969782664277, 1.000000000000000000 ),
 .UNSPECIFIED. ) ;
#4284 = CARTESIAN_POINT ( 'NONE',  ( 0.1806727861530306734, -0.5149192151908491555, 0.001000000000000000021 ) ) ;
#4285 = VECTOR ( 'NONE', #3945, 1000.000000000000000 ) ;
#4286 = MECHANICAL_DESIGN_GEOMETRIC_PRESENTATION_REPRESENTATION (  '', ( #4393 ), #6264 ) ;
#4287 = ORIENTED_EDGE ( 'NONE', *, *, #3250, .F. ) ;
#4288 = PLANE ( 'NONE',  #6125 ) ;
#4289 = STYLED_ITEM ( 'NONE', ( #3373 ), #1979 ) ;
#4290 = CARTESIAN_POINT ( 'NONE',  ( 0.3172918444429772555, -0.4971752091263696438, 0.001000000000000000021 ) ) ;
#4291 =( GEOMETRIC_REPRESENTATION_CONTEXT ( 3 ) GLOBAL_UNCERTAINTY_ASSIGNED_CONTEXT ( ( #4730 ) ) GLOBAL_UNIT_ASSIGNED_CONTEXT ( ( #3419, #68, #2788 ) ) REPRESENTATION_CONTEXT ( 'NONE', 'WORKASPACE' ) );
#4292 =( GEOMETRIC_REPRESENTATION_CONTEXT ( 3 ) GLOBAL_UNCERTAINTY_ASSIGNED_CONTEXT ( ( #6453 ) ) GLOBAL_UNIT_ASSIGNED_CONTEXT ( ( #4876, #339, #914 ) ) REPRESENTATION_CONTEXT ( 'NONE', 'WORKASPACE' ) );
#4293 = SURFACE_STYLE_FILL_AREA ( #6404 ) ;
#4294 = DIRECTION ( 'NONE',  ( 0.000000000000000000, -1.000000000000000000, 0.000000000000000000 ) ) ;
#4295 = VECTOR ( 'NONE', #6567, 1000.000000000000000 ) ;
#4296 = ADVANCED_FACE ( 'NONE', ( #5610, #4986, #1183, #7173, #2805, #4556 ), #6115, .F. ) ;
#4297 = LINE ( 'NONE', #1024, #1855 ) ;
#4298 = CARTESIAN_POINT ( 'NONE',  ( 0.3925154570999159209, -0.5856045762247794606, 0.000000000000000000 ) ) ;
#4299 = CARTESIAN_POINT ( 'NONE',  ( -0.6599999999999999201, 0.004999999999999889949, -0.01000000000000000021 ) ) ;
#4300 = DIRECTION ( 'NONE',  ( -0.000000000000000000, 0.000000000000000000, -1.000000000000000000 ) ) ;
#4301 = VECTOR ( 'NONE', #2440, 1000.000000000000000 ) ;
#4302 = MECHANICAL_DESIGN_GEOMETRIC_PRESENTATION_REPRESENTATION (  '', ( #3248 ), #5814 ) ;
#4303 = CARTESIAN_POINT ( 'NONE',  ( 0.3842946468234111346, -0.4858093401534626099, 0.001000000000000000021 ) ) ;
#4304 = CARTESIAN_POINT ( 'NONE',  ( 0.4331455029795626133, -0.5861995993702721064, 0.001000000000000000021 ) ) ;
#4305 =( GEOMETRIC_REPRESENTATION_CONTEXT ( 3 ) GLOBAL_UNCERTAINTY_ASSIGNED_CONTEXT ( ( #3427 ) ) GLOBAL_UNIT_ASSIGNED_CONTEXT ( ( #4427, #4973, #6025 ) ) REPRESENTATION_CONTEXT ( 'NONE', 'WORKASPACE' ) );
#4306 = DIRECTION ( 'NONE',  ( 0.000000000000000000, -1.000000000000000000, 0.000000000000000000 ) ) ;
#4307 = CARTESIAN_POINT ( 'NONE',  ( 0.2770479420039528295, -0.5861995993702721064, 0.000000000000000000 ) ) ;
#4308 = CARTESIAN_POINT ( 'NONE',  ( 0.4106460852587017762, -0.5457520478822367460, 0.001000000000000000021 ) ) ;
#4309 = CARTESIAN_POINT ( 'NONE',  ( 0.1770479420039528240, -0.5349419774190524723, 0.000000000000000000 ) ) ;
#4310 = DIRECTION ( 'NONE',  ( 1.000000000000000000, 0.000000000000000000, 0.000000000000000000 ) ) ;
#4311 = VECTOR ( 'NONE', #1387, 1000.000000000000000 ) ;
#4312 = ORIENTED_EDGE ( 'NONE', *, *, #5645, .F. ) ;
#4313 = SURFACE_STYLE_FILL_AREA ( #1501 ) ;
#4314 = DIRECTION ( 'NONE',  ( -0.000000000000000000, -0.000000000000000000, -1.000000000000000000 ) ) ;
#4315 = ORIENTED_EDGE ( 'NONE', *, *, #6401, .T. ) ;
#4316 = COLOUR_RGB ( '',0.000000000000000000, 0.000000000000000000, 0.000000000000000000 ) ;
#4317 = UNCERTAINTY_MEASURE_WITH_UNIT (LENGTH_MEASURE( 1.000000000000000082E-05 ), #233, 'distance_accuracy_value', 'NONE');
#4318 = ADVANCED_FACE ( 'NONE', ( #6195 ), #6781, .T. ) ;
#4319 = DIRECTION ( 'NONE',  ( 1.000000000000000000, 0.000000000000000000, 0.000000000000000000 ) ) ;
#4320 = ORIENTED_EDGE ( 'NONE', *, *, #4165, .F. ) ;
#4321 = SURFACE_SIDE_STYLE ('',( #334 ) ) ;
#4322 = ORIENTED_EDGE ( 'NONE', *, *, #6808, .T. ) ;
#4323 = CARTESIAN_POINT ( 'NONE',  ( 0.2794869663941967897, -0.4971752091263696438, 0.001000000000000000021 ) ) ;
#4324 = VERTEX_POINT ( 'NONE', #6922 ) ;
#4325 = CARTESIAN_POINT ( 'NONE',  ( 0.1986197152704076707, -0.5092025927099153026, 0.001000000000000000021 ) ) ;
#4326 = EDGE_CURVE ( 'NONE', #167, #3830, #5204, .T. ) ;
#4327 =( NAMED_UNIT ( * ) PLANE_ANGLE_UNIT ( ) SI_UNIT ( $, .RADIAN. ) );
#4328 = CARTESIAN_POINT ( 'NONE',  ( 0.4085917715648227921, -0.5770921134461473034, 0.000000000000000000 ) ) ;
#4329 = LINE ( 'NONE', #4389, #3321 ) ;
#4330 = FACE_OUTER_BOUND ( 'NONE', #1097, .T. ) ;
#4331 = DIRECTION ( 'NONE',  ( -1.000000000000000000, 0.000000000000000000, -0.000000000000000000 ) ) ;
#4332 = DIRECTION ( 'NONE',  ( 0.000000000000000000, 0.000000000000000000, 1.000000000000000000 ) ) ;
#4333 = VECTOR ( 'NONE', #1322, 1000.000000000000000 ) ;
#4334 = DIRECTION ( 'NONE',  ( 0.000000000000000000, 0.000000000000000000, -1.000000000000000000 ) ) ;
#4335 = CARTESIAN_POINT ( 'NONE',  ( 0.4226909316292755681, -0.5214857506460300884, 0.001000000000000000021 ) ) ;
#4336 = DIRECTION ( 'NONE',  ( -1.000000000000000000, -0.000000000000000000, -0.000000000000000000 ) ) ;
#4337 = SURFACE_STYLE_FILL_AREA ( #5024 ) ;
#4338 = FACE_OUTER_BOUND ( 'NONE', #1593, .T. ) ;
#4339 = CARTESIAN_POINT ( 'NONE',  ( 0.4111122439210322943, -0.5415842800899547393, 0.001000000000000000021 ) ) ;
#4340 = STYLED_ITEM ( 'NONE', ( #6890 ), #2335 ) ;
#4341 = EDGE_CURVE ( 'NONE', #376, #150, #2952, .T. ) ;
#4342 = CARTESIAN_POINT ( 'NONE',  ( 0.1827667265525063645, -0.5604326261197909442, 0.000000000000000000 ) ) ;
#4343 = CARTESIAN_POINT ( 'NONE',  ( 0.6600000000000000311, 0.000000000000000000, 0.000000000000000000 ) ) ;
#4344 = VECTOR ( 'NONE', #2884, 1000.000000000000000 ) ;
#4345 = CARTESIAN_POINT ( 'NONE',  ( 0.2303444359063918645, -0.5861995993702721064, 0.000000000000000000 ) ) ;
#4346 = ORIENTED_EDGE ( 'NONE', *, *, #5858, .T. ) ;
#4347 = SURFACE_STYLE_USAGE ( .BOTH. , #2712 ) ;
#4348 = EDGE_CURVE ( 'NONE', #3460, #5239, #4690, .T. ) ;
#4349 = VERTEX_POINT ( 'NONE', #5274 ) ;
#4350 = LINE ( 'NONE', #435, #6739 ) ;
#4351 = STYLED_ITEM ( 'NONE', ( #5440 ), #2809 ) ;
#4352 = CARTESIAN_POINT ( 'NONE',  ( 0.9999999999999997780, 0.1249999999999998890, 0.9799999999999999822 ) ) ;
#4353 = ORIENTED_EDGE ( 'NONE', *, *, #3064, .T. ) ;
#4354 = DIRECTION ( 'NONE',  ( 0.000000000000000000, 0.000000000000000000, 1.000000000000000000 ) ) ;
#4355 = EDGE_CURVE ( 'NONE', #577, #3190, #6302, .T. ) ;
#4356 = CARTESIAN_POINT ( 'NONE',  ( 0.3698600106895326145, -0.5870549659094935757, 0.001000000000000000021 ) ) ;
#4357 = COLOUR_RGB ( '',1.000000000000000000, 1.000000000000000000, 1.000000000000000000 ) ;
#4358 = ORIENTED_EDGE ( 'NONE', *, *, #3908, .T. ) ;
#4359 = CARTESIAN_POINT ( 'NONE',  ( 0.4244801290382034797, -0.5323328460292630071, 0.001000000000000000021 ) ) ;
#4360 = EDGE_CURVE ( 'NONE', #5993, #2381, #6884, .T. ) ;
#4361 = CARTESIAN_POINT ( 'NONE',  ( 0.3172918444429772555, -0.5410776481507598712, 0.001000000000000000021 ) ) ;
#4362 = STYLED_ITEM ( 'NONE', ( #7138 ), #3729 ) ;
#4363 = CARTESIAN_POINT ( 'NONE',  ( 0.1250000000000000000, 0.7600000000000002309, 0.1000000000000000056 ) ) ;
#4364 =( LENGTH_UNIT ( ) NAMED_UNIT ( * ) SI_UNIT ( .MILLI., .METRE. ) );
#4365 = DIRECTION ( 'NONE',  ( 1.445602896647339163E-16, -1.000000000000000000, 0.000000000000000000 ) ) ;
#4366 = FACE_OUTER_BOUND ( 'NONE', #2778, .T. ) ;
#4367 = VECTOR ( 'NONE', #4453, 1000.000000000000000 ) ;
#4368 = PRESENTATION_STYLE_ASSIGNMENT (( #4812 ) ) ;
#4369 =( NAMED_UNIT ( * ) SI_UNIT ( $, .STERADIAN. ) SOLID_ANGLE_UNIT ( ) );
#4370 = PRESENTATION_STYLE_ASSIGNMENT (( #3845 ) ) ;
#4371 = CARTESIAN_POINT ( 'NONE',  ( 0.4066147196533461128, -0.4961072993994339320, 0.000000000000000000 ) ) ;
#4372 = SURFACE_SIDE_STYLE ('',( #4337 ) ) ;
#4373 = EDGE_CURVE ( 'NONE', #4723, #5648, #815, .T. ) ;
#4374 = PRESENTATION_STYLE_ASSIGNMENT (( #3175 ) ) ;
#4375 = FILL_AREA_STYLE_COLOUR ( '', #1124 ) ;
#4376 = ORIENTED_EDGE ( 'NONE', *, *, #5310, .F. ) ;
#4377 = EDGE_LOOP ( 'NONE', ( #2286, #3820, #3028, #2362, #4696, #2457, #6629, #5719, #1071, #4460, #5280, #1540 ) ) ;
#4378 = CARTESIAN_POINT ( 'NONE',  ( 0.1421775151746845489, -0.5471752091263696327, 0.000000000000000000 ) ) ;
#4379 = VERTEX_POINT ( 'NONE', #1889 ) ;
#4380 =( LENGTH_UNIT ( ) NAMED_UNIT ( * ) SI_UNIT ( .MILLI., .METRE. ) );
#4381 =( NAMED_UNIT ( * ) PLANE_ANGLE_UNIT ( ) SI_UNIT ( $, .RADIAN. ) );
#4382 = VERTEX_POINT ( 'NONE', #1926 ) ;
#4383 = SURFACE_STYLE_FILL_AREA ( #2210 ) ;
#4384 = AXIS2_PLACEMENT_3D ( 'NONE', #3762, #4205, #4789 ) ;
#4385 = CARTESIAN_POINT ( 'NONE',  ( -0.2449999999999999956, 0.5300000000000002487, -0.01000000000000000021 ) ) ;
#4386 = PRESENTATION_LAYER_ASSIGNMENT (  '', '', ( #3229 ) ) ;
#4387 = CARTESIAN_POINT ( 'NONE',  ( 0.2449999999999999956, -0.2199999999999998068, 0.1000000000000000056 ) ) ;
#4388 = LINE ( 'NONE', #4467, #1083 ) ;
#4389 = CARTESIAN_POINT ( 'NONE',  ( -0.3750000000000000000, -0.07999999999999977962, 0.1000000000000000056 ) ) ;
#4390 = CARTESIAN_POINT ( 'NONE',  ( 0.1929896314649083844, -0.5520447942737197744, 0.001000000000000000021 ) ) ;
#4391 = DIRECTION ( 'NONE',  ( 1.000000000000000000, 0.000000000000000000, 0.000000000000000000 ) ) ;
#4392 = PRESENTATION_LAYER_ASSIGNMENT (  '', '', ( #6377 ) ) ;
#4393 = STYLED_ITEM ( 'NONE', ( #4885 ), #4499 ) ;
#4394 = STYLED_ITEM ( 'NONE', ( #7066 ), #538 ) ;
#4395 = SURFACE_STYLE_USAGE ( .BOTH. , #2186 ) ;
#4396 = CARTESIAN_POINT ( 'NONE',  ( 0.3852342661840178484, -0.4974422447642035672, 0.001000000000000000021 ) ) ;
#4397 = FILL_AREA_STYLE ('',( #5500 ) ) ;
#4398 = FACE_OUTER_BOUND ( 'NONE', #2280, .T. ) ;
#4399 = STYLED_ITEM ( 'NONE', ( #476 ), #5841 ) ;
#4400 = CARTESIAN_POINT ( 'NONE',  ( 0.4210999631953447619, -0.5165026613780857589, 0.000000000000000000 ) ) ;
#4401 = ORIENTED_EDGE ( 'NONE', *, *, #3622, .T. ) ;
#4402 = CARTESIAN_POINT ( 'NONE',  ( -1.010000000000000231, -0.3750000000000001110, 0.1000000000000000056 ) ) ;
#4403 = CARTESIAN_POINT ( 'NONE',  ( 0.3901804090712877593, -0.5738632129802957449, 0.001000000000000000021 ) ) ;
#4404 = UNCERTAINTY_MEASURE_WITH_UNIT (LENGTH_MEASURE( 1.000000000000000082E-05 ), #2299, 'distance_accuracy_value', 'NONE');
#4405 = EDGE_CURVE ( 'NONE', #3611, #6693, #2151, .T. ) ;
#4406 = CARTESIAN_POINT ( 'NONE',  ( 0.2246789528608645614, -0.5860970960398411700, 0.000000000000000000 ) ) ;
#4407 = LINE ( 'NONE', #2685, #3881 ) ;
#4408 = ORIENTED_EDGE ( 'NONE', *, *, #745, .T. ) ;
#4409 = LINE ( 'NONE', #6648, #3924 ) ;
#4410 = ORIENTED_EDGE ( 'NONE', *, *, #1192, .F. ) ;
#4411 = DIRECTION ( 'NONE',  ( 0.000000000000000000, -1.000000000000000000, 0.000000000000000000 ) ) ;
#4412 = VECTOR ( 'NONE', #7027, 1000.000000000000000 ) ;
#4413 = FILL_AREA_STYLE ('',( #7185 ) ) ;
#4414 = ORIENTED_EDGE ( 'NONE', *, *, #751, .T. ) ;
#4415 = FILL_AREA_STYLE ('',( #2075 ) ) ;
#4416 = FACE_OUTER_BOUND ( 'NONE', #5186, .T. ) ;
#4417 = VECTOR ( 'NONE', #6065, 1000.000000000000000 ) ;
#4418 = FILL_AREA_STYLE ('',( #1645 ) ) ;
#4419 = STYLED_ITEM ( 'NONE', ( #5383 ), #1755 ) ;
#4420 = ORIENTED_EDGE ( 'NONE', *, *, #5067, .F. ) ;
#4421 = ORIENTED_EDGE ( 'NONE', *, *, #3275, .T. ) ;
#4422 =( LENGTH_UNIT ( ) NAMED_UNIT ( * ) SI_UNIT ( .MILLI., .METRE. ) );
#4423 = CARTESIAN_POINT ( 'NONE',  ( 0.4709503810283431346, -0.5752239896141745357, 0.001000000000000000021 ) ) ;
#4424 = VECTOR ( 'NONE', #3902, 1000.000000000000000 ) ;
#4425 = PRESENTATION_LAYER_ASSIGNMENT (  '', '', ( #1386 ) ) ;
#4426 = MECHANICAL_DESIGN_GEOMETRIC_PRESENTATION_REPRESENTATION (  '', ( #3524 ), #6295 ) ;
#4427 =( LENGTH_UNIT ( ) NAMED_UNIT ( * ) SI_UNIT ( .MILLI., .METRE. ) );
#4428 = CARTESIAN_POINT ( 'NONE',  ( -0.2449999999999999956, 0.5300000000000002487, -0.01000000000000000021 ) ) ;
#4429 = MECHANICAL_DESIGN_GEOMETRIC_PRESENTATION_REPRESENTATION (  '', ( #6421 ), #7119 ) ;
#4430 =( NAMED_UNIT ( * ) PLANE_ANGLE_UNIT ( ) SI_UNIT ( $, .RADIAN. ) );
#4431 = UNCERTAINTY_MEASURE_WITH_UNIT (LENGTH_MEASURE( 1.000000000000000082E-05 ), #3394, 'distance_accuracy_value', 'NONE');
#4432 = LINE ( 'NONE', #2831, #1557 ) ;
#4433 = ORIENTED_EDGE ( 'NONE', *, *, #6825, .T. ) ;
#4434 = CARTESIAN_POINT ( 'NONE',  ( 0.1984107680887519376, -0.5619776370931452991, 0.001000000000000000021 ) ) ;
#4435 = EDGE_CURVE ( 'NONE', #5691, #4790, #6783, .T. ) ;
#4436 = SURFACE_STYLE_FILL_AREA ( #2221 ) ;
#4437 =( GEOMETRIC_REPRESENTATION_CONTEXT ( 3 ) GLOBAL_UNCERTAINTY_ASSIGNED_CONTEXT ( ( #1956 ) ) GLOBAL_UNIT_ASSIGNED_CONTEXT ( ( #3243, #5080, #5975 ) ) REPRESENTATION_CONTEXT ( 'NONE', 'WORKASPACE' ) );
#4438 =( LENGTH_UNIT ( ) NAMED_UNIT ( * ) SI_UNIT ( .MILLI., .METRE. ) );
#4439 = CARTESIAN_POINT ( 'NONE',  ( -0.2550000000000000044, 0.5300000000000002487, 0.1000000000000000056 ) ) ;
#4440 = CARTESIAN_POINT ( 'NONE',  ( 0.1770479420039528240, -0.5349419774190524723, 0.001000000000000000021 ) ) ;
#4441 = SURFACE_STYLE_USAGE ( .BOTH. , #2261 ) ;
#4442 = ORIENTED_EDGE ( 'NONE', *, *, #3782, .F. ) ;
#4443 = SURFACE_STYLE_USAGE ( .BOTH. , #519 ) ;
#4444 = LINE ( 'NONE', #90, #5793 ) ;
#4445 = SURFACE_SIDE_STYLE ('',( #6230 ) ) ;
#4446 = ADVANCED_FACE ( 'NONE', ( #2382 ), #6813, .T. ) ;
#4447 = COLOUR_RGB ( '',0.000000000000000000, 0.000000000000000000, 0.000000000000000000 ) ;
#4448 = CARTESIAN_POINT ( 'NONE',  ( 0.2139620110340468007, -0.5843377563333956859, 0.001000000000000000021 ) ) ;
#4449 = CARTESIAN_POINT ( 'NONE',  ( 0.2284303642084910546, -0.5861649688326564522, 0.001000000000000000021 ) ) ;
#4450 = FILL_AREA_STYLE_COLOUR ( '', #5245 ) ;
#4451 = SURFACE_STYLE_USAGE ( .BOTH. , #3287 ) ;
#4452 = ORIENTED_EDGE ( 'NONE', *, *, #3261, .T. ) ;
#4453 = DIRECTION ( 'NONE',  ( 0.000000000000000000, 0.000000000000000000, -1.000000000000000000 ) ) ;
#4454 = PRESENTATION_LAYER_ASSIGNMENT (  '', '', ( #6670 ) ) ;
#4455 = SURFACE_STYLE_FILL_AREA ( #2924 ) ;
#4456 = EDGE_CURVE ( 'NONE', #2528, #6238, #2635, .T. ) ;
#4457 = VECTOR ( 'NONE', #1830, 1000.000000000000000 ) ;
#4458 =( NAMED_UNIT ( * ) PLANE_ANGLE_UNIT ( ) SI_UNIT ( $, .RADIAN. ) );
#4459 = CYLINDRICAL_SURFACE ( 'NONE', #2460, 0.1199999999999999956 ) ;
#4460 = ORIENTED_EDGE ( 'NONE', *, *, #1985, .T. ) ;
#4461 =( NAMED_UNIT ( * ) PLANE_ANGLE_UNIT ( ) SI_UNIT ( $, .RADIAN. ) );
#4462 = PRESENTATION_LAYER_ASSIGNMENT (  '', '', ( #2252 ) ) ;
#4463 = EDGE_LOOP ( 'NONE', ( #632, #4711, #104, #1139, #3289, #2898 ) ) ;
#4464 =( LENGTH_UNIT ( ) NAMED_UNIT ( * ) SI_UNIT ( .MILLI., .METRE. ) );
#4465 = ORIENTED_EDGE ( 'NONE', *, *, #6700, .F. ) ;
#4466 = PLANE ( 'NONE',  #3513 ) ;
#4467 = CARTESIAN_POINT ( 'NONE',  ( -0.1250000000000000000, 0.000000000000000000, 0.000000000000000000 ) ) ;
#4468 = DIRECTION ( 'NONE',  ( 0.000000000000000000, 0.000000000000000000, -1.000000000000000000 ) ) ;
#4469 = CARTESIAN_POINT ( 'NONE',  ( -1.000000000000000000, -0.3750000000000001110, 0.000000000000000000 ) ) ;
#4470 = CARTESIAN_POINT ( 'NONE',  ( -0.2449999999999999956, 0.04000000000000021594, 0.1000000000000000056 ) ) ;
#4471 = PRESENTATION_LAYER_ASSIGNMENT (  '', '', ( #734 ) ) ;
#4472 = FILL_AREA_STYLE ('',( #3844 ) ) ;
#4473 = PRESENTATION_STYLE_ASSIGNMENT (( #3883 ) ) ;
#4474 = ADVANCED_FACE ( 'NONE', ( #5970 ), #3131, .T. ) ;
#4475 = SURFACE_SIDE_STYLE ('',( #3392 ) ) ;
#4476 = MECHANICAL_DESIGN_GEOMETRIC_PRESENTATION_REPRESENTATION (  '', ( #499 ), #2504 ) ;
#4477 = DIRECTION ( 'NONE',  ( 2.502005013428086882E-15, -1.000000000000000000, 0.000000000000000000 ) ) ;
#4478 = DIRECTION ( 'NONE',  ( -0.000000000000000000, 0.000000000000000000, 1.000000000000000000 ) ) ;
#4479 = SURFACE_STYLE_USAGE ( .BOTH. , #562 ) ;
#4480 = DIRECTION ( 'NONE',  ( 1.000000000000000000, 0.000000000000000000, 0.000000000000000000 ) ) ;
#4481 = UNCERTAINTY_MEASURE_WITH_UNIT (LENGTH_MEASURE( 1.000000000000000082E-05 ), #1596, 'distance_accuracy_value', 'NONE');
#4482 = EDGE_LOOP ( 'NONE', ( #781, #3472, #5152, #4433 ) ) ;
#4483 = UNCERTAINTY_MEASURE_WITH_UNIT (LENGTH_MEASURE( 1.000000000000000082E-05 ), #488, 'distance_accuracy_value', 'NONE');
#4484 = CARTESIAN_POINT ( 'NONE',  ( 0.6600000000000000311, 0.4950000000000007727, -0.01000000000000000021 ) ) ;
#4485 = ORIENTED_EDGE ( 'NONE', *, *, #478, .T. ) ;
#4486 =( NAMED_UNIT ( * ) SI_UNIT ( $, .STERADIAN. ) SOLID_ANGLE_UNIT ( ) );
#4487 = LINE ( 'NONE', #5031, #4792 ) ;
#4488 = FACE_OUTER_BOUND ( 'NONE', #4377, .T. ) ;
#4489 = CARTESIAN_POINT ( 'NONE',  ( -1.000000000000000222, 0.7500000000000002220, 0.000000000000000000 ) ) ;
#4490 = VECTOR ( 'NONE', #200, 1000.000000000000000 ) ;
#4491 = ORIENTED_EDGE ( 'NONE', *, *, #6259, .T. ) ;
#4492 =( LENGTH_UNIT ( ) NAMED_UNIT ( * ) SI_UNIT ( .MILLI., .METRE. ) );
#4493 = DIRECTION ( 'NONE',  ( 0.000000000000000000, 0.000000000000000000, -1.000000000000000000 ) ) ;
#4494 = ORIENTED_EDGE ( 'NONE', *, *, #5586, .T. ) ;
#4495 = ORIENTED_EDGE ( 'NONE', *, *, #5640, .T. ) ;
#4496 = LINE ( 'NONE', #4969, #6508 ) ;
#4497 = ORIENTED_EDGE ( 'NONE', *, *, #1845, .T. ) ;
#4498 = CARTESIAN_POINT ( 'NONE',  ( 0.3607901184106039327, -0.4859467655971668743, 0.000000000000000000 ) ) ;
#4499 = ADVANCED_FACE ( 'NONE', ( #4330 ), #3090, .T. ) ;
#4500 = DIRECTION ( 'NONE',  ( 0.000000000000000000, 1.000000000000000000, 0.000000000000000000 ) ) ;
#4501 = ORIENTED_EDGE ( 'NONE', *, *, #4558, .F. ) ;
#4502 = PRESENTATION_STYLE_ASSIGNMENT (( #2288 ) ) ;
#4503 = UNCERTAINTY_MEASURE_WITH_UNIT (LENGTH_MEASURE( 1.000000000000000082E-05 ), #4159, 'distance_accuracy_value', 'NONE');
#4504 = CIRCLE ( 'NONE', #2082, 0.1199999999999999956 ) ;
#4505 = CARTESIAN_POINT ( 'NONE',  ( -0.2449999999999999956, 0.4100000000000001976, 0.000000000000000000 ) ) ;
#4506 = ORIENTED_EDGE ( 'NONE', *, *, #7046, .T. ) ;
#4507 = DIRECTION ( 'NONE',  ( -0.000000000000000000, -0.000000000000000000, -1.000000000000000000 ) ) ;
#4508 = DIRECTION ( 'NONE',  ( 0.000000000000000000, 0.000000000000000000, -1.000000000000000000 ) ) ;
#4509 = MECHANICAL_DESIGN_GEOMETRIC_PRESENTATION_REPRESENTATION (  '', ( #3227 ), #1948 ) ;
#4510 = EDGE_CURVE ( 'NONE', #4804, #4108, #44, .T. ) ;
#4511 = STYLED_ITEM ( 'NONE', ( #7223 ), #1968 ) ;
#4512 = DIRECTION ( 'NONE',  ( 1.000000000000000000, -0.000000000000000000, 0.000000000000000000 ) ) ;
#4513 = CARTESIAN_POINT ( 'NONE',  ( 0.3502186737112699677, -0.5023581359556379411, 0.000000000000000000 ) ) ;
#4514 = ORIENTED_EDGE ( 'NONE', *, *, #5842, .T. ) ;
#4515 = VECTOR ( 'NONE', #302, 1000.000000000000000 ) ;
#4516 = CARTESIAN_POINT ( 'NONE',  ( 0.3307064785893187309, -0.4861995993702720176, 0.001000000000000000021 ) ) ;
#4517 = VERTEX_POINT ( 'NONE', #4469 ) ;
#4518 = COLOUR_RGB ( '',0.2235294117647058654, 0.2235294117647058654, 0.2235294117647058654 ) ;
#4519 = CARTESIAN_POINT ( 'NONE',  ( 0.1922577881217268081, -0.4991695293273366585, 0.001000000000000000021 ) ) ;
#4520 = EDGE_LOOP ( 'NONE', ( #1595, #5554, #759, #6316, #1019, #518, #2832, #2963, #5193, #4941 ) ) ;
#4521 = CARTESIAN_POINT ( 'NONE',  ( 0.1957556076764391251, -0.5755188484735554999, 0.001000000000000000021 ) ) ;
#4522 = FILL_AREA_STYLE ('',( #2306 ) ) ;
#4523 = MECHANICAL_DESIGN_GEOMETRIC_PRESENTATION_REPRESENTATION (  '', ( #3126 ), #3960 ) ;
#4524 = DIRECTION ( 'NONE',  ( -0.000000000000000000, 0.000000000000000000, -1.000000000000000000 ) ) ;
#4525 = CARTESIAN_POINT ( 'NONE',  ( 0.3951621247624321764, -0.5022044002578234245, 0.000000000000000000 ) ) ;
#4526 = DIRECTION ( 'NONE',  ( 1.000000000000000000, 0.000000000000000000, 0.000000000000000000 ) ) ;
#4527 = ADVANCED_FACE ( 'NONE', ( #4366 ), #5578, .T. ) ;
#4528 = ORIENTED_EDGE ( 'NONE', *, *, #1685, .T. ) ;
#4529 =( GEOMETRIC_REPRESENTATION_CONTEXT ( 3 ) GLOBAL_UNCERTAINTY_ASSIGNED_CONTEXT ( ( #273 ) ) GLOBAL_UNIT_ASSIGNED_CONTEXT ( ( #4492, #2242, #5589 ) ) REPRESENTATION_CONTEXT ( 'NONE', 'WORKASPACE' ) );
#4530 = VECTOR ( 'NONE', #5089, 1000.000000000000000 ) ;
#4531 = FILL_AREA_STYLE ('',( #689 ) ) ;
#4532 = DIRECTION ( 'NONE',  ( -0.000000000000000000, -1.000000000000000000, -0.000000000000000000 ) ) ;
#4533 = VERTEX_POINT ( 'NONE', #2795 ) ;
#4534 = ORIENTED_EDGE ( 'NONE', *, *, #3497, .F. ) ;
#4535 = LINE ( 'NONE', #1200, #6734 ) ;
#4536 = VECTOR ( 'NONE', #3887, 1000.000000000000000 ) ;
#4537 = DIRECTION ( 'NONE',  ( 1.000000000000000000, 0.000000000000000000, 0.000000000000000000 ) ) ;
#4538 = ADVANCED_FACE ( 'NONE', ( #5018 ), #2255, .T. ) ;
#4539 = CARTESIAN_POINT ( 'NONE',  ( -0.2550000000000000044, 0.4100000000000001976, -0.01000000000000000021 ) ) ;
#4540 = FACE_OUTER_BOUND ( 'NONE', #1862, .T. ) ;
#4541 = ORIENTED_EDGE ( 'NONE', *, *, #235, .T. ) ;
#4542 = LINE ( 'NONE', #5560, #3270 ) ;
#4543 = DIRECTION ( 'NONE',  ( 0.000000000000000000, -0.000000000000000000, 1.000000000000000000 ) ) ;
#4544 = MECHANICAL_DESIGN_GEOMETRIC_PRESENTATION_REPRESENTATION (  '', ( #6047 ), #226 ) ;
#4545 = ORIENTED_EDGE ( 'NONE', *, *, #3035, .F. ) ;
#4546 = SURFACE_STYLE_USAGE ( .BOTH. , #2333 ) ;
#4547 = MECHANICAL_DESIGN_GEOMETRIC_PRESENTATION_REPRESENTATION (  '', ( #4419 ), #2458 ) ;
#4548 = PRESENTATION_STYLE_ASSIGNMENT (( #3350 ) ) ;
#4549 = EDGE_CURVE ( 'NONE', #2939, #6832, #4012, .T. ) ;
#4550 = EDGE_CURVE ( 'NONE', #6724, #3645, #771, .T. ) ;
#4551 =( LENGTH_UNIT ( ) NAMED_UNIT ( * ) SI_UNIT ( .MILLI., .METRE. ) );
#4552 = SURFACE_SIDE_STYLE ('',( #1214 ) ) ;
#4553 = CYLINDRICAL_SURFACE ( 'NONE', #100, 0.1199999999999999956 ) ;
#4554 = CARTESIAN_POINT ( 'NONE',  ( 0.4011064398495329808, -0.5822229610236315800, 0.001000000000000000021 ) ) ;
#4555 = CARTESIAN_POINT ( 'NONE',  ( 0.3725819058622789059, -0.4959716509908816406, 0.001000000000000000021 ) ) ;
#4556 = FACE_BOUND ( 'NONE', #4866, .T. ) ;
#4557 = LINE ( 'NONE', #1810, #3946 ) ;
#4558 = EDGE_CURVE ( 'NONE', #4058, #4579, #157, .T. ) ;
#4559 = FACE_OUTER_BOUND ( 'NONE', #6188, .T. ) ;
#4560 = ORIENTED_EDGE ( 'NONE', *, *, #5402, .F. ) ;
#4561 = DIRECTION ( 'NONE',  ( 1.000000000000000000, 0.000000000000000000, 0.000000000000000000 ) ) ;
#4562 = COLOUR_RGB ( '',0.000000000000000000, 0.000000000000000000, 0.000000000000000000 ) ;
#4563 = ORIENTED_EDGE ( 'NONE', *, *, #3509, .F. ) ;
#4564 = CARTESIAN_POINT ( 'NONE',  ( 0.2293154724917577103, -0.4861995993702720176, 0.001000000000000000021 ) ) ;
#4565 = ADVANCED_FACE ( 'NONE', ( #4614 ), #5821, .T. ) ;
#4566 =( LENGTH_UNIT ( ) NAMED_UNIT ( * ) SI_UNIT ( .MILLI., .METRE. ) );
#4567 = ORIENTED_EDGE ( 'NONE', *, *, #6406, .T. ) ;
#4568 = PRODUCT_DEFINITION_FORMATION_WITH_SPECIFIED_SOURCE ( 'ÈÎºÎ', '', #1137, .NOT_KNOWN. ) ;
#4569 = DIRECTION ( 'NONE',  ( 0.000000000000000000, -0.000000000000000000, 1.000000000000000000 ) ) ;
#4570 = DIRECTION ( 'NONE',  ( 1.000000000000000000, 0.000000000000000000, 0.000000000000000000 ) ) ;
#4571 = EDGE_CURVE ( 'NONE', #862, #6388, #2474, .T. ) ;
#4572 =( GEOMETRIC_REPRESENTATION_CONTEXT ( 3 ) GLOBAL_UNCERTAINTY_ASSIGNED_CONTEXT ( ( #3825 ) ) GLOBAL_UNIT_ASSIGNED_CONTEXT ( ( #5241, #748, #1849 ) ) REPRESENTATION_CONTEXT ( 'NONE', 'WORKASPACE' ) );
#4573 = CARTESIAN_POINT ( 'NONE',  ( 0.3758855944429772000, -0.5764435018092963769, 0.000000000000000000 ) ) ;
#4574 = ORIENTED_EDGE ( 'NONE', *, *, #6900, .F. ) ;
#4575 = ORIENTED_EDGE ( 'NONE', *, *, #6357, .T. ) ;
#4576 = SURFACE_STYLE_USAGE ( .BOTH. , #3570 ) ;
#4577 =( NAMED_UNIT ( * ) SI_UNIT ( $, .STERADIAN. ) SOLID_ANGLE_UNIT ( ) );
#4578 = CARTESIAN_POINT ( 'NONE',  ( 0.1272575456624893964, -0.5054069164434428219, 0.000000000000000000 ) ) ;
#4579 = VERTEX_POINT ( 'NONE', #662 ) ;
#4580 = DIRECTION ( 'NONE',  ( 0.000000000000000000, -1.000000000000000000, 0.000000000000000000 ) ) ;
#4581 = CARTESIAN_POINT ( 'NONE',  ( 0.2293154724917577103, -0.4861995993702720176, 0.001000000000000000021 ) ) ;
#4582 = UNCERTAINTY_MEASURE_WITH_UNIT (LENGTH_MEASURE( 1.000000000000000082E-05 ), #6627, 'distance_accuracy_value', 'NONE');
#4583 = PRESENTATION_LAYER_ASSIGNMENT (  '', '', ( #3428 ) ) ;
#4584 = EDGE_LOOP ( 'NONE', ( #2713, #937, #3863, #2913 ) ) ;
#4585 = CARTESIAN_POINT ( 'NONE',  ( 0.1918852713115827835, -0.5223716259049961952, 0.001000000000000000021 ) ) ;
#4586 =( GEOMETRIC_REPRESENTATION_CONTEXT ( 3 ) GLOBAL_UNCERTAINTY_ASSIGNED_CONTEXT ( ( #4990 ) ) GLOBAL_UNIT_ASSIGNED_CONTEXT ( ( #713, #2485, #6887 ) ) REPRESENTATION_CONTEXT ( 'NONE', 'WORKASPACE' ) );
#4587 = FACE_OUTER_BOUND ( 'NONE', #2332, .T. ) ;
#4588 = DIRECTION ( 'NONE',  ( -1.000000000000000000, -0.000000000000000000, -0.000000000000000000 ) ) ;
#4589 = STYLED_ITEM ( 'NONE', ( #5818 ), #146 ) ;
#4590 = CARTESIAN_POINT ( 'NONE',  ( 0.4245165003218918653, -0.5434443585324807424, 0.000000000000000000 ) ) ;
#4591 =( LENGTH_UNIT ( ) NAMED_UNIT ( * ) SI_UNIT ( .MILLI., .METRE. ) );
#4592 = EDGE_LOOP ( 'NONE', ( #4674, #6327, #6637, #695, #788 ) ) ;
#4593 = CARTESIAN_POINT ( 'NONE',  ( 0.3673939253267216043, -0.4963273066951488510, 0.000000000000000000 ) ) ;
#4594 = VECTOR ( 'NONE', #3098, 1000.000000000000000 ) ;
#4595 = CARTESIAN_POINT ( 'NONE',  ( 0.3815315268658405756, -0.4966029508409767756, 0.001000000000000000021 ) ) ;
#4596 = ORIENTED_EDGE ( 'NONE', *, *, #6711, .T. ) ;
#4597 = DIRECTION ( 'NONE',  ( 0.3222024856061130316, -0.9466707760722533616, 0.000000000000000000 ) ) ;
#4598 = ORIENTED_EDGE ( 'NONE', *, *, #6700, .T. ) ;
#4599 = CARTESIAN_POINT ( 'NONE',  ( 0.3172918444429772555, -0.4971752091263696438, 0.001000000000000000021 ) ) ;
#4600 = EDGE_CURVE ( 'NONE', #862, #2421, #2902, .T. ) ;
#4601 = FILL_AREA_STYLE_COLOUR ( '', #2801 ) ;
#4603 = ORIENTED_EDGE ( 'NONE', *, *, #6658, .T. ) ;
#4602 = MECHANICAL_DESIGN_GEOMETRIC_PRESENTATION_REPRESENTATION (  '', ( #1203 ), #3808 ) ;
#4604 = CARTESIAN_POINT ( 'NONE',  ( -0.2449999999999999956, 0.4100000000000001976, 0.1000000000000000056 ) ) ;
#4605 = EDGE_CURVE ( 'NONE', #1905, #25, #117, .T. ) ;
#4606 = ORIENTED_EDGE ( 'NONE', *, *, #715, .T. ) ;
#4607 = LINE ( 'NONE', #65, #1489 ) ;
#4608 = DIRECTION ( 'NONE',  ( -1.000000000000000000, 0.000000000000000000, 0.000000000000000000 ) ) ;
#4609 = CARTESIAN_POINT ( 'NONE',  ( -1.010000000000000231, -0.3750000000000001110, 0.1000000000000000056 ) ) ;
#4610 = DIRECTION ( 'NONE',  ( 0.000000000000000000, 1.000000000000000000, 0.000000000000000000 ) ) ;
#4611 = ORIENTED_EDGE ( 'NONE', *, *, #6468, .F. ) ;
#4612 =( NAMED_UNIT ( * ) PLANE_ANGLE_UNIT ( ) SI_UNIT ( $, .RADIAN. ) );
#4613 = VERTEX_POINT ( 'NONE', #6250 ) ;
#4614 = FACE_OUTER_BOUND ( 'NONE', #2438, .T. ) ;
#4615 = CARTESIAN_POINT ( 'NONE',  ( 0.3750000000000000000, 0.7500000000000002220, 0.1000000000000000056 ) ) ;
#4616 = CARTESIAN_POINT ( 'NONE',  ( 0.3661478697659977799, -0.5865729455708171836, 0.000000000000000000 ) ) ;
#4617 = CYLINDRICAL_SURFACE ( 'NONE', #5345, 0.1199999999999999956 ) ;
#4618 = CARTESIAN_POINT ( 'NONE',  ( 1.000000000000000000, -0.7499999999999997780, 0.9799999999999999822 ) ) ;
#4619 = CARTESIAN_POINT ( 'NONE',  ( 0.4149091045274900247, -0.5704203536367586924, 0.001000000000000000021 ) ) ;
#4620 = SURFACE_STYLE_FILL_AREA ( #4123 ) ;
#4621 = FILL_AREA_STYLE_COLOUR ( '', #1347 ) ;
#4622 = LINE ( 'NONE', #1966, #2041 ) ;
#4623 = VERTEX_POINT ( 'NONE', #5302 ) ;
#4624 =( GEOMETRIC_REPRESENTATION_CONTEXT ( 3 ) GLOBAL_UNCERTAINTY_ASSIGNED_CONTEXT ( ( #195 ) ) GLOBAL_UNIT_ASSIGNED_CONTEXT ( ( #7013, #3075, #2108 ) ) REPRESENTATION_CONTEXT ( 'NONE', 'WORKASPACE' ) );
#4625 = STYLED_ITEM ( 'NONE', ( #4473 ), #6040 ) ;
#4626 = EDGE_CURVE ( 'NONE', #5630, #5691, #838, .T. ) ;
#4627 = LINE ( 'NONE', #4157, #3739 ) ;
#4628 = ORIENTED_EDGE ( 'NONE', *, *, #6830, .F. ) ;
#4629 = PLANE ( 'NONE',  #2825 ) ;
#4630 = LINE ( 'NONE', #287, #6389 ) ;
#4631 = DIRECTION ( 'NONE',  ( 1.000000000000000000, 0.000000000000000000, -0.000000000000000000 ) ) ;
#4632 = AXIS2_PLACEMENT_3D ( 'NONE', #4728, #705, #236 ) ;
#4633 =( NAMED_UNIT ( * ) SI_UNIT ( $, .STERADIAN. ) SOLID_ANGLE_UNIT ( ) );
#4634 = MECHANICAL_DESIGN_GEOMETRIC_PRESENTATION_REPRESENTATION (  '', ( #535 ), #1706 ) ;
#4635 =( NAMED_UNIT ( * ) PLANE_ANGLE_UNIT ( ) SI_UNIT ( $, .RADIAN. ) );
#4636 = DIRECTION ( 'NONE',  ( -1.000000000000000000, 0.000000000000000000, 0.000000000000000000 ) ) ;
#4637 = VERTEX_POINT ( 'NONE', #2543 ) ;
#4638 = ADVANCED_FACE ( 'NONE', ( #5343 ), #2116, .T. ) ;
#4639 = STYLED_ITEM ( 'NONE', ( #1166 ), #5433 ) ;
#4640 = AXIS2_PLACEMENT_3D ( 'NONE', #6176, #444, #2147 ) ;
#4641 =( NAMED_UNIT ( * ) SI_UNIT ( $, .STERADIAN. ) SOLID_ANGLE_UNIT ( ) );
#4642 = STYLED_ITEM ( 'NONE', ( #3632 ), #758 ) ;
#4643 = DIRECTION ( 'NONE',  ( 0.000000000000000000, 0.000000000000000000, -1.000000000000000000 ) ) ;
#4644 = EDGE_CURVE ( 'NONE', #2776, #156, #1434, .T. ) ;
#4645 = PRESENTATION_STYLE_ASSIGNMENT (( #5808 ) ) ;
#4646 = ORIENTED_EDGE ( 'NONE', *, *, #6073, .F. ) ;
#4647 = ORIENTED_EDGE ( 'NONE', *, *, #1436, .F. ) ;
#4648 = PLANE ( 'NONE',  #5217 ) ;
#4649 = ORIENTED_EDGE ( 'NONE', *, *, #4549, .T. ) ;
#4650 = DIRECTION ( 'NONE',  ( -0.000000000000000000, 0.000000000000000000, 1.000000000000000000 ) ) ;
#4651 = FILL_AREA_STYLE ('',( #5709 ) ) ;
#4652 =( GEOMETRIC_REPRESENTATION_CONTEXT ( 3 ) GLOBAL_UNCERTAINTY_ASSIGNED_CONTEXT ( ( #2330 ) ) GLOBAL_UNIT_ASSIGNED_CONTEXT ( ( #4919, #5943, #3779 ) ) REPRESENTATION_CONTEXT ( 'NONE', 'WORKASPACE' ) );
#4653 = CARTESIAN_POINT ( 'NONE',  ( 0.2284184717121613695, -0.5751914187224956843, -0.000000000000000000 ) ) ;
#4654 = CARTESIAN_POINT ( 'NONE',  ( 0.2185936651043855483, -0.4869307339609779683, -2.117582368135750848E-19 ) ) ;
#4655 = CIRCLE ( 'NONE', #1378, 0.1199999999999999956 ) ;
#4656 = UNCERTAINTY_MEASURE_WITH_UNIT (LENGTH_MEASURE( 1.000000000000000082E-05 ), #843, 'distance_accuracy_value', 'NONE');
#4657 = ORIENTED_EDGE ( 'NONE', *, *, #774, .T. ) ;
#4658 = FILL_AREA_STYLE_COLOUR ( '', #495 ) ;
#4659 = EDGE_CURVE ( 'NONE', #2404, #4167, #2588, .T. ) ;
#4660 = LINE ( 'NONE', #119, #3117 ) ;
#4661 = UNCERTAINTY_MEASURE_WITH_UNIT (LENGTH_MEASURE( 1.000000000000000082E-05 ), #4380, 'distance_accuracy_value', 'NONE');
#4662 = CARTESIAN_POINT ( 'NONE',  ( 0.2172509204613785327, -0.4984388697806704793, 0.000000000000000000 ) ) ;
#4663 = VECTOR ( 'NONE', #3508, 1000.000000000000000 ) ;
#4664 =( NAMED_UNIT ( * ) SI_UNIT ( $, .STERADIAN. ) SOLID_ANGLE_UNIT ( ) );
#4665 = ADVANCED_FACE ( 'NONE', ( #3690, #946 ), #3800, .T. ) ;
#4666 = CARTESIAN_POINT ( 'NONE',  ( 0.2575357468820015927, -0.5861995993702721064, 0.000000000000000000 ) ) ;
#4667 =( NAMED_UNIT ( * ) PLANE_ANGLE_UNIT ( ) SI_UNIT ( $, .RADIAN. ) );
#4668 = DIRECTION ( 'NONE',  ( -2.502005013428086882E-15, 1.000000000000000000, -0.000000000000000000 ) ) ;
#4669 = DIRECTION ( 'NONE',  ( 0.000000000000000000, 0.000000000000000000, -1.000000000000000000 ) ) ;
#4670 = SURFACE_STYLE_FILL_AREA ( #750 ) ;
#4671 =( GEOMETRIC_REPRESENTATION_CONTEXT ( 3 ) GLOBAL_UNCERTAINTY_ASSIGNED_CONTEXT ( ( #1437 ) ) GLOBAL_UNIT_ASSIGNED_CONTEXT ( ( #7225, #4381, #3335 ) ) REPRESENTATION_CONTEXT ( 'NONE', 'WORKASPACE' ) );
#4672 = PRESENTATION_LAYER_ASSIGNMENT (  '', '', ( #1620 ) ) ;
#4673 = CARTESIAN_POINT ( 'NONE',  ( 0.3559157336931340621, -0.5728750904011101763, 0.001000000000000000021 ) ) ;
#4674 = ORIENTED_EDGE ( 'NONE', *, *, #7045, .T. ) ;
#4675 = FILL_AREA_STYLE_COLOUR ( '', #6789 ) ;
#4676 = DIRECTION ( 'NONE',  ( 0.000000000000000000, -0.000000000000000000, 1.000000000000000000 ) ) ;
#4677 = STYLED_ITEM ( 'NONE', ( #4645 ), #6690 ) ;
#4678 = CARTESIAN_POINT ( 'NONE',  ( 0.3589464489915808465, -0.5739924965118476941, 0.001000000000000000021 ) ) ;
#4679 = EDGE_CURVE ( 'NONE', #5038, #1813, #5856, .T. ) ;
#4680 = SURFACE_STYLE_FILL_AREA ( #5839 ) ;
#4681 = ORIENTED_EDGE ( 'NONE', *, *, #7171, .T. ) ;
#4682 = MECHANICAL_DESIGN_GEOMETRIC_PRESENTATION_REPRESENTATION (  '', ( #3537 ), #6776 ) ;
#4683 = LINE ( 'NONE', #6464, #1482 ) ;
#4684 = DIRECTION ( 'NONE',  ( 1.000000000000000000, -0.000000000000000000, 0.000000000000000000 ) ) ;
#4685 = ORIENTED_EDGE ( 'NONE', *, *, #121, .T. ) ;
#4686 = FILL_AREA_STYLE_COLOUR ( '', #6462 ) ;
#4687 = ORIENTED_EDGE ( 'NONE', *, *, #5093, .F. ) ;
#4688 = DIRECTION ( 'NONE',  ( 1.000000000000000000, 0.000000000000000000, 0.000000000000000000 ) ) ;
#4689 = CARTESIAN_POINT ( 'NONE',  ( 0.1770883287242173698, -0.5368307358696875475, -0.000000000000000000 ) ) ;
#4690 = CIRCLE ( 'NONE', #2480, 0.1199999999999999956 ) ;
#4691 = DIRECTION ( 'NONE',  ( 0.000000000000000000, 0.000000000000000000, -1.000000000000000000 ) ) ;
#4692 = PLANE ( 'NONE',  #1616 ) ;
#4693 = CARTESIAN_POINT ( 'NONE',  ( 0.2035870819632988604, -0.5672192862362273047, 0.000000000000000000 ) ) ;
#4694 = FILL_AREA_STYLE_COLOUR ( '', #362 ) ;
#4695 =( LENGTH_UNIT ( ) NAMED_UNIT ( * ) SI_UNIT ( .MILLI., .METRE. ) );
#4696 = ORIENTED_EDGE ( 'NONE', *, *, #4326, .T. ) ;
#4697 = FILL_AREA_STYLE ('',( #3012 ) ) ;
#4698 =( LENGTH_UNIT ( ) NAMED_UNIT ( * ) SI_UNIT ( .MILLI., .METRE. ) );
#4699 = COLOUR_RGB ( '',1.000000000000000000, 1.000000000000000000, 1.000000000000000000 ) ;
#4700 = PRESENTATION_STYLE_ASSIGNMENT (( #2513 ) ) ;
#4701 = CARTESIAN_POINT ( 'NONE',  ( 0.3925154570999159209, -0.5856045762247794606, 0.000000000000000000 ) ) ;
#4702 = DIRECTION ( 'NONE',  ( 1.000000000000000000, -1.084202172485501752E-14, 0.000000000000000000 ) ) ;
#4703 = ORIENTED_EDGE ( 'NONE', *, *, #5067, .T. ) ;
#4704 = DIRECTION ( 'NONE',  ( -1.000000000000000000, 0.000000000000000000, 0.000000000000000000 ) ) ;
#4705 = LINE ( 'NONE', #4053, #2878 ) ;
#4706 = CARTESIAN_POINT ( 'NONE',  ( 0.1253330029795625966, -0.4983947213214915406, 0.001000000000000000021 ) ) ;
#4707 = AXIS2_PLACEMENT_3D ( 'NONE', #1738, #1693, #1663 ) ;
#4708 = UNCERTAINTY_MEASURE_WITH_UNIT (LENGTH_MEASURE( 1.000000000000000082E-05 ), #4422, 'distance_accuracy_value', 'NONE');
#4709 = ADVANCED_FACE ( 'NONE', ( #6399 ), #4288, .T. ) ;
#4710 = FACE_OUTER_BOUND ( 'NONE', #1811, .T. ) ;
#4711 = ORIENTED_EDGE ( 'NONE', *, *, #4084, .T. ) ;
#4712 = CARTESIAN_POINT ( 'NONE',  ( 0.2293154724917577103, -0.4861995993702720176, 0.000000000000000000 ) ) ;
#4713 = PLANE ( 'NONE',  #616 ) ;
#4714 = EDGE_LOOP ( 'NONE', ( #4964, #6267, #1801, #5779 ) ) ;
#4715 = VECTOR ( 'NONE', #4977, 1000.000000000000000 ) ;
#4716 = PLANE ( 'NONE',  #3279 ) ;
#4717 = PLANE ( 'NONE',  #2738 ) ;
#4718 = CIRCLE ( 'NONE', #1918, 0.07820794517887262598 ) ;
#4719 = ORIENTED_EDGE ( 'NONE', *, *, #4549, .F. ) ;
#4720 =( LENGTH_UNIT ( ) NAMED_UNIT ( * ) SI_UNIT ( .MILLI., .METRE. ) );
#4721 = VERTEX_POINT ( 'NONE', #507 ) ;
#4722 = FACE_OUTER_BOUND ( 'NONE', #1707, .T. ) ;
#4723 = VERTEX_POINT ( 'NONE', #2750 ) ;
#4724 = CARTESIAN_POINT ( 'NONE',  ( 0.3511570127887688186, -0.5815345975079931895, 0.001000000000000000021 ) ) ;
#4725 = CARTESIAN_POINT ( 'NONE',  ( 0.2098710464478993898, -0.5711734280051132817, 0.000000000000000000 ) ) ;
#4726 =( NAMED_UNIT ( * ) PLANE_ANGLE_UNIT ( ) SI_UNIT ( $, .RADIAN. ) );
#4727 = VERTEX_POINT ( 'NONE', #1053 ) ;
#4728 = CARTESIAN_POINT ( 'NONE',  ( 0.3502186737112699677, -0.5700410627849062939, 0.001000000000000000021 ) ) ;
#4729 = EDGE_CURVE ( 'NONE', #4324, #1458, #4504, .T. ) ;
#4730 = UNCERTAINTY_MEASURE_WITH_UNIT (LENGTH_MEASURE( 1.000000000000000082E-05 ), #3419, 'distance_accuracy_value', 'NONE');
#4731 = ORIENTED_EDGE ( 'NONE', *, *, #1211, .F. ) ;
#4732 =( NAMED_UNIT ( * ) SI_UNIT ( $, .STERADIAN. ) SOLID_ANGLE_UNIT ( ) );
#4733 = CARTESIAN_POINT ( 'NONE',  ( -0.6600000000000001421, 0.6249999999999998890, 0.1000000000000000056 ) ) ;
#4734 = LINE ( 'NONE', #2122, #5053 ) ;
#4735 = DIRECTION ( 'NONE',  ( -0.000000000000000000, 1.000000000000000000, -0.000000000000000000 ) ) ;
#4736 = FILL_AREA_STYLE ('',( #4621 ) ) ;
#4737 = DIRECTION ( 'NONE',  ( -0.000000000000000000, -0.000000000000000000, -1.000000000000000000 ) ) ;
#4738 = CARTESIAN_POINT ( 'NONE',  ( 0.3653848834747094321, -0.5755927682690417102, 0.001000000000000000021 ) ) ;
#4739 = ORIENTED_EDGE ( 'NONE', *, *, #6604, .F. ) ;
#4740 = DIRECTION ( 'NONE',  ( 1.000000000000000000, -0.000000000000000000, -0.000000000000000000 ) ) ;
#4741 = CARTESIAN_POINT ( 'NONE',  ( 0.3607901184106039327, -0.4859467655971668743, 0.001000000000000000021 ) ) ;
#4742 = VECTOR ( 'NONE', #978, 1000.000000000000000 ) ;
#4743 = DIRECTION ( 'NONE',  ( -1.000000000000000000, 0.000000000000000000, -0.000000000000000000 ) ) ;
#4744 = ORIENTED_EDGE ( 'NONE', *, *, #4107, .T. ) ;
#4745 = PRESENTATION_LAYER_ASSIGNMENT (  '', '', ( #2316 ) ) ;
#4746 = DIRECTION ( 'NONE',  ( 0.000000000000000000, -0.000000000000000000, 1.000000000000000000 ) ) ;
#4747 = VERTEX_POINT ( 'NONE', #6617 ) ;
#4748 = EDGE_CURVE ( 'NONE', #1981, #6423, #4496, .T. ) ;
#4749 = VERTEX_POINT ( 'NONE', #7130 ) ;
#4750 = MECHANICAL_DESIGN_GEOMETRIC_PRESENTATION_REPRESENTATION (  '', ( #4874 ), #4879 ) ;
#4751 = MECHANICAL_DESIGN_GEOMETRIC_PRESENTATION_REPRESENTATION (  '', ( #320 ), #3953 ) ;
#4752 = MECHANICAL_DESIGN_GEOMETRIC_PRESENTATION_REPRESENTATION (  '', ( #2437 ), #1129 ) ;
#4753 = CARTESIAN_POINT ( 'NONE',  ( 0.3750000000000000000, -0.2199999999999998068, 0.1000000000000000056 ) ) ;
#4754 = EDGE_LOOP ( 'NONE', ( #2670, #3659, #3485, #6228, #5655, #1939 ) ) ;
#4755 = SURFACE_STYLE_FILL_AREA ( #2537 ) ;
#4756 =( NAMED_UNIT ( * ) SI_UNIT ( $, .STERADIAN. ) SOLID_ANGLE_UNIT ( ) );
#4757 = SURFACE_SIDE_STYLE ('',( #1947 ) ) ;
#4758 = CARTESIAN_POINT ( 'NONE',  ( 0.1778928058928685996, -0.5244159772276635323, -2.117582368135750848E-19 ) ) ;
#4759 = ORIENTED_EDGE ( 'NONE', *, *, #3260, .T. ) ;
#4760 =( NAMED_UNIT ( * ) SI_UNIT ( $, .STERADIAN. ) SOLID_ANGLE_UNIT ( ) );
#4761 = ADVANCED_FACE ( 'NONE', ( #3338 ), #6720, .T. ) ;
#4762 = PRESENTATION_STYLE_ASSIGNMENT (( #7099 ) ) ;
#4763 = PRESENTATION_LAYER_ASSIGNMENT (  '', '', ( #89 ) ) ;
#4764 = CARTESIAN_POINT ( 'NONE',  ( 0.2211040578713036608, -0.4977071096869619127, 0.001000000000000000021 ) ) ;
#4765 = DIRECTION ( 'NONE',  ( 0.000000000000000000, 0.000000000000000000, -1.000000000000000000 ) ) ;
#4766 = CARTESIAN_POINT ( 'NONE',  ( 0.4106460852587017762, -0.5457520478822367460, 0.000000000000000000 ) ) ;
#4767 = CARTESIAN_POINT ( 'NONE',  ( -0.6599999999999999201, 0.004999999999999889949, 0.1000000000000000056 ) ) ;
#4768 = SURFACE_SIDE_STYLE ('',( #308 ) ) ;
#4769 = PRESENTATION_LAYER_ASSIGNMENT (  '', '', ( #6635 ) ) ;
#4770 = SURFACE_SIDE_STYLE ('',( #6031 ) ) ;
#4771 = CARTESIAN_POINT ( 'NONE',  ( 1.010000000000000009, 0.1249999999999998890, -0.01000000000000000021 ) ) ;
#4772 = EDGE_CURVE ( 'NONE', #5171, #5223, #5092, .T. ) ;
#4773 =( NAMED_UNIT ( * ) PLANE_ANGLE_UNIT ( ) SI_UNIT ( $, .RADIAN. ) );
#4774 = CARTESIAN_POINT ( 'NONE',  ( 0.000000000000000000, 0.000000000000000000, -0.01000000000000000021 ) ) ;
#4775 = DIRECTION ( 'NONE',  ( -0.000000000000000000, -0.000000000000000000, -1.000000000000000000 ) ) ;
#4776 =( LENGTH_UNIT ( ) NAMED_UNIT ( * ) SI_UNIT ( .MILLI., .METRE. ) );
#4777 = DIRECTION ( 'NONE',  ( 0.000000000000000000, 1.000000000000000000, 0.000000000000000000 ) ) ;
#4778 = CARTESIAN_POINT ( 'NONE',  ( 0.2449999999999999956, -0.2199999999999998068, 0.000000000000000000 ) ) ;
#4779 = MECHANICAL_DESIGN_GEOMETRIC_PRESENTATION_REPRESENTATION (  '', ( #6987 ), #3510 ) ;
#4780 =( NAMED_UNIT ( * ) PLANE_ANGLE_UNIT ( ) SI_UNIT ( $, .RADIAN. ) );
#4781 = VERTEX_POINT ( 'NONE', #2427 ) ;
#4782 = VECTOR ( 'NONE', #3864, 1000.000000000000000 ) ;
#4783 = EDGE_CURVE ( 'NONE', #4382, #3182, #1825, .T. ) ;
#4784 = COLOUR_RGB ( '',0.2235294117647058654, 0.2235294117647058654, 0.2235294117647058654 ) ;
#4785 = CARTESIAN_POINT ( 'NONE',  ( -0.2550000000000000044, -0.07999999999999977962, -0.01000000000000000021 ) ) ;
#4786 = EDGE_CURVE ( 'NONE', #4003, #2176, #4607, .T. ) ;
#4787 = ORIENTED_EDGE ( 'NONE', *, *, #6621, .F. ) ;
#4788 = CARTESIAN_POINT ( 'NONE',  ( 0.7800000000000001377, -0.005000000000000135413, 0.000000000000000000 ) ) ;
#4789 = DIRECTION ( 'NONE',  ( -1.000000000000000000, 0.000000000000000000, -0.000000000000000000 ) ) ;
#4790 = VERTEX_POINT ( 'NONE', #5669 ) ;
#4791 = CARTESIAN_POINT ( 'NONE',  ( 0.2819259907844406388, -0.5301020383946623005, 0.000000000000000000 ) ) ;
#4792 = VECTOR ( 'NONE', #1565, 1000.000000000000000 ) ;
#4793 = EDGE_CURVE ( 'NONE', #1978, #2776, #1232, .T. ) ;
#4794 = ADVANCED_FACE ( 'NONE', ( #4036 ), #4648, .T. ) ;
#4795 = CARTESIAN_POINT ( 'NONE',  ( -0.7800000000000010258, -0.6250000000000001110, -0.01000000000000000021 ) ) ;
#4796 = CARTESIAN_POINT ( 'NONE',  ( 0.3796922195263783828, -0.5763453934450639693, 0.001000000000000000021 ) ) ;
#4797 = CARTESIAN_POINT ( 'NONE',  ( 0.3592511598867642597, -0.5849758190397712498, 0.000000000000000000 ) ) ;
#4798 = VECTOR ( 'NONE', #5317, 1000.000000000000000 ) ;
#4799 = PRESENTATION_STYLE_ASSIGNMENT (( #5191 ) ) ;
#4800 = FILL_AREA_STYLE ('',( #3154 ) ) ;
#4801 = ORIENTED_EDGE ( 'NONE', *, *, #487, .T. ) ;
#4802 = CARTESIAN_POINT ( 'NONE',  ( 0.1827688085821395636, -0.5105890614055188514, 0.001000000000000000021 ) ) ;
#4803 = UNCERTAINTY_MEASURE_WITH_UNIT (LENGTH_MEASURE( 1.000000000000000082E-05 ), #4939, 'distance_accuracy_value', 'NONE');
#4804 = VERTEX_POINT ( 'NONE', #4074 ) ;
#4805 = CARTESIAN_POINT ( 'NONE',  ( 0.2293726371259040553, -0.4971752091263696438, 0.000000000000000000 ) ) ;
#4806 = CARTESIAN_POINT ( 'NONE',  ( 0.1421775151746845489, -0.5471752091263696327, 0.001000000000000000021 ) ) ;
#4807 = PLANE ( 'NONE',  #6756 ) ;
#4808 = MECHANICAL_DESIGN_GEOMETRIC_PRESENTATION_REPRESENTATION (  '', ( #5150 ), #6665 ) ;
#4809 = CARTESIAN_POINT ( 'NONE',  ( 0.3750000000000000000, -0.2199999999999998068, -0.01000000000000000021 ) ) ;
#4810 = CARTESIAN_POINT ( 'NONE',  ( -0.1250000000000000000, -0.7599999999999997868, -0.01000000000000000021 ) ) ;
#4811 = FILL_AREA_STYLE ('',( #3234 ) ) ;
#4812 = SURFACE_STYLE_USAGE ( .BOTH. , #5353 ) ;
#4813 = CARTESIAN_POINT ( 'NONE',  ( 0.2254790785777219531, -0.5751278791715334071, 0.001000000000000000021 ) ) ;
#4814 = VECTOR ( 'NONE', #70, 1000.000000000000000 ) ;
#4815 = CARTESIAN_POINT ( 'NONE',  ( 0.1267796897059235706, -0.5039658851669900352, 0.000000000000000000 ) ) ;
#4816 = DIRECTION ( 'NONE',  ( -1.000000000000000000, 0.000000000000000000, 0.000000000000000000 ) ) ;
#4817 = DIRECTION ( 'NONE',  ( -0.000000000000000000, 0.000000000000000000, -1.000000000000000000 ) ) ;
#4818 = CARTESIAN_POINT ( 'NONE',  ( 0.3172918444429772555, -0.5410776481507598712, 0.001000000000000000021 ) ) ;
#4819 = CARTESIAN_POINT ( 'NONE',  ( -1.000000000000000222, 0.6249999999999998890, 0.1000000000000000056 ) ) ;
#4820 = DIRECTION ( 'NONE',  ( -0.000000000000000000, 0.000000000000000000, -1.000000000000000000 ) ) ;
#4821 = DIRECTION ( 'NONE',  ( -0.000000000000000000, -0.000000000000000000, -1.000000000000000000 ) ) ;
#4822 = ORIENTED_EDGE ( 'NONE', *, *, #6179, .F. ) ;
#4823 = MECHANICAL_DESIGN_GEOMETRIC_PRESENTATION_REPRESENTATION (  '', ( #4145 ), #3010 ) ;
#4824 = AXIS2_PLACEMENT_3D ( 'NONE', #6858, #5247, #4636 ) ;
#4825 = CARTESIAN_POINT ( 'NONE',  ( 0.7800000000000008038, 0.6249999999999998890, 0.1000000000000000056 ) ) ;
#4826 = VECTOR ( 'NONE', #2264, 1000.000000000000000 ) ;
#4827 = DIRECTION ( 'NONE',  ( 0.000000000000000000, 0.000000000000000000, -1.000000000000000000 ) ) ;
#4828 = DIRECTION ( 'NONE',  ( 1.000000000000000000, 0.000000000000000000, -0.000000000000000000 ) ) ;
#4829 =( GEOMETRIC_REPRESENTATION_CONTEXT ( 3 ) GLOBAL_UNCERTAINTY_ASSIGNED_CONTEXT ( ( #6103 ) ) GLOBAL_UNIT_ASSIGNED_CONTEXT ( ( #298, #836, #3687 ) ) REPRESENTATION_CONTEXT ( 'NONE', 'WORKASPACE' ) );
#4830 = ORIENTED_EDGE ( 'NONE', *, *, #3833, .T. ) ;
#4831 = CARTESIAN_POINT ( 'NONE',  ( 0.1770479420039528240, -0.5349419774190524723, 0.000000000000000000 ) ) ;
#4832 = ORIENTED_EDGE ( 'NONE', *, *, #2944, .T. ) ;
#4833 = FACE_OUTER_BOUND ( 'NONE', #4103, .T. ) ;
#4834 =( NAMED_UNIT ( * ) SI_UNIT ( $, .STERADIAN. ) SOLID_ANGLE_UNIT ( ) );
#4835 = ORIENTED_EDGE ( 'NONE', *, *, #3753, .T. ) ;
#4836 =( LENGTH_UNIT ( ) NAMED_UNIT ( * ) SI_UNIT ( .MILLI., .METRE. ) );
#4837 = VECTOR ( 'NONE', #5382, 1000.000000000000000 ) ;
#4838 = EDGE_CURVE ( 'NONE', #2381, #2323, #1794, .T. ) ;
#4839 = DIRECTION ( 'NONE',  ( 0.000000000000000000, 0.000000000000000000, -1.000000000000000000 ) ) ;
#4840 = CARTESIAN_POINT ( 'NONE',  ( 0.4098909608343748734, -0.5496927200667039992, 0.001000000000000000021 ) ) ;
#4841 = VECTOR ( 'NONE', #3305, 1000.000000000000000 ) ;
#4842 = CARTESIAN_POINT ( 'NONE',  ( 0.1884156267069211910, -0.5028067035789234307, 0.001000000000000000021 ) ) ;
#4843 = ORIENTED_EDGE ( 'NONE', *, *, #1605, .T. ) ;
#4844 = DIRECTION ( 'NONE',  ( 1.445602896647339163E-16, -1.000000000000000000, 0.000000000000000000 ) ) ;
#4845 = STYLED_ITEM ( 'NONE', ( #6774 ), #3816 ) ;
#4846 = ORIENTED_EDGE ( 'NONE', *, *, #2866, .F. ) ;
#4847 = DIRECTION ( 'NONE',  ( 1.000000000000000000, 0.000000000000000000, -0.000000000000000000 ) ) ;
#4848 = LINE ( 'NONE', #4914, #2348 ) ;
#4849 = DIRECTION ( 'NONE',  ( 0.000000000000000000, 0.000000000000000000, -1.000000000000000000 ) ) ;
#4850 = FACE_OUTER_BOUND ( 'NONE', #2862, .T. ) ;
#4851 = DIRECTION ( 'NONE',  ( -0.3390537954853695690, -0.9407669869669987861, 0.000000000000000000 ) ) ;
#4852 = FACE_OUTER_BOUND ( 'NONE', #4520, .T. ) ;
#4853 = LINE ( 'NONE', #4262, #960 ) ;
#4854 = DIRECTION ( 'NONE',  ( -0.3536223923290756077, 0.9353882635801357148, 0.000000000000000000 ) ) ;
#4855 = CARTESIAN_POINT ( 'NONE',  ( 0.3791007170109748636, -0.4851045473143322240, 0.000000000000000000 ) ) ;
#4856 = CARTESIAN_POINT ( 'NONE',  ( 0.4843650151746846100, -0.5861995993702721064, 0.001000000000000000021 ) ) ;
#4857 = DIRECTION ( 'NONE',  ( 1.000000000000000000, 0.000000000000000000, 0.000000000000000000 ) ) ;
#4858 =( NAMED_UNIT ( * ) SI_UNIT ( $, .STERADIAN. ) SOLID_ANGLE_UNIT ( ) );
#4859 = CARTESIAN_POINT ( 'NONE',  ( 0.4057743215371354406, -0.5601302578776834462, 0.001000000000000000021 ) ) ;
#4860 = VERTEX_POINT ( 'NONE', #2465 ) ;
#4861 = EDGE_CURVE ( 'NONE', #4790, #5983, #4535, .T. ) ;
#4862 = DIRECTION ( 'NONE',  ( -0.000000000000000000, 0.000000000000000000, 1.000000000000000000 ) ) ;
#4863 =( NAMED_UNIT ( * ) SI_UNIT ( $, .STERADIAN. ) SOLID_ANGLE_UNIT ( ) );
#4864 = CARTESIAN_POINT ( 'NONE',  ( 0.4843650151746846100, -0.5861995993702721064, 0.000000000000000000 ) ) ;
#4865 =( GEOMETRIC_REPRESENTATION_CONTEXT ( 3 ) GLOBAL_UNCERTAINTY_ASSIGNED_CONTEXT ( ( #5795 ) ) GLOBAL_UNIT_ASSIGNED_CONTEXT ( ( #580, #5040, #5520 ) ) REPRESENTATION_CONTEXT ( 'NONE', 'WORKASPACE' ) );
#4866 = EDGE_LOOP ( 'NONE', ( #5713, #5162, #3559, #650, #3150, #2890 ) ) ;
#4867 =( LENGTH_UNIT ( ) NAMED_UNIT ( * ) SI_UNIT ( .MILLI., .METRE. ) );
#4868 = EDGE_LOOP ( 'NONE', ( #2951, #3109, #2620, #7123, #3826, #36, #2785, #2824, #3633, #4930, #979, #3967 ) ) ;
#4869 = CARTESIAN_POINT ( 'NONE',  ( 0.2550000000000000044, -0.2199999999999998068, -0.01000000000000000021 ) ) ;
#4870 = COLOUR_RGB ( '',1.000000000000000000, 1.000000000000000000, 1.000000000000000000 ) ;
#4871 = EDGE_CURVE ( 'NONE', #2342, #1271, #5787, .T. ) ;
#4872 = CARTESIAN_POINT ( 'NONE',  ( -1.000000000000000222, 0.3749999999999998890, 0.1000000000000000056 ) ) ;
#4873 = CARTESIAN_POINT ( 'NONE',  ( 0.3626178211347001468, -0.5858613039959079671, 0.001000000000000000021 ) ) ;
#4874 = STYLED_ITEM ( 'NONE', ( #4762 ), #5409 ) ;
#4875 = ORIENTED_EDGE ( 'NONE', *, *, #4360, .F. ) ;
#4876 =( LENGTH_UNIT ( ) NAMED_UNIT ( * ) SI_UNIT ( .MILLI., .METRE. ) );
#4877 =( GEOMETRIC_REPRESENTATION_CONTEXT ( 3 ) GLOBAL_UNCERTAINTY_ASSIGNED_CONTEXT ( ( #4008 ) ) GLOBAL_UNIT_ASSIGNED_CONTEXT ( ( #2569, #7007, #4641 ) ) REPRESENTATION_CONTEXT ( 'NONE', 'WORKASPACE' ) );
#4878 = SURFACE_STYLE_FILL_AREA ( #839 ) ;
#4879 =( GEOMETRIC_REPRESENTATION_CONTEXT ( 3 ) GLOBAL_UNCERTAINTY_ASSIGNED_CONTEXT ( ( #5304 ) ) GLOBAL_UNIT_ASSIGNED_CONTEXT ( ( #3085, #383, #4215 ) ) REPRESENTATION_CONTEXT ( 'NONE', 'WORKASPACE' ) );
#4880 = SURFACE_SIDE_STYLE ('',( #4293 ) ) ;
#4881 = CARTESIAN_POINT ( 'NONE',  ( -0.8039474647183502132, 0.6011454912595581845, 0.9699999999999999734 ) ) ;
#4882 = CARTESIAN_POINT ( 'NONE',  ( 0.6600000000000000311, 0.5049999999999991163, 0.1000000000000000056 ) ) ;
#4883 = EDGE_CURVE ( 'NONE', #6342, #5648, #3457, .T. ) ;
#4884 = DIRECTION ( 'NONE',  ( -0.000000000000000000, -0.000000000000000000, -1.000000000000000000 ) ) ;
#4885 = PRESENTATION_STYLE_ASSIGNMENT (( #3165 ) ) ;
#4886 = PRESENTATION_LAYER_ASSIGNMENT (  '', '', ( #1598 ) ) ;
#4887 = FILL_AREA_STYLE_COLOUR ( '', #7081 ) ;
#4888 = ADVANCED_FACE ( 'NONE', ( #4142 ), #612, .F. ) ;
#4889 = DIRECTION ( 'NONE',  ( 0.000000000000000000, -1.000000000000000000, 0.000000000000000000 ) ) ;
#4890 =( NAMED_UNIT ( * ) PLANE_ANGLE_UNIT ( ) SI_UNIT ( $, .RADIAN. ) );
#4891 = VECTOR ( 'NONE', #4740, 1000.000000000000000 ) ;
#4892 = CARTESIAN_POINT ( 'NONE',  ( 0.3502186737112699677, -0.5810166725410037536, 0.000000000000000000 ) ) ;
#4893 = CARTESIAN_POINT ( 'NONE',  ( 0.7800000000000008038, 0.3749999999999998890, -0.01000000000000000021 ) ) ;
#4894 = CARTESIAN_POINT ( 'NONE',  ( -0.2550000000000000044, 0.04000000000000021594, 0.1000000000000000056 ) ) ;
#4895 = ADVANCED_FACE ( 'NONE', ( #5417 ), #3646, .F. ) ;
#4896 =( LENGTH_UNIT ( ) NAMED_UNIT ( * ) SI_UNIT ( .MILLI., .METRE. ) );
#4897 =( NAMED_UNIT ( * ) PLANE_ANGLE_UNIT ( ) SI_UNIT ( $, .RADIAN. ) );
#4898 = CARTESIAN_POINT ( 'NONE',  ( 0.1237895578576113653, -0.5054069164434428219, 0.000000000000000000 ) ) ;
#4899 = AXIS2_PLACEMENT_3D ( 'NONE', #2293, #5090, #3949 ) ;
#4900 = CARTESIAN_POINT ( 'NONE',  ( 0.3794698237688591269, -0.5873803958569089323, 0.001000000000000000021 ) ) ;
#4901 = VECTOR ( 'NONE', #7199, 1000.000000000000000 ) ;
#4902 = ORIENTED_EDGE ( 'NONE', *, *, #3714, .T. ) ;
#4903 = FILL_AREA_STYLE ('',( #7152 ) ) ;
#4904 =( GEOMETRIC_REPRESENTATION_CONTEXT ( 3 ) GLOBAL_UNCERTAINTY_ASSIGNED_CONTEXT ( ( #2302 ) ) GLOBAL_UNIT_ASSIGNED_CONTEXT ( ( #6547, #4248, #4756 ) ) REPRESENTATION_CONTEXT ( 'NONE', 'WORKASPACE' ) );
#4905 =( NAMED_UNIT ( * ) SI_UNIT ( $, .STERADIAN. ) SOLID_ANGLE_UNIT ( ) );
#4906 = PLANE ( 'NONE',  #1718 ) ;
#4907 = VECTOR ( 'NONE', #400, 1000.000000000000000 ) ;
#4908 = ORIENTED_EDGE ( 'NONE', *, *, #3340, .T. ) ;
#4909 = CARTESIAN_POINT ( 'NONE',  ( 0.4245653652681926626, -0.5361404811861215647, 0.001000000000000000021 ) ) ;
#4910 = CARTESIAN_POINT ( 'NONE',  ( 0.3307064785893187309, -0.5861995993702721064, 0.001000000000000000021 ) ) ;
#4911 = ADVANCED_FACE ( 'NONE', ( #5292 ), #258, .T. ) ;
#4912 =( GEOMETRIC_REPRESENTATION_CONTEXT ( 3 ) GLOBAL_UNCERTAINTY_ASSIGNED_CONTEXT ( ( #6332 ) ) GLOBAL_UNIT_ASSIGNED_CONTEXT ( ( #4920, #6771, #6219 ) ) REPRESENTATION_CONTEXT ( 'NONE', 'WORKASPACE' ) );
#4913 = CARTESIAN_POINT ( 'NONE',  ( 0.4709503810283431346, -0.5752239896141745357, 0.001000000000000000021 ) ) ;
#4914 = CARTESIAN_POINT ( 'NONE',  ( -1.000000000000000222, 0.7500000000000002220, 0.000000000000000000 ) ) ;
#4915 = FILL_AREA_STYLE_COLOUR ( '', #5642 ) ;
#4916 = LINE ( 'NONE', #957, #1796 ) ;
#4917 = CARTESIAN_POINT ( 'NONE',  ( 0.1271064032695086721, -0.5049511286427665890, 0.001000000000000000021 ) ) ;
#4918 = LINE ( 'NONE', #458, #1474 ) ;
#4919 =( LENGTH_UNIT ( ) NAMED_UNIT ( * ) SI_UNIT ( .MILLI., .METRE. ) );
#4920 =( LENGTH_UNIT ( ) NAMED_UNIT ( * ) SI_UNIT ( .MILLI., .METRE. ) );
#4921 = SURFACE_STYLE_FILL_AREA ( #1622 ) ;
#4922 = DIRECTION ( 'NONE',  ( 0.000000000000000000, 1.000000000000000000, 0.000000000000000000 ) ) ;
#4923 = CARTESIAN_POINT ( 'NONE',  ( -0.7800000000000010258, 0.1250000000000000555, 0.1000000000000000056 ) ) ;
#4924 = LINE ( 'NONE', #2101, #5277 ) ;
#4925 = PRESENTATION_LAYER_ASSIGNMENT (  '', '', ( #6611 ) ) ;
#4926 = CARTESIAN_POINT ( 'NONE',  ( 0.2819259907844406388, -0.5410776481507598712, 0.001000000000000000021 ) ) ;
#4927 = SURFACE_STYLE_FILL_AREA ( #2740 ) ;
#4928 = AXIS2_PLACEMENT_3D ( 'NONE', #1413, #2995, #4743 ) ;
#4929 = SURFACE_STYLE_FILL_AREA ( #2770 ) ;
#4930 = ORIENTED_EDGE ( 'NONE', *, *, #80, .F. ) ;
#4931 = VERTEX_POINT ( 'NONE', #5847 ) ;
#4932 = SURFACE_STYLE_USAGE ( .BOTH. , #3183 ) ;
#4933 = CARTESIAN_POINT ( 'NONE',  ( 1.000000000000000000, 0.1249999999999998890, 0.000000000000000000 ) ) ;
#4934 = VECTOR ( 'NONE', #4737, 1000.000000000000000 ) ;
#4935 = DIRECTION ( 'NONE',  ( -1.000000000000000000, 0.000000000000000000, 0.000000000000000000 ) ) ;
#4936 = VECTOR ( 'NONE', #853, 1000.000000000000000 ) ;
#4937 = ORIENTED_EDGE ( 'NONE', *, *, #5988, .F. ) ;
#4938 = CARTESIAN_POINT ( 'NONE',  ( 0.4166113026921673956, -0.5073989636303181117, 0.001000000000000000021 ) ) ;
#4939 =( LENGTH_UNIT ( ) NAMED_UNIT ( * ) SI_UNIT ( .MILLI., .METRE. ) );
#4940 = VECTOR ( 'NONE', #5095, 1000.000000000000000 ) ;
#4941 = ORIENTED_EDGE ( 'NONE', *, *, #6357, .F. ) ;
#4942 = DIRECTION ( 'NONE',  ( 0.000000000000000000, -1.000000000000000000, 0.000000000000000000 ) ) ;
#4943 = FILL_AREA_STYLE ('',( #5047 ) ) ;
#4944 = LINE ( 'NONE', #586, #610 ) ;
#4945 = CARTESIAN_POINT ( 'NONE',  ( 0.2819259907844406388, -0.5301020383946623005, 0.000000000000000000 ) ) ;
#4946 = CARTESIAN_POINT ( 'NONE',  ( 0.1944703804864312546, -0.5556183232082199108, 0.001000000000000000021 ) ) ;
#4947 = FACE_OUTER_BOUND ( 'NONE', #2852, .T. ) ;
#4948 = VECTOR ( 'NONE', #3199, 1000.000000000000000 ) ;
#4949 = DIRECTION ( 'NONE',  ( 0.000000000000000000, 0.000000000000000000, -1.000000000000000000 ) ) ;
#4950 = CARTESIAN_POINT ( 'NONE',  ( 0.4136718725746709180, -0.5032948326515900295, 0.000000000000000000 ) ) ;
#4951 = DIRECTION ( 'NONE',  ( 0.000000000000000000, -0.000000000000000000, -1.000000000000000000 ) ) ;
#4952 = FILL_AREA_STYLE_COLOUR ( '', #6039 ) ;
#4953 = ORIENTED_EDGE ( 'NONE', *, *, #5725, .T. ) ;
#4954 = LINE ( 'NONE', #88, #5612 ) ;
#4955 =( NAMED_UNIT ( * ) SI_UNIT ( $, .STERADIAN. ) SOLID_ANGLE_UNIT ( ) );
#4956 = CARTESIAN_POINT ( 'NONE',  ( 0.2043136090304496499, -0.5808149622657607924, 0.000000000000000000 ) ) ;
#4957 = DIRECTION ( 'NONE',  ( -1.000000000000000000, 0.000000000000000000, 0.000000000000000000 ) ) ;
#4958 = EDGE_CURVE ( 'NONE', #3214, #5760, #831, .T. ) ;
#4959 = SURFACE_STYLE_FILL_AREA ( #2198 ) ;
#4960 = VERTEX_POINT ( 'NONE', #5985 ) ;
#4961 = CARTESIAN_POINT ( 'NONE',  ( 0.1853734146160060936, -0.5065621709452242660, 0.000000000000000000 ) ) ;
#4962 = ORIENTED_EDGE ( 'NONE', *, *, #2395, .T. ) ;
#4963 = SURFACE_SIDE_STYLE ('',( #4313 ) ) ;
#4964 = ORIENTED_EDGE ( 'NONE', *, *, #3081, .F. ) ;
#4965 = FILL_AREA_STYLE_COLOUR ( '', #5811 ) ;
#4966 = EDGE_CURVE ( 'NONE', #6816, #4533, #66, .T. ) ;
#4967 = CARTESIAN_POINT ( 'NONE',  ( 0.6600000000000001421, -0.4950000000000008837, 0.1000000000000000056 ) ) ;
#4968 = ORIENTED_EDGE ( 'NONE', *, *, #2607, .T. ) ;
#4969 = CARTESIAN_POINT ( 'NONE',  ( 0.1250000000000000278, -0.2199999999999998068, 0.1000000000000000056 ) ) ;
#4970 = COLOUR_RGB ( '',1.000000000000000000, 1.000000000000000000, 1.000000000000000000 ) ;
#4971 = AXIS2_PLACEMENT_3D ( 'NONE', #5472, #3704, #4816 ) ;
#4972 =( NAMED_UNIT ( * ) SI_UNIT ( $, .STERADIAN. ) SOLID_ANGLE_UNIT ( ) );
#4973 =( NAMED_UNIT ( * ) PLANE_ANGLE_UNIT ( ) SI_UNIT ( $, .RADIAN. ) );
#4974 = VECTOR ( 'NONE', #6877, 1000.000000000000000 ) ;
#4975 = DIRECTION ( 'NONE',  ( 0.000000000000000000, -0.000000000000000000, 1.000000000000000000 ) ) ;
#4976 = PRESENTATION_LAYER_ASSIGNMENT (  '', '', ( #320 ) ) ;
#4977 = DIRECTION ( 'NONE',  ( 0.000000000000000000, -1.000000000000000000, 0.000000000000000000 ) ) ;
#4978 = ADVANCED_FACE ( 'NONE', ( #1147 ), #2764, .F. ) ;
#4979 = CARTESIAN_POINT ( 'NONE',  ( 0.1905641450408090132, -0.5397549380783919215, 0.000000000000000000 ) ) ;
#4980 = LINE ( 'NONE', #1614, #4285 ) ;
#4981 = PRESENTATION_LAYER_ASSIGNMENT (  '', '', ( #1944 ) ) ;
#4982 = VECTOR ( 'NONE', #4735, 1000.000000000000000 ) ;
#4983 = LINE ( 'NONE', #5643, #1245 ) ;
#4984 = CARTESIAN_POINT ( 'NONE',  ( 0.3815315268658405756, -0.4966029508409767756, 0.001000000000000000021 ) ) ;
#4985 = DIRECTION ( 'NONE',  ( 0.000000000000000000, -0.000000000000000000, 1.000000000000000000 ) ) ;
#4986 = FACE_BOUND ( 'NONE', #6293, .T. ) ;
#4987 = EDGE_CURVE ( 'NONE', #3604, #3897, #3358, .T. ) ;
#4988 = FILL_AREA_STYLE ('',( #130 ) ) ;
#4989 = ADVANCED_FACE ( 'NONE', ( #3474 ), #15, .T. ) ;
#4990 = UNCERTAINTY_MEASURE_WITH_UNIT (LENGTH_MEASURE( 1.000000000000000082E-05 ), #713, 'distance_accuracy_value', 'NONE');
#4991 = B_SPLINE_SURFACE_WITH_KNOTS ( 'NONE', 3, 1, ( 
 ( #6344, #5944 ),
 ( #4195, #3636 ),
 ( #2523, #5404 ),
 ( #250, #3030 ),
 ( #395, #3133 ),
 ( #4741, #6964 ),
 ( #316, #1973 ),
 ( #3706, #4231 ),
 ( #6418, #2096 ),
 ( #1933, #929 ),
 ( #6458, #4266 ) ),
 .UNSPECIFIED., .F., .F., .F.,
 ( 4, 1, 1, 1, 1, 1, 1, 1, 4 ),
 ( 2, 2 ),
 ( 0.000000000000000000, 0.1451868664724718094, 0.2834426109197309973, 0.4165243659288296874, 0.5431811235350844091, 0.6651530826377135552, 0.7813602063127151887, 0.8927566556418090604, 1.000000000000000000 ),
 ( 0.000000000000000000, 1.000000000000000000 ),
 .UNSPECIFIED. ) ;
#4992 = LINE ( 'NONE', #2416, #2771 ) ;
#4993 = CARTESIAN_POINT ( 'NONE',  ( 0.2794869663941967897, -0.4861995993702720176, 0.000000000000000000 ) ) ;
#4994 = MECHANICAL_DESIGN_GEOMETRIC_PRESENTATION_REPRESENTATION (  '', ( #89 ), #4305 ) ;
#4995 = CARTESIAN_POINT ( 'NONE',  ( 0.4843650151746846100, -0.4861995993702720176, 0.001000000000000000021 ) ) ;
#4996 = CARTESIAN_POINT ( 'NONE',  ( -0.2449999999999999956, -0.07999999999999977962, -0.01000000000000000021 ) ) ;
#4997 = ORIENTED_EDGE ( 'NONE', *, *, #1396, .F. ) ;
#4998 = DIRECTION ( 'NONE',  ( -1.000000000000000000, 0.000000000000000000, -0.000000000000000000 ) ) ;
#4999 = ORIENTED_EDGE ( 'NONE', *, *, #7065, .T. ) ;
#5000 =( LENGTH_UNIT ( ) NAMED_UNIT ( * ) SI_UNIT ( .MILLI., .METRE. ) );
#5001 = B_SPLINE_CURVE_WITH_KNOTS ( 'NONE', 3,
 ( #3057, #922, #5309, #4766, #307, #2595, #6483, #5901, #3741, #813, #3772, #5968, #5866, #2553, #3197, #3163, #1477, #276, #5430 ),
 .UNSPECIFIED., .F., .F.,
 ( 4, 1, 1, 1, 1, 1, 1, 1, 1, 1, 1, 1, 1, 1, 1, 1, 4 ),
 ( 0.000000000000000000, 0.07377411937406358478, 0.1440791147260405969, 0.2113485183089111874, 0.2760768857398832599, 0.3385209158196763601, 0.3998851166931334244, 0.4602540674652133568, 0.5205889643912482434, 0.5802076845630447233, 0.6386329085525460636, 0.6963645494905235100, 0.7540017746600126136, 0.8128056813744971576, 0.8727544255255602623, 0.9351819969782664277, 1.000000000000000000 ),
 .UNSPECIFIED. ) ;
#5002 = SURFACE_STYLE_FILL_AREA ( #6717 ) ;
#5003 = PRESENTATION_LAYER_ASSIGNMENT (  '', '', ( #4419 ) ) ;
#5004 = ORIENTED_EDGE ( 'NONE', *, *, #2943, .F. ) ;
#5005 = EDGE_LOOP ( 'NONE', ( #4315, #6132, #2202, #4744, #4452, #2965, #1255, #6942, #4495, #2853, #5685, #6218 ) ) ;
#5006 = PRESENTATION_STYLE_ASSIGNMENT (( #3268 ) ) ;
#5007 = VECTOR ( 'NONE', #2037, 1000.000000000000000 ) ;
#5008 = ORIENTED_EDGE ( 'NONE', *, *, #5364, .T. ) ;
#5009 = EDGE_CURVE ( 'NONE', #5704, #409, #7078, .T. ) ;
#5010 = CIRCLE ( 'NONE', #1619, 0.07820794517887262598 ) ;
#5011 = LINE ( 'NONE', #3044, #5363 ) ;
#5012 = COLOUR_RGB ( '',1.000000000000000000, 1.000000000000000000, 1.000000000000000000 ) ;
#5013 = ORIENTED_EDGE ( 'NONE', *, *, #7150, .T. ) ;
#5014 = DIRECTION ( 'NONE',  ( -1.000000000000000000, 0.000000000000000000, 0.000000000000000000 ) ) ;
#5015 = UNCERTAINTY_MEASURE_WITH_UNIT (LENGTH_MEASURE( 1.000000000000000082E-05 ), #6990, 'distance_accuracy_value', 'NONE');
#5016 = DIRECTION ( 'NONE',  ( -1.000000000000000000, 0.000000000000000000, 0.000000000000000000 ) ) ;
#5017 =( NAMED_UNIT ( * ) PLANE_ANGLE_UNIT ( ) SI_UNIT ( $, .RADIAN. ) );
#5018 = FACE_OUTER_BOUND ( 'NONE', #2247, .T. ) ;
#5019 =( LENGTH_UNIT ( ) NAMED_UNIT ( * ) SI_UNIT ( .MILLI., .METRE. ) );
#5020 = COLOUR_RGB ( '',0.000000000000000000, 0.000000000000000000, 0.000000000000000000 ) ;
#5021 = SURFACE_STYLE_FILL_AREA ( #2799 ) ;
#5022 = PRESENTATION_STYLE_ASSIGNMENT (( #6225 ) ) ;
#5023 = PLANE ( 'NONE',  #4140 ) ;
#5024 = FILL_AREA_STYLE ('',( #4952 ) ) ;
#5025 = VERTEX_POINT ( 'NONE', #2232 ) ;
#5026 = PRESENTATION_STYLE_ASSIGNMENT (( #3319 ) ) ;
#5027 = LINE ( 'NONE', #594, #4826 ) ;
#5028 = ORIENTED_EDGE ( 'NONE', *, *, #6913, .T. ) ;
#5029 = FILL_AREA_STYLE ('',( #3285 ) ) ;
#5030 = ORIENTED_EDGE ( 'NONE', *, *, #2020, .T. ) ;
#5031 = CARTESIAN_POINT ( 'NONE',  ( 0.2819259907844406388, -0.5410776481507598712, 0.000000000000000000 ) ) ;
#5032 = ORIENTED_EDGE ( 'NONE', *, *, #2032, .F. ) ;
#5033 = CARTESIAN_POINT ( 'NONE',  ( 0.3815315268658405756, -0.4966029508409767756, 0.000000000000000000 ) ) ;
#5034 = PRESENTATION_LAYER_ASSIGNMENT (  '', '', ( #9 ) ) ;
#5035 = SURFACE_STYLE_USAGE ( .BOTH. , #6790 ) ;
#5036 = COLOUR_RGB ( '',1.000000000000000000, 1.000000000000000000, 1.000000000000000000 ) ;
#5037 = FILL_AREA_STYLE_COLOUR ( '', #5468 ) ;
#5038 = VERTEX_POINT ( 'NONE', #4516 ) ;
#5039 = ORIENTED_EDGE ( 'NONE', *, *, #5427, .F. ) ;
#5040 =( NAMED_UNIT ( * ) PLANE_ANGLE_UNIT ( ) SI_UNIT ( $, .RADIAN. ) );
#5041 = CIRCLE ( 'NONE', #1305, 0.1199999999999999956 ) ;
#5042 = FILL_AREA_STYLE_COLOUR ( '', #6849 ) ;
#5043 = EDGE_CURVE ( 'NONE', #5702, #7192, #4444, .T. ) ;
#5044 = EDGE_LOOP ( 'NONE', ( #1785, #6646 ) ) ;
#5045 = CARTESIAN_POINT ( 'NONE',  ( 0.1455502285893186809, -0.5581508188824672034, 0.000000000000000000 ) ) ;
#5046 = VECTOR ( 'NONE', #4857, 1000.000000000000000 ) ;
#5047 = FILL_AREA_STYLE_COLOUR ( '', #5706 ) ;
#5048 = ORIENTED_EDGE ( 'NONE', *, *, #4748, .F. ) ;
#5049 = CARTESIAN_POINT ( 'NONE',  ( -1.000000000000000222, 0.7500000000000002220, 0.9799999999999999822 ) ) ;
#5050 = ORIENTED_EDGE ( 'NONE', *, *, #809, .T. ) ;
#5051 = CARTESIAN_POINT ( 'NONE',  ( 0.2065980851551378894, -0.5693678681574837475, 0.001000000000000000021 ) ) ;
#5052 = DIRECTION ( 'NONE',  ( 0.000000000000000000, 0.000000000000000000, -1.000000000000000000 ) ) ;
#5053 = VECTOR ( 'NONE', #7064, 1000.000000000000000 ) ;
#5054 =( LENGTH_UNIT ( ) NAMED_UNIT ( * ) SI_UNIT ( .MILLI., .METRE. ) );
#5055 =( NAMED_UNIT ( * ) PLANE_ANGLE_UNIT ( ) SI_UNIT ( $, .RADIAN. ) );
#5056 = DIRECTION ( 'NONE',  ( -0.3635424856527061932, -0.9315776194850602376, 0.000000000000000000 ) ) ;
#5057 = STYLED_ITEM ( 'NONE', ( #3213 ), #3838 ) ;
#5058 = DIRECTION ( 'NONE',  ( 1.000000000000000000, 0.000000000000000000, 0.000000000000000000 ) ) ;
#5059 = ORIENTED_EDGE ( 'NONE', *, *, #6030, .T. ) ;
#5060 = UNCERTAINTY_MEASURE_WITH_UNIT (LENGTH_MEASURE( 1.000000000000000082E-05 ), #1265, 'distance_accuracy_value', 'NONE');
#5061 =( NAMED_UNIT ( * ) PLANE_ANGLE_UNIT ( ) SI_UNIT ( $, .RADIAN. ) );
#5062 = ORIENTED_EDGE ( 'NONE', *, *, #664, .F. ) ;
#5063 = PLANE ( 'NONE',  #1163 ) ;
#5064 = CARTESIAN_POINT ( 'NONE',  ( 0.3528747126613135943, -0.5008147772515417762, 0.001000000000000000021 ) ) ;
#5065 = ORIENTED_EDGE ( 'NONE', *, *, #4326, .F. ) ;
#5066 = CARTESIAN_POINT ( 'NONE',  ( 0.4097972482681468964, -0.5241706840843834980, 0.000000000000000000 ) ) ;
#5067 = EDGE_CURVE ( 'NONE', #4781, #1452, #4557, .T. ) ;
#5068 = CARTESIAN_POINT ( 'NONE',  ( 0.7800000000000009148, -0.1250000000000001110, 0.1000000000000000056 ) ) ;
#5069 = VERTEX_POINT ( 'NONE', #6365 ) ;
#5070 = DIRECTION ( 'NONE',  ( 0.9315776194850603487, -0.3635424856527062487, 0.000000000000000000 ) ) ;
#5071 =( LENGTH_UNIT ( ) NAMED_UNIT ( * ) SI_UNIT ( .MILLI., .METRE. ) );
#5072 = ORIENTED_EDGE ( 'NONE', *, *, #2914, .T. ) ;
#5073 = ORIENTED_EDGE ( 'NONE', *, *, #2183, .F. ) ;
#5074 = CARTESIAN_POINT ( 'NONE',  ( 0.3842946468234111346, -0.4858093401534626099, 0.001000000000000000021 ) ) ;
#5075 = EDGE_CURVE ( 'NONE', #1162, #619, #5763, .T. ) ;
#5076 = EDGE_LOOP ( 'NONE', ( #1046, #3103, #4685, #2080, #4937, #3076 ) ) ;
#5077 = LINE ( 'NONE', #2857, #6898 ) ;
#5078 = CARTESIAN_POINT ( 'NONE',  ( 0.3511570127887688186, -0.5815345975079931895, 0.001000000000000000021 ) ) ;
#5079 = ORIENTED_EDGE ( 'NONE', *, *, #4958, .T. ) ;
#5080 =( NAMED_UNIT ( * ) PLANE_ANGLE_UNIT ( ) SI_UNIT ( $, .RADIAN. ) );
#5081 = FACE_OUTER_BOUND ( 'NONE', #1808, .T. ) ;
#5082 = UNCERTAINTY_MEASURE_WITH_UNIT (LENGTH_MEASURE( 1.000000000000000082E-05 ), #1341, 'distance_accuracy_value', 'NONE');
#5083 = MECHANICAL_DESIGN_GEOMETRIC_PRESENTATION_REPRESENTATION (  '', ( #1832 ), #5197 ) ;
#5084 = PRESENTATION_STYLE_ASSIGNMENT (( #5332 ) ) ;
#5085 = VERTEX_POINT ( 'NONE', #1965 ) ;
#5086 = CARTESIAN_POINT ( 'NONE',  ( 0.2254790785777219531, -0.5751278791715334071, 0.000000000000000000 ) ) ;
#5087 = DIRECTION ( 'NONE',  ( 0.000000000000000000, -0.000000000000000000, 1.000000000000000000 ) ) ;
#5088 = COLOUR_RGB ( '',1.000000000000000000, 1.000000000000000000, 1.000000000000000000 ) ;
#5089 = DIRECTION ( 'NONE',  ( 0.000000000000000000, -0.000000000000000000, 1.000000000000000000 ) ) ;
#5090 = DIRECTION ( 'NONE',  ( 0.000000000000000000, 0.000000000000000000, -1.000000000000000000 ) ) ;
#5091 = AXIS2_PLACEMENT_3D ( 'NONE', #368, #4827, #4957 ) ;
#5092 = B_SPLINE_CURVE_WITH_KNOTS ( 'NONE', 3,
 ( #2721, #4909, #4359, #6581, #3831, #6022, #1020, #4938, #7159, #2177, #6828, #1870, #1165, #5120, #3495, #5074, #3002, #6213, #2932 ),
 .UNSPECIFIED., .F., .F.,
 ( 4, 1, 1, 1, 1, 1, 1, 1, 1, 1, 1, 1, 1, 1, 1, 1, 4 ),
 ( 0.000000000000000000, 0.07064371857535320376, 0.1382567155089041155, 0.2033641242175797947, 0.2663240938030566052, 0.3279047615429894202, 0.3887377151730923019, 0.4494235281093024170, 0.5108610114593153950, 0.5720793960475145656, 0.6317344287314452522, 0.6911172105788382369, 0.7503600294901705547, 0.8100329005312622010, 0.8713624508287367565, 0.9344271412311535574, 1.000000000000000000 ),
 .UNSPECIFIED. ) ;
#5093 = EDGE_CURVE ( 'NONE', #4931, #5127, #4705, .T. ) ;
#5094 = CARTESIAN_POINT ( 'NONE',  ( -0.2550000000000000044, 0.04000000000000021594, 0.000000000000000000 ) ) ;
#5095 = DIRECTION ( 'NONE',  ( -0.000000000000000000, -0.000000000000000000, -1.000000000000000000 ) ) ;
#5096 = CARTESIAN_POINT ( 'NONE',  ( 0.3556554558226934781, -0.4995303983089320332, 0.001000000000000000021 ) ) ;
#5097 = VERTEX_POINT ( 'NONE', #2517 ) ;
#5098 = ORIENTED_EDGE ( 'NONE', *, *, #3522, .T. ) ;
#5099 = AXIS2_PLACEMENT_3D ( 'NONE', #883, #6557, #4331 ) ;
#5100 =( GEOMETRIC_REPRESENTATION_CONTEXT ( 3 ) GLOBAL_UNCERTAINTY_ASSIGNED_CONTEXT ( ( #2656 ) ) GLOBAL_UNIT_ASSIGNED_CONTEXT ( ( #3431, #3388, #5602 ) ) REPRESENTATION_CONTEXT ( 'NONE', 'WORKASPACE' ) );
#5101 = DIRECTION ( 'NONE',  ( -1.000000000000000000, 0.000000000000000000, 0.000000000000000000 ) ) ;
#5102 = EDGE_LOOP ( 'NONE', ( #14, #5445, #4603, #4169, #2327, #3689 ) ) ;
#5103 = EDGE_CURVE ( 'NONE', #2717, #4043, #5205, .T. ) ;
#5104 = CARTESIAN_POINT ( 'NONE',  ( 0.2090093198767008220, -0.5827786810270670914, 0.001000000000000000021 ) ) ;
#5105 = VECTOR ( 'NONE', #2751, 1000.000000000000000 ) ;
#5106 = ORIENTED_EDGE ( 'NONE', *, *, #5075, .T. ) ;
#5107 = FILL_AREA_STYLE ('',( #5143 ) ) ;
#5108 =( NAMED_UNIT ( * ) PLANE_ANGLE_UNIT ( ) SI_UNIT ( $, .RADIAN. ) );
#5109 =( NAMED_UNIT ( * ) PLANE_ANGLE_UNIT ( ) SI_UNIT ( $, .RADIAN. ) );
#5110 = CARTESIAN_POINT ( 'NONE',  ( 0.3852342661840178484, -0.4974422447642035672, 0.000000000000000000 ) ) ;
#5111 = EDGE_CURVE ( 'NONE', #132, #143, #6495, .T. ) ;
#5112 = DIRECTION ( 'NONE',  ( 1.000000000000000000, 0.000000000000000000, 0.000000000000000000 ) ) ;
#5113 = ORIENTED_EDGE ( 'NONE', *, *, #7023, .F. ) ;
#5114 = SURFACE_STYLE_USAGE ( .BOTH. , #1820 ) ;
#5115 = DIRECTION ( 'NONE',  ( 0.000000000000000000, 0.000000000000000000, 1.000000000000000000 ) ) ;
#5116 = DIRECTION ( 'NONE',  ( 0.000000000000000000, 0.000000000000000000, -1.000000000000000000 ) ) ;
#5117 = ORIENTED_EDGE ( 'NONE', *, *, #1513, .F. ) ;
#5118 = COLOUR_RGB ( '',1.000000000000000000, 1.000000000000000000, 1.000000000000000000 ) ;
#5119 = VERTEX_POINT ( 'NONE', #5311 ) ;
#5120 = CARTESIAN_POINT ( 'NONE',  ( 0.3939533823349847808, -0.4885304565887013672, 0.001000000000000000021 ) ) ;
#5121 = LINE ( 'NONE', #107, #540 ) ;
#5122 = DIRECTION ( 'NONE',  ( 1.000000000000000000, -0.000000000000000000, -0.000000000000000000 ) ) ;
#5123 = EDGE_CURVE ( 'NONE', #5157, #5625, #1927, .T. ) ;
#5124 = VERTEX_POINT ( 'NONE', #4155 ) ;
#5125 = CARTESIAN_POINT ( 'NONE',  ( 0.1421775151746845489, -0.5471752091263696327, 0.001000000000000000021 ) ) ;
#5126 = FILL_AREA_STYLE_COLOUR ( '', #4201 ) ;
#5127 = VERTEX_POINT ( 'NONE', #712 ) ;
#5128 = APPLICATION_CONTEXT ( 'automotive_design' ) ;
#5129 = DIRECTION ( 'NONE',  ( 0.000000000000000000, 0.000000000000000000, -1.000000000000000000 ) ) ;
#5130 = SURFACE_SIDE_STYLE ('',( #1282 ) ) ;
#5131 = FILL_AREA_STYLE ('',( #5163 ) ) ;
#5132 = EDGE_CURVE ( 'NONE', #678, #5983, #2383, .T. ) ;
#5133 = CARTESIAN_POINT ( 'NONE',  ( 0.3776493790946902629, -0.4960419678724320436, 0.000000000000000000 ) ) ;
#5134 = CARTESIAN_POINT ( 'NONE',  ( 0.4229071329093481713, -0.5535249773642895166, 0.000000000000000000 ) ) ;
#5135 = CARTESIAN_POINT ( 'NONE',  ( 0.3511067122740457735, -0.5018421186564900882, 0.000000000000000000 ) ) ;
#5136 = CARTESIAN_POINT ( 'NONE',  ( -0.7800000000000002487, -0.4950000000000001066, -0.01000000000000000021 ) ) ;
#5137 = COLOUR_RGB ( '',1.000000000000000000, 1.000000000000000000, 1.000000000000000000 ) ;
#5138 = SURFACE_STYLE_USAGE ( .BOTH. , #2765 ) ;
#5139 = VERTEX_POINT ( 'NONE', #3628 ) ;
#5140 = ADVANCED_FACE ( 'NONE', ( #3517 ), #1288, .T. ) ;
#5141 = SURFACE_SIDE_STYLE ('',( #1853 ) ) ;
#5142 = ORIENTED_EDGE ( 'NONE', *, *, #4405, .T. ) ;
#5143 = FILL_AREA_STYLE_COLOUR ( '', #722 ) ;
#5144 = STYLED_ITEM ( 'NONE', ( #5636 ), #7218 ) ;
#5145 = SURFACE_SIDE_STYLE ('',( #2961 ) ) ;
#5146 = DIRECTION ( 'NONE',  ( 0.000000000000000000, 0.000000000000000000, -1.000000000000000000 ) ) ;
#5147 = VERTEX_POINT ( 'NONE', #5971 ) ;
#5148 = VERTEX_POINT ( 'NONE', #1552 ) ;
#5149 = SURFACE_SIDE_STYLE ('',( #1865 ) ) ;
#5150 = STYLED_ITEM ( 'NONE', ( #1775 ), #4296 ) ;
#5151 = ORIENTED_EDGE ( 'NONE', *, *, #3056, .T. ) ;
#5152 = ORIENTED_EDGE ( 'NONE', *, *, #6901, .T. ) ;
#5153 =( NAMED_UNIT ( * ) PLANE_ANGLE_UNIT ( ) SI_UNIT ( $, .RADIAN. ) );
#5154 = DIRECTION ( 'NONE',  ( 0.000000000000000000, 0.000000000000000000, -1.000000000000000000 ) ) ;
#5155 = CARTESIAN_POINT ( 'NONE',  ( -0.1250000000000000000, -0.7499999999999997780, 0.1000000000000000056 ) ) ;
#5156 =( NAMED_UNIT ( * ) SI_UNIT ( $, .STERADIAN. ) SOLID_ANGLE_UNIT ( ) );
#5157 = VERTEX_POINT ( 'NONE', #2597 ) ;
#5158 = DIRECTION ( 'NONE',  ( 0.000000000000000000, 0.000000000000000000, 1.000000000000000000 ) ) ;
#5159 = CARTESIAN_POINT ( 'NONE',  ( 0.2238760795229987333, -0.4863208384366833337, 0.001000000000000000021 ) ) ;
#5160 = UNCERTAINTY_MEASURE_WITH_UNIT (LENGTH_MEASURE( 1.000000000000000082E-05 ), #4059, 'distance_accuracy_value', 'NONE');
#5161 = PRESENTATION_LAYER_ASSIGNMENT (  '', '', ( #3906 ) ) ;
#5162 = ORIENTED_EDGE ( 'NONE', *, *, #606, .T. ) ;
#5163 = FILL_AREA_STYLE_COLOUR ( '', #1826 ) ;
#5164 = CIRCLE ( 'NONE', #22, 0.1199999999999999956 ) ;
#5165 = CARTESIAN_POINT ( 'NONE',  ( 0.1930661523789636846, -0.5186417512240982797, 0.000000000000000000 ) ) ;
#5166 = CARTESIAN_POINT ( 'NONE',  ( 0.1250000000000000000, 0.7500000000000002220, 0.1000000000000000056 ) ) ;
#5167 = CARTESIAN_POINT ( 'NONE',  ( -0.7800000000000010258, -0.1250000000000001110, 0.1000000000000000056 ) ) ;
#5168 = CARTESIAN_POINT ( 'NONE',  ( 0.3828645832353611000, -0.5873046829403482105, 0.001000000000000000021 ) ) ;
#5169 = ADVANCED_FACE ( 'NONE', ( #4261 ), #959, .T. ) ;
#5170 =( NAMED_UNIT ( * ) SI_UNIT ( $, .STERADIAN. ) SOLID_ANGLE_UNIT ( ) );
#5171 = VERTEX_POINT ( 'NONE', #6586 ) ;
#5172 = PRESENTATION_STYLE_ASSIGNMENT (( #711 ) ) ;
#5173 = COLOUR_RGB ( '',1.000000000000000000, 1.000000000000000000, 1.000000000000000000 ) ;
#5174 = SURFACE_SIDE_STYLE ('',( #5206 ) ) ;
#5175 = EDGE_CURVE ( 'NONE', #2342, #1251, #3166, .T. ) ;
#5176 = CARTESIAN_POINT ( 'NONE',  ( 0.1256569359063918478, -0.4983947213214915406, 0.001000000000000000021 ) ) ;
#5177 = MECHANICAL_DESIGN_GEOMETRIC_PRESENTATION_REPRESENTATION (  '', ( #3314 ), #2971 ) ;
#5178 = EDGE_LOOP ( 'NONE', ( #4875, #54, #1943, #4274 ) ) ;
#5179 = CARTESIAN_POINT ( 'NONE',  ( 0.3307064785893187309, -0.5861995993702721064, 0.000000000000000000 ) ) ;
#5180 = AXIS2_PLACEMENT_3D ( 'NONE', #4996, #4524, #1701 ) ;
#5181 = FACE_OUTER_BOUND ( 'NONE', #6962, .T. ) ;
#5182 = SURFACE_STYLE_FILL_AREA ( #1260 ) ;
#5183 = DIRECTION ( 'NONE',  ( 0.000000000000000000, 0.000000000000000000, -1.000000000000000000 ) ) ;
#5184 = ORIENTED_EDGE ( 'NONE', *, *, #5892, .T. ) ;
#5185 = LINE ( 'NONE', #5701, #5371 ) ;
#5186 = EDGE_LOOP ( 'NONE', ( #567, #4244, #837, #4218 ) ) ;
#5187 = DIRECTION ( 'NONE',  ( 0.000000000000000000, -1.000000000000000000, 0.000000000000000000 ) ) ;
#5188 = ADVANCED_FACE ( 'NONE', ( #4852 ), #6450, .T. ) ;
#5189 = CARTESIAN_POINT ( 'NONE',  ( 0.3526375371329639186, -0.4879616318174282985, 0.000000000000000000 ) ) ;
#5190 =( NAMED_UNIT ( * ) PLANE_ANGLE_UNIT ( ) SI_UNIT ( $, .RADIAN. ) );
#5191 = SURFACE_STYLE_USAGE ( .BOTH. , #4757 ) ;
#5192 = CARTESIAN_POINT ( 'NONE',  ( 0.2274782860851227440, -0.4862405485655302839, 0.001000000000000000021 ) ) ;
#5193 = ORIENTED_EDGE ( 'NONE', *, *, #3872, .F. ) ;
#5194 =( NAMED_UNIT ( * ) SI_UNIT ( $, .STERADIAN. ) SOLID_ANGLE_UNIT ( ) );
#5195 = CARTESIAN_POINT ( 'NONE',  ( 0.2299252285893187142, -0.5752239896141745357, 0.001000000000000000021 ) ) ;
#5196 = SURFACE_STYLE_FILL_AREA ( #5131 ) ;
#5197 =( GEOMETRIC_REPRESENTATION_CONTEXT ( 3 ) GLOBAL_UNCERTAINTY_ASSIGNED_CONTEXT ( ( #4263 ) ) GLOBAL_UNIT_ASSIGNED_CONTEXT ( ( #1470, #7020, #4760 ) ) REPRESENTATION_CONTEXT ( 'NONE', 'WORKASPACE' ) );
#5198 = CARTESIAN_POINT ( 'NONE',  ( 0.4071945005513232796, -0.5165846886741461974, 0.001000000000000000021 ) ) ;
#5199 = ADVANCED_FACE ( 'NONE', ( #3840 ), #2671, .T. ) ;
#5200 = SURFACE_SIDE_STYLE ('',( #743 ) ) ;
#5201 = CARTESIAN_POINT ( 'NONE',  ( 0.4245165003218918653, -0.5434443585324807424, 0.001000000000000000021 ) ) ;
#5202 =( LENGTH_UNIT ( ) NAMED_UNIT ( * ) SI_UNIT ( .MILLI., .METRE. ) );
#5203 = VERTEX_POINT ( 'NONE', #1140 ) ;
#5204 = LINE ( 'NONE', #202, #5849 ) ;
#5205 = LINE ( 'NONE', #6924, #5677 ) ;
#5206 = SURFACE_STYLE_FILL_AREA ( #282 ) ;
#5207 = CARTESIAN_POINT ( 'NONE',  ( 0.3722970945369922791, -0.5763963876954305565, 0.000000000000000000 ) ) ;
#5208 = ORIENTED_EDGE ( 'NONE', *, *, #4128, .T. ) ;
#5209 = FILL_AREA_STYLE ('',( #4675 ) ) ;
#5210 =( NAMED_UNIT ( * ) SI_UNIT ( $, .STERADIAN. ) SOLID_ANGLE_UNIT ( ) );
#5211 = ADVANCED_FACE ( 'NONE', ( #4947 ), #589, .T. ) ;
#5212 =( NAMED_UNIT ( * ) SI_UNIT ( $, .STERADIAN. ) SOLID_ANGLE_UNIT ( ) );
#5213 = PRESENTATION_LAYER_ASSIGNMENT (  '', '', ( #430 ) ) ;
#5214 = SURFACE_STYLE_USAGE ( .BOTH. , #5909 ) ;
#5215 = EDGE_LOOP ( 'NONE', ( #2808, #3222, #3343, #7127, #1225, #3040 ) ) ;
#5216 = PRESENTATION_LAYER_ASSIGNMENT (  '', '', ( #4874 ) ) ;
#5217 = AXIS2_PLACEMENT_3D ( 'NONE', #760, #2365, #224 ) ;
#5218 = ORIENTED_EDGE ( 'NONE', *, *, #1641, .T. ) ;
#5219 = VECTOR ( 'NONE', #466, 1000.000000000000000 ) ;
#5220 =( NAMED_UNIT ( * ) PLANE_ANGLE_UNIT ( ) SI_UNIT ( $, .RADIAN. ) );
#5221 = ORIENTED_EDGE ( 'NONE', *, *, #6715, .T. ) ;
#5222 = CARTESIAN_POINT ( 'NONE',  ( -1.000000000000000000, -0.1250000000000001110, 0.9799999999999999822 ) ) ;
#5223 = VERTEX_POINT ( 'NONE', #6631 ) ;
#5224 = SURFACE_STYLE_FILL_AREA ( #730 ) ;
#5225 = CARTESIAN_POINT ( 'NONE',  ( 1.010000000000000009, 0.6249999999999998890, 0.1000000000000000056 ) ) ;
#5226 = FACE_OUTER_BOUND ( 'NONE', #5915, .T. ) ;
#5227 = UNCERTAINTY_MEASURE_WITH_UNIT (LENGTH_MEASURE( 1.000000000000000082E-05 ), #2753, 'distance_accuracy_value', 'NONE');
#5228 = VERTEX_POINT ( 'NONE', #5496 ) ;
#5229 = SURFACE_STYLE_FILL_AREA ( #1838 ) ;
#5230 = EDGE_CURVE ( 'NONE', #1460, #6021, #4980, .T. ) ;
#5231 = CYLINDRICAL_SURFACE ( 'NONE', #1121, 0.07820794517887262598 ) ;
#5232 = UNCERTAINTY_MEASURE_WITH_UNIT (LENGTH_MEASURE( 1.000000000000000082E-05 ), #4080, 'distance_accuracy_value', 'NONE');
#5233 = LINE ( 'NONE', #2378, #1860 ) ;
#5234 = AXIS2_PLACEMENT_3D ( 'NONE', #4385, #2828, #480 ) ;
#5235 = DIRECTION ( 'NONE',  ( -1.000000000000000000, 0.000000000000000000, -0.000000000000000000 ) ) ;
#5236 = CARTESIAN_POINT ( 'NONE',  ( 0.4119302693639949609, -0.5739433643428666354, 0.000000000000000000 ) ) ;
#5237 = AXIS2_PLACEMENT_3D ( 'NONE', #3005, #6906, #3043 ) ;
#5238 = DIRECTION ( 'NONE',  ( -0.000000000000000000, -0.000000000000000000, -1.000000000000000000 ) ) ;
#5239 = VERTEX_POINT ( 'NONE', #1728 ) ;
#5240 = VECTOR ( 'NONE', #3893, 1000.000000000000000 ) ;
#5241 =( LENGTH_UNIT ( ) NAMED_UNIT ( * ) SI_UNIT ( .MILLI., .METRE. ) );
#5242 = PLANE ( 'NONE',  #3909 ) ;
#5243 = ORIENTED_EDGE ( 'NONE', *, *, #354, .F. ) ;
#5244 = PLANE ( 'NONE',  #5367 ) ;
#5245 = COLOUR_RGB ( '',0.000000000000000000, 0.000000000000000000, 0.000000000000000000 ) ;
#5246 =( NAMED_UNIT ( * ) PLANE_ANGLE_UNIT ( ) SI_UNIT ( $, .RADIAN. ) );
#5247 = DIRECTION ( 'NONE',  ( 0.000000000000000000, 0.000000000000000000, -1.000000000000000000 ) ) ;
#5248 = ORIENTED_EDGE ( 'NONE', *, *, #1605, .F. ) ;
#5249 = VECTOR ( 'NONE', #3746, 1000.000000000000000 ) ;
#5250 = SURFACE_STYLE_USAGE ( .BOTH. , #5327 ) ;
#5251 = DIRECTION ( 'NONE',  ( -1.000000000000000000, 0.000000000000000000, 0.000000000000000000 ) ) ;
#5252 = ORIENTED_EDGE ( 'NONE', *, *, #1211, .T. ) ;
#5253 = DIRECTION ( 'NONE',  ( 0.000000000000000000, -1.000000000000000000, 0.000000000000000000 ) ) ;
#5254 = ORIENTED_EDGE ( 'NONE', *, *, #2419, .F. ) ;
#5255 = EDGE_CURVE ( 'NONE', #1010, #5069, #7204, .T. ) ;
#5256 =( NAMED_UNIT ( * ) PLANE_ANGLE_UNIT ( ) SI_UNIT ( $, .RADIAN. ) );
#5257 = ORIENTED_EDGE ( 'NONE', *, *, #1119, .F. ) ;
#5258 = CARTESIAN_POINT ( 'NONE',  ( 0.1778910721471239076, -0.5459362768067417271, 0.000000000000000000 ) ) ;
#5259 = PRESENTATION_LAYER_ASSIGNMENT (  '', '', ( #133 ) ) ;
#5260 = CARTESIAN_POINT ( 'NONE',  ( 0.3307064785893187309, -0.4861995993702720176, 0.000000000000000000 ) ) ;
#5261 = ORIENTED_EDGE ( 'NONE', *, *, #4571, .T. ) ;
#5262 = CARTESIAN_POINT ( 'NONE',  ( 0.3771702619440989168, -0.5764103920009081561, 0.001000000000000000021 ) ) ;
#5263 = DIRECTION ( 'NONE',  ( 1.000000000000000000, 0.000000000000000000, 0.000000000000000000 ) ) ;
#5264 = PLANE ( 'NONE',  #1788 ) ;
#5265 = EDGE_CURVE ( 'NONE', #6237, #1767, #3982, .T. ) ;
#5266 = ORIENTED_EDGE ( 'NONE', *, *, #3578, .T. ) ;
#5267 = SURFACE_STYLE_FILL_AREA ( #6517 ) ;
#5268 =( GEOMETRIC_REPRESENTATION_CONTEXT ( 3 ) GLOBAL_UNCERTAINTY_ASSIGNED_CONTEXT ( ( #189 ) ) GLOBAL_UNIT_ASSIGNED_CONTEXT ( ( #1495, #7082, #4863 ) ) REPRESENTATION_CONTEXT ( 'NONE', 'WORKASPACE' ) );
#5269 = CARTESIAN_POINT ( 'NONE',  ( -0.8821554098972228530, 0.6011454912595581845, 0.9699999999999999734 ) ) ;
#5270 = CARTESIAN_POINT ( 'NONE',  ( 0.2136022331834427634, -0.4994931251373205816, 0.000000000000000000 ) ) ;
#5271 =( GEOMETRIC_REPRESENTATION_CONTEXT ( 3 ) GLOBAL_UNCERTAINTY_ASSIGNED_CONTEXT ( ( #595 ) ) GLOBAL_UNIT_ASSIGNED_CONTEXT ( ( #2314, #6712, #1704 ) ) REPRESENTATION_CONTEXT ( 'NONE', 'WORKASPACE' ) );
#5272 = FILL_AREA_STYLE ('',( #5864 ) ) ;
#5273 = CARTESIAN_POINT ( 'NONE',  ( 1.000000000000000000, -0.6250000000000001110, 0.1000000000000000056 ) ) ;
#5274 = CARTESIAN_POINT ( 'NONE',  ( 0.3750000000000000000, -0.2199999999999998068, 0.000000000000000000 ) ) ;
#5275 =( NAMED_UNIT ( * ) PLANE_ANGLE_UNIT ( ) SI_UNIT ( $, .RADIAN. ) );
#5276 = LINE ( 'NONE', #4093, #3675 ) ;
#5277 = VECTOR ( 'NONE', #6005, 1000.000000000000000 ) ;
#5278 = CARTESIAN_POINT ( 'NONE',  ( 0.3621088083893477805, -0.5748820967968468754, 0.001000000000000000021 ) ) ;
#5279 = EDGE_CURVE ( 'NONE', #1271, #1206, #3880, .T. ) ;
#5280 = ORIENTED_EDGE ( 'NONE', *, *, #3939, .T. ) ;
#5281 = CARTESIAN_POINT ( 'NONE',  ( -0.7800000000000010258, 0.1249999999999998890, -0.01000000000000000021 ) ) ;
#5282 = CARTESIAN_POINT ( 'NONE',  ( 0.3758855944429772000, -0.5764435018092963769, 0.001000000000000000021 ) ) ;
#5283 = DIRECTION ( 'NONE',  ( 1.000000000000000000, 0.000000000000000000, 0.000000000000000000 ) ) ;
#5284 = CARTESIAN_POINT ( 'NONE',  ( 0.3653848834747094321, -0.5755927682690417102, 0.001000000000000000021 ) ) ;
#5285 = PRESENTATION_STYLE_ASSIGNMENT (( #3069 ) ) ;
#5286 = ORIENTED_EDGE ( 'NONE', *, *, #7147, .T. ) ;
#5287 = VECTOR ( 'NONE', #3437, 1000.000000000000000 ) ;
#5288 =( NAMED_UNIT ( * ) SI_UNIT ( $, .STERADIAN. ) SOLID_ANGLE_UNIT ( ) );
#5289 = CARTESIAN_POINT ( 'NONE',  ( 0.2441211127356601451, -0.5752239896141745357, 0.000000000000000000 ) ) ;
#5290 = EDGE_CURVE ( 'NONE', #637, #6423, #1955, .T. ) ;
#5291 = VERTEX_POINT ( 'NONE', #3432 ) ;
#5292 = FACE_OUTER_BOUND ( 'NONE', #1257, .T. ) ;
#5293 = EDGE_LOOP ( 'NONE', ( #5825, #366, #1986, #6859 ) ) ;
#5294 = PLANE ( 'NONE',  #5336 ) ;
#5295 = ORIENTED_EDGE ( 'NONE', *, *, #1749, .F. ) ;
#5296 = PLANE ( 'NONE',  #5570 ) ;
#5297 = PRESENTATION_STYLE_ASSIGNMENT (( #869 ) ) ;
#5298 = CARTESIAN_POINT ( 'NONE',  ( 0.1790452873080974061, -0.5195293014329481762, -2.117582368135750848E-19 ) ) ;
#5299 = ADVANCED_FACE ( 'NONE', ( #6072 ), #485, .T. ) ;
#5300 = EDGE_CURVE ( 'NONE', #6301, #4860, #4660, .T. ) ;
#5301 = ORIENTED_EDGE ( 'NONE', *, *, #1761, .F. ) ;
#5302 = CARTESIAN_POINT ( 'NONE',  ( 0.3502186737112699677, -0.5810166725410037536, 0.001000000000000000021 ) ) ;
#5303 = CARTESIAN_POINT ( 'NONE',  ( 0.2011440701130378372, -0.5066716354701391589, 0.001000000000000000021 ) ) ;
#5304 = UNCERTAINTY_MEASURE_WITH_UNIT (LENGTH_MEASURE( 1.000000000000000082E-05 ), #3085, 'distance_accuracy_value', 'NONE');
#5305 = ORIENTED_EDGE ( 'NONE', *, *, #427, .T. ) ;
#5306 = LINE ( 'NONE', #305, #1729 ) ;
#5307 = CARTESIAN_POINT ( 'NONE',  ( 0.1253330029795625966, -0.4983947213214915406, 0.001000000000000000021 ) ) ;
#5308 = CARTESIAN_POINT ( 'NONE',  ( 0.1550967224917576825, -0.5861995993702721064, 0.001000000000000000021 ) ) ;
#5309 = CARTESIAN_POINT ( 'NONE',  ( 0.4111122439210322943, -0.5415842800899547393, 0.000000000000000000 ) ) ;
#5310 = EDGE_CURVE ( 'NONE', #432, #5139, #3557, .T. ) ;
#5311 = CARTESIAN_POINT ( 'NONE',  ( 0.4331455029795626133, -0.5861995993702721064, 0.000000000000000000 ) ) ;
#5312 = DIRECTION ( 'NONE',  ( 0.000000000000000000, -1.000000000000000000, 0.000000000000000000 ) ) ;
#5313 = EDGE_CURVE ( 'NONE', #4043, #3445, #6841, .T. ) ;
#5314 = FACE_OUTER_BOUND ( 'NONE', #6449, .T. ) ;
#5315 = CARTESIAN_POINT ( 'NONE',  ( 0.9999999999999997780, 0.7500000000000002220, 0.1000000000000000472 ) ) ;
#5316 = CARTESIAN_POINT ( 'NONE',  ( -1.000000000000000222, 0.7500000000000002220, 0.1000000000000000472 ) ) ;
#5317 = DIRECTION ( 'NONE',  ( -0.000000000000000000, -1.000000000000000000, -0.000000000000000000 ) ) ;
#5318 = DIRECTION ( 'NONE',  ( -1.000000000000000000, 0.000000000000000000, 0.000000000000000000 ) ) ;
#5319 = LINE ( 'NONE', #854, #6520 ) ;
#5320 = DIRECTION ( 'NONE',  ( 0.000000000000000000, -0.000000000000000000, 1.000000000000000000 ) ) ;
#5321 = AXIS2_PLACEMENT_3D ( 'NONE', #2298, #520, #5649 ) ;
#5322 =( NAMED_UNIT ( * ) PLANE_ANGLE_UNIT ( ) SI_UNIT ( $, .RADIAN. ) );
#5323 = ADVANCED_FACE ( 'NONE', ( #2409 ), #5231, .F. ) ;
#5324 = EDGE_CURVE ( 'NONE', #4727, #5749, #908, .T. ) ;
#5325 = CARTESIAN_POINT ( 'NONE',  ( -0.6600000000000002531, -0.4950000000000009948, 0.000000000000000000 ) ) ;
#5326 = AXIS2_PLACEMENT_3D ( 'NONE', #6698, #4391, #5052 ) ;
#5327 = SURFACE_SIDE_STYLE ('',( #3070 ) ) ;
#5328 = MECHANICAL_DESIGN_GEOMETRIC_PRESENTATION_REPRESENTATION (  '', ( #1234 ), #2666 ) ;
#5329 = CARTESIAN_POINT ( 'NONE',  ( 0.3589464489915808465, -0.5739924965118476941, 0.000000000000000000 ) ) ;
#5330 = COLOUR_RGB ( '',0.000000000000000000, 0.000000000000000000, 0.000000000000000000 ) ;
#5331 = VERTEX_POINT ( 'NONE', #6518 ) ;
#5332 = SURFACE_STYLE_USAGE ( .BOTH. , #3603 ) ;
#5333 = ORIENTED_EDGE ( 'NONE', *, *, #6487, .T. ) ;
#5334 =( LENGTH_UNIT ( ) NAMED_UNIT ( * ) SI_UNIT ( .MILLI., .METRE. ) );
#5335 = ORIENTED_EDGE ( 'NONE', *, *, #5505, .F. ) ;
#5336 = AXIS2_PLACEMENT_3D ( 'NONE', #3077, #3792, #332 ) ;
#5337 =( NAMED_UNIT ( * ) PLANE_ANGLE_UNIT ( ) SI_UNIT ( $, .RADIAN. ) );
#5338 = VECTOR ( 'NONE', #5396, 1000.000000000000000 ) ;
#5339 = MECHANICAL_DESIGN_GEOMETRIC_PRESENTATION_REPRESENTATION (  '', ( #1598 ), #2442 ) ;
#5340 = CARTESIAN_POINT ( 'NONE',  ( -1.000000000000000000, -0.1250000000000001110, 0.1000000000000000056 ) ) ;
#5341 = LINE ( 'NONE', #337, #6641 ) ;
#5342 = VERTEX_POINT ( 'NONE', #4361 ) ;
#5343 = FACE_OUTER_BOUND ( 'NONE', #3074, .T. ) ;
#5344 = CARTESIAN_POINT ( 'NONE',  ( 0.2135540808034020466, -0.4879891009418589887, 0.001000000000000000021 ) ) ;
#5345 = AXIS2_PLACEMENT_3D ( 'NONE', #2477, #5755, #2982 ) ;
#5346 = ORIENTED_EDGE ( 'NONE', *, *, #98, .T. ) ;
#5347 = CARTESIAN_POINT ( 'NONE',  ( 0.2101691899950891562, -0.5008442177408949370, 0.000000000000000000 ) ) ;
#5348 = DIRECTION ( 'NONE',  ( 0.000000000000000000, -1.000000000000000000, 0.000000000000000000 ) ) ;
#5349 = CARTESIAN_POINT ( 'NONE',  ( 0.3502186737112700232, -0.4889435018092966323, 0.000000000000000000 ) ) ;
#5350 = PRESENTATION_STYLE_ASSIGNMENT (( #1402 ) ) ;
#5351 = FILL_AREA_STYLE_COLOUR ( '', #1354 ) ;
#5352 = VECTOR ( 'NONE', #2086, 1000.000000000000000 ) ;
#5353 = SURFACE_SIDE_STYLE ('',( #1479 ) ) ;
#5354 = COLOUR_RGB ( '',0.000000000000000000, 0.000000000000000000, 0.000000000000000000 ) ;
#5355 = VECTOR ( 'NONE', #1170, 1000.000000000000000 ) ;
#5356 = CARTESIAN_POINT ( 'NONE',  ( 0.3777339176137089471, -0.5874191115653940587, 0.001000000000000000021 ) ) ;
#5357 = ORIENTED_EDGE ( 'NONE', *, *, #2744, .T. ) ;
#5358 =( NAMED_UNIT ( * ) PLANE_ANGLE_UNIT ( ) SI_UNIT ( $, .RADIAN. ) );
#5359 = VECTOR ( 'NONE', #1463, 1000.000000000000000 ) ;
#5360 = CARTESIAN_POINT ( 'NONE',  ( 0.4166113026921673956, -0.5073989636303181117, 0.001000000000000000021 ) ) ;
#5361 = LINE ( 'NONE', #359, #2814 ) ;
#5362 = DIRECTION ( 'NONE',  ( 0.000000000000000000, -0.000000000000000000, 1.000000000000000000 ) ) ;
#5363 = VECTOR ( 'NONE', #5263, 1000.000000000000000 ) ;
#5364 = EDGE_CURVE ( 'NONE', #3965, #3011, #5450, .T. ) ;
#5365 = FILL_AREA_STYLE_COLOUR ( '', #5748 ) ;
#5366 = STYLED_ITEM ( 'NONE', ( #1506 ), #1828 ) ;
#5367 = AXIS2_PLACEMENT_3D ( 'NONE', #361, #4777, #3781 ) ;
#5368 = UNCERTAINTY_MEASURE_WITH_UNIT (LENGTH_MEASURE( 1.000000000000000082E-05 ), #1858, 'distance_accuracy_value', 'NONE');
#5369 = CARTESIAN_POINT ( 'NONE',  ( 0.1770883287242173698, -0.5368307358696875475, 0.000000000000000000 ) ) ;
#5370 =( NAMED_UNIT ( * ) SI_UNIT ( $, .STERADIAN. ) SOLID_ANGLE_UNIT ( ) );
#5371 = VECTOR ( 'NONE', #727, 1000.000000000000000 ) ;
#5372 = PRESENTATION_STYLE_ASSIGNMENT (( #3071 ) ) ;
#5373 = ORIENTED_EDGE ( 'NONE', *, *, #1505, .F. ) ;
#5374 = CARTESIAN_POINT ( 'NONE',  ( 0.2135540808034020466, -0.4879891009418589887, 0.000000000000000000 ) ) ;
#5375 = ORIENTED_EDGE ( 'NONE', *, *, #1013, .F. ) ;
#5376 = CARTESIAN_POINT ( 'NONE',  ( 0.1904970877523339545, -0.5367660547401835736, 0.001000000000000000021 ) ) ;
#5377 = CARTESIAN_POINT ( 'NONE',  ( 0.1272575456624893964, -0.5054069164434428219, 0.001000000000000000021 ) ) ;
#5378 = SURFACE_SIDE_STYLE ('',( #3681 ) ) ;
#5379 = CARTESIAN_POINT ( 'NONE',  ( 1.010000000000000231, -0.3750000000000001110, 0.1000000000000000056 ) ) ;
#5380 = CARTESIAN_POINT ( 'NONE',  ( 0.4088297266646034878, -0.5534028231846632728, 0.000000000000000000 ) ) ;
#5381 =( LENGTH_UNIT ( ) NAMED_UNIT ( * ) SI_UNIT ( .MILLI., .METRE. ) );
#5382 = DIRECTION ( 'NONE',  ( 1.000000000000000000, 0.000000000000000000, 0.000000000000000000 ) ) ;
#5383 = PRESENTATION_STYLE_ASSIGNMENT (( #912 ) ) ;
#5384 = ORIENTED_EDGE ( 'NONE', *, *, #4045, .T. ) ;
#5385 = SURFACE_STYLE_USAGE ( .BOTH. , #6549 ) ;
#5386 = DIRECTION ( 'NONE',  ( -1.000000000000000000, -1.445602896647339163E-16, 0.000000000000000000 ) ) ;
#5387 = VECTOR ( 'NONE', #2129, 1000.000000000000000 ) ;
#5388 = UNCERTAINTY_MEASURE_WITH_UNIT (LENGTH_MEASURE( 1.000000000000000082E-05 ), #1243, 'distance_accuracy_value', 'NONE');
#5389 = EDGE_LOOP ( 'NONE', ( #1229, #3674, #506, #5151 ) ) ;
#5390 = FILL_AREA_STYLE_COLOUR ( '', #1377 ) ;
#5391 = FILL_AREA_STYLE_COLOUR ( '', #3386 ) ;
#5392 = DIRECTION ( 'NONE',  ( 0.000000000000000000, 1.000000000000000000, 0.000000000000000000 ) ) ;
#5393 = MECHANICAL_DESIGN_GEOMETRIC_PRESENTATION_REPRESENTATION (  '', ( #3549 ), #2946 ) ;
#5394 = DIRECTION ( 'NONE',  ( -1.000000000000000000, 0.000000000000000000, 0.000000000000000000 ) ) ;
#5395 = EDGE_CURVE ( 'NONE', #1710, #5038, #5896, .T. ) ;
#5396 = DIRECTION ( 'NONE',  ( -1.084202172485501594E-14, -1.000000000000000000, 0.000000000000000000 ) ) ;
#5397 =( LENGTH_UNIT ( ) NAMED_UNIT ( * ) SI_UNIT ( .MILLI., .METRE. ) );
#5398 = CARTESIAN_POINT ( 'NONE',  ( 0.2035870819632988604, -0.5672192862362273047, 0.001000000000000000021 ) ) ;
#5399 = VECTOR ( 'NONE', #6236, 1000.000000000000000 ) ;
#5400 = CARTESIAN_POINT ( 'NONE',  ( -0.3750000000000000000, 0.5300000000000002487, 0.1000000000000000056 ) ) ;
#5401 = PRESENTATION_STYLE_ASSIGNMENT (( #7072 ) ) ;
#5402 = EDGE_CURVE ( 'NONE', #599, #873, #7131, .T. ) ;
#5403 = CARTESIAN_POINT ( 'NONE',  ( 0.3791007170109748636, -0.4851045473143322240, 0.001000000000000000021 ) ) ;
#5404 = CARTESIAN_POINT ( 'NONE',  ( 0.3703188957543319670, -0.4850046926251788681, 0.000000000000000000 ) ) ;
#5405 =( NAMED_UNIT ( * ) PLANE_ANGLE_UNIT ( ) SI_UNIT ( $, .RADIAN. ) );
#5406 = PRESENTATION_STYLE_ASSIGNMENT (( #4161 ) ) ;
#5407 = SURFACE_STYLE_FILL_AREA ( #2605 ) ;
#5408 = MECHANICAL_DESIGN_GEOMETRIC_PRESENTATION_REPRESENTATION (  '', ( #3428 ), #947 ) ;
#5409 = ADVANCED_FACE ( 'NONE', ( #3192 ), #7022, .F. ) ;
#5410 =( NAMED_UNIT ( * ) PLANE_ANGLE_UNIT ( ) SI_UNIT ( $, .RADIAN. ) );
#5411 = DIRECTION ( 'NONE',  ( 0.000000000000000000, 0.000000000000000000, -1.000000000000000000 ) ) ;
#5412 = LINE ( 'NONE', #973, #1953 ) ;
#5413 = CARTESIAN_POINT ( 'NONE',  ( -0.1250000000000000000, -0.7499999999999997780, 0.9799999999999999822 ) ) ;
#5414 = COLOUR_RGB ( '',0.000000000000000000, 0.000000000000000000, 0.000000000000000000 ) ;
#5415 = VERTEX_POINT ( 'NONE', #4290 ) ;
#5416 = VERTEX_POINT ( 'NONE', #1545 ) ;
#5417 = FACE_OUTER_BOUND ( 'NONE', #4055, .T. ) ;
#5418 = CARTESIAN_POINT ( 'NONE',  ( -0.7800000000000010258, -0.3750000000000001110, -0.01000000000000000021 ) ) ;
#5419 = DIRECTION ( 'NONE',  ( 1.000000000000000000, 0.000000000000000000, 0.000000000000000000 ) ) ;
#5420 = EDGE_CURVE ( 'NONE', #4533, #5704, #3801, .T. ) ;
#5421 = CARTESIAN_POINT ( 'NONE',  ( 0.3758855944429772000, -0.5764435018092963769, 0.001000000000000000021 ) ) ;
#5422 =( GEOMETRIC_REPRESENTATION_CONTEXT ( 3 ) GLOBAL_UNCERTAINTY_ASSIGNED_CONTEXT ( ( #2012 ) ) GLOBAL_UNIT_ASSIGNED_CONTEXT ( ( #3316, #2296, #3355 ) ) REPRESENTATION_CONTEXT ( 'NONE', 'WORKASPACE' ) );
#5423 = CARTESIAN_POINT ( 'NONE',  ( 0.3661478697659977799, -0.5865729455708171836, 0.001000000000000000021 ) ) ;
#5424 = ORIENTED_EDGE ( 'NONE', *, *, #3497, .T. ) ;
#5425 = DIRECTION ( 'NONE',  ( -0.000000000000000000, -0.000000000000000000, -1.000000000000000000 ) ) ;
#5426 = CARTESIAN_POINT ( 'NONE',  ( 0.1770479420039528240, -0.5349419774190524723, 0.001000000000000000021 ) ) ;
#5427 = EDGE_CURVE ( 'NONE', #5239, #637, #2211, .T. ) ;
#5428 = CARTESIAN_POINT ( 'NONE',  ( 0.2136022331834427634, -0.4994931251373205816, 0.001000000000000000021 ) ) ;
#5429 = CARTESIAN_POINT ( 'NONE',  ( -0.3750000000000000000, -0.7599999999999997868, -0.01000000000000000021 ) ) ;
#5430 = CARTESIAN_POINT ( 'NONE',  ( 0.3758855944429772000, -0.5764435018092963769, 0.000000000000000000 ) ) ;
#5431 = SURFACE_STYLE_FILL_AREA ( #955 ) ;
#5432 = VERTEX_POINT ( 'NONE', #4423 ) ;
#5433 = ADVANCED_FACE ( 'NONE', ( #2245 ), #613, .T. ) ;
#5434 = DIRECTION ( 'NONE',  ( 0.000000000000000000, 0.000000000000000000, -1.000000000000000000 ) ) ;
#5435 = CARTESIAN_POINT ( 'NONE',  ( 0.1944703804864312546, -0.5556183232082199108, 0.001000000000000000021 ) ) ;
#5436 = EDGE_CURVE ( 'NONE', #7011, #5119, #6619, .T. ) ;
#5437 = CARTESIAN_POINT ( 'NONE',  ( 0.4210999631953447619, -0.5165026613780857589, 0.001000000000000000021 ) ) ;
#5438 = SURFACE_STYLE_FILL_AREA ( #5875 ) ;
#5439 = LINE ( 'NONE', #423, #5387 ) ;
#5440 = PRESENTATION_STYLE_ASSIGNMENT (( #1074 ) ) ;
#5441 = CARTESIAN_POINT ( 'NONE',  ( 0.1806675179414819477, -0.5558892585848453916, 0.001000000000000000021 ) ) ;
#5442 = DIRECTION ( 'NONE',  ( 0.000000000000000000, -0.000000000000000000, -1.000000000000000000 ) ) ;
#5443 = DIRECTION ( 'NONE',  ( -0.000000000000000000, 0.000000000000000000, 1.000000000000000000 ) ) ;
#5444 = STYLED_ITEM ( 'NONE', ( #3869 ), #4709 ) ;
#5445 = ORIENTED_EDGE ( 'NONE', *, *, #478, .F. ) ;
#5446 = ORIENTED_EDGE ( 'NONE', *, *, #3853, .T. ) ;
#5447 = CARTESIAN_POINT ( 'NONE',  ( 0.1259938268262289218, -0.5004520062989307183, 0.000000000000000000 ) ) ;
#5448 = FILL_AREA_STYLE_COLOUR ( '', #349 ) ;
#5449 = AXIS2_PLACEMENT_3D ( 'NONE', #2783, #4569, #608 ) ;
#5450 = B_SPLINE_CURVE_WITH_KNOTS ( 'NONE', 3,
 ( #4252, #7059, #2117, #1395, #5344, #3734, #2545, #3225, #6442, #3159, #3122, #875, #4802, #2696, #5929, #1471, #5995, #5859, #5426 ),
 .UNSPECIFIED., .F., .F.,
 ( 4, 1, 1, 1, 1, 1, 1, 1, 1, 1, 1, 1, 1, 1, 1, 1, 4 ),
 ( 0.000000000000000000, 0.06863117867660104010, 0.1345664660386768630, 0.1983281540108809970, 0.2607897666408450221, 0.3219991514841584745, 0.3827217465030195442, 0.4435374740357291845, 0.5051334294849250117, 0.5662138747646717762, 0.6261058646175461373, 0.6853493221605171382, 0.7449958703477970179, 0.8054158418145624942, 0.8676362663459531444, 0.9323077823023293575, 1.000000000000000000 ),
 .UNSPECIFIED. ) ;
#5451 = ORIENTED_EDGE ( 'NONE', *, *, #5516, .T. ) ;
#5452 = PRESENTATION_STYLE_ASSIGNMENT (( #6056 ) ) ;
#5453 = VECTOR ( 'NONE', #6189, 1000.000000000000000 ) ;
#5454 = COLOUR_RGB ( '',0.000000000000000000, 0.000000000000000000, 0.000000000000000000 ) ;
#5455 = ORIENTED_EDGE ( 'NONE', *, *, #3828, .F. ) ;
#5456 = FILL_AREA_STYLE_COLOUR ( '', #204 ) ;
#5457 = STYLED_ITEM ( 'NONE', ( #5613 ), #675 ) ;
#5458 = CARTESIAN_POINT ( 'NONE',  ( 0.2211040578713036608, -0.4977071096869619127, 0.001000000000000000021 ) ) ;
#5459 =( GEOMETRIC_REPRESENTATION_CONTEXT ( 3 ) GLOBAL_UNCERTAINTY_ASSIGNED_CONTEXT ( ( #4803 ) ) GLOBAL_UNIT_ASSIGNED_CONTEXT ( ( #4939, #5557, #4972 ) ) REPRESENTATION_CONTEXT ( 'NONE', 'WORKASPACE' ) );
#5460 =( GEOMETRIC_REPRESENTATION_CONTEXT ( 3 ) GLOBAL_UNCERTAINTY_ASSIGNED_CONTEXT ( ( #3107 ) ) GLOBAL_UNIT_ASSIGNED_CONTEXT ( ( #4720, #1990, #2533 ) ) REPRESENTATION_CONTEXT ( 'NONE', 'WORKASPACE' ) );
#5461 = DIRECTION ( 'NONE',  ( 0.000000000000000000, 1.000000000000000000, 0.000000000000000000 ) ) ;
#5462 = STYLED_ITEM ( 'NONE', ( #1066 ), #934 ) ;
#5463 = FILL_AREA_STYLE_COLOUR ( '', #5936 ) ;
#5464 = LINE ( 'NONE', #993, #399 ) ;
#5465 = ADVANCED_FACE ( 'NONE', ( #5629 ), #2178, .T. ) ;
#5466 = LINE ( 'NONE', #1551, #5882 ) ;
#5467 = SURFACE_STYLE_FILL_AREA ( #4811 ) ;
#5468 = COLOUR_RGB ( '',0.000000000000000000, 0.000000000000000000, 0.000000000000000000 ) ;
#5469 = FILL_AREA_STYLE ('',( #4887 ) ) ;
#5470 = PRESENTATION_LAYER_ASSIGNMENT (  '', '', ( #3248 ) ) ;
#5471 = CARTESIAN_POINT ( 'NONE',  ( 0.1263656756470095677, -0.5023369040446530320, 0.001000000000000000021 ) ) ;
#5472 = CARTESIAN_POINT ( 'NONE',  ( -0.2449999999999999956, 0.5300000000000002487, 0.1000000000000000056 ) ) ;
#5473 = FACE_OUTER_BOUND ( 'NONE', #1397, .T. ) ;
#5474 = PRESENTATION_STYLE_ASSIGNMENT (( #490 ) ) ;
#5475 = FACE_OUTER_BOUND ( 'NONE', #3084, .T. ) ;
#5476 = COLOUR_RGB ( '',0.000000000000000000, 0.000000000000000000, 0.000000000000000000 ) ;
#5477 = LINE ( 'NONE', #4307, #3546 ) ;
#5478 = MECHANICAL_DESIGN_GEOMETRIC_PRESENTATION_REPRESENTATION (  '', ( #6525 ), #3136 ) ;
#5479 = LINE ( 'NONE', #5911, #2883 ) ;
#5480 = ORIENTED_EDGE ( 'NONE', *, *, #1516, .T. ) ;
#5481 = VECTOR ( 'NONE', #1843, 1000.000000000000000 ) ;
#5482 = ORIENTED_EDGE ( 'NONE', *, *, #5526, .T. ) ;
#5483 = CARTESIAN_POINT ( 'NONE',  ( 0.6600000000000001421, 0.004999999999999144885, -0.01000000000000000021 ) ) ;
#5484 = UNCERTAINTY_MEASURE_WITH_UNIT (LENGTH_MEASURE( 1.000000000000000082E-05 ), #2703, 'distance_accuracy_value', 'NONE');
#5485 = SURFACE_STYLE_FILL_AREA ( #4415 ) ;
#5486 = VERTEX_POINT ( 'NONE', #1130 ) ;
#5487 = FACE_OUTER_BOUND ( 'NONE', #4276, .T. ) ;
#5488 = EDGE_CURVE ( 'NONE', #3645, #473, #3299, .T. ) ;
#5489 = ORIENTED_EDGE ( 'NONE', *, *, #751, .F. ) ;
#5490 = VECTOR ( 'NONE', #6372, 1000.000000000000000 ) ;
#5491 = FILL_AREA_STYLE ('',( #1577 ) ) ;
#5492 = CARTESIAN_POINT ( 'NONE',  ( 0.3763867182503496944, -0.5874033111843546262, 0.001000000000000000021 ) ) ;
#5493 = CARTESIAN_POINT ( 'NONE',  ( -0.7800000000000010258, -0.1250000000000001110, 0.000000000000000000 ) ) ;
#5494 =( LENGTH_UNIT ( ) NAMED_UNIT ( * ) SI_UNIT ( .MILLI., .METRE. ) );
#5495 = CARTESIAN_POINT ( 'NONE',  ( 0.1962585315022893073, -0.5589402527573333890, 0.001000000000000000021 ) ) ;
#5496 = CARTESIAN_POINT ( 'NONE',  ( -0.7800000000000010258, -0.1250000000000001110, -0.01000000000000000021 ) ) ;
#5497 = LINE ( 'NONE', #2865, #4530 ) ;
#5498 = VECTOR ( 'NONE', #2230, 1000.000000000000000 ) ;
#5499 = SURFACE_SIDE_STYLE ('',( #1484 ) ) ;
#5500 = FILL_AREA_STYLE_COLOUR ( '', #552 ) ;
#5501 = SURFACE_STYLE_FILL_AREA ( #2328 ) ;
#5502 = FILL_AREA_STYLE ('',( #5538 ) ) ;
#5503 = CARTESIAN_POINT ( 'NONE',  ( -0.8821554098972228530, 0.6011454912595581845, 0.9699999999999999734 ) ) ;
#5504 = VECTOR ( 'NONE', #1168, 1000.000000000000000 ) ;
#5505 = EDGE_CURVE ( 'NONE', #5784, #6028, #5521, .T. ) ;
#5506 = DIRECTION ( 'NONE',  ( -0.000000000000000000, -0.000000000000000000, -1.000000000000000000 ) ) ;
#5507 = SURFACE_SIDE_STYLE ('',( #4927 ) ) ;
#5508 = AXIS2_PLACEMENT_3D ( 'NONE', #3410, #4526, #5146 ) ;
#5509 = CARTESIAN_POINT ( 'NONE',  ( 0.1251943333793232582, -0.4991634587185909688, 0.000000000000000000 ) ) ;
#5510 = CARTESIAN_POINT ( 'NONE',  ( 0.3584897801377889270, -0.4984163844915233677, 0.001000000000000000021 ) ) ;
#5511 = CARTESIAN_POINT ( 'NONE',  ( 0.2274782860851227440, -0.4862405485655302839, -0.000000000000000000 ) ) ;
#5512 = ORIENTED_EDGE ( 'NONE', *, *, #1230, .T. ) ;
#5513 = PRESENTATION_STYLE_ASSIGNMENT (( #4932 ) ) ;
#5514 = CARTESIAN_POINT ( 'NONE',  ( 0.1904625761502943271, -0.5352278005897842528, 0.001000000000000000021 ) ) ;
#5515 = PRESENTATION_LAYER_ASSIGNMENT (  '', '', ( #6214 ) ) ;
#5516 = EDGE_CURVE ( 'NONE', #3679, #693, #7195, .T. ) ;
#5517 = LINE ( 'NONE', #438, #2226 ) ;
#5518 = DIRECTION ( 'NONE',  ( 0.000000000000000000, 1.000000000000000000, 0.000000000000000000 ) ) ;
#5519 = ORIENTED_EDGE ( 'NONE', *, *, #7126, .F. ) ;
#5520 =( NAMED_UNIT ( * ) SI_UNIT ( $, .STERADIAN. ) SOLID_ANGLE_UNIT ( ) );
#5521 = LINE ( 'NONE', #35, #5105 ) ;
#5522 = VECTOR ( 'NONE', #5253, 1000.000000000000000 ) ;
#5523 = PRESENTATION_STYLE_ASSIGNMENT (( #2752 ) ) ;
#5524 = CARTESIAN_POINT ( 'NONE',  ( 0.3698600106895326145, -0.5870549659094935757, 0.001000000000000000021 ) ) ;
#5525 = EDGE_CURVE ( 'NONE', #3575, #156, #5780, .T. ) ;
#5526 = EDGE_CURVE ( 'NONE', #6382, #330, #1306, .T. ) ;
#5527 = CARTESIAN_POINT ( 'NONE',  ( 0.1251943333793232582, -0.4991634587185909688, 0.001000000000000000021 ) ) ;
#5528 = UNCERTAINTY_MEASURE_WITH_UNIT (LENGTH_MEASURE( 1.000000000000000082E-05 ), #5000, 'distance_accuracy_value', 'NONE');
#5529 = CARTESIAN_POINT ( 'NONE',  ( -0.7800000000000002487, -0.4950000000000001066, 0.000000000000000000 ) ) ;
#5530 = VERTEX_POINT ( 'NONE', #1827 ) ;
#5531 = SURFACE_STYLE_USAGE ( .BOTH. , #3981 ) ;
#5532 = VECTOR ( 'NONE', #3856, 1000.000000000000000 ) ;
#5533 = FILL_AREA_STYLE_COLOUR ( '', #7186 ) ;
#5534 =( NAMED_UNIT ( * ) SI_UNIT ( $, .STERADIAN. ) SOLID_ANGLE_UNIT ( ) );
#5535 = EDGE_CURVE ( 'NONE', #1174, #2901, #3631, .T. ) ;
#5536 =( LENGTH_UNIT ( ) NAMED_UNIT ( * ) SI_UNIT ( .MILLI., .METRE. ) );
#5537 = DIRECTION ( 'NONE',  ( -1.000000000000000000, 0.000000000000000000, 0.000000000000000000 ) ) ;
#5538 = FILL_AREA_STYLE_COLOUR ( '', #1504 ) ;
#5539 = VERTEX_POINT ( 'NONE', #225 ) ;
#5540 = CARTESIAN_POINT ( 'NONE',  ( -0.7800000000000000266, 0.3749999999999998890, 0.1000000000000000056 ) ) ;
#5541 = CARTESIAN_POINT ( 'NONE',  ( 0.3307064785893187309, -0.5861995993702721064, 0.001000000000000000021 ) ) ;
#5542 = DIRECTION ( 'NONE',  ( -0.3393303772748790248, -0.9406672605435399959, 0.000000000000000000 ) ) ;
#5543 = ADVANCED_FACE ( 'NONE', ( #6284 ), #1201, .T. ) ;
#5544 = CARTESIAN_POINT ( 'NONE',  ( -0.7800000000000010258, -0.3750000000000001110, 0.000000000000000000 ) ) ;
#5545 = CARTESIAN_POINT ( 'NONE',  ( 0.1806675179414819477, -0.5558892585848453916, 0.001000000000000000021 ) ) ;
#5546 = CARTESIAN_POINT ( 'NONE',  ( 0.1239143483699504389, -0.5050079329981318477, 0.000000000000000000 ) ) ;
#5547 =( NAMED_UNIT ( * ) PLANE_ANGLE_UNIT ( ) SI_UNIT ( $, .RADIAN. ) );
#5548 = CARTESIAN_POINT ( 'NONE',  ( 0.4175165125597961602, -0.5666096851550030955, 0.001000000000000000021 ) ) ;
#5549 = EDGE_CURVE ( 'NONE', #1185, #92, #2894, .T. ) ;
#5550 = ORIENTED_EDGE ( 'NONE', *, *, #7147, .F. ) ;
#5551 =( NAMED_UNIT ( * ) PLANE_ANGLE_UNIT ( ) SI_UNIT ( $, .RADIAN. ) );
#5552 = SURFACE_STYLE_FILL_AREA ( #6015 ) ;
#5553 = LINE ( 'NONE', #4967, #6873 ) ;
#5554 = ORIENTED_EDGE ( 'NONE', *, *, #4016, .F. ) ;
#5555 = ORIENTED_EDGE ( 'NONE', *, *, #4107, .F. ) ;
#5556 = COLOUR_RGB ( '',1.000000000000000000, 1.000000000000000000, 1.000000000000000000 ) ;
#5557 =( NAMED_UNIT ( * ) PLANE_ANGLE_UNIT ( ) SI_UNIT ( $, .RADIAN. ) );
#5558 = LINE ( 'NONE', #545, #3036 ) ;
#5559 = ORIENTED_EDGE ( 'NONE', *, *, #6754, .F. ) ;
#5560 = CARTESIAN_POINT ( 'NONE',  ( 0.000000000000000000, -0.3399999999999997469, 0.000000000000000000 ) ) ;
#5561 = FILL_AREA_STYLE ('',( #4915 ) ) ;
#5562 = CARTESIAN_POINT ( 'NONE',  ( 0.1042392529795625883, -0.5581508188824672034, 0.000000000000000000 ) ) ;
#5563 = CARTESIAN_POINT ( 'NONE',  ( 0.1904625761502943271, -0.5352278005897842528, 0.001000000000000000021 ) ) ;
#5564 = SURFACE_SIDE_STYLE ('',( #625 ) ) ;
#5565 = STYLED_ITEM ( 'NONE', ( #1908 ), #5543 ) ;
#5566 = MECHANICAL_DESIGN_GEOMETRIC_PRESENTATION_REPRESENTATION (  '', ( #5444 ), #4865 ) ;
#5567 = FILL_AREA_STYLE_COLOUR ( '', #2560 ) ;
#5568 = LINE ( 'NONE', #6111, #7079 ) ;
#5569 =( NAMED_UNIT ( * ) SI_UNIT ( $, .STERADIAN. ) SOLID_ANGLE_UNIT ( ) );
#5570 = AXIS2_PLACEMENT_3D ( 'NONE', #7224, #5518, #3865 ) ;
#5571 = SURFACE_STYLE_FILL_AREA ( #1181 ) ;
#5572 = CARTESIAN_POINT ( 'NONE',  ( 0.4244801290382034797, -0.5323328460292630071, 0.000000000000000000 ) ) ;
#5573 = ORIENTED_EDGE ( 'NONE', *, *, #3352, .T. ) ;
#5574 = FILL_AREA_STYLE_COLOUR ( '', #2243 ) ;
#5575 = COLOUR_RGB ( '',1.000000000000000000, 1.000000000000000000, 1.000000000000000000 ) ;
#5576 =( NAMED_UNIT ( * ) PLANE_ANGLE_UNIT ( ) SI_UNIT ( $, .RADIAN. ) );
#5577 = CARTESIAN_POINT ( 'NONE',  ( 0.7800000000000001377, 0.004999999999999890817, 0.1000000000000000056 ) ) ;
#5578 = B_SPLINE_SURFACE_WITH_KNOTS ( 'NONE', 3, 1, ( 
 ( #6140, #1175 ),
 ( #484, #6106 ),
 ( #1684, #5086 ),
 ( #588, #2730 ),
 ( #2863, #2833 ),
 ( #2220, #2153 ),
 ( #6585, #3307 ),
 ( #5051, #3839 ),
 ( #2291, #6029 ),
 ( #6732, #1027 ),
 ( #4434, #3277 ),
 ( #5495, #1062 ),
 ( #4946, #7166 ),
 ( #4390, #6630 ),
 ( #1100, #1612 ),
 ( #3879, #512 ),
 ( #2757, #4979 ),
 ( #6663, #3348 ),
 ( #5563, #551 ) ),
 .UNSPECIFIED., .F., .F., .F.,
 ( 4, 1, 1, 1, 1, 1, 1, 1, 1, 1, 1, 1, 1, 1, 1, 1, 4 ),
 ( 2, 2 ),
 ( 0.000000000000000000, 0.07082657255516335015, 0.1381690332797999576, 0.2024753315338420068, 0.2639737544135196123, 0.3233803205980372297, 0.3817976227131847367, 0.4393900745193887181, 0.4969027245459969322, 0.5546621696093696485, 0.6127418784921965234, 0.6715388363911721781, 0.7316557220901982461, 0.7942978116139520761, 0.8594822049793571228, 0.9276813254527892516, 1.000000000000000000 ),
 ( 0.000000000000000000, 1.000000000000000000 ),
 .UNSPECIFIED. ) ;
#5579 = ORIENTED_EDGE ( 'NONE', *, *, #2294, .F. ) ;
#5580 = UNCERTAINTY_MEASURE_WITH_UNIT (LENGTH_MEASURE( 1.000000000000000082E-05 ), #6352, 'distance_accuracy_value', 'NONE');
#5581 =( LENGTH_UNIT ( ) NAMED_UNIT ( * ) SI_UNIT ( .MILLI., .METRE. ) );
#5582 = CIRCLE ( 'NONE', #3854, 0.1199999999999999956 ) ;
#5583 = CARTESIAN_POINT ( 'NONE',  ( 0.3552049067664026505, -0.4871797993888946632, 0.001000000000000000021 ) ) ;
#5584 = CARTESIAN_POINT ( 'NONE',  ( 0.3643603967926992149, -0.4968089677664301873, 0.001000000000000000021 ) ) ;
#5585 = EDGE_LOOP ( 'NONE', ( #6307, #7158, #528, #6536 ) ) ;
#5586 = EDGE_CURVE ( 'NONE', #6205, #443, #317, .T. ) ;
#5587 = CARTESIAN_POINT ( 'NONE',  ( 0.3980892408681375727, -0.5044739854952781100, 0.000000000000000000 ) ) ;
#5588 = STYLED_ITEM ( 'NONE', ( #5022 ), #1307 ) ;
#5589 =( NAMED_UNIT ( * ) SI_UNIT ( $, .STERADIAN. ) SOLID_ANGLE_UNIT ( ) );
#5590 = MECHANICAL_DESIGN_GEOMETRIC_PRESENTATION_REPRESENTATION (  '', ( #5938 ), #1029 ) ;
#5591 = CARTESIAN_POINT ( 'NONE',  ( 0.9999999999999997780, 0.7500000000000002220, 0.1000000000000000472 ) ) ;
#5592 = ORIENTED_EDGE ( 'NONE', *, *, #3903, .T. ) ;
#5593 = FILL_AREA_STYLE ('',( #3732 ) ) ;
#5594 = CARTESIAN_POINT ( 'NONE',  ( -0.7800000000000000266, 0.3749999999999998890, -0.01000000000000000021 ) ) ;
#5595 = VECTOR ( 'NONE', #5624, 1000.000000000000000 ) ;
#5596 = CARTESIAN_POINT ( 'NONE',  ( 0.3758855944429772000, -0.5764435018092963769, 0.001000000000000000021 ) ) ;
#5597 = ORIENTED_EDGE ( 'NONE', *, *, #6604, .T. ) ;
#5598 = CARTESIAN_POINT ( 'NONE',  ( 0.9999999999999997780, 0.7500000000000002220, 0.000000000000000000 ) ) ;
#5599 = UNCERTAINTY_MEASURE_WITH_UNIT (LENGTH_MEASURE( 1.000000000000000082E-05 ), #2224, 'distance_accuracy_value', 'NONE');
#5600 = CARTESIAN_POINT ( 'NONE',  ( -0.7800000000000000266, 0.3749999999999998890, -0.01000000000000000021 ) ) ;
#5601 = ORIENTED_EDGE ( 'NONE', *, *, #5725, .F. ) ;
#5602 =( NAMED_UNIT ( * ) SI_UNIT ( $, .STERADIAN. ) SOLID_ANGLE_UNIT ( ) );
#5603 =( NAMED_UNIT ( * ) PLANE_ANGLE_UNIT ( ) SI_UNIT ( $, .RADIAN. ) );
#5604 = DIRECTION ( 'NONE',  ( 0.000000000000000000, -1.000000000000000000, 0.000000000000000000 ) ) ;
#5605 = LINE ( 'NONE', #3354, #1261 ) ;
#5606 = EDGE_CURVE ( 'NONE', #1710, #6947, #6765, .T. ) ;
#5607 = PRESENTATION_STYLE_ASSIGNMENT (( #1733 ) ) ;
#5608 =( LENGTH_UNIT ( ) NAMED_UNIT ( * ) SI_UNIT ( .MILLI., .METRE. ) );
#5609 = PRESENTATION_STYLE_ASSIGNMENT (( #4441 ) ) ;
#5610 = FACE_BOUND ( 'NONE', #7002, .T. ) ;
#5611 = ORIENTED_EDGE ( 'NONE', *, *, #5549, .T. ) ;
#5612 = VECTOR ( 'NONE', #3952, 1000.000000000000000 ) ;
#5613 = PRESENTATION_STYLE_ASSIGNMENT (( #6784 ) ) ;
#5614 = LINE ( 'NONE', #524, #254 ) ;
#5615 = SURFACE_STYLE_FILL_AREA ( #6234 ) ;
#5616 = LINE ( 'NONE', #3961, #4837 ) ;
#5617 = EDGE_CURVE ( 'NONE', #3928, #1500, #5121, .T. ) ;
#5618 = CARTESIAN_POINT ( 'NONE',  ( 0.4007896885180974311, -0.5070930892206888529, 0.000000000000000000 ) ) ;
#5619 = MECHANICAL_DESIGN_GEOMETRIC_PRESENTATION_REPRESENTATION (  '', ( #9 ), #7025 ) ;
#5620 = CARTESIAN_POINT ( 'NONE',  ( 1.010000000000000009, 0.3749999999999998890, -0.01000000000000000021 ) ) ;
#5621 = EDGE_LOOP ( 'NONE', ( #6747, #2072, #3936, #3563 ) ) ;
#5622 = MECHANICAL_DESIGN_GEOMETRIC_PRESENTATION_REPRESENTATION (  '', ( #3906 ), #5271 ) ;
#5623 =( NAMED_UNIT ( * ) PLANE_ANGLE_UNIT ( ) SI_UNIT ( $, .RADIAN. ) );
#5624 = DIRECTION ( 'NONE',  ( 0.000000000000000000, 0.000000000000000000, -1.000000000000000000 ) ) ;
#5625 = VERTEX_POINT ( 'NONE', #6829 ) ;
#5626 = ORIENTED_EDGE ( 'NONE', *, *, #5526, .F. ) ;
#5627 = PRESENTATION_STYLE_ASSIGNMENT (( #4576 ) ) ;
#5628 = STYLED_ITEM ( 'NONE', ( #1218 ), #2838 ) ;
#5629 = FACE_OUTER_BOUND ( 'NONE', #5044, .T. ) ;
#5630 = VERTEX_POINT ( 'NONE', #1462 ) ;
#5631 = ADVANCED_FACE ( 'NONE', ( #7090 ), #5294, .T. ) ;
#5632 = LINE ( 'NONE', #583, #1289 ) ;
#5633 = AXIS2_PLACEMENT_3D ( 'NONE', #51, #4512, #3950 ) ;
#5634 = DIRECTION ( 'NONE',  ( 1.000000000000000000, 0.000000000000000000, 0.000000000000000000 ) ) ;
#5635 = EDGE_LOOP ( 'NONE', ( #4376, #1376, #4575, #3668 ) ) ;
#5636 = PRESENTATION_STYLE_ASSIGNMENT (( #2860 ) ) ;
#5637 = SURFACE_STYLE_FILL_AREA ( #6660 ) ;
#5638 = PLANE ( 'NONE',  #3086 ) ;
#5639 = ORIENTED_EDGE ( 'NONE', *, *, #5488, .F. ) ;
#5640 = EDGE_CURVE ( 'NONE', #25, #5025, #5889, .T. ) ;
#5641 =( LENGTH_UNIT ( ) NAMED_UNIT ( * ) SI_UNIT ( .MILLI., .METRE. ) );
#5642 = COLOUR_RGB ( '',0.000000000000000000, 0.000000000000000000, 0.000000000000000000 ) ;
#5643 = CARTESIAN_POINT ( 'NONE',  ( 0.1421775151746845489, -0.5471752091263696327, 0.001000000000000000021 ) ) ;
#5644 = FILL_AREA_STYLE ('',( #6737 ) ) ;
#5645 = EDGE_CURVE ( 'NONE', #1454, #3569, #7003, .T. ) ;
#5646 = MECHANICAL_DESIGN_GEOMETRIC_PRESENTATION_REPRESENTATION (  '', ( #1562 ), #3324 ) ;
#5647 = CARTESIAN_POINT ( 'NONE',  ( 0.3704923654335046668, -0.4960032433362431270, 0.001000000000000000021 ) ) ;
#5648 = VERTEX_POINT ( 'NONE', #980 ) ;
#5649 = DIRECTION ( 'NONE',  ( -1.000000000000000000, 0.000000000000000000, 0.000000000000000000 ) ) ;
#5650 = CLOSED_SHELL ( 'NONE', ( #4228, #4296, #5409, #207, #1640, #4895, #4665, #5323, #5465, #3349, #6537, #6594, #5841, #6040, #1307, #5211, #1952, #1789, #4474, #4028, #3142, #4709, #241, #1096, #6006, #2649, #146, #2838, #134, #5169, #1994, #1755, #4888, #7181, #2062, #2627, #1418, #3235, #2668, #2718, #6821, #4318, #3216, #4794, #1979, #469, #934, #7015, #3051, #1817, #6690, #538, #2074, #5807, #5631, #3816, #6275, #6678, #6076, #5199, #983, #5433, #2732, #4978, #247, #830, #1335, #5850, #5952, #3280, #6286, #6285, #4538, #1475, #1613, #6612, #5930, #4047, #2896, #2566, #1968, #3806, #2826, #5140, #5543, #6432, #4761, #2602, #5733, #7218, #4911, #763, #122, #6874, #4499, #283, #5832, #3729, #1717, #667, #675, #465, #1065, #4527, #3295, #322, #252, #969, #4989, #2335, #561, #4638, #2283, #2174, #4446, #2809, #6955, #1275, #4037, #5299, #6515, #3375, #1240, #7033, #2726, #513, #6068, #5798, #758, #5188, #3838, #4565, #881, #1368, #1427, #1075, #5667, #6565, #629 ) ) ;
#5651 = CARTESIAN_POINT ( 'NONE',  ( -0.7800000000000000266, 0.3749999999999998890, 0.000000000000000000 ) ) ;
#5652 = ORIENTED_EDGE ( 'NONE', *, *, #4348, .F. ) ;
#5653 = EDGE_CURVE ( 'NONE', #693, #685, #2030, .T. ) ;
#5654 = CARTESIAN_POINT ( 'NONE',  ( 0.1918956925196227403, -0.5722662920586952806, 0.000000000000000000 ) ) ;
#5655 = ORIENTED_EDGE ( 'NONE', *, *, #3923, .F. ) ;
#5656 = CARTESIAN_POINT ( 'NONE',  ( 0.1853694325188725289, -0.5646694838221201218, 0.001000000000000000021 ) ) ;
#5657 = LINE ( 'NONE', #2959, #6656 ) ;
#5658 = EDGE_LOOP ( 'NONE', ( #1209, #1712, #649, #7121 ) ) ;
#5659 = CARTESIAN_POINT ( 'NONE',  ( 0.4215122695674641817, -0.5581586889235382598, 0.001000000000000000021 ) ) ;
#5660 =( NAMED_UNIT ( * ) PLANE_ANGLE_UNIT ( ) SI_UNIT ( $, .RADIAN. ) );
#5661 = ORIENTED_EDGE ( 'NONE', *, *, #6369, .T. ) ;
#5662 = ORIENTED_EDGE ( 'NONE', *, *, #6595, .T. ) ;
#5663 = SURFACE_SIDE_STYLE ('',( #1123 ) ) ;
#5664 = FACE_OUTER_BOUND ( 'NONE', #2354, .T. ) ;
#5665 = CARTESIAN_POINT ( 'NONE',  ( -0.7800000000000002487, -0.005000000000000135413, 0.1000000000000000056 ) ) ;
#5666 = ORIENTED_EDGE ( 'NONE', *, *, #141, .F. ) ;
#5667 = ADVANCED_FACE ( 'NONE', ( #6471 ), #4172, .F. ) ;
#5668 = ORIENTED_EDGE ( 'NONE', *, *, #1985, .F. ) ;
#5669 = CARTESIAN_POINT ( 'NONE',  ( -0.6600000000000002531, -0.4950000000000009948, -0.01000000000000000021 ) ) ;
#5670 = DIRECTION ( 'NONE',  ( -0.000000000000000000, -0.000000000000000000, -1.000000000000000000 ) ) ;
#5671 = CARTESIAN_POINT ( 'NONE',  ( 0.4843650151746846100, -0.5861995993702721064, 0.001000000000000000021 ) ) ;
#5672 = CARTESIAN_POINT ( 'NONE',  ( -0.7800000000000002487, 0.004999999999999890817, -0.01000000000000000021 ) ) ;
#5673 = ORIENTED_EDGE ( 'NONE', *, *, #872, .T. ) ;
#5674 = FILL_AREA_STYLE ('',( #421 ) ) ;
#5675 = DIRECTION ( 'NONE',  ( 0.000000000000000000, 0.000000000000000000, -1.000000000000000000 ) ) ;
#5676 = UNCERTAINTY_MEASURE_WITH_UNIT (LENGTH_MEASURE( 1.000000000000000082E-05 ), #6644, 'distance_accuracy_value', 'NONE');
#5677 = VECTOR ( 'NONE', #3061, 1000.000000000000000 ) ;
#5678 = ORIENTED_EDGE ( 'NONE', *, *, #1641, .F. ) ;
#5679 = CARTESIAN_POINT ( 'NONE',  ( 0.7800000000000009148, -0.1250000000000001110, 0.1000000000000000056 ) ) ;
#5680 = CARTESIAN_POINT ( 'NONE',  ( 0.3502186737112699677, -0.5810166725410037536, 0.000000000000000000 ) ) ;
#5681 = MECHANICAL_DESIGN_GEOMETRIC_PRESENTATION_REPRESENTATION (  '', ( #3834 ), #534 ) ;
#5682 = COLOUR_RGB ( '',1.000000000000000000, 1.000000000000000000, 1.000000000000000000 ) ;
#5683 = DIRECTION ( 'NONE',  ( 0.000000000000000000, -0.000000000000000000, -1.000000000000000000 ) ) ;
#5684 = CARTESIAN_POINT ( 'NONE',  ( 0.4215122695674641817, -0.5581586889235382598, 0.001000000000000000021 ) ) ;
#5685 = ORIENTED_EDGE ( 'NONE', *, *, #2999, .T. ) ;
#5686 = VERTEX_POINT ( 'NONE', #1425 ) ;
#5687 = CARTESIAN_POINT ( 'NONE',  ( -1.010000000000000009, 0.1249999999999998890, -0.01000000000000000021 ) ) ;
#5688 = MECHANICAL_DESIGN_GEOMETRIC_PRESENTATION_REPRESENTATION (  '', ( #4639 ), #4291 ) ;
#5689 = AXIS2_PLACEMENT_3D ( 'NONE', #2407, #704, #1916 ) ;
#5690 = PRESENTATION_STYLE_ASSIGNMENT (( #4479 ) ) ;
#5691 = VERTEX_POINT ( 'NONE', #5418 ) ;
#5692 = VERTEX_POINT ( 'NONE', #406 ) ;
#5693 = VECTOR ( 'NONE', #3434, 1000.000000000000000 ) ;
#5694 =( NAMED_UNIT ( * ) PLANE_ANGLE_UNIT ( ) SI_UNIT ( $, .RADIAN. ) );
#5695 = CARTESIAN_POINT ( 'NONE',  ( 0.07948696639419673693, -0.5861995993702721064, 0.001000000000000000021 ) ) ;
#5696 = PLANE ( 'NONE',  #5508 ) ;
#5697 = ORIENTED_EDGE ( 'NONE', *, *, #2999, .F. ) ;
#5698 = ORIENTED_EDGE ( 'NONE', *, *, #954, .F. ) ;
#5699 = DIRECTION ( 'NONE',  ( 0.3635424856527061932, 0.9315776194850602376, 0.000000000000000000 ) ) ;
#5700 = FACE_OUTER_BOUND ( 'NONE', #6580, .T. ) ;
#5701 = CARTESIAN_POINT ( 'NONE',  ( -0.6599999999999999201, 0.004999999999999889949, 0.1000000000000000056 ) ) ;
#5702 = VERTEX_POINT ( 'NONE', #2205 ) ;
#5703 =( GEOMETRIC_REPRESENTATION_CONTEXT ( 3 ) GLOBAL_UNCERTAINTY_ASSIGNED_CONTEXT ( ( #622 ) ) GLOBAL_UNIT_ASSIGNED_CONTEXT ( ( #4257, #6553, #3230 ) ) REPRESENTATION_CONTEXT ( 'NONE', 'WORKASPACE' ) );
#5704 = VERTEX_POINT ( 'NONE', #5483 ) ;
#5705 = CARTESIAN_POINT ( 'NONE',  ( 0.3172918444429772555, -0.5752239896141745357, 0.000000000000000000 ) ) ;
#5706 = COLOUR_RGB ( '',1.000000000000000000, 1.000000000000000000, 1.000000000000000000 ) ;
#5707 = VECTOR ( 'NONE', #5746, 1000.000000000000000 ) ;
#5708 = CARTESIAN_POINT ( 'NONE',  ( 0.1042392529795625883, -0.5581508188824672034, 0.001000000000000000021 ) ) ;
#5709 = FILL_AREA_STYLE_COLOUR ( '', #6053 ) ;
#5710 = ORIENTED_EDGE ( 'NONE', *, *, #4066, .T. ) ;
#5711 = CARTESIAN_POINT ( 'NONE',  ( 0.2293154724917577103, -0.4861995993702720176, -2.117582368135750848E-19 ) ) ;
#5712 = VECTOR ( 'NONE', #2936, 1000.000000000000000 ) ;
#5713 = ORIENTED_EDGE ( 'NONE', *, *, #5743, .T. ) ;
#5714 = AXIS2_PLACEMENT_3D ( 'NONE', #3293, #7156, #4839 ) ;
#5715 =( GEOMETRIC_REPRESENTATION_CONTEXT ( 3 ) GLOBAL_UNCERTAINTY_ASSIGNED_CONTEXT ( ( #547 ) ) GLOBAL_UNIT_ASSIGNED_CONTEXT ( ( #3562, #1815, #1330 ) ) REPRESENTATION_CONTEXT ( 'NONE', 'WORKASPACE' ) );
#5716 = VECTOR ( 'NONE', #2973, 1000.000000000000000 ) ;
#5717 = LINE ( 'NONE', #707, #803 ) ;
#5718 = CARTESIAN_POINT ( 'NONE',  ( 0.4246089176137089471, -0.5380860322971012799, 0.001000000000000000021 ) ) ;
#5719 = ORIENTED_EDGE ( 'NONE', *, *, #4987, .F. ) ;
#5720 = SURFACE_SIDE_STYLE ('',( #3516 ) ) ;
#5722 = CARTESIAN_POINT ( 'NONE',  ( 0.3736371188332211490, -0.4959556969312476915, 0.001000000000000000021 ) ) ;
#5721 = AXIS2_PLACEMENT_3D ( 'NONE', #5980, #5443, #936 ) ;
#5723 = PRESENTATION_STYLE_ASSIGNMENT (( #3518 ) ) ;
#5724 = ORIENTED_EDGE ( 'NONE', *, *, #7206, .T. ) ;
#5725 = EDGE_CURVE ( 'NONE', #4727, #364, #3899, .T. ) ;
#5726 = CARTESIAN_POINT ( 'NONE',  ( 0.3502186737112699677, -0.5700410627849062939, 0.000000000000000000 ) ) ;
#5727 = ORIENTED_EDGE ( 'NONE', *, *, #3186, .T. ) ;
#5728 = DIRECTION ( 'NONE',  ( 0.000000000000000000, 1.000000000000000000, 0.000000000000000000 ) ) ;
#5729 =( GEOMETRIC_REPRESENTATION_CONTEXT ( 3 ) GLOBAL_UNCERTAINTY_ASSIGNED_CONTEXT ( ( #3053 ) ) GLOBAL_UNIT_ASSIGNED_CONTEXT ( ( #1000, #3811, #7144 ) ) REPRESENTATION_CONTEXT ( 'NONE', 'WORKASPACE' ) );
#5730 = FACE_OUTER_BOUND ( 'NONE', #701, .T. ) ;
#5731 = SURFACE_STYLE_USAGE ( .BOTH. , #2455 ) ;
#5732 = CARTESIAN_POINT ( 'NONE',  ( 0.2293726371259040553, -0.4971752091263696438, 0.001000000000000000021 ) ) ;
#5733 = ADVANCED_FACE ( 'NONE', ( #1047, #7124 ), #2139, .F. ) ;
#5734 = VERTEX_POINT ( 'NONE', #4933 ) ;
#5735 = CYLINDRICAL_SURFACE ( 'NONE', #2191, 0.1199999999999999956 ) ;
#5736 =( NAMED_UNIT ( * ) PLANE_ANGLE_UNIT ( ) SI_UNIT ( $, .RADIAN. ) );
#5737 = AXIS2_PLACEMENT_3D ( 'NONE', #4778, #2016, #1528 ) ;
#5738 = PLANE ( 'NONE',  #6296 ) ;
#5739 = ORIENTED_EDGE ( 'NONE', *, *, #4456, .T. ) ;
#5740 = VERTEX_POINT ( 'NONE', #6573 ) ;
#5741 = CARTESIAN_POINT ( 'NONE',  ( 0.000000000000000000, 0.6249999999999998890, 0.000000000000000000 ) ) ;
#5742 = CARTESIAN_POINT ( 'NONE',  ( 0.1827667265525063645, -0.5604326261197909442, 0.000000000000000000 ) ) ;
#5743 = EDGE_CURVE ( 'NONE', #6238, #5119, #533, .T. ) ;
#5744 = CARTESIAN_POINT ( 'NONE',  ( 0.3725887620391317712, -0.4849884216187109742, -0.000000000000000000 ) ) ;
#5745 = PLANE ( 'NONE',  #732 ) ;
#5746 = DIRECTION ( 'NONE',  ( 0.000000000000000000, 0.000000000000000000, -1.000000000000000000 ) ) ;
#5747 = UNCERTAINTY_MEASURE_WITH_UNIT (LENGTH_MEASURE( 1.000000000000000082E-05 ), #6309, 'distance_accuracy_value', 'NONE');
#5748 = COLOUR_RGB ( '',1.000000000000000000, 1.000000000000000000, 1.000000000000000000 ) ;
#5749 = VERTEX_POINT ( 'NONE', #2780 ) ;
#5750 =( LENGTH_UNIT ( ) NAMED_UNIT ( * ) SI_UNIT ( .MILLI., .METRE. ) );
#5751 = DIRECTION ( 'NONE',  ( 1.084202172485501752E-14, 1.000000000000000000, 0.000000000000000000 ) ) ;
#5752 = MECHANICAL_DESIGN_GEOMETRIC_PRESENTATION_REPRESENTATION (  '', ( #5628 ), #6094 ) ;
#5753 = UNCERTAINTY_MEASURE_WITH_UNIT (LENGTH_MEASURE( 1.000000000000000082E-05 ), #5904, 'distance_accuracy_value', 'NONE');
#5754 = EDGE_CURVE ( 'NONE', #376, #5530, #4350, .T. ) ;
#5755 = DIRECTION ( 'NONE',  ( 0.000000000000000000, 0.000000000000000000, -1.000000000000000000 ) ) ;
#5756 =( NAMED_UNIT ( * ) SI_UNIT ( $, .STERADIAN. ) SOLID_ANGLE_UNIT ( ) );
#5757 = LINE ( 'NONE', #5167, #6167 ) ;
#5758 = CARTESIAN_POINT ( 'NONE',  ( 0.4229071329093481713, -0.5535249773642895166, 0.001000000000000000021 ) ) ;
#5759 = CARTESIAN_POINT ( 'NONE',  ( 0.3613975272932808402, -0.4975270844085546984, 0.000000000000000000 ) ) ;
#5760 = VERTEX_POINT ( 'NONE', #1570 ) ;
#5761 = SURFACE_STYLE_USAGE ( .BOTH. , #782 ) ;
#5762 = VECTOR ( 'NONE', #4336, 1000.000000000000000 ) ;
#5763 = LINE ( 'NONE', #6814, #769 ) ;
#5764 = CARTESIAN_POINT ( 'NONE',  ( -1.000000000000000222, 0.6249999999999998890, 0.9799999999999999822 ) ) ;
#5765 = B_SPLINE_SURFACE_WITH_KNOTS ( 'NONE', 3, 1, ( 
 ( #1325, #2988 ),
 ( #4129, #3525 ),
 ( #786, #5207 ),
 ( #3065, #2487 ),
 ( #4738, #208 ),
 ( #5278, #1365 ),
 ( #6232, #3027 ),
 ( #4673, #284 ),
 ( #2956, #2451 ),
 ( #2520, #6268 ),
 ( #717, #5726 ) ),
 .UNSPECIFIED., .F., .F., .F.,
 ( 4, 1, 1, 1, 1, 1, 1, 1, 4 ),
 ( 2, 2 ),
 ( 0.000000000000000000, 0.1352946047634294158, 0.2667656579247479898, 0.3948160188358709188, 0.5200516544342468350, 0.6421757029708224929, 0.7626518205584242871, 0.8818340043805030781, 1.000000000000000000 ),
 ( 0.000000000000000000, 1.000000000000000000 ),
 .UNSPECIFIED. ) ;
#5766 = STYLED_ITEM ( 'NONE', ( #2742 ), #207 ) ;
#5767 = DIRECTION ( 'NONE',  ( -0.000000000000000000, -0.000000000000000000, -1.000000000000000000 ) ) ;
#5768 = VECTOR ( 'NONE', #6104, 1000.000000000000000 ) ;
#5769 = ORIENTED_EDGE ( 'NONE', *, *, #614, .T. ) ;
#5770 = CARTESIAN_POINT ( 'NONE',  ( 0.3172918444429772555, -0.5301020383946623005, 0.001000000000000000021 ) ) ;
#5771 = LINE ( 'NONE', #6968, #2054 ) ;
#5772 =( LENGTH_UNIT ( ) NAMED_UNIT ( * ) SI_UNIT ( .MILLI., .METRE. ) );
#5773 = EDGE_LOOP ( 'NONE', ( #4287, #2581, #1326, #857 ) ) ;
#5774 = ORIENTED_EDGE ( 'NONE', *, *, #4027, .F. ) ;
#5775 = DIRECTION ( 'NONE',  ( 1.000000000000000000, 0.000000000000000000, 0.000000000000000000 ) ) ;
#5776 = EDGE_CURVE ( 'NONE', #2542, #3190, #2172, .T. ) ;
#5777 = ORIENTED_EDGE ( 'NONE', *, *, #3210, .T. ) ;
#5778 = DIRECTION ( 'NONE',  ( 0.000000000000000000, -0.000000000000000000, 1.000000000000000000 ) ) ;
#5779 = ORIENTED_EDGE ( 'NONE', *, *, #1295, .F. ) ;
#5780 = LINE ( 'NONE', #5705, #4067 ) ;
#5781 = DIRECTION ( 'NONE',  ( -1.000000000000000000, 0.000000000000000000, 0.000000000000000000 ) ) ;
#5782 = CARTESIAN_POINT ( 'NONE',  ( 0.1904625761502943271, -0.5352278005897842528, 0.000000000000000000 ) ) ;
#5783 = CARTESIAN_POINT ( 'NONE',  ( 0.1957342655095414274, -0.4962846513017513117, 0.001000000000000000021 ) ) ;
#5784 = VERTEX_POINT ( 'NONE', #4872 ) ;
#5785 = CARTESIAN_POINT ( 'NONE',  ( 0.3737395375826473853, -0.5873722642106351532, 0.000000000000000000 ) ) ;
#5786 = DIRECTION ( 'NONE',  ( 0.000000000000000000, -0.000000000000000000, 1.000000000000000000 ) ) ;
#5787 = CIRCLE ( 'NONE', #6144, 0.1199999999999999956 ) ;
#5788 = CARTESIAN_POINT ( 'NONE',  ( 0.4007896885180974311, -0.5070930892206888529, 0.001000000000000000021 ) ) ;
#5789 = PLANE ( 'NONE',  #3634 ) ;
#5790 = CARTESIAN_POINT ( 'NONE',  ( 0.3172918444429772555, -0.4971752091263696438, 0.001000000000000000021 ) ) ;
#5791 = SURFACE_SIDE_STYLE ('',( #4620 ) ) ;
#5792 = DIRECTION ( 'NONE',  ( 0.000000000000000000, 0.000000000000000000, -1.000000000000000000 ) ) ;
#5793 = VECTOR ( 'NONE', #2345, 1000.000000000000000 ) ;
#5794 = PRESENTATION_LAYER_ASSIGNMENT (  '', '', ( #1234 ) ) ;
#5795 = UNCERTAINTY_MEASURE_WITH_UNIT (LENGTH_MEASURE( 1.000000000000000082E-05 ), #580, 'distance_accuracy_value', 'NONE');
#5796 = ORIENTED_EDGE ( 'NONE', *, *, #3521, .F. ) ;
#5797 = DIRECTION ( 'NONE',  ( -1.000000000000000000, -0.000000000000000000, -0.000000000000000000 ) ) ;
#5798 = ADVANCED_FACE ( 'NONE', ( #2658 ), #3630, .T. ) ;
#5799 = PLANE ( 'NONE',  #7004 ) ;
#5800 = VECTOR ( 'NONE', #2637, 1000.000000000000000 ) ;
#5801 = AXIS2_PLACEMENT_3D ( 'NONE', #1403, #2596, #4300 ) ;
#5802 = DIRECTION ( 'NONE',  ( 0.000000000000000000, 0.000000000000000000, -1.000000000000000000 ) ) ;
#5803 = AXIS2_PLACEMENT_3D ( 'NONE', #1753, #5070, #5699 ) ;
#5804 = SURFACE_SIDE_STYLE ('',( #5879 ) ) ;
#5805 = FILL_AREA_STYLE_COLOUR ( '', #6502 ) ;
#5806 = PRESENTATION_LAYER_ASSIGNMENT (  '', '', ( #4394 ) ) ;
#5807 = ADVANCED_FACE ( 'NONE', ( #2503 ), #5296, .T. ) ;
#5808 = SURFACE_STYLE_USAGE ( .BOTH. , #6210 ) ;
#5809 = ORIENTED_EDGE ( 'NONE', *, *, #2526, .F. ) ;
#5810 = DIRECTION ( 'NONE',  ( 1.000000000000000000, 0.000000000000000000, -0.000000000000000000 ) ) ;
#5811 = COLOUR_RGB ( '',1.000000000000000000, 1.000000000000000000, 1.000000000000000000 ) ;
#5812 = ORIENTED_EDGE ( 'NONE', *, *, #5255, .T. ) ;
#5813 = VERTEX_POINT ( 'NONE', #3220 ) ;
#5814 =( GEOMETRIC_REPRESENTATION_CONTEXT ( 3 ) GLOBAL_UNCERTAINTY_ASSIGNED_CONTEXT ( ( #6326 ) ) GLOBAL_UNIT_ASSIGNED_CONTEXT ( ( #998, #4773, #7109 ) ) REPRESENTATION_CONTEXT ( 'NONE', 'WORKASPACE' ) );
#5815 = CARTESIAN_POINT ( 'NONE',  ( 0.2139620110340468007, -0.5843377563333956859, 0.000000000000000000 ) ) ;
#5816 = PRESENTATION_STYLE_ASSIGNMENT (( #6869 ) ) ;
#5817 = CIRCLE ( 'NONE', #2208, 0.1200000000000002037 ) ;
#5818 = PRESENTATION_STYLE_ASSIGNMENT (( #4146 ) ) ;
#5819 = CARTESIAN_POINT ( 'NONE',  ( 0.2041562546954868163, -0.4912774532693362506, -2.117582368135750848E-19 ) ) ;
#5820 = EDGE_LOOP ( 'NONE', ( #1423, #79, #2829, #1231 ) ) ;
#5821 = PLANE ( 'NONE',  #6967 ) ;
#5822 = CARTESIAN_POINT ( 'NONE',  ( 0.3698600106895326145, -0.5870549659094935757, 0.000000000000000000 ) ) ;
#5823 =( GEOMETRIC_REPRESENTATION_CONTEXT ( 3 ) GLOBAL_UNCERTAINTY_ASSIGNED_CONTEXT ( ( #4656 ) ) GLOBAL_UNIT_ASSIGNED_CONTEXT ( ( #843, #3088, #4664 ) ) REPRESENTATION_CONTEXT ( 'NONE', 'WORKASPACE' ) );
#5824 = UNCERTAINTY_MEASURE_WITH_UNIT (LENGTH_MEASURE( 1.000000000000000082E-05 ), #2741, 'distance_accuracy_value', 'NONE');
#5825 = ORIENTED_EDGE ( 'NONE', *, *, #4116, .F. ) ;
#5826 =( NAMED_UNIT ( * ) PLANE_ANGLE_UNIT ( ) SI_UNIT ( $, .RADIAN. ) );
#5827 = VECTOR ( 'NONE', #4294, 1000.000000000000000 ) ;
#5828 = PRESENTATION_LAYER_ASSIGNMENT (  '', '', ( #5766 ) ) ;
#5829 = CARTESIAN_POINT ( 'NONE',  ( -0.7800000000000010258, -0.6250000000000001110, 0.1000000000000000056 ) ) ;
#5830 = CARTESIAN_POINT ( 'NONE',  ( 0.1042392529795625883, -0.5581508188824672034, 0.001000000000000000021 ) ) ;
#5831 = DIRECTION ( 'NONE',  ( 0.000000000000000000, 0.000000000000000000, -1.000000000000000000 ) ) ;
#5832 = ADVANCED_FACE ( 'NONE', ( #4416 ), #4906, .T. ) ;
#5833 = ORIENTED_EDGE ( 'NONE', *, *, #2190, .T. ) ;
#5834 = LINE ( 'NONE', #3096, #6159 ) ;
#5835 =( NAMED_UNIT ( * ) PLANE_ANGLE_UNIT ( ) SI_UNIT ( $, .RADIAN. ) );
#5836 = CARTESIAN_POINT ( 'NONE',  ( -0.8821554098972228530, 0.6011454912595581845, 0.9799999999999999822 ) ) ;
#5837 = VECTOR ( 'NONE', #2461, 1000.000000000000000 ) ;
#5838 = CARTESIAN_POINT ( 'NONE',  ( 1.000000000000000000, -0.6250000000000001110, 0.000000000000000000 ) ) ;
#5839 = FILL_AREA_STYLE ('',( #2017 ) ) ;
#5840 = CARTESIAN_POINT ( 'NONE',  ( 0.2819259907844406388, -0.5301020383946623005, 0.001000000000000000021 ) ) ;
#5841 = ADVANCED_FACE ( 'NONE', ( #2173 ), #6577, .T. ) ;
#5842 = EDGE_CURVE ( 'NONE', #3418, #3182, #6758, .T. ) ;
#5843 = DIRECTION ( 'NONE',  ( 0.000000000000000000, 0.000000000000000000, -1.000000000000000000 ) ) ;
#5844 = DIRECTION ( 'NONE',  ( 0.000000000000000000, -0.000000000000000000, -1.000000000000000000 ) ) ;
#5845 = MECHANICAL_DESIGN_GEOMETRIC_PRESENTATION_REPRESENTATION (  '', ( #7227 ), #1169 ) ;
#5846 = ORIENTED_EDGE ( 'NONE', *, *, #3776, .F. ) ;
#5847 = CARTESIAN_POINT ( 'NONE',  ( 1.010000000000000009, 0.1249999999999998890, 0.1000000000000000056 ) ) ;
#5848 = FILL_AREA_STYLE_COLOUR ( '', #2432 ) ;
#5849 = VECTOR ( 'NONE', #4704, 1000.000000000000000 ) ;
#5850 = ADVANCED_FACE ( 'NONE', ( #5664 ), #6278, .T. ) ;
#5851 = ORIENTED_EDGE ( 'NONE', *, *, #2725, .F. ) ;
#5852 = CARTESIAN_POINT ( 'NONE',  ( 0.3962295991526613159, -0.5705463902090777140, 0.001000000000000000021 ) ) ;
#5853 = CARTESIAN_POINT ( 'NONE',  ( 0.3560702665944723289, -0.5838653681787420169, 0.001000000000000000021 ) ) ;
#5854 = PRESENTATION_STYLE_ASSIGNMENT (( #737 ) ) ;
#5855 = ORIENTED_EDGE ( 'NONE', *, *, #6933, .F. ) ;
#5856 = LINE ( 'NONE', #1951, #7089 ) ;
#5857 = VECTOR ( 'NONE', #1719, 1000.000000000000000 ) ;
#5858 = EDGE_CURVE ( 'NONE', #2509, #5291, #101, .T. ) ;
#5859 = CARTESIAN_POINT ( 'NONE',  ( 0.1770878587933302772, -0.5331292807619542051, 0.001000000000000000021 ) ) ;
#5860 = ORIENTED_EDGE ( 'NONE', *, *, #3828, .T. ) ;
#5861 = CARTESIAN_POINT ( 'NONE',  ( 0.1964293885649910087, -0.5120550643864322238, 0.001000000000000000021 ) ) ;
#5862 = PRESENTATION_LAYER_ASSIGNMENT (  '', '', ( #1778 ) ) ;
#5863 = CARTESIAN_POINT ( 'NONE',  ( -1.010000000000000009, 0.3749999999999998890, 0.1000000000000000056 ) ) ;
#5864 = FILL_AREA_STYLE_COLOUR ( '', #6980 ) ;
#5865 = EDGE_CURVE ( 'NONE', #6237, #678, #6608, .T. ) ;
#5866 = CARTESIAN_POINT ( 'NONE',  ( 0.3932935511389196725, -0.5723596228921552509, 0.000000000000000000 ) ) ;
#5867 = FILL_AREA_STYLE ('',( #3019 ) ) ;
#5868 = CARTESIAN_POINT ( 'NONE',  ( 0.4111942834673675273, -0.5372666725410037980, 0.001000000000000000021 ) ) ;
#5869 = LINE ( 'NONE', #1891, #267 ) ;
#5870 = VECTOR ( 'NONE', #1928, 1000.000000000000000 ) ;
#5871 = MECHANICAL_DESIGN_GEOMETRIC_PRESENTATION_REPRESENTATION (  '', ( #270 ), #1798 ) ;
#5872 = CARTESIAN_POINT ( 'NONE',  ( 0.1272575456624893964, -0.5054069164434428219, 0.001000000000000000021 ) ) ;
#5873 = LINE ( 'NONE', #1932, #6860 ) ;
#5874 = CARTESIAN_POINT ( 'NONE',  ( 1.010000000000000231, -0.6250000000000001110, 0.1000000000000000056 ) ) ;
#5875 = FILL_AREA_STYLE ('',( #930 ) ) ;
#5876 = DIRECTION ( 'NONE',  ( 1.445602896647339163E-16, -1.000000000000000000, 0.000000000000000000 ) ) ;
#5877 = FACE_OUTER_BOUND ( 'NONE', #4868, .T. ) ;
#5878 = B_SPLINE_CURVE_WITH_KNOTS ( 'NONE', 3,
 ( #1011, #3821, #6048, #2067, #369, #5982, #471 ),
 .UNSPECIFIED., .F., .F.,
 ( 4, 1, 1, 1, 4 ),
 ( 0.000000000000000000, 0.1744817153170560020, 0.3982857591281081522, 0.6738978473986653173, 1.000000000000000000 ),
 .UNSPECIFIED. ) ;
#5879 = SURFACE_STYLE_FILL_AREA ( #6932 ) ;
#5880 = VECTOR ( 'NONE', #3108, 1000.000000000000000 ) ;
#5881 = PLANE ( 'NONE',  #198 ) ;
#5882 = VECTOR ( 'NONE', #452, 1000.000000000000000 ) ;
#5883 = CARTESIAN_POINT ( 'NONE',  ( 0.3529842778476456333, -0.5715987815624522517, 0.000000000000000000 ) ) ;
#5884 = ORIENTED_EDGE ( 'NONE', *, *, #2410, .T. ) ;
#5885 = CARTESIAN_POINT ( 'NONE',  ( 0.2575357468820015927, -0.4861995993702720176, 0.001000000000000000021 ) ) ;
#5886 = VECTOR ( 'NONE', #1784, 1000.000000000000000 ) ;
#5887 = ORIENTED_EDGE ( 'NONE', *, *, #6933, .T. ) ;
#5888 = PRESENTATION_STYLE_ASSIGNMENT (( #2654 ) ) ;
#5889 = LINE ( 'NONE', #4791, #6263 ) ;
#5890 = MECHANICAL_DESIGN_GEOMETRIC_PRESENTATION_REPRESENTATION (  '', ( #2391 ), #3191 ) ;
#5891 = CARTESIAN_POINT ( 'NONE',  ( 0.4014942297820810468, -0.5659004789658110823, 0.000000000000000000 ) ) ;
#5892 = EDGE_CURVE ( 'NONE', #5291, #1460, #62, .T. ) ;
#5893 = DIRECTION ( 'NONE',  ( 0.000000000000000000, 1.000000000000000000, 0.000000000000000000 ) ) ;
#5894 = ORIENTED_EDGE ( 'NONE', *, *, #407, .T. ) ;
#5895 = PRESENTATION_STYLE_ASSIGNMENT (( #5385 ) ) ;
#5896 = LINE ( 'NONE', #4910, #194 ) ;
#5897 = ORIENTED_EDGE ( 'NONE', *, *, #956, .T. ) ;
#5898 = CARTESIAN_POINT ( 'NONE',  ( 0.1930661523789636846, -0.5186417512240982797, 0.000000000000000000 ) ) ;
#5899 = DIRECTION ( 'NONE',  ( -0.000000000000000000, -0.000000000000000000, -1.000000000000000000 ) ) ;
#5900 = EDGE_CURVE ( 'NONE', #1433, #5813, #6368, .T. ) ;
#5901 = CARTESIAN_POINT ( 'NONE',  ( 0.4057743215371354406, -0.5601302578776834462, 0.000000000000000000 ) ) ;
#5902 =( NAMED_UNIT ( * ) PLANE_ANGLE_UNIT ( ) SI_UNIT ( $, .RADIAN. ) );
#5903 = CARTESIAN_POINT ( 'NONE',  ( 0.6600000000000001421, -0.5049999999999992273, 0.000000000000000000 ) ) ;
#5904 =( LENGTH_UNIT ( ) NAMED_UNIT ( * ) SI_UNIT ( .MILLI., .METRE. ) );
#5905 = CARTESIAN_POINT ( 'NONE',  ( 0.2794869663941967897, -0.4861995993702720176, 0.000000000000000000 ) ) ;
#5906 = DIRECTION ( 'NONE',  ( 1.000000000000000000, -0.000000000000000000, 0.000000000000000000 ) ) ;
#5907 = PRESENTATION_LAYER_ASSIGNMENT (  '', '', ( #1819 ) ) ;
#5908 = AXIS2_PLACEMENT_3D ( 'NONE', #2677, #4334, #2094 ) ;
#5909 = SURFACE_SIDE_STYLE ('',( #4680 ) ) ;
#5910 = MECHANICAL_DESIGN_GEOMETRIC_PRESENTATION_REPRESENTATION (  '', ( #6842 ), #1233 ) ;
#5911 = CARTESIAN_POINT ( 'NONE',  ( 0.3750000000000000000, -0.2199999999999998068, -0.01000000000000000021 ) ) ;
#5912 = MECHANICAL_DESIGN_GEOMETRIC_PRESENTATION_REPRESENTATION (  '', ( #3003 ), #2674 ) ;
#5913 = ORIENTED_EDGE ( 'NONE', *, *, #6685, .F. ) ;
#5914 = CARTESIAN_POINT ( 'NONE',  ( -0.2449999999999999956, 0.4100000000000001976, -0.01000000000000000021 ) ) ;
#5915 = EDGE_LOOP ( 'NONE', ( #724, #3501, #6473, #3519, #755, #6914 ) ) ;
#5916 =( GEOMETRIC_REPRESENTATION_CONTEXT ( 3 ) GLOBAL_UNCERTAINTY_ASSIGNED_CONTEXT ( ( #2045 ) ) GLOBAL_UNIT_ASSIGNED_CONTEXT ( ( #832, #5337, #865 ) ) REPRESENTATION_CONTEXT ( 'NONE', 'WORKASPACE' ) );
#5917 = COLOUR_RGB ( '',0.2235294117647058654, 0.2235294117647058654, 0.2235294117647058654 ) ;
#5918 = PRESENTATION_STYLE_ASSIGNMENT (( #6390 ) ) ;
#5919 = VECTOR ( 'NONE', #6707, 1000.000000000000000 ) ;
#5920 = ORIENTED_EDGE ( 'NONE', *, *, #5754, .F. ) ;
#5921 = EDGE_CURVE ( 'NONE', #2847, #6206, #6994, .T. ) ;
#5922 = LINE ( 'NONE', #4795, #5359 ) ;
#5923 = FILL_AREA_STYLE ('',( #7094 ) ) ;
#5924 = SURFACE_SIDE_STYLE ('',( #3764 ) ) ;
#5925 = CARTESIAN_POINT ( 'NONE',  ( 0.3736371188332211490, -0.4959556969312476915, 0.001000000000000000021 ) ) ;
#5926 = SURFACE_SIDE_STYLE ('',( #3726 ) ) ;
#5927 = PRESENTATION_LAYER_ASSIGNMENT (  '', '', ( #1841 ) ) ;
#5928 = ORIENTED_EDGE ( 'NONE', *, *, #141, .T. ) ;
#5929 = CARTESIAN_POINT ( 'NONE',  ( 0.1790452873080974061, -0.5195293014329481762, 0.001000000000000000021 ) ) ;
#5930 = ADVANCED_FACE ( 'NONE', ( #5700 ), #2888, .T. ) ;
#5931 = VECTOR ( 'NONE', #5461, 1000.000000000000000 ) ;
#5932 = CARTESIAN_POINT ( 'NONE',  ( -0.2449999999999999956, -0.07999999999999977962, 0.1000000000000000056 ) ) ;
#5933 = EDGE_CURVE ( 'NONE', #1936, #873, #928, .T. ) ;
#5934 = CARTESIAN_POINT ( 'NONE',  ( 0.3794698237688591269, -0.5873803958569089323, -0.000000000000000000 ) ) ;
#5935 = CARTESIAN_POINT ( 'NONE',  ( 0.2794869663941967897, -0.4861995993702720176, 0.001000000000000000021 ) ) ;
#5936 = COLOUR_RGB ( '',1.000000000000000000, 1.000000000000000000, 1.000000000000000000 ) ;
#5937 = CARTESIAN_POINT ( 'NONE',  ( 0.2098710464478993898, -0.5711734280051132817, 0.001000000000000000021 ) ) ;
#5938 = STYLED_ITEM ( 'NONE', ( #877 ), #6275 ) ;
#5939 = CARTESIAN_POINT ( 'NONE',  ( 0.1257735441536374787, -0.4991068105503137509, 0.001000000000000000021 ) ) ;
#5940 = DIRECTION ( 'NONE',  ( -1.000000000000000000, 0.000000000000000000, 0.000000000000000000 ) ) ;
#5941 = VECTOR ( 'NONE', #6184, 1000.000000000000000 ) ;
#5942 = PRESENTATION_LAYER_ASSIGNMENT (  '', '', ( #1742 ) ) ;
#5943 =( NAMED_UNIT ( * ) PLANE_ANGLE_UNIT ( ) SI_UNIT ( $, .RADIAN. ) );
#5944 = CARTESIAN_POINT ( 'NONE',  ( 0.3737514481015138945, -0.4849800871751501208, 0.000000000000000000 ) ) ;
#5945 = CARTESIAN_POINT ( 'NONE',  ( 1.010000000000000231, -0.3750000000000001110, 0.1000000000000000056 ) ) ;
#5946 = DIRECTION ( 'NONE',  ( -1.000000000000000000, -0.000000000000000000, -0.000000000000000000 ) ) ;
#5947 = COLOUR_RGB ( '',0.5019607843137254832, 0.2509803921568627416, 0.2509803921568627416 ) ;
#5948 = PRESENTATION_STYLE_ASSIGNMENT (( #6538 ) ) ;
#5949 = CARTESIAN_POINT ( 'NONE',  ( 0.3502186737112699677, -0.5700410627849062939, 0.000000000000000000 ) ) ;
#5950 = VERTEX_POINT ( 'NONE', #420 ) ;
#5951 =( NAMED_UNIT ( * ) PLANE_ANGLE_UNIT ( ) SI_UNIT ( $, .RADIAN. ) );
#5952 = ADVANCED_FACE ( 'NONE', ( #3281 ), #1447, .T. ) ;
#5953 = ORIENTED_EDGE ( 'NONE', *, *, #4033, .F. ) ;
#5954 = FILL_AREA_STYLE_COLOUR ( '', #6088 ) ;
#5955 = FILL_AREA_STYLE ('',( #3680 ) ) ;
#5956 = CARTESIAN_POINT ( 'NONE',  ( 0.1263656756470095677, -0.5023369040446530320, 0.000000000000000000 ) ) ;
#5957 = STYLED_ITEM ( 'NONE', ( #4025 ), #7033 ) ;
#5958 = DIRECTION ( 'NONE',  ( 0.000000000000000000, -1.000000000000000000, 0.000000000000000000 ) ) ;
#5959 = CARTESIAN_POINT ( 'NONE',  ( 0.3868761071660521966, -0.5750256954996062486, 0.001000000000000000021 ) ) ;
#5960 = PRESENTATION_STYLE_ASSIGNMENT (( #3797 ) ) ;
#5961 = VERTEX_POINT ( 'NONE', #890 ) ;
#5962 = EDGE_CURVE ( 'NONE', #1348, #6238, #4918, .T. ) ;
#5963 = CARTESIAN_POINT ( 'NONE',  ( 0.2279487095052601109, -0.4972045085432790223, 0.001000000000000000021 ) ) ;
#5964 = UNCERTAINTY_MEASURE_WITH_UNIT (LENGTH_MEASURE( 1.000000000000000082E-05 ), #2704, 'distance_accuracy_value', 'NONE');
#5965 = CARTESIAN_POINT ( 'NONE',  ( 0.1918852713115827835, -0.5223716259049961952, 0.001000000000000000021 ) ) ;
#5966 = CARTESIAN_POINT ( 'NONE',  ( 0.2794869663941967897, -0.4861995993702720176, 0.001000000000000000021 ) ) ;
#5967 = CIRCLE ( 'NONE', #826, 0.1199999999999999956 ) ;
#5968 = CARTESIAN_POINT ( 'NONE',  ( 0.3962295991526613159, -0.5705463902090777140, 0.000000000000000000 ) ) ;
#5969 = PRESENTATION_STYLE_ASSIGNMENT (( #2669 ) ) ;
#5970 = FACE_OUTER_BOUND ( 'NONE', #4754, .T. ) ;
#5971 = CARTESIAN_POINT ( 'NONE',  ( -0.6599999999999999201, 0.004999999999999889949, -0.01000000000000000021 ) ) ;
#5972 = CARTESIAN_POINT ( 'NONE',  ( 0.1918581295821872312, -0.5482039182634793617, 0.001000000000000000021 ) ) ;
#5973 = CARTESIAN_POINT ( 'NONE',  ( 0.1267796897059235706, -0.5039658851669900352, 0.001000000000000000021 ) ) ;
#5974 = SURFACE_SIDE_STYLE ('',( #1523 ) ) ;
#5975 =( NAMED_UNIT ( * ) SI_UNIT ( $, .STERADIAN. ) SOLID_ANGLE_UNIT ( ) );
#5976 = LINE ( 'NONE', #5905, #4936 ) ;
#5977 = CARTESIAN_POINT ( 'NONE',  ( 0.1771674942839210898, -0.5405330572988684690, 0.001000000000000000021 ) ) ;
#5978 = AXIS2_PLACEMENT_3D ( 'NONE', #417, #2090, #2052 ) ;
#5979 = DIRECTION ( 'NONE',  ( 0.000000000000000000, -1.000000000000000000, 0.000000000000000000 ) ) ;
#5980 = CARTESIAN_POINT ( 'NONE',  ( -0.2449999999999999956, 0.5300000000000002487, 0.000000000000000000 ) ) ;
#5981 = ORIENTED_EDGE ( 'NONE', *, *, #5279, .F. ) ;
#5982 = CARTESIAN_POINT ( 'NONE',  ( 0.1251943333793232582, -0.4991634587185909688, -0.000000000000000000 ) ) ;
#5983 = VERTEX_POINT ( 'NONE', #2055 ) ;
#5984 = FACE_OUTER_BOUND ( 'NONE', #5215, .T. ) ;
#5985 = CARTESIAN_POINT ( 'NONE',  ( 0.3750000000000000000, 0.7600000000000002309, 0.1000000000000000056 ) ) ;
#5986 = CIRCLE ( 'NONE', #1670, 0.1199999999999999956 ) ;
#5987 = CARTESIAN_POINT ( 'NONE',  ( 0.1257735441536374787, -0.4991068105503137509, -0.000000000000000000 ) ) ;
#5988 = EDGE_CURVE ( 'NONE', #1269, #6282, #1030, .T. ) ;
#5989 = SURFACE_SIDE_STYLE ('',( #5485 ) ) ;
#5990 = EDGE_LOOP ( 'NONE', ( #249, #6386, #1854, #6785, #3448, #6050 ) ) ;
#5991 = CARTESIAN_POINT ( 'NONE',  ( 0.3932935511389196725, -0.5723596228921552509, 0.001000000000000000021 ) ) ;
#5992 =( NAMED_UNIT ( * ) SI_UNIT ( $, .STERADIAN. ) SOLID_ANGLE_UNIT ( ) );
#5993 = VERTEX_POINT ( 'NONE', #2157 ) ;
#5994 = DIRECTION ( 'NONE',  ( 0.000000000000000000, 0.000000000000000000, -1.000000000000000000 ) ) ;
#5995 = CARTESIAN_POINT ( 'NONE',  ( 0.1771659111227881778, -0.5295847773363554500, 0.001000000000000000021 ) ) ;
#5996 =( LENGTH_UNIT ( ) NAMED_UNIT ( * ) SI_UNIT ( .MILLI., .METRE. ) );
#5997 =( NAMED_UNIT ( * ) SI_UNIT ( $, .STERADIAN. ) SOLID_ANGLE_UNIT ( ) );
#5998 = CARTESIAN_POINT ( 'NONE',  ( 0.1272575456624893964, -0.5054069164434428219, 0.000000000000000000 ) ) ;
#5999 = FILL_AREA_STYLE ('',( #3809 ) ) ;
#6000 = CARTESIAN_POINT ( 'NONE',  ( 0.1271064032695086721, -0.5049511286427665890, 0.001000000000000000021 ) ) ;
#6001 = CARTESIAN_POINT ( 'NONE',  ( 0.4190739941734889507, -0.5118091474197109525, 0.001000000000000000021 ) ) ;
#6002 =( LENGTH_UNIT ( ) NAMED_UNIT ( * ) SI_UNIT ( .MILLI., .METRE. ) );
#6003 = CARTESIAN_POINT ( 'NONE',  ( 0.3939533823349847808, -0.4885304565887013672, 0.000000000000000000 ) ) ;
#6004 = CARTESIAN_POINT ( 'NONE',  ( 0.3502186737112699677, -0.5700410627849062939, 0.000000000000000000 ) ) ;
#6005 = DIRECTION ( 'NONE',  ( 0.000000000000000000, 1.000000000000000000, 0.000000000000000000 ) ) ;
#6006 = ADVANCED_FACE ( 'NONE', ( #6033 ), #3171, .F. ) ;
#6007 = LINE ( 'NONE', #4926, #4295 ) ;
#6008 = CARTESIAN_POINT ( 'NONE',  ( -0.000000000000000000, 0.3749999999999998890, 0.000000000000000000 ) ) ;
#6009 = DIRECTION ( 'NONE',  ( 0.000000000000000000, -1.000000000000000000, 0.000000000000000000 ) ) ;
#6010 = CARTESIAN_POINT ( 'NONE',  ( 0.1919054542627673943, -0.4993728881301389699, 0.000000000000000000 ) ) ;
#6011 = ORIENTED_EDGE ( 'NONE', *, *, #7206, .F. ) ;
#6012 = SURFACE_SIDE_STYLE ('',( #1637 ) ) ;
#6013 = AXIS2_PLACEMENT_3D ( 'NONE', #5541, #5101, #2843 ) ;
#6014 = VECTOR ( 'NONE', #180, 1000.000000000000000 ) ;
#6015 = FILL_AREA_STYLE ('',( #5448 ) ) ;
#6016 = ORIENTED_EDGE ( 'NONE', *, *, #3753, .F. ) ;
#6017 = FILL_AREA_STYLE ('',( #4965 ) ) ;
#6018 =( LENGTH_UNIT ( ) NAMED_UNIT ( * ) SI_UNIT ( .MILLI., .METRE. ) );
#6019 = AXIS2_PLACEMENT_3D ( 'NONE', #1177, #3308, #3914 ) ;
#6020 = STYLED_ITEM ( 'NONE', ( #5172 ), #4446 ) ;
#6021 = VERTEX_POINT ( 'NONE', #1555 ) ;
#6022 = CARTESIAN_POINT ( 'NONE',  ( 0.4210999631953447619, -0.5165026613780857589, 0.001000000000000000021 ) ) ;
#6023 = AXIS2_PLACEMENT_3D ( 'NONE', #4519, #3325, #3443 ) ;
#6024 = CARTESIAN_POINT ( 'NONE',  ( 0.4331455029795626133, -0.5861995993702721064, 0.001000000000000000021 ) ) ;
#6025 =( NAMED_UNIT ( * ) SI_UNIT ( $, .STERADIAN. ) SOLID_ANGLE_UNIT ( ) );
#6026 = FILL_AREA_STYLE ('',( #5391 ) ) ;
#6027 = AXIS2_PLACEMENT_3D ( 'NONE', #1686, #6146, #1143 ) ;
#6028 = VERTEX_POINT ( 'NONE', #2187 ) ;
#6029 = CARTESIAN_POINT ( 'NONE',  ( 0.2035870819632988604, -0.5672192862362273047, 0.000000000000000000 ) ) ;
#6030 = EDGE_CURVE ( 'NONE', #1281, #5228, #2309, .T. ) ;
#6031 = SURFACE_STYLE_FILL_AREA ( #5469 ) ;
#6032 = MECHANICAL_DESIGN_GEOMETRIC_PRESENTATION_REPRESENTATION (  '', ( #6632 ), #7205 ) ;
#6033 = FACE_OUTER_BOUND ( 'NONE', #5773, .T. ) ;
#6034 = CARTESIAN_POINT ( 'NONE',  ( 0.3984131659448709728, -0.4906051822297093912, 0.000000000000000000 ) ) ;
#6035 = SURFACE_SIDE_STYLE ('',( #5571 ) ) ;
#6036 = PRESENTATION_LAYER_ASSIGNMENT (  '', '', ( #6525 ) ) ;
#6037 = CARTESIAN_POINT ( 'NONE',  ( 0.7800000000000008038, 0.3749999999999998890, 0.000000000000000000 ) ) ;
#6038 = LINE ( 'NONE', #3815, #3539 ) ;
#6039 = COLOUR_RGB ( '',1.000000000000000000, 1.000000000000000000, 1.000000000000000000 ) ;
#6040 = ADVANCED_FACE ( 'NONE', ( #3435 ), #6699, .T. ) ;
#6041 = COLOUR_RGB ( '',0.000000000000000000, 0.000000000000000000, 0.000000000000000000 ) ;
#6042 = CARTESIAN_POINT ( 'NONE',  ( 0.1770883287242173698, -0.5368307358696875475, 0.001000000000000000021 ) ) ;
#6043 = DIRECTION ( 'NONE',  ( 1.000000000000000000, 0.000000000000000000, 0.000000000000000000 ) ) ;
#6044 = CARTESIAN_POINT ( 'NONE',  ( 0.1249384642518904798, -0.5005819106841349342, 0.001000000000000000021 ) ) ;
#6045 = SURFACE_STYLE_USAGE ( .BOTH. , #3855 ) ;
#6046 = ORIENTED_EDGE ( 'NONE', *, *, #1156, .T. ) ;
#6047 = STYLED_ITEM ( 'NONE', ( #1023 ), #6285 ) ;
#6048 = CARTESIAN_POINT ( 'NONE',  ( 0.1241992050602268166, -0.5040971818394416326, 0.000000000000000000 ) ) ;
#6049 = CIRCLE ( 'NONE', #3873, 0.1200000000000000927 ) ;
#6050 = ORIENTED_EDGE ( 'NONE', *, *, #642, .T. ) ;
#6051 = FACE_OUTER_BOUND ( 'NONE', #64, .T. ) ;
#6052 = EDGE_CURVE ( 'NONE', #584, #3102, #5568, .T. ) ;
#6053 = COLOUR_RGB ( '',0.000000000000000000, 0.000000000000000000, 0.000000000000000000 ) ;
#6054 = EDGE_CURVE ( 'NONE', #2488, #5069, #6722, .T. ) ;
#6055 = FACE_OUTER_BOUND ( 'NONE', #4463, .T. ) ;
#6056 = SURFACE_STYLE_USAGE ( .BOTH. , #6978 ) ;
#6057 = DIRECTION ( 'NONE',  ( 0.000000000000000000, -1.000000000000000000, -0.000000000000000000 ) ) ;
#6058 = VECTOR ( 'NONE', #5843, 1000.000000000000000 ) ;
#6059 = ORIENTED_EDGE ( 'NONE', *, *, #4355, .F. ) ;
#6060 = SURFACE_SIDE_STYLE ('',( #3297 ) ) ;
#6061 = DIRECTION ( 'NONE',  ( 0.000000000000000000, 0.000000000000000000, 1.000000000000000000 ) ) ;
#6062 = EDGE_CURVE ( 'NONE', #3059, #3538, #5605, .T. ) ;
#6063 = AXIS2_PLACEMENT_3D ( 'NONE', #5125, #113, #6590 ) ;
#6064 = CARTESIAN_POINT ( 'NONE',  ( -0.3750000000000000000, -0.7599999999999997868, 0.1000000000000000056 ) ) ;
#6065 = DIRECTION ( 'NONE',  ( -0.000000000000000000, -0.000000000000000000, -1.000000000000000000 ) ) ;
#6066 = CARTESIAN_POINT ( 'NONE',  ( 0.1237895578576114070, -0.5054069164434428219, 0.001000000000000000021 ) ) ;
#6067 = CARTESIAN_POINT ( 'NONE',  ( 0.1087362041990747596, -0.5471752091263696327, 0.000000000000000000 ) ) ;
#6068 = ADVANCED_FACE ( 'NONE', ( #6075 ), #2507, .T. ) ;
#6069 = CARTESIAN_POINT ( 'NONE',  ( -1.000000000000000222, -0.6250000000000001110, 0.000000000000000000 ) ) ;
#6070 = PRESENTATION_STYLE_ASSIGNMENT (( #5531 ) ) ;
#6072 = FACE_OUTER_BOUND ( 'NONE', #3857, .T. ) ;
#6071 = AXIS2_PLACEMENT_3D ( 'NONE', #1344, #5158, #766 ) ;
#6073 = EDGE_CURVE ( 'NONE', #1646, #2035, #5233, .T. ) ;
#6074 = VECTOR ( 'NONE', #5946, 1000.000000000000000 ) ;
#6075 = FACE_OUTER_BOUND ( 'NONE', #4584, .T. ) ;
#6076 = ADVANCED_FACE ( 'NONE', ( #2443 ), #3621, .T. ) ;
#6077 = CARTESIAN_POINT ( 'NONE',  ( 0.3892398582015095809, -0.4869467303022292914, 0.000000000000000000 ) ) ;
#6078 = CARTESIAN_POINT ( 'NONE',  ( -0.1250000000000000000, -0.07999999999999977962, 0.000000000000000000 ) ) ;
#6079 = DIRECTION ( 'NONE',  ( 0.000000000000000000, -1.000000000000000000, 0.000000000000000000 ) ) ;
#6080 = LINE ( 'NONE', #3283, #4536 ) ;
#6081 = VERTEX_POINT ( 'NONE', #5863 ) ;
#6082 =( LENGTH_UNIT ( ) NAMED_UNIT ( * ) SI_UNIT ( .MILLI., .METRE. ) );
#6083 = CARTESIAN_POINT ( 'NONE',  ( 0.7800000000000000266, 0.5049999999999998934, -0.01000000000000000021 ) ) ;
#6084 = UNCERTAINTY_MEASURE_WITH_UNIT (LENGTH_MEASURE( 1.000000000000000082E-05 ), #5750, 'distance_accuracy_value', 'NONE');
#6085 = VECTOR ( 'NONE', #1698, 1000.000000000000000 ) ;
#6086 = DIRECTION ( 'NONE',  ( 0.3222024856061130316, -0.9466707760722533616, 0.000000000000000000 ) ) ;
#6087 = LINE ( 'NONE', #6343, #140 ) ;
#6088 = COLOUR_RGB ( '',1.000000000000000000, 1.000000000000000000, 1.000000000000000000 ) ;
#6089 = PRESENTATION_STYLE_ASSIGNMENT (( #569 ) ) ;
#6090 = DIRECTION ( 'NONE',  ( 1.000000000000000000, 0.000000000000000000, 0.000000000000000000 ) ) ;
#6091 = ORIENTED_EDGE ( 'NONE', *, *, #7212, .F. ) ;
#6092 =( LENGTH_UNIT ( ) NAMED_UNIT ( * ) SI_UNIT ( .MILLI., .METRE. ) );
#6093 = PRESENTATION_STYLE_ASSIGNMENT (( #3824 ) ) ;
#6094 =( GEOMETRIC_REPRESENTATION_CONTEXT ( 3 ) GLOBAL_UNCERTAINTY_ASSIGNED_CONTEXT ( ( #3922 ) ) GLOBAL_UNIT_ASSIGNED_CONTEXT ( ( #1148, #6116, #1108 ) ) REPRESENTATION_CONTEXT ( 'NONE', 'WORKASPACE' ) );
#6095 = B_SPLINE_SURFACE_WITH_KNOTS ( 'NONE', 3, 1, ( 
 ( #4039, #6245 ),
 ( #4724, #1236 ),
 ( #6512, #2145 ),
 ( #5853, #1466 ),
 ( #3115, #4797 ),
 ( #4873, #2584 ),
 ( #5423, #1509 ),
 ( #4356, #7096 ),
 ( #1430, #2621 ),
 ( #1543, #6979 ),
 ( #4209, #7055 ) ),
 .UNSPECIFIED., .F., .F., .F.,
 ( 4, 1, 1, 1, 1, 1, 1, 1, 4 ),
 ( 2, 2 ),
 ( 0.000000000000000000, 0.1124483899088015715, 0.2265276752126776372, 0.3444019493260268017, 0.4658649724874586173, 0.5916594493521168951, 0.7221684870248867849, 0.8586063875549251323, 0.9999999999999998890 ),
 ( 0.000000000000000000, 1.000000000000000000 ),
 .UNSPECIFIED. ) ;
#6096 = DIRECTION ( 'NONE',  ( 1.000000000000000000, 0.000000000000000000, 0.000000000000000000 ) ) ;
#6097 = FILL_AREA_STYLE ('',( #5037 ) ) ;
#6098 = MECHANICAL_DESIGN_GEOMETRIC_PRESENTATION_REPRESENTATION (  '', ( #2731 ), #2628 ) ;
#6099 = ORIENTED_EDGE ( 'NONE', *, *, #5230, .F. ) ;
#6100 = VECTOR ( 'NONE', #5394, 1000.000000000000000 ) ;
#6101 = LINE ( 'NONE', #1094, #3140 ) ;
#6102 = LINE ( 'NONE', #585, #3640 ) ;
#6103 = UNCERTAINTY_MEASURE_WITH_UNIT (LENGTH_MEASURE( 1.000000000000000082E-05 ), #298, 'distance_accuracy_value', 'NONE');
#6104 = DIRECTION ( 'NONE',  ( 0.000000000000000000, 0.000000000000000000, -1.000000000000000000 ) ) ;
#6105 = DIRECTION ( 'NONE',  ( -1.000000000000000000, 0.000000000000000000, 0.000000000000000000 ) ) ;
#6106 = CARTESIAN_POINT ( 'NONE',  ( 0.2284184717121613695, -0.5751914187224956843, 0.000000000000000000 ) ) ;
#6107 = VECTOR ( 'NONE', #4998, 1000.000000000000000 ) ;
#6108 = SURFACE_STYLE_USAGE ( .BOTH. , #6664 ) ;
#6109 = EDGE_CURVE ( 'NONE', #1894, #5950, #842, .T. ) ;
#6110 = DIRECTION ( 'NONE',  ( -0.000000000000000000, -0.000000000000000000, -1.000000000000000000 ) ) ;
#6111 = CARTESIAN_POINT ( 'NONE',  ( 0.3750000000000001110, 0.7500000000000002220, 0.9799999999999999822 ) ) ;
#6112 = CARTESIAN_POINT ( 'NONE',  ( 0.7800000000000009148, -0.1250000000000001110, 0.1000000000000000056 ) ) ;
#6113 = FILL_AREA_STYLE_COLOUR ( '', #2500 ) ;
#6114 = FACE_OUTER_BOUND ( 'NONE', #5990, .T. ) ;
#6115 = PLANE ( 'NONE',  #1769 ) ;
#6116 =( NAMED_UNIT ( * ) PLANE_ANGLE_UNIT ( ) SI_UNIT ( $, .RADIAN. ) );
#6117 = ORIENTED_EDGE ( 'NONE', *, *, #676, .T. ) ;
#6118 = CARTESIAN_POINT ( 'NONE',  ( 0.7800000000000009148, -0.1250000000000001388, 0.000000000000000000 ) ) ;
#6119 = CARTESIAN_POINT ( 'NONE',  ( 0.3607901184106039327, -0.4859467655971668743, 0.001000000000000000021 ) ) ;
#6120 = B_SPLINE_CURVE_WITH_KNOTS ( 'NONE', 3,
 ( #1118, #6123, #573, #1977, #5284, #3531, #4678, #721, #6422, #176, #1935 ),
 .UNSPECIFIED., .F., .F.,
 ( 4, 1, 1, 1, 1, 1, 1, 1, 4 ),
 ( 0.000000000000000000, 0.1352946047634294158, 0.2667656579247479898, 0.3948160188358709188, 0.5200516544342468350, 0.6421757029708224929, 0.7626518205584242871, 0.8818340043805030781, 1.000000000000000000 ),
 .UNSPECIFIED. ) ;
#6121 = DIRECTION ( 'NONE',  ( 0.000000000000000000, -1.000000000000000000, 0.000000000000000000 ) ) ;
#6122 = ORIENTED_EDGE ( 'NONE', *, *, #614, .F. ) ;
#6123 = CARTESIAN_POINT ( 'NONE',  ( 0.3746780523864015611, -0.5764276477545544619, 0.001000000000000000021 ) ) ;
#6124 = CARTESIAN_POINT ( 'NONE',  ( 0.7800000000000009148, 0.1249999999999998890, -0.01000000000000000021 ) ) ;
#6125 = AXIS2_PLACEMENT_3D ( 'NONE', #1648, #3935, #3223 ) ;
#6126 = SURFACE_STYLE_FILL_AREA ( #688 ) ;
#6127 = CARTESIAN_POINT ( 'NONE',  ( 0.6600000000000000311, 0.5049999999999991163, 0.1000000000000000056 ) ) ;
#6128 = LINE ( 'NONE', #2321, #6414 ) ;
#6129 = EDGE_LOOP ( 'NONE', ( #4628, #6162, #581, #986, #20, #1597 ) ) ;
#6130 = ORIENTED_EDGE ( 'NONE', *, *, #3275, .F. ) ;
#6131 = DIRECTION ( 'NONE',  ( 1.000000000000000000, 0.000000000000000000, -0.000000000000000000 ) ) ;
#6132 = ORIENTED_EDGE ( 'NONE', *, *, #4116, .T. ) ;
#6133 = EDGE_CURVE ( 'NONE', #1500, #1348, #5717, .T. ) ;
#6134 = DIRECTION ( 'NONE',  ( 0.000000000000000000, 0.000000000000000000, -1.000000000000000000 ) ) ;
#6135 = VECTOR ( 'NONE', #6479, 1000.000000000000000 ) ;
#6136 = VERTEX_POINT ( 'NONE', #4618 ) ;
#6137 = CARTESIAN_POINT ( 'NONE',  ( 0.1245724858571516380, -0.5025252758820560883, 0.001000000000000000021 ) ) ;
#6138 = CARTESIAN_POINT ( 'NONE',  ( 0.3172918444429772555, -0.4971752091263696438, 0.000000000000000000 ) ) ;
#6139 = VERTEX_POINT ( 'NONE', #5166 ) ;
#6140 = CARTESIAN_POINT ( 'NONE',  ( 0.2299252285893187142, -0.5752239896141745357, 0.001000000000000000021 ) ) ;
#6141 = EDGE_CURVE ( 'NONE', #1824, #3965, #163, .T. ) ;
#6142 = CARTESIAN_POINT ( 'NONE',  ( -0.3750000000000000000, 0.5300000000000002487, 0.1000000000000000056 ) ) ;
#6143 = AXIS2_PLACEMENT_3D ( 'NONE', #2044, #5386, #4844 ) ;
#6144 = AXIS2_PLACEMENT_3D ( 'NONE', #183, #4109, #4688 ) ;
#6145 = EDGE_CURVE ( 'NONE', #3217, #2112, #4089, .T. ) ;
#6146 = DIRECTION ( 'NONE',  ( -1.000000000000000000, 0.000000000000000000, 0.000000000000000000 ) ) ;
#6147 = CARTESIAN_POINT ( 'NONE',  ( 0.3920529923625599156, -0.5002560195266124721, 0.001000000000000000021 ) ) ;
#6148 = FILL_AREA_STYLE ('',( #3468 ) ) ;
#6149 = DIRECTION ( 'NONE',  ( 1.000000000000000000, 0.000000000000000000, -0.000000000000000000 ) ) ;
#6150 = CARTESIAN_POINT ( 'NONE',  ( -0.6600000000000001421, 0.6249999999999998890, -0.01000000000000000021 ) ) ;
#6151 = FILL_AREA_STYLE_COLOUR ( '', #4447 ) ;
#6152 =( GEOMETRIC_REPRESENTATION_CONTEXT ( 3 ) GLOBAL_UNCERTAINTY_ASSIGNED_CONTEXT ( ( #1346 ) ) GLOBAL_UNIT_ASSIGNED_CONTEXT ( ( #4096, #3478, #677 ) ) REPRESENTATION_CONTEXT ( 'NONE', 'WORKASPACE' ) );
#6153 = ORIENTED_EDGE ( 'NONE', *, *, #6248, .T. ) ;
#6154 = UNCERTAINTY_MEASURE_WITH_UNIT (LENGTH_MEASURE( 1.000000000000000082E-05 ), #2389, 'distance_accuracy_value', 'NONE');
#6156 = CARTESIAN_POINT ( 'NONE',  ( 0.1853694325188725289, -0.5646694838221201218, 0.000000000000000000 ) ) ;
#6155 = B_SPLINE_CURVE_WITH_KNOTS ( 'NONE', 3,
 ( #6674, #2236, #1667, #3927, #1009, #6119, #1114, #5583, #23, #6709, #1699 ),
 .UNSPECIFIED., .F., .F.,
 ( 4, 1, 1, 1, 1, 1, 1, 1, 4 ),
 ( 0.000000000000000000, 0.1451868664724718094, 0.2834426109197309973, 0.4165243659288296874, 0.5431811235350844091, 0.6651530826377135552, 0.7813602063127151887, 0.8927566556418090604, 1.000000000000000000 ),
 .UNSPECIFIED. ) ;
#6157 = EDGE_LOOP ( 'NONE', ( #5981, #5597, #6122, #6719 ) ) ;
#6158 = CARTESIAN_POINT ( 'NONE',  ( 0.1790461417554730927, -0.5510559801009682346, 0.001000000000000000021 ) ) ;
#6159 = VECTOR ( 'NONE', #2015, 1000.000000000000000 ) ;
#6160 = LINE ( 'NONE', #3407, #2591 ) ;
#6161 = LINE ( 'NONE', #1115, #1615 ) ;
#6162 = ORIENTED_EDGE ( 'NONE', *, *, #3556, .T. ) ;
#6163 = CARTESIAN_POINT ( 'NONE',  ( -1.000000000000000222, 0.7500000000000002220, 0.000000000000000000 ) ) ;
#6164 = EDGE_CURVE ( 'NONE', #5342, #5686, #3161, .T. ) ;
#6165 = LINE ( 'NONE', #6124, #5399 ) ;
#6166 = ORIENTED_EDGE ( 'NONE', *, *, #5255, .F. ) ;
#6167 = VECTOR ( 'NONE', #2005, 1000.000000000000000 ) ;
#6168 = EDGE_LOOP ( 'NONE', ( #477, #6240, #5592, #2164 ) ) ;
#6169 =( NAMED_UNIT ( * ) SI_UNIT ( $, .STERADIAN. ) SOLID_ANGLE_UNIT ( ) );
#6170 = DIRECTION ( 'NONE',  ( -1.000000000000000000, 0.000000000000000000, 0.000000000000000000 ) ) ;
#6171 = EDGE_CURVE ( 'NONE', #5813, #6975, #2551, .T. ) ;
#6172 = DIRECTION ( 'NONE',  ( 0.000000000000000000, 0.000000000000000000, -1.000000000000000000 ) ) ;
#6173 =( GEOMETRIC_REPRESENTATION_CONTEXT ( 3 ) GLOBAL_UNCERTAINTY_ASSIGNED_CONTEXT ( ( #5227 ) ) GLOBAL_UNIT_ASSIGNED_CONTEXT ( ( #2753, #4430, #6772 ) ) REPRESENTATION_CONTEXT ( 'NONE', 'WORKASPACE' ) );
#6174 = MECHANICAL_DESIGN_GEOMETRIC_PRESENTATION_REPRESENTATION (  '', ( #5766 ), #2916 ) ;
#6175 = ORIENTED_EDGE ( 'NONE', *, *, #2301, .F. ) ;
#6176 = CARTESIAN_POINT ( 'NONE',  ( 0.1697308688332211102, -0.5861995993702721064, 0.001000000000000000021 ) ) ;
#6177 = SURFACE_STYLE_FILL_AREA ( #3907 ) ;
#6178 = COLOUR_RGB ( '',1.000000000000000000, 1.000000000000000000, 1.000000000000000000 ) ;
#6179 = EDGE_CURVE ( 'NONE', #4637, #2272, #7101, .T. ) ;
#6180 = CARTESIAN_POINT ( 'NONE',  ( 0.3502186737112700232, -0.4889435018092966323, 0.000000000000000000 ) ) ;
#6181 = CARTESIAN_POINT ( 'NONE',  ( 0.3626178211347001468, -0.5858613039959079671, 0.001000000000000000021 ) ) ;
#6182 = VECTOR ( 'NONE', #3677, 1000.000000000000000 ) ;
#6183 = ORIENTED_EDGE ( 'NONE', *, *, #653, .F. ) ;
#6184 = DIRECTION ( 'NONE',  ( -1.445602896647339163E-16, 1.000000000000000000, -0.000000000000000000 ) ) ;
#6185 = UNCERTAINTY_MEASURE_WITH_UNIT (LENGTH_MEASURE( 1.000000000000000082E-05 ), #3313, 'distance_accuracy_value', 'NONE');
#6186 = FILL_AREA_STYLE ('',( #2861 ) ) ;
#6187 = PRODUCT_DEFINITION ( 'Î´Öª', '', #4568, #840 ) ;
#6188 = EDGE_LOOP ( 'NONE', ( #3585, #7172, #296, #3360, #1198 ) ) ;
#6189 = DIRECTION ( 'NONE',  ( 0.000000000000000000, -1.000000000000000000, 0.000000000000000000 ) ) ;
#6190 = COLOUR_RGB ( '',1.000000000000000000, 1.000000000000000000, 1.000000000000000000 ) ;
#6191 = CARTESIAN_POINT ( 'NONE',  ( 0.1185113566380991690, -0.4861995993702720176, 0.000000000000000000 ) ) ;
#6192 = LINE ( 'NONE', #7169, #1316 ) ;
#6193 = CARTESIAN_POINT ( 'NONE',  ( 0.3673939253267216043, -0.4963273066951488510, 0.000000000000000000 ) ) ;
#6194 = EDGE_LOOP ( 'NONE', ( #1941, #2386, #1012, #6246 ) ) ;
#6195 = FACE_OUTER_BOUND ( 'NONE', #1164, .T. ) ;
#6196 = PRESENTATION_STYLE_ASSIGNMENT (( #5138 ) ) ;
#6197 = COLOUR_RGB ( '',1.000000000000000000, 1.000000000000000000, 1.000000000000000000 ) ;
#6198 = FACE_BOUND ( 'NONE', #2315, .T. ) ;
#6199 = CARTESIAN_POINT ( 'NONE',  ( 0.1771674942839210898, -0.5405330572988684690, 0.001000000000000000021 ) ) ;
#6200 = EDGE_CURVE ( 'NONE', #1747, #5416, #6482, .T. ) ;
#6201 = SURFACE_SIDE_STYLE ('',( #3994 ) ) ;
#6202 = ORIENTED_EDGE ( 'NONE', *, *, #4239, .F. ) ;
#6203 = CARTESIAN_POINT ( 'NONE',  ( 0.4049996726976652917, -0.5798895679841798989, 0.001000000000000000021 ) ) ;
#6204 =( GEOMETRIC_REPRESENTATION_CONTEXT ( 3 ) GLOBAL_UNCERTAINTY_ASSIGNED_CONTEXT ( ( #5160 ) ) GLOBAL_UNIT_ASSIGNED_CONTEXT ( ( #4059, #719, #1258 ) ) REPRESENTATION_CONTEXT ( 'NONE', 'WORKASPACE' ) );
#6205 = VERTEX_POINT ( 'NONE', #412 ) ;
#6206 = VERTEX_POINT ( 'NONE', #4806 ) ;
#6207 = MECHANICAL_DESIGN_GEOMETRIC_PRESENTATION_REPRESENTATION (  '', ( #2493 ), #2618 ) ;
#6208 = FILL_AREA_STYLE_COLOUR ( '', #5682 ) ;
#6209 = PRESENTATION_STYLE_ASSIGNMENT (( #4070 ) ) ;
#6210 = SURFACE_SIDE_STYLE ('',( #2929 ) ) ;
#6211 = ORIENTED_EDGE ( 'NONE', *, *, #4139, .F. ) ;
#6212 = ORIENTED_EDGE ( 'NONE', *, *, #1919, .F. ) ;
#6213 = CARTESIAN_POINT ( 'NONE',  ( 0.3755575657984851490, -0.4850221096764953388, 0.001000000000000000021 ) ) ;
#6214 = STYLED_ITEM ( 'NONE', ( #6196 ), #2826 ) ;
#6215 = CARTESIAN_POINT ( 'NONE',  ( 0.3307064785893187309, -0.5861995993702721064, 0.001000000000000000021 ) ) ;
#6216 = CARTESIAN_POINT ( 'NONE',  ( 0.3703188957543319670, -0.4850046926251788681, 0.000000000000000000 ) ) ;
#6217 = STYLED_ITEM ( 'NONE', ( #1582 ), #3295 ) ;
#6218 = ORIENTED_EDGE ( 'NONE', *, *, #5525, .T. ) ;
#6219 =( NAMED_UNIT ( * ) SI_UNIT ( $, .STERADIAN. ) SOLID_ANGLE_UNIT ( ) );
#6220 = CARTESIAN_POINT ( 'NONE',  ( -1.000000000000000222, 0.7500000000000002220, 0.1000000000000000472 ) ) ;
#6221 =( NAMED_UNIT ( * ) SI_UNIT ( $, .STERADIAN. ) SOLID_ANGLE_UNIT ( ) );
#6222 = ORIENTED_EDGE ( 'NONE', *, *, #6501, .F. ) ;
#6223 = CARTESIAN_POINT ( 'NONE',  ( 0.2441211127356601451, -0.5752239896141745357, 0.001000000000000000021 ) ) ;
#6224 = CARTESIAN_POINT ( 'NONE',  ( 0.6600000000000001421, 0.000000000000000000, 0.000000000000000000 ) ) ;
#6225 = SURFACE_STYLE_USAGE ( .BOTH. , #4475 ) ;
#6226 = FACE_OUTER_BOUND ( 'NONE', #1750, .T. ) ;
#6227 = CARTESIAN_POINT ( 'NONE',  ( 0.3736371188332211490, -0.4959556969312476915, 0.001000000000000000021 ) ) ;
#6228 = ORIENTED_EDGE ( 'NONE', *, *, #7045, .F. ) ;
#6229 = SURFACE_STYLE_USAGE ( .BOTH. , #1737 ) ;
#6230 = SURFACE_STYLE_FILL_AREA ( #6704 ) ;
#6231 = ORIENTED_EDGE ( 'NONE', *, *, #3703, .F. ) ;
#6232 = CARTESIAN_POINT ( 'NONE',  ( 0.3589464489915808465, -0.5739924965118476941, 0.001000000000000000021 ) ) ;
#6233 = CARTESIAN_POINT ( 'NONE',  ( 0.1884054875627858561, -0.5686321363318865840, 0.001000000000000000021 ) ) ;
#6234 = FILL_AREA_STYLE ('',( #6310 ) ) ;
#6235 = CARTESIAN_POINT ( 'NONE',  ( -0.8039474647183502132, 0.6011454912595581845, 0.9699999999999999734 ) ) ;
#6236 = DIRECTION ( 'NONE',  ( 1.000000000000000000, 0.000000000000000000, 0.000000000000000000 ) ) ;
#6237 = VERTEX_POINT ( 'NONE', #6521 ) ;
#6238 = VERTEX_POINT ( 'NONE', #2632 ) ;
#6239 = FILL_AREA_STYLE ('',( #648 ) ) ;
#6240 = ORIENTED_EDGE ( 'NONE', *, *, #5900, .F. ) ;
#6241 = ORIENTED_EDGE ( 'NONE', *, *, #5865, .F. ) ;
#6242 = FILL_AREA_STYLE_COLOUR ( '', #2434 ) ;
#6243 = DIRECTION ( 'NONE',  ( 0.9466707760722533616, 0.3222024856061130316, -0.000000000000000000 ) ) ;
#6244 = DIRECTION ( 'NONE',  ( -0.3635424856527061932, -0.9315776194850602376, 0.000000000000000000 ) ) ;
#6245 = CARTESIAN_POINT ( 'NONE',  ( 0.3502186737112699677, -0.5810166725410037536, 0.000000000000000000 ) ) ;
#6246 = ORIENTED_EDGE ( 'NONE', *, *, #2068, .T. ) ;
#6247 = UNCERTAINTY_MEASURE_WITH_UNIT (LENGTH_MEASURE( 1.000000000000000082E-05 ), #2411, 'distance_accuracy_value', 'NONE');
#6248 = EDGE_CURVE ( 'NONE', #6028, #3620, #4848, .T. ) ;
#6249 = ORIENTED_EDGE ( 'NONE', *, *, #356, .F. ) ;
#6250 = CARTESIAN_POINT ( 'NONE',  ( 0.4843650151746846100, -0.5861995993702721064, 0.001000000000000000021 ) ) ;
#6251 = DIRECTION ( 'NONE',  ( -0.000000000000000000, 0.000000000000000000, 1.000000000000000000 ) ) ;
#6252 = CARTESIAN_POINT ( 'NONE',  ( 0.1945734054149713399, -0.5151963172293416715, 0.001000000000000000021 ) ) ;
#6253 =( GEOMETRIC_REPRESENTATION_CONTEXT ( 3 ) GLOBAL_UNCERTAINTY_ASSIGNED_CONTEXT ( ( #3580 ) ) GLOBAL_UNIT_ASSIGNED_CONTEXT ( ( #4698, #3579, #2980 ) ) REPRESENTATION_CONTEXT ( 'NONE', 'WORKASPACE' ) );
#6254 = PRESENTATION_LAYER_ASSIGNMENT (  '', '', ( #1005 ) ) ;
#6255 = FILL_AREA_STYLE ('',( #706 ) ) ;
#6256 = CARTESIAN_POINT ( 'NONE',  ( 0.4097972482681468964, -0.5241706840843834980, 0.000000000000000000 ) ) ;
#6257 = COLOUR_RGB ( '',1.000000000000000000, 1.000000000000000000, 1.000000000000000000 ) ;
#6258 = FACE_OUTER_BOUND ( 'NONE', #6157, .T. ) ;
#6259 = EDGE_CURVE ( 'NONE', #5740, #1332, #3738, .T. ) ;
#6260 = CARTESIAN_POINT ( 'NONE',  ( 0.3777339176137089471, -0.5874191115653940587, 0.000000000000000000 ) ) ;
#6261 =( NAMED_UNIT ( * ) PLANE_ANGLE_UNIT ( ) SI_UNIT ( $, .RADIAN. ) );
#6262 = CARTESIAN_POINT ( 'NONE',  ( 0.3556554558226934781, -0.4995303983089320332, 0.000000000000000000 ) ) ;
#6263 = VECTOR ( 'NONE', #7014, 1000.000000000000000 ) ;
#6264 =( GEOMETRIC_REPRESENTATION_CONTEXT ( 3 ) GLOBAL_UNCERTAINTY_ASSIGNED_CONTEXT ( ( #7092 ) ) GLOBAL_UNIT_ASSIGNED_CONTEXT ( ( #5397, #1444, #2124 ) ) REPRESENTATION_CONTEXT ( 'NONE', 'WORKASPACE' ) );
#6265 = CARTESIAN_POINT ( 'NONE',  ( 0.2770479420039528295, -0.5861995993702721064, 0.001000000000000000021 ) ) ;
#6266 = CARTESIAN_POINT ( 'NONE',  ( 0.3502186737112700232, -0.4889435018092966323, 0.001000000000000000021 ) ) ;
#6267 = ORIENTED_EDGE ( 'NONE', *, *, #2943, .T. ) ;
#6268 = CARTESIAN_POINT ( 'NONE',  ( 0.3511379067241536256, -0.5705588182027100386, 0.000000000000000000 ) ) ;
#6269 = MECHANICAL_DESIGN_GEOMETRIC_PRESENTATION_REPRESENTATION (  '', ( #3742 ), #2324 ) ;
#6270 = ORIENTED_EDGE ( 'NONE', *, *, #6913, .F. ) ;
#6271 = DIRECTION ( 'NONE',  ( 0.000000000000000000, -1.000000000000000000, 0.000000000000000000 ) ) ;
#6272 = AXIS2_PLACEMENT_3D ( 'NONE', #6918, #6777, #5786 ) ;
#6273 = PLANE ( 'NONE',  #2227 ) ;
#6274 = DIRECTION ( 'NONE',  ( 0.000000000000000000, 1.000000000000000000, 0.000000000000000000 ) ) ;
#6275 = ADVANCED_FACE ( 'NONE', ( #3195 ), #991, .T. ) ;
#6276 = ORIENTED_EDGE ( 'NONE', *, *, #5606, .F. ) ;
#6277 = B_SPLINE_SURFACE_WITH_KNOTS ( 'NONE', 3, 1, ( 
 ( #6337, #4513 ),
 ( #3986, #5135 ),
 ( #2950, #1807 ),
 ( #5096, #1774 ),
 ( #3438, #1250 ),
 ( #4051, #5759 ),
 ( #746, #710 ),
 ( #2985, #6193 ),
 ( #5647, #2341 ),
 ( #4555, #6778 ),
 ( #6227, #1216 ) ),
 .UNSPECIFIED., .F., .F., .F.,
 ( 4, 1, 1, 1, 1, 1, 1, 1, 4 ),
 ( 2, 2 ),
 ( 0.000000000000000000, 0.1252796967356265279, 0.2494199707420510781, 0.3733567994928200795, 0.4966812787822845188, 0.6202029157439812312, 0.7450863201614555953, 0.8712691950190969425, 1.000000000000000000 ),
 ( 0.000000000000000000, 1.000000000000000000 ),
 .UNSPECIFIED. ) ;
#6278 = PLANE ( 'NONE',  #2541 ) ;
#6279 = PRESENTATION_STYLE_ASSIGNMENT (( #1267 ) ) ;
#6280 = ORIENTED_EDGE ( 'NONE', *, *, #745, .F. ) ;
#6281 = AXIS2_PLACEMENT_3D ( 'NONE', #592, #3918, #2379 ) ;
#6282 = VERTEX_POINT ( 'NONE', #5429 ) ;
#6283 = CARTESIAN_POINT ( 'NONE',  ( 0.3172918444429772555, -0.5752239896141745357, 0.001000000000000000021 ) ) ;
#6284 = FACE_OUTER_BOUND ( 'NONE', #112, .T. ) ;
#6285 = ADVANCED_FACE ( 'NONE', ( #3835 ), #3770, .F. ) ;
#6286 = ADVANCED_FACE ( 'NONE', ( #4540 ), #1608, .T. ) ;
#6287 = AXIS2_PLACEMENT_3D ( 'NONE', #4428, #3424, #5634 ) ;
#6288 = PRESENTATION_LAYER_ASSIGNMENT (  '', '', ( #686 ) ) ;
#6289 = LINE ( 'NONE', #4077, #3063 ) ;
#6290 = SURFACE_STYLE_USAGE ( .BOTH. , #153 ) ;
#6291 = CARTESIAN_POINT ( 'NONE',  ( -1.000000000000000222, 0.7500000000000002220, 0.9799999999999999822 ) ) ;
#6292 = MECHANICAL_DESIGN_GEOMETRIC_PRESENTATION_REPRESENTATION (  '', ( #1266 ), #4671 ) ;
#6293 = EDGE_LOOP ( 'NONE', ( #5028, #5384, #5662, #5446, #1739 ) ) ;
#6294 = FACE_OUTER_BOUND ( 'NONE', #5820, .T. ) ;
#6295 =( GEOMETRIC_REPRESENTATION_CONTEXT ( 3 ) GLOBAL_UNCERTAINTY_ASSIGNED_CONTEXT ( ( #7200 ) ) GLOBAL_UNIT_ASSIGNED_CONTEXT ( ( #319, #6490, #821 ) ) REPRESENTATION_CONTEXT ( 'NONE', 'WORKASPACE' ) );
#6296 = AXIS2_PLACEMENT_3D ( 'NONE', #1334, #4684, #5116 ) ;
#6297 =( NAMED_UNIT ( * ) PLANE_ANGLE_UNIT ( ) SI_UNIT ( $, .RADIAN. ) );
#6298 = CARTESIAN_POINT ( 'NONE',  ( 0.4086612983437096225, -0.5202569516974697716, 0.000000000000000000 ) ) ;
#6299 = DIRECTION ( 'NONE',  ( 1.000000000000000000, -0.000000000000000000, -0.000000000000000000 ) ) ;
#6300 = PRESENTATION_STYLE_ASSIGNMENT (( #86 ) ) ;
#6301 = VERTEX_POINT ( 'NONE', #618 ) ;
#6302 = LINE ( 'NONE', #3626, #3415 ) ;
#6303 = PRESENTATION_LAYER_ASSIGNMENT (  '', '', ( #816 ) ) ;
#6304 = DIRECTION ( 'NONE',  ( 0.000000000000000000, 0.000000000000000000, -1.000000000000000000 ) ) ;
#6305 = EDGE_CURVE ( 'NONE', #473, #3722, #2724, .T. ) ;
#6306 = FACE_OUTER_BOUND ( 'NONE', #1869, .T. ) ;
#6307 = ORIENTED_EDGE ( 'NONE', *, *, #5549, .F. ) ;
#6308 = DIRECTION ( 'NONE',  ( -0.000000000000000000, -0.000000000000000000, -1.000000000000000000 ) ) ;
#6309 =( LENGTH_UNIT ( ) NAMED_UNIT ( * ) SI_UNIT ( .MILLI., .METRE. ) );
#6310 = FILL_AREA_STYLE_COLOUR ( '', #367 ) ;
#6311 = FILL_AREA_STYLE_COLOUR ( '', #3515 ) ;
#6312 = DIRECTION ( 'NONE',  ( 1.000000000000000000, 0.000000000000000000, 0.000000000000000000 ) ) ;
#6313 = B_SPLINE_CURVE_WITH_KNOTS ( 'NONE', 3,
 ( #3181, #5511, #1459, #3141, #5374, #497, #2743, #1567, #2686, #6010, #3256, #4961, #4241, #6603, #7049, #402, #6466, #2614, #4831 ),
 .UNSPECIFIED., .F., .F.,
 ( 4, 1, 1, 1, 1, 1, 1, 1, 1, 1, 1, 1, 1, 1, 1, 1, 4 ),
 ( 0.000000000000000000, 0.06863117867660104010, 0.1345664660386768630, 0.1983281540108809970, 0.2607897666408450221, 0.3219991514841584745, 0.3827217465030195442, 0.4435374740357291845, 0.5051334294849250117, 0.5662138747646717762, 0.6261058646175461373, 0.6853493221605171382, 0.7449958703477970179, 0.8054158418145624942, 0.8676362663459531444, 0.9323077823023293575, 1.000000000000000000 ),
 .UNSPECIFIED. ) ;
#6314 = EDGE_LOOP ( 'NONE', ( #7048, #6574, #574, #4739 ) ) ;
#6315 = STYLED_ITEM ( 'NONE', ( #2483 ), #4318 ) ;
#6316 = ORIENTED_EDGE ( 'NONE', *, *, #5111, .F. ) ;
#6317 = FACE_OUTER_BOUND ( 'NONE', #3455, .T. ) ;
#6318 = DIRECTION ( 'NONE',  ( 0.000000000000000000, 0.000000000000000000, -1.000000000000000000 ) ) ;
#6319 = AXIS2_PLACEMENT_3D ( 'NONE', #4869, #3258, #7184 ) ;
#6320 = ORIENTED_EDGE ( 'NONE', *, *, #1407, .T. ) ;
#6321 = SURFACE_SIDE_STYLE ('',( #1871 ) ) ;
#6322 = MECHANICAL_DESIGN_GEOMETRIC_PRESENTATION_REPRESENTATION (  '', ( #2252 ), #2623 ) ;
#6323 = CARTESIAN_POINT ( 'NONE',  ( 0.4709503810283431346, -0.5752239896141745357, 0.001000000000000000021 ) ) ;
#6324 = CARTESIAN_POINT ( 'NONE',  ( 0.1910379018463814471, -0.5441110819413355060, 0.000000000000000000 ) ) ;
#6325 = LINE ( 'NONE', #2470, #6868 ) ;
#6326 = UNCERTAINTY_MEASURE_WITH_UNIT (LENGTH_MEASURE( 1.000000000000000082E-05 ), #998, 'distance_accuracy_value', 'NONE');
#6327 = ORIENTED_EDGE ( 'NONE', *, *, #451, .T. ) ;
#6328 = CARTESIAN_POINT ( 'NONE',  ( 0.2441211127356601451, -0.4971752091263696438, 0.001000000000000000021 ) ) ;
#6329 = PLANE ( 'NONE',  #394 ) ;
#6330 = SURFACE_SIDE_STYLE ('',( #5196 ) ) ;
#6331 = VECTOR ( 'NONE', #5312, 1000.000000000000000 ) ;
#6332 = UNCERTAINTY_MEASURE_WITH_UNIT (LENGTH_MEASURE( 1.000000000000000082E-05 ), #4920, 'distance_accuracy_value', 'NONE');
#6333 = CARTESIAN_POINT ( 'NONE',  ( 0.4032505474956825653, -0.5099893995983434403, 0.000000000000000000 ) ) ;
#6334 = COLOUR_RGB ( '',1.000000000000000000, 1.000000000000000000, 1.000000000000000000 ) ;
#6335 = DIRECTION ( 'NONE',  ( 0.7071067811865482389, 0.7071067811865469066, 0.000000000000000000 ) ) ;
#6336 = CARTESIAN_POINT ( 'NONE',  ( 0.4197223674175032393, -0.5625232113922682409, 0.001000000000000000021 ) ) ;
#6337 = CARTESIAN_POINT ( 'NONE',  ( 0.3502186737112699677, -0.5023581359556379411, 0.001000000000000000021 ) ) ;
#6338 = CARTESIAN_POINT ( 'NONE',  ( 0.3584897801377889270, -0.4984163844915233677, 0.000000000000000000 ) ) ;
#6339 =( GEOMETRIC_REPRESENTATION_CONTEXT ( 3 ) GLOBAL_UNCERTAINTY_ASSIGNED_CONTEXT ( ( #3323 ) ) GLOBAL_UNIT_ASSIGNED_CONTEXT ( ( #4046, #2941, #2644 ) ) REPRESENTATION_CONTEXT ( 'NONE', 'WORKASPACE' ) );
#6340 = PRESENTATION_STYLE_ASSIGNMENT (( #2953 ) ) ;
#6341 = EDGE_CURVE ( 'NONE', #4180, #2498, #1720, .T. ) ;
#6342 = VERTEX_POINT ( 'NONE', #6625 ) ;
#6343 = CARTESIAN_POINT ( 'NONE',  ( 0.1185113566380991690, -0.4861995993702720176, 0.001000000000000000021 ) ) ;
#6344 = CARTESIAN_POINT ( 'NONE',  ( 0.3737514481015138945, -0.4849800871751501208, 0.001000000000000000021 ) ) ;
#6345 = DIRECTION ( 'NONE',  ( 0.000000000000000000, -0.000000000000000000, 1.000000000000000000 ) ) ;
#6346 = DIRECTION ( 'NONE',  ( -0.000000000000000000, 0.000000000000000000, -1.000000000000000000 ) ) ;
#6347 = ORIENTED_EDGE ( 'NONE', *, *, #5645, .T. ) ;
#6348 = DIRECTION ( 'NONE',  ( 0.000000000000000000, 0.000000000000000000, -1.000000000000000000 ) ) ;
#6349 = FACE_OUTER_BOUND ( 'NONE', #3992, .T. ) ;
#6350 = ORIENTED_EDGE ( 'NONE', *, *, #1761, .T. ) ;
#6351 = ORIENTED_EDGE ( 'NONE', *, *, #1628, .F. ) ;
#6352 =( LENGTH_UNIT ( ) NAMED_UNIT ( * ) SI_UNIT ( .MILLI., .METRE. ) );
#6353 = ORIENTED_EDGE ( 'NONE', *, *, #849, .T. ) ;
#6354 = B_SPLINE_CURVE_WITH_KNOTS ( 'NONE', 3,
 ( #3974, #5744, #6216, #733, #2285, #4498, #6725, #2972, #5189, #4038, #6180 ),
 .UNSPECIFIED., .F., .F.,
 ( 4, 1, 1, 1, 1, 1, 1, 1, 4 ),
 ( 0.000000000000000000, 0.1451868664724718094, 0.2834426109197309973, 0.4165243659288296874, 0.5431811235350844091, 0.6651530826377135552, 0.7813602063127151887, 0.8927566556418090604, 1.000000000000000000 ),
 .UNSPECIFIED. ) ;
#6355 = ORIENTED_EDGE ( 'NONE', *, *, #6901, .F. ) ;
#6356 =( LENGTH_UNIT ( ) NAMED_UNIT ( * ) SI_UNIT ( .MILLI., .METRE. ) );
#6357 = EDGE_CURVE ( 'NONE', #4623, #828, #1429, .T. ) ;
#6358 = CARTESIAN_POINT ( 'NONE',  ( 0.1905590513868325730, -0.5307184242052970236, 0.001000000000000000021 ) ) ;
#6359 = CARTESIAN_POINT ( 'NONE',  ( 0.1905590513868325730, -0.5307184242052970236, 0.000000000000000000 ) ) ;
#6360 = CARTESIAN_POINT ( 'NONE',  ( 0.4111942834673675273, -0.5372666725410037980, 0.001000000000000000021 ) ) ;
#6361 = CARTESIAN_POINT ( 'NONE',  ( 0.7800000000000009148, 0.1249999999999998890, 0.1000000000000000056 ) ) ;
#6362 = CARTESIAN_POINT ( 'NONE',  ( 0.4119302693639949609, -0.5739433643428666354, 0.001000000000000000021 ) ) ;
#6363 = LINE ( 'NONE', #3625, #3366 ) ;
#6364 = DIRECTION ( 'NONE',  ( 0.000000000000000000, 0.000000000000000000, -1.000000000000000000 ) ) ;
#6365 = CARTESIAN_POINT ( 'NONE',  ( -0.3750000000000000000, 0.5300000000000002487, -0.01000000000000000021 ) ) ;
#6366 = CARTESIAN_POINT ( 'NONE',  ( 0.3172918444429772555, -0.5410776481507598712, 0.000000000000000000 ) ) ;
#6367 = MECHANICAL_DESIGN_GEOMETRIC_PRESENTATION_REPRESENTATION (  '', ( #6721 ), #4163 ) ;
#6368 = CIRCLE ( 'NONE', #1702, 0.07820794517887262598 ) ;
#6369 = EDGE_CURVE ( 'NONE', #3683, #3827, #7198, .T. ) ;
#6370 = ORIENTED_EDGE ( 'NONE', *, *, #2737, .T. ) ;
#6371 = DIRECTION ( 'NONE',  ( 1.000000000000000000, 0.000000000000000000, -0.000000000000000000 ) ) ;
#6372 = DIRECTION ( 'NONE',  ( -0.000000000000000000, -0.000000000000000000, -1.000000000000000000 ) ) ;
#6373 = STYLED_ITEM ( 'NONE', ( #2661 ), #4638 ) ;
#6374 = DIRECTION ( 'NONE',  ( 1.000000000000000000, 0.000000000000000000, 0.000000000000000000 ) ) ;
#6375 = FILL_AREA_STYLE ('',( #3673 ) ) ;
#6376 = EDGE_LOOP ( 'NONE', ( #2061, #4759, #6731, #6791 ) ) ;
#6377 = STYLED_ITEM ( 'NONE', ( #5918 ), #5631 ) ;
#6378 = MECHANICAL_DESIGN_GEOMETRIC_PRESENTATION_REPRESENTATION (  '', ( #997 ), #1694 ) ;
#6379 = CARTESIAN_POINT ( 'NONE',  ( -0.3750000000000000000, -0.7499999999999997780, 0.1000000000000000056 ) ) ;
#6380 = STYLED_ITEM ( 'NONE', ( #6888 ), #763 ) ;
#6381 = EDGE_CURVE ( 'NONE', #1971, #3827, #2218, .T. ) ;
#6382 = VERTEX_POINT ( 'NONE', #1651 ) ;
#6383 = UNCERTAINTY_MEASURE_WITH_UNIT (LENGTH_MEASURE( 1.000000000000000082E-05 ), #6867, 'distance_accuracy_value', 'NONE');
#6384 =( LENGTH_UNIT ( ) NAMED_UNIT ( * ) SI_UNIT ( .MILLI., .METRE. ) );
#6385 = VECTOR ( 'NONE', #6653, 1000.000000000000000 ) ;
#6386 = ORIENTED_EDGE ( 'NONE', *, *, #98, .F. ) ;
#6387 = SURFACE_STYLE_USAGE ( .BOTH. , #6470 ) ;
#6388 = VERTEX_POINT ( 'NONE', #3910 ) ;
#6389 = VECTOR ( 'NONE', #6456, 1000.000000000000000 ) ;
#6390 = SURFACE_STYLE_USAGE ( .BOTH. , #5378 ) ;
#6391 = EDGE_CURVE ( 'NONE', #1297, #2653, #6101, .T. ) ;
#6392 = SURFACE_STYLE_FILL_AREA ( #4173 ) ;
#6393 = ORIENTED_EDGE ( 'NONE', *, *, #1375, .T. ) ;
#6394 = CARTESIAN_POINT ( 'NONE',  ( 0.4074459161457096301, -0.5568789237923160718, 0.001000000000000000021 ) ) ;
#6395 = FACE_OUTER_BOUND ( 'NONE', #5635, .T. ) ;
#6396 =( GEOMETRIC_REPRESENTATION_CONTEXT ( 3 ) GLOBAL_UNCERTAINTY_ASSIGNED_CONTEXT ( ( #4503 ) ) GLOBAL_UNIT_ASSIGNED_CONTEXT ( ( #4159, #211, #1369 ) ) REPRESENTATION_CONTEXT ( 'NONE', 'WORKASPACE' ) );
#6397 = CARTESIAN_POINT ( 'NONE',  ( 0.3307064785893187309, -0.5861995993702721064, 0.001000000000000000021 ) ) ;
#6398 = EDGE_LOOP ( 'NONE', ( #725, #7098, #1464, #6889 ) ) ;
#6399 = FACE_OUTER_BOUND ( 'NONE', #5178, .T. ) ;
#6400 = CARTESIAN_POINT ( 'NONE',  ( 0.3763867182503496944, -0.5874033111843546262, -0.000000000000000000 ) ) ;
#6401 = EDGE_CURVE ( 'NONE', #156, #5625, #5558, .T. ) ;
#6402 = AXIS2_PLACEMENT_3D ( 'NONE', #4152, #3017, #2948 ) ;
#6403 = UNCERTAINTY_MEASURE_WITH_UNIT (LENGTH_MEASURE( 1.000000000000000082E-05 ), #1866, 'distance_accuracy_value', 'NONE');
#6404 = FILL_AREA_STYLE ('',( #2631 ) ) ;
#6405 = CARTESIAN_POINT ( 'NONE',  ( 0.4106171646710967127, -0.5283205455509889514, 0.001000000000000000021 ) ) ;
#6406 = EDGE_CURVE ( 'NONE', #2028, #5085, #5011, .T. ) ;
#6407 = VECTOR ( 'NONE', #3803, 1000.000000000000000 ) ;
#6408 =( NAMED_UNIT ( * ) PLANE_ANGLE_UNIT ( ) SI_UNIT ( $, .RADIAN. ) );
#6409 = CARTESIAN_POINT ( 'NONE',  ( 0.4149091045274900247, -0.5704203536367586924, 0.000000000000000000 ) ) ;
#6410 =( NAMED_UNIT ( * ) SI_UNIT ( $, .STERADIAN. ) SOLID_ANGLE_UNIT ( ) );
#6411 = ORIENTED_EDGE ( 'NONE', *, *, #3025, .T. ) ;
#6412 = CARTESIAN_POINT ( 'NONE',  ( 0.4071945005513232796, -0.5165846886741461974, 0.001000000000000000021 ) ) ;
#6413 = FACE_OUTER_BOUND ( 'NONE', #2874, .T. ) ;
#6414 = VECTOR ( 'NONE', #1126, 1000.000000000000000 ) ;
#6415 = CARTESIAN_POINT ( 'NONE',  ( 0.1263656756470095677, -0.5023369040446530320, 0.000000000000000000 ) ) ;
#6416 = ORIENTED_EDGE ( 'NONE', *, *, #4165, .T. ) ;
#6417 = FILL_AREA_STYLE_COLOUR ( '', #1018 ) ;
#6418 = CARTESIAN_POINT ( 'NONE',  ( 0.3526375371329639186, -0.4879616318174282985, 0.001000000000000000021 ) ) ;
#6419 = LINE ( 'NONE', #3780, #5046 ) ;
#6420 = CARTESIAN_POINT ( 'NONE',  ( 0.1904625761502943271, -0.5352278005897842528, 0.000000000000000000 ) ) ;
#6421 = STYLED_ITEM ( 'NONE', ( #5372 ), #6821 ) ;
#6422 = CARTESIAN_POINT ( 'NONE',  ( 0.3529842778476456333, -0.5715987815624522517, 0.001000000000000000021 ) ) ;
#6423 = VERTEX_POINT ( 'NONE', #1342 ) ;
#6424 = EDGE_CURVE ( 'NONE', #1182, #3318, #6870, .T. ) ;
#6425 = VECTOR ( 'NONE', #7074, 1000.000000000000000 ) ;
#6426 = DIRECTION ( 'NONE',  ( -0.000000000000000000, 1.000000000000000000, -0.000000000000000000 ) ) ;
#6427 = CARTESIAN_POINT ( 'NONE',  ( 0.7800000000000008038, 0.3749999999999998890, -0.01000000000000000021 ) ) ;
#6428 = SURFACE_SIDE_STYLE ('',( #623 ) ) ;
#6429 = ORIENTED_EDGE ( 'NONE', *, *, #2068, .F. ) ;
#6430 = ORIENTED_EDGE ( 'NONE', *, *, #888, .T. ) ;
#6431 = CARTESIAN_POINT ( 'NONE',  ( 0.1256569359063918478, -0.4983947213214915406, 0.000000000000000000 ) ) ;
#6432 = ADVANCED_FACE ( 'NONE', ( #1875 ), #4692, .T. ) ;
#6433 = CIRCLE ( 'NONE', #5737, 0.1199999999999999956 ) ;
#6434 = SURFACE_SIDE_STYLE ('',( #2619 ) ) ;
#6435 = SURFACE_STYLE_FILL_AREA ( #5923 ) ;
#6436 = CARTESIAN_POINT ( 'NONE',  ( 0.1944703804864312546, -0.5556183232082199108, 0.000000000000000000 ) ) ;
#6437 = ORIENTED_EDGE ( 'NONE', *, *, #6779, .F. ) ;
#6438 = CARTESIAN_POINT ( 'NONE',  ( 0.1770878587933302772, -0.5331292807619542051, -2.117582368135750848E-19 ) ) ;
#6439 = ORIENTED_EDGE ( 'NONE', *, *, #4748, .T. ) ;
#6440 = SURFACE_SIDE_STYLE ('',( #2043 ) ) ;
#6441 = VECTOR ( 'NONE', #5728, 1000.000000000000000 ) ;
#6442 = CARTESIAN_POINT ( 'NONE',  ( 0.1957342655095414274, -0.4962846513017513117, 0.001000000000000000021 ) ) ;
#6443 = ORIENTED_EDGE ( 'NONE', *, *, #6658, .F. ) ;
#6444 = CARTESIAN_POINT ( 'NONE',  ( 0.2279487095052601109, -0.4972045085432790223, 0.001000000000000000021 ) ) ;
#6445 = CARTESIAN_POINT ( 'NONE',  ( 1.010000000000000231, -0.3750000000000001110, 0.1000000000000000056 ) ) ;
#6446 = SURFACE_STYLE_FILL_AREA ( #7162 ) ;
#6447 = DIRECTION ( 'NONE',  ( -0.000000000000000000, 1.000000000000000000, -0.000000000000000000 ) ) ;
#6448 = CARTESIAN_POINT ( 'NONE',  ( 0.1087362041990747596, -0.5471752091263696327, 0.001000000000000000021 ) ) ;
#6449 = EDGE_LOOP ( 'NONE', ( #2859, #5305, #3536, #5373, #6166, #4647 ) ) ;
#6450 = PLANE ( 'NONE',  #5099 ) ;
#6451 = DIRECTION ( 'NONE',  ( -0.000000000000000000, -0.000000000000000000, -1.000000000000000000 ) ) ;
#6452 = PRESENTATION_LAYER_ASSIGNMENT (  '', '', ( #2388 ) ) ;
#6453 = UNCERTAINTY_MEASURE_WITH_UNIT (LENGTH_MEASURE( 1.000000000000000082E-05 ), #4876, 'distance_accuracy_value', 'NONE');
#6454 = DIRECTION ( 'NONE',  ( 0.000000000000000000, -1.000000000000000000, 0.000000000000000000 ) ) ;
#6455 = CARTESIAN_POINT ( 'NONE',  ( -0.7800000000000002487, -0.005000000000000135413, -0.01000000000000000021 ) ) ;
#6456 = DIRECTION ( 'NONE',  ( 1.000000000000000000, 0.000000000000000000, 0.000000000000000000 ) ) ;
#6457 = CIRCLE ( 'NONE', #3309, 0.1199999999999999956 ) ;
#6458 = CARTESIAN_POINT ( 'NONE',  ( 0.3502186737112700232, -0.4889435018092966323, 0.001000000000000000021 ) ) ;
#6459 = DIRECTION ( 'NONE',  ( 1.000000000000000000, 0.000000000000000000, 0.000000000000000000 ) ) ;
#6460 = LINE ( 'NONE', #3247, #3288 ) ;
#6461 = ORIENTED_EDGE ( 'NONE', *, *, #4679, .F. ) ;
#6462 = COLOUR_RGB ( '',0.000000000000000000, 0.000000000000000000, 0.000000000000000000 ) ;
#6463 = UNCERTAINTY_MEASURE_WITH_UNIT (LENGTH_MEASURE( 1.000000000000000082E-05 ), #6384, 'distance_accuracy_value', 'NONE');
#6464 = CARTESIAN_POINT ( 'NONE',  ( 0.9999999999999997780, 0.7500000000000002220, 0.9799999999999999822 ) ) ;
#6465 = CARTESIAN_POINT ( 'NONE',  ( 0.7800000000000008038, 0.6249999999999998890, -0.01000000000000000021 ) ) ;
#6466 = CARTESIAN_POINT ( 'NONE',  ( 0.1771659111227881778, -0.5295847773363554500, 0.000000000000000000 ) ) ;
#6467 = PRESENTATION_LAYER_ASSIGNMENT (  '', '', ( #1562 ) ) ;
#6468 = EDGE_CURVE ( 'NONE', #5432, #2528, #804, .T. ) ;
#6469 = ORIENTED_EDGE ( 'NONE', *, *, #148, .F. ) ;
#6470 = SURFACE_SIDE_STYLE ('',( #405 ) ) ;
#6471 = FACE_OUTER_BOUND ( 'NONE', #2954, .T. ) ;
#6472 = EDGE_CURVE ( 'NONE', #2371, #1936, #4175, .T. ) ;
#6473 = ORIENTED_EDGE ( 'NONE', *, *, #5093, .T. ) ;
#6474 = CARTESIAN_POINT ( 'NONE',  ( 0.4074459161457096301, -0.5568789237923160718, 0.000000000000000000 ) ) ;
#6475 = DIRECTION ( 'NONE',  ( -0.000000000000000000, 0.000000000000000000, 1.000000000000000000 ) ) ;
#6476 = CARTESIAN_POINT ( 'NONE',  ( 0.1853734146160060936, -0.5065621709452242660, -2.117582368135750848E-19 ) ) ;
#6477 = ORIENTED_EDGE ( 'NONE', *, *, #3618, .F. ) ;
#6478 = DIRECTION ( 'NONE',  ( 0.000000000000000000, -0.000000000000000000, 1.000000000000000000 ) ) ;
#6479 = DIRECTION ( 'NONE',  ( 0.000000000000000000, 0.000000000000000000, -1.000000000000000000 ) ) ;
#6480 = UNCERTAINTY_MEASURE_WITH_UNIT (LENGTH_MEASURE( 1.000000000000000082E-05 ), #3651, 'distance_accuracy_value', 'NONE');
#6481 = CARTESIAN_POINT ( 'NONE',  ( 0.1905590513868325730, -0.5307184242052970236, 0.000000000000000000 ) ) ;
#6482 = LINE ( 'NONE', #5966, #3269 ) ;
#6483 = CARTESIAN_POINT ( 'NONE',  ( 0.4074459161457096301, -0.5568789237923160718, 0.000000000000000000 ) ) ;
#6484 = LINE ( 'NONE', #4299, #5338 ) ;
#6485 = CARTESIAN_POINT ( 'NONE',  ( 0.2171637364090860667, -0.5738130395585934185, 0.001000000000000000021 ) ) ;
#6486 = PLANE ( 'NONE',  #442 ) ;
#6487 = EDGE_CURVE ( 'NONE', #5692, #1332, #1309, .T. ) ;
#6488 = CARTESIAN_POINT ( 'NONE',  ( -0.1250000000000000000, 0.7600000000000002309, -0.01000000000000000021 ) ) ;
#6489 = FILL_AREA_STYLE ('',( #1558 ) ) ;
#6490 =( NAMED_UNIT ( * ) PLANE_ANGLE_UNIT ( ) SI_UNIT ( $, .RADIAN. ) );
#6491 = SURFACE_SIDE_STYLE ('',( #5407 ) ) ;
#6492 = PRESENTATION_LAYER_ASSIGNMENT (  '', '', ( #6721 ) ) ;
#6493 =( GEOMETRIC_REPRESENTATION_CONTEXT ( 3 ) GLOBAL_UNCERTAINTY_ASSIGNED_CONTEXT ( ( #2981 ) ) GLOBAL_UNIT_ASSIGNED_CONTEXT ( ( #4438, #5055, #591 ) ) REPRESENTATION_CONTEXT ( 'NONE', 'WORKASPACE' ) );
#6494 = DIRECTION ( 'NONE',  ( -0.000000000000000000, 0.000000000000000000, -1.000000000000000000 ) ) ;
#6495 = B_SPLINE_CURVE_WITH_KNOTS ( 'NONE', 3,
 ( #5722, #3587, #1405, #4595, #749, #6956, #3091, #281, #205, #847, #1323, #4187, #6412, #1363, #3022, #2449, #3665, #2987, #5868 ),
 .UNSPECIFIED., .F., .F.,
 ( 4, 1, 1, 1, 1, 1, 1, 1, 1, 1, 1, 1, 1, 1, 1, 1, 4 ),
 ( 0.000000000000000000, 0.06460397028839146016, 0.1267024139629466528, 0.1867568140356178630, 0.2455056873654376248, 0.3036520244499755772, 0.3615030739706256435, 0.4202402229284677437, 0.4800333407766952387, 0.5406781347755161837, 0.6011918063807818458, 0.6623335024774419377, 0.7247395102972320480, 0.7894677361728869025, 0.8565048600438299742, 0.9263120958391908299, 1.000000000000000000 ),
 .UNSPECIFIED. ) ;
#6496 = FILL_AREA_STYLE ('',( #3251 ) ) ;
#6497 =( GEOMETRIC_REPRESENTATION_CONTEXT ( 3 ) GLOBAL_UNCERTAINTY_ASSIGNED_CONTEXT ( ( #5388 ) ) GLOBAL_UNIT_ASSIGNED_CONTEXT ( ( #1243, #193, #1283 ) ) REPRESENTATION_CONTEXT ( 'NONE', 'WORKASPACE' ) );
#6498 = SURFACE_STYLE_USAGE ( .BOTH. , #935 ) ;
#6499 = VECTOR ( 'NONE', #5129, 1000.000000000000000 ) ;
#6500 = CARTESIAN_POINT ( 'NONE',  ( 0.3172918444429772555, -0.4971752091263696438, 0.000000000000000000 ) ) ;
#6501 = EDGE_CURVE ( 'NONE', #5961, #5147, #3643, .T. ) ;
#6502 = COLOUR_RGB ( '',1.000000000000000000, 1.000000000000000000, 1.000000000000000000 ) ;
#6503 = ORIENTED_EDGE ( 'NONE', *, *, #3300, .T. ) ;
#6504 = CARTESIAN_POINT ( 'NONE',  ( 0.3878238294219084059, -0.5866678277144539155, 0.001000000000000000021 ) ) ;
#6505 = ORIENTED_EDGE ( 'NONE', *, *, #1859, .T. ) ;
#6506 = CARTESIAN_POINT ( 'NONE',  ( 0.1319259907844406166, -0.4861995993702720176, 0.001000000000000000021 ) ) ;
#6507 = PRESENTATION_LAYER_ASSIGNMENT (  '', '', ( #2679 ) ) ;
#6508 = VECTOR ( 'NONE', #7193, 1000.000000000000000 ) ;
#6509 = CARTESIAN_POINT ( 'NONE',  ( 0.2441211127356601451, -0.4971752091263696438, 0.000000000000000000 ) ) ;
#6510 = EDGE_LOOP ( 'NONE', ( #3347, #1756, #2105, #2571, #6883, #5261 ) ) ;
#6511 = CARTESIAN_POINT ( 'NONE',  ( 0.3989611749466454027, -0.5683740441768257989, 0.000000000000000000 ) ) ;
#6512 = CARTESIAN_POINT ( 'NONE',  ( 0.3530473001460126548, -0.5825779591675227520, 0.001000000000000000021 ) ) ;
#6513 = CARTESIAN_POINT ( 'NONE',  ( 0.1790452873080974061, -0.5195293014329481762, 0.001000000000000000021 ) ) ;
#6514 = VECTOR ( 'NONE', #6454, 1000.000000000000000 ) ;
#6515 = ADVANCED_FACE ( 'NONE', ( #6395 ), #6095, .T. ) ;
#6516 = EDGE_LOOP ( 'NONE', ( #870, #232, #1493, #3452 ) ) ;
#6517 = FILL_AREA_STYLE ('',( #3157 ) ) ;
#6518 = CARTESIAN_POINT ( 'NONE',  ( 0.2550000000000000044, -0.3399999999999998024, 0.000000000000000000 ) ) ;
#6519 = VECTOR ( 'NONE', #11, 1000.000000000000000 ) ;
#6520 = VECTOR ( 'NONE', #5876, 1000.000000000000000 ) ;
#6521 = CARTESIAN_POINT ( 'NONE',  ( -0.7800000000000010258, -0.6250000000000001110, 0.000000000000000000 ) ) ;
#6522 = SURFACE_SIDE_STYLE ('',( #6446 ) ) ;
#6523 = LINE ( 'NONE', #4882, #37 ) ;
#6524 =( NAMED_UNIT ( * ) PLANE_ANGLE_UNIT ( ) SI_UNIT ( $, .RADIAN. ) );
#6525 = STYLED_ITEM ( 'NONE', ( #5607 ), #1335 ) ;
#6526 = CARTESIAN_POINT ( 'NONE',  ( 0.2211954229232719060, -0.5746232990102400073, 0.001000000000000000021 ) ) ;
#6527 = CARTESIAN_POINT ( 'NONE',  ( 0.1272575456624893964, -0.5054069164434428219, 0.001000000000000000021 ) ) ;
#6528 = MECHANICAL_DESIGN_GEOMETRIC_PRESENTATION_REPRESENTATION (  '', ( #342 ), #2574 ) ;
#6529 = CARTESIAN_POINT ( 'NONE',  ( 0.4238026174696209458, -0.5267651501915496803, 0.000000000000000000 ) ) ;
#6530 = DIRECTION ( 'NONE',  ( 1.000000000000000000, 0.000000000000000000, 0.000000000000000000 ) ) ;
#6531 = FACE_OUTER_BOUND ( 'NONE', #1313, .T. ) ;
#6532 = CARTESIAN_POINT ( 'NONE',  ( 0.3777339176137089471, -0.5874191115653940587, 0.001000000000000000021 ) ) ;
#6533 = CARTESIAN_POINT ( 'NONE',  ( 0.1697308688332211102, -0.5861995993702721064, 0.000000000000000000 ) ) ;
#6534 = PRESENTATION_LAYER_ASSIGNMENT (  '', '', ( #2700 ) ) ;
#6535 = CARTESIAN_POINT ( 'NONE',  ( 0.4111665014823547848, -0.5387287931105809724, 0.001000000000000000021 ) ) ;
#6536 = ORIENTED_EDGE ( 'NONE', *, *, #2508, .T. ) ;
#6537 = ADVANCED_FACE ( 'NONE', ( #441 ), #985, .T. ) ;
#6538 = SURFACE_STYLE_USAGE ( .BOTH. , #6597 ) ;
#6539 = DIRECTION ( 'NONE',  ( -0.000000000000000000, 0.000000000000000000, 1.000000000000000000 ) ) ;
#6540 = EDGE_LOOP ( 'NONE', ( #5073, #3566, #6183, #2695 ) ) ;
#6541 = LINE ( 'NONE', #1534, #1088 ) ;
#6542 = ORIENTED_EDGE ( 'NONE', *, *, #1440, .F. ) ;
#6543 =( LENGTH_UNIT ( ) NAMED_UNIT ( * ) SI_UNIT ( .MILLI., .METRE. ) );
#6544 =( NAMED_UNIT ( * ) SI_UNIT ( $, .STERADIAN. ) SOLID_ANGLE_UNIT ( ) );
#6545 = STYLED_ITEM ( 'NONE', ( #5474 ), #7181 ) ;
#6546 = CARTESIAN_POINT ( 'NONE',  ( 0.2550000000000000044, -0.3399999999999998024, 0.1000000000000000056 ) ) ;
#6547 =( LENGTH_UNIT ( ) NAMED_UNIT ( * ) SI_UNIT ( .MILLI., .METRE. ) );
#6548 = VERTEX_POINT ( 'NONE', #5340 ) ;
#6549 = SURFACE_SIDE_STYLE ('',( #5267 ) ) ;
#6550 = VECTOR ( 'NONE', #4668, 1000.000000000000000 ) ;
#6551 = CARTESIAN_POINT ( 'NONE',  ( 0.1986197152704076707, -0.5092025927099153026, 0.000000000000000000 ) ) ;
#6552 = CARTESIAN_POINT ( 'NONE',  ( -0.9603633550760954929, 0.6011454912595581845, 0.9699999999999999734 ) ) ;
#6553 =( NAMED_UNIT ( * ) PLANE_ANGLE_UNIT ( ) SI_UNIT ( $, .RADIAN. ) );
#6554 = VECTOR ( 'NONE', #568, 1000.000000000000000 ) ;
#6555 = CARTESIAN_POINT ( 'NONE',  ( 0.4215122695674641817, -0.5581586889235382598, 0.000000000000000000 ) ) ;
#6556 = ORIENTED_EDGE ( 'NONE', *, *, #6578, .F. ) ;
#6557 = DIRECTION ( 'NONE',  ( 0.000000000000000000, 0.000000000000000000, -1.000000000000000000 ) ) ;
#6558 = EDGE_CURVE ( 'NONE', #6, #4382, #4281, .T. ) ;
#6559 = CARTESIAN_POINT ( 'NONE',  ( 0.3502186737112699677, -0.5700410627849062939, 0.001000000000000000021 ) ) ;
#6560 = CARTESIAN_POINT ( 'NONE',  ( 0.7800000000000009148, -0.6250000000000001110, -0.01000000000000000021 ) ) ;
#6561 = CARTESIAN_POINT ( 'NONE',  ( 0.3892398582015095809, -0.4869467303022292914, 0.001000000000000000021 ) ) ;
#6562 = CARTESIAN_POINT ( 'NONE',  ( -0.7800000000000002487, -0.5050000000000001155, 0.1000000000000000056 ) ) ;
#6563 = PRESENTATION_STYLE_ASSIGNMENT (( #13 ) ) ;
#6564 = LINE ( 'NONE', #6533, #2609 ) ;
#6565 = ADVANCED_FACE ( 'NONE', ( #2693 ), #2113, .F. ) ;
#6566 = FILL_AREA_STYLE ('',( #7042 ) ) ;
#6567 = DIRECTION ( 'NONE',  ( 1.000000000000000000, 0.000000000000000000, 0.000000000000000000 ) ) ;
#6568 = DIRECTION ( 'NONE',  ( 1.000000000000000000, 0.000000000000000000, 0.000000000000000000 ) ) ;
#6569 = ORIENTED_EDGE ( 'NONE', *, *, #4456, .F. ) ;
#6570 =( NAMED_UNIT ( * ) SI_UNIT ( $, .STERADIAN. ) SOLID_ANGLE_UNIT ( ) );
#6571 = ORIENTED_EDGE ( 'NONE', *, *, #3782, .T. ) ;
#6572 =( NAMED_UNIT ( * ) SI_UNIT ( $, .STERADIAN. ) SOLID_ANGLE_UNIT ( ) );
#6573 = CARTESIAN_POINT ( 'NONE',  ( -0.2550000000000000044, 0.04000000000000021594, -0.01000000000000000021 ) ) ;
#6574 = ORIENTED_EDGE ( 'NONE', *, *, #5175, .T. ) ;
#6575 = CARTESIAN_POINT ( 'NONE',  ( -0.8821554098972228530, 0.6011454912595581845, 0.9699999999999999734 ) ) ;
#6576 = EDGE_LOOP ( 'NONE', ( #4528, #116, #4822, #39 ) ) ;
#6577 = PLANE ( 'NONE',  #1585 ) ;
#6578 = EDGE_CURVE ( 'NONE', #3591, #6388, #3966, .T. ) ;
#6579 = SURFACE_STYLE_FILL_AREA ( #4418 ) ;
#6580 = EDGE_LOOP ( 'NONE', ( #2575, #3333, #5652, #3255 ) ) ;
#6581 = CARTESIAN_POINT ( 'NONE',  ( 0.4238026174696209458, -0.5267651501915496803, 0.001000000000000000021 ) ) ;
#6582 = SURFACE_STYLE_USAGE ( .BOTH. , #6522 ) ;
#6583 = EDGE_CURVE ( 'NONE', #4749, #637, #1602, .T. ) ;
#6584 = DIRECTION ( 'NONE',  ( 0.000000000000000000, 1.000000000000000000, 0.000000000000000000 ) ) ;
#6585 = CARTESIAN_POINT ( 'NONE',  ( 0.2098710464478993898, -0.5711734280051132817, 0.001000000000000000021 ) ) ;
#6586 = CARTESIAN_POINT ( 'NONE',  ( 0.4246089176137089471, -0.5380860322971012799, 0.001000000000000000021 ) ) ;
#6587 = PLANE ( 'NONE',  #6272 ) ;
#6588 =( NAMED_UNIT ( * ) SI_UNIT ( $, .STERADIAN. ) SOLID_ANGLE_UNIT ( ) );
#6589 = PRESENTATION_STYLE_ASSIGNMENT (( #3884 ) ) ;
#6590 = DIRECTION ( 'NONE',  ( 0.000000000000000000, -0.000000000000000000, -1.000000000000000000 ) ) ;
#6591 = CARTESIAN_POINT ( 'NONE',  ( 0.4111942834673675273, -0.5372666725410037980, 0.001000000000000000021 ) ) ;
#6592 = CARTESIAN_POINT ( 'NONE',  ( 0.4238026174696209458, -0.5267651501915496803, 0.000000000000000000 ) ) ;
#6593 = DIRECTION ( 'NONE',  ( 0.000000000000000000, 0.000000000000000000, -1.000000000000000000 ) ) ;
#6594 = ADVANCED_FACE ( 'NONE', ( #3294 ), #4459, .T. ) ;
#6595 = EDGE_CURVE ( 'NONE', #4141, #7085, #6128, .T. ) ;
#6596 = UNCERTAINTY_MEASURE_WITH_UNIT (LENGTH_MEASURE( 1.000000000000000082E-05 ), #897, 'distance_accuracy_value', 'NONE');
#6597 = SURFACE_SIDE_STYLE ('',( #4236 ) ) ;
#6598 = FACE_OUTER_BOUND ( 'NONE', #6194, .T. ) ;
#6599 = CARTESIAN_POINT ( 'NONE',  ( 0.1241992050602268166, -0.5040971818394416326, 0.001000000000000000021 ) ) ;
#6600 = STYLED_ITEM ( 'NONE', ( #3605 ), #4911 ) ;
#6601 = CARTESIAN_POINT ( 'NONE',  ( 0.3511067122740457735, -0.5018421186564900882, 0.001000000000000000021 ) ) ;
#6602 = ORIENTED_EDGE ( 'NONE', *, *, #4644, .T. ) ;
#6603 = CARTESIAN_POINT ( 'NONE',  ( 0.1806727861530306734, -0.5149192151908491555, 0.000000000000000000 ) ) ;
#6604 = EDGE_CURVE ( 'NONE', #1271, #1779, #5553, .T. ) ;
#6605 = ORIENTED_EDGE ( 'NONE', *, *, #216, .F. ) ;
#6606 = DIRECTION ( 'NONE',  ( -0.000000000000000000, 1.000000000000000000, -0.000000000000000000 ) ) ;
#6607 = PRESENTATION_LAYER_ASSIGNMENT (  '', '', ( #3834 ) ) ;
#6608 = CIRCLE ( 'NONE', #67, 0.1199999999999999956 ) ;
#6609 = EDGE_LOOP ( 'NONE', ( #6896, #3639 ) ) ;
#6610 = CARTESIAN_POINT ( 'NONE',  ( 0.1319259907844406166, -0.4861995993702720176, 0.000000000000000000 ) ) ;
#6611 = STYLED_ITEM ( 'NONE', ( #1040 ), #2174 ) ;
#6612 = ADVANCED_FACE ( 'NONE', ( #5487 ), #31, .T. ) ;
#6613 = DIRECTION ( 'NONE',  ( -0.000000000000000000, 0.000000000000000000, 1.000000000000000000 ) ) ;
#6614 = PRESENTATION_LAYER_ASSIGNMENT (  '', '', ( #433 ) ) ;
#6615 = PRESENTATION_LAYER_ASSIGNMENT (  '', '', ( #535 ) ) ;
#6616 = ORIENTED_EDGE ( 'NONE', *, *, #1156, .F. ) ;
#6617 = CARTESIAN_POINT ( 'NONE',  ( -0.1250000000000000000, 0.5300000000000002487, 0.000000000000000000 ) ) ;
#6618 =( GEOMETRIC_REPRESENTATION_CONTEXT ( 3 ) GLOBAL_UNCERTAINTY_ASSIGNED_CONTEXT ( ( #5015 ) ) GLOBAL_UNIT_ASSIGNED_CONTEXT ( ( #6990, #7029, #1924 ) ) REPRESENTATION_CONTEXT ( 'NONE', 'WORKASPACE' ) );
#6619 = LINE ( 'NONE', #6024, #783 ) ;
#6620 = EDGE_CURVE ( 'NONE', #6206, #577, #2719, .T. ) ;
#6621 = EDGE_CURVE ( 'NONE', #4860, #5147, #5185, .T. ) ;
#6622 = COLOUR_RGB ( '',0.000000000000000000, 0.000000000000000000, 0.000000000000000000 ) ;
#6623 = ORIENTED_EDGE ( 'NONE', *, *, #4793, .T. ) ;
#6624 = DIRECTION ( 'NONE',  ( -0.000000000000000000, 0.000000000000000000, 1.000000000000000000 ) ) ;
#6625 = CARTESIAN_POINT ( 'NONE',  ( -1.010000000000000009, 0.1249999999999998890, 0.1000000000000000056 ) ) ;
#6626 = COLOUR_RGB ( '',0.000000000000000000, 0.000000000000000000, 0.000000000000000000 ) ;
#6627 =( LENGTH_UNIT ( ) NAMED_UNIT ( * ) SI_UNIT ( .MILLI., .METRE. ) );
#6628 = LINE ( 'NONE', #7163, #6806 ) ;
#6629 = ORIENTED_EDGE ( 'NONE', *, *, #995, .T. ) ;
#6630 = CARTESIAN_POINT ( 'NONE',  ( 0.1929896314649083844, -0.5520447942737197744, 0.000000000000000000 ) ) ;
#6631 = CARTESIAN_POINT ( 'NONE',  ( 0.3737514481015138945, -0.4849800871751501208, 0.001000000000000000021 ) ) ;
#6632 = STYLED_ITEM ( 'NONE', ( #1972 ), #1240 ) ;
#6633 = DIRECTION ( 'NONE',  ( 0.000000000000000000, 0.000000000000000000, -1.000000000000000000 ) ) ;
#6634 = SURFACE_SIDE_STYLE ('',( #2056 ) ) ;
#6635 = STYLED_ITEM ( 'NONE', ( #3837 ), #1427 ) ;
#6636 = CARTESIAN_POINT ( 'NONE',  ( 0.4166113026921673956, -0.5073989636303181117, 0.000000000000000000 ) ) ;
#6637 = ORIENTED_EDGE ( 'NONE', *, *, #4550, .T. ) ;
#6638 =( NAMED_UNIT ( * ) SI_UNIT ( $, .STERADIAN. ) SOLID_ANGLE_UNIT ( ) );
#6639 = VECTOR ( 'NONE', #4477, 1000.000000000000000 ) ;
#6640 = CARTESIAN_POINT ( 'NONE',  ( 0.4098909608343748734, -0.5496927200667039992, 0.001000000000000000021 ) ) ;
#6641 = VECTOR ( 'NONE', #2040, 1000.000000000000000 ) ;
#6642 = AXIS2_PLACEMENT_3D ( 'NONE', #6819, #1191, #6893 ) ;
#6643 = CARTESIAN_POINT ( 'NONE',  ( -0.6600000000000002531, -0.5050000000000001155, 0.000000000000000000 ) ) ;
#6644 =( LENGTH_UNIT ( ) NAMED_UNIT ( * ) SI_UNIT ( .MILLI., .METRE. ) );
#6645 = FILL_AREA_STYLE_COLOUR ( '', #2797 ) ;
#6646 = ORIENTED_EDGE ( 'NONE', *, *, #1940, .T. ) ;
#6647 = STYLED_ITEM ( 'NONE', ( #5960 ), #6537 ) ;
#6648 = CARTESIAN_POINT ( 'NONE',  ( 1.000000000000000000, -0.1250000000000001110, 0.9799999999999999822 ) ) ;
#6649 = STYLED_ITEM ( 'NONE', ( #3262 ), #1952 ) ;
#6650 = ORIENTED_EDGE ( 'NONE', *, *, #5776, .F. ) ;
#6651 = COLOUR_RGB ( '',0.000000000000000000, 0.000000000000000000, 0.000000000000000000 ) ;
#6652 = LINE ( 'NONE', #1569, #1897 ) ;
#6653 = DIRECTION ( 'NONE',  ( -0.000000000000000000, -0.000000000000000000, -1.000000000000000000 ) ) ;
#6654 =( NAMED_UNIT ( * ) SI_UNIT ( $, .STERADIAN. ) SOLID_ANGLE_UNIT ( ) );
#6655 = DIRECTION ( 'NONE',  ( 1.000000000000000000, 0.000000000000000000, 0.000000000000000000 ) ) ;
#6656 = VECTOR ( 'NONE', #2353, 1000.000000000000000 ) ;
#6657 = ORIENTED_EDGE ( 'NONE', *, *, #216, .T. ) ;
#6658 = EDGE_CURVE ( 'NONE', #443, #6762, #147, .T. ) ;
#6659 = CARTESIAN_POINT ( 'NONE',  ( 0.3737395375826473853, -0.5873722642106351532, 0.001000000000000000021 ) ) ;
#6660 = FILL_AREA_STYLE ('',( #5126 ) ) ;
#6661 = DIRECTION ( 'NONE',  ( 0.000000000000000000, 0.000000000000000000, -1.000000000000000000 ) ) ;
#6662 = CARTESIAN_POINT ( 'NONE',  ( 0.9999999999999997780, 0.7500000000000002220, 0.1000000000000000472 ) ) ;
#6663 = CARTESIAN_POINT ( 'NONE',  ( 0.1904970877523339545, -0.5367660547401835736, 0.001000000000000000021 ) ) ;
#6664 = SURFACE_SIDE_STYLE ('',( #4436 ) ) ;
#6665 =( GEOMETRIC_REPRESENTATION_CONTEXT ( 3 ) GLOBAL_UNCERTAINTY_ASSIGNED_CONTEXT ( ( #1416 ) ) GLOBAL_UNIT_ASSIGNED_CONTEXT ( ( #1625, #3988, #6668 ) ) REPRESENTATION_CONTEXT ( 'NONE', 'WORKASPACE' ) );
#6666 = FACE_OUTER_BOUND ( 'NONE', #2069, .T. ) ;
#6667 = CARTESIAN_POINT ( 'NONE',  ( 0.3892398582015095809, -0.4869467303022292914, 0.000000000000000000 ) ) ;
#6668 =( NAMED_UNIT ( * ) SI_UNIT ( $, .STERADIAN. ) SOLID_ANGLE_UNIT ( ) );
#6669 = DIRECTION ( 'NONE',  ( -1.000000000000000000, 0.000000000000000000, -0.000000000000000000 ) ) ;
#6670 = STYLED_ITEM ( 'NONE', ( #3331 ), #2566 ) ;
#6671 = UNCERTAINTY_MEASURE_WITH_UNIT (LENGTH_MEASURE( 1.000000000000000082E-05 ), #3228, 'distance_accuracy_value', 'NONE');
#6672 = CARTESIAN_POINT ( 'NONE',  ( 0.2246789528608645614, -0.5860970960398411700, 0.001000000000000000021 ) ) ;
#6673 = CARTESIAN_POINT ( 'NONE',  ( 0.2303444359063918645, -0.5861995993702721064, 0.001000000000000000021 ) ) ;
#6674 = CARTESIAN_POINT ( 'NONE',  ( 0.3737514481015138945, -0.4849800871751501208, 0.001000000000000000021 ) ) ;
#6675 = PRESENTATION_STYLE_ASSIGNMENT (( #4451 ) ) ;
#6676 = ORIENTED_EDGE ( 'NONE', *, *, #3641, .T. ) ;
#6677 = CARTESIAN_POINT ( 'NONE',  ( 0.2293726371259040553, -0.4971752091263696438, 0.000000000000000000 ) ) ;
#6678 = ADVANCED_FACE ( 'NONE', ( #6824 ), #5738, .T. ) ;
#6679 = FILL_AREA_STYLE ('',( #60 ) ) ;
#6680 = ADVANCED_BREP_SHAPE_REPRESENTATION ( 'VQFN-HR-9_2.0-W1.5-P0.5-TL_TI_RQF0009A', ( #1828, #6071 ), #5729 ) ;
#6681 = ORIENTED_EDGE ( 'NONE', *, *, #2701, .F. ) ;
#6682 = FACE_OUTER_BOUND ( 'NONE', #1603, .T. ) ;
#6683 = COLOUR_RGB ( '',1.000000000000000000, 1.000000000000000000, 1.000000000000000000 ) ;
#6684 =( NAMED_UNIT ( * ) PLANE_ANGLE_UNIT ( ) SI_UNIT ( $, .RADIAN. ) );
#6685 = EDGE_CURVE ( 'NONE', #4960, #3102, #1790, .T. ) ;
#6686 = VERTEX_POINT ( 'NONE', #3535 ) ;
#6687 = VECTOR ( 'NONE', #192, 1000.000000000000000 ) ;
#6688 = ORIENTED_EDGE ( 'NONE', *, *, #5043, .T. ) ;
#6689 = SURFACE_SIDE_STYLE ('',( #508 ) ) ;
#6690 = ADVANCED_FACE ( 'NONE', ( #6349 ), #221, .T. ) ;
#6691 = ORIENTED_EDGE ( 'NONE', *, *, #3622, .F. ) ;
#6692 =( NAMED_UNIT ( * ) SI_UNIT ( $, .STERADIAN. ) SOLID_ANGLE_UNIT ( ) );
#6693 = VERTEX_POINT ( 'NONE', #3491 ) ;
#6694 = UNCERTAINTY_MEASURE_WITH_UNIT (LENGTH_MEASURE( 1.000000000000000082E-05 ), #5054, 'distance_accuracy_value', 'NONE');
#6695 = DIRECTION ( 'NONE',  ( -0.000000000000000000, -0.000000000000000000, -1.000000000000000000 ) ) ;
#6696 = FILL_AREA_STYLE_COLOUR ( '', #5414 ) ;
#6697 = SURFACE_STYLE_FILL_AREA ( #2184 ) ;
#6698 = CARTESIAN_POINT ( 'NONE',  ( 1.010000000000000009, 0.6249999999999998890, 0.1000000000000000056 ) ) ;
#6699 = CYLINDRICAL_SURFACE ( 'NONE', #3947, 0.1200000000000000927 ) ;
#6700 = EDGE_CURVE ( 'NONE', #694, #2488, #102, .T. ) ;
#6701 =( NAMED_UNIT ( * ) PLANE_ANGLE_UNIT ( ) SI_UNIT ( $, .RADIAN. ) );
#6702 = CARTESIAN_POINT ( 'NONE',  ( 0.4245653652681926626, -0.5361404811861215647, -0.000000000000000000 ) ) ;
#6703 = SURFACE_STYLE_FILL_AREA ( #3921 ) ;
#6704 = FILL_AREA_STYLE ('',( #3399 ) ) ;
#6705 = ORIENTED_EDGE ( 'NONE', *, *, #5586, .F. ) ;
#6706 = EDGE_CURVE ( 'NONE', #7051, #4108, #7165, .T. ) ;
#6707 = DIRECTION ( 'NONE',  ( 0.000000000000000000, -1.000000000000000000, 0.000000000000000000 ) ) ;
#6708 = ORIENTED_EDGE ( 'NONE', *, *, #6472, .T. ) ;
#6709 = CARTESIAN_POINT ( 'NONE',  ( 0.3510146860623354348, -0.4886203828462093446, 0.001000000000000000021 ) ) ;
#6710 = CARTESIAN_POINT ( 'NONE',  ( 0.4111942834673675273, -0.5372666725410037980, 0.000000000000000000 ) ) ;
#6711 = EDGE_CURVE ( 'NONE', #7183, #5740, #2358, .T. ) ;
#6712 =( NAMED_UNIT ( * ) PLANE_ANGLE_UNIT ( ) SI_UNIT ( $, .RADIAN. ) );
#6713 = ORIENTED_EDGE ( 'NONE', *, *, #3908, .F. ) ;
#6714 = STYLED_ITEM ( 'NONE', ( #2578 ), #4888 ) ;
#6715 = EDGE_CURVE ( 'NONE', #3897, #2323, #1532, .T. ) ;
#6716 = FILL_AREA_STYLE_COLOUR ( '', #5330 ) ;
#6717 = FILL_AREA_STYLE ('',( #2784 ) ) ;
#6718 = ORIENTED_EDGE ( 'NONE', *, *, #2088, .F. ) ;
#6719 = ORIENTED_EDGE ( 'NONE', *, *, #2395, .F. ) ;
#6720 = PLANE ( 'NONE',  #4640 ) ;
#6721 = STYLED_ITEM ( 'NONE', ( #5690 ), #4978 ) ;
#6722 = CIRCLE ( 'NONE', #4899, 0.1199999999999999956 ) ;
#6723 = CARTESIAN_POINT ( 'NONE',  ( -0.7800000000000010258, -0.6250000000000001110, 0.1000000000000000056 ) ) ;
#6724 = VERTEX_POINT ( 'NONE', #2104 ) ;
#6725 = CARTESIAN_POINT ( 'NONE',  ( 0.3579167514625200552, -0.4864820415363548256, 0.000000000000000000 ) ) ;
#6726 = AXIS2_PLACEMENT_3D ( 'NONE', #309, #5434, #2558 ) ;
#6727 = CARTESIAN_POINT ( 'NONE',  ( -1.010000000000000009, 0.6249999999999998890, -0.01000000000000000021 ) ) ;
#6728 = COLOUR_RGB ( '',1.000000000000000000, 1.000000000000000000, 1.000000000000000000 ) ;
#6729 = ORIENTED_EDGE ( 'NONE', *, *, #1969, .F. ) ;
#6730 = DIRECTION ( 'NONE',  ( -0.000000000000000000, -1.000000000000000000, -0.000000000000000000 ) ) ;
#6731 = ORIENTED_EDGE ( 'NONE', *, *, #329, .T. ) ;
#6732 = CARTESIAN_POINT ( 'NONE',  ( 0.2008502424780320705, -0.5647517801650155933, 0.001000000000000000021 ) ) ;
#6733 =( NAMED_UNIT ( * ) SI_UNIT ( $, .STERADIAN. ) SOLID_ANGLE_UNIT ( ) );
#6734 = VECTOR ( 'NONE', #5187, 1000.000000000000000 ) ;
#6735 = COLOUR_RGB ( '',0.000000000000000000, 0.000000000000000000, 0.000000000000000000 ) ;
#6736 = PLANE ( 'NONE',  #83 ) ;
#6737 = FILL_AREA_STYLE_COLOUR ( '', #2793 ) ;
#6738 =( NAMED_UNIT ( * ) PLANE_ANGLE_UNIT ( ) SI_UNIT ( $, .RADIAN. ) );
#6739 = VECTOR ( 'NONE', #1638, 1000.000000000000000 ) ;
#6740 = LINE ( 'NONE', #5540, #5498 ) ;
#6741 = STYLED_ITEM ( 'NONE', ( #8 ), #881 ) ;
#6742 = CARTESIAN_POINT ( 'NONE',  ( 0.2299252285893187142, -0.5752239896141745357, 0.001000000000000000021 ) ) ;
#6743 = DIRECTION ( 'NONE',  ( 0.000000000000000000, 0.000000000000000000, -1.000000000000000000 ) ) ;
#6744 = ORIENTED_EDGE ( 'NONE', *, *, #5265, .F. ) ;
#6745 = UNCERTAINTY_MEASURE_WITH_UNIT (LENGTH_MEASURE( 1.000000000000000082E-05 ), #2025, 'distance_accuracy_value', 'NONE');
#6746 = CARTESIAN_POINT ( 'NONE',  ( 0.2043136090304496499, -0.5808149622657607924, 0.001000000000000000021 ) ) ;
#6747 = ORIENTED_EDGE ( 'NONE', *, *, #1180, .F. ) ;
#6748 = CARTESIAN_POINT ( 'NONE',  ( 0.1998830913044560009, -0.5784115296995466782, 0.001000000000000000021 ) ) ;
#6749 = CIRCLE ( 'NONE', #1982, 0.07820794517887262598 ) ;
#6750 = SURFACE_SIDE_STYLE ('',( #5615 ) ) ;
#6751 = LINE ( 'NONE', #911, #5240 ) ;
#6752 = VERTEX_POINT ( 'NONE', #6465 ) ;
#6753 = CARTESIAN_POINT ( 'NONE',  ( 0.4071945005513232796, -0.5165846886741461974, 0.000000000000000000 ) ) ;
#6754 = EDGE_CURVE ( 'NONE', #6081, #669, #328, .T. ) ;
#6755 = PLANE ( 'NONE',  #4009 ) ;
#6756 = AXIS2_PLACEMENT_3D ( 'NONE', #3804, #3771, #2594 ) ;
#6757 = DIRECTION ( 'NONE',  ( 0.000000000000000000, 0.000000000000000000, -1.000000000000000000 ) ) ;
#6758 = LINE ( 'NONE', #2562, #6836 ) ;
#6759 = COLOUR_RGB ( '',1.000000000000000000, 1.000000000000000000, 1.000000000000000000 ) ;
#6760 =( NAMED_UNIT ( * ) SI_UNIT ( $, .STERADIAN. ) SOLID_ANGLE_UNIT ( ) );
#6761 = COLOUR_RGB ( '',1.000000000000000000, 1.000000000000000000, 1.000000000000000000 ) ;
#6762 = VERTEX_POINT ( 'NONE', #6427 ) ;
#6763 = VERTEX_POINT ( 'NONE', #3139 ) ;
#6764 = FILL_AREA_STYLE_COLOUR ( '', #2662 ) ;
#6765 = LINE ( 'NONE', #6215, #2322 ) ;
#6766 =( GEOMETRIC_REPRESENTATION_CONTEXT ( 3 ) GLOBAL_UNCERTAINTY_ASSIGNED_CONTEXT ( ( #344 ) ) GLOBAL_UNIT_ASSIGNED_CONTEXT ( ( #4113, #5190, #1277 ) ) REPRESENTATION_CONTEXT ( 'NONE', 'WORKASPACE' ) );
#6767 = LINE ( 'NONE', #5671, #1892 ) ;
#6768 = CARTESIAN_POINT ( 'NONE',  ( 0.3560702665944723289, -0.5838653681787420169, 0.001000000000000000021 ) ) ;
#6769 = PRESENTATION_LAYER_ASSIGNMENT (  '', '', ( #2705 ) ) ;
#6770 = ORIENTED_EDGE ( 'NONE', *, *, #5505, .T. ) ;
#6771 =( NAMED_UNIT ( * ) PLANE_ANGLE_UNIT ( ) SI_UNIT ( $, .RADIAN. ) );
#6772 =( NAMED_UNIT ( * ) SI_UNIT ( $, .STERADIAN. ) SOLID_ANGLE_UNIT ( ) );
#6773 = UNCERTAINTY_MEASURE_WITH_UNIT (LENGTH_MEASURE( 1.000000000000000082E-05 ), #3078, 'distance_accuracy_value', 'NONE');
#6774 = PRESENTATION_STYLE_ASSIGNMENT (( #4168 ) ) ;
#6775 = ORIENTED_EDGE ( 'NONE', *, *, #6706, .T. ) ;
#6776 =( GEOMETRIC_REPRESENTATION_CONTEXT ( 3 ) GLOBAL_UNCERTAINTY_ASSIGNED_CONTEXT ( ( #776 ) ) GLOBAL_UNIT_ASSIGNED_CONTEXT ( ( #95, #5108, #3528 ) ) REPRESENTATION_CONTEXT ( 'NONE', 'WORKASPACE' ) );
#6777 = DIRECTION ( 'NONE',  ( 0.000000000000000000, 1.000000000000000000, 0.000000000000000000 ) ) ;
#6778 = CARTESIAN_POINT ( 'NONE',  ( 0.3725819058622789059, -0.4959716509908816406, 0.000000000000000000 ) ) ;
#6779 = EDGE_CURVE ( 'NONE', #3683, #4747, #575, .T. ) ;
#6780 = ORIENTED_EDGE ( 'NONE', *, *, #4005, .T. ) ;
#6781 = PLANE ( 'NONE',  #939 ) ;
#6782 = DIRECTION ( 'NONE',  ( -0.000000000000000000, 0.000000000000000000, -1.000000000000000000 ) ) ;
#6783 = CIRCLE ( 'NONE', #1176, 0.1199999999999999956 ) ;
#6784 = SURFACE_STYLE_USAGE ( .BOTH. , #1743 ) ;
#6785 = ORIENTED_EDGE ( 'NONE', *, *, #4626, .F. ) ;
#6786 = PLANE ( 'NONE',  #1876 ) ;
#6787 = ORIENTED_EDGE ( 'NONE', *, *, #49, .T. ) ;
#6788 = CARTESIAN_POINT ( 'NONE',  ( 0.4119302693639949609, -0.5739433643428666354, 0.001000000000000000021 ) ) ;
#6789 = COLOUR_RGB ( '',0.000000000000000000, 0.000000000000000000, 0.000000000000000000 ) ;
#6790 = SURFACE_SIDE_STYLE ('',( #4455 ) ) ;
#6791 = ORIENTED_EDGE ( 'NONE', *, *, #3035, .T. ) ;
#6792 = STYLED_ITEM ( 'NONE', ( #3370 ), #2649 ) ;
#6793 = CARTESIAN_POINT ( 'NONE',  ( 0.1272575456624893964, -0.5054069164434428219, 0.001000000000000000021 ) ) ;
#6794 = CARTESIAN_POINT ( 'NONE',  ( 0.3746780523864015611, -0.5764276477545544619, -0.000000000000000000 ) ) ;
#6795 = ORIENTED_EDGE ( 'NONE', *, *, #2246, .F. ) ;
#6796 = ORIENTED_EDGE ( 'NONE', *, *, #3261, .F. ) ;
#6797 = COLOUR_RGB ( '',1.000000000000000000, 1.000000000000000000, 1.000000000000000000 ) ;
#6798 = CARTESIAN_POINT ( 'NONE',  ( 0.1957556076764391251, -0.5755188484735554999, 0.000000000000000000 ) ) ;
#6799 = EDGE_CURVE ( 'NONE', #3538, #1905, #7008, .T. ) ;
#6800 = CARTESIAN_POINT ( 'NONE',  ( -0.7800000000000010258, 0.1250000000000000555, 0.000000000000000000 ) ) ;
#6801 =( GEOMETRIC_REPRESENTATION_CONTEXT ( 3 ) GLOBAL_UNCERTAINTY_ASSIGNED_CONTEXT ( ( #1627 ) ) GLOBAL_UNIT_ASSIGNED_CONTEXT ( ( #353, #3700, #1445 ) ) REPRESENTATION_CONTEXT ( 'NONE', 'WORKASPACE' ) );
#6802 = ORIENTED_EDGE ( 'NONE', *, *, #6583, .T. ) ;
#6803 = ORIENTED_EDGE ( 'NONE', *, *, #1530, .F. ) ;
#6804 = SURFACE_SIDE_STYLE ('',( #2070 ) ) ;
#6805 = CARTESIAN_POINT ( 'NONE',  ( 0.1930661523789636846, -0.5186417512240982797, 0.001000000000000000021 ) ) ;
#6806 = VECTOR ( 'NONE', #2150, 1000.000000000000000 ) ;
#6807 = CARTESIAN_POINT ( 'NONE',  ( 0.3980892408681375727, -0.5044739854952781100, 0.001000000000000000021 ) ) ;
#6808 = EDGE_CURVE ( 'NONE', #1010, #694, #6999, .T. ) ;
#6809 = PLANE ( 'NONE',  #6402 ) ;
#6810 = COLOUR_RGB ( '',0.000000000000000000, 0.000000000000000000, 0.000000000000000000 ) ;
#6811 = SURFACE_STYLE_FILL_AREA ( #1215 ) ;
#6812 = ORIENTED_EDGE ( 'NONE', *, *, #1180, .T. ) ;
#6813 = PLANE ( 'NONE',  #5801 ) ;
#6814 = CARTESIAN_POINT ( 'NONE',  ( -0.1250000000000000000, -0.7599999999999997868, -0.01000000000000000021 ) ) ;
#6815 = PLANE ( 'NONE',  #4237 ) ;
#6816 = VERTEX_POINT ( 'NONE', #2612 ) ;
#6817 = ORIENTED_EDGE ( 'NONE', *, *, #5962, .F. ) ;
#6818 = DIRECTION ( 'NONE',  ( -0.000000000000000000, 0.000000000000000000, 1.000000000000000000 ) ) ;
#6819 = CARTESIAN_POINT ( 'NONE',  ( -1.010000000000000009, 0.6249999999999998890, 0.1000000000000000056 ) ) ;
#6820 = EDGE_CURVE ( 'NONE', #4130, #3928, #292, .T. ) ;
#6821 = ADVANCED_FACE ( 'NONE', ( #859 ), #4716, .T. ) ;
#6822 = ORIENTED_EDGE ( 'NONE', *, *, #2020, .F. ) ;
#6823 = FILL_AREA_STYLE_COLOUR ( '', #4870 ) ;
#6824 = FACE_OUTER_BOUND ( 'NONE', #6129, .T. ) ;
#6825 = EDGE_CURVE ( 'NONE', #1507, #1500, #2065, .T. ) ;
#6826 = ORIENTED_EDGE ( 'NONE', *, *, #264, .F. ) ;
#6827 = ORIENTED_EDGE ( 'NONE', *, *, #3522, .F. ) ;
#6828 = CARTESIAN_POINT ( 'NONE',  ( 0.4066147196533461128, -0.4961072993994339320, 0.001000000000000000021 ) ) ;
#6829 = CARTESIAN_POINT ( 'NONE',  ( 0.2770479420039528295, -0.5861995993702721064, 0.000000000000000000 ) ) ;
#6830 = EDGE_CURVE ( 'NONE', #2527, #5702, #3179, .T. ) ;
#6831 = CARTESIAN_POINT ( 'NONE',  ( -0.6600000000000001421, 0.6249999999999998890, 0.000000000000000000 ) ) ;
#6832 = VERTEX_POINT ( 'NONE', #5289 ) ;
#6833 = CARTESIAN_POINT ( 'NONE',  ( 0.2135540808034020466, -0.4879891009418589887, -2.117582368135750848E-19 ) ) ;
#6834 = UNCERTAINTY_MEASURE_WITH_UNIT (LENGTH_MEASURE( 1.000000000000000082E-05 ), #2102, 'distance_accuracy_value', 'NONE');
#6835 = PRESENTATION_LAYER_ASSIGNMENT (  '', '', ( #3227 ) ) ;
#6836 = VECTOR ( 'NONE', #4000, 1000.000000000000000 ) ;
#6837 = ORIENTED_EDGE ( 'NONE', *, *, #1730, .T. ) ;
#6838 = DIRECTION ( 'NONE',  ( -0.000000000000000000, -0.000000000000000000, -1.000000000000000000 ) ) ;
#6839 =( NAMED_UNIT ( * ) SI_UNIT ( $, .STERADIAN. ) SOLID_ANGLE_UNIT ( ) );
#6840 = EDGE_CURVE ( 'NONE', #2776, #5157, #4407, .T. ) ;
#6841 = LINE ( 'NONE', #3506, #4974 ) ;
#6842 = STYLED_ITEM ( 'NONE', ( #4548 ), #5211 ) ;
#6843 = COLOUR_RGB ( '',0.000000000000000000, 0.000000000000000000, 0.000000000000000000 ) ;
#6844 = SURFACE_SIDE_STYLE ('',( #1920 ) ) ;
#6845 = CARTESIAN_POINT ( 'NONE',  ( 0.2575357468820015927, -0.4861995993702720176, 0.001000000000000000021 ) ) ;
#6846 = MECHANICAL_DESIGN_GEOMETRIC_PRESENTATION_REPRESENTATION (  '', ( #4289 ), #3733 ) ;
#6847 = CARTESIAN_POINT ( 'NONE',  ( 0.3794698237688591269, -0.5873803958569089323, 0.001000000000000000021 ) ) ;
#6848 = CARTESIAN_POINT ( 'NONE',  ( -0.6599999999999985878, -1.651323308862533745E-15, 0.000000000000000000 ) ) ;
#6849 = COLOUR_RGB ( '',1.000000000000000000, 1.000000000000000000, 1.000000000000000000 ) ;
#6850 = LINE ( 'NONE', #4771, #6331 ) ;
#6851 = ORIENTED_EDGE ( 'NONE', *, *, #6685, .T. ) ;
#6852 = ORIENTED_EDGE ( 'NONE', *, *, #3923, .T. ) ;
#6853 = DIRECTION ( 'NONE',  ( 0.000000000000000000, -0.000000000000000000, -1.000000000000000000 ) ) ;
#6854 = DIRECTION ( 'NONE',  ( 1.445602896647339163E-16, -1.000000000000000000, 0.000000000000000000 ) ) ;
#6855 = MECHANICAL_DESIGN_GEOMETRIC_PRESENTATION_REPRESENTATION (  '', ( #5462 ), #1599 ) ;
#6856 = CARTESIAN_POINT ( 'NONE',  ( 0.2770479420039528295, -0.5752239896141745357, 0.001000000000000000021 ) ) ;
#6857 = SURFACE_STYLE_USAGE ( .BOTH. , #5145 ) ;
#6858 = CARTESIAN_POINT ( 'NONE',  ( 0.7800000000000001377, -0.4950000000000001066, -0.01000000000000000021 ) ) ;
#6859 = ORIENTED_EDGE ( 'NONE', *, *, #5606, .T. ) ;
#6860 = VECTOR ( 'NONE', #1895, 1000.000000000000000 ) ;
#6861 = ORIENTED_EDGE ( 'NONE', *, *, #2745, .F. ) ;
#6862 = VECTOR ( 'NONE', #4306, 1000.000000000000000 ) ;
#6863 = FILL_AREA_STYLE ('',( #5805 ) ) ;
#6864 =( NAMED_UNIT ( * ) PLANE_ANGLE_UNIT ( ) SI_UNIT ( $, .RADIAN. ) );
#6865 = STYLED_ITEM ( 'NONE', ( #449 ), #1475 ) ;
#6866 = ORIENTED_EDGE ( 'NONE', *, *, #3589, .T. ) ;
#6867 =( LENGTH_UNIT ( ) NAMED_UNIT ( * ) SI_UNIT ( .MILLI., .METRE. ) );
#6868 = VECTOR ( 'NONE', #1392, 1000.000000000000000 ) ;
#6869 = SURFACE_STYLE_USAGE ( .BOTH. , #6434 ) ;
#6870 = LINE ( 'NONE', #2468, #6993 ) ;
#6871 = CARTESIAN_POINT ( 'NONE',  ( 0.1929896314649083844, -0.5520447942737197744, 0.000000000000000000 ) ) ;
#6872 = CARTESIAN_POINT ( 'NONE',  ( 0.2135540808034020466, -0.4879891009418589887, 0.001000000000000000021 ) ) ;
#6873 = VECTOR ( 'NONE', #1161, 1000.000000000000000 ) ;
#6874 = ADVANCED_FACE ( 'NONE', ( #2710 ), #2265, .T. ) ;
#6875 = EDGE_LOOP ( 'NONE', ( #6852, #4162, #3976, #3341 ) ) ;
#6876 = DIRECTION ( 'NONE',  ( 0.000000000000000000, 0.000000000000000000, -1.000000000000000000 ) ) ;
#6877 = DIRECTION ( 'NONE',  ( 0.000000000000000000, 0.000000000000000000, 1.000000000000000000 ) ) ;
#6878 = MECHANICAL_DESIGN_GEOMETRIC_PRESENTATION_REPRESENTATION (  '', ( #1620 ), #5715 ) ;
#6879 = PRESENTATION_LAYER_ASSIGNMENT (  '', '', ( #2231 ) ) ;
#6880 = DIRECTION ( 'NONE',  ( -1.000000000000000000, -0.000000000000000000, -0.000000000000000000 ) ) ;
#6881 =( LENGTH_UNIT ( ) NAMED_UNIT ( * ) SI_UNIT ( .MILLI., .METRE. ) );
#6882 = DIRECTION ( 'NONE',  ( 1.000000000000000000, 0.000000000000000000, 0.000000000000000000 ) ) ;
#6883 = ORIENTED_EDGE ( 'NONE', *, *, #4600, .F. ) ;
#6884 = LINE ( 'NONE', #6848, #6550 ) ;
#6886 = DIRECTION ( 'NONE',  ( 1.000000000000000000, 0.000000000000000000, 0.000000000000000000 ) ) ;
#6885 = PRESENTATION_LAYER_ASSIGNMENT (  '', '', ( #6545 ) ) ;
#6887 =( NAMED_UNIT ( * ) SI_UNIT ( $, .STERADIAN. ) SOLID_ANGLE_UNIT ( ) );
#6888 = PRESENTATION_STYLE_ASSIGNMENT (( #1220 ) ) ;
#6889 = ORIENTED_EDGE ( 'NONE', *, *, #6487, .F. ) ;
#6890 = PRESENTATION_STYLE_ASSIGNMENT (( #4131 ) ) ;
#6891 = CARTESIAN_POINT ( 'NONE',  ( 0.4246089176137089471, -0.5380860322971012799, 0.001000000000000000021 ) ) ;
#6892 = LINE ( 'NONE', #1896, #2128 ) ;
#6893 = DIRECTION ( 'NONE',  ( -0.000000000000000000, 0.000000000000000000, 1.000000000000000000 ) ) ;
#6894 = FILL_AREA_STYLE_COLOUR ( '', #1446 ) ;
#6895 = PLANE ( 'NONE',  #3298 ) ;
#6896 = ORIENTED_EDGE ( 'NONE', *, *, #374, .F. ) ;
#6897 = VECTOR ( 'NONE', #1963, 1000.000000000000000 ) ;
#6898 = VECTOR ( 'NONE', #617, 1000.000000000000000 ) ;
#6899 = FILL_AREA_STYLE ('',( #3600 ) ) ;
#6900 = EDGE_CURVE ( 'NONE', #3965, #7085, #7177, .T. ) ;
#6901 = EDGE_CURVE ( 'NONE', #5124, #1507, #3365, .T. ) ;
#6902 = ORIENTED_EDGE ( 'NONE', *, *, #995, .F. ) ;
#6903 = CARTESIAN_POINT ( 'NONE',  ( -1.010000000000000009, 0.1249999999999998890, 0.1000000000000000056 ) ) ;
#6904 = CARTESIAN_POINT ( 'NONE',  ( 0.2246789528608645614, -0.5860970960398411700, 0.000000000000000000 ) ) ;
#6905 = PRESENTATION_LAYER_ASSIGNMENT (  '', '', ( #6792 ) ) ;
#6906 = DIRECTION ( 'NONE',  ( 0.000000000000000000, 0.000000000000000000, 1.000000000000000000 ) ) ;
#6907 = DIRECTION ( 'NONE',  ( 0.000000000000000000, 0.000000000000000000, -1.000000000000000000 ) ) ;
#6908 = FILL_AREA_STYLE ('',( #1343 ) ) ;
#6909 = FILL_AREA_STYLE ('',( #4694 ) ) ;
#6910 = DIRECTION ( 'NONE',  ( 1.000000000000000000, 1.445602896647339163E-16, -0.000000000000000000 ) ) ;
#6911 = UNCERTAINTY_MEASURE_WITH_UNIT (LENGTH_MEASURE( 1.000000000000000082E-05 ), #228, 'distance_accuracy_value', 'NONE');
#6912 = AXIS2_PLACEMENT_3D ( 'NONE', #3062, #4156, #2414 ) ;
#6913 = EDGE_CURVE ( 'NONE', #2901, #3382, #7216, .T. ) ;
#6914 = ORIENTED_EDGE ( 'NONE', *, *, #4128, .F. ) ;
#6915 = SURFACE_SIDE_STYLE ('',( #5229 ) ) ;
#6916 = AXIS2_PLACEMENT_3D ( 'NONE', #6562, #6997, #5318 ) ;
#6917 = UNCERTAINTY_MEASURE_WITH_UNIT (LENGTH_MEASURE( 1.000000000000000082E-05 ), #4265, 'distance_accuracy_value', 'NONE');
#6918 = CARTESIAN_POINT ( 'NONE',  ( 0.2770479420039528295, -0.5861995993702721064, 0.001000000000000000021 ) ) ;
#6919 = B_SPLINE_CURVE_WITH_KNOTS ( 'NONE', 3,
 ( #4273, #4900, #7122, #6504, #1499, #3758, #2137, #6203, #1748, #6788, #7220, #5548, #3962, #5659, #2311, #2923, #3449, #3996, #529 ),
 .UNSPECIFIED., .F., .F.,
 ( 4, 1, 1, 1, 1, 1, 1, 1, 1, 1, 1, 1, 1, 1, 1, 1, 4 ),
 ( 0.000000000000000000, 0.06783324845577305695, 0.1326555365079040427, 0.1950508840508278496, 0.2555829330687766632, 0.3147998341472891815, 0.3736004728263742081, 0.4325455953267433595, 0.4924306292835654020, 0.5526712559629695098, 0.6125130441881163623, 0.6726102503570059454, 0.7338383693139461927, 0.7965942385677733384, 0.8614497992905728596, 0.9291989423509054991, 1.000000000000000000 ),
 .UNSPECIFIED. ) ;
#6920 = EDGE_CURVE ( 'NONE', #5025, #5686, #4487, .T. ) ;
#6921 = ORIENTED_EDGE ( 'NONE', *, *, #3641, .F. ) ;
#6922 = CARTESIAN_POINT ( 'NONE',  ( 0.7800000000000009148, -0.1250000000000001110, -0.01000000000000000021 ) ) ;
#6923 = VECTOR ( 'NONE', #6695, 1000.000000000000000 ) ;
#6924 = CARTESIAN_POINT ( 'NONE',  ( 0.9999999999999997780, 0.7500000000000002220, 0.000000000000000000 ) ) ;
#6925 = CARTESIAN_POINT ( 'NONE',  ( 0.6600000000000001421, -0.004999999999999213407, 0.1000000000000000056 ) ) ;
#6926 = EDGE_CURVE ( 'NONE', #5223, #2821, #6155, .T. ) ;
#6927 =( NAMED_UNIT ( * ) SI_UNIT ( $, .STERADIAN. ) SOLID_ANGLE_UNIT ( ) );
#6928 = PRESENTATION_LAYER_ASSIGNMENT (  '', '', ( #5057 ) ) ;
#6929 = ORIENTED_EDGE ( 'NONE', *, *, #2401, .F. ) ;
#6930 = CARTESIAN_POINT ( 'NONE',  ( 0.4246089176137089471, -0.5380860322971012799, 0.000000000000000000 ) ) ;
#6931 = LINE ( 'NONE', #5282, #3768 ) ;
#6932 = FILL_AREA_STYLE ('',( #5365 ) ) ;
#6933 = EDGE_CURVE ( 'NONE', #6548, #1566, #3254, .T. ) ;
#6934 = FILL_AREA_STYLE ('',( #1299 ) ) ;
#6935 = CARTESIAN_POINT ( 'NONE',  ( 0.3653848834747094321, -0.5755927682690417102, 0.000000000000000000 ) ) ;
#6936 = ORIENTED_EDGE ( 'NONE', *, *, #2213, .F. ) ;
#6937 = EDGE_CURVE ( 'NONE', #694, #3683, #6160, .T. ) ;
#6938 = LINE ( 'NONE', #2331, #2397 ) ;
#6939 = ORIENTED_EDGE ( 'NONE', *, *, #6391, .T. ) ;
#6940 = EDGE_CURVE ( 'NONE', #1566, #4723, #5657, .T. ) ;
#6941 = PLANE ( 'NONE',  #5714 ) ;
#6942 = ORIENTED_EDGE ( 'NONE', *, *, #4605, .T. ) ;
#6943 = CARTESIAN_POINT ( 'NONE',  ( 0.4106460852587017762, -0.5457520478822367460, 0.000000000000000000 ) ) ;
#6944 = SURFACE_SIDE_STYLE ('',( #765 ) ) ;
#6945 = CARTESIAN_POINT ( 'NONE',  ( 0.2171637364090860667, -0.5738130395585934185, 0.000000000000000000 ) ) ;
#6946 = ORIENTED_EDGE ( 'NONE', *, *, #7, .F. ) ;
#6947 = VERTEX_POINT ( 'NONE', #5179 ) ;
#6948 = CARTESIAN_POINT ( 'NONE',  ( 0.1905590513868325730, -0.5307184242052970236, 0.001000000000000000021 ) ) ;
#6949 = PRESENTATION_LAYER_ASSIGNMENT (  '', '', ( #2875 ) ) ;
#6950 = DIRECTION ( 'NONE',  ( -1.000000000000000000, 0.000000000000000000, 0.000000000000000000 ) ) ;
#6951 = CARTESIAN_POINT ( 'NONE',  ( -0.5774999999999992362, 0.5775000000000002354, 0.000000000000000000 ) ) ;
#6952 = CARTESIAN_POINT ( 'NONE',  ( 0.9999999999999997780, 0.7500000000000002220, 0.000000000000000000 ) ) ;
#6953 = FACE_OUTER_BOUND ( 'NONE', #770, .T. ) ;
#6954 = CARTESIAN_POINT ( 'NONE',  ( -0.1250000000000000000, 0.7600000000000002309, 0.1000000000000000056 ) ) ;
#6955 = ADVANCED_FACE ( 'NONE', ( #5730 ), #6786, .T. ) ;
#6956 = CARTESIAN_POINT ( 'NONE',  ( 0.3887427493158798764, -0.4986706164920930440, 0.001000000000000000021 ) ) ;
#6957 = CARTESIAN_POINT ( 'NONE',  ( 0.1770479420039528240, -0.5349419774190524723, 0.001000000000000000021 ) ) ;
#6958 =( GEOMETRIC_REPRESENTATION_CONTEXT ( 3 ) GLOBAL_UNCERTAINTY_ASSIGNED_CONTEXT ( ( #2547 ) ) GLOBAL_UNIT_ASSIGNED_CONTEXT ( ( #352, #3201, #1579 ) ) REPRESENTATION_CONTEXT ( 'NONE', 'WORKASPACE' ) );
#6959 = PRESENTATION_LAYER_ASSIGNMENT (  '', '', ( #4625 ) ) ;
#6960 = VECTOR ( 'NONE', #6426, 1000.000000000000000 ) ;
#6961 = SURFACE_STYLE_FILL_AREA ( #172 ) ;
#6962 = EDGE_LOOP ( 'NONE', ( #5065, #1226, #182, #2530 ) ) ;
#6963 = FILL_AREA_STYLE ('',( #6417 ) ) ;
#6964 = CARTESIAN_POINT ( 'NONE',  ( 0.3607901184106039327, -0.4859467655971668743, 0.000000000000000000 ) ) ;
#6965 = VECTOR ( 'NONE', #1213, 1000.000000000000000 ) ;
#6966 = CARTESIAN_POINT ( 'NONE',  ( 0.7800000000000001377, -0.5050000000000001155, 0.1000000000000000056 ) ) ;
#6967 = AXIS2_PLACEMENT_3D ( 'NONE', #1881, #1314, #3576 ) ;
#6968 = CARTESIAN_POINT ( 'NONE',  ( -0.6600000000000002531, -0.4950000000000009948, 0.1000000000000000056 ) ) ;
#6969 =( LENGTH_UNIT ( ) NAMED_UNIT ( * ) SI_UNIT ( .MILLI., .METRE. ) );
#6970 = EDGE_LOOP ( 'NONE', ( #2822, #3130, #7053, #502, #2385, #6691 ) ) ;
#6971 = COLOUR_RGB ( '',1.000000000000000000, 1.000000000000000000, 1.000000000000000000 ) ;
#6972 = UNCERTAINTY_MEASURE_WITH_UNIT (LENGTH_MEASURE( 1.000000000000000082E-05 ), #6082, 'distance_accuracy_value', 'NONE');
#6973 = VECTOR ( 'NONE', #5604, 1000.000000000000000 ) ;
#6974 = ORIENTED_EDGE ( 'NONE', *, *, #1781, .T. ) ;
#6975 = VERTEX_POINT ( 'NONE', #1259 ) ;
#6976 = DIRECTION ( 'NONE',  ( 0.000000000000000000, -0.000000000000000000, 1.000000000000000000 ) ) ;
#6977 = PRESENTATION_STYLE_ASSIGNMENT (( #3650 ) ) ;
#6978 = SURFACE_SIDE_STYLE ('',( #4755 ) ) ;
#6979 = CARTESIAN_POINT ( 'NONE',  ( 0.3763867182503496944, -0.5874033111843546262, 0.000000000000000000 ) ) ;
#6980 = COLOUR_RGB ( '',0.000000000000000000, 0.000000000000000000, 0.000000000000000000 ) ;
#6981 = CARTESIAN_POINT ( 'NONE',  ( 0.1806727861530306734, -0.5149192151908491555, -2.117582368135750848E-19 ) ) ;
#6982 = PRESENTATION_LAYER_ASSIGNMENT (  '', '', ( #2905 ) ) ;
#6983 = ORIENTED_EDGE ( 'NONE', *, *, #1542, .F. ) ;
#6984 = UNCERTAINTY_MEASURE_WITH_UNIT (LENGTH_MEASURE( 1.000000000000000082E-05 ), #3791, 'distance_accuracy_value', 'NONE');
#6985 = CARTESIAN_POINT ( 'NONE',  ( 0.2069401720423963420, -0.5024883817759747684, 0.000000000000000000 ) ) ;
#6986 = DIRECTION ( 'NONE',  ( 0.000000000000000000, -1.000000000000000000, 0.000000000000000000 ) ) ;
#6987 = STYLED_ITEM ( 'NONE', ( #2326 ), #6286 ) ;
#6988 = LINE ( 'NONE', #6361, #4192 ) ;
#6989 = CARTESIAN_POINT ( 'NONE',  ( 0.6600000000000001421, 0.004999999999999159631, -0.01000000000000000021 ) ) ;
#6990 =( LENGTH_UNIT ( ) NAMED_UNIT ( * ) SI_UNIT ( .MILLI., .METRE. ) );
#6991 = SURFACE_STYLE_USAGE ( .BOTH. , #4770 ) ;
#6992 = LINE ( 'NONE', #4706, #4934 ) ;
#6993 = VECTOR ( 'NONE', #2433, 1000.000000000000000 ) ;
#6994 = LINE ( 'NONE', #6793, #3482 ) ;
#6995 = LINE ( 'NONE', #5316, #4078 ) ;
#6996 =( NAMED_UNIT ( * ) SI_UNIT ( $, .STERADIAN. ) SOLID_ANGLE_UNIT ( ) );
#6997 = DIRECTION ( 'NONE',  ( 0.000000000000000000, 0.000000000000000000, -1.000000000000000000 ) ) ;
#6998 = DIRECTION ( 'NONE',  ( 0.000000000000000000, -1.000000000000000000, 0.000000000000000000 ) ) ;
#6999 = CIRCLE ( 'NONE', #2467, 0.1199999999999999956 ) ;
#7000 = LINE ( 'NONE', #4923, #4111 ) ;
#7001 =( NAMED_UNIT ( * ) SI_UNIT ( $, .STERADIAN. ) SOLID_ANGLE_UNIT ( ) );
#7002 = EDGE_LOOP ( 'NONE', ( #1016, #3144, #58, #5894, #3795, #4835, #5142, #294, #4203, #6775 ) ) ;
#7003 = B_SPLINE_CURVE_WITH_KNOTS ( 'NONE', 3,
 ( #6431, #5987, #5447, #5956, #295, #3648, #4277 ),
 .UNSPECIFIED., .F., .F.,
 ( 4, 1, 1, 1, 4 ),
 ( 0.000000000000000000, 0.3005411131585124518, 0.5677471464835970316, 0.8000336137369759015, 0.9999999999999998890 ),
 .UNSPECIFIED. ) ;
#7004 = AXIS2_PLACEMENT_3D ( 'NONE', #2735, #4580, #75 ) ;
#7005 = ORIENTED_EDGE ( 'NONE', *, *, #4005, .F. ) ;
#7006 = LINE ( 'NONE', #2709, #3616 ) ;
#7007 =( NAMED_UNIT ( * ) PLANE_ANGLE_UNIT ( ) SI_UNIT ( $, .RADIAN. ) );
#7008 = LINE ( 'NONE', #6500, #4907 ) ;
#7009 = ORIENTED_EDGE ( 'NONE', *, *, #3186, .F. ) ;
#7010 = CARTESIAN_POINT ( 'NONE',  ( 0.07948696639419673693, -0.5861995993702721064, 0.001000000000000000021 ) ) ;
#7011 = VERTEX_POINT ( 'NONE', #4099 ) ;
#7012 = CARTESIAN_POINT ( 'NONE',  ( 0.1905641450408090132, -0.5397549380783919215, 0.001000000000000000021 ) ) ;
#7013 =( LENGTH_UNIT ( ) NAMED_UNIT ( * ) SI_UNIT ( .MILLI., .METRE. ) );
#7014 = DIRECTION ( 'NONE',  ( 0.000000000000000000, -1.000000000000000000, 0.000000000000000000 ) ) ;
#7015 = ADVANCED_FACE ( 'NONE', ( #2920 ), #5063, .F. ) ;
#7016 = LINE ( 'NONE', #5379, #3143 ) ;
#7017 = DIRECTION ( 'NONE',  ( -0.000000000000000000, 1.000000000000000000, 0.000000000000000000 ) ) ;
#7018 = CARTESIAN_POINT ( 'NONE',  ( 0.1771659111227881778, -0.5295847773363554500, 0.001000000000000000021 ) ) ;
#7019 = ORIENTED_EDGE ( 'NONE', *, *, #1628, .T. ) ;
#7020 =( NAMED_UNIT ( * ) PLANE_ANGLE_UNIT ( ) SI_UNIT ( $, .RADIAN. ) );
#7021 = VECTOR ( 'NONE', #6043, 1000.000000000000000 ) ;
#7022 = PLANE ( 'NONE',  #6143 ) ;
#7023 = EDGE_CURVE ( 'NONE', #4781, #4517, #6892, .T. ) ;
#7024 = CARTESIAN_POINT ( 'NONE',  ( 0.2211040578713036608, -0.4977071096869619127, 0.000000000000000000 ) ) ;
#7025 =( GEOMETRIC_REPRESENTATION_CONTEXT ( 3 ) GLOBAL_UNCERTAINTY_ASSIGNED_CONTEXT ( ( #2163 ) ) GLOBAL_UNIT_ASSIGNED_CONTEXT ( ( #6092, #2777, #6572 ) ) REPRESENTATION_CONTEXT ( 'NONE', 'WORKASPACE' ) );
#7026 = DIRECTION ( 'NONE',  ( 0.000000000000000000, -0.000000000000000000, 1.000000000000000000 ) ) ;
#7027 = DIRECTION ( 'NONE',  ( -1.000000000000000000, 0.000000000000000000, 0.000000000000000000 ) ) ;
#7028 = CARTESIAN_POINT ( 'NONE',  ( 0.09412111273566012293, -0.5861995993702721064, 0.001000000000000000021 ) ) ;
#7029 =( NAMED_UNIT ( * ) PLANE_ANGLE_UNIT ( ) SI_UNIT ( $, .RADIAN. ) );
#7030 = DIRECTION ( 'NONE',  ( 0.000000000000000000, 1.000000000000000000, 0.000000000000000000 ) ) ;
#7031 = DIRECTION ( 'NONE',  ( 0.000000000000000000, -0.000000000000000000, 1.000000000000000000 ) ) ;
#7032 = MECHANICAL_DESIGN_GEOMETRIC_PRESENTATION_REPRESENTATION (  '', ( #4351 ), #601 ) ;
#7033 = ADVANCED_FACE ( 'NONE', ( #1814 ), #4991, .T. ) ;
#7034 = UNCERTAINTY_MEASURE_WITH_UNIT (LENGTH_MEASURE( 1.000000000000000082E-05 ), #1381, 'distance_accuracy_value', 'NONE');
#7035 = CARTESIAN_POINT ( 'NONE',  ( 0.1267796897059235706, -0.5039658851669900352, 0.001000000000000000021 ) ) ;
#7036 = DIRECTION ( 'NONE',  ( 1.000000000000000000, 0.000000000000000000, 0.000000000000000000 ) ) ;
#7037 = CARTESIAN_POINT ( 'NONE',  ( 0.4226909316292755681, -0.5214857506460300884, 0.000000000000000000 ) ) ;
#7038 = DIRECTION ( 'NONE',  ( 0.000000000000000000, -1.000000000000000000, 0.000000000000000000 ) ) ;
#7039 = LINE ( 'NONE', #1450, #4189 ) ;
#7040 =( NAMED_UNIT ( * ) SI_UNIT ( $, .STERADIAN. ) SOLID_ANGLE_UNIT ( ) );
#7041 = ORIENTED_EDGE ( 'NONE', *, *, #5933, .T. ) ;
#7042 = FILL_AREA_STYLE_COLOUR ( '', #3433 ) ;
#7043 = CARTESIAN_POINT ( 'NONE',  ( 0.1778910721471239076, -0.5459362768067417271, 0.001000000000000000021 ) ) ;
#7044 = CARTESIAN_POINT ( 'NONE',  ( 0.000000000000000000, -0.6250000000000001110, 0.000000000000000000 ) ) ;
#7045 = EDGE_CURVE ( 'NONE', #3722, #1290, #5361, .T. ) ;
#7046 = EDGE_CURVE ( 'NONE', #2112, #1936, #2604, .T. ) ;
#7047 = DIRECTION ( 'NONE',  ( 0.000000000000000000, 1.000000000000000000, 0.000000000000000000 ) ) ;
#7048 = ORIENTED_EDGE ( 'NONE', *, *, #4871, .F. ) ;
#7049 = CARTESIAN_POINT ( 'NONE',  ( 0.1790452873080974061, -0.5195293014329481762, 0.000000000000000000 ) ) ;
#7050 = VECTOR ( 'NONE', #2239, 1000.000000000000000 ) ;
#7051 = VERTEX_POINT ( 'NONE', #2490 ) ;
#7052 = FILL_AREA_STYLE ('',( #4658 ) ) ;
#7053 = ORIENTED_EDGE ( 'NONE', *, *, #872, .F. ) ;
#7054 = CARTESIAN_POINT ( 'NONE',  ( 0.4057743215371354406, -0.5601302578776834462, 0.001000000000000000021 ) ) ;
#7055 = CARTESIAN_POINT ( 'NONE',  ( 0.3777339176137089471, -0.5874191115653940587, 0.000000000000000000 ) ) ;
#7056 = CARTESIAN_POINT ( 'NONE',  ( 0.1919054542627673943, -0.4993728881301389699, -2.117582368135750848E-19 ) ) ;
#7057 = ORIENTED_EDGE ( 'NONE', *, *, #4341, .T. ) ;
#7058 = CARTESIAN_POINT ( 'NONE',  ( 0.000000000000000000, 0.000000000000000000, 0.9799999999999999822 ) ) ;
#7059 = CARTESIAN_POINT ( 'NONE',  ( 0.2274782860851227440, -0.4862405485655302839, 0.001000000000000000021 ) ) ;
#7060 = UNCERTAINTY_MEASURE_WITH_UNIT (LENGTH_MEASURE( 1.000000000000000082E-05 ), #110, 'distance_accuracy_value', 'NONE');
#7061 = FACE_OUTER_BOUND ( 'NONE', #3711, .T. ) ;
#7062 = FILL_AREA_STYLE_COLOUR ( '', #6759 ) ;
#7063 = DIRECTION ( 'NONE',  ( -0.000000000000000000, 0.000000000000000000, -1.000000000000000000 ) ) ;
#7064 = DIRECTION ( 'NONE',  ( -0.000000000000000000, -0.000000000000000000, -1.000000000000000000 ) ) ;
#7065 = EDGE_CURVE ( 'NONE', #2347, #1971, #3097, .T. ) ;
#7066 = PRESENTATION_STYLE_ASSIGNMENT (( #3663 ) ) ;
#7067 = FILL_AREA_STYLE ('',( #5351 ) ) ;
#7068 = B_SPLINE_CURVE_WITH_KNOTS ( 'NONE', 3,
 ( #2945, #2906, #6359, #1318, #123, #5165, #3581, #1355, #666, #778, #810, #2376, #1803, #3054, #4662, #162, #1284, #3548, #1842 ),
 .UNSPECIFIED., .F., .F.,
 ( 4, 1, 1, 1, 1, 1, 1, 1, 1, 1, 1, 1, 1, 1, 1, 1, 4 ),
 ( 0.000000000000000000, 0.07430379644281456808, 0.1443936103644170854, 0.2104994961032789491, 0.2735426065034672893, 0.3338247445790724077, 0.3925296724085032829, 0.4500874545995854348, 0.5078206115557873934, 0.5654649127768468508, 0.6231487223336193981, 0.6812971927909354797, 0.7409134981565809186, 0.8018557521958581402, 0.8652412377209434124, 0.9309416570467442531, 1.000000000000000000 ),
 .UNSPECIFIED. ) ;
#7069 = SURFACE_STYLE_FILL_AREA ( #3278 ) ;
#7070 = DIRECTION ( 'NONE',  ( -0.000000000000000000, -0.000000000000000000, -1.000000000000000000 ) ) ;
#7071 = CARTESIAN_POINT ( 'NONE',  ( 0.1256569359063918478, -0.4983947213214915406, 0.000000000000000000 ) ) ;
#7072 = SURFACE_STYLE_USAGE ( .BOTH. , #5974 ) ;
#7073 = CARTESIAN_POINT ( 'NONE',  ( 0.3737514481015138945, -0.4849800871751501208, 0.000000000000000000 ) ) ;
#7074 = DIRECTION ( 'NONE',  ( 1.000000000000000000, 0.000000000000000000, 0.000000000000000000 ) ) ;
#7075 = LINE ( 'NONE', #422, #5762 ) ;
#7076 = CARTESIAN_POINT ( 'NONE',  ( 0.2441211127356601451, -0.4971752091263696438, 0.001000000000000000021 ) ) ;
#7077 = FACE_OUTER_BOUND ( 'NONE', #215, .T. ) ;
#7078 = CIRCLE ( 'NONE', #5321, 0.1199999999999999956 ) ;
#7079 = VECTOR ( 'NONE', #3917, 1000.000000000000000 ) ;
#7080 = CARTESIAN_POINT ( 'NONE',  ( -0.7800000000000010258, -0.3750000000000001110, 0.1000000000000000056 ) ) ;
#7081 = COLOUR_RGB ( '',1.000000000000000000, 1.000000000000000000, 1.000000000000000000 ) ;
#7082 =( NAMED_UNIT ( * ) PLANE_ANGLE_UNIT ( ) SI_UNIT ( $, .RADIAN. ) );
#7083 = FILL_AREA_STYLE ('',( #1497 ) ) ;
#7084 = MECHANICAL_DESIGN_GEOMETRIC_PRESENTATION_REPRESENTATION (  '', ( #4511 ), #4064 ) ;
#7085 = VERTEX_POINT ( 'NONE', #4712 ) ;
#7086 = FACE_OUTER_BOUND ( 'NONE', #1697, .T. ) ;
#7087 = ORIENTED_EDGE ( 'NONE', *, *, #5436, .F. ) ;
#7088 = EDGE_LOOP ( 'NONE', ( #7228, #5512, #4200, #4191, #5059, #3180 ) ) ;
#7089 = VECTOR ( 'NONE', #987, 1000.000000000000000 ) ;
#7090 = FACE_OUTER_BOUND ( 'NONE', #3957, .T. ) ;
#7091 = COLOUR_RGB ( '',0.000000000000000000, 0.000000000000000000, 0.000000000000000000 ) ;
#7092 = UNCERTAINTY_MEASURE_WITH_UNIT (LENGTH_MEASURE( 1.000000000000000082E-05 ), #5397, 'distance_accuracy_value', 'NONE');
#7093 = ORIENTED_EDGE ( 'NONE', *, *, #2401, .T. ) ;
#7094 = FILL_AREA_STYLE_COLOUR ( '', #3619 ) ;
#7095 = STYLED_ITEM ( 'NONE', ( #1465 ), #5798 ) ;
#7096 = CARTESIAN_POINT ( 'NONE',  ( 0.3698600106895326145, -0.5870549659094935757, 0.000000000000000000 ) ) ;
#7097 = PRESENTATION_LAYER_ASSIGNMENT (  '', '', ( #2103 ) ) ;
#7098 = ORIENTED_EDGE ( 'NONE', *, *, #2212, .T. ) ;
#7099 = SURFACE_STYLE_USAGE ( .BOTH. , #988 ) ;
#7100 = COLOUR_RGB ( '',1.000000000000000000, 1.000000000000000000, 1.000000000000000000 ) ;
#7101 = LINE ( 'NONE', #4363, #1512 ) ;
#7102 = EDGE_CURVE ( 'NONE', #5342, #1978, #2564, .T. ) ;
#7103 = CARTESIAN_POINT ( 'NONE',  ( 0.4709503810283431346, -0.4861995993702720176, 0.001000000000000000021 ) ) ;
#7104 = CARTESIAN_POINT ( 'NONE',  ( -1.000000000000000000, -0.3750000000000001110, 0.1000000000000000056 ) ) ;
#7105 = CARTESIAN_POINT ( 'NONE',  ( 0.1550967224917576825, -0.5861995993702721064, 0.000000000000000000 ) ) ;
#7106 = STYLED_ITEM ( 'NONE', ( #708 ), #1418 ) ;
#7107 = FILL_AREA_STYLE_COLOUR ( '', #884 ) ;
#7108 = COLOUR_RGB ( '',1.000000000000000000, 1.000000000000000000, 1.000000000000000000 ) ;
#7109 =( NAMED_UNIT ( * ) SI_UNIT ( $, .STERADIAN. ) SOLID_ANGLE_UNIT ( ) );
#7110 = PRESENTATION_LAYER_ASSIGNMENT (  '', '', ( #2698 ) ) ;
#7111 = CARTESIAN_POINT ( 'NONE',  ( 0.4244801290382034797, -0.5323328460292630071, 0.001000000000000000021 ) ) ;
#7112 = SURFACE_STYLE_FILL_AREA ( #5674 ) ;
#7113 = CARTESIAN_POINT ( 'NONE',  ( 0.3737514481015138945, -0.4849800871751501208, 0.000000000000000000 ) ) ;
#7114 = PRESENTATION_LAYER_ASSIGNMENT (  '', '', ( #2579 ) ) ;
#7115 = DIRECTION ( 'NONE',  ( -1.000000000000000000, 0.000000000000000000, 0.000000000000000000 ) ) ;
#7116 = EDGE_LOOP ( 'NONE', ( #905, #1498, #154, #1624 ) ) ;
#7117 = CARTESIAN_POINT ( 'NONE',  ( 0.1827667265525063645, -0.5604326261197909442, 0.001000000000000000021 ) ) ;
#7118 = CARTESIAN_POINT ( 'NONE',  ( 0.3172918444429772555, -0.5301020383946623005, 0.001000000000000000021 ) ) ;
#7119 =( GEOMETRIC_REPRESENTATION_CONTEXT ( 3 ) GLOBAL_UNCERTAINTY_ASSIGNED_CONTEXT ( ( #6745 ) ) GLOBAL_UNIT_ASSIGNED_CONTEXT ( ( #2025, #1457, #2650 ) ) REPRESENTATION_CONTEXT ( 'NONE', 'WORKASPACE' ) );
#7120 = CARTESIAN_POINT ( 'NONE',  ( 0.1239143483699504389, -0.5050079329981318477, 0.001000000000000000021 ) ) ;
#7121 = ORIENTED_EDGE ( 'NONE', *, *, #6164, .T. ) ;
#7122 = CARTESIAN_POINT ( 'NONE',  ( 0.3828645832353611000, -0.5873046829403482105, 0.001000000000000000021 ) ) ;
#7123 = ORIENTED_EDGE ( 'NONE', *, *, #654, .F. ) ;
#7124 = FACE_OUTER_BOUND ( 'NONE', #43, .T. ) ;
#7125 = PRESENTATION_LAYER_ASSIGNMENT (  '', '', ( #5144 ) ) ;
#7126 = EDGE_CURVE ( 'NONE', #2426, #7051, #6931, .T. ) ;
#7127 = ORIENTED_EDGE ( 'NONE', *, *, #4348, .T. ) ;
#7128 = CARTESIAN_POINT ( 'NONE',  ( 0.2575357468820015927, -0.5861995993702721064, 0.001000000000000000021 ) ) ;
#7129 = EDGE_LOOP ( 'NONE', ( #4646, #5777, #3972, #2606, #472, #1044, #7219, #2249, #2287, #1758, #3998, #4494, #4485, #5455, #5208, #3266, #6430, #338, #4011, #5248, #6370, #7202, #3760, #2817, #2046, #3503, #5846, #6688, #210, #2870, #3330, #4514, #3430, #4204, #2279, #3, #5884, #5266, #5346, #5113, #4703, #6505, #1993, #1799, #6780, #135, #5833, #6320, #1899, #3602, #1303, #6902, #3715, #4322, #2304, #3940, #6676 ) ) ;
#7130 = CARTESIAN_POINT ( 'NONE',  ( 0.2449999999999999956, -0.3399999999999997469, 0.000000000000000000 ) ) ;
#7131 = LINE ( 'NONE', #915, #6135 ) ;
#7132 =( GEOMETRIC_REPRESENTATION_CONTEXT ( 3 ) GLOBAL_UNCERTAINTY_ASSIGNED_CONTEXT ( ( #6972 ) ) GLOBAL_UNIT_ASSIGNED_CONTEXT ( ( #6082, #492, #6638 ) ) REPRESENTATION_CONTEXT ( 'NONE', 'WORKASPACE' ) );
#7133 = FACE_OUTER_BOUND ( 'NONE', #4592, .T. ) ;
#7134 = DIRECTION ( 'NONE',  ( 1.445602896647339163E-16, -1.000000000000000000, 0.000000000000000000 ) ) ;
#7135 = EDGE_CURVE ( 'NONE', #5530, #2347, #2057, .T. ) ;
#7136 = CARTESIAN_POINT ( 'NONE',  ( 0.4709503810283431346, -0.4861995993702720176, 0.001000000000000000021 ) ) ;
#7137 = COLOUR_RGB ( '',1.000000000000000000, 1.000000000000000000, 1.000000000000000000 ) ;
#7138 = PRESENTATION_STYLE_ASSIGNMENT (( #1138 ) ) ;
#7139 = ORIENTED_EDGE ( 'NONE', *, *, #774, .F. ) ;
#7140 =( NAMED_UNIT ( * ) SI_UNIT ( $, .STERADIAN. ) SOLID_ANGLE_UNIT ( ) );
#7141 = CARTESIAN_POINT ( 'NONE',  ( 0.7800000000000009148, -0.6250000000000001110, -0.01000000000000000021 ) ) ;
#7142 = FILL_AREA_STYLE ('',( #3241 ) ) ;
#7143 = CARTESIAN_POINT ( 'NONE',  ( 0.3939533823349847808, -0.4885304565887013672, 0.000000000000000000 ) ) ;
#7144 =( NAMED_UNIT ( * ) SI_UNIT ( $, .STERADIAN. ) SOLID_ANGLE_UNIT ( ) );
#7145 = LINE ( 'NONE', #6591, #741 ) ;
#7146 = CARTESIAN_POINT ( 'NONE',  ( -1.000000000000000000, -0.3750000000000001110, 0.9799999999999999822 ) ) ;
#7147 = EDGE_CURVE ( 'NONE', #4613, #4130, #4160, .T. ) ;
#7148 =( NAMED_UNIT ( * ) PLANE_ANGLE_UNIT ( ) SI_UNIT ( $, .RADIAN. ) );
#7149 = DIRECTION ( 'NONE',  ( 1.000000000000000000, 0.000000000000000000, 0.000000000000000000 ) ) ;
#7150 = EDGE_CURVE ( 'NONE', #5148, #1454, #3173, .T. ) ;
#7151 = ORIENTED_EDGE ( 'NONE', *, *, #989, .T. ) ;
#7152 = FILL_AREA_STYLE_COLOUR ( '', #3176 ) ;
#7153 = PRESENTATION_LAYER_ASSIGNMENT (  '', '', ( #4362 ) ) ;
#7154 = CARTESIAN_POINT ( 'NONE',  ( 0.4331455029795626133, -0.5752239896141745357, 0.000000000000000000 ) ) ;
#7155 = ORIENTED_EDGE ( 'NONE', *, *, #3469, .F. ) ;
#7156 = DIRECTION ( 'NONE',  ( 0.000000000000000000, -1.000000000000000000, -0.000000000000000000 ) ) ;
#7157 =( NAMED_UNIT ( * ) SI_UNIT ( $, .STERADIAN. ) SOLID_ANGLE_UNIT ( ) );
#7158 = ORIENTED_EDGE ( 'NONE', *, *, #3601, .F. ) ;
#7159 = CARTESIAN_POINT ( 'NONE',  ( 0.4136718725746709180, -0.5032948326515900295, 0.001000000000000000021 ) ) ;
#7160 = CARTESIAN_POINT ( 'NONE',  ( -0.8821554098972228530, 0.6011454912595581845, 0.9699999999999999734 ) ) ;
#7161 =( NAMED_UNIT ( * ) SI_UNIT ( $, .STERADIAN. ) SOLID_ANGLE_UNIT ( ) );
#7162 = FILL_AREA_STYLE ('',( #5463 ) ) ;
#7163 = CARTESIAN_POINT ( 'NONE',  ( 0.1087362041990747596, -0.5471752091263696327, 0.001000000000000000021 ) ) ;
#7164 = CARTESIAN_POINT ( 'NONE',  ( 0.3307064785893187309, -0.5861995993702721064, 0.000000000000000000 ) ) ;
#7165 = B_SPLINE_CURVE_WITH_KNOTS ( 'NONE', 3,
 ( #4573, #6794, #4071, #1984, #6935, #2570, #5329, #4202, #5883, #3212, #5949 ),
 .UNSPECIFIED., .F., .F.,
 ( 4, 1, 1, 1, 1, 1, 1, 1, 4 ),
 ( 0.000000000000000000, 0.1352946047634294158, 0.2667656579247479898, 0.3948160188358709188, 0.5200516544342468350, 0.6421757029708224929, 0.7626518205584242871, 0.8818340043805030781, 1.000000000000000000 ),
 .UNSPECIFIED. ) ;
#7166 = CARTESIAN_POINT ( 'NONE',  ( 0.1944703804864312546, -0.5556183232082199108, 0.000000000000000000 ) ) ;
#7167 = DIRECTION ( 'NONE',  ( -1.000000000000000000, -0.000000000000000000, -0.000000000000000000 ) ) ;
#7168 = CARTESIAN_POINT ( 'NONE',  ( 0.4026356039356868699, -0.4931252571186743872, 0.001000000000000000021 ) ) ;
#7169 = CARTESIAN_POINT ( 'NONE',  ( 0.1319259907844406166, -0.4861995993702720176, 0.000000000000000000 ) ) ;
#7170 = LINE ( 'NONE', #461, #553 ) ;
#7171 = EDGE_CURVE ( 'NONE', #7011, #4613, #1370, .T. ) ;
#7172 = ORIENTED_EDGE ( 'NONE', *, *, #2274, .F. ) ;
#7173 = FACE_BOUND ( 'NONE', #2761, .T. ) ;
#7174 = CARTESIAN_POINT ( 'NONE',  ( 0.3833744601349394210, -0.5758406365142872962, 0.001000000000000000021 ) ) ;
#7175 = UNCERTAINTY_MEASURE_WITH_UNIT (LENGTH_MEASURE( 1.000000000000000082E-05 ), #6969, 'distance_accuracy_value', 'NONE');
#7176 = LINE ( 'NONE', #7044, #69 ) ;
#7177 = LINE ( 'NONE', #2196, #2003 ) ;
#7178 = MECHANICAL_DESIGN_GEOMETRIC_PRESENTATION_REPRESENTATION (  '', ( #3477 ), #3112 ) ;
#7179 = CARTESIAN_POINT ( 'NONE',  ( -0.1250000000000000000, 0.7600000000000002309, 0.1000000000000000056 ) ) ;
#7180 = ORIENTED_EDGE ( 'NONE', *, *, #3422, .F. ) ;
#7181 = ADVANCED_FACE ( 'NONE', ( #3593 ), #5799, .T. ) ;
#7182 = CARTESIAN_POINT ( 'NONE',  ( 0.3920529923625599156, -0.5002560195266124721, 0.000000000000000000 ) ) ;
#7183 = VERTEX_POINT ( 'NONE', #3885 ) ;
#7184 = DIRECTION ( 'NONE',  ( 1.000000000000000000, 0.000000000000000000, -0.000000000000000000 ) ) ;
#7185 = FILL_AREA_STYLE_COLOUR ( '', #6622 ) ;
#7186 = COLOUR_RGB ( '',0.000000000000000000, 0.000000000000000000, 0.000000000000000000 ) ;
#7187 =( LENGTH_UNIT ( ) NAMED_UNIT ( * ) SI_UNIT ( .MILLI., .METRE. ) );
#7188 = MECHANICAL_DESIGN_GEOMETRIC_PRESENTATION_REPRESENTATION (  '', ( #3121 ), #4877 ) ;
#7189 =( LENGTH_UNIT ( ) NAMED_UNIT ( * ) SI_UNIT ( .MILLI., .METRE. ) );
#7190 = SURFACE_SIDE_STYLE ('',( #6579 ) ) ;
#7191 = PRESENTATION_LAYER_ASSIGNMENT (  '', '', ( #2317 ) ) ;
#7192 = VERTEX_POINT ( 'NONE', #6078 ) ;
#7193 = DIRECTION ( 'NONE',  ( 0.000000000000000000, 0.000000000000000000, -1.000000000000000000 ) ) ;
#7194 = PRESENTATION_LAYER_ASSIGNMENT (  '', '', ( #785 ) ) ;
#7195 = LINE ( 'NONE', #6723, #1964 ) ;
#7196 = VECTOR ( 'NONE', #2689, 1000.000000000000000 ) ;
#7197 = FILL_AREA_STYLE ('',( #5390 ) ) ;
#7198 = LINE ( 'NONE', #2215, #5355 ) ;
#7199 = DIRECTION ( 'NONE',  ( -1.000000000000000000, 0.000000000000000000, 0.000000000000000000 ) ) ;
#7200 = UNCERTAINTY_MEASURE_WITH_UNIT (LENGTH_MEASURE( 1.000000000000000082E-05 ), #319, 'distance_accuracy_value', 'NONE');
#7201 = CARTESIAN_POINT ( 'NONE',  ( -0.7800000000000000266, 0.3749999999999998890, 0.1000000000000000056 ) ) ;
#7202 = ORIENTED_EDGE ( 'NONE', *, *, #4871, .T. ) ;
#7203 = CARTESIAN_POINT ( 'NONE',  ( 0.3502186737112699677, -0.5700410627849062939, 0.001000000000000000021 ) ) ;
#7204 = LINE ( 'NONE', #6142, #1352 ) ;
#7205 =( GEOMETRIC_REPRESENTATION_CONTEXT ( 3 ) GLOBAL_UNCERTAINTY_ASSIGNED_CONTEXT ( ( #5747 ) ) GLOBAL_UNIT_ASSIGNED_CONTEXT ( ( #6309, #3670, #851 ) ) REPRESENTATION_CONTEXT ( 'NONE', 'WORKASPACE' ) );
#7206 = EDGE_CURVE ( 'NONE', #2881, #2849, #1069, .T. ) ;
#7207 = SURFACE_SIDE_STYLE ('',( #4921 ) ) ;
#7208 = VECTOR ( 'NONE', #1922, 1000.000000000000000 ) ;
#7209 = CARTESIAN_POINT ( 'NONE',  ( 0.3755575657984851490, -0.4850221096764953388, -0.000000000000000000 ) ) ;
#7210 = DIRECTION ( 'NONE',  ( 0.000000000000000000, -0.000000000000000000, 1.000000000000000000 ) ) ;
#7211 = PRESENTATION_LAYER_ASSIGNMENT (  '', '', ( #3979 ) ) ;
#7212 = EDGE_CURVE ( 'NONE', #4349, #584, #3207, .T. ) ;
#7213 = VECTOR ( 'NONE', #2329, 1000.000000000000000 ) ;
#7214 = CARTESIAN_POINT ( 'NONE',  ( 0.1884054875627858561, -0.5686321363318865840, 0.001000000000000000021 ) ) ;
#7215 = CARTESIAN_POINT ( 'NONE',  ( 0.2090093198767008220, -0.5827786810270670914, 0.001000000000000000021 ) ) ;
#7216 = LINE ( 'NONE', #4345, #700 ) ;
#7217 = CARTESIAN_POINT ( 'NONE',  ( 0.3502186737112699677, -0.5023581359556379411, 0.001000000000000000021 ) ) ;
#7218 = ADVANCED_FACE ( 'NONE', ( #4398 ), #2899, .T. ) ;
#7219 = ORIENTED_EDGE ( 'NONE', *, *, #3939, .F. ) ;
#7220 = CARTESIAN_POINT ( 'NONE',  ( 0.4149091045274900247, -0.5704203536367586924, 0.001000000000000000021 ) ) ;
#7221 = PRESENTATION_LAYER_ASSIGNMENT (  '', '', ( #5366 ) ) ;
#7222 = VECTOR ( 'NONE', #2135, 1000.000000000000000 ) ;
#7223 = PRESENTATION_STYLE_ASSIGNMENT (( #1787 ) ) ;
#7224 = CARTESIAN_POINT ( 'NONE',  ( -0.7800000000000010258, 0.1249999999999998890, 0.1000000000000000056 ) ) ;
#7225 =( LENGTH_UNIT ( ) NAMED_UNIT ( * ) SI_UNIT ( .MILLI., .METRE. ) );
#7226 = EDGE_LOOP ( 'NONE', ( #1910, #2613, #6946, #1848, #4843, #87, #6556, #2977, #5860, #4346, #5184, #4040, #4250, #5668, #223, #4541 ) ) ;
#7227 = STYLED_ITEM ( 'NONE', ( #1913 ), #6680 ) ;
#7228 = ORIENTED_EDGE ( 'NONE', *, *, #4373, .T. ) ;
ENDSEC;
END-ISO-10303-21;
