ERC report (2026-02-20T08:26:26+0100, Encoding UTF8)

***** Sheet /
[wire_dangling]: Wires not connected to anything
    ; error
    @(80.01 mm, 25.40 mm): Horizontal Wire, length 48.26 mm
    @(80.01 mm, 21.59 mm): Vertical Wire, length 3.81 mm
[wire_dangling]: Wires not connected to anything
    ; error
    @(29.21 mm, 78.74 mm): Horizontal Wire, length 58.42 mm
[wire_dangling]: Wires not connected to anything
    ; error
    @(29.21 mm, 81.28 mm): Horizontal Wire, length 58.42 mm
[wire_dangling]: Wires not connected to anything
    ; error
    @(29.21 mm, 83.82 mm): Horizontal Wire, length 58.42 mm
[power_pin_not_driven]: Input Power pin not driven by any Output Power pins
    ; error
    @(36.83 mm, 128.27 mm): Symbol #PWR01 Pin 1 [Power input, Line]
[pin_not_connected]: Pin not connected
    ; error
    @(152.40 mm, 64.77 mm): Hierarchical Sheet Pin PDSG
[power_pin_not_driven]: Input Power pin not driven by any Output Power pins
    ; error
    @(172.72 mm, 119.38 mm): Symbol #PWR019 Pin 1 [Power input, Line]
[power_pin_not_driven]: Input Power pin not driven by any Output Power pins
    ; error
    @(245.11 mm, 66.04 mm): Symbol #PWR031 Pin 1 [Power input, Line]
[power_pin_not_driven]: Input Power pin not driven by any Output Power pins
    ; error
    @(172.72 mm, 191.77 mm): Symbol #PWR020 Pin 1 [Power input, Line]
[power_pin_not_driven]: Input Power pin not driven by any Output Power pins
    ; error
    @(280.67 mm, 83.82 mm): Symbol #PWR033 Pin 1 [Power input, Line]
[wire_dangling]: Wires not connected to anything
    ; error
    @(285.75 mm, 80.01 mm): Vertical Wire, length 10.16 mm
    @(254.00 mm, 80.01 mm): Horizontal Wire, length 31.75 mm
[power_pin_not_driven]: Input Power pin not driven by any Output Power pins
    ; error
    @(290.83 mm, 78.74 mm): Symbol #PWR035 Pin 1 [Power input, Line]
[pin_not_connected]: Pin not connected
    ; error
    @(355.60 mm, 53.34 mm): Hierarchical Sheet Pin GND
[power_pin_not_driven]: Input Power pin not driven by any Output Power pins
    ; error
    @(60.96 mm, 364.49 mm): Symbol #PWR04 Pin 1 [Power input, Line]
[power_pin_not_driven]: Input Power pin not driven by any Output Power pins
    ; error
    @(87.63 mm, 359.41 mm): Symbol #PWR06 Pin 1 [Power input, Line]
[wire_dangling]: Wires not connected to anything
    ; error
    @(85.09 mm, 365.76 mm): Horizontal Wire, length 153.67 mm
[pin_not_driven]: Input pin not driven by any Output pins
    ; error
    @(377.19 mm, 113.03 mm): Symbol R12 Pin 2 [2, Input, Line]
[wire_dangling]: Wires not connected to anything
    ; error
    @(215.90 mm, 368.30 mm): Vertical Wire, length 12.70 mm
    @(182.88 mm, 381.00 mm): Vertical Wire, length 2.54 mm
[wire_dangling]: Wires not connected to anything
    ; error
    @(427.99 mm, 120.65 mm): Vertical Wire, length 13.97 mm
    @(427.99 mm, 114.30 mm): Vertical Wire, length 6.35 mm
[wire_dangling]: Wires not connected to anything
    ; error
    @(438.15 mm, 118.11 mm): Horizontal Wire, length 12.70 mm
    @(425.45 mm, 118.11 mm): Vertical Wire, length 13.97 mm
[power_pin_not_driven]: Input Power pin not driven by any Output Power pins
    ; error
    @(114.30 mm, 444.50 mm): Symbol #PWR08 Pin 1 [Power input, Line]
[power_pin_not_driven]: Input Power pin not driven by any Output Power pins
    ; error
    @(162.56 mm, 444.50 mm): Symbol #PWR017 Pin 1 [Power input, Line]
[power_pin_not_driven]: Input Power pin not driven by any Output Power pins
    ; error
    @(347.98 mm, 322.58 mm): Symbol #PWR041 Pin 1 [Power input, Line]
[power_pin_not_driven]: Input Power pin not driven by any Output Power pins
    ; error
    @(177.80 mm, 444.50 mm): Symbol #PWR021 Pin 1 [Power input, Line]
[wire_dangling]: Wires not connected to anything
    ; error
    @(508.00 mm, 35.56 mm): Horizontal Wire, length 5.08 mm
    @(508.00 mm, 36.83 mm): Vertical Wire, length 1.27 mm
[wire_dangling]: Wires not connected to anything
    ; error
    @(510.54 mm, 39.37 mm): Horizontal Wire, length 2.54 mm
    @(513.08 mm, 31.75 mm): Horizontal Wire, length 2.54 mm
[pin_not_connected]: Pin not connected
    ; error
    @(393.70 mm, 330.20 mm): Symbol C7 Pin 1 [1, Input, Line]
[pin_not_connected]: Pin not connected
    ; error
    @(393.70 mm, 340.36 mm): Symbol C7 Pin 2 [2, Input, Line]
[pin_not_driven]: Input pin not driven by any Output pins
    ; error
    @(411.48 mm, 332.74 mm): Symbol C9 Pin 1 [1, Input, Line]
[wire_dangling]: Wires not connected to anything
    ; error
    @(552.45 mm, 41.91 mm): Horizontal Wire, length 52.07 mm
[wire_dangling]: Wires not connected to anything
    ; error
    @(509.27 mm, 242.57 mm): Vertical Wire, length 2.54 mm
    @(519.43 mm, 245.11 mm): Horizontal Wire, length 10.16 mm
[pin_not_driven]: Input pin not driven by any Output pins
    ; error
    @(509.27 mm, 344.17 mm): Symbol R15 Pin 2 [2, Input, Line]
[pin_not_driven]: Input pin not driven by any Output pins
    ; error
    @(650.24 mm, 375.92 mm): Symbol R19 Pin 1 [1, Input, Line]
[pin_not_driven]: Input pin not driven by any Output pins
    ; error
    @(650.24 mm, 378.46 mm): Symbol R20 Pin 1 [1, Input, Line]
[pin_not_driven]: Input pin not driven by any Output pins
    ; error
    @(650.24 mm, 381.00 mm): Symbol R21 Pin 1 [1, Input, Line]
[pin_not_driven]: Input pin not driven by any Output pins
    ; error
    @(650.24 mm, 388.62 mm): Symbol R24 Pin 1 [1, Input, Line]
[pin_not_driven]: Input pin not driven by any Output pins
    ; error
    @(650.24 mm, 391.16 mm): Symbol R25 Pin 1 [1, Input, Line]
[pin_not_driven]: Input pin not driven by any Output pins
    ; error
    @(650.24 mm, 396.24 mm): Symbol R27 Pin 1 [1, Input, Line]
[pin_not_driven]: Input pin not driven by any Output pins
    ; error
    @(650.24 mm, 398.78 mm): Symbol R28 Pin 1 [1, Input, Line]
[pin_not_driven]: Input pin not driven by any Output pins
    ; error
    @(650.24 mm, 401.32 mm): Symbol R29 Pin 1 [1, Input, Line]
[pin_not_driven]: Input pin not driven by any Output pins
    ; error
    @(650.24 mm, 403.86 mm): Symbol R30 Pin 1 [1, Input, Line]
[pin_not_driven]: Input pin not driven by any Output pins
    ; error
    @(650.24 mm, 406.40 mm): Symbol R31 Pin 1 [1, Input, Line]
[pin_not_driven]: Input pin not driven by any Output pins
    ; error
    @(650.24 mm, 408.94 mm): Symbol R32 Pin 1 [1, Input, Line]
[pin_not_driven]: Input pin not driven by any Output pins
    ; error
    @(650.24 mm, 411.48 mm): Symbol R33 Pin 1 [1, Input, Line]
[pin_not_driven]: Input pin not driven by any Output pins
    ; error
    @(650.24 mm, 414.02 mm): Symbol R34 Pin 1 [1, Input, Line]
[pin_not_driven]: Input pin not driven by any Output pins
    ; error
    @(651.51 mm, 448.31 mm): Symbol R193 Pin 1 [1, Input, Line]
[pin_not_driven]: Input pin not driven by any Output pins
    ; error
    @(651.51 mm, 450.85 mm): Symbol R194 Pin 1 [1, Input, Line]
[pin_not_driven]: Input pin not driven by any Output pins
    ; error
    @(651.51 mm, 453.39 mm): Symbol R195 Pin 1 [1, Input, Line]
[pin_not_driven]: Input pin not driven by any Output pins
    ; error
    @(651.51 mm, 455.93 mm): Symbol R196 Pin 1 [1, Input, Line]
[pin_not_driven]: Input pin not driven by any Output pins
    ; error
    @(651.51 mm, 458.47 mm): Symbol R197 Pin 1 [1, Input, Line]
[pin_not_driven]: Input pin not driven by any Output pins
    ; error
    @(651.51 mm, 461.01 mm): Symbol R198 Pin 1 [1, Input, Line]
[pin_not_driven]: Input pin not driven by any Output pins
    ; error
    @(651.51 mm, 463.55 mm): Symbol R199 Pin 1 [1, Input, Line]
[pin_not_driven]: Input pin not driven by any Output pins
    ; error
    @(651.51 mm, 466.09 mm): Symbol R200 Pin 1 [1, Input, Line]
[wire_dangling]: Wires not connected to anything
    ; error
    @(708.66 mm, 381.00 mm): Vertical Wire, length 6.35 mm
    @(695.96 mm, 381.00 mm): Horizontal Wire, length 12.70 mm
[wire_dangling]: Wires not connected to anything
    ; error
    @(711.20 mm, 377.19 mm): Horizontal Wire, length 2.54 mm
    @(711.20 mm, 383.54 mm): Vertical Wire, length 6.35 mm
[pin_not_driven]: Input pin not driven by any Output pins
    ; error
    @(718.82 mm, 370.84 mm): Symbol R41 Pin 1 [1, Input, Line]
[pin_not_driven]: Input pin not driven by any Output pins
    ; error
    @(706.12 mm, 396.24 mm): Symbol R37 Pin 2 [2, Input, Line]
[pin_not_driven]: Input pin not driven by any Output pins
    ; error
    @(706.12 mm, 398.78 mm): Symbol R38 Pin 2 [2, Input, Line]
[pin_not_driven]: Input pin not driven by any Output pins
    ; error
    @(706.12 mm, 401.32 mm): Symbol R39 Pin 2 [2, Input, Line]
[pin_not_driven]: Input pin not driven by any Output pins
    ; error
    @(706.12 mm, 403.86 mm): Symbol R188 Pin 1 [1, Input, Line]
[pin_not_driven]: Input pin not driven by any Output pins
    ; error
    @(706.12 mm, 406.40 mm): Symbol R189 Pin 1 [1, Input, Line]
[pin_not_driven]: Input pin not driven by any Output pins
    ; error
    @(706.12 mm, 411.48 mm): Symbol R191 Pin 1 [1, Input, Line]
[pin_not_connected]: Pin not connected
    ; error
    @(767.08 mm, 311.15 mm): Hierarchical Sheet Pin SDI
[pin_not_connected]: Pin not connected
    ; error
    @(767.08 mm, 314.96 mm): Hierarchical Sheet Pin PWM
[wire_dangling]: Wires not connected to anything
    ; error
    @(697.23 mm, 453.39 mm): Horizontal Wire, length 12.70 mm
    @(709.93 mm, 453.39 mm): Vertical Wire, length 6.35 mm
[pin_not_connected]: Pin not connected
    ; error
    @(767.08 mm, 322.58 mm): Hierarchical Sheet Pin CS
[pin_not_connected]: Pin not connected
    ; error
    @(767.08 mm, 326.39 mm): Hierarchical Sheet Pin AN
[pin_not_connected]: Pin not connected
    ; error
    @(767.08 mm, 330.20 mm): Hierarchical Sheet Pin SCK
[pin_not_connected]: Pin not connected
    ; error
    @(767.08 mm, 334.01 mm): Hierarchical Sheet Pin SDO
[wire_dangling]: Wires not connected to anything
    ; error
    @(712.47 mm, 455.93 mm): Vertical Wire, length 6.35 mm
    @(697.23 mm, 455.93 mm): Horizontal Wire, length 15.24 mm
[pin_not_connected]: Pin not connected
    ; error
    @(789.94 mm, 309.88 mm): Hierarchical Sheet Pin RX
[pin_not_connected]: Pin not connected
    ; error
    @(789.94 mm, 313.69 mm): Hierarchical Sheet Pin TX
[pin_not_connected]: Pin not connected
    ; error
    @(789.94 mm, 336.55 mm): Hierarchical Sheet Pin RST
[wire_dangling]: Wires not connected to anything
    ; error
    @(60.96 mm, 59.69 mm): Horizontal Wire, length 43.18 mm
    @(231.14 mm, 59.69 mm): Horizontal Wire, length 127.00 mm
[wire_dangling]: Wires not connected to anything
    ; error
    @(31.75 mm, 102.87 mm): Horizontal Wire, length 52.07 mm
    @(83.82 mm, 54.61 mm): Vertical Wire, length 48.26 mm
[wire_dangling]: Wires not connected to anything
    ; error
    @(99.06 mm, 62.23 mm): Vertical Wire, length 46.99 mm
    @(231.14 mm, 62.23 mm): Horizontal Wire, length 132.08 mm
[wire_dangling]: Wires not connected to anything
    ; error
    @(88.90 mm, 109.22 mm): Vertical Wire, length 8.89 mm
    @(34.29 mm, 100.33 mm): Vertical Wire, length 45.72 mm
[label_dangling]: Label not connected to anything
    ; error
    @(129.54 mm, 90.17 mm): Label 'SCL_SLOW'
[label_dangling]: Label not connected to anything
    ; error
    @(129.54 mm, 92.71 mm): Label 'SDA_SLOW'
[wire_dangling]: Wires not connected to anything
    ; error
    @(193.04 mm, 90.17 mm): Horizontal Wire, length 38.10 mm
    @(149.86 mm, 90.17 mm): Horizontal Wire, length 43.18 mm
[wire_dangling]: Wires not connected to anything
    ; error
    @(193.04 mm, 128.27 mm): Vertical Wire, length 6.35 mm
[wire_dangling]: Wires not connected to anything
    ; error
    @(204.47 mm, 111.76 mm): Vertical Wire, length 19.05 mm
    @(149.86 mm, 92.71 mm): Horizontal Wire, length 54.61 mm
[wire_dangling]: Wires not connected to anything
    ; error
    @(204.47 mm, 128.27 mm): Vertical Wire, length 6.35 mm
[wire_dangling]: Wires not connected to anything
    ; error
    @(231.14 mm, 69.85 mm): Horizontal Wire, length 15.24 mm
[wire_dangling]: Wires not connected to anything
    ; error
    @(228.60 mm, 123.19 mm): Vertical Wire, length 17.78 mm
    @(228.60 mm, 105.41 mm): Horizontal Wire, length 2.54 mm
[wire_dangling]: Wires not connected to anything
    ; error
    @(289.56 mm, 31.75 mm): Horizontal Wire, length 8.89 mm
    @(29.21 mm, 31.75 mm): Horizontal Wire, length 49.53 mm
[wire_dangling]: Wires not connected to anything
    ; error
    @(281.94 mm, 77.47 mm): Horizontal Wire, length 34.29 mm
[wire_dangling]: Wires not connected to anything
    ; error
    @(298.45 mm, 48.26 mm): Vertical Wire, length 3.81 mm
    @(284.48 mm, 59.69 mm): Vertical Wire, length 11.43 mm
[wire_dangling]: Wires not connected to anything
    ; error
    @(309.88 mm, 46.99 mm): Horizontal Wire, length 15.24 mm
    @(309.88 mm, 44.45 mm): Vertical Wire, length 2.54 mm
[wire_dangling]: Wires not connected to anything
    ; error
    @(309.88 mm, 80.01 mm): Vertical Wire, length 20.32 mm
    @(309.88 mm, 80.01 mm): Horizontal Wire, length 27.94 mm
[wire_dangling]: Wires not connected to anything
    ; error
    @(60.96 mm, 78.74 mm): Horizontal Wire, length 17.78 mm
    @(60.96 mm, 91.44 mm): Vertical Wire, length 12.70 mm
[wire_dangling]: Wires not connected to anything
    ; error
    @(149.86 mm, 95.25 mm): Horizontal Wire, length 5.08 mm
    @(210.82 mm, 90.17 mm): Vertical Wire, length 1.27 mm
[wire_dangling]: Wires not connected to anything
    ; error
    @(177.80 mm, 80.01 mm): Vertical Wire, length 17.78 mm
    @(177.80 mm, 97.79 mm): Horizontal Wire, length 2.54 mm
[wire_dangling]: Wires not connected to anything
    ; error
    @(149.86 mm, 95.25 mm): Horizontal Wire, length 5.08 mm
    @(210.82 mm, 90.17 mm): Vertical Wire, length 1.27 mm
[wire_dangling]: Wires not connected to anything
    ; error
    @(177.80 mm, 80.01 mm): Vertical Wire, length 17.78 mm
    @(177.80 mm, 97.79 mm): Horizontal Wire, length 2.54 mm
[wire_dangling]: Wires not connected to anything
    ; error
    @(157.48 mm, 147.32 mm): Horizontal Wire, length 8.89 mm
    @(157.48 mm, 107.95 mm): Vertical Wire, length 27.94 mm
[wire_dangling]: Wires not connected to anything
    ; error
    @(213.36 mm, 31.75 mm): Horizontal Wire, length 5.08 mm
[wire_dangling]: Wires not connected to anything
    ; error
    @(213.36 mm, 44.45 mm): Horizontal Wire, length 5.08 mm
[wire_dangling]: Wires not connected to anything
    ; error
    @(176.53 mm, 135.89 mm): Horizontal Wire, length 7.62 mm
    @(184.15 mm, 113.03 mm): Horizontal Wire, length 21.59 mm
[wire_dangling]: Wires not connected to anything
    ; error
    @(223.52 mm, 44.45 mm): Horizontal Wire, length 16.51 mm
[wire_dangling]: Wires not connected to anything
    ; error
    @(157.48 mm, 165.10 mm): Vertical Wire, length 1.27 mm
[wire_dangling]: Wires not connected to anything
    ; error
    @(240.03 mm, 31.75 mm): Horizontal Wire, length 16.51 mm
[wire_dangling]: Wires not connected to anything
    ; error
    @(184.15 mm, 166.37 mm): Vertical Wire, length 1.27 mm
[wire_dangling]: Wires not connected to anything
    ; error
    @(236.22 mm, 80.01 mm): Horizontal Wire, length 46.99 mm
[label_dangling]: Label not connected to anything
    ; error
    @(242.57 mm, 87.63 mm): Hierarchical Label 'PDSG'
[wire_dangling]: Wires not connected to anything
    ; error
    @(238.76 mm, 100.33 mm): Horizontal Wire, length 2.54 mm
    @(236.22 mm, 97.79 mm): Horizontal Wire, length 2.54 mm
[wire_dangling]: Wires not connected to anything
    ; error
    @(262.89 mm, 44.45 mm): Horizontal Wire, length 12.70 mm
    @(262.89 mm, 44.45 mm): Horizontal Wire, length 12.70 mm
[wire_dangling]: Wires not connected to anything
    ; error
    @(275.59 mm, 69.85 mm): Horizontal Wire, length 39.37 mm
    @(275.59 mm, 57.15 mm): Vertical Wire, length 12.70 mm
[wire_dangling]: Wires not connected to anything
    ; error
    @(273.05 mm, 82.55 mm): Horizontal Wire, length 36.83 mm
    @(273.05 mm, 82.55 mm): Vertical Wire, length 7.62 mm
[wire_dangling]: Wires not connected to anything
    ; error
    @(114.30 mm, 111.76 mm): Horizontal Wire, length 3.81 mm
    @(114.30 mm, 110.49 mm): Vertical Wire, length 1.27 mm
[wire_dangling]: Wires not connected to anything
    ; error
    @(133.35 mm, 109.22 mm): Horizontal Wire, length 3.81 mm
    @(114.30 mm, 97.79 mm): Horizontal Wire, length 3.81 mm
[wire_dangling]: Wires not connected to anything
    ; error
    @(154.915 mm, 80.01 mm): Vertical Wire, length 13.97 mm
    @(154.94 mm, 80.01 mm): Horizontal Wire, length 1.27 mm
[wire_dangling]: Wires not connected to anything
    ; error
    @(168.885 mm, 80.01 mm): Horizontal Wire, length 2.515 mm
    @(157.455 mm, 93.98 mm): Vertical Wire, length 3.81 mm
[wire_dangling]: Wires not connected to anything
    ; error
    @(152.40 mm, 132.08 mm): Vertical Wire, length 6.35 mm
    @(147.32 mm, 138.43 mm): Horizontal Wire, length 5.08 mm
[wire_dangling]: Wires not connected to anything
    ; error
    @(224.79 mm, 97.79 mm): Horizontal Wire, length 15.24 mm
    @(226.06 mm, 97.79 mm): Horizontal Wire, length 1.27 mm
[wire_dangling]: Wires not connected to anything
    ; error
    @(224.79 mm, 110.49 mm): Vertical Wire, length 1.27 mm
    @(226.06 mm, 111.76 mm): Horizontal Wire, length 1.27 mm
[wire_dangling]: Wires not connected to anything
    ; error
    @(69.85 mm, 127.00 mm): Vertical Wire, length 24.13 mm
    @(163.83 mm, 102.87 mm): Horizontal Wire, length 93.98 mm
[wire_dangling]: Wires not connected to anything
    ; error
    @(125.73 mm, 74.93 mm): Horizontal Wire, length 11.43 mm
    @(114.30 mm, 74.93 mm): Vertical Wire, length 1.27 mm
[wire_dangling]: Wires not connected to anything
    ; error
    @(66.04 mm, 139.70 mm): Horizontal Wire, length 3.81 mm
    @(73.66 mm, 139.70 mm): Horizontal Wire, length 3.81 mm
[wire_dangling]: Wires not connected to anything
    ; error
    @(163.83 mm, 92.71 mm): Horizontal Wire, length 34.29 mm
    @(114.30 mm, 62.23 mm): Vertical Wire, length 1.27 mm
[wire_dangling]: Wires not connected to anything
    ; error
    @(163.83 mm, 100.33 mm): Horizontal Wire, length 16.51 mm
    @(147.32 mm, 100.33 mm): Vertical Wire, length 19.05 mm
[wire_dangling]: Wires not connected to anything
    ; error
    @(160.02 mm, 119.38 mm): Vertical Wire, length 13.97 mm
    @(163.83 mm, 105.41 mm): Horizontal Wire, length 3.81 mm
[wire_dangling]: Wires not connected to anything
    ; error
    @(114.30 mm, 111.76 mm): Horizontal Wire, length 3.81 mm
    @(114.30 mm, 110.49 mm): Vertical Wire, length 1.27 mm
[wire_dangling]: Wires not connected to anything
    ; error
    @(133.35 mm, 109.22 mm): Horizontal Wire, length 3.81 mm
    @(114.30 mm, 97.79 mm): Horizontal Wire, length 3.81 mm
[wire_dangling]: Wires not connected to anything
    ; error
    @(154.915 mm, 80.01 mm): Vertical Wire, length 13.97 mm
    @(154.94 mm, 80.01 mm): Horizontal Wire, length 1.27 mm
[wire_dangling]: Wires not connected to anything
    ; error
    @(168.885 mm, 80.01 mm): Horizontal Wire, length 2.515 mm
    @(157.455 mm, 93.98 mm): Vertical Wire, length 3.81 mm
[wire_dangling]: Wires not connected to anything
    ; error
    @(152.40 mm, 132.08 mm): Vertical Wire, length 6.35 mm
    @(147.32 mm, 138.43 mm): Horizontal Wire, length 5.08 mm
[wire_dangling]: Wires not connected to anything
    ; error
    @(224.79 mm, 97.79 mm): Horizontal Wire, length 15.24 mm
    @(226.06 mm, 97.79 mm): Horizontal Wire, length 1.27 mm
[wire_dangling]: Wires not connected to anything
    ; error
    @(224.79 mm, 110.49 mm): Vertical Wire, length 1.27 mm
    @(226.06 mm, 111.76 mm): Horizontal Wire, length 1.27 mm
[wire_dangling]: Wires not connected to anything
    ; error
    @(116.84 mm, 92.71 mm): Horizontal Wire, length 8.89 mm
    @(116.84 mm, 92.71 mm): Vertical Wire, length 3.81 mm
[wire_dangling]: Wires not connected to anything
    ; error
    @(107.95 mm, 119.38 mm): Horizontal Wire, length 11.43 mm
    @(107.95 mm, 120.65 mm): Vertical Wire, length 1.27 mm
[wire_dangling]: Wires not connected to anything
    ; error
    @(123.19 mm, 119.38 mm): Vertical Wire, length 6.35 mm
    @(123.19 mm, 119.38 mm): Horizontal Wire, length 1.27 mm
[wire_dangling]: Wires not connected to anything
    ; error
    @(147.295 mm, 92.71 mm): Horizontal Wire, length 0.025 mm
    @(139.70 mm, 92.71 mm): Vertical Wire, length 10.16 mm
[wire_dangling]: Wires not connected to anything
    ; error
    @(96.52 mm, 148.59 mm): Vertical Wire, length 11.43 mm
[wire_dangling]: Wires not connected to anything
    ; error
    @(140.97 mm, 119.38 mm): Vertical Wire, length 6.35 mm
    @(142.24 mm, 119.38 mm): Horizontal Wire, length 1.27 mm
[wire_dangling]: Wires not connected to anything
    ; error
    @(165.10 mm, 92.71 mm): Horizontal Wire, length 7.62 mm
    @(203.20 mm, 88.90 mm): Vertical Wire, length 3.81 mm
[wire_dangling]: Wires not connected to anything
    ; error
    @(130.81 mm, 148.59 mm): Horizontal Wire, length 2.54 mm
[wire_dangling]: Wires not connected to anything
    ; error
    @(220.98 mm, 101.60 mm): Vertical Wire, length 3.81 mm
[wire_dangling]: Wires not connected to anything
    ; error
    @(146.05 mm, 204.47 mm): Horizontal Wire, length 6.35 mm
    @(146.05 mm, 218.44 mm): Vertical Wire, length 13.97 mm
[wire_dangling]: Wires not connected to anything
    ; error
    @(269.24 mm, 69.85 mm): Vertical Wire, length 6.35 mm
    @(269.24 mm, 76.20 mm): Horizontal Wire, length 12.70 mm
[wire_dangling]: Wires not connected to anything
    ; error
    @(274.32 mm, 64.77 mm): Horizontal Wire, length 5.08 mm
    @(279.40 mm, 64.77 mm): Horizontal Wire, length 12.70 mm
[wire_dangling]: Wires not connected to anything
    ; error
    @(151.13 mm, 241.30 mm): Horizontal Wire, length 6.35 mm
    @(157.48 mm, 241.30 mm): Vertical Wire, length 2.54 mm
[wire_dangling]: Wires not connected to anything
    ; error
    @(292.10 mm, 80.01 mm): Vertical Wire, length 3.81 mm
[wire_dangling]: Wires not connected to anything
    ; error
    @(287.02 mm, 148.59 mm): Vertical Wire, length 11.43 mm
[wire_dangling]: Wires not connected to anything
    ; error
    @(149.86 mm, 95.25 mm): Horizontal Wire, length 5.08 mm
    @(210.82 mm, 90.17 mm): Vertical Wire, length 1.27 mm
[wire_dangling]: Wires not connected to anything
    ; error
    @(177.80 mm, 80.01 mm): Vertical Wire, length 17.78 mm
    @(177.80 mm, 97.79 mm): Horizontal Wire, length 2.54 mm
[wire_dangling]: Wires not connected to anything
    ; error
    @(149.86 mm, 95.25 mm): Horizontal Wire, length 5.08 mm
    @(210.82 mm, 90.17 mm): Vertical Wire, length 1.27 mm
[wire_dangling]: Wires not connected to anything
    ; error
    @(177.80 mm, 80.01 mm): Vertical Wire, length 17.78 mm
    @(177.80 mm, 97.79 mm): Horizontal Wire, length 2.54 mm
[wire_dangling]: Wires not connected to anything
    ; error
    @(58.42 mm, 39.37 mm): Horizontal Wire, length 15.215 mm
    @(73.66 mm, 110.49 mm): Vertical Wire, length 1.27 mm
[wire_dangling]: Wires not connected to anything
    ; error
    @(73.66 mm, 21.59 mm): Vertical Wire, length 3.81 mm
    @(80.01 mm, 25.40 mm): Vertical Wire, length 3.81 mm
[wire_dangling]: Wires not connected to anything
    ; error
    @(114.30 mm, 21.59 mm): Vertical Wire, length 3.81 mm
    @(121.92 mm, 21.59 mm): Vertical Wire, length 3.81 mm
[wire_dangling]: Wires not connected to anything
    ; error
    @(60.96 mm, 116.84 mm): Vertical Wire, length 15.24 mm
    @(60.96 mm, 116.84 mm): Vertical Wire, length 13.97 mm
[wire_dangling]: Wires not connected to anything
    ; error
    @(130.81 mm, 39.37 mm): Horizontal Wire, length 8.89 mm
    @(121.92 mm, 35.56 mm): Vertical Wire, length 3.81 mm
[wire_dangling]: Wires not connected to anything
    ; error
    @(128.27 mm, 101.60 mm): Vertical Wire, length 1.27 mm
    @(128.27 mm, 101.60 mm): Horizontal Wire, length 41.91 mm
[wire_dangling]: Wires not connected to anything
    ; error
    @(146.05 mm, 82.55 mm): Vertical Wire, length 5.08 mm
    @(195.58 mm, 87.63 mm): Horizontal Wire, length 49.53 mm
[wire_dangling]: Wires not connected to anything
    ; error
    @(135.89 mm, 114.30 mm): Vertical Wire, length 38.10 mm
    @(135.89 mm, 114.30 mm): Horizontal Wire, length 34.29 mm
[wire_dangling]: Wires not connected to anything
    ; error
    @(184.15 mm, 72.39 mm): Horizontal Wire, length 5.08 mm
    @(179.07 mm, 74.93 mm): Horizontal Wire, length 27.94 mm
[wire_dangling]: Wires not connected to anything
    ; error
    @(161.29 mm, 121.92 mm): Horizontal Wire, length 6.35 mm
    @(161.29 mm, 121.92 mm): Horizontal Wire, length 6.35 mm
[wire_dangling]: Wires not connected to anything
    ; error
    @(161.29 mm, 138.43 mm): Horizontal Wire, length 6.35 mm
    @(161.29 mm, 143.51 mm): Vertical Wire, length 5.08 mm
[wire_dangling]: Wires not connected to anything
    ; error
    @(193.04 mm, 116.84 mm): Horizontal Wire, length 77.47 mm
    @(270.51 mm, 116.84 mm): Horizontal Wire, length 12.70 mm
[wire_dangling]: Wires not connected to anything
    ; error
    @(217.17 mm, 74.93 mm): Horizontal Wire, length 10.16 mm
    @(199.39 mm, 74.93 mm): Horizontal Wire, length 17.78 mm
[wire_dangling]: Wires not connected to anything
    ; error
    @(198.12 mm, 119.38 mm): Vertical Wire, length 1.27 mm
    @(198.12 mm, 119.38 mm): Horizontal Wire, length 5.08 mm
[wire_dangling]: Wires not connected to anything
    ; error
    @(198.12 mm, 132.08 mm): Vertical Wire, length 1.27 mm
[wire_dangling]: Wires not connected to anything
    ; error
    @(212.09 mm, 114.30 mm): Vertical Wire, length 11.43 mm
    @(193.04 mm, 114.30 mm): Horizontal Wire, length 19.05 mm
[wire_dangling]: Wires not connected to anything
    ; error
    @(246.38 mm, 109.22 mm): Vertical Wire, length 34.29 mm
    @(246.38 mm, 109.22 mm): Horizontal Wire, length 53.34 mm
[wire_dangling]: Wires not connected to anything
    ; error
    @(86.36 mm, 29.21 mm): Horizontal Wire, length 7.62 mm
    @(86.36 mm, 22.86 mm): Vertical Wire, length 6.35 mm
[wire_dangling]: Wires not connected to anything
    ; error
    @(82.55 mm, 83.82 mm): Horizontal Wire, length 77.47 mm
[wire_dangling]: Wires not connected to anything
    ; error
    @(95.25 mm, 71.12 mm): Horizontal Wire, length 64.77 mm
[wire_dangling]: Wires not connected to anything
    ; error
    @(90.17 mm, 86.36 mm): Vertical Wire, length 55.88 mm
    @(96.52 mm, 142.24 mm): Horizontal Wire, length 6.35 mm
[wire_dangling]: Wires not connected to anything
    ; error
    @(95.25 mm, 100.33 mm): Vertical Wire, length 13.97 mm
    @(95.25 mm, 86.36 mm): Horizontal Wire, length 64.77 mm
[wire_dangling]: Wires not connected to anything
    ; error
    @(160.02 mm, 99.06 mm): Horizontal Wire, length 39.37 mm
    @(120.65 mm, 99.06 mm): Vertical Wire, length 1.27 mm
[wire_dangling]: Wires not connected to anything
    ; error
    @(156.21 mm, 124.46 mm): Vertical Wire, length 33.02 mm
    @(156.21 mm, 91.44 mm): Horizontal Wire, length 3.81 mm
[wire_dangling]: Wires not connected to anything
    ; error
    @(200.66 mm, 68.58 mm): Horizontal Wire, length 20.32 mm
    @(220.98 mm, 57.15 mm): Vertical Wire, length 11.43 mm
[wire_dangling]: Wires not connected to anything
    ; error
    @(180.34 mm, 124.46 mm): Vertical Wire, length 5.08 mm
    @(171.45 mm, 124.46 mm): Horizontal Wire, length 8.89 mm
[wire_dangling]: Wires not connected to anything
    ; error
    @(220.98 mm, 82.55 mm): Vertical Wire, length 8.89 mm
    @(227.33 mm, 82.55 mm): Vertical Wire, length 2.54 mm
[wire_dangling]: Wires not connected to anything
    ; error
    @(250.19 mm, 66.04 mm): Vertical Wire, length 11.43 mm
    @(227.33 mm, 69.85 mm): Vertical Wire, length 3.81 mm
[wire_dangling]: Wires not connected to anything
    ; error
    @(127.00 mm, 82.55 mm): Horizontal Wire, length 5.08 mm
    @(121.92 mm, 104.14 mm): Vertical Wire, length 21.59 mm
[wire_dangling]: Wires not connected to anything
    ; error
    @(157.48 mm, 77.47 mm): Horizontal Wire, length 7.62 mm
[wire_dangling]: Wires not connected to anything
    ; error
    @(157.48 mm, 85.09 mm): Vertical Wire, length 8.89 mm
    @(157.48 mm, 85.09 mm): Horizontal Wire, length 7.62 mm
[wire_dangling]: Wires not connected to anything
    ; error
    @(180.34 mm, 90.17 mm): Vertical Wire, length 7.62 mm
    @(149.86 mm, 82.55 mm): Horizontal Wire, length 30.48 mm
[wire_dangling]: Wires not connected to anything
    ; error
    @(162.56 mm, 73.66 mm): Horizontal Wire, length 7.62 mm
[wire_dangling]: Wires not connected to anything
    ; error
    @(170.18 mm, 90.17 mm): Vertical Wire, length 8.89 mm
    @(162.56 mm, 81.28 mm): Horizontal Wire, length 7.62 mm
[wire_dangling]: Wires not connected to anything
    ; error
    @(193.04 mm, 78.74 mm): Vertical Wire, length 7.62 mm
    @(193.04 mm, 78.74 mm): Vertical Wire, length 6.35 mm
[wire_dangling]: Wires not connected to anything
    ; error
    @(149.86 mm, 95.25 mm): Horizontal Wire, length 5.08 mm
    @(210.82 mm, 90.17 mm): Vertical Wire, length 1.27 mm
[wire_dangling]: Wires not connected to anything
    ; error
    @(177.80 mm, 80.01 mm): Vertical Wire, length 17.78 mm
    @(177.80 mm, 97.79 mm): Horizontal Wire, length 2.54 mm
[wire_dangling]: Wires not connected to anything
    ; error
    @(116.84 mm, 88.90 mm): Vertical Wire, length 8.89 mm
    @(116.84 mm, 97.79 mm): Vertical Wire, length 7.62 mm
[wire_dangling]: Wires not connected to anything
    ; error
    @(52.07 mm, 87.63 mm): Vertical Wire, length 26.67 mm
    @(52.07 mm, 87.63 mm): Horizontal Wire, length 109.22 mm
[wire_dangling]: Wires not connected to anything
    ; error
    @(36.83 mm, 114.30 mm): Vertical Wire, length 34.29 mm
    @(161.29 mm, 80.01 mm): Horizontal Wire, length 124.46 mm
[wire_dangling]: Wires not connected to anything
    ; error
    @(92.71 mm, 85.09 mm): Vertical Wire, length 20.32 mm
    @(92.71 mm, 85.09 mm): Horizontal Wire, length 68.58 mm
[wire_dangling]: Wires not connected to anything
    ; error
    @(210.82 mm, 116.84 mm): Vertical Wire, length 13.97 mm
    @(220.98 mm, 113.03 mm): Vertical Wire, length 3.81 mm
[wire_dangling]: Wires not connected to anything
    ; error
    @(234.95 mm, 100.33 mm): Horizontal Wire, length 13.97 mm
    @(234.95 mm, 102.87 mm): Vertical Wire, length 2.54 mm
[wire_dangling]: Wires not connected to anything
    ; error
    @(252.73 mm, 87.63 mm): Horizontal Wire, length 66.04 mm
    @(279.40 mm, 102.87 mm): Horizontal Wire, length 12.70 mm
[wire_dangling]: Wires not connected to anything
    ; error
    @(88.90 mm, 55.88 mm): Horizontal Wire, length 5.08 mm
[wire_dangling]: Wires not connected to anything
    ; error
    @(99.06 mm, 55.88 mm): Horizontal Wire, length 11.43 mm
[wire_dangling]: Wires not connected to anything
    ; error
    @(130.81 mm, 55.88 mm): Horizontal Wire, length 20.32 mm
[wire_dangling]: Wires not connected to anything
    ; error
    @(171.45 mm, 55.88 mm): Horizontal Wire, length 12.70 mm
[wire_dangling]: Wires not connected to anything
    ; error
    @(204.47 mm, 55.88 mm): Horizontal Wire, length 12.70 mm
[wire_dangling]: Wires not connected to anything
    ; error
    @(180.34 mm, 134.62 mm): Horizontal Wire, length 11.43 mm
    @(180.34 mm, 125.73 mm): Vertical Wire, length 8.89 mm
[wire_dangling]: Wires not connected to anything
    ; error
    @(191.77 mm, 132.08 mm): Horizontal Wire, length 8.89 mm
    @(182.88 mm, 132.08 mm): Vertical Wire, length 6.35 mm
[wire_dangling]: Wires not connected to anything
    ; error
    @(251.46 mm, 55.88 mm): Horizontal Wire, length 13.97 mm
[wire_dangling]: Wires not connected to anything
    ; error
    @(149.86 mm, 95.25 mm): Horizontal Wire, length 5.08 mm
    @(210.82 mm, 90.17 mm): Vertical Wire, length 1.27 mm
[wire_dangling]: Wires not connected to anything
    ; error
    @(177.80 mm, 80.01 mm): Vertical Wire, length 17.78 mm
    @(177.80 mm, 97.79 mm): Horizontal Wire, length 2.54 mm
[label_dangling]: Label not connected to anything
    ; error
    @(104.14 mm, 97.79 mm): Hierarchical Label 'EN'
[wire_dangling]: Wires not connected to anything
    ; error
    @(116.84 mm, 88.90 mm): Vertical Wire, length 8.89 mm
    @(116.84 mm, 97.79 mm): Vertical Wire, length 7.62 mm
[wire_dangling]: Wires not connected to anything
    ; error
    @(113.03 mm, 81.28 mm): Horizontal Wire, length 38.10 mm
[wire_dangling]: Wires not connected to anything
    ; error
    @(101.60 mm, 99.06 mm): Horizontal Wire, length 3.81 mm
    @(105.41 mm, 99.06 mm): Horizontal Wire, length 6.35 mm
[wire_dangling]: Wires not connected to anything
    ; error
    @(104.14 mm, 120.65 mm): Horizontal Wire, length 54.61 mm
[wire_dangling]: Wires not connected to anything
    ; error
    @(143.51 mm, 72.39 mm): Vertical Wire, length 27.94 mm
    @(158.75 mm, 100.33 mm): Horizontal Wire, length 15.24 mm
[wire_dangling]: Wires not connected to anything
    ; error
    @(140.97 mm, 80.01 mm): Vertical Wire, length 22.86 mm
    @(135.89 mm, 80.01 mm): Horizontal Wire, length 5.08 mm
[wire_dangling]: Wires not connected to anything
    ; error
    @(114.30 mm, 123.19 mm): Horizontal Wire, length 44.45 mm
[wire_dangling]: Wires not connected to anything
    ; error
    @(158.75 mm, 95.25 mm): Horizontal Wire, length 10.16 mm
    @(148.59 mm, 95.25 mm): Vertical Wire, length 30.48 mm
[wire_dangling]: Wires not connected to anything
    ; error
    @(158.75 mm, 97.79 mm): Horizontal Wire, length 12.70 mm
    @(135.89 mm, 64.77 mm): Horizontal Wire, length 10.16 mm
[wire_dangling]: Wires not connected to anything
    ; error
    @(158.75 mm, 105.41 mm): Horizontal Wire, length 20.32 mm
    @(135.89 mm, 87.63 mm): Horizontal Wire, length 2.54 mm
[wire_dangling]: Wires not connected to anything
    ; error
    @(158.75 mm, 107.95 mm): Horizontal Wire, length 105.41 mm
[wire_dangling]: Wires not connected to anything
    ; error
    @(158.75 mm, 110.49 mm): Horizontal Wire, length 95.25 mm
[wire_dangling]: Wires not connected to anything
    ; error
    @(158.75 mm, 113.03 mm): Horizontal Wire, length 85.09 mm
[wire_dangling]: Wires not connected to anything
    ; error
    @(158.75 mm, 115.57 mm): Horizontal Wire, length 74.93 mm
[wire_dangling]: Wires not connected to anything
    ; error
    @(158.75 mm, 118.11 mm): Horizontal Wire, length 64.77 mm
[wire_dangling]: Wires not connected to anything
    ; error
    @(191.77 mm, 107.95 mm): Horizontal Wire, length 7.62 mm
[label_dangling]: Label not connected to anything
    ; error
    @(128.27 mm, 74.93 mm): Hierarchical Label 'AN'
[label_dangling]: Label not connected to anything
    ; error
    @(128.27 mm, 77.47 mm): Hierarchical Label 'CS'
[label_dangling]: Label not connected to anything
    ; error
    @(128.27 mm, 80.01 mm): Hierarchical Label 'SDO'
[label_dangling]: Label not connected to anything
    ; error
    @(128.27 mm, 90.17 mm): Hierarchical Label 'TX'
[label_dangling]: Label not connected to anything
    ; error
    @(143.51 mm, 74.93 mm): Hierarchical Label 'RST'
[label_dangling]: Label not connected to anything
    ; error
    @(143.51 mm, 77.47 mm): Hierarchical Label 'SCK'
[label_dangling]: Label not connected to anything
    ; error
    @(143.51 mm, 80.01 mm): Hierarchical Label 'SDI'
[label_dangling]: Label not connected to anything
    ; error
    @(143.51 mm, 90.17 mm): Hierarchical Label 'RX'
[label_dangling]: Label not connected to anything
    ; error
    @(143.51 mm, 92.71 mm): Hierarchical Label 'PWM'
[footprint_link_issues]: The current configuration does not include the footprint library '5v rail sm-easyedapro'.
    ; warning
    @(26.67 mm, 24.13 mm): Symbol -BatMains+1 [XT60PW-M]
[lib_symbol_issues]: The current configuration does not include the symbol library '5v rail sm-easyedapro'
    ; warning
    @(26.67 mm, 24.13 mm): Symbol -BatMains+1 [XT60PW-M]
[pin_to_pin]: Pins of type Unspecified and Passive are connected
    ; warning
    @(31.75 mm, 27.94 mm): Symbol -BatMains+1 Pin 1 [-, Unspecified, Line]
    @(100.33 mm, 38.10 mm): Symbol NT2 Pin 2 [2, Passive, Line]
[footprint_link_issues]: Footprint 'JST_XH_B2B-XH-A_1x02_P2.50mm_Vertical' not found in library 'Connector_JST'.
    ; warning
    @(27.94 mm, 63.50 mm): Symbol CN1 [B2B-XH-A (LF)(SN)]
[lib_symbol_issues]: The current configuration does not include the symbol library '5v rail sm-easyedapro'
    ; warning
    @(27.94 mm, 63.50 mm): Symbol CN1 [B2B-XH-A (LF)(SN)]
[pin_to_pin]: Pins of type Unspecified and Unspecified are connected
    ; warning
    @(34.29 mm, 62.23 mm): Symbol CN1 Pin 1 [1, Unspecified, Line]
    @(152.40 mm, 80.01 mm): Symbol U63 Pin 1 [K, Unspecified, Line]
[pin_to_pin]: Pins of type Unspecified and Input are connected
    ; warning
    @(34.29 mm, 64.77 mm): Symbol CN1 Pin 2 [2, Unspecified, Line]
    @(650.24 mm, 391.16 mm): Symbol R25 Pin 1 [1, Input, Line]
[footprint_link_issues]: The current configuration does not include the footprint library 'JLCImport'.
    ; warning
    @(24.13 mm, 82.55 mm): Symbol BatBalConn1 [ZX-XH2_54-4PWZ]
[lib_symbol_issues]: The current configuration does not include the symbol library 'JLCImport'
    ; warning
    @(24.13 mm, 82.55 mm): Symbol BatBalConn1 [ZX-XH2_54-4PWZ]
[pin_to_pin]: Pins of type Unspecified and Passive are connected
    ; warning
    @(29.21 mm, 86.36 mm): Symbol BatBalConn1 Pin 4 [4, Unspecified, Line]
    @(86.36 mm, 87.63 mm): Symbol NT1 Pin 2 [2, Passive, Line]
[footprint_link_issues]: The current configuration does not include the footprint library '5v rail sm-easyedapro'.
    ; warning
    @(90.17 mm, 21.59 mm): Symbol F1 [XF-507P]
[lib_symbol_issues]: The current configuration does not include the symbol library '5v rail sm-easyedapro'
    ; warning
    @(90.17 mm, 21.59 mm): Symbol F1 [XF-507P]
[footprint_link_issues]: Footprint 'NetTie-2_SMD_Pad2.0mm' not found in library 'NetTie'.
    ; warning
    @(100.33 mm, 40.64 mm): Symbol NT2 [NetTie_2]
[lib_symbol_issues]: The symbol library 'Device' was not found at '/opt/homebrew/bin/SharedSupport/symbols//Device.kicad_sym'.
    ; warning
    @(100.33 mm, 40.64 mm): Symbol NT2 [NetTie_2]
[pin_to_pin]: Pins of type Unspecified and Input are connected
    ; warning
    @(111.76 mm, 21.59 mm): Symbol D1 Pin 1 [1, Unspecified, Line]
    @(95.25 mm, 21.59 mm): Symbol F1 Pin 3 [3, Input, Line]
[footprint_link_issues]: Footprint 'SMA' not found in library 'Diode_SMD'.
    ; warning
    @(111.76 mm, 26.67 mm): Symbol D1 [SMAJ16A_C908770]
[lib_symbol_issues]: The current configuration does not include the symbol library '5v rail sm-easyedapro'
    ; warning
    @(111.76 mm, 26.67 mm): Symbol D1 [SMAJ16A_C908770]
[pin_to_pin]: Pins of type Unspecified and Passive are connected
    ; warning
    @(111.76 mm, 31.75 mm): Symbol D1 Pin 2 [2, Unspecified, Line]
    @(100.33 mm, 38.10 mm): Symbol NT2 Pin 2 [2, Passive, Line]
[footprint_link_issues]: Footprint 'Fuse_1206_3216Metric' not found in library 'Fuse'.
    ; warning
    @(92.71 mm, 78.74 mm): Symbol F2 [0466001.NRHF]
[lib_symbol_issues]: The current configuration does not include the symbol library '5v rail sm-easyedapro'
    ; warning
    @(92.71 mm, 78.74 mm): Symbol F2 [0466001.NRHF]
[footprint_link_issues]: Footprint 'Fuse_1206_3216Metric' not found in library 'Fuse'.
    ; warning
    @(92.71 mm, 81.28 mm): Symbol F3 [0466001.NRHF]
[lib_symbol_issues]: The current configuration does not include the symbol library '5v rail sm-easyedapro'
    ; warning
    @(92.71 mm, 81.28 mm): Symbol F3 [0466001.NRHF]
[footprint_link_issues]: The current configuration does not include the footprint library '5v rail sm-easyedapro'.
    ; warning
    @(86.36 mm, 90.17 mm): Symbol NT1 [NetTie_2]
[lib_symbol_issues]: The symbol library 'Device' was not found at '/opt/homebrew/bin/SharedSupport/symbols//Device.kicad_sym'.
    ; warning
    @(86.36 mm, 90.17 mm): Symbol NT1 [NetTie_2]
[footprint_link_issues]: Footprint 'Fuse_1206_3216Metric' not found in library 'Fuse'.
    ; warning
    @(92.71 mm, 83.82 mm): Symbol F4 [0466001.NRHF]
[lib_symbol_issues]: The current configuration does not include the symbol library '5v rail sm-easyedapro'
    ; warning
    @(92.71 mm, 83.82 mm): Symbol F4 [0466001.NRHF]
[pin_to_pin]: Pins of type Unspecified and Passive are connected
    ; warning
    @(97.79 mm, 78.74 mm): Symbol F2 Pin 2 [2, Unspecified, Line]
    @(198.12 mm, 44.45 mm): Symbol U57 Pin 2 [B, Passive, Line]
[pin_to_pin]: Pins of type Unspecified and Unspecified are connected
    ; warning
    @(97.79 mm, 81.28 mm): Symbol F3 Pin 2 [2, Unspecified, Line]
    @(57.15 mm, 73.66 mm): Symbol R141 Pin 1 [1, Unspecified, Line]
[pin_to_pin]: Pins of type Unspecified and Power input are connected
    ; warning
    @(33.02 mm, 123.19 mm): Symbol DC1 Pin 1 [1, Unspecified, Line]
    @(280.67 mm, 83.82 mm): Symbol #PWR033 Pin 1 [Power input, Line]
[footprint_link_issues]: The current configuration does not include the footprint library '5v rail sm-easyedapro'.
    ; warning
    @(27.94 mm, 125.73 mm): Symbol DC1 [DC005_C431533]
[lib_symbol_issues]: The current configuration does not include the symbol library '5v rail sm-easyedapro'
    ; warning
    @(27.94 mm, 125.73 mm): Symbol DC1 [DC005_C431533]
[pin_to_pin]: Pins of type Unspecified and Power input are connected
    ; warning
    @(33.02 mm, 125.73 mm): Symbol DC1 Pin 3 [3, Unspecified, Line]
    @(36.83 mm, 128.27 mm): Symbol #PWR01 Pin 1 [Power input, Line]
[pin_to_pin]: Pins of type Unspecified and Unspecified are connected
    ; warning
    @(33.02 mm, 128.27 mm): Symbol DC1 Pin 2 [2, Unspecified, Line]
    @(33.02 mm, 125.73 mm): Symbol DC1 Pin 3 [3, Unspecified, Line]
[lib_symbol_issues]: The symbol library 'power' was not found at '/opt/homebrew/bin/SharedSupport/symbols//power.kicad_sym'.
    ; warning
    @(36.83 mm, 128.27 mm): Symbol #PWR01 [GND]
[endpoint_off_grid]: Symbol pin or wire end off connection grid
    ; warning
    @(33.18 mm, 137.16 mm): Horizontal Wire, length 44.29 mm
[pin_to_pin]: Pins of type Unspecified and Unspecified are connected
    ; warning
    @(34.29 mm, 154.94 mm): Symbol DC2 Pin 1 [1, Unspecified, Line]
    @(193.04 mm, 106.68 mm): Symbol U17 Pin 14 [BAT, Unspecified, Line]
[footprint_link_issues]: The current configuration does not include the footprint library '5v rail sm-easyedapro'.
    ; warning
    @(29.21 mm, 157.48 mm): Symbol DC2 [DC005_C431533]
[lib_symbol_issues]: The current configuration does not include the symbol library '5v rail sm-easyedapro'
    ; warning
    @(29.21 mm, 157.48 mm): Symbol DC2 [DC005_C431533]
[pin_to_pin]: Pins of type Unspecified and Power input are connected
    ; warning
    @(34.29 mm, 157.48 mm): Symbol DC2 Pin 3 [3, Unspecified, Line]
    @(38.10 mm, 160.02 mm): Symbol #PWR02 Pin 1 [Power input, Line]
[pin_to_pin]: Pins of type Unspecified and Unspecified are connected
    ; warning
    @(34.29 mm, 160.02 mm): Symbol DC2 Pin 2 [2, Unspecified, Line]
    @(34.29 mm, 157.48 mm): Symbol DC2 Pin 3 [3, Unspecified, Line]
[lib_symbol_issues]: The symbol library 'power' was not found at '/opt/homebrew/bin/SharedSupport/symbols//power.kicad_sym'.
    ; warning
    @(100.33 mm, 129.54 mm): Symbol #PWR07 [GND]
[lib_symbol_issues]: The symbol library 'power' was not found at '/opt/homebrew/bin/SharedSupport/symbols//power.kicad_sym'.
    ; warning
    @(38.10 mm, 160.02 mm): Symbol #PWR02 [GND]
[lib_symbol_issues]: The symbol library 'power' was not found at '/opt/homebrew/bin/SharedSupport/symbols//power.kicad_sym'.
    ; warning
    @(85.09 mm, 148.59 mm): Symbol #PWR05 [GND]
[same_local_global_label]: Local and global labels have same name
    ; warning
    @(158.75 mm, 86.36 mm): Global Label 'SCL_SLOW'
    @(129.54 mm, 90.17 mm): Label 'SCL_SLOW'
[lib_symbol_issues]: The symbol library 'power' was not found at '/opt/homebrew/bin/SharedSupport/symbols//power.kicad_sym'.
    ; warning
    @(172.72 mm, 119.38 mm): Symbol #PWR019 [+5VP]
[lib_symbol_issues]: The symbol library 'power' was not found at '/opt/homebrew/bin/SharedSupport/symbols//power.kicad_sym'.
    ; warning
    @(193.04 mm, 106.68 mm): Symbol #PWR024 [GND]
[lib_symbol_issues]: The symbol library 'power' was not found at '/opt/homebrew/bin/SharedSupport/symbols//power.kicad_sym'.
    ; warning
    @(201.93 mm, 100.33 mm): Symbol #PWR028 [+5VP]
[lib_symbol_issues]: The symbol library 'power' was not found at '/opt/homebrew/bin/SharedSupport/symbols//power.kicad_sym'.
    ; warning
    @(245.11 mm, 66.04 mm): Symbol #PWR031 [IN-CHARGING-VCC-USBC]
[lib_symbol_issues]: The symbol library 'power' was not found at '/opt/homebrew/bin/SharedSupport/symbols//power.kicad_sym'.
    ; warning
    @(172.72 mm, 191.77 mm): Symbol #PWR020 [+5VP]
[footprint_link_issues]: Footprint 'PinHeader_1x02_P2.54mm_Vertical' not found in library 'Connector_PinHeader_2.54mm'.
    ; warning
    @(252.73 mm, 74.93 mm): Symbol USBC-5V-BUCK1 [PZ254V-11-02P]
[lib_symbol_issues]: The current configuration does not include the symbol library '5v rail sm-easyedapro'
    ; warning
    @(252.73 mm, 74.93 mm): Symbol USBC-5V-BUCK1 [PZ254V-11-02P]
[pin_to_pin]: Pins of type Unspecified and Power input are connected
    ; warning
    @(251.46 mm, 80.01 mm): Symbol USBC-5V-BUCK1 Pin 1 [1, Unspecified, Line]
    @(245.11 mm, 66.04 mm): Symbol #PWR031 Pin 1 [Power input, Line]
[lib_symbol_issues]: The symbol library 'power' was not found at '/opt/homebrew/bin/SharedSupport/symbols//power.kicad_sym'.
    ; warning
    @(194.31 mm, 179.07 mm): Symbol #PWR025 [GND]
[lib_symbol_issues]: The symbol library 'power' was not found at '/opt/homebrew/bin/SharedSupport/symbols//power.kicad_sym'.
    ; warning
    @(213.36 mm, 163.83 mm): Symbol #PWR029 [VCC]
[lib_symbol_issues]: The symbol library 'power' was not found at '/opt/homebrew/bin/SharedSupport/symbols//power.kicad_sym'.
    ; warning
    @(278.13 mm, 30.48 mm): Symbol #PWR032 [VCC]
[lib_symbol_issues]: The symbol library 'power' was not found at '/opt/homebrew/bin/SharedSupport/symbols//power.kicad_sym'.
    ; warning
    @(194.31 mm, 208.28 mm): Symbol #PWR026 [GND]
[lib_symbol_issues]: The symbol library 'power' was not found at '/opt/homebrew/bin/SharedSupport/symbols//power.kicad_sym'.
    ; warning
    @(280.67 mm, 83.82 mm): Symbol #PWR033 [IN-CHARGING-VCC-USBC]
[pin_to_pin]: Pins of type Unspecified and Power input are connected
    ; warning
    @(280.67 mm, 90.17 mm): Symbol D4 Pin 2 [A, Unspecified, Line]
    @(280.67 mm, 83.82 mm): Symbol #PWR033 Pin 1 [Power input, Line]
[footprint_link_issues]: Footprint 'SMA' not found in library 'Diode_SMD'.
    ; warning
    @(280.67 mm, 95.25 mm): Symbol D4 [SS36_C727061]
[lib_symbol_issues]: The current configuration does not include the symbol library '5v rail sm-easyedapro'
    ; warning
    @(280.67 mm, 95.25 mm): Symbol D4 [SS36_C727061]
[pin_to_pin]: Pins of type Unspecified and Unspecified are connected
    ; warning
    @(280.67 mm, 100.33 mm): Symbol D4 Pin 1 [K, Unspecified, Line]
    @(285.75 mm, 100.33 mm): Symbol D5 Pin 1 [K, Unspecified, Line]
[footprint_link_issues]: Footprint 'SMA' not found in library 'Diode_SMD'.
    ; warning
    @(285.75 mm, 95.25 mm): Symbol D5 [SS36_C727061]
[lib_symbol_issues]: The current configuration does not include the symbol library '5v rail sm-easyedapro'
    ; warning
    @(285.75 mm, 95.25 mm): Symbol D5 [SS36_C727061]
[lib_symbol_issues]: The symbol library 'power' was not found at '/opt/homebrew/bin/SharedSupport/symbols//power.kicad_sym'.
    ; warning
    @(290.83 mm, 78.74 mm): Symbol #PWR035 [VCC-KICKSTART]
[pin_to_pin]: Pins of type Unspecified and Unspecified are connected
    ; warning
    @(280.67 mm, 110.49 mm): Symbol AnyPower1 Pin 2 [A, Unspecified, Line]
    @(280.67 mm, 100.33 mm): Symbol D4 Pin 1 [K, Unspecified, Line]
[pin_to_pin]: Pins of type Unspecified and Unspecified are connected
    ; warning
    @(285.75 mm, 100.33 mm): Symbol D5 Pin 1 [K, Unspecified, Line]
    @(290.83 mm, 100.33 mm): Symbol D6 Pin 1 [K, Unspecified, Line]
[footprint_link_issues]: The current configuration does not include the footprint library 'JLCImport'.
    ; warning
    @(280.67 mm, 115.57 mm): Symbol AnyPower1 [XL-1608UBC-04]
[lib_symbol_issues]: The current configuration does not include the symbol library 'JLCImport'
    ; warning
    @(280.67 mm, 115.57 mm): Symbol AnyPower1 [XL-1608UBC-04]
[pin_to_pin]: Pins of type Unspecified and Power input are connected
    ; warning
    @(290.83 mm, 90.17 mm): Symbol D6 Pin 2 [A, Unspecified, Line]
    @(290.83 mm, 78.74 mm): Symbol #PWR035 Pin 1 [Power input, Line]
[lib_symbol_issues]: The symbol library 'power' was not found at '/opt/homebrew/bin/SharedSupport/symbols//power.kicad_sym'.
    ; warning
    @(295.91 mm, 72.39 mm): Symbol #PWR036 [VCC]
[footprint_link_issues]: Footprint 'SMA' not found in library 'Diode_SMD'.
    ; warning
    @(290.83 mm, 95.25 mm): Symbol D6 [SS36_C727061]
[lib_symbol_issues]: The current configuration does not include the symbol library '5v rail sm-easyedapro'
    ; warning
    @(290.83 mm, 95.25 mm): Symbol D6 [SS36_C727061]
[footprint_link_issues]: The current configuration does not include the footprint library 'JLCImport'.
    ; warning
    @(280.67 mm, 125.73 mm): Symbol R10 [0603WAF4021T5E_C23040]
[lib_symbol_issues]: The current configuration does not include the symbol library 'JLCImport'
    ; warning
    @(280.67 mm, 125.73 mm): Symbol R10 [0603WAF4021T5E_C23040]
[pin_to_pin]: Pins of type Unspecified and Unspecified are connected
    ; warning
    @(290.83 mm, 100.33 mm): Symbol D6 Pin 1 [K, Unspecified, Line]
    @(295.91 mm, 100.33 mm): Symbol D7 Pin 1 [K, Unspecified, Line]
[pin_to_pin]: Pins of type Unspecified and Power input are connected
    ; warning
    @(295.91 mm, 90.17 mm): Symbol D7 Pin 2 [A, Unspecified, Line]
    @(295.91 mm, 72.39 mm): Symbol #PWR036 Pin 1 [Power input, Line]
[pin_to_pin]: Pins of type Unspecified and Power input are connected
    ; warning
    @(280.67 mm, 130.81 mm): Symbol R10 Pin 1 [1, Unspecified, Line]
    @(280.67 mm, 133.35 mm): Symbol #PWR034 Pin 1 [Power input, Line]
[lib_symbol_issues]: The symbol library 'power' was not found at '/opt/homebrew/bin/SharedSupport/symbols//power.kicad_sym'.
    ; warning
    @(280.67 mm, 133.35 mm): Symbol #PWR034 [GND]
[footprint_link_issues]: Footprint 'SMA' not found in library 'Diode_SMD'.
    ; warning
    @(295.91 mm, 95.25 mm): Symbol D7 [SS36_C727061]
[lib_symbol_issues]: The current configuration does not include the symbol library '5v rail sm-easyedapro'
    ; warning
    @(295.91 mm, 95.25 mm): Symbol D7 [SS36_C727061]
[pin_to_pin]: Pins of type Unspecified and Unspecified are connected
    ; warning
    @(295.91 mm, 100.33 mm): Symbol D7 Pin 1 [K, Unspecified, Line]
    @(127.00 mm, 85.09 mm): Symbol U53 Pin 3 [VIN, Unspecified, Line]
[lib_symbol_issues]: The symbol library 'power' was not found at '/opt/homebrew/bin/SharedSupport/symbols//power.kicad_sym'.
    ; warning
    @(130.81 mm, 288.29 mm): Symbol #PWR011 [+12V]
[lib_symbol_issues]: The symbol library 'power' was not found at '/opt/homebrew/bin/SharedSupport/symbols//power.kicad_sym'.
    ; warning
    @(196.85 mm, 252.73 mm): Symbol #PWR027 [GND]
[pin_to_pin]: Pins of type Unspecified and Unspecified are connected
    ; warning
    @(330.20 mm, 113.03 mm): Symbol CN4 Pin 1 [1, Unspecified, Line]
    @(330.20 mm, 125.73 mm): Symbol CN5 Pin 1 [1, Unspecified, Line]
[pin_to_pin]: Pins of type Unspecified and Unspecified are connected
    ; warning
    @(330.20 mm, 115.57 mm): Symbol CN4 Pin 2 [2, Unspecified, Line]
    @(330.20 mm, 128.27 mm): Symbol CN5 Pin 2 [2, Unspecified, Line]
[pin_to_pin]: Pins of type Unspecified and Power input are connected
    ; warning
    @(330.20 mm, 125.73 mm): Symbol CN5 Pin 1 [1, Unspecified, Line]
    @(327.66 mm, 137.16 mm): Symbol #PWR037 Pin 1 [Power input, Line]
[footprint_link_issues]: Footprint 'PinHeader_2x01_P2.54mm_Vertical' not found in library 'Connector_PinHeader_2.54mm'.
    ; warning
    @(335.28 mm, 114.30 mm): Symbol CN4 [ZX-XH2.54-2PZZ]
[lib_symbol_issues]: The current configuration does not include the symbol library '5v rail sm-easyedapro'
    ; warning
    @(335.28 mm, 114.30 mm): Symbol CN4 [ZX-XH2.54-2PZZ]
[pin_to_pin]: Pins of type Unspecified and Unspecified are connected
    ; warning
    @(330.20 mm, 128.27 mm): Symbol CN5 Pin 2 [2, Unspecified, Line]
    @(270.51 mm, 106.68 mm): Symbol R149 Pin 1 [1, Unspecified, Line]
[lib_symbol_issues]: The symbol library 'power' was not found at '/opt/homebrew/bin/SharedSupport/symbols//power.kicad_sym'.
    ; warning
    @(327.66 mm, 137.16 mm): Symbol #PWR037 [GND]
[footprint_link_issues]: Footprint 'JST_XH_B2B-XH-A_1x02_P2.50mm_Vertical' not found in library 'Connector_JST'.
    ; warning
    @(335.28 mm, 127.00 mm): Symbol CN5 [ZX-XH2.54-2PZZ]
[lib_symbol_issues]: The current configuration does not include the symbol library '5v rail sm-easyedapro'
    ; warning
    @(335.28 mm, 127.00 mm): Symbol CN5 [ZX-XH2.54-2PZZ]
[pin_to_pin]: Pins of type Unspecified and Unspecified are connected
    ; warning
    @(270.51 mm, 106.68 mm): Symbol R149 Pin 1 [1, Unspecified, Line]
    @(127.00 mm, 87.63 mm): Symbol U53 Pin 4 [VOUT, Unspecified, Line]
[pin_to_pin]: Pins of type Unspecified and Unspecified are connected
    ; warning
    @(330.20 mm, 153.67 mm): Symbol ONBOARD_3v1 Pin 2 [2, Unspecified, Line]
    @(139.70 mm, 83.82 mm): Symbol U52 Pin 4 [VOUT, Unspecified, Line]
[footprint_link_issues]: Footprint 'R_0603_1608Metric' not found in library 'Resistor_SMD'.
    ; warning
    @(349.25 mm, 109.22 mm): Symbol R11 [FRC0603J104 TS]
[lib_symbol_issues]: The current configuration does not include the symbol library '5v rail sm-easyedapro'
    ; warning
    @(349.25 mm, 109.22 mm): Symbol R11 [FRC0603J104 TS]
[pin_to_pin]: Pins of type Unspecified and Power input are connected
    ; warning
    @(332.74 mm, 153.67 mm): Symbol ONBOARD_3v1 Pin 1 [1, Unspecified, Line]
    @(337.82 mm, 147.32 mm): Symbol #PWR040 Pin 1 [Power input, Line]
[footprint_link_issues]: Footprint 'PinHeader_1x02_P2.54mm_Vertical' not found in library 'Connector_PinHeader_2.54mm'.
    ; warning
    @(331.47 mm, 158.75 mm): Symbol ONBOARD_3v1 [PZ254V-11-02P]
[lib_symbol_issues]: The current configuration does not include the symbol library '5v rail sm-easyedapro'
    ; warning
    @(331.47 mm, 158.75 mm): Symbol ONBOARD_3v1 [PZ254V-11-02P]
[lib_symbol_issues]: The symbol library 'power' was not found at '/opt/homebrew/bin/SharedSupport/symbols//power.kicad_sym'.
    ; warning
    @(337.82 mm, 147.32 mm): Symbol #PWR040 [+3V3]
[lib_symbol_issues]: The symbol library 'power' was not found at '/opt/homebrew/bin/SharedSupport/symbols//power.kicad_sym'.
    ; warning
    @(60.96 mm, 364.49 mm): Symbol #PWR04 [+3V3]
[lib_symbol_issues]: The symbol library 'power' was not found at '/opt/homebrew/bin/SharedSupport/symbols//power.kicad_sym'.
    ; warning
    @(87.63 mm, 359.41 mm): Symbol #PWR06 [+5V]
[pin_to_pin]: Pins of type Unspecified and Input are connected
    ; warning
    @(280.67 mm, 106.68 mm): Symbol R149 Pin 2 [2, Unspecified, Line]
    @(104.14 mm, 97.79 mm): Symbol R115 Pin 1 [1, Input, Line]
[pin_to_pin]: Pins of type Unspecified and Power input are connected
    ; warning
    @(60.96 mm, 368.30 mm): Symbol C1 Pin 2 [2, Unspecified, Line]
    @(60.96 mm, 364.49 mm): Symbol #PWR04 Pin 1 [Power input, Line]
[pin_to_pin]: Pins of type Unspecified and Power input are connected
    ; warning
    @(74.93 mm, 365.76 mm): Symbol R1 Pin 2 [2, Unspecified, Line]
    @(60.96 mm, 364.49 mm): Symbol #PWR04 Pin 1 [Power input, Line]
[lib_symbol_issues]: The symbol library 'power' was not found at '/opt/homebrew/bin/SharedSupport/symbols//power.kicad_sym'.
    ; warning
    @(372.11 mm, 34.29 mm): Symbol #PWR042 [+12V]
[footprint_link_issues]: Footprint 'R_2512_6332Metric' not found in library 'Resistor_SMD'.
    ; warning
    @(80.01 mm, 365.76 mm): Symbol R1 [LR123WF160MT4E]
[lib_symbol_issues]: The current configuration does not include the symbol library '5v rail sm-easyedapro'
    ; warning
    @(80.01 mm, 365.76 mm): Symbol R1 [LR123WF160MT4E]
[pin_to_pin]: Pins of type Unspecified and Unspecified are connected
    ; warning
    @(72.39 mm, 368.30 mm): Symbol C2 Pin 2 [2, Unspecified, Line]
    @(74.93 mm, 365.76 mm): Symbol R1 Pin 2 [2, Unspecified, Line]
[lib_symbol_issues]: The symbol library 'power' was not found at '/opt/homebrew/bin/SharedSupport/symbols//power.kicad_sym'.
    ; warning
    @(128.27 mm, 354.33 mm): Symbol #PWR010 [+12V]
[pin_to_pin]: Pins of type Unspecified and Power input are connected
    ; warning
    @(111.76 mm, 360.68 mm): Symbol R3 Pin 2 [2, Unspecified, Line]
    @(87.63 mm, 359.41 mm): Symbol #PWR06 Pin 1 [Power input, Line]
[footprint_link_issues]: Footprint 'C_0805_2012Metric' not found in library 'Capacitor_SMD'.
    ; warning
    @(60.96 mm, 373.38 mm): Symbol C1 [GRM21BR61H106KE43L]
[lib_symbol_issues]: The current configuration does not include the symbol library '5v rail sm-easyedapro'
    ; warning
    @(60.96 mm, 373.38 mm): Symbol C1 [GRM21BR61H106KE43L]
[pin_to_pin]: Pins of type Unspecified and Power input are connected
    ; warning
    @(87.63 mm, 368.30 mm): Symbol C3 Pin 2 [2, Unspecified, Line]
    @(87.63 mm, 359.41 mm): Symbol #PWR06 Pin 1 [Power input, Line]
[footprint_link_issues]: Footprint 'R_2512_6332Metric' not found in library 'Resistor_SMD'.
    ; warning
    @(116.84 mm, 360.68 mm): Symbol R3 [LR123WF160MT4E]
[lib_symbol_issues]: The current configuration does not include the symbol library '5v rail sm-easyedapro'
    ; warning
    @(116.84 mm, 360.68 mm): Symbol R3 [LR123WF160MT4E]
[footprint_link_issues]: Footprint 'C_0603_1608Metric' not found in library 'Capacitor_SMD'.
    ; warning
    @(72.39 mm, 373.38 mm): Symbol C2 [CC0603KRX7R9BB104]
[lib_symbol_issues]: The current configuration does not include the symbol library '5v rail sm-easyedapro'
    ; warning
    @(72.39 mm, 373.38 mm): Symbol C2 [CC0603KRX7R9BB104]
[pin_to_pin]: Pins of type Unspecified and Passive are connected
    ; warning
    @(121.92 mm, 360.68 mm): Symbol R3 Pin 1 [1, Unspecified, Line]
    @(87.63 mm, 97.79 mm): Symbol NT19 Pin 2 [2, Passive, Line]
[pin_to_pin]: Pins of type Unspecified and Unspecified are connected
    ; warning
    @(99.06 mm, 368.30 mm): Symbol C4 Pin 2 [2, Unspecified, Line]
    @(111.76 mm, 368.30 mm): Symbol D2 Pin 1 [C, Unspecified, Line]
[footprint_link_issues]: Footprint 'C_0805_2012Metric' not found in library 'Capacitor_SMD'.
    ; warning
    @(87.63 mm, 373.38 mm): Symbol C3 [GRM21BR61H106KE43L]
[lib_symbol_issues]: The current configuration does not include the symbol library '5v rail sm-easyedapro'
    ; warning
    @(87.63 mm, 373.38 mm): Symbol C3 [GRM21BR61H106KE43L]
[pin_to_pin]: Pins of type Unspecified and Unspecified are connected
    ; warning
    @(111.76 mm, 368.30 mm): Symbol D2 Pin 1 [C, Unspecified, Line]
    @(111.76 mm, 360.68 mm): Symbol R3 Pin 2 [2, Unspecified, Line]
[footprint_link_issues]: Footprint 'C_0603_1608Metric' not found in library 'Capacitor_SMD'.
    ; warning
    @(99.06 mm, 373.38 mm): Symbol C4 [CC0603KRX7R9BB104]
[lib_symbol_issues]: The current configuration does not include the symbol library '5v rail sm-easyedapro'
    ; warning
    @(99.06 mm, 373.38 mm): Symbol C4 [CC0603KRX7R9BB104]
[same_local_global_label]: Local and global labels have same name
    ; warning
    @(233.68 mm, 308.61 mm): Global Label 'SDA_SLOW'
    @(129.54 mm, 92.71 mm): Label 'SDA_SLOW'
[pin_to_pin]: Pins of type Unspecified and Input are connected
    ; warning
    @(154.94 mm, 355.60 mm): Symbol R6 Pin 2 [2, Unspecified, Line]
    @(153.67 mm, 368.30 mm): Symbol D3 Pin 1 [K, Input, Line]
[footprint_link_issues]: Footprint 'SOD-123F' not found in library 'Diode_SMD'.
    ; warning
    @(111.76 mm, 373.38 mm): Symbol D2 [SMF6.0A_C178260]
[lib_symbol_issues]: The current configuration does not include the symbol library '5v rail sm-easyedapro'
    ; warning
    @(111.76 mm, 373.38 mm): Symbol D2 [SMF6.0A_C178260]
[footprint_link_issues]: Footprint 'R_2512_6332Metric' not found in library 'Resistor_SMD'.
    ; warning
    @(160.02 mm, 355.60 mm): Symbol R6 [LR123WF160MT4E]
[lib_symbol_issues]: The current configuration does not include the symbol library '5v rail sm-easyedapro'
    ; warning
    @(160.02 mm, 355.60 mm): Symbol R6 [LR123WF160MT4E]
[pin_to_pin]: Pins of type Unspecified and Unspecified are connected
    ; warning
    @(128.27 mm, 368.30 mm): Symbol C5 Pin 2 [2, Unspecified, Line]
    @(140.97 mm, 368.30 mm): Symbol C6 Pin 2 [2, Unspecified, Line]
[pin_to_pin]: Pins of type Unspecified and Passive are connected
    ; warning
    @(165.10 mm, 355.60 mm): Symbol R6 Pin 1 [1, Unspecified, Line]
    @(168.91 mm, 41.91 mm): Symbol NT22 Pin 2 [2, Passive, Line]
[lib_symbol_issues]: The symbol library 'power' was not found at '/opt/homebrew/bin/SharedSupport/symbols//power.kicad_sym'.
    ; warning
    @(182.88 mm, 347.98 mm): Symbol #PWR023 [VCC]
[pin_to_pin]: Pins of type Unspecified and Input are connected
    ; warning
    @(140.97 mm, 368.30 mm): Symbol C6 Pin 2 [2, Unspecified, Line]
    @(153.67 mm, 368.30 mm): Symbol D3 Pin 1 [K, Input, Line]
[footprint_link_issues]: Footprint 'C_0805_2012Metric' not found in library 'Capacitor_SMD'.
    ; warning
    @(128.27 mm, 373.38 mm): Symbol C5 [GRM21BR61H106KE43L]
[lib_symbol_issues]: The current configuration does not include the symbol library '5v rail sm-easyedapro'
    ; warning
    @(128.27 mm, 373.38 mm): Symbol C5 [GRM21BR61H106KE43L]
[footprint_link_issues]: The current configuration does not include the footprint library 'JLCImport'.
    ; warning
    @(377.19 mm, 118.11 mm): Symbol R12 [0603WAF3401T5E]
[lib_symbol_issues]: The current configuration does not include the symbol library 'JLCImport'
    ; warning
    @(377.19 mm, 118.11 mm): Symbol R12 [0603WAF3401T5E]
[lib_symbol_issues]: The symbol library 'power' was not found at '/opt/homebrew/bin/SharedSupport/symbols//power.kicad_sym'.
    ; warning
    @(220.98 mm, 328.93 mm): Symbol #PWR030 [+3V3]
[lib_symbol_issues]: The symbol library 'power' was not found at '/opt/homebrew/bin/SharedSupport/symbols//power.kicad_sym'.
    ; warning
    @(377.19 mm, 125.73 mm): Symbol #PWR043 [GND]
[footprint_link_issues]: Footprint 'C_0603_1608Metric' not found in library 'Capacitor_SMD'.
    ; warning
    @(140.97 mm, 373.38 mm): Symbol C6 [CC0603KRX7R9BB104]
[lib_symbol_issues]: The current configuration does not include the symbol library '5v rail sm-easyedapro'
    ; warning
    @(140.97 mm, 373.38 mm): Symbol C6 [CC0603KRX7R9BB104]
[pin_to_pin]: Pins of type Unspecified and Power input are connected
    ; warning
    @(196.85 mm, 350.52 mm): Symbol R9 Pin 2 [2, Unspecified, Line]
    @(182.88 mm, 347.98 mm): Symbol #PWR023 Pin 1 [Power input, Line]
[footprint_link_issues]: Footprint 'SOD-123FL' not found in library 'Diode_SMD'.
    ; warning
    @(153.67 mm, 373.38 mm): Symbol D3 [SMF13A_C353315]
[lib_symbol_issues]: The current configuration does not include the symbol library '5v rail sm-easyedapro'
    ; warning
    @(153.67 mm, 373.38 mm): Symbol D3 [SMF13A_C353315]
[footprint_link_issues]: Footprint 'R_2512_6332Metric' not found in library 'Resistor_SMD'.
    ; warning
    @(201.93 mm, 350.52 mm): Symbol R9 [LR123WF160MT4E]
[lib_symbol_issues]: The current configuration does not include the symbol library '5v rail sm-easyedapro'
    ; warning
    @(201.93 mm, 350.52 mm): Symbol R9 [LR123WF160MT4E]
[pin_to_pin]: Pins of type Unspecified and Passive are connected
    ; warning
    @(207.01 mm, 350.52 mm): Symbol R9 Pin 1 [1, Unspecified, Line]
    @(247.65 mm, 111.76 mm): Symbol NT24 Pin 1 [1, Passive, Line]
[unconnected_wire_endpoint]: Unconnected wire endpoint
    ; warning
    @(182.88 mm, 350.52 mm): Vertical Wire, length 17.78 mm
[footprint_link_issues]: The current configuration does not include the footprint library '5v rail sm-easyedapro'.
    ; warning
    @(153.67 mm, 387.35 mm): Symbol NT3 [NetTie_2]
[lib_symbol_issues]: The symbol library 'Device' was not found at '/opt/homebrew/bin/SharedSupport/symbols//Device.kicad_sym'.
    ; warning
    @(153.67 mm, 387.35 mm): Symbol NT3 [NetTie_2]
[unconnected_wire_endpoint]: Unconnected wire endpoint
    ; warning
    @(196.85 mm, 350.52 mm): Vertical Wire, length 17.78 mm
[unconnected_wire_endpoint]: Unconnected wire endpoint
    ; warning
    @(182.88 mm, 381.00 mm): Vertical Wire, length 2.54 mm
[lib_symbol_issues]: The symbol library 'power' was not found at '/opt/homebrew/bin/SharedSupport/symbols//power.kicad_sym'.
    ; warning
    @(408.94 mm, 99.06 mm): Symbol #PWR044 [+5V]
[lib_symbol_issues]: The symbol library 'power' was not found at '/opt/homebrew/bin/SharedSupport/symbols//power.kicad_sym'.
    ; warning
    @(153.67 mm, 392.43 mm): Symbol #PWR016 [GND]
[pin_to_pin]: Pins of type Unspecified and Unspecified are connected
    ; warning
    @(238.76 mm, 350.52 mm): Symbol CN3 Pin 1 [1, Unspecified, Line]
    @(207.01 mm, 350.52 mm): Symbol R9 Pin 1 [1, Unspecified, Line]
[pin_to_pin]: Pins of type Unspecified and Power input are connected
    ; warning
    @(408.94 mm, 119.38 mm): Symbol D8 Pin 1 [C, Unspecified, Line]
    @(408.94 mm, 99.06 mm): Symbol #PWR044 Pin 1 [Power input, Line]
[unconnected_wire_endpoint]: Unconnected wire endpoint
    ; warning
    @(196.85 mm, 381.00 mm): Vertical Wire, length 2.54 mm
[footprint_link_issues]: The current configuration does not include the footprint library 'JLCImport'.
    ; warning
    @(408.94 mm, 124.46 mm): Symbol D8 [SMF5_0A_C2857263]
[lib_symbol_issues]: The current configuration does not include the symbol library 'JLCImport'
    ; warning
    @(408.94 mm, 124.46 mm): Symbol D8 [SMF5_0A_C2857263]
[pin_to_pin]: Pins of type Unspecified and Unspecified are connected
    ; warning
    @(238.76 mm, 355.60 mm): Symbol CN3 Pin 3 [3, Unspecified, Line]
    @(165.10 mm, 355.60 mm): Symbol R6 Pin 1 [1, Unspecified, Line]
[pin_to_pin]: Pins of type Unspecified and Unspecified are connected
    ; warning
    @(408.94 mm, 129.54 mm): Symbol D8 Pin 2 [A, Unspecified, Line]
    @(438.15 mm, 125.73 mm): Symbol USB1 Pin 7 [EH, Unspecified, Line]
[pin_to_pin]: Pins of type Unspecified and Unspecified are connected
    ; warning
    @(238.76 mm, 360.68 mm): Symbol CN3 Pin 5 [5, Unspecified, Line]
    @(121.92 mm, 360.68 mm): Symbol R3 Pin 1 [1, Unspecified, Line]
[footprint_link_issues]: The current configuration does not include the footprint library 'JLCImport'.
    ; warning
    @(243.84 mm, 359.41 mm): Symbol CN3 [DB142R-5_08-8P]
[lib_symbol_issues]: The current configuration does not include the symbol library 'JLCImport'
    ; warning
    @(243.84 mm, 359.41 mm): Symbol CN3 [DB142R-5_08-8P]
[footprint_link_issues]: Footprint 'NetTie-3_SMD_Pad0.5mm' not found in library 'NetTie'.
    ; warning
    @(425.45 mm, 104.14 mm): Symbol NT6 [NetTie_3]
[lib_symbol_issues]: The symbol library 'Device' was not found at '/opt/homebrew/bin/SharedSupport/symbols//Device.kicad_sym'.
    ; warning
    @(425.45 mm, 104.14 mm): Symbol NT6 [NetTie_3]
[footprint_link_issues]: Footprint 'R_0603_1608Metric' not found in library 'Resistor_SMD'.
    ; warning
    @(425.45 mm, 110.49 mm): Symbol R13 [R]
[lib_symbol_issues]: The symbol library 'Device' was not found at '/opt/homebrew/bin/SharedSupport/symbols//Device.kicad_sym'.
    ; warning
    @(425.45 mm, 110.49 mm): Symbol R13 [R]
[footprint_link_issues]: Footprint 'R_0603_1608Metric' not found in library 'Resistor_SMD'.
    ; warning
    @(427.99 mm, 110.49 mm): Symbol R14 [R]
[lib_symbol_issues]: The symbol library 'Device' was not found at '/opt/homebrew/bin/SharedSupport/symbols//Device.kicad_sym'.
    ; warning
    @(427.99 mm, 110.49 mm): Symbol R14 [R]
[lib_symbol_issues]: The symbol library 'power' was not found at '/opt/homebrew/bin/SharedSupport/symbols//power.kicad_sym'.
    ; warning
    @(335.28 mm, 298.45 mm): Symbol #PWR038 [+5VP]
[pin_to_pin]: Pins of type Unspecified and Passive are connected
    ; warning
    @(438.15 mm, 115.57 mm): Symbol USB1 Pin B9 [VBUS, Unspecified, Line]
    @(425.45 mm, 101.60 mm): Symbol NT6 Pin 2 [2, Passive, Line]
[pin_to_pin]: Pins of type Unspecified and Passive are connected
    ; warning
    @(438.15 mm, 115.57 mm): Symbol USB1 Pin A9 [VBUS, Unspecified, Line]
    @(425.45 mm, 101.60 mm): Symbol NT6 Pin 2 [2, Passive, Line]
[pin_to_pin]: Pins of type Unspecified and Power input are connected
    ; warning
    @(438.15 mm, 123.19 mm): Symbol USB1 Pin B12 [GND, Unspecified, Line]
    @(435.61 mm, 142.24 mm): Symbol #PWR047 Pin 1 [Power input, Line]
[pin_to_pin]: Pins of type Unspecified and Power input are connected
    ; warning
    @(438.15 mm, 123.19 mm): Symbol USB1 Pin A12 [GND, Unspecified, Line]
    @(435.61 mm, 142.24 mm): Symbol #PWR047 Pin 1 [Power input, Line]
[pin_to_pin]: Pins of type Unspecified and Unspecified are connected
    ; warning
    @(438.15 mm, 125.73 mm): Symbol USB1 Pin 7 [EH, Unspecified, Line]
    @(438.15 mm, 123.19 mm): Symbol USB1 Pin A12 [GND, Unspecified, Line]
[lib_symbol_issues]: The symbol library 'power' was not found at '/opt/homebrew/bin/SharedSupport/symbols//power.kicad_sym'.
    ; warning
    @(435.61 mm, 142.24 mm): Symbol #PWR047 [GND]
[lib_symbol_issues]: The symbol library 'power' was not found at '/opt/homebrew/bin/SharedSupport/symbols//power.kicad_sym'.
    ; warning
    @(114.30 mm, 444.50 mm): Symbol #PWR08 [+12V]
[pin_to_pin]: Pins of type Unspecified and Power input are connected
    ; warning
    @(114.30 mm, 444.50 mm): Symbol LED1 Pin 2 [A, Unspecified, Line]
    @(114.30 mm, 444.50 mm): Symbol #PWR08 Pin 1 [Power input, Line]
[footprint_link_issues]: The current configuration does not include the footprint library 'JLCImport'.
    ; warning
    @(335.28 mm, 314.96 mm): Symbol C8 [ERA16V4700M13X25]
[lib_symbol_issues]: The current configuration does not include the symbol library 'JLCImport'
    ; warning
    @(335.28 mm, 314.96 mm): Symbol C8 [ERA16V4700M13X25]
[lib_symbol_issues]: The symbol library 'power' was not found at '/opt/homebrew/bin/SharedSupport/symbols//power.kicad_sym'.
    ; warning
    @(130.81 mm, 444.50 mm): Symbol #PWR012 [+5V]
[pin_to_pin]: Pins of type Unspecified and Power input are connected
    ; warning
    @(130.81 mm, 444.50 mm): Symbol LED2 Pin 2 [A, Unspecified, Line]
    @(130.81 mm, 444.50 mm): Symbol #PWR012 Pin 1 [Power input, Line]
[footprint_link_issues]: The current configuration does not include the footprint library 'JLCImport'.
    ; warning
    @(114.30 mm, 449.58 mm): Symbol LED1 [XL-1608UBC-04]
[lib_symbol_issues]: The current configuration does not include the symbol library 'JLCImport'
    ; warning
    @(114.30 mm, 449.58 mm): Symbol LED1 [XL-1608UBC-04]
[lib_symbol_issues]: The symbol library 'power' was not found at '/opt/homebrew/bin/SharedSupport/symbols//power.kicad_sym'.
    ; warning
    @(335.28 mm, 322.58 mm): Symbol #PWR039 [GND]
[lib_symbol_issues]: The symbol library 'power' was not found at '/opt/homebrew/bin/SharedSupport/symbols//power.kicad_sym'.
    ; warning
    @(464.82 mm, 27.94 mm): Symbol #PWR049 [+3V3]
[footprint_link_issues]: The current configuration does not include the footprint library 'JLCImport'.
    ; warning
    @(450.85 mm, 118.11 mm): Symbol USB1 [TYPE-C_6P_073]
[lib_symbol_issues]: The current configuration does not include the symbol library 'JLCImport'
    ; warning
    @(450.85 mm, 118.11 mm): Symbol USB1 [TYPE-C_6P_073]
[footprint_link_issues]: The current configuration does not include the footprint library 'JLCImport'.
    ; warning
    @(130.81 mm, 449.58 mm): Symbol LED2 [XL-1608UBC-04]
[lib_symbol_issues]: The current configuration does not include the symbol library 'JLCImport'
    ; warning
    @(130.81 mm, 449.58 mm): Symbol LED2 [XL-1608UBC-04]
[lib_symbol_issues]: The symbol library 'power' was not found at '/opt/homebrew/bin/SharedSupport/symbols//power.kicad_sym'.
    ; warning
    @(147.32 mm, 444.50 mm): Symbol #PWR014 [+3V3]
[pin_to_pin]: Pins of type Unspecified and Power input are connected
    ; warning
    @(147.32 mm, 444.50 mm): Symbol LED3 Pin 2 [A, Unspecified, Line]
    @(147.32 mm, 444.50 mm): Symbol #PWR014 Pin 1 [Power input, Line]
[pin_to_pin]: Pins of type Unspecified and Power input are connected
    ; warning
    @(467.36 mm, 36.83 mm): Symbol U1 Pin 1 [SDO/SA0, Unspecified, Line]
    @(464.82 mm, 27.94 mm): Symbol #PWR049 Pin 1 [Power input, Line]
[footprint_link_issues]: The current configuration does not include the footprint library 'JLCImport'.
    ; warning
    @(449.58 mm, 133.35 mm): Symbol D9 [TPD2E2U06DCKR]
[lib_symbol_issues]: The current configuration does not include the symbol library 'JLCImport'
    ; warning
    @(449.58 mm, 133.35 mm): Symbol D9 [TPD2E2U06DCKR]
[footprint_link_issues]: The current configuration does not include the footprint library '5v rail sm-easyedapro'.
    ; warning
    @(341.63 mm, 321.31 mm): Symbol NT4 [NetTie_2]
[lib_symbol_issues]: The symbol library 'Device' was not found at '/opt/homebrew/bin/SharedSupport/symbols//Device.kicad_sym'.
    ; warning
    @(341.63 mm, 321.31 mm): Symbol NT4 [NetTie_2]
[pin_to_pin]: Pins of type Unspecified and Unspecified are connected
    ; warning
    @(467.36 mm, 39.37 mm): Symbol U1 Pin 2 [SDX, Unspecified, Line]
    @(467.36 mm, 41.91 mm): Symbol U1 Pin 3 [SCX, Unspecified, Line]
[pin_to_pin]: Pins of type Unspecified and Unspecified are connected
    ; warning
    @(467.36 mm, 41.91 mm): Symbol U1 Pin 3 [SCX, Unspecified, Line]
    @(467.36 mm, 49.53 mm): Symbol U1 Pin 6 [GND, Unspecified, Line]
[pin_to_pin]: Pins of type Unspecified and Input are connected
    ; warning
    @(467.36 mm, 44.45 mm): Symbol U1 Pin 4 [INT1, Unspecified, Line]
    @(650.24 mm, 411.48 mm): Symbol R33 Pin 1 [1, Input, Line]
[lib_symbol_issues]: The symbol library 'power' was not found at '/opt/homebrew/bin/SharedSupport/symbols//power.kicad_sym'.
    ; warning
    @(464.82 mm, 66.04 mm): Symbol #PWR050 [GND]
[pin_to_pin]: Pins of type Unspecified and Power input are connected
    ; warning
    @(467.36 mm, 46.99 mm): Symbol U1 Pin 5 [VDDIO, Unspecified, Line]
    @(464.82 mm, 27.94 mm): Symbol #PWR049 Pin 1 [Power input, Line]
[pin_to_pin]: Pins of type Unspecified and Unspecified are connected
    ; warning
    @(467.36 mm, 49.53 mm): Symbol U1 Pin 6 [GND, Unspecified, Line]
    @(467.36 mm, 52.07 mm): Symbol U1 Pin 7 [GND, Unspecified, Line]
[pin_to_pin]: Pins of type Unspecified and Power input are connected
    ; warning
    @(467.36 mm, 52.07 mm): Symbol U1 Pin 7 [GND, Unspecified, Line]
    @(464.82 mm, 66.04 mm): Symbol #PWR050 Pin 1 [Power input, Line]
[footprint_link_issues]: The current configuration does not include the footprint library '5v rail sm-easyedapro'.
    ; warning
    @(360.68 mm, 304.80 mm): Symbol NT5 [NetTie_2]
[lib_symbol_issues]: The symbol library 'Device' was not found at '/opt/homebrew/bin/SharedSupport/symbols//Device.kicad_sym'.
    ; warning
    @(360.68 mm, 304.80 mm): Symbol NT5 [NetTie_2]
[footprint_link_issues]: The current configuration does not include the footprint library 'JLCImport'.
    ; warning
    @(147.32 mm, 449.58 mm): Symbol LED3 [XL-1608UBC-04]
[lib_symbol_issues]: The current configuration does not include the symbol library 'JLCImport'
    ; warning
    @(147.32 mm, 449.58 mm): Symbol LED3 [XL-1608UBC-04]
[lib_symbol_issues]: The symbol library 'power' was not found at '/opt/homebrew/bin/SharedSupport/symbols//power.kicad_sym'.
    ; warning
    @(162.56 mm, 444.50 mm): Symbol #PWR017 [+3V3]
[pin_to_pin]: Pins of type Unspecified and Power input are connected
    ; warning
    @(162.56 mm, 444.50 mm): Symbol LED4 Pin 2 [A, Unspecified, Line]
    @(162.56 mm, 444.50 mm): Symbol #PWR017 Pin 1 [Power input, Line]
[footprint_link_issues]: The current configuration does not include the footprint library 'JLCImport'.
    ; warning
    @(114.30 mm, 459.74 mm): Symbol R2 [0603WAF4701T5E]
[lib_symbol_issues]: The current configuration does not include the symbol library 'JLCImport'
    ; warning
    @(114.30 mm, 459.74 mm): Symbol R2 [0603WAF4701T5E]
[lib_symbol_issues]: The symbol library 'power' was not found at '/opt/homebrew/bin/SharedSupport/symbols//power.kicad_sym'.
    ; warning
    @(347.98 mm, 322.58 mm): Symbol #PWR041 [GND]
[pin_to_pin]: Pins of type Unspecified and Power input are connected
    ; warning
    @(458.47 mm, 133.35 mm): Symbol D9 Pin 3 [GND, Unspecified, Line]
    @(459.74 mm, 142.24 mm): Symbol #PWR048 Pin 1 [Power input, Line]
[footprint_link_issues]: The current configuration does not include the footprint library 'JLCImport'.
    ; warning
    @(130.81 mm, 459.74 mm): Symbol R4 [FRC0603F1001TS]
[lib_symbol_issues]: The current configuration does not include the symbol library 'JLCImport'
    ; warning
    @(130.81 mm, 459.74 mm): Symbol R4 [FRC0603F1001TS]
[footprint_link_issues]: The current configuration does not include the footprint library 'JLCImport'.
    ; warning
    @(162.56 mm, 449.58 mm): Symbol LED4 [XL-1608UBC-04]
[lib_symbol_issues]: The current configuration does not include the symbol library 'JLCImport'
    ; warning
    @(162.56 mm, 449.58 mm): Symbol LED4 [XL-1608UBC-04]
[lib_symbol_issues]: The symbol library 'power' was not found at '/opt/homebrew/bin/SharedSupport/symbols//power.kicad_sym'.
    ; warning
    @(114.30 mm, 464.82 mm): Symbol #PWR09 [GND]
[lib_symbol_issues]: The symbol library 'power' was not found at '/opt/homebrew/bin/SharedSupport/symbols//power.kicad_sym'.
    ; warning
    @(177.80 mm, 444.50 mm): Symbol #PWR021 [+5V]
[pin_to_pin]: Pins of type Unspecified and Power input are connected
    ; warning
    @(177.80 mm, 444.50 mm): Symbol LED5 Pin 2 [A, Unspecified, Line]
    @(177.80 mm, 444.50 mm): Symbol #PWR021 Pin 1 [Power input, Line]
[lib_symbol_issues]: The symbol library 'power' was not found at '/opt/homebrew/bin/SharedSupport/symbols//power.kicad_sym'.
    ; warning
    @(459.74 mm, 142.24 mm): Symbol #PWR048 [GND]
[footprint_link_issues]: The current configuration does not include the footprint library 'JLCImport'.
    ; warning
    @(147.32 mm, 459.74 mm): Symbol R5 [0603WAF1500T5E]
[lib_symbol_issues]: The current configuration does not include the symbol library 'JLCImport'
    ; warning
    @(147.32 mm, 459.74 mm): Symbol R5 [0603WAF1500T5E]
[lib_symbol_issues]: The symbol library 'power' was not found at '/opt/homebrew/bin/SharedSupport/symbols//power.kicad_sym'.
    ; warning
    @(130.81 mm, 464.82 mm): Symbol #PWR013 [GND]
[pin_to_pin]: Pins of type Unspecified and Power input are connected
    ; warning
    @(130.81 mm, 464.82 mm): Symbol R4 Pin 1 [1, Unspecified, Line]
    @(130.81 mm, 464.82 mm): Symbol #PWR013 Pin 1 [Power input, Line]
[footprint_link_issues]: The current configuration does not include the footprint library 'JLCImport'.
    ; warning
    @(177.80 mm, 449.58 mm): Symbol LED5 [XL-1608UBC-04]
[lib_symbol_issues]: The current configuration does not include the symbol library 'JLCImport'
    ; warning
    @(177.80 mm, 449.58 mm): Symbol LED5 [XL-1608UBC-04]
[footprint_link_issues]: Footprint 'LGA-14_3x2.5mm_P0.5mm' not found in library 'Package_LGA'.
    ; warning
    @(483.87 mm, 44.45 mm): Symbol U1 [LSM6DSOXTR]
[lib_symbol_issues]: The current configuration does not include the symbol library '5v rail sm-easyedapro'
    ; warning
    @(483.87 mm, 44.45 mm): Symbol U1 [LSM6DSOXTR]
[lib_symbol_issues]: The symbol library 'power' was not found at '/opt/homebrew/bin/SharedSupport/symbols//power.kicad_sym'.
    ; warning
    @(147.32 mm, 464.82 mm): Symbol #PWR015 [GND]
[footprint_link_issues]: The current configuration does not include the footprint library 'JLCImport'.
    ; warning
    @(162.56 mm, 459.74 mm): Symbol R7 [0603WAF4021T5E_C23040]
[lib_symbol_issues]: The current configuration does not include the symbol library 'JLCImport'
    ; warning
    @(162.56 mm, 459.74 mm): Symbol R7 [0603WAF4021T5E_C23040]
[lib_symbol_issues]: The symbol library 'power' was not found at '/opt/homebrew/bin/SharedSupport/symbols//power.kicad_sym'.
    ; warning
    @(162.56 mm, 464.82 mm): Symbol #PWR018 [GND]
[pin_to_pin]: Pins of type Unspecified and Power input are connected
    ; warning
    @(162.56 mm, 464.82 mm): Symbol R7 Pin 1 [1, Unspecified, Line]
    @(162.56 mm, 464.82 mm): Symbol #PWR018 Pin 1 [Power input, Line]
[footprint_link_issues]: The current configuration does not include the footprint library 'JLCImport'.
    ; warning
    @(177.80 mm, 459.74 mm): Symbol R8 [FRC0603F1001TS]
[lib_symbol_issues]: The current configuration does not include the symbol library 'JLCImport'
    ; warning
    @(177.80 mm, 459.74 mm): Symbol R8 [FRC0603F1001TS]
[lib_symbol_issues]: The symbol library 'power' was not found at '/opt/homebrew/bin/SharedSupport/symbols//power.kicad_sym'.
    ; warning
    @(177.80 mm, 464.82 mm): Symbol #PWR022 [GND]
[pin_to_pin]: Pins of type Unspecified and Power input are connected
    ; warning
    @(177.80 mm, 464.82 mm): Symbol R8 Pin 1 [1, Unspecified, Line]
    @(177.80 mm, 464.82 mm): Symbol #PWR022 Pin 1 [Power input, Line]
[pin_to_pin]: Pins of type Unspecified and Input are connected
    ; warning
    @(500.38 mm, 49.53 mm): Symbol U1 Pin 9 [INT2, Unspecified, Line]
    @(650.24 mm, 414.02 mm): Symbol R34 Pin 1 [1, Input, Line]
[pin_to_pin]: Pins of type Unspecified and Power input are connected
    ; warning
    @(500.38 mm, 52.07 mm): Symbol U1 Pin 8 [VDD, Unspecified, Line]
    @(464.82 mm, 27.94 mm): Symbol #PWR049 Pin 1 [Power input, Line]
[unconnected_wire_endpoint]: Unconnected wire endpoint
    ; warning
    @(393.70 mm, 330.20 mm): Horizontal Wire, length 17.78 mm
[footprint_link_issues]: Footprint 'SolderJumper-2_P1.3mm_Open_Pad1.0x1.5mm' not found in library 'Jumper'.
    ; warning
    @(518.16 mm, 27.94 mm): Symbol U2 [Jumper_2_Open]
[lib_symbol_issues]: The symbol library 'Jumper' was not found at '/opt/homebrew/bin/SharedSupport/symbols//Jumper.kicad_sym'.
    ; warning
    @(518.16 mm, 27.94 mm): Symbol U2 [Jumper_2_Open]
[footprint_link_issues]: Footprint 'SolderJumper-2_P1.3mm_Open_Pad1.0x1.5mm' not found in library 'Jumper'.
    ; warning
    @(518.16 mm, 31.75 mm): Symbol U3 [Jumper_2_Open]
[lib_symbol_issues]: The symbol library 'Jumper' was not found at '/opt/homebrew/bin/SharedSupport/symbols//Jumper.kicad_sym'.
    ; warning
    @(518.16 mm, 31.75 mm): Symbol U3 [Jumper_2_Open]
[footprint_link_issues]: Footprint 'SolderJumper-2_P1.3mm_Bridged_Pad1.0x1.5mm' not found in library 'Jumper'.
    ; warning
    @(518.16 mm, 35.56 mm): Symbol U4 [Jumper_2_Bridged]
[lib_symbol_issues]: The symbol library 'Jumper' was not found at '/opt/homebrew/bin/SharedSupport/symbols//Jumper.kicad_sym'.
    ; warning
    @(518.16 mm, 35.56 mm): Symbol U4 [Jumper_2_Bridged]
[footprint_link_issues]: Footprint 'SolderJumper-2_P1.3mm_Bridged_Pad1.0x1.5mm' not found in library 'Jumper'.
    ; warning
    @(518.16 mm, 39.37 mm): Symbol U5 [Jumper_2_Bridged]
[lib_symbol_issues]: The symbol library 'Jumper' was not found at '/opt/homebrew/bin/SharedSupport/symbols//Jumper.kicad_sym'.
    ; warning
    @(518.16 mm, 39.37 mm): Symbol U5 [Jumper_2_Bridged]
[unconnected_wire_endpoint]: Unconnected wire endpoint
    ; warning
    @(393.70 mm, 340.36 mm): Horizontal Wire, length 17.78 mm
[endpoint_off_grid]: Symbol pin or wire end off connection grid
    ; warning
    @(393.70 mm, 340.36 mm): Symbol C7 Pin 2 [2, Input, Line]
[footprint_link_issues]: The current configuration does not include the footprint library 'JLCImport'.
    ; warning
    @(411.48 mm, 336.55 mm): Symbol C9 [25YXJ1000M10X20]
[lib_symbol_issues]: The current configuration does not include the symbol library 'JLCImport'
    ; warning
    @(411.48 mm, 336.55 mm): Symbol C9 [25YXJ1000M10X20]
[lib_symbol_issues]: The symbol library 'power' was not found at '/opt/homebrew/bin/SharedSupport/symbols//power.kicad_sym'.
    ; warning
    @(429.26 mm, 317.50 mm): Symbol #PWR046 [GND]
[footprint_link_issues]: The current configuration does not include the footprint library 'JLCImport'.
    ; warning
    @(317.50 mm, 433.07 mm): Symbol C7 [217EC0037]
[lib_symbol_issues]: The current configuration does not include the symbol library 'JLCImport'
    ; warning
    @(317.50 mm, 433.07 mm): Symbol C7 [217EC0037]
[lib_symbol_issues]: The symbol library 'power' was not found at '/opt/homebrew/bin/SharedSupport/symbols//power.kicad_sym'.
    ; warning
    @(422.91 mm, 340.36 mm): Symbol #PWR045 [GND]
[footprint_link_issues]: The current configuration does not include the footprint library '5v rail sm-easyedapro'.
    ; warning
    @(30.48 mm, 544.83 mm): Symbol H1 [MountingHoles_and_outline_mikroecl...]
[lib_symbol_issues]: The current configuration does not include the symbol library '5v rail sm-easyedapro'
    ; warning
    @(30.48 mm, 544.83 mm): Symbol H1 [MountingHoles_and_outline_mikroecl...]
[pin_to_pin]: Pins of type Unspecified and Unspecified are connected
    ; warning
    @(435.61 mm, 330.20 mm): Symbol C10 Pin 2 [2, Unspecified, Line]
    @(441.96 mm, 330.20 mm): Symbol C11 Pin 2 [2, Unspecified, Line]
[footprint_link_issues]: The current configuration does not include the footprint library 'JLCImport'.
    ; warning
    @(435.61 mm, 335.28 mm): Symbol C10 [HGC1206R5107M100NSPJ]
[lib_symbol_issues]: The current configuration does not include the symbol library 'JLCImport'
    ; warning
    @(435.61 mm, 335.28 mm): Symbol C10 [HGC1206R5107M100NSPJ]
[pin_to_pin]: Pins of type Unspecified and Unspecified are connected
    ; warning
    @(441.96 mm, 330.20 mm): Symbol C11 Pin 2 [2, Unspecified, Line]
    @(448.31 mm, 330.20 mm): Symbol C12 Pin 2 [2, Unspecified, Line]
[pin_to_pin]: Pins of type Unspecified and Unspecified are connected
    ; warning
    @(435.61 mm, 340.36 mm): Symbol C10 Pin 1 [1, Unspecified, Line]
    @(441.96 mm, 340.36 mm): Symbol C11 Pin 1 [1, Unspecified, Line]
[footprint_link_issues]: The current configuration does not include the footprint library 'JLCImport'.
    ; warning
    @(441.96 mm, 335.28 mm): Symbol C11 [HGC1206R5107M100NSPJ]
[lib_symbol_issues]: The current configuration does not include the symbol library 'JLCImport'
    ; warning
    @(441.96 mm, 335.28 mm): Symbol C11 [HGC1206R5107M100NSPJ]
[pin_to_pin]: Pins of type Unspecified and Input are connected
    ; warning
    @(448.31 mm, 330.20 mm): Symbol C12 Pin 2 [2, Unspecified, Line]
    @(411.48 mm, 332.74 mm): Symbol C9 Pin 1 [1, Input, Line]
[lib_symbol_issues]: The symbol library 'power' was not found at '/opt/homebrew/bin/SharedSupport/symbols//power.kicad_sym'.
    ; warning
    @(509.27 mm, 226.06 mm): Symbol #PWR053 [PACK+]
[pin_to_pin]: Pins of type Unspecified and Unspecified are connected
    ; warning
    @(441.96 mm, 340.36 mm): Symbol C11 Pin 1 [1, Unspecified, Line]
    @(448.31 mm, 340.36 mm): Symbol C12 Pin 1 [1, Unspecified, Line]
[footprint_link_issues]: The current configuration does not include the footprint library '5v rail sm-easyedapro'.
    ; warning
    @(38.10 mm, 557.53 mm): Symbol CN2 [5017_C9900015874]
[lib_symbol_issues]: The current configuration does not include the symbol library '5v rail sm-easyedapro'
    ; warning
    @(38.10 mm, 557.53 mm): Symbol CN2 [5017_C9900015874]
[footprint_link_issues]: Footprint 'R_0603_1608Metric' not found in library 'Resistor_SMD'.
    ; warning
    @(557.53 mm, 41.91 mm): Symbol R17 [0603WAF1002T5E]
[lib_symbol_issues]: The current configuration does not include the symbol library '5v rail sm-easyedapro'
    ; warning
    @(557.53 mm, 41.91 mm): Symbol R17 [0603WAF1002T5E]
[pin_to_pin]: Pins of type Unspecified and Power input are connected
    ; warning
    @(43.18 mm, 557.53 mm): Symbol CN2 Pin 1 [1, Unspecified, Line]
    @(45.72 mm, 561.34 mm): Symbol #PWR03 Pin 1 [Power input, Line]
[footprint_link_issues]: The current configuration does not include the footprint library 'JLCImport'.
    ; warning
    @(448.31 mm, 335.28 mm): Symbol C12 [HGC1206R5107M100NSPJ]
[lib_symbol_issues]: The current configuration does not include the symbol library 'JLCImport'
    ; warning
    @(448.31 mm, 335.28 mm): Symbol C12 [HGC1206R5107M100NSPJ]
[pin_to_pin]: Pins of type Unspecified and Input are connected
    ; warning
    @(557.53 mm, 55.88 mm): Symbol C14 Pin 2 [2, Unspecified, Line]
    @(562.61 mm, 41.91 mm): Symbol R17 Pin 2 [2, Input, Line]
[footprint_link_issues]: Footprint 'C_0603_1608Metric' not found in library 'Capacitor_SMD'.
    ; warning
    @(557.53 mm, 60.96 mm): Symbol C14 [CC0603KRX7R9BB104]
[lib_symbol_issues]: The current configuration does not include the symbol library '5v rail sm-easyedapro'
    ; warning
    @(557.53 mm, 60.96 mm): Symbol C14 [CC0603KRX7R9BB104]
[pin_to_pin]: Pins of type Unspecified and Power input are connected
    ; warning
    @(557.53 mm, 66.04 mm): Symbol C14 Pin 1 [1, Unspecified, Line]
    @(565.15 mm, 73.66 mm): Symbol #PWR058 Pin 1 [Power input, Line]
[footprint_link_issues]: The current configuration does not include the footprint library '5v rail sm-easyedapro'.
    ; warning
    @(509.27 mm, 237.49 mm): Symbol C13 [EWH1EM472L25OT]
[lib_symbol_issues]: The current configuration does not include the symbol library '5v rail sm-easyedapro'
    ; warning
    @(509.27 mm, 237.49 mm): Symbol C13 [EWH1EM472L25OT]
[pin_to_pin]: Pins of type Unspecified and Power input are connected
    ; warning
    @(448.31 mm, 340.36 mm): Symbol C12 Pin 1 [1, Unspecified, Line]
    @(422.91 mm, 340.36 mm): Symbol #PWR045 Pin 1 [Power input, Line]
[lib_symbol_issues]: The symbol library 'power' was not found at '/opt/homebrew/bin/SharedSupport/symbols//power.kicad_sym'.
    ; warning
    @(45.72 mm, 561.34 mm): Symbol #PWR03 [GND]
[footprint_link_issues]: The current configuration does not include the footprint library '5v rail sm-easyedapro'.
    ; warning
    @(515.62 mm, 229.87 mm): Symbol NT7 [NetTie_2]
[lib_symbol_issues]: The symbol library 'Device' was not found at '/opt/homebrew/bin/SharedSupport/symbols//Device.kicad_sym'.
    ; warning
    @(515.62 mm, 229.87 mm): Symbol NT7 [NetTie_2]
[lib_symbol_issues]: The symbol library 'power' was not found at '/opt/homebrew/bin/SharedSupport/symbols//power.kicad_sym'.
    ; warning
    @(565.15 mm, 39.37 mm): Symbol #PWR057 [+3V3]
[lib_symbol_issues]: The symbol library 'power' was not found at '/opt/homebrew/bin/SharedSupport/symbols//power.kicad_sym'.
    ; warning
    @(565.15 mm, 73.66 mm): Symbol #PWR058 [GND]
[pin_to_pin]: Pins of type Unspecified and Input are connected
    ; warning
    @(572.77 mm, 55.88 mm): Symbol C15 Pin 1 [1, Unspecified, Line]
    @(562.61 mm, 41.91 mm): Symbol R17 Pin 2 [2, Input, Line]
[footprint_link_issues]: Footprint 'C_0603_1608Metric' not found in library 'Capacitor_SMD'.
    ; warning
    @(572.77 mm, 60.96 mm): Symbol C15 [CL10B105KB8NQNC]
[lib_symbol_issues]: The current configuration does not include the symbol library '5v rail sm-easyedapro'
    ; warning
    @(572.77 mm, 60.96 mm): Symbol C15 [CL10B105KB8NQNC]
[pin_to_pin]: Pins of type Unspecified and Power input are connected
    ; warning
    @(572.77 mm, 66.04 mm): Symbol C15 Pin 2 [2, Unspecified, Line]
    @(565.15 mm, 73.66 mm): Symbol #PWR058 Pin 1 [Power input, Line]
[footprint_link_issues]: Footprint 'NetTie-3_SMD_Pad2.0mm' not found in library 'NetTie'.
    ; warning
    @(521.97 mm, 245.11 mm): Symbol NT8 [NetTie_3_Tee]
[lib_symbol_issues]: The symbol library 'Device' was not found at '/opt/homebrew/bin/SharedSupport/symbols//Device.kicad_sym'.
    ; warning
    @(521.97 mm, 245.11 mm): Symbol NT8 [NetTie_3_Tee]
[lib_symbol_issues]: The symbol library 'power' was not found at '/opt/homebrew/bin/SharedSupport/symbols//power.kicad_sym'.
    ; warning
    @(521.97 mm, 247.65 mm): Symbol #PWR055 [GND]
[lib_symbol_issues]: The symbol library 'power' was not found at '/opt/homebrew/bin/SharedSupport/symbols//power.kicad_sym'.
    ; warning
    @(483.87 mm, 330.20 mm): Symbol #PWR051 [+3V3]
[lib_symbol_issues]: The symbol library 'power' was not found at '/opt/homebrew/bin/SharedSupport/symbols//power.kicad_sym'.
    ; warning
    @(495.30 mm, 322.58 mm): Symbol #PWR052 [GND]
[global_label_dangling]: Global label not connected anywhere else in the schematic
    ; warning
    @(486.41 mm, 340.36 mm): Global Label 'Receiver/EN'
[pin_to_pin]: Pins of type Unspecified and Input are connected
    ; warning
    @(514.35 mm, 308.61 mm): Symbol R16 Pin 1 [1, Unspecified, Line]
    @(175.26 mm, 95.25 mm): Symbol U31 Pin 6 [OUT, Input, Line]
[footprint_link_issues]: The current configuration does not include the footprint library 'JLCImport'.
    ; warning
    @(519.43 mm, 308.61 mm): Symbol R16 [RLM25FEER005]
[lib_symbol_issues]: The current configuration does not include the symbol library 'JLCImport'
    ; warning
    @(519.43 mm, 308.61 mm): Symbol R16 [RLM25FEER005]
[pin_to_pin]: Pins of type Unspecified and Power input are connected
    ; warning
    @(524.51 mm, 308.61 mm): Symbol R16 Pin 2 [2, Unspecified, Line]
    @(177.80 mm, 444.50 mm): Symbol #PWR021 Pin 1 [Power input, Line]
[footprint_link_issues]: Footprint 'R_0603_1608Metric' not found in library 'Resistor_SMD'.
    ; warning
    @(509.27 mm, 349.25 mm): Symbol R15 [0603WAF1132T5E]
[lib_symbol_issues]: The current configuration does not include the symbol library '5v rail sm-easyedapro'
    ; warning
    @(509.27 mm, 349.25 mm): Symbol R15 [0603WAF1132T5E]
[lib_symbol_issues]: The symbol library 'power' was not found at '/opt/homebrew/bin/SharedSupport/symbols//power.kicad_sym'.
    ; warning
    @(509.27 mm, 360.68 mm): Symbol #PWR054 [GND]
[pin_to_pin]: Pins of type Unspecified and Passive are connected
    ; warning
    @(591.82 mm, 229.87 mm): Symbol R18 Pin 1 [1, Unspecified, Line]
    @(177.80 mm, 81.28 mm): Symbol NT18 Pin 1 [1, Passive, Line]
[footprint_link_issues]: The current configuration does not include the footprint library '5v rail sm-easyedapro'.
    ; warning
    @(596.90 mm, 229.87 mm): Symbol R18 [PEWM3920F1L00K9]
[lib_symbol_issues]: The current configuration does not include the symbol library '5v rail sm-easyedapro'
    ; warning
    @(596.90 mm, 229.87 mm): Symbol R18 [PEWM3920F1L00K9]
[pin_to_pin]: Pins of type Unspecified and Passive are connected
    ; warning
    @(601.98 mm, 229.87 mm): Symbol R18 Pin 2 [2, Unspecified, Line]
    @(177.80 mm, 78.74 mm): Symbol NT17 Pin 1 [1, Passive, Line]
[lib_symbol_issues]: The symbol library 'power' was not found at '/opt/homebrew/bin/SharedSupport/symbols//power.kicad_sym'.
    ; warning
    @(548.64 mm, 344.17 mm): Symbol #PWR056 [GND]
[pin_to_pin]: Pins of type Unspecified and Unspecified are connected
    ; warning
    @(605.79 mm, 229.87 mm): Symbol D10 Pin 1 [1, Unspecified, Line]
    @(601.98 mm, 229.87 mm): Symbol R18 Pin 2 [2, Unspecified, Line]
[footprint_link_issues]: Footprint 'SMA' not found in library 'Diode_SMD'.
    ; warning
    @(605.79 mm, 234.95 mm): Symbol D10 [SMAJ16A_C908770]
[lib_symbol_issues]: The current configuration does not include the symbol library '5v rail sm-easyedapro'
    ; warning
    @(605.79 mm, 234.95 mm): Symbol D10 [SMAJ16A_C908770]
[pin_to_pin]: Pins of type Unspecified and Passive are connected
    ; warning
    @(605.79 mm, 240.03 mm): Symbol D10 Pin 2 [2, Unspecified, Line]
    @(521.97 mm, 242.57 mm): Symbol NT8 Pin 1 [1, Passive, Line]
[global_label_dangling]: Global label not connected anywhere else in the schematic
    ; warning
    @(648.97 mm, 125.73 mm): Global Label 'SDA_FAST'
[global_label_dangling]: Global label not connected anywhere else in the schematic
    ; warning
    @(650.24 mm, 129.54 mm): Global Label 'SCL_FAST'
[pin_to_pin]: Pins of type Unspecified and Unspecified are connected
    ; warning
    @(627.38 mm, 238.76 mm): Symbol +ESC-CONNECTOR-1 Pin 2 [+, Unspecified, Line]
    @(605.79 mm, 229.87 mm): Symbol D10 Pin 1 [1, Unspecified, Line]
[pin_to_pin]: Pins of type Unspecified and Unspecified are connected
    ; warning
    @(627.38 mm, 241.30 mm): Symbol +ESC-CONNECTOR-1 Pin 1 [-, Unspecified, Line]
    @(605.79 mm, 240.03 mm): Symbol D10 Pin 2 [2, Unspecified, Line]
[footprint_link_issues]: Footprint 'SolderJumper-2_P1.3mm_Open_Pad1.0x1.5mm' not found in library 'Jumper'.
    ; warning
    @(601.98 mm, 304.80 mm): Symbol U6 [Jumper_2_Open]
[lib_symbol_issues]: The symbol library 'Jumper' was not found at '/opt/homebrew/bin/SharedSupport/symbols//Jumper.kicad_sym'.
    ; warning
    @(601.98 mm, 304.80 mm): Symbol U6 [Jumper_2_Open]
[footprint_link_issues]: The current configuration does not include the footprint library '5v rail sm-easyedapro'.
    ; warning
    @(632.46 mm, 237.49 mm): Symbol +ESC-CONNECTOR-1 [XT60PW-M]
[lib_symbol_issues]: The current configuration does not include the symbol library '5v rail sm-easyedapro'
    ; warning
    @(632.46 mm, 237.49 mm): Symbol +ESC-CONNECTOR-1 [XT60PW-M]
[footprint_link_issues]: Footprint 'SolderJumper-2_P1.3mm_Open_Pad1.0x1.5mm' not found in library 'Jumper'.
    ; warning
    @(601.98 mm, 308.61 mm): Symbol U7 [Jumper_2_Open]
[lib_symbol_issues]: The symbol library 'Jumper' was not found at '/opt/homebrew/bin/SharedSupport/symbols//Jumper.kicad_sym'.
    ; warning
    @(601.98 mm, 308.61 mm): Symbol U7 [Jumper_2_Open]
[footprint_link_issues]: Footprint 'SolderJumper-2_P1.3mm_Bridged_Pad1.0x1.5mm' not found in library 'Jumper'.
    ; warning
    @(601.98 mm, 312.42 mm): Symbol U8 [Jumper_2_Bridged]
[lib_symbol_issues]: The symbol library 'Jumper' was not found at '/opt/homebrew/bin/SharedSupport/symbols//Jumper.kicad_sym'.
    ; warning
    @(601.98 mm, 312.42 mm): Symbol U8 [Jumper_2_Bridged]
[footprint_link_issues]: Footprint 'SolderJumper-2_P1.3mm_Bridged_Pad1.0x1.5mm' not found in library 'Jumper'.
    ; warning
    @(601.98 mm, 316.23 mm): Symbol U9 [Jumper_2_Bridged]
[lib_symbol_issues]: The symbol library 'Jumper' was not found at '/opt/homebrew/bin/SharedSupport/symbols//Jumper.kicad_sym'.
    ; warning
    @(601.98 mm, 316.23 mm): Symbol U9 [Jumper_2_Bridged]
[footprint_link_issues]: Footprint 'R_0603_1608Metric' not found in library 'Resistor_SMD'.
    ; warning
    @(678.18 mm, 128.27 mm): Symbol R35 [0603WAF4701T5E]
[lib_symbol_issues]: The current configuration does not include the symbol library '5v rail sm-easyedapro'
    ; warning
    @(678.18 mm, 128.27 mm): Symbol R35 [0603WAF4701T5E]
[footprint_link_issues]: Footprint 'R_0603_1608Metric' not found in library 'Resistor_SMD'.
    ; warning
    @(690.88 mm, 128.27 mm): Symbol R36 [0603WAF4701T5E]
[lib_symbol_issues]: The current configuration does not include the symbol library '5v rail sm-easyedapro'
    ; warning
    @(690.88 mm, 128.27 mm): Symbol R36 [0603WAF4701T5E]
[lib_symbol_issues]: The symbol library 'power' was not found at '/opt/homebrew/bin/SharedSupport/symbols//power.kicad_sym'.
    ; warning
    @(699.77 mm, 105.41 mm): Symbol #PWR059 [+3V3]
[footprint_link_issues]: Footprint 'R_0603_1608Metric' not found in library 'Resistor_SMD'.
    ; warning
    @(707.39 mm, 129.54 mm): Symbol R40 [0603WAF2201T5E]
[lib_symbol_issues]: The current configuration does not include the symbol library '5v rail sm-easyedapro'
    ; warning
    @(707.39 mm, 129.54 mm): Symbol R40 [0603WAF2201T5E]
[footprint_link_issues]: Footprint 'R_0603_1608Metric' not found in library 'Resistor_SMD'.
    ; warning
    @(720.09 mm, 129.54 mm): Symbol R42 [0603WAF2201T5E]
[lib_symbol_issues]: The current configuration does not include the symbol library '5v rail sm-easyedapro'
    ; warning
    @(720.09 mm, 129.54 mm): Symbol R42 [0603WAF2201T5E]
[footprint_link_issues]: Footprint 'R_0603_1608Metric' not found in library 'Resistor_SMD'.
    ; warning
    @(655.32 mm, 375.92 mm): Symbol R19 [RS-03K47R0FT]
[lib_symbol_issues]: The current configuration does not include the symbol library '5v rail sm-easyedapro'
    ; warning
    @(655.32 mm, 375.92 mm): Symbol R19 [RS-03K47R0FT]
[footprint_link_issues]: Footprint 'R_0603_1608Metric' not found in library 'Resistor_SMD'.
    ; warning
    @(655.32 mm, 378.46 mm): Symbol R20 [RS-03K47R0FT]
[lib_symbol_issues]: The current configuration does not include the symbol library '5v rail sm-easyedapro'
    ; warning
    @(655.32 mm, 378.46 mm): Symbol R20 [RS-03K47R0FT]
[footprint_link_issues]: Footprint 'R_0603_1608Metric' not found in library 'Resistor_SMD'.
    ; warning
    @(655.32 mm, 381.00 mm): Symbol R21 [RS-03K47R0FT]
[lib_symbol_issues]: The current configuration does not include the symbol library '5v rail sm-easyedapro'
    ; warning
    @(655.32 mm, 381.00 mm): Symbol R21 [RS-03K47R0FT]
[footprint_link_issues]: Footprint 'R_0603_1608Metric' not found in library 'Resistor_SMD'.
    ; warning
    @(655.32 mm, 383.54 mm): Symbol R22 [RS-03K47R0FT]
[lib_symbol_issues]: The current configuration does not include the symbol library '5v rail sm-easyedapro'
    ; warning
    @(655.32 mm, 383.54 mm): Symbol R22 [RS-03K47R0FT]
[footprint_link_issues]: Footprint 'R_0603_1608Metric' not found in library 'Resistor_SMD'.
    ; warning
    @(655.32 mm, 386.08 mm): Symbol R23 [RS-03K47R0FT]
[lib_symbol_issues]: The current configuration does not include the symbol library '5v rail sm-easyedapro'
    ; warning
    @(655.32 mm, 386.08 mm): Symbol R23 [RS-03K47R0FT]
[footprint_link_issues]: Footprint 'R_0603_1608Metric' not found in library 'Resistor_SMD'.
    ; warning
    @(655.32 mm, 388.62 mm): Symbol R24 [RS-03K47R0FT]
[lib_symbol_issues]: The current configuration does not include the symbol library '5v rail sm-easyedapro'
    ; warning
    @(655.32 mm, 388.62 mm): Symbol R24 [RS-03K47R0FT]
[footprint_link_issues]: Footprint 'R_0603_1608Metric' not found in library 'Resistor_SMD'.
    ; warning
    @(655.32 mm, 391.16 mm): Symbol R25 [RS-03K47R0FT]
[lib_symbol_issues]: The current configuration does not include the symbol library '5v rail sm-easyedapro'
    ; warning
    @(655.32 mm, 391.16 mm): Symbol R25 [RS-03K47R0FT]
[footprint_link_issues]: Footprint 'R_0603_1608Metric' not found in library 'Resistor_SMD'.
    ; warning
    @(655.32 mm, 393.70 mm): Symbol R26 [RS-03K47R0FT]
[lib_symbol_issues]: The current configuration does not include the symbol library '5v rail sm-easyedapro'
    ; warning
    @(655.32 mm, 393.70 mm): Symbol R26 [RS-03K47R0FT]
[footprint_link_issues]: Footprint 'R_0603_1608Metric' not found in library 'Resistor_SMD'.
    ; warning
    @(655.32 mm, 396.24 mm): Symbol R27 [RS-03K47R0FT]
[lib_symbol_issues]: The current configuration does not include the symbol library '5v rail sm-easyedapro'
    ; warning
    @(655.32 mm, 396.24 mm): Symbol R27 [RS-03K47R0FT]
[footprint_link_issues]: Footprint 'PinHeader_1x02_P2.54mm_Vertical' not found in library 'Connector_PinHeader_2.54mm'.
    ; warning
    @(720.09 mm, 261.62 mm): Symbol ONBOARD_5V1 [PZ254V-11-02P]
[lib_symbol_issues]: The current configuration does not include the symbol library '5v rail sm-easyedapro'
    ; warning
    @(720.09 mm, 261.62 mm): Symbol ONBOARD_5V1 [PZ254V-11-02P]
[footprint_link_issues]: Footprint 'R_0603_1608Metric' not found in library 'Resistor_SMD'.
    ; warning
    @(655.32 mm, 398.78 mm): Symbol R28 [RS-03K47R0FT]
[lib_symbol_issues]: The current configuration does not include the symbol library '5v rail sm-easyedapro'
    ; warning
    @(655.32 mm, 398.78 mm): Symbol R28 [RS-03K47R0FT]
[footprint_link_issues]: Footprint 'R_0603_1608Metric' not found in library 'Resistor_SMD'.
    ; warning
    @(655.32 mm, 401.32 mm): Symbol R29 [RS-03K47R0FT]
[lib_symbol_issues]: The current configuration does not include the symbol library '5v rail sm-easyedapro'
    ; warning
    @(655.32 mm, 401.32 mm): Symbol R29 [RS-03K47R0FT]
[lib_symbol_issues]: The symbol library 'power' was not found at '/opt/homebrew/bin/SharedSupport/symbols//power.kicad_sym'.
    ; warning
    @(725.17 mm, 255.27 mm): Symbol #PWR062 [+5V]
[footprint_link_issues]: Footprint 'R_0603_1608Metric' not found in library 'Resistor_SMD'.
    ; warning
    @(655.32 mm, 403.86 mm): Symbol R30 [RS-03K47R0FT]
[lib_symbol_issues]: The current configuration does not include the symbol library '5v rail sm-easyedapro'
    ; warning
    @(655.32 mm, 403.86 mm): Symbol R30 [RS-03K47R0FT]
[pin_to_pin]: Pins of type Unspecified and Power input are connected
    ; warning
    @(725.17 mm, 260.35 mm): Symbol ONBOARD_5V1 Pin 2 [2, Unspecified, Line]
    @(725.17 mm, 255.27 mm): Symbol #PWR062 Pin 1 [Power input, Line]
[footprint_link_issues]: Footprint 'R_0603_1608Metric' not found in library 'Resistor_SMD'.
    ; warning
    @(655.32 mm, 406.40 mm): Symbol R31 [RS-03K47R0FT]
[lib_symbol_issues]: The current configuration does not include the symbol library '5v rail sm-easyedapro'
    ; warning
    @(655.32 mm, 406.40 mm): Symbol R31 [RS-03K47R0FT]
[pin_to_pin]: Pins of type Unspecified and Unspecified are connected
    ; warning
    @(725.17 mm, 262.89 mm): Symbol ONBOARD_5V1 Pin 1 [1, Unspecified, Line]
    @(143.51 mm, 85.09 mm): Symbol U62 Pin 10 [10, Unspecified, Line]
[footprint_link_issues]: Footprint 'R_0603_1608Metric' not found in library 'Resistor_SMD'.
    ; warning
    @(655.32 mm, 408.94 mm): Symbol R32 [RS-03K47R0FT]
[lib_symbol_issues]: The current configuration does not include the symbol library '5v rail sm-easyedapro'
    ; warning
    @(655.32 mm, 408.94 mm): Symbol R32 [RS-03K47R0FT]
[footprint_link_issues]: Footprint 'R_0603_1608Metric' not found in library 'Resistor_SMD'.
    ; warning
    @(655.32 mm, 411.48 mm): Symbol R33 [RS-03K47R0FT]
[lib_symbol_issues]: The current configuration does not include the symbol library '5v rail sm-easyedapro'
    ; warning
    @(655.32 mm, 411.48 mm): Symbol R33 [RS-03K47R0FT]
[lib_symbol_issues]: The symbol library 'power' was not found at '/opt/homebrew/bin/SharedSupport/symbols//power.kicad_sym'.
    ; warning
    @(731.52 mm, 255.27 mm): Symbol #PWR064 [+3V3]
[footprint_link_issues]: Footprint 'R_0603_1608Metric' not found in library 'Resistor_SMD'.
    ; warning
    @(655.32 mm, 414.02 mm): Symbol R34 [RS-03K47R0FT]
[lib_symbol_issues]: The current configuration does not include the symbol library '5v rail sm-easyedapro'
    ; warning
    @(655.32 mm, 414.02 mm): Symbol R34 [RS-03K47R0FT]
[footprint_link_issues]: The current configuration does not include the footprint library '5v rail sm-easyedapro'.
    ; warning
    @(678.18 mm, 396.24 mm): Symbol U10 [PCAL6524HEAZ]
[lib_symbol_issues]: The current configuration does not include the symbol library '5v rail sm-easyedapro'
    ; warning
    @(678.18 mm, 396.24 mm): Symbol U10 [PCAL6524HEAZ]
[pin_to_pin]: Pins of type Unspecified and Power input are connected
    ; warning
    @(695.96 mm, 373.38 mm): Symbol U10 Pin 33 [EP, Unspecified, Line]
    @(711.20 mm, 391.16 mm): Symbol #PWR060 Pin 1 [Power input, Line]
[pin_to_pin]: Pins of type Unspecified and Input are connected
    ; warning
    @(695.96 mm, 375.92 mm): Symbol U10 Pin 32 [INT#, Unspecified, Line]
    @(718.82 mm, 370.84 mm): Symbol R41 Pin 1 [1, Input, Line]
[pin_to_pin]: Pins of type Unspecified and Input are connected
    ; warning
    @(695.96 mm, 378.46 mm): Symbol U10 Pin 31 [VDD(I2C-bus), Unspecified, Line]
    @(718.82 mm, 360.68 mm): Symbol R41 Pin 2 [2, Input, Line]
[footprint_link_issues]: Footprint 'R_0603_1608Metric' not found in library 'Resistor_SMD'.
    ; warning
    @(656.59 mm, 448.31 mm): Symbol R193 [RS-03K47R0FT]
[lib_symbol_issues]: The current configuration does not include the symbol library '5v rail sm-easyedapro'
    ; warning
    @(656.59 mm, 448.31 mm): Symbol R193 [RS-03K47R0FT]
[pin_to_pin]: Pins of type Unspecified and Unspecified are connected
    ; warning
    @(695.96 mm, 386.08 mm): Symbol U10 Pin 28 [RESET#, Unspecified, Line]
    @(695.96 mm, 378.46 mm): Symbol U10 Pin 31 [VDD(I2C-bus), Unspecified, Line]
[footprint_link_issues]: Footprint 'R_0603_1608Metric' not found in library 'Resistor_SMD'.
    ; warning
    @(656.59 mm, 450.85 mm): Symbol R194 [RS-03K47R0FT]
[lib_symbol_issues]: The current configuration does not include the symbol library '5v rail sm-easyedapro'
    ; warning
    @(656.59 mm, 450.85 mm): Symbol R194 [RS-03K47R0FT]
[pin_to_pin]: Pins of type Unspecified and Unspecified are connected
    ; warning
    @(695.96 mm, 388.62 mm): Symbol U10 Pin 27 [VDD(P), Unspecified, Line]
    @(695.96 mm, 386.08 mm): Symbol U10 Pin 28 [RESET#, Unspecified, Line]
[footprint_link_issues]: Footprint 'R_0603_1608Metric' not found in library 'Resistor_SMD'.
    ; warning
    @(656.59 mm, 453.39 mm): Symbol R195 [RS-03K47R0FT]
[lib_symbol_issues]: The current configuration does not include the symbol library '5v rail sm-easyedapro'
    ; warning
    @(656.59 mm, 453.39 mm): Symbol R195 [RS-03K47R0FT]
[pin_to_pin]: Pins of type Unspecified and Power input are connected
    ; warning
    @(695.96 mm, 391.16 mm): Symbol U10 Pin 26 [ADDR, Unspecified, Line]
    @(711.20 mm, 391.16 mm): Symbol #PWR060 Pin 1 [Power input, Line]
[footprint_link_issues]: Footprint 'R_0603_1608Metric' not found in library 'Resistor_SMD'.
    ; warning
    @(656.59 mm, 455.93 mm): Symbol R196 [RS-03K47R0FT]
[lib_symbol_issues]: The current configuration does not include the symbol library '5v rail sm-easyedapro'
    ; warning
    @(656.59 mm, 455.93 mm): Symbol R196 [RS-03K47R0FT]
[pin_to_pin]: Pins of type Unspecified and Unspecified are connected
    ; warning
    @(695.96 mm, 393.70 mm): Symbol U10 Pin 25 [VSS, Unspecified, Line]
    @(695.96 mm, 391.16 mm): Symbol U10 Pin 26 [ADDR, Unspecified, Line]
[footprint_link_issues]: Footprint 'R_0603_1608Metric' not found in library 'Resistor_SMD'.
    ; warning
    @(656.59 mm, 458.47 mm): Symbol R197 [RS-03K47R0FT]
[lib_symbol_issues]: The current configuration does not include the symbol library '5v rail sm-easyedapro'
    ; warning
    @(656.59 mm, 458.47 mm): Symbol R197 [RS-03K47R0FT]
[footprint_link_issues]: Footprint 'R_0603_1608Metric' not found in library 'Resistor_SMD'.
    ; warning
    @(656.59 mm, 461.01 mm): Symbol R198 [RS-03K47R0FT]
[lib_symbol_issues]: The current configuration does not include the symbol library '5v rail sm-easyedapro'
    ; warning
    @(656.59 mm, 461.01 mm): Symbol R198 [RS-03K47R0FT]
[lib_symbol_issues]: The symbol library 'power' was not found at '/opt/homebrew/bin/SharedSupport/symbols//power.kicad_sym'.
    ; warning
    @(718.82 mm, 358.14 mm): Symbol #PWR061 [+3V3]
[footprint_link_issues]: Footprint 'R_0603_1608Metric' not found in library 'Resistor_SMD'.
    ; warning
    @(656.59 mm, 463.55 mm): Symbol R199 [RS-03K47R0FT]
[lib_symbol_issues]: The current configuration does not include the symbol library '5v rail sm-easyedapro'
    ; warning
    @(656.59 mm, 463.55 mm): Symbol R199 [RS-03K47R0FT]
[footprint_link_issues]: Footprint 'R_0603_1608Metric' not found in library 'Resistor_SMD'.
    ; warning
    @(656.59 mm, 466.09 mm): Symbol R200 [RS-03K47R0FT]
[lib_symbol_issues]: The current configuration does not include the symbol library '5v rail sm-easyedapro'
    ; warning
    @(656.59 mm, 466.09 mm): Symbol R200 [RS-03K47R0FT]
[footprint_link_issues]: Footprint 'R_0603_1608Metric' not found in library 'Resistor_SMD'.
    ; warning
    @(701.04 mm, 396.24 mm): Symbol R37 [RS-03K47R0FT]
[lib_symbol_issues]: The current configuration does not include the symbol library '5v rail sm-easyedapro'
    ; warning
    @(701.04 mm, 396.24 mm): Symbol R37 [RS-03K47R0FT]
[footprint_link_issues]: Footprint 'R_0603_1608Metric' not found in library 'Resistor_SMD'.
    ; warning
    @(701.04 mm, 398.78 mm): Symbol R38 [RS-03K47R0FT]
[lib_symbol_issues]: The current configuration does not include the symbol library '5v rail sm-easyedapro'
    ; warning
    @(701.04 mm, 398.78 mm): Symbol R38 [RS-03K47R0FT]
[footprint_link_issues]: Footprint 'R_0603_1608Metric' not found in library 'Resistor_SMD'.
    ; warning
    @(656.59 mm, 468.63 mm): Symbol R201 [RS-03K47R0FT]
[lib_symbol_issues]: The current configuration does not include the symbol library '5v rail sm-easyedapro'
    ; warning
    @(656.59 mm, 468.63 mm): Symbol R201 [RS-03K47R0FT]
[footprint_link_issues]: Footprint 'R_0603_1608Metric' not found in library 'Resistor_SMD'.
    ; warning
    @(701.04 mm, 401.32 mm): Symbol R39 [RS-03K47R0FT]
[lib_symbol_issues]: The current configuration does not include the symbol library '5v rail sm-easyedapro'
    ; warning
    @(701.04 mm, 401.32 mm): Symbol R39 [RS-03K47R0FT]
[footprint_link_issues]: Footprint 'R_0603_1608Metric' not found in library 'Resistor_SMD'.
    ; warning
    @(656.59 mm, 471.17 mm): Symbol R202 [RS-03K47R0FT]
[lib_symbol_issues]: The current configuration does not include the symbol library '5v rail sm-easyedapro'
    ; warning
    @(656.59 mm, 471.17 mm): Symbol R202 [RS-03K47R0FT]
[footprint_link_issues]: Footprint 'R_0603_1608Metric' not found in library 'Resistor_SMD'.
    ; warning
    @(701.04 mm, 403.86 mm): Symbol R188 [RS-03K47R0FT]
[lib_symbol_issues]: The current configuration does not include the symbol library '5v rail sm-easyedapro'
    ; warning
    @(701.04 mm, 403.86 mm): Symbol R188 [RS-03K47R0FT]
[footprint_link_issues]: Footprint 'R_0603_1608Metric' not found in library 'Resistor_SMD'.
    ; warning
    @(656.59 mm, 473.71 mm): Symbol R203 [RS-03K47R0FT]
[lib_symbol_issues]: The current configuration does not include the symbol library '5v rail sm-easyedapro'
    ; warning
    @(656.59 mm, 473.71 mm): Symbol R203 [RS-03K47R0FT]
[footprint_link_issues]: Footprint 'R_0603_1608Metric' not found in library 'Resistor_SMD'.
    ; warning
    @(701.04 mm, 406.40 mm): Symbol R189 [RS-03K47R0FT]
[lib_symbol_issues]: The current configuration does not include the symbol library '5v rail sm-easyedapro'
    ; warning
    @(701.04 mm, 406.40 mm): Symbol R189 [RS-03K47R0FT]
[footprint_link_issues]: Footprint 'SolderJumper-2_P1.3mm_Open_Pad1.0x1.5mm' not found in library 'Jumper'.
    ; warning
    @(718.82 mm, 374.65 mm): Symbol U12 [Jumper_2_Open]
[lib_symbol_issues]: The symbol library 'Jumper' was not found at '/opt/homebrew/bin/SharedSupport/symbols//Jumper.kicad_sym'.
    ; warning
    @(718.82 mm, 374.65 mm): Symbol U12 [Jumper_2_Open]
[footprint_link_issues]: Footprint 'R_0603_1608Metric' not found in library 'Resistor_SMD'.
    ; warning
    @(656.59 mm, 476.25 mm): Symbol R204 [RS-03K47R0FT]
[lib_symbol_issues]: The current configuration does not include the symbol library '5v rail sm-easyedapro'
    ; warning
    @(656.59 mm, 476.25 mm): Symbol R204 [RS-03K47R0FT]
[footprint_link_issues]: Footprint 'R_0603_1608Metric' not found in library 'Resistor_SMD'.
    ; warning
    @(701.04 mm, 408.94 mm): Symbol R190 [RS-03K47R0FT]
[lib_symbol_issues]: The current configuration does not include the symbol library '5v rail sm-easyedapro'
    ; warning
    @(701.04 mm, 408.94 mm): Symbol R190 [RS-03K47R0FT]
[lib_symbol_issues]: The symbol library 'power' was not found at '/opt/homebrew/bin/SharedSupport/symbols//power.kicad_sym'.
    ; warning
    @(711.20 mm, 391.16 mm): Symbol #PWR060 [GND]
[footprint_link_issues]: Footprint 'SolderJumper-2_P1.3mm_Open_Pad1.0x1.5mm' not found in library 'Jumper'.
    ; warning
    @(718.82 mm, 377.19 mm): Symbol U13 [Jumper_2_Open]
[lib_symbol_issues]: The symbol library 'Jumper' was not found at '/opt/homebrew/bin/SharedSupport/symbols//Jumper.kicad_sym'.
    ; warning
    @(718.82 mm, 377.19 mm): Symbol U13 [Jumper_2_Open]
[footprint_link_issues]: Footprint 'R_0603_1608Metric' not found in library 'Resistor_SMD'.
    ; warning
    @(656.59 mm, 478.79 mm): Symbol R205 [RS-03K47R0FT]
[lib_symbol_issues]: The current configuration does not include the symbol library '5v rail sm-easyedapro'
    ; warning
    @(656.59 mm, 478.79 mm): Symbol R205 [RS-03K47R0FT]
[footprint_link_issues]: Footprint 'R_0603_1608Metric' not found in library 'Resistor_SMD'.
    ; warning
    @(701.04 mm, 411.48 mm): Symbol R191 [RS-03K47R0FT]
[lib_symbol_issues]: The current configuration does not include the symbol library '5v rail sm-easyedapro'
    ; warning
    @(701.04 mm, 411.48 mm): Symbol R191 [RS-03K47R0FT]
[footprint_link_issues]: Footprint 'SolderJumper-2_P1.3mm_Bridged_Pad1.0x1.5mm' not found in library 'Jumper'.
    ; warning
    @(718.82 mm, 381.00 mm): Symbol U14 [Jumper_2_Bridged]
[lib_symbol_issues]: The symbol library 'Jumper' was not found at '/opt/homebrew/bin/SharedSupport/symbols//Jumper.kicad_sym'.
    ; warning
    @(718.82 mm, 381.00 mm): Symbol U14 [Jumper_2_Bridged]
[footprint_link_issues]: Footprint 'R_0603_1608Metric' not found in library 'Resistor_SMD'.
    ; warning
    @(656.59 mm, 481.33 mm): Symbol R206 [RS-03K47R0FT]
[lib_symbol_issues]: The current configuration does not include the symbol library '5v rail sm-easyedapro'
    ; warning
    @(656.59 mm, 481.33 mm): Symbol R206 [RS-03K47R0FT]
[footprint_link_issues]: Footprint 'R_0603_1608Metric' not found in library 'Resistor_SMD'.
    ; warning
    @(701.04 mm, 414.02 mm): Symbol R192 [RS-03K47R0FT]
[lib_symbol_issues]: The current configuration does not include the symbol library '5v rail sm-easyedapro'
    ; warning
    @(701.04 mm, 414.02 mm): Symbol R192 [RS-03K47R0FT]
[footprint_link_issues]: Footprint 'SolderJumper-2_P1.3mm_Bridged_Pad1.0x1.5mm' not found in library 'Jumper'.
    ; warning
    @(718.82 mm, 383.54 mm): Symbol U15 [Jumper_2_Bridged]
[lib_symbol_issues]: The symbol library 'Jumper' was not found at '/opt/homebrew/bin/SharedSupport/symbols//Jumper.kicad_sym'.
    ; warning
    @(718.82 mm, 383.54 mm): Symbol U15 [Jumper_2_Bridged]
[footprint_link_issues]: Footprint 'R_0603_1608Metric' not found in library 'Resistor_SMD'.
    ; warning
    @(656.59 mm, 483.87 mm): Symbol R207 [RS-03K47R0FT]
[lib_symbol_issues]: The current configuration does not include the symbol library '5v rail sm-easyedapro'
    ; warning
    @(656.59 mm, 483.87 mm): Symbol R207 [RS-03K47R0FT]
[footprint_link_issues]: Footprint 'R_0603_1608Metric' not found in library 'Resistor_SMD'.
    ; warning
    @(656.59 mm, 486.41 mm): Symbol R208 [RS-03K47R0FT]
[lib_symbol_issues]: The current configuration does not include the symbol library '5v rail sm-easyedapro'
    ; warning
    @(656.59 mm, 486.41 mm): Symbol R208 [RS-03K47R0FT]
[footprint_link_issues]: The current configuration does not include the footprint library '5v rail sm-easyedapro'.
    ; warning
    @(679.45 mm, 468.63 mm): Symbol U11 [PCAL6524HEAZ]
[lib_symbol_issues]: The current configuration does not include the symbol library '5v rail sm-easyedapro'
    ; warning
    @(679.45 mm, 468.63 mm): Symbol U11 [PCAL6524HEAZ]
[footprint_link_issues]: Footprint 'PinHeader_1x02_P2.54mm_Vertical' not found in library 'Connector_PinHeader_2.54mm'.
    ; warning
    @(770.89 mm, 298.45 mm): Symbol ONBOARD_5V2 [PZ254V-11-02P]
[lib_symbol_issues]: The current configuration does not include the symbol library '5v rail sm-easyedapro'
    ; warning
    @(770.89 mm, 298.45 mm): Symbol ONBOARD_5V2 [PZ254V-11-02P]
[pin_to_pin]: Pins of type Unspecified and Power input are connected
    ; warning
    @(697.23 mm, 445.77 mm): Symbol U11 Pin 33 [EP, Unspecified, Line]
    @(712.47 mm, 466.09 mm): Symbol #PWR0171 Pin 1 [Power input, Line]
[pin_to_pin]: Pins of type Unspecified and Input are connected
    ; warning
    @(697.23 mm, 448.31 mm): Symbol U11 Pin 32 [INT#, Unspecified, Line]
    @(720.09 mm, 443.23 mm): Symbol R217 Pin 1 [1, Input, Line]
[lib_symbol_issues]: The symbol library 'power' was not found at '/opt/homebrew/bin/SharedSupport/symbols//power.kicad_sym'.
    ; warning
    @(775.97 mm, 292.10 mm): Symbol #PWR0174 [+5V]
[pin_to_pin]: Pins of type Unspecified and Input are connected
    ; warning
    @(697.23 mm, 450.85 mm): Symbol U11 Pin 31 [VDD(I2C-bus), Unspecified, Line]
    @(720.09 mm, 433.07 mm): Symbol R217 Pin 2 [2, Input, Line]
[pin_to_pin]: Pins of type Unspecified and Power input are connected
    ; warning
    @(775.97 mm, 297.18 mm): Symbol ONBOARD_5V2 Pin 2 [2, Unspecified, Line]
    @(775.97 mm, 292.10 mm): Symbol #PWR0174 Pin 1 [Power input, Line]
[pin_to_pin]: Pins of type Unspecified and Unspecified are connected
    ; warning
    @(775.97 mm, 299.72 mm): Symbol ONBOARD_5V2 Pin 1 [1, Unspecified, Line]
    @(143.51 mm, 85.09 mm): Symbol U62 Pin 10 [10, Unspecified, Line]
[pin_to_pin]: Pins of type Unspecified and Unspecified are connected
    ; warning
    @(697.23 mm, 458.47 mm): Symbol U11 Pin 28 [RESET#, Unspecified, Line]
    @(697.23 mm, 450.85 mm): Symbol U11 Pin 31 [VDD(I2C-bus), Unspecified, Line]
[lib_symbol_issues]: The symbol library 'power' was not found at '/opt/homebrew/bin/SharedSupport/symbols//power.kicad_sym'.
    ; warning
    @(782.32 mm, 292.10 mm): Symbol #PWR0175 [+3V3]
[pin_to_pin]: Pins of type Unspecified and Unspecified are connected
    ; warning
    @(697.23 mm, 461.01 mm): Symbol U11 Pin 27 [VDD(P), Unspecified, Line]
    @(697.23 mm, 458.47 mm): Symbol U11 Pin 28 [RESET#, Unspecified, Line]
[pin_to_pin]: Pins of type Unspecified and Unspecified are connected
    ; warning
    @(697.23 mm, 463.55 mm): Symbol U11 Pin 26 [ADDR, Unspecified, Line]
    @(697.23 mm, 461.01 mm): Symbol U11 Pin 27 [VDD(P), Unspecified, Line]
[pin_to_pin]: Pins of type Unspecified and Power input are connected
    ; warning
    @(697.23 mm, 466.09 mm): Symbol U11 Pin 25 [VSS, Unspecified, Line]
    @(712.47 mm, 466.09 mm): Symbol #PWR0171 Pin 1 [Power input, Line]
[lib_symbol_issues]: The symbol library 'power' was not found at '/opt/homebrew/bin/SharedSupport/symbols//power.kicad_sym'.
    ; warning
    @(720.09 mm, 430.53 mm): Symbol #PWR0172 [+3V3]
[footprint_link_issues]: Footprint 'R_0402_1005Metric' not found in library 'Resistor_SMD'.
    ; warning
    @(720.09 mm, 438.15 mm): Symbol R217 [0402WGF1002TCE]
[lib_symbol_issues]: The current configuration does not include the symbol library '5v rail sm-easyedapro'
    ; warning
    @(720.09 mm, 438.15 mm): Symbol R217 [0402WGF1002TCE]
[footprint_link_issues]: Footprint 'R_0603_1608Metric' not found in library 'Resistor_SMD'.
    ; warning
    @(702.31 mm, 468.63 mm): Symbol R209 [RS-03K47R0FT]
[lib_symbol_issues]: The current configuration does not include the symbol library '5v rail sm-easyedapro'
    ; warning
    @(702.31 mm, 468.63 mm): Symbol R209 [RS-03K47R0FT]
[footprint_link_issues]: Footprint 'R_0603_1608Metric' not found in library 'Resistor_SMD'.
    ; warning
    @(702.31 mm, 471.17 mm): Symbol R210 [RS-03K47R0FT]
[lib_symbol_issues]: The current configuration does not include the symbol library '5v rail sm-easyedapro'
    ; warning
    @(702.31 mm, 471.17 mm): Symbol R210 [RS-03K47R0FT]
[pin_to_pin]: Pins of type Unspecified and Input are connected
    ; warning
    @(763.27 mm, 365.76 mm): Symbol C16 Pin 2 [2, Unspecified, Line]
    @(718.82 mm, 360.68 mm): Symbol R41 Pin 2 [2, Input, Line]
[footprint_link_issues]: Footprint 'R_0603_1608Metric' not found in library 'Resistor_SMD'.
    ; warning
    @(702.31 mm, 473.71 mm): Symbol R211 [RS-03K47R0FT]
[lib_symbol_issues]: The current configuration does not include the symbol library '5v rail sm-easyedapro'
    ; warning
    @(702.31 mm, 473.71 mm): Symbol R211 [RS-03K47R0FT]
[footprint_link_issues]: Footprint 'SolderJumper-2_P1.3mm_Open_Pad1.0x1.5mm' not found in library 'Jumper'.
    ; warning
    @(720.09 mm, 447.04 mm): Symbol U64 [Jumper_2_Open]
[lib_symbol_issues]: The symbol library 'Jumper' was not found at '/opt/homebrew/bin/SharedSupport/symbols//Jumper.kicad_sym'.
    ; warning
    @(720.09 mm, 447.04 mm): Symbol U64 [Jumper_2_Open]
[footprint_link_issues]: Footprint 'R_0603_1608Metric' not found in library 'Resistor_SMD'.
    ; warning
    @(702.31 mm, 476.25 mm): Symbol R212 [RS-03K47R0FT]
[lib_symbol_issues]: The current configuration does not include the symbol library '5v rail sm-easyedapro'
    ; warning
    @(702.31 mm, 476.25 mm): Symbol R212 [RS-03K47R0FT]
[footprint_link_issues]: Footprint 'C_0603_1608Metric' not found in library 'Capacitor_SMD'.
    ; warning
    @(763.27 mm, 370.84 mm): Symbol C16 [CC0603KRX7R9BB104]
[lib_symbol_issues]: The current configuration does not include the symbol library '5v rail sm-easyedapro'
    ; warning
    @(763.27 mm, 370.84 mm): Symbol C16 [CC0603KRX7R9BB104]
[footprint_link_issues]: Footprint 'SolderJumper-2_P1.3mm_Open_Pad1.0x1.5mm' not found in library 'Jumper'.
    ; warning
    @(720.09 mm, 449.58 mm): Symbol U65 [Jumper_2_Open]
[lib_symbol_issues]: The symbol library 'Jumper' was not found at '/opt/homebrew/bin/SharedSupport/symbols//Jumper.kicad_sym'.
    ; warning
    @(720.09 mm, 449.58 mm): Symbol U65 [Jumper_2_Open]
[footprint_link_issues]: Footprint 'R_0603_1608Metric' not found in library 'Resistor_SMD'.
    ; warning
    @(702.31 mm, 478.79 mm): Symbol R213 [RS-03K47R0FT]
[lib_symbol_issues]: The current configuration does not include the symbol library '5v rail sm-easyedapro'
    ; warning
    @(702.31 mm, 478.79 mm): Symbol R213 [RS-03K47R0FT]
[lib_symbol_issues]: The symbol library 'power' was not found at '/opt/homebrew/bin/SharedSupport/symbols//power.kicad_sym'.
    ; warning
    @(763.27 mm, 375.92 mm): Symbol #PWR063 [GND]
[pin_to_pin]: Pins of type Unspecified and Power input are connected
    ; warning
    @(763.27 mm, 375.92 mm): Symbol C16 Pin 1 [1, Unspecified, Line]
    @(763.27 mm, 375.92 mm): Symbol #PWR063 Pin 1 [Power input, Line]
[footprint_link_issues]: Footprint 'SolderJumper-2_P1.3mm_Bridged_Pad1.0x1.5mm' not found in library 'Jumper'.
    ; warning
    @(720.09 mm, 453.39 mm): Symbol U66 [Jumper_2_Bridged]
[lib_symbol_issues]: The symbol library 'Jumper' was not found at '/opt/homebrew/bin/SharedSupport/symbols//Jumper.kicad_sym'.
    ; warning
    @(720.09 mm, 453.39 mm): Symbol U66 [Jumper_2_Bridged]
[lib_symbol_issues]: The symbol library 'power' was not found at '/opt/homebrew/bin/SharedSupport/symbols//power.kicad_sym'.
    ; warning
    @(712.47 mm, 466.09 mm): Symbol #PWR0171 [GND]
[footprint_link_issues]: Footprint 'R_0603_1608Metric' not found in library 'Resistor_SMD'.
    ; warning
    @(702.31 mm, 481.33 mm): Symbol R214 [RS-03K47R0FT]
[lib_symbol_issues]: The current configuration does not include the symbol library '5v rail sm-easyedapro'
    ; warning
    @(702.31 mm, 481.33 mm): Symbol R214 [RS-03K47R0FT]
[footprint_link_issues]: Footprint 'SolderJumper-2_P1.3mm_Bridged_Pad1.0x1.5mm' not found in library 'Jumper'.
    ; warning
    @(720.09 mm, 455.93 mm): Symbol U67 [Jumper_2_Bridged]
[lib_symbol_issues]: The symbol library 'Jumper' was not found at '/opt/homebrew/bin/SharedSupport/symbols//Jumper.kicad_sym'.
    ; warning
    @(720.09 mm, 455.93 mm): Symbol U67 [Jumper_2_Bridged]
[footprint_link_issues]: Footprint 'R_0603_1608Metric' not found in library 'Resistor_SMD'.
    ; warning
    @(702.31 mm, 483.87 mm): Symbol R215 [RS-03K47R0FT]
[lib_symbol_issues]: The current configuration does not include the symbol library '5v rail sm-easyedapro'
    ; warning
    @(702.31 mm, 483.87 mm): Symbol R215 [RS-03K47R0FT]
[footprint_link_issues]: Footprint 'R_0603_1608Metric' not found in library 'Resistor_SMD'.
    ; warning
    @(702.31 mm, 486.41 mm): Symbol R216 [RS-03K47R0FT]
[lib_symbol_issues]: The current configuration does not include the symbol library '5v rail sm-easyedapro'
    ; warning
    @(702.31 mm, 486.41 mm): Symbol R216 [RS-03K47R0FT]
[global_label_dangling]: Global label not connected anywhere else in the schematic
    ; warning
    @(674.37 mm, 570.23 mm): Global Label 'IMU/SPI-SELECT-OD'
[global_label_dangling]: Global label not connected anywhere else in the schematic
    ; warning
    @(674.37 mm, 574.04 mm): Global Label 'Current/INA3221-CUR1/POWERVALID'
[pin_to_pin]: Pins of type Unspecified and Input are connected
    ; warning
    @(772.16 mm, 438.15 mm): Symbol C132 Pin 2 [2, Unspecified, Line]
    @(720.09 mm, 433.07 mm): Symbol R217 Pin 2 [2, Input, Line]
[global_label_dangling]: Global label not connected anywhere else in the schematic
    ; warning
    @(674.37 mm, 577.85 mm): Global Label 'Current/INA3221-CUR1/CRITICAL'
[footprint_link_issues]: Footprint 'C_0603_1608Metric' not found in library 'Capacitor_SMD'.
    ; warning
    @(772.16 mm, 443.23 mm): Symbol C132 [CC0603KRX7R9BB104]
[lib_symbol_issues]: The current configuration does not include the symbol library '5v rail sm-easyedapro'
    ; warning
    @(772.16 mm, 443.23 mm): Symbol C132 [CC0603KRX7R9BB104]
[global_label_dangling]: Global label not connected anywhere else in the schematic
    ; warning
    @(674.37 mm, 581.66 mm): Global Label 'Current/INA3221-CUR1/WARNING'
[lib_symbol_issues]: The symbol library 'power' was not found at '/opt/homebrew/bin/SharedSupport/symbols//power.kicad_sym'.
    ; warning
    @(772.16 mm, 448.31 mm): Symbol #PWR0173 [GND]
[pin_to_pin]: Pins of type Unspecified and Power input are connected
    ; warning
    @(772.16 mm, 448.31 mm): Symbol C132 Pin 1 [1, Unspecified, Line]
    @(772.16 mm, 448.31 mm): Symbol #PWR0173 Pin 1 [Power input, Line]
[global_label_dangling]: Global label not connected anywhere else in the schematic
    ; warning
    @(674.37 mm, 585.47 mm): Global Label 'Current/INA3221-CUR1/TC'
[global_label_dangling]: Global label not connected anywhere else in the schematic
    ; warning
    @(674.37 mm, 589.28 mm): Global Label 'eFuse/TPS16630/IMON'
[footprint_link_issues]: The current configuration does not include the footprint library '5v rail sm-easyedapro'.
    ; warning
    @(49.53 mm, 55.88 mm): Symbol USBC1 [TYPE-C-31-M-12]
[lib_symbol_issues]: The current configuration does not include the symbol library '5v rail sm-easyedapro'
    ; warning
    @(49.53 mm, 55.88 mm): Symbol USBC1 [TYPE-C-31-M-12]
[lib_symbol_issues]: The symbol library 'power' was not found at '/opt/homebrew/bin/SharedSupport/symbols//power.kicad_sym'.
    ; warning
    @(25.40 mm, 78.74 mm): Symbol #PWR0111 [GND]
[lib_symbol_issues]: The symbol library 'power' was not found at '/opt/homebrew/bin/SharedSupport/symbols//power.kicad_sym'.
    ; warning
    @(68.58 mm, 77.47 mm): Symbol #PWR0112 [GND]
[footprint_link_issues]: Footprint 'C_0603_1608Metric' not found in library 'Capacitor_SMD'.
    ; warning
    @(142.24 mm, 40.64 mm): Symbol C73 [CGA0603X5R105K500JT]
[lib_symbol_issues]: The current configuration does not include the symbol library '5v rail sm-easyedapro'
    ; warning
    @(142.24 mm, 40.64 mm): Symbol C73 [CGA0603X5R105K500JT]
[footprint_link_issues]: The current configuration does not include the footprint library '5v rail sm-easyedapro'.
    ; warning
    @(93.98 mm, 121.92 mm): Symbol D22 [TPD4E02B04DQAR]
[lib_symbol_issues]: The current configuration does not include the symbol library '5v rail sm-easyedapro'
    ; warning
    @(93.98 mm, 121.92 mm): Symbol D22 [TPD4E02B04DQAR]
[lib_symbol_issues]: The symbol library 'power' was not found at '/opt/homebrew/bin/SharedSupport/symbols//power.kicad_sym'.
    ; warning
    @(153.67 mm, 49.53 mm): Symbol #PWR0114 [GND]
[lib_symbol_issues]: The symbol library 'power' was not found at '/opt/homebrew/bin/SharedSupport/symbols//power.kicad_sym'.
    ; warning
    @(93.98 mm, 137.16 mm): Symbol #PWR0113 [GND]
[footprint_link_issues]: Footprint 'SolderJumper-2_P1.3mm_Open_Pad1.0x1.5mm' not found in library 'Jumper'.
    ; warning
    @(144.78 mm, 90.17 mm): Symbol USBC_SCL1 [Jumper_2_Open]
[lib_symbol_issues]: The symbol library 'Jumper' was not found at '/opt/homebrew/bin/SharedSupport/symbols//Jumper.kicad_sym'.
    ; warning
    @(144.78 mm, 90.17 mm): Symbol USBC_SCL1 [Jumper_2_Open]
[footprint_link_issues]: Footprint 'SolderJumper-2_P1.3mm_Open_Pad1.0x1.5mm' not found in library 'Jumper'.
    ; warning
    @(144.78 mm, 92.71 mm): Symbol USBC_SDA1 [Jumper_2_Open]
[lib_symbol_issues]: The symbol library 'Jumper' was not found at '/opt/homebrew/bin/SharedSupport/symbols//Jumper.kicad_sym'.
    ; warning
    @(144.78 mm, 92.71 mm): Symbol USBC_SDA1 [Jumper_2_Open]
[footprint_link_issues]: Footprint 'SMB' not found in library 'Diode_SMD'.
    ; warning
    @(187.96 mm, 40.64 mm): Symbol D23 [SMBJ30A_C19077584]
[lib_symbol_issues]: The current configuration does not include the symbol library '5v rail sm-easyedapro'
    ; warning
    @(187.96 mm, 40.64 mm): Symbol D23 [SMBJ30A_C19077584]
[footprint_link_issues]: Footprint 'R_0201_0603Metric' not found in library 'Resistor_SMD'.
    ; warning
    @(210.82 mm, 69.85 mm): Symbol R107 [RC-01W9093FT]
[lib_symbol_issues]: The current configuration does not include the symbol library '5v rail sm-easyedapro'
    ; warning
    @(210.82 mm, 69.85 mm): Symbol R107 [RC-01W9093FT]
[footprint_link_issues]: Footprint 'SolderJumper-2_P1.3mm_Bridged_Pad1.0x1.5mm' not found in library 'Jumper'.
    ; warning
    @(193.04 mm, 116.84 mm): Symbol U38 [Jumper_2_Bridged]
[lib_symbol_issues]: The symbol library 'Jumper' was not found at '/opt/homebrew/bin/SharedSupport/symbols//Jumper.kicad_sym'.
    ; warning
    @(193.04 mm, 116.84 mm): Symbol U38 [Jumper_2_Bridged]
[footprint_link_issues]: Footprint 'R_0603_1608Metric' not found in library 'Resistor_SMD'.
    ; warning
    @(193.04 mm, 133.35 mm): Symbol R105 [0603WAF2102T5E]
[lib_symbol_issues]: The current configuration does not include the symbol library '5v rail sm-easyedapro'
    ; warning
    @(193.04 mm, 133.35 mm): Symbol R105 [0603WAF2102T5E]
[footprint_link_issues]: Footprint 'SolderJumper-2_P1.3mm_Bridged_Pad1.0x1.5mm' not found in library 'Jumper'.
    ; warning
    @(204.47 mm, 116.84 mm): Symbol U39 [Jumper_2_Bridged]
[lib_symbol_issues]: The symbol library 'Jumper' was not found at '/opt/homebrew/bin/SharedSupport/symbols//Jumper.kicad_sym'.
    ; warning
    @(204.47 mm, 116.84 mm): Symbol U39 [Jumper_2_Bridged]
[footprint_link_issues]: Footprint 'R_0805_2012Metric' not found in library 'Resistor_SMD'.
    ; warning
    @(204.47 mm, 133.35 mm): Symbol R106 [FRC0805F1912TS]
[lib_symbol_issues]: The current configuration does not include the symbol library '5v rail sm-easyedapro'
    ; warning
    @(204.47 mm, 133.35 mm): Symbol R106 [FRC0805F1912TS]
[lib_symbol_issues]: The symbol library 'power' was not found at '/opt/homebrew/bin/SharedSupport/symbols//power.kicad_sym'.
    ; warning
    @(199.39 mm, 146.05 mm): Symbol #PWR0115 [GND]
[footprint_link_issues]: Footprint 'R_0603_1608Metric' not found in library 'Resistor_SMD'.
    ; warning
    @(215.90 mm, 128.27 mm): Symbol R108 [FRC0603J104 TS]
[lib_symbol_issues]: The current configuration does not include the symbol library '5v rail sm-easyedapro'
    ; warning
    @(215.90 mm, 128.27 mm): Symbol R108 [FRC0603J104 TS]
[footprint_link_issues]: Footprint 'R_0201_0603Metric' not found in library 'Resistor_SMD'.
    ; warning
    @(228.60 mm, 128.27 mm): Symbol R109 [RC-01W9093FT]
[lib_symbol_issues]: The current configuration does not include the symbol library '5v rail sm-easyedapro'
    ; warning
    @(228.60 mm, 128.27 mm): Symbol R109 [RC-01W9093FT]
[lib_symbol_issues]: The symbol library 'power' was not found at '/opt/homebrew/bin/SharedSupport/symbols//power.kicad_sym'.
    ; warning
    @(222.25 mm, 152.40 mm): Symbol #PWR0116 [GND]
[footprint_link_issues]: Footprint 'QFN-16-1EP_3x3mm_P0.5mm_EP1.7x1.7mm' not found in library 'Package_DFN_QFN'.
    ; warning
    @(256.54 mm, 82.55 mm): Symbol U40 [HUSB238A-BB001-QN16R]
[lib_symbol_issues]: The current configuration does not include the symbol library '5v rail sm-easyedapro'
    ; warning
    @(256.54 mm, 82.55 mm): Symbol U40 [HUSB238A-BB001-QN16R]
[footprint_link_issues]: Footprint 'R_0603_1608Metric' not found in library 'Resistor_SMD'.
    ; warning
    @(298.45 mm, 39.37 mm): Symbol R110 [FRC0603J100 TS]
[lib_symbol_issues]: The current configuration does not include the symbol library '5v rail sm-easyedapro'
    ; warning
    @(298.45 mm, 39.37 mm): Symbol R110 [FRC0603J100 TS]
[lib_symbol_issues]: The symbol library 'power' was not found at '/opt/homebrew/bin/SharedSupport/symbols//power.kicad_sym'.
    ; warning
    @(283.21 mm, 107.95 mm): Symbol #PWR0117 [GND]
[footprint_link_issues]: Footprint 'C_0603_1608Metric' not found in library 'Capacitor_SMD'.
    ; warning
    @(298.45 mm, 57.15 mm): Symbol C74 [CGA0603X5R105K500JT]
[lib_symbol_issues]: The current configuration does not include the symbol library '5v rail sm-easyedapro'
    ; warning
    @(298.45 mm, 57.15 mm): Symbol C74 [CGA0603X5R105K500JT]
[lib_symbol_issues]: The symbol library 'power' was not found at '/opt/homebrew/bin/SharedSupport/symbols//power.kicad_sym'.
    ; warning
    @(298.45 mm, 64.77 mm): Symbol #PWR0118 [GND]
[footprint_link_issues]: Footprint 'R_0201_0603Metric' not found in library 'Resistor_SMD'.
    ; warning
    @(309.88 mm, 39.37 mm): Symbol R111 [RC0201FR-07100KL]
[lib_symbol_issues]: The current configuration does not include the symbol library '5v rail sm-easyedapro'
    ; warning
    @(309.88 mm, 39.37 mm): Symbol R111 [RC0201FR-07100KL]
[footprint_link_issues]: Footprint 'R_0603_1608Metric' not found in library 'Resistor_SMD'.
    ; warning
    @(309.88 mm, 54.61 mm): Symbol R112 [FRC0603F3002TS]
[lib_symbol_issues]: The current configuration does not include the symbol library '5v rail sm-easyedapro'
    ; warning
    @(309.88 mm, 54.61 mm): Symbol R112 [FRC0603F3002TS]
[footprint_link_issues]: Footprint 'SOD-123' not found in library 'Diode_SMD'.
    ; warning
    @(325.12 mm, 39.37 mm): Symbol D24 [BZT52C15]
[lib_symbol_issues]: The current configuration does not include the symbol library '5v rail sm-easyedapro'
    ; warning
    @(325.12 mm, 39.37 mm): Symbol D24 [BZT52C15]
[footprint_link_issues]: Footprint 'R_0603_1608Metric' not found in library 'Resistor_SMD'.
    ; warning
    @(321.31 mm, 77.47 mm): Symbol R113 [0603WAF1002T5E]
[lib_symbol_issues]: The current configuration does not include the symbol library '5v rail sm-easyedapro'
    ; warning
    @(321.31 mm, 77.47 mm): Symbol R113 [0603WAF1002T5E]
[footprint_link_issues]: Footprint 'TO-252-2' not found in library 'Package_TO_SOT_SMD'.
    ; warning
    @(341.63 mm, 31.75 mm): Symbol Q9 [DMP3028LK3-13]
[lib_symbol_issues]: The current configuration does not include the symbol library '5v rail sm-easyedapro'
    ; warning
    @(341.63 mm, 31.75 mm): Symbol Q9 [DMP3028LK3-13]
[lib_symbol_issues]: The symbol library 'power' was not found at '/opt/homebrew/bin/SharedSupport/symbols//power.kicad_sym'.
    ; warning
    @(369.57 mm, 67.31 mm): Symbol #PWR0119 [+3V3]
[footprint_link_issues]: Footprint 'R_0603_1608Metric' not found in library 'Resistor_SMD'.
    ; warning
    @(369.57 mm, 74.93 mm): Symbol R114 [FRC0603J104 TS]
[lib_symbol_issues]: The current configuration does not include the symbol library '5v rail sm-easyedapro'
    ; warning
    @(369.57 mm, 74.93 mm): Symbol R114 [FRC0603J104 TS]
[footprint_link_issues]: Footprint 'Fuse_1206_3216Metric' not found in library 'Fuse'.
    ; warning
    @(49.53 mm, 78.74 mm): Symbol F5 [JK-NSMD050-30V]
[lib_symbol_issues]: The current configuration does not include the symbol library '5v rail sm-easyedapro'
    ; warning
    @(49.53 mm, 78.74 mm): Symbol F5 [JK-NSMD050-30V]
[footprint_link_issues]: Footprint 'C_0603_1608Metric' not found in library 'Capacitor_SMD'.
    ; warning
    @(60.96 mm, 96.52 mm): Symbol C127 [CL10A105KB8NNNC]
[lib_symbol_issues]: The current configuration does not include the symbol library '5v rail sm-easyedapro'
    ; warning
    @(60.96 mm, 96.52 mm): Symbol C127 [CL10A105KB8NNNC]
[footprint_link_issues]: Footprint 'TSOT-23-5' not found in library 'Package_TO_SOT_SMD'.
    ; warning
    @(90.17 mm, 81.28 mm): Symbol U61 [NCP718ASN330T1G]
[lib_symbol_issues]: The current configuration does not include the symbol library '5v rail sm-easyedapro'
    ; warning
    @(90.17 mm, 81.28 mm): Symbol U61 [NCP718ASN330T1G]
[footprint_link_issues]: Footprint 'R_0603_1608Metric' not found in library 'Resistor_SMD'.
    ; warning
    @(76.20 mm, 97.79 mm): Symbol R184 [FRC0603J104 TS]
[lib_symbol_issues]: The current configuration does not include the symbol library '5v rail sm-easyedapro'
    ; warning
    @(76.20 mm, 97.79 mm): Symbol R184 [FRC0603J104 TS]
[footprint_link_issues]: Footprint 'C_0603_1608Metric' not found in library 'Capacitor_SMD'.
    ; warning
    @(113.03 mm, 93.98 mm): Symbol C129 [CL10A105KB8NNNC]
[lib_symbol_issues]: The current configuration does not include the symbol library '5v rail sm-easyedapro'
    ; warning
    @(113.03 mm, 93.98 mm): Symbol C129 [CL10A105KB8NNNC]
[footprint_link_issues]: Footprint 'SOD-128' not found in library 'Diode_SMD'.
    ; warning
    @(147.32 mm, 80.01 mm): Symbol U63 [PMEG10030ELPX_C5260346]
[lib_symbol_issues]: The current configuration does not include the symbol library '5v rail sm-easyedapro'
    ; warning
    @(147.32 mm, 80.01 mm): Symbol U63 [PMEG10030ELPX_C5260346]
[footprint_link_issues]: Footprint 'R_0603_1608Metric' not found in library 'Resistor_SMD'.
    ; warning
    @(158.75 mm, 124.46 mm): Symbol R185 [FRC0603J104 TS]
[lib_symbol_issues]: The current configuration does not include the symbol library '5v rail sm-easyedapro'
    ; warning
    @(158.75 mm, 124.46 mm): Symbol R185 [FRC0603J104 TS]
[footprint_link_issues]: Footprint 'SOT-23' not found in library 'Package_TO_SOT_SMD'.
    ; warning
    @(186.69 mm, 95.25 mm): Symbol Q18 [L2N7002SLLT1G]
[lib_symbol_issues]: The current configuration does not include the symbol library '5v rail sm-easyedapro'
    ; warning
    @(186.69 mm, 95.25 mm): Symbol Q18 [L2N7002SLLT1G]
[footprint_link_issues]: The current configuration does not include the footprint library '5v rail sm-easyedapro'.
    ; warning
    @(172.72 mm, 125.73 mm): Symbol D38 [UCLAMP3301P]
[lib_symbol_issues]: The current configuration does not include the symbol library '5v rail sm-easyedapro'
    ; warning
    @(172.72 mm, 125.73 mm): Symbol D38 [UCLAMP3301P]
[footprint_link_issues]: Footprint 'R_0603_1608Metric' not found in library 'Resistor_SMD'.
    ; warning
    @(207.01 mm, 68.58 mm): Symbol R186 [FRC0603F5101TS]
[lib_symbol_issues]: The current configuration does not include the symbol library '5v rail sm-easyedapro'
    ; warning
    @(207.01 mm, 68.58 mm): Symbol R186 [FRC0603F5101TS]
[footprint_link_issues]: The current configuration does not include the footprint library '5v rail sm-easyedapro'.
    ; warning
    @(199.39 mm, 96.52 mm): Symbol SW1 [TL3305AF160QG]
[lib_symbol_issues]: The current configuration does not include the symbol library '5v rail sm-easyedapro'
    ; warning
    @(199.39 mm, 96.52 mm): Symbol SW1 [TL3305AF160QG]
[footprint_link_issues]: Footprint 'C_0603_1608Metric' not found in library 'Capacitor_SMD'.
    ; warning
    @(186.69 mm, 124.46 mm): Symbol C131 [CC0603KRX7R9BB104]
[lib_symbol_issues]: The current configuration does not include the symbol library '5v rail sm-easyedapro'
    ; warning
    @(186.69 mm, 124.46 mm): Symbol C131 [CC0603KRX7R9BB104]
[footprint_link_issues]: Footprint 'R_0603_1608Metric' not found in library 'Resistor_SMD'.
    ; warning
    @(207.01 mm, 124.46 mm): Symbol R187 [FRC0603F5101TS]
[lib_symbol_issues]: The current configuration does not include the symbol library '5v rail sm-easyedapro'
    ; warning
    @(207.01 mm, 124.46 mm): Symbol R187 [FRC0603F5101TS]
[footprint_link_issues]: Footprint 'SMA' not found in library 'Diode_SMD'.
    ; warning
    @(119.38 mm, 87.63 mm): Symbol D20 [SS16T3G]
[lib_symbol_issues]: The current configuration does not include the symbol library '5v rail sm-easyedapro'
    ; warning
    @(119.38 mm, 87.63 mm): Symbol D20 [SS16T3G]
[footprint_link_issues]: Footprint 'C_0603_1608Metric' not found in library 'Capacitor_SMD'.
    ; warning
    @(135.89 mm, 86.36 mm): Symbol C60 [CGA0603X5R105K500JT]
[lib_symbol_issues]: The current configuration does not include the symbol library '5v rail sm-easyedapro'
    ; warning
    @(135.89 mm, 86.36 mm): Symbol C60 [CGA0603X5R105K500JT]
[footprint_link_issues]: The current configuration does not include the footprint library '5v rail sm-easyedapro'.
    ; warning
    @(143.51 mm, 104.14 mm): Symbol CN10 [5017_C9900015874]
[lib_symbol_issues]: The current configuration does not include the symbol library '5v rail sm-easyedapro'
    ; warning
    @(143.51 mm, 104.14 mm): Symbol CN10 [5017_C9900015874]
[footprint_link_issues]: Footprint 'TSOT-23-6' not found in library 'Package_TO_SOT_SMD'.
    ; warning
    @(165.10 mm, 97.79 mm): Symbol U31 [LM5050MKX-1/NOPB]
[lib_symbol_issues]: The current configuration does not include the symbol library '5v rail sm-easyedapro'
    ; warning
    @(165.10 mm, 97.79 mm): Symbol U31 [LM5050MKX-1/NOPB]
[footprint_link_issues]: Footprint 'R_0603_1608Metric' not found in library 'Resistor_SMD'.
    ; warning
    @(151.13 mm, 123.19 mm): Symbol R85 [FRC0603J104 TS]
[lib_symbol_issues]: The current configuration does not include the symbol library '5v rail sm-easyedapro'
    ; warning
    @(151.13 mm, 123.19 mm): Symbol R85 [FRC0603J104 TS]
[lib_symbol_issues]: The symbol library 'power' was not found at '/opt/homebrew/bin/SharedSupport/symbols//power.kicad_sym'.
    ; warning
    @(151.13 mm, 129.54 mm): Symbol #PWR0178 [GND]
[footprint_link_issues]: The current configuration does not include the footprint library '5v rail sm-easyedapro'.
    ; warning
    @(187.96 mm, 76.20 mm): Symbol Q7 [CSD17577Q5A]
[lib_symbol_issues]: The current configuration does not include the symbol library '5v rail sm-easyedapro'
    ; warning
    @(187.96 mm, 76.20 mm): Symbol Q7 [CSD17577Q5A]
[footprint_link_issues]: Footprint 'R_0603_1608Metric' not found in library 'Resistor_SMD'.
    ; warning
    @(210.82 mm, 83.82 mm): Symbol R86 [0603WAF1000T5E]
[lib_symbol_issues]: The current configuration does not include the symbol library '5v rail sm-easyedapro'
    ; warning
    @(210.82 mm, 83.82 mm): Symbol R86 [0603WAF1000T5E]
[footprint_link_issues]: Footprint 'C_0603_1608Metric' not found in library 'Capacitor_SMD'.
    ; warning
    @(210.82 mm, 96.52 mm): Symbol C61 [CC0603KRX7R9BB104]
[lib_symbol_issues]: The current configuration does not include the symbol library '5v rail sm-easyedapro'
    ; warning
    @(210.82 mm, 96.52 mm): Symbol C61 [CC0603KRX7R9BB104]
[footprint_link_issues]: Footprint 'R_0603_1608Metric' not found in library 'Resistor_SMD'.
    ; warning
    @(62.23 mm, 55.88 mm): Symbol R140 [FRC0603F20R0TS]
[lib_symbol_issues]: The current configuration does not include the symbol library '5v rail sm-easyedapro'
    ; warning
    @(62.23 mm, 55.88 mm): Symbol R140 [FRC0603F20R0TS]
[footprint_link_issues]: Footprint 'R_0603_1608Metric' not found in library 'Resistor_SMD'.
    ; warning
    @(62.23 mm, 73.66 mm): Symbol R141 [FRC0603F20R0TS]
[lib_symbol_issues]: The current configuration does not include the symbol library '5v rail sm-easyedapro'
    ; warning
    @(62.23 mm, 73.66 mm): Symbol R141 [FRC0603F20R0TS]
[footprint_link_issues]: Footprint 'C_0603_1608Metric' not found in library 'Capacitor_SMD'.
    ; warning
    @(78.74 mm, 64.77 mm): Symbol C108 [CC0603KRX7R9BB224]
[lib_symbol_issues]: The current configuration does not include the symbol library '5v rail sm-easyedapro'
    ; warning
    @(78.74 mm, 64.77 mm): Symbol C108 [CC0603KRX7R9BB224]
[footprint_link_issues]: Footprint 'R_0603_1608Metric' not found in library 'Resistor_SMD'.
    ; warning
    @(62.23 mm, 90.17 mm): Symbol R142 [FRC0603F20R0TS]
[lib_symbol_issues]: The current configuration does not include the symbol library '5v rail sm-easyedapro'
    ; warning
    @(62.23 mm, 90.17 mm): Symbol R142 [FRC0603F20R0TS]
[footprint_link_issues]: Footprint 'C_0603_1608Metric' not found in library 'Capacitor_SMD'.
    ; warning
    @(78.74 mm, 81.28 mm): Symbol C109 [CC0603KRX7R9BB224]
[lib_symbol_issues]: The current configuration does not include the symbol library '5v rail sm-easyedapro'
    ; warning
    @(78.74 mm, 81.28 mm): Symbol C109 [CC0603KRX7R9BB224]
[footprint_link_issues]: Footprint 'R_0603_1608Metric' not found in library 'Resistor_SMD'.
    ; warning
    @(62.23 mm, 102.87 mm): Symbol R143 [FRC0603F20R0TS]
[lib_symbol_issues]: The current configuration does not include the symbol library '5v rail sm-easyedapro'
    ; warning
    @(62.23 mm, 102.87 mm): Symbol R143 [FRC0603F20R0TS]
[footprint_link_issues]: Footprint 'SOD-123' not found in library 'Diode_SMD'.
    ; warning
    @(60.96 mm, 128.27 mm): Symbol D25 [MMSZ4685T1G]
[lib_symbol_issues]: The current configuration does not include the symbol library '5v rail sm-easyedapro'
    ; warning
    @(60.96 mm, 128.27 mm): Symbol D25 [MMSZ4685T1G]
[footprint_link_issues]: Footprint 'C_0603_1608Metric' not found in library 'Capacitor_SMD'.
    ; warning
    @(111.76 mm, 96.52 mm): Symbol C111 [CC0603KRX7R9BB224]
[lib_symbol_issues]: The current configuration does not include the symbol library '5v rail sm-easyedapro'
    ; warning
    @(111.76 mm, 96.52 mm): Symbol C111 [CC0603KRX7R9BB224]
[footprint_link_issues]: Footprint 'SOD-123' not found in library 'Diode_SMD'.
    ; warning
    @(78.74 mm, 128.27 mm): Symbol D26 [BAT46W-7-F]
[lib_symbol_issues]: The current configuration does not include the symbol library '5v rail sm-easyedapro'
    ; warning
    @(78.74 mm, 128.27 mm): Symbol D26 [BAT46W-7-F]
[footprint_link_issues]: Footprint 'C_0603_1608Metric' not found in library 'Capacitor_SMD'.
    ; warning
    @(99.06 mm, 128.27 mm): Symbol C110 [CC0603KRX7R9BB224]
[lib_symbol_issues]: The current configuration does not include the symbol library '5v rail sm-easyedapro'
    ; warning
    @(99.06 mm, 128.27 mm): Symbol C110 [CC0603KRX7R9BB224]
[footprint_link_issues]: Footprint 'SolderJumper-2_P1.3mm_Bridged_RoundedPad1.0x1.5mm' not found in library 'Jumper'.
    ; warning
    @(203.20 mm, 31.75 mm): Symbol JP2 [Jumper_2_Bridged]
[lib_symbol_issues]: The symbol library 'Jumper' was not found at '/opt/homebrew/bin/SharedSupport/symbols//Jumper.kicad_sym'.
    ; warning
    @(203.20 mm, 31.75 mm): Symbol JP2 [Jumper_2_Bridged]
[footprint_link_issues]: Footprint 'SolderJumper-2_P1.3mm_Open_Pad1.0x1.5mm' not found in library 'Jumper'.
    ; warning
    @(203.20 mm, 44.45 mm): Symbol U57 [Jumper_2_Open]
[lib_symbol_issues]: The symbol library 'Jumper' was not found at '/opt/homebrew/bin/SharedSupport/symbols//Jumper.kicad_sym'.
    ; warning
    @(203.20 mm, 44.45 mm): Symbol U57 [Jumper_2_Open]
[footprint_link_issues]: Footprint 'C_0603_1608Metric' not found in library 'Capacitor_SMD'.
    ; warning
    @(171.45 mm, 135.89 mm): Symbol C112 [TCC0603X7R104K500CT]
[lib_symbol_issues]: The current configuration does not include the symbol library '5v rail sm-easyedapro'
    ; warning
    @(171.45 mm, 135.89 mm): Symbol C112 [TCC0603X7R104K500CT]
[footprint_link_issues]: Footprint 'SOD-123' not found in library 'Diode_SMD'.
    ; warning
    @(218.44 mm, 31.75 mm): Symbol D27 [BAT46W-7-F]
[lib_symbol_issues]: The current configuration does not include the symbol library '5v rail sm-easyedapro'
    ; warning
    @(218.44 mm, 31.75 mm): Symbol D27 [BAT46W-7-F]
[footprint_link_issues]: Footprint 'SOD-123' not found in library 'Diode_SMD'.
    ; warning
    @(218.44 mm, 44.45 mm): Symbol D28 [BAT46W-7-F]
[lib_symbol_issues]: The current configuration does not include the symbol library '5v rail sm-easyedapro'
    ; warning
    @(218.44 mm, 44.45 mm): Symbol D28 [BAT46W-7-F]
[footprint_link_issues]: Footprint 'R_0603_1608Metric' not found in library 'Resistor_SMD'.
    ; warning
    @(157.48 mm, 160.02 mm): Symbol R144 [0603WAF1000T5E]
[lib_symbol_issues]: The current configuration does not include the symbol library '5v rail sm-easyedapro'
    ; warning
    @(157.48 mm, 160.02 mm): Symbol R144 [0603WAF1000T5E]
[footprint_link_issues]: Footprint 'C_0402_1005Metric' not found in library 'Capacitor_SMD'.
    ; warning
    @(171.45 mm, 147.32 mm): Symbol C113 [FCC0402N101J500AT]
[lib_symbol_issues]: The current configuration does not include the symbol library '5v rail sm-easyedapro'
    ; warning
    @(171.45 mm, 147.32 mm): Symbol C113 [FCC0402N101J500AT]
[global_label_dangling]: Global label not connected anywhere else in the schematic
    ; warning
    @(199.39 mm, 115.57 mm): Global Label 'BQ/TEMP1'
[footprint_link_issues]: The current configuration does not include the footprint library '5v rail sm-easyedapro'.
    ; warning
    @(157.48 mm, 168.91 mm): Symbol NT25 [NetTie_2]
[lib_symbol_issues]: The symbol library 'Device' was not found at '/opt/homebrew/bin/SharedSupport/symbols//Device.kicad_sym'.
    ; warning
    @(157.48 mm, 168.91 mm): Symbol NT25 [NetTie_2]
[global_label_dangling]: Global label not connected anywhere else in the schematic
    ; warning
    @(199.39 mm, 120.65 mm): Global Label 'BQ/TEMP2'
[footprint_link_issues]: Footprint 'TQFP-48_7x7mm_P0.5mm' not found in library 'Package_QFP'.
    ; warning
    @(220.98 mm, 95.25 mm): Symbol U58 [BQ7694202PFBR]
[lib_symbol_issues]: The current configuration does not include the symbol library '5v rail sm-easyedapro'
    ; warning
    @(220.98 mm, 95.25 mm): Symbol U58 [BQ7694202PFBR]
[footprint_link_issues]: Footprint 'R_0603_1608Metric' not found in library 'Resistor_SMD'.
    ; warning
    @(184.15 mm, 161.29 mm): Symbol R145 [0603WAF1000T5E]
[lib_symbol_issues]: The current configuration does not include the symbol library '5v rail sm-easyedapro'
    ; warning
    @(184.15 mm, 161.29 mm): Symbol R145 [0603WAF1000T5E]
[footprint_link_issues]: Footprint 'R_1206_3216Metric' not found in library 'Resistor_SMD'.
    ; warning
    @(245.11 mm, 31.75 mm): Symbol R146 [1206W4F1000T5E]
[lib_symbol_issues]: The current configuration does not include the symbol library '5v rail sm-easyedapro'
    ; warning
    @(245.11 mm, 31.75 mm): Symbol R146 [1206W4F1000T5E]
[footprint_link_issues]: Footprint 'R_1206_3216Metric' not found in library 'Resistor_SMD'.
    ; warning
    @(245.11 mm, 44.45 mm): Symbol R147 [1206W4F1000T5E]
[lib_symbol_issues]: The current configuration does not include the symbol library '5v rail sm-easyedapro'
    ; warning
    @(245.11 mm, 44.45 mm): Symbol R147 [1206W4F1000T5E]
[footprint_link_issues]: The current configuration does not include the footprint library '5v rail sm-easyedapro'.
    ; warning
    @(184.15 mm, 170.18 mm): Symbol NT26 [NetTie_2]
[lib_symbol_issues]: The symbol library 'Device' was not found at '/opt/homebrew/bin/SharedSupport/symbols//Device.kicad_sym'.
    ; warning
    @(184.15 mm, 170.18 mm): Symbol NT26 [NetTie_2]
[footprint_link_issues]: Footprint 'C_0603_1608Metric' not found in library 'Capacitor_SMD'.
    ; warning
    @(275.59 mm, 53.34 mm): Symbol C114 [0603B474K500NT]
[lib_symbol_issues]: The current configuration does not include the symbol library '5v rail sm-easyedapro'
    ; warning
    @(275.59 mm, 53.34 mm): Symbol C114 [0603B474K500NT]
[footprint_link_issues]: Footprint 'R_0603_1608Metric' not found in library 'Resistor_SMD'.
    ; warning
    @(275.59 mm, 97.79 mm): Symbol R148 [FRC0603F8202TS]
[lib_symbol_issues]: The current configuration does not include the symbol library '5v rail sm-easyedapro'
    ; warning
    @(275.59 mm, 97.79 mm): Symbol R148 [FRC0603F8202TS]
[footprint_link_issues]: Footprint 'C_0603_1608Metric' not found in library 'Capacitor_SMD'.
    ; warning
    @(289.56 mm, 54.61 mm): Symbol C115 [CGA0603X5R105K500JT]
[lib_symbol_issues]: The current configuration does not include the symbol library '5v rail sm-easyedapro'
    ; warning
    @(289.56 mm, 54.61 mm): Symbol C115 [CGA0603X5R105K500JT]
[footprint_link_issues]: Footprint 'R_0603_1608Metric' not found in library 'Resistor_SMD'.
    ; warning
    @(275.59 mm, 106.68 mm): Symbol R149 [FRC0603J104 TS]
[lib_symbol_issues]: The current configuration does not include the symbol library '5v rail sm-easyedapro'
    ; warning
    @(275.59 mm, 106.68 mm): Symbol R149 [FRC0603J104 TS]
[footprint_link_issues]: Footprint 'R_0603_1608Metric' not found in library 'Resistor_SMD'.
    ; warning
    @(288.29 mm, 80.01 mm): Symbol R150 [0603WAF1002T5E]
[lib_symbol_issues]: The current configuration does not include the symbol library '5v rail sm-easyedapro'
    ; warning
    @(288.29 mm, 80.01 mm): Symbol R150 [0603WAF1002T5E]
[footprint_link_issues]: Footprint 'R_0603_1608Metric' not found in library 'Resistor_SMD'.
    ; warning
    @(288.29 mm, 90.17 mm): Symbol R151 [0603WAF1002T5E]
[lib_symbol_issues]: The current configuration does not include the symbol library '5v rail sm-easyedapro'
    ; warning
    @(288.29 mm, 90.17 mm): Symbol R151 [0603WAF1002T5E]
[footprint_link_issues]: Footprint 'C_0603_1608Metric' not found in library 'Capacitor_SMD'.
    ; warning
    @(302.26 mm, 54.61 mm): Symbol C116 [CC0603JRNPO9BN101]
[lib_symbol_issues]: The current configuration does not include the symbol library '5v rail sm-easyedapro'
    ; warning
    @(302.26 mm, 54.61 mm): Symbol C116 [CC0603JRNPO9BN101]
[footprint_link_issues]: Footprint 'R_0603_1608Metric' not found in library 'Resistor_SMD'.
    ; warning
    @(297.18 mm, 114.30 mm): Symbol R152 [0603WAF1002T5E]
[lib_symbol_issues]: The current configuration does not include the symbol library '5v rail sm-easyedapro'
    ; warning
    @(297.18 mm, 114.30 mm): Symbol R152 [0603WAF1002T5E]
[lib_symbol_issues]: The symbol library 'power' was not found at '/opt/homebrew/bin/SharedSupport/symbols//power.kicad_sym'.
    ; warning
    @(46.99 mm, 95.25 mm): Symbol #PWR0157 [+3V3]
[footprint_link_issues]: The current configuration does not include the footprint library '5v rail sm-easyedapro'.
    ; warning
    @(90.17 mm, 97.79 mm): Symbol NT19 [NetTie_2]
[lib_symbol_issues]: The symbol library 'Device' was not found at '/opt/homebrew/bin/SharedSupport/symbols//Device.kicad_sym'.
    ; warning
    @(90.17 mm, 97.79 mm): Symbol NT19 [NetTie_2]
[footprint_link_issues]: Footprint 'C_0603_1608Metric' not found in library 'Capacitor_SMD'.
    ; warning
    @(46.99 mm, 127.00 mm): Symbol C100 [CC0603KRX7R9BB104]
[lib_symbol_issues]: The current configuration does not include the symbol library '5v rail sm-easyedapro'
    ; warning
    @(46.99 mm, 127.00 mm): Symbol C100 [CC0603KRX7R9BB104]
[footprint_link_issues]: Footprint 'C_0805_2012Metric' not found in library 'Capacitor_SMD'.
    ; warning
    @(63.50 mm, 127.00 mm): Symbol C101 [GRM21BR61H106KE43L]
[lib_symbol_issues]: The current configuration does not include the symbol library '5v rail sm-easyedapro'
    ; warning
    @(63.50 mm, 127.00 mm): Symbol C101 [GRM21BR61H106KE43L]
[footprint_link_issues]: Footprint 'R_0402_1005Metric' not found in library 'Resistor_SMD'.
    ; warning
    @(105.41 mm, 97.79 mm): Symbol R130 [RC0402FR-0710RL]
[lib_symbol_issues]: The current configuration does not include the symbol library '5v rail sm-easyedapro'
    ; warning
    @(105.41 mm, 97.79 mm): Symbol R130 [RC0402FR-0710RL]
[footprint_link_issues]: The current configuration does not include the footprint library '5v rail sm-easyedapro'.
    ; warning
    @(91.44 mm, 111.76 mm): Symbol NT20 [NetTie_2]
[lib_symbol_issues]: The symbol library 'Device' was not found at '/opt/homebrew/bin/SharedSupport/symbols//Device.kicad_sym'.
    ; warning
    @(91.44 mm, 111.76 mm): Symbol NT20 [NetTie_2]
[footprint_link_issues]: Footprint 'R_0402_1005Metric' not found in library 'Resistor_SMD'.
    ; warning
    @(105.41 mm, 111.76 mm): Symbol R131 [RC0402FR-0710RL]
[lib_symbol_issues]: The current configuration does not include the symbol library '5v rail sm-easyedapro'
    ; warning
    @(105.41 mm, 111.76 mm): Symbol R131 [RC0402FR-0710RL]
[footprint_link_issues]: Footprint 'C_0201_0603Metric' not found in library 'Capacitor_SMD'.
    ; warning
    @(114.30 mm, 105.41 mm): Symbol C102 [TCC0201X7R103K500ZT]
[lib_symbol_issues]: The current configuration does not include the symbol library '5v rail sm-easyedapro'
    ; warning
    @(114.30 mm, 105.41 mm): Symbol C102 [TCC0201X7R103K500ZT]
[lib_symbol_issues]: The symbol library 'power' was not found at '/opt/homebrew/bin/SharedSupport/symbols//power.kicad_sym'.
    ; warning
    @(63.50 mm, 142.24 mm): Symbol #PWR0156 [GND]
[footprint_link_issues]: The current configuration does not include the footprint library '5v rail sm-easyedapro'.
    ; warning
    @(154.94 mm, 44.45 mm): Symbol NT21 [NetTie_2]
[lib_symbol_issues]: The symbol library 'Device' was not found at '/opt/homebrew/bin/SharedSupport/symbols//Device.kicad_sym'.
    ; warning
    @(154.94 mm, 44.45 mm): Symbol NT21 [NetTie_2]
[footprint_link_issues]: Footprint 'R_0402_1005Metric' not found in library 'Resistor_SMD'.
    ; warning
    @(154.94 mm, 68.58 mm): Symbol R133 [RC0402FR-0710RL]
[lib_symbol_issues]: The current configuration does not include the symbol library '5v rail sm-easyedapro'
    ; warning
    @(154.94 mm, 68.58 mm): Symbol R133 [RC0402FR-0710RL]
[endpoint_off_grid]: Symbol pin or wire end off connection grid
    ; warning
    @(154.915 mm, 80.01 mm): Vertical Wire, length 13.97 mm
[endpoint_off_grid]: Symbol pin or wire end off connection grid
    ; warning
    @(154.94 mm, 80.01 mm): Horizontal Wire, length 0.025 mm
[footprint_link_issues]: The current configuration does not include the footprint library '5v rail sm-easyedapro'.
    ; warning
    @(168.91 mm, 44.45 mm): Symbol NT22 [NetTie_2]
[lib_symbol_issues]: The symbol library 'Device' was not found at '/opt/homebrew/bin/SharedSupport/symbols//Device.kicad_sym'.
    ; warning
    @(168.91 mm, 44.45 mm): Symbol NT22 [NetTie_2]
[footprint_link_issues]: Footprint 'C_0201_0603Metric' not found in library 'Capacitor_SMD'.
    ; warning
    @(161.29 mm, 80.01 mm): Symbol C103 [TCC0201X7R103K500ZT]
[lib_symbol_issues]: The current configuration does not include the symbol library '5v rail sm-easyedapro'
    ; warning
    @(161.29 mm, 80.01 mm): Symbol C103 [TCC0201X7R103K500ZT]
[unconnected_wire_endpoint]: Unconnected wire endpoint
    ; warning
    @(154.915 mm, 80.01 mm): Vertical Wire, length 13.97 mm
[footprint_link_issues]: Footprint 'R_0402_1005Metric' not found in library 'Resistor_SMD'.
    ; warning
    @(168.91 mm, 68.58 mm): Symbol R134 [RC0402FR-0710RL]
[lib_symbol_issues]: The current configuration does not include the symbol library '5v rail sm-easyedapro'
    ; warning
    @(168.91 mm, 68.58 mm): Symbol R134 [RC0402FR-0710RL]
[endpoint_off_grid]: Symbol pin or wire end off connection grid
    ; warning
    @(157.455 mm, 93.98 mm): Vertical Wire, length 3.81 mm
[unconnected_wire_endpoint]: Unconnected wire endpoint
    ; warning
    @(157.455 mm, 93.98 mm): Vertical Wire, length 3.81 mm
[endpoint_off_grid]: Symbol pin or wire end off connection grid
    ; warning
    @(168.885 mm, 80.01 mm): Horizontal Wire, length 2.515 mm
[endpoint_off_grid]: Symbol pin or wire end off connection grid
    ; warning
    @(168.91 mm, 80.01 mm): Horizontal Wire, length 0.025 mm
[endpoint_off_grid]: Symbol pin or wire end off connection grid
    ; warning
    @(168.885 mm, 90.17 mm): Vertical Wire, length 10.16 mm
[endpoint_off_grid]: Symbol pin or wire end off connection grid
    ; warning
    @(168.885 mm, 90.17 mm): Horizontal Wire, length 11.43 mm
[footprint_link_issues]: Footprint 'QFN-16-1EP_4x4mm_P0.65mm_EP2.2x2.2mm' not found in library 'Package_DFN_QFN'.
    ; warning
    @(156.21 mm, 113.03 mm): Symbol CUR_2 [INA3221AIRGVR]
[lib_symbol_issues]: The current configuration does not include the symbol library '5v rail sm-easyedapro'
    ; warning
    @(156.21 mm, 113.03 mm): Symbol CUR_2 [INA3221AIRGVR]
[lib_symbol_issues]: The symbol library 'power' was not found at '/opt/homebrew/bin/SharedSupport/symbols//power.kicad_sym'.
    ; warning
    @(186.69 mm, 50.80 mm): Symbol #PWR0158 [+3V3]
[footprint_link_issues]: The current configuration does not include the footprint library '5v rail sm-easyedapro'.
    ; warning
    @(185.42 mm, 64.77 mm): Symbol RN2 [RTA03-4D103JTP]
[lib_symbol_issues]: The current configuration does not include the symbol library '5v rail sm-easyedapro'
    ; warning
    @(185.42 mm, 64.77 mm): Symbol RN2 [RTA03-4D103JTP]
[footprint_link_issues]: Footprint 'R_0402_1005Metric' not found in library 'Resistor_SMD'.
    ; warning
    @(142.24 mm, 138.43 mm): Symbol R132 [0402WGF1002TCE]
[lib_symbol_issues]: The current configuration does not include the symbol library '5v rail sm-easyedapro'
    ; warning
    @(142.24 mm, 138.43 mm): Symbol R132 [0402WGF1002TCE]
[footprint_link_issues]: Footprint 'C_0201_0603Metric' not found in library 'Capacitor_SMD'.
    ; warning
    @(224.79 mm, 105.41 mm): Symbol C104 [TCC0201X7R103K500ZT]
[lib_symbol_issues]: The current configuration does not include the symbol library '5v rail sm-easyedapro'
    ; warning
    @(224.79 mm, 105.41 mm): Symbol C104 [TCC0201X7R103K500ZT]
[footprint_link_issues]: Footprint 'R_0402_1005Metric' not found in library 'Resistor_SMD'.
    ; warning
    @(231.14 mm, 97.79 mm): Symbol R135 [RC0402FR-0710RL]
[lib_symbol_issues]: The current configuration does not include the symbol library '5v rail sm-easyedapro'
    ; warning
    @(231.14 mm, 97.79 mm): Symbol R135 [RC0402FR-0710RL]
[footprint_link_issues]: Footprint 'R_0402_1005Metric' not found in library 'Resistor_SMD'.
    ; warning
    @(231.14 mm, 111.76 mm): Symbol R136 [RC0402FR-0710RL]
[lib_symbol_issues]: The current configuration does not include the symbol library '5v rail sm-easyedapro'
    ; warning
    @(231.14 mm, 111.76 mm): Symbol R136 [RC0402FR-0710RL]
[footprint_link_issues]: The current configuration does not include the footprint library '5v rail sm-easyedapro'.
    ; warning
    @(245.11 mm, 97.79 mm): Symbol NT23 [NetTie_2]
[lib_symbol_issues]: The symbol library 'Device' was not found at '/opt/homebrew/bin/SharedSupport/symbols//Device.kicad_sym'.
    ; warning
    @(245.11 mm, 97.79 mm): Symbol NT23 [NetTie_2]
[footprint_link_issues]: The current configuration does not include the footprint library '5v rail sm-easyedapro'.
    ; warning
    @(245.11 mm, 111.76 mm): Symbol NT24 [NetTie_2]
[lib_symbol_issues]: The symbol library 'Device' was not found at '/opt/homebrew/bin/SharedSupport/symbols//Device.kicad_sym'.
    ; warning
    @(245.11 mm, 111.76 mm): Symbol NT24 [NetTie_2]
[footprint_link_issues]: Footprint 'C_0603_1608Metric' not found in library 'Capacitor_SMD'.
    ; warning
    @(85.09 mm, 68.58 mm): Symbol C71 [CC0603KRX7R9BB104]
[lib_symbol_issues]: The current configuration does not include the symbol library '5v rail sm-easyedapro'
    ; warning
    @(85.09 mm, 68.58 mm): Symbol C71 [CC0603KRX7R9BB104]
[footprint_link_issues]: Footprint 'R_0603_1608Metric' not found in library 'Resistor_SMD'.
    ; warning
    @(114.30 mm, 55.88 mm): Symbol R99 [FRH0603D4423TS]
[lib_symbol_issues]: The current configuration does not include the symbol library '5v rail sm-easyedapro'
    ; warning
    @(114.30 mm, 55.88 mm): Symbol R99 [FRH0603D4423TS]
[endpoint_off_grid]: Symbol pin or wire end off connection grid
    ; warning
    @(85.09 mm, 97.815 mm): Vertical Wire, length 24.155 mm
[endpoint_off_grid]: Symbol pin or wire end off connection grid
    ; warning
    @(85.09 mm, 97.815 mm): Wire, length 29.21 mm
[endpoint_off_grid]: Symbol pin or wire end off connection grid
    ; warning
    @(85.09 mm, 144.78 mm): Vertical Wire, length 46.965 mm
[footprint_link_issues]: Footprint 'R_0603_1608Metric' not found in library 'Resistor_SMD'.
    ; warning
    @(114.30 mm, 68.58 mm): Symbol R100 [FRC0603F1102TS]
[lib_symbol_issues]: The current configuration does not include the symbol library '5v rail sm-easyedapro'
    ; warning
    @(114.30 mm, 68.58 mm): Symbol R100 [FRC0603F1102TS]
[footprint_link_issues]: Footprint 'R_0603_1608Metric' not found in library 'Resistor_SMD'.
    ; warning
    @(114.30 mm, 81.28 mm): Symbol R101 [0603WAF2002T5E]
[lib_symbol_issues]: The current configuration does not include the symbol library '5v rail sm-easyedapro'
    ; warning
    @(114.30 mm, 81.28 mm): Symbol R101 [0603WAF2002T5E]
[footprint_link_issues]: Footprint 'R_0603_1608Metric' not found in library 'Resistor_SMD'.
    ; warning
    @(69.85 mm, 132.08 mm): Symbol R97 [RC0603FR-073K92L]
[lib_symbol_issues]: The current configuration does not include the symbol library '5v rail sm-easyedapro'
    ; warning
    @(69.85 mm, 132.08 mm): Symbol R97 [RC0603FR-073K92L]
[footprint_link_issues]: Footprint 'SolderJumper-2_P1.3mm_Bridged_Pad1.0x1.5mm' not found in library 'Jumper'.
    ; warning
    @(66.04 mm, 148.59 mm): Symbol U35 [Jumper_2_Bridged]
[lib_symbol_issues]: The symbol library 'Jumper' was not found at '/opt/homebrew/bin/SharedSupport/symbols//Jumper.kicad_sym'.
    ; warning
    @(66.04 mm, 148.59 mm): Symbol U35 [Jumper_2_Bridged]
[footprint_link_issues]: Footprint 'R_0603_1608Metric' not found in library 'Resistor_SMD'.
    ; warning
    @(73.66 mm, 148.59 mm): Symbol R98 [FRC0603F1581TS]
[lib_symbol_issues]: The current configuration does not include the symbol library '5v rail sm-easyedapro'
    ; warning
    @(73.66 mm, 148.59 mm): Symbol R98 [FRC0603F1581TS]
[lib_symbol_issues]: The symbol library 'power' was not found at '/opt/homebrew/bin/SharedSupport/symbols//power.kicad_sym'.
    ; warning
    @(118.11 mm, 116.84 mm): Symbol #PWR0108 [+3V3]
[footprint_link_issues]: Footprint 'R_0603_1608Metric' not found in library 'Resistor_SMD'.
    ; warning
    @(125.73 mm, 118.11 mm): Symbol R102 [FRC0603J104 TS]
[lib_symbol_issues]: The current configuration does not include the symbol library '5v rail sm-easyedapro'
    ; warning
    @(125.73 mm, 118.11 mm): Symbol R102 [FRC0603J104 TS]
[lib_symbol_issues]: The symbol library 'power' was not found at '/opt/homebrew/bin/SharedSupport/symbols//power.kicad_sym'.
    ; warning
    @(92.71 mm, 148.59 mm): Symbol #PWR0107 [GND]
[lib_symbol_issues]: The symbol library 'power' was not found at '/opt/homebrew/bin/SharedSupport/symbols//power.kicad_sym'.
    ; warning
    @(69.85 mm, 163.83 mm): Symbol #PWR0106 [GND]
[footprint_link_issues]: Footprint 'C_0603_1608Metric' not found in library 'Capacitor_SMD'.
    ; warning
    @(147.32 mm, 124.46 mm): Symbol C72 [TCC0603X7R223M500CT]
[lib_symbol_issues]: The current configuration does not include the symbol library '5v rail sm-easyedapro'
    ; warning
    @(147.32 mm, 124.46 mm): Symbol C72 [TCC0603X7R223M500CT]
[footprint_link_issues]: The current configuration does not include the footprint library '5v rail sm-easyedapro'.
    ; warning
    @(175.26 mm, 93.98 mm): Symbol U37 [TPS16630RGER]
[lib_symbol_issues]: The current configuration does not include the symbol library '5v rail sm-easyedapro'
    ; warning
    @(175.26 mm, 93.98 mm): Symbol U37 [TPS16630RGER]
[footprint_link_issues]: Footprint 'SolderJumper-2_P1.3mm_Bridged_Pad1.0x1.5mm' not found in library 'Jumper'.
    ; warning
    @(160.02 mm, 124.46 mm): Symbol U36 [Jumper_2_Bridged]
[lib_symbol_issues]: The symbol library 'Jumper' was not found at '/opt/homebrew/bin/SharedSupport/symbols//Jumper.kicad_sym'.
    ; warning
    @(160.02 mm, 124.46 mm): Symbol U36 [Jumper_2_Bridged]
[global_label_dangling]: Global label not connected anywhere else in the schematic
    ; warning
    @(201.93 mm, 100.33 mm): Global Label 'eFuse/TPS16630/PGOOD'
[lib_symbol_issues]: The symbol library 'power' was not found at '/opt/homebrew/bin/SharedSupport/symbols//power.kicad_sym'.
    ; warning
    @(218.44 mm, 116.84 mm): Symbol #PWR0109 [+3V3]
[footprint_link_issues]: Footprint 'R_0603_1608Metric' not found in library 'Resistor_SMD'.
    ; warning
    @(218.44 mm, 123.19 mm): Symbol R103 [FRC0603J104 TS]
[lib_symbol_issues]: The current configuration does not include the symbol library '5v rail sm-easyedapro'
    ; warning
    @(218.44 mm, 123.19 mm): Symbol R103 [FRC0603J104 TS]
[footprint_link_issues]: Footprint 'R_0603_1608Metric' not found in library 'Resistor_SMD'.
    ; warning
    @(218.44 mm, 140.97 mm): Symbol R104 [0603WAF191JT5E]
[lib_symbol_issues]: The current configuration does not include the symbol library '5v rail sm-easyedapro'
    ; warning
    @(218.44 mm, 140.97 mm): Symbol R104 [0603WAF191JT5E]
[lib_symbol_issues]: The symbol library 'power' was not found at '/opt/homebrew/bin/SharedSupport/symbols//power.kicad_sym'.
    ; warning
    @(218.44 mm, 147.32 mm): Symbol #PWR0110 [GND]
[unconnected_wire_endpoint]: Unconnected wire endpoint
    ; warning
    @(154.915 mm, 80.01 mm): Vertical Wire, length 13.97 mm
[unconnected_wire_endpoint]: Unconnected wire endpoint
    ; warning
    @(157.455 mm, 93.98 mm): Vertical Wire, length 3.81 mm
[footprint_link_issues]: The current configuration does not include the footprint library 'JLCImport'.
    ; warning
    @(97.79 mm, 96.52 mm): Symbol U22 [VH3_96-2P_WZ]
[lib_symbol_issues]: The current configuration does not include the symbol library 'JLCImport'
    ; warning
    @(97.79 mm, 96.52 mm): Symbol U22 [VH3_96-2P_WZ]
[footprint_link_issues]: Footprint 'C_0805_2012Metric' not found in library 'Capacitor_SMD'.
    ; warning
    @(128.27 mm, 96.52 mm): Symbol C41 [GRM21BR61H106KE43L]
[lib_symbol_issues]: The current configuration does not include the symbol library '5v rail sm-easyedapro'
    ; warning
    @(128.27 mm, 96.52 mm): Symbol C41 [GRM21BR61H106KE43L]
[footprint_link_issues]: Footprint 'C_0603_1608Metric' not found in library 'Capacitor_SMD'.
    ; warning
    @(139.70 mm, 96.52 mm): Symbol C42 [CC0603KRX7R9BB104]
[lib_symbol_issues]: The current configuration does not include the symbol library '5v rail sm-easyedapro'
    ; warning
    @(139.70 mm, 96.52 mm): Symbol C42 [CC0603KRX7R9BB104]
[lib_symbol_issues]: The symbol library 'power' was not found at '/opt/homebrew/bin/SharedSupport/symbols//power.kicad_sym'.
    ; warning
    @(139.70 mm, 106.68 mm): Symbol #PWR0165 [GND]
[footprint_link_issues]: Footprint 'SOD-123FL' not found in library 'Diode_SMD'.
    ; warning
    @(152.40 mm, 96.52 mm): Symbol D16 [SMF13A_C353315]
[lib_symbol_issues]: The current configuration does not include the symbol library '5v rail sm-easyedapro'
    ; warning
    @(152.40 mm, 96.52 mm): Symbol D16 [SMF13A_C353315]
[footprint_link_issues]: Footprint 'R_2512_6332Metric' not found in library 'Resistor_SMD'.
    ; warning
    @(160.02 mm, 91.44 mm): Symbol R72 [LR123WF160MT4E]
[lib_symbol_issues]: The current configuration does not include the symbol library '5v rail sm-easyedapro'
    ; warning
    @(160.02 mm, 91.44 mm): Symbol R72 [LR123WF160MT4E]
[footprint_link_issues]: Footprint 'R_0603_1608Metric' not found in library 'Resistor_SMD'.
    ; warning
    @(102.87 mm, 92.71 mm): Symbol R160 [0603WAF1000T5E]
[lib_symbol_issues]: The current configuration does not include the symbol library '5v rail sm-easyedapro'
    ; warning
    @(102.87 mm, 92.71 mm): Symbol R160 [0603WAF1000T5E]
[footprint_link_issues]: Footprint 'R_0603_1608Metric' not found in library 'Resistor_SMD'.
    ; warning
    @(88.90 mm, 119.38 mm): Symbol R158 [0603WAF1000T5E]
[lib_symbol_issues]: The current configuration does not include the symbol library '5v rail sm-easyedapro'
    ; warning
    @(88.90 mm, 119.38 mm): Symbol R158 [0603WAF1000T5E]
[footprint_link_issues]: Footprint 'SOD-123' not found in library 'Diode_SMD'.
    ; warning
    @(116.84 mm, 101.60 mm): Symbol D31 [BAT46W-7-F]
[lib_symbol_issues]: The current configuration does not include the symbol library '5v rail sm-easyedapro'
    ; warning
    @(116.84 mm, 101.60 mm): Symbol D31 [BAT46W-7-F]
[footprint_link_issues]: Footprint 'SOD-123' not found in library 'Diode_SMD'.
    ; warning
    @(96.52 mm, 125.73 mm): Symbol D29 [MMSZ5246B-7-F]
[lib_symbol_issues]: The current configuration does not include the symbol library '5v rail sm-easyedapro'
    ; warning
    @(96.52 mm, 125.73 mm): Symbol D29 [MMSZ5246B-7-F]
[footprint_link_issues]: Footprint 'R_0603_1608Metric' not found in library 'Resistor_SMD'.
    ; warning
    @(130.81 mm, 92.71 mm): Symbol R168 [FRC0603F1001TS]
[lib_symbol_issues]: The current configuration does not include the symbol library '5v rail sm-easyedapro'
    ; warning
    @(130.81 mm, 92.71 mm): Symbol R168 [FRC0603F1001TS]
[footprint_link_issues]: Footprint 'R_0603_1608Metric' not found in library 'Resistor_SMD'.
    ; warning
    @(107.95 mm, 125.73 mm): Symbol R161 [0603WAF1005T5E]
[lib_symbol_issues]: The current configuration does not include the symbol library '5v rail sm-easyedapro'
    ; warning
    @(107.95 mm, 125.73 mm): Symbol R161 [0603WAF1005T5E]
[footprint_link_issues]: Footprint 'R_0603_1608Metric' not found in library 'Resistor_SMD'.
    ; warning
    @(116.84 mm, 119.38 mm): Symbol R163 [FRC0603J470 TS]
[lib_symbol_issues]: The current configuration does not include the symbol library '5v rail sm-easyedapro'
    ; warning
    @(116.84 mm, 119.38 mm): Symbol R163 [FRC0603J470 TS]
[footprint_link_issues]: Footprint 'C_0603_1608Metric' not found in library 'Capacitor_SMD'.
    ; warning
    @(96.52 mm, 143.51 mm): Symbol C117 [CL10B104KC8NNNC]
[lib_symbol_issues]: The current configuration does not include the symbol library '5v rail sm-easyedapro'
    ; warning
    @(96.52 mm, 143.51 mm): Symbol C117 [CL10B104KC8NNNC]
[footprint_link_issues]: Footprint 'R_0603_1608Metric' not found in library 'Resistor_SMD'.
    ; warning
    @(152.40 mm, 82.55 mm): Symbol R172 [0603WAF6802T5E]
[lib_symbol_issues]: The current configuration does not include the symbol library '5v rail sm-easyedapro'
    ; warning
    @(152.40 mm, 82.55 mm): Symbol R172 [0603WAF6802T5E]
[endpoint_off_grid]: Symbol pin or wire end off connection grid
    ; warning
    @(147.295 mm, 92.71 mm): Horizontal Wire, length 0.025 mm
[endpoint_off_grid]: Symbol pin or wire end off connection grid
    ; warning
    @(139.70 mm, 92.71 mm): Horizontal Wire, length 7.595 mm
[unconnected_wire_endpoint]: Unconnected wire endpoint
    ; warning
    @(147.295 mm, 92.71 mm): Horizontal Wire, length 0.025 mm
[footprint_link_issues]: Footprint 'SOD-123' not found in library 'Diode_SMD'.
    ; warning
    @(152.375 mm, 92.71 mm): Symbol D33 [BAT46W-7-F]
[lib_symbol_issues]: The current configuration does not include the symbol library '5v rail sm-easyedapro'
    ; warning
    @(152.375 mm, 92.71 mm): Symbol D33 [BAT46W-7-F]
[footprint_link_issues]: The current configuration does not include the footprint library '5v rail sm-easyedapro'.
    ; warning
    @(123.19 mm, 133.35 mm): Symbol Q13 [IPT012N08N5(TOKMAS)]
[lib_symbol_issues]: The current configuration does not include the symbol library '5v rail sm-easyedapro'
    ; warning
    @(123.19 mm, 133.35 mm): Symbol Q13 [IPT012N08N5(TOKMAS)]
[endpoint_off_grid]: Symbol pin or wire end off connection grid
    ; warning
    @(157.455 mm, 92.71 mm): Symbol D33 Pin 1 [1, Unspecified, Line]
[unconnected_wire_endpoint]: Unconnected wire endpoint
    ; warning
    @(165.10 mm, 92.71 mm): Horizontal Wire, length 7.62 mm
[footprint_link_issues]: Footprint 'R_0603_1608Metric' not found in library 'Resistor_SMD'.
    ; warning
    @(147.32 mm, 119.38 mm): Symbol R171 [FRC0603J470 TS]
[lib_symbol_issues]: The current configuration does not include the symbol library '5v rail sm-easyedapro'
    ; warning
    @(147.32 mm, 119.38 mm): Symbol R171 [FRC0603J470 TS]
[footprint_link_issues]: Footprint 'C_0603_1608Metric' not found in library 'Capacitor_SMD'.
    ; warning
    @(96.52 mm, 165.10 mm): Symbol C118 [CL10B104KC8NNNC]
[lib_symbol_issues]: The current configuration does not include the symbol library '5v rail sm-easyedapro'
    ; warning
    @(96.52 mm, 165.10 mm): Symbol C118 [CL10B104KC8NNNC]
[footprint_link_issues]: The current configuration does not include the footprint library '5v rail sm-easyedapro'.
    ; warning
    @(140.97 mm, 133.35 mm): Symbol Q14 [IPT012N08N5(TOKMAS)]
[lib_symbol_issues]: The current configuration does not include the symbol library '5v rail sm-easyedapro'
    ; warning
    @(140.97 mm, 133.35 mm): Symbol Q14 [IPT012N08N5(TOKMAS)]
[footprint_link_issues]: Footprint 'C_0603_1608Metric' not found in library 'Capacitor_SMD'.
    ; warning
    @(125.73 mm, 148.59 mm): Symbol C119 [CL10B104KC8NNNC]
[lib_symbol_issues]: The current configuration does not include the symbol library '5v rail sm-easyedapro'
    ; warning
    @(125.73 mm, 148.59 mm): Symbol C119 [CL10B104KC8NNNC]
[footprint_link_issues]: Footprint 'R_0603_1608Metric' not found in library 'Resistor_SMD'.
    ; warning
    @(156.21 mm, 124.46 mm): Symbol R173 [0603WAF1005T5E]
[lib_symbol_issues]: The current configuration does not include the symbol library '5v rail sm-easyedapro'
    ; warning
    @(156.21 mm, 124.46 mm): Symbol R173 [0603WAF1005T5E]
[footprint_link_issues]: Footprint 'C_0603_1608Metric' not found in library 'Capacitor_SMD'.
    ; warning
    @(138.43 mm, 148.59 mm): Symbol C120 [CL10B104KC8NNNC]
[lib_symbol_issues]: The current configuration does not include the symbol library '5v rail sm-easyedapro'
    ; warning
    @(138.43 mm, 148.59 mm): Symbol C120 [CL10B104KC8NNNC]
[footprint_link_issues]: Footprint 'SOD-123' not found in library 'Diode_SMD'.
    ; warning
    @(168.91 mm, 124.46 mm): Symbol D34 [MMSZ5246B-7-F]
[lib_symbol_issues]: The current configuration does not include the symbol library '5v rail sm-easyedapro'
    ; warning
    @(168.91 mm, 124.46 mm): Symbol D34 [MMSZ5246B-7-F]
[footprint_link_issues]: Footprint 'SOD-323' not found in library 'Diode_SMD'.
    ; warning
    @(203.20 mm, 83.82 mm): Symbol D35 [BZT52C5V1S-7-F]
[lib_symbol_issues]: The current configuration does not include the symbol library '5v rail sm-easyedapro'
    ; warning
    @(203.20 mm, 83.82 mm): Symbol D35 [BZT52C5V1S-7-F]
[footprint_link_issues]: Footprint 'SOD-123' not found in library 'Diode_SMD'.
    ; warning
    @(113.03 mm, 209.55 mm): Symbol D30 [MMSZ5267BT1G]
[lib_symbol_issues]: The current configuration does not include the symbol library '5v rail sm-easyedapro'
    ; warning
    @(113.03 mm, 209.55 mm): Symbol D30 [MMSZ5267BT1G]
[footprint_link_issues]: Footprint 'SOT-23' not found in library 'Package_TO_SOT_SMD'.
    ; warning
    @(220.98 mm, 92.71 mm): Symbol Q16 [BSS84AK,215]
[lib_symbol_issues]: The current configuration does not include the symbol library '5v rail sm-easyedapro'
    ; warning
    @(220.98 mm, 92.71 mm): Symbol Q16 [BSS84AK,215]
[lib_symbol_issues]: The symbol library 'power' was not found at '/opt/homebrew/bin/SharedSupport/symbols//power.kicad_sym'.
    ; warning
    @(113.03 mm, 214.63 mm): Symbol #PWR0159 [VSS]
[footprint_link_issues]: Footprint 'R_0603_1608Metric' not found in library 'Resistor_SMD'.
    ; warning
    @(134.62 mm, 204.47 mm): Symbol R169 [RC0603FR-0768KL]
[lib_symbol_issues]: The current configuration does not include the symbol library '5v rail sm-easyedapro'
    ; warning
    @(134.62 mm, 204.47 mm): Symbol R169 [RC0603FR-0768KL]
[footprint_link_issues]: Footprint 'R_0603_1608Metric' not found in library 'Resistor_SMD'.
    ; warning
    @(220.98 mm, 106.68 mm): Symbol R180 [FRC0603J470 TS]
[lib_symbol_issues]: The current configuration does not include the symbol library '5v rail sm-easyedapro'
    ; warning
    @(220.98 mm, 106.68 mm): Symbol R180 [FRC0603J470 TS]
[footprint_link_issues]: Footprint 'R_0402_1005Metric' not found in library 'Resistor_SMD'.
    ; warning
    @(189.23 mm, 167.64 mm): Symbol R176 [Res]
[lib_symbol_issues]: The current configuration does not include the symbol library '5v rail sm-easyedapro'
    ; warning
    @(189.23 mm, 167.64 mm): Symbol R176 [Res]
[footprint_link_issues]: Footprint 'SOD-123' not found in library 'Diode_SMD'.
    ; warning
    @(135.89 mm, 218.44 mm): Symbol D32 [MMSZ5246B_R1_00001]
[lib_symbol_issues]: The current configuration does not include the symbol library '5v rail sm-easyedapro'
    ; warning
    @(135.89 mm, 218.44 mm): Symbol D32 [MMSZ5246B_R1_00001]
[footprint_link_issues]: The current configuration does not include the footprint library '5v rail sm-easyedapro'.
    ; warning
    @(189.23 mm, 179.07 mm): Symbol NT27 [NetTie_2]
[lib_symbol_issues]: The symbol library 'Device' was not found at '/opt/homebrew/bin/SharedSupport/symbols//Device.kicad_sym'.
    ; warning
    @(189.23 mm, 179.07 mm): Symbol NT27 [NetTie_2]
[footprint_link_issues]: Footprint 'R_0402_1005Metric' not found in library 'Resistor_SMD'.
    ; warning
    @(201.93 mm, 167.64 mm): Symbol R179 [Res]
[lib_symbol_issues]: The current configuration does not include the symbol library '5v rail sm-easyedapro'
    ; warning
    @(201.93 mm, 167.64 mm): Symbol R179 [Res]
[footprint_link_issues]: Footprint 'R_0603_1608Metric' not found in library 'Resistor_SMD'.
    ; warning
    @(251.46 mm, 76.20 mm): Symbol R181 [FRC0603J471 TS]
[lib_symbol_issues]: The current configuration does not include the symbol library '5v rail sm-easyedapro'
    ; warning
    @(251.46 mm, 76.20 mm): Symbol R181 [FRC0603J471 TS]
[footprint_link_issues]: Footprint 'R_0603_1608Metric' not found in library 'Resistor_SMD'.
    ; warning
    @(135.89 mm, 229.87 mm): Symbol R170 [RC0603FR-071ML]
[lib_symbol_issues]: The current configuration does not include the symbol library '5v rail sm-easyedapro'
    ; warning
    @(135.89 mm, 229.87 mm): Symbol R170 [RC0603FR-071ML]
[footprint_link_issues]: The current configuration does not include the footprint library '5v rail sm-easyedapro'.
    ; warning
    @(195.58 mm, 182.88 mm): Symbol R177 [PEWM3920F1L00K9]
[lib_symbol_issues]: The current configuration does not include the symbol library '5v rail sm-easyedapro'
    ; warning
    @(195.58 mm, 182.88 mm): Symbol R177 [PEWM3920F1L00K9]
[footprint_link_issues]: The current configuration does not include the footprint library '5v rail sm-easyedapro'.
    ; warning
    @(201.93 mm, 179.07 mm): Symbol NT28 [NetTie_2]
[lib_symbol_issues]: The symbol library 'Device' was not found at '/opt/homebrew/bin/SharedSupport/symbols//Device.kicad_sym'.
    ; warning
    @(201.93 mm, 179.07 mm): Symbol NT28 [NetTie_2]
[footprint_link_issues]: Footprint 'SOT-23' not found in library 'Package_TO_SOT_SMD'.
    ; warning
    @(269.24 mm, 64.77 mm): Symbol Q17 [BSS123NH6327XTSA1_C5205497]
[lib_symbol_issues]: The current configuration does not include the symbol library '5v rail sm-easyedapro'
    ; warning
    @(269.24 mm, 64.77 mm): Symbol Q17 [BSS123NH6327XTSA1_C5205497]
[footprint_link_issues]: Footprint 'SOT-223-3_TabPin4' not found in library 'Package_TO_SOT_SMD'.
    ; warning
    @(146.05 mm, 238.76 mm): Symbol Q15 [ZXMP10A17G]
[lib_symbol_issues]: The current configuration does not include the symbol library '5v rail sm-easyedapro'
    ; warning
    @(146.05 mm, 238.76 mm): Symbol Q15 [ZXMP10A17G]
[footprint_link_issues]: Footprint 'R_0603_1608Metric' not found in library 'Resistor_SMD'.
    ; warning
    @(279.40 mm, 57.15 mm): Symbol R182 [0603WAF1005T5E]
[lib_symbol_issues]: The current configuration does not include the symbol library '5v rail sm-easyedapro'
    ; warning
    @(279.40 mm, 57.15 mm): Symbol R182 [0603WAF1005T5E]
[footprint_link_issues]: Footprint 'TO-263-2_TabPin2' not found in library 'Package_TO_SOT_SMD'.
    ; warning
    @(165.10 mm, 238.76 mm): Symbol R174 [PWR263S-35-40R0J]
[lib_symbol_issues]: The current configuration does not include the symbol library '5v rail sm-easyedapro'
    ; warning
    @(165.10 mm, 238.76 mm): Symbol R174 [PWR263S-35-40R0J]
[footprint_link_issues]: Footprint 'SOD-123' not found in library 'Diode_SMD'.
    ; warning
    @(292.10 mm, 57.15 mm): Symbol D36 [MMSZ5246B-7-F]
[lib_symbol_issues]: The current configuration does not include the symbol library '5v rail sm-easyedapro'
    ; warning
    @(292.10 mm, 57.15 mm): Symbol D36 [MMSZ5246B-7-F]
[footprint_link_issues]: Footprint 'SOD-123' not found in library 'Diode_SMD'.
    ; warning
    @(292.10 mm, 74.93 mm): Symbol D37 [BAT46W_C7420332]
[lib_symbol_issues]: The current configuration does not include the symbol library '5v rail sm-easyedapro'
    ; warning
    @(292.10 mm, 74.93 mm): Symbol D37 [BAT46W_C7420332]
[footprint_link_issues]: Footprint 'R_0603_1608Metric' not found in library 'Resistor_SMD'.
    ; warning
    @(292.10 mm, 88.90 mm): Symbol R183 [0603WAF1002T5E]
[lib_symbol_issues]: The current configuration does not include the symbol library '5v rail sm-easyedapro'
    ; warning
    @(292.10 mm, 88.90 mm): Symbol R183 [0603WAF1002T5E]
[footprint_link_issues]: Footprint 'C_0603_1608Metric' not found in library 'Capacitor_SMD'.
    ; warning
    @(287.02 mm, 143.51 mm): Symbol C123 [CL10B104KC8NNNC]
[lib_symbol_issues]: The current configuration does not include the symbol library '5v rail sm-easyedapro'
    ; warning
    @(287.02 mm, 143.51 mm): Symbol C123 [CL10B104KC8NNNC]
[footprint_link_issues]: Footprint 'C_0603_1608Metric' not found in library 'Capacitor_SMD'.
    ; warning
    @(287.02 mm, 165.10 mm): Symbol C124 [CL10B104KC8NNNC]
[lib_symbol_issues]: The current configuration does not include the symbol library '5v rail sm-easyedapro'
    ; warning
    @(287.02 mm, 165.10 mm): Symbol C124 [CL10B104KC8NNNC]
[lib_symbol_issues]: The current configuration does not include the symbol library '5v rail sm-easyedapro'
    ; warning
    @(31.75 mm, 26.67 mm): Symbol C19 [CL05B104KB54PNC]
[lib_symbol_issues]: The symbol library 'power' was not found at '/opt/homebrew/bin/SharedSupport/symbols//power.kicad_sym'.
    ; warning
    @(31.75 mm, 31.75 mm): Symbol #PWR066 [GND]
[lib_symbol_issues]: The current configuration does not include the symbol library '5v rail sm-easyedapro'
    ; warning
    @(48.26 mm, 21.59 mm): Symbol R43 [FRC0402F1000TS]
[lib_symbol_issues]: The current configuration does not include the symbol library '5v rail sm-easyedapro'
    ; warning
    @(58.42 mm, 12.70 mm): Symbol R44 [0402WGF1002TCE]
[lib_symbol_issues]: The current configuration does not include the symbol library '5v rail sm-easyedapro'
    ; warning
    @(73.66 mm, 12.70 mm): Symbol R47 [0402WGF1001TCE]
[lib_symbol_issues]: The current configuration does not include the symbol library '5v rail sm-easyedapro'
    ; warning
    @(73.66 mm, 30.48 mm): Symbol LED6 [PSC-1608U50GC-G4]
[lib_symbol_issues]: The current configuration does not include the symbol library '5v rail sm-easyedapro'
    ; warning
    @(3.81 mm, 81.28 mm): Symbol U16 [RVT1H680M0607]
[lib_symbol_issues]: The current configuration does not include the symbol library '5v rail sm-easyedapro'
    ; warning
    @(16.51 mm, 81.28 mm): Symbol C17 [CGA0805X5R226M350MT]
[endpoint_off_grid]: Symbol pin or wire end off connection grid
    ; warning
    @(58.42 mm, 39.37 mm): Horizontal Wire, length 15.215 mm
[endpoint_off_grid]: Symbol pin or wire end off connection grid
    ; warning
    @(80.01 mm, 39.37 mm): Horizontal Wire, length 6.375 mm
[endpoint_off_grid]: Symbol pin or wire end off connection grid
    ; warning
    @(73.635 mm, 39.37 mm): Wire, length 71.12 mm
[endpoint_off_grid]: Symbol pin or wire end off connection grid
    ; warning
    @(73.66 mm, 35.56 mm): Wire, length 3.81 mm
[lib_symbol_issues]: The current configuration does not include the symbol library '5v rail sm-easyedapro'
    ; warning
    @(80.01 mm, 30.48 mm): Symbol C21 [CC0603KRX7R9BB104]
[lib_symbol_issues]: The current configuration does not include the symbol library '5v rail sm-easyedapro'
    ; warning
    @(29.21 mm, 81.28 mm): Symbol C18 [CGA0805X5R226M350MT]
[lib_symbol_issues]: The current configuration does not include the symbol library '5v rail sm-easyedapro'
    ; warning
    @(41.91 mm, 81.28 mm): Symbol C20 [CC0603KRX7R9BB104]
[lib_symbol_issues]: The symbol library 'power' was not found at '/opt/homebrew/bin/SharedSupport/symbols//power.kicad_sym'.
    ; warning
    @(97.79 mm, 1.27 mm): Symbol #PWR067 [+3V3]
[lib_symbol_issues]: The symbol library 'power' was not found at '/opt/homebrew/bin/SharedSupport/symbols//power.kicad_sym'.
    ; warning
    @(29.21 mm, 93.98 mm): Symbol #PWR065 [GND]
[footprint_link_issues]: Footprint 'R_0603_1608Metric' not found in library 'Resistor_SMD'.
    ; warning
    @(60.96 mm, 96.52 mm): Symbol R45 [0603WAF1003T5E]
[lib_symbol_issues]: The current configuration does not include the symbol library '5v rail sm-easyedapro'
    ; warning
    @(60.96 mm, 96.52 mm): Symbol R45 [0603WAF1003T5E]
[lib_symbol_issues]: The current configuration does not include the symbol library '5v rail sm-easyedapro'
    ; warning
    @(114.30 mm, 30.48 mm): Symbol C22 [CC0603KRX7R9BB104]
[footprint_link_issues]: Footprint 'R_0402_1005Metric' not found in library 'Resistor_SMD'.
    ; warning
    @(121.92 mm, 12.70 mm): Symbol R49 [0402WGF1001TCE]
[lib_symbol_issues]: The current configuration does not include the symbol library '5v rail sm-easyedapro'
    ; warning
    @(121.92 mm, 12.70 mm): Symbol R49 [0402WGF1001TCE]
[lib_symbol_issues]: The current configuration does not include the symbol library '5v rail sm-easyedapro'
    ; warning
    @(121.92 mm, 30.48 mm): Symbol LED7 [19-217UYOC/S3112/TR8]
[lib_symbol_issues]: The current configuration does not include the symbol library '5v rail sm-easyedapro'
    ; warning
    @(130.81 mm, 12.70 mm): Symbol R50 [0402WGF1002TCE]
[lib_symbol_issues]: The current configuration does not include the symbol library '5v rail sm-easyedapro'
    ; warning
    @(142.24 mm, 21.59 mm): Symbol R52 [FRC0402F1000TS]
[lib_symbol_issues]: The current configuration does not include the symbol library '5v rail sm-easyedapro'
    ; warning
    @(60.96 mm, 135.89 mm): Symbol R46 [FRC0603F5761TS]
[lib_symbol_issues]: The current configuration does not include the symbol library '5v rail sm-easyedapro'
    ; warning
    @(128.27 mm, 96.52 mm): Symbol C23 [0402B104K500NT]
[lib_symbol_issues]: The current configuration does not include the symbol library '5v rail sm-easyedapro'
    ; warning
    @(158.75 mm, 26.67 mm): Symbol C24 [CL05B104KB54PNC]
[lib_symbol_issues]: The symbol library 'power' was not found at '/opt/homebrew/bin/SharedSupport/symbols//power.kicad_sym'.
    ; warning
    @(158.75 mm, 31.75 mm): Symbol #PWR069 [GND]
[lib_symbol_issues]: The current configuration does not include the symbol library '5v rail sm-easyedapro'
    ; warning
    @(146.05 mm, 74.93 mm): Symbol Q2 [ME50P06]
[lib_symbol_issues]: The current configuration does not include the symbol library '5v rail sm-easyedapro'
    ; warning
    @(154.94 mm, 130.81 mm): Symbol R53 [0603WAF1004T5E]
[lib_symbol_issues]: The current configuration does not include the symbol library '5v rail sm-easyedapro'
    ; warning
    @(111.76 mm, 172.72 mm): Symbol R48 [0603WAF1003T5E]
[lib_symbol_issues]: The current configuration does not include the symbol library '5v rail sm-easyedapro'
    ; warning
    @(191.77 mm, 74.93 mm): Symbol D11 [SBR8U60P5-13]
[lib_symbol_issues]: The current configuration does not include the symbol library '5v rail sm-easyedapro'
    ; warning
    @(123.19 mm, 165.10 mm): Symbol Q1 [L2N7002SLLT1G]
[footprint_link_issues]: Footprint 'TSSOP-16_4.4x5mm_P0.65mm' not found in library 'Package_SO'.
    ; warning
    @(181.61 mm, 110.49 mm): Symbol U17 [CN3722]
[lib_symbol_issues]: The current configuration does not include the symbol library '5v rail sm-easyedapro'
    ; warning
    @(181.61 mm, 110.49 mm): Symbol U17 [CN3722]
[footprint_link_issues]: Footprint 'C_0402_1005Metric' not found in library 'Capacitor_SMD'.
    ; warning
    @(167.64 mm, 130.81 mm): Symbol C25 [CC0402JRNPO9BN471]
[lib_symbol_issues]: The current configuration does not include the symbol library '5v rail sm-easyedapro'
    ; warning
    @(167.64 mm, 130.81 mm): Symbol C25 [CC0402JRNPO9BN471]
[lib_symbol_issues]: The current configuration does not include the symbol library '5v rail sm-easyedapro'
    ; warning
    @(135.89 mm, 166.37 mm): Symbol R51 [0402WGF1002TCE]
[lib_symbol_issues]: The symbol library 'power' was not found at '/opt/homebrew/bin/SharedSupport/symbols//power.kicad_sym'.
    ; warning
    @(111.76 mm, 184.15 mm): Symbol #PWR068 [GND]
[footprint_link_issues]: Footprint 'R_0603_1608Metric' not found in library 'Resistor_SMD'.
    ; warning
    @(161.29 mm, 151.13 mm): Symbol R54 [0603WAF0000T5E]
[lib_symbol_issues]: The current configuration does not include the symbol library '5v rail sm-easyedapro'
    ; warning
    @(161.29 mm, 151.13 mm): Symbol R54 [0603WAF0000T5E]
[footprint_link_issues]: The current configuration does not include the footprint library '5v rail sm-easyedapro'.
    ; warning
    @(217.17 mm, 86.36 mm): Symbol D12 [SBR8U60P5-13]
[lib_symbol_issues]: The current configuration does not include the symbol library '5v rail sm-easyedapro'
    ; warning
    @(217.17 mm, 86.36 mm): Symbol D12 [SBR8U60P5-13]
[lib_symbol_issues]: The current configuration does not include the symbol library '5v rail sm-easyedapro'
    ; warning
    @(198.12 mm, 125.73 mm): Symbol R55 [0402WGF1200TCE]
[lib_symbol_issues]: The symbol library 'power' was not found at '/opt/homebrew/bin/SharedSupport/symbols//power.kicad_sym'.
    ; warning
    @(217.17 mm, 97.79 mm): Symbol #PWR070 [GND]
[lib_symbol_issues]: The current configuration does not include the symbol library '5v rail sm-easyedapro'
    ; warning
    @(198.12 mm, 137.16 mm): Symbol C26 [TCC0603X7R224K500CT]
[lib_symbol_issues]: The current configuration does not include the symbol library '5v rail sm-easyedapro'
    ; warning
    @(232.41 mm, 74.93 mm): Symbol U18 [XAL1010-153MED]
[lib_symbol_issues]: The current configuration does not include the symbol library '5v rail sm-easyedapro'
    ; warning
    @(212.09 mm, 130.81 mm): Symbol C27 [CL05B104KB54PNC]
[lib_symbol_issues]: The current configuration does not include the symbol library '5v rail sm-easyedapro'
    ; warning
    @(264.16 mm, 74.93 mm): Symbol R56 [PE2512FKE7W0R06L]
[footprint_link_issues]: Footprint 'R_0603_1608Metric' not found in library 'Resistor_SMD'.
    ; warning
    @(270.51 mm, 111.76 mm): Symbol R57 [FRC0603F1053TS]
[lib_symbol_issues]: The current configuration does not include the symbol library '5v rail sm-easyedapro'
    ; warning
    @(270.51 mm, 111.76 mm): Symbol R57 [FRC0603F1053TS]
[lib_symbol_issues]: The current configuration does not include the symbol library '5v rail sm-easyedapro'
    ; warning
    @(270.51 mm, 121.92 mm): Symbol R58 [FRC0603F2492TS]
[lib_symbol_issues]: The symbol library 'power' was not found at '/opt/homebrew/bin/SharedSupport/symbols//power.kicad_sym'.
    ; warning
    @(270.51 mm, 127.00 mm): Symbol #PWR071 [GND]
[lib_symbol_issues]: The current configuration does not include the symbol library '5v rail sm-easyedapro'
    ; warning
    @(288.29 mm, 83.82 mm): Symbol C29 [RVT1H220M0605]
[lib_symbol_issues]: The symbol library 'power' was not found at '/opt/homebrew/bin/SharedSupport/symbols//power.kicad_sym'.
    ; warning
    @(288.29 mm, 92.71 mm): Symbol #PWR072 [GND]
[lib_symbol_issues]: The current configuration does not include the symbol library '5v rail sm-easyedapro'
    ; warning
    @(283.21 mm, 111.76 mm): Symbol C28 [CC0402BRNPO9BN2R0]
[unconnected_wire_endpoint]: Unconnected wire endpoint
    ; warning
    @(299.72 mm, 80.01 mm): Vertical Wire, length 5.08 mm
[unconnected_wire_endpoint]: Unconnected wire endpoint
    ; warning
    @(299.72 mm, 91.44 mm): Vertical Wire, length 3.81 mm
[lib_symbol_issues]: The symbol library 'power' was not found at '/opt/homebrew/bin/SharedSupport/symbols//power.kicad_sym'.
    ; warning
    @(86.36 mm, 10.16 mm): Symbol #PWR085 [+3V3]
[footprint_link_issues]: Footprint 'R_0603_1608Metric' not found in library 'Resistor_SMD'.
    ; warning
    @(86.36 mm, 17.78 mm): Symbol R76 [0603WAF1000T5E]
[lib_symbol_issues]: The current configuration does not include the symbol library '5v rail sm-easyedapro'
    ; warning
    @(86.36 mm, 17.78 mm): Symbol R76 [0603WAF1000T5E]
[footprint_link_issues]: The current configuration does not include the footprint library '5v rail sm-easyedapro'.
    ; warning
    @(17.78 mm, 91.44 mm): Symbol C47 [RVT1H101M0607]
[lib_symbol_issues]: The current configuration does not include the symbol library '5v rail sm-easyedapro'
    ; warning
    @(17.78 mm, 91.44 mm): Symbol C47 [RVT1H101M0607]
[footprint_link_issues]: Footprint 'C_0805_2012Metric' not found in library 'Capacitor_SMD'.
    ; warning
    @(30.48 mm, 91.44 mm): Symbol C48 [CL21A475KBQNNNE]
[lib_symbol_issues]: The current configuration does not include the symbol library '5v rail sm-easyedapro'
    ; warning
    @(30.48 mm, 91.44 mm): Symbol C48 [CL21A475KBQNNNE]
[lib_symbol_issues]: The symbol library 'power' was not found at '/opt/homebrew/bin/SharedSupport/symbols//power.kicad_sym'.
    ; warning
    @(86.36 mm, 46.99 mm): Symbol #PWR086 [GND]
[footprint_link_issues]: Footprint 'C_0805_2012Metric' not found in library 'Capacitor_SMD'.
    ; warning
    @(43.18 mm, 91.44 mm): Symbol C49 [CL21A475KBQNNNE]
[lib_symbol_issues]: The current configuration does not include the symbol library '5v rail sm-easyedapro'
    ; warning
    @(43.18 mm, 91.44 mm): Symbol C49 [CL21A475KBQNNNE]
[footprint_link_issues]: Footprint 'R_0603_1608Metric' not found in library 'Resistor_SMD'.
    ; warning
    @(54.61 mm, 92.71 mm): Symbol R75 [FRC0603J104 TS]
[lib_symbol_issues]: The current configuration does not include the symbol library '5v rail sm-easyedapro'
    ; warning
    @(54.61 mm, 92.71 mm): Symbol R75 [FRC0603J104 TS]
[footprint_link_issues]: Footprint 'VSSOP-10_3.0x3.0mm_P0.5mm' not found in library 'Package_SO'.
    ; warning
    @(109.22 mm, 31.75 mm): Symbol U26 [ADS1115IDGST]
[lib_symbol_issues]: The current configuration does not include the symbol library '5v rail sm-easyedapro'
    ; warning
    @(109.22 mm, 31.75 mm): Symbol U26 [ADS1115IDGST]
[footprint_link_issues]: Footprint 'PinHeader_2x01_P2.54mm_Vertical' not found in library 'Connector_PinHeader_2.54mm'.
    ; warning
    @(77.47 mm, 85.09 mm): Symbol H2 [PZ254V-11-02P]
[lib_symbol_issues]: The current configuration does not include the symbol library '5v rail sm-easyedapro'
    ; warning
    @(77.47 mm, 85.09 mm): Symbol H2 [PZ254V-11-02P]
[footprint_link_issues]: Footprint 'R_0603_1608Metric' not found in library 'Resistor_SMD'.
    ; warning
    @(91.44 mm, 71.12 mm): Symbol R77 [R]
[lib_symbol_issues]: The symbol library 'Device' was not found at '/opt/homebrew/bin/SharedSupport/symbols//Device.kicad_sym'.
    ; warning
    @(91.44 mm, 71.12 mm): Symbol R77 [R]
[lib_symbol_issues]: The symbol library 'power' was not found at '/opt/homebrew/bin/SharedSupport/symbols//power.kicad_sym'.
    ; warning
    @(30.48 mm, 119.38 mm): Symbol #PWR082 [GND]
[footprint_link_issues]: Footprint 'C_0603_1608Metric' not found in library 'Capacitor_SMD'.
    ; warning
    @(95.25 mm, 104.14 mm): Symbol C52 [CL10B224KB8NNNC]
[lib_symbol_issues]: The current configuration does not include the symbol library '5v rail sm-easyedapro'
    ; warning
    @(95.25 mm, 104.14 mm): Symbol C52 [CL10B224KB8NNNC]
[lib_symbol_issues]: The symbol library 'power' was not found at '/opt/homebrew/bin/SharedSupport/symbols//power.kicad_sym'.
    ; warning
    @(95.25 mm, 110.49 mm): Symbol #PWR087 [GND]
[footprint_link_issues]: Footprint 'R_0603_1608Metric' not found in library 'Resistor_SMD'.
    ; warning
    @(110.49 mm, 105.41 mm): Symbol R78 [R]
[lib_symbol_issues]: The symbol library 'Device' was not found at '/opt/homebrew/bin/SharedSupport/symbols//Device.kicad_sym'.
    ; warning
    @(110.49 mm, 105.41 mm): Symbol R78 [R]
[lib_symbol_issues]: The symbol library 'power' was not found at '/opt/homebrew/bin/SharedSupport/symbols//power.kicad_sym'.
    ; warning
    @(64.77 mm, 142.24 mm): Symbol #PWR083 [+3V3]
[footprint_link_issues]: Footprint 'R_0603_1608Metric' not found in library 'Resistor_SMD'.
    ; warning
    @(120.65 mm, 105.41 mm): Symbol R79 [FRC0603F3652TS]
[lib_symbol_issues]: The current configuration does not include the symbol library '5v rail sm-easyedapro'
    ; warning
    @(120.65 mm, 105.41 mm): Symbol R79 [FRC0603F3652TS]
[lib_symbol_issues]: The symbol library 'power' was not found at '/opt/homebrew/bin/SharedSupport/symbols//power.kicad_sym'.
    ; warning
    @(165.10 mm, 19.05 mm): Symbol #PWR090 [+3V3]
[footprint_link_issues]: Footprint 'C_0603_1608Metric' not found in library 'Capacitor_SMD'.
    ; warning
    @(64.77 mm, 156.21 mm): Symbol C50 [CC0603KRX7R9BB104]
[lib_symbol_issues]: The current configuration does not include the symbol library '5v rail sm-easyedapro'
    ; warning
    @(64.77 mm, 156.21 mm): Symbol C50 [CC0603KRX7R9BB104]
[footprint_link_issues]: Footprint 'C_0603_1608Metric' not found in library 'Capacitor_SMD'.
    ; warning
    @(165.10 mm, 39.37 mm): Symbol C53 [CC0603KRX7R9BB104]
[lib_symbol_issues]: The current configuration does not include the symbol library '5v rail sm-easyedapro'
    ; warning
    @(165.10 mm, 39.37 mm): Symbol C53 [CC0603KRX7R9BB104]
[lib_symbol_issues]: The symbol library 'power' was not found at '/opt/homebrew/bin/SharedSupport/symbols//power.kicad_sym'.
    ; warning
    @(120.65 mm, 120.65 mm): Symbol #PWR089 [GND]
[lib_symbol_issues]: The symbol library 'power' was not found at '/opt/homebrew/bin/SharedSupport/symbols//power.kicad_sym'.
    ; warning
    @(165.10 mm, 45.72 mm): Symbol #PWR091 [GND]
[footprint_link_issues]: Footprint 'C_0603_1608Metric' not found in library 'Capacitor_SMD'.
    ; warning
    @(80.01 mm, 156.21 mm): Symbol C51 [CL10B105KB8NQNC]
[lib_symbol_issues]: The current configuration does not include the symbol library '5v rail sm-easyedapro'
    ; warning
    @(80.01 mm, 156.21 mm): Symbol C51 [CL10B105KB8NQNC]
[footprint_link_issues]: Footprint 'SOT-23-6' not found in library 'Package_TO_SOT_SMD'.
    ; warning
    @(106.68 mm, 144.78 mm): Symbol U25 [MCP4725A0T-E/CH]
[lib_symbol_issues]: The current configuration does not include the symbol library '5v rail sm-easyedapro'
    ; warning
    @(106.68 mm, 144.78 mm): Symbol U25 [MCP4725A0T-E/CH]
[lib_symbol_issues]: The symbol library 'power' was not found at '/opt/homebrew/bin/SharedSupport/symbols//power.kicad_sym'.
    ; warning
    @(72.39 mm, 168.91 mm): Symbol #PWR084 [GND]
[lib_symbol_issues]: The symbol library 'power' was not found at '/opt/homebrew/bin/SharedSupport/symbols//power.kicad_sym'.
    ; warning
    @(106.68 mm, 162.56 mm): Symbol #PWR088 [GND]
[footprint_link_issues]: The current configuration does not include the footprint library 'Snapeda'.
    ; warning
    @(180.34 mm, 83.82 mm): Symbol U28 [LTM8055IY_PBF]
[lib_symbol_issues]: The current configuration does not include the symbol library 'Snapeda'
    ; warning
    @(180.34 mm, 83.82 mm): Symbol U28 [LTM8055IY_PBF]
[footprint_link_issues]: Footprint 'SolderJumper-2_P1.3mm_Bridged_Pad1.0x1.5mm' not found in library 'Jumper'.
    ; warning
    @(166.37 mm, 124.46 mm): Symbol U27 [Jumper_2_Bridged]
[lib_symbol_issues]: The symbol library 'Jumper' was not found at '/opt/homebrew/bin/SharedSupport/symbols//Jumper.kicad_sym'.
    ; warning
    @(166.37 mm, 124.46 mm): Symbol U27 [Jumper_2_Bridged]
[footprint_link_issues]: Footprint 'C_0603_1608Metric' not found in library 'Capacitor_SMD'.
    ; warning
    @(180.34 mm, 134.62 mm): Symbol C54 [CC0603KRX7R9BB104]
[lib_symbol_issues]: The current configuration does not include the symbol library '5v rail sm-easyedapro'
    ; warning
    @(180.34 mm, 134.62 mm): Symbol C54 [CC0603KRX7R9BB104]
[lib_symbol_issues]: The symbol library 'power' was not found at '/opt/homebrew/bin/SharedSupport/symbols//power.kicad_sym'.
    ; warning
    @(200.66 mm, 106.68 mm): Symbol #PWR093 [GND]
[lib_symbol_issues]: The symbol library 'power' was not found at '/opt/homebrew/bin/SharedSupport/symbols//power.kicad_sym'.
    ; warning
    @(180.34 mm, 144.78 mm): Symbol #PWR092 [GND]
[footprint_link_issues]: Footprint 'R_0603_1608Metric' not found in library 'Resistor_SMD'.
    ; warning
    @(227.33 mm, 74.93 mm): Symbol R80 [0603WAF1003T5E]
[lib_symbol_issues]: The current configuration does not include the symbol library '5v rail sm-easyedapro'
    ; warning
    @(227.33 mm, 74.93 mm): Symbol R80 [0603WAF1003T5E]
[footprint_link_issues]: Footprint 'R_0603_1608Metric' not found in library 'Resistor_SMD'.
    ; warning
    @(227.33 mm, 90.17 mm): Symbol R81 [FRC0603F1102TS]
[lib_symbol_issues]: The current configuration does not include the symbol library '5v rail sm-easyedapro'
    ; warning
    @(227.33 mm, 90.17 mm): Symbol R81 [FRC0603F1102TS]
[footprint_link_issues]: Footprint 'C_0805_2012Metric' not found in library 'Capacitor_SMD'.
    ; warning
    @(238.76 mm, 82.55 mm): Symbol C55 [CL21A226MAQNNNE]
[lib_symbol_issues]: The current configuration does not include the symbol library '5v rail sm-easyedapro'
    ; warning
    @(238.76 mm, 82.55 mm): Symbol C55 [CL21A226MAQNNNE]
[lib_symbol_issues]: The symbol library 'power' was not found at '/opt/homebrew/bin/SharedSupport/symbols//power.kicad_sym'.
    ; warning
    @(238.76 mm, 105.41 mm): Symbol #PWR094 [GND]
[footprint_link_issues]: The current configuration does not include the footprint library '5v rail sm-easyedapro'.
    ; warning
    @(250.19 mm, 82.55 mm): Symbol U29 [RVT1E680M0605]
[lib_symbol_issues]: The current configuration does not include the symbol library '5v rail sm-easyedapro'
    ; warning
    @(250.19 mm, 82.55 mm): Symbol U29 [RVT1E680M0605]
[footprint_link_issues]: Footprint 'R_2512_6332Metric' not found in library 'Resistor_SMD'.
    ; warning
    @(257.81 mm, 66.04 mm): Symbol R82 [JER2512F3R007]
[lib_symbol_issues]: The current configuration does not include the symbol library '5v rail sm-easyedapro'
    ; warning
    @(257.81 mm, 66.04 mm): Symbol R82 [JER2512F3R007]
[footprint_link_issues]: The current configuration does not include the footprint library '5v rail sm-easyedapro'.
    ; warning
    @(261.62 mm, 57.15 mm): Symbol NT15 [NetTie_2]
[lib_symbol_issues]: The symbol library 'Device' was not found at '/opt/homebrew/bin/SharedSupport/symbols//Device.kicad_sym'.
    ; warning
    @(261.62 mm, 57.15 mm): Symbol NT15 [NetTie_2]
[footprint_link_issues]: The current configuration does not include the footprint library '5v rail sm-easyedapro'.
    ; warning
    @(266.70 mm, 72.39 mm): Symbol C56 [RVT1H470M0607]
[lib_symbol_issues]: The current configuration does not include the symbol library '5v rail sm-easyedapro'
    ; warning
    @(266.70 mm, 72.39 mm): Symbol C56 [RVT1H470M0607]
[footprint_link_issues]: The current configuration does not include the footprint library '5v rail sm-easyedapro'.
    ; warning
    @(276.86 mm, 82.55 mm): Symbol C57 [RVT1V471M1010-C72519]
[lib_symbol_issues]: The current configuration does not include the symbol library '5v rail sm-easyedapro'
    ; warning
    @(276.86 mm, 82.55 mm): Symbol C57 [RVT1V471M1010-C72519]
[footprint_link_issues]: Footprint 'C_0603_1608Metric' not found in library 'Capacitor_SMD'.
    ; warning
    @(49.53 mm, 93.98 mm): Symbol C94 [CC0603KRX7R9BB104]
[lib_symbol_issues]: The current configuration does not include the symbol library '5v rail sm-easyedapro'
    ; warning
    @(49.53 mm, 93.98 mm): Symbol C94 [CC0603KRX7R9BB104]
[footprint_link_issues]: Footprint 'C_0805_2012Metric' not found in library 'Capacitor_SMD'.
    ; warning
    @(64.77 mm, 93.98 mm): Symbol C95 [CL21A475KBQNNNE]
[lib_symbol_issues]: The current configuration does not include the symbol library '5v rail sm-easyedapro'
    ; warning
    @(64.77 mm, 93.98 mm): Symbol C95 [CL21A475KBQNNNE]
[footprint_link_issues]: The current configuration does not include the footprint library '5v rail sm-easyedapro'.
    ; warning
    @(78.74 mm, 93.98 mm): Symbol C96 [RVT1H470M0607]
[lib_symbol_issues]: The current configuration does not include the symbol library '5v rail sm-easyedapro'
    ; warning
    @(78.74 mm, 93.98 mm): Symbol C96 [RVT1H470M0607]
[lib_symbol_issues]: The symbol library 'power' was not found at '/opt/homebrew/bin/SharedSupport/symbols//power.kicad_sym'.
    ; warning
    @(64.77 mm, 110.49 mm): Symbol #PWR0149 [GND]
[global_label_dangling]: Global label not connected anywhere else in the schematic
    ; warning
    @(119.38 mm, 72.39 mm): Global Label 'Power/5V-Buck/PGOOD'
[footprint_link_issues]: Footprint 'R_0603_1608Metric' not found in library 'Resistor_SMD'.
    ; warning
    @(114.30 mm, 82.55 mm): Symbol R126 [FRC0603J104 TS]
[lib_symbol_issues]: The current configuration does not include the symbol library '5v rail sm-easyedapro'
    ; warning
    @(114.30 mm, 82.55 mm): Symbol R126 [FRC0603J104 TS]
[footprint_link_issues]: The current configuration does not include the footprint library '5v rail sm-easyedapro'.
    ; warning
    @(138.43 mm, 83.82 mm): Symbol U53 [TPSM33625RDNR]
[lib_symbol_issues]: The current configuration does not include the symbol library '5v rail sm-easyedapro'
    ; warning
    @(138.43 mm, 83.82 mm): Symbol U53 [TPSM33625RDNR]
[footprint_link_issues]: Footprint 'R_0603_1608Metric' not found in library 'Resistor_SMD'.
    ; warning
    @(111.76 mm, 119.38 mm): Symbol R125 [FRC0603J104 TS]
[lib_symbol_issues]: The current configuration does not include the symbol library '5v rail sm-easyedapro'
    ; warning
    @(111.76 mm, 119.38 mm): Symbol R125 [FRC0603J104 TS]
[footprint_link_issues]: Footprint 'SOT-23' not found in library 'Package_TO_SOT_SMD'.
    ; warning
    @(121.92 mm, 109.22 mm): Symbol Q12 [L2N7002SLLT1G]
[lib_symbol_issues]: The current configuration does not include the symbol library '5v rail sm-easyedapro'
    ; warning
    @(121.92 mm, 109.22 mm): Symbol Q12 [L2N7002SLLT1G]
[lib_symbol_issues]: The symbol library 'power' was not found at '/opt/homebrew/bin/SharedSupport/symbols//power.kicad_sym'.
    ; warning
    @(121.92 mm, 129.54 mm): Symbol #PWR0150 [GND]
[footprint_link_issues]: Footprint 'R_0603_1608Metric' not found in library 'Resistor_SMD'.
    ; warning
    @(162.56 mm, 77.47 mm): Symbol R127 [FRC0603F1582TS]
[lib_symbol_issues]: The current configuration does not include the symbol library '5v rail sm-easyedapro'
    ; warning
    @(162.56 mm, 77.47 mm): Symbol R127 [FRC0603F1582TS]
[footprint_link_issues]: Footprint 'C_0603_1608Metric' not found in library 'Capacitor_SMD'.
    ; warning
    @(157.48 mm, 99.06 mm): Symbol C97 [CL10A105KB8NNNC]
[lib_symbol_issues]: The current configuration does not include the symbol library '5v rail sm-easyedapro'
    ; warning
    @(157.48 mm, 99.06 mm): Symbol C97 [CL10A105KB8NNNC]
[footprint_link_issues]: Footprint 'R_0603_1608Metric' not found in library 'Resistor_SMD'.
    ; warning
    @(180.34 mm, 71.12 mm): Symbol R128 [RC0603FR-0740K2L]
[lib_symbol_issues]: The current configuration does not include the symbol library '5v rail sm-easyedapro'
    ; warning
    @(180.34 mm, 71.12 mm): Symbol R128 [RC0603FR-0740K2L]
[footprint_link_issues]: Footprint 'R_0603_1608Metric' not found in library 'Resistor_SMD'.
    ; warning
    @(180.34 mm, 95.25 mm): Symbol R129 [0603WAF1002T5E]
[lib_symbol_issues]: The current configuration does not include the symbol library '5v rail sm-easyedapro'
    ; warning
    @(180.34 mm, 95.25 mm): Symbol R129 [0603WAF1002T5E]
[footprint_link_issues]: Footprint 'C_1206_3216Metric' not found in library 'Capacitor_SMD'.
    ; warning
    @(198.12 mm, 67.31 mm): Symbol C98 [CL31A226KAHNNNE]
[lib_symbol_issues]: The current configuration does not include the symbol library '5v rail sm-easyedapro'
    ; warning
    @(198.12 mm, 67.31 mm): Symbol C98 [CL31A226KAHNNNE]
[lib_symbol_issues]: The symbol library 'power' was not found at '/opt/homebrew/bin/SharedSupport/symbols//power.kicad_sym'.
    ; warning
    @(180.34 mm, 119.38 mm): Symbol #PWR0151 [GND]
[footprint_link_issues]: Footprint 'C_1206_3216Metric' not found in library 'Capacitor_SMD'.
    ; warning
    @(212.09 mm, 67.31 mm): Symbol C99 [CL31A226KAHNNNE]
[lib_symbol_issues]: The current configuration does not include the symbol library '5v rail sm-easyedapro'
    ; warning
    @(212.09 mm, 67.31 mm): Symbol C99 [CL31A226KAHNNNE]
[lib_symbol_issues]: The symbol library 'power' was not found at '/opt/homebrew/bin/SharedSupport/symbols//power.kicad_sym'.
    ; warning
    @(212.09 mm, 78.74 mm): Symbol #PWR0152 [GND]
[footprint_link_issues]: Footprint 'C_0603_1608Metric' not found in library 'Capacitor_SMD'.
    ; warning
    @(63.50 mm, 91.44 mm): Symbol C89 [CC0603KRX7R9BB104]
[lib_symbol_issues]: The current configuration does not include the symbol library '5v rail sm-easyedapro'
    ; warning
    @(63.50 mm, 91.44 mm): Symbol C89 [CC0603KRX7R9BB104]
[footprint_link_issues]: Footprint 'C_0805_2012Metric' not found in library 'Capacitor_SMD'.
    ; warning
    @(78.74 mm, 91.44 mm): Symbol C90 [CL21A475KBQNNNE]
[lib_symbol_issues]: The current configuration does not include the symbol library '5v rail sm-easyedapro'
    ; warning
    @(78.74 mm, 91.44 mm): Symbol C90 [CL21A475KBQNNNE]
[lib_symbol_issues]: The symbol library 'power' was not found at '/opt/homebrew/bin/SharedSupport/symbols//power.kicad_sym'.
    ; warning
    @(71.12 mm, 107.95 mm): Symbol #PWR0145 [GND]
[global_label_dangling]: Global label not connected anywhere else in the schematic
    ; warning
    @(120.65 mm, 68.58 mm): Global Label 'Power/3V3/PGOOD'
[footprint_link_issues]: Footprint 'R_0603_1608Metric' not found in library 'Resistor_SMD'.
    ; warning
    @(133.35 mm, 93.98 mm): Symbol R121 [FRC0603J104 TS]
[lib_symbol_issues]: The current configuration does not include the symbol library '5v rail sm-easyedapro'
    ; warning
    @(133.35 mm, 93.98 mm): Symbol R121 [FRC0603J104 TS]
[lib_symbol_issues]: The symbol library 'power' was not found at '/opt/homebrew/bin/SharedSupport/symbols//power.kicad_sym'.
    ; warning
    @(133.35 mm, 102.87 mm): Symbol #PWR0146 [GND]
[footprint_link_issues]: The current configuration does not include the footprint library '5v rail sm-easyedapro'.
    ; warning
    @(151.13 mm, 80.01 mm): Symbol U52 [TPSM33625RDNR]
[lib_symbol_issues]: The current configuration does not include the symbol library '5v rail sm-easyedapro'
    ; warning
    @(151.13 mm, 80.01 mm): Symbol U52 [TPSM33625RDNR]
[footprint_link_issues]: Footprint 'R_0603_1608Metric' not found in library 'Resistor_SMD'.
    ; warning
    @(175.26 mm, 73.66 mm): Symbol R122 [0603WAF2002T5E]
[lib_symbol_issues]: The current configuration does not include the symbol library '5v rail sm-easyedapro'
    ; warning
    @(175.26 mm, 73.66 mm): Symbol R122 [0603WAF2002T5E]
[footprint_link_issues]: Footprint 'C_0603_1608Metric' not found in library 'Capacitor_SMD'.
    ; warning
    @(170.18 mm, 95.25 mm): Symbol C91 [CL10A105KB8NNNC]
[lib_symbol_issues]: The current configuration does not include the symbol library '5v rail sm-easyedapro'
    ; warning
    @(170.18 mm, 95.25 mm): Symbol C91 [CL10A105KB8NNNC]
[footprint_link_issues]: Footprint 'R_0603_1608Metric' not found in library 'Resistor_SMD'.
    ; warning
    @(193.04 mm, 67.31 mm): Symbol R123 [0603WAF2322T5E]
[lib_symbol_issues]: The current configuration does not include the symbol library '5v rail sm-easyedapro'
    ; warning
    @(193.04 mm, 67.31 mm): Symbol R123 [0603WAF2322T5E]
[footprint_link_issues]: Footprint 'R_0603_1608Metric' not found in library 'Resistor_SMD'.
    ; warning
    @(193.04 mm, 91.44 mm): Symbol R124 [0603WAF1002T5E]
[lib_symbol_issues]: The current configuration does not include the symbol library '5v rail sm-easyedapro'
    ; warning
    @(193.04 mm, 91.44 mm): Symbol R124 [0603WAF1002T5E]
[footprint_link_issues]: Footprint 'C_0805_2012Metric' not found in library 'Capacitor_SMD'.
    ; warning
    @(210.82 mm, 63.50 mm): Symbol C92 [GRM21BR61A476ME15L]
[lib_symbol_issues]: The current configuration does not include the symbol library '5v rail sm-easyedapro'
    ; warning
    @(210.82 mm, 63.50 mm): Symbol C92 [GRM21BR61A476ME15L]
[lib_symbol_issues]: The symbol library 'power' was not found at '/opt/homebrew/bin/SharedSupport/symbols//power.kicad_sym'.
    ; warning
    @(193.04 mm, 119.38 mm): Symbol #PWR0147 [GND]
[footprint_link_issues]: Footprint 'C_0805_2012Metric' not found in library 'Capacitor_SMD'.
    ; warning
    @(224.79 mm, 63.50 mm): Symbol C93 [GRM21BR61A476ME15L]
[lib_symbol_issues]: The current configuration does not include the symbol library '5v rail sm-easyedapro'
    ; warning
    @(224.79 mm, 63.50 mm): Symbol C93 [GRM21BR61A476ME15L]
[lib_symbol_issues]: The symbol library 'power' was not found at '/opt/homebrew/bin/SharedSupport/symbols//power.kicad_sym'.
    ; warning
    @(224.79 mm, 74.93 mm): Symbol #PWR0148 [GND]
[footprint_link_issues]: Footprint 'C_0603_1608Metric' not found in library 'Capacitor_SMD'.
    ; warning
    @(69.85 mm, 88.90 mm): Symbol C75 [CC0603KRX7R9BB104]
[lib_symbol_issues]: The current configuration does not include the symbol library '5v rail sm-easyedapro'
    ; warning
    @(69.85 mm, 88.90 mm): Symbol C75 [CC0603KRX7R9BB104]
[footprint_link_issues]: Footprint 'C_0603_1608Metric' not found in library 'Capacitor_SMD'.
    ; warning
    @(86.36 mm, 88.90 mm): Symbol C76 [CL10A226MP8NUNE]
[lib_symbol_issues]: The current configuration does not include the symbol library '5v rail sm-easyedapro'
    ; warning
    @(86.36 mm, 88.90 mm): Symbol C76 [CL10A226MP8NUNE]
[lib_symbol_issues]: The symbol library 'power' was not found at '/opt/homebrew/bin/SharedSupport/symbols//power.kicad_sym'.
    ; warning
    @(78.74 mm, 105.41 mm): Symbol #PWR0179 [GND]
[footprint_link_issues]: Footprint 'R_0603_1608Metric' not found in library 'Resistor_SMD'.
    ; warning
    @(116.84 mm, 83.82 mm): Symbol R116 [FRC0603J104 TS]
[lib_symbol_issues]: The current configuration does not include the symbol library '5v rail sm-easyedapro'
    ; warning
    @(116.84 mm, 83.82 mm): Symbol R116 [FRC0603J104 TS]
[footprint_link_issues]: Footprint 'R_0603_1608Metric' not found in library 'Resistor_SMD'.
    ; warning
    @(109.22 mm, 97.79 mm): Symbol R115 [RS-03K47R0FT]
[lib_symbol_issues]: The current configuration does not include the symbol library '5v rail sm-easyedapro'
    ; warning
    @(109.22 mm, 97.79 mm): Symbol R115 [RS-03K47R0FT]
[footprint_link_issues]: Footprint 'R_0603_1608Metric' not found in library 'Resistor_SMD'.
    ; warning
    @(116.84 mm, 110.49 mm): Symbol R117 [0603WAF4701T5E]
[lib_symbol_issues]: The current configuration does not include the symbol library '5v rail sm-easyedapro'
    ; warning
    @(116.84 mm, 110.49 mm): Symbol R117 [0603WAF4701T5E]
[footprint_link_issues]: Footprint 'SOT-23-5' not found in library 'Package_TO_SOT_SMD'.
    ; warning
    @(143.51 mm, 78.74 mm): Symbol U42 [MT9700-N]
[lib_symbol_issues]: The current configuration does not include the symbol library '5v rail sm-easyedapro'
    ; warning
    @(143.51 mm, 78.74 mm): Symbol U42 [MT9700-N]
[footprint_link_issues]: Footprint 'SolderJumper-2_P1.3mm_Open_Pad1.0x1.5mm' not found in library 'Jumper'.
    ; warning
    @(116.84 mm, 120.65 mm): Symbol U41 [Jumper_2_Open]
[lib_symbol_issues]: The symbol library 'Jumper' was not found at '/opt/homebrew/bin/SharedSupport/symbols//Jumper.kicad_sym'.
    ; warning
    @(116.84 mm, 120.65 mm): Symbol U41 [Jumper_2_Open]
[lib_symbol_issues]: The symbol library 'power' was not found at '/opt/homebrew/bin/SharedSupport/symbols//power.kicad_sym'.
    ; warning
    @(116.84 mm, 125.73 mm): Symbol #PWR0180 [GND]
[lib_symbol_issues]: The symbol library 'power' was not found at '/opt/homebrew/bin/SharedSupport/symbols//power.kicad_sym'.
    ; warning
    @(160.02 mm, 102.87 mm): Symbol #PWR0181 [GND]
[footprint_link_issues]: The current configuration does not include the footprint library '5v rail sm-easyedapro'.
    ; warning
    @(180.34 mm, 88.90 mm): Symbol U43 [RVT1V151M0607]
[lib_symbol_issues]: The current configuration does not include the symbol library '5v rail sm-easyedapro'
    ; warning
    @(180.34 mm, 88.90 mm): Symbol U43 [RVT1V151M0607]
[footprint_link_issues]: Footprint 'C_0603_1608Metric' not found in library 'Capacitor_SMD'.
    ; warning
    @(194.31 mm, 88.90 mm): Symbol C77 [CC0603KRX7R9BB104]
[lib_symbol_issues]: The current configuration does not include the symbol library '5v rail sm-easyedapro'
    ; warning
    @(194.31 mm, 88.90 mm): Symbol C77 [CC0603KRX7R9BB104]
[footprint_link_issues]: Footprint 'R_0603_1608Metric' not found in library 'Resistor_SMD'.
    ; warning
    @(36.83 mm, 119.38 mm): Symbol R87 [0603WAF2672T5E]
[lib_symbol_issues]: The current configuration does not include the symbol library '5v rail sm-easyedapro'
    ; warning
    @(36.83 mm, 119.38 mm): Symbol R87 [0603WAF2672T5E]
[footprint_link_issues]: Footprint 'R_0402_1005Metric' not found in library 'Resistor_SMD'.
    ; warning
    @(52.07 mm, 119.38 mm): Symbol R88 [FRC0402F1003TS]
[lib_symbol_issues]: The current configuration does not include the symbol library '5v rail sm-easyedapro'
    ; warning
    @(52.07 mm, 119.38 mm): Symbol R88 [FRC0402F1003TS]
[lib_symbol_issues]: The symbol library 'power' was not found at '/opt/homebrew/bin/SharedSupport/symbols//power.kicad_sym'.
    ; warning
    @(44.45 mm, 132.08 mm): Symbol #PWR097 [GNDA]
[footprint_link_issues]: Footprint 'R_0603_1608Metric' not found in library 'Resistor_SMD'.
    ; warning
    @(92.71 mm, 110.49 mm): Symbol R89 [FRC0603F0000TS]
[lib_symbol_issues]: The current configuration does not include the symbol library '5v rail sm-easyedapro'
    ; warning
    @(92.71 mm, 110.49 mm): Symbol R89 [FRC0603F0000TS]
[lib_symbol_issues]: The symbol library 'power' was not found at '/opt/homebrew/bin/SharedSupport/symbols//power.kicad_sym'.
    ; warning
    @(92.71 mm, 128.27 mm): Symbol #PWR098 [GNDA]
[footprint_link_issues]: Footprint 'R_0402_1005Metric' not found in library 'Resistor_SMD'.
    ; warning
    @(115.57 mm, 110.49 mm): Symbol R90 [FRC0402F1003TS]
[lib_symbol_issues]: The current configuration does not include the symbol library '5v rail sm-easyedapro'
    ; warning
    @(115.57 mm, 110.49 mm): Symbol R90 [FRC0402F1003TS]
[lib_symbol_issues]: The symbol library 'power' was not found at '/opt/homebrew/bin/SharedSupport/symbols//power.kicad_sym'.
    ; warning
    @(157.48 mm, 63.50 mm): Symbol #PWR0101 [+3V3]
[lib_symbol_issues]: The symbol library 'power' was not found at '/opt/homebrew/bin/SharedSupport/symbols//power.kicad_sym'.
    ; warning
    @(115.57 mm, 127.00 mm): Symbol #PWR099 [GNDA]
[footprint_link_issues]: Footprint 'R_0603_1608Metric' not found in library 'Resistor_SMD'.
    ; warning
    @(157.48 mm, 69.85 mm): Symbol R91 [0603WAF4702T5E]
[lib_symbol_issues]: The current configuration does not include the symbol library '5v rail sm-easyedapro'
    ; warning
    @(157.48 mm, 69.85 mm): Symbol R91 [0603WAF4702T5E]
[lib_symbol_issues]: The symbol library 'power' was not found at '/opt/homebrew/bin/SharedSupport/symbols//power.kicad_sym'.
    ; warning
    @(143.51 mm, 97.79 mm): Symbol #PWR0100 [GND]
[footprint_link_issues]: Footprint 'C_1210_3225Metric' not found in library 'Capacitor_SMD'.
    ; warning
    @(139.70 mm, 125.73 mm): Symbol C62 [GCM32EC71H106KA03L]
[lib_symbol_issues]: The current configuration does not include the symbol library '5v rail sm-easyedapro'
    ; warning
    @(139.70 mm, 125.73 mm): Symbol C62 [GCM32EC71H106KA03L]
[footprint_link_issues]: The current configuration does not include the footprint library '5v rail sm-easyedapro'.
    ; warning
    @(173.99 mm, 92.71 mm): Symbol U32 [TPSM63610RDFR]
[lib_symbol_issues]: The current configuration does not include the symbol library '5v rail sm-easyedapro'
    ; warning
    @(173.99 mm, 92.71 mm): Symbol U32 [TPSM63610RDFR]
[footprint_link_issues]: Footprint 'C_1210_3225Metric' not found in library 'Capacitor_SMD'.
    ; warning
    @(166.37 mm, 125.73 mm): Symbol C63 [GCM32EC71H106KA03L]
[lib_symbol_issues]: The current configuration does not include the symbol library '5v rail sm-easyedapro'
    ; warning
    @(166.37 mm, 125.73 mm): Symbol C63 [GCM32EC71H106KA03L]
[lib_symbol_issues]: The symbol library 'power' was not found at '/opt/homebrew/bin/SharedSupport/symbols//power.kicad_sym'.
    ; warning
    @(201.93 mm, 138.43 mm): Symbol #PWR0102 [GNDA]
[footprint_link_issues]: Footprint 'SolderJumper-2_P1.3mm_Bridged_Pad1.0x1.5mm' not found in library 'Jumper'.
    ; warning
    @(220.98 mm, 107.95 mm): Symbol U33 [Jumper_2_Bridged]
[lib_symbol_issues]: The symbol library 'Jumper' was not found at '/opt/homebrew/bin/SharedSupport/symbols//Jumper.kicad_sym'.
    ; warning
    @(220.98 mm, 107.95 mm): Symbol U33 [Jumper_2_Bridged]
[footprint_link_issues]: Footprint 'R_0603_1608Metric' not found in library 'Resistor_SMD'.
    ; warning
    @(234.95 mm, 107.95 mm): Symbol R92 [FRC0603J101 TS]
[lib_symbol_issues]: The current configuration does not include the symbol library '5v rail sm-easyedapro'
    ; warning
    @(234.95 mm, 107.95 mm): Symbol R92 [FRC0603J101 TS]
[footprint_link_issues]: Footprint 'NetTie-2_SMD_Pad2.0mm' not found in library 'NetTie'.
    ; warning
    @(234.95 mm, 142.24 mm): Symbol NT16 [NetTie_2]
[lib_symbol_issues]: The symbol library 'Device' was not found at '/opt/homebrew/bin/SharedSupport/symbols//Device.kicad_sym'.
    ; warning
    @(234.95 mm, 142.24 mm): Symbol NT16 [NetTie_2]
[footprint_link_issues]: Footprint 'C_0402_1005Metric' not found in library 'Capacitor_SMD'.
    ; warning
    @(266.70 mm, 93.98 mm): Symbol C64 [C0402C220K5RACAUTO]
[lib_symbol_issues]: The current configuration does not include the symbol library '5v rail sm-easyedapro'
    ; warning
    @(266.70 mm, 93.98 mm): Symbol C64 [C0402C220K5RACAUTO]
[lib_symbol_issues]: The symbol library 'power' was not found at '/opt/homebrew/bin/SharedSupport/symbols//power.kicad_sym'.
    ; warning
    @(243.84 mm, 144.78 mm): Symbol #PWR0103 [GNDA]
[footprint_link_issues]: Footprint 'R_0402_1005Metric' not found in library 'Resistor_SMD'.
    ; warning
    @(279.40 mm, 93.98 mm): Symbol R93 [FRC0402F1003TS]
[lib_symbol_issues]: The current configuration does not include the symbol library '5v rail sm-easyedapro'
    ; warning
    @(279.40 mm, 93.98 mm): Symbol R93 [FRC0402F1003TS]
[footprint_link_issues]: Footprint 'R_0603_1608Metric' not found in library 'Resistor_SMD'.
    ; warning
    @(279.40 mm, 111.76 mm): Symbol R94 [0603WAF2002T5E]
[lib_symbol_issues]: The current configuration does not include the symbol library '5v rail sm-easyedapro'
    ; warning
    @(279.40 mm, 111.76 mm): Symbol R94 [0603WAF2002T5E]
[footprint_link_issues]: The current configuration does not include the footprint library '5v rail sm-easyedapro'.
    ; warning
    @(294.64 mm, 92.71 mm): Symbol C65 [RVT1A101M0505]
[lib_symbol_issues]: The current configuration does not include the symbol library '5v rail sm-easyedapro'
    ; warning
    @(294.64 mm, 92.71 mm): Symbol C65 [RVT1A101M0505]
[lib_symbol_issues]: The symbol library 'power' was not found at '/opt/homebrew/bin/SharedSupport/symbols//power.kicad_sym'.
    ; warning
    @(279.40 mm, 137.16 mm): Symbol #PWR0104 [GNDA]
[footprint_link_issues]: Footprint 'C_1210_3225Metric' not found in library 'Capacitor_SMD'.
    ; warning
    @(307.34 mm, 92.71 mm): Symbol C66 [CS3225X7R476K160NRL]
[lib_symbol_issues]: The current configuration does not include the symbol library '5v rail sm-easyedapro'
    ; warning
    @(307.34 mm, 92.71 mm): Symbol C66 [CS3225X7R476K160NRL]
[footprint_link_issues]: Footprint 'C_1210_3225Metric' not found in library 'Capacitor_SMD'.
    ; warning
    @(320.04 mm, 92.71 mm): Symbol C67 [CS3225X7R476K160NRL]
[lib_symbol_issues]: The current configuration does not include the symbol library '5v rail sm-easyedapro'
    ; warning
    @(320.04 mm, 92.71 mm): Symbol C67 [CS3225X7R476K160NRL]
[footprint_link_issues]: Footprint 'C_1210_3225Metric' not found in library 'Capacitor_SMD'.
    ; warning
    @(334.01 mm, 92.71 mm): Symbol C68 [CS3225X7R476K160NRL]
[lib_symbol_issues]: The current configuration does not include the symbol library '5v rail sm-easyedapro'
    ; warning
    @(334.01 mm, 92.71 mm): Symbol C68 [CS3225X7R476K160NRL]
[unconnected_wire_endpoint]: Unconnected wire endpoint
    ; warning
    @(359.41 mm, 87.63 mm): Vertical Wire, length 2.54 mm
[footprint_link_issues]: Footprint 'SOT-353_SC-70-5' not found in library 'Package_TO_SOT_SMD'.
    ; warning
    @(74.93 mm, 54.61 mm): Symbol U44 [74AHCT1G125GW,125-JSM]
[lib_symbol_issues]: The current configuration does not include the symbol library '5v rail sm-easyedapro'
    ; warning
    @(74.93 mm, 54.61 mm): Symbol U44 [74AHCT1G125GW,125-JSM]
[lib_symbol_issues]: The symbol library 'power' was not found at '/opt/homebrew/bin/SharedSupport/symbols//power.kicad_sym'.
    ; warning
    @(87.63 mm, 44.45 mm): Symbol #PWR0127 [+5V]
[lib_symbol_issues]: The symbol library 'power' was not found at '/opt/homebrew/bin/SharedSupport/symbols//power.kicad_sym'.
    ; warning
    @(74.93 mm, 78.74 mm): Symbol #PWR0126 [GND]
[footprint_link_issues]: Footprint 'C_0603_1608Metric' not found in library 'Capacitor_SMD'.
    ; warning
    @(87.63 mm, 64.77 mm): Symbol C80 [CC0603KRX7R9BB104]
[lib_symbol_issues]: The current configuration does not include the symbol library '5v rail sm-easyedapro'
    ; warning
    @(87.63 mm, 64.77 mm): Symbol C80 [CC0603KRX7R9BB104]
[footprint_link_issues]: Footprint 'R_0603_1608Metric' not found in library 'Resistor_SMD'.
    ; warning
    @(93.98 mm, 55.88 mm): Symbol R118 [0603WAF2200T5E]
[lib_symbol_issues]: The current configuration does not include the symbol library '5v rail sm-easyedapro'
    ; warning
    @(93.98 mm, 55.88 mm): Symbol R118 [0603WAF2200T5E]
[lib_symbol_issues]: The symbol library 'power' was not found at '/opt/homebrew/bin/SharedSupport/symbols//power.kicad_sym'.
    ; warning
    @(106.68 mm, 58.42 mm): Symbol #PWR0128 [GND]
[footprint_link_issues]: The current configuration does not include the footprint library '5v rail sm-easyedapro'.
    ; warning
    @(120.65 mm, 53.34 mm): Symbol U45 [WS2815F]
[lib_symbol_issues]: The current configuration does not include the symbol library '5v rail sm-easyedapro'
    ; warning
    @(120.65 mm, 53.34 mm): Symbol U45 [WS2815F]
[lib_symbol_issues]: The symbol library 'power' was not found at '/opt/homebrew/bin/SharedSupport/symbols//power.kicad_sym'.
    ; warning
    @(67.31 mm, 118.11 mm): Symbol #PWR0124 [+12V]
[lib_symbol_issues]: The symbol library 'power' was not found at '/opt/homebrew/bin/SharedSupport/symbols//power.kicad_sym'.
    ; warning
    @(134.62 mm, 38.10 mm): Symbol #PWR0131 [+12V]
[footprint_link_issues]: Footprint 'C_0603_1608Metric' not found in library 'Capacitor_SMD'.
    ; warning
    @(60.96 mm, 129.54 mm): Symbol C78 [CC0603KRX7R9BB104]
[lib_symbol_issues]: The current configuration does not include the symbol library '5v rail sm-easyedapro'
    ; warning
    @(60.96 mm, 129.54 mm): Symbol C78 [CC0603KRX7R9BB104]
[footprint_link_issues]: The current configuration does not include the footprint library '5v rail sm-easyedapro'.
    ; warning
    @(73.66 mm, 129.54 mm): Symbol C79 [RVT1C471M0607]
[lib_symbol_issues]: The current configuration does not include the symbol library '5v rail sm-easyedapro'
    ; warning
    @(73.66 mm, 129.54 mm): Symbol C79 [RVT1C471M0607]
[lib_symbol_issues]: The symbol library 'power' was not found at '/opt/homebrew/bin/SharedSupport/symbols//power.kicad_sym'.
    ; warning
    @(67.31 mm, 139.70 mm): Symbol #PWR0125 [GND]
[lib_symbol_issues]: The symbol library 'power' was not found at '/opt/homebrew/bin/SharedSupport/symbols//power.kicad_sym'.
    ; warning
    @(146.05 mm, 58.42 mm): Symbol #PWR0132 [GND]
[footprint_link_issues]: The current configuration does not include the footprint library '5v rail sm-easyedapro'.
    ; warning
    @(161.29 mm, 53.34 mm): Symbol U46 [WS2815F]
[lib_symbol_issues]: The current configuration does not include the symbol library '5v rail sm-easyedapro'
    ; warning
    @(161.29 mm, 53.34 mm): Symbol U46 [WS2815F]
[lib_symbol_issues]: The symbol library 'power' was not found at '/opt/homebrew/bin/SharedSupport/symbols//power.kicad_sym'.
    ; warning
    @(128.27 mm, 115.57 mm): Symbol #PWR0129 [+12V]
[lib_symbol_issues]: The symbol library 'power' was not found at '/opt/homebrew/bin/SharedSupport/symbols//power.kicad_sym'.
    ; warning
    @(172.72 mm, 38.10 mm): Symbol #PWR0133 [+12V]
[footprint_link_issues]: Footprint 'SolderJumper-2_P1.3mm_Bridged_RoundedPad1.0x1.5mm' not found in library 'Jumper'.
    ; warning
    @(118.11 mm, 132.08 mm): Symbol JP1 [Jumper_2_Bridged]
[lib_symbol_issues]: The symbol library 'Jumper' was not found at '/opt/homebrew/bin/SharedSupport/symbols//Jumper.kicad_sym'.
    ; warning
    @(118.11 mm, 132.08 mm): Symbol JP1 [Jumper_2_Bridged]
[lib_symbol_issues]: The symbol library 'power' was not found at '/opt/homebrew/bin/SharedSupport/symbols//power.kicad_sym'.
    ; warning
    @(180.34 mm, 58.42 mm): Symbol #PWR0134 [GND]
[footprint_link_issues]: Footprint 'C_0603_1608Metric' not found in library 'Capacitor_SMD'.
    ; warning
    @(119.38 mm, 152.40 mm): Symbol C81 [CC0603KRX7R9BB104]
[lib_symbol_issues]: The current configuration does not include the symbol library '5v rail sm-easyedapro'
    ; warning
    @(119.38 mm, 152.40 mm): Symbol C81 [CC0603KRX7R9BB104]
[footprint_link_issues]: The current configuration does not include the footprint library '5v rail sm-easyedapro'.
    ; warning
    @(194.31 mm, 53.34 mm): Symbol U47 [WS2815F]
[lib_symbol_issues]: The current configuration does not include the symbol library '5v rail sm-easyedapro'
    ; warning
    @(194.31 mm, 53.34 mm): Symbol U47 [WS2815F]
[footprint_link_issues]: The current configuration does not include the footprint library '5v rail sm-easyedapro'.
    ; warning
    @(137.16 mm, 152.40 mm): Symbol C82 [RVT1C471M0607]
[lib_symbol_issues]: The current configuration does not include the symbol library '5v rail sm-easyedapro'
    ; warning
    @(137.16 mm, 152.40 mm): Symbol C82 [RVT1C471M0607]
[endpoint_off_grid]: Symbol pin or wire end off connection grid
    ; warning
    @(137.16 mm, 160.02 mm): Vertical Wire, length 2.515 mm
[unconnected_wire_endpoint]: Unconnected wire endpoint
    ; warning
    @(137.16 mm, 160.02 mm): Vertical Wire, length 2.515 mm
[lib_symbol_issues]: The symbol library 'power' was not found at '/opt/homebrew/bin/SharedSupport/symbols//power.kicad_sym'.
    ; warning
    @(207.01 mm, 38.10 mm): Symbol #PWR0136 [+12V]
[lib_symbol_issues]: The symbol library 'power' was not found at '/opt/homebrew/bin/SharedSupport/symbols//power.kicad_sym'.
    ; warning
    @(128.27 mm, 170.18 mm): Symbol #PWR0130 [GND]
[footprint_link_issues]: Footprint 'PinHeader_1x02_P2.54mm_Vertical' not found in library 'Connector_PinHeader_2.54mm'.
    ; warning
    @(181.61 mm, 120.65 mm): Symbol H5 [PZ254V-11-02P]
[lib_symbol_issues]: The current configuration does not include the symbol library '5v rail sm-easyedapro'
    ; warning
    @(181.61 mm, 120.65 mm): Symbol H5 [PZ254V-11-02P]
[lib_symbol_issues]: The symbol library 'power' was not found at '/opt/homebrew/bin/SharedSupport/symbols//power.kicad_sym'.
    ; warning
    @(213.36 mm, 58.42 mm): Symbol #PWR0137 [GND]
[lib_symbol_issues]: The symbol library 'power' was not found at '/opt/homebrew/bin/SharedSupport/symbols//power.kicad_sym'.
    ; warning
    @(185.42 mm, 140.97 mm): Symbol #PWR0135 [GND]
[footprint_link_issues]: The current configuration does not include the footprint library '5v rail sm-easyedapro'.
    ; warning
    @(227.33 mm, 53.34 mm): Symbol U49 [WS2815F]
[lib_symbol_issues]: The current configuration does not include the symbol library '5v rail sm-easyedapro'
    ; warning
    @(227.33 mm, 53.34 mm): Symbol U49 [WS2815F]
[footprint_link_issues]: The current configuration does not include the footprint library 'JLCImport'.
    ; warning
    @(194.31 mm, 134.62 mm): Symbol U48 [VH3_96-4P_ZZ]
[lib_symbol_issues]: The current configuration does not include the symbol library 'JLCImport'
    ; warning
    @(194.31 mm, 134.62 mm): Symbol U48 [VH3_96-4P_ZZ]
[lib_symbol_issues]: The symbol library 'power' was not found at '/opt/homebrew/bin/SharedSupport/symbols//power.kicad_sym'.
    ; warning
    @(240.03 mm, 38.10 mm): Symbol #PWR0138 [+12V]
[lib_symbol_issues]: The symbol library 'power' was not found at '/opt/homebrew/bin/SharedSupport/symbols//power.kicad_sym'.
    ; warning
    @(247.65 mm, 58.42 mm): Symbol #PWR0139 [GND]
[footprint_link_issues]: The current configuration does not include the footprint library '5v rail sm-easyedapro'.
    ; warning
    @(261.62 mm, 53.34 mm): Symbol U50 [WS2815F]
[lib_symbol_issues]: The current configuration does not include the symbol library '5v rail sm-easyedapro'
    ; warning
    @(261.62 mm, 53.34 mm): Symbol U50 [WS2815F]
[lib_symbol_issues]: The symbol library 'power' was not found at '/opt/homebrew/bin/SharedSupport/symbols//power.kicad_sym'.
    ; warning
    @(274.32 mm, 38.10 mm): Symbol #PWR0140 [+12V]
[footprint_link_issues]: Footprint 'MSOP-10_3x3mm_P0.5mm' not found in library 'Package_SO'.
    ; warning
    @(134.62 mm, 81.28 mm): Symbol U51 [INA226AIDGSR]
[lib_symbol_issues]: The current configuration does not include the symbol library '5v rail sm-easyedapro'
    ; warning
    @(134.62 mm, 81.28 mm): Symbol U51 [INA226AIDGSR]
[lib_symbol_issues]: The symbol library 'power' was not found at '/opt/homebrew/bin/SharedSupport/symbols//power.kicad_sym'.
    ; warning
    @(151.13 mm, 91.44 mm): Symbol #PWR0183 [GND]
[footprint_link_issues]: The current configuration does not include the footprint library '5v rail sm-easyedapro'.
    ; warning
    @(175.26 mm, 78.74 mm): Symbol NT17 [NetTie_2]
[lib_symbol_issues]: The symbol library 'Device' was not found at '/opt/homebrew/bin/SharedSupport/symbols//Device.kicad_sym'.
    ; warning
    @(175.26 mm, 78.74 mm): Symbol NT17 [NetTie_2]
[footprint_link_issues]: The current configuration does not include the footprint library '5v rail sm-easyedapro'.
    ; warning
    @(175.26 mm, 81.28 mm): Symbol NT18 [NetTie_2]
[lib_symbol_issues]: The symbol library 'Device' was not found at '/opt/homebrew/bin/SharedSupport/symbols//Device.kicad_sym'.
    ; warning
    @(175.26 mm, 81.28 mm): Symbol NT18 [NetTie_2]
[footprint_link_issues]: Footprint 'C_0603_1608Metric' not found in library 'Capacitor_SMD'.
    ; warning
    @(187.96 mm, 93.98 mm): Symbol C87 [CL10B105KB8NQNC]
[lib_symbol_issues]: The current configuration does not include the symbol library '5v rail sm-easyedapro'
    ; warning
    @(187.96 mm, 93.98 mm): Symbol C87 [CL10B105KB8NQNC]
[lib_symbol_issues]: The symbol library 'power' was not found at '/opt/homebrew/bin/SharedSupport/symbols//power.kicad_sym'.
    ; warning
    @(194.31 mm, 83.82 mm): Symbol #PWR0184 [+3V3]
[lib_symbol_issues]: The symbol library 'power' was not found at '/opt/homebrew/bin/SharedSupport/symbols//power.kicad_sym'.
    ; warning
    @(194.31 mm, 104.14 mm): Symbol #PWR0182 [GND]
[footprint_link_issues]: Footprint 'C_0603_1608Metric' not found in library 'Capacitor_SMD'.
    ; warning
    @(200.66 mm, 93.98 mm): Symbol C88 [CC0603KRX7R9BB104]
[lib_symbol_issues]: The current configuration does not include the symbol library '5v rail sm-easyedapro'
    ; warning
    @(200.66 mm, 93.98 mm): Symbol C88 [CC0603KRX7R9BB104]
[footprint_link_issues]: Footprint 'PinHeader_1x02_P2.54mm_Vertical' not found in library 'Connector_PinHeader_2.54mm'.
    ; warning
    @(107.95 mm, 80.01 mm): Symbol ESC-6V1 [PZ254V-11-02P]
[lib_symbol_issues]: The current configuration does not include the symbol library '5v rail sm-easyedapro'
    ; warning
    @(107.95 mm, 80.01 mm): Symbol ESC-6V1 [PZ254V-11-02P]
[footprint_link_issues]: The current configuration does not include the footprint library '5v rail sm-easyedapro'.
    ; warning
    @(157.48 mm, 85.09 mm): Symbol H3 [TSW-104-08-T-T-RA]
[lib_symbol_issues]: The current configuration does not include the symbol library '5v rail sm-easyedapro'
    ; warning
    @(157.48 mm, 85.09 mm): Symbol H3 [TSW-104-08-T-T-RA]
[footprint_link_issues]: The current configuration does not include the footprint library '5v rail sm-easyedapro'.
    ; warning
    @(157.48 mm, 110.49 mm): Symbol H4 [TSW-104-08-T-T-RA]
[lib_symbol_issues]: The current configuration does not include the symbol library '5v rail sm-easyedapro'
    ; warning
    @(157.48 mm, 110.49 mm): Symbol H4 [TSW-104-08-T-T-RA]
[lib_symbol_issues]: The symbol library 'power' was not found at '/opt/homebrew/bin/SharedSupport/symbols//power.kicad_sym'.
    ; warning
    @(181.61 mm, 111.76 mm): Symbol #PWR0120 [GND]
[footprint_link_issues]: The current configuration does not include the footprint library '5v rail sm-easyedapro'.
    ; warning
    @(48.26 mm, 106.68 mm): Symbol C83 [EWH1EM472L25OT]
[lib_symbol_issues]: The current configuration does not include the symbol library '5v rail sm-easyedapro'
    ; warning
    @(48.26 mm, 106.68 mm): Symbol C83 [EWH1EM472L25OT]
[footprint_link_issues]: The current configuration does not include the footprint library '5v rail sm-easyedapro'.
    ; warning
    @(63.50 mm, 106.68 mm): Symbol C84 [EWH1EM472L25OT]
[lib_symbol_issues]: The current configuration does not include the symbol library '5v rail sm-easyedapro'
    ; warning
    @(63.50 mm, 106.68 mm): Symbol C84 [EWH1EM472L25OT]
[unconnected_wire_endpoint]: Unconnected wire endpoint
    ; warning
    @(48.26 mm, 118.11 mm): Vertical Wire, length 1.27 mm
[footprint_link_issues]: Footprint 'C_0805_2012Metric' not found in library 'Capacitor_SMD'.
    ; warning
    @(77.47 mm, 106.68 mm): Symbol C85 [GRM21BR61H106KE43L]
[lib_symbol_issues]: The current configuration does not include the symbol library '5v rail sm-easyedapro'
    ; warning
    @(77.47 mm, 106.68 mm): Symbol C85 [GRM21BR61H106KE43L]
[footprint_link_issues]: Footprint 'R_0402_1005Metric' not found in library 'Resistor_SMD'.
    ; warning
    @(96.52 mm, 99.06 mm): Symbol R119 [0402WGF1003TCE]
[lib_symbol_issues]: The current configuration does not include the symbol library '5v rail sm-easyedapro'
    ; warning
    @(96.52 mm, 99.06 mm): Symbol R119 [0402WGF1003TCE]
[lib_symbol_issues]: The current configuration does not include the symbol library '5v rail sm-easyedapro'
    ; warning
    @(90.17 mm, 106.68 mm): Symbol C86 [CC0603KRX7R9BB104]
[lib_symbol_issues]: The current configuration does not include the symbol library '5v rail sm-easyedapro'
    ; warning
    @(119.38 mm, 96.52 mm): Symbol Q11 [SIRA99DP-T1-GE3]
[footprint_link_issues]: Footprint 'SOT-23' not found in library 'Package_TO_SOT_SMD'.
    ; warning
    @(105.41 mm, 125.73 mm): Symbol Q10 [L2N7002SLLT1G]
[lib_symbol_issues]: The current configuration does not include the symbol library '5v rail sm-easyedapro'
    ; warning
    @(105.41 mm, 125.73 mm): Symbol Q10 [L2N7002SLLT1G]
[footprint_link_issues]: Footprint 'R_0603_1608Metric' not found in library 'Resistor_SMD'.
    ; warning
    @(115.57 mm, 135.89 mm): Symbol R120 [FRC0603J104 TS]
[lib_symbol_issues]: The current configuration does not include the symbol library '5v rail sm-easyedapro'
    ; warning
    @(115.57 mm, 135.89 mm): Symbol R120 [FRC0603J104 TS]
[lib_symbol_issues]: The symbol library 'power' was not found at '/opt/homebrew/bin/SharedSupport/symbols//power.kicad_sym'.
    ; warning
    @(110.49 mm, 147.32 mm): Symbol #PWR0141 [GND]
[footprint_link_issues]: Footprint 'R_0603_1608Metric' not found in library 'Resistor_SMD'.
    ; warning
    @(48.26 mm, 107.95 mm): Symbol R153 [RS-03K47R0FT]
[lib_symbol_issues]: The current configuration does not include the symbol library '5v rail sm-easyedapro'
    ; warning
    @(48.26 mm, 107.95 mm): Symbol R153 [RS-03K47R0FT]
[footprint_link_issues]: Footprint 'R_0603_1608Metric' not found in library 'Resistor_SMD'.
    ; warning
    @(58.42 mm, 110.49 mm): Symbol R154 [RS-03K47R0FT]
[lib_symbol_issues]: The current configuration does not include the symbol library '5v rail sm-easyedapro'
    ; warning
    @(58.42 mm, 110.49 mm): Symbol R154 [RS-03K47R0FT]
[footprint_link_issues]: Footprint 'R_0603_1608Metric' not found in library 'Resistor_SMD'.
    ; warning
    @(68.58 mm, 113.03 mm): Symbol R155 [RS-03K47R0FT]
[lib_symbol_issues]: The current configuration does not include the symbol library '5v rail sm-easyedapro'
    ; warning
    @(68.58 mm, 113.03 mm): Symbol R155 [RS-03K47R0FT]
[footprint_link_issues]: Footprint 'R_0603_1608Metric' not found in library 'Resistor_SMD'.
    ; warning
    @(78.74 mm, 115.57 mm): Symbol R156 [RS-03K47R0FT]
[lib_symbol_issues]: The current configuration does not include the symbol library '5v rail sm-easyedapro'
    ; warning
    @(78.74 mm, 115.57 mm): Symbol R156 [RS-03K47R0FT]
[footprint_link_issues]: Footprint 'R_0402_1005Metric' not found in library 'Resistor_SMD'.
    ; warning
    @(130.81 mm, 64.77 mm): Symbol R164 [0402WGF1002TCE]
[lib_symbol_issues]: The current configuration does not include the symbol library '5v rail sm-easyedapro'
    ; warning
    @(130.81 mm, 64.77 mm): Symbol R164 [0402WGF1002TCE]
[footprint_link_issues]: Footprint 'R_0603_1608Metric' not found in library 'Resistor_SMD'.
    ; warning
    @(88.90 mm, 118.11 mm): Symbol R157 [RS-03K47R0FT]
[lib_symbol_issues]: The current configuration does not include the symbol library '5v rail sm-easyedapro'
    ; warning
    @(88.90 mm, 118.11 mm): Symbol R157 [RS-03K47R0FT]
[footprint_link_issues]: Footprint 'R_0402_1005Metric' not found in library 'Resistor_SMD'.
    ; warning
    @(130.81 mm, 72.39 mm): Symbol R165 [0402WGF1002TCE]
[lib_symbol_issues]: The current configuration does not include the symbol library '5v rail sm-easyedapro'
    ; warning
    @(130.81 mm, 72.39 mm): Symbol R165 [0402WGF1002TCE]
[lib_symbol_issues]: The symbol library 'power' was not found at '/opt/homebrew/bin/SharedSupport/symbols//power.kicad_sym'.
    ; warning
    @(121.92 mm, 92.71 mm): Symbol #PWR0160 [GND]
[footprint_link_issues]: Footprint 'R_0402_1005Metric' not found in library 'Resistor_SMD'.
    ; warning
    @(130.81 mm, 80.01 mm): Symbol R166 [0402WGF1002TCE]
[lib_symbol_issues]: The current configuration does not include the symbol library '5v rail sm-easyedapro'
    ; warning
    @(130.81 mm, 80.01 mm): Symbol R166 [0402WGF1002TCE]
[footprint_link_issues]: Footprint 'R_0603_1608Metric' not found in library 'Resistor_SMD'.
    ; warning
    @(99.06 mm, 120.65 mm): Symbol R159 [RS-03K47R0FT]
[lib_symbol_issues]: The current configuration does not include the symbol library '5v rail sm-easyedapro'
    ; warning
    @(99.06 mm, 120.65 mm): Symbol R159 [RS-03K47R0FT]
[footprint_link_issues]: Footprint 'R_0402_1005Metric' not found in library 'Resistor_SMD'.
    ; warning
    @(130.81 mm, 87.63 mm): Symbol R167 [0402WGF1002TCE]
[lib_symbol_issues]: The current configuration does not include the symbol library '5v rail sm-easyedapro'
    ; warning
    @(130.81 mm, 87.63 mm): Symbol R167 [0402WGF1002TCE]
[footprint_link_issues]: Footprint 'R_0603_1608Metric' not found in library 'Resistor_SMD'.
    ; warning
    @(109.22 mm, 123.19 mm): Symbol R162 [RS-03K47R0FT]
[lib_symbol_issues]: The current configuration does not include the symbol library '5v rail sm-easyedapro'
    ; warning
    @(109.22 mm, 123.19 mm): Symbol R162 [RS-03K47R0FT]
[footprint_link_issues]: Footprint 'R_0402_1005Metric' not found in library 'Resistor_SMD'.
    ; warning
    @(166.37 mm, 64.77 mm): Symbol R175 [0402WGF1002TCE]
[lib_symbol_issues]: The current configuration does not include the symbol library '5v rail sm-easyedapro'
    ; warning
    @(166.37 mm, 64.77 mm): Symbol R175 [0402WGF1002TCE]
[footprint_link_issues]: Footprint 'TSSOP-28_4.4x9.7mm_P0.65mm' not found in library 'Package_SO'.
    ; warning
    @(171.45 mm, 111.76 mm): Symbol U59 [PCA9685PW,118]
[lib_symbol_issues]: The current configuration does not include the symbol library '5v rail sm-easyedapro'
    ; warning
    @(171.45 mm, 111.76 mm): Symbol U59 [PCA9685PW,118]
[footprint_link_issues]: Footprint 'R_0402_1005Metric' not found in library 'Resistor_SMD'.
    ; warning
    @(196.85 mm, 107.95 mm): Symbol R178 [0402WGF1002TCE]
[lib_symbol_issues]: The current configuration does not include the symbol library '5v rail sm-easyedapro'
    ; warning
    @(196.85 mm, 107.95 mm): Symbol R178 [0402WGF1002TCE]
[lib_symbol_issues]: The symbol library 'power' was not found at '/opt/homebrew/bin/SharedSupport/symbols//power.kicad_sym'.
    ; warning
    @(172.72 mm, 146.05 mm): Symbol #PWR0161 [GND]
[footprint_link_issues]: Footprint 'C_0603_1608Metric' not found in library 'Capacitor_SMD'.
    ; warning
    @(236.22 mm, 74.93 mm): Symbol C121 [CC0603KRX7R9BB104]
[lib_symbol_issues]: The current configuration does not include the symbol library '5v rail sm-easyedapro'
    ; warning
    @(236.22 mm, 74.93 mm): Symbol C121 [CC0603KRX7R9BB104]
[lib_symbol_issues]: The symbol library 'power' was not found at '/opt/homebrew/bin/SharedSupport/symbols//power.kicad_sym'.
    ; warning
    @(243.84 mm, 60.96 mm): Symbol #PWR0162 [+3V3]
[lib_symbol_issues]: The symbol library 'power' was not found at '/opt/homebrew/bin/SharedSupport/symbols//power.kicad_sym'.
    ; warning
    @(243.84 mm, 87.63 mm): Symbol #PWR0163 [GND]
[footprint_link_issues]: Footprint 'C_0603_1608Metric' not found in library 'Capacitor_SMD'.
    ; warning
    @(251.46 mm, 74.93 mm): Symbol C122 [CL10A105KB8NNNC]
[lib_symbol_issues]: The current configuration does not include the symbol library '5v rail sm-easyedapro'
    ; warning
    @(251.46 mm, 74.93 mm): Symbol C122 [CL10A105KB8NNNC]
[footprint_link_issues]: The current configuration does not include the footprint library '5v rail sm-easyedapro'.
    ; warning
    @(107.95 mm, 86.36 mm): Symbol C128 [0603B474K500NT]
[lib_symbol_issues]: The current configuration does not include the symbol library '5v rail sm-easyedapro'
    ; warning
    @(107.95 mm, 86.36 mm): Symbol C128 [0603B474K500NT]
[lib_symbol_issues]: The symbol library 'power' was not found at '/opt/homebrew/bin/SharedSupport/symbols//power.kicad_sym'.
    ; warning
    @(107.95 mm, 90.17 mm): Symbol #PWR0186 [GND]
[lib_symbol_issues]: The symbol library 'power' was not found at '/opt/homebrew/bin/SharedSupport/symbols//power.kicad_sym'.
    ; warning
    @(128.27 mm, 85.09 mm): Symbol #PWR0187 [GND]
[footprint_link_issues]: The current configuration does not include the footprint library 'JLCImport'.
    ; warning
    @(135.89 mm, 83.82 mm): Symbol U62 [X1270WV-2X08B-6TV01]
[lib_symbol_issues]: The current configuration does not include the symbol library 'JLCImport'
    ; warning
    @(135.89 mm, 83.82 mm): Symbol U62 [X1270WV-2X08B-6TV01]
[lib_symbol_issues]: The symbol library 'power' was not found at '/opt/homebrew/bin/SharedSupport/symbols//power.kicad_sym'.
    ; warning
    @(143.51 mm, 82.55 mm): Symbol #PWR0185 [GND]
[footprint_link_issues]: The current configuration does not include the footprint library '5v rail sm-easyedapro'.
    ; warning
    @(162.56 mm, 88.90 mm): Symbol C130 [0603B474K500NT]
[lib_symbol_issues]: The current configuration does not include the symbol library '5v rail sm-easyedapro'
    ; warning
    @(162.56 mm, 88.90 mm): Symbol C130 [0603B474K500NT]
[lib_symbol_issues]: The symbol library 'power' was not found at '/opt/homebrew/bin/SharedSupport/symbols//power.kicad_sym'.
    ; warning
    @(162.56 mm, 92.71 mm): Symbol #PWR0188 [GND]

***** Sheet /USB-C Input/
[pin_to_pin]: Pins of type Unspecified and Unspecified are connected
    ; warning
    @(38.10 mm, 41.91 mm): Symbol USBC1 Pin B1 [GND, Unspecified, Line]
    @(38.10 mm, 69.85 mm): Symbol USBC1 Pin B12 [GND, Unspecified, Line]
[pin_to_pin]: Pins of type Unspecified and Unspecified are connected
    ; warning
    @(60.96 mm, 41.91 mm): Symbol USBC1 Pin A12 [GND, Unspecified, Line]
    @(38.10 mm, 41.91 mm): Symbol USBC1 Pin B1 [GND, Unspecified, Line]
[pin_to_pin]: Pins of type Unspecified and Power input are connected
    ; warning
    @(38.10 mm, 69.85 mm): Symbol USBC1 Pin B12 [GND, Unspecified, Line]
    @(25.40 mm, 78.74 mm): Symbol #PWR0111 Pin 1 [Power input, Line]
[pin_to_pin]: Pins of type Unspecified and Power input are connected
    ; warning
    @(60.96 mm, 69.85 mm): Symbol USBC1 Pin A1 [GND, Unspecified, Line]
    @(68.58 mm, 77.47 mm): Symbol #PWR0112 Pin 1 [Power input, Line]
[pin_to_pin]: Pins of type Unspecified and Unspecified are connected
    ; warning
    @(93.98 mm, 109.22 mm): Symbol D22 Pin 3 [GND, Unspecified, Line]
    @(93.98 mm, 132.08 mm): Symbol D22 Pin 8 [GND, Unspecified, Line]
[pin_to_pin]: Pins of type Unspecified and Power input are connected
    ; warning
    @(142.24 mm, 45.72 mm): Symbol C73 Pin 1 [1, Unspecified, Line]
    @(153.67 mm, 49.53 mm): Symbol #PWR0114 Pin 1 [Power input, Line]
[pin_to_pin]: Pins of type Unspecified and Power input are connected
    ; warning
    @(93.98 mm, 132.08 mm): Symbol D22 Pin 8 [GND, Unspecified, Line]
    @(93.98 mm, 137.16 mm): Symbol #PWR0113 Pin 1 [Power input, Line]
[pin_to_pin]: Pins of type Unspecified and Power input are connected
    ; warning
    @(187.96 mm, 45.72 mm): Symbol D23 Pin 2 [A, Unspecified, Line]
    @(153.67 mm, 49.53 mm): Symbol #PWR0114 Pin 1 [Power input, Line]
[pin_to_pin]: Pins of type Unspecified and Power input are connected
    ; warning
    @(204.47 mm, 138.43 mm): Symbol R106 Pin 1 [1, Unspecified, Line]
    @(199.39 mm, 146.05 mm): Symbol #PWR0115 Pin 1 [Power input, Line]
[pin_to_pin]: Pins of type Unspecified and Unspecified are connected
    ; warning
    @(215.90 mm, 123.19 mm): Symbol R108 Pin 1 [1, Unspecified, Line]
    @(231.14 mm, 72.39 mm): Symbol U40 Pin 12 [EN_N, Unspecified, Line]
[pin_to_pin]: Pins of type Unspecified and Unspecified are connected
    ; warning
    @(215.90 mm, 133.35 mm): Symbol R108 Pin 2 [2, Unspecified, Line]
    @(228.60 mm, 133.35 mm): Symbol R109 Pin 1 [1, Unspecified, Line]
[pin_to_pin]: Pins of type Unspecified and Power input are connected
    ; warning
    @(228.60 mm, 133.35 mm): Symbol R109 Pin 1 [1, Unspecified, Line]
    @(222.25 mm, 152.40 mm): Symbol #PWR0116 Pin 1 [Power input, Line]
[pin_to_pin]: Pins of type Unspecified and Input are connected
    ; warning
    @(281.94 mm, 82.55 mm): Symbol U40 Pin 11 [INT_N, Unspecified, Line]
    @(651.51 mm, 486.41 mm): Symbol R208 Pin 1 [1, Input, Line]
[pin_to_pin]: Pins of type Unspecified and Power input are connected
    ; warning
    @(281.94 mm, 105.41 mm): Symbol U40 Pin 17 [GND, Unspecified, Line]
    @(283.21 mm, 107.95 mm): Symbol #PWR0117 Pin 1 [Power input, Line]
[pin_to_pin]: Pins of type Unspecified and Power input are connected
    ; warning
    @(298.45 mm, 62.23 mm): Symbol C74 Pin 1 [1, Unspecified, Line]
    @(298.45 mm, 64.77 mm): Symbol #PWR0118 Pin 1 [Power input, Line]
[pin_to_pin]: Pins of type Unspecified and Input are connected
    ; warning
    @(346.71 mm, 31.75 mm): Symbol Q9 Pin 2 [D, Unspecified, Line]
    @(175.26 mm, 100.33 mm): Symbol U31 Pin 4 [IN, Input, Line]
[pin_to_pin]: Pins of type Unspecified and Power input are connected
    ; warning
    @(369.57 mm, 69.85 mm): Symbol R114 Pin 2 [2, Unspecified, Line]
    @(369.57 mm, 67.31 mm): Symbol #PWR0119 Pin 1 [Power input, Line]
[pin_to_pin]: Pins of type Unspecified and Unspecified are connected
    ; warning
    @(369.57 mm, 80.01 mm): Symbol R114 Pin 1 [1, Unspecified, Line]
    @(281.94 mm, 82.55 mm): Symbol U40 Pin 11 [INT_N, Unspecified, Line]

***** Sheet /bms_button_logic/
[pin_to_pin]: Pins of type Unspecified and Input are connected
    ; warning
    @(41.91 mm, 78.74 mm): Symbol F5 Pin 1 [1, Unspecified, Line]
    @(107.95 mm, 130.81 mm): Symbol R161 Pin 1 [1, Input, Line]
[pin_to_pin]: Pins of type Unspecified and Passive are connected
    ; warning
    @(78.74 mm, 81.28 mm): Symbol U61 Pin 2 [GND, Unspecified, Line]
    @(100.33 mm, 43.18 mm): Symbol NT2 Pin 1 [1, Passive, Line]
[pin_to_pin]: Pins of type Unspecified and Unspecified are connected
    ; warning
    @(60.96 mm, 101.60 mm): Symbol C127 Pin 1 [1, Unspecified, Line]
    @(76.20 mm, 102.87 mm): Symbol R184 Pin 2 [2, Unspecified, Line]
[pin_to_pin]: Pins of type Unspecified and Unspecified are connected
    ; warning
    @(76.20 mm, 92.71 mm): Symbol R184 Pin 1 [1, Unspecified, Line]
    @(78.74 mm, 83.82 mm): Symbol U61 Pin 3 [EM, Unspecified, Line]
[pin_to_pin]: Pins of type Unspecified and Unspecified are connected
    ; warning
    @(76.20 mm, 102.87 mm): Symbol R184 Pin 2 [2, Unspecified, Line]
    @(78.74 mm, 81.28 mm): Symbol U61 Pin 2 [GND, Unspecified, Line]
[pin_to_pin]: Pins of type Unspecified and Unspecified are connected
    ; warning
    @(101.60 mm, 80.01 mm): Symbol U61 Pin 5 [OUT, Unspecified, Line]
    @(142.24 mm, 80.01 mm): Symbol U63 Pin 2 [A, Unspecified, Line]
[pin_to_pin]: Pins of type Unspecified and Unspecified are connected
    ; warning
    @(113.03 mm, 88.90 mm): Symbol C129 Pin 2 [2, Unspecified, Line]
    @(101.60 mm, 80.01 mm): Symbol U61 Pin 5 [OUT, Unspecified, Line]
[pin_to_pin]: Pins of type Unspecified and Unspecified are connected
    ; warning
    @(113.03 mm, 99.06 mm): Symbol C129 Pin 1 [1, Unspecified, Line]
    @(76.20 mm, 102.87 mm): Symbol R184 Pin 2 [2, Unspecified, Line]
[pin_to_pin]: Pins of type Unspecified and Input are connected
    ; warning
    @(142.24 mm, 80.01 mm): Symbol U63 Pin 2 [A, Unspecified, Line]
    @(297.18 mm, 109.22 mm): Symbol R152 Pin 2 [2, Input, Line]
[pin_to_pin]: Pins of type Unspecified and Input are connected
    ; warning
    @(158.75 mm, 119.38 mm): Symbol R185 Pin 1 [1, Unspecified, Line]
    @(707.39 mm, 476.25 mm): Symbol R212 Pin 1 [1, Input, Line]
[pin_to_pin]: Pins of type Unspecified and Unspecified are connected
    ; warning
    @(179.07 mm, 95.25 mm): Symbol Q18 Pin 1 [G, Unspecified, Line]
    @(158.75 mm, 119.38 mm): Symbol R185 Pin 1 [1, Unspecified, Line]
[pin_to_pin]: Pins of type Unspecified and Unspecified are connected
    ; warning
    @(158.75 mm, 129.54 mm): Symbol R185 Pin 2 [2, Unspecified, Line]
    @(207.01 mm, 129.54 mm): Symbol R187 Pin 1 [1, Unspecified, Line]
[pin_to_pin]: Pins of type Unspecified and Unspecified are connected
    ; warning
    @(186.69 mm, 90.17 mm): Symbol Q18 Pin 3 [D, Unspecified, Line]
    @(204.47 mm, 93.98 mm): Symbol SW1 Pin 3 [3, Unspecified, Line]
[pin_to_pin]: Pins of type Unspecified and Unspecified are connected
    ; warning
    @(172.72 mm, 119.38 mm): Symbol D38 Pin 1 [K, Unspecified, Line]
    @(158.75 mm, 119.38 mm): Symbol R185 Pin 1 [1, Unspecified, Line]
[pin_to_pin]: Pins of type Unspecified and Unspecified are connected
    ; warning
    @(186.69 mm, 100.33 mm): Symbol Q18 Pin 2 [S, Unspecified, Line]
    @(204.47 mm, 99.06 mm): Symbol SW1 Pin 2 [2, Unspecified, Line]
[pin_to_pin]: Pins of type Unspecified and Unspecified are connected
    ; warning
    @(172.72 mm, 129.54 mm): Symbol D38 Pin 2 [A, Unspecified, Line]
    @(158.75 mm, 129.54 mm): Symbol R185 Pin 2 [2, Unspecified, Line]
[pin_to_pin]: Pins of type Unspecified and Unspecified are connected
    ; warning
    @(207.01 mm, 63.50 mm): Symbol R186 Pin 2 [2, Unspecified, Line]
    @(205.74 mm, 118.11 mm): Symbol U58 Pin 22 [TS2, Unspecified, Line]
[pin_to_pin]: Pins of type Unspecified and Unspecified are connected
    ; warning
    @(207.01 mm, 73.66 mm): Symbol R186 Pin 1 [1, Unspecified, Line]
    @(204.47 mm, 93.98 mm): Symbol SW1 Pin 3 [3, Unspecified, Line]
[pin_to_pin]: Pins of type Unspecified and Unspecified are connected
    ; warning
    @(186.69 mm, 119.38 mm): Symbol C131 Pin 2 [2, Unspecified, Line]
    @(186.69 mm, 100.33 mm): Symbol Q18 Pin 2 [S, Unspecified, Line]
[pin_to_pin]: Pins of type Unspecified and Unspecified are connected
    ; warning
    @(204.47 mm, 93.98 mm): Symbol SW1 Pin 3 [3, Unspecified, Line]
    @(152.40 mm, 80.01 mm): Symbol U63 Pin 1 [K, Unspecified, Line]
[pin_to_pin]: Pins of type Unspecified and Input are connected
    ; warning
    @(204.47 mm, 99.06 mm): Symbol SW1 Pin 2 [2, Unspecified, Line]
    @(707.39 mm, 481.33 mm): Symbol R214 Pin 1 [1, Input, Line]
[pin_to_pin]: Pins of type Unspecified and Unspecified are connected
    ; warning
    @(186.69 mm, 129.54 mm): Symbol C131 Pin 1 [1, Unspecified, Line]
    @(172.72 mm, 129.54 mm): Symbol D38 Pin 2 [A, Unspecified, Line]
[pin_to_pin]: Pins of type Unspecified and Unspecified are connected
    ; warning
    @(207.01 mm, 119.38 mm): Symbol R187 Pin 2 [2, Unspecified, Line]
    @(204.47 mm, 99.06 mm): Symbol SW1 Pin 2 [2, Unspecified, Line]
[pin_to_pin]: Pins of type Unspecified and Unspecified are connected
    ; warning
    @(207.01 mm, 129.54 mm): Symbol R187 Pin 1 [1, Unspecified, Line]
    @(78.74 mm, 81.28 mm): Symbol U61 Pin 2 [GND, Unspecified, Line]

***** Sheet /Ideal_Diode_OR_DC_PORT/
[pin_not_driven]: Input pin not driven by any Output pins
    ; error
    @(154.94 mm, 100.33 mm): Symbol U31 Pin 3 [OFF, Input, Line]
[pin_to_pin]: Pins of type Unspecified and Input are connected
    ; warning
    @(135.89 mm, 81.28 mm): Symbol C60 Pin 2 [2, Unspecified, Line]
    @(119.38 mm, 82.55 mm): Symbol D20 Pin 1 [K, Input, Line]
[pin_to_pin]: Pins of type Unspecified and Input are connected
    ; warning
    @(135.89 mm, 91.44 mm): Symbol C60 Pin 1 [1, Unspecified, Line]
    @(119.38 mm, 92.71 mm): Symbol D20 Pin 2 [A, Input, Line]
[pin_to_pin]: Pins of type Unspecified and Input are connected
    ; warning
    @(148.59 mm, 104.14 mm): Symbol CN10 Pin 1 [1, Unspecified, Line]
    @(154.94 mm, 100.33 mm): Symbol U31 Pin 3 [OFF, Input, Line]
[pin_to_pin]: Pins of type Unspecified and Input are connected
    ; warning
    @(151.13 mm, 118.11 mm): Symbol R85 Pin 2 [2, Unspecified, Line]
    @(154.94 mm, 100.33 mm): Symbol U31 Pin 3 [OFF, Input, Line]
[pin_to_pin]: Pins of type Unspecified and Unspecified are connected
    ; warning
    @(180.34 mm, 72.39 mm): Symbol Q7 Pin 1 [S, Unspecified, Line]
    @(180.34 mm, 74.93 mm): Symbol Q7 Pin 2 [S, Unspecified, Line]
[pin_to_pin]: Pins of type Unspecified and Unspecified are connected
    ; warning
    @(180.34 mm, 74.93 mm): Symbol Q7 Pin 2 [S, Unspecified, Line]
    @(180.34 mm, 77.47 mm): Symbol Q7 Pin 3 [S, Unspecified, Line]
[pin_to_pin]: Pins of type Unspecified and Input are connected
    ; warning
    @(180.34 mm, 77.47 mm): Symbol Q7 Pin 3 [S, Unspecified, Line]
    @(175.26 mm, 100.33 mm): Symbol U31 Pin 4 [IN, Input, Line]
[pin_to_pin]: Pins of type Unspecified and Power input are connected
    ; warning
    @(151.13 mm, 128.27 mm): Symbol R85 Pin 1 [1, Unspecified, Line]
    @(151.13 mm, 129.54 mm): Symbol #PWR0178 Pin 1 [Power input, Line]
[pin_to_pin]: Pins of type Unspecified and Input are connected
    ; warning
    @(195.58 mm, 69.85 mm): Symbol Q7 Pin 9 [D, Unspecified, Line]
    @(210.82 mm, 78.74 mm): Symbol R86 Pin 2 [2, Input, Line]
[pin_to_pin]: Pins of type Unspecified and Unspecified are connected
    ; warning
    @(195.58 mm, 72.39 mm): Symbol Q7 Pin 8 [D, Unspecified, Line]
    @(195.58 mm, 69.85 mm): Symbol Q7 Pin 9 [D, Unspecified, Line]
[pin_to_pin]: Pins of type Unspecified and Unspecified are connected
    ; warning
    @(195.58 mm, 74.93 mm): Symbol Q7 Pin 7 [D, Unspecified, Line]
    @(195.58 mm, 72.39 mm): Symbol Q7 Pin 8 [D, Unspecified, Line]
[pin_to_pin]: Pins of type Unspecified and Unspecified are connected
    ; warning
    @(195.58 mm, 77.47 mm): Symbol Q7 Pin 6 [D, Unspecified, Line]
    @(195.58 mm, 74.93 mm): Symbol Q7 Pin 7 [D, Unspecified, Line]
[pin_to_pin]: Pins of type Unspecified and Unspecified are connected
    ; warning
    @(195.58 mm, 80.01 mm): Symbol Q7 Pin 5 [D, Unspecified, Line]
    @(195.58 mm, 77.47 mm): Symbol Q7 Pin 6 [D, Unspecified, Line]
[pin_to_pin]: Pins of type Unspecified and Input are connected
    ; warning
    @(210.82 mm, 101.60 mm): Symbol C61 Pin 1 [1, Unspecified, Line]
    @(154.94 mm, 97.79 mm): Symbol U31 Pin 2 [GND, Input, Line]

***** Sheet /Ideal_Diode_OR_USBC/
[pin_not_driven]: Input pin not driven by any Output pins
    ; error
    @(119.38 mm, 82.55 mm): Symbol D20 Pin 1 [K, Input, Line]
[pin_not_driven]: Input pin not driven by any Output pins
    ; error
    @(154.94 mm, 100.33 mm): Symbol U31 Pin 3 [OFF, Input, Line]
[pin_not_driven]: Input pin not driven by any Output pins
    ; error
    @(210.82 mm, 78.74 mm): Symbol R86 Pin 2 [2, Input, Line]
[pin_to_pin]: Pins of type Unspecified and Input are connected
    ; warning
    @(135.89 mm, 81.28 mm): Symbol C60 Pin 2 [2, Unspecified, Line]
    @(119.38 mm, 82.55 mm): Symbol D20 Pin 1 [K, Input, Line]
[pin_to_pin]: Pins of type Unspecified and Input are connected
    ; warning
    @(135.89 mm, 91.44 mm): Symbol C60 Pin 1 [1, Unspecified, Line]
    @(119.38 mm, 92.71 mm): Symbol D20 Pin 2 [A, Input, Line]
[pin_to_pin]: Pins of type Unspecified and Input are connected
    ; warning
    @(148.59 mm, 104.14 mm): Symbol CN10 Pin 1 [1, Unspecified, Line]
    @(154.94 mm, 100.33 mm): Symbol U31 Pin 3 [OFF, Input, Line]
[pin_to_pin]: Pins of type Unspecified and Input are connected
    ; warning
    @(151.13 mm, 118.11 mm): Symbol R85 Pin 2 [2, Unspecified, Line]
    @(154.94 mm, 100.33 mm): Symbol U31 Pin 3 [OFF, Input, Line]
[pin_to_pin]: Pins of type Unspecified and Unspecified are connected
    ; warning
    @(180.34 mm, 72.39 mm): Symbol Q7 Pin 1 [S, Unspecified, Line]
    @(180.34 mm, 74.93 mm): Symbol Q7 Pin 2 [S, Unspecified, Line]
[pin_to_pin]: Pins of type Unspecified and Unspecified are connected
    ; warning
    @(180.34 mm, 74.93 mm): Symbol Q7 Pin 2 [S, Unspecified, Line]
    @(180.34 mm, 77.47 mm): Symbol Q7 Pin 3 [S, Unspecified, Line]
[pin_to_pin]: Pins of type Unspecified and Input are connected
    ; warning
    @(180.34 mm, 77.47 mm): Symbol Q7 Pin 3 [S, Unspecified, Line]
    @(175.26 mm, 100.33 mm): Symbol U31 Pin 4 [IN, Input, Line]
[pin_to_pin]: Pins of type Unspecified and Power input are connected
    ; warning
    @(151.13 mm, 128.27 mm): Symbol R85 Pin 1 [1, Unspecified, Line]
    @(151.13 mm, 129.54 mm): Symbol #PWR0178 Pin 1 [Power input, Line]
[pin_to_pin]: Pins of type Unspecified and Input are connected
    ; warning
    @(195.58 mm, 69.85 mm): Symbol Q7 Pin 9 [D, Unspecified, Line]
    @(210.82 mm, 78.74 mm): Symbol R86 Pin 2 [2, Input, Line]
[pin_to_pin]: Pins of type Unspecified and Unspecified are connected
    ; warning
    @(195.58 mm, 72.39 mm): Symbol Q7 Pin 8 [D, Unspecified, Line]
    @(195.58 mm, 69.85 mm): Symbol Q7 Pin 9 [D, Unspecified, Line]
[pin_to_pin]: Pins of type Unspecified and Unspecified are connected
    ; warning
    @(195.58 mm, 74.93 mm): Symbol Q7 Pin 7 [D, Unspecified, Line]
    @(195.58 mm, 72.39 mm): Symbol Q7 Pin 8 [D, Unspecified, Line]
[pin_to_pin]: Pins of type Unspecified and Unspecified are connected
    ; warning
    @(195.58 mm, 77.47 mm): Symbol Q7 Pin 6 [D, Unspecified, Line]
    @(195.58 mm, 74.93 mm): Symbol Q7 Pin 7 [D, Unspecified, Line]
[pin_to_pin]: Pins of type Unspecified and Unspecified are connected
    ; warning
    @(195.58 mm, 80.01 mm): Symbol Q7 Pin 5 [D, Unspecified, Line]
    @(195.58 mm, 77.47 mm): Symbol Q7 Pin 6 [D, Unspecified, Line]
[pin_to_pin]: Pins of type Unspecified and Input are connected
    ; warning
    @(210.82 mm, 101.60 mm): Symbol C61 Pin 1 [1, Unspecified, Line]
    @(154.94 mm, 97.79 mm): Symbol U31 Pin 2 [GND, Input, Line]

***** Sheet /Battery BMS Interface/
[pin_not_driven]: Input pin not driven by any Output pins
    ; error
    @(78.74 mm, 60.96 mm): Symbol C108 Pin 2 [2, Input, Line]
[pin_not_driven]: Input pin not driven by any Output pins
    ; error
    @(78.74 mm, 68.58 mm): Symbol C108 Pin 1 [1, Input, Line]
[pin_not_driven]: Input pin not driven by any Output pins
    ; error
    @(78.74 mm, 85.09 mm): Symbol C109 Pin 1 [1, Input, Line]
[pin_not_driven]: Input pin not driven by any Output pins
    ; error
    @(99.06 mm, 124.46 mm): Symbol C110 Pin 2 [2, Input, Line]
[pin_not_connected]: Pin not connected
    ; error
    @(236.22 mm, 90.17 mm): Symbol U58 Pin 38 [FUSE, Unspecified, Line]
[pin_not_connected]: Pin not connected
    ; error
    @(236.22 mm, 105.41 mm): Symbol U58 Pin 32 [DDSG, Unspecified, Line]
[pin_not_connected]: Pin not connected
    ; error
    @(236.22 mm, 107.95 mm): Symbol U58 Pin 31 [DCHG, Unspecified, Line]
[pin_not_connected]: Pin not connected
    ; error
    @(236.22 mm, 110.49 mm): Symbol U58 Pin 30 [DFETOFF, Unspecified, Line]
[pin_not_connected]: Pin not connected
    ; error
    @(236.22 mm, 113.03 mm): Symbol U58 Pin 29 [CFETOFF, Unspecified, Line]
[pin_not_connected]: Pin not connected
    ; error
    @(236.22 mm, 115.57 mm): Symbol U58 Pin 28 [HDQ, Unspecified, Line]
[pin_not_driven]: Input pin not driven by any Output pins
    ; error
    @(297.18 mm, 109.22 mm): Symbol R152 Pin 2 [2, Input, Line]
[pin_to_pin]: Pins of type Unspecified and Passive are connected
    ; warning
    @(57.15 mm, 55.88 mm): Symbol R140 Pin 1 [1, Unspecified, Line]
    @(198.12 mm, 44.45 mm): Symbol U57 Pin 2 [B, Passive, Line]
[pin_to_pin]: Pins of type Unspecified and Input are connected
    ; warning
    @(67.31 mm, 55.88 mm): Symbol R140 Pin 2 [2, Unspecified, Line]
    @(78.74 mm, 60.96 mm): Symbol C108 Pin 2 [2, Input, Line]
[pin_to_pin]: Pins of type Unspecified and Input are connected
    ; warning
    @(67.31 mm, 73.66 mm): Symbol R141 Pin 2 [2, Unspecified, Line]
    @(78.74 mm, 77.47 mm): Symbol C109 Pin 2 [2, Input, Line]
[pin_to_pin]: Pins of type Unspecified and Input are connected
    ; warning
    @(67.31 mm, 90.17 mm): Symbol R142 Pin 2 [2, Unspecified, Line]
    @(78.74 mm, 85.09 mm): Symbol C109 Pin 1 [1, Input, Line]
[pin_to_pin]: Pins of type Unspecified and Passive are connected
    ; warning
    @(57.15 mm, 102.87 mm): Symbol R143 Pin 1 [1, Unspecified, Line]
    @(86.36 mm, 87.63 mm): Symbol NT1 Pin 2 [2, Passive, Line]
[pin_to_pin]: Pins of type Unspecified and Input are connected
    ; warning
    @(67.31 mm, 102.87 mm): Symbol R143 Pin 2 [2, Unspecified, Line]
    @(60.96 mm, 123.19 mm): Symbol D25 Pin 1 [K, Input, Line]
[pin_to_pin]: Pins of type Unspecified and Input are connected
    ; warning
    @(78.74 mm, 123.19 mm): Symbol D26 Pin 1 [1, Unspecified, Line]
    @(60.96 mm, 123.19 mm): Symbol D25 Pin 1 [K, Input, Line]
[pin_to_pin]: Pins of type Unspecified and Input are connected
    ; warning
    @(78.74 mm, 133.35 mm): Symbol D26 Pin 2 [2, Unspecified, Line]
    @(60.96 mm, 133.35 mm): Symbol D25 Pin 2 [A, Input, Line]
[pin_to_pin]: Pins of type Unspecified and Unspecified are connected
    ; warning
    @(205.74 mm, 67.31 mm): Symbol U58 Pin 2 [VC9, Unspecified, Line]
    @(205.74 mm, 72.39 mm): Symbol U58 Pin 4 [VC8, Unspecified, Line]
[pin_to_pin]: Pins of type Unspecified and Unspecified are connected
    ; warning
    @(205.74 mm, 72.39 mm): Symbol U58 Pin 4 [VC8, Unspecified, Line]
    @(205.74 mm, 77.47 mm): Symbol U58 Pin 6 [VC7, Unspecified, Line]
[pin_to_pin]: Pins of type Unspecified and Unspecified are connected
    ; warning
    @(205.74 mm, 77.47 mm): Symbol U58 Pin 6 [VC7, Unspecified, Line]
    @(205.74 mm, 82.55 mm): Symbol U58 Pin 8 [VC6, Unspecified, Line]
[pin_to_pin]: Pins of type Unspecified and Unspecified are connected
    ; warning
    @(205.74 mm, 82.55 mm): Symbol U58 Pin 8 [VC6, Unspecified, Line]
    @(205.74 mm, 87.63 mm): Symbol U58 Pin 10 [VC5, Unspecified, Line]
[pin_to_pin]: Pins of type Unspecified and Unspecified are connected
    ; warning
    @(205.74 mm, 87.63 mm): Symbol U58 Pin 10 [VC5, Unspecified, Line]
    @(205.74 mm, 92.71 mm): Symbol U58 Pin 12 [VC4, Unspecified, Line]
[pin_to_pin]: Pins of type Unspecified and Unspecified are connected
    ; warning
    @(205.74 mm, 92.71 mm): Symbol U58 Pin 12 [VC4, Unspecified, Line]
    @(205.74 mm, 95.25 mm): Symbol U58 Pin 13 [VC3, Unspecified, Line]
[pin_to_pin]: Pins of type Unspecified and Unspecified are connected
    ; warning
    @(205.74 mm, 95.25 mm): Symbol U58 Pin 13 [VC3, Unspecified, Line]
    @(205.74 mm, 97.79 mm): Symbol U58 Pin 14 [VC2, Unspecified, Line]
[pin_to_pin]: Pins of type Unspecified and Input are connected
    ; warning
    @(205.74 mm, 97.79 mm): Symbol U58 Pin 14 [VC2, Unspecified, Line]
    @(78.74 mm, 77.47 mm): Symbol C109 Pin 2 [2, Input, Line]
[pin_to_pin]: Pins of type Unspecified and Input are connected
    ; warning
    @(205.74 mm, 100.33 mm): Symbol U58 Pin 15 [VC1, Unspecified, Line]
    @(111.76 mm, 92.71 mm): Symbol C111 Pin 2 [2, Input, Line]
[pin_to_pin]: Pins of type Unspecified and Input are connected
    ; warning
    @(205.74 mm, 102.87 mm): Symbol U58 Pin 16 [VC0, Unspecified, Line]
    @(99.06 mm, 124.46 mm): Symbol C110 Pin 2 [2, Input, Line]
[pin_to_pin]: Pins of type Unspecified and Unspecified are connected
    ; warning
    @(205.74 mm, 105.41 mm): Symbol U58 Pin 17 [VSS, Unspecified, Line]
    @(236.22 mm, 95.25 mm): Symbol U58 Pin 36 [REGIN, Unspecified, Line]
[pin_to_pin]: Pins of type Unspecified and Unspecified are connected
    ; warning
    @(205.74 mm, 123.19 mm): Symbol U58 Pin 24 [REG18, Unspecified, Line]
    @(78.74 mm, 83.82 mm): Symbol U61 Pin 3 [EM, Unspecified, Line]
[pin_to_pin]: Pins of type Unspecified and Input are connected
    ; warning
    @(236.22 mm, 64.77 mm): Symbol U58 Pin 48 [VC10, Unspecified, Line]
    @(78.74 mm, 60.96 mm): Symbol C108 Pin 2 [2, Input, Line]
[pin_to_pin]: Pins of type Unspecified and Input are connected
    ; warning
    @(236.22 mm, 72.39 mm): Symbol U58 Pin 45 [CHG, Unspecified, Line]
    @(83.82 mm, 119.38 mm): Symbol R158 Pin 1 [1, Input, Line]
[pin_to_pin]: Pins of type Unspecified and Input are connected
    ; warning
    @(236.22 mm, 77.47 mm): Symbol U58 Pin 43 [DSG, Unspecified, Line]
    @(97.79 mm, 92.71 mm): Symbol R160 Pin 1 [1, Input, Line]
[pin_to_pin]: Pins of type Unspecified and Input are connected
    ; warning
    @(236.22 mm, 85.09 mm): Symbol U58 Pin 40 [PCHG, Unspecified, Line]
    @(129.54 mm, 204.47 mm): Symbol R169 Pin 1 [1, Input, Line]
[pin_to_pin]: Pins of type Unspecified and Input are connected
    ; warning
    @(236.22 mm, 92.71 mm): Symbol U58 Pin 37 [BREG, Unspecified, Line]
    @(302.26 mm, 59.69 mm): Symbol C116 Pin 2 [2, Input, Line]
[pin_to_pin]: Pins of type Unspecified and Unspecified are connected
    ; warning
    @(236.22 mm, 95.25 mm): Symbol U58 Pin 36 [REGIN, Unspecified, Line]
    @(236.22 mm, 92.71 mm): Symbol U58 Pin 37 [BREG, Unspecified, Line]
[pin_to_pin]: Pins of type Unspecified and Input are connected
    ; warning
    @(236.22 mm, 102.87 mm): Symbol U58 Pin 33 [RST_SHUT, Unspecified, Line]
    @(650.24 mm, 378.46 mm): Symbol R20 Pin 1 [1, Input, Line]
[pin_to_pin]: Pins of type Unspecified and Passive are connected
    ; warning
    @(236.22 mm, 118.11 mm): Symbol U58 Pin 27 [SDA, Unspecified, Line]
    @(725.17 mm, 447.04 mm): Symbol U64 Pin 1 [A, Passive, Line]
[pin_to_pin]: Pins of type Unspecified and Passive are connected
    ; warning
    @(236.22 mm, 120.65 mm): Symbol U58 Pin 26 [SCL, Unspecified, Line]
    @(725.17 mm, 449.58 mm): Symbol U65 Pin 1 [A, Passive, Line]
[pin_to_pin]: Pins of type Unspecified and Input are connected
    ; warning
    @(236.22 mm, 123.19 mm): Symbol U58 Pin 25 [ALERT, Unspecified, Line]
    @(297.18 mm, 119.38 mm): Symbol R152 Pin 1 [1, Input, Line]
[pin_to_pin]: Pins of type Unspecified and Unspecified are connected
    ; warning
    @(270.51 mm, 106.68 mm): Symbol R149 Pin 1 [1, Unspecified, Line]
    @(236.22 mm, 102.87 mm): Symbol U58 Pin 33 [RST_SHUT, Unspecified, Line]
[pin_to_pin]: Pins of type Unspecified and Input are connected
    ; warning
    @(289.56 mm, 59.69 mm): Symbol C115 Pin 1 [1, Unspecified, Line]
    @(302.26 mm, 59.69 mm): Symbol C116 Pin 2 [2, Input, Line]
[pin_to_pin]: Pins of type Unspecified and Unspecified are connected
    ; warning
    @(280.67 mm, 97.79 mm): Symbol R148 Pin 2 [2, Unspecified, Line]
    @(280.67 mm, 106.68 mm): Symbol R149 Pin 2 [2, Unspecified, Line]
[pin_to_pin]: Pins of type Unspecified and Unspecified are connected
    ; warning
    @(280.67 mm, 106.68 mm): Symbol R149 Pin 2 [2, Unspecified, Line]
    @(236.22 mm, 95.25 mm): Symbol U58 Pin 36 [REGIN, Unspecified, Line]

***** Sheet /CUR2/
[pin_not_connected]: Pin not connected
    ; error
    @(154.94 mm, 93.98 mm): Symbol CUR_2 Pin 15 [IN+2, Unspecified, Line]
[pin_not_connected]: Pin not connected
    ; error
    @(157.48 mm, 93.98 mm): Symbol CUR_2 Pin 14 [IN-2, Unspecified, Line]
[pin_to_pin]: Pins of type Unspecified and Unspecified are connected
    ; warning
    @(46.99 mm, 121.92 mm): Symbol C100 Pin 2 [2, Unspecified, Line]
    @(63.50 mm, 121.92 mm): Symbol C101 Pin 2 [2, Unspecified, Line]
[pin_to_pin]: Pins of type Unspecified and Power input are connected
    ; warning
    @(63.50 mm, 121.92 mm): Symbol C101 Pin 2 [2, Unspecified, Line]
    @(46.99 mm, 95.25 mm): Symbol #PWR0157 Pin 1 [Power input, Line]
[pin_to_pin]: Pins of type Unspecified and Unspecified are connected
    ; warning
    @(46.99 mm, 132.08 mm): Symbol C100 Pin 1 [1, Unspecified, Line]
    @(63.50 mm, 132.08 mm): Symbol C101 Pin 1 [1, Unspecified, Line]
[pin_to_pin]: Pins of type Unspecified and Power input are connected
    ; warning
    @(63.50 mm, 132.08 mm): Symbol C101 Pin 1 [1, Unspecified, Line]
    @(63.50 mm, 142.24 mm): Symbol #PWR0156 Pin 1 [Power input, Line]
[pin_to_pin]: Pins of type Unspecified and Power input are connected
    ; warning
    @(133.35 mm, 114.30 mm): Symbol CUR_2 Pin 3 [GND, Unspecified, Line]
    @(63.50 mm, 142.24 mm): Symbol #PWR0156 Pin 1 [Power input, Line]
[pin_to_pin]: Pins of type Unspecified and Input are connected
    ; warning
    @(133.35 mm, 116.84 mm): Symbol CUR_2 Pin 4 [VS, Unspecified, Line]
    @(137.16 mm, 138.43 mm): Symbol R132 Pin 2 [2, Input, Line]
[pin_to_pin]: Pins of type Unspecified and Input are connected
    ; warning
    @(152.40 mm, 93.98 mm): Symbol CUR_2 Pin 16 [VPU, Unspecified, Line]
    @(137.16 mm, 138.43 mm): Symbol R132 Pin 2 [2, Input, Line]
[pin_to_pin]: Pins of type Unspecified and Input are connected
    ; warning
    @(160.02 mm, 93.98 mm): Symbol CUR_2 Pin 13 [TC, Unspecified, Line]
    @(189.23 mm, 73.66 mm): Symbol RN2 Pin 4 [4, Input, Line]
[pin_to_pin]: Pins of type Unspecified and Unspecified are connected
    ; warning
    @(154.94 mm, 132.08 mm): Symbol CUR_2 Pin 6 [SCL, Unspecified, Line]
    @(157.48 mm, 132.08 mm): Symbol CUR_2 Pin 7 [SDA, Unspecified, Line]
[pin_to_pin]: Pins of type Unspecified and Passive are connected
    ; warning
    @(157.48 mm, 132.08 mm): Symbol CUR_2 Pin 7 [SDA, Unspecified, Line]
    @(725.17 mm, 447.04 mm): Symbol U64 Pin 1 [A, Passive, Line]
[pin_to_pin]: Pins of type Unspecified and Input are connected
    ; warning
    @(160.02 mm, 132.08 mm): Symbol CUR_2 Pin 8 [WARNING, Unspecified, Line]
    @(186.69 mm, 73.66 mm): Symbol RN2 Pin 3 [3, Input, Line]
[pin_to_pin]: Pins of type Unspecified and Input are connected
    ; warning
    @(179.07 mm, 114.30 mm): Symbol CUR_2 Pin 10 [PV, Unspecified, Line]
    @(181.61 mm, 73.66 mm): Symbol RN2 Pin 1 [1, Input, Line]
[pin_to_pin]: Pins of type Unspecified and Input are connected
    ; warning
    @(179.07 mm, 116.84 mm): Symbol CUR_2 Pin 9 [CRITICAL, Unspecified, Line]
    @(184.15 mm, 73.66 mm): Symbol RN2 Pin 2 [2, Input, Line]

***** Sheet /TPS16630RGER_CHARGING_EFUSE/
[pin_not_driven]: Input pin not driven by any Output pins
    ; error
    @(218.44 mm, 135.89 mm): Symbol R104 Pin 2 [2, Input, Line]
[pin_to_pin]: Pins of type Unspecified and Unspecified are connected
    ; warning
    @(85.09 mm, 63.50 mm): Symbol C71 Pin 2 [2, Unspecified, Line]
    @(114.30 mm, 50.80 mm): Symbol R99 Pin 2 [2, Unspecified, Line]
[pin_to_pin]: Pins of type Unspecified and Input are connected
    ; warning
    @(85.09 mm, 73.66 mm): Symbol C71 Pin 1 [1, Unspecified, Line]
    @(114.30 mm, 86.36 mm): Symbol R101 Pin 1 [1, Input, Line]
[pin_to_pin]: Pins of type Unspecified and Unspecified are connected
    ; warning
    @(114.30 mm, 50.80 mm): Symbol R99 Pin 2 [2, Unspecified, Line]
    @(163.83 mm, 80.01 mm): Symbol U37 Pin 1 [IN, Unspecified, Line]
[pin_to_pin]: Pins of type Unspecified and Power input are connected
    ; warning
    @(120.65 mm, 118.11 mm): Symbol R102 Pin 1 [1, Unspecified, Line]
    @(118.11 mm, 116.84 mm): Symbol #PWR0108 Pin 1 [Power input, Line]
[pin_to_pin]: Pins of type Unspecified and Passive are connected
    ; warning
    @(73.66 mm, 153.67 mm): Symbol R98 Pin 1 [1, Unspecified, Line]
    @(66.04 mm, 153.67 mm): Symbol U35 Pin 1 [A, Passive, Line]
[pin_to_pin]: Pins of type Unspecified and Unspecified are connected
    ; warning
    @(130.81 mm, 118.11 mm): Symbol R102 Pin 2 [2, Unspecified, Line]
    @(163.83 mm, 107.95 mm): Symbol U37 Pin 12 [SHDN#, Unspecified, Line]
[pin_to_pin]: Pins of type Unspecified and Unspecified are connected
    ; warning
    @(163.83 mm, 80.01 mm): Symbol U37 Pin 1 [IN, Unspecified, Line]
    @(163.83 mm, 82.55 mm): Symbol U37 Pin 2 [IN, Unspecified, Line]
[pin_to_pin]: Pins of type Unspecified and Unspecified are connected
    ; warning
    @(163.83 mm, 82.55 mm): Symbol U37 Pin 2 [IN, Unspecified, Line]
    @(163.83 mm, 90.17 mm): Symbol U37 Pin 5 [P_IN, Unspecified, Line]
[pin_to_pin]: Pins of type Unspecified and Input are connected
    ; warning
    @(163.83 mm, 90.17 mm): Symbol U37 Pin 5 [P_IN, Unspecified, Line]
    @(175.26 mm, 95.25 mm): Symbol U31 Pin 6 [OUT, Input, Line]
[pin_to_pin]: Pins of type Unspecified and Unspecified are connected
    ; warning
    @(163.83 mm, 97.79 mm): Symbol U37 Pin 8 [GND, Unspecified, Line]
    @(186.69 mm, 77.47 mm): Symbol U37 Pin 25 [EP, Unspecified, Line]
[pin_to_pin]: Pins of type Unspecified and Passive are connected
    ; warning
    @(147.32 mm, 129.54 mm): Symbol C72 Pin 1 [1, Unspecified, Line]
    @(160.02 mm, 129.54 mm): Symbol U36 Pin 1 [A, Passive, Line]
[pin_to_pin]: Pins of type Unspecified and Input are connected
    ; warning
    @(163.83 mm, 107.95 mm): Symbol U37 Pin 12 [SHDN#, Unspecified, Line]
    @(706.12 mm, 398.78 mm): Symbol R38 Pin 2 [2, Input, Line]
[pin_to_pin]: Pins of type Unspecified and Passive are connected
    ; warning
    @(186.69 mm, 77.47 mm): Symbol U37 Pin 25 [EP, Unspecified, Line]
    @(160.02 mm, 129.54 mm): Symbol U36 Pin 1 [A, Passive, Line]
[pin_to_pin]: Pins of type Unspecified and Input are connected
    ; warning
    @(186.69 mm, 95.25 mm): Symbol U37 Pin 18 [OUT, Unspecified, Line]
    @(175.26 mm, 100.33 mm): Symbol U31 Pin 4 [IN, Input, Line]
[pin_to_pin]: Pins of type Unspecified and Unspecified are connected
    ; warning
    @(186.69 mm, 97.79 mm): Symbol U37 Pin 17 [OUT, Unspecified, Line]
    @(186.69 mm, 95.25 mm): Symbol U37 Pin 18 [OUT, Unspecified, Line]
[pin_to_pin]: Pins of type Unspecified and Input are connected
    ; warning
    @(186.69 mm, 105.41 mm): Symbol U37 Pin 14 [FLT#, Unspecified, Line]
    @(651.51 mm, 476.25 mm): Symbol R204 Pin 1 [1, Input, Line]
[pin_to_pin]: Pins of type Unspecified and Input are connected
    ; warning
    @(186.69 mm, 107.95 mm): Symbol U37 Pin 13 [IMON, Unspecified, Line]
    @(218.44 mm, 135.89 mm): Symbol R104 Pin 2 [2, Input, Line]
[pin_to_pin]: Pins of type Unspecified and Power input are connected
    ; warning
    @(218.44 mm, 118.11 mm): Symbol R103 Pin 2 [2, Unspecified, Line]
    @(218.44 mm, 116.84 mm): Symbol #PWR0109 Pin 1 [Power input, Line]
[pin_to_pin]: Pins of type Unspecified and Unspecified are connected
    ; warning
    @(218.44 mm, 128.27 mm): Symbol R103 Pin 1 [1, Unspecified, Line]
    @(186.69 mm, 105.41 mm): Symbol U37 Pin 14 [FLT#, Unspecified, Line]

***** Sheet /CUR1/
[pin_not_connected]: Pin not connected
    ; error
    @(154.94 mm, 93.98 mm): Symbol CUR_2 Pin 15 [IN+2, Unspecified, Line]
[pin_not_connected]: Pin not connected
    ; error
    @(157.48 mm, 93.98 mm): Symbol CUR_2 Pin 14 [IN-2, Unspecified, Line]
[pin_to_pin]: Pins of type Unspecified and Unspecified are connected
    ; warning
    @(46.99 mm, 121.92 mm): Symbol C100 Pin 2 [2, Unspecified, Line]
    @(63.50 mm, 121.92 mm): Symbol C101 Pin 2 [2, Unspecified, Line]
[pin_to_pin]: Pins of type Unspecified and Power input are connected
    ; warning
    @(63.50 mm, 121.92 mm): Symbol C101 Pin 2 [2, Unspecified, Line]
    @(46.99 mm, 95.25 mm): Symbol #PWR0157 Pin 1 [Power input, Line]
[pin_to_pin]: Pins of type Unspecified and Unspecified are connected
    ; warning
    @(46.99 mm, 132.08 mm): Symbol C100 Pin 1 [1, Unspecified, Line]
    @(63.50 mm, 132.08 mm): Symbol C101 Pin 1 [1, Unspecified, Line]
[pin_to_pin]: Pins of type Unspecified and Power input are connected
    ; warning
    @(63.50 mm, 132.08 mm): Symbol C101 Pin 1 [1, Unspecified, Line]
    @(63.50 mm, 142.24 mm): Symbol #PWR0156 Pin 1 [Power input, Line]
[pin_to_pin]: Pins of type Unspecified and Input are connected
    ; warning
    @(133.35 mm, 114.30 mm): Symbol CUR_2 Pin 3 [GND, Unspecified, Line]
    @(137.16 mm, 138.43 mm): Symbol R132 Pin 2 [2, Input, Line]
[pin_to_pin]: Pins of type Unspecified and Unspecified are connected
    ; warning
    @(133.35 mm, 116.84 mm): Symbol CUR_2 Pin 4 [VS, Unspecified, Line]
    @(152.40 mm, 93.98 mm): Symbol CUR_2 Pin 16 [VPU, Unspecified, Line]
[pin_to_pin]: Pins of type Unspecified and Input are connected
    ; warning
    @(152.40 mm, 93.98 mm): Symbol CUR_2 Pin 16 [VPU, Unspecified, Line]
    @(181.61 mm, 55.88 mm): Symbol RN2 Pin 8 [8, Input, Line]
[pin_to_pin]: Pins of type Unspecified and Input are connected
    ; warning
    @(160.02 mm, 93.98 mm): Symbol CUR_2 Pin 13 [TC, Unspecified, Line]
    @(189.23 mm, 73.66 mm): Symbol RN2 Pin 4 [4, Input, Line]
[pin_to_pin]: Pins of type Unspecified and Unspecified are connected
    ; warning
    @(154.94 mm, 132.08 mm): Symbol CUR_2 Pin 6 [SCL, Unspecified, Line]
    @(157.48 mm, 132.08 mm): Symbol CUR_2 Pin 7 [SDA, Unspecified, Line]
[pin_to_pin]: Pins of type Unspecified and Passive are connected
    ; warning
    @(157.48 mm, 132.08 mm): Symbol CUR_2 Pin 7 [SDA, Unspecified, Line]
    @(725.17 mm, 447.04 mm): Symbol U64 Pin 1 [A, Passive, Line]
[pin_to_pin]: Pins of type Unspecified and Input are connected
    ; warning
    @(160.02 mm, 132.08 mm): Symbol CUR_2 Pin 8 [WARNING, Unspecified, Line]
    @(186.69 mm, 73.66 mm): Symbol RN2 Pin 3 [3, Input, Line]
[pin_to_pin]: Pins of type Unspecified and Input are connected
    ; warning
    @(179.07 mm, 114.30 mm): Symbol CUR_2 Pin 10 [PV, Unspecified, Line]
    @(181.61 mm, 73.66 mm): Symbol RN2 Pin 1 [1, Input, Line]
[pin_to_pin]: Pins of type Unspecified and Input are connected
    ; warning
    @(179.07 mm, 116.84 mm): Symbol CUR_2 Pin 9 [CRITICAL, Unspecified, Line]
    @(184.15 mm, 73.66 mm): Symbol RN2 Pin 2 [2, Input, Line]

***** Sheet /JST-VH-12V-PIN/
[pin_to_pin]: Pins of type Unspecified and Input are connected
    ; warning
    @(102.87 mm, 95.25 mm): Symbol U22 Pin 2 [2, Unspecified, Line]
    @(152.40 mm, 91.44 mm): Symbol D16 Pin 1 [K, Input, Line]
[pin_to_pin]: Pins of type Unspecified and Power input are connected
    ; warning
    @(102.87 mm, 97.79 mm): Symbol U22 Pin 1 [1, Unspecified, Line]
    @(139.70 mm, 106.68 mm): Symbol #PWR0165 Pin 1 [Power input, Line]
[pin_to_pin]: Pins of type Unspecified and Unspecified are connected
    ; warning
    @(128.27 mm, 91.44 mm): Symbol C41 Pin 2 [2, Unspecified, Line]
    @(139.70 mm, 91.44 mm): Symbol C42 Pin 2 [2, Unspecified, Line]
[pin_to_pin]: Pins of type Unspecified and Unspecified are connected
    ; warning
    @(128.27 mm, 101.60 mm): Symbol C41 Pin 1 [1, Unspecified, Line]
    @(139.70 mm, 101.60 mm): Symbol C42 Pin 1 [1, Unspecified, Line]
[pin_to_pin]: Pins of type Unspecified and Input are connected
    ; warning
    @(139.70 mm, 91.44 mm): Symbol C42 Pin 2 [2, Unspecified, Line]
    @(152.40 mm, 91.44 mm): Symbol D16 Pin 1 [K, Input, Line]
[pin_to_pin]: Pins of type Unspecified and Power input are connected
    ; warning
    @(139.70 mm, 101.60 mm): Symbol C42 Pin 1 [1, Unspecified, Line]
    @(139.70 mm, 106.68 mm): Symbol #PWR0165 Pin 1 [Power input, Line]
[pin_to_pin]: Pins of type Unspecified and Input are connected
    ; warning
    @(154.94 mm, 91.44 mm): Symbol R72 Pin 2 [2, Unspecified, Line]
    @(152.40 mm, 91.44 mm): Symbol D16 Pin 1 [K, Input, Line]
[pin_to_pin]: Pins of type Unspecified and Unspecified are connected
    ; warning
    @(165.10 mm, 91.44 mm): Symbol R72 Pin 1 [1, Unspecified, Line]
    @(271.78 mm, 53.34 mm): Symbol U50 Pin 2 [VDD, Unspecified, Line]

***** Sheet /Battery Power Path/
[pin_not_driven]: Input pin not driven by any Output pins
    ; error
    @(97.79 mm, 92.71 mm): Symbol R160 Pin 1 [1, Input, Line]
[pin_not_driven]: Input pin not driven by any Output pins
    ; error
    @(83.82 mm, 119.38 mm): Symbol R158 Pin 1 [1, Input, Line]
[pin_not_connected]: Pin not connected
    ; error
    @(157.455 mm, 92.71 mm): Symbol D33 Pin 1 [1, Unspecified, Line]
[pin_not_driven]: Input pin not driven by any Output pins
    ; error
    @(168.91 mm, 119.38 mm): Symbol D34 Pin 1 [C, Input, Line]
[pin_not_driven]: Input pin not driven by any Output pins
    ; error
    @(129.54 mm, 204.47 mm): Symbol R169 Pin 1 [1, Input, Line]
[power_pin_not_driven]: Input Power pin not driven by any Output Power pins
    ; error
    @(113.03 mm, 214.63 mm): Symbol #PWR0159 Pin 1 [Power input, Line]
[pin_to_pin]: Pins of type Unspecified and Power input are connected
    ; warning
    @(116.84 mm, 106.68 mm): Symbol D31 Pin 2 [2, Unspecified, Line]
    @(113.03 mm, 214.63 mm): Symbol #PWR0159 Pin 1 [Power input, Line]
[pin_to_pin]: Pins of type Unspecified and Input are connected
    ; warning
    @(96.52 mm, 138.43 mm): Symbol C117 Pin 2 [2, Unspecified, Line]
    @(96.52 mm, 130.81 mm): Symbol D29 Pin 2 [A, Input, Line]
[pin_to_pin]: Pins of type Unspecified and Input are connected
    ; warning
    @(118.11 mm, 133.35 mm): Symbol Q13 Pin 2 [S, Unspecified, Line]
    @(107.95 mm, 130.81 mm): Symbol R161 Pin 1 [1, Input, Line]
[pin_to_pin]: Pins of type Unspecified and Unspecified are connected
    ; warning
    @(128.27 mm, 133.35 mm): Symbol Q13 Pin 3 [D, Unspecified, Line]
    @(135.89 mm, 133.35 mm): Symbol Q14 Pin 3 [D, Unspecified, Line]
[pin_to_pin]: Pins of type Unspecified and Input are connected
    ; warning
    @(135.89 mm, 133.35 mm): Symbol Q14 Pin 3 [D, Unspecified, Line]
    @(130.81 mm, 218.44 mm): Symbol D32 Pin 1 [1, Input, Line]
[pin_to_pin]: Pins of type Unspecified and Unspecified are connected
    ; warning
    @(120.65 mm, 148.59 mm): Symbol C119 Pin 1 [1, Unspecified, Line]
    @(118.11 mm, 133.35 mm): Symbol Q13 Pin 2 [S, Unspecified, Line]
[pin_to_pin]: Pins of type Unspecified and Input are connected
    ; warning
    @(152.40 mm, 119.38 mm): Symbol R171 Pin 2 [2, Unspecified, Line]
    @(156.21 mm, 119.38 mm): Symbol R173 Pin 2 [2, Input, Line]
[pin_to_pin]: Pins of type Unspecified and Passive are connected
    ; warning
    @(96.52 mm, 170.18 mm): Symbol C118 Pin 1 [1, Unspecified, Line]
    @(189.23 mm, 181.61 mm): Symbol NT27 Pin 2 [2, Passive, Line]
[pin_to_pin]: Pins of type Unspecified and Input are connected
    ; warning
    @(146.05 mm, 133.35 mm): Symbol Q14 Pin 2 [S, Unspecified, Line]
    @(156.21 mm, 129.54 mm): Symbol R173 Pin 1 [1, Input, Line]
[pin_to_pin]: Pins of type Unspecified and Unspecified are connected
    ; warning
    @(143.51 mm, 148.59 mm): Symbol C120 Pin 2 [2, Unspecified, Line]
    @(146.05 mm, 133.35 mm): Symbol Q14 Pin 2 [S, Unspecified, Line]
[pin_to_pin]: Pins of type Unspecified and Unspecified are connected
    ; warning
    @(203.20 mm, 78.74 mm): Symbol D35 Pin 1 [C, Unspecified, Line]
    @(220.98 mm, 85.09 mm): Symbol Q16 Pin 2 [S, Unspecified, Line]
[pin_to_pin]: Pins of type Unspecified and Input are connected
    ; warning
    @(113.03 mm, 204.47 mm): Symbol D30 Pin 1 [C, Unspecified, Line]
    @(129.54 mm, 204.47 mm): Symbol R169 Pin 1 [1, Input, Line]
[pin_to_pin]: Pins of type Unspecified and Unspecified are connected
    ; warning
    @(220.98 mm, 85.09 mm): Symbol Q16 Pin 2 [S, Unspecified, Line]
    @(246.38 mm, 76.20 mm): Symbol R181 Pin 1 [1, Unspecified, Line]
[pin_to_pin]: Pins of type Unspecified and Power input are connected
    ; warning
    @(113.03 mm, 214.63 mm): Symbol D30 Pin 2 [A, Unspecified, Line]
    @(113.03 mm, 214.63 mm): Symbol #PWR0159 Pin 1 [Power input, Line]
[pin_to_pin]: Pins of type Unspecified and Input are connected
    ; warning
    @(220.98 mm, 111.76 mm): Symbol R180 Pin 1 [1, Unspecified, Line]
    @(168.91 mm, 129.54 mm): Symbol D34 Pin 2 [A, Input, Line]
[pin_to_pin]: Pins of type Unspecified and Input are connected
    ; warning
    @(246.38 mm, 76.20 mm): Symbol R181 Pin 1 [1, Unspecified, Line]
    @(168.91 mm, 119.38 mm): Symbol D34 Pin 1 [C, Input, Line]
[pin_to_pin]: Pins of type Unspecified and Passive are connected
    ; warning
    @(190.50 mm, 182.88 mm): Symbol R177 Pin 1 [1, Unspecified, Line]
    @(189.23 mm, 181.61 mm): Symbol NT27 Pin 2 [2, Passive, Line]
[pin_to_pin]: Pins of type Unspecified and Passive are connected
    ; warning
    @(200.66 mm, 182.88 mm): Symbol R177 Pin 2 [2, Unspecified, Line]
    @(201.93 mm, 181.61 mm): Symbol NT28 Pin 2 [2, Passive, Line]
[pin_to_pin]: Pins of type Unspecified and Input are connected
    ; warning
    @(269.24 mm, 59.69 mm): Symbol Q17 Pin 2 [S, Unspecified, Line]
    @(279.40 mm, 52.07 mm): Symbol R182 Pin 1 [1, Input, Line]
[pin_to_pin]: Pins of type Unspecified and Input are connected
    ; warning
    @(140.97 mm, 241.30 mm): Symbol Q15 Pin 3 [S, Unspecified, Line]
    @(130.81 mm, 229.87 mm): Symbol R170 Pin 1 [1, Input, Line]
[pin_to_pin]: Pins of type Unspecified and Input are connected
    ; warning
    @(170.18 mm, 238.76 mm): Symbol R174 Pin 1 [1, Unspecified, Line]
    @(168.91 mm, 129.54 mm): Symbol D34 Pin 2 [A, Input, Line]
[pin_to_pin]: Pins of type Unspecified and Unspecified are connected
    ; warning
    @(287.02 mm, 138.43 mm): Symbol C123 Pin 2 [2, Unspecified, Line]
    @(220.98 mm, 111.76 mm): Symbol R180 Pin 1 [1, Unspecified, Line]
[pin_to_pin]: Pins of type Unspecified and Input are connected
    ; warning
    @(287.02 mm, 170.18 mm): Symbol C124 Pin 1 [1, Unspecified, Line]
    @(292.10 mm, 93.98 mm): Symbol R183 Pin 2 [2, Input, Line]

***** Sheet /JST-VH-12V-PIN1/
[pin_to_pin]: Pins of type Unspecified and Input are connected
    ; warning
    @(102.87 mm, 95.25 mm): Symbol U22 Pin 2 [2, Unspecified, Line]
    @(152.40 mm, 91.44 mm): Symbol D16 Pin 1 [K, Input, Line]
[pin_to_pin]: Pins of type Unspecified and Power input are connected
    ; warning
    @(102.87 mm, 97.79 mm): Symbol U22 Pin 1 [1, Unspecified, Line]
    @(139.70 mm, 106.68 mm): Symbol #PWR0165 Pin 1 [Power input, Line]
[pin_to_pin]: Pins of type Unspecified and Unspecified are connected
    ; warning
    @(128.27 mm, 91.44 mm): Symbol C41 Pin 2 [2, Unspecified, Line]
    @(139.70 mm, 91.44 mm): Symbol C42 Pin 2 [2, Unspecified, Line]
[pin_to_pin]: Pins of type Unspecified and Unspecified are connected
    ; warning
    @(128.27 mm, 101.60 mm): Symbol C41 Pin 1 [1, Unspecified, Line]
    @(139.70 mm, 101.60 mm): Symbol C42 Pin 1 [1, Unspecified, Line]
[pin_to_pin]: Pins of type Unspecified and Input are connected
    ; warning
    @(139.70 mm, 91.44 mm): Symbol C42 Pin 2 [2, Unspecified, Line]
    @(152.40 mm, 91.44 mm): Symbol D16 Pin 1 [K, Input, Line]
[pin_to_pin]: Pins of type Unspecified and Power input are connected
    ; warning
    @(139.70 mm, 101.60 mm): Symbol C42 Pin 1 [1, Unspecified, Line]
    @(139.70 mm, 106.68 mm): Symbol #PWR0165 Pin 1 [Power input, Line]
[pin_to_pin]: Pins of type Unspecified and Input are connected
    ; warning
    @(154.94 mm, 91.44 mm): Symbol R72 Pin 2 [2, Unspecified, Line]
    @(152.40 mm, 91.44 mm): Symbol D16 Pin 1 [K, Input, Line]
[pin_to_pin]: Pins of type Unspecified and Unspecified are connected
    ; warning
    @(165.10 mm, 91.44 mm): Symbol R72 Pin 1 [1, Unspecified, Line]
    @(271.78 mm, 53.34 mm): Symbol U50 Pin 2 [VDD, Unspecified, Line]

***** Sheet /JST-VH-12V-PIN2/
[pin_to_pin]: Pins of type Unspecified and Input are connected
    ; warning
    @(102.87 mm, 95.25 mm): Symbol U22 Pin 2 [2, Unspecified, Line]
    @(152.40 mm, 91.44 mm): Symbol D16 Pin 1 [K, Input, Line]
[pin_to_pin]: Pins of type Unspecified and Power input are connected
    ; warning
    @(102.87 mm, 97.79 mm): Symbol U22 Pin 1 [1, Unspecified, Line]
    @(139.70 mm, 106.68 mm): Symbol #PWR0165 Pin 1 [Power input, Line]
[pin_to_pin]: Pins of type Unspecified and Unspecified are connected
    ; warning
    @(128.27 mm, 91.44 mm): Symbol C41 Pin 2 [2, Unspecified, Line]
    @(139.70 mm, 91.44 mm): Symbol C42 Pin 2 [2, Unspecified, Line]
[pin_to_pin]: Pins of type Unspecified and Unspecified are connected
    ; warning
    @(128.27 mm, 101.60 mm): Symbol C41 Pin 1 [1, Unspecified, Line]
    @(139.70 mm, 101.60 mm): Symbol C42 Pin 1 [1, Unspecified, Line]
[pin_to_pin]: Pins of type Unspecified and Input are connected
    ; warning
    @(139.70 mm, 91.44 mm): Symbol C42 Pin 2 [2, Unspecified, Line]
    @(152.40 mm, 91.44 mm): Symbol D16 Pin 1 [K, Input, Line]
[pin_to_pin]: Pins of type Unspecified and Power input are connected
    ; warning
    @(139.70 mm, 101.60 mm): Symbol C42 Pin 1 [1, Unspecified, Line]
    @(139.70 mm, 106.68 mm): Symbol #PWR0165 Pin 1 [Power input, Line]
[pin_to_pin]: Pins of type Unspecified and Input are connected
    ; warning
    @(154.94 mm, 91.44 mm): Symbol R72 Pin 2 [2, Unspecified, Line]
    @(152.40 mm, 91.44 mm): Symbol D16 Pin 1 [K, Input, Line]
[multiple_net_names]: Both 12V and OUT+ are attached to the same items; 12V will be used in the netlist
    ; warning
    @(177.80 mm, 83.82 mm): Hierarchical Label '12V'
    @(167.64 mm, 71.12 mm): Hierarchical Label 'OUT+'
[pin_to_pin]: Pins of type Unspecified and Unspecified are connected
    ; warning
    @(165.10 mm, 91.44 mm): Symbol R72 Pin 1 [1, Unspecified, Line]
    @(271.78 mm, 53.34 mm): Symbol U50 Pin 2 [VDD, Unspecified, Line]

***** Sheet /Ideal_Diode_OR_CHARGING_PORT/
[pin_not_driven]: Input pin not driven by any Output pins
    ; error
    @(154.94 mm, 100.33 mm): Symbol U31 Pin 3 [OFF, Input, Line]
[pin_to_pin]: Pins of type Unspecified and Input are connected
    ; warning
    @(135.89 mm, 81.28 mm): Symbol C60 Pin 2 [2, Unspecified, Line]
    @(119.38 mm, 82.55 mm): Symbol D20 Pin 1 [K, Input, Line]
[pin_to_pin]: Pins of type Unspecified and Input are connected
    ; warning
    @(135.89 mm, 91.44 mm): Symbol C60 Pin 1 [1, Unspecified, Line]
    @(119.38 mm, 92.71 mm): Symbol D20 Pin 2 [A, Input, Line]
[pin_to_pin]: Pins of type Unspecified and Input are connected
    ; warning
    @(148.59 mm, 104.14 mm): Symbol CN10 Pin 1 [1, Unspecified, Line]
    @(154.94 mm, 100.33 mm): Symbol U31 Pin 3 [OFF, Input, Line]
[pin_to_pin]: Pins of type Unspecified and Input are connected
    ; warning
    @(151.13 mm, 118.11 mm): Symbol R85 Pin 2 [2, Unspecified, Line]
    @(154.94 mm, 100.33 mm): Symbol U31 Pin 3 [OFF, Input, Line]
[pin_to_pin]: Pins of type Unspecified and Unspecified are connected
    ; warning
    @(180.34 mm, 72.39 mm): Symbol Q7 Pin 1 [S, Unspecified, Line]
    @(180.34 mm, 74.93 mm): Symbol Q7 Pin 2 [S, Unspecified, Line]
[pin_to_pin]: Pins of type Unspecified and Unspecified are connected
    ; warning
    @(180.34 mm, 74.93 mm): Symbol Q7 Pin 2 [S, Unspecified, Line]
    @(180.34 mm, 77.47 mm): Symbol Q7 Pin 3 [S, Unspecified, Line]
[pin_to_pin]: Pins of type Unspecified and Input are connected
    ; warning
    @(180.34 mm, 77.47 mm): Symbol Q7 Pin 3 [S, Unspecified, Line]
    @(175.26 mm, 100.33 mm): Symbol U31 Pin 4 [IN, Input, Line]
[pin_to_pin]: Pins of type Unspecified and Power input are connected
    ; warning
    @(151.13 mm, 128.27 mm): Symbol R85 Pin 1 [1, Unspecified, Line]
    @(151.13 mm, 129.54 mm): Symbol #PWR0178 Pin 1 [Power input, Line]
[pin_to_pin]: Pins of type Unspecified and Input are connected
    ; warning
    @(195.58 mm, 69.85 mm): Symbol Q7 Pin 9 [D, Unspecified, Line]
    @(210.82 mm, 78.74 mm): Symbol R86 Pin 2 [2, Input, Line]
[pin_to_pin]: Pins of type Unspecified and Unspecified are connected
    ; warning
    @(195.58 mm, 72.39 mm): Symbol Q7 Pin 8 [D, Unspecified, Line]
    @(195.58 mm, 69.85 mm): Symbol Q7 Pin 9 [D, Unspecified, Line]
[pin_to_pin]: Pins of type Unspecified and Unspecified are connected
    ; warning
    @(195.58 mm, 74.93 mm): Symbol Q7 Pin 7 [D, Unspecified, Line]
    @(195.58 mm, 72.39 mm): Symbol Q7 Pin 8 [D, Unspecified, Line]
[pin_to_pin]: Pins of type Unspecified and Unspecified are connected
    ; warning
    @(195.58 mm, 77.47 mm): Symbol Q7 Pin 6 [D, Unspecified, Line]
    @(195.58 mm, 74.93 mm): Symbol Q7 Pin 7 [D, Unspecified, Line]
[pin_to_pin]: Pins of type Unspecified and Unspecified are connected
    ; warning
    @(195.58 mm, 80.01 mm): Symbol Q7 Pin 5 [D, Unspecified, Line]
    @(195.58 mm, 77.47 mm): Symbol Q7 Pin 6 [D, Unspecified, Line]
[pin_to_pin]: Pins of type Unspecified and Input are connected
    ; warning
    @(210.82 mm, 101.60 mm): Symbol C61 Pin 1 [1, Unspecified, Line]
    @(154.94 mm, 97.79 mm): Symbol U31 Pin 2 [GND, Input, Line]

***** Sheet /Ideal_Diode_OR_PACK+_VCC/
[pin_not_driven]: Input pin not driven by any Output pins
    ; error
    @(154.94 mm, 100.33 mm): Symbol U31 Pin 3 [OFF, Input, Line]
[pin_to_pin]: Pins of type Unspecified and Input are connected
    ; warning
    @(135.89 mm, 81.28 mm): Symbol C60 Pin 2 [2, Unspecified, Line]
    @(119.38 mm, 82.55 mm): Symbol D20 Pin 1 [K, Input, Line]
[pin_to_pin]: Pins of type Unspecified and Input are connected
    ; warning
    @(135.89 mm, 91.44 mm): Symbol C60 Pin 1 [1, Unspecified, Line]
    @(119.38 mm, 92.71 mm): Symbol D20 Pin 2 [A, Input, Line]
[pin_to_pin]: Pins of type Unspecified and Input are connected
    ; warning
    @(148.59 mm, 104.14 mm): Symbol CN10 Pin 1 [1, Unspecified, Line]
    @(154.94 mm, 100.33 mm): Symbol U31 Pin 3 [OFF, Input, Line]
[pin_to_pin]: Pins of type Unspecified and Input are connected
    ; warning
    @(151.13 mm, 118.11 mm): Symbol R85 Pin 2 [2, Unspecified, Line]
    @(154.94 mm, 100.33 mm): Symbol U31 Pin 3 [OFF, Input, Line]
[pin_to_pin]: Pins of type Unspecified and Unspecified are connected
    ; warning
    @(180.34 mm, 72.39 mm): Symbol Q7 Pin 1 [S, Unspecified, Line]
    @(180.34 mm, 74.93 mm): Symbol Q7 Pin 2 [S, Unspecified, Line]
[pin_to_pin]: Pins of type Unspecified and Unspecified are connected
    ; warning
    @(180.34 mm, 74.93 mm): Symbol Q7 Pin 2 [S, Unspecified, Line]
    @(180.34 mm, 77.47 mm): Symbol Q7 Pin 3 [S, Unspecified, Line]
[pin_to_pin]: Pins of type Unspecified and Input are connected
    ; warning
    @(180.34 mm, 77.47 mm): Symbol Q7 Pin 3 [S, Unspecified, Line]
    @(175.26 mm, 100.33 mm): Symbol U31 Pin 4 [IN, Input, Line]
[pin_to_pin]: Pins of type Unspecified and Power input are connected
    ; warning
    @(151.13 mm, 128.27 mm): Symbol R85 Pin 1 [1, Unspecified, Line]
    @(151.13 mm, 129.54 mm): Symbol #PWR0178 Pin 1 [Power input, Line]
[pin_to_pin]: Pins of type Unspecified and Input are connected
    ; warning
    @(195.58 mm, 69.85 mm): Symbol Q7 Pin 9 [D, Unspecified, Line]
    @(210.82 mm, 78.74 mm): Symbol R86 Pin 2 [2, Input, Line]
[pin_to_pin]: Pins of type Unspecified and Unspecified are connected
    ; warning
    @(195.58 mm, 72.39 mm): Symbol Q7 Pin 8 [D, Unspecified, Line]
    @(195.58 mm, 69.85 mm): Symbol Q7 Pin 9 [D, Unspecified, Line]
[pin_to_pin]: Pins of type Unspecified and Unspecified are connected
    ; warning
    @(195.58 mm, 74.93 mm): Symbol Q7 Pin 7 [D, Unspecified, Line]
    @(195.58 mm, 72.39 mm): Symbol Q7 Pin 8 [D, Unspecified, Line]
[pin_to_pin]: Pins of type Unspecified and Unspecified are connected
    ; warning
    @(195.58 mm, 77.47 mm): Symbol Q7 Pin 6 [D, Unspecified, Line]
    @(195.58 mm, 74.93 mm): Symbol Q7 Pin 7 [D, Unspecified, Line]
[pin_to_pin]: Pins of type Unspecified and Unspecified are connected
    ; warning
    @(195.58 mm, 80.01 mm): Symbol Q7 Pin 5 [D, Unspecified, Line]
    @(195.58 mm, 77.47 mm): Symbol Q7 Pin 6 [D, Unspecified, Line]
[pin_to_pin]: Pins of type Unspecified and Input are connected
    ; warning
    @(210.82 mm, 101.60 mm): Symbol C61 Pin 1 [1, Unspecified, Line]
    @(154.94 mm, 97.79 mm): Symbol U31 Pin 2 [GND, Input, Line]

***** Sheet /Charger Buck Stage/
[pin_not_driven]: Input pin not driven by any Output pins
    ; error
    @(31.75 mm, 21.59 mm): Symbol C19 Pin 2 [2, Input, Line]
[pin_not_driven]: Input pin not driven by any Output pins
    ; error
    @(158.75 mm, 21.59 mm): Symbol C24 Pin 2 [2, Input, Line]
[pin_not_driven]: Input pin not driven by any Output pins
    ; error
    @(111.76 mm, 167.64 mm): Symbol R48 Pin 2 [2, Input, Line]
[pin_not_driven]: Input pin not driven by any Output pins
    ; error
    @(288.29 mm, 80.01 mm): Symbol C29 Pin 1 [1, Input, Line]
[pin_to_pin]: Pins of type Unspecified and Input are connected
    ; warning
    @(43.18 mm, 21.59 mm): Symbol R43 Pin 1 [1, Unspecified, Line]
    @(31.75 mm, 21.59 mm): Symbol C19 Pin 2 [2, Input, Line]
[pin_to_pin]: Pins of type Unspecified and Input are connected
    ; warning
    @(41.91 mm, 76.20 mm): Symbol C20 Pin 2 [2, Unspecified, Line]
    @(29.21 mm, 76.20 mm): Symbol C18 Pin 2 [2, Input, Line]
[pin_to_pin]: Pins of type Unspecified and Input are connected
    ; warning
    @(41.91 mm, 86.36 mm): Symbol C20 Pin 1 [1, Unspecified, Line]
    @(29.21 mm, 86.36 mm): Symbol C18 Pin 1 [1, Input, Line]
[pin_to_pin]: Pins of type Unspecified and Input are connected
    ; warning
    @(147.32 mm, 21.59 mm): Symbol R52 Pin 1 [1, Unspecified, Line]
    @(158.75 mm, 21.59 mm): Symbol C24 Pin 2 [2, Input, Line]
[pin_to_pin]: Pins of type Unspecified and Power input are connected
    ; warning
    @(60.96 mm, 140.97 mm): Symbol R46 Pin 1 [1, Unspecified, Line]
    @(29.21 mm, 93.98 mm): Symbol #PWR065 Pin 1 [Power input, Line]
[pin_to_pin]: Pins of type Unspecified and Input are connected
    ; warning
    @(140.97 mm, 74.93 mm): Symbol Q2 Pin 3 [S, Unspecified, Line]
    @(128.27 mm, 92.71 mm): Symbol C23 Pin 2 [2, Input, Line]
[pin_to_pin]: Pins of type Unspecified and Power input are connected
    ; warning
    @(170.18 mm, 104.14 mm): Symbol U17 Pin 2 [PGND, Unspecified, Line]
    @(217.17 mm, 97.79 mm): Symbol #PWR070 Pin 1 [Power input, Line]
[pin_to_pin]: Pins of type Unspecified and Input are connected
    ; warning
    @(115.57 mm, 165.10 mm): Symbol Q1 Pin 1 [G, Unspecified, Line]
    @(111.76 mm, 167.64 mm): Symbol R48 Pin 2 [2, Input, Line]
[pin_to_pin]: Pins of type Unspecified and Input are connected
    ; warning
    @(123.19 mm, 170.18 mm): Symbol Q1 Pin 2 [S, Unspecified, Line]
    @(135.89 mm, 171.45 mm): Symbol R51 Pin 2 [2, Input, Line]
[pin_to_pin]: Pins of type Unspecified and Input are connected
    ; warning
    @(193.04 mm, 104.14 mm): Symbol U17 Pin 15 [VCC, Unspecified, Line]
    @(128.27 mm, 92.71 mm): Symbol C23 Pin 2 [2, Input, Line]
[pin_to_pin]: Pins of type Unspecified and Input are connected
    ; warning
    @(193.04 mm, 106.68 mm): Symbol U17 Pin 14 [BAT, Unspecified, Line]
    @(288.29 mm, 80.01 mm): Symbol C29 Pin 1 [1, Input, Line]
[pin_to_pin]: Pins of type Unspecified and Power input are connected
    ; warning
    @(214.63 mm, 93.98 mm): Symbol D12 Pin 1 [1, Unspecified, Line]
    @(217.17 mm, 97.79 mm): Symbol #PWR070 Pin 1 [Power input, Line]
[pin_to_pin]: Pins of type Unspecified and Power input are connected
    ; warning
    @(219.71 mm, 93.98 mm): Symbol D12 Pin 2 [2, Unspecified, Line]
    @(217.17 mm, 97.79 mm): Symbol #PWR070 Pin 1 [Power input, Line]
[pin_to_pin]: Pins of type Unspecified and Input are connected
    ; warning
    @(269.24 mm, 74.93 mm): Symbol R56 Pin 2 [2, Unspecified, Line]
    @(288.29 mm, 80.01 mm): Symbol C29 Pin 1 [1, Input, Line]
[pin_to_pin]: Pins of type Unspecified and Input are connected
    ; warning
    @(270.51 mm, 106.68 mm): Symbol R57 Pin 2 [2, Unspecified, Line]
    @(288.29 mm, 80.01 mm): Symbol C29 Pin 1 [1, Input, Line]
[pin_to_pin]: Pins of type Unspecified and Power input are connected
    ; warning
    @(270.51 mm, 127.00 mm): Symbol R58 Pin 1 [1, Unspecified, Line]
    @(270.51 mm, 127.00 mm): Symbol #PWR071 Pin 1 [Power input, Line]
[pin_to_pin]: Pins of type Unspecified and Unspecified are connected
    ; warning
    @(283.21 mm, 106.68 mm): Symbol C28 Pin 2 [2, Unspecified, Line]
    @(270.51 mm, 106.68 mm): Symbol R57 Pin 2 [2, Unspecified, Line]

***** Sheet /12v_LTM8055_BUCK/
[pin_not_connected]: Pin not connected
    ; error
    @(124.46 mm, 36.83 mm): Symbol U26 Pin 6 [AIN2, Unspecified, Line]
[pin_not_driven]: Input pin not driven by any Output pins
    ; error
    @(160.02 mm, 73.66 mm): Symbol U28 Pin L4 [RUN, Input, Line]
[pin_not_driven]: Input pin not driven by any Output pins
    ; error
    @(160.02 mm, 78.74 mm): Symbol U28 Pin L3 [IINMON, Input, Line]
[pin_to_pin]: Pins of type Unspecified and Input are connected
    ; warning
    @(93.98 mm, 26.67 mm): Symbol U26 Pin 1 [ADDR, Unspecified, Line]
    @(86.36 mm, 12.70 mm): Symbol R76 Pin 2 [2, Input, Line]
[pin_to_pin]: Pins of type Unspecified and Power input are connected
    ; warning
    @(93.98 mm, 31.75 mm): Symbol U26 Pin 3 [GND, Unspecified, Line]
    @(86.36 mm, 46.99 mm): Symbol #PWR086 Pin 1 [Power input, Line]
[pin_to_pin]: Pins of type Unspecified and Unspecified are connected
    ; warning
    @(93.98 mm, 34.29 mm): Symbol U26 Pin 4 [AIN0, Unspecified, Line]
    @(186.69 mm, 107.95 mm): Symbol U37 Pin 13 [IMON, Unspecified, Line]
[pin_to_pin]: Pins of type Unspecified and Input are connected
    ; warning
    @(93.98 mm, 36.83 mm): Symbol U26 Pin 5 [AIN1, Unspecified, Line]
    @(160.02 mm, 78.74 mm): Symbol U28 Pin L3 [IINMON, Input, Line]
[pin_to_pin]: Pins of type Unspecified and Input are connected
    ; warning
    @(54.61 mm, 87.63 mm): Symbol R75 Pin 2 [2, Unspecified, Line]
    @(160.02 mm, 73.66 mm): Symbol U28 Pin L4 [RUN, Input, Line]
[pin_to_pin]: Pins of type Unspecified and Input are connected
    ; warning
    @(54.61 mm, 97.79 mm): Symbol R75 Pin 1 [1, Unspecified, Line]
    @(43.18 mm, 95.25 mm): Symbol C49 Pin 1 [1, Input, Line]
[pin_to_pin]: Pins of type Unspecified and Input are connected
    ; warning
    @(124.46 mm, 26.67 mm): Symbol U26 Pin 10 [SCL, Unspecified, Line]
    @(116.84 mm, 144.78 mm): Symbol U25 Pin 5 [SCL, Input, Line]
[pin_to_pin]: Pins of type Unspecified and Input are connected
    ; warning
    @(124.46 mm, 29.21 mm): Symbol U26 Pin 9 [SDA, Unspecified, Line]
    @(116.84 mm, 147.32 mm): Symbol U25 Pin 4 [SDA, Input, Line]
[pin_to_pin]: Pins of type Unspecified and Power input are connected
    ; warning
    @(124.46 mm, 31.75 mm): Symbol U26 Pin 8 [VDD, Unspecified, Line]
    @(165.10 mm, 19.05 mm): Symbol #PWR090 Pin 1 [Power input, Line]
[pin_to_pin]: Pins of type Unspecified and Output are connected
    ; warning
    @(124.46 mm, 34.29 mm): Symbol U26 Pin 7 [AIN3, Unspecified, Line]
    @(200.66 mm, 78.74 mm): Symbol U28 Pin L2 [IOUTMON, Output, Line]
[pin_to_pin]: Pins of type Unspecified and Power input are connected
    ; warning
    @(120.65 mm, 110.49 mm): Symbol R79 Pin 1 [1, Unspecified, Line]
    @(120.65 mm, 120.65 mm): Symbol #PWR089 Pin 1 [Power input, Line]
[pin_to_pin]: Pins of type Unspecified and Power input are connected
    ; warning
    @(64.77 mm, 151.13 mm): Symbol C50 Pin 2 [2, Unspecified, Line]
    @(64.77 mm, 142.24 mm): Symbol #PWR083 Pin 1 [Power input, Line]
[pin_to_pin]: Pins of type Unspecified and Power input are connected
    ; warning
    @(165.10 mm, 34.29 mm): Symbol C53 Pin 2 [2, Unspecified, Line]
    @(165.10 mm, 19.05 mm): Symbol #PWR090 Pin 1 [Power input, Line]
[pin_to_pin]: Pins of type Unspecified and Power input are connected
    ; warning
    @(165.10 mm, 44.45 mm): Symbol C53 Pin 1 [1, Unspecified, Line]
    @(165.10 mm, 45.72 mm): Symbol #PWR091 Pin 1 [Power input, Line]
[pin_to_pin]: Pins of type Unspecified and Input are connected
    ; warning
    @(80.01 mm, 151.13 mm): Symbol C51 Pin 1 [1, Unspecified, Line]
    @(96.52 mm, 147.32 mm): Symbol U25 Pin 3 [VDD, Input, Line]
[pin_to_pin]: Pins of type Unspecified and Power input are connected
    ; warning
    @(64.77 mm, 161.29 mm): Symbol C50 Pin 1 [1, Unspecified, Line]
    @(72.39 mm, 168.91 mm): Symbol #PWR084 Pin 1 [Power input, Line]
[pin_to_pin]: Pins of type Unspecified and Power input are connected
    ; warning
    @(80.01 mm, 161.29 mm): Symbol C51 Pin 2 [2, Unspecified, Line]
    @(72.39 mm, 168.91 mm): Symbol #PWR084 Pin 1 [Power input, Line]
[pin_to_pin]: Pins of type Unspecified and Power input are connected
    ; warning
    @(180.34 mm, 139.70 mm): Symbol C54 Pin 1 [1, Unspecified, Line]
    @(180.34 mm, 144.78 mm): Symbol #PWR092 Pin 1 [Power input, Line]
[pin_to_pin]: Pins of type Unspecified and Power input are connected
    ; warning
    @(227.33 mm, 95.25 mm): Symbol R81 Pin 1 [1, Unspecified, Line]
    @(238.76 mm, 105.41 mm): Symbol #PWR094 Pin 1 [Power input, Line]
[pin_to_pin]: Pins of type Unspecified and Input are connected
    ; warning
    @(238.76 mm, 87.63 mm): Symbol C55 Pin 1 [1, Unspecified, Line]
    @(250.19 mm, 87.63 mm): Symbol U29 Pin 2 [2, Input, Line]
[pin_to_pin]: Pins of type Unspecified and Input are connected
    ; warning
    @(262.89 mm, 66.04 mm): Symbol R82 Pin 2 [2, Unspecified, Line]
    @(266.70 mm, 68.58 mm): Symbol C56 Pin 1 [1, Input, Line]

***** Sheet /5v rail/
[pin_not_driven]: Input pin not driven by any Output pins
    ; error
    @(198.12 mm, 63.50 mm): Symbol C98 Pin 2 [2, Input, Line]
[pin_to_pin]: Pins of type Unspecified and Input are connected
    ; warning
    @(49.53 mm, 88.90 mm): Symbol C94 Pin 2 [2, Unspecified, Line]
    @(64.77 mm, 90.17 mm): Symbol C95 Pin 2 [2, Input, Line]
[pin_to_pin]: Pins of type Unspecified and Input are connected
    ; warning
    @(49.53 mm, 99.06 mm): Symbol C94 Pin 1 [1, Unspecified, Line]
    @(64.77 mm, 97.79 mm): Symbol C95 Pin 1 [1, Input, Line]
[pin_to_pin]: Pins of type Unspecified and Unspecified are connected
    ; warning
    @(109.22 mm, 82.55 mm): Symbol R126 Pin 2 [2, Unspecified, Line]
    @(127.00 mm, 85.09 mm): Symbol U53 Pin 3 [VIN, Unspecified, Line]
[pin_to_pin]: Pins of type Unspecified and Input are connected
    ; warning
    @(127.00 mm, 85.09 mm): Symbol U53 Pin 3 [VIN, Unspecified, Line]
    @(78.74 mm, 90.17 mm): Symbol C96 Pin 1 [1, Input, Line]
[pin_to_pin]: Pins of type Unspecified and Input are connected
    ; warning
    @(127.00 mm, 87.63 mm): Symbol U53 Pin 4 [VOUT, Unspecified, Line]
    @(180.34 mm, 66.04 mm): Symbol R128 Pin 2 [2, Input, Line]
[pin_to_pin]: Pins of type Unspecified and Unspecified are connected
    ; warning
    @(114.30 mm, 109.22 mm): Symbol Q12 Pin 1 [G, Unspecified, Line]
    @(111.76 mm, 114.30 mm): Symbol R125 Pin 1 [1, Unspecified, Line]
[pin_to_pin]: Pins of type Unspecified and Unspecified are connected
    ; warning
    @(121.92 mm, 114.30 mm): Symbol Q12 Pin 2 [S, Unspecified, Line]
    @(111.76 mm, 124.46 mm): Symbol R125 Pin 2 [2, Unspecified, Line]
[pin_to_pin]: Pins of type Unspecified and Power input are connected
    ; warning
    @(111.76 mm, 124.46 mm): Symbol R125 Pin 2 [2, Unspecified, Line]
    @(121.92 mm, 129.54 mm): Symbol #PWR0150 Pin 1 [Power input, Line]
[pin_to_pin]: Pins of type Unspecified and Input are connected
    ; warning
    @(149.86 mm, 80.01 mm): Symbol U53 Pin 10 [GND, Unspecified, Line]
    @(167.64 mm, 77.47 mm): Symbol R127 Pin 2 [2, Input, Line]
[pin_to_pin]: Pins of type Unspecified and Input are connected
    ; warning
    @(157.48 mm, 104.14 mm): Symbol C97 Pin 1 [1, Unspecified, Line]
    @(180.34 mm, 100.33 mm): Symbol R129 Pin 1 [1, Input, Line]

***** Sheet /3v3 rail/
[pin_not_driven]: Input pin not driven by any Output pins
    ; error
    @(78.74 mm, 87.63 mm): Symbol C90 Pin 2 [2, Input, Line]
[pin_not_driven]: Input pin not driven by any Output pins
    ; error
    @(193.04 mm, 62.23 mm): Symbol R123 Pin 2 [2, Input, Line]
[pin_to_pin]: Pins of type Unspecified and Input are connected
    ; warning
    @(63.50 mm, 86.36 mm): Symbol C89 Pin 2 [2, Unspecified, Line]
    @(78.74 mm, 87.63 mm): Symbol C90 Pin 2 [2, Input, Line]
[pin_to_pin]: Pins of type Unspecified and Power input are connected
    ; warning
    @(63.50 mm, 96.52 mm): Symbol C89 Pin 1 [1, Unspecified, Line]
    @(71.12 mm, 107.95 mm): Symbol #PWR0145 Pin 1 [Power input, Line]
[pin_to_pin]: Pins of type Unspecified and Unspecified are connected
    ; warning
    @(133.35 mm, 88.90 mm): Symbol R121 Pin 1 [1, Unspecified, Line]
    @(139.70 mm, 78.74 mm): Symbol U52 Pin 2 [EN, Unspecified, Line]
[pin_to_pin]: Pins of type Unspecified and Input are connected
    ; warning
    @(139.70 mm, 81.28 mm): Symbol U52 Pin 3 [VIN, Unspecified, Line]
    @(78.74 mm, 87.63 mm): Symbol C90 Pin 2 [2, Input, Line]
[pin_to_pin]: Pins of type Unspecified and Input are connected
    ; warning
    @(139.70 mm, 83.82 mm): Symbol U52 Pin 4 [VOUT, Unspecified, Line]
    @(193.04 mm, 62.23 mm): Symbol R123 Pin 2 [2, Input, Line]
[pin_to_pin]: Pins of type Unspecified and Power input are connected
    ; warning
    @(133.35 mm, 99.06 mm): Symbol R121 Pin 2 [2, Unspecified, Line]
    @(133.35 mm, 102.87 mm): Symbol #PWR0146 Pin 1 [Power input, Line]
[pin_to_pin]: Pins of type Unspecified and Input are connected
    ; warning
    @(162.56 mm, 76.20 mm): Symbol U52 Pin 10 [GND, Unspecified, Line]
    @(180.34 mm, 73.66 mm): Symbol R122 Pin 2 [2, Input, Line]
[pin_to_pin]: Pins of type Unspecified and Input are connected
    ; warning
    @(170.18 mm, 100.33 mm): Symbol C91 Pin 1 [1, Unspecified, Line]
    @(193.04 mm, 96.52 mm): Symbol R124 Pin 1 [1, Input, Line]
[pin_to_pin]: Pins of type Unspecified and Unspecified are connected
    ; warning
    @(210.82 mm, 58.42 mm): Symbol C92 Pin 2 [2, Unspecified, Line]
    @(224.79 mm, 58.42 mm): Symbol C93 Pin 2 [2, Unspecified, Line]
[pin_to_pin]: Pins of type Unspecified and Unspecified are connected
    ; warning
    @(210.82 mm, 68.58 mm): Symbol C92 Pin 1 [1, Unspecified, Line]
    @(224.79 mm, 68.58 mm): Symbol C93 Pin 1 [1, Unspecified, Line]
[pin_to_pin]: Pins of type Unspecified and Input are connected
    ; warning
    @(224.79 mm, 58.42 mm): Symbol C93 Pin 2 [2, Unspecified, Line]
    @(193.04 mm, 62.23 mm): Symbol R123 Pin 2 [2, Input, Line]
[pin_to_pin]: Pins of type Unspecified and Power input are connected
    ; warning
    @(224.79 mm, 68.58 mm): Symbol C93 Pin 1 [1, Unspecified, Line]
    @(224.79 mm, 74.93 mm): Symbol #PWR0148 Pin 1 [Power input, Line]

***** Sheet /Ideal_Diode_OR_12V_BUCK/
[pin_not_driven]: Input pin not driven by any Output pins
    ; error
    @(154.94 mm, 100.33 mm): Symbol U31 Pin 3 [OFF, Input, Line]
[pin_to_pin]: Pins of type Unspecified and Input are connected
    ; warning
    @(135.89 mm, 81.28 mm): Symbol C60 Pin 2 [2, Unspecified, Line]
    @(119.38 mm, 82.55 mm): Symbol D20 Pin 1 [K, Input, Line]
[pin_to_pin]: Pins of type Unspecified and Input are connected
    ; warning
    @(135.89 mm, 91.44 mm): Symbol C60 Pin 1 [1, Unspecified, Line]
    @(119.38 mm, 92.71 mm): Symbol D20 Pin 2 [A, Input, Line]
[pin_to_pin]: Pins of type Unspecified and Input are connected
    ; warning
    @(148.59 mm, 104.14 mm): Symbol CN10 Pin 1 [1, Unspecified, Line]
    @(154.94 mm, 100.33 mm): Symbol U31 Pin 3 [OFF, Input, Line]
[pin_to_pin]: Pins of type Unspecified and Input are connected
    ; warning
    @(151.13 mm, 118.11 mm): Symbol R85 Pin 2 [2, Unspecified, Line]
    @(154.94 mm, 100.33 mm): Symbol U31 Pin 3 [OFF, Input, Line]
[pin_to_pin]: Pins of type Unspecified and Unspecified are connected
    ; warning
    @(180.34 mm, 72.39 mm): Symbol Q7 Pin 1 [S, Unspecified, Line]
    @(180.34 mm, 74.93 mm): Symbol Q7 Pin 2 [S, Unspecified, Line]
[pin_to_pin]: Pins of type Unspecified and Unspecified are connected
    ; warning
    @(180.34 mm, 74.93 mm): Symbol Q7 Pin 2 [S, Unspecified, Line]
    @(180.34 mm, 77.47 mm): Symbol Q7 Pin 3 [S, Unspecified, Line]
[pin_to_pin]: Pins of type Unspecified and Input are connected
    ; warning
    @(180.34 mm, 77.47 mm): Symbol Q7 Pin 3 [S, Unspecified, Line]
    @(175.26 mm, 100.33 mm): Symbol U31 Pin 4 [IN, Input, Line]
[pin_to_pin]: Pins of type Unspecified and Power input are connected
    ; warning
    @(151.13 mm, 128.27 mm): Symbol R85 Pin 1 [1, Unspecified, Line]
    @(151.13 mm, 129.54 mm): Symbol #PWR0178 Pin 1 [Power input, Line]
[pin_to_pin]: Pins of type Unspecified and Input are connected
    ; warning
    @(195.58 mm, 69.85 mm): Symbol Q7 Pin 9 [D, Unspecified, Line]
    @(210.82 mm, 78.74 mm): Symbol R86 Pin 2 [2, Input, Line]
[pin_to_pin]: Pins of type Unspecified and Unspecified are connected
    ; warning
    @(195.58 mm, 72.39 mm): Symbol Q7 Pin 8 [D, Unspecified, Line]
    @(195.58 mm, 69.85 mm): Symbol Q7 Pin 9 [D, Unspecified, Line]
[pin_to_pin]: Pins of type Unspecified and Unspecified are connected
    ; warning
    @(195.58 mm, 74.93 mm): Symbol Q7 Pin 7 [D, Unspecified, Line]
    @(195.58 mm, 72.39 mm): Symbol Q7 Pin 8 [D, Unspecified, Line]
[pin_to_pin]: Pins of type Unspecified and Unspecified are connected
    ; warning
    @(195.58 mm, 77.47 mm): Symbol Q7 Pin 6 [D, Unspecified, Line]
    @(195.58 mm, 74.93 mm): Symbol Q7 Pin 7 [D, Unspecified, Line]
[pin_to_pin]: Pins of type Unspecified and Unspecified are connected
    ; warning
    @(195.58 mm, 80.01 mm): Symbol Q7 Pin 5 [D, Unspecified, Line]
    @(195.58 mm, 77.47 mm): Symbol Q7 Pin 6 [D, Unspecified, Line]
[pin_to_pin]: Pins of type Unspecified and Input are connected
    ; warning
    @(210.82 mm, 101.60 mm): Symbol C61 Pin 1 [1, Unspecified, Line]
    @(154.94 mm, 97.79 mm): Symbol U31 Pin 2 [GND, Input, Line]

***** Sheet /mt9700-efuse1/
[pin_not_driven]: Input pin not driven by any Output pins
    ; error
    @(104.14 mm, 97.79 mm): Symbol R115 Pin 1 [1, Input, Line]
[pin_to_pin]: Pins of type Unspecified and Unspecified are connected
    ; warning
    @(69.85 mm, 83.82 mm): Symbol C75 Pin 2 [2, Unspecified, Line]
    @(86.36 mm, 83.82 mm): Symbol C76 Pin 2 [2, Unspecified, Line]
[pin_to_pin]: Pins of type Unspecified and Power input are connected
    ; warning
    @(69.85 mm, 93.98 mm): Symbol C75 Pin 1 [1, Unspecified, Line]
    @(78.74 mm, 105.41 mm): Symbol #PWR0179 Pin 1 [Power input, Line]
[pin_to_pin]: Pins of type Unspecified and Unspecified are connected
    ; warning
    @(86.36 mm, 83.82 mm): Symbol C76 Pin 2 [2, Unspecified, Line]
    @(116.84 mm, 78.74 mm): Symbol R116 Pin 2 [2, Unspecified, Line]
[pin_to_pin]: Pins of type Unspecified and Power input are connected
    ; warning
    @(86.36 mm, 93.98 mm): Symbol C76 Pin 1 [1, Unspecified, Line]
    @(78.74 mm, 105.41 mm): Symbol #PWR0179 Pin 1 [Power input, Line]
[pin_to_pin]: Pins of type Unspecified and Unspecified are connected
    ; warning
    @(116.84 mm, 78.74 mm): Symbol R116 Pin 2 [2, Unspecified, Line]
    @(133.35 mm, 76.20 mm): Symbol U42 Pin 5 [VIN, Unspecified, Line]
[pin_to_pin]: Pins of type Unspecified and Unspecified are connected
    ; warning
    @(133.35 mm, 76.20 mm): Symbol U42 Pin 5 [VIN, Unspecified, Line]
    @(127.00 mm, 87.63 mm): Symbol U53 Pin 4 [VOUT, Unspecified, Line]
[pin_to_pin]: Pins of type Unspecified and Input are connected
    ; warning
    @(153.67 mm, 76.20 mm): Symbol U42 Pin 1 [VOUT, Unspecified, Line]
    @(180.34 mm, 83.82 mm): Symbol U43 Pin 1 [1, Input, Line]
[pin_to_pin]: Pins of type Unspecified and Power input are connected
    ; warning
    @(153.67 mm, 78.74 mm): Symbol U42 Pin 2 [GND, Unspecified, Line]
    @(160.02 mm, 102.87 mm): Symbol #PWR0181 Pin 1 [Power input, Line]
[pin_to_pin]: Pins of type Unspecified and Input are connected
    ; warning
    @(153.67 mm, 81.28 mm): Symbol U42 Pin 3 [SET, Unspecified, Line]
    @(377.19 mm, 113.03 mm): Symbol R12 Pin 2 [2, Input, Line]
[pin_to_pin]: Pins of type Unspecified and Input are connected
    ; warning
    @(194.31 mm, 83.82 mm): Symbol C77 Pin 2 [2, Unspecified, Line]
    @(180.34 mm, 83.82 mm): Symbol U43 Pin 1 [1, Input, Line]
[pin_to_pin]: Pins of type Unspecified and Input are connected
    ; warning
    @(194.31 mm, 93.98 mm): Symbol C77 Pin 1 [1, Unspecified, Line]
    @(180.34 mm, 93.98 mm): Symbol U43 Pin 2 [2, Input, Line]

***** Sheet /Servo Power Buck/
[power_pin_not_driven]: Input Power pin not driven by any Output Power pins
    ; error
    @(44.45 mm, 132.08 mm): Symbol #PWR097 Pin 1 [Power input, Line]
[pin_to_pin]: Pins of type Unspecified and Power input are connected
    ; warning
    @(52.07 mm, 124.46 mm): Symbol R88 Pin 1 [1, Unspecified, Line]
    @(44.45 mm, 132.08 mm): Symbol #PWR097 Pin 1 [Power input, Line]
[pin_to_pin]: Pins of type Unspecified and Power input are connected
    ; warning
    @(92.71 mm, 115.57 mm): Symbol R89 Pin 1 [1, Unspecified, Line]
    @(92.71 mm, 128.27 mm): Symbol #PWR098 Pin 1 [Power input, Line]
[pin_to_pin]: Pins of type Unspecified and Unspecified are connected
    ; warning
    @(115.57 mm, 105.41 mm): Symbol R90 Pin 1 [1, Unspecified, Line]
    @(161.29 mm, 92.71 mm): Symbol U32 Pin 17 [EN, Unspecified, Line]
[pin_to_pin]: Pins of type Unspecified and Power input are connected
    ; warning
    @(115.57 mm, 115.57 mm): Symbol R90 Pin 2 [2, Unspecified, Line]
    @(115.57 mm, 127.00 mm): Symbol #PWR099 Pin 1 [Power input, Line]
[pin_to_pin]: Pins of type Unspecified and Input are connected
    ; warning
    @(161.29 mm, 82.55 mm): Symbol U32 Pin 13 [PG, Unspecified, Line]
    @(157.48 mm, 74.93 mm): Symbol R91 Pin 1 [1, Input, Line]
[pin_to_pin]: Pins of type Unspecified and Unspecified are connected
    ; warning
    @(134.62 mm, 125.73 mm): Symbol C62 Pin 2 [2, Unspecified, Line]
    @(171.45 mm, 125.73 mm): Symbol C63 Pin 1 [1, Unspecified, Line]
[pin_to_pin]: Pins of type Unspecified and Unspecified are connected
    ; warning
    @(161.29 mm, 90.17 mm): Symbol U32 Pin 16 [NC, Unspecified, Line]
    @(161.29 mm, 97.79 mm): Symbol U32 Pin 19 [PGND, Unspecified, Line]
[pin_to_pin]: Pins of type Unspecified and Input are connected
    ; warning
    @(161.29 mm, 92.71 mm): Symbol U32 Pin 17 [EN, Unspecified, Line]
    @(650.24 mm, 401.32 mm): Symbol R29 Pin 1 [1, Input, Line]
[pin_to_pin]: Pins of type Unspecified and Passive are connected
    ; warning
    @(161.29 mm, 95.25 mm): Symbol U32 Pin 18 [VIN2, Unspecified, Line]
    @(363.22 mm, 304.80 mm): Symbol NT5 Pin 1 [1, Passive, Line]
[pin_to_pin]: Pins of type Unspecified and Unspecified are connected
    ; warning
    @(161.29 mm, 97.79 mm): Symbol U32 Pin 19 [PGND, Unspecified, Line]
    @(161.29 mm, 100.33 mm): Symbol U32 Pin 20 [PGND, Unspecified, Line]
[pin_to_pin]: Pins of type Unspecified and Power input are connected
    ; warning
    @(161.29 mm, 100.33 mm): Symbol U32 Pin 20 [PGND, Unspecified, Line]
    @(143.51 mm, 97.79 mm): Symbol #PWR0100 Pin 1 [Power input, Line]
[pin_to_pin]: Pins of type Unspecified and Unspecified are connected
    ; warning
    @(161.29 mm, 102.87 mm): Symbol U32 Pin 21 [AGND, Unspecified, Line]
    @(161.29 mm, 105.41 mm): Symbol U32 Pin 22 [AGND, Unspecified, Line]
[pin_to_pin]: Pins of type Unspecified and Unspecified are connected
    ; warning
    @(144.78 mm, 125.73 mm): Symbol C62 Pin 1 [1, Unspecified, Line]
    @(161.29 mm, 125.73 mm): Symbol C63 Pin 2 [2, Unspecified, Line]
[pin_to_pin]: Pins of type Unspecified and Power input are connected
    ; warning
    @(161.29 mm, 105.41 mm): Symbol U32 Pin 22 [AGND, Unspecified, Line]
    @(115.57 mm, 127.00 mm): Symbol #PWR099 Pin 1 [Power input, Line]
[pin_to_pin]: Pins of type Unspecified and Unspecified are connected
    ; warning
    @(186.69 mm, 80.01 mm): Symbol U32 Pin 11 [AGND, Unspecified, Line]
    @(161.29 mm, 102.87 mm): Symbol U32 Pin 21 [AGND, Unspecified, Line]
[pin_to_pin]: Pins of type Unspecified and Input are connected
    ; warning
    @(186.69 mm, 82.55 mm): Symbol U32 Pin 10 [VOUT2, Unspecified, Line]
    @(294.64 mm, 88.90 mm): Symbol C65 Pin 1 [1, Input, Line]
[pin_to_pin]: Pins of type Unspecified and Unspecified are connected
    ; warning
    @(161.29 mm, 125.73 mm): Symbol C63 Pin 2 [2, Unspecified, Line]
    @(161.29 mm, 100.33 mm): Symbol U32 Pin 20 [PGND, Unspecified, Line]
[pin_to_pin]: Pins of type Unspecified and Unspecified are connected
    ; warning
    @(186.69 mm, 85.09 mm): Symbol U32 Pin 9 [VOUT1, Unspecified, Line]
    @(186.69 mm, 82.55 mm): Symbol U32 Pin 10 [VOUT2, Unspecified, Line]
[pin_to_pin]: Pins of type Unspecified and Unspecified are connected
    ; warning
    @(186.69 mm, 90.17 mm): Symbol U32 Pin 7 [AGND, Unspecified, Line]
    @(186.69 mm, 80.01 mm): Symbol U32 Pin 11 [AGND, Unspecified, Line]
[pin_to_pin]: Pins of type Unspecified and Unspecified are connected
    ; warning
    @(186.69 mm, 95.25 mm): Symbol U32 Pin 5 [VLDOIN, Unspecified, Line]
    @(186.69 mm, 85.09 mm): Symbol U32 Pin 9 [VOUT1, Unspecified, Line]
[pin_to_pin]: Pins of type Unspecified and Unspecified are connected
    ; warning
    @(171.45 mm, 125.73 mm): Symbol C63 Pin 1 [1, Unspecified, Line]
    @(186.69 mm, 105.41 mm): Symbol U32 Pin 1 [VIN1, Unspecified, Line]
[pin_to_pin]: Pins of type Unspecified and Unspecified are connected
    ; warning
    @(186.69 mm, 105.41 mm): Symbol U32 Pin 1 [VIN1, Unspecified, Line]
    @(161.29 mm, 95.25 mm): Symbol U32 Pin 18 [VIN2, Unspecified, Line]
[pin_to_pin]: Pins of type Unspecified and Unspecified are connected
    ; warning
    @(266.70 mm, 88.90 mm): Symbol C64 Pin 2 [2, Unspecified, Line]
    @(279.40 mm, 88.90 mm): Symbol R93 Pin 2 [2, Unspecified, Line]
[pin_to_pin]: Pins of type Unspecified and Input are connected
    ; warning
    @(279.40 mm, 88.90 mm): Symbol R93 Pin 2 [2, Unspecified, Line]
    @(294.64 mm, 88.90 mm): Symbol C65 Pin 1 [1, Input, Line]
[pin_to_pin]: Pins of type Unspecified and Unspecified are connected
    ; warning
    @(307.34 mm, 87.63 mm): Symbol C66 Pin 2 [2, Unspecified, Line]
    @(320.04 mm, 87.63 mm): Symbol C67 Pin 2 [2, Unspecified, Line]
[pin_to_pin]: Pins of type Unspecified and Unspecified are connected
    ; warning
    @(307.34 mm, 97.79 mm): Symbol C66 Pin 1 [1, Unspecified, Line]
    @(320.04 mm, 97.79 mm): Symbol C67 Pin 1 [1, Unspecified, Line]
[pin_to_pin]: Pins of type Unspecified and Unspecified are connected
    ; warning
    @(320.04 mm, 87.63 mm): Symbol C67 Pin 2 [2, Unspecified, Line]
    @(334.01 mm, 87.63 mm): Symbol C68 Pin 2 [2, Unspecified, Line]
[pin_to_pin]: Pins of type Unspecified and Unspecified are connected
    ; warning
    @(320.04 mm, 97.79 mm): Symbol C67 Pin 1 [1, Unspecified, Line]
    @(334.01 mm, 97.79 mm): Symbol C68 Pin 1 [1, Unspecified, Line]
[pin_to_pin]: Pins of type Unspecified and Input are connected
    ; warning
    @(334.01 mm, 87.63 mm): Symbol C68 Pin 2 [2, Unspecified, Line]
    @(294.64 mm, 88.90 mm): Symbol C65 Pin 1 [1, Input, Line]
[pin_to_pin]: Pins of type Unspecified and Input are connected
    ; warning
    @(334.01 mm, 97.79 mm): Symbol C68 Pin 1 [1, Unspecified, Line]
    @(294.64 mm, 96.52 mm): Symbol C65 Pin 2 [2, Input, Line]

***** Sheet /Status LEDs/
[pin_not_connected]: Pin not connected
    ; error
    @(137.16 mm, 157.48 mm): Symbol C82 Pin 2 [2, Input, Line]
[pin_to_pin]: Pins of type Unspecified and Unspecified are connected
    ; warning
    @(66.04 mm, 52.07 mm): Symbol U44 Pin 1 [OE#, Unspecified, Line]
    @(66.04 mm, 57.15 mm): Symbol U44 Pin 3 [GND, Unspecified, Line]
[pin_to_pin]: Pins of type Unspecified and Unspecified are connected
    ; warning
    @(66.04 mm, 54.61 mm): Symbol U44 Pin 2 [A, Unspecified, Line]
    @(143.51 mm, 92.71 mm): Symbol U62 Pin 16 [16, Unspecified, Line]
[pin_to_pin]: Pins of type Unspecified and Power input are connected
    ; warning
    @(66.04 mm, 57.15 mm): Symbol U44 Pin 3 [GND, Unspecified, Line]
    @(74.93 mm, 78.74 mm): Symbol #PWR0126 Pin 1 [Power input, Line]
[pin_to_pin]: Pins of type Unspecified and Power input are connected
    ; warning
    @(83.82 mm, 53.34 mm): Symbol U44 Pin 5 [VCC, Unspecified, Line]
    @(87.63 mm, 44.45 mm): Symbol #PWR0127 Pin 1 [Power input, Line]
[pin_to_pin]: Pins of type Unspecified and Unspecified are connected
    ; warning
    @(87.63 mm, 59.69 mm): Symbol C80 Pin 2 [2, Unspecified, Line]
    @(83.82 mm, 53.34 mm): Symbol U44 Pin 5 [VCC, Unspecified, Line]
[pin_to_pin]: Pins of type Unspecified and Power input are connected
    ; warning
    @(87.63 mm, 69.85 mm): Symbol C80 Pin 1 [1, Unspecified, Line]
    @(74.93 mm, 78.74 mm): Symbol #PWR0126 Pin 1 [Power input, Line]
[pin_to_pin]: Pins of type Unspecified and Power input are connected
    ; warning
    @(110.49 mm, 53.34 mm): Symbol U45 Pin 5 [GND, Unspecified, Line]
    @(106.68 mm, 58.42 mm): Symbol #PWR0128 Pin 1 [Power input, Line]
[pin_to_pin]: Pins of type Unspecified and Power input are connected
    ; warning
    @(60.96 mm, 124.46 mm): Symbol C78 Pin 2 [2, Unspecified, Line]
    @(67.31 mm, 118.11 mm): Symbol #PWR0124 Pin 1 [Power input, Line]
[pin_to_pin]: Pins of type Unspecified and Power input are connected
    ; warning
    @(130.81 mm, 53.34 mm): Symbol U45 Pin 2 [VDD, Unspecified, Line]
    @(134.62 mm, 38.10 mm): Symbol #PWR0131 Pin 1 [Power input, Line]
[pin_to_pin]: Pins of type Unspecified and Power input are connected
    ; warning
    @(60.96 mm, 134.62 mm): Symbol C78 Pin 1 [1, Unspecified, Line]
    @(67.31 mm, 139.70 mm): Symbol #PWR0125 Pin 1 [Power input, Line]
[pin_to_pin]: Pins of type Unspecified and Power input are connected
    ; warning
    @(151.13 mm, 53.34 mm): Symbol U46 Pin 5 [GND, Unspecified, Line]
    @(146.05 mm, 58.42 mm): Symbol #PWR0132 Pin 1 [Power input, Line]
[pin_to_pin]: Pins of type Unspecified and Power input are connected
    ; warning
    @(171.45 mm, 53.34 mm): Symbol U46 Pin 2 [VDD, Unspecified, Line]
    @(172.72 mm, 38.10 mm): Symbol #PWR0133 Pin 1 [Power input, Line]
[pin_to_pin]: Pins of type Unspecified and Passive are connected
    ; warning
    @(119.38 mm, 147.32 mm): Symbol C81 Pin 2 [2, Unspecified, Line]
    @(113.03 mm, 132.08 mm): Symbol JP1 Pin 1 [A, Passive, Line]
[pin_to_pin]: Pins of type Unspecified and Power input are connected
    ; warning
    @(184.15 mm, 53.34 mm): Symbol U47 Pin 5 [GND, Unspecified, Line]
    @(180.34 mm, 58.42 mm): Symbol #PWR0134 Pin 1 [Power input, Line]
[pin_to_pin]: Pins of type Unspecified and Power input are connected
    ; warning
    @(119.38 mm, 157.48 mm): Symbol C81 Pin 1 [1, Unspecified, Line]
    @(128.27 mm, 170.18 mm): Symbol #PWR0130 Pin 1 [Power input, Line]
[pin_to_pin]: Pins of type Unspecified and Power input are connected
    ; warning
    @(204.47 mm, 53.34 mm): Symbol U47 Pin 2 [VDD, Unspecified, Line]
    @(207.01 mm, 38.10 mm): Symbol #PWR0136 Pin 1 [Power input, Line]
[pin_to_pin]: Pins of type Unspecified and Power input are connected
    ; warning
    @(217.17 mm, 53.34 mm): Symbol U49 Pin 5 [GND, Unspecified, Line]
    @(213.36 mm, 58.42 mm): Symbol #PWR0137 Pin 1 [Power input, Line]
[pin_to_pin]: Pins of type Unspecified and Input are connected
    ; warning
    @(191.77 mm, 129.54 mm): Symbol U48 Pin 1 [1, Unspecified, Line]
    @(137.16 mm, 147.32 mm): Symbol C82 Pin 1 [1, Input, Line]
[pin_to_pin]: Pins of type Unspecified and Power input are connected
    ; warning
    @(191.77 mm, 137.16 mm): Symbol U48 Pin 4 [4, Unspecified, Line]
    @(185.42 mm, 140.97 mm): Symbol #PWR0135 Pin 1 [Power input, Line]
[pin_to_pin]: Pins of type Unspecified and Power input are connected
    ; warning
    @(237.49 mm, 53.34 mm): Symbol U49 Pin 2 [VDD, Unspecified, Line]
    @(240.03 mm, 38.10 mm): Symbol #PWR0138 Pin 1 [Power input, Line]
[pin_to_pin]: Pins of type Unspecified and Power input are connected
    ; warning
    @(251.46 mm, 53.34 mm): Symbol U50 Pin 5 [GND, Unspecified, Line]
    @(247.65 mm, 58.42 mm): Symbol #PWR0139 Pin 1 [Power input, Line]
[pin_to_pin]: Pins of type Unspecified and Power input are connected
    ; warning
    @(271.78 mm, 53.34 mm): Symbol U50 Pin 2 [VDD, Unspecified, Line]
    @(274.32 mm, 38.10 mm): Symbol #PWR0140 Pin 1 [Power input, Line]

***** Sheet /Ideal_Diode_OR_SERVO/
[pin_not_driven]: Input pin not driven by any Output pins
    ; error
    @(154.94 mm, 100.33 mm): Symbol U31 Pin 3 [OFF, Input, Line]
[pin_to_pin]: Pins of type Unspecified and Input are connected
    ; warning
    @(135.89 mm, 81.28 mm): Symbol C60 Pin 2 [2, Unspecified, Line]
    @(119.38 mm, 82.55 mm): Symbol D20 Pin 1 [K, Input, Line]
[pin_to_pin]: Pins of type Unspecified and Input are connected
    ; warning
    @(135.89 mm, 91.44 mm): Symbol C60 Pin 1 [1, Unspecified, Line]
    @(119.38 mm, 92.71 mm): Symbol D20 Pin 2 [A, Input, Line]
[pin_to_pin]: Pins of type Unspecified and Input are connected
    ; warning
    @(148.59 mm, 104.14 mm): Symbol CN10 Pin 1 [1, Unspecified, Line]
    @(154.94 mm, 100.33 mm): Symbol U31 Pin 3 [OFF, Input, Line]
[pin_to_pin]: Pins of type Unspecified and Input are connected
    ; warning
    @(151.13 mm, 118.11 mm): Symbol R85 Pin 2 [2, Unspecified, Line]
    @(154.94 mm, 100.33 mm): Symbol U31 Pin 3 [OFF, Input, Line]
[pin_to_pin]: Pins of type Unspecified and Unspecified are connected
    ; warning
    @(180.34 mm, 72.39 mm): Symbol Q7 Pin 1 [S, Unspecified, Line]
    @(180.34 mm, 74.93 mm): Symbol Q7 Pin 2 [S, Unspecified, Line]
[pin_to_pin]: Pins of type Unspecified and Unspecified are connected
    ; warning
    @(180.34 mm, 74.93 mm): Symbol Q7 Pin 2 [S, Unspecified, Line]
    @(180.34 mm, 77.47 mm): Symbol Q7 Pin 3 [S, Unspecified, Line]
[pin_to_pin]: Pins of type Unspecified and Input are connected
    ; warning
    @(180.34 mm, 77.47 mm): Symbol Q7 Pin 3 [S, Unspecified, Line]
    @(175.26 mm, 100.33 mm): Symbol U31 Pin 4 [IN, Input, Line]
[pin_to_pin]: Pins of type Unspecified and Power input are connected
    ; warning
    @(151.13 mm, 128.27 mm): Symbol R85 Pin 1 [1, Unspecified, Line]
    @(151.13 mm, 129.54 mm): Symbol #PWR0178 Pin 1 [Power input, Line]
[pin_to_pin]: Pins of type Unspecified and Input are connected
    ; warning
    @(195.58 mm, 69.85 mm): Symbol Q7 Pin 9 [D, Unspecified, Line]
    @(210.82 mm, 78.74 mm): Symbol R86 Pin 2 [2, Input, Line]
[pin_to_pin]: Pins of type Unspecified and Unspecified are connected
    ; warning
    @(195.58 mm, 72.39 mm): Symbol Q7 Pin 8 [D, Unspecified, Line]
    @(195.58 mm, 69.85 mm): Symbol Q7 Pin 9 [D, Unspecified, Line]
[pin_to_pin]: Pins of type Unspecified and Unspecified are connected
    ; warning
    @(195.58 mm, 74.93 mm): Symbol Q7 Pin 7 [D, Unspecified, Line]
    @(195.58 mm, 72.39 mm): Symbol Q7 Pin 8 [D, Unspecified, Line]
[pin_to_pin]: Pins of type Unspecified and Unspecified are connected
    ; warning
    @(195.58 mm, 77.47 mm): Symbol Q7 Pin 6 [D, Unspecified, Line]
    @(195.58 mm, 74.93 mm): Symbol Q7 Pin 7 [D, Unspecified, Line]
[pin_to_pin]: Pins of type Unspecified and Unspecified are connected
    ; warning
    @(195.58 mm, 80.01 mm): Symbol Q7 Pin 5 [D, Unspecified, Line]
    @(195.58 mm, 77.47 mm): Symbol Q7 Pin 6 [D, Unspecified, Line]
[pin_to_pin]: Pins of type Unspecified and Input are connected
    ; warning
    @(210.82 mm, 101.60 mm): Symbol C61 Pin 1 [1, Unspecified, Line]
    @(154.94 mm, 97.79 mm): Symbol U31 Pin 2 [GND, Input, Line]

***** Sheet /mt9700-efuse/
[pin_not_driven]: Input pin not driven by any Output pins
    ; error
    @(104.14 mm, 97.79 mm): Symbol R115 Pin 1 [1, Input, Line]
[pin_not_driven]: Input pin not driven by any Output pins
    ; error
    @(180.34 mm, 83.82 mm): Symbol U43 Pin 1 [1, Input, Line]
[pin_to_pin]: Pins of type Unspecified and Unspecified are connected
    ; warning
    @(69.85 mm, 83.82 mm): Symbol C75 Pin 2 [2, Unspecified, Line]
    @(86.36 mm, 83.82 mm): Symbol C76 Pin 2 [2, Unspecified, Line]
[pin_to_pin]: Pins of type Unspecified and Power input are connected
    ; warning
    @(69.85 mm, 93.98 mm): Symbol C75 Pin 1 [1, Unspecified, Line]
    @(78.74 mm, 105.41 mm): Symbol #PWR0179 Pin 1 [Power input, Line]
[pin_to_pin]: Pins of type Unspecified and Unspecified are connected
    ; warning
    @(86.36 mm, 83.82 mm): Symbol C76 Pin 2 [2, Unspecified, Line]
    @(116.84 mm, 78.74 mm): Symbol R116 Pin 2 [2, Unspecified, Line]
[pin_to_pin]: Pins of type Unspecified and Power input are connected
    ; warning
    @(86.36 mm, 93.98 mm): Symbol C76 Pin 1 [1, Unspecified, Line]
    @(78.74 mm, 105.41 mm): Symbol #PWR0179 Pin 1 [Power input, Line]
[pin_to_pin]: Pins of type Unspecified and Unspecified are connected
    ; warning
    @(116.84 mm, 78.74 mm): Symbol R116 Pin 2 [2, Unspecified, Line]
    @(133.35 mm, 76.20 mm): Symbol U42 Pin 5 [VIN, Unspecified, Line]
[pin_to_pin]: Pins of type Unspecified and Unspecified are connected
    ; warning
    @(133.35 mm, 76.20 mm): Symbol U42 Pin 5 [VIN, Unspecified, Line]
    @(128.27 mm, 82.55 mm): Symbol U62 Pin 7 [7, Unspecified, Line]
[pin_to_pin]: Pins of type Unspecified and Input are connected
    ; warning
    @(153.67 mm, 76.20 mm): Symbol U42 Pin 1 [VOUT, Unspecified, Line]
    @(180.34 mm, 83.82 mm): Symbol U43 Pin 1 [1, Input, Line]
[pin_to_pin]: Pins of type Unspecified and Power input are connected
    ; warning
    @(153.67 mm, 78.74 mm): Symbol U42 Pin 2 [GND, Unspecified, Line]
    @(160.02 mm, 102.87 mm): Symbol #PWR0181 Pin 1 [Power input, Line]
[pin_to_pin]: Pins of type Unspecified and Input are connected
    ; warning
    @(153.67 mm, 81.28 mm): Symbol U42 Pin 3 [SET, Unspecified, Line]
    @(509.27 mm, 344.17 mm): Symbol R15 Pin 2 [2, Input, Line]
[pin_to_pin]: Pins of type Unspecified and Input are connected
    ; warning
    @(194.31 mm, 83.82 mm): Symbol C77 Pin 2 [2, Unspecified, Line]
    @(180.34 mm, 83.82 mm): Symbol U43 Pin 1 [1, Input, Line]
[pin_to_pin]: Pins of type Unspecified and Input are connected
    ; warning
    @(194.31 mm, 93.98 mm): Symbol C77 Pin 1 [1, Unspecified, Line]
    @(180.34 mm, 93.98 mm): Symbol U43 Pin 2 [2, Input, Line]

***** Sheet /INA226_SINGLE_CURR_SENSOR_SERVO/
[pin_to_pin]: Pins of type Unspecified and Unspecified are connected
    ; warning
    @(121.92 mm, 76.20 mm): Symbol U51 Pin 1 [A1, Unspecified, Line]
    @(121.92 mm, 78.74 mm): Symbol U51 Pin 2 [A0, Unspecified, Line]
[pin_to_pin]: Pins of type Unspecified and Unspecified are connected
    ; warning
    @(121.92 mm, 78.74 mm): Symbol U51 Pin 2 [A0, Unspecified, Line]
    @(121.92 mm, 86.36 mm): Symbol U51 Pin 5 [SCL, Unspecified, Line]
[pin_to_pin]: Pins of type Unspecified and Input are connected
    ; warning
    @(121.92 mm, 81.28 mm): Symbol U51 Pin 3 [Alert, Unspecified, Line]
    @(651.51 mm, 471.17 mm): Symbol R202 Pin 1 [1, Input, Line]
[pin_to_pin]: Pins of type Unspecified and Passive are connected
    ; warning
    @(121.92 mm, 83.82 mm): Symbol U51 Pin 4 [SDA, Unspecified, Line]
    @(725.17 mm, 447.04 mm): Symbol U64 Pin 1 [A, Passive, Line]
[pin_to_pin]: Pins of type Unspecified and Passive are connected
    ; warning
    @(121.92 mm, 86.36 mm): Symbol U51 Pin 5 [SCL, Unspecified, Line]
    @(725.17 mm, 449.58 mm): Symbol U65 Pin 1 [A, Passive, Line]
[pin_to_pin]: Pins of type Unspecified and Passive are connected
    ; warning
    @(147.32 mm, 76.20 mm): Symbol U51 Pin 10 [VIN+, Unspecified, Line]
    @(172.72 mm, 81.28 mm): Symbol NT18 Pin 2 [2, Passive, Line]
[pin_to_pin]: Pins of type Unspecified and Passive are connected
    ; warning
    @(147.32 mm, 78.74 mm): Symbol U51 Pin 9 [VIN-, Unspecified, Line]
    @(172.72 mm, 78.74 mm): Symbol NT17 Pin 2 [2, Passive, Line]
[pin_to_pin]: Pins of type Unspecified and Unspecified are connected
    ; warning
    @(147.32 mm, 81.28 mm): Symbol U51 Pin 8 [VBUS, Unspecified, Line]
    @(147.32 mm, 76.20 mm): Symbol U51 Pin 10 [VIN+, Unspecified, Line]
[pin_to_pin]: Pins of type Unspecified and Power input are connected
    ; warning
    @(147.32 mm, 83.82 mm): Symbol U51 Pin 7 [GND, Unspecified, Line]
    @(151.13 mm, 91.44 mm): Symbol #PWR0183 Pin 1 [Power input, Line]
[pin_to_pin]: Pins of type Unspecified and Power input are connected
    ; warning
    @(147.32 mm, 86.36 mm): Symbol U51 Pin 6 [VS+, Unspecified, Line]
    @(194.31 mm, 83.82 mm): Symbol #PWR0184 Pin 1 [Power input, Line]
[pin_to_pin]: Pins of type Unspecified and Power input are connected
    ; warning
    @(187.96 mm, 88.90 mm): Symbol C87 Pin 1 [1, Unspecified, Line]
    @(194.31 mm, 83.82 mm): Symbol #PWR0184 Pin 1 [Power input, Line]
[pin_to_pin]: Pins of type Unspecified and Power input are connected
    ; warning
    @(187.96 mm, 99.06 mm): Symbol C87 Pin 2 [2, Unspecified, Line]
    @(194.31 mm, 104.14 mm): Symbol #PWR0182 Pin 1 [Power input, Line]
[pin_to_pin]: Pins of type Unspecified and Power input are connected
    ; warning
    @(200.66 mm, 88.90 mm): Symbol C88 Pin 2 [2, Unspecified, Line]
    @(194.31 mm, 83.82 mm): Symbol #PWR0184 Pin 1 [Power input, Line]
[pin_to_pin]: Pins of type Unspecified and Power input are connected
    ; warning
    @(200.66 mm, 99.06 mm): Symbol C88 Pin 1 [1, Unspecified, Line]
    @(194.31 mm, 104.14 mm): Symbol #PWR0182 Pin 1 [Power input, Line]

***** Sheet /ServoConnectors/
[pin_to_pin]: Pins of type Unspecified and Unspecified are connected
    ; warning
    @(113.03 mm, 78.74 mm): Symbol ESC-6V1 Pin 2 [2, Unspecified, Line]
    @(151.13 mm, 88.90 mm): Symbol H3 Pin 5 [5, Unspecified, Line]
[pin_to_pin]: Pins of type Unspecified and Unspecified are connected
    ; warning
    @(151.13 mm, 78.74 mm): Symbol H3 Pin 1 [1, Unspecified, Line]
    @(151.13 mm, 86.36 mm): Symbol H3 Pin 4 [4, Unspecified, Line]
[pin_to_pin]: Pins of type Unspecified and Input are connected
    ; warning
    @(151.13 mm, 83.82 mm): Symbol H3 Pin 3 [3, Unspecified, Line]
    @(43.18 mm, 107.95 mm): Symbol R153 Pin 1 [1, Input, Line]
[pin_to_pin]: Pins of type Unspecified and Unspecified are connected
    ; warning
    @(151.13 mm, 86.36 mm): Symbol H3 Pin 4 [4, Unspecified, Line]
    @(163.83 mm, 83.82 mm): Symbol H3 Pin 10 [10, Unspecified, Line]
[pin_to_pin]: Pins of type Unspecified and Unspecified are connected
    ; warning
    @(151.13 mm, 88.90 mm): Symbol H3 Pin 5 [5, Unspecified, Line]
    @(163.83 mm, 88.90 mm): Symbol H3 Pin 8 [8, Unspecified, Line]
[pin_to_pin]: Pins of type Unspecified and Input are connected
    ; warning
    @(151.13 mm, 91.44 mm): Symbol H3 Pin 6 [6, Unspecified, Line]
    @(53.34 mm, 110.49 mm): Symbol R154 Pin 1 [1, Input, Line]
[pin_to_pin]: Pins of type Unspecified and Input are connected
    ; warning
    @(163.83 mm, 78.74 mm): Symbol H3 Pin 12 [12, Unspecified, Line]
    @(73.66 mm, 115.57 mm): Symbol R156 Pin 1 [1, Input, Line]
[pin_to_pin]: Pins of type Unspecified and Unspecified are connected
    ; warning
    @(163.83 mm, 81.28 mm): Symbol H3 Pin 11 [11, Unspecified, Line]
    @(151.13 mm, 106.68 mm): Symbol H4 Pin 2 [2, Unspecified, Line]
[pin_to_pin]: Pins of type Unspecified and Unspecified are connected
    ; warning
    @(151.13 mm, 104.14 mm): Symbol H4 Pin 1 [1, Unspecified, Line]
    @(151.13 mm, 111.76 mm): Symbol H4 Pin 4 [4, Unspecified, Line]
[pin_to_pin]: Pins of type Unspecified and Unspecified are connected
    ; warning
    @(163.83 mm, 83.82 mm): Symbol H3 Pin 10 [10, Unspecified, Line]
    @(151.13 mm, 104.14 mm): Symbol H4 Pin 1 [1, Unspecified, Line]
[pin_to_pin]: Pins of type Unspecified and Unspecified are connected
    ; warning
    @(151.13 mm, 106.68 mm): Symbol H4 Pin 2 [2, Unspecified, Line]
    @(151.13 mm, 114.30 mm): Symbol H4 Pin 5 [5, Unspecified, Line]
[pin_to_pin]: Pins of type Unspecified and Input are connected
    ; warning
    @(163.83 mm, 86.36 mm): Symbol H3 Pin 9 [9, Unspecified, Line]
    @(63.50 mm, 113.03 mm): Symbol R155 Pin 1 [1, Input, Line]
[pin_to_pin]: Pins of type Unspecified and Unspecified are connected
    ; warning
    @(163.83 mm, 88.90 mm): Symbol H3 Pin 8 [8, Unspecified, Line]
    @(163.83 mm, 81.28 mm): Symbol H3 Pin 11 [11, Unspecified, Line]
[pin_to_pin]: Pins of type Unspecified and Input are connected
    ; warning
    @(151.13 mm, 109.22 mm): Symbol H4 Pin 3 [3, Unspecified, Line]
    @(83.82 mm, 118.11 mm): Symbol R157 Pin 1 [1, Input, Line]
[pin_to_pin]: Pins of type Unspecified and Unspecified are connected
    ; warning
    @(163.83 mm, 91.44 mm): Symbol H3 Pin 7 [7, Unspecified, Line]
    @(163.83 mm, 83.82 mm): Symbol H3 Pin 10 [10, Unspecified, Line]
[pin_to_pin]: Pins of type Unspecified and Unspecified are connected
    ; warning
    @(151.13 mm, 111.76 mm): Symbol H4 Pin 4 [4, Unspecified, Line]
    @(163.83 mm, 109.22 mm): Symbol H4 Pin 10 [10, Unspecified, Line]
[pin_to_pin]: Pins of type Unspecified and Unspecified are connected
    ; warning
    @(151.13 mm, 114.30 mm): Symbol H4 Pin 5 [5, Unspecified, Line]
    @(163.83 mm, 114.30 mm): Symbol H4 Pin 8 [8, Unspecified, Line]
[pin_to_pin]: Pins of type Unspecified and Input are connected
    ; warning
    @(151.13 mm, 116.84 mm): Symbol H4 Pin 6 [6, Unspecified, Line]
    @(93.98 mm, 120.65 mm): Symbol R159 Pin 1 [1, Input, Line]
[pin_to_pin]: Pins of type Unspecified and Input are connected
    ; warning
    @(163.83 mm, 104.14 mm): Symbol H4 Pin 12 [12, Unspecified, Line]
    @(180.34 mm, 83.82 mm): Symbol U43 Pin 1 [1, Input, Line]
[pin_to_pin]: Pins of type Unspecified and Unspecified are connected
    ; warning
    @(163.83 mm, 106.68 mm): Symbol H4 Pin 11 [11, Unspecified, Line]
    @(143.51 mm, 90.17 mm): Symbol U62 Pin 14 [14, Unspecified, Line]
[pin_to_pin]: Pins of type Unspecified and Power input are connected
    ; warning
    @(163.83 mm, 109.22 mm): Symbol H4 Pin 10 [10, Unspecified, Line]
    @(181.61 mm, 111.76 mm): Symbol #PWR0120 Pin 1 [Power input, Line]
[pin_to_pin]: Pins of type Unspecified and Input are connected
    ; warning
    @(163.83 mm, 111.76 mm): Symbol H4 Pin 9 [9, Unspecified, Line]
    @(104.14 mm, 123.19 mm): Symbol R162 Pin 1 [1, Input, Line]
[pin_to_pin]: Pins of type Unspecified and Unspecified are connected
    ; warning
    @(163.83 mm, 114.30 mm): Symbol H4 Pin 8 [8, Unspecified, Line]
    @(524.51 mm, 308.61 mm): Symbol R16 Pin 2 [2, Unspecified, Line]
[pin_to_pin]: Pins of type Unspecified and Unspecified are connected
    ; warning
    @(163.83 mm, 116.84 mm): Symbol H4 Pin 7 [7, Unspecified, Line]
    @(163.83 mm, 109.22 mm): Symbol H4 Pin 10 [10, Unspecified, Line]

***** Sheet /ESC FET/
[pin_to_pin]: Pins of type Unspecified and Unspecified are connected
    ; warning
    @(77.47 mm, 101.60 mm): Symbol C85 Pin 2 [2, Unspecified, Line]
    @(90.17 mm, 101.60 mm): Symbol C86 Pin 2 [2, Unspecified, Line]
[pin_to_pin]: Pins of type Unspecified and Input are connected
    ; warning
    @(90.17 mm, 101.60 mm): Symbol C86 Pin 2 [2, Unspecified, Line]
    @(91.44 mm, 99.06 mm): Symbol R119 Pin 1 [1, Input, Line]
[pin_to_pin]: Pins of type Unspecified and Unspecified are connected
    ; warning
    @(77.47 mm, 111.76 mm): Symbol C85 Pin 1 [1, Unspecified, Line]
    @(90.17 mm, 111.76 mm): Symbol C86 Pin 1 [1, Unspecified, Line]
[pin_to_pin]: Pins of type Unspecified and Input are connected
    ; warning
    @(90.17 mm, 111.76 mm): Symbol C86 Pin 1 [1, Unspecified, Line]
    @(63.50 mm, 111.76 mm): Symbol C84 Pin 2 [2, Input, Line]
[pin_to_pin]: Pins of type Unspecified and Unspecified are connected
    ; warning
    @(111.76 mm, 91.44 mm): Symbol Q11 Pin 1 [S, Unspecified, Line]
    @(111.76 mm, 93.98 mm): Symbol Q11 Pin 2 [S, Unspecified, Line]
[pin_to_pin]: Pins of type Unspecified and Unspecified are connected
    ; warning
    @(111.76 mm, 93.98 mm): Symbol Q11 Pin 2 [S, Unspecified, Line]
    @(111.76 mm, 96.52 mm): Symbol Q11 Pin 3 [S, Unspecified, Line]
[pin_to_pin]: Pins of type Unspecified and Input are connected
    ; warning
    @(111.76 mm, 96.52 mm): Symbol Q11 Pin 3 [S, Unspecified, Line]
    @(91.44 mm, 99.06 mm): Symbol R119 Pin 1 [1, Input, Line]
[pin_to_pin]: Pins of type Unspecified and Unspecified are connected
    ; warning
    @(127.00 mm, 91.44 mm): Symbol Q11 Pin 8 [D, Unspecified, Line]
    @(591.82 mm, 229.87 mm): Symbol R18 Pin 1 [1, Unspecified, Line]
[pin_to_pin]: Pins of type Unspecified and Unspecified are connected
    ; warning
    @(127.00 mm, 93.98 mm): Symbol Q11 Pin 7 [D, Unspecified, Line]
    @(127.00 mm, 91.44 mm): Symbol Q11 Pin 8 [D, Unspecified, Line]
[pin_to_pin]: Pins of type Unspecified and Unspecified are connected
    ; warning
    @(127.00 mm, 96.52 mm): Symbol Q11 Pin 6 [D, Unspecified, Line]
    @(127.00 mm, 93.98 mm): Symbol Q11 Pin 7 [D, Unspecified, Line]
[pin_to_pin]: Pins of type Unspecified and Unspecified are connected
    ; warning
    @(127.00 mm, 99.06 mm): Symbol Q11 Pin 5 [D, Unspecified, Line]
    @(127.00 mm, 96.52 mm): Symbol Q11 Pin 6 [D, Unspecified, Line]
[pin_to_pin]: Pins of type Unspecified and Unspecified are connected
    ; warning
    @(105.41 mm, 130.81 mm): Symbol Q10 Pin 2 [S, Unspecified, Line]
    @(115.57 mm, 140.97 mm): Symbol R120 Pin 2 [2, Unspecified, Line]
[pin_to_pin]: Pins of type Unspecified and Unspecified are connected
    ; warning
    @(113.03 mm, 125.73 mm): Symbol Q10 Pin 1 [G, Unspecified, Line]
    @(115.57 mm, 130.81 mm): Symbol R120 Pin 1 [1, Unspecified, Line]
[pin_to_pin]: Pins of type Unspecified and Input are connected
    ; warning
    @(115.57 mm, 130.81 mm): Symbol R120 Pin 1 [1, Unspecified, Line]
    @(650.24 mm, 398.78 mm): Symbol R28 Pin 1 [1, Input, Line]
[multiple_net_names]: Both IN- and OUT- are attached to the same items; IN- will be used in the netlist
    ; warning
    @(48.26 mm, 116.84 mm): Hierarchical Label 'IN-'
    @(132.08 mm, 116.84 mm): Hierarchical Label 'OUT-'
[pin_to_pin]: Pins of type Unspecified and Power input are connected
    ; warning
    @(115.57 mm, 140.97 mm): Symbol R120 Pin 2 [2, Unspecified, Line]
    @(110.49 mm, 147.32 mm): Symbol #PWR0141 Pin 1 [Power input, Line]

***** Sheet /PWM Driver/
[pin_not_driven]: Input pin not driven by any Output pins
    ; error
    @(43.18 mm, 107.95 mm): Symbol R153 Pin 1 [1, Input, Line]
[pin_not_driven]: Input pin not driven by any Output pins
    ; error
    @(53.34 mm, 110.49 mm): Symbol R154 Pin 1 [1, Input, Line]
[pin_not_driven]: Input pin not driven by any Output pins
    ; error
    @(63.50 mm, 113.03 mm): Symbol R155 Pin 1 [1, Input, Line]
[pin_not_driven]: Input pin not driven by any Output pins
    ; error
    @(73.66 mm, 115.57 mm): Symbol R156 Pin 1 [1, Input, Line]
[pin_not_driven]: Input pin not driven by any Output pins
    ; error
    @(83.82 mm, 118.11 mm): Symbol R157 Pin 1 [1, Input, Line]
[pin_not_driven]: Input pin not driven by any Output pins
    ; error
    @(93.98 mm, 120.65 mm): Symbol R159 Pin 1 [1, Input, Line]
[pin_not_driven]: Input pin not driven by any Output pins
    ; error
    @(104.14 mm, 123.19 mm): Symbol R162 Pin 1 [1, Input, Line]
[pin_not_connected]: Pin not connected
    ; error
    @(158.75 mm, 125.73 mm): Symbol U59 Pin 13 [LED7, Input, Line]
[pin_not_connected]: Pin not connected
    ; error
    @(184.15 mm, 110.49 mm): Symbol U59 Pin 22 [LED15, Input, Line]
[pin_not_connected]: Pin not connected
    ; error
    @(184.15 mm, 113.03 mm): Symbol U59 Pin 21 [LED14, Input, Line]
[pin_not_connected]: Pin not connected
    ; error
    @(184.15 mm, 115.57 mm): Symbol U59 Pin 20 [LED13, Input, Line]
[pin_not_connected]: Pin not connected
    ; error
    @(184.15 mm, 118.11 mm): Symbol U59 Pin 19 [LED12, Input, Line]
[pin_not_connected]: Pin not connected
    ; error
    @(184.15 mm, 120.65 mm): Symbol U59 Pin 18 [LED11, Input, Line]
[pin_not_connected]: Pin not connected
    ; error
    @(184.15 mm, 123.19 mm): Symbol U59 Pin 17 [LED10, Input, Line]
[pin_not_connected]: Pin not connected
    ; error
    @(184.15 mm, 125.73 mm): Symbol U59 Pin 16 [LED9, Input, Line]
[pin_not_connected]: Pin not connected
    ; error
    @(184.15 mm, 128.27 mm): Symbol U59 Pin 15 [LED8, Input, Line]
[pin_to_pin]: Pins of type Unspecified and Power input are connected
    ; warning
    @(236.22 mm, 69.85 mm): Symbol C121 Pin 2 [2, Unspecified, Line]
    @(243.84 mm, 60.96 mm): Symbol #PWR0162 Pin 1 [Power input, Line]
[pin_to_pin]: Pins of type Unspecified and Power input are connected
    ; warning
    @(236.22 mm, 80.01 mm): Symbol C121 Pin 1 [1, Unspecified, Line]
    @(243.84 mm, 87.63 mm): Symbol #PWR0163 Pin 1 [Power input, Line]
[pin_to_pin]: Pins of type Unspecified and Power input are connected
    ; warning
    @(251.46 mm, 69.85 mm): Symbol C122 Pin 2 [2, Unspecified, Line]
    @(243.84 mm, 60.96 mm): Symbol #PWR0162 Pin 1 [Power input, Line]
[pin_to_pin]: Pins of type Unspecified and Power input are connected
    ; warning
    @(251.46 mm, 80.01 mm): Symbol C122 Pin 1 [1, Unspecified, Line]
    @(243.84 mm, 87.63 mm): Symbol #PWR0163 Pin 1 [Power input, Line]

***** Sheet /INA226_SINGLE_CURR_SENSOR_ESC/
[pin_to_pin]: Pins of type Unspecified and Unspecified are connected
    ; warning
    @(121.92 mm, 76.20 mm): Symbol U51 Pin 1 [A1, Unspecified, Line]
    @(121.92 mm, 86.36 mm): Symbol U51 Pin 5 [SCL, Unspecified, Line]
[pin_to_pin]: Pins of type Unspecified and Unspecified are connected
    ; warning
    @(121.92 mm, 78.74 mm): Symbol U51 Pin 2 [A0, Unspecified, Line]
    @(121.92 mm, 83.82 mm): Symbol U51 Pin 4 [SDA, Unspecified, Line]
[pin_to_pin]: Pins of type Unspecified and Input are connected
    ; warning
    @(121.92 mm, 81.28 mm): Symbol U51 Pin 3 [Alert, Unspecified, Line]
    @(651.51 mm, 468.63 mm): Symbol R201 Pin 1 [1, Input, Line]
[pin_to_pin]: Pins of type Unspecified and Passive are connected
    ; warning
    @(121.92 mm, 83.82 mm): Symbol U51 Pin 4 [SDA, Unspecified, Line]
    @(725.17 mm, 447.04 mm): Symbol U64 Pin 1 [A, Passive, Line]
[pin_to_pin]: Pins of type Unspecified and Passive are connected
    ; warning
    @(121.92 mm, 86.36 mm): Symbol U51 Pin 5 [SCL, Unspecified, Line]
    @(725.17 mm, 449.58 mm): Symbol U65 Pin 1 [A, Passive, Line]
[pin_to_pin]: Pins of type Unspecified and Passive are connected
    ; warning
    @(147.32 mm, 76.20 mm): Symbol U51 Pin 10 [VIN+, Unspecified, Line]
    @(172.72 mm, 81.28 mm): Symbol NT18 Pin 2 [2, Passive, Line]
[pin_to_pin]: Pins of type Unspecified and Passive are connected
    ; warning
    @(147.32 mm, 78.74 mm): Symbol U51 Pin 9 [VIN-, Unspecified, Line]
    @(172.72 mm, 78.74 mm): Symbol NT17 Pin 2 [2, Passive, Line]
[pin_to_pin]: Pins of type Unspecified and Unspecified are connected
    ; warning
    @(147.32 mm, 81.28 mm): Symbol U51 Pin 8 [VBUS, Unspecified, Line]
    @(147.32 mm, 76.20 mm): Symbol U51 Pin 10 [VIN+, Unspecified, Line]
[pin_to_pin]: Pins of type Unspecified and Power input are connected
    ; warning
    @(147.32 mm, 83.82 mm): Symbol U51 Pin 7 [GND, Unspecified, Line]
    @(151.13 mm, 91.44 mm): Symbol #PWR0183 Pin 1 [Power input, Line]
[pin_to_pin]: Pins of type Unspecified and Power input are connected
    ; warning
    @(147.32 mm, 86.36 mm): Symbol U51 Pin 6 [VS+, Unspecified, Line]
    @(194.31 mm, 83.82 mm): Symbol #PWR0184 Pin 1 [Power input, Line]
[pin_to_pin]: Pins of type Unspecified and Power input are connected
    ; warning
    @(187.96 mm, 88.90 mm): Symbol C87 Pin 1 [1, Unspecified, Line]
    @(194.31 mm, 83.82 mm): Symbol #PWR0184 Pin 1 [Power input, Line]
[pin_to_pin]: Pins of type Unspecified and Power input are connected
    ; warning
    @(187.96 mm, 99.06 mm): Symbol C87 Pin 2 [2, Unspecified, Line]
    @(194.31 mm, 104.14 mm): Symbol #PWR0182 Pin 1 [Power input, Line]
[pin_to_pin]: Pins of type Unspecified and Power input are connected
    ; warning
    @(200.66 mm, 88.90 mm): Symbol C88 Pin 2 [2, Unspecified, Line]
    @(194.31 mm, 83.82 mm): Symbol #PWR0184 Pin 1 [Power input, Line]
[pin_to_pin]: Pins of type Unspecified and Power input are connected
    ; warning
    @(200.66 mm, 99.06 mm): Symbol C88 Pin 1 [1, Unspecified, Line]
    @(194.31 mm, 104.14 mm): Symbol #PWR0182 Pin 1 [Power input, Line]

***** Sheet /Mikroe mikroBus Shuttle Clone/
[pin_not_driven]: Input pin not driven by any Output pins
    ; error
    @(162.56 mm, 85.09 mm): Symbol C130 Pin 2 [2, Input, Line]
[pin_to_pin]: Pins of type Unspecified and Input are connected
    ; warning
    @(128.27 mm, 82.55 mm): Symbol U62 Pin 7 [7, Unspecified, Line]
    @(107.95 mm, 82.55 mm): Symbol C128 Pin 2 [2, Input, Line]
[pin_to_pin]: Pins of type Unspecified and Power input are connected
    ; warning
    @(128.27 mm, 85.09 mm): Symbol U62 Pin 9 [9, Unspecified, Line]
    @(128.27 mm, 85.09 mm): Symbol #PWR0187 Pin 1 [Power input, Line]
[pin_to_pin]: Pins of type Unspecified and Passive are connected
    ; warning
    @(128.27 mm, 87.63 mm): Symbol U62 Pin 11 [11, Unspecified, Line]
    @(725.17 mm, 447.04 mm): Symbol U64 Pin 1 [A, Passive, Line]
[pin_to_pin]: Pins of type Unspecified and Input are connected
    ; warning
    @(128.27 mm, 92.71 mm): Symbol U62 Pin 15 [15, Unspecified, Line]
    @(707.39 mm, 478.79 mm): Symbol R213 Pin 1 [1, Input, Line]
[pin_to_pin]: Pins of type Unspecified and Power input are connected
    ; warning
    @(143.51 mm, 82.55 mm): Symbol U62 Pin 8 [8, Unspecified, Line]
    @(143.51 mm, 82.55 mm): Symbol #PWR0185 Pin 1 [Power input, Line]
[pin_to_pin]: Pins of type Unspecified and Input are connected
    ; warning
    @(143.51 mm, 85.09 mm): Symbol U62 Pin 10 [10, Unspecified, Line]
    @(162.56 mm, 85.09 mm): Symbol C130 Pin 2 [2, Input, Line]
[pin_to_pin]: Pins of type Unspecified and Passive are connected
    ; warning
    @(143.51 mm, 87.63 mm): Symbol U62 Pin 12 [12, Unspecified, Line]
    @(725.17 mm, 449.58 mm): Symbol U65 Pin 1 [A, Passive, Line]

***** Sheet /Mikroe mikroBus Shuttle Clone1/
[pin_not_driven]: Input pin not driven by any Output pins
    ; error
    @(162.56 mm, 85.09 mm): Symbol C130 Pin 2 [2, Input, Line]
[pin_to_pin]: Pins of type Unspecified and Input are connected
    ; warning
    @(128.27 mm, 82.55 mm): Symbol U62 Pin 7 [7, Unspecified, Line]
    @(107.95 mm, 82.55 mm): Symbol C128 Pin 2 [2, Input, Line]
[pin_to_pin]: Pins of type Unspecified and Power input are connected
    ; warning
    @(128.27 mm, 85.09 mm): Symbol U62 Pin 9 [9, Unspecified, Line]
    @(128.27 mm, 85.09 mm): Symbol #PWR0187 Pin 1 [Power input, Line]
[pin_to_pin]: Pins of type Unspecified and Passive are connected
    ; warning
    @(128.27 mm, 87.63 mm): Symbol U62 Pin 11 [11, Unspecified, Line]
    @(725.17 mm, 453.39 mm): Symbol U66 Pin 1 [A, Passive, Line]
[pin_to_pin]: Pins of type Unspecified and Unspecified are connected
    ; warning
    @(128.27 mm, 92.71 mm): Symbol U62 Pin 15 [15, Unspecified, Line]
    @(128.27 mm, 92.71 mm): Symbol U62 Pin 15 [15, Unspecified, Line]
[pin_to_pin]: Pins of type Unspecified and Power input are connected
    ; warning
    @(143.51 mm, 82.55 mm): Symbol U62 Pin 8 [8, Unspecified, Line]
    @(143.51 mm, 82.55 mm): Symbol #PWR0185 Pin 1 [Power input, Line]
[pin_to_pin]: Pins of type Unspecified and Input are connected
    ; warning
    @(143.51 mm, 85.09 mm): Symbol U62 Pin 10 [10, Unspecified, Line]
    @(162.56 mm, 85.09 mm): Symbol C130 Pin 2 [2, Input, Line]
[pin_to_pin]: Pins of type Unspecified and Passive are connected
    ; warning
    @(143.51 mm, 87.63 mm): Symbol U62 Pin 12 [12, Unspecified, Line]
    @(725.17 mm, 455.93 mm): Symbol U67 Pin 1 [A, Passive, Line]

 ** ERC messages: 1992  Errors 291  Warnings 1701
