ERC report (2026-02-23T11:13:56+0100, Encoding UTF8)

***** Sheet /Battery System/
[pin_not_driven]: Input pin not driven by any Output pins
    ; error
    @(85.09 mm, 21.59 mm): Symbol F1 Pin 1 [1, Input, Line]
[power_pin_not_driven]: Input Power pin not driven by any Output Power pins
    ; error
    @(34.29 mm, 128.27 mm): Symbol #PWR01 Pin 1 [Power input, Line]
[pin_not_connected]: Pin not connected
    ; error
    @(135.89 mm, 53.34 mm): Hierarchical Sheet Pin TS1
[pin_not_connected]: Pin not connected
    ; error
    @(138.43 mm, 53.34 mm): Hierarchical Sheet Pin TS3
[pin_not_connected]: Pin not connected
    ; error
    @(152.40 mm, 64.77 mm): Hierarchical Sheet Pin PDSG
[power_pin_not_driven]: Input Power pin not driven by any Output Power pins
    ; error
    @(172.72 mm, 119.38 mm): Symbol #PWR018 Pin 1 [Power input, Line]
[power_pin_not_driven]: Input Power pin not driven by any Output Power pins
    ; error
    @(245.11 mm, 66.04 mm): Symbol #PWR032 Pin 1 [Power input, Line]
[power_pin_not_driven]: Input Power pin not driven by any Output Power pins
    ; error
    @(172.72 mm, 191.77 mm): Symbol #PWR019 Pin 1 [Power input, Line]
[power_pin_not_driven]: Input Power pin not driven by any Output Power pins
    ; error
    @(232.41 mm, 139.70 mm): Symbol #PWR030 Pin 1 [Power input, Line]
[power_pin_not_driven]: Input Power pin not driven by any Output Power pins
    ; error
    @(280.67 mm, 83.82 mm): Symbol #PWR034 Pin 1 [Power input, Line]
[power_pin_not_driven]: Input Power pin not driven by any Output Power pins
    ; error
    @(290.83 mm, 78.74 mm): Symbol #PWR036 Pin 1 [Power input, Line]
[pin_not_connected]: Pin not connected
    ; error
    @(355.60 mm, 53.34 mm): Hierarchical Sheet Pin GND
[power_pin_not_driven]: Input Power pin not driven by any Output Power pins
    ; error
    @(60.96 mm, 364.49 mm): Symbol #PWR03 Pin 1 [Power input, Line]
[power_pin_not_driven]: Input Power pin not driven by any Output Power pins
    ; error
    @(87.63 mm, 359.41 mm): Symbol #PWR05 Pin 1 [Power input, Line]
[pin_not_driven]: Input pin not driven by any Output pins
    ; error
    @(377.19 mm, 113.03 mm): Symbol R12 Pin 2 [2, Input, Line]
[power_pin_not_driven]: Input Power pin not driven by any Output Power pins
    ; error
    @(114.30 mm, 444.50 mm): Symbol #PWR07 Pin 1 [Power input, Line]
[pin_not_driven]: Input pin not driven by any Output pins
    ; error
    @(114.30 mm, 454.66 mm): Symbol R2 Pin 2 [2, Input, Line]
[power_pin_not_driven]: Input Power pin not driven by any Output Power pins
    ; error
    @(162.56 mm, 444.50 mm): Symbol #PWR016 Pin 1 [Power input, Line]
[power_pin_not_driven]: Input Power pin not driven by any Output Power pins
    ; error
    @(347.98 mm, 322.58 mm): Symbol #PWR042 Pin 1 [Power input, Line]
[pin_not_driven]: Input pin not driven by any Output pins
    ; error
    @(147.32 mm, 454.66 mm): Symbol R5 Pin 2 [2, Input, Line]
[power_pin_not_driven]: Input Power pin not driven by any Output Power pins
    ; error
    @(177.80 mm, 444.50 mm): Symbol #PWR020 Pin 1 [Power input, Line]
[pin_not_connected]: Pin not connected
    ; error
    @(393.70 mm, 330.20 mm): Symbol C7 Pin 1 [1, Input, Line]
[pin_not_driven]: Input pin not driven by any Output pins
    ; error
    @(393.70 mm, 330.20 mm): Symbol C7 Pin 1 [1, Input, Line]
[pin_not_connected]: Pin not connected
    ; error
    @(393.70 mm, 340.36 mm): Symbol C7 Pin 2 [2, Input, Line]
[pin_not_driven]: Input pin not driven by any Output pins
    ; error
    @(393.70 mm, 340.36 mm): Symbol C7 Pin 2 [2, Input, Line]
[pin_not_driven]: Input pin not driven by any Output pins
    ; error
    @(411.48 mm, 332.74 mm): Symbol C9 Pin 1 [1, Input, Line]
[pin_not_driven]: Input pin not driven by any Output pins
    ; error
    @(552.45 mm, 41.91 mm): Symbol R17 Pin 1 [1, Input, Line]
[pin_not_driven]: Input pin not driven by any Output pins
    ; error
    @(509.27 mm, 344.17 mm): Symbol R15 Pin 2 [2, Input, Line]
[pin_not_connected]: Pin not connected
    ; error
    @(716.28 mm, 274.32 mm): Hierarchical Sheet Pin SDI
[pin_not_connected]: Pin not connected
    ; error
    @(716.28 mm, 285.75 mm): Hierarchical Sheet Pin CS
[pin_not_connected]: Pin not connected
    ; error
    @(716.28 mm, 289.56 mm): Hierarchical Sheet Pin AN
[pin_not_connected]: Pin not connected
    ; error
    @(716.28 mm, 293.37 mm): Hierarchical Sheet Pin SCK
[pin_not_connected]: Pin not connected
    ; error
    @(716.28 mm, 297.18 mm): Hierarchical Sheet Pin SDO
[pin_not_connected]: Pin not connected
    ; error
    @(739.14 mm, 276.86 mm): Hierarchical Sheet Pin TX
[pin_not_connected]: Pin not connected
    ; error
    @(739.14 mm, 299.72 mm): Hierarchical Sheet Pin RST
[pin_not_connected]: Pin not connected
    ; error
    @(767.08 mm, 311.15 mm): Hierarchical Sheet Pin SDI
[pin_not_connected]: Pin not connected
    ; error
    @(767.08 mm, 314.96 mm): Hierarchical Sheet Pin PWM
[pin_not_connected]: Pin not connected
    ; error
    @(767.08 mm, 322.58 mm): Hierarchical Sheet Pin CS
[pin_not_connected]: Pin not connected
    ; error
    @(767.08 mm, 326.39 mm): Hierarchical Sheet Pin AN
[pin_not_connected]: Pin not connected
    ; error
    @(767.08 mm, 330.20 mm): Hierarchical Sheet Pin SCK
[pin_not_connected]: Pin not connected
    ; error
    @(767.08 mm, 334.01 mm): Hierarchical Sheet Pin SDO
[pin_not_driven]: Input pin not driven by any Output pins
    ; error
    @(731.52 mm, 410.21 mm): Symbol R243 Pin 2 [2, Input, Line]
[pin_not_connected]: Pin not connected
    ; error
    @(789.94 mm, 309.88 mm): Hierarchical Sheet Pin RX
[pin_not_connected]: Pin not connected
    ; error
    @(688.34 mm, 496.57 mm): Hierarchical Sheet Pin P1_7
[pin_not_connected]: Pin not connected
    ; error
    @(789.94 mm, 313.69 mm): Hierarchical Sheet Pin TX
[pin_not_connected]: Pin not connected
    ; error
    @(789.94 mm, 336.55 mm): Hierarchical Sheet Pin RST
[pin_not_driven]: Input pin not driven by any Output pins
    ; error
    @(736.60 mm, 472.44 mm): Symbol R19 Pin 2 [2, Input, Line]
[pin_not_connected]: Pin not connected
    ; error
    @(730.25 mm, 483.87 mm): Hierarchical Sheet Pin P2_5
[pin_not_connected]: Pin not connected
    ; error
    @(730.25 mm, 486.41 mm): Hierarchical Sheet Pin P2_4
[pin_not_connected]: Pin not connected
    ; error
    @(730.25 mm, 491.49 mm): Hierarchical Sheet Pin P2_2
[label_dangling]: Label not connected to anything
    ; error
    @(129.54 mm, 90.17 mm): Label 'SCL_SLOW'
[label_dangling]: Label not connected to anything
    ; error
    @(129.54 mm, 92.71 mm): Label 'SDA_SLOW'
[label_dangling]: Label not connected to anything
    ; error
    @(199.39 mm, 115.57 mm): Hierarchical Label 'TS1'
[label_dangling]: Label not connected to anything
    ; error
    @(199.39 mm, 120.65 mm): Hierarchical Label 'TS3'
[label_dangling]: Label not connected to anything
    ; error
    @(242.57 mm, 87.63 mm): Hierarchical Label 'PDSG'
[label_dangling]: Label not connected to anything
    ; error
    @(128.27 mm, 74.93 mm): Hierarchical Label 'AN'
[label_dangling]: Label not connected to anything
    ; error
    @(128.27 mm, 77.47 mm): Hierarchical Label 'RST'
[label_dangling]: Label not connected to anything
    ; error
    @(128.27 mm, 80.01 mm): Hierarchical Label 'CS'
[label_dangling]: Label not connected to anything
    ; error
    @(128.27 mm, 82.55 mm): Hierarchical Label 'SCK'
[label_dangling]: Label not connected to anything
    ; error
    @(128.27 mm, 85.09 mm): Hierarchical Label 'SDO'
[label_dangling]: Label not connected to anything
    ; error
    @(128.27 mm, 87.63 mm): Hierarchical Label 'SDI'
[label_dangling]: Label not connected to anything
    ; error
    @(143.51 mm, 82.55 mm): Hierarchical Label 'TX'
[lib_symbol_mismatch]: Symbol 'XT60PW-M' doesn't match copy in library '5v rail sm-easyedapro'
    ; warning
    @(26.67 mm, 24.13 mm): Symbol -BatMains+1 [XT60PW-M]
[pin_to_pin]: Pins of type Unspecified and Input are connected
    ; warning
    @(31.75 mm, 25.40 mm): Symbol -BatMains+1 Pin 2 [+, Unspecified, Line]
    @(85.09 mm, 21.59 mm): Symbol F1 Pin 1 [1, Input, Line]
[pin_to_pin]: Pins of type Unspecified and Passive are connected
    ; warning
    @(31.75 mm, 27.94 mm): Symbol -BatMains+1 Pin 1 [-, Unspecified, Line]
    @(100.33 mm, 38.10 mm): Symbol NT2 Pin 2 [2, Passive, Line]
[footprint_link_issues]: Footprint 'JST_XH_B2B-XH-A_1x02_P2.50mm_Vertical' not found in library 'Connector_JST'.
    ; warning
    @(27.94 mm, 63.50 mm): Symbol CN1 [B2B-XH-A (LF)(SN)]
[lib_symbol_mismatch]: Symbol 'B2B-XH-A (LF)(SN)' doesn't match copy in library '5v rail sm-easyedapro'
    ; warning
    @(27.94 mm, 63.50 mm): Symbol CN1 [B2B-XH-A (LF)(SN)]
[pin_to_pin]: Pins of type Unspecified and Unspecified are connected
    ; warning
    @(34.29 mm, 62.23 mm): Symbol CN1 Pin 1 [1, Unspecified, Line]
    @(152.40 mm, 80.01 mm): Symbol U84 Pin 1 [K, Unspecified, Line]
[pin_to_pin]: Pins of type Unspecified and Unspecified are connected
    ; warning
    @(34.29 mm, 64.77 mm): Symbol CN1 Pin 2 [2, Unspecified, Line]
    @(207.01 mm, 100.33 mm): Symbol SW2 Pin 2 [2, Unspecified, Line]
[pin_to_pin]: Pins of type Unspecified and Unspecified are connected
    ; warning
    @(29.21 mm, 78.74 mm): Symbol BatBalConn1 Pin 1 [1, Unspecified, Line]
    @(87.63 mm, 78.74 mm): Symbol F2 Pin 1 [1, Unspecified, Line]
[pin_to_pin]: Pins of type Unspecified and Unspecified are connected
    ; warning
    @(29.21 mm, 81.28 mm): Symbol BatBalConn1 Pin 2 [2, Unspecified, Line]
    @(87.63 mm, 81.28 mm): Symbol F3 Pin 1 [1, Unspecified, Line]
[pin_to_pin]: Pins of type Unspecified and Unspecified are connected
    ; warning
    @(29.21 mm, 83.82 mm): Symbol BatBalConn1 Pin 3 [3, Unspecified, Line]
    @(87.63 mm, 83.82 mm): Symbol F4 Pin 1 [1, Unspecified, Line]
[pin_to_pin]: Pins of type Unspecified and Passive are connected
    ; warning
    @(29.21 mm, 86.36 mm): Symbol BatBalConn1 Pin 4 [4, Unspecified, Line]
    @(86.36 mm, 87.63 mm): Symbol NT1 Pin 2 [2, Passive, Line]
[lib_symbol_mismatch]: Symbol 'XF-507P' doesn't match copy in library '5v rail sm-easyedapro'
    ; warning
    @(90.17 mm, 21.59 mm): Symbol F1 [XF-507P]
[footprint_link_issues]: Footprint 'NetTie-2_SMD_Pad0.5mm' not found in library 'NetTie'.
    ; warning
    @(100.33 mm, 40.64 mm): Symbol NT2 [NetTie_2]
[lib_symbol_issues]: The symbol library 'Device' was not found at '/opt/homebrew/bin/SharedSupport/symbols//Device.kicad_sym'.
    ; warning
    @(100.33 mm, 40.64 mm): Symbol NT2 [NetTie_2]
[pin_to_pin]: Pins of type Unspecified and Input are connected
    ; warning
    @(111.76 mm, 21.59 mm): Symbol D1 Pin 1 [1, Unspecified, Line]
    @(95.25 mm, 21.59 mm): Symbol F1 Pin 3 [3, Input, Line]
[lib_symbol_mismatch]: Symbol 'SMAJ16A_C908770' doesn't match copy in library '5v rail sm-easyedapro'
    ; warning
    @(111.76 mm, 26.67 mm): Symbol D1 [SMAJ16A_C908770]
[pin_to_pin]: Pins of type Unspecified and Passive are connected
    ; warning
    @(111.76 mm, 31.75 mm): Symbol D1 Pin 2 [2, Unspecified, Line]
    @(100.33 mm, 38.10 mm): Symbol NT2 Pin 2 [2, Passive, Line]
[footprint_link_issues]: Footprint 'Fuse_1206_3216Metric' not found in library 'Fuse'.
    ; warning
    @(92.71 mm, 78.74 mm): Symbol F2 [0466001.NRHF]
[lib_symbol_mismatch]: Symbol '0466001.NRHF' doesn't match copy in library '5v rail sm-easyedapro'
    ; warning
    @(92.71 mm, 78.74 mm): Symbol F2 [0466001.NRHF]
[footprint_link_issues]: Footprint 'Fuse_1206_3216Metric' not found in library 'Fuse'.
    ; warning
    @(92.71 mm, 81.28 mm): Symbol F3 [0466001.NRHF]
[lib_symbol_mismatch]: Symbol '0466001.NRHF' doesn't match copy in library '5v rail sm-easyedapro'
    ; warning
    @(92.71 mm, 81.28 mm): Symbol F3 [0466001.NRHF]
[footprint_link_issues]: Footprint 'NetTie-2_SMD_Pad0.5mm' not found in library 'NetTie'.
    ; warning
    @(86.36 mm, 90.17 mm): Symbol NT1 [NetTie_2]
[lib_symbol_issues]: The symbol library 'Device' was not found at '/opt/homebrew/bin/SharedSupport/symbols//Device.kicad_sym'.
    ; warning
    @(86.36 mm, 90.17 mm): Symbol NT1 [NetTie_2]
[footprint_link_issues]: Footprint 'Fuse_1206_3216Metric' not found in library 'Fuse'.
    ; warning
    @(92.71 mm, 83.82 mm): Symbol F4 [0466001.NRHF]
[lib_symbol_mismatch]: Symbol '0466001.NRHF' doesn't match copy in library '5v rail sm-easyedapro'
    ; warning
    @(92.71 mm, 83.82 mm): Symbol F4 [0466001.NRHF]
[pin_to_pin]: Pins of type Unspecified and Passive are connected
    ; warning
    @(97.79 mm, 78.74 mm): Symbol F2 Pin 2 [2, Unspecified, Line]
    @(198.12 mm, 44.45 mm): Symbol U79 Pin 2 [B, Passive, Line]
[pin_to_pin]: Pins of type Unspecified and Unspecified are connected
    ; warning
    @(30.48 mm, 123.19 mm): Symbol DC1 Pin 1 [1, Unspecified, Line]
    @(55.88 mm, 123.19 mm): Symbol U10 Pin 1 [1, Unspecified, Line]
[pin_to_pin]: Pins of type Unspecified and Unspecified are connected
    ; warning
    @(97.79 mm, 81.28 mm): Symbol F3 Pin 2 [2, Unspecified, Line]
    @(57.15 mm, 73.66 mm): Symbol R173 Pin 1 [1, Unspecified, Line]
[pin_to_pin]: Pins of type Unspecified and Unspecified are connected
    ; warning
    @(97.79 mm, 83.82 mm): Symbol F4 Pin 2 [2, Unspecified, Line]
    @(57.15 mm, 90.17 mm): Symbol R174 Pin 1 [1, Unspecified, Line]
[pin_to_pin]: Pins of type Unspecified and Power input are connected
    ; warning
    @(30.48 mm, 125.73 mm): Symbol DC1 Pin 3 [3, Unspecified, Line]
    @(34.29 mm, 128.27 mm): Symbol #PWR01 Pin 1 [Power input, Line]
[pin_to_pin]: Pins of type Unspecified and Unspecified are connected
    ; warning
    @(30.48 mm, 128.27 mm): Symbol DC1 Pin 2 [2, Unspecified, Line]
    @(30.48 mm, 125.73 mm): Symbol DC1 Pin 3 [3, Unspecified, Line]
[lib_symbol_issues]: The symbol library 'power' was not found at '/opt/homebrew/bin/SharedSupport/symbols//power.kicad_sym'.
    ; warning
    @(34.29 mm, 128.27 mm): Symbol #PWR01 [GND]
[pin_to_pin]: Pins of type Unspecified and Power input are connected
    ; warning
    @(55.88 mm, 123.19 mm): Symbol U10 Pin 1 [1, Unspecified, Line]
    @(280.67 mm, 83.82 mm): Symbol #PWR034 Pin 1 [Power input, Line]
[pin_to_pin]: Pins of type Unspecified and Input are connected
    ; warning
    @(66.04 mm, 123.19 mm): Symbol U10 Pin 2 [2, Unspecified, Line]
    @(175.26 mm, 100.33 mm): Symbol U58 Pin 4 [IN, Input, Line]
[endpoint_off_grid]: Symbol pin or wire end off connection grid
    ; warning
    @(30.64 mm, 160.02 mm): Horizontal Wire, length 46.83 mm
[lib_symbol_issues]: The symbol library 'power' was not found at '/opt/homebrew/bin/SharedSupport/symbols//power.kicad_sym'.
    ; warning
    @(100.33 mm, 129.54 mm): Symbol #PWR06 [GND]
[same_local_global_label]: Local and global labels have same name
    ; warning
    @(158.75 mm, 86.36 mm): Global Label 'SCL_SLOW'
    @(129.54 mm, 90.17 mm): Label 'SCL_SLOW'
[lib_symbol_issues]: The symbol library 'power' was not found at '/opt/homebrew/bin/SharedSupport/symbols//power.kicad_sym'.
    ; warning
    @(85.09 mm, 171.45 mm): Symbol #PWR04 [GND]
[lib_symbol_issues]: The symbol library 'power' was not found at '/opt/homebrew/bin/SharedSupport/symbols//power.kicad_sym'.
    ; warning
    @(172.72 mm, 119.38 mm): Symbol #PWR018 [+5VP]
[lib_symbol_issues]: The symbol library 'power' was not found at '/opt/homebrew/bin/SharedSupport/symbols//power.kicad_sym'.
    ; warning
    @(193.04 mm, 106.68 mm): Symbol #PWR023 [GND]
[lib_symbol_issues]: The symbol library 'power' was not found at '/opt/homebrew/bin/SharedSupport/symbols//power.kicad_sym'.
    ; warning
    @(201.93 mm, 100.33 mm): Symbol #PWR027 [+5VP]
[lib_symbol_issues]: The symbol library 'power' was not found at '/opt/homebrew/bin/SharedSupport/symbols//power.kicad_sym'.
    ; warning
    @(245.11 mm, 66.04 mm): Symbol #PWR032 [IN-CHARGING-VCC-USBC]
[lib_symbol_issues]: The symbol library 'power' was not found at '/opt/homebrew/bin/SharedSupport/symbols//power.kicad_sym'.
    ; warning
    @(172.72 mm, 191.77 mm): Symbol #PWR019 [+5VP]
[footprint_link_issues]: Footprint 'PinHeader_1x02_P2.54mm_Vertical' not found in library 'Connector_PinHeader_2.54mm'.
    ; warning
    @(252.73 mm, 74.93 mm): Symbol USBC-5V-BUCK1 [PZ254V-11-02P]
[lib_symbol_mismatch]: Symbol 'PZ254V-11-02P' doesn't match copy in library '5v rail sm-easyedapro'
    ; warning
    @(252.73 mm, 74.93 mm): Symbol USBC-5V-BUCK1 [PZ254V-11-02P]
[pin_to_pin]: Pins of type Unspecified and Power input are connected
    ; warning
    @(251.46 mm, 80.01 mm): Symbol USBC-5V-BUCK1 Pin 1 [1, Unspecified, Line]
    @(245.11 mm, 66.04 mm): Symbol #PWR032 Pin 1 [Power input, Line]
[lib_symbol_issues]: The symbol library 'power' was not found at '/opt/homebrew/bin/SharedSupport/symbols//power.kicad_sym'.
    ; warning
    @(194.31 mm, 179.07 mm): Symbol #PWR024 [GND]
[pin_to_pin]: Pins of type Unspecified and Unspecified are connected
    ; warning
    @(236.22 mm, 124.46 mm): Symbol DC2 Pin 1 [1, Unspecified, Line]
    @(193.04 mm, 106.68 mm): Symbol U30 Pin 14 [BAT, Unspecified, Line]
[pin_to_pin]: Pins of type Unspecified and Power input are connected
    ; warning
    @(236.22 mm, 127.00 mm): Symbol DC2 Pin 3 [3, Unspecified, Line]
    @(232.41 mm, 139.70 mm): Symbol #PWR030 Pin 1 [Power input, Line]
[lib_symbol_issues]: The symbol library 'power' was not found at '/opt/homebrew/bin/SharedSupport/symbols//power.kicad_sym'.
    ; warning
    @(213.36 mm, 163.83 mm): Symbol #PWR029 [VCC]
[pin_to_pin]: Pins of type Unspecified and Unspecified are connected
    ; warning
    @(236.22 mm, 129.54 mm): Symbol DC2 Pin 2 [2, Unspecified, Line]
    @(236.22 mm, 127.00 mm): Symbol DC2 Pin 3 [3, Unspecified, Line]
[lib_symbol_issues]: The symbol library 'power' was not found at '/opt/homebrew/bin/SharedSupport/symbols//power.kicad_sym'.
    ; warning
    @(232.41 mm, 139.70 mm): Symbol #PWR030 [GNDPWR]
[lib_symbol_issues]: The symbol library 'power' was not found at '/opt/homebrew/bin/SharedSupport/symbols//power.kicad_sym'.
    ; warning
    @(278.13 mm, 30.48 mm): Symbol #PWR033 [VCC]
[lib_symbol_issues]: The symbol library 'power' was not found at '/opt/homebrew/bin/SharedSupport/symbols//power.kicad_sym'.
    ; warning
    @(194.31 mm, 208.28 mm): Symbol #PWR025 [GND]
[lib_symbol_issues]: The symbol library 'power' was not found at '/opt/homebrew/bin/SharedSupport/symbols//power.kicad_sym'.
    ; warning
    @(280.67 mm, 83.82 mm): Symbol #PWR034 [IN-CHARGING-VCC-USBC]
[pin_to_pin]: Pins of type Unspecified and Power input are connected
    ; warning
    @(280.67 mm, 90.17 mm): Symbol D4 Pin 2 [A, Unspecified, Line]
    @(280.67 mm, 83.82 mm): Symbol #PWR034 Pin 1 [Power input, Line]
[lib_symbol_mismatch]: Symbol 'SS36_C727061' doesn't match copy in library '5v rail sm-easyedapro'
    ; warning
    @(280.67 mm, 95.25 mm): Symbol D4 [SS36_C727061]
[pin_to_pin]: Pins of type Unspecified and Unspecified are connected
    ; warning
    @(280.67 mm, 100.33 mm): Symbol D4 Pin 1 [K, Unspecified, Line]
    @(285.75 mm, 100.33 mm): Symbol D5 Pin 1 [K, Unspecified, Line]
[pin_to_pin]: Pins of type Unspecified and Unspecified are connected
    ; warning
    @(285.75 mm, 90.17 mm): Symbol D5 Pin 2 [A, Unspecified, Line]
    @(254.00 mm, 80.01 mm): Symbol USBC-5V-BUCK1 Pin 2 [2, Unspecified, Line]
[lib_symbol_mismatch]: Symbol 'SS36_C727061' doesn't match copy in library '5v rail sm-easyedapro'
    ; warning
    @(285.75 mm, 95.25 mm): Symbol D5 [SS36_C727061]
[lib_symbol_issues]: The symbol library 'power' was not found at '/opt/homebrew/bin/SharedSupport/symbols//power.kicad_sym'.
    ; warning
    @(290.83 mm, 78.74 mm): Symbol #PWR036 [VCC-KICKSTART]
[pin_to_pin]: Pins of type Unspecified and Unspecified are connected
    ; warning
    @(280.67 mm, 110.49 mm): Symbol AnyPower1 Pin 2 [A, Unspecified, Line]
    @(280.67 mm, 100.33 mm): Symbol D4 Pin 1 [K, Unspecified, Line]
[pin_to_pin]: Pins of type Unspecified and Unspecified are connected
    ; warning
    @(285.75 mm, 100.33 mm): Symbol D5 Pin 1 [K, Unspecified, Line]
    @(290.83 mm, 100.33 mm): Symbol D6 Pin 1 [K, Unspecified, Line]
[pin_to_pin]: Pins of type Unspecified and Power input are connected
    ; warning
    @(290.83 mm, 90.17 mm): Symbol D6 Pin 2 [A, Unspecified, Line]
    @(290.83 mm, 78.74 mm): Symbol #PWR036 Pin 1 [Power input, Line]
[lib_symbol_issues]: The symbol library 'power' was not found at '/opt/homebrew/bin/SharedSupport/symbols//power.kicad_sym'.
    ; warning
    @(295.91 mm, 72.39 mm): Symbol #PWR037 [VCC]
[pin_to_pin]: Pins of type Unspecified and Unspecified are connected
    ; warning
    @(280.67 mm, 120.65 mm): Symbol AnyPower1 Pin 1 [K, Unspecified, Line]
    @(280.67 mm, 120.65 mm): Symbol R10 Pin 2 [2, Unspecified, Line]
[lib_symbol_mismatch]: Symbol 'SS36_C727061' doesn't match copy in library '5v rail sm-easyedapro'
    ; warning
    @(290.83 mm, 95.25 mm): Symbol D6 [SS36_C727061]
[pin_to_pin]: Pins of type Unspecified and Unspecified are connected
    ; warning
    @(290.83 mm, 100.33 mm): Symbol D6 Pin 1 [K, Unspecified, Line]
    @(295.91 mm, 100.33 mm): Symbol D7 Pin 1 [K, Unspecified, Line]
[pin_to_pin]: Pins of type Unspecified and Power input are connected
    ; warning
    @(295.91 mm, 90.17 mm): Symbol D7 Pin 2 [A, Unspecified, Line]
    @(295.91 mm, 72.39 mm): Symbol #PWR037 Pin 1 [Power input, Line]
[pin_to_pin]: Pins of type Unspecified and Power input are connected
    ; warning
    @(280.67 mm, 130.81 mm): Symbol R10 Pin 1 [1, Unspecified, Line]
    @(280.67 mm, 133.35 mm): Symbol #PWR035 Pin 1 [Power input, Line]
[lib_symbol_issues]: The symbol library 'power' was not found at '/opt/homebrew/bin/SharedSupport/symbols//power.kicad_sym'.
    ; warning
    @(280.67 mm, 133.35 mm): Symbol #PWR035 [GND]
[lib_symbol_mismatch]: Symbol 'SS36_C727061' doesn't match copy in library '5v rail sm-easyedapro'
    ; warning
    @(295.91 mm, 95.25 mm): Symbol D7 [SS36_C727061]
[pin_to_pin]: Pins of type Unspecified and Unspecified are connected
    ; warning
    @(295.91 mm, 100.33 mm): Symbol D7 Pin 1 [K, Unspecified, Line]
    @(127.00 mm, 85.09 mm): Symbol U74 Pin 3 [VIN, Unspecified, Line]
[lib_symbol_issues]: The symbol library 'power' was not found at '/opt/homebrew/bin/SharedSupport/symbols//power.kicad_sym'.
    ; warning
    @(130.81 mm, 288.29 mm): Symbol #PWR010 [+12V]
[lib_symbol_issues]: The symbol library 'power' was not found at '/opt/homebrew/bin/SharedSupport/symbols//power.kicad_sym'.
    ; warning
    @(196.85 mm, 252.73 mm): Symbol #PWR026 [GND]
[pin_to_pin]: Pins of type Unspecified and Unspecified are connected
    ; warning
    @(330.20 mm, 113.03 mm): Symbol CN4 Pin 1 [1, Unspecified, Line]
    @(330.20 mm, 125.73 mm): Symbol CN5 Pin 1 [1, Unspecified, Line]
[pin_to_pin]: Pins of type Unspecified and Unspecified are connected
    ; warning
    @(330.20 mm, 115.57 mm): Symbol CN4 Pin 2 [2, Unspecified, Line]
    @(330.20 mm, 128.27 mm): Symbol CN5 Pin 2 [2, Unspecified, Line]
[footprint_link_issues]: Footprint 'NetTie-2_SMD_Pad2.0mm' not found in library 'NetTie'.
    ; warning
    @(201.93 mm, 288.29 mm): Symbol NT4 [NetTie_2]
[lib_symbol_issues]: The symbol library 'Device' was not found at '/opt/homebrew/bin/SharedSupport/symbols//Device.kicad_sym'.
    ; warning
    @(201.93 mm, 288.29 mm): Symbol NT4 [NetTie_2]
[pin_to_pin]: Pins of type Unspecified and Power input are connected
    ; warning
    @(330.20 mm, 125.73 mm): Symbol CN5 Pin 1 [1, Unspecified, Line]
    @(327.66 mm, 137.16 mm): Symbol #PWR038 Pin 1 [Power input, Line]
[footprint_link_issues]: Footprint 'PinHeader_2x01_P2.54mm_Vertical' not found in library 'Connector_PinHeader_2.54mm'.
    ; warning
    @(335.28 mm, 114.30 mm): Symbol CN4 [ZX-XH2.54-2PZZ]
[lib_symbol_mismatch]: Symbol 'ZX-XH2.54-2PZZ' doesn't match copy in library '5v rail sm-easyedapro'
    ; warning
    @(335.28 mm, 114.30 mm): Symbol CN4 [ZX-XH2.54-2PZZ]
[pin_to_pin]: Pins of type Unspecified and Unspecified are connected
    ; warning
    @(330.20 mm, 128.27 mm): Symbol CN5 Pin 2 [2, Unspecified, Line]
    @(270.51 mm, 106.68 mm): Symbol R192 Pin 1 [1, Unspecified, Line]
[lib_symbol_issues]: The symbol library 'power' was not found at '/opt/homebrew/bin/SharedSupport/symbols//power.kicad_sym'.
    ; warning
    @(327.66 mm, 137.16 mm): Symbol #PWR038 [GND]
[lib_symbol_issues]: The symbol library 'power' was not found at '/opt/homebrew/bin/SharedSupport/symbols//power.kicad_sym'.
    ; warning
    @(205.74 mm, 290.83 mm): Symbol #PWR028 [GND]
[footprint_link_issues]: Footprint 'JST_XH_B2B-XH-A_1x02_P2.50mm_Vertical' not found in library 'Connector_JST'.
    ; warning
    @(335.28 mm, 127.00 mm): Symbol CN5 [ZX-XH2.54-2PZZ]
[lib_symbol_mismatch]: Symbol 'ZX-XH2.54-2PZZ' doesn't match copy in library '5v rail sm-easyedapro'
    ; warning
    @(335.28 mm, 127.00 mm): Symbol CN5 [ZX-XH2.54-2PZZ]
[pin_to_pin]: Pins of type Unspecified and Unspecified are connected
    ; warning
    @(270.51 mm, 106.68 mm): Symbol R192 Pin 1 [1, Unspecified, Line]
    @(133.35 mm, 76.20 mm): Symbol U76 Pin 5 [VIN, Unspecified, Line]
[footprint_link_issues]: Footprint 'R_0603_1608Metric' not found in library 'Resistor_SMD'.
    ; warning
    @(349.25 mm, 109.22 mm): Symbol R11 [FRC0603J104 TS]
[lib_symbol_mismatch]: Symbol 'FRC0603J104 TS' doesn't match copy in library '5v rail sm-easyedapro'
    ; warning
    @(349.25 mm, 109.22 mm): Symbol R11 [FRC0603J104 TS]
[lib_symbol_issues]: The symbol library 'power' was not found at '/opt/homebrew/bin/SharedSupport/symbols//power.kicad_sym'.
    ; warning
    @(336.55 mm, 146.05 mm): Symbol #PWR041 [+3V3]
[pin_to_pin]: Pins of type Unspecified and Unspecified are connected
    ; warning
    @(334.01 mm, 153.67 mm): Symbol ONBOARD_3v1 Pin 2 [2, Unspecified, Line]
    @(139.70 mm, 83.82 mm): Symbol U73 Pin 4 [VOUT, Unspecified, Line]
[lib_symbol_issues]: The symbol library 'power' was not found at '/opt/homebrew/bin/SharedSupport/symbols//power.kicad_sym'.
    ; warning
    @(60.96 mm, 364.49 mm): Symbol #PWR03 [+3V3]
[lib_symbol_issues]: The symbol library 'power' was not found at '/opt/homebrew/bin/SharedSupport/symbols//power.kicad_sym'.
    ; warning
    @(87.63 mm, 359.41 mm): Symbol #PWR05 [+5V]
[pin_to_pin]: Pins of type Unspecified and Power input are connected
    ; warning
    @(336.55 mm, 153.67 mm): Symbol ONBOARD_3v1 Pin 1 [1, Unspecified, Line]
    @(336.55 mm, 146.05 mm): Symbol #PWR041 Pin 1 [Power input, Line]
[pin_to_pin]: Pins of type Unspecified and Input are connected
    ; warning
    @(280.67 mm, 106.68 mm): Symbol R192 Pin 2 [2, Unspecified, Line]
    @(104.14 mm, 97.79 mm): Symbol R167 Pin 1 [1, Input, Line]
[footprint_link_issues]: Footprint 'PinHeader_1x02_P2.54mm_Vertical' not found in library 'Connector_PinHeader_2.54mm'.
    ; warning
    @(335.28 mm, 158.75 mm): Symbol ONBOARD_3v1 [PZ254V-11-02P]
[lib_symbol_mismatch]: Symbol 'PZ254V-11-02P' doesn't match copy in library '5v rail sm-easyedapro'
    ; warning
    @(335.28 mm, 158.75 mm): Symbol ONBOARD_3v1 [PZ254V-11-02P]
[pin_to_pin]: Pins of type Unspecified and Power input are connected
    ; warning
    @(60.96 mm, 368.30 mm): Symbol C1 Pin 2 [2, Unspecified, Line]
    @(60.96 mm, 364.49 mm): Symbol #PWR03 Pin 1 [Power input, Line]
[pin_to_pin]: Pins of type Unspecified and Power input are connected
    ; warning
    @(74.93 mm, 365.76 mm): Symbol R1 Pin 2 [2, Unspecified, Line]
    @(60.96 mm, 364.49 mm): Symbol #PWR03 Pin 1 [Power input, Line]
[lib_symbol_issues]: The symbol library 'power' was not found at '/opt/homebrew/bin/SharedSupport/symbols//power.kicad_sym'.
    ; warning
    @(372.11 mm, 34.29 mm): Symbol #PWR043 [+12V]
[footprint_link_issues]: Footprint 'R_2512_6332Metric' not found in library 'Resistor_SMD'.
    ; warning
    @(80.01 mm, 365.76 mm): Symbol R1 [LR123WF160MT4E]
[lib_symbol_mismatch]: Symbol 'LR123WF160MT4E' doesn't match copy in library '5v rail sm-easyedapro'
    ; warning
    @(80.01 mm, 365.76 mm): Symbol R1 [LR123WF160MT4E]
[pin_to_pin]: Pins of type Unspecified and Unspecified are connected
    ; warning
    @(72.39 mm, 368.30 mm): Symbol C2 Pin 2 [2, Unspecified, Line]
    @(74.93 mm, 365.76 mm): Symbol R1 Pin 2 [2, Unspecified, Line]
[lib_symbol_issues]: The symbol library 'power' was not found at '/opt/homebrew/bin/SharedSupport/symbols//power.kicad_sym'.
    ; warning
    @(128.27 mm, 354.33 mm): Symbol #PWR09 [+12V]
[pin_to_pin]: Pins of type Unspecified and Power input are connected
    ; warning
    @(111.76 mm, 360.68 mm): Symbol R3 Pin 2 [2, Unspecified, Line]
    @(87.63 mm, 359.41 mm): Symbol #PWR05 Pin 1 [Power input, Line]
[footprint_link_issues]: Footprint 'C_0805_2012Metric' not found in library 'Capacitor_SMD'.
    ; warning
    @(60.96 mm, 373.38 mm): Symbol C1 [GRM21BR61H106KE43L]
[lib_symbol_mismatch]: Symbol 'GRM21BR61H106KE43L' doesn't match copy in library '5v rail sm-easyedapro'
    ; warning
    @(60.96 mm, 373.38 mm): Symbol C1 [GRM21BR61H106KE43L]
[pin_to_pin]: Pins of type Unspecified and Power input are connected
    ; warning
    @(87.63 mm, 368.30 mm): Symbol C3 Pin 2 [2, Unspecified, Line]
    @(87.63 mm, 359.41 mm): Symbol #PWR05 Pin 1 [Power input, Line]
[footprint_link_issues]: Footprint 'R_2512_6332Metric' not found in library 'Resistor_SMD'.
    ; warning
    @(116.84 mm, 360.68 mm): Symbol R3 [LR123WF160MT4E]
[lib_symbol_mismatch]: Symbol 'LR123WF160MT4E' doesn't match copy in library '5v rail sm-easyedapro'
    ; warning
    @(116.84 mm, 360.68 mm): Symbol R3 [LR123WF160MT4E]
[footprint_link_issues]: Footprint 'C_0603_1608Metric' not found in library 'Capacitor_SMD'.
    ; warning
    @(72.39 mm, 373.38 mm): Symbol C2 [CC0603KRX7R9BB104]
[lib_symbol_mismatch]: Symbol 'CC0603KRX7R9BB104' doesn't match copy in library '5v rail sm-easyedapro'
    ; warning
    @(72.39 mm, 373.38 mm): Symbol C2 [CC0603KRX7R9BB104]
[pin_to_pin]: Pins of type Unspecified and Passive are connected
    ; warning
    @(121.92 mm, 360.68 mm): Symbol R3 Pin 1 [1, Unspecified, Line]
    @(87.63 mm, 97.79 mm): Symbol NT20 Pin 2 [2, Passive, Line]
[pin_to_pin]: Pins of type Unspecified and Unspecified are connected
    ; warning
    @(99.06 mm, 368.30 mm): Symbol C4 Pin 2 [2, Unspecified, Line]
    @(111.76 mm, 368.30 mm): Symbol D2 Pin 1 [C, Unspecified, Line]
[pin_to_pin]: Pins of type Unspecified and Unspecified are connected
    ; warning
    @(60.96 mm, 378.46 mm): Symbol C1 Pin 1 [1, Unspecified, Line]
    @(72.39 mm, 378.46 mm): Symbol C2 Pin 1 [1, Unspecified, Line]
[footprint_link_issues]: Footprint 'C_0805_2012Metric' not found in library 'Capacitor_SMD'.
    ; warning
    @(87.63 mm, 373.38 mm): Symbol C3 [GRM21BR61H106KE43L]
[lib_symbol_mismatch]: Symbol 'GRM21BR61H106KE43L' doesn't match copy in library '5v rail sm-easyedapro'
    ; warning
    @(87.63 mm, 373.38 mm): Symbol C3 [GRM21BR61H106KE43L]
[pin_to_pin]: Pins of type Unspecified and Unspecified are connected
    ; warning
    @(111.76 mm, 368.30 mm): Symbol D2 Pin 1 [C, Unspecified, Line]
    @(111.76 mm, 360.68 mm): Symbol R3 Pin 2 [2, Unspecified, Line]
[pin_to_pin]: Pins of type Unspecified and Unspecified are connected
    ; warning
    @(72.39 mm, 378.46 mm): Symbol C2 Pin 1 [1, Unspecified, Line]
    @(87.63 mm, 378.46 mm): Symbol C3 Pin 1 [1, Unspecified, Line]
[footprint_link_issues]: Footprint 'C_0603_1608Metric' not found in library 'Capacitor_SMD'.
    ; warning
    @(99.06 mm, 373.38 mm): Symbol C4 [CC0603KRX7R9BB104]
[lib_symbol_mismatch]: Symbol 'CC0603KRX7R9BB104' doesn't match copy in library '5v rail sm-easyedapro'
    ; warning
    @(99.06 mm, 373.38 mm): Symbol C4 [CC0603KRX7R9BB104]
[same_local_global_label]: Local and global labels have same name
    ; warning
    @(233.68 mm, 308.61 mm): Global Label 'SDA_SLOW'
    @(129.54 mm, 92.71 mm): Label 'SDA_SLOW'
[pin_to_pin]: Pins of type Unspecified and Input are connected
    ; warning
    @(154.94 mm, 355.60 mm): Symbol R6 Pin 2 [2, Unspecified, Line]
    @(153.67 mm, 368.30 mm): Symbol D3 Pin 1 [K, Input, Line]
[pin_to_pin]: Pins of type Unspecified and Unspecified are connected
    ; warning
    @(87.63 mm, 378.46 mm): Symbol C3 Pin 1 [1, Unspecified, Line]
    @(99.06 mm, 378.46 mm): Symbol C4 Pin 1 [1, Unspecified, Line]
[lib_symbol_mismatch]: Symbol 'SMF6.0A_C178260' doesn't match copy in library '5v rail sm-easyedapro'
    ; warning
    @(111.76 mm, 373.38 mm): Symbol D2 [SMF6.0A_C178260]
[footprint_link_issues]: Footprint 'R_2512_6332Metric' not found in library 'Resistor_SMD'.
    ; warning
    @(160.02 mm, 355.60 mm): Symbol R6 [LR123WF160MT4E]
[lib_symbol_mismatch]: Symbol 'LR123WF160MT4E' doesn't match copy in library '5v rail sm-easyedapro'
    ; warning
    @(160.02 mm, 355.60 mm): Symbol R6 [LR123WF160MT4E]
[pin_to_pin]: Pins of type Unspecified and Unspecified are connected
    ; warning
    @(128.27 mm, 368.30 mm): Symbol C5 Pin 2 [2, Unspecified, Line]
    @(140.97 mm, 368.30 mm): Symbol C6 Pin 2 [2, Unspecified, Line]
[pin_to_pin]: Pins of type Unspecified and Unspecified are connected
    ; warning
    @(99.06 mm, 378.46 mm): Symbol C4 Pin 1 [1, Unspecified, Line]
    @(111.76 mm, 378.46 mm): Symbol D2 Pin 2 [A, Unspecified, Line]
[pin_to_pin]: Pins of type Unspecified and Passive are connected
    ; warning
    @(165.10 mm, 355.60 mm): Symbol R6 Pin 1 [1, Unspecified, Line]
    @(168.91 mm, 41.91 mm): Symbol NT23 Pin 2 [2, Passive, Line]
[lib_symbol_issues]: The symbol library 'power' was not found at '/opt/homebrew/bin/SharedSupport/symbols//power.kicad_sym'.
    ; warning
    @(182.88 mm, 347.98 mm): Symbol #PWR022 [VCC]
[pin_to_pin]: Pins of type Unspecified and Input are connected
    ; warning
    @(140.97 mm, 368.30 mm): Symbol C6 Pin 2 [2, Unspecified, Line]
    @(153.67 mm, 368.30 mm): Symbol D3 Pin 1 [K, Input, Line]
[pin_to_pin]: Pins of type Unspecified and Input are connected
    ; warning
    @(111.76 mm, 378.46 mm): Symbol D2 Pin 2 [A, Unspecified, Line]
    @(153.67 mm, 378.46 mm): Symbol D3 Pin 2 [A, Input, Line]
[footprint_link_issues]: Footprint 'C_0805_2012Metric' not found in library 'Capacitor_SMD'.
    ; warning
    @(128.27 mm, 373.38 mm): Symbol C5 [GRM21BR61H106KE43L]
[lib_symbol_mismatch]: Symbol 'GRM21BR61H106KE43L' doesn't match copy in library '5v rail sm-easyedapro'
    ; warning
    @(128.27 mm, 373.38 mm): Symbol C5 [GRM21BR61H106KE43L]
[lib_symbol_issues]: The symbol library 'power' was not found at '/opt/homebrew/bin/SharedSupport/symbols//power.kicad_sym'.
    ; warning
    @(220.98 mm, 328.93 mm): Symbol #PWR031 [+3V3]
[lib_symbol_issues]: The symbol library 'power' was not found at '/opt/homebrew/bin/SharedSupport/symbols//power.kicad_sym'.
    ; warning
    @(377.19 mm, 125.73 mm): Symbol #PWR044 [GND]
[footprint_link_issues]: Footprint 'C_0603_1608Metric' not found in library 'Capacitor_SMD'.
    ; warning
    @(140.97 mm, 373.38 mm): Symbol C6 [CC0603KRX7R9BB104]
[lib_symbol_mismatch]: Symbol 'CC0603KRX7R9BB104' doesn't match copy in library '5v rail sm-easyedapro'
    ; warning
    @(140.97 mm, 373.38 mm): Symbol C6 [CC0603KRX7R9BB104]
[pin_to_pin]: Pins of type Unspecified and Unspecified are connected
    ; warning
    @(128.27 mm, 378.46 mm): Symbol C5 Pin 1 [1, Unspecified, Line]
    @(140.97 mm, 378.46 mm): Symbol C6 Pin 1 [1, Unspecified, Line]
[pin_to_pin]: Pins of type Unspecified and Power input are connected
    ; warning
    @(196.85 mm, 350.52 mm): Symbol R9 Pin 2 [2, Unspecified, Line]
    @(182.88 mm, 347.98 mm): Symbol #PWR022 Pin 1 [Power input, Line]
[lib_symbol_mismatch]: Symbol 'SMF13A_C353315' doesn't match copy in library '5v rail sm-easyedapro'
    ; warning
    @(153.67 mm, 373.38 mm): Symbol D3 [SMF13A_C353315]
[pin_to_pin]: Pins of type Unspecified and Input are connected
    ; warning
    @(140.97 mm, 378.46 mm): Symbol C6 Pin 1 [1, Unspecified, Line]
    @(153.67 mm, 378.46 mm): Symbol D3 Pin 2 [A, Input, Line]
[footprint_link_issues]: Footprint 'R_2512_6332Metric' not found in library 'Resistor_SMD'.
    ; warning
    @(201.93 mm, 350.52 mm): Symbol R9 [LR123WF160MT4E]
[lib_symbol_mismatch]: Symbol 'LR123WF160MT4E' doesn't match copy in library '5v rail sm-easyedapro'
    ; warning
    @(201.93 mm, 350.52 mm): Symbol R9 [LR123WF160MT4E]
[pin_to_pin]: Pins of type Unspecified and Passive are connected
    ; warning
    @(207.01 mm, 350.52 mm): Symbol R9 Pin 1 [1, Unspecified, Line]
    @(247.65 mm, 111.76 mm): Symbol NT25 Pin 1 [1, Passive, Line]
[unconnected_wire_endpoint]: Unconnected wire endpoint
    ; warning
    @(182.88 mm, 350.52 mm): Vertical Wire, length 17.78 mm
[footprint_link_issues]: Footprint 'PinHeader_1x02_P2.54mm_Vertical' not found in library 'Connector_PinHeader_2.54mm'.
    ; warning
    @(403.86 mm, 93.98 mm): Symbol ONBOARD_5V1 [PZ254V-11-02P]
[lib_symbol_mismatch]: Symbol 'PZ254V-11-02P' doesn't match copy in library '5v rail sm-easyedapro'
    ; warning
    @(403.86 mm, 93.98 mm): Symbol ONBOARD_5V1 [PZ254V-11-02P]
[lib_symbol_issues]: The symbol library 'Device' was not found at '/opt/homebrew/bin/SharedSupport/symbols//Device.kicad_sym'.
    ; warning
    @(153.67 mm, 387.35 mm): Symbol NT3 [NetTie_2]
[unconnected_wire_endpoint]: Unconnected wire endpoint
    ; warning
    @(196.85 mm, 350.52 mm): Vertical Wire, length 17.78 mm
[lib_symbol_issues]: The symbol library 'power' was not found at '/opt/homebrew/bin/SharedSupport/symbols//power.kicad_sym'.
    ; warning
    @(408.94 mm, 88.90 mm): Symbol #PWR045 [+5V]
[pin_to_pin]: Pins of type Unspecified and Power input are connected
    ; warning
    @(408.94 mm, 92.71 mm): Symbol ONBOARD_5V1 Pin 2 [2, Unspecified, Line]
    @(408.94 mm, 88.90 mm): Symbol #PWR045 Pin 1 [Power input, Line]
[pin_to_pin]: Pins of type Unspecified and Passive are connected
    ; warning
    @(408.94 mm, 95.25 mm): Symbol ONBOARD_5V1 Pin 1 [1, Unspecified, Line]
    @(425.45 mm, 101.60 mm): Symbol NT7 Pin 2 [2, Passive, Line]
[unconnected_wire_endpoint]: Unconnected wire endpoint
    ; warning
    @(182.88 mm, 381.00 mm): Vertical Wire, length 2.54 mm
[lib_symbol_issues]: The symbol library 'power' was not found at '/opt/homebrew/bin/SharedSupport/symbols//power.kicad_sym'.
    ; warning
    @(153.67 mm, 392.43 mm): Symbol #PWR015 [GND]
[pin_to_pin]: Pins of type Unspecified and Unspecified are connected
    ; warning
    @(238.76 mm, 350.52 mm): Symbol CN3 Pin 1 [1, Unspecified, Line]
    @(207.01 mm, 350.52 mm): Symbol R9 Pin 1 [1, Unspecified, Line]
[pin_to_pin]: Pins of type Unspecified and Unspecified are connected
    ; warning
    @(408.94 mm, 119.38 mm): Symbol D8 Pin 1 [C, Unspecified, Line]
    @(408.94 mm, 95.25 mm): Symbol ONBOARD_5V1 Pin 1 [1, Unspecified, Line]
[pin_to_pin]: Pins of type Unspecified and Unspecified are connected
    ; warning
    @(238.76 mm, 353.06 mm): Symbol CN3 Pin 2 [2, Unspecified, Line]
    @(238.76 mm, 358.14 mm): Symbol CN3 Pin 4 [4, Unspecified, Line]
[unconnected_wire_endpoint]: Unconnected wire endpoint
    ; warning
    @(196.85 mm, 381.00 mm): Vertical Wire, length 2.54 mm
[pin_to_pin]: Pins of type Unspecified and Unspecified are connected
    ; warning
    @(238.76 mm, 355.60 mm): Symbol CN3 Pin 3 [3, Unspecified, Line]
    @(165.10 mm, 355.60 mm): Symbol R6 Pin 1 [1, Unspecified, Line]
[pin_to_pin]: Pins of type Unspecified and Unspecified are connected
    ; warning
    @(408.94 mm, 129.54 mm): Symbol D8 Pin 2 [A, Unspecified, Line]
    @(438.15 mm, 125.73 mm): Symbol USB1 Pin 7 [EH, Unspecified, Line]
[pin_to_pin]: Pins of type Unspecified and Unspecified are connected
    ; warning
    @(238.76 mm, 358.14 mm): Symbol CN3 Pin 4 [4, Unspecified, Line]
    @(238.76 mm, 363.22 mm): Symbol CN3 Pin 6 [6, Unspecified, Line]
[pin_to_pin]: Pins of type Unspecified and Unspecified are connected
    ; warning
    @(238.76 mm, 360.68 mm): Symbol CN3 Pin 5 [5, Unspecified, Line]
    @(121.92 mm, 360.68 mm): Symbol R3 Pin 1 [1, Unspecified, Line]
[pin_to_pin]: Pins of type Unspecified and Unspecified are connected
    ; warning
    @(238.76 mm, 363.22 mm): Symbol CN3 Pin 6 [6, Unspecified, Line]
    @(238.76 mm, 368.30 mm): Symbol CN3 Pin 8 [8, Unspecified, Line]
[pin_to_pin]: Pins of type Unspecified and Unspecified are connected
    ; warning
    @(238.76 mm, 365.76 mm): Symbol CN3 Pin 7 [7, Unspecified, Line]
    @(85.09 mm, 365.76 mm): Symbol R1 Pin 1 [1, Unspecified, Line]
[footprint_link_issues]: Footprint 'NetTie-3_SMD_Pad0.5mm' not found in library 'NetTie'.
    ; warning
    @(425.45 mm, 104.14 mm): Symbol NT7 [NetTie_3]
[lib_symbol_issues]: The symbol library 'Device' was not found at '/opt/homebrew/bin/SharedSupport/symbols//Device.kicad_sym'.
    ; warning
    @(425.45 mm, 104.14 mm): Symbol NT7 [NetTie_3]
[pin_to_pin]: Pins of type Unspecified and Input are connected
    ; warning
    @(238.76 mm, 368.30 mm): Symbol CN3 Pin 8 [8, Unspecified, Line]
    @(153.67 mm, 378.46 mm): Symbol D3 Pin 2 [A, Input, Line]
[footprint_link_issues]: Footprint 'R_0603_1608Metric' not found in library 'Resistor_SMD'.
    ; warning
    @(425.45 mm, 110.49 mm): Symbol R13 [R]
[lib_symbol_issues]: The symbol library 'Device' was not found at '/opt/homebrew/bin/SharedSupport/symbols//Device.kicad_sym'.
    ; warning
    @(425.45 mm, 110.49 mm): Symbol R13 [R]
[footprint_link_issues]: Footprint 'R_0603_1608Metric' not found in library 'Resistor_SMD'.
    ; warning
    @(427.99 mm, 110.49 mm): Symbol R14 [R]
[lib_symbol_issues]: The symbol library 'Device' was not found at '/opt/homebrew/bin/SharedSupport/symbols//Device.kicad_sym'.
    ; warning
    @(427.99 mm, 110.49 mm): Symbol R14 [R]
[lib_symbol_issues]: The symbol library 'power' was not found at '/opt/homebrew/bin/SharedSupport/symbols//power.kicad_sym'.
    ; warning
    @(335.28 mm, 298.45 mm): Symbol #PWR039 [+5VP]
[pin_to_pin]: Pins of type Unspecified and Passive are connected
    ; warning
    @(438.15 mm, 115.57 mm): Symbol USB1 Pin B9 [VBUS, Unspecified, Line]
    @(425.45 mm, 101.60 mm): Symbol NT7 Pin 2 [2, Passive, Line]
[pin_to_pin]: Pins of type Unspecified and Passive are connected
    ; warning
    @(438.15 mm, 115.57 mm): Symbol USB1 Pin A9 [VBUS, Unspecified, Line]
    @(425.45 mm, 101.60 mm): Symbol NT7 Pin 2 [2, Passive, Line]
[pin_to_pin]: Pins of type Unspecified and Passive are connected
    ; warning
    @(438.15 mm, 118.11 mm): Symbol USB1 Pin A5 [CC1, Unspecified, Line]
    @(425.45 mm, 114.30 mm): Symbol R13 Pin 2 [Passive, Line]
[pin_to_pin]: Pins of type Unspecified and Passive are connected
    ; warning
    @(438.15 mm, 120.65 mm): Symbol USB1 Pin B5 [CC2, Unspecified, Line]
    @(427.99 mm, 114.30 mm): Symbol R14 Pin 2 [Passive, Line]
[pin_to_pin]: Pins of type Unspecified and Power input are connected
    ; warning
    @(438.15 mm, 123.19 mm): Symbol USB1 Pin B12 [GND, Unspecified, Line]
    @(435.61 mm, 142.24 mm): Symbol #PWR048 Pin 1 [Power input, Line]
[pin_to_pin]: Pins of type Unspecified and Power input are connected
    ; warning
    @(438.15 mm, 123.19 mm): Symbol USB1 Pin A12 [GND, Unspecified, Line]
    @(435.61 mm, 142.24 mm): Symbol #PWR048 Pin 1 [Power input, Line]
[pin_to_pin]: Pins of type Unspecified and Unspecified are connected
    ; warning
    @(438.15 mm, 125.73 mm): Symbol USB1 Pin 7 [EH, Unspecified, Line]
    @(438.15 mm, 123.19 mm): Symbol USB1 Pin A12 [GND, Unspecified, Line]
[lib_symbol_issues]: The symbol library 'power' was not found at '/opt/homebrew/bin/SharedSupport/symbols//power.kicad_sym'.
    ; warning
    @(435.61 mm, 142.24 mm): Symbol #PWR048 [GND]
[lib_symbol_issues]: The symbol library 'power' was not found at '/opt/homebrew/bin/SharedSupport/symbols//power.kicad_sym'.
    ; warning
    @(114.30 mm, 444.50 mm): Symbol #PWR07 [+12V]
[pin_to_pin]: Pins of type Unspecified and Power input are connected
    ; warning
    @(114.30 mm, 444.50 mm): Symbol LED1 Pin 2 [A, Unspecified, Line]
    @(114.30 mm, 444.50 mm): Symbol #PWR07 Pin 1 [Power input, Line]
[pin_to_pin]: Pins of type Unspecified and Unspecified are connected
    ; warning
    @(440.69 mm, 132.08 mm): Symbol D9 Pin 1 [IO1, Unspecified, Line]
    @(438.15 mm, 118.11 mm): Symbol USB1 Pin A5 [CC1, Unspecified, Line]
[pin_to_pin]: Pins of type Unspecified and Unspecified are connected
    ; warning
    @(440.69 mm, 134.62 mm): Symbol D9 Pin 2 [IO2, Unspecified, Line]
    @(438.15 mm, 120.65 mm): Symbol USB1 Pin B5 [CC2, Unspecified, Line]
[lib_symbol_issues]: The symbol library 'power' was not found at '/opt/homebrew/bin/SharedSupport/symbols//power.kicad_sym'.
    ; warning
    @(130.81 mm, 444.50 mm): Symbol #PWR011 [+5V]
[pin_to_pin]: Pins of type Unspecified and Power input are connected
    ; warning
    @(130.81 mm, 444.50 mm): Symbol LED2 Pin 2 [A, Unspecified, Line]
    @(130.81 mm, 444.50 mm): Symbol #PWR011 Pin 1 [Power input, Line]
[lib_symbol_issues]: The symbol library 'power' was not found at '/opt/homebrew/bin/SharedSupport/symbols//power.kicad_sym'.
    ; warning
    @(335.28 mm, 322.58 mm): Symbol #PWR040 [GND]
[lib_symbol_issues]: The symbol library 'power' was not found at '/opt/homebrew/bin/SharedSupport/symbols//power.kicad_sym'.
    ; warning
    @(464.82 mm, 27.94 mm): Symbol #PWR050 [+3V3]
[lib_symbol_mismatch]: Symbol 'TYPE-C_6P_073' doesn't match copy in library 'JLCImport'
    ; warning
    @(450.85 mm, 118.11 mm): Symbol USB1 [TYPE-C_6P_073]
[lib_symbol_issues]: The symbol library 'power' was not found at '/opt/homebrew/bin/SharedSupport/symbols//power.kicad_sym'.
    ; warning
    @(147.32 mm, 444.50 mm): Symbol #PWR013 [+3V3]
[pin_to_pin]: Pins of type Unspecified and Power input are connected
    ; warning
    @(147.32 mm, 444.50 mm): Symbol LED3 Pin 2 [A, Unspecified, Line]
    @(147.32 mm, 444.50 mm): Symbol #PWR013 Pin 1 [Power input, Line]
[pin_to_pin]: Pins of type Unspecified and Input are connected
    ; warning
    @(114.30 mm, 454.66 mm): Symbol LED1 Pin 1 [K, Unspecified, Line]
    @(114.30 mm, 454.66 mm): Symbol R2 Pin 2 [2, Input, Line]
[pin_to_pin]: Pins of type Unspecified and Power input are connected
    ; warning
    @(467.36 mm, 36.83 mm): Symbol U1 Pin 1 [SDO/SA0, Unspecified, Line]
    @(464.82 mm, 27.94 mm): Symbol #PWR050 Pin 1 [Power input, Line]
[lib_symbol_issues]: The symbol library 'Device' was not found at '/opt/homebrew/bin/SharedSupport/symbols//Device.kicad_sym'.
    ; warning
    @(341.63 mm, 321.31 mm): Symbol NT5 [NetTie_2]
[pin_to_pin]: Pins of type Unspecified and Unspecified are connected
    ; warning
    @(467.36 mm, 39.37 mm): Symbol U1 Pin 2 [SDX, Unspecified, Line]
    @(467.36 mm, 41.91 mm): Symbol U1 Pin 3 [SCX, Unspecified, Line]
[pin_to_pin]: Pins of type Unspecified and Unspecified are connected
    ; warning
    @(467.36 mm, 41.91 mm): Symbol U1 Pin 3 [SCX, Unspecified, Line]
    @(467.36 mm, 49.53 mm): Symbol U1 Pin 6 [GND, Unspecified, Line]
[pin_to_pin]: Pins of type Unspecified and Input are connected
    ; warning
    @(467.36 mm, 44.45 mm): Symbol U1 Pin 4 [INT1, Unspecified, Line]
    @(149.86 mm, 99.06 mm): Symbol R233 Pin 2 [2, Input, Line]
[lib_symbol_issues]: The symbol library 'power' was not found at '/opt/homebrew/bin/SharedSupport/symbols//power.kicad_sym'.
    ; warning
    @(464.82 mm, 66.04 mm): Symbol #PWR051 [GND]
[pin_to_pin]: Pins of type Unspecified and Power input are connected
    ; warning
    @(467.36 mm, 46.99 mm): Symbol U1 Pin 5 [VDDIO, Unspecified, Line]
    @(464.82 mm, 27.94 mm): Symbol #PWR050 Pin 1 [Power input, Line]
[pin_to_pin]: Pins of type Unspecified and Unspecified are connected
    ; warning
    @(467.36 mm, 49.53 mm): Symbol U1 Pin 6 [GND, Unspecified, Line]
    @(467.36 mm, 52.07 mm): Symbol U1 Pin 7 [GND, Unspecified, Line]
[pin_to_pin]: Pins of type Unspecified and Power input are connected
    ; warning
    @(467.36 mm, 52.07 mm): Symbol U1 Pin 7 [GND, Unspecified, Line]
    @(464.82 mm, 66.04 mm): Symbol #PWR051 Pin 1 [Power input, Line]
[lib_symbol_issues]: The symbol library 'Device' was not found at '/opt/homebrew/bin/SharedSupport/symbols//Device.kicad_sym'.
    ; warning
    @(360.68 mm, 304.80 mm): Symbol NT6 [NetTie_2]
[pin_to_pin]: Pins of type Unspecified and Unspecified are connected
    ; warning
    @(130.81 mm, 454.66 mm): Symbol LED2 Pin 1 [K, Unspecified, Line]
    @(130.81 mm, 454.66 mm): Symbol R4 Pin 2 [2, Unspecified, Line]
[lib_symbol_issues]: The symbol library 'power' was not found at '/opt/homebrew/bin/SharedSupport/symbols//power.kicad_sym'.
    ; warning
    @(162.56 mm, 444.50 mm): Symbol #PWR016 [+3V3]
[pin_to_pin]: Pins of type Unspecified and Power input are connected
    ; warning
    @(162.56 mm, 444.50 mm): Symbol LED4 Pin 2 [A, Unspecified, Line]
    @(162.56 mm, 444.50 mm): Symbol #PWR016 Pin 1 [Power input, Line]
[lib_symbol_issues]: The symbol library 'power' was not found at '/opt/homebrew/bin/SharedSupport/symbols//power.kicad_sym'.
    ; warning
    @(347.98 mm, 322.58 mm): Symbol #PWR042 [GND]
[pin_to_pin]: Pins of type Unspecified and Power input are connected
    ; warning
    @(458.47 mm, 133.35 mm): Symbol D9 Pin 3 [GND, Unspecified, Line]
    @(459.74 mm, 142.24 mm): Symbol #PWR049 Pin 1 [Power input, Line]
[pin_to_pin]: Pins of type Unspecified and Input are connected
    ; warning
    @(147.32 mm, 454.66 mm): Symbol LED3 Pin 1 [K, Unspecified, Line]
    @(147.32 mm, 454.66 mm): Symbol R5 Pin 2 [2, Input, Line]
[lib_symbol_issues]: The symbol library 'power' was not found at '/opt/homebrew/bin/SharedSupport/symbols//power.kicad_sym'.
    ; warning
    @(114.30 mm, 464.82 mm): Symbol #PWR08 [GND]
[lib_symbol_issues]: The symbol library 'power' was not found at '/opt/homebrew/bin/SharedSupport/symbols//power.kicad_sym'.
    ; warning
    @(177.80 mm, 444.50 mm): Symbol #PWR020 [+5V]
[pin_to_pin]: Pins of type Unspecified and Power input are connected
    ; warning
    @(177.80 mm, 444.50 mm): Symbol LED5 Pin 2 [A, Unspecified, Line]
    @(177.80 mm, 444.50 mm): Symbol #PWR020 Pin 1 [Power input, Line]
[lib_symbol_issues]: The symbol library 'power' was not found at '/opt/homebrew/bin/SharedSupport/symbols//power.kicad_sym'.
    ; warning
    @(459.74 mm, 142.24 mm): Symbol #PWR049 [GND]
[pin_to_pin]: Pins of type Unspecified and Unspecified are connected
    ; warning
    @(162.56 mm, 454.66 mm): Symbol LED4 Pin 1 [K, Unspecified, Line]
    @(162.56 mm, 454.66 mm): Symbol R7 Pin 2 [2, Unspecified, Line]
[lib_symbol_issues]: The symbol library 'power' was not found at '/opt/homebrew/bin/SharedSupport/symbols//power.kicad_sym'.
    ; warning
    @(130.81 mm, 464.82 mm): Symbol #PWR012 [GND]
[pin_to_pin]: Pins of type Unspecified and Power input are connected
    ; warning
    @(130.81 mm, 464.82 mm): Symbol R4 Pin 1 [1, Unspecified, Line]
    @(130.81 mm, 464.82 mm): Symbol #PWR012 Pin 1 [Power input, Line]
[lib_symbol_mismatch]: Symbol 'LSM6DSOXTR' doesn't match copy in library '5v rail sm-easyedapro'
    ; warning
    @(483.87 mm, 44.45 mm): Symbol U1 [LSM6DSOXTR]
[lib_symbol_issues]: The symbol library 'power' was not found at '/opt/homebrew/bin/SharedSupport/symbols//power.kicad_sym'.
    ; warning
    @(147.32 mm, 464.82 mm): Symbol #PWR014 [GND]
[pin_to_pin]: Pins of type Unspecified and Unspecified are connected
    ; warning
    @(177.80 mm, 454.66 mm): Symbol LED5 Pin 1 [K, Unspecified, Line]
    @(177.80 mm, 454.66 mm): Symbol R8 Pin 2 [2, Unspecified, Line]
[lib_symbol_issues]: The symbol library 'power' was not found at '/opt/homebrew/bin/SharedSupport/symbols//power.kicad_sym'.
    ; warning
    @(162.56 mm, 464.82 mm): Symbol #PWR017 [GND]
[pin_to_pin]: Pins of type Unspecified and Power input are connected
    ; warning
    @(162.56 mm, 464.82 mm): Symbol R7 Pin 1 [1, Unspecified, Line]
    @(162.56 mm, 464.82 mm): Symbol #PWR017 Pin 1 [Power input, Line]
[lib_symbol_issues]: The symbol library 'power' was not found at '/opt/homebrew/bin/SharedSupport/symbols//power.kicad_sym'.
    ; warning
    @(177.80 mm, 464.82 mm): Symbol #PWR021 [GND]
[pin_to_pin]: Pins of type Unspecified and Power input are connected
    ; warning
    @(177.80 mm, 464.82 mm): Symbol R8 Pin 1 [1, Unspecified, Line]
    @(177.80 mm, 464.82 mm): Symbol #PWR021 Pin 1 [Power input, Line]
[pin_to_pin]: Pins of type Unspecified and Passive are connected
    ; warning
    @(500.38 mm, 36.83 mm): Symbol U1 Pin 14 [SDA, Unspecified, Line]
    @(513.08 mm, 35.56 mm): Symbol U4 Pin 2 [B, Passive, Line]
[pin_to_pin]: Pins of type Unspecified and Passive are connected
    ; warning
    @(500.38 mm, 39.37 mm): Symbol U1 Pin 13 [SCL, Unspecified, Line]
    @(513.08 mm, 39.37 mm): Symbol U5 Pin 2 [B, Passive, Line]
[pin_to_pin]: Pins of type Unspecified and Input are connected
    ; warning
    @(500.38 mm, 41.91 mm): Symbol U1 Pin 12 [CS, Unspecified, Line]
    @(552.45 mm, 41.91 mm): Symbol R17 Pin 1 [1, Input, Line]
[pin_to_pin]: Pins of type Unspecified and Input are connected
    ; warning
    @(500.38 mm, 49.53 mm): Symbol U1 Pin 9 [INT2, Unspecified, Line]
    @(149.86 mm, 101.60 mm): Symbol R234 Pin 2 [2, Input, Line]
[pin_to_pin]: Pins of type Unspecified and Power input are connected
    ; warning
    @(500.38 mm, 52.07 mm): Symbol U1 Pin 8 [VDD, Unspecified, Line]
    @(464.82 mm, 27.94 mm): Symbol #PWR050 Pin 1 [Power input, Line]
[unconnected_wire_endpoint]: Unconnected wire endpoint
    ; warning
    @(393.70 mm, 330.20 mm): Horizontal Wire, length 17.78 mm
[lib_symbol_issues]: The symbol library 'Jumper' was not found at '/opt/homebrew/bin/SharedSupport/symbols//Jumper.kicad_sym'.
    ; warning
    @(518.16 mm, 27.94 mm): Symbol U2 [Jumper_2_Open]
[lib_symbol_issues]: The symbol library 'Jumper' was not found at '/opt/homebrew/bin/SharedSupport/symbols//Jumper.kicad_sym'.
    ; warning
    @(518.16 mm, 31.75 mm): Symbol U3 [Jumper_2_Open]
[lib_symbol_issues]: The symbol library 'Jumper' was not found at '/opt/homebrew/bin/SharedSupport/symbols//Jumper.kicad_sym'.
    ; warning
    @(518.16 mm, 35.56 mm): Symbol U4 [Jumper_2_Bridged]
[lib_symbol_issues]: The symbol library 'Jumper' was not found at '/opt/homebrew/bin/SharedSupport/symbols//Jumper.kicad_sym'.
    ; warning
    @(518.16 mm, 39.37 mm): Symbol U5 [Jumper_2_Bridged]
[unconnected_wire_endpoint]: Unconnected wire endpoint
    ; warning
    @(393.70 mm, 340.36 mm): Horizontal Wire, length 17.78 mm
[endpoint_off_grid]: Symbol pin or wire end off connection grid
    ; warning
    @(393.70 mm, 340.36 mm): Symbol C7 Pin 2 [2, Input, Line]
[lib_symbol_issues]: The symbol library 'power' was not found at '/opt/homebrew/bin/SharedSupport/symbols//power.kicad_sym'.
    ; warning
    @(429.26 mm, 317.50 mm): Symbol #PWR047 [GND]
[lib_symbol_issues]: The symbol library 'power' was not found at '/opt/homebrew/bin/SharedSupport/symbols//power.kicad_sym'.
    ; warning
    @(422.91 mm, 340.36 mm): Symbol #PWR046 [GND]
[pin_to_pin]: Pins of type Unspecified and Unspecified are connected
    ; warning
    @(435.61 mm, 330.20 mm): Symbol C10 Pin 2 [2, Unspecified, Line]
    @(441.96 mm, 330.20 mm): Symbol C11 Pin 2 [2, Unspecified, Line]
[pin_to_pin]: Pins of type Unspecified and Unspecified are connected
    ; warning
    @(441.96 mm, 330.20 mm): Symbol C11 Pin 2 [2, Unspecified, Line]
    @(448.31 mm, 330.20 mm): Symbol C12 Pin 2 [2, Unspecified, Line]
[pin_to_pin]: Pins of type Unspecified and Unspecified are connected
    ; warning
    @(435.61 mm, 340.36 mm): Symbol C10 Pin 1 [1, Unspecified, Line]
    @(441.96 mm, 340.36 mm): Symbol C11 Pin 1 [1, Unspecified, Line]
[pin_to_pin]: Pins of type Unspecified and Input are connected
    ; warning
    @(448.31 mm, 330.20 mm): Symbol C12 Pin 2 [2, Unspecified, Line]
    @(411.48 mm, 332.74 mm): Symbol C9 Pin 1 [1, Input, Line]
[pin_to_pin]: Pins of type Unspecified and Unspecified are connected
    ; warning
    @(441.96 mm, 340.36 mm): Symbol C11 Pin 1 [1, Unspecified, Line]
    @(448.31 mm, 340.36 mm): Symbol C12 Pin 1 [1, Unspecified, Line]
[footprint_link_issues]: Footprint 'R_0603_1608Metric' not found in library 'Resistor_SMD'.
    ; warning
    @(557.53 mm, 41.91 mm): Symbol R17 [0603WAF1002T5E]
[lib_symbol_mismatch]: Symbol '0603WAF1002T5E' doesn't match copy in library '5v rail sm-easyedapro'
    ; warning
    @(557.53 mm, 41.91 mm): Symbol R17 [0603WAF1002T5E]
[pin_to_pin]: Pins of type Unspecified and Power input are connected
    ; warning
    @(43.18 mm, 557.53 mm): Symbol CN2 Pin 1 [1, Unspecified, Line]
    @(45.72 mm, 561.34 mm): Symbol #PWR02 Pin 1 [Power input, Line]
[pin_to_pin]: Pins of type Unspecified and Input are connected
    ; warning
    @(557.53 mm, 55.88 mm): Symbol C14 Pin 2 [2, Unspecified, Line]
    @(562.61 mm, 41.91 mm): Symbol R17 Pin 2 [2, Input, Line]
[footprint_link_issues]: Footprint 'C_0603_1608Metric' not found in library 'Capacitor_SMD'.
    ; warning
    @(557.53 mm, 60.96 mm): Symbol C14 [CC0603KRX7R9BB104]
[lib_symbol_mismatch]: Symbol 'CC0603KRX7R9BB104' doesn't match copy in library '5v rail sm-easyedapro'
    ; warning
    @(557.53 mm, 60.96 mm): Symbol C14 [CC0603KRX7R9BB104]
[pin_to_pin]: Pins of type Unspecified and Power input are connected
    ; warning
    @(557.53 mm, 66.04 mm): Symbol C14 Pin 1 [1, Unspecified, Line]
    @(565.15 mm, 73.66 mm): Symbol #PWR060 Pin 1 [Power input, Line]
[pin_to_pin]: Pins of type Unspecified and Power input are connected
    ; warning
    @(448.31 mm, 340.36 mm): Symbol C12 Pin 1 [1, Unspecified, Line]
    @(422.91 mm, 340.36 mm): Symbol #PWR046 Pin 1 [Power input, Line]
[lib_symbol_issues]: The symbol library 'power' was not found at '/opt/homebrew/bin/SharedSupport/symbols//power.kicad_sym'.
    ; warning
    @(45.72 mm, 561.34 mm): Symbol #PWR02 [GND]
[lib_symbol_issues]: The symbol library 'power' was not found at '/opt/homebrew/bin/SharedSupport/symbols//power.kicad_sym'.
    ; warning
    @(565.15 mm, 39.37 mm): Symbol #PWR059 [+3V3]
[footprint_link_issues]: Footprint 'Symbol_Attention_Triangle_8x7mm_Copper' not found in library 'Symbol'.
    ; warning
    @(76.20 mm, 563.88 mm): Symbol warninglogo1 [wasologo]
[lib_symbol_issues]: The symbol library 'power' was not found at '/opt/homebrew/bin/SharedSupport/symbols//power.kicad_sym'.
    ; warning
    @(565.15 mm, 73.66 mm): Symbol #PWR060 [GND]
[lib_symbol_issues]: The symbol library 'power' was not found at '/opt/homebrew/bin/SharedSupport/symbols//power.kicad_sym'.
    ; warning
    @(525.78 mm, 226.06 mm): Symbol #PWR056 [PACK+]
[unconnected_wire_endpoint]: Unconnected wire endpoint
    ; warning
    @(525.78 mm, 232.41 mm): Vertical Wire, length 1.27 mm
[pin_to_pin]: Pins of type Unspecified and Input are connected
    ; warning
    @(572.77 mm, 55.88 mm): Symbol C15 Pin 1 [1, Unspecified, Line]
    @(562.61 mm, 41.91 mm): Symbol R17 Pin 2 [2, Input, Line]
[footprint_link_issues]: Footprint 'C_0603_1608Metric' not found in library 'Capacitor_SMD'.
    ; warning
    @(572.77 mm, 60.96 mm): Symbol C15 [CL10B105KB8NQNC]
[lib_symbol_mismatch]: Symbol 'CL10B105KB8NQNC' doesn't match copy in library '5v rail sm-easyedapro'
    ; warning
    @(572.77 mm, 60.96 mm): Symbol C15 [CL10B105KB8NQNC]
[pin_to_pin]: Pins of type Unspecified and Power input are connected
    ; warning
    @(572.77 mm, 66.04 mm): Symbol C15 Pin 2 [2, Unspecified, Line]
    @(565.15 mm, 73.66 mm): Symbol #PWR060 Pin 1 [Power input, Line]
[lib_symbol_issues]: The symbol library 'power' was not found at '/opt/homebrew/bin/SharedSupport/symbols//power.kicad_sym'.
    ; warning
    @(520.70 mm, 251.46 mm): Symbol #PWR055 [GND]
[lib_symbol_issues]: The symbol library 'Device' was not found at '/opt/homebrew/bin/SharedSupport/symbols//Device.kicad_sym'.
    ; warning
    @(525.78 mm, 243.84 mm): Symbol NT8 [NetTie_2]
[lib_symbol_issues]: The symbol library 'Device' was not found at '/opt/homebrew/bin/SharedSupport/symbols//Device.kicad_sym'.
    ; warning
    @(532.13 mm, 229.87 mm): Symbol NT9 [NetTie_2]
[lib_symbol_issues]: The symbol library 'power' was not found at '/opt/homebrew/bin/SharedSupport/symbols//power.kicad_sym'.
    ; warning
    @(483.87 mm, 330.20 mm): Symbol #PWR052 [+3V3]
[lib_symbol_issues]: The symbol library 'power' was not found at '/opt/homebrew/bin/SharedSupport/symbols//power.kicad_sym'.
    ; warning
    @(538.48 mm, 241.30 mm): Symbol #PWR057 [GNDPWR]
[lib_symbol_issues]: The symbol library 'power' was not found at '/opt/homebrew/bin/SharedSupport/symbols//power.kicad_sym'.
    ; warning
    @(495.30 mm, 322.58 mm): Symbol #PWR053 [GND]
[pin_to_pin]: Pins of type Unspecified and Unspecified are connected
    ; warning
    @(514.35 mm, 308.61 mm): Symbol R16 Pin 1 [1, Unspecified, Line]
    @(227.33 mm, 83.82 mm): Symbol U59 Pin 1 [C, Unspecified, Line]
[pin_to_pin]: Pins of type Unspecified and Power input are connected
    ; warning
    @(524.51 mm, 308.61 mm): Symbol R16 Pin 2 [2, Unspecified, Line]
    @(177.80 mm, 444.50 mm): Symbol #PWR020 Pin 1 [Power input, Line]
[footprint_link_issues]: Footprint 'R_0603_1608Metric' not found in library 'Resistor_SMD'.
    ; warning
    @(509.27 mm, 349.25 mm): Symbol R15 [0603WAF1132T5E]
[lib_symbol_mismatch]: Symbol '0603WAF1132T5E' doesn't match copy in library '5v rail sm-easyedapro'
    ; warning
    @(509.27 mm, 349.25 mm): Symbol R15 [0603WAF1132T5E]
[lib_symbol_issues]: The symbol library 'power' was not found at '/opt/homebrew/bin/SharedSupport/symbols//power.kicad_sym'.
    ; warning
    @(509.27 mm, 360.68 mm): Symbol #PWR054 [GND]
[pin_to_pin]: Pins of type Unspecified and Passive are connected
    ; warning
    @(591.82 mm, 229.87 mm): Symbol R18 Pin 1 [1, Unspecified, Line]
    @(177.80 mm, 81.28 mm): Symbol NT29 Pin 1 [1, Passive, Line]
[pin_to_pin]: Pins of type Unspecified and Passive are connected
    ; warning
    @(601.98 mm, 229.87 mm): Symbol R18 Pin 2 [2, Unspecified, Line]
    @(177.80 mm, 78.74 mm): Symbol NT28 Pin 1 [1, Passive, Line]
[lib_symbol_issues]: The symbol library 'power' was not found at '/opt/homebrew/bin/SharedSupport/symbols//power.kicad_sym'.
    ; warning
    @(548.64 mm, 344.17 mm): Symbol #PWR058 [GND]
[pin_to_pin]: Pins of type Unspecified and Unspecified are connected
    ; warning
    @(605.79 mm, 229.87 mm): Symbol D10 Pin 1 [1, Unspecified, Line]
    @(601.98 mm, 229.87 mm): Symbol R18 Pin 2 [2, Unspecified, Line]
[lib_symbol_mismatch]: Symbol 'SMAJ16A_C908770' doesn't match copy in library '5v rail sm-easyedapro'
    ; warning
    @(605.79 mm, 234.95 mm): Symbol D10 [SMAJ16A_C908770]
[pin_to_pin]: Pins of type Unspecified and Power input are connected
    ; warning
    @(605.79 mm, 240.03 mm): Symbol D10 Pin 2 [2, Unspecified, Line]
    @(538.48 mm, 241.30 mm): Symbol #PWR057 Pin 1 [Power input, Line]
[global_label_dangling]: Global label not connected anywhere else in the schematic
    ; warning
    @(648.97 mm, 125.73 mm): Global Label 'SDA_FAST'
[global_label_dangling]: Global label not connected anywhere else in the schematic
    ; warning
    @(650.24 mm, 129.54 mm): Global Label 'SCL_FAST'
[pin_to_pin]: Pins of type Unspecified and Unspecified are connected
    ; warning
    @(627.38 mm, 238.76 mm): Symbol +ESC-CONNECTOR-1 Pin 2 [+, Unspecified, Line]
    @(605.79 mm, 229.87 mm): Symbol D10 Pin 1 [1, Unspecified, Line]
[pin_to_pin]: Pins of type Unspecified and Unspecified are connected
    ; warning
    @(627.38 mm, 241.30 mm): Symbol +ESC-CONNECTOR-1 Pin 1 [-, Unspecified, Line]
    @(605.79 mm, 240.03 mm): Symbol D10 Pin 2 [2, Unspecified, Line]
[lib_symbol_mismatch]: Symbol 'XT60PW-M' doesn't match copy in library '5v rail sm-easyedapro'
    ; warning
    @(632.46 mm, 237.49 mm): Symbol +ESC-CONNECTOR-1 [XT60PW-M]
[footprint_link_issues]: Footprint 'R_0603_1608Metric' not found in library 'Resistor_SMD'.
    ; warning
    @(678.18 mm, 128.27 mm): Symbol R51 [0603WAF4701T5E]
[lib_symbol_mismatch]: Symbol '0603WAF4701T5E' doesn't match copy in library '5v rail sm-easyedapro'
    ; warning
    @(678.18 mm, 128.27 mm): Symbol R51 [0603WAF4701T5E]
[footprint_link_issues]: Footprint 'R_0603_1608Metric' not found in library 'Resistor_SMD'.
    ; warning
    @(690.88 mm, 128.27 mm): Symbol R52 [0603WAF4701T5E]
[lib_symbol_mismatch]: Symbol '0603WAF4701T5E' doesn't match copy in library '5v rail sm-easyedapro'
    ; warning
    @(690.88 mm, 128.27 mm): Symbol R52 [0603WAF4701T5E]
[lib_symbol_issues]: The symbol library 'Jumper' was not found at '/opt/homebrew/bin/SharedSupport/symbols//Jumper.kicad_sym'.
    ; warning
    @(635.00 mm, 304.80 mm): Symbol U6 [Jumper_2_Open]
[lib_symbol_issues]: The symbol library 'Jumper' was not found at '/opt/homebrew/bin/SharedSupport/symbols//Jumper.kicad_sym'.
    ; warning
    @(635.00 mm, 308.61 mm): Symbol U7 [Jumper_2_Open]
[lib_symbol_issues]: The symbol library 'power' was not found at '/opt/homebrew/bin/SharedSupport/symbols//power.kicad_sym'.
    ; warning
    @(699.77 mm, 105.41 mm): Symbol #PWR061 [+3V3]
[lib_symbol_issues]: The symbol library 'Jumper' was not found at '/opt/homebrew/bin/SharedSupport/symbols//Jumper.kicad_sym'.
    ; warning
    @(635.00 mm, 312.42 mm): Symbol U8 [Jumper_2_Bridged]
[lib_symbol_issues]: The symbol library 'Jumper' was not found at '/opt/homebrew/bin/SharedSupport/symbols//Jumper.kicad_sym'.
    ; warning
    @(635.00 mm, 316.23 mm): Symbol U9 [Jumper_2_Bridged]
[footprint_link_issues]: Footprint 'R_0603_1608Metric' not found in library 'Resistor_SMD'.
    ; warning
    @(707.39 mm, 129.54 mm): Symbol R69 [0603WAF2201T5E]
[lib_symbol_mismatch]: Symbol '0603WAF2201T5E' doesn't match copy in library '5v rail sm-easyedapro'
    ; warning
    @(707.39 mm, 129.54 mm): Symbol R69 [0603WAF2201T5E]
[footprint_link_issues]: Footprint 'R_0603_1608Metric' not found in library 'Resistor_SMD'.
    ; warning
    @(720.09 mm, 129.54 mm): Symbol R71 [0603WAF2201T5E]
[lib_symbol_mismatch]: Symbol '0603WAF2201T5E' doesn't match copy in library '5v rail sm-easyedapro'
    ; warning
    @(720.09 mm, 129.54 mm): Symbol R71 [0603WAF2201T5E]
[lib_symbol_issues]: The symbol library 'power' was not found at '/opt/homebrew/bin/SharedSupport/symbols//power.kicad_sym'.
    ; warning
    @(725.17 mm, 256.54 mm): Symbol #PWR066 [+5V]
[lib_symbol_issues]: The symbol library 'Jumper' was not found at '/opt/homebrew/bin/SharedSupport/symbols//Jumper.kicad_sym'.
    ; warning
    @(725.17 mm, 262.89 mm): Symbol U20 [Jumper_2_Bridged]
[lib_symbol_issues]: The symbol library 'power' was not found at '/opt/homebrew/bin/SharedSupport/symbols//power.kicad_sym'.
    ; warning
    @(731.52 mm, 255.27 mm): Symbol #PWR067 [+3V3]
[lib_symbol_issues]: The symbol library 'Jumper' was not found at '/opt/homebrew/bin/SharedSupport/symbols//Jumper.kicad_sym'.
    ; warning
    @(731.52 mm, 262.89 mm): Symbol U21 [Jumper_2_Bridged]
[lib_symbol_issues]: The symbol library 'Jumper' was not found at '/opt/homebrew/bin/SharedSupport/symbols//Jumper.kicad_sym'.
    ; warning
    @(746.76 mm, 283.21 mm): Symbol U22 [Jumper_2_Bridged]
[lib_symbol_issues]: The symbol library 'Jumper' was not found at '/opt/homebrew/bin/SharedSupport/symbols//Jumper.kicad_sym'.
    ; warning
    @(746.76 mm, 287.02 mm): Symbol U23 [Jumper_2_Bridged]
[lib_symbol_issues]: The symbol library 'power' was not found at '/opt/homebrew/bin/SharedSupport/symbols//power.kicad_sym'.
    ; warning
    @(775.97 mm, 292.10 mm): Symbol #PWR070 [+5V]
[lib_symbol_issues]: The symbol library 'Jumper' was not found at '/opt/homebrew/bin/SharedSupport/symbols//Jumper.kicad_sym'.
    ; warning
    @(775.97 mm, 298.45 mm): Symbol U24 [Jumper_2_Bridged]
[lib_symbol_issues]: The symbol library 'power' was not found at '/opt/homebrew/bin/SharedSupport/symbols//power.kicad_sym'.
    ; warning
    @(782.32 mm, 292.10 mm): Symbol #PWR071 [+3V3]
[lib_symbol_issues]: The symbol library 'Jumper' was not found at '/opt/homebrew/bin/SharedSupport/symbols//Jumper.kicad_sym'.
    ; warning
    @(782.32 mm, 298.45 mm): Symbol U25 [Jumper_2_Bridged]
[footprint_link_issues]: Footprint 'R_0402_1005Metric' not found in library 'Resistor_SMD'.
    ; warning
    @(736.60 mm, 410.21 mm): Symbol R243 [0402WGF1002TCE]
[lib_symbol_mismatch]: Symbol '0402WGF1002TCE' doesn't match copy in library '5v rail sm-easyedapro'
    ; warning
    @(736.60 mm, 410.21 mm): Symbol R243 [0402WGF1002TCE]
[lib_symbol_issues]: The symbol library 'power' was not found at '/opt/homebrew/bin/SharedSupport/symbols//power.kicad_sym'.
    ; warning
    @(746.76 mm, 410.21 mm): Symbol #PWR0174 [GND]
[lib_symbol_issues]: The symbol library 'Jumper' was not found at '/opt/homebrew/bin/SharedSupport/symbols//Jumper.kicad_sym'.
    ; warning
    @(798.83 mm, 320.04 mm): Symbol U26 [Jumper_2_Bridged]
[lib_symbol_issues]: The symbol library 'Jumper' was not found at '/opt/homebrew/bin/SharedSupport/symbols//Jumper.kicad_sym'.
    ; warning
    @(798.83 mm, 323.85 mm): Symbol U27 [Jumper_2_Bridged]
[footprint_link_issues]: Footprint 'R_0402_1005Metric' not found in library 'Resistor_SMD'.
    ; warning
    @(741.68 mm, 472.44 mm): Symbol R19 [0402WGF1002TCE]
[lib_symbol_mismatch]: Symbol '0402WGF1002TCE' doesn't match copy in library '5v rail sm-easyedapro'
    ; warning
    @(741.68 mm, 472.44 mm): Symbol R19 [0402WGF1002TCE]
[global_label_dangling]: Global label not connected anywhere else in the schematic
    ; warning
    @(674.37 mm, 570.23 mm): Global Label 'IMU/SPI-SELECT-OD'
[global_label_dangling]: Global label not connected anywhere else in the schematic
    ; warning
    @(674.37 mm, 574.04 mm): Global Label 'Current/INA3221-CUR1/POWERVALID'
[lib_symbol_issues]: The symbol library 'power' was not found at '/opt/homebrew/bin/SharedSupport/symbols//power.kicad_sym'.
    ; warning
    @(751.84 mm, 472.44 mm): Symbol #PWR0178 [+3V3]
[global_label_dangling]: Global label not connected anywhere else in the schematic
    ; warning
    @(674.37 mm, 577.85 mm): Global Label 'Current/INA3221-CUR1/CRITICAL'
[global_label_dangling]: Global label not connected anywhere else in the schematic
    ; warning
    @(674.37 mm, 581.66 mm): Global Label 'Current/INA3221-CUR1/WARNING'
[global_label_dangling]: Global label not connected anywhere else in the schematic
    ; warning
    @(674.37 mm, 585.47 mm): Global Label 'Current/INA3221-CUR1/TC'
[global_label_dangling]: Global label not connected anywhere else in the schematic
    ; warning
    @(674.37 mm, 589.28 mm): Global Label 'eFuse/TPS16630/IMON'
[lib_symbol_issues]: The symbol library 'power' was not found at '/opt/homebrew/bin/SharedSupport/symbols//power.kicad_sym'.
    ; warning
    @(25.40 mm, 78.74 mm): Symbol #PWR0119 [GND]
[lib_symbol_issues]: The symbol library 'power' was not found at '/opt/homebrew/bin/SharedSupport/symbols//power.kicad_sym'.
    ; warning
    @(68.58 mm, 77.47 mm): Symbol #PWR0120 [GND]
[footprint_link_issues]: Footprint 'C_0603_1608Metric' not found in library 'Capacitor_SMD'.
    ; warning
    @(142.24 mm, 40.64 mm): Symbol C76 [CGA0603X5R105K500JT]
[lib_symbol_mismatch]: Symbol 'CGA0603X5R105K500JT' doesn't match copy in library '5v rail sm-easyedapro'
    ; warning
    @(142.24 mm, 40.64 mm): Symbol C76 [CGA0603X5R105K500JT]
[lib_symbol_issues]: The symbol library 'power' was not found at '/opt/homebrew/bin/SharedSupport/symbols//power.kicad_sym'.
    ; warning
    @(153.67 mm, 49.53 mm): Symbol #PWR0122 [GND]
[lib_symbol_issues]: The symbol library 'power' was not found at '/opt/homebrew/bin/SharedSupport/symbols//power.kicad_sym'.
    ; warning
    @(93.98 mm, 137.16 mm): Symbol #PWR0121 [GND]
[lib_symbol_issues]: The symbol library 'Jumper' was not found at '/opt/homebrew/bin/SharedSupport/symbols//Jumper.kicad_sym'.
    ; warning
    @(144.78 mm, 90.17 mm): Symbol USBC_SCL1 [Jumper_2_Open]
[lib_symbol_issues]: The symbol library 'Jumper' was not found at '/opt/homebrew/bin/SharedSupport/symbols//Jumper.kicad_sym'.
    ; warning
    @(144.78 mm, 92.71 mm): Symbol USBC_SDA1 [Jumper_2_Open]
[footprint_link_issues]: Footprint 'R_0603_1608Metric' not found in library 'Resistor_SMD'.
    ; warning
    @(210.82 mm, 69.85 mm): Symbol R136 [RC-01W9093FT]
[lib_symbol_mismatch]: Symbol 'RC-01W9093FT' doesn't match copy in library '5v rail sm-easyedapro'
    ; warning
    @(210.82 mm, 69.85 mm): Symbol R136 [RC-01W9093FT]
[lib_symbol_issues]: The symbol library 'Jumper' was not found at '/opt/homebrew/bin/SharedSupport/symbols//Jumper.kicad_sym'.
    ; warning
    @(193.04 mm, 116.84 mm): Symbol U63 [Jumper_2_Bridged]
[footprint_link_issues]: Footprint 'R_0603_1608Metric' not found in library 'Resistor_SMD'.
    ; warning
    @(193.04 mm, 133.35 mm): Symbol R134 [0603WAF2102T5E]
[lib_symbol_mismatch]: Symbol '0603WAF2102T5E' doesn't match copy in library '5v rail sm-easyedapro'
    ; warning
    @(193.04 mm, 133.35 mm): Symbol R134 [0603WAF2102T5E]
[lib_symbol_issues]: The symbol library 'Jumper' was not found at '/opt/homebrew/bin/SharedSupport/symbols//Jumper.kicad_sym'.
    ; warning
    @(204.47 mm, 116.84 mm): Symbol U64 [Jumper_2_Bridged]
[footprint_link_issues]: Footprint 'R_0603_1608Metric' not found in library 'Resistor_SMD'.
    ; warning
    @(204.47 mm, 133.35 mm): Symbol R135 [FRC0805F1912TS]
[lib_symbol_mismatch]: Symbol 'FRC0805F1912TS' doesn't match copy in library '5v rail sm-easyedapro'
    ; warning
    @(204.47 mm, 133.35 mm): Symbol R135 [FRC0805F1912TS]
[lib_symbol_issues]: The symbol library 'power' was not found at '/opt/homebrew/bin/SharedSupport/symbols//power.kicad_sym'.
    ; warning
    @(199.39 mm, 146.05 mm): Symbol #PWR0123 [GND]
[footprint_link_issues]: Footprint 'R_0603_1608Metric' not found in library 'Resistor_SMD'.
    ; warning
    @(215.90 mm, 128.27 mm): Symbol R137 [FRC0603J104 TS]
[lib_symbol_mismatch]: Symbol 'FRC0603J104 TS' doesn't match copy in library '5v rail sm-easyedapro'
    ; warning
    @(215.90 mm, 128.27 mm): Symbol R137 [FRC0603J104 TS]
[footprint_link_issues]: Footprint 'R_0603_1608Metric' not found in library 'Resistor_SMD'.
    ; warning
    @(228.60 mm, 128.27 mm): Symbol R138 [RC-01W9093FT]
[lib_symbol_mismatch]: Symbol 'RC-01W9093FT' doesn't match copy in library '5v rail sm-easyedapro'
    ; warning
    @(228.60 mm, 128.27 mm): Symbol R138 [RC-01W9093FT]
[lib_symbol_issues]: The symbol library 'power' was not found at '/opt/homebrew/bin/SharedSupport/symbols//power.kicad_sym'.
    ; warning
    @(222.25 mm, 152.40 mm): Symbol #PWR0124 [GND]
[lib_symbol_mismatch]: Symbol 'HUSB238A-BB001-QN16R' doesn't match copy in library '5v rail sm-easyedapro'
    ; warning
    @(256.54 mm, 82.55 mm): Symbol U65 [HUSB238A-BB001-QN16R]
[footprint_link_issues]: Footprint 'R_0603_1608Metric' not found in library 'Resistor_SMD'.
    ; warning
    @(298.45 mm, 39.37 mm): Symbol R139 [FRC0603J100 TS]
[lib_symbol_mismatch]: Symbol 'FRC0603J100 TS' doesn't match copy in library '5v rail sm-easyedapro'
    ; warning
    @(298.45 mm, 39.37 mm): Symbol R139 [FRC0603J100 TS]
[lib_symbol_issues]: The symbol library 'power' was not found at '/opt/homebrew/bin/SharedSupport/symbols//power.kicad_sym'.
    ; warning
    @(283.21 mm, 107.95 mm): Symbol #PWR0125 [GND]
[footprint_link_issues]: Footprint 'C_0603_1608Metric' not found in library 'Capacitor_SMD'.
    ; warning
    @(298.45 mm, 57.15 mm): Symbol C77 [CGA0603X5R105K500JT]
[lib_symbol_mismatch]: Symbol 'CGA0603X5R105K500JT' doesn't match copy in library '5v rail sm-easyedapro'
    ; warning
    @(298.45 mm, 57.15 mm): Symbol C77 [CGA0603X5R105K500JT]
[lib_symbol_issues]: The symbol library 'power' was not found at '/opt/homebrew/bin/SharedSupport/symbols//power.kicad_sym'.
    ; warning
    @(298.45 mm, 64.77 mm): Symbol #PWR0126 [GND]
[footprint_link_issues]: Footprint 'R_0603_1608Metric' not found in library 'Resistor_SMD'.
    ; warning
    @(309.88 mm, 39.37 mm): Symbol R140 [RC0201FR-07100KL]
[lib_symbol_mismatch]: Symbol 'RC0201FR-07100KL' doesn't match copy in library '5v rail sm-easyedapro'
    ; warning
    @(309.88 mm, 39.37 mm): Symbol R140 [RC0201FR-07100KL]
[footprint_link_issues]: Footprint 'R_0603_1608Metric' not found in library 'Resistor_SMD'.
    ; warning
    @(309.88 mm, 54.61 mm): Symbol R141 [FRC0603F3002TS]
[lib_symbol_mismatch]: Symbol 'FRC0603F3002TS' doesn't match copy in library '5v rail sm-easyedapro'
    ; warning
    @(309.88 mm, 54.61 mm): Symbol R141 [FRC0603F3002TS]
[lib_symbol_mismatch]: Symbol 'BZT52C15' doesn't match copy in library '5v rail sm-easyedapro'
    ; warning
    @(325.12 mm, 39.37 mm): Symbol D18 [BZT52C15]
[footprint_link_issues]: Footprint 'R_0603_1608Metric' not found in library 'Resistor_SMD'.
    ; warning
    @(321.31 mm, 77.47 mm): Symbol R142 [0603WAF1002T5E]
[lib_symbol_mismatch]: Symbol '0603WAF1002T5E' doesn't match copy in library '5v rail sm-easyedapro'
    ; warning
    @(321.31 mm, 77.47 mm): Symbol R142 [0603WAF1002T5E]
[lib_symbol_mismatch]: Symbol 'DMP3028LK3-13' doesn't match copy in library '5v rail sm-easyedapro'
    ; warning
    @(341.63 mm, 31.75 mm): Symbol Q9 [DMP3028LK3-13]
[lib_symbol_issues]: The symbol library 'power' was not found at '/opt/homebrew/bin/SharedSupport/symbols//power.kicad_sym'.
    ; warning
    @(369.57 mm, 67.31 mm): Symbol #PWR0127 [+3V3]
[footprint_link_issues]: Footprint 'R_0603_1608Metric' not found in library 'Resistor_SMD'.
    ; warning
    @(369.57 mm, 74.93 mm): Symbol R143 [FRC0603J104 TS]
[lib_symbol_mismatch]: Symbol 'FRC0603J104 TS' doesn't match copy in library '5v rail sm-easyedapro'
    ; warning
    @(369.57 mm, 74.93 mm): Symbol R143 [FRC0603J104 TS]
[footprint_link_issues]: Footprint 'Fuse_1206_3216Metric' not found in library 'Fuse'.
    ; warning
    @(49.53 mm, 78.74 mm): Symbol F5 [JK-NSMD050-30V]
[lib_symbol_mismatch]: Symbol 'JK-NSMD050-30V' doesn't match copy in library '5v rail sm-easyedapro'
    ; warning
    @(49.53 mm, 78.74 mm): Symbol F5 [JK-NSMD050-30V]
[footprint_link_issues]: Footprint 'R_0603_1608Metric' not found in library 'Resistor_SMD'.
    ; warning
    @(49.53 mm, 83.82 mm): Symbol R212 [R]
[lib_symbol_issues]: The symbol library 'Device' was not found at '/opt/homebrew/bin/SharedSupport/symbols//Device.kicad_sym'.
    ; warning
    @(49.53 mm, 83.82 mm): Symbol R212 [R]
[footprint_link_issues]: Footprint 'C_0603_1608Metric' not found in library 'Capacitor_SMD'.
    ; warning
    @(60.96 mm, 96.52 mm): Symbol C130 [CL10A105KB8NNNC]
[lib_symbol_mismatch]: Symbol 'CL10A105KB8NNNC' doesn't match copy in library '5v rail sm-easyedapro'
    ; warning
    @(60.96 mm, 96.52 mm): Symbol C130 [CL10A105KB8NNNC]
[lib_symbol_mismatch]: Symbol 'NCP718ASN330T1G' doesn't match copy in library '5v rail sm-easyedapro'
    ; warning
    @(90.17 mm, 81.28 mm): Symbol U82 [NCP718ASN330T1G]
[footprint_link_issues]: Footprint 'R_0603_1608Metric' not found in library 'Resistor_SMD'.
    ; warning
    @(76.20 mm, 97.79 mm): Symbol R213 [FRC0603J104 TS]
[lib_symbol_mismatch]: Symbol 'FRC0603J104 TS' doesn't match copy in library '5v rail sm-easyedapro'
    ; warning
    @(76.20 mm, 97.79 mm): Symbol R213 [FRC0603J104 TS]
[footprint_link_issues]: Footprint 'C_0603_1608Metric' not found in library 'Capacitor_SMD'.
    ; warning
    @(113.03 mm, 93.98 mm): Symbol C132 [CL10A105KB8NNNC]
[lib_symbol_mismatch]: Symbol 'CL10A105KB8NNNC' doesn't match copy in library '5v rail sm-easyedapro'
    ; warning
    @(113.03 mm, 93.98 mm): Symbol C132 [CL10A105KB8NNNC]
[lib_symbol_mismatch]: Symbol 'PMEG10030ELPX_C5260346' doesn't match copy in library '5v rail sm-easyedapro'
    ; warning
    @(147.32 mm, 80.01 mm): Symbol U84 [PMEG10030ELPX_C5260346]
[footprint_link_issues]: Footprint 'R_0603_1608Metric' not found in library 'Resistor_SMD'.
    ; warning
    @(158.75 mm, 124.46 mm): Symbol R214 [FRC0603J104 TS]
[lib_symbol_mismatch]: Symbol 'FRC0603J104 TS' doesn't match copy in library '5v rail sm-easyedapro'
    ; warning
    @(158.75 mm, 124.46 mm): Symbol R214 [FRC0603J104 TS]
[lib_symbol_mismatch]: Symbol 'L2N7002SLLT1G' doesn't match copy in library '5v rail sm-easyedapro'
    ; warning
    @(186.69 mm, 95.25 mm): Symbol Q18 [L2N7002SLLT1G]
[footprint_link_issues]: Footprint 'R_0603_1608Metric' not found in library 'Resistor_SMD'.
    ; warning
    @(207.01 mm, 68.58 mm): Symbol R215 [FRC0603F5101TS]
[lib_symbol_mismatch]: Symbol 'FRC0603F5101TS' doesn't match copy in library '5v rail sm-easyedapro'
    ; warning
    @(207.01 mm, 68.58 mm): Symbol R215 [FRC0603F5101TS]
[footprint_link_issues]: Footprint 'C_0603_1608Metric' not found in library 'Capacitor_SMD'.
    ; warning
    @(186.69 mm, 124.46 mm): Symbol C134 [CC0603KRX7R9BB104]
[lib_symbol_mismatch]: Symbol 'CC0603KRX7R9BB104' doesn't match copy in library '5v rail sm-easyedapro'
    ; warning
    @(186.69 mm, 124.46 mm): Symbol C134 [CC0603KRX7R9BB104]
[footprint_link_issues]: Footprint 'R_0603_1608Metric' not found in library 'Resistor_SMD'.
    ; warning
    @(207.01 mm, 124.46 mm): Symbol R216 [FRC0603F5101TS]
[lib_symbol_mismatch]: Symbol 'FRC0603F5101TS' doesn't match copy in library '5v rail sm-easyedapro'
    ; warning
    @(207.01 mm, 124.46 mm): Symbol R216 [FRC0603F5101TS]
[footprint_link_issues]: Footprint 'C_0603_1608Metric' not found in library 'Capacitor_SMD'.
    ; warning
    @(135.89 mm, 86.36 mm): Symbol C72 [CGA0603X5R105K500JT]
[lib_symbol_mismatch]: Symbol 'CGA0603X5R105K500JT' doesn't match copy in library '5v rail sm-easyedapro'
    ; warning
    @(135.89 mm, 86.36 mm): Symbol C72 [CGA0603X5R105K500JT]
[lib_symbol_mismatch]: Symbol 'LM5050MKX-1/NOPB' doesn't match copy in library '5v rail sm-easyedapro'
    ; warning
    @(165.10 mm, 97.79 mm): Symbol U58 [LM5050MKX-1/NOPB]
[footprint_link_issues]: Footprint 'R_0603_1608Metric' not found in library 'Resistor_SMD'.
    ; warning
    @(151.13 mm, 123.19 mm): Symbol R124 [FRC0603J104 TS]
[lib_symbol_mismatch]: Symbol 'FRC0603J104 TS' doesn't match copy in library '5v rail sm-easyedapro'
    ; warning
    @(151.13 mm, 123.19 mm): Symbol R124 [FRC0603J104 TS]
[lib_symbol_issues]: The symbol library 'power' was not found at '/opt/homebrew/bin/SharedSupport/symbols//power.kicad_sym'.
    ; warning
    @(151.13 mm, 129.54 mm): Symbol #PWR0113 [GND]
[footprint_link_issues]: Footprint 'R_0603_1608Metric' not found in library 'Resistor_SMD'.
    ; warning
    @(210.82 mm, 83.82 mm): Symbol R125 [0603WAF1000T5E]
[lib_symbol_mismatch]: Symbol '0603WAF1000T5E' doesn't match copy in library '5v rail sm-easyedapro'
    ; warning
    @(210.82 mm, 83.82 mm): Symbol R125 [0603WAF1000T5E]
[footprint_link_issues]: Footprint 'C_0603_1608Metric' not found in library 'Capacitor_SMD'.
    ; warning
    @(210.82 mm, 96.52 mm): Symbol C73 [CC0603KRX7R9BB104]
[lib_symbol_mismatch]: Symbol 'CC0603KRX7R9BB104' doesn't match copy in library '5v rail sm-easyedapro'
    ; warning
    @(210.82 mm, 96.52 mm): Symbol C73 [CC0603KRX7R9BB104]
[unconnected_wire_endpoint]: Unconnected wire endpoint
    ; warning
    @(195.58 mm, 69.85 mm): Horizontal Wire, length 2.54 mm
[footprint_link_issues]: Footprint 'R_0603_1608Metric' not found in library 'Resistor_SMD'.
    ; warning
    @(62.23 mm, 55.88 mm): Symbol R172 [FRC0603F20R0TS]
[lib_symbol_mismatch]: Symbol 'FRC0603F20R0TS' doesn't match copy in library '5v rail sm-easyedapro'
    ; warning
    @(62.23 mm, 55.88 mm): Symbol R172 [FRC0603F20R0TS]
[footprint_link_issues]: Footprint 'R_0603_1608Metric' not found in library 'Resistor_SMD'.
    ; warning
    @(62.23 mm, 73.66 mm): Symbol R173 [FRC0603F20R0TS]
[lib_symbol_mismatch]: Symbol 'FRC0603F20R0TS' doesn't match copy in library '5v rail sm-easyedapro'
    ; warning
    @(62.23 mm, 73.66 mm): Symbol R173 [FRC0603F20R0TS]
[footprint_link_issues]: Footprint 'C_0603_1608Metric' not found in library 'Capacitor_SMD'.
    ; warning
    @(78.74 mm, 64.77 mm): Symbol C110 [CC0603KRX7R9BB224]
[lib_symbol_mismatch]: Symbol 'CC0603KRX7R9BB224' doesn't match copy in library '5v rail sm-easyedapro'
    ; warning
    @(78.74 mm, 64.77 mm): Symbol C110 [CC0603KRX7R9BB224]
[footprint_link_issues]: Footprint 'R_0603_1608Metric' not found in library 'Resistor_SMD'.
    ; warning
    @(62.23 mm, 90.17 mm): Symbol R174 [FRC0603F20R0TS]
[lib_symbol_mismatch]: Symbol 'FRC0603F20R0TS' doesn't match copy in library '5v rail sm-easyedapro'
    ; warning
    @(62.23 mm, 90.17 mm): Symbol R174 [FRC0603F20R0TS]
[footprint_link_issues]: Footprint 'C_0603_1608Metric' not found in library 'Capacitor_SMD'.
    ; warning
    @(78.74 mm, 81.28 mm): Symbol C111 [CC0603KRX7R9BB224]
[lib_symbol_mismatch]: Symbol 'CC0603KRX7R9BB224' doesn't match copy in library '5v rail sm-easyedapro'
    ; warning
    @(78.74 mm, 81.28 mm): Symbol C111 [CC0603KRX7R9BB224]
[footprint_link_issues]: Footprint 'R_0603_1608Metric' not found in library 'Resistor_SMD'.
    ; warning
    @(62.23 mm, 102.87 mm): Symbol R175 [FRC0603F20R0TS]
[lib_symbol_mismatch]: Symbol 'FRC0603F20R0TS' doesn't match copy in library '5v rail sm-easyedapro'
    ; warning
    @(62.23 mm, 102.87 mm): Symbol R175 [FRC0603F20R0TS]
[lib_symbol_mismatch]: Symbol 'MMSZ4685T1G' doesn't match copy in library '5v rail sm-easyedapro'
    ; warning
    @(60.96 mm, 128.27 mm): Symbol D19 [MMSZ4685T1G]
[footprint_link_issues]: Footprint 'C_0603_1608Metric' not found in library 'Capacitor_SMD'.
    ; warning
    @(111.76 mm, 96.52 mm): Symbol C113 [CC0603KRX7R9BB224]
[lib_symbol_mismatch]: Symbol 'CC0603KRX7R9BB224' doesn't match copy in library '5v rail sm-easyedapro'
    ; warning
    @(111.76 mm, 96.52 mm): Symbol C113 [CC0603KRX7R9BB224]
[lib_symbol_mismatch]: Symbol 'BAT46W-7-F' doesn't match copy in library '5v rail sm-easyedapro'
    ; warning
    @(78.74 mm, 128.27 mm): Symbol D20 [BAT46W-7-F]
[footprint_link_issues]: Footprint 'C_0603_1608Metric' not found in library 'Capacitor_SMD'.
    ; warning
    @(99.06 mm, 128.27 mm): Symbol C112 [CC0603KRX7R9BB224]
[lib_symbol_mismatch]: Symbol 'CC0603KRX7R9BB224' doesn't match copy in library '5v rail sm-easyedapro'
    ; warning
    @(99.06 mm, 128.27 mm): Symbol C112 [CC0603KRX7R9BB224]
[lib_symbol_issues]: The symbol library 'Jumper' was not found at '/opt/homebrew/bin/SharedSupport/symbols//Jumper.kicad_sym'.
    ; warning
    @(203.20 mm, 31.75 mm): Symbol JP4 [Jumper_2_Bridged]
[lib_symbol_issues]: The symbol library 'Jumper' was not found at '/opt/homebrew/bin/SharedSupport/symbols//Jumper.kicad_sym'.
    ; warning
    @(203.20 mm, 44.45 mm): Symbol U79 [Jumper_2_Open]
[footprint_link_issues]: Footprint 'C_0603_1608Metric' not found in library 'Capacitor_SMD'.
    ; warning
    @(171.45 mm, 135.89 mm): Symbol C114 [TCC0603X7R104K500CT]
[lib_symbol_mismatch]: Symbol 'TCC0603X7R104K500CT' doesn't match copy in library '5v rail sm-easyedapro'
    ; warning
    @(171.45 mm, 135.89 mm): Symbol C114 [TCC0603X7R104K500CT]
[lib_symbol_mismatch]: Symbol 'BAT46W-7-F' doesn't match copy in library '5v rail sm-easyedapro'
    ; warning
    @(218.44 mm, 31.75 mm): Symbol D21 [BAT46W-7-F]
[lib_symbol_mismatch]: Symbol 'BAT46W-7-F' doesn't match copy in library '5v rail sm-easyedapro'
    ; warning
    @(218.44 mm, 44.45 mm): Symbol D22 [BAT46W-7-F]
[footprint_link_issues]: Footprint 'R_0603_1608Metric' not found in library 'Resistor_SMD'.
    ; warning
    @(157.48 mm, 160.02 mm): Symbol R185 [0603WAF1000T5E]
[lib_symbol_mismatch]: Symbol '0603WAF1000T5E' doesn't match copy in library '5v rail sm-easyedapro'
    ; warning
    @(157.48 mm, 160.02 mm): Symbol R185 [0603WAF1000T5E]
[footprint_link_issues]: Footprint 'C_0603_1608Metric' not found in library 'Capacitor_SMD'.
    ; warning
    @(171.45 mm, 147.32 mm): Symbol C115 [FCC0402N101J500AT]
[lib_symbol_mismatch]: Symbol 'FCC0402N101J500AT' doesn't match copy in library '5v rail sm-easyedapro'
    ; warning
    @(171.45 mm, 147.32 mm): Symbol C115 [FCC0402N101J500AT]
[footprint_link_issues]: Footprint 'C_0603_1608Metric' not found in library 'Capacitor_SMD'.
    ; warning
    @(199.39 mm, 129.54 mm): Symbol C116 [C]
[lib_symbol_issues]: The symbol library 'Device' was not found at '/opt/homebrew/bin/SharedSupport/symbols//Device.kicad_sym'.
    ; warning
    @(199.39 mm, 129.54 mm): Symbol C116 [C]
[footprint_link_issues]: Footprint 'TQFP-48_7x7mm_P0.5mm' not found in library 'Package_QFP'.
    ; warning
    @(220.98 mm, 95.25 mm): Symbol U80 [BQ7694202PFBR]
[lib_symbol_mismatch]: Symbol 'BQ7694202PFBR' doesn't match copy in library '5v rail sm-easyedapro'
    ; warning
    @(220.98 mm, 95.25 mm): Symbol U80 [BQ7694202PFBR]
[footprint_link_issues]: Footprint 'R_0603_1608Metric' not found in library 'Resistor_SMD'.
    ; warning
    @(184.15 mm, 161.29 mm): Symbol R187 [0603WAF1000T5E]
[lib_symbol_mismatch]: Symbol '0603WAF1000T5E' doesn't match copy in library '5v rail sm-easyedapro'
    ; warning
    @(184.15 mm, 161.29 mm): Symbol R187 [0603WAF1000T5E]
[footprint_link_issues]: Footprint 'R_1206_3216Metric' not found in library 'Resistor_SMD'.
    ; warning
    @(245.11 mm, 44.45 mm): Symbol R190 [1206W4F1000T5E]
[lib_symbol_mismatch]: Symbol '1206W4F1000T5E' doesn't match copy in library '5v rail sm-easyedapro'
    ; warning
    @(245.11 mm, 44.45 mm): Symbol R190 [1206W4F1000T5E]
[footprint_link_issues]: Footprint 'C_0603_1608Metric' not found in library 'Capacitor_SMD'.
    ; warning
    @(275.59 mm, 53.34 mm): Symbol C119 [0603B474K500NT]
[lib_symbol_mismatch]: Symbol '0603B474K500NT' doesn't match copy in library '5v rail sm-easyedapro'
    ; warning
    @(275.59 mm, 53.34 mm): Symbol C119 [0603B474K500NT]
[footprint_link_issues]: Footprint 'R_0603_1608Metric' not found in library 'Resistor_SMD'.
    ; warning
    @(275.59 mm, 97.79 mm): Symbol R191 [FRC0603F8202TS]
[lib_symbol_mismatch]: Symbol 'FRC0603F8202TS' doesn't match copy in library '5v rail sm-easyedapro'
    ; warning
    @(275.59 mm, 97.79 mm): Symbol R191 [FRC0603F8202TS]
[footprint_link_issues]: Footprint 'C_0603_1608Metric' not found in library 'Capacitor_SMD'.
    ; warning
    @(289.56 mm, 54.61 mm): Symbol C120 [CGA0603X5R105K500JT]
[lib_symbol_mismatch]: Symbol 'CGA0603X5R105K500JT' doesn't match copy in library '5v rail sm-easyedapro'
    ; warning
    @(289.56 mm, 54.61 mm): Symbol C120 [CGA0603X5R105K500JT]
[footprint_link_issues]: Footprint 'R_0603_1608Metric' not found in library 'Resistor_SMD'.
    ; warning
    @(275.59 mm, 106.68 mm): Symbol R192 [FRC0603J104 TS]
[lib_symbol_mismatch]: Symbol 'FRC0603J104 TS' doesn't match copy in library '5v rail sm-easyedapro'
    ; warning
    @(275.59 mm, 106.68 mm): Symbol R192 [FRC0603J104 TS]
[footprint_link_issues]: Footprint 'R_0603_1608Metric' not found in library 'Resistor_SMD'.
    ; warning
    @(288.29 mm, 80.01 mm): Symbol R193 [0603WAF1002T5E]
[lib_symbol_mismatch]: Symbol '0603WAF1002T5E' doesn't match copy in library '5v rail sm-easyedapro'
    ; warning
    @(288.29 mm, 80.01 mm): Symbol R193 [0603WAF1002T5E]
[footprint_link_issues]: Footprint 'R_0603_1608Metric' not found in library 'Resistor_SMD'.
    ; warning
    @(288.29 mm, 90.17 mm): Symbol R194 [0603WAF1002T5E]
[lib_symbol_mismatch]: Symbol '0603WAF1002T5E' doesn't match copy in library '5v rail sm-easyedapro'
    ; warning
    @(288.29 mm, 90.17 mm): Symbol R194 [0603WAF1002T5E]
[footprint_link_issues]: Footprint 'C_0603_1608Metric' not found in library 'Capacitor_SMD'.
    ; warning
    @(302.26 mm, 54.61 mm): Symbol C121 [CC0603JRNPO9BN101]
[lib_symbol_mismatch]: Symbol 'CC0603JRNPO9BN101' doesn't match copy in library '5v rail sm-easyedapro'
    ; warning
    @(302.26 mm, 54.61 mm): Symbol C121 [CC0603JRNPO9BN101]
[footprint_link_issues]: Footprint 'R_0603_1608Metric' not found in library 'Resistor_SMD'.
    ; warning
    @(297.18 mm, 114.30 mm): Symbol R195 [0603WAF1002T5E]
[lib_symbol_mismatch]: Symbol '0603WAF1002T5E' doesn't match copy in library '5v rail sm-easyedapro'
    ; warning
    @(297.18 mm, 114.30 mm): Symbol R195 [0603WAF1002T5E]
[lib_symbol_issues]: The symbol library 'power' was not found at '/opt/homebrew/bin/SharedSupport/symbols//power.kicad_sym'.
    ; warning
    @(46.99 mm, 95.25 mm): Symbol #PWR0153 [+3V3]
[lib_symbol_issues]: The symbol library 'Device' was not found at '/opt/homebrew/bin/SharedSupport/symbols//Device.kicad_sym'.
    ; warning
    @(90.17 mm, 97.79 mm): Symbol NT20 [NetTie_2]
[footprint_link_issues]: Footprint 'C_0603_1608Metric' not found in library 'Capacitor_SMD'.
    ; warning
    @(46.99 mm, 127.00 mm): Symbol C102 [CC0603KRX7R9BB104]
[lib_symbol_mismatch]: Symbol 'CC0603KRX7R9BB104' doesn't match copy in library '5v rail sm-easyedapro'
    ; warning
    @(46.99 mm, 127.00 mm): Symbol C102 [CC0603KRX7R9BB104]
[footprint_link_issues]: Footprint 'C_0805_2012Metric' not found in library 'Capacitor_SMD'.
    ; warning
    @(63.50 mm, 127.00 mm): Symbol C103 [GRM21BR61H106KE43L]
[lib_symbol_mismatch]: Symbol 'GRM21BR61H106KE43L' doesn't match copy in library '5v rail sm-easyedapro'
    ; warning
    @(63.50 mm, 127.00 mm): Symbol C103 [GRM21BR61H106KE43L]
[footprint_link_issues]: Footprint 'R_0402_1005Metric' not found in library 'Resistor_SMD'.
    ; warning
    @(105.41 mm, 97.79 mm): Symbol R160 [RC0402FR-0710RL]
[lib_symbol_mismatch]: Symbol 'RC0402FR-0710RL' doesn't match copy in library '5v rail sm-easyedapro'
    ; warning
    @(105.41 mm, 97.79 mm): Symbol R160 [RC0402FR-0710RL]
[lib_symbol_issues]: The symbol library 'Device' was not found at '/opt/homebrew/bin/SharedSupport/symbols//Device.kicad_sym'.
    ; warning
    @(91.44 mm, 111.76 mm): Symbol NT21 [NetTie_2]
[footprint_link_issues]: Footprint 'R_0402_1005Metric' not found in library 'Resistor_SMD'.
    ; warning
    @(105.41 mm, 111.76 mm): Symbol R161 [RC0402FR-0710RL]
[lib_symbol_mismatch]: Symbol 'RC0402FR-0710RL' doesn't match copy in library '5v rail sm-easyedapro'
    ; warning
    @(105.41 mm, 111.76 mm): Symbol R161 [RC0402FR-0710RL]
[footprint_link_issues]: Footprint 'C_0201_0603Metric' not found in library 'Capacitor_SMD'.
    ; warning
    @(114.30 mm, 105.41 mm): Symbol C104 [TCC0201X7R103K500ZT]
[lib_symbol_mismatch]: Symbol 'TCC0201X7R103K500ZT' doesn't match copy in library '5v rail sm-easyedapro'
    ; warning
    @(114.30 mm, 105.41 mm): Symbol C104 [TCC0201X7R103K500ZT]
[lib_symbol_issues]: The symbol library 'power' was not found at '/opt/homebrew/bin/SharedSupport/symbols//power.kicad_sym'.
    ; warning
    @(63.50 mm, 142.24 mm): Symbol #PWR0154 [GND]
[lib_symbol_issues]: The symbol library 'Device' was not found at '/opt/homebrew/bin/SharedSupport/symbols//Device.kicad_sym'.
    ; warning
    @(154.94 mm, 44.45 mm): Symbol NT22 [NetTie_2]
[footprint_link_issues]: Footprint 'R_0402_1005Metric' not found in library 'Resistor_SMD'.
    ; warning
    @(154.94 mm, 68.58 mm): Symbol R163 [RC0402FR-0710RL]
[lib_symbol_mismatch]: Symbol 'RC0402FR-0710RL' doesn't match copy in library '5v rail sm-easyedapro'
    ; warning
    @(154.94 mm, 68.58 mm): Symbol R163 [RC0402FR-0710RL]
[endpoint_off_grid]: Symbol pin or wire end off connection grid
    ; warning
    @(154.915 mm, 80.01 mm): Vertical Wire, length 13.97 mm
[endpoint_off_grid]: Symbol pin or wire end off connection grid
    ; warning
    @(154.94 mm, 80.01 mm): Horizontal Wire, length 0.025 mm
[lib_symbol_issues]: The symbol library 'Device' was not found at '/opt/homebrew/bin/SharedSupport/symbols//Device.kicad_sym'.
    ; warning
    @(168.91 mm, 44.45 mm): Symbol NT23 [NetTie_2]
[footprint_link_issues]: Footprint 'C_0201_0603Metric' not found in library 'Capacitor_SMD'.
    ; warning
    @(161.29 mm, 80.01 mm): Symbol C105 [TCC0201X7R103K500ZT]
[lib_symbol_mismatch]: Symbol 'TCC0201X7R103K500ZT' doesn't match copy in library '5v rail sm-easyedapro'
    ; warning
    @(161.29 mm, 80.01 mm): Symbol C105 [TCC0201X7R103K500ZT]
[unconnected_wire_endpoint]: Unconnected wire endpoint
    ; warning
    @(154.915 mm, 80.01 mm): Vertical Wire, length 13.97 mm
[footprint_link_issues]: Footprint 'R_0402_1005Metric' not found in library 'Resistor_SMD'.
    ; warning
    @(168.91 mm, 68.58 mm): Symbol R164 [RC0402FR-0710RL]
[lib_symbol_mismatch]: Symbol 'RC0402FR-0710RL' doesn't match copy in library '5v rail sm-easyedapro'
    ; warning
    @(168.91 mm, 68.58 mm): Symbol R164 [RC0402FR-0710RL]
[endpoint_off_grid]: Symbol pin or wire end off connection grid
    ; warning
    @(157.455 mm, 93.98 mm): Vertical Wire, length 3.81 mm
[unconnected_wire_endpoint]: Unconnected wire endpoint
    ; warning
    @(157.455 mm, 93.98 mm): Vertical Wire, length 3.81 mm
[endpoint_off_grid]: Symbol pin or wire end off connection grid
    ; warning
    @(168.885 mm, 80.01 mm): Horizontal Wire, length 2.515 mm
[endpoint_off_grid]: Symbol pin or wire end off connection grid
    ; warning
    @(168.91 mm, 80.01 mm): Horizontal Wire, length 0.025 mm
[endpoint_off_grid]: Symbol pin or wire end off connection grid
    ; warning
    @(168.885 mm, 90.17 mm): Vertical Wire, length 10.16 mm
[endpoint_off_grid]: Symbol pin or wire end off connection grid
    ; warning
    @(168.885 mm, 90.17 mm): Horizontal Wire, length 11.43 mm
[lib_symbol_mismatch]: Symbol 'INA3221AIRGVR' doesn't match copy in library '5v rail sm-easyedapro'
    ; warning
    @(156.21 mm, 113.03 mm): Symbol CUR_2 [INA3221AIRGVR]
[lib_symbol_issues]: The symbol library 'power' was not found at '/opt/homebrew/bin/SharedSupport/symbols//power.kicad_sym'.
    ; warning
    @(186.69 mm, 50.80 mm): Symbol #PWR0155 [+3V3]
[footprint_link_issues]: Footprint 'R_0402_1005Metric' not found in library 'Resistor_SMD'.
    ; warning
    @(142.24 mm, 138.43 mm): Symbol R162 [0402WGF1002TCE]
[lib_symbol_mismatch]: Symbol '0402WGF1002TCE' doesn't match copy in library '5v rail sm-easyedapro'
    ; warning
    @(142.24 mm, 138.43 mm): Symbol R162 [0402WGF1002TCE]
[footprint_link_issues]: Footprint 'C_0201_0603Metric' not found in library 'Capacitor_SMD'.
    ; warning
    @(224.79 mm, 105.41 mm): Symbol C106 [TCC0201X7R103K500ZT]
[lib_symbol_mismatch]: Symbol 'TCC0201X7R103K500ZT' doesn't match copy in library '5v rail sm-easyedapro'
    ; warning
    @(224.79 mm, 105.41 mm): Symbol C106 [TCC0201X7R103K500ZT]
[footprint_link_issues]: Footprint 'R_0402_1005Metric' not found in library 'Resistor_SMD'.
    ; warning
    @(231.14 mm, 97.79 mm): Symbol R165 [RC0402FR-0710RL]
[lib_symbol_mismatch]: Symbol 'RC0402FR-0710RL' doesn't match copy in library '5v rail sm-easyedapro'
    ; warning
    @(231.14 mm, 97.79 mm): Symbol R165 [RC0402FR-0710RL]
[footprint_link_issues]: Footprint 'R_0402_1005Metric' not found in library 'Resistor_SMD'.
    ; warning
    @(231.14 mm, 111.76 mm): Symbol R166 [RC0402FR-0710RL]
[lib_symbol_mismatch]: Symbol 'RC0402FR-0710RL' doesn't match copy in library '5v rail sm-easyedapro'
    ; warning
    @(231.14 mm, 111.76 mm): Symbol R166 [RC0402FR-0710RL]
[lib_symbol_issues]: The symbol library 'Device' was not found at '/opt/homebrew/bin/SharedSupport/symbols//Device.kicad_sym'.
    ; warning
    @(245.11 mm, 97.79 mm): Symbol NT24 [NetTie_2]
[lib_symbol_issues]: The symbol library 'Device' was not found at '/opt/homebrew/bin/SharedSupport/symbols//Device.kicad_sym'.
    ; warning
    @(245.11 mm, 111.76 mm): Symbol NT25 [NetTie_2]
[footprint_link_issues]: Footprint 'C_0603_1608Metric' not found in library 'Capacitor_SMD'.
    ; warning
    @(85.09 mm, 68.58 mm): Symbol C74 [CC0603KRX7R9BB104]
[lib_symbol_mismatch]: Symbol 'CC0603KRX7R9BB104' doesn't match copy in library '5v rail sm-easyedapro'
    ; warning
    @(85.09 mm, 68.58 mm): Symbol C74 [CC0603KRX7R9BB104]
[footprint_link_issues]: Footprint 'R_0603_1608Metric' not found in library 'Resistor_SMD'.
    ; warning
    @(114.30 mm, 55.88 mm): Symbol R128 [FRH0603D4423TS]
[lib_symbol_mismatch]: Symbol 'FRH0603D4423TS' doesn't match copy in library '5v rail sm-easyedapro'
    ; warning
    @(114.30 mm, 55.88 mm): Symbol R128 [FRH0603D4423TS]
[endpoint_off_grid]: Symbol pin or wire end off connection grid
    ; warning
    @(85.09 mm, 97.815 mm): Vertical Wire, length 24.155 mm
[endpoint_off_grid]: Symbol pin or wire end off connection grid
    ; warning
    @(85.09 mm, 97.815 mm): Wire, length 29.21 mm
[endpoint_off_grid]: Symbol pin or wire end off connection grid
    ; warning
    @(85.09 mm, 144.78 mm): Vertical Wire, length 46.965 mm
[footprint_link_issues]: Footprint 'R_0603_1608Metric' not found in library 'Resistor_SMD'.
    ; warning
    @(114.30 mm, 68.58 mm): Symbol R129 [FRC0603F1102TS]
[lib_symbol_mismatch]: Symbol 'FRC0603F1102TS' doesn't match copy in library '5v rail sm-easyedapro'
    ; warning
    @(114.30 mm, 68.58 mm): Symbol R129 [FRC0603F1102TS]
[footprint_link_issues]: Footprint 'R_0603_1608Metric' not found in library 'Resistor_SMD'.
    ; warning
    @(114.30 mm, 81.28 mm): Symbol R130 [0603WAF2002T5E]
[lib_symbol_mismatch]: Symbol '0603WAF2002T5E' doesn't match copy in library '5v rail sm-easyedapro'
    ; warning
    @(114.30 mm, 81.28 mm): Symbol R130 [0603WAF2002T5E]
[footprint_link_issues]: Footprint 'R_0603_1608Metric' not found in library 'Resistor_SMD'.
    ; warning
    @(69.85 mm, 132.08 mm): Symbol R126 [RC0603FR-073K92L]
[lib_symbol_mismatch]: Symbol 'RC0603FR-073K92L' doesn't match copy in library '5v rail sm-easyedapro'
    ; warning
    @(69.85 mm, 132.08 mm): Symbol R126 [RC0603FR-073K92L]
[lib_symbol_issues]: The symbol library 'Jumper' was not found at '/opt/homebrew/bin/SharedSupport/symbols//Jumper.kicad_sym'.
    ; warning
    @(66.04 mm, 148.59 mm): Symbol U60 [Jumper_2_Bridged]
[footprint_link_issues]: Footprint 'R_0603_1608Metric' not found in library 'Resistor_SMD'.
    ; warning
    @(73.66 mm, 148.59 mm): Symbol R127 [FRC0603F1581TS]
[lib_symbol_mismatch]: Symbol 'FRC0603F1581TS' doesn't match copy in library '5v rail sm-easyedapro'
    ; warning
    @(73.66 mm, 148.59 mm): Symbol R127 [FRC0603F1581TS]
[lib_symbol_issues]: The symbol library 'power' was not found at '/opt/homebrew/bin/SharedSupport/symbols//power.kicad_sym'.
    ; warning
    @(118.11 mm, 116.84 mm): Symbol #PWR0116 [+3V3]
[footprint_link_issues]: Footprint 'R_0603_1608Metric' not found in library 'Resistor_SMD'.
    ; warning
    @(125.73 mm, 118.11 mm): Symbol R131 [FRC0603J104 TS]
[lib_symbol_mismatch]: Symbol 'FRC0603J104 TS' doesn't match copy in library '5v rail sm-easyedapro'
    ; warning
    @(125.73 mm, 118.11 mm): Symbol R131 [FRC0603J104 TS]
[lib_symbol_issues]: The symbol library 'power' was not found at '/opt/homebrew/bin/SharedSupport/symbols//power.kicad_sym'.
    ; warning
    @(92.71 mm, 148.59 mm): Symbol #PWR0115 [GND]
[lib_symbol_issues]: The symbol library 'power' was not found at '/opt/homebrew/bin/SharedSupport/symbols//power.kicad_sym'.
    ; warning
    @(69.85 mm, 163.83 mm): Symbol #PWR0114 [GND]
[footprint_link_issues]: Footprint 'C_0603_1608Metric' not found in library 'Capacitor_SMD'.
    ; warning
    @(147.32 mm, 124.46 mm): Symbol C75 [TCC0603X7R223M500CT]
[lib_symbol_mismatch]: Symbol 'TCC0603X7R223M500CT' doesn't match copy in library '5v rail sm-easyedapro'
    ; warning
    @(147.32 mm, 124.46 mm): Symbol C75 [TCC0603X7R223M500CT]
[lib_symbol_issues]: The symbol library 'Jumper' was not found at '/opt/homebrew/bin/SharedSupport/symbols//Jumper.kicad_sym'.
    ; warning
    @(160.02 mm, 124.46 mm): Symbol U61 [Jumper_2_Bridged]
[lib_symbol_issues]: The symbol library 'power' was not found at '/opt/homebrew/bin/SharedSupport/symbols//power.kicad_sym'.
    ; warning
    @(218.44 mm, 116.84 mm): Symbol #PWR0117 [+3V3]
[footprint_link_issues]: Footprint 'R_0603_1608Metric' not found in library 'Resistor_SMD'.
    ; warning
    @(218.44 mm, 123.19 mm): Symbol R132 [FRC0603J104 TS]
[lib_symbol_mismatch]: Symbol 'FRC0603J104 TS' doesn't match copy in library '5v rail sm-easyedapro'
    ; warning
    @(218.44 mm, 123.19 mm): Symbol R132 [FRC0603J104 TS]
[footprint_link_issues]: Footprint 'R_0603_1608Metric' not found in library 'Resistor_SMD'.
    ; warning
    @(218.44 mm, 140.97 mm): Symbol R133 [0603WAF191JT5E]
[lib_symbol_mismatch]: Symbol '0603WAF191JT5E' doesn't match copy in library '5v rail sm-easyedapro'
    ; warning
    @(218.44 mm, 140.97 mm): Symbol R133 [0603WAF191JT5E]
[lib_symbol_issues]: The symbol library 'power' was not found at '/opt/homebrew/bin/SharedSupport/symbols//power.kicad_sym'.
    ; warning
    @(218.44 mm, 147.32 mm): Symbol #PWR0118 [GND]
[footprint_link_issues]: Footprint 'C_0805_2012Metric' not found in library 'Capacitor_SMD'.
    ; warning
    @(128.27 mm, 96.52 mm): Symbol C48 [GRM21BR61H106KE43L]
[lib_symbol_mismatch]: Symbol 'GRM21BR61H106KE43L' doesn't match copy in library '5v rail sm-easyedapro'
    ; warning
    @(128.27 mm, 96.52 mm): Symbol C48 [GRM21BR61H106KE43L]
[footprint_link_issues]: Footprint 'C_0603_1608Metric' not found in library 'Capacitor_SMD'.
    ; warning
    @(139.70 mm, 96.52 mm): Symbol C49 [CC0603KRX7R9BB104]
[lib_symbol_mismatch]: Symbol 'CC0603KRX7R9BB104' doesn't match copy in library '5v rail sm-easyedapro'
    ; warning
    @(139.70 mm, 96.52 mm): Symbol C49 [CC0603KRX7R9BB104]
[lib_symbol_mismatch]: Symbol 'SMF13A_C353315' doesn't match copy in library '5v rail sm-easyedapro'
    ; warning
    @(152.40 mm, 96.52 mm): Symbol D15 [SMF13A_C353315]
[footprint_link_issues]: Footprint 'R_2512_6332Metric' not found in library 'Resistor_SMD'.
    ; warning
    @(160.02 mm, 91.44 mm): Symbol R105 [LR123WF160MT4E]
[lib_symbol_mismatch]: Symbol 'LR123WF160MT4E' doesn't match copy in library '5v rail sm-easyedapro'
    ; warning
    @(160.02 mm, 91.44 mm): Symbol R105 [LR123WF160MT4E]
[footprint_link_issues]: Footprint 'R_0603_1608Metric' not found in library 'Resistor_SMD'.
    ; warning
    @(102.87 mm, 92.71 mm): Symbol R197 [0603WAF1000T5E]
[lib_symbol_mismatch]: Symbol '0603WAF1000T5E' doesn't match copy in library '5v rail sm-easyedapro'
    ; warning
    @(102.87 mm, 92.71 mm): Symbol R197 [0603WAF1000T5E]
[footprint_link_issues]: Footprint 'R_0603_1608Metric' not found in library 'Resistor_SMD'.
    ; warning
    @(88.90 mm, 119.38 mm): Symbol R196 [0603WAF1000T5E]
[lib_symbol_mismatch]: Symbol '0603WAF1000T5E' doesn't match copy in library '5v rail sm-easyedapro'
    ; warning
    @(88.90 mm, 119.38 mm): Symbol R196 [0603WAF1000T5E]
[lib_symbol_mismatch]: Symbol 'BAT46W-7-F' doesn't match copy in library '5v rail sm-easyedapro'
    ; warning
    @(116.84 mm, 101.60 mm): Symbol D25 [BAT46W-7-F]
[lib_symbol_mismatch]: Symbol 'MMSZ5246B-7-F' doesn't match copy in library '5v rail sm-easyedapro'
    ; warning
    @(96.52 mm, 125.73 mm): Symbol D23 [MMSZ5246B-7-F]
[footprint_link_issues]: Footprint 'R_0603_1608Metric' not found in library 'Resistor_SMD'.
    ; warning
    @(130.81 mm, 92.71 mm): Symbol R200 [FRC0603F1001TS]
[lib_symbol_mismatch]: Symbol 'FRC0603F1001TS' doesn't match copy in library '5v rail sm-easyedapro'
    ; warning
    @(130.81 mm, 92.71 mm): Symbol R200 [FRC0603F1001TS]
[footprint_link_issues]: Footprint 'R_0603_1608Metric' not found in library 'Resistor_SMD'.
    ; warning
    @(107.95 mm, 125.73 mm): Symbol R198 [0603WAF1005T5E]
[lib_symbol_mismatch]: Symbol '0603WAF1005T5E' doesn't match copy in library '5v rail sm-easyedapro'
    ; warning
    @(107.95 mm, 125.73 mm): Symbol R198 [0603WAF1005T5E]
[footprint_link_issues]: Footprint 'R_0603_1608Metric' not found in library 'Resistor_SMD'.
    ; warning
    @(116.84 mm, 119.38 mm): Symbol R199 [FRC0603J470 TS]
[lib_symbol_mismatch]: Symbol 'FRC0603J470 TS' doesn't match copy in library '5v rail sm-easyedapro'
    ; warning
    @(116.84 mm, 119.38 mm): Symbol R199 [FRC0603J470 TS]
[footprint_link_issues]: Footprint 'C_0603_1608Metric' not found in library 'Capacitor_SMD'.
    ; warning
    @(96.52 mm, 143.51 mm): Symbol C122 [CL10B104KC8NNNC]
[lib_symbol_mismatch]: Symbol 'CL10B104KC8NNNC' doesn't match copy in library '5v rail sm-easyedapro'
    ; warning
    @(96.52 mm, 143.51 mm): Symbol C122 [CL10B104KC8NNNC]
[footprint_link_issues]: Footprint 'R_0603_1608Metric' not found in library 'Resistor_SMD'.
    ; warning
    @(152.40 mm, 82.55 mm): Symbol R204 [0603WAF6802T5E]
[lib_symbol_mismatch]: Symbol '0603WAF6802T5E' doesn't match copy in library '5v rail sm-easyedapro'
    ; warning
    @(152.40 mm, 82.55 mm): Symbol R204 [0603WAF6802T5E]
[lib_symbol_mismatch]: Symbol 'BAT46W-7-F' doesn't match copy in library '5v rail sm-easyedapro'
    ; warning
    @(152.40 mm, 92.71 mm): Symbol D27 [BAT46W-7-F]
[lib_symbol_mismatch]: Symbol 'IPT012N08N5(TOKMAS)' doesn't match copy in library '5v rail sm-easyedapro'
    ; warning
    @(123.19 mm, 133.35 mm): Symbol Q13 [IPT012N08N5(TOKMAS)]
[footprint_link_issues]: Footprint 'R_0603_1608Metric' not found in library 'Resistor_SMD'.
    ; warning
    @(147.32 mm, 119.38 mm): Symbol R203 [FRC0603J470 TS]
[lib_symbol_mismatch]: Symbol 'FRC0603J470 TS' doesn't match copy in library '5v rail sm-easyedapro'
    ; warning
    @(147.32 mm, 119.38 mm): Symbol R203 [FRC0603J470 TS]
[footprint_link_issues]: Footprint 'C_0603_1608Metric' not found in library 'Capacitor_SMD'.
    ; warning
    @(96.52 mm, 165.10 mm): Symbol C123 [CL10B104KC8NNNC]
[lib_symbol_mismatch]: Symbol 'CL10B104KC8NNNC' doesn't match copy in library '5v rail sm-easyedapro'
    ; warning
    @(96.52 mm, 165.10 mm): Symbol C123 [CL10B104KC8NNNC]
[lib_symbol_mismatch]: Symbol 'IPT012N08N5(TOKMAS)' doesn't match copy in library '5v rail sm-easyedapro'
    ; warning
    @(140.97 mm, 133.35 mm): Symbol Q14 [IPT012N08N5(TOKMAS)]
[footprint_link_issues]: Footprint 'C_0603_1608Metric' not found in library 'Capacitor_SMD'.
    ; warning
    @(125.73 mm, 148.59 mm): Symbol C124 [CL10B104KC8NNNC]
[lib_symbol_mismatch]: Symbol 'CL10B104KC8NNNC' doesn't match copy in library '5v rail sm-easyedapro'
    ; warning
    @(125.73 mm, 148.59 mm): Symbol C124 [CL10B104KC8NNNC]
[footprint_link_issues]: Footprint 'R_0603_1608Metric' not found in library 'Resistor_SMD'.
    ; warning
    @(156.21 mm, 124.46 mm): Symbol R205 [0603WAF1005T5E]
[lib_symbol_mismatch]: Symbol '0603WAF1005T5E' doesn't match copy in library '5v rail sm-easyedapro'
    ; warning
    @(156.21 mm, 124.46 mm): Symbol R205 [0603WAF1005T5E]
[footprint_link_issues]: Footprint 'C_0603_1608Metric' not found in library 'Capacitor_SMD'.
    ; warning
    @(138.43 mm, 148.59 mm): Symbol C125 [CL10B104KC8NNNC]
[lib_symbol_mismatch]: Symbol 'CL10B104KC8NNNC' doesn't match copy in library '5v rail sm-easyedapro'
    ; warning
    @(138.43 mm, 148.59 mm): Symbol C125 [CL10B104KC8NNNC]
[lib_symbol_mismatch]: Symbol 'MMSZ5246B-7-F' doesn't match copy in library '5v rail sm-easyedapro'
    ; warning
    @(168.91 mm, 124.46 mm): Symbol D28 [MMSZ5246B-7-F]
[lib_symbol_mismatch]: Symbol 'BZT52C5V1S-7-F' doesn't match copy in library '5v rail sm-easyedapro'
    ; warning
    @(203.20 mm, 83.82 mm): Symbol D29 [BZT52C5V1S-7-F]
[lib_symbol_mismatch]: Symbol 'MMSZ5267BT1G' doesn't match copy in library '5v rail sm-easyedapro'
    ; warning
    @(113.03 mm, 209.55 mm): Symbol D24 [MMSZ5267BT1G]
[lib_symbol_mismatch]: Symbol 'BSS84AK,215' doesn't match copy in library '5v rail sm-easyedapro'
    ; warning
    @(220.98 mm, 92.71 mm): Symbol Q16 [BSS84AK,215]
[lib_symbol_issues]: The symbol library 'power' was not found at '/opt/homebrew/bin/SharedSupport/symbols//power.kicad_sym'.
    ; warning
    @(113.03 mm, 214.63 mm): Symbol #PWR0163 [VSS]
[footprint_link_issues]: Footprint 'R_0603_1608Metric' not found in library 'Resistor_SMD'.
    ; warning
    @(134.62 mm, 204.47 mm): Symbol R201 [RC0603FR-0768KL]
[lib_symbol_mismatch]: Symbol 'RC0603FR-0768KL' doesn't match copy in library '5v rail sm-easyedapro'
    ; warning
    @(134.62 mm, 204.47 mm): Symbol R201 [RC0603FR-0768KL]
[footprint_link_issues]: Footprint 'R_0603_1608Metric' not found in library 'Resistor_SMD'.
    ; warning
    @(220.98 mm, 106.68 mm): Symbol R208 [FRC0603J470 TS]
[lib_symbol_mismatch]: Symbol 'FRC0603J470 TS' doesn't match copy in library '5v rail sm-easyedapro'
    ; warning
    @(220.98 mm, 106.68 mm): Symbol R208 [FRC0603J470 TS]
[lib_symbol_mismatch]: Symbol 'MMSZ5246B_R1_00001' doesn't match copy in library '5v rail sm-easyedapro'
    ; warning
    @(135.89 mm, 218.44 mm): Symbol D26 [MMSZ5246B_R1_00001]
[lib_symbol_issues]: The symbol library 'Device' was not found at '/opt/homebrew/bin/SharedSupport/symbols//Device.kicad_sym'.
    ; warning
    @(189.23 mm, 179.07 mm): Symbol NT30 [NetTie_2]
[footprint_link_issues]: Footprint 'R_0603_1608Metric' not found in library 'Resistor_SMD'.
    ; warning
    @(251.46 mm, 76.20 mm): Symbol R209 [FRC0603J471 TS]
[lib_symbol_mismatch]: Symbol 'FRC0603J471 TS' doesn't match copy in library '5v rail sm-easyedapro'
    ; warning
    @(251.46 mm, 76.20 mm): Symbol R209 [FRC0603J471 TS]
[footprint_link_issues]: Footprint 'R_0603_1608Metric' not found in library 'Resistor_SMD'.
    ; warning
    @(135.89 mm, 229.87 mm): Symbol R202 [RC0603FR-071ML]
[lib_symbol_mismatch]: Symbol 'RC0603FR-071ML' doesn't match copy in library '5v rail sm-easyedapro'
    ; warning
    @(135.89 mm, 229.87 mm): Symbol R202 [RC0603FR-071ML]
[lib_symbol_issues]: The symbol library 'Device' was not found at '/opt/homebrew/bin/SharedSupport/symbols//Device.kicad_sym'.
    ; warning
    @(201.93 mm, 179.07 mm): Symbol NT31 [NetTie_2]
[lib_symbol_mismatch]: Symbol 'BSS123NH6327XTSA1_C5205497' doesn't match copy in library '5v rail sm-easyedapro'
    ; warning
    @(269.24 mm, 64.77 mm): Symbol Q17 [BSS123NH6327XTSA1_C5205497]
[lib_symbol_mismatch]: Symbol 'ZXMP10A17G' doesn't match copy in library '5v rail sm-easyedapro'
    ; warning
    @(146.05 mm, 238.76 mm): Symbol Q15 [ZXMP10A17G]
[footprint_link_issues]: Footprint 'R_0603_1608Metric' not found in library 'Resistor_SMD'.
    ; warning
    @(279.40 mm, 57.15 mm): Symbol R210 [0603WAF1005T5E]
[lib_symbol_mismatch]: Symbol '0603WAF1005T5E' doesn't match copy in library '5v rail sm-easyedapro'
    ; warning
    @(279.40 mm, 57.15 mm): Symbol R210 [0603WAF1005T5E]
[lib_symbol_mismatch]: Symbol 'PWR263S-35-40R0J' doesn't match copy in library '5v rail sm-easyedapro'
    ; warning
    @(165.10 mm, 238.76 mm): Symbol R206 [PWR263S-35-40R0J]
[lib_symbol_mismatch]: Symbol 'MMSZ5246B-7-F' doesn't match copy in library '5v rail sm-easyedapro'
    ; warning
    @(292.10 mm, 57.15 mm): Symbol D30 [MMSZ5246B-7-F]
[lib_symbol_mismatch]: Symbol 'BAT46W_C7420332' doesn't match copy in library '5v rail sm-easyedapro'
    ; warning
    @(292.10 mm, 74.93 mm): Symbol D31 [BAT46W_C7420332]
[footprint_link_issues]: Footprint 'R_0603_1608Metric' not found in library 'Resistor_SMD'.
    ; warning
    @(292.10 mm, 88.90 mm): Symbol R211 [0603WAF1002T5E]
[lib_symbol_mismatch]: Symbol '0603WAF1002T5E' doesn't match copy in library '5v rail sm-easyedapro'
    ; warning
    @(292.10 mm, 88.90 mm): Symbol R211 [0603WAF1002T5E]
[footprint_link_issues]: Footprint 'C_0603_1608Metric' not found in library 'Capacitor_SMD'.
    ; warning
    @(287.02 mm, 143.51 mm): Symbol C128 [CL10B104KC8NNNC]
[lib_symbol_mismatch]: Symbol 'CL10B104KC8NNNC' doesn't match copy in library '5v rail sm-easyedapro'
    ; warning
    @(287.02 mm, 143.51 mm): Symbol C128 [CL10B104KC8NNNC]
[footprint_link_issues]: Footprint 'C_0603_1608Metric' not found in library 'Capacitor_SMD'.
    ; warning
    @(287.02 mm, 165.10 mm): Symbol C129 [CL10B104KC8NNNC]
[lib_symbol_mismatch]: Symbol 'CL10B104KC8NNNC' doesn't match copy in library '5v rail sm-easyedapro'
    ; warning
    @(287.02 mm, 165.10 mm): Symbol C129 [CL10B104KC8NNNC]
[lib_symbol_mismatch]: Symbol 'CL05B104KB54PNC' doesn't match copy in library '5v rail sm-easyedapro'
    ; warning
    @(31.75 mm, 26.67 mm): Symbol C22 [CL05B104KB54PNC]
[lib_symbol_issues]: The symbol library 'power' was not found at '/opt/homebrew/bin/SharedSupport/symbols//power.kicad_sym'.
    ; warning
    @(31.75 mm, 31.75 mm): Symbol #PWR077 [GND]
[footprint_link_issues]: Footprint 'R_0201_0603Metric' not found in library 'Resistor_SMD'.
    ; warning
    @(58.42 mm, 12.70 mm): Symbol R74 [R]
[lib_symbol_issues]: The symbol library 'Device' was not found at '/opt/homebrew/bin/SharedSupport/symbols//Device.kicad_sym'.
    ; warning
    @(58.42 mm, 12.70 mm): Symbol R74 [R]
[footprint_link_issues]: Footprint 'R_0603_1608Metric' not found in library 'Resistor_SMD'.
    ; warning
    @(73.66 mm, 12.70 mm): Symbol R77 [0402WGF1001TCE]
[lib_symbol_mismatch]: Symbol '0402WGF1001TCE' doesn't match copy in library '5v rail sm-easyedapro'
    ; warning
    @(73.66 mm, 12.70 mm): Symbol R77 [0402WGF1001TCE]
[endpoint_off_grid]: Symbol pin or wire end off connection grid
    ; warning
    @(3.81 mm, 76.20 mm): Symbol U29 Pin 1 [1, Input, Line]
[unconnected_wire_endpoint]: Unconnected wire endpoint
    ; warning
    @(3.81 mm, 76.20 mm): Vertical Wire, length 1.27 mm
[lib_symbol_mismatch]: Symbol 'PSC-1608U50GC-G4' doesn't match copy in library '5v rail sm-easyedapro'
    ; warning
    @(73.66 mm, 30.48 mm): Symbol LED6 [PSC-1608U50GC-G4]
[lib_symbol_mismatch]: Symbol 'CGA0805X5R226M350MT' doesn't match copy in library '5v rail sm-easyedapro'
    ; warning
    @(16.51 mm, 81.28 mm): Symbol C20 [CGA0805X5R226M350MT]
[endpoint_off_grid]: Symbol pin or wire end off connection grid
    ; warning
    @(58.42 mm, 39.37 mm): Horizontal Wire, length 15.215 mm
[endpoint_off_grid]: Symbol pin or wire end off connection grid
    ; warning
    @(80.01 mm, 39.37 mm): Horizontal Wire, length 6.375 mm
[endpoint_off_grid]: Symbol pin or wire end off connection grid
    ; warning
    @(73.635 mm, 39.37 mm): Wire, length 71.12 mm
[endpoint_off_grid]: Symbol pin or wire end off connection grid
    ; warning
    @(73.66 mm, 35.56 mm): Wire, length 3.81 mm
[lib_symbol_mismatch]: Symbol 'CC0603KRX7R9BB104' doesn't match copy in library '5v rail sm-easyedapro'
    ; warning
    @(80.01 mm, 30.48 mm): Symbol C24 [CC0603KRX7R9BB104]
[lib_symbol_mismatch]: Symbol 'CGA0805X5R226M350MT' doesn't match copy in library '5v rail sm-easyedapro'
    ; warning
    @(29.21 mm, 81.28 mm): Symbol C21 [CGA0805X5R226M350MT]
[unconnected_wire_endpoint]: Unconnected wire endpoint
    ; warning
    @(3.81 mm, 86.36 mm): Vertical Wire, length 2.54 mm
[lib_symbol_mismatch]: Symbol 'CC0603KRX7R9BB104' doesn't match copy in library '5v rail sm-easyedapro'
    ; warning
    @(41.91 mm, 81.28 mm): Symbol C23 [CC0603KRX7R9BB104]
[lib_symbol_issues]: The symbol library 'power' was not found at '/opt/homebrew/bin/SharedSupport/symbols//power.kicad_sym'.
    ; warning
    @(97.79 mm, 1.27 mm): Symbol #PWR078 [+3V3]
[lib_symbol_issues]: The symbol library 'power' was not found at '/opt/homebrew/bin/SharedSupport/symbols//power.kicad_sym'.
    ; warning
    @(29.21 mm, 93.98 mm): Symbol #PWR076 [GND]
[footprint_link_issues]: Footprint 'R_0603_1608Metric' not found in library 'Resistor_SMD'.
    ; warning
    @(60.96 mm, 96.52 mm): Symbol R75 [0603WAF1003T5E]
[lib_symbol_mismatch]: Symbol '0603WAF1003T5E' doesn't match copy in library '5v rail sm-easyedapro'
    ; warning
    @(60.96 mm, 96.52 mm): Symbol R75 [0603WAF1003T5E]
[lib_symbol_mismatch]: Symbol 'CC0603KRX7R9BB104' doesn't match copy in library '5v rail sm-easyedapro'
    ; warning
    @(114.30 mm, 30.48 mm): Symbol C25 [CC0603KRX7R9BB104]
[footprint_link_issues]: Footprint 'R_0402_1005Metric' not found in library 'Resistor_SMD'.
    ; warning
    @(121.92 mm, 12.70 mm): Symbol R79 [0402WGF1001TCE]
[lib_symbol_mismatch]: Symbol '0402WGF1001TCE' doesn't match copy in library '5v rail sm-easyedapro'
    ; warning
    @(121.92 mm, 12.70 mm): Symbol R79 [0402WGF1001TCE]
[footprint_link_issues]: Footprint 'R_0201_0603Metric' not found in library 'Resistor_SMD'.
    ; warning
    @(130.81 mm, 12.70 mm): Symbol R80 [R]
[lib_symbol_issues]: The symbol library 'Device' was not found at '/opt/homebrew/bin/SharedSupport/symbols//Device.kicad_sym'.
    ; warning
    @(130.81 mm, 12.70 mm): Symbol R80 [R]
[footprint_link_issues]: Footprint 'R_0603_1608Metric' not found in library 'Resistor_SMD'.
    ; warning
    @(60.96 mm, 135.89 mm): Symbol R76 [FRC0603F5761TS]
[lib_symbol_mismatch]: Symbol 'FRC0603F5761TS' doesn't match copy in library '5v rail sm-easyedapro'
    ; warning
    @(60.96 mm, 135.89 mm): Symbol R76 [FRC0603F5761TS]
[lib_symbol_mismatch]: Symbol '0402B104K500NT' doesn't match copy in library '5v rail sm-easyedapro'
    ; warning
    @(128.27 mm, 96.52 mm): Symbol C26 [0402B104K500NT]
[lib_symbol_mismatch]: Symbol 'CL05B104KB54PNC' doesn't match copy in library '5v rail sm-easyedapro'
    ; warning
    @(158.75 mm, 26.67 mm): Symbol C27 [CL05B104KB54PNC]
[lib_symbol_issues]: The symbol library 'power' was not found at '/opt/homebrew/bin/SharedSupport/symbols//power.kicad_sym'.
    ; warning
    @(158.75 mm, 31.75 mm): Symbol #PWR080 [GND]
[lib_symbol_mismatch]: Symbol 'ME50P06' doesn't match copy in library '5v rail sm-easyedapro'
    ; warning
    @(146.05 mm, 74.93 mm): Symbol Q2 [ME50P06]
[footprint_link_issues]: Footprint 'R_0603_1608Metric' not found in library 'Resistor_SMD'.
    ; warning
    @(100.33 mm, 172.72 mm): Symbol R78 [0603WAF1003T5E]
[lib_symbol_mismatch]: Symbol '0603WAF1003T5E' doesn't match copy in library '5v rail sm-easyedapro'
    ; warning
    @(100.33 mm, 172.72 mm): Symbol R78 [0603WAF1003T5E]
[footprint_link_issues]: Footprint 'R_0603_1608Metric' not found in library 'Resistor_SMD'.
    ; warning
    @(154.94 mm, 130.81 mm): Symbol R83 [0603WAF1004T5E]
[lib_symbol_mismatch]: Symbol '0603WAF1004T5E' doesn't match copy in library '5v rail sm-easyedapro'
    ; warning
    @(154.94 mm, 130.81 mm): Symbol R83 [0603WAF1004T5E]
[lib_symbol_mismatch]: Symbol 'SBR8U60P5-13' doesn't match copy in library '5v rail sm-easyedapro'
    ; warning
    @(191.77 mm, 74.93 mm): Symbol D11 [SBR8U60P5-13]
[lib_symbol_mismatch]: Symbol 'CN3722' doesn't match copy in library '5v rail sm-easyedapro'
    ; warning
    @(181.61 mm, 110.49 mm): Symbol U30 [CN3722]
[footprint_link_issues]: Footprint 'C_0402_1005Metric' not found in library 'Capacitor_SMD'.
    ; warning
    @(167.64 mm, 130.81 mm): Symbol C28 [CC0402JRNPO9BN471]
[lib_symbol_mismatch]: Symbol 'CC0402JRNPO9BN471' doesn't match copy in library '5v rail sm-easyedapro'
    ; warning
    @(167.64 mm, 130.81 mm): Symbol C28 [CC0402JRNPO9BN471]
[footprint_link_issues]: Footprint 'R_0603_1608Metric' not found in library 'Resistor_SMD'.
    ; warning
    @(135.89 mm, 166.37 mm): Symbol R81 [0402WGF1002TCE]
[lib_symbol_mismatch]: Symbol '0402WGF1002TCE' doesn't match copy in library '5v rail sm-easyedapro'
    ; warning
    @(135.89 mm, 166.37 mm): Symbol R81 [0402WGF1002TCE]
[lib_symbol_issues]: The symbol library 'power' was not found at '/opt/homebrew/bin/SharedSupport/symbols//power.kicad_sym'.
    ; warning
    @(111.76 mm, 184.15 mm): Symbol #PWR079 [GND]
[footprint_link_issues]: Footprint 'R_0603_1608Metric' not found in library 'Resistor_SMD'.
    ; warning
    @(161.29 mm, 151.13 mm): Symbol R84 [0603WAF0000T5E]
[lib_symbol_mismatch]: Symbol '0603WAF0000T5E' doesn't match copy in library '5v rail sm-easyedapro'
    ; warning
    @(161.29 mm, 151.13 mm): Symbol R84 [0603WAF0000T5E]
[lib_symbol_mismatch]: Symbol 'SBR8U60P5-13' doesn't match copy in library '5v rail sm-easyedapro'
    ; warning
    @(217.17 mm, 86.36 mm): Symbol D12 [SBR8U60P5-13]
[footprint_link_issues]: Footprint 'R_0603_1608Metric' not found in library 'Resistor_SMD'.
    ; warning
    @(198.12 mm, 125.73 mm): Symbol R85 [0402WGF1200TCE]
[lib_symbol_mismatch]: Symbol '0402WGF1200TCE' doesn't match copy in library '5v rail sm-easyedapro'
    ; warning
    @(198.12 mm, 125.73 mm): Symbol R85 [0402WGF1200TCE]
[lib_symbol_issues]: The symbol library 'power' was not found at '/opt/homebrew/bin/SharedSupport/symbols//power.kicad_sym'.
    ; warning
    @(217.17 mm, 97.79 mm): Symbol #PWR081 [GND]
[lib_symbol_mismatch]: Symbol 'TCC0603X7R224K500CT' doesn't match copy in library '5v rail sm-easyedapro'
    ; warning
    @(198.12 mm, 137.16 mm): Symbol C29 [TCC0603X7R224K500CT]
[lib_symbol_mismatch]: Symbol 'XAL1010-153MED' doesn't match copy in library '5v rail sm-easyedapro'
    ; warning
    @(232.41 mm, 74.93 mm): Symbol U31 [XAL1010-153MED]
[lib_symbol_mismatch]: Symbol 'CL05B104KB54PNC' doesn't match copy in library '5v rail sm-easyedapro'
    ; warning
    @(212.09 mm, 130.81 mm): Symbol C30 [CL05B104KB54PNC]
[lib_symbol_mismatch]: Symbol 'PE2512FKE7W0R06L' doesn't match copy in library '5v rail sm-easyedapro'
    ; warning
    @(264.16 mm, 74.93 mm): Symbol R86 [PE2512FKE7W0R06L]
[lib_symbol_mismatch]: Symbol 'PE2512FKE7W0R06L' doesn't match copy in library '5v rail sm-easyedapro'
    ; warning
    @(264.16 mm, 83.82 mm): Symbol R87 [PE2512FKE7W0R06L]
[footprint_link_issues]: Footprint 'R_0603_1608Metric' not found in library 'Resistor_SMD'.
    ; warning
    @(270.51 mm, 111.76 mm): Symbol R88 [FRC0603F1053TS]
[lib_symbol_mismatch]: Symbol 'FRC0603F1053TS' doesn't match copy in library '5v rail sm-easyedapro'
    ; warning
    @(270.51 mm, 111.76 mm): Symbol R88 [FRC0603F1053TS]
[footprint_link_issues]: Footprint 'R_0603_1608Metric' not found in library 'Resistor_SMD'.
    ; warning
    @(270.51 mm, 121.92 mm): Symbol R89 [FRC0603F2492TS]
[lib_symbol_mismatch]: Symbol 'FRC0603F2492TS' doesn't match copy in library '5v rail sm-easyedapro'
    ; warning
    @(270.51 mm, 121.92 mm): Symbol R89 [FRC0603F2492TS]
[lib_symbol_issues]: The symbol library 'power' was not found at '/opt/homebrew/bin/SharedSupport/symbols//power.kicad_sym'.
    ; warning
    @(270.51 mm, 127.00 mm): Symbol #PWR082 [GND]
[lib_symbol_issues]: The symbol library 'power' was not found at '/opt/homebrew/bin/SharedSupport/symbols//power.kicad_sym'.
    ; warning
    @(288.29 mm, 92.71 mm): Symbol #PWR083 [GND]
[lib_symbol_mismatch]: Symbol 'CC0402BRNPO9BN2R0' doesn't match copy in library '5v rail sm-easyedapro'
    ; warning
    @(283.21 mm, 111.76 mm): Symbol C31 [CC0402BRNPO9BN2R0]
[unconnected_wire_endpoint]: Unconnected wire endpoint
    ; warning
    @(299.72 mm, 80.01 mm): Vertical Wire, length 5.08 mm
[unconnected_wire_endpoint]: Unconnected wire endpoint
    ; warning
    @(299.72 mm, 91.44 mm): Vertical Wire, length 3.81 mm
[lib_symbol_issues]: The symbol library 'power' was not found at '/opt/homebrew/bin/SharedSupport/symbols//power.kicad_sym'.
    ; warning
    @(86.36 mm, 10.16 mm): Symbol #PWR093 [+3V3]
[footprint_link_issues]: Footprint 'R_0603_1608Metric' not found in library 'Resistor_SMD'.
    ; warning
    @(86.36 mm, 17.78 mm): Symbol R107 [0603WAF1000T5E]
[lib_symbol_mismatch]: Symbol '0603WAF1000T5E' doesn't match copy in library '5v rail sm-easyedapro'
    ; warning
    @(86.36 mm, 17.78 mm): Symbol R107 [0603WAF1000T5E]
[footprint_link_issues]: Footprint 'C_0805_2012Metric' not found in library 'Capacitor_SMD'.
    ; warning
    @(30.48 mm, 91.44 mm): Symbol C51 [CL21A475KBQNNNE]
[lib_symbol_mismatch]: Symbol 'CL21A475KBQNNNE' doesn't match copy in library '5v rail sm-easyedapro'
    ; warning
    @(30.48 mm, 91.44 mm): Symbol C51 [CL21A475KBQNNNE]
[lib_symbol_issues]: The symbol library 'power' was not found at '/opt/homebrew/bin/SharedSupport/symbols//power.kicad_sym'.
    ; warning
    @(86.36 mm, 46.99 mm): Symbol #PWR094 [GND]
[footprint_link_issues]: Footprint 'C_0805_2012Metric' not found in library 'Capacitor_SMD'.
    ; warning
    @(43.18 mm, 91.44 mm): Symbol C52 [CL21A475KBQNNNE]
[lib_symbol_mismatch]: Symbol 'CL21A475KBQNNNE' doesn't match copy in library '5v rail sm-easyedapro'
    ; warning
    @(43.18 mm, 91.44 mm): Symbol C52 [CL21A475KBQNNNE]
[footprint_link_issues]: Footprint 'R_0603_1608Metric' not found in library 'Resistor_SMD'.
    ; warning
    @(54.61 mm, 92.71 mm): Symbol R106 [FRC0603J104 TS]
[lib_symbol_mismatch]: Symbol 'FRC0603J104 TS' doesn't match copy in library '5v rail sm-easyedapro'
    ; warning
    @(54.61 mm, 92.71 mm): Symbol R106 [FRC0603J104 TS]
[lib_symbol_mismatch]: Symbol 'ADS1115IDGST' doesn't match copy in library '5v rail sm-easyedapro'
    ; warning
    @(109.22 mm, 31.75 mm): Symbol U45 [ADS1115IDGST]
[footprint_link_issues]: Footprint 'PinHeader_2x01_P2.54mm_Vertical' not found in library 'Connector_PinHeader_2.54mm'.
    ; warning
    @(77.47 mm, 85.09 mm): Symbol H2 [PZ254V-11-02P]
[lib_symbol_mismatch]: Symbol 'PZ254V-11-02P' doesn't match copy in library '5v rail sm-easyedapro'
    ; warning
    @(77.47 mm, 85.09 mm): Symbol H2 [PZ254V-11-02P]
[footprint_link_issues]: Footprint 'R_0603_1608Metric' not found in library 'Resistor_SMD'.
    ; warning
    @(91.44 mm, 71.12 mm): Symbol R108 [R]
[lib_symbol_issues]: The symbol library 'Device' was not found at '/opt/homebrew/bin/SharedSupport/symbols//Device.kicad_sym'.
    ; warning
    @(91.44 mm, 71.12 mm): Symbol R108 [R]
[lib_symbol_issues]: The symbol library 'power' was not found at '/opt/homebrew/bin/SharedSupport/symbols//power.kicad_sym'.
    ; warning
    @(30.48 mm, 119.38 mm): Symbol #PWR090 [GND]
[footprint_link_issues]: Footprint 'C_0603_1608Metric' not found in library 'Capacitor_SMD'.
    ; warning
    @(95.25 mm, 104.14 mm): Symbol C55 [CL10B224KB8NNNC]
[lib_symbol_mismatch]: Symbol 'CL10B224KB8NNNC' doesn't match copy in library '5v rail sm-easyedapro'
    ; warning
    @(95.25 mm, 104.14 mm): Symbol C55 [CL10B224KB8NNNC]
[lib_symbol_issues]: The symbol library 'power' was not found at '/opt/homebrew/bin/SharedSupport/symbols//power.kicad_sym'.
    ; warning
    @(95.25 mm, 110.49 mm): Symbol #PWR095 [GND]
[lib_symbol_issues]: The symbol library 'Jumper' was not found at '/opt/homebrew/bin/SharedSupport/symbols//Jumper.kicad_sym'.
    ; warning
    @(110.49 mm, 102.87 mm): Symbol JP1 [Jumper_2_Bridged]
[lib_symbol_issues]: The symbol library 'power' was not found at '/opt/homebrew/bin/SharedSupport/symbols//power.kicad_sym'.
    ; warning
    @(64.77 mm, 142.24 mm): Symbol #PWR091 [+3V3]
[footprint_link_issues]: Footprint 'R_0603_1608Metric' not found in library 'Resistor_SMD'.
    ; warning
    @(120.65 mm, 105.41 mm): Symbol R109 [FRC0603F3652TS]
[lib_symbol_mismatch]: Symbol 'FRC0603F3652TS' doesn't match copy in library '5v rail sm-easyedapro'
    ; warning
    @(120.65 mm, 105.41 mm): Symbol R109 [FRC0603F3652TS]
[lib_symbol_issues]: The symbol library 'power' was not found at '/opt/homebrew/bin/SharedSupport/symbols//power.kicad_sym'.
    ; warning
    @(165.10 mm, 19.05 mm): Symbol #PWR098 [+3V3]
[footprint_link_issues]: Footprint 'C_0603_1608Metric' not found in library 'Capacitor_SMD'.
    ; warning
    @(64.77 mm, 156.21 mm): Symbol C53 [CC0603KRX7R9BB104]
[lib_symbol_mismatch]: Symbol 'CC0603KRX7R9BB104' doesn't match copy in library '5v rail sm-easyedapro'
    ; warning
    @(64.77 mm, 156.21 mm): Symbol C53 [CC0603KRX7R9BB104]
[footprint_link_issues]: Footprint 'C_0603_1608Metric' not found in library 'Capacitor_SMD'.
    ; warning
    @(165.10 mm, 39.37 mm): Symbol C56 [CC0603KRX7R9BB104]
[lib_symbol_mismatch]: Symbol 'CC0603KRX7R9BB104' doesn't match copy in library '5v rail sm-easyedapro'
    ; warning
    @(165.10 mm, 39.37 mm): Symbol C56 [CC0603KRX7R9BB104]
[lib_symbol_issues]: The symbol library 'power' was not found at '/opt/homebrew/bin/SharedSupport/symbols//power.kicad_sym'.
    ; warning
    @(120.65 mm, 120.65 mm): Symbol #PWR097 [GND]
[lib_symbol_issues]: The symbol library 'power' was not found at '/opt/homebrew/bin/SharedSupport/symbols//power.kicad_sym'.
    ; warning
    @(165.10 mm, 45.72 mm): Symbol #PWR099 [GND]
[footprint_link_issues]: Footprint 'C_0603_1608Metric' not found in library 'Capacitor_SMD'.
    ; warning
    @(80.01 mm, 156.21 mm): Symbol C54 [CL10B105KB8NQNC]
[lib_symbol_mismatch]: Symbol 'CL10B105KB8NQNC' doesn't match copy in library '5v rail sm-easyedapro'
    ; warning
    @(80.01 mm, 156.21 mm): Symbol C54 [CL10B105KB8NQNC]
[lib_symbol_mismatch]: Symbol 'MCP4725A0T-E/CH' doesn't match copy in library '5v rail sm-easyedapro'
    ; warning
    @(106.68 mm, 144.78 mm): Symbol U44 [MCP4725A0T-E/CH]
[lib_symbol_issues]: The symbol library 'power' was not found at '/opt/homebrew/bin/SharedSupport/symbols//power.kicad_sym'.
    ; warning
    @(72.39 mm, 168.91 mm): Symbol #PWR092 [GND]
[lib_symbol_issues]: The symbol library 'power' was not found at '/opt/homebrew/bin/SharedSupport/symbols//power.kicad_sym'.
    ; warning
    @(106.68 mm, 162.56 mm): Symbol #PWR096 [GND]
[lib_symbol_issues]: The symbol library 'Jumper' was not found at '/opt/homebrew/bin/SharedSupport/symbols//Jumper.kicad_sym'.
    ; warning
    @(166.37 mm, 124.46 mm): Symbol U46 [Jumper_2_Bridged]
[footprint_link_issues]: Footprint 'C_0603_1608Metric' not found in library 'Capacitor_SMD'.
    ; warning
    @(180.34 mm, 134.62 mm): Symbol C57 [CC0603KRX7R9BB104]
[lib_symbol_mismatch]: Symbol 'CC0603KRX7R9BB104' doesn't match copy in library '5v rail sm-easyedapro'
    ; warning
    @(180.34 mm, 134.62 mm): Symbol C57 [CC0603KRX7R9BB104]
[lib_symbol_issues]: The symbol library 'power' was not found at '/opt/homebrew/bin/SharedSupport/symbols//power.kicad_sym'.
    ; warning
    @(200.66 mm, 106.68 mm): Symbol #PWR0101 [GND]
[lib_symbol_issues]: The symbol library 'power' was not found at '/opt/homebrew/bin/SharedSupport/symbols//power.kicad_sym'.
    ; warning
    @(180.34 mm, 144.78 mm): Symbol #PWR0100 [GND]
[footprint_link_issues]: Footprint 'R_0603_1608Metric' not found in library 'Resistor_SMD'.
    ; warning
    @(227.33 mm, 74.93 mm): Symbol R110 [0603WAF1003T5E]
[lib_symbol_mismatch]: Symbol '0603WAF1003T5E' doesn't match copy in library '5v rail sm-easyedapro'
    ; warning
    @(227.33 mm, 74.93 mm): Symbol R110 [0603WAF1003T5E]
[footprint_link_issues]: Footprint 'R_0603_1608Metric' not found in library 'Resistor_SMD'.
    ; warning
    @(227.33 mm, 90.17 mm): Symbol R111 [FRC0603F1102TS]
[lib_symbol_mismatch]: Symbol 'FRC0603F1102TS' doesn't match copy in library '5v rail sm-easyedapro'
    ; warning
    @(227.33 mm, 90.17 mm): Symbol R111 [FRC0603F1102TS]
[footprint_link_issues]: Footprint 'C_0805_2012Metric' not found in library 'Capacitor_SMD'.
    ; warning
    @(238.76 mm, 82.55 mm): Symbol C58 [CL21A226MAQNNNE]
[lib_symbol_mismatch]: Symbol 'CL21A226MAQNNNE' doesn't match copy in library '5v rail sm-easyedapro'
    ; warning
    @(238.76 mm, 82.55 mm): Symbol C58 [CL21A226MAQNNNE]
[lib_symbol_issues]: The symbol library 'power' was not found at '/opt/homebrew/bin/SharedSupport/symbols//power.kicad_sym'.
    ; warning
    @(238.76 mm, 105.41 mm): Symbol #PWR0102 [GND]
[footprint_link_issues]: Footprint 'R_2512_6332Metric' not found in library 'Resistor_SMD'.
    ; warning
    @(257.81 mm, 66.04 mm): Symbol R112 [JER2512F3R007]
[lib_symbol_mismatch]: Symbol 'JER2512F3R007' doesn't match copy in library '5v rail sm-easyedapro'
    ; warning
    @(257.81 mm, 66.04 mm): Symbol R112 [JER2512F3R007]
[lib_symbol_issues]: The symbol library 'Device' was not found at '/opt/homebrew/bin/SharedSupport/symbols//Device.kicad_sym'.
    ; warning
    @(261.62 mm, 57.15 mm): Symbol NT16 [NetTie_2]
[footprint_link_issues]: Footprint 'C_0603_1608Metric' not found in library 'Capacitor_SMD'.
    ; warning
    @(49.53 mm, 93.98 mm): Symbol C96 [CC0603KRX7R9BB104]
[lib_symbol_mismatch]: Symbol 'CC0603KRX7R9BB104' doesn't match copy in library '5v rail sm-easyedapro'
    ; warning
    @(49.53 mm, 93.98 mm): Symbol C96 [CC0603KRX7R9BB104]
[footprint_link_issues]: Footprint 'C_0805_2012Metric' not found in library 'Capacitor_SMD'.
    ; warning
    @(64.77 mm, 93.98 mm): Symbol C97 [CL21A475KBQNNNE]
[lib_symbol_mismatch]: Symbol 'CL21A475KBQNNNE' doesn't match copy in library '5v rail sm-easyedapro'
    ; warning
    @(64.77 mm, 93.98 mm): Symbol C97 [CL21A475KBQNNNE]
[lib_symbol_issues]: The symbol library 'power' was not found at '/opt/homebrew/bin/SharedSupport/symbols//power.kicad_sym'.
    ; warning
    @(64.77 mm, 110.49 mm): Symbol #PWR0149 [GND]
[footprint_link_issues]: Footprint 'R_0603_1608Metric' not found in library 'Resistor_SMD'.
    ; warning
    @(114.30 mm, 82.55 mm): Symbol R156 [FRC0603J104 TS]
[lib_symbol_mismatch]: Symbol 'FRC0603J104 TS' doesn't match copy in library '5v rail sm-easyedapro'
    ; warning
    @(114.30 mm, 82.55 mm): Symbol R156 [FRC0603J104 TS]
[footprint_link_issues]: Footprint 'R_0603_1608Metric' not found in library 'Resistor_SMD'.
    ; warning
    @(111.76 mm, 119.38 mm): Symbol R155 [FRC0603J104 TS]
[lib_symbol_mismatch]: Symbol 'FRC0603J104 TS' doesn't match copy in library '5v rail sm-easyedapro'
    ; warning
    @(111.76 mm, 119.38 mm): Symbol R155 [FRC0603J104 TS]
[lib_symbol_mismatch]: Symbol 'L2N7002SLLT1G' doesn't match copy in library '5v rail sm-easyedapro'
    ; warning
    @(121.92 mm, 109.22 mm): Symbol Q12 [L2N7002SLLT1G]
[lib_symbol_issues]: The symbol library 'power' was not found at '/opt/homebrew/bin/SharedSupport/symbols//power.kicad_sym'.
    ; warning
    @(121.92 mm, 129.54 mm): Symbol #PWR0150 [GND]
[footprint_link_issues]: Footprint 'R_0603_1608Metric' not found in library 'Resistor_SMD'.
    ; warning
    @(162.56 mm, 77.47 mm): Symbol R157 [FRC0603F1582TS]
[lib_symbol_mismatch]: Symbol 'FRC0603F1582TS' doesn't match copy in library '5v rail sm-easyedapro'
    ; warning
    @(162.56 mm, 77.47 mm): Symbol R157 [FRC0603F1582TS]
[footprint_link_issues]: Footprint 'C_0603_1608Metric' not found in library 'Capacitor_SMD'.
    ; warning
    @(157.48 mm, 99.06 mm): Symbol C99 [CL10A105KB8NNNC]
[lib_symbol_mismatch]: Symbol 'CL10A105KB8NNNC' doesn't match copy in library '5v rail sm-easyedapro'
    ; warning
    @(157.48 mm, 99.06 mm): Symbol C99 [CL10A105KB8NNNC]
[footprint_link_issues]: Footprint 'R_0603_1608Metric' not found in library 'Resistor_SMD'.
    ; warning
    @(180.34 mm, 71.12 mm): Symbol R158 [RC0603FR-0740K2L]
[lib_symbol_mismatch]: Symbol 'RC0603FR-0740K2L' doesn't match copy in library '5v rail sm-easyedapro'
    ; warning
    @(180.34 mm, 71.12 mm): Symbol R158 [RC0603FR-0740K2L]
[footprint_link_issues]: Footprint 'R_0603_1608Metric' not found in library 'Resistor_SMD'.
    ; warning
    @(180.34 mm, 95.25 mm): Symbol R159 [0603WAF1002T5E]
[lib_symbol_mismatch]: Symbol '0603WAF1002T5E' doesn't match copy in library '5v rail sm-easyedapro'
    ; warning
    @(180.34 mm, 95.25 mm): Symbol R159 [0603WAF1002T5E]
[footprint_link_issues]: Footprint 'C_1206_3216Metric' not found in library 'Capacitor_SMD'.
    ; warning
    @(198.12 mm, 67.31 mm): Symbol C100 [CL31A226KAHNNNE]
[lib_symbol_mismatch]: Symbol 'CL31A226KAHNNNE' doesn't match copy in library '5v rail sm-easyedapro'
    ; warning
    @(198.12 mm, 67.31 mm): Symbol C100 [CL31A226KAHNNNE]
[lib_symbol_issues]: The symbol library 'power' was not found at '/opt/homebrew/bin/SharedSupport/symbols//power.kicad_sym'.
    ; warning
    @(180.34 mm, 119.38 mm): Symbol #PWR0151 [GND]
[footprint_link_issues]: Footprint 'C_1206_3216Metric' not found in library 'Capacitor_SMD'.
    ; warning
    @(212.09 mm, 67.31 mm): Symbol C101 [CL31A226KAHNNNE]
[lib_symbol_mismatch]: Symbol 'CL31A226KAHNNNE' doesn't match copy in library '5v rail sm-easyedapro'
    ; warning
    @(212.09 mm, 67.31 mm): Symbol C101 [CL31A226KAHNNNE]
[lib_symbol_issues]: The symbol library 'power' was not found at '/opt/homebrew/bin/SharedSupport/symbols//power.kicad_sym'.
    ; warning
    @(212.09 mm, 78.74 mm): Symbol #PWR0152 [GND]
[footprint_link_issues]: Footprint 'C_0603_1608Metric' not found in library 'Capacitor_SMD'.
    ; warning
    @(63.50 mm, 91.44 mm): Symbol C91 [CC0603KRX7R9BB104]
[lib_symbol_mismatch]: Symbol 'CC0603KRX7R9BB104' doesn't match copy in library '5v rail sm-easyedapro'
    ; warning
    @(63.50 mm, 91.44 mm): Symbol C91 [CC0603KRX7R9BB104]
[footprint_link_issues]: Footprint 'C_0805_2012Metric' not found in library 'Capacitor_SMD'.
    ; warning
    @(78.74 mm, 91.44 mm): Symbol C92 [CL21A475KBQNNNE]
[lib_symbol_mismatch]: Symbol 'CL21A475KBQNNNE' doesn't match copy in library '5v rail sm-easyedapro'
    ; warning
    @(78.74 mm, 91.44 mm): Symbol C92 [CL21A475KBQNNNE]
[lib_symbol_issues]: The symbol library 'power' was not found at '/opt/homebrew/bin/SharedSupport/symbols//power.kicad_sym'.
    ; warning
    @(71.12 mm, 107.95 mm): Symbol #PWR0145 [GND]
[footprint_link_issues]: Footprint 'R_0603_1608Metric' not found in library 'Resistor_SMD'.
    ; warning
    @(133.35 mm, 93.98 mm): Symbol R151 [FRC0603J104 TS]
[lib_symbol_mismatch]: Symbol 'FRC0603J104 TS' doesn't match copy in library '5v rail sm-easyedapro'
    ; warning
    @(133.35 mm, 93.98 mm): Symbol R151 [FRC0603J104 TS]
[lib_symbol_issues]: The symbol library 'power' was not found at '/opt/homebrew/bin/SharedSupport/symbols//power.kicad_sym'.
    ; warning
    @(133.35 mm, 102.87 mm): Symbol #PWR0146 [GND]
[footprint_link_issues]: Footprint 'R_0603_1608Metric' not found in library 'Resistor_SMD'.
    ; warning
    @(175.26 mm, 73.66 mm): Symbol R152 [0603WAF2002T5E]
[lib_symbol_mismatch]: Symbol '0603WAF2002T5E' doesn't match copy in library '5v rail sm-easyedapro'
    ; warning
    @(175.26 mm, 73.66 mm): Symbol R152 [0603WAF2002T5E]
[footprint_link_issues]: Footprint 'C_0603_1608Metric' not found in library 'Capacitor_SMD'.
    ; warning
    @(170.18 mm, 95.25 mm): Symbol C93 [CL10A105KB8NNNC]
[lib_symbol_mismatch]: Symbol 'CL10A105KB8NNNC' doesn't match copy in library '5v rail sm-easyedapro'
    ; warning
    @(170.18 mm, 95.25 mm): Symbol C93 [CL10A105KB8NNNC]
[footprint_link_issues]: Footprint 'R_0603_1608Metric' not found in library 'Resistor_SMD'.
    ; warning
    @(193.04 mm, 67.31 mm): Symbol R153 [0603WAF2322T5E]
[lib_symbol_mismatch]: Symbol '0603WAF2322T5E' doesn't match copy in library '5v rail sm-easyedapro'
    ; warning
    @(193.04 mm, 67.31 mm): Symbol R153 [0603WAF2322T5E]
[footprint_link_issues]: Footprint 'R_0603_1608Metric' not found in library 'Resistor_SMD'.
    ; warning
    @(193.04 mm, 91.44 mm): Symbol R154 [0603WAF1002T5E]
[lib_symbol_mismatch]: Symbol '0603WAF1002T5E' doesn't match copy in library '5v rail sm-easyedapro'
    ; warning
    @(193.04 mm, 91.44 mm): Symbol R154 [0603WAF1002T5E]
[footprint_link_issues]: Footprint 'C_0805_2012Metric' not found in library 'Capacitor_SMD'.
    ; warning
    @(210.82 mm, 63.50 mm): Symbol C94 [GRM21BR61A476ME15L]
[lib_symbol_mismatch]: Symbol 'GRM21BR61A476ME15L' doesn't match copy in library '5v rail sm-easyedapro'
    ; warning
    @(210.82 mm, 63.50 mm): Symbol C94 [GRM21BR61A476ME15L]
[lib_symbol_issues]: The symbol library 'power' was not found at '/opt/homebrew/bin/SharedSupport/symbols//power.kicad_sym'.
    ; warning
    @(193.04 mm, 119.38 mm): Symbol #PWR0147 [GND]
[footprint_link_issues]: Footprint 'C_0805_2012Metric' not found in library 'Capacitor_SMD'.
    ; warning
    @(224.79 mm, 63.50 mm): Symbol C95 [GRM21BR61A476ME15L]
[lib_symbol_mismatch]: Symbol 'GRM21BR61A476ME15L' doesn't match copy in library '5v rail sm-easyedapro'
    ; warning
    @(224.79 mm, 63.50 mm): Symbol C95 [GRM21BR61A476ME15L]
[lib_symbol_issues]: The symbol library 'power' was not found at '/opt/homebrew/bin/SharedSupport/symbols//power.kicad_sym'.
    ; warning
    @(224.79 mm, 74.93 mm): Symbol #PWR0148 [GND]
[footprint_link_issues]: Footprint 'C_0603_1608Metric' not found in library 'Capacitor_SMD'.
    ; warning
    @(69.85 mm, 88.90 mm): Symbol C107 [CC0603KRX7R9BB104]
[lib_symbol_mismatch]: Symbol 'CC0603KRX7R9BB104' doesn't match copy in library '5v rail sm-easyedapro'
    ; warning
    @(69.85 mm, 88.90 mm): Symbol C107 [CC0603KRX7R9BB104]
[footprint_link_issues]: Footprint 'C_0603_1608Metric' not found in library 'Capacitor_SMD'.
    ; warning
    @(86.36 mm, 88.90 mm): Symbol C108 [CL10A226MP8NUNE]
[lib_symbol_mismatch]: Symbol 'CL10A226MP8NUNE' doesn't match copy in library '5v rail sm-easyedapro'
    ; warning
    @(86.36 mm, 88.90 mm): Symbol C108 [CL10A226MP8NUNE]
[lib_symbol_issues]: The symbol library 'power' was not found at '/opt/homebrew/bin/SharedSupport/symbols//power.kicad_sym'.
    ; warning
    @(78.74 mm, 105.41 mm): Symbol #PWR0156 [GND]
[footprint_link_issues]: Footprint 'R_0603_1608Metric' not found in library 'Resistor_SMD'.
    ; warning
    @(116.84 mm, 83.82 mm): Symbol R168 [FRC0603J104 TS]
[lib_symbol_mismatch]: Symbol 'FRC0603J104 TS' doesn't match copy in library '5v rail sm-easyedapro'
    ; warning
    @(116.84 mm, 83.82 mm): Symbol R168 [FRC0603J104 TS]
[footprint_link_issues]: Footprint 'R_0603_1608Metric' not found in library 'Resistor_SMD'.
    ; warning
    @(109.22 mm, 97.79 mm): Symbol R167 [RS-03K47R0FT]
[lib_symbol_mismatch]: Symbol 'RS-03K47R0FT' doesn't match copy in library '5v rail sm-easyedapro'
    ; warning
    @(109.22 mm, 97.79 mm): Symbol R167 [RS-03K47R0FT]
[footprint_link_issues]: Footprint 'R_0603_1608Metric' not found in library 'Resistor_SMD'.
    ; warning
    @(116.84 mm, 110.49 mm): Symbol R169 [0603WAF4701T5E]
[lib_symbol_mismatch]: Symbol '0603WAF4701T5E' doesn't match copy in library '5v rail sm-easyedapro'
    ; warning
    @(116.84 mm, 110.49 mm): Symbol R169 [0603WAF4701T5E]
[lib_symbol_mismatch]: Symbol 'MT9700-N' doesn't match copy in library '5v rail sm-easyedapro'
    ; warning
    @(143.51 mm, 78.74 mm): Symbol U76 [MT9700-N]
[lib_symbol_issues]: The symbol library 'Jumper' was not found at '/opt/homebrew/bin/SharedSupport/symbols//Jumper.kicad_sym'.
    ; warning
    @(116.84 mm, 120.65 mm): Symbol U75 [Jumper_2_Open]
[lib_symbol_issues]: The symbol library 'power' was not found at '/opt/homebrew/bin/SharedSupport/symbols//power.kicad_sym'.
    ; warning
    @(116.84 mm, 125.73 mm): Symbol #PWR0157 [GND]
[lib_symbol_issues]: The symbol library 'power' was not found at '/opt/homebrew/bin/SharedSupport/symbols//power.kicad_sym'.
    ; warning
    @(160.02 mm, 102.87 mm): Symbol #PWR0158 [GND]
[footprint_link_issues]: Footprint 'C_0603_1608Metric' not found in library 'Capacitor_SMD'.
    ; warning
    @(194.31 mm, 88.90 mm): Symbol C109 [CC0603KRX7R9BB104]
[lib_symbol_mismatch]: Symbol 'CC0603KRX7R9BB104' doesn't match copy in library '5v rail sm-easyedapro'
    ; warning
    @(194.31 mm, 88.90 mm): Symbol C109 [CC0603KRX7R9BB104]
[footprint_link_issues]: Footprint 'R_0603_1608Metric' not found in library 'Resistor_SMD'.
    ; warning
    @(36.83 mm, 119.38 mm): Symbol R117 [0603WAF2672T5E]
[lib_symbol_mismatch]: Symbol '0603WAF2672T5E' doesn't match copy in library '5v rail sm-easyedapro'
    ; warning
    @(36.83 mm, 119.38 mm): Symbol R117 [0603WAF2672T5E]
[footprint_link_issues]: Footprint 'R_0402_1005Metric' not found in library 'Resistor_SMD'.
    ; warning
    @(52.07 mm, 119.38 mm): Symbol R118 [FRC0402F1003TS]
[lib_symbol_mismatch]: Symbol 'FRC0402F1003TS' doesn't match copy in library '5v rail sm-easyedapro'
    ; warning
    @(52.07 mm, 119.38 mm): Symbol R118 [FRC0402F1003TS]
[lib_symbol_issues]: The symbol library 'power' was not found at '/opt/homebrew/bin/SharedSupport/symbols//power.kicad_sym'.
    ; warning
    @(44.45 mm, 132.08 mm): Symbol #PWR0105 [GNDA]
[lib_symbol_issues]: The symbol library 'Jumper' was not found at '/opt/homebrew/bin/SharedSupport/symbols//Jumper.kicad_sym'.
    ; warning
    @(92.71 mm, 110.49 mm): Symbol JP2 [Jumper_2_Bridged]
[lib_symbol_issues]: The symbol library 'power' was not found at '/opt/homebrew/bin/SharedSupport/symbols//power.kicad_sym'.
    ; warning
    @(92.71 mm, 128.27 mm): Symbol #PWR0106 [GNDA]
[footprint_link_issues]: Footprint 'R_0402_1005Metric' not found in library 'Resistor_SMD'.
    ; warning
    @(115.57 mm, 110.49 mm): Symbol R119 [FRC0402F1003TS]
[lib_symbol_mismatch]: Symbol 'FRC0402F1003TS' doesn't match copy in library '5v rail sm-easyedapro'
    ; warning
    @(115.57 mm, 110.49 mm): Symbol R119 [FRC0402F1003TS]
[lib_symbol_issues]: The symbol library 'power' was not found at '/opt/homebrew/bin/SharedSupport/symbols//power.kicad_sym'.
    ; warning
    @(157.48 mm, 63.50 mm): Symbol #PWR0109 [+3V3]
[lib_symbol_issues]: The symbol library 'power' was not found at '/opt/homebrew/bin/SharedSupport/symbols//power.kicad_sym'.
    ; warning
    @(115.57 mm, 127.00 mm): Symbol #PWR0107 [GNDA]
[footprint_link_issues]: Footprint 'R_0603_1608Metric' not found in library 'Resistor_SMD'.
    ; warning
    @(157.48 mm, 69.85 mm): Symbol R120 [0603WAF4702T5E]
[lib_symbol_mismatch]: Symbol '0603WAF4702T5E' doesn't match copy in library '5v rail sm-easyedapro'
    ; warning
    @(157.48 mm, 69.85 mm): Symbol R120 [0603WAF4702T5E]
[lib_symbol_issues]: The symbol library 'power' was not found at '/opt/homebrew/bin/SharedSupport/symbols//power.kicad_sym'.
    ; warning
    @(143.51 mm, 97.79 mm): Symbol #PWR0108 [GND]
[footprint_link_issues]: Footprint 'C_1210_3225Metric' not found in library 'Capacitor_SMD'.
    ; warning
    @(139.70 mm, 125.73 mm): Symbol C65 [GCM32EC71H106KA03L]
[lib_symbol_mismatch]: Symbol 'GCM32EC71H106KA03L' doesn't match copy in library '5v rail sm-easyedapro'
    ; warning
    @(139.70 mm, 125.73 mm): Symbol C65 [GCM32EC71H106KA03L]
[footprint_link_issues]: Footprint 'C_1210_3225Metric' not found in library 'Capacitor_SMD'.
    ; warning
    @(166.37 mm, 125.73 mm): Symbol C66 [GCM32EC71H106KA03L]
[lib_symbol_mismatch]: Symbol 'GCM32EC71H106KA03L' doesn't match copy in library '5v rail sm-easyedapro'
    ; warning
    @(166.37 mm, 125.73 mm): Symbol C66 [GCM32EC71H106KA03L]
[lib_symbol_issues]: The symbol library 'power' was not found at '/opt/homebrew/bin/SharedSupport/symbols//power.kicad_sym'.
    ; warning
    @(201.93 mm, 138.43 mm): Symbol #PWR0110 [GNDA]
[lib_symbol_issues]: The symbol library 'Jumper' was not found at '/opt/homebrew/bin/SharedSupport/symbols//Jumper.kicad_sym'.
    ; warning
    @(220.98 mm, 107.95 mm): Symbol U56 [Jumper_2_Bridged]
[footprint_link_issues]: Footprint 'R_0603_1608Metric' not found in library 'Resistor_SMD'.
    ; warning
    @(234.95 mm, 107.95 mm): Symbol R121 [FRC0603J101 TS]
[lib_symbol_mismatch]: Symbol 'FRC0603J101 TS' doesn't match copy in library '5v rail sm-easyedapro'
    ; warning
    @(234.95 mm, 107.95 mm): Symbol R121 [FRC0603J101 TS]
[footprint_link_issues]: Footprint 'NetTie-2_SMD_Pad2.0mm' not found in library 'NetTie'.
    ; warning
    @(234.95 mm, 142.24 mm): Symbol NT17 [NetTie_2]
[lib_symbol_issues]: The symbol library 'Device' was not found at '/opt/homebrew/bin/SharedSupport/symbols//Device.kicad_sym'.
    ; warning
    @(234.95 mm, 142.24 mm): Symbol NT17 [NetTie_2]
[footprint_link_issues]: Footprint 'C_0402_1005Metric' not found in library 'Capacitor_SMD'.
    ; warning
    @(266.70 mm, 93.98 mm): Symbol C67 [C0402C220K5RACAUTO]
[lib_symbol_mismatch]: Symbol 'C0402C220K5RACAUTO' doesn't match copy in library '5v rail sm-easyedapro'
    ; warning
    @(266.70 mm, 93.98 mm): Symbol C67 [C0402C220K5RACAUTO]
[lib_symbol_issues]: The symbol library 'power' was not found at '/opt/homebrew/bin/SharedSupport/symbols//power.kicad_sym'.
    ; warning
    @(243.84 mm, 144.78 mm): Symbol #PWR0111 [GNDA]
[footprint_link_issues]: Footprint 'R_0402_1005Metric' not found in library 'Resistor_SMD'.
    ; warning
    @(279.40 mm, 93.98 mm): Symbol R122 [FRC0402F1003TS]
[lib_symbol_mismatch]: Symbol 'FRC0402F1003TS' doesn't match copy in library '5v rail sm-easyedapro'
    ; warning
    @(279.40 mm, 93.98 mm): Symbol R122 [FRC0402F1003TS]
[footprint_link_issues]: Footprint 'R_0603_1608Metric' not found in library 'Resistor_SMD'.
    ; warning
    @(279.40 mm, 111.76 mm): Symbol R123 [0603WAF2002T5E]
[lib_symbol_mismatch]: Symbol '0603WAF2002T5E' doesn't match copy in library '5v rail sm-easyedapro'
    ; warning
    @(279.40 mm, 111.76 mm): Symbol R123 [0603WAF2002T5E]
[lib_symbol_issues]: The symbol library 'power' was not found at '/opt/homebrew/bin/SharedSupport/symbols//power.kicad_sym'.
    ; warning
    @(279.40 mm, 137.16 mm): Symbol #PWR0112 [GNDA]
[footprint_link_issues]: Footprint 'C_1210_3225Metric' not found in library 'Capacitor_SMD'.
    ; warning
    @(307.34 mm, 92.71 mm): Symbol C69 [CS3225X7R476K160NRL]
[lib_symbol_mismatch]: Symbol 'CS3225X7R476K160NRL' doesn't match copy in library '5v rail sm-easyedapro'
    ; warning
    @(307.34 mm, 92.71 mm): Symbol C69 [CS3225X7R476K160NRL]
[footprint_link_issues]: Footprint 'C_1210_3225Metric' not found in library 'Capacitor_SMD'.
    ; warning
    @(320.04 mm, 92.71 mm): Symbol C70 [CS3225X7R476K160NRL]
[lib_symbol_mismatch]: Symbol 'CS3225X7R476K160NRL' doesn't match copy in library '5v rail sm-easyedapro'
    ; warning
    @(320.04 mm, 92.71 mm): Symbol C70 [CS3225X7R476K160NRL]
[footprint_link_issues]: Footprint 'C_1210_3225Metric' not found in library 'Capacitor_SMD'.
    ; warning
    @(334.01 mm, 92.71 mm): Symbol C71 [CS3225X7R476K160NRL]
[lib_symbol_mismatch]: Symbol 'CS3225X7R476K160NRL' doesn't match copy in library '5v rail sm-easyedapro'
    ; warning
    @(334.01 mm, 92.71 mm): Symbol C71 [CS3225X7R476K160NRL]
[unconnected_wire_endpoint]: Unconnected wire endpoint
    ; warning
    @(359.41 mm, 87.63 mm): Vertical Wire, length 2.54 mm
[lib_symbol_mismatch]: Symbol '74AHCT1G125GW,125-JSM' doesn't match copy in library '5v rail sm-easyedapro'
    ; warning
    @(74.93 mm, 54.61 mm): Symbol U69 [74AHCT1G125GW,125-JSM]
[lib_symbol_issues]: The symbol library 'power' was not found at '/opt/homebrew/bin/SharedSupport/symbols//power.kicad_sym'.
    ; warning
    @(87.63 mm, 44.45 mm): Symbol #PWR0135 [+5V]
[lib_symbol_issues]: The symbol library 'power' was not found at '/opt/homebrew/bin/SharedSupport/symbols//power.kicad_sym'.
    ; warning
    @(74.93 mm, 78.74 mm): Symbol #PWR0134 [GND]
[footprint_link_issues]: Footprint 'C_0603_1608Metric' not found in library 'Capacitor_SMD'.
    ; warning
    @(87.63 mm, 64.77 mm): Symbol C83 [CC0603KRX7R9BB104]
[lib_symbol_mismatch]: Symbol 'CC0603KRX7R9BB104' doesn't match copy in library '5v rail sm-easyedapro'
    ; warning
    @(87.63 mm, 64.77 mm): Symbol C83 [CC0603KRX7R9BB104]
[footprint_link_issues]: Footprint 'R_0603_1608Metric' not found in library 'Resistor_SMD'.
    ; warning
    @(93.98 mm, 55.88 mm): Symbol R147 [0603WAF2200T5E]
[lib_symbol_mismatch]: Symbol '0603WAF2200T5E' doesn't match copy in library '5v rail sm-easyedapro'
    ; warning
    @(93.98 mm, 55.88 mm): Symbol R147 [0603WAF2200T5E]
[lib_symbol_issues]: The symbol library 'power' was not found at '/opt/homebrew/bin/SharedSupport/symbols//power.kicad_sym'.
    ; warning
    @(106.68 mm, 58.42 mm): Symbol #PWR0136 [GND]
[lib_symbol_issues]: The symbol library 'power' was not found at '/opt/homebrew/bin/SharedSupport/symbols//power.kicad_sym'.
    ; warning
    @(67.31 mm, 118.11 mm): Symbol #PWR0132 [+12V]
[lib_symbol_issues]: The symbol library 'power' was not found at '/opt/homebrew/bin/SharedSupport/symbols//power.kicad_sym'.
    ; warning
    @(134.62 mm, 38.10 mm): Symbol #PWR0139 [+12V]
[footprint_link_issues]: Footprint 'C_0603_1608Metric' not found in library 'Capacitor_SMD'.
    ; warning
    @(60.96 mm, 129.54 mm): Symbol C81 [CC0603KRX7R9BB104]
[lib_symbol_mismatch]: Symbol 'CC0603KRX7R9BB104' doesn't match copy in library '5v rail sm-easyedapro'
    ; warning
    @(60.96 mm, 129.54 mm): Symbol C81 [CC0603KRX7R9BB104]
[lib_symbol_issues]: The symbol library 'power' was not found at '/opt/homebrew/bin/SharedSupport/symbols//power.kicad_sym'.
    ; warning
    @(67.31 mm, 139.70 mm): Symbol #PWR0133 [GND]
[lib_symbol_issues]: The symbol library 'power' was not found at '/opt/homebrew/bin/SharedSupport/symbols//power.kicad_sym'.
    ; warning
    @(128.27 mm, 115.57 mm): Symbol #PWR0137 [+12V]
[lib_symbol_issues]: The symbol library 'Jumper' was not found at '/opt/homebrew/bin/SharedSupport/symbols//Jumper.kicad_sym'.
    ; warning
    @(118.11 mm, 132.08 mm): Symbol JP3 [Jumper_2_Bridged]
[footprint_link_issues]: Footprint 'C_0603_1608Metric' not found in library 'Capacitor_SMD'.
    ; warning
    @(119.38 mm, 152.40 mm): Symbol C84 [CC0603KRX7R9BB104]
[lib_symbol_mismatch]: Symbol 'CC0603KRX7R9BB104' doesn't match copy in library '5v rail sm-easyedapro'
    ; warning
    @(119.38 mm, 152.40 mm): Symbol C84 [CC0603KRX7R9BB104]
[endpoint_off_grid]: Symbol pin or wire end off connection grid
    ; warning
    @(137.16 mm, 160.02 mm): Vertical Wire, length 2.515 mm
[unconnected_wire_endpoint]: Unconnected wire endpoint
    ; warning
    @(137.16 mm, 160.02 mm): Vertical Wire, length 2.515 mm
[lib_symbol_issues]: The symbol library 'power' was not found at '/opt/homebrew/bin/SharedSupport/symbols//power.kicad_sym'.
    ; warning
    @(128.27 mm, 170.18 mm): Symbol #PWR0138 [GND]
[footprint_link_issues]: Footprint 'PinHeader_1x02_P2.54mm_Vertical' not found in library 'Connector_PinHeader_2.54mm'.
    ; warning
    @(181.61 mm, 120.65 mm): Symbol H5 [PZ254V-11-02P]
[lib_symbol_mismatch]: Symbol 'PZ254V-11-02P' doesn't match copy in library '5v rail sm-easyedapro'
    ; warning
    @(181.61 mm, 120.65 mm): Symbol H5 [PZ254V-11-02P]
[lib_symbol_issues]: The symbol library 'power' was not found at '/opt/homebrew/bin/SharedSupport/symbols//power.kicad_sym'.
    ; warning
    @(185.42 mm, 140.97 mm): Symbol #PWR0140 [GND]
[lib_symbol_mismatch]: Symbol 'INA226AIDGSR' doesn't match copy in library '5v rail sm-easyedapro'
    ; warning
    @(134.62 mm, 81.28 mm): Symbol U81 [INA226AIDGSR]
[lib_symbol_issues]: The symbol library 'power' was not found at '/opt/homebrew/bin/SharedSupport/symbols//power.kicad_sym'.
    ; warning
    @(151.13 mm, 91.44 mm): Symbol #PWR0164 [GND]
[lib_symbol_issues]: The symbol library 'Device' was not found at '/opt/homebrew/bin/SharedSupport/symbols//Device.kicad_sym'.
    ; warning
    @(175.26 mm, 78.74 mm): Symbol NT28 [NetTie_2]
[lib_symbol_issues]: The symbol library 'Device' was not found at '/opt/homebrew/bin/SharedSupport/symbols//Device.kicad_sym'.
    ; warning
    @(175.26 mm, 81.28 mm): Symbol NT29 [NetTie_2]
[footprint_link_issues]: Footprint 'C_0603_1608Metric' not found in library 'Capacitor_SMD'.
    ; warning
    @(187.96 mm, 93.98 mm): Symbol C126 [CL10B105KB8NQNC]
[lib_symbol_mismatch]: Symbol 'CL10B105KB8NQNC' doesn't match copy in library '5v rail sm-easyedapro'
    ; warning
    @(187.96 mm, 93.98 mm): Symbol C126 [CL10B105KB8NQNC]
[lib_symbol_issues]: The symbol library 'power' was not found at '/opt/homebrew/bin/SharedSupport/symbols//power.kicad_sym'.
    ; warning
    @(194.31 mm, 83.82 mm): Symbol #PWR0165 [+3V3]
[lib_symbol_issues]: The symbol library 'power' was not found at '/opt/homebrew/bin/SharedSupport/symbols//power.kicad_sym'.
    ; warning
    @(194.31 mm, 104.14 mm): Symbol #PWR0166 [GND]
[footprint_link_issues]: Footprint 'C_0603_1608Metric' not found in library 'Capacitor_SMD'.
    ; warning
    @(200.66 mm, 93.98 mm): Symbol C127 [CC0603KRX7R9BB104]
[lib_symbol_mismatch]: Symbol 'CC0603KRX7R9BB104' doesn't match copy in library '5v rail sm-easyedapro'
    ; warning
    @(200.66 mm, 93.98 mm): Symbol C127 [CC0603KRX7R9BB104]
[footprint_link_issues]: Footprint 'PinHeader_1x02_P2.54mm_Vertical' not found in library 'Connector_PinHeader_2.54mm'.
    ; warning
    @(107.95 mm, 80.01 mm): Symbol ESC-6V1 [PZ254V-11-02P]
[lib_symbol_mismatch]: Symbol 'PZ254V-11-02P' doesn't match copy in library '5v rail sm-easyedapro'
    ; warning
    @(107.95 mm, 80.01 mm): Symbol ESC-6V1 [PZ254V-11-02P]
[lib_symbol_issues]: The symbol library 'power' was not found at '/opt/homebrew/bin/SharedSupport/symbols//power.kicad_sym'.
    ; warning
    @(196.85 mm, 114.30 mm): Symbol #PWR0128 [GND]
[unconnected_wire_endpoint]: Unconnected wire endpoint
    ; warning
    @(29.21 mm, 101.60 mm): Vertical Wire, length 7.62 mm
[unconnected_wire_endpoint]: Unconnected wire endpoint
    ; warning
    @(29.21 mm, 111.76 mm): Vertical Wire, length 5.08 mm
[footprint_link_issues]: Footprint 'C_0805_2012Metric' not found in library 'Capacitor_SMD'.
    ; warning
    @(58.42 mm, 106.68 mm): Symbol C87 [GRM21BR61H106KE43L]
[lib_symbol_mismatch]: Symbol 'GRM21BR61H106KE43L' doesn't match copy in library '5v rail sm-easyedapro'
    ; warning
    @(58.42 mm, 106.68 mm): Symbol C87 [GRM21BR61H106KE43L]
[unconnected_wire_endpoint]: Unconnected wire endpoint
    ; warning
    @(29.21 mm, 118.11 mm): Vertical Wire, length 1.27 mm
[footprint_link_issues]: Footprint 'R_0402_1005Metric' not found in library 'Resistor_SMD'.
    ; warning
    @(80.01 mm, 99.06 mm): Symbol R148 [0402WGF1003TCE]
[lib_symbol_mismatch]: Symbol '0402WGF1003TCE' doesn't match copy in library '5v rail sm-easyedapro'
    ; warning
    @(80.01 mm, 99.06 mm): Symbol R148 [0402WGF1003TCE]
[footprint_link_issues]: Footprint 'C_0603_1608Metric' not found in library 'Capacitor_SMD'.
    ; warning
    @(71.12 mm, 106.68 mm): Symbol C88 [CC0603KRX7R9BB104]
[lib_symbol_mismatch]: Symbol 'CC0603KRX7R9BB104' doesn't match copy in library '5v rail sm-easyedapro'
    ; warning
    @(71.12 mm, 106.68 mm): Symbol C88 [CC0603KRX7R9BB104]
[footprint_link_issues]: Footprint 'R_0603_1608Metric' not found in library 'Resistor_SMD'.
    ; warning
    @(111.76 mm, 134.62 mm): Symbol R149 [R]
[lib_symbol_issues]: The symbol library 'Device' was not found at '/opt/homebrew/bin/SharedSupport/symbols//Device.kicad_sym'.
    ; warning
    @(111.76 mm, 134.62 mm): Symbol R149 [R]
[lib_symbol_mismatch]: Symbol 'L2N7002SLLT1G' doesn't match copy in library '5v rail sm-easyedapro'
    ; warning
    @(111.76 mm, 147.32 mm): Symbol Q10 [L2N7002SLLT1G]
[footprint_link_issues]: Footprint 'R_0603_1608Metric' not found in library 'Resistor_SMD'.
    ; warning
    @(121.92 mm, 157.48 mm): Symbol R150 [FRC0603J104 TS]
[lib_symbol_mismatch]: Symbol 'FRC0603J104 TS' doesn't match copy in library '5v rail sm-easyedapro'
    ; warning
    @(121.92 mm, 157.48 mm): Symbol R150 [FRC0603J104 TS]
[lib_symbol_issues]: The symbol library 'power' was not found at '/opt/homebrew/bin/SharedSupport/symbols//power.kicad_sym'.
    ; warning
    @(116.84 mm, 168.91 mm): Symbol #PWR0141 [GND]
[footprint_link_issues]: Footprint 'R_0603_1608Metric' not found in library 'Resistor_SMD'.
    ; warning
    @(48.26 mm, 107.95 mm): Symbol R170 [RS-03K47R0FT]
[lib_symbol_mismatch]: Symbol 'RS-03K47R0FT' doesn't match copy in library '5v rail sm-easyedapro'
    ; warning
    @(48.26 mm, 107.95 mm): Symbol R170 [RS-03K47R0FT]
[footprint_link_issues]: Footprint 'R_0603_1608Metric' not found in library 'Resistor_SMD'.
    ; warning
    @(58.42 mm, 110.49 mm): Symbol R171 [RS-03K47R0FT]
[lib_symbol_mismatch]: Symbol 'RS-03K47R0FT' doesn't match copy in library '5v rail sm-easyedapro'
    ; warning
    @(58.42 mm, 110.49 mm): Symbol R171 [RS-03K47R0FT]
[footprint_link_issues]: Footprint 'R_0603_1608Metric' not found in library 'Resistor_SMD'.
    ; warning
    @(68.58 mm, 113.03 mm): Symbol R176 [RS-03K47R0FT]
[lib_symbol_mismatch]: Symbol 'RS-03K47R0FT' doesn't match copy in library '5v rail sm-easyedapro'
    ; warning
    @(68.58 mm, 113.03 mm): Symbol R176 [RS-03K47R0FT]
[footprint_link_issues]: Footprint 'R_0603_1608Metric' not found in library 'Resistor_SMD'.
    ; warning
    @(78.74 mm, 115.57 mm): Symbol R177 [RS-03K47R0FT]
[lib_symbol_mismatch]: Symbol 'RS-03K47R0FT' doesn't match copy in library '5v rail sm-easyedapro'
    ; warning
    @(78.74 mm, 115.57 mm): Symbol R177 [RS-03K47R0FT]
[footprint_link_issues]: Footprint 'R_0402_1005Metric' not found in library 'Resistor_SMD'.
    ; warning
    @(130.81 mm, 64.77 mm): Symbol R181 [0402WGF1002TCE]
[lib_symbol_mismatch]: Symbol '0402WGF1002TCE' doesn't match copy in library '5v rail sm-easyedapro'
    ; warning
    @(130.81 mm, 64.77 mm): Symbol R181 [0402WGF1002TCE]
[footprint_link_issues]: Footprint 'R_0603_1608Metric' not found in library 'Resistor_SMD'.
    ; warning
    @(88.90 mm, 118.11 mm): Symbol R178 [RS-03K47R0FT]
[lib_symbol_mismatch]: Symbol 'RS-03K47R0FT' doesn't match copy in library '5v rail sm-easyedapro'
    ; warning
    @(88.90 mm, 118.11 mm): Symbol R178 [RS-03K47R0FT]
[footprint_link_issues]: Footprint 'R_0402_1005Metric' not found in library 'Resistor_SMD'.
    ; warning
    @(130.81 mm, 72.39 mm): Symbol R182 [0402WGF1002TCE]
[lib_symbol_mismatch]: Symbol '0402WGF1002TCE' doesn't match copy in library '5v rail sm-easyedapro'
    ; warning
    @(130.81 mm, 72.39 mm): Symbol R182 [0402WGF1002TCE]
[lib_symbol_issues]: The symbol library 'power' was not found at '/opt/homebrew/bin/SharedSupport/symbols//power.kicad_sym'.
    ; warning
    @(121.92 mm, 92.71 mm): Symbol #PWR0159 [GND]
[footprint_link_issues]: Footprint 'R_0402_1005Metric' not found in library 'Resistor_SMD'.
    ; warning
    @(130.81 mm, 80.01 mm): Symbol R183 [0402WGF1002TCE]
[lib_symbol_mismatch]: Symbol '0402WGF1002TCE' doesn't match copy in library '5v rail sm-easyedapro'
    ; warning
    @(130.81 mm, 80.01 mm): Symbol R183 [0402WGF1002TCE]
[footprint_link_issues]: Footprint 'R_0603_1608Metric' not found in library 'Resistor_SMD'.
    ; warning
    @(99.06 mm, 120.65 mm): Symbol R179 [RS-03K47R0FT]
[lib_symbol_mismatch]: Symbol 'RS-03K47R0FT' doesn't match copy in library '5v rail sm-easyedapro'
    ; warning
    @(99.06 mm, 120.65 mm): Symbol R179 [RS-03K47R0FT]
[footprint_link_issues]: Footprint 'R_0402_1005Metric' not found in library 'Resistor_SMD'.
    ; warning
    @(130.81 mm, 87.63 mm): Symbol R184 [0402WGF1002TCE]
[lib_symbol_mismatch]: Symbol '0402WGF1002TCE' doesn't match copy in library '5v rail sm-easyedapro'
    ; warning
    @(130.81 mm, 87.63 mm): Symbol R184 [0402WGF1002TCE]
[footprint_link_issues]: Footprint 'R_0603_1608Metric' not found in library 'Resistor_SMD'.
    ; warning
    @(109.22 mm, 123.19 mm): Symbol R180 [RS-03K47R0FT]
[lib_symbol_mismatch]: Symbol 'RS-03K47R0FT' doesn't match copy in library '5v rail sm-easyedapro'
    ; warning
    @(109.22 mm, 123.19 mm): Symbol R180 [RS-03K47R0FT]
[footprint_link_issues]: Footprint 'R_0402_1005Metric' not found in library 'Resistor_SMD'.
    ; warning
    @(166.37 mm, 64.77 mm): Symbol R186 [0402WGF1002TCE]
[lib_symbol_mismatch]: Symbol '0402WGF1002TCE' doesn't match copy in library '5v rail sm-easyedapro'
    ; warning
    @(166.37 mm, 64.77 mm): Symbol R186 [0402WGF1002TCE]
[lib_symbol_mismatch]: Symbol 'PCA9685PW,118' doesn't match copy in library '5v rail sm-easyedapro'
    ; warning
    @(171.45 mm, 111.76 mm): Symbol U78 [PCA9685PW,118]
[footprint_link_issues]: Footprint 'R_0402_1005Metric' not found in library 'Resistor_SMD'.
    ; warning
    @(196.85 mm, 107.95 mm): Symbol R188 [0402WGF1002TCE]
[lib_symbol_mismatch]: Symbol '0402WGF1002TCE' doesn't match copy in library '5v rail sm-easyedapro'
    ; warning
    @(196.85 mm, 107.95 mm): Symbol R188 [0402WGF1002TCE]
[lib_symbol_issues]: The symbol library 'power' was not found at '/opt/homebrew/bin/SharedSupport/symbols//power.kicad_sym'.
    ; warning
    @(172.72 mm, 146.05 mm): Symbol #PWR0160 [GND]
[footprint_link_issues]: Footprint 'C_0603_1608Metric' not found in library 'Capacitor_SMD'.
    ; warning
    @(236.22 mm, 74.93 mm): Symbol C117 [CC0603KRX7R9BB104]
[lib_symbol_mismatch]: Symbol 'CC0603KRX7R9BB104' doesn't match copy in library '5v rail sm-easyedapro'
    ; warning
    @(236.22 mm, 74.93 mm): Symbol C117 [CC0603KRX7R9BB104]
[lib_symbol_issues]: The symbol library 'power' was not found at '/opt/homebrew/bin/SharedSupport/symbols//power.kicad_sym'.
    ; warning
    @(243.84 mm, 60.96 mm): Symbol #PWR0161 [+3V3]
[lib_symbol_issues]: The symbol library 'power' was not found at '/opt/homebrew/bin/SharedSupport/symbols//power.kicad_sym'.
    ; warning
    @(243.84 mm, 87.63 mm): Symbol #PWR0162 [GND]
[footprint_link_issues]: Footprint 'C_0603_1608Metric' not found in library 'Capacitor_SMD'.
    ; warning
    @(251.46 mm, 74.93 mm): Symbol C118 [CL10A105KB8NNNC]
[lib_symbol_mismatch]: Symbol 'CL10A105KB8NNNC' doesn't match copy in library '5v rail sm-easyedapro'
    ; warning
    @(251.46 mm, 74.93 mm): Symbol C118 [CL10A105KB8NNNC]
[footprint_link_issues]: Footprint 'PinHeader_1x08_P2.54mm_Vertical' not found in library 'Connector_PinHeader_2.54mm'.
    ; warning
    @(78.74 mm, 87.63 mm): Symbol J7 [PINHD_1x8_Male]
[footprint_link_issues]: Footprint 'R_0603_1608Metric' not found in library 'Resistor_SMD'.
    ; warning
    @(99.06 mm, 78.74 mm): Symbol R217 [RS-03K47R0FT]
[lib_symbol_mismatch]: Symbol 'RS-03K47R0FT' doesn't match copy in library '5v rail sm-easyedapro'
    ; warning
    @(99.06 mm, 78.74 mm): Symbol R217 [RS-03K47R0FT]
[footprint_link_issues]: Footprint 'R_0603_1608Metric' not found in library 'Resistor_SMD'.
    ; warning
    @(99.06 mm, 81.28 mm): Symbol R218 [RS-03K47R0FT]
[lib_symbol_mismatch]: Symbol 'RS-03K47R0FT' doesn't match copy in library '5v rail sm-easyedapro'
    ; warning
    @(99.06 mm, 81.28 mm): Symbol R218 [RS-03K47R0FT]
[footprint_link_issues]: Footprint 'R_0603_1608Metric' not found in library 'Resistor_SMD'.
    ; warning
    @(99.06 mm, 83.82 mm): Symbol R219 [RS-03K47R0FT]
[lib_symbol_mismatch]: Symbol 'RS-03K47R0FT' doesn't match copy in library '5v rail sm-easyedapro'
    ; warning
    @(99.06 mm, 83.82 mm): Symbol R219 [RS-03K47R0FT]
[footprint_link_issues]: Footprint 'R_0603_1608Metric' not found in library 'Resistor_SMD'.
    ; warning
    @(99.06 mm, 86.36 mm): Symbol R220 [RS-03K47R0FT]
[lib_symbol_mismatch]: Symbol 'RS-03K47R0FT' doesn't match copy in library '5v rail sm-easyedapro'
    ; warning
    @(99.06 mm, 86.36 mm): Symbol R220 [RS-03K47R0FT]
[footprint_link_issues]: Footprint 'R_0603_1608Metric' not found in library 'Resistor_SMD'.
    ; warning
    @(99.06 mm, 88.90 mm): Symbol R221 [RS-03K47R0FT]
[lib_symbol_mismatch]: Symbol 'RS-03K47R0FT' doesn't match copy in library '5v rail sm-easyedapro'
    ; warning
    @(99.06 mm, 88.90 mm): Symbol R221 [RS-03K47R0FT]
[footprint_link_issues]: Footprint 'PinHeader_1x08_P2.54mm_Vertical' not found in library 'Connector_PinHeader_2.54mm'.
    ; warning
    @(78.74 mm, 107.95 mm): Symbol J8 [PINHD_1x8_Male]
[footprint_link_issues]: Footprint 'R_0603_1608Metric' not found in library 'Resistor_SMD'.
    ; warning
    @(99.06 mm, 91.44 mm): Symbol R222 [RS-03K47R0FT]
[lib_symbol_mismatch]: Symbol 'RS-03K47R0FT' doesn't match copy in library '5v rail sm-easyedapro'
    ; warning
    @(99.06 mm, 91.44 mm): Symbol R222 [RS-03K47R0FT]
[footprint_link_issues]: Footprint 'R_0603_1608Metric' not found in library 'Resistor_SMD'.
    ; warning
    @(99.06 mm, 93.98 mm): Symbol R223 [RS-03K47R0FT]
[lib_symbol_mismatch]: Symbol 'RS-03K47R0FT' doesn't match copy in library '5v rail sm-easyedapro'
    ; warning
    @(99.06 mm, 93.98 mm): Symbol R223 [RS-03K47R0FT]
[footprint_link_issues]: Footprint 'R_0603_1608Metric' not found in library 'Resistor_SMD'.
    ; warning
    @(99.06 mm, 96.52 mm): Symbol R224 [RS-03K47R0FT]
[lib_symbol_mismatch]: Symbol 'RS-03K47R0FT' doesn't match copy in library '5v rail sm-easyedapro'
    ; warning
    @(99.06 mm, 96.52 mm): Symbol R224 [RS-03K47R0FT]
[footprint_link_issues]: Footprint 'R_0603_1608Metric' not found in library 'Resistor_SMD'.
    ; warning
    @(99.06 mm, 99.06 mm): Symbol R225 [RS-03K47R0FT]
[lib_symbol_mismatch]: Symbol 'RS-03K47R0FT' doesn't match copy in library '5v rail sm-easyedapro'
    ; warning
    @(99.06 mm, 99.06 mm): Symbol R225 [RS-03K47R0FT]
[footprint_link_issues]: Footprint 'R_0603_1608Metric' not found in library 'Resistor_SMD'.
    ; warning
    @(99.06 mm, 101.60 mm): Symbol R226 [RS-03K47R0FT]
[lib_symbol_mismatch]: Symbol 'RS-03K47R0FT' doesn't match copy in library '5v rail sm-easyedapro'
    ; warning
    @(99.06 mm, 101.60 mm): Symbol R226 [RS-03K47R0FT]
[footprint_link_issues]: Footprint 'R_0603_1608Metric' not found in library 'Resistor_SMD'.
    ; warning
    @(99.06 mm, 104.14 mm): Symbol R227 [RS-03K47R0FT]
[lib_symbol_mismatch]: Symbol 'RS-03K47R0FT' doesn't match copy in library '5v rail sm-easyedapro'
    ; warning
    @(99.06 mm, 104.14 mm): Symbol R227 [RS-03K47R0FT]
[footprint_link_issues]: Footprint 'R_0603_1608Metric' not found in library 'Resistor_SMD'.
    ; warning
    @(99.06 mm, 106.68 mm): Symbol R228 [RS-03K47R0FT]
[lib_symbol_mismatch]: Symbol 'RS-03K47R0FT' doesn't match copy in library '5v rail sm-easyedapro'
    ; warning
    @(99.06 mm, 106.68 mm): Symbol R228 [RS-03K47R0FT]
[footprint_link_issues]: Footprint 'R_0603_1608Metric' not found in library 'Resistor_SMD'.
    ; warning
    @(99.06 mm, 109.22 mm): Symbol R229 [RS-03K47R0FT]
[lib_symbol_mismatch]: Symbol 'RS-03K47R0FT' doesn't match copy in library '5v rail sm-easyedapro'
    ; warning
    @(99.06 mm, 109.22 mm): Symbol R229 [RS-03K47R0FT]
[footprint_link_issues]: Footprint 'R_0603_1608Metric' not found in library 'Resistor_SMD'.
    ; warning
    @(99.06 mm, 111.76 mm): Symbol R230 [RS-03K47R0FT]
[lib_symbol_mismatch]: Symbol 'RS-03K47R0FT' doesn't match copy in library '5v rail sm-easyedapro'
    ; warning
    @(99.06 mm, 111.76 mm): Symbol R230 [RS-03K47R0FT]
[footprint_link_issues]: Footprint 'R_0603_1608Metric' not found in library 'Resistor_SMD'.
    ; warning
    @(99.06 mm, 114.30 mm): Symbol R231 [RS-03K47R0FT]
[lib_symbol_mismatch]: Symbol 'RS-03K47R0FT' doesn't match copy in library '5v rail sm-easyedapro'
    ; warning
    @(99.06 mm, 114.30 mm): Symbol R231 [RS-03K47R0FT]
[footprint_link_issues]: Footprint 'R_0603_1608Metric' not found in library 'Resistor_SMD'.
    ; warning
    @(99.06 mm, 116.84 mm): Symbol R232 [RS-03K47R0FT]
[lib_symbol_mismatch]: Symbol 'RS-03K47R0FT' doesn't match copy in library '5v rail sm-easyedapro'
    ; warning
    @(99.06 mm, 116.84 mm): Symbol R232 [RS-03K47R0FT]
[lib_symbol_issues]: The symbol library 'power' was not found at '/opt/homebrew/bin/SharedSupport/symbols//power.kicad_sym'.
    ; warning
    @(162.56 mm, 60.96 mm): Symbol #PWR0172 [+3V3]
[footprint_link_issues]: Footprint 'R_0603_1608Metric' not found in library 'Resistor_SMD'.
    ; warning
    @(144.78 mm, 99.06 mm): Symbol R233 [RS-03K47R0FT]
[lib_symbol_mismatch]: Symbol 'RS-03K47R0FT' doesn't match copy in library '5v rail sm-easyedapro'
    ; warning
    @(144.78 mm, 99.06 mm): Symbol R233 [RS-03K47R0FT]
[footprint_link_issues]: Footprint 'R_0402_1005Metric' not found in library 'Resistor_SMD'.
    ; warning
    @(162.56 mm, 68.58 mm): Symbol R241 [0402WGF1002TCE]
[lib_symbol_mismatch]: Symbol '0402WGF1002TCE' doesn't match copy in library '5v rail sm-easyedapro'
    ; warning
    @(162.56 mm, 68.58 mm): Symbol R241 [0402WGF1002TCE]
[footprint_link_issues]: Footprint 'R_0603_1608Metric' not found in library 'Resistor_SMD'.
    ; warning
    @(144.78 mm, 101.60 mm): Symbol R234 [RS-03K47R0FT]
[lib_symbol_mismatch]: Symbol 'RS-03K47R0FT' doesn't match copy in library '5v rail sm-easyedapro'
    ; warning
    @(144.78 mm, 101.60 mm): Symbol R234 [RS-03K47R0FT]
[footprint_link_issues]: Footprint 'R_0603_1608Metric' not found in library 'Resistor_SMD'.
    ; warning
    @(144.78 mm, 104.14 mm): Symbol R235 [RS-03K47R0FT]
[lib_symbol_mismatch]: Symbol 'RS-03K47R0FT' doesn't match copy in library '5v rail sm-easyedapro'
    ; warning
    @(144.78 mm, 104.14 mm): Symbol R235 [RS-03K47R0FT]
[footprint_link_issues]: Footprint 'R_0603_1608Metric' not found in library 'Resistor_SMD'.
    ; warning
    @(144.78 mm, 106.68 mm): Symbol R236 [RS-03K47R0FT]
[lib_symbol_mismatch]: Symbol 'RS-03K47R0FT' doesn't match copy in library '5v rail sm-easyedapro'
    ; warning
    @(144.78 mm, 106.68 mm): Symbol R236 [RS-03K47R0FT]
[lib_symbol_issues]: The symbol library 'Jumper' was not found at '/opt/homebrew/bin/SharedSupport/symbols//Jumper.kicad_sym'.
    ; warning
    @(162.56 mm, 77.47 mm): Symbol U86 [Jumper_2_Open]
[lib_symbol_issues]: The symbol library 'Jumper' was not found at '/opt/homebrew/bin/SharedSupport/symbols//Jumper.kicad_sym'.
    ; warning
    @(162.56 mm, 80.01 mm): Symbol U87 [Jumper_2_Open]
[footprint_link_issues]: Footprint 'R_0603_1608Metric' not found in library 'Resistor_SMD'.
    ; warning
    @(144.78 mm, 109.22 mm): Symbol R237 [RS-03K47R0FT]
[lib_symbol_mismatch]: Symbol 'RS-03K47R0FT' doesn't match copy in library '5v rail sm-easyedapro'
    ; warning
    @(144.78 mm, 109.22 mm): Symbol R237 [RS-03K47R0FT]
[lib_symbol_issues]: The symbol library 'Jumper' was not found at '/opt/homebrew/bin/SharedSupport/symbols//Jumper.kicad_sym'.
    ; warning
    @(162.56 mm, 83.82 mm): Symbol U88 [Jumper_2_Bridged]
[lib_symbol_issues]: The symbol library 'Jumper' was not found at '/opt/homebrew/bin/SharedSupport/symbols//Jumper.kicad_sym'.
    ; warning
    @(162.56 mm, 86.36 mm): Symbol U89 [Jumper_2_Bridged]
[footprint_link_issues]: Footprint 'R_0603_1608Metric' not found in library 'Resistor_SMD'.
    ; warning
    @(144.78 mm, 114.30 mm): Symbol R239 [RS-03K47R0FT]
[lib_symbol_mismatch]: Symbol 'RS-03K47R0FT' doesn't match copy in library '5v rail sm-easyedapro'
    ; warning
    @(144.78 mm, 114.30 mm): Symbol R239 [RS-03K47R0FT]
[footprint_link_issues]: Footprint 'R_0603_1608Metric' not found in library 'Resistor_SMD'.
    ; warning
    @(144.78 mm, 116.84 mm): Symbol R240 [RS-03K47R0FT]
[lib_symbol_mismatch]: Symbol 'RS-03K47R0FT' doesn't match copy in library '5v rail sm-easyedapro'
    ; warning
    @(144.78 mm, 116.84 mm): Symbol R240 [RS-03K47R0FT]
[footprint_link_issues]: Footprint 'PinHeader_1x08_P2.54mm_Vertical' not found in library 'Connector_PinHeader_2.54mm'.
    ; warning
    @(156.21 mm, 107.95 mm): Symbol J9 [PINHD_1x8_Male]
[footprint_link_issues]: Footprint 'R_0402_1005Metric' not found in library 'Resistor_SMD'.
    ; warning
    @(189.23 mm, 68.58 mm): Symbol R242 [0402WGF1002TCE]
[lib_symbol_mismatch]: Symbol '0402WGF1002TCE' doesn't match copy in library '5v rail sm-easyedapro'
    ; warning
    @(189.23 mm, 68.58 mm): Symbol R242 [0402WGF1002TCE]
[lib_symbol_issues]: The symbol library 'power' was not found at '/opt/homebrew/bin/SharedSupport/symbols//power.kicad_sym'.
    ; warning
    @(185.42 mm, 96.52 mm): Symbol #PWR0171 [GND]
[footprint_link_issues]: Footprint 'C_0603_1608Metric' not found in library 'Capacitor_SMD'.
    ; warning
    @(207.01 mm, 73.66 mm): Symbol C141 [CC0603KRX7R9BB104]
[lib_symbol_mismatch]: Symbol 'CC0603KRX7R9BB104' doesn't match copy in library '5v rail sm-easyedapro'
    ; warning
    @(207.01 mm, 73.66 mm): Symbol C141 [CC0603KRX7R9BB104]
[lib_symbol_issues]: The symbol library 'power' was not found at '/opt/homebrew/bin/SharedSupport/symbols//power.kicad_sym'.
    ; warning
    @(207.01 mm, 78.74 mm): Symbol #PWR0173 [GND]
[lib_symbol_issues]: The symbol library 'power' was not found at '/opt/homebrew/bin/SharedSupport/symbols//power.kicad_sym'.
    ; warning
    @(107.95 mm, 97.79 mm): Symbol #PWR0167 [GND]
[lib_symbol_issues]: The symbol library 'power' was not found at '/opt/homebrew/bin/SharedSupport/symbols//power.kicad_sym'.
    ; warning
    @(121.92 mm, 97.79 mm): Symbol #PWR0168 [GND]
[lib_symbol_issues]: The symbol library 'power' was not found at '/opt/homebrew/bin/SharedSupport/symbols//power.kicad_sym'.
    ; warning
    @(151.13 mm, 100.33 mm): Symbol #PWR0169 [GND]
[lib_symbol_issues]: The symbol library 'power' was not found at '/opt/homebrew/bin/SharedSupport/symbols//power.kicad_sym'.
    ; warning
    @(162.56 mm, 97.79 mm): Symbol #PWR0170 [GND]

***** Sheet /Battery System/Mikroe mikroBus Shuttle Clone1/
[pin_to_pin]: Pins of type Unspecified and Input are connected
    ; warning
    @(128.27 mm, 90.17 mm): Symbol U83 Pin 13 [13, Unspecified, Line]
    @(107.95 mm, 90.17 mm): Symbol C131 Pin 2 [2, Input, Line]
[pin_to_pin]: Pins of type Unspecified and Power input are connected
    ; warning
    @(128.27 mm, 92.71 mm): Symbol U83 Pin 15 [15, Unspecified, Line]
    @(121.92 mm, 97.79 mm): Symbol #PWR0168 Pin 1 [Power input, Line]
[pin_to_pin]: Pins of type Unspecified and Unspecified are connected
    ; warning
    @(143.51 mm, 77.47 mm): Symbol U83 Pin 4 [4, Unspecified, Line]
    @(139.70 mm, 78.74 mm): Symbol U85 Pin 32 [INT#, Unspecified, Line]
[pin_to_pin]: Pins of type Unspecified and Passive are connected
    ; warning
    @(143.51 mm, 85.09 mm): Symbol U83 Pin 10 [10, Unspecified, Line]
    @(793.75 mm, 323.85 mm): Symbol U27 Pin 2 [B, Passive, Line]
[pin_to_pin]: Pins of type Unspecified and Passive are connected
    ; warning
    @(143.51 mm, 87.63 mm): Symbol U83 Pin 12 [12, Unspecified, Line]
    @(793.75 mm, 320.04 mm): Symbol U26 Pin 2 [B, Passive, Line]
[pin_to_pin]: Pins of type Unspecified and Input are connected
    ; warning
    @(143.51 mm, 90.17 mm): Symbol U83 Pin 14 [14, Unspecified, Line]
    @(162.56 mm, 90.17 mm): Symbol C133 Pin 2 [2, Input, Line]
[pin_to_pin]: Pins of type Unspecified and Power input are connected
    ; warning
    @(143.51 mm, 92.71 mm): Symbol U83 Pin 16 [16, Unspecified, Line]
    @(151.13 mm, 100.33 mm): Symbol #PWR0169 Pin 1 [Power input, Line]

***** Sheet /Battery System/IO-ExpanderSecondary/
[pin_not_driven]: Input pin not driven by any Output pins
    ; error
    @(104.14 mm, 78.74 mm): Symbol R217 Pin 2 [2, Input, Line]
[pin_not_driven]: Input pin not driven by any Output pins
    ; error
    @(104.14 mm, 81.28 mm): Symbol R218 Pin 2 [2, Input, Line]
[pin_not_driven]: Input pin not driven by any Output pins
    ; error
    @(104.14 mm, 83.82 mm): Symbol R219 Pin 2 [2, Input, Line]
[pin_not_driven]: Input pin not driven by any Output pins
    ; error
    @(104.14 mm, 86.36 mm): Symbol R220 Pin 2 [2, Input, Line]
[pin_not_driven]: Input pin not driven by any Output pins
    ; error
    @(104.14 mm, 88.90 mm): Symbol R221 Pin 2 [2, Input, Line]
[pin_not_driven]: Input pin not driven by any Output pins
    ; error
    @(104.14 mm, 91.44 mm): Symbol R222 Pin 2 [2, Input, Line]
[pin_not_driven]: Input pin not driven by any Output pins
    ; error
    @(104.14 mm, 93.98 mm): Symbol R223 Pin 2 [2, Input, Line]
[pin_not_driven]: Input pin not driven by any Output pins
    ; error
    @(104.14 mm, 96.52 mm): Symbol R224 Pin 2 [2, Input, Line]
[pin_not_driven]: Input pin not driven by any Output pins
    ; error
    @(104.14 mm, 101.60 mm): Symbol R226 Pin 2 [2, Input, Line]
[pin_not_driven]: Input pin not driven by any Output pins
    ; error
    @(104.14 mm, 104.14 mm): Symbol R227 Pin 2 [2, Input, Line]
[pin_not_driven]: Input pin not driven by any Output pins
    ; error
    @(104.14 mm, 106.68 mm): Symbol R228 Pin 2 [2, Input, Line]
[pin_not_driven]: Input pin not driven by any Output pins
    ; error
    @(104.14 mm, 109.22 mm): Symbol R229 Pin 2 [2, Input, Line]
[pin_not_driven]: Input pin not driven by any Output pins
    ; error
    @(104.14 mm, 111.76 mm): Symbol R230 Pin 2 [2, Input, Line]
[pin_not_driven]: Input pin not driven by any Output pins
    ; error
    @(104.14 mm, 114.30 mm): Symbol R231 Pin 2 [2, Input, Line]
[pin_not_driven]: Input pin not driven by any Output pins
    ; error
    @(104.14 mm, 116.84 mm): Symbol R232 Pin 2 [2, Input, Line]
[pin_not_driven]: Input pin not driven by any Output pins
    ; error
    @(139.70 mm, 99.06 mm): Symbol R233 Pin 1 [1, Input, Line]
[pin_not_driven]: Input pin not driven by any Output pins
    ; error
    @(139.70 mm, 101.60 mm): Symbol R234 Pin 1 [1, Input, Line]
[pin_not_driven]: Input pin not driven by any Output pins
    ; error
    @(139.70 mm, 104.14 mm): Symbol R235 Pin 1 [1, Input, Line]
[pin_not_driven]: Input pin not driven by any Output pins
    ; error
    @(139.70 mm, 106.68 mm): Symbol R236 Pin 2 [2, Input, Line]
[pin_not_driven]: Input pin not driven by any Output pins
    ; error
    @(139.70 mm, 109.22 mm): Symbol R237 Pin 2 [2, Input, Line]
[pin_not_driven]: Input pin not driven by any Output pins
    ; error
    @(139.70 mm, 111.76 mm): Symbol R238 Pin 2 [2, Input, Line]
[pin_not_driven]: Input pin not driven by any Output pins
    ; error
    @(139.70 mm, 114.30 mm): Symbol R239 Pin 2 [2, Input, Line]
[pin_not_driven]: Input pin not driven by any Output pins
    ; error
    @(139.70 mm, 116.84 mm): Symbol R240 Pin 2 [2, Input, Line]
[pin_not_driven]: Input pin not driven by any Output pins
    ; error
    @(189.23 mm, 73.66 mm): Symbol R242 Pin 1 [1, Input, Line]
[pin_to_pin]: Pins of type Unspecified and Input are connected
    ; warning
    @(104.14 mm, 78.74 mm): Symbol U85 Pin 1 [P0_0, Unspecified, Line]
    @(104.14 mm, 78.74 mm): Symbol R217 Pin 2 [2, Input, Line]
[pin_to_pin]: Pins of type Unspecified and Input are connected
    ; warning
    @(104.14 mm, 81.28 mm): Symbol U85 Pin 2 [P0_1, Unspecified, Line]
    @(104.14 mm, 81.28 mm): Symbol R218 Pin 2 [2, Input, Line]
[pin_to_pin]: Pins of type Unspecified and Input are connected
    ; warning
    @(104.14 mm, 83.82 mm): Symbol U85 Pin 3 [P0_2, Unspecified, Line]
    @(104.14 mm, 83.82 mm): Symbol R219 Pin 2 [2, Input, Line]
[pin_to_pin]: Pins of type Unspecified and Input are connected
    ; warning
    @(104.14 mm, 86.36 mm): Symbol U85 Pin 4 [P0_3, Unspecified, Line]
    @(104.14 mm, 86.36 mm): Symbol R220 Pin 2 [2, Input, Line]
[pin_to_pin]: Pins of type Unspecified and Input are connected
    ; warning
    @(104.14 mm, 88.90 mm): Symbol U85 Pin 5 [P0_4, Unspecified, Line]
    @(104.14 mm, 88.90 mm): Symbol R221 Pin 2 [2, Input, Line]
[pin_to_pin]: Pins of type Unspecified and Input are connected
    ; warning
    @(104.14 mm, 91.44 mm): Symbol U85 Pin 6 [P0_5, Unspecified, Line]
    @(104.14 mm, 91.44 mm): Symbol R222 Pin 2 [2, Input, Line]
[pin_to_pin]: Pins of type Unspecified and Input are connected
    ; warning
    @(104.14 mm, 93.98 mm): Symbol U85 Pin 7 [P0_6, Unspecified, Line]
    @(104.14 mm, 93.98 mm): Symbol R223 Pin 2 [2, Input, Line]
[pin_to_pin]: Pins of type Unspecified and Input are connected
    ; warning
    @(104.14 mm, 96.52 mm): Symbol U85 Pin 8 [P0_7, Unspecified, Line]
    @(104.14 mm, 96.52 mm): Symbol R224 Pin 2 [2, Input, Line]
[pin_to_pin]: Pins of type Unspecified and Input are connected
    ; warning
    @(104.14 mm, 101.60 mm): Symbol U85 Pin 10 [P1_1, Unspecified, Line]
    @(104.14 mm, 101.60 mm): Symbol R226 Pin 2 [2, Input, Line]
[pin_to_pin]: Pins of type Unspecified and Input are connected
    ; warning
    @(104.14 mm, 104.14 mm): Symbol U85 Pin 11 [P1_2, Unspecified, Line]
    @(104.14 mm, 104.14 mm): Symbol R227 Pin 2 [2, Input, Line]
[pin_to_pin]: Pins of type Unspecified and Input are connected
    ; warning
    @(104.14 mm, 106.68 mm): Symbol U85 Pin 12 [P1_3, Unspecified, Line]
    @(104.14 mm, 106.68 mm): Symbol R228 Pin 2 [2, Input, Line]
[pin_to_pin]: Pins of type Unspecified and Input are connected
    ; warning
    @(104.14 mm, 109.22 mm): Symbol U85 Pin 13 [P1_4, Unspecified, Line]
    @(104.14 mm, 109.22 mm): Symbol R229 Pin 2 [2, Input, Line]
[pin_to_pin]: Pins of type Unspecified and Input are connected
    ; warning
    @(104.14 mm, 111.76 mm): Symbol U85 Pin 14 [P1_5, Unspecified, Line]
    @(104.14 mm, 111.76 mm): Symbol R230 Pin 2 [2, Input, Line]
[pin_to_pin]: Pins of type Unspecified and Input are connected
    ; warning
    @(104.14 mm, 114.30 mm): Symbol U85 Pin 15 [P1_6, Unspecified, Line]
    @(104.14 mm, 114.30 mm): Symbol R231 Pin 2 [2, Input, Line]
[pin_to_pin]: Pins of type Unspecified and Input are connected
    ; warning
    @(104.14 mm, 116.84 mm): Symbol U85 Pin 16 [P1_7, Unspecified, Line]
    @(104.14 mm, 116.84 mm): Symbol R232 Pin 2 [2, Input, Line]
[pin_to_pin]: Pins of type Unspecified and Power input are connected
    ; warning
    @(139.70 mm, 76.20 mm): Symbol U85 Pin 33 [EP, Unspecified, Line]
    @(185.42 mm, 96.52 mm): Symbol #PWR0171 Pin 1 [Power input, Line]
[pin_to_pin]: Pins of type Unspecified and Input are connected
    ; warning
    @(139.70 mm, 78.74 mm): Symbol U85 Pin 32 [INT#, Unspecified, Line]
    @(162.56 mm, 73.66 mm): Symbol R241 Pin 1 [1, Input, Line]
[pin_to_pin]: Pins of type Unspecified and Input are connected
    ; warning
    @(139.70 mm, 81.28 mm): Symbol U85 Pin 31 [VDD(I2C-bus), Unspecified, Line]
    @(162.56 mm, 63.50 mm): Symbol R241 Pin 2 [2, Input, Line]
[pin_to_pin]: Pins of type Unspecified and Passive are connected
    ; warning
    @(139.70 mm, 83.82 mm): Symbol U85 Pin 30 [SDA, Unspecified, Line]
    @(157.48 mm, 83.82 mm): Symbol U88 Pin 2 [B, Passive, Line]
[pin_to_pin]: Pins of type Unspecified and Passive are connected
    ; warning
    @(139.70 mm, 86.36 mm): Symbol U85 Pin 29 [SCL, Unspecified, Line]
    @(157.48 mm, 86.36 mm): Symbol U89 Pin 2 [B, Passive, Line]
[pin_to_pin]: Pins of type Unspecified and Input are connected
    ; warning
    @(139.70 mm, 88.90 mm): Symbol U85 Pin 28 [RESET#, Unspecified, Line]
    @(189.23 mm, 73.66 mm): Symbol R242 Pin 1 [1, Input, Line]
[pin_to_pin]: Pins of type Unspecified and Unspecified are connected
    ; warning
    @(139.70 mm, 91.44 mm): Symbol U85 Pin 27 [VDD(P), Unspecified, Line]
    @(139.70 mm, 81.28 mm): Symbol U85 Pin 31 [VDD(I2C-bus), Unspecified, Line]
[pin_to_pin]: Pins of type Unspecified and Input are connected
    ; warning
    @(139.70 mm, 93.98 mm): Symbol U85 Pin 26 [ADDR, Unspecified, Line]
    @(736.60 mm, 472.44 mm): Symbol R19 Pin 2 [2, Input, Line]
[pin_to_pin]: Pins of type Unspecified and Unspecified are connected
    ; warning
    @(139.70 mm, 96.52 mm): Symbol U85 Pin 25 [VSS, Unspecified, Line]
    @(139.70 mm, 76.20 mm): Symbol U85 Pin 33 [EP, Unspecified, Line]
[pin_to_pin]: Pins of type Unspecified and Input are connected
    ; warning
    @(139.70 mm, 99.06 mm): Symbol U85 Pin 24 [P2_7, Unspecified, Line]
    @(139.70 mm, 99.06 mm): Symbol R233 Pin 1 [1, Input, Line]
[pin_to_pin]: Pins of type Unspecified and Input are connected
    ; warning
    @(139.70 mm, 101.60 mm): Symbol U85 Pin 23 [P2_6, Unspecified, Line]
    @(139.70 mm, 101.60 mm): Symbol R234 Pin 1 [1, Input, Line]
[pin_to_pin]: Pins of type Unspecified and Input are connected
    ; warning
    @(139.70 mm, 104.14 mm): Symbol U85 Pin 22 [P2_5, Unspecified, Line]
    @(139.70 mm, 104.14 mm): Symbol R235 Pin 1 [1, Input, Line]
[pin_to_pin]: Pins of type Unspecified and Input are connected
    ; warning
    @(139.70 mm, 106.68 mm): Symbol U85 Pin 21 [P2_4, Unspecified, Line]
    @(139.70 mm, 106.68 mm): Symbol R236 Pin 2 [2, Input, Line]
[pin_to_pin]: Pins of type Unspecified and Input are connected
    ; warning
    @(139.70 mm, 109.22 mm): Symbol U85 Pin 20 [P2_3, Unspecified, Line]
    @(139.70 mm, 109.22 mm): Symbol R237 Pin 2 [2, Input, Line]
[pin_to_pin]: Pins of type Unspecified and Input are connected
    ; warning
    @(139.70 mm, 111.76 mm): Symbol U85 Pin 19 [P2_2, Unspecified, Line]
    @(139.70 mm, 111.76 mm): Symbol R238 Pin 2 [2, Input, Line]
[pin_to_pin]: Pins of type Unspecified and Input are connected
    ; warning
    @(139.70 mm, 114.30 mm): Symbol U85 Pin 18 [P2_1, Unspecified, Line]
    @(139.70 mm, 114.30 mm): Symbol R239 Pin 2 [2, Input, Line]
[pin_to_pin]: Pins of type Unspecified and Input are connected
    ; warning
    @(139.70 mm, 116.84 mm): Symbol U85 Pin 17 [P2_0, Unspecified, Line]
    @(139.70 mm, 116.84 mm): Symbol R240 Pin 2 [2, Input, Line]
[pin_to_pin]: Pins of type Unspecified and Input are connected
    ; warning
    @(207.01 mm, 68.58 mm): Symbol C141 Pin 2 [2, Unspecified, Line]
    @(189.23 mm, 63.50 mm): Symbol R242 Pin 2 [2, Input, Line]
[pin_to_pin]: Pins of type Unspecified and Power input are connected
    ; warning
    @(207.01 mm, 78.74 mm): Symbol C141 Pin 1 [1, Unspecified, Line]
    @(207.01 mm, 78.74 mm): Symbol #PWR0173 Pin 1 [Power input, Line]

***** Sheet /Battery System/Charger Buck Stage/
[pin_not_driven]: Input pin not driven by any Output pins
    ; error
    @(73.66 mm, 17.78 mm): Symbol R77 Pin 1 [1, Input, Line]
[pin_not_connected]: Pin not connected
    ; error
    @(3.81 mm, 76.20 mm): Symbol U29 Pin 1 [1, Input, Line]
[pin_not_driven]: Input pin not driven by any Output pins
    ; error
    @(3.81 mm, 76.20 mm): Symbol U29 Pin 1 [1, Input, Line]
[pin_not_connected]: Pin not connected
    ; error
    @(3.81 mm, 86.36 mm): Symbol U29 Pin 2 [2, Input, Line]
[pin_not_driven]: Input pin not driven by any Output pins
    ; error
    @(3.81 mm, 86.36 mm): Symbol U29 Pin 2 [2, Input, Line]
[pin_not_driven]: Input pin not driven by any Output pins
    ; error
    @(60.96 mm, 101.60 mm): Symbol R75 Pin 1 [1, Input, Line]
[pin_not_driven]: Input pin not driven by any Output pins
    ; error
    @(121.92 mm, 17.78 mm): Symbol R79 Pin 1 [1, Input, Line]
[pin_not_driven]: Input pin not driven by any Output pins
    ; error
    @(128.27 mm, 100.33 mm): Symbol C26 Pin 1 [1, Input, Line]
[pin_not_driven]: Input pin not driven by any Output pins
    ; error
    @(100.33 mm, 167.64 mm): Symbol R78 Pin 2 [2, Input, Line]
[pin_not_driven]: Input pin not driven by any Output pins
    ; error
    @(167.64 mm, 127.00 mm): Symbol C28 Pin 2 [2, Input, Line]
[pin_not_driven]: Input pin not driven by any Output pins
    ; error
    @(135.89 mm, 161.29 mm): Symbol R81 Pin 1 [1, Input, Line]
[pin_not_driven]: Input pin not driven by any Output pins
    ; error
    @(167.64 mm, 134.62 mm): Symbol C28 Pin 1 [1, Input, Line]
[pin_not_driven]: Input pin not driven by any Output pins
    ; error
    @(198.12 mm, 120.65 mm): Symbol R85 Pin 2 [2, Input, Line]
[pin_not_driven]: Input pin not driven by any Output pins
    ; error
    @(198.12 mm, 130.81 mm): Symbol R85 Pin 1 [1, Input, Line]
[pin_not_driven]: Input pin not driven by any Output pins
    ; error
    @(212.09 mm, 125.73 mm): Symbol C30 Pin 2 [2, Input, Line]
[pin_not_driven]: Input pin not driven by any Output pins
    ; error
    @(288.29 mm, 80.01 mm): Symbol C32 Pin 1 [1, Input, Line]
[pin_to_pin]: Pins of type Unspecified and Input are connected
    ; warning
    @(73.66 mm, 25.40 mm): Symbol LED6 Pin 2 [A, Unspecified, Line]
    @(73.66 mm, 17.78 mm): Symbol R77 Pin 1 [1, Input, Line]
[pin_to_pin]: Pins of type Unspecified and Passive are connected
    ; warning
    @(73.66 mm, 35.56 mm): Symbol LED6 Pin 1 [K, Unspecified, Line]
    @(58.42 mm, 16.51 mm): Symbol R74 Pin 2 [Passive, Line]
[pin_to_pin]: Pins of type Unspecified and Unspecified are connected
    ; warning
    @(80.01 mm, 25.40 mm): Symbol C24 Pin 2 [2, Unspecified, Line]
    @(73.66 mm, 25.40 mm): Symbol LED6 Pin 2 [A, Unspecified, Line]
[pin_to_pin]: Pins of type Unspecified and Input are connected
    ; warning
    @(41.91 mm, 76.20 mm): Symbol C23 Pin 2 [2, Unspecified, Line]
    @(29.21 mm, 76.20 mm): Symbol C21 Pin 2 [2, Input, Line]
[pin_to_pin]: Pins of type Unspecified and Unspecified are connected
    ; warning
    @(80.01 mm, 35.56 mm): Symbol C24 Pin 1 [1, Unspecified, Line]
    @(73.66 mm, 35.56 mm): Symbol LED6 Pin 1 [K, Unspecified, Line]
[pin_to_pin]: Pins of type Unspecified and Input are connected
    ; warning
    @(41.91 mm, 86.36 mm): Symbol C23 Pin 1 [1, Unspecified, Line]
    @(29.21 mm, 86.36 mm): Symbol C21 Pin 1 [1, Input, Line]
[pin_to_pin]: Pins of type Unspecified and Unspecified are connected
    ; warning
    @(114.30 mm, 25.40 mm): Symbol C25 Pin 2 [2, Unspecified, Line]
    @(121.92 mm, 25.40 mm): Symbol LED7 Pin 2 [+, Unspecified, Line]
[pin_to_pin]: Pins of type Unspecified and Unspecified are connected
    ; warning
    @(114.30 mm, 35.56 mm): Symbol C25 Pin 1 [1, Unspecified, Line]
    @(121.92 mm, 35.56 mm): Symbol LED7 Pin 1 [-, Unspecified, Line]
[pin_to_pin]: Pins of type Unspecified and Input are connected
    ; warning
    @(121.92 mm, 25.40 mm): Symbol LED7 Pin 2 [+, Unspecified, Line]
    @(121.92 mm, 17.78 mm): Symbol R79 Pin 1 [1, Input, Line]
[pin_to_pin]: Pins of type Unspecified and Input are connected
    ; warning
    @(121.92 mm, 35.56 mm): Symbol LED7 Pin 1 [-, Unspecified, Line]
    @(137.16 mm, 21.59 mm): Symbol R82 Pin 1 [1, Input, Line]
[pin_to_pin]: Pins of type Unspecified and Input are connected
    ; warning
    @(60.96 mm, 130.81 mm): Symbol R76 Pin 2 [2, Unspecified, Line]
    @(60.96 mm, 101.60 mm): Symbol R75 Pin 1 [1, Input, Line]
[pin_to_pin]: Pins of type Unspecified and Input are connected
    ; warning
    @(60.96 mm, 140.97 mm): Symbol R76 Pin 1 [1, Unspecified, Line]
    @(100.33 mm, 177.80 mm): Symbol R78 Pin 1 [1, Input, Line]
[pin_to_pin]: Pins of type Unspecified and Input are connected
    ; warning
    @(140.97 mm, 74.93 mm): Symbol Q2 Pin 3 [S, Unspecified, Line]
    @(128.27 mm, 92.71 mm): Symbol C26 Pin 2 [2, Input, Line]
[pin_to_pin]: Pins of type Unspecified and Unspecified are connected
    ; warning
    @(146.05 mm, 82.55 mm): Symbol Q2 Pin 1 [G, Unspecified, Line]
    @(193.04 mm, 101.60 mm): Symbol U30 Pin 16 [DRV, Unspecified, Line]
[pin_to_pin]: Pins of type Unspecified and Input are connected
    ; warning
    @(111.76 mm, 160.02 mm): Symbol Q1 Pin 3 [D, Unspecified, Line]
    @(135.89 mm, 161.29 mm): Symbol R81 Pin 1 [1, Input, Line]
[pin_to_pin]: Pins of type Unspecified and Input are connected
    ; warning
    @(104.14 mm, 165.10 mm): Symbol Q1 Pin 1 [G, Unspecified, Line]
    @(100.33 mm, 167.64 mm): Symbol R78 Pin 2 [2, Input, Line]
[pin_to_pin]: Pins of type Unspecified and Unspecified are connected
    ; warning
    @(184.15 mm, 72.39 mm): Symbol D11 Pin 1 [1, Unspecified, Line]
    @(184.15 mm, 77.47 mm): Symbol D11 Pin 2 [2, Unspecified, Line]
[pin_to_pin]: Pins of type Unspecified and Input are connected
    ; warning
    @(170.18 mm, 101.60 mm): Symbol U30 Pin 1 [VG, Unspecified, Line]
    @(128.27 mm, 100.33 mm): Symbol C26 Pin 1 [1, Input, Line]
[pin_to_pin]: Pins of type Unspecified and Power input are connected
    ; warning
    @(170.18 mm, 104.14 mm): Symbol U30 Pin 2 [PGND, Unspecified, Line]
    @(217.17 mm, 97.79 mm): Symbol #PWR081 Pin 1 [Power input, Line]
[pin_to_pin]: Pins of type Unspecified and Unspecified are connected
    ; warning
    @(184.15 mm, 77.47 mm): Symbol D11 Pin 2 [2, Unspecified, Line]
    @(151.13 mm, 74.93 mm): Symbol Q2 Pin 2 [D, Unspecified, Line]
[pin_to_pin]: Pins of type Unspecified and Input are connected
    ; warning
    @(170.18 mm, 106.68 mm): Symbol U30 Pin 3 [GND, Unspecified, Line]
    @(167.64 mm, 134.62 mm): Symbol C28 Pin 1 [1, Input, Line]
[pin_to_pin]: Pins of type Unspecified and Input are connected
    ; warning
    @(170.18 mm, 109.22 mm): Symbol U30 Pin 4 [CHRG#, Unspecified, Line]
    @(137.16 mm, 21.59 mm): Symbol R82 Pin 1 [1, Input, Line]
[pin_to_pin]: Pins of type Unspecified and Input are connected
    ; warning
    @(170.18 mm, 111.76 mm): Symbol U30 Pin 5 [DONE#, Unspecified, Line]
    @(158.75 mm, 21.59 mm): Symbol C27 Pin 2 [2, Input, Line]
[pin_to_pin]: Pins of type Unspecified and Input are connected
    ; warning
    @(170.18 mm, 114.30 mm): Symbol U30 Pin 6 [TEMP, Unspecified, Line]
    @(135.89 mm, 161.29 mm): Symbol R81 Pin 1 [1, Input, Line]
[pin_to_pin]: Pins of type Unspecified and Input are connected
    ; warning
    @(170.18 mm, 116.84 mm): Symbol U30 Pin 7 [MPPT, Unspecified, Line]
    @(60.96 mm, 101.60 mm): Symbol R75 Pin 1 [1, Input, Line]
[pin_to_pin]: Pins of type Unspecified and Input are connected
    ; warning
    @(170.18 mm, 119.38 mm): Symbol U30 Pin 8 [COM1, Unspecified, Line]
    @(167.64 mm, 127.00 mm): Symbol C28 Pin 2 [2, Input, Line]
[pin_to_pin]: Pins of type Unspecified and Unspecified are connected
    ; warning
    @(199.39 mm, 74.93 mm): Symbol D11 Pin 3 [3, Unspecified, Line]
    @(217.17 mm, 78.74 mm): Symbol D12 Pin 3 [3, Unspecified, Line]
[pin_to_pin]: Pins of type Unspecified and Input are connected
    ; warning
    @(193.04 mm, 104.14 mm): Symbol U30 Pin 15 [VCC, Unspecified, Line]
    @(128.27 mm, 92.71 mm): Symbol C26 Pin 2 [2, Input, Line]
[pin_to_pin]: Pins of type Unspecified and Input are connected
    ; warning
    @(193.04 mm, 106.68 mm): Symbol U30 Pin 14 [BAT, Unspecified, Line]
    @(288.29 mm, 80.01 mm): Symbol C32 Pin 1 [1, Input, Line]
[pin_to_pin]: Pins of type Unspecified and Unspecified are connected
    ; warning
    @(193.04 mm, 109.22 mm): Symbol U30 Pin 13 [CSP, Unspecified, Line]
    @(237.49 mm, 74.93 mm): Symbol U31 Pin 2 [2, Unspecified, Line]
[pin_to_pin]: Pins of type Unspecified and Input are connected
    ; warning
    @(193.04 mm, 114.30 mm): Symbol U30 Pin 11 [COM3, Unspecified, Line]
    @(212.09 mm, 125.73 mm): Symbol C30 Pin 2 [2, Input, Line]
[pin_to_pin]: Pins of type Unspecified and Input are connected
    ; warning
    @(193.04 mm, 119.38 mm): Symbol U30 Pin 9 [COM2, Unspecified, Line]
    @(198.12 mm, 120.65 mm): Symbol R85 Pin 2 [2, Input, Line]
[pin_to_pin]: Pins of type Unspecified and Unspecified are connected
    ; warning
    @(217.17 mm, 78.74 mm): Symbol D12 Pin 3 [3, Unspecified, Line]
    @(227.33 mm, 74.93 mm): Symbol U31 Pin 1 [1, Unspecified, Line]
[pin_to_pin]: Pins of type Unspecified and Power input are connected
    ; warning
    @(214.63 mm, 93.98 mm): Symbol D12 Pin 1 [1, Unspecified, Line]
    @(217.17 mm, 97.79 mm): Symbol #PWR081 Pin 1 [Power input, Line]
[pin_to_pin]: Pins of type Unspecified and Input are connected
    ; warning
    @(198.12 mm, 132.08 mm): Symbol C29 Pin 1 [1, Unspecified, Line]
    @(198.12 mm, 130.81 mm): Symbol R85 Pin 1 [1, Input, Line]
[pin_to_pin]: Pins of type Unspecified and Power input are connected
    ; warning
    @(219.71 mm, 93.98 mm): Symbol D12 Pin 2 [2, Unspecified, Line]
    @(217.17 mm, 97.79 mm): Symbol #PWR081 Pin 1 [Power input, Line]
[pin_to_pin]: Pins of type Unspecified and Input are connected
    ; warning
    @(198.12 mm, 142.24 mm): Symbol C29 Pin 2 [2, Unspecified, Line]
    @(212.09 mm, 135.89 mm): Symbol C30 Pin 1 [1, Input, Line]
[pin_to_pin]: Pins of type Unspecified and Unspecified are connected
    ; warning
    @(259.08 mm, 74.93 mm): Symbol R86 Pin 1 [1, Unspecified, Line]
    @(259.08 mm, 83.82 mm): Symbol R87 Pin 1 [1, Unspecified, Line]
[pin_to_pin]: Pins of type Unspecified and Unspecified are connected
    ; warning
    @(259.08 mm, 83.82 mm): Symbol R87 Pin 1 [1, Unspecified, Line]
    @(237.49 mm, 74.93 mm): Symbol U31 Pin 2 [2, Unspecified, Line]
[pin_to_pin]: Pins of type Unspecified and Unspecified are connected
    ; warning
    @(269.24 mm, 74.93 mm): Symbol R86 Pin 2 [2, Unspecified, Line]
    @(269.24 mm, 83.82 mm): Symbol R87 Pin 2 [2, Unspecified, Line]
[pin_to_pin]: Pins of type Unspecified and Input are connected
    ; warning
    @(269.24 mm, 83.82 mm): Symbol R87 Pin 2 [2, Unspecified, Line]
    @(288.29 mm, 80.01 mm): Symbol C32 Pin 1 [1, Input, Line]
[pin_to_pin]: Pins of type Unspecified and Input are connected
    ; warning
    @(270.51 mm, 106.68 mm): Symbol R88 Pin 2 [2, Unspecified, Line]
    @(288.29 mm, 80.01 mm): Symbol C32 Pin 1 [1, Input, Line]
[pin_to_pin]: Pins of type Unspecified and Unspecified are connected
    ; warning
    @(270.51 mm, 116.84 mm): Symbol R88 Pin 1 [1, Unspecified, Line]
    @(270.51 mm, 116.84 mm): Symbol R89 Pin 2 [2, Unspecified, Line]
[pin_to_pin]: Pins of type Unspecified and Unspecified are connected
    ; warning
    @(270.51 mm, 116.84 mm): Symbol R89 Pin 2 [2, Unspecified, Line]
    @(193.04 mm, 116.84 mm): Symbol U30 Pin 10 [FB, Unspecified, Line]
[pin_to_pin]: Pins of type Unspecified and Power input are connected
    ; warning
    @(270.51 mm, 127.00 mm): Symbol R89 Pin 1 [1, Unspecified, Line]
    @(270.51 mm, 127.00 mm): Symbol #PWR082 Pin 1 [Power input, Line]
[pin_to_pin]: Pins of type Unspecified and Unspecified are connected
    ; warning
    @(283.21 mm, 106.68 mm): Symbol C31 Pin 2 [2, Unspecified, Line]
    @(270.51 mm, 106.68 mm): Symbol R88 Pin 2 [2, Unspecified, Line]
[pin_to_pin]: Pins of type Unspecified and Unspecified are connected
    ; warning
    @(283.21 mm, 116.84 mm): Symbol C31 Pin 1 [1, Unspecified, Line]
    @(270.51 mm, 116.84 mm): Symbol R88 Pin 1 [1, Unspecified, Line]

***** Sheet /Battery System/Ideal_Diode_OR_CHARGING_PORT/
[pin_not_driven]: Input pin not driven by any Output pins
    ; error
    @(175.26 mm, 97.79 mm): Symbol U58 Pin 5 [GATE, Input, Line]
[pin_not_driven]: Input pin not driven by any Output pins
    ; error
    @(210.82 mm, 88.90 mm): Symbol R125 Pin 1 [1, Input, Line]
[pin_to_pin]: Pins of type Unspecified and Input are connected
    ; warning
    @(119.38 mm, 82.55 mm): Symbol U57 Pin 1 [C, Unspecified, Line]
    @(175.26 mm, 100.33 mm): Symbol U58 Pin 4 [IN, Input, Line]
[pin_to_pin]: Pins of type Unspecified and Input are connected
    ; warning
    @(119.38 mm, 92.71 mm): Symbol U57 Pin 2 [A, Unspecified, Line]
    @(154.94 mm, 97.79 mm): Symbol U58 Pin 2 [GND, Input, Line]
[pin_to_pin]: Pins of type Unspecified and Unspecified are connected
    ; warning
    @(135.89 mm, 81.28 mm): Symbol C72 Pin 2 [2, Unspecified, Line]
    @(119.38 mm, 82.55 mm): Symbol U57 Pin 1 [C, Unspecified, Line]
[pin_to_pin]: Pins of type Unspecified and Unspecified are connected
    ; warning
    @(135.89 mm, 91.44 mm): Symbol C72 Pin 1 [1, Unspecified, Line]
    @(119.38 mm, 92.71 mm): Symbol U57 Pin 2 [A, Unspecified, Line]
[pin_to_pin]: Pins of type Unspecified and Input are connected
    ; warning
    @(151.13 mm, 118.11 mm): Symbol R124 Pin 2 [2, Unspecified, Line]
    @(154.94 mm, 100.33 mm): Symbol U58 Pin 3 [OFF, Input, Line]
[pin_to_pin]: Pins of type Unspecified and Unspecified are connected
    ; warning
    @(180.34 mm, 72.39 mm): Symbol Q24 Pin 1 [S, Unspecified, Line]
    @(180.34 mm, 74.93 mm): Symbol Q24 Pin 2 [S, Unspecified, Line]
[pin_to_pin]: Pins of type Unspecified and Unspecified are connected
    ; warning
    @(180.34 mm, 74.93 mm): Symbol Q24 Pin 2 [S, Unspecified, Line]
    @(180.34 mm, 77.47 mm): Symbol Q24 Pin 3 [S, Unspecified, Line]
[pin_to_pin]: Pins of type Unspecified and Input are connected
    ; warning
    @(180.34 mm, 77.47 mm): Symbol Q24 Pin 3 [S, Unspecified, Line]
    @(175.26 mm, 100.33 mm): Symbol U58 Pin 4 [IN, Input, Line]
[pin_to_pin]: Pins of type Unspecified and Input are connected
    ; warning
    @(180.34 mm, 80.01 mm): Symbol Q24 Pin 4 [G, Unspecified, Line]
    @(175.26 mm, 97.79 mm): Symbol U58 Pin 5 [GATE, Input, Line]
[pin_to_pin]: Pins of type Unspecified and Power input are connected
    ; warning
    @(151.13 mm, 128.27 mm): Symbol R124 Pin 1 [1, Unspecified, Line]
    @(151.13 mm, 129.54 mm): Symbol #PWR0113 Pin 1 [Power input, Line]
[pin_to_pin]: Pins of type Unspecified and Input are connected
    ; warning
    @(195.58 mm, 72.39 mm): Symbol Q24 Pin 8 [D, Unspecified, Line]
    @(210.82 mm, 78.74 mm): Symbol R125 Pin 2 [2, Input, Line]
[pin_to_pin]: Pins of type Unspecified and Unspecified are connected
    ; warning
    @(195.58 mm, 74.93 mm): Symbol Q24 Pin 7 [D, Unspecified, Line]
    @(195.58 mm, 72.39 mm): Symbol Q24 Pin 8 [D, Unspecified, Line]
[pin_to_pin]: Pins of type Unspecified and Unspecified are connected
    ; warning
    @(195.58 mm, 77.47 mm): Symbol Q24 Pin 6 [D, Unspecified, Line]
    @(195.58 mm, 74.93 mm): Symbol Q24 Pin 7 [D, Unspecified, Line]
[pin_to_pin]: Pins of type Unspecified and Unspecified are connected
    ; warning
    @(195.58 mm, 80.01 mm): Symbol Q24 Pin 5 [D, Unspecified, Line]
    @(195.58 mm, 77.47 mm): Symbol Q24 Pin 6 [D, Unspecified, Line]
[pin_to_pin]: Pins of type Unspecified and Input are connected
    ; warning
    @(210.82 mm, 91.44 mm): Symbol C73 Pin 2 [2, Unspecified, Line]
    @(210.82 mm, 88.90 mm): Symbol R125 Pin 1 [1, Input, Line]
[pin_to_pin]: Pins of type Unspecified and Unspecified are connected
    ; warning
    @(210.82 mm, 101.60 mm): Symbol C73 Pin 1 [1, Unspecified, Line]
    @(227.33 mm, 93.98 mm): Symbol U59 Pin 2 [A, Unspecified, Line]
[pin_to_pin]: Pins of type Unspecified and Input are connected
    ; warning
    @(227.33 mm, 83.82 mm): Symbol U59 Pin 1 [C, Unspecified, Line]
    @(237.49 mm, 85.09 mm): Symbol C140 Pin 1 [1, Input, Line]
[pin_to_pin]: Pins of type Unspecified and Input are connected
    ; warning
    @(227.33 mm, 93.98 mm): Symbol U59 Pin 2 [A, Unspecified, Line]
    @(237.49 mm, 92.71 mm): Symbol C140 Pin 2 [2, Input, Line]

***** Sheet /Battery System/Ideal_Diode_OR_DC_PORT/
[pin_not_driven]: Input pin not driven by any Output pins
    ; error
    @(175.26 mm, 97.79 mm): Symbol U58 Pin 5 [GATE, Input, Line]
[pin_not_driven]: Input pin not driven by any Output pins
    ; error
    @(175.26 mm, 100.33 mm): Symbol U58 Pin 4 [IN, Input, Line]
[pin_not_driven]: Input pin not driven by any Output pins
    ; error
    @(210.82 mm, 88.90 mm): Symbol R125 Pin 1 [1, Input, Line]
[pin_not_driven]: Input pin not driven by any Output pins
    ; error
    @(237.49 mm, 85.09 mm): Symbol C140 Pin 1 [1, Input, Line]
[pin_to_pin]: Pins of type Unspecified and Input are connected
    ; warning
    @(119.38 mm, 82.55 mm): Symbol U57 Pin 1 [C, Unspecified, Line]
    @(175.26 mm, 100.33 mm): Symbol U58 Pin 4 [IN, Input, Line]
[pin_to_pin]: Pins of type Unspecified and Input are connected
    ; warning
    @(119.38 mm, 92.71 mm): Symbol U57 Pin 2 [A, Unspecified, Line]
    @(154.94 mm, 97.79 mm): Symbol U58 Pin 2 [GND, Input, Line]
[pin_to_pin]: Pins of type Unspecified and Unspecified are connected
    ; warning
    @(135.89 mm, 81.28 mm): Symbol C72 Pin 2 [2, Unspecified, Line]
    @(119.38 mm, 82.55 mm): Symbol U57 Pin 1 [C, Unspecified, Line]
[pin_to_pin]: Pins of type Unspecified and Unspecified are connected
    ; warning
    @(135.89 mm, 91.44 mm): Symbol C72 Pin 1 [1, Unspecified, Line]
    @(119.38 mm, 92.71 mm): Symbol U57 Pin 2 [A, Unspecified, Line]
[pin_to_pin]: Pins of type Unspecified and Input are connected
    ; warning
    @(151.13 mm, 118.11 mm): Symbol R124 Pin 2 [2, Unspecified, Line]
    @(154.94 mm, 100.33 mm): Symbol U58 Pin 3 [OFF, Input, Line]
[pin_to_pin]: Pins of type Unspecified and Unspecified are connected
    ; warning
    @(180.34 mm, 72.39 mm): Symbol Q24 Pin 1 [S, Unspecified, Line]
    @(180.34 mm, 74.93 mm): Symbol Q24 Pin 2 [S, Unspecified, Line]
[pin_to_pin]: Pins of type Unspecified and Unspecified are connected
    ; warning
    @(180.34 mm, 74.93 mm): Symbol Q24 Pin 2 [S, Unspecified, Line]
    @(180.34 mm, 77.47 mm): Symbol Q24 Pin 3 [S, Unspecified, Line]
[pin_to_pin]: Pins of type Unspecified and Input are connected
    ; warning
    @(180.34 mm, 77.47 mm): Symbol Q24 Pin 3 [S, Unspecified, Line]
    @(175.26 mm, 100.33 mm): Symbol U58 Pin 4 [IN, Input, Line]
[pin_to_pin]: Pins of type Unspecified and Input are connected
    ; warning
    @(180.34 mm, 80.01 mm): Symbol Q24 Pin 4 [G, Unspecified, Line]
    @(175.26 mm, 97.79 mm): Symbol U58 Pin 5 [GATE, Input, Line]
[pin_to_pin]: Pins of type Unspecified and Power input are connected
    ; warning
    @(151.13 mm, 128.27 mm): Symbol R124 Pin 1 [1, Unspecified, Line]
    @(151.13 mm, 129.54 mm): Symbol #PWR0113 Pin 1 [Power input, Line]
[pin_to_pin]: Pins of type Unspecified and Input are connected
    ; warning
    @(195.58 mm, 72.39 mm): Symbol Q24 Pin 8 [D, Unspecified, Line]
    @(210.82 mm, 78.74 mm): Symbol R125 Pin 2 [2, Input, Line]
[pin_to_pin]: Pins of type Unspecified and Unspecified are connected
    ; warning
    @(195.58 mm, 74.93 mm): Symbol Q24 Pin 7 [D, Unspecified, Line]
    @(195.58 mm, 72.39 mm): Symbol Q24 Pin 8 [D, Unspecified, Line]
[pin_to_pin]: Pins of type Unspecified and Unspecified are connected
    ; warning
    @(195.58 mm, 77.47 mm): Symbol Q24 Pin 6 [D, Unspecified, Line]
    @(195.58 mm, 74.93 mm): Symbol Q24 Pin 7 [D, Unspecified, Line]
[pin_to_pin]: Pins of type Unspecified and Unspecified are connected
    ; warning
    @(195.58 mm, 80.01 mm): Symbol Q24 Pin 5 [D, Unspecified, Line]
    @(195.58 mm, 77.47 mm): Symbol Q24 Pin 6 [D, Unspecified, Line]
[pin_to_pin]: Pins of type Unspecified and Input are connected
    ; warning
    @(210.82 mm, 91.44 mm): Symbol C73 Pin 2 [2, Unspecified, Line]
    @(210.82 mm, 88.90 mm): Symbol R125 Pin 1 [1, Input, Line]
[pin_to_pin]: Pins of type Unspecified and Unspecified are connected
    ; warning
    @(210.82 mm, 101.60 mm): Symbol C73 Pin 1 [1, Unspecified, Line]
    @(227.33 mm, 93.98 mm): Symbol U59 Pin 2 [A, Unspecified, Line]
[pin_to_pin]: Pins of type Unspecified and Input are connected
    ; warning
    @(227.33 mm, 83.82 mm): Symbol U59 Pin 1 [C, Unspecified, Line]
    @(237.49 mm, 85.09 mm): Symbol C140 Pin 1 [1, Input, Line]
[pin_to_pin]: Pins of type Unspecified and Input are connected
    ; warning
    @(227.33 mm, 93.98 mm): Symbol U59 Pin 2 [A, Unspecified, Line]
    @(237.49 mm, 92.71 mm): Symbol C140 Pin 2 [2, Input, Line]

***** Sheet /Battery System/Ideal_Diode_OR_PACK+_VCC/
[pin_not_driven]: Input pin not driven by any Output pins
    ; error
    @(175.26 mm, 97.79 mm): Symbol U58 Pin 5 [GATE, Input, Line]
[pin_not_driven]: Input pin not driven by any Output pins
    ; error
    @(210.82 mm, 88.90 mm): Symbol R125 Pin 1 [1, Input, Line]
[pin_to_pin]: Pins of type Unspecified and Input are connected
    ; warning
    @(119.38 mm, 82.55 mm): Symbol U57 Pin 1 [C, Unspecified, Line]
    @(175.26 mm, 100.33 mm): Symbol U58 Pin 4 [IN, Input, Line]
[pin_to_pin]: Pins of type Unspecified and Input are connected
    ; warning
    @(119.38 mm, 92.71 mm): Symbol U57 Pin 2 [A, Unspecified, Line]
    @(154.94 mm, 97.79 mm): Symbol U58 Pin 2 [GND, Input, Line]
[pin_to_pin]: Pins of type Unspecified and Unspecified are connected
    ; warning
    @(135.89 mm, 81.28 mm): Symbol C72 Pin 2 [2, Unspecified, Line]
    @(119.38 mm, 82.55 mm): Symbol U57 Pin 1 [C, Unspecified, Line]
[pin_to_pin]: Pins of type Unspecified and Unspecified are connected
    ; warning
    @(135.89 mm, 91.44 mm): Symbol C72 Pin 1 [1, Unspecified, Line]
    @(119.38 mm, 92.71 mm): Symbol U57 Pin 2 [A, Unspecified, Line]
[pin_to_pin]: Pins of type Unspecified and Input are connected
    ; warning
    @(151.13 mm, 118.11 mm): Symbol R124 Pin 2 [2, Unspecified, Line]
    @(154.94 mm, 100.33 mm): Symbol U58 Pin 3 [OFF, Input, Line]
[pin_to_pin]: Pins of type Unspecified and Unspecified are connected
    ; warning
    @(180.34 mm, 72.39 mm): Symbol Q24 Pin 1 [S, Unspecified, Line]
    @(180.34 mm, 74.93 mm): Symbol Q24 Pin 2 [S, Unspecified, Line]
[pin_to_pin]: Pins of type Unspecified and Unspecified are connected
    ; warning
    @(180.34 mm, 74.93 mm): Symbol Q24 Pin 2 [S, Unspecified, Line]
    @(180.34 mm, 77.47 mm): Symbol Q24 Pin 3 [S, Unspecified, Line]
[pin_to_pin]: Pins of type Unspecified and Input are connected
    ; warning
    @(180.34 mm, 77.47 mm): Symbol Q24 Pin 3 [S, Unspecified, Line]
    @(175.26 mm, 100.33 mm): Symbol U58 Pin 4 [IN, Input, Line]
[pin_to_pin]: Pins of type Unspecified and Input are connected
    ; warning
    @(180.34 mm, 80.01 mm): Symbol Q24 Pin 4 [G, Unspecified, Line]
    @(175.26 mm, 97.79 mm): Symbol U58 Pin 5 [GATE, Input, Line]
[pin_to_pin]: Pins of type Unspecified and Power input are connected
    ; warning
    @(151.13 mm, 128.27 mm): Symbol R124 Pin 1 [1, Unspecified, Line]
    @(151.13 mm, 129.54 mm): Symbol #PWR0113 Pin 1 [Power input, Line]
[pin_to_pin]: Pins of type Unspecified and Input are connected
    ; warning
    @(195.58 mm, 72.39 mm): Symbol Q24 Pin 8 [D, Unspecified, Line]
    @(210.82 mm, 78.74 mm): Symbol R125 Pin 2 [2, Input, Line]
[pin_to_pin]: Pins of type Unspecified and Unspecified are connected
    ; warning
    @(195.58 mm, 74.93 mm): Symbol Q24 Pin 7 [D, Unspecified, Line]
    @(195.58 mm, 72.39 mm): Symbol Q24 Pin 8 [D, Unspecified, Line]
[pin_to_pin]: Pins of type Unspecified and Unspecified are connected
    ; warning
    @(195.58 mm, 77.47 mm): Symbol Q24 Pin 6 [D, Unspecified, Line]
    @(195.58 mm, 74.93 mm): Symbol Q24 Pin 7 [D, Unspecified, Line]
[pin_to_pin]: Pins of type Unspecified and Unspecified are connected
    ; warning
    @(195.58 mm, 80.01 mm): Symbol Q24 Pin 5 [D, Unspecified, Line]
    @(195.58 mm, 77.47 mm): Symbol Q24 Pin 6 [D, Unspecified, Line]
[pin_to_pin]: Pins of type Unspecified and Input are connected
    ; warning
    @(210.82 mm, 91.44 mm): Symbol C73 Pin 2 [2, Unspecified, Line]
    @(210.82 mm, 88.90 mm): Symbol R125 Pin 1 [1, Input, Line]
[pin_to_pin]: Pins of type Unspecified and Unspecified are connected
    ; warning
    @(210.82 mm, 101.60 mm): Symbol C73 Pin 1 [1, Unspecified, Line]
    @(227.33 mm, 93.98 mm): Symbol U59 Pin 2 [A, Unspecified, Line]
[pin_to_pin]: Pins of type Unspecified and Input are connected
    ; warning
    @(227.33 mm, 83.82 mm): Symbol U59 Pin 1 [C, Unspecified, Line]
    @(237.49 mm, 85.09 mm): Symbol C140 Pin 1 [1, Input, Line]
[pin_to_pin]: Pins of type Unspecified and Input are connected
    ; warning
    @(227.33 mm, 93.98 mm): Symbol U59 Pin 2 [A, Unspecified, Line]
    @(237.49 mm, 92.71 mm): Symbol C140 Pin 2 [2, Input, Line]

***** Sheet /Battery System/CUR1/
[pin_not_driven]: Input pin not driven by any Output pins
    ; error
    @(110.49 mm, 97.79 mm): Symbol R160 Pin 2 [2, Input, Line]
[pin_not_driven]: Input pin not driven by any Output pins
    ; error
    @(110.49 mm, 111.76 mm): Symbol R161 Pin 2 [2, Input, Line]
[pin_not_driven]: Input pin not driven by any Output pins
    ; error
    @(154.94 mm, 73.66 mm): Symbol R163 Pin 2 [2, Input, Line]
[pin_not_driven]: Input pin not driven by any Output pins
    ; error
    @(168.91 mm, 73.66 mm): Symbol R164 Pin 2 [2, Input, Line]
[pin_not_driven]: Input pin not driven by any Output pins
    ; error
    @(147.32 mm, 138.43 mm): Symbol R162 Pin 1 [1, Input, Line]
[pin_not_driven]: Input pin not driven by any Output pins
    ; error
    @(226.06 mm, 97.79 mm): Symbol R165 Pin 2 [2, Input, Line]
[pin_not_driven]: Input pin not driven by any Output pins
    ; error
    @(226.06 mm, 111.76 mm): Symbol R166 Pin 2 [2, Input, Line]
[pin_to_pin]: Pins of type Unspecified and Unspecified are connected
    ; warning
    @(46.99 mm, 121.92 mm): Symbol C102 Pin 2 [2, Unspecified, Line]
    @(63.50 mm, 121.92 mm): Symbol C103 Pin 2 [2, Unspecified, Line]
[pin_to_pin]: Pins of type Unspecified and Power input are connected
    ; warning
    @(63.50 mm, 121.92 mm): Symbol C103 Pin 2 [2, Unspecified, Line]
    @(46.99 mm, 95.25 mm): Symbol #PWR0153 Pin 1 [Power input, Line]
[pin_to_pin]: Pins of type Unspecified and Unspecified are connected
    ; warning
    @(46.99 mm, 132.08 mm): Symbol C102 Pin 1 [1, Unspecified, Line]
    @(63.50 mm, 132.08 mm): Symbol C103 Pin 1 [1, Unspecified, Line]
[pin_to_pin]: Pins of type Unspecified and Power input are connected
    ; warning
    @(63.50 mm, 132.08 mm): Symbol C103 Pin 1 [1, Unspecified, Line]
    @(63.50 mm, 142.24 mm): Symbol #PWR0154 Pin 1 [Power input, Line]
[pin_to_pin]: Pins of type Unspecified and Input are connected
    ; warning
    @(114.30 mm, 100.33 mm): Symbol C104 Pin 2 [2, Unspecified, Line]
    @(110.49 mm, 97.79 mm): Symbol R160 Pin 2 [2, Input, Line]
[pin_to_pin]: Pins of type Unspecified and Input are connected
    ; warning
    @(114.30 mm, 110.49 mm): Symbol C104 Pin 1 [1, Unspecified, Line]
    @(110.49 mm, 111.76 mm): Symbol R161 Pin 2 [2, Input, Line]
[pin_to_pin]: Pins of type Unspecified and Input are connected
    ; warning
    @(133.35 mm, 109.22 mm): Symbol CUR_2 Pin 1 [IN-3, Unspecified, Line]
    @(110.49 mm, 97.79 mm): Symbol R160 Pin 2 [2, Input, Line]
[pin_to_pin]: Pins of type Unspecified and Input are connected
    ; warning
    @(133.35 mm, 111.76 mm): Symbol CUR_2 Pin 2 [IN+3, Unspecified, Line]
    @(110.49 mm, 111.76 mm): Symbol R161 Pin 2 [2, Input, Line]
[pin_to_pin]: Pins of type Unspecified and Input are connected
    ; warning
    @(156.21 mm, 80.01 mm): Symbol C105 Pin 1 [1, Unspecified, Line]
    @(154.94 mm, 73.66 mm): Symbol R163 Pin 2 [2, Input, Line]
[pin_to_pin]: Pins of type Unspecified and Input are connected
    ; warning
    @(133.35 mm, 114.30 mm): Symbol CUR_2 Pin 3 [GND, Unspecified, Line]
    @(137.16 mm, 138.43 mm): Symbol R162 Pin 2 [2, Input, Line]
[pin_to_pin]: Pins of type Unspecified and Unspecified are connected
    ; warning
    @(133.35 mm, 116.84 mm): Symbol CUR_2 Pin 4 [VS, Unspecified, Line]
    @(152.40 mm, 93.98 mm): Symbol CUR_2 Pin 16 [VPU, Unspecified, Line]
[pin_to_pin]: Pins of type Unspecified and Input are connected
    ; warning
    @(152.40 mm, 93.98 mm): Symbol CUR_2 Pin 16 [VPU, Unspecified, Line]
    @(181.61 mm, 55.88 mm): Symbol RN2 Pin 8 [8, Input, Line]
[pin_to_pin]: Pins of type Unspecified and Input are connected
    ; warning
    @(166.37 mm, 80.01 mm): Symbol C105 Pin 2 [2, Unspecified, Line]
    @(168.91 mm, 73.66 mm): Symbol R164 Pin 2 [2, Input, Line]
[pin_to_pin]: Pins of type Unspecified and Input are connected
    ; warning
    @(160.02 mm, 93.98 mm): Symbol CUR_2 Pin 13 [TC, Unspecified, Line]
    @(189.23 mm, 73.66 mm): Symbol RN2 Pin 4 [4, Input, Line]
[pin_to_pin]: Pins of type Unspecified and Input are connected
    ; warning
    @(152.40 mm, 132.08 mm): Symbol CUR_2 Pin 5 [A0, Unspecified, Line]
    @(147.32 mm, 138.43 mm): Symbol R162 Pin 1 [1, Input, Line]
[pin_to_pin]: Pins of type Unspecified and Unspecified are connected
    ; warning
    @(154.94 mm, 132.08 mm): Symbol CUR_2 Pin 6 [SCL, Unspecified, Line]
    @(157.48 mm, 132.08 mm): Symbol CUR_2 Pin 7 [SDA, Unspecified, Line]
[pin_to_pin]: Pins of type Unspecified and Passive are connected
    ; warning
    @(157.48 mm, 132.08 mm): Symbol CUR_2 Pin 7 [SDA, Unspecified, Line]
    @(167.64 mm, 83.82 mm): Symbol U88 Pin 1 [A, Passive, Line]
[pin_to_pin]: Pins of type Unspecified and Input are connected
    ; warning
    @(160.02 mm, 132.08 mm): Symbol CUR_2 Pin 8 [WARNING, Unspecified, Line]
    @(186.69 mm, 73.66 mm): Symbol RN2 Pin 3 [3, Input, Line]
[pin_to_pin]: Pins of type Unspecified and Input are connected
    ; warning
    @(179.07 mm, 109.22 mm): Symbol CUR_2 Pin 12 [IN+1, Unspecified, Line]
    @(226.06 mm, 97.79 mm): Symbol R165 Pin 2 [2, Input, Line]
[pin_to_pin]: Pins of type Unspecified and Input are connected
    ; warning
    @(179.07 mm, 111.76 mm): Symbol CUR_2 Pin 11 [IN-1, Unspecified, Line]
    @(226.06 mm, 111.76 mm): Symbol R166 Pin 2 [2, Input, Line]
[pin_to_pin]: Pins of type Unspecified and Input are connected
    ; warning
    @(179.07 mm, 114.30 mm): Symbol CUR_2 Pin 10 [PV, Unspecified, Line]
    @(181.61 mm, 73.66 mm): Symbol RN2 Pin 1 [1, Input, Line]
[pin_to_pin]: Pins of type Unspecified and Input are connected
    ; warning
    @(179.07 mm, 116.84 mm): Symbol CUR_2 Pin 9 [CRITICAL, Unspecified, Line]
    @(184.15 mm, 73.66 mm): Symbol RN2 Pin 2 [2, Input, Line]
[pin_to_pin]: Pins of type Unspecified and Input are connected
    ; warning
    @(224.79 mm, 100.33 mm): Symbol C106 Pin 2 [2, Unspecified, Line]
    @(226.06 mm, 97.79 mm): Symbol R165 Pin 2 [2, Input, Line]
[pin_to_pin]: Pins of type Unspecified and Input are connected
    ; warning
    @(224.79 mm, 110.49 mm): Symbol C106 Pin 1 [1, Unspecified, Line]
    @(226.06 mm, 111.76 mm): Symbol R166 Pin 2 [2, Input, Line]

***** Sheet /Battery System/JST-VH-12V-PIN/
[pin_to_pin]: Pins of type Unspecified and Input are connected
    ; warning
    @(102.87 mm, 95.25 mm): Symbol U43 Pin 1 [1, Unspecified, Line]
    @(152.40 mm, 91.44 mm): Symbol D15 Pin 1 [K, Input, Line]
[pin_to_pin]: Pins of type Unspecified and Input are connected
    ; warning
    @(102.87 mm, 97.79 mm): Symbol U43 Pin 2 [2, Unspecified, Line]
    @(152.40 mm, 101.60 mm): Symbol D15 Pin 2 [A, Input, Line]
[pin_to_pin]: Pins of type Unspecified and Unspecified are connected
    ; warning
    @(128.27 mm, 91.44 mm): Symbol C48 Pin 2 [2, Unspecified, Line]
    @(139.70 mm, 91.44 mm): Symbol C49 Pin 2 [2, Unspecified, Line]
[pin_to_pin]: Pins of type Unspecified and Unspecified are connected
    ; warning
    @(128.27 mm, 101.60 mm): Symbol C48 Pin 1 [1, Unspecified, Line]
    @(139.70 mm, 101.60 mm): Symbol C49 Pin 1 [1, Unspecified, Line]
[pin_to_pin]: Pins of type Unspecified and Input are connected
    ; warning
    @(139.70 mm, 91.44 mm): Symbol C49 Pin 2 [2, Unspecified, Line]
    @(152.40 mm, 91.44 mm): Symbol D15 Pin 1 [K, Input, Line]
[pin_to_pin]: Pins of type Unspecified and Input are connected
    ; warning
    @(139.70 mm, 101.60 mm): Symbol C49 Pin 1 [1, Unspecified, Line]
    @(152.40 mm, 101.60 mm): Symbol D15 Pin 2 [A, Input, Line]
[pin_to_pin]: Pins of type Unspecified and Input are connected
    ; warning
    @(154.94 mm, 91.44 mm): Symbol R105 Pin 2 [2, Unspecified, Line]
    @(152.40 mm, 91.44 mm): Symbol D15 Pin 1 [K, Input, Line]
[pin_to_pin]: Pins of type Unspecified and Unspecified are connected
    ; warning
    @(165.10 mm, 91.44 mm): Symbol R105 Pin 1 [1, Unspecified, Line]
    @(191.77 mm, 129.54 mm): Symbol U71 Pin 1 [1, Unspecified, Line]

***** Sheet /Battery System/JST-VH-12V-PIN1/
[pin_to_pin]: Pins of type Unspecified and Input are connected
    ; warning
    @(102.87 mm, 95.25 mm): Symbol U43 Pin 1 [1, Unspecified, Line]
    @(152.40 mm, 91.44 mm): Symbol D15 Pin 1 [K, Input, Line]
[pin_to_pin]: Pins of type Unspecified and Input are connected
    ; warning
    @(102.87 mm, 97.79 mm): Symbol U43 Pin 2 [2, Unspecified, Line]
    @(152.40 mm, 101.60 mm): Symbol D15 Pin 2 [A, Input, Line]
[pin_to_pin]: Pins of type Unspecified and Unspecified are connected
    ; warning
    @(128.27 mm, 91.44 mm): Symbol C48 Pin 2 [2, Unspecified, Line]
    @(139.70 mm, 91.44 mm): Symbol C49 Pin 2 [2, Unspecified, Line]
[pin_to_pin]: Pins of type Unspecified and Unspecified are connected
    ; warning
    @(128.27 mm, 101.60 mm): Symbol C48 Pin 1 [1, Unspecified, Line]
    @(139.70 mm, 101.60 mm): Symbol C49 Pin 1 [1, Unspecified, Line]
[pin_to_pin]: Pins of type Unspecified and Input are connected
    ; warning
    @(139.70 mm, 91.44 mm): Symbol C49 Pin 2 [2, Unspecified, Line]
    @(152.40 mm, 91.44 mm): Symbol D15 Pin 1 [K, Input, Line]
[pin_to_pin]: Pins of type Unspecified and Input are connected
    ; warning
    @(139.70 mm, 101.60 mm): Symbol C49 Pin 1 [1, Unspecified, Line]
    @(152.40 mm, 101.60 mm): Symbol D15 Pin 2 [A, Input, Line]
[pin_to_pin]: Pins of type Unspecified and Input are connected
    ; warning
    @(154.94 mm, 91.44 mm): Symbol R105 Pin 2 [2, Unspecified, Line]
    @(152.40 mm, 91.44 mm): Symbol D15 Pin 1 [K, Input, Line]
[pin_to_pin]: Pins of type Unspecified and Unspecified are connected
    ; warning
    @(165.10 mm, 91.44 mm): Symbol R105 Pin 1 [1, Unspecified, Line]
    @(191.77 mm, 129.54 mm): Symbol U71 Pin 1 [1, Unspecified, Line]

***** Sheet /Battery System/JST-VH-12V-PIN2/
[pin_to_pin]: Pins of type Unspecified and Input are connected
    ; warning
    @(102.87 mm, 95.25 mm): Symbol U43 Pin 1 [1, Unspecified, Line]
    @(152.40 mm, 91.44 mm): Symbol D15 Pin 1 [K, Input, Line]
[pin_to_pin]: Pins of type Unspecified and Input are connected
    ; warning
    @(102.87 mm, 97.79 mm): Symbol U43 Pin 2 [2, Unspecified, Line]
    @(152.40 mm, 101.60 mm): Symbol D15 Pin 2 [A, Input, Line]
[pin_to_pin]: Pins of type Unspecified and Unspecified are connected
    ; warning
    @(128.27 mm, 91.44 mm): Symbol C48 Pin 2 [2, Unspecified, Line]
    @(139.70 mm, 91.44 mm): Symbol C49 Pin 2 [2, Unspecified, Line]
[pin_to_pin]: Pins of type Unspecified and Unspecified are connected
    ; warning
    @(128.27 mm, 101.60 mm): Symbol C48 Pin 1 [1, Unspecified, Line]
    @(139.70 mm, 101.60 mm): Symbol C49 Pin 1 [1, Unspecified, Line]
[pin_to_pin]: Pins of type Unspecified and Input are connected
    ; warning
    @(139.70 mm, 91.44 mm): Symbol C49 Pin 2 [2, Unspecified, Line]
    @(152.40 mm, 91.44 mm): Symbol D15 Pin 1 [K, Input, Line]
[pin_to_pin]: Pins of type Unspecified and Input are connected
    ; warning
    @(139.70 mm, 101.60 mm): Symbol C49 Pin 1 [1, Unspecified, Line]
    @(152.40 mm, 101.60 mm): Symbol D15 Pin 2 [A, Input, Line]
[pin_to_pin]: Pins of type Unspecified and Input are connected
    ; warning
    @(154.94 mm, 91.44 mm): Symbol R105 Pin 2 [2, Unspecified, Line]
    @(152.40 mm, 91.44 mm): Symbol D15 Pin 1 [K, Input, Line]
[multiple_net_names]: Both 12V and OUT+ are attached to the same items; 12V will be used in the netlist
    ; warning
    @(177.80 mm, 83.82 mm): Hierarchical Label '12V'
    @(167.64 mm, 71.12 mm): Hierarchical Label 'OUT+'
[pin_to_pin]: Pins of type Unspecified and Unspecified are connected
    ; warning
    @(165.10 mm, 91.44 mm): Symbol R105 Pin 1 [1, Unspecified, Line]
    @(191.77 mm, 129.54 mm): Symbol U71 Pin 1 [1, Unspecified, Line]

***** Sheet /Battery System/12v_LTM8055_BUCK/
[pin_not_driven]: Input pin not driven by any Output pins
    ; error
    @(86.36 mm, 22.86 mm): Symbol R107 Pin 1 [1, Input, Line]
[pin_not_connected]: Pin not connected
    ; error
    @(124.46 mm, 36.83 mm): Symbol U45 Pin 6 [AIN2, Unspecified, Line]
[pin_not_driven]: Input pin not driven by any Output pins
    ; error
    @(95.25 mm, 100.33 mm): Symbol C55 Pin 2 [2, Input, Line]
[pin_not_driven]: Input pin not driven by any Output pins
    ; error
    @(96.52 mm, 142.24 mm): Symbol U44 Pin 1 [VOUT, Input, Line]
[pin_not_driven]: Input pin not driven by any Output pins
    ; error
    @(160.02 mm, 78.74 mm): Symbol U47 Pin L3 [IINMON, Input, Line]
[pin_not_driven]: Input pin not driven by any Output pins
    ; error
    @(160.02 mm, 83.82 mm): Symbol U47 Pin K2 [CTL, Input, Line]
[pin_not_driven]: Input pin not driven by any Output pins
    ; error
    @(227.33 mm, 80.01 mm): Symbol R110 Pin 1 [1, Input, Line]
[pin_to_pin]: Pins of type Unspecified and Input are connected
    ; warning
    @(93.98 mm, 26.67 mm): Symbol U45 Pin 1 [ADDR, Unspecified, Line]
    @(86.36 mm, 12.70 mm): Symbol R107 Pin 2 [2, Input, Line]
[pin_to_pin]: Pins of type Unspecified and Input are connected
    ; warning
    @(93.98 mm, 29.21 mm): Symbol U45 Pin 2 [ALERT/RDY, Unspecified, Line]
    @(86.36 mm, 22.86 mm): Symbol R107 Pin 1 [1, Input, Line]
[pin_to_pin]: Pins of type Unspecified and Power input are connected
    ; warning
    @(93.98 mm, 31.75 mm): Symbol U45 Pin 3 [GND, Unspecified, Line]
    @(86.36 mm, 46.99 mm): Symbol #PWR094 Pin 1 [Power input, Line]
[pin_to_pin]: Pins of type Unspecified and Unspecified are connected
    ; warning
    @(93.98 mm, 34.29 mm): Symbol U45 Pin 4 [AIN0, Unspecified, Line]
    @(186.69 mm, 107.95 mm): Symbol U62 Pin 13 [IMON, Unspecified, Line]
[pin_to_pin]: Pins of type Unspecified and Input are connected
    ; warning
    @(93.98 mm, 36.83 mm): Symbol U45 Pin 5 [AIN1, Unspecified, Line]
    @(160.02 mm, 78.74 mm): Symbol U47 Pin L3 [IINMON, Input, Line]
[pin_to_pin]: Pins of type Unspecified and Input are connected
    ; warning
    @(54.61 mm, 87.63 mm): Symbol R106 Pin 2 [2, Unspecified, Line]
    @(160.02 mm, 73.66 mm): Symbol U47 Pin L4 [RUN, Input, Line]
[pin_to_pin]: Pins of type Unspecified and Input are connected
    ; warning
    @(54.61 mm, 97.79 mm): Symbol R106 Pin 1 [1, Unspecified, Line]
    @(43.18 mm, 95.25 mm): Symbol C52 Pin 1 [1, Input, Line]
[pin_to_pin]: Pins of type Unspecified and Input are connected
    ; warning
    @(82.55 mm, 83.82 mm): Symbol H2 Pin 2 [2, Unspecified, Line]
    @(160.02 mm, 83.82 mm): Symbol U47 Pin K2 [CTL, Input, Line]
[pin_to_pin]: Pins of type Unspecified and Input are connected
    ; warning
    @(82.55 mm, 86.36 mm): Symbol H2 Pin 1 [1, Unspecified, Line]
    @(96.52 mm, 142.24 mm): Symbol U44 Pin 1 [VOUT, Input, Line]
[pin_to_pin]: Pins of type Unspecified and Input are connected
    ; warning
    @(124.46 mm, 26.67 mm): Symbol U45 Pin 10 [SCL, Unspecified, Line]
    @(116.84 mm, 144.78 mm): Symbol U44 Pin 5 [SCL, Input, Line]
[pin_to_pin]: Pins of type Unspecified and Input are connected
    ; warning
    @(124.46 mm, 29.21 mm): Symbol U45 Pin 9 [SDA, Unspecified, Line]
    @(116.84 mm, 147.32 mm): Symbol U44 Pin 4 [SDA, Input, Line]
[pin_to_pin]: Pins of type Unspecified and Power input are connected
    ; warning
    @(124.46 mm, 31.75 mm): Symbol U45 Pin 8 [VDD, Unspecified, Line]
    @(165.10 mm, 19.05 mm): Symbol #PWR098 Pin 1 [Power input, Line]
[pin_to_pin]: Pins of type Unspecified and Output are connected
    ; warning
    @(124.46 mm, 34.29 mm): Symbol U45 Pin 7 [AIN3, Unspecified, Line]
    @(200.66 mm, 78.74 mm): Symbol U47 Pin L2 [IOUTMON, Output, Line]
[pin_to_pin]: Pins of type Unspecified and Passive are connected
    ; warning
    @(120.65 mm, 100.33 mm): Symbol R109 Pin 2 [2, Unspecified, Line]
    @(160.02 mm, 99.06 mm): Symbol U47 Pin H1 [RT, Passive, Line]
[pin_to_pin]: Pins of type Unspecified and Power input are connected
    ; warning
    @(120.65 mm, 110.49 mm): Symbol R109 Pin 1 [1, Unspecified, Line]
    @(120.65 mm, 120.65 mm): Symbol #PWR097 Pin 1 [Power input, Line]
[pin_to_pin]: Pins of type Unspecified and Power input are connected
    ; warning
    @(64.77 mm, 151.13 mm): Symbol C53 Pin 2 [2, Unspecified, Line]
    @(64.77 mm, 142.24 mm): Symbol #PWR091 Pin 1 [Power input, Line]
[pin_to_pin]: Pins of type Unspecified and Power input are connected
    ; warning
    @(165.10 mm, 34.29 mm): Symbol C56 Pin 2 [2, Unspecified, Line]
    @(165.10 mm, 19.05 mm): Symbol #PWR098 Pin 1 [Power input, Line]
[pin_to_pin]: Pins of type Unspecified and Power input are connected
    ; warning
    @(165.10 mm, 44.45 mm): Symbol C56 Pin 1 [1, Unspecified, Line]
    @(165.10 mm, 45.72 mm): Symbol #PWR099 Pin 1 [Power input, Line]
[pin_to_pin]: Pins of type Unspecified and Input are connected
    ; warning
    @(80.01 mm, 151.13 mm): Symbol C54 Pin 1 [1, Unspecified, Line]
    @(96.52 mm, 147.32 mm): Symbol U44 Pin 3 [VDD, Input, Line]
[pin_to_pin]: Pins of type Unspecified and Power input are connected
    ; warning
    @(64.77 mm, 161.29 mm): Symbol C53 Pin 1 [1, Unspecified, Line]
    @(72.39 mm, 168.91 mm): Symbol #PWR092 Pin 1 [Power input, Line]
[pin_to_pin]: Pins of type Unspecified and Power input are connected
    ; warning
    @(80.01 mm, 161.29 mm): Symbol C54 Pin 2 [2, Unspecified, Line]
    @(72.39 mm, 168.91 mm): Symbol #PWR092 Pin 1 [Power input, Line]
[pin_to_pin]: Pins of type Unspecified and Passive are connected
    ; warning
    @(180.34 mm, 129.54 mm): Symbol C57 Pin 2 [2, Unspecified, Line]
    @(171.45 mm, 124.46 mm): Symbol U46 Pin 1 [A, Passive, Line]
[pin_to_pin]: Pins of type Unspecified and Power input are connected
    ; warning
    @(180.34 mm, 139.70 mm): Symbol C57 Pin 1 [1, Unspecified, Line]
    @(180.34 mm, 144.78 mm): Symbol #PWR0100 Pin 1 [Power input, Line]
[pin_to_pin]: Pins of type Unspecified and Input are connected
    ; warning
    @(227.33 mm, 85.09 mm): Symbol R111 Pin 2 [2, Unspecified, Line]
    @(227.33 mm, 80.01 mm): Symbol R110 Pin 1 [1, Input, Line]
[pin_to_pin]: Pins of type Unspecified and Power input are connected
    ; warning
    @(227.33 mm, 95.25 mm): Symbol R111 Pin 1 [1, Unspecified, Line]
    @(238.76 mm, 105.41 mm): Symbol #PWR0102 Pin 1 [Power input, Line]
[pin_to_pin]: Pins of type Unspecified and Input are connected
    ; warning
    @(238.76 mm, 77.47 mm): Symbol C58 Pin 2 [2, Unspecified, Line]
    @(250.19 mm, 77.47 mm): Symbol U48 Pin 1 [1, Input, Line]
[pin_to_pin]: Pins of type Unspecified and Input are connected
    ; warning
    @(238.76 mm, 87.63 mm): Symbol C58 Pin 1 [1, Unspecified, Line]
    @(250.19 mm, 87.63 mm): Symbol U48 Pin 2 [2, Input, Line]
[pin_to_pin]: Pins of type Unspecified and Input are connected
    ; warning
    @(252.73 mm, 66.04 mm): Symbol R112 Pin 1 [1, Unspecified, Line]
    @(250.19 mm, 77.47 mm): Symbol U48 Pin 1 [1, Input, Line]
[pin_to_pin]: Pins of type Unspecified and Input are connected
    ; warning
    @(262.89 mm, 66.04 mm): Symbol R112 Pin 2 [2, Unspecified, Line]
    @(266.70 mm, 68.58 mm): Symbol C59 Pin 1 [1, Input, Line]

***** Sheet /Battery System/Ideal_Diode_OR_12V_BUCK/
[pin_not_driven]: Input pin not driven by any Output pins
    ; error
    @(175.26 mm, 97.79 mm): Symbol U58 Pin 5 [GATE, Input, Line]
[pin_not_driven]: Input pin not driven by any Output pins
    ; error
    @(210.82 mm, 88.90 mm): Symbol R125 Pin 1 [1, Input, Line]
[pin_to_pin]: Pins of type Unspecified and Input are connected
    ; warning
    @(119.38 mm, 82.55 mm): Symbol U57 Pin 1 [C, Unspecified, Line]
    @(175.26 mm, 100.33 mm): Symbol U58 Pin 4 [IN, Input, Line]
[pin_to_pin]: Pins of type Unspecified and Input are connected
    ; warning
    @(119.38 mm, 92.71 mm): Symbol U57 Pin 2 [A, Unspecified, Line]
    @(154.94 mm, 97.79 mm): Symbol U58 Pin 2 [GND, Input, Line]
[pin_to_pin]: Pins of type Unspecified and Unspecified are connected
    ; warning
    @(135.89 mm, 81.28 mm): Symbol C72 Pin 2 [2, Unspecified, Line]
    @(119.38 mm, 82.55 mm): Symbol U57 Pin 1 [C, Unspecified, Line]
[pin_to_pin]: Pins of type Unspecified and Unspecified are connected
    ; warning
    @(135.89 mm, 91.44 mm): Symbol C72 Pin 1 [1, Unspecified, Line]
    @(119.38 mm, 92.71 mm): Symbol U57 Pin 2 [A, Unspecified, Line]
[pin_to_pin]: Pins of type Unspecified and Input are connected
    ; warning
    @(151.13 mm, 118.11 mm): Symbol R124 Pin 2 [2, Unspecified, Line]
    @(154.94 mm, 100.33 mm): Symbol U58 Pin 3 [OFF, Input, Line]
[pin_to_pin]: Pins of type Unspecified and Unspecified are connected
    ; warning
    @(180.34 mm, 72.39 mm): Symbol Q24 Pin 1 [S, Unspecified, Line]
    @(180.34 mm, 74.93 mm): Symbol Q24 Pin 2 [S, Unspecified, Line]
[pin_to_pin]: Pins of type Unspecified and Unspecified are connected
    ; warning
    @(180.34 mm, 74.93 mm): Symbol Q24 Pin 2 [S, Unspecified, Line]
    @(180.34 mm, 77.47 mm): Symbol Q24 Pin 3 [S, Unspecified, Line]
[pin_to_pin]: Pins of type Unspecified and Input are connected
    ; warning
    @(180.34 mm, 77.47 mm): Symbol Q24 Pin 3 [S, Unspecified, Line]
    @(175.26 mm, 100.33 mm): Symbol U58 Pin 4 [IN, Input, Line]
[pin_to_pin]: Pins of type Unspecified and Input are connected
    ; warning
    @(180.34 mm, 80.01 mm): Symbol Q24 Pin 4 [G, Unspecified, Line]
    @(175.26 mm, 97.79 mm): Symbol U58 Pin 5 [GATE, Input, Line]
[pin_to_pin]: Pins of type Unspecified and Power input are connected
    ; warning
    @(151.13 mm, 128.27 mm): Symbol R124 Pin 1 [1, Unspecified, Line]
    @(151.13 mm, 129.54 mm): Symbol #PWR0113 Pin 1 [Power input, Line]
[pin_to_pin]: Pins of type Unspecified and Input are connected
    ; warning
    @(195.58 mm, 72.39 mm): Symbol Q24 Pin 8 [D, Unspecified, Line]
    @(210.82 mm, 78.74 mm): Symbol R125 Pin 2 [2, Input, Line]
[pin_to_pin]: Pins of type Unspecified and Unspecified are connected
    ; warning
    @(195.58 mm, 74.93 mm): Symbol Q24 Pin 7 [D, Unspecified, Line]
    @(195.58 mm, 72.39 mm): Symbol Q24 Pin 8 [D, Unspecified, Line]
[pin_to_pin]: Pins of type Unspecified and Unspecified are connected
    ; warning
    @(195.58 mm, 77.47 mm): Symbol Q24 Pin 6 [D, Unspecified, Line]
    @(195.58 mm, 74.93 mm): Symbol Q24 Pin 7 [D, Unspecified, Line]
[pin_to_pin]: Pins of type Unspecified and Unspecified are connected
    ; warning
    @(195.58 mm, 80.01 mm): Symbol Q24 Pin 5 [D, Unspecified, Line]
    @(195.58 mm, 77.47 mm): Symbol Q24 Pin 6 [D, Unspecified, Line]
[pin_to_pin]: Pins of type Unspecified and Input are connected
    ; warning
    @(210.82 mm, 91.44 mm): Symbol C73 Pin 2 [2, Unspecified, Line]
    @(210.82 mm, 88.90 mm): Symbol R125 Pin 1 [1, Input, Line]
[pin_to_pin]: Pins of type Unspecified and Unspecified are connected
    ; warning
    @(210.82 mm, 101.60 mm): Symbol C73 Pin 1 [1, Unspecified, Line]
    @(227.33 mm, 93.98 mm): Symbol U59 Pin 2 [A, Unspecified, Line]
[pin_to_pin]: Pins of type Unspecified and Input are connected
    ; warning
    @(227.33 mm, 83.82 mm): Symbol U59 Pin 1 [C, Unspecified, Line]
    @(237.49 mm, 85.09 mm): Symbol C140 Pin 1 [1, Input, Line]
[pin_to_pin]: Pins of type Unspecified and Input are connected
    ; warning
    @(227.33 mm, 93.98 mm): Symbol U59 Pin 2 [A, Unspecified, Line]
    @(237.49 mm, 92.71 mm): Symbol C140 Pin 2 [2, Input, Line]

***** Sheet /Battery System/Ideal_Diode_OR_SERVO/
[pin_not_driven]: Input pin not driven by any Output pins
    ; error
    @(175.26 mm, 97.79 mm): Symbol U58 Pin 5 [GATE, Input, Line]
[pin_not_driven]: Input pin not driven by any Output pins
    ; error
    @(210.82 mm, 88.90 mm): Symbol R125 Pin 1 [1, Input, Line]
[pin_to_pin]: Pins of type Unspecified and Input are connected
    ; warning
    @(119.38 mm, 82.55 mm): Symbol U57 Pin 1 [C, Unspecified, Line]
    @(175.26 mm, 100.33 mm): Symbol U58 Pin 4 [IN, Input, Line]
[pin_to_pin]: Pins of type Unspecified and Input are connected
    ; warning
    @(119.38 mm, 92.71 mm): Symbol U57 Pin 2 [A, Unspecified, Line]
    @(154.94 mm, 97.79 mm): Symbol U58 Pin 2 [GND, Input, Line]
[pin_to_pin]: Pins of type Unspecified and Unspecified are connected
    ; warning
    @(135.89 mm, 81.28 mm): Symbol C72 Pin 2 [2, Unspecified, Line]
    @(119.38 mm, 82.55 mm): Symbol U57 Pin 1 [C, Unspecified, Line]
[pin_to_pin]: Pins of type Unspecified and Unspecified are connected
    ; warning
    @(135.89 mm, 91.44 mm): Symbol C72 Pin 1 [1, Unspecified, Line]
    @(119.38 mm, 92.71 mm): Symbol U57 Pin 2 [A, Unspecified, Line]
[pin_to_pin]: Pins of type Unspecified and Input are connected
    ; warning
    @(151.13 mm, 118.11 mm): Symbol R124 Pin 2 [2, Unspecified, Line]
    @(154.94 mm, 100.33 mm): Symbol U58 Pin 3 [OFF, Input, Line]
[pin_to_pin]: Pins of type Unspecified and Unspecified are connected
    ; warning
    @(180.34 mm, 72.39 mm): Symbol Q24 Pin 1 [S, Unspecified, Line]
    @(180.34 mm, 74.93 mm): Symbol Q24 Pin 2 [S, Unspecified, Line]
[pin_to_pin]: Pins of type Unspecified and Unspecified are connected
    ; warning
    @(180.34 mm, 74.93 mm): Symbol Q24 Pin 2 [S, Unspecified, Line]
    @(180.34 mm, 77.47 mm): Symbol Q24 Pin 3 [S, Unspecified, Line]
[pin_to_pin]: Pins of type Unspecified and Input are connected
    ; warning
    @(180.34 mm, 77.47 mm): Symbol Q24 Pin 3 [S, Unspecified, Line]
    @(175.26 mm, 100.33 mm): Symbol U58 Pin 4 [IN, Input, Line]
[pin_to_pin]: Pins of type Unspecified and Input are connected
    ; warning
    @(180.34 mm, 80.01 mm): Symbol Q24 Pin 4 [G, Unspecified, Line]
    @(175.26 mm, 97.79 mm): Symbol U58 Pin 5 [GATE, Input, Line]
[pin_to_pin]: Pins of type Unspecified and Power input are connected
    ; warning
    @(151.13 mm, 128.27 mm): Symbol R124 Pin 1 [1, Unspecified, Line]
    @(151.13 mm, 129.54 mm): Symbol #PWR0113 Pin 1 [Power input, Line]
[pin_to_pin]: Pins of type Unspecified and Input are connected
    ; warning
    @(195.58 mm, 72.39 mm): Symbol Q24 Pin 8 [D, Unspecified, Line]
    @(210.82 mm, 78.74 mm): Symbol R125 Pin 2 [2, Input, Line]
[pin_to_pin]: Pins of type Unspecified and Unspecified are connected
    ; warning
    @(195.58 mm, 74.93 mm): Symbol Q24 Pin 7 [D, Unspecified, Line]
    @(195.58 mm, 72.39 mm): Symbol Q24 Pin 8 [D, Unspecified, Line]
[pin_to_pin]: Pins of type Unspecified and Unspecified are connected
    ; warning
    @(195.58 mm, 77.47 mm): Symbol Q24 Pin 6 [D, Unspecified, Line]
    @(195.58 mm, 74.93 mm): Symbol Q24 Pin 7 [D, Unspecified, Line]
[pin_to_pin]: Pins of type Unspecified and Unspecified are connected
    ; warning
    @(195.58 mm, 80.01 mm): Symbol Q24 Pin 5 [D, Unspecified, Line]
    @(195.58 mm, 77.47 mm): Symbol Q24 Pin 6 [D, Unspecified, Line]
[pin_to_pin]: Pins of type Unspecified and Input are connected
    ; warning
    @(210.82 mm, 91.44 mm): Symbol C73 Pin 2 [2, Unspecified, Line]
    @(210.82 mm, 88.90 mm): Symbol R125 Pin 1 [1, Input, Line]
[pin_to_pin]: Pins of type Unspecified and Unspecified are connected
    ; warning
    @(210.82 mm, 101.60 mm): Symbol C73 Pin 1 [1, Unspecified, Line]
    @(227.33 mm, 93.98 mm): Symbol U59 Pin 2 [A, Unspecified, Line]
[pin_to_pin]: Pins of type Unspecified and Input are connected
    ; warning
    @(227.33 mm, 83.82 mm): Symbol U59 Pin 1 [C, Unspecified, Line]
    @(237.49 mm, 85.09 mm): Symbol C140 Pin 1 [1, Input, Line]
[pin_to_pin]: Pins of type Unspecified and Input are connected
    ; warning
    @(227.33 mm, 93.98 mm): Symbol U59 Pin 2 [A, Unspecified, Line]
    @(237.49 mm, 92.71 mm): Symbol C140 Pin 2 [2, Input, Line]

***** Sheet /Battery System/Servo Power Buck/
[pin_not_driven]: Input pin not driven by any Output pins
    ; error
    @(36.83 mm, 114.30 mm): Symbol R117 Pin 2 [2, Input, Line]
[power_pin_not_driven]: Input Power pin not driven by any Output Power pins
    ; error
    @(44.45 mm, 132.08 mm): Symbol #PWR0105 Pin 1 [Power input, Line]
[pin_not_driven]: Input pin not driven by any Output pins
    ; error
    @(279.40 mm, 106.68 mm): Symbol R123 Pin 2 [2, Input, Line]
[pin_to_pin]: Pins of type Unspecified and Unspecified are connected
    ; warning
    @(52.07 mm, 114.30 mm): Symbol R118 Pin 2 [2, Unspecified, Line]
    @(161.29 mm, 87.63 mm): Symbol U55 Pin 15 [MODE, Unspecified, Line]
[pin_to_pin]: Pins of type Unspecified and Power input are connected
    ; warning
    @(52.07 mm, 124.46 mm): Symbol R118 Pin 1 [1, Unspecified, Line]
    @(44.45 mm, 132.08 mm): Symbol #PWR0105 Pin 1 [Power input, Line]
[pin_to_pin]: Pins of type Unspecified and Unspecified are connected
    ; warning
    @(115.57 mm, 105.41 mm): Symbol R119 Pin 1 [1, Unspecified, Line]
    @(161.29 mm, 92.71 mm): Symbol U55 Pin 17 [EN, Unspecified, Line]
[pin_to_pin]: Pins of type Unspecified and Power input are connected
    ; warning
    @(115.57 mm, 115.57 mm): Symbol R119 Pin 2 [2, Unspecified, Line]
    @(115.57 mm, 127.00 mm): Symbol #PWR0107 Pin 1 [Power input, Line]
[pin_to_pin]: Pins of type Unspecified and Input are connected
    ; warning
    @(161.29 mm, 80.01 mm): Symbol U55 Pin 12 [RT, Unspecified, Line]
    @(36.83 mm, 114.30 mm): Symbol R117 Pin 2 [2, Input, Line]
[pin_to_pin]: Pins of type Unspecified and Input are connected
    ; warning
    @(161.29 mm, 82.55 mm): Symbol U55 Pin 13 [PG, Unspecified, Line]
    @(157.48 mm, 74.93 mm): Symbol R120 Pin 1 [1, Input, Line]
[pin_to_pin]: Pins of type Unspecified and Passive are connected
    ; warning
    @(161.29 mm, 85.09 mm): Symbol U55 Pin 14 [SPSP, Unspecified, Line]
    @(92.71 mm, 105.41 mm): Symbol JP2 Pin 2 [B, Passive, Line]
[pin_to_pin]: Pins of type Unspecified and Unspecified are connected
    ; warning
    @(134.62 mm, 125.73 mm): Symbol C65 Pin 2 [2, Unspecified, Line]
    @(171.45 mm, 125.73 mm): Symbol C66 Pin 1 [1, Unspecified, Line]
[pin_to_pin]: Pins of type Unspecified and Unspecified are connected
    ; warning
    @(161.29 mm, 90.17 mm): Symbol U55 Pin 16 [NC, Unspecified, Line]
    @(161.29 mm, 97.79 mm): Symbol U55 Pin 19 [PGND, Unspecified, Line]
[pin_to_pin]: Pins of type Unspecified and Input are connected
    ; warning
    @(161.29 mm, 92.71 mm): Symbol U55 Pin 17 [EN, Unspecified, Line]
    @(93.98 mm, 104.14 mm): Symbol R227 Pin 1 [1, Input, Line]
[pin_to_pin]: Pins of type Unspecified and Passive are connected
    ; warning
    @(161.29 mm, 95.25 mm): Symbol U55 Pin 18 [VIN2, Unspecified, Line]
    @(363.22 mm, 304.80 mm): Symbol NT6 Pin 1 [1, Passive, Line]
[pin_to_pin]: Pins of type Unspecified and Unspecified are connected
    ; warning
    @(161.29 mm, 97.79 mm): Symbol U55 Pin 19 [PGND, Unspecified, Line]
    @(161.29 mm, 100.33 mm): Symbol U55 Pin 20 [PGND, Unspecified, Line]
[pin_to_pin]: Pins of type Unspecified and Power input are connected
    ; warning
    @(161.29 mm, 100.33 mm): Symbol U55 Pin 20 [PGND, Unspecified, Line]
    @(143.51 mm, 97.79 mm): Symbol #PWR0108 Pin 1 [Power input, Line]
[pin_to_pin]: Pins of type Unspecified and Unspecified are connected
    ; warning
    @(161.29 mm, 102.87 mm): Symbol U55 Pin 21 [AGND, Unspecified, Line]
    @(161.29 mm, 105.41 mm): Symbol U55 Pin 22 [AGND, Unspecified, Line]
[pin_to_pin]: Pins of type Unspecified and Unspecified are connected
    ; warning
    @(144.78 mm, 125.73 mm): Symbol C65 Pin 1 [1, Unspecified, Line]
    @(161.29 mm, 125.73 mm): Symbol C66 Pin 2 [2, Unspecified, Line]
[pin_to_pin]: Pins of type Unspecified and Power input are connected
    ; warning
    @(161.29 mm, 105.41 mm): Symbol U55 Pin 22 [AGND, Unspecified, Line]
    @(115.57 mm, 127.00 mm): Symbol #PWR0107 Pin 1 [Power input, Line]
[pin_to_pin]: Pins of type Unspecified and Unspecified are connected
    ; warning
    @(186.69 mm, 80.01 mm): Symbol U55 Pin 11 [AGND, Unspecified, Line]
    @(161.29 mm, 102.87 mm): Symbol U55 Pin 21 [AGND, Unspecified, Line]
[pin_to_pin]: Pins of type Unspecified and Input are connected
    ; warning
    @(186.69 mm, 82.55 mm): Symbol U55 Pin 10 [VOUT2, Unspecified, Line]
    @(294.64 mm, 88.90 mm): Symbol C68 Pin 1 [1, Input, Line]
[pin_to_pin]: Pins of type Unspecified and Unspecified are connected
    ; warning
    @(161.29 mm, 125.73 mm): Symbol C66 Pin 2 [2, Unspecified, Line]
    @(161.29 mm, 100.33 mm): Symbol U55 Pin 20 [PGND, Unspecified, Line]
[pin_to_pin]: Pins of type Unspecified and Unspecified are connected
    ; warning
    @(186.69 mm, 85.09 mm): Symbol U55 Pin 9 [VOUT1, Unspecified, Line]
    @(186.69 mm, 82.55 mm): Symbol U55 Pin 10 [VOUT2, Unspecified, Line]
[pin_to_pin]: Pins of type Unspecified and Input are connected
    ; warning
    @(186.69 mm, 87.63 mm): Symbol U55 Pin 8 [FB, Unspecified, Line]
    @(279.40 mm, 106.68 mm): Symbol R123 Pin 2 [2, Input, Line]
[pin_to_pin]: Pins of type Unspecified and Unspecified are connected
    ; warning
    @(186.69 mm, 90.17 mm): Symbol U55 Pin 7 [AGND, Unspecified, Line]
    @(186.69 mm, 80.01 mm): Symbol U55 Pin 11 [AGND, Unspecified, Line]
[pin_to_pin]: Pins of type Unspecified and Unspecified are connected
    ; warning
    @(186.69 mm, 95.25 mm): Symbol U55 Pin 5 [VLDOIN, Unspecified, Line]
    @(186.69 mm, 85.09 mm): Symbol U55 Pin 9 [VOUT1, Unspecified, Line]
[pin_to_pin]: Pins of type Unspecified and Passive are connected
    ; warning
    @(186.69 mm, 100.33 mm): Symbol U55 Pin 3 [CBOOT, Unspecified, Line]
    @(220.98 mm, 102.87 mm): Symbol U56 Pin 2 [B, Passive, Line]
[pin_to_pin]: Pins of type Unspecified and Unspecified are connected
    ; warning
    @(171.45 mm, 125.73 mm): Symbol C66 Pin 1 [1, Unspecified, Line]
    @(186.69 mm, 105.41 mm): Symbol U55 Pin 1 [VIN1, Unspecified, Line]
[pin_to_pin]: Pins of type Unspecified and Passive are connected
    ; warning
    @(186.69 mm, 102.87 mm): Symbol U55 Pin 2 [RBOOT, Unspecified, Line]
    @(220.98 mm, 113.03 mm): Symbol U56 Pin 1 [A, Passive, Line]
[pin_to_pin]: Pins of type Unspecified and Unspecified are connected
    ; warning
    @(186.69 mm, 105.41 mm): Symbol U55 Pin 1 [VIN1, Unspecified, Line]
    @(161.29 mm, 95.25 mm): Symbol U55 Pin 18 [VIN2, Unspecified, Line]
[pin_to_pin]: Pins of type Unspecified and Passive are connected
    ; warning
    @(234.95 mm, 102.87 mm): Symbol R121 Pin 1 [1, Unspecified, Line]
    @(220.98 mm, 102.87 mm): Symbol U56 Pin 2 [B, Passive, Line]
[pin_to_pin]: Pins of type Unspecified and Passive are connected
    ; warning
    @(234.95 mm, 113.03 mm): Symbol R121 Pin 2 [2, Unspecified, Line]
    @(220.98 mm, 113.03 mm): Symbol U56 Pin 1 [A, Passive, Line]
[pin_to_pin]: Pins of type Unspecified and Unspecified are connected
    ; warning
    @(266.70 mm, 88.90 mm): Symbol C67 Pin 2 [2, Unspecified, Line]
    @(279.40 mm, 88.90 mm): Symbol R122 Pin 2 [2, Unspecified, Line]
[pin_to_pin]: Pins of type Unspecified and Unspecified are connected
    ; warning
    @(266.70 mm, 99.06 mm): Symbol C67 Pin 1 [1, Unspecified, Line]
    @(279.40 mm, 99.06 mm): Symbol R122 Pin 1 [1, Unspecified, Line]
[pin_to_pin]: Pins of type Unspecified and Input are connected
    ; warning
    @(279.40 mm, 88.90 mm): Symbol R122 Pin 2 [2, Unspecified, Line]
    @(294.64 mm, 88.90 mm): Symbol C68 Pin 1 [1, Input, Line]
[pin_to_pin]: Pins of type Unspecified and Input are connected
    ; warning
    @(279.40 mm, 99.06 mm): Symbol R122 Pin 1 [1, Unspecified, Line]
    @(279.40 mm, 106.68 mm): Symbol R123 Pin 2 [2, Input, Line]
[pin_to_pin]: Pins of type Unspecified and Unspecified are connected
    ; warning
    @(307.34 mm, 87.63 mm): Symbol C69 Pin 2 [2, Unspecified, Line]
    @(320.04 mm, 87.63 mm): Symbol C70 Pin 2 [2, Unspecified, Line]
[pin_to_pin]: Pins of type Unspecified and Unspecified are connected
    ; warning
    @(307.34 mm, 97.79 mm): Symbol C69 Pin 1 [1, Unspecified, Line]
    @(320.04 mm, 97.79 mm): Symbol C70 Pin 1 [1, Unspecified, Line]
[pin_to_pin]: Pins of type Unspecified and Unspecified are connected
    ; warning
    @(320.04 mm, 87.63 mm): Symbol C70 Pin 2 [2, Unspecified, Line]
    @(334.01 mm, 87.63 mm): Symbol C71 Pin 2 [2, Unspecified, Line]
[pin_to_pin]: Pins of type Unspecified and Unspecified are connected
    ; warning
    @(320.04 mm, 97.79 mm): Symbol C70 Pin 1 [1, Unspecified, Line]
    @(334.01 mm, 97.79 mm): Symbol C71 Pin 1 [1, Unspecified, Line]
[pin_to_pin]: Pins of type Unspecified and Input are connected
    ; warning
    @(334.01 mm, 87.63 mm): Symbol C71 Pin 2 [2, Unspecified, Line]
    @(294.64 mm, 88.90 mm): Symbol C68 Pin 1 [1, Input, Line]
[pin_to_pin]: Pins of type Unspecified and Input are connected
    ; warning
    @(334.01 mm, 97.79 mm): Symbol C71 Pin 1 [1, Unspecified, Line]
    @(294.64 mm, 96.52 mm): Symbol C68 Pin 2 [2, Input, Line]

***** Sheet /Battery System/Ideal_Diode_OR_USBC/
[pin_not_driven]: Input pin not driven by any Output pins
    ; error
    @(175.26 mm, 97.79 mm): Symbol U58 Pin 5 [GATE, Input, Line]
[pin_not_driven]: Input pin not driven by any Output pins
    ; error
    @(175.26 mm, 100.33 mm): Symbol U58 Pin 4 [IN, Input, Line]
[pin_not_driven]: Input pin not driven by any Output pins
    ; error
    @(210.82 mm, 88.90 mm): Symbol R125 Pin 1 [1, Input, Line]
[pin_to_pin]: Pins of type Unspecified and Input are connected
    ; warning
    @(119.38 mm, 82.55 mm): Symbol U57 Pin 1 [C, Unspecified, Line]
    @(175.26 mm, 100.33 mm): Symbol U58 Pin 4 [IN, Input, Line]
[pin_to_pin]: Pins of type Unspecified and Input are connected
    ; warning
    @(119.38 mm, 92.71 mm): Symbol U57 Pin 2 [A, Unspecified, Line]
    @(154.94 mm, 97.79 mm): Symbol U58 Pin 2 [GND, Input, Line]
[pin_to_pin]: Pins of type Unspecified and Unspecified are connected
    ; warning
    @(135.89 mm, 81.28 mm): Symbol C72 Pin 2 [2, Unspecified, Line]
    @(119.38 mm, 82.55 mm): Symbol U57 Pin 1 [C, Unspecified, Line]
[pin_to_pin]: Pins of type Unspecified and Unspecified are connected
    ; warning
    @(135.89 mm, 91.44 mm): Symbol C72 Pin 1 [1, Unspecified, Line]
    @(119.38 mm, 92.71 mm): Symbol U57 Pin 2 [A, Unspecified, Line]
[pin_to_pin]: Pins of type Unspecified and Input are connected
    ; warning
    @(151.13 mm, 118.11 mm): Symbol R124 Pin 2 [2, Unspecified, Line]
    @(154.94 mm, 100.33 mm): Symbol U58 Pin 3 [OFF, Input, Line]
[pin_to_pin]: Pins of type Unspecified and Unspecified are connected
    ; warning
    @(180.34 mm, 72.39 mm): Symbol Q24 Pin 1 [S, Unspecified, Line]
    @(180.34 mm, 74.93 mm): Symbol Q24 Pin 2 [S, Unspecified, Line]
[pin_to_pin]: Pins of type Unspecified and Unspecified are connected
    ; warning
    @(180.34 mm, 74.93 mm): Symbol Q24 Pin 2 [S, Unspecified, Line]
    @(180.34 mm, 77.47 mm): Symbol Q24 Pin 3 [S, Unspecified, Line]
[pin_to_pin]: Pins of type Unspecified and Input are connected
    ; warning
    @(180.34 mm, 77.47 mm): Symbol Q24 Pin 3 [S, Unspecified, Line]
    @(175.26 mm, 100.33 mm): Symbol U58 Pin 4 [IN, Input, Line]
[pin_to_pin]: Pins of type Unspecified and Input are connected
    ; warning
    @(180.34 mm, 80.01 mm): Symbol Q24 Pin 4 [G, Unspecified, Line]
    @(175.26 mm, 97.79 mm): Symbol U58 Pin 5 [GATE, Input, Line]
[pin_to_pin]: Pins of type Unspecified and Power input are connected
    ; warning
    @(151.13 mm, 128.27 mm): Symbol R124 Pin 1 [1, Unspecified, Line]
    @(151.13 mm, 129.54 mm): Symbol #PWR0113 Pin 1 [Power input, Line]
[pin_to_pin]: Pins of type Unspecified and Input are connected
    ; warning
    @(195.58 mm, 72.39 mm): Symbol Q24 Pin 8 [D, Unspecified, Line]
    @(210.82 mm, 78.74 mm): Symbol R125 Pin 2 [2, Input, Line]
[pin_to_pin]: Pins of type Unspecified and Unspecified are connected
    ; warning
    @(195.58 mm, 74.93 mm): Symbol Q24 Pin 7 [D, Unspecified, Line]
    @(195.58 mm, 72.39 mm): Symbol Q24 Pin 8 [D, Unspecified, Line]
[pin_to_pin]: Pins of type Unspecified and Unspecified are connected
    ; warning
    @(195.58 mm, 77.47 mm): Symbol Q24 Pin 6 [D, Unspecified, Line]
    @(195.58 mm, 74.93 mm): Symbol Q24 Pin 7 [D, Unspecified, Line]
[pin_to_pin]: Pins of type Unspecified and Unspecified are connected
    ; warning
    @(195.58 mm, 80.01 mm): Symbol Q24 Pin 5 [D, Unspecified, Line]
    @(195.58 mm, 77.47 mm): Symbol Q24 Pin 6 [D, Unspecified, Line]
[pin_to_pin]: Pins of type Unspecified and Input are connected
    ; warning
    @(210.82 mm, 91.44 mm): Symbol C73 Pin 2 [2, Unspecified, Line]
    @(210.82 mm, 88.90 mm): Symbol R125 Pin 1 [1, Input, Line]
[pin_to_pin]: Pins of type Unspecified and Unspecified are connected
    ; warning
    @(210.82 mm, 101.60 mm): Symbol C73 Pin 1 [1, Unspecified, Line]
    @(227.33 mm, 93.98 mm): Symbol U59 Pin 2 [A, Unspecified, Line]
[pin_to_pin]: Pins of type Unspecified and Input are connected
    ; warning
    @(227.33 mm, 83.82 mm): Symbol U59 Pin 1 [C, Unspecified, Line]
    @(237.49 mm, 85.09 mm): Symbol C140 Pin 1 [1, Input, Line]
[pin_to_pin]: Pins of type Unspecified and Input are connected
    ; warning
    @(227.33 mm, 93.98 mm): Symbol U59 Pin 2 [A, Unspecified, Line]
    @(237.49 mm, 92.71 mm): Symbol C140 Pin 2 [2, Input, Line]

***** Sheet /Battery System/TPS16630RGER_CHARGING_EFUSE/
[pin_not_driven]: Input pin not driven by any Output pins
    ; error
    @(114.30 mm, 76.20 mm): Symbol R130 Pin 2 [2, Input, Line]
[pin_not_driven]: Input pin not driven by any Output pins
    ; error
    @(218.44 mm, 135.89 mm): Symbol R133 Pin 2 [2, Input, Line]
[pin_to_pin]: Pins of type Unspecified and Unspecified are connected
    ; warning
    @(85.09 mm, 63.50 mm): Symbol C74 Pin 2 [2, Unspecified, Line]
    @(114.30 mm, 50.80 mm): Symbol R128 Pin 2 [2, Unspecified, Line]
[pin_to_pin]: Pins of type Unspecified and Input are connected
    ; warning
    @(85.09 mm, 73.66 mm): Symbol C74 Pin 1 [1, Unspecified, Line]
    @(114.30 mm, 86.36 mm): Symbol R130 Pin 1 [1, Input, Line]
[pin_to_pin]: Pins of type Unspecified and Unspecified are connected
    ; warning
    @(114.30 mm, 50.80 mm): Symbol R128 Pin 2 [2, Unspecified, Line]
    @(163.83 mm, 80.01 mm): Symbol U62 Pin 1 [IN, Unspecified, Line]
[pin_to_pin]: Pins of type Unspecified and Unspecified are connected
    ; warning
    @(114.30 mm, 60.96 mm): Symbol R128 Pin 1 [1, Unspecified, Line]
    @(114.30 mm, 63.50 mm): Symbol R129 Pin 2 [2, Unspecified, Line]
[pin_to_pin]: Pins of type Unspecified and Unspecified are connected
    ; warning
    @(114.30 mm, 63.50 mm): Symbol R129 Pin 2 [2, Unspecified, Line]
    @(163.83 mm, 92.71 mm): Symbol U62 Pin 6 [UVLO, Unspecified, Line]
[pin_to_pin]: Pins of type Unspecified and Input are connected
    ; warning
    @(114.30 mm, 73.66 mm): Symbol R129 Pin 1 [1, Unspecified, Line]
    @(114.30 mm, 76.20 mm): Symbol R130 Pin 2 [2, Input, Line]
[pin_to_pin]: Pins of type Unspecified and Unspecified are connected
    ; warning
    @(69.85 mm, 127.00 mm): Symbol R126 Pin 2 [2, Unspecified, Line]
    @(163.83 mm, 102.87 mm): Symbol U62 Pin 10 [ILIM, Unspecified, Line]
[pin_to_pin]: Pins of type Unspecified and Unspecified are connected
    ; warning
    @(69.85 mm, 137.16 mm): Symbol R126 Pin 1 [1, Unspecified, Line]
    @(73.66 mm, 143.51 mm): Symbol R127 Pin 2 [2, Unspecified, Line]
[pin_to_pin]: Pins of type Unspecified and Passive are connected
    ; warning
    @(73.66 mm, 143.51 mm): Symbol R127 Pin 2 [2, Unspecified, Line]
    @(66.04 mm, 143.51 mm): Symbol U60 Pin 2 [B, Passive, Line]
[pin_to_pin]: Pins of type Unspecified and Power input are connected
    ; warning
    @(120.65 mm, 118.11 mm): Symbol R131 Pin 1 [1, Unspecified, Line]
    @(118.11 mm, 116.84 mm): Symbol #PWR0116 Pin 1 [Power input, Line]
[pin_to_pin]: Pins of type Unspecified and Passive are connected
    ; warning
    @(73.66 mm, 153.67 mm): Symbol R127 Pin 1 [1, Unspecified, Line]
    @(66.04 mm, 153.67 mm): Symbol U60 Pin 1 [A, Passive, Line]
[pin_to_pin]: Pins of type Unspecified and Unspecified are connected
    ; warning
    @(130.81 mm, 118.11 mm): Symbol R131 Pin 2 [2, Unspecified, Line]
    @(163.83 mm, 107.95 mm): Symbol U62 Pin 12 [SHDN#, Unspecified, Line]
[pin_to_pin]: Pins of type Unspecified and Unspecified are connected
    ; warning
    @(163.83 mm, 80.01 mm): Symbol U62 Pin 1 [IN, Unspecified, Line]
    @(163.83 mm, 82.55 mm): Symbol U62 Pin 2 [IN, Unspecified, Line]
[pin_to_pin]: Pins of type Unspecified and Unspecified are connected
    ; warning
    @(163.83 mm, 82.55 mm): Symbol U62 Pin 2 [IN, Unspecified, Line]
    @(163.83 mm, 90.17 mm): Symbol U62 Pin 5 [P_IN, Unspecified, Line]
[pin_to_pin]: Pins of type Unspecified and Input are connected
    ; warning
    @(163.83 mm, 90.17 mm): Symbol U62 Pin 5 [P_IN, Unspecified, Line]
    @(175.26 mm, 95.25 mm): Symbol U58 Pin 6 [OUT, Input, Line]
[pin_to_pin]: Pins of type Unspecified and Input are connected
    ; warning
    @(163.83 mm, 95.25 mm): Symbol U62 Pin 7 [OVP, Unspecified, Line]
    @(114.30 mm, 76.20 mm): Symbol R130 Pin 2 [2, Input, Line]
[pin_to_pin]: Pins of type Unspecified and Unspecified are connected
    ; warning
    @(147.32 mm, 119.38 mm): Symbol C75 Pin 2 [2, Unspecified, Line]
    @(163.83 mm, 100.33 mm): Symbol U62 Pin 9 [dVdT, Unspecified, Line]
[pin_to_pin]: Pins of type Unspecified and Unspecified are connected
    ; warning
    @(163.83 mm, 97.79 mm): Symbol U62 Pin 8 [GND, Unspecified, Line]
    @(186.69 mm, 77.47 mm): Symbol U62 Pin 25 [EP, Unspecified, Line]
[pin_to_pin]: Pins of type Unspecified and Passive are connected
    ; warning
    @(163.83 mm, 105.41 mm): Symbol U62 Pin 11 [MODE, Unspecified, Line]
    @(160.02 mm, 119.38 mm): Symbol U61 Pin 2 [B, Passive, Line]
[pin_to_pin]: Pins of type Unspecified and Passive are connected
    ; warning
    @(147.32 mm, 129.54 mm): Symbol C75 Pin 1 [1, Unspecified, Line]
    @(160.02 mm, 129.54 mm): Symbol U61 Pin 1 [A, Passive, Line]
[pin_to_pin]: Pins of type Unspecified and Input are connected
    ; warning
    @(163.83 mm, 107.95 mm): Symbol U62 Pin 12 [SHDN#, Unspecified, Line]
    @(149.86 mm, 101.60 mm): Symbol R234 Pin 2 [2, Input, Line]
[pin_to_pin]: Pins of type Unspecified and Passive are connected
    ; warning
    @(186.69 mm, 77.47 mm): Symbol U62 Pin 25 [EP, Unspecified, Line]
    @(160.02 mm, 129.54 mm): Symbol U61 Pin 1 [A, Passive, Line]
[pin_to_pin]: Pins of type Unspecified and Input are connected
    ; warning
    @(186.69 mm, 95.25 mm): Symbol U62 Pin 18 [OUT, Unspecified, Line]
    @(175.26 mm, 100.33 mm): Symbol U58 Pin 4 [IN, Input, Line]
[pin_to_pin]: Pins of type Unspecified and Unspecified are connected
    ; warning
    @(186.69 mm, 97.79 mm): Symbol U62 Pin 17 [OUT, Unspecified, Line]
    @(186.69 mm, 95.25 mm): Symbol U62 Pin 18 [OUT, Unspecified, Line]
[pin_to_pin]: Pins of type Unspecified and Input are connected
    ; warning
    @(186.69 mm, 100.33 mm): Symbol U62 Pin 16 [PGOOD, Unspecified, Line]
    @(149.86 mm, 116.84 mm): Symbol R240 Pin 1 [1, Input, Line]
[pin_to_pin]: Pins of type Unspecified and Input are connected
    ; warning
    @(186.69 mm, 105.41 mm): Symbol U62 Pin 14 [FLT#, Unspecified, Line]
    @(149.86 mm, 99.06 mm): Symbol R233 Pin 2 [2, Input, Line]
[pin_to_pin]: Pins of type Unspecified and Input are connected
    ; warning
    @(186.69 mm, 107.95 mm): Symbol U62 Pin 13 [IMON, Unspecified, Line]
    @(218.44 mm, 135.89 mm): Symbol R133 Pin 2 [2, Input, Line]
[pin_to_pin]: Pins of type Unspecified and Power input are connected
    ; warning
    @(218.44 mm, 118.11 mm): Symbol R132 Pin 2 [2, Unspecified, Line]
    @(218.44 mm, 116.84 mm): Symbol #PWR0117 Pin 1 [Power input, Line]
[pin_to_pin]: Pins of type Unspecified and Unspecified are connected
    ; warning
    @(218.44 mm, 128.27 mm): Symbol R132 Pin 1 [1, Unspecified, Line]
    @(186.69 mm, 105.41 mm): Symbol U62 Pin 14 [FLT#, Unspecified, Line]

***** Sheet /Battery System/USB-C Input/
[pin_not_driven]: Input pin not driven by any Output pins
    ; error
    @(316.23 mm, 77.47 mm): Symbol R142 Pin 1 [1, Input, Line]
[pin_to_pin]: Pins of type Unspecified and Unspecified are connected
    ; warning
    @(38.10 mm, 41.91 mm): Symbol USBC1 Pin B1 [GND, Unspecified, Line]
    @(38.10 mm, 69.85 mm): Symbol USBC1 Pin B12 [GND, Unspecified, Line]
[pin_to_pin]: Pins of type Unspecified and Unspecified are connected
    ; warning
    @(38.10 mm, 49.53 mm): Symbol USBC1 Pin B4 [VBUS, Unspecified, Line]
    @(38.10 mm, 62.23 mm): Symbol USBC1 Pin B9 [VBUS, Unspecified, Line]
[pin_to_pin]: Pins of type Unspecified and Unspecified are connected
    ; warning
    @(60.96 mm, 41.91 mm): Symbol USBC1 Pin A12 [GND, Unspecified, Line]
    @(38.10 mm, 41.91 mm): Symbol USBC1 Pin B1 [GND, Unspecified, Line]
[pin_to_pin]: Pins of type Unspecified and Unspecified are connected
    ; warning
    @(60.96 mm, 49.53 mm): Symbol USBC1 Pin A9 [VBUS, Unspecified, Line]
    @(38.10 mm, 49.53 mm): Symbol USBC1 Pin B4 [VBUS, Unspecified, Line]
[pin_to_pin]: Pins of type Unspecified and Power input are connected
    ; warning
    @(38.10 mm, 69.85 mm): Symbol USBC1 Pin B12 [GND, Unspecified, Line]
    @(25.40 mm, 78.74 mm): Symbol #PWR0119 Pin 1 [Power input, Line]
[pin_to_pin]: Pins of type Unspecified and Unspecified are connected
    ; warning
    @(60.96 mm, 54.61 mm): Symbol USBC1 Pin A7 [DN1, Unspecified, Line]
    @(38.10 mm, 57.15 mm): Symbol USBC1 Pin B7 [DN2, Unspecified, Line]
[pin_to_pin]: Pins of type Unspecified and Unspecified are connected
    ; warning
    @(60.96 mm, 57.15 mm): Symbol USBC1 Pin A6 [DP1, Unspecified, Line]
    @(38.10 mm, 54.61 mm): Symbol USBC1 Pin B6 [DP2, Unspecified, Line]
[pin_to_pin]: Pins of type Unspecified and Unspecified are connected
    ; warning
    @(60.96 mm, 62.23 mm): Symbol USBC1 Pin A4 [VBUS, Unspecified, Line]
    @(60.96 mm, 49.53 mm): Symbol USBC1 Pin A9 [VBUS, Unspecified, Line]
[pin_to_pin]: Pins of type Unspecified and Power input are connected
    ; warning
    @(60.96 mm, 69.85 mm): Symbol USBC1 Pin A1 [GND, Unspecified, Line]
    @(68.58 mm, 77.47 mm): Symbol #PWR0120 Pin 1 [Power input, Line]
[pin_to_pin]: Pins of type Unspecified and Unspecified are connected
    ; warning
    @(83.82 mm, 109.22 mm): Symbol D16 Pin 5 [IO4, Unspecified, Line]
    @(83.82 mm, 132.08 mm): Symbol D16 Pin 6 [NC, Unspecified, Line]
[pin_to_pin]: Pins of type Unspecified and Unspecified are connected
    ; warning
    @(88.90 mm, 109.22 mm): Symbol D16 Pin 4 [IO3, Unspecified, Line]
    @(88.90 mm, 132.08 mm): Symbol D16 Pin 7 [NC, Unspecified, Line]
[pin_to_pin]: Pins of type Unspecified and Unspecified are connected
    ; warning
    @(93.98 mm, 109.22 mm): Symbol D16 Pin 3 [GND, Unspecified, Line]
    @(93.98 mm, 132.08 mm): Symbol D16 Pin 8 [GND, Unspecified, Line]
[pin_to_pin]: Pins of type Unspecified and Unspecified are connected
    ; warning
    @(142.24 mm, 35.56 mm): Symbol C76 Pin 2 [2, Unspecified, Line]
    @(187.96 mm, 35.56 mm): Symbol D34 Pin 1 [K, Unspecified, Line]
[pin_to_pin]: Pins of type Unspecified and Unspecified are connected
    ; warning
    @(99.06 mm, 109.22 mm): Symbol D16 Pin 2 [IO2, Unspecified, Line]
    @(99.06 mm, 132.08 mm): Symbol D16 Pin 9 [NC, Unspecified, Line]
[pin_to_pin]: Pins of type Unspecified and Power input are connected
    ; warning
    @(142.24 mm, 45.72 mm): Symbol C76 Pin 1 [1, Unspecified, Line]
    @(153.67 mm, 49.53 mm): Symbol #PWR0122 Pin 1 [Power input, Line]
[pin_to_pin]: Pins of type Unspecified and Unspecified are connected
    ; warning
    @(104.14 mm, 109.22 mm): Symbol D16 Pin 1 [IO1, Unspecified, Line]
    @(104.14 mm, 132.08 mm): Symbol D16 Pin 10 [NC, Unspecified, Line]
[pin_to_pin]: Pins of type Unspecified and Unspecified are connected
    ; warning
    @(83.82 mm, 132.08 mm): Symbol D16 Pin 6 [NC, Unspecified, Line]
    @(38.10 mm, 52.07 mm): Symbol USBC1 Pin B5 [CC2, Unspecified, Line]
[pin_to_pin]: Pins of type Unspecified and Unspecified are connected
    ; warning
    @(88.90 mm, 132.08 mm): Symbol D16 Pin 7 [NC, Unspecified, Line]
    @(60.96 mm, 59.69 mm): Symbol USBC1 Pin A5 [CC1, Unspecified, Line]
[pin_to_pin]: Pins of type Unspecified and Power input are connected
    ; warning
    @(93.98 mm, 132.08 mm): Symbol D16 Pin 8 [GND, Unspecified, Line]
    @(93.98 mm, 137.16 mm): Symbol #PWR0121 Pin 1 [Power input, Line]
[pin_to_pin]: Pins of type Unspecified and Unspecified are connected
    ; warning
    @(99.06 mm, 132.08 mm): Symbol D16 Pin 9 [NC, Unspecified, Line]
    @(60.96 mm, 54.61 mm): Symbol USBC1 Pin A7 [DN1, Unspecified, Line]
[pin_to_pin]: Pins of type Unspecified and Unspecified are connected
    ; warning
    @(104.14 mm, 132.08 mm): Symbol D16 Pin 10 [NC, Unspecified, Line]
    @(60.96 mm, 57.15 mm): Symbol USBC1 Pin A6 [DP1, Unspecified, Line]
[pin_to_pin]: Pins of type Unspecified and Unspecified are connected
    ; warning
    @(187.96 mm, 35.56 mm): Symbol D34 Pin 1 [K, Unspecified, Line]
    @(281.94 mm, 85.09 mm): Symbol U65 Pin 16 [VBUS, Unspecified, Line]
[pin_to_pin]: Pins of type Unspecified and Power input are connected
    ; warning
    @(187.96 mm, 45.72 mm): Symbol D34 Pin 2 [A, Unspecified, Line]
    @(153.67 mm, 49.53 mm): Symbol #PWR0122 Pin 1 [Power input, Line]
[pin_to_pin]: Pins of type Unspecified and Unspecified are connected
    ; warning
    @(205.74 mm, 69.85 mm): Symbol R136 Pin 1 [1, Unspecified, Line]
    @(281.94 mm, 59.69 mm): Symbol U65 Pin 5 [VDD, Unspecified, Line]
[pin_to_pin]: Pins of type Unspecified and Unspecified are connected
    ; warning
    @(215.90 mm, 69.85 mm): Symbol R136 Pin 2 [2, Unspecified, Line]
    @(231.14 mm, 69.85 mm): Symbol U65 Pin 7 [EN_HVDCP/OUT1, Unspecified, Line]
[pin_to_pin]: Pins of type Unspecified and Unspecified are connected
    ; warning
    @(231.14 mm, 59.69 mm): Symbol U65 Pin 3 [CC1, Unspecified, Line]
    @(60.96 mm, 59.69 mm): Symbol USBC1 Pin A5 [CC1, Unspecified, Line]
[pin_to_pin]: Pins of type Unspecified and Unspecified are connected
    ; warning
    @(231.14 mm, 62.23 mm): Symbol U65 Pin 4 [CC2, Unspecified, Line]
    @(38.10 mm, 52.07 mm): Symbol USBC1 Pin B5 [CC2, Unspecified, Line]
[pin_to_pin]: Pins of type Unspecified and Passive are connected
    ; warning
    @(204.47 mm, 128.27 mm): Symbol R135 Pin 2 [2, Unspecified, Line]
    @(204.47 mm, 121.92 mm): Symbol U64 Pin 1 [A, Passive, Line]
[pin_to_pin]: Pins of type Unspecified and Input are connected
    ; warning
    @(231.14 mm, 72.39 mm): Symbol U65 Pin 12 [EN_N, Unspecified, Line]
    @(93.98 mm, 83.82 mm): Symbol R219 Pin 1 [1, Input, Line]
[pin_to_pin]: Pins of type Unspecified and Input are connected
    ; warning
    @(231.14 mm, 80.01 mm): Symbol U65 Pin 13 [FAULT/OUT2, Unspecified, Line]
    @(149.86 mm, 116.84 mm): Symbol R240 Pin 1 [1, Input, Line]
[pin_to_pin]: Pins of type Unspecified and Power input are connected
    ; warning
    @(204.47 mm, 138.43 mm): Symbol R135 Pin 1 [1, Unspecified, Line]
    @(199.39 mm, 146.05 mm): Symbol #PWR0123 Pin 1 [Power input, Line]
[pin_to_pin]: Pins of type Unspecified and Passive are connected
    ; warning
    @(231.14 mm, 90.17 mm): Symbol U65 Pin 10 [SCL/SNK_ISET, Unspecified, Line]
    @(193.04 mm, 111.76 mm): Symbol U63 Pin 2 [B, Passive, Line]
[pin_to_pin]: Pins of type Unspecified and Unspecified are connected
    ; warning
    @(215.90 mm, 123.19 mm): Symbol R137 Pin 1 [1, Unspecified, Line]
    @(231.14 mm, 72.39 mm): Symbol U65 Pin 12 [EN_N, Unspecified, Line]
[pin_to_pin]: Pins of type Unspecified and Passive are connected
    ; warning
    @(231.14 mm, 92.71 mm): Symbol U65 Pin 9 [SDA/SNK_VSET, Unspecified, Line]
    @(204.47 mm, 111.76 mm): Symbol U64 Pin 2 [B, Passive, Line]
[pin_to_pin]: Pins of type Unspecified and Unspecified are connected
    ; warning
    @(231.14 mm, 100.33 mm): Symbol U65 Pin 1 [D+, Unspecified, Line]
    @(60.96 mm, 57.15 mm): Symbol USBC1 Pin A6 [DP1, Unspecified, Line]
[pin_to_pin]: Pins of type Unspecified and Unspecified are connected
    ; warning
    @(231.14 mm, 102.87 mm): Symbol U65 Pin 2 [D-, Unspecified, Line]
    @(60.96 mm, 54.61 mm): Symbol USBC1 Pin A7 [DN1, Unspecified, Line]
[pin_to_pin]: Pins of type Unspecified and Unspecified are connected
    ; warning
    @(215.90 mm, 133.35 mm): Symbol R137 Pin 2 [2, Unspecified, Line]
    @(228.60 mm, 133.35 mm): Symbol R138 Pin 1 [1, Unspecified, Line]
[pin_to_pin]: Pins of type Unspecified and Unspecified are connected
    ; warning
    @(228.60 mm, 123.19 mm): Symbol R138 Pin 2 [2, Unspecified, Line]
    @(231.14 mm, 105.41 mm): Symbol U65 Pin 6 [DBG_N, Unspecified, Line]
[pin_to_pin]: Pins of type Unspecified and Power input are connected
    ; warning
    @(228.60 mm, 133.35 mm): Symbol R138 Pin 1 [1, Unspecified, Line]
    @(222.25 mm, 152.40 mm): Symbol #PWR0124 Pin 1 [Power input, Line]
[pin_to_pin]: Pins of type Unspecified and Input are connected
    ; warning
    @(281.94 mm, 77.47 mm): Symbol U65 Pin 8 [ADDR/ORIENT, Unspecified, Line]
    @(316.23 mm, 77.47 mm): Symbol R142 Pin 1 [1, Input, Line]
[pin_to_pin]: Pins of type Unspecified and Input are connected
    ; warning
    @(281.94 mm, 82.55 mm): Symbol U65 Pin 11 [INT_N, Unspecified, Line]
    @(149.86 mm, 109.22 mm): Symbol R237 Pin 1 [1, Input, Line]
[pin_to_pin]: Pins of type Unspecified and Unspecified are connected
    ; warning
    @(281.94 mm, 85.09 mm): Symbol U65 Pin 16 [VBUS, Unspecified, Line]
    @(60.96 mm, 62.23 mm): Symbol USBC1 Pin A4 [VBUS, Unspecified, Line]
[pin_to_pin]: Pins of type Unspecified and Unspecified are connected
    ; warning
    @(298.45 mm, 34.29 mm): Symbol R139 Pin 2 [2, Unspecified, Line]
    @(309.88 mm, 34.29 mm): Symbol R140 Pin 2 [2, Unspecified, Line]
[pin_to_pin]: Pins of type Unspecified and Power input are connected
    ; warning
    @(281.94 mm, 105.41 mm): Symbol U65 Pin 17 [GND, Unspecified, Line]
    @(283.21 mm, 107.95 mm): Symbol #PWR0125 Pin 1 [Power input, Line]
[pin_to_pin]: Pins of type Unspecified and Unspecified are connected
    ; warning
    @(298.45 mm, 44.45 mm): Symbol R139 Pin 1 [1, Unspecified, Line]
    @(281.94 mm, 59.69 mm): Symbol U65 Pin 5 [VDD, Unspecified, Line]
[pin_to_pin]: Pins of type Unspecified and Unspecified are connected
    ; warning
    @(298.45 mm, 52.07 mm): Symbol C77 Pin 2 [2, Unspecified, Line]
    @(298.45 mm, 44.45 mm): Symbol R139 Pin 1 [1, Unspecified, Line]
[pin_to_pin]: Pins of type Unspecified and Power input are connected
    ; warning
    @(298.45 mm, 62.23 mm): Symbol C77 Pin 1 [1, Unspecified, Line]
    @(298.45 mm, 64.77 mm): Symbol #PWR0126 Pin 1 [Power input, Line]
[pin_to_pin]: Pins of type Unspecified and Unspecified are connected
    ; warning
    @(309.88 mm, 34.29 mm): Symbol R140 Pin 2 [2, Unspecified, Line]
    @(281.94 mm, 85.09 mm): Symbol U65 Pin 16 [VBUS, Unspecified, Line]
[pin_to_pin]: Pins of type Unspecified and Unspecified are connected
    ; warning
    @(309.88 mm, 44.45 mm): Symbol R140 Pin 1 [1, Unspecified, Line]
    @(309.88 mm, 49.53 mm): Symbol R141 Pin 2 [2, Unspecified, Line]
[pin_to_pin]: Pins of type Unspecified and Unspecified are connected
    ; warning
    @(309.88 mm, 59.69 mm): Symbol R141 Pin 1 [1, Unspecified, Line]
    @(281.94 mm, 80.01 mm): Symbol U65 Pin 15 [GATE, Unspecified, Line]
[pin_to_pin]: Pins of type Unspecified and Unspecified are connected
    ; warning
    @(325.12 mm, 34.29 mm): Symbol D18 Pin 1 [K, Unspecified, Line]
    @(336.55 mm, 31.75 mm): Symbol Q9 Pin 3 [S, Unspecified, Line]
[pin_to_pin]: Pins of type Unspecified and Unspecified are connected
    ; warning
    @(325.12 mm, 44.45 mm): Symbol D18 Pin 2 [A, Unspecified, Line]
    @(309.88 mm, 44.45 mm): Symbol R140 Pin 1 [1, Unspecified, Line]
[pin_to_pin]: Pins of type Unspecified and Unspecified are connected
    ; warning
    @(336.55 mm, 31.75 mm): Symbol Q9 Pin 3 [S, Unspecified, Line]
    @(309.88 mm, 34.29 mm): Symbol R140 Pin 2 [2, Unspecified, Line]
[pin_to_pin]: Pins of type Unspecified and Unspecified are connected
    ; warning
    @(341.63 mm, 36.83 mm): Symbol Q9 Pin 1 [G, Unspecified, Line]
    @(309.88 mm, 44.45 mm): Symbol R140 Pin 1 [1, Unspecified, Line]
[pin_to_pin]: Pins of type Unspecified and Input are connected
    ; warning
    @(346.71 mm, 31.75 mm): Symbol Q9 Pin 2 [D, Unspecified, Line]
    @(175.26 mm, 100.33 mm): Symbol U58 Pin 4 [IN, Input, Line]
[pin_to_pin]: Pins of type Unspecified and Power input are connected
    ; warning
    @(369.57 mm, 69.85 mm): Symbol R143 Pin 2 [2, Unspecified, Line]
    @(369.57 mm, 67.31 mm): Symbol #PWR0127 Pin 1 [Power input, Line]
[pin_to_pin]: Pins of type Unspecified and Unspecified are connected
    ; warning
    @(369.57 mm, 80.01 mm): Symbol R143 Pin 1 [1, Unspecified, Line]
    @(281.94 mm, 82.55 mm): Symbol U65 Pin 11 [INT_N, Unspecified, Line]

***** Sheet /Battery System/ServoConnectors/
[pin_to_pin]: Pins of type Unspecified and Unspecified are connected
    ; warning
    @(113.03 mm, 78.74 mm): Symbol ESC-6V1 Pin 2 [2, Unspecified, Line]
    @(151.13 mm, 88.90 mm): Symbol H3 Pin 5 [5, Unspecified, Line]
[pin_to_pin]: Pins of type Unspecified and Unspecified are connected
    ; warning
    @(113.03 mm, 81.28 mm): Symbol ESC-6V1 Pin 1 [1, Unspecified, Line]
    @(151.13 mm, 81.28 mm): Symbol H3 Pin 2 [2, Unspecified, Line]
[multiple_net_names]: Both Steering and SERVO1 are attached to the same items; Steering will be used in the netlist
    ; warning
    @(129.54 mm, 91.44 mm): Label 'Steering'
    @(127.00 mm, 91.44 mm): Hierarchical Label 'SERVO1'
[multiple_net_names]: Both Throttle and THROTTLE_DATA_(SERVO_0) are attached to the same items; Throttle will be used in the netlist
    ; warning
    @(142.24 mm, 83.82 mm): Label 'Throttle'
    @(138.43 mm, 83.82 mm): Hierarchical Label 'THROTTLE_DATA_(SERVO_0)'
[multiple_net_names]: Both Gear and SERVO4 are attached to the same items; Gear will be used in the netlist
    ; warning
    @(134.62 mm, 109.22 mm): Label 'Gear'
    @(130.81 mm, 109.22 mm): Hierarchical Label 'SERVO4'
[pin_to_pin]: Pins of type Unspecified and Input are connected
    ; warning
    @(151.13 mm, 83.82 mm): Symbol H3 Pin 3 [3, Unspecified, Line]
    @(43.18 mm, 107.95 mm): Symbol R170 Pin 1 [1, Input, Line]
[multiple_net_names]: Both Extra1 and SERVO5 are attached to the same items; Extra1 will be used in the netlist
    ; warning
    @(130.81 mm, 116.84 mm): Label 'Extra1'
    @(128.27 mm, 116.84 mm): Hierarchical Label 'SERVO5'
[pin_to_pin]: Pins of type Unspecified and Unspecified are connected
    ; warning
    @(151.13 mm, 86.36 mm): Symbol H3 Pin 4 [4, Unspecified, Line]
    @(163.83 mm, 83.82 mm): Symbol H3 Pin 10 [10, Unspecified, Line]
[pin_to_pin]: Pins of type Unspecified and Unspecified are connected
    ; warning
    @(151.13 mm, 88.90 mm): Symbol H3 Pin 5 [5, Unspecified, Line]
    @(163.83 mm, 88.90 mm): Symbol H3 Pin 8 [8, Unspecified, Line]
[pin_to_pin]: Pins of type Unspecified and Input are connected
    ; warning
    @(151.13 mm, 91.44 mm): Symbol H3 Pin 6 [6, Unspecified, Line]
    @(53.34 mm, 110.49 mm): Symbol R171 Pin 1 [1, Input, Line]
[pin_to_pin]: Pins of type Unspecified and Input are connected
    ; warning
    @(163.83 mm, 78.74 mm): Symbol H3 Pin 12 [12, Unspecified, Line]
    @(73.66 mm, 115.57 mm): Symbol R177 Pin 1 [1, Input, Line]
[pin_to_pin]: Pins of type Unspecified and Unspecified are connected
    ; warning
    @(163.83 mm, 81.28 mm): Symbol H3 Pin 11 [11, Unspecified, Line]
    @(151.13 mm, 106.68 mm): Symbol H4 Pin 2 [2, Unspecified, Line]
[pin_to_pin]: Pins of type Unspecified and Unspecified are connected
    ; warning
    @(151.13 mm, 104.14 mm): Symbol H4 Pin 1 [1, Unspecified, Line]
    @(151.13 mm, 111.76 mm): Symbol H4 Pin 4 [4, Unspecified, Line]
[pin_to_pin]: Pins of type Unspecified and Unspecified are connected
    ; warning
    @(163.83 mm, 83.82 mm): Symbol H3 Pin 10 [10, Unspecified, Line]
    @(151.13 mm, 104.14 mm): Symbol H4 Pin 1 [1, Unspecified, Line]
[pin_to_pin]: Pins of type Unspecified and Unspecified are connected
    ; warning
    @(151.13 mm, 106.68 mm): Symbol H4 Pin 2 [2, Unspecified, Line]
    @(151.13 mm, 114.30 mm): Symbol H4 Pin 5 [5, Unspecified, Line]
[pin_to_pin]: Pins of type Unspecified and Input are connected
    ; warning
    @(163.83 mm, 86.36 mm): Symbol H3 Pin 9 [9, Unspecified, Line]
    @(63.50 mm, 113.03 mm): Symbol R176 Pin 1 [1, Input, Line]
[pin_to_pin]: Pins of type Unspecified and Unspecified are connected
    ; warning
    @(163.83 mm, 88.90 mm): Symbol H3 Pin 8 [8, Unspecified, Line]
    @(163.83 mm, 81.28 mm): Symbol H3 Pin 11 [11, Unspecified, Line]
[pin_to_pin]: Pins of type Unspecified and Input are connected
    ; warning
    @(151.13 mm, 109.22 mm): Symbol H4 Pin 3 [3, Unspecified, Line]
    @(83.82 mm, 118.11 mm): Symbol R178 Pin 1 [1, Input, Line]
[pin_to_pin]: Pins of type Unspecified and Unspecified are connected
    ; warning
    @(163.83 mm, 91.44 mm): Symbol H3 Pin 7 [7, Unspecified, Line]
    @(163.83 mm, 83.82 mm): Symbol H3 Pin 10 [10, Unspecified, Line]
[pin_to_pin]: Pins of type Unspecified and Unspecified are connected
    ; warning
    @(151.13 mm, 111.76 mm): Symbol H4 Pin 4 [4, Unspecified, Line]
    @(163.83 mm, 109.22 mm): Symbol H4 Pin 10 [10, Unspecified, Line]
[pin_to_pin]: Pins of type Unspecified and Unspecified are connected
    ; warning
    @(151.13 mm, 114.30 mm): Symbol H4 Pin 5 [5, Unspecified, Line]
    @(163.83 mm, 114.30 mm): Symbol H4 Pin 8 [8, Unspecified, Line]
[pin_to_pin]: Pins of type Unspecified and Input are connected
    ; warning
    @(151.13 mm, 116.84 mm): Symbol H4 Pin 6 [6, Unspecified, Line]
    @(93.98 mm, 120.65 mm): Symbol R179 Pin 1 [1, Input, Line]
[pin_to_pin]: Pins of type Unspecified and Input are connected
    ; warning
    @(163.83 mm, 104.14 mm): Symbol H4 Pin 12 [12, Unspecified, Line]
    @(180.34 mm, 83.82 mm): Symbol U77 Pin 1 [1, Input, Line]
[pin_to_pin]: Pins of type Unspecified and Unspecified are connected
    ; warning
    @(163.83 mm, 106.68 mm): Symbol H4 Pin 11 [11, Unspecified, Line]
    @(143.51 mm, 80.01 mm): Symbol U83 Pin 6 [6, Unspecified, Line]
[multiple_net_names]: Both RearDiff and SERVO3 are attached to the same items; RearDiff will be used in the netlist
    ; warning
    @(168.91 mm, 78.74 mm): Label 'RearDiff'
    @(180.34 mm, 78.74 mm): Hierarchical Label 'SERVO3'
[pin_to_pin]: Pins of type Unspecified and Power input are connected
    ; warning
    @(163.83 mm, 109.22 mm): Symbol H4 Pin 10 [10, Unspecified, Line]
    @(196.85 mm, 114.30 mm): Symbol #PWR0128 Pin 1 [Power input, Line]
[pin_to_pin]: Pins of type Unspecified and Input are connected
    ; warning
    @(163.83 mm, 111.76 mm): Symbol H4 Pin 9 [9, Unspecified, Line]
    @(104.14 mm, 123.19 mm): Symbol R180 Pin 1 [1, Input, Line]
[multiple_net_names]: Both FrontDiff and SERVO2 are attached to the same items; FrontDiff will be used in the netlist
    ; warning
    @(167.64 mm, 86.36 mm): Label 'FrontDiff'
    @(179.07 mm, 86.36 mm): Hierarchical Label 'SERVO2'
[pin_to_pin]: Pins of type Unspecified and Unspecified are connected
    ; warning
    @(163.83 mm, 114.30 mm): Symbol H4 Pin 8 [8, Unspecified, Line]
    @(524.51 mm, 308.61 mm): Symbol R16 Pin 2 [2, Unspecified, Line]
[pin_to_pin]: Pins of type Unspecified and Unspecified are connected
    ; warning
    @(163.83 mm, 116.84 mm): Symbol H4 Pin 7 [7, Unspecified, Line]
    @(163.83 mm, 109.22 mm): Symbol H4 Pin 10 [10, Unspecified, Line]
[multiple_net_names]: Both Extra2 and SERVO6 are attached to the same items; Extra2 will be used in the netlist
    ; warning
    @(170.18 mm, 111.76 mm): Label 'Extra2'
    @(184.15 mm, 111.76 mm): Hierarchical Label 'SERVO6'
[multiple_net_names]: Both SBUS Receiver and 3v3_DATA are attached to the same items; SBUS Receiver will be used in the netlist
    ; warning
    @(171.45 mm, 106.68 mm): Label 'SBUS Receiver'
    @(187.96 mm, 106.68 mm): Hierarchical Label '3v3_DATA'

***** Sheet /Battery System/mt9700-efuse/
[pin_not_driven]: Input pin not driven by any Output pins
    ; error
    @(114.30 mm, 97.79 mm): Symbol R167 Pin 2 [2, Input, Line]
[pin_not_driven]: Input pin not driven by any Output pins
    ; error
    @(180.34 mm, 83.82 mm): Symbol U77 Pin 1 [1, Input, Line]
[pin_to_pin]: Pins of type Unspecified and Unspecified are connected
    ; warning
    @(69.85 mm, 83.82 mm): Symbol C107 Pin 2 [2, Unspecified, Line]
    @(86.36 mm, 83.82 mm): Symbol C108 Pin 2 [2, Unspecified, Line]
[pin_to_pin]: Pins of type Unspecified and Power input are connected
    ; warning
    @(69.85 mm, 93.98 mm): Symbol C107 Pin 1 [1, Unspecified, Line]
    @(78.74 mm, 105.41 mm): Symbol #PWR0156 Pin 1 [Power input, Line]
[pin_to_pin]: Pins of type Unspecified and Unspecified are connected
    ; warning
    @(86.36 mm, 83.82 mm): Symbol C108 Pin 2 [2, Unspecified, Line]
    @(116.84 mm, 78.74 mm): Symbol R168 Pin 2 [2, Unspecified, Line]
[pin_to_pin]: Pins of type Unspecified and Power input are connected
    ; warning
    @(86.36 mm, 93.98 mm): Symbol C108 Pin 1 [1, Unspecified, Line]
    @(78.74 mm, 105.41 mm): Symbol #PWR0156 Pin 1 [Power input, Line]
[pin_to_pin]: Pins of type Unspecified and Unspecified are connected
    ; warning
    @(116.84 mm, 78.74 mm): Symbol R168 Pin 2 [2, Unspecified, Line]
    @(133.35 mm, 76.20 mm): Symbol U76 Pin 5 [VIN, Unspecified, Line]
[pin_to_pin]: Pins of type Unspecified and Input are connected
    ; warning
    @(116.84 mm, 88.90 mm): Symbol R168 Pin 1 [1, Unspecified, Line]
    @(114.30 mm, 97.79 mm): Symbol R167 Pin 2 [2, Input, Line]
[pin_to_pin]: Pins of type Unspecified and Unspecified are connected
    ; warning
    @(133.35 mm, 76.20 mm): Symbol U76 Pin 5 [VIN, Unspecified, Line]
    @(139.70 mm, 81.28 mm): Symbol U85 Pin 31 [VDD(I2C-bus), Unspecified, Line]
[pin_to_pin]: Pins of type Unspecified and Input are connected
    ; warning
    @(133.35 mm, 81.28 mm): Symbol U76 Pin 4 [EN, Unspecified, Line]
    @(114.30 mm, 97.79 mm): Symbol R167 Pin 2 [2, Input, Line]
[pin_to_pin]: Pins of type Unspecified and Input are connected
    ; warning
    @(153.67 mm, 76.20 mm): Symbol U76 Pin 1 [VOUT, Unspecified, Line]
    @(180.34 mm, 83.82 mm): Symbol U77 Pin 1 [1, Input, Line]
[pin_to_pin]: Pins of type Unspecified and Power input are connected
    ; warning
    @(153.67 mm, 78.74 mm): Symbol U76 Pin 2 [GND, Unspecified, Line]
    @(160.02 mm, 102.87 mm): Symbol #PWR0158 Pin 1 [Power input, Line]
[pin_to_pin]: Pins of type Unspecified and Input are connected
    ; warning
    @(153.67 mm, 81.28 mm): Symbol U76 Pin 3 [SET, Unspecified, Line]
    @(509.27 mm, 344.17 mm): Symbol R15 Pin 2 [2, Input, Line]
[pin_to_pin]: Pins of type Unspecified and Input are connected
    ; warning
    @(194.31 mm, 83.82 mm): Symbol C109 Pin 2 [2, Unspecified, Line]
    @(180.34 mm, 83.82 mm): Symbol U77 Pin 1 [1, Input, Line]
[pin_to_pin]: Pins of type Unspecified and Input are connected
    ; warning
    @(194.31 mm, 93.98 mm): Symbol C109 Pin 1 [1, Unspecified, Line]
    @(180.34 mm, 93.98 mm): Symbol U77 Pin 2 [2, Input, Line]

***** Sheet /Battery System/Status LEDs/
[pin_not_driven]: Input pin not driven by any Output pins
    ; error
    @(88.90 mm, 55.88 mm): Symbol R147 Pin 1 [1, Input, Line]
[pin_not_driven]: Input pin not driven by any Output pins
    ; error
    @(99.06 mm, 55.88 mm): Symbol R147 Pin 2 [2, Input, Line]
[pin_not_connected]: Pin not connected
    ; error
    @(137.16 mm, 157.48 mm): Symbol C85 Pin 2 [2, Input, Line]
[pin_not_driven]: Input pin not driven by any Output pins
    ; error
    @(137.16 mm, 157.48 mm): Symbol C85 Pin 2 [2, Input, Line]
[pin_to_pin]: Pins of type Unspecified and Unspecified are connected
    ; warning
    @(66.04 mm, 52.07 mm): Symbol U69 Pin 1 [OE#, Unspecified, Line]
    @(66.04 mm, 57.15 mm): Symbol U69 Pin 3 [GND, Unspecified, Line]
[pin_to_pin]: Pins of type Unspecified and Unspecified are connected
    ; warning
    @(66.04 mm, 54.61 mm): Symbol U69 Pin 2 [A, Unspecified, Line]
    @(143.51 mm, 74.93 mm): Symbol U83 Pin 2 [2, Unspecified, Line]
[pin_to_pin]: Pins of type Unspecified and Power input are connected
    ; warning
    @(66.04 mm, 57.15 mm): Symbol U69 Pin 3 [GND, Unspecified, Line]
    @(74.93 mm, 78.74 mm): Symbol #PWR0134 Pin 1 [Power input, Line]
[pin_to_pin]: Pins of type Unspecified and Power input are connected
    ; warning
    @(83.82 mm, 53.34 mm): Symbol U69 Pin 5 [VCC, Unspecified, Line]
    @(87.63 mm, 44.45 mm): Symbol #PWR0135 Pin 1 [Power input, Line]
[pin_to_pin]: Pins of type Unspecified and Input are connected
    ; warning
    @(83.82 mm, 55.88 mm): Symbol U69 Pin 4 [Y, Unspecified, Line]
    @(88.90 mm, 55.88 mm): Symbol R147 Pin 1 [1, Input, Line]
[pin_to_pin]: Pins of type Unspecified and Unspecified are connected
    ; warning
    @(87.63 mm, 59.69 mm): Symbol C83 Pin 2 [2, Unspecified, Line]
    @(83.82 mm, 53.34 mm): Symbol U69 Pin 5 [VCC, Unspecified, Line]
[pin_to_pin]: Pins of type Unspecified and Power input are connected
    ; warning
    @(87.63 mm, 69.85 mm): Symbol C83 Pin 1 [1, Unspecified, Line]
    @(74.93 mm, 78.74 mm): Symbol #PWR0134 Pin 1 [Power input, Line]
[pin_to_pin]: Pins of type Unspecified and Power input are connected
    ; warning
    @(110.49 mm, 53.34 mm): Symbol U70 Pin 5 [GND, Unspecified, Line]
    @(106.68 mm, 58.42 mm): Symbol #PWR0136 Pin 1 [Power input, Line]
[pin_to_pin]: Pins of type Unspecified and Input are connected
    ; warning
    @(110.49 mm, 55.88 mm): Symbol U70 Pin 4 [DIN1, Unspecified, Line]
    @(99.06 mm, 55.88 mm): Symbol R147 Pin 2 [2, Input, Line]
[pin_to_pin]: Pins of type Unspecified and Power input are connected
    ; warning
    @(60.96 mm, 124.46 mm): Symbol C81 Pin 2 [2, Unspecified, Line]
    @(67.31 mm, 118.11 mm): Symbol #PWR0132 Pin 1 [Power input, Line]
[pin_to_pin]: Pins of type Unspecified and Power input are connected
    ; warning
    @(130.81 mm, 53.34 mm): Symbol U70 Pin 2 [VDD, Unspecified, Line]
    @(134.62 mm, 38.10 mm): Symbol #PWR0139 Pin 1 [Power input, Line]
[pin_to_pin]: Pins of type Unspecified and Passive are connected
    ; warning
    @(130.81 mm, 55.88 mm): Symbol U70 Pin 3 [DO, Unspecified, Line]
    @(113.03 mm, 132.08 mm): Symbol JP3 Pin 1 [A, Passive, Line]
[pin_to_pin]: Pins of type Unspecified and Power input are connected
    ; warning
    @(60.96 mm, 134.62 mm): Symbol C81 Pin 1 [1, Unspecified, Line]
    @(67.31 mm, 139.70 mm): Symbol #PWR0133 Pin 1 [Power input, Line]
[pin_to_pin]: Pins of type Unspecified and Input are connected
    ; warning
    @(119.38 mm, 147.32 mm): Symbol C84 Pin 2 [2, Unspecified, Line]
    @(137.16 mm, 147.32 mm): Symbol C85 Pin 1 [1, Input, Line]
[pin_to_pin]: Pins of type Unspecified and Power input are connected
    ; warning
    @(119.38 mm, 157.48 mm): Symbol C84 Pin 1 [1, Unspecified, Line]
    @(128.27 mm, 170.18 mm): Symbol #PWR0138 Pin 1 [Power input, Line]
[pin_to_pin]: Pins of type Unspecified and Unspecified are connected
    ; warning
    @(180.34 mm, 125.73 mm): Symbol H5 Pin 1 [1, Unspecified, Line]
    @(191.77 mm, 134.62 mm): Symbol U71 Pin 3 [3, Unspecified, Line]
[pin_to_pin]: Pins of type Unspecified and Unspecified are connected
    ; warning
    @(182.88 mm, 125.73 mm): Symbol H5 Pin 2 [2, Unspecified, Line]
    @(191.77 mm, 132.08 mm): Symbol U71 Pin 2 [2, Unspecified, Line]
[pin_to_pin]: Pins of type Unspecified and Input are connected
    ; warning
    @(191.77 mm, 129.54 mm): Symbol U71 Pin 1 [1, Unspecified, Line]
    @(137.16 mm, 147.32 mm): Symbol C85 Pin 1 [1, Input, Line]
[pin_to_pin]: Pins of type Unspecified and Passive are connected
    ; warning
    @(191.77 mm, 132.08 mm): Symbol U71 Pin 2 [2, Unspecified, Line]
    @(123.19 mm, 132.08 mm): Symbol JP3 Pin 2 [B, Passive, Line]
[pin_to_pin]: Pins of type Unspecified and Power input are connected
    ; warning
    @(191.77 mm, 137.16 mm): Symbol U71 Pin 4 [4, Unspecified, Line]
    @(185.42 mm, 140.97 mm): Symbol #PWR0140 Pin 1 [Power input, Line]

***** Sheet /Battery System/ESC FET/
[pin_to_pin]: Pins of type Unspecified and Unspecified are connected
    ; warning
    @(58.42 mm, 101.60 mm): Symbol C87 Pin 2 [2, Unspecified, Line]
    @(71.12 mm, 101.60 mm): Symbol C88 Pin 2 [2, Unspecified, Line]
[pin_to_pin]: Pins of type Unspecified and Input are connected
    ; warning
    @(71.12 mm, 101.60 mm): Symbol C88 Pin 2 [2, Unspecified, Line]
    @(80.01 mm, 93.98 mm): Symbol R148 Pin 2 [2, Input, Line]
[pin_to_pin]: Pins of type Unspecified and Unspecified are connected
    ; warning
    @(58.42 mm, 111.76 mm): Symbol C87 Pin 1 [1, Unspecified, Line]
    @(71.12 mm, 111.76 mm): Symbol C88 Pin 1 [1, Unspecified, Line]
[pin_to_pin]: Pins of type Unspecified and Input are connected
    ; warning
    @(92.71 mm, 93.98 mm): Symbol ZD1 Pin 1 [K, Unspecified, Line]
    @(80.01 mm, 93.98 mm): Symbol R148 Pin 2 [2, Input, Line]
[pin_to_pin]: Pins of type Unspecified and Input are connected
    ; warning
    @(71.12 mm, 111.76 mm): Symbol C88 Pin 1 [1, Unspecified, Line]
    @(44.45 mm, 111.76 mm): Symbol C86 Pin 2 [2, Input, Line]
[pin_to_pin]: Pins of type Unspecified and Input are connected
    ; warning
    @(92.71 mm, 104.14 mm): Symbol ZD1 Pin 2 [A, Unspecified, Line]
    @(80.01 mm, 104.14 mm): Symbol R148 Pin 1 [1, Input, Line]
[pin_to_pin]: Pins of type Unspecified and Unspecified are connected
    ; warning
    @(111.76 mm, 91.44 mm): Symbol Q11 Pin 1 [S, Unspecified, Line]
    @(111.76 mm, 93.98 mm): Symbol Q11 Pin 2 [S, Unspecified, Line]
[pin_to_pin]: Pins of type Unspecified and Unspecified are connected
    ; warning
    @(111.76 mm, 93.98 mm): Symbol Q11 Pin 2 [S, Unspecified, Line]
    @(111.76 mm, 96.52 mm): Symbol Q11 Pin 3 [S, Unspecified, Line]
[pin_to_pin]: Pins of type Unspecified and Unspecified are connected
    ; warning
    @(111.76 mm, 96.52 mm): Symbol Q11 Pin 3 [S, Unspecified, Line]
    @(92.71 mm, 93.98 mm): Symbol ZD1 Pin 1 [K, Unspecified, Line]
[pin_to_pin]: Pins of type Unspecified and Unspecified are connected
    ; warning
    @(111.76 mm, 99.06 mm): Symbol Q11 Pin 4 [G, Unspecified, Line]
    @(92.71 mm, 104.14 mm): Symbol ZD1 Pin 2 [A, Unspecified, Line]
[pin_to_pin]: Pins of type Unspecified and Unspecified are connected
    ; warning
    @(127.00 mm, 91.44 mm): Symbol Q11 Pin 8 [D, Unspecified, Line]
    @(591.82 mm, 229.87 mm): Symbol R18 Pin 1 [1, Unspecified, Line]
[pin_to_pin]: Pins of type Unspecified and Unspecified are connected
    ; warning
    @(127.00 mm, 93.98 mm): Symbol Q11 Pin 7 [D, Unspecified, Line]
    @(127.00 mm, 91.44 mm): Symbol Q11 Pin 8 [D, Unspecified, Line]
[pin_to_pin]: Pins of type Unspecified and Unspecified are connected
    ; warning
    @(127.00 mm, 96.52 mm): Symbol Q11 Pin 6 [D, Unspecified, Line]
    @(127.00 mm, 93.98 mm): Symbol Q11 Pin 7 [D, Unspecified, Line]
[pin_to_pin]: Pins of type Unspecified and Unspecified are connected
    ; warning
    @(127.00 mm, 99.06 mm): Symbol Q11 Pin 5 [D, Unspecified, Line]
    @(127.00 mm, 96.52 mm): Symbol Q11 Pin 6 [D, Unspecified, Line]
[multiple_net_names]: Both IN- and OUT- are attached to the same items; IN- will be used in the netlist
    ; warning
    @(25.40 mm, 116.84 mm): Hierarchical Label 'IN-'
    @(132.08 mm, 116.84 mm): Hierarchical Label 'OUT-'
[pin_to_pin]: Pins of type Unspecified and Passive are connected
    ; warning
    @(111.76 mm, 142.24 mm): Symbol Q10 Pin 3 [D, Unspecified, Line]
    @(111.76 mm, 138.43 mm): Symbol R149 Pin 2 [Passive, Line]
[pin_to_pin]: Pins of type Unspecified and Unspecified are connected
    ; warning
    @(111.76 mm, 152.40 mm): Symbol Q10 Pin 2 [S, Unspecified, Line]
    @(121.92 mm, 162.56 mm): Symbol R150 Pin 2 [2, Unspecified, Line]
[pin_to_pin]: Pins of type Unspecified and Unspecified are connected
    ; warning
    @(119.38 mm, 147.32 mm): Symbol Q10 Pin 1 [G, Unspecified, Line]
    @(121.92 mm, 152.40 mm): Symbol R150 Pin 1 [1, Unspecified, Line]
[pin_to_pin]: Pins of type Unspecified and Input are connected
    ; warning
    @(121.92 mm, 152.40 mm): Symbol R150 Pin 1 [1, Unspecified, Line]
    @(93.98 mm, 101.60 mm): Symbol R226 Pin 1 [1, Input, Line]
[pin_to_pin]: Pins of type Unspecified and Power input are connected
    ; warning
    @(121.92 mm, 162.56 mm): Symbol R150 Pin 2 [2, Unspecified, Line]
    @(116.84 mm, 168.91 mm): Symbol #PWR0141 Pin 1 [Power input, Line]

***** Sheet /Battery System/INA226_SINGLE_CURR_SENSOR_ESC/
[pin_to_pin]: Pins of type Unspecified and Unspecified are connected
    ; warning
    @(121.92 mm, 76.20 mm): Symbol U81 Pin 1 [A1, Unspecified, Line]
    @(121.92 mm, 86.36 mm): Symbol U81 Pin 5 [SCL, Unspecified, Line]
[pin_to_pin]: Pins of type Unspecified and Unspecified are connected
    ; warning
    @(121.92 mm, 78.74 mm): Symbol U81 Pin 2 [A0, Unspecified, Line]
    @(121.92 mm, 83.82 mm): Symbol U81 Pin 4 [SDA, Unspecified, Line]
[pin_to_pin]: Pins of type Unspecified and Input are connected
    ; warning
    @(121.92 mm, 81.28 mm): Symbol U81 Pin 3 [Alert, Unspecified, Line]
    @(93.98 mm, 99.06 mm): Symbol R225 Pin 1 [1, Input, Line]
[pin_to_pin]: Pins of type Unspecified and Passive are connected
    ; warning
    @(121.92 mm, 83.82 mm): Symbol U81 Pin 4 [SDA, Unspecified, Line]
    @(167.64 mm, 83.82 mm): Symbol U88 Pin 1 [A, Passive, Line]
[pin_to_pin]: Pins of type Unspecified and Passive are connected
    ; warning
    @(121.92 mm, 86.36 mm): Symbol U81 Pin 5 [SCL, Unspecified, Line]
    @(167.64 mm, 86.36 mm): Symbol U89 Pin 1 [A, Passive, Line]
[pin_to_pin]: Pins of type Unspecified and Passive are connected
    ; warning
    @(147.32 mm, 76.20 mm): Symbol U81 Pin 10 [VIN+, Unspecified, Line]
    @(172.72 mm, 81.28 mm): Symbol NT29 Pin 2 [2, Passive, Line]
[pin_to_pin]: Pins of type Unspecified and Passive are connected
    ; warning
    @(147.32 mm, 78.74 mm): Symbol U81 Pin 9 [VIN-, Unspecified, Line]
    @(172.72 mm, 78.74 mm): Symbol NT28 Pin 2 [2, Passive, Line]
[pin_to_pin]: Pins of type Unspecified and Unspecified are connected
    ; warning
    @(147.32 mm, 81.28 mm): Symbol U81 Pin 8 [VBUS, Unspecified, Line]
    @(147.32 mm, 76.20 mm): Symbol U81 Pin 10 [VIN+, Unspecified, Line]
[pin_to_pin]: Pins of type Unspecified and Power input are connected
    ; warning
    @(147.32 mm, 83.82 mm): Symbol U81 Pin 7 [GND, Unspecified, Line]
    @(151.13 mm, 91.44 mm): Symbol #PWR0164 Pin 1 [Power input, Line]
[pin_to_pin]: Pins of type Unspecified and Power input are connected
    ; warning
    @(147.32 mm, 86.36 mm): Symbol U81 Pin 6 [VS+, Unspecified, Line]
    @(194.31 mm, 83.82 mm): Symbol #PWR0165 Pin 1 [Power input, Line]
[pin_to_pin]: Pins of type Unspecified and Power input are connected
    ; warning
    @(187.96 mm, 88.90 mm): Symbol C126 Pin 1 [1, Unspecified, Line]
    @(194.31 mm, 83.82 mm): Symbol #PWR0165 Pin 1 [Power input, Line]
[pin_to_pin]: Pins of type Unspecified and Power input are connected
    ; warning
    @(187.96 mm, 99.06 mm): Symbol C126 Pin 2 [2, Unspecified, Line]
    @(194.31 mm, 104.14 mm): Symbol #PWR0166 Pin 1 [Power input, Line]
[pin_to_pin]: Pins of type Unspecified and Power input are connected
    ; warning
    @(200.66 mm, 88.90 mm): Symbol C127 Pin 2 [2, Unspecified, Line]
    @(194.31 mm, 83.82 mm): Symbol #PWR0165 Pin 1 [Power input, Line]
[pin_to_pin]: Pins of type Unspecified and Power input are connected
    ; warning
    @(200.66 mm, 99.06 mm): Symbol C127 Pin 1 [1, Unspecified, Line]
    @(194.31 mm, 104.14 mm): Symbol #PWR0166 Pin 1 [Power input, Line]

***** Sheet /Battery System/3v3 rail/
[pin_not_driven]: Input pin not driven by any Output pins
    ; error
    @(78.74 mm, 87.63 mm): Symbol C92 Pin 2 [2, Input, Line]
[pin_not_driven]: Input pin not driven by any Output pins
    ; error
    @(170.18 mm, 73.66 mm): Symbol R152 Pin 1 [1, Input, Line]
[pin_not_driven]: Input pin not driven by any Output pins
    ; error
    @(193.04 mm, 62.23 mm): Symbol R153 Pin 2 [2, Input, Line]
[pin_not_driven]: Input pin not driven by any Output pins
    ; error
    @(193.04 mm, 72.39 mm): Symbol R153 Pin 1 [1, Input, Line]
[pin_to_pin]: Pins of type Unspecified and Input are connected
    ; warning
    @(63.50 mm, 86.36 mm): Symbol C91 Pin 2 [2, Unspecified, Line]
    @(78.74 mm, 87.63 mm): Symbol C92 Pin 2 [2, Input, Line]
[pin_to_pin]: Pins of type Unspecified and Power input are connected
    ; warning
    @(63.50 mm, 96.52 mm): Symbol C91 Pin 1 [1, Unspecified, Line]
    @(71.12 mm, 107.95 mm): Symbol #PWR0145 Pin 1 [Power input, Line]
[pin_to_pin]: Pins of type Unspecified and Input are connected
    ; warning
    @(139.70 mm, 76.20 mm): Symbol U73 Pin 1 [PGOOD, Unspecified, Line]
    @(93.98 mm, 86.36 mm): Symbol R220 Pin 1 [1, Input, Line]
[pin_to_pin]: Pins of type Unspecified and Unspecified are connected
    ; warning
    @(133.35 mm, 88.90 mm): Symbol R151 Pin 1 [1, Unspecified, Line]
    @(139.70 mm, 78.74 mm): Symbol U73 Pin 2 [EN, Unspecified, Line]
[pin_to_pin]: Pins of type Unspecified and Input are connected
    ; warning
    @(139.70 mm, 78.74 mm): Symbol U73 Pin 2 [EN, Unspecified, Line]
    @(93.98 mm, 93.98 mm): Symbol R223 Pin 1 [1, Input, Line]
[pin_to_pin]: Pins of type Unspecified and Input are connected
    ; warning
    @(139.70 mm, 81.28 mm): Symbol U73 Pin 3 [VIN, Unspecified, Line]
    @(78.74 mm, 87.63 mm): Symbol C92 Pin 2 [2, Input, Line]
[pin_to_pin]: Pins of type Unspecified and Input are connected
    ; warning
    @(139.70 mm, 83.82 mm): Symbol U73 Pin 4 [VOUT, Unspecified, Line]
    @(193.04 mm, 62.23 mm): Symbol R153 Pin 2 [2, Input, Line]
[pin_to_pin]: Pins of type Unspecified and Power input are connected
    ; warning
    @(133.35 mm, 99.06 mm): Symbol R151 Pin 2 [2, Unspecified, Line]
    @(133.35 mm, 102.87 mm): Symbol #PWR0146 Pin 1 [Power input, Line]
[pin_to_pin]: Pins of type Unspecified and Input are connected
    ; warning
    @(162.56 mm, 73.66 mm): Symbol U73 Pin 11 [RT, Unspecified, Line]
    @(170.18 mm, 73.66 mm): Symbol R152 Pin 1 [1, Input, Line]
[pin_to_pin]: Pins of type Unspecified and Input are connected
    ; warning
    @(162.56 mm, 76.20 mm): Symbol U73 Pin 10 [GND, Unspecified, Line]
    @(180.34 mm, 73.66 mm): Symbol R152 Pin 2 [2, Input, Line]
[pin_to_pin]: Pins of type Unspecified and Input are connected
    ; warning
    @(162.56 mm, 78.74 mm): Symbol U73 Pin 9 [FB, Unspecified, Line]
    @(193.04 mm, 72.39 mm): Symbol R153 Pin 1 [1, Input, Line]
[pin_to_pin]: Pins of type Unspecified and Unspecified are connected
    ; warning
    @(170.18 mm, 90.17 mm): Symbol C93 Pin 2 [2, Unspecified, Line]
    @(162.56 mm, 81.28 mm): Symbol U73 Pin 8 [VCC, Unspecified, Line]
[pin_to_pin]: Pins of type Unspecified and Input are connected
    ; warning
    @(170.18 mm, 100.33 mm): Symbol C93 Pin 1 [1, Unspecified, Line]
    @(193.04 mm, 96.52 mm): Symbol R154 Pin 1 [1, Input, Line]
[pin_to_pin]: Pins of type Unspecified and Unspecified are connected
    ; warning
    @(210.82 mm, 58.42 mm): Symbol C94 Pin 2 [2, Unspecified, Line]
    @(224.79 mm, 58.42 mm): Symbol C95 Pin 2 [2, Unspecified, Line]
[pin_to_pin]: Pins of type Unspecified and Unspecified are connected
    ; warning
    @(210.82 mm, 68.58 mm): Symbol C94 Pin 1 [1, Unspecified, Line]
    @(224.79 mm, 68.58 mm): Symbol C95 Pin 1 [1, Unspecified, Line]
[pin_to_pin]: Pins of type Unspecified and Input are connected
    ; warning
    @(224.79 mm, 58.42 mm): Symbol C95 Pin 2 [2, Unspecified, Line]
    @(193.04 mm, 62.23 mm): Symbol R153 Pin 2 [2, Input, Line]
[pin_to_pin]: Pins of type Unspecified and Power input are connected
    ; warning
    @(224.79 mm, 68.58 mm): Symbol C95 Pin 1 [1, Unspecified, Line]
    @(224.79 mm, 74.93 mm): Symbol #PWR0148 Pin 1 [Power input, Line]

***** Sheet /Battery System/5v rail/
[pin_not_driven]: Input pin not driven by any Output pins
    ; error
    @(157.48 mm, 77.47 mm): Symbol R157 Pin 1 [1, Input, Line]
[pin_not_driven]: Input pin not driven by any Output pins
    ; error
    @(180.34 mm, 76.20 mm): Symbol R158 Pin 1 [1, Input, Line]
[pin_not_driven]: Input pin not driven by any Output pins
    ; error
    @(198.12 mm, 63.50 mm): Symbol C100 Pin 2 [2, Input, Line]
[pin_to_pin]: Pins of type Unspecified and Input are connected
    ; warning
    @(49.53 mm, 88.90 mm): Symbol C96 Pin 2 [2, Unspecified, Line]
    @(64.77 mm, 90.17 mm): Symbol C97 Pin 2 [2, Input, Line]
[pin_to_pin]: Pins of type Unspecified and Input are connected
    ; warning
    @(49.53 mm, 99.06 mm): Symbol C96 Pin 1 [1, Unspecified, Line]
    @(64.77 mm, 97.79 mm): Symbol C97 Pin 1 [1, Input, Line]
[pin_to_pin]: Pins of type Unspecified and Unspecified are connected
    ; warning
    @(109.22 mm, 82.55 mm): Symbol R156 Pin 2 [2, Unspecified, Line]
    @(127.00 mm, 85.09 mm): Symbol U74 Pin 3 [VIN, Unspecified, Line]
[pin_to_pin]: Pins of type Unspecified and Unspecified are connected
    ; warning
    @(119.38 mm, 82.55 mm): Symbol R156 Pin 1 [1, Unspecified, Line]
    @(127.00 mm, 82.55 mm): Symbol U74 Pin 2 [EN, Unspecified, Line]
[pin_to_pin]: Pins of type Unspecified and Input are connected
    ; warning
    @(127.00 mm, 80.01 mm): Symbol U74 Pin 1 [PGOOD, Unspecified, Line]
    @(93.98 mm, 88.90 mm): Symbol R221 Pin 1 [1, Input, Line]
[pin_to_pin]: Pins of type Unspecified and Input are connected
    ; warning
    @(127.00 mm, 85.09 mm): Symbol U74 Pin 3 [VIN, Unspecified, Line]
    @(78.74 mm, 90.17 mm): Symbol C98 Pin 1 [1, Input, Line]
[pin_to_pin]: Pins of type Unspecified and Input are connected
    ; warning
    @(127.00 mm, 87.63 mm): Symbol U74 Pin 4 [VOUT, Unspecified, Line]
    @(180.34 mm, 66.04 mm): Symbol R158 Pin 2 [2, Input, Line]
[pin_to_pin]: Pins of type Unspecified and Unspecified are connected
    ; warning
    @(114.30 mm, 109.22 mm): Symbol Q12 Pin 1 [G, Unspecified, Line]
    @(111.76 mm, 114.30 mm): Symbol R155 Pin 1 [1, Unspecified, Line]
[pin_to_pin]: Pins of type Unspecified and Input are connected
    ; warning
    @(111.76 mm, 114.30 mm): Symbol R155 Pin 1 [1, Unspecified, Line]
    @(93.98 mm, 96.52 mm): Symbol R224 Pin 1 [1, Input, Line]
[pin_to_pin]: Pins of type Unspecified and Unspecified are connected
    ; warning
    @(121.92 mm, 104.14 mm): Symbol Q12 Pin 3 [D, Unspecified, Line]
    @(119.38 mm, 82.55 mm): Symbol R156 Pin 1 [1, Unspecified, Line]
[pin_to_pin]: Pins of type Unspecified and Unspecified are connected
    ; warning
    @(121.92 mm, 114.30 mm): Symbol Q12 Pin 2 [S, Unspecified, Line]
    @(111.76 mm, 124.46 mm): Symbol R155 Pin 2 [2, Unspecified, Line]
[pin_to_pin]: Pins of type Unspecified and Power input are connected
    ; warning
    @(111.76 mm, 124.46 mm): Symbol R155 Pin 2 [2, Unspecified, Line]
    @(121.92 mm, 129.54 mm): Symbol #PWR0150 Pin 1 [Power input, Line]
[pin_to_pin]: Pins of type Unspecified and Input are connected
    ; warning
    @(149.86 mm, 77.47 mm): Symbol U74 Pin 11 [RT, Unspecified, Line]
    @(157.48 mm, 77.47 mm): Symbol R157 Pin 1 [1, Input, Line]
[pin_to_pin]: Pins of type Unspecified and Input are connected
    ; warning
    @(149.86 mm, 80.01 mm): Symbol U74 Pin 10 [GND, Unspecified, Line]
    @(167.64 mm, 77.47 mm): Symbol R157 Pin 2 [2, Input, Line]
[pin_to_pin]: Pins of type Unspecified and Input are connected
    ; warning
    @(149.86 mm, 82.55 mm): Symbol U74 Pin 9 [FB, Unspecified, Line]
    @(180.34 mm, 76.20 mm): Symbol R158 Pin 1 [1, Input, Line]
[pin_to_pin]: Pins of type Unspecified and Unspecified are connected
    ; warning
    @(157.48 mm, 93.98 mm): Symbol C99 Pin 2 [2, Unspecified, Line]
    @(149.86 mm, 85.09 mm): Symbol U74 Pin 8 [VCC, Unspecified, Line]
[pin_to_pin]: Pins of type Unspecified and Input are connected
    ; warning
    @(157.48 mm, 104.14 mm): Symbol C99 Pin 1 [1, Unspecified, Line]
    @(180.34 mm, 100.33 mm): Symbol R159 Pin 1 [1, Input, Line]

***** Sheet /Battery System/CUR2/
[pin_not_driven]: Input pin not driven by any Output pins
    ; error
    @(110.49 mm, 97.79 mm): Symbol R160 Pin 2 [2, Input, Line]
[pin_not_driven]: Input pin not driven by any Output pins
    ; error
    @(110.49 mm, 111.76 mm): Symbol R161 Pin 2 [2, Input, Line]
[pin_not_driven]: Input pin not driven by any Output pins
    ; error
    @(154.94 mm, 73.66 mm): Symbol R163 Pin 2 [2, Input, Line]
[pin_not_connected]: Pin not connected
    ; error
    @(154.94 mm, 93.98 mm): Symbol CUR_2 Pin 15 [IN+2, Unspecified, Line]
[pin_not_connected]: Pin not connected
    ; error
    @(157.48 mm, 93.98 mm): Symbol CUR_2 Pin 14 [IN-2, Unspecified, Line]
[pin_not_driven]: Input pin not driven by any Output pins
    ; error
    @(168.91 mm, 73.66 mm): Symbol R164 Pin 2 [2, Input, Line]
[pin_not_driven]: Input pin not driven by any Output pins
    ; error
    @(147.32 mm, 138.43 mm): Symbol R162 Pin 1 [1, Input, Line]
[pin_not_driven]: Input pin not driven by any Output pins
    ; error
    @(226.06 mm, 97.79 mm): Symbol R165 Pin 2 [2, Input, Line]
[pin_not_driven]: Input pin not driven by any Output pins
    ; error
    @(226.06 mm, 111.76 mm): Symbol R166 Pin 2 [2, Input, Line]
[pin_to_pin]: Pins of type Unspecified and Unspecified are connected
    ; warning
    @(46.99 mm, 121.92 mm): Symbol C102 Pin 2 [2, Unspecified, Line]
    @(63.50 mm, 121.92 mm): Symbol C103 Pin 2 [2, Unspecified, Line]
[pin_to_pin]: Pins of type Unspecified and Power input are connected
    ; warning
    @(63.50 mm, 121.92 mm): Symbol C103 Pin 2 [2, Unspecified, Line]
    @(46.99 mm, 95.25 mm): Symbol #PWR0153 Pin 1 [Power input, Line]
[pin_to_pin]: Pins of type Unspecified and Unspecified are connected
    ; warning
    @(46.99 mm, 132.08 mm): Symbol C102 Pin 1 [1, Unspecified, Line]
    @(63.50 mm, 132.08 mm): Symbol C103 Pin 1 [1, Unspecified, Line]
[pin_to_pin]: Pins of type Unspecified and Power input are connected
    ; warning
    @(63.50 mm, 132.08 mm): Symbol C103 Pin 1 [1, Unspecified, Line]
    @(63.50 mm, 142.24 mm): Symbol #PWR0154 Pin 1 [Power input, Line]
[pin_to_pin]: Pins of type Unspecified and Input are connected
    ; warning
    @(114.30 mm, 100.33 mm): Symbol C104 Pin 2 [2, Unspecified, Line]
    @(110.49 mm, 97.79 mm): Symbol R160 Pin 2 [2, Input, Line]
[pin_to_pin]: Pins of type Unspecified and Input are connected
    ; warning
    @(114.30 mm, 110.49 mm): Symbol C104 Pin 1 [1, Unspecified, Line]
    @(110.49 mm, 111.76 mm): Symbol R161 Pin 2 [2, Input, Line]
[pin_to_pin]: Pins of type Unspecified and Input are connected
    ; warning
    @(133.35 mm, 109.22 mm): Symbol CUR_2 Pin 1 [IN-3, Unspecified, Line]
    @(110.49 mm, 97.79 mm): Symbol R160 Pin 2 [2, Input, Line]
[pin_to_pin]: Pins of type Unspecified and Input are connected
    ; warning
    @(133.35 mm, 111.76 mm): Symbol CUR_2 Pin 2 [IN+3, Unspecified, Line]
    @(110.49 mm, 111.76 mm): Symbol R161 Pin 2 [2, Input, Line]
[pin_to_pin]: Pins of type Unspecified and Input are connected
    ; warning
    @(156.21 mm, 80.01 mm): Symbol C105 Pin 1 [1, Unspecified, Line]
    @(154.94 mm, 73.66 mm): Symbol R163 Pin 2 [2, Input, Line]
[pin_to_pin]: Pins of type Unspecified and Power input are connected
    ; warning
    @(133.35 mm, 114.30 mm): Symbol CUR_2 Pin 3 [GND, Unspecified, Line]
    @(63.50 mm, 142.24 mm): Symbol #PWR0154 Pin 1 [Power input, Line]
[pin_to_pin]: Pins of type Unspecified and Input are connected
    ; warning
    @(133.35 mm, 116.84 mm): Symbol CUR_2 Pin 4 [VS, Unspecified, Line]
    @(137.16 mm, 138.43 mm): Symbol R162 Pin 2 [2, Input, Line]
[pin_to_pin]: Pins of type Unspecified and Input are connected
    ; warning
    @(152.40 mm, 93.98 mm): Symbol CUR_2 Pin 16 [VPU, Unspecified, Line]
    @(137.16 mm, 138.43 mm): Symbol R162 Pin 2 [2, Input, Line]
[pin_to_pin]: Pins of type Unspecified and Input are connected
    ; warning
    @(166.37 mm, 80.01 mm): Symbol C105 Pin 2 [2, Unspecified, Line]
    @(168.91 mm, 73.66 mm): Symbol R164 Pin 2 [2, Input, Line]
[pin_to_pin]: Pins of type Unspecified and Input are connected
    ; warning
    @(160.02 mm, 93.98 mm): Symbol CUR_2 Pin 13 [TC, Unspecified, Line]
    @(189.23 mm, 73.66 mm): Symbol RN2 Pin 4 [4, Input, Line]
[pin_to_pin]: Pins of type Unspecified and Input are connected
    ; warning
    @(152.40 mm, 132.08 mm): Symbol CUR_2 Pin 5 [A0, Unspecified, Line]
    @(147.32 mm, 138.43 mm): Symbol R162 Pin 1 [1, Input, Line]
[pin_to_pin]: Pins of type Unspecified and Unspecified are connected
    ; warning
    @(154.94 mm, 132.08 mm): Symbol CUR_2 Pin 6 [SCL, Unspecified, Line]
    @(157.48 mm, 132.08 mm): Symbol CUR_2 Pin 7 [SDA, Unspecified, Line]
[pin_to_pin]: Pins of type Unspecified and Passive are connected
    ; warning
    @(157.48 mm, 132.08 mm): Symbol CUR_2 Pin 7 [SDA, Unspecified, Line]
    @(167.64 mm, 83.82 mm): Symbol U88 Pin 1 [A, Passive, Line]
[pin_to_pin]: Pins of type Unspecified and Input are connected
    ; warning
    @(160.02 mm, 132.08 mm): Symbol CUR_2 Pin 8 [WARNING, Unspecified, Line]
    @(186.69 mm, 73.66 mm): Symbol RN2 Pin 3 [3, Input, Line]
[pin_to_pin]: Pins of type Unspecified and Input are connected
    ; warning
    @(179.07 mm, 109.22 mm): Symbol CUR_2 Pin 12 [IN+1, Unspecified, Line]
    @(226.06 mm, 97.79 mm): Symbol R165 Pin 2 [2, Input, Line]
[pin_to_pin]: Pins of type Unspecified and Input are connected
    ; warning
    @(179.07 mm, 111.76 mm): Symbol CUR_2 Pin 11 [IN-1, Unspecified, Line]
    @(226.06 mm, 111.76 mm): Symbol R166 Pin 2 [2, Input, Line]
[pin_to_pin]: Pins of type Unspecified and Input are connected
    ; warning
    @(179.07 mm, 114.30 mm): Symbol CUR_2 Pin 10 [PV, Unspecified, Line]
    @(181.61 mm, 73.66 mm): Symbol RN2 Pin 1 [1, Input, Line]
[pin_to_pin]: Pins of type Unspecified and Input are connected
    ; warning
    @(179.07 mm, 116.84 mm): Symbol CUR_2 Pin 9 [CRITICAL, Unspecified, Line]
    @(184.15 mm, 73.66 mm): Symbol RN2 Pin 2 [2, Input, Line]
[pin_to_pin]: Pins of type Unspecified and Input are connected
    ; warning
    @(224.79 mm, 100.33 mm): Symbol C106 Pin 2 [2, Unspecified, Line]
    @(226.06 mm, 97.79 mm): Symbol R165 Pin 2 [2, Input, Line]
[pin_to_pin]: Pins of type Unspecified and Input are connected
    ; warning
    @(224.79 mm, 110.49 mm): Symbol C106 Pin 1 [1, Unspecified, Line]
    @(226.06 mm, 111.76 mm): Symbol R166 Pin 2 [2, Input, Line]

***** Sheet /Battery System/mt9700-efuse1/
[pin_not_driven]: Input pin not driven by any Output pins
    ; error
    @(104.14 mm, 97.79 mm): Symbol R167 Pin 1 [1, Input, Line]
[pin_not_driven]: Input pin not driven by any Output pins
    ; error
    @(114.30 mm, 97.79 mm): Symbol R167 Pin 2 [2, Input, Line]
[pin_to_pin]: Pins of type Unspecified and Unspecified are connected
    ; warning
    @(69.85 mm, 83.82 mm): Symbol C107 Pin 2 [2, Unspecified, Line]
    @(86.36 mm, 83.82 mm): Symbol C108 Pin 2 [2, Unspecified, Line]
[pin_to_pin]: Pins of type Unspecified and Power input are connected
    ; warning
    @(69.85 mm, 93.98 mm): Symbol C107 Pin 1 [1, Unspecified, Line]
    @(78.74 mm, 105.41 mm): Symbol #PWR0156 Pin 1 [Power input, Line]
[pin_to_pin]: Pins of type Unspecified and Unspecified are connected
    ; warning
    @(86.36 mm, 83.82 mm): Symbol C108 Pin 2 [2, Unspecified, Line]
    @(116.84 mm, 78.74 mm): Symbol R168 Pin 2 [2, Unspecified, Line]
[pin_to_pin]: Pins of type Unspecified and Power input are connected
    ; warning
    @(86.36 mm, 93.98 mm): Symbol C108 Pin 1 [1, Unspecified, Line]
    @(78.74 mm, 105.41 mm): Symbol #PWR0156 Pin 1 [Power input, Line]
[pin_to_pin]: Pins of type Unspecified and Unspecified are connected
    ; warning
    @(116.84 mm, 78.74 mm): Symbol R168 Pin 2 [2, Unspecified, Line]
    @(133.35 mm, 76.20 mm): Symbol U76 Pin 5 [VIN, Unspecified, Line]
[pin_to_pin]: Pins of type Unspecified and Input are connected
    ; warning
    @(116.84 mm, 88.90 mm): Symbol R168 Pin 1 [1, Unspecified, Line]
    @(114.30 mm, 97.79 mm): Symbol R167 Pin 2 [2, Input, Line]
[pin_to_pin]: Pins of type Unspecified and Input are connected
    ; warning
    @(133.35 mm, 76.20 mm): Symbol U76 Pin 5 [VIN, Unspecified, Line]
    @(180.34 mm, 66.04 mm): Symbol R158 Pin 2 [2, Input, Line]
[pin_to_pin]: Pins of type Unspecified and Input are connected
    ; warning
    @(133.35 mm, 81.28 mm): Symbol U76 Pin 4 [EN, Unspecified, Line]
    @(114.30 mm, 97.79 mm): Symbol R167 Pin 2 [2, Input, Line]
[pin_to_pin]: Pins of type Unspecified and Input are connected
    ; warning
    @(153.67 mm, 76.20 mm): Symbol U76 Pin 1 [VOUT, Unspecified, Line]
    @(180.34 mm, 83.82 mm): Symbol U77 Pin 1 [1, Input, Line]
[pin_to_pin]: Pins of type Unspecified and Power input are connected
    ; warning
    @(153.67 mm, 78.74 mm): Symbol U76 Pin 2 [GND, Unspecified, Line]
    @(160.02 mm, 102.87 mm): Symbol #PWR0158 Pin 1 [Power input, Line]
[pin_to_pin]: Pins of type Unspecified and Input are connected
    ; warning
    @(153.67 mm, 81.28 mm): Symbol U76 Pin 3 [SET, Unspecified, Line]
    @(377.19 mm, 113.03 mm): Symbol R12 Pin 2 [2, Input, Line]
[pin_to_pin]: Pins of type Unspecified and Input are connected
    ; warning
    @(194.31 mm, 83.82 mm): Symbol C109 Pin 2 [2, Unspecified, Line]
    @(180.34 mm, 83.82 mm): Symbol U77 Pin 1 [1, Input, Line]
[pin_to_pin]: Pins of type Unspecified and Input are connected
    ; warning
    @(194.31 mm, 93.98 mm): Symbol C109 Pin 1 [1, Unspecified, Line]
    @(180.34 mm, 93.98 mm): Symbol U77 Pin 2 [2, Input, Line]

***** Sheet /Battery System/PWM Driver/
[pin_not_driven]: Input pin not driven by any Output pins
    ; error
    @(43.18 mm, 107.95 mm): Symbol R170 Pin 1 [1, Input, Line]
[pin_not_driven]: Input pin not driven by any Output pins
    ; error
    @(53.34 mm, 107.95 mm): Symbol R170 Pin 2 [2, Input, Line]
[pin_not_driven]: Input pin not driven by any Output pins
    ; error
    @(53.34 mm, 110.49 mm): Symbol R171 Pin 1 [1, Input, Line]
[pin_not_driven]: Input pin not driven by any Output pins
    ; error
    @(63.50 mm, 110.49 mm): Symbol R171 Pin 2 [2, Input, Line]
[pin_not_driven]: Input pin not driven by any Output pins
    ; error
    @(63.50 mm, 113.03 mm): Symbol R176 Pin 1 [1, Input, Line]
[pin_not_driven]: Input pin not driven by any Output pins
    ; error
    @(73.66 mm, 113.03 mm): Symbol R176 Pin 2 [2, Input, Line]
[pin_not_driven]: Input pin not driven by any Output pins
    ; error
    @(73.66 mm, 115.57 mm): Symbol R177 Pin 1 [1, Input, Line]
[pin_not_driven]: Input pin not driven by any Output pins
    ; error
    @(83.82 mm, 115.57 mm): Symbol R177 Pin 2 [2, Input, Line]
[pin_not_driven]: Input pin not driven by any Output pins
    ; error
    @(83.82 mm, 118.11 mm): Symbol R178 Pin 1 [1, Input, Line]
[pin_not_driven]: Input pin not driven by any Output pins
    ; error
    @(135.89 mm, 64.77 mm): Symbol R181 Pin 2 [2, Input, Line]
[pin_not_driven]: Input pin not driven by any Output pins
    ; error
    @(93.98 mm, 118.11 mm): Symbol R178 Pin 2 [2, Input, Line]
[pin_not_driven]: Input pin not driven by any Output pins
    ; error
    @(93.98 mm, 120.65 mm): Symbol R179 Pin 1 [1, Input, Line]
[pin_not_driven]: Input pin not driven by any Output pins
    ; error
    @(135.89 mm, 72.39 mm): Symbol R182 Pin 2 [2, Input, Line]
[pin_not_driven]: Input pin not driven by any Output pins
    ; error
    @(135.89 mm, 80.01 mm): Symbol R183 Pin 2 [2, Input, Line]
[pin_not_driven]: Input pin not driven by any Output pins
    ; error
    @(104.14 mm, 120.65 mm): Symbol R179 Pin 2 [2, Input, Line]
[pin_not_driven]: Input pin not driven by any Output pins
    ; error
    @(104.14 mm, 123.19 mm): Symbol R180 Pin 1 [1, Input, Line]
[pin_not_driven]: Input pin not driven by any Output pins
    ; error
    @(135.89 mm, 87.63 mm): Symbol R184 Pin 2 [2, Input, Line]
[pin_not_driven]: Input pin not driven by any Output pins
    ; error
    @(114.30 mm, 123.19 mm): Symbol R180 Pin 2 [2, Input, Line]
[pin_not_driven]: Input pin not driven by any Output pins
    ; error
    @(161.29 mm, 64.77 mm): Symbol R186 Pin 1 [1, Input, Line]
[pin_not_connected]: Pin not connected
    ; error
    @(158.75 mm, 125.73 mm): Symbol U78 Pin 13 [LED7, Input, Line]
[pin_not_driven]: Input pin not driven by any Output pins
    ; error
    @(158.75 mm, 125.73 mm): Symbol U78 Pin 13 [LED7, Input, Line]
[pin_not_connected]: Pin not connected
    ; error
    @(184.15 mm, 110.49 mm): Symbol U78 Pin 22 [LED15, Input, Line]
[pin_not_driven]: Input pin not driven by any Output pins
    ; error
    @(184.15 mm, 110.49 mm): Symbol U78 Pin 22 [LED15, Input, Line]
[pin_not_connected]: Pin not connected
    ; error
    @(184.15 mm, 113.03 mm): Symbol U78 Pin 21 [LED14, Input, Line]
[pin_not_driven]: Input pin not driven by any Output pins
    ; error
    @(184.15 mm, 113.03 mm): Symbol U78 Pin 21 [LED14, Input, Line]
[pin_not_connected]: Pin not connected
    ; error
    @(184.15 mm, 115.57 mm): Symbol U78 Pin 20 [LED13, Input, Line]
[pin_not_driven]: Input pin not driven by any Output pins
    ; error
    @(184.15 mm, 115.57 mm): Symbol U78 Pin 20 [LED13, Input, Line]
[pin_not_connected]: Pin not connected
    ; error
    @(184.15 mm, 118.11 mm): Symbol U78 Pin 19 [LED12, Input, Line]
[pin_not_driven]: Input pin not driven by any Output pins
    ; error
    @(184.15 mm, 118.11 mm): Symbol U78 Pin 19 [LED12, Input, Line]
[pin_not_driven]: Input pin not driven by any Output pins
    ; error
    @(191.77 mm, 107.95 mm): Symbol R188 Pin 1 [1, Input, Line]
[pin_not_connected]: Pin not connected
    ; error
    @(184.15 mm, 120.65 mm): Symbol U78 Pin 18 [LED11, Input, Line]
[pin_not_driven]: Input pin not driven by any Output pins
    ; error
    @(184.15 mm, 120.65 mm): Symbol U78 Pin 18 [LED11, Input, Line]
[pin_not_connected]: Pin not connected
    ; error
    @(184.15 mm, 123.19 mm): Symbol U78 Pin 17 [LED10, Input, Line]
[pin_not_driven]: Input pin not driven by any Output pins
    ; error
    @(184.15 mm, 123.19 mm): Symbol U78 Pin 17 [LED10, Input, Line]
[pin_not_connected]: Pin not connected
    ; error
    @(184.15 mm, 125.73 mm): Symbol U78 Pin 16 [LED9, Input, Line]
[pin_not_driven]: Input pin not driven by any Output pins
    ; error
    @(184.15 mm, 125.73 mm): Symbol U78 Pin 16 [LED9, Input, Line]
[pin_not_connected]: Pin not connected
    ; error
    @(184.15 mm, 128.27 mm): Symbol U78 Pin 15 [LED8, Input, Line]
[pin_not_driven]: Input pin not driven by any Output pins
    ; error
    @(184.15 mm, 128.27 mm): Symbol U78 Pin 15 [LED8, Input, Line]
[pin_to_pin]: Pins of type Unspecified and Power input are connected
    ; warning
    @(236.22 mm, 69.85 mm): Symbol C117 Pin 2 [2, Unspecified, Line]
    @(243.84 mm, 60.96 mm): Symbol #PWR0161 Pin 1 [Power input, Line]
[pin_to_pin]: Pins of type Unspecified and Power input are connected
    ; warning
    @(236.22 mm, 80.01 mm): Symbol C117 Pin 1 [1, Unspecified, Line]
    @(243.84 mm, 87.63 mm): Symbol #PWR0162 Pin 1 [Power input, Line]
[pin_to_pin]: Pins of type Unspecified and Power input are connected
    ; warning
    @(251.46 mm, 69.85 mm): Symbol C118 Pin 2 [2, Unspecified, Line]
    @(243.84 mm, 60.96 mm): Symbol #PWR0161 Pin 1 [Power input, Line]
[pin_to_pin]: Pins of type Unspecified and Power input are connected
    ; warning
    @(251.46 mm, 80.01 mm): Symbol C118 Pin 1 [1, Unspecified, Line]
    @(243.84 mm, 87.63 mm): Symbol #PWR0162 Pin 1 [Power input, Line]

***** Sheet /Battery System/INA226_SINGLE_CURR_SENSOR_SERVO/
[pin_to_pin]: Pins of type Unspecified and Unspecified are connected
    ; warning
    @(121.92 mm, 76.20 mm): Symbol U81 Pin 1 [A1, Unspecified, Line]
    @(121.92 mm, 78.74 mm): Symbol U81 Pin 2 [A0, Unspecified, Line]
[pin_to_pin]: Pins of type Unspecified and Unspecified are connected
    ; warning
    @(121.92 mm, 78.74 mm): Symbol U81 Pin 2 [A0, Unspecified, Line]
    @(121.92 mm, 86.36 mm): Symbol U81 Pin 5 [SCL, Unspecified, Line]
[pin_to_pin]: Pins of type Unspecified and Input are connected
    ; warning
    @(121.92 mm, 81.28 mm): Symbol U81 Pin 3 [Alert, Unspecified, Line]
    @(93.98 mm, 101.60 mm): Symbol R226 Pin 1 [1, Input, Line]
[pin_to_pin]: Pins of type Unspecified and Passive are connected
    ; warning
    @(121.92 mm, 83.82 mm): Symbol U81 Pin 4 [SDA, Unspecified, Line]
    @(167.64 mm, 83.82 mm): Symbol U88 Pin 1 [A, Passive, Line]
[pin_to_pin]: Pins of type Unspecified and Passive are connected
    ; warning
    @(121.92 mm, 86.36 mm): Symbol U81 Pin 5 [SCL, Unspecified, Line]
    @(167.64 mm, 86.36 mm): Symbol U89 Pin 1 [A, Passive, Line]
[pin_to_pin]: Pins of type Unspecified and Passive are connected
    ; warning
    @(147.32 mm, 76.20 mm): Symbol U81 Pin 10 [VIN+, Unspecified, Line]
    @(172.72 mm, 81.28 mm): Symbol NT29 Pin 2 [2, Passive, Line]
[pin_to_pin]: Pins of type Unspecified and Passive are connected
    ; warning
    @(147.32 mm, 78.74 mm): Symbol U81 Pin 9 [VIN-, Unspecified, Line]
    @(172.72 mm, 78.74 mm): Symbol NT28 Pin 2 [2, Passive, Line]
[pin_to_pin]: Pins of type Unspecified and Unspecified are connected
    ; warning
    @(147.32 mm, 81.28 mm): Symbol U81 Pin 8 [VBUS, Unspecified, Line]
    @(147.32 mm, 76.20 mm): Symbol U81 Pin 10 [VIN+, Unspecified, Line]
[pin_to_pin]: Pins of type Unspecified and Power input are connected
    ; warning
    @(147.32 mm, 83.82 mm): Symbol U81 Pin 7 [GND, Unspecified, Line]
    @(151.13 mm, 91.44 mm): Symbol #PWR0164 Pin 1 [Power input, Line]
[pin_to_pin]: Pins of type Unspecified and Power input are connected
    ; warning
    @(147.32 mm, 86.36 mm): Symbol U81 Pin 6 [VS+, Unspecified, Line]
    @(194.31 mm, 83.82 mm): Symbol #PWR0165 Pin 1 [Power input, Line]
[pin_to_pin]: Pins of type Unspecified and Power input are connected
    ; warning
    @(187.96 mm, 88.90 mm): Symbol C126 Pin 1 [1, Unspecified, Line]
    @(194.31 mm, 83.82 mm): Symbol #PWR0165 Pin 1 [Power input, Line]
[pin_to_pin]: Pins of type Unspecified and Power input are connected
    ; warning
    @(187.96 mm, 99.06 mm): Symbol C126 Pin 2 [2, Unspecified, Line]
    @(194.31 mm, 104.14 mm): Symbol #PWR0166 Pin 1 [Power input, Line]
[pin_to_pin]: Pins of type Unspecified and Power input are connected
    ; warning
    @(200.66 mm, 88.90 mm): Symbol C127 Pin 2 [2, Unspecified, Line]
    @(194.31 mm, 83.82 mm): Symbol #PWR0165 Pin 1 [Power input, Line]
[pin_to_pin]: Pins of type Unspecified and Power input are connected
    ; warning
    @(200.66 mm, 99.06 mm): Symbol C127 Pin 1 [1, Unspecified, Line]
    @(194.31 mm, 104.14 mm): Symbol #PWR0166 Pin 1 [Power input, Line]

***** Sheet /Battery System/IO-ExpanderPrimary/
[pin_not_driven]: Input pin not driven by any Output pins
    ; error
    @(104.14 mm, 78.74 mm): Symbol R217 Pin 2 [2, Input, Line]
[pin_not_driven]: Input pin not driven by any Output pins
    ; error
    @(104.14 mm, 81.28 mm): Symbol R218 Pin 2 [2, Input, Line]
[pin_not_driven]: Input pin not driven by any Output pins
    ; error
    @(104.14 mm, 83.82 mm): Symbol R219 Pin 2 [2, Input, Line]
[pin_not_driven]: Input pin not driven by any Output pins
    ; error
    @(104.14 mm, 86.36 mm): Symbol R220 Pin 2 [2, Input, Line]
[pin_not_driven]: Input pin not driven by any Output pins
    ; error
    @(104.14 mm, 88.90 mm): Symbol R221 Pin 2 [2, Input, Line]
[pin_not_driven]: Input pin not driven by any Output pins
    ; error
    @(104.14 mm, 91.44 mm): Symbol R222 Pin 2 [2, Input, Line]
[pin_not_driven]: Input pin not driven by any Output pins
    ; error
    @(104.14 mm, 93.98 mm): Symbol R223 Pin 2 [2, Input, Line]
[pin_not_driven]: Input pin not driven by any Output pins
    ; error
    @(104.14 mm, 96.52 mm): Symbol R224 Pin 2 [2, Input, Line]
[pin_not_driven]: Input pin not driven by any Output pins
    ; error
    @(104.14 mm, 101.60 mm): Symbol R226 Pin 2 [2, Input, Line]
[pin_not_driven]: Input pin not driven by any Output pins
    ; error
    @(104.14 mm, 104.14 mm): Symbol R227 Pin 2 [2, Input, Line]
[pin_not_driven]: Input pin not driven by any Output pins
    ; error
    @(104.14 mm, 106.68 mm): Symbol R228 Pin 2 [2, Input, Line]
[pin_not_driven]: Input pin not driven by any Output pins
    ; error
    @(104.14 mm, 109.22 mm): Symbol R229 Pin 2 [2, Input, Line]
[pin_not_driven]: Input pin not driven by any Output pins
    ; error
    @(104.14 mm, 111.76 mm): Symbol R230 Pin 2 [2, Input, Line]
[pin_not_driven]: Input pin not driven by any Output pins
    ; error
    @(104.14 mm, 114.30 mm): Symbol R231 Pin 2 [2, Input, Line]
[pin_not_driven]: Input pin not driven by any Output pins
    ; error
    @(104.14 mm, 116.84 mm): Symbol R232 Pin 2 [2, Input, Line]
[pin_not_driven]: Input pin not driven by any Output pins
    ; error
    @(139.70 mm, 99.06 mm): Symbol R233 Pin 1 [1, Input, Line]
[pin_not_driven]: Input pin not driven by any Output pins
    ; error
    @(139.70 mm, 101.60 mm): Symbol R234 Pin 1 [1, Input, Line]
[pin_not_driven]: Input pin not driven by any Output pins
    ; error
    @(139.70 mm, 104.14 mm): Symbol R235 Pin 1 [1, Input, Line]
[pin_not_driven]: Input pin not driven by any Output pins
    ; error
    @(139.70 mm, 106.68 mm): Symbol R236 Pin 2 [2, Input, Line]
[pin_not_driven]: Input pin not driven by any Output pins
    ; error
    @(139.70 mm, 109.22 mm): Symbol R237 Pin 2 [2, Input, Line]
[pin_not_driven]: Input pin not driven by any Output pins
    ; error
    @(162.56 mm, 73.66 mm): Symbol R241 Pin 1 [1, Input, Line]
[pin_not_driven]: Input pin not driven by any Output pins
    ; error
    @(139.70 mm, 111.76 mm): Symbol R238 Pin 2 [2, Input, Line]
[pin_not_driven]: Input pin not driven by any Output pins
    ; error
    @(139.70 mm, 114.30 mm): Symbol R239 Pin 2 [2, Input, Line]
[pin_not_driven]: Input pin not driven by any Output pins
    ; error
    @(139.70 mm, 116.84 mm): Symbol R240 Pin 2 [2, Input, Line]
[pin_not_driven]: Input pin not driven by any Output pins
    ; error
    @(189.23 mm, 73.66 mm): Symbol R242 Pin 1 [1, Input, Line]
[pin_to_pin]: Pins of type Unspecified and Input are connected
    ; warning
    @(104.14 mm, 78.74 mm): Symbol U85 Pin 1 [P0_0, Unspecified, Line]
    @(104.14 mm, 78.74 mm): Symbol R217 Pin 2 [2, Input, Line]
[pin_to_pin]: Pins of type Unspecified and Input are connected
    ; warning
    @(104.14 mm, 81.28 mm): Symbol U85 Pin 2 [P0_1, Unspecified, Line]
    @(104.14 mm, 81.28 mm): Symbol R218 Pin 2 [2, Input, Line]
[pin_to_pin]: Pins of type Unspecified and Input are connected
    ; warning
    @(104.14 mm, 83.82 mm): Symbol U85 Pin 3 [P0_2, Unspecified, Line]
    @(104.14 mm, 83.82 mm): Symbol R219 Pin 2 [2, Input, Line]
[pin_to_pin]: Pins of type Unspecified and Input are connected
    ; warning
    @(104.14 mm, 86.36 mm): Symbol U85 Pin 4 [P0_3, Unspecified, Line]
    @(104.14 mm, 86.36 mm): Symbol R220 Pin 2 [2, Input, Line]
[pin_to_pin]: Pins of type Unspecified and Input are connected
    ; warning
    @(104.14 mm, 88.90 mm): Symbol U85 Pin 5 [P0_4, Unspecified, Line]
    @(104.14 mm, 88.90 mm): Symbol R221 Pin 2 [2, Input, Line]
[pin_to_pin]: Pins of type Unspecified and Input are connected
    ; warning
    @(104.14 mm, 91.44 mm): Symbol U85 Pin 6 [P0_5, Unspecified, Line]
    @(104.14 mm, 91.44 mm): Symbol R222 Pin 2 [2, Input, Line]
[pin_to_pin]: Pins of type Unspecified and Input are connected
    ; warning
    @(104.14 mm, 93.98 mm): Symbol U85 Pin 7 [P0_6, Unspecified, Line]
    @(104.14 mm, 93.98 mm): Symbol R223 Pin 2 [2, Input, Line]
[pin_to_pin]: Pins of type Unspecified and Input are connected
    ; warning
    @(104.14 mm, 96.52 mm): Symbol U85 Pin 8 [P0_7, Unspecified, Line]
    @(104.14 mm, 96.52 mm): Symbol R224 Pin 2 [2, Input, Line]
[pin_to_pin]: Pins of type Unspecified and Input are connected
    ; warning
    @(104.14 mm, 101.60 mm): Symbol U85 Pin 10 [P1_1, Unspecified, Line]
    @(104.14 mm, 101.60 mm): Symbol R226 Pin 2 [2, Input, Line]
[pin_to_pin]: Pins of type Unspecified and Input are connected
    ; warning
    @(104.14 mm, 104.14 mm): Symbol U85 Pin 11 [P1_2, Unspecified, Line]
    @(104.14 mm, 104.14 mm): Symbol R227 Pin 2 [2, Input, Line]
[pin_to_pin]: Pins of type Unspecified and Input are connected
    ; warning
    @(104.14 mm, 106.68 mm): Symbol U85 Pin 12 [P1_3, Unspecified, Line]
    @(104.14 mm, 106.68 mm): Symbol R228 Pin 2 [2, Input, Line]
[pin_to_pin]: Pins of type Unspecified and Input are connected
    ; warning
    @(104.14 mm, 109.22 mm): Symbol U85 Pin 13 [P1_4, Unspecified, Line]
    @(104.14 mm, 109.22 mm): Symbol R229 Pin 2 [2, Input, Line]
[pin_to_pin]: Pins of type Unspecified and Input are connected
    ; warning
    @(104.14 mm, 111.76 mm): Symbol U85 Pin 14 [P1_5, Unspecified, Line]
    @(104.14 mm, 111.76 mm): Symbol R230 Pin 2 [2, Input, Line]
[pin_to_pin]: Pins of type Unspecified and Input are connected
    ; warning
    @(104.14 mm, 114.30 mm): Symbol U85 Pin 15 [P1_6, Unspecified, Line]
    @(104.14 mm, 114.30 mm): Symbol R231 Pin 2 [2, Input, Line]
[pin_to_pin]: Pins of type Unspecified and Input are connected
    ; warning
    @(104.14 mm, 116.84 mm): Symbol U85 Pin 16 [P1_7, Unspecified, Line]
    @(104.14 mm, 116.84 mm): Symbol R232 Pin 2 [2, Input, Line]
[pin_to_pin]: Pins of type Unspecified and Power input are connected
    ; warning
    @(139.70 mm, 76.20 mm): Symbol U85 Pin 33 [EP, Unspecified, Line]
    @(185.42 mm, 96.52 mm): Symbol #PWR0171 Pin 1 [Power input, Line]
[pin_to_pin]: Pins of type Unspecified and Input are connected
    ; warning
    @(139.70 mm, 78.74 mm): Symbol U85 Pin 32 [INT#, Unspecified, Line]
    @(162.56 mm, 73.66 mm): Symbol R241 Pin 1 [1, Input, Line]
[pin_to_pin]: Pins of type Unspecified and Input are connected
    ; warning
    @(139.70 mm, 81.28 mm): Symbol U85 Pin 31 [VDD(I2C-bus), Unspecified, Line]
    @(162.56 mm, 63.50 mm): Symbol R241 Pin 2 [2, Input, Line]
[pin_to_pin]: Pins of type Unspecified and Passive are connected
    ; warning
    @(139.70 mm, 83.82 mm): Symbol U85 Pin 30 [SDA, Unspecified, Line]
    @(157.48 mm, 83.82 mm): Symbol U88 Pin 2 [B, Passive, Line]
[pin_to_pin]: Pins of type Unspecified and Passive are connected
    ; warning
    @(139.70 mm, 86.36 mm): Symbol U85 Pin 29 [SCL, Unspecified, Line]
    @(157.48 mm, 86.36 mm): Symbol U89 Pin 2 [B, Passive, Line]
[pin_to_pin]: Pins of type Unspecified and Input are connected
    ; warning
    @(139.70 mm, 88.90 mm): Symbol U85 Pin 28 [RESET#, Unspecified, Line]
    @(189.23 mm, 73.66 mm): Symbol R242 Pin 1 [1, Input, Line]
[pin_to_pin]: Pins of type Unspecified and Unspecified are connected
    ; warning
    @(139.70 mm, 91.44 mm): Symbol U85 Pin 27 [VDD(P), Unspecified, Line]
    @(139.70 mm, 81.28 mm): Symbol U85 Pin 31 [VDD(I2C-bus), Unspecified, Line]
[pin_to_pin]: Pins of type Unspecified and Input are connected
    ; warning
    @(139.70 mm, 93.98 mm): Symbol U85 Pin 26 [ADDR, Unspecified, Line]
    @(731.52 mm, 410.21 mm): Symbol R243 Pin 2 [2, Input, Line]
[pin_to_pin]: Pins of type Unspecified and Unspecified are connected
    ; warning
    @(139.70 mm, 96.52 mm): Symbol U85 Pin 25 [VSS, Unspecified, Line]
    @(139.70 mm, 76.20 mm): Symbol U85 Pin 33 [EP, Unspecified, Line]
[pin_to_pin]: Pins of type Unspecified and Input are connected
    ; warning
    @(139.70 mm, 99.06 mm): Symbol U85 Pin 24 [P2_7, Unspecified, Line]
    @(139.70 mm, 99.06 mm): Symbol R233 Pin 1 [1, Input, Line]
[pin_to_pin]: Pins of type Unspecified and Input are connected
    ; warning
    @(139.70 mm, 101.60 mm): Symbol U85 Pin 23 [P2_6, Unspecified, Line]
    @(139.70 mm, 101.60 mm): Symbol R234 Pin 1 [1, Input, Line]
[pin_to_pin]: Pins of type Unspecified and Input are connected
    ; warning
    @(139.70 mm, 104.14 mm): Symbol U85 Pin 22 [P2_5, Unspecified, Line]
    @(139.70 mm, 104.14 mm): Symbol R235 Pin 1 [1, Input, Line]
[pin_to_pin]: Pins of type Unspecified and Input are connected
    ; warning
    @(139.70 mm, 106.68 mm): Symbol U85 Pin 21 [P2_4, Unspecified, Line]
    @(139.70 mm, 106.68 mm): Symbol R236 Pin 2 [2, Input, Line]
[pin_to_pin]: Pins of type Unspecified and Input are connected
    ; warning
    @(139.70 mm, 109.22 mm): Symbol U85 Pin 20 [P2_3, Unspecified, Line]
    @(139.70 mm, 109.22 mm): Symbol R237 Pin 2 [2, Input, Line]
[pin_to_pin]: Pins of type Unspecified and Input are connected
    ; warning
    @(139.70 mm, 111.76 mm): Symbol U85 Pin 19 [P2_2, Unspecified, Line]
    @(139.70 mm, 111.76 mm): Symbol R238 Pin 2 [2, Input, Line]
[pin_to_pin]: Pins of type Unspecified and Input are connected
    ; warning
    @(139.70 mm, 114.30 mm): Symbol U85 Pin 18 [P2_1, Unspecified, Line]
    @(139.70 mm, 114.30 mm): Symbol R239 Pin 2 [2, Input, Line]
[pin_to_pin]: Pins of type Unspecified and Input are connected
    ; warning
    @(139.70 mm, 116.84 mm): Symbol U85 Pin 17 [P2_0, Unspecified, Line]
    @(139.70 mm, 116.84 mm): Symbol R240 Pin 2 [2, Input, Line]
[pin_to_pin]: Pins of type Unspecified and Input are connected
    ; warning
    @(207.01 mm, 68.58 mm): Symbol C141 Pin 2 [2, Unspecified, Line]
    @(189.23 mm, 63.50 mm): Symbol R242 Pin 2 [2, Input, Line]
[pin_to_pin]: Pins of type Unspecified and Power input are connected
    ; warning
    @(207.01 mm, 78.74 mm): Symbol C141 Pin 1 [1, Unspecified, Line]
    @(207.01 mm, 78.74 mm): Symbol #PWR0173 Pin 1 [Power input, Line]

***** Sheet /Battery System/bms_button_logic/
[pin_to_pin]: Pins of type Unspecified and Input are connected
    ; warning
    @(41.91 mm, 78.74 mm): Symbol F5 Pin 2 [2, Unspecified, Line]
    @(107.95 mm, 130.81 mm): Symbol R198 Pin 1 [1, Input, Line]
[pin_to_pin]: Pins of type Unspecified and Unspecified are connected
    ; warning
    @(57.15 mm, 78.74 mm): Symbol F5 Pin 1 [1, Unspecified, Line]
    @(78.74 mm, 78.74 mm): Symbol U82 Pin 1 [IN, Unspecified, Line]
[pin_to_pin]: Pins of type Unspecified and Unspecified are connected
    ; warning
    @(60.96 mm, 91.44 mm): Symbol C130 Pin 2 [2, Unspecified, Line]
    @(57.15 mm, 78.74 mm): Symbol F5 Pin 1 [1, Unspecified, Line]
[pin_to_pin]: Pins of type Unspecified and Passive are connected
    ; warning
    @(78.74 mm, 81.28 mm): Symbol U82 Pin 2 [GND, Unspecified, Line]
    @(100.33 mm, 43.18 mm): Symbol NT2 Pin 1 [1, Passive, Line]
[pin_to_pin]: Pins of type Unspecified and Passive are connected
    ; warning
    @(78.74 mm, 83.82 mm): Symbol U82 Pin 3 [EM, Unspecified, Line]
    @(53.34 mm, 83.82 mm): Symbol R212 Pin 1 [Passive, Line]
[pin_to_pin]: Pins of type Unspecified and Unspecified are connected
    ; warning
    @(60.96 mm, 101.60 mm): Symbol C130 Pin 1 [1, Unspecified, Line]
    @(76.20 mm, 102.87 mm): Symbol R213 Pin 2 [2, Unspecified, Line]
[pin_to_pin]: Pins of type Unspecified and Unspecified are connected
    ; warning
    @(76.20 mm, 92.71 mm): Symbol R213 Pin 1 [1, Unspecified, Line]
    @(78.74 mm, 83.82 mm): Symbol U82 Pin 3 [EM, Unspecified, Line]
[pin_to_pin]: Pins of type Unspecified and Unspecified are connected
    ; warning
    @(76.20 mm, 102.87 mm): Symbol R213 Pin 2 [2, Unspecified, Line]
    @(78.74 mm, 81.28 mm): Symbol U82 Pin 2 [GND, Unspecified, Line]
[pin_to_pin]: Pins of type Unspecified and Unspecified are connected
    ; warning
    @(101.60 mm, 80.01 mm): Symbol U82 Pin 5 [OUT, Unspecified, Line]
    @(142.24 mm, 80.01 mm): Symbol U84 Pin 2 [A, Unspecified, Line]
[pin_to_pin]: Pins of type Unspecified and Unspecified are connected
    ; warning
    @(113.03 mm, 88.90 mm): Symbol C132 Pin 2 [2, Unspecified, Line]
    @(101.60 mm, 80.01 mm): Symbol U82 Pin 5 [OUT, Unspecified, Line]
[pin_to_pin]: Pins of type Unspecified and Unspecified are connected
    ; warning
    @(113.03 mm, 99.06 mm): Symbol C132 Pin 1 [1, Unspecified, Line]
    @(76.20 mm, 102.87 mm): Symbol R213 Pin 2 [2, Unspecified, Line]
[pin_to_pin]: Pins of type Unspecified and Input are connected
    ; warning
    @(142.24 mm, 80.01 mm): Symbol U84 Pin 2 [A, Unspecified, Line]
    @(297.18 mm, 109.22 mm): Symbol R195 Pin 2 [2, Input, Line]
[pin_to_pin]: Pins of type Unspecified and Input are connected
    ; warning
    @(158.75 mm, 119.38 mm): Symbol R214 Pin 1 [1, Unspecified, Line]
    @(93.98 mm, 91.44 mm): Symbol R222 Pin 1 [1, Input, Line]
[pin_to_pin]: Pins of type Unspecified and Unspecified are connected
    ; warning
    @(179.07 mm, 95.25 mm): Symbol Q18 Pin 1 [G, Unspecified, Line]
    @(158.75 mm, 119.38 mm): Symbol R214 Pin 1 [1, Unspecified, Line]
[pin_to_pin]: Pins of type Unspecified and Unspecified are connected
    ; warning
    @(158.75 mm, 129.54 mm): Symbol R214 Pin 2 [2, Unspecified, Line]
    @(207.01 mm, 129.54 mm): Symbol R216 Pin 1 [1, Unspecified, Line]
[pin_to_pin]: Pins of type Unspecified and Unspecified are connected
    ; warning
    @(186.69 mm, 90.17 mm): Symbol Q18 Pin 3 [D, Unspecified, Line]
    @(207.01 mm, 90.17 mm): Symbol SW2 Pin 1 [1, Unspecified, Line]
[pin_to_pin]: Pins of type Unspecified and Unspecified are connected
    ; warning
    @(172.72 mm, 119.38 mm): Symbol D32 Pin 1 [K, Unspecified, Line]
    @(158.75 mm, 119.38 mm): Symbol R214 Pin 1 [1, Unspecified, Line]
[pin_to_pin]: Pins of type Unspecified and Unspecified are connected
    ; warning
    @(186.69 mm, 100.33 mm): Symbol Q18 Pin 2 [S, Unspecified, Line]
    @(207.01 mm, 100.33 mm): Symbol SW2 Pin 2 [2, Unspecified, Line]
[pin_to_pin]: Pins of type Unspecified and Unspecified are connected
    ; warning
    @(172.72 mm, 129.54 mm): Symbol D32 Pin 2 [A, Unspecified, Line]
    @(158.75 mm, 129.54 mm): Symbol R214 Pin 2 [2, Unspecified, Line]
[pin_to_pin]: Pins of type Unspecified and Unspecified are connected
    ; warning
    @(207.01 mm, 63.50 mm): Symbol R215 Pin 2 [2, Unspecified, Line]
    @(205.74 mm, 118.11 mm): Symbol U80 Pin 22 [TS2, Unspecified, Line]
[pin_to_pin]: Pins of type Unspecified and Unspecified are connected
    ; warning
    @(207.01 mm, 73.66 mm): Symbol R215 Pin 1 [1, Unspecified, Line]
    @(207.01 mm, 90.17 mm): Symbol SW2 Pin 1 [1, Unspecified, Line]
[pin_to_pin]: Pins of type Unspecified and Unspecified are connected
    ; warning
    @(186.69 mm, 119.38 mm): Symbol C134 Pin 2 [2, Unspecified, Line]
    @(186.69 mm, 100.33 mm): Symbol Q18 Pin 2 [S, Unspecified, Line]
[pin_to_pin]: Pins of type Unspecified and Unspecified are connected
    ; warning
    @(207.01 mm, 90.17 mm): Symbol SW2 Pin 1 [1, Unspecified, Line]
    @(152.40 mm, 80.01 mm): Symbol U84 Pin 1 [K, Unspecified, Line]
[pin_to_pin]: Pins of type Unspecified and Unspecified are connected
    ; warning
    @(186.69 mm, 129.54 mm): Symbol C134 Pin 1 [1, Unspecified, Line]
    @(172.72 mm, 129.54 mm): Symbol D32 Pin 2 [A, Unspecified, Line]
[pin_to_pin]: Pins of type Unspecified and Input are connected
    ; warning
    @(207.01 mm, 100.33 mm): Symbol SW2 Pin 2 [2, Unspecified, Line]
    @(149.86 mm, 114.30 mm): Symbol R239 Pin 1 [1, Input, Line]
[pin_to_pin]: Pins of type Unspecified and Unspecified are connected
    ; warning
    @(207.01 mm, 119.38 mm): Symbol R216 Pin 2 [2, Unspecified, Line]
    @(207.01 mm, 100.33 mm): Symbol SW2 Pin 2 [2, Unspecified, Line]
[pin_to_pin]: Pins of type Unspecified and Unspecified are connected
    ; warning
    @(207.01 mm, 129.54 mm): Symbol R216 Pin 1 [1, Unspecified, Line]
    @(78.74 mm, 81.28 mm): Symbol U82 Pin 2 [GND, Unspecified, Line]
[pin_to_pin]: Pins of type Unspecified and Unspecified are connected
    ; warning
    @(234.95 mm, 87.63 mm): Symbol D33 Pin 1 [1, Unspecified, Line]
    @(207.01 mm, 90.17 mm): Symbol SW2 Pin 1 [1, Unspecified, Line]
[pin_to_pin]: Pins of type Unspecified and Unspecified are connected
    ; warning
    @(234.95 mm, 102.87 mm): Symbol D33 Pin 2 [2, Unspecified, Line]
    @(207.01 mm, 129.54 mm): Symbol R216 Pin 1 [1, Unspecified, Line]

***** Sheet /Battery System/Mikroe mikroBus Shuttle Clone VITAL/
[pin_to_pin]: Pins of type Unspecified and Input are connected
    ; warning
    @(128.27 mm, 90.17 mm): Symbol U83 Pin 13 [13, Unspecified, Line]
    @(107.95 mm, 90.17 mm): Symbol C131 Pin 2 [2, Input, Line]
[pin_to_pin]: Pins of type Unspecified and Power input are connected
    ; warning
    @(128.27 mm, 92.71 mm): Symbol U83 Pin 15 [15, Unspecified, Line]
    @(121.92 mm, 97.79 mm): Symbol #PWR0168 Pin 1 [Power input, Line]
[pin_to_pin]: Pins of type Unspecified and Unspecified are connected
    ; warning
    @(143.51 mm, 77.47 mm): Symbol U83 Pin 4 [4, Unspecified, Line]
    @(139.70 mm, 78.74 mm): Symbol U85 Pin 32 [INT#, Unspecified, Line]
[pin_to_pin]: Pins of type Unspecified and Passive are connected
    ; warning
    @(143.51 mm, 85.09 mm): Symbol U83 Pin 10 [10, Unspecified, Line]
    @(741.68 mm, 287.02 mm): Symbol U23 Pin 2 [B, Passive, Line]
[pin_to_pin]: Pins of type Unspecified and Passive are connected
    ; warning
    @(143.51 mm, 87.63 mm): Symbol U83 Pin 12 [12, Unspecified, Line]
    @(741.68 mm, 283.21 mm): Symbol U22 Pin 2 [B, Passive, Line]
[pin_to_pin]: Pins of type Unspecified and Input are connected
    ; warning
    @(143.51 mm, 90.17 mm): Symbol U83 Pin 14 [14, Unspecified, Line]
    @(162.56 mm, 90.17 mm): Symbol C133 Pin 2 [2, Input, Line]
[pin_to_pin]: Pins of type Unspecified and Power input are connected
    ; warning
    @(143.51 mm, 92.71 mm): Symbol U83 Pin 16 [16, Unspecified, Line]
    @(151.13 mm, 100.33 mm): Symbol #PWR0169 Pin 1 [Power input, Line]

***** Sheet /

***** Sheet /Battery System/Battery BMS Interface/
[pin_not_driven]: Input pin not driven by any Output pins
    ; error
    @(78.74 mm, 60.96 mm): Symbol C110 Pin 2 [2, Input, Line]
[pin_not_driven]: Input pin not driven by any Output pins
    ; error
    @(78.74 mm, 68.58 mm): Symbol C110 Pin 1 [1, Input, Line]
[pin_not_driven]: Input pin not driven by any Output pins
    ; error
    @(78.74 mm, 85.09 mm): Symbol C111 Pin 1 [1, Input, Line]
[pin_not_driven]: Input pin not driven by any Output pins
    ; error
    @(99.06 mm, 124.46 mm): Symbol C112 Pin 2 [2, Input, Line]
[pin_not_driven]: Input pin not driven by any Output pins
    ; error
    @(157.48 mm, 154.94 mm): Symbol R185 Pin 2 [2, Input, Line]
[pin_not_driven]: Input pin not driven by any Output pins
    ; error
    @(184.15 mm, 156.21 mm): Symbol R187 Pin 2 [2, Input, Line]
[pin_not_driven]: Input pin not driven by any Output pins
    ; error
    @(240.03 mm, 44.45 mm): Symbol R190 Pin 2 [2, Input, Line]
[pin_not_connected]: Pin not connected
    ; error
    @(236.22 mm, 90.17 mm): Symbol U80 Pin 38 [FUSE, Unspecified, Line]
[pin_not_connected]: Pin not connected
    ; error
    @(236.22 mm, 105.41 mm): Symbol U80 Pin 32 [DDSG, Unspecified, Line]
[pin_not_connected]: Pin not connected
    ; error
    @(236.22 mm, 107.95 mm): Symbol U80 Pin 31 [DCHG, Unspecified, Line]
[pin_not_connected]: Pin not connected
    ; error
    @(236.22 mm, 110.49 mm): Symbol U80 Pin 30 [DFETOFF, Unspecified, Line]
[pin_not_connected]: Pin not connected
    ; error
    @(236.22 mm, 113.03 mm): Symbol U80 Pin 29 [CFETOFF, Unspecified, Line]
[pin_not_connected]: Pin not connected
    ; error
    @(236.22 mm, 115.57 mm): Symbol U80 Pin 28 [HDQ, Unspecified, Line]
[pin_not_driven]: Input pin not driven by any Output pins
    ; error
    @(275.59 mm, 49.53 mm): Symbol C119 Pin 2 [2, Input, Line]
[pin_not_driven]: Input pin not driven by any Output pins
    ; error
    @(275.59 mm, 57.15 mm): Symbol C119 Pin 1 [1, Input, Line]
[pin_not_driven]: Input pin not driven by any Output pins
    ; error
    @(283.21 mm, 80.01 mm): Symbol R193 Pin 1 [1, Input, Line]
[pin_not_driven]: Input pin not driven by any Output pins
    ; error
    @(297.18 mm, 109.22 mm): Symbol R195 Pin 2 [2, Input, Line]
[pin_to_pin]: Pins of type Unspecified and Passive are connected
    ; warning
    @(57.15 mm, 55.88 mm): Symbol R172 Pin 1 [1, Unspecified, Line]
    @(198.12 mm, 44.45 mm): Symbol U79 Pin 2 [B, Passive, Line]
[pin_to_pin]: Pins of type Unspecified and Input are connected
    ; warning
    @(67.31 mm, 55.88 mm): Symbol R172 Pin 2 [2, Unspecified, Line]
    @(78.74 mm, 60.96 mm): Symbol C110 Pin 2 [2, Input, Line]
[pin_to_pin]: Pins of type Unspecified and Input are connected
    ; warning
    @(67.31 mm, 73.66 mm): Symbol R173 Pin 2 [2, Unspecified, Line]
    @(78.74 mm, 77.47 mm): Symbol C111 Pin 2 [2, Input, Line]
[pin_to_pin]: Pins of type Unspecified and Input are connected
    ; warning
    @(67.31 mm, 90.17 mm): Symbol R174 Pin 2 [2, Unspecified, Line]
    @(78.74 mm, 85.09 mm): Symbol C111 Pin 1 [1, Input, Line]
[pin_to_pin]: Pins of type Unspecified and Passive are connected
    ; warning
    @(57.15 mm, 102.87 mm): Symbol R175 Pin 1 [1, Unspecified, Line]
    @(86.36 mm, 87.63 mm): Symbol NT1 Pin 2 [2, Passive, Line]
[pin_to_pin]: Pins of type Unspecified and Input are connected
    ; warning
    @(67.31 mm, 102.87 mm): Symbol R175 Pin 2 [2, Unspecified, Line]
    @(60.96 mm, 123.19 mm): Symbol D19 Pin 1 [K, Input, Line]
[pin_to_pin]: Pins of type Unspecified and Input are connected
    ; warning
    @(78.74 mm, 123.19 mm): Symbol D20 Pin 1 [1, Unspecified, Line]
    @(60.96 mm, 123.19 mm): Symbol D19 Pin 1 [K, Input, Line]
[pin_to_pin]: Pins of type Unspecified and Input are connected
    ; warning
    @(78.74 mm, 133.35 mm): Symbol D20 Pin 2 [2, Unspecified, Line]
    @(60.96 mm, 133.35 mm): Symbol D19 Pin 2 [A, Input, Line]
[pin_to_pin]: Pins of type Unspecified and Unspecified are connected
    ; warning
    @(166.37 mm, 135.89 mm): Symbol C114 Pin 2 [2, Unspecified, Line]
    @(166.37 mm, 147.32 mm): Symbol C115 Pin 1 [1, Unspecified, Line]
[pin_to_pin]: Pins of type Unspecified and Passive are connected
    ; warning
    @(213.36 mm, 31.75 mm): Symbol D21 Pin 2 [2, Unspecified, Line]
    @(208.28 mm, 31.75 mm): Symbol JP4 Pin 2 [B, Passive, Line]
[pin_to_pin]: Pins of type Unspecified and Unspecified are connected
    ; warning
    @(205.74 mm, 67.31 mm): Symbol U80 Pin 2 [VC9, Unspecified, Line]
    @(205.74 mm, 72.39 mm): Symbol U80 Pin 4 [VC8, Unspecified, Line]
[pin_to_pin]: Pins of type Unspecified and Passive are connected
    ; warning
    @(213.36 mm, 44.45 mm): Symbol D22 Pin 2 [2, Unspecified, Line]
    @(208.28 mm, 44.45 mm): Symbol U79 Pin 1 [A, Passive, Line]
[pin_to_pin]: Pins of type Unspecified and Unspecified are connected
    ; warning
    @(205.74 mm, 72.39 mm): Symbol U80 Pin 4 [VC8, Unspecified, Line]
    @(205.74 mm, 77.47 mm): Symbol U80 Pin 6 [VC7, Unspecified, Line]
[pin_to_pin]: Pins of type Unspecified and Unspecified are connected
    ; warning
    @(205.74 mm, 77.47 mm): Symbol U80 Pin 6 [VC7, Unspecified, Line]
    @(205.74 mm, 82.55 mm): Symbol U80 Pin 8 [VC6, Unspecified, Line]
[pin_to_pin]: Pins of type Unspecified and Unspecified are connected
    ; warning
    @(205.74 mm, 82.55 mm): Symbol U80 Pin 8 [VC6, Unspecified, Line]
    @(205.74 mm, 87.63 mm): Symbol U80 Pin 10 [VC5, Unspecified, Line]
[pin_to_pin]: Pins of type Unspecified and Input are connected
    ; warning
    @(166.37 mm, 147.32 mm): Symbol C115 Pin 1 [1, Unspecified, Line]
    @(157.48 mm, 154.94 mm): Symbol R185 Pin 2 [2, Input, Line]
[pin_to_pin]: Pins of type Unspecified and Unspecified are connected
    ; warning
    @(176.53 mm, 135.89 mm): Symbol C114 Pin 1 [1, Unspecified, Line]
    @(176.53 mm, 147.32 mm): Symbol C115 Pin 2 [2, Unspecified, Line]
[pin_to_pin]: Pins of type Unspecified and Unspecified are connected
    ; warning
    @(205.74 mm, 87.63 mm): Symbol U80 Pin 10 [VC5, Unspecified, Line]
    @(205.74 mm, 92.71 mm): Symbol U80 Pin 12 [VC4, Unspecified, Line]
[pin_to_pin]: Pins of type Unspecified and Unspecified are connected
    ; warning
    @(205.74 mm, 92.71 mm): Symbol U80 Pin 12 [VC4, Unspecified, Line]
    @(205.74 mm, 95.25 mm): Symbol U80 Pin 13 [VC3, Unspecified, Line]
[pin_to_pin]: Pins of type Unspecified and Unspecified are connected
    ; warning
    @(223.52 mm, 31.75 mm): Symbol D21 Pin 1 [1, Unspecified, Line]
    @(223.52 mm, 44.45 mm): Symbol D22 Pin 1 [1, Unspecified, Line]
[pin_to_pin]: Pins of type Unspecified and Unspecified are connected
    ; warning
    @(205.74 mm, 95.25 mm): Symbol U80 Pin 13 [VC3, Unspecified, Line]
    @(205.74 mm, 97.79 mm): Symbol U80 Pin 14 [VC2, Unspecified, Line]
[pin_to_pin]: Pins of type Unspecified and Input are connected
    ; warning
    @(205.74 mm, 97.79 mm): Symbol U80 Pin 14 [VC2, Unspecified, Line]
    @(78.74 mm, 77.47 mm): Symbol C111 Pin 2 [2, Input, Line]
[pin_to_pin]: Pins of type Unspecified and Input are connected
    ; warning
    @(223.52 mm, 44.45 mm): Symbol D22 Pin 1 [1, Unspecified, Line]
    @(240.03 mm, 44.45 mm): Symbol R190 Pin 2 [2, Input, Line]
[pin_to_pin]: Pins of type Unspecified and Input are connected
    ; warning
    @(205.74 mm, 100.33 mm): Symbol U80 Pin 15 [VC1, Unspecified, Line]
    @(111.76 mm, 92.71 mm): Symbol C113 Pin 2 [2, Input, Line]
[pin_to_pin]: Pins of type Unspecified and Input are connected
    ; warning
    @(176.53 mm, 147.32 mm): Symbol C115 Pin 2 [2, Unspecified, Line]
    @(184.15 mm, 156.21 mm): Symbol R187 Pin 2 [2, Input, Line]
[pin_to_pin]: Pins of type Unspecified and Input are connected
    ; warning
    @(205.74 mm, 102.87 mm): Symbol U80 Pin 16 [VC0, Unspecified, Line]
    @(99.06 mm, 124.46 mm): Symbol C112 Pin 2 [2, Input, Line]
[pin_to_pin]: Pins of type Unspecified and Passive are connected
    ; warning
    @(205.74 mm, 105.41 mm): Symbol U80 Pin 17 [VSS, Unspecified, Line]
    @(199.39 mm, 133.35 mm): Symbol C116 Pin 2 [Passive, Line]
[pin_to_pin]: Pins of type Unspecified and Input are connected
    ; warning
    @(205.74 mm, 107.95 mm): Symbol U80 Pin 18 [SRP, Unspecified, Line]
    @(157.48 mm, 154.94 mm): Symbol R185 Pin 2 [2, Input, Line]
[pin_to_pin]: Pins of type Unspecified and Input are connected
    ; warning
    @(205.74 mm, 113.03 mm): Symbol U80 Pin 20 [SRN, Unspecified, Line]
    @(184.15 mm, 156.21 mm): Symbol R187 Pin 2 [2, Input, Line]
[pin_to_pin]: Pins of type Unspecified and Passive are connected
    ; warning
    @(205.74 mm, 123.19 mm): Symbol U80 Pin 24 [REG18, Unspecified, Line]
    @(199.39 mm, 125.73 mm): Symbol C116 Pin 1 [Passive, Line]
[pin_to_pin]: Pins of type Unspecified and Input are connected
    ; warning
    @(236.22 mm, 64.77 mm): Symbol U80 Pin 48 [VC10, Unspecified, Line]
    @(78.74 mm, 60.96 mm): Symbol C110 Pin 2 [2, Input, Line]
[pin_to_pin]: Pins of type Unspecified and Input are connected
    ; warning
    @(236.22 mm, 67.31 mm): Symbol U80 Pin 47 [BAT, Unspecified, Line]
    @(250.19 mm, 44.45 mm): Symbol R190 Pin 1 [1, Input, Line]
[pin_to_pin]: Pins of type Unspecified and Input are connected
    ; warning
    @(236.22 mm, 69.85 mm): Symbol U80 Pin 46 [CP1, Unspecified, Line]
    @(275.59 mm, 57.15 mm): Symbol C119 Pin 1 [1, Input, Line]
[pin_to_pin]: Pins of type Unspecified and Input are connected
    ; warning
    @(236.22 mm, 72.39 mm): Symbol U80 Pin 45 [CHG, Unspecified, Line]
    @(83.82 mm, 119.38 mm): Symbol R196 Pin 1 [1, Input, Line]
[pin_to_pin]: Pins of type Unspecified and Input are connected
    ; warning
    @(236.22 mm, 77.47 mm): Symbol U80 Pin 43 [DSG, Unspecified, Line]
    @(97.79 mm, 92.71 mm): Symbol R197 Pin 1 [1, Input, Line]
[pin_to_pin]: Pins of type Unspecified and Input are connected
    ; warning
    @(236.22 mm, 80.01 mm): Symbol U80 Pin 42 [PACK, Unspecified, Line]
    @(283.21 mm, 80.01 mm): Symbol R193 Pin 1 [1, Input, Line]
[pin_to_pin]: Pins of type Unspecified and Input are connected
    ; warning
    @(236.22 mm, 82.55 mm): Symbol U80 Pin 41 [LD, Unspecified, Line]
    @(283.21 mm, 90.17 mm): Symbol R194 Pin 1 [1, Input, Line]
[pin_to_pin]: Pins of type Unspecified and Input are connected
    ; warning
    @(236.22 mm, 85.09 mm): Symbol U80 Pin 40 [PCHG, Unspecified, Line]
    @(129.54 mm, 204.47 mm): Symbol R201 Pin 1 [1, Input, Line]
[pin_to_pin]: Pins of type Unspecified and Passive are connected
    ; warning
    @(236.22 mm, 92.71 mm): Symbol U80 Pin 37 [BREG, Unspecified, Line]
    @(199.39 mm, 133.35 mm): Symbol C116 Pin 2 [Passive, Line]
[pin_to_pin]: Pins of type Unspecified and Unspecified are connected
    ; warning
    @(236.22 mm, 95.25 mm): Symbol U80 Pin 36 [REGIN, Unspecified, Line]
    @(236.22 mm, 92.71 mm): Symbol U80 Pin 37 [BREG, Unspecified, Line]
[pin_to_pin]: Pins of type Unspecified and Unspecified are connected
    ; warning
    @(236.22 mm, 100.33 mm): Symbol U80 Pin 34 [REG2, Unspecified, Line]
    @(236.22 mm, 97.79 mm): Symbol U80 Pin 35 [REG1, Unspecified, Line]
[pin_to_pin]: Pins of type Unspecified and Input are connected
    ; warning
    @(236.22 mm, 102.87 mm): Symbol U80 Pin 33 [RST_SHUT, Unspecified, Line]
    @(93.98 mm, 81.28 mm): Symbol R218 Pin 1 [1, Input, Line]
[pin_to_pin]: Pins of type Unspecified and Passive are connected
    ; warning
    @(236.22 mm, 118.11 mm): Symbol U80 Pin 27 [SDA, Unspecified, Line]
    @(167.64 mm, 83.82 mm): Symbol U88 Pin 1 [A, Passive, Line]
[pin_to_pin]: Pins of type Unspecified and Passive are connected
    ; warning
    @(236.22 mm, 120.65 mm): Symbol U80 Pin 26 [SCL, Unspecified, Line]
    @(167.64 mm, 86.36 mm): Symbol U89 Pin 1 [A, Passive, Line]
[pin_to_pin]: Pins of type Unspecified and Input are connected
    ; warning
    @(236.22 mm, 123.19 mm): Symbol U80 Pin 25 [ALERT, Unspecified, Line]
    @(297.18 mm, 119.38 mm): Symbol R195 Pin 1 [1, Input, Line]
[pin_to_pin]: Pins of type Unspecified and Unspecified are connected
    ; warning
    @(270.51 mm, 97.79 mm): Symbol R191 Pin 1 [1, Unspecified, Line]
    @(236.22 mm, 97.79 mm): Symbol U80 Pin 35 [REG1, Unspecified, Line]
[pin_to_pin]: Pins of type Unspecified and Unspecified are connected
    ; warning
    @(270.51 mm, 106.68 mm): Symbol R192 Pin 1 [1, Unspecified, Line]
    @(236.22 mm, 102.87 mm): Symbol U80 Pin 33 [RST_SHUT, Unspecified, Line]
[pin_to_pin]: Pins of type Unspecified and Input are connected
    ; warning
    @(289.56 mm, 49.53 mm): Symbol C120 Pin 2 [2, Unspecified, Line]
    @(302.26 mm, 49.53 mm): Symbol C121 Pin 1 [1, Input, Line]
[pin_to_pin]: Pins of type Unspecified and Input are connected
    ; warning
    @(289.56 mm, 59.69 mm): Symbol C120 Pin 1 [1, Unspecified, Line]
    @(302.26 mm, 59.69 mm): Symbol C121 Pin 2 [2, Input, Line]
[pin_to_pin]: Pins of type Unspecified and Unspecified are connected
    ; warning
    @(280.67 mm, 97.79 mm): Symbol R191 Pin 2 [2, Unspecified, Line]
    @(280.67 mm, 106.68 mm): Symbol R192 Pin 2 [2, Unspecified, Line]
[pin_to_pin]: Pins of type Unspecified and Unspecified are connected
    ; warning
    @(280.67 mm, 106.68 mm): Symbol R192 Pin 2 [2, Unspecified, Line]
    @(236.22 mm, 95.25 mm): Symbol U80 Pin 36 [REGIN, Unspecified, Line]

***** Sheet /Battery System/Battery Power Path/
[pin_not_driven]: Input pin not driven by any Output pins
    ; error
    @(97.79 mm, 92.71 mm): Symbol R197 Pin 1 [1, Input, Line]
[pin_not_driven]: Input pin not driven by any Output pins
    ; error
    @(107.95 mm, 92.71 mm): Symbol R197 Pin 2 [2, Input, Line]
[pin_not_driven]: Input pin not driven by any Output pins
    ; error
    @(83.82 mm, 119.38 mm): Symbol R196 Pin 1 [1, Input, Line]
[pin_not_driven]: Input pin not driven by any Output pins
    ; error
    @(96.52 mm, 120.65 mm): Symbol D23 Pin 1 [C, Input, Line]
[pin_not_driven]: Input pin not driven by any Output pins
    ; error
    @(147.32 mm, 82.55 mm): Symbol R204 Pin 1 [1, Input, Line]
[pin_not_driven]: Input pin not driven by any Output pins
    ; error
    @(157.48 mm, 82.55 mm): Symbol R204 Pin 2 [2, Input, Line]
[pin_not_driven]: Input pin not driven by any Output pins
    ; error
    @(168.91 mm, 119.38 mm): Symbol D28 Pin 1 [C, Input, Line]
[pin_not_driven]: Input pin not driven by any Output pins
    ; error
    @(129.54 mm, 204.47 mm): Symbol R201 Pin 1 [1, Input, Line]
[power_pin_not_driven]: Input Power pin not driven by any Output Power pins
    ; error
    @(113.03 mm, 214.63 mm): Symbol #PWR0163 Pin 1 [Power input, Line]
[pin_not_driven]: Input pin not driven by any Output pins
    ; error
    @(140.97 mm, 218.44 mm): Symbol D26 Pin 2 [2, Input, Line]
[pin_not_driven]: Input pin not driven by any Output pins
    ; error
    @(292.10 mm, 62.23 mm): Symbol D30 Pin 1 [C, Input, Line]
[pin_not_driven]: Input pin not driven by any Output pins
    ; error
    @(292.10 mm, 83.82 mm): Symbol R211 Pin 1 [1, Input, Line]
[pin_to_pin]: Pins of type Unspecified and Input are connected
    ; warning
    @(116.84 mm, 96.52 mm): Symbol D25 Pin 1 [1, Unspecified, Line]
    @(107.95 mm, 92.71 mm): Symbol R197 Pin 2 [2, Input, Line]
[pin_to_pin]: Pins of type Unspecified and Input are connected
    ; warning
    @(125.73 mm, 92.71 mm): Symbol R200 Pin 1 [1, Unspecified, Line]
    @(107.95 mm, 92.71 mm): Symbol R197 Pin 2 [2, Input, Line]
[pin_to_pin]: Pins of type Unspecified and Power input are connected
    ; warning
    @(116.84 mm, 106.68 mm): Symbol D25 Pin 2 [2, Unspecified, Line]
    @(113.03 mm, 214.63 mm): Symbol #PWR0163 Pin 1 [Power input, Line]
[pin_to_pin]: Pins of type Unspecified and Input are connected
    ; warning
    @(111.76 mm, 119.38 mm): Symbol R199 Pin 1 [1, Unspecified, Line]
    @(107.95 mm, 120.65 mm): Symbol R198 Pin 2 [2, Input, Line]
[pin_to_pin]: Pins of type Unspecified and Input are connected
    ; warning
    @(135.89 mm, 92.71 mm): Symbol R200 Pin 2 [2, Unspecified, Line]
    @(147.32 mm, 82.55 mm): Symbol R204 Pin 1 [1, Input, Line]
[pin_to_pin]: Pins of type Unspecified and Input are connected
    ; warning
    @(96.52 mm, 138.43 mm): Symbol C122 Pin 2 [2, Unspecified, Line]
    @(96.52 mm, 130.81 mm): Symbol D23 Pin 2 [A, Input, Line]
[pin_to_pin]: Pins of type Unspecified and Input are connected
    ; warning
    @(147.32 mm, 92.71 mm): Symbol D27 Pin 2 [2, Unspecified, Line]
    @(147.32 mm, 82.55 mm): Symbol R204 Pin 1 [1, Input, Line]
[pin_to_pin]: Pins of type Unspecified and Unspecified are connected
    ; warning
    @(123.19 mm, 125.73 mm): Symbol Q13 Pin 1 [G, Unspecified, Line]
    @(121.92 mm, 119.38 mm): Symbol R199 Pin 2 [2, Unspecified, Line]
[pin_to_pin]: Pins of type Unspecified and Unspecified are connected
    ; warning
    @(96.52 mm, 148.59 mm): Symbol C122 Pin 1 [1, Unspecified, Line]
    @(96.52 mm, 160.02 mm): Symbol C123 Pin 2 [2, Unspecified, Line]
[pin_to_pin]: Pins of type Unspecified and Input are connected
    ; warning
    @(118.11 mm, 133.35 mm): Symbol Q13 Pin 2 [S, Unspecified, Line]
    @(107.95 mm, 130.81 mm): Symbol R198 Pin 1 [1, Input, Line]
[pin_to_pin]: Pins of type Unspecified and Input are connected
    ; warning
    @(157.48 mm, 92.71 mm): Symbol D27 Pin 1 [1, Unspecified, Line]
    @(157.48 mm, 82.55 mm): Symbol R204 Pin 2 [2, Input, Line]
[pin_to_pin]: Pins of type Unspecified and Unspecified are connected
    ; warning
    @(128.27 mm, 133.35 mm): Symbol Q13 Pin 3 [D, Unspecified, Line]
    @(135.89 mm, 133.35 mm): Symbol Q14 Pin 3 [D, Unspecified, Line]
[pin_to_pin]: Pins of type Unspecified and Unspecified are connected
    ; warning
    @(140.97 mm, 125.73 mm): Symbol Q14 Pin 1 [G, Unspecified, Line]
    @(142.24 mm, 119.38 mm): Symbol R203 Pin 1 [1, Unspecified, Line]
[pin_to_pin]: Pins of type Unspecified and Input are connected
    ; warning
    @(135.89 mm, 133.35 mm): Symbol Q14 Pin 3 [D, Unspecified, Line]
    @(130.81 mm, 218.44 mm): Symbol D26 Pin 1 [1, Input, Line]
[pin_to_pin]: Pins of type Unspecified and Unspecified are connected
    ; warning
    @(120.65 mm, 148.59 mm): Symbol C124 Pin 1 [1, Unspecified, Line]
    @(118.11 mm, 133.35 mm): Symbol Q13 Pin 2 [S, Unspecified, Line]
[pin_to_pin]: Pins of type Unspecified and Input are connected
    ; warning
    @(152.40 mm, 119.38 mm): Symbol R203 Pin 2 [2, Unspecified, Line]
    @(156.21 mm, 119.38 mm): Symbol R205 Pin 2 [2, Input, Line]
[pin_to_pin]: Pins of type Unspecified and Passive are connected
    ; warning
    @(96.52 mm, 170.18 mm): Symbol C123 Pin 1 [1, Unspecified, Line]
    @(189.23 mm, 181.61 mm): Symbol NT30 Pin 2 [2, Passive, Line]
[pin_to_pin]: Pins of type Unspecified and Input are connected
    ; warning
    @(146.05 mm, 133.35 mm): Symbol Q14 Pin 2 [S, Unspecified, Line]
    @(156.21 mm, 129.54 mm): Symbol R205 Pin 1 [1, Input, Line]
[pin_to_pin]: Pins of type Unspecified and Unspecified are connected
    ; warning
    @(130.81 mm, 148.59 mm): Symbol C124 Pin 2 [2, Unspecified, Line]
    @(133.35 mm, 148.59 mm): Symbol C125 Pin 1 [1, Unspecified, Line]
[pin_to_pin]: Pins of type Unspecified and Unspecified are connected
    ; warning
    @(143.51 mm, 148.59 mm): Symbol C125 Pin 2 [2, Unspecified, Line]
    @(146.05 mm, 133.35 mm): Symbol Q14 Pin 2 [S, Unspecified, Line]
[pin_to_pin]: Pins of type Unspecified and Unspecified are connected
    ; warning
    @(203.20 mm, 78.74 mm): Symbol D29 Pin 1 [C, Unspecified, Line]
    @(220.98 mm, 85.09 mm): Symbol Q16 Pin 2 [S, Unspecified, Line]
[pin_to_pin]: Pins of type Unspecified and Unspecified are connected
    ; warning
    @(203.20 mm, 88.90 mm): Symbol D29 Pin 2 [A, Unspecified, Line]
    @(213.36 mm, 92.71 mm): Symbol Q16 Pin 1 [G, Unspecified, Line]
[pin_to_pin]: Pins of type Unspecified and Input are connected
    ; warning
    @(213.36 mm, 92.71 mm): Symbol Q16 Pin 1 [G, Unspecified, Line]
    @(157.48 mm, 82.55 mm): Symbol R204 Pin 2 [2, Input, Line]
[pin_to_pin]: Pins of type Unspecified and Input are connected
    ; warning
    @(113.03 mm, 204.47 mm): Symbol D24 Pin 1 [C, Unspecified, Line]
    @(129.54 mm, 204.47 mm): Symbol R201 Pin 1 [1, Input, Line]
[pin_to_pin]: Pins of type Unspecified and Unspecified are connected
    ; warning
    @(220.98 mm, 85.09 mm): Symbol Q16 Pin 2 [S, Unspecified, Line]
    @(246.38 mm, 76.20 mm): Symbol R209 Pin 1 [1, Unspecified, Line]
[pin_to_pin]: Pins of type Unspecified and Unspecified are connected
    ; warning
    @(220.98 mm, 97.79 mm): Symbol Q16 Pin 3 [D, Unspecified, Line]
    @(220.98 mm, 101.60 mm): Symbol R208 Pin 2 [2, Unspecified, Line]
[pin_to_pin]: Pins of type Unspecified and Power input are connected
    ; warning
    @(113.03 mm, 214.63 mm): Symbol D24 Pin 2 [A, Unspecified, Line]
    @(113.03 mm, 214.63 mm): Symbol #PWR0163 Pin 1 [Power input, Line]
[pin_to_pin]: Pins of type Unspecified and Input are connected
    ; warning
    @(220.98 mm, 111.76 mm): Symbol R208 Pin 1 [1, Unspecified, Line]
    @(168.91 mm, 129.54 mm): Symbol D28 Pin 2 [A, Input, Line]
[multiple_net_names]: Both bat_shunt_P and SHUNT_P are attached to the same items; bat_shunt_P will be used in the netlist
    ; warning
    @(189.23 mm, 175.26 mm): Label 'bat_shunt_P'
    @(189.23 mm, 160.02 mm): Hierarchical Label 'SHUNT_P'
[multiple_net_names]: Both bat_shunt_N and SHUNT_N are attached to the same items; bat_shunt_N will be used in the netlist
    ; warning
    @(201.93 mm, 175.26 mm): Label 'bat_shunt_N'
    @(201.93 mm, 160.02 mm): Hierarchical Label 'SHUNT_N'
[pin_to_pin]: Pins of type Unspecified and Input are connected
    ; warning
    @(246.38 mm, 76.20 mm): Symbol R209 Pin 1 [1, Unspecified, Line]
    @(168.91 mm, 119.38 mm): Symbol D28 Pin 1 [C, Input, Line]
[pin_to_pin]: Pins of type Unspecified and Passive are connected
    ; warning
    @(190.50 mm, 182.88 mm): Symbol R207 Pin 1 [1, Unspecified, Line]
    @(189.23 mm, 181.61 mm): Symbol NT30 Pin 2 [2, Passive, Line]
[pin_to_pin]: Pins of type Unspecified and Passive are connected
    ; warning
    @(200.66 mm, 182.88 mm): Symbol R207 Pin 2 [2, Unspecified, Line]
    @(201.93 mm, 181.61 mm): Symbol NT31 Pin 2 [2, Passive, Line]
[pin_to_pin]: Pins of type Unspecified and Input are connected
    ; warning
    @(146.05 mm, 233.68 mm): Symbol Q15 Pin 1 [G, Unspecified, Line]
    @(140.97 mm, 229.87 mm): Symbol R202 Pin 2 [2, Input, Line]
[pin_to_pin]: Pins of type Unspecified and Input are connected
    ; warning
    @(269.24 mm, 59.69 mm): Symbol Q17 Pin 2 [S, Unspecified, Line]
    @(279.40 mm, 52.07 mm): Symbol R210 Pin 1 [1, Input, Line]
[pin_to_pin]: Pins of type Unspecified and Unspecified are connected
    ; warning
    @(269.24 mm, 69.85 mm): Symbol Q17 Pin 3 [D, Unspecified, Line]
    @(256.54 mm, 76.20 mm): Symbol R209 Pin 2 [2, Unspecified, Line]
[pin_to_pin]: Pins of type Unspecified and Input are connected
    ; warning
    @(140.97 mm, 241.30 mm): Symbol Q15 Pin 3 [S, Unspecified, Line]
    @(130.81 mm, 229.87 mm): Symbol R202 Pin 1 [1, Input, Line]
[pin_to_pin]: Pins of type Unspecified and Input are connected
    ; warning
    @(274.32 mm, 64.77 mm): Symbol Q17 Pin 1 [G, Unspecified, Line]
    @(279.40 mm, 62.23 mm): Symbol R210 Pin 2 [2, Input, Line]
[pin_to_pin]: Pins of type Unspecified and Unspecified are connected
    ; warning
    @(151.13 mm, 241.30 mm): Symbol Q15 Pin 2 [D, Unspecified, Line]
    @(160.02 mm, 241.30 mm): Symbol R206 Pin 3 [3, Unspecified, Line]
[pin_to_pin]: Pins of type Unspecified and Unspecified are connected
    ; warning
    @(151.13 mm, 241.30 mm): Symbol Q15 Pin 4 [D, Unspecified, Line]
    @(160.02 mm, 241.30 mm): Symbol R206 Pin 3 [3, Unspecified, Line]
[pin_to_pin]: Pins of type Unspecified and Unspecified are connected
    ; warning
    @(160.02 mm, 238.76 mm): Symbol R206 Pin 2 [2, Unspecified, Line]
    @(160.02 mm, 241.30 mm): Symbol R206 Pin 3 [3, Unspecified, Line]
[pin_to_pin]: Pins of type Unspecified and Input are connected
    ; warning
    @(170.18 mm, 238.76 mm): Symbol R206 Pin 1 [1, Unspecified, Line]
    @(168.91 mm, 129.54 mm): Symbol D28 Pin 2 [A, Input, Line]
[pin_to_pin]: Pins of type Unspecified and Input are connected
    ; warning
    @(292.10 mm, 69.85 mm): Symbol D31 Pin 2 [K, Unspecified, Line]
    @(292.10 mm, 62.23 mm): Symbol D30 Pin 1 [C, Input, Line]
[pin_to_pin]: Pins of type Unspecified and Input are connected
    ; warning
    @(292.10 mm, 80.01 mm): Symbol D31 Pin 1 [A, Unspecified, Line]
    @(292.10 mm, 83.82 mm): Symbol R211 Pin 1 [1, Input, Line]
[pin_to_pin]: Pins of type Unspecified and Unspecified are connected
    ; warning
    @(287.02 mm, 138.43 mm): Symbol C128 Pin 2 [2, Unspecified, Line]
    @(220.98 mm, 111.76 mm): Symbol R208 Pin 1 [1, Unspecified, Line]
[pin_to_pin]: Pins of type Unspecified and Unspecified are connected
    ; warning
    @(287.02 mm, 148.59 mm): Symbol C128 Pin 1 [1, Unspecified, Line]
    @(287.02 mm, 160.02 mm): Symbol C129 Pin 2 [2, Unspecified, Line]
[pin_to_pin]: Pins of type Unspecified and Input are connected
    ; warning
    @(287.02 mm, 170.18 mm): Symbol C129 Pin 1 [1, Unspecified, Line]
    @(292.10 mm, 93.98 mm): Symbol R211 Pin 2 [2, Input, Line]

 ** ERC messages: 1960  Errors 253  Warnings 1707
