"Refs","Value","Footprint","Datasheet","LCSC","Manufacturer","PartNumber","MPN","JLCPCBPart","Description"
"+ESC-CONNECTOR-1","XT60PW-M","5v rail sm-easyedapro:CONN-TH_XT60PW-M","https://item.szlcsc.com/datasheet/XT60PW-M/99942.html","","AMASS(艾迈斯)","","","","Power:- Output:- Input:- Size:- Interface:- Type:- Colour:Yellow MaximumCurrent:- Type:Horizontal plug RatedVoltage:- Type1:- NumberOfUSBHoles:- InterfaceType:Male MetalMaterial:- InsulationMaterial:- RatedCurrent:- RecommendedWireGauge:- FlameRetardantGr"
"-BatMains+1","XT60PW-M","5v rail sm-easyedapro:CONN-TH_XT60PW-M","https://item.szlcsc.com/datasheet/XT60PW-M/99942.html","","AMASS(艾迈斯)","","","","Power:- Output:- Input:- Size:- Interface:- Type:- Colour:Yellow MaximumCurrent:- Type:Horizontal plug RatedVoltage:- Type1:- NumberOfUSBHoles:- InterfaceType:Male MetalMaterial:- InsulationMaterial:- RatedCurrent:- RecommendedWireGauge:- FlameRetardantGr"
"AnyPower1","XL-1608UBC-04","JLCImport:XL-1608UBC-04","https://atta.szlcsc.com/upload/public/pdf/source/20210617/C2837377_50FC585D376FE0CDA016E524346528FF.pdf","C965807","XINGLIGHT(成兴光)","","","","Blue indicator led"
"BatBalConn1","ZX-XH2_54-4PWZ","JLCImport:ZX-XH2_54-4PWZ","https://atta.szlcsc.com/upload/public/pdf/source/20230619/825E28BFFB9F3B9EEDAD896C78D625B2.pdf","C7429643","Megastar(兆星)","","","",""
"C1","10uF","5v rail sm-easyedapro:C0805","https://atta.szlcsc.com/upload/public/pdf/source/20230811/95AAE0C9AF55EDC31B7A4D8B733F534E.pdf","","muRata(村田)","","","","Capacitance: Tolerance:±10% Tolerance:±10% Voltage Rated: Temperature Coefficient:"
"C2","100nF","5v rail sm-easyedapro:C0603","https://atta.szlcsc.com/upload/public/pdf/source/20180910/C282072_33301C7F631E79921B82A8DAC6BCC5B3.pdf","","YAGEO(国巨)","","","","Capacitance:100nF Tolerance:±10% Tolerance:±10% Voltage Rating:50V Temperature Coefficient:X7R"
"C3","10uF","5v rail sm-easyedapro:C0805","https://atta.szlcsc.com/upload/public/pdf/source/20230811/95AAE0C9AF55EDC31B7A4D8B733F534E.pdf","","muRata(村田)","","","","Capacitance: Tolerance:±10% Tolerance:±10% Voltage Rated: Temperature Coefficient:"
"C4","100nF","5v rail sm-easyedapro:C0603","https://atta.szlcsc.com/upload/public/pdf/source/20180910/C282072_33301C7F631E79921B82A8DAC6BCC5B3.pdf","","YAGEO(国巨)","","","","Capacitance:100nF Tolerance:±10% Tolerance:±10% Voltage Rating:50V Temperature Coefficient:X7R"
"C5","10uF","5v rail sm-easyedapro:C0805","https://atta.szlcsc.com/upload/public/pdf/source/20230811/95AAE0C9AF55EDC31B7A4D8B733F534E.pdf","","muRata(村田)","","","","Capacitance: Tolerance:±10% Tolerance:±10% Voltage Rated: Temperature Coefficient:"
"C6","100nF","5v rail sm-easyedapro:C0603","https://atta.szlcsc.com/upload/public/pdf/source/20180910/C282072_33301C7F631E79921B82A8DAC6BCC5B3.pdf","","YAGEO(国巨)","","","","Capacitance:100nF Tolerance:±10% Tolerance:±10% Voltage Rating:50V Temperature Coefficient:X7R"
"C7","217EC0037","JLCImport:217EC0037","https://atta.szlcsc.com/upload/public/pdf/source/20210422/EC1E536C9FD0A94CE1B32C3E1FF5D6BF.pdf","C42371908","KNSCHA(科尼盛)","","","","220uF ±20% 25V SMD,D6.3xL7.7mm 2000hrs@105℃"
"C8","ERA16V4700M13X25","JLCImport:ERA16V4700M13X25","https://atta.szlcsc.com/upload/public/pdf/source/20150922/1457707409314.pdf","C49256794","JIERR(捷而瑞)","","","",""
"C10","HGC1206R5107M100NSPJ","JLCImport:HGC1206R5107M100NSPJ","https://item.szlcsc.com/89171.html","C7432784","Chinocera(华瓷)","","","","100uF ±20% 10V Ceramic Capacitor X5R 1206"
"C11","HGC1206R5107M100NSPJ","JLCImport:HGC1206R5107M100NSPJ","https://item.szlcsc.com/89171.html","C7432784","Chinocera(华瓷)","","","","100uF ±20% 10V Ceramic Capacitor X5R 1206"
"C12","HGC1206R5107M100NSPJ","JLCImport:HGC1206R5107M100NSPJ","https://item.szlcsc.com/89171.html","C7432784","Chinocera(华瓷)","","","","100uF ±20% 10V Ceramic Capacitor X5R 1206"
"C13","4700uF","5v rail sm-easyedapro:CAP-TH_BD16.0-P7.50-D0.8-FD","https://item.szlcsc.com/datasheet/EWH1EM472L25OT/3032380.html","","AISHI(艾华集团)","","","","Capacitance:4700uF Tolerance:±20% Tolerance:±20% Voltage Rating:25V Diameter:16mm Height - Seated (Max):25mm Operating Temperature:-25°C~+105°C Operating Temperature:-25°C~+105°C"
"C14","100nF","5v rail sm-easyedapro:C0603","https://atta.szlcsc.com/upload/public/pdf/source/20180910/C282072_33301C7F631E79921B82A8DAC6BCC5B3.pdf","","YAGEO(国巨)","","","","Capacitance:100nF Tolerance:±10% Tolerance:±10% Voltage Rating:50V Temperature Coefficient:X7R"
"C15","1uF","5v rail sm-easyedapro:C0603","https://item.szlcsc.com/datasheet/CL10B105KB8NQNC/5885909.html","","SAMSUNG(三星)","","","","Capacitance:1uF Tolerance:±10% Tolerance:±10% Voltage Rating:50V Temperature Coefficient:X7R"
"C16","1uF","5v rail sm-easyedapro:C0603","https://item.szlcsc.com/datasheet/CL10B105KB8NQNC/5885909.html","","SAMSUNG(三星)","","","","Capacitance:1uF Tolerance:±10% Tolerance:±10% Voltage Rating:50V Temperature Coefficient:X7R"
"C18","470nF","5v rail sm-easyedapro:C0603","https://item.szlcsc.com/datasheet/0603B474K500NT/78701.html","","FH(风华)","","","","Capacitance:470nF Tolerance:±10% Tolerance:±10% Voltage Rating:50V Temperature Coefficient:X7R"
"C19","470nF","5v rail sm-easyedapro:C0603","https://item.szlcsc.com/datasheet/0603B474K500NT/78701.html","","FH(风华)","","","","Capacitance:470nF Tolerance:±10% Tolerance:±10% Voltage Rating:50V Temperature Coefficient:X7R"
"C20","22uF","5v rail sm-easyedapro:C0805","https://atta.szlcsc.com/upload/public/pdf/source/20231129/D589D0CC4D260F7AC3A77E53B455CCB3.pdf","","HRE(芯声)","","","","Capacitance:22uF Tolerance:±20% Tolerance:±20% Voltage Rated: Temperature Coefficient:"
"C21","22uF","5v rail sm-easyedapro:C0805","https://atta.szlcsc.com/upload/public/pdf/source/20231129/D589D0CC4D260F7AC3A77E53B455CCB3.pdf","","HRE(芯声)","","","","Capacitance:22uF Tolerance:±20% Tolerance:±20% Voltage Rated: Temperature Coefficient:"
"C22","100nF","5v rail sm-easyedapro:C0402","https://item.szlcsc.com/datasheet/CL05B104KB54PNC/291005.html","","SAMSUNG(三星)","","","","Capacitance:100nF Tolerance:±10% Tolerance:±10% Voltage Rating:50V Temperature Coefficient:X7R"
"C23","100nF","5v rail sm-easyedapro:C0603","https://atta.szlcsc.com/upload/public/pdf/source/20180910/C282072_33301C7F631E79921B82A8DAC6BCC5B3.pdf","","YAGEO(国巨)","","","","Capacitance:100nF Tolerance:±10% Tolerance:±10% Voltage Rating:50V Temperature Coefficient:X7R"
"C24","100nF","5v rail sm-easyedapro:C0603","https://atta.szlcsc.com/upload/public/pdf/source/20180910/C282072_33301C7F631E79921B82A8DAC6BCC5B3.pdf","","YAGEO(国巨)","","","","Capacitance:100nF Tolerance:±10% Tolerance:±10% Voltage Rating:50V Temperature Coefficient:X7R"
"C25","100nF","5v rail sm-easyedapro:C0603","https://atta.szlcsc.com/upload/public/pdf/source/20180910/C282072_33301C7F631E79921B82A8DAC6BCC5B3.pdf","","YAGEO(国巨)","","","","Capacitance:100nF Tolerance:±10% Tolerance:±10% Voltage Rating:50V Temperature Coefficient:X7R"
"C26","100nF","5v rail sm-easyedapro:C0402","https://atta.szlcsc.com/upload/public/pdf/source/20200305/C486355_26A10D38EF8C2A5C37091D0039909270.pdf","","FH(风华)","","","","Capacitance:100nF Tolerance:±10% Tolerance:±10% Voltage Rating:50V Temperature Coefficient:X7R"
"C27","100nF","5v rail sm-easyedapro:C0402","https://item.szlcsc.com/datasheet/CL05B104KB54PNC/291005.html","","SAMSUNG(三星)","","","","Capacitance:100nF Tolerance:±10% Tolerance:±10% Voltage Rating:50V Temperature Coefficient:X7R"
"C28","470pF","5v rail sm-easyedapro:C0402","https://atta.szlcsc.com/upload/public/pdf/source/20181008/C309499_21CC21451B82C39E3D92150FD6B30293.pdf","","YAGEO(国巨)","","","","Capacitance: Tolerance:±5% Tolerance:±5% Voltage Rated: Temperature Coefficient:"
"C29","220nF","5v rail sm-easyedapro:C0603","https://item.szlcsc.com/datasheet/TCC0603X7R224K500CT/322747.html","","CCTC(三环)","","","","Capacitance:220nF Tolerance:±10% Tolerance:±10% Voltage Rating:50V Temperature Coefficient:X7R"
"C30","100nF","5v rail sm-easyedapro:C0402","https://item.szlcsc.com/datasheet/CL05B104KB54PNC/291005.html","","SAMSUNG(三星)","","","","Capacitance:100nF Tolerance:±10% Tolerance:±10% Voltage Rating:50V Temperature Coefficient:X7R"
"C31","2pF","5v rail sm-easyedapro:C0402","https://item.szlcsc.com/datasheet/CC0402BRNPO9BN2R0/268139.html","","YAGEO(国巨)","","","","Capacitance:2pF Voltage Rating:50V Temperature Coefficient:NP0"
"C32","RVT1H220M0605","JLCImport:RVT1H220M0605","https://item.szlcsc.com/265679.html","C72505","ROQANG(容强)","","","","22uF 50V ±20%"
"C33","1uF","5v rail sm-easyedapro:C0603","https://item.szlcsc.com/datasheet/CGA0603X5R105K500JT/7062558.html","","HRE(芯声)","","","","Capacitance:1uF Tolerance:±10% Tolerance:±10% Voltage Rating:50V Temperature Coefficient:X5R"
"C34","100nF","5v rail sm-easyedapro:C0603","https://atta.szlcsc.com/upload/public/pdf/source/20180910/C282072_33301C7F631E79921B82A8DAC6BCC5B3.pdf","","YAGEO(国巨)","","","","Capacitance:100nF Tolerance:±10% Tolerance:±10% Voltage Rating:50V Temperature Coefficient:X7R"
"C35","1uF","5v rail sm-easyedapro:C0603","https://item.szlcsc.com/datasheet/CGA0603X5R105K500JT/7062558.html","","HRE(芯声)","","","","Capacitance:1uF Tolerance:±10% Tolerance:±10% Voltage Rating:50V Temperature Coefficient:X5R"
"C36","100nF","5v rail sm-easyedapro:C0603","https://atta.szlcsc.com/upload/public/pdf/source/20180910/C282072_33301C7F631E79921B82A8DAC6BCC5B3.pdf","","YAGEO(国巨)","","","","Capacitance:100nF Tolerance:±10% Tolerance:±10% Voltage Rating:50V Temperature Coefficient:X7R"
"C37","1uF","5v rail sm-easyedapro:C0603","https://item.szlcsc.com/datasheet/CGA0603X5R105K500JT/7062558.html","","HRE(芯声)","","","","Capacitance:1uF Tolerance:±10% Tolerance:±10% Voltage Rating:50V Temperature Coefficient:X5R"
"C38","100nF","5v rail sm-easyedapro:C0603","https://atta.szlcsc.com/upload/public/pdf/source/20180910/C282072_33301C7F631E79921B82A8DAC6BCC5B3.pdf","","YAGEO(国巨)","","","","Capacitance:100nF Tolerance:±10% Tolerance:±10% Voltage Rating:50V Temperature Coefficient:X7R"
"C39","100nF","5v rail sm-easyedapro:C0603","https://atta.szlcsc.com/upload/public/pdf/source/20180910/C282072_33301C7F631E79921B82A8DAC6BCC5B3.pdf","","YAGEO(国巨)","","","","Capacitance:100nF Tolerance:±10% Tolerance:±10% Voltage Rating:50V Temperature Coefficient:X7R"
"C40","10uF","5v rail sm-easyedapro:C0805","https://atta.szlcsc.com/upload/public/pdf/source/20230811/95AAE0C9AF55EDC31B7A4D8B733F534E.pdf","","muRata(村田)","","","","Capacitance: Tolerance:±10% Tolerance:±10% Voltage Rated: Temperature Coefficient:"
"C41","10nF","5v rail sm-easyedapro:C0201","https://item.szlcsc.com/datasheet/TCC0201X7R103K500ZT/5758953.html","","CCTC(三环)","","","","Capacitance:10nF Tolerance:±10% Tolerance:±10% Voltage Rating:50V Temperature Coefficient:X7R"
"C42","10nF","5v rail sm-easyedapro:C0201","https://item.szlcsc.com/datasheet/TCC0201X7R103K500ZT/5758953.html","","CCTC(三环)","","","","Capacitance:10nF Tolerance:±10% Tolerance:±10% Voltage Rating:50V Temperature Coefficient:X7R"
"C43","10nF","5v rail sm-easyedapro:C0201","https://item.szlcsc.com/datasheet/TCC0201X7R103K500ZT/5758953.html","","CCTC(三环)","","","","Capacitance:10nF Tolerance:±10% Tolerance:±10% Voltage Rating:50V Temperature Coefficient:X7R"
"C44","10uF","5v rail sm-easyedapro:C0805","https://atta.szlcsc.com/upload/public/pdf/source/20230811/95AAE0C9AF55EDC31B7A4D8B733F534E.pdf","","muRata(村田)","","","","Capacitance: Tolerance:±10% Tolerance:±10% Voltage Rated: Temperature Coefficient:"
"C45","100nF","5v rail sm-easyedapro:C0603","https://atta.szlcsc.com/upload/public/pdf/source/20180910/C282072_33301C7F631E79921B82A8DAC6BCC5B3.pdf","","YAGEO(国巨)","","","","Capacitance:100nF Tolerance:±10% Tolerance:±10% Voltage Rating:50V Temperature Coefficient:X7R"
"C46","10uF","5v rail sm-easyedapro:C0805","https://atta.szlcsc.com/upload/public/pdf/source/20230811/95AAE0C9AF55EDC31B7A4D8B733F534E.pdf","","muRata(村田)","","","","Capacitance: Tolerance:±10% Tolerance:±10% Voltage Rated: Temperature Coefficient:"
"C47","100nF","5v rail sm-easyedapro:C0603","https://atta.szlcsc.com/upload/public/pdf/source/20180910/C282072_33301C7F631E79921B82A8DAC6BCC5B3.pdf","","YAGEO(国巨)","","","","Capacitance:100nF Tolerance:±10% Tolerance:±10% Voltage Rating:50V Temperature Coefficient:X7R"
"C48","10uF","5v rail sm-easyedapro:C0805","https://atta.szlcsc.com/upload/public/pdf/source/20230811/95AAE0C9AF55EDC31B7A4D8B733F534E.pdf","","muRata(村田)","","","","Capacitance: Tolerance:±10% Tolerance:±10% Voltage Rated: Temperature Coefficient:"
"C49","100nF","5v rail sm-easyedapro:C0603","https://atta.szlcsc.com/upload/public/pdf/source/20180910/C282072_33301C7F631E79921B82A8DAC6BCC5B3.pdf","","YAGEO(国巨)","","","","Capacitance:100nF Tolerance:±10% Tolerance:±10% Voltage Rating:50V Temperature Coefficient:X7R"
"C50","100uF","5v rail sm-easyedapro:CAP-SMD_BD6.3-L6.6-W6.6-LS7.6-RD","https://atta.szlcsc.com/upload/public/pdf/source/20170325/1490427950282.pdf","","ROQANG(容强)","","","","Capacitance: Tolerance:±20% Tolerance:±20% Voltage Rating: Ripple Current:229mA@120Hz Diameter: Height - Seated (Max): Lifetime: Operating Temperature:-40°C~+105°C Operating Temperature:-40°C~+105°C"
"C51","4.7uF","5v rail sm-easyedapro:C0805","https://item.szlcsc.com/datasheet/CL21A475KBQNNNE/99401.html","","SAMSUNG(三星)","","","","Capacitance:4.7uF Tolerance:±10% Tolerance:±10% Voltage Rating:50V Temperature Coefficient:X5R"
"C52","4.7uF","5v rail sm-easyedapro:C0805","https://item.szlcsc.com/datasheet/CL21A475KBQNNNE/99401.html","","SAMSUNG(三星)","","","","Capacitance:4.7uF Tolerance:±10% Tolerance:±10% Voltage Rating:50V Temperature Coefficient:X5R"
"C53","100nF","5v rail sm-easyedapro:C0603","https://atta.szlcsc.com/upload/public/pdf/source/20180910/C282072_33301C7F631E79921B82A8DAC6BCC5B3.pdf","","YAGEO(国巨)","","","","Capacitance:100nF Tolerance:±10% Tolerance:±10% Voltage Rating:50V Temperature Coefficient:X7R"
"C54","1uF","5v rail sm-easyedapro:C0603","https://item.szlcsc.com/datasheet/CL10B105KB8NQNC/5885909.html","","SAMSUNG(三星)","","","","Capacitance:1uF Tolerance:±10% Tolerance:±10% Voltage Rating:50V Temperature Coefficient:X7R"
"C55","220nF","5v rail sm-easyedapro:C0603","https://item.szlcsc.com/datasheet/CL10B224KB8NNNC/65773.html","","SAMSUNG(三星)","","","","Capacitance:220nF Tolerance:±10% Tolerance:±10% Voltage Rating:50V Temperature Coefficient:X7R"
"C56","100nF","5v rail sm-easyedapro:C0603","https://atta.szlcsc.com/upload/public/pdf/source/20180910/C282072_33301C7F631E79921B82A8DAC6BCC5B3.pdf","","YAGEO(国巨)","","","","Capacitance:100nF Tolerance:±10% Tolerance:±10% Voltage Rating:50V Temperature Coefficient:X7R"
"C57","100nF","5v rail sm-easyedapro:C0603","https://atta.szlcsc.com/upload/public/pdf/source/20180910/C282072_33301C7F631E79921B82A8DAC6BCC5B3.pdf","","YAGEO(国巨)","","","","Capacitance:100nF Tolerance:±10% Tolerance:±10% Voltage Rating:50V Temperature Coefficient:X7R"
"C58","22uF","5v rail sm-easyedapro:C0805","https://item.szlcsc.com/datasheet/CL21A226MAQNNNE/46786.html","","SAMSUNG(三星)","","","","Capacitance:22uF Tolerance:±20% Tolerance:±20% Voltage Rating:25V Temperature Coefficient:X5R"
"C59","47uF","5v rail sm-easyedapro:CAP-SMD_BD6.3-L6.6-W6.6-LS7.6-FD","https://item.szlcsc.com/datasheet/RVT1H470M0607/73634.html","","ROQANG(容强)","","","","Capacitance:47uF Tolerance:±20% Tolerance:±20% Voltage Rating:50V Ripple Current:66mA@120Hz Equivalent Series Resistance(ESR):- Diameter:6.3mm Height - Seated (Max):7.7mm Lifetime:2000hrs@105°C Operating Temperature:-40°C~+105°C Operating Temperature:-40°C~+1"
"C60","470uF","5v rail sm-easyedapro:CAP-SMD_BD10.0-L10.3-W10.3-LS11.0-R-RD","https://atta.szlcsc.com/upload/public/pdf/source/20210128/C72519_A1B8ED607B11AD36B70B1D23AFC8819E.pdf","","ROQANG(容强)","","","","Capacitance:470uF Tolerance:±20% Tolerance:±20% Voltage Rating:35V Ripple Current:286mA@120Hz Equivalent Series Resistance(ESR):- Diameter:10mm Height - Seated (Max):10.2mm Lifetime:2000hrs@105°C Operating Temperature:-40°C~+105°C Operating Temperature:-40°C~"
"C61","1uF","5v rail sm-easyedapro:C0603","https://item.szlcsc.com/datasheet/CGA0603X5R105K500JT/7062558.html","","HRE(芯声)","","","","Capacitance:1uF Tolerance:±10% Tolerance:±10% Voltage Rating:50V Temperature Coefficient:X5R"
"C62","100nF","5v rail sm-easyedapro:C0603","https://atta.szlcsc.com/upload/public/pdf/source/20180910/C282072_33301C7F631E79921B82A8DAC6BCC5B3.pdf","","YAGEO(国巨)","","","","Capacitance:100nF Tolerance:±10% Tolerance:±10% Voltage Rating:50V Temperature Coefficient:X7R"
"C63","1uF","5v rail sm-easyedapro:C0603","https://item.szlcsc.com/datasheet/CGA0603X5R105K500JT/7062558.html","","HRE(芯声)","","","","Capacitance:1uF Tolerance:±10% Tolerance:±10% Voltage Rating:50V Temperature Coefficient:X5R"
"C64","100nF","5v rail sm-easyedapro:C0603","https://atta.szlcsc.com/upload/public/pdf/source/20180910/C282072_33301C7F631E79921B82A8DAC6BCC5B3.pdf","","YAGEO(国巨)","","","","Capacitance:100nF Tolerance:±10% Tolerance:±10% Voltage Rating:50V Temperature Coefficient:X7R"
"C65","10uF","5v rail sm-easyedapro:C1210","https://item.szlcsc.com/datasheet/GCM32EC71H106KA03L/137892.html","","muRata(村田)","","","","Capacitance:10uF Tolerance:±10% Tolerance:±10% Voltage Rating:50V Temperature Coefficient:X7S"
"C66","10uF","5v rail sm-easyedapro:C1210","https://item.szlcsc.com/datasheet/GCM32EC71H106KA03L/137892.html","","muRata(村田)","","","","Capacitance:10uF Tolerance:±10% Tolerance:±10% Voltage Rating:50V Temperature Coefficient:X7S"
"C68","100uF","5v rail sm-easyedapro:CAP-SMD_BD5.0-L5.3-W5.3-LS6.3-FD","https://atta.szlcsc.com/upload/public/pdf/source/20170325/1490427950282.pdf","","ROQANG(容强)","","","","Capacitance: Tolerance:±20% Tolerance:±20% Voltage Rating: Ripple Current:40mA@120Hz Equivalent Series Resistance(ESR):- Diameter: Height - Seated (Max): Lifetime:2000hrs@105°C Operating Temperature:-40°C~+105°C Operating Temperature:-40°C~+105°C"
"C69","47uF","5v rail sm-easyedapro:C1210","https://item.szlcsc.com/datasheet/CS3225X7R476K160NRL/6321105.html","","SAMWHA(三和)","","","","Capacitance:47uF Tolerance:±10% Tolerance:±10% Voltage Rating:16V Temperature Coefficient:X7R"
"C70","47uF","5v rail sm-easyedapro:C1210","https://item.szlcsc.com/datasheet/CS3225X7R476K160NRL/6321105.html","","SAMWHA(三和)","","","","Capacitance:47uF Tolerance:±10% Tolerance:±10% Voltage Rating:16V Temperature Coefficient:X7R"
"C71","47uF","5v rail sm-easyedapro:C1210","https://item.szlcsc.com/datasheet/CS3225X7R476K160NRL/6321105.html","","SAMWHA(三和)","","","","Capacitance:47uF Tolerance:±10% Tolerance:±10% Voltage Rating:16V Temperature Coefficient:X7R"
"C72","1uF","5v rail sm-easyedapro:C0603","https://item.szlcsc.com/datasheet/CGA0603X5R105K500JT/7062558.html","","HRE(芯声)","","","","Capacitance:1uF Tolerance:±10% Tolerance:±10% Voltage Rating:50V Temperature Coefficient:X5R"
"C73","100nF","5v rail sm-easyedapro:C0603","https://atta.szlcsc.com/upload/public/pdf/source/20180910/C282072_33301C7F631E79921B82A8DAC6BCC5B3.pdf","","YAGEO(国巨)","","","","Capacitance:100nF Tolerance:±10% Tolerance:±10% Voltage Rating:50V Temperature Coefficient:X7R"
"C74","100nF","5v rail sm-easyedapro:C0603","https://atta.szlcsc.com/upload/public/pdf/source/20180910/C282072_33301C7F631E79921B82A8DAC6BCC5B3.pdf","","YAGEO(国巨)","","","","Capacitance:100nF Tolerance:±10% Tolerance:±10% Voltage Rating:50V Temperature Coefficient:X7R"
"C75","22nF","5v rail sm-easyedapro:C0603","https://item.szlcsc.com/datasheet/TCC0603X7R223M500CT/730945.html","","CCTC(三环)","","","","Capacitance:22nF Tolerance:±20% Tolerance:±20% Voltage Rating:50V Temperature Coefficient:X7R"
"C76","1uF","5v rail sm-easyedapro:C0603","https://item.szlcsc.com/datasheet/CGA0603X5R105K500JT/7062558.html","","HRE(芯声)","","","","Capacitance:1uF Tolerance:±10% Tolerance:±10% Voltage Rating:50V Temperature Coefficient:X5R"
"C77","1uF","5v rail sm-easyedapro:C0603","https://item.szlcsc.com/datasheet/CGA0603X5R105K500JT/7062558.html","","HRE(芯声)","","","","Capacitance:1uF Tolerance:±10% Tolerance:±10% Voltage Rating:50V Temperature Coefficient:X5R"
"C78","100nF","5v rail sm-easyedapro:C0603","https://atta.szlcsc.com/upload/public/pdf/source/20180910/C282072_33301C7F631E79921B82A8DAC6BCC5B3.pdf","","YAGEO(国巨)","","","","Capacitance:100nF Tolerance:±10% Tolerance:±10% Voltage Rating:50V Temperature Coefficient:X7R"
"C79","22uF","5v rail sm-easyedapro:C0603","https://item.szlcsc.com/datasheet/CL10A226MP8NUNE/87471.html","","SAMSUNG(三星)","","","","Capacitance:22uF Tolerance:±20% Tolerance:±20% Voltage Rating:10V Temperature Coefficient:X5R"
"C80","100nF","5v rail sm-easyedapro:C0603","https://atta.szlcsc.com/upload/public/pdf/source/20180910/C282072_33301C7F631E79921B82A8DAC6BCC5B3.pdf","","YAGEO(国巨)","","","","Capacitance:100nF Tolerance:±10% Tolerance:±10% Voltage Rating:50V Temperature Coefficient:X7R"
"C81","100nF","5v rail sm-easyedapro:C0603","https://atta.szlcsc.com/upload/public/pdf/source/20180910/C282072_33301C7F631E79921B82A8DAC6BCC5B3.pdf","","YAGEO(国巨)","","","","Capacitance:100nF Tolerance:±10% Tolerance:±10% Voltage Rating:50V Temperature Coefficient:X7R"
"C82","470uF","5v rail sm-easyedapro:CAP-SMD_BD6.3-L6.6-W6.6-LS7.6-RD","","","ROQANG(容强)","","","","Capacitance:470uF Tolerance:±20% Tolerance:±20% Voltage Rating:16V Ripple Current:185mA@120Hz Diameter:6.3mm Height - Seated (Max):7.7mm Lifetime:2000hrs@105°C Operating Temperature:-40°C~+105°C Operating Temperature:-40°C~+105°C"
"C83","100nF","5v rail sm-easyedapro:C0603","https://atta.szlcsc.com/upload/public/pdf/source/20180910/C282072_33301C7F631E79921B82A8DAC6BCC5B3.pdf","","YAGEO(国巨)","","","","Capacitance:100nF Tolerance:±10% Tolerance:±10% Voltage Rating:50V Temperature Coefficient:X7R"
"C84","100nF","5v rail sm-easyedapro:C0603","https://atta.szlcsc.com/upload/public/pdf/source/20180910/C282072_33301C7F631E79921B82A8DAC6BCC5B3.pdf","","YAGEO(国巨)","","","","Capacitance:100nF Tolerance:±10% Tolerance:±10% Voltage Rating:50V Temperature Coefficient:X7R"
"C85","470uF","5v rail sm-easyedapro:CAP-SMD_BD6.3-L6.6-W6.6-LS7.6-RD","","","ROQANG(容强)","","","","Capacitance:470uF Tolerance:±20% Tolerance:±20% Voltage Rating:16V Ripple Current:185mA@120Hz Diameter:6.3mm Height - Seated (Max):7.7mm Lifetime:2000hrs@105°C Operating Temperature:-40°C~+105°C Operating Temperature:-40°C~+105°C"
"C87","10uF","5v rail sm-easyedapro:C0805","https://atta.szlcsc.com/upload/public/pdf/source/20230811/95AAE0C9AF55EDC31B7A4D8B733F534E.pdf","","muRata(村田)","","","","Capacitance: Tolerance:±10% Tolerance:±10% Voltage Rated: Temperature Coefficient:"
"C88","100nF","5v rail sm-easyedapro:C0603","https://atta.szlcsc.com/upload/public/pdf/source/20180910/C282072_33301C7F631E79921B82A8DAC6BCC5B3.pdf","","YAGEO(国巨)","","","","Capacitance:100nF Tolerance:±10% Tolerance:±10% Voltage Rating:50V Temperature Coefficient:X7R"
"C89","1uF","5v rail sm-easyedapro:C0603","https://item.szlcsc.com/datasheet/CL10B105KB8NQNC/5885909.html","","SAMSUNG(三星)","","","","Capacitance:1uF Tolerance:±10% Tolerance:±10% Voltage Rating:50V Temperature Coefficient:X7R"
"C90","100nF","5v rail sm-easyedapro:C0603","https://atta.szlcsc.com/upload/public/pdf/source/20180910/C282072_33301C7F631E79921B82A8DAC6BCC5B3.pdf","","YAGEO(国巨)","","","","Capacitance:100nF Tolerance:±10% Tolerance:±10% Voltage Rating:50V Temperature Coefficient:X7R"
"C91","100nF","5v rail sm-easyedapro:C0603","https://atta.szlcsc.com/upload/public/pdf/source/20180910/C282072_33301C7F631E79921B82A8DAC6BCC5B3.pdf","","YAGEO(国巨)","","","","Capacitance:100nF Tolerance:±10% Tolerance:±10% Voltage Rating:50V Temperature Coefficient:X7R"
"C92","4.7uF","5v rail sm-easyedapro:C0805","https://item.szlcsc.com/datasheet/CL21A475KBQNNNE/99401.html","","SAMSUNG(三星)","","","","Capacitance:4.7uF Tolerance:±10% Tolerance:±10% Voltage Rating:50V Temperature Coefficient:X5R"
"C93","1uF","5v rail sm-easyedapro:C0603","https://atta.szlcsc.com/upload/public/pdf/source/20160218/1457707763339.pdf","","SAMSUNG(三星)","","","","Capacitance: Tolerance:±10% Tolerance:±10% Voltage Rated: Temperature Coefficient:"
"C94","47uF","5v rail sm-easyedapro:C0805","https://item.szlcsc.com/datasheet/GRM21BR61A476ME15L/125403.html","","muRata(村田)","","","","Capacitance:47uF Tolerance:±20% Tolerance:±20% Voltage Rating:10V Temperature Coefficient:X5R"
"C95","47uF","5v rail sm-easyedapro:C0805","https://item.szlcsc.com/datasheet/GRM21BR61A476ME15L/125403.html","","muRata(村田)","","","","Capacitance:47uF Tolerance:±20% Tolerance:±20% Voltage Rating:10V Temperature Coefficient:X5R"
"C96","100nF","5v rail sm-easyedapro:C0603","https://atta.szlcsc.com/upload/public/pdf/source/20180910/C282072_33301C7F631E79921B82A8DAC6BCC5B3.pdf","","YAGEO(国巨)","","","","Capacitance:100nF Tolerance:±10% Tolerance:±10% Voltage Rating:50V Temperature Coefficient:X7R"
"C97","4.7uF","5v rail sm-easyedapro:C0805","https://item.szlcsc.com/datasheet/CL21A475KBQNNNE/99401.html","","SAMSUNG(三星)","","","","Capacitance:4.7uF Tolerance:±10% Tolerance:±10% Voltage Rating:50V Temperature Coefficient:X5R"
"C98","47uF","5v rail sm-easyedapro:CAP-SMD_BD6.3-L6.6-W6.6-LS7.6-FD","https://item.szlcsc.com/datasheet/RVT1H470M0607/73634.html","","ROQANG(容强)","","","","Capacitance:47uF Tolerance:±20% Tolerance:±20% Voltage Rating:50V Ripple Current:66mA@120Hz Equivalent Series Resistance(ESR):- Diameter:6.3mm Height - Seated (Max):7.7mm Lifetime:2000hrs@105°C Operating Temperature:-40°C~+105°C Operating Temperature:-40°C~+1"
"C99","1uF","5v rail sm-easyedapro:C0603","https://atta.szlcsc.com/upload/public/pdf/source/20160218/1457707763339.pdf","","SAMSUNG(三星)","","","","Capacitance: Tolerance:±10% Tolerance:±10% Voltage Rated: Temperature Coefficient:"
"C100","22uF","5v rail sm-easyedapro:C1206","https://item.szlcsc.com/datasheet/CL31A226KAHNNNE/13537.html","","SAMSUNG(三星)","","","","Capacitance:22uF Tolerance:±10% Tolerance:±10% Voltage Rating:25V Temperature Coefficient:X5R"
"C101","22uF","5v rail sm-easyedapro:C1206","https://item.szlcsc.com/datasheet/CL31A226KAHNNNE/13537.html","","SAMSUNG(三星)","","","","Capacitance:22uF Tolerance:±10% Tolerance:±10% Voltage Rating:25V Temperature Coefficient:X5R"
"C102","100nF","5v rail sm-easyedapro:C0603","https://atta.szlcsc.com/upload/public/pdf/source/20180910/C282072_33301C7F631E79921B82A8DAC6BCC5B3.pdf","","YAGEO(国巨)","","","","Capacitance:100nF Tolerance:±10% Tolerance:±10% Voltage Rating:50V Temperature Coefficient:X7R"
"C103","10uF","5v rail sm-easyedapro:C0805","https://atta.szlcsc.com/upload/public/pdf/source/20230811/95AAE0C9AF55EDC31B7A4D8B733F534E.pdf","","muRata(村田)","","","","Capacitance: Tolerance:±10% Tolerance:±10% Voltage Rated: Temperature Coefficient:"
"C104","10nF","5v rail sm-easyedapro:C0201","https://item.szlcsc.com/datasheet/TCC0201X7R103K500ZT/5758953.html","","CCTC(三环)","","","","Capacitance:10nF Tolerance:±10% Tolerance:±10% Voltage Rating:50V Temperature Coefficient:X7R"
"C105","10nF","5v rail sm-easyedapro:C0201","https://item.szlcsc.com/datasheet/TCC0201X7R103K500ZT/5758953.html","","CCTC(三环)","","","","Capacitance:10nF Tolerance:±10% Tolerance:±10% Voltage Rating:50V Temperature Coefficient:X7R"
"C106","10nF","5v rail sm-easyedapro:C0201","https://item.szlcsc.com/datasheet/TCC0201X7R103K500ZT/5758953.html","","CCTC(三环)","","","","Capacitance:10nF Tolerance:±10% Tolerance:±10% Voltage Rating:50V Temperature Coefficient:X7R"
"C107","100nF","5v rail sm-easyedapro:C0603","https://atta.szlcsc.com/upload/public/pdf/source/20180910/C282072_33301C7F631E79921B82A8DAC6BCC5B3.pdf","","YAGEO(国巨)","","","","Capacitance:100nF Tolerance:±10% Tolerance:±10% Voltage Rating:50V Temperature Coefficient:X7R"
"C108","22uF","5v rail sm-easyedapro:C0603","https://item.szlcsc.com/datasheet/CL10A226MP8NUNE/87471.html","","SAMSUNG(三星)","","","","Capacitance:22uF Tolerance:±20% Tolerance:±20% Voltage Rating:10V Temperature Coefficient:X5R"
"C109","100nF","5v rail sm-easyedapro:C0603","https://atta.szlcsc.com/upload/public/pdf/source/20180910/C282072_33301C7F631E79921B82A8DAC6BCC5B3.pdf","","YAGEO(国巨)","","","","Capacitance:100nF Tolerance:±10% Tolerance:±10% Voltage Rating:50V Temperature Coefficient:X7R"
"C110","220nF","5v rail sm-easyedapro:C0603","https://atta.szlcsc.com/upload/public/pdf/source/20180910/C282072_33301C7F631E79921B82A8DAC6BCC5B3.pdf","","YAGEO(国巨)","","","","Capacitance: Tolerance:±10% Tolerance:±10% Voltage Rated: Temperature Coefficient:"
"C111","220nF","5v rail sm-easyedapro:C0603","https://atta.szlcsc.com/upload/public/pdf/source/20180910/C282072_33301C7F631E79921B82A8DAC6BCC5B3.pdf","","YAGEO(国巨)","","","","Capacitance: Tolerance:±10% Tolerance:±10% Voltage Rated: Temperature Coefficient:"
"C112","220nF","5v rail sm-easyedapro:C0603","https://atta.szlcsc.com/upload/public/pdf/source/20180910/C282072_33301C7F631E79921B82A8DAC6BCC5B3.pdf","","YAGEO(国巨)","","","","Capacitance: Tolerance:±10% Tolerance:±10% Voltage Rated: Temperature Coefficient:"
"C113","220nF","5v rail sm-easyedapro:C0603","https://atta.szlcsc.com/upload/public/pdf/source/20180910/C282072_33301C7F631E79921B82A8DAC6BCC5B3.pdf","","YAGEO(国巨)","","","","Capacitance: Tolerance:±10% Tolerance:±10% Voltage Rated: Temperature Coefficient:"
"C114","100nF","5v rail sm-easyedapro:C0603","https://item.szlcsc.com/datasheet/TCC0603X7R104K500CT/268639.html","","CCTC(三环)","","","","Capacitance:100nF Tolerance:±10% Tolerance:±10% Voltage Rating:50V Temperature Coefficient:X7R"
"C115","100pF","5v rail sm-easyedapro:C0402","https://item.szlcsc.com/datasheet/FCC0402N101J500AT/5747025.html","","FOJAN(富捷)","","","","Capacitance:100pF Tolerance:±5% Tolerance:±5% Voltage Rating:50V Temperature Coefficient:C0G"
"C116","2.2uF","Capacitor_SMD:C_0603_1608Metric","~","","","","","","Unpolarized capacitor"
"C117","100nF","5v rail sm-easyedapro:C0603","https://atta.szlcsc.com/upload/public/pdf/source/20180910/C282072_33301C7F631E79921B82A8DAC6BCC5B3.pdf","","YAGEO(国巨)","","","","Capacitance:100nF Tolerance:±10% Tolerance:±10% Voltage Rating:50V Temperature Coefficient:X7R"
"C118","1uF","5v rail sm-easyedapro:C0603","https://atta.szlcsc.com/upload/public/pdf/source/20160218/1457707763339.pdf","","SAMSUNG(三星)","","","","Capacitance: Tolerance:±10% Tolerance:±10% Voltage Rated: Temperature Coefficient:"
"C119","470nF","5v rail sm-easyedapro:C0603","https://item.szlcsc.com/datasheet/0603B474K500NT/78701.html","","FH(风华)","","","","Capacitance:470nF Tolerance:±10% Tolerance:±10% Voltage Rating:50V Temperature Coefficient:X7R"
"C120","1uF","5v rail sm-easyedapro:C0603","https://item.szlcsc.com/datasheet/CGA0603X5R105K500JT/7062558.html","","HRE(芯声)","","","","Capacitance:1uF Tolerance:±10% Tolerance:±10% Voltage Rating:50V Temperature Coefficient:X5R"
"C121","100pF","5v rail sm-easyedapro:C0603","https://item.szlcsc.com/datasheet/CC0603JRNPO9BN101/15333.html","","YAGEO(国巨)","","","","Capacitance:100pF Tolerance:±5% Tolerance:±5% Voltage Rating:50V Temperature Coefficient:NP0"
"C122","100nF","5v rail sm-easyedapro:C0603","https://item.szlcsc.com/datasheet/CL10B104KC8NNNC/16407.html","","SAMSUNG(三星)","","","","Capacitance:100nF Tolerance:±10% Tolerance:±10% Voltage Rating:100V Temperature Coefficient:X7R"
"C123","100nF","5v rail sm-easyedapro:C0603","https://item.szlcsc.com/datasheet/CL10B104KC8NNNC/16407.html","","SAMSUNG(三星)","","","","Capacitance:100nF Tolerance:±10% Tolerance:±10% Voltage Rating:100V Temperature Coefficient:X7R"
"C124","100nF","5v rail sm-easyedapro:C0603","https://item.szlcsc.com/datasheet/CL10B104KC8NNNC/16407.html","","SAMSUNG(三星)","","","","Capacitance:100nF Tolerance:±10% Tolerance:±10% Voltage Rating:100V Temperature Coefficient:X7R"
"C125","100nF","5v rail sm-easyedapro:C0603","https://item.szlcsc.com/datasheet/CL10B104KC8NNNC/16407.html","","SAMSUNG(三星)","","","","Capacitance:100nF Tolerance:±10% Tolerance:±10% Voltage Rating:100V Temperature Coefficient:X7R"
"C126","1uF","5v rail sm-easyedapro:C0603","https://item.szlcsc.com/datasheet/CL10B105KB8NQNC/5885909.html","","SAMSUNG(三星)","","","","Capacitance:1uF Tolerance:±10% Tolerance:±10% Voltage Rating:50V Temperature Coefficient:X7R"
"C127","100nF","5v rail sm-easyedapro:C0603","https://atta.szlcsc.com/upload/public/pdf/source/20180910/C282072_33301C7F631E79921B82A8DAC6BCC5B3.pdf","","YAGEO(国巨)","","","","Capacitance:100nF Tolerance:±10% Tolerance:±10% Voltage Rating:50V Temperature Coefficient:X7R"
"C128","100nF","5v rail sm-easyedapro:C0603","https://item.szlcsc.com/datasheet/CL10B104KC8NNNC/16407.html","","SAMSUNG(三星)","","","","Capacitance:100nF Tolerance:±10% Tolerance:±10% Voltage Rating:100V Temperature Coefficient:X7R"
"C129","100nF","5v rail sm-easyedapro:C0603","https://item.szlcsc.com/datasheet/CL10B104KC8NNNC/16407.html","","SAMSUNG(三星)","","","","Capacitance:100nF Tolerance:±10% Tolerance:±10% Voltage Rating:100V Temperature Coefficient:X7R"
"C130","1uF","5v rail sm-easyedapro:C0603","https://atta.szlcsc.com/upload/public/pdf/source/20160218/1457707763339.pdf","","SAMSUNG(三星)","","","","Capacitance: Tolerance:±10% Tolerance:±10% Voltage Rated: Temperature Coefficient:"
"C131","470nF","5v rail sm-easyedapro:C0603","https://item.szlcsc.com/datasheet/0603B474K500NT/78701.html","","FH(风华)","","","","Capacitance:470nF Tolerance:±10% Tolerance:±10% Voltage Rating:50V Temperature Coefficient:X7R"
"C132","1uF","5v rail sm-easyedapro:C0603","https://atta.szlcsc.com/upload/public/pdf/source/20160218/1457707763339.pdf","","SAMSUNG(三星)","","","","Capacitance: Tolerance:±10% Tolerance:±10% Voltage Rated: Temperature Coefficient:"
"C133","470nF","5v rail sm-easyedapro:C0603","https://item.szlcsc.com/datasheet/0603B474K500NT/78701.html","","FH(风华)","","","","Capacitance:470nF Tolerance:±10% Tolerance:±10% Voltage Rating:50V Temperature Coefficient:X7R"
"C134","100nF","5v rail sm-easyedapro:C0603","https://atta.szlcsc.com/upload/public/pdf/source/20180910/C282072_33301C7F631E79921B82A8DAC6BCC5B3.pdf","","YAGEO(国巨)","","","","Capacitance:100nF Tolerance:±10% Tolerance:±10% Voltage Rating:50V Temperature Coefficient:X7R"
"C135","RVT1H220M0605","JLCImport:RVT1H220M0605","https://item.szlcsc.com/265679.html","C72505","ROQANG(容强)","","","","22uF 50V ±20%"
"C136","RVT1H220M0605","JLCImport:RVT1H220M0605","https://item.szlcsc.com/265679.html","C72505","ROQANG(容强)","","","","22uF 50V ±20%"
"C137","RVT1H220M0605","JLCImport:RVT1H220M0605","https://item.szlcsc.com/265679.html","C72505","ROQANG(容强)","","","","22uF 50V ±20%"
"C138","RVT1H220M0605","JLCImport:RVT1H220M0605","https://item.szlcsc.com/265679.html","C72505","ROQANG(容强)","","","","22uF 50V ±20%"
"C139","RVT1H220M0605","JLCImport:RVT1H220M0605","https://item.szlcsc.com/265679.html","C72505","ROQANG(容强)","","","","22uF 50V ±20%"
"C140","RVT1H220M0605","JLCImport:RVT1H220M0605","https://item.szlcsc.com/265679.html","C72505","ROQANG(容强)","","","","22uF 50V ±20%"
"C141","100nF","5v rail sm-easyedapro:C0603","https://atta.szlcsc.com/upload/public/pdf/source/20180910/C282072_33301C7F631E79921B82A8DAC6BCC5B3.pdf","","YAGEO(国巨)","","","","Capacitance:100nF Tolerance:±10% Tolerance:±10% Voltage Rating:50V Temperature Coefficient:X7R"
"C142","100nF","5v rail sm-easyedapro:C0603","https://atta.szlcsc.com/upload/public/pdf/source/20180910/C282072_33301C7F631E79921B82A8DAC6BCC5B3.pdf","","YAGEO(国巨)","","","","Capacitance:100nF Tolerance:±10% Tolerance:±10% Voltage Rating:50V Temperature Coefficient:X7R"
"C143","VKME1651E102MV","JLCImport:VKME1651E102MV","https://atta.szlcsc.com/upload/public/pdf/source/20200220/C487365_CBD0F9C143D6988F0F1834932849078A.pdf","C487334","Ymin(永铭)","","","",""
"C601","10uF","Capacitor_SMD:C_1206_3216Metric","~","","","","","","Unpolarized capacitor"
"C1701","100nF","Capacitor_SMD:C_0603_1608Metric","~","","","","","","Unpolarized capacitor"
"CN1","B2B-XH-A(LF)(SN)","5v rail sm-easyedapro:CONN-TH_B2B-XH-A-LF-SN","https://atta.szlcsc.com/upload/public/pdf/source/20180928/C265283_F9DFEEBDB2CF642B6BDFAB4B77BD2680.pdf","","JST","","","","Pins Structure:1x2P Pitch:2.5mm Mounting Style:Direct Insert Reference Series:XH Number of Pins:2P Number of Rows:1 Number of PINs Per Row:2 Row Spacing:- Current Rating (Max):3A Contact Material:Brass Contact Plating:Tin Operating Temperature Range:-25°C~"
"CN2","5017","5v rail sm-easyedapro:CONN-SMD_5017","","","","","","",""
"CN3","DB142R-5_08-8P","JLCImport:DB142R-5_08-8P","https://atta.szlcsc.com/upload/public/pdf/source/20210923/B6BFEFBD675ACB8BB7C705FCAAB6E1C3.pdf","C2898715","DORABO(地博电气)","","","",""
"CN4","EXT","5v rail sm-easyedapro:CONN-TH_2P-P2.50_HX25003-2A","https://item.szlcsc.com/datasheet/ZX-XH2.54-2PZZ/8427549.html","","Megastar(兆星)","","","","Pins Structure:1x2P Pitch:2.5mm Mounting Type:Through Hole Reference Series:XH Number of Pins:2P Number of Rows:1 Number of PINs Per Row:2 Row Spacing:- Current Rating:2A Contact Material:Brass Contact Plating:Tin Operating Temperature:-25°C~+85°C Operating"
"CN2301","S4B-XH-A_LF_SN","JLCImport:S4B-XH-A_LF_SN","https://item.szlcsc.com/169273.html","C157925","JST","","","",""
"CUR_1","INA3221AIRGVR","5v rail sm-easyedapro:QFN-16_L4.0-W4.0-P0.65-TL-EP2.2","https://www.ti.com/cn/lit/gpn/ina3221","","TI(德州仪器)","","","",""
"CUR_2","INA3221AIRGVR","5v rail sm-easyedapro:QFN-16_L4.0-W4.0-P0.65-TL-EP2.2","https://www.ti.com/cn/lit/gpn/ina3221","","TI(德州仪器)","","","",""
"D1","SMAJ16A","5v rail sm-easyedapro:SMA_L4.3-W2.6-LS5.0-RD","https://atta.szlcsc.com/upload/public/pdf/source/20240508/8B44FA02DF89A45C8C3EB0325515EF7C.pdf","","GOODWORK(固得沃克)","","","","Reverse Stand-Off Voltage (Vrwm):16V Clamping Voltage:26V Peak Pulse Current (Ipp):15.3A Peak Pulse Power Dissipation (Ppp):400W Voltage - Breakdown:17.8V Reverse Leakage Current (Ir):5uA Operating Temperature:-55°C~+150°C@(Tj) Operating Temperature:-55°C~+1"
"D3","SMF13A","5v rail sm-easyedapro:SOD-123FL_L2.8-W1.8-LS3.6-RD","https://item.szlcsc.com/datasheet/SMF13A/329064.html","","晶导微电子","","","","Polarity:Unidirectional Reverse Stand-Off Voltage (Vrwm):13V Clamping Voltage:21.5V Peak Pulse Current (Ipp):9.3A@10/1000us Peak Pulse Power Dissipation (Ppp):200W@10/1000us Voltage - Breakdown:15.9V Reverse Leakage Current (Ir):1uA Operating Temperature:"
"D4","SS36","5v rail sm-easyedapro:SMA_L4.4-W2.6-LS5.0-RD","https://item.szlcsc.com/datasheet/SS36/774166.html","","TWGMC(迪嘉)","","","","Diode Configuration:Independent Voltage - Forward(Vf@If):700mV@3A Voltage - DC Reverse(Vr):60V Current - Rectified:3A Reverse Leakage Current (Ir):500uA Operating Junction Temperature Range:-55°C~+125°C Operating Junction Temperature Range:-55°C~+125°C"
"D5","SS36","5v rail sm-easyedapro:SMA_L4.4-W2.6-LS5.0-RD","https://item.szlcsc.com/datasheet/SS36/774166.html","","TWGMC(迪嘉)","","","","Diode Configuration:Independent Voltage - Forward(Vf@If):700mV@3A Voltage - DC Reverse(Vr):60V Current - Rectified:3A Reverse Leakage Current (Ir):500uA Operating Junction Temperature Range:-55°C~+125°C Operating Junction Temperature Range:-55°C~+125°C"
"D6","SS36","5v rail sm-easyedapro:SMA_L4.4-W2.6-LS5.0-RD","https://item.szlcsc.com/datasheet/SS36/774166.html","","TWGMC(迪嘉)","","","","Diode Configuration:Independent Voltage - Forward(Vf@If):700mV@3A Voltage - DC Reverse(Vr):60V Current - Rectified:3A Reverse Leakage Current (Ir):500uA Operating Junction Temperature Range:-55°C~+125°C Operating Junction Temperature Range:-55°C~+125°C"
"D7","SS36","5v rail sm-easyedapro:SMA_L4.4-W2.6-LS5.0-RD","https://item.szlcsc.com/datasheet/SS36/774166.html","","TWGMC(迪嘉)","","","","Diode Configuration:Independent Voltage - Forward(Vf@If):700mV@3A Voltage - DC Reverse(Vr):60V Current - Rectified:3A Reverse Leakage Current (Ir):500uA Operating Junction Temperature Range:-55°C~+125°C Operating Junction Temperature Range:-55°C~+125°C"
"D8","SMF5_0A_C2857263","JLCImport:SMF5_0A_C2857263","https://item.szlcsc.com/336927.html","C2857263","JSMSEMI(杰盛微)","","","",""
"D9","TPD2E2U06DCKR","JLCImport:TPD2E2U06DCKR","https://img.jlc.com//pdf/applyPasteComponent/2021-05-27/574579G/77f3b700fe4a4b6a9f2a331052991257/REN_r07ds0170ej_rkz16twaqe_DST_20100921.pdf","C1855726","TI(德州仪器)","","","",""
"D10","SMAJ16A","5v rail sm-easyedapro:SMA_L4.3-W2.6-LS5.0-RD","https://atta.szlcsc.com/upload/public/pdf/source/20240508/8B44FA02DF89A45C8C3EB0325515EF7C.pdf","","GOODWORK(固得沃克)","","","","Reverse Stand-Off Voltage (Vrwm):16V Clamping Voltage:26V Peak Pulse Current (Ipp):15.3A Peak Pulse Power Dissipation (Ppp):400W Voltage - Breakdown:17.8V Reverse Leakage Current (Ir):5uA Operating Temperature:-55°C~+150°C@(Tj) Operating Temperature:-55°C~+1"
"D11","SBR8U60P5-13","5v rail sm-easyedapro:POWERDI-5_L5.4-W4.0-LS6.5-RD","https://item.szlcsc.com/datasheet/SBR8U60P5-13/166068.html","","DIODES(美台)","","","","Diode Configuration:- Voltage - Forward(Vf@If):460mV@8A Voltage - DC Reverse(Vr):60V Current - Rectified:8A Reverse Leakage Current (Ir):120uA@60V Non-Repetitive Peak Forward Surge Current:280A"
"D12","SBR8U60P5-13","5v rail sm-easyedapro:POWERDI-5_L5.4-W4.0-LS6.5-RD","https://item.szlcsc.com/datasheet/SBR8U60P5-13/166068.html","","DIODES(美台)","","","","Diode Configuration:- Voltage - Forward(Vf@If):460mV@8A Voltage - DC Reverse(Vr):60V Current - Rectified:8A Reverse Leakage Current (Ir):120uA@60V Non-Repetitive Peak Forward Surge Current:280A"
"D13","SMF13A","5v rail sm-easyedapro:SOD-123FL_L2.8-W1.8-LS3.6-RD","https://item.szlcsc.com/datasheet/SMF13A/329064.html","","晶导微电子","","","","Polarity:Unidirectional Reverse Stand-Off Voltage (Vrwm):13V Clamping Voltage:21.5V Peak Pulse Current (Ipp):9.3A@10/1000us Peak Pulse Power Dissipation (Ppp):200W@10/1000us Voltage - Breakdown:15.9V Reverse Leakage Current (Ir):1uA Operating Temperature:"
"D14","SMF13A","5v rail sm-easyedapro:SOD-123FL_L2.8-W1.8-LS3.6-RD","https://item.szlcsc.com/datasheet/SMF13A/329064.html","","晶导微电子","","","","Polarity:Unidirectional Reverse Stand-Off Voltage (Vrwm):13V Clamping Voltage:21.5V Peak Pulse Current (Ipp):9.3A@10/1000us Peak Pulse Power Dissipation (Ppp):200W@10/1000us Voltage - Breakdown:15.9V Reverse Leakage Current (Ir):1uA Operating Temperature:"
"D15","SMF13A","5v rail sm-easyedapro:SOD-123FL_L2.8-W1.8-LS3.6-RD","https://item.szlcsc.com/datasheet/SMF13A/329064.html","","晶导微电子","","","","Polarity:Unidirectional Reverse Stand-Off Voltage (Vrwm):13V Clamping Voltage:21.5V Peak Pulse Current (Ipp):9.3A@10/1000us Peak Pulse Power Dissipation (Ppp):200W@10/1000us Voltage - Breakdown:15.9V Reverse Leakage Current (Ir):1uA Operating Temperature:"
"D16","TPD4E02B04DQAR","5v rail sm-easyedapro:USON-10_L2.5-W1.0-P0.50-BL","https://www.ti.com/cn/lit/gpn/tpd4e02b04","","TI(德州仪器)","","","","Polarity:Bidirectional Reverse Stand-Off Voltage (Vrwm):3.6V Clamping Voltage:8.8V Peak Pulse Current (Ipp):2A@8/20us Peak Pulse Power Dissipation (Ppp):17W@8/20us Voltage - Breakdown:7.5V Reverse Leakage Current (Ir):10nA Number of Channels:4 Operating T"
"D17","SMBJ24A_C224017","JLCImport:SMBJ24A_C224017","https://cn.bing.com/search?q=datasheet： SMBJ5.0A-QH","C224017","Littelfuse(美国力特)","","","",""
"D18","BZT52C15","5v rail sm-easyedapro:SOD-123_L2.7-W1.6-LS3.7-RD","https://item.szlcsc.com/datasheet/BZT52C15/184816.html","","MDD(辰达半导体)","","","","Diode Configuration:Independent Zener Voltage(Nom):15V Reverse Leakage Current (Ir):100nA@11V Zener Voltage(Range):14.25V~15.75V Zener Voltage(Range):14.25V~15.75V Pd - Power Dissipation:500mW Impedance(Zzt):40Ω"
"D19","MMSZ4685T1G","5v rail sm-easyedapro:SOD-123_L2.8-W1.8-LS3.7-RD","https://item.szlcsc.com/datasheet/MMSZ4685T1G/67973.html","","onsemi(安森美)","","","","Diode Configuration:Independent Zener Voltage(Nom):3.6V Reverse Leakage Current (Ir):7.5uA@2V Zener Voltage(Range):3.42V~3.78V Zener Voltage(Range):3.42V~3.78V Pd - Power Dissipation:500mW Impedance(Zzt):- Operating Junction Temperature Range:-55°C~+150°C O"
"D20","BAT46W-7-F","5v rail sm-easyedapro:SOD-123_L2.8-W1.8-LS3.7-RD","https://item.szlcsc.com/datasheet/BAT46W-7-F/84316.html","","DIODES(美台)","","","","Voltage - Forward(Vf@If):450mV@10mA Voltage - DC Reverse(Vr):100V Current - Rectified:150mA Reverse Leakage Current (Ir):2uA@75V Operating Junction Temperature Range:-55°C~+125°C Operating Junction Temperature Range:-55°C~+125°C Non-Repetitive Peak Forward Su"
"D21","BAT46W-7-F","5v rail sm-easyedapro:SOD-123_L2.8-W1.8-LS3.7-RD","https://item.szlcsc.com/datasheet/BAT46W-7-F/84316.html","","DIODES(美台)","","","","Voltage - Forward(Vf@If):450mV@10mA Voltage - DC Reverse(Vr):100V Current - Rectified:150mA Reverse Leakage Current (Ir):2uA@75V Operating Junction Temperature Range:-55°C~+125°C Operating Junction Temperature Range:-55°C~+125°C Non-Repetitive Peak Forward Su"
"D22","BAT46W-7-F","5v rail sm-easyedapro:SOD-123_L2.8-W1.8-LS3.7-RD","https://item.szlcsc.com/datasheet/BAT46W-7-F/84316.html","","DIODES(美台)","","","","Voltage - Forward(Vf@If):450mV@10mA Voltage - DC Reverse(Vr):100V Current - Rectified:150mA Reverse Leakage Current (Ir):2uA@75V Operating Junction Temperature Range:-55°C~+125°C Operating Junction Temperature Range:-55°C~+125°C Non-Repetitive Peak Forward Su"
"D23","MMSZ5246B-7-F","5v rail sm-easyedapro:SOD-123_L2.7-W1.6-LS3.7-RD","https://item.szlcsc.com/datasheet/MMSZ5246B-7-F/75832.html","","DIODES(美台)","","","","Diode Configuration:Independent Zener Voltage(Nom):16V Reverse Leakage Current (Ir):100nA@12V Zener Voltage(Range):15.2V~16.8V Zener Voltage(Range):15.2V~16.8V Pd - Power Dissipation:370mW Impedance(Zzt):17Ω Impedance(Zzk):600Ω"
"D24","MMSZ5267BT1G","5v rail sm-easyedapro:SOD-123_L2.7-W1.6-LS3.7-RD","https://item.szlcsc.com/datasheet/MMSZ5267BT1G/81305.html","","onsemi(安森美)","","","","Diode Configuration:Independent Zener Voltage(Nom):75V Reverse Leakage Current (Ir):100nA@56V Zener Voltage(Range):71.25V~78.75V Zener Voltage(Range):71.25V~78.75V Pd - Power Dissipation:500mW Impedance(Zzt):270Ω Impedance(Zzk):1.7kΩ Operating Junction Te"
"D25","BAT46W-7-F","5v rail sm-easyedapro:SOD-123_L2.8-W1.8-LS3.7-RD","https://item.szlcsc.com/datasheet/BAT46W-7-F/84316.html","","DIODES(美台)","","","","Voltage - Forward(Vf@If):450mV@10mA Voltage - DC Reverse(Vr):100V Current - Rectified:150mA Reverse Leakage Current (Ir):2uA@75V Operating Junction Temperature Range:-55°C~+125°C Operating Junction Temperature Range:-55°C~+125°C Non-Repetitive Peak Forward Su"
"D26","MMSZ5246B_R1_00001","5v rail sm-easyedapro:SOD-123_L2.8-W1.8-LS3.7-RD","https://item.szlcsc.com/datasheet/MMSZ5246B_R1_00001/268339.html","","PANJIT(强茂)","","","","Diode Configuration:Independent Zener Voltage(Nom):16V Reverse Leakage Current (Ir):100nA@12V Zener Voltage(Range):15.2V~16.8V Zener Voltage(Range):15.2V~16.8V Pd - Power Dissipation:500mW Impedance(Zzt):17Ω Impedance(Zzk):600Ω Operating Junction Temperat"
"D27","BAT46W-7-F","5v rail sm-easyedapro:SOD-123_L2.8-W1.8-LS3.7-RD","https://item.szlcsc.com/datasheet/BAT46W-7-F/84316.html","","DIODES(美台)","","","","Voltage - Forward(Vf@If):450mV@10mA Voltage - DC Reverse(Vr):100V Current - Rectified:150mA Reverse Leakage Current (Ir):2uA@75V Operating Junction Temperature Range:-55°C~+125°C Operating Junction Temperature Range:-55°C~+125°C Non-Repetitive Peak Forward Su"
"D28","MMSZ5246B-7-F","5v rail sm-easyedapro:SOD-123_L2.7-W1.6-LS3.7-RD","https://item.szlcsc.com/datasheet/MMSZ5246B-7-F/75832.html","","DIODES(美台)","","","","Diode Configuration:Independent Zener Voltage(Nom):16V Reverse Leakage Current (Ir):100nA@12V Zener Voltage(Range):15.2V~16.8V Zener Voltage(Range):15.2V~16.8V Pd - Power Dissipation:370mW Impedance(Zzt):17Ω Impedance(Zzk):600Ω"
"D29","BZT52C5V1S-7-F","5v rail sm-easyedapro:SOD-323_L1.8-W1.3-LS2.5-RD","https://item.szlcsc.com/datasheet/BZT52C5V1S-7-F/162688.html","","DIODES(美台)","","","","Diode Configuration:Independent Zener Voltage(Nom):5.1V Reverse Leakage Current (Ir):1uA Zener Voltage(Range):4.8V~5.4V Zener Voltage(Range):4.8V~5.4V Pd - Power Dissipation:200mW Impedance(Zzt):60Ω Impedance(Zzk):480Ω Operating Junction Temperature Range"
"D30","MMSZ5246B-7-F","5v rail sm-easyedapro:SOD-123_L2.7-W1.6-LS3.7-RD","https://item.szlcsc.com/datasheet/MMSZ5246B-7-F/75832.html","","DIODES(美台)","","","","Diode Configuration:Independent Zener Voltage(Nom):16V Reverse Leakage Current (Ir):100nA@12V Zener Voltage(Range):15.2V~16.8V Zener Voltage(Range):15.2V~16.8V Pd - Power Dissipation:370mW Impedance(Zzt):17Ω Impedance(Zzk):600Ω"
"D31","BAT46W","5v rail sm-easyedapro:SOD-123_L2.7-W1.6-LS3.7-FD","https://item.szlcsc.com/datasheet/BAT46W/8397154.html","","R+O(宏嘉诚)","","","","Diode Configuration:Independent Voltage - Forward(Vf@If):450mV@10mA Voltage - DC Reverse(Vr):100V Current - Rectified:150mA Reverse Leakage Current (Ir):2uA@100V Non-Repetitive Peak Forward Surge Current:750mA"
"D32","UCLAMP3301P","5v rail sm-easyedapro:DFN1006-2L-RD","https://item.szlcsc.com/datasheet/UCLAMP3301P/21156834.html","","TECH PUBLIC(台舟)","","","","Polarity:Unidirectional Reverse Stand-Off Voltage (Vrwm):3.3V Clamping Voltage:15V Peak Pulse Current (Ipp):4A@8/20us Peak Pulse Power Dissipation (Ppp):60W@8/20us Voltage - Breakdown:4.2V Reverse Leakage Current (Ir):80nA Number of Channels:1 Operating T"
"D33","ESD9X5VU","JLCImport:ESD9X5VU","https://item.szlcsc.com/162710.html","C2875160","TECH PUBLIC(台舟)","","","",""
"D34","SMF24A_C19077514","JLCImport:SMF24A_C19077514","https://item.szlcsc.com/371413.html","C19077514","R+O(宏嘉诚)","","","",""
"D35","SS54_C123946","JLCImport:SS54_C123946","https://so.szlcsc.com/global.html?c=&k=C50840","C123946","晶导微电子","","","",""
"D36","SMBJ24A_C224017","JLCImport:SMBJ24A_C224017","https://cn.bing.com/search?q=datasheet： SMBJ5.0A-QH","C224017","Littelfuse(美国力特)","","","",""
"DC1","20V Supply","5v rail sm-easyedapro:DC-IN-TH_DC005","https://atta.szlcsc.com/upload/public/pdf/source/20190925/C431533_4751811035784AC1D38EBC85F7905E99.pdf","","SHOU HAN(首韩)","","","","Connector Type:DC Power Receptacle Mounting Style:Bend-in Inside Contact Diameter:2mm Outside Contact Diameter:6.3mm Current Rating (Max):500mA Voltage Rating (Max):30V Operating Temperature Range:-25°C~+70°C Operating Temperature Range:-25°C~+70°C"
"DC2","3S Charger","5v rail sm-easyedapro:DC-IN-TH_DC005","https://atta.szlcsc.com/upload/public/pdf/source/20190925/C431533_4751811035784AC1D38EBC85F7905E99.pdf","","SHOU HAN(首韩)","","","","Connector Type:DC Power Receptacle Mounting Style:Bend-in Inside Contact Diameter:2mm Outside Contact Diameter:6.3mm Current Rating (Max):500mA Voltage Rating (Max):30V Operating Temperature Range:-25°C~+70°C Operating Temperature Range:-25°C~+70°C"
"F1","XF-507P","5v rail sm-easyedapro:CONN-TH_XF-507P","https://item.szlcsc.com/datasheet/XF-507P/699208.html","","XFCN(兴飞)","","","","Fuseholder Type:- Voltage Rating:60V Current Rating:30A Fuse Type:-"
"F2","0466001.NRHF","5v rail sm-easyedapro:F1206","https://item.szlcsc.com/datasheet/0466001.NRHF/162475.html","","Littelfuse(美国力特)","","","","Type:Surface Mount Fuse Current Rating:1A Voltage Rating (AC):63V Voltage Rating (DC):63V Operating Temperature:-55°C~+90°C Operating Temperature:-55°C~+90°C Interrupt Rating:50A"
"F3","0466001.NRHF","5v rail sm-easyedapro:F1206","https://item.szlcsc.com/datasheet/0466001.NRHF/162475.html","","Littelfuse(美国力特)","","","","Type:Surface Mount Fuse Current Rating:1A Voltage Rating (AC):63V Voltage Rating (DC):63V Operating Temperature:-55°C~+90°C Operating Temperature:-55°C~+90°C Interrupt Rating:50A"
"F4","0466001.NRHF","5v rail sm-easyedapro:F1206","https://item.szlcsc.com/datasheet/0466001.NRHF/162475.html","","Littelfuse(美国力特)","","","","Type:Surface Mount Fuse Current Rating:1A Voltage Rating (AC):63V Voltage Rating (DC):63V Operating Temperature:-55°C~+90°C Operating Temperature:-55°C~+90°C Interrupt Rating:50A"
"F5","JK-nSMD050-30","5v rail sm-easyedapro:F1206","https://item.szlcsc.com/datasheet/JK-nSMD050-30/764095.html","","JK(金科)","","","","Voltage - Max:30V Current - Max:100A Hold Current:500mA Trip Current:1A Power Dissipation:600mW Resistance - Initial (Ri) (Min):150mΩ Resistance - Post Trip (R1) (Max):300mΩ Time to Trip(Max):100ms Operating Temperature:-40°C~+85°C Operating Temperature:-40"
"frankyface101","~","5v rail sm-easyedapro:frankyface","","","","","","",""
"H2","PZ254V-11-02P","5v rail sm-easyedapro:HDR-TH_2P-P2.54-V-M","https://item.szlcsc.com/datasheet/PZ254V-11-02P/502957.html","","XFCN(兴飞)","","","","Pin Structure:1x2P Pitch:2.54mm Row Spacing:- Circluar Pins/Square Pins:Pin Header Mounting Type:Through Hole Number of Rows:1 Number of Pins:2P Current Rating:- Voltage Rating (Max):- Length of Mating Pin:6mm Insulation Height:2.5mm Length of End Connect"
"H3","TSW-104-08-T-T-RA","5v rail sm-easyedapro:HDR-TH_12P-P2.54-H-M-R3-C4_TSW-104-08-XXX-T-RA","https://item.szlcsc.com/datasheet/TSW-104-08-T-T-RA/3900386.html","","SAMTEC","","","","Pitch:2.54mm Row Spacing:2.54mm Circluar Pins/Square Pins:Pin Header Mounting Type:Right Angle Number of Rows:3 Number of Pins:12P Current Rating:- Voltage Rating (Max):- Length of Mating Pin:5.84mm Insulation Height:8.13mm Length of End Connection Pin:2."
"H4","TSW-104-08-T-T-RA","5v rail sm-easyedapro:HDR-TH_12P-P2.54-H-M-R3-C4_TSW-104-08-XXX-T-RA","https://item.szlcsc.com/datasheet/TSW-104-08-T-T-RA/3900386.html","","SAMTEC","","","","Pitch:2.54mm Row Spacing:2.54mm Circluar Pins/Square Pins:Pin Header Mounting Type:Right Angle Number of Rows:3 Number of Pins:12P Current Rating:- Voltage Rating (Max):- Length of Mating Pin:5.84mm Insulation Height:8.13mm Length of End Connection Pin:2."
"J7","PINHD_1x8_Male","Connector_PinHeader_2.54mm:PinHeader_1x08_P2.54mm_Vertical","","","","","","","Pin Header male with pin space 2.54mm. Pin Count -8"
"J8","PINHD_1x8_Male","Connector_PinHeader_2.54mm:PinHeader_1x08_P2.54mm_Vertical","","","","","","","Pin Header male with pin space 2.54mm. Pin Count -8"
"J9","PINHD_1x8_Male","Connector_PinHeader_2.54mm:PinHeader_1x08_P2.54mm_Vertical","","","","","","","Pin Header male with pin space 2.54mm. Pin Count -8"
"J10","PINHD_1x8_Male","Connector_PinHeader_2.54mm:PinHeader_1x08_P2.54mm_Vertical","","","","","","","Pin Header male with pin space 2.54mm. Pin Count -8"
"J11","PINHD_1x8_Male","Connector_PinHeader_2.54mm:PinHeader_1x08_P2.54mm_Vertical","","","","","","","Pin Header male with pin space 2.54mm. Pin Count -8"
"J12","PINHD_1x8_Male","Connector_PinHeader_2.54mm:PinHeader_1x08_P2.54mm_Vertical","","","","","","","Pin Header male with pin space 2.54mm. Pin Count -8"
"JP1","Jumper_2_Bridged","Jumper:SolderJumper-2_P1.3mm_Bridged_RoundedPad1.0x1.5mm","~","","","","","","Jumper, 2-pole, closed/bridged"
"JP3","Jumper_2_Bridged","Jumper:SolderJumper-2_P1.3mm_Bridged_RoundedPad1.0x1.5mm","~","","","","","","Jumper, 2-pole, closed/bridged"
"JP4","Jumper_2_Bridged","Jumper:SolderJumper-2_P1.3mm_Bridged_RoundedPad1.0x1.5mm","~","","","","","","Jumper, 2-pole, closed/bridged"
"JP1701","Jumper_2_Small_Bridged","PCM_SparkFun-Jumper:Jumper_2_NC_Trace","~","","","","","","Jumper, 2-pole, small symbol, bridged"
"JP2101","Jumper_2_Open","PCM_SparkFun-Jumper:Jumper_2_NO","~","","","","","","Jumper, 2-pole, open"
"JP2301","Jumper_2_Bridged","Jumper:SolderJumper-2_P1.3mm_Bridged_RoundedPad1.0x1.5mm","~","","","","","","Jumper, 2-pole, closed/bridged"
"KAJFACE1","~","","","","","","","",""
"KAJFACE2","~","","","","","","","",""
"KAJFACE3","~","5v rail sm-easyedapro:kaj","","","","","","",""
"LED1","XL-1608UBC-04","JLCImport:XL-1608UBC-04","https://atta.szlcsc.com/upload/public/pdf/source/20210617/C2837377_50FC585D376FE0CDA016E524346528FF.pdf","C965807","XINGLIGHT(成兴光)","","","","Blue indicator led"
"LED2","XL-1608UBC-04","JLCImport:XL-1608UBC-04","https://atta.szlcsc.com/upload/public/pdf/source/20210617/C2837377_50FC585D376FE0CDA016E524346528FF.pdf","C965807","XINGLIGHT(成兴光)","","","","Blue indicator led"
"LED3","XL-1608UBC-04","JLCImport:XL-1608UBC-04","https://atta.szlcsc.com/upload/public/pdf/source/20210617/C2837377_50FC585D376FE0CDA016E524346528FF.pdf","C965807","XINGLIGHT(成兴光)","","","","Blue indicator led"
"LED4","XL-1608UBC-04","JLCImport:XL-1608UBC-04","https://atta.szlcsc.com/upload/public/pdf/source/20210617/C2837377_50FC585D376FE0CDA016E524346528FF.pdf","C965807","XINGLIGHT(成兴光)","","","","Blue indicator led"
"LED5","XL-1608UBC-04","JLCImport:XL-1608UBC-04","https://atta.szlcsc.com/upload/public/pdf/source/20210617/C2837377_50FC585D376FE0CDA016E524346528FF.pdf","C965807","XINGLIGHT(成兴光)","","","","Blue indicator led"
"LED6","PSC-1608U50GC-G4","5v rail sm-easyedapro:LED0603-RD_GREEN","https://atta.szlcsc.com/upload/public/pdf/source/20240328/1E8DD16A94D1B62ECE930CA637B2D3DA.pdf","","HONGLITRONIC(鸿利光电)","","","","Emitted Color:Green"
"LED7","19-217UYOC/S3112/TR8","5v rail sm-easyedapro:LED0603-RD","","","EVERLIGHT(亿光)","","","","Illumination Color:Amber Power(Watts):60mW Forward Current:5mA Wavelength - Dominant:605nm Wavelength - Dominant:605nm Peak Wavelength:611nm Diode Configuration:- Lens Color:Water Clear Color Temperature:- Color Temperature:- Viewing Angle:120° Mounting S"
"LED8","TJ-S1608SW6THBLC2R-A5","JLCImport:TJ-S1608SW6THBLC2R-A5","https://item.szlcsc.com/221679.html","C601667","TOGIALED(统佳)","","","",""
"LED9","XL-1608UOC-06","JLCImport:XL-1608UOC-06","https://lcsc.com/product-detail/Light-Emitting-Diodes-LED_Hubei-KENTO-Elec-0603-Green_C12624.html","C965800","XINGLIGHT(成兴光)","","","",""
"nona101","~","5v rail sm-easyedapro:evilary","","","","","","",""
"ONBOARD_3v1","PZ254V-11-02P","5v rail sm-easyedapro:HDR-TH_2P-P2.54-V-M","https://item.szlcsc.com/datasheet/PZ254V-11-02P/502957.html","","XFCN(兴飞)","","","","Pin Structure:1x2P Pitch:2.54mm Row Spacing:- Circluar Pins/Square Pins:Pin Header Mounting Type:Through Hole Number of Rows:1 Number of Pins:2P Current Rating:- Voltage Rating (Max):- Length of Mating Pin:6mm Insulation Height:2.5mm Length of End Connect"
"ONBOARD_3v101","PZ254V-11-02P","5v rail sm-easyedapro:HDR-TH_2P-P2.54-V-M","https://item.szlcsc.com/datasheet/PZ254V-11-02P/502957.html","","XFCN(兴飞)","","","","Pin Structure:1x2P Pitch:2.54mm Row Spacing:- Circluar Pins/Square Pins:Pin Header Mounting Type:Through Hole Number of Rows:1 Number of Pins:2P Current Rating:- Voltage Rating (Max):- Length of Mating Pin:6mm Insulation Height:2.5mm Length of End Connect"
"ONBOARD_5V1","PZ254V-11-02P","5v rail sm-easyedapro:HDR-TH_2P-P2.54-V-M","https://item.szlcsc.com/datasheet/PZ254V-11-02P/502957.html","","XFCN(兴飞)","","","","Pin Structure:1x2P Pitch:2.54mm Row Spacing:- Circluar Pins/Square Pins:Pin Header Mounting Type:Through Hole Number of Rows:1 Number of Pins:2P Current Rating:- Voltage Rating (Max):- Length of Mating Pin:6mm Insulation Height:2.5mm Length of End Connect"
"Q1","L2N7002SLLT1G","JLCImport:L2N7002SLLT1G","https://item.szlcsc.com/139341.html","C22446827","LRC(乐山无线电)","","","",""
"Q3","L2N7002SLLT1G","5v rail sm-easyedapro:SOT-23-3_L3.0-W1.7-P0.95-LS2.9-BR","https://atta.szlcsc.com/upload/public/pdf/source/20240529/804683F6F610BC810C43B61F364F3FCA.pdf","","LRC(乐山无线电)","","","","Type:1 N-channel Drain to Source Voltage:60V Current - Continuous Drain(Id): RDS(on):2.8Ω@10V,500mA Pd - Power Dissipation:300mW Gate Threshold Voltage (Vgs(th)@Id):- Gate Charge(Qg):440pC@4.5V Input Capacitance(Ciss@Vds):35pF@25V Reverse Transfer Capacit"
"Q9","DMP3028LK3-13","5v rail sm-easyedapro:TO-252-2_L6.6-W6.1-P4.58-LS9.9-TL","https://item.szlcsc.com/datasheet/DMP3028LK3-13/465507.html","","DIODES(美台)","","","","Number:1 P-Channel Drain to Source Voltage:30V Current - Continuous Drain(Id):27A RDS(on):25mΩ@10V,22A Pd - Power Dissipation:1.6W Gate Threshold Voltage (Vgs(th)):1V Gate Charge(Qg):22nC@10V Input Capacitance(Ciss):1.241nF@15V Reverse Transfer Capacitanc"
"Q10","L2N7002SLLT1G","5v rail sm-easyedapro:SOT-23-3_L3.0-W1.7-P0.95-LS2.9-BR","https://atta.szlcsc.com/upload/public/pdf/source/20240529/804683F6F610BC810C43B61F364F3FCA.pdf","","LRC(乐山无线电)","","","","Type:1 N-channel Drain to Source Voltage:60V Current - Continuous Drain(Id): RDS(on):2.8Ω@10V,500mA Pd - Power Dissipation:300mW Gate Threshold Voltage (Vgs(th)@Id):- Gate Charge(Qg):440pC@4.5V Input Capacitance(Ciss@Vds):35pF@25V Reverse Transfer Capacit"
"Q11","SIRA99DP-T1-GE3","JLCImport:SIRA99DP-T1-GE3","https://atta.szlcsc.com/upload/public/pdf/source/20180719/C241863_6D70112EF6FB285AD50169E19E4828EA.pdf","C3289459","VISHAY(威世)","","","",""
"Q12","L2N7002SLLT1G","5v rail sm-easyedapro:SOT-23-3_L3.0-W1.7-P0.95-LS2.9-BR","https://atta.szlcsc.com/upload/public/pdf/source/20240529/804683F6F610BC810C43B61F364F3FCA.pdf","","LRC(乐山无线电)","","","","Type:1 N-channel Drain to Source Voltage:60V Current - Continuous Drain(Id): RDS(on):2.8Ω@10V,500mA Pd - Power Dissipation:300mW Gate Threshold Voltage (Vgs(th)@Id):- Gate Charge(Qg):440pC@4.5V Input Capacitance(Ciss@Vds):35pF@25V Reverse Transfer Capacit"
"Q13","IPT012N08N5(TOKMAS)","5v rail sm-easyedapro:HSOF-8_IPT007N06N","https://item.szlcsc.com/datasheet/IPT012N08N5(TOKMAS)/20912940.html","","Tokmas(托克马斯)","","","","Number:One N-channel Drain to Source Voltage:85V Current - Continuous Drain(Id):300A RDS(on):0.9mΩ Pd - Power Dissipation:500W Gate Threshold Voltage (Vgs(th)):2V Gate Charge(Qg):240nC@10V Input Capacitance(Ciss):14.49nF Reverse Transfer Capacitance (Crss"
"Q14","IPT012N08N5(TOKMAS)","5v rail sm-easyedapro:HSOF-8_IPT007N06N","https://item.szlcsc.com/datasheet/IPT012N08N5(TOKMAS)/20912940.html","","Tokmas(托克马斯)","","","","Number:One N-channel Drain to Source Voltage:85V Current - Continuous Drain(Id):300A RDS(on):0.9mΩ Pd - Power Dissipation:500W Gate Threshold Voltage (Vgs(th)):2V Gate Charge(Qg):240nC@10V Input Capacitance(Ciss):14.49nF Reverse Transfer Capacitance (Crss"
"Q15","ZXMP10A17GTA","5v rail sm-easyedapro:SOT-223-3_L6.5-W3.4-P2.30-LS7.0-BR","https://item.szlcsc.com/datasheet/ZXMP10A17GTA/33963.html","","DIODES(美台)","","","","Number:1 P-Channel Drain to Source Voltage:100V Current - Continuous Drain(Id):2.4A RDS(on):450mΩ@6.0V Pd - Power Dissipation:2W Gate Threshold Voltage (Vgs(th)):4V@250uA Gate Charge(Qg):10.7nC@10V Input Capacitance(Ciss):424pF Reverse Transfer Capacitanc"
"Q16","BSS84AK,215","5v rail sm-easyedapro:SOT-23_L2.9-W1.3-P1.90-LS2.4-BR","https://atta.szlcsc.com/upload/public/pdf/source/20180126/C127273_15169558114491308848.pdf","","Nexperia(安世)","","","","Type:1个PChannel Drain Source Voltage (Vdss): Continuous Drain Current (Id): Power Dissipation (Pd):； Drain Source On Resistance (RDS(on)@Vgs,Id):7.5Ω@10V,100mA Gate Threshold Voltage (Vgs(th)@Id):2.1V@250uA Total Gate Charge (Qg@Vgs):350pC@5V Input Capaci"
"Q17","BSS123NH6327","5v rail sm-easyedapro:SOT-23-3_L2.9-W1.3-P1.90-LS2.4-BR","https://item.szlcsc.com/datasheet/BSS123NH6327/5897597.html","","Infineon(英飞凌)","","","","Number:1 N-Channel Drain to Source Voltage:100V Current - Continuous Drain(Id):190mA RDS(on):6Ω@10V,0.19A Pd - Power Dissipation:500mW Gate Threshold Voltage (Vgs(th)):1.8V Gate Charge(Qg):900pC@10V Input Capacitance(Ciss):20.9pF@25V Reverse Transfer Capa"
"Q18","L2N7002SLLT1G","5v rail sm-easyedapro:SOT-23-3_L3.0-W1.7-P0.95-LS2.9-BR","https://atta.szlcsc.com/upload/public/pdf/source/20240529/804683F6F610BC810C43B61F364F3FCA.pdf","","LRC(乐山无线电)","","","","Type:1 N-channel Drain to Source Voltage:60V Current - Continuous Drain(Id): RDS(on):2.8Ω@10V,500mA Pd - Power Dissipation:300mW Gate Threshold Voltage (Vgs(th)@Id):- Gate Charge(Qg):440pC@4.5V Input Capacitance(Ciss@Vds):35pF@25V Reverse Transfer Capacit"
"Q19","CSD18563Q5A","JLCImport:CSD18563Q5A","https://atta.szlcsc.com/upload/public/pdf/source/20200113/C461954_2B67A8A51D2D89EB09DD73C2429BC8A9.pdf","C77239","TI(德州仪器)","","","",""
"Q20","CSD18563Q5A","JLCImport:CSD18563Q5A","https://atta.szlcsc.com/upload/public/pdf/source/20200113/C461954_2B67A8A51D2D89EB09DD73C2429BC8A9.pdf","C77239","TI(德州仪器)","","","",""
"Q21","CSD18563Q5A","JLCImport:CSD18563Q5A","https://atta.szlcsc.com/upload/public/pdf/source/20200113/C461954_2B67A8A51D2D89EB09DD73C2429BC8A9.pdf","C77239","TI(德州仪器)","","","",""
"Q22","CSD18563Q5A","JLCImport:CSD18563Q5A","https://atta.szlcsc.com/upload/public/pdf/source/20200113/C461954_2B67A8A51D2D89EB09DD73C2429BC8A9.pdf","C77239","TI(德州仪器)","","","",""
"Q23","CSD18563Q5A","JLCImport:CSD18563Q5A","https://atta.szlcsc.com/upload/public/pdf/source/20200113/C461954_2B67A8A51D2D89EB09DD73C2429BC8A9.pdf","C77239","TI(德州仪器)","","","",""
"Q24","CSD18563Q5A","JLCImport:CSD18563Q5A","https://atta.szlcsc.com/upload/public/pdf/source/20200113/C461954_2B67A8A51D2D89EB09DD73C2429BC8A9.pdf","C77239","TI(德州仪器)","","","",""
"Q602","AO4459","JLCImport:AO4459","https://item.szlcsc.com/299166.html","C49047","AOS","","","","AO4459"
"R1","16mΩ","5v rail sm-easyedapro:R2512","","","UNI-ROYAL(厚声)","","","","Type:Current Sensing Resistors Resistance: Tolerance:±1% Tolerance:±1% Power(Watts): Temperature Coefficient:±50ppm/°C Temperature Coefficient:±50ppm/°C Mounting Type:Patch"
"R2","0603WAF4701T5E","JLCImport:0603WAF4701T5E","https://www.mouser.in/datasheet/2/447/PYu_RT_1_to_0_01_RoHS_L_11-1669912.pdf","C23162","UNI-ROYAL(厚声)","","","","4.7KΩ (4701) ±1%"
"R3","16mΩ","5v rail sm-easyedapro:R2512","","","UNI-ROYAL(厚声)","","","","Type:Current Sensing Resistors Resistance: Tolerance:±1% Tolerance:±1% Power(Watts): Temperature Coefficient:±50ppm/°C Temperature Coefficient:±50ppm/°C Mounting Type:Patch"
"R4","FRC0603F1001TS","JLCImport:FRC0603F1001TS","https://www.mouser.in/datasheet/2/447/PYu_RT_1_to_0_01_RoHS_L_11-1669912.pdf","C2907002","FOJAN(富捷)","","","","1kΩ ±1% 100mW 0603"
"R5","0603WAF1500T5E","JLCImport:0603WAF1500T5E","https://www.mouser.in/datasheet/2/447/PYu_RT_1_to_0_01_RoHS_L_11-1669912.pdf","C22808","UNI-ROYAL(厚声)","","","","150Ω (1500) ±1%"
"R7","0603WAF4021T5E_C23040","JLCImport:0603WAF4021T5E_C23040","https://www.mouser.in/datasheet/2/447/PYu_RT_1_to_0_01_RoHS_L_11-1669912.pdf","C23040","UNI-ROYAL(厚声)","","","","4.02kΩ ±1% 100mW 0603"
"R8","FRC0603F1001TS","JLCImport:FRC0603F1001TS","https://www.mouser.in/datasheet/2/447/PYu_RT_1_to_0_01_RoHS_L_11-1669912.pdf","C2907002","FOJAN(富捷)","","","","1kΩ ±1% 100mW 0603"
"R9","16mΩ","5v rail sm-easyedapro:R2512","","","UNI-ROYAL(厚声)","","","","Type:Current Sensing Resistors Resistance: Tolerance:±1% Tolerance:±1% Power(Watts): Temperature Coefficient:±50ppm/°C Temperature Coefficient:±50ppm/°C Mounting Type:Patch"
"R10","0603WAF4021T5E_C23040","JLCImport:0603WAF4021T5E_C23040","https://www.mouser.in/datasheet/2/447/PYu_RT_1_to_0_01_RoHS_L_11-1669912.pdf","C23040","UNI-ROYAL(厚声)","","","","4.02kΩ ±1% 100mW 0603"
"R11","100kΩ","5v rail sm-easyedapro:R0603","","","FOJAN(富捷)","","","","Type:Thick Film Resistor Resistance:100kΩ Tolerance:±5% Tolerance:±5% Power(Watts):100mW Voltage-Supply(Max):75V Temperature Coefficient:±100ppm/°C Temperature Coefficient:±100ppm/°C Operating Temperature:-55°C~+155°C Operating Temperature:-55°C~+155°C"
"R12","0603WAF3401T5E","JLCImport:0603WAF3401T5E","https://www.mouser.in/datasheet/2/447/PYu_RT_1_to_0_01_RoHS_L_11-1669912.pdf","C22997","UNI-ROYAL(厚声)","","","","3.4KΩ (3401) ±1%"
"R13","22k","Resistor_SMD:R_0603_1608Metric","~","","","","","","Resistor"
"R14","22k","Resistor_SMD:R_0603_1608Metric","~","","","","","","Resistor"
"R15","11.3kΩ","5v rail sm-easyedapro:R0603","https://item.szlcsc.com/datasheet/0603WAF1132T5E/23587.html","","UNI-ROYAL(厚声)","","","","Type:Thick Film Resistor Resistance:11.3kΩ Tolerance:±1% Tolerance:±1% Power(Watts):100mW Voltage-Supply(Max):75V Temperature Coefficient:±100ppm/°C Temperature Coefficient:±100ppm/°C Operating Temperature:-55°C~+155°C Operating Temperature:-55°C~+155°C"
"R16","RLM25FEER005","JLCImport:RLM25FEER005","https://item.szlcsc.com/347967.html","C185817","大毅科技","","","","5mΩ ±1% 2W"
"R17","10kΩ","5v rail sm-easyedapro:R0603","https://item.szlcsc.com/datasheet/0603WAF1002T5E/26547.html","","UNI-ROYAL(厚声)","","","","Type:Thick Film Resistor Resistance:10kΩ Tolerance:±1% Tolerance:±1% Power(Watts):100mW Voltage-Supply(Max):75V Temperature Coefficient:±100ppm/°C Temperature Coefficient:±100ppm/°C Operating Temperature:-55°C~+155°C Operating Temperature:-55°C~+155°C"
"R18","1mΩ","5v rail sm-easyedapro:R3920","https://item.szlcsc.com/datasheet/PEWM3920F1L00K9/5925614.html","","RESI(开步睿思)","","","","Type:Shunt Resistance:1mΩ Tolerance:±1% Tolerance:±1% Power(Watts):8W Temperature Coefficient:±100ppm/°C Temperature Coefficient:±100ppm/°C Mounting Type:Surface Mount"
"R19","10kΩ","5v rail sm-easyedapro:R0402","https://item.szlcsc.com/datasheet/0402WGF1002TCE/26487.html","","UNI-ROYAL(厚声)","","","","Type:Thick Film Resistor Resistance:10kΩ Tolerance:±1% Tolerance:±1% Power(Watts):62.5mW Voltage-Supply(Max):50V Temperature Coefficient:±100ppm/°C Temperature Coefficient:±100ppm/°C Operating Temperature:-55°C~+155°C Operating Temperature:-55°C~+155°C"
"R20","220","Resistor_SMD:R_0603_1608Metric","~","","","","","","Resistor"
"R21","100kΩ","5v rail sm-easyedapro:R0603","","","FOJAN(富捷)","","","","Type:Thick Film Resistor Resistance:100kΩ Tolerance:±5% Tolerance:±5% Power(Watts):100mW Voltage-Supply(Max):75V Temperature Coefficient:±100ppm/°C Temperature Coefficient:±100ppm/°C Operating Temperature:-55°C~+155°C Operating Temperature:-55°C~+155°C"
"R51","4.7kΩ","5v rail sm-easyedapro:R0603","https://item.szlcsc.com/datasheet/0603WAF4701T5E/23889.html","","UNI-ROYAL(厚声)","","","","Type:Thick Film Resistor Resistance:4.7kΩ Tolerance:±1% Tolerance:±1% Power(Watts):100mW Voltage-Supply(Max):75V Temperature Coefficient:±100ppm/°C Temperature Coefficient:±100ppm/°C Operating Temperature:-55°C~+155°C Operating Temperature:-55°C~+155°C"
"R52","4.7kΩ","5v rail sm-easyedapro:R0603","https://item.szlcsc.com/datasheet/0603WAF4701T5E/23889.html","","UNI-ROYAL(厚声)","","","","Type:Thick Film Resistor Resistance:4.7kΩ Tolerance:±1% Tolerance:±1% Power(Watts):100mW Voltage-Supply(Max):75V Temperature Coefficient:±100ppm/°C Temperature Coefficient:±100ppm/°C Operating Temperature:-55°C~+155°C Operating Temperature:-55°C~+155°C"
"R69","2.2kΩ","5v rail sm-easyedapro:R0603","https://atta.szlcsc.com/upload/public/pdf/source/20200306/C422600_1E6D84923E4A46A82E41ADD87F860B5C.pdf","","UNI-ROYAL(厚声)","","","","Type:Thick Film Resistors Resistance:2.2kΩ Tolerance:±1% Tolerance:±1% Power(Watts): Overload Voltage (Max): Temperature Coefficient:±100ppm/°C Temperature Coefficient:±100ppm/°C Operating Temperature Range:-55°C~+155°C Operating Temperature Range:-55°C~+155°C"
"R71","2.2kΩ","5v rail sm-easyedapro:R0603","https://atta.szlcsc.com/upload/public/pdf/source/20200306/C422600_1E6D84923E4A46A82E41ADD87F860B5C.pdf","","UNI-ROYAL(厚声)","","","","Type:Thick Film Resistors Resistance:2.2kΩ Tolerance:±1% Tolerance:±1% Power(Watts): Overload Voltage (Max): Temperature Coefficient:±100ppm/°C Temperature Coefficient:±100ppm/°C Operating Temperature Range:-55°C~+155°C Operating Temperature Range:-55°C~+155°C"
"R73","0603WAF1000T5E","JLCImport:0603WAF1000T5E","https://www.mouser.in/datasheet/2/447/PYu_RT_1_to_0_01_RoHS_L_11-1669912.pdf","C22775","UNI-ROYAL(厚声)","","","","100Ω (1000) ±1%"
"R74","10k","Resistor_SMD:R_0201_0603Metric","~","","","","","","Resistor"
"R75","100kΩ","5v rail sm-easyedapro:R0603","https://item.szlcsc.com/datasheet/0603WAF1003T5E/26546.html","","UNI-ROYAL(厚声)","","","","Type:Thick Film Resistor Resistance:100kΩ Tolerance:±1% Tolerance:±1% Power(Watts):100mW Voltage-Supply(Max):75V Temperature Coefficient:±100ppm/°C Temperature Coefficient:±100ppm/°C Operating Temperature:-55°C~+155°C Operating Temperature:-55°C~+155°C"
"R76","5.76kΩ","5v rail sm-easyedapro:R0603","","","FOJAN(富捷)","","","","Type:Thick Film Resistor Resistance:5.76kΩ Tolerance:±1% Tolerance:±1% Power(Watts):100mW Voltage-Supply(Max):75V Temperature Coefficient:±100ppm/°C Temperature Coefficient:±100ppm/°C Operating Temperature:-55°C~+155°C Operating Temperature:-55°C~+155°C"
"R77","1kΩ","5v rail sm-easyedapro:R0402","https://item.szlcsc.com/datasheet/0402WGF1001TCE/12256.html","","UNI-ROYAL(厚声)","","","","Type:Thick Film Resistor Resistance:1kΩ Tolerance:±1% Tolerance:±1% Power(Watts):62.5mW Voltage-Supply(Max):50V Temperature Coefficient:±100ppm/°C Temperature Coefficient:±100ppm/°C Operating Temperature:-55°C~+155°C Operating Temperature:-55°C~+155°C"
"R78","100kΩ","5v rail sm-easyedapro:R0603","https://item.szlcsc.com/datasheet/0603WAF1003T5E/26546.html","","UNI-ROYAL(厚声)","","","","Type:Thick Film Resistor Resistance:100kΩ Tolerance:±1% Tolerance:±1% Power(Watts):100mW Voltage-Supply(Max):75V Temperature Coefficient:±100ppm/°C Temperature Coefficient:±100ppm/°C Operating Temperature:-55°C~+155°C Operating Temperature:-55°C~+155°C"
"R79","1kΩ","5v rail sm-easyedapro:R0402","https://item.szlcsc.com/datasheet/0402WGF1001TCE/12256.html","","UNI-ROYAL(厚声)","","","","Type:Thick Film Resistor Resistance:1kΩ Tolerance:±1% Tolerance:±1% Power(Watts):62.5mW Voltage-Supply(Max):50V Temperature Coefficient:±100ppm/°C Temperature Coefficient:±100ppm/°C Operating Temperature:-55°C~+155°C Operating Temperature:-55°C~+155°C"
"R80","10k","Resistor_SMD:R_0201_0603Metric","~","","","","","","Resistor"
"R81","10kΩ","5v rail sm-easyedapro:R0402","https://item.szlcsc.com/datasheet/0402WGF1002TCE/26487.html","","UNI-ROYAL(厚声)","","","","Type:Thick Film Resistor Resistance:10kΩ Tolerance:±1% Tolerance:±1% Power(Watts):62.5mW Voltage-Supply(Max):50V Temperature Coefficient:±100ppm/°C Temperature Coefficient:±100ppm/°C Operating Temperature:-55°C~+155°C Operating Temperature:-55°C~+155°C"
"R82","0603WAF1000T5E","JLCImport:0603WAF1000T5E","https://www.mouser.in/datasheet/2/447/PYu_RT_1_to_0_01_RoHS_L_11-1669912.pdf","C22775","UNI-ROYAL(厚声)","","","","100Ω (1000) ±1%"
"R83","1MΩ","5v rail sm-easyedapro:R0603","https://atta.szlcsc.com/upload/public/pdf/source/20200306/C422600_1E6D84923E4A46A82E41ADD87F860B5C.pdf","","UNI-ROYAL(厚声)","","","","Type:Thick Film Resistors Resistance:1MΩ Tolerance:±1% Tolerance:±1% Power(Watts): Overload Voltage (Max): Temperature Coefficient:±100ppm/°C Temperature Coefficient:±100ppm/°C Operating Temperature Range:-55°C~+155°C Operating Temperature Range:-55°C~+155°C"
"R85","120Ω","5v rail sm-easyedapro:R0402","https://item.szlcsc.com/datasheet/0402WGF1200TCE/25822.html","","UNI-ROYAL(厚声)","","","","Type:Thick Film Resistor Resistance:120Ω Tolerance:±1% Tolerance:±1% Power(Watts):62.5mW Voltage-Supply(Max):50V Temperature Coefficient:±100ppm/°C Temperature Coefficient:±100ppm/°C Operating Temperature:-55°C~+155°C Operating Temperature:-55°C~+155°C"
"R86","60mΩ","5v rail sm-easyedapro:R2512","https://atta.szlcsc.com/upload/public/pdf/source/20211020/C6103334F76DC954DA6F525702694423.pdf","","YAGEO(国巨)","","","","Type:Thin Film Resistor Resistance: Tolerance:±1% Tolerance:±1% Power(Watts): Temperature Coefficient:±50ppm/°C Temperature Coefficient:±50ppm/°C Operating Temperature Range:-55°C~+170°C Operating Temperature Range:-55°C~+170°C"
"R88","105kΩ","5v rail sm-easyedapro:R0603","https://item.szlcsc.com/datasheet/FRC0603F1053TS/3279230.html","","FOJAN(富捷)","","","","Type:Thick Film Resistor Resistance:105kΩ Tolerance:±1% Tolerance:±1% Power(Watts):100mW Voltage-Supply(Max):75V Temperature Coefficient:±100ppm/°C Temperature Coefficient:±100ppm/°C Operating Temperature:-55°C~+155°C Operating Temperature:-55°C~+155°C"
"R89","24.9kΩ","5v rail sm-easyedapro:R0603","https://item.szlcsc.com/datasheet/FRC0603F2492TS/3267013.html","","FOJAN(富捷)","","","","Type:Thick Film Resistor Resistance:24.9kΩ Tolerance:±1% Tolerance:±1% Power(Watts):100mW Voltage-Supply(Max):75V Temperature Coefficient:±100ppm/°C Temperature Coefficient:±100ppm/°C Operating Temperature:-55°C~+155°C Operating Temperature:-55°C~+155°C"
"R90","100kΩ","5v rail sm-easyedapro:R0603","","","FOJAN(富捷)","","","","Type:Thick Film Resistor Resistance:100kΩ Tolerance:±5% Tolerance:±5% Power(Watts):100mW Voltage-Supply(Max):75V Temperature Coefficient:±100ppm/°C Temperature Coefficient:±100ppm/°C Operating Temperature:-55°C~+155°C Operating Temperature:-55°C~+155°C"
"R91","100Ω","5v rail sm-easyedapro:R0603","https://atta.szlcsc.com/upload/public/pdf/source/20200306/C422600_1E6D84923E4A46A82E41ADD87F860B5C.pdf","","UNI-ROYAL(厚声)","","","","Type:Thick Film Resistors Resistance: Tolerance:±1% Tolerance:±1% Power(Watts): Overload Voltage (Max): Temperature Coefficient:±200ppm/°C Temperature Coefficient:±200ppm/°C Operating Temperature Range:-55°C~+155°C Operating Temperature Range:-55°C~+155°C"
"R92","100kΩ","5v rail sm-easyedapro:R0603","","","FOJAN(富捷)","","","","Type:Thick Film Resistor Resistance:100kΩ Tolerance:±5% Tolerance:±5% Power(Watts):100mW Voltage-Supply(Max):75V Temperature Coefficient:±100ppm/°C Temperature Coefficient:±100ppm/°C Operating Temperature:-55°C~+155°C Operating Temperature:-55°C~+155°C"
"R93","100Ω","5v rail sm-easyedapro:R0603","https://atta.szlcsc.com/upload/public/pdf/source/20200306/C422600_1E6D84923E4A46A82E41ADD87F860B5C.pdf","","UNI-ROYAL(厚声)","","","","Type:Thick Film Resistors Resistance: Tolerance:±1% Tolerance:±1% Power(Watts): Overload Voltage (Max): Temperature Coefficient:±200ppm/°C Temperature Coefficient:±200ppm/°C Operating Temperature Range:-55°C~+155°C Operating Temperature Range:-55°C~+155°C"
"R94","100kΩ","5v rail sm-easyedapro:R0603","","","FOJAN(富捷)","","","","Type:Thick Film Resistor Resistance:100kΩ Tolerance:±5% Tolerance:±5% Power(Watts):100mW Voltage-Supply(Max):75V Temperature Coefficient:±100ppm/°C Temperature Coefficient:±100ppm/°C Operating Temperature:-55°C~+155°C Operating Temperature:-55°C~+155°C"
"R95","100Ω","5v rail sm-easyedapro:R0603","https://atta.szlcsc.com/upload/public/pdf/source/20200306/C422600_1E6D84923E4A46A82E41ADD87F860B5C.pdf","","UNI-ROYAL(厚声)","","","","Type:Thick Film Resistors Resistance: Tolerance:±1% Tolerance:±1% Power(Watts): Overload Voltage (Max): Temperature Coefficient:±200ppm/°C Temperature Coefficient:±200ppm/°C Operating Temperature Range:-55°C~+155°C Operating Temperature Range:-55°C~+155°C"
"R96","10Ω","5v rail sm-easyedapro:R0402","https://item.szlcsc.com/datasheet/RC0402FR-0710RL/149382.html","","YAGEO(国巨)","","","","Type:Thick Film Resistor Resistance:10Ω Tolerance:±1% Tolerance:±1% Power(Watts):62.5mW Voltage-Supply(Max):50V Temperature Coefficient:±200ppm/°C Temperature Coefficient:±200ppm/°C Operating Temperature:-55°C~+155°C Operating Temperature:-55°C~+155°C"
"R97","10Ω","5v rail sm-easyedapro:R0402","https://item.szlcsc.com/datasheet/RC0402FR-0710RL/149382.html","","YAGEO(国巨)","","","","Type:Thick Film Resistor Resistance:10Ω Tolerance:±1% Tolerance:±1% Power(Watts):62.5mW Voltage-Supply(Max):50V Temperature Coefficient:±200ppm/°C Temperature Coefficient:±200ppm/°C Operating Temperature:-55°C~+155°C Operating Temperature:-55°C~+155°C"
"R98","10kΩ","5v rail sm-easyedapro:R0402","https://item.szlcsc.com/datasheet/0402WGF1002TCE/26487.html","","UNI-ROYAL(厚声)","","","","Type:Thick Film Resistor Resistance:10kΩ Tolerance:±1% Tolerance:±1% Power(Watts):62.5mW Voltage-Supply(Max):50V Temperature Coefficient:±100ppm/°C Temperature Coefficient:±100ppm/°C Operating Temperature:-55°C~+155°C Operating Temperature:-55°C~+155°C"
"R99","10Ω","5v rail sm-easyedapro:R0402","https://item.szlcsc.com/datasheet/RC0402FR-0710RL/149382.html","","YAGEO(国巨)","","","","Type:Thick Film Resistor Resistance:10Ω Tolerance:±1% Tolerance:±1% Power(Watts):62.5mW Voltage-Supply(Max):50V Temperature Coefficient:±200ppm/°C Temperature Coefficient:±200ppm/°C Operating Temperature:-55°C~+155°C Operating Temperature:-55°C~+155°C"
"R100","10Ω","5v rail sm-easyedapro:R0402","https://item.szlcsc.com/datasheet/RC0402FR-0710RL/149382.html","","YAGEO(国巨)","","","","Type:Thick Film Resistor Resistance:10Ω Tolerance:±1% Tolerance:±1% Power(Watts):62.5mW Voltage-Supply(Max):50V Temperature Coefficient:±200ppm/°C Temperature Coefficient:±200ppm/°C Operating Temperature:-55°C~+155°C Operating Temperature:-55°C~+155°C"
"R101","10Ω","5v rail sm-easyedapro:R0402","https://item.szlcsc.com/datasheet/RC0402FR-0710RL/149382.html","","YAGEO(国巨)","","","","Type:Thick Film Resistor Resistance:10Ω Tolerance:±1% Tolerance:±1% Power(Watts):62.5mW Voltage-Supply(Max):50V Temperature Coefficient:±200ppm/°C Temperature Coefficient:±200ppm/°C Operating Temperature:-55°C~+155°C Operating Temperature:-55°C~+155°C"
"R102","10Ω","5v rail sm-easyedapro:R0402","https://item.szlcsc.com/datasheet/RC0402FR-0710RL/149382.html","","YAGEO(国巨)","","","","Type:Thick Film Resistor Resistance:10Ω Tolerance:±1% Tolerance:±1% Power(Watts):62.5mW Voltage-Supply(Max):50V Temperature Coefficient:±200ppm/°C Temperature Coefficient:±200ppm/°C Operating Temperature:-55°C~+155°C Operating Temperature:-55°C~+155°C"
"R103","16mΩ","5v rail sm-easyedapro:R2512","","","UNI-ROYAL(厚声)","","","","Type:Current Sensing Resistors Resistance: Tolerance:±1% Tolerance:±1% Power(Watts): Temperature Coefficient:±50ppm/°C Temperature Coefficient:±50ppm/°C Mounting Type:Patch"
"R104","16mΩ","5v rail sm-easyedapro:R2512","","","UNI-ROYAL(厚声)","","","","Type:Current Sensing Resistors Resistance: Tolerance:±1% Tolerance:±1% Power(Watts): Temperature Coefficient:±50ppm/°C Temperature Coefficient:±50ppm/°C Mounting Type:Patch"
"R105","16mΩ","5v rail sm-easyedapro:R2512","","","UNI-ROYAL(厚声)","","","","Type:Current Sensing Resistors Resistance: Tolerance:±1% Tolerance:±1% Power(Watts): Temperature Coefficient:±50ppm/°C Temperature Coefficient:±50ppm/°C Mounting Type:Patch"
"R106","100kΩ","5v rail sm-easyedapro:R0603","","","FOJAN(富捷)","","","","Type:Thick Film Resistor Resistance:100kΩ Tolerance:±5% Tolerance:±5% Power(Watts):100mW Voltage-Supply(Max):75V Temperature Coefficient:±100ppm/°C Temperature Coefficient:±100ppm/°C Operating Temperature:-55°C~+155°C Operating Temperature:-55°C~+155°C"
"R107","100Ω","5v rail sm-easyedapro:R0603","https://atta.szlcsc.com/upload/public/pdf/source/20200306/C422600_1E6D84923E4A46A82E41ADD87F860B5C.pdf","","UNI-ROYAL(厚声)","","","","Type:Thick Film Resistors Resistance: Tolerance:±1% Tolerance:±1% Power(Watts): Overload Voltage (Max): Temperature Coefficient:±200ppm/°C Temperature Coefficient:±200ppm/°C Operating Temperature Range:-55°C~+155°C Operating Temperature Range:-55°C~+155°C"
"R108","0","Resistor_SMD:R_0603_1608Metric","~","","","","","","Resistor"
"R109","36.5kΩ","5v rail sm-easyedapro:R0603","","","FOJAN(富捷)","","","","Type:Thick Film Resistor Resistance:36.5kΩ Tolerance:±1% Tolerance:±1% Power(Watts):100mW Voltage-Supply(Max):75V Temperature Coefficient:±100ppm/°C Temperature Coefficient:±100ppm/°C Operating Temperature:-55°C~+155°C Operating Temperature:-55°C~+155°C"
"R110","100kΩ","5v rail sm-easyedapro:R0603","https://item.szlcsc.com/datasheet/0603WAF1003T5E/26546.html","","UNI-ROYAL(厚声)","","","","Type:Thick Film Resistor Resistance:100kΩ Tolerance:±1% Tolerance:±1% Power(Watts):100mW Voltage-Supply(Max):75V Temperature Coefficient:±100ppm/°C Temperature Coefficient:±100ppm/°C Operating Temperature:-55°C~+155°C Operating Temperature:-55°C~+155°C"
"R111","11kΩ","5v rail sm-easyedapro:R0603","","","FOJAN(富捷)","","","","Type:Thick Film Resistor Resistance:11kΩ Tolerance:±1% Tolerance:±1% Power(Watts):100mW Voltage-Supply(Max):75V Temperature Coefficient:±100ppm/°C Temperature Coefficient:±100ppm/°C Operating Temperature:-55°C~+155°C Operating Temperature:-55°C~+155°C"
"R112","7mΩ","5v rail sm-easyedapro:R2512","https://item.szlcsc.com/datasheet/JER2512F3R007/51553032.html","","JIERR(捷而瑞)","","","","Type:Current Sense Resistor Resistance:7mΩ Tolerance:±1% Tolerance:±1% Power(Watts):3W Temperature Coefficient:±50ppm/°C Temperature Coefficient:±50ppm/°C"
"R113","100kΩ","5v rail sm-easyedapro:R0603","","","FOJAN(富捷)","","","","Type:Thick Film Resistor Resistance:100kΩ Tolerance:±5% Tolerance:±5% Power(Watts):100mW Voltage-Supply(Max):75V Temperature Coefficient:±100ppm/°C Temperature Coefficient:±100ppm/°C Operating Temperature:-55°C~+155°C Operating Temperature:-55°C~+155°C"
"R114","100Ω","5v rail sm-easyedapro:R0603","https://atta.szlcsc.com/upload/public/pdf/source/20200306/C422600_1E6D84923E4A46A82E41ADD87F860B5C.pdf","","UNI-ROYAL(厚声)","","","","Type:Thick Film Resistors Resistance: Tolerance:±1% Tolerance:±1% Power(Watts): Overload Voltage (Max): Temperature Coefficient:±200ppm/°C Temperature Coefficient:±200ppm/°C Operating Temperature Range:-55°C~+155°C Operating Temperature Range:-55°C~+155°C"
"R115","100kΩ","5v rail sm-easyedapro:R0603","","","FOJAN(富捷)","","","","Type:Thick Film Resistor Resistance:100kΩ Tolerance:±5% Tolerance:±5% Power(Watts):100mW Voltage-Supply(Max):75V Temperature Coefficient:±100ppm/°C Temperature Coefficient:±100ppm/°C Operating Temperature:-55°C~+155°C Operating Temperature:-55°C~+155°C"
"R116","100Ω","5v rail sm-easyedapro:R0603","https://atta.szlcsc.com/upload/public/pdf/source/20200306/C422600_1E6D84923E4A46A82E41ADD87F860B5C.pdf","","UNI-ROYAL(厚声)","","","","Type:Thick Film Resistors Resistance: Tolerance:±1% Tolerance:±1% Power(Watts): Overload Voltage (Max): Temperature Coefficient:±200ppm/°C Temperature Coefficient:±200ppm/°C Operating Temperature Range:-55°C~+155°C Operating Temperature Range:-55°C~+155°C"
"R117","26.7kΩ","5v rail sm-easyedapro:R0603","https://item.szlcsc.com/datasheet/0603WAF2672T5E/23650.html","","UNI-ROYAL(厚声)","","","","Type:Thick Film Resistor Resistance:26.7kΩ Tolerance:±1% Tolerance:±1% Power(Watts):100mW Voltage-Supply(Max):75V Temperature Coefficient:±100ppm/°C Temperature Coefficient:±100ppm/°C Operating Temperature:-55°C~+155°C Operating Temperature:-55°C~+155°C"
"R119","100kΩ","5v rail sm-easyedapro:R0402","","","FOJAN(富捷)","","","","Type:Thick Film Resistor Resistance:100kΩ Tolerance:±1% Tolerance:±1% Power(Watts):62.5mW Voltage-Supply(Max):50V Temperature Coefficient:±100ppm/°C Temperature Coefficient:±100ppm/°C Operating Temperature:-55°C~+155°C Operating Temperature:-55°C~+155°C"
"R120","47kΩ","5v rail sm-easyedapro:R0603","https://item.szlcsc.com/datasheet/0603WAF4702T5E/26562.html","","UNI-ROYAL(厚声)","","","","Type:Thick Film Resistor Resistance:47kΩ Tolerance:±1% Tolerance:±1% Power(Watts):100mW Voltage-Supply(Max):75V Temperature Coefficient:±100ppm/°C Temperature Coefficient:±100ppm/°C Operating Temperature:-55°C~+155°C Operating Temperature:-55°C~+155°C"
"R122","100kΩ","5v rail sm-easyedapro:R0402","","","FOJAN(富捷)","","","","Type:Thick Film Resistor Resistance:100kΩ Tolerance:±1% Tolerance:±1% Power(Watts):62.5mW Voltage-Supply(Max):50V Temperature Coefficient:±100ppm/°C Temperature Coefficient:±100ppm/°C Operating Temperature:-55°C~+155°C Operating Temperature:-55°C~+155°C"
"R123","20kΩ","5v rail sm-easyedapro:R0603","https://item.szlcsc.com/datasheet/0603WAF2002T5E/4591.html","","UNI-ROYAL(厚声)","","","","Type:Thick Film Resistor Resistance:20kΩ Tolerance:±1% Tolerance:±1% Power(Watts):100mW Voltage-Supply(Max):75V Temperature Coefficient:±100ppm/°C Temperature Coefficient:±100ppm/°C Operating Temperature:-55°C~+155°C Operating Temperature:-55°C~+155°C"
"R124","100kΩ","5v rail sm-easyedapro:R0603","","","FOJAN(富捷)","","","","Type:Thick Film Resistor Resistance:100kΩ Tolerance:±5% Tolerance:±5% Power(Watts):100mW Voltage-Supply(Max):75V Temperature Coefficient:±100ppm/°C Temperature Coefficient:±100ppm/°C Operating Temperature:-55°C~+155°C Operating Temperature:-55°C~+155°C"
"R125","100Ω","5v rail sm-easyedapro:R0603","https://atta.szlcsc.com/upload/public/pdf/source/20200306/C422600_1E6D84923E4A46A82E41ADD87F860B5C.pdf","","UNI-ROYAL(厚声)","","","","Type:Thick Film Resistors Resistance: Tolerance:±1% Tolerance:±1% Power(Watts): Overload Voltage (Max): Temperature Coefficient:±200ppm/°C Temperature Coefficient:±200ppm/°C Operating Temperature Range:-55°C~+155°C Operating Temperature Range:-55°C~+155°C"
"R126","3.92kΩ","5v rail sm-easyedapro:R0603","https://item.szlcsc.com/datasheet/RC0603FR-073K92L/199659.html","","YAGEO(国巨)","","","","Type:Thick Film Resistor Resistance:3.92kΩ Tolerance:±1% Tolerance:±1% Power(Watts):100mW Voltage-Supply(Max):75V Temperature Coefficient:±100ppm/°C Temperature Coefficient:±100ppm/°C Operating Temperature:-55°C~+155°C Operating Temperature:-55°C~+155°C"
"R127","1.58kΩ","5v rail sm-easyedapro:R0603","","","FOJAN(富捷)","","","","Type:Thick Film Resistor Resistance:1.58kΩ Tolerance:±1% Tolerance:±1% Power(Watts):100mW Voltage-Supply(Max):75V Temperature Coefficient:±100ppm/°C Temperature Coefficient:±100ppm/°C Operating Temperature:-55°C~+155°C Operating Temperature:-55°C~+155°C"
"R128","442kΩ","5v rail sm-easyedapro:R0603","","","FOJAN(富捷)","","","","Type:Thick Film Resistor Resistance:442kΩ Tolerance:±0.5% Tolerance:±0.5% Power(Watts):100mW Voltage-Supply(Max):75V Temperature Coefficient:±100ppm/°C Temperature Coefficient:±100ppm/°C Operating Temperature:-55°C~+155°C Operating Temperature:-55°C~+155°C"
"R129","11kΩ","5v rail sm-easyedapro:R0603","","","FOJAN(富捷)","","","","Type:Thick Film Resistor Resistance:11kΩ Tolerance:±1% Tolerance:±1% Power(Watts):100mW Voltage-Supply(Max):75V Temperature Coefficient:±100ppm/°C Temperature Coefficient:±100ppm/°C Operating Temperature:-55°C~+155°C Operating Temperature:-55°C~+155°C"
"R130","20kΩ","5v rail sm-easyedapro:R0603","https://item.szlcsc.com/datasheet/0603WAF2002T5E/4591.html","","UNI-ROYAL(厚声)","","","","Type:Thick Film Resistor Resistance:20kΩ Tolerance:±1% Tolerance:±1% Power(Watts):100mW Voltage-Supply(Max):75V Temperature Coefficient:±100ppm/°C Temperature Coefficient:±100ppm/°C Operating Temperature:-55°C~+155°C Operating Temperature:-55°C~+155°C"
"R131","100kΩ","5v rail sm-easyedapro:R0603","","","FOJAN(富捷)","","","","Type:Thick Film Resistor Resistance:100kΩ Tolerance:±5% Tolerance:±5% Power(Watts):100mW Voltage-Supply(Max):75V Temperature Coefficient:±100ppm/°C Temperature Coefficient:±100ppm/°C Operating Temperature:-55°C~+155°C Operating Temperature:-55°C~+155°C"
"R132","100kΩ","5v rail sm-easyedapro:R0603","","","FOJAN(富捷)","","","","Type:Thick Film Resistor Resistance:100kΩ Tolerance:±5% Tolerance:±5% Power(Watts):100mW Voltage-Supply(Max):75V Temperature Coefficient:±100ppm/°C Temperature Coefficient:±100ppm/°C Operating Temperature:-55°C~+155°C Operating Temperature:-55°C~+155°C"
"R133","19.1Ω","5v rail sm-easyedapro:R0603","https://item.szlcsc.com/datasheet/0603WAF191JT5E/23660.html","","UNI-ROYAL(厚声)","","","","Type:Thick Film Resistor Resistance:19.1Ω Tolerance:±1% Tolerance:±1% Power(Watts):100mW Voltage-Supply(Max):75V Temperature Coefficient:±100ppm/°C Temperature Coefficient:±100ppm/°C Operating Temperature:-55°C~+155°C Operating Temperature:-55°C~+155°C"
"R134","21kΩ","5v rail sm-easyedapro:R0603","https://item.szlcsc.com/datasheet/0603WAF2102T5E/23683.html","","UNI-ROYAL(厚声)","","","","Type:Thick Film Resistor Resistance:21kΩ Tolerance:±1% Tolerance:±1% Power(Watts):100mW Voltage-Supply(Max):75V Temperature Coefficient:±100ppm/°C Temperature Coefficient:±100ppm/°C Operating Temperature:-55°C~+155°C Operating Temperature:-55°C~+155°C"
"R135","19.1kΩ","5v rail sm-easyedapro:R0805","","","FOJAN(富捷)","","","","Type:Thick Film Resistor Resistance:19.1kΩ Tolerance:±1% Tolerance:±1% Power(Watts):125mW Voltage-Supply(Max):150V Temperature Coefficient:±100ppm/°C Temperature Coefficient:±100ppm/°C Operating Temperature:-55°C~+155°C Operating Temperature:-55°C~+155°C"
"R136","909kΩ","5v rail sm-easyedapro:R0201","https://atta.szlcsc.com/upload/public/pdf/source/20140616/1457707091974.pdf","","FH(风华)","","","","Type:Thick Film Resistors Resistance:909kΩ Tolerance:±1% Tolerance:±1% Power(Watts): Overload Voltage (Max): Temperature Coefficient:±200ppm/°C Temperature Coefficient:±200ppm/°C Operating Temperature Range:-55°C~+125°C Operating Temperature Range:-55°C~+125°C"
"R137","100kΩ","5v rail sm-easyedapro:R0603","","","FOJAN(富捷)","","","","Type:Thick Film Resistor Resistance:100kΩ Tolerance:±5% Tolerance:±5% Power(Watts):100mW Voltage-Supply(Max):75V Temperature Coefficient:±100ppm/°C Temperature Coefficient:±100ppm/°C Operating Temperature:-55°C~+155°C Operating Temperature:-55°C~+155°C"
"R138","909kΩ","5v rail sm-easyedapro:R0201","https://atta.szlcsc.com/upload/public/pdf/source/20140616/1457707091974.pdf","","FH(风华)","","","","Type:Thick Film Resistors Resistance:909kΩ Tolerance:±1% Tolerance:±1% Power(Watts): Overload Voltage (Max): Temperature Coefficient:±200ppm/°C Temperature Coefficient:±200ppm/°C Operating Temperature Range:-55°C~+125°C Operating Temperature Range:-55°C~+125°C"
"R139","10Ω","5v rail sm-easyedapro:R0603","","","FOJAN(富捷)","","","","Type:Thick Film Resistor Resistance:10Ω Tolerance:±5% Tolerance:±5% Power(Watts):100mW Voltage-Supply(Max):75V Temperature Coefficient:±100ppm/°C Temperature Coefficient:±100ppm/°C Operating Temperature:-55°C~+155°C Operating Temperature:-55°C~+155°C"
"R140","100kΩ","5v rail sm-easyedapro:R0201","https://atta.szlcsc.com/upload/public/pdf/source/20181009/C309620_DA5935B6E1D48212CB7A533FE518B3C2.pdf","","YAGEO(国巨)","","","","Type:Thick Film Resistors Resistance: Tolerance:±1% Tolerance:±1% Power(Watts): Overload Voltage (Max): Temperature Coefficient:±200ppm/°C Temperature Coefficient:±200ppm/°C Operating Temperature Range:-55°C~+125°C Operating Temperature Range:-55°C~+125°C"
"R141","30kΩ","5v rail sm-easyedapro:R0603","","","FOJAN(富捷)","","","","Type:Thick Film Resistor Resistance:30kΩ Tolerance:±1% Tolerance:±1% Power(Watts):100mW Voltage-Supply(Max):75V Temperature Coefficient:±100ppm/°C Temperature Coefficient:±100ppm/°C Operating Temperature:-55°C~+155°C Operating Temperature:-55°C~+155°C"
"R142","10kΩ","5v rail sm-easyedapro:R0603","https://item.szlcsc.com/datasheet/0603WAF1002T5E/26547.html","","UNI-ROYAL(厚声)","","","","Type:Thick Film Resistor Resistance:10kΩ Tolerance:±1% Tolerance:±1% Power(Watts):100mW Voltage-Supply(Max):75V Temperature Coefficient:±100ppm/°C Temperature Coefficient:±100ppm/°C Operating Temperature:-55°C~+155°C Operating Temperature:-55°C~+155°C"
"R143","100kΩ","5v rail sm-easyedapro:R0603","","","FOJAN(富捷)","","","","Type:Thick Film Resistor Resistance:100kΩ Tolerance:±5% Tolerance:±5% Power(Watts):100mW Voltage-Supply(Max):75V Temperature Coefficient:±100ppm/°C Temperature Coefficient:±100ppm/°C Operating Temperature:-55°C~+155°C Operating Temperature:-55°C~+155°C"
"R144","47Ω","5v rail sm-easyedapro:R0603","https://atta.szlcsc.com/upload/public/pdf/source/20140616/1457707091974.pdf","","FH(风华)","","","","Type:Thick Film Resistors Resistance: Tolerance:±1% Tolerance:±1% Power(Watts): Overload Voltage (Max): Temperature Coefficient:±100ppm/°C Temperature Coefficient:±100ppm/°C Operating Temperature Range:-55°C~+155°C Operating Temperature Range:-55°C~+155°C"
"R145","100kΩ","5v rail sm-easyedapro:R0603","","","FOJAN(富捷)","","","","Type:Thick Film Resistor Resistance:100kΩ Tolerance:±5% Tolerance:±5% Power(Watts):100mW Voltage-Supply(Max):75V Temperature Coefficient:±100ppm/°C Temperature Coefficient:±100ppm/°C Operating Temperature:-55°C~+155°C Operating Temperature:-55°C~+155°C"
"R146","4.7kΩ","5v rail sm-easyedapro:R0603","https://item.szlcsc.com/datasheet/0603WAF4701T5E/23889.html","","UNI-ROYAL(厚声)","","","","Type:Thick Film Resistor Resistance:4.7kΩ Tolerance:±1% Tolerance:±1% Power(Watts):100mW Voltage-Supply(Max):75V Temperature Coefficient:±100ppm/°C Temperature Coefficient:±100ppm/°C Operating Temperature:-55°C~+155°C Operating Temperature:-55°C~+155°C"
"R147","220Ω","5v rail sm-easyedapro:R0603","https://atta.szlcsc.com/upload/public/pdf/source/20200306/C422600_1E6D84923E4A46A82E41ADD87F860B5C.pdf","","UNI-ROYAL(厚声)","","","","Type:Thick Film Resistors Resistance: Tolerance:±1% Tolerance:±1% Power(Watts): Overload Voltage (Max): Temperature Coefficient:±100ppm/°C Temperature Coefficient:±100ppm/°C Operating Temperature Range:-55°C~+155°C Operating Temperature Range:-55°C~+155°C"
"R148","100kΩ","5v rail sm-easyedapro:R0402","https://item.szlcsc.com/datasheet/0402WGF1003TCE/26484.html","","UNI-ROYAL(厚声)","","","","Type:Thick Film Resistor Resistance:100kΩ Tolerance:±1% Tolerance:±1% Power(Watts):62.5mW Voltage-Supply(Max):50V Temperature Coefficient:±100ppm/°C Temperature Coefficient:±100ppm/°C Operating Temperature:-55°C~+155°C Operating Temperature:-55°C~+155°C"
"R149","47","Resistor_SMD:R_0603_1608Metric","~","","","","","","Resistor"
"R150","100kΩ","5v rail sm-easyedapro:R0603","","","FOJAN(富捷)","","","","Type:Thick Film Resistor Resistance:100kΩ Tolerance:±5% Tolerance:±5% Power(Watts):100mW Voltage-Supply(Max):75V Temperature Coefficient:±100ppm/°C Temperature Coefficient:±100ppm/°C Operating Temperature:-55°C~+155°C Operating Temperature:-55°C~+155°C"
"R151","100kΩ","5v rail sm-easyedapro:R0603","","","FOJAN(富捷)","","","","Type:Thick Film Resistor Resistance:100kΩ Tolerance:±5% Tolerance:±5% Power(Watts):100mW Voltage-Supply(Max):75V Temperature Coefficient:±100ppm/°C Temperature Coefficient:±100ppm/°C Operating Temperature:-55°C~+155°C Operating Temperature:-55°C~+155°C"
"R152","20kΩ","5v rail sm-easyedapro:R0603","https://item.szlcsc.com/datasheet/0603WAF2002T5E/4591.html","","UNI-ROYAL(厚声)","","","","Type:Thick Film Resistor Resistance:20kΩ Tolerance:±1% Tolerance:±1% Power(Watts):100mW Voltage-Supply(Max):75V Temperature Coefficient:±100ppm/°C Temperature Coefficient:±100ppm/°C Operating Temperature:-55°C~+155°C Operating Temperature:-55°C~+155°C"
"R153","23.2kΩ","5v rail sm-easyedapro:R0603","https://item.szlcsc.com/datasheet/0603WAF2322T5E/24079.html","","UNI-ROYAL(厚声)","","","","Type:Thick Film Resistor Resistance:23.2kΩ Tolerance:±1% Tolerance:±1% Power(Watts):100mW Voltage-Supply(Max):75V Temperature Coefficient:±100ppm/°C Temperature Coefficient:±100ppm/°C Operating Temperature:-55°C~+155°C Operating Temperature:-55°C~+155°C"
"R154","10kΩ","5v rail sm-easyedapro:R0603","https://item.szlcsc.com/datasheet/0603WAF1002T5E/26547.html","","UNI-ROYAL(厚声)","","","","Type:Thick Film Resistor Resistance:10kΩ Tolerance:±1% Tolerance:±1% Power(Watts):100mW Voltage-Supply(Max):75V Temperature Coefficient:±100ppm/°C Temperature Coefficient:±100ppm/°C Operating Temperature:-55°C~+155°C Operating Temperature:-55°C~+155°C"
"R155","100kΩ","5v rail sm-easyedapro:R0603","","","FOJAN(富捷)","","","","Type:Thick Film Resistor Resistance:100kΩ Tolerance:±5% Tolerance:±5% Power(Watts):100mW Voltage-Supply(Max):75V Temperature Coefficient:±100ppm/°C Temperature Coefficient:±100ppm/°C Operating Temperature:-55°C~+155°C Operating Temperature:-55°C~+155°C"
"R156","100kΩ","5v rail sm-easyedapro:R0603","","","FOJAN(富捷)","","","","Type:Thick Film Resistor Resistance:100kΩ Tolerance:±5% Tolerance:±5% Power(Watts):100mW Voltage-Supply(Max):75V Temperature Coefficient:±100ppm/°C Temperature Coefficient:±100ppm/°C Operating Temperature:-55°C~+155°C Operating Temperature:-55°C~+155°C"
"R157","15.8kΩ","5v rail sm-easyedapro:R0603","","","FOJAN(富捷)","","","","Type:Thick Film Resistor Resistance:15.8kΩ Tolerance:±1% Tolerance:±1% Power(Watts):100mW Voltage-Supply(Max):75V Temperature Coefficient:±100ppm/°C Temperature Coefficient:±100ppm/°C Operating Temperature:-55°C~+155°C Operating Temperature:-55°C~+155°C"
"R158","40.2kΩ","5v rail sm-easyedapro:R0603","https://atta.szlcsc.com/upload/public/pdf/source/20180821/C275644_0D56F95EFF785E7D9A1FEF436B37DA78.pdf","","YAGEO(国巨)","","","","Type:Thick Film Resistors Resistance: Tolerance:±1% Tolerance:±1% Power(Watts): Overload Voltage (Max): Temperature Coefficient:±100ppm/°C Temperature Coefficient:±100ppm/°C Operating Temperature Range:-55°C~+155°C Operating Temperature Range:-55°C~+155°C"
"R159","10kΩ","5v rail sm-easyedapro:R0603","https://item.szlcsc.com/datasheet/0603WAF1002T5E/26547.html","","UNI-ROYAL(厚声)","","","","Type:Thick Film Resistor Resistance:10kΩ Tolerance:±1% Tolerance:±1% Power(Watts):100mW Voltage-Supply(Max):75V Temperature Coefficient:±100ppm/°C Temperature Coefficient:±100ppm/°C Operating Temperature:-55°C~+155°C Operating Temperature:-55°C~+155°C"
"R160","10Ω","5v rail sm-easyedapro:R0402","https://item.szlcsc.com/datasheet/RC0402FR-0710RL/149382.html","","YAGEO(国巨)","","","","Type:Thick Film Resistor Resistance:10Ω Tolerance:±1% Tolerance:±1% Power(Watts):62.5mW Voltage-Supply(Max):50V Temperature Coefficient:±200ppm/°C Temperature Coefficient:±200ppm/°C Operating Temperature:-55°C~+155°C Operating Temperature:-55°C~+155°C"
"R161","10Ω","5v rail sm-easyedapro:R0402","https://item.szlcsc.com/datasheet/RC0402FR-0710RL/149382.html","","YAGEO(国巨)","","","","Type:Thick Film Resistor Resistance:10Ω Tolerance:±1% Tolerance:±1% Power(Watts):62.5mW Voltage-Supply(Max):50V Temperature Coefficient:±200ppm/°C Temperature Coefficient:±200ppm/°C Operating Temperature:-55°C~+155°C Operating Temperature:-55°C~+155°C"
"R162","10kΩ","5v rail sm-easyedapro:R0402","https://item.szlcsc.com/datasheet/0402WGF1002TCE/26487.html","","UNI-ROYAL(厚声)","","","","Type:Thick Film Resistor Resistance:10kΩ Tolerance:±1% Tolerance:±1% Power(Watts):62.5mW Voltage-Supply(Max):50V Temperature Coefficient:±100ppm/°C Temperature Coefficient:±100ppm/°C Operating Temperature:-55°C~+155°C Operating Temperature:-55°C~+155°C"
"R163","10Ω","5v rail sm-easyedapro:R0402","https://item.szlcsc.com/datasheet/RC0402FR-0710RL/149382.html","","YAGEO(国巨)","","","","Type:Thick Film Resistor Resistance:10Ω Tolerance:±1% Tolerance:±1% Power(Watts):62.5mW Voltage-Supply(Max):50V Temperature Coefficient:±200ppm/°C Temperature Coefficient:±200ppm/°C Operating Temperature:-55°C~+155°C Operating Temperature:-55°C~+155°C"
"R164","10Ω","5v rail sm-easyedapro:R0402","https://item.szlcsc.com/datasheet/RC0402FR-0710RL/149382.html","","YAGEO(国巨)","","","","Type:Thick Film Resistor Resistance:10Ω Tolerance:±1% Tolerance:±1% Power(Watts):62.5mW Voltage-Supply(Max):50V Temperature Coefficient:±200ppm/°C Temperature Coefficient:±200ppm/°C Operating Temperature:-55°C~+155°C Operating Temperature:-55°C~+155°C"
"R165","10Ω","5v rail sm-easyedapro:R0402","https://item.szlcsc.com/datasheet/RC0402FR-0710RL/149382.html","","YAGEO(国巨)","","","","Type:Thick Film Resistor Resistance:10Ω Tolerance:±1% Tolerance:±1% Power(Watts):62.5mW Voltage-Supply(Max):50V Temperature Coefficient:±200ppm/°C Temperature Coefficient:±200ppm/°C Operating Temperature:-55°C~+155°C Operating Temperature:-55°C~+155°C"
"R166","10Ω","5v rail sm-easyedapro:R0402","https://item.szlcsc.com/datasheet/RC0402FR-0710RL/149382.html","","YAGEO(国巨)","","","","Type:Thick Film Resistor Resistance:10Ω Tolerance:±1% Tolerance:±1% Power(Watts):62.5mW Voltage-Supply(Max):50V Temperature Coefficient:±200ppm/°C Temperature Coefficient:±200ppm/°C Operating Temperature:-55°C~+155°C Operating Temperature:-55°C~+155°C"
"R167","47Ω","5v rail sm-easyedapro:R0603","https://atta.szlcsc.com/upload/public/pdf/source/20140616/1457707091974.pdf","","FH(风华)","","","","Type:Thick Film Resistors Resistance: Tolerance:±1% Tolerance:±1% Power(Watts): Overload Voltage (Max): Temperature Coefficient:±100ppm/°C Temperature Coefficient:±100ppm/°C Operating Temperature Range:-55°C~+155°C Operating Temperature Range:-55°C~+155°C"
"R168","100kΩ","5v rail sm-easyedapro:R0603","","","FOJAN(富捷)","","","","Type:Thick Film Resistor Resistance:100kΩ Tolerance:±5% Tolerance:±5% Power(Watts):100mW Voltage-Supply(Max):75V Temperature Coefficient:±100ppm/°C Temperature Coefficient:±100ppm/°C Operating Temperature:-55°C~+155°C Operating Temperature:-55°C~+155°C"
"R169","4.7kΩ","5v rail sm-easyedapro:R0603","https://item.szlcsc.com/datasheet/0603WAF4701T5E/23889.html","","UNI-ROYAL(厚声)","","","","Type:Thick Film Resistor Resistance:4.7kΩ Tolerance:±1% Tolerance:±1% Power(Watts):100mW Voltage-Supply(Max):75V Temperature Coefficient:±100ppm/°C Temperature Coefficient:±100ppm/°C Operating Temperature:-55°C~+155°C Operating Temperature:-55°C~+155°C"
"R170","47Ω","5v rail sm-easyedapro:R0603","https://atta.szlcsc.com/upload/public/pdf/source/20140616/1457707091974.pdf","","FH(风华)","","","","Type:Thick Film Resistors Resistance: Tolerance:±1% Tolerance:±1% Power(Watts): Overload Voltage (Max): Temperature Coefficient:±100ppm/°C Temperature Coefficient:±100ppm/°C Operating Temperature Range:-55°C~+155°C Operating Temperature Range:-55°C~+155°C"
"R171","47Ω","5v rail sm-easyedapro:R0603","https://atta.szlcsc.com/upload/public/pdf/source/20140616/1457707091974.pdf","","FH(风华)","","","","Type:Thick Film Resistors Resistance: Tolerance:±1% Tolerance:±1% Power(Watts): Overload Voltage (Max): Temperature Coefficient:±100ppm/°C Temperature Coefficient:±100ppm/°C Operating Temperature Range:-55°C~+155°C Operating Temperature Range:-55°C~+155°C"
"R172","20Ω","5v rail sm-easyedapro:R0603","","","FOJAN(富捷)","","","","Type:Thick Film Resistor Resistance:20Ω Tolerance:±1% Tolerance:±1% Power(Watts):100mW Voltage-Supply(Max):75V Temperature Coefficient:±100ppm/°C Temperature Coefficient:±100ppm/°C Operating Temperature:-55°C~+155°C Operating Temperature:-55°C~+155°C"
"R173","20Ω","5v rail sm-easyedapro:R0603","","","FOJAN(富捷)","","","","Type:Thick Film Resistor Resistance:20Ω Tolerance:±1% Tolerance:±1% Power(Watts):100mW Voltage-Supply(Max):75V Temperature Coefficient:±100ppm/°C Temperature Coefficient:±100ppm/°C Operating Temperature:-55°C~+155°C Operating Temperature:-55°C~+155°C"
"R174","20Ω","5v rail sm-easyedapro:R0603","","","FOJAN(富捷)","","","","Type:Thick Film Resistor Resistance:20Ω Tolerance:±1% Tolerance:±1% Power(Watts):100mW Voltage-Supply(Max):75V Temperature Coefficient:±100ppm/°C Temperature Coefficient:±100ppm/°C Operating Temperature:-55°C~+155°C Operating Temperature:-55°C~+155°C"
"R175","20Ω","5v rail sm-easyedapro:R0603","","","FOJAN(富捷)","","","","Type:Thick Film Resistor Resistance:20Ω Tolerance:±1% Tolerance:±1% Power(Watts):100mW Voltage-Supply(Max):75V Temperature Coefficient:±100ppm/°C Temperature Coefficient:±100ppm/°C Operating Temperature:-55°C~+155°C Operating Temperature:-55°C~+155°C"
"R176","47Ω","5v rail sm-easyedapro:R0603","https://atta.szlcsc.com/upload/public/pdf/source/20140616/1457707091974.pdf","","FH(风华)","","","","Type:Thick Film Resistors Resistance: Tolerance:±1% Tolerance:±1% Power(Watts): Overload Voltage (Max): Temperature Coefficient:±100ppm/°C Temperature Coefficient:±100ppm/°C Operating Temperature Range:-55°C~+155°C Operating Temperature Range:-55°C~+155°C"
"R177","47Ω","5v rail sm-easyedapro:R0603","https://atta.szlcsc.com/upload/public/pdf/source/20140616/1457707091974.pdf","","FH(风华)","","","","Type:Thick Film Resistors Resistance: Tolerance:±1% Tolerance:±1% Power(Watts): Overload Voltage (Max): Temperature Coefficient:±100ppm/°C Temperature Coefficient:±100ppm/°C Operating Temperature Range:-55°C~+155°C Operating Temperature Range:-55°C~+155°C"
"R178","47Ω","5v rail sm-easyedapro:R0603","https://atta.szlcsc.com/upload/public/pdf/source/20140616/1457707091974.pdf","","FH(风华)","","","","Type:Thick Film Resistors Resistance: Tolerance:±1% Tolerance:±1% Power(Watts): Overload Voltage (Max): Temperature Coefficient:±100ppm/°C Temperature Coefficient:±100ppm/°C Operating Temperature Range:-55°C~+155°C Operating Temperature Range:-55°C~+155°C"
"R179","47Ω","5v rail sm-easyedapro:R0603","https://atta.szlcsc.com/upload/public/pdf/source/20140616/1457707091974.pdf","","FH(风华)","","","","Type:Thick Film Resistors Resistance: Tolerance:±1% Tolerance:±1% Power(Watts): Overload Voltage (Max): Temperature Coefficient:±100ppm/°C Temperature Coefficient:±100ppm/°C Operating Temperature Range:-55°C~+155°C Operating Temperature Range:-55°C~+155°C"
"R180","47Ω","5v rail sm-easyedapro:R0603","https://atta.szlcsc.com/upload/public/pdf/source/20140616/1457707091974.pdf","","FH(风华)","","","","Type:Thick Film Resistors Resistance: Tolerance:±1% Tolerance:±1% Power(Watts): Overload Voltage (Max): Temperature Coefficient:±100ppm/°C Temperature Coefficient:±100ppm/°C Operating Temperature Range:-55°C~+155°C Operating Temperature Range:-55°C~+155°C"
"R181","10kΩ","5v rail sm-easyedapro:R0402","https://item.szlcsc.com/datasheet/0402WGF1002TCE/26487.html","","UNI-ROYAL(厚声)","","","","Type:Thick Film Resistor Resistance:10kΩ Tolerance:±1% Tolerance:±1% Power(Watts):62.5mW Voltage-Supply(Max):50V Temperature Coefficient:±100ppm/°C Temperature Coefficient:±100ppm/°C Operating Temperature:-55°C~+155°C Operating Temperature:-55°C~+155°C"
"R182","10kΩ","5v rail sm-easyedapro:R0402","https://item.szlcsc.com/datasheet/0402WGF1002TCE/26487.html","","UNI-ROYAL(厚声)","","","","Type:Thick Film Resistor Resistance:10kΩ Tolerance:±1% Tolerance:±1% Power(Watts):62.5mW Voltage-Supply(Max):50V Temperature Coefficient:±100ppm/°C Temperature Coefficient:±100ppm/°C Operating Temperature:-55°C~+155°C Operating Temperature:-55°C~+155°C"
"R183","10kΩ","5v rail sm-easyedapro:R0402","https://item.szlcsc.com/datasheet/0402WGF1002TCE/26487.html","","UNI-ROYAL(厚声)","","","","Type:Thick Film Resistor Resistance:10kΩ Tolerance:±1% Tolerance:±1% Power(Watts):62.5mW Voltage-Supply(Max):50V Temperature Coefficient:±100ppm/°C Temperature Coefficient:±100ppm/°C Operating Temperature:-55°C~+155°C Operating Temperature:-55°C~+155°C"
"R184","10kΩ","5v rail sm-easyedapro:R0402","https://item.szlcsc.com/datasheet/0402WGF1002TCE/26487.html","","UNI-ROYAL(厚声)","","","","Type:Thick Film Resistor Resistance:10kΩ Tolerance:±1% Tolerance:±1% Power(Watts):62.5mW Voltage-Supply(Max):50V Temperature Coefficient:±100ppm/°C Temperature Coefficient:±100ppm/°C Operating Temperature:-55°C~+155°C Operating Temperature:-55°C~+155°C"
"R185","100Ω","5v rail sm-easyedapro:R0603","https://atta.szlcsc.com/upload/public/pdf/source/20200306/C422600_1E6D84923E4A46A82E41ADD87F860B5C.pdf","","UNI-ROYAL(厚声)","","","","Type:Thick Film Resistors Resistance: Tolerance:±1% Tolerance:±1% Power(Watts): Overload Voltage (Max): Temperature Coefficient:±200ppm/°C Temperature Coefficient:±200ppm/°C Operating Temperature Range:-55°C~+155°C Operating Temperature Range:-55°C~+155°C"
"R186","10kΩ","5v rail sm-easyedapro:R0402","https://item.szlcsc.com/datasheet/0402WGF1002TCE/26487.html","","UNI-ROYAL(厚声)","","","","Type:Thick Film Resistor Resistance:10kΩ Tolerance:±1% Tolerance:±1% Power(Watts):62.5mW Voltage-Supply(Max):50V Temperature Coefficient:±100ppm/°C Temperature Coefficient:±100ppm/°C Operating Temperature:-55°C~+155°C Operating Temperature:-55°C~+155°C"
"R187","100Ω","5v rail sm-easyedapro:R0603","https://atta.szlcsc.com/upload/public/pdf/source/20200306/C422600_1E6D84923E4A46A82E41ADD87F860B5C.pdf","","UNI-ROYAL(厚声)","","","","Type:Thick Film Resistors Resistance: Tolerance:±1% Tolerance:±1% Power(Watts): Overload Voltage (Max): Temperature Coefficient:±200ppm/°C Temperature Coefficient:±200ppm/°C Operating Temperature Range:-55°C~+155°C Operating Temperature Range:-55°C~+155°C"
"R188","10kΩ","5v rail sm-easyedapro:R0402","https://item.szlcsc.com/datasheet/0402WGF1002TCE/26487.html","","UNI-ROYAL(厚声)","","","","Type:Thick Film Resistor Resistance:10kΩ Tolerance:±1% Tolerance:±1% Power(Watts):62.5mW Voltage-Supply(Max):50V Temperature Coefficient:±100ppm/°C Temperature Coefficient:±100ppm/°C Operating Temperature:-55°C~+155°C Operating Temperature:-55°C~+155°C"
"R189","1mΩ","5v rail sm-easyedapro:R3920","https://item.szlcsc.com/datasheet/PEWM3920F1L00K9/5925614.html","","RESI(开步睿思)","","","","Type:Shunt Resistance:1mΩ Tolerance:±1% Tolerance:±1% Power(Watts):8W Temperature Coefficient:±100ppm/°C Temperature Coefficient:±100ppm/°C Mounting Type:Surface Mount"
"R190","100Ω","5v rail sm-easyedapro:R1206","https://item.szlcsc.com/datasheet/1206W4F1000T5E/18589.html","","UNI-ROYAL(厚声)","","","","Type:Thick Film Resistor Resistance:100Ω Tolerance:±1% Tolerance:±1% Power(Watts):250mW Voltage-Supply(Max):200V Temperature Coefficient:±100ppm/°C Temperature Coefficient:±100ppm/°C Operating Temperature:-55°C~+155°C Operating Temperature:-55°C~+155°C"
"R191","82kΩ","5v rail sm-easyedapro:R0603","","","FOJAN(富捷)","","","","Type:Thick Film Resistor Resistance:82kΩ Tolerance:±1% Tolerance:±1% Power(Watts):100mW Voltage-Supply(Max):75V Temperature Coefficient:±100ppm/°C Temperature Coefficient:±100ppm/°C Operating Temperature:-55°C~+155°C Operating Temperature:-55°C~+155°C"
"R192","100kΩ","5v rail sm-easyedapro:R0603","","","FOJAN(富捷)","","","","Type:Thick Film Resistor Resistance:100kΩ Tolerance:±5% Tolerance:±5% Power(Watts):100mW Voltage-Supply(Max):75V Temperature Coefficient:±100ppm/°C Temperature Coefficient:±100ppm/°C Operating Temperature:-55°C~+155°C Operating Temperature:-55°C~+155°C"
"R193","10kΩ","5v rail sm-easyedapro:R0603","https://item.szlcsc.com/datasheet/0603WAF1002T5E/26547.html","","UNI-ROYAL(厚声)","","","","Type:Thick Film Resistor Resistance:10kΩ Tolerance:±1% Tolerance:±1% Power(Watts):100mW Voltage-Supply(Max):75V Temperature Coefficient:±100ppm/°C Temperature Coefficient:±100ppm/°C Operating Temperature:-55°C~+155°C Operating Temperature:-55°C~+155°C"
"R194","10kΩ","5v rail sm-easyedapro:R0603","https://item.szlcsc.com/datasheet/0603WAF1002T5E/26547.html","","UNI-ROYAL(厚声)","","","","Type:Thick Film Resistor Resistance:10kΩ Tolerance:±1% Tolerance:±1% Power(Watts):100mW Voltage-Supply(Max):75V Temperature Coefficient:±100ppm/°C Temperature Coefficient:±100ppm/°C Operating Temperature:-55°C~+155°C Operating Temperature:-55°C~+155°C"
"R195","10kΩ","5v rail sm-easyedapro:R0603","https://item.szlcsc.com/datasheet/0603WAF1002T5E/26547.html","","UNI-ROYAL(厚声)","","","","Type:Thick Film Resistor Resistance:10kΩ Tolerance:±1% Tolerance:±1% Power(Watts):100mW Voltage-Supply(Max):75V Temperature Coefficient:±100ppm/°C Temperature Coefficient:±100ppm/°C Operating Temperature:-55°C~+155°C Operating Temperature:-55°C~+155°C"
"R196","100Ω","5v rail sm-easyedapro:R0603","https://atta.szlcsc.com/upload/public/pdf/source/20200306/C422600_1E6D84923E4A46A82E41ADD87F860B5C.pdf","","UNI-ROYAL(厚声)","","","","Type:Thick Film Resistors Resistance: Tolerance:±1% Tolerance:±1% Power(Watts): Overload Voltage (Max): Temperature Coefficient:±200ppm/°C Temperature Coefficient:±200ppm/°C Operating Temperature Range:-55°C~+155°C Operating Temperature Range:-55°C~+155°C"
"R197","100Ω","5v rail sm-easyedapro:R0603","https://atta.szlcsc.com/upload/public/pdf/source/20200306/C422600_1E6D84923E4A46A82E41ADD87F860B5C.pdf","","UNI-ROYAL(厚声)","","","","Type:Thick Film Resistors Resistance: Tolerance:±1% Tolerance:±1% Power(Watts): Overload Voltage (Max): Temperature Coefficient:±200ppm/°C Temperature Coefficient:±200ppm/°C Operating Temperature Range:-55°C~+155°C Operating Temperature Range:-55°C~+155°C"
"R198","10MΩ","5v rail sm-easyedapro:R0603","https://atta.szlcsc.com/upload/public/pdf/source/20200306/C422600_1E6D84923E4A46A82E41ADD87F860B5C.pdf","","UNI-ROYAL(厚声)","","","","Type:Thick Film Resistors Resistance:10MΩ Tolerance:±1% Tolerance:±1% Power(Watts): Overload Voltage (Max): Temperature Coefficient:±100ppm/°C Temperature Coefficient:±100ppm/°C Operating Temperature Range:-55°C~+155°C Operating Temperature Range:-55°C~+155°C"
"R199","47Ω","5v rail sm-easyedapro:R0603","","","FOJAN(富捷)","","","","Type:Thick Film Resistor Resistance:47Ω Tolerance:±5% Tolerance:±5% Power(Watts):100mW Voltage-Supply(Max):75V Temperature Coefficient:±100ppm/°C Temperature Coefficient:±100ppm/°C Operating Temperature:-55°C~+155°C Operating Temperature:-55°C~+155°C"
"R200","1kΩ","5v rail sm-easyedapro:R0603","","","FOJAN(富捷)","","","","Type:Thick Film Resistor Resistance:1kΩ Tolerance:±1% Tolerance:±1% Power(Watts):100mW Voltage-Supply(Max):75V Temperature Coefficient:±100ppm/°C Temperature Coefficient:±100ppm/°C Operating Temperature:-55°C~+155°C Operating Temperature:-55°C~+155°C"
"R201","68kΩ","5v rail sm-easyedapro:R0603","https://item.szlcsc.com/datasheet/RC0603FR-0768KL/115877.html","","YAGEO(国巨)","","","","Type:Thick Film Resistor Resistance:68kΩ Tolerance:±1% Tolerance:±1% Power(Watts):100mW Voltage-Supply(Max):75V Temperature Coefficient:±100ppm/°C Temperature Coefficient:±100ppm/°C Operating Temperature:-55°C~+155°C Operating Temperature:-55°C~+155°C"
"R202","1MΩ","5v rail sm-easyedapro:R0603","https://atta.szlcsc.com/upload/public/pdf/source/20181102/C105578_67A9388250AF143DE4682E62257D2969.pdf","","YAGEO(国巨)","","","","Type:Thick Film Resistors Resistance: Tolerance:±1% Tolerance:±1% Power(Watts): Overload Voltage (Max): Temperature Coefficient:±100ppm/°C Temperature Coefficient:±100ppm/°C Operating Temperature Range:-55°C~+155°C Operating Temperature Range:-55°C~+155°C"
"R203","47Ω","5v rail sm-easyedapro:R0603","","","FOJAN(富捷)","","","","Type:Thick Film Resistor Resistance:47Ω Tolerance:±5% Tolerance:±5% Power(Watts):100mW Voltage-Supply(Max):75V Temperature Coefficient:±100ppm/°C Temperature Coefficient:±100ppm/°C Operating Temperature:-55°C~+155°C Operating Temperature:-55°C~+155°C"
"R204","68kΩ","5v rail sm-easyedapro:R0603","https://item.szlcsc.com/datasheet/0603WAF6802T5E/23958.html","","UNI-ROYAL(厚声)","","","","Type:Thick Film Resistor Resistance:68kΩ Tolerance:±1% Tolerance:±1% Power(Watts):100mW Voltage-Supply(Max):75V Temperature Coefficient:±100ppm/°C Temperature Coefficient:±100ppm/°C Operating Temperature:-55°C~+155°C Operating Temperature:-55°C~+155°C"
"R205","10MΩ","5v rail sm-easyedapro:R0603","https://atta.szlcsc.com/upload/public/pdf/source/20200306/C422600_1E6D84923E4A46A82E41ADD87F860B5C.pdf","","UNI-ROYAL(厚声)","","","","Type:Thick Film Resistors Resistance:10MΩ Tolerance:±1% Tolerance:±1% Power(Watts): Overload Voltage (Max): Temperature Coefficient:±100ppm/°C Temperature Coefficient:±100ppm/°C Operating Temperature Range:-55°C~+155°C Operating Temperature Range:-55°C~+155°C"
"R206","40Ω","5v rail sm-easyedapro:TO-263-2_L10.1-W8.8-P5.08-LS15.4-TL","https://item.szlcsc.com/datasheet/PWR263S-35-40R0J/1446902.html","","BOURNS","","","","Type:Thick Film Resistor Resistance:40Ω Tolerance:±5% Tolerance:±5% Power(Watts):35W Voltage-Supply(Max):- Temperature Coefficient:±100ppm/°C Temperature Coefficient:±100ppm/°C Operating Temperature:-55°C~+155°C Operating Temperature:-55°C~+155°C"
"R207","SEWF3920F1L00P9","JLCImport:SEWF3920F1L00P9","https://item.szlcsc.com/836035.html","C5224161","RESI(开步睿思)","","","","RES 1mΩ ±1% 8W 3920"
"R208","47Ω","5v rail sm-easyedapro:R0603","","","FOJAN(富捷)","","","","Type:Thick Film Resistor Resistance:47Ω Tolerance:±5% Tolerance:±5% Power(Watts):100mW Voltage-Supply(Max):75V Temperature Coefficient:±100ppm/°C Temperature Coefficient:±100ppm/°C Operating Temperature:-55°C~+155°C Operating Temperature:-55°C~+155°C"
"R209","470Ω","5v rail sm-easyedapro:R0603","","","FOJAN(富捷)","","","","Type:Thick Film Resistor Resistance:470Ω Tolerance:±5% Tolerance:±5% Power(Watts):100mW Voltage-Supply(Max):75V Temperature Coefficient:±100ppm/°C Temperature Coefficient:±100ppm/°C Operating Temperature:-55°C~+155°C Operating Temperature:-55°C~+155°C"
"R210","10MΩ","5v rail sm-easyedapro:R0603","https://atta.szlcsc.com/upload/public/pdf/source/20200306/C422600_1E6D84923E4A46A82E41ADD87F860B5C.pdf","","UNI-ROYAL(厚声)","","","","Type:Thick Film Resistors Resistance:10MΩ Tolerance:±1% Tolerance:±1% Power(Watts): Overload Voltage (Max): Temperature Coefficient:±100ppm/°C Temperature Coefficient:±100ppm/°C Operating Temperature Range:-55°C~+155°C Operating Temperature Range:-55°C~+155°C"
"R211","10kΩ","5v rail sm-easyedapro:R0603","https://item.szlcsc.com/datasheet/0603WAF1002T5E/26547.html","","UNI-ROYAL(厚声)","","","","Type:Thick Film Resistor Resistance:10kΩ Tolerance:±1% Tolerance:±1% Power(Watts):100mW Voltage-Supply(Max):75V Temperature Coefficient:±100ppm/°C Temperature Coefficient:±100ppm/°C Operating Temperature:-55°C~+155°C Operating Temperature:-55°C~+155°C"
"R212","4.7k","Resistor_SMD:R_0603_1608Metric","~","","","","","","Resistor"
"R213","100kΩ","5v rail sm-easyedapro:R0603","","","FOJAN(富捷)","","","","Type:Thick Film Resistor Resistance:100kΩ Tolerance:±5% Tolerance:±5% Power(Watts):100mW Voltage-Supply(Max):75V Temperature Coefficient:±100ppm/°C Temperature Coefficient:±100ppm/°C Operating Temperature:-55°C~+155°C Operating Temperature:-55°C~+155°C"
"R214","100kΩ","5v rail sm-easyedapro:R0603","","","FOJAN(富捷)","","","","Type:Thick Film Resistor Resistance:100kΩ Tolerance:±5% Tolerance:±5% Power(Watts):100mW Voltage-Supply(Max):75V Temperature Coefficient:±100ppm/°C Temperature Coefficient:±100ppm/°C Operating Temperature:-55°C~+155°C Operating Temperature:-55°C~+155°C"
"R215","5.1kΩ","5v rail sm-easyedapro:R0603","","","FOJAN(富捷)","","","","Type:Thick Film Resistor Resistance:5.1kΩ Tolerance:±1% Tolerance:±1% Power(Watts):100mW Voltage-Supply(Max):75V Temperature Coefficient:±100ppm/°C Temperature Coefficient:±100ppm/°C Operating Temperature:-55°C~+155°C Operating Temperature:-55°C~+155°C"
"R216","5.1kΩ","5v rail sm-easyedapro:R0603","","","FOJAN(富捷)","","","","Type:Thick Film Resistor Resistance:5.1kΩ Tolerance:±1% Tolerance:±1% Power(Watts):100mW Voltage-Supply(Max):75V Temperature Coefficient:±100ppm/°C Temperature Coefficient:±100ppm/°C Operating Temperature:-55°C~+155°C Operating Temperature:-55°C~+155°C"
"R233","47Ω","5v rail sm-easyedapro:R0603","https://atta.szlcsc.com/upload/public/pdf/source/20140616/1457707091974.pdf","","FH(风华)","","","","Type:Thick Film Resistors Resistance: Tolerance:±1% Tolerance:±1% Power(Watts): Overload Voltage (Max): Temperature Coefficient:±100ppm/°C Temperature Coefficient:±100ppm/°C Operating Temperature Range:-55°C~+155°C Operating Temperature Range:-55°C~+155°C"
"R241","10kΩ","5v rail sm-easyedapro:R0402","https://item.szlcsc.com/datasheet/0402WGF1002TCE/26487.html","","UNI-ROYAL(厚声)","","","","Type:Thick Film Resistor Resistance:10kΩ Tolerance:±1% Tolerance:±1% Power(Watts):62.5mW Voltage-Supply(Max):50V Temperature Coefficient:±100ppm/°C Temperature Coefficient:±100ppm/°C Operating Temperature:-55°C~+155°C Operating Temperature:-55°C~+155°C"
"R242","10kΩ","5v rail sm-easyedapro:R0402","https://item.szlcsc.com/datasheet/0402WGF1002TCE/26487.html","","UNI-ROYAL(厚声)","","","","Type:Thick Film Resistor Resistance:10kΩ Tolerance:±1% Tolerance:±1% Power(Watts):62.5mW Voltage-Supply(Max):50V Temperature Coefficient:±100ppm/°C Temperature Coefficient:±100ppm/°C Operating Temperature:-55°C~+155°C Operating Temperature:-55°C~+155°C"
"R243","10kΩ","5v rail sm-easyedapro:R0402","https://item.szlcsc.com/datasheet/0402WGF1002TCE/26487.html","","UNI-ROYAL(厚声)","","","","Type:Thick Film Resistor Resistance:10kΩ Tolerance:±1% Tolerance:±1% Power(Watts):62.5mW Voltage-Supply(Max):50V Temperature Coefficient:±100ppm/°C Temperature Coefficient:±100ppm/°C Operating Temperature:-55°C~+155°C Operating Temperature:-55°C~+155°C"
"R260","47Ω","5v rail sm-easyedapro:R0603","https://atta.szlcsc.com/upload/public/pdf/source/20140616/1457707091974.pdf","","FH(风华)","","","","Type:Thick Film Resistors Resistance: Tolerance:±1% Tolerance:±1% Power(Watts): Overload Voltage (Max): Temperature Coefficient:±100ppm/°C Temperature Coefficient:±100ppm/°C Operating Temperature Range:-55°C~+155°C Operating Temperature Range:-55°C~+155°C"
"R268","10kΩ","5v rail sm-easyedapro:R0402","https://item.szlcsc.com/datasheet/0402WGF1002TCE/26487.html","","UNI-ROYAL(厚声)","","","","Type:Thick Film Resistor Resistance:10kΩ Tolerance:±1% Tolerance:±1% Power(Watts):62.5mW Voltage-Supply(Max):50V Temperature Coefficient:±100ppm/°C Temperature Coefficient:±100ppm/°C Operating Temperature:-55°C~+155°C Operating Temperature:-55°C~+155°C"
"R269","10kΩ","5v rail sm-easyedapro:R0402","https://item.szlcsc.com/datasheet/0402WGF1002TCE/26487.html","","UNI-ROYAL(厚声)","","","","Type:Thick Film Resistor Resistance:10kΩ Tolerance:±1% Tolerance:±1% Power(Watts):62.5mW Voltage-Supply(Max):50V Temperature Coefficient:±100ppm/°C Temperature Coefficient:±100ppm/°C Operating Temperature:-55°C~+155°C Operating Temperature:-55°C~+155°C"
"R301","47Ω","5v rail sm-easyedapro:R0603","https://atta.szlcsc.com/upload/public/pdf/source/20140616/1457707091974.pdf","","FH(风华)","","","","Type:Thick Film Resistors Resistance: Tolerance:±1% Tolerance:±1% Power(Watts): Overload Voltage (Max): Temperature Coefficient:±100ppm/°C Temperature Coefficient:±100ppm/°C Operating Temperature Range:-55°C~+155°C Operating Temperature Range:-55°C~+155°C"
"R302","47Ω","5v rail sm-easyedapro:R0603","https://atta.szlcsc.com/upload/public/pdf/source/20140616/1457707091974.pdf","","FH(风华)","","","","Type:Thick Film Resistors Resistance: Tolerance:±1% Tolerance:±1% Power(Watts): Overload Voltage (Max): Temperature Coefficient:±100ppm/°C Temperature Coefficient:±100ppm/°C Operating Temperature Range:-55°C~+155°C Operating Temperature Range:-55°C~+155°C"
"R303","47Ω","5v rail sm-easyedapro:R0603","https://atta.szlcsc.com/upload/public/pdf/source/20140616/1457707091974.pdf","","FH(风华)","","","","Type:Thick Film Resistors Resistance: Tolerance:±1% Tolerance:±1% Power(Watts): Overload Voltage (Max): Temperature Coefficient:±100ppm/°C Temperature Coefficient:±100ppm/°C Operating Temperature Range:-55°C~+155°C Operating Temperature Range:-55°C~+155°C"
"R304","47Ω","5v rail sm-easyedapro:R0603","https://atta.szlcsc.com/upload/public/pdf/source/20140616/1457707091974.pdf","","FH(风华)","","","","Type:Thick Film Resistors Resistance: Tolerance:±1% Tolerance:±1% Power(Watts): Overload Voltage (Max): Temperature Coefficient:±100ppm/°C Temperature Coefficient:±100ppm/°C Operating Temperature Range:-55°C~+155°C Operating Temperature Range:-55°C~+155°C"
"R305","47Ω","5v rail sm-easyedapro:R0603","https://atta.szlcsc.com/upload/public/pdf/source/20140616/1457707091974.pdf","","FH(风华)","","","","Type:Thick Film Resistors Resistance: Tolerance:±1% Tolerance:±1% Power(Watts): Overload Voltage (Max): Temperature Coefficient:±100ppm/°C Temperature Coefficient:±100ppm/°C Operating Temperature Range:-55°C~+155°C Operating Temperature Range:-55°C~+155°C"
"R306","47Ω","5v rail sm-easyedapro:R0603","https://atta.szlcsc.com/upload/public/pdf/source/20140616/1457707091974.pdf","","FH(风华)","","","","Type:Thick Film Resistors Resistance: Tolerance:±1% Tolerance:±1% Power(Watts): Overload Voltage (Max): Temperature Coefficient:±100ppm/°C Temperature Coefficient:±100ppm/°C Operating Temperature Range:-55°C~+155°C Operating Temperature Range:-55°C~+155°C"
"R307","47Ω","5v rail sm-easyedapro:R0603","https://atta.szlcsc.com/upload/public/pdf/source/20140616/1457707091974.pdf","","FH(风华)","","","","Type:Thick Film Resistors Resistance: Tolerance:±1% Tolerance:±1% Power(Watts): Overload Voltage (Max): Temperature Coefficient:±100ppm/°C Temperature Coefficient:±100ppm/°C Operating Temperature Range:-55°C~+155°C Operating Temperature Range:-55°C~+155°C"
"R308","47Ω","5v rail sm-easyedapro:R0603","https://atta.szlcsc.com/upload/public/pdf/source/20140616/1457707091974.pdf","","FH(风华)","","","","Type:Thick Film Resistors Resistance: Tolerance:±1% Tolerance:±1% Power(Watts): Overload Voltage (Max): Temperature Coefficient:±100ppm/°C Temperature Coefficient:±100ppm/°C Operating Temperature Range:-55°C~+155°C Operating Temperature Range:-55°C~+155°C"
"R309","47Ω","5v rail sm-easyedapro:R0603","https://atta.szlcsc.com/upload/public/pdf/source/20140616/1457707091974.pdf","","FH(风华)","","","","Type:Thick Film Resistors Resistance: Tolerance:±1% Tolerance:±1% Power(Watts): Overload Voltage (Max): Temperature Coefficient:±100ppm/°C Temperature Coefficient:±100ppm/°C Operating Temperature Range:-55°C~+155°C Operating Temperature Range:-55°C~+155°C"
"R310","47Ω","5v rail sm-easyedapro:R0603","https://atta.szlcsc.com/upload/public/pdf/source/20140616/1457707091974.pdf","","FH(风华)","","","","Type:Thick Film Resistors Resistance: Tolerance:±1% Tolerance:±1% Power(Watts): Overload Voltage (Max): Temperature Coefficient:±100ppm/°C Temperature Coefficient:±100ppm/°C Operating Temperature Range:-55°C~+155°C Operating Temperature Range:-55°C~+155°C"
"R311","47Ω","5v rail sm-easyedapro:R0603","https://atta.szlcsc.com/upload/public/pdf/source/20140616/1457707091974.pdf","","FH(风华)","","","","Type:Thick Film Resistors Resistance: Tolerance:±1% Tolerance:±1% Power(Watts): Overload Voltage (Max): Temperature Coefficient:±100ppm/°C Temperature Coefficient:±100ppm/°C Operating Temperature Range:-55°C~+155°C Operating Temperature Range:-55°C~+155°C"
"R312","47Ω","5v rail sm-easyedapro:R0603","https://atta.szlcsc.com/upload/public/pdf/source/20140616/1457707091974.pdf","","FH(风华)","","","","Type:Thick Film Resistors Resistance: Tolerance:±1% Tolerance:±1% Power(Watts): Overload Voltage (Max): Temperature Coefficient:±100ppm/°C Temperature Coefficient:±100ppm/°C Operating Temperature Range:-55°C~+155°C Operating Temperature Range:-55°C~+155°C"
"R313","47Ω","5v rail sm-easyedapro:R0603","https://atta.szlcsc.com/upload/public/pdf/source/20140616/1457707091974.pdf","","FH(风华)","","","","Type:Thick Film Resistors Resistance: Tolerance:±1% Tolerance:±1% Power(Watts): Overload Voltage (Max): Temperature Coefficient:±100ppm/°C Temperature Coefficient:±100ppm/°C Operating Temperature Range:-55°C~+155°C Operating Temperature Range:-55°C~+155°C"
"R314","47Ω","5v rail sm-easyedapro:R0603","https://atta.szlcsc.com/upload/public/pdf/source/20140616/1457707091974.pdf","","FH(风华)","","","","Type:Thick Film Resistors Resistance: Tolerance:±1% Tolerance:±1% Power(Watts): Overload Voltage (Max): Temperature Coefficient:±100ppm/°C Temperature Coefficient:±100ppm/°C Operating Temperature Range:-55°C~+155°C Operating Temperature Range:-55°C~+155°C"
"R315","47Ω","5v rail sm-easyedapro:R0603","https://atta.szlcsc.com/upload/public/pdf/source/20140616/1457707091974.pdf","","FH(风华)","","","","Type:Thick Film Resistors Resistance: Tolerance:±1% Tolerance:±1% Power(Watts): Overload Voltage (Max): Temperature Coefficient:±100ppm/°C Temperature Coefficient:±100ppm/°C Operating Temperature Range:-55°C~+155°C Operating Temperature Range:-55°C~+155°C"
"R316","47Ω","5v rail sm-easyedapro:R0603","https://atta.szlcsc.com/upload/public/pdf/source/20140616/1457707091974.pdf","","FH(风华)","","","","Type:Thick Film Resistors Resistance: Tolerance:±1% Tolerance:±1% Power(Watts): Overload Voltage (Max): Temperature Coefficient:±100ppm/°C Temperature Coefficient:±100ppm/°C Operating Temperature Range:-55°C~+155°C Operating Temperature Range:-55°C~+155°C"
"R317","47Ω","5v rail sm-easyedapro:R0603","https://atta.szlcsc.com/upload/public/pdf/source/20140616/1457707091974.pdf","","FH(风华)","","","","Type:Thick Film Resistors Resistance: Tolerance:±1% Tolerance:±1% Power(Watts): Overload Voltage (Max): Temperature Coefficient:±100ppm/°C Temperature Coefficient:±100ppm/°C Operating Temperature Range:-55°C~+155°C Operating Temperature Range:-55°C~+155°C"
"R318","47Ω","5v rail sm-easyedapro:R0603","https://atta.szlcsc.com/upload/public/pdf/source/20140616/1457707091974.pdf","","FH(风华)","","","","Type:Thick Film Resistors Resistance: Tolerance:±1% Tolerance:±1% Power(Watts): Overload Voltage (Max): Temperature Coefficient:±100ppm/°C Temperature Coefficient:±100ppm/°C Operating Temperature Range:-55°C~+155°C Operating Temperature Range:-55°C~+155°C"
"R319","47Ω","5v rail sm-easyedapro:R0603","https://atta.szlcsc.com/upload/public/pdf/source/20140616/1457707091974.pdf","","FH(风华)","","","","Type:Thick Film Resistors Resistance: Tolerance:±1% Tolerance:±1% Power(Watts): Overload Voltage (Max): Temperature Coefficient:±100ppm/°C Temperature Coefficient:±100ppm/°C Operating Temperature Range:-55°C~+155°C Operating Temperature Range:-55°C~+155°C"
"R320","47Ω","5v rail sm-easyedapro:R0603","https://atta.szlcsc.com/upload/public/pdf/source/20140616/1457707091974.pdf","","FH(风华)","","","","Type:Thick Film Resistors Resistance: Tolerance:±1% Tolerance:±1% Power(Watts): Overload Voltage (Max): Temperature Coefficient:±100ppm/°C Temperature Coefficient:±100ppm/°C Operating Temperature Range:-55°C~+155°C Operating Temperature Range:-55°C~+155°C"
"R321","47Ω","5v rail sm-easyedapro:R0603","https://atta.szlcsc.com/upload/public/pdf/source/20140616/1457707091974.pdf","","FH(风华)","","","","Type:Thick Film Resistors Resistance: Tolerance:±1% Tolerance:±1% Power(Watts): Overload Voltage (Max): Temperature Coefficient:±100ppm/°C Temperature Coefficient:±100ppm/°C Operating Temperature Range:-55°C~+155°C Operating Temperature Range:-55°C~+155°C"
"R322","47Ω","5v rail sm-easyedapro:R0603","https://atta.szlcsc.com/upload/public/pdf/source/20140616/1457707091974.pdf","","FH(风华)","","","","Type:Thick Film Resistors Resistance: Tolerance:±1% Tolerance:±1% Power(Watts): Overload Voltage (Max): Temperature Coefficient:±100ppm/°C Temperature Coefficient:±100ppm/°C Operating Temperature Range:-55°C~+155°C Operating Temperature Range:-55°C~+155°C"
"R323","47Ω","5v rail sm-easyedapro:R0603","https://atta.szlcsc.com/upload/public/pdf/source/20140616/1457707091974.pdf","","FH(风华)","","","","Type:Thick Film Resistors Resistance: Tolerance:±1% Tolerance:±1% Power(Watts): Overload Voltage (Max): Temperature Coefficient:±100ppm/°C Temperature Coefficient:±100ppm/°C Operating Temperature Range:-55°C~+155°C Operating Temperature Range:-55°C~+155°C"
"R3401","47Ω","5v rail sm-easyedapro:R0603","https://atta.szlcsc.com/upload/public/pdf/source/20140616/1457707091974.pdf","","FH(风华)","","","","Type:Thick Film Resistors Resistance: Tolerance:±1% Tolerance:±1% Power(Watts): Overload Voltage (Max): Temperature Coefficient:±100ppm/°C Temperature Coefficient:±100ppm/°C Operating Temperature Range:-55°C~+155°C Operating Temperature Range:-55°C~+155°C"
"R3402","47Ω","5v rail sm-easyedapro:R0603","https://atta.szlcsc.com/upload/public/pdf/source/20140616/1457707091974.pdf","","FH(风华)","","","","Type:Thick Film Resistors Resistance: Tolerance:±1% Tolerance:±1% Power(Watts): Overload Voltage (Max): Temperature Coefficient:±100ppm/°C Temperature Coefficient:±100ppm/°C Operating Temperature Range:-55°C~+155°C Operating Temperature Range:-55°C~+155°C"
"R3403","47Ω","5v rail sm-easyedapro:R0603","https://atta.szlcsc.com/upload/public/pdf/source/20140616/1457707091974.pdf","","FH(风华)","","","","Type:Thick Film Resistors Resistance: Tolerance:±1% Tolerance:±1% Power(Watts): Overload Voltage (Max): Temperature Coefficient:±100ppm/°C Temperature Coefficient:±100ppm/°C Operating Temperature Range:-55°C~+155°C Operating Temperature Range:-55°C~+155°C"
"R3404","47Ω","5v rail sm-easyedapro:R0603","https://atta.szlcsc.com/upload/public/pdf/source/20140616/1457707091974.pdf","","FH(风华)","","","","Type:Thick Film Resistors Resistance: Tolerance:±1% Tolerance:±1% Power(Watts): Overload Voltage (Max): Temperature Coefficient:±100ppm/°C Temperature Coefficient:±100ppm/°C Operating Temperature Range:-55°C~+155°C Operating Temperature Range:-55°C~+155°C"
"R3405","47Ω","5v rail sm-easyedapro:R0603","https://atta.szlcsc.com/upload/public/pdf/source/20140616/1457707091974.pdf","","FH(风华)","","","","Type:Thick Film Resistors Resistance: Tolerance:±1% Tolerance:±1% Power(Watts): Overload Voltage (Max): Temperature Coefficient:±100ppm/°C Temperature Coefficient:±100ppm/°C Operating Temperature Range:-55°C~+155°C Operating Temperature Range:-55°C~+155°C"
"R3406","47Ω","5v rail sm-easyedapro:R0603","https://atta.szlcsc.com/upload/public/pdf/source/20140616/1457707091974.pdf","","FH(风华)","","","","Type:Thick Film Resistors Resistance: Tolerance:±1% Tolerance:±1% Power(Watts): Overload Voltage (Max): Temperature Coefficient:±100ppm/°C Temperature Coefficient:±100ppm/°C Operating Temperature Range:-55°C~+155°C Operating Temperature Range:-55°C~+155°C"
"R3407","47Ω","5v rail sm-easyedapro:R0603","https://atta.szlcsc.com/upload/public/pdf/source/20140616/1457707091974.pdf","","FH(风华)","","","","Type:Thick Film Resistors Resistance: Tolerance:±1% Tolerance:±1% Power(Watts): Overload Voltage (Max): Temperature Coefficient:±100ppm/°C Temperature Coefficient:±100ppm/°C Operating Temperature Range:-55°C~+155°C Operating Temperature Range:-55°C~+155°C"
"R3408","47Ω","5v rail sm-easyedapro:R0603","https://atta.szlcsc.com/upload/public/pdf/source/20140616/1457707091974.pdf","","FH(风华)","","","","Type:Thick Film Resistors Resistance: Tolerance:±1% Tolerance:±1% Power(Watts): Overload Voltage (Max): Temperature Coefficient:±100ppm/°C Temperature Coefficient:±100ppm/°C Operating Temperature Range:-55°C~+155°C Operating Temperature Range:-55°C~+155°C"
"R3409","47Ω","5v rail sm-easyedapro:R0603","https://atta.szlcsc.com/upload/public/pdf/source/20140616/1457707091974.pdf","","FH(风华)","","","","Type:Thick Film Resistors Resistance: Tolerance:±1% Tolerance:±1% Power(Watts): Overload Voltage (Max): Temperature Coefficient:±100ppm/°C Temperature Coefficient:±100ppm/°C Operating Temperature Range:-55°C~+155°C Operating Temperature Range:-55°C~+155°C"
"R3410","47Ω","5v rail sm-easyedapro:R0603","https://atta.szlcsc.com/upload/public/pdf/source/20140616/1457707091974.pdf","","FH(风华)","","","","Type:Thick Film Resistors Resistance: Tolerance:±1% Tolerance:±1% Power(Watts): Overload Voltage (Max): Temperature Coefficient:±100ppm/°C Temperature Coefficient:±100ppm/°C Operating Temperature Range:-55°C~+155°C Operating Temperature Range:-55°C~+155°C"
"R3411","47Ω","5v rail sm-easyedapro:R0603","https://atta.szlcsc.com/upload/public/pdf/source/20140616/1457707091974.pdf","","FH(风华)","","","","Type:Thick Film Resistors Resistance: Tolerance:±1% Tolerance:±1% Power(Watts): Overload Voltage (Max): Temperature Coefficient:±100ppm/°C Temperature Coefficient:±100ppm/°C Operating Temperature Range:-55°C~+155°C Operating Temperature Range:-55°C~+155°C"
"R3412","47Ω","5v rail sm-easyedapro:R0603","https://atta.szlcsc.com/upload/public/pdf/source/20140616/1457707091974.pdf","","FH(风华)","","","","Type:Thick Film Resistors Resistance: Tolerance:±1% Tolerance:±1% Power(Watts): Overload Voltage (Max): Temperature Coefficient:±100ppm/°C Temperature Coefficient:±100ppm/°C Operating Temperature Range:-55°C~+155°C Operating Temperature Range:-55°C~+155°C"
"R3413","47Ω","5v rail sm-easyedapro:R0603","https://atta.szlcsc.com/upload/public/pdf/source/20140616/1457707091974.pdf","","FH(风华)","","","","Type:Thick Film Resistors Resistance: Tolerance:±1% Tolerance:±1% Power(Watts): Overload Voltage (Max): Temperature Coefficient:±100ppm/°C Temperature Coefficient:±100ppm/°C Operating Temperature Range:-55°C~+155°C Operating Temperature Range:-55°C~+155°C"
"R3414","47Ω","5v rail sm-easyedapro:R0603","https://atta.szlcsc.com/upload/public/pdf/source/20140616/1457707091974.pdf","","FH(风华)","","","","Type:Thick Film Resistors Resistance: Tolerance:±1% Tolerance:±1% Power(Watts): Overload Voltage (Max): Temperature Coefficient:±100ppm/°C Temperature Coefficient:±100ppm/°C Operating Temperature Range:-55°C~+155°C Operating Temperature Range:-55°C~+155°C"
"R3415","47Ω","5v rail sm-easyedapro:R0603","https://atta.szlcsc.com/upload/public/pdf/source/20140616/1457707091974.pdf","","FH(风华)","","","","Type:Thick Film Resistors Resistance: Tolerance:±1% Tolerance:±1% Power(Watts): Overload Voltage (Max): Temperature Coefficient:±100ppm/°C Temperature Coefficient:±100ppm/°C Operating Temperature Range:-55°C~+155°C Operating Temperature Range:-55°C~+155°C"
"R3416","47Ω","5v rail sm-easyedapro:R0603","https://atta.szlcsc.com/upload/public/pdf/source/20140616/1457707091974.pdf","","FH(风华)","","","","Type:Thick Film Resistors Resistance: Tolerance:±1% Tolerance:±1% Power(Watts): Overload Voltage (Max): Temperature Coefficient:±100ppm/°C Temperature Coefficient:±100ppm/°C Operating Temperature Range:-55°C~+155°C Operating Temperature Range:-55°C~+155°C"
"R3417","47Ω","5v rail sm-easyedapro:R0603","https://atta.szlcsc.com/upload/public/pdf/source/20140616/1457707091974.pdf","","FH(风华)","","","","Type:Thick Film Resistors Resistance: Tolerance:±1% Tolerance:±1% Power(Watts): Overload Voltage (Max): Temperature Coefficient:±100ppm/°C Temperature Coefficient:±100ppm/°C Operating Temperature Range:-55°C~+155°C Operating Temperature Range:-55°C~+155°C"
"R3418","47Ω","5v rail sm-easyedapro:R0603","https://atta.szlcsc.com/upload/public/pdf/source/20140616/1457707091974.pdf","","FH(风华)","","","","Type:Thick Film Resistors Resistance: Tolerance:±1% Tolerance:±1% Power(Watts): Overload Voltage (Max): Temperature Coefficient:±100ppm/°C Temperature Coefficient:±100ppm/°C Operating Temperature Range:-55°C~+155°C Operating Temperature Range:-55°C~+155°C"
"R3419","47Ω","5v rail sm-easyedapro:R0603","https://atta.szlcsc.com/upload/public/pdf/source/20140616/1457707091974.pdf","","FH(风华)","","","","Type:Thick Film Resistors Resistance: Tolerance:±1% Tolerance:±1% Power(Watts): Overload Voltage (Max): Temperature Coefficient:±100ppm/°C Temperature Coefficient:±100ppm/°C Operating Temperature Range:-55°C~+155°C Operating Temperature Range:-55°C~+155°C"
"R3420","47Ω","5v rail sm-easyedapro:R0603","https://atta.szlcsc.com/upload/public/pdf/source/20140616/1457707091974.pdf","","FH(风华)","","","","Type:Thick Film Resistors Resistance: Tolerance:±1% Tolerance:±1% Power(Watts): Overload Voltage (Max): Temperature Coefficient:±100ppm/°C Temperature Coefficient:±100ppm/°C Operating Temperature Range:-55°C~+155°C Operating Temperature Range:-55°C~+155°C"
"R3421","47Ω","5v rail sm-easyedapro:R0603","https://atta.szlcsc.com/upload/public/pdf/source/20140616/1457707091974.pdf","","FH(风华)","","","","Type:Thick Film Resistors Resistance: Tolerance:±1% Tolerance:±1% Power(Watts): Overload Voltage (Max): Temperature Coefficient:±100ppm/°C Temperature Coefficient:±100ppm/°C Operating Temperature Range:-55°C~+155°C Operating Temperature Range:-55°C~+155°C"
"R3422","47Ω","5v rail sm-easyedapro:R0603","https://atta.szlcsc.com/upload/public/pdf/source/20140616/1457707091974.pdf","","FH(风华)","","","","Type:Thick Film Resistors Resistance: Tolerance:±1% Tolerance:±1% Power(Watts): Overload Voltage (Max): Temperature Coefficient:±100ppm/°C Temperature Coefficient:±100ppm/°C Operating Temperature Range:-55°C~+155°C Operating Temperature Range:-55°C~+155°C"
"R3423","47Ω","5v rail sm-easyedapro:R0603","https://atta.szlcsc.com/upload/public/pdf/source/20140616/1457707091974.pdf","","FH(风华)","","","","Type:Thick Film Resistors Resistance: Tolerance:±1% Tolerance:±1% Power(Watts): Overload Voltage (Max): Temperature Coefficient:±100ppm/°C Temperature Coefficient:±100ppm/°C Operating Temperature Range:-55°C~+155°C Operating Temperature Range:-55°C~+155°C"
"RN1","10kΩ","5v rail sm-easyedapro:RES-ARRAY-SMD_0603-8P-L3.2-W1.6-BL","https://item.szlcsc.com/datasheet/RTA03-4D103JTP/103861.html","","RALEC(旺诠)","","","","Number of Resistors: Resistance:10kΩ Tolerance:±5% Tolerance:±5% Power(Watts):62.5mW Temperature Coefficient:±200ppm/°C Temperature Coefficient:±200ppm/°C Number of Pins:"
"RN2","10kΩ","5v rail sm-easyedapro:RES-ARRAY-SMD_0603-8P-L3.2-W1.6-BL","https://item.szlcsc.com/datasheet/RTA03-4D103JTP/103861.html","","RALEC(旺诠)","","","","Number of Resistors: Resistance:10kΩ Tolerance:±5% Tolerance:±5% Power(Watts):62.5mW Temperature Coefficient:±200ppm/°C Temperature Coefficient:±200ppm/°C Number of Pins:"
"SW2","TC-6615-5-260G","JLCImport:TC-6615-5-260G","https://item.szlcsc.com/763338.html?ref=editor&logined=true","C2845270","HCTL(华灿天禄)","","","",""
"tore101","~","5v rail sm-easyedapro:tore","","","","","","",""
"U1","LSM6DSOXTR","5v rail sm-easyedapro:LGA-14L_L3.0-W2.5-P0.50-TL","https://item.szlcsc.com/datasheet/LSM6DSOXTR/489350.html","","ST(意法半导体)","","","","Sensor Type:Accelerometer Gyroscope Operating Temperature:-40°C~+85°C Operating Temperature:-40°C~+85°C"
"U2","~","Jumper:SolderJumper-2_P1.3mm_Open_Pad1.0x1.5mm","~","","","","","","Jumper, 2-pole, open"
"U3","~","Jumper:SolderJumper-2_P1.3mm_Open_Pad1.0x1.5mm","~","","","","","","Jumper, 2-pole, open"
"U4","~","Jumper:SolderJumper-2_P1.3mm_Bridged_Pad1.0x1.5mm","~","","","","","","Jumper, 2-pole, closed/bridged"
"U5","~","Jumper:SolderJumper-2_P1.3mm_Bridged_Pad1.0x1.5mm","~","","","","","","Jumper, 2-pole, closed/bridged"
"U6","~","Jumper:SolderJumper-2_P1.3mm_Open_Pad1.0x1.5mm","~","","","","","","Jumper, 2-pole, open"
"U7","~","Jumper:SolderJumper-2_P1.3mm_Open_Pad1.0x1.5mm","~","","","","","","Jumper, 2-pole, open"
"U8","~","Jumper:SolderJumper-2_P1.3mm_Bridged_Pad1.0x1.5mm","~","","","","","","Jumper, 2-pole, closed/bridged"
"U9","~","Jumper:SolderJumper-2_P1.3mm_Bridged_Pad1.0x1.5mm","~","","","","","","Jumper, 2-pole, closed/bridged"
"U10","0440007_WR","JLCImport:0440007_WR","https://atta.szlcsc.com/upload/public/pdf/source/20200518/C553934_4CFF0660EAE88BF7A646763F248900C5.pdf","C206973","Littelfuse(美国力特)","","","","7A"
"U20","~","Jumper:SolderJumper-2_P1.3mm_Bridged_Pad1.0x1.5mm","~","","","","","","Jumper, 2-pole, closed/bridged"
"U21","~","Jumper:SolderJumper-2_P1.3mm_Bridged_Pad1.0x1.5mm","~","","","","","","Jumper, 2-pole, closed/bridged"
"U22","~","Jumper:SolderJumper-2_P1.3mm_Bridged_Pad1.0x1.5mm","~","","","","","","Jumper, 2-pole, closed/bridged"
"U23","~","Jumper:SolderJumper-2_P1.3mm_Bridged_Pad1.0x1.5mm","~","","","","","","Jumper, 2-pole, closed/bridged"
"U24","~","Jumper:SolderJumper-2_P1.3mm_Bridged_Pad1.0x1.5mm","~","","","","","","Jumper, 2-pole, closed/bridged"
"U25","~","Jumper:SolderJumper-2_P1.3mm_Bridged_Pad1.0x1.5mm","~","","","","","","Jumper, 2-pole, closed/bridged"
"U26","~","Jumper:SolderJumper-2_P1.3mm_Bridged_Pad1.0x1.5mm","~","","","","","","Jumper, 2-pole, closed/bridged"
"U27","~","Jumper:SolderJumper-2_P1.3mm_Bridged_Pad1.0x1.5mm","~","","","","","","Jumper, 2-pole, closed/bridged"
"U28","X1270WV-2X08B-6TV01","JLCImport:X1270WV-2X08B-6TV01","https://datasheet.lcsc.com/lcsc/2201191230_XKB-Connectivity-X1270WV-2x05B-6TV01_C2962225.pdf","C5147219","XKB Connection(中国星坤)","","","",""
"U29","RVT1H680M0607","JLCImport:RVT1H680M0607","https://item.szlcsc.com/265679.html","C5221836","ROQANG(容强)","","","",""
"U30","CN3722","5v rail sm-easyedapro:TSSOP-16_L5.0-W4.4-P0.65-LS6.4-BL","https://atta.szlcsc.com/upload/public/pdf/source/20161217/1481939130627.pdf","","CONSONANCE(上海如韵)","","","",""
"U31","15uH","5v rail sm-easyedapro:IND-SMD_2P-L11.3-W10.0-XAL1010-153MED","https://www.coilcraft.com/getmedia/dd74e670-e705-456a-9a69-585fe02eaf3c/xal1010.pdf","","Coilcraft(线艺)","","","","Inductance:15uH Tolerance:±20% Tolerance:±20% Current Rating:9.9A Current - Saturation(Isat):15.5A DC Resistance(DCR):18.6mΩ Type:Magnetic Shielded Inductor Ratings:AEC-Q200"
"U32","SMBJ24A_C19077578","JLCImport:SMBJ24A_C19077578","https://atta.szlcsc.com/upload/public/pdf/source/20200427/C523315_1DF70F941FD67F07EBF9CC348F6E436D.pdf","C19077578","R+O(宏嘉诚)","","","","38.9VC Clamp 15.42A@10/1000us Ipp TVS DIODE DO-214AA(SMB)"
"U33","LM5050MKX-1/NOPB","5v rail sm-easyedapro:TSOT-23-6_L2.9-W1.6-P0.95-LS2.8-BL","https://www.ti.com/cn/lit/gpn/lm5050-1","","TI(德州仪器)","","","",""
"U34","SMBJ24A_C19077578","JLCImport:SMBJ24A_C19077578","https://atta.szlcsc.com/upload/public/pdf/source/20200427/C523315_1DF70F941FD67F07EBF9CC348F6E436D.pdf","C19077578","R+O(宏嘉诚)","","","","38.9VC Clamp 15.42A@10/1000us Ipp TVS DIODE DO-214AA(SMB)"
"U35","SMBJ24A_C19077578","JLCImport:SMBJ24A_C19077578","https://atta.szlcsc.com/upload/public/pdf/source/20200427/C523315_1DF70F941FD67F07EBF9CC348F6E436D.pdf","C19077578","R+O(宏嘉诚)","","","","38.9VC Clamp 15.42A@10/1000us Ipp TVS DIODE DO-214AA(SMB)"
"U36","LM5050MKX-1/NOPB","5v rail sm-easyedapro:TSOT-23-6_L2.9-W1.6-P0.95-LS2.8-BL","https://www.ti.com/cn/lit/gpn/lm5050-1","","TI(德州仪器)","","","",""
"U37","SMBJ24A_C19077578","JLCImport:SMBJ24A_C19077578","https://atta.szlcsc.com/upload/public/pdf/source/20200427/C523315_1DF70F941FD67F07EBF9CC348F6E436D.pdf","C19077578","R+O(宏嘉诚)","","","","38.9VC Clamp 15.42A@10/1000us Ipp TVS DIODE DO-214AA(SMB)"
"U38","SMBJ24A_C19077578","JLCImport:SMBJ24A_C19077578","https://atta.szlcsc.com/upload/public/pdf/source/20200427/C523315_1DF70F941FD67F07EBF9CC348F6E436D.pdf","C19077578","R+O(宏嘉诚)","","","","38.9VC Clamp 15.42A@10/1000us Ipp TVS DIODE DO-214AA(SMB)"
"U39","LM5050MKX-1/NOPB","5v rail sm-easyedapro:TSOT-23-6_L2.9-W1.6-P0.95-LS2.8-BL","https://www.ti.com/cn/lit/gpn/lm5050-1","","TI(德州仪器)","","","",""
"U40","SMBJ24A_C19077578","JLCImport:SMBJ24A_C19077578","https://atta.szlcsc.com/upload/public/pdf/source/20200427/C523315_1DF70F941FD67F07EBF9CC348F6E436D.pdf","C19077578","R+O(宏嘉诚)","","","","38.9VC Clamp 15.42A@10/1000us Ipp TVS DIODE DO-214AA(SMB)"
"U41","VH3_96-2P_WZ","JLCImport:VH3_96-2P_WZ","https://atta.szlcsc.com/upload/public/pdf/source/20160806/1470478006708.pdf","C5379879","SHOU HAN(首韩)","","","",""
"U42","VH3_96-2P_WZ","JLCImport:VH3_96-2P_WZ","https://atta.szlcsc.com/upload/public/pdf/source/20160806/1470478006708.pdf","C5379879","SHOU HAN(首韩)","","","",""
"U43","VH3_96-2P_WZ","JLCImport:VH3_96-2P_WZ","https://atta.szlcsc.com/upload/public/pdf/source/20160806/1470478006708.pdf","C5379879","SHOU HAN(首韩)","","","",""
"U44","MCP4725A0T-E/CH","5v rail sm-easyedapro:SOT-23-6_L2.9-W1.6-P0.95-LS2.8-BL","https://item.szlcsc.com/datasheet/MCP4725A0T-E%252FCH/155530.html","","MICROCHIP(美国微芯)","","","","Resolution(Bits):12Bit Number of Channels:1 Interface:I2C Voltage - Supply:2.7V~5.5V Voltage - Supply:2.7V~5.5V Settling Time:6us Output Type:- INL/DNL(LSB):2LSB INL/DNL(LSB):2LSB Operating Temperature:-40°C~+125°C Operating Temperature:-40°C~+125°C"
"U45","ADS1115IDGST","5v rail sm-easyedapro:VSSOP-10_L3.0-W3.0-P0.50-LS4.9-BL","https://www.ti.com/cn/lit/gpn/ads1113","","TI(德州仪器)","","","","Resolution(Bits):16 Sampling Rate:860Hz number of channels:2；4 Voltage - Supply:2V~5.5V Voltage - Supply:2V~5.5V Interface:I2C differential input:Yes Integral non - linearity:1LSB Integral non - linearity:1LSB Operating Temperature:-40°C~+125°C Operating Te"
"U46","~","Jumper:SolderJumper-2_P1.3mm_Bridged_Pad1.0x1.5mm","~","","","","","","Jumper, 2-pole, closed/bridged"
"U47","LTM8055IY_PBF","Snapeda:BGA121C127P11X11_1500X1500X512N","","","","","","",""
"U48","68uF","5v rail sm-easyedapro:CAP-SMD_BD6.3-L6.6-W6.6-LS7.4-FD","","","ROQANG(容强)","","","","Capacitance:68uF Tolerance:±20% Tolerance:±20% Voltage Rating:25V Ripple Current:55mA@120Hz Diameter:6.3mm Height - Seated (Max):5.4mm Lifetime:2000hrs@105°C Operating Temperature:-40°C~+105°C Operating Temperature:-40°C~+105°C"
"U49","SMBJ24A_C19077578","JLCImport:SMBJ24A_C19077578","https://atta.szlcsc.com/upload/public/pdf/source/20200427/C523315_1DF70F941FD67F07EBF9CC348F6E436D.pdf","C19077578","R+O(宏嘉诚)","","","","38.9VC Clamp 15.42A@10/1000us Ipp TVS DIODE DO-214AA(SMB)"
"U50","LM5050MKX-1/NOPB","5v rail sm-easyedapro:TSOT-23-6_L2.9-W1.6-P0.95-LS2.8-BL","https://www.ti.com/cn/lit/gpn/lm5050-1","","TI(德州仪器)","","","",""
"U51","SMBJ24A_C19077578","JLCImport:SMBJ24A_C19077578","https://atta.szlcsc.com/upload/public/pdf/source/20200427/C523315_1DF70F941FD67F07EBF9CC348F6E436D.pdf","C19077578","R+O(宏嘉诚)","","","","38.9VC Clamp 15.42A@10/1000us Ipp TVS DIODE DO-214AA(SMB)"
"U52","SMBJ24A_C19077578","JLCImport:SMBJ24A_C19077578","https://atta.szlcsc.com/upload/public/pdf/source/20200427/C523315_1DF70F941FD67F07EBF9CC348F6E436D.pdf","C19077578","R+O(宏嘉诚)","","","","38.9VC Clamp 15.42A@10/1000us Ipp TVS DIODE DO-214AA(SMB)"
"U53","LM5050MKX-1/NOPB","5v rail sm-easyedapro:TSOT-23-6_L2.9-W1.6-P0.95-LS2.8-BL","https://www.ti.com/cn/lit/gpn/lm5050-1","","TI(德州仪器)","","","",""
"U54","SMBJ24A_C19077578","JLCImport:SMBJ24A_C19077578","https://atta.szlcsc.com/upload/public/pdf/source/20200427/C523315_1DF70F941FD67F07EBF9CC348F6E436D.pdf","C19077578","R+O(宏嘉诚)","","","","38.9VC Clamp 15.42A@10/1000us Ipp TVS DIODE DO-214AA(SMB)"
"U55","TPSM63610RDFR","JLCImport:TPSM63610RDFR","https://www.ti.com.cn/cn/lit/ml/mpqf620/mpqf620.pdf?ts=1684740647599&ref_url=https%253A%252F%252Fwww.ti.com.cn%252Fsitesearch%252Fzh-cn%252Fdocs%252Funiversalsearch.tsp%253FlangPref%253Dzh-CN%2526searchTerm%253DTLVM13610RDFR%2526nr%253D9","C7125816","TI(德州仪器)","","","",""
"U56","~","Jumper:SolderJumper-2_P1.3mm_Bridged_Pad1.0x1.5mm","~","","","","","","Jumper, 2-pole, closed/bridged"
"U57","SMBJ24A_C19077578","JLCImport:SMBJ24A_C19077578","https://atta.szlcsc.com/upload/public/pdf/source/20200427/C523315_1DF70F941FD67F07EBF9CC348F6E436D.pdf","C19077578","R+O(宏嘉诚)","","","","38.9VC Clamp 15.42A@10/1000us Ipp TVS DIODE DO-214AA(SMB)"
"U58","LM5050MKX-1/NOPB","5v rail sm-easyedapro:TSOT-23-6_L2.9-W1.6-P0.95-LS2.8-BL","https://www.ti.com/cn/lit/gpn/lm5050-1","","TI(德州仪器)","","","",""
"U59","SMBJ24A_C19077578","JLCImport:SMBJ24A_C19077578","https://atta.szlcsc.com/upload/public/pdf/source/20200427/C523315_1DF70F941FD67F07EBF9CC348F6E436D.pdf","C19077578","R+O(宏嘉诚)","","","","38.9VC Clamp 15.42A@10/1000us Ipp TVS DIODE DO-214AA(SMB)"
"U60","~","Jumper:SolderJumper-2_P1.3mm_Bridged_Pad1.0x1.5mm","~","","","","","","Jumper, 2-pole, closed/bridged"
"U61","~","Jumper:SolderJumper-2_P1.3mm_Bridged_Pad1.0x1.5mm","~","","","","","","Jumper, 2-pole, closed/bridged"
"U62","TPS16630RGER","5v rail sm-easyedapro:VFQFPN-24_L4.0-W4.0-P0.50-BL-EP2.8","https://www.ti.com/cn/lit/gpn/tps1663","","TI(德州仪器)","","","","FET Type:Integrated FET Number of Lines:1 Voltage Rating:4.5V~60V Voltage Rating:4.5V~60V Mounting Type:Surface Mount RDS(on):30.44mΩ Operating temperature:-40°C~+125°C@(Tj) Operating temperature:-40°C~+125°C@(Tj) Length:4mm Width:4mm Height:1mm"
"U63","~","Jumper:SolderJumper-2_P1.3mm_Bridged_Pad1.0x1.5mm","~","","","","","","Jumper, 2-pole, closed/bridged"
"U64","~","Jumper:SolderJumper-2_P1.3mm_Bridged_Pad1.0x1.5mm","~","","","","","","Jumper, 2-pole, closed/bridged"
"U65","HUSB238A-BB001-QN16R","5v rail sm-easyedapro:QFN-16_L3.0-W3.0-P0.50-BL-EP1.7","https://item.szlcsc.com/datasheet/HUSB238A-BB001-QN16R/26562539.html","","Hynetek(慧能泰)","","","",""
"U66","~","Jumper:SolderJumper-2_P1.3mm_Open_Pad1.0x1.5mm","~","","","","","","Jumper, 2-pole, open"
"U67","MT9700-N","5v rail sm-easyedapro:SOT-23-5_L2.9-W1.6-P0.95-LS2.9-BL","https://item.szlcsc.com/datasheet/MT9700-N/44491709.html","","西安航天民芯","","","","Type:Current Limiting Switch Number of Channels:1 Control Input Logic:Active High Maximum Continuous Current:2A Voltage - Supply:2.4V~5.5V Voltage - Supply:2.4V~5.5V RDS(on):80mΩ Operating Temperature-:-40°C~+85°C Operating Temperature-:-40°C~+85°C"
"U68","150uF","5v rail sm-easyedapro:CAP-SMD_BD6.3-L6.6-W6.6-LS7.4-FD","","","ROQANG(容强)","","","","Capacitance:150uF Tolerance:±20% Tolerance:±20% Voltage Rating:35V Ripple Current:118mA@120Hz Diameter:6.3mm Height - Seated (Max):7.7mm Lifetime:2000hrs@105°C Operating Temperature:-40°C~+105°C Operating Temperature:-40°C~+105°C"
"U69","74AHCT1G125GW,125-JSM","5v rail sm-easyedapro:SOT-353_L2.1-W1.3-P0.65-LS2.3-BL","https://item.szlcsc.com/datasheet/74AHCT1G125GW%252C125-JSM/56091373.html","","JSMSEMI(杰盛微)","","","",""
"U70","WS2815F","5v rail sm-easyedapro:LED-SMD_6P-L5.0-W5.0-TL","https://item.szlcsc.com/datasheet/WS2815F/23859553.html","","worldsemi","","","",""
"U72","INA226AIDGSR","5v rail sm-easyedapro:MSOP-10_L3.0-W3.0-P0.50-LS5.0-BL","https://item.szlcsc.com/datasheet/INA226AIDGSR/50860.html","","TI(德州仪器)","","","","Number of Channels:- Vcm - Common Mode Voltage:300mV~40V Vcm - Common Mode Voltage:300mV~40V Gain:- Bandwidth:- Ib - Input Bias Current:10nA Vos - Input Offset Voltage:2.5uV Operating Temperature:-40°C~+125°C Operating Temperature:-40°C~+125°C Differential Vo"
"U73","TPSM33625RDNR","5v rail sm-easyedapro:QFN-11_L4.5-W3.5-P0.50-TL_TPSM365R6FRDNR","https://item.szlcsc.com/datasheet/TPSM33625RDNR/8040204.html","","TI(德州仪器)","","","","Function:Buck Number of Outputs:1 Voltage - Supply:3V~36V Voltage - Supply:3V~36V Output Voltage Accuracy:±1% Output Voltage Accuracy:±1% Output Voltage:1V~15V Output Voltage:1V~15V Output Current(Max):2.5A Output Current(Max):2.5A Conversion Efficiency:8"
"U74","TPSM33625RDNR","5v rail sm-easyedapro:QFN-11_L4.5-W3.5-P0.50-TL_TPSM365R6FRDNR","https://item.szlcsc.com/datasheet/TPSM33625RDNR/8040204.html","","TI(德州仪器)","","","","Function:Buck Number of Outputs:1 Voltage - Supply:3V~36V Voltage - Supply:3V~36V Output Voltage Accuracy:±1% Output Voltage Accuracy:±1% Output Voltage:1V~15V Output Voltage:1V~15V Output Current(Max):2.5A Output Current(Max):2.5A Conversion Efficiency:8"
"U75","~","Jumper:SolderJumper-2_P1.3mm_Open_Pad1.0x1.5mm","~","","","","","","Jumper, 2-pole, open"
"U76","MT9700-N","5v rail sm-easyedapro:SOT-23-5_L2.9-W1.6-P0.95-LS2.9-BL","https://item.szlcsc.com/datasheet/MT9700-N/44491709.html","","西安航天民芯","","","","Type:Current Limiting Switch Number of Channels:1 Control Input Logic:Active High Maximum Continuous Current:2A Voltage - Supply:2.4V~5.5V Voltage - Supply:2.4V~5.5V RDS(on):80mΩ Operating Temperature-:-40°C~+85°C Operating Temperature-:-40°C~+85°C"
"U77","150uF","5v rail sm-easyedapro:CAP-SMD_BD6.3-L6.6-W6.6-LS7.4-FD","","","ROQANG(容强)","","","","Capacitance:150uF Tolerance:±20% Tolerance:±20% Voltage Rating:35V Ripple Current:118mA@120Hz Diameter:6.3mm Height - Seated (Max):7.7mm Lifetime:2000hrs@105°C Operating Temperature:-40°C~+105°C Operating Temperature:-40°C~+105°C"
"U78","PCA9685PW,118","5v rail sm-easyedapro:TSSOP-28_L9.7-W4.4-P0.65-LS6.4-TL","https://www.nxp.com.cn/docs/en/data-sheet/PCA9685.pdf","","NXP(恩智浦)","","","","Type:- Voltage - Input(DC):2.3V~5.5V Voltage - Input(DC):2.3V~5.5V Frequency - Switching:100kHz~1MHz Frequency - Switching:100kHz~1MHz Number of Channels:16 Output Voltage:- Output Voltage:- Output Current:25mA Dimming:PWM Operating temperature:-40°C~+85°C"
"U79","~","Jumper:SolderJumper-2_P1.3mm_Open_Pad1.0x1.5mm","~","","","","","","Jumper, 2-pole, open"
"U80","BQ7694202PFBR","5v rail sm-easyedapro:TQFP-48_L7.0-W7.0-P0.50-LS9.0-TL","https://www.ti.com/cn/lit/gpn/bq76942","","TI(德州仪器)","","","","The Chip Type:Protection IC；Monitoring IC Voltage - Supply:4.7V~55V Voltage - Supply:4.7V~55V Charging Saturation Voltage:- End-Off Voltage:- Type of Battery:Lithium Battery；LiFePO4 Battery Number of Cells:3~10 Number of Cells:3~10 Operating Temperature:-"
"U81","INA226AIDGSR","5v rail sm-easyedapro:MSOP-10_L3.0-W3.0-P0.50-LS5.0-BL","https://item.szlcsc.com/datasheet/INA226AIDGSR/50860.html","","TI(德州仪器)","","","","Number of Channels:- Vcm - Common Mode Voltage:300mV~40V Vcm - Common Mode Voltage:300mV~40V Gain:- Bandwidth:- Ib - Input Bias Current:10nA Vos - Input Offset Voltage:2.5uV Operating Temperature:-40°C~+125°C Operating Temperature:-40°C~+125°C Differential Vo"
"U82","NCP718ASN330T1G","5v rail sm-easyedapro:TSOT-23-5_L2.9-W1.6-P0.95-LS2.8-BL","https://atta.szlcsc.com/upload/public/pdf/source/20210813/8C1C10F20D6048507834084705E93F3A.pdf","","onsemi(安森美)","","","","Output Type:Fixed Maximum Input Voltage:24V Output Voltage:3.3V Output Voltage:3.3V Output Current:300mA Power Supply Rejection Ratio (PSRR):60dB@(1kHz) Dropout Voltage:440mV@(300mA) standby current:8uA Feature:ESD Protection；Surge Protection；Low ESR；Ther"
"U83","X1270WV-2X08B-6TV01","JLCImport:X1270WV-2X08B-6TV01","https://datasheet.lcsc.com/lcsc/2201191230_XKB-Connectivity-X1270WV-2x05B-6TV01_C2962225.pdf","C5147219","XKB Connection(中国星坤)","","","",""
"U84","PMEG10030ELPX","5v rail sm-easyedapro:SOD-128_L3.7-W2.5-LS4.7-RD","https://item.szlcsc.com/datasheet/PMEG10030ELPX/5982261.html","","Nexperia(安世)","","","","Diode Configuration:1 Independent Voltage - Forward(Vf@If):770mV@3A Voltage - DC Reverse(Vr):100V Current - Rectified:3A Reverse Leakage Current (Ir):450nA@100V Non-Repetitive Peak Forward Surge Current:70A"
"U85","PCAL6524HEAZ","5v rail sm-easyedapro:HQFN-32_L5.0-W5.0-P0.50-BL-EP3.0","https://www.nxp.com/docs/en/data-sheet/PCAL6524DS.pdf","","NXP(恩智浦)","","","","Interface:I2C；SMBus Number of I/O:24 Interrupt Output:Interrupt Output Output Type:Open Drain；Push-Pull Voltage - Supply:1.65V~5.5V；800mV~3.6V Voltage - Supply:1.65V~5.5V；800mV~3.6V Current - Output Low(IOL):25mA Clock Frequency:1MHz Operating Temperature"
"U86","~","Jumper:SolderJumper-2_P1.3mm_Open_Pad1.0x1.5mm","~","","","","","","Jumper, 2-pole, open"
"U87","~","Jumper:SolderJumper-2_P1.3mm_Open_Pad1.0x1.5mm","~","","","","","","Jumper, 2-pole, open"
"U88","~","Jumper:SolderJumper-2_P1.3mm_Bridged_Pad1.0x1.5mm","~","","","","","","Jumper, 2-pole, closed/bridged"
"U89","~","Jumper:SolderJumper-2_P1.3mm_Bridged_Pad1.0x1.5mm","~","","","","","","Jumper, 2-pole, closed/bridged"
"U90","PCAL6524HEAZ","5v rail sm-easyedapro:HQFN-32_L5.0-W5.0-P0.50-BL-EP3.0","https://www.nxp.com/docs/en/data-sheet/PCAL6524DS.pdf","","NXP(恩智浦)","","","","Interface:I2C；SMBus Number of I/O:24 Interrupt Output:Interrupt Output Output Type:Open Drain；Push-Pull Voltage - Supply:1.65V~5.5V；800mV~3.6V Voltage - Supply:1.65V~5.5V；800mV~3.6V Current - Output Low(IOL):25mA Clock Frequency:1MHz Operating Temperature"
"U91","~","Jumper:SolderJumper-2_P1.3mm_Open_Pad1.0x1.5mm","~","","","","","","Jumper, 2-pole, open"
"U92","~","Jumper:SolderJumper-2_P1.3mm_Open_Pad1.0x1.5mm","~","","","","","","Jumper, 2-pole, open"
"U93","~","Jumper:SolderJumper-2_P1.3mm_Bridged_Pad1.0x1.5mm","~","","","","","","Jumper, 2-pole, closed/bridged"
"U94","~","Jumper:SolderJumper-2_P1.3mm_Bridged_Pad1.0x1.5mm","~","","","","","","Jumper, 2-pole, closed/bridged"
"USB1","TYPE-C_6P_073","JLCImport:TYPE-C_6P_073","https://item.szlcsc.com/datasheet/TYPE-C%25206P(073)/698566.html?spm=sc.gbn.xds.a___sc.gbn.hd.ss&lcsc_vid=EQBYUQdeRgIPX1NRRlZZBVMEQwRcXgdfFlRdVAdeRAIxVlNTR1FbVFJXR1BYUDsOAxUeFF5JWBIBSRccGwIdBEoFGAxBAAgJFQACSQwSGg0%3D","C668623","SHOU HAN(首韩)","","","",""
"USBC-5V-BUCK1","PZ254V-11-02P","5v rail sm-easyedapro:HDR-TH_2P-P2.54-V-M","https://item.szlcsc.com/datasheet/PZ254V-11-02P/502957.html","","XFCN(兴飞)","","","","Pin Structure:1x2P Pitch:2.54mm Row Spacing:- Circluar Pins/Square Pins:Pin Header Mounting Type:Through Hole Number of Rows:1 Number of Pins:2P Current Rating:- Voltage Rating (Max):- Length of Mating Pin:6mm Insulation Height:2.5mm Length of End Connect"
"USBC1","TYPE-C-31-M-12","5v rail sm-easyedapro:USB-C_SMD-TYPE-C-31-M-12","https://atta.szlcsc.com/upload/public/pdf/source/20220525/466408E853115E789EDB0DDC29077C05.pdf","","韩国韩荣","","","","Connector Type:Type-C Standard:- Gender:Female Mounting Style:- Number of Contacts:16P Number of Ports:1 Current Rating - Power (Max):5A Operating Temperature Range:- Operating Temperature Range:-"
"USBC_SCL1","~","Jumper:SolderJumper-2_P1.3mm_Open_Pad1.0x1.5mm","~","","","","","","Jumper, 2-pole, open"
"USBC_SDA1","~","Jumper:SolderJumper-2_P1.3mm_Open_Pad1.0x1.5mm","~","","","","","","Jumper, 2-pole, open"
"warninglogo1","~","Symbol:Symbol_Attention_Triangle_8x7mm_Copper","","","","","","",""
"wasplogo1","~","5v rail sm-easyedapro:wasplogo","","","","","","",""
"ZD1","BZT52C12_C43491","JLCImport:BZT52C12_C43491","https://item.szlcsc.com/301422.html","C43491","CJ(江苏长电/长晶)","","","","1.25T-16PWB"
