"Refs","Value","Footprint","Datasheet","Manufacturer","ManufacturerPart","LCSC","LCSCPartName","Description","MP","MF"
"+ESC-CONNECTOR-1","XT60PW-M","5v rail sm-easyedapro:CONN-TH_XT60PW-M","https://item.szlcsc.com/datasheet/XT60PW-M/99942.html","AMASS(艾迈斯)","XT60PW-M","","AMASS(艾迈斯)航模插头xt60连接器150公母对接pw锂电池公头 板插卧式XT60PW-M","Power:- Output:- Input:- Size:- Interface:- Type:- Colour:Yellow MaximumCurrent:- Type:Horizontal plug RatedVoltage:- Type1:- NumberOfUSBHoles:- InterfaceType:Male MetalMaterial:- InsulationMaterial:- RatedCurrent:- RecommendedWireGauge:- FlameRetardantGr","",""
"-BatMains+1","XT60PW-M","5v rail sm-easyedapro:CONN-TH_XT60PW-M","https://item.szlcsc.com/datasheet/XT60PW-M/99942.html","AMASS(艾迈斯)","XT60PW-M","","AMASS(艾迈斯)航模插头xt60连接器150公母对接pw锂电池公头 板插卧式XT60PW-M","Power:- Output:- Input:- Size:- Interface:- Type:- Colour:Yellow MaximumCurrent:- Type:Horizontal plug RatedVoltage:- Type1:- NumberOfUSBHoles:- InterfaceType:Male MetalMaterial:- InsulationMaterial:- RatedCurrent:- RecommendedWireGauge:- FlameRetardantGr","",""
"AnyPower1","XL-1608UBC-04","JLCImport:XL-1608UBC-04","https://atta.szlcsc.com/upload/public/pdf/source/20210617/C2837377_50FC585D376FE0CDA016E524346528FF.pdf","XINGLIGHT(成兴光)","XL-1608UBC-04","C965807","","Blue indicator led","",""
"BatBalConn1","ZX-XH2_54-4PWZ","JLCImport:ZX-XH2_54-4PWZ","https://atta.szlcsc.com/upload/public/pdf/source/20230619/825E28BFFB9F3B9EEDAD896C78D625B2.pdf","Megastar(兆星)","ZX-XH2.54-4PWZ","C7429643","","","",""
"C1","10uF","5v rail sm-easyedapro:C0805","https://atta.szlcsc.com/upload/public/pdf/source/20230811/95AAE0C9AF55EDC31B7A4D8B733F534E.pdf","muRata(村田)","GRM21BR61H106KE43L","","10uF ±10% 50V","Capacitance: Tolerance:±10% Tolerance:±10% Voltage Rated: Temperature Coefficient:","",""
"C2","100nF","5v rail sm-easyedapro:C0603","https://atta.szlcsc.com/upload/public/pdf/source/20180910/C282072_33301C7F631E79921B82A8DAC6BCC5B3.pdf","YAGEO(国巨)","CC0603KRX7R9BB104","","100nF ±10% 50V","Capacitance:100nF Tolerance:±10% Tolerance:±10% Voltage Rating:50V Temperature Coefficient:X7R","",""
"C3","10uF","5v rail sm-easyedapro:C0805","https://atta.szlcsc.com/upload/public/pdf/source/20230811/95AAE0C9AF55EDC31B7A4D8B733F534E.pdf","muRata(村田)","GRM21BR61H106KE43L","","10uF ±10% 50V","Capacitance: Tolerance:±10% Tolerance:±10% Voltage Rated: Temperature Coefficient:","",""
"C4","100nF","5v rail sm-easyedapro:C0603","https://atta.szlcsc.com/upload/public/pdf/source/20180910/C282072_33301C7F631E79921B82A8DAC6BCC5B3.pdf","YAGEO(国巨)","CC0603KRX7R9BB104","","100nF ±10% 50V","Capacitance:100nF Tolerance:±10% Tolerance:±10% Voltage Rating:50V Temperature Coefficient:X7R","",""
"C5","10uF","5v rail sm-easyedapro:C0805","https://atta.szlcsc.com/upload/public/pdf/source/20230811/95AAE0C9AF55EDC31B7A4D8B733F534E.pdf","muRata(村田)","GRM21BR61H106KE43L","","10uF ±10% 50V","Capacitance: Tolerance:±10% Tolerance:±10% Voltage Rated: Temperature Coefficient:","",""
"C6","100nF","5v rail sm-easyedapro:C0603","https://atta.szlcsc.com/upload/public/pdf/source/20180910/C282072_33301C7F631E79921B82A8DAC6BCC5B3.pdf","YAGEO(国巨)","CC0603KRX7R9BB104","","100nF ±10% 50V","Capacitance:100nF Tolerance:±10% Tolerance:±10% Voltage Rating:50V Temperature Coefficient:X7R","",""
"C7","217EC0037","JLCImport:217EC0037","https://atta.szlcsc.com/upload/public/pdf/source/20210422/EC1E536C9FD0A94CE1B32C3E1FF5D6BF.pdf","KNSCHA(科尼盛)","217EC0037","C42371908","","220uF ±20% 25V SMD,D6.3xL7.7mm 2000hrs@105℃","",""
"C8","ERA16V4700M13X25","JLCImport:ERA16V4700M13X25","https://atta.szlcsc.com/upload/public/pdf/source/20150922/1457707409314.pdf","JIERR(捷而瑞)","ERA16V4700M13X25","C49256794","","","",""
"C10","HGC1206R5107M100NSPJ","JLCImport:HGC1206R5107M100NSPJ","https://item.szlcsc.com/89171.html","Chinocera(华瓷)","HGC1206R5107M100NSPJ","C7432784","","100uF ±20% 10V Ceramic Capacitor X5R 1206","",""
"C11","HGC1206R5107M100NSPJ","JLCImport:HGC1206R5107M100NSPJ","https://item.szlcsc.com/89171.html","Chinocera(华瓷)","HGC1206R5107M100NSPJ","C7432784","","100uF ±20% 10V Ceramic Capacitor X5R 1206","",""
"C12","HGC1206R5107M100NSPJ","JLCImport:HGC1206R5107M100NSPJ","https://item.szlcsc.com/89171.html","Chinocera(华瓷)","HGC1206R5107M100NSPJ","C7432784","","100uF ±20% 10V Ceramic Capacitor X5R 1206","",""
"C13","4700uF","5v rail sm-easyedapro:CAP-TH_BD16.0-P7.50-D0.8-FD","https://item.szlcsc.com/datasheet/EWH1EM472L25OT/3032380.html","AISHI(艾华集团)","EWH1EM472L25OT","","4700uF ±20% 25V","Capacitance:4700uF Tolerance:±20% Tolerance:±20% Voltage Rating:25V Diameter:16mm Height - Seated (Max):25mm Operating Temperature:-25°C~+105°C Operating Temperature:-25°C~+105°C","",""
"C14","100nF","5v rail sm-easyedapro:C0603","https://atta.szlcsc.com/upload/public/pdf/source/20180910/C282072_33301C7F631E79921B82A8DAC6BCC5B3.pdf","YAGEO(国巨)","CC0603KRX7R9BB104","","100nF ±10% 50V","Capacitance:100nF Tolerance:±10% Tolerance:±10% Voltage Rating:50V Temperature Coefficient:X7R","",""
"C15","1uF","5v rail sm-easyedapro:C0603","https://item.szlcsc.com/datasheet/CL10B105KB8NQNC/5885909.html","SAMSUNG(三星)","CL10B105KB8NQNC","","1uF ±10% 50V","Capacitance:1uF Tolerance:±10% Tolerance:±10% Voltage Rating:50V Temperature Coefficient:X7R","",""
"C16","1uF","5v rail sm-easyedapro:C0603","https://item.szlcsc.com/datasheet/CL10B105KB8NQNC/5885909.html","SAMSUNG(三星)","CL10B105KB8NQNC","","1uF ±10% 50V","Capacitance:1uF Tolerance:±10% Tolerance:±10% Voltage Rating:50V Temperature Coefficient:X7R","",""
"C18","470nF","5v rail sm-easyedapro:C0603","https://item.szlcsc.com/datasheet/0603B474K500NT/78701.html","FH(风华)","0603B474K500NT","","470nF ±10% 50V","Capacitance:470nF Tolerance:±10% Tolerance:±10% Voltage Rating:50V Temperature Coefficient:X7R","",""
"C19","470nF","5v rail sm-easyedapro:C0603","https://item.szlcsc.com/datasheet/0603B474K500NT/78701.html","FH(风华)","0603B474K500NT","","470nF ±10% 50V","Capacitance:470nF Tolerance:±10% Tolerance:±10% Voltage Rating:50V Temperature Coefficient:X7R","",""
"C20","22uF","5v rail sm-easyedapro:C0805","https://atta.szlcsc.com/upload/public/pdf/source/20231129/D589D0CC4D260F7AC3A77E53B455CCB3.pdf","HRE(芯声)","CGA0805X5R226M350MT","","22uF ±20% 35V","Capacitance:22uF Tolerance:±20% Tolerance:±20% Voltage Rated: Temperature Coefficient:","",""
"C21","22uF","5v rail sm-easyedapro:C0805","https://atta.szlcsc.com/upload/public/pdf/source/20231129/D589D0CC4D260F7AC3A77E53B455CCB3.pdf","HRE(芯声)","CGA0805X5R226M350MT","","22uF ±20% 35V","Capacitance:22uF Tolerance:±20% Tolerance:±20% Voltage Rated: Temperature Coefficient:","",""
"C22","100nF","5v rail sm-easyedapro:C0402","https://item.szlcsc.com/datasheet/CL05B104KB54PNC/291005.html","SAMSUNG(三星)","CL05B104KB54PNC","","100nF ±10% 50V","Capacitance:100nF Tolerance:±10% Tolerance:±10% Voltage Rating:50V Temperature Coefficient:X7R","",""
"C23","100nF","5v rail sm-easyedapro:C0603","https://atta.szlcsc.com/upload/public/pdf/source/20180910/C282072_33301C7F631E79921B82A8DAC6BCC5B3.pdf","YAGEO(国巨)","CC0603KRX7R9BB104","","100nF ±10% 50V","Capacitance:100nF Tolerance:±10% Tolerance:±10% Voltage Rating:50V Temperature Coefficient:X7R","",""
"C24","100nF","5v rail sm-easyedapro:C0603","https://atta.szlcsc.com/upload/public/pdf/source/20180910/C282072_33301C7F631E79921B82A8DAC6BCC5B3.pdf","YAGEO(国巨)","CC0603KRX7R9BB104","","100nF ±10% 50V","Capacitance:100nF Tolerance:±10% Tolerance:±10% Voltage Rating:50V Temperature Coefficient:X7R","",""
"C25","100nF","5v rail sm-easyedapro:C0603","https://atta.szlcsc.com/upload/public/pdf/source/20180910/C282072_33301C7F631E79921B82A8DAC6BCC5B3.pdf","YAGEO(国巨)","CC0603KRX7R9BB104","","100nF ±10% 50V","Capacitance:100nF Tolerance:±10% Tolerance:±10% Voltage Rating:50V Temperature Coefficient:X7R","",""
"C26","100nF","5v rail sm-easyedapro:C0402","https://atta.szlcsc.com/upload/public/pdf/source/20200305/C486355_26A10D38EF8C2A5C37091D0039909270.pdf","FH(风华)","0402B104K500NT","","100nF ±10% 50V","Capacitance:100nF Tolerance:±10% Tolerance:±10% Voltage Rating:50V Temperature Coefficient:X7R","",""
"C27","100nF","5v rail sm-easyedapro:C0402","https://item.szlcsc.com/datasheet/CL05B104KB54PNC/291005.html","SAMSUNG(三星)","CL05B104KB54PNC","","100nF ±10% 50V","Capacitance:100nF Tolerance:±10% Tolerance:±10% Voltage Rating:50V Temperature Coefficient:X7R","",""
"C28","470pF","5v rail sm-easyedapro:C0402","https://atta.szlcsc.com/upload/public/pdf/source/20181008/C309499_21CC21451B82C39E3D92150FD6B30293.pdf","YAGEO(国巨)","CC0402JRNPO9BN471","","470pF ±5% 50V","Capacitance: Tolerance:±5% Tolerance:±5% Voltage Rated: Temperature Coefficient:","",""
"C29","220nF","5v rail sm-easyedapro:C0603","https://item.szlcsc.com/datasheet/TCC0603X7R224K500CT/322747.html","CCTC(三环)","TCC0603X7R224K500CT","","220nF ±10% 50V","Capacitance:220nF Tolerance:±10% Tolerance:±10% Voltage Rating:50V Temperature Coefficient:X7R","",""
"C30","100nF","5v rail sm-easyedapro:C0402","https://item.szlcsc.com/datasheet/CL05B104KB54PNC/291005.html","SAMSUNG(三星)","CL05B104KB54PNC","","100nF ±10% 50V","Capacitance:100nF Tolerance:±10% Tolerance:±10% Voltage Rating:50V Temperature Coefficient:X7R","",""
"C31","2pF","5v rail sm-easyedapro:C0402","https://item.szlcsc.com/datasheet/CC0402BRNPO9BN2R0/268139.html","YAGEO(国巨)","CC0402BRNPO9BN2R0","","±0.1pF 2pF 50V","Capacitance:2pF Voltage Rating:50V Temperature Coefficient:NP0","",""
"C32","RVT1H220M0605","JLCImport:RVT1H220M0605","https://item.szlcsc.com/265679.html","ROQANG(容强)","RVT1H220M0605","C72505","","22uF 50V ±20%","",""
"C33","1uF","5v rail sm-easyedapro:C0603","https://item.szlcsc.com/datasheet/CGA0603X5R105K500JT/7062558.html","HRE(芯声)","CGA0603X5R105K500JT","","1uF ±10% 50V","Capacitance:1uF Tolerance:±10% Tolerance:±10% Voltage Rating:50V Temperature Coefficient:X5R","",""
"C34","100nF","5v rail sm-easyedapro:C0603","https://atta.szlcsc.com/upload/public/pdf/source/20180910/C282072_33301C7F631E79921B82A8DAC6BCC5B3.pdf","YAGEO(国巨)","CC0603KRX7R9BB104","","100nF ±10% 50V","Capacitance:100nF Tolerance:±10% Tolerance:±10% Voltage Rating:50V Temperature Coefficient:X7R","",""
"C35","1uF","5v rail sm-easyedapro:C0603","https://item.szlcsc.com/datasheet/CGA0603X5R105K500JT/7062558.html","HRE(芯声)","CGA0603X5R105K500JT","","1uF ±10% 50V","Capacitance:1uF Tolerance:±10% Tolerance:±10% Voltage Rating:50V Temperature Coefficient:X5R","",""
"C36","100nF","5v rail sm-easyedapro:C0603","https://atta.szlcsc.com/upload/public/pdf/source/20180910/C282072_33301C7F631E79921B82A8DAC6BCC5B3.pdf","YAGEO(国巨)","CC0603KRX7R9BB104","","100nF ±10% 50V","Capacitance:100nF Tolerance:±10% Tolerance:±10% Voltage Rating:50V Temperature Coefficient:X7R","",""
"C37","1uF","5v rail sm-easyedapro:C0603","https://item.szlcsc.com/datasheet/CGA0603X5R105K500JT/7062558.html","HRE(芯声)","CGA0603X5R105K500JT","","1uF ±10% 50V","Capacitance:1uF Tolerance:±10% Tolerance:±10% Voltage Rating:50V Temperature Coefficient:X5R","",""
"C38","100nF","5v rail sm-easyedapro:C0603","https://atta.szlcsc.com/upload/public/pdf/source/20180910/C282072_33301C7F631E79921B82A8DAC6BCC5B3.pdf","YAGEO(国巨)","CC0603KRX7R9BB104","","100nF ±10% 50V","Capacitance:100nF Tolerance:±10% Tolerance:±10% Voltage Rating:50V Temperature Coefficient:X7R","",""
"C39","100nF","5v rail sm-easyedapro:C0603","https://atta.szlcsc.com/upload/public/pdf/source/20180910/C282072_33301C7F631E79921B82A8DAC6BCC5B3.pdf","YAGEO(国巨)","CC0603KRX7R9BB104","","100nF ±10% 50V","Capacitance:100nF Tolerance:±10% Tolerance:±10% Voltage Rating:50V Temperature Coefficient:X7R","",""
"C40","10uF","5v rail sm-easyedapro:C0805","https://atta.szlcsc.com/upload/public/pdf/source/20230811/95AAE0C9AF55EDC31B7A4D8B733F534E.pdf","muRata(村田)","GRM21BR61H106KE43L","","10uF ±10% 50V","Capacitance: Tolerance:±10% Tolerance:±10% Voltage Rated: Temperature Coefficient:","",""
"C41","10nF","5v rail sm-easyedapro:C0201","https://item.szlcsc.com/datasheet/TCC0201X7R103K500ZT/5758953.html","CCTC(三环)","TCC0201X7R103K500ZT","","10nF ±10% 50V","Capacitance:10nF Tolerance:±10% Tolerance:±10% Voltage Rating:50V Temperature Coefficient:X7R","",""
"C42","10nF","5v rail sm-easyedapro:C0201","https://item.szlcsc.com/datasheet/TCC0201X7R103K500ZT/5758953.html","CCTC(三环)","TCC0201X7R103K500ZT","","10nF ±10% 50V","Capacitance:10nF Tolerance:±10% Tolerance:±10% Voltage Rating:50V Temperature Coefficient:X7R","",""
"C43","10nF","5v rail sm-easyedapro:C0201","https://item.szlcsc.com/datasheet/TCC0201X7R103K500ZT/5758953.html","CCTC(三环)","TCC0201X7R103K500ZT","","10nF ±10% 50V","Capacitance:10nF Tolerance:±10% Tolerance:±10% Voltage Rating:50V Temperature Coefficient:X7R","",""
"C44","10uF","5v rail sm-easyedapro:C0805","https://atta.szlcsc.com/upload/public/pdf/source/20230811/95AAE0C9AF55EDC31B7A4D8B733F534E.pdf","muRata(村田)","GRM21BR61H106KE43L","","10uF ±10% 50V","Capacitance: Tolerance:±10% Tolerance:±10% Voltage Rated: Temperature Coefficient:","",""
"C45","100nF","5v rail sm-easyedapro:C0603","https://atta.szlcsc.com/upload/public/pdf/source/20180910/C282072_33301C7F631E79921B82A8DAC6BCC5B3.pdf","YAGEO(国巨)","CC0603KRX7R9BB104","","100nF ±10% 50V","Capacitance:100nF Tolerance:±10% Tolerance:±10% Voltage Rating:50V Temperature Coefficient:X7R","",""
"C46","10uF","5v rail sm-easyedapro:C0805","https://atta.szlcsc.com/upload/public/pdf/source/20230811/95AAE0C9AF55EDC31B7A4D8B733F534E.pdf","muRata(村田)","GRM21BR61H106KE43L","","10uF ±10% 50V","Capacitance: Tolerance:±10% Tolerance:±10% Voltage Rated: Temperature Coefficient:","",""
"C47","100nF","5v rail sm-easyedapro:C0603","https://atta.szlcsc.com/upload/public/pdf/source/20180910/C282072_33301C7F631E79921B82A8DAC6BCC5B3.pdf","YAGEO(国巨)","CC0603KRX7R9BB104","","100nF ±10% 50V","Capacitance:100nF Tolerance:±10% Tolerance:±10% Voltage Rating:50V Temperature Coefficient:X7R","",""
"C48","10uF","5v rail sm-easyedapro:C0805","https://atta.szlcsc.com/upload/public/pdf/source/20230811/95AAE0C9AF55EDC31B7A4D8B733F534E.pdf","muRata(村田)","GRM21BR61H106KE43L","","10uF ±10% 50V","Capacitance: Tolerance:±10% Tolerance:±10% Voltage Rated: Temperature Coefficient:","",""
"C49","100nF","5v rail sm-easyedapro:C0603","https://atta.szlcsc.com/upload/public/pdf/source/20180910/C282072_33301C7F631E79921B82A8DAC6BCC5B3.pdf","YAGEO(国巨)","CC0603KRX7R9BB104","","100nF ±10% 50V","Capacitance:100nF Tolerance:±10% Tolerance:±10% Voltage Rating:50V Temperature Coefficient:X7R","",""
"C50","100uF","5v rail sm-easyedapro:CAP-SMD_BD6.3-L6.6-W6.6-LS7.6-RD","https://atta.szlcsc.com/upload/public/pdf/source/20170325/1490427950282.pdf","ROQANG(容强)","RVT1H101M0607","","100uF ±20% 50V","Capacitance: Tolerance:±20% Tolerance:±20% Voltage Rating: Ripple Current:229mA@120Hz Diameter: Height - Seated (Max): Lifetime: Operating Temperature:-40°C~+105°C Operating Temperature:-40°C~+105°C","",""
"C51","4.7uF","5v rail sm-easyedapro:C0805","https://item.szlcsc.com/datasheet/CL21A475KBQNNNE/99401.html","SAMSUNG(三星)","CL21A475KBQNNNE","","4.7uF ±10% 50V","Capacitance:4.7uF Tolerance:±10% Tolerance:±10% Voltage Rating:50V Temperature Coefficient:X5R","",""
"C52","4.7uF","5v rail sm-easyedapro:C0805","https://item.szlcsc.com/datasheet/CL21A475KBQNNNE/99401.html","SAMSUNG(三星)","CL21A475KBQNNNE","","4.7uF ±10% 50V","Capacitance:4.7uF Tolerance:±10% Tolerance:±10% Voltage Rating:50V Temperature Coefficient:X5R","",""
"C53","100nF","5v rail sm-easyedapro:C0603","https://atta.szlcsc.com/upload/public/pdf/source/20180910/C282072_33301C7F631E79921B82A8DAC6BCC5B3.pdf","YAGEO(国巨)","CC0603KRX7R9BB104","","100nF ±10% 50V","Capacitance:100nF Tolerance:±10% Tolerance:±10% Voltage Rating:50V Temperature Coefficient:X7R","",""
"C54","1uF","5v rail sm-easyedapro:C0603","https://item.szlcsc.com/datasheet/CL10B105KB8NQNC/5885909.html","SAMSUNG(三星)","CL10B105KB8NQNC","","1uF ±10% 50V","Capacitance:1uF Tolerance:±10% Tolerance:±10% Voltage Rating:50V Temperature Coefficient:X7R","",""
"C55","220nF","5v rail sm-easyedapro:C0603","https://item.szlcsc.com/datasheet/CL10B224KB8NNNC/65773.html","SAMSUNG(三星)","CL10B224KB8NNNC","","220nF ±10% 50V","Capacitance:220nF Tolerance:±10% Tolerance:±10% Voltage Rating:50V Temperature Coefficient:X7R","",""
"C56","100nF","5v rail sm-easyedapro:C0603","https://atta.szlcsc.com/upload/public/pdf/source/20180910/C282072_33301C7F631E79921B82A8DAC6BCC5B3.pdf","YAGEO(国巨)","CC0603KRX7R9BB104","","100nF ±10% 50V","Capacitance:100nF Tolerance:±10% Tolerance:±10% Voltage Rating:50V Temperature Coefficient:X7R","",""
"C57","100nF","5v rail sm-easyedapro:C0603","https://atta.szlcsc.com/upload/public/pdf/source/20180910/C282072_33301C7F631E79921B82A8DAC6BCC5B3.pdf","YAGEO(国巨)","CC0603KRX7R9BB104","","100nF ±10% 50V","Capacitance:100nF Tolerance:±10% Tolerance:±10% Voltage Rating:50V Temperature Coefficient:X7R","",""
"C58","22uF","5v rail sm-easyedapro:C0805","https://item.szlcsc.com/datasheet/CL21A226MAQNNNE/46786.html","SAMSUNG(三星)","CL21A226MAQNNNE","","22uF ±20% 25V","Capacitance:22uF Tolerance:±20% Tolerance:±20% Voltage Rating:25V Temperature Coefficient:X5R","",""
"C59","47uF","5v rail sm-easyedapro:CAP-SMD_BD6.3-L6.6-W6.6-LS7.6-FD","https://item.szlcsc.com/datasheet/RVT1H470M0607/73634.html","ROQANG(容强)","RVT1H470M0607","","47uF ±20% 50V","Capacitance:47uF Tolerance:±20% Tolerance:±20% Voltage Rating:50V Ripple Current:66mA@120Hz Equivalent Series Resistance(ESR):- Diameter:6.3mm Height - Seated (Max):7.7mm Lifetime:2000hrs@105°C Operating Temperature:-40°C~+105°C Operating Temperature:-40°C~+1","",""
"C60","470uF","5v rail sm-easyedapro:CAP-SMD_BD10.0-L10.3-W10.3-LS11.0-R-RD","https://atta.szlcsc.com/upload/public/pdf/source/20210128/C72519_A1B8ED607B11AD36B70B1D23AFC8819E.pdf","ROQANG(容强)","RVT1V471M1010","","470uF ±20% 35V","Capacitance:470uF Tolerance:±20% Tolerance:±20% Voltage Rating:35V Ripple Current:286mA@120Hz Equivalent Series Resistance(ESR):- Diameter:10mm Height - Seated (Max):10.2mm Lifetime:2000hrs@105°C Operating Temperature:-40°C~+105°C Operating Temperature:-40°C~","",""
"C61","1uF","5v rail sm-easyedapro:C0603","https://item.szlcsc.com/datasheet/CGA0603X5R105K500JT/7062558.html","HRE(芯声)","CGA0603X5R105K500JT","","1uF ±10% 50V","Capacitance:1uF Tolerance:±10% Tolerance:±10% Voltage Rating:50V Temperature Coefficient:X5R","",""
"C62","100nF","5v rail sm-easyedapro:C0603","https://atta.szlcsc.com/upload/public/pdf/source/20180910/C282072_33301C7F631E79921B82A8DAC6BCC5B3.pdf","YAGEO(国巨)","CC0603KRX7R9BB104","","100nF ±10% 50V","Capacitance:100nF Tolerance:±10% Tolerance:±10% Voltage Rating:50V Temperature Coefficient:X7R","",""
"C63","1uF","5v rail sm-easyedapro:C0603","https://item.szlcsc.com/datasheet/CGA0603X5R105K500JT/7062558.html","HRE(芯声)","CGA0603X5R105K500JT","","1uF ±10% 50V","Capacitance:1uF Tolerance:±10% Tolerance:±10% Voltage Rating:50V Temperature Coefficient:X5R","",""
"C64","100nF","5v rail sm-easyedapro:C0603","https://atta.szlcsc.com/upload/public/pdf/source/20180910/C282072_33301C7F631E79921B82A8DAC6BCC5B3.pdf","YAGEO(国巨)","CC0603KRX7R9BB104","","100nF ±10% 50V","Capacitance:100nF Tolerance:±10% Tolerance:±10% Voltage Rating:50V Temperature Coefficient:X7R","",""
"C65","10uF","5v rail sm-easyedapro:C1210","https://item.szlcsc.com/datasheet/GCM32EC71H106KA03L/137892.html","muRata(村田)","GCM32EC71H106KA03L","","10uF ±10% 50V","Capacitance:10uF Tolerance:±10% Tolerance:±10% Voltage Rating:50V Temperature Coefficient:X7S","",""
"C66","10uF","5v rail sm-easyedapro:C1210","https://item.szlcsc.com/datasheet/GCM32EC71H106KA03L/137892.html","muRata(村田)","GCM32EC71H106KA03L","","10uF ±10% 50V","Capacitance:10uF Tolerance:±10% Tolerance:±10% Voltage Rating:50V Temperature Coefficient:X7S","",""
"C68","100uF","5v rail sm-easyedapro:CAP-SMD_BD5.0-L5.3-W5.3-LS6.3-FD","https://atta.szlcsc.com/upload/public/pdf/source/20170325/1490427950282.pdf","ROQANG(容强)","RVT1A101M0505","","100uF ±20% 10V","Capacitance: Tolerance:±20% Tolerance:±20% Voltage Rating: Ripple Current:40mA@120Hz Equivalent Series Resistance(ESR):- Diameter: Height - Seated (Max): Lifetime:2000hrs@105°C Operating Temperature:-40°C~+105°C Operating Temperature:-40°C~+105°C","",""
"C69","47uF","5v rail sm-easyedapro:C1210","https://item.szlcsc.com/datasheet/CS3225X7R476K160NRL/6321105.html","SAMWHA(三和)","CS3225X7R476K160NRL","","47uF ±10% 16V","Capacitance:47uF Tolerance:±10% Tolerance:±10% Voltage Rating:16V Temperature Coefficient:X7R","",""
"C70","47uF","5v rail sm-easyedapro:C1210","https://item.szlcsc.com/datasheet/CS3225X7R476K160NRL/6321105.html","SAMWHA(三和)","CS3225X7R476K160NRL","","47uF ±10% 16V","Capacitance:47uF Tolerance:±10% Tolerance:±10% Voltage Rating:16V Temperature Coefficient:X7R","",""
"C71","47uF","5v rail sm-easyedapro:C1210","https://item.szlcsc.com/datasheet/CS3225X7R476K160NRL/6321105.html","SAMWHA(三和)","CS3225X7R476K160NRL","","47uF ±10% 16V","Capacitance:47uF Tolerance:±10% Tolerance:±10% Voltage Rating:16V Temperature Coefficient:X7R","",""
"C72","1uF","5v rail sm-easyedapro:C0603","https://item.szlcsc.com/datasheet/CGA0603X5R105K500JT/7062558.html","HRE(芯声)","CGA0603X5R105K500JT","","1uF ±10% 50V","Capacitance:1uF Tolerance:±10% Tolerance:±10% Voltage Rating:50V Temperature Coefficient:X5R","",""
"C73","100nF","5v rail sm-easyedapro:C0603","https://atta.szlcsc.com/upload/public/pdf/source/20180910/C282072_33301C7F631E79921B82A8DAC6BCC5B3.pdf","YAGEO(国巨)","CC0603KRX7R9BB104","","100nF ±10% 50V","Capacitance:100nF Tolerance:±10% Tolerance:±10% Voltage Rating:50V Temperature Coefficient:X7R","",""
"C74","100nF","5v rail sm-easyedapro:C0603","https://atta.szlcsc.com/upload/public/pdf/source/20180910/C282072_33301C7F631E79921B82A8DAC6BCC5B3.pdf","YAGEO(国巨)","CC0603KRX7R9BB104","","100nF ±10% 50V","Capacitance:100nF Tolerance:±10% Tolerance:±10% Voltage Rating:50V Temperature Coefficient:X7R","",""
"C75","22nF","5v rail sm-easyedapro:C0603","https://item.szlcsc.com/datasheet/TCC0603X7R223M500CT/730945.html","CCTC(三环)","TCC0603X7R223M500CT","","22nF ±20% 50V","Capacitance:22nF Tolerance:±20% Tolerance:±20% Voltage Rating:50V Temperature Coefficient:X7R","",""
"C76","1uF","5v rail sm-easyedapro:C0603","https://item.szlcsc.com/datasheet/CGA0603X5R105K500JT/7062558.html","HRE(芯声)","CGA0603X5R105K500JT","","1uF ±10% 50V","Capacitance:1uF Tolerance:±10% Tolerance:±10% Voltage Rating:50V Temperature Coefficient:X5R","",""
"C77","1uF","5v rail sm-easyedapro:C0603","https://item.szlcsc.com/datasheet/CGA0603X5R105K500JT/7062558.html","HRE(芯声)","CGA0603X5R105K500JT","","1uF ±10% 50V","Capacitance:1uF Tolerance:±10% Tolerance:±10% Voltage Rating:50V Temperature Coefficient:X5R","",""
"C78","100nF","5v rail sm-easyedapro:C0603","https://atta.szlcsc.com/upload/public/pdf/source/20180910/C282072_33301C7F631E79921B82A8DAC6BCC5B3.pdf","YAGEO(国巨)","CC0603KRX7R9BB104","","100nF ±10% 50V","Capacitance:100nF Tolerance:±10% Tolerance:±10% Voltage Rating:50V Temperature Coefficient:X7R","",""
"C79","22uF","5v rail sm-easyedapro:C0603","https://item.szlcsc.com/datasheet/CL10A226MP8NUNE/87471.html","SAMSUNG(三星)","CL10A226MP8NUNE","","22uF ±20% 10V","Capacitance:22uF Tolerance:±20% Tolerance:±20% Voltage Rating:10V Temperature Coefficient:X5R","",""
"C80","100nF","5v rail sm-easyedapro:C0603","https://atta.szlcsc.com/upload/public/pdf/source/20180910/C282072_33301C7F631E79921B82A8DAC6BCC5B3.pdf","YAGEO(国巨)","CC0603KRX7R9BB104","","100nF ±10% 50V","Capacitance:100nF Tolerance:±10% Tolerance:±10% Voltage Rating:50V Temperature Coefficient:X7R","",""
"C81","100nF","5v rail sm-easyedapro:C0603","https://atta.szlcsc.com/upload/public/pdf/source/20180910/C282072_33301C7F631E79921B82A8DAC6BCC5B3.pdf","YAGEO(国巨)","CC0603KRX7R9BB104","","100nF ±10% 50V","Capacitance:100nF Tolerance:±10% Tolerance:±10% Voltage Rating:50V Temperature Coefficient:X7R","",""
"C82","470uF","5v rail sm-easyedapro:CAP-SMD_BD6.3-L6.6-W6.6-LS7.6-RD","","ROQANG(容强)","RVT1C471M0607","","470uF ±20% 16V","Capacitance:470uF Tolerance:±20% Tolerance:±20% Voltage Rating:16V Ripple Current:185mA@120Hz Diameter:6.3mm Height - Seated (Max):7.7mm Lifetime:2000hrs@105°C Operating Temperature:-40°C~+105°C Operating Temperature:-40°C~+105°C","",""
"C83","100nF","5v rail sm-easyedapro:C0603","https://atta.szlcsc.com/upload/public/pdf/source/20180910/C282072_33301C7F631E79921B82A8DAC6BCC5B3.pdf","YAGEO(国巨)","CC0603KRX7R9BB104","","100nF ±10% 50V","Capacitance:100nF Tolerance:±10% Tolerance:±10% Voltage Rating:50V Temperature Coefficient:X7R","",""
"C84","100nF","5v rail sm-easyedapro:C0603","https://atta.szlcsc.com/upload/public/pdf/source/20180910/C282072_33301C7F631E79921B82A8DAC6BCC5B3.pdf","YAGEO(国巨)","CC0603KRX7R9BB104","","100nF ±10% 50V","Capacitance:100nF Tolerance:±10% Tolerance:±10% Voltage Rating:50V Temperature Coefficient:X7R","",""
"C85","470uF","5v rail sm-easyedapro:CAP-SMD_BD6.3-L6.6-W6.6-LS7.6-RD","","ROQANG(容强)","RVT1C471M0607","","470uF ±20% 16V","Capacitance:470uF Tolerance:±20% Tolerance:±20% Voltage Rating:16V Ripple Current:185mA@120Hz Diameter:6.3mm Height - Seated (Max):7.7mm Lifetime:2000hrs@105°C Operating Temperature:-40°C~+105°C Operating Temperature:-40°C~+105°C","",""
"C87","10uF","5v rail sm-easyedapro:C0805","https://atta.szlcsc.com/upload/public/pdf/source/20230811/95AAE0C9AF55EDC31B7A4D8B733F534E.pdf","muRata(村田)","GRM21BR61H106KE43L","","10uF ±10% 50V","Capacitance: Tolerance:±10% Tolerance:±10% Voltage Rated: Temperature Coefficient:","",""
"C88","100nF","5v rail sm-easyedapro:C0603","https://atta.szlcsc.com/upload/public/pdf/source/20180910/C282072_33301C7F631E79921B82A8DAC6BCC5B3.pdf","YAGEO(国巨)","CC0603KRX7R9BB104","","100nF ±10% 50V","Capacitance:100nF Tolerance:±10% Tolerance:±10% Voltage Rating:50V Temperature Coefficient:X7R","",""
"C89","1uF","5v rail sm-easyedapro:C0603","https://item.szlcsc.com/datasheet/CL10B105KB8NQNC/5885909.html","SAMSUNG(三星)","CL10B105KB8NQNC","","1uF ±10% 50V","Capacitance:1uF Tolerance:±10% Tolerance:±10% Voltage Rating:50V Temperature Coefficient:X7R","",""
"C90","100nF","5v rail sm-easyedapro:C0603","https://atta.szlcsc.com/upload/public/pdf/source/20180910/C282072_33301C7F631E79921B82A8DAC6BCC5B3.pdf","YAGEO(国巨)","CC0603KRX7R9BB104","","100nF ±10% 50V","Capacitance:100nF Tolerance:±10% Tolerance:±10% Voltage Rating:50V Temperature Coefficient:X7R","",""
"C91","100nF","5v rail sm-easyedapro:C0603","https://atta.szlcsc.com/upload/public/pdf/source/20180910/C282072_33301C7F631E79921B82A8DAC6BCC5B3.pdf","YAGEO(国巨)","CC0603KRX7R9BB104","","100nF ±10% 50V","Capacitance:100nF Tolerance:±10% Tolerance:±10% Voltage Rating:50V Temperature Coefficient:X7R","",""
"C92","4.7uF","5v rail sm-easyedapro:C0805","https://item.szlcsc.com/datasheet/CL21A475KBQNNNE/99401.html","SAMSUNG(三星)","CL21A475KBQNNNE","","4.7uF ±10% 50V","Capacitance:4.7uF Tolerance:±10% Tolerance:±10% Voltage Rating:50V Temperature Coefficient:X5R","",""
"C93","1uF","5v rail sm-easyedapro:C0603","https://atta.szlcsc.com/upload/public/pdf/source/20160218/1457707763339.pdf","SAMSUNG(三星)","CL10A105KB8NNNC","","1uF ±10% 50V","Capacitance: Tolerance:±10% Tolerance:±10% Voltage Rated: Temperature Coefficient:","",""
"C94","47uF","5v rail sm-easyedapro:C0805","https://item.szlcsc.com/datasheet/GRM21BR61A476ME15L/125403.html","muRata(村田)","GRM21BR61A476ME15L","","47uF ±20% 10V","Capacitance:47uF Tolerance:±20% Tolerance:±20% Voltage Rating:10V Temperature Coefficient:X5R","",""
"C95","47uF","5v rail sm-easyedapro:C0805","https://item.szlcsc.com/datasheet/GRM21BR61A476ME15L/125403.html","muRata(村田)","GRM21BR61A476ME15L","","47uF ±20% 10V","Capacitance:47uF Tolerance:±20% Tolerance:±20% Voltage Rating:10V Temperature Coefficient:X5R","",""
"C96","100nF","5v rail sm-easyedapro:C0603","https://atta.szlcsc.com/upload/public/pdf/source/20180910/C282072_33301C7F631E79921B82A8DAC6BCC5B3.pdf","YAGEO(国巨)","CC0603KRX7R9BB104","","100nF ±10% 50V","Capacitance:100nF Tolerance:±10% Tolerance:±10% Voltage Rating:50V Temperature Coefficient:X7R","",""
"C97","4.7uF","5v rail sm-easyedapro:C0805","https://item.szlcsc.com/datasheet/CL21A475KBQNNNE/99401.html","SAMSUNG(三星)","CL21A475KBQNNNE","","4.7uF ±10% 50V","Capacitance:4.7uF Tolerance:±10% Tolerance:±10% Voltage Rating:50V Temperature Coefficient:X5R","",""
"C98","47uF","5v rail sm-easyedapro:CAP-SMD_BD6.3-L6.6-W6.6-LS7.6-FD","https://item.szlcsc.com/datasheet/RVT1H470M0607/73634.html","ROQANG(容强)","RVT1H470M0607","","47uF ±20% 50V","Capacitance:47uF Tolerance:±20% Tolerance:±20% Voltage Rating:50V Ripple Current:66mA@120Hz Equivalent Series Resistance(ESR):- Diameter:6.3mm Height - Seated (Max):7.7mm Lifetime:2000hrs@105°C Operating Temperature:-40°C~+105°C Operating Temperature:-40°C~+1","",""
"C99","1uF","5v rail sm-easyedapro:C0603","https://atta.szlcsc.com/upload/public/pdf/source/20160218/1457707763339.pdf","SAMSUNG(三星)","CL10A105KB8NNNC","","1uF ±10% 50V","Capacitance: Tolerance:±10% Tolerance:±10% Voltage Rated: Temperature Coefficient:","",""
"C100","22uF","5v rail sm-easyedapro:C1206","https://item.szlcsc.com/datasheet/CL31A226KAHNNNE/13537.html","SAMSUNG(三星)","CL31A226KAHNNNE","","22uF ±10% 25V","Capacitance:22uF Tolerance:±10% Tolerance:±10% Voltage Rating:25V Temperature Coefficient:X5R","",""
"C101","22uF","5v rail sm-easyedapro:C1206","https://item.szlcsc.com/datasheet/CL31A226KAHNNNE/13537.html","SAMSUNG(三星)","CL31A226KAHNNNE","","22uF ±10% 25V","Capacitance:22uF Tolerance:±10% Tolerance:±10% Voltage Rating:25V Temperature Coefficient:X5R","",""
"C102","100nF","5v rail sm-easyedapro:C0603","https://atta.szlcsc.com/upload/public/pdf/source/20180910/C282072_33301C7F631E79921B82A8DAC6BCC5B3.pdf","YAGEO(国巨)","CC0603KRX7R9BB104","","100nF ±10% 50V","Capacitance:100nF Tolerance:±10% Tolerance:±10% Voltage Rating:50V Temperature Coefficient:X7R","",""
"C103","10uF","5v rail sm-easyedapro:C0805","https://atta.szlcsc.com/upload/public/pdf/source/20230811/95AAE0C9AF55EDC31B7A4D8B733F534E.pdf","muRata(村田)","GRM21BR61H106KE43L","","10uF ±10% 50V","Capacitance: Tolerance:±10% Tolerance:±10% Voltage Rated: Temperature Coefficient:","",""
"C104","10nF","5v rail sm-easyedapro:C0201","https://item.szlcsc.com/datasheet/TCC0201X7R103K500ZT/5758953.html","CCTC(三环)","TCC0201X7R103K500ZT","","10nF ±10% 50V","Capacitance:10nF Tolerance:±10% Tolerance:±10% Voltage Rating:50V Temperature Coefficient:X7R","",""
"C105","10nF","5v rail sm-easyedapro:C0201","https://item.szlcsc.com/datasheet/TCC0201X7R103K500ZT/5758953.html","CCTC(三环)","TCC0201X7R103K500ZT","","10nF ±10% 50V","Capacitance:10nF Tolerance:±10% Tolerance:±10% Voltage Rating:50V Temperature Coefficient:X7R","",""
"C106","10nF","5v rail sm-easyedapro:C0201","https://item.szlcsc.com/datasheet/TCC0201X7R103K500ZT/5758953.html","CCTC(三环)","TCC0201X7R103K500ZT","","10nF ±10% 50V","Capacitance:10nF Tolerance:±10% Tolerance:±10% Voltage Rating:50V Temperature Coefficient:X7R","",""
"C107","100nF","5v rail sm-easyedapro:C0603","https://atta.szlcsc.com/upload/public/pdf/source/20180910/C282072_33301C7F631E79921B82A8DAC6BCC5B3.pdf","YAGEO(国巨)","CC0603KRX7R9BB104","","100nF ±10% 50V","Capacitance:100nF Tolerance:±10% Tolerance:±10% Voltage Rating:50V Temperature Coefficient:X7R","",""
"C108","22uF","5v rail sm-easyedapro:C0603","https://item.szlcsc.com/datasheet/CL10A226MP8NUNE/87471.html","SAMSUNG(三星)","CL10A226MP8NUNE","","22uF ±20% 10V","Capacitance:22uF Tolerance:±20% Tolerance:±20% Voltage Rating:10V Temperature Coefficient:X5R","",""
"C109","100nF","5v rail sm-easyedapro:C0603","https://atta.szlcsc.com/upload/public/pdf/source/20180910/C282072_33301C7F631E79921B82A8DAC6BCC5B3.pdf","YAGEO(国巨)","CC0603KRX7R9BB104","","100nF ±10% 50V","Capacitance:100nF Tolerance:±10% Tolerance:±10% Voltage Rating:50V Temperature Coefficient:X7R","",""
"C110","220nF","5v rail sm-easyedapro:C0603","https://atta.szlcsc.com/upload/public/pdf/source/20180910/C282072_33301C7F631E79921B82A8DAC6BCC5B3.pdf","YAGEO(国巨)","CC0603KRX7R9BB224","","220nF ±10% 50V","Capacitance: Tolerance:±10% Tolerance:±10% Voltage Rated: Temperature Coefficient:","",""
"C111","220nF","5v rail sm-easyedapro:C0603","https://atta.szlcsc.com/upload/public/pdf/source/20180910/C282072_33301C7F631E79921B82A8DAC6BCC5B3.pdf","YAGEO(国巨)","CC0603KRX7R9BB224","","220nF ±10% 50V","Capacitance: Tolerance:±10% Tolerance:±10% Voltage Rated: Temperature Coefficient:","",""
"C112","220nF","5v rail sm-easyedapro:C0603","https://atta.szlcsc.com/upload/public/pdf/source/20180910/C282072_33301C7F631E79921B82A8DAC6BCC5B3.pdf","YAGEO(国巨)","CC0603KRX7R9BB224","","220nF ±10% 50V","Capacitance: Tolerance:±10% Tolerance:±10% Voltage Rated: Temperature Coefficient:","",""
"C113","220nF","5v rail sm-easyedapro:C0603","https://atta.szlcsc.com/upload/public/pdf/source/20180910/C282072_33301C7F631E79921B82A8DAC6BCC5B3.pdf","YAGEO(国巨)","CC0603KRX7R9BB224","","220nF ±10% 50V","Capacitance: Tolerance:±10% Tolerance:±10% Voltage Rated: Temperature Coefficient:","",""
"C114","100nF","5v rail sm-easyedapro:C0603","https://item.szlcsc.com/datasheet/TCC0603X7R104K500CT/268639.html","CCTC(三环)","TCC0603X7R104K500CT","","100nF ±10% 50V","Capacitance:100nF Tolerance:±10% Tolerance:±10% Voltage Rating:50V Temperature Coefficient:X7R","",""
"C115","100pF","5v rail sm-easyedapro:C0402","https://item.szlcsc.com/datasheet/FCC0402N101J500AT/5747025.html","FOJAN(富捷)","FCC0402N101J500AT","","100pF ±5% 50V","Capacitance:100pF Tolerance:±5% Tolerance:±5% Voltage Rating:50V Temperature Coefficient:C0G","",""
"C116","2.2uF","Capacitor_SMD:C_0603_1608Metric","~","","","","","Unpolarized capacitor","",""
"C117","100nF","5v rail sm-easyedapro:C0603","https://atta.szlcsc.com/upload/public/pdf/source/20180910/C282072_33301C7F631E79921B82A8DAC6BCC5B3.pdf","YAGEO(国巨)","CC0603KRX7R9BB104","","100nF ±10% 50V","Capacitance:100nF Tolerance:±10% Tolerance:±10% Voltage Rating:50V Temperature Coefficient:X7R","",""
"C118","1uF","5v rail sm-easyedapro:C0603","https://atta.szlcsc.com/upload/public/pdf/source/20160218/1457707763339.pdf","SAMSUNG(三星)","CL10A105KB8NNNC","","1uF ±10% 50V","Capacitance: Tolerance:±10% Tolerance:±10% Voltage Rated: Temperature Coefficient:","",""
"C119","470nF","5v rail sm-easyedapro:C0603","https://item.szlcsc.com/datasheet/0603B474K500NT/78701.html","FH(风华)","0603B474K500NT","","470nF ±10% 50V","Capacitance:470nF Tolerance:±10% Tolerance:±10% Voltage Rating:50V Temperature Coefficient:X7R","",""
"C120","1uF","5v rail sm-easyedapro:C0603","https://item.szlcsc.com/datasheet/CGA0603X5R105K500JT/7062558.html","HRE(芯声)","CGA0603X5R105K500JT","","1uF ±10% 50V","Capacitance:1uF Tolerance:±10% Tolerance:±10% Voltage Rating:50V Temperature Coefficient:X5R","",""
"C121","100pF","5v rail sm-easyedapro:C0603","https://item.szlcsc.com/datasheet/CC0603JRNPO9BN101/15333.html","YAGEO(国巨)","CC0603JRNPO9BN101","","100pF ±5% 50V","Capacitance:100pF Tolerance:±5% Tolerance:±5% Voltage Rating:50V Temperature Coefficient:NP0","",""
"C122","100nF","5v rail sm-easyedapro:C0603","https://item.szlcsc.com/datasheet/CL10B104KC8NNNC/16407.html","SAMSUNG(三星)","CL10B104KC8NNNC","","100nF ±10% 100V","Capacitance:100nF Tolerance:±10% Tolerance:±10% Voltage Rating:100V Temperature Coefficient:X7R","",""
"C123","100nF","5v rail sm-easyedapro:C0603","https://item.szlcsc.com/datasheet/CL10B104KC8NNNC/16407.html","SAMSUNG(三星)","CL10B104KC8NNNC","","100nF ±10% 100V","Capacitance:100nF Tolerance:±10% Tolerance:±10% Voltage Rating:100V Temperature Coefficient:X7R","",""
"C124","100nF","5v rail sm-easyedapro:C0603","https://item.szlcsc.com/datasheet/CL10B104KC8NNNC/16407.html","SAMSUNG(三星)","CL10B104KC8NNNC","","100nF ±10% 100V","Capacitance:100nF Tolerance:±10% Tolerance:±10% Voltage Rating:100V Temperature Coefficient:X7R","",""
"C125","100nF","5v rail sm-easyedapro:C0603","https://item.szlcsc.com/datasheet/CL10B104KC8NNNC/16407.html","SAMSUNG(三星)","CL10B104KC8NNNC","","100nF ±10% 100V","Capacitance:100nF Tolerance:±10% Tolerance:±10% Voltage Rating:100V Temperature Coefficient:X7R","",""
"C126","1uF","5v rail sm-easyedapro:C0603","https://item.szlcsc.com/datasheet/CL10B105KB8NQNC/5885909.html","SAMSUNG(三星)","CL10B105KB8NQNC","","1uF ±10% 50V","Capacitance:1uF Tolerance:±10% Tolerance:±10% Voltage Rating:50V Temperature Coefficient:X7R","",""
"C127","100nF","5v rail sm-easyedapro:C0603","https://atta.szlcsc.com/upload/public/pdf/source/20180910/C282072_33301C7F631E79921B82A8DAC6BCC5B3.pdf","YAGEO(国巨)","CC0603KRX7R9BB104","","100nF ±10% 50V","Capacitance:100nF Tolerance:±10% Tolerance:±10% Voltage Rating:50V Temperature Coefficient:X7R","",""
"C128","100nF","5v rail sm-easyedapro:C0603","https://item.szlcsc.com/datasheet/CL10B104KC8NNNC/16407.html","SAMSUNG(三星)","CL10B104KC8NNNC","","100nF ±10% 100V","Capacitance:100nF Tolerance:±10% Tolerance:±10% Voltage Rating:100V Temperature Coefficient:X7R","",""
"C129","100nF","5v rail sm-easyedapro:C0603","https://item.szlcsc.com/datasheet/CL10B104KC8NNNC/16407.html","SAMSUNG(三星)","CL10B104KC8NNNC","","100nF ±10% 100V","Capacitance:100nF Tolerance:±10% Tolerance:±10% Voltage Rating:100V Temperature Coefficient:X7R","",""
"C130","1uF","5v rail sm-easyedapro:C0603","https://atta.szlcsc.com/upload/public/pdf/source/20160218/1457707763339.pdf","SAMSUNG(三星)","CL10A105KB8NNNC","","1uF ±10% 50V","Capacitance: Tolerance:±10% Tolerance:±10% Voltage Rated: Temperature Coefficient:","",""
"C131","470nF","5v rail sm-easyedapro:C0603","https://item.szlcsc.com/datasheet/0603B474K500NT/78701.html","FH(风华)","0603B474K500NT","","470nF ±10% 50V","Capacitance:470nF Tolerance:±10% Tolerance:±10% Voltage Rating:50V Temperature Coefficient:X7R","",""
"C132","1uF","5v rail sm-easyedapro:C0603","https://atta.szlcsc.com/upload/public/pdf/source/20160218/1457707763339.pdf","SAMSUNG(三星)","CL10A105KB8NNNC","","1uF ±10% 50V","Capacitance: Tolerance:±10% Tolerance:±10% Voltage Rated: Temperature Coefficient:","",""
"C133","470nF","5v rail sm-easyedapro:C0603","https://item.szlcsc.com/datasheet/0603B474K500NT/78701.html","FH(风华)","0603B474K500NT","","470nF ±10% 50V","Capacitance:470nF Tolerance:±10% Tolerance:±10% Voltage Rating:50V Temperature Coefficient:X7R","",""
"C134","100nF","5v rail sm-easyedapro:C0603","https://atta.szlcsc.com/upload/public/pdf/source/20180910/C282072_33301C7F631E79921B82A8DAC6BCC5B3.pdf","YAGEO(国巨)","CC0603KRX7R9BB104","","100nF ±10% 50V","Capacitance:100nF Tolerance:±10% Tolerance:±10% Voltage Rating:50V Temperature Coefficient:X7R","",""
"C135","RVT1H220M0605","JLCImport:RVT1H220M0605","https://item.szlcsc.com/265679.html","ROQANG(容强)","RVT1H220M0605","C72505","","22uF 50V ±20%","",""
"C136","RVT1H220M0605","JLCImport:RVT1H220M0605","https://item.szlcsc.com/265679.html","ROQANG(容强)","RVT1H220M0605","C72505","","22uF 50V ±20%","",""
"C137","RVT1H220M0605","JLCImport:RVT1H220M0605","https://item.szlcsc.com/265679.html","ROQANG(容强)","RVT1H220M0605","C72505","","22uF 50V ±20%","",""
"C138","RVT1H220M0605","JLCImport:RVT1H220M0605","https://item.szlcsc.com/265679.html","ROQANG(容强)","RVT1H220M0605","C72505","","22uF 50V ±20%","",""
"C139","RVT1H220M0605","JLCImport:RVT1H220M0605","https://item.szlcsc.com/265679.html","ROQANG(容强)","RVT1H220M0605","C72505","","22uF 50V ±20%","",""
"C140","RVT1H220M0605","JLCImport:RVT1H220M0605","https://item.szlcsc.com/265679.html","ROQANG(容强)","RVT1H220M0605","C72505","","22uF 50V ±20%","",""
"C141","100nF","5v rail sm-easyedapro:C0603","https://atta.szlcsc.com/upload/public/pdf/source/20180910/C282072_33301C7F631E79921B82A8DAC6BCC5B3.pdf","YAGEO(国巨)","CC0603KRX7R9BB104","","100nF ±10% 50V","Capacitance:100nF Tolerance:±10% Tolerance:±10% Voltage Rating:50V Temperature Coefficient:X7R","",""
"C142","100nF","5v rail sm-easyedapro:C0603","https://atta.szlcsc.com/upload/public/pdf/source/20180910/C282072_33301C7F631E79921B82A8DAC6BCC5B3.pdf","YAGEO(国巨)","CC0603KRX7R9BB104","","100nF ±10% 50V","Capacitance:100nF Tolerance:±10% Tolerance:±10% Voltage Rating:50V Temperature Coefficient:X7R","",""
"C143","VKME1651E102MV","JLCImport:VKME1651E102MV","https://atta.szlcsc.com/upload/public/pdf/source/20200220/C487365_CBD0F9C143D6988F0F1834932849078A.pdf","Ymin(永铭)","VKME1651E102MV","C487334","","","",""
"C601","10uF","Capacitor_SMD:C_1206_3216Metric","~","","","","","Unpolarized capacitor","",""
"C1701","100nF","Capacitor_SMD:C_0603_1608Metric","~","","","","","Unpolarized capacitor","",""
"CN1","B2B-XH-A(LF)(SN)","5v rail sm-easyedapro:CONN-TH_B2B-XH-A-LF-SN","https://atta.szlcsc.com/upload/public/pdf/source/20180928/C265283_F9DFEEBDB2CF642B6BDFAB4B77BD2680.pdf","JST","B2B-XH-A(LF)(SN)","","1x2P 间距:2.5mm 直插 系列:XH","Pins Structure:1x2P Pitch:2.5mm Mounting Style:Direct Insert Reference Series:XH Number of Pins:2P Number of Rows:1 Number of PINs Per Row:2 Row Spacing:- Current Rating (Max):3A Contact Material:Brass Contact Plating:Tin Operating Temperature Range:-25°C~","",""
"CN2","5017","5v rail sm-easyedapro:CONN-SMD_5017","","","5017","","5017","","",""
"CN3","DB142R-5_08-8P","JLCImport:DB142R-5_08-8P","https://atta.szlcsc.com/upload/public/pdf/source/20210923/B6BFEFBD675ACB8BB7C705FCAAB6E1C3.pdf","DORABO(地博电气)","DB142R-5.08-8P-GN","C2898715","","","",""
"CN4","EXT","5v rail sm-easyedapro:CONN-TH_2P-P2.50_HX25003-2A","https://item.szlcsc.com/datasheet/ZX-XH2.54-2PZZ/8427549.html","Megastar(兆星)","ZX-XH2.54-2PZZ","","1x2P 间距:2.5mm 直插 系列:XH","Pins Structure:1x2P Pitch:2.5mm Mounting Type:Through Hole Reference Series:XH Number of Pins:2P Number of Rows:1 Number of PINs Per Row:2 Row Spacing:- Current Rating:2A Contact Material:Brass Contact Plating:Tin Operating Temperature:-25°C~+85°C Operating","",""
"CN2301","S4B-XH-A_LF_SN","JLCImport:S4B-XH-A_LF_SN","https://item.szlcsc.com/169273.html","JST","S4B-XH-A(LF)(SN)","C157925","","","",""
"CUR_1","INA3221AIRGVR","5v rail sm-easyedapro:QFN-16_L4.0-W4.0-P0.65-TL-EP2.2","https://www.ti.com/cn/lit/gpn/ina3221","TI(德州仪器)","INA3221AIRGVR","","INA3221AIRGVR","","",""
"CUR_2","INA3221AIRGVR","5v rail sm-easyedapro:QFN-16_L4.0-W4.0-P0.65-TL-EP2.2","https://www.ti.com/cn/lit/gpn/ina3221","TI(德州仪器)","INA3221AIRGVR","","INA3221AIRGVR","","",""
"D1","SMAJ16A","5v rail sm-easyedapro:SMA_L4.3-W2.6-LS5.0-RD","https://atta.szlcsc.com/upload/public/pdf/source/20240508/8B44FA02DF89A45C8C3EB0325515EF7C.pdf","GOODWORK(固得沃克)","SMAJ16A","","单向TVS 16V截止 15.3A峰值脉冲","Reverse Stand-Off Voltage (Vrwm):16V Clamping Voltage:26V Peak Pulse Current (Ipp):15.3A Peak Pulse Power Dissipation (Ppp):400W Voltage - Breakdown:17.8V Reverse Leakage Current (Ir):5uA Operating Temperature:-55°C~+150°C@(Tj) Operating Temperature:-55°C~+1","",""
"D3","SMF13A","5v rail sm-easyedapro:SOD-123FL_L2.8-W1.8-LS3.6-RD","https://item.szlcsc.com/datasheet/SMF13A/329064.html","晶导微电子","SMF13A","","SMF13A","Polarity:Unidirectional Reverse Stand-Off Voltage (Vrwm):13V Clamping Voltage:21.5V Peak Pulse Current (Ipp):9.3A@10/1000us Peak Pulse Power Dissipation (Ppp):200W@10/1000us Voltage - Breakdown:15.9V Reverse Leakage Current (Ir):1uA Operating Temperature:","",""
"D4","SS36","5v rail sm-easyedapro:SMA_L4.4-W2.6-LS5.0-RD","https://item.szlcsc.com/datasheet/SS36/774166.html","TWGMC(迪嘉)","SS36","","电压:60V 电流:3A","Diode Configuration:Independent Voltage - Forward(Vf@If):700mV@3A Voltage - DC Reverse(Vr):60V Current - Rectified:3A Reverse Leakage Current (Ir):500uA Operating Junction Temperature Range:-55°C~+125°C Operating Junction Temperature Range:-55°C~+125°C","",""
"D5","SS36","5v rail sm-easyedapro:SMA_L4.4-W2.6-LS5.0-RD","https://item.szlcsc.com/datasheet/SS36/774166.html","TWGMC(迪嘉)","SS36","","电压:60V 电流:3A","Diode Configuration:Independent Voltage - Forward(Vf@If):700mV@3A Voltage - DC Reverse(Vr):60V Current - Rectified:3A Reverse Leakage Current (Ir):500uA Operating Junction Temperature Range:-55°C~+125°C Operating Junction Temperature Range:-55°C~+125°C","",""
"D6","SS36","5v rail sm-easyedapro:SMA_L4.4-W2.6-LS5.0-RD","https://item.szlcsc.com/datasheet/SS36/774166.html","TWGMC(迪嘉)","SS36","","电压:60V 电流:3A","Diode Configuration:Independent Voltage - Forward(Vf@If):700mV@3A Voltage - DC Reverse(Vr):60V Current - Rectified:3A Reverse Leakage Current (Ir):500uA Operating Junction Temperature Range:-55°C~+125°C Operating Junction Temperature Range:-55°C~+125°C","",""
"D7","SS36","5v rail sm-easyedapro:SMA_L4.4-W2.6-LS5.0-RD","https://item.szlcsc.com/datasheet/SS36/774166.html","TWGMC(迪嘉)","SS36","","电压:60V 电流:3A","Diode Configuration:Independent Voltage - Forward(Vf@If):700mV@3A Voltage - DC Reverse(Vr):60V Current - Rectified:3A Reverse Leakage Current (Ir):500uA Operating Junction Temperature Range:-55°C~+125°C Operating Junction Temperature Range:-55°C~+125°C","",""
"D8","SMF5_0A_C2857263","JLCImport:SMF5_0A_C2857263","https://item.szlcsc.com/336927.html","JSMSEMI(杰盛微)","SMF5.0A","C2857263","","","",""
"D9","TPD2E2U06DCKR","JLCImport:TPD2E2U06DCKR","https://img.jlc.com//pdf/applyPasteComponent/2021-05-27/574579G/77f3b700fe4a4b6a9f2a331052991257/REN_r07ds0170ej_rkz16twaqe_DST_20100921.pdf","TI(德州仪器)","TPD2E2U06DCKR","C1855726","","","",""
"D10","SMAJ16A","5v rail sm-easyedapro:SMA_L4.3-W2.6-LS5.0-RD","https://atta.szlcsc.com/upload/public/pdf/source/20240508/8B44FA02DF89A45C8C3EB0325515EF7C.pdf","GOODWORK(固得沃克)","SMAJ16A","","单向TVS 16V截止 15.3A峰值脉冲","Reverse Stand-Off Voltage (Vrwm):16V Clamping Voltage:26V Peak Pulse Current (Ipp):15.3A Peak Pulse Power Dissipation (Ppp):400W Voltage - Breakdown:17.8V Reverse Leakage Current (Ir):5uA Operating Temperature:-55°C~+150°C@(Tj) Operating Temperature:-55°C~+1","",""
"D11","SBR8U60P5-13","5v rail sm-easyedapro:POWERDI-5_L5.4-W4.0-LS6.5-RD","https://item.szlcsc.com/datasheet/SBR8U60P5-13/166068.html","DIODES(美台)","SBR8U60P5-13","","60V 8A","Diode Configuration:- Voltage - Forward(Vf@If):460mV@8A Voltage - DC Reverse(Vr):60V Current - Rectified:8A Reverse Leakage Current (Ir):120uA@60V Non-Repetitive Peak Forward Surge Current:280A","",""
"D12","SBR8U60P5-13","5v rail sm-easyedapro:POWERDI-5_L5.4-W4.0-LS6.5-RD","https://item.szlcsc.com/datasheet/SBR8U60P5-13/166068.html","DIODES(美台)","SBR8U60P5-13","","60V 8A","Diode Configuration:- Voltage - Forward(Vf@If):460mV@8A Voltage - DC Reverse(Vr):60V Current - Rectified:8A Reverse Leakage Current (Ir):120uA@60V Non-Repetitive Peak Forward Surge Current:280A","",""
"D13","SMF13A","5v rail sm-easyedapro:SOD-123FL_L2.8-W1.8-LS3.6-RD","https://item.szlcsc.com/datasheet/SMF13A/329064.html","晶导微电子","SMF13A","","SMF13A","Polarity:Unidirectional Reverse Stand-Off Voltage (Vrwm):13V Clamping Voltage:21.5V Peak Pulse Current (Ipp):9.3A@10/1000us Peak Pulse Power Dissipation (Ppp):200W@10/1000us Voltage - Breakdown:15.9V Reverse Leakage Current (Ir):1uA Operating Temperature:","",""
"D14","SMF13A","5v rail sm-easyedapro:SOD-123FL_L2.8-W1.8-LS3.6-RD","https://item.szlcsc.com/datasheet/SMF13A/329064.html","晶导微电子","SMF13A","","SMF13A","Polarity:Unidirectional Reverse Stand-Off Voltage (Vrwm):13V Clamping Voltage:21.5V Peak Pulse Current (Ipp):9.3A@10/1000us Peak Pulse Power Dissipation (Ppp):200W@10/1000us Voltage - Breakdown:15.9V Reverse Leakage Current (Ir):1uA Operating Temperature:","",""
"D15","SMF13A","5v rail sm-easyedapro:SOD-123FL_L2.8-W1.8-LS3.6-RD","https://item.szlcsc.com/datasheet/SMF13A/329064.html","晶导微电子","SMF13A","","SMF13A","Polarity:Unidirectional Reverse Stand-Off Voltage (Vrwm):13V Clamping Voltage:21.5V Peak Pulse Current (Ipp):9.3A@10/1000us Peak Pulse Power Dissipation (Ppp):200W@10/1000us Voltage - Breakdown:15.9V Reverse Leakage Current (Ir):1uA Operating Temperature:","",""
"D16","TPD4E02B04DQAR","5v rail sm-easyedapro:USON-10_L2.5-W1.0-P0.50-BL","https://www.ti.com/cn/lit/gpn/tpd4e02b04","TI(德州仪器)","TPD4E02B04DQAR","","双向ESD","Polarity:Bidirectional Reverse Stand-Off Voltage (Vrwm):3.6V Clamping Voltage:8.8V Peak Pulse Current (Ipp):2A@8/20us Peak Pulse Power Dissipation (Ppp):17W@8/20us Voltage - Breakdown:7.5V Reverse Leakage Current (Ir):10nA Number of Channels:4 Operating T","",""
"D17","SMBJ24A_C224017","JLCImport:SMBJ24A_C224017","https://cn.bing.com/search?q=datasheet： SMBJ5.0A-QH","Littelfuse(美国力特)","SMBJ24A","C224017","","","",""
"D18","BZT52C15","5v rail sm-easyedapro:SOD-123_L2.7-W1.6-LS3.7-RD","https://item.szlcsc.com/datasheet/BZT52C15/184816.html","MDD(辰达半导体)","BZT52C15","","BZT52C15","Diode Configuration:Independent Zener Voltage(Nom):15V Reverse Leakage Current (Ir):100nA@11V Zener Voltage(Range):14.25V~15.75V Zener Voltage(Range):14.25V~15.75V Pd - Power Dissipation:500mW Impedance(Zzt):40Ω","",""
"D19","MMSZ4685T1G","5v rail sm-easyedapro:SOD-123_L2.8-W1.8-LS3.7-RD","https://item.szlcsc.com/datasheet/MMSZ4685T1G/67973.html","onsemi(安森美)","MMSZ4685T1G","","独立式 耐压:3.6V 电流:7.5uA@2V","Diode Configuration:Independent Zener Voltage(Nom):3.6V Reverse Leakage Current (Ir):7.5uA@2V Zener Voltage(Range):3.42V~3.78V Zener Voltage(Range):3.42V~3.78V Pd - Power Dissipation:500mW Impedance(Zzt):- Operating Junction Temperature Range:-55°C~+150°C O","",""
"D20","BAT46W-7-F","5v rail sm-easyedapro:SOD-123_L2.8-W1.8-LS3.7-RD","https://item.szlcsc.com/datasheet/BAT46W-7-F/84316.html","DIODES(美台)","BAT46W-7-F","","电压:100V 电流:150mA","Voltage - Forward(Vf@If):450mV@10mA Voltage - DC Reverse(Vr):100V Current - Rectified:150mA Reverse Leakage Current (Ir):2uA@75V Operating Junction Temperature Range:-55°C~+125°C Operating Junction Temperature Range:-55°C~+125°C Non-Repetitive Peak Forward Su","",""
"D21","BAT46W-7-F","5v rail sm-easyedapro:SOD-123_L2.8-W1.8-LS3.7-RD","https://item.szlcsc.com/datasheet/BAT46W-7-F/84316.html","DIODES(美台)","BAT46W-7-F","","电压:100V 电流:150mA","Voltage - Forward(Vf@If):450mV@10mA Voltage - DC Reverse(Vr):100V Current - Rectified:150mA Reverse Leakage Current (Ir):2uA@75V Operating Junction Temperature Range:-55°C~+125°C Operating Junction Temperature Range:-55°C~+125°C Non-Repetitive Peak Forward Su","",""
"D22","BAT46W-7-F","5v rail sm-easyedapro:SOD-123_L2.8-W1.8-LS3.7-RD","https://item.szlcsc.com/datasheet/BAT46W-7-F/84316.html","DIODES(美台)","BAT46W-7-F","","电压:100V 电流:150mA","Voltage - Forward(Vf@If):450mV@10mA Voltage - DC Reverse(Vr):100V Current - Rectified:150mA Reverse Leakage Current (Ir):2uA@75V Operating Junction Temperature Range:-55°C~+125°C Operating Junction Temperature Range:-55°C~+125°C Non-Repetitive Peak Forward Su","",""
"D23","MMSZ5246B-7-F","5v rail sm-easyedapro:SOD-123_L2.7-W1.6-LS3.7-RD","https://item.szlcsc.com/datasheet/MMSZ5246B-7-F/75832.html","DIODES(美台)","MMSZ5246B-7-F","","独立式 耐压:16V 电流:0.1uA@12V","Diode Configuration:Independent Zener Voltage(Nom):16V Reverse Leakage Current (Ir):100nA@12V Zener Voltage(Range):15.2V~16.8V Zener Voltage(Range):15.2V~16.8V Pd - Power Dissipation:370mW Impedance(Zzt):17Ω Impedance(Zzk):600Ω","",""
"D24","MMSZ5267BT1G","5v rail sm-easyedapro:SOD-123_L2.7-W1.6-LS3.7-RD","https://item.szlcsc.com/datasheet/MMSZ5267BT1G/81305.html","onsemi(安森美)","MMSZ5267BT1G","","独立式 耐压:75V 电流:0.1uA@56V","Diode Configuration:Independent Zener Voltage(Nom):75V Reverse Leakage Current (Ir):100nA@56V Zener Voltage(Range):71.25V~78.75V Zener Voltage(Range):71.25V~78.75V Pd - Power Dissipation:500mW Impedance(Zzt):270Ω Impedance(Zzk):1.7kΩ Operating Junction Te","",""
"D25","BAT46W-7-F","5v rail sm-easyedapro:SOD-123_L2.8-W1.8-LS3.7-RD","https://item.szlcsc.com/datasheet/BAT46W-7-F/84316.html","DIODES(美台)","BAT46W-7-F","","电压:100V 电流:150mA","Voltage - Forward(Vf@If):450mV@10mA Voltage - DC Reverse(Vr):100V Current - Rectified:150mA Reverse Leakage Current (Ir):2uA@75V Operating Junction Temperature Range:-55°C~+125°C Operating Junction Temperature Range:-55°C~+125°C Non-Repetitive Peak Forward Su","",""
"D26","MMSZ5246B_R1_00001","5v rail sm-easyedapro:SOD-123_L2.8-W1.8-LS3.7-RD","https://item.szlcsc.com/datasheet/MMSZ5246B_R1_00001/268339.html","PANJIT(强茂)","MMSZ5246B_R1_00001","","独立式 耐压:16V 电流:0.1uA@12V","Diode Configuration:Independent Zener Voltage(Nom):16V Reverse Leakage Current (Ir):100nA@12V Zener Voltage(Range):15.2V~16.8V Zener Voltage(Range):15.2V~16.8V Pd - Power Dissipation:500mW Impedance(Zzt):17Ω Impedance(Zzk):600Ω Operating Junction Temperat","",""
"D27","BAT46W-7-F","5v rail sm-easyedapro:SOD-123_L2.8-W1.8-LS3.7-RD","https://item.szlcsc.com/datasheet/BAT46W-7-F/84316.html","DIODES(美台)","BAT46W-7-F","","电压:100V 电流:150mA","Voltage - Forward(Vf@If):450mV@10mA Voltage - DC Reverse(Vr):100V Current - Rectified:150mA Reverse Leakage Current (Ir):2uA@75V Operating Junction Temperature Range:-55°C~+125°C Operating Junction Temperature Range:-55°C~+125°C Non-Repetitive Peak Forward Su","",""
"D28","MMSZ5246B-7-F","5v rail sm-easyedapro:SOD-123_L2.7-W1.6-LS3.7-RD","https://item.szlcsc.com/datasheet/MMSZ5246B-7-F/75832.html","DIODES(美台)","MMSZ5246B-7-F","","独立式 耐压:16V 电流:0.1uA@12V","Diode Configuration:Independent Zener Voltage(Nom):16V Reverse Leakage Current (Ir):100nA@12V Zener Voltage(Range):15.2V~16.8V Zener Voltage(Range):15.2V~16.8V Pd - Power Dissipation:370mW Impedance(Zzt):17Ω Impedance(Zzk):600Ω","",""
"D29","BZT52C5V1S-7-F","5v rail sm-easyedapro:SOD-323_L1.8-W1.3-LS2.5-RD","https://item.szlcsc.com/datasheet/BZT52C5V1S-7-F/162688.html","DIODES(美台)","BZT52C5V1S-7-F","","独立式 耐压:5.1V 电流:1uA","Diode Configuration:Independent Zener Voltage(Nom):5.1V Reverse Leakage Current (Ir):1uA Zener Voltage(Range):4.8V~5.4V Zener Voltage(Range):4.8V~5.4V Pd - Power Dissipation:200mW Impedance(Zzt):60Ω Impedance(Zzk):480Ω Operating Junction Temperature Range","",""
"D30","MMSZ5246B-7-F","5v rail sm-easyedapro:SOD-123_L2.7-W1.6-LS3.7-RD","https://item.szlcsc.com/datasheet/MMSZ5246B-7-F/75832.html","DIODES(美台)","MMSZ5246B-7-F","","独立式 耐压:16V 电流:0.1uA@12V","Diode Configuration:Independent Zener Voltage(Nom):16V Reverse Leakage Current (Ir):100nA@12V Zener Voltage(Range):15.2V~16.8V Zener Voltage(Range):15.2V~16.8V Pd - Power Dissipation:370mW Impedance(Zzt):17Ω Impedance(Zzk):600Ω","",""
"D31","BAT46W","5v rail sm-easyedapro:SOD-123_L2.7-W1.6-LS3.7-FD","https://item.szlcsc.com/datasheet/BAT46W/8397154.html","R+O(宏嘉诚)","BAT46W","","电压:100V 电流:150mA","Diode Configuration:Independent Voltage - Forward(Vf@If):450mV@10mA Voltage - DC Reverse(Vr):100V Current - Rectified:150mA Reverse Leakage Current (Ir):2uA@100V Non-Repetitive Peak Forward Surge Current:750mA","",""
"D32","UCLAMP3301P","5v rail sm-easyedapro:DFN1006-2L-RD","https://item.szlcsc.com/datasheet/UCLAMP3301P/21156834.html","TECH PUBLIC(台舟)","UCLAMP3301P","","单向TVS 3.3V截止 峰值浪涌电流：4A@8/20us","Polarity:Unidirectional Reverse Stand-Off Voltage (Vrwm):3.3V Clamping Voltage:15V Peak Pulse Current (Ipp):4A@8/20us Peak Pulse Power Dissipation (Ppp):60W@8/20us Voltage - Breakdown:4.2V Reverse Leakage Current (Ir):80nA Number of Channels:1 Operating T","",""
"D33","ESD9X5VU","JLCImport:ESD9X5VU","https://item.szlcsc.com/162710.html","TECH PUBLIC(台舟)","ESD9X5VU","C2875160","","","",""
"D34","SMF24A_C19077514","JLCImport:SMF24A_C19077514","https://item.szlcsc.com/371413.html","R+O(宏嘉诚)","SMF24A","C19077514","","","",""
"D35","SS54_C123946","JLCImport:SS54_C123946","https://so.szlcsc.com/global.html?c=&k=C50840","晶导微电子","SS54","C123946","","","",""
"D36","SMBJ24A_C224017","JLCImport:SMBJ24A_C224017","https://cn.bing.com/search?q=datasheet： SMBJ5.0A-QH","Littelfuse(美国力特)","SMBJ24A","C224017","","","",""
"DC1","20V Supply","5v rail sm-easyedapro:DC-IN-TH_DC005","https://atta.szlcsc.com/upload/public/pdf/source/20190925/C431533_4751811035784AC1D38EBC85F7905E99.pdf","SHOU HAN(首韩)","DC005","","DC电源插座 内径:2mm 外径:6.3mm","Connector Type:DC Power Receptacle Mounting Style:Bend-in Inside Contact Diameter:2mm Outside Contact Diameter:6.3mm Current Rating (Max):500mA Voltage Rating (Max):30V Operating Temperature Range:-25°C~+70°C Operating Temperature Range:-25°C~+70°C","",""
"DC2","3S Charger","5v rail sm-easyedapro:DC-IN-TH_DC005","https://atta.szlcsc.com/upload/public/pdf/source/20190925/C431533_4751811035784AC1D38EBC85F7905E99.pdf","SHOU HAN(首韩)","DC005","","DC电源插座 内径:2mm 外径:6.3mm","Connector Type:DC Power Receptacle Mounting Style:Bend-in Inside Contact Diameter:2mm Outside Contact Diameter:6.3mm Current Rating (Max):500mA Voltage Rating (Max):30V Operating Temperature Range:-25°C~+70°C Operating Temperature Range:-25°C~+70°C","",""
"F1","XF-507P","5v rail sm-easyedapro:CONN-TH_XF-507P","https://item.szlcsc.com/datasheet/XF-507P/699208.html","XFCN(兴飞)","XF-507P","","中号汽车保险丝夹 2P","Fuseholder Type:- Voltage Rating:60V Current Rating:30A Fuse Type:-","",""
"F2","0466001.NRHF","5v rail sm-easyedapro:F1206","https://item.szlcsc.com/datasheet/0466001.NRHF/162475.html","Littelfuse(美国力特)","0466001.NRHF","","63V贴片式保险丝","Type:Surface Mount Fuse Current Rating:1A Voltage Rating (AC):63V Voltage Rating (DC):63V Operating Temperature:-55°C~+90°C Operating Temperature:-55°C~+90°C Interrupt Rating:50A","",""
"F3","0466001.NRHF","5v rail sm-easyedapro:F1206","https://item.szlcsc.com/datasheet/0466001.NRHF/162475.html","Littelfuse(美国力特)","0466001.NRHF","","63V贴片式保险丝","Type:Surface Mount Fuse Current Rating:1A Voltage Rating (AC):63V Voltage Rating (DC):63V Operating Temperature:-55°C~+90°C Operating Temperature:-55°C~+90°C Interrupt Rating:50A","",""
"F4","0466001.NRHF","5v rail sm-easyedapro:F1206","https://item.szlcsc.com/datasheet/0466001.NRHF/162475.html","Littelfuse(美国力特)","0466001.NRHF","","63V贴片式保险丝","Type:Surface Mount Fuse Current Rating:1A Voltage Rating (AC):63V Voltage Rating (DC):63V Operating Temperature:-55°C~+90°C Operating Temperature:-55°C~+90°C Interrupt Rating:50A","",""
"F5","JK-nSMD050-30","5v rail sm-easyedapro:F1206","https://item.szlcsc.com/datasheet/JK-nSMD050-30/764095.html","JK(金科)","JK-nSMD050-30","","30V 500mA 1206自恢复","Voltage - Max:30V Current - Max:100A Hold Current:500mA Trip Current:1A Power Dissipation:600mW Resistance - Initial (Ri) (Min):150mΩ Resistance - Post Trip (R1) (Max):300mΩ Time to Trip(Max):100ms Operating Temperature:-40°C~+85°C Operating Temperature:-40","",""
"frankyface101","~","5v rail sm-easyedapro:frankyface","","","","","","","",""
"H2","PZ254V-11-02P","5v rail sm-easyedapro:HDR-TH_2P-P2.54-V-M","https://item.szlcsc.com/datasheet/PZ254V-11-02P/502957.html","XFCN(兴飞)","PZ254V-11-02P","","1x2P 间距:2.54mm 方针 直插","Pin Structure:1x2P Pitch:2.54mm Row Spacing:- Circluar Pins/Square Pins:Pin Header Mounting Type:Through Hole Number of Rows:1 Number of Pins:2P Current Rating:- Voltage Rating (Max):- Length of Mating Pin:6mm Insulation Height:2.5mm Length of End Connect","",""
"H3","TSW-104-08-T-T-RA","5v rail sm-easyedapro:HDR-TH_12P-P2.54-H-M-R3-C4_TSW-104-08-XXX-T-RA","https://item.szlcsc.com/datasheet/TSW-104-08-T-T-RA/3900386.html","SAMTEC","TSW-104-08-T-T-RA","","间距:2.54mm 方针 弯插","Pitch:2.54mm Row Spacing:2.54mm Circluar Pins/Square Pins:Pin Header Mounting Type:Right Angle Number of Rows:3 Number of Pins:12P Current Rating:- Voltage Rating (Max):- Length of Mating Pin:5.84mm Insulation Height:8.13mm Length of End Connection Pin:2.","",""
"H4","TSW-104-08-T-T-RA","5v rail sm-easyedapro:HDR-TH_12P-P2.54-H-M-R3-C4_TSW-104-08-XXX-T-RA","https://item.szlcsc.com/datasheet/TSW-104-08-T-T-RA/3900386.html","SAMTEC","TSW-104-08-T-T-RA","","间距:2.54mm 方针 弯插","Pitch:2.54mm Row Spacing:2.54mm Circluar Pins/Square Pins:Pin Header Mounting Type:Right Angle Number of Rows:3 Number of Pins:12P Current Rating:- Voltage Rating (Max):- Length of Mating Pin:5.84mm Insulation Height:8.13mm Length of End Connection Pin:2.","",""
"J7","PINHD_1x8_Male","Connector_PinHeader_2.54mm:PinHeader_1x08_P2.54mm_Vertical","","","","","","Pin Header male with pin space 2.54mm. Pin Count -8","",""
"J8","PINHD_1x8_Male","Connector_PinHeader_2.54mm:PinHeader_1x08_P2.54mm_Vertical","","","","","","Pin Header male with pin space 2.54mm. Pin Count -8","",""
"J9","PINHD_1x8_Male","Connector_PinHeader_2.54mm:PinHeader_1x08_P2.54mm_Vertical","","","","","","Pin Header male with pin space 2.54mm. Pin Count -8","",""
"J10","PINHD_1x8_Male","Connector_PinHeader_2.54mm:PinHeader_1x08_P2.54mm_Vertical","","","","","","Pin Header male with pin space 2.54mm. Pin Count -8","",""
"J11","PINHD_1x8_Male","Connector_PinHeader_2.54mm:PinHeader_1x08_P2.54mm_Vertical","","","","","","Pin Header male with pin space 2.54mm. Pin Count -8","",""
"J12","PINHD_1x8_Male","Connector_PinHeader_2.54mm:PinHeader_1x08_P2.54mm_Vertical","","","","","","Pin Header male with pin space 2.54mm. Pin Count -8","",""
"JP1","Jumper_2_Bridged","Jumper:SolderJumper-2_P1.3mm_Bridged_RoundedPad1.0x1.5mm","~","","","","","Jumper, 2-pole, closed/bridged","",""
"JP3","Jumper_2_Bridged","Jumper:SolderJumper-2_P1.3mm_Bridged_RoundedPad1.0x1.5mm","~","","","","","Jumper, 2-pole, closed/bridged","",""
"JP4","Jumper_2_Bridged","Jumper:SolderJumper-2_P1.3mm_Bridged_RoundedPad1.0x1.5mm","~","","","","","Jumper, 2-pole, closed/bridged","",""
"JP1701","Jumper_2_Small_Bridged","PCM_SparkFun-Jumper:Jumper_2_NC_Trace","~","","","","","Jumper, 2-pole, small symbol, bridged","",""
"JP2101","Jumper_2_Open","PCM_SparkFun-Jumper:Jumper_2_NO","~","","","","","Jumper, 2-pole, open","",""
"JP2301","Jumper_2_Bridged","Jumper:SolderJumper-2_P1.3mm_Bridged_RoundedPad1.0x1.5mm","~","","","","","Jumper, 2-pole, closed/bridged","",""
"KAJFACE1","~","","","","","","","","",""
"KAJFACE2","~","","","","","","","","",""
"KAJFACE3","~","5v rail sm-easyedapro:kaj","","","","","","","",""
"LED1","XL-1608UBC-04","JLCImport:XL-1608UBC-04","https://atta.szlcsc.com/upload/public/pdf/source/20210617/C2837377_50FC585D376FE0CDA016E524346528FF.pdf","XINGLIGHT(成兴光)","XL-1608UBC-04","C965807","","Blue indicator led","",""
"LED2","XL-1608UBC-04","JLCImport:XL-1608UBC-04","https://atta.szlcsc.com/upload/public/pdf/source/20210617/C2837377_50FC585D376FE0CDA016E524346528FF.pdf","XINGLIGHT(成兴光)","XL-1608UBC-04","C965807","","Blue indicator led","",""
"LED3","XL-1608UBC-04","JLCImport:XL-1608UBC-04","https://atta.szlcsc.com/upload/public/pdf/source/20210617/C2837377_50FC585D376FE0CDA016E524346528FF.pdf","XINGLIGHT(成兴光)","XL-1608UBC-04","C965807","","Blue indicator led","",""
"LED4","XL-1608UBC-04","JLCImport:XL-1608UBC-04","https://atta.szlcsc.com/upload/public/pdf/source/20210617/C2837377_50FC585D376FE0CDA016E524346528FF.pdf","XINGLIGHT(成兴光)","XL-1608UBC-04","C965807","","Blue indicator led","",""
"LED5","XL-1608UBC-04","JLCImport:XL-1608UBC-04","https://atta.szlcsc.com/upload/public/pdf/source/20210617/C2837377_50FC585D376FE0CDA016E524346528FF.pdf","XINGLIGHT(成兴光)","XL-1608UBC-04","C965807","","Blue indicator led","",""
"LED6","PSC-1608U50GC-G4","5v rail sm-easyedapro:LED0603-RD_GREEN","https://atta.szlcsc.com/upload/public/pdf/source/20240328/1E8DD16A94D1B62ECE930CA637B2D3DA.pdf","HONGLITRONIC(鸿利光电)","PSC-1608U50GC-G4","","钻孔1608高亮绿灯","Emitted Color:Green","",""
"LED7","19-217UYOC/S3112/TR8","5v rail sm-easyedapro:LED0603-RD","","EVERLIGHT(亿光)","19-217UYOC/S3112/TR8","","琥珀","Illumination Color:Amber Power(Watts):60mW Forward Current:5mA Wavelength - Dominant:605nm Wavelength - Dominant:605nm Peak Wavelength:611nm Diode Configuration:- Lens Color:Water Clear Color Temperature:- Color Temperature:- Viewing Angle:120° Mounting S","",""
"LED8","TJ-S1608SW6THBLC2R-A5","JLCImport:TJ-S1608SW6THBLC2R-A5","https://item.szlcsc.com/221679.html","TOGIALED(统佳)","TJ-S1608SW6THBLC2R-A5","C601667","","","",""
"LED9","XL-1608UOC-06","JLCImport:XL-1608UOC-06","https://lcsc.com/product-detail/Light-Emitting-Diodes-LED_Hubei-KENTO-Elec-0603-Green_C12624.html","XINGLIGHT(成兴光)","XL-1608UOC-06","C965800","","","",""
"nona101","~","5v rail sm-easyedapro:evilary","","","","","","","",""
"ONBOARD_3v1","PZ254V-11-02P","5v rail sm-easyedapro:HDR-TH_2P-P2.54-V-M","https://item.szlcsc.com/datasheet/PZ254V-11-02P/502957.html","XFCN(兴飞)","PZ254V-11-02P","","1x2P 间距:2.54mm 方针 直插","Pin Structure:1x2P Pitch:2.54mm Row Spacing:- Circluar Pins/Square Pins:Pin Header Mounting Type:Through Hole Number of Rows:1 Number of Pins:2P Current Rating:- Voltage Rating (Max):- Length of Mating Pin:6mm Insulation Height:2.5mm Length of End Connect","",""
"ONBOARD_3v101","PZ254V-11-02P","5v rail sm-easyedapro:HDR-TH_2P-P2.54-V-M","https://item.szlcsc.com/datasheet/PZ254V-11-02P/502957.html","XFCN(兴飞)","PZ254V-11-02P","","1x2P 间距:2.54mm 方针 直插","Pin Structure:1x2P Pitch:2.54mm Row Spacing:- Circluar Pins/Square Pins:Pin Header Mounting Type:Through Hole Number of Rows:1 Number of Pins:2P Current Rating:- Voltage Rating (Max):- Length of Mating Pin:6mm Insulation Height:2.5mm Length of End Connect","",""
"ONBOARD_5V1","PZ254V-11-02P","5v rail sm-easyedapro:HDR-TH_2P-P2.54-V-M","https://item.szlcsc.com/datasheet/PZ254V-11-02P/502957.html","XFCN(兴飞)","PZ254V-11-02P","","1x2P 间距:2.54mm 方针 直插","Pin Structure:1x2P Pitch:2.54mm Row Spacing:- Circluar Pins/Square Pins:Pin Header Mounting Type:Through Hole Number of Rows:1 Number of Pins:2P Current Rating:- Voltage Rating (Max):- Length of Mating Pin:6mm Insulation Height:2.5mm Length of End Connect","",""
"Q1","L2N7002SLLT1G","JLCImport:L2N7002SLLT1G","https://item.szlcsc.com/139341.html","LRC(乐山无线电)","L2N7002SLLT1G","C22446827","","","",""
"Q3","L2N7002SLLT1G","5v rail sm-easyedapro:SOT-23-3_L3.0-W1.7-P0.95-LS2.9-BR","https://atta.szlcsc.com/upload/public/pdf/source/20240529/804683F6F610BC810C43B61F364F3FCA.pdf","LRC(乐山无线电)","L2N7002SLLT1G","","1个N沟道 耐压:60V 电流:380mA","Type:1 N-channel Drain to Source Voltage:60V Current - Continuous Drain(Id): RDS(on):2.8Ω@10V,500mA Pd - Power Dissipation:300mW Gate Threshold Voltage (Vgs(th)@Id):- Gate Charge(Qg):440pC@4.5V Input Capacitance(Ciss@Vds):35pF@25V Reverse Transfer Capacit","",""
"Q9","DMP3028LK3-13","5v rail sm-easyedapro:TO-252-2_L6.6-W6.1-P4.58-LS9.9-TL","https://item.szlcsc.com/datasheet/DMP3028LK3-13/465507.html","DIODES(美台)","DMP3028LK3-13","","1个P沟道 耐压:30V 电流:27A","Number:1 P-Channel Drain to Source Voltage:30V Current - Continuous Drain(Id):27A RDS(on):25mΩ@10V,22A Pd - Power Dissipation:1.6W Gate Threshold Voltage (Vgs(th)):1V Gate Charge(Qg):22nC@10V Input Capacitance(Ciss):1.241nF@15V Reverse Transfer Capacitanc","",""
"Q10","L2N7002SLLT1G","5v rail sm-easyedapro:SOT-23-3_L3.0-W1.7-P0.95-LS2.9-BR","https://atta.szlcsc.com/upload/public/pdf/source/20240529/804683F6F610BC810C43B61F364F3FCA.pdf","LRC(乐山无线电)","L2N7002SLLT1G","","1个N沟道 耐压:60V 电流:380mA","Type:1 N-channel Drain to Source Voltage:60V Current - Continuous Drain(Id): RDS(on):2.8Ω@10V,500mA Pd - Power Dissipation:300mW Gate Threshold Voltage (Vgs(th)@Id):- Gate Charge(Qg):440pC@4.5V Input Capacitance(Ciss@Vds):35pF@25V Reverse Transfer Capacit","",""
"Q11","SIRA99DP-T1-GE3","JLCImport:SIRA99DP-T1-GE3","https://atta.szlcsc.com/upload/public/pdf/source/20180719/C241863_6D70112EF6FB285AD50169E19E4828EA.pdf","VISHAY(威世)","SIRA99DP-T1-GE3","C3289459","","","",""
"Q12","L2N7002SLLT1G","5v rail sm-easyedapro:SOT-23-3_L3.0-W1.7-P0.95-LS2.9-BR","https://atta.szlcsc.com/upload/public/pdf/source/20240529/804683F6F610BC810C43B61F364F3FCA.pdf","LRC(乐山无线电)","L2N7002SLLT1G","","1个N沟道 耐压:60V 电流:380mA","Type:1 N-channel Drain to Source Voltage:60V Current - Continuous Drain(Id): RDS(on):2.8Ω@10V,500mA Pd - Power Dissipation:300mW Gate Threshold Voltage (Vgs(th)@Id):- Gate Charge(Qg):440pC@4.5V Input Capacitance(Ciss@Vds):35pF@25V Reverse Transfer Capacit","",""
"Q13","IPT012N08N5(TOKMAS)","5v rail sm-easyedapro:HSOF-8_IPT007N06N","https://item.szlcsc.com/datasheet/IPT012N08N5(TOKMAS)/20912940.html","Tokmas(托克马斯)","IPT012N08N5(TOKMAS)","","1个N沟道 耐压:85V 电流:300A","Number:One N-channel Drain to Source Voltage:85V Current - Continuous Drain(Id):300A RDS(on):0.9mΩ Pd - Power Dissipation:500W Gate Threshold Voltage (Vgs(th)):2V Gate Charge(Qg):240nC@10V Input Capacitance(Ciss):14.49nF Reverse Transfer Capacitance (Crss","",""
"Q14","IPT012N08N5(TOKMAS)","5v rail sm-easyedapro:HSOF-8_IPT007N06N","https://item.szlcsc.com/datasheet/IPT012N08N5(TOKMAS)/20912940.html","Tokmas(托克马斯)","IPT012N08N5(TOKMAS)","","1个N沟道 耐压:85V 电流:300A","Number:One N-channel Drain to Source Voltage:85V Current - Continuous Drain(Id):300A RDS(on):0.9mΩ Pd - Power Dissipation:500W Gate Threshold Voltage (Vgs(th)):2V Gate Charge(Qg):240nC@10V Input Capacitance(Ciss):14.49nF Reverse Transfer Capacitance (Crss","",""
"Q15","ZXMP10A17GTA","5v rail sm-easyedapro:SOT-223-3_L6.5-W3.4-P2.30-LS7.0-BR","https://item.szlcsc.com/datasheet/ZXMP10A17GTA/33963.html","DIODES(美台)","ZXMP10A17GTA","","1个P沟道 耐压:100V 电流:1.9A","Number:1 P-Channel Drain to Source Voltage:100V Current - Continuous Drain(Id):2.4A RDS(on):450mΩ@6.0V Pd - Power Dissipation:2W Gate Threshold Voltage (Vgs(th)):4V@250uA Gate Charge(Qg):10.7nC@10V Input Capacitance(Ciss):424pF Reverse Transfer Capacitanc","",""
"Q16","BSS84AK,215","5v rail sm-easyedapro:SOT-23_L2.9-W1.3-P1.90-LS2.4-BR","https://atta.szlcsc.com/upload/public/pdf/source/20180126/C127273_15169558114491308848.pdf","Nexperia(安世)","BSS84AK,215","","1个P沟道 耐压:50V 电流:180mA","Type:1个PChannel Drain Source Voltage (Vdss): Continuous Drain Current (Id): Power Dissipation (Pd):； Drain Source On Resistance (RDS(on)@Vgs,Id):7.5Ω@10V,100mA Gate Threshold Voltage (Vgs(th)@Id):2.1V@250uA Total Gate Charge (Qg@Vgs):350pC@5V Input Capaci","",""
"Q17","BSS123NH6327","5v rail sm-easyedapro:SOT-23-3_L2.9-W1.3-P1.90-LS2.4-BR","https://item.szlcsc.com/datasheet/BSS123NH6327/5897597.html","Infineon(英飞凌)","BSS123NH6327","","1个N沟道 耐压:100V 电流:0.19A","Number:1 N-Channel Drain to Source Voltage:100V Current - Continuous Drain(Id):190mA RDS(on):6Ω@10V,0.19A Pd - Power Dissipation:500mW Gate Threshold Voltage (Vgs(th)):1.8V Gate Charge(Qg):900pC@10V Input Capacitance(Ciss):20.9pF@25V Reverse Transfer Capa","",""
"Q18","L2N7002SLLT1G","5v rail sm-easyedapro:SOT-23-3_L3.0-W1.7-P0.95-LS2.9-BR","https://atta.szlcsc.com/upload/public/pdf/source/20240529/804683F6F610BC810C43B61F364F3FCA.pdf","LRC(乐山无线电)","L2N7002SLLT1G","","1个N沟道 耐压:60V 电流:380mA","Type:1 N-channel Drain to Source Voltage:60V Current - Continuous Drain(Id): RDS(on):2.8Ω@10V,500mA Pd - Power Dissipation:300mW Gate Threshold Voltage (Vgs(th)@Id):- Gate Charge(Qg):440pC@4.5V Input Capacitance(Ciss@Vds):35pF@25V Reverse Transfer Capacit","",""
"Q19","CSD18563Q5A","JLCImport:CSD18563Q5A","https://atta.szlcsc.com/upload/public/pdf/source/20200113/C461954_2B67A8A51D2D89EB09DD73C2429BC8A9.pdf","TI(德州仪器)","CSD18563Q5A","C77239","","","",""
"Q20","CSD18563Q5A","JLCImport:CSD18563Q5A","https://atta.szlcsc.com/upload/public/pdf/source/20200113/C461954_2B67A8A51D2D89EB09DD73C2429BC8A9.pdf","TI(德州仪器)","CSD18563Q5A","C77239","","","",""
"Q21","CSD18563Q5A","JLCImport:CSD18563Q5A","https://atta.szlcsc.com/upload/public/pdf/source/20200113/C461954_2B67A8A51D2D89EB09DD73C2429BC8A9.pdf","TI(德州仪器)","CSD18563Q5A","C77239","","","",""
"Q22","CSD18563Q5A","JLCImport:CSD18563Q5A","https://atta.szlcsc.com/upload/public/pdf/source/20200113/C461954_2B67A8A51D2D89EB09DD73C2429BC8A9.pdf","TI(德州仪器)","CSD18563Q5A","C77239","","","",""
"Q23","CSD18563Q5A","JLCImport:CSD18563Q5A","https://atta.szlcsc.com/upload/public/pdf/source/20200113/C461954_2B67A8A51D2D89EB09DD73C2429BC8A9.pdf","TI(德州仪器)","CSD18563Q5A","C77239","","","",""
"Q24","CSD18563Q5A","JLCImport:CSD18563Q5A","https://atta.szlcsc.com/upload/public/pdf/source/20200113/C461954_2B67A8A51D2D89EB09DD73C2429BC8A9.pdf","TI(德州仪器)","CSD18563Q5A","C77239","","","",""
"Q602","AO4459","JLCImport:AO4459","https://item.szlcsc.com/299166.html","AOS","AO4459","C49047","","AO4459","",""
"R1","16mΩ","5v rail sm-easyedapro:R2512","","UNI-ROYAL(厚声)","LR123WF160MT4E","","16mΩ ±1% 3W","Type:Current Sensing Resistors Resistance: Tolerance:±1% Tolerance:±1% Power(Watts): Temperature Coefficient:±50ppm/°C Temperature Coefficient:±50ppm/°C Mounting Type:Patch","",""
"R2","0603WAF4701T5E","JLCImport:0603WAF4701T5E","https://www.mouser.in/datasheet/2/447/PYu_RT_1_to_0_01_RoHS_L_11-1669912.pdf","UNI-ROYAL(厚声)","0603WAF4701T5E","C23162","","4.7KΩ (4701) ±1%","",""
"R3","16mΩ","5v rail sm-easyedapro:R2512","","UNI-ROYAL(厚声)","LR123WF160MT4E","","16mΩ ±1% 3W","Type:Current Sensing Resistors Resistance: Tolerance:±1% Tolerance:±1% Power(Watts): Temperature Coefficient:±50ppm/°C Temperature Coefficient:±50ppm/°C Mounting Type:Patch","",""
"R4","FRC0603F1001TS","JLCImport:FRC0603F1001TS","https://www.mouser.in/datasheet/2/447/PYu_RT_1_to_0_01_RoHS_L_11-1669912.pdf","FOJAN(富捷)","FRC0603F1001TS","C2907002","","1kΩ ±1% 100mW 0603","",""
"R5","0603WAF1500T5E","JLCImport:0603WAF1500T5E","https://www.mouser.in/datasheet/2/447/PYu_RT_1_to_0_01_RoHS_L_11-1669912.pdf","UNI-ROYAL(厚声)","0603WAF1500T5E","C22808","","150Ω (1500) ±1%","",""
"R7","0603WAF4021T5E_C23040","JLCImport:0603WAF4021T5E_C23040","https://www.mouser.in/datasheet/2/447/PYu_RT_1_to_0_01_RoHS_L_11-1669912.pdf","UNI-ROYAL(厚声)","0603WAF4021T5E","C23040","","4.02kΩ ±1% 100mW 0603","",""
"R8","FRC0603F1001TS","JLCImport:FRC0603F1001TS","https://www.mouser.in/datasheet/2/447/PYu_RT_1_to_0_01_RoHS_L_11-1669912.pdf","FOJAN(富捷)","FRC0603F1001TS","C2907002","","1kΩ ±1% 100mW 0603","",""
"R9","16mΩ","5v rail sm-easyedapro:R2512","","UNI-ROYAL(厚声)","LR123WF160MT4E","","16mΩ ±1% 3W","Type:Current Sensing Resistors Resistance: Tolerance:±1% Tolerance:±1% Power(Watts): Temperature Coefficient:±50ppm/°C Temperature Coefficient:±50ppm/°C Mounting Type:Patch","",""
"R10","0603WAF4021T5E_C23040","JLCImport:0603WAF4021T5E_C23040","https://www.mouser.in/datasheet/2/447/PYu_RT_1_to_0_01_RoHS_L_11-1669912.pdf","UNI-ROYAL(厚声)","0603WAF4021T5E","C23040","","4.02kΩ ±1% 100mW 0603","",""
"R11","100kΩ","5v rail sm-easyedapro:R0603","","FOJAN(富捷)","FRC0603J104 TS","","100kΩ ±5% 100mW 厚膜电阻","Type:Thick Film Resistor Resistance:100kΩ Tolerance:±5% Tolerance:±5% Power(Watts):100mW Voltage-Supply(Max):75V Temperature Coefficient:±100ppm/°C Temperature Coefficient:±100ppm/°C Operating Temperature:-55°C~+155°C Operating Temperature:-55°C~+155°C","",""
"R12","0603WAF3401T5E","JLCImport:0603WAF3401T5E","https://www.mouser.in/datasheet/2/447/PYu_RT_1_to_0_01_RoHS_L_11-1669912.pdf","UNI-ROYAL(厚声)","0603WAF3401T5E","C22997","","3.4KΩ (3401) ±1%","",""
"R13","22k","Resistor_SMD:R_0603_1608Metric","~","","","","","Resistor","",""
"R14","22k","Resistor_SMD:R_0603_1608Metric","~","","","","","Resistor","",""
"R15","11.3kΩ","5v rail sm-easyedapro:R0603","https://item.szlcsc.com/datasheet/0603WAF1132T5E/23587.html","UNI-ROYAL(厚声)","0603WAF1132T5E","","11.3kΩ ±1% 100mW 厚膜电阻","Type:Thick Film Resistor Resistance:11.3kΩ Tolerance:±1% Tolerance:±1% Power(Watts):100mW Voltage-Supply(Max):75V Temperature Coefficient:±100ppm/°C Temperature Coefficient:±100ppm/°C Operating Temperature:-55°C~+155°C Operating Temperature:-55°C~+155°C","",""
"R16","RLM25FEER005","JLCImport:RLM25FEER005","https://item.szlcsc.com/347967.html","大毅科技","RLM25FEER005","C185817","","5mΩ ±1% 2W","",""
"R17","10kΩ","5v rail sm-easyedapro:R0603","https://item.szlcsc.com/datasheet/0603WAF1002T5E/26547.html","UNI-ROYAL(厚声)","0603WAF1002T5E","","厚膜电阻 10kΩ ±1% 100mW","Type:Thick Film Resistor Resistance:10kΩ Tolerance:±1% Tolerance:±1% Power(Watts):100mW Voltage-Supply(Max):75V Temperature Coefficient:±100ppm/°C Temperature Coefficient:±100ppm/°C Operating Temperature:-55°C~+155°C Operating Temperature:-55°C~+155°C","",""
"R18","1mΩ","5v rail sm-easyedapro:R3920","https://item.szlcsc.com/datasheet/PEWM3920F1L00K9/5925614.html","RESI(开步睿思)","PEWM3920F1L00K9","","1mΩ ±1% 8W","Type:Shunt Resistance:1mΩ Tolerance:±1% Tolerance:±1% Power(Watts):8W Temperature Coefficient:±100ppm/°C Temperature Coefficient:±100ppm/°C Mounting Type:Surface Mount","",""
"R19","10kΩ","5v rail sm-easyedapro:R0402","https://item.szlcsc.com/datasheet/0402WGF1002TCE/26487.html","UNI-ROYAL(厚声)","0402WGF1002TCE","","10kΩ ±1% 62.5mW 厚膜电阻","Type:Thick Film Resistor Resistance:10kΩ Tolerance:±1% Tolerance:±1% Power(Watts):62.5mW Voltage-Supply(Max):50V Temperature Coefficient:±100ppm/°C Temperature Coefficient:±100ppm/°C Operating Temperature:-55°C~+155°C Operating Temperature:-55°C~+155°C","",""
"R20","220","Resistor_SMD:R_0603_1608Metric","~","","","","","Resistor","",""
"R21","100kΩ","5v rail sm-easyedapro:R0603","","FOJAN(富捷)","FRC0603J104 TS","","100kΩ ±5% 100mW 厚膜电阻","Type:Thick Film Resistor Resistance:100kΩ Tolerance:±5% Tolerance:±5% Power(Watts):100mW Voltage-Supply(Max):75V Temperature Coefficient:±100ppm/°C Temperature Coefficient:±100ppm/°C Operating Temperature:-55°C~+155°C Operating Temperature:-55°C~+155°C","",""
"R51","4.7kΩ","5v rail sm-easyedapro:R0603","https://item.szlcsc.com/datasheet/0603WAF4701T5E/23889.html","UNI-ROYAL(厚声)","0603WAF4701T5E","","4.7kΩ ±1% 100mW 厚膜电阻","Type:Thick Film Resistor Resistance:4.7kΩ Tolerance:±1% Tolerance:±1% Power(Watts):100mW Voltage-Supply(Max):75V Temperature Coefficient:±100ppm/°C Temperature Coefficient:±100ppm/°C Operating Temperature:-55°C~+155°C Operating Temperature:-55°C~+155°C","",""
"R52","4.7kΩ","5v rail sm-easyedapro:R0603","https://item.szlcsc.com/datasheet/0603WAF4701T5E/23889.html","UNI-ROYAL(厚声)","0603WAF4701T5E","","4.7kΩ ±1% 100mW 厚膜电阻","Type:Thick Film Resistor Resistance:4.7kΩ Tolerance:±1% Tolerance:±1% Power(Watts):100mW Voltage-Supply(Max):75V Temperature Coefficient:±100ppm/°C Temperature Coefficient:±100ppm/°C Operating Temperature:-55°C~+155°C Operating Temperature:-55°C~+155°C","",""
"R69","2.2kΩ","5v rail sm-easyedapro:R0603","https://atta.szlcsc.com/upload/public/pdf/source/20200306/C422600_1E6D84923E4A46A82E41ADD87F860B5C.pdf","UNI-ROYAL(厚声)","0603WAF2201T5E","","2.2kΩ ±1% 100mW 厚膜电阻","Type:Thick Film Resistors Resistance:2.2kΩ Tolerance:±1% Tolerance:±1% Power(Watts): Overload Voltage (Max): Temperature Coefficient:±100ppm/°C Temperature Coefficient:±100ppm/°C Operating Temperature Range:-55°C~+155°C Operating Temperature Range:-55°C~+155°C","",""
"R71","2.2kΩ","5v rail sm-easyedapro:R0603","https://atta.szlcsc.com/upload/public/pdf/source/20200306/C422600_1E6D84923E4A46A82E41ADD87F860B5C.pdf","UNI-ROYAL(厚声)","0603WAF2201T5E","","2.2kΩ ±1% 100mW 厚膜电阻","Type:Thick Film Resistors Resistance:2.2kΩ Tolerance:±1% Tolerance:±1% Power(Watts): Overload Voltage (Max): Temperature Coefficient:±100ppm/°C Temperature Coefficient:±100ppm/°C Operating Temperature Range:-55°C~+155°C Operating Temperature Range:-55°C~+155°C","",""
"R73","0603WAF1000T5E","JLCImport:0603WAF1000T5E","https://www.mouser.in/datasheet/2/447/PYu_RT_1_to_0_01_RoHS_L_11-1669912.pdf","UNI-ROYAL(厚声)","0603WAF1000T5E","C22775","","100Ω (1000) ±1%","",""
"R74","10k","Resistor_SMD:R_0201_0603Metric","~","","","","","Resistor","",""
"R75","100kΩ","5v rail sm-easyedapro:R0603","https://item.szlcsc.com/datasheet/0603WAF1003T5E/26546.html","UNI-ROYAL(厚声)","0603WAF1003T5E","","100kΩ ±1% 100mW 厚膜电阻","Type:Thick Film Resistor Resistance:100kΩ Tolerance:±1% Tolerance:±1% Power(Watts):100mW Voltage-Supply(Max):75V Temperature Coefficient:±100ppm/°C Temperature Coefficient:±100ppm/°C Operating Temperature:-55°C~+155°C Operating Temperature:-55°C~+155°C","",""
"R76","5.76kΩ","5v rail sm-easyedapro:R0603","","FOJAN(富捷)","FRC0603F5761TS","","5.76kΩ ±1% 100mW 厚膜电阻","Type:Thick Film Resistor Resistance:5.76kΩ Tolerance:±1% Tolerance:±1% Power(Watts):100mW Voltage-Supply(Max):75V Temperature Coefficient:±100ppm/°C Temperature Coefficient:±100ppm/°C Operating Temperature:-55°C~+155°C Operating Temperature:-55°C~+155°C","",""
"R77","1kΩ","5v rail sm-easyedapro:R0402","https://item.szlcsc.com/datasheet/0402WGF1001TCE/12256.html","UNI-ROYAL(厚声)","0402WGF1001TCE","","1kΩ ±1% 62.5mW 厚膜电阻","Type:Thick Film Resistor Resistance:1kΩ Tolerance:±1% Tolerance:±1% Power(Watts):62.5mW Voltage-Supply(Max):50V Temperature Coefficient:±100ppm/°C Temperature Coefficient:±100ppm/°C Operating Temperature:-55°C~+155°C Operating Temperature:-55°C~+155°C","",""
"R78","100kΩ","5v rail sm-easyedapro:R0603","https://item.szlcsc.com/datasheet/0603WAF1003T5E/26546.html","UNI-ROYAL(厚声)","0603WAF1003T5E","","100kΩ ±1% 100mW 厚膜电阻","Type:Thick Film Resistor Resistance:100kΩ Tolerance:±1% Tolerance:±1% Power(Watts):100mW Voltage-Supply(Max):75V Temperature Coefficient:±100ppm/°C Temperature Coefficient:±100ppm/°C Operating Temperature:-55°C~+155°C Operating Temperature:-55°C~+155°C","",""
"R79","1kΩ","5v rail sm-easyedapro:R0402","https://item.szlcsc.com/datasheet/0402WGF1001TCE/12256.html","UNI-ROYAL(厚声)","0402WGF1001TCE","","1kΩ ±1% 62.5mW 厚膜电阻","Type:Thick Film Resistor Resistance:1kΩ Tolerance:±1% Tolerance:±1% Power(Watts):62.5mW Voltage-Supply(Max):50V Temperature Coefficient:±100ppm/°C Temperature Coefficient:±100ppm/°C Operating Temperature:-55°C~+155°C Operating Temperature:-55°C~+155°C","",""
"R80","10k","Resistor_SMD:R_0201_0603Metric","~","","","","","Resistor","",""
"R81","10kΩ","5v rail sm-easyedapro:R0402","https://item.szlcsc.com/datasheet/0402WGF1002TCE/26487.html","UNI-ROYAL(厚声)","0402WGF1002TCE","","10kΩ ±1% 62.5mW 厚膜电阻","Type:Thick Film Resistor Resistance:10kΩ Tolerance:±1% Tolerance:±1% Power(Watts):62.5mW Voltage-Supply(Max):50V Temperature Coefficient:±100ppm/°C Temperature Coefficient:±100ppm/°C Operating Temperature:-55°C~+155°C Operating Temperature:-55°C~+155°C","",""
"R82","0603WAF1000T5E","JLCImport:0603WAF1000T5E","https://www.mouser.in/datasheet/2/447/PYu_RT_1_to_0_01_RoHS_L_11-1669912.pdf","UNI-ROYAL(厚声)","0603WAF1000T5E","C22775","","100Ω (1000) ±1%","",""
"R83","1MΩ","5v rail sm-easyedapro:R0603","https://atta.szlcsc.com/upload/public/pdf/source/20200306/C422600_1E6D84923E4A46A82E41ADD87F860B5C.pdf","UNI-ROYAL(厚声)","0603WAF1004T5E","","1MΩ ±1% 100mW 厚膜电阻","Type:Thick Film Resistors Resistance:1MΩ Tolerance:±1% Tolerance:±1% Power(Watts): Overload Voltage (Max): Temperature Coefficient:±100ppm/°C Temperature Coefficient:±100ppm/°C Operating Temperature Range:-55°C~+155°C Operating Temperature Range:-55°C~+155°C","",""
"R85","120Ω","5v rail sm-easyedapro:R0402","https://item.szlcsc.com/datasheet/0402WGF1200TCE/25822.html","UNI-ROYAL(厚声)","0402WGF1200TCE","","120Ω ±1% 62.5mW 厚膜电阻","Type:Thick Film Resistor Resistance:120Ω Tolerance:±1% Tolerance:±1% Power(Watts):62.5mW Voltage-Supply(Max):50V Temperature Coefficient:±100ppm/°C Temperature Coefficient:±100ppm/°C Operating Temperature:-55°C~+155°C Operating Temperature:-55°C~+155°C","",""
"R86","60mΩ","5v rail sm-easyedapro:R2512","https://atta.szlcsc.com/upload/public/pdf/source/20211020/C6103334F76DC954DA6F525702694423.pdf","YAGEO(国巨)","PE2512FKE7W0R06L","","薄膜电阻 60mΩ ±1% 2W","Type:Thin Film Resistor Resistance: Tolerance:±1% Tolerance:±1% Power(Watts): Temperature Coefficient:±50ppm/°C Temperature Coefficient:±50ppm/°C Operating Temperature Range:-55°C~+170°C Operating Temperature Range:-55°C~+170°C","",""
"R88","105kΩ","5v rail sm-easyedapro:R0603","https://item.szlcsc.com/datasheet/FRC0603F1053TS/3279230.html","FOJAN(富捷)","FRC0603F1053TS","","105kΩ ±1% 100mW 厚膜电阻","Type:Thick Film Resistor Resistance:105kΩ Tolerance:±1% Tolerance:±1% Power(Watts):100mW Voltage-Supply(Max):75V Temperature Coefficient:±100ppm/°C Temperature Coefficient:±100ppm/°C Operating Temperature:-55°C~+155°C Operating Temperature:-55°C~+155°C","",""
"R89","24.9kΩ","5v rail sm-easyedapro:R0603","https://item.szlcsc.com/datasheet/FRC0603F2492TS/3267013.html","FOJAN(富捷)","FRC0603F2492TS","","24.9kΩ ±1% 100mW 厚膜电阻","Type:Thick Film Resistor Resistance:24.9kΩ Tolerance:±1% Tolerance:±1% Power(Watts):100mW Voltage-Supply(Max):75V Temperature Coefficient:±100ppm/°C Temperature Coefficient:±100ppm/°C Operating Temperature:-55°C~+155°C Operating Temperature:-55°C~+155°C","",""
"R90","100kΩ","5v rail sm-easyedapro:R0603","","FOJAN(富捷)","FRC0603J104 TS","","100kΩ ±5% 100mW 厚膜电阻","Type:Thick Film Resistor Resistance:100kΩ Tolerance:±5% Tolerance:±5% Power(Watts):100mW Voltage-Supply(Max):75V Temperature Coefficient:±100ppm/°C Temperature Coefficient:±100ppm/°C Operating Temperature:-55°C~+155°C Operating Temperature:-55°C~+155°C","",""
"R91","100Ω","5v rail sm-easyedapro:R0603","https://atta.szlcsc.com/upload/public/pdf/source/20200306/C422600_1E6D84923E4A46A82E41ADD87F860B5C.pdf","UNI-ROYAL(厚声)","0603WAF1000T5E","","100Ω ±1% 100mW 厚膜电阻","Type:Thick Film Resistors Resistance: Tolerance:±1% Tolerance:±1% Power(Watts): Overload Voltage (Max): Temperature Coefficient:±200ppm/°C Temperature Coefficient:±200ppm/°C Operating Temperature Range:-55°C~+155°C Operating Temperature Range:-55°C~+155°C","",""
"R92","100kΩ","5v rail sm-easyedapro:R0603","","FOJAN(富捷)","FRC0603J104 TS","","100kΩ ±5% 100mW 厚膜电阻","Type:Thick Film Resistor Resistance:100kΩ Tolerance:±5% Tolerance:±5% Power(Watts):100mW Voltage-Supply(Max):75V Temperature Coefficient:±100ppm/°C Temperature Coefficient:±100ppm/°C Operating Temperature:-55°C~+155°C Operating Temperature:-55°C~+155°C","",""
"R93","100Ω","5v rail sm-easyedapro:R0603","https://atta.szlcsc.com/upload/public/pdf/source/20200306/C422600_1E6D84923E4A46A82E41ADD87F860B5C.pdf","UNI-ROYAL(厚声)","0603WAF1000T5E","","100Ω ±1% 100mW 厚膜电阻","Type:Thick Film Resistors Resistance: Tolerance:±1% Tolerance:±1% Power(Watts): Overload Voltage (Max): Temperature Coefficient:±200ppm/°C Temperature Coefficient:±200ppm/°C Operating Temperature Range:-55°C~+155°C Operating Temperature Range:-55°C~+155°C","",""
"R94","100kΩ","5v rail sm-easyedapro:R0603","","FOJAN(富捷)","FRC0603J104 TS","","100kΩ ±5% 100mW 厚膜电阻","Type:Thick Film Resistor Resistance:100kΩ Tolerance:±5% Tolerance:±5% Power(Watts):100mW Voltage-Supply(Max):75V Temperature Coefficient:±100ppm/°C Temperature Coefficient:±100ppm/°C Operating Temperature:-55°C~+155°C Operating Temperature:-55°C~+155°C","",""
"R95","100Ω","5v rail sm-easyedapro:R0603","https://atta.szlcsc.com/upload/public/pdf/source/20200306/C422600_1E6D84923E4A46A82E41ADD87F860B5C.pdf","UNI-ROYAL(厚声)","0603WAF1000T5E","","100Ω ±1% 100mW 厚膜电阻","Type:Thick Film Resistors Resistance: Tolerance:±1% Tolerance:±1% Power(Watts): Overload Voltage (Max): Temperature Coefficient:±200ppm/°C Temperature Coefficient:±200ppm/°C Operating Temperature Range:-55°C~+155°C Operating Temperature Range:-55°C~+155°C","",""
"R96","10Ω","5v rail sm-easyedapro:R0402","https://item.szlcsc.com/datasheet/RC0402FR-0710RL/149382.html","YAGEO(国巨)","RC0402FR-0710RL","","厚膜电阻 10Ω ±1% 62.5mW","Type:Thick Film Resistor Resistance:10Ω Tolerance:±1% Tolerance:±1% Power(Watts):62.5mW Voltage-Supply(Max):50V Temperature Coefficient:±200ppm/°C Temperature Coefficient:±200ppm/°C Operating Temperature:-55°C~+155°C Operating Temperature:-55°C~+155°C","",""
"R97","10Ω","5v rail sm-easyedapro:R0402","https://item.szlcsc.com/datasheet/RC0402FR-0710RL/149382.html","YAGEO(国巨)","RC0402FR-0710RL","","厚膜电阻 10Ω ±1% 62.5mW","Type:Thick Film Resistor Resistance:10Ω Tolerance:±1% Tolerance:±1% Power(Watts):62.5mW Voltage-Supply(Max):50V Temperature Coefficient:±200ppm/°C Temperature Coefficient:±200ppm/°C Operating Temperature:-55°C~+155°C Operating Temperature:-55°C~+155°C","",""
"R98","10kΩ","5v rail sm-easyedapro:R0402","https://item.szlcsc.com/datasheet/0402WGF1002TCE/26487.html","UNI-ROYAL(厚声)","0402WGF1002TCE","","10kΩ ±1% 62.5mW 厚膜电阻","Type:Thick Film Resistor Resistance:10kΩ Tolerance:±1% Tolerance:±1% Power(Watts):62.5mW Voltage-Supply(Max):50V Temperature Coefficient:±100ppm/°C Temperature Coefficient:±100ppm/°C Operating Temperature:-55°C~+155°C Operating Temperature:-55°C~+155°C","",""
"R99","10Ω","5v rail sm-easyedapro:R0402","https://item.szlcsc.com/datasheet/RC0402FR-0710RL/149382.html","YAGEO(国巨)","RC0402FR-0710RL","","厚膜电阻 10Ω ±1% 62.5mW","Type:Thick Film Resistor Resistance:10Ω Tolerance:±1% Tolerance:±1% Power(Watts):62.5mW Voltage-Supply(Max):50V Temperature Coefficient:±200ppm/°C Temperature Coefficient:±200ppm/°C Operating Temperature:-55°C~+155°C Operating Temperature:-55°C~+155°C","",""
"R100","10Ω","5v rail sm-easyedapro:R0402","https://item.szlcsc.com/datasheet/RC0402FR-0710RL/149382.html","YAGEO(国巨)","RC0402FR-0710RL","","厚膜电阻 10Ω ±1% 62.5mW","Type:Thick Film Resistor Resistance:10Ω Tolerance:±1% Tolerance:±1% Power(Watts):62.5mW Voltage-Supply(Max):50V Temperature Coefficient:±200ppm/°C Temperature Coefficient:±200ppm/°C Operating Temperature:-55°C~+155°C Operating Temperature:-55°C~+155°C","",""
"R101","10Ω","5v rail sm-easyedapro:R0402","https://item.szlcsc.com/datasheet/RC0402FR-0710RL/149382.html","YAGEO(国巨)","RC0402FR-0710RL","","厚膜电阻 10Ω ±1% 62.5mW","Type:Thick Film Resistor Resistance:10Ω Tolerance:±1% Tolerance:±1% Power(Watts):62.5mW Voltage-Supply(Max):50V Temperature Coefficient:±200ppm/°C Temperature Coefficient:±200ppm/°C Operating Temperature:-55°C~+155°C Operating Temperature:-55°C~+155°C","",""
"R102","10Ω","5v rail sm-easyedapro:R0402","https://item.szlcsc.com/datasheet/RC0402FR-0710RL/149382.html","YAGEO(国巨)","RC0402FR-0710RL","","厚膜电阻 10Ω ±1% 62.5mW","Type:Thick Film Resistor Resistance:10Ω Tolerance:±1% Tolerance:±1% Power(Watts):62.5mW Voltage-Supply(Max):50V Temperature Coefficient:±200ppm/°C Temperature Coefficient:±200ppm/°C Operating Temperature:-55°C~+155°C Operating Temperature:-55°C~+155°C","",""
"R103","16mΩ","5v rail sm-easyedapro:R2512","","UNI-ROYAL(厚声)","LR123WF160MT4E","","16mΩ ±1% 3W","Type:Current Sensing Resistors Resistance: Tolerance:±1% Tolerance:±1% Power(Watts): Temperature Coefficient:±50ppm/°C Temperature Coefficient:±50ppm/°C Mounting Type:Patch","",""
"R104","16mΩ","5v rail sm-easyedapro:R2512","","UNI-ROYAL(厚声)","LR123WF160MT4E","","16mΩ ±1% 3W","Type:Current Sensing Resistors Resistance: Tolerance:±1% Tolerance:±1% Power(Watts): Temperature Coefficient:±50ppm/°C Temperature Coefficient:±50ppm/°C Mounting Type:Patch","",""
"R105","16mΩ","5v rail sm-easyedapro:R2512","","UNI-ROYAL(厚声)","LR123WF160MT4E","","16mΩ ±1% 3W","Type:Current Sensing Resistors Resistance: Tolerance:±1% Tolerance:±1% Power(Watts): Temperature Coefficient:±50ppm/°C Temperature Coefficient:±50ppm/°C Mounting Type:Patch","",""
"R106","100kΩ","5v rail sm-easyedapro:R0603","","FOJAN(富捷)","FRC0603J104 TS","","100kΩ ±5% 100mW 厚膜电阻","Type:Thick Film Resistor Resistance:100kΩ Tolerance:±5% Tolerance:±5% Power(Watts):100mW Voltage-Supply(Max):75V Temperature Coefficient:±100ppm/°C Temperature Coefficient:±100ppm/°C Operating Temperature:-55°C~+155°C Operating Temperature:-55°C~+155°C","",""
"R107","100Ω","5v rail sm-easyedapro:R0603","https://atta.szlcsc.com/upload/public/pdf/source/20200306/C422600_1E6D84923E4A46A82E41ADD87F860B5C.pdf","UNI-ROYAL(厚声)","0603WAF1000T5E","","100Ω ±1% 100mW 厚膜电阻","Type:Thick Film Resistors Resistance: Tolerance:±1% Tolerance:±1% Power(Watts): Overload Voltage (Max): Temperature Coefficient:±200ppm/°C Temperature Coefficient:±200ppm/°C Operating Temperature Range:-55°C~+155°C Operating Temperature Range:-55°C~+155°C","",""
"R108","0","Resistor_SMD:R_0603_1608Metric","~","","","","","Resistor","",""
"R109","36.5kΩ","5v rail sm-easyedapro:R0603","","FOJAN(富捷)","FRC0603F3652TS","","36.5kΩ ±1% 100mW 厚膜电阻","Type:Thick Film Resistor Resistance:36.5kΩ Tolerance:±1% Tolerance:±1% Power(Watts):100mW Voltage-Supply(Max):75V Temperature Coefficient:±100ppm/°C Temperature Coefficient:±100ppm/°C Operating Temperature:-55°C~+155°C Operating Temperature:-55°C~+155°C","",""
"R110","100kΩ","5v rail sm-easyedapro:R0603","https://item.szlcsc.com/datasheet/0603WAF1003T5E/26546.html","UNI-ROYAL(厚声)","0603WAF1003T5E","","100kΩ ±1% 100mW 厚膜电阻","Type:Thick Film Resistor Resistance:100kΩ Tolerance:±1% Tolerance:±1% Power(Watts):100mW Voltage-Supply(Max):75V Temperature Coefficient:±100ppm/°C Temperature Coefficient:±100ppm/°C Operating Temperature:-55°C~+155°C Operating Temperature:-55°C~+155°C","",""
"R111","11kΩ","5v rail sm-easyedapro:R0603","","FOJAN(富捷)","FRC0603F1102TS","","11kΩ ±1% 100mW 厚膜电阻","Type:Thick Film Resistor Resistance:11kΩ Tolerance:±1% Tolerance:±1% Power(Watts):100mW Voltage-Supply(Max):75V Temperature Coefficient:±100ppm/°C Temperature Coefficient:±100ppm/°C Operating Temperature:-55°C~+155°C Operating Temperature:-55°C~+155°C","",""
"R112","7mΩ","5v rail sm-easyedapro:R2512","https://item.szlcsc.com/datasheet/JER2512F3R007/51553032.html","JIERR(捷而瑞)","JER2512F3R007","","7mΩ 3W 2512 ±1%","Type:Current Sense Resistor Resistance:7mΩ Tolerance:±1% Tolerance:±1% Power(Watts):3W Temperature Coefficient:±50ppm/°C Temperature Coefficient:±50ppm/°C","",""
"R113","100kΩ","5v rail sm-easyedapro:R0603","","FOJAN(富捷)","FRC0603J104 TS","","100kΩ ±5% 100mW 厚膜电阻","Type:Thick Film Resistor Resistance:100kΩ Tolerance:±5% Tolerance:±5% Power(Watts):100mW Voltage-Supply(Max):75V Temperature Coefficient:±100ppm/°C Temperature Coefficient:±100ppm/°C Operating Temperature:-55°C~+155°C Operating Temperature:-55°C~+155°C","",""
"R114","100Ω","5v rail sm-easyedapro:R0603","https://atta.szlcsc.com/upload/public/pdf/source/20200306/C422600_1E6D84923E4A46A82E41ADD87F860B5C.pdf","UNI-ROYAL(厚声)","0603WAF1000T5E","","100Ω ±1% 100mW 厚膜电阻","Type:Thick Film Resistors Resistance: Tolerance:±1% Tolerance:±1% Power(Watts): Overload Voltage (Max): Temperature Coefficient:±200ppm/°C Temperature Coefficient:±200ppm/°C Operating Temperature Range:-55°C~+155°C Operating Temperature Range:-55°C~+155°C","",""
"R115","100kΩ","5v rail sm-easyedapro:R0603","","FOJAN(富捷)","FRC0603J104 TS","","100kΩ ±5% 100mW 厚膜电阻","Type:Thick Film Resistor Resistance:100kΩ Tolerance:±5% Tolerance:±5% Power(Watts):100mW Voltage-Supply(Max):75V Temperature Coefficient:±100ppm/°C Temperature Coefficient:±100ppm/°C Operating Temperature:-55°C~+155°C Operating Temperature:-55°C~+155°C","",""
"R116","100Ω","5v rail sm-easyedapro:R0603","https://atta.szlcsc.com/upload/public/pdf/source/20200306/C422600_1E6D84923E4A46A82E41ADD87F860B5C.pdf","UNI-ROYAL(厚声)","0603WAF1000T5E","","100Ω ±1% 100mW 厚膜电阻","Type:Thick Film Resistors Resistance: Tolerance:±1% Tolerance:±1% Power(Watts): Overload Voltage (Max): Temperature Coefficient:±200ppm/°C Temperature Coefficient:±200ppm/°C Operating Temperature Range:-55°C~+155°C Operating Temperature Range:-55°C~+155°C","",""
"R124","100kΩ","5v rail sm-easyedapro:R0603","","FOJAN(富捷)","FRC0603J104 TS","","100kΩ ±5% 100mW 厚膜电阻","Type:Thick Film Resistor Resistance:100kΩ Tolerance:±5% Tolerance:±5% Power(Watts):100mW Voltage-Supply(Max):75V Temperature Coefficient:±100ppm/°C Temperature Coefficient:±100ppm/°C Operating Temperature:-55°C~+155°C Operating Temperature:-55°C~+155°C","",""
"R125","100Ω","5v rail sm-easyedapro:R0603","https://atta.szlcsc.com/upload/public/pdf/source/20200306/C422600_1E6D84923E4A46A82E41ADD87F860B5C.pdf","UNI-ROYAL(厚声)","0603WAF1000T5E","","100Ω ±1% 100mW 厚膜电阻","Type:Thick Film Resistors Resistance: Tolerance:±1% Tolerance:±1% Power(Watts): Overload Voltage (Max): Temperature Coefficient:±200ppm/°C Temperature Coefficient:±200ppm/°C Operating Temperature Range:-55°C~+155°C Operating Temperature Range:-55°C~+155°C","",""
"R126","3.92kΩ","5v rail sm-easyedapro:R0603","https://item.szlcsc.com/datasheet/RC0603FR-073K92L/199659.html","YAGEO(国巨)","RC0603FR-073K92L","","厚膜电阻 3.92kΩ ±1% 100mW","Type:Thick Film Resistor Resistance:3.92kΩ Tolerance:±1% Tolerance:±1% Power(Watts):100mW Voltage-Supply(Max):75V Temperature Coefficient:±100ppm/°C Temperature Coefficient:±100ppm/°C Operating Temperature:-55°C~+155°C Operating Temperature:-55°C~+155°C","",""
"R127","1.58kΩ","5v rail sm-easyedapro:R0603","","FOJAN(富捷)","FRC0603F1581TS","","1.58kΩ ±1% 100mW 厚膜电阻","Type:Thick Film Resistor Resistance:1.58kΩ Tolerance:±1% Tolerance:±1% Power(Watts):100mW Voltage-Supply(Max):75V Temperature Coefficient:±100ppm/°C Temperature Coefficient:±100ppm/°C Operating Temperature:-55°C~+155°C Operating Temperature:-55°C~+155°C","",""
"R128","442kΩ","5v rail sm-easyedapro:R0603","","FOJAN(富捷)","FRH0603D4423TS","","442kΩ ±0.5% 100mW 厚膜电阻","Type:Thick Film Resistor Resistance:442kΩ Tolerance:±0.5% Tolerance:±0.5% Power(Watts):100mW Voltage-Supply(Max):75V Temperature Coefficient:±100ppm/°C Temperature Coefficient:±100ppm/°C Operating Temperature:-55°C~+155°C Operating Temperature:-55°C~+155°C","",""
"R129","11kΩ","5v rail sm-easyedapro:R0603","","FOJAN(富捷)","FRC0603F1102TS","","11kΩ ±1% 100mW 厚膜电阻","Type:Thick Film Resistor Resistance:11kΩ Tolerance:±1% Tolerance:±1% Power(Watts):100mW Voltage-Supply(Max):75V Temperature Coefficient:±100ppm/°C Temperature Coefficient:±100ppm/°C Operating Temperature:-55°C~+155°C Operating Temperature:-55°C~+155°C","",""
"R130","20kΩ","5v rail sm-easyedapro:R0603","https://item.szlcsc.com/datasheet/0603WAF2002T5E/4591.html","UNI-ROYAL(厚声)","0603WAF2002T5E","","20kΩ ±1% 100mW 厚膜电阻","Type:Thick Film Resistor Resistance:20kΩ Tolerance:±1% Tolerance:±1% Power(Watts):100mW Voltage-Supply(Max):75V Temperature Coefficient:±100ppm/°C Temperature Coefficient:±100ppm/°C Operating Temperature:-55°C~+155°C Operating Temperature:-55°C~+155°C","",""
"R131","100kΩ","5v rail sm-easyedapro:R0603","","FOJAN(富捷)","FRC0603J104 TS","","100kΩ ±5% 100mW 厚膜电阻","Type:Thick Film Resistor Resistance:100kΩ Tolerance:±5% Tolerance:±5% Power(Watts):100mW Voltage-Supply(Max):75V Temperature Coefficient:±100ppm/°C Temperature Coefficient:±100ppm/°C Operating Temperature:-55°C~+155°C Operating Temperature:-55°C~+155°C","",""
"R132","100kΩ","5v rail sm-easyedapro:R0603","","FOJAN(富捷)","FRC0603J104 TS","","100kΩ ±5% 100mW 厚膜电阻","Type:Thick Film Resistor Resistance:100kΩ Tolerance:±5% Tolerance:±5% Power(Watts):100mW Voltage-Supply(Max):75V Temperature Coefficient:±100ppm/°C Temperature Coefficient:±100ppm/°C Operating Temperature:-55°C~+155°C Operating Temperature:-55°C~+155°C","",""
"R133","19.1Ω","5v rail sm-easyedapro:R0603","https://item.szlcsc.com/datasheet/0603WAF191JT5E/23660.html","UNI-ROYAL(厚声)","0603WAF191JT5E","","19.1Ω ±1% 100mW 厚膜电阻","Type:Thick Film Resistor Resistance:19.1Ω Tolerance:±1% Tolerance:±1% Power(Watts):100mW Voltage-Supply(Max):75V Temperature Coefficient:±100ppm/°C Temperature Coefficient:±100ppm/°C Operating Temperature:-55°C~+155°C Operating Temperature:-55°C~+155°C","",""
"R134","21kΩ","5v rail sm-easyedapro:R0603","https://item.szlcsc.com/datasheet/0603WAF2102T5E/23683.html","UNI-ROYAL(厚声)","0603WAF2102T5E","","21kΩ ±1% 100mW 厚膜电阻","Type:Thick Film Resistor Resistance:21kΩ Tolerance:±1% Tolerance:±1% Power(Watts):100mW Voltage-Supply(Max):75V Temperature Coefficient:±100ppm/°C Temperature Coefficient:±100ppm/°C Operating Temperature:-55°C~+155°C Operating Temperature:-55°C~+155°C","",""
"R135","19.1kΩ","5v rail sm-easyedapro:R0805","","FOJAN(富捷)","FRC0805F1912TS","","19.1kΩ ±1% 125mW 厚膜电阻","Type:Thick Film Resistor Resistance:19.1kΩ Tolerance:±1% Tolerance:±1% Power(Watts):125mW Voltage-Supply(Max):150V Temperature Coefficient:±100ppm/°C Temperature Coefficient:±100ppm/°C Operating Temperature:-55°C~+155°C Operating Temperature:-55°C~+155°C","",""
"R136","909kΩ","5v rail sm-easyedapro:R0201","https://atta.szlcsc.com/upload/public/pdf/source/20140616/1457707091974.pdf","FH(风华)","RC-01W9093FT","","厚膜电阻 909kΩ ±1% 50mW","Type:Thick Film Resistors Resistance:909kΩ Tolerance:±1% Tolerance:±1% Power(Watts): Overload Voltage (Max): Temperature Coefficient:±200ppm/°C Temperature Coefficient:±200ppm/°C Operating Temperature Range:-55°C~+125°C Operating Temperature Range:-55°C~+125°C","",""
"R137","100kΩ","5v rail sm-easyedapro:R0603","","FOJAN(富捷)","FRC0603J104 TS","","100kΩ ±5% 100mW 厚膜电阻","Type:Thick Film Resistor Resistance:100kΩ Tolerance:±5% Tolerance:±5% Power(Watts):100mW Voltage-Supply(Max):75V Temperature Coefficient:±100ppm/°C Temperature Coefficient:±100ppm/°C Operating Temperature:-55°C~+155°C Operating Temperature:-55°C~+155°C","",""
"R138","909kΩ","5v rail sm-easyedapro:R0201","https://atta.szlcsc.com/upload/public/pdf/source/20140616/1457707091974.pdf","FH(风华)","RC-01W9093FT","","厚膜电阻 909kΩ ±1% 50mW","Type:Thick Film Resistors Resistance:909kΩ Tolerance:±1% Tolerance:±1% Power(Watts): Overload Voltage (Max): Temperature Coefficient:±200ppm/°C Temperature Coefficient:±200ppm/°C Operating Temperature Range:-55°C~+125°C Operating Temperature Range:-55°C~+125°C","",""
"R139","10Ω","5v rail sm-easyedapro:R0603","","FOJAN(富捷)","FRC0603J100 TS","","10Ω ±5% 100mW 厚膜电阻","Type:Thick Film Resistor Resistance:10Ω Tolerance:±5% Tolerance:±5% Power(Watts):100mW Voltage-Supply(Max):75V Temperature Coefficient:±100ppm/°C Temperature Coefficient:±100ppm/°C Operating Temperature:-55°C~+155°C Operating Temperature:-55°C~+155°C","",""
"R140","100kΩ","5v rail sm-easyedapro:R0201","https://atta.szlcsc.com/upload/public/pdf/source/20181009/C309620_DA5935B6E1D48212CB7A533FE518B3C2.pdf","YAGEO(国巨)","RC0201FR-07100KL","","厚膜电阻 100kΩ ±1% 50mW","Type:Thick Film Resistors Resistance: Tolerance:±1% Tolerance:±1% Power(Watts): Overload Voltage (Max): Temperature Coefficient:±200ppm/°C Temperature Coefficient:±200ppm/°C Operating Temperature Range:-55°C~+125°C Operating Temperature Range:-55°C~+125°C","",""
"R141","30kΩ","5v rail sm-easyedapro:R0603","","FOJAN(富捷)","FRC0603F3002TS","","30kΩ ±1% 100mW 厚膜电阻","Type:Thick Film Resistor Resistance:30kΩ Tolerance:±1% Tolerance:±1% Power(Watts):100mW Voltage-Supply(Max):75V Temperature Coefficient:±100ppm/°C Temperature Coefficient:±100ppm/°C Operating Temperature:-55°C~+155°C Operating Temperature:-55°C~+155°C","",""
"R142","10kΩ","5v rail sm-easyedapro:R0603","https://item.szlcsc.com/datasheet/0603WAF1002T5E/26547.html","UNI-ROYAL(厚声)","0603WAF1002T5E","","厚膜电阻 10kΩ ±1% 100mW","Type:Thick Film Resistor Resistance:10kΩ Tolerance:±1% Tolerance:±1% Power(Watts):100mW Voltage-Supply(Max):75V Temperature Coefficient:±100ppm/°C Temperature Coefficient:±100ppm/°C Operating Temperature:-55°C~+155°C Operating Temperature:-55°C~+155°C","",""
"R143","100kΩ","5v rail sm-easyedapro:R0603","","FOJAN(富捷)","FRC0603J104 TS","","100kΩ ±5% 100mW 厚膜电阻","Type:Thick Film Resistor Resistance:100kΩ Tolerance:±5% Tolerance:±5% Power(Watts):100mW Voltage-Supply(Max):75V Temperature Coefficient:±100ppm/°C Temperature Coefficient:±100ppm/°C Operating Temperature:-55°C~+155°C Operating Temperature:-55°C~+155°C","",""
"R144","47Ω","5v rail sm-easyedapro:R0603","https://atta.szlcsc.com/upload/public/pdf/source/20140616/1457707091974.pdf","FH(风华)","RS-03K47R0FT","","厚膜电阻 47Ω ±1% 100mW","Type:Thick Film Resistors Resistance: Tolerance:±1% Tolerance:±1% Power(Watts): Overload Voltage (Max): Temperature Coefficient:±100ppm/°C Temperature Coefficient:±100ppm/°C Operating Temperature Range:-55°C~+155°C Operating Temperature Range:-55°C~+155°C","",""
"R145","100kΩ","5v rail sm-easyedapro:R0603","","FOJAN(富捷)","FRC0603J104 TS","","100kΩ ±5% 100mW 厚膜电阻","Type:Thick Film Resistor Resistance:100kΩ Tolerance:±5% Tolerance:±5% Power(Watts):100mW Voltage-Supply(Max):75V Temperature Coefficient:±100ppm/°C Temperature Coefficient:±100ppm/°C Operating Temperature:-55°C~+155°C Operating Temperature:-55°C~+155°C","",""
"R146","4.7kΩ","5v rail sm-easyedapro:R0603","https://item.szlcsc.com/datasheet/0603WAF4701T5E/23889.html","UNI-ROYAL(厚声)","0603WAF4701T5E","","4.7kΩ ±1% 100mW 厚膜电阻","Type:Thick Film Resistor Resistance:4.7kΩ Tolerance:±1% Tolerance:±1% Power(Watts):100mW Voltage-Supply(Max):75V Temperature Coefficient:±100ppm/°C Temperature Coefficient:±100ppm/°C Operating Temperature:-55°C~+155°C Operating Temperature:-55°C~+155°C","",""
"R147","220Ω","5v rail sm-easyedapro:R0603","https://atta.szlcsc.com/upload/public/pdf/source/20200306/C422600_1E6D84923E4A46A82E41ADD87F860B5C.pdf","UNI-ROYAL(厚声)","0603WAF2200T5E","","220Ω ±1% 100mW 厚膜电阻","Type:Thick Film Resistors Resistance: Tolerance:±1% Tolerance:±1% Power(Watts): Overload Voltage (Max): Temperature Coefficient:±100ppm/°C Temperature Coefficient:±100ppm/°C Operating Temperature Range:-55°C~+155°C Operating Temperature Range:-55°C~+155°C","",""
"R148","100kΩ","5v rail sm-easyedapro:R0402","https://item.szlcsc.com/datasheet/0402WGF1003TCE/26484.html","UNI-ROYAL(厚声)","0402WGF1003TCE","","100kΩ ±1% 62.5mW 厚膜电阻","Type:Thick Film Resistor Resistance:100kΩ Tolerance:±1% Tolerance:±1% Power(Watts):62.5mW Voltage-Supply(Max):50V Temperature Coefficient:±100ppm/°C Temperature Coefficient:±100ppm/°C Operating Temperature:-55°C~+155°C Operating Temperature:-55°C~+155°C","",""
"R149","47","Resistor_SMD:R_0603_1608Metric","~","","","","","Resistor","",""
"R150","100kΩ","5v rail sm-easyedapro:R0603","","FOJAN(富捷)","FRC0603J104 TS","","100kΩ ±5% 100mW 厚膜电阻","Type:Thick Film Resistor Resistance:100kΩ Tolerance:±5% Tolerance:±5% Power(Watts):100mW Voltage-Supply(Max):75V Temperature Coefficient:±100ppm/°C Temperature Coefficient:±100ppm/°C Operating Temperature:-55°C~+155°C Operating Temperature:-55°C~+155°C","",""
"R151","100kΩ","5v rail sm-easyedapro:R0603","","FOJAN(富捷)","FRC0603J104 TS","","100kΩ ±5% 100mW 厚膜电阻","Type:Thick Film Resistor Resistance:100kΩ Tolerance:±5% Tolerance:±5% Power(Watts):100mW Voltage-Supply(Max):75V Temperature Coefficient:±100ppm/°C Temperature Coefficient:±100ppm/°C Operating Temperature:-55°C~+155°C Operating Temperature:-55°C~+155°C","",""
"R152","20kΩ","5v rail sm-easyedapro:R0603","https://item.szlcsc.com/datasheet/0603WAF2002T5E/4591.html","UNI-ROYAL(厚声)","0603WAF2002T5E","","20kΩ ±1% 100mW 厚膜电阻","Type:Thick Film Resistor Resistance:20kΩ Tolerance:±1% Tolerance:±1% Power(Watts):100mW Voltage-Supply(Max):75V Temperature Coefficient:±100ppm/°C Temperature Coefficient:±100ppm/°C Operating Temperature:-55°C~+155°C Operating Temperature:-55°C~+155°C","",""
"R153","23.2kΩ","5v rail sm-easyedapro:R0603","https://item.szlcsc.com/datasheet/0603WAF2322T5E/24079.html","UNI-ROYAL(厚声)","0603WAF2322T5E","","23.2kΩ ±1% 100mW 厚膜电阻","Type:Thick Film Resistor Resistance:23.2kΩ Tolerance:±1% Tolerance:±1% Power(Watts):100mW Voltage-Supply(Max):75V Temperature Coefficient:±100ppm/°C Temperature Coefficient:±100ppm/°C Operating Temperature:-55°C~+155°C Operating Temperature:-55°C~+155°C","",""
"R154","10kΩ","5v rail sm-easyedapro:R0603","https://item.szlcsc.com/datasheet/0603WAF1002T5E/26547.html","UNI-ROYAL(厚声)","0603WAF1002T5E","","厚膜电阻 10kΩ ±1% 100mW","Type:Thick Film Resistor Resistance:10kΩ Tolerance:±1% Tolerance:±1% Power(Watts):100mW Voltage-Supply(Max):75V Temperature Coefficient:±100ppm/°C Temperature Coefficient:±100ppm/°C Operating Temperature:-55°C~+155°C Operating Temperature:-55°C~+155°C","",""
"R155","100kΩ","5v rail sm-easyedapro:R0603","","FOJAN(富捷)","FRC0603J104 TS","","100kΩ ±5% 100mW 厚膜电阻","Type:Thick Film Resistor Resistance:100kΩ Tolerance:±5% Tolerance:±5% Power(Watts):100mW Voltage-Supply(Max):75V Temperature Coefficient:±100ppm/°C Temperature Coefficient:±100ppm/°C Operating Temperature:-55°C~+155°C Operating Temperature:-55°C~+155°C","",""
"R156","100kΩ","5v rail sm-easyedapro:R0603","","FOJAN(富捷)","FRC0603J104 TS","","100kΩ ±5% 100mW 厚膜电阻","Type:Thick Film Resistor Resistance:100kΩ Tolerance:±5% Tolerance:±5% Power(Watts):100mW Voltage-Supply(Max):75V Temperature Coefficient:±100ppm/°C Temperature Coefficient:±100ppm/°C Operating Temperature:-55°C~+155°C Operating Temperature:-55°C~+155°C","",""
"R157","15.8kΩ","5v rail sm-easyedapro:R0603","","FOJAN(富捷)","FRC0603F1582TS","","15.8kΩ ±1% 100mW 厚膜电阻","Type:Thick Film Resistor Resistance:15.8kΩ Tolerance:±1% Tolerance:±1% Power(Watts):100mW Voltage-Supply(Max):75V Temperature Coefficient:±100ppm/°C Temperature Coefficient:±100ppm/°C Operating Temperature:-55°C~+155°C Operating Temperature:-55°C~+155°C","",""
"R158","40.2kΩ","5v rail sm-easyedapro:R0603","https://atta.szlcsc.com/upload/public/pdf/source/20180821/C275644_0D56F95EFF785E7D9A1FEF436B37DA78.pdf","YAGEO(国巨)","RC0603FR-0740K2L","","厚膜电阻 40.2kΩ ±1% 100mW","Type:Thick Film Resistors Resistance: Tolerance:±1% Tolerance:±1% Power(Watts): Overload Voltage (Max): Temperature Coefficient:±100ppm/°C Temperature Coefficient:±100ppm/°C Operating Temperature Range:-55°C~+155°C Operating Temperature Range:-55°C~+155°C","",""
"R159","10kΩ","5v rail sm-easyedapro:R0603","https://item.szlcsc.com/datasheet/0603WAF1002T5E/26547.html","UNI-ROYAL(厚声)","0603WAF1002T5E","","厚膜电阻 10kΩ ±1% 100mW","Type:Thick Film Resistor Resistance:10kΩ Tolerance:±1% Tolerance:±1% Power(Watts):100mW Voltage-Supply(Max):75V Temperature Coefficient:±100ppm/°C Temperature Coefficient:±100ppm/°C Operating Temperature:-55°C~+155°C Operating Temperature:-55°C~+155°C","",""
"R160","10Ω","5v rail sm-easyedapro:R0402","https://item.szlcsc.com/datasheet/RC0402FR-0710RL/149382.html","YAGEO(国巨)","RC0402FR-0710RL","","厚膜电阻 10Ω ±1% 62.5mW","Type:Thick Film Resistor Resistance:10Ω Tolerance:±1% Tolerance:±1% Power(Watts):62.5mW Voltage-Supply(Max):50V Temperature Coefficient:±200ppm/°C Temperature Coefficient:±200ppm/°C Operating Temperature:-55°C~+155°C Operating Temperature:-55°C~+155°C","",""
"R161","10Ω","5v rail sm-easyedapro:R0402","https://item.szlcsc.com/datasheet/RC0402FR-0710RL/149382.html","YAGEO(国巨)","RC0402FR-0710RL","","厚膜电阻 10Ω ±1% 62.5mW","Type:Thick Film Resistor Resistance:10Ω Tolerance:±1% Tolerance:±1% Power(Watts):62.5mW Voltage-Supply(Max):50V Temperature Coefficient:±200ppm/°C Temperature Coefficient:±200ppm/°C Operating Temperature:-55°C~+155°C Operating Temperature:-55°C~+155°C","",""
"R162","10kΩ","5v rail sm-easyedapro:R0402","https://item.szlcsc.com/datasheet/0402WGF1002TCE/26487.html","UNI-ROYAL(厚声)","0402WGF1002TCE","","10kΩ ±1% 62.5mW 厚膜电阻","Type:Thick Film Resistor Resistance:10kΩ Tolerance:±1% Tolerance:±1% Power(Watts):62.5mW Voltage-Supply(Max):50V Temperature Coefficient:±100ppm/°C Temperature Coefficient:±100ppm/°C Operating Temperature:-55°C~+155°C Operating Temperature:-55°C~+155°C","",""
"R163","10Ω","5v rail sm-easyedapro:R0402","https://item.szlcsc.com/datasheet/RC0402FR-0710RL/149382.html","YAGEO(国巨)","RC0402FR-0710RL","","厚膜电阻 10Ω ±1% 62.5mW","Type:Thick Film Resistor Resistance:10Ω Tolerance:±1% Tolerance:±1% Power(Watts):62.5mW Voltage-Supply(Max):50V Temperature Coefficient:±200ppm/°C Temperature Coefficient:±200ppm/°C Operating Temperature:-55°C~+155°C Operating Temperature:-55°C~+155°C","",""
"R164","10Ω","5v rail sm-easyedapro:R0402","https://item.szlcsc.com/datasheet/RC0402FR-0710RL/149382.html","YAGEO(国巨)","RC0402FR-0710RL","","厚膜电阻 10Ω ±1% 62.5mW","Type:Thick Film Resistor Resistance:10Ω Tolerance:±1% Tolerance:±1% Power(Watts):62.5mW Voltage-Supply(Max):50V Temperature Coefficient:±200ppm/°C Temperature Coefficient:±200ppm/°C Operating Temperature:-55°C~+155°C Operating Temperature:-55°C~+155°C","",""
"R165","10Ω","5v rail sm-easyedapro:R0402","https://item.szlcsc.com/datasheet/RC0402FR-0710RL/149382.html","YAGEO(国巨)","RC0402FR-0710RL","","厚膜电阻 10Ω ±1% 62.5mW","Type:Thick Film Resistor Resistance:10Ω Tolerance:±1% Tolerance:±1% Power(Watts):62.5mW Voltage-Supply(Max):50V Temperature Coefficient:±200ppm/°C Temperature Coefficient:±200ppm/°C Operating Temperature:-55°C~+155°C Operating Temperature:-55°C~+155°C","",""
"R166","10Ω","5v rail sm-easyedapro:R0402","https://item.szlcsc.com/datasheet/RC0402FR-0710RL/149382.html","YAGEO(国巨)","RC0402FR-0710RL","","厚膜电阻 10Ω ±1% 62.5mW","Type:Thick Film Resistor Resistance:10Ω Tolerance:±1% Tolerance:±1% Power(Watts):62.5mW Voltage-Supply(Max):50V Temperature Coefficient:±200ppm/°C Temperature Coefficient:±200ppm/°C Operating Temperature:-55°C~+155°C Operating Temperature:-55°C~+155°C","",""
"R167","47Ω","5v rail sm-easyedapro:R0603","https://atta.szlcsc.com/upload/public/pdf/source/20140616/1457707091974.pdf","FH(风华)","RS-03K47R0FT","","厚膜电阻 47Ω ±1% 100mW","Type:Thick Film Resistors Resistance: Tolerance:±1% Tolerance:±1% Power(Watts): Overload Voltage (Max): Temperature Coefficient:±100ppm/°C Temperature Coefficient:±100ppm/°C Operating Temperature Range:-55°C~+155°C Operating Temperature Range:-55°C~+155°C","",""
"R168","100kΩ","5v rail sm-easyedapro:R0603","","FOJAN(富捷)","FRC0603J104 TS","","100kΩ ±5% 100mW 厚膜电阻","Type:Thick Film Resistor Resistance:100kΩ Tolerance:±5% Tolerance:±5% Power(Watts):100mW Voltage-Supply(Max):75V Temperature Coefficient:±100ppm/°C Temperature Coefficient:±100ppm/°C Operating Temperature:-55°C~+155°C Operating Temperature:-55°C~+155°C","",""
"R169","4.7kΩ","5v rail sm-easyedapro:R0603","https://item.szlcsc.com/datasheet/0603WAF4701T5E/23889.html","UNI-ROYAL(厚声)","0603WAF4701T5E","","4.7kΩ ±1% 100mW 厚膜电阻","Type:Thick Film Resistor Resistance:4.7kΩ Tolerance:±1% Tolerance:±1% Power(Watts):100mW Voltage-Supply(Max):75V Temperature Coefficient:±100ppm/°C Temperature Coefficient:±100ppm/°C Operating Temperature:-55°C~+155°C Operating Temperature:-55°C~+155°C","",""
"R170","47Ω","5v rail sm-easyedapro:R0603","https://atta.szlcsc.com/upload/public/pdf/source/20140616/1457707091974.pdf","FH(风华)","RS-03K47R0FT","","厚膜电阻 47Ω ±1% 100mW","Type:Thick Film Resistors Resistance: Tolerance:±1% Tolerance:±1% Power(Watts): Overload Voltage (Max): Temperature Coefficient:±100ppm/°C Temperature Coefficient:±100ppm/°C Operating Temperature Range:-55°C~+155°C Operating Temperature Range:-55°C~+155°C","",""
"R171","47Ω","5v rail sm-easyedapro:R0603","https://atta.szlcsc.com/upload/public/pdf/source/20140616/1457707091974.pdf","FH(风华)","RS-03K47R0FT","","厚膜电阻 47Ω ±1% 100mW","Type:Thick Film Resistors Resistance: Tolerance:±1% Tolerance:±1% Power(Watts): Overload Voltage (Max): Temperature Coefficient:±100ppm/°C Temperature Coefficient:±100ppm/°C Operating Temperature Range:-55°C~+155°C Operating Temperature Range:-55°C~+155°C","",""
"R172","20Ω","5v rail sm-easyedapro:R0603","","FOJAN(富捷)","FRC0603F20R0TS","","20Ω ±1% 100mW 厚膜电阻","Type:Thick Film Resistor Resistance:20Ω Tolerance:±1% Tolerance:±1% Power(Watts):100mW Voltage-Supply(Max):75V Temperature Coefficient:±100ppm/°C Temperature Coefficient:±100ppm/°C Operating Temperature:-55°C~+155°C Operating Temperature:-55°C~+155°C","",""
"R173","20Ω","5v rail sm-easyedapro:R0603","","FOJAN(富捷)","FRC0603F20R0TS","","20Ω ±1% 100mW 厚膜电阻","Type:Thick Film Resistor Resistance:20Ω Tolerance:±1% Tolerance:±1% Power(Watts):100mW Voltage-Supply(Max):75V Temperature Coefficient:±100ppm/°C Temperature Coefficient:±100ppm/°C Operating Temperature:-55°C~+155°C Operating Temperature:-55°C~+155°C","",""
"R174","20Ω","5v rail sm-easyedapro:R0603","","FOJAN(富捷)","FRC0603F20R0TS","","20Ω ±1% 100mW 厚膜电阻","Type:Thick Film Resistor Resistance:20Ω Tolerance:±1% Tolerance:±1% Power(Watts):100mW Voltage-Supply(Max):75V Temperature Coefficient:±100ppm/°C Temperature Coefficient:±100ppm/°C Operating Temperature:-55°C~+155°C Operating Temperature:-55°C~+155°C","",""
"R175","20Ω","5v rail sm-easyedapro:R0603","","FOJAN(富捷)","FRC0603F20R0TS","","20Ω ±1% 100mW 厚膜电阻","Type:Thick Film Resistor Resistance:20Ω Tolerance:±1% Tolerance:±1% Power(Watts):100mW Voltage-Supply(Max):75V Temperature Coefficient:±100ppm/°C Temperature Coefficient:±100ppm/°C Operating Temperature:-55°C~+155°C Operating Temperature:-55°C~+155°C","",""
"R176","47Ω","5v rail sm-easyedapro:R0603","https://atta.szlcsc.com/upload/public/pdf/source/20140616/1457707091974.pdf","FH(风华)","RS-03K47R0FT","","厚膜电阻 47Ω ±1% 100mW","Type:Thick Film Resistors Resistance: Tolerance:±1% Tolerance:±1% Power(Watts): Overload Voltage (Max): Temperature Coefficient:±100ppm/°C Temperature Coefficient:±100ppm/°C Operating Temperature Range:-55°C~+155°C Operating Temperature Range:-55°C~+155°C","",""
"R177","47Ω","5v rail sm-easyedapro:R0603","https://atta.szlcsc.com/upload/public/pdf/source/20140616/1457707091974.pdf","FH(风华)","RS-03K47R0FT","","厚膜电阻 47Ω ±1% 100mW","Type:Thick Film Resistors Resistance: Tolerance:±1% Tolerance:±1% Power(Watts): Overload Voltage (Max): Temperature Coefficient:±100ppm/°C Temperature Coefficient:±100ppm/°C Operating Temperature Range:-55°C~+155°C Operating Temperature Range:-55°C~+155°C","",""
"R178","47Ω","5v rail sm-easyedapro:R0603","https://atta.szlcsc.com/upload/public/pdf/source/20140616/1457707091974.pdf","FH(风华)","RS-03K47R0FT","","厚膜电阻 47Ω ±1% 100mW","Type:Thick Film Resistors Resistance: Tolerance:±1% Tolerance:±1% Power(Watts): Overload Voltage (Max): Temperature Coefficient:±100ppm/°C Temperature Coefficient:±100ppm/°C Operating Temperature Range:-55°C~+155°C Operating Temperature Range:-55°C~+155°C","",""
"R179","47Ω","5v rail sm-easyedapro:R0603","https://atta.szlcsc.com/upload/public/pdf/source/20140616/1457707091974.pdf","FH(风华)","RS-03K47R0FT","","厚膜电阻 47Ω ±1% 100mW","Type:Thick Film Resistors Resistance: Tolerance:±1% Tolerance:±1% Power(Watts): Overload Voltage (Max): Temperature Coefficient:±100ppm/°C Temperature Coefficient:±100ppm/°C Operating Temperature Range:-55°C~+155°C Operating Temperature Range:-55°C~+155°C","",""
"R180","47Ω","5v rail sm-easyedapro:R0603","https://atta.szlcsc.com/upload/public/pdf/source/20140616/1457707091974.pdf","FH(风华)","RS-03K47R0FT","","厚膜电阻 47Ω ±1% 100mW","Type:Thick Film Resistors Resistance: Tolerance:±1% Tolerance:±1% Power(Watts): Overload Voltage (Max): Temperature Coefficient:±100ppm/°C Temperature Coefficient:±100ppm/°C Operating Temperature Range:-55°C~+155°C Operating Temperature Range:-55°C~+155°C","",""
"R181","10kΩ","5v rail sm-easyedapro:R0402","https://item.szlcsc.com/datasheet/0402WGF1002TCE/26487.html","UNI-ROYAL(厚声)","0402WGF1002TCE","","10kΩ ±1% 62.5mW 厚膜电阻","Type:Thick Film Resistor Resistance:10kΩ Tolerance:±1% Tolerance:±1% Power(Watts):62.5mW Voltage-Supply(Max):50V Temperature Coefficient:±100ppm/°C Temperature Coefficient:±100ppm/°C Operating Temperature:-55°C~+155°C Operating Temperature:-55°C~+155°C","",""
"R182","10kΩ","5v rail sm-easyedapro:R0402","https://item.szlcsc.com/datasheet/0402WGF1002TCE/26487.html","UNI-ROYAL(厚声)","0402WGF1002TCE","","10kΩ ±1% 62.5mW 厚膜电阻","Type:Thick Film Resistor Resistance:10kΩ Tolerance:±1% Tolerance:±1% Power(Watts):62.5mW Voltage-Supply(Max):50V Temperature Coefficient:±100ppm/°C Temperature Coefficient:±100ppm/°C Operating Temperature:-55°C~+155°C Operating Temperature:-55°C~+155°C","",""
"R183","10kΩ","5v rail sm-easyedapro:R0402","https://item.szlcsc.com/datasheet/0402WGF1002TCE/26487.html","UNI-ROYAL(厚声)","0402WGF1002TCE","","10kΩ ±1% 62.5mW 厚膜电阻","Type:Thick Film Resistor Resistance:10kΩ Tolerance:±1% Tolerance:±1% Power(Watts):62.5mW Voltage-Supply(Max):50V Temperature Coefficient:±100ppm/°C Temperature Coefficient:±100ppm/°C Operating Temperature:-55°C~+155°C Operating Temperature:-55°C~+155°C","",""
"R184","10kΩ","5v rail sm-easyedapro:R0402","https://item.szlcsc.com/datasheet/0402WGF1002TCE/26487.html","UNI-ROYAL(厚声)","0402WGF1002TCE","","10kΩ ±1% 62.5mW 厚膜电阻","Type:Thick Film Resistor Resistance:10kΩ Tolerance:±1% Tolerance:±1% Power(Watts):62.5mW Voltage-Supply(Max):50V Temperature Coefficient:±100ppm/°C Temperature Coefficient:±100ppm/°C Operating Temperature:-55°C~+155°C Operating Temperature:-55°C~+155°C","",""
"R185","100Ω","5v rail sm-easyedapro:R0603","https://atta.szlcsc.com/upload/public/pdf/source/20200306/C422600_1E6D84923E4A46A82E41ADD87F860B5C.pdf","UNI-ROYAL(厚声)","0603WAF1000T5E","","100Ω ±1% 100mW 厚膜电阻","Type:Thick Film Resistors Resistance: Tolerance:±1% Tolerance:±1% Power(Watts): Overload Voltage (Max): Temperature Coefficient:±200ppm/°C Temperature Coefficient:±200ppm/°C Operating Temperature Range:-55°C~+155°C Operating Temperature Range:-55°C~+155°C","",""
"R186","10kΩ","5v rail sm-easyedapro:R0402","https://item.szlcsc.com/datasheet/0402WGF1002TCE/26487.html","UNI-ROYAL(厚声)","0402WGF1002TCE","","10kΩ ±1% 62.5mW 厚膜电阻","Type:Thick Film Resistor Resistance:10kΩ Tolerance:±1% Tolerance:±1% Power(Watts):62.5mW Voltage-Supply(Max):50V Temperature Coefficient:±100ppm/°C Temperature Coefficient:±100ppm/°C Operating Temperature:-55°C~+155°C Operating Temperature:-55°C~+155°C","",""
"R187","100Ω","5v rail sm-easyedapro:R0603","https://atta.szlcsc.com/upload/public/pdf/source/20200306/C422600_1E6D84923E4A46A82E41ADD87F860B5C.pdf","UNI-ROYAL(厚声)","0603WAF1000T5E","","100Ω ±1% 100mW 厚膜电阻","Type:Thick Film Resistors Resistance: Tolerance:±1% Tolerance:±1% Power(Watts): Overload Voltage (Max): Temperature Coefficient:±200ppm/°C Temperature Coefficient:±200ppm/°C Operating Temperature Range:-55°C~+155°C Operating Temperature Range:-55°C~+155°C","",""
"R188","10kΩ","5v rail sm-easyedapro:R0402","https://item.szlcsc.com/datasheet/0402WGF1002TCE/26487.html","UNI-ROYAL(厚声)","0402WGF1002TCE","","10kΩ ±1% 62.5mW 厚膜电阻","Type:Thick Film Resistor Resistance:10kΩ Tolerance:±1% Tolerance:±1% Power(Watts):62.5mW Voltage-Supply(Max):50V Temperature Coefficient:±100ppm/°C Temperature Coefficient:±100ppm/°C Operating Temperature:-55°C~+155°C Operating Temperature:-55°C~+155°C","",""
"R189","1mΩ","5v rail sm-easyedapro:R3920","https://item.szlcsc.com/datasheet/PEWM3920F1L00K9/5925614.html","RESI(开步睿思)","PEWM3920F1L00K9","","1mΩ ±1% 8W","Type:Shunt Resistance:1mΩ Tolerance:±1% Tolerance:±1% Power(Watts):8W Temperature Coefficient:±100ppm/°C Temperature Coefficient:±100ppm/°C Mounting Type:Surface Mount","",""
"R190","100Ω","5v rail sm-easyedapro:R1206","https://item.szlcsc.com/datasheet/1206W4F1000T5E/18589.html","UNI-ROYAL(厚声)","1206W4F1000T5E","","100Ω ±1% 250mW 厚膜电阻","Type:Thick Film Resistor Resistance:100Ω Tolerance:±1% Tolerance:±1% Power(Watts):250mW Voltage-Supply(Max):200V Temperature Coefficient:±100ppm/°C Temperature Coefficient:±100ppm/°C Operating Temperature:-55°C~+155°C Operating Temperature:-55°C~+155°C","",""
"R191","82kΩ","5v rail sm-easyedapro:R0603","","FOJAN(富捷)","FRC0603F8202TS","","82kΩ ±1% 100mW 厚膜电阻","Type:Thick Film Resistor Resistance:82kΩ Tolerance:±1% Tolerance:±1% Power(Watts):100mW Voltage-Supply(Max):75V Temperature Coefficient:±100ppm/°C Temperature Coefficient:±100ppm/°C Operating Temperature:-55°C~+155°C Operating Temperature:-55°C~+155°C","",""
"R192","100kΩ","5v rail sm-easyedapro:R0603","","FOJAN(富捷)","FRC0603J104 TS","","100kΩ ±5% 100mW 厚膜电阻","Type:Thick Film Resistor Resistance:100kΩ Tolerance:±5% Tolerance:±5% Power(Watts):100mW Voltage-Supply(Max):75V Temperature Coefficient:±100ppm/°C Temperature Coefficient:±100ppm/°C Operating Temperature:-55°C~+155°C Operating Temperature:-55°C~+155°C","",""
"R193","10kΩ","5v rail sm-easyedapro:R0603","https://item.szlcsc.com/datasheet/0603WAF1002T5E/26547.html","UNI-ROYAL(厚声)","0603WAF1002T5E","","厚膜电阻 10kΩ ±1% 100mW","Type:Thick Film Resistor Resistance:10kΩ Tolerance:±1% Tolerance:±1% Power(Watts):100mW Voltage-Supply(Max):75V Temperature Coefficient:±100ppm/°C Temperature Coefficient:±100ppm/°C Operating Temperature:-55°C~+155°C Operating Temperature:-55°C~+155°C","",""
"R194","10kΩ","5v rail sm-easyedapro:R0603","https://item.szlcsc.com/datasheet/0603WAF1002T5E/26547.html","UNI-ROYAL(厚声)","0603WAF1002T5E","","厚膜电阻 10kΩ ±1% 100mW","Type:Thick Film Resistor Resistance:10kΩ Tolerance:±1% Tolerance:±1% Power(Watts):100mW Voltage-Supply(Max):75V Temperature Coefficient:±100ppm/°C Temperature Coefficient:±100ppm/°C Operating Temperature:-55°C~+155°C Operating Temperature:-55°C~+155°C","",""
"R195","10kΩ","5v rail sm-easyedapro:R0603","https://item.szlcsc.com/datasheet/0603WAF1002T5E/26547.html","UNI-ROYAL(厚声)","0603WAF1002T5E","","厚膜电阻 10kΩ ±1% 100mW","Type:Thick Film Resistor Resistance:10kΩ Tolerance:±1% Tolerance:±1% Power(Watts):100mW Voltage-Supply(Max):75V Temperature Coefficient:±100ppm/°C Temperature Coefficient:±100ppm/°C Operating Temperature:-55°C~+155°C Operating Temperature:-55°C~+155°C","",""
"R196","100Ω","5v rail sm-easyedapro:R0603","https://atta.szlcsc.com/upload/public/pdf/source/20200306/C422600_1E6D84923E4A46A82E41ADD87F860B5C.pdf","UNI-ROYAL(厚声)","0603WAF1000T5E","","100Ω ±1% 100mW 厚膜电阻","Type:Thick Film Resistors Resistance: Tolerance:±1% Tolerance:±1% Power(Watts): Overload Voltage (Max): Temperature Coefficient:±200ppm/°C Temperature Coefficient:±200ppm/°C Operating Temperature Range:-55°C~+155°C Operating Temperature Range:-55°C~+155°C","",""
"R197","100Ω","5v rail sm-easyedapro:R0603","https://atta.szlcsc.com/upload/public/pdf/source/20200306/C422600_1E6D84923E4A46A82E41ADD87F860B5C.pdf","UNI-ROYAL(厚声)","0603WAF1000T5E","","100Ω ±1% 100mW 厚膜电阻","Type:Thick Film Resistors Resistance: Tolerance:±1% Tolerance:±1% Power(Watts): Overload Voltage (Max): Temperature Coefficient:±200ppm/°C Temperature Coefficient:±200ppm/°C Operating Temperature Range:-55°C~+155°C Operating Temperature Range:-55°C~+155°C","",""
"R198","10MΩ","5v rail sm-easyedapro:R0603","https://atta.szlcsc.com/upload/public/pdf/source/20200306/C422600_1E6D84923E4A46A82E41ADD87F860B5C.pdf","UNI-ROYAL(厚声)","0603WAF1005T5E","","10MΩ ±1% 100mW 厚膜电阻","Type:Thick Film Resistors Resistance:10MΩ Tolerance:±1% Tolerance:±1% Power(Watts): Overload Voltage (Max): Temperature Coefficient:±100ppm/°C Temperature Coefficient:±100ppm/°C Operating Temperature Range:-55°C~+155°C Operating Temperature Range:-55°C~+155°C","",""
"R199","47Ω","5v rail sm-easyedapro:R0603","","FOJAN(富捷)","FRC0603J470 TS","","47Ω ±5% 100mW 厚膜电阻","Type:Thick Film Resistor Resistance:47Ω Tolerance:±5% Tolerance:±5% Power(Watts):100mW Voltage-Supply(Max):75V Temperature Coefficient:±100ppm/°C Temperature Coefficient:±100ppm/°C Operating Temperature:-55°C~+155°C Operating Temperature:-55°C~+155°C","",""
"R200","1kΩ","5v rail sm-easyedapro:R0603","","FOJAN(富捷)","FRC0603F1001TS","","1kΩ ±1% 100mW 厚膜电阻","Type:Thick Film Resistor Resistance:1kΩ Tolerance:±1% Tolerance:±1% Power(Watts):100mW Voltage-Supply(Max):75V Temperature Coefficient:±100ppm/°C Temperature Coefficient:±100ppm/°C Operating Temperature:-55°C~+155°C Operating Temperature:-55°C~+155°C","",""
"R201","68kΩ","5v rail sm-easyedapro:R0603","https://item.szlcsc.com/datasheet/RC0603FR-0768KL/115877.html","YAGEO(国巨)","RC0603FR-0768KL","","厚膜电阻 68kΩ ±1% 100mW","Type:Thick Film Resistor Resistance:68kΩ Tolerance:±1% Tolerance:±1% Power(Watts):100mW Voltage-Supply(Max):75V Temperature Coefficient:±100ppm/°C Temperature Coefficient:±100ppm/°C Operating Temperature:-55°C~+155°C Operating Temperature:-55°C~+155°C","",""
"R202","1MΩ","5v rail sm-easyedapro:R0603","https://atta.szlcsc.com/upload/public/pdf/source/20181102/C105578_67A9388250AF143DE4682E62257D2969.pdf","YAGEO(国巨)","RC0603FR-071ML","","厚膜电阻 1MΩ ±1% 100mW","Type:Thick Film Resistors Resistance: Tolerance:±1% Tolerance:±1% Power(Watts): Overload Voltage (Max): Temperature Coefficient:±100ppm/°C Temperature Coefficient:±100ppm/°C Operating Temperature Range:-55°C~+155°C Operating Temperature Range:-55°C~+155°C","",""
"R203","47Ω","5v rail sm-easyedapro:R0603","","FOJAN(富捷)","FRC0603J470 TS","","47Ω ±5% 100mW 厚膜电阻","Type:Thick Film Resistor Resistance:47Ω Tolerance:±5% Tolerance:±5% Power(Watts):100mW Voltage-Supply(Max):75V Temperature Coefficient:±100ppm/°C Temperature Coefficient:±100ppm/°C Operating Temperature:-55°C~+155°C Operating Temperature:-55°C~+155°C","",""
"R204","68kΩ","5v rail sm-easyedapro:R0603","https://item.szlcsc.com/datasheet/0603WAF6802T5E/23958.html","UNI-ROYAL(厚声)","0603WAF6802T5E","","68kΩ ±1% 100mW 厚膜电阻","Type:Thick Film Resistor Resistance:68kΩ Tolerance:±1% Tolerance:±1% Power(Watts):100mW Voltage-Supply(Max):75V Temperature Coefficient:±100ppm/°C Temperature Coefficient:±100ppm/°C Operating Temperature:-55°C~+155°C Operating Temperature:-55°C~+155°C","",""
"R205","10MΩ","5v rail sm-easyedapro:R0603","https://atta.szlcsc.com/upload/public/pdf/source/20200306/C422600_1E6D84923E4A46A82E41ADD87F860B5C.pdf","UNI-ROYAL(厚声)","0603WAF1005T5E","","10MΩ ±1% 100mW 厚膜电阻","Type:Thick Film Resistors Resistance:10MΩ Tolerance:±1% Tolerance:±1% Power(Watts): Overload Voltage (Max): Temperature Coefficient:±100ppm/°C Temperature Coefficient:±100ppm/°C Operating Temperature Range:-55°C~+155°C Operating Temperature Range:-55°C~+155°C","",""
"R206","40Ω","5v rail sm-easyedapro:TO-263-2_L10.1-W8.8-P5.08-LS15.4-TL","https://item.szlcsc.com/datasheet/PWR263S-35-40R0J/1446902.html","BOURNS","PWR263S-35-40R0J","","厚膜电阻 40Ω ±5% 35W","Type:Thick Film Resistor Resistance:40Ω Tolerance:±5% Tolerance:±5% Power(Watts):35W Voltage-Supply(Max):- Temperature Coefficient:±100ppm/°C Temperature Coefficient:±100ppm/°C Operating Temperature:-55°C~+155°C Operating Temperature:-55°C~+155°C","",""
"R207","SEWF3920F1L00P9","JLCImport:SEWF3920F1L00P9","https://item.szlcsc.com/836035.html","RESI(开步睿思)","SEWF3920F1L00P9","C5224161","","RES 1mΩ ±1% 8W 3920","",""
"R208","47Ω","5v rail sm-easyedapro:R0603","","FOJAN(富捷)","FRC0603J470 TS","","47Ω ±5% 100mW 厚膜电阻","Type:Thick Film Resistor Resistance:47Ω Tolerance:±5% Tolerance:±5% Power(Watts):100mW Voltage-Supply(Max):75V Temperature Coefficient:±100ppm/°C Temperature Coefficient:±100ppm/°C Operating Temperature:-55°C~+155°C Operating Temperature:-55°C~+155°C","",""
"R209","470Ω","5v rail sm-easyedapro:R0603","","FOJAN(富捷)","FRC0603J471 TS","","470Ω ±5% 100mW 厚膜电阻","Type:Thick Film Resistor Resistance:470Ω Tolerance:±5% Tolerance:±5% Power(Watts):100mW Voltage-Supply(Max):75V Temperature Coefficient:±100ppm/°C Temperature Coefficient:±100ppm/°C Operating Temperature:-55°C~+155°C Operating Temperature:-55°C~+155°C","",""
"R210","10MΩ","5v rail sm-easyedapro:R0603","https://atta.szlcsc.com/upload/public/pdf/source/20200306/C422600_1E6D84923E4A46A82E41ADD87F860B5C.pdf","UNI-ROYAL(厚声)","0603WAF1005T5E","","10MΩ ±1% 100mW 厚膜电阻","Type:Thick Film Resistors Resistance:10MΩ Tolerance:±1% Tolerance:±1% Power(Watts): Overload Voltage (Max): Temperature Coefficient:±100ppm/°C Temperature Coefficient:±100ppm/°C Operating Temperature Range:-55°C~+155°C Operating Temperature Range:-55°C~+155°C","",""
"R211","10kΩ","5v rail sm-easyedapro:R0603","https://item.szlcsc.com/datasheet/0603WAF1002T5E/26547.html","UNI-ROYAL(厚声)","0603WAF1002T5E","","厚膜电阻 10kΩ ±1% 100mW","Type:Thick Film Resistor Resistance:10kΩ Tolerance:±1% Tolerance:±1% Power(Watts):100mW Voltage-Supply(Max):75V Temperature Coefficient:±100ppm/°C Temperature Coefficient:±100ppm/°C Operating Temperature:-55°C~+155°C Operating Temperature:-55°C~+155°C","",""
"R212","4.7k","Resistor_SMD:R_0603_1608Metric","~","","","","","Resistor","",""
"R213","100kΩ","5v rail sm-easyedapro:R0603","","FOJAN(富捷)","FRC0603J104 TS","","100kΩ ±5% 100mW 厚膜电阻","Type:Thick Film Resistor Resistance:100kΩ Tolerance:±5% Tolerance:±5% Power(Watts):100mW Voltage-Supply(Max):75V Temperature Coefficient:±100ppm/°C Temperature Coefficient:±100ppm/°C Operating Temperature:-55°C~+155°C Operating Temperature:-55°C~+155°C","",""
"R214","100kΩ","5v rail sm-easyedapro:R0603","","FOJAN(富捷)","FRC0603J104 TS","","100kΩ ±5% 100mW 厚膜电阻","Type:Thick Film Resistor Resistance:100kΩ Tolerance:±5% Tolerance:±5% Power(Watts):100mW Voltage-Supply(Max):75V Temperature Coefficient:±100ppm/°C Temperature Coefficient:±100ppm/°C Operating Temperature:-55°C~+155°C Operating Temperature:-55°C~+155°C","",""
"R215","5.1kΩ","5v rail sm-easyedapro:R0603","","FOJAN(富捷)","FRC0603F5101TS","","5.1kΩ ±1% 100mW 厚膜电阻","Type:Thick Film Resistor Resistance:5.1kΩ Tolerance:±1% Tolerance:±1% Power(Watts):100mW Voltage-Supply(Max):75V Temperature Coefficient:±100ppm/°C Temperature Coefficient:±100ppm/°C Operating Temperature:-55°C~+155°C Operating Temperature:-55°C~+155°C","",""
"R216","5.1kΩ","5v rail sm-easyedapro:R0603","","FOJAN(富捷)","FRC0603F5101TS","","5.1kΩ ±1% 100mW 厚膜电阻","Type:Thick Film Resistor Resistance:5.1kΩ Tolerance:±1% Tolerance:±1% Power(Watts):100mW Voltage-Supply(Max):75V Temperature Coefficient:±100ppm/°C Temperature Coefficient:±100ppm/°C Operating Temperature:-55°C~+155°C Operating Temperature:-55°C~+155°C","",""
"R233","47Ω","5v rail sm-easyedapro:R0603","https://atta.szlcsc.com/upload/public/pdf/source/20140616/1457707091974.pdf","FH(风华)","RS-03K47R0FT","","厚膜电阻 47Ω ±1% 100mW","Type:Thick Film Resistors Resistance: Tolerance:±1% Tolerance:±1% Power(Watts): Overload Voltage (Max): Temperature Coefficient:±100ppm/°C Temperature Coefficient:±100ppm/°C Operating Temperature Range:-55°C~+155°C Operating Temperature Range:-55°C~+155°C","",""
"R241","10kΩ","5v rail sm-easyedapro:R0402","https://item.szlcsc.com/datasheet/0402WGF1002TCE/26487.html","UNI-ROYAL(厚声)","0402WGF1002TCE","","10kΩ ±1% 62.5mW 厚膜电阻","Type:Thick Film Resistor Resistance:10kΩ Tolerance:±1% Tolerance:±1% Power(Watts):62.5mW Voltage-Supply(Max):50V Temperature Coefficient:±100ppm/°C Temperature Coefficient:±100ppm/°C Operating Temperature:-55°C~+155°C Operating Temperature:-55°C~+155°C","",""
"R242","10kΩ","5v rail sm-easyedapro:R0402","https://item.szlcsc.com/datasheet/0402WGF1002TCE/26487.html","UNI-ROYAL(厚声)","0402WGF1002TCE","","10kΩ ±1% 62.5mW 厚膜电阻","Type:Thick Film Resistor Resistance:10kΩ Tolerance:±1% Tolerance:±1% Power(Watts):62.5mW Voltage-Supply(Max):50V Temperature Coefficient:±100ppm/°C Temperature Coefficient:±100ppm/°C Operating Temperature:-55°C~+155°C Operating Temperature:-55°C~+155°C","",""
"R243","10kΩ","5v rail sm-easyedapro:R0402","https://item.szlcsc.com/datasheet/0402WGF1002TCE/26487.html","UNI-ROYAL(厚声)","0402WGF1002TCE","","10kΩ ±1% 62.5mW 厚膜电阻","Type:Thick Film Resistor Resistance:10kΩ Tolerance:±1% Tolerance:±1% Power(Watts):62.5mW Voltage-Supply(Max):50V Temperature Coefficient:±100ppm/°C Temperature Coefficient:±100ppm/°C Operating Temperature:-55°C~+155°C Operating Temperature:-55°C~+155°C","",""
"R260","47Ω","5v rail sm-easyedapro:R0603","https://atta.szlcsc.com/upload/public/pdf/source/20140616/1457707091974.pdf","FH(风华)","RS-03K47R0FT","","厚膜电阻 47Ω ±1% 100mW","Type:Thick Film Resistors Resistance: Tolerance:±1% Tolerance:±1% Power(Watts): Overload Voltage (Max): Temperature Coefficient:±100ppm/°C Temperature Coefficient:±100ppm/°C Operating Temperature Range:-55°C~+155°C Operating Temperature Range:-55°C~+155°C","",""
"R268","10kΩ","5v rail sm-easyedapro:R0402","https://item.szlcsc.com/datasheet/0402WGF1002TCE/26487.html","UNI-ROYAL(厚声)","0402WGF1002TCE","","10kΩ ±1% 62.5mW 厚膜电阻","Type:Thick Film Resistor Resistance:10kΩ Tolerance:±1% Tolerance:±1% Power(Watts):62.5mW Voltage-Supply(Max):50V Temperature Coefficient:±100ppm/°C Temperature Coefficient:±100ppm/°C Operating Temperature:-55°C~+155°C Operating Temperature:-55°C~+155°C","",""
"R269","10kΩ","5v rail sm-easyedapro:R0402","https://item.szlcsc.com/datasheet/0402WGF1002TCE/26487.html","UNI-ROYAL(厚声)","0402WGF1002TCE","","10kΩ ±1% 62.5mW 厚膜电阻","Type:Thick Film Resistor Resistance:10kΩ Tolerance:±1% Tolerance:±1% Power(Watts):62.5mW Voltage-Supply(Max):50V Temperature Coefficient:±100ppm/°C Temperature Coefficient:±100ppm/°C Operating Temperature:-55°C~+155°C Operating Temperature:-55°C~+155°C","",""
"R301","47Ω","5v rail sm-easyedapro:R0603","https://atta.szlcsc.com/upload/public/pdf/source/20140616/1457707091974.pdf","FH(风华)","RS-03K47R0FT","","厚膜电阻 47Ω ±1% 100mW","Type:Thick Film Resistors Resistance: Tolerance:±1% Tolerance:±1% Power(Watts): Overload Voltage (Max): Temperature Coefficient:±100ppm/°C Temperature Coefficient:±100ppm/°C Operating Temperature Range:-55°C~+155°C Operating Temperature Range:-55°C~+155°C","",""
"R302","47Ω","5v rail sm-easyedapro:R0603","https://atta.szlcsc.com/upload/public/pdf/source/20140616/1457707091974.pdf","FH(风华)","RS-03K47R0FT","","厚膜电阻 47Ω ±1% 100mW","Type:Thick Film Resistors Resistance: Tolerance:±1% Tolerance:±1% Power(Watts): Overload Voltage (Max): Temperature Coefficient:±100ppm/°C Temperature Coefficient:±100ppm/°C Operating Temperature Range:-55°C~+155°C Operating Temperature Range:-55°C~+155°C","",""
"R303","47Ω","5v rail sm-easyedapro:R0603","https://atta.szlcsc.com/upload/public/pdf/source/20140616/1457707091974.pdf","FH(风华)","RS-03K47R0FT","","厚膜电阻 47Ω ±1% 100mW","Type:Thick Film Resistors Resistance: Tolerance:±1% Tolerance:±1% Power(Watts): Overload Voltage (Max): Temperature Coefficient:±100ppm/°C Temperature Coefficient:±100ppm/°C Operating Temperature Range:-55°C~+155°C Operating Temperature Range:-55°C~+155°C","",""
"R304","47Ω","5v rail sm-easyedapro:R0603","https://atta.szlcsc.com/upload/public/pdf/source/20140616/1457707091974.pdf","FH(风华)","RS-03K47R0FT","","厚膜电阻 47Ω ±1% 100mW","Type:Thick Film Resistors Resistance: Tolerance:±1% Tolerance:±1% Power(Watts): Overload Voltage (Max): Temperature Coefficient:±100ppm/°C Temperature Coefficient:±100ppm/°C Operating Temperature Range:-55°C~+155°C Operating Temperature Range:-55°C~+155°C","",""
"R305","47Ω","5v rail sm-easyedapro:R0603","https://atta.szlcsc.com/upload/public/pdf/source/20140616/1457707091974.pdf","FH(风华)","RS-03K47R0FT","","厚膜电阻 47Ω ±1% 100mW","Type:Thick Film Resistors Resistance: Tolerance:±1% Tolerance:±1% Power(Watts): Overload Voltage (Max): Temperature Coefficient:±100ppm/°C Temperature Coefficient:±100ppm/°C Operating Temperature Range:-55°C~+155°C Operating Temperature Range:-55°C~+155°C","",""
"R306","47Ω","5v rail sm-easyedapro:R0603","https://atta.szlcsc.com/upload/public/pdf/source/20140616/1457707091974.pdf","FH(风华)","RS-03K47R0FT","","厚膜电阻 47Ω ±1% 100mW","Type:Thick Film Resistors Resistance: Tolerance:±1% Tolerance:±1% Power(Watts): Overload Voltage (Max): Temperature Coefficient:±100ppm/°C Temperature Coefficient:±100ppm/°C Operating Temperature Range:-55°C~+155°C Operating Temperature Range:-55°C~+155°C","",""
"R307","47Ω","5v rail sm-easyedapro:R0603","https://atta.szlcsc.com/upload/public/pdf/source/20140616/1457707091974.pdf","FH(风华)","RS-03K47R0FT","","厚膜电阻 47Ω ±1% 100mW","Type:Thick Film Resistors Resistance: Tolerance:±1% Tolerance:±1% Power(Watts): Overload Voltage (Max): Temperature Coefficient:±100ppm/°C Temperature Coefficient:±100ppm/°C Operating Temperature Range:-55°C~+155°C Operating Temperature Range:-55°C~+155°C","",""
"R308","47Ω","5v rail sm-easyedapro:R0603","https://atta.szlcsc.com/upload/public/pdf/source/20140616/1457707091974.pdf","FH(风华)","RS-03K47R0FT","","厚膜电阻 47Ω ±1% 100mW","Type:Thick Film Resistors Resistance: Tolerance:±1% Tolerance:±1% Power(Watts): Overload Voltage (Max): Temperature Coefficient:±100ppm/°C Temperature Coefficient:±100ppm/°C Operating Temperature Range:-55°C~+155°C Operating Temperature Range:-55°C~+155°C","",""
"R309","47Ω","5v rail sm-easyedapro:R0603","https://atta.szlcsc.com/upload/public/pdf/source/20140616/1457707091974.pdf","FH(风华)","RS-03K47R0FT","","厚膜电阻 47Ω ±1% 100mW","Type:Thick Film Resistors Resistance: Tolerance:±1% Tolerance:±1% Power(Watts): Overload Voltage (Max): Temperature Coefficient:±100ppm/°C Temperature Coefficient:±100ppm/°C Operating Temperature Range:-55°C~+155°C Operating Temperature Range:-55°C~+155°C","",""
"R310","47Ω","5v rail sm-easyedapro:R0603","https://atta.szlcsc.com/upload/public/pdf/source/20140616/1457707091974.pdf","FH(风华)","RS-03K47R0FT","","厚膜电阻 47Ω ±1% 100mW","Type:Thick Film Resistors Resistance: Tolerance:±1% Tolerance:±1% Power(Watts): Overload Voltage (Max): Temperature Coefficient:±100ppm/°C Temperature Coefficient:±100ppm/°C Operating Temperature Range:-55°C~+155°C Operating Temperature Range:-55°C~+155°C","",""
"R311","47Ω","5v rail sm-easyedapro:R0603","https://atta.szlcsc.com/upload/public/pdf/source/20140616/1457707091974.pdf","FH(风华)","RS-03K47R0FT","","厚膜电阻 47Ω ±1% 100mW","Type:Thick Film Resistors Resistance: Tolerance:±1% Tolerance:±1% Power(Watts): Overload Voltage (Max): Temperature Coefficient:±100ppm/°C Temperature Coefficient:±100ppm/°C Operating Temperature Range:-55°C~+155°C Operating Temperature Range:-55°C~+155°C","",""
"R312","47Ω","5v rail sm-easyedapro:R0603","https://atta.szlcsc.com/upload/public/pdf/source/20140616/1457707091974.pdf","FH(风华)","RS-03K47R0FT","","厚膜电阻 47Ω ±1% 100mW","Type:Thick Film Resistors Resistance: Tolerance:±1% Tolerance:±1% Power(Watts): Overload Voltage (Max): Temperature Coefficient:±100ppm/°C Temperature Coefficient:±100ppm/°C Operating Temperature Range:-55°C~+155°C Operating Temperature Range:-55°C~+155°C","",""
"R313","47Ω","5v rail sm-easyedapro:R0603","https://atta.szlcsc.com/upload/public/pdf/source/20140616/1457707091974.pdf","FH(风华)","RS-03K47R0FT","","厚膜电阻 47Ω ±1% 100mW","Type:Thick Film Resistors Resistance: Tolerance:±1% Tolerance:±1% Power(Watts): Overload Voltage (Max): Temperature Coefficient:±100ppm/°C Temperature Coefficient:±100ppm/°C Operating Temperature Range:-55°C~+155°C Operating Temperature Range:-55°C~+155°C","",""
"R314","47Ω","5v rail sm-easyedapro:R0603","https://atta.szlcsc.com/upload/public/pdf/source/20140616/1457707091974.pdf","FH(风华)","RS-03K47R0FT","","厚膜电阻 47Ω ±1% 100mW","Type:Thick Film Resistors Resistance: Tolerance:±1% Tolerance:±1% Power(Watts): Overload Voltage (Max): Temperature Coefficient:±100ppm/°C Temperature Coefficient:±100ppm/°C Operating Temperature Range:-55°C~+155°C Operating Temperature Range:-55°C~+155°C","",""
"R315","47Ω","5v rail sm-easyedapro:R0603","https://atta.szlcsc.com/upload/public/pdf/source/20140616/1457707091974.pdf","FH(风华)","RS-03K47R0FT","","厚膜电阻 47Ω ±1% 100mW","Type:Thick Film Resistors Resistance: Tolerance:±1% Tolerance:±1% Power(Watts): Overload Voltage (Max): Temperature Coefficient:±100ppm/°C Temperature Coefficient:±100ppm/°C Operating Temperature Range:-55°C~+155°C Operating Temperature Range:-55°C~+155°C","",""
"R316","47Ω","5v rail sm-easyedapro:R0603","https://atta.szlcsc.com/upload/public/pdf/source/20140616/1457707091974.pdf","FH(风华)","RS-03K47R0FT","","厚膜电阻 47Ω ±1% 100mW","Type:Thick Film Resistors Resistance: Tolerance:±1% Tolerance:±1% Power(Watts): Overload Voltage (Max): Temperature Coefficient:±100ppm/°C Temperature Coefficient:±100ppm/°C Operating Temperature Range:-55°C~+155°C Operating Temperature Range:-55°C~+155°C","",""
"R317","47Ω","5v rail sm-easyedapro:R0603","https://atta.szlcsc.com/upload/public/pdf/source/20140616/1457707091974.pdf","FH(风华)","RS-03K47R0FT","","厚膜电阻 47Ω ±1% 100mW","Type:Thick Film Resistors Resistance: Tolerance:±1% Tolerance:±1% Power(Watts): Overload Voltage (Max): Temperature Coefficient:±100ppm/°C Temperature Coefficient:±100ppm/°C Operating Temperature Range:-55°C~+155°C Operating Temperature Range:-55°C~+155°C","",""
"R318","47Ω","5v rail sm-easyedapro:R0603","https://atta.szlcsc.com/upload/public/pdf/source/20140616/1457707091974.pdf","FH(风华)","RS-03K47R0FT","","厚膜电阻 47Ω ±1% 100mW","Type:Thick Film Resistors Resistance: Tolerance:±1% Tolerance:±1% Power(Watts): Overload Voltage (Max): Temperature Coefficient:±100ppm/°C Temperature Coefficient:±100ppm/°C Operating Temperature Range:-55°C~+155°C Operating Temperature Range:-55°C~+155°C","",""
"R319","47Ω","5v rail sm-easyedapro:R0603","https://atta.szlcsc.com/upload/public/pdf/source/20140616/1457707091974.pdf","FH(风华)","RS-03K47R0FT","","厚膜电阻 47Ω ±1% 100mW","Type:Thick Film Resistors Resistance: Tolerance:±1% Tolerance:±1% Power(Watts): Overload Voltage (Max): Temperature Coefficient:±100ppm/°C Temperature Coefficient:±100ppm/°C Operating Temperature Range:-55°C~+155°C Operating Temperature Range:-55°C~+155°C","",""
"R320","47Ω","5v rail sm-easyedapro:R0603","https://atta.szlcsc.com/upload/public/pdf/source/20140616/1457707091974.pdf","FH(风华)","RS-03K47R0FT","","厚膜电阻 47Ω ±1% 100mW","Type:Thick Film Resistors Resistance: Tolerance:±1% Tolerance:±1% Power(Watts): Overload Voltage (Max): Temperature Coefficient:±100ppm/°C Temperature Coefficient:±100ppm/°C Operating Temperature Range:-55°C~+155°C Operating Temperature Range:-55°C~+155°C","",""
"R321","47Ω","5v rail sm-easyedapro:R0603","https://atta.szlcsc.com/upload/public/pdf/source/20140616/1457707091974.pdf","FH(风华)","RS-03K47R0FT","","厚膜电阻 47Ω ±1% 100mW","Type:Thick Film Resistors Resistance: Tolerance:±1% Tolerance:±1% Power(Watts): Overload Voltage (Max): Temperature Coefficient:±100ppm/°C Temperature Coefficient:±100ppm/°C Operating Temperature Range:-55°C~+155°C Operating Temperature Range:-55°C~+155°C","",""
"R322","47Ω","5v rail sm-easyedapro:R0603","https://atta.szlcsc.com/upload/public/pdf/source/20140616/1457707091974.pdf","FH(风华)","RS-03K47R0FT","","厚膜电阻 47Ω ±1% 100mW","Type:Thick Film Resistors Resistance: Tolerance:±1% Tolerance:±1% Power(Watts): Overload Voltage (Max): Temperature Coefficient:±100ppm/°C Temperature Coefficient:±100ppm/°C Operating Temperature Range:-55°C~+155°C Operating Temperature Range:-55°C~+155°C","",""
"R323","47Ω","5v rail sm-easyedapro:R0603","https://atta.szlcsc.com/upload/public/pdf/source/20140616/1457707091974.pdf","FH(风华)","RS-03K47R0FT","","厚膜电阻 47Ω ±1% 100mW","Type:Thick Film Resistors Resistance: Tolerance:±1% Tolerance:±1% Power(Watts): Overload Voltage (Max): Temperature Coefficient:±100ppm/°C Temperature Coefficient:±100ppm/°C Operating Temperature Range:-55°C~+155°C Operating Temperature Range:-55°C~+155°C","",""
"R1701","47k","Resistor_SMD:R_0402_1005Metric","~","","","","","Resistor","",""
"R1702","100k","Resistor_SMD:R_0402_1005Metric","~","","","","","Resistor","",""
"R1703","26.7k","Resistor_SMD:R_0402_1005Metric","~","","","","","Resistor","",""
"R1704","20k","Resistor_SMD:R_0402_1005Metric","~","","","","","Resistor","",""
"R1705","100k","Resistor_SMD:R_0402_1005Metric","~","","","","","Resistor","",""
"R3401","47Ω","5v rail sm-easyedapro:R0603","https://atta.szlcsc.com/upload/public/pdf/source/20140616/1457707091974.pdf","FH(风华)","RS-03K47R0FT","","厚膜电阻 47Ω ±1% 100mW","Type:Thick Film Resistors Resistance: Tolerance:±1% Tolerance:±1% Power(Watts): Overload Voltage (Max): Temperature Coefficient:±100ppm/°C Temperature Coefficient:±100ppm/°C Operating Temperature Range:-55°C~+155°C Operating Temperature Range:-55°C~+155°C","",""
"R3402","47Ω","5v rail sm-easyedapro:R0603","https://atta.szlcsc.com/upload/public/pdf/source/20140616/1457707091974.pdf","FH(风华)","RS-03K47R0FT","","厚膜电阻 47Ω ±1% 100mW","Type:Thick Film Resistors Resistance: Tolerance:±1% Tolerance:±1% Power(Watts): Overload Voltage (Max): Temperature Coefficient:±100ppm/°C Temperature Coefficient:±100ppm/°C Operating Temperature Range:-55°C~+155°C Operating Temperature Range:-55°C~+155°C","",""
"R3403","47Ω","5v rail sm-easyedapro:R0603","https://atta.szlcsc.com/upload/public/pdf/source/20140616/1457707091974.pdf","FH(风华)","RS-03K47R0FT","","厚膜电阻 47Ω ±1% 100mW","Type:Thick Film Resistors Resistance: Tolerance:±1% Tolerance:±1% Power(Watts): Overload Voltage (Max): Temperature Coefficient:±100ppm/°C Temperature Coefficient:±100ppm/°C Operating Temperature Range:-55°C~+155°C Operating Temperature Range:-55°C~+155°C","",""
"R3404","47Ω","5v rail sm-easyedapro:R0603","https://atta.szlcsc.com/upload/public/pdf/source/20140616/1457707091974.pdf","FH(风华)","RS-03K47R0FT","","厚膜电阻 47Ω ±1% 100mW","Type:Thick Film Resistors Resistance: Tolerance:±1% Tolerance:±1% Power(Watts): Overload Voltage (Max): Temperature Coefficient:±100ppm/°C Temperature Coefficient:±100ppm/°C Operating Temperature Range:-55°C~+155°C Operating Temperature Range:-55°C~+155°C","",""
"R3405","47Ω","5v rail sm-easyedapro:R0603","https://atta.szlcsc.com/upload/public/pdf/source/20140616/1457707091974.pdf","FH(风华)","RS-03K47R0FT","","厚膜电阻 47Ω ±1% 100mW","Type:Thick Film Resistors Resistance: Tolerance:±1% Tolerance:±1% Power(Watts): Overload Voltage (Max): Temperature Coefficient:±100ppm/°C Temperature Coefficient:±100ppm/°C Operating Temperature Range:-55°C~+155°C Operating Temperature Range:-55°C~+155°C","",""
"R3406","47Ω","5v rail sm-easyedapro:R0603","https://atta.szlcsc.com/upload/public/pdf/source/20140616/1457707091974.pdf","FH(风华)","RS-03K47R0FT","","厚膜电阻 47Ω ±1% 100mW","Type:Thick Film Resistors Resistance: Tolerance:±1% Tolerance:±1% Power(Watts): Overload Voltage (Max): Temperature Coefficient:±100ppm/°C Temperature Coefficient:±100ppm/°C Operating Temperature Range:-55°C~+155°C Operating Temperature Range:-55°C~+155°C","",""
"R3407","47Ω","5v rail sm-easyedapro:R0603","https://atta.szlcsc.com/upload/public/pdf/source/20140616/1457707091974.pdf","FH(风华)","RS-03K47R0FT","","厚膜电阻 47Ω ±1% 100mW","Type:Thick Film Resistors Resistance: Tolerance:±1% Tolerance:±1% Power(Watts): Overload Voltage (Max): Temperature Coefficient:±100ppm/°C Temperature Coefficient:±100ppm/°C Operating Temperature Range:-55°C~+155°C Operating Temperature Range:-55°C~+155°C","",""
"R3408","47Ω","5v rail sm-easyedapro:R0603","https://atta.szlcsc.com/upload/public/pdf/source/20140616/1457707091974.pdf","FH(风华)","RS-03K47R0FT","","厚膜电阻 47Ω ±1% 100mW","Type:Thick Film Resistors Resistance: Tolerance:±1% Tolerance:±1% Power(Watts): Overload Voltage (Max): Temperature Coefficient:±100ppm/°C Temperature Coefficient:±100ppm/°C Operating Temperature Range:-55°C~+155°C Operating Temperature Range:-55°C~+155°C","",""
"R3409","47Ω","5v rail sm-easyedapro:R0603","https://atta.szlcsc.com/upload/public/pdf/source/20140616/1457707091974.pdf","FH(风华)","RS-03K47R0FT","","厚膜电阻 47Ω ±1% 100mW","Type:Thick Film Resistors Resistance: Tolerance:±1% Tolerance:±1% Power(Watts): Overload Voltage (Max): Temperature Coefficient:±100ppm/°C Temperature Coefficient:±100ppm/°C Operating Temperature Range:-55°C~+155°C Operating Temperature Range:-55°C~+155°C","",""
"R3410","47Ω","5v rail sm-easyedapro:R0603","https://atta.szlcsc.com/upload/public/pdf/source/20140616/1457707091974.pdf","FH(风华)","RS-03K47R0FT","","厚膜电阻 47Ω ±1% 100mW","Type:Thick Film Resistors Resistance: Tolerance:±1% Tolerance:±1% Power(Watts): Overload Voltage (Max): Temperature Coefficient:±100ppm/°C Temperature Coefficient:±100ppm/°C Operating Temperature Range:-55°C~+155°C Operating Temperature Range:-55°C~+155°C","",""
"R3411","47Ω","5v rail sm-easyedapro:R0603","https://atta.szlcsc.com/upload/public/pdf/source/20140616/1457707091974.pdf","FH(风华)","RS-03K47R0FT","","厚膜电阻 47Ω ±1% 100mW","Type:Thick Film Resistors Resistance: Tolerance:±1% Tolerance:±1% Power(Watts): Overload Voltage (Max): Temperature Coefficient:±100ppm/°C Temperature Coefficient:±100ppm/°C Operating Temperature Range:-55°C~+155°C Operating Temperature Range:-55°C~+155°C","",""
"R3412","47Ω","5v rail sm-easyedapro:R0603","https://atta.szlcsc.com/upload/public/pdf/source/20140616/1457707091974.pdf","FH(风华)","RS-03K47R0FT","","厚膜电阻 47Ω ±1% 100mW","Type:Thick Film Resistors Resistance: Tolerance:±1% Tolerance:±1% Power(Watts): Overload Voltage (Max): Temperature Coefficient:±100ppm/°C Temperature Coefficient:±100ppm/°C Operating Temperature Range:-55°C~+155°C Operating Temperature Range:-55°C~+155°C","",""
"R3413","47Ω","5v rail sm-easyedapro:R0603","https://atta.szlcsc.com/upload/public/pdf/source/20140616/1457707091974.pdf","FH(风华)","RS-03K47R0FT","","厚膜电阻 47Ω ±1% 100mW","Type:Thick Film Resistors Resistance: Tolerance:±1% Tolerance:±1% Power(Watts): Overload Voltage (Max): Temperature Coefficient:±100ppm/°C Temperature Coefficient:±100ppm/°C Operating Temperature Range:-55°C~+155°C Operating Temperature Range:-55°C~+155°C","",""
"R3414","47Ω","5v rail sm-easyedapro:R0603","https://atta.szlcsc.com/upload/public/pdf/source/20140616/1457707091974.pdf","FH(风华)","RS-03K47R0FT","","厚膜电阻 47Ω ±1% 100mW","Type:Thick Film Resistors Resistance: Tolerance:±1% Tolerance:±1% Power(Watts): Overload Voltage (Max): Temperature Coefficient:±100ppm/°C Temperature Coefficient:±100ppm/°C Operating Temperature Range:-55°C~+155°C Operating Temperature Range:-55°C~+155°C","",""
"R3415","47Ω","5v rail sm-easyedapro:R0603","https://atta.szlcsc.com/upload/public/pdf/source/20140616/1457707091974.pdf","FH(风华)","RS-03K47R0FT","","厚膜电阻 47Ω ±1% 100mW","Type:Thick Film Resistors Resistance: Tolerance:±1% Tolerance:±1% Power(Watts): Overload Voltage (Max): Temperature Coefficient:±100ppm/°C Temperature Coefficient:±100ppm/°C Operating Temperature Range:-55°C~+155°C Operating Temperature Range:-55°C~+155°C","",""
"R3416","47Ω","5v rail sm-easyedapro:R0603","https://atta.szlcsc.com/upload/public/pdf/source/20140616/1457707091974.pdf","FH(风华)","RS-03K47R0FT","","厚膜电阻 47Ω ±1% 100mW","Type:Thick Film Resistors Resistance: Tolerance:±1% Tolerance:±1% Power(Watts): Overload Voltage (Max): Temperature Coefficient:±100ppm/°C Temperature Coefficient:±100ppm/°C Operating Temperature Range:-55°C~+155°C Operating Temperature Range:-55°C~+155°C","",""
"R3417","47Ω","5v rail sm-easyedapro:R0603","https://atta.szlcsc.com/upload/public/pdf/source/20140616/1457707091974.pdf","FH(风华)","RS-03K47R0FT","","厚膜电阻 47Ω ±1% 100mW","Type:Thick Film Resistors Resistance: Tolerance:±1% Tolerance:±1% Power(Watts): Overload Voltage (Max): Temperature Coefficient:±100ppm/°C Temperature Coefficient:±100ppm/°C Operating Temperature Range:-55°C~+155°C Operating Temperature Range:-55°C~+155°C","",""
"R3418","47Ω","5v rail sm-easyedapro:R0603","https://atta.szlcsc.com/upload/public/pdf/source/20140616/1457707091974.pdf","FH(风华)","RS-03K47R0FT","","厚膜电阻 47Ω ±1% 100mW","Type:Thick Film Resistors Resistance: Tolerance:±1% Tolerance:±1% Power(Watts): Overload Voltage (Max): Temperature Coefficient:±100ppm/°C Temperature Coefficient:±100ppm/°C Operating Temperature Range:-55°C~+155°C Operating Temperature Range:-55°C~+155°C","",""
"R3419","47Ω","5v rail sm-easyedapro:R0603","https://atta.szlcsc.com/upload/public/pdf/source/20140616/1457707091974.pdf","FH(风华)","RS-03K47R0FT","","厚膜电阻 47Ω ±1% 100mW","Type:Thick Film Resistors Resistance: Tolerance:±1% Tolerance:±1% Power(Watts): Overload Voltage (Max): Temperature Coefficient:±100ppm/°C Temperature Coefficient:±100ppm/°C Operating Temperature Range:-55°C~+155°C Operating Temperature Range:-55°C~+155°C","",""
"R3420","47Ω","5v rail sm-easyedapro:R0603","https://atta.szlcsc.com/upload/public/pdf/source/20140616/1457707091974.pdf","FH(风华)","RS-03K47R0FT","","厚膜电阻 47Ω ±1% 100mW","Type:Thick Film Resistors Resistance: Tolerance:±1% Tolerance:±1% Power(Watts): Overload Voltage (Max): Temperature Coefficient:±100ppm/°C Temperature Coefficient:±100ppm/°C Operating Temperature Range:-55°C~+155°C Operating Temperature Range:-55°C~+155°C","",""
"R3421","47Ω","5v rail sm-easyedapro:R0603","https://atta.szlcsc.com/upload/public/pdf/source/20140616/1457707091974.pdf","FH(风华)","RS-03K47R0FT","","厚膜电阻 47Ω ±1% 100mW","Type:Thick Film Resistors Resistance: Tolerance:±1% Tolerance:±1% Power(Watts): Overload Voltage (Max): Temperature Coefficient:±100ppm/°C Temperature Coefficient:±100ppm/°C Operating Temperature Range:-55°C~+155°C Operating Temperature Range:-55°C~+155°C","",""
"R3422","47Ω","5v rail sm-easyedapro:R0603","https://atta.szlcsc.com/upload/public/pdf/source/20140616/1457707091974.pdf","FH(风华)","RS-03K47R0FT","","厚膜电阻 47Ω ±1% 100mW","Type:Thick Film Resistors Resistance: Tolerance:±1% Tolerance:±1% Power(Watts): Overload Voltage (Max): Temperature Coefficient:±100ppm/°C Temperature Coefficient:±100ppm/°C Operating Temperature Range:-55°C~+155°C Operating Temperature Range:-55°C~+155°C","",""
"R3423","47Ω","5v rail sm-easyedapro:R0603","https://atta.szlcsc.com/upload/public/pdf/source/20140616/1457707091974.pdf","FH(风华)","RS-03K47R0FT","","厚膜电阻 47Ω ±1% 100mW","Type:Thick Film Resistors Resistance: Tolerance:±1% Tolerance:±1% Power(Watts): Overload Voltage (Max): Temperature Coefficient:±100ppm/°C Temperature Coefficient:±100ppm/°C Operating Temperature Range:-55°C~+155°C Operating Temperature Range:-55°C~+155°C","",""
"RN1","10kΩ","5v rail sm-easyedapro:RES-ARRAY-SMD_0603-8P-L3.2-W1.6-BL","https://item.szlcsc.com/datasheet/RTA03-4D103JTP/103861.html","RALEC(旺诠)","RTA03-4D103JTP","","10kΩ ±5%","Number of Resistors: Resistance:10kΩ Tolerance:±5% Tolerance:±5% Power(Watts):62.5mW Temperature Coefficient:±200ppm/°C Temperature Coefficient:±200ppm/°C Number of Pins:","",""
"RN2","10kΩ","5v rail sm-easyedapro:RES-ARRAY-SMD_0603-8P-L3.2-W1.6-BL","https://item.szlcsc.com/datasheet/RTA03-4D103JTP/103861.html","RALEC(旺诠)","RTA03-4D103JTP","","10kΩ ±5%","Number of Resistors: Resistance:10kΩ Tolerance:±5% Tolerance:±5% Power(Watts):62.5mW Temperature Coefficient:±200ppm/°C Temperature Coefficient:±200ppm/°C Number of Pins:","",""
"SW2","TC-6615-5-260G","JLCImport:TC-6615-5-260G","https://item.szlcsc.com/763338.html?ref=editor&logined=true","HCTL(华灿天禄)","TC-6615-5-260G","C2845270","","","",""
"tore101","~","5v rail sm-easyedapro:tore","","","","","","","",""
"U1","LSM6DSOXTR","5v rail sm-easyedapro:LGA-14L_L3.0-W2.5-P0.50-TL","https://item.szlcsc.com/datasheet/LSM6DSOXTR/489350.html","ST(意法半导体)","LSM6DSOXTR","","LSM6DSOXTR","Sensor Type:Accelerometer Gyroscope Operating Temperature:-40°C~+85°C Operating Temperature:-40°C~+85°C","",""
"U2","~","Jumper:SolderJumper-2_P1.3mm_Open_Pad1.0x1.5mm","~","","","","","Jumper, 2-pole, open","",""
"U3","~","Jumper:SolderJumper-2_P1.3mm_Open_Pad1.0x1.5mm","~","","","","","Jumper, 2-pole, open","",""
"U4","~","Jumper:SolderJumper-2_P1.3mm_Bridged_Pad1.0x1.5mm","~","","","","","Jumper, 2-pole, closed/bridged","",""
"U5","~","Jumper:SolderJumper-2_P1.3mm_Bridged_Pad1.0x1.5mm","~","","","","","Jumper, 2-pole, closed/bridged","",""
"U6","~","Jumper:SolderJumper-2_P1.3mm_Open_Pad1.0x1.5mm","~","","","","","Jumper, 2-pole, open","",""
"U7","~","Jumper:SolderJumper-2_P1.3mm_Open_Pad1.0x1.5mm","~","","","","","Jumper, 2-pole, open","",""
"U8","~","Jumper:SolderJumper-2_P1.3mm_Bridged_Pad1.0x1.5mm","~","","","","","Jumper, 2-pole, closed/bridged","",""
"U9","~","Jumper:SolderJumper-2_P1.3mm_Bridged_Pad1.0x1.5mm","~","","","","","Jumper, 2-pole, closed/bridged","",""
"U10","0440007_WR","JLCImport:0440007_WR","https://atta.szlcsc.com/upload/public/pdf/source/20200518/C553934_4CFF0660EAE88BF7A646763F248900C5.pdf","Littelfuse(美国力特)","0440007.WR","C206973","","7A","",""
"U20","~","Jumper:SolderJumper-2_P1.3mm_Bridged_Pad1.0x1.5mm","~","","","","","Jumper, 2-pole, closed/bridged","",""
"U21","~","Jumper:SolderJumper-2_P1.3mm_Bridged_Pad1.0x1.5mm","~","","","","","Jumper, 2-pole, closed/bridged","",""
"U22","~","Jumper:SolderJumper-2_P1.3mm_Bridged_Pad1.0x1.5mm","~","","","","","Jumper, 2-pole, closed/bridged","",""
"U23","~","Jumper:SolderJumper-2_P1.3mm_Bridged_Pad1.0x1.5mm","~","","","","","Jumper, 2-pole, closed/bridged","",""
"U24","~","Jumper:SolderJumper-2_P1.3mm_Bridged_Pad1.0x1.5mm","~","","","","","Jumper, 2-pole, closed/bridged","",""
"U25","~","Jumper:SolderJumper-2_P1.3mm_Bridged_Pad1.0x1.5mm","~","","","","","Jumper, 2-pole, closed/bridged","",""
"U26","~","Jumper:SolderJumper-2_P1.3mm_Bridged_Pad1.0x1.5mm","~","","","","","Jumper, 2-pole, closed/bridged","",""
"U27","~","Jumper:SolderJumper-2_P1.3mm_Bridged_Pad1.0x1.5mm","~","","","","","Jumper, 2-pole, closed/bridged","",""
"U28","X1270WV-2X08B-6TV01","JLCImport:X1270WV-2X08B-6TV01","https://datasheet.lcsc.com/lcsc/2201191230_XKB-Connectivity-X1270WV-2x05B-6TV01_C2962225.pdf","XKB Connection(中国星坤)","X1270WV-2x08B-9TV01","C5147219","","","",""
"U29","RVT1H680M0607","JLCImport:RVT1H680M0607","https://item.szlcsc.com/265679.html","ROQANG(容强)","RVT1H680M0607","C5221836","","","",""
"U30","CN3722","5v rail sm-easyedapro:TSSOP-16_L5.0-W4.4-P0.65-LS6.4-BL","https://atta.szlcsc.com/upload/public/pdf/source/20161217/1481939130627.pdf","CONSONANCE(上海如韵)","CN3722","","CN3722","","",""
"U31","15uH","5v rail sm-easyedapro:IND-SMD_2P-L11.3-W10.0-XAL1010-153MED","https://www.coilcraft.com/getmedia/dd74e670-e705-456a-9a69-585fe02eaf3c/xal1010.pdf","Coilcraft(线艺)","XAL1010-153MED","","15uH ±20% 15.5A","Inductance:15uH Tolerance:±20% Tolerance:±20% Current Rating:9.9A Current - Saturation(Isat):15.5A DC Resistance(DCR):18.6mΩ Type:Magnetic Shielded Inductor Ratings:AEC-Q200","",""
"U32","SMBJ24A_C19077578","JLCImport:SMBJ24A_C19077578","https://atta.szlcsc.com/upload/public/pdf/source/20200427/C523315_1DF70F941FD67F07EBF9CC348F6E436D.pdf","R+O(宏嘉诚)","SMBJ24A","C19077578","","38.9VC Clamp 15.42A@10/1000us Ipp TVS DIODE DO-214AA(SMB)","",""
"U33","LM5050MKX-1/NOPB","5v rail sm-easyedapro:TSOT-23-6_L2.9-W1.6-P0.95-LS2.8-BL","https://www.ti.com/cn/lit/gpn/lm5050-1","TI(德州仪器)","LM5050MKX-1/NOPB","","LM5050MKX-1/NOPB","","",""
"U34","SMBJ24A_C19077578","JLCImport:SMBJ24A_C19077578","https://atta.szlcsc.com/upload/public/pdf/source/20200427/C523315_1DF70F941FD67F07EBF9CC348F6E436D.pdf","R+O(宏嘉诚)","SMBJ24A","C19077578","","38.9VC Clamp 15.42A@10/1000us Ipp TVS DIODE DO-214AA(SMB)","",""
"U35","SMBJ24A_C19077578","JLCImport:SMBJ24A_C19077578","https://atta.szlcsc.com/upload/public/pdf/source/20200427/C523315_1DF70F941FD67F07EBF9CC348F6E436D.pdf","R+O(宏嘉诚)","SMBJ24A","C19077578","","38.9VC Clamp 15.42A@10/1000us Ipp TVS DIODE DO-214AA(SMB)","",""
"U36","LM5050MKX-1/NOPB","5v rail sm-easyedapro:TSOT-23-6_L2.9-W1.6-P0.95-LS2.8-BL","https://www.ti.com/cn/lit/gpn/lm5050-1","TI(德州仪器)","LM5050MKX-1/NOPB","","LM5050MKX-1/NOPB","","",""
"U37","SMBJ24A_C19077578","JLCImport:SMBJ24A_C19077578","https://atta.szlcsc.com/upload/public/pdf/source/20200427/C523315_1DF70F941FD67F07EBF9CC348F6E436D.pdf","R+O(宏嘉诚)","SMBJ24A","C19077578","","38.9VC Clamp 15.42A@10/1000us Ipp TVS DIODE DO-214AA(SMB)","",""
"U38","SMBJ24A_C19077578","JLCImport:SMBJ24A_C19077578","https://atta.szlcsc.com/upload/public/pdf/source/20200427/C523315_1DF70F941FD67F07EBF9CC348F6E436D.pdf","R+O(宏嘉诚)","SMBJ24A","C19077578","","38.9VC Clamp 15.42A@10/1000us Ipp TVS DIODE DO-214AA(SMB)","",""
"U39","LM5050MKX-1/NOPB","5v rail sm-easyedapro:TSOT-23-6_L2.9-W1.6-P0.95-LS2.8-BL","https://www.ti.com/cn/lit/gpn/lm5050-1","TI(德州仪器)","LM5050MKX-1/NOPB","","LM5050MKX-1/NOPB","","",""
"U40","SMBJ24A_C19077578","JLCImport:SMBJ24A_C19077578","https://atta.szlcsc.com/upload/public/pdf/source/20200427/C523315_1DF70F941FD67F07EBF9CC348F6E436D.pdf","R+O(宏嘉诚)","SMBJ24A","C19077578","","38.9VC Clamp 15.42A@10/1000us Ipp TVS DIODE DO-214AA(SMB)","",""
"U41","VH3_96-2P_WZ","JLCImport:VH3_96-2P_WZ","https://atta.szlcsc.com/upload/public/pdf/source/20160806/1470478006708.pdf","SHOU HAN(首韩)","VH3.96-2P WZ","C5379879","","","",""
"U42","VH3_96-2P_WZ","JLCImport:VH3_96-2P_WZ","https://atta.szlcsc.com/upload/public/pdf/source/20160806/1470478006708.pdf","SHOU HAN(首韩)","VH3.96-2P WZ","C5379879","","","",""
"U43","VH3_96-2P_WZ","JLCImport:VH3_96-2P_WZ","https://atta.szlcsc.com/upload/public/pdf/source/20160806/1470478006708.pdf","SHOU HAN(首韩)","VH3.96-2P WZ","C5379879","","","",""
"U44","MCP4725A0T-E/CH","5v rail sm-easyedapro:SOT-23-6_L2.9-W1.6-P0.95-LS2.8-BL","https://item.szlcsc.com/datasheet/MCP4725A0T-E%252FCH/155530.html","MICROCHIP(美国微芯)","MCP4725A0T-E/CH","","MCP4725A0T-E/CH","Resolution(Bits):12Bit Number of Channels:1 Interface:I2C Voltage - Supply:2.7V~5.5V Voltage - Supply:2.7V~5.5V Settling Time:6us Output Type:- INL/DNL(LSB):2LSB INL/DNL(LSB):2LSB Operating Temperature:-40°C~+125°C Operating Temperature:-40°C~+125°C","",""
"U45","ADS1115IDGST","5v rail sm-easyedapro:VSSOP-10_L3.0-W3.0-P0.50-LS4.9-BL","https://www.ti.com/cn/lit/gpn/ads1113","TI(德州仪器)","ADS1115IDGST","","具有内部基准、振荡器和可编程比较器且兼容 I2C 的ADS111x、超小型、低功耗 860SPS、16位ADC","Resolution(Bits):16 Sampling Rate:860Hz number of channels:2；4 Voltage - Supply:2V~5.5V Voltage - Supply:2V~5.5V Interface:I2C differential input:Yes Integral non - linearity:1LSB Integral non - linearity:1LSB Operating Temperature:-40°C~+125°C Operating Te","",""
"U46","~","Jumper:SolderJumper-2_P1.3mm_Bridged_Pad1.0x1.5mm","~","","","","","Jumper, 2-pole, closed/bridged","",""
"U47","LTM8055IY_PBF","Snapeda:BGA121C127P11X11_1500X1500X512N","","","","","36VIN、8.5A 降压-升压型 uModule 稳压器","","LTM8055IY#PBF","Analog Devices"
"U48","68uF","5v rail sm-easyedapro:CAP-SMD_BD6.3-L6.6-W6.6-LS7.4-FD","","ROQANG(容强)","RVT1E680M0605","","68uF ±20% 25V","Capacitance:68uF Tolerance:±20% Tolerance:±20% Voltage Rating:25V Ripple Current:55mA@120Hz Diameter:6.3mm Height - Seated (Max):5.4mm Lifetime:2000hrs@105°C Operating Temperature:-40°C~+105°C Operating Temperature:-40°C~+105°C","",""
"U49","SMBJ24A_C19077578","JLCImport:SMBJ24A_C19077578","https://atta.szlcsc.com/upload/public/pdf/source/20200427/C523315_1DF70F941FD67F07EBF9CC348F6E436D.pdf","R+O(宏嘉诚)","SMBJ24A","C19077578","","38.9VC Clamp 15.42A@10/1000us Ipp TVS DIODE DO-214AA(SMB)","",""
"U50","LM5050MKX-1/NOPB","5v rail sm-easyedapro:TSOT-23-6_L2.9-W1.6-P0.95-LS2.8-BL","https://www.ti.com/cn/lit/gpn/lm5050-1","TI(德州仪器)","LM5050MKX-1/NOPB","","LM5050MKX-1/NOPB","","",""
"U51","SMBJ24A_C19077578","JLCImport:SMBJ24A_C19077578","https://atta.szlcsc.com/upload/public/pdf/source/20200427/C523315_1DF70F941FD67F07EBF9CC348F6E436D.pdf","R+O(宏嘉诚)","SMBJ24A","C19077578","","38.9VC Clamp 15.42A@10/1000us Ipp TVS DIODE DO-214AA(SMB)","",""
"U52","SMBJ24A_C19077578","JLCImport:SMBJ24A_C19077578","https://atta.szlcsc.com/upload/public/pdf/source/20200427/C523315_1DF70F941FD67F07EBF9CC348F6E436D.pdf","R+O(宏嘉诚)","SMBJ24A","C19077578","","38.9VC Clamp 15.42A@10/1000us Ipp TVS DIODE DO-214AA(SMB)","",""
"U53","LM5050MKX-1/NOPB","5v rail sm-easyedapro:TSOT-23-6_L2.9-W1.6-P0.95-LS2.8-BL","https://www.ti.com/cn/lit/gpn/lm5050-1","TI(德州仪器)","LM5050MKX-1/NOPB","","LM5050MKX-1/NOPB","","",""
"U54","SMBJ24A_C19077578","JLCImport:SMBJ24A_C19077578","https://atta.szlcsc.com/upload/public/pdf/source/20200427/C523315_1DF70F941FD67F07EBF9CC348F6E436D.pdf","R+O(宏嘉诚)","SMBJ24A","C19077578","","38.9VC Clamp 15.42A@10/1000us Ipp TVS DIODE DO-214AA(SMB)","",""
"U55","TPSM63610RDFR","JLCImport:TPSM63610RDFR","https://www.ti.com.cn/cn/lit/ml/mpqf620/mpqf620.pdf?ts=1684740647599&ref_url=https%253A%252F%252Fwww.ti.com.cn%252Fsitesearch%252Fzh-cn%252Fdocs%252Funiversalsearch.tsp%253FlangPref%253Dzh-CN%2526searchTerm%253DTLVM13610RDFR%2526nr%253D9","TI(德州仪器)","TPSM63610RDFR","C7125816","","","",""
"U56","~","Jumper:SolderJumper-2_P1.3mm_Bridged_Pad1.0x1.5mm","~","","","","","Jumper, 2-pole, closed/bridged","",""
"U57","SMBJ24A_C19077578","JLCImport:SMBJ24A_C19077578","https://atta.szlcsc.com/upload/public/pdf/source/20200427/C523315_1DF70F941FD67F07EBF9CC348F6E436D.pdf","R+O(宏嘉诚)","SMBJ24A","C19077578","","38.9VC Clamp 15.42A@10/1000us Ipp TVS DIODE DO-214AA(SMB)","",""
"U58","LM5050MKX-1/NOPB","5v rail sm-easyedapro:TSOT-23-6_L2.9-W1.6-P0.95-LS2.8-BL","https://www.ti.com/cn/lit/gpn/lm5050-1","TI(德州仪器)","LM5050MKX-1/NOPB","","LM5050MKX-1/NOPB","","",""
"U59","SMBJ24A_C19077578","JLCImport:SMBJ24A_C19077578","https://atta.szlcsc.com/upload/public/pdf/source/20200427/C523315_1DF70F941FD67F07EBF9CC348F6E436D.pdf","R+O(宏嘉诚)","SMBJ24A","C19077578","","38.9VC Clamp 15.42A@10/1000us Ipp TVS DIODE DO-214AA(SMB)","",""
"U60","~","Jumper:SolderJumper-2_P1.3mm_Bridged_Pad1.0x1.5mm","~","","","","","Jumper, 2-pole, closed/bridged","",""
"U61","~","Jumper:SolderJumper-2_P1.3mm_Bridged_Pad1.0x1.5mm","~","","","","","Jumper, 2-pole, closed/bridged","",""
"U62","TPS16630RGER","5v rail sm-easyedapro:VFQFPN-24_L4.0-W4.0-P0.50-BL-EP2.8","https://www.ti.com/cn/lit/gpn/tps1663","TI(德州仪器)","TPS16630RGER","","具有可调节输出功率限制功能的60V、6A电子保险丝","FET Type:Integrated FET Number of Lines:1 Voltage Rating:4.5V~60V Voltage Rating:4.5V~60V Mounting Type:Surface Mount RDS(on):30.44mΩ Operating temperature:-40°C~+125°C@(Tj) Operating temperature:-40°C~+125°C@(Tj) Length:4mm Width:4mm Height:1mm","",""
"U63","~","Jumper:SolderJumper-2_P1.3mm_Bridged_Pad1.0x1.5mm","~","","","","","Jumper, 2-pole, closed/bridged","",""
"U64","~","Jumper:SolderJumper-2_P1.3mm_Bridged_Pad1.0x1.5mm","~","","","","","Jumper, 2-pole, closed/bridged","",""
"U65","HUSB238A-BB001-QN16R","5v rail sm-easyedapro:QFN-16_L3.0-W3.0-P0.50-BL-EP1.7","https://item.szlcsc.com/datasheet/HUSB238A-BB001-QN16R/26562539.html","Hynetek(慧能泰)","HUSB238A-BB001-QN16R","","HUSB238A-BB001-QN16R","","",""
"U66","~","Jumper:SolderJumper-2_P1.3mm_Open_Pad1.0x1.5mm","~","","","","","Jumper, 2-pole, open","",""
"U67","MT9700-N","5v rail sm-easyedapro:SOT-23-5_L2.9-W1.6-P0.95-LS2.9-BL","https://item.szlcsc.com/datasheet/MT9700-N/44491709.html","西安航天民芯","MT9700-N","","可调快速响应、限流型电源分配开关","Type:Current Limiting Switch Number of Channels:1 Control Input Logic:Active High Maximum Continuous Current:2A Voltage - Supply:2.4V~5.5V Voltage - Supply:2.4V~5.5V RDS(on):80mΩ Operating Temperature-:-40°C~+85°C Operating Temperature-:-40°C~+85°C","",""
"U68","150uF","5v rail sm-easyedapro:CAP-SMD_BD6.3-L6.6-W6.6-LS7.4-FD","","ROQANG(容强)","RVT1V151M0607","","150uF ±20% 35V","Capacitance:150uF Tolerance:±20% Tolerance:±20% Voltage Rating:35V Ripple Current:118mA@120Hz Diameter:6.3mm Height - Seated (Max):7.7mm Lifetime:2000hrs@105°C Operating Temperature:-40°C~+105°C Operating Temperature:-40°C~+105°C","",""
"U69","74AHCT1G125GW,125-JSM","5v rail sm-easyedapro:SOT-353_L2.1-W1.3-P0.65-LS2.3-BL","https://item.szlcsc.com/datasheet/74AHCT1G125GW%252C125-JSM/56091373.html","JSMSEMI(杰盛微)","74AHCT1G125GW,125-JSM","","74AHCT1G125GW,125-JSM","","",""
"U70","WS2815F","5v rail sm-easyedapro:LED-SMD_6P-L5.0-W5.0-TL","https://item.szlcsc.com/datasheet/WS2815F/23859553.html","worldsemi","WS2815F","","SMD灯珠,RGB三色","","",""
"U72","INA226AIDGSR","5v rail sm-easyedapro:MSOP-10_L3.0-W3.0-P0.50-LS5.0-BL","https://item.szlcsc.com/datasheet/INA226AIDGSR/50860.html","TI(德州仪器)","INA226AIDGSR","","高侧/低侧测量双向电流/功率监视器，具有I2C兼容接口","Number of Channels:- Vcm - Common Mode Voltage:300mV~40V Vcm - Common Mode Voltage:300mV~40V Gain:- Bandwidth:- Ib - Input Bias Current:10nA Vos - Input Offset Voltage:2.5uV Operating Temperature:-40°C~+125°C Operating Temperature:-40°C~+125°C Differential Vo","",""
"U73","TPSM33625RDNR","5v rail sm-easyedapro:QFN-11_L4.5-W3.5-P0.50-TL_TPSM365R6FRDNR","https://item.szlcsc.com/datasheet/TPSM33625RDNR/8040204.html","TI(德州仪器)","TPSM33625RDNR","","3V至36V输入、1V至15V输出同步降压转换器电源模块","Function:Buck Number of Outputs:1 Voltage - Supply:3V~36V Voltage - Supply:3V~36V Output Voltage Accuracy:±1% Output Voltage Accuracy:±1% Output Voltage:1V~15V Output Voltage:1V~15V Output Current(Max):2.5A Output Current(Max):2.5A Conversion Efficiency:8","",""
"U74","TPSM33625RDNR","5v rail sm-easyedapro:QFN-11_L4.5-W3.5-P0.50-TL_TPSM365R6FRDNR","https://item.szlcsc.com/datasheet/TPSM33625RDNR/8040204.html","TI(德州仪器)","TPSM33625RDNR","","3V至36V输入、1V至15V输出同步降压转换器电源模块","Function:Buck Number of Outputs:1 Voltage - Supply:3V~36V Voltage - Supply:3V~36V Output Voltage Accuracy:±1% Output Voltage Accuracy:±1% Output Voltage:1V~15V Output Voltage:1V~15V Output Current(Max):2.5A Output Current(Max):2.5A Conversion Efficiency:8","",""
"U75","~","Jumper:SolderJumper-2_P1.3mm_Open_Pad1.0x1.5mm","~","","","","","Jumper, 2-pole, open","",""
"U76","MT9700-N","5v rail sm-easyedapro:SOT-23-5_L2.9-W1.6-P0.95-LS2.9-BL","https://item.szlcsc.com/datasheet/MT9700-N/44491709.html","西安航天民芯","MT9700-N","","可调快速响应、限流型电源分配开关","Type:Current Limiting Switch Number of Channels:1 Control Input Logic:Active High Maximum Continuous Current:2A Voltage - Supply:2.4V~5.5V Voltage - Supply:2.4V~5.5V RDS(on):80mΩ Operating Temperature-:-40°C~+85°C Operating Temperature-:-40°C~+85°C","",""
"U77","150uF","5v rail sm-easyedapro:CAP-SMD_BD6.3-L6.6-W6.6-LS7.4-FD","","ROQANG(容强)","RVT1V151M0607","","150uF ±20% 35V","Capacitance:150uF Tolerance:±20% Tolerance:±20% Voltage Rating:35V Ripple Current:118mA@120Hz Diameter:6.3mm Height - Seated (Max):7.7mm Lifetime:2000hrs@105°C Operating Temperature:-40°C~+105°C Operating Temperature:-40°C~+105°C","",""
"U78","PCA9685PW,118","5v rail sm-easyedapro:TSSOP-28_L9.7-W4.4-P0.65-LS6.4-TL","https://www.nxp.com.cn/docs/en/data-sheet/PCA9685.pdf","NXP(恩智浦)","PCA9685PW,118","","16通道、12位PWM Fm+ I2C总线LED控制器","Type:- Voltage - Input(DC):2.3V~5.5V Voltage - Input(DC):2.3V~5.5V Frequency - Switching:100kHz~1MHz Frequency - Switching:100kHz~1MHz Number of Channels:16 Output Voltage:- Output Voltage:- Output Current:25mA Dimming:PWM Operating temperature:-40°C~+85°C","",""
"U79","~","Jumper:SolderJumper-2_P1.3mm_Open_Pad1.0x1.5mm","~","","","","","Jumper, 2-pole, open","",""
"U80","BQ7694202PFBR","5v rail sm-easyedapro:TQFP-48_L7.0-W7.0-P0.50-LS9.0-TL","https://www.ti.com/cn/lit/gpn/bq76942","TI(德州仪器)","BQ7694202PFBR","","适用于锂离子、锂聚合物和磷酸铁锂电池组的3节至10节高精度串联电池监控器和保护器","The Chip Type:Protection IC；Monitoring IC Voltage - Supply:4.7V~55V Voltage - Supply:4.7V~55V Charging Saturation Voltage:- End-Off Voltage:- Type of Battery:Lithium Battery；LiFePO4 Battery Number of Cells:3~10 Number of Cells:3~10 Operating Temperature:-","",""
"U81","INA226AIDGSR","5v rail sm-easyedapro:MSOP-10_L3.0-W3.0-P0.50-LS5.0-BL","https://item.szlcsc.com/datasheet/INA226AIDGSR/50860.html","TI(德州仪器)","INA226AIDGSR","","高侧/低侧测量双向电流/功率监视器，具有I2C兼容接口","Number of Channels:- Vcm - Common Mode Voltage:300mV~40V Vcm - Common Mode Voltage:300mV~40V Gain:- Bandwidth:- Ib - Input Bias Current:10nA Vos - Input Offset Voltage:2.5uV Operating Temperature:-40°C~+125°C Operating Temperature:-40°C~+125°C Differential Vo","",""
"U82","NCP718ASN330T1G","5v rail sm-easyedapro:TSOT-23-5_L2.9-W1.6-P0.95-LS2.8-BL","https://atta.szlcsc.com/upload/public/pdf/source/20210813/8C1C10F20D6048507834084705E93F3A.pdf","onsemi(安森美)","NCP718ASN330T1G","","NCP718ASN330T1G","Output Type:Fixed Maximum Input Voltage:24V Output Voltage:3.3V Output Voltage:3.3V Output Current:300mA Power Supply Rejection Ratio (PSRR):60dB@(1kHz) Dropout Voltage:440mV@(300mA) standby current:8uA Feature:ESD Protection；Surge Protection；Low ESR；Ther","",""
"U83","X1270WV-2X08B-6TV01","JLCImport:X1270WV-2X08B-6TV01","https://datasheet.lcsc.com/lcsc/2201191230_XKB-Connectivity-X1270WV-2x05B-6TV01_C2962225.pdf","XKB Connection(中国星坤)","X1270WV-2x08B-9TV01","C5147219","","","",""
"U84","PMEG10030ELPX","5v rail sm-easyedapro:SOD-128_L3.7-W2.5-LS4.7-RD","https://item.szlcsc.com/datasheet/PMEG10030ELPX/5982261.html","Nexperia(安世)","PMEG10030ELPX","","电压:100V 电流:3A","Diode Configuration:1 Independent Voltage - Forward(Vf@If):770mV@3A Voltage - DC Reverse(Vr):100V Current - Rectified:3A Reverse Leakage Current (Ir):450nA@100V Non-Repetitive Peak Forward Surge Current:70A","",""
"U85","PCAL6524HEAZ","5v rail sm-easyedapro:HQFN-32_L5.0-W5.0-P0.50-BL-EP3.0","https://www.nxp.com/docs/en/data-sheet/PCAL6524DS.pdf","NXP(恩智浦)","PCAL6524HEAZ","","具备灵活I/O特性、中断输出和复位功能的超低压转换24位Fm+ I²C总线/SMBus I/O扩展器","Interface:I2C；SMBus Number of I/O:24 Interrupt Output:Interrupt Output Output Type:Open Drain；Push-Pull Voltage - Supply:1.65V~5.5V；800mV~3.6V Voltage - Supply:1.65V~5.5V；800mV~3.6V Current - Output Low(IOL):25mA Clock Frequency:1MHz Operating Temperature","",""
"U86","~","Jumper:SolderJumper-2_P1.3mm_Open_Pad1.0x1.5mm","~","","","","","Jumper, 2-pole, open","",""
"U87","~","Jumper:SolderJumper-2_P1.3mm_Open_Pad1.0x1.5mm","~","","","","","Jumper, 2-pole, open","",""
"U88","~","Jumper:SolderJumper-2_P1.3mm_Bridged_Pad1.0x1.5mm","~","","","","","Jumper, 2-pole, closed/bridged","",""
"U89","~","Jumper:SolderJumper-2_P1.3mm_Bridged_Pad1.0x1.5mm","~","","","","","Jumper, 2-pole, closed/bridged","",""
"U90","PCAL6524HEAZ","5v rail sm-easyedapro:HQFN-32_L5.0-W5.0-P0.50-BL-EP3.0","https://www.nxp.com/docs/en/data-sheet/PCAL6524DS.pdf","NXP(恩智浦)","PCAL6524HEAZ","","具备灵活I/O特性、中断输出和复位功能的超低压转换24位Fm+ I²C总线/SMBus I/O扩展器","Interface:I2C；SMBus Number of I/O:24 Interrupt Output:Interrupt Output Output Type:Open Drain；Push-Pull Voltage - Supply:1.65V~5.5V；800mV~3.6V Voltage - Supply:1.65V~5.5V；800mV~3.6V Current - Output Low(IOL):25mA Clock Frequency:1MHz Operating Temperature","",""
"U91","~","Jumper:SolderJumper-2_P1.3mm_Open_Pad1.0x1.5mm","~","","","","","Jumper, 2-pole, open","",""
"U92","~","Jumper:SolderJumper-2_P1.3mm_Open_Pad1.0x1.5mm","~","","","","","Jumper, 2-pole, open","",""
"U93","~","Jumper:SolderJumper-2_P1.3mm_Bridged_Pad1.0x1.5mm","~","","","","","Jumper, 2-pole, closed/bridged","",""
"U94","~","Jumper:SolderJumper-2_P1.3mm_Bridged_Pad1.0x1.5mm","~","","","","","Jumper, 2-pole, closed/bridged","",""
"USB1","TYPE-C_6P_073","JLCImport:TYPE-C_6P_073","https://item.szlcsc.com/datasheet/TYPE-C%25206P(073)/698566.html?spm=sc.gbn.xds.a___sc.gbn.hd.ss&lcsc_vid=EQBYUQdeRgIPX1NRRlZZBVMEQwRcXgdfFlRdVAdeRAIxVlNTR1FbVFJXR1BYUDsOAxUeFF5JWBIBSRccGwIdBEoFGAxBAAgJFQACSQwSGg0%3D","SHOU HAN(首韩)","TYPE-C 6P(073)","C668623","","","",""
"USBC-5V-BUCK1","PZ254V-11-02P","5v rail sm-easyedapro:HDR-TH_2P-P2.54-V-M","https://item.szlcsc.com/datasheet/PZ254V-11-02P/502957.html","XFCN(兴飞)","PZ254V-11-02P","","1x2P 间距:2.54mm 方针 直插","Pin Structure:1x2P Pitch:2.54mm Row Spacing:- Circluar Pins/Square Pins:Pin Header Mounting Type:Through Hole Number of Rows:1 Number of Pins:2P Current Rating:- Voltage Rating (Max):- Length of Mating Pin:6mm Insulation Height:2.5mm Length of End Connect","",""
"USBC1","TYPE-C-31-M-12","5v rail sm-easyedapro:USB-C_SMD-TYPE-C-31-M-12","https://atta.szlcsc.com/upload/public/pdf/source/20220525/466408E853115E789EDB0DDC29077C05.pdf","韩国韩荣","TYPE-C-31-M-12","","Type-C 母","Connector Type:Type-C Standard:- Gender:Female Mounting Style:- Number of Contacts:16P Number of Ports:1 Current Rating - Power (Max):5A Operating Temperature Range:- Operating Temperature Range:-","",""
"USBC_SCL1","~","Jumper:SolderJumper-2_P1.3mm_Open_Pad1.0x1.5mm","~","","","","","Jumper, 2-pole, open","",""
"USBC_SDA1","~","Jumper:SolderJumper-2_P1.3mm_Open_Pad1.0x1.5mm","~","","","","","Jumper, 2-pole, open","",""
"warninglogo1","~","Symbol:Symbol_Attention_Triangle_8x7mm_Copper","","","","","","","",""
"wasplogo1","~","5v rail sm-easyedapro:wasplogo","","","","","","","",""
"ZD1","BZT52C12_C43491","JLCImport:BZT52C12_C43491","https://item.szlcsc.com/301422.html","CJ(江苏长电/长晶)","BZT52C12","C43491","","1.25T-16PWB","",""
